=== NURBS Preprocessing Pipeline for Tray-000 (40 pieces) ===
Started: Thu 23 Oct 2025 13:27:44 AEDT
Job ID: 16994938
=== Step 0: Verify Input Data ===
CloudCompare PCD files:
Found 40 PCD files in Pot_A/
Verification passed: 40 PCD files ready for NURBS processing
Cleaning previous NURBS outputs for Pot_A...
Removing old surface files (.xyz)...
Removing old intermediate PLY files...
Removing old breakline and surface files...
Removing old segment files...
Removing old axis files...
=== Step 1: NURBS Surface Generation (40 pieces) ===
This will take approximately 2-3 hours for 40 pieces...
Running NURBS MeshPreprocessingHeadless...
Copied Point file: Pot_A_Piece_01_Point.pcd
Copied Mesh file: Pot_A_Piece_01_Mesh.obj

Selected file: Dataset/Point/Pot_A/Pot_A_Piece_01_Point.pcd
[DEBUG getNormalsOnSurface] Starting function. Input points: 8045
[DEBUG getNormalsOnSurface] Creating Eigen matrix...
[DEBUG getNormalsOnSurface] Writing matrix to XYZ file...
[DEBUG getNormalsOnSurface] Reading XYZ file: fileForNormalEst_Sampled.xyz
[DEBUG getNormalsOnSurface] XYZ file read successfully. Points loaded: 8045
[ADAPTIVE CGAL] Using 8 neighbors for 8045 points (density-aware)
[DEBUG getNormalsOnSurface] PCA normal estimation complete.
[DEBUG getNormalsOnSurface] Orienting normals with MST...
[DEBUG getNormalsOnSurface] MST orientation complete.
[DEBUG getNormalsOnSurface] Erased unoriented points. Remaining: 8045
[DEBUG getNormalsOnSurface] Computing curvature for 8045 points...
[ADAPTIVE CURVATURE] Using K=26 for 8045 points
[DEBUG getNormalsOnSurface] Curvature computation complete.
[DEBUG getNormalsOnSurface] Saving PLY in ASCII mode...
[DEBUG downsamplePointCloud] Saving PLY in ASCII mode to avoid camera data issues...
Starting processing on: Dataset/Point/Pot_A/Pot_A_Piece_01_Point.pcd
Starting surface segmentation on: Temp/Data/Pot_A/Pot_A_Piece_01_SampledWithNormals.ply
[DEBUG] Loading PLY file: Temp/Data/Pot_A/Pot_A_Piece_01_SampledWithNormals.ply
[DEBUG] PLY file loaded successfully. Points: 8045
[DEBUG] Converting PointNormal to PointXYZ...
[DEBUG] Conversion complete. Cloud size: 8045
[DEBUG] Calling getNormalsOnSurface...
[DEBUG] Input cloud size: 8045
[DEBUG getNormalsOnSurface] Starting function. Input points: 8045
[DEBUG getNormalsOnSurface] Creating Eigen matrix...
[DEBUG getNormalsOnSurface] Writing matrix to XYZ file...
[DEBUG getNormalsOnSurface] Reading XYZ file: fileForNormalEst_Sampled.xyz
[DEBUG getNormalsOnSurface] XYZ file read successfully. Points loaded: 8045
[ADAPTIVE CGAL] Using 8 neighbors for 8045 points (density-aware)
[DEBUG getNormalsOnSurface] PCA normal estimation complete.
[DEBUG getNormalsOnSurface] Orienting normals with MST...
[DEBUG getNormalsOnSurface] MST orientation complete.
[DEBUG getNormalsOnSurface] Erased unoriented points. Remaining: 8045
[DEBUG getNormalsOnSurface] Computing curvature for 8045 points...
[ADAPTIVE CURVATURE] Using K=26 for 8045 points
[DEBUG getNormalsOnSurface] Curvature computation complete.
[DEBUG getNormalsOnSurface] Saving PLY in ASCII mode...
[DEBUG] getNormalsOnSurface completed successfully. Result points: 8045
[DEBUG] Extracting normals from sampled cloud...

Total points: 8045
Number of clusters is equal to 3
Points in 
Cluster 1 : 2651
Cluster 2 : 2534
Cluster 3 : 59
Points in two clusters / Total Points in Pointcloud: 64.45%
Points in two clusters / Total Points in all clusters: 98.87%
Calling mergeClusters function.
mergeClusters function called.
Sampled indices: 595 937 126 781 930 2463 1811 1779 1845 2465 2316 2363 574 2319 2601 31 1757 225 1854 913 221 2135 1034 1804 31 231 2407 469 1817 503 
Normals flipped: true
  loading cloudForSpline.pcd
  2651 points in data set
  surface fitting ...
  loading cloudForSpline.pcd
  2534 points in data set
  surface fitting ...
[DEBUG] Saving surface cluster PLY files in ASCII mode...
[ADAPTIVE CLUSTER 1] N=2801, min=10, max=8403
PointCloud representing the Cluster: 2801 data points.
[ADAPTIVE BOUNDARY] Cluster 0 has 2801 points, spacing≈18.89mm, boundary_r=15mm
Successfully found 3 clusters after 1 iterations.
Ply to XYZ start

Time after processing: 4.286 seconds
Copied Point file: Pot_A_Piece_02_Point.pcd
Copied Mesh file: Pot_A_Piece_02_Mesh.obj

Selected file: Dataset/Point/Pot_A/Pot_A_Piece_02_Point.pcd
[DEBUG getNormalsOnSurface] Starting function. Input points: 10240
[DEBUG getNormalsOnSurface] Creating Eigen matrix...
[DEBUG getNormalsOnSurface] Writing matrix to XYZ file...
[DEBUG getNormalsOnSurface] Reading XYZ file: fileForNormalEst_Sampled.xyz
[DEBUG getNormalsOnSurface] XYZ file read successfully. Points loaded: 10240
[ADAPTIVE CGAL] Using 10 neighbors for 10240 points (density-aware)
[DEBUG getNormalsOnSurface] PCA normal estimation complete.
[DEBUG getNormalsOnSurface] Orienting normals with MST...
[DEBUG getNormalsOnSurface] MST orientation complete.
[DEBUG getNormalsOnSurface] Erased unoriented points. Remaining: 10240
[DEBUG getNormalsOnSurface] Computing curvature for 10240 points...
[ADAPTIVE CURVATURE] Using K=34 for 10240 points
[DEBUG getNormalsOnSurface] Curvature computation complete.
[DEBUG getNormalsOnSurface] Saving PLY in ASCII mode...
[DEBUG downsamplePointCloud] Saving PLY in ASCII mode to avoid camera data issues...
Starting processing on: Dataset/Point/Pot_A/Pot_A_Piece_02_Point.pcd
Starting surface segmentation on: Temp/Data/Pot_A/Pot_A_Piece_02_SampledWithNormals.ply
[DEBUG] Loading PLY file: Temp/Data/Pot_A/Pot_A_Piece_02_SampledWithNormals.ply
[DEBUG] PLY file loaded successfully. Points: 10240
[DEBUG] Converting PointNormal to PointXYZ...
[DEBUG] Conversion complete. Cloud size: 10240
[DEBUG] Calling getNormalsOnSurface...
[DEBUG] Input cloud size: 10240
[DEBUG getNormalsOnSurface] Starting function. Input points: 10240
[DEBUG getNormalsOnSurface] Creating Eigen matrix...
[DEBUG getNormalsOnSurface] Writing matrix to XYZ file...
[DEBUG getNormalsOnSurface] Reading XYZ file: fileForNormalEst_Sampled.xyz
[DEBUG getNormalsOnSurface] XYZ file read successfully. Points loaded: 10240
[ADAPTIVE CGAL] Using 10 neighbors for 10240 points (density-aware)
[DEBUG getNormalsOnSurface] PCA normal estimation complete.
[DEBUG getNormalsOnSurface] Orienting normals with MST...
[DEBUG getNormalsOnSurface] MST orientation complete.
[DEBUG getNormalsOnSurface] Erased unoriented points. Remaining: 10240
[DEBUG getNormalsOnSurface] Computing curvature for 10240 points...
[ADAPTIVE CURVATURE] Using K=34 for 10240 points
[DEBUG getNormalsOnSurface] Curvature computation complete.
[DEBUG getNormalsOnSurface] Saving PLY in ASCII mode...
[DEBUG] getNormalsOnSurface completed successfully. Result points: 10240
[DEBUG] Extracting normals from sampled cloud...

Total points: 10240
Number of clusters is equal to 9
Points in 
Cluster 1 : 3139
Cluster 2 : 2972
Cluster 3 : 521
Cluster 4 : 207
Cluster 5 : 80
Cluster 6 : 73
Cluster 7 : 61
Cluster 8 : 59
Cluster 9 : 56
Points in two clusters / Total Points in Pointcloud: 59.68%
Points in two clusters / Total Points in all clusters: 85.25%
Calling mergeClusters function.
mergeClusters function called.
Condition 1 (closest point pairs) passed for clusters 0 and 5
Condition 2 (normal vector similarity) passed for clusters 0 and 5
Condition 3 (boundary curvature similarity) passed for clusters 0 and 5
Verification failed (innerPoint selection) for clusters 0 and 5
Sampled indices: 2358 1026 1253 313 2551 1573 3088 72 1983 1344 2485 548 316 968 1580 1147 1395 2448 1090 2906 1771 1420 2764 2271 75 170 2185 762 764 2852 
Normals flipped: true
  loading cloudForSpline.pcd
  3139 points in data set
  surface fitting ...
  loading cloudForSpline.pcd
  2972 points in data set
  surface fitting ...
[DEBUG] Saving surface cluster PLY files in ASCII mode...
[ADAPTIVE CLUSTER 1] N=3072, min=10, max=9216
PointCloud representing the Cluster: 3072 data points.
[ADAPTIVE BOUNDARY] Cluster 0 has 3072 points, spacing≈18.04mm, boundary_r=15mm
Successfully found 9 clusters after 1 iterations.
Ply to XYZ start

Time after processing: 5.947 seconds
Copied Point file: Pot_A_Piece_03_Point.pcd
Copied Mesh file: Pot_A_Piece_03_Mesh.obj

Selected file: Dataset/Point/Pot_A/Pot_A_Piece_03_Point.pcd
[DEBUG getNormalsOnSurface] Starting function. Input points: 9237
[DEBUG getNormalsOnSurface] Creating Eigen matrix...
[DEBUG getNormalsOnSurface] Writing matrix to XYZ file...
[DEBUG getNormalsOnSurface] Reading XYZ file: fileForNormalEst_Sampled.xyz
[DEBUG getNormalsOnSurface] XYZ file read successfully. Points loaded: 9237
[ADAPTIVE CGAL] Using 9 neighbors for 9237 points (density-aware)
[DEBUG getNormalsOnSurface] PCA normal estimation complete.
[DEBUG getNormalsOnSurface] Orienting normals with MST...
[DEBUG getNormalsOnSurface] MST orientation complete.
[DEBUG getNormalsOnSurface] Erased unoriented points. Remaining: 9237
[DEBUG getNormalsOnSurface] Computing curvature for 9237 points...
[ADAPTIVE CURVATURE] Using K=30 for 9237 points
[DEBUG getNormalsOnSurface] Curvature computation complete.
[DEBUG getNormalsOnSurface] Saving PLY in ASCII mode...
[DEBUG downsamplePointCloud] Saving PLY in ASCII mode to avoid camera data issues...
Starting processing on: Dataset/Point/Pot_A/Pot_A_Piece_03_Point.pcd
Starting surface segmentation on: Temp/Data/Pot_A/Pot_A_Piece_03_SampledWithNormals.ply
[DEBUG] Loading PLY file: Temp/Data/Pot_A/Pot_A_Piece_03_SampledWithNormals.ply
[DEBUG] PLY file loaded successfully. Points: 9237
[DEBUG] Converting PointNormal to PointXYZ...
[DEBUG] Conversion complete. Cloud size: 9237
[DEBUG] Calling getNormalsOnSurface...
[DEBUG] Input cloud size: 9237
[DEBUG getNormalsOnSurface] Starting function. Input points: 9237
[DEBUG getNormalsOnSurface] Creating Eigen matrix...
[DEBUG getNormalsOnSurface] Writing matrix to XYZ file...
[DEBUG getNormalsOnSurface] Reading XYZ file: fileForNormalEst_Sampled.xyz
[DEBUG getNormalsOnSurface] XYZ file read successfully. Points loaded: 9237
[ADAPTIVE CGAL] Using 9 neighbors for 9237 points (density-aware)
[DEBUG getNormalsOnSurface] PCA normal estimation complete.
[DEBUG getNormalsOnSurface] Orienting normals with MST...
[DEBUG getNormalsOnSurface] MST orientation complete.
[DEBUG getNormalsOnSurface] Erased unoriented points. Remaining: 9237
[DEBUG getNormalsOnSurface] Computing curvature for 9237 points...
[ADAPTIVE CURVATURE] Using K=30 for 9237 points
[DEBUG getNormalsOnSurface] Curvature computation complete.
[DEBUG getNormalsOnSurface] Saving PLY in ASCII mode...
[DEBUG] getNormalsOnSurface completed successfully. Result points: 9237
[DEBUG] Extracting normals from sampled cloud...

Total points: 9237
Number of clusters is equal to 4
Points in 
Cluster 1 : 3083
Cluster 2 : 1992
Cluster 3 : 1546
Cluster 4 : 76
Points in two clusters / Total Points in Pointcloud: 54.94%
Points in two clusters / Total Points in all clusters: 75.78%
Calling mergeClusters function.
mergeClusters function called.
Sampled indices: 2720 600 2929 2296 400 1545 2252 2193 612 1801 3052 2291 2174 1151 1505 2568 1429 1540 1468 2868 1115 1668 1183 2849 912 1348 1518 2916 308 2139 
Normals flipped: true
  loading cloudForSpline.pcd
  3083 points in data set
  surface fitting ...
  loading cloudForSpline.pcd
  1992 points in data set
  surface fitting ...
[DEBUG] Saving surface cluster PLY files in ASCII mode...
[ADAPTIVE CLUSTER 1] N=2540, min=10, max=7620
PointCloud representing the Cluster: 2540 data points.
[ADAPTIVE BOUNDARY] Cluster 0 has 2540 points, spacing≈19.84mm, boundary_r=15mm
Successfully found 4 clusters after 1 iterations.
Ply to XYZ start

Time after processing: 4.047 seconds
Copied Point file: Pot_A_Piece_04_Point.pcd
Copied Mesh file: Pot_A_Piece_04_Mesh.obj

Selected file: Dataset/Point/Pot_A/Pot_A_Piece_04_Point.pcd
[DEBUG getNormalsOnSurface] Starting function. Input points: 10794
[DEBUG getNormalsOnSurface] Creating Eigen matrix...
[DEBUG getNormalsOnSurface] Writing matrix to XYZ file...
[DEBUG getNormalsOnSurface] Reading XYZ file: fileForNormalEst_Sampled.xyz
[DEBUG getNormalsOnSurface] XYZ file read successfully. Points loaded: 10794
[ADAPTIVE CGAL] Using 10 neighbors for 10794 points (density-aware)
[DEBUG getNormalsOnSurface] PCA normal estimation complete.
[DEBUG getNormalsOnSurface] Orienting normals with MST...
[DEBUG getNormalsOnSurface] MST orientation complete.
[DEBUG getNormalsOnSurface] Erased unoriented points. Remaining: 10794
[DEBUG getNormalsOnSurface] Computing curvature for 10794 points...
[ADAPTIVE CURVATURE] Using K=35 for 10794 points
[DEBUG getNormalsOnSurface] Curvature computation complete.
[DEBUG getNormalsOnSurface] Saving PLY in ASCII mode...
[DEBUG downsamplePointCloud] Saving PLY in ASCII mode to avoid camera data issues...
Starting processing on: Dataset/Point/Pot_A/Pot_A_Piece_04_Point.pcd
Starting surface segmentation on: Temp/Data/Pot_A/Pot_A_Piece_04_SampledWithNormals.ply
[DEBUG] Loading PLY file: Temp/Data/Pot_A/Pot_A_Piece_04_SampledWithNormals.ply
[DEBUG] PLY file loaded successfully. Points: 10794
[DEBUG] Converting PointNormal to PointXYZ...
[DEBUG] Conversion complete. Cloud size: 10794
[DEBUG] Calling getNormalsOnSurface...
[DEBUG] Input cloud size: 10794
[DEBUG getNormalsOnSurface] Starting function. Input points: 10794
[DEBUG getNormalsOnSurface] Creating Eigen matrix...
[DEBUG getNormalsOnSurface] Writing matrix to XYZ file...
[DEBUG getNormalsOnSurface] Reading XYZ file: fileForNormalEst_Sampled.xyz
[DEBUG getNormalsOnSurface] XYZ file read successfully. Points loaded: 10794
[ADAPTIVE CGAL] Using 10 neighbors for 10794 points (density-aware)
[DEBUG getNormalsOnSurface] PCA normal estimation complete.
[DEBUG getNormalsOnSurface] Orienting normals with MST...
[DEBUG getNormalsOnSurface] MST orientation complete.
[DEBUG getNormalsOnSurface] Erased unoriented points. Remaining: 10794
[DEBUG getNormalsOnSurface] Computing curvature for 10794 points...
[ADAPTIVE CURVATURE] Using K=35 for 10794 points
[DEBUG getNormalsOnSurface] Curvature computation complete.
[DEBUG getNormalsOnSurface] Saving PLY in ASCII mode...
[DEBUG] getNormalsOnSurface completed successfully. Result points: 10794
[DEBUG] Extracting normals from sampled cloud...

Total points: 10794
Number of clusters is equal to 8
Points in 
Cluster 1 : 3491
Cluster 2 : 3202
Cluster 3 : 949
Cluster 4 : 255
Cluster 5 : 63
Cluster 6 : 62
Cluster 7 : 51
Cluster 8 : 51
Points in two clusters / Total Points in Pointcloud: 62.01%
Points in two clusters / Total Points in all clusters: 82.39%
Calling mergeClusters function.
mergeClusters function called.
Sampled indices: 2045 3051 3422 2730 1725 2369 536 2832 2902 2166 1535 1376 3022 1013 83 2210 1689 3157 3354 2175 3395 600 847 3200 1010 159 2598 1498 1734 325 
Normals flipped: true
  loading cloudForSpline.pcd
  3491 points in data set
  surface fitting ...
  loading cloudForSpline.pcd
  3202 points in data set
  surface fitting ...
[DEBUG] Saving surface cluster PLY files in ASCII mode...
[ADAPTIVE CLUSTER 1] N=2670, min=10, max=8010
PointCloud representing the Cluster: 2670 data points.
[ADAPTIVE BOUNDARY] Cluster 0 has 2670 points, spacing≈19.35mm, boundary_r=15mm
Successfully found 8 clusters after 1 iterations.
Ply to XYZ start

Time after processing: 5.274 seconds
Copied Point file: Pot_A_Piece_05_Point.pcd
Copied Mesh file: Pot_A_Piece_05_Mesh.obj

Selected file: Dataset/Point/Pot_A/Pot_A_Piece_05_Point.pcd
[DEBUG getNormalsOnSurface] Starting function. Input points: 8491
[DEBUG getNormalsOnSurface] Creating Eigen matrix...
[DEBUG getNormalsOnSurface] Writing matrix to XYZ file...
[DEBUG getNormalsOnSurface] Reading XYZ file: fileForNormalEst_Sampled.xyz
[DEBUG getNormalsOnSurface] XYZ file read successfully. Points loaded: 8491
[ADAPTIVE CGAL] Using 8 neighbors for 8491 points (density-aware)
[DEBUG getNormalsOnSurface] PCA normal estimation complete.
[DEBUG getNormalsOnSurface] Orienting normals with MST...
[DEBUG getNormalsOnSurface] MST orientation complete.
[DEBUG getNormalsOnSurface] Erased unoriented points. Remaining: 8491
[DEBUG getNormalsOnSurface] Computing curvature for 8491 points...
[ADAPTIVE CURVATURE] Using K=28 for 8491 points
[DEBUG getNormalsOnSurface] Curvature computation complete.
[DEBUG getNormalsOnSurface] Saving PLY in ASCII mode...
[DEBUG downsamplePointCloud] Saving PLY in ASCII mode to avoid camera data issues...
Starting processing on: Dataset/Point/Pot_A/Pot_A_Piece_05_Point.pcd
Starting surface segmentation on: Temp/Data/Pot_A/Pot_A_Piece_05_SampledWithNormals.ply
[DEBUG] Loading PLY file: Temp/Data/Pot_A/Pot_A_Piece_05_SampledWithNormals.ply
[DEBUG] PLY file loaded successfully. Points: 8491
[DEBUG] Converting PointNormal to PointXYZ...
[DEBUG] Conversion complete. Cloud size: 8491
[DEBUG] Calling getNormalsOnSurface...
[DEBUG] Input cloud size: 8491
[DEBUG getNormalsOnSurface] Starting function. Input points: 8491
[DEBUG getNormalsOnSurface] Creating Eigen matrix...
[DEBUG getNormalsOnSurface] Writing matrix to XYZ file...
[DEBUG getNormalsOnSurface] Reading XYZ file: fileForNormalEst_Sampled.xyz
[DEBUG getNormalsOnSurface] XYZ file read successfully. Points loaded: 8491
[ADAPTIVE CGAL] Using 8 neighbors for 8491 points (density-aware)
[DEBUG getNormalsOnSurface] PCA normal estimation complete.
[DEBUG getNormalsOnSurface] Orienting normals with MST...
[DEBUG getNormalsOnSurface] MST orientation complete.
[DEBUG getNormalsOnSurface] Erased unoriented points. Remaining: 8491
[DEBUG getNormalsOnSurface] Computing curvature for 8491 points...
[ADAPTIVE CURVATURE] Using K=28 for 8491 points
[DEBUG getNormalsOnSurface] Curvature computation complete.
[DEBUG getNormalsOnSurface] Saving PLY in ASCII mode...
[DEBUG] getNormalsOnSurface completed successfully. Result points: 8491
[DEBUG] Extracting normals from sampled cloud...

Total points: 8491
Number of clusters is equal to 3
Points in 
Cluster 1 : 3054
Cluster 2 : 2904
Cluster 3 : 53
Points in two clusters / Total Points in Pointcloud: 70.17%
Points in two clusters / Total Points in all clusters: 99.12%
Calling mergeClusters function.
mergeClusters function called.
Sampled indices: 2781 2310 1772 2275 671 2767 1123 1858 2500 1771 1532 335 2946 186 1027 1443 2614 182 1271 614 2768 2891 1827 2158 1436 2982 2240 923 2963 467 
Normals flipped: true
  loading cloudForSpline.pcd
  3054 points in data set
  surface fitting ...
  loading cloudForSpline.pcd
  2904 points in data set
  surface fitting ...
[DEBUG] Saving surface cluster PLY files in ASCII mode...
[ADAPTIVE CLUSTER 1] N=2480, min=10, max=7440
PointCloud representing the Cluster: 2480 data points.
[ADAPTIVE BOUNDARY] Cluster 0 has 2480 points, spacing≈20.08mm, boundary_r=15mm
Successfully found 3 clusters after 1 iterations.
Ply to XYZ start

Time after processing: 3.949 seconds
Copied Point file: Pot_A_Piece_06_Point.pcd
Copied Mesh file: Pot_A_Piece_06_Mesh.obj

Selected file: Dataset/Point/Pot_A/Pot_A_Piece_06_Point.pcd
[DEBUG getNormalsOnSurface] Starting function. Input points: 7916
[DEBUG getNormalsOnSurface] Creating Eigen matrix...
[DEBUG getNormalsOnSurface] Writing matrix to XYZ file...
[DEBUG getNormalsOnSurface] Reading XYZ file: fileForNormalEst_Sampled.xyz
[DEBUG getNormalsOnSurface] XYZ file read successfully. Points loaded: 7916
[ADAPTIVE CGAL] Using 7 neighbors for 7916 points (density-aware)
[DEBUG getNormalsOnSurface] PCA normal estimation complete.
[DEBUG getNormalsOnSurface] Orienting normals with MST...
[DEBUG getNormalsOnSurface] MST orientation complete.
[DEBUG getNormalsOnSurface] Erased unoriented points. Remaining: 7916
[DEBUG getNormalsOnSurface] Computing curvature for 7916 points...
[ADAPTIVE CURVATURE] Using K=26 for 7916 points
[DEBUG getNormalsOnSurface] Curvature computation complete.
[DEBUG getNormalsOnSurface] Saving PLY in ASCII mode...
[DEBUG downsamplePointCloud] Saving PLY in ASCII mode to avoid camera data issues...
Starting processing on: Dataset/Point/Pot_A/Pot_A_Piece_06_Point.pcd
Starting surface segmentation on: Temp/Data/Pot_A/Pot_A_Piece_06_SampledWithNormals.ply
[DEBUG] Loading PLY file: Temp/Data/Pot_A/Pot_A_Piece_06_SampledWithNormals.ply
[DEBUG] PLY file loaded successfully. Points: 7916
[DEBUG] Converting PointNormal to PointXYZ...
[DEBUG] Conversion complete. Cloud size: 7916
[DEBUG] Calling getNormalsOnSurface...
[DEBUG] Input cloud size: 7916
[DEBUG getNormalsOnSurface] Starting function. Input points: 7916
[DEBUG getNormalsOnSurface] Creating Eigen matrix...
[DEBUG getNormalsOnSurface] Writing matrix to XYZ file...
[DEBUG getNormalsOnSurface] Reading XYZ file: fileForNormalEst_Sampled.xyz
[DEBUG getNormalsOnSurface] XYZ file read successfully. Points loaded: 7916
[ADAPTIVE CGAL] Using 7 neighbors for 7916 points (density-aware)
[DEBUG getNormalsOnSurface] PCA normal estimation complete.
[DEBUG getNormalsOnSurface] Orienting normals with MST...
[DEBUG getNormalsOnSurface] MST orientation complete.
[DEBUG getNormalsOnSurface] Erased unoriented points. Remaining: 7916
[DEBUG getNormalsOnSurface] Computing curvature for 7916 points...
[ADAPTIVE CURVATURE] Using K=26 for 7916 points
[DEBUG getNormalsOnSurface] Curvature computation complete.
[DEBUG getNormalsOnSurface] Saving PLY in ASCII mode...
[DEBUG] getNormalsOnSurface completed successfully. Result points: 7916
[DEBUG] Extracting normals from sampled cloud...

Total points: 7916
Number of clusters is equal to 6
Points in 
Cluster 1 : 2347
Cluster 2 : 1668
Cluster 3 : 725
Cluster 4 : 61
Cluster 5 : 61
Cluster 6 : 53
Points in two clusters / Total Points in Pointcloud: 50.72%
Points in two clusters / Total Points in all clusters: 81.69%
Calling mergeClusters function.
mergeClusters function called.
Condition 1 (closest point pairs) passed for clusters 2 and 3
Condition 2 (normal vector similarity) passed for clusters 2 and 3
Condition 3 (boundary curvature similarity) passed for clusters 2 and 3
Verification failed (innerPoint selection) for clusters 2 and 3
Condition 1 (closest point pairs) passed for clusters 2 and 4
Condition 2 (normal vector similarity) passed for clusters 2 and 4
Condition 3 (boundary curvature similarity) passed for clusters 2 and 4
Verification failed (innerPoint selection) for clusters 2 and 4
Sampled indices: 1892 279 15 47 819 2245 2026 2262 1424 1704 943 480 1497 926 1349 858 138 1374 1993 630 692 743 1134 11 1275 689 2097 1678 1848 973 
Normals flipped: true
  loading cloudForSpline.pcd
  2347 points in data set
  surface fitting ...
  loading cloudForSpline.pcd
  1668 points in data set
  surface fitting ...
[DEBUG] Saving surface cluster PLY files in ASCII mode...
[ADAPTIVE CLUSTER 1] N=3001, min=10, max=9003
PointCloud representing the Cluster: 3001 data points.
[ADAPTIVE BOUNDARY] Cluster 0 has 3001 points, spacing≈18.25mm, boundary_r=15mm
Successfully found 6 clusters after 1 iterations.
Ply to XYZ start

Time after processing: 4.844 seconds
Copied Point file: Pot_A_Piece_07_Point.pcd
Copied Mesh file: Pot_A_Piece_07_Mesh.obj

Selected file: Dataset/Point/Pot_A/Pot_A_Piece_07_Point.pcd
[DEBUG getNormalsOnSurface] Starting function. Input points: 11312
[DEBUG getNormalsOnSurface] Creating Eigen matrix...
[DEBUG getNormalsOnSurface] Writing matrix to XYZ file...
[DEBUG getNormalsOnSurface] Reading XYZ file: fileForNormalEst_Sampled.xyz
[DEBUG getNormalsOnSurface] XYZ file read successfully. Points loaded: 11312
[ADAPTIVE CGAL] Using 11 neighbors for 11312 points (density-aware)
[DEBUG getNormalsOnSurface] PCA normal estimation complete.
[DEBUG getNormalsOnSurface] Orienting normals with MST...
[DEBUG getNormalsOnSurface] MST orientation complete.
[DEBUG getNormalsOnSurface] Erased unoriented points. Remaining: 11312
[DEBUG getNormalsOnSurface] Computing curvature for 11312 points...
[ADAPTIVE CURVATURE] Using K=37 for 11312 points
[DEBUG getNormalsOnSurface] Curvature computation complete.
[DEBUG getNormalsOnSurface] Saving PLY in ASCII mode...
[DEBUG downsamplePointCloud] Saving PLY in ASCII mode to avoid camera data issues...
Starting processing on: Dataset/Point/Pot_A/Pot_A_Piece_07_Point.pcd
Starting surface segmentation on: Temp/Data/Pot_A/Pot_A_Piece_07_SampledWithNormals.ply
[DEBUG] Loading PLY file: Temp/Data/Pot_A/Pot_A_Piece_07_SampledWithNormals.ply
[DEBUG] PLY file loaded successfully. Points: 11312
[DEBUG] Converting PointNormal to PointXYZ...
[DEBUG] Conversion complete. Cloud size: 11312
[DEBUG] Calling getNormalsOnSurface...
[DEBUG] Input cloud size: 11312
[DEBUG getNormalsOnSurface] Starting function. Input points: 11312
[DEBUG getNormalsOnSurface] Creating Eigen matrix...
[DEBUG getNormalsOnSurface] Writing matrix to XYZ file...
[DEBUG getNormalsOnSurface] Reading XYZ file: fileForNormalEst_Sampled.xyz
[DEBUG getNormalsOnSurface] XYZ file read successfully. Points loaded: 11312
[ADAPTIVE CGAL] Using 11 neighbors for 11312 points (density-aware)
[DEBUG getNormalsOnSurface] PCA normal estimation complete.
[DEBUG getNormalsOnSurface] Orienting normals with MST...
[DEBUG getNormalsOnSurface] MST orientation complete.
[DEBUG getNormalsOnSurface] Erased unoriented points. Remaining: 11312
[DEBUG getNormalsOnSurface] Computing curvature for 11312 points...
[ADAPTIVE CURVATURE] Using K=37 for 11312 points
[DEBUG getNormalsOnSurface] Curvature computation complete.
[DEBUG getNormalsOnSurface] Saving PLY in ASCII mode...
[DEBUG] getNormalsOnSurface completed successfully. Result points: 11312
[DEBUG] Extracting normals from sampled cloud...

Total points: 11312
Number of clusters is equal to 7
Points in 
Cluster 1 : 3405
Cluster 2 : 3055
Cluster 3 : 655
Cluster 4 : 113
Cluster 5 : 70
Cluster 6 : 60
Cluster 7 : 58
Points in two clusters / Total Points in Pointcloud: 57.11%
Points in two clusters / Total Points in all clusters: 87.11%
Calling mergeClusters function.
mergeClusters function called.
Condition 1 (closest point pairs) passed for clusters 2 and 3
Condition 2 (normal vector similarity) passed for clusters 2 and 3
Condition 3 (boundary curvature similarity) passed for clusters 2 and 3
Verification failed (innerPoint selection) for clusters 2 and 3
Sampled indices: 2473 2621 890 127 2976 2175 3302 1847 532 2752 655 2795 2184 923 665 2575 2379 2779 312 127 1691 2890 3321 2957 1440 2327 3281 2838 3275 2511 
Normals flipped: true
  loading cloudForSpline.pcd
  3405 points in data set
  surface fitting ...
  loading cloudForSpline.pcd
  3055 points in data set
  surface fitting ...
[DEBUG] Saving surface cluster PLY files in ASCII mode...
[ADAPTIVE CLUSTER 1] N=3896, min=10, max=11688
PointCloud representing the Cluster: 3896 data points.
[ADAPTIVE BOUNDARY] Cluster 0 has 3896 points, spacing≈16.02mm, boundary_r=15mm
Successfully found 7 clusters after 1 iterations.
Ply to XYZ start

Time after processing: 7.594 seconds
Copied Point file: Pot_A_Piece_08_Point.pcd
Copied Mesh file: Pot_A_Piece_08_Mesh.obj

Selected file: Dataset/Point/Pot_A/Pot_A_Piece_08_Point.pcd
[DEBUG getNormalsOnSurface] Starting function. Input points: 9077
[DEBUG getNormalsOnSurface] Creating Eigen matrix...
[DEBUG getNormalsOnSurface] Writing matrix to XYZ file...
[DEBUG getNormalsOnSurface] Reading XYZ file: fileForNormalEst_Sampled.xyz
[DEBUG getNormalsOnSurface] XYZ file read successfully. Points loaded: 9077
[ADAPTIVE CGAL] Using 9 neighbors for 9077 points (density-aware)
[DEBUG getNormalsOnSurface] PCA normal estimation complete.
[DEBUG getNormalsOnSurface] Orienting normals with MST...
[DEBUG getNormalsOnSurface] MST orientation complete.
[DEBUG getNormalsOnSurface] Erased unoriented points. Remaining: 9077
[DEBUG getNormalsOnSurface] Computing curvature for 9077 points...
[ADAPTIVE CURVATURE] Using K=30 for 9077 points
[DEBUG getNormalsOnSurface] Curvature computation complete.
[DEBUG getNormalsOnSurface] Saving PLY in ASCII mode...
[DEBUG downsamplePointCloud] Saving PLY in ASCII mode to avoid camera data issues...
Starting processing on: Dataset/Point/Pot_A/Pot_A_Piece_08_Point.pcd
Starting surface segmentation on: Temp/Data/Pot_A/Pot_A_Piece_08_SampledWithNormals.ply
[DEBUG] Loading PLY file: Temp/Data/Pot_A/Pot_A_Piece_08_SampledWithNormals.ply
[DEBUG] PLY file loaded successfully. Points: 9077
[DEBUG] Converting PointNormal to PointXYZ...
[DEBUG] Conversion complete. Cloud size: 9077
[DEBUG] Calling getNormalsOnSurface...
[DEBUG] Input cloud size: 9077
[DEBUG getNormalsOnSurface] Starting function. Input points: 9077
[DEBUG getNormalsOnSurface] Creating Eigen matrix...
[DEBUG getNormalsOnSurface] Writing matrix to XYZ file...
[DEBUG getNormalsOnSurface] Reading XYZ file: fileForNormalEst_Sampled.xyz
[DEBUG getNormalsOnSurface] XYZ file read successfully. Points loaded: 9077
[ADAPTIVE CGAL] Using 9 neighbors for 9077 points (density-aware)
[DEBUG getNormalsOnSurface] PCA normal estimation complete.
[DEBUG getNormalsOnSurface] Orienting normals with MST...
[DEBUG getNormalsOnSurface] MST orientation complete.
[DEBUG getNormalsOnSurface] Erased unoriented points. Remaining: 9077
[DEBUG getNormalsOnSurface] Computing curvature for 9077 points...
[ADAPTIVE CURVATURE] Using K=30 for 9077 points
[DEBUG getNormalsOnSurface] Curvature computation complete.
[DEBUG getNormalsOnSurface] Saving PLY in ASCII mode...
[DEBUG] getNormalsOnSurface completed successfully. Result points: 9077
[DEBUG] Extracting normals from sampled cloud...

Total points: 9077
Number of clusters is equal to 5
Points in 
Cluster 1 : 2338
Cluster 2 : 2152
Cluster 3 : 920
Cluster 4 : 113
Cluster 5 : 83
Points in two clusters / Total Points in Pointcloud: 49.47%
Points in two clusters / Total Points in all clusters: 80.09%
Calling mergeClusters function.
mergeClusters function called.
Sampled indices: 1640 1778 417 1644 1682 471 2238 1848 1400 2217 55 744 1610 138 1966 1551 1382 1847 470 548 1634 758 2199 639 2185 1383 1405 98 398 47 
Normals flipped: true
  loading cloudForSpline.pcd
  2338 points in data set
  surface fitting ...
  loading cloudForSpline.pcd
  2152 points in data set
  surface fitting ...
[DEBUG] Saving surface cluster PLY files in ASCII mode...
[ADAPTIVE CLUSTER 1] N=3471, min=10, max=10413
PointCloud representing the Cluster: 3471 data points.
[ADAPTIVE BOUNDARY] Cluster 0 has 3471 points, spacing≈16.97mm, boundary_r=15mm
Successfully found 5 clusters after 1 iterations.
Ply to XYZ start

Time after processing: 5.758 seconds
Copied Point file: Pot_A_Piece_09_Point.pcd
Copied Mesh file: Pot_A_Piece_09_Mesh.obj

Selected file: Dataset/Point/Pot_A/Pot_A_Piece_09_Point.pcd
[DEBUG getNormalsOnSurface] Starting function. Input points: 8055
[DEBUG getNormalsOnSurface] Creating Eigen matrix...
[DEBUG getNormalsOnSurface] Writing matrix to XYZ file...
[DEBUG getNormalsOnSurface] Reading XYZ file: fileForNormalEst_Sampled.xyz
[DEBUG getNormalsOnSurface] XYZ file read successfully. Points loaded: 8055
[ADAPTIVE CGAL] Using 8 neighbors for 8055 points (density-aware)
[DEBUG getNormalsOnSurface] PCA normal estimation complete.
[DEBUG getNormalsOnSurface] Orienting normals with MST...
[DEBUG getNormalsOnSurface] MST orientation complete.
[DEBUG getNormalsOnSurface] Erased unoriented points. Remaining: 8055
[DEBUG getNormalsOnSurface] Computing curvature for 8055 points...
[ADAPTIVE CURVATURE] Using K=26 for 8055 points
[DEBUG getNormalsOnSurface] Curvature computation complete.
[DEBUG getNormalsOnSurface] Saving PLY in ASCII mode...
[DEBUG downsamplePointCloud] Saving PLY in ASCII mode to avoid camera data issues...
Starting processing on: Dataset/Point/Pot_A/Pot_A_Piece_09_Point.pcd
Starting surface segmentation on: Temp/Data/Pot_A/Pot_A_Piece_09_SampledWithNormals.ply
[DEBUG] Loading PLY file: Temp/Data/Pot_A/Pot_A_Piece_09_SampledWithNormals.ply
[DEBUG] PLY file loaded successfully. Points: 8055
[DEBUG] Converting PointNormal to PointXYZ...
[DEBUG] Conversion complete. Cloud size: 8055
[DEBUG] Calling getNormalsOnSurface...
[DEBUG] Input cloud size: 8055
[DEBUG getNormalsOnSurface] Starting function. Input points: 8055
[DEBUG getNormalsOnSurface] Creating Eigen matrix...
[DEBUG getNormalsOnSurface] Writing matrix to XYZ file...
[DEBUG getNormalsOnSurface] Reading XYZ file: fileForNormalEst_Sampled.xyz
[DEBUG getNormalsOnSurface] XYZ file read successfully. Points loaded: 8055
[ADAPTIVE CGAL] Using 8 neighbors for 8055 points (density-aware)
[DEBUG getNormalsOnSurface] PCA normal estimation complete.
[DEBUG getNormalsOnSurface] Orienting normals with MST...
[DEBUG getNormalsOnSurface] MST orientation complete.
[DEBUG getNormalsOnSurface] Erased unoriented points. Remaining: 8055
[DEBUG getNormalsOnSurface] Computing curvature for 8055 points...
[ADAPTIVE CURVATURE] Using K=26 for 8055 points
[DEBUG getNormalsOnSurface] Curvature computation complete.
[DEBUG getNormalsOnSurface] Saving PLY in ASCII mode...
[DEBUG] getNormalsOnSurface completed successfully. Result points: 8055
[DEBUG] Extracting normals from sampled cloud...

Total points: 8055
Number of clusters is equal to 6
Points in 
Cluster 1 : 2622
Cluster 2 : 2513
Cluster 3 : 73
Cluster 4 : 54
Cluster 5 : 50
Cluster 6 : 50
Points in two clusters / Total Points in Pointcloud: 63.75%
Points in two clusters / Total Points in all clusters: 95.77%
Calling mergeClusters function.
mergeClusters function called.
Condition 1 (closest point pairs) passed for clusters 1 and 4
Condition 2 (normal vector similarity) passed for clusters 1 and 4
Condition 3 (boundary curvature similarity) passed for clusters 1 and 4
Verification failed (innerPoint selection) for clusters 1 and 4
Sampled indices: 1202 367 779 344 1557 501 2563 200 1874 262 43 2366 2451 1385 2029 1793 158 1353 211 1953 2514 1387 118 943 1472 1928 2397 724 2029 2276 
Normals flipped: true
  loading cloudForSpline.pcd
  2622 points in data set
  surface fitting ...
  loading cloudForSpline.pcd
  2513 points in data set
  surface fitting ...
[DEBUG] Saving surface cluster PLY files in ASCII mode...
[ADAPTIVE CLUSTER 1] N=2693, min=10, max=8079
PointCloud representing the Cluster: 2693 data points.
[ADAPTIVE BOUNDARY] Cluster 0 has 2693 points, spacing≈19.27mm, boundary_r=15mm
Successfully found 6 clusters after 1 iterations.
Ply to XYZ start

Time after processing: 4.21 seconds
Copied Point file: Pot_A_Piece_10_Point.pcd
Copied Mesh file: Pot_A_Piece_10_Mesh.obj

Selected file: Dataset/Point/Pot_A/Pot_A_Piece_10_Point.pcd
[DEBUG getNormalsOnSurface] Starting function. Input points: 8007
[DEBUG getNormalsOnSurface] Creating Eigen matrix...
[DEBUG getNormalsOnSurface] Writing matrix to XYZ file...
[DEBUG getNormalsOnSurface] Reading XYZ file: fileForNormalEst_Sampled.xyz
[DEBUG getNormalsOnSurface] XYZ file read successfully. Points loaded: 8007
[ADAPTIVE CGAL] Using 8 neighbors for 8007 points (density-aware)
[DEBUG getNormalsOnSurface] PCA normal estimation complete.
[DEBUG getNormalsOnSurface] Orienting normals with MST...
[DEBUG getNormalsOnSurface] MST orientation complete.
[DEBUG getNormalsOnSurface] Erased unoriented points. Remaining: 8007
[DEBUG getNormalsOnSurface] Computing curvature for 8007 points...
[ADAPTIVE CURVATURE] Using K=26 for 8007 points
[DEBUG getNormalsOnSurface] Curvature computation complete.
[DEBUG getNormalsOnSurface] Saving PLY in ASCII mode...
[DEBUG downsamplePointCloud] Saving PLY in ASCII mode to avoid camera data issues...
Starting processing on: Dataset/Point/Pot_A/Pot_A_Piece_10_Point.pcd
Starting surface segmentation on: Temp/Data/Pot_A/Pot_A_Piece_10_SampledWithNormals.ply
[DEBUG] Loading PLY file: Temp/Data/Pot_A/Pot_A_Piece_10_SampledWithNormals.ply
[DEBUG] PLY file loaded successfully. Points: 8007
[DEBUG] Converting PointNormal to PointXYZ...
[DEBUG] Conversion complete. Cloud size: 8007
[DEBUG] Calling getNormalsOnSurface...
[DEBUG] Input cloud size: 8007
[DEBUG getNormalsOnSurface] Starting function. Input points: 8007
[DEBUG getNormalsOnSurface] Creating Eigen matrix...
[DEBUG getNormalsOnSurface] Writing matrix to XYZ file...
[DEBUG getNormalsOnSurface] Reading XYZ file: fileForNormalEst_Sampled.xyz
[DEBUG getNormalsOnSurface] XYZ file read successfully. Points loaded: 8007
[ADAPTIVE CGAL] Using 8 neighbors for 8007 points (density-aware)
[DEBUG getNormalsOnSurface] PCA normal estimation complete.
[DEBUG getNormalsOnSurface] Orienting normals with MST...
[DEBUG getNormalsOnSurface] MST orientation complete.
[DEBUG getNormalsOnSurface] Erased unoriented points. Remaining: 8007
[DEBUG getNormalsOnSurface] Computing curvature for 8007 points...
[ADAPTIVE CURVATURE] Using K=26 for 8007 points
[DEBUG getNormalsOnSurface] Curvature computation complete.
[DEBUG getNormalsOnSurface] Saving PLY in ASCII mode...
[DEBUG] getNormalsOnSurface completed successfully. Result points: 8007
[DEBUG] Extracting normals from sampled cloud...

Total points: 8007
Number of clusters is equal to 6
Points in 
Cluster 1 : 2591
Cluster 2 : 2459
Cluster 3 : 90
Cluster 4 : 66
Cluster 5 : 52
Cluster 6 : 51
Points in two clusters / Total Points in Pointcloud: 63.07%
Points in two clusters / Total Points in all clusters: 95.12%
Calling mergeClusters function.
mergeClusters function called.
Sampled indices: 1044 652 219 1447 1160 1918 294 1900 242 2165 128 1187 2026 852 1974 50 1108 237 2523 1882 1900 820 2410 253 628 1928 127 2401 379 572 
Normals flipped: true
  loading cloudForSpline.pcd
  2591 points in data set
  surface fitting ...
  loading cloudForSpline.pcd
  2459 points in data set
  surface fitting ...
[DEBUG] Saving surface cluster PLY files in ASCII mode...
[ADAPTIVE CLUSTER 1] N=2698, min=10, max=8094
PointCloud representing the Cluster: 2698 data points.
[ADAPTIVE BOUNDARY] Cluster 0 has 2698 points, spacing≈19.25mm, boundary_r=15mm
Successfully found 6 clusters after 1 iterations.
Ply to XYZ start

Time after processing: 4.199 seconds
Copied Point file: Pot_A_Piece_11_Point.pcd
Copied Mesh file: Pot_A_Piece_11_Mesh.obj

Selected file: Dataset/Point/Pot_A/Pot_A_Piece_11_Point.pcd
[DEBUG getNormalsOnSurface] Starting function. Input points: 6381
[DEBUG getNormalsOnSurface] Creating Eigen matrix...
[DEBUG getNormalsOnSurface] Writing matrix to XYZ file...
[DEBUG getNormalsOnSurface] Reading XYZ file: fileForNormalEst_Sampled.xyz
[DEBUG getNormalsOnSurface] XYZ file read successfully. Points loaded: 6381
[ADAPTIVE CGAL] Using 6 neighbors for 6381 points (density-aware)
[DEBUG getNormalsOnSurface] PCA normal estimation complete.
[DEBUG getNormalsOnSurface] Orienting normals with MST...
[DEBUG getNormalsOnSurface] MST orientation complete.
[DEBUG getNormalsOnSurface] Erased unoriented points. Remaining: 6381
[DEBUG getNormalsOnSurface] Computing curvature for 6381 points...
[ADAPTIVE CURVATURE] Using K=21 for 6381 points
[DEBUG getNormalsOnSurface] Curvature computation complete.
[DEBUG getNormalsOnSurface] Saving PLY in ASCII mode...
[DEBUG downsamplePointCloud] Saving PLY in ASCII mode to avoid camera data issues...
Starting processing on: Dataset/Point/Pot_A/Pot_A_Piece_11_Point.pcd
Starting surface segmentation on: Temp/Data/Pot_A/Pot_A_Piece_11_SampledWithNormals.ply
[DEBUG] Loading PLY file: Temp/Data/Pot_A/Pot_A_Piece_11_SampledWithNormals.ply
[DEBUG] PLY file loaded successfully. Points: 6381
[DEBUG] Converting PointNormal to PointXYZ...
[DEBUG] Conversion complete. Cloud size: 6381
[DEBUG] Calling getNormalsOnSurface...
[DEBUG] Input cloud size: 6381
[DEBUG getNormalsOnSurface] Starting function. Input points: 6381
[DEBUG getNormalsOnSurface] Creating Eigen matrix...
[DEBUG getNormalsOnSurface] Writing matrix to XYZ file...
[DEBUG getNormalsOnSurface] Reading XYZ file: fileForNormalEst_Sampled.xyz
[DEBUG getNormalsOnSurface] XYZ file read successfully. Points loaded: 6381
[ADAPTIVE CGAL] Using 6 neighbors for 6381 points (density-aware)
[DEBUG getNormalsOnSurface] PCA normal estimation complete.
[DEBUG getNormalsOnSurface] Orienting normals with MST...
[DEBUG getNormalsOnSurface] MST orientation complete.
[DEBUG getNormalsOnSurface] Erased unoriented points. Remaining: 6381
[DEBUG getNormalsOnSurface] Computing curvature for 6381 points...
[ADAPTIVE CURVATURE] Using K=21 for 6381 points
[DEBUG getNormalsOnSurface] Curvature computation complete.
[DEBUG getNormalsOnSurface] Saving PLY in ASCII mode...
[DEBUG] getNormalsOnSurface completed successfully. Result points: 6381
[DEBUG] Extracting normals from sampled cloud...

Total points: 6381
Number of clusters is equal to 3
Points in 
Cluster 1 : 1791
Cluster 2 : 1546
Cluster 3 : 80
Points in two clusters / Total Points in Pointcloud: 52.3%
Points in two clusters / Total Points in all clusters: 97.66%
Calling mergeClusters function.
mergeClusters function called.
Sampled indices: 782 1319 9 853 103 595 1137 108 569 710 337 1744 483 566 164 1492 782 40 751 1653 1016 1478 303 360 1735 983 411 1764 1111 121 
Normals flipped: true
  loading cloudForSpline.pcd
  1791 points in data set
  surface fitting ...
  loading cloudForSpline.pcd
  1546 points in data set
  surface fitting ...
[DEBUG] Saving surface cluster PLY files in ASCII mode...
[ADAPTIVE CLUSTER 1] N=2964, min=10, max=8892
PointCloud representing the Cluster: 2964 data points.
[ADAPTIVE BOUNDARY] Cluster 0 has 2964 points, spacing≈18.37mm, boundary_r=15mm
Successfully found 3 clusters after 1 iterations.
Ply to XYZ start

Time after processing: 4.425 seconds
Copied Point file: Pot_A_Piece_12_Point.pcd
Copied Mesh file: Pot_A_Piece_12_Mesh.obj

Selected file: Dataset/Point/Pot_A/Pot_A_Piece_12_Point.pcd
[DEBUG getNormalsOnSurface] Starting function. Input points: 8068
[DEBUG getNormalsOnSurface] Creating Eigen matrix...
[DEBUG getNormalsOnSurface] Writing matrix to XYZ file...
[DEBUG getNormalsOnSurface] Reading XYZ file: fileForNormalEst_Sampled.xyz
[DEBUG getNormalsOnSurface] XYZ file read successfully. Points loaded: 8068
[ADAPTIVE CGAL] Using 8 neighbors for 8068 points (density-aware)
[DEBUG getNormalsOnSurface] PCA normal estimation complete.
[DEBUG getNormalsOnSurface] Orienting normals with MST...
[DEBUG getNormalsOnSurface] MST orientation complete.
[DEBUG getNormalsOnSurface] Erased unoriented points. Remaining: 8068
[DEBUG getNormalsOnSurface] Computing curvature for 8068 points...
[ADAPTIVE CURVATURE] Using K=26 for 8068 points
[DEBUG getNormalsOnSurface] Curvature computation complete.
[DEBUG getNormalsOnSurface] Saving PLY in ASCII mode...
[DEBUG downsamplePointCloud] Saving PLY in ASCII mode to avoid camera data issues...
Starting processing on: Dataset/Point/Pot_A/Pot_A_Piece_12_Point.pcd
Starting surface segmentation on: Temp/Data/Pot_A/Pot_A_Piece_12_SampledWithNormals.ply
[DEBUG] Loading PLY file: Temp/Data/Pot_A/Pot_A_Piece_12_SampledWithNormals.ply
[DEBUG] PLY file loaded successfully. Points: 8068
[DEBUG] Converting PointNormal to PointXYZ...
[DEBUG] Conversion complete. Cloud size: 8068
[DEBUG] Calling getNormalsOnSurface...
[DEBUG] Input cloud size: 8068
[DEBUG getNormalsOnSurface] Starting function. Input points: 8068
[DEBUG getNormalsOnSurface] Creating Eigen matrix...
[DEBUG getNormalsOnSurface] Writing matrix to XYZ file...
[DEBUG getNormalsOnSurface] Reading XYZ file: fileForNormalEst_Sampled.xyz
[DEBUG getNormalsOnSurface] XYZ file read successfully. Points loaded: 8068
[ADAPTIVE CGAL] Using 8 neighbors for 8068 points (density-aware)
[DEBUG getNormalsOnSurface] PCA normal estimation complete.
[DEBUG getNormalsOnSurface] Orienting normals with MST...
[DEBUG getNormalsOnSurface] MST orientation complete.
[DEBUG getNormalsOnSurface] Erased unoriented points. Remaining: 8068
[DEBUG getNormalsOnSurface] Computing curvature for 8068 points...
[ADAPTIVE CURVATURE] Using K=26 for 8068 points
[DEBUG getNormalsOnSurface] Curvature computation complete.
[DEBUG getNormalsOnSurface] Saving PLY in ASCII mode...
[DEBUG] getNormalsOnSurface completed successfully. Result points: 8068
[DEBUG] Extracting normals from sampled cloud...

Total points: 8068
Number of clusters is equal to 4
Points in 
Cluster 1 : 2904
Cluster 2 : 2745
Cluster 3 : 53
Cluster 4 : 51
Points in two clusters / Total Points in Pointcloud: 70.02%
Points in two clusters / Total Points in all clusters: 98.19%
Calling mergeClusters function.
mergeClusters function called.
Sampled indices: 170 222 1472 2044 2178 2400 1430 706 2612 1334 1823 597 2024 141 2320 569 459 708 2314 1327 1699 1807 2474 896 210 1292 492 2263 1673 738 
Normals flipped: true
  loading cloudForSpline.pcd
  2904 points in data set
  surface fitting ...
  loading cloudForSpline.pcd
  2745 points in data set
  surface fitting ...
[DEBUG] Saving surface cluster PLY files in ASCII mode...
[ADAPTIVE CLUSTER 1] N=2315, min=10, max=6945
PointCloud representing the Cluster: 2315 data points.
[ADAPTIVE BOUNDARY] Cluster 0 has 2315 points, spacing≈20.78mm, boundary_r=15mm
Successfully found 4 clusters after 1 iterations.
Ply to XYZ start

Time after processing: 3.553 seconds
Copied Point file: Pot_A_Piece_13_Point.pcd
Copied Mesh file: Pot_A_Piece_13_Mesh.obj

Selected file: Dataset/Point/Pot_A/Pot_A_Piece_13_Point.pcd
[DEBUG getNormalsOnSurface] Starting function. Input points: 11216
[DEBUG getNormalsOnSurface] Creating Eigen matrix...
[DEBUG getNormalsOnSurface] Writing matrix to XYZ file...
[DEBUG getNormalsOnSurface] Reading XYZ file: fileForNormalEst_Sampled.xyz
[DEBUG getNormalsOnSurface] XYZ file read successfully. Points loaded: 11216
[ADAPTIVE CGAL] Using 11 neighbors for 11216 points (density-aware)
[DEBUG getNormalsOnSurface] PCA normal estimation complete.
[DEBUG getNormalsOnSurface] Orienting normals with MST...
[DEBUG getNormalsOnSurface] MST orientation complete.
[DEBUG getNormalsOnSurface] Erased unoriented points. Remaining: 11216
[DEBUG getNormalsOnSurface] Computing curvature for 11216 points...
[ADAPTIVE CURVATURE] Using K=37 for 11216 points
[DEBUG getNormalsOnSurface] Curvature computation complete.
[DEBUG getNormalsOnSurface] Saving PLY in ASCII mode...
[DEBUG downsamplePointCloud] Saving PLY in ASCII mode to avoid camera data issues...
Starting processing on: Dataset/Point/Pot_A/Pot_A_Piece_13_Point.pcd
Starting surface segmentation on: Temp/Data/Pot_A/Pot_A_Piece_13_SampledWithNormals.ply
[DEBUG] Loading PLY file: Temp/Data/Pot_A/Pot_A_Piece_13_SampledWithNormals.ply
[DEBUG] PLY file loaded successfully. Points: 11216
[DEBUG] Converting PointNormal to PointXYZ...
[DEBUG] Conversion complete. Cloud size: 11216
[DEBUG] Calling getNormalsOnSurface...
[DEBUG] Input cloud size: 11216
[DEBUG getNormalsOnSurface] Starting function. Input points: 11216
[DEBUG getNormalsOnSurface] Creating Eigen matrix...
[DEBUG getNormalsOnSurface] Writing matrix to XYZ file...
[DEBUG getNormalsOnSurface] Reading XYZ file: fileForNormalEst_Sampled.xyz
[DEBUG getNormalsOnSurface] XYZ file read successfully. Points loaded: 11216
[ADAPTIVE CGAL] Using 11 neighbors for 11216 points (density-aware)
[DEBUG getNormalsOnSurface] PCA normal estimation complete.
[DEBUG getNormalsOnSurface] Orienting normals with MST...
[DEBUG getNormalsOnSurface] MST orientation complete.
[DEBUG getNormalsOnSurface] Erased unoriented points. Remaining: 11216
[DEBUG getNormalsOnSurface] Computing curvature for 11216 points...
[ADAPTIVE CURVATURE] Using K=37 for 11216 points
[DEBUG getNormalsOnSurface] Curvature computation complete.
[DEBUG getNormalsOnSurface] Saving PLY in ASCII mode...
[DEBUG] getNormalsOnSurface completed successfully. Result points: 11216
[DEBUG] Extracting normals from sampled cloud...

Total points: 11216
Number of clusters is equal to 6
Points in 
Cluster 1 : 4273
Cluster 2 : 4163
Cluster 3 : 88
Cluster 4 : 60
Cluster 5 : 60
Cluster 6 : 50
Points in two clusters / Total Points in Pointcloud: 75.21%
Points in two clusters / Total Points in all clusters: 97.03%
Calling mergeClusters function.
mergeClusters function called.
Sampled indices: 960 3964 572 195 1495 3379 1311 3961 1582 360 3692 89 2307 1310 2405 3924 2904 3790 2058 3386 2221 2826 3921 3614 1021 1202 2632 687 1567 2149 
Normals flipped: true
  loading cloudForSpline.pcd
  4273 points in data set
  surface fitting ...
  loading cloudForSpline.pcd
  4163 points in data set
  surface fitting ...
[DEBUG] Saving surface cluster PLY files in ASCII mode...
[ADAPTIVE CLUSTER 1] N=2522, min=10, max=7566
PointCloud representing the Cluster: 2522 data points.
[ADAPTIVE BOUNDARY] Cluster 0 has 2522 points, spacing≈19.91mm, boundary_r=15mm
Successfully found 6 clusters after 1 iterations.
Ply to XYZ start

Time after processing: 5.081 seconds
Copied Point file: Pot_A_Piece_14_Point.pcd
Copied Mesh file: Pot_A_Piece_14_Mesh.obj

Selected file: Dataset/Point/Pot_A/Pot_A_Piece_14_Point.pcd
[DEBUG getNormalsOnSurface] Starting function. Input points: 1615
[DEBUG getNormalsOnSurface] Creating Eigen matrix...
[DEBUG getNormalsOnSurface] Writing matrix to XYZ file...
[DEBUG getNormalsOnSurface] Reading XYZ file: fileForNormalEst_Sampled.xyz
[DEBUG getNormalsOnSurface] XYZ file read successfully. Points loaded: 1615
[ADAPTIVE CGAL] Using 5 neighbors for 1615 points (density-aware)
[DEBUG getNormalsOnSurface] PCA normal estimation complete.
[DEBUG getNormalsOnSurface] Orienting normals with MST...
[DEBUG getNormalsOnSurface] MST orientation complete.
[DEBUG getNormalsOnSurface] Erased unoriented points. Remaining: 1615
[DEBUG getNormalsOnSurface] Computing curvature for 1615 points...
[ADAPTIVE CURVATURE] Using K=10 for 1615 points
[DEBUG getNormalsOnSurface] Curvature computation complete.
[DEBUG getNormalsOnSurface] Saving PLY in ASCII mode...
[DEBUG downsamplePointCloud] Saving PLY in ASCII mode to avoid camera data issues...
Starting processing on: Dataset/Point/Pot_A/Pot_A_Piece_14_Point.pcd
Starting surface segmentation on: Temp/Data/Pot_A/Pot_A_Piece_14_SampledWithNormals.ply
[DEBUG] Loading PLY file: Temp/Data/Pot_A/Pot_A_Piece_14_SampledWithNormals.ply
[DEBUG] PLY file loaded successfully. Points: 1615
[DEBUG] Converting PointNormal to PointXYZ...
[DEBUG] Conversion complete. Cloud size: 1615
[DEBUG] Calling getNormalsOnSurface...
[DEBUG] Input cloud size: 1615
[DEBUG getNormalsOnSurface] Starting function. Input points: 1615
[DEBUG getNormalsOnSurface] Creating Eigen matrix...
[DEBUG getNormalsOnSurface] Writing matrix to XYZ file...
[DEBUG getNormalsOnSurface] Reading XYZ file: fileForNormalEst_Sampled.xyz
[DEBUG getNormalsOnSurface] XYZ file read successfully. Points loaded: 1615
[ADAPTIVE CGAL] Using 5 neighbors for 1615 points (density-aware)
[DEBUG getNormalsOnSurface] PCA normal estimation complete.
[DEBUG getNormalsOnSurface] Orienting normals with MST...
[DEBUG getNormalsOnSurface] MST orientation complete.
[DEBUG getNormalsOnSurface] Erased unoriented points. Remaining: 1615
[DEBUG getNormalsOnSurface] Computing curvature for 1615 points...
[ADAPTIVE CURVATURE] Using K=10 for 1615 points
[DEBUG getNormalsOnSurface] Curvature computation complete.
[DEBUG getNormalsOnSurface] Saving PLY in ASCII mode...
[DEBUG] getNormalsOnSurface completed successfully. Result points: 1615
[DEBUG] Extracting normals from sampled cloud...

Total points: 1615
Number of clusters is equal to 2
Points in 
Cluster 1 : 326
Cluster 2 : 296
Points in two clusters / Total Points in Pointcloud: 38.51%
Points in two clusters / Total Points in all clusters: 100%
Calling mergeClusters function.
mergeClusters function called.
Sampled indices: 144 27 236 211 302 18 82 204 60 25 275 185 25 82 301 287 254 104 139 125 72 142 43 40 6 185 35 137 69 267 
Normals flipped: true
  loading cloudForSpline.pcd
  326 points in data set
  surface fitting ...
  loading cloudForSpline.pcd
  296 points in data set
  surface fitting ...
[DEBUG] Saving surface cluster PLY files in ASCII mode...
[ADAPTIVE CLUSTER 1] N=993, min=10, max=2979
PointCloud representing the Cluster: 993 data points.
[ADAPTIVE BOUNDARY] Cluster 0 has 993 points, spacing≈31.73mm, boundary_r=15mm
Successfully found 2 clusters after 1 iterations.
Ply to XYZ start

Time after processing: 1.008 seconds
Copied Point file: Pot_A_Piece_15_Point.pcd
Copied Mesh file: Pot_A_Piece_15_Mesh.obj

Selected file: Dataset/Point/Pot_A/Pot_A_Piece_15_Point.pcd
[DEBUG getNormalsOnSurface] Starting function. Input points: 9568
[DEBUG getNormalsOnSurface] Creating Eigen matrix...
[DEBUG getNormalsOnSurface] Writing matrix to XYZ file...
[DEBUG getNormalsOnSurface] Reading XYZ file: fileForNormalEst_Sampled.xyz
[DEBUG getNormalsOnSurface] XYZ file read successfully. Points loaded: 9568
[ADAPTIVE CGAL] Using 9 neighbors for 9568 points (density-aware)
[DEBUG getNormalsOnSurface] PCA normal estimation complete.
[DEBUG getNormalsOnSurface] Orienting normals with MST...
[DEBUG getNormalsOnSurface] MST orientation complete.
[DEBUG getNormalsOnSurface] Erased unoriented points. Remaining: 9568
[DEBUG getNormalsOnSurface] Computing curvature for 9568 points...
[ADAPTIVE CURVATURE] Using K=31 for 9568 points
[DEBUG getNormalsOnSurface] Curvature computation complete.
[DEBUG getNormalsOnSurface] Saving PLY in ASCII mode...
[DEBUG downsamplePointCloud] Saving PLY in ASCII mode to avoid camera data issues...
Starting processing on: Dataset/Point/Pot_A/Pot_A_Piece_15_Point.pcd
Starting surface segmentation on: Temp/Data/Pot_A/Pot_A_Piece_15_SampledWithNormals.ply
[DEBUG] Loading PLY file: Temp/Data/Pot_A/Pot_A_Piece_15_SampledWithNormals.ply
[DEBUG] PLY file loaded successfully. Points: 9568
[DEBUG] Converting PointNormal to PointXYZ...
[DEBUG] Conversion complete. Cloud size: 9568
[DEBUG] Calling getNormalsOnSurface...
[DEBUG] Input cloud size: 9568
[DEBUG getNormalsOnSurface] Starting function. Input points: 9568
[DEBUG getNormalsOnSurface] Creating Eigen matrix...
[DEBUG getNormalsOnSurface] Writing matrix to XYZ file...
[DEBUG getNormalsOnSurface] Reading XYZ file: fileForNormalEst_Sampled.xyz
[DEBUG getNormalsOnSurface] XYZ file read successfully. Points loaded: 9568
[ADAPTIVE CGAL] Using 9 neighbors for 9568 points (density-aware)
[DEBUG getNormalsOnSurface] PCA normal estimation complete.
[DEBUG getNormalsOnSurface] Orienting normals with MST...
[DEBUG getNormalsOnSurface] MST orientation complete.
[DEBUG getNormalsOnSurface] Erased unoriented points. Remaining: 9568
[DEBUG getNormalsOnSurface] Computing curvature for 9568 points...
[ADAPTIVE CURVATURE] Using K=31 for 9568 points
[DEBUG getNormalsOnSurface] Curvature computation complete.
[DEBUG getNormalsOnSurface] Saving PLY in ASCII mode...
[DEBUG] getNormalsOnSurface completed successfully. Result points: 9568
[DEBUG] Extracting normals from sampled cloud...

Total points: 9568
Number of clusters is equal to 5
Points in 
Cluster 1 : 3743
Cluster 2 : 3068
Cluster 3 : 158
Cluster 4 : 57
Cluster 5 : 50
Points in two clusters / Total Points in Pointcloud: 71.19%
Points in two clusters / Total Points in all clusters: 96.25%
Calling mergeClusters function.
mergeClusters function called.
Sampled indices: 3277 3636 3345 1396 358 896 958 962 1837 2598 2484 3724 660 2049 3467 1791 776 1565 1459 3240 3548 668 1176 2936 145 3319 1230 236 1418 2042 
Normals flipped: true
  loading cloudForSpline.pcd
  3743 points in data set
  surface fitting ...
  loading cloudForSpline.pcd
  3068 points in data set
  surface fitting ...
[DEBUG] Saving surface cluster PLY files in ASCII mode...
[ADAPTIVE CLUSTER 1] N=2492, min=10, max=7476
PointCloud representing the Cluster: 2492 data points.
[ADAPTIVE BOUNDARY] Cluster 0 has 2492 points, spacing≈20.03mm, boundary_r=15mm
Successfully found 5 clusters after 1 iterations.
Ply to XYZ start

Time after processing: 4.372 seconds
Copied Point file: Pot_A_Piece_16_Point.pcd
Copied Mesh file: Pot_A_Piece_16_Mesh.obj

Selected file: Dataset/Point/Pot_A/Pot_A_Piece_16_Point.pcd
[DEBUG getNormalsOnSurface] Starting function. Input points: 4713
[DEBUG getNormalsOnSurface] Creating Eigen matrix...
[DEBUG getNormalsOnSurface] Writing matrix to XYZ file...
[DEBUG getNormalsOnSurface] Reading XYZ file: fileForNormalEst_Sampled.xyz
[DEBUG getNormalsOnSurface] XYZ file read successfully. Points loaded: 4713
[ADAPTIVE CGAL] Using 5 neighbors for 4713 points (density-aware)
[DEBUG getNormalsOnSurface] PCA normal estimation complete.
[DEBUG getNormalsOnSurface] Orienting normals with MST...
[DEBUG getNormalsOnSurface] MST orientation complete.
[DEBUG getNormalsOnSurface] Erased unoriented points. Remaining: 4712
[DEBUG getNormalsOnSurface] Computing curvature for 4712 points...
[ADAPTIVE CURVATURE] Using K=15 for 4712 points
[DEBUG getNormalsOnSurface] Curvature computation complete.
[DEBUG getNormalsOnSurface] Saving PLY in ASCII mode...
[DEBUG downsamplePointCloud] Saving PLY in ASCII mode to avoid camera data issues...
Starting processing on: Dataset/Point/Pot_A/Pot_A_Piece_16_Point.pcd
Starting surface segmentation on: Temp/Data/Pot_A/Pot_A_Piece_16_SampledWithNormals.ply
[DEBUG] Loading PLY file: Temp/Data/Pot_A/Pot_A_Piece_16_SampledWithNormals.ply
[DEBUG] PLY file loaded successfully. Points: 4712
[DEBUG] Converting PointNormal to PointXYZ...
[DEBUG] Conversion complete. Cloud size: 4712
[DEBUG] Calling getNormalsOnSurface...
[DEBUG] Input cloud size: 4712
[DEBUG getNormalsOnSurface] Starting function. Input points: 4712
[DEBUG getNormalsOnSurface] Creating Eigen matrix...
[DEBUG getNormalsOnSurface] Writing matrix to XYZ file...
[DEBUG getNormalsOnSurface] Reading XYZ file: fileForNormalEst_Sampled.xyz
[DEBUG getNormalsOnSurface] XYZ file read successfully. Points loaded: 4712
[ADAPTIVE CGAL] Using 5 neighbors for 4712 points (density-aware)
[DEBUG getNormalsOnSurface] PCA normal estimation complete.
[DEBUG getNormalsOnSurface] Orienting normals with MST...
[DEBUG getNormalsOnSurface] MST orientation complete.
[DEBUG getNormalsOnSurface] Erased unoriented points. Remaining: 4712
[DEBUG getNormalsOnSurface] Computing curvature for 4712 points...
[ADAPTIVE CURVATURE] Using K=15 for 4712 points
[DEBUG getNormalsOnSurface] Curvature computation complete.
[DEBUG getNormalsOnSurface] Saving PLY in ASCII mode...
[DEBUG] getNormalsOnSurface completed successfully. Result points: 4712
[DEBUG] Extracting normals from sampled cloud...

Total points: 4712
Number of clusters is equal to 2
Points in 
Cluster 1 : 1358
Cluster 2 : 1228
Points in two clusters / Total Points in Pointcloud: 54.88%
Points in two clusters / Total Points in all clusters: 100%
Calling mergeClusters function.
mergeClusters function called.
Sampled indices: 703 69 593 393 388 233 948 1269 1004 367 145 74 248 1006 1316 462 433 52 272 815 1067 652 785 852 911 1279 522 763 85 1179 
Normals flipped: true
  loading cloudForSpline.pcd
  1358 points in data set
  surface fitting ...
  loading cloudForSpline.pcd
  1228 points in data set
  surface fitting ...
[DEBUG] Saving surface cluster PLY files in ASCII mode...
[ADAPTIVE CLUSTER 1] N=2126, min=10, max=6378
PointCloud representing the Cluster: 2126 data points.
[ADAPTIVE BOUNDARY] Cluster 0 has 2126 points, spacing≈21.69mm, boundary_r=15mm
Successfully found 2 clusters after 1 iterations.
Ply to XYZ start

Time after processing: 2.676 seconds
Copied Point file: Pot_A_Piece_17_Point.pcd
Copied Mesh file: Pot_A_Piece_17_Mesh.obj

Selected file: Dataset/Point/Pot_A/Pot_A_Piece_17_Point.pcd
[DEBUG getNormalsOnSurface] Starting function. Input points: 6431
[DEBUG getNormalsOnSurface] Creating Eigen matrix...
[DEBUG getNormalsOnSurface] Writing matrix to XYZ file...
[DEBUG getNormalsOnSurface] Reading XYZ file: fileForNormalEst_Sampled.xyz
[DEBUG getNormalsOnSurface] XYZ file read successfully. Points loaded: 6431
[ADAPTIVE CGAL] Using 6 neighbors for 6431 points (density-aware)
[DEBUG getNormalsOnSurface] PCA normal estimation complete.
[DEBUG getNormalsOnSurface] Orienting normals with MST...
[DEBUG getNormalsOnSurface] MST orientation complete.
[DEBUG getNormalsOnSurface] Erased unoriented points. Remaining: 6431
[DEBUG getNormalsOnSurface] Computing curvature for 6431 points...
[ADAPTIVE CURVATURE] Using K=21 for 6431 points
[DEBUG getNormalsOnSurface] Curvature computation complete.
[DEBUG getNormalsOnSurface] Saving PLY in ASCII mode...
[DEBUG downsamplePointCloud] Saving PLY in ASCII mode to avoid camera data issues...
Starting processing on: Dataset/Point/Pot_A/Pot_A_Piece_17_Point.pcd
Starting surface segmentation on: Temp/Data/Pot_A/Pot_A_Piece_17_SampledWithNormals.ply
[DEBUG] Loading PLY file: Temp/Data/Pot_A/Pot_A_Piece_17_SampledWithNormals.ply
[DEBUG] PLY file loaded successfully. Points: 6431
[DEBUG] Converting PointNormal to PointXYZ...
[DEBUG] Conversion complete. Cloud size: 6431
[DEBUG] Calling getNormalsOnSurface...
[DEBUG] Input cloud size: 6431
[DEBUG getNormalsOnSurface] Starting function. Input points: 6431
[DEBUG getNormalsOnSurface] Creating Eigen matrix...
[DEBUG getNormalsOnSurface] Writing matrix to XYZ file...
[DEBUG getNormalsOnSurface] Reading XYZ file: fileForNormalEst_Sampled.xyz
[DEBUG getNormalsOnSurface] XYZ file read successfully. Points loaded: 6431
[ADAPTIVE CGAL] Using 6 neighbors for 6431 points (density-aware)
[DEBUG getNormalsOnSurface] PCA normal estimation complete.
[DEBUG getNormalsOnSurface] Orienting normals with MST...
[DEBUG getNormalsOnSurface] MST orientation complete.
[DEBUG getNormalsOnSurface] Erased unoriented points. Remaining: 6431
[DEBUG getNormalsOnSurface] Computing curvature for 6431 points...
[ADAPTIVE CURVATURE] Using K=21 for 6431 points
[DEBUG getNormalsOnSurface] Curvature computation complete.
[DEBUG getNormalsOnSurface] Saving PLY in ASCII mode...
[DEBUG] getNormalsOnSurface completed successfully. Result points: 6431
[DEBUG] Extracting normals from sampled cloud...

Total points: 6431
Number of clusters is equal to 2
Points in 
Cluster 1 : 2289
Cluster 2 : 2152
Points in two clusters / Total Points in Pointcloud: 69.06%
Points in two clusters / Total Points in all clusters: 100%
Calling mergeClusters function.
mergeClusters function called.
Sampled indices: 1302 1946 2127 1928 1325 1037 295 820 1272 868 1751 1039 101 302 2071 1464 2247 2163 1300 705 1405 333 1828 801 2073 2250 2151 1641 1649 1941 
Normals flipped: true
  loading cloudForSpline.pcd
  2289 points in data set
  surface fitting ...
  loading cloudForSpline.pcd
  2152 points in data set
  surface fitting ...
[DEBUG] Saving surface cluster PLY files in ASCII mode...
[ADAPTIVE CLUSTER 1] N=1990, min=10, max=5970
PointCloud representing the Cluster: 1990 data points.
[ADAPTIVE BOUNDARY] Cluster 0 has 1990 points, spacing≈22.42mm, boundary_r=15mm
Successfully found 2 clusters after 1 iterations.
Ply to XYZ start

Time after processing: 2.717 seconds
Copied Point file: Pot_A_Piece_18_Point.pcd
Copied Mesh file: Pot_A_Piece_18_Mesh.obj

Selected file: Dataset/Point/Pot_A/Pot_A_Piece_18_Point.pcd
[DEBUG getNormalsOnSurface] Starting function. Input points: 11830
[DEBUG getNormalsOnSurface] Creating Eigen matrix...
[DEBUG getNormalsOnSurface] Writing matrix to XYZ file...
[DEBUG getNormalsOnSurface] Reading XYZ file: fileForNormalEst_Sampled.xyz
[DEBUG getNormalsOnSurface] XYZ file read successfully. Points loaded: 11830
[ADAPTIVE CGAL] Using 11 neighbors for 11830 points (density-aware)
[DEBUG getNormalsOnSurface] PCA normal estimation complete.
[DEBUG getNormalsOnSurface] Orienting normals with MST...
[DEBUG getNormalsOnSurface] MST orientation complete.
[DEBUG getNormalsOnSurface] Erased unoriented points. Remaining: 11830
[DEBUG getNormalsOnSurface] Computing curvature for 11830 points...
[ADAPTIVE CURVATURE] Using K=39 for 11830 points
[DEBUG getNormalsOnSurface] Curvature computation complete.
[DEBUG getNormalsOnSurface] Saving PLY in ASCII mode...
[DEBUG downsamplePointCloud] Saving PLY in ASCII mode to avoid camera data issues...
Starting processing on: Dataset/Point/Pot_A/Pot_A_Piece_18_Point.pcd
Starting surface segmentation on: Temp/Data/Pot_A/Pot_A_Piece_18_SampledWithNormals.ply
[DEBUG] Loading PLY file: Temp/Data/Pot_A/Pot_A_Piece_18_SampledWithNormals.ply
[DEBUG] PLY file loaded successfully. Points: 11830
[DEBUG] Converting PointNormal to PointXYZ...
[DEBUG] Conversion complete. Cloud size: 11830
[DEBUG] Calling getNormalsOnSurface...
[DEBUG] Input cloud size: 11830
[DEBUG getNormalsOnSurface] Starting function. Input points: 11830
[DEBUG getNormalsOnSurface] Creating Eigen matrix...
[DEBUG getNormalsOnSurface] Writing matrix to XYZ file...
[DEBUG getNormalsOnSurface] Reading XYZ file: fileForNormalEst_Sampled.xyz
[DEBUG getNormalsOnSurface] XYZ file read successfully. Points loaded: 11830
[ADAPTIVE CGAL] Using 11 neighbors for 11830 points (density-aware)
[DEBUG getNormalsOnSurface] PCA normal estimation complete.
[DEBUG getNormalsOnSurface] Orienting normals with MST...
[DEBUG getNormalsOnSurface] MST orientation complete.
[DEBUG getNormalsOnSurface] Erased unoriented points. Remaining: 11830
[DEBUG getNormalsOnSurface] Computing curvature for 11830 points...
[ADAPTIVE CURVATURE] Using K=39 for 11830 points
[DEBUG getNormalsOnSurface] Curvature computation complete.
[DEBUG getNormalsOnSurface] Saving PLY in ASCII mode...
[DEBUG] getNormalsOnSurface completed successfully. Result points: 11830
[DEBUG] Extracting normals from sampled cloud...

Total points: 11830
Number of clusters is equal to 3
Points in 
Cluster 1 : 4043
Cluster 2 : 3215
Cluster 3 : 1934
Points in two clusters / Total Points in Pointcloud: 61.35%
Points in two clusters / Total Points in all clusters: 78.96%
Calling mergeClusters function.
mergeClusters function called.
Sampled indices: 1565 3191 2093 1749 556 2731 3315 2339 3689 3217 699 2022 3635 918 2424 642 149 3276 1910 2275 2007 2625 2907 365 3816 1019 814 4014 2341 2635 
Normals flipped: true
  loading cloudForSpline.pcd
  4043 points in data set
  surface fitting ...
  loading cloudForSpline.pcd
  3215 points in data set
  surface fitting ...
[DEBUG] Saving surface cluster PLY files in ASCII mode...
[ADAPTIVE CLUSTER 1] N=2638, min=10, max=7914
PointCloud representing the Cluster: 2638 data points.
[ADAPTIVE BOUNDARY] Cluster 0 has 2638 points, spacing≈19.47mm, boundary_r=15mm
Successfully found 3 clusters after 1 iterations.
Ply to XYZ start

Time after processing: 5.268 seconds
Copied Point file: Pot_A_Piece_19_Point.pcd
Copied Mesh file: Pot_A_Piece_19_Mesh.obj

Selected file: Dataset/Point/Pot_A/Pot_A_Piece_19_Point.pcd
[DEBUG getNormalsOnSurface] Starting function. Input points: 8429
[DEBUG getNormalsOnSurface] Creating Eigen matrix...
[DEBUG getNormalsOnSurface] Writing matrix to XYZ file...
[DEBUG getNormalsOnSurface] Reading XYZ file: fileForNormalEst_Sampled.xyz
[DEBUG getNormalsOnSurface] XYZ file read successfully. Points loaded: 8429
[ADAPTIVE CGAL] Using 8 neighbors for 8429 points (density-aware)
[DEBUG getNormalsOnSurface] PCA normal estimation complete.
[DEBUG getNormalsOnSurface] Orienting normals with MST...
[DEBUG getNormalsOnSurface] MST orientation complete.
[DEBUG getNormalsOnSurface] Erased unoriented points. Remaining: 8429
[DEBUG getNormalsOnSurface] Computing curvature for 8429 points...
[ADAPTIVE CURVATURE] Using K=28 for 8429 points
[DEBUG getNormalsOnSurface] Curvature computation complete.
[DEBUG getNormalsOnSurface] Saving PLY in ASCII mode...
[DEBUG downsamplePointCloud] Saving PLY in ASCII mode to avoid camera data issues...
Starting processing on: Dataset/Point/Pot_A/Pot_A_Piece_19_Point.pcd
Starting surface segmentation on: Temp/Data/Pot_A/Pot_A_Piece_19_SampledWithNormals.ply
[DEBUG] Loading PLY file: Temp/Data/Pot_A/Pot_A_Piece_19_SampledWithNormals.ply
[DEBUG] PLY file loaded successfully. Points: 8429
[DEBUG] Converting PointNormal to PointXYZ...
[DEBUG] Conversion complete. Cloud size: 8429
[DEBUG] Calling getNormalsOnSurface...
[DEBUG] Input cloud size: 8429
[DEBUG getNormalsOnSurface] Starting function. Input points: 8429
[DEBUG getNormalsOnSurface] Creating Eigen matrix...
[DEBUG getNormalsOnSurface] Writing matrix to XYZ file...
[DEBUG getNormalsOnSurface] Reading XYZ file: fileForNormalEst_Sampled.xyz
[DEBUG getNormalsOnSurface] XYZ file read successfully. Points loaded: 8429
[ADAPTIVE CGAL] Using 8 neighbors for 8429 points (density-aware)
[DEBUG getNormalsOnSurface] PCA normal estimation complete.
[DEBUG getNormalsOnSurface] Orienting normals with MST...
[DEBUG getNormalsOnSurface] MST orientation complete.
[DEBUG getNormalsOnSurface] Erased unoriented points. Remaining: 8429
[DEBUG getNormalsOnSurface] Computing curvature for 8429 points...
[ADAPTIVE CURVATURE] Using K=28 for 8429 points
[DEBUG getNormalsOnSurface] Curvature computation complete.
[DEBUG getNormalsOnSurface] Saving PLY in ASCII mode...
[DEBUG] getNormalsOnSurface completed successfully. Result points: 8429
[DEBUG] Extracting normals from sampled cloud...

Total points: 8429
Number of clusters is equal to 2
Points in 
Cluster 1 : 3002
Cluster 2 : 2912
Points in two clusters / Total Points in Pointcloud: 70.16%
Points in two clusters / Total Points in all clusters: 100%
Calling mergeClusters function.
mergeClusters function called.
Sampled indices: 972 2115 1967 1389 2985 2825 2666 2633 2873 623 1854 1839 482 1207 2600 279 2780 2817 2292 746 1529 522 2108 645 2094 1969 2039 1668 303 632 
Normals flipped: true
  loading cloudForSpline.pcd
  3002 points in data set
  surface fitting ...
  loading cloudForSpline.pcd
  2912 points in data set
  surface fitting ...
[DEBUG] Saving surface cluster PLY files in ASCII mode...
[ADAPTIVE CLUSTER 1] N=2515, min=10, max=7545
PointCloud representing the Cluster: 2515 data points.
[ADAPTIVE BOUNDARY] Cluster 0 has 2515 points, spacing≈19.94mm, boundary_r=15mm
Successfully found 2 clusters after 1 iterations.
Ply to XYZ start

Time after processing: 3.855 seconds
Copied Point file: Pot_A_Piece_20_Point.pcd
Copied Mesh file: Pot_A_Piece_20_Mesh.obj

Selected file: Dataset/Point/Pot_A/Pot_A_Piece_20_Point.pcd
[DEBUG getNormalsOnSurface] Starting function. Input points: 8262
[DEBUG getNormalsOnSurface] Creating Eigen matrix...
[DEBUG getNormalsOnSurface] Writing matrix to XYZ file...
[DEBUG getNormalsOnSurface] Reading XYZ file: fileForNormalEst_Sampled.xyz
[DEBUG getNormalsOnSurface] XYZ file read successfully. Points loaded: 8262
[ADAPTIVE CGAL] Using 8 neighbors for 8262 points (density-aware)
[DEBUG getNormalsOnSurface] PCA normal estimation complete.
[DEBUG getNormalsOnSurface] Orienting normals with MST...
[DEBUG getNormalsOnSurface] MST orientation complete.
[DEBUG getNormalsOnSurface] Erased unoriented points. Remaining: 8262
[DEBUG getNormalsOnSurface] Computing curvature for 8262 points...
[ADAPTIVE CURVATURE] Using K=27 for 8262 points
[DEBUG getNormalsOnSurface] Curvature computation complete.
[DEBUG getNormalsOnSurface] Saving PLY in ASCII mode...
[DEBUG downsamplePointCloud] Saving PLY in ASCII mode to avoid camera data issues...
Starting processing on: Dataset/Point/Pot_A/Pot_A_Piece_20_Point.pcd
Starting surface segmentation on: Temp/Data/Pot_A/Pot_A_Piece_20_SampledWithNormals.ply
[DEBUG] Loading PLY file: Temp/Data/Pot_A/Pot_A_Piece_20_SampledWithNormals.ply
[DEBUG] PLY file loaded successfully. Points: 8262
[DEBUG] Converting PointNormal to PointXYZ...
[DEBUG] Conversion complete. Cloud size: 8262
[DEBUG] Calling getNormalsOnSurface...
[DEBUG] Input cloud size: 8262
[DEBUG getNormalsOnSurface] Starting function. Input points: 8262
[DEBUG getNormalsOnSurface] Creating Eigen matrix...
[DEBUG getNormalsOnSurface] Writing matrix to XYZ file...
[DEBUG getNormalsOnSurface] Reading XYZ file: fileForNormalEst_Sampled.xyz
[DEBUG getNormalsOnSurface] XYZ file read successfully. Points loaded: 8262
[ADAPTIVE CGAL] Using 8 neighbors for 8262 points (density-aware)
[DEBUG getNormalsOnSurface] PCA normal estimation complete.
[DEBUG getNormalsOnSurface] Orienting normals with MST...
[DEBUG getNormalsOnSurface] MST orientation complete.
[DEBUG getNormalsOnSurface] Erased unoriented points. Remaining: 8262
[DEBUG getNormalsOnSurface] Computing curvature for 8262 points...
[ADAPTIVE CURVATURE] Using K=27 for 8262 points
[DEBUG getNormalsOnSurface] Curvature computation complete.
[DEBUG getNormalsOnSurface] Saving PLY in ASCII mode...
[DEBUG] getNormalsOnSurface completed successfully. Result points: 8262
[DEBUG] Extracting normals from sampled cloud...

Total points: 8262
Number of clusters is equal to 3
Points in 
Cluster 1 : 2896
Cluster 2 : 2693
Cluster 3 : 53
Points in two clusters / Total Points in Pointcloud: 67.65%
Points in two clusters / Total Points in all clusters: 99.06%
Calling mergeClusters function.
mergeClusters function called.
Sampled indices: 2621 587 2232 2793 58 1244 335 591 6 1001 2065 115 1483 453 2576 2466 2094 1345 358 2806 1212 12 2482 1923 1904 2787 2652 1243 97 798 
Normals flipped: true
  loading cloudForSpline.pcd
  2896 points in data set
  surface fitting ...
  loading cloudForSpline.pcd
  2693 points in data set
  surface fitting ...
[DEBUG] Saving surface cluster PLY files in ASCII mode...
[ADAPTIVE CLUSTER 1] N=2620, min=10, max=7860
PointCloud representing the Cluster: 2620 data points.
[ADAPTIVE BOUNDARY] Cluster 0 has 2620 points, spacing≈19.54mm, boundary_r=15mm
Successfully found 3 clusters after 1 iterations.
Ply to XYZ start

Time after processing: 3.993 seconds
Copied Point file: Pot_A_Piece_21_Point.pcd
Copied Mesh file: Pot_A_Piece_21_Mesh.obj

Selected file: Dataset/Point/Pot_A/Pot_A_Piece_21_Point.pcd
[DEBUG getNormalsOnSurface] Starting function. Input points: 1453
[DEBUG getNormalsOnSurface] Creating Eigen matrix...
[DEBUG getNormalsOnSurface] Writing matrix to XYZ file...
[DEBUG getNormalsOnSurface] Reading XYZ file: fileForNormalEst_Sampled.xyz
[DEBUG getNormalsOnSurface] XYZ file read successfully. Points loaded: 1453
[ADAPTIVE CGAL] Using 5 neighbors for 1453 points (density-aware)
[DEBUG getNormalsOnSurface] PCA normal estimation complete.
[DEBUG getNormalsOnSurface] Orienting normals with MST...
[DEBUG getNormalsOnSurface] MST orientation complete.
[DEBUG getNormalsOnSurface] Erased unoriented points. Remaining: 1453
[DEBUG getNormalsOnSurface] Computing curvature for 1453 points...
[ADAPTIVE CURVATURE] Using K=10 for 1453 points
[DEBUG getNormalsOnSurface] Curvature computation complete.
[DEBUG getNormalsOnSurface] Saving PLY in ASCII mode...
[DEBUG downsamplePointCloud] Saving PLY in ASCII mode to avoid camera data issues...
Starting processing on: Dataset/Point/Pot_A/Pot_A_Piece_21_Point.pcd
Starting surface segmentation on: Temp/Data/Pot_A/Pot_A_Piece_21_SampledWithNormals.ply
[DEBUG] Loading PLY file: Temp/Data/Pot_A/Pot_A_Piece_21_SampledWithNormals.ply
[DEBUG] PLY file loaded successfully. Points: 1453
[DEBUG] Converting PointNormal to PointXYZ...
[DEBUG] Conversion complete. Cloud size: 1453
[DEBUG] Calling getNormalsOnSurface...
[DEBUG] Input cloud size: 1453
[DEBUG getNormalsOnSurface] Starting function. Input points: 1453
[DEBUG getNormalsOnSurface] Creating Eigen matrix...
[DEBUG getNormalsOnSurface] Writing matrix to XYZ file...
[DEBUG getNormalsOnSurface] Reading XYZ file: fileForNormalEst_Sampled.xyz
[DEBUG getNormalsOnSurface] XYZ file read successfully. Points loaded: 1453
[ADAPTIVE CGAL] Using 5 neighbors for 1453 points (density-aware)
[DEBUG getNormalsOnSurface] PCA normal estimation complete.
[DEBUG getNormalsOnSurface] Orienting normals with MST...
[DEBUG getNormalsOnSurface] MST orientation complete.
[DEBUG getNormalsOnSurface] Erased unoriented points. Remaining: 1453
[DEBUG getNormalsOnSurface] Computing curvature for 1453 points...
[ADAPTIVE CURVATURE] Using K=10 for 1453 points
[DEBUG getNormalsOnSurface] Curvature computation complete.
[DEBUG getNormalsOnSurface] Saving PLY in ASCII mode...
[DEBUG] getNormalsOnSurface completed successfully. Result points: 1453
[DEBUG] Extracting normals from sampled cloud...

Total points: 1453
Number of clusters is equal to 3
Points in 
Cluster 1 : 313
Cluster 2 : 163
Cluster 3 : 84
Points in two clusters / Total Points in Pointcloud: 32.76%
Points in two clusters / Total Points in all clusters: 85%
Calling mergeClusters function.
mergeClusters function called.
Condition 1 (closest point pairs) passed for clusters 1 and 2
Condition 2 (normal vector similarity) passed for clusters 1 and 2
Condition 3 (boundary curvature similarity) passed for clusters 1 and 2
Verification failed (innerPoint selection) for clusters 1 and 2
Sampled indices: 45 212 1 277 89 275 197 282 72 119 88 28 163 96 95 30 86 219 122 174 161 244 311 252 15 22 64 13 206 302 
Normals flipped: true
  loading cloudForSpline.pcd
  313 points in data set
  surface fitting ...
  loading cloudForSpline.pcd
  163 points in data set
  surface fitting ...
[DEBUG] Saving surface cluster PLY files in ASCII mode...
[ADAPTIVE CLUSTER 1] N=893, min=10, max=2679
PointCloud representing the Cluster: 893 data points.
[ADAPTIVE BOUNDARY] Cluster 0 has 893 points, spacing≈33.46mm, boundary_r=15mm
Successfully found 3 clusters after 1 iterations.
Ply to XYZ start

Time after processing: 0.9535 seconds
Copied Point file: Pot_A_Piece_22_Point.pcd
Copied Mesh file: Pot_A_Piece_22_Mesh.obj

Selected file: Dataset/Point/Pot_A/Pot_A_Piece_22_Point.pcd
[DEBUG getNormalsOnSurface] Starting function. Input points: 6441
[DEBUG getNormalsOnSurface] Creating Eigen matrix...
[DEBUG getNormalsOnSurface] Writing matrix to XYZ file...
[DEBUG getNormalsOnSurface] Reading XYZ file: fileForNormalEst_Sampled.xyz
[DEBUG getNormalsOnSurface] XYZ file read successfully. Points loaded: 6441
[ADAPTIVE CGAL] Using 6 neighbors for 6441 points (density-aware)
[DEBUG getNormalsOnSurface] PCA normal estimation complete.
[DEBUG getNormalsOnSurface] Orienting normals with MST...
[DEBUG getNormalsOnSurface] MST orientation complete.
[DEBUG getNormalsOnSurface] Erased unoriented points. Remaining: 6441
[DEBUG getNormalsOnSurface] Computing curvature for 6441 points...
[ADAPTIVE CURVATURE] Using K=21 for 6441 points
[DEBUG getNormalsOnSurface] Curvature computation complete.
[DEBUG getNormalsOnSurface] Saving PLY in ASCII mode...
[DEBUG downsamplePointCloud] Saving PLY in ASCII mode to avoid camera data issues...
Starting processing on: Dataset/Point/Pot_A/Pot_A_Piece_22_Point.pcd
Starting surface segmentation on: Temp/Data/Pot_A/Pot_A_Piece_22_SampledWithNormals.ply
[DEBUG] Loading PLY file: Temp/Data/Pot_A/Pot_A_Piece_22_SampledWithNormals.ply
[DEBUG] PLY file loaded successfully. Points: 6441
[DEBUG] Converting PointNormal to PointXYZ...
[DEBUG] Conversion complete. Cloud size: 6441
[DEBUG] Calling getNormalsOnSurface...
[DEBUG] Input cloud size: 6441
[DEBUG getNormalsOnSurface] Starting function. Input points: 6441
[DEBUG getNormalsOnSurface] Creating Eigen matrix...
[DEBUG getNormalsOnSurface] Writing matrix to XYZ file...
[DEBUG getNormalsOnSurface] Reading XYZ file: fileForNormalEst_Sampled.xyz
[DEBUG getNormalsOnSurface] XYZ file read successfully. Points loaded: 6441
[ADAPTIVE CGAL] Using 6 neighbors for 6441 points (density-aware)
[DEBUG getNormalsOnSurface] PCA normal estimation complete.
[DEBUG getNormalsOnSurface] Orienting normals with MST...
[DEBUG getNormalsOnSurface] MST orientation complete.
[DEBUG getNormalsOnSurface] Erased unoriented points. Remaining: 6441
[DEBUG getNormalsOnSurface] Computing curvature for 6441 points...
[ADAPTIVE CURVATURE] Using K=21 for 6441 points
[DEBUG getNormalsOnSurface] Curvature computation complete.
[DEBUG getNormalsOnSurface] Saving PLY in ASCII mode...
[DEBUG] getNormalsOnSurface completed successfully. Result points: 6441
[DEBUG] Extracting normals from sampled cloud...

Total points: 6441
Number of clusters is equal to 5
Points in 
Cluster 1 : 1773
Cluster 2 : 742
Cluster 3 : 669
Cluster 4 : 185
Cluster 5 : 88
Points in two clusters / Total Points in Pointcloud: 39.05%
Points in two clusters / Total Points in all clusters: 72.75%
Calling mergeClusters function.
mergeClusters function called.
Condition 1 (closest point pairs) passed for clusters 2 and 3
Condition 2 (normal vector similarity) passed for clusters 2 and 3
Condition 3 (boundary curvature similarity) passed for clusters 2 and 3
Verification failed (innerPoint selection) for clusters 2 and 3
Sampled indices: 1614 340 1768 97 1453 1286 1685 1354 410 639 563 943 1563 12 1211 1513 261 77 1113 82 1722 1722 1476 388 1553 206 58 1727 749 1306 
Normals flipped: true
  loading cloudForSpline.pcd
  1773 points in data set
  surface fitting ...
  loading cloudForSpline.pcd
  742 points in data set
  surface fitting ...
[DEBUG] Saving surface cluster PLY files in ASCII mode...
[ADAPTIVE CLUSTER 1] N=2984, min=10, max=8952
PointCloud representing the Cluster: 2984 data points.
[ADAPTIVE BOUNDARY] Cluster 0 has 2984 points, spacing≈18.31mm, boundary_r=15mm
Successfully found 5 clusters after 1 iterations.
Ply to XYZ start

Time after processing: 4.548 seconds
Copied Point file: Pot_A_Piece_23_Point.pcd
Copied Mesh file: Pot_A_Piece_23_Mesh.obj

Selected file: Dataset/Point/Pot_A/Pot_A_Piece_23_Point.pcd
[DEBUG getNormalsOnSurface] Starting function. Input points: 6671
[DEBUG getNormalsOnSurface] Creating Eigen matrix...
[DEBUG getNormalsOnSurface] Writing matrix to XYZ file...
[DEBUG getNormalsOnSurface] Reading XYZ file: fileForNormalEst_Sampled.xyz
[DEBUG getNormalsOnSurface] XYZ file read successfully. Points loaded: 6671
[ADAPTIVE CGAL] Using 6 neighbors for 6671 points (density-aware)
[DEBUG getNormalsOnSurface] PCA normal estimation complete.
[DEBUG getNormalsOnSurface] Orienting normals with MST...
[DEBUG getNormalsOnSurface] MST orientation complete.
[DEBUG getNormalsOnSurface] Erased unoriented points. Remaining: 6671
[DEBUG getNormalsOnSurface] Computing curvature for 6671 points...
[ADAPTIVE CURVATURE] Using K=22 for 6671 points
[DEBUG getNormalsOnSurface] Curvature computation complete.
[DEBUG getNormalsOnSurface] Saving PLY in ASCII mode...
[DEBUG downsamplePointCloud] Saving PLY in ASCII mode to avoid camera data issues...
Starting processing on: Dataset/Point/Pot_A/Pot_A_Piece_23_Point.pcd
Starting surface segmentation on: Temp/Data/Pot_A/Pot_A_Piece_23_SampledWithNormals.ply
[DEBUG] Loading PLY file: Temp/Data/Pot_A/Pot_A_Piece_23_SampledWithNormals.ply
[DEBUG] PLY file loaded successfully. Points: 6671
[DEBUG] Converting PointNormal to PointXYZ...
[DEBUG] Conversion complete. Cloud size: 6671
[DEBUG] Calling getNormalsOnSurface...
[DEBUG] Input cloud size: 6671
[DEBUG getNormalsOnSurface] Starting function. Input points: 6671
[DEBUG getNormalsOnSurface] Creating Eigen matrix...
[DEBUG getNormalsOnSurface] Writing matrix to XYZ file...
[DEBUG getNormalsOnSurface] Reading XYZ file: fileForNormalEst_Sampled.xyz
[DEBUG getNormalsOnSurface] XYZ file read successfully. Points loaded: 6671
[ADAPTIVE CGAL] Using 6 neighbors for 6671 points (density-aware)
[DEBUG getNormalsOnSurface] PCA normal estimation complete.
[DEBUG getNormalsOnSurface] Orienting normals with MST...
[DEBUG getNormalsOnSurface] MST orientation complete.
[DEBUG getNormalsOnSurface] Erased unoriented points. Remaining: 6671
[DEBUG getNormalsOnSurface] Computing curvature for 6671 points...
[ADAPTIVE CURVATURE] Using K=22 for 6671 points
[DEBUG getNormalsOnSurface] Curvature computation complete.
[DEBUG getNormalsOnSurface] Saving PLY in ASCII mode...
[DEBUG] getNormalsOnSurface completed successfully. Result points: 6671
[DEBUG] Extracting normals from sampled cloud...

Total points: 6671
Number of clusters is equal to 4
Points in 
Cluster 1 : 2132
Cluster 2 : 2128
Cluster 3 : 74
Cluster 4 : 54
Points in two clusters / Total Points in Pointcloud: 63.86%
Points in two clusters / Total Points in all clusters: 97.08%
Calling mergeClusters function.
mergeClusters function called.
Condition 1 (closest point pairs) passed for clusters 1 and 2
Condition 2 (normal vector similarity) passed for clusters 1 and 2
Condition 3 (boundary curvature similarity) passed for clusters 1 and 2
Verification failed (innerPoint selection) for clusters 1 and 2
Sampled indices: 1006 2010 1404 1323 1983 1781 902 865 681 1779 1220 1429 1809 1173 1802 1518 782 1414 1272 941 1478 1366 935 1593 950 1795 767 908 30 1749 
Normals flipped: true
  loading cloudForSpline.pcd
  2132 points in data set
  surface fitting ...
  loading cloudForSpline.pcd
  2128 points in data set
  surface fitting ...
[DEBUG] Saving surface cluster PLY files in ASCII mode...
[ADAPTIVE CLUSTER 1] N=2283, min=10, max=6849
PointCloud representing the Cluster: 2283 data points.
[ADAPTIVE BOUNDARY] Cluster 0 has 2283 points, spacing≈20.93mm, boundary_r=15mm
Successfully found 4 clusters after 1 iterations.
Ply to XYZ start

Time after processing: 3.343 seconds
Copied Point file: Pot_A_Piece_24_Point.pcd
Copied Mesh file: Pot_A_Piece_24_Mesh.obj

Selected file: Dataset/Point/Pot_A/Pot_A_Piece_24_Point.pcd
[DEBUG getNormalsOnSurface] Starting function. Input points: 2198
[DEBUG getNormalsOnSurface] Creating Eigen matrix...
[DEBUG getNormalsOnSurface] Writing matrix to XYZ file...
[DEBUG getNormalsOnSurface] Reading XYZ file: fileForNormalEst_Sampled.xyz
[DEBUG getNormalsOnSurface] XYZ file read successfully. Points loaded: 2198
[ADAPTIVE CGAL] Using 5 neighbors for 2198 points (density-aware)
[DEBUG getNormalsOnSurface] PCA normal estimation complete.
[DEBUG getNormalsOnSurface] Orienting normals with MST...
[DEBUG getNormalsOnSurface] MST orientation complete.
[DEBUG getNormalsOnSurface] Erased unoriented points. Remaining: 2198
[DEBUG getNormalsOnSurface] Computing curvature for 2198 points...
[ADAPTIVE CURVATURE] Using K=10 for 2198 points
[DEBUG getNormalsOnSurface] Curvature computation complete.
[DEBUG getNormalsOnSurface] Saving PLY in ASCII mode...
[DEBUG downsamplePointCloud] Saving PLY in ASCII mode to avoid camera data issues...
Starting processing on: Dataset/Point/Pot_A/Pot_A_Piece_24_Point.pcd
Starting surface segmentation on: Temp/Data/Pot_A/Pot_A_Piece_24_SampledWithNormals.ply
[DEBUG] Loading PLY file: Temp/Data/Pot_A/Pot_A_Piece_24_SampledWithNormals.ply
[DEBUG] PLY file loaded successfully. Points: 2198
[DEBUG] Converting PointNormal to PointXYZ...
[DEBUG] Conversion complete. Cloud size: 2198
[DEBUG] Calling getNormalsOnSurface...
[DEBUG] Input cloud size: 2198
[DEBUG getNormalsOnSurface] Starting function. Input points: 2198
[DEBUG getNormalsOnSurface] Creating Eigen matrix...
[DEBUG getNormalsOnSurface] Writing matrix to XYZ file...
[DEBUG getNormalsOnSurface] Reading XYZ file: fileForNormalEst_Sampled.xyz
[DEBUG getNormalsOnSurface] XYZ file read successfully. Points loaded: 2198
[ADAPTIVE CGAL] Using 5 neighbors for 2198 points (density-aware)
[DEBUG getNormalsOnSurface] PCA normal estimation complete.
[DEBUG getNormalsOnSurface] Orienting normals with MST...
[DEBUG getNormalsOnSurface] MST orientation complete.
[DEBUG getNormalsOnSurface] Erased unoriented points. Remaining: 2198
[DEBUG getNormalsOnSurface] Computing curvature for 2198 points...
[ADAPTIVE CURVATURE] Using K=10 for 2198 points
[DEBUG getNormalsOnSurface] Curvature computation complete.
[DEBUG getNormalsOnSurface] Saving PLY in ASCII mode...
[DEBUG] getNormalsOnSurface completed successfully. Result points: 2198
[DEBUG] Extracting normals from sampled cloud...

Total points: 2198
Number of clusters is equal to 2
Points in 
Cluster 1 : 598
Cluster 2 : 528
Points in two clusters / Total Points in Pointcloud: 51.23%
Points in two clusters / Total Points in all clusters: 100%
Calling mergeClusters function.
mergeClusters function called.
Sampled indices: 304 150 493 100 540 499 418 247 492 332 287 435 524 136 207 575 144 319 288 306 448 299 98 590 365 227 191 410 293 230 
Normals flipped: true
  loading cloudForSpline.pcd
  598 points in data set
  surface fitting ...
  loading cloudForSpline.pcd
  528 points in data set
  surface fitting ...
[DEBUG] Saving surface cluster PLY files in ASCII mode...
[ADAPTIVE CLUSTER 1] N=1072, min=10, max=3216
PointCloud representing the Cluster: 1072 data points.
[ADAPTIVE BOUNDARY] Cluster 0 has 1072 points, spacing≈30.54mm, boundary_r=15mm
Successfully found 2 clusters after 1 iterations.
Ply to XYZ start

Time after processing: 1.073 seconds
Copied Point file: Pot_A_Piece_25_Point.pcd
Copied Mesh file: Pot_A_Piece_25_Mesh.obj

Selected file: Dataset/Point/Pot_A/Pot_A_Piece_25_Point.pcd
[DEBUG getNormalsOnSurface] Starting function. Input points: 3578
[DEBUG getNormalsOnSurface] Creating Eigen matrix...
[DEBUG getNormalsOnSurface] Writing matrix to XYZ file...
[DEBUG getNormalsOnSurface] Reading XYZ file: fileForNormalEst_Sampled.xyz
[DEBUG getNormalsOnSurface] XYZ file read successfully. Points loaded: 3578
[ADAPTIVE CGAL] Using 5 neighbors for 3578 points (density-aware)
[DEBUG getNormalsOnSurface] PCA normal estimation complete.
[DEBUG getNormalsOnSurface] Orienting normals with MST...
[DEBUG getNormalsOnSurface] MST orientation complete.
[DEBUG getNormalsOnSurface] Erased unoriented points. Remaining: 3577
[DEBUG getNormalsOnSurface] Computing curvature for 3577 points...
[ADAPTIVE CURVATURE] Using K=11 for 3577 points
[DEBUG getNormalsOnSurface] Curvature computation complete.
[DEBUG getNormalsOnSurface] Saving PLY in ASCII mode...
[DEBUG downsamplePointCloud] Saving PLY in ASCII mode to avoid camera data issues...
Starting processing on: Dataset/Point/Pot_A/Pot_A_Piece_25_Point.pcd
Starting surface segmentation on: Temp/Data/Pot_A/Pot_A_Piece_25_SampledWithNormals.ply
[DEBUG] Loading PLY file: Temp/Data/Pot_A/Pot_A_Piece_25_SampledWithNormals.ply
[DEBUG] PLY file loaded successfully. Points: 3577
[DEBUG] Converting PointNormal to PointXYZ...
[DEBUG] Conversion complete. Cloud size: 3577
[DEBUG] Calling getNormalsOnSurface...
[DEBUG] Input cloud size: 3577
[DEBUG getNormalsOnSurface] Starting function. Input points: 3577
[DEBUG getNormalsOnSurface] Creating Eigen matrix...
[DEBUG getNormalsOnSurface] Writing matrix to XYZ file...
[DEBUG getNormalsOnSurface] Reading XYZ file: fileForNormalEst_Sampled.xyz
[DEBUG getNormalsOnSurface] XYZ file read successfully. Points loaded: 3577
[ADAPTIVE CGAL] Using 5 neighbors for 3577 points (density-aware)
[DEBUG getNormalsOnSurface] PCA normal estimation complete.
[DEBUG getNormalsOnSurface] Orienting normals with MST...
[DEBUG getNormalsOnSurface] MST orientation complete.
[DEBUG getNormalsOnSurface] Erased unoriented points. Remaining: 3577
[DEBUG getNormalsOnSurface] Computing curvature for 3577 points...
[ADAPTIVE CURVATURE] Using K=11 for 3577 points
[DEBUG getNormalsOnSurface] Curvature computation complete.
[DEBUG getNormalsOnSurface] Saving PLY in ASCII mode...
[DEBUG] getNormalsOnSurface completed successfully. Result points: 3577
[DEBUG] Extracting normals from sampled cloud...

Total points: 3577
Number of clusters is equal to 3
Points in 
Cluster 1 : 1043
Cluster 2 : 572
Cluster 3 : 247
Points in two clusters / Total Points in Pointcloud: 45.15%
Points in two clusters / Total Points in all clusters: 86.73%
Calling mergeClusters function.
mergeClusters function called.
Condition 1 (closest point pairs) passed for clusters 1 and 2
Condition 2 (normal vector similarity) passed for clusters 1 and 2
Condition 3 (boundary curvature similarity) passed for clusters 1 and 2
Verification failed (innerPoint selection) for clusters 1 and 2
Sampled indices: 949 664 641 971 190 717 130 985 966 270 628 747 312 403 92 802 126 603 1018 801 929 48 468 574 827 866 696 420 407 875 
Normals flipped: true
  loading cloudForSpline.pcd
  1043 points in data set
  surface fitting ...
  loading cloudForSpline.pcd
  572 points in data set
  surface fitting ...
[DEBUG] Saving surface cluster PLY files in ASCII mode...
[ADAPTIVE CLUSTER 1] N=1715, min=10, max=5145
PointCloud representing the Cluster: 1715 data points.
[ADAPTIVE BOUNDARY] Cluster 0 has 1715 points, spacing≈24.15mm, boundary_r=15mm
Successfully found 3 clusters after 1 iterations.
Ply to XYZ start

Time after processing: 2.037 seconds
Copied Point file: Pot_A_Piece_26_Point.pcd
Copied Mesh file: Pot_A_Piece_26_Mesh.obj

Selected file: Dataset/Point/Pot_A/Pot_A_Piece_26_Point.pcd
[DEBUG getNormalsOnSurface] Starting function. Input points: 3498
[DEBUG getNormalsOnSurface] Creating Eigen matrix...
[DEBUG getNormalsOnSurface] Writing matrix to XYZ file...
[DEBUG getNormalsOnSurface] Reading XYZ file: fileForNormalEst_Sampled.xyz
[DEBUG getNormalsOnSurface] XYZ file read successfully. Points loaded: 3498
[ADAPTIVE CGAL] Using 5 neighbors for 3498 points (density-aware)
[DEBUG getNormalsOnSurface] PCA normal estimation complete.
[DEBUG getNormalsOnSurface] Orienting normals with MST...
[DEBUG getNormalsOnSurface] MST orientation complete.
[DEBUG getNormalsOnSurface] Erased unoriented points. Remaining: 3498
[DEBUG getNormalsOnSurface] Computing curvature for 3498 points...
[ADAPTIVE CURVATURE] Using K=11 for 3498 points
[DEBUG getNormalsOnSurface] Curvature computation complete.
[DEBUG getNormalsOnSurface] Saving PLY in ASCII mode...
[DEBUG downsamplePointCloud] Saving PLY in ASCII mode to avoid camera data issues...
Starting processing on: Dataset/Point/Pot_A/Pot_A_Piece_26_Point.pcd
Starting surface segmentation on: Temp/Data/Pot_A/Pot_A_Piece_26_SampledWithNormals.ply
[DEBUG] Loading PLY file: Temp/Data/Pot_A/Pot_A_Piece_26_SampledWithNormals.ply
[DEBUG] PLY file loaded successfully. Points: 3498
[DEBUG] Converting PointNormal to PointXYZ...
[DEBUG] Conversion complete. Cloud size: 3498
[DEBUG] Calling getNormalsOnSurface...
[DEBUG] Input cloud size: 3498
[DEBUG getNormalsOnSurface] Starting function. Input points: 3498
[DEBUG getNormalsOnSurface] Creating Eigen matrix...
[DEBUG getNormalsOnSurface] Writing matrix to XYZ file...
[DEBUG getNormalsOnSurface] Reading XYZ file: fileForNormalEst_Sampled.xyz
[DEBUG getNormalsOnSurface] XYZ file read successfully. Points loaded: 3498
[ADAPTIVE CGAL] Using 5 neighbors for 3498 points (density-aware)
[DEBUG getNormalsOnSurface] PCA normal estimation complete.
[DEBUG getNormalsOnSurface] Orienting normals with MST...
[DEBUG getNormalsOnSurface] MST orientation complete.
[DEBUG getNormalsOnSurface] Erased unoriented points. Remaining: 3498
[DEBUG getNormalsOnSurface] Computing curvature for 3498 points...
[ADAPTIVE CURVATURE] Using K=11 for 3498 points
[DEBUG getNormalsOnSurface] Curvature computation complete.
[DEBUG getNormalsOnSurface] Saving PLY in ASCII mode...
[DEBUG] getNormalsOnSurface completed successfully. Result points: 3498
[DEBUG] Extracting normals from sampled cloud...

Total points: 3498
Number of clusters is equal to 2
Points in 
Cluster 1 : 948
Cluster 2 : 853
Points in two clusters / Total Points in Pointcloud: 51.49%
Points in two clusters / Total Points in all clusters: 100%
Calling mergeClusters function.
mergeClusters function called.
Sampled indices: 765 404 555 752 96 565 376 601 376 684 911 214 315 293 393 131 789 214 507 811 358 524 816 599 799 743 338 11 736 500 
Normals flipped: true
  loading cloudForSpline.pcd
  948 points in data set
  surface fitting ...
  loading cloudForSpline.pcd
  853 points in data set
  surface fitting ...
[DEBUG] Saving surface cluster PLY files in ASCII mode...
[ADAPTIVE CLUSTER 1] N=1697, min=10, max=5091
PointCloud representing the Cluster: 1697 data points.
[ADAPTIVE BOUNDARY] Cluster 0 has 1697 points, spacing≈24.27mm, boundary_r=15mm
Successfully found 2 clusters after 1 iterations.
Ply to XYZ start

Time after processing: 1.807 seconds
Copied Point file: Pot_A_Piece_27_Point.pcd
Copied Mesh file: Pot_A_Piece_27_Mesh.obj

Selected file: Dataset/Point/Pot_A/Pot_A_Piece_27_Point.pcd
[DEBUG getNormalsOnSurface] Starting function. Input points: 1769
[DEBUG getNormalsOnSurface] Creating Eigen matrix...
[DEBUG getNormalsOnSurface] Writing matrix to XYZ file...
[DEBUG getNormalsOnSurface] Reading XYZ file: fileForNormalEst_Sampled.xyz
[DEBUG getNormalsOnSurface] XYZ file read successfully. Points loaded: 1769
[ADAPTIVE CGAL] Using 5 neighbors for 1769 points (density-aware)
[DEBUG getNormalsOnSurface] PCA normal estimation complete.
[DEBUG getNormalsOnSurface] Orienting normals with MST...
[DEBUG getNormalsOnSurface] MST orientation complete.
[DEBUG getNormalsOnSurface] Erased unoriented points. Remaining: 1763
[DEBUG getNormalsOnSurface] Computing curvature for 1763 points...
[ADAPTIVE CURVATURE] Using K=10 for 1763 points
[DEBUG getNormalsOnSurface] Curvature computation complete.
[DEBUG getNormalsOnSurface] Saving PLY in ASCII mode...
[DEBUG downsamplePointCloud] Saving PLY in ASCII mode to avoid camera data issues...
Starting processing on: Dataset/Point/Pot_A/Pot_A_Piece_27_Point.pcd
Starting surface segmentation on: Temp/Data/Pot_A/Pot_A_Piece_27_SampledWithNormals.ply
[DEBUG] Loading PLY file: Temp/Data/Pot_A/Pot_A_Piece_27_SampledWithNormals.ply
[DEBUG] PLY file loaded successfully. Points: 1763
[DEBUG] Converting PointNormal to PointXYZ...
[DEBUG] Conversion complete. Cloud size: 1763
[DEBUG] Calling getNormalsOnSurface...
[DEBUG] Input cloud size: 1763
[DEBUG getNormalsOnSurface] Starting function. Input points: 1763
[DEBUG getNormalsOnSurface] Creating Eigen matrix...
[DEBUG getNormalsOnSurface] Writing matrix to XYZ file...
[DEBUG getNormalsOnSurface] Reading XYZ file: fileForNormalEst_Sampled.xyz
[DEBUG getNormalsOnSurface] XYZ file read successfully. Points loaded: 1763
[ADAPTIVE CGAL] Using 5 neighbors for 1763 points (density-aware)
[DEBUG getNormalsOnSurface] PCA normal estimation complete.
[DEBUG getNormalsOnSurface] Orienting normals with MST...
[DEBUG getNormalsOnSurface] MST orientation complete.
[DEBUG getNormalsOnSurface] Erased unoriented points. Remaining: 1763
[DEBUG getNormalsOnSurface] Computing curvature for 1763 points...
[ADAPTIVE CURVATURE] Using K=10 for 1763 points
[DEBUG getNormalsOnSurface] Curvature computation complete.
[DEBUG getNormalsOnSurface] Saving PLY in ASCII mode...
[DEBUG] getNormalsOnSurface completed successfully. Result points: 1763
[DEBUG] Extracting normals from sampled cloud...

Total points: 1763
Number of clusters is equal to 2
Points in 
Cluster 1 : 440
Cluster 2 : 316
Points in two clusters / Total Points in Pointcloud: 42.88%
Points in two clusters / Total Points in all clusters: 100%
Calling mergeClusters function.
mergeClusters function called.
Sampled indices: 48 180 142 50 408 372 278 337 18 410 45 132 80 395 436 394 387 137 96 373 96 286 292 284 215 84 205 219 222 103 
Normals flipped: true
  loading cloudForSpline.pcd
  440 points in data set
  surface fitting ...
  loading cloudForSpline.pcd
  316 points in data set
  surface fitting ...
[DEBUG] Saving surface cluster PLY files in ASCII mode...
[ADAPTIVE CLUSTER 1] N=1007, min=10, max=3021
PointCloud representing the Cluster: 1007 data points.
[ADAPTIVE BOUNDARY] Cluster 0 has 1007 points, spacing≈31.51mm, boundary_r=15mm
Successfully found 2 clusters after 1 iterations.
Ply to XYZ start

Time after processing: 1.007 seconds
Copied Point file: Pot_A_Piece_28_Point.pcd
Copied Mesh file: Pot_A_Piece_28_Mesh.obj

Selected file: Dataset/Point/Pot_A/Pot_A_Piece_28_Point.pcd
[DEBUG getNormalsOnSurface] Starting function. Input points: 8918
[DEBUG getNormalsOnSurface] Creating Eigen matrix...
[DEBUG getNormalsOnSurface] Writing matrix to XYZ file...
[DEBUG getNormalsOnSurface] Reading XYZ file: fileForNormalEst_Sampled.xyz
[DEBUG getNormalsOnSurface] XYZ file read successfully. Points loaded: 8918
[ADAPTIVE CGAL] Using 8 neighbors for 8918 points (density-aware)
[DEBUG getNormalsOnSurface] PCA normal estimation complete.
[DEBUG getNormalsOnSurface] Orienting normals with MST...
[DEBUG getNormalsOnSurface] MST orientation complete.
[DEBUG getNormalsOnSurface] Erased unoriented points. Remaining: 8918
[DEBUG getNormalsOnSurface] Computing curvature for 8918 points...
[ADAPTIVE CURVATURE] Using K=29 for 8918 points
[DEBUG getNormalsOnSurface] Curvature computation complete.
[DEBUG getNormalsOnSurface] Saving PLY in ASCII mode...
[DEBUG downsamplePointCloud] Saving PLY in ASCII mode to avoid camera data issues...
Starting processing on: Dataset/Point/Pot_A/Pot_A_Piece_28_Point.pcd
Starting surface segmentation on: Temp/Data/Pot_A/Pot_A_Piece_28_SampledWithNormals.ply
[DEBUG] Loading PLY file: Temp/Data/Pot_A/Pot_A_Piece_28_SampledWithNormals.ply
[DEBUG] PLY file loaded successfully. Points: 8918
[DEBUG] Converting PointNormal to PointXYZ...
[DEBUG] Conversion complete. Cloud size: 8918
[DEBUG] Calling getNormalsOnSurface...
[DEBUG] Input cloud size: 8918
[DEBUG getNormalsOnSurface] Starting function. Input points: 8918
[DEBUG getNormalsOnSurface] Creating Eigen matrix...
[DEBUG getNormalsOnSurface] Writing matrix to XYZ file...
[DEBUG getNormalsOnSurface] Reading XYZ file: fileForNormalEst_Sampled.xyz
[DEBUG getNormalsOnSurface] XYZ file read successfully. Points loaded: 8918
[ADAPTIVE CGAL] Using 8 neighbors for 8918 points (density-aware)
[DEBUG getNormalsOnSurface] PCA normal estimation complete.
[DEBUG getNormalsOnSurface] Orienting normals with MST...
[DEBUG getNormalsOnSurface] MST orientation complete.
[DEBUG getNormalsOnSurface] Erased unoriented points. Remaining: 8918
[DEBUG getNormalsOnSurface] Computing curvature for 8918 points...
[ADAPTIVE CURVATURE] Using K=29 for 8918 points
[DEBUG getNormalsOnSurface] Curvature computation complete.
[DEBUG getNormalsOnSurface] Saving PLY in ASCII mode...
[DEBUG] getNormalsOnSurface completed successfully. Result points: 8918
[DEBUG] Extracting normals from sampled cloud...

Total points: 8918
Number of clusters is equal to 4
Points in 
Cluster 1 : 3090
Cluster 2 : 2992
Cluster 3 : 56
Cluster 4 : 55
Points in two clusters / Total Points in Pointcloud: 68.2%
Points in two clusters / Total Points in all clusters: 98.21%
Calling mergeClusters function.
mergeClusters function called.
Sampled indices: 534 1354 178 496 2984 291 2995 1493 2923 2980 973 1578 2834 960 2253 1797 915 57 814 452 1169 385 1907 1195 1337 2435 637 3076 2072 2224 
Normals flipped: true
  loading cloudForSpline.pcd
  3090 points in data set
  surface fitting ...
  loading cloudForSpline.pcd
  2992 points in data set
  surface fitting ...
[DEBUG] Saving surface cluster PLY files in ASCII mode...
[ADAPTIVE CLUSTER 1] N=2725, min=10, max=8175
PointCloud representing the Cluster: 2725 data points.
[ADAPTIVE BOUNDARY] Cluster 0 has 2725 points, spacing≈19.16mm, boundary_r=15mm
Successfully found 4 clusters after 1 iterations.
Ply to XYZ start

Time after processing: 4.405 seconds
Copied Point file: Pot_A_Piece_29_Point.pcd
Copied Mesh file: Pot_A_Piece_29_Mesh.obj

Selected file: Dataset/Point/Pot_A/Pot_A_Piece_29_Point.pcd
[DEBUG getNormalsOnSurface] Starting function. Input points: 3098
[DEBUG getNormalsOnSurface] Creating Eigen matrix...
[DEBUG getNormalsOnSurface] Writing matrix to XYZ file...
[DEBUG getNormalsOnSurface] Reading XYZ file: fileForNormalEst_Sampled.xyz
[DEBUG getNormalsOnSurface] XYZ file read successfully. Points loaded: 3098
[ADAPTIVE CGAL] Using 5 neighbors for 3098 points (density-aware)
[DEBUG getNormalsOnSurface] PCA normal estimation complete.
[DEBUG getNormalsOnSurface] Orienting normals with MST...
[DEBUG getNormalsOnSurface] MST orientation complete.
[DEBUG getNormalsOnSurface] Erased unoriented points. Remaining: 3098
[DEBUG getNormalsOnSurface] Computing curvature for 3098 points...
[ADAPTIVE CURVATURE] Using K=10 for 3098 points
[DEBUG getNormalsOnSurface] Curvature computation complete.
[DEBUG getNormalsOnSurface] Saving PLY in ASCII mode...
[DEBUG downsamplePointCloud] Saving PLY in ASCII mode to avoid camera data issues...
Starting processing on: Dataset/Point/Pot_A/Pot_A_Piece_29_Point.pcd
Starting surface segmentation on: Temp/Data/Pot_A/Pot_A_Piece_29_SampledWithNormals.ply
[DEBUG] Loading PLY file: Temp/Data/Pot_A/Pot_A_Piece_29_SampledWithNormals.ply
[DEBUG] PLY file loaded successfully. Points: 3098
[DEBUG] Converting PointNormal to PointXYZ...
[DEBUG] Conversion complete. Cloud size: 3098
[DEBUG] Calling getNormalsOnSurface...
[DEBUG] Input cloud size: 3098
[DEBUG getNormalsOnSurface] Starting function. Input points: 3098
[DEBUG getNormalsOnSurface] Creating Eigen matrix...
[DEBUG getNormalsOnSurface] Writing matrix to XYZ file...
[DEBUG getNormalsOnSurface] Reading XYZ file: fileForNormalEst_Sampled.xyz
[DEBUG getNormalsOnSurface] XYZ file read successfully. Points loaded: 3098
[ADAPTIVE CGAL] Using 5 neighbors for 3098 points (density-aware)
[DEBUG getNormalsOnSurface] PCA normal estimation complete.
[DEBUG getNormalsOnSurface] Orienting normals with MST...
[DEBUG getNormalsOnSurface] MST orientation complete.
[DEBUG getNormalsOnSurface] Erased unoriented points. Remaining: 3098
[DEBUG getNormalsOnSurface] Computing curvature for 3098 points...
[ADAPTIVE CURVATURE] Using K=10 for 3098 points
[DEBUG getNormalsOnSurface] Curvature computation complete.
[DEBUG getNormalsOnSurface] Saving PLY in ASCII mode...
[DEBUG] getNormalsOnSurface completed successfully. Result points: 3098
[DEBUG] Extracting normals from sampled cloud...

Total points: 3098
Number of clusters is equal to 3
Points in 
Cluster 1 : 813
Cluster 2 : 631
Cluster 3 : 65
Points in two clusters / Total Points in Pointcloud: 46.61%
Points in two clusters / Total Points in all clusters: 95.69%
Calling mergeClusters function.
mergeClusters function called.
Sampled indices: 335 14 623 707 298 104 692 512 503 732 653 360 441 429 540 762 57 648 517 421 116 92 355 498 768 378 203 129 228 111 
Normals flipped: true
  loading cloudForSpline.pcd
  813 points in data set
  surface fitting ...
  loading cloudForSpline.pcd
  631 points in data set
  surface fitting ...
[DEBUG] Saving surface cluster PLY files in ASCII mode...
[ADAPTIVE CLUSTER 1] N=1589, min=10, max=4767
PointCloud representing the Cluster: 1589 data points.
[ADAPTIVE BOUNDARY] Cluster 0 has 1589 points, spacing≈25.09mm, boundary_r=15mm
Successfully found 3 clusters after 1 iterations.
Ply to XYZ start

Time after processing: 1.726 seconds
Copied Point file: Pot_A_Piece_30_Point.pcd
Copied Mesh file: Pot_A_Piece_30_Mesh.obj

Selected file: Dataset/Point/Pot_A/Pot_A_Piece_30_Point.pcd
[DEBUG getNormalsOnSurface] Starting function. Input points: 2149
[DEBUG getNormalsOnSurface] Creating Eigen matrix...
[DEBUG getNormalsOnSurface] Writing matrix to XYZ file...
[DEBUG getNormalsOnSurface] Reading XYZ file: fileForNormalEst_Sampled.xyz
[DEBUG getNormalsOnSurface] XYZ file read successfully. Points loaded: 2149
[ADAPTIVE CGAL] Using 5 neighbors for 2149 points (density-aware)
[DEBUG getNormalsOnSurface] PCA normal estimation complete.
[DEBUG getNormalsOnSurface] Orienting normals with MST...
[DEBUG getNormalsOnSurface] MST orientation complete.
[DEBUG getNormalsOnSurface] Erased unoriented points. Remaining: 2149
[DEBUG getNormalsOnSurface] Computing curvature for 2149 points...
[ADAPTIVE CURVATURE] Using K=10 for 2149 points
[DEBUG getNormalsOnSurface] Curvature computation complete.
[DEBUG getNormalsOnSurface] Saving PLY in ASCII mode...
[DEBUG downsamplePointCloud] Saving PLY in ASCII mode to avoid camera data issues...
Starting processing on: Dataset/Point/Pot_A/Pot_A_Piece_30_Point.pcd
Starting surface segmentation on: Temp/Data/Pot_A/Pot_A_Piece_30_SampledWithNormals.ply
[DEBUG] Loading PLY file: Temp/Data/Pot_A/Pot_A_Piece_30_SampledWithNormals.ply
[DEBUG] PLY file loaded successfully. Points: 2149
[DEBUG] Converting PointNormal to PointXYZ...
[DEBUG] Conversion complete. Cloud size: 2149
[DEBUG] Calling getNormalsOnSurface...
[DEBUG] Input cloud size: 2149
[DEBUG getNormalsOnSurface] Starting function. Input points: 2149
[DEBUG getNormalsOnSurface] Creating Eigen matrix...
[DEBUG getNormalsOnSurface] Writing matrix to XYZ file...
[DEBUG getNormalsOnSurface] Reading XYZ file: fileForNormalEst_Sampled.xyz
[DEBUG getNormalsOnSurface] XYZ file read successfully. Points loaded: 2149
[ADAPTIVE CGAL] Using 5 neighbors for 2149 points (density-aware)
[DEBUG getNormalsOnSurface] PCA normal estimation complete.
[DEBUG getNormalsOnSurface] Orienting normals with MST...
[DEBUG getNormalsOnSurface] MST orientation complete.
[DEBUG getNormalsOnSurface] Erased unoriented points. Remaining: 2149
[DEBUG getNormalsOnSurface] Computing curvature for 2149 points...
[ADAPTIVE CURVATURE] Using K=10 for 2149 points
[DEBUG getNormalsOnSurface] Curvature computation complete.
[DEBUG getNormalsOnSurface] Saving PLY in ASCII mode...
[DEBUG] getNormalsOnSurface completed successfully. Result points: 2149
[DEBUG] Extracting normals from sampled cloud...

Total points: 2149
Number of clusters is equal to 3
Points in 
Cluster 1 : 354
Cluster 2 : 271
Cluster 3 : 63
Points in two clusters / Total Points in Pointcloud: 29.08%
Points in two clusters / Total Points in all clusters: 90.84%
Calling mergeClusters function.
mergeClusters function called.
Sampled indices: 111 186 19 261 33 70 56 61 8 213 2 8 91 281 301 262 329 229 129 172 345 153 330 60 34 1 59 8 323 159 
Normals flipped: true
  loading cloudForSpline.pcd
  354 points in data set
  surface fitting ...
  loading cloudForSpline.pcd
  271 points in data set
  surface fitting ...
[DEBUG] Saving surface cluster PLY files in ASCII mode...
[ADAPTIVE CLUSTER 1] N=1461, min=10, max=4383
PointCloud representing the Cluster: 1461 data points.
[ADAPTIVE BOUNDARY] Cluster 0 has 1461 points, spacing≈26.16mm, boundary_r=15mm
Successfully found 3 clusters after 1 iterations.
Ply to XYZ start

Time after processing: 1.695 seconds
Copied Point file: Pot_A_Piece_31_Point.pcd
Copied Mesh file: Pot_A_Piece_31_Mesh.obj

Selected file: Dataset/Point/Pot_A/Pot_A_Piece_31_Point.pcd
[DEBUG getNormalsOnSurface] Starting function. Input points: 8228
[DEBUG getNormalsOnSurface] Creating Eigen matrix...
[DEBUG getNormalsOnSurface] Writing matrix to XYZ file...
[DEBUG getNormalsOnSurface] Reading XYZ file: fileForNormalEst_Sampled.xyz
[DEBUG getNormalsOnSurface] XYZ file read successfully. Points loaded: 8228
[ADAPTIVE CGAL] Using 8 neighbors for 8228 points (density-aware)
[DEBUG getNormalsOnSurface] PCA normal estimation complete.
[DEBUG getNormalsOnSurface] Orienting normals with MST...
[DEBUG getNormalsOnSurface] MST orientation complete.
[DEBUG getNormalsOnSurface] Erased unoriented points. Remaining: 8228
[DEBUG getNormalsOnSurface] Computing curvature for 8228 points...
[ADAPTIVE CURVATURE] Using K=27 for 8228 points
[DEBUG getNormalsOnSurface] Curvature computation complete.
[DEBUG getNormalsOnSurface] Saving PLY in ASCII mode...
[DEBUG downsamplePointCloud] Saving PLY in ASCII mode to avoid camera data issues...
Starting processing on: Dataset/Point/Pot_A/Pot_A_Piece_31_Point.pcd
Starting surface segmentation on: Temp/Data/Pot_A/Pot_A_Piece_31_SampledWithNormals.ply
[DEBUG] Loading PLY file: Temp/Data/Pot_A/Pot_A_Piece_31_SampledWithNormals.ply
[DEBUG] PLY file loaded successfully. Points: 8228
[DEBUG] Converting PointNormal to PointXYZ...
[DEBUG] Conversion complete. Cloud size: 8228
[DEBUG] Calling getNormalsOnSurface...
[DEBUG] Input cloud size: 8228
[DEBUG getNormalsOnSurface] Starting function. Input points: 8228
[DEBUG getNormalsOnSurface] Creating Eigen matrix...
[DEBUG getNormalsOnSurface] Writing matrix to XYZ file...
[DEBUG getNormalsOnSurface] Reading XYZ file: fileForNormalEst_Sampled.xyz
[DEBUG getNormalsOnSurface] XYZ file read successfully. Points loaded: 8228
[ADAPTIVE CGAL] Using 8 neighbors for 8228 points (density-aware)
[DEBUG getNormalsOnSurface] PCA normal estimation complete.
[DEBUG getNormalsOnSurface] Orienting normals with MST...
[DEBUG getNormalsOnSurface] MST orientation complete.
[DEBUG getNormalsOnSurface] Erased unoriented points. Remaining: 8228
[DEBUG getNormalsOnSurface] Computing curvature for 8228 points...
[ADAPTIVE CURVATURE] Using K=27 for 8228 points
[DEBUG getNormalsOnSurface] Curvature computation complete.
[DEBUG getNormalsOnSurface] Saving PLY in ASCII mode...
[DEBUG] getNormalsOnSurface completed successfully. Result points: 8228
[DEBUG] Extracting normals from sampled cloud...

Total points: 8228
Number of clusters is equal to 3
Points in 
Cluster 1 : 2711
Cluster 2 : 2589
Cluster 3 : 54
Points in two clusters / Total Points in Pointcloud: 64.41%
Points in two clusters / Total Points in all clusters: 98.99%
Calling mergeClusters function.
mergeClusters function called.
Condition 1 (closest point pairs) passed for clusters 1 and 2
Condition 2 (normal vector similarity) passed for clusters 1 and 2
Condition 3 (boundary curvature similarity) passed for clusters 1 and 2
Verification failed (innerPoint selection) for clusters 1 and 2
Sampled indices: 1832 2282 2384 2595 2456 1229 1215 1945 1524 2057 2518 2617 263 1775 2040 2017 1168 1704 1095 359 927 51 226 68 2537 1464 1677 1793 1071 1044 
Normals flipped: true
  loading cloudForSpline.pcd
  2711 points in data set
  surface fitting ...
  loading cloudForSpline.pcd
  2589 points in data set
  surface fitting ...
[DEBUG] Saving surface cluster PLY files in ASCII mode...
[ADAPTIVE CLUSTER 1] N=2874, min=10, max=8622
PointCloud representing the Cluster: 2874 data points.
[ADAPTIVE BOUNDARY] Cluster 0 has 2874 points, spacing≈18.65mm, boundary_r=15mm
Successfully found 3 clusters after 1 iterations.
Ply to XYZ start

Time after processing: 4.481 seconds
Copied Point file: Pot_A_Piece_32_Point.pcd
Copied Mesh file: Pot_A_Piece_32_Mesh.obj

Selected file: Dataset/Point/Pot_A/Pot_A_Piece_32_Point.pcd
[DEBUG getNormalsOnSurface] Starting function. Input points: 11566
[DEBUG getNormalsOnSurface] Creating Eigen matrix...
[DEBUG getNormalsOnSurface] Writing matrix to XYZ file...
[DEBUG getNormalsOnSurface] Reading XYZ file: fileForNormalEst_Sampled.xyz
[DEBUG getNormalsOnSurface] XYZ file read successfully. Points loaded: 11566
[ADAPTIVE CGAL] Using 11 neighbors for 11566 points (density-aware)
[DEBUG getNormalsOnSurface] PCA normal estimation complete.
[DEBUG getNormalsOnSurface] Orienting normals with MST...
[DEBUG getNormalsOnSurface] MST orientation complete.
[DEBUG getNormalsOnSurface] Erased unoriented points. Remaining: 11566
[DEBUG getNormalsOnSurface] Computing curvature for 11566 points...
[ADAPTIVE CURVATURE] Using K=38 for 11566 points
[DEBUG getNormalsOnSurface] Curvature computation complete.
[DEBUG getNormalsOnSurface] Saving PLY in ASCII mode...
[DEBUG downsamplePointCloud] Saving PLY in ASCII mode to avoid camera data issues...
Starting processing on: Dataset/Point/Pot_A/Pot_A_Piece_32_Point.pcd
Starting surface segmentation on: Temp/Data/Pot_A/Pot_A_Piece_32_SampledWithNormals.ply
[DEBUG] Loading PLY file: Temp/Data/Pot_A/Pot_A_Piece_32_SampledWithNormals.ply
[DEBUG] PLY file loaded successfully. Points: 11566
[DEBUG] Converting PointNormal to PointXYZ...
[DEBUG] Conversion complete. Cloud size: 11566
[DEBUG] Calling getNormalsOnSurface...
[DEBUG] Input cloud size: 11566
[DEBUG getNormalsOnSurface] Starting function. Input points: 11566
[DEBUG getNormalsOnSurface] Creating Eigen matrix...
[DEBUG getNormalsOnSurface] Writing matrix to XYZ file...
[DEBUG getNormalsOnSurface] Reading XYZ file: fileForNormalEst_Sampled.xyz
[DEBUG getNormalsOnSurface] XYZ file read successfully. Points loaded: 11566
[ADAPTIVE CGAL] Using 11 neighbors for 11566 points (density-aware)
[DEBUG getNormalsOnSurface] PCA normal estimation complete.
[DEBUG getNormalsOnSurface] Orienting normals with MST...
[DEBUG getNormalsOnSurface] MST orientation complete.
[DEBUG getNormalsOnSurface] Erased unoriented points. Remaining: 11566
[DEBUG getNormalsOnSurface] Computing curvature for 11566 points...
[ADAPTIVE CURVATURE] Using K=38 for 11566 points
[DEBUG getNormalsOnSurface] Curvature computation complete.
[DEBUG getNormalsOnSurface] Saving PLY in ASCII mode...
[DEBUG] getNormalsOnSurface completed successfully. Result points: 11566
[DEBUG] Extracting normals from sampled cloud...

Total points: 11566
Number of clusters is equal to 6
Points in 
Cluster 1 : 4291
Cluster 2 : 4194
Cluster 3 : 69
Cluster 4 : 62
Cluster 5 : 56
Cluster 6 : 54
Points in two clusters / Total Points in Pointcloud: 73.36%
Points in two clusters / Total Points in all clusters: 97.24%
Calling mergeClusters function.
mergeClusters function called.
Sampled indices: 775 1288 823 1242 2754 205 1774 2612 2488 1706 2785 404 2625 687 2687 2139 2158 454 820 3624 3622 3381 602 2469 306 2108 468 34 179 2095 
Normals flipped: true
  loading cloudForSpline.pcd
  4291 points in data set
  surface fitting ...
  loading cloudForSpline.pcd
  4194 points in data set
  surface fitting ...
[DEBUG] Saving surface cluster PLY files in ASCII mode...
[ADAPTIVE CLUSTER 1] N=2840, min=10, max=8520
PointCloud representing the Cluster: 2840 data points.
[ADAPTIVE BOUNDARY] Cluster 0 has 2840 points, spacing≈18.76mm, boundary_r=15mm
Successfully found 6 clusters after 1 iterations.
Ply to XYZ start

Time after processing: 5.614 seconds
Copied Point file: Pot_A_Piece_33_Point.pcd
Copied Mesh file: Pot_A_Piece_33_Mesh.obj

Selected file: Dataset/Point/Pot_A/Pot_A_Piece_33_Point.pcd
[DEBUG getNormalsOnSurface] Starting function. Input points: 9318
[DEBUG getNormalsOnSurface] Creating Eigen matrix...
[DEBUG getNormalsOnSurface] Writing matrix to XYZ file...
[DEBUG getNormalsOnSurface] Reading XYZ file: fileForNormalEst_Sampled.xyz
[DEBUG getNormalsOnSurface] XYZ file read successfully. Points loaded: 9318
[ADAPTIVE CGAL] Using 9 neighbors for 9318 points (density-aware)
[DEBUG getNormalsOnSurface] PCA normal estimation complete.
[DEBUG getNormalsOnSurface] Orienting normals with MST...
[DEBUG getNormalsOnSurface] MST orientation complete.
[DEBUG getNormalsOnSurface] Erased unoriented points. Remaining: 9318
[DEBUG getNormalsOnSurface] Computing curvature for 9318 points...
[ADAPTIVE CURVATURE] Using K=31 for 9318 points
[DEBUG getNormalsOnSurface] Curvature computation complete.
[DEBUG getNormalsOnSurface] Saving PLY in ASCII mode...
[DEBUG downsamplePointCloud] Saving PLY in ASCII mode to avoid camera data issues...
Starting processing on: Dataset/Point/Pot_A/Pot_A_Piece_33_Point.pcd
Starting surface segmentation on: Temp/Data/Pot_A/Pot_A_Piece_33_SampledWithNormals.ply
[DEBUG] Loading PLY file: Temp/Data/Pot_A/Pot_A_Piece_33_SampledWithNormals.ply
[DEBUG] PLY file loaded successfully. Points: 9318
[DEBUG] Converting PointNormal to PointXYZ...
[DEBUG] Conversion complete. Cloud size: 9318
[DEBUG] Calling getNormalsOnSurface...
[DEBUG] Input cloud size: 9318
[DEBUG getNormalsOnSurface] Starting function. Input points: 9318
[DEBUG getNormalsOnSurface] Creating Eigen matrix...
[DEBUG getNormalsOnSurface] Writing matrix to XYZ file...
[DEBUG getNormalsOnSurface] Reading XYZ file: fileForNormalEst_Sampled.xyz
[DEBUG getNormalsOnSurface] XYZ file read successfully. Points loaded: 9318
[ADAPTIVE CGAL] Using 9 neighbors for 9318 points (density-aware)
[DEBUG getNormalsOnSurface] PCA normal estimation complete.
[DEBUG getNormalsOnSurface] Orienting normals with MST...
[DEBUG getNormalsOnSurface] MST orientation complete.
[DEBUG getNormalsOnSurface] Erased unoriented points. Remaining: 9318
[DEBUG getNormalsOnSurface] Computing curvature for 9318 points...
[ADAPTIVE CURVATURE] Using K=31 for 9318 points
[DEBUG getNormalsOnSurface] Curvature computation complete.
[DEBUG getNormalsOnSurface] Saving PLY in ASCII mode...
[DEBUG] getNormalsOnSurface completed successfully. Result points: 9318
[DEBUG] Extracting normals from sampled cloud...

Total points: 9318
Number of clusters is equal to 5
Points in 
Cluster 1 : 3065
Cluster 2 : 3028
Cluster 3 : 78
Cluster 4 : 58
Cluster 5 : 51
Points in two clusters / Total Points in Pointcloud: 65.39%
Points in two clusters / Total Points in all clusters: 97.02%
Calling mergeClusters function.
mergeClusters function called.
Sampled indices: 1466 1944 1051 408 1043 746 524 2980 1621 3035 2451 2967 69 468 1900 2473 535 1378 2500 269 1840 539 2592 3051 1336 2664 1717 2971 257 1079 
Normals flipped: true
  loading cloudForSpline.pcd
  3065 points in data set
  surface fitting ...
  loading cloudForSpline.pcd
  3028 points in data set
  surface fitting ...
[DEBUG] Saving surface cluster PLY files in ASCII mode...
[ADAPTIVE CLUSTER 1] N=3038, min=10, max=9114
PointCloud representing the Cluster: 3038 data points.
[ADAPTIVE BOUNDARY] Cluster 0 has 3038 points, spacing≈18.14mm, boundary_r=15mm
Successfully found 5 clusters after 1 iterations.
Ply to XYZ start

Time after processing: 4.971 seconds
Copied Point file: Pot_A_Piece_34_Point.pcd
Copied Mesh file: Pot_A_Piece_34_Mesh.obj

Selected file: Dataset/Point/Pot_A/Pot_A_Piece_34_Point.pcd
[DEBUG getNormalsOnSurface] Starting function. Input points: 11596
[DEBUG getNormalsOnSurface] Creating Eigen matrix...
[DEBUG getNormalsOnSurface] Writing matrix to XYZ file...
[DEBUG getNormalsOnSurface] Reading XYZ file: fileForNormalEst_Sampled.xyz
[DEBUG getNormalsOnSurface] XYZ file read successfully. Points loaded: 11596
[ADAPTIVE CGAL] Using 11 neighbors for 11596 points (density-aware)
[DEBUG getNormalsOnSurface] PCA normal estimation complete.
[DEBUG getNormalsOnSurface] Orienting normals with MST...
[DEBUG getNormalsOnSurface] MST orientation complete.
[DEBUG getNormalsOnSurface] Erased unoriented points. Remaining: 11596
[DEBUG getNormalsOnSurface] Computing curvature for 11596 points...
[ADAPTIVE CURVATURE] Using K=38 for 11596 points
[DEBUG getNormalsOnSurface] Curvature computation complete.
[DEBUG getNormalsOnSurface] Saving PLY in ASCII mode...
[DEBUG downsamplePointCloud] Saving PLY in ASCII mode to avoid camera data issues...
Starting processing on: Dataset/Point/Pot_A/Pot_A_Piece_34_Point.pcd
Starting surface segmentation on: Temp/Data/Pot_A/Pot_A_Piece_34_SampledWithNormals.ply
[DEBUG] Loading PLY file: Temp/Data/Pot_A/Pot_A_Piece_34_SampledWithNormals.ply
[DEBUG] PLY file loaded successfully. Points: 11596
[DEBUG] Converting PointNormal to PointXYZ...
[DEBUG] Conversion complete. Cloud size: 11596
[DEBUG] Calling getNormalsOnSurface...
[DEBUG] Input cloud size: 11596
[DEBUG getNormalsOnSurface] Starting function. Input points: 11596
[DEBUG getNormalsOnSurface] Creating Eigen matrix...
[DEBUG getNormalsOnSurface] Writing matrix to XYZ file...
[DEBUG getNormalsOnSurface] Reading XYZ file: fileForNormalEst_Sampled.xyz
[DEBUG getNormalsOnSurface] XYZ file read successfully. Points loaded: 11596
[ADAPTIVE CGAL] Using 11 neighbors for 11596 points (density-aware)
[DEBUG getNormalsOnSurface] PCA normal estimation complete.
[DEBUG getNormalsOnSurface] Orienting normals with MST...
[DEBUG getNormalsOnSurface] MST orientation complete.
[DEBUG getNormalsOnSurface] Erased unoriented points. Remaining: 11596
[DEBUG getNormalsOnSurface] Computing curvature for 11596 points...
[ADAPTIVE CURVATURE] Using K=38 for 11596 points
[DEBUG getNormalsOnSurface] Curvature computation complete.
[DEBUG getNormalsOnSurface] Saving PLY in ASCII mode...
[DEBUG] getNormalsOnSurface completed successfully. Result points: 11596
[DEBUG] Extracting normals from sampled cloud...

Total points: 11596
Number of clusters is equal to 4
Points in 
Cluster 1 : 4660
Cluster 2 : 4272
Cluster 3 : 272
Cluster 4 : 61
Points in two clusters / Total Points in Pointcloud: 77.03%
Points in two clusters / Total Points in all clusters: 96.41%
Calling mergeClusters function.
mergeClusters function called.
Sampled indices: 4334 2568 732 2080 4382 307 258 4585 1885 4135 3357 3734 3556 2678 3100 832 4658 1534 869 2212 2589 2791 1496 3456 3766 1070 808 1267 1630 3075 
Normals flipped: true
  loading cloudForSpline.pcd
  4660 points in data set
  surface fitting ...
  loading cloudForSpline.pcd
  4272 points in data set
  surface fitting ...
[DEBUG] Saving surface cluster PLY files in ASCII mode...
[ADAPTIVE CLUSTER 1] N=2331, min=10, max=6993
PointCloud representing the Cluster: 2331 data points.
[ADAPTIVE BOUNDARY] Cluster 0 has 2331 points, spacing≈20.71mm, boundary_r=15mm
Successfully found 4 clusters after 1 iterations.
Ply to XYZ start

Time after processing: 4.791 seconds
Copied Point file: Pot_A_Piece_35_Point.pcd
Copied Mesh file: Pot_A_Piece_35_Mesh.obj

Selected file: Dataset/Point/Pot_A/Pot_A_Piece_35_Point.pcd
[DEBUG getNormalsOnSurface] Starting function. Input points: 11784
[DEBUG getNormalsOnSurface] Creating Eigen matrix...
[DEBUG getNormalsOnSurface] Writing matrix to XYZ file...
[DEBUG getNormalsOnSurface] Reading XYZ file: fileForNormalEst_Sampled.xyz
[DEBUG getNormalsOnSurface] XYZ file read successfully. Points loaded: 11784
[ADAPTIVE CGAL] Using 11 neighbors for 11784 points (density-aware)
[DEBUG getNormalsOnSurface] PCA normal estimation complete.
[DEBUG getNormalsOnSurface] Orienting normals with MST...
[DEBUG getNormalsOnSurface] MST orientation complete.
[DEBUG getNormalsOnSurface] Erased unoriented points. Remaining: 11784
[DEBUG getNormalsOnSurface] Computing curvature for 11784 points...
[ADAPTIVE CURVATURE] Using K=39 for 11784 points
[DEBUG getNormalsOnSurface] Curvature computation complete.
[DEBUG getNormalsOnSurface] Saving PLY in ASCII mode...
[DEBUG downsamplePointCloud] Saving PLY in ASCII mode to avoid camera data issues...
Starting processing on: Dataset/Point/Pot_A/Pot_A_Piece_35_Point.pcd
Starting surface segmentation on: Temp/Data/Pot_A/Pot_A_Piece_35_SampledWithNormals.ply
[DEBUG] Loading PLY file: Temp/Data/Pot_A/Pot_A_Piece_35_SampledWithNormals.ply
[DEBUG] PLY file loaded successfully. Points: 11784
[DEBUG] Converting PointNormal to PointXYZ...
[DEBUG] Conversion complete. Cloud size: 11784
[DEBUG] Calling getNormalsOnSurface...
[DEBUG] Input cloud size: 11784
[DEBUG getNormalsOnSurface] Starting function. Input points: 11784
[DEBUG getNormalsOnSurface] Creating Eigen matrix...
[DEBUG getNormalsOnSurface] Writing matrix to XYZ file...
[DEBUG getNormalsOnSurface] Reading XYZ file: fileForNormalEst_Sampled.xyz
[DEBUG getNormalsOnSurface] XYZ file read successfully. Points loaded: 11784
[ADAPTIVE CGAL] Using 11 neighbors for 11784 points (density-aware)
[DEBUG getNormalsOnSurface] PCA normal estimation complete.
[DEBUG getNormalsOnSurface] Orienting normals with MST...
[DEBUG getNormalsOnSurface] MST orientation complete.
[DEBUG getNormalsOnSurface] Erased unoriented points. Remaining: 11784
[DEBUG getNormalsOnSurface] Computing curvature for 11784 points...
[ADAPTIVE CURVATURE] Using K=39 for 11784 points
[DEBUG getNormalsOnSurface] Curvature computation complete.
[DEBUG getNormalsOnSurface] Saving PLY in ASCII mode...
[DEBUG] getNormalsOnSurface completed successfully. Result points: 11784
[DEBUG] Extracting normals from sampled cloud...

Total points: 11784
Number of clusters is equal to 2
Points in 
Cluster 1 : 4720
Cluster 2 : 4683
Points in two clusters / Total Points in Pointcloud: 79.79%
Points in two clusters / Total Points in all clusters: 100%
Calling mergeClusters function.
mergeClusters function called.
Sampled indices: 2932 2457 2519 2279 3158 3152 984 127 3164 3294 4194 178 1769 2333 909 518 1132 1088 15 202 392 2331 4477 2286 4173 3792 4116 4193 2139 3321 
Normals flipped: true
  loading cloudForSpline.pcd
  4720 points in data set
  surface fitting ...
  loading cloudForSpline.pcd
  4683 points in data set
  surface fitting ...
[DEBUG] Saving surface cluster PLY files in ASCII mode...
[ADAPTIVE CLUSTER 1] N=2381, min=10, max=7143
PointCloud representing the Cluster: 2381 data points.
[ADAPTIVE BOUNDARY] Cluster 0 has 2381 points, spacing≈20.49mm, boundary_r=15mm
Successfully found 2 clusters after 1 iterations.
Ply to XYZ start

Time after processing: 4.796 seconds
Copied Point file: Pot_A_Piece_36_Point.pcd
Copied Mesh file: Pot_A_Piece_36_Mesh.obj

Selected file: Dataset/Point/Pot_A/Pot_A_Piece_36_Point.pcd
[DEBUG getNormalsOnSurface] Starting function. Input points: 11967
[DEBUG getNormalsOnSurface] Creating Eigen matrix...
[DEBUG getNormalsOnSurface] Writing matrix to XYZ file...
[DEBUG getNormalsOnSurface] Reading XYZ file: fileForNormalEst_Sampled.xyz
[DEBUG getNormalsOnSurface] XYZ file read successfully. Points loaded: 11967
[ADAPTIVE CGAL] Using 11 neighbors for 11967 points (density-aware)
[DEBUG getNormalsOnSurface] PCA normal estimation complete.
[DEBUG getNormalsOnSurface] Orienting normals with MST...
[DEBUG getNormalsOnSurface] MST orientation complete.
[DEBUG getNormalsOnSurface] Erased unoriented points. Remaining: 11967
[DEBUG getNormalsOnSurface] Computing curvature for 11967 points...
[ADAPTIVE CURVATURE] Using K=39 for 11967 points
[DEBUG getNormalsOnSurface] Curvature computation complete.
[DEBUG getNormalsOnSurface] Saving PLY in ASCII mode...
[DEBUG downsamplePointCloud] Saving PLY in ASCII mode to avoid camera data issues...
Starting processing on: Dataset/Point/Pot_A/Pot_A_Piece_36_Point.pcd
Starting surface segmentation on: Temp/Data/Pot_A/Pot_A_Piece_36_SampledWithNormals.ply
[DEBUG] Loading PLY file: Temp/Data/Pot_A/Pot_A_Piece_36_SampledWithNormals.ply
[DEBUG] PLY file loaded successfully. Points: 11967
[DEBUG] Converting PointNormal to PointXYZ...
[DEBUG] Conversion complete. Cloud size: 11967
[DEBUG] Calling getNormalsOnSurface...
[DEBUG] Input cloud size: 11967
[DEBUG getNormalsOnSurface] Starting function. Input points: 11967
[DEBUG getNormalsOnSurface] Creating Eigen matrix...
[DEBUG getNormalsOnSurface] Writing matrix to XYZ file...
[DEBUG getNormalsOnSurface] Reading XYZ file: fileForNormalEst_Sampled.xyz
[DEBUG getNormalsOnSurface] XYZ file read successfully. Points loaded: 11967
[ADAPTIVE CGAL] Using 11 neighbors for 11967 points (density-aware)
[DEBUG getNormalsOnSurface] PCA normal estimation complete.
[DEBUG getNormalsOnSurface] Orienting normals with MST...
[DEBUG getNormalsOnSurface] MST orientation complete.
[DEBUG getNormalsOnSurface] Erased unoriented points. Remaining: 11967
[DEBUG getNormalsOnSurface] Computing curvature for 11967 points...
[ADAPTIVE CURVATURE] Using K=39 for 11967 points
[DEBUG getNormalsOnSurface] Curvature computation complete.
[DEBUG getNormalsOnSurface] Saving PLY in ASCII mode...
[DEBUG] getNormalsOnSurface completed successfully. Result points: 11967
[DEBUG] Extracting normals from sampled cloud...

Total points: 11967
Number of clusters is equal to 6
Points in 
Cluster 1 : 4404
Cluster 2 : 4071
Cluster 3 : 86
Cluster 4 : 71
Cluster 5 : 68
Cluster 6 : 66
Points in two clusters / Total Points in Pointcloud: 70.82%
Points in two clusters / Total Points in all clusters: 96.68%
Calling mergeClusters function.
mergeClusters function called.
Condition 1 (closest point pairs) passed for clusters 1 and 2
Condition 2 (normal vector similarity) passed for clusters 1 and 2
Condition 3 (boundary curvature similarity) passed for clusters 1 and 2
Verification failed (innerPoint selection) for clusters 1 and 2
Sampled indices: 3924 2353 4065 2081 3578 1648 205 2770 2781 1972 3000 497 1205 3298 2852 3990 557 2463 910 2477 364 1236 4095 4234 3033 2706 1530 1045 4028 1034 
Normals flipped: true
  loading cloudForSpline.pcd
  4404 points in data set
  surface fitting ...
  loading cloudForSpline.pcd
  4071 points in data set
  surface fitting ...
[DEBUG] Saving surface cluster PLY files in ASCII mode...
[ADAPTIVE CLUSTER 1] N=3201, min=10, max=9603
PointCloud representing the Cluster: 3201 data points.
[ADAPTIVE BOUNDARY] Cluster 0 has 3201 points, spacing≈17.67mm, boundary_r=15mm
Successfully found 6 clusters after 1 iterations.
Ply to XYZ start

Time after processing: 6.842 seconds
Copied Point file: Pot_A_Piece_37_Point.pcd
Copied Mesh file: Pot_A_Piece_37_Mesh.obj

Selected file: Dataset/Point/Pot_A/Pot_A_Piece_37_Point.pcd
[DEBUG getNormalsOnSurface] Starting function. Input points: 10537
[DEBUG getNormalsOnSurface] Creating Eigen matrix...
[DEBUG getNormalsOnSurface] Writing matrix to XYZ file...
[DEBUG getNormalsOnSurface] Reading XYZ file: fileForNormalEst_Sampled.xyz
[DEBUG getNormalsOnSurface] XYZ file read successfully. Points loaded: 10537
[ADAPTIVE CGAL] Using 10 neighbors for 10537 points (density-aware)
[DEBUG getNormalsOnSurface] PCA normal estimation complete.
[DEBUG getNormalsOnSurface] Orienting normals with MST...
[DEBUG getNormalsOnSurface] MST orientation complete.
[DEBUG getNormalsOnSurface] Erased unoriented points. Remaining: 10537
[DEBUG getNormalsOnSurface] Computing curvature for 10537 points...
[ADAPTIVE CURVATURE] Using K=35 for 10537 points
[DEBUG getNormalsOnSurface] Curvature computation complete.
[DEBUG getNormalsOnSurface] Saving PLY in ASCII mode...
[DEBUG downsamplePointCloud] Saving PLY in ASCII mode to avoid camera data issues...
Starting processing on: Dataset/Point/Pot_A/Pot_A_Piece_37_Point.pcd
Starting surface segmentation on: Temp/Data/Pot_A/Pot_A_Piece_37_SampledWithNormals.ply
[DEBUG] Loading PLY file: Temp/Data/Pot_A/Pot_A_Piece_37_SampledWithNormals.ply
[DEBUG] PLY file loaded successfully. Points: 10537
[DEBUG] Converting PointNormal to PointXYZ...
[DEBUG] Conversion complete. Cloud size: 10537
[DEBUG] Calling getNormalsOnSurface...
[DEBUG] Input cloud size: 10537
[DEBUG getNormalsOnSurface] Starting function. Input points: 10537
[DEBUG getNormalsOnSurface] Creating Eigen matrix...
[DEBUG getNormalsOnSurface] Writing matrix to XYZ file...
[DEBUG getNormalsOnSurface] Reading XYZ file: fileForNormalEst_Sampled.xyz
[DEBUG getNormalsOnSurface] XYZ file read successfully. Points loaded: 10537
[ADAPTIVE CGAL] Using 10 neighbors for 10537 points (density-aware)
[DEBUG getNormalsOnSurface] PCA normal estimation complete.
[DEBUG getNormalsOnSurface] Orienting normals with MST...
[DEBUG getNormalsOnSurface] MST orientation complete.
[DEBUG getNormalsOnSurface] Erased unoriented points. Remaining: 10537
[DEBUG getNormalsOnSurface] Computing curvature for 10537 points...
[ADAPTIVE CURVATURE] Using K=35 for 10537 points
[DEBUG getNormalsOnSurface] Curvature computation complete.
[DEBUG getNormalsOnSurface] Saving PLY in ASCII mode...
[DEBUG] getNormalsOnSurface completed successfully. Result points: 10537
[DEBUG] Extracting normals from sampled cloud...

Total points: 10537
Number of clusters is equal to 5
Points in 
Cluster 1 : 3631
Cluster 2 : 3576
Cluster 3 : 115
Cluster 4 : 83
Cluster 5 : 54
Points in two clusters / Total Points in Pointcloud: 68.4%
Points in two clusters / Total Points in all clusters: 96.62%
Calling mergeClusters function.
mergeClusters function called.
Sampled indices: 268 1564 1368 470 619 3039 3599 208 3085 1578 1449 663 1305 1188 463 2968 736 1457 2529 493 795 3353 800 1182 3109 231 606 2660 451 2252 
Normals flipped: true
  loading cloudForSpline.pcd
  3631 points in data set
  surface fitting ...
  loading cloudForSpline.pcd
  3576 points in data set
  surface fitting ...
[DEBUG] Saving surface cluster PLY files in ASCII mode...
[ADAPTIVE CLUSTER 1] N=3078, min=10, max=9234
PointCloud representing the Cluster: 3078 data points.
[ADAPTIVE BOUNDARY] Cluster 0 has 3078 points, spacing≈18.02mm, boundary_r=15mm
Successfully found 5 clusters after 1 iterations.
Ply to XYZ start

Time after processing: 5.579 seconds
Copied Point file: Pot_A_Piece_38_Point.pcd
Copied Mesh file: Pot_A_Piece_38_Mesh.obj

Selected file: Dataset/Point/Pot_A/Pot_A_Piece_38_Point.pcd
[DEBUG getNormalsOnSurface] Starting function. Input points: 11817
[DEBUG getNormalsOnSurface] Creating Eigen matrix...
[DEBUG getNormalsOnSurface] Writing matrix to XYZ file...
[DEBUG getNormalsOnSurface] Reading XYZ file: fileForNormalEst_Sampled.xyz
[DEBUG getNormalsOnSurface] XYZ file read successfully. Points loaded: 11817
[ADAPTIVE CGAL] Using 11 neighbors for 11817 points (density-aware)
[DEBUG getNormalsOnSurface] PCA normal estimation complete.
[DEBUG getNormalsOnSurface] Orienting normals with MST...
[DEBUG getNormalsOnSurface] MST orientation complete.
[DEBUG getNormalsOnSurface] Erased unoriented points. Remaining: 11817
[DEBUG getNormalsOnSurface] Computing curvature for 11817 points...
[ADAPTIVE CURVATURE] Using K=39 for 11817 points
[DEBUG getNormalsOnSurface] Curvature computation complete.
[DEBUG getNormalsOnSurface] Saving PLY in ASCII mode...
[DEBUG downsamplePointCloud] Saving PLY in ASCII mode to avoid camera data issues...
Starting processing on: Dataset/Point/Pot_A/Pot_A_Piece_38_Point.pcd
Starting surface segmentation on: Temp/Data/Pot_A/Pot_A_Piece_38_SampledWithNormals.ply
[DEBUG] Loading PLY file: Temp/Data/Pot_A/Pot_A_Piece_38_SampledWithNormals.ply
[DEBUG] PLY file loaded successfully. Points: 11817
[DEBUG] Converting PointNormal to PointXYZ...
[DEBUG] Conversion complete. Cloud size: 11817
[DEBUG] Calling getNormalsOnSurface...
[DEBUG] Input cloud size: 11817
[DEBUG getNormalsOnSurface] Starting function. Input points: 11817
[DEBUG getNormalsOnSurface] Creating Eigen matrix...
[DEBUG getNormalsOnSurface] Writing matrix to XYZ file...
[DEBUG getNormalsOnSurface] Reading XYZ file: fileForNormalEst_Sampled.xyz
[DEBUG getNormalsOnSurface] XYZ file read successfully. Points loaded: 11817
[ADAPTIVE CGAL] Using 11 neighbors for 11817 points (density-aware)
[DEBUG getNormalsOnSurface] PCA normal estimation complete.
[DEBUG getNormalsOnSurface] Orienting normals with MST...
[DEBUG getNormalsOnSurface] MST orientation complete.
[DEBUG getNormalsOnSurface] Erased unoriented points. Remaining: 11817
[DEBUG getNormalsOnSurface] Computing curvature for 11817 points...
[ADAPTIVE CURVATURE] Using K=39 for 11817 points
[DEBUG getNormalsOnSurface] Curvature computation complete.
[DEBUG getNormalsOnSurface] Saving PLY in ASCII mode...
[DEBUG] getNormalsOnSurface completed successfully. Result points: 11817
[DEBUG] Extracting normals from sampled cloud...

Total points: 11817
Number of clusters is equal to 6
Points in 
Cluster 1 : 3769
Cluster 2 : 2709
Cluster 3 : 1873
Cluster 4 : 96
Cluster 5 : 68
Cluster 6 : 58
Points in two clusters / Total Points in Pointcloud: 54.82%
Points in two clusters / Total Points in all clusters: 75.56%
Calling mergeClusters function.
mergeClusters function called.
Sampled indices: 3563 3736 409 248 1075 2156 1890 2622 970 3023 2142 2128 2240 1300 1480 403 699 1443 2432 1304 3333 2761 3416 147 198 84 3589 2793 128 77 
Normals flipped: true
  loading cloudForSpline.pcd
  3769 points in data set
  surface fitting ...
  loading cloudForSpline.pcd
  2709 points in data set
  surface fitting ...
[DEBUG] Saving surface cluster PLY files in ASCII mode...
[ADAPTIVE CLUSTER 1] N=3244, min=10, max=9732
PointCloud representing the Cluster: 3244 data points.
[ADAPTIVE BOUNDARY] Cluster 0 has 3244 points, spacing≈17.56mm, boundary_r=15mm
Successfully found 6 clusters after 1 iterations.
Ply to XYZ start

Time after processing: 6.396 seconds
Copied Point file: Pot_A_Piece_39_Point.pcd
Copied Mesh file: Pot_A_Piece_39_Mesh.obj

Selected file: Dataset/Point/Pot_A/Pot_A_Piece_39_Point.pcd
[DEBUG getNormalsOnSurface] Starting function. Input points: 9571
[DEBUG getNormalsOnSurface] Creating Eigen matrix...
[DEBUG getNormalsOnSurface] Writing matrix to XYZ file...
[DEBUG getNormalsOnSurface] Reading XYZ file: fileForNormalEst_Sampled.xyz
[DEBUG getNormalsOnSurface] XYZ file read successfully. Points loaded: 9571
[ADAPTIVE CGAL] Using 9 neighbors for 9571 points (density-aware)
[DEBUG getNormalsOnSurface] PCA normal estimation complete.
[DEBUG getNormalsOnSurface] Orienting normals with MST...
[DEBUG getNormalsOnSurface] MST orientation complete.
[DEBUG getNormalsOnSurface] Erased unoriented points. Remaining: 9571
[DEBUG getNormalsOnSurface] Computing curvature for 9571 points...
[ADAPTIVE CURVATURE] Using K=31 for 9571 points
[DEBUG getNormalsOnSurface] Curvature computation complete.
[DEBUG getNormalsOnSurface] Saving PLY in ASCII mode...
[DEBUG downsamplePointCloud] Saving PLY in ASCII mode to avoid camera data issues...
Starting processing on: Dataset/Point/Pot_A/Pot_A_Piece_39_Point.pcd
Starting surface segmentation on: Temp/Data/Pot_A/Pot_A_Piece_39_SampledWithNormals.ply
[DEBUG] Loading PLY file: Temp/Data/Pot_A/Pot_A_Piece_39_SampledWithNormals.ply
[DEBUG] PLY file loaded successfully. Points: 9571
[DEBUG] Converting PointNormal to PointXYZ...
[DEBUG] Conversion complete. Cloud size: 9571
[DEBUG] Calling getNormalsOnSurface...
[DEBUG] Input cloud size: 9571
[DEBUG getNormalsOnSurface] Starting function. Input points: 9571
[DEBUG getNormalsOnSurface] Creating Eigen matrix...
[DEBUG getNormalsOnSurface] Writing matrix to XYZ file...
[DEBUG getNormalsOnSurface] Reading XYZ file: fileForNormalEst_Sampled.xyz
[DEBUG getNormalsOnSurface] XYZ file read successfully. Points loaded: 9571
[ADAPTIVE CGAL] Using 9 neighbors for 9571 points (density-aware)
[DEBUG getNormalsOnSurface] PCA normal estimation complete.
[DEBUG getNormalsOnSurface] Orienting normals with MST...
[DEBUG getNormalsOnSurface] MST orientation complete.
[DEBUG getNormalsOnSurface] Erased unoriented points. Remaining: 9571
[DEBUG getNormalsOnSurface] Computing curvature for 9571 points...
[ADAPTIVE CURVATURE] Using K=31 for 9571 points
[DEBUG getNormalsOnSurface] Curvature computation complete.
[DEBUG getNormalsOnSurface] Saving PLY in ASCII mode...
[DEBUG] getNormalsOnSurface completed successfully. Result points: 9571
[DEBUG] Extracting normals from sampled cloud...

Total points: 9571
Number of clusters is equal to 5
Points in 
Cluster 1 : 2706
Cluster 2 : 1424
Cluster 3 : 980
Cluster 4 : 501
Cluster 5 : 85
Points in two clusters / Total Points in Pointcloud: 43.15%
Points in two clusters / Total Points in all clusters: 72.51%
Calling mergeClusters function.
mergeClusters function called.
Sampled indices: 2517 233 2279 49 1213 1036 697 2231 1672 2513 2671 1764 2278 2112 1469 1368 677 1279 1754 64 2540 1576 1591 1983 1796 1319 1546 77 243 1903 
Normals flipped: true
  loading cloudForSpline.pcd
  2706 points in data set
  surface fitting ...
  loading cloudForSpline.pcd
  1424 points in data set
  surface fitting ...
[DEBUG] Saving surface cluster PLY files in ASCII mode...
[ADAPTIVE CLUSTER 1] N=3875, min=10, max=11625
PointCloud representing the Cluster: 3875 data points.
[ADAPTIVE BOUNDARY] Cluster 0 has 3875 points, spacing≈16.06mm, boundary_r=15mm
Successfully found 5 clusters after 1 iterations.
Ply to XYZ start

Time after processing: 6.615 seconds
Copied Point file: Pot_A_Piece_40_Point.pcd
Copied Mesh file: Pot_A_Piece_40_Mesh.obj

Selected file: Dataset/Point/Pot_A/Pot_A_Piece_40_Point.pcd
[DEBUG getNormalsOnSurface] Starting function. Input points: 11485
[DEBUG getNormalsOnSurface] Creating Eigen matrix...
[DEBUG getNormalsOnSurface] Writing matrix to XYZ file...
[DEBUG getNormalsOnSurface] Reading XYZ file: fileForNormalEst_Sampled.xyz
[DEBUG getNormalsOnSurface] XYZ file read successfully. Points loaded: 11485
[ADAPTIVE CGAL] Using 11 neighbors for 11485 points (density-aware)
[DEBUG getNormalsOnSurface] PCA normal estimation complete.
[DEBUG getNormalsOnSurface] Orienting normals with MST...
[DEBUG getNormalsOnSurface] MST orientation complete.
[DEBUG getNormalsOnSurface] Erased unoriented points. Remaining: 11485
[DEBUG getNormalsOnSurface] Computing curvature for 11485 points...
[ADAPTIVE CURVATURE] Using K=38 for 11485 points
[DEBUG getNormalsOnSurface] Curvature computation complete.
[DEBUG getNormalsOnSurface] Saving PLY in ASCII mode...
[DEBUG downsamplePointCloud] Saving PLY in ASCII mode to avoid camera data issues...
Starting processing on: Dataset/Point/Pot_A/Pot_A_Piece_40_Point.pcd
Starting surface segmentation on: Temp/Data/Pot_A/Pot_A_Piece_40_SampledWithNormals.ply
[DEBUG] Loading PLY file: Temp/Data/Pot_A/Pot_A_Piece_40_SampledWithNormals.ply
[DEBUG] PLY file loaded successfully. Points: 11485
[DEBUG] Converting PointNormal to PointXYZ...
[DEBUG] Conversion complete. Cloud size: 11485
[DEBUG] Calling getNormalsOnSurface...
[DEBUG] Input cloud size: 11485
[DEBUG getNormalsOnSurface] Starting function. Input points: 11485
[DEBUG getNormalsOnSurface] Creating Eigen matrix...
[DEBUG getNormalsOnSurface] Writing matrix to XYZ file...
[DEBUG getNormalsOnSurface] Reading XYZ file: fileForNormalEst_Sampled.xyz
[DEBUG getNormalsOnSurface] XYZ file read successfully. Points loaded: 11485
[ADAPTIVE CGAL] Using 11 neighbors for 11485 points (density-aware)
[DEBUG getNormalsOnSurface] PCA normal estimation complete.
[DEBUG getNormalsOnSurface] Orienting normals with MST...
[DEBUG getNormalsOnSurface] MST orientation complete.
[DEBUG getNormalsOnSurface] Erased unoriented points. Remaining: 11485
[DEBUG getNormalsOnSurface] Computing curvature for 11485 points...
[ADAPTIVE CURVATURE] Using K=38 for 11485 points
[DEBUG getNormalsOnSurface] Curvature computation complete.
[DEBUG getNormalsOnSurface] Saving PLY in ASCII mode...
[DEBUG] getNormalsOnSurface completed successfully. Result points: 11485
[DEBUG] Extracting normals from sampled cloud...

Total points: 11485
Number of clusters is equal to 2
Points in 
Cluster 1 : 4498
Cluster 2 : 4260
Points in two clusters / Total Points in Pointcloud: 76.26%
Points in two clusters / Total Points in all clusters: 100%
Calling mergeClusters function.
mergeClusters function called.
Sampled indices: 2500 1556 1278 1166 2400 1058 3715 4361 2425 2430 3909 1964 4006 2117 1568 1447 3382 2299 3933 2584 2144 1225 3988 2352 1095 4383 137 3800 2048 934 
Normals flipped: true
  loading cloudForSpline.pcd
  4498 points in data set
  surface fitting ...
  loading cloudForSpline.pcd
  4260 points in data set
  surface fitting ...
[DEBUG] Saving surface cluster PLY files in ASCII mode...
[ADAPTIVE CLUSTER 1] N=2727, min=10, max=8181
PointCloud representing the Cluster: 2727 data points.
[ADAPTIVE BOUNDARY] Cluster 0 has 2727 points, spacing≈19.15mm, boundary_r=15mm
Successfully found 2 clusters after 1 iterations.
Ply to XYZ start

Time after processing: 5.08 seconds
Total time elapsed: 191.8 seconds
NURBS surface generation completed at: Thu 23 Oct 2025 13:30:57 AEDT
Surface files generated:
Found 80 surface files (expected 80 for 40 pieces)
=== Step 2: NURBS Edge Line Extraction ===
This will take approximately 1-2 hours for 40 pieces...
Running NURBS EdgeLineExtractionHeadless...
Processing directory: Temp/
Surface 0 point cloud file: Temp/Data/Pot_A/Pot_A_Piece_01_Surface_0.xyz
Surface 1 point cloud file: Temp/Data/Pot_A/Pot_A_Piece_01_Surface_1.xyz
Fragment: Temp/Data/Pot_A/Pot_A_Piece_01_Mesh.obj

Cleaning surface point cloud...
Estimating patch normals and breaklines...
Getting the inital boundary...
[ADAPTIVE BOUNDARY EDGE] 5740 points, spacing≈13.1991mm, boundary_r=15mm
[ADAPTIVE OUTLIER] 86 boundary points, outlier_r=20mm, min_neighbors=3
[ADAPTIVE SEQUENCING] Boundary has 86 points, using K=8 for point sequencing
[EDGELINE DEBUG] Saving breakLineFromConcaveHull in ASCII mode...
Initiating uniform sampling and smoothing of breakline segments...
[BREAKLINE DEBUG] Input points: 26, avgSpacing: 0.00565891m (5.65891mm), adaptiveRadius: 0.005m (5mm)
[BREAKLINE DEBUG] Smoothed breakline output points: 21
  loading Temp/Temp_edge/Pot_A/cloudForSpline.pcd
  5740 points in data set
  surface fitting ...
Surface refinement
Surface fitting with final refinement level
Evaluating points on surface
0
Clock Wise - Changing sequence
Detecting separate line segments...
[ADAPTIVE WINDOW] Small breakline (21 points) using window len=4
[ADAPTIVE PEAK DETECTION] Sparse breakline (21 points) using low sensitivity (divisor=8)
[SEGMENT FILTER] Skipping tiny segment with only 3 points (< 5 required)
tected segments = 
[SEGMENT SAFETY] Skipping empty/missing segment 2
Detecting rim...
ERROR: Edge line extraction failed
