=== NURBS Preprocessing Pipeline for Tray-000 (40 pieces) ===
Started: Wed 22 Oct 2025 01:10:48 AEDT
Job ID: 16959394
=== Step 0: Verify Input Data ===
CloudCompare PCD files:
Found 40 PCD files in Pot_A/
Verification passed: 40 PCD files ready for NURBS processing
Cleaning previous NURBS outputs for Pot_A...
Removing old surface files (.xyz)...
Removing old intermediate PLY files...
Removing old breakline and surface files...
Removing old axis files...
=== Step 1: NURBS Surface Generation (40 pieces) ===
This will take approximately 2-3 hours for 40 pieces...
Running NURBS MeshPreprocessingHeadless...
Copied Point file: Pot_A_Piece_01_Point.pcd
Copied Mesh file: Pot_A_Piece_01_Mesh.obj

Selected file: Dataset/Point/Pot_A/Pot_A_Piece_01_Point.pcd
[DEBUG getNormalsOnSurface] Starting function. Input points: 8045
[DEBUG getNormalsOnSurface] Creating Eigen matrix...
[DEBUG getNormalsOnSurface] Writing matrix to XYZ file...
[DEBUG getNormalsOnSurface] Reading XYZ file: fileForNormalEst_Sampled.xyz
[DEBUG getNormalsOnSurface] XYZ file read successfully. Points loaded: 8045
[DEBUG getNormalsOnSurface] Estimating normals with PCA (neighbors=5)...
[DEBUG getNormalsOnSurface] PCA normal estimation complete.
[DEBUG getNormalsOnSurface] Orienting normals with MST...
[DEBUG getNormalsOnSurface] MST orientation complete.
[DEBUG getNormalsOnSurface] Erased unoriented points. Remaining: 8045
[DEBUG getNormalsOnSurface] Saving PLY in ASCII mode...
[DEBUG downsamplePointCloud] Saving PLY in ASCII mode to avoid camera data issues...
Starting processing on: Dataset/Point/Pot_A/Pot_A_Piece_01_Point.pcd
Starting surface segmentation on: Temp/Data/Pot_A/Pot_A_Piece_01_SampledWithNormals.ply
[DEBUG] Loading PLY file: Temp/Data/Pot_A/Pot_A_Piece_01_SampledWithNormals.ply
[DEBUG] PLY file loaded successfully. Points: 8045
[DEBUG] Converting PointNormal to PointXYZ...
[DEBUG] Conversion complete. Cloud size: 8045
[DEBUG] Calling getNormalsOnSurface...
[DEBUG] Input cloud size: 8045
[DEBUG getNormalsOnSurface] Starting function. Input points: 8045
[DEBUG getNormalsOnSurface] Creating Eigen matrix...
[DEBUG getNormalsOnSurface] Writing matrix to XYZ file...
[DEBUG getNormalsOnSurface] Reading XYZ file: fileForNormalEst_Sampled.xyz
[DEBUG getNormalsOnSurface] XYZ file read successfully. Points loaded: 8045
[DEBUG getNormalsOnSurface] Estimating normals with PCA (neighbors=5)...
[DEBUG getNormalsOnSurface] PCA normal estimation complete.
[DEBUG getNormalsOnSurface] Orienting normals with MST...
[DEBUG getNormalsOnSurface] MST orientation complete.
[DEBUG getNormalsOnSurface] Erased unoriented points. Remaining: 8045
[DEBUG getNormalsOnSurface] Saving PLY in ASCII mode...
[DEBUG] getNormalsOnSurface completed successfully. Result points: 8045
[DEBUG] Extracting normals from sampled cloud...

Total points: 8045
Number of clusters is equal to 3
Points in 
Cluster 1 : 2675
Cluster 2 : 2409
Cluster 3 : 80
Points in two clusters / Total Points in Pointcloud: 63.19%
Points in two clusters / Total Points in all clusters: 98.45%
Calling mergeClusters function.
mergeClusters function called.
Condition 1 (closest point pairs) passed for clusters 1 and 2
Condition 2 (normal vector similarity) passed for clusters 1 and 2
Condition 3 (boundary curvature similarity) passed for clusters 1 and 2
Verification failed (innerPoint selection) for clusters 1 and 2
Sampled indices: 2653 895 561 1120 832 939 1837 2092 153 854 1688 2286 19 2554 1146 2038 1839 2031 512 229 2022 689 856 25 1944 1131 2482 419 987 2193 
Normals flipped: true
  loading cloudForSpline.pcd
  2675 points in data set
  surface fitting ...
  loading cloudForSpline.pcd
  2409 points in data set
  surface fitting ...
[DEBUG] Saving surface cluster PLY files in ASCII mode...
PointCloud representing the Cluster: 2881 data points.
Successfully found 3 clusters after 1 iterations.
Ply to XYZ start

Time after processing: 1.819 seconds
Copied Point file: Pot_A_Piece_02_Point.pcd
Copied Mesh file: Pot_A_Piece_02_Mesh.obj

Selected file: Dataset/Point/Pot_A/Pot_A_Piece_02_Point.pcd
[DEBUG getNormalsOnSurface] Starting function. Input points: 10240
[DEBUG getNormalsOnSurface] Creating Eigen matrix...
[DEBUG getNormalsOnSurface] Writing matrix to XYZ file...
[DEBUG getNormalsOnSurface] Reading XYZ file: fileForNormalEst_Sampled.xyz
[DEBUG getNormalsOnSurface] XYZ file read successfully. Points loaded: 10240
[DEBUG getNormalsOnSurface] Estimating normals with PCA (neighbors=5)...
[DEBUG getNormalsOnSurface] PCA normal estimation complete.
[DEBUG getNormalsOnSurface] Orienting normals with MST...
[DEBUG getNormalsOnSurface] MST orientation complete.
[DEBUG getNormalsOnSurface] Erased unoriented points. Remaining: 10240
[DEBUG getNormalsOnSurface] Saving PLY in ASCII mode...
[DEBUG downsamplePointCloud] Saving PLY in ASCII mode to avoid camera data issues...
Starting processing on: Dataset/Point/Pot_A/Pot_A_Piece_02_Point.pcd
Starting surface segmentation on: Temp/Data/Pot_A/Pot_A_Piece_02_SampledWithNormals.ply
[DEBUG] Loading PLY file: Temp/Data/Pot_A/Pot_A_Piece_02_SampledWithNormals.ply
[DEBUG] PLY file loaded successfully. Points: 10240
[DEBUG] Converting PointNormal to PointXYZ...
[DEBUG] Conversion complete. Cloud size: 10240
[DEBUG] Calling getNormalsOnSurface...
[DEBUG] Input cloud size: 10240
[DEBUG getNormalsOnSurface] Starting function. Input points: 10240
[DEBUG getNormalsOnSurface] Creating Eigen matrix...
[DEBUG getNormalsOnSurface] Writing matrix to XYZ file...
[DEBUG getNormalsOnSurface] Reading XYZ file: fileForNormalEst_Sampled.xyz
[DEBUG getNormalsOnSurface] XYZ file read successfully. Points loaded: 10240
[DEBUG getNormalsOnSurface] Estimating normals with PCA (neighbors=5)...
[DEBUG getNormalsOnSurface] PCA normal estimation complete.
[DEBUG getNormalsOnSurface] Orienting normals with MST...
[DEBUG getNormalsOnSurface] MST orientation complete.
[DEBUG getNormalsOnSurface] Erased unoriented points. Remaining: 10240
[DEBUG getNormalsOnSurface] Saving PLY in ASCII mode...
[DEBUG] getNormalsOnSurface completed successfully. Result points: 10240
[DEBUG] Extracting normals from sampled cloud...

Total points: 10240
Number of clusters is equal to 6
Points in 
Cluster 1 : 3039
Cluster 2 : 2844
Cluster 3 : 525
Cluster 4 : 147
Cluster 5 : 65
Cluster 6 : 59
Points in two clusters / Total Points in Pointcloud: 57.45%
Points in two clusters / Total Points in all clusters: 88.08%
Calling mergeClusters function.
mergeClusters function called.
Condition 1 (closest point pairs) passed for clusters 0 and 3
Condition 2 (normal vector similarity) passed for clusters 0 and 3
Condition 3 (boundary curvature similarity) passed for clusters 0 and 3
Verification failed (innerPoint selection) for clusters 0 and 3
Condition 1 (closest point pairs) passed for clusters 1 and 5
Condition 2 (normal vector similarity) passed for clusters 1 and 5
Condition 3 (boundary curvature similarity) passed for clusters 1 and 5
Verification failed (innerPoint selection) for clusters 1 and 5
Sampled indices: 1083 2738 1720 0 705 2189 1369 913 339 1959 1995 173 812 2879 1375 739 2716 2424 2090 2387 2304 2094 580 1282 153 916 897 1045 236 708 
Normals flipped: true
  loading cloudForSpline.pcd
  3039 points in data set
  surface fitting ...
  loading cloudForSpline.pcd
  2844 points in data set
  surface fitting ...
[DEBUG] Saving surface cluster PLY files in ASCII mode...
PointCloud representing the Cluster: 3561 data points.
Successfully found 6 clusters after 1 iterations.
Ply to XYZ start

Time after processing: 2.718 seconds
Copied Point file: Pot_A_Piece_03_Point.pcd
Copied Mesh file: Pot_A_Piece_03_Mesh.obj

Selected file: Dataset/Point/Pot_A/Pot_A_Piece_03_Point.pcd
[DEBUG getNormalsOnSurface] Starting function. Input points: 9237
[DEBUG getNormalsOnSurface] Creating Eigen matrix...
[DEBUG getNormalsOnSurface] Writing matrix to XYZ file...
[DEBUG getNormalsOnSurface] Reading XYZ file: fileForNormalEst_Sampled.xyz
[DEBUG getNormalsOnSurface] XYZ file read successfully. Points loaded: 9237
[DEBUG getNormalsOnSurface] Estimating normals with PCA (neighbors=5)...
[DEBUG getNormalsOnSurface] PCA normal estimation complete.
[DEBUG getNormalsOnSurface] Orienting normals with MST...
[DEBUG getNormalsOnSurface] MST orientation complete.
[DEBUG getNormalsOnSurface] Erased unoriented points. Remaining: 9237
[DEBUG getNormalsOnSurface] Saving PLY in ASCII mode...
[DEBUG downsamplePointCloud] Saving PLY in ASCII mode to avoid camera data issues...
Starting processing on: Dataset/Point/Pot_A/Pot_A_Piece_03_Point.pcd
Starting surface segmentation on: Temp/Data/Pot_A/Pot_A_Piece_03_SampledWithNormals.ply
[DEBUG] Loading PLY file: Temp/Data/Pot_A/Pot_A_Piece_03_SampledWithNormals.ply
[DEBUG] PLY file loaded successfully. Points: 9237
[DEBUG] Converting PointNormal to PointXYZ...
[DEBUG] Conversion complete. Cloud size: 9237
[DEBUG] Calling getNormalsOnSurface...
[DEBUG] Input cloud size: 9237
[DEBUG getNormalsOnSurface] Starting function. Input points: 9237
[DEBUG getNormalsOnSurface] Creating Eigen matrix...
[DEBUG getNormalsOnSurface] Writing matrix to XYZ file...
[DEBUG getNormalsOnSurface] Reading XYZ file: fileForNormalEst_Sampled.xyz
[DEBUG getNormalsOnSurface] XYZ file read successfully. Points loaded: 9237
[DEBUG getNormalsOnSurface] Estimating normals with PCA (neighbors=5)...
[DEBUG getNormalsOnSurface] PCA normal estimation complete.
[DEBUG getNormalsOnSurface] Orienting normals with MST...
[DEBUG getNormalsOnSurface] MST orientation complete.
[DEBUG getNormalsOnSurface] Erased unoriented points. Remaining: 9237
[DEBUG getNormalsOnSurface] Saving PLY in ASCII mode...
[DEBUG] getNormalsOnSurface completed successfully. Result points: 9237
[DEBUG] Extracting normals from sampled cloud...

Total points: 9237
Number of clusters is equal to 4
Points in 
Cluster 1 : 3124
Cluster 2 : 1901
Cluster 3 : 1540
Cluster 4 : 59
Points in two clusters / Total Points in Pointcloud: 54.4%
Points in two clusters / Total Points in all clusters: 75.86%
Calling mergeClusters function.
mergeClusters function called.
Sampled indices: 1420 1969 28 2690 1611 3089 2373 1979 1154 2096 1833 1057 399 1527 1138 36 1047 954 385 1667 2423 3083 506 1479 1831 988 2332 1647 956 589 
Normals flipped: true
  loading cloudForSpline.pcd
  3124 points in data set
  surface fitting ...
  loading cloudForSpline.pcd
  1901 points in data set
  surface fitting ...
[DEBUG] Saving surface cluster PLY files in ASCII mode...
PointCloud representing the Cluster: 2613 data points.
Successfully found 4 clusters after 1 iterations.
Ply to XYZ start

Time after processing: 1.758 seconds
Copied Point file: Pot_A_Piece_04_Point.pcd
Copied Mesh file: Pot_A_Piece_04_Mesh.obj

Selected file: Dataset/Point/Pot_A/Pot_A_Piece_04_Point.pcd
[DEBUG getNormalsOnSurface] Starting function. Input points: 10794
[DEBUG getNormalsOnSurface] Creating Eigen matrix...
[DEBUG getNormalsOnSurface] Writing matrix to XYZ file...
[DEBUG getNormalsOnSurface] Reading XYZ file: fileForNormalEst_Sampled.xyz
[DEBUG getNormalsOnSurface] XYZ file read successfully. Points loaded: 10794
[DEBUG getNormalsOnSurface] Estimating normals with PCA (neighbors=5)...
[DEBUG getNormalsOnSurface] PCA normal estimation complete.
[DEBUG getNormalsOnSurface] Orienting normals with MST...
[DEBUG getNormalsOnSurface] MST orientation complete.
[DEBUG getNormalsOnSurface] Erased unoriented points. Remaining: 10794
[DEBUG getNormalsOnSurface] Saving PLY in ASCII mode...
[DEBUG downsamplePointCloud] Saving PLY in ASCII mode to avoid camera data issues...
Starting processing on: Dataset/Point/Pot_A/Pot_A_Piece_04_Point.pcd
Starting surface segmentation on: Temp/Data/Pot_A/Pot_A_Piece_04_SampledWithNormals.ply
[DEBUG] Loading PLY file: Temp/Data/Pot_A/Pot_A_Piece_04_SampledWithNormals.ply
[DEBUG] PLY file loaded successfully. Points: 10794
[DEBUG] Converting PointNormal to PointXYZ...
[DEBUG] Conversion complete. Cloud size: 10794
[DEBUG] Calling getNormalsOnSurface...
[DEBUG] Input cloud size: 10794
[DEBUG getNormalsOnSurface] Starting function. Input points: 10794
[DEBUG getNormalsOnSurface] Creating Eigen matrix...
[DEBUG getNormalsOnSurface] Writing matrix to XYZ file...
[DEBUG getNormalsOnSurface] Reading XYZ file: fileForNormalEst_Sampled.xyz
[DEBUG getNormalsOnSurface] XYZ file read successfully. Points loaded: 10794
[DEBUG getNormalsOnSurface] Estimating normals with PCA (neighbors=5)...
[DEBUG getNormalsOnSurface] PCA normal estimation complete.
[DEBUG getNormalsOnSurface] Orienting normals with MST...
[DEBUG getNormalsOnSurface] MST orientation complete.
[DEBUG getNormalsOnSurface] Erased unoriented points. Remaining: 10794
[DEBUG getNormalsOnSurface] Saving PLY in ASCII mode...
[DEBUG] getNormalsOnSurface completed successfully. Result points: 10794
[DEBUG] Extracting normals from sampled cloud...

Total points: 10794
Number of clusters is equal to 4
Points in 
Cluster 1 : 3409
Cluster 2 : 3014
Cluster 3 : 931
Cluster 4 : 113
Points in two clusters / Total Points in Pointcloud: 59.51%
Points in two clusters / Total Points in all clusters: 86.02%
Calling mergeClusters function.
mergeClusters function called.
Condition 1 (closest point pairs) passed for clusters 0 and 2
Condition 2 (normal vector similarity) passed for clusters 0 and 2
Condition 3 (boundary curvature similarity) passed for clusters 0 and 2
Verification failed (innerPoint selection) for clusters 0 and 2
Sampled indices: 2382 525 1198 1025 2091 338 3227 2350 1045 1229 1565 1874 305 1287 1680 585 2791 2451 1110 671 3307 2895 1898 761 1337 2477 148 2421 1919 2816 
Normals flipped: true
  loading cloudForSpline.pcd
  3409 points in data set
  surface fitting ...
  loading cloudForSpline.pcd
  3014 points in data set
  surface fitting ...
[DEBUG] Saving surface cluster PLY files in ASCII mode...
PointCloud representing the Cluster: 3327 data points.
Successfully found 4 clusters after 1 iterations.
Ply to XYZ start

Time after processing: 2.41 seconds
Copied Point file: Pot_A_Piece_05_Point.pcd
Copied Mesh file: Pot_A_Piece_05_Mesh.obj

Selected file: Dataset/Point/Pot_A/Pot_A_Piece_05_Point.pcd
[DEBUG getNormalsOnSurface] Starting function. Input points: 8491
[DEBUG getNormalsOnSurface] Creating Eigen matrix...
[DEBUG getNormalsOnSurface] Writing matrix to XYZ file...
[DEBUG getNormalsOnSurface] Reading XYZ file: fileForNormalEst_Sampled.xyz
[DEBUG getNormalsOnSurface] XYZ file read successfully. Points loaded: 8491
[DEBUG getNormalsOnSurface] Estimating normals with PCA (neighbors=5)...
[DEBUG getNormalsOnSurface] PCA normal estimation complete.
[DEBUG getNormalsOnSurface] Orienting normals with MST...
[DEBUG getNormalsOnSurface] MST orientation complete.
[DEBUG getNormalsOnSurface] Erased unoriented points. Remaining: 8490
[DEBUG getNormalsOnSurface] Saving PLY in ASCII mode...
[DEBUG downsamplePointCloud] Saving PLY in ASCII mode to avoid camera data issues...
Starting processing on: Dataset/Point/Pot_A/Pot_A_Piece_05_Point.pcd
Starting surface segmentation on: Temp/Data/Pot_A/Pot_A_Piece_05_SampledWithNormals.ply
[DEBUG] Loading PLY file: Temp/Data/Pot_A/Pot_A_Piece_05_SampledWithNormals.ply
[DEBUG] PLY file loaded successfully. Points: 8490
[DEBUG] Converting PointNormal to PointXYZ...
[DEBUG] Conversion complete. Cloud size: 8490
[DEBUG] Calling getNormalsOnSurface...
[DEBUG] Input cloud size: 8490
[DEBUG getNormalsOnSurface] Starting function. Input points: 8490
[DEBUG getNormalsOnSurface] Creating Eigen matrix...
[DEBUG getNormalsOnSurface] Writing matrix to XYZ file...
[DEBUG getNormalsOnSurface] Reading XYZ file: fileForNormalEst_Sampled.xyz
[DEBUG getNormalsOnSurface] XYZ file read successfully. Points loaded: 8490
[DEBUG getNormalsOnSurface] Estimating normals with PCA (neighbors=5)...
[DEBUG getNormalsOnSurface] PCA normal estimation complete.
[DEBUG getNormalsOnSurface] Orienting normals with MST...
[DEBUG getNormalsOnSurface] MST orientation complete.
[DEBUG getNormalsOnSurface] Erased unoriented points. Remaining: 8490
[DEBUG getNormalsOnSurface] Saving PLY in ASCII mode...
[DEBUG] getNormalsOnSurface completed successfully. Result points: 8490
[DEBUG] Extracting normals from sampled cloud...

Total points: 8490
Number of clusters is equal to 2
Points in 
Cluster 1 : 3005
Cluster 2 : 2943
Points in two clusters / Total Points in Pointcloud: 70.06%
Points in two clusters / Total Points in all clusters: 100%
Calling mergeClusters function.
mergeClusters function called.
Sampled indices: 1843 1016 2638 587 2557 403 1546 669 2015 2644 2103 230 1206 881 1890 457 2715 146 1841 2397 428 1572 1650 2421 619 2151 602 292 2307 2300 
Normals flipped: true
  loading cloudForSpline.pcd
  3005 points in data set
  surface fitting ...
  loading cloudForSpline.pcd
  2943 points in data set
  surface fitting ...
[DEBUG] Saving surface cluster PLY files in ASCII mode...
PointCloud representing the Cluster: 2542 data points.
Successfully found 2 clusters after 1 iterations.
Ply to XYZ start

Time after processing: 1.583 seconds
Copied Point file: Pot_A_Piece_06_Point.pcd
Copied Mesh file: Pot_A_Piece_06_Mesh.obj

Selected file: Dataset/Point/Pot_A/Pot_A_Piece_06_Point.pcd
[DEBUG getNormalsOnSurface] Starting function. Input points: 7916
[DEBUG getNormalsOnSurface] Creating Eigen matrix...
[DEBUG getNormalsOnSurface] Writing matrix to XYZ file...
[DEBUG getNormalsOnSurface] Reading XYZ file: fileForNormalEst_Sampled.xyz
[DEBUG getNormalsOnSurface] XYZ file read successfully. Points loaded: 7916
[DEBUG getNormalsOnSurface] Estimating normals with PCA (neighbors=5)...
[DEBUG getNormalsOnSurface] PCA normal estimation complete.
[DEBUG getNormalsOnSurface] Orienting normals with MST...
[DEBUG getNormalsOnSurface] MST orientation complete.
[DEBUG getNormalsOnSurface] Erased unoriented points. Remaining: 7916
[DEBUG getNormalsOnSurface] Saving PLY in ASCII mode...
[DEBUG downsamplePointCloud] Saving PLY in ASCII mode to avoid camera data issues...
Starting processing on: Dataset/Point/Pot_A/Pot_A_Piece_06_Point.pcd
Starting surface segmentation on: Temp/Data/Pot_A/Pot_A_Piece_06_SampledWithNormals.ply
[DEBUG] Loading PLY file: Temp/Data/Pot_A/Pot_A_Piece_06_SampledWithNormals.ply
[DEBUG] PLY file loaded successfully. Points: 7916
[DEBUG] Converting PointNormal to PointXYZ...
[DEBUG] Conversion complete. Cloud size: 7916
[DEBUG] Calling getNormalsOnSurface...
[DEBUG] Input cloud size: 7916
[DEBUG getNormalsOnSurface] Starting function. Input points: 7916
[DEBUG getNormalsOnSurface] Creating Eigen matrix...
[DEBUG getNormalsOnSurface] Writing matrix to XYZ file...
[DEBUG getNormalsOnSurface] Reading XYZ file: fileForNormalEst_Sampled.xyz
[DEBUG getNormalsOnSurface] XYZ file read successfully. Points loaded: 7916
[DEBUG getNormalsOnSurface] Estimating normals with PCA (neighbors=5)...
[DEBUG getNormalsOnSurface] PCA normal estimation complete.
[DEBUG getNormalsOnSurface] Orienting normals with MST...
[DEBUG getNormalsOnSurface] MST orientation complete.
[DEBUG getNormalsOnSurface] Erased unoriented points. Remaining: 7916
[DEBUG getNormalsOnSurface] Saving PLY in ASCII mode...
[DEBUG] getNormalsOnSurface completed successfully. Result points: 7916
[DEBUG] Extracting normals from sampled cloud...

Total points: 7916
Number of clusters is equal to 4
Points in 
Cluster 1 : 2325
Cluster 2 : 1640
Cluster 3 : 728
Cluster 4 : 53
Points in two clusters / Total Points in Pointcloud: 50.09%
Points in two clusters / Total Points in all clusters: 83.54%
Calling mergeClusters function.
mergeClusters function called.
Condition 1 (closest point pairs) passed for clusters 2 and 3
Condition 2 (normal vector similarity) passed for clusters 2 and 3
Condition 3 (boundary curvature similarity) passed for clusters 2 and 3
Verification failed (innerPoint selection) for clusters 2 and 3
Sampled indices: 1491 563 1467 2252 1701 421 571 1762 571 1810 289 1360 2282 1097 1668 1729 1373 1395 487 1713 1272 252 393 1092 1460 319 2074 1753 1260 712 
Normals flipped: true
  loading cloudForSpline.pcd
  2325 points in data set
  surface fitting ...
  loading cloudForSpline.pcd
  1640 points in data set
  surface fitting ...
[DEBUG] Saving surface cluster PLY files in ASCII mode...
PointCloud representing the Cluster: 3170 data points.
Successfully found 4 clusters after 1 iterations.
Ply to XYZ start

Time after processing: 2.141 seconds
Copied Point file: Pot_A_Piece_07_Point.pcd
Copied Mesh file: Pot_A_Piece_07_Mesh.obj

Selected file: Dataset/Point/Pot_A/Pot_A_Piece_07_Point.pcd
[DEBUG getNormalsOnSurface] Starting function. Input points: 11312
[DEBUG getNormalsOnSurface] Creating Eigen matrix...
[DEBUG getNormalsOnSurface] Writing matrix to XYZ file...
[DEBUG getNormalsOnSurface] Reading XYZ file: fileForNormalEst_Sampled.xyz
[DEBUG getNormalsOnSurface] XYZ file read successfully. Points loaded: 11312
[DEBUG getNormalsOnSurface] Estimating normals with PCA (neighbors=5)...
[DEBUG getNormalsOnSurface] PCA normal estimation complete.
[DEBUG getNormalsOnSurface] Orienting normals with MST...
[DEBUG getNormalsOnSurface] MST orientation complete.
[DEBUG getNormalsOnSurface] Erased unoriented points. Remaining: 11312
[DEBUG getNormalsOnSurface] Saving PLY in ASCII mode...
[DEBUG downsamplePointCloud] Saving PLY in ASCII mode to avoid camera data issues...
Starting processing on: Dataset/Point/Pot_A/Pot_A_Piece_07_Point.pcd
Starting surface segmentation on: Temp/Data/Pot_A/Pot_A_Piece_07_SampledWithNormals.ply
[DEBUG] Loading PLY file: Temp/Data/Pot_A/Pot_A_Piece_07_SampledWithNormals.ply
[DEBUG] PLY file loaded successfully. Points: 11312
[DEBUG] Converting PointNormal to PointXYZ...
[DEBUG] Conversion complete. Cloud size: 11312
[DEBUG] Calling getNormalsOnSurface...
[DEBUG] Input cloud size: 11312
[DEBUG getNormalsOnSurface] Starting function. Input points: 11312
[DEBUG getNormalsOnSurface] Creating Eigen matrix...
[DEBUG getNormalsOnSurface] Writing matrix to XYZ file...
[DEBUG getNormalsOnSurface] Reading XYZ file: fileForNormalEst_Sampled.xyz
[DEBUG getNormalsOnSurface] XYZ file read successfully. Points loaded: 11312
[DEBUG getNormalsOnSurface] Estimating normals with PCA (neighbors=5)...
[DEBUG getNormalsOnSurface] PCA normal estimation complete.
[DEBUG getNormalsOnSurface] Orienting normals with MST...
[DEBUG getNormalsOnSurface] MST orientation complete.
[DEBUG getNormalsOnSurface] Erased unoriented points. Remaining: 11312
[DEBUG getNormalsOnSurface] Saving PLY in ASCII mode...
[DEBUG] getNormalsOnSurface completed successfully. Result points: 11312
[DEBUG] Extracting normals from sampled cloud...

Total points: 11312
Number of clusters is equal to 6
Points in 
Cluster 1 : 3399
Cluster 2 : 2946
Cluster 3 : 639
Cluster 4 : 101
Cluster 5 : 67
Cluster 6 : 57
Points in two clusters / Total Points in Pointcloud: 56.09%
Points in two clusters / Total Points in all clusters: 88.01%
Calling mergeClusters function.
mergeClusters function called.
Condition 1 (closest point pairs) passed for clusters 0 and 4
Condition 2 (normal vector similarity) passed for clusters 0 and 4
Condition 3 (boundary curvature similarity) passed for clusters 0 and 4
Verification failed (innerPoint selection) for clusters 0 and 4
Condition 1 (closest point pairs) passed for clusters 2 and 3
Condition 2 (normal vector similarity) passed for clusters 2 and 3
Condition 3 (boundary curvature similarity) passed for clusters 2 and 3
Verification failed (innerPoint selection) for clusters 2 and 3
Sampled indices: 3158 148 3230 2226 1889 1161 111 169 2705 3246 170 1880 2518 1687 2490 370 1444 351 2732 1779 2437 955 3012 841 1359 2341 1216 2636 120 2637 
Normals flipped: true
  loading cloudForSpline.pcd
  3399 points in data set
  surface fitting ...
  loading cloudForSpline.pcd
  2946 points in data set
  surface fitting ...
[DEBUG] Saving surface cluster PLY files in ASCII mode...
PointCloud representing the Cluster: 4103 data points.
Successfully found 6 clusters after 1 iterations.
Ply to XYZ start

Time after processing: 3.528 seconds
Copied Point file: Pot_A_Piece_08_Point.pcd
Copied Mesh file: Pot_A_Piece_08_Mesh.obj

Selected file: Dataset/Point/Pot_A/Pot_A_Piece_08_Point.pcd
[DEBUG getNormalsOnSurface] Starting function. Input points: 9077
[DEBUG getNormalsOnSurface] Creating Eigen matrix...
[DEBUG getNormalsOnSurface] Writing matrix to XYZ file...
[DEBUG getNormalsOnSurface] Reading XYZ file: fileForNormalEst_Sampled.xyz
[DEBUG getNormalsOnSurface] XYZ file read successfully. Points loaded: 9077
[DEBUG getNormalsOnSurface] Estimating normals with PCA (neighbors=5)...
[DEBUG getNormalsOnSurface] PCA normal estimation complete.
[DEBUG getNormalsOnSurface] Orienting normals with MST...
[DEBUG getNormalsOnSurface] MST orientation complete.
[DEBUG getNormalsOnSurface] Erased unoriented points. Remaining: 9077
[DEBUG getNormalsOnSurface] Saving PLY in ASCII mode...
[DEBUG downsamplePointCloud] Saving PLY in ASCII mode to avoid camera data issues...
Starting processing on: Dataset/Point/Pot_A/Pot_A_Piece_08_Point.pcd
Starting surface segmentation on: Temp/Data/Pot_A/Pot_A_Piece_08_SampledWithNormals.ply
[DEBUG] Loading PLY file: Temp/Data/Pot_A/Pot_A_Piece_08_SampledWithNormals.ply
[DEBUG] PLY file loaded successfully. Points: 9077
[DEBUG] Converting PointNormal to PointXYZ...
[DEBUG] Conversion complete. Cloud size: 9077
[DEBUG] Calling getNormalsOnSurface...
[DEBUG] Input cloud size: 9077
[DEBUG getNormalsOnSurface] Starting function. Input points: 9077
[DEBUG getNormalsOnSurface] Creating Eigen matrix...
[DEBUG getNormalsOnSurface] Writing matrix to XYZ file...
[DEBUG getNormalsOnSurface] Reading XYZ file: fileForNormalEst_Sampled.xyz
[DEBUG getNormalsOnSurface] XYZ file read successfully. Points loaded: 9077
[DEBUG getNormalsOnSurface] Estimating normals with PCA (neighbors=5)...
[DEBUG getNormalsOnSurface] PCA normal estimation complete.
[DEBUG getNormalsOnSurface] Orienting normals with MST...
[DEBUG getNormalsOnSurface] MST orientation complete.
[DEBUG getNormalsOnSurface] Erased unoriented points. Remaining: 9077
[DEBUG getNormalsOnSurface] Saving PLY in ASCII mode...
[DEBUG] getNormalsOnSurface completed successfully. Result points: 9077
[DEBUG] Extracting normals from sampled cloud...

Total points: 9077
Number of clusters is equal to 4
Points in 
Cluster 1 : 2342
Cluster 2 : 2071
Cluster 3 : 895
Cluster 4 : 120
Points in two clusters / Total Points in Pointcloud: 48.62%
Points in two clusters / Total Points in all clusters: 81.3%
Calling mergeClusters function.
mergeClusters function called.
Sampled indices: 282 337 556 1249 2128 1554 2272 269 700 1561 323 2035 1140 1024 1035 1233 1572 1345 2315 121 2086 846 296 1761 1181 955 773 722 2136 4 
Normals flipped: true
  loading cloudForSpline.pcd
  2342 points in data set
  surface fitting ...
  loading cloudForSpline.pcd
  2071 points in data set
  surface fitting ...
[DEBUG] Saving surface cluster PLY files in ASCII mode...
PointCloud representing the Cluster: 3649 data points.
Successfully found 4 clusters after 1 iterations.
Ply to XYZ start

Time after processing: 2.779 seconds
Copied Point file: Pot_A_Piece_09_Point.pcd
Copied Mesh file: Pot_A_Piece_09_Mesh.obj

Selected file: Dataset/Point/Pot_A/Pot_A_Piece_09_Point.pcd
[DEBUG getNormalsOnSurface] Starting function. Input points: 8055
[DEBUG getNormalsOnSurface] Creating Eigen matrix...
[DEBUG getNormalsOnSurface] Writing matrix to XYZ file...
[DEBUG getNormalsOnSurface] Reading XYZ file: fileForNormalEst_Sampled.xyz
[DEBUG getNormalsOnSurface] XYZ file read successfully. Points loaded: 8055
[DEBUG getNormalsOnSurface] Estimating normals with PCA (neighbors=5)...
[DEBUG getNormalsOnSurface] PCA normal estimation complete.
[DEBUG getNormalsOnSurface] Orienting normals with MST...
[DEBUG getNormalsOnSurface] MST orientation complete.
[DEBUG getNormalsOnSurface] Erased unoriented points. Remaining: 8055
[DEBUG getNormalsOnSurface] Saving PLY in ASCII mode...
[DEBUG downsamplePointCloud] Saving PLY in ASCII mode to avoid camera data issues...
Starting processing on: Dataset/Point/Pot_A/Pot_A_Piece_09_Point.pcd
Starting surface segmentation on: Temp/Data/Pot_A/Pot_A_Piece_09_SampledWithNormals.ply
[DEBUG] Loading PLY file: Temp/Data/Pot_A/Pot_A_Piece_09_SampledWithNormals.ply
[DEBUG] PLY file loaded successfully. Points: 8055
[DEBUG] Converting PointNormal to PointXYZ...
[DEBUG] Conversion complete. Cloud size: 8055
[DEBUG] Calling getNormalsOnSurface...
[DEBUG] Input cloud size: 8055
[DEBUG getNormalsOnSurface] Starting function. Input points: 8055
[DEBUG getNormalsOnSurface] Creating Eigen matrix...
[DEBUG getNormalsOnSurface] Writing matrix to XYZ file...
[DEBUG getNormalsOnSurface] Reading XYZ file: fileForNormalEst_Sampled.xyz
[DEBUG getNormalsOnSurface] XYZ file read successfully. Points loaded: 8055
[DEBUG getNormalsOnSurface] Estimating normals with PCA (neighbors=5)...
[DEBUG getNormalsOnSurface] PCA normal estimation complete.
[DEBUG getNormalsOnSurface] Orienting normals with MST...
[DEBUG getNormalsOnSurface] MST orientation complete.
[DEBUG getNormalsOnSurface] Erased unoriented points. Remaining: 8055
[DEBUG getNormalsOnSurface] Saving PLY in ASCII mode...
[DEBUG] getNormalsOnSurface completed successfully. Result points: 8055
[DEBUG] Extracting normals from sampled cloud...

Total points: 8055
Number of clusters is equal to 2
Points in 
Cluster 1 : 2661
Cluster 2 : 2411
Points in two clusters / Total Points in Pointcloud: 62.97%
Points in two clusters / Total Points in all clusters: 100%
Calling mergeClusters function.
mergeClusters function called.
Sampled indices: 1776 2286 992 409 2593 401 1165 437 2030 2449 1824 2123 1569 1088 196 1303 416 1470 1537 2019 2561 1461 43 90 579 6 1943 2235 1427 1125 
Normals flipped: true
  loading cloudForSpline.pcd
  2661 points in data set
  surface fitting ...
  loading cloudForSpline.pcd
  2411 points in data set
  surface fitting ...
[DEBUG] Saving surface cluster PLY files in ASCII mode...
PointCloud representing the Cluster: 2983 data points.
Successfully found 2 clusters after 1 iterations.
Ply to XYZ start

Time after processing: 1.965 seconds
Copied Point file: Pot_A_Piece_10_Point.pcd
Copied Mesh file: Pot_A_Piece_10_Mesh.obj

Selected file: Dataset/Point/Pot_A/Pot_A_Piece_10_Point.pcd
[DEBUG getNormalsOnSurface] Starting function. Input points: 8007
[DEBUG getNormalsOnSurface] Creating Eigen matrix...
[DEBUG getNormalsOnSurface] Writing matrix to XYZ file...
[DEBUG getNormalsOnSurface] Reading XYZ file: fileForNormalEst_Sampled.xyz
[DEBUG getNormalsOnSurface] XYZ file read successfully. Points loaded: 8007
[DEBUG getNormalsOnSurface] Estimating normals with PCA (neighbors=5)...
[DEBUG getNormalsOnSurface] PCA normal estimation complete.
[DEBUG getNormalsOnSurface] Orienting normals with MST...
[DEBUG getNormalsOnSurface] MST orientation complete.
[DEBUG getNormalsOnSurface] Erased unoriented points. Remaining: 8007
[DEBUG getNormalsOnSurface] Saving PLY in ASCII mode...
[DEBUG downsamplePointCloud] Saving PLY in ASCII mode to avoid camera data issues...
Starting processing on: Dataset/Point/Pot_A/Pot_A_Piece_10_Point.pcd
Starting surface segmentation on: Temp/Data/Pot_A/Pot_A_Piece_10_SampledWithNormals.ply
[DEBUG] Loading PLY file: Temp/Data/Pot_A/Pot_A_Piece_10_SampledWithNormals.ply
[DEBUG] PLY file loaded successfully. Points: 8007
[DEBUG] Converting PointNormal to PointXYZ...
[DEBUG] Conversion complete. Cloud size: 8007
[DEBUG] Calling getNormalsOnSurface...
[DEBUG] Input cloud size: 8007
[DEBUG getNormalsOnSurface] Starting function. Input points: 8007
[DEBUG getNormalsOnSurface] Creating Eigen matrix...
[DEBUG getNormalsOnSurface] Writing matrix to XYZ file...
[DEBUG getNormalsOnSurface] Reading XYZ file: fileForNormalEst_Sampled.xyz
[DEBUG getNormalsOnSurface] XYZ file read successfully. Points loaded: 8007
[DEBUG getNormalsOnSurface] Estimating normals with PCA (neighbors=5)...
[DEBUG getNormalsOnSurface] PCA normal estimation complete.
[DEBUG getNormalsOnSurface] Orienting normals with MST...
[DEBUG getNormalsOnSurface] MST orientation complete.
[DEBUG getNormalsOnSurface] Erased unoriented points. Remaining: 8007
[DEBUG getNormalsOnSurface] Saving PLY in ASCII mode...
[DEBUG] getNormalsOnSurface completed successfully. Result points: 8007
[DEBUG] Extracting normals from sampled cloud...

Total points: 8007
Number of clusters is equal to 2
Points in 
Cluster 1 : 2621
Cluster 2 : 2428
Points in two clusters / Total Points in Pointcloud: 63.06%
Points in two clusters / Total Points in all clusters: 100%
Calling mergeClusters function.
mergeClusters function called.
Sampled indices: 43 2347 1018 1188 2046 2557 853 2168 897 1474 1700 491 1502 1334 483 1945 1260 740 1843 997 2403 867 2123 1327 819 1377 1135 1722 2477 1451 
Normals flipped: true
  loading cloudForSpline.pcd
  2621 points in data set
  surface fitting ...
  loading cloudForSpline.pcd
  2428 points in data set
  surface fitting ...
[DEBUG] Saving surface cluster PLY files in ASCII mode...
PointCloud representing the Cluster: 2958 data points.
Successfully found 2 clusters after 1 iterations.
Ply to XYZ start

Time after processing: 1.966 seconds
Copied Point file: Pot_A_Piece_11_Point.pcd
Copied Mesh file: Pot_A_Piece_11_Mesh.obj

Selected file: Dataset/Point/Pot_A/Pot_A_Piece_11_Point.pcd
[DEBUG getNormalsOnSurface] Starting function. Input points: 6381
[DEBUG getNormalsOnSurface] Creating Eigen matrix...
[DEBUG getNormalsOnSurface] Writing matrix to XYZ file...
[DEBUG getNormalsOnSurface] Reading XYZ file: fileForNormalEst_Sampled.xyz
[DEBUG getNormalsOnSurface] XYZ file read successfully. Points loaded: 6381
[DEBUG getNormalsOnSurface] Estimating normals with PCA (neighbors=5)...
[DEBUG getNormalsOnSurface] PCA normal estimation complete.
[DEBUG getNormalsOnSurface] Orienting normals with MST...
[DEBUG getNormalsOnSurface] MST orientation complete.
[DEBUG getNormalsOnSurface] Erased unoriented points. Remaining: 6381
[DEBUG getNormalsOnSurface] Saving PLY in ASCII mode...
[DEBUG downsamplePointCloud] Saving PLY in ASCII mode to avoid camera data issues...
Starting processing on: Dataset/Point/Pot_A/Pot_A_Piece_11_Point.pcd
Starting surface segmentation on: Temp/Data/Pot_A/Pot_A_Piece_11_SampledWithNormals.ply
[DEBUG] Loading PLY file: Temp/Data/Pot_A/Pot_A_Piece_11_SampledWithNormals.ply
[DEBUG] PLY file loaded successfully. Points: 6381
[DEBUG] Converting PointNormal to PointXYZ...
[DEBUG] Conversion complete. Cloud size: 6381
[DEBUG] Calling getNormalsOnSurface...
[DEBUG] Input cloud size: 6381
[DEBUG getNormalsOnSurface] Starting function. Input points: 6381
[DEBUG getNormalsOnSurface] Creating Eigen matrix...
[DEBUG getNormalsOnSurface] Writing matrix to XYZ file...
[DEBUG getNormalsOnSurface] Reading XYZ file: fileForNormalEst_Sampled.xyz
[DEBUG getNormalsOnSurface] XYZ file read successfully. Points loaded: 6381
[DEBUG getNormalsOnSurface] Estimating normals with PCA (neighbors=5)...
[DEBUG getNormalsOnSurface] PCA normal estimation complete.
[DEBUG getNormalsOnSurface] Orienting normals with MST...
[DEBUG getNormalsOnSurface] MST orientation complete.
[DEBUG getNormalsOnSurface] Erased unoriented points. Remaining: 6381
[DEBUG getNormalsOnSurface] Saving PLY in ASCII mode...
[DEBUG] getNormalsOnSurface completed successfully. Result points: 6381
[DEBUG] Extracting normals from sampled cloud...

Total points: 6381
Number of clusters is equal to 3
Points in 
Cluster 1 : 1801
Cluster 2 : 1473
Cluster 3 : 70
Points in two clusters / Total Points in Pointcloud: 51.31%
Points in two clusters / Total Points in all clusters: 97.91%
Calling mergeClusters function.
mergeClusters function called.
Sampled indices: 1056 1087 170 30 1782 958 593 1196 742 335 417 1726 1631 596 610 497 1003 1306 645 339 212 916 918 326 1489 558 1787 1060 1000 818 
Normals flipped: true
  loading cloudForSpline.pcd
  1801 points in data set
  surface fitting ...
  loading cloudForSpline.pcd
  1473 points in data set
  surface fitting ...
[DEBUG] Saving surface cluster PLY files in ASCII mode...
PointCloud representing the Cluster: 3037 data points.
Successfully found 3 clusters after 1 iterations.
Ply to XYZ start

Time after processing: 1.903 seconds
Copied Point file: Pot_A_Piece_12_Point.pcd
Copied Mesh file: Pot_A_Piece_12_Mesh.obj

Selected file: Dataset/Point/Pot_A/Pot_A_Piece_12_Point.pcd
[DEBUG getNormalsOnSurface] Starting function. Input points: 8068
[DEBUG getNormalsOnSurface] Creating Eigen matrix...
[DEBUG getNormalsOnSurface] Writing matrix to XYZ file...
[DEBUG getNormalsOnSurface] Reading XYZ file: fileForNormalEst_Sampled.xyz
[DEBUG getNormalsOnSurface] XYZ file read successfully. Points loaded: 8068
[DEBUG getNormalsOnSurface] Estimating normals with PCA (neighbors=5)...
[DEBUG getNormalsOnSurface] PCA normal estimation complete.
[DEBUG getNormalsOnSurface] Orienting normals with MST...
[DEBUG getNormalsOnSurface] MST orientation complete.
[DEBUG getNormalsOnSurface] Erased unoriented points. Remaining: 8067
[DEBUG getNormalsOnSurface] Saving PLY in ASCII mode...
[DEBUG downsamplePointCloud] Saving PLY in ASCII mode to avoid camera data issues...
Starting processing on: Dataset/Point/Pot_A/Pot_A_Piece_12_Point.pcd
Starting surface segmentation on: Temp/Data/Pot_A/Pot_A_Piece_12_SampledWithNormals.ply
[DEBUG] Loading PLY file: Temp/Data/Pot_A/Pot_A_Piece_12_SampledWithNormals.ply
[DEBUG] PLY file loaded successfully. Points: 8067
[DEBUG] Converting PointNormal to PointXYZ...
[DEBUG] Conversion complete. Cloud size: 8067
[DEBUG] Calling getNormalsOnSurface...
[DEBUG] Input cloud size: 8067
[DEBUG getNormalsOnSurface] Starting function. Input points: 8067
[DEBUG getNormalsOnSurface] Creating Eigen matrix...
[DEBUG getNormalsOnSurface] Writing matrix to XYZ file...
[DEBUG getNormalsOnSurface] Reading XYZ file: fileForNormalEst_Sampled.xyz
[DEBUG getNormalsOnSurface] XYZ file read successfully. Points loaded: 8067
[DEBUG getNormalsOnSurface] Estimating normals with PCA (neighbors=5)...
[DEBUG getNormalsOnSurface] PCA normal estimation complete.
[DEBUG getNormalsOnSurface] Orienting normals with MST...
[DEBUG getNormalsOnSurface] MST orientation complete.
[DEBUG getNormalsOnSurface] Erased unoriented points. Remaining: 8067
[DEBUG getNormalsOnSurface] Saving PLY in ASCII mode...
[DEBUG] getNormalsOnSurface completed successfully. Result points: 8067
[DEBUG] Extracting normals from sampled cloud...

Total points: 8067
Number of clusters is equal to 2
Points in 
Cluster 1 : 2893
Cluster 2 : 2684
Points in two clusters / Total Points in Pointcloud: 69.13%
Points in two clusters / Total Points in all clusters: 100%
Calling mergeClusters function.
mergeClusters function called.
Sampled indices: 625 120 1324 2822 1615 600 217 402 2156 2754 295 2087 1977 940 1959 2069 1255 2033 631 407 540 1786 1927 2826 1255 423 1958 731 1221 1170 
Normals flipped: true
  loading cloudForSpline.pcd
  2893 points in data set
  surface fitting ...
  loading cloudForSpline.pcd
  2684 points in data set
  surface fitting ...
[DEBUG] Saving surface cluster PLY files in ASCII mode...
PointCloud representing the Cluster: 2490 data points.
Successfully found 2 clusters after 1 iterations.
Ply to XYZ start

Time after processing: 1.557 seconds
Copied Point file: Pot_A_Piece_13_Point.pcd
Copied Mesh file: Pot_A_Piece_13_Mesh.obj

Selected file: Dataset/Point/Pot_A/Pot_A_Piece_13_Point.pcd
[DEBUG getNormalsOnSurface] Starting function. Input points: 11216
[DEBUG getNormalsOnSurface] Creating Eigen matrix...
[DEBUG getNormalsOnSurface] Writing matrix to XYZ file...
[DEBUG getNormalsOnSurface] Reading XYZ file: fileForNormalEst_Sampled.xyz
[DEBUG getNormalsOnSurface] XYZ file read successfully. Points loaded: 11216
[DEBUG getNormalsOnSurface] Estimating normals with PCA (neighbors=5)...
[DEBUG getNormalsOnSurface] PCA normal estimation complete.
[DEBUG getNormalsOnSurface] Orienting normals with MST...
[DEBUG getNormalsOnSurface] MST orientation complete.
[DEBUG getNormalsOnSurface] Erased unoriented points. Remaining: 11215
[DEBUG getNormalsOnSurface] Saving PLY in ASCII mode...
[DEBUG downsamplePointCloud] Saving PLY in ASCII mode to avoid camera data issues...
Starting processing on: Dataset/Point/Pot_A/Pot_A_Piece_13_Point.pcd
Starting surface segmentation on: Temp/Data/Pot_A/Pot_A_Piece_13_SampledWithNormals.ply
[DEBUG] Loading PLY file: Temp/Data/Pot_A/Pot_A_Piece_13_SampledWithNormals.ply
[DEBUG] PLY file loaded successfully. Points: 11215
[DEBUG] Converting PointNormal to PointXYZ...
[DEBUG] Conversion complete. Cloud size: 11215
[DEBUG] Calling getNormalsOnSurface...
[DEBUG] Input cloud size: 11215
[DEBUG getNormalsOnSurface] Starting function. Input points: 11215
[DEBUG getNormalsOnSurface] Creating Eigen matrix...
[DEBUG getNormalsOnSurface] Writing matrix to XYZ file...
[DEBUG getNormalsOnSurface] Reading XYZ file: fileForNormalEst_Sampled.xyz
[DEBUG getNormalsOnSurface] XYZ file read successfully. Points loaded: 11215
[DEBUG getNormalsOnSurface] Estimating normals with PCA (neighbors=5)...
[DEBUG getNormalsOnSurface] PCA normal estimation complete.
[DEBUG getNormalsOnSurface] Orienting normals with MST...
[DEBUG getNormalsOnSurface] MST orientation complete.
[DEBUG getNormalsOnSurface] Erased unoriented points. Remaining: 11215
[DEBUG getNormalsOnSurface] Saving PLY in ASCII mode...
[DEBUG] getNormalsOnSurface completed successfully. Result points: 11215
[DEBUG] Extracting normals from sampled cloud...

Total points: 11215
Number of clusters is equal to 3
Points in 
Cluster 1 : 4328
Cluster 2 : 4128
Cluster 3 : 51
Points in two clusters / Total Points in Pointcloud: 75.4%
Points in two clusters / Total Points in all clusters: 99.4%
Calling mergeClusters function.
mergeClusters function called.
Sampled indices: 1614 2399 3876 1554 1993 3242 1513 1577 1723 1638 3296 4057 3732 3942 1060 1189 3482 3383 1282 3640 2920 393 2552 2297 1074 4301 2466 1250 3425 1053 
Normals flipped: true
  loading cloudForSpline.pcd
  4328 points in data set
  surface fitting ...
  loading cloudForSpline.pcd
  4128 points in data set
  surface fitting ...
[DEBUG] Saving surface cluster PLY files in ASCII mode...
PointCloud representing the Cluster: 2708 data points.
Successfully found 3 clusters after 1 iterations.
Ply to XYZ start

Time after processing: 1.938 seconds
Copied Point file: Pot_A_Piece_14_Point.pcd
Copied Mesh file: Pot_A_Piece_14_Mesh.obj

Selected file: Dataset/Point/Pot_A/Pot_A_Piece_14_Point.pcd
[DEBUG getNormalsOnSurface] Starting function. Input points: 1615
[DEBUG getNormalsOnSurface] Creating Eigen matrix...
[DEBUG getNormalsOnSurface] Writing matrix to XYZ file...
[DEBUG getNormalsOnSurface] Reading XYZ file: fileForNormalEst_Sampled.xyz
[DEBUG getNormalsOnSurface] XYZ file read successfully. Points loaded: 1615
[DEBUG getNormalsOnSurface] Estimating normals with PCA (neighbors=5)...
[DEBUG getNormalsOnSurface] PCA normal estimation complete.
[DEBUG getNormalsOnSurface] Orienting normals with MST...
[DEBUG getNormalsOnSurface] MST orientation complete.
[DEBUG getNormalsOnSurface] Erased unoriented points. Remaining: 1615
[DEBUG getNormalsOnSurface] Saving PLY in ASCII mode...
[DEBUG downsamplePointCloud] Saving PLY in ASCII mode to avoid camera data issues...
Starting processing on: Dataset/Point/Pot_A/Pot_A_Piece_14_Point.pcd
Starting surface segmentation on: Temp/Data/Pot_A/Pot_A_Piece_14_SampledWithNormals.ply
[DEBUG] Loading PLY file: Temp/Data/Pot_A/Pot_A_Piece_14_SampledWithNormals.ply
[DEBUG] PLY file loaded successfully. Points: 1615
[DEBUG] Converting PointNormal to PointXYZ...
[DEBUG] Conversion complete. Cloud size: 1615
[DEBUG] Calling getNormalsOnSurface...
[DEBUG] Input cloud size: 1615
[DEBUG getNormalsOnSurface] Starting function. Input points: 1615
[DEBUG getNormalsOnSurface] Creating Eigen matrix...
[DEBUG getNormalsOnSurface] Writing matrix to XYZ file...
[DEBUG getNormalsOnSurface] Reading XYZ file: fileForNormalEst_Sampled.xyz
[DEBUG getNormalsOnSurface] XYZ file read successfully. Points loaded: 1615
[DEBUG getNormalsOnSurface] Estimating normals with PCA (neighbors=5)...
[DEBUG getNormalsOnSurface] PCA normal estimation complete.
[DEBUG getNormalsOnSurface] Orienting normals with MST...
[DEBUG getNormalsOnSurface] MST orientation complete.
[DEBUG getNormalsOnSurface] Erased unoriented points. Remaining: 1615
[DEBUG getNormalsOnSurface] Saving PLY in ASCII mode...
[DEBUG] getNormalsOnSurface completed successfully. Result points: 1615
[DEBUG] Extracting normals from sampled cloud...

Total points: 1615
Number of clusters is equal to 2
Points in 
Cluster 1 : 326
Cluster 2 : 296
Points in two clusters / Total Points in Pointcloud: 38.51%
Points in two clusters / Total Points in all clusters: 100%
Calling mergeClusters function.
mergeClusters function called.
Sampled indices: 260 315 14 214 299 49 3 232 86 64 40 218 303 236 125 235 9 107 41 201 305 189 305 143 86 218 222 17 209 164 
Normals flipped: true
  loading cloudForSpline.pcd
  326 points in data set
  surface fitting ...
  loading cloudForSpline.pcd
  296 points in data set
  surface fitting ...
[DEBUG] Saving surface cluster PLY files in ASCII mode...
PointCloud representing the Cluster: 993 data points.
Successfully found 2 clusters after 1 iterations.
Ply to XYZ start

Time after processing: 0.3611 seconds
Copied Point file: Pot_A_Piece_15_Point.pcd
Copied Mesh file: Pot_A_Piece_15_Mesh.obj

Selected file: Dataset/Point/Pot_A/Pot_A_Piece_15_Point.pcd
[DEBUG getNormalsOnSurface] Starting function. Input points: 9568
[DEBUG getNormalsOnSurface] Creating Eigen matrix...
[DEBUG getNormalsOnSurface] Writing matrix to XYZ file...
[DEBUG getNormalsOnSurface] Reading XYZ file: fileForNormalEst_Sampled.xyz
[DEBUG getNormalsOnSurface] XYZ file read successfully. Points loaded: 9568
[DEBUG getNormalsOnSurface] Estimating normals with PCA (neighbors=5)...
[DEBUG getNormalsOnSurface] PCA normal estimation complete.
[DEBUG getNormalsOnSurface] Orienting normals with MST...
[DEBUG getNormalsOnSurface] MST orientation complete.
[DEBUG getNormalsOnSurface] Erased unoriented points. Remaining: 9568
[DEBUG getNormalsOnSurface] Saving PLY in ASCII mode...
[DEBUG downsamplePointCloud] Saving PLY in ASCII mode to avoid camera data issues...
Starting processing on: Dataset/Point/Pot_A/Pot_A_Piece_15_Point.pcd
Starting surface segmentation on: Temp/Data/Pot_A/Pot_A_Piece_15_SampledWithNormals.ply
[DEBUG] Loading PLY file: Temp/Data/Pot_A/Pot_A_Piece_15_SampledWithNormals.ply
[DEBUG] PLY file loaded successfully. Points: 9568
[DEBUG] Converting PointNormal to PointXYZ...
[DEBUG] Conversion complete. Cloud size: 9568
[DEBUG] Calling getNormalsOnSurface...
[DEBUG] Input cloud size: 9568
[DEBUG getNormalsOnSurface] Starting function. Input points: 9568
[DEBUG getNormalsOnSurface] Creating Eigen matrix...
[DEBUG getNormalsOnSurface] Writing matrix to XYZ file...
[DEBUG getNormalsOnSurface] Reading XYZ file: fileForNormalEst_Sampled.xyz
[DEBUG getNormalsOnSurface] XYZ file read successfully. Points loaded: 9568
[DEBUG getNormalsOnSurface] Estimating normals with PCA (neighbors=5)...
[DEBUG getNormalsOnSurface] PCA normal estimation complete.
[DEBUG getNormalsOnSurface] Orienting normals with MST...
[DEBUG getNormalsOnSurface] MST orientation complete.
[DEBUG getNormalsOnSurface] Erased unoriented points. Remaining: 9568
[DEBUG getNormalsOnSurface] Saving PLY in ASCII mode...
[DEBUG] getNormalsOnSurface completed successfully. Result points: 9568
[DEBUG] Extracting normals from sampled cloud...

Total points: 9568
Number of clusters is equal to 3
Points in 
Cluster 1 : 3405
Cluster 2 : 3098
Cluster 3 : 154
Points in two clusters / Total Points in Pointcloud: 67.97%
Points in two clusters / Total Points in all clusters: 97.69%
Calling mergeClusters function.
mergeClusters function called.
Sampled indices: 874 861 197 2687 3237 2763 1394 596 112 2712 668 1427 1440 958 1620 1511 98 3229 2841 1380 498 1090 1294 1492 211 3172 99 1696 586 1383 
Normals flipped: true
  loading cloudForSpline.pcd
  3405 points in data set
  surface fitting ...
  loading cloudForSpline.pcd
  3098 points in data set
  surface fitting ...
[DEBUG] Saving surface cluster PLY files in ASCII mode...
PointCloud representing the Cluster: 2911 data points.
Successfully found 3 clusters after 1 iterations.
Ply to XYZ start

Time after processing: 1.957 seconds
Copied Point file: Pot_A_Piece_16_Point.pcd
Copied Mesh file: Pot_A_Piece_16_Mesh.obj

Selected file: Dataset/Point/Pot_A/Pot_A_Piece_16_Point.pcd
[DEBUG getNormalsOnSurface] Starting function. Input points: 4713
[DEBUG getNormalsOnSurface] Creating Eigen matrix...
[DEBUG getNormalsOnSurface] Writing matrix to XYZ file...
[DEBUG getNormalsOnSurface] Reading XYZ file: fileForNormalEst_Sampled.xyz
[DEBUG getNormalsOnSurface] XYZ file read successfully. Points loaded: 4713
[DEBUG getNormalsOnSurface] Estimating normals with PCA (neighbors=5)...
[DEBUG getNormalsOnSurface] PCA normal estimation complete.
[DEBUG getNormalsOnSurface] Orienting normals with MST...
[DEBUG getNormalsOnSurface] MST orientation complete.
[DEBUG getNormalsOnSurface] Erased unoriented points. Remaining: 4712
[DEBUG getNormalsOnSurface] Saving PLY in ASCII mode...
[DEBUG downsamplePointCloud] Saving PLY in ASCII mode to avoid camera data issues...
Starting processing on: Dataset/Point/Pot_A/Pot_A_Piece_16_Point.pcd
Starting surface segmentation on: Temp/Data/Pot_A/Pot_A_Piece_16_SampledWithNormals.ply
[DEBUG] Loading PLY file: Temp/Data/Pot_A/Pot_A_Piece_16_SampledWithNormals.ply
[DEBUG] PLY file loaded successfully. Points: 4712
[DEBUG] Converting PointNormal to PointXYZ...
[DEBUG] Conversion complete. Cloud size: 4712
[DEBUG] Calling getNormalsOnSurface...
[DEBUG] Input cloud size: 4712
[DEBUG getNormalsOnSurface] Starting function. Input points: 4712
[DEBUG getNormalsOnSurface] Creating Eigen matrix...
[DEBUG getNormalsOnSurface] Writing matrix to XYZ file...
[DEBUG getNormalsOnSurface] Reading XYZ file: fileForNormalEst_Sampled.xyz
[DEBUG getNormalsOnSurface] XYZ file read successfully. Points loaded: 4712
[DEBUG getNormalsOnSurface] Estimating normals with PCA (neighbors=5)...
[DEBUG getNormalsOnSurface] PCA normal estimation complete.
[DEBUG getNormalsOnSurface] Orienting normals with MST...
[DEBUG getNormalsOnSurface] MST orientation complete.
[DEBUG getNormalsOnSurface] Erased unoriented points. Remaining: 4712
[DEBUG getNormalsOnSurface] Saving PLY in ASCII mode...
[DEBUG] getNormalsOnSurface completed successfully. Result points: 4712
[DEBUG] Extracting normals from sampled cloud...

Total points: 4712
Number of clusters is equal to 2
Points in 
Cluster 1 : 1358
Cluster 2 : 1228
Points in two clusters / Total Points in Pointcloud: 54.88%
Points in two clusters / Total Points in all clusters: 100%
Calling mergeClusters function.
mergeClusters function called.
Sampled indices: 372 24 809 808 459 848 8 533 879 49 456 8 19 696 225 187 202 329 379 684 177 787 92 97 400 536 25 960 1116 493 
Normals flipped: true
  loading cloudForSpline.pcd
  1358 points in data set
  surface fitting ...
  loading cloudForSpline.pcd
  1228 points in data set
  surface fitting ...
[DEBUG] Saving surface cluster PLY files in ASCII mode...
PointCloud representing the Cluster: 2126 data points.
Successfully found 2 clusters after 1 iterations.
Ply to XYZ start

Time after processing: 1.07 seconds
Copied Point file: Pot_A_Piece_17_Point.pcd
Copied Mesh file: Pot_A_Piece_17_Mesh.obj

Selected file: Dataset/Point/Pot_A/Pot_A_Piece_17_Point.pcd
[DEBUG getNormalsOnSurface] Starting function. Input points: 6431
[DEBUG getNormalsOnSurface] Creating Eigen matrix...
[DEBUG getNormalsOnSurface] Writing matrix to XYZ file...
[DEBUG getNormalsOnSurface] Reading XYZ file: fileForNormalEst_Sampled.xyz
[DEBUG getNormalsOnSurface] XYZ file read successfully. Points loaded: 6431
[DEBUG getNormalsOnSurface] Estimating normals with PCA (neighbors=5)...
[DEBUG getNormalsOnSurface] PCA normal estimation complete.
[DEBUG getNormalsOnSurface] Orienting normals with MST...
[DEBUG getNormalsOnSurface] MST orientation complete.
[DEBUG getNormalsOnSurface] Erased unoriented points. Remaining: 6431
[DEBUG getNormalsOnSurface] Saving PLY in ASCII mode...
[DEBUG downsamplePointCloud] Saving PLY in ASCII mode to avoid camera data issues...
Starting processing on: Dataset/Point/Pot_A/Pot_A_Piece_17_Point.pcd
Starting surface segmentation on: Temp/Data/Pot_A/Pot_A_Piece_17_SampledWithNormals.ply
[DEBUG] Loading PLY file: Temp/Data/Pot_A/Pot_A_Piece_17_SampledWithNormals.ply
[DEBUG] PLY file loaded successfully. Points: 6431
[DEBUG] Converting PointNormal to PointXYZ...
[DEBUG] Conversion complete. Cloud size: 6431
[DEBUG] Calling getNormalsOnSurface...
[DEBUG] Input cloud size: 6431
[DEBUG getNormalsOnSurface] Starting function. Input points: 6431
[DEBUG getNormalsOnSurface] Creating Eigen matrix...
[DEBUG getNormalsOnSurface] Writing matrix to XYZ file...
[DEBUG getNormalsOnSurface] Reading XYZ file: fileForNormalEst_Sampled.xyz
[DEBUG getNormalsOnSurface] XYZ file read successfully. Points loaded: 6431
[DEBUG getNormalsOnSurface] Estimating normals with PCA (neighbors=5)...
[DEBUG getNormalsOnSurface] PCA normal estimation complete.
[DEBUG getNormalsOnSurface] Orienting normals with MST...
[DEBUG getNormalsOnSurface] MST orientation complete.
[DEBUG getNormalsOnSurface] Erased unoriented points. Remaining: 6431
[DEBUG getNormalsOnSurface] Saving PLY in ASCII mode...
[DEBUG] getNormalsOnSurface completed successfully. Result points: 6431
[DEBUG] Extracting normals from sampled cloud...

Total points: 6431
Number of clusters is equal to 2
Points in 
Cluster 1 : 2283
Cluster 2 : 2206
Points in two clusters / Total Points in Pointcloud: 69.8%
Points in two clusters / Total Points in all clusters: 100%
Calling mergeClusters function.
mergeClusters function called.
Sampled indices: 2104 504 283 1652 1274 1607 147 943 115 2126 1062 723 2245 1533 1335 1613 1181 1497 1169 1353 591 213 1722 1865 881 992 1601 1437 1810 848 
Normals flipped: true
  loading cloudForSpline.pcd
  2283 points in data set
  surface fitting ...
  loading cloudForSpline.pcd
  2206 points in data set
  surface fitting ...
[DEBUG] Saving surface cluster PLY files in ASCII mode...
PointCloud representing the Cluster: 1942 data points.
Successfully found 2 clusters after 1 iterations.
Ply to XYZ start

Time after processing: 1.049 seconds
Copied Point file: Pot_A_Piece_18_Point.pcd
Copied Mesh file: Pot_A_Piece_18_Mesh.obj

Selected file: Dataset/Point/Pot_A/Pot_A_Piece_18_Point.pcd
[DEBUG getNormalsOnSurface] Starting function. Input points: 11830
[DEBUG getNormalsOnSurface] Creating Eigen matrix...
[DEBUG getNormalsOnSurface] Writing matrix to XYZ file...
[DEBUG getNormalsOnSurface] Reading XYZ file: fileForNormalEst_Sampled.xyz
[DEBUG getNormalsOnSurface] XYZ file read successfully. Points loaded: 11830
[DEBUG getNormalsOnSurface] Estimating normals with PCA (neighbors=5)...
[DEBUG getNormalsOnSurface] PCA normal estimation complete.
[DEBUG getNormalsOnSurface] Orienting normals with MST...
[DEBUG getNormalsOnSurface] MST orientation complete.
[DEBUG getNormalsOnSurface] Erased unoriented points. Remaining: 11830
[DEBUG getNormalsOnSurface] Saving PLY in ASCII mode...
[DEBUG downsamplePointCloud] Saving PLY in ASCII mode to avoid camera data issues...
Starting processing on: Dataset/Point/Pot_A/Pot_A_Piece_18_Point.pcd
Starting surface segmentation on: Temp/Data/Pot_A/Pot_A_Piece_18_SampledWithNormals.ply
[DEBUG] Loading PLY file: Temp/Data/Pot_A/Pot_A_Piece_18_SampledWithNormals.ply
[DEBUG] PLY file loaded successfully. Points: 11830
[DEBUG] Converting PointNormal to PointXYZ...
[DEBUG] Conversion complete. Cloud size: 11830
[DEBUG] Calling getNormalsOnSurface...
[DEBUG] Input cloud size: 11830
[DEBUG getNormalsOnSurface] Starting function. Input points: 11830
[DEBUG getNormalsOnSurface] Creating Eigen matrix...
[DEBUG getNormalsOnSurface] Writing matrix to XYZ file...
[DEBUG getNormalsOnSurface] Reading XYZ file: fileForNormalEst_Sampled.xyz
[DEBUG getNormalsOnSurface] XYZ file read successfully. Points loaded: 11830
[DEBUG getNormalsOnSurface] Estimating normals with PCA (neighbors=5)...
[DEBUG getNormalsOnSurface] PCA normal estimation complete.
[DEBUG getNormalsOnSurface] Orienting normals with MST...
[DEBUG getNormalsOnSurface] MST orientation complete.
[DEBUG getNormalsOnSurface] Erased unoriented points. Remaining: 11830
[DEBUG getNormalsOnSurface] Saving PLY in ASCII mode...
[DEBUG] getNormalsOnSurface completed successfully. Result points: 11830
[DEBUG] Extracting normals from sampled cloud...

Total points: 11830
Number of clusters is equal to 3
Points in 
Cluster 1 : 4048
Cluster 2 : 3261
Cluster 3 : 1810
Points in two clusters / Total Points in Pointcloud: 61.78%
Points in two clusters / Total Points in all clusters: 80.15%
Calling mergeClusters function.
mergeClusters function called.
Sampled indices: 2905 134 12 1993 1123 2981 1963 3980 2966 2052 1246 490 3357 54 2213 3256 3539 3060 881 3510 1199 523 2843 1485 2305 3802 3008 1079 1476 1149 
Normals flipped: true
  loading cloudForSpline.pcd
  4048 points in data set
  surface fitting ...
  loading cloudForSpline.pcd
  3261 points in data set
  surface fitting ...
[DEBUG] Saving surface cluster PLY files in ASCII mode...
PointCloud representing the Cluster: 2711 data points.
Successfully found 3 clusters after 1 iterations.
Ply to XYZ start

Time after processing: 2.136 seconds
Copied Point file: Pot_A_Piece_19_Point.pcd
Copied Mesh file: Pot_A_Piece_19_Mesh.obj

Selected file: Dataset/Point/Pot_A/Pot_A_Piece_19_Point.pcd
[DEBUG getNormalsOnSurface] Starting function. Input points: 8429
[DEBUG getNormalsOnSurface] Creating Eigen matrix...
[DEBUG getNormalsOnSurface] Writing matrix to XYZ file...
[DEBUG getNormalsOnSurface] Reading XYZ file: fileForNormalEst_Sampled.xyz
[DEBUG getNormalsOnSurface] XYZ file read successfully. Points loaded: 8429
[DEBUG getNormalsOnSurface] Estimating normals with PCA (neighbors=5)...
[DEBUG getNormalsOnSurface] PCA normal estimation complete.
[DEBUG getNormalsOnSurface] Orienting normals with MST...
[DEBUG getNormalsOnSurface] MST orientation complete.
[DEBUG getNormalsOnSurface] Erased unoriented points. Remaining: 8429
[DEBUG getNormalsOnSurface] Saving PLY in ASCII mode...
[DEBUG downsamplePointCloud] Saving PLY in ASCII mode to avoid camera data issues...
Starting processing on: Dataset/Point/Pot_A/Pot_A_Piece_19_Point.pcd
Starting surface segmentation on: Temp/Data/Pot_A/Pot_A_Piece_19_SampledWithNormals.ply
[DEBUG] Loading PLY file: Temp/Data/Pot_A/Pot_A_Piece_19_SampledWithNormals.ply
[DEBUG] PLY file loaded successfully. Points: 8429
[DEBUG] Converting PointNormal to PointXYZ...
[DEBUG] Conversion complete. Cloud size: 8429
[DEBUG] Calling getNormalsOnSurface...
[DEBUG] Input cloud size: 8429
[DEBUG getNormalsOnSurface] Starting function. Input points: 8429
[DEBUG getNormalsOnSurface] Creating Eigen matrix...
[DEBUG getNormalsOnSurface] Writing matrix to XYZ file...
[DEBUG getNormalsOnSurface] Reading XYZ file: fileForNormalEst_Sampled.xyz
[DEBUG getNormalsOnSurface] XYZ file read successfully. Points loaded: 8429
[DEBUG getNormalsOnSurface] Estimating normals with PCA (neighbors=5)...
[DEBUG getNormalsOnSurface] PCA normal estimation complete.
[DEBUG getNormalsOnSurface] Orienting normals with MST...
[DEBUG getNormalsOnSurface] MST orientation complete.
[DEBUG getNormalsOnSurface] Erased unoriented points. Remaining: 8429
[DEBUG getNormalsOnSurface] Saving PLY in ASCII mode...
[DEBUG] getNormalsOnSurface completed successfully. Result points: 8429
[DEBUG] Extracting normals from sampled cloud...

Total points: 8429
Number of clusters is equal to 2
Points in 
Cluster 1 : 3030
Cluster 2 : 2812
Points in two clusters / Total Points in Pointcloud: 69.31%
Points in two clusters / Total Points in all clusters: 100%
Calling mergeClusters function.
mergeClusters function called.
Sampled indices: 386 487 823 2495 777 836 721 146 2329 183 868 2372 387 2003 1777 2721 581 792 469 2158 271 1970 1399 938 106 881 1672 2343 2897 618 
Normals flipped: true
  loading cloudForSpline.pcd
  3030 points in data set
  surface fitting ...
  loading cloudForSpline.pcd
  2812 points in data set
  surface fitting ...
[DEBUG] Saving surface cluster PLY files in ASCII mode...
PointCloud representing the Cluster: 2587 data points.
Successfully found 2 clusters after 1 iterations.
Ply to XYZ start

Time after processing: 1.696 seconds
Copied Point file: Pot_A_Piece_20_Point.pcd
Copied Mesh file: Pot_A_Piece_20_Mesh.obj

Selected file: Dataset/Point/Pot_A/Pot_A_Piece_20_Point.pcd
[DEBUG getNormalsOnSurface] Starting function. Input points: 8262
[DEBUG getNormalsOnSurface] Creating Eigen matrix...
[DEBUG getNormalsOnSurface] Writing matrix to XYZ file...
[DEBUG getNormalsOnSurface] Reading XYZ file: fileForNormalEst_Sampled.xyz
[DEBUG getNormalsOnSurface] XYZ file read successfully. Points loaded: 8262
[DEBUG getNormalsOnSurface] Estimating normals with PCA (neighbors=5)...
[DEBUG getNormalsOnSurface] PCA normal estimation complete.
[DEBUG getNormalsOnSurface] Orienting normals with MST...
[DEBUG getNormalsOnSurface] MST orientation complete.
[DEBUG getNormalsOnSurface] Erased unoriented points. Remaining: 8261
[DEBUG getNormalsOnSurface] Saving PLY in ASCII mode...
[DEBUG downsamplePointCloud] Saving PLY in ASCII mode to avoid camera data issues...
Starting processing on: Dataset/Point/Pot_A/Pot_A_Piece_20_Point.pcd
Starting surface segmentation on: Temp/Data/Pot_A/Pot_A_Piece_20_SampledWithNormals.ply
[DEBUG] Loading PLY file: Temp/Data/Pot_A/Pot_A_Piece_20_SampledWithNormals.ply
[DEBUG] PLY file loaded successfully. Points: 8261
[DEBUG] Converting PointNormal to PointXYZ...
[DEBUG] Conversion complete. Cloud size: 8261
[DEBUG] Calling getNormalsOnSurface...
[DEBUG] Input cloud size: 8261
[DEBUG getNormalsOnSurface] Starting function. Input points: 8261
[DEBUG getNormalsOnSurface] Creating Eigen matrix...
[DEBUG getNormalsOnSurface] Writing matrix to XYZ file...
[DEBUG getNormalsOnSurface] Reading XYZ file: fileForNormalEst_Sampled.xyz
[DEBUG getNormalsOnSurface] XYZ file read successfully. Points loaded: 8261
[DEBUG getNormalsOnSurface] Estimating normals with PCA (neighbors=5)...
[DEBUG getNormalsOnSurface] PCA normal estimation complete.
[DEBUG getNormalsOnSurface] Orienting normals with MST...
[DEBUG getNormalsOnSurface] MST orientation complete.
[DEBUG getNormalsOnSurface] Erased unoriented points. Remaining: 8261
[DEBUG getNormalsOnSurface] Saving PLY in ASCII mode...
[DEBUG] getNormalsOnSurface completed successfully. Result points: 8261
[DEBUG] Extracting normals from sampled cloud...

Total points: 8261
Number of clusters is equal to 4
Points in 
Cluster 1 : 2840
Cluster 2 : 2563
Cluster 3 : 121
Cluster 4 : 93
Points in two clusters / Total Points in Pointcloud: 65.4%
Points in two clusters / Total Points in all clusters: 96.19%
Calling mergeClusters function.
mergeClusters function called.
Condition 1 (closest point pairs) passed for clusters 1 and 2
Condition 2 (normal vector similarity) passed for clusters 1 and 2
Condition 3 (boundary curvature similarity) passed for clusters 1 and 2
Verification failed (innerPoint selection) for clusters 1 and 2
Sampled indices: 1426 15 1530 1550 2612 2464 1469 895 1889 19 2812 625 601 1976 1790 1457 1293 1411 1376 1811 2194 1285 2812 2637 248 53 724 2014 2014 1440 
Normals flipped: true
  loading cloudForSpline.pcd
  2840 points in data set
  surface fitting ...
  loading cloudForSpline.pcd
  2563 points in data set
  surface fitting ...
[DEBUG] Saving surface cluster PLY files in ASCII mode...
PointCloud representing the Cluster: 2644 data points.
Successfully found 4 clusters after 1 iterations.
Ply to XYZ start

Time after processing: 1.81 seconds
Copied Point file: Pot_A_Piece_21_Point.pcd
Copied Mesh file: Pot_A_Piece_21_Mesh.obj

Selected file: Dataset/Point/Pot_A/Pot_A_Piece_21_Point.pcd
[DEBUG getNormalsOnSurface] Starting function. Input points: 1453
[DEBUG getNormalsOnSurface] Creating Eigen matrix...
[DEBUG getNormalsOnSurface] Writing matrix to XYZ file...
[DEBUG getNormalsOnSurface] Reading XYZ file: fileForNormalEst_Sampled.xyz
[DEBUG getNormalsOnSurface] XYZ file read successfully. Points loaded: 1453
[DEBUG getNormalsOnSurface] Estimating normals with PCA (neighbors=5)...
[DEBUG getNormalsOnSurface] PCA normal estimation complete.
[DEBUG getNormalsOnSurface] Orienting normals with MST...
[DEBUG getNormalsOnSurface] MST orientation complete.
[DEBUG getNormalsOnSurface] Erased unoriented points. Remaining: 1453
[DEBUG getNormalsOnSurface] Saving PLY in ASCII mode...
[DEBUG downsamplePointCloud] Saving PLY in ASCII mode to avoid camera data issues...
Starting processing on: Dataset/Point/Pot_A/Pot_A_Piece_21_Point.pcd
Starting surface segmentation on: Temp/Data/Pot_A/Pot_A_Piece_21_SampledWithNormals.ply
[DEBUG] Loading PLY file: Temp/Data/Pot_A/Pot_A_Piece_21_SampledWithNormals.ply
[DEBUG] PLY file loaded successfully. Points: 1453
[DEBUG] Converting PointNormal to PointXYZ...
[DEBUG] Conversion complete. Cloud size: 1453
[DEBUG] Calling getNormalsOnSurface...
[DEBUG] Input cloud size: 1453
[DEBUG getNormalsOnSurface] Starting function. Input points: 1453
[DEBUG getNormalsOnSurface] Creating Eigen matrix...
[DEBUG getNormalsOnSurface] Writing matrix to XYZ file...
[DEBUG getNormalsOnSurface] Reading XYZ file: fileForNormalEst_Sampled.xyz
[DEBUG getNormalsOnSurface] XYZ file read successfully. Points loaded: 1453
[DEBUG getNormalsOnSurface] Estimating normals with PCA (neighbors=5)...
[DEBUG getNormalsOnSurface] PCA normal estimation complete.
[DEBUG getNormalsOnSurface] Orienting normals with MST...
[DEBUG getNormalsOnSurface] MST orientation complete.
[DEBUG getNormalsOnSurface] Erased unoriented points. Remaining: 1453
[DEBUG getNormalsOnSurface] Saving PLY in ASCII mode...
[DEBUG] getNormalsOnSurface completed successfully. Result points: 1453
[DEBUG] Extracting normals from sampled cloud...

Total points: 1453
Number of clusters is equal to 3
Points in 
Cluster 1 : 313
Cluster 2 : 163
Cluster 3 : 84
Points in two clusters / Total Points in Pointcloud: 32.76%
Points in two clusters / Total Points in all clusters: 85%
Calling mergeClusters function.
mergeClusters function called.
Condition 1 (closest point pairs) passed for clusters 1 and 2
Condition 2 (normal vector similarity) passed for clusters 1 and 2
Condition 3 (boundary curvature similarity) passed for clusters 1 and 2
Verification failed (innerPoint selection) for clusters 1 and 2
Sampled indices: 139 138 280 187 260 295 91 4 253 306 166 265 160 196 59 66 111 108 189 146 171 181 210 150 120 12 241 249 60 12 
Normals flipped: true
  loading cloudForSpline.pcd
  313 points in data set
  surface fitting ...
  loading cloudForSpline.pcd
  163 points in data set
  surface fitting ...
[DEBUG] Saving surface cluster PLY files in ASCII mode...
PointCloud representing the Cluster: 893 data points.
Successfully found 3 clusters after 1 iterations.
Ply to XYZ start

Time after processing: 0.3464 seconds
Copied Point file: Pot_A_Piece_22_Point.pcd
Copied Mesh file: Pot_A_Piece_22_Mesh.obj

Selected file: Dataset/Point/Pot_A/Pot_A_Piece_22_Point.pcd
[DEBUG getNormalsOnSurface] Starting function. Input points: 6441
[DEBUG getNormalsOnSurface] Creating Eigen matrix...
[DEBUG getNormalsOnSurface] Writing matrix to XYZ file...
[DEBUG getNormalsOnSurface] Reading XYZ file: fileForNormalEst_Sampled.xyz
[DEBUG getNormalsOnSurface] XYZ file read successfully. Points loaded: 6441
[DEBUG getNormalsOnSurface] Estimating normals with PCA (neighbors=5)...
[DEBUG getNormalsOnSurface] PCA normal estimation complete.
[DEBUG getNormalsOnSurface] Orienting normals with MST...
[DEBUG getNormalsOnSurface] MST orientation complete.
[DEBUG getNormalsOnSurface] Erased unoriented points. Remaining: 6441
[DEBUG getNormalsOnSurface] Saving PLY in ASCII mode...
[DEBUG downsamplePointCloud] Saving PLY in ASCII mode to avoid camera data issues...
Starting processing on: Dataset/Point/Pot_A/Pot_A_Piece_22_Point.pcd
Starting surface segmentation on: Temp/Data/Pot_A/Pot_A_Piece_22_SampledWithNormals.ply
[DEBUG] Loading PLY file: Temp/Data/Pot_A/Pot_A_Piece_22_SampledWithNormals.ply
[DEBUG] PLY file loaded successfully. Points: 6441
[DEBUG] Converting PointNormal to PointXYZ...
[DEBUG] Conversion complete. Cloud size: 6441
[DEBUG] Calling getNormalsOnSurface...
[DEBUG] Input cloud size: 6441
[DEBUG getNormalsOnSurface] Starting function. Input points: 6441
[DEBUG getNormalsOnSurface] Creating Eigen matrix...
[DEBUG getNormalsOnSurface] Writing matrix to XYZ file...
[DEBUG getNormalsOnSurface] Reading XYZ file: fileForNormalEst_Sampled.xyz
[DEBUG getNormalsOnSurface] XYZ file read successfully. Points loaded: 6441
[DEBUG getNormalsOnSurface] Estimating normals with PCA (neighbors=5)...
[DEBUG getNormalsOnSurface] PCA normal estimation complete.
[DEBUG getNormalsOnSurface] Orienting normals with MST...
[DEBUG getNormalsOnSurface] MST orientation complete.
[DEBUG getNormalsOnSurface] Erased unoriented points. Remaining: 6441
[DEBUG getNormalsOnSurface] Saving PLY in ASCII mode...
[DEBUG] getNormalsOnSurface completed successfully. Result points: 6441
[DEBUG] Extracting normals from sampled cloud...

Total points: 6441
Number of clusters is equal to 5
Points in 
Cluster 1 : 1771
Cluster 2 : 708
Cluster 3 : 613
Cluster 4 : 181
Cluster 5 : 66
Points in two clusters / Total Points in Pointcloud: 38.49%
Points in two clusters / Total Points in all clusters: 74.24%
Calling mergeClusters function.
mergeClusters function called.
Condition 1 (closest point pairs) passed for clusters 2 and 3
Condition 2 (normal vector similarity) passed for clusters 2 and 3
Condition 3 (boundary curvature similarity) passed for clusters 2 and 3
Verification failed (innerPoint selection) for clusters 2 and 3
Sampled indices: 520 8 441 60 130 860 398 450 878 1212 845 1112 761 495 1301 620 1073 1412 69 189 1361 1431 76 1543 1723 1445 740 1009 561 1695 
Normals flipped: true
  loading cloudForSpline.pcd
  1771 points in data set
  surface fitting ...
  loading cloudForSpline.pcd
  708 points in data set
  surface fitting ...
[DEBUG] Saving surface cluster PLY files in ASCII mode...
PointCloud representing the Cluster: 3102 data points.
Successfully found 5 clusters after 1 iterations.
Ply to XYZ start

Time after processing: 2.017 seconds
Copied Point file: Pot_A_Piece_23_Point.pcd
Copied Mesh file: Pot_A_Piece_23_Mesh.obj

Selected file: Dataset/Point/Pot_A/Pot_A_Piece_23_Point.pcd
[DEBUG getNormalsOnSurface] Starting function. Input points: 6671
[DEBUG getNormalsOnSurface] Creating Eigen matrix...
[DEBUG getNormalsOnSurface] Writing matrix to XYZ file...
[DEBUG getNormalsOnSurface] Reading XYZ file: fileForNormalEst_Sampled.xyz
[DEBUG getNormalsOnSurface] XYZ file read successfully. Points loaded: 6671
[DEBUG getNormalsOnSurface] Estimating normals with PCA (neighbors=5)...
[DEBUG getNormalsOnSurface] PCA normal estimation complete.
[DEBUG getNormalsOnSurface] Orienting normals with MST...
[DEBUG getNormalsOnSurface] MST orientation complete.
[DEBUG getNormalsOnSurface] Erased unoriented points. Remaining: 6671
[DEBUG getNormalsOnSurface] Saving PLY in ASCII mode...
[DEBUG downsamplePointCloud] Saving PLY in ASCII mode to avoid camera data issues...
Starting processing on: Dataset/Point/Pot_A/Pot_A_Piece_23_Point.pcd
Starting surface segmentation on: Temp/Data/Pot_A/Pot_A_Piece_23_SampledWithNormals.ply
[DEBUG] Loading PLY file: Temp/Data/Pot_A/Pot_A_Piece_23_SampledWithNormals.ply
[DEBUG] PLY file loaded successfully. Points: 6671
[DEBUG] Converting PointNormal to PointXYZ...
[DEBUG] Conversion complete. Cloud size: 6671
[DEBUG] Calling getNormalsOnSurface...
[DEBUG] Input cloud size: 6671
[DEBUG getNormalsOnSurface] Starting function. Input points: 6671
[DEBUG getNormalsOnSurface] Creating Eigen matrix...
[DEBUG getNormalsOnSurface] Writing matrix to XYZ file...
[DEBUG getNormalsOnSurface] Reading XYZ file: fileForNormalEst_Sampled.xyz
[DEBUG getNormalsOnSurface] XYZ file read successfully. Points loaded: 6671
[DEBUG getNormalsOnSurface] Estimating normals with PCA (neighbors=5)...
[DEBUG getNormalsOnSurface] PCA normal estimation complete.
[DEBUG getNormalsOnSurface] Orienting normals with MST...
[DEBUG getNormalsOnSurface] MST orientation complete.
[DEBUG getNormalsOnSurface] Erased unoriented points. Remaining: 6671
[DEBUG getNormalsOnSurface] Saving PLY in ASCII mode...
[DEBUG] getNormalsOnSurface completed successfully. Result points: 6671
[DEBUG] Extracting normals from sampled cloud...

Total points: 6671
Number of clusters is equal to 3
Points in 
Cluster 1 : 2223
Cluster 2 : 2135
Cluster 3 : 75
Points in two clusters / Total Points in Pointcloud: 65.33%
Points in two clusters / Total Points in all clusters: 98.31%
Calling mergeClusters function.
mergeClusters function called.
Sampled indices: 706 1886 1342 1017 1029 249 752 1332 340 1858 516 246 52 2090 1897 1448 1572 1839 1812 1935 261 76 546 1971 1747 1074 1530 145 231 734 
Normals flipped: true
  loading cloudForSpline.pcd
  2223 points in data set
  surface fitting ...
  loading cloudForSpline.pcd
  2135 points in data set
  surface fitting ...
[DEBUG] Saving surface cluster PLY files in ASCII mode...
PointCloud representing the Cluster: 2238 data points.
Successfully found 3 clusters after 1 iterations.
Ply to XYZ start

Time after processing: 1.261 seconds
Copied Point file: Pot_A_Piece_24_Point.pcd
Copied Mesh file: Pot_A_Piece_24_Mesh.obj

Selected file: Dataset/Point/Pot_A/Pot_A_Piece_24_Point.pcd
[DEBUG getNormalsOnSurface] Starting function. Input points: 2198
[DEBUG getNormalsOnSurface] Creating Eigen matrix...
[DEBUG getNormalsOnSurface] Writing matrix to XYZ file...
[DEBUG getNormalsOnSurface] Reading XYZ file: fileForNormalEst_Sampled.xyz
[DEBUG getNormalsOnSurface] XYZ file read successfully. Points loaded: 2198
[DEBUG getNormalsOnSurface] Estimating normals with PCA (neighbors=5)...
[DEBUG getNormalsOnSurface] PCA normal estimation complete.
[DEBUG getNormalsOnSurface] Orienting normals with MST...
[DEBUG getNormalsOnSurface] MST orientation complete.
[DEBUG getNormalsOnSurface] Erased unoriented points. Remaining: 2198
[DEBUG getNormalsOnSurface] Saving PLY in ASCII mode...
[DEBUG downsamplePointCloud] Saving PLY in ASCII mode to avoid camera data issues...
Starting processing on: Dataset/Point/Pot_A/Pot_A_Piece_24_Point.pcd
Starting surface segmentation on: Temp/Data/Pot_A/Pot_A_Piece_24_SampledWithNormals.ply
[DEBUG] Loading PLY file: Temp/Data/Pot_A/Pot_A_Piece_24_SampledWithNormals.ply
[DEBUG] PLY file loaded successfully. Points: 2198
[DEBUG] Converting PointNormal to PointXYZ...
[DEBUG] Conversion complete. Cloud size: 2198
[DEBUG] Calling getNormalsOnSurface...
[DEBUG] Input cloud size: 2198
[DEBUG getNormalsOnSurface] Starting function. Input points: 2198
[DEBUG getNormalsOnSurface] Creating Eigen matrix...
[DEBUG getNormalsOnSurface] Writing matrix to XYZ file...
[DEBUG getNormalsOnSurface] Reading XYZ file: fileForNormalEst_Sampled.xyz
[DEBUG getNormalsOnSurface] XYZ file read successfully. Points loaded: 2198
[DEBUG getNormalsOnSurface] Estimating normals with PCA (neighbors=5)...
[DEBUG getNormalsOnSurface] PCA normal estimation complete.
[DEBUG getNormalsOnSurface] Orienting normals with MST...
[DEBUG getNormalsOnSurface] MST orientation complete.
[DEBUG getNormalsOnSurface] Erased unoriented points. Remaining: 2198
[DEBUG getNormalsOnSurface] Saving PLY in ASCII mode...
[DEBUG] getNormalsOnSurface completed successfully. Result points: 2198
[DEBUG] Extracting normals from sampled cloud...

Total points: 2198
Number of clusters is equal to 2
Points in 
Cluster 1 : 598
Cluster 2 : 528
Points in two clusters / Total Points in Pointcloud: 51.23%
Points in two clusters / Total Points in all clusters: 100%
Calling mergeClusters function.
mergeClusters function called.
Sampled indices: 1 505 213 530 165 319 92 92 55 80 118 406 219 381 232 425 119 22 118 302 5 584 10 53 149 240 71 408 266 230 
Normals flipped: true
  loading cloudForSpline.pcd
  598 points in data set
  surface fitting ...
  loading cloudForSpline.pcd
  528 points in data set
  surface fitting ...
[DEBUG] Saving surface cluster PLY files in ASCII mode...
PointCloud representing the Cluster: 1072 data points.
Successfully found 2 clusters after 1 iterations.
Ply to XYZ start

Time after processing: 0.4218 seconds
Copied Point file: Pot_A_Piece_25_Point.pcd
Copied Mesh file: Pot_A_Piece_25_Mesh.obj

Selected file: Dataset/Point/Pot_A/Pot_A_Piece_25_Point.pcd
[DEBUG getNormalsOnSurface] Starting function. Input points: 3578
[DEBUG getNormalsOnSurface] Creating Eigen matrix...
[DEBUG getNormalsOnSurface] Writing matrix to XYZ file...
[DEBUG getNormalsOnSurface] Reading XYZ file: fileForNormalEst_Sampled.xyz
[DEBUG getNormalsOnSurface] XYZ file read successfully. Points loaded: 3578
[DEBUG getNormalsOnSurface] Estimating normals with PCA (neighbors=5)...
[DEBUG getNormalsOnSurface] PCA normal estimation complete.
[DEBUG getNormalsOnSurface] Orienting normals with MST...
[DEBUG getNormalsOnSurface] MST orientation complete.
[DEBUG getNormalsOnSurface] Erased unoriented points. Remaining: 3577
[DEBUG getNormalsOnSurface] Saving PLY in ASCII mode...
[DEBUG downsamplePointCloud] Saving PLY in ASCII mode to avoid camera data issues...
Starting processing on: Dataset/Point/Pot_A/Pot_A_Piece_25_Point.pcd
Starting surface segmentation on: Temp/Data/Pot_A/Pot_A_Piece_25_SampledWithNormals.ply
[DEBUG] Loading PLY file: Temp/Data/Pot_A/Pot_A_Piece_25_SampledWithNormals.ply
[DEBUG] PLY file loaded successfully. Points: 3577
[DEBUG] Converting PointNormal to PointXYZ...
[DEBUG] Conversion complete. Cloud size: 3577
[DEBUG] Calling getNormalsOnSurface...
[DEBUG] Input cloud size: 3577
[DEBUG getNormalsOnSurface] Starting function. Input points: 3577
[DEBUG getNormalsOnSurface] Creating Eigen matrix...
[DEBUG getNormalsOnSurface] Writing matrix to XYZ file...
[DEBUG getNormalsOnSurface] Reading XYZ file: fileForNormalEst_Sampled.xyz
[DEBUG getNormalsOnSurface] XYZ file read successfully. Points loaded: 3577
[DEBUG getNormalsOnSurface] Estimating normals with PCA (neighbors=5)...
[DEBUG getNormalsOnSurface] PCA normal estimation complete.
[DEBUG getNormalsOnSurface] Orienting normals with MST...
[DEBUG getNormalsOnSurface] MST orientation complete.
[DEBUG getNormalsOnSurface] Erased unoriented points. Remaining: 3577
[DEBUG getNormalsOnSurface] Saving PLY in ASCII mode...
[DEBUG] getNormalsOnSurface completed successfully. Result points: 3577
[DEBUG] Extracting normals from sampled cloud...

Total points: 3577
Number of clusters is equal to 3
Points in 
Cluster 1 : 1043
Cluster 2 : 575
Cluster 3 : 247
Points in two clusters / Total Points in Pointcloud: 45.23%
Points in two clusters / Total Points in all clusters: 86.76%
Calling mergeClusters function.
mergeClusters function called.
Condition 1 (closest point pairs) passed for clusters 1 and 2
Condition 2 (normal vector similarity) passed for clusters 1 and 2
Condition 3 (boundary curvature similarity) passed for clusters 1 and 2
Verification failed (innerPoint selection) for clusters 1 and 2
Sampled indices: 899 39 81 822 406 16 666 25 864 679 373 756 796 173 155 768 664 634 415 894 165 662 390 470 574 582 833 1035 305 316 
Normals flipped: true
  loading cloudForSpline.pcd
  1043 points in data set
  surface fitting ...
  loading cloudForSpline.pcd
  575 points in data set
  surface fitting ...
[DEBUG] Saving surface cluster PLY files in ASCII mode...
PointCloud representing the Cluster: 1712 data points.
Successfully found 3 clusters after 1 iterations.
Ply to XYZ start

Time after processing: 0.8023 seconds
Copied Point file: Pot_A_Piece_26_Point.pcd
Copied Mesh file: Pot_A_Piece_26_Mesh.obj

Selected file: Dataset/Point/Pot_A/Pot_A_Piece_26_Point.pcd
[DEBUG getNormalsOnSurface] Starting function. Input points: 3498
[DEBUG getNormalsOnSurface] Creating Eigen matrix...
[DEBUG getNormalsOnSurface] Writing matrix to XYZ file...
[DEBUG getNormalsOnSurface] Reading XYZ file: fileForNormalEst_Sampled.xyz
[DEBUG getNormalsOnSurface] XYZ file read successfully. Points loaded: 3498
[DEBUG getNormalsOnSurface] Estimating normals with PCA (neighbors=5)...
[DEBUG getNormalsOnSurface] PCA normal estimation complete.
[DEBUG getNormalsOnSurface] Orienting normals with MST...
[DEBUG getNormalsOnSurface] MST orientation complete.
[DEBUG getNormalsOnSurface] Erased unoriented points. Remaining: 3498
[DEBUG getNormalsOnSurface] Saving PLY in ASCII mode...
[DEBUG downsamplePointCloud] Saving PLY in ASCII mode to avoid camera data issues...
Starting processing on: Dataset/Point/Pot_A/Pot_A_Piece_26_Point.pcd
Starting surface segmentation on: Temp/Data/Pot_A/Pot_A_Piece_26_SampledWithNormals.ply
[DEBUG] Loading PLY file: Temp/Data/Pot_A/Pot_A_Piece_26_SampledWithNormals.ply
[DEBUG] PLY file loaded successfully. Points: 3498
[DEBUG] Converting PointNormal to PointXYZ...
[DEBUG] Conversion complete. Cloud size: 3498
[DEBUG] Calling getNormalsOnSurface...
[DEBUG] Input cloud size: 3498
[DEBUG getNormalsOnSurface] Starting function. Input points: 3498
[DEBUG getNormalsOnSurface] Creating Eigen matrix...
[DEBUG getNormalsOnSurface] Writing matrix to XYZ file...
[DEBUG getNormalsOnSurface] Reading XYZ file: fileForNormalEst_Sampled.xyz
[DEBUG getNormalsOnSurface] XYZ file read successfully. Points loaded: 3498
[DEBUG getNormalsOnSurface] Estimating normals with PCA (neighbors=5)...
[DEBUG getNormalsOnSurface] PCA normal estimation complete.
[DEBUG getNormalsOnSurface] Orienting normals with MST...
[DEBUG getNormalsOnSurface] MST orientation complete.
[DEBUG getNormalsOnSurface] Erased unoriented points. Remaining: 3498
[DEBUG getNormalsOnSurface] Saving PLY in ASCII mode...
[DEBUG] getNormalsOnSurface completed successfully. Result points: 3498
[DEBUG] Extracting normals from sampled cloud...

Total points: 3498
Number of clusters is equal to 2
Points in 
Cluster 1 : 948
Cluster 2 : 853
Points in two clusters / Total Points in Pointcloud: 51.49%
Points in two clusters / Total Points in all clusters: 100%
Calling mergeClusters function.
mergeClusters function called.
Sampled indices: 750 692 349 414 629 781 939 550 801 632 335 646 715 655 5 167 77 814 908 182 324 490 272 554 730 816 22 799 599 324 
Normals flipped: true
  loading cloudForSpline.pcd
  948 points in data set
  surface fitting ...
  loading cloudForSpline.pcd
  853 points in data set
  surface fitting ...
[DEBUG] Saving surface cluster PLY files in ASCII mode...
PointCloud representing the Cluster: 1697 data points.
Successfully found 2 clusters after 1 iterations.
Ply to XYZ start

Time after processing: 0.723 seconds
Copied Point file: Pot_A_Piece_27_Point.pcd
Copied Mesh file: Pot_A_Piece_27_Mesh.obj

Selected file: Dataset/Point/Pot_A/Pot_A_Piece_27_Point.pcd
[DEBUG getNormalsOnSurface] Starting function. Input points: 1769
[DEBUG getNormalsOnSurface] Creating Eigen matrix...
[DEBUG getNormalsOnSurface] Writing matrix to XYZ file...
[DEBUG getNormalsOnSurface] Reading XYZ file: fileForNormalEst_Sampled.xyz
[DEBUG getNormalsOnSurface] XYZ file read successfully. Points loaded: 1769
[DEBUG getNormalsOnSurface] Estimating normals with PCA (neighbors=5)...
[DEBUG getNormalsOnSurface] PCA normal estimation complete.
[DEBUG getNormalsOnSurface] Orienting normals with MST...
[DEBUG getNormalsOnSurface] MST orientation complete.
[DEBUG getNormalsOnSurface] Erased unoriented points. Remaining: 1763
[DEBUG getNormalsOnSurface] Saving PLY in ASCII mode...
[DEBUG downsamplePointCloud] Saving PLY in ASCII mode to avoid camera data issues...
Starting processing on: Dataset/Point/Pot_A/Pot_A_Piece_27_Point.pcd
Starting surface segmentation on: Temp/Data/Pot_A/Pot_A_Piece_27_SampledWithNormals.ply
[DEBUG] Loading PLY file: Temp/Data/Pot_A/Pot_A_Piece_27_SampledWithNormals.ply
[DEBUG] PLY file loaded successfully. Points: 1763
[DEBUG] Converting PointNormal to PointXYZ...
[DEBUG] Conversion complete. Cloud size: 1763
[DEBUG] Calling getNormalsOnSurface...
[DEBUG] Input cloud size: 1763
[DEBUG getNormalsOnSurface] Starting function. Input points: 1763
[DEBUG getNormalsOnSurface] Creating Eigen matrix...
[DEBUG getNormalsOnSurface] Writing matrix to XYZ file...
[DEBUG getNormalsOnSurface] Reading XYZ file: fileForNormalEst_Sampled.xyz
[DEBUG getNormalsOnSurface] XYZ file read successfully. Points loaded: 1763
[DEBUG getNormalsOnSurface] Estimating normals with PCA (neighbors=5)...
[DEBUG getNormalsOnSurface] PCA normal estimation complete.
[DEBUG getNormalsOnSurface] Orienting normals with MST...
[DEBUG getNormalsOnSurface] MST orientation complete.
[DEBUG getNormalsOnSurface] Erased unoriented points. Remaining: 1763
[DEBUG getNormalsOnSurface] Saving PLY in ASCII mode...
[DEBUG] getNormalsOnSurface completed successfully. Result points: 1763
[DEBUG] Extracting normals from sampled cloud...

Total points: 1763
Number of clusters is equal to 2
Points in 
Cluster 1 : 440
Cluster 2 : 316
Points in two clusters / Total Points in Pointcloud: 42.88%
Points in two clusters / Total Points in all clusters: 100%
Calling mergeClusters function.
mergeClusters function called.
Sampled indices: 18 299 240 395 319 321 262 147 192 393 104 368 167 323 222 8 274 203 408 63 48 177 420 383 161 140 434 143 62 308 
Normals flipped: true
  loading cloudForSpline.pcd
  440 points in data set
  surface fitting ...
  loading cloudForSpline.pcd
  316 points in data set
  surface fitting ...
[DEBUG] Saving surface cluster PLY files in ASCII mode...
PointCloud representing the Cluster: 1007 data points.
Successfully found 2 clusters after 1 iterations.
Ply to XYZ start

Time after processing: 0.3755 seconds
Copied Point file: Pot_A_Piece_28_Point.pcd
Copied Mesh file: Pot_A_Piece_28_Mesh.obj

Selected file: Dataset/Point/Pot_A/Pot_A_Piece_28_Point.pcd
[DEBUG getNormalsOnSurface] Starting function. Input points: 8918
[DEBUG getNormalsOnSurface] Creating Eigen matrix...
[DEBUG getNormalsOnSurface] Writing matrix to XYZ file...
[DEBUG getNormalsOnSurface] Reading XYZ file: fileForNormalEst_Sampled.xyz
[DEBUG getNormalsOnSurface] XYZ file read successfully. Points loaded: 8918
[DEBUG getNormalsOnSurface] Estimating normals with PCA (neighbors=5)...
[DEBUG getNormalsOnSurface] PCA normal estimation complete.
[DEBUG getNormalsOnSurface] Orienting normals with MST...
[DEBUG getNormalsOnSurface] MST orientation complete.
[DEBUG getNormalsOnSurface] Erased unoriented points. Remaining: 8917
[DEBUG getNormalsOnSurface] Saving PLY in ASCII mode...
[DEBUG downsamplePointCloud] Saving PLY in ASCII mode to avoid camera data issues...
Starting processing on: Dataset/Point/Pot_A/Pot_A_Piece_28_Point.pcd
Starting surface segmentation on: Temp/Data/Pot_A/Pot_A_Piece_28_SampledWithNormals.ply
[DEBUG] Loading PLY file: Temp/Data/Pot_A/Pot_A_Piece_28_SampledWithNormals.ply
[DEBUG] PLY file loaded successfully. Points: 8917
[DEBUG] Converting PointNormal to PointXYZ...
[DEBUG] Conversion complete. Cloud size: 8917
[DEBUG] Calling getNormalsOnSurface...
[DEBUG] Input cloud size: 8917
[DEBUG getNormalsOnSurface] Starting function. Input points: 8917
[DEBUG getNormalsOnSurface] Creating Eigen matrix...
[DEBUG getNormalsOnSurface] Writing matrix to XYZ file...
[DEBUG getNormalsOnSurface] Reading XYZ file: fileForNormalEst_Sampled.xyz
[DEBUG getNormalsOnSurface] XYZ file read successfully. Points loaded: 8917
[DEBUG getNormalsOnSurface] Estimating normals with PCA (neighbors=5)...
[DEBUG getNormalsOnSurface] PCA normal estimation complete.
[DEBUG getNormalsOnSurface] Orienting normals with MST...
[DEBUG getNormalsOnSurface] MST orientation complete.
[DEBUG getNormalsOnSurface] Erased unoriented points. Remaining: 8917
[DEBUG getNormalsOnSurface] Saving PLY in ASCII mode...
[DEBUG] getNormalsOnSurface completed successfully. Result points: 8917
[DEBUG] Extracting normals from sampled cloud...

Total points: 8917
Number of clusters is equal to 3
Points in 
Cluster 1 : 3041
Cluster 2 : 3021
Cluster 3 : 52
Points in two clusters / Total Points in Pointcloud: 67.98%
Points in two clusters / Total Points in all clusters: 99.15%
Calling mergeClusters function.
mergeClusters function called.
Condition 1 (closest point pairs) passed for clusters 0 and 2
Condition 2 (normal vector similarity) passed for clusters 0 and 2
Condition 3 (boundary curvature similarity) passed for clusters 0 and 2
Verification failed (innerPoint selection) for clusters 0 and 2
Sampled indices: 1687 1798 829 1687 1955 2872 2469 1358 75 1966 1698 2265 307 2272 1261 1016 1720 2376 580 1548 941 802 1379 2377 1728 428 16 1989 1407 2089 
Normals flipped: true
  loading cloudForSpline.pcd
  3041 points in data set
  surface fitting ...
  loading cloudForSpline.pcd
  3021 points in data set
  surface fitting ...
[DEBUG] Saving surface cluster PLY files in ASCII mode...
PointCloud representing the Cluster: 2803 data points.
Successfully found 3 clusters after 1 iterations.
Ply to XYZ start

Time after processing: 1.848 seconds
Copied Point file: Pot_A_Piece_29_Point.pcd
Copied Mesh file: Pot_A_Piece_29_Mesh.obj

Selected file: Dataset/Point/Pot_A/Pot_A_Piece_29_Point.pcd
[DEBUG getNormalsOnSurface] Starting function. Input points: 3098
[DEBUG getNormalsOnSurface] Creating Eigen matrix...
[DEBUG getNormalsOnSurface] Writing matrix to XYZ file...
[DEBUG getNormalsOnSurface] Reading XYZ file: fileForNormalEst_Sampled.xyz
[DEBUG getNormalsOnSurface] XYZ file read successfully. Points loaded: 3098
[DEBUG getNormalsOnSurface] Estimating normals with PCA (neighbors=5)...
[DEBUG getNormalsOnSurface] PCA normal estimation complete.
[DEBUG getNormalsOnSurface] Orienting normals with MST...
[DEBUG getNormalsOnSurface] MST orientation complete.
[DEBUG getNormalsOnSurface] Erased unoriented points. Remaining: 3098
[DEBUG getNormalsOnSurface] Saving PLY in ASCII mode...
[DEBUG downsamplePointCloud] Saving PLY in ASCII mode to avoid camera data issues...
Starting processing on: Dataset/Point/Pot_A/Pot_A_Piece_29_Point.pcd
Starting surface segmentation on: Temp/Data/Pot_A/Pot_A_Piece_29_SampledWithNormals.ply
[DEBUG] Loading PLY file: Temp/Data/Pot_A/Pot_A_Piece_29_SampledWithNormals.ply
[DEBUG] PLY file loaded successfully. Points: 3098
[DEBUG] Converting PointNormal to PointXYZ...
[DEBUG] Conversion complete. Cloud size: 3098
[DEBUG] Calling getNormalsOnSurface...
[DEBUG] Input cloud size: 3098
[DEBUG getNormalsOnSurface] Starting function. Input points: 3098
[DEBUG getNormalsOnSurface] Creating Eigen matrix...
[DEBUG getNormalsOnSurface] Writing matrix to XYZ file...
[DEBUG getNormalsOnSurface] Reading XYZ file: fileForNormalEst_Sampled.xyz
[DEBUG getNormalsOnSurface] XYZ file read successfully. Points loaded: 3098
[DEBUG getNormalsOnSurface] Estimating normals with PCA (neighbors=5)...
[DEBUG getNormalsOnSurface] PCA normal estimation complete.
[DEBUG getNormalsOnSurface] Orienting normals with MST...
[DEBUG getNormalsOnSurface] MST orientation complete.
[DEBUG getNormalsOnSurface] Erased unoriented points. Remaining: 3098
[DEBUG getNormalsOnSurface] Saving PLY in ASCII mode...
[DEBUG] getNormalsOnSurface completed successfully. Result points: 3098
[DEBUG] Extracting normals from sampled cloud...

Total points: 3098
Number of clusters is equal to 3
Points in 
Cluster 1 : 813
Cluster 2 : 631
Cluster 3 : 65
Points in two clusters / Total Points in Pointcloud: 46.61%
Points in two clusters / Total Points in all clusters: 95.69%
Calling mergeClusters function.
mergeClusters function called.
Sampled indices: 320 55 812 774 453 10 383 211 102 147 779 654 621 756 120 192 466 292 116 169 638 250 802 471 178 639 493 626 43 45 
Normals flipped: true
  loading cloudForSpline.pcd
  813 points in data set
  surface fitting ...
  loading cloudForSpline.pcd
  631 points in data set
  surface fitting ...
[DEBUG] Saving surface cluster PLY files in ASCII mode...
PointCloud representing the Cluster: 1589 data points.
Successfully found 3 clusters after 1 iterations.
Ply to XYZ start

Time after processing: 0.6653 seconds
Copied Point file: Pot_A_Piece_30_Point.pcd
Copied Mesh file: Pot_A_Piece_30_Mesh.obj

Selected file: Dataset/Point/Pot_A/Pot_A_Piece_30_Point.pcd
[DEBUG getNormalsOnSurface] Starting function. Input points: 2149
[DEBUG getNormalsOnSurface] Creating Eigen matrix...
[DEBUG getNormalsOnSurface] Writing matrix to XYZ file...
[DEBUG getNormalsOnSurface] Reading XYZ file: fileForNormalEst_Sampled.xyz
[DEBUG getNormalsOnSurface] XYZ file read successfully. Points loaded: 2149
[DEBUG getNormalsOnSurface] Estimating normals with PCA (neighbors=5)...
[DEBUG getNormalsOnSurface] PCA normal estimation complete.
[DEBUG getNormalsOnSurface] Orienting normals with MST...
[DEBUG getNormalsOnSurface] MST orientation complete.
[DEBUG getNormalsOnSurface] Erased unoriented points. Remaining: 2149
[DEBUG getNormalsOnSurface] Saving PLY in ASCII mode...
[DEBUG downsamplePointCloud] Saving PLY in ASCII mode to avoid camera data issues...
Starting processing on: Dataset/Point/Pot_A/Pot_A_Piece_30_Point.pcd
Starting surface segmentation on: Temp/Data/Pot_A/Pot_A_Piece_30_SampledWithNormals.ply
[DEBUG] Loading PLY file: Temp/Data/Pot_A/Pot_A_Piece_30_SampledWithNormals.ply
[DEBUG] PLY file loaded successfully. Points: 2149
[DEBUG] Converting PointNormal to PointXYZ...
[DEBUG] Conversion complete. Cloud size: 2149
[DEBUG] Calling getNormalsOnSurface...
[DEBUG] Input cloud size: 2149
[DEBUG getNormalsOnSurface] Starting function. Input points: 2149
[DEBUG getNormalsOnSurface] Creating Eigen matrix...
[DEBUG getNormalsOnSurface] Writing matrix to XYZ file...
[DEBUG getNormalsOnSurface] Reading XYZ file: fileForNormalEst_Sampled.xyz
[DEBUG getNormalsOnSurface] XYZ file read successfully. Points loaded: 2149
[DEBUG getNormalsOnSurface] Estimating normals with PCA (neighbors=5)...
[DEBUG getNormalsOnSurface] PCA normal estimation complete.
[DEBUG getNormalsOnSurface] Orienting normals with MST...
[DEBUG getNormalsOnSurface] MST orientation complete.
[DEBUG getNormalsOnSurface] Erased unoriented points. Remaining: 2149
[DEBUG getNormalsOnSurface] Saving PLY in ASCII mode...
[DEBUG] getNormalsOnSurface completed successfully. Result points: 2149
[DEBUG] Extracting normals from sampled cloud...

Total points: 2149
Number of clusters is equal to 2
Points in 
Cluster 1 : 354
Cluster 2 : 334
Points in two clusters / Total Points in Pointcloud: 32.01%
Points in two clusters / Total Points in all clusters: 100%
Calling mergeClusters function.
mergeClusters function called.
Sampled indices: 78 9 204 314 226 173 352 338 23 121 86 177 215 127 54 53 70 106 140 225 273 213 171 291 211 260 130 284 149 93 
Normals flipped: true
  loading cloudForSpline.pcd
  354 points in data set
  surface fitting ...
  loading cloudForSpline.pcd
  334 points in data set
  surface fitting ...
[DEBUG] Saving surface cluster PLY files in ASCII mode...
PointCloud representing the Cluster: 1461 data points.
Successfully found 2 clusters after 1 iterations.
Ply to XYZ start

Time after processing: 0.5743 seconds
Copied Point file: Pot_A_Piece_31_Point.pcd
Copied Mesh file: Pot_A_Piece_31_Mesh.obj

Selected file: Dataset/Point/Pot_A/Pot_A_Piece_31_Point.pcd
[DEBUG getNormalsOnSurface] Starting function. Input points: 8228
[DEBUG getNormalsOnSurface] Creating Eigen matrix...
[DEBUG getNormalsOnSurface] Writing matrix to XYZ file...
[DEBUG getNormalsOnSurface] Reading XYZ file: fileForNormalEst_Sampled.xyz
[DEBUG getNormalsOnSurface] XYZ file read successfully. Points loaded: 8228
[DEBUG getNormalsOnSurface] Estimating normals with PCA (neighbors=5)...
[DEBUG getNormalsOnSurface] PCA normal estimation complete.
[DEBUG getNormalsOnSurface] Orienting normals with MST...
[DEBUG getNormalsOnSurface] MST orientation complete.
[DEBUG getNormalsOnSurface] Erased unoriented points. Remaining: 8227
[DEBUG getNormalsOnSurface] Saving PLY in ASCII mode...
[DEBUG downsamplePointCloud] Saving PLY in ASCII mode to avoid camera data issues...
Starting processing on: Dataset/Point/Pot_A/Pot_A_Piece_31_Point.pcd
Starting surface segmentation on: Temp/Data/Pot_A/Pot_A_Piece_31_SampledWithNormals.ply
[DEBUG] Loading PLY file: Temp/Data/Pot_A/Pot_A_Piece_31_SampledWithNormals.ply
[DEBUG] PLY file loaded successfully. Points: 8227
[DEBUG] Converting PointNormal to PointXYZ...
[DEBUG] Conversion complete. Cloud size: 8227
[DEBUG] Calling getNormalsOnSurface...
[DEBUG] Input cloud size: 8227
[DEBUG getNormalsOnSurface] Starting function. Input points: 8227
[DEBUG getNormalsOnSurface] Creating Eigen matrix...
[DEBUG getNormalsOnSurface] Writing matrix to XYZ file...
[DEBUG getNormalsOnSurface] Reading XYZ file: fileForNormalEst_Sampled.xyz
[DEBUG getNormalsOnSurface] XYZ file read successfully. Points loaded: 8227
[DEBUG getNormalsOnSurface] Estimating normals with PCA (neighbors=5)...
[DEBUG getNormalsOnSurface] PCA normal estimation complete.
[DEBUG getNormalsOnSurface] Orienting normals with MST...
[DEBUG getNormalsOnSurface] MST orientation complete.
[DEBUG getNormalsOnSurface] Erased unoriented points. Remaining: 8227
[DEBUG getNormalsOnSurface] Saving PLY in ASCII mode...
[DEBUG] getNormalsOnSurface completed successfully. Result points: 8227
[DEBUG] Extracting normals from sampled cloud...

Total points: 8227
Number of clusters is equal to 2
Points in 
Cluster 1 : 2563
Cluster 2 : 2521
Points in two clusters / Total Points in Pointcloud: 61.8%
Points in two clusters / Total Points in all clusters: 100%
Calling mergeClusters function.
mergeClusters function called.
Sampled indices: 111 2156 1215 759 2258 1322 481 1217 1533 2303 866 831 641 1935 2026 1571 992 1051 381 520 830 1951 2523 1817 721 780 2238 2453 698 2404 
Normals flipped: true
  loading cloudForSpline.pcd
  2563 points in data set
  surface fitting ...
  loading cloudForSpline.pcd
  2521 points in data set
  surface fitting ...
[DEBUG] Saving surface cluster PLY files in ASCII mode...
PointCloud representing the Cluster: 3143 data points.
Successfully found 2 clusters after 1 iterations.
Ply to XYZ start

Time after processing: 2.105 seconds
Copied Point file: Pot_A_Piece_32_Point.pcd
Copied Mesh file: Pot_A_Piece_32_Mesh.obj

Selected file: Dataset/Point/Pot_A/Pot_A_Piece_32_Point.pcd
[DEBUG getNormalsOnSurface] Starting function. Input points: 11566
[DEBUG getNormalsOnSurface] Creating Eigen matrix...
[DEBUG getNormalsOnSurface] Writing matrix to XYZ file...
[DEBUG getNormalsOnSurface] Reading XYZ file: fileForNormalEst_Sampled.xyz
[DEBUG getNormalsOnSurface] XYZ file read successfully. Points loaded: 11566
[DEBUG getNormalsOnSurface] Estimating normals with PCA (neighbors=5)...
[DEBUG getNormalsOnSurface] PCA normal estimation complete.
[DEBUG getNormalsOnSurface] Orienting normals with MST...
[DEBUG getNormalsOnSurface] MST orientation complete.
[DEBUG getNormalsOnSurface] Erased unoriented points. Remaining: 11566
[DEBUG getNormalsOnSurface] Saving PLY in ASCII mode...
[DEBUG downsamplePointCloud] Saving PLY in ASCII mode to avoid camera data issues...
Starting processing on: Dataset/Point/Pot_A/Pot_A_Piece_32_Point.pcd
Starting surface segmentation on: Temp/Data/Pot_A/Pot_A_Piece_32_SampledWithNormals.ply
[DEBUG] Loading PLY file: Temp/Data/Pot_A/Pot_A_Piece_32_SampledWithNormals.ply
[DEBUG] PLY file loaded successfully. Points: 11566
[DEBUG] Converting PointNormal to PointXYZ...
[DEBUG] Conversion complete. Cloud size: 11566
[DEBUG] Calling getNormalsOnSurface...
[DEBUG] Input cloud size: 11566
[DEBUG getNormalsOnSurface] Starting function. Input points: 11566
[DEBUG getNormalsOnSurface] Creating Eigen matrix...
[DEBUG getNormalsOnSurface] Writing matrix to XYZ file...
[DEBUG getNormalsOnSurface] Reading XYZ file: fileForNormalEst_Sampled.xyz
[DEBUG getNormalsOnSurface] XYZ file read successfully. Points loaded: 11566
[DEBUG getNormalsOnSurface] Estimating normals with PCA (neighbors=5)...
[DEBUG getNormalsOnSurface] PCA normal estimation complete.
[DEBUG getNormalsOnSurface] Orienting normals with MST...
[DEBUG getNormalsOnSurface] MST orientation complete.
[DEBUG getNormalsOnSurface] Erased unoriented points. Remaining: 11566
[DEBUG getNormalsOnSurface] Saving PLY in ASCII mode...
[DEBUG] getNormalsOnSurface completed successfully. Result points: 11566
[DEBUG] Extracting normals from sampled cloud...

Total points: 11566
Number of clusters is equal to 4
Points in 
Cluster 1 : 4287
Cluster 2 : 4160
Cluster 3 : 58
Cluster 4 : 51
Points in two clusters / Total Points in Pointcloud: 73.03%
Points in two clusters / Total Points in all clusters: 98.73%
Calling mergeClusters function.
mergeClusters function called.
Sampled indices: 470 2553 1396 465 1910 96 1600 692 3272 3400 1925 939 322 1073 3768 2304 3524 3236 1558 2338 1619 1809 2604 3994 2426 849 188 3806 2216 4015 
Normals flipped: true
  loading cloudForSpline.pcd
  4287 points in data set
  surface fitting ...
  loading cloudForSpline.pcd
  4160 points in data set
  surface fitting ...
[DEBUG] Saving surface cluster PLY files in ASCII mode...
PointCloud representing the Cluster: 3010 data points.
Successfully found 4 clusters after 1 iterations.
Ply to XYZ start

Time after processing: 2.226 seconds
Copied Point file: Pot_A_Piece_33_Point.pcd
Copied Mesh file: Pot_A_Piece_33_Mesh.obj

Selected file: Dataset/Point/Pot_A/Pot_A_Piece_33_Point.pcd
[DEBUG getNormalsOnSurface] Starting function. Input points: 9318
[DEBUG getNormalsOnSurface] Creating Eigen matrix...
[DEBUG getNormalsOnSurface] Writing matrix to XYZ file...
[DEBUG getNormalsOnSurface] Reading XYZ file: fileForNormalEst_Sampled.xyz
[DEBUG getNormalsOnSurface] XYZ file read successfully. Points loaded: 9318
[DEBUG getNormalsOnSurface] Estimating normals with PCA (neighbors=5)...
[DEBUG getNormalsOnSurface] PCA normal estimation complete.
[DEBUG getNormalsOnSurface] Orienting normals with MST...
[DEBUG getNormalsOnSurface] MST orientation complete.
[DEBUG getNormalsOnSurface] Erased unoriented points. Remaining: 9318
[DEBUG getNormalsOnSurface] Saving PLY in ASCII mode...
[DEBUG downsamplePointCloud] Saving PLY in ASCII mode to avoid camera data issues...
Starting processing on: Dataset/Point/Pot_A/Pot_A_Piece_33_Point.pcd
Starting surface segmentation on: Temp/Data/Pot_A/Pot_A_Piece_33_SampledWithNormals.ply
[DEBUG] Loading PLY file: Temp/Data/Pot_A/Pot_A_Piece_33_SampledWithNormals.ply
[DEBUG] PLY file loaded successfully. Points: 9318
[DEBUG] Converting PointNormal to PointXYZ...
[DEBUG] Conversion complete. Cloud size: 9318
[DEBUG] Calling getNormalsOnSurface...
[DEBUG] Input cloud size: 9318
[DEBUG getNormalsOnSurface] Starting function. Input points: 9318
[DEBUG getNormalsOnSurface] Creating Eigen matrix...
[DEBUG getNormalsOnSurface] Writing matrix to XYZ file...
[DEBUG getNormalsOnSurface] Reading XYZ file: fileForNormalEst_Sampled.xyz
[DEBUG getNormalsOnSurface] XYZ file read successfully. Points loaded: 9318
[DEBUG getNormalsOnSurface] Estimating normals with PCA (neighbors=5)...
[DEBUG getNormalsOnSurface] PCA normal estimation complete.
[DEBUG getNormalsOnSurface] Orienting normals with MST...
[DEBUG getNormalsOnSurface] MST orientation complete.
[DEBUG getNormalsOnSurface] Erased unoriented points. Remaining: 9318
[DEBUG getNormalsOnSurface] Saving PLY in ASCII mode...
[DEBUG] getNormalsOnSurface completed successfully. Result points: 9318
[DEBUG] Extracting normals from sampled cloud...

Total points: 9318
Number of clusters is equal to 3
Points in 
Cluster 1 : 3075
Cluster 2 : 3049
Cluster 3 : 86
Points in two clusters / Total Points in Pointcloud: 65.72%
Points in two clusters / Total Points in all clusters: 98.62%
Calling mergeClusters function.
mergeClusters function called.
Condition 1 (closest point pairs) passed for clusters 0 and 2
Condition 2 (normal vector similarity) passed for clusters 0 and 2
Condition 3 (boundary curvature similarity) passed for clusters 0 and 2
Verification failed (innerPoint selection) for clusters 0 and 2
Sampled indices: 2264 449 146 993 1986 1436 1954 2614 1388 0 863 3051 2314 2336 177 2139 3064 2913 1519 1118 664 2402 2438 1503 2563 2168 279 1018 2647 2439 
Normals flipped: true
  loading cloudForSpline.pcd
  3075 points in data set
  surface fitting ...
  loading cloudForSpline.pcd
  3049 points in data set
  surface fitting ...
[DEBUG] Saving surface cluster PLY files in ASCII mode...
PointCloud representing the Cluster: 3108 data points.
Successfully found 3 clusters after 1 iterations.
Ply to XYZ start

Time after processing: 2.172 seconds
Copied Point file: Pot_A_Piece_34_Point.pcd
Copied Mesh file: Pot_A_Piece_34_Mesh.obj

Selected file: Dataset/Point/Pot_A/Pot_A_Piece_34_Point.pcd
[DEBUG getNormalsOnSurface] Starting function. Input points: 11596
[DEBUG getNormalsOnSurface] Creating Eigen matrix...
[DEBUG getNormalsOnSurface] Writing matrix to XYZ file...
[DEBUG getNormalsOnSurface] Reading XYZ file: fileForNormalEst_Sampled.xyz
[DEBUG getNormalsOnSurface] XYZ file read successfully. Points loaded: 11596
[DEBUG getNormalsOnSurface] Estimating normals with PCA (neighbors=5)...
[DEBUG getNormalsOnSurface] PCA normal estimation complete.
[DEBUG getNormalsOnSurface] Orienting normals with MST...
[DEBUG getNormalsOnSurface] MST orientation complete.
[DEBUG getNormalsOnSurface] Erased unoriented points. Remaining: 11596
[DEBUG getNormalsOnSurface] Saving PLY in ASCII mode...
[DEBUG downsamplePointCloud] Saving PLY in ASCII mode to avoid camera data issues...
Starting processing on: Dataset/Point/Pot_A/Pot_A_Piece_34_Point.pcd
Starting surface segmentation on: Temp/Data/Pot_A/Pot_A_Piece_34_SampledWithNormals.ply
[DEBUG] Loading PLY file: Temp/Data/Pot_A/Pot_A_Piece_34_SampledWithNormals.ply
[DEBUG] PLY file loaded successfully. Points: 11596
[DEBUG] Converting PointNormal to PointXYZ...
[DEBUG] Conversion complete. Cloud size: 11596
[DEBUG] Calling getNormalsOnSurface...
[DEBUG] Input cloud size: 11596
[DEBUG getNormalsOnSurface] Starting function. Input points: 11596
[DEBUG getNormalsOnSurface] Creating Eigen matrix...
[DEBUG getNormalsOnSurface] Writing matrix to XYZ file...
[DEBUG getNormalsOnSurface] Reading XYZ file: fileForNormalEst_Sampled.xyz
[DEBUG getNormalsOnSurface] XYZ file read successfully. Points loaded: 11596
[DEBUG getNormalsOnSurface] Estimating normals with PCA (neighbors=5)...
[DEBUG getNormalsOnSurface] PCA normal estimation complete.
[DEBUG getNormalsOnSurface] Orienting normals with MST...
[DEBUG getNormalsOnSurface] MST orientation complete.
[DEBUG getNormalsOnSurface] Erased unoriented points. Remaining: 11596
[DEBUG getNormalsOnSurface] Saving PLY in ASCII mode...
[DEBUG] getNormalsOnSurface completed successfully. Result points: 11596
[DEBUG] Extracting normals from sampled cloud...

Total points: 11596
Number of clusters is equal to 4
Points in 
Cluster 1 : 4693
Cluster 2 : 4247
Cluster 3 : 304
Cluster 4 : 64
Points in two clusters / Total Points in Pointcloud: 77.1%
Points in two clusters / Total Points in all clusters: 96.05%
Calling mergeClusters function.
mergeClusters function called.
Sampled indices: 712 3763 1930 1719 568 3756 3429 2511 1703 2782 702 1931 4196 314 582 1741 1382 690 1744 2301 3479 2546 2079 1140 2027 889 1067 1275 2211 2757 
Normals flipped: true
  loading cloudForSpline.pcd
  4693 points in data set
  surface fitting ...
  loading cloudForSpline.pcd
  4247 points in data set
  surface fitting ...
[DEBUG] Saving surface cluster PLY files in ASCII mode...
PointCloud representing the Cluster: 2288 data points.
Successfully found 4 clusters after 1 iterations.
Ply to XYZ start

Time after processing: 1.706 seconds
Copied Point file: Pot_A_Piece_35_Point.pcd
Copied Mesh file: Pot_A_Piece_35_Mesh.obj

Selected file: Dataset/Point/Pot_A/Pot_A_Piece_35_Point.pcd
[DEBUG getNormalsOnSurface] Starting function. Input points: 11784
[DEBUG getNormalsOnSurface] Creating Eigen matrix...
[DEBUG getNormalsOnSurface] Writing matrix to XYZ file...
[DEBUG getNormalsOnSurface] Reading XYZ file: fileForNormalEst_Sampled.xyz
[DEBUG getNormalsOnSurface] XYZ file read successfully. Points loaded: 11784
[DEBUG getNormalsOnSurface] Estimating normals with PCA (neighbors=5)...
[DEBUG getNormalsOnSurface] PCA normal estimation complete.
[DEBUG getNormalsOnSurface] Orienting normals with MST...
[DEBUG getNormalsOnSurface] MST orientation complete.
[DEBUG getNormalsOnSurface] Erased unoriented points. Remaining: 11784
[DEBUG getNormalsOnSurface] Saving PLY in ASCII mode...
[DEBUG downsamplePointCloud] Saving PLY in ASCII mode to avoid camera data issues...
Starting processing on: Dataset/Point/Pot_A/Pot_A_Piece_35_Point.pcd
Starting surface segmentation on: Temp/Data/Pot_A/Pot_A_Piece_35_SampledWithNormals.ply
[DEBUG] Loading PLY file: Temp/Data/Pot_A/Pot_A_Piece_35_SampledWithNormals.ply
[DEBUG] PLY file loaded successfully. Points: 11784
[DEBUG] Converting PointNormal to PointXYZ...
[DEBUG] Conversion complete. Cloud size: 11784
[DEBUG] Calling getNormalsOnSurface...
[DEBUG] Input cloud size: 11784
[DEBUG getNormalsOnSurface] Starting function. Input points: 11784
[DEBUG getNormalsOnSurface] Creating Eigen matrix...
[DEBUG getNormalsOnSurface] Writing matrix to XYZ file...
[DEBUG getNormalsOnSurface] Reading XYZ file: fileForNormalEst_Sampled.xyz
[DEBUG getNormalsOnSurface] XYZ file read successfully. Points loaded: 11784
[DEBUG getNormalsOnSurface] Estimating normals with PCA (neighbors=5)...
[DEBUG getNormalsOnSurface] PCA normal estimation complete.
[DEBUG getNormalsOnSurface] Orienting normals with MST...
[DEBUG getNormalsOnSurface] MST orientation complete.
[DEBUG getNormalsOnSurface] Erased unoriented points. Remaining: 11784
[DEBUG getNormalsOnSurface] Saving PLY in ASCII mode...
[DEBUG] getNormalsOnSurface completed successfully. Result points: 11784
[DEBUG] Extracting normals from sampled cloud...

Total points: 11784
Number of clusters is equal to 2
Points in 
Cluster 1 : 4749
Cluster 2 : 4720
Points in two clusters / Total Points in Pointcloud: 80.35%
Points in two clusters / Total Points in all clusters: 100%
Calling mergeClusters function.
mergeClusters function called.
Sampled indices: 1429 972 2959 2300 2254 491 1253 4339 1435 4593 3737 1597 1480 3651 4383 385 2049 3374 592 3657 2815 2680 1790 1440 1400 3689 3342 190 4152 2179 
Normals flipped: true
  loading cloudForSpline.pcd
  4749 points in data set
  surface fitting ...
  loading cloudForSpline.pcd
  4720 points in data set
  surface fitting ...
[DEBUG] Saving surface cluster PLY files in ASCII mode...
PointCloud representing the Cluster: 2315 data points.
Successfully found 2 clusters after 1 iterations.
Ply to XYZ start

Time after processing: 1.849 seconds
Copied Point file: Pot_A_Piece_36_Point.pcd
Copied Mesh file: Pot_A_Piece_36_Mesh.obj

Selected file: Dataset/Point/Pot_A/Pot_A_Piece_36_Point.pcd
[DEBUG getNormalsOnSurface] Starting function. Input points: 11967
[DEBUG getNormalsOnSurface] Creating Eigen matrix...
[DEBUG getNormalsOnSurface] Writing matrix to XYZ file...
[DEBUG getNormalsOnSurface] Reading XYZ file: fileForNormalEst_Sampled.xyz
[DEBUG getNormalsOnSurface] XYZ file read successfully. Points loaded: 11967
[DEBUG getNormalsOnSurface] Estimating normals with PCA (neighbors=5)...
[DEBUG getNormalsOnSurface] PCA normal estimation complete.
[DEBUG getNormalsOnSurface] Orienting normals with MST...
[DEBUG getNormalsOnSurface] MST orientation complete.
[DEBUG getNormalsOnSurface] Erased unoriented points. Remaining: 11959
[DEBUG getNormalsOnSurface] Saving PLY in ASCII mode...
[DEBUG downsamplePointCloud] Saving PLY in ASCII mode to avoid camera data issues...
Starting processing on: Dataset/Point/Pot_A/Pot_A_Piece_36_Point.pcd
Starting surface segmentation on: Temp/Data/Pot_A/Pot_A_Piece_36_SampledWithNormals.ply
[DEBUG] Loading PLY file: Temp/Data/Pot_A/Pot_A_Piece_36_SampledWithNormals.ply
[DEBUG] PLY file loaded successfully. Points: 11959
[DEBUG] Converting PointNormal to PointXYZ...
[DEBUG] Conversion complete. Cloud size: 11959
[DEBUG] Calling getNormalsOnSurface...
[DEBUG] Input cloud size: 11959
[DEBUG getNormalsOnSurface] Starting function. Input points: 11959
[DEBUG getNormalsOnSurface] Creating Eigen matrix...
[DEBUG getNormalsOnSurface] Writing matrix to XYZ file...
[DEBUG getNormalsOnSurface] Reading XYZ file: fileForNormalEst_Sampled.xyz
[DEBUG getNormalsOnSurface] XYZ file read successfully. Points loaded: 11959
[DEBUG getNormalsOnSurface] Estimating normals with PCA (neighbors=5)...
[DEBUG getNormalsOnSurface] PCA normal estimation complete.
[DEBUG getNormalsOnSurface] Orienting normals with MST...
[DEBUG getNormalsOnSurface] MST orientation complete.
[DEBUG getNormalsOnSurface] Erased unoriented points. Remaining: 11959
[DEBUG getNormalsOnSurface] Saving PLY in ASCII mode...
[DEBUG] getNormalsOnSurface completed successfully. Result points: 11959
[DEBUG] Extracting normals from sampled cloud...

Total points: 11959
Number of clusters is equal to 5
Points in 
Cluster 1 : 4471
Cluster 2 : 3842
Cluster 3 : 70
Cluster 4 : 59
Cluster 5 : 51
Points in two clusters / Total Points in Pointcloud: 69.51%
Points in two clusters / Total Points in all clusters: 97.88%
Calling mergeClusters function.
mergeClusters function called.
Condition 1 (closest point pairs) passed for clusters 1 and 3
Condition 2 (normal vector similarity) passed for clusters 1 and 3
Condition 3 (boundary curvature similarity) passed for clusters 1 and 3
Verification failed (innerPoint selection) for clusters 1 and 3
Sampled indices: 3456 3544 2907 3767 1061 318 636 4105 1689 4389 3275 487 2948 915 1357 4143 1148 3144 1968 2139 108 1781 1874 946 62 242 1319 4282 1941 3022 
Normals flipped: true
  loading cloudForSpline.pcd
  4471 points in data set
  surface fitting ...
  loading cloudForSpline.pcd
  3842 points in data set
  surface fitting ...
[DEBUG] Saving surface cluster PLY files in ASCII mode...
PointCloud representing the Cluster: 3466 data points.
Successfully found 5 clusters after 1 iterations.
Ply to XYZ start

Time after processing: 2.79 seconds
Copied Point file: Pot_A_Piece_37_Point.pcd
Copied Mesh file: Pot_A_Piece_37_Mesh.obj

Selected file: Dataset/Point/Pot_A/Pot_A_Piece_37_Point.pcd
[DEBUG getNormalsOnSurface] Starting function. Input points: 10537
[DEBUG getNormalsOnSurface] Creating Eigen matrix...
[DEBUG getNormalsOnSurface] Writing matrix to XYZ file...
[DEBUG getNormalsOnSurface] Reading XYZ file: fileForNormalEst_Sampled.xyz
[DEBUG getNormalsOnSurface] XYZ file read successfully. Points loaded: 10537
[DEBUG getNormalsOnSurface] Estimating normals with PCA (neighbors=5)...
[DEBUG getNormalsOnSurface] PCA normal estimation complete.
[DEBUG getNormalsOnSurface] Orienting normals with MST...
[DEBUG getNormalsOnSurface] MST orientation complete.
[DEBUG getNormalsOnSurface] Erased unoriented points. Remaining: 10537
[DEBUG getNormalsOnSurface] Saving PLY in ASCII mode...
[DEBUG downsamplePointCloud] Saving PLY in ASCII mode to avoid camera data issues...
Starting processing on: Dataset/Point/Pot_A/Pot_A_Piece_37_Point.pcd
Starting surface segmentation on: Temp/Data/Pot_A/Pot_A_Piece_37_SampledWithNormals.ply
[DEBUG] Loading PLY file: Temp/Data/Pot_A/Pot_A_Piece_37_SampledWithNormals.ply
[DEBUG] PLY file loaded successfully. Points: 10537
[DEBUG] Converting PointNormal to PointXYZ...
[DEBUG] Conversion complete. Cloud size: 10537
[DEBUG] Calling getNormalsOnSurface...
[DEBUG] Input cloud size: 10537
[DEBUG getNormalsOnSurface] Starting function. Input points: 10537
[DEBUG getNormalsOnSurface] Creating Eigen matrix...
[DEBUG getNormalsOnSurface] Writing matrix to XYZ file...
[DEBUG getNormalsOnSurface] Reading XYZ file: fileForNormalEst_Sampled.xyz
[DEBUG getNormalsOnSurface] XYZ file read successfully. Points loaded: 10537
[DEBUG getNormalsOnSurface] Estimating normals with PCA (neighbors=5)...
[DEBUG getNormalsOnSurface] PCA normal estimation complete.
[DEBUG getNormalsOnSurface] Orienting normals with MST...
[DEBUG getNormalsOnSurface] MST orientation complete.
[DEBUG getNormalsOnSurface] Erased unoriented points. Remaining: 10537
[DEBUG getNormalsOnSurface] Saving PLY in ASCII mode...
[DEBUG] getNormalsOnSurface completed successfully. Result points: 10537
[DEBUG] Extracting normals from sampled cloud...

Total points: 10537
Number of clusters is equal to 3
Points in 
Cluster 1 : 3607
Cluster 2 : 3415
Cluster 3 : 50
Points in two clusters / Total Points in Pointcloud: 66.64%
Points in two clusters / Total Points in all clusters: 99.29%
Calling mergeClusters function.
mergeClusters function called.
Condition 1 (closest point pairs) passed for clusters 0 and 2
Condition 2 (normal vector similarity) failed for clusters 0 and 2
Sampled indices: 1315 3537 346 2909 312 3152 1798 2430 354 1258 617 1285 620 1421 3474 2052 2236 1291 3068 61 1594 1816 1198 1499 3418 95 2103 72 3116 1921 
Normals flipped: true
  loading cloudForSpline.pcd
  3607 points in data set
  surface fitting ...
  loading cloudForSpline.pcd
  3415 points in data set
  surface fitting ...
[DEBUG] Saving surface cluster PLY files in ASCII mode...
PointCloud representing the Cluster: 3465 data points.
Successfully found 3 clusters after 1 iterations.
Ply to XYZ start

Time after processing: 2.519 seconds
Copied Point file: Pot_A_Piece_38_Point.pcd
Copied Mesh file: Pot_A_Piece_38_Mesh.obj

Selected file: Dataset/Point/Pot_A/Pot_A_Piece_38_Point.pcd
[DEBUG getNormalsOnSurface] Starting function. Input points: 11817
[DEBUG getNormalsOnSurface] Creating Eigen matrix...
[DEBUG getNormalsOnSurface] Writing matrix to XYZ file...
[DEBUG getNormalsOnSurface] Reading XYZ file: fileForNormalEst_Sampled.xyz
[DEBUG getNormalsOnSurface] XYZ file read successfully. Points loaded: 11817
[DEBUG getNormalsOnSurface] Estimating normals with PCA (neighbors=5)...
[DEBUG getNormalsOnSurface] PCA normal estimation complete.
[DEBUG getNormalsOnSurface] Orienting normals with MST...
[DEBUG getNormalsOnSurface] MST orientation complete.
[DEBUG getNormalsOnSurface] Erased unoriented points. Remaining: 11817
[DEBUG getNormalsOnSurface] Saving PLY in ASCII mode...
[DEBUG downsamplePointCloud] Saving PLY in ASCII mode to avoid camera data issues...
Starting processing on: Dataset/Point/Pot_A/Pot_A_Piece_38_Point.pcd
Starting surface segmentation on: Temp/Data/Pot_A/Pot_A_Piece_38_SampledWithNormals.ply
[DEBUG] Loading PLY file: Temp/Data/Pot_A/Pot_A_Piece_38_SampledWithNormals.ply
[DEBUG] PLY file loaded successfully. Points: 11817
[DEBUG] Converting PointNormal to PointXYZ...
[DEBUG] Conversion complete. Cloud size: 11817
[DEBUG] Calling getNormalsOnSurface...
[DEBUG] Input cloud size: 11817
[DEBUG getNormalsOnSurface] Starting function. Input points: 11817
[DEBUG getNormalsOnSurface] Creating Eigen matrix...
[DEBUG getNormalsOnSurface] Writing matrix to XYZ file...
[DEBUG getNormalsOnSurface] Reading XYZ file: fileForNormalEst_Sampled.xyz
[DEBUG getNormalsOnSurface] XYZ file read successfully. Points loaded: 11817
[DEBUG getNormalsOnSurface] Estimating normals with PCA (neighbors=5)...
[DEBUG getNormalsOnSurface] PCA normal estimation complete.
[DEBUG getNormalsOnSurface] Orienting normals with MST...
[DEBUG getNormalsOnSurface] MST orientation complete.
[DEBUG getNormalsOnSurface] Erased unoriented points. Remaining: 11817
[DEBUG getNormalsOnSurface] Saving PLY in ASCII mode...
[DEBUG] getNormalsOnSurface completed successfully. Result points: 11817
[DEBUG] Extracting normals from sampled cloud...

Total points: 11817
Number of clusters is equal to 4
Points in 
Cluster 1 : 3827
Cluster 2 : 2711
Cluster 3 : 1749
Cluster 4 : 52
Points in two clusters / Total Points in Pointcloud: 55.33%
Points in two clusters / Total Points in all clusters: 78.4%
Calling mergeClusters function.
mergeClusters function called.
Condition 1 (closest point pairs) passed for clusters 0 and 3
Condition 2 (normal vector similarity) passed for clusters 0 and 3
Condition 3 (boundary curvature similarity) passed for clusters 0 and 3
Verification failed (innerPoint selection) for clusters 0 and 3
Sampled indices: 597 465 3774 570 3194 2000 2418 2495 1503 622 196 2003 1383 2348 1602 2037 827 2721 1689 1503 673 844 38 2162 3349 1283 2715 1515 1655 1705 
Normals flipped: true
  loading cloudForSpline.pcd
  3827 points in data set
  surface fitting ...
  loading cloudForSpline.pcd
  2711 points in data set
  surface fitting ...
[DEBUG] Saving surface cluster PLY files in ASCII mode...
PointCloud representing the Cluster: 3478 data points.
Successfully found 4 clusters after 1 iterations.
Ply to XYZ start

Time after processing: 2.713 seconds
Copied Point file: Pot_A_Piece_39_Point.pcd
Copied Mesh file: Pot_A_Piece_39_Mesh.obj

Selected file: Dataset/Point/Pot_A/Pot_A_Piece_39_Point.pcd
[DEBUG getNormalsOnSurface] Starting function. Input points: 9571
[DEBUG getNormalsOnSurface] Creating Eigen matrix...
[DEBUG getNormalsOnSurface] Writing matrix to XYZ file...
[DEBUG getNormalsOnSurface] Reading XYZ file: fileForNormalEst_Sampled.xyz
[DEBUG getNormalsOnSurface] XYZ file read successfully. Points loaded: 9571
[DEBUG getNormalsOnSurface] Estimating normals with PCA (neighbors=5)...
[DEBUG getNormalsOnSurface] PCA normal estimation complete.
[DEBUG getNormalsOnSurface] Orienting normals with MST...
[DEBUG getNormalsOnSurface] MST orientation complete.
[DEBUG getNormalsOnSurface] Erased unoriented points. Remaining: 9571
[DEBUG getNormalsOnSurface] Saving PLY in ASCII mode...
[DEBUG downsamplePointCloud] Saving PLY in ASCII mode to avoid camera data issues...
Starting processing on: Dataset/Point/Pot_A/Pot_A_Piece_39_Point.pcd
Starting surface segmentation on: Temp/Data/Pot_A/Pot_A_Piece_39_SampledWithNormals.ply
[DEBUG] Loading PLY file: Temp/Data/Pot_A/Pot_A_Piece_39_SampledWithNormals.ply
[DEBUG] PLY file loaded successfully. Points: 9571
[DEBUG] Converting PointNormal to PointXYZ...
[DEBUG] Conversion complete. Cloud size: 9571
[DEBUG] Calling getNormalsOnSurface...
[DEBUG] Input cloud size: 9571
[DEBUG getNormalsOnSurface] Starting function. Input points: 9571
[DEBUG getNormalsOnSurface] Creating Eigen matrix...
[DEBUG getNormalsOnSurface] Writing matrix to XYZ file...
[DEBUG getNormalsOnSurface] Reading XYZ file: fileForNormalEst_Sampled.xyz
[DEBUG getNormalsOnSurface] XYZ file read successfully. Points loaded: 9571
[DEBUG getNormalsOnSurface] Estimating normals with PCA (neighbors=5)...
[DEBUG getNormalsOnSurface] PCA normal estimation complete.
[DEBUG getNormalsOnSurface] Orienting normals with MST...
[DEBUG getNormalsOnSurface] MST orientation complete.
[DEBUG getNormalsOnSurface] Erased unoriented points. Remaining: 9571
[DEBUG getNormalsOnSurface] Saving PLY in ASCII mode...
[DEBUG] getNormalsOnSurface completed successfully. Result points: 9571
[DEBUG] Extracting normals from sampled cloud...

Total points: 9571
Number of clusters is equal to 4
Points in 
Cluster 1 : 2764
Cluster 2 : 1406
Cluster 3 : 933
Cluster 4 : 482
Points in two clusters / Total Points in Pointcloud: 43.57%
Points in two clusters / Total Points in all clusters: 74.66%
Calling mergeClusters function.
mergeClusters function called.
Sampled indices: 575 2281 888 532 1266 2109 44 729 2052 2293 280 1559 1028 1499 1019 561 1621 1021 1858 1723 1205 432 1944 1653 2482 2614 1366 1927 2083 867 
Normals flipped: true
  loading cloudForSpline.pcd
  2764 points in data set
  surface fitting ...
  loading cloudForSpline.pcd
  1406 points in data set
  surface fitting ...
[DEBUG] Saving surface cluster PLY files in ASCII mode...
PointCloud representing the Cluster: 3986 data points.
Successfully found 4 clusters after 1 iterations.
Ply to XYZ start

Time after processing: 3.024 seconds
Copied Point file: Pot_A_Piece_40_Point.pcd
Copied Mesh file: Pot_A_Piece_40_Mesh.obj

Selected file: Dataset/Point/Pot_A/Pot_A_Piece_40_Point.pcd
[DEBUG getNormalsOnSurface] Starting function. Input points: 11485
[DEBUG getNormalsOnSurface] Creating Eigen matrix...
[DEBUG getNormalsOnSurface] Writing matrix to XYZ file...
[DEBUG getNormalsOnSurface] Reading XYZ file: fileForNormalEst_Sampled.xyz
[DEBUG getNormalsOnSurface] XYZ file read successfully. Points loaded: 11485
[DEBUG getNormalsOnSurface] Estimating normals with PCA (neighbors=5)...
[DEBUG getNormalsOnSurface] PCA normal estimation complete.
[DEBUG getNormalsOnSurface] Orienting normals with MST...
[DEBUG getNormalsOnSurface] MST orientation complete.
[DEBUG getNormalsOnSurface] Erased unoriented points. Remaining: 11484
[DEBUG getNormalsOnSurface] Saving PLY in ASCII mode...
[DEBUG downsamplePointCloud] Saving PLY in ASCII mode to avoid camera data issues...
Starting processing on: Dataset/Point/Pot_A/Pot_A_Piece_40_Point.pcd
Starting surface segmentation on: Temp/Data/Pot_A/Pot_A_Piece_40_SampledWithNormals.ply
[DEBUG] Loading PLY file: Temp/Data/Pot_A/Pot_A_Piece_40_SampledWithNormals.ply
[DEBUG] PLY file loaded successfully. Points: 11484
[DEBUG] Converting PointNormal to PointXYZ...
[DEBUG] Conversion complete. Cloud size: 11484
[DEBUG] Calling getNormalsOnSurface...
[DEBUG] Input cloud size: 11484
[DEBUG getNormalsOnSurface] Starting function. Input points: 11484
[DEBUG getNormalsOnSurface] Creating Eigen matrix...
[DEBUG getNormalsOnSurface] Writing matrix to XYZ file...
[DEBUG getNormalsOnSurface] Reading XYZ file: fileForNormalEst_Sampled.xyz
[DEBUG getNormalsOnSurface] XYZ file read successfully. Points loaded: 11484
[DEBUG getNormalsOnSurface] Estimating normals with PCA (neighbors=5)...
[DEBUG getNormalsOnSurface] PCA normal estimation complete.
[DEBUG getNormalsOnSurface] Orienting normals with MST...
[DEBUG getNormalsOnSurface] MST orientation complete.
[DEBUG getNormalsOnSurface] Erased unoriented points. Remaining: 11484
[DEBUG getNormalsOnSurface] Saving PLY in ASCII mode...
[DEBUG] getNormalsOnSurface completed successfully. Result points: 11484
[DEBUG] Extracting normals from sampled cloud...

Total points: 11484
Number of clusters is equal to 2
Points in 
Cluster 1 : 4520
Cluster 2 : 4350
Points in two clusters / Total Points in Pointcloud: 77.24%
Points in two clusters / Total Points in all clusters: 100%
Calling mergeClusters function.
mergeClusters function called.
Sampled indices: 2351 855 2228 3884 3938 2875 1501 2293 3949 1893 4453 4434 2947 2007 2338 465 2112 2482 3858 3970 3331 2588 1890 4298 4172 385 2734 1574 1874 1462 
Normals flipped: true
  loading cloudForSpline.pcd
  4520 points in data set
  surface fitting ...
  loading cloudForSpline.pcd
  4350 points in data set
  surface fitting ...
[DEBUG] Saving surface cluster PLY files in ASCII mode...
PointCloud representing the Cluster: 2614 data points.
Successfully found 2 clusters after 1 iterations.
Ply to XYZ start

Time after processing: 1.908 seconds
Total time elapsed: 76.06 seconds
NURBS surface generation completed at: Wed 22 Oct 2025 01:12:04 AEDT
Surface files generated:
Found 0 surface files (expected 80 for 40 pieces)
ERROR: No surface files generated!
Checking Temp directory:
total 34
drwxrwsr-x 4 zhuojiat punim2657  4096 Oct 21 14:20 .
drwxrwsr-x 6 zhuojiat punim2657  4096 Oct 21 06:19 ..
drwxrwsr-x 2 zhuojiat punim2657 32768 Oct 21 14:33 Pot_A
drwxrwsr-x 2 zhuojiat punim2657  4096 Oct 21 14:20 Pot_A_Tray000
