INFO:    gocryptfs not found, will not be able to use gocryptfs
[1;33m[pcl::PLYReader] Temp/Data/Pot_A/Pot_A_Piece_01_SampledWithNormals.ply:25: property 'float32 focal' of element 'camera' is not handled
[0;m[1;33m[pcl::PLYReader] Temp/Data/Pot_A/Pot_A_Piece_01_SampledWithNormals.ply:26: property 'float32 scalex' of element 'camera' is not handled
[0;m[1;33m[pcl::PLYReader] Temp/Data/Pot_A/Pot_A_Piece_01_SampledWithNormals.ply:27: property 'float32 scaley' of element 'camera' is not handled
[0;m[1;33m[pcl::PLYReader] Temp/Data/Pot_A/Pot_A_Piece_01_SampledWithNormals.ply:28: property 'float32 centerx' of element 'camera' is not handled
[0;m[1;33m[pcl::PLYReader] Temp/Data/Pot_A/Pot_A_Piece_01_SampledWithNormals.ply:29: property 'float32 centery' of element 'camera' is not handled
[0;m[1;33m[pcl::PLYReader] Temp/Data/Pot_A/Pot_A_Piece_01_SampledWithNormals.ply:32: property 'float32 k1' of element 'camera' is not handled
[0;m[1;33m[pcl::PLYReader] Temp/Data/Pot_A/Pot_A_Piece_01_SampledWithNormals.ply:33: property 'float32 k2' of element 'camera' is not handled
[0;m[1;33m[pcl::PLYReader] Temp/Data/Pot_A/Pot_A_Piece_01_unclustered.ply:25: property 'float32 focal' of element 'camera' is not handled
[0;m[1;33m[pcl::PLYReader] Temp/Data/Pot_A/Pot_A_Piece_01_unclustered.ply:26: property 'float32 scalex' of element 'camera' is not handled
[0;m[1;33m[pcl::PLYReader] Temp/Data/Pot_A/Pot_A_Piece_01_unclustered.ply:27: property 'float32 scaley' of element 'camera' is not handled
[0;m[1;33m[pcl::PLYReader] Temp/Data/Pot_A/Pot_A_Piece_01_unclustered.ply:28: property 'float32 centerx' of element 'camera' is not handled
[0;m[1;33m[pcl::PLYReader] Temp/Data/Pot_A/Pot_A_Piece_01_unclustered.ply:29: property 'float32 centery' of element 'camera' is not handled
[0;m[1;33m[pcl::PLYReader] Temp/Data/Pot_A/Pot_A_Piece_01_unclustered.ply:32: property 'float32 k1' of element 'camera' is not handled
[0;m[1;33m[pcl::PLYReader] Temp/Data/Pot_A/Pot_A_Piece_01_unclustered.ply:33: property 'float32 k2' of element 'camera' is not handled
[0;m[1;33m[pcl::PLYReader] Temp/Data/Pot_A/Pot_A_Piece_01_Surface_0.ply:25: property 'float32 focal' of element 'camera' is not handled
[0;m[1;33m[pcl::PLYReader] Temp/Data/Pot_A/Pot_A_Piece_01_Surface_0.ply:26: property 'float32 scalex' of element 'camera' is not handled
[0;m[1;33m[pcl::PLYReader] Temp/Data/Pot_A/Pot_A_Piece_01_Surface_0.ply:27: property 'float32 scaley' of element 'camera' is not handled
[0;m[1;33m[pcl::PLYReader] Temp/Data/Pot_A/Pot_A_Piece_01_Surface_0.ply:28: property 'float32 centerx' of element 'camera' is not handled
[0;m[1;33m[pcl::PLYReader] Temp/Data/Pot_A/Pot_A_Piece_01_Surface_0.ply:29: property 'float32 centery' of element 'camera' is not handled
[0;m[1;33m[pcl::PLYReader] Temp/Data/Pot_A/Pot_A_Piece_01_Surface_0.ply:32: property 'float32 k1' of element 'camera' is not handled
[0;m[1;33m[pcl::PLYReader] Temp/Data/Pot_A/Pot_A_Piece_01_Surface_0.ply:33: property 'float32 k2' of element 'camera' is not handled
[0;m[1;33m[pcl::PLYReader] Temp/Data/Pot_A/Pot_A_Piece_01_Surface_1.ply:25: property 'float32 focal' of element 'camera' is not handled
[0;m[1;33m[pcl::PLYReader] Temp/Data/Pot_A/Pot_A_Piece_01_Surface_1.ply:26: property 'float32 scalex' of element 'camera' is not handled
[0;m[1;33m[pcl::PLYReader] Temp/Data/Pot_A/Pot_A_Piece_01_Surface_1.ply:27: property 'float32 scaley' of element 'camera' is not handled
[0;m[1;33m[pcl::PLYReader] Temp/Data/Pot_A/Pot_A_Piece_01_Surface_1.ply:28: property 'float32 centerx' of element 'camera' is not handled
[0;m[1;33m[pcl::PLYReader] Temp/Data/Pot_A/Pot_A_Piece_01_Surface_1.ply:29: property 'float32 centery' of element 'camera' is not handled
[0;m[1;33m[pcl::PLYReader] Temp/Data/Pot_A/Pot_A_Piece_01_Surface_1.ply:32: property 'float32 k1' of element 'camera' is not handled
[0;m[1;33m[pcl::PLYReader] Temp/Data/Pot_A/Pot_A_Piece_01_Surface_1.ply:33: property 'float32 k2' of element 'camera' is not handled
[0;m[1;33m[pcl::PLYReader] Temp/Data/Pot_A/Pot_A_Piece_02_SampledWithNormals.ply:25: property 'float32 focal' of element 'camera' is not handled
[0;m[1;33m[pcl::PLYReader] Temp/Data/Pot_A/Pot_A_Piece_02_SampledWithNormals.ply:26: property 'float32 scalex' of element 'camera' is not handled
[0;m[1;33m[pcl::PLYReader] Temp/Data/Pot_A/Pot_A_Piece_02_SampledWithNormals.ply:27: property 'float32 scaley' of element 'camera' is not handled
[0;m[1;33m[pcl::PLYReader] Temp/Data/Pot_A/Pot_A_Piece_02_SampledWithNormals.ply:28: property 'float32 centerx' of element 'camera' is not handled
[0;m[1;33m[pcl::PLYReader] Temp/Data/Pot_A/Pot_A_Piece_02_SampledWithNormals.ply:29: property 'float32 centery' of element 'camera' is not handled
[0;m[1;33m[pcl::PLYReader] Temp/Data/Pot_A/Pot_A_Piece_02_SampledWithNormals.ply:32: property 'float32 k1' of element 'camera' is not handled
[0;m[1;33m[pcl::PLYReader] Temp/Data/Pot_A/Pot_A_Piece_02_SampledWithNormals.ply:33: property 'float32 k2' of element 'camera' is not handled
[0;m[1;33m[pcl::PLYReader] Temp/Data/Pot_A/Pot_A_Piece_02_unclustered.ply:25: property 'float32 focal' of element 'camera' is not handled
[0;m[1;33m[pcl::PLYReader] Temp/Data/Pot_A/Pot_A_Piece_02_unclustered.ply:26: property 'float32 scalex' of element 'camera' is not handled
[0;m[1;33m[pcl::PLYReader] Temp/Data/Pot_A/Pot_A_Piece_02_unclustered.ply:27: property 'float32 scaley' of element 'camera' is not handled
[0;m[1;33m[pcl::PLYReader] Temp/Data/Pot_A/Pot_A_Piece_02_unclustered.ply:28: property 'float32 centerx' of element 'camera' is not handled
[0;m[1;33m[pcl::PLYReader] Temp/Data/Pot_A/Pot_A_Piece_02_unclustered.ply:29: property 'float32 centery' of element 'camera' is not handled
[0;m[1;33m[pcl::PLYReader] Temp/Data/Pot_A/Pot_A_Piece_02_unclustered.ply:32: property 'float32 k1' of element 'camera' is not handled
[0;m[1;33m[pcl::PLYReader] Temp/Data/Pot_A/Pot_A_Piece_02_unclustered.ply:33: property 'float32 k2' of element 'camera' is not handled
[0;m[1;33m[pcl::PLYReader] Temp/Data/Pot_A/Pot_A_Piece_02_Surface_0.ply:25: property 'float32 focal' of element 'camera' is not handled
[0;m[1;33m[pcl::PLYReader] Temp/Data/Pot_A/Pot_A_Piece_02_Surface_0.ply:26: property 'float32 scalex' of element 'camera' is not handled
[0;m[1;33m[pcl::PLYReader] Temp/Data/Pot_A/Pot_A_Piece_02_Surface_0.ply:27: property 'float32 scaley' of element 'camera' is not handled
[0;m[1;33m[pcl::PLYReader] Temp/Data/Pot_A/Pot_A_Piece_02_Surface_0.ply:28: property 'float32 centerx' of element 'camera' is not handled
[0;m[1;33m[pcl::PLYReader] Temp/Data/Pot_A/Pot_A_Piece_02_Surface_0.ply:29: property 'float32 centery' of element 'camera' is not handled
[0;m[1;33m[pcl::PLYReader] Temp/Data/Pot_A/Pot_A_Piece_02_Surface_0.ply:32: property 'float32 k1' of element 'camera' is not handled
[0;m[1;33m[pcl::PLYReader] Temp/Data/Pot_A/Pot_A_Piece_02_Surface_0.ply:33: property 'float32 k2' of element 'camera' is not handled
[0;m[1;33m[pcl::PLYReader] Temp/Data/Pot_A/Pot_A_Piece_02_Surface_1.ply:25: property 'float32 focal' of element 'camera' is not handled
[0;m[1;33m[pcl::PLYReader] Temp/Data/Pot_A/Pot_A_Piece_02_Surface_1.ply:26: property 'float32 scalex' of element 'camera' is not handled
[0;m[1;33m[pcl::PLYReader] Temp/Data/Pot_A/Pot_A_Piece_02_Surface_1.ply:27: property 'float32 scaley' of element 'camera' is not handled
[0;m[1;33m[pcl::PLYReader] Temp/Data/Pot_A/Pot_A_Piece_02_Surface_1.ply:28: property 'float32 centerx' of element 'camera' is not handled
[0;m[1;33m[pcl::PLYReader] Temp/Data/Pot_A/Pot_A_Piece_02_Surface_1.ply:29: property 'float32 centery' of element 'camera' is not handled
[0;m[1;33m[pcl::PLYReader] Temp/Data/Pot_A/Pot_A_Piece_02_Surface_1.ply:32: property 'float32 k1' of element 'camera' is not handled
[0;m[1;33m[pcl::PLYReader] Temp/Data/Pot_A/Pot_A_Piece_02_Surface_1.ply:33: property 'float32 k2' of element 'camera' is not handled
[0;m[1;33m[pcl::PLYReader] Temp/Data/Pot_A/Pot_A_Piece_03_SampledWithNormals.ply:25: property 'float32 focal' of element 'camera' is not handled
[0;m[1;33m[pcl::PLYReader] Temp/Data/Pot_A/Pot_A_Piece_03_SampledWithNormals.ply:26: property 'float32 scalex' of element 'camera' is not handled
[0;m[1;33m[pcl::PLYReader] Temp/Data/Pot_A/Pot_A_Piece_03_SampledWithNormals.ply:27: property 'float32 scaley' of element 'camera' is not handled
[0;m[1;33m[pcl::PLYReader] Temp/Data/Pot_A/Pot_A_Piece_03_SampledWithNormals.ply:28: property 'float32 centerx' of element 'camera' is not handled
[0;m[1;33m[pcl::PLYReader] Temp/Data/Pot_A/Pot_A_Piece_03_SampledWithNormals.ply:29: property 'float32 centery' of element 'camera' is not handled
[0;m[1;33m[pcl::PLYReader] Temp/Data/Pot_A/Pot_A_Piece_03_SampledWithNormals.ply:32: property 'float32 k1' of element 'camera' is not handled
[0;m[1;33m[pcl::PLYReader] Temp/Data/Pot_A/Pot_A_Piece_03_SampledWithNormals.ply:33: property 'float32 k2' of element 'camera' is not handled
[0;m[1;33m[pcl::PLYReader] Temp/Data/Pot_A/Pot_A_Piece_03_unclustered.ply:25: property 'float32 focal' of element 'camera' is not handled
[0;m[1;33m[pcl::PLYReader] Temp/Data/Pot_A/Pot_A_Piece_03_unclustered.ply:26: property 'float32 scalex' of element 'camera' is not handled
[0;m[1;33m[pcl::PLYReader] Temp/Data/Pot_A/Pot_A_Piece_03_unclustered.ply:27: property 'float32 scaley' of element 'camera' is not handled
[0;m[1;33m[pcl::PLYReader] Temp/Data/Pot_A/Pot_A_Piece_03_unclustered.ply:28: property 'float32 centerx' of element 'camera' is not handled
[0;m[1;33m[pcl::PLYReader] Temp/Data/Pot_A/Pot_A_Piece_03_unclustered.ply:29: property 'float32 centery' of element 'camera' is not handled
[0;m[1;33m[pcl::PLYReader] Temp/Data/Pot_A/Pot_A_Piece_03_unclustered.ply:32: property 'float32 k1' of element 'camera' is not handled
[0;m[1;33m[pcl::PLYReader] Temp/Data/Pot_A/Pot_A_Piece_03_unclustered.ply:33: property 'float32 k2' of element 'camera' is not handled
[0;m[1;33m[pcl::PLYReader] Temp/Data/Pot_A/Pot_A_Piece_03_Surface_0.ply:25: property 'float32 focal' of element 'camera' is not handled
[0;m[1;33m[pcl::PLYReader] Temp/Data/Pot_A/Pot_A_Piece_03_Surface_0.ply:26: property 'float32 scalex' of element 'camera' is not handled
[0;m[1;33m[pcl::PLYReader] Temp/Data/Pot_A/Pot_A_Piece_03_Surface_0.ply:27: property 'float32 scaley' of element 'camera' is not handled
[0;m[1;33m[pcl::PLYReader] Temp/Data/Pot_A/Pot_A_Piece_03_Surface_0.ply:28: property 'float32 centerx' of element 'camera' is not handled
[0;m[1;33m[pcl::PLYReader] Temp/Data/Pot_A/Pot_A_Piece_03_Surface_0.ply:29: property 'float32 centery' of element 'camera' is not handled
[0;m[1;33m[pcl::PLYReader] Temp/Data/Pot_A/Pot_A_Piece_03_Surface_0.ply:32: property 'float32 k1' of element 'camera' is not handled
[0;m[1;33m[pcl::PLYReader] Temp/Data/Pot_A/Pot_A_Piece_03_Surface_0.ply:33: property 'float32 k2' of element 'camera' is not handled
[0;m[1;33m[pcl::PLYReader] Temp/Data/Pot_A/Pot_A_Piece_03_Surface_1.ply:25: property 'float32 focal' of element 'camera' is not handled
[0;m[1;33m[pcl::PLYReader] Temp/Data/Pot_A/Pot_A_Piece_03_Surface_1.ply:26: property 'float32 scalex' of element 'camera' is not handled
[0;m[1;33m[pcl::PLYReader] Temp/Data/Pot_A/Pot_A_Piece_03_Surface_1.ply:27: property 'float32 scaley' of element 'camera' is not handled
[0;m[1;33m[pcl::PLYReader] Temp/Data/Pot_A/Pot_A_Piece_03_Surface_1.ply:28: property 'float32 centerx' of element 'camera' is not handled
[0;m[1;33m[pcl::PLYReader] Temp/Data/Pot_A/Pot_A_Piece_03_Surface_1.ply:29: property 'float32 centery' of element 'camera' is not handled
[0;m[1;33m[pcl::PLYReader] Temp/Data/Pot_A/Pot_A_Piece_03_Surface_1.ply:32: property 'float32 k1' of element 'camera' is not handled
[0;m[1;33m[pcl::PLYReader] Temp/Data/Pot_A/Pot_A_Piece_03_Surface_1.ply:33: property 'float32 k2' of element 'camera' is not handled
[0;m[1;33m[pcl::PLYReader] Temp/Data/Pot_A/Pot_A_Piece_04_SampledWithNormals.ply:25: property 'float32 focal' of element 'camera' is not handled
[0;m[1;33m[pcl::PLYReader] Temp/Data/Pot_A/Pot_A_Piece_04_SampledWithNormals.ply:26: property 'float32 scalex' of element 'camera' is not handled
[0;m[1;33m[pcl::PLYReader] Temp/Data/Pot_A/Pot_A_Piece_04_SampledWithNormals.ply:27: property 'float32 scaley' of element 'camera' is not handled
[0;m[1;33m[pcl::PLYReader] Temp/Data/Pot_A/Pot_A_Piece_04_SampledWithNormals.ply:28: property 'float32 centerx' of element 'camera' is not handled
[0;m[1;33m[pcl::PLYReader] Temp/Data/Pot_A/Pot_A_Piece_04_SampledWithNormals.ply:29: property 'float32 centery' of element 'camera' is not handled
[0;m[1;33m[pcl::PLYReader] Temp/Data/Pot_A/Pot_A_Piece_04_SampledWithNormals.ply:32: property 'float32 k1' of element 'camera' is not handled
[0;m[1;33m[pcl::PLYReader] Temp/Data/Pot_A/Pot_A_Piece_04_SampledWithNormals.ply:33: property 'float32 k2' of element 'camera' is not handled
[0;m[1;33m[pcl::PLYReader] Temp/Data/Pot_A/Pot_A_Piece_04_unclustered.ply:25: property 'float32 focal' of element 'camera' is not handled
[0;m[1;33m[pcl::PLYReader] Temp/Data/Pot_A/Pot_A_Piece_04_unclustered.ply:26: property 'float32 scalex' of element 'camera' is not handled
[0;m[1;33m[pcl::PLYReader] Temp/Data/Pot_A/Pot_A_Piece_04_unclustered.ply:27: property 'float32 scaley' of element 'camera' is not handled
[0;m[1;33m[pcl::PLYReader] Temp/Data/Pot_A/Pot_A_Piece_04_unclustered.ply:28: property 'float32 centerx' of element 'camera' is not handled
[0;m[1;33m[pcl::PLYReader] Temp/Data/Pot_A/Pot_A_Piece_04_unclustered.ply:29: property 'float32 centery' of element 'camera' is not handled
[0;m[1;33m[pcl::PLYReader] Temp/Data/Pot_A/Pot_A_Piece_04_unclustered.ply:32: property 'float32 k1' of element 'camera' is not handled
[0;m[1;33m[pcl::PLYReader] Temp/Data/Pot_A/Pot_A_Piece_04_unclustered.ply:33: property 'float32 k2' of element 'camera' is not handled
[0;m[1;33m[pcl::PLYReader] Temp/Data/Pot_A/Pot_A_Piece_04_Surface_0.ply:25: property 'float32 focal' of element 'camera' is not handled
[0;m[1;33m[pcl::PLYReader] Temp/Data/Pot_A/Pot_A_Piece_04_Surface_0.ply:26: property 'float32 scalex' of element 'camera' is not handled
[0;m[1;33m[pcl::PLYReader] Temp/Data/Pot_A/Pot_A_Piece_04_Surface_0.ply:27: property 'float32 scaley' of element 'camera' is not handled
[0;m[1;33m[pcl::PLYReader] Temp/Data/Pot_A/Pot_A_Piece_04_Surface_0.ply:28: property 'float32 centerx' of element 'camera' is not handled
[0;m[1;33m[pcl::PLYReader] Temp/Data/Pot_A/Pot_A_Piece_04_Surface_0.ply:29: property 'float32 centery' of element 'camera' is not handled
[0;m[1;33m[pcl::PLYReader] Temp/Data/Pot_A/Pot_A_Piece_04_Surface_0.ply:32: property 'float32 k1' of element 'camera' is not handled
[0;m[1;33m[pcl::PLYReader] Temp/Data/Pot_A/Pot_A_Piece_04_Surface_0.ply:33: property 'float32 k2' of element 'camera' is not handled
[0;m[1;33m[pcl::PLYReader] Temp/Data/Pot_A/Pot_A_Piece_04_Surface_1.ply:25: property 'float32 focal' of element 'camera' is not handled
[0;m[1;33m[pcl::PLYReader] Temp/Data/Pot_A/Pot_A_Piece_04_Surface_1.ply:26: property 'float32 scalex' of element 'camera' is not handled
[0;m[1;33m[pcl::PLYReader] Temp/Data/Pot_A/Pot_A_Piece_04_Surface_1.ply:27: property 'float32 scaley' of element 'camera' is not handled
[0;m[1;33m[pcl::PLYReader] Temp/Data/Pot_A/Pot_A_Piece_04_Surface_1.ply:28: property 'float32 centerx' of element 'camera' is not handled
[0;m[1;33m[pcl::PLYReader] Temp/Data/Pot_A/Pot_A_Piece_04_Surface_1.ply:29: property 'float32 centery' of element 'camera' is not handled
[0;m[1;33m[pcl::PLYReader] Temp/Data/Pot_A/Pot_A_Piece_04_Surface_1.ply:32: property 'float32 k1' of element 'camera' is not handled
[0;m[1;33m[pcl::PLYReader] Temp/Data/Pot_A/Pot_A_Piece_04_Surface_1.ply:33: property 'float32 k2' of element 'camera' is not handled
[0;m[1;33m[pcl::PLYReader] Temp/Data/Pot_A/Pot_A_Piece_05_SampledWithNormals.ply:25: property 'float32 focal' of element 'camera' is not handled
[0;m[1;33m[pcl::PLYReader] Temp/Data/Pot_A/Pot_A_Piece_05_SampledWithNormals.ply:26: property 'float32 scalex' of element 'camera' is not handled
[0;m[1;33m[pcl::PLYReader] Temp/Data/Pot_A/Pot_A_Piece_05_SampledWithNormals.ply:27: property 'float32 scaley' of element 'camera' is not handled
[0;m[1;33m[pcl::PLYReader] Temp/Data/Pot_A/Pot_A_Piece_05_SampledWithNormals.ply:28: property 'float32 centerx' of element 'camera' is not handled
[0;m[1;33m[pcl::PLYReader] Temp/Data/Pot_A/Pot_A_Piece_05_SampledWithNormals.ply:29: property 'float32 centery' of element 'camera' is not handled
[0;m[1;33m[pcl::PLYReader] Temp/Data/Pot_A/Pot_A_Piece_05_SampledWithNormals.ply:32: property 'float32 k1' of element 'camera' is not handled
[0;m[1;33m[pcl::PLYReader] Temp/Data/Pot_A/Pot_A_Piece_05_SampledWithNormals.ply:33: property 'float32 k2' of element 'camera' is not handled
[0;m[1;33m[pcl::PLYReader] Temp/Data/Pot_A/Pot_A_Piece_05_unclustered.ply:25: property 'float32 focal' of element 'camera' is not handled
[0;m[1;33m[pcl::PLYReader] Temp/Data/Pot_A/Pot_A_Piece_05_unclustered.ply:26: property 'float32 scalex' of element 'camera' is not handled
[0;m[1;33m[pcl::PLYReader] Temp/Data/Pot_A/Pot_A_Piece_05_unclustered.ply:27: property 'float32 scaley' of element 'camera' is not handled
[0;m[1;33m[pcl::PLYReader] Temp/Data/Pot_A/Pot_A_Piece_05_unclustered.ply:28: property 'float32 centerx' of element 'camera' is not handled
[0;m[1;33m[pcl::PLYReader] Temp/Data/Pot_A/Pot_A_Piece_05_unclustered.ply:29: property 'float32 centery' of element 'camera' is not handled
[0;m[1;33m[pcl::PLYReader] Temp/Data/Pot_A/Pot_A_Piece_05_unclustered.ply:32: property 'float32 k1' of element 'camera' is not handled
[0;m[1;33m[pcl::PLYReader] Temp/Data/Pot_A/Pot_A_Piece_05_unclustered.ply:33: property 'float32 k2' of element 'camera' is not handled
[0;m[1;33m[pcl::PLYReader] Temp/Data/Pot_A/Pot_A_Piece_05_Surface_0.ply:25: property 'float32 focal' of element 'camera' is not handled
[0;m[1;33m[pcl::PLYReader] Temp/Data/Pot_A/Pot_A_Piece_05_Surface_0.ply:26: property 'float32 scalex' of element 'camera' is not handled
[0;m[1;33m[pcl::PLYReader] Temp/Data/Pot_A/Pot_A_Piece_05_Surface_0.ply:27: property 'float32 scaley' of element 'camera' is not handled
[0;m[1;33m[pcl::PLYReader] Temp/Data/Pot_A/Pot_A_Piece_05_Surface_0.ply:28: property 'float32 centerx' of element 'camera' is not handled
[0;m[1;33m[pcl::PLYReader] Temp/Data/Pot_A/Pot_A_Piece_05_Surface_0.ply:29: property 'float32 centery' of element 'camera' is not handled
[0;m[1;33m[pcl::PLYReader] Temp/Data/Pot_A/Pot_A_Piece_05_Surface_0.ply:32: property 'float32 k1' of element 'camera' is not handled
[0;m[1;33m[pcl::PLYReader] Temp/Data/Pot_A/Pot_A_Piece_05_Surface_0.ply:33: property 'float32 k2' of element 'camera' is not handled
[0;m[1;33m[pcl::PLYReader] Temp/Data/Pot_A/Pot_A_Piece_05_Surface_1.ply:25: property 'float32 focal' of element 'camera' is not handled
[0;m[1;33m[pcl::PLYReader] Temp/Data/Pot_A/Pot_A_Piece_05_Surface_1.ply:26: property 'float32 scalex' of element 'camera' is not handled
[0;m[1;33m[pcl::PLYReader] Temp/Data/Pot_A/Pot_A_Piece_05_Surface_1.ply:27: property 'float32 scaley' of element 'camera' is not handled
[0;m[1;33m[pcl::PLYReader] Temp/Data/Pot_A/Pot_A_Piece_05_Surface_1.ply:28: property 'float32 centerx' of element 'camera' is not handled
[0;m[1;33m[pcl::PLYReader] Temp/Data/Pot_A/Pot_A_Piece_05_Surface_1.ply:29: property 'float32 centery' of element 'camera' is not handled
[0;m[1;33m[pcl::PLYReader] Temp/Data/Pot_A/Pot_A_Piece_05_Surface_1.ply:32: property 'float32 k1' of element 'camera' is not handled
[0;m[1;33m[pcl::PLYReader] Temp/Data/Pot_A/Pot_A_Piece_05_Surface_1.ply:33: property 'float32 k2' of element 'camera' is not handled
[0;m[1;33m[pcl::PLYReader] Temp/Data/Pot_A/Pot_A_Piece_06_SampledWithNormals.ply:25: property 'float32 focal' of element 'camera' is not handled
[0;m[1;33m[pcl::PLYReader] Temp/Data/Pot_A/Pot_A_Piece_06_SampledWithNormals.ply:26: property 'float32 scalex' of element 'camera' is not handled
[0;m[1;33m[pcl::PLYReader] Temp/Data/Pot_A/Pot_A_Piece_06_SampledWithNormals.ply:27: property 'float32 scaley' of element 'camera' is not handled
[0;m[1;33m[pcl::PLYReader] Temp/Data/Pot_A/Pot_A_Piece_06_SampledWithNormals.ply:28: property 'float32 centerx' of element 'camera' is not handled
[0;m[1;33m[pcl::PLYReader] Temp/Data/Pot_A/Pot_A_Piece_06_SampledWithNormals.ply:29: property 'float32 centery' of element 'camera' is not handled
[0;m[1;33m[pcl::PLYReader] Temp/Data/Pot_A/Pot_A_Piece_06_SampledWithNormals.ply:32: property 'float32 k1' of element 'camera' is not handled
[0;m[1;33m[pcl::PLYReader] Temp/Data/Pot_A/Pot_A_Piece_06_SampledWithNormals.ply:33: property 'float32 k2' of element 'camera' is not handled
[0;m[1;33m[pcl::PLYReader] Temp/Data/Pot_A/Pot_A_Piece_06_unclustered.ply:25: property 'float32 focal' of element 'camera' is not handled
[0;m[1;33m[pcl::PLYReader] Temp/Data/Pot_A/Pot_A_Piece_06_unclustered.ply:26: property 'float32 scalex' of element 'camera' is not handled
[0;m[1;33m[pcl::PLYReader] Temp/Data/Pot_A/Pot_A_Piece_06_unclustered.ply:27: property 'float32 scaley' of element 'camera' is not handled
[0;m[1;33m[pcl::PLYReader] Temp/Data/Pot_A/Pot_A_Piece_06_unclustered.ply:28: property 'float32 centerx' of element 'camera' is not handled
[0;m[1;33m[pcl::PLYReader] Temp/Data/Pot_A/Pot_A_Piece_06_unclustered.ply:29: property 'float32 centery' of element 'camera' is not handled
[0;m[1;33m[pcl::PLYReader] Temp/Data/Pot_A/Pot_A_Piece_06_unclustered.ply:32: property 'float32 k1' of element 'camera' is not handled
[0;m[1;33m[pcl::PLYReader] Temp/Data/Pot_A/Pot_A_Piece_06_unclustered.ply:33: property 'float32 k2' of element 'camera' is not handled
[0;m[1;33m[pcl::PLYReader] Temp/Data/Pot_A/Pot_A_Piece_06_Surface_0.ply:25: property 'float32 focal' of element 'camera' is not handled
[0;m[1;33m[pcl::PLYReader] Temp/Data/Pot_A/Pot_A_Piece_06_Surface_0.ply:26: property 'float32 scalex' of element 'camera' is not handled
[0;m[1;33m[pcl::PLYReader] Temp/Data/Pot_A/Pot_A_Piece_06_Surface_0.ply:27: property 'float32 scaley' of element 'camera' is not handled
[0;m[1;33m[pcl::PLYReader] Temp/Data/Pot_A/Pot_A_Piece_06_Surface_0.ply:28: property 'float32 centerx' of element 'camera' is not handled
[0;m[1;33m[pcl::PLYReader] Temp/Data/Pot_A/Pot_A_Piece_06_Surface_0.ply:29: property 'float32 centery' of element 'camera' is not handled
[0;m[1;33m[pcl::PLYReader] Temp/Data/Pot_A/Pot_A_Piece_06_Surface_0.ply:32: property 'float32 k1' of element 'camera' is not handled
[0;m[1;33m[pcl::PLYReader] Temp/Data/Pot_A/Pot_A_Piece_06_Surface_0.ply:33: property 'float32 k2' of element 'camera' is not handled
[0;m[1;33m[pcl::PLYReader] Temp/Data/Pot_A/Pot_A_Piece_06_Surface_1.ply:25: property 'float32 focal' of element 'camera' is not handled
[0;m[1;33m[pcl::PLYReader] Temp/Data/Pot_A/Pot_A_Piece_06_Surface_1.ply:26: property 'float32 scalex' of element 'camera' is not handled
[0;m[1;33m[pcl::PLYReader] Temp/Data/Pot_A/Pot_A_Piece_06_Surface_1.ply:27: property 'float32 scaley' of element 'camera' is not handled
[0;m[1;33m[pcl::PLYReader] Temp/Data/Pot_A/Pot_A_Piece_06_Surface_1.ply:28: property 'float32 centerx' of element 'camera' is not handled
[0;m[1;33m[pcl::PLYReader] Temp/Data/Pot_A/Pot_A_Piece_06_Surface_1.ply:29: property 'float32 centery' of element 'camera' is not handled
[0;m[1;33m[pcl::PLYReader] Temp/Data/Pot_A/Pot_A_Piece_06_Surface_1.ply:32: property 'float32 k1' of element 'camera' is not handled
[0;m[1;33m[pcl::PLYReader] Temp/Data/Pot_A/Pot_A_Piece_06_Surface_1.ply:33: property 'float32 k2' of element 'camera' is not handled
[0;m[1;33m[pcl::PLYReader] Temp/Data/Pot_A/Pot_A_Piece_07_SampledWithNormals.ply:25: property 'float32 focal' of element 'camera' is not handled
[0;m[1;33m[pcl::PLYReader] Temp/Data/Pot_A/Pot_A_Piece_07_SampledWithNormals.ply:26: property 'float32 scalex' of element 'camera' is not handled
[0;m[1;33m[pcl::PLYReader] Temp/Data/Pot_A/Pot_A_Piece_07_SampledWithNormals.ply:27: property 'float32 scaley' of element 'camera' is not handled
[0;m[1;33m[pcl::PLYReader] Temp/Data/Pot_A/Pot_A_Piece_07_SampledWithNormals.ply:28: property 'float32 centerx' of element 'camera' is not handled
[0;m[1;33m[pcl::PLYReader] Temp/Data/Pot_A/Pot_A_Piece_07_SampledWithNormals.ply:29: property 'float32 centery' of element 'camera' is not handled
[0;m[1;33m[pcl::PLYReader] Temp/Data/Pot_A/Pot_A_Piece_07_SampledWithNormals.ply:32: property 'float32 k1' of element 'camera' is not handled
[0;m[1;33m[pcl::PLYReader] Temp/Data/Pot_A/Pot_A_Piece_07_SampledWithNormals.ply:33: property 'float32 k2' of element 'camera' is not handled
[0;m[1;33m[pcl::PLYReader] Temp/Data/Pot_A/Pot_A_Piece_07_unclustered.ply:25: property 'float32 focal' of element 'camera' is not handled
[0;m[1;33m[pcl::PLYReader] Temp/Data/Pot_A/Pot_A_Piece_07_unclustered.ply:26: property 'float32 scalex' of element 'camera' is not handled
[0;m[1;33m[pcl::PLYReader] Temp/Data/Pot_A/Pot_A_Piece_07_unclustered.ply:27: property 'float32 scaley' of element 'camera' is not handled
[0;m[1;33m[pcl::PLYReader] Temp/Data/Pot_A/Pot_A_Piece_07_unclustered.ply:28: property 'float32 centerx' of element 'camera' is not handled
[0;m[1;33m[pcl::PLYReader] Temp/Data/Pot_A/Pot_A_Piece_07_unclustered.ply:29: property 'float32 centery' of element 'camera' is not handled
[0;m[1;33m[pcl::PLYReader] Temp/Data/Pot_A/Pot_A_Piece_07_unclustered.ply:32: property 'float32 k1' of element 'camera' is not handled
[0;m[1;33m[pcl::PLYReader] Temp/Data/Pot_A/Pot_A_Piece_07_unclustered.ply:33: property 'float32 k2' of element 'camera' is not handled
[0;m[1;33m[pcl::PLYReader] Temp/Data/Pot_A/Pot_A_Piece_07_Surface_0.ply:25: property 'float32 focal' of element 'camera' is not handled
[0;m[1;33m[pcl::PLYReader] Temp/Data/Pot_A/Pot_A_Piece_07_Surface_0.ply:26: property 'float32 scalex' of element 'camera' is not handled
[0;m[1;33m[pcl::PLYReader] Temp/Data/Pot_A/Pot_A_Piece_07_Surface_0.ply:27: property 'float32 scaley' of element 'camera' is not handled
[0;m[1;33m[pcl::PLYReader] Temp/Data/Pot_A/Pot_A_Piece_07_Surface_0.ply:28: property 'float32 centerx' of element 'camera' is not handled
[0;m[1;33m[pcl::PLYReader] Temp/Data/Pot_A/Pot_A_Piece_07_Surface_0.ply:29: property 'float32 centery' of element 'camera' is not handled
[0;m[1;33m[pcl::PLYReader] Temp/Data/Pot_A/Pot_A_Piece_07_Surface_0.ply:32: property 'float32 k1' of element 'camera' is not handled
[0;m[1;33m[pcl::PLYReader] Temp/Data/Pot_A/Pot_A_Piece_07_Surface_0.ply:33: property 'float32 k2' of element 'camera' is not handled
[0;m[1;33m[pcl::PLYReader] Temp/Data/Pot_A/Pot_A_Piece_07_Surface_1.ply:25: property 'float32 focal' of element 'camera' is not handled
[0;m[1;33m[pcl::PLYReader] Temp/Data/Pot_A/Pot_A_Piece_07_Surface_1.ply:26: property 'float32 scalex' of element 'camera' is not handled
[0;m[1;33m[pcl::PLYReader] Temp/Data/Pot_A/Pot_A_Piece_07_Surface_1.ply:27: property 'float32 scaley' of element 'camera' is not handled
[0;m[1;33m[pcl::PLYReader] Temp/Data/Pot_A/Pot_A_Piece_07_Surface_1.ply:28: property 'float32 centerx' of element 'camera' is not handled
[0;m[1;33m[pcl::PLYReader] Temp/Data/Pot_A/Pot_A_Piece_07_Surface_1.ply:29: property 'float32 centery' of element 'camera' is not handled
[0;m[1;33m[pcl::PLYReader] Temp/Data/Pot_A/Pot_A_Piece_07_Surface_1.ply:32: property 'float32 k1' of element 'camera' is not handled
[0;m[1;33m[pcl::PLYReader] Temp/Data/Pot_A/Pot_A_Piece_07_Surface_1.ply:33: property 'float32 k2' of element 'camera' is not handled
[0;m[1;33m[pcl::PLYReader] Temp/Data/Pot_A/Pot_A_Piece_08_SampledWithNormals.ply:25: property 'float32 focal' of element 'camera' is not handled
[0;m[1;33m[pcl::PLYReader] Temp/Data/Pot_A/Pot_A_Piece_08_SampledWithNormals.ply:26: property 'float32 scalex' of element 'camera' is not handled
[0;m[1;33m[pcl::PLYReader] Temp/Data/Pot_A/Pot_A_Piece_08_SampledWithNormals.ply:27: property 'float32 scaley' of element 'camera' is not handled
[0;m[1;33m[pcl::PLYReader] Temp/Data/Pot_A/Pot_A_Piece_08_SampledWithNormals.ply:28: property 'float32 centerx' of element 'camera' is not handled
[0;m[1;33m[pcl::PLYReader] Temp/Data/Pot_A/Pot_A_Piece_08_SampledWithNormals.ply:29: property 'float32 centery' of element 'camera' is not handled
[0;m[1;33m[pcl::PLYReader] Temp/Data/Pot_A/Pot_A_Piece_08_SampledWithNormals.ply:32: property 'float32 k1' of element 'camera' is not handled
[0;m[1;33m[pcl::PLYReader] Temp/Data/Pot_A/Pot_A_Piece_08_SampledWithNormals.ply:33: property 'float32 k2' of element 'camera' is not handled
[0;m[1;33m[pcl::PLYReader] Temp/Data/Pot_A/Pot_A_Piece_08_unclustered.ply:25: property 'float32 focal' of element 'camera' is not handled
[0;m[1;33m[pcl::PLYReader] Temp/Data/Pot_A/Pot_A_Piece_08_unclustered.ply:26: property 'float32 scalex' of element 'camera' is not handled
[0;m[1;33m[pcl::PLYReader] Temp/Data/Pot_A/Pot_A_Piece_08_unclustered.ply:27: property 'float32 scaley' of element 'camera' is not handled
[0;m[1;33m[pcl::PLYReader] Temp/Data/Pot_A/Pot_A_Piece_08_unclustered.ply:28: property 'float32 centerx' of element 'camera' is not handled
[0;m[1;33m[pcl::PLYReader] Temp/Data/Pot_A/Pot_A_Piece_08_unclustered.ply:29: property 'float32 centery' of element 'camera' is not handled
[0;m[1;33m[pcl::PLYReader] Temp/Data/Pot_A/Pot_A_Piece_08_unclustered.ply:32: property 'float32 k1' of element 'camera' is not handled
[0;m[1;33m[pcl::PLYReader] Temp/Data/Pot_A/Pot_A_Piece_08_unclustered.ply:33: property 'float32 k2' of element 'camera' is not handled
[0;m[1;33m[pcl::PLYReader] Temp/Data/Pot_A/Pot_A_Piece_08_Surface_0.ply:25: property 'float32 focal' of element 'camera' is not handled
[0;m[1;33m[pcl::PLYReader] Temp/Data/Pot_A/Pot_A_Piece_08_Surface_0.ply:26: property 'float32 scalex' of element 'camera' is not handled
[0;m[1;33m[pcl::PLYReader] Temp/Data/Pot_A/Pot_A_Piece_08_Surface_0.ply:27: property 'float32 scaley' of element 'camera' is not handled
[0;m[1;33m[pcl::PLYReader] Temp/Data/Pot_A/Pot_A_Piece_08_Surface_0.ply:28: property 'float32 centerx' of element 'camera' is not handled
[0;m[1;33m[pcl::PLYReader] Temp/Data/Pot_A/Pot_A_Piece_08_Surface_0.ply:29: property 'float32 centery' of element 'camera' is not handled
[0;m[1;33m[pcl::PLYReader] Temp/Data/Pot_A/Pot_A_Piece_08_Surface_0.ply:32: property 'float32 k1' of element 'camera' is not handled
[0;m[1;33m[pcl::PLYReader] Temp/Data/Pot_A/Pot_A_Piece_08_Surface_0.ply:33: property 'float32 k2' of element 'camera' is not handled
[0;m[1;33m[pcl::PLYReader] Temp/Data/Pot_A/Pot_A_Piece_08_Surface_1.ply:25: property 'float32 focal' of element 'camera' is not handled
[0;m[1;33m[pcl::PLYReader] Temp/Data/Pot_A/Pot_A_Piece_08_Surface_1.ply:26: property 'float32 scalex' of element 'camera' is not handled
[0;m[1;33m[pcl::PLYReader] Temp/Data/Pot_A/Pot_A_Piece_08_Surface_1.ply:27: property 'float32 scaley' of element 'camera' is not handled
[0;m[1;33m[pcl::PLYReader] Temp/Data/Pot_A/Pot_A_Piece_08_Surface_1.ply:28: property 'float32 centerx' of element 'camera' is not handled
[0;m[1;33m[pcl::PLYReader] Temp/Data/Pot_A/Pot_A_Piece_08_Surface_1.ply:29: property 'float32 centery' of element 'camera' is not handled
[0;m[1;33m[pcl::PLYReader] Temp/Data/Pot_A/Pot_A_Piece_08_Surface_1.ply:32: property 'float32 k1' of element 'camera' is not handled
[0;m[1;33m[pcl::PLYReader] Temp/Data/Pot_A/Pot_A_Piece_08_Surface_1.ply:33: property 'float32 k2' of element 'camera' is not handled
[0;m[1;33m[pcl::PLYReader] Temp/Data/Pot_A/Pot_A_Piece_09_SampledWithNormals.ply:25: property 'float32 focal' of element 'camera' is not handled
[0;m[1;33m[pcl::PLYReader] Temp/Data/Pot_A/Pot_A_Piece_09_SampledWithNormals.ply:26: property 'float32 scalex' of element 'camera' is not handled
[0;m[1;33m[pcl::PLYReader] Temp/Data/Pot_A/Pot_A_Piece_09_SampledWithNormals.ply:27: property 'float32 scaley' of element 'camera' is not handled
[0;m[1;33m[pcl::PLYReader] Temp/Data/Pot_A/Pot_A_Piece_09_SampledWithNormals.ply:28: property 'float32 centerx' of element 'camera' is not handled
[0;m[1;33m[pcl::PLYReader] Temp/Data/Pot_A/Pot_A_Piece_09_SampledWithNormals.ply:29: property 'float32 centery' of element 'camera' is not handled
[0;m[1;33m[pcl::PLYReader] Temp/Data/Pot_A/Pot_A_Piece_09_SampledWithNormals.ply:32: property 'float32 k1' of element 'camera' is not handled
[0;m[1;33m[pcl::PLYReader] Temp/Data/Pot_A/Pot_A_Piece_09_SampledWithNormals.ply:33: property 'float32 k2' of element 'camera' is not handled
[0;m[1;33m[pcl::PLYReader] Temp/Data/Pot_A/Pot_A_Piece_09_unclustered.ply:25: property 'float32 focal' of element 'camera' is not handled
[0;m[1;33m[pcl::PLYReader] Temp/Data/Pot_A/Pot_A_Piece_09_unclustered.ply:26: property 'float32 scalex' of element 'camera' is not handled
[0;m[1;33m[pcl::PLYReader] Temp/Data/Pot_A/Pot_A_Piece_09_unclustered.ply:27: property 'float32 scaley' of element 'camera' is not handled
[0;m[1;33m[pcl::PLYReader] Temp/Data/Pot_A/Pot_A_Piece_09_unclustered.ply:28: property 'float32 centerx' of element 'camera' is not handled
[0;m[1;33m[pcl::PLYReader] Temp/Data/Pot_A/Pot_A_Piece_09_unclustered.ply:29: property 'float32 centery' of element 'camera' is not handled
[0;m[1;33m[pcl::PLYReader] Temp/Data/Pot_A/Pot_A_Piece_09_unclustered.ply:32: property 'float32 k1' of element 'camera' is not handled
[0;m[1;33m[pcl::PLYReader] Temp/Data/Pot_A/Pot_A_Piece_09_unclustered.ply:33: property 'float32 k2' of element 'camera' is not handled
[0;m[1;33m[pcl::PLYReader] Temp/Data/Pot_A/Pot_A_Piece_09_Surface_0.ply:25: property 'float32 focal' of element 'camera' is not handled
[0;m[1;33m[pcl::PLYReader] Temp/Data/Pot_A/Pot_A_Piece_09_Surface_0.ply:26: property 'float32 scalex' of element 'camera' is not handled
[0;m[1;33m[pcl::PLYReader] Temp/Data/Pot_A/Pot_A_Piece_09_Surface_0.ply:27: property 'float32 scaley' of element 'camera' is not handled
[0;m[1;33m[pcl::PLYReader] Temp/Data/Pot_A/Pot_A_Piece_09_Surface_0.ply:28: property 'float32 centerx' of element 'camera' is not handled
[0;m[1;33m[pcl::PLYReader] Temp/Data/Pot_A/Pot_A_Piece_09_Surface_0.ply:29: property 'float32 centery' of element 'camera' is not handled
[0;m[1;33m[pcl::PLYReader] Temp/Data/Pot_A/Pot_A_Piece_09_Surface_0.ply:32: property 'float32 k1' of element 'camera' is not handled
[0;m[1;33m[pcl::PLYReader] Temp/Data/Pot_A/Pot_A_Piece_09_Surface_0.ply:33: property 'float32 k2' of element 'camera' is not handled
[0;m[1;33m[pcl::PLYReader] Temp/Data/Pot_A/Pot_A_Piece_09_Surface_1.ply:25: property 'float32 focal' of element 'camera' is not handled
[0;m[1;33m[pcl::PLYReader] Temp/Data/Pot_A/Pot_A_Piece_09_Surface_1.ply:26: property 'float32 scalex' of element 'camera' is not handled
[0;m[1;33m[pcl::PLYReader] Temp/Data/Pot_A/Pot_A_Piece_09_Surface_1.ply:27: property 'float32 scaley' of element 'camera' is not handled
[0;m[1;33m[pcl::PLYReader] Temp/Data/Pot_A/Pot_A_Piece_09_Surface_1.ply:28: property 'float32 centerx' of element 'camera' is not handled
[0;m[1;33m[pcl::PLYReader] Temp/Data/Pot_A/Pot_A_Piece_09_Surface_1.ply:29: property 'float32 centery' of element 'camera' is not handled
[0;m[1;33m[pcl::PLYReader] Temp/Data/Pot_A/Pot_A_Piece_09_Surface_1.ply:32: property 'float32 k1' of element 'camera' is not handled
[0;m[1;33m[pcl::PLYReader] Temp/Data/Pot_A/Pot_A_Piece_09_Surface_1.ply:33: property 'float32 k2' of element 'camera' is not handled
[0;m[1;33m[pcl::PLYReader] Temp/Data/Pot_A/Pot_A_Piece_10_SampledWithNormals.ply:25: property 'float32 focal' of element 'camera' is not handled
[0;m[1;33m[pcl::PLYReader] Temp/Data/Pot_A/Pot_A_Piece_10_SampledWithNormals.ply:26: property 'float32 scalex' of element 'camera' is not handled
[0;m[1;33m[pcl::PLYReader] Temp/Data/Pot_A/Pot_A_Piece_10_SampledWithNormals.ply:27: property 'float32 scaley' of element 'camera' is not handled
[0;m[1;33m[pcl::PLYReader] Temp/Data/Pot_A/Pot_A_Piece_10_SampledWithNormals.ply:28: property 'float32 centerx' of element 'camera' is not handled
[0;m[1;33m[pcl::PLYReader] Temp/Data/Pot_A/Pot_A_Piece_10_SampledWithNormals.ply:29: property 'float32 centery' of element 'camera' is not handled
[0;m[1;33m[pcl::PLYReader] Temp/Data/Pot_A/Pot_A_Piece_10_SampledWithNormals.ply:32: property 'float32 k1' of element 'camera' is not handled
[0;m[1;33m[pcl::PLYReader] Temp/Data/Pot_A/Pot_A_Piece_10_SampledWithNormals.ply:33: property 'float32 k2' of element 'camera' is not handled
[0;m[1;33m[pcl::PLYReader] Temp/Data/Pot_A/Pot_A_Piece_10_unclustered.ply:25: property 'float32 focal' of element 'camera' is not handled
[0;m[1;33m[pcl::PLYReader] Temp/Data/Pot_A/Pot_A_Piece_10_unclustered.ply:26: property 'float32 scalex' of element 'camera' is not handled
[0;m[1;33m[pcl::PLYReader] Temp/Data/Pot_A/Pot_A_Piece_10_unclustered.ply:27: property 'float32 scaley' of element 'camera' is not handled
[0;m[1;33m[pcl::PLYReader] Temp/Data/Pot_A/Pot_A_Piece_10_unclustered.ply:28: property 'float32 centerx' of element 'camera' is not handled
[0;m[1;33m[pcl::PLYReader] Temp/Data/Pot_A/Pot_A_Piece_10_unclustered.ply:29: property 'float32 centery' of element 'camera' is not handled
[0;m[1;33m[pcl::PLYReader] Temp/Data/Pot_A/Pot_A_Piece_10_unclustered.ply:32: property 'float32 k1' of element 'camera' is not handled
[0;m[1;33m[pcl::PLYReader] Temp/Data/Pot_A/Pot_A_Piece_10_unclustered.ply:33: property 'float32 k2' of element 'camera' is not handled
[0;m[1;33m[pcl::PLYReader] Temp/Data/Pot_A/Pot_A_Piece_10_Surface_0.ply:25: property 'float32 focal' of element 'camera' is not handled
[0;m[1;33m[pcl::PLYReader] Temp/Data/Pot_A/Pot_A_Piece_10_Surface_0.ply:26: property 'float32 scalex' of element 'camera' is not handled
[0;m[1;33m[pcl::PLYReader] Temp/Data/Pot_A/Pot_A_Piece_10_Surface_0.ply:27: property 'float32 scaley' of element 'camera' is not handled
[0;m[1;33m[pcl::PLYReader] Temp/Data/Pot_A/Pot_A_Piece_10_Surface_0.ply:28: property 'float32 centerx' of element 'camera' is not handled
[0;m[1;33m[pcl::PLYReader] Temp/Data/Pot_A/Pot_A_Piece_10_Surface_0.ply:29: property 'float32 centery' of element 'camera' is not handled
[0;m[1;33m[pcl::PLYReader] Temp/Data/Pot_A/Pot_A_Piece_10_Surface_0.ply:32: property 'float32 k1' of element 'camera' is not handled
[0;m[1;33m[pcl::PLYReader] Temp/Data/Pot_A/Pot_A_Piece_10_Surface_0.ply:33: property 'float32 k2' of element 'camera' is not handled
[0;m[1;33m[pcl::PLYReader] Temp/Data/Pot_A/Pot_A_Piece_10_Surface_1.ply:25: property 'float32 focal' of element 'camera' is not handled
[0;m[1;33m[pcl::PLYReader] Temp/Data/Pot_A/Pot_A_Piece_10_Surface_1.ply:26: property 'float32 scalex' of element 'camera' is not handled
[0;m[1;33m[pcl::PLYReader] Temp/Data/Pot_A/Pot_A_Piece_10_Surface_1.ply:27: property 'float32 scaley' of element 'camera' is not handled
[0;m[1;33m[pcl::PLYReader] Temp/Data/Pot_A/Pot_A_Piece_10_Surface_1.ply:28: property 'float32 centerx' of element 'camera' is not handled
[0;m[1;33m[pcl::PLYReader] Temp/Data/Pot_A/Pot_A_Piece_10_Surface_1.ply:29: property 'float32 centery' of element 'camera' is not handled
[0;m[1;33m[pcl::PLYReader] Temp/Data/Pot_A/Pot_A_Piece_10_Surface_1.ply:32: property 'float32 k1' of element 'camera' is not handled
[0;m[1;33m[pcl::PLYReader] Temp/Data/Pot_A/Pot_A_Piece_10_Surface_1.ply:33: property 'float32 k2' of element 'camera' is not handled
[0;m[1;33m[pcl::PLYReader] Temp/Data/Pot_A/Pot_A_Piece_11_SampledWithNormals.ply:25: property 'float32 focal' of element 'camera' is not handled
[0;m[1;33m[pcl::PLYReader] Temp/Data/Pot_A/Pot_A_Piece_11_SampledWithNormals.ply:26: property 'float32 scalex' of element 'camera' is not handled
[0;m[1;33m[pcl::PLYReader] Temp/Data/Pot_A/Pot_A_Piece_11_SampledWithNormals.ply:27: property 'float32 scaley' of element 'camera' is not handled
[0;m[1;33m[pcl::PLYReader] Temp/Data/Pot_A/Pot_A_Piece_11_SampledWithNormals.ply:28: property 'float32 centerx' of element 'camera' is not handled
[0;m[1;33m[pcl::PLYReader] Temp/Data/Pot_A/Pot_A_Piece_11_SampledWithNormals.ply:29: property 'float32 centery' of element 'camera' is not handled
[0;m[1;33m[pcl::PLYReader] Temp/Data/Pot_A/Pot_A_Piece_11_SampledWithNormals.ply:32: property 'float32 k1' of element 'camera' is not handled
[0;m[1;33m[pcl::PLYReader] Temp/Data/Pot_A/Pot_A_Piece_11_SampledWithNormals.ply:33: property 'float32 k2' of element 'camera' is not handled
[0;m[1;33m[pcl::PLYReader] Temp/Data/Pot_A/Pot_A_Piece_11_unclustered.ply:25: property 'float32 focal' of element 'camera' is not handled
[0;m[1;33m[pcl::PLYReader] Temp/Data/Pot_A/Pot_A_Piece_11_unclustered.ply:26: property 'float32 scalex' of element 'camera' is not handled
[0;m[1;33m[pcl::PLYReader] Temp/Data/Pot_A/Pot_A_Piece_11_unclustered.ply:27: property 'float32 scaley' of element 'camera' is not handled
[0;m[1;33m[pcl::PLYReader] Temp/Data/Pot_A/Pot_A_Piece_11_unclustered.ply:28: property 'float32 centerx' of element 'camera' is not handled
[0;m[1;33m[pcl::PLYReader] Temp/Data/Pot_A/Pot_A_Piece_11_unclustered.ply:29: property 'float32 centery' of element 'camera' is not handled
[0;m[1;33m[pcl::PLYReader] Temp/Data/Pot_A/Pot_A_Piece_11_unclustered.ply:32: property 'float32 k1' of element 'camera' is not handled
[0;m[1;33m[pcl::PLYReader] Temp/Data/Pot_A/Pot_A_Piece_11_unclustered.ply:33: property 'float32 k2' of element 'camera' is not handled
[0;m[1;33m[pcl::PLYReader] Temp/Data/Pot_A/Pot_A_Piece_11_Surface_0.ply:25: property 'float32 focal' of element 'camera' is not handled
[0;m[1;33m[pcl::PLYReader] Temp/Data/Pot_A/Pot_A_Piece_11_Surface_0.ply:26: property 'float32 scalex' of element 'camera' is not handled
[0;m[1;33m[pcl::PLYReader] Temp/Data/Pot_A/Pot_A_Piece_11_Surface_0.ply:27: property 'float32 scaley' of element 'camera' is not handled
[0;m[1;33m[pcl::PLYReader] Temp/Data/Pot_A/Pot_A_Piece_11_Surface_0.ply:28: property 'float32 centerx' of element 'camera' is not handled
[0;m[1;33m[pcl::PLYReader] Temp/Data/Pot_A/Pot_A_Piece_11_Surface_0.ply:29: property 'float32 centery' of element 'camera' is not handled
[0;m[1;33m[pcl::PLYReader] Temp/Data/Pot_A/Pot_A_Piece_11_Surface_0.ply:32: property 'float32 k1' of element 'camera' is not handled
[0;m[1;33m[pcl::PLYReader] Temp/Data/Pot_A/Pot_A_Piece_11_Surface_0.ply:33: property 'float32 k2' of element 'camera' is not handled
[0;m[1;33m[pcl::PLYReader] Temp/Data/Pot_A/Pot_A_Piece_11_Surface_1.ply:25: property 'float32 focal' of element 'camera' is not handled
[0;m[1;33m[pcl::PLYReader] Temp/Data/Pot_A/Pot_A_Piece_11_Surface_1.ply:26: property 'float32 scalex' of element 'camera' is not handled
[0;m[1;33m[pcl::PLYReader] Temp/Data/Pot_A/Pot_A_Piece_11_Surface_1.ply:27: property 'float32 scaley' of element 'camera' is not handled
[0;m[1;33m[pcl::PLYReader] Temp/Data/Pot_A/Pot_A_Piece_11_Surface_1.ply:28: property 'float32 centerx' of element 'camera' is not handled
[0;m[1;33m[pcl::PLYReader] Temp/Data/Pot_A/Pot_A_Piece_11_Surface_1.ply:29: property 'float32 centery' of element 'camera' is not handled
[0;m[1;33m[pcl::PLYReader] Temp/Data/Pot_A/Pot_A_Piece_11_Surface_1.ply:32: property 'float32 k1' of element 'camera' is not handled
[0;m[1;33m[pcl::PLYReader] Temp/Data/Pot_A/Pot_A_Piece_11_Surface_1.ply:33: property 'float32 k2' of element 'camera' is not handled
[0;m[1;33m[pcl::PLYReader] Temp/Data/Pot_A/Pot_A_Piece_12_SampledWithNormals.ply:25: property 'float32 focal' of element 'camera' is not handled
[0;m[1;33m[pcl::PLYReader] Temp/Data/Pot_A/Pot_A_Piece_12_SampledWithNormals.ply:26: property 'float32 scalex' of element 'camera' is not handled
[0;m[1;33m[pcl::PLYReader] Temp/Data/Pot_A/Pot_A_Piece_12_SampledWithNormals.ply:27: property 'float32 scaley' of element 'camera' is not handled
[0;m[1;33m[pcl::PLYReader] Temp/Data/Pot_A/Pot_A_Piece_12_SampledWithNormals.ply:28: property 'float32 centerx' of element 'camera' is not handled
[0;m[1;33m[pcl::PLYReader] Temp/Data/Pot_A/Pot_A_Piece_12_SampledWithNormals.ply:29: property 'float32 centery' of element 'camera' is not handled
[0;m[1;33m[pcl::PLYReader] Temp/Data/Pot_A/Pot_A_Piece_12_SampledWithNormals.ply:32: property 'float32 k1' of element 'camera' is not handled
[0;m[1;33m[pcl::PLYReader] Temp/Data/Pot_A/Pot_A_Piece_12_SampledWithNormals.ply:33: property 'float32 k2' of element 'camera' is not handled
[0;m[1;33m[pcl::PLYReader] Temp/Data/Pot_A/Pot_A_Piece_12_unclustered.ply:25: property 'float32 focal' of element 'camera' is not handled
[0;m[1;33m[pcl::PLYReader] Temp/Data/Pot_A/Pot_A_Piece_12_unclustered.ply:26: property 'float32 scalex' of element 'camera' is not handled
[0;m[1;33m[pcl::PLYReader] Temp/Data/Pot_A/Pot_A_Piece_12_unclustered.ply:27: property 'float32 scaley' of element 'camera' is not handled
[0;m[1;33m[pcl::PLYReader] Temp/Data/Pot_A/Pot_A_Piece_12_unclustered.ply:28: property 'float32 centerx' of element 'camera' is not handled
[0;m[1;33m[pcl::PLYReader] Temp/Data/Pot_A/Pot_A_Piece_12_unclustered.ply:29: property 'float32 centery' of element 'camera' is not handled
[0;m[1;33m[pcl::PLYReader] Temp/Data/Pot_A/Pot_A_Piece_12_unclustered.ply:32: property 'float32 k1' of element 'camera' is not handled
[0;m[1;33m[pcl::PLYReader] Temp/Data/Pot_A/Pot_A_Piece_12_unclustered.ply:33: property 'float32 k2' of element 'camera' is not handled
[0;m[1;33m[pcl::PLYReader] Temp/Data/Pot_A/Pot_A_Piece_12_Surface_0.ply:25: property 'float32 focal' of element 'camera' is not handled
[0;m[1;33m[pcl::PLYReader] Temp/Data/Pot_A/Pot_A_Piece_12_Surface_0.ply:26: property 'float32 scalex' of element 'camera' is not handled
[0;m[1;33m[pcl::PLYReader] Temp/Data/Pot_A/Pot_A_Piece_12_Surface_0.ply:27: property 'float32 scaley' of element 'camera' is not handled
[0;m[1;33m[pcl::PLYReader] Temp/Data/Pot_A/Pot_A_Piece_12_Surface_0.ply:28: property 'float32 centerx' of element 'camera' is not handled
[0;m[1;33m[pcl::PLYReader] Temp/Data/Pot_A/Pot_A_Piece_12_Surface_0.ply:29: property 'float32 centery' of element 'camera' is not handled
[0;m[1;33m[pcl::PLYReader] Temp/Data/Pot_A/Pot_A_Piece_12_Surface_0.ply:32: property 'float32 k1' of element 'camera' is not handled
[0;m[1;33m[pcl::PLYReader] Temp/Data/Pot_A/Pot_A_Piece_12_Surface_0.ply:33: property 'float32 k2' of element 'camera' is not handled
[0;m[1;33m[pcl::PLYReader] Temp/Data/Pot_A/Pot_A_Piece_12_Surface_1.ply:25: property 'float32 focal' of element 'camera' is not handled
[0;m[1;33m[pcl::PLYReader] Temp/Data/Pot_A/Pot_A_Piece_12_Surface_1.ply:26: property 'float32 scalex' of element 'camera' is not handled
[0;m[1;33m[pcl::PLYReader] Temp/Data/Pot_A/Pot_A_Piece_12_Surface_1.ply:27: property 'float32 scaley' of element 'camera' is not handled
[0;m[1;33m[pcl::PLYReader] Temp/Data/Pot_A/Pot_A_Piece_12_Surface_1.ply:28: property 'float32 centerx' of element 'camera' is not handled
[0;m[1;33m[pcl::PLYReader] Temp/Data/Pot_A/Pot_A_Piece_12_Surface_1.ply:29: property 'float32 centery' of element 'camera' is not handled
[0;m[1;33m[pcl::PLYReader] Temp/Data/Pot_A/Pot_A_Piece_12_Surface_1.ply:32: property 'float32 k1' of element 'camera' is not handled
[0;m[1;33m[pcl::PLYReader] Temp/Data/Pot_A/Pot_A_Piece_12_Surface_1.ply:33: property 'float32 k2' of element 'camera' is not handled
[0;m[1;33m[pcl::PLYReader] Temp/Data/Pot_A/Pot_A_Piece_13_SampledWithNormals.ply:25: property 'float32 focal' of element 'camera' is not handled
[0;m[1;33m[pcl::PLYReader] Temp/Data/Pot_A/Pot_A_Piece_13_SampledWithNormals.ply:26: property 'float32 scalex' of element 'camera' is not handled
[0;m[1;33m[pcl::PLYReader] Temp/Data/Pot_A/Pot_A_Piece_13_SampledWithNormals.ply:27: property 'float32 scaley' of element 'camera' is not handled
[0;m[1;33m[pcl::PLYReader] Temp/Data/Pot_A/Pot_A_Piece_13_SampledWithNormals.ply:28: property 'float32 centerx' of element 'camera' is not handled
[0;m[1;33m[pcl::PLYReader] Temp/Data/Pot_A/Pot_A_Piece_13_SampledWithNormals.ply:29: property 'float32 centery' of element 'camera' is not handled
[0;m[1;33m[pcl::PLYReader] Temp/Data/Pot_A/Pot_A_Piece_13_SampledWithNormals.ply:32: property 'float32 k1' of element 'camera' is not handled
[0;m[1;33m[pcl::PLYReader] Temp/Data/Pot_A/Pot_A_Piece_13_SampledWithNormals.ply:33: property 'float32 k2' of element 'camera' is not handled
[0;m[1;33m[pcl::PLYReader] Temp/Data/Pot_A/Pot_A_Piece_13_unclustered.ply:25: property 'float32 focal' of element 'camera' is not handled
[0;m[1;33m[pcl::PLYReader] Temp/Data/Pot_A/Pot_A_Piece_13_unclustered.ply:26: property 'float32 scalex' of element 'camera' is not handled
[0;m[1;33m[pcl::PLYReader] Temp/Data/Pot_A/Pot_A_Piece_13_unclustered.ply:27: property 'float32 scaley' of element 'camera' is not handled
[0;m[1;33m[pcl::PLYReader] Temp/Data/Pot_A/Pot_A_Piece_13_unclustered.ply:28: property 'float32 centerx' of element 'camera' is not handled
[0;m[1;33m[pcl::PLYReader] Temp/Data/Pot_A/Pot_A_Piece_13_unclustered.ply:29: property 'float32 centery' of element 'camera' is not handled
[0;m[1;33m[pcl::PLYReader] Temp/Data/Pot_A/Pot_A_Piece_13_unclustered.ply:32: property 'float32 k1' of element 'camera' is not handled
[0;m[1;33m[pcl::PLYReader] Temp/Data/Pot_A/Pot_A_Piece_13_unclustered.ply:33: property 'float32 k2' of element 'camera' is not handled
[0;m[1;33m[pcl::PLYReader] Temp/Data/Pot_A/Pot_A_Piece_13_Surface_0.ply:25: property 'float32 focal' of element 'camera' is not handled
[0;m[1;33m[pcl::PLYReader] Temp/Data/Pot_A/Pot_A_Piece_13_Surface_0.ply:26: property 'float32 scalex' of element 'camera' is not handled
[0;m[1;33m[pcl::PLYReader] Temp/Data/Pot_A/Pot_A_Piece_13_Surface_0.ply:27: property 'float32 scaley' of element 'camera' is not handled
[0;m[1;33m[pcl::PLYReader] Temp/Data/Pot_A/Pot_A_Piece_13_Surface_0.ply:28: property 'float32 centerx' of element 'camera' is not handled
[0;m[1;33m[pcl::PLYReader] Temp/Data/Pot_A/Pot_A_Piece_13_Surface_0.ply:29: property 'float32 centery' of element 'camera' is not handled
[0;m[1;33m[pcl::PLYReader] Temp/Data/Pot_A/Pot_A_Piece_13_Surface_0.ply:32: property 'float32 k1' of element 'camera' is not handled
[0;m[1;33m[pcl::PLYReader] Temp/Data/Pot_A/Pot_A_Piece_13_Surface_0.ply:33: property 'float32 k2' of element 'camera' is not handled
[0;m[1;33m[pcl::PLYReader] Temp/Data/Pot_A/Pot_A_Piece_13_Surface_1.ply:25: property 'float32 focal' of element 'camera' is not handled
[0;m[1;33m[pcl::PLYReader] Temp/Data/Pot_A/Pot_A_Piece_13_Surface_1.ply:26: property 'float32 scalex' of element 'camera' is not handled
[0;m[1;33m[pcl::PLYReader] Temp/Data/Pot_A/Pot_A_Piece_13_Surface_1.ply:27: property 'float32 scaley' of element 'camera' is not handled
[0;m[1;33m[pcl::PLYReader] Temp/Data/Pot_A/Pot_A_Piece_13_Surface_1.ply:28: property 'float32 centerx' of element 'camera' is not handled
[0;m[1;33m[pcl::PLYReader] Temp/Data/Pot_A/Pot_A_Piece_13_Surface_1.ply:29: property 'float32 centery' of element 'camera' is not handled
[0;m[1;33m[pcl::PLYReader] Temp/Data/Pot_A/Pot_A_Piece_13_Surface_1.ply:32: property 'float32 k1' of element 'camera' is not handled
[0;m[1;33m[pcl::PLYReader] Temp/Data/Pot_A/Pot_A_Piece_13_Surface_1.ply:33: property 'float32 k2' of element 'camera' is not handled
[0;m[1;33m[pcl::PLYReader] Temp/Data/Pot_A/Pot_A_Piece_14_SampledWithNormals.ply:25: property 'float32 focal' of element 'camera' is not handled
[0;m[1;33m[pcl::PLYReader] Temp/Data/Pot_A/Pot_A_Piece_14_SampledWithNormals.ply:26: property 'float32 scalex' of element 'camera' is not handled
[0;m[1;33m[pcl::PLYReader] Temp/Data/Pot_A/Pot_A_Piece_14_SampledWithNormals.ply:27: property 'float32 scaley' of element 'camera' is not handled
[0;m[1;33m[pcl::PLYReader] Temp/Data/Pot_A/Pot_A_Piece_14_SampledWithNormals.ply:28: property 'float32 centerx' of element 'camera' is not handled
[0;m[1;33m[pcl::PLYReader] Temp/Data/Pot_A/Pot_A_Piece_14_SampledWithNormals.ply:29: property 'float32 centery' of element 'camera' is not handled
[0;m[1;33m[pcl::PLYReader] Temp/Data/Pot_A/Pot_A_Piece_14_SampledWithNormals.ply:32: property 'float32 k1' of element 'camera' is not handled
[0;m[1;33m[pcl::PLYReader] Temp/Data/Pot_A/Pot_A_Piece_14_SampledWithNormals.ply:33: property 'float32 k2' of element 'camera' is not handled
[0;m[1;33m[pcl::PLYReader] Temp/Data/Pot_A/Pot_A_Piece_14_unclustered.ply:25: property 'float32 focal' of element 'camera' is not handled
[0;m[1;33m[pcl::PLYReader] Temp/Data/Pot_A/Pot_A_Piece_14_unclustered.ply:26: property 'float32 scalex' of element 'camera' is not handled
[0;m[1;33m[pcl::PLYReader] Temp/Data/Pot_A/Pot_A_Piece_14_unclustered.ply:27: property 'float32 scaley' of element 'camera' is not handled
[0;m[1;33m[pcl::PLYReader] Temp/Data/Pot_A/Pot_A_Piece_14_unclustered.ply:28: property 'float32 centerx' of element 'camera' is not handled
[0;m[1;33m[pcl::PLYReader] Temp/Data/Pot_A/Pot_A_Piece_14_unclustered.ply:29: property 'float32 centery' of element 'camera' is not handled
[0;m[1;33m[pcl::PLYReader] Temp/Data/Pot_A/Pot_A_Piece_14_unclustered.ply:32: property 'float32 k1' of element 'camera' is not handled
[0;m[1;33m[pcl::PLYReader] Temp/Data/Pot_A/Pot_A_Piece_14_unclustered.ply:33: property 'float32 k2' of element 'camera' is not handled
[0;m[1;33m[pcl::PLYReader] Temp/Data/Pot_A/Pot_A_Piece_14_Surface_0.ply:25: property 'float32 focal' of element 'camera' is not handled
[0;m[1;33m[pcl::PLYReader] Temp/Data/Pot_A/Pot_A_Piece_14_Surface_0.ply:26: property 'float32 scalex' of element 'camera' is not handled
[0;m[1;33m[pcl::PLYReader] Temp/Data/Pot_A/Pot_A_Piece_14_Surface_0.ply:27: property 'float32 scaley' of element 'camera' is not handled
[0;m[1;33m[pcl::PLYReader] Temp/Data/Pot_A/Pot_A_Piece_14_Surface_0.ply:28: property 'float32 centerx' of element 'camera' is not handled
[0;m[1;33m[pcl::PLYReader] Temp/Data/Pot_A/Pot_A_Piece_14_Surface_0.ply:29: property 'float32 centery' of element 'camera' is not handled
[0;m[1;33m[pcl::PLYReader] Temp/Data/Pot_A/Pot_A_Piece_14_Surface_0.ply:32: property 'float32 k1' of element 'camera' is not handled
[0;m[1;33m[pcl::PLYReader] Temp/Data/Pot_A/Pot_A_Piece_14_Surface_0.ply:33: property 'float32 k2' of element 'camera' is not handled
[0;m[1;33m[pcl::PLYReader] Temp/Data/Pot_A/Pot_A_Piece_14_Surface_1.ply:25: property 'float32 focal' of element 'camera' is not handled
[0;m[1;33m[pcl::PLYReader] Temp/Data/Pot_A/Pot_A_Piece_14_Surface_1.ply:26: property 'float32 scalex' of element 'camera' is not handled
[0;m[1;33m[pcl::PLYReader] Temp/Data/Pot_A/Pot_A_Piece_14_Surface_1.ply:27: property 'float32 scaley' of element 'camera' is not handled
[0;m[1;33m[pcl::PLYReader] Temp/Data/Pot_A/Pot_A_Piece_14_Surface_1.ply:28: property 'float32 centerx' of element 'camera' is not handled
[0;m[1;33m[pcl::PLYReader] Temp/Data/Pot_A/Pot_A_Piece_14_Surface_1.ply:29: property 'float32 centery' of element 'camera' is not handled
[0;m[1;33m[pcl::PLYReader] Temp/Data/Pot_A/Pot_A_Piece_14_Surface_1.ply:32: property 'float32 k1' of element 'camera' is not handled
[0;m[1;33m[pcl::PLYReader] Temp/Data/Pot_A/Pot_A_Piece_14_Surface_1.ply:33: property 'float32 k2' of element 'camera' is not handled
[0;m[1;33m[pcl::PLYReader] Temp/Data/Pot_A/Pot_A_Piece_15_SampledWithNormals.ply:25: property 'float32 focal' of element 'camera' is not handled
[0;m[1;33m[pcl::PLYReader] Temp/Data/Pot_A/Pot_A_Piece_15_SampledWithNormals.ply:26: property 'float32 scalex' of element 'camera' is not handled
[0;m[1;33m[pcl::PLYReader] Temp/Data/Pot_A/Pot_A_Piece_15_SampledWithNormals.ply:27: property 'float32 scaley' of element 'camera' is not handled
[0;m[1;33m[pcl::PLYReader] Temp/Data/Pot_A/Pot_A_Piece_15_SampledWithNormals.ply:28: property 'float32 centerx' of element 'camera' is not handled
[0;m[1;33m[pcl::PLYReader] Temp/Data/Pot_A/Pot_A_Piece_15_SampledWithNormals.ply:29: property 'float32 centery' of element 'camera' is not handled
[0;m[1;33m[pcl::PLYReader] Temp/Data/Pot_A/Pot_A_Piece_15_SampledWithNormals.ply:32: property 'float32 k1' of element 'camera' is not handled
[0;m[1;33m[pcl::PLYReader] Temp/Data/Pot_A/Pot_A_Piece_15_SampledWithNormals.ply:33: property 'float32 k2' of element 'camera' is not handled
[0;m[1;33m[pcl::PLYReader] Temp/Data/Pot_A/Pot_A_Piece_15_unclustered.ply:25: property 'float32 focal' of element 'camera' is not handled
[0;m[1;33m[pcl::PLYReader] Temp/Data/Pot_A/Pot_A_Piece_15_unclustered.ply:26: property 'float32 scalex' of element 'camera' is not handled
[0;m[1;33m[pcl::PLYReader] Temp/Data/Pot_A/Pot_A_Piece_15_unclustered.ply:27: property 'float32 scaley' of element 'camera' is not handled
[0;m[1;33m[pcl::PLYReader] Temp/Data/Pot_A/Pot_A_Piece_15_unclustered.ply:28: property 'float32 centerx' of element 'camera' is not handled
[0;m[1;33m[pcl::PLYReader] Temp/Data/Pot_A/Pot_A_Piece_15_unclustered.ply:29: property 'float32 centery' of element 'camera' is not handled
[0;m[1;33m[pcl::PLYReader] Temp/Data/Pot_A/Pot_A_Piece_15_unclustered.ply:32: property 'float32 k1' of element 'camera' is not handled
[0;m[1;33m[pcl::PLYReader] Temp/Data/Pot_A/Pot_A_Piece_15_unclustered.ply:33: property 'float32 k2' of element 'camera' is not handled
[0;m[1;33m[pcl::PLYReader] Temp/Data/Pot_A/Pot_A_Piece_15_Surface_0.ply:25: property 'float32 focal' of element 'camera' is not handled
[0;m[1;33m[pcl::PLYReader] Temp/Data/Pot_A/Pot_A_Piece_15_Surface_0.ply:26: property 'float32 scalex' of element 'camera' is not handled
[0;m[1;33m[pcl::PLYReader] Temp/Data/Pot_A/Pot_A_Piece_15_Surface_0.ply:27: property 'float32 scaley' of element 'camera' is not handled
[0;m[1;33m[pcl::PLYReader] Temp/Data/Pot_A/Pot_A_Piece_15_Surface_0.ply:28: property 'float32 centerx' of element 'camera' is not handled
[0;m[1;33m[pcl::PLYReader] Temp/Data/Pot_A/Pot_A_Piece_15_Surface_0.ply:29: property 'float32 centery' of element 'camera' is not handled
[0;m[1;33m[pcl::PLYReader] Temp/Data/Pot_A/Pot_A_Piece_15_Surface_0.ply:32: property 'float32 k1' of element 'camera' is not handled
[0;m[1;33m[pcl::PLYReader] Temp/Data/Pot_A/Pot_A_Piece_15_Surface_0.ply:33: property 'float32 k2' of element 'camera' is not handled
[0;m[1;33m[pcl::PLYReader] Temp/Data/Pot_A/Pot_A_Piece_15_Surface_1.ply:25: property 'float32 focal' of element 'camera' is not handled
[0;m[1;33m[pcl::PLYReader] Temp/Data/Pot_A/Pot_A_Piece_15_Surface_1.ply:26: property 'float32 scalex' of element 'camera' is not handled
[0;m[1;33m[pcl::PLYReader] Temp/Data/Pot_A/Pot_A_Piece_15_Surface_1.ply:27: property 'float32 scaley' of element 'camera' is not handled
[0;m[1;33m[pcl::PLYReader] Temp/Data/Pot_A/Pot_A_Piece_15_Surface_1.ply:28: property 'float32 centerx' of element 'camera' is not handled
[0;m[1;33m[pcl::PLYReader] Temp/Data/Pot_A/Pot_A_Piece_15_Surface_1.ply:29: property 'float32 centery' of element 'camera' is not handled
[0;m[1;33m[pcl::PLYReader] Temp/Data/Pot_A/Pot_A_Piece_15_Surface_1.ply:32: property 'float32 k1' of element 'camera' is not handled
[0;m[1;33m[pcl::PLYReader] Temp/Data/Pot_A/Pot_A_Piece_15_Surface_1.ply:33: property 'float32 k2' of element 'camera' is not handled
[0;m[1;33m[pcl::PLYReader] Temp/Data/Pot_A/Pot_A_Piece_16_SampledWithNormals.ply:25: property 'float32 focal' of element 'camera' is not handled
[0;m[1;33m[pcl::PLYReader] Temp/Data/Pot_A/Pot_A_Piece_16_SampledWithNormals.ply:26: property 'float32 scalex' of element 'camera' is not handled
[0;m[1;33m[pcl::PLYReader] Temp/Data/Pot_A/Pot_A_Piece_16_SampledWithNormals.ply:27: property 'float32 scaley' of element 'camera' is not handled
[0;m[1;33m[pcl::PLYReader] Temp/Data/Pot_A/Pot_A_Piece_16_SampledWithNormals.ply:28: property 'float32 centerx' of element 'camera' is not handled
[0;m[1;33m[pcl::PLYReader] Temp/Data/Pot_A/Pot_A_Piece_16_SampledWithNormals.ply:29: property 'float32 centery' of element 'camera' is not handled
[0;m[1;33m[pcl::PLYReader] Temp/Data/Pot_A/Pot_A_Piece_16_SampledWithNormals.ply:32: property 'float32 k1' of element 'camera' is not handled
[0;m[1;33m[pcl::PLYReader] Temp/Data/Pot_A/Pot_A_Piece_16_SampledWithNormals.ply:33: property 'float32 k2' of element 'camera' is not handled
[0;m[1;33m[pcl::PLYReader] Temp/Data/Pot_A/Pot_A_Piece_16_unclustered.ply:25: property 'float32 focal' of element 'camera' is not handled
[0;m[1;33m[pcl::PLYReader] Temp/Data/Pot_A/Pot_A_Piece_16_unclustered.ply:26: property 'float32 scalex' of element 'camera' is not handled
[0;m[1;33m[pcl::PLYReader] Temp/Data/Pot_A/Pot_A_Piece_16_unclustered.ply:27: property 'float32 scaley' of element 'camera' is not handled
[0;m[1;33m[pcl::PLYReader] Temp/Data/Pot_A/Pot_A_Piece_16_unclustered.ply:28: property 'float32 centerx' of element 'camera' is not handled
[0;m[1;33m[pcl::PLYReader] Temp/Data/Pot_A/Pot_A_Piece_16_unclustered.ply:29: property 'float32 centery' of element 'camera' is not handled
[0;m[1;33m[pcl::PLYReader] Temp/Data/Pot_A/Pot_A_Piece_16_unclustered.ply:32: property 'float32 k1' of element 'camera' is not handled
[0;m[1;33m[pcl::PLYReader] Temp/Data/Pot_A/Pot_A_Piece_16_unclustered.ply:33: property 'float32 k2' of element 'camera' is not handled
[0;m[1;33m[pcl::PLYReader] Temp/Data/Pot_A/Pot_A_Piece_16_Surface_0.ply:25: property 'float32 focal' of element 'camera' is not handled
[0;m[1;33m[pcl::PLYReader] Temp/Data/Pot_A/Pot_A_Piece_16_Surface_0.ply:26: property 'float32 scalex' of element 'camera' is not handled
[0;m[1;33m[pcl::PLYReader] Temp/Data/Pot_A/Pot_A_Piece_16_Surface_0.ply:27: property 'float32 scaley' of element 'camera' is not handled
[0;m[1;33m[pcl::PLYReader] Temp/Data/Pot_A/Pot_A_Piece_16_Surface_0.ply:28: property 'float32 centerx' of element 'camera' is not handled
[0;m[1;33m[pcl::PLYReader] Temp/Data/Pot_A/Pot_A_Piece_16_Surface_0.ply:29: property 'float32 centery' of element 'camera' is not handled
[0;m[1;33m[pcl::PLYReader] Temp/Data/Pot_A/Pot_A_Piece_16_Surface_0.ply:32: property 'float32 k1' of element 'camera' is not handled
[0;m[1;33m[pcl::PLYReader] Temp/Data/Pot_A/Pot_A_Piece_16_Surface_0.ply:33: property 'float32 k2' of element 'camera' is not handled
[0;m[1;33m[pcl::PLYReader] Temp/Data/Pot_A/Pot_A_Piece_16_Surface_1.ply:25: property 'float32 focal' of element 'camera' is not handled
[0;m[1;33m[pcl::PLYReader] Temp/Data/Pot_A/Pot_A_Piece_16_Surface_1.ply:26: property 'float32 scalex' of element 'camera' is not handled
[0;m[1;33m[pcl::PLYReader] Temp/Data/Pot_A/Pot_A_Piece_16_Surface_1.ply:27: property 'float32 scaley' of element 'camera' is not handled
[0;m[1;33m[pcl::PLYReader] Temp/Data/Pot_A/Pot_A_Piece_16_Surface_1.ply:28: property 'float32 centerx' of element 'camera' is not handled
[0;m[1;33m[pcl::PLYReader] Temp/Data/Pot_A/Pot_A_Piece_16_Surface_1.ply:29: property 'float32 centery' of element 'camera' is not handled
[0;m[1;33m[pcl::PLYReader] Temp/Data/Pot_A/Pot_A_Piece_16_Surface_1.ply:32: property 'float32 k1' of element 'camera' is not handled
[0;m[1;33m[pcl::PLYReader] Temp/Data/Pot_A/Pot_A_Piece_16_Surface_1.ply:33: property 'float32 k2' of element 'camera' is not handled
[0;m[1;33m[pcl::PLYReader] Temp/Data/Pot_A/Pot_A_Piece_17_SampledWithNormals.ply:25: property 'float32 focal' of element 'camera' is not handled
[0;m[1;33m[pcl::PLYReader] Temp/Data/Pot_A/Pot_A_Piece_17_SampledWithNormals.ply:26: property 'float32 scalex' of element 'camera' is not handled
[0;m[1;33m[pcl::PLYReader] Temp/Data/Pot_A/Pot_A_Piece_17_SampledWithNormals.ply:27: property 'float32 scaley' of element 'camera' is not handled
[0;m[1;33m[pcl::PLYReader] Temp/Data/Pot_A/Pot_A_Piece_17_SampledWithNormals.ply:28: property 'float32 centerx' of element 'camera' is not handled
[0;m[1;33m[pcl::PLYReader] Temp/Data/Pot_A/Pot_A_Piece_17_SampledWithNormals.ply:29: property 'float32 centery' of element 'camera' is not handled
[0;m[1;33m[pcl::PLYReader] Temp/Data/Pot_A/Pot_A_Piece_17_SampledWithNormals.ply:32: property 'float32 k1' of element 'camera' is not handled
[0;m[1;33m[pcl::PLYReader] Temp/Data/Pot_A/Pot_A_Piece_17_SampledWithNormals.ply:33: property 'float32 k2' of element 'camera' is not handled
[0;m[1;33m[pcl::PLYReader] Temp/Data/Pot_A/Pot_A_Piece_17_unclustered.ply:25: property 'float32 focal' of element 'camera' is not handled
[0;m[1;33m[pcl::PLYReader] Temp/Data/Pot_A/Pot_A_Piece_17_unclustered.ply:26: property 'float32 scalex' of element 'camera' is not handled
[0;m[1;33m[pcl::PLYReader] Temp/Data/Pot_A/Pot_A_Piece_17_unclustered.ply:27: property 'float32 scaley' of element 'camera' is not handled
[0;m[1;33m[pcl::PLYReader] Temp/Data/Pot_A/Pot_A_Piece_17_unclustered.ply:28: property 'float32 centerx' of element 'camera' is not handled
[0;m[1;33m[pcl::PLYReader] Temp/Data/Pot_A/Pot_A_Piece_17_unclustered.ply:29: property 'float32 centery' of element 'camera' is not handled
[0;m[1;33m[pcl::PLYReader] Temp/Data/Pot_A/Pot_A_Piece_17_unclustered.ply:32: property 'float32 k1' of element 'camera' is not handled
[0;m[1;33m[pcl::PLYReader] Temp/Data/Pot_A/Pot_A_Piece_17_unclustered.ply:33: property 'float32 k2' of element 'camera' is not handled
[0;m[1;33m[pcl::PLYReader] Temp/Data/Pot_A/Pot_A_Piece_17_Surface_0.ply:25: property 'float32 focal' of element 'camera' is not handled
[0;m[1;33m[pcl::PLYReader] Temp/Data/Pot_A/Pot_A_Piece_17_Surface_0.ply:26: property 'float32 scalex' of element 'camera' is not handled
[0;m[1;33m[pcl::PLYReader] Temp/Data/Pot_A/Pot_A_Piece_17_Surface_0.ply:27: property 'float32 scaley' of element 'camera' is not handled
[0;m[1;33m[pcl::PLYReader] Temp/Data/Pot_A/Pot_A_Piece_17_Surface_0.ply:28: property 'float32 centerx' of element 'camera' is not handled
[0;m[1;33m[pcl::PLYReader] Temp/Data/Pot_A/Pot_A_Piece_17_Surface_0.ply:29: property 'float32 centery' of element 'camera' is not handled
[0;m[1;33m[pcl::PLYReader] Temp/Data/Pot_A/Pot_A_Piece_17_Surface_0.ply:32: property 'float32 k1' of element 'camera' is not handled
[0;m[1;33m[pcl::PLYReader] Temp/Data/Pot_A/Pot_A_Piece_17_Surface_0.ply:33: property 'float32 k2' of element 'camera' is not handled
[0;m[1;33m[pcl::PLYReader] Temp/Data/Pot_A/Pot_A_Piece_17_Surface_1.ply:25: property 'float32 focal' of element 'camera' is not handled
[0;m[1;33m[pcl::PLYReader] Temp/Data/Pot_A/Pot_A_Piece_17_Surface_1.ply:26: property 'float32 scalex' of element 'camera' is not handled
[0;m[1;33m[pcl::PLYReader] Temp/Data/Pot_A/Pot_A_Piece_17_Surface_1.ply:27: property 'float32 scaley' of element 'camera' is not handled
[0;m[1;33m[pcl::PLYReader] Temp/Data/Pot_A/Pot_A_Piece_17_Surface_1.ply:28: property 'float32 centerx' of element 'camera' is not handled
[0;m[1;33m[pcl::PLYReader] Temp/Data/Pot_A/Pot_A_Piece_17_Surface_1.ply:29: property 'float32 centery' of element 'camera' is not handled
[0;m[1;33m[pcl::PLYReader] Temp/Data/Pot_A/Pot_A_Piece_17_Surface_1.ply:32: property 'float32 k1' of element 'camera' is not handled
[0;m[1;33m[pcl::PLYReader] Temp/Data/Pot_A/Pot_A_Piece_17_Surface_1.ply:33: property 'float32 k2' of element 'camera' is not handled
[0;m[1;33m[pcl::PLYReader] Temp/Data/Pot_A/Pot_A_Piece_18_SampledWithNormals.ply:25: property 'float32 focal' of element 'camera' is not handled
[0;m[1;33m[pcl::PLYReader] Temp/Data/Pot_A/Pot_A_Piece_18_SampledWithNormals.ply:26: property 'float32 scalex' of element 'camera' is not handled
[0;m[1;33m[pcl::PLYReader] Temp/Data/Pot_A/Pot_A_Piece_18_SampledWithNormals.ply:27: property 'float32 scaley' of element 'camera' is not handled
[0;m[1;33m[pcl::PLYReader] Temp/Data/Pot_A/Pot_A_Piece_18_SampledWithNormals.ply:28: property 'float32 centerx' of element 'camera' is not handled
[0;m[1;33m[pcl::PLYReader] Temp/Data/Pot_A/Pot_A_Piece_18_SampledWithNormals.ply:29: property 'float32 centery' of element 'camera' is not handled
[0;m[1;33m[pcl::PLYReader] Temp/Data/Pot_A/Pot_A_Piece_18_SampledWithNormals.ply:32: property 'float32 k1' of element 'camera' is not handled
[0;m[1;33m[pcl::PLYReader] Temp/Data/Pot_A/Pot_A_Piece_18_SampledWithNormals.ply:33: property 'float32 k2' of element 'camera' is not handled
[0;m[1;33m[pcl::PLYReader] Temp/Data/Pot_A/Pot_A_Piece_18_unclustered.ply:25: property 'float32 focal' of element 'camera' is not handled
[0;m[1;33m[pcl::PLYReader] Temp/Data/Pot_A/Pot_A_Piece_18_unclustered.ply:26: property 'float32 scalex' of element 'camera' is not handled
[0;m[1;33m[pcl::PLYReader] Temp/Data/Pot_A/Pot_A_Piece_18_unclustered.ply:27: property 'float32 scaley' of element 'camera' is not handled
[0;m[1;33m[pcl::PLYReader] Temp/Data/Pot_A/Pot_A_Piece_18_unclustered.ply:28: property 'float32 centerx' of element 'camera' is not handled
[0;m[1;33m[pcl::PLYReader] Temp/Data/Pot_A/Pot_A_Piece_18_unclustered.ply:29: property 'float32 centery' of element 'camera' is not handled
[0;m[1;33m[pcl::PLYReader] Temp/Data/Pot_A/Pot_A_Piece_18_unclustered.ply:32: property 'float32 k1' of element 'camera' is not handled
[0;m[1;33m[pcl::PLYReader] Temp/Data/Pot_A/Pot_A_Piece_18_unclustered.ply:33: property 'float32 k2' of element 'camera' is not handled
[0;m[1;33m[pcl::PLYReader] Temp/Data/Pot_A/Pot_A_Piece_18_Surface_0.ply:25: property 'float32 focal' of element 'camera' is not handled
[0;m[1;33m[pcl::PLYReader] Temp/Data/Pot_A/Pot_A_Piece_18_Surface_0.ply:26: property 'float32 scalex' of element 'camera' is not handled
[0;m[1;33m[pcl::PLYReader] Temp/Data/Pot_A/Pot_A_Piece_18_Surface_0.ply:27: property 'float32 scaley' of element 'camera' is not handled
[0;m[1;33m[pcl::PLYReader] Temp/Data/Pot_A/Pot_A_Piece_18_Surface_0.ply:28: property 'float32 centerx' of element 'camera' is not handled
[0;m[1;33m[pcl::PLYReader] Temp/Data/Pot_A/Pot_A_Piece_18_Surface_0.ply:29: property 'float32 centery' of element 'camera' is not handled
[0;m[1;33m[pcl::PLYReader] Temp/Data/Pot_A/Pot_A_Piece_18_Surface_0.ply:32: property 'float32 k1' of element 'camera' is not handled
[0;m[1;33m[pcl::PLYReader] Temp/Data/Pot_A/Pot_A_Piece_18_Surface_0.ply:33: property 'float32 k2' of element 'camera' is not handled
[0;m[1;33m[pcl::PLYReader] Temp/Data/Pot_A/Pot_A_Piece_18_Surface_1.ply:25: property 'float32 focal' of element 'camera' is not handled
[0;m[1;33m[pcl::PLYReader] Temp/Data/Pot_A/Pot_A_Piece_18_Surface_1.ply:26: property 'float32 scalex' of element 'camera' is not handled
[0;m[1;33m[pcl::PLYReader] Temp/Data/Pot_A/Pot_A_Piece_18_Surface_1.ply:27: property 'float32 scaley' of element 'camera' is not handled
[0;m[1;33m[pcl::PLYReader] Temp/Data/Pot_A/Pot_A_Piece_18_Surface_1.ply:28: property 'float32 centerx' of element 'camera' is not handled
[0;m[1;33m[pcl::PLYReader] Temp/Data/Pot_A/Pot_A_Piece_18_Surface_1.ply:29: property 'float32 centery' of element 'camera' is not handled
[0;m[1;33m[pcl::PLYReader] Temp/Data/Pot_A/Pot_A_Piece_18_Surface_1.ply:32: property 'float32 k1' of element 'camera' is not handled
[0;m[1;33m[pcl::PLYReader] Temp/Data/Pot_A/Pot_A_Piece_18_Surface_1.ply:33: property 'float32 k2' of element 'camera' is not handled
[0;m[1;33m[pcl::PLYReader] Temp/Data/Pot_A/Pot_A_Piece_19_SampledWithNormals.ply:25: property 'float32 focal' of element 'camera' is not handled
[0;m[1;33m[pcl::PLYReader] Temp/Data/Pot_A/Pot_A_Piece_19_SampledWithNormals.ply:26: property 'float32 scalex' of element 'camera' is not handled
[0;m[1;33m[pcl::PLYReader] Temp/Data/Pot_A/Pot_A_Piece_19_SampledWithNormals.ply:27: property 'float32 scaley' of element 'camera' is not handled
[0;m[1;33m[pcl::PLYReader] Temp/Data/Pot_A/Pot_A_Piece_19_SampledWithNormals.ply:28: property 'float32 centerx' of element 'camera' is not handled
[0;m[1;33m[pcl::PLYReader] Temp/Data/Pot_A/Pot_A_Piece_19_SampledWithNormals.ply:29: property 'float32 centery' of element 'camera' is not handled
[0;m[1;33m[pcl::PLYReader] Temp/Data/Pot_A/Pot_A_Piece_19_SampledWithNormals.ply:32: property 'float32 k1' of element 'camera' is not handled
[0;m[1;33m[pcl::PLYReader] Temp/Data/Pot_A/Pot_A_Piece_19_SampledWithNormals.ply:33: property 'float32 k2' of element 'camera' is not handled
[0;m[1;33m[pcl::PLYReader] Temp/Data/Pot_A/Pot_A_Piece_19_unclustered.ply:25: property 'float32 focal' of element 'camera' is not handled
[0;m[1;33m[pcl::PLYReader] Temp/Data/Pot_A/Pot_A_Piece_19_unclustered.ply:26: property 'float32 scalex' of element 'camera' is not handled
[0;m[1;33m[pcl::PLYReader] Temp/Data/Pot_A/Pot_A_Piece_19_unclustered.ply:27: property 'float32 scaley' of element 'camera' is not handled
[0;m[1;33m[pcl::PLYReader] Temp/Data/Pot_A/Pot_A_Piece_19_unclustered.ply:28: property 'float32 centerx' of element 'camera' is not handled
[0;m[1;33m[pcl::PLYReader] Temp/Data/Pot_A/Pot_A_Piece_19_unclustered.ply:29: property 'float32 centery' of element 'camera' is not handled
[0;m[1;33m[pcl::PLYReader] Temp/Data/Pot_A/Pot_A_Piece_19_unclustered.ply:32: property 'float32 k1' of element 'camera' is not handled
[0;m[1;33m[pcl::PLYReader] Temp/Data/Pot_A/Pot_A_Piece_19_unclustered.ply:33: property 'float32 k2' of element 'camera' is not handled
[0;m[1;33m[pcl::PLYReader] Temp/Data/Pot_A/Pot_A_Piece_19_Surface_0.ply:25: property 'float32 focal' of element 'camera' is not handled
[0;m[1;33m[pcl::PLYReader] Temp/Data/Pot_A/Pot_A_Piece_19_Surface_0.ply:26: property 'float32 scalex' of element 'camera' is not handled
[0;m[1;33m[pcl::PLYReader] Temp/Data/Pot_A/Pot_A_Piece_19_Surface_0.ply:27: property 'float32 scaley' of element 'camera' is not handled
[0;m[1;33m[pcl::PLYReader] Temp/Data/Pot_A/Pot_A_Piece_19_Surface_0.ply:28: property 'float32 centerx' of element 'camera' is not handled
[0;m[1;33m[pcl::PLYReader] Temp/Data/Pot_A/Pot_A_Piece_19_Surface_0.ply:29: property 'float32 centery' of element 'camera' is not handled
[0;m[1;33m[pcl::PLYReader] Temp/Data/Pot_A/Pot_A_Piece_19_Surface_0.ply:32: property 'float32 k1' of element 'camera' is not handled
[0;m[1;33m[pcl::PLYReader] Temp/Data/Pot_A/Pot_A_Piece_19_Surface_0.ply:33: property 'float32 k2' of element 'camera' is not handled
[0;m[1;33m[pcl::PLYReader] Temp/Data/Pot_A/Pot_A_Piece_19_Surface_1.ply:25: property 'float32 focal' of element 'camera' is not handled
[0;m[1;33m[pcl::PLYReader] Temp/Data/Pot_A/Pot_A_Piece_19_Surface_1.ply:26: property 'float32 scalex' of element 'camera' is not handled
[0;m[1;33m[pcl::PLYReader] Temp/Data/Pot_A/Pot_A_Piece_19_Surface_1.ply:27: property 'float32 scaley' of element 'camera' is not handled
[0;m[1;33m[pcl::PLYReader] Temp/Data/Pot_A/Pot_A_Piece_19_Surface_1.ply:28: property 'float32 centerx' of element 'camera' is not handled
[0;m[1;33m[pcl::PLYReader] Temp/Data/Pot_A/Pot_A_Piece_19_Surface_1.ply:29: property 'float32 centery' of element 'camera' is not handled
[0;m[1;33m[pcl::PLYReader] Temp/Data/Pot_A/Pot_A_Piece_19_Surface_1.ply:32: property 'float32 k1' of element 'camera' is not handled
[0;m[1;33m[pcl::PLYReader] Temp/Data/Pot_A/Pot_A_Piece_19_Surface_1.ply:33: property 'float32 k2' of element 'camera' is not handled
[0;m[1;33m[pcl::PLYReader] Temp/Data/Pot_A/Pot_A_Piece_20_SampledWithNormals.ply:25: property 'float32 focal' of element 'camera' is not handled
[0;m[1;33m[pcl::PLYReader] Temp/Data/Pot_A/Pot_A_Piece_20_SampledWithNormals.ply:26: property 'float32 scalex' of element 'camera' is not handled
[0;m[1;33m[pcl::PLYReader] Temp/Data/Pot_A/Pot_A_Piece_20_SampledWithNormals.ply:27: property 'float32 scaley' of element 'camera' is not handled
[0;m[1;33m[pcl::PLYReader] Temp/Data/Pot_A/Pot_A_Piece_20_SampledWithNormals.ply:28: property 'float32 centerx' of element 'camera' is not handled
[0;m[1;33m[pcl::PLYReader] Temp/Data/Pot_A/Pot_A_Piece_20_SampledWithNormals.ply:29: property 'float32 centery' of element 'camera' is not handled
[0;m[1;33m[pcl::PLYReader] Temp/Data/Pot_A/Pot_A_Piece_20_SampledWithNormals.ply:32: property 'float32 k1' of element 'camera' is not handled
[0;m[1;33m[pcl::PLYReader] Temp/Data/Pot_A/Pot_A_Piece_20_SampledWithNormals.ply:33: property 'float32 k2' of element 'camera' is not handled
[0;m[1;33m[pcl::PLYReader] Temp/Data/Pot_A/Pot_A_Piece_20_unclustered.ply:25: property 'float32 focal' of element 'camera' is not handled
[0;m[1;33m[pcl::PLYReader] Temp/Data/Pot_A/Pot_A_Piece_20_unclustered.ply:26: property 'float32 scalex' of element 'camera' is not handled
[0;m[1;33m[pcl::PLYReader] Temp/Data/Pot_A/Pot_A_Piece_20_unclustered.ply:27: property 'float32 scaley' of element 'camera' is not handled
[0;m[1;33m[pcl::PLYReader] Temp/Data/Pot_A/Pot_A_Piece_20_unclustered.ply:28: property 'float32 centerx' of element 'camera' is not handled
[0;m[1;33m[pcl::PLYReader] Temp/Data/Pot_A/Pot_A_Piece_20_unclustered.ply:29: property 'float32 centery' of element 'camera' is not handled
[0;m[1;33m[pcl::PLYReader] Temp/Data/Pot_A/Pot_A_Piece_20_unclustered.ply:32: property 'float32 k1' of element 'camera' is not handled
[0;m[1;33m[pcl::PLYReader] Temp/Data/Pot_A/Pot_A_Piece_20_unclustered.ply:33: property 'float32 k2' of element 'camera' is not handled
[0;m[1;33m[pcl::PLYReader] Temp/Data/Pot_A/Pot_A_Piece_20_Surface_0.ply:25: property 'float32 focal' of element 'camera' is not handled
[0;m[1;33m[pcl::PLYReader] Temp/Data/Pot_A/Pot_A_Piece_20_Surface_0.ply:26: property 'float32 scalex' of element 'camera' is not handled
[0;m[1;33m[pcl::PLYReader] Temp/Data/Pot_A/Pot_A_Piece_20_Surface_0.ply:27: property 'float32 scaley' of element 'camera' is not handled
[0;m[1;33m[pcl::PLYReader] Temp/Data/Pot_A/Pot_A_Piece_20_Surface_0.ply:28: property 'float32 centerx' of element 'camera' is not handled
[0;m[1;33m[pcl::PLYReader] Temp/Data/Pot_A/Pot_A_Piece_20_Surface_0.ply:29: property 'float32 centery' of element 'camera' is not handled
[0;m[1;33m[pcl::PLYReader] Temp/Data/Pot_A/Pot_A_Piece_20_Surface_0.ply:32: property 'float32 k1' of element 'camera' is not handled
[0;m[1;33m[pcl::PLYReader] Temp/Data/Pot_A/Pot_A_Piece_20_Surface_0.ply:33: property 'float32 k2' of element 'camera' is not handled
[0;m[1;33m[pcl::PLYReader] Temp/Data/Pot_A/Pot_A_Piece_20_Surface_1.ply:25: property 'float32 focal' of element 'camera' is not handled
[0;m[1;33m[pcl::PLYReader] Temp/Data/Pot_A/Pot_A_Piece_20_Surface_1.ply:26: property 'float32 scalex' of element 'camera' is not handled
[0;m[1;33m[pcl::PLYReader] Temp/Data/Pot_A/Pot_A_Piece_20_Surface_1.ply:27: property 'float32 scaley' of element 'camera' is not handled
[0;m[1;33m[pcl::PLYReader] Temp/Data/Pot_A/Pot_A_Piece_20_Surface_1.ply:28: property 'float32 centerx' of element 'camera' is not handled
[0;m[1;33m[pcl::PLYReader] Temp/Data/Pot_A/Pot_A_Piece_20_Surface_1.ply:29: property 'float32 centery' of element 'camera' is not handled
[0;m[1;33m[pcl::PLYReader] Temp/Data/Pot_A/Pot_A_Piece_20_Surface_1.ply:32: property 'float32 k1' of element 'camera' is not handled
[0;m[1;33m[pcl::PLYReader] Temp/Data/Pot_A/Pot_A_Piece_20_Surface_1.ply:33: property 'float32 k2' of element 'camera' is not handled
[0;m[1;33m[pcl::PLYReader] Temp/Data/Pot_A/Pot_A_Piece_21_SampledWithNormals.ply:25: property 'float32 focal' of element 'camera' is not handled
[0;m[1;33m[pcl::PLYReader] Temp/Data/Pot_A/Pot_A_Piece_21_SampledWithNormals.ply:26: property 'float32 scalex' of element 'camera' is not handled
[0;m[1;33m[pcl::PLYReader] Temp/Data/Pot_A/Pot_A_Piece_21_SampledWithNormals.ply:27: property 'float32 scaley' of element 'camera' is not handled
[0;m[1;33m[pcl::PLYReader] Temp/Data/Pot_A/Pot_A_Piece_21_SampledWithNormals.ply:28: property 'float32 centerx' of element 'camera' is not handled
[0;m[1;33m[pcl::PLYReader] Temp/Data/Pot_A/Pot_A_Piece_21_SampledWithNormals.ply:29: property 'float32 centery' of element 'camera' is not handled
[0;m[1;33m[pcl::PLYReader] Temp/Data/Pot_A/Pot_A_Piece_21_SampledWithNormals.ply:32: property 'float32 k1' of element 'camera' is not handled
[0;m[1;33m[pcl::PLYReader] Temp/Data/Pot_A/Pot_A_Piece_21_SampledWithNormals.ply:33: property 'float32 k2' of element 'camera' is not handled
[0;m[1;33m[pcl::PLYReader] Temp/Data/Pot_A/Pot_A_Piece_21_unclustered.ply:25: property 'float32 focal' of element 'camera' is not handled
[0;m[1;33m[pcl::PLYReader] Temp/Data/Pot_A/Pot_A_Piece_21_unclustered.ply:26: property 'float32 scalex' of element 'camera' is not handled
[0;m[1;33m[pcl::PLYReader] Temp/Data/Pot_A/Pot_A_Piece_21_unclustered.ply:27: property 'float32 scaley' of element 'camera' is not handled
[0;m[1;33m[pcl::PLYReader] Temp/Data/Pot_A/Pot_A_Piece_21_unclustered.ply:28: property 'float32 centerx' of element 'camera' is not handled
[0;m[1;33m[pcl::PLYReader] Temp/Data/Pot_A/Pot_A_Piece_21_unclustered.ply:29: property 'float32 centery' of element 'camera' is not handled
[0;m[1;33m[pcl::PLYReader] Temp/Data/Pot_A/Pot_A_Piece_21_unclustered.ply:32: property 'float32 k1' of element 'camera' is not handled
[0;m[1;33m[pcl::PLYReader] Temp/Data/Pot_A/Pot_A_Piece_21_unclustered.ply:33: property 'float32 k2' of element 'camera' is not handled
[0;m[1;33m[pcl::PLYReader] Temp/Data/Pot_A/Pot_A_Piece_21_Surface_0.ply:25: property 'float32 focal' of element 'camera' is not handled
[0;m[1;33m[pcl::PLYReader] Temp/Data/Pot_A/Pot_A_Piece_21_Surface_0.ply:26: property 'float32 scalex' of element 'camera' is not handled
[0;m[1;33m[pcl::PLYReader] Temp/Data/Pot_A/Pot_A_Piece_21_Surface_0.ply:27: property 'float32 scaley' of element 'camera' is not handled
[0;m[1;33m[pcl::PLYReader] Temp/Data/Pot_A/Pot_A_Piece_21_Surface_0.ply:28: property 'float32 centerx' of element 'camera' is not handled
[0;m[1;33m[pcl::PLYReader] Temp/Data/Pot_A/Pot_A_Piece_21_Surface_0.ply:29: property 'float32 centery' of element 'camera' is not handled
[0;m[1;33m[pcl::PLYReader] Temp/Data/Pot_A/Pot_A_Piece_21_Surface_0.ply:32: property 'float32 k1' of element 'camera' is not handled
[0;m[1;33m[pcl::PLYReader] Temp/Data/Pot_A/Pot_A_Piece_21_Surface_0.ply:33: property 'float32 k2' of element 'camera' is not handled
[0;m[1;33m[pcl::PLYReader] Temp/Data/Pot_A/Pot_A_Piece_21_Surface_1.ply:25: property 'float32 focal' of element 'camera' is not handled
[0;m[1;33m[pcl::PLYReader] Temp/Data/Pot_A/Pot_A_Piece_21_Surface_1.ply:26: property 'float32 scalex' of element 'camera' is not handled
[0;m[1;33m[pcl::PLYReader] Temp/Data/Pot_A/Pot_A_Piece_21_Surface_1.ply:27: property 'float32 scaley' of element 'camera' is not handled
[0;m[1;33m[pcl::PLYReader] Temp/Data/Pot_A/Pot_A_Piece_21_Surface_1.ply:28: property 'float32 centerx' of element 'camera' is not handled
[0;m[1;33m[pcl::PLYReader] Temp/Data/Pot_A/Pot_A_Piece_21_Surface_1.ply:29: property 'float32 centery' of element 'camera' is not handled
[0;m[1;33m[pcl::PLYReader] Temp/Data/Pot_A/Pot_A_Piece_21_Surface_1.ply:32: property 'float32 k1' of element 'camera' is not handled
[0;m[1;33m[pcl::PLYReader] Temp/Data/Pot_A/Pot_A_Piece_21_Surface_1.ply:33: property 'float32 k2' of element 'camera' is not handled
[0;m[1;33m[pcl::PLYReader] Temp/Data/Pot_A/Pot_A_Piece_22_SampledWithNormals.ply:25: property 'float32 focal' of element 'camera' is not handled
[0;m[1;33m[pcl::PLYReader] Temp/Data/Pot_A/Pot_A_Piece_22_SampledWithNormals.ply:26: property 'float32 scalex' of element 'camera' is not handled
[0;m[1;33m[pcl::PLYReader] Temp/Data/Pot_A/Pot_A_Piece_22_SampledWithNormals.ply:27: property 'float32 scaley' of element 'camera' is not handled
[0;m[1;33m[pcl::PLYReader] Temp/Data/Pot_A/Pot_A_Piece_22_SampledWithNormals.ply:28: property 'float32 centerx' of element 'camera' is not handled
[0;m[1;33m[pcl::PLYReader] Temp/Data/Pot_A/Pot_A_Piece_22_SampledWithNormals.ply:29: property 'float32 centery' of element 'camera' is not handled
[0;m[1;33m[pcl::PLYReader] Temp/Data/Pot_A/Pot_A_Piece_22_SampledWithNormals.ply:32: property 'float32 k1' of element 'camera' is not handled
[0;m[1;33m[pcl::PLYReader] Temp/Data/Pot_A/Pot_A_Piece_22_SampledWithNormals.ply:33: property 'float32 k2' of element 'camera' is not handled
[0;m[1;33m[pcl::PLYReader] Temp/Data/Pot_A/Pot_A_Piece_22_unclustered.ply:25: property 'float32 focal' of element 'camera' is not handled
[0;m[1;33m[pcl::PLYReader] Temp/Data/Pot_A/Pot_A_Piece_22_unclustered.ply:26: property 'float32 scalex' of element 'camera' is not handled
[0;m[1;33m[pcl::PLYReader] Temp/Data/Pot_A/Pot_A_Piece_22_unclustered.ply:27: property 'float32 scaley' of element 'camera' is not handled
[0;m[1;33m[pcl::PLYReader] Temp/Data/Pot_A/Pot_A_Piece_22_unclustered.ply:28: property 'float32 centerx' of element 'camera' is not handled
[0;m[1;33m[pcl::PLYReader] Temp/Data/Pot_A/Pot_A_Piece_22_unclustered.ply:29: property 'float32 centery' of element 'camera' is not handled
[0;m[1;33m[pcl::PLYReader] Temp/Data/Pot_A/Pot_A_Piece_22_unclustered.ply:32: property 'float32 k1' of element 'camera' is not handled
[0;m[1;33m[pcl::PLYReader] Temp/Data/Pot_A/Pot_A_Piece_22_unclustered.ply:33: property 'float32 k2' of element 'camera' is not handled
[0;m[1;33m[pcl::PLYReader] Temp/Data/Pot_A/Pot_A_Piece_22_Surface_0.ply:25: property 'float32 focal' of element 'camera' is not handled
[0;m[1;33m[pcl::PLYReader] Temp/Data/Pot_A/Pot_A_Piece_22_Surface_0.ply:26: property 'float32 scalex' of element 'camera' is not handled
[0;m[1;33m[pcl::PLYReader] Temp/Data/Pot_A/Pot_A_Piece_22_Surface_0.ply:27: property 'float32 scaley' of element 'camera' is not handled
[0;m[1;33m[pcl::PLYReader] Temp/Data/Pot_A/Pot_A_Piece_22_Surface_0.ply:28: property 'float32 centerx' of element 'camera' is not handled
[0;m[1;33m[pcl::PLYReader] Temp/Data/Pot_A/Pot_A_Piece_22_Surface_0.ply:29: property 'float32 centery' of element 'camera' is not handled
[0;m[1;33m[pcl::PLYReader] Temp/Data/Pot_A/Pot_A_Piece_22_Surface_0.ply:32: property 'float32 k1' of element 'camera' is not handled
[0;m[1;33m[pcl::PLYReader] Temp/Data/Pot_A/Pot_A_Piece_22_Surface_0.ply:33: property 'float32 k2' of element 'camera' is not handled
[0;m[1;33m[pcl::PLYReader] Temp/Data/Pot_A/Pot_A_Piece_22_Surface_1.ply:25: property 'float32 focal' of element 'camera' is not handled
[0;m[1;33m[pcl::PLYReader] Temp/Data/Pot_A/Pot_A_Piece_22_Surface_1.ply:26: property 'float32 scalex' of element 'camera' is not handled
[0;m[1;33m[pcl::PLYReader] Temp/Data/Pot_A/Pot_A_Piece_22_Surface_1.ply:27: property 'float32 scaley' of element 'camera' is not handled
[0;m[1;33m[pcl::PLYReader] Temp/Data/Pot_A/Pot_A_Piece_22_Surface_1.ply:28: property 'float32 centerx' of element 'camera' is not handled
[0;m[1;33m[pcl::PLYReader] Temp/Data/Pot_A/Pot_A_Piece_22_Surface_1.ply:29: property 'float32 centery' of element 'camera' is not handled
[0;m[1;33m[pcl::PLYReader] Temp/Data/Pot_A/Pot_A_Piece_22_Surface_1.ply:32: property 'float32 k1' of element 'camera' is not handled
[0;m[1;33m[pcl::PLYReader] Temp/Data/Pot_A/Pot_A_Piece_22_Surface_1.ply:33: property 'float32 k2' of element 'camera' is not handled
[0;m[1;33m[pcl::PLYReader] Temp/Data/Pot_A/Pot_A_Piece_23_SampledWithNormals.ply:25: property 'float32 focal' of element 'camera' is not handled
[0;m[1;33m[pcl::PLYReader] Temp/Data/Pot_A/Pot_A_Piece_23_SampledWithNormals.ply:26: property 'float32 scalex' of element 'camera' is not handled
[0;m[1;33m[pcl::PLYReader] Temp/Data/Pot_A/Pot_A_Piece_23_SampledWithNormals.ply:27: property 'float32 scaley' of element 'camera' is not handled
[0;m[1;33m[pcl::PLYReader] Temp/Data/Pot_A/Pot_A_Piece_23_SampledWithNormals.ply:28: property 'float32 centerx' of element 'camera' is not handled
[0;m[1;33m[pcl::PLYReader] Temp/Data/Pot_A/Pot_A_Piece_23_SampledWithNormals.ply:29: property 'float32 centery' of element 'camera' is not handled
[0;m[1;33m[pcl::PLYReader] Temp/Data/Pot_A/Pot_A_Piece_23_SampledWithNormals.ply:32: property 'float32 k1' of element 'camera' is not handled
[0;m[1;33m[pcl::PLYReader] Temp/Data/Pot_A/Pot_A_Piece_23_SampledWithNormals.ply:33: property 'float32 k2' of element 'camera' is not handled
[0;m[1;33m[pcl::PLYReader] Temp/Data/Pot_A/Pot_A_Piece_23_unclustered.ply:25: property 'float32 focal' of element 'camera' is not handled
[0;m[1;33m[pcl::PLYReader] Temp/Data/Pot_A/Pot_A_Piece_23_unclustered.ply:26: property 'float32 scalex' of element 'camera' is not handled
[0;m[1;33m[pcl::PLYReader] Temp/Data/Pot_A/Pot_A_Piece_23_unclustered.ply:27: property 'float32 scaley' of element 'camera' is not handled
[0;m[1;33m[pcl::PLYReader] Temp/Data/Pot_A/Pot_A_Piece_23_unclustered.ply:28: property 'float32 centerx' of element 'camera' is not handled
[0;m[1;33m[pcl::PLYReader] Temp/Data/Pot_A/Pot_A_Piece_23_unclustered.ply:29: property 'float32 centery' of element 'camera' is not handled
[0;m[1;33m[pcl::PLYReader] Temp/Data/Pot_A/Pot_A_Piece_23_unclustered.ply:32: property 'float32 k1' of element 'camera' is not handled
[0;m[1;33m[pcl::PLYReader] Temp/Data/Pot_A/Pot_A_Piece_23_unclustered.ply:33: property 'float32 k2' of element 'camera' is not handled
[0;m[1;33m[pcl::PLYReader] Temp/Data/Pot_A/Pot_A_Piece_23_Surface_0.ply:25: property 'float32 focal' of element 'camera' is not handled
[0;m[1;33m[pcl::PLYReader] Temp/Data/Pot_A/Pot_A_Piece_23_Surface_0.ply:26: property 'float32 scalex' of element 'camera' is not handled
[0;m[1;33m[pcl::PLYReader] Temp/Data/Pot_A/Pot_A_Piece_23_Surface_0.ply:27: property 'float32 scaley' of element 'camera' is not handled
[0;m[1;33m[pcl::PLYReader] Temp/Data/Pot_A/Pot_A_Piece_23_Surface_0.ply:28: property 'float32 centerx' of element 'camera' is not handled
[0;m[1;33m[pcl::PLYReader] Temp/Data/Pot_A/Pot_A_Piece_23_Surface_0.ply:29: property 'float32 centery' of element 'camera' is not handled
[0;m[1;33m[pcl::PLYReader] Temp/Data/Pot_A/Pot_A_Piece_23_Surface_0.ply:32: property 'float32 k1' of element 'camera' is not handled
[0;m[1;33m[pcl::PLYReader] Temp/Data/Pot_A/Pot_A_Piece_23_Surface_0.ply:33: property 'float32 k2' of element 'camera' is not handled
[0;m[1;33m[pcl::PLYReader] Temp/Data/Pot_A/Pot_A_Piece_23_Surface_1.ply:25: property 'float32 focal' of element 'camera' is not handled
[0;m[1;33m[pcl::PLYReader] Temp/Data/Pot_A/Pot_A_Piece_23_Surface_1.ply:26: property 'float32 scalex' of element 'camera' is not handled
[0;m[1;33m[pcl::PLYReader] Temp/Data/Pot_A/Pot_A_Piece_23_Surface_1.ply:27: property 'float32 scaley' of element 'camera' is not handled
[0;m[1;33m[pcl::PLYReader] Temp/Data/Pot_A/Pot_A_Piece_23_Surface_1.ply:28: property 'float32 centerx' of element 'camera' is not handled
[0;m[1;33m[pcl::PLYReader] Temp/Data/Pot_A/Pot_A_Piece_23_Surface_1.ply:29: property 'float32 centery' of element 'camera' is not handled
[0;m[1;33m[pcl::PLYReader] Temp/Data/Pot_A/Pot_A_Piece_23_Surface_1.ply:32: property 'float32 k1' of element 'camera' is not handled
[0;m[1;33m[pcl::PLYReader] Temp/Data/Pot_A/Pot_A_Piece_23_Surface_1.ply:33: property 'float32 k2' of element 'camera' is not handled
[0;m[1;33m[pcl::PLYReader] Temp/Data/Pot_A/Pot_A_Piece_24_SampledWithNormals.ply:25: property 'float32 focal' of element 'camera' is not handled
[0;m[1;33m[pcl::PLYReader] Temp/Data/Pot_A/Pot_A_Piece_24_SampledWithNormals.ply:26: property 'float32 scalex' of element 'camera' is not handled
[0;m[1;33m[pcl::PLYReader] Temp/Data/Pot_A/Pot_A_Piece_24_SampledWithNormals.ply:27: property 'float32 scaley' of element 'camera' is not handled
[0;m[1;33m[pcl::PLYReader] Temp/Data/Pot_A/Pot_A_Piece_24_SampledWithNormals.ply:28: property 'float32 centerx' of element 'camera' is not handled
[0;m[1;33m[pcl::PLYReader] Temp/Data/Pot_A/Pot_A_Piece_24_SampledWithNormals.ply:29: property 'float32 centery' of element 'camera' is not handled
[0;m[1;33m[pcl::PLYReader] Temp/Data/Pot_A/Pot_A_Piece_24_SampledWithNormals.ply:32: property 'float32 k1' of element 'camera' is not handled
[0;m[1;33m[pcl::PLYReader] Temp/Data/Pot_A/Pot_A_Piece_24_SampledWithNormals.ply:33: property 'float32 k2' of element 'camera' is not handled
[0;m[1;33m[pcl::PLYReader] Temp/Data/Pot_A/Pot_A_Piece_24_unclustered.ply:25: property 'float32 focal' of element 'camera' is not handled
[0;m[1;33m[pcl::PLYReader] Temp/Data/Pot_A/Pot_A_Piece_24_unclustered.ply:26: property 'float32 scalex' of element 'camera' is not handled
[0;m[1;33m[pcl::PLYReader] Temp/Data/Pot_A/Pot_A_Piece_24_unclustered.ply:27: property 'float32 scaley' of element 'camera' is not handled
[0;m[1;33m[pcl::PLYReader] Temp/Data/Pot_A/Pot_A_Piece_24_unclustered.ply:28: property 'float32 centerx' of element 'camera' is not handled
[0;m[1;33m[pcl::PLYReader] Temp/Data/Pot_A/Pot_A_Piece_24_unclustered.ply:29: property 'float32 centery' of element 'camera' is not handled
[0;m[1;33m[pcl::PLYReader] Temp/Data/Pot_A/Pot_A_Piece_24_unclustered.ply:32: property 'float32 k1' of element 'camera' is not handled
[0;m[1;33m[pcl::PLYReader] Temp/Data/Pot_A/Pot_A_Piece_24_unclustered.ply:33: property 'float32 k2' of element 'camera' is not handled
[0;m[1;33m[pcl::PLYReader] Temp/Data/Pot_A/Pot_A_Piece_24_Surface_0.ply:25: property 'float32 focal' of element 'camera' is not handled
[0;m[1;33m[pcl::PLYReader] Temp/Data/Pot_A/Pot_A_Piece_24_Surface_0.ply:26: property 'float32 scalex' of element 'camera' is not handled
[0;m[1;33m[pcl::PLYReader] Temp/Data/Pot_A/Pot_A_Piece_24_Surface_0.ply:27: property 'float32 scaley' of element 'camera' is not handled
[0;m[1;33m[pcl::PLYReader] Temp/Data/Pot_A/Pot_A_Piece_24_Surface_0.ply:28: property 'float32 centerx' of element 'camera' is not handled
[0;m[1;33m[pcl::PLYReader] Temp/Data/Pot_A/Pot_A_Piece_24_Surface_0.ply:29: property 'float32 centery' of element 'camera' is not handled
[0;m[1;33m[pcl::PLYReader] Temp/Data/Pot_A/Pot_A_Piece_24_Surface_0.ply:32: property 'float32 k1' of element 'camera' is not handled
[0;m[1;33m[pcl::PLYReader] Temp/Data/Pot_A/Pot_A_Piece_24_Surface_0.ply:33: property 'float32 k2' of element 'camera' is not handled
[0;m[1;33m[pcl::PLYReader] Temp/Data/Pot_A/Pot_A_Piece_24_Surface_1.ply:25: property 'float32 focal' of element 'camera' is not handled
[0;m[1;33m[pcl::PLYReader] Temp/Data/Pot_A/Pot_A_Piece_24_Surface_1.ply:26: property 'float32 scalex' of element 'camera' is not handled
[0;m[1;33m[pcl::PLYReader] Temp/Data/Pot_A/Pot_A_Piece_24_Surface_1.ply:27: property 'float32 scaley' of element 'camera' is not handled
[0;m[1;33m[pcl::PLYReader] Temp/Data/Pot_A/Pot_A_Piece_24_Surface_1.ply:28: property 'float32 centerx' of element 'camera' is not handled
[0;m[1;33m[pcl::PLYReader] Temp/Data/Pot_A/Pot_A_Piece_24_Surface_1.ply:29: property 'float32 centery' of element 'camera' is not handled
[0;m[1;33m[pcl::PLYReader] Temp/Data/Pot_A/Pot_A_Piece_24_Surface_1.ply:32: property 'float32 k1' of element 'camera' is not handled
[0;m[1;33m[pcl::PLYReader] Temp/Data/Pot_A/Pot_A_Piece_24_Surface_1.ply:33: property 'float32 k2' of element 'camera' is not handled
[0;m[1;33m[pcl::PLYReader] Temp/Data/Pot_A/Pot_A_Piece_25_SampledWithNormals.ply:25: property 'float32 focal' of element 'camera' is not handled
[0;m[1;33m[pcl::PLYReader] Temp/Data/Pot_A/Pot_A_Piece_25_SampledWithNormals.ply:26: property 'float32 scalex' of element 'camera' is not handled
[0;m[1;33m[pcl::PLYReader] Temp/Data/Pot_A/Pot_A_Piece_25_SampledWithNormals.ply:27: property 'float32 scaley' of element 'camera' is not handled
[0;m[1;33m[pcl::PLYReader] Temp/Data/Pot_A/Pot_A_Piece_25_SampledWithNormals.ply:28: property 'float32 centerx' of element 'camera' is not handled
[0;m[1;33m[pcl::PLYReader] Temp/Data/Pot_A/Pot_A_Piece_25_SampledWithNormals.ply:29: property 'float32 centery' of element 'camera' is not handled
[0;m[1;33m[pcl::PLYReader] Temp/Data/Pot_A/Pot_A_Piece_25_SampledWithNormals.ply:32: property 'float32 k1' of element 'camera' is not handled
[0;m[1;33m[pcl::PLYReader] Temp/Data/Pot_A/Pot_A_Piece_25_SampledWithNormals.ply:33: property 'float32 k2' of element 'camera' is not handled
[0;m[1;33m[pcl::PLYReader] Temp/Data/Pot_A/Pot_A_Piece_25_unclustered.ply:25: property 'float32 focal' of element 'camera' is not handled
[0;m[1;33m[pcl::PLYReader] Temp/Data/Pot_A/Pot_A_Piece_25_unclustered.ply:26: property 'float32 scalex' of element 'camera' is not handled
[0;m[1;33m[pcl::PLYReader] Temp/Data/Pot_A/Pot_A_Piece_25_unclustered.ply:27: property 'float32 scaley' of element 'camera' is not handled
[0;m[1;33m[pcl::PLYReader] Temp/Data/Pot_A/Pot_A_Piece_25_unclustered.ply:28: property 'float32 centerx' of element 'camera' is not handled
[0;m[1;33m[pcl::PLYReader] Temp/Data/Pot_A/Pot_A_Piece_25_unclustered.ply:29: property 'float32 centery' of element 'camera' is not handled
[0;m[1;33m[pcl::PLYReader] Temp/Data/Pot_A/Pot_A_Piece_25_unclustered.ply:32: property 'float32 k1' of element 'camera' is not handled
[0;m[1;33m[pcl::PLYReader] Temp/Data/Pot_A/Pot_A_Piece_25_unclustered.ply:33: property 'float32 k2' of element 'camera' is not handled
[0;m[1;33m[pcl::PLYReader] Temp/Data/Pot_A/Pot_A_Piece_25_Surface_0.ply:25: property 'float32 focal' of element 'camera' is not handled
[0;m[1;33m[pcl::PLYReader] Temp/Data/Pot_A/Pot_A_Piece_25_Surface_0.ply:26: property 'float32 scalex' of element 'camera' is not handled
[0;m[1;33m[pcl::PLYReader] Temp/Data/Pot_A/Pot_A_Piece_25_Surface_0.ply:27: property 'float32 scaley' of element 'camera' is not handled
[0;m[1;33m[pcl::PLYReader] Temp/Data/Pot_A/Pot_A_Piece_25_Surface_0.ply:28: property 'float32 centerx' of element 'camera' is not handled
[0;m[1;33m[pcl::PLYReader] Temp/Data/Pot_A/Pot_A_Piece_25_Surface_0.ply:29: property 'float32 centery' of element 'camera' is not handled
[0;m[1;33m[pcl::PLYReader] Temp/Data/Pot_A/Pot_A_Piece_25_Surface_0.ply:32: property 'float32 k1' of element 'camera' is not handled
[0;m[1;33m[pcl::PLYReader] Temp/Data/Pot_A/Pot_A_Piece_25_Surface_0.ply:33: property 'float32 k2' of element 'camera' is not handled
[0;m[1;33m[pcl::PLYReader] Temp/Data/Pot_A/Pot_A_Piece_25_Surface_1.ply:25: property 'float32 focal' of element 'camera' is not handled
[0;m[1;33m[pcl::PLYReader] Temp/Data/Pot_A/Pot_A_Piece_25_Surface_1.ply:26: property 'float32 scalex' of element 'camera' is not handled
[0;m[1;33m[pcl::PLYReader] Temp/Data/Pot_A/Pot_A_Piece_25_Surface_1.ply:27: property 'float32 scaley' of element 'camera' is not handled
[0;m[1;33m[pcl::PLYReader] Temp/Data/Pot_A/Pot_A_Piece_25_Surface_1.ply:28: property 'float32 centerx' of element 'camera' is not handled
[0;m[1;33m[pcl::PLYReader] Temp/Data/Pot_A/Pot_A_Piece_25_Surface_1.ply:29: property 'float32 centery' of element 'camera' is not handled
[0;m[1;33m[pcl::PLYReader] Temp/Data/Pot_A/Pot_A_Piece_25_Surface_1.ply:32: property 'float32 k1' of element 'camera' is not handled
[0;m[1;33m[pcl::PLYReader] Temp/Data/Pot_A/Pot_A_Piece_25_Surface_1.ply:33: property 'float32 k2' of element 'camera' is not handled
[0;m[1;33m[pcl::PLYReader] Temp/Data/Pot_A/Pot_A_Piece_26_SampledWithNormals.ply:25: property 'float32 focal' of element 'camera' is not handled
[0;m[1;33m[pcl::PLYReader] Temp/Data/Pot_A/Pot_A_Piece_26_SampledWithNormals.ply:26: property 'float32 scalex' of element 'camera' is not handled
[0;m[1;33m[pcl::PLYReader] Temp/Data/Pot_A/Pot_A_Piece_26_SampledWithNormals.ply:27: property 'float32 scaley' of element 'camera' is not handled
[0;m[1;33m[pcl::PLYReader] Temp/Data/Pot_A/Pot_A_Piece_26_SampledWithNormals.ply:28: property 'float32 centerx' of element 'camera' is not handled
[0;m[1;33m[pcl::PLYReader] Temp/Data/Pot_A/Pot_A_Piece_26_SampledWithNormals.ply:29: property 'float32 centery' of element 'camera' is not handled
[0;m[1;33m[pcl::PLYReader] Temp/Data/Pot_A/Pot_A_Piece_26_SampledWithNormals.ply:32: property 'float32 k1' of element 'camera' is not handled
[0;m[1;33m[pcl::PLYReader] Temp/Data/Pot_A/Pot_A_Piece_26_SampledWithNormals.ply:33: property 'float32 k2' of element 'camera' is not handled
[0;m[1;33m[pcl::PLYReader] Temp/Data/Pot_A/Pot_A_Piece_26_unclustered.ply:25: property 'float32 focal' of element 'camera' is not handled
[0;m[1;33m[pcl::PLYReader] Temp/Data/Pot_A/Pot_A_Piece_26_unclustered.ply:26: property 'float32 scalex' of element 'camera' is not handled
[0;m[1;33m[pcl::PLYReader] Temp/Data/Pot_A/Pot_A_Piece_26_unclustered.ply:27: property 'float32 scaley' of element 'camera' is not handled
[0;m[1;33m[pcl::PLYReader] Temp/Data/Pot_A/Pot_A_Piece_26_unclustered.ply:28: property 'float32 centerx' of element 'camera' is not handled
[0;m[1;33m[pcl::PLYReader] Temp/Data/Pot_A/Pot_A_Piece_26_unclustered.ply:29: property 'float32 centery' of element 'camera' is not handled
[0;m[1;33m[pcl::PLYReader] Temp/Data/Pot_A/Pot_A_Piece_26_unclustered.ply:32: property 'float32 k1' of element 'camera' is not handled
[0;m[1;33m[pcl::PLYReader] Temp/Data/Pot_A/Pot_A_Piece_26_unclustered.ply:33: property 'float32 k2' of element 'camera' is not handled
[0;m[1;33m[pcl::PLYReader] Temp/Data/Pot_A/Pot_A_Piece_26_Surface_0.ply:25: property 'float32 focal' of element 'camera' is not handled
[0;m[1;33m[pcl::PLYReader] Temp/Data/Pot_A/Pot_A_Piece_26_Surface_0.ply:26: property 'float32 scalex' of element 'camera' is not handled
[0;m[1;33m[pcl::PLYReader] Temp/Data/Pot_A/Pot_A_Piece_26_Surface_0.ply:27: property 'float32 scaley' of element 'camera' is not handled
[0;m[1;33m[pcl::PLYReader] Temp/Data/Pot_A/Pot_A_Piece_26_Surface_0.ply:28: property 'float32 centerx' of element 'camera' is not handled
[0;m[1;33m[pcl::PLYReader] Temp/Data/Pot_A/Pot_A_Piece_26_Surface_0.ply:29: property 'float32 centery' of element 'camera' is not handled
[0;m[1;33m[pcl::PLYReader] Temp/Data/Pot_A/Pot_A_Piece_26_Surface_0.ply:32: property 'float32 k1' of element 'camera' is not handled
[0;m[1;33m[pcl::PLYReader] Temp/Data/Pot_A/Pot_A_Piece_26_Surface_0.ply:33: property 'float32 k2' of element 'camera' is not handled
[0;m[1;33m[pcl::PLYReader] Temp/Data/Pot_A/Pot_A_Piece_26_Surface_1.ply:25: property 'float32 focal' of element 'camera' is not handled
[0;m[1;33m[pcl::PLYReader] Temp/Data/Pot_A/Pot_A_Piece_26_Surface_1.ply:26: property 'float32 scalex' of element 'camera' is not handled
[0;m[1;33m[pcl::PLYReader] Temp/Data/Pot_A/Pot_A_Piece_26_Surface_1.ply:27: property 'float32 scaley' of element 'camera' is not handled
[0;m[1;33m[pcl::PLYReader] Temp/Data/Pot_A/Pot_A_Piece_26_Surface_1.ply:28: property 'float32 centerx' of element 'camera' is not handled
[0;m[1;33m[pcl::PLYReader] Temp/Data/Pot_A/Pot_A_Piece_26_Surface_1.ply:29: property 'float32 centery' of element 'camera' is not handled
[0;m[1;33m[pcl::PLYReader] Temp/Data/Pot_A/Pot_A_Piece_26_Surface_1.ply:32: property 'float32 k1' of element 'camera' is not handled
[0;m[1;33m[pcl::PLYReader] Temp/Data/Pot_A/Pot_A_Piece_26_Surface_1.ply:33: property 'float32 k2' of element 'camera' is not handled
[0;m[1;33m[pcl::PLYReader] Temp/Data/Pot_A/Pot_A_Piece_27_SampledWithNormals.ply:25: property 'float32 focal' of element 'camera' is not handled
[0;m[1;33m[pcl::PLYReader] Temp/Data/Pot_A/Pot_A_Piece_27_SampledWithNormals.ply:26: property 'float32 scalex' of element 'camera' is not handled
[0;m[1;33m[pcl::PLYReader] Temp/Data/Pot_A/Pot_A_Piece_27_SampledWithNormals.ply:27: property 'float32 scaley' of element 'camera' is not handled
[0;m[1;33m[pcl::PLYReader] Temp/Data/Pot_A/Pot_A_Piece_27_SampledWithNormals.ply:28: property 'float32 centerx' of element 'camera' is not handled
[0;m[1;33m[pcl::PLYReader] Temp/Data/Pot_A/Pot_A_Piece_27_SampledWithNormals.ply:29: property 'float32 centery' of element 'camera' is not handled
[0;m[1;33m[pcl::PLYReader] Temp/Data/Pot_A/Pot_A_Piece_27_SampledWithNormals.ply:32: property 'float32 k1' of element 'camera' is not handled
[0;m[1;33m[pcl::PLYReader] Temp/Data/Pot_A/Pot_A_Piece_27_SampledWithNormals.ply:33: property 'float32 k2' of element 'camera' is not handled
[0;m[1;33m[pcl::PLYReader] Temp/Data/Pot_A/Pot_A_Piece_27_unclustered.ply:25: property 'float32 focal' of element 'camera' is not handled
[0;m[1;33m[pcl::PLYReader] Temp/Data/Pot_A/Pot_A_Piece_27_unclustered.ply:26: property 'float32 scalex' of element 'camera' is not handled
[0;m[1;33m[pcl::PLYReader] Temp/Data/Pot_A/Pot_A_Piece_27_unclustered.ply:27: property 'float32 scaley' of element 'camera' is not handled
[0;m[1;33m[pcl::PLYReader] Temp/Data/Pot_A/Pot_A_Piece_27_unclustered.ply:28: property 'float32 centerx' of element 'camera' is not handled
[0;m[1;33m[pcl::PLYReader] Temp/Data/Pot_A/Pot_A_Piece_27_unclustered.ply:29: property 'float32 centery' of element 'camera' is not handled
[0;m[1;33m[pcl::PLYReader] Temp/Data/Pot_A/Pot_A_Piece_27_unclustered.ply:32: property 'float32 k1' of element 'camera' is not handled
[0;m[1;33m[pcl::PLYReader] Temp/Data/Pot_A/Pot_A_Piece_27_unclustered.ply:33: property 'float32 k2' of element 'camera' is not handled
[0;m[1;33m[pcl::PLYReader] Temp/Data/Pot_A/Pot_A_Piece_27_Surface_0.ply:25: property 'float32 focal' of element 'camera' is not handled
[0;m[1;33m[pcl::PLYReader] Temp/Data/Pot_A/Pot_A_Piece_27_Surface_0.ply:26: property 'float32 scalex' of element 'camera' is not handled
[0;m[1;33m[pcl::PLYReader] Temp/Data/Pot_A/Pot_A_Piece_27_Surface_0.ply:27: property 'float32 scaley' of element 'camera' is not handled
[0;m[1;33m[pcl::PLYReader] Temp/Data/Pot_A/Pot_A_Piece_27_Surface_0.ply:28: property 'float32 centerx' of element 'camera' is not handled
[0;m[1;33m[pcl::PLYReader] Temp/Data/Pot_A/Pot_A_Piece_27_Surface_0.ply:29: property 'float32 centery' of element 'camera' is not handled
[0;m[1;33m[pcl::PLYReader] Temp/Data/Pot_A/Pot_A_Piece_27_Surface_0.ply:32: property 'float32 k1' of element 'camera' is not handled
[0;m[1;33m[pcl::PLYReader] Temp/Data/Pot_A/Pot_A_Piece_27_Surface_0.ply:33: property 'float32 k2' of element 'camera' is not handled
[0;m[1;33m[pcl::PLYReader] Temp/Data/Pot_A/Pot_A_Piece_27_Surface_1.ply:25: property 'float32 focal' of element 'camera' is not handled
[0;m[1;33m[pcl::PLYReader] Temp/Data/Pot_A/Pot_A_Piece_27_Surface_1.ply:26: property 'float32 scalex' of element 'camera' is not handled
[0;m[1;33m[pcl::PLYReader] Temp/Data/Pot_A/Pot_A_Piece_27_Surface_1.ply:27: property 'float32 scaley' of element 'camera' is not handled
[0;m[1;33m[pcl::PLYReader] Temp/Data/Pot_A/Pot_A_Piece_27_Surface_1.ply:28: property 'float32 centerx' of element 'camera' is not handled
[0;m[1;33m[pcl::PLYReader] Temp/Data/Pot_A/Pot_A_Piece_27_Surface_1.ply:29: property 'float32 centery' of element 'camera' is not handled
[0;m[1;33m[pcl::PLYReader] Temp/Data/Pot_A/Pot_A_Piece_27_Surface_1.ply:32: property 'float32 k1' of element 'camera' is not handled
[0;m[1;33m[pcl::PLYReader] Temp/Data/Pot_A/Pot_A_Piece_27_Surface_1.ply:33: property 'float32 k2' of element 'camera' is not handled
[0;m[1;33m[pcl::PLYReader] Temp/Data/Pot_A/Pot_A_Piece_28_SampledWithNormals.ply:25: property 'float32 focal' of element 'camera' is not handled
[0;m[1;33m[pcl::PLYReader] Temp/Data/Pot_A/Pot_A_Piece_28_SampledWithNormals.ply:26: property 'float32 scalex' of element 'camera' is not handled
[0;m[1;33m[pcl::PLYReader] Temp/Data/Pot_A/Pot_A_Piece_28_SampledWithNormals.ply:27: property 'float32 scaley' of element 'camera' is not handled
[0;m[1;33m[pcl::PLYReader] Temp/Data/Pot_A/Pot_A_Piece_28_SampledWithNormals.ply:28: property 'float32 centerx' of element 'camera' is not handled
[0;m[1;33m[pcl::PLYReader] Temp/Data/Pot_A/Pot_A_Piece_28_SampledWithNormals.ply:29: property 'float32 centery' of element 'camera' is not handled
[0;m[1;33m[pcl::PLYReader] Temp/Data/Pot_A/Pot_A_Piece_28_SampledWithNormals.ply:32: property 'float32 k1' of element 'camera' is not handled
[0;m[1;33m[pcl::PLYReader] Temp/Data/Pot_A/Pot_A_Piece_28_SampledWithNormals.ply:33: property 'float32 k2' of element 'camera' is not handled
[0;m[1;33m[pcl::PLYReader] Temp/Data/Pot_A/Pot_A_Piece_28_unclustered.ply:25: property 'float32 focal' of element 'camera' is not handled
[0;m[1;33m[pcl::PLYReader] Temp/Data/Pot_A/Pot_A_Piece_28_unclustered.ply:26: property 'float32 scalex' of element 'camera' is not handled
[0;m[1;33m[pcl::PLYReader] Temp/Data/Pot_A/Pot_A_Piece_28_unclustered.ply:27: property 'float32 scaley' of element 'camera' is not handled
[0;m[1;33m[pcl::PLYReader] Temp/Data/Pot_A/Pot_A_Piece_28_unclustered.ply:28: property 'float32 centerx' of element 'camera' is not handled
[0;m[1;33m[pcl::PLYReader] Temp/Data/Pot_A/Pot_A_Piece_28_unclustered.ply:29: property 'float32 centery' of element 'camera' is not handled
[0;m[1;33m[pcl::PLYReader] Temp/Data/Pot_A/Pot_A_Piece_28_unclustered.ply:32: property 'float32 k1' of element 'camera' is not handled
[0;m[1;33m[pcl::PLYReader] Temp/Data/Pot_A/Pot_A_Piece_28_unclustered.ply:33: property 'float32 k2' of element 'camera' is not handled
[0;m[1;33m[pcl::PLYReader] Temp/Data/Pot_A/Pot_A_Piece_28_Surface_0.ply:25: property 'float32 focal' of element 'camera' is not handled
[0;m[1;33m[pcl::PLYReader] Temp/Data/Pot_A/Pot_A_Piece_28_Surface_0.ply:26: property 'float32 scalex' of element 'camera' is not handled
[0;m[1;33m[pcl::PLYReader] Temp/Data/Pot_A/Pot_A_Piece_28_Surface_0.ply:27: property 'float32 scaley' of element 'camera' is not handled
[0;m[1;33m[pcl::PLYReader] Temp/Data/Pot_A/Pot_A_Piece_28_Surface_0.ply:28: property 'float32 centerx' of element 'camera' is not handled
[0;m[1;33m[pcl::PLYReader] Temp/Data/Pot_A/Pot_A_Piece_28_Surface_0.ply:29: property 'float32 centery' of element 'camera' is not handled
[0;m[1;33m[pcl::PLYReader] Temp/Data/Pot_A/Pot_A_Piece_28_Surface_0.ply:32: property 'float32 k1' of element 'camera' is not handled
[0;m[1;33m[pcl::PLYReader] Temp/Data/Pot_A/Pot_A_Piece_28_Surface_0.ply:33: property 'float32 k2' of element 'camera' is not handled
[0;m[1;33m[pcl::PLYReader] Temp/Data/Pot_A/Pot_A_Piece_28_Surface_1.ply:25: property 'float32 focal' of element 'camera' is not handled
[0;m[1;33m[pcl::PLYReader] Temp/Data/Pot_A/Pot_A_Piece_28_Surface_1.ply:26: property 'float32 scalex' of element 'camera' is not handled
[0;m[1;33m[pcl::PLYReader] Temp/Data/Pot_A/Pot_A_Piece_28_Surface_1.ply:27: property 'float32 scaley' of element 'camera' is not handled
[0;m[1;33m[pcl::PLYReader] Temp/Data/Pot_A/Pot_A_Piece_28_Surface_1.ply:28: property 'float32 centerx' of element 'camera' is not handled
[0;m[1;33m[pcl::PLYReader] Temp/Data/Pot_A/Pot_A_Piece_28_Surface_1.ply:29: property 'float32 centery' of element 'camera' is not handled
[0;m[1;33m[pcl::PLYReader] Temp/Data/Pot_A/Pot_A_Piece_28_Surface_1.ply:32: property 'float32 k1' of element 'camera' is not handled
[0;m[1;33m[pcl::PLYReader] Temp/Data/Pot_A/Pot_A_Piece_28_Surface_1.ply:33: property 'float32 k2' of element 'camera' is not handled
[0;m[1;33m[pcl::PLYReader] Temp/Data/Pot_A/Pot_A_Piece_29_SampledWithNormals.ply:25: property 'float32 focal' of element 'camera' is not handled
[0;m[1;33m[pcl::PLYReader] Temp/Data/Pot_A/Pot_A_Piece_29_SampledWithNormals.ply:26: property 'float32 scalex' of element 'camera' is not handled
[0;m[1;33m[pcl::PLYReader] Temp/Data/Pot_A/Pot_A_Piece_29_SampledWithNormals.ply:27: property 'float32 scaley' of element 'camera' is not handled
[0;m[1;33m[pcl::PLYReader] Temp/Data/Pot_A/Pot_A_Piece_29_SampledWithNormals.ply:28: property 'float32 centerx' of element 'camera' is not handled
[0;m[1;33m[pcl::PLYReader] Temp/Data/Pot_A/Pot_A_Piece_29_SampledWithNormals.ply:29: property 'float32 centery' of element 'camera' is not handled
[0;m[1;33m[pcl::PLYReader] Temp/Data/Pot_A/Pot_A_Piece_29_SampledWithNormals.ply:32: property 'float32 k1' of element 'camera' is not handled
[0;m[1;33m[pcl::PLYReader] Temp/Data/Pot_A/Pot_A_Piece_29_SampledWithNormals.ply:33: property 'float32 k2' of element 'camera' is not handled
[0;m[1;33m[pcl::PLYReader] Temp/Data/Pot_A/Pot_A_Piece_29_unclustered.ply:25: property 'float32 focal' of element 'camera' is not handled
[0;m[1;33m[pcl::PLYReader] Temp/Data/Pot_A/Pot_A_Piece_29_unclustered.ply:26: property 'float32 scalex' of element 'camera' is not handled
[0;m[1;33m[pcl::PLYReader] Temp/Data/Pot_A/Pot_A_Piece_29_unclustered.ply:27: property 'float32 scaley' of element 'camera' is not handled
[0;m[1;33m[pcl::PLYReader] Temp/Data/Pot_A/Pot_A_Piece_29_unclustered.ply:28: property 'float32 centerx' of element 'camera' is not handled
[0;m[1;33m[pcl::PLYReader] Temp/Data/Pot_A/Pot_A_Piece_29_unclustered.ply:29: property 'float32 centery' of element 'camera' is not handled
[0;m[1;33m[pcl::PLYReader] Temp/Data/Pot_A/Pot_A_Piece_29_unclustered.ply:32: property 'float32 k1' of element 'camera' is not handled
[0;m[1;33m[pcl::PLYReader] Temp/Data/Pot_A/Pot_A_Piece_29_unclustered.ply:33: property 'float32 k2' of element 'camera' is not handled
[0;m[1;33m[pcl::PLYReader] Temp/Data/Pot_A/Pot_A_Piece_29_Surface_0.ply:25: property 'float32 focal' of element 'camera' is not handled
[0;m[1;33m[pcl::PLYReader] Temp/Data/Pot_A/Pot_A_Piece_29_Surface_0.ply:26: property 'float32 scalex' of element 'camera' is not handled
[0;m[1;33m[pcl::PLYReader] Temp/Data/Pot_A/Pot_A_Piece_29_Surface_0.ply:27: property 'float32 scaley' of element 'camera' is not handled
[0;m[1;33m[pcl::PLYReader] Temp/Data/Pot_A/Pot_A_Piece_29_Surface_0.ply:28: property 'float32 centerx' of element 'camera' is not handled
[0;m[1;33m[pcl::PLYReader] Temp/Data/Pot_A/Pot_A_Piece_29_Surface_0.ply:29: property 'float32 centery' of element 'camera' is not handled
[0;m[1;33m[pcl::PLYReader] Temp/Data/Pot_A/Pot_A_Piece_29_Surface_0.ply:32: property 'float32 k1' of element 'camera' is not handled
[0;m[1;33m[pcl::PLYReader] Temp/Data/Pot_A/Pot_A_Piece_29_Surface_0.ply:33: property 'float32 k2' of element 'camera' is not handled
[0;m[1;33m[pcl::PLYReader] Temp/Data/Pot_A/Pot_A_Piece_29_Surface_1.ply:25: property 'float32 focal' of element 'camera' is not handled
[0;m[1;33m[pcl::PLYReader] Temp/Data/Pot_A/Pot_A_Piece_29_Surface_1.ply:26: property 'float32 scalex' of element 'camera' is not handled
[0;m[1;33m[pcl::PLYReader] Temp/Data/Pot_A/Pot_A_Piece_29_Surface_1.ply:27: property 'float32 scaley' of element 'camera' is not handled
[0;m[1;33m[pcl::PLYReader] Temp/Data/Pot_A/Pot_A_Piece_29_Surface_1.ply:28: property 'float32 centerx' of element 'camera' is not handled
[0;m[1;33m[pcl::PLYReader] Temp/Data/Pot_A/Pot_A_Piece_29_Surface_1.ply:29: property 'float32 centery' of element 'camera' is not handled
[0;m[1;33m[pcl::PLYReader] Temp/Data/Pot_A/Pot_A_Piece_29_Surface_1.ply:32: property 'float32 k1' of element 'camera' is not handled
[0;m[1;33m[pcl::PLYReader] Temp/Data/Pot_A/Pot_A_Piece_29_Surface_1.ply:33: property 'float32 k2' of element 'camera' is not handled
[0;m[1;33m[pcl::PLYReader] Temp/Data/Pot_A/Pot_A_Piece_30_SampledWithNormals.ply:25: property 'float32 focal' of element 'camera' is not handled
[0;m[1;33m[pcl::PLYReader] Temp/Data/Pot_A/Pot_A_Piece_30_SampledWithNormals.ply:26: property 'float32 scalex' of element 'camera' is not handled
[0;m[1;33m[pcl::PLYReader] Temp/Data/Pot_A/Pot_A_Piece_30_SampledWithNormals.ply:27: property 'float32 scaley' of element 'camera' is not handled
[0;m[1;33m[pcl::PLYReader] Temp/Data/Pot_A/Pot_A_Piece_30_SampledWithNormals.ply:28: property 'float32 centerx' of element 'camera' is not handled
[0;m[1;33m[pcl::PLYReader] Temp/Data/Pot_A/Pot_A_Piece_30_SampledWithNormals.ply:29: property 'float32 centery' of element 'camera' is not handled
[0;m[1;33m[pcl::PLYReader] Temp/Data/Pot_A/Pot_A_Piece_30_SampledWithNormals.ply:32: property 'float32 k1' of element 'camera' is not handled
[0;m[1;33m[pcl::PLYReader] Temp/Data/Pot_A/Pot_A_Piece_30_SampledWithNormals.ply:33: property 'float32 k2' of element 'camera' is not handled
[0;m[1;33m[pcl::PLYReader] Temp/Data/Pot_A/Pot_A_Piece_30_unclustered.ply:25: property 'float32 focal' of element 'camera' is not handled
[0;m[1;33m[pcl::PLYReader] Temp/Data/Pot_A/Pot_A_Piece_30_unclustered.ply:26: property 'float32 scalex' of element 'camera' is not handled
[0;m[1;33m[pcl::PLYReader] Temp/Data/Pot_A/Pot_A_Piece_30_unclustered.ply:27: property 'float32 scaley' of element 'camera' is not handled
[0;m[1;33m[pcl::PLYReader] Temp/Data/Pot_A/Pot_A_Piece_30_unclustered.ply:28: property 'float32 centerx' of element 'camera' is not handled
[0;m[1;33m[pcl::PLYReader] Temp/Data/Pot_A/Pot_A_Piece_30_unclustered.ply:29: property 'float32 centery' of element 'camera' is not handled
[0;m[1;33m[pcl::PLYReader] Temp/Data/Pot_A/Pot_A_Piece_30_unclustered.ply:32: property 'float32 k1' of element 'camera' is not handled
[0;m[1;33m[pcl::PLYReader] Temp/Data/Pot_A/Pot_A_Piece_30_unclustered.ply:33: property 'float32 k2' of element 'camera' is not handled
[0;m[1;33m[pcl::PLYReader] Temp/Data/Pot_A/Pot_A_Piece_30_Surface_0.ply:25: property 'float32 focal' of element 'camera' is not handled
[0;m[1;33m[pcl::PLYReader] Temp/Data/Pot_A/Pot_A_Piece_30_Surface_0.ply:26: property 'float32 scalex' of element 'camera' is not handled
[0;m[1;33m[pcl::PLYReader] Temp/Data/Pot_A/Pot_A_Piece_30_Surface_0.ply:27: property 'float32 scaley' of element 'camera' is not handled
[0;m[1;33m[pcl::PLYReader] Temp/Data/Pot_A/Pot_A_Piece_30_Surface_0.ply:28: property 'float32 centerx' of element 'camera' is not handled
[0;m[1;33m[pcl::PLYReader] Temp/Data/Pot_A/Pot_A_Piece_30_Surface_0.ply:29: property 'float32 centery' of element 'camera' is not handled
[0;m[1;33m[pcl::PLYReader] Temp/Data/Pot_A/Pot_A_Piece_30_Surface_0.ply:32: property 'float32 k1' of element 'camera' is not handled
[0;m[1;33m[pcl::PLYReader] Temp/Data/Pot_A/Pot_A_Piece_30_Surface_0.ply:33: property 'float32 k2' of element 'camera' is not handled
[0;m[1;33m[pcl::PLYReader] Temp/Data/Pot_A/Pot_A_Piece_30_Surface_1.ply:25: property 'float32 focal' of element 'camera' is not handled
[0;m[1;33m[pcl::PLYReader] Temp/Data/Pot_A/Pot_A_Piece_30_Surface_1.ply:26: property 'float32 scalex' of element 'camera' is not handled
[0;m[1;33m[pcl::PLYReader] Temp/Data/Pot_A/Pot_A_Piece_30_Surface_1.ply:27: property 'float32 scaley' of element 'camera' is not handled
[0;m[1;33m[pcl::PLYReader] Temp/Data/Pot_A/Pot_A_Piece_30_Surface_1.ply:28: property 'float32 centerx' of element 'camera' is not handled
[0;m[1;33m[pcl::PLYReader] Temp/Data/Pot_A/Pot_A_Piece_30_Surface_1.ply:29: property 'float32 centery' of element 'camera' is not handled
[0;m[1;33m[pcl::PLYReader] Temp/Data/Pot_A/Pot_A_Piece_30_Surface_1.ply:32: property 'float32 k1' of element 'camera' is not handled
[0;m[1;33m[pcl::PLYReader] Temp/Data/Pot_A/Pot_A_Piece_30_Surface_1.ply:33: property 'float32 k2' of element 'camera' is not handled
[0;m[1;33m[pcl::PLYReader] Temp/Data/Pot_A/Pot_A_Piece_31_SampledWithNormals.ply:25: property 'float32 focal' of element 'camera' is not handled
[0;m[1;33m[pcl::PLYReader] Temp/Data/Pot_A/Pot_A_Piece_31_SampledWithNormals.ply:26: property 'float32 scalex' of element 'camera' is not handled
[0;m[1;33m[pcl::PLYReader] Temp/Data/Pot_A/Pot_A_Piece_31_SampledWithNormals.ply:27: property 'float32 scaley' of element 'camera' is not handled
[0;m[1;33m[pcl::PLYReader] Temp/Data/Pot_A/Pot_A_Piece_31_SampledWithNormals.ply:28: property 'float32 centerx' of element 'camera' is not handled
[0;m[1;33m[pcl::PLYReader] Temp/Data/Pot_A/Pot_A_Piece_31_SampledWithNormals.ply:29: property 'float32 centery' of element 'camera' is not handled
[0;m[1;33m[pcl::PLYReader] Temp/Data/Pot_A/Pot_A_Piece_31_SampledWithNormals.ply:32: property 'float32 k1' of element 'camera' is not handled
[0;m[1;33m[pcl::PLYReader] Temp/Data/Pot_A/Pot_A_Piece_31_SampledWithNormals.ply:33: property 'float32 k2' of element 'camera' is not handled
[0;m[1;33m[pcl::PLYReader] Temp/Data/Pot_A/Pot_A_Piece_31_unclustered.ply:25: property 'float32 focal' of element 'camera' is not handled
[0;m[1;33m[pcl::PLYReader] Temp/Data/Pot_A/Pot_A_Piece_31_unclustered.ply:26: property 'float32 scalex' of element 'camera' is not handled
[0;m[1;33m[pcl::PLYReader] Temp/Data/Pot_A/Pot_A_Piece_31_unclustered.ply:27: property 'float32 scaley' of element 'camera' is not handled
[0;m[1;33m[pcl::PLYReader] Temp/Data/Pot_A/Pot_A_Piece_31_unclustered.ply:28: property 'float32 centerx' of element 'camera' is not handled
[0;m[1;33m[pcl::PLYReader] Temp/Data/Pot_A/Pot_A_Piece_31_unclustered.ply:29: property 'float32 centery' of element 'camera' is not handled
[0;m[1;33m[pcl::PLYReader] Temp/Data/Pot_A/Pot_A_Piece_31_unclustered.ply:32: property 'float32 k1' of element 'camera' is not handled
[0;m[1;33m[pcl::PLYReader] Temp/Data/Pot_A/Pot_A_Piece_31_unclustered.ply:33: property 'float32 k2' of element 'camera' is not handled
[0;m[1;33m[pcl::PLYReader] Temp/Data/Pot_A/Pot_A_Piece_31_Surface_0.ply:25: property 'float32 focal' of element 'camera' is not handled
[0;m[1;33m[pcl::PLYReader] Temp/Data/Pot_A/Pot_A_Piece_31_Surface_0.ply:26: property 'float32 scalex' of element 'camera' is not handled
[0;m[1;33m[pcl::PLYReader] Temp/Data/Pot_A/Pot_A_Piece_31_Surface_0.ply:27: property 'float32 scaley' of element 'camera' is not handled
[0;m[1;33m[pcl::PLYReader] Temp/Data/Pot_A/Pot_A_Piece_31_Surface_0.ply:28: property 'float32 centerx' of element 'camera' is not handled
[0;m[1;33m[pcl::PLYReader] Temp/Data/Pot_A/Pot_A_Piece_31_Surface_0.ply:29: property 'float32 centery' of element 'camera' is not handled
[0;m[1;33m[pcl::PLYReader] Temp/Data/Pot_A/Pot_A_Piece_31_Surface_0.ply:32: property 'float32 k1' of element 'camera' is not handled
[0;m[1;33m[pcl::PLYReader] Temp/Data/Pot_A/Pot_A_Piece_31_Surface_0.ply:33: property 'float32 k2' of element 'camera' is not handled
[0;m[1;33m[pcl::PLYReader] Temp/Data/Pot_A/Pot_A_Piece_31_Surface_1.ply:25: property 'float32 focal' of element 'camera' is not handled
[0;m[1;33m[pcl::PLYReader] Temp/Data/Pot_A/Pot_A_Piece_31_Surface_1.ply:26: property 'float32 scalex' of element 'camera' is not handled
[0;m[1;33m[pcl::PLYReader] Temp/Data/Pot_A/Pot_A_Piece_31_Surface_1.ply:27: property 'float32 scaley' of element 'camera' is not handled
[0;m[1;33m[pcl::PLYReader] Temp/Data/Pot_A/Pot_A_Piece_31_Surface_1.ply:28: property 'float32 centerx' of element 'camera' is not handled
[0;m[1;33m[pcl::PLYReader] Temp/Data/Pot_A/Pot_A_Piece_31_Surface_1.ply:29: property 'float32 centery' of element 'camera' is not handled
[0;m[1;33m[pcl::PLYReader] Temp/Data/Pot_A/Pot_A_Piece_31_Surface_1.ply:32: property 'float32 k1' of element 'camera' is not handled
[0;m[1;33m[pcl::PLYReader] Temp/Data/Pot_A/Pot_A_Piece_31_Surface_1.ply:33: property 'float32 k2' of element 'camera' is not handled
[0;m[1;33m[pcl::PLYReader] Temp/Data/Pot_A/Pot_A_Piece_32_SampledWithNormals.ply:25: property 'float32 focal' of element 'camera' is not handled
[0;m[1;33m[pcl::PLYReader] Temp/Data/Pot_A/Pot_A_Piece_32_SampledWithNormals.ply:26: property 'float32 scalex' of element 'camera' is not handled
[0;m[1;33m[pcl::PLYReader] Temp/Data/Pot_A/Pot_A_Piece_32_SampledWithNormals.ply:27: property 'float32 scaley' of element 'camera' is not handled
[0;m[1;33m[pcl::PLYReader] Temp/Data/Pot_A/Pot_A_Piece_32_SampledWithNormals.ply:28: property 'float32 centerx' of element 'camera' is not handled
[0;m[1;33m[pcl::PLYReader] Temp/Data/Pot_A/Pot_A_Piece_32_SampledWithNormals.ply:29: property 'float32 centery' of element 'camera' is not handled
[0;m[1;33m[pcl::PLYReader] Temp/Data/Pot_A/Pot_A_Piece_32_SampledWithNormals.ply:32: property 'float32 k1' of element 'camera' is not handled
[0;m[1;33m[pcl::PLYReader] Temp/Data/Pot_A/Pot_A_Piece_32_SampledWithNormals.ply:33: property 'float32 k2' of element 'camera' is not handled
[0;m[1;33m[pcl::PLYReader] Temp/Data/Pot_A/Pot_A_Piece_32_unclustered.ply:25: property 'float32 focal' of element 'camera' is not handled
[0;m[1;33m[pcl::PLYReader] Temp/Data/Pot_A/Pot_A_Piece_32_unclustered.ply:26: property 'float32 scalex' of element 'camera' is not handled
[0;m[1;33m[pcl::PLYReader] Temp/Data/Pot_A/Pot_A_Piece_32_unclustered.ply:27: property 'float32 scaley' of element 'camera' is not handled
[0;m[1;33m[pcl::PLYReader] Temp/Data/Pot_A/Pot_A_Piece_32_unclustered.ply:28: property 'float32 centerx' of element 'camera' is not handled
[0;m[1;33m[pcl::PLYReader] Temp/Data/Pot_A/Pot_A_Piece_32_unclustered.ply:29: property 'float32 centery' of element 'camera' is not handled
[0;m[1;33m[pcl::PLYReader] Temp/Data/Pot_A/Pot_A_Piece_32_unclustered.ply:32: property 'float32 k1' of element 'camera' is not handled
[0;m[1;33m[pcl::PLYReader] Temp/Data/Pot_A/Pot_A_Piece_32_unclustered.ply:33: property 'float32 k2' of element 'camera' is not handled
[0;m[1;33m[pcl::PLYReader] Temp/Data/Pot_A/Pot_A_Piece_32_Surface_0.ply:25: property 'float32 focal' of element 'camera' is not handled
[0;m[1;33m[pcl::PLYReader] Temp/Data/Pot_A/Pot_A_Piece_32_Surface_0.ply:26: property 'float32 scalex' of element 'camera' is not handled
[0;m[1;33m[pcl::PLYReader] Temp/Data/Pot_A/Pot_A_Piece_32_Surface_0.ply:27: property 'float32 scaley' of element 'camera' is not handled
[0;m[1;33m[pcl::PLYReader] Temp/Data/Pot_A/Pot_A_Piece_32_Surface_0.ply:28: property 'float32 centerx' of element 'camera' is not handled
[0;m[1;33m[pcl::PLYReader] Temp/Data/Pot_A/Pot_A_Piece_32_Surface_0.ply:29: property 'float32 centery' of element 'camera' is not handled
[0;m[1;33m[pcl::PLYReader] Temp/Data/Pot_A/Pot_A_Piece_32_Surface_0.ply:32: property 'float32 k1' of element 'camera' is not handled
[0;m[1;33m[pcl::PLYReader] Temp/Data/Pot_A/Pot_A_Piece_32_Surface_0.ply:33: property 'float32 k2' of element 'camera' is not handled
[0;m[1;33m[pcl::PLYReader] Temp/Data/Pot_A/Pot_A_Piece_32_Surface_1.ply:25: property 'float32 focal' of element 'camera' is not handled
[0;m[1;33m[pcl::PLYReader] Temp/Data/Pot_A/Pot_A_Piece_32_Surface_1.ply:26: property 'float32 scalex' of element 'camera' is not handled
[0;m[1;33m[pcl::PLYReader] Temp/Data/Pot_A/Pot_A_Piece_32_Surface_1.ply:27: property 'float32 scaley' of element 'camera' is not handled
[0;m[1;33m[pcl::PLYReader] Temp/Data/Pot_A/Pot_A_Piece_32_Surface_1.ply:28: property 'float32 centerx' of element 'camera' is not handled
[0;m[1;33m[pcl::PLYReader] Temp/Data/Pot_A/Pot_A_Piece_32_Surface_1.ply:29: property 'float32 centery' of element 'camera' is not handled
[0;m[1;33m[pcl::PLYReader] Temp/Data/Pot_A/Pot_A_Piece_32_Surface_1.ply:32: property 'float32 k1' of element 'camera' is not handled
[0;m[1;33m[pcl::PLYReader] Temp/Data/Pot_A/Pot_A_Piece_32_Surface_1.ply:33: property 'float32 k2' of element 'camera' is not handled
[0;m[1;33m[pcl::PLYReader] Temp/Data/Pot_A/Pot_A_Piece_33_SampledWithNormals.ply:25: property 'float32 focal' of element 'camera' is not handled
[0;m[1;33m[pcl::PLYReader] Temp/Data/Pot_A/Pot_A_Piece_33_SampledWithNormals.ply:26: property 'float32 scalex' of element 'camera' is not handled
[0;m[1;33m[pcl::PLYReader] Temp/Data/Pot_A/Pot_A_Piece_33_SampledWithNormals.ply:27: property 'float32 scaley' of element 'camera' is not handled
[0;m[1;33m[pcl::PLYReader] Temp/Data/Pot_A/Pot_A_Piece_33_SampledWithNormals.ply:28: property 'float32 centerx' of element 'camera' is not handled
[0;m[1;33m[pcl::PLYReader] Temp/Data/Pot_A/Pot_A_Piece_33_SampledWithNormals.ply:29: property 'float32 centery' of element 'camera' is not handled
[0;m[1;33m[pcl::PLYReader] Temp/Data/Pot_A/Pot_A_Piece_33_SampledWithNormals.ply:32: property 'float32 k1' of element 'camera' is not handled
[0;m[1;33m[pcl::PLYReader] Temp/Data/Pot_A/Pot_A_Piece_33_SampledWithNormals.ply:33: property 'float32 k2' of element 'camera' is not handled
[0;m[1;33m[pcl::PLYReader] Temp/Data/Pot_A/Pot_A_Piece_33_unclustered.ply:25: property 'float32 focal' of element 'camera' is not handled
[0;m[1;33m[pcl::PLYReader] Temp/Data/Pot_A/Pot_A_Piece_33_unclustered.ply:26: property 'float32 scalex' of element 'camera' is not handled
[0;m[1;33m[pcl::PLYReader] Temp/Data/Pot_A/Pot_A_Piece_33_unclustered.ply:27: property 'float32 scaley' of element 'camera' is not handled
[0;m[1;33m[pcl::PLYReader] Temp/Data/Pot_A/Pot_A_Piece_33_unclustered.ply:28: property 'float32 centerx' of element 'camera' is not handled
[0;m[1;33m[pcl::PLYReader] Temp/Data/Pot_A/Pot_A_Piece_33_unclustered.ply:29: property 'float32 centery' of element 'camera' is not handled
[0;m[1;33m[pcl::PLYReader] Temp/Data/Pot_A/Pot_A_Piece_33_unclustered.ply:32: property 'float32 k1' of element 'camera' is not handled
[0;m[1;33m[pcl::PLYReader] Temp/Data/Pot_A/Pot_A_Piece_33_unclustered.ply:33: property 'float32 k2' of element 'camera' is not handled
[0;m[1;33m[pcl::PLYReader] Temp/Data/Pot_A/Pot_A_Piece_33_Surface_0.ply:25: property 'float32 focal' of element 'camera' is not handled
[0;m[1;33m[pcl::PLYReader] Temp/Data/Pot_A/Pot_A_Piece_33_Surface_0.ply:26: property 'float32 scalex' of element 'camera' is not handled
[0;m[1;33m[pcl::PLYReader] Temp/Data/Pot_A/Pot_A_Piece_33_Surface_0.ply:27: property 'float32 scaley' of element 'camera' is not handled
[0;m[1;33m[pcl::PLYReader] Temp/Data/Pot_A/Pot_A_Piece_33_Surface_0.ply:28: property 'float32 centerx' of element 'camera' is not handled
[0;m[1;33m[pcl::PLYReader] Temp/Data/Pot_A/Pot_A_Piece_33_Surface_0.ply:29: property 'float32 centery' of element 'camera' is not handled
[0;m[1;33m[pcl::PLYReader] Temp/Data/Pot_A/Pot_A_Piece_33_Surface_0.ply:32: property 'float32 k1' of element 'camera' is not handled
[0;m[1;33m[pcl::PLYReader] Temp/Data/Pot_A/Pot_A_Piece_33_Surface_0.ply:33: property 'float32 k2' of element 'camera' is not handled
[0;m[1;33m[pcl::PLYReader] Temp/Data/Pot_A/Pot_A_Piece_33_Surface_1.ply:25: property 'float32 focal' of element 'camera' is not handled
[0;m[1;33m[pcl::PLYReader] Temp/Data/Pot_A/Pot_A_Piece_33_Surface_1.ply:26: property 'float32 scalex' of element 'camera' is not handled
[0;m[1;33m[pcl::PLYReader] Temp/Data/Pot_A/Pot_A_Piece_33_Surface_1.ply:27: property 'float32 scaley' of element 'camera' is not handled
[0;m[1;33m[pcl::PLYReader] Temp/Data/Pot_A/Pot_A_Piece_33_Surface_1.ply:28: property 'float32 centerx' of element 'camera' is not handled
[0;m[1;33m[pcl::PLYReader] Temp/Data/Pot_A/Pot_A_Piece_33_Surface_1.ply:29: property 'float32 centery' of element 'camera' is not handled
[0;m[1;33m[pcl::PLYReader] Temp/Data/Pot_A/Pot_A_Piece_33_Surface_1.ply:32: property 'float32 k1' of element 'camera' is not handled
[0;m[1;33m[pcl::PLYReader] Temp/Data/Pot_A/Pot_A_Piece_33_Surface_1.ply:33: property 'float32 k2' of element 'camera' is not handled
[0;m[1;33m[pcl::PLYReader] Temp/Data/Pot_A/Pot_A_Piece_34_SampledWithNormals.ply:25: property 'float32 focal' of element 'camera' is not handled
[0;m[1;33m[pcl::PLYReader] Temp/Data/Pot_A/Pot_A_Piece_34_SampledWithNormals.ply:26: property 'float32 scalex' of element 'camera' is not handled
[0;m[1;33m[pcl::PLYReader] Temp/Data/Pot_A/Pot_A_Piece_34_SampledWithNormals.ply:27: property 'float32 scaley' of element 'camera' is not handled
[0;m[1;33m[pcl::PLYReader] Temp/Data/Pot_A/Pot_A_Piece_34_SampledWithNormals.ply:28: property 'float32 centerx' of element 'camera' is not handled
[0;m[1;33m[pcl::PLYReader] Temp/Data/Pot_A/Pot_A_Piece_34_SampledWithNormals.ply:29: property 'float32 centery' of element 'camera' is not handled
[0;m[1;33m[pcl::PLYReader] Temp/Data/Pot_A/Pot_A_Piece_34_SampledWithNormals.ply:32: property 'float32 k1' of element 'camera' is not handled
[0;m[1;33m[pcl::PLYReader] Temp/Data/Pot_A/Pot_A_Piece_34_SampledWithNormals.ply:33: property 'float32 k2' of element 'camera' is not handled
[0;m[1;33m[pcl::PLYReader] Temp/Data/Pot_A/Pot_A_Piece_34_unclustered.ply:25: property 'float32 focal' of element 'camera' is not handled
[0;m[1;33m[pcl::PLYReader] Temp/Data/Pot_A/Pot_A_Piece_34_unclustered.ply:26: property 'float32 scalex' of element 'camera' is not handled
[0;m[1;33m[pcl::PLYReader] Temp/Data/Pot_A/Pot_A_Piece_34_unclustered.ply:27: property 'float32 scaley' of element 'camera' is not handled
[0;m[1;33m[pcl::PLYReader] Temp/Data/Pot_A/Pot_A_Piece_34_unclustered.ply:28: property 'float32 centerx' of element 'camera' is not handled
[0;m[1;33m[pcl::PLYReader] Temp/Data/Pot_A/Pot_A_Piece_34_unclustered.ply:29: property 'float32 centery' of element 'camera' is not handled
[0;m[1;33m[pcl::PLYReader] Temp/Data/Pot_A/Pot_A_Piece_34_unclustered.ply:32: property 'float32 k1' of element 'camera' is not handled
[0;m[1;33m[pcl::PLYReader] Temp/Data/Pot_A/Pot_A_Piece_34_unclustered.ply:33: property 'float32 k2' of element 'camera' is not handled
[0;m[1;33m[pcl::PLYReader] Temp/Data/Pot_A/Pot_A_Piece_34_Surface_0.ply:25: property 'float32 focal' of element 'camera' is not handled
[0;m[1;33m[pcl::PLYReader] Temp/Data/Pot_A/Pot_A_Piece_34_Surface_0.ply:26: property 'float32 scalex' of element 'camera' is not handled
[0;m[1;33m[pcl::PLYReader] Temp/Data/Pot_A/Pot_A_Piece_34_Surface_0.ply:27: property 'float32 scaley' of element 'camera' is not handled
[0;m[1;33m[pcl::PLYReader] Temp/Data/Pot_A/Pot_A_Piece_34_Surface_0.ply:28: property 'float32 centerx' of element 'camera' is not handled
[0;m[1;33m[pcl::PLYReader] Temp/Data/Pot_A/Pot_A_Piece_34_Surface_0.ply:29: property 'float32 centery' of element 'camera' is not handled
[0;m[1;33m[pcl::PLYReader] Temp/Data/Pot_A/Pot_A_Piece_34_Surface_0.ply:32: property 'float32 k1' of element 'camera' is not handled
[0;m[1;33m[pcl::PLYReader] Temp/Data/Pot_A/Pot_A_Piece_34_Surface_0.ply:33: property 'float32 k2' of element 'camera' is not handled
[0;m[1;33m[pcl::PLYReader] Temp/Data/Pot_A/Pot_A_Piece_34_Surface_1.ply:25: property 'float32 focal' of element 'camera' is not handled
[0;m[1;33m[pcl::PLYReader] Temp/Data/Pot_A/Pot_A_Piece_34_Surface_1.ply:26: property 'float32 scalex' of element 'camera' is not handled
[0;m[1;33m[pcl::PLYReader] Temp/Data/Pot_A/Pot_A_Piece_34_Surface_1.ply:27: property 'float32 scaley' of element 'camera' is not handled
[0;m[1;33m[pcl::PLYReader] Temp/Data/Pot_A/Pot_A_Piece_34_Surface_1.ply:28: property 'float32 centerx' of element 'camera' is not handled
[0;m[1;33m[pcl::PLYReader] Temp/Data/Pot_A/Pot_A_Piece_34_Surface_1.ply:29: property 'float32 centery' of element 'camera' is not handled
[0;m[1;33m[pcl::PLYReader] Temp/Data/Pot_A/Pot_A_Piece_34_Surface_1.ply:32: property 'float32 k1' of element 'camera' is not handled
[0;m[1;33m[pcl::PLYReader] Temp/Data/Pot_A/Pot_A_Piece_34_Surface_1.ply:33: property 'float32 k2' of element 'camera' is not handled
[0;m[1;33m[pcl::PLYReader] Temp/Data/Pot_A/Pot_A_Piece_35_SampledWithNormals.ply:25: property 'float32 focal' of element 'camera' is not handled
[0;m[1;33m[pcl::PLYReader] Temp/Data/Pot_A/Pot_A_Piece_35_SampledWithNormals.ply:26: property 'float32 scalex' of element 'camera' is not handled
[0;m[1;33m[pcl::PLYReader] Temp/Data/Pot_A/Pot_A_Piece_35_SampledWithNormals.ply:27: property 'float32 scaley' of element 'camera' is not handled
[0;m[1;33m[pcl::PLYReader] Temp/Data/Pot_A/Pot_A_Piece_35_SampledWithNormals.ply:28: property 'float32 centerx' of element 'camera' is not handled
[0;m[1;33m[pcl::PLYReader] Temp/Data/Pot_A/Pot_A_Piece_35_SampledWithNormals.ply:29: property 'float32 centery' of element 'camera' is not handled
[0;m[1;33m[pcl::PLYReader] Temp/Data/Pot_A/Pot_A_Piece_35_SampledWithNormals.ply:32: property 'float32 k1' of element 'camera' is not handled
[0;m[1;33m[pcl::PLYReader] Temp/Data/Pot_A/Pot_A_Piece_35_SampledWithNormals.ply:33: property 'float32 k2' of element 'camera' is not handled
[0;m[1;33m[pcl::PLYReader] Temp/Data/Pot_A/Pot_A_Piece_35_unclustered.ply:25: property 'float32 focal' of element 'camera' is not handled
[0;m[1;33m[pcl::PLYReader] Temp/Data/Pot_A/Pot_A_Piece_35_unclustered.ply:26: property 'float32 scalex' of element 'camera' is not handled
[0;m[1;33m[pcl::PLYReader] Temp/Data/Pot_A/Pot_A_Piece_35_unclustered.ply:27: property 'float32 scaley' of element 'camera' is not handled
[0;m[1;33m[pcl::PLYReader] Temp/Data/Pot_A/Pot_A_Piece_35_unclustered.ply:28: property 'float32 centerx' of element 'camera' is not handled
[0;m[1;33m[pcl::PLYReader] Temp/Data/Pot_A/Pot_A_Piece_35_unclustered.ply:29: property 'float32 centery' of element 'camera' is not handled
[0;m[1;33m[pcl::PLYReader] Temp/Data/Pot_A/Pot_A_Piece_35_unclustered.ply:32: property 'float32 k1' of element 'camera' is not handled
[0;m[1;33m[pcl::PLYReader] Temp/Data/Pot_A/Pot_A_Piece_35_unclustered.ply:33: property 'float32 k2' of element 'camera' is not handled
[0;m[1;33m[pcl::PLYReader] Temp/Data/Pot_A/Pot_A_Piece_35_Surface_0.ply:25: property 'float32 focal' of element 'camera' is not handled
[0;m[1;33m[pcl::PLYReader] Temp/Data/Pot_A/Pot_A_Piece_35_Surface_0.ply:26: property 'float32 scalex' of element 'camera' is not handled
[0;m[1;33m[pcl::PLYReader] Temp/Data/Pot_A/Pot_A_Piece_35_Surface_0.ply:27: property 'float32 scaley' of element 'camera' is not handled
[0;m[1;33m[pcl::PLYReader] Temp/Data/Pot_A/Pot_A_Piece_35_Surface_0.ply:28: property 'float32 centerx' of element 'camera' is not handled
[0;m[1;33m[pcl::PLYReader] Temp/Data/Pot_A/Pot_A_Piece_35_Surface_0.ply:29: property 'float32 centery' of element 'camera' is not handled
[0;m[1;33m[pcl::PLYReader] Temp/Data/Pot_A/Pot_A_Piece_35_Surface_0.ply:32: property 'float32 k1' of element 'camera' is not handled
[0;m[1;33m[pcl::PLYReader] Temp/Data/Pot_A/Pot_A_Piece_35_Surface_0.ply:33: property 'float32 k2' of element 'camera' is not handled
[0;m[1;33m[pcl::PLYReader] Temp/Data/Pot_A/Pot_A_Piece_35_Surface_1.ply:25: property 'float32 focal' of element 'camera' is not handled
[0;m[1;33m[pcl::PLYReader] Temp/Data/Pot_A/Pot_A_Piece_35_Surface_1.ply:26: property 'float32 scalex' of element 'camera' is not handled
[0;m[1;33m[pcl::PLYReader] Temp/Data/Pot_A/Pot_A_Piece_35_Surface_1.ply:27: property 'float32 scaley' of element 'camera' is not handled
[0;m[1;33m[pcl::PLYReader] Temp/Data/Pot_A/Pot_A_Piece_35_Surface_1.ply:28: property 'float32 centerx' of element 'camera' is not handled
[0;m[1;33m[pcl::PLYReader] Temp/Data/Pot_A/Pot_A_Piece_35_Surface_1.ply:29: property 'float32 centery' of element 'camera' is not handled
[0;m[1;33m[pcl::PLYReader] Temp/Data/Pot_A/Pot_A_Piece_35_Surface_1.ply:32: property 'float32 k1' of element 'camera' is not handled
[0;m[1;33m[pcl::PLYReader] Temp/Data/Pot_A/Pot_A_Piece_35_Surface_1.ply:33: property 'float32 k2' of element 'camera' is not handled
[0;m[1;33m[pcl::PLYReader] Temp/Data/Pot_A/Pot_A_Piece_36_SampledWithNormals.ply:25: property 'float32 focal' of element 'camera' is not handled
[0;m[1;33m[pcl::PLYReader] Temp/Data/Pot_A/Pot_A_Piece_36_SampledWithNormals.ply:26: property 'float32 scalex' of element 'camera' is not handled
[0;m[1;33m[pcl::PLYReader] Temp/Data/Pot_A/Pot_A_Piece_36_SampledWithNormals.ply:27: property 'float32 scaley' of element 'camera' is not handled
[0;m[1;33m[pcl::PLYReader] Temp/Data/Pot_A/Pot_A_Piece_36_SampledWithNormals.ply:28: property 'float32 centerx' of element 'camera' is not handled
[0;m[1;33m[pcl::PLYReader] Temp/Data/Pot_A/Pot_A_Piece_36_SampledWithNormals.ply:29: property 'float32 centery' of element 'camera' is not handled
[0;m[1;33m[pcl::PLYReader] Temp/Data/Pot_A/Pot_A_Piece_36_SampledWithNormals.ply:32: property 'float32 k1' of element 'camera' is not handled
[0;m[1;33m[pcl::PLYReader] Temp/Data/Pot_A/Pot_A_Piece_36_SampledWithNormals.ply:33: property 'float32 k2' of element 'camera' is not handled
[0;m[1;33m[pcl::PLYReader] Temp/Data/Pot_A/Pot_A_Piece_36_unclustered.ply:25: property 'float32 focal' of element 'camera' is not handled
[0;m[1;33m[pcl::PLYReader] Temp/Data/Pot_A/Pot_A_Piece_36_unclustered.ply:26: property 'float32 scalex' of element 'camera' is not handled
[0;m[1;33m[pcl::PLYReader] Temp/Data/Pot_A/Pot_A_Piece_36_unclustered.ply:27: property 'float32 scaley' of element 'camera' is not handled
[0;m[1;33m[pcl::PLYReader] Temp/Data/Pot_A/Pot_A_Piece_36_unclustered.ply:28: property 'float32 centerx' of element 'camera' is not handled
[0;m[1;33m[pcl::PLYReader] Temp/Data/Pot_A/Pot_A_Piece_36_unclustered.ply:29: property 'float32 centery' of element 'camera' is not handled
[0;m[1;33m[pcl::PLYReader] Temp/Data/Pot_A/Pot_A_Piece_36_unclustered.ply:32: property 'float32 k1' of element 'camera' is not handled
[0;m[1;33m[pcl::PLYReader] Temp/Data/Pot_A/Pot_A_Piece_36_unclustered.ply:33: property 'float32 k2' of element 'camera' is not handled
[0;m[1;33m[pcl::PLYReader] Temp/Data/Pot_A/Pot_A_Piece_36_Surface_0.ply:25: property 'float32 focal' of element 'camera' is not handled
[0;m[1;33m[pcl::PLYReader] Temp/Data/Pot_A/Pot_A_Piece_36_Surface_0.ply:26: property 'float32 scalex' of element 'camera' is not handled
[0;m[1;33m[pcl::PLYReader] Temp/Data/Pot_A/Pot_A_Piece_36_Surface_0.ply:27: property 'float32 scaley' of element 'camera' is not handled
[0;m[1;33m[pcl::PLYReader] Temp/Data/Pot_A/Pot_A_Piece_36_Surface_0.ply:28: property 'float32 centerx' of element 'camera' is not handled
[0;m[1;33m[pcl::PLYReader] Temp/Data/Pot_A/Pot_A_Piece_36_Surface_0.ply:29: property 'float32 centery' of element 'camera' is not handled
[0;m[1;33m[pcl::PLYReader] Temp/Data/Pot_A/Pot_A_Piece_36_Surface_0.ply:32: property 'float32 k1' of element 'camera' is not handled
[0;m[1;33m[pcl::PLYReader] Temp/Data/Pot_A/Pot_A_Piece_36_Surface_0.ply:33: property 'float32 k2' of element 'camera' is not handled
[0;m[1;33m[pcl::PLYReader] Temp/Data/Pot_A/Pot_A_Piece_36_Surface_1.ply:25: property 'float32 focal' of element 'camera' is not handled
[0;m[1;33m[pcl::PLYReader] Temp/Data/Pot_A/Pot_A_Piece_36_Surface_1.ply:26: property 'float32 scalex' of element 'camera' is not handled
[0;m[1;33m[pcl::PLYReader] Temp/Data/Pot_A/Pot_A_Piece_36_Surface_1.ply:27: property 'float32 scaley' of element 'camera' is not handled
[0;m[1;33m[pcl::PLYReader] Temp/Data/Pot_A/Pot_A_Piece_36_Surface_1.ply:28: property 'float32 centerx' of element 'camera' is not handled
[0;m[1;33m[pcl::PLYReader] Temp/Data/Pot_A/Pot_A_Piece_36_Surface_1.ply:29: property 'float32 centery' of element 'camera' is not handled
[0;m[1;33m[pcl::PLYReader] Temp/Data/Pot_A/Pot_A_Piece_36_Surface_1.ply:32: property 'float32 k1' of element 'camera' is not handled
[0;m[1;33m[pcl::PLYReader] Temp/Data/Pot_A/Pot_A_Piece_36_Surface_1.ply:33: property 'float32 k2' of element 'camera' is not handled
[0;m[1;33m[pcl::PLYReader] Temp/Data/Pot_A/Pot_A_Piece_37_SampledWithNormals.ply:25: property 'float32 focal' of element 'camera' is not handled
[0;m[1;33m[pcl::PLYReader] Temp/Data/Pot_A/Pot_A_Piece_37_SampledWithNormals.ply:26: property 'float32 scalex' of element 'camera' is not handled
[0;m[1;33m[pcl::PLYReader] Temp/Data/Pot_A/Pot_A_Piece_37_SampledWithNormals.ply:27: property 'float32 scaley' of element 'camera' is not handled
[0;m[1;33m[pcl::PLYReader] Temp/Data/Pot_A/Pot_A_Piece_37_SampledWithNormals.ply:28: property 'float32 centerx' of element 'camera' is not handled
[0;m[1;33m[pcl::PLYReader] Temp/Data/Pot_A/Pot_A_Piece_37_SampledWithNormals.ply:29: property 'float32 centery' of element 'camera' is not handled
[0;m[1;33m[pcl::PLYReader] Temp/Data/Pot_A/Pot_A_Piece_37_SampledWithNormals.ply:32: property 'float32 k1' of element 'camera' is not handled
[0;m[1;33m[pcl::PLYReader] Temp/Data/Pot_A/Pot_A_Piece_37_SampledWithNormals.ply:33: property 'float32 k2' of element 'camera' is not handled
[0;m[1;33m[pcl::PLYReader] Temp/Data/Pot_A/Pot_A_Piece_37_unclustered.ply:25: property 'float32 focal' of element 'camera' is not handled
[0;m[1;33m[pcl::PLYReader] Temp/Data/Pot_A/Pot_A_Piece_37_unclustered.ply:26: property 'float32 scalex' of element 'camera' is not handled
[0;m[1;33m[pcl::PLYReader] Temp/Data/Pot_A/Pot_A_Piece_37_unclustered.ply:27: property 'float32 scaley' of element 'camera' is not handled
[0;m[1;33m[pcl::PLYReader] Temp/Data/Pot_A/Pot_A_Piece_37_unclustered.ply:28: property 'float32 centerx' of element 'camera' is not handled
[0;m[1;33m[pcl::PLYReader] Temp/Data/Pot_A/Pot_A_Piece_37_unclustered.ply:29: property 'float32 centery' of element 'camera' is not handled
[0;m[1;33m[pcl::PLYReader] Temp/Data/Pot_A/Pot_A_Piece_37_unclustered.ply:32: property 'float32 k1' of element 'camera' is not handled
[0;m[1;33m[pcl::PLYReader] Temp/Data/Pot_A/Pot_A_Piece_37_unclustered.ply:33: property 'float32 k2' of element 'camera' is not handled
[0;m[1;33m[pcl::PLYReader] Temp/Data/Pot_A/Pot_A_Piece_37_Surface_0.ply:25: property 'float32 focal' of element 'camera' is not handled
[0;m[1;33m[pcl::PLYReader] Temp/Data/Pot_A/Pot_A_Piece_37_Surface_0.ply:26: property 'float32 scalex' of element 'camera' is not handled
[0;m[1;33m[pcl::PLYReader] Temp/Data/Pot_A/Pot_A_Piece_37_Surface_0.ply:27: property 'float32 scaley' of element 'camera' is not handled
[0;m[1;33m[pcl::PLYReader] Temp/Data/Pot_A/Pot_A_Piece_37_Surface_0.ply:28: property 'float32 centerx' of element 'camera' is not handled
[0;m[1;33m[pcl::PLYReader] Temp/Data/Pot_A/Pot_A_Piece_37_Surface_0.ply:29: property 'float32 centery' of element 'camera' is not handled
[0;m[1;33m[pcl::PLYReader] Temp/Data/Pot_A/Pot_A_Piece_37_Surface_0.ply:32: property 'float32 k1' of element 'camera' is not handled
[0;m[1;33m[pcl::PLYReader] Temp/Data/Pot_A/Pot_A_Piece_37_Surface_0.ply:33: property 'float32 k2' of element 'camera' is not handled
[0;m[1;33m[pcl::PLYReader] Temp/Data/Pot_A/Pot_A_Piece_37_Surface_1.ply:25: property 'float32 focal' of element 'camera' is not handled
[0;m[1;33m[pcl::PLYReader] Temp/Data/Pot_A/Pot_A_Piece_37_Surface_1.ply:26: property 'float32 scalex' of element 'camera' is not handled
[0;m[1;33m[pcl::PLYReader] Temp/Data/Pot_A/Pot_A_Piece_37_Surface_1.ply:27: property 'float32 scaley' of element 'camera' is not handled
[0;m[1;33m[pcl::PLYReader] Temp/Data/Pot_A/Pot_A_Piece_37_Surface_1.ply:28: property 'float32 centerx' of element 'camera' is not handled
[0;m[1;33m[pcl::PLYReader] Temp/Data/Pot_A/Pot_A_Piece_37_Surface_1.ply:29: property 'float32 centery' of element 'camera' is not handled
[0;m[1;33m[pcl::PLYReader] Temp/Data/Pot_A/Pot_A_Piece_37_Surface_1.ply:32: property 'float32 k1' of element 'camera' is not handled
[0;m[1;33m[pcl::PLYReader] Temp/Data/Pot_A/Pot_A_Piece_37_Surface_1.ply:33: property 'float32 k2' of element 'camera' is not handled
[0;m[1;33m[pcl::PLYReader] Temp/Data/Pot_A/Pot_A_Piece_38_SampledWithNormals.ply:25: property 'float32 focal' of element 'camera' is not handled
[0;m[1;33m[pcl::PLYReader] Temp/Data/Pot_A/Pot_A_Piece_38_SampledWithNormals.ply:26: property 'float32 scalex' of element 'camera' is not handled
[0;m[1;33m[pcl::PLYReader] Temp/Data/Pot_A/Pot_A_Piece_38_SampledWithNormals.ply:27: property 'float32 scaley' of element 'camera' is not handled
[0;m[1;33m[pcl::PLYReader] Temp/Data/Pot_A/Pot_A_Piece_38_SampledWithNormals.ply:28: property 'float32 centerx' of element 'camera' is not handled
[0;m[1;33m[pcl::PLYReader] Temp/Data/Pot_A/Pot_A_Piece_38_SampledWithNormals.ply:29: property 'float32 centery' of element 'camera' is not handled
[0;m[1;33m[pcl::PLYReader] Temp/Data/Pot_A/Pot_A_Piece_38_SampledWithNormals.ply:32: property 'float32 k1' of element 'camera' is not handled
[0;m[1;33m[pcl::PLYReader] Temp/Data/Pot_A/Pot_A_Piece_38_SampledWithNormals.ply:33: property 'float32 k2' of element 'camera' is not handled
[0;m[1;33m[pcl::PLYReader] Temp/Data/Pot_A/Pot_A_Piece_38_unclustered.ply:25: property 'float32 focal' of element 'camera' is not handled
[0;m[1;33m[pcl::PLYReader] Temp/Data/Pot_A/Pot_A_Piece_38_unclustered.ply:26: property 'float32 scalex' of element 'camera' is not handled
[0;m[1;33m[pcl::PLYReader] Temp/Data/Pot_A/Pot_A_Piece_38_unclustered.ply:27: property 'float32 scaley' of element 'camera' is not handled
[0;m[1;33m[pcl::PLYReader] Temp/Data/Pot_A/Pot_A_Piece_38_unclustered.ply:28: property 'float32 centerx' of element 'camera' is not handled
[0;m[1;33m[pcl::PLYReader] Temp/Data/Pot_A/Pot_A_Piece_38_unclustered.ply:29: property 'float32 centery' of element 'camera' is not handled
[0;m[1;33m[pcl::PLYReader] Temp/Data/Pot_A/Pot_A_Piece_38_unclustered.ply:32: property 'float32 k1' of element 'camera' is not handled
[0;m[1;33m[pcl::PLYReader] Temp/Data/Pot_A/Pot_A_Piece_38_unclustered.ply:33: property 'float32 k2' of element 'camera' is not handled
[0;m[1;33m[pcl::PLYReader] Temp/Data/Pot_A/Pot_A_Piece_38_Surface_0.ply:25: property 'float32 focal' of element 'camera' is not handled
[0;m[1;33m[pcl::PLYReader] Temp/Data/Pot_A/Pot_A_Piece_38_Surface_0.ply:26: property 'float32 scalex' of element 'camera' is not handled
[0;m[1;33m[pcl::PLYReader] Temp/Data/Pot_A/Pot_A_Piece_38_Surface_0.ply:27: property 'float32 scaley' of element 'camera' is not handled
[0;m[1;33m[pcl::PLYReader] Temp/Data/Pot_A/Pot_A_Piece_38_Surface_0.ply:28: property 'float32 centerx' of element 'camera' is not handled
[0;m[1;33m[pcl::PLYReader] Temp/Data/Pot_A/Pot_A_Piece_38_Surface_0.ply:29: property 'float32 centery' of element 'camera' is not handled
[0;m[1;33m[pcl::PLYReader] Temp/Data/Pot_A/Pot_A_Piece_38_Surface_0.ply:32: property 'float32 k1' of element 'camera' is not handled
[0;m[1;33m[pcl::PLYReader] Temp/Data/Pot_A/Pot_A_Piece_38_Surface_0.ply:33: property 'float32 k2' of element 'camera' is not handled
[0;m[1;33m[pcl::PLYReader] Temp/Data/Pot_A/Pot_A_Piece_38_Surface_1.ply:25: property 'float32 focal' of element 'camera' is not handled
[0;m[1;33m[pcl::PLYReader] Temp/Data/Pot_A/Pot_A_Piece_38_Surface_1.ply:26: property 'float32 scalex' of element 'camera' is not handled
[0;m[1;33m[pcl::PLYReader] Temp/Data/Pot_A/Pot_A_Piece_38_Surface_1.ply:27: property 'float32 scaley' of element 'camera' is not handled
[0;m[1;33m[pcl::PLYReader] Temp/Data/Pot_A/Pot_A_Piece_38_Surface_1.ply:28: property 'float32 centerx' of element 'camera' is not handled
[0;m[1;33m[pcl::PLYReader] Temp/Data/Pot_A/Pot_A_Piece_38_Surface_1.ply:29: property 'float32 centery' of element 'camera' is not handled
[0;m[1;33m[pcl::PLYReader] Temp/Data/Pot_A/Pot_A_Piece_38_Surface_1.ply:32: property 'float32 k1' of element 'camera' is not handled
[0;m[1;33m[pcl::PLYReader] Temp/Data/Pot_A/Pot_A_Piece_38_Surface_1.ply:33: property 'float32 k2' of element 'camera' is not handled
[0;m[1;33m[pcl::PLYReader] Temp/Data/Pot_A/Pot_A_Piece_39_SampledWithNormals.ply:25: property 'float32 focal' of element 'camera' is not handled
[0;m[1;33m[pcl::PLYReader] Temp/Data/Pot_A/Pot_A_Piece_39_SampledWithNormals.ply:26: property 'float32 scalex' of element 'camera' is not handled
[0;m[1;33m[pcl::PLYReader] Temp/Data/Pot_A/Pot_A_Piece_39_SampledWithNormals.ply:27: property 'float32 scaley' of element 'camera' is not handled
[0;m[1;33m[pcl::PLYReader] Temp/Data/Pot_A/Pot_A_Piece_39_SampledWithNormals.ply:28: property 'float32 centerx' of element 'camera' is not handled
[0;m[1;33m[pcl::PLYReader] Temp/Data/Pot_A/Pot_A_Piece_39_SampledWithNormals.ply:29: property 'float32 centery' of element 'camera' is not handled
[0;m[1;33m[pcl::PLYReader] Temp/Data/Pot_A/Pot_A_Piece_39_SampledWithNormals.ply:32: property 'float32 k1' of element 'camera' is not handled
[0;m[1;33m[pcl::PLYReader] Temp/Data/Pot_A/Pot_A_Piece_39_SampledWithNormals.ply:33: property 'float32 k2' of element 'camera' is not handled
[0;m[1;33m[pcl::PLYReader] Temp/Data/Pot_A/Pot_A_Piece_39_unclustered.ply:25: property 'float32 focal' of element 'camera' is not handled
[0;m[1;33m[pcl::PLYReader] Temp/Data/Pot_A/Pot_A_Piece_39_unclustered.ply:26: property 'float32 scalex' of element 'camera' is not handled
[0;m[1;33m[pcl::PLYReader] Temp/Data/Pot_A/Pot_A_Piece_39_unclustered.ply:27: property 'float32 scaley' of element 'camera' is not handled
[0;m[1;33m[pcl::PLYReader] Temp/Data/Pot_A/Pot_A_Piece_39_unclustered.ply:28: property 'float32 centerx' of element 'camera' is not handled
[0;m[1;33m[pcl::PLYReader] Temp/Data/Pot_A/Pot_A_Piece_39_unclustered.ply:29: property 'float32 centery' of element 'camera' is not handled
[0;m[1;33m[pcl::PLYReader] Temp/Data/Pot_A/Pot_A_Piece_39_unclustered.ply:32: property 'float32 k1' of element 'camera' is not handled
[0;m[1;33m[pcl::PLYReader] Temp/Data/Pot_A/Pot_A_Piece_39_unclustered.ply:33: property 'float32 k2' of element 'camera' is not handled
[0;m[1;33m[pcl::PLYReader] Temp/Data/Pot_A/Pot_A_Piece_39_Surface_0.ply:25: property 'float32 focal' of element 'camera' is not handled
[0;m[1;33m[pcl::PLYReader] Temp/Data/Pot_A/Pot_A_Piece_39_Surface_0.ply:26: property 'float32 scalex' of element 'camera' is not handled
[0;m[1;33m[pcl::PLYReader] Temp/Data/Pot_A/Pot_A_Piece_39_Surface_0.ply:27: property 'float32 scaley' of element 'camera' is not handled
[0;m[1;33m[pcl::PLYReader] Temp/Data/Pot_A/Pot_A_Piece_39_Surface_0.ply:28: property 'float32 centerx' of element 'camera' is not handled
[0;m[1;33m[pcl::PLYReader] Temp/Data/Pot_A/Pot_A_Piece_39_Surface_0.ply:29: property 'float32 centery' of element 'camera' is not handled
[0;m[1;33m[pcl::PLYReader] Temp/Data/Pot_A/Pot_A_Piece_39_Surface_0.ply:32: property 'float32 k1' of element 'camera' is not handled
[0;m[1;33m[pcl::PLYReader] Temp/Data/Pot_A/Pot_A_Piece_39_Surface_0.ply:33: property 'float32 k2' of element 'camera' is not handled
[0;m[1;33m[pcl::PLYReader] Temp/Data/Pot_A/Pot_A_Piece_39_Surface_1.ply:25: property 'float32 focal' of element 'camera' is not handled
[0;m[1;33m[pcl::PLYReader] Temp/Data/Pot_A/Pot_A_Piece_39_Surface_1.ply:26: property 'float32 scalex' of element 'camera' is not handled
[0;m[1;33m[pcl::PLYReader] Temp/Data/Pot_A/Pot_A_Piece_39_Surface_1.ply:27: property 'float32 scaley' of element 'camera' is not handled
[0;m[1;33m[pcl::PLYReader] Temp/Data/Pot_A/Pot_A_Piece_39_Surface_1.ply:28: property 'float32 centerx' of element 'camera' is not handled
[0;m[1;33m[pcl::PLYReader] Temp/Data/Pot_A/Pot_A_Piece_39_Surface_1.ply:29: property 'float32 centery' of element 'camera' is not handled
[0;m[1;33m[pcl::PLYReader] Temp/Data/Pot_A/Pot_A_Piece_39_Surface_1.ply:32: property 'float32 k1' of element 'camera' is not handled
[0;m[1;33m[pcl::PLYReader] Temp/Data/Pot_A/Pot_A_Piece_39_Surface_1.ply:33: property 'float32 k2' of element 'camera' is not handled
[0;m[1;33m[pcl::PLYReader] Temp/Data/Pot_A/Pot_A_Piece_40_SampledWithNormals.ply:25: property 'float32 focal' of element 'camera' is not handled
[0;m[1;33m[pcl::PLYReader] Temp/Data/Pot_A/Pot_A_Piece_40_SampledWithNormals.ply:26: property 'float32 scalex' of element 'camera' is not handled
[0;m[1;33m[pcl::PLYReader] Temp/Data/Pot_A/Pot_A_Piece_40_SampledWithNormals.ply:27: property 'float32 scaley' of element 'camera' is not handled
[0;m[1;33m[pcl::PLYReader] Temp/Data/Pot_A/Pot_A_Piece_40_SampledWithNormals.ply:28: property 'float32 centerx' of element 'camera' is not handled
[0;m[1;33m[pcl::PLYReader] Temp/Data/Pot_A/Pot_A_Piece_40_SampledWithNormals.ply:29: property 'float32 centery' of element 'camera' is not handled
[0;m[1;33m[pcl::PLYReader] Temp/Data/Pot_A/Pot_A_Piece_40_SampledWithNormals.ply:32: property 'float32 k1' of element 'camera' is not handled
[0;m[1;33m[pcl::PLYReader] Temp/Data/Pot_A/Pot_A_Piece_40_SampledWithNormals.ply:33: property 'float32 k2' of element 'camera' is not handled
[0;m[1;33m[pcl::PLYReader] Temp/Data/Pot_A/Pot_A_Piece_40_unclustered.ply:25: property 'float32 focal' of element 'camera' is not handled
[0;m[1;33m[pcl::PLYReader] Temp/Data/Pot_A/Pot_A_Piece_40_unclustered.ply:26: property 'float32 scalex' of element 'camera' is not handled
[0;m[1;33m[pcl::PLYReader] Temp/Data/Pot_A/Pot_A_Piece_40_unclustered.ply:27: property 'float32 scaley' of element 'camera' is not handled
[0;m[1;33m[pcl::PLYReader] Temp/Data/Pot_A/Pot_A_Piece_40_unclustered.ply:28: property 'float32 centerx' of element 'camera' is not handled
[0;m[1;33m[pcl::PLYReader] Temp/Data/Pot_A/Pot_A_Piece_40_unclustered.ply:29: property 'float32 centery' of element 'camera' is not handled
[0;m[1;33m[pcl::PLYReader] Temp/Data/Pot_A/Pot_A_Piece_40_unclustered.ply:32: property 'float32 k1' of element 'camera' is not handled
[0;m[1;33m[pcl::PLYReader] Temp/Data/Pot_A/Pot_A_Piece_40_unclustered.ply:33: property 'float32 k2' of element 'camera' is not handled
[0;m[1;33m[pcl::PLYReader] Temp/Data/Pot_A/Pot_A_Piece_40_Surface_0.ply:25: property 'float32 focal' of element 'camera' is not handled
[0;m[1;33m[pcl::PLYReader] Temp/Data/Pot_A/Pot_A_Piece_40_Surface_0.ply:26: property 'float32 scalex' of element 'camera' is not handled
[0;m[1;33m[pcl::PLYReader] Temp/Data/Pot_A/Pot_A_Piece_40_Surface_0.ply:27: property 'float32 scaley' of element 'camera' is not handled
[0;m[1;33m[pcl::PLYReader] Temp/Data/Pot_A/Pot_A_Piece_40_Surface_0.ply:28: property 'float32 centerx' of element 'camera' is not handled
[0;m[1;33m[pcl::PLYReader] Temp/Data/Pot_A/Pot_A_Piece_40_Surface_0.ply:29: property 'float32 centery' of element 'camera' is not handled
[0;m[1;33m[pcl::PLYReader] Temp/Data/Pot_A/Pot_A_Piece_40_Surface_0.ply:32: property 'float32 k1' of element 'camera' is not handled
[0;m[1;33m[pcl::PLYReader] Temp/Data/Pot_A/Pot_A_Piece_40_Surface_0.ply:33: property 'float32 k2' of element 'camera' is not handled
[0;m[1;33m[pcl::PLYReader] Temp/Data/Pot_A/Pot_A_Piece_40_Surface_1.ply:25: property 'float32 focal' of element 'camera' is not handled
[0;m[1;33m[pcl::PLYReader] Temp/Data/Pot_A/Pot_A_Piece_40_Surface_1.ply:26: property 'float32 scalex' of element 'camera' is not handled
[0;m[1;33m[pcl::PLYReader] Temp/Data/Pot_A/Pot_A_Piece_40_Surface_1.ply:27: property 'float32 scaley' of element 'camera' is not handled
[0;m[1;33m[pcl::PLYReader] Temp/Data/Pot_A/Pot_A_Piece_40_Surface_1.ply:28: property 'float32 centerx' of element 'camera' is not handled
[0;m[1;33m[pcl::PLYReader] Temp/Data/Pot_A/Pot_A_Piece_40_Surface_1.ply:29: property 'float32 centery' of element 'camera' is not handled
[0;m[1;33m[pcl::PLYReader] Temp/Data/Pot_A/Pot_A_Piece_40_Surface_1.ply:32: property 'float32 k1' of element 'camera' is not handled
[0;m[1;33m[pcl::PLYReader] Temp/Data/Pot_A/Pot_A_Piece_40_Surface_1.ply:33: property 'float32 k2' of element 'camera' is not handled
[0;mINFO:    gocryptfs not found, will not be able to use gocryptfs
[EDGELINE DEBUG] processFragmentData surface=Temp/Data/Pot_A/Pot_A_Piece_01_Surface_0.xyz mesh=Temp/Data/Pot_A/Pot_A_Piece_01_Mesh.obj
[EDGELINE DEBUG] readFile cols=3 file=Temp/Temp_edge/Pot_A/pointCloudFromMesh.xyz rows=5740
[1;33m[pcl::PLYReader] Temp/Data/Pot_A/Pot_A_Piece_01_unclustered.ply:25: property 'float32 focal' of element 'camera' is not handled
[0;m[1;33m[pcl::PLYReader] Temp/Data/Pot_A/Pot_A_Piece_01_unclustered.ply:26: property 'float32 scalex' of element 'camera' is not handled
[0;m[1;33m[pcl::PLYReader] Temp/Data/Pot_A/Pot_A_Piece_01_unclustered.ply:27: property 'float32 scaley' of element 'camera' is not handled
[0;m[1;33m[pcl::PLYReader] Temp/Data/Pot_A/Pot_A_Piece_01_unclustered.ply:28: property 'float32 centerx' of element 'camera' is not handled
[0;m[1;33m[pcl::PLYReader] Temp/Data/Pot_A/Pot_A_Piece_01_unclustered.ply:29: property 'float32 centery' of element 'camera' is not handled
[0;m[1;33m[pcl::PLYReader] Temp/Data/Pot_A/Pot_A_Piece_01_unclustered.ply:32: property 'float32 k1' of element 'camera' is not handled
[0;m[1;33m[pcl::PLYReader] Temp/Data/Pot_A/Pot_A_Piece_01_unclustered.ply:33: property 'float32 k2' of element 'camera' is not handled
[0;m[1;33m[pcl::PLYReader] Temp/Temp_edge/Pot_A/_breakLineFromConcaveHull.ply:21: property 'float32 focal' of element 'camera' is not handled
[0;m[1;33m[pcl::PLYReader] Temp/Temp_edge/Pot_A/_breakLineFromConcaveHull.ply:22: property 'float32 scalex' of element 'camera' is not handled
[0;m[1;33m[pcl::PLYReader] Temp/Temp_edge/Pot_A/_breakLineFromConcaveHull.ply:23: property 'float32 scaley' of element 'camera' is not handled
[0;m[1;33m[pcl::PLYReader] Temp/Temp_edge/Pot_A/_breakLineFromConcaveHull.ply:24: property 'float32 centerx' of element 'camera' is not handled
[0;m[1;33m[pcl::PLYReader] Temp/Temp_edge/Pot_A/_breakLineFromConcaveHull.ply:25: property 'float32 centery' of element 'camera' is not handled
[0;m[1;33m[pcl::PLYReader] Temp/Temp_edge/Pot_A/_breakLineFromConcaveHull.ply:28: property 'float32 k1' of element 'camera' is not handled
[0;m[1;33m[pcl::PLYReader] Temp/Temp_edge/Pot_A/_breakLineFromConcaveHull.ply:29: property 'float32 k2' of element 'camera' is not handled
[0;m[1;33mFailed to find match for field 'normal_x'.
[0;m[1;33mFailed to find match for field 'normal_y'.
[0;m[1;33mFailed to find match for field 'normal_z'.
[0;m[1;33mFailed to find match for field 'curvature'.
[0;m[EDGELINE DEBUG] readFile cols=3 file=Temp/Temp_edge/Pot_A/CompleteBreakline.xyz rows=59
[EDGELINE DEBUG] detectSeparateLineSegments: file=Temp/Temp_edge/Pot_A/CompleteBreakline.xyz len=5
[EDGELINE DEBUG] readFile cols=3 file=Temp/Temp_edge/Pot_A/CompleteBreakline.xyz rows=59
[EDGELINE DEBUG] readFile cols=6 file=Temp/Temp_edge/Pot_A/CompleteBreakline.xyz rows=59
[EDGELINE DEBUG] b1 rows=59 cols=3 b1_withN rows=59 cols=6
[EDGELINE DEBUG] dist_scoreB1 size=69x1 distScoreOriginalLength size=59x1
[EDGELINE DEBUG] bCombined size=69x3
[EDGELINE DEBUG] readFile cols=6 file=Segments/1.xyz rows=18
[EDGELINE DEBUG] readFile cols=6 file=Segments/2.xyz rows=10
[EDGELINE DEBUG] readFile cols=6 file=Segments/3.xyz rows=34
[EDGELINE DEBUG] detectedPeakIndices size=3
[EDGELINE DEBUG] Segments files count=3
[EDGELINE DEBUG] axisInfoAvailable=1 path=Dataset/Axes/Pot_A_Piece_01_Axis.xyz
[EDGELINE DEBUG] readFile cols=6 file=Segments/1.xyz rows=18
[DEBUG MATRIX] Segment file Segments/1.xyz matrix dimensions: 18x6
[DEBUG LOOP] Starting segment processing loop, rows=18 cols=6
[DEBUG ACCESS] i=0 accessing row 0 of 18x6 matrix
[DEBUG ACCESS] Accessing normals at i=0
[DEBUG ACCESS] i=1 accessing row 1 of 18x6 matrix
[DEBUG ACCESS] Accessing normals at i=1
[DEBUG ACCESS] i=2 accessing row 2 of 18x6 matrix
[DEBUG ACCESS] Accessing normals at i=2
[DEBUG ACCESS] i=3 accessing row 3 of 18x6 matrix
[DEBUG ACCESS] Accessing normals at i=3
[DEBUG ACCESS] i=4 accessing row 4 of 18x6 matrix
[DEBUG ACCESS] Accessing normals at i=4
[DEBUG ACCESS] i=5 accessing row 5 of 18x6 matrix
[DEBUG ACCESS] Accessing normals at i=5
[DEBUG ACCESS] i=6 accessing row 6 of 18x6 matrix
[DEBUG ACCESS] Accessing normals at i=6
[DEBUG ACCESS] i=7 accessing row 7 of 18x6 matrix
[DEBUG ACCESS] Accessing normals at i=7
[DEBUG ACCESS] i=8 accessing row 8 of 18x6 matrix
[DEBUG ACCESS] Accessing normals at i=8
[DEBUG ACCESS] i=9 accessing row 9 of 18x6 matrix
[DEBUG ACCESS] Accessing normals at i=9
[DEBUG ACCESS] i=10 accessing row 10 of 18x6 matrix
[DEBUG ACCESS] Accessing normals at i=10
[DEBUG ACCESS] i=11 accessing row 11 of 18x6 matrix
[DEBUG ACCESS] Accessing normals at i=11
[DEBUG ACCESS] i=12 accessing row 12 of 18x6 matrix
[DEBUG ACCESS] Accessing normals at i=12
[DEBUG ACCESS] i=13 accessing row 13 of 18x6 matrix
[DEBUG ACCESS] Accessing normals at i=13
[DEBUG ACCESS] i=14 accessing row 14 of 18x6 matrix
[DEBUG ACCESS] Accessing normals at i=14
[DEBUG ACCESS] i=15 accessing row 15 of 18x6 matrix
[DEBUG ACCESS] Accessing normals at i=15
[DEBUG ACCESS] i=16 accessing row 16 of 18x6 matrix
[DEBUG ACCESS] Accessing normals at i=16
[EDGELINE DEBUG] Load PLY normals: Temp/Data/Pot_A/Pot_A_Piece_01_SampledWithNormals.ply
[1;33m[pcl::PLYReader] Temp/Data/Pot_A/Pot_A_Piece_01_SampledWithNormals.ply:25: property 'float32 focal' of element 'camera' is not handled
[0;m[1;33m[pcl::PLYReader] Temp/Data/Pot_A/Pot_A_Piece_01_SampledWithNormals.ply:26: property 'float32 scalex' of element 'camera' is not handled
[0;m[1;33m[pcl::PLYReader] Temp/Data/Pot_A/Pot_A_Piece_01_SampledWithNormals.ply:27: property 'float32 scaley' of element 'camera' is not handled
[0;m[1;33m[pcl::PLYReader] Temp/Data/Pot_A/Pot_A_Piece_01_SampledWithNormals.ply:28: property 'float32 centerx' of element 'camera' is not handled
[0;m[1;33m[pcl::PLYReader] Temp/Data/Pot_A/Pot_A_Piece_01_SampledWithNormals.ply:29: property 'float32 centery' of element 'camera' is not handled
[0;m[1;33m[pcl::PLYReader] Temp/Data/Pot_A/Pot_A_Piece_01_SampledWithNormals.ply:32: property 'float32 k1' of element 'camera' is not handled
[0;m[1;33m[pcl::PLYReader] Temp/Data/Pot_A/Pot_A_Piece_01_SampledWithNormals.ply:33: property 'float32 k2' of element 'camera' is not handled
[0;m[EDGELINE DEBUG] Loaded PointNormal PLY ok, size=8045
[DEBUG AXIS PATH] Using axis file: Dataset/Axes/Pot_A_Piece_01_Axis.xyz
[EDGELINE DEBUG] readFile cols=6 file=Segments/2.xyz rows=10
[DEBUG MATRIX] Segment file Segments/2.xyz matrix dimensions: 10x6
[DEBUG LOOP] Starting segment processing loop, rows=10 cols=6
[DEBUG ACCESS] i=0 accessing row 0 of 10x6 matrix
[DEBUG ACCESS] Accessing normals at i=0
[DEBUG ACCESS] i=1 accessing row 1 of 10x6 matrix
[DEBUG ACCESS] Accessing normals at i=1
[DEBUG ACCESS] i=2 accessing row 2 of 10x6 matrix
[DEBUG ACCESS] Accessing normals at i=2
[DEBUG ACCESS] i=3 accessing row 3 of 10x6 matrix
[DEBUG ACCESS] Accessing normals at i=3
[DEBUG ACCESS] i=4 accessing row 4 of 10x6 matrix
[DEBUG ACCESS] Accessing normals at i=4
[DEBUG ACCESS] i=5 accessing row 5 of 10x6 matrix
[DEBUG ACCESS] Accessing normals at i=5
[DEBUG ACCESS] i=6 accessing row 6 of 10x6 matrix
[DEBUG ACCESS] Accessing normals at i=6
[DEBUG ACCESS] i=7 accessing row 7 of 10x6 matrix
[DEBUG ACCESS] Accessing normals at i=7
[DEBUG ACCESS] i=8 accessing row 8 of 10x6 matrix
[DEBUG ACCESS] Accessing normals at i=8
[EDGELINE DEBUG] Load PLY normals: Temp/Data/Pot_A/Pot_A_Piece_01_SampledWithNormals.ply
[1;33m[pcl::PLYReader] Temp/Data/Pot_A/Pot_A_Piece_01_SampledWithNormals.ply:25: property 'float32 focal' of element 'camera' is not handled
[0;m[1;33m[pcl::PLYReader] Temp/Data/Pot_A/Pot_A_Piece_01_SampledWithNormals.ply:26: property 'float32 scalex' of element 'camera' is not handled
[0;m[1;33m[pcl::PLYReader] Temp/Data/Pot_A/Pot_A_Piece_01_SampledWithNormals.ply:27: property 'float32 scaley' of element 'camera' is not handled
[0;m[1;33m[pcl::PLYReader] Temp/Data/Pot_A/Pot_A_Piece_01_SampledWithNormals.ply:28: property 'float32 centerx' of element 'camera' is not handled
[0;m[1;33m[pcl::PLYReader] Temp/Data/Pot_A/Pot_A_Piece_01_SampledWithNormals.ply:29: property 'float32 centery' of element 'camera' is not handled
[0;m[1;33m[pcl::PLYReader] Temp/Data/Pot_A/Pot_A_Piece_01_SampledWithNormals.ply:32: property 'float32 k1' of element 'camera' is not handled
[0;m[1;33m[pcl::PLYReader] Temp/Data/Pot_A/Pot_A_Piece_01_SampledWithNormals.ply:33: property 'float32 k2' of element 'camera' is not handled
[0;m[EDGELINE DEBUG] Loaded PointNormal PLY ok, size=8045
[RIM DETECTION SAFETY] Segment too small (9 points < 10 required for rim detection), defaulting to not-rim for seg 2
[DEBUG AXIS PATH] Using axis file: Dataset/Axes/Pot_A_Piece_01_Axis.xyz
[EDGELINE DEBUG] readFile cols=6 file=Segments/3.xyz rows=34
[DEBUG MATRIX] Segment file Segments/3.xyz matrix dimensions: 34x6
[DEBUG LOOP] Starting segment processing loop, rows=34 cols=6
[DEBUG ACCESS] i=0 accessing row 0 of 34x6 matrix
[DEBUG ACCESS] Accessing normals at i=0
[DEBUG ACCESS] i=1 accessing row 1 of 34x6 matrix
[DEBUG ACCESS] Accessing normals at i=1
[DEBUG ACCESS] i=2 accessing row 2 of 34x6 matrix
[DEBUG ACCESS] Accessing normals at i=2
[DEBUG ACCESS] i=3 accessing row 3 of 34x6 matrix
[DEBUG ACCESS] Accessing normals at i=3
[DEBUG ACCESS] i=4 accessing row 4 of 34x6 matrix
[DEBUG ACCESS] Accessing normals at i=4
[DEBUG ACCESS] i=5 accessing row 5 of 34x6 matrix
[DEBUG ACCESS] Accessing normals at i=5
[DEBUG ACCESS] i=6 accessing row 6 of 34x6 matrix
[DEBUG ACCESS] Accessing normals at i=6
[DEBUG ACCESS] i=7 accessing row 7 of 34x6 matrix
[DEBUG ACCESS] Accessing normals at i=7
[DEBUG ACCESS] i=8 accessing row 8 of 34x6 matrix
[DEBUG ACCESS] Accessing normals at i=8
[DEBUG ACCESS] i=9 accessing row 9 of 34x6 matrix
[DEBUG ACCESS] Accessing normals at i=9
[DEBUG ACCESS] i=10 accessing row 10 of 34x6 matrix
[DEBUG ACCESS] Accessing normals at i=10
[DEBUG ACCESS] i=11 accessing row 11 of 34x6 matrix
[DEBUG ACCESS] Accessing normals at i=11
[DEBUG ACCESS] i=12 accessing row 12 of 34x6 matrix
[DEBUG ACCESS] Accessing normals at i=12
[DEBUG ACCESS] i=13 accessing row 13 of 34x6 matrix
[DEBUG ACCESS] Accessing normals at i=13
[DEBUG ACCESS] i=14 accessing row 14 of 34x6 matrix
[DEBUG ACCESS] Accessing normals at i=14
[DEBUG ACCESS] i=15 accessing row 15 of 34x6 matrix
[DEBUG ACCESS] Accessing normals at i=15
[DEBUG ACCESS] i=16 accessing row 16 of 34x6 matrix
[DEBUG ACCESS] Accessing normals at i=16
[DEBUG ACCESS] i=17 accessing row 17 of 34x6 matrix
[DEBUG ACCESS] Accessing normals at i=17
[DEBUG ACCESS] i=18 accessing row 18 of 34x6 matrix
[DEBUG ACCESS] Accessing normals at i=18
[DEBUG ACCESS] i=19 accessing row 19 of 34x6 matrix
[DEBUG ACCESS] Accessing normals at i=19
[DEBUG ACCESS] i=20 accessing row 20 of 34x6 matrix
[DEBUG ACCESS] Accessing normals at i=20
[DEBUG ACCESS] i=21 accessing row 21 of 34x6 matrix
[DEBUG ACCESS] Accessing normals at i=21
[DEBUG ACCESS] i=22 accessing row 22 of 34x6 matrix
[DEBUG ACCESS] Accessing normals at i=22
[DEBUG ACCESS] i=23 accessing row 23 of 34x6 matrix
[DEBUG ACCESS] Accessing normals at i=23
[DEBUG ACCESS] i=24 accessing row 24 of 34x6 matrix
[DEBUG ACCESS] Accessing normals at i=24
[DEBUG ACCESS] i=25 accessing row 25 of 34x6 matrix
[DEBUG ACCESS] Accessing normals at i=25
[DEBUG ACCESS] i=26 accessing row 26 of 34x6 matrix
[DEBUG ACCESS] Accessing normals at i=26
[DEBUG ACCESS] i=27 accessing row 27 of 34x6 matrix
[DEBUG ACCESS] Accessing normals at i=27
[DEBUG ACCESS] i=28 accessing row 28 of 34x6 matrix
[DEBUG ACCESS] Accessing normals at i=28
[DEBUG ACCESS] i=29 accessing row 29 of 34x6 matrix
[DEBUG ACCESS] Accessing normals at i=29
[DEBUG ACCESS] i=30 accessing row 30 of 34x6 matrix
[DEBUG ACCESS] Accessing normals at i=30
[DEBUG ACCESS] i=31 accessing row 31 of 34x6 matrix
[DEBUG ACCESS] Accessing normals at i=31
[DEBUG ACCESS] i=32 accessing row 32 of 34x6 matrix
[DEBUG ACCESS] Accessing normals at i=32
[EDGELINE DEBUG] Load PLY normals: Temp/Data/Pot_A/Pot_A_Piece_01_SampledWithNormals.ply
[1;33m[pcl::PLYReader] Temp/Data/Pot_A/Pot_A_Piece_01_SampledWithNormals.ply:25: property 'float32 focal' of element 'camera' is not handled
[0;m[1;33m[pcl::PLYReader] Temp/Data/Pot_A/Pot_A_Piece_01_SampledWithNormals.ply:26: property 'float32 scalex' of element 'camera' is not handled
[0;m[1;33m[pcl::PLYReader] Temp/Data/Pot_A/Pot_A_Piece_01_SampledWithNormals.ply:27: property 'float32 scaley' of element 'camera' is not handled
[0;m[1;33m[pcl::PLYReader] Temp/Data/Pot_A/Pot_A_Piece_01_SampledWithNormals.ply:28: property 'float32 centerx' of element 'camera' is not handled
[0;m[1;33m[pcl::PLYReader] Temp/Data/Pot_A/Pot_A_Piece_01_SampledWithNormals.ply:29: property 'float32 centery' of element 'camera' is not handled
[0;m[1;33m[pcl::PLYReader] Temp/Data/Pot_A/Pot_A_Piece_01_SampledWithNormals.ply:32: property 'float32 k1' of element 'camera' is not handled
[0;m[1;33m[pcl::PLYReader] Temp/Data/Pot_A/Pot_A_Piece_01_SampledWithNormals.ply:33: property 'float32 k2' of element 'camera' is not handled
[0;m[EDGELINE DEBUG] Loaded PointNormal PLY ok, size=8045
[DEBUG AXIS PATH] Using axis file: Dataset/Axes/Pot_A_Piece_01_Axis.xyz
[EDGELINE DEBUG] readFile cols=6 file=Segments/1.xyz rows=18
[EDGELINE DEBUG] Load PLY normals: Temp/Data/Pot_A/Pot_A_Piece_01_SampledWithNormals.ply
[1;33m[pcl::PLYReader] Temp/Data/Pot_A/Pot_A_Piece_01_SampledWithNormals.ply:25: property 'float32 focal' of element 'camera' is not handled
[0;m[1;33m[pcl::PLYReader] Temp/Data/Pot_A/Pot_A_Piece_01_SampledWithNormals.ply:26: property 'float32 scalex' of element 'camera' is not handled
[0;m[1;33m[pcl::PLYReader] Temp/Data/Pot_A/Pot_A_Piece_01_SampledWithNormals.ply:27: property 'float32 scaley' of element 'camera' is not handled
[0;m[1;33m[pcl::PLYReader] Temp/Data/Pot_A/Pot_A_Piece_01_SampledWithNormals.ply:28: property 'float32 centerx' of element 'camera' is not handled
[0;m[1;33m[pcl::PLYReader] Temp/Data/Pot_A/Pot_A_Piece_01_SampledWithNormals.ply:29: property 'float32 centery' of element 'camera' is not handled
[0;m[1;33m[pcl::PLYReader] Temp/Data/Pot_A/Pot_A_Piece_01_SampledWithNormals.ply:32: property 'float32 k1' of element 'camera' is not handled
[0;m[1;33m[pcl::PLYReader] Temp/Data/Pot_A/Pot_A_Piece_01_SampledWithNormals.ply:33: property 'float32 k2' of element 'camera' is not handled
[0;m[EDGELINE DEBUG] Loaded PointNormal PLY ok, size=8045
[EDGELINE DEBUG] readFile cols=6 file=Segments/2.xyz rows=10
[EDGELINE DEBUG] Load PLY normals: Temp/Data/Pot_A/Pot_A_Piece_01_SampledWithNormals.ply
[1;33m[pcl::PLYReader] Temp/Data/Pot_A/Pot_A_Piece_01_SampledWithNormals.ply:25: property 'float32 focal' of element 'camera' is not handled
[0;m[1;33m[pcl::PLYReader] Temp/Data/Pot_A/Pot_A_Piece_01_SampledWithNormals.ply:26: property 'float32 scalex' of element 'camera' is not handled
[0;m[1;33m[pcl::PLYReader] Temp/Data/Pot_A/Pot_A_Piece_01_SampledWithNormals.ply:27: property 'float32 scaley' of element 'camera' is not handled
[0;m[1;33m[pcl::PLYReader] Temp/Data/Pot_A/Pot_A_Piece_01_SampledWithNormals.ply:28: property 'float32 centerx' of element 'camera' is not handled
[0;m[1;33m[pcl::PLYReader] Temp/Data/Pot_A/Pot_A_Piece_01_SampledWithNormals.ply:29: property 'float32 centery' of element 'camera' is not handled
[0;m[1;33m[pcl::PLYReader] Temp/Data/Pot_A/Pot_A_Piece_01_SampledWithNormals.ply:32: property 'float32 k1' of element 'camera' is not handled
[0;m[1;33m[pcl::PLYReader] Temp/Data/Pot_A/Pot_A_Piece_01_SampledWithNormals.ply:33: property 'float32 k2' of element 'camera' is not handled
[0;m[EDGELINE DEBUG] Loaded PointNormal PLY ok, size=8045
[EDGELINE DEBUG] readFile cols=6 file=Segments/3.xyz rows=34
[EDGELINE DEBUG] Load PLY normals: Temp/Data/Pot_A/Pot_A_Piece_01_SampledWithNormals.ply
[1;33m[pcl::PLYReader] Temp/Data/Pot_A/Pot_A_Piece_01_SampledWithNormals.ply:25: property 'float32 focal' of element 'camera' is not handled
[0;m[1;33m[pcl::PLYReader] Temp/Data/Pot_A/Pot_A_Piece_01_SampledWithNormals.ply:26: property 'float32 scalex' of element 'camera' is not handled
[0;m[1;33m[pcl::PLYReader] Temp/Data/Pot_A/Pot_A_Piece_01_SampledWithNormals.ply:27: property 'float32 scaley' of element 'camera' is not handled
[0;m[1;33m[pcl::PLYReader] Temp/Data/Pot_A/Pot_A_Piece_01_SampledWithNormals.ply:28: property 'float32 centerx' of element 'camera' is not handled
[0;m[1;33m[pcl::PLYReader] Temp/Data/Pot_A/Pot_A_Piece_01_SampledWithNormals.ply:29: property 'float32 centery' of element 'camera' is not handled
[0;m[1;33m[pcl::PLYReader] Temp/Data/Pot_A/Pot_A_Piece_01_SampledWithNormals.ply:32: property 'float32 k1' of element 'camera' is not handled
[0;m[1;33m[pcl::PLYReader] Temp/Data/Pot_A/Pot_A_Piece_01_SampledWithNormals.ply:33: property 'float32 k2' of element 'camera' is not handled
[0;m[EDGELINE DEBUG] Loaded PointNormal PLY ok, size=8045
[EDGELINE DEBUG] processFragmentData surface=Temp/Data/Pot_A/Pot_A_Piece_01_Surface_1.xyz mesh=Temp/Data/Pot_A/Pot_A_Piece_01_Mesh.obj
[EDGELINE DEBUG] readFile cols=3 file=Temp/Temp_edge/Pot_A/pointCloudFromMesh.xyz rows=5608
[1;33m[pcl::PLYReader] Temp/Data/Pot_A/Pot_A_Piece_01_unclustered.ply:25: property 'float32 focal' of element 'camera' is not handled
[0;m[1;33m[pcl::PLYReader] Temp/Data/Pot_A/Pot_A_Piece_01_unclustered.ply:26: property 'float32 scalex' of element 'camera' is not handled
[0;m[1;33m[pcl::PLYReader] Temp/Data/Pot_A/Pot_A_Piece_01_unclustered.ply:27: property 'float32 scaley' of element 'camera' is not handled
[0;m[1;33m[pcl::PLYReader] Temp/Data/Pot_A/Pot_A_Piece_01_unclustered.ply:28: property 'float32 centerx' of element 'camera' is not handled
[0;m[1;33m[pcl::PLYReader] Temp/Data/Pot_A/Pot_A_Piece_01_unclustered.ply:29: property 'float32 centery' of element 'camera' is not handled
[0;m[1;33m[pcl::PLYReader] Temp/Data/Pot_A/Pot_A_Piece_01_unclustered.ply:32: property 'float32 k1' of element 'camera' is not handled
[0;m[1;33m[pcl::PLYReader] Temp/Data/Pot_A/Pot_A_Piece_01_unclustered.ply:33: property 'float32 k2' of element 'camera' is not handled
[0;m[1;33m[pcl::PLYReader] Temp/Temp_edge/Pot_A/_breakLineFromConcaveHull.ply:21: property 'float32 focal' of element 'camera' is not handled
[0;m[1;33m[pcl::PLYReader] Temp/Temp_edge/Pot_A/_breakLineFromConcaveHull.ply:22: property 'float32 scalex' of element 'camera' is not handled
[0;m[1;33m[pcl::PLYReader] Temp/Temp_edge/Pot_A/_breakLineFromConcaveHull.ply:23: property 'float32 scaley' of element 'camera' is not handled
[0;m[1;33m[pcl::PLYReader] Temp/Temp_edge/Pot_A/_breakLineFromConcaveHull.ply:24: property 'float32 centerx' of element 'camera' is not handled
[0;m[1;33m[pcl::PLYReader] Temp/Temp_edge/Pot_A/_breakLineFromConcaveHull.ply:25: property 'float32 centery' of element 'camera' is not handled
[0;m[1;33m[pcl::PLYReader] Temp/Temp_edge/Pot_A/_breakLineFromConcaveHull.ply:28: property 'float32 k1' of element 'camera' is not handled
[0;m[1;33m[pcl::PLYReader] Temp/Temp_edge/Pot_A/_breakLineFromConcaveHull.ply:29: property 'float32 k2' of element 'camera' is not handled
[0;m[1;33mFailed to find match for field 'normal_x'.
[0;m[1;33mFailed to find match for field 'normal_y'.
[0;m[1;33mFailed to find match for field 'normal_z'.
[0;m[1;33mFailed to find match for field 'curvature'.
[0;m[EDGELINE DEBUG] readFile cols=3 file=Temp/Temp_edge/Pot_A/CompleteBreakline.xyz rows=150
[EDGELINE DEBUG] detectSeparateLineSegments: file=Temp/Temp_edge/Pot_A/CompleteBreakline.xyz len=10
[EDGELINE DEBUG] readFile cols=3 file=Temp/Temp_edge/Pot_A/CompleteBreakline.xyz rows=150
[EDGELINE DEBUG] readFile cols=6 file=Temp/Temp_edge/Pot_A/CompleteBreakline.xyz rows=150
[EDGELINE DEBUG] b1 rows=150 cols=3 b1_withN rows=150 cols=6
[EDGELINE DEBUG] dist_scoreB1 size=170x1 distScoreOriginalLength size=150x1
[EDGELINE DEBUG] bCombined size=170x3
[EDGELINE DEBUG] readFile cols=6 file=Segments/1.xyz rows=55
[EDGELINE DEBUG] readFile cols=6 file=Segments/2.xyz rows=60
[EDGELINE DEBUG] readFile cols=6 file=Segments/3.xyz rows=38
[EDGELINE DEBUG] detectedPeakIndices size=3
[EDGELINE DEBUG] Segments files count=3
[EDGELINE DEBUG] axisInfoAvailable=1 path=Dataset/Axes/Pot_A_Piece_01_Axis.xyz
[EDGELINE DEBUG] readFile cols=6 file=Segments/1.xyz rows=55
[DEBUG MATRIX] Segment file Segments/1.xyz matrix dimensions: 55x6
[DEBUG LOOP] Starting segment processing loop, rows=55 cols=6
[DEBUG ACCESS] i=0 accessing row 0 of 55x6 matrix
[DEBUG ACCESS] Accessing normals at i=0
[DEBUG ACCESS] i=1 accessing row 1 of 55x6 matrix
[DEBUG ACCESS] Accessing normals at i=1
[DEBUG ACCESS] i=2 accessing row 2 of 55x6 matrix
[DEBUG ACCESS] Accessing normals at i=2
[DEBUG ACCESS] i=3 accessing row 3 of 55x6 matrix
[DEBUG ACCESS] Accessing normals at i=3
[DEBUG ACCESS] i=4 accessing row 4 of 55x6 matrix
[DEBUG ACCESS] Accessing normals at i=4
[DEBUG ACCESS] i=5 accessing row 5 of 55x6 matrix
[DEBUG ACCESS] Accessing normals at i=5
[DEBUG ACCESS] i=6 accessing row 6 of 55x6 matrix
[DEBUG ACCESS] Accessing normals at i=6
[DEBUG ACCESS] i=7 accessing row 7 of 55x6 matrix
[DEBUG ACCESS] Accessing normals at i=7
[DEBUG ACCESS] i=8 accessing row 8 of 55x6 matrix
[DEBUG ACCESS] Accessing normals at i=8
[DEBUG ACCESS] i=9 accessing row 9 of 55x6 matrix
[DEBUG ACCESS] Accessing normals at i=9
[DEBUG ACCESS] i=10 accessing row 10 of 55x6 matrix
[DEBUG ACCESS] Accessing normals at i=10
[DEBUG ACCESS] i=11 accessing row 11 of 55x6 matrix
[DEBUG ACCESS] Accessing normals at i=11
[DEBUG ACCESS] i=12 accessing row 12 of 55x6 matrix
[DEBUG ACCESS] Accessing normals at i=12
[DEBUG ACCESS] i=13 accessing row 13 of 55x6 matrix
[DEBUG ACCESS] Accessing normals at i=13
[DEBUG ACCESS] i=14 accessing row 14 of 55x6 matrix
[DEBUG ACCESS] Accessing normals at i=14
[DEBUG ACCESS] i=15 accessing row 15 of 55x6 matrix
[DEBUG ACCESS] Accessing normals at i=15
[DEBUG ACCESS] i=16 accessing row 16 of 55x6 matrix
[DEBUG ACCESS] Accessing normals at i=16
[DEBUG ACCESS] i=17 accessing row 17 of 55x6 matrix
[DEBUG ACCESS] Accessing normals at i=17
[DEBUG ACCESS] i=18 accessing row 18 of 55x6 matrix
[DEBUG ACCESS] Accessing normals at i=18
[DEBUG ACCESS] i=19 accessing row 19 of 55x6 matrix
[DEBUG ACCESS] Accessing normals at i=19
[DEBUG ACCESS] i=20 accessing row 20 of 55x6 matrix
[DEBUG ACCESS] Accessing normals at i=20
[DEBUG ACCESS] i=21 accessing row 21 of 55x6 matrix
[DEBUG ACCESS] Accessing normals at i=21
[DEBUG ACCESS] i=22 accessing row 22 of 55x6 matrix
[DEBUG ACCESS] Accessing normals at i=22
[DEBUG ACCESS] i=23 accessing row 23 of 55x6 matrix
[DEBUG ACCESS] Accessing normals at i=23
[DEBUG ACCESS] i=24 accessing row 24 of 55x6 matrix
[DEBUG ACCESS] Accessing normals at i=24
[DEBUG ACCESS] i=25 accessing row 25 of 55x6 matrix
[DEBUG ACCESS] Accessing normals at i=25
[DEBUG ACCESS] i=26 accessing row 26 of 55x6 matrix
[DEBUG ACCESS] Accessing normals at i=26
[DEBUG ACCESS] i=27 accessing row 27 of 55x6 matrix
[DEBUG ACCESS] Accessing normals at i=27
[DEBUG ACCESS] i=28 accessing row 28 of 55x6 matrix
[DEBUG ACCESS] Accessing normals at i=28
[DEBUG ACCESS] i=29 accessing row 29 of 55x6 matrix
[DEBUG ACCESS] Accessing normals at i=29
[DEBUG ACCESS] i=30 accessing row 30 of 55x6 matrix
[DEBUG ACCESS] Accessing normals at i=30
[DEBUG ACCESS] i=31 accessing row 31 of 55x6 matrix
[DEBUG ACCESS] Accessing normals at i=31
[DEBUG ACCESS] i=32 accessing row 32 of 55x6 matrix
[DEBUG ACCESS] Accessing normals at i=32
[DEBUG ACCESS] i=33 accessing row 33 of 55x6 matrix
[DEBUG ACCESS] Accessing normals at i=33
[DEBUG ACCESS] i=34 accessing row 34 of 55x6 matrix
[DEBUG ACCESS] Accessing normals at i=34
[DEBUG ACCESS] i=35 accessing row 35 of 55x6 matrix
[DEBUG ACCESS] Accessing normals at i=35
[DEBUG ACCESS] i=36 accessing row 36 of 55x6 matrix
[DEBUG ACCESS] Accessing normals at i=36
[DEBUG ACCESS] i=37 accessing row 37 of 55x6 matrix
[DEBUG ACCESS] Accessing normals at i=37
[DEBUG ACCESS] i=38 accessing row 38 of 55x6 matrix
[DEBUG ACCESS] Accessing normals at i=38
[DEBUG ACCESS] i=39 accessing row 39 of 55x6 matrix
[DEBUG ACCESS] Accessing normals at i=39
[DEBUG ACCESS] i=40 accessing row 40 of 55x6 matrix
[DEBUG ACCESS] Accessing normals at i=40
[DEBUG ACCESS] i=41 accessing row 41 of 55x6 matrix
[DEBUG ACCESS] Accessing normals at i=41
[DEBUG ACCESS] i=42 accessing row 42 of 55x6 matrix
[DEBUG ACCESS] Accessing normals at i=42
[DEBUG ACCESS] i=43 accessing row 43 of 55x6 matrix
[DEBUG ACCESS] Accessing normals at i=43
[DEBUG ACCESS] i=44 accessing row 44 of 55x6 matrix
[DEBUG ACCESS] Accessing normals at i=44
[DEBUG ACCESS] i=45 accessing row 45 of 55x6 matrix
[DEBUG ACCESS] Accessing normals at i=45
[DEBUG ACCESS] i=46 accessing row 46 of 55x6 matrix
[DEBUG ACCESS] Accessing normals at i=46
[DEBUG ACCESS] i=47 accessing row 47 of 55x6 matrix
[DEBUG ACCESS] Accessing normals at i=47
[DEBUG ACCESS] i=48 accessing row 48 of 55x6 matrix
[DEBUG ACCESS] Accessing normals at i=48
[DEBUG ACCESS] i=49 accessing row 49 of 55x6 matrix
[DEBUG ACCESS] Accessing normals at i=49
[DEBUG ACCESS] i=50 accessing row 50 of 55x6 matrix
[DEBUG ACCESS] Accessing normals at i=50
[DEBUG ACCESS] i=51 accessing row 51 of 55x6 matrix
[DEBUG ACCESS] Accessing normals at i=51
[DEBUG ACCESS] i=52 accessing row 52 of 55x6 matrix
[DEBUG ACCESS] Accessing normals at i=52
[DEBUG ACCESS] i=53 accessing row 53 of 55x6 matrix
[DEBUG ACCESS] Accessing normals at i=53
[EDGELINE DEBUG] Load PLY normals: Temp/Data/Pot_A/Pot_A_Piece_01_SampledWithNormals.ply
[1;33m[pcl::PLYReader] Temp/Data/Pot_A/Pot_A_Piece_01_SampledWithNormals.ply:25: property 'float32 focal' of element 'camera' is not handled
[0;m[1;33m[pcl::PLYReader] Temp/Data/Pot_A/Pot_A_Piece_01_SampledWithNormals.ply:26: property 'float32 scalex' of element 'camera' is not handled
[0;m[1;33m[pcl::PLYReader] Temp/Data/Pot_A/Pot_A_Piece_01_SampledWithNormals.ply:27: property 'float32 scaley' of element 'camera' is not handled
[0;m[1;33m[pcl::PLYReader] Temp/Data/Pot_A/Pot_A_Piece_01_SampledWithNormals.ply:28: property 'float32 centerx' of element 'camera' is not handled
[0;m[1;33m[pcl::PLYReader] Temp/Data/Pot_A/Pot_A_Piece_01_SampledWithNormals.ply:29: property 'float32 centery' of element 'camera' is not handled
[0;m[1;33m[pcl::PLYReader] Temp/Data/Pot_A/Pot_A_Piece_01_SampledWithNormals.ply:32: property 'float32 k1' of element 'camera' is not handled
[0;m[1;33m[pcl::PLYReader] Temp/Data/Pot_A/Pot_A_Piece_01_SampledWithNormals.ply:33: property 'float32 k2' of element 'camera' is not handled
[0;m[EDGELINE DEBUG] Loaded PointNormal PLY ok, size=8045
[DEBUG AXIS PATH] Using axis file: Dataset/Axes/Pot_A_Piece_01_Axis.xyz
[EDGELINE DEBUG] readFile cols=6 file=Segments/2.xyz rows=60
[DEBUG MATRIX] Segment file Segments/2.xyz matrix dimensions: 60x6
[DEBUG LOOP] Starting segment processing loop, rows=60 cols=6
[DEBUG ACCESS] i=0 accessing row 0 of 60x6 matrix
[DEBUG ACCESS] Accessing normals at i=0
[DEBUG ACCESS] i=1 accessing row 1 of 60x6 matrix
[DEBUG ACCESS] Accessing normals at i=1
[DEBUG ACCESS] i=2 accessing row 2 of 60x6 matrix
[DEBUG ACCESS] Accessing normals at i=2
[DEBUG ACCESS] i=3 accessing row 3 of 60x6 matrix
[DEBUG ACCESS] Accessing normals at i=3
[DEBUG ACCESS] i=4 accessing row 4 of 60x6 matrix
[DEBUG ACCESS] Accessing normals at i=4
[DEBUG ACCESS] i=5 accessing row 5 of 60x6 matrix
[DEBUG ACCESS] Accessing normals at i=5
[DEBUG ACCESS] i=6 accessing row 6 of 60x6 matrix
[DEBUG ACCESS] Accessing normals at i=6
[DEBUG ACCESS] i=7 accessing row 7 of 60x6 matrix
[DEBUG ACCESS] Accessing normals at i=7
[DEBUG ACCESS] i=8 accessing row 8 of 60x6 matrix
[DEBUG ACCESS] Accessing normals at i=8
[DEBUG ACCESS] i=9 accessing row 9 of 60x6 matrix
[DEBUG ACCESS] Accessing normals at i=9
[DEBUG ACCESS] i=10 accessing row 10 of 60x6 matrix
[DEBUG ACCESS] Accessing normals at i=10
[DEBUG ACCESS] i=11 accessing row 11 of 60x6 matrix
[DEBUG ACCESS] Accessing normals at i=11
[DEBUG ACCESS] i=12 accessing row 12 of 60x6 matrix
[DEBUG ACCESS] Accessing normals at i=12
[DEBUG ACCESS] i=13 accessing row 13 of 60x6 matrix
[DEBUG ACCESS] Accessing normals at i=13
[DEBUG ACCESS] i=14 accessing row 14 of 60x6 matrix
[DEBUG ACCESS] Accessing normals at i=14
[DEBUG ACCESS] i=15 accessing row 15 of 60x6 matrix
[DEBUG ACCESS] Accessing normals at i=15
[DEBUG ACCESS] i=16 accessing row 16 of 60x6 matrix
[DEBUG ACCESS] Accessing normals at i=16
[DEBUG ACCESS] i=17 accessing row 17 of 60x6 matrix
[DEBUG ACCESS] Accessing normals at i=17
[DEBUG ACCESS] i=18 accessing row 18 of 60x6 matrix
[DEBUG ACCESS] Accessing normals at i=18
[DEBUG ACCESS] i=19 accessing row 19 of 60x6 matrix
[DEBUG ACCESS] Accessing normals at i=19
[DEBUG ACCESS] i=20 accessing row 20 of 60x6 matrix
[DEBUG ACCESS] Accessing normals at i=20
[DEBUG ACCESS] i=21 accessing row 21 of 60x6 matrix
[DEBUG ACCESS] Accessing normals at i=21
[DEBUG ACCESS] i=22 accessing row 22 of 60x6 matrix
[DEBUG ACCESS] Accessing normals at i=22
[DEBUG ACCESS] i=23 accessing row 23 of 60x6 matrix
[DEBUG ACCESS] Accessing normals at i=23
[DEBUG ACCESS] i=24 accessing row 24 of 60x6 matrix
[DEBUG ACCESS] Accessing normals at i=24
[DEBUG ACCESS] i=25 accessing row 25 of 60x6 matrix
[DEBUG ACCESS] Accessing normals at i=25
[DEBUG ACCESS] i=26 accessing row 26 of 60x6 matrix
[DEBUG ACCESS] Accessing normals at i=26
[DEBUG ACCESS] i=27 accessing row 27 of 60x6 matrix
[DEBUG ACCESS] Accessing normals at i=27
[DEBUG ACCESS] i=28 accessing row 28 of 60x6 matrix
[DEBUG ACCESS] Accessing normals at i=28
[DEBUG ACCESS] i=29 accessing row 29 of 60x6 matrix
[DEBUG ACCESS] Accessing normals at i=29
[DEBUG ACCESS] i=30 accessing row 30 of 60x6 matrix
[DEBUG ACCESS] Accessing normals at i=30
[DEBUG ACCESS] i=31 accessing row 31 of 60x6 matrix
[DEBUG ACCESS] Accessing normals at i=31
[DEBUG ACCESS] i=32 accessing row 32 of 60x6 matrix
[DEBUG ACCESS] Accessing normals at i=32
[DEBUG ACCESS] i=33 accessing row 33 of 60x6 matrix
[DEBUG ACCESS] Accessing normals at i=33
[DEBUG ACCESS] i=34 accessing row 34 of 60x6 matrix
[DEBUG ACCESS] Accessing normals at i=34
[DEBUG ACCESS] i=35 accessing row 35 of 60x6 matrix
[DEBUG ACCESS] Accessing normals at i=35
[DEBUG ACCESS] i=36 accessing row 36 of 60x6 matrix
[DEBUG ACCESS] Accessing normals at i=36
[DEBUG ACCESS] i=37 accessing row 37 of 60x6 matrix
[DEBUG ACCESS] Accessing normals at i=37
[DEBUG ACCESS] i=38 accessing row 38 of 60x6 matrix
[DEBUG ACCESS] Accessing normals at i=38
[DEBUG ACCESS] i=39 accessing row 39 of 60x6 matrix
[DEBUG ACCESS] Accessing normals at i=39
[DEBUG ACCESS] i=40 accessing row 40 of 60x6 matrix
[DEBUG ACCESS] Accessing normals at i=40
[DEBUG ACCESS] i=41 accessing row 41 of 60x6 matrix
[DEBUG ACCESS] Accessing normals at i=41
[DEBUG ACCESS] i=42 accessing row 42 of 60x6 matrix
[DEBUG ACCESS] Accessing normals at i=42
[DEBUG ACCESS] i=43 accessing row 43 of 60x6 matrix
[DEBUG ACCESS] Accessing normals at i=43
[DEBUG ACCESS] i=44 accessing row 44 of 60x6 matrix
[DEBUG ACCESS] Accessing normals at i=44
[DEBUG ACCESS] i=45 accessing row 45 of 60x6 matrix
[DEBUG ACCESS] Accessing normals at i=45
[DEBUG ACCESS] i=46 accessing row 46 of 60x6 matrix
[DEBUG ACCESS] Accessing normals at i=46
[DEBUG ACCESS] i=47 accessing row 47 of 60x6 matrix
[DEBUG ACCESS] Accessing normals at i=47
[DEBUG ACCESS] i=48 accessing row 48 of 60x6 matrix
[DEBUG ACCESS] Accessing normals at i=48
[DEBUG ACCESS] i=49 accessing row 49 of 60x6 matrix
[DEBUG ACCESS] Accessing normals at i=49
[DEBUG ACCESS] i=50 accessing row 50 of 60x6 matrix
[DEBUG ACCESS] Accessing normals at i=50
[DEBUG ACCESS] i=51 accessing row 51 of 60x6 matrix
[DEBUG ACCESS] Accessing normals at i=51
[DEBUG ACCESS] i=52 accessing row 52 of 60x6 matrix
[DEBUG ACCESS] Accessing normals at i=52
[DEBUG ACCESS] i=53 accessing row 53 of 60x6 matrix
[DEBUG ACCESS] Accessing normals at i=53
[DEBUG ACCESS] i=54 accessing row 54 of 60x6 matrix
[DEBUG ACCESS] Accessing normals at i=54
[DEBUG ACCESS] i=55 accessing row 55 of 60x6 matrix
[DEBUG ACCESS] Accessing normals at i=55
[DEBUG ACCESS] i=56 accessing row 56 of 60x6 matrix
[DEBUG ACCESS] Accessing normals at i=56
[DEBUG ACCESS] i=57 accessing row 57 of 60x6 matrix
[DEBUG ACCESS] Accessing normals at i=57
[DEBUG ACCESS] i=58 accessing row 58 of 60x6 matrix
[DEBUG ACCESS] Accessing normals at i=58
[EDGELINE DEBUG] Load PLY normals: Temp/Data/Pot_A/Pot_A_Piece_01_SampledWithNormals.ply
[1;33m[pcl::PLYReader] Temp/Data/Pot_A/Pot_A_Piece_01_SampledWithNormals.ply:25: property 'float32 focal' of element 'camera' is not handled
[0;m[1;33m[pcl::PLYReader] Temp/Data/Pot_A/Pot_A_Piece_01_SampledWithNormals.ply:26: property 'float32 scalex' of element 'camera' is not handled
[0;m[1;33m[pcl::PLYReader] Temp/Data/Pot_A/Pot_A_Piece_01_SampledWithNormals.ply:27: property 'float32 scaley' of element 'camera' is not handled
[0;m[1;33m[pcl::PLYReader] Temp/Data/Pot_A/Pot_A_Piece_01_SampledWithNormals.ply:28: property 'float32 centerx' of element 'camera' is not handled
[0;m[1;33m[pcl::PLYReader] Temp/Data/Pot_A/Pot_A_Piece_01_SampledWithNormals.ply:29: property 'float32 centery' of element 'camera' is not handled
[0;m[1;33m[pcl::PLYReader] Temp/Data/Pot_A/Pot_A_Piece_01_SampledWithNormals.ply:32: property 'float32 k1' of element 'camera' is not handled
[0;m[1;33m[pcl::PLYReader] Temp/Data/Pot_A/Pot_A_Piece_01_SampledWithNormals.ply:33: property 'float32 k2' of element 'camera' is not handled
[0;m[EDGELINE DEBUG] Loaded PointNormal PLY ok, size=8045
[DEBUG AXIS PATH] Using axis file: Dataset/Axes/Pot_A_Piece_01_Axis.xyz
[EDGELINE DEBUG] readFile cols=6 file=Segments/3.xyz rows=38
[DEBUG MATRIX] Segment file Segments/3.xyz matrix dimensions: 38x6
[DEBUG LOOP] Starting segment processing loop, rows=38 cols=6
[DEBUG ACCESS] i=0 accessing row 0 of 38x6 matrix
[DEBUG ACCESS] Accessing normals at i=0
[DEBUG ACCESS] i=1 accessing row 1 of 38x6 matrix
[DEBUG ACCESS] Accessing normals at i=1
[DEBUG ACCESS] i=2 accessing row 2 of 38x6 matrix
[DEBUG ACCESS] Accessing normals at i=2
[DEBUG ACCESS] i=3 accessing row 3 of 38x6 matrix
[DEBUG ACCESS] Accessing normals at i=3
[DEBUG ACCESS] i=4 accessing row 4 of 38x6 matrix
[DEBUG ACCESS] Accessing normals at i=4
[DEBUG ACCESS] i=5 accessing row 5 of 38x6 matrix
[DEBUG ACCESS] Accessing normals at i=5
[DEBUG ACCESS] i=6 accessing row 6 of 38x6 matrix
[DEBUG ACCESS] Accessing normals at i=6
[DEBUG ACCESS] i=7 accessing row 7 of 38x6 matrix
[DEBUG ACCESS] Accessing normals at i=7
[DEBUG ACCESS] i=8 accessing row 8 of 38x6 matrix
[DEBUG ACCESS] Accessing normals at i=8
[DEBUG ACCESS] i=9 accessing row 9 of 38x6 matrix
[DEBUG ACCESS] Accessing normals at i=9
[DEBUG ACCESS] i=10 accessing row 10 of 38x6 matrix
[DEBUG ACCESS] Accessing normals at i=10
[DEBUG ACCESS] i=11 accessing row 11 of 38x6 matrix
[DEBUG ACCESS] Accessing normals at i=11
[DEBUG ACCESS] i=12 accessing row 12 of 38x6 matrix
[DEBUG ACCESS] Accessing normals at i=12
[DEBUG ACCESS] i=13 accessing row 13 of 38x6 matrix
[DEBUG ACCESS] Accessing normals at i=13
[DEBUG ACCESS] i=14 accessing row 14 of 38x6 matrix
[DEBUG ACCESS] Accessing normals at i=14
[DEBUG ACCESS] i=15 accessing row 15 of 38x6 matrix
[DEBUG ACCESS] Accessing normals at i=15
[DEBUG ACCESS] i=16 accessing row 16 of 38x6 matrix
[DEBUG ACCESS] Accessing normals at i=16
[DEBUG ACCESS] i=17 accessing row 17 of 38x6 matrix
[DEBUG ACCESS] Accessing normals at i=17
[DEBUG ACCESS] i=18 accessing row 18 of 38x6 matrix
[DEBUG ACCESS] Accessing normals at i=18
[DEBUG ACCESS] i=19 accessing row 19 of 38x6 matrix
[DEBUG ACCESS] Accessing normals at i=19
[DEBUG ACCESS] i=20 accessing row 20 of 38x6 matrix
[DEBUG ACCESS] Accessing normals at i=20
[DEBUG ACCESS] i=21 accessing row 21 of 38x6 matrix
[DEBUG ACCESS] Accessing normals at i=21
[DEBUG ACCESS] i=22 accessing row 22 of 38x6 matrix
[DEBUG ACCESS] Accessing normals at i=22
[DEBUG ACCESS] i=23 accessing row 23 of 38x6 matrix
[DEBUG ACCESS] Accessing normals at i=23
[DEBUG ACCESS] i=24 accessing row 24 of 38x6 matrix
[DEBUG ACCESS] Accessing normals at i=24
[DEBUG ACCESS] i=25 accessing row 25 of 38x6 matrix
[DEBUG ACCESS] Accessing normals at i=25
[DEBUG ACCESS] i=26 accessing row 26 of 38x6 matrix
[DEBUG ACCESS] Accessing normals at i=26
[DEBUG ACCESS] i=27 accessing row 27 of 38x6 matrix
[DEBUG ACCESS] Accessing normals at i=27
[DEBUG ACCESS] i=28 accessing row 28 of 38x6 matrix
[DEBUG ACCESS] Accessing normals at i=28
[DEBUG ACCESS] i=29 accessing row 29 of 38x6 matrix
[DEBUG ACCESS] Accessing normals at i=29
[DEBUG ACCESS] i=30 accessing row 30 of 38x6 matrix
[DEBUG ACCESS] Accessing normals at i=30
[DEBUG ACCESS] i=31 accessing row 31 of 38x6 matrix
[DEBUG ACCESS] Accessing normals at i=31
[DEBUG ACCESS] i=32 accessing row 32 of 38x6 matrix
[DEBUG ACCESS] Accessing normals at i=32
[DEBUG ACCESS] i=33 accessing row 33 of 38x6 matrix
[DEBUG ACCESS] Accessing normals at i=33
[DEBUG ACCESS] i=34 accessing row 34 of 38x6 matrix
[DEBUG ACCESS] Accessing normals at i=34
[DEBUG ACCESS] i=35 accessing row 35 of 38x6 matrix
[DEBUG ACCESS] Accessing normals at i=35
[DEBUG ACCESS] i=36 accessing row 36 of 38x6 matrix
[DEBUG ACCESS] Accessing normals at i=36
[EDGELINE DEBUG] Load PLY normals: Temp/Data/Pot_A/Pot_A_Piece_01_SampledWithNormals.ply
[1;33m[pcl::PLYReader] Temp/Data/Pot_A/Pot_A_Piece_01_SampledWithNormals.ply:25: property 'float32 focal' of element 'camera' is not handled
[0;m[1;33m[pcl::PLYReader] Temp/Data/Pot_A/Pot_A_Piece_01_SampledWithNormals.ply:26: property 'float32 scalex' of element 'camera' is not handled
[0;m[1;33m[pcl::PLYReader] Temp/Data/Pot_A/Pot_A_Piece_01_SampledWithNormals.ply:27: property 'float32 scaley' of element 'camera' is not handled
[0;m[1;33m[pcl::PLYReader] Temp/Data/Pot_A/Pot_A_Piece_01_SampledWithNormals.ply:28: property 'float32 centerx' of element 'camera' is not handled
[0;m[1;33m[pcl::PLYReader] Temp/Data/Pot_A/Pot_A_Piece_01_SampledWithNormals.ply:29: property 'float32 centery' of element 'camera' is not handled
[0;m[1;33m[pcl::PLYReader] Temp/Data/Pot_A/Pot_A_Piece_01_SampledWithNormals.ply:32: property 'float32 k1' of element 'camera' is not handled
[0;m[1;33m[pcl::PLYReader] Temp/Data/Pot_A/Pot_A_Piece_01_SampledWithNormals.ply:33: property 'float32 k2' of element 'camera' is not handled
[0;m[EDGELINE DEBUG] Loaded PointNormal PLY ok, size=8045
[DEBUG AXIS PATH] Using axis file: Dataset/Axes/Pot_A_Piece_01_Axis.xyz
[EDGELINE DEBUG] readFile cols=6 file=Segments/1.xyz rows=55
[EDGELINE DEBUG] Load PLY normals: Temp/Data/Pot_A/Pot_A_Piece_01_SampledWithNormals.ply
[1;33m[pcl::PLYReader] Temp/Data/Pot_A/Pot_A_Piece_01_SampledWithNormals.ply:25: property 'float32 focal' of element 'camera' is not handled
[0;m[1;33m[pcl::PLYReader] Temp/Data/Pot_A/Pot_A_Piece_01_SampledWithNormals.ply:26: property 'float32 scalex' of element 'camera' is not handled
[0;m[1;33m[pcl::PLYReader] Temp/Data/Pot_A/Pot_A_Piece_01_SampledWithNormals.ply:27: property 'float32 scaley' of element 'camera' is not handled
[0;m[1;33m[pcl::PLYReader] Temp/Data/Pot_A/Pot_A_Piece_01_SampledWithNormals.ply:28: property 'float32 centerx' of element 'camera' is not handled
[0;m[1;33m[pcl::PLYReader] Temp/Data/Pot_A/Pot_A_Piece_01_SampledWithNormals.ply:29: property 'float32 centery' of element 'camera' is not handled
[0;m[1;33m[pcl::PLYReader] Temp/Data/Pot_A/Pot_A_Piece_01_SampledWithNormals.ply:32: property 'float32 k1' of element 'camera' is not handled
[0;m[1;33m[pcl::PLYReader] Temp/Data/Pot_A/Pot_A_Piece_01_SampledWithNormals.ply:33: property 'float32 k2' of element 'camera' is not handled
[0;m[EDGELINE DEBUG] Loaded PointNormal PLY ok, size=8045
[EDGELINE DEBUG] readFile cols=6 file=Segments/2.xyz rows=60
[EDGELINE DEBUG] Load PLY normals: Temp/Data/Pot_A/Pot_A_Piece_01_SampledWithNormals.ply
[1;33m[pcl::PLYReader] Temp/Data/Pot_A/Pot_A_Piece_01_SampledWithNormals.ply:25: property 'float32 focal' of element 'camera' is not handled
[0;m[1;33m[pcl::PLYReader] Temp/Data/Pot_A/Pot_A_Piece_01_SampledWithNormals.ply:26: property 'float32 scalex' of element 'camera' is not handled
[0;m[1;33m[pcl::PLYReader] Temp/Data/Pot_A/Pot_A_Piece_01_SampledWithNormals.ply:27: property 'float32 scaley' of element 'camera' is not handled
[0;m[1;33m[pcl::PLYReader] Temp/Data/Pot_A/Pot_A_Piece_01_SampledWithNormals.ply:28: property 'float32 centerx' of element 'camera' is not handled
[0;m[1;33m[pcl::PLYReader] Temp/Data/Pot_A/Pot_A_Piece_01_SampledWithNormals.ply:29: property 'float32 centery' of element 'camera' is not handled
[0;m[1;33m[pcl::PLYReader] Temp/Data/Pot_A/Pot_A_Piece_01_SampledWithNormals.ply:32: property 'float32 k1' of element 'camera' is not handled
[0;m[1;33m[pcl::PLYReader] Temp/Data/Pot_A/Pot_A_Piece_01_SampledWithNormals.ply:33: property 'float32 k2' of element 'camera' is not handled
[0;m[EDGELINE DEBUG] Loaded PointNormal PLY ok, size=8045
[EDGELINE DEBUG] readFile cols=6 file=Segments/3.xyz rows=38
[EDGELINE DEBUG] Load PLY normals: Temp/Data/Pot_A/Pot_A_Piece_01_SampledWithNormals.ply
[1;33m[pcl::PLYReader] Temp/Data/Pot_A/Pot_A_Piece_01_SampledWithNormals.ply:25: property 'float32 focal' of element 'camera' is not handled
[0;m[1;33m[pcl::PLYReader] Temp/Data/Pot_A/Pot_A_Piece_01_SampledWithNormals.ply:26: property 'float32 scalex' of element 'camera' is not handled
[0;m[1;33m[pcl::PLYReader] Temp/Data/Pot_A/Pot_A_Piece_01_SampledWithNormals.ply:27: property 'float32 scaley' of element 'camera' is not handled
[0;m[1;33m[pcl::PLYReader] Temp/Data/Pot_A/Pot_A_Piece_01_SampledWithNormals.ply:28: property 'float32 centerx' of element 'camera' is not handled
[0;m[1;33m[pcl::PLYReader] Temp/Data/Pot_A/Pot_A_Piece_01_SampledWithNormals.ply:29: property 'float32 centery' of element 'camera' is not handled
[0;m[1;33m[pcl::PLYReader] Temp/Data/Pot_A/Pot_A_Piece_01_SampledWithNormals.ply:32: property 'float32 k1' of element 'camera' is not handled
[0;m[1;33m[pcl::PLYReader] Temp/Data/Pot_A/Pot_A_Piece_01_SampledWithNormals.ply:33: property 'float32 k2' of element 'camera' is not handled
[0;m[EDGELINE DEBUG] Loaded PointNormal PLY ok, size=8045
[EDGELINE DEBUG] processFragmentData surface=Temp/Data/Pot_A/Pot_A_Piece_02_Surface_0.xyz mesh=Temp/Data/Pot_A/Pot_A_Piece_02_Mesh.obj
[EDGELINE DEBUG] readFile cols=3 file=Temp/Temp_edge/Pot_A/pointCloudFromMesh.xyz rows=6747
[1;33m[pcl::PLYReader] Temp/Data/Pot_A/Pot_A_Piece_02_unclustered.ply:25: property 'float32 focal' of element 'camera' is not handled
[0;m[1;33m[pcl::PLYReader] Temp/Data/Pot_A/Pot_A_Piece_02_unclustered.ply:26: property 'float32 scalex' of element 'camera' is not handled
[0;m[1;33m[pcl::PLYReader] Temp/Data/Pot_A/Pot_A_Piece_02_unclustered.ply:27: property 'float32 scaley' of element 'camera' is not handled
[0;m[1;33m[pcl::PLYReader] Temp/Data/Pot_A/Pot_A_Piece_02_unclustered.ply:28: property 'float32 centerx' of element 'camera' is not handled
[0;m[1;33m[pcl::PLYReader] Temp/Data/Pot_A/Pot_A_Piece_02_unclustered.ply:29: property 'float32 centery' of element 'camera' is not handled
[0;m[1;33m[pcl::PLYReader] Temp/Data/Pot_A/Pot_A_Piece_02_unclustered.ply:32: property 'float32 k1' of element 'camera' is not handled
[0;m[1;33m[pcl::PLYReader] Temp/Data/Pot_A/Pot_A_Piece_02_unclustered.ply:33: property 'float32 k2' of element 'camera' is not handled
[0;m[1;33m[pcl::PLYReader] Temp/Temp_edge/Pot_A/_breakLineFromConcaveHull.ply:21: property 'float32 focal' of element 'camera' is not handled
[0;m[1;33m[pcl::PLYReader] Temp/Temp_edge/Pot_A/_breakLineFromConcaveHull.ply:22: property 'float32 scalex' of element 'camera' is not handled
[0;m[1;33m[pcl::PLYReader] Temp/Temp_edge/Pot_A/_breakLineFromConcaveHull.ply:23: property 'float32 scaley' of element 'camera' is not handled
[0;m[1;33m[pcl::PLYReader] Temp/Temp_edge/Pot_A/_breakLineFromConcaveHull.ply:24: property 'float32 centerx' of element 'camera' is not handled
[0;m[1;33m[pcl::PLYReader] Temp/Temp_edge/Pot_A/_breakLineFromConcaveHull.ply:25: property 'float32 centery' of element 'camera' is not handled
[0;m[1;33m[pcl::PLYReader] Temp/Temp_edge/Pot_A/_breakLineFromConcaveHull.ply:28: property 'float32 k1' of element 'camera' is not handled
[0;m[1;33m[pcl::PLYReader] Temp/Temp_edge/Pot_A/_breakLineFromConcaveHull.ply:29: property 'float32 k2' of element 'camera' is not handled
[0;m[1;33mFailed to find match for field 'normal_x'.
[0;m[1;33mFailed to find match for field 'normal_y'.
[0;m[1;33mFailed to find match for field 'normal_z'.
[0;m[1;33mFailed to find match for field 'curvature'.
[0;m[EDGELINE DEBUG] readFile cols=3 file=Temp/Temp_edge/Pot_A/CompleteBreakline.xyz rows=162
[EDGELINE DEBUG] detectSeparateLineSegments: file=Temp/Temp_edge/Pot_A/CompleteBreakline.xyz len=10
[EDGELINE DEBUG] readFile cols=3 file=Temp/Temp_edge/Pot_A/CompleteBreakline.xyz rows=162
[EDGELINE DEBUG] readFile cols=6 file=Temp/Temp_edge/Pot_A/CompleteBreakline.xyz rows=162
[EDGELINE DEBUG] b1 rows=162 cols=3 b1_withN rows=162 cols=6
[EDGELINE DEBUG] dist_scoreB1 size=182x1 distScoreOriginalLength size=162x1
[EDGELINE DEBUG] bCombined size=182x3
[EDGELINE DEBUG] readFile cols=6 file=Segments/1.xyz rows=21
[EDGELINE DEBUG] readFile cols=6 file=Segments/2.xyz rows=49
[EDGELINE DEBUG] readFile cols=6 file=Segments/3.xyz rows=27
[EDGELINE DEBUG] readFile cols=6 file=Segments/4.xyz rows=29
[EDGELINE DEBUG] readFile cols=6 file=Segments/5.xyz rows=41
[EDGELINE DEBUG] detectedPeakIndices size=5
[EDGELINE DEBUG] Segments files count=5
[EDGELINE DEBUG] axisInfoAvailable=1 path=Dataset/Axes/Pot_A_Piece_02_Axis.xyz
[EDGELINE DEBUG] readFile cols=6 file=Segments/1.xyz rows=21
[DEBUG MATRIX] Segment file Segments/1.xyz matrix dimensions: 21x6
[DEBUG LOOP] Starting segment processing loop, rows=21 cols=6
[DEBUG ACCESS] i=0 accessing row 0 of 21x6 matrix
[DEBUG ACCESS] Accessing normals at i=0
[DEBUG ACCESS] i=1 accessing row 1 of 21x6 matrix
[DEBUG ACCESS] Accessing normals at i=1
[DEBUG ACCESS] i=2 accessing row 2 of 21x6 matrix
[DEBUG ACCESS] Accessing normals at i=2
[DEBUG ACCESS] i=3 accessing row 3 of 21x6 matrix
[DEBUG ACCESS] Accessing normals at i=3
[DEBUG ACCESS] i=4 accessing row 4 of 21x6 matrix
[DEBUG ACCESS] Accessing normals at i=4
[DEBUG ACCESS] i=5 accessing row 5 of 21x6 matrix
[DEBUG ACCESS] Accessing normals at i=5
[DEBUG ACCESS] i=6 accessing row 6 of 21x6 matrix
[DEBUG ACCESS] Accessing normals at i=6
[DEBUG ACCESS] i=7 accessing row 7 of 21x6 matrix
[DEBUG ACCESS] Accessing normals at i=7
[DEBUG ACCESS] i=8 accessing row 8 of 21x6 matrix
[DEBUG ACCESS] Accessing normals at i=8
[DEBUG ACCESS] i=9 accessing row 9 of 21x6 matrix
[DEBUG ACCESS] Accessing normals at i=9
[DEBUG ACCESS] i=10 accessing row 10 of 21x6 matrix
[DEBUG ACCESS] Accessing normals at i=10
[DEBUG ACCESS] i=11 accessing row 11 of 21x6 matrix
[DEBUG ACCESS] Accessing normals at i=11
[DEBUG ACCESS] i=12 accessing row 12 of 21x6 matrix
[DEBUG ACCESS] Accessing normals at i=12
[DEBUG ACCESS] i=13 accessing row 13 of 21x6 matrix
[DEBUG ACCESS] Accessing normals at i=13
[DEBUG ACCESS] i=14 accessing row 14 of 21x6 matrix
[DEBUG ACCESS] Accessing normals at i=14
[DEBUG ACCESS] i=15 accessing row 15 of 21x6 matrix
[DEBUG ACCESS] Accessing normals at i=15
[DEBUG ACCESS] i=16 accessing row 16 of 21x6 matrix
[DEBUG ACCESS] Accessing normals at i=16
[DEBUG ACCESS] i=17 accessing row 17 of 21x6 matrix
[DEBUG ACCESS] Accessing normals at i=17
[DEBUG ACCESS] i=18 accessing row 18 of 21x6 matrix
[DEBUG ACCESS] Accessing normals at i=18
[DEBUG ACCESS] i=19 accessing row 19 of 21x6 matrix
[DEBUG ACCESS] Accessing normals at i=19
[EDGELINE DEBUG] Load PLY normals: Temp/Data/Pot_A/Pot_A_Piece_02_SampledWithNormals.ply
[1;33m[pcl::PLYReader] Temp/Data/Pot_A/Pot_A_Piece_02_SampledWithNormals.ply:25: property 'float32 focal' of element 'camera' is not handled
[0;m[1;33m[pcl::PLYReader] Temp/Data/Pot_A/Pot_A_Piece_02_SampledWithNormals.ply:26: property 'float32 scalex' of element 'camera' is not handled
[0;m[1;33m[pcl::PLYReader] Temp/Data/Pot_A/Pot_A_Piece_02_SampledWithNormals.ply:27: property 'float32 scaley' of element 'camera' is not handled
[0;m[1;33m[pcl::PLYReader] Temp/Data/Pot_A/Pot_A_Piece_02_SampledWithNormals.ply:28: property 'float32 centerx' of element 'camera' is not handled
[0;m[1;33m[pcl::PLYReader] Temp/Data/Pot_A/Pot_A_Piece_02_SampledWithNormals.ply:29: property 'float32 centery' of element 'camera' is not handled
[0;m[1;33m[pcl::PLYReader] Temp/Data/Pot_A/Pot_A_Piece_02_SampledWithNormals.ply:32: property 'float32 k1' of element 'camera' is not handled
[0;m[1;33m[pcl::PLYReader] Temp/Data/Pot_A/Pot_A_Piece_02_SampledWithNormals.ply:33: property 'float32 k2' of element 'camera' is not handled
[0;m[EDGELINE DEBUG] Loaded PointNormal PLY ok, size=10240
[DEBUG AXIS PATH] Using axis file: Dataset/Axes/Pot_A_Piece_02_Axis.xyz
[EDGELINE DEBUG] readFile cols=6 file=Segments/2.xyz rows=49
[DEBUG MATRIX] Segment file Segments/2.xyz matrix dimensions: 49x6
[DEBUG LOOP] Starting segment processing loop, rows=49 cols=6
[DEBUG ACCESS] i=0 accessing row 0 of 49x6 matrix
[DEBUG ACCESS] Accessing normals at i=0
[DEBUG ACCESS] i=1 accessing row 1 of 49x6 matrix
[DEBUG ACCESS] Accessing normals at i=1
[DEBUG ACCESS] i=2 accessing row 2 of 49x6 matrix
[DEBUG ACCESS] Accessing normals at i=2
[DEBUG ACCESS] i=3 accessing row 3 of 49x6 matrix
[DEBUG ACCESS] Accessing normals at i=3
[DEBUG ACCESS] i=4 accessing row 4 of 49x6 matrix
[DEBUG ACCESS] Accessing normals at i=4
[DEBUG ACCESS] i=5 accessing row 5 of 49x6 matrix
[DEBUG ACCESS] Accessing normals at i=5
[DEBUG ACCESS] i=6 accessing row 6 of 49x6 matrix
[DEBUG ACCESS] Accessing normals at i=6
[DEBUG ACCESS] i=7 accessing row 7 of 49x6 matrix
[DEBUG ACCESS] Accessing normals at i=7
[DEBUG ACCESS] i=8 accessing row 8 of 49x6 matrix
[DEBUG ACCESS] Accessing normals at i=8
[DEBUG ACCESS] i=9 accessing row 9 of 49x6 matrix
[DEBUG ACCESS] Accessing normals at i=9
[DEBUG ACCESS] i=10 accessing row 10 of 49x6 matrix
[DEBUG ACCESS] Accessing normals at i=10
[DEBUG ACCESS] i=11 accessing row 11 of 49x6 matrix
[DEBUG ACCESS] Accessing normals at i=11
[DEBUG ACCESS] i=12 accessing row 12 of 49x6 matrix
[DEBUG ACCESS] Accessing normals at i=12
[DEBUG ACCESS] i=13 accessing row 13 of 49x6 matrix
[DEBUG ACCESS] Accessing normals at i=13
[DEBUG ACCESS] i=14 accessing row 14 of 49x6 matrix
[DEBUG ACCESS] Accessing normals at i=14
[DEBUG ACCESS] i=15 accessing row 15 of 49x6 matrix
[DEBUG ACCESS] Accessing normals at i=15
[DEBUG ACCESS] i=16 accessing row 16 of 49x6 matrix
[DEBUG ACCESS] Accessing normals at i=16
[DEBUG ACCESS] i=17 accessing row 17 of 49x6 matrix
[DEBUG ACCESS] Accessing normals at i=17
[DEBUG ACCESS] i=18 accessing row 18 of 49x6 matrix
[DEBUG ACCESS] Accessing normals at i=18
[DEBUG ACCESS] i=19 accessing row 19 of 49x6 matrix
[DEBUG ACCESS] Accessing normals at i=19
[DEBUG ACCESS] i=20 accessing row 20 of 49x6 matrix
[DEBUG ACCESS] Accessing normals at i=20
[DEBUG ACCESS] i=21 accessing row 21 of 49x6 matrix
[DEBUG ACCESS] Accessing normals at i=21
[DEBUG ACCESS] i=22 accessing row 22 of 49x6 matrix
[DEBUG ACCESS] Accessing normals at i=22
[DEBUG ACCESS] i=23 accessing row 23 of 49x6 matrix
[DEBUG ACCESS] Accessing normals at i=23
[DEBUG ACCESS] i=24 accessing row 24 of 49x6 matrix
[DEBUG ACCESS] Accessing normals at i=24
[DEBUG ACCESS] i=25 accessing row 25 of 49x6 matrix
[DEBUG ACCESS] Accessing normals at i=25
[DEBUG ACCESS] i=26 accessing row 26 of 49x6 matrix
[DEBUG ACCESS] Accessing normals at i=26
[DEBUG ACCESS] i=27 accessing row 27 of 49x6 matrix
[DEBUG ACCESS] Accessing normals at i=27
[DEBUG ACCESS] i=28 accessing row 28 of 49x6 matrix
[DEBUG ACCESS] Accessing normals at i=28
[DEBUG ACCESS] i=29 accessing row 29 of 49x6 matrix
[DEBUG ACCESS] Accessing normals at i=29
[DEBUG ACCESS] i=30 accessing row 30 of 49x6 matrix
[DEBUG ACCESS] Accessing normals at i=30
[DEBUG ACCESS] i=31 accessing row 31 of 49x6 matrix
[DEBUG ACCESS] Accessing normals at i=31
[DEBUG ACCESS] i=32 accessing row 32 of 49x6 matrix
[DEBUG ACCESS] Accessing normals at i=32
[DEBUG ACCESS] i=33 accessing row 33 of 49x6 matrix
[DEBUG ACCESS] Accessing normals at i=33
[DEBUG ACCESS] i=34 accessing row 34 of 49x6 matrix
[DEBUG ACCESS] Accessing normals at i=34
[DEBUG ACCESS] i=35 accessing row 35 of 49x6 matrix
[DEBUG ACCESS] Accessing normals at i=35
[DEBUG ACCESS] i=36 accessing row 36 of 49x6 matrix
[DEBUG ACCESS] Accessing normals at i=36
[DEBUG ACCESS] i=37 accessing row 37 of 49x6 matrix
[DEBUG ACCESS] Accessing normals at i=37
[DEBUG ACCESS] i=38 accessing row 38 of 49x6 matrix
[DEBUG ACCESS] Accessing normals at i=38
[DEBUG ACCESS] i=39 accessing row 39 of 49x6 matrix
[DEBUG ACCESS] Accessing normals at i=39
[DEBUG ACCESS] i=40 accessing row 40 of 49x6 matrix
[DEBUG ACCESS] Accessing normals at i=40
[DEBUG ACCESS] i=41 accessing row 41 of 49x6 matrix
[DEBUG ACCESS] Accessing normals at i=41
[DEBUG ACCESS] i=42 accessing row 42 of 49x6 matrix
[DEBUG ACCESS] Accessing normals at i=42
[DEBUG ACCESS] i=43 accessing row 43 of 49x6 matrix
[DEBUG ACCESS] Accessing normals at i=43
[DEBUG ACCESS] i=44 accessing row 44 of 49x6 matrix
[DEBUG ACCESS] Accessing normals at i=44
[DEBUG ACCESS] i=45 accessing row 45 of 49x6 matrix
[DEBUG ACCESS] Accessing normals at i=45
[DEBUG ACCESS] i=46 accessing row 46 of 49x6 matrix
[DEBUG ACCESS] Accessing normals at i=46
[DEBUG ACCESS] i=47 accessing row 47 of 49x6 matrix
[DEBUG ACCESS] Accessing normals at i=47
[EDGELINE DEBUG] Load PLY normals: Temp/Data/Pot_A/Pot_A_Piece_02_SampledWithNormals.ply
[1;33m[pcl::PLYReader] Temp/Data/Pot_A/Pot_A_Piece_02_SampledWithNormals.ply:25: property 'float32 focal' of element 'camera' is not handled
[0;m[1;33m[pcl::PLYReader] Temp/Data/Pot_A/Pot_A_Piece_02_SampledWithNormals.ply:26: property 'float32 scalex' of element 'camera' is not handled
[0;m[1;33m[pcl::PLYReader] Temp/Data/Pot_A/Pot_A_Piece_02_SampledWithNormals.ply:27: property 'float32 scaley' of element 'camera' is not handled
[0;m[1;33m[pcl::PLYReader] Temp/Data/Pot_A/Pot_A_Piece_02_SampledWithNormals.ply:28: property 'float32 centerx' of element 'camera' is not handled
[0;m[1;33m[pcl::PLYReader] Temp/Data/Pot_A/Pot_A_Piece_02_SampledWithNormals.ply:29: property 'float32 centery' of element 'camera' is not handled
[0;m[1;33m[pcl::PLYReader] Temp/Data/Pot_A/Pot_A_Piece_02_SampledWithNormals.ply:32: property 'float32 k1' of element 'camera' is not handled
[0;m[1;33m[pcl::PLYReader] Temp/Data/Pot_A/Pot_A_Piece_02_SampledWithNormals.ply:33: property 'float32 k2' of element 'camera' is not handled
[0;m[EDGELINE DEBUG] Loaded PointNormal PLY ok, size=10240
[DEBUG AXIS PATH] Using axis file: Dataset/Axes/Pot_A_Piece_02_Axis.xyz
[EDGELINE DEBUG] readFile cols=6 file=Segments/3.xyz rows=27
[DEBUG MATRIX] Segment file Segments/3.xyz matrix dimensions: 27x6
[DEBUG LOOP] Starting segment processing loop, rows=27 cols=6
[DEBUG ACCESS] i=0 accessing row 0 of 27x6 matrix
[DEBUG ACCESS] Accessing normals at i=0
[DEBUG ACCESS] i=1 accessing row 1 of 27x6 matrix
[DEBUG ACCESS] Accessing normals at i=1
[DEBUG ACCESS] i=2 accessing row 2 of 27x6 matrix
[DEBUG ACCESS] Accessing normals at i=2
[DEBUG ACCESS] i=3 accessing row 3 of 27x6 matrix
[DEBUG ACCESS] Accessing normals at i=3
[DEBUG ACCESS] i=4 accessing row 4 of 27x6 matrix
[DEBUG ACCESS] Accessing normals at i=4
[DEBUG ACCESS] i=5 accessing row 5 of 27x6 matrix
[DEBUG ACCESS] Accessing normals at i=5
[DEBUG ACCESS] i=6 accessing row 6 of 27x6 matrix
[DEBUG ACCESS] Accessing normals at i=6
[DEBUG ACCESS] i=7 accessing row 7 of 27x6 matrix
[DEBUG ACCESS] Accessing normals at i=7
[DEBUG ACCESS] i=8 accessing row 8 of 27x6 matrix
[DEBUG ACCESS] Accessing normals at i=8
[DEBUG ACCESS] i=9 accessing row 9 of 27x6 matrix
[DEBUG ACCESS] Accessing normals at i=9
[DEBUG ACCESS] i=10 accessing row 10 of 27x6 matrix
[DEBUG ACCESS] Accessing normals at i=10
[DEBUG ACCESS] i=11 accessing row 11 of 27x6 matrix
[DEBUG ACCESS] Accessing normals at i=11
[DEBUG ACCESS] i=12 accessing row 12 of 27x6 matrix
[DEBUG ACCESS] Accessing normals at i=12
[DEBUG ACCESS] i=13 accessing row 13 of 27x6 matrix
[DEBUG ACCESS] Accessing normals at i=13
[DEBUG ACCESS] i=14 accessing row 14 of 27x6 matrix
[DEBUG ACCESS] Accessing normals at i=14
[DEBUG ACCESS] i=15 accessing row 15 of 27x6 matrix
[DEBUG ACCESS] Accessing normals at i=15
[DEBUG ACCESS] i=16 accessing row 16 of 27x6 matrix
[DEBUG ACCESS] Accessing normals at i=16
[DEBUG ACCESS] i=17 accessing row 17 of 27x6 matrix
[DEBUG ACCESS] Accessing normals at i=17
[DEBUG ACCESS] i=18 accessing row 18 of 27x6 matrix
[DEBUG ACCESS] Accessing normals at i=18
[DEBUG ACCESS] i=19 accessing row 19 of 27x6 matrix
[DEBUG ACCESS] Accessing normals at i=19
[DEBUG ACCESS] i=20 accessing row 20 of 27x6 matrix
[DEBUG ACCESS] Accessing normals at i=20
[DEBUG ACCESS] i=21 accessing row 21 of 27x6 matrix
[DEBUG ACCESS] Accessing normals at i=21
[DEBUG ACCESS] i=22 accessing row 22 of 27x6 matrix
[DEBUG ACCESS] Accessing normals at i=22
[DEBUG ACCESS] i=23 accessing row 23 of 27x6 matrix
[DEBUG ACCESS] Accessing normals at i=23
[DEBUG ACCESS] i=24 accessing row 24 of 27x6 matrix
[DEBUG ACCESS] Accessing normals at i=24
[DEBUG ACCESS] i=25 accessing row 25 of 27x6 matrix
[DEBUG ACCESS] Accessing normals at i=25
[EDGELINE DEBUG] Load PLY normals: Temp/Data/Pot_A/Pot_A_Piece_02_SampledWithNormals.ply
[1;33m[pcl::PLYReader] Temp/Data/Pot_A/Pot_A_Piece_02_SampledWithNormals.ply:25: property 'float32 focal' of element 'camera' is not handled
[0;m[1;33m[pcl::PLYReader] Temp/Data/Pot_A/Pot_A_Piece_02_SampledWithNormals.ply:26: property 'float32 scalex' of element 'camera' is not handled
[0;m[1;33m[pcl::PLYReader] Temp/Data/Pot_A/Pot_A_Piece_02_SampledWithNormals.ply:27: property 'float32 scaley' of element 'camera' is not handled
[0;m[1;33m[pcl::PLYReader] Temp/Data/Pot_A/Pot_A_Piece_02_SampledWithNormals.ply:28: property 'float32 centerx' of element 'camera' is not handled
[0;m[1;33m[pcl::PLYReader] Temp/Data/Pot_A/Pot_A_Piece_02_SampledWithNormals.ply:29: property 'float32 centery' of element 'camera' is not handled
[0;m[1;33m[pcl::PLYReader] Temp/Data/Pot_A/Pot_A_Piece_02_SampledWithNormals.ply:32: property 'float32 k1' of element 'camera' is not handled
[0;m[1;33m[pcl::PLYReader] Temp/Data/Pot_A/Pot_A_Piece_02_SampledWithNormals.ply:33: property 'float32 k2' of element 'camera' is not handled
[0;m[EDGELINE DEBUG] Loaded PointNormal PLY ok, size=10240
[DEBUG AXIS PATH] Using axis file: Dataset/Axes/Pot_A_Piece_02_Axis.xyz
[EDGELINE DEBUG] readFile cols=6 file=Segments/4.xyz rows=29
[DEBUG MATRIX] Segment file Segments/4.xyz matrix dimensions: 29x6
[DEBUG LOOP] Starting segment processing loop, rows=29 cols=6
[DEBUG ACCESS] i=0 accessing row 0 of 29x6 matrix
[DEBUG ACCESS] Accessing normals at i=0
[DEBUG ACCESS] i=1 accessing row 1 of 29x6 matrix
[DEBUG ACCESS] Accessing normals at i=1
[DEBUG ACCESS] i=2 accessing row 2 of 29x6 matrix
[DEBUG ACCESS] Accessing normals at i=2
[DEBUG ACCESS] i=3 accessing row 3 of 29x6 matrix
[DEBUG ACCESS] Accessing normals at i=3
[DEBUG ACCESS] i=4 accessing row 4 of 29x6 matrix
[DEBUG ACCESS] Accessing normals at i=4
[DEBUG ACCESS] i=5 accessing row 5 of 29x6 matrix
[DEBUG ACCESS] Accessing normals at i=5
[DEBUG ACCESS] i=6 accessing row 6 of 29x6 matrix
[DEBUG ACCESS] Accessing normals at i=6
[DEBUG ACCESS] i=7 accessing row 7 of 29x6 matrix
[DEBUG ACCESS] Accessing normals at i=7
[DEBUG ACCESS] i=8 accessing row 8 of 29x6 matrix
[DEBUG ACCESS] Accessing normals at i=8
[DEBUG ACCESS] i=9 accessing row 9 of 29x6 matrix
[DEBUG ACCESS] Accessing normals at i=9
[DEBUG ACCESS] i=10 accessing row 10 of 29x6 matrix
[DEBUG ACCESS] Accessing normals at i=10
[DEBUG ACCESS] i=11 accessing row 11 of 29x6 matrix
[DEBUG ACCESS] Accessing normals at i=11
[DEBUG ACCESS] i=12 accessing row 12 of 29x6 matrix
[DEBUG ACCESS] Accessing normals at i=12
[DEBUG ACCESS] i=13 accessing row 13 of 29x6 matrix
[DEBUG ACCESS] Accessing normals at i=13
[DEBUG ACCESS] i=14 accessing row 14 of 29x6 matrix
[DEBUG ACCESS] Accessing normals at i=14
[DEBUG ACCESS] i=15 accessing row 15 of 29x6 matrix
[DEBUG ACCESS] Accessing normals at i=15
[DEBUG ACCESS] i=16 accessing row 16 of 29x6 matrix
[DEBUG ACCESS] Accessing normals at i=16
[DEBUG ACCESS] i=17 accessing row 17 of 29x6 matrix
[DEBUG ACCESS] Accessing normals at i=17
[DEBUG ACCESS] i=18 accessing row 18 of 29x6 matrix
[DEBUG ACCESS] Accessing normals at i=18
[DEBUG ACCESS] i=19 accessing row 19 of 29x6 matrix
[DEBUG ACCESS] Accessing normals at i=19
[DEBUG ACCESS] i=20 accessing row 20 of 29x6 matrix
[DEBUG ACCESS] Accessing normals at i=20
[DEBUG ACCESS] i=21 accessing row 21 of 29x6 matrix
[DEBUG ACCESS] Accessing normals at i=21
[DEBUG ACCESS] i=22 accessing row 22 of 29x6 matrix
[DEBUG ACCESS] Accessing normals at i=22
[DEBUG ACCESS] i=23 accessing row 23 of 29x6 matrix
[DEBUG ACCESS] Accessing normals at i=23
[DEBUG ACCESS] i=24 accessing row 24 of 29x6 matrix
[DEBUG ACCESS] Accessing normals at i=24
[DEBUG ACCESS] i=25 accessing row 25 of 29x6 matrix
[DEBUG ACCESS] Accessing normals at i=25
[DEBUG ACCESS] i=26 accessing row 26 of 29x6 matrix
[DEBUG ACCESS] Accessing normals at i=26
[DEBUG ACCESS] i=27 accessing row 27 of 29x6 matrix
[DEBUG ACCESS] Accessing normals at i=27
[EDGELINE DEBUG] Load PLY normals: Temp/Data/Pot_A/Pot_A_Piece_02_SampledWithNormals.ply
[1;33m[pcl::PLYReader] Temp/Data/Pot_A/Pot_A_Piece_02_SampledWithNormals.ply:25: property 'float32 focal' of element 'camera' is not handled
[0;m[1;33m[pcl::PLYReader] Temp/Data/Pot_A/Pot_A_Piece_02_SampledWithNormals.ply:26: property 'float32 scalex' of element 'camera' is not handled
[0;m[1;33m[pcl::PLYReader] Temp/Data/Pot_A/Pot_A_Piece_02_SampledWithNormals.ply:27: property 'float32 scaley' of element 'camera' is not handled
[0;m[1;33m[pcl::PLYReader] Temp/Data/Pot_A/Pot_A_Piece_02_SampledWithNormals.ply:28: property 'float32 centerx' of element 'camera' is not handled
[0;m[1;33m[pcl::PLYReader] Temp/Data/Pot_A/Pot_A_Piece_02_SampledWithNormals.ply:29: property 'float32 centery' of element 'camera' is not handled
[0;m[1;33m[pcl::PLYReader] Temp/Data/Pot_A/Pot_A_Piece_02_SampledWithNormals.ply:32: property 'float32 k1' of element 'camera' is not handled
[0;m[1;33m[pcl::PLYReader] Temp/Data/Pot_A/Pot_A_Piece_02_SampledWithNormals.ply:33: property 'float32 k2' of element 'camera' is not handled
[0;m[EDGELINE DEBUG] Loaded PointNormal PLY ok, size=10240
[DEBUG AXIS PATH] Using axis file: Dataset/Axes/Pot_A_Piece_02_Axis.xyz
[EDGELINE DEBUG] readFile cols=6 file=Segments/5.xyz rows=41
[DEBUG MATRIX] Segment file Segments/5.xyz matrix dimensions: 41x6
[DEBUG LOOP] Starting segment processing loop, rows=41 cols=6
[DEBUG ACCESS] i=0 accessing row 0 of 41x6 matrix
[DEBUG ACCESS] Accessing normals at i=0
[DEBUG ACCESS] i=1 accessing row 1 of 41x6 matrix
[DEBUG ACCESS] Accessing normals at i=1
[DEBUG ACCESS] i=2 accessing row 2 of 41x6 matrix
[DEBUG ACCESS] Accessing normals at i=2
[DEBUG ACCESS] i=3 accessing row 3 of 41x6 matrix
[DEBUG ACCESS] Accessing normals at i=3
[DEBUG ACCESS] i=4 accessing row 4 of 41x6 matrix
[DEBUG ACCESS] Accessing normals at i=4
[DEBUG ACCESS] i=5 accessing row 5 of 41x6 matrix
[DEBUG ACCESS] Accessing normals at i=5
[DEBUG ACCESS] i=6 accessing row 6 of 41x6 matrix
[DEBUG ACCESS] Accessing normals at i=6
[DEBUG ACCESS] i=7 accessing row 7 of 41x6 matrix
[DEBUG ACCESS] Accessing normals at i=7
[DEBUG ACCESS] i=8 accessing row 8 of 41x6 matrix
[DEBUG ACCESS] Accessing normals at i=8
[DEBUG ACCESS] i=9 accessing row 9 of 41x6 matrix
[DEBUG ACCESS] Accessing normals at i=9
[DEBUG ACCESS] i=10 accessing row 10 of 41x6 matrix
[DEBUG ACCESS] Accessing normals at i=10
[DEBUG ACCESS] i=11 accessing row 11 of 41x6 matrix
[DEBUG ACCESS] Accessing normals at i=11
[DEBUG ACCESS] i=12 accessing row 12 of 41x6 matrix
[DEBUG ACCESS] Accessing normals at i=12
[DEBUG ACCESS] i=13 accessing row 13 of 41x6 matrix
[DEBUG ACCESS] Accessing normals at i=13
[DEBUG ACCESS] i=14 accessing row 14 of 41x6 matrix
[DEBUG ACCESS] Accessing normals at i=14
[DEBUG ACCESS] i=15 accessing row 15 of 41x6 matrix
[DEBUG ACCESS] Accessing normals at i=15
[DEBUG ACCESS] i=16 accessing row 16 of 41x6 matrix
[DEBUG ACCESS] Accessing normals at i=16
[DEBUG ACCESS] i=17 accessing row 17 of 41x6 matrix
[DEBUG ACCESS] Accessing normals at i=17
[DEBUG ACCESS] i=18 accessing row 18 of 41x6 matrix
[DEBUG ACCESS] Accessing normals at i=18
[DEBUG ACCESS] i=19 accessing row 19 of 41x6 matrix
[DEBUG ACCESS] Accessing normals at i=19
[DEBUG ACCESS] i=20 accessing row 20 of 41x6 matrix
[DEBUG ACCESS] Accessing normals at i=20
[DEBUG ACCESS] i=21 accessing row 21 of 41x6 matrix
[DEBUG ACCESS] Accessing normals at i=21
[DEBUG ACCESS] i=22 accessing row 22 of 41x6 matrix
[DEBUG ACCESS] Accessing normals at i=22
[DEBUG ACCESS] i=23 accessing row 23 of 41x6 matrix
[DEBUG ACCESS] Accessing normals at i=23
[DEBUG ACCESS] i=24 accessing row 24 of 41x6 matrix
[DEBUG ACCESS] Accessing normals at i=24
[DEBUG ACCESS] i=25 accessing row 25 of 41x6 matrix
[DEBUG ACCESS] Accessing normals at i=25
[DEBUG ACCESS] i=26 accessing row 26 of 41x6 matrix
[DEBUG ACCESS] Accessing normals at i=26
[DEBUG ACCESS] i=27 accessing row 27 of 41x6 matrix
[DEBUG ACCESS] Accessing normals at i=27
[DEBUG ACCESS] i=28 accessing row 28 of 41x6 matrix
[DEBUG ACCESS] Accessing normals at i=28
[DEBUG ACCESS] i=29 accessing row 29 of 41x6 matrix
[DEBUG ACCESS] Accessing normals at i=29
[DEBUG ACCESS] i=30 accessing row 30 of 41x6 matrix
[DEBUG ACCESS] Accessing normals at i=30
[DEBUG ACCESS] i=31 accessing row 31 of 41x6 matrix
[DEBUG ACCESS] Accessing normals at i=31
[DEBUG ACCESS] i=32 accessing row 32 of 41x6 matrix
[DEBUG ACCESS] Accessing normals at i=32
[DEBUG ACCESS] i=33 accessing row 33 of 41x6 matrix
[DEBUG ACCESS] Accessing normals at i=33
[DEBUG ACCESS] i=34 accessing row 34 of 41x6 matrix
[DEBUG ACCESS] Accessing normals at i=34
[DEBUG ACCESS] i=35 accessing row 35 of 41x6 matrix
[DEBUG ACCESS] Accessing normals at i=35
[DEBUG ACCESS] i=36 accessing row 36 of 41x6 matrix
[DEBUG ACCESS] Accessing normals at i=36
[DEBUG ACCESS] i=37 accessing row 37 of 41x6 matrix
[DEBUG ACCESS] Accessing normals at i=37
[DEBUG ACCESS] i=38 accessing row 38 of 41x6 matrix
[DEBUG ACCESS] Accessing normals at i=38
[DEBUG ACCESS] i=39 accessing row 39 of 41x6 matrix
[DEBUG ACCESS] Accessing normals at i=39
[EDGELINE DEBUG] Load PLY normals: Temp/Data/Pot_A/Pot_A_Piece_02_SampledWithNormals.ply
[1;33m[pcl::PLYReader] Temp/Data/Pot_A/Pot_A_Piece_02_SampledWithNormals.ply:25: property 'float32 focal' of element 'camera' is not handled
[0;m[1;33m[pcl::PLYReader] Temp/Data/Pot_A/Pot_A_Piece_02_SampledWithNormals.ply:26: property 'float32 scalex' of element 'camera' is not handled
[0;m[1;33m[pcl::PLYReader] Temp/Data/Pot_A/Pot_A_Piece_02_SampledWithNormals.ply:27: property 'float32 scaley' of element 'camera' is not handled
[0;m[1;33m[pcl::PLYReader] Temp/Data/Pot_A/Pot_A_Piece_02_SampledWithNormals.ply:28: property 'float32 centerx' of element 'camera' is not handled
[0;m[1;33m[pcl::PLYReader] Temp/Data/Pot_A/Pot_A_Piece_02_SampledWithNormals.ply:29: property 'float32 centery' of element 'camera' is not handled
[0;m[1;33m[pcl::PLYReader] Temp/Data/Pot_A/Pot_A_Piece_02_SampledWithNormals.ply:32: property 'float32 k1' of element 'camera' is not handled
[0;m[1;33m[pcl::PLYReader] Temp/Data/Pot_A/Pot_A_Piece_02_SampledWithNormals.ply:33: property 'float32 k2' of element 'camera' is not handled
[0;m[EDGELINE DEBUG] Loaded PointNormal PLY ok, size=10240
[DEBUG AXIS PATH] Using axis file: Dataset/Axes/Pot_A_Piece_02_Axis.xyz
[EDGELINE DEBUG] readFile cols=6 file=Segments/1.xyz rows=21
[EDGELINE DEBUG] Load PLY normals: Temp/Data/Pot_A/Pot_A_Piece_02_SampledWithNormals.ply
[1;33m[pcl::PLYReader] Temp/Data/Pot_A/Pot_A_Piece_02_SampledWithNormals.ply:25: property 'float32 focal' of element 'camera' is not handled
[0;m[1;33m[pcl::PLYReader] Temp/Data/Pot_A/Pot_A_Piece_02_SampledWithNormals.ply:26: property 'float32 scalex' of element 'camera' is not handled
[0;m[1;33m[pcl::PLYReader] Temp/Data/Pot_A/Pot_A_Piece_02_SampledWithNormals.ply:27: property 'float32 scaley' of element 'camera' is not handled
[0;m[1;33m[pcl::PLYReader] Temp/Data/Pot_A/Pot_A_Piece_02_SampledWithNormals.ply:28: property 'float32 centerx' of element 'camera' is not handled
[0;m[1;33m[pcl::PLYReader] Temp/Data/Pot_A/Pot_A_Piece_02_SampledWithNormals.ply:29: property 'float32 centery' of element 'camera' is not handled
[0;m[1;33m[pcl::PLYReader] Temp/Data/Pot_A/Pot_A_Piece_02_SampledWithNormals.ply:32: property 'float32 k1' of element 'camera' is not handled
[0;m[1;33m[pcl::PLYReader] Temp/Data/Pot_A/Pot_A_Piece_02_SampledWithNormals.ply:33: property 'float32 k2' of element 'camera' is not handled
[0;m[EDGELINE DEBUG] Loaded PointNormal PLY ok, size=10240
[EDGELINE DEBUG] readFile cols=6 file=Segments/2.xyz rows=49
[EDGELINE DEBUG] Load PLY normals: Temp/Data/Pot_A/Pot_A_Piece_02_SampledWithNormals.ply
[1;33m[pcl::PLYReader] Temp/Data/Pot_A/Pot_A_Piece_02_SampledWithNormals.ply:25: property 'float32 focal' of element 'camera' is not handled
[0;m[1;33m[pcl::PLYReader] Temp/Data/Pot_A/Pot_A_Piece_02_SampledWithNormals.ply:26: property 'float32 scalex' of element 'camera' is not handled
[0;m[1;33m[pcl::PLYReader] Temp/Data/Pot_A/Pot_A_Piece_02_SampledWithNormals.ply:27: property 'float32 scaley' of element 'camera' is not handled
[0;m[1;33m[pcl::PLYReader] Temp/Data/Pot_A/Pot_A_Piece_02_SampledWithNormals.ply:28: property 'float32 centerx' of element 'camera' is not handled
[0;m[1;33m[pcl::PLYReader] Temp/Data/Pot_A/Pot_A_Piece_02_SampledWithNormals.ply:29: property 'float32 centery' of element 'camera' is not handled
[0;m[1;33m[pcl::PLYReader] Temp/Data/Pot_A/Pot_A_Piece_02_SampledWithNormals.ply:32: property 'float32 k1' of element 'camera' is not handled
[0;m[1;33m[pcl::PLYReader] Temp/Data/Pot_A/Pot_A_Piece_02_SampledWithNormals.ply:33: property 'float32 k2' of element 'camera' is not handled
[0;m[EDGELINE DEBUG] Loaded PointNormal PLY ok, size=10240
[EDGELINE DEBUG] readFile cols=6 file=Segments/3.xyz rows=27
[EDGELINE DEBUG] Load PLY normals: Temp/Data/Pot_A/Pot_A_Piece_02_SampledWithNormals.ply
[1;33m[pcl::PLYReader] Temp/Data/Pot_A/Pot_A_Piece_02_SampledWithNormals.ply:25: property 'float32 focal' of element 'camera' is not handled
[0;m[1;33m[pcl::PLYReader] Temp/Data/Pot_A/Pot_A_Piece_02_SampledWithNormals.ply:26: property 'float32 scalex' of element 'camera' is not handled
[0;m[1;33m[pcl::PLYReader] Temp/Data/Pot_A/Pot_A_Piece_02_SampledWithNormals.ply:27: property 'float32 scaley' of element 'camera' is not handled
[0;m[1;33m[pcl::PLYReader] Temp/Data/Pot_A/Pot_A_Piece_02_SampledWithNormals.ply:28: property 'float32 centerx' of element 'camera' is not handled
[0;m[1;33m[pcl::PLYReader] Temp/Data/Pot_A/Pot_A_Piece_02_SampledWithNormals.ply:29: property 'float32 centery' of element 'camera' is not handled
[0;m[1;33m[pcl::PLYReader] Temp/Data/Pot_A/Pot_A_Piece_02_SampledWithNormals.ply:32: property 'float32 k1' of element 'camera' is not handled
[0;m[1;33m[pcl::PLYReader] Temp/Data/Pot_A/Pot_A_Piece_02_SampledWithNormals.ply:33: property 'float32 k2' of element 'camera' is not handled
[0;m[EDGELINE DEBUG] Loaded PointNormal PLY ok, size=10240
[EDGELINE DEBUG] readFile cols=6 file=Segments/4.xyz rows=29
[EDGELINE DEBUG] Load PLY normals: Temp/Data/Pot_A/Pot_A_Piece_02_SampledWithNormals.ply
[1;33m[pcl::PLYReader] Temp/Data/Pot_A/Pot_A_Piece_02_SampledWithNormals.ply:25: property 'float32 focal' of element 'camera' is not handled
[0;m[1;33m[pcl::PLYReader] Temp/Data/Pot_A/Pot_A_Piece_02_SampledWithNormals.ply:26: property 'float32 scalex' of element 'camera' is not handled
[0;m[1;33m[pcl::PLYReader] Temp/Data/Pot_A/Pot_A_Piece_02_SampledWithNormals.ply:27: property 'float32 scaley' of element 'camera' is not handled
[0;m[1;33m[pcl::PLYReader] Temp/Data/Pot_A/Pot_A_Piece_02_SampledWithNormals.ply:28: property 'float32 centerx' of element 'camera' is not handled
[0;m[1;33m[pcl::PLYReader] Temp/Data/Pot_A/Pot_A_Piece_02_SampledWithNormals.ply:29: property 'float32 centery' of element 'camera' is not handled
[0;m[1;33m[pcl::PLYReader] Temp/Data/Pot_A/Pot_A_Piece_02_SampledWithNormals.ply:32: property 'float32 k1' of element 'camera' is not handled
[0;m[1;33m[pcl::PLYReader] Temp/Data/Pot_A/Pot_A_Piece_02_SampledWithNormals.ply:33: property 'float32 k2' of element 'camera' is not handled
[0;m[EDGELINE DEBUG] Loaded PointNormal PLY ok, size=10240
[EDGELINE DEBUG] readFile cols=6 file=Segments/5.xyz rows=41
[EDGELINE DEBUG] Load PLY normals: Temp/Data/Pot_A/Pot_A_Piece_02_SampledWithNormals.ply
[1;33m[pcl::PLYReader] Temp/Data/Pot_A/Pot_A_Piece_02_SampledWithNormals.ply:25: property 'float32 focal' of element 'camera' is not handled
[0;m[1;33m[pcl::PLYReader] Temp/Data/Pot_A/Pot_A_Piece_02_SampledWithNormals.ply:26: property 'float32 scalex' of element 'camera' is not handled
[0;m[1;33m[pcl::PLYReader] Temp/Data/Pot_A/Pot_A_Piece_02_SampledWithNormals.ply:27: property 'float32 scaley' of element 'camera' is not handled
[0;m[1;33m[pcl::PLYReader] Temp/Data/Pot_A/Pot_A_Piece_02_SampledWithNormals.ply:28: property 'float32 centerx' of element 'camera' is not handled
[0;m[1;33m[pcl::PLYReader] Temp/Data/Pot_A/Pot_A_Piece_02_SampledWithNormals.ply:29: property 'float32 centery' of element 'camera' is not handled
[0;m[1;33m[pcl::PLYReader] Temp/Data/Pot_A/Pot_A_Piece_02_SampledWithNormals.ply:32: property 'float32 k1' of element 'camera' is not handled
[0;m[1;33m[pcl::PLYReader] Temp/Data/Pot_A/Pot_A_Piece_02_SampledWithNormals.ply:33: property 'float32 k2' of element 'camera' is not handled
[0;m[EDGELINE DEBUG] Loaded PointNormal PLY ok, size=10240
[EDGELINE DEBUG] processFragmentData surface=Temp/Data/Pot_A/Pot_A_Piece_02_Surface_1.xyz mesh=Temp/Data/Pot_A/Pot_A_Piece_02_Mesh.obj
[EDGELINE DEBUG] readFile cols=3 file=Temp/Temp_edge/Pot_A/pointCloudFromMesh.xyz rows=6579
[1;33m[pcl::PLYReader] Temp/Data/Pot_A/Pot_A_Piece_02_unclustered.ply:25: property 'float32 focal' of element 'camera' is not handled
[0;m[1;33m[pcl::PLYReader] Temp/Data/Pot_A/Pot_A_Piece_02_unclustered.ply:26: property 'float32 scalex' of element 'camera' is not handled
[0;m[1;33m[pcl::PLYReader] Temp/Data/Pot_A/Pot_A_Piece_02_unclustered.ply:27: property 'float32 scaley' of element 'camera' is not handled
[0;m[1;33m[pcl::PLYReader] Temp/Data/Pot_A/Pot_A_Piece_02_unclustered.ply:28: property 'float32 centerx' of element 'camera' is not handled
[0;m[1;33m[pcl::PLYReader] Temp/Data/Pot_A/Pot_A_Piece_02_unclustered.ply:29: property 'float32 centery' of element 'camera' is not handled
[0;m[1;33m[pcl::PLYReader] Temp/Data/Pot_A/Pot_A_Piece_02_unclustered.ply:32: property 'float32 k1' of element 'camera' is not handled
[0;m[1;33m[pcl::PLYReader] Temp/Data/Pot_A/Pot_A_Piece_02_unclustered.ply:33: property 'float32 k2' of element 'camera' is not handled
[0;m[1;33m[pcl::PLYReader] Temp/Temp_edge/Pot_A/_breakLineFromConcaveHull.ply:21: property 'float32 focal' of element 'camera' is not handled
[0;m[1;33m[pcl::PLYReader] Temp/Temp_edge/Pot_A/_breakLineFromConcaveHull.ply:22: property 'float32 scalex' of element 'camera' is not handled
[0;m[1;33m[pcl::PLYReader] Temp/Temp_edge/Pot_A/_breakLineFromConcaveHull.ply:23: property 'float32 scaley' of element 'camera' is not handled
[0;m[1;33m[pcl::PLYReader] Temp/Temp_edge/Pot_A/_breakLineFromConcaveHull.ply:24: property 'float32 centerx' of element 'camera' is not handled
[0;m[1;33m[pcl::PLYReader] Temp/Temp_edge/Pot_A/_breakLineFromConcaveHull.ply:25: property 'float32 centery' of element 'camera' is not handled
[0;m[1;33m[pcl::PLYReader] Temp/Temp_edge/Pot_A/_breakLineFromConcaveHull.ply:28: property 'float32 k1' of element 'camera' is not handled
[0;m[1;33m[pcl::PLYReader] Temp/Temp_edge/Pot_A/_breakLineFromConcaveHull.ply:29: property 'float32 k2' of element 'camera' is not handled
[0;m[1;33mFailed to find match for field 'normal_x'.
[0;m[1;33mFailed to find match for field 'normal_y'.
[0;m[1;33mFailed to find match for field 'normal_z'.
[0;m[1;33mFailed to find match for field 'curvature'.
[0;m[EDGELINE DEBUG] readFile cols=3 file=Temp/Temp_edge/Pot_A/CompleteBreakline.xyz rows=99
[EDGELINE DEBUG] detectSeparateLineSegments: file=Temp/Temp_edge/Pot_A/CompleteBreakline.xyz len=10
[EDGELINE DEBUG] readFile cols=3 file=Temp/Temp_edge/Pot_A/CompleteBreakline.xyz rows=99
[EDGELINE DEBUG] readFile cols=6 file=Temp/Temp_edge/Pot_A/CompleteBreakline.xyz rows=99
[EDGELINE DEBUG] b1 rows=99 cols=3 b1_withN rows=99 cols=6
[EDGELINE DEBUG] dist_scoreB1 size=119x1 distScoreOriginalLength size=99x1
[EDGELINE DEBUG] bCombined size=119x3
[EDGELINE DEBUG] readFile cols=6 file=Segments/1.xyz rows=34
[EDGELINE DEBUG] readFile cols=6 file=Segments/2.xyz rows=35
[EDGELINE DEBUG] readFile cols=6 file=Segments/3.xyz rows=33
[EDGELINE DEBUG] detectedPeakIndices size=3
[EDGELINE DEBUG] Segments files count=3
[EDGELINE DEBUG] axisInfoAvailable=1 path=Dataset/Axes/Pot_A_Piece_02_Axis.xyz
[EDGELINE DEBUG] readFile cols=6 file=Segments/1.xyz rows=34
[DEBUG MATRIX] Segment file Segments/1.xyz matrix dimensions: 34x6
[DEBUG LOOP] Starting segment processing loop, rows=34 cols=6
[DEBUG ACCESS] i=0 accessing row 0 of 34x6 matrix
[DEBUG ACCESS] Accessing normals at i=0
[DEBUG ACCESS] i=1 accessing row 1 of 34x6 matrix
[DEBUG ACCESS] Accessing normals at i=1
[DEBUG ACCESS] i=2 accessing row 2 of 34x6 matrix
[DEBUG ACCESS] Accessing normals at i=2
[DEBUG ACCESS] i=3 accessing row 3 of 34x6 matrix
[DEBUG ACCESS] Accessing normals at i=3
[DEBUG ACCESS] i=4 accessing row 4 of 34x6 matrix
[DEBUG ACCESS] Accessing normals at i=4
[DEBUG ACCESS] i=5 accessing row 5 of 34x6 matrix
[DEBUG ACCESS] Accessing normals at i=5
[DEBUG ACCESS] i=6 accessing row 6 of 34x6 matrix
[DEBUG ACCESS] Accessing normals at i=6
[DEBUG ACCESS] i=7 accessing row 7 of 34x6 matrix
[DEBUG ACCESS] Accessing normals at i=7
[DEBUG ACCESS] i=8 accessing row 8 of 34x6 matrix
[DEBUG ACCESS] Accessing normals at i=8
[DEBUG ACCESS] i=9 accessing row 9 of 34x6 matrix
[DEBUG ACCESS] Accessing normals at i=9
[DEBUG ACCESS] i=10 accessing row 10 of 34x6 matrix
[DEBUG ACCESS] Accessing normals at i=10
[DEBUG ACCESS] i=11 accessing row 11 of 34x6 matrix
[DEBUG ACCESS] Accessing normals at i=11
[DEBUG ACCESS] i=12 accessing row 12 of 34x6 matrix
[DEBUG ACCESS] Accessing normals at i=12
[DEBUG ACCESS] i=13 accessing row 13 of 34x6 matrix
[DEBUG ACCESS] Accessing normals at i=13
[DEBUG ACCESS] i=14 accessing row 14 of 34x6 matrix
[DEBUG ACCESS] Accessing normals at i=14
[DEBUG ACCESS] i=15 accessing row 15 of 34x6 matrix
[DEBUG ACCESS] Accessing normals at i=15
[DEBUG ACCESS] i=16 accessing row 16 of 34x6 matrix
[DEBUG ACCESS] Accessing normals at i=16
[DEBUG ACCESS] i=17 accessing row 17 of 34x6 matrix
[DEBUG ACCESS] Accessing normals at i=17
[DEBUG ACCESS] i=18 accessing row 18 of 34x6 matrix
[DEBUG ACCESS] Accessing normals at i=18
[DEBUG ACCESS] i=19 accessing row 19 of 34x6 matrix
[DEBUG ACCESS] Accessing normals at i=19
[DEBUG ACCESS] i=20 accessing row 20 of 34x6 matrix
[DEBUG ACCESS] Accessing normals at i=20
[DEBUG ACCESS] i=21 accessing row 21 of 34x6 matrix
[DEBUG ACCESS] Accessing normals at i=21
[DEBUG ACCESS] i=22 accessing row 22 of 34x6 matrix
[DEBUG ACCESS] Accessing normals at i=22
[DEBUG ACCESS] i=23 accessing row 23 of 34x6 matrix
[DEBUG ACCESS] Accessing normals at i=23
[DEBUG ACCESS] i=24 accessing row 24 of 34x6 matrix
[DEBUG ACCESS] Accessing normals at i=24
[DEBUG ACCESS] i=25 accessing row 25 of 34x6 matrix
[DEBUG ACCESS] Accessing normals at i=25
[DEBUG ACCESS] i=26 accessing row 26 of 34x6 matrix
[DEBUG ACCESS] Accessing normals at i=26
[DEBUG ACCESS] i=27 accessing row 27 of 34x6 matrix
[DEBUG ACCESS] Accessing normals at i=27
[DEBUG ACCESS] i=28 accessing row 28 of 34x6 matrix
[DEBUG ACCESS] Accessing normals at i=28
[DEBUG ACCESS] i=29 accessing row 29 of 34x6 matrix
[DEBUG ACCESS] Accessing normals at i=29
[DEBUG ACCESS] i=30 accessing row 30 of 34x6 matrix
[DEBUG ACCESS] Accessing normals at i=30
[DEBUG ACCESS] i=31 accessing row 31 of 34x6 matrix
[DEBUG ACCESS] Accessing normals at i=31
[DEBUG ACCESS] i=32 accessing row 32 of 34x6 matrix
[DEBUG ACCESS] Accessing normals at i=32
[EDGELINE DEBUG] Load PLY normals: Temp/Data/Pot_A/Pot_A_Piece_02_SampledWithNormals.ply
[1;33m[pcl::PLYReader] Temp/Data/Pot_A/Pot_A_Piece_02_SampledWithNormals.ply:25: property 'float32 focal' of element 'camera' is not handled
[0;m[1;33m[pcl::PLYReader] Temp/Data/Pot_A/Pot_A_Piece_02_SampledWithNormals.ply:26: property 'float32 scalex' of element 'camera' is not handled
[0;m[1;33m[pcl::PLYReader] Temp/Data/Pot_A/Pot_A_Piece_02_SampledWithNormals.ply:27: property 'float32 scaley' of element 'camera' is not handled
[0;m[1;33m[pcl::PLYReader] Temp/Data/Pot_A/Pot_A_Piece_02_SampledWithNormals.ply:28: property 'float32 centerx' of element 'camera' is not handled
[0;m[1;33m[pcl::PLYReader] Temp/Data/Pot_A/Pot_A_Piece_02_SampledWithNormals.ply:29: property 'float32 centery' of element 'camera' is not handled
[0;m[1;33m[pcl::PLYReader] Temp/Data/Pot_A/Pot_A_Piece_02_SampledWithNormals.ply:32: property 'float32 k1' of element 'camera' is not handled
[0;m[1;33m[pcl::PLYReader] Temp/Data/Pot_A/Pot_A_Piece_02_SampledWithNormals.ply:33: property 'float32 k2' of element 'camera' is not handled
[0;m[EDGELINE DEBUG] Loaded PointNormal PLY ok, size=10240
[DEBUG AXIS PATH] Using axis file: Dataset/Axes/Pot_A_Piece_02_Axis.xyz
[EDGELINE DEBUG] readFile cols=6 file=Segments/2.xyz rows=35
[DEBUG MATRIX] Segment file Segments/2.xyz matrix dimensions: 35x6
[DEBUG LOOP] Starting segment processing loop, rows=35 cols=6
[DEBUG ACCESS] i=0 accessing row 0 of 35x6 matrix
[DEBUG ACCESS] Accessing normals at i=0
[DEBUG ACCESS] i=1 accessing row 1 of 35x6 matrix
[DEBUG ACCESS] Accessing normals at i=1
[DEBUG ACCESS] i=2 accessing row 2 of 35x6 matrix
[DEBUG ACCESS] Accessing normals at i=2
[DEBUG ACCESS] i=3 accessing row 3 of 35x6 matrix
[DEBUG ACCESS] Accessing normals at i=3
[DEBUG ACCESS] i=4 accessing row 4 of 35x6 matrix
[DEBUG ACCESS] Accessing normals at i=4
[DEBUG ACCESS] i=5 accessing row 5 of 35x6 matrix
[DEBUG ACCESS] Accessing normals at i=5
[DEBUG ACCESS] i=6 accessing row 6 of 35x6 matrix
[DEBUG ACCESS] Accessing normals at i=6
[DEBUG ACCESS] i=7 accessing row 7 of 35x6 matrix
[DEBUG ACCESS] Accessing normals at i=7
[DEBUG ACCESS] i=8 accessing row 8 of 35x6 matrix
[DEBUG ACCESS] Accessing normals at i=8
[DEBUG ACCESS] i=9 accessing row 9 of 35x6 matrix
[DEBUG ACCESS] Accessing normals at i=9
[DEBUG ACCESS] i=10 accessing row 10 of 35x6 matrix
[DEBUG ACCESS] Accessing normals at i=10
[DEBUG ACCESS] i=11 accessing row 11 of 35x6 matrix
[DEBUG ACCESS] Accessing normals at i=11
[DEBUG ACCESS] i=12 accessing row 12 of 35x6 matrix
[DEBUG ACCESS] Accessing normals at i=12
[DEBUG ACCESS] i=13 accessing row 13 of 35x6 matrix
[DEBUG ACCESS] Accessing normals at i=13
[DEBUG ACCESS] i=14 accessing row 14 of 35x6 matrix
[DEBUG ACCESS] Accessing normals at i=14
[DEBUG ACCESS] i=15 accessing row 15 of 35x6 matrix
[DEBUG ACCESS] Accessing normals at i=15
[DEBUG ACCESS] i=16 accessing row 16 of 35x6 matrix
[DEBUG ACCESS] Accessing normals at i=16
[DEBUG ACCESS] i=17 accessing row 17 of 35x6 matrix
[DEBUG ACCESS] Accessing normals at i=17
[DEBUG ACCESS] i=18 accessing row 18 of 35x6 matrix
[DEBUG ACCESS] Accessing normals at i=18
[DEBUG ACCESS] i=19 accessing row 19 of 35x6 matrix
[DEBUG ACCESS] Accessing normals at i=19
[DEBUG ACCESS] i=20 accessing row 20 of 35x6 matrix
[DEBUG ACCESS] Accessing normals at i=20
[DEBUG ACCESS] i=21 accessing row 21 of 35x6 matrix
[DEBUG ACCESS] Accessing normals at i=21
[DEBUG ACCESS] i=22 accessing row 22 of 35x6 matrix
[DEBUG ACCESS] Accessing normals at i=22
[DEBUG ACCESS] i=23 accessing row 23 of 35x6 matrix
[DEBUG ACCESS] Accessing normals at i=23
[DEBUG ACCESS] i=24 accessing row 24 of 35x6 matrix
[DEBUG ACCESS] Accessing normals at i=24
[DEBUG ACCESS] i=25 accessing row 25 of 35x6 matrix
[DEBUG ACCESS] Accessing normals at i=25
[DEBUG ACCESS] i=26 accessing row 26 of 35x6 matrix
[DEBUG ACCESS] Accessing normals at i=26
[DEBUG ACCESS] i=27 accessing row 27 of 35x6 matrix
[DEBUG ACCESS] Accessing normals at i=27
[DEBUG ACCESS] i=28 accessing row 28 of 35x6 matrix
[DEBUG ACCESS] Accessing normals at i=28
[DEBUG ACCESS] i=29 accessing row 29 of 35x6 matrix
[DEBUG ACCESS] Accessing normals at i=29
[DEBUG ACCESS] i=30 accessing row 30 of 35x6 matrix
[DEBUG ACCESS] Accessing normals at i=30
[DEBUG ACCESS] i=31 accessing row 31 of 35x6 matrix
[DEBUG ACCESS] Accessing normals at i=31
[DEBUG ACCESS] i=32 accessing row 32 of 35x6 matrix
[DEBUG ACCESS] Accessing normals at i=32
[DEBUG ACCESS] i=33 accessing row 33 of 35x6 matrix
[DEBUG ACCESS] Accessing normals at i=33
[EDGELINE DEBUG] Load PLY normals: Temp/Data/Pot_A/Pot_A_Piece_02_SampledWithNormals.ply
[1;33m[pcl::PLYReader] Temp/Data/Pot_A/Pot_A_Piece_02_SampledWithNormals.ply:25: property 'float32 focal' of element 'camera' is not handled
[0;m[1;33m[pcl::PLYReader] Temp/Data/Pot_A/Pot_A_Piece_02_SampledWithNormals.ply:26: property 'float32 scalex' of element 'camera' is not handled
[0;m[1;33m[pcl::PLYReader] Temp/Data/Pot_A/Pot_A_Piece_02_SampledWithNormals.ply:27: property 'float32 scaley' of element 'camera' is not handled
[0;m[1;33m[pcl::PLYReader] Temp/Data/Pot_A/Pot_A_Piece_02_SampledWithNormals.ply:28: property 'float32 centerx' of element 'camera' is not handled
[0;m[1;33m[pcl::PLYReader] Temp/Data/Pot_A/Pot_A_Piece_02_SampledWithNormals.ply:29: property 'float32 centery' of element 'camera' is not handled
[0;m[1;33m[pcl::PLYReader] Temp/Data/Pot_A/Pot_A_Piece_02_SampledWithNormals.ply:32: property 'float32 k1' of element 'camera' is not handled
[0;m[1;33m[pcl::PLYReader] Temp/Data/Pot_A/Pot_A_Piece_02_SampledWithNormals.ply:33: property 'float32 k2' of element 'camera' is not handled
[0;m[EDGELINE DEBUG] Loaded PointNormal PLY ok, size=10240
[DEBUG AXIS PATH] Using axis file: Dataset/Axes/Pot_A_Piece_02_Axis.xyz
[EDGELINE DEBUG] readFile cols=6 file=Segments/3.xyz rows=33
[DEBUG MATRIX] Segment file Segments/3.xyz matrix dimensions: 33x6
[DEBUG LOOP] Starting segment processing loop, rows=33 cols=6
[DEBUG ACCESS] i=0 accessing row 0 of 33x6 matrix
[DEBUG ACCESS] Accessing normals at i=0
[DEBUG ACCESS] i=1 accessing row 1 of 33x6 matrix
[DEBUG ACCESS] Accessing normals at i=1
[DEBUG ACCESS] i=2 accessing row 2 of 33x6 matrix
[DEBUG ACCESS] Accessing normals at i=2
[DEBUG ACCESS] i=3 accessing row 3 of 33x6 matrix
[DEBUG ACCESS] Accessing normals at i=3
[DEBUG ACCESS] i=4 accessing row 4 of 33x6 matrix
[DEBUG ACCESS] Accessing normals at i=4
[DEBUG ACCESS] i=5 accessing row 5 of 33x6 matrix
[DEBUG ACCESS] Accessing normals at i=5
[DEBUG ACCESS] i=6 accessing row 6 of 33x6 matrix
[DEBUG ACCESS] Accessing normals at i=6
[DEBUG ACCESS] i=7 accessing row 7 of 33x6 matrix
[DEBUG ACCESS] Accessing normals at i=7
[DEBUG ACCESS] i=8 accessing row 8 of 33x6 matrix
[DEBUG ACCESS] Accessing normals at i=8
[DEBUG ACCESS] i=9 accessing row 9 of 33x6 matrix
[DEBUG ACCESS] Accessing normals at i=9
[DEBUG ACCESS] i=10 accessing row 10 of 33x6 matrix
[DEBUG ACCESS] Accessing normals at i=10
[DEBUG ACCESS] i=11 accessing row 11 of 33x6 matrix
[DEBUG ACCESS] Accessing normals at i=11
[DEBUG ACCESS] i=12 accessing row 12 of 33x6 matrix
[DEBUG ACCESS] Accessing normals at i=12
[DEBUG ACCESS] i=13 accessing row 13 of 33x6 matrix
[DEBUG ACCESS] Accessing normals at i=13
[DEBUG ACCESS] i=14 accessing row 14 of 33x6 matrix
[DEBUG ACCESS] Accessing normals at i=14
[DEBUG ACCESS] i=15 accessing row 15 of 33x6 matrix
[DEBUG ACCESS] Accessing normals at i=15
[DEBUG ACCESS] i=16 accessing row 16 of 33x6 matrix
[DEBUG ACCESS] Accessing normals at i=16
[DEBUG ACCESS] i=17 accessing row 17 of 33x6 matrix
[DEBUG ACCESS] Accessing normals at i=17
[DEBUG ACCESS] i=18 accessing row 18 of 33x6 matrix
[DEBUG ACCESS] Accessing normals at i=18
[DEBUG ACCESS] i=19 accessing row 19 of 33x6 matrix
[DEBUG ACCESS] Accessing normals at i=19
[DEBUG ACCESS] i=20 accessing row 20 of 33x6 matrix
[DEBUG ACCESS] Accessing normals at i=20
[DEBUG ACCESS] i=21 accessing row 21 of 33x6 matrix
[DEBUG ACCESS] Accessing normals at i=21
[DEBUG ACCESS] i=22 accessing row 22 of 33x6 matrix
[DEBUG ACCESS] Accessing normals at i=22
[DEBUG ACCESS] i=23 accessing row 23 of 33x6 matrix
[DEBUG ACCESS] Accessing normals at i=23
[DEBUG ACCESS] i=24 accessing row 24 of 33x6 matrix
[DEBUG ACCESS] Accessing normals at i=24
[DEBUG ACCESS] i=25 accessing row 25 of 33x6 matrix
[DEBUG ACCESS] Accessing normals at i=25
[DEBUG ACCESS] i=26 accessing row 26 of 33x6 matrix
[DEBUG ACCESS] Accessing normals at i=26
[DEBUG ACCESS] i=27 accessing row 27 of 33x6 matrix
[DEBUG ACCESS] Accessing normals at i=27
[DEBUG ACCESS] i=28 accessing row 28 of 33x6 matrix
[DEBUG ACCESS] Accessing normals at i=28
[DEBUG ACCESS] i=29 accessing row 29 of 33x6 matrix
[DEBUG ACCESS] Accessing normals at i=29
[DEBUG ACCESS] i=30 accessing row 30 of 33x6 matrix
[DEBUG ACCESS] Accessing normals at i=30
[DEBUG ACCESS] i=31 accessing row 31 of 33x6 matrix
[DEBUG ACCESS] Accessing normals at i=31
[EDGELINE DEBUG] Load PLY normals: Temp/Data/Pot_A/Pot_A_Piece_02_SampledWithNormals.ply
[1;33m[pcl::PLYReader] Temp/Data/Pot_A/Pot_A_Piece_02_SampledWithNormals.ply:25: property 'float32 focal' of element 'camera' is not handled
[0;m[1;33m[pcl::PLYReader] Temp/Data/Pot_A/Pot_A_Piece_02_SampledWithNormals.ply:26: property 'float32 scalex' of element 'camera' is not handled
[0;m[1;33m[pcl::PLYReader] Temp/Data/Pot_A/Pot_A_Piece_02_SampledWithNormals.ply:27: property 'float32 scaley' of element 'camera' is not handled
[0;m[1;33m[pcl::PLYReader] Temp/Data/Pot_A/Pot_A_Piece_02_SampledWithNormals.ply:28: property 'float32 centerx' of element 'camera' is not handled
[0;m[1;33m[pcl::PLYReader] Temp/Data/Pot_A/Pot_A_Piece_02_SampledWithNormals.ply:29: property 'float32 centery' of element 'camera' is not handled
[0;m[1;33m[pcl::PLYReader] Temp/Data/Pot_A/Pot_A_Piece_02_SampledWithNormals.ply:32: property 'float32 k1' of element 'camera' is not handled
[0;m[1;33m[pcl::PLYReader] Temp/Data/Pot_A/Pot_A_Piece_02_SampledWithNormals.ply:33: property 'float32 k2' of element 'camera' is not handled
[0;m[EDGELINE DEBUG] Loaded PointNormal PLY ok, size=10240
[DEBUG AXIS PATH] Using axis file: Dataset/Axes/Pot_A_Piece_02_Axis.xyz
[EDGELINE DEBUG] readFile cols=6 file=Segments/1.xyz rows=34
[EDGELINE DEBUG] Load PLY normals: Temp/Data/Pot_A/Pot_A_Piece_02_SampledWithNormals.ply
[1;33m[pcl::PLYReader] Temp/Data/Pot_A/Pot_A_Piece_02_SampledWithNormals.ply:25: property 'float32 focal' of element 'camera' is not handled
[0;m[1;33m[pcl::PLYReader] Temp/Data/Pot_A/Pot_A_Piece_02_SampledWithNormals.ply:26: property 'float32 scalex' of element 'camera' is not handled
[0;m[1;33m[pcl::PLYReader] Temp/Data/Pot_A/Pot_A_Piece_02_SampledWithNormals.ply:27: property 'float32 scaley' of element 'camera' is not handled
[0;m[1;33m[pcl::PLYReader] Temp/Data/Pot_A/Pot_A_Piece_02_SampledWithNormals.ply:28: property 'float32 centerx' of element 'camera' is not handled
[0;m[1;33m[pcl::PLYReader] Temp/Data/Pot_A/Pot_A_Piece_02_SampledWithNormals.ply:29: property 'float32 centery' of element 'camera' is not handled
[0;m[1;33m[pcl::PLYReader] Temp/Data/Pot_A/Pot_A_Piece_02_SampledWithNormals.ply:32: property 'float32 k1' of element 'camera' is not handled
[0;m[1;33m[pcl::PLYReader] Temp/Data/Pot_A/Pot_A_Piece_02_SampledWithNormals.ply:33: property 'float32 k2' of element 'camera' is not handled
[0;m[EDGELINE DEBUG] Loaded PointNormal PLY ok, size=10240
[EDGELINE DEBUG] readFile cols=6 file=Segments/2.xyz rows=35
[EDGELINE DEBUG] Load PLY normals: Temp/Data/Pot_A/Pot_A_Piece_02_SampledWithNormals.ply
[1;33m[pcl::PLYReader] Temp/Data/Pot_A/Pot_A_Piece_02_SampledWithNormals.ply:25: property 'float32 focal' of element 'camera' is not handled
[0;m[1;33m[pcl::PLYReader] Temp/Data/Pot_A/Pot_A_Piece_02_SampledWithNormals.ply:26: property 'float32 scalex' of element 'camera' is not handled
[0;m[1;33m[pcl::PLYReader] Temp/Data/Pot_A/Pot_A_Piece_02_SampledWithNormals.ply:27: property 'float32 scaley' of element 'camera' is not handled
[0;m[1;33m[pcl::PLYReader] Temp/Data/Pot_A/Pot_A_Piece_02_SampledWithNormals.ply:28: property 'float32 centerx' of element 'camera' is not handled
[0;m[1;33m[pcl::PLYReader] Temp/Data/Pot_A/Pot_A_Piece_02_SampledWithNormals.ply:29: property 'float32 centery' of element 'camera' is not handled
[0;m[1;33m[pcl::PLYReader] Temp/Data/Pot_A/Pot_A_Piece_02_SampledWithNormals.ply:32: property 'float32 k1' of element 'camera' is not handled
[0;m[1;33m[pcl::PLYReader] Temp/Data/Pot_A/Pot_A_Piece_02_SampledWithNormals.ply:33: property 'float32 k2' of element 'camera' is not handled
[0;m[EDGELINE DEBUG] Loaded PointNormal PLY ok, size=10240
[EDGELINE DEBUG] readFile cols=6 file=Segments/3.xyz rows=33
[EDGELINE DEBUG] Load PLY normals: Temp/Data/Pot_A/Pot_A_Piece_02_SampledWithNormals.ply
[1;33m[pcl::PLYReader] Temp/Data/Pot_A/Pot_A_Piece_02_SampledWithNormals.ply:25: property 'float32 focal' of element 'camera' is not handled
[0;m[1;33m[pcl::PLYReader] Temp/Data/Pot_A/Pot_A_Piece_02_SampledWithNormals.ply:26: property 'float32 scalex' of element 'camera' is not handled
[0;m[1;33m[pcl::PLYReader] Temp/Data/Pot_A/Pot_A_Piece_02_SampledWithNormals.ply:27: property 'float32 scaley' of element 'camera' is not handled
[0;m[1;33m[pcl::PLYReader] Temp/Data/Pot_A/Pot_A_Piece_02_SampledWithNormals.ply:28: property 'float32 centerx' of element 'camera' is not handled
[0;m[1;33m[pcl::PLYReader] Temp/Data/Pot_A/Pot_A_Piece_02_SampledWithNormals.ply:29: property 'float32 centery' of element 'camera' is not handled
[0;m[1;33m[pcl::PLYReader] Temp/Data/Pot_A/Pot_A_Piece_02_SampledWithNormals.ply:32: property 'float32 k1' of element 'camera' is not handled
[0;m[1;33m[pcl::PLYReader] Temp/Data/Pot_A/Pot_A_Piece_02_SampledWithNormals.ply:33: property 'float32 k2' of element 'camera' is not handled
[0;m[EDGELINE DEBUG] Loaded PointNormal PLY ok, size=10240
[EDGELINE DEBUG] processFragmentData surface=Temp/Data/Pot_A/Pot_A_Piece_03_Surface_0.xyz mesh=Temp/Data/Pot_A/Pot_A_Piece_03_Mesh.obj
[EDGELINE DEBUG] readFile cols=3 file=Temp/Temp_edge/Pot_A/pointCloudFromMesh.xyz rows=7359
[1;33m[pcl::PLYReader] Temp/Data/Pot_A/Pot_A_Piece_03_unclustered.ply:25: property 'float32 focal' of element 'camera' is not handled
[0;m[1;33m[pcl::PLYReader] Temp/Data/Pot_A/Pot_A_Piece_03_unclustered.ply:26: property 'float32 scalex' of element 'camera' is not handled
[0;m[1;33m[pcl::PLYReader] Temp/Data/Pot_A/Pot_A_Piece_03_unclustered.ply:27: property 'float32 scaley' of element 'camera' is not handled
[0;m[1;33m[pcl::PLYReader] Temp/Data/Pot_A/Pot_A_Piece_03_unclustered.ply:28: property 'float32 centerx' of element 'camera' is not handled
[0;m[1;33m[pcl::PLYReader] Temp/Data/Pot_A/Pot_A_Piece_03_unclustered.ply:29: property 'float32 centery' of element 'camera' is not handled
[0;m[1;33m[pcl::PLYReader] Temp/Data/Pot_A/Pot_A_Piece_03_unclustered.ply:32: property 'float32 k1' of element 'camera' is not handled
[0;m[1;33m[pcl::PLYReader] Temp/Data/Pot_A/Pot_A_Piece_03_unclustered.ply:33: property 'float32 k2' of element 'camera' is not handled
[0;m[1;33m[pcl::PLYReader] Temp/Temp_edge/Pot_A/_breakLineFromConcaveHull.ply:21: property 'float32 focal' of element 'camera' is not handled
[0;m[1;33m[pcl::PLYReader] Temp/Temp_edge/Pot_A/_breakLineFromConcaveHull.ply:22: property 'float32 scalex' of element 'camera' is not handled
[0;m[1;33m[pcl::PLYReader] Temp/Temp_edge/Pot_A/_breakLineFromConcaveHull.ply:23: property 'float32 scaley' of element 'camera' is not handled
[0;m[1;33m[pcl::PLYReader] Temp/Temp_edge/Pot_A/_breakLineFromConcaveHull.ply:24: property 'float32 centerx' of element 'camera' is not handled
[0;m[1;33m[pcl::PLYReader] Temp/Temp_edge/Pot_A/_breakLineFromConcaveHull.ply:25: property 'float32 centery' of element 'camera' is not handled
[0;m[1;33m[pcl::PLYReader] Temp/Temp_edge/Pot_A/_breakLineFromConcaveHull.ply:28: property 'float32 k1' of element 'camera' is not handled
[0;m[1;33m[pcl::PLYReader] Temp/Temp_edge/Pot_A/_breakLineFromConcaveHull.ply:29: property 'float32 k2' of element 'camera' is not handled
[0;m[1;33mFailed to find match for field 'normal_x'.
[0;m[1;33mFailed to find match for field 'normal_y'.
[0;m[1;33mFailed to find match for field 'normal_z'.
[0;m[1;33mFailed to find match for field 'curvature'.
[0;m[EDGELINE DEBUG] readFile cols=3 file=Temp/Temp_edge/Pot_A/CompleteBreakline.xyz rows=130
[EDGELINE DEBUG] detectSeparateLineSegments: file=Temp/Temp_edge/Pot_A/CompleteBreakline.xyz len=10
[EDGELINE DEBUG] readFile cols=3 file=Temp/Temp_edge/Pot_A/CompleteBreakline.xyz rows=130
[EDGELINE DEBUG] readFile cols=6 file=Temp/Temp_edge/Pot_A/CompleteBreakline.xyz rows=130
[EDGELINE DEBUG] b1 rows=130 cols=3 b1_withN rows=130 cols=6
[EDGELINE DEBUG] dist_scoreB1 size=150x1 distScoreOriginalLength size=130x1
[EDGELINE DEBUG] bCombined size=150x3
[EDGELINE DEBUG] readFile cols=6 file=Segments/1.xyz rows=20
[EDGELINE DEBUG] readFile cols=6 file=Segments/2.xyz rows=12
[EDGELINE DEBUG] readFile cols=6 file=Segments/3.xyz rows=101
[EDGELINE DEBUG] detectedPeakIndices size=3
[EDGELINE DEBUG] Segments files count=3
[EDGELINE DEBUG] axisInfoAvailable=1 path=Dataset/Axes/Pot_A_Piece_03_Axis.xyz
[EDGELINE DEBUG] readFile cols=6 file=Segments/1.xyz rows=20
[DEBUG MATRIX] Segment file Segments/1.xyz matrix dimensions: 20x6
[DEBUG LOOP] Starting segment processing loop, rows=20 cols=6
[DEBUG ACCESS] i=0 accessing row 0 of 20x6 matrix
[DEBUG ACCESS] Accessing normals at i=0
[DEBUG ACCESS] i=1 accessing row 1 of 20x6 matrix
[DEBUG ACCESS] Accessing normals at i=1
[DEBUG ACCESS] i=2 accessing row 2 of 20x6 matrix
[DEBUG ACCESS] Accessing normals at i=2
[DEBUG ACCESS] i=3 accessing row 3 of 20x6 matrix
[DEBUG ACCESS] Accessing normals at i=3
[DEBUG ACCESS] i=4 accessing row 4 of 20x6 matrix
[DEBUG ACCESS] Accessing normals at i=4
[DEBUG ACCESS] i=5 accessing row 5 of 20x6 matrix
[DEBUG ACCESS] Accessing normals at i=5
[DEBUG ACCESS] i=6 accessing row 6 of 20x6 matrix
[DEBUG ACCESS] Accessing normals at i=6
[DEBUG ACCESS] i=7 accessing row 7 of 20x6 matrix
[DEBUG ACCESS] Accessing normals at i=7
[DEBUG ACCESS] i=8 accessing row 8 of 20x6 matrix
[DEBUG ACCESS] Accessing normals at i=8
[DEBUG ACCESS] i=9 accessing row 9 of 20x6 matrix
[DEBUG ACCESS] Accessing normals at i=9
[DEBUG ACCESS] i=10 accessing row 10 of 20x6 matrix
[DEBUG ACCESS] Accessing normals at i=10
[DEBUG ACCESS] i=11 accessing row 11 of 20x6 matrix
[DEBUG ACCESS] Accessing normals at i=11
[DEBUG ACCESS] i=12 accessing row 12 of 20x6 matrix
[DEBUG ACCESS] Accessing normals at i=12
[DEBUG ACCESS] i=13 accessing row 13 of 20x6 matrix
[DEBUG ACCESS] Accessing normals at i=13
[DEBUG ACCESS] i=14 accessing row 14 of 20x6 matrix
[DEBUG ACCESS] Accessing normals at i=14
[DEBUG ACCESS] i=15 accessing row 15 of 20x6 matrix
[DEBUG ACCESS] Accessing normals at i=15
[DEBUG ACCESS] i=16 accessing row 16 of 20x6 matrix
[DEBUG ACCESS] Accessing normals at i=16
[DEBUG ACCESS] i=17 accessing row 17 of 20x6 matrix
[DEBUG ACCESS] Accessing normals at i=17
[DEBUG ACCESS] i=18 accessing row 18 of 20x6 matrix
[DEBUG ACCESS] Accessing normals at i=18
[EDGELINE DEBUG] Load PLY normals: Temp/Data/Pot_A/Pot_A_Piece_03_SampledWithNormals.ply
[1;33m[pcl::PLYReader] Temp/Data/Pot_A/Pot_A_Piece_03_SampledWithNormals.ply:25: property 'float32 focal' of element 'camera' is not handled
[0;m[1;33m[pcl::PLYReader] Temp/Data/Pot_A/Pot_A_Piece_03_SampledWithNormals.ply:26: property 'float32 scalex' of element 'camera' is not handled
[0;m[1;33m[pcl::PLYReader] Temp/Data/Pot_A/Pot_A_Piece_03_SampledWithNormals.ply:27: property 'float32 scaley' of element 'camera' is not handled
[0;m[1;33m[pcl::PLYReader] Temp/Data/Pot_A/Pot_A_Piece_03_SampledWithNormals.ply:28: property 'float32 centerx' of element 'camera' is not handled
[0;m[1;33m[pcl::PLYReader] Temp/Data/Pot_A/Pot_A_Piece_03_SampledWithNormals.ply:29: property 'float32 centery' of element 'camera' is not handled
[0;m[1;33m[pcl::PLYReader] Temp/Data/Pot_A/Pot_A_Piece_03_SampledWithNormals.ply:32: property 'float32 k1' of element 'camera' is not handled
[0;m[1;33m[pcl::PLYReader] Temp/Data/Pot_A/Pot_A_Piece_03_SampledWithNormals.ply:33: property 'float32 k2' of element 'camera' is not handled
[0;m[EDGELINE DEBUG] Loaded PointNormal PLY ok, size=9237
[DEBUG AXIS PATH] Using axis file: Dataset/Axes/Pot_A_Piece_03_Axis.xyz
[EDGELINE DEBUG] readFile cols=6 file=Segments/2.xyz rows=12
[DEBUG MATRIX] Segment file Segments/2.xyz matrix dimensions: 12x6
[DEBUG LOOP] Starting segment processing loop, rows=12 cols=6
[DEBUG ACCESS] i=0 accessing row 0 of 12x6 matrix
[DEBUG ACCESS] Accessing normals at i=0
[DEBUG ACCESS] i=1 accessing row 1 of 12x6 matrix
[DEBUG ACCESS] Accessing normals at i=1
[DEBUG ACCESS] i=2 accessing row 2 of 12x6 matrix
[DEBUG ACCESS] Accessing normals at i=2
[DEBUG ACCESS] i=3 accessing row 3 of 12x6 matrix
[DEBUG ACCESS] Accessing normals at i=3
[DEBUG ACCESS] i=4 accessing row 4 of 12x6 matrix
[DEBUG ACCESS] Accessing normals at i=4
[DEBUG ACCESS] i=5 accessing row 5 of 12x6 matrix
[DEBUG ACCESS] Accessing normals at i=5
[DEBUG ACCESS] i=6 accessing row 6 of 12x6 matrix
[DEBUG ACCESS] Accessing normals at i=6
[DEBUG ACCESS] i=7 accessing row 7 of 12x6 matrix
[DEBUG ACCESS] Accessing normals at i=7
[DEBUG ACCESS] i=8 accessing row 8 of 12x6 matrix
[DEBUG ACCESS] Accessing normals at i=8
[DEBUG ACCESS] i=9 accessing row 9 of 12x6 matrix
[DEBUG ACCESS] Accessing normals at i=9
[DEBUG ACCESS] i=10 accessing row 10 of 12x6 matrix
[DEBUG ACCESS] Accessing normals at i=10
[EDGELINE DEBUG] Load PLY normals: Temp/Data/Pot_A/Pot_A_Piece_03_SampledWithNormals.ply
[1;33m[pcl::PLYReader] Temp/Data/Pot_A/Pot_A_Piece_03_SampledWithNormals.ply:25: property 'float32 focal' of element 'camera' is not handled
[0;m[1;33m[pcl::PLYReader] Temp/Data/Pot_A/Pot_A_Piece_03_SampledWithNormals.ply:26: property 'float32 scalex' of element 'camera' is not handled
[0;m[1;33m[pcl::PLYReader] Temp/Data/Pot_A/Pot_A_Piece_03_SampledWithNormals.ply:27: property 'float32 scaley' of element 'camera' is not handled
[0;m[1;33m[pcl::PLYReader] Temp/Data/Pot_A/Pot_A_Piece_03_SampledWithNormals.ply:28: property 'float32 centerx' of element 'camera' is not handled
[0;m[1;33m[pcl::PLYReader] Temp/Data/Pot_A/Pot_A_Piece_03_SampledWithNormals.ply:29: property 'float32 centery' of element 'camera' is not handled
[0;m[1;33m[pcl::PLYReader] Temp/Data/Pot_A/Pot_A_Piece_03_SampledWithNormals.ply:32: property 'float32 k1' of element 'camera' is not handled
[0;m[1;33m[pcl::PLYReader] Temp/Data/Pot_A/Pot_A_Piece_03_SampledWithNormals.ply:33: property 'float32 k2' of element 'camera' is not handled
[0;m[EDGELINE DEBUG] Loaded PointNormal PLY ok, size=9237
[DEBUG AXIS PATH] Using axis file: Dataset/Axes/Pot_A_Piece_03_Axis.xyz
[EDGELINE DEBUG] readFile cols=6 file=Segments/3.xyz rows=101
[DEBUG MATRIX] Segment file Segments/3.xyz matrix dimensions: 101x6
[DEBUG LOOP] Starting segment processing loop, rows=101 cols=6
[DEBUG ACCESS] i=0 accessing row 0 of 101x6 matrix
[DEBUG ACCESS] Accessing normals at i=0
[DEBUG ACCESS] i=1 accessing row 1 of 101x6 matrix
[DEBUG ACCESS] Accessing normals at i=1
[DEBUG ACCESS] i=2 accessing row 2 of 101x6 matrix
[DEBUG ACCESS] Accessing normals at i=2
[DEBUG ACCESS] i=3 accessing row 3 of 101x6 matrix
[DEBUG ACCESS] Accessing normals at i=3
[DEBUG ACCESS] i=4 accessing row 4 of 101x6 matrix
[DEBUG ACCESS] Accessing normals at i=4
[DEBUG ACCESS] i=5 accessing row 5 of 101x6 matrix
[DEBUG ACCESS] Accessing normals at i=5
[DEBUG ACCESS] i=6 accessing row 6 of 101x6 matrix
[DEBUG ACCESS] Accessing normals at i=6
[DEBUG ACCESS] i=7 accessing row 7 of 101x6 matrix
[DEBUG ACCESS] Accessing normals at i=7
[DEBUG ACCESS] i=8 accessing row 8 of 101x6 matrix
[DEBUG ACCESS] Accessing normals at i=8
[DEBUG ACCESS] i=9 accessing row 9 of 101x6 matrix
[DEBUG ACCESS] Accessing normals at i=9
[DEBUG ACCESS] i=10 accessing row 10 of 101x6 matrix
[DEBUG ACCESS] Accessing normals at i=10
[DEBUG ACCESS] i=11 accessing row 11 of 101x6 matrix
[DEBUG ACCESS] Accessing normals at i=11
[DEBUG ACCESS] i=12 accessing row 12 of 101x6 matrix
[DEBUG ACCESS] Accessing normals at i=12
[DEBUG ACCESS] i=13 accessing row 13 of 101x6 matrix
[DEBUG ACCESS] Accessing normals at i=13
[DEBUG ACCESS] i=14 accessing row 14 of 101x6 matrix
[DEBUG ACCESS] Accessing normals at i=14
[DEBUG ACCESS] i=15 accessing row 15 of 101x6 matrix
[DEBUG ACCESS] Accessing normals at i=15
[DEBUG ACCESS] i=16 accessing row 16 of 101x6 matrix
[DEBUG ACCESS] Accessing normals at i=16
[DEBUG ACCESS] i=17 accessing row 17 of 101x6 matrix
[DEBUG ACCESS] Accessing normals at i=17
[DEBUG ACCESS] i=18 accessing row 18 of 101x6 matrix
[DEBUG ACCESS] Accessing normals at i=18
[DEBUG ACCESS] i=19 accessing row 19 of 101x6 matrix
[DEBUG ACCESS] Accessing normals at i=19
[DEBUG ACCESS] i=20 accessing row 20 of 101x6 matrix
[DEBUG ACCESS] Accessing normals at i=20
[DEBUG ACCESS] i=21 accessing row 21 of 101x6 matrix
[DEBUG ACCESS] Accessing normals at i=21
[DEBUG ACCESS] i=22 accessing row 22 of 101x6 matrix
[DEBUG ACCESS] Accessing normals at i=22
[DEBUG ACCESS] i=23 accessing row 23 of 101x6 matrix
[DEBUG ACCESS] Accessing normals at i=23
[DEBUG ACCESS] i=24 accessing row 24 of 101x6 matrix
[DEBUG ACCESS] Accessing normals at i=24
[DEBUG ACCESS] i=25 accessing row 25 of 101x6 matrix
[DEBUG ACCESS] Accessing normals at i=25
[DEBUG ACCESS] i=26 accessing row 26 of 101x6 matrix
[DEBUG ACCESS] Accessing normals at i=26
[DEBUG ACCESS] i=27 accessing row 27 of 101x6 matrix
[DEBUG ACCESS] Accessing normals at i=27
[DEBUG ACCESS] i=28 accessing row 28 of 101x6 matrix
[DEBUG ACCESS] Accessing normals at i=28
[DEBUG ACCESS] i=29 accessing row 29 of 101x6 matrix
[DEBUG ACCESS] Accessing normals at i=29
[DEBUG ACCESS] i=30 accessing row 30 of 101x6 matrix
[DEBUG ACCESS] Accessing normals at i=30
[DEBUG ACCESS] i=31 accessing row 31 of 101x6 matrix
[DEBUG ACCESS] Accessing normals at i=31
[DEBUG ACCESS] i=32 accessing row 32 of 101x6 matrix
[DEBUG ACCESS] Accessing normals at i=32
[DEBUG ACCESS] i=33 accessing row 33 of 101x6 matrix
[DEBUG ACCESS] Accessing normals at i=33
[DEBUG ACCESS] i=34 accessing row 34 of 101x6 matrix
[DEBUG ACCESS] Accessing normals at i=34
[DEBUG ACCESS] i=35 accessing row 35 of 101x6 matrix
[DEBUG ACCESS] Accessing normals at i=35
[DEBUG ACCESS] i=36 accessing row 36 of 101x6 matrix
[DEBUG ACCESS] Accessing normals at i=36
[DEBUG ACCESS] i=37 accessing row 37 of 101x6 matrix
[DEBUG ACCESS] Accessing normals at i=37
[DEBUG ACCESS] i=38 accessing row 38 of 101x6 matrix
[DEBUG ACCESS] Accessing normals at i=38
[DEBUG ACCESS] i=39 accessing row 39 of 101x6 matrix
[DEBUG ACCESS] Accessing normals at i=39
[DEBUG ACCESS] i=40 accessing row 40 of 101x6 matrix
[DEBUG ACCESS] Accessing normals at i=40
[DEBUG ACCESS] i=41 accessing row 41 of 101x6 matrix
[DEBUG ACCESS] Accessing normals at i=41
[DEBUG ACCESS] i=42 accessing row 42 of 101x6 matrix
[DEBUG ACCESS] Accessing normals at i=42
[DEBUG ACCESS] i=43 accessing row 43 of 101x6 matrix
[DEBUG ACCESS] Accessing normals at i=43
[DEBUG ACCESS] i=44 accessing row 44 of 101x6 matrix
[DEBUG ACCESS] Accessing normals at i=44
[DEBUG ACCESS] i=45 accessing row 45 of 101x6 matrix
[DEBUG ACCESS] Accessing normals at i=45
[DEBUG ACCESS] i=46 accessing row 46 of 101x6 matrix
[DEBUG ACCESS] Accessing normals at i=46
[DEBUG ACCESS] i=47 accessing row 47 of 101x6 matrix
[DEBUG ACCESS] Accessing normals at i=47
[DEBUG ACCESS] i=48 accessing row 48 of 101x6 matrix
[DEBUG ACCESS] Accessing normals at i=48
[DEBUG ACCESS] i=49 accessing row 49 of 101x6 matrix
[DEBUG ACCESS] Accessing normals at i=49
[DEBUG ACCESS] i=50 accessing row 50 of 101x6 matrix
[DEBUG ACCESS] Accessing normals at i=50
[DEBUG ACCESS] i=51 accessing row 51 of 101x6 matrix
[DEBUG ACCESS] Accessing normals at i=51
[DEBUG ACCESS] i=52 accessing row 52 of 101x6 matrix
[DEBUG ACCESS] Accessing normals at i=52
[DEBUG ACCESS] i=53 accessing row 53 of 101x6 matrix
[DEBUG ACCESS] Accessing normals at i=53
[DEBUG ACCESS] i=54 accessing row 54 of 101x6 matrix
[DEBUG ACCESS] Accessing normals at i=54
[DEBUG ACCESS] i=55 accessing row 55 of 101x6 matrix
[DEBUG ACCESS] Accessing normals at i=55
[DEBUG ACCESS] i=56 accessing row 56 of 101x6 matrix
[DEBUG ACCESS] Accessing normals at i=56
[DEBUG ACCESS] i=57 accessing row 57 of 101x6 matrix
[DEBUG ACCESS] Accessing normals at i=57
[DEBUG ACCESS] i=58 accessing row 58 of 101x6 matrix
[DEBUG ACCESS] Accessing normals at i=58
[DEBUG ACCESS] i=59 accessing row 59 of 101x6 matrix
[DEBUG ACCESS] Accessing normals at i=59
[DEBUG ACCESS] i=60 accessing row 60 of 101x6 matrix
[DEBUG ACCESS] Accessing normals at i=60
[DEBUG ACCESS] i=61 accessing row 61 of 101x6 matrix
[DEBUG ACCESS] Accessing normals at i=61
[DEBUG ACCESS] i=62 accessing row 62 of 101x6 matrix
[DEBUG ACCESS] Accessing normals at i=62
[DEBUG ACCESS] i=63 accessing row 63 of 101x6 matrix
[DEBUG ACCESS] Accessing normals at i=63
[DEBUG ACCESS] i=64 accessing row 64 of 101x6 matrix
[DEBUG ACCESS] Accessing normals at i=64
[DEBUG ACCESS] i=65 accessing row 65 of 101x6 matrix
[DEBUG ACCESS] Accessing normals at i=65
[DEBUG ACCESS] i=66 accessing row 66 of 101x6 matrix
[DEBUG ACCESS] Accessing normals at i=66
[DEBUG ACCESS] i=67 accessing row 67 of 101x6 matrix
[DEBUG ACCESS] Accessing normals at i=67
[DEBUG ACCESS] i=68 accessing row 68 of 101x6 matrix
[DEBUG ACCESS] Accessing normals at i=68
[DEBUG ACCESS] i=69 accessing row 69 of 101x6 matrix
[DEBUG ACCESS] Accessing normals at i=69
[DEBUG ACCESS] i=70 accessing row 70 of 101x6 matrix
[DEBUG ACCESS] Accessing normals at i=70
[DEBUG ACCESS] i=71 accessing row 71 of 101x6 matrix
[DEBUG ACCESS] Accessing normals at i=71
[DEBUG ACCESS] i=72 accessing row 72 of 101x6 matrix
[DEBUG ACCESS] Accessing normals at i=72
[DEBUG ACCESS] i=73 accessing row 73 of 101x6 matrix
[DEBUG ACCESS] Accessing normals at i=73
[DEBUG ACCESS] i=74 accessing row 74 of 101x6 matrix
[DEBUG ACCESS] Accessing normals at i=74
[DEBUG ACCESS] i=75 accessing row 75 of 101x6 matrix
[DEBUG ACCESS] Accessing normals at i=75
[DEBUG ACCESS] i=76 accessing row 76 of 101x6 matrix
[DEBUG ACCESS] Accessing normals at i=76
[DEBUG ACCESS] i=77 accessing row 77 of 101x6 matrix
[DEBUG ACCESS] Accessing normals at i=77
[DEBUG ACCESS] i=78 accessing row 78 of 101x6 matrix
[DEBUG ACCESS] Accessing normals at i=78
[DEBUG ACCESS] i=79 accessing row 79 of 101x6 matrix
[DEBUG ACCESS] Accessing normals at i=79
[DEBUG ACCESS] i=80 accessing row 80 of 101x6 matrix
[DEBUG ACCESS] Accessing normals at i=80
[DEBUG ACCESS] i=81 accessing row 81 of 101x6 matrix
[DEBUG ACCESS] Accessing normals at i=81
[DEBUG ACCESS] i=82 accessing row 82 of 101x6 matrix
[DEBUG ACCESS] Accessing normals at i=82
[DEBUG ACCESS] i=83 accessing row 83 of 101x6 matrix
[DEBUG ACCESS] Accessing normals at i=83
[DEBUG ACCESS] i=84 accessing row 84 of 101x6 matrix
[DEBUG ACCESS] Accessing normals at i=84
[DEBUG ACCESS] i=85 accessing row 85 of 101x6 matrix
[DEBUG ACCESS] Accessing normals at i=85
[DEBUG ACCESS] i=86 accessing row 86 of 101x6 matrix
[DEBUG ACCESS] Accessing normals at i=86
[DEBUG ACCESS] i=87 accessing row 87 of 101x6 matrix
[DEBUG ACCESS] Accessing normals at i=87
[DEBUG ACCESS] i=88 accessing row 88 of 101x6 matrix
[DEBUG ACCESS] Accessing normals at i=88
[DEBUG ACCESS] i=89 accessing row 89 of 101x6 matrix
[DEBUG ACCESS] Accessing normals at i=89
[DEBUG ACCESS] i=90 accessing row 90 of 101x6 matrix
[DEBUG ACCESS] Accessing normals at i=90
[DEBUG ACCESS] i=91 accessing row 91 of 101x6 matrix
[DEBUG ACCESS] Accessing normals at i=91
[DEBUG ACCESS] i=92 accessing row 92 of 101x6 matrix
[DEBUG ACCESS] Accessing normals at i=92
[DEBUG ACCESS] i=93 accessing row 93 of 101x6 matrix
[DEBUG ACCESS] Accessing normals at i=93
[DEBUG ACCESS] i=94 accessing row 94 of 101x6 matrix
[DEBUG ACCESS] Accessing normals at i=94
[DEBUG ACCESS] i=95 accessing row 95 of 101x6 matrix
[DEBUG ACCESS] Accessing normals at i=95
[DEBUG ACCESS] i=96 accessing row 96 of 101x6 matrix
[DEBUG ACCESS] Accessing normals at i=96
[DEBUG ACCESS] i=97 accessing row 97 of 101x6 matrix
[DEBUG ACCESS] Accessing normals at i=97
[DEBUG ACCESS] i=98 accessing row 98 of 101x6 matrix
[DEBUG ACCESS] Accessing normals at i=98
[DEBUG ACCESS] i=99 accessing row 99 of 101x6 matrix
[DEBUG ACCESS] Accessing normals at i=99
[EDGELINE DEBUG] Load PLY normals: Temp/Data/Pot_A/Pot_A_Piece_03_SampledWithNormals.ply
[1;33m[pcl::PLYReader] Temp/Data/Pot_A/Pot_A_Piece_03_SampledWithNormals.ply:25: property 'float32 focal' of element 'camera' is not handled
[0;m[1;33m[pcl::PLYReader] Temp/Data/Pot_A/Pot_A_Piece_03_SampledWithNormals.ply:26: property 'float32 scalex' of element 'camera' is not handled
[0;m[1;33m[pcl::PLYReader] Temp/Data/Pot_A/Pot_A_Piece_03_SampledWithNormals.ply:27: property 'float32 scaley' of element 'camera' is not handled
[0;m[1;33m[pcl::PLYReader] Temp/Data/Pot_A/Pot_A_Piece_03_SampledWithNormals.ply:28: property 'float32 centerx' of element 'camera' is not handled
[0;m[1;33m[pcl::PLYReader] Temp/Data/Pot_A/Pot_A_Piece_03_SampledWithNormals.ply:29: property 'float32 centery' of element 'camera' is not handled
[0;m[1;33m[pcl::PLYReader] Temp/Data/Pot_A/Pot_A_Piece_03_SampledWithNormals.ply:32: property 'float32 k1' of element 'camera' is not handled
[0;m[1;33m[pcl::PLYReader] Temp/Data/Pot_A/Pot_A_Piece_03_SampledWithNormals.ply:33: property 'float32 k2' of element 'camera' is not handled
[0;m[EDGELINE DEBUG] Loaded PointNormal PLY ok, size=9237
[DEBUG AXIS PATH] Using axis file: Dataset/Axes/Pot_A_Piece_03_Axis.xyz
[EDGELINE DEBUG] readFile cols=6 file=Segments/1.xyz rows=20
[EDGELINE DEBUG] Load PLY normals: Temp/Data/Pot_A/Pot_A_Piece_03_SampledWithNormals.ply
[1;33m[pcl::PLYReader] Temp/Data/Pot_A/Pot_A_Piece_03_SampledWithNormals.ply:25: property 'float32 focal' of element 'camera' is not handled
[0;m[1;33m[pcl::PLYReader] Temp/Data/Pot_A/Pot_A_Piece_03_SampledWithNormals.ply:26: property 'float32 scalex' of element 'camera' is not handled
[0;m[1;33m[pcl::PLYReader] Temp/Data/Pot_A/Pot_A_Piece_03_SampledWithNormals.ply:27: property 'float32 scaley' of element 'camera' is not handled
[0;m[1;33m[pcl::PLYReader] Temp/Data/Pot_A/Pot_A_Piece_03_SampledWithNormals.ply:28: property 'float32 centerx' of element 'camera' is not handled
[0;m[1;33m[pcl::PLYReader] Temp/Data/Pot_A/Pot_A_Piece_03_SampledWithNormals.ply:29: property 'float32 centery' of element 'camera' is not handled
[0;m[1;33m[pcl::PLYReader] Temp/Data/Pot_A/Pot_A_Piece_03_SampledWithNormals.ply:32: property 'float32 k1' of element 'camera' is not handled
[0;m[1;33m[pcl::PLYReader] Temp/Data/Pot_A/Pot_A_Piece_03_SampledWithNormals.ply:33: property 'float32 k2' of element 'camera' is not handled
[0;m[EDGELINE DEBUG] Loaded PointNormal PLY ok, size=9237
[EDGELINE DEBUG] readFile cols=6 file=Segments/2.xyz rows=12
[EDGELINE DEBUG] Load PLY normals: Temp/Data/Pot_A/Pot_A_Piece_03_SampledWithNormals.ply
[1;33m[pcl::PLYReader] Temp/Data/Pot_A/Pot_A_Piece_03_SampledWithNormals.ply:25: property 'float32 focal' of element 'camera' is not handled
[0;m[1;33m[pcl::PLYReader] Temp/Data/Pot_A/Pot_A_Piece_03_SampledWithNormals.ply:26: property 'float32 scalex' of element 'camera' is not handled
[0;m[1;33m[pcl::PLYReader] Temp/Data/Pot_A/Pot_A_Piece_03_SampledWithNormals.ply:27: property 'float32 scaley' of element 'camera' is not handled
[0;m[1;33m[pcl::PLYReader] Temp/Data/Pot_A/Pot_A_Piece_03_SampledWithNormals.ply:28: property 'float32 centerx' of element 'camera' is not handled
[0;m[1;33m[pcl::PLYReader] Temp/Data/Pot_A/Pot_A_Piece_03_SampledWithNormals.ply:29: property 'float32 centery' of element 'camera' is not handled
[0;m[1;33m[pcl::PLYReader] Temp/Data/Pot_A/Pot_A_Piece_03_SampledWithNormals.ply:32: property 'float32 k1' of element 'camera' is not handled
[0;m[1;33m[pcl::PLYReader] Temp/Data/Pot_A/Pot_A_Piece_03_SampledWithNormals.ply:33: property 'float32 k2' of element 'camera' is not handled
[0;m[EDGELINE DEBUG] Loaded PointNormal PLY ok, size=9237
[EDGELINE DEBUG] readFile cols=6 file=Segments/3.xyz rows=101
[EDGELINE DEBUG] Load PLY normals: Temp/Data/Pot_A/Pot_A_Piece_03_SampledWithNormals.ply
[1;33m[pcl::PLYReader] Temp/Data/Pot_A/Pot_A_Piece_03_SampledWithNormals.ply:25: property 'float32 focal' of element 'camera' is not handled
[0;m[1;33m[pcl::PLYReader] Temp/Data/Pot_A/Pot_A_Piece_03_SampledWithNormals.ply:26: property 'float32 scalex' of element 'camera' is not handled
[0;m[1;33m[pcl::PLYReader] Temp/Data/Pot_A/Pot_A_Piece_03_SampledWithNormals.ply:27: property 'float32 scaley' of element 'camera' is not handled
[0;m[1;33m[pcl::PLYReader] Temp/Data/Pot_A/Pot_A_Piece_03_SampledWithNormals.ply:28: property 'float32 centerx' of element 'camera' is not handled
[0;m[1;33m[pcl::PLYReader] Temp/Data/Pot_A/Pot_A_Piece_03_SampledWithNormals.ply:29: property 'float32 centery' of element 'camera' is not handled
[0;m[1;33m[pcl::PLYReader] Temp/Data/Pot_A/Pot_A_Piece_03_SampledWithNormals.ply:32: property 'float32 k1' of element 'camera' is not handled
[0;m[1;33m[pcl::PLYReader] Temp/Data/Pot_A/Pot_A_Piece_03_SampledWithNormals.ply:33: property 'float32 k2' of element 'camera' is not handled
[0;m[EDGELINE DEBUG] Loaded PointNormal PLY ok, size=9237
[EDGELINE DEBUG] processFragmentData surface=Temp/Data/Pot_A/Pot_A_Piece_03_Surface_1.xyz mesh=Temp/Data/Pot_A/Pot_A_Piece_03_Mesh.obj
[EDGELINE DEBUG] readFile cols=3 file=Temp/Temp_edge/Pot_A/pointCloudFromMesh.xyz rows=4567
[1;33m[pcl::PLYReader] Temp/Data/Pot_A/Pot_A_Piece_03_unclustered.ply:25: property 'float32 focal' of element 'camera' is not handled
[0;m[1;33m[pcl::PLYReader] Temp/Data/Pot_A/Pot_A_Piece_03_unclustered.ply:26: property 'float32 scalex' of element 'camera' is not handled
[0;m[1;33m[pcl::PLYReader] Temp/Data/Pot_A/Pot_A_Piece_03_unclustered.ply:27: property 'float32 scaley' of element 'camera' is not handled
[0;m[1;33m[pcl::PLYReader] Temp/Data/Pot_A/Pot_A_Piece_03_unclustered.ply:28: property 'float32 centerx' of element 'camera' is not handled
[0;m[1;33m[pcl::PLYReader] Temp/Data/Pot_A/Pot_A_Piece_03_unclustered.ply:29: property 'float32 centery' of element 'camera' is not handled
[0;m[1;33m[pcl::PLYReader] Temp/Data/Pot_A/Pot_A_Piece_03_unclustered.ply:32: property 'float32 k1' of element 'camera' is not handled
[0;m[1;33m[pcl::PLYReader] Temp/Data/Pot_A/Pot_A_Piece_03_unclustered.ply:33: property 'float32 k2' of element 'camera' is not handled
[0;m[1;33m[pcl::PLYReader] Temp/Temp_edge/Pot_A/_breakLineFromConcaveHull.ply:21: property 'float32 focal' of element 'camera' is not handled
[0;m[1;33m[pcl::PLYReader] Temp/Temp_edge/Pot_A/_breakLineFromConcaveHull.ply:22: property 'float32 scalex' of element 'camera' is not handled
[0;m[1;33m[pcl::PLYReader] Temp/Temp_edge/Pot_A/_breakLineFromConcaveHull.ply:23: property 'float32 scaley' of element 'camera' is not handled
[0;m[1;33m[pcl::PLYReader] Temp/Temp_edge/Pot_A/_breakLineFromConcaveHull.ply:24: property 'float32 centerx' of element 'camera' is not handled
[0;m[1;33m[pcl::PLYReader] Temp/Temp_edge/Pot_A/_breakLineFromConcaveHull.ply:25: property 'float32 centery' of element 'camera' is not handled
[0;m[1;33m[pcl::PLYReader] Temp/Temp_edge/Pot_A/_breakLineFromConcaveHull.ply:28: property 'float32 k1' of element 'camera' is not handled
[0;m[1;33m[pcl::PLYReader] Temp/Temp_edge/Pot_A/_breakLineFromConcaveHull.ply:29: property 'float32 k2' of element 'camera' is not handled
[0;m[1;33mFailed to find match for field 'normal_x'.
[0;m[1;33mFailed to find match for field 'normal_y'.
[0;m[1;33mFailed to find match for field 'normal_z'.
[0;m[1;33mFailed to find match for field 'curvature'.
[0;m[EDGELINE DEBUG] readFile cols=3 file=Temp/Temp_edge/Pot_A/CompleteBreakline.xyz rows=175
[EDGELINE DEBUG] detectSeparateLineSegments: file=Temp/Temp_edge/Pot_A/CompleteBreakline.xyz len=10
[EDGELINE DEBUG] readFile cols=3 file=Temp/Temp_edge/Pot_A/CompleteBreakline.xyz rows=175
[EDGELINE DEBUG] readFile cols=6 file=Temp/Temp_edge/Pot_A/CompleteBreakline.xyz rows=175
[EDGELINE DEBUG] b1 rows=175 cols=3 b1_withN rows=175 cols=6
[EDGELINE DEBUG] dist_scoreB1 size=195x1 distScoreOriginalLength size=175x1
[EDGELINE DEBUG] bCombined size=195x3
[EDGELINE DEBUG] readFile cols=6 file=Segments/1.xyz rows=12
[EDGELINE DEBUG] readFile cols=6 file=Segments/2.xyz rows=117
[EDGELINE DEBUG] readFile cols=6 file=Segments/3.xyz rows=49
[EDGELINE DEBUG] detectedPeakIndices size=3
[EDGELINE DEBUG] Segments files count=3
[EDGELINE DEBUG] axisInfoAvailable=1 path=Dataset/Axes/Pot_A_Piece_03_Axis.xyz
[EDGELINE DEBUG] readFile cols=6 file=Segments/1.xyz rows=12
[DEBUG MATRIX] Segment file Segments/1.xyz matrix dimensions: 12x6
[DEBUG LOOP] Starting segment processing loop, rows=12 cols=6
[DEBUG ACCESS] i=0 accessing row 0 of 12x6 matrix
[DEBUG ACCESS] Accessing normals at i=0
[DEBUG ACCESS] i=1 accessing row 1 of 12x6 matrix
[DEBUG ACCESS] Accessing normals at i=1
[DEBUG ACCESS] i=2 accessing row 2 of 12x6 matrix
[DEBUG ACCESS] Accessing normals at i=2
[DEBUG ACCESS] i=3 accessing row 3 of 12x6 matrix
[DEBUG ACCESS] Accessing normals at i=3
[DEBUG ACCESS] i=4 accessing row 4 of 12x6 matrix
[DEBUG ACCESS] Accessing normals at i=4
[DEBUG ACCESS] i=5 accessing row 5 of 12x6 matrix
[DEBUG ACCESS] Accessing normals at i=5
[DEBUG ACCESS] i=6 accessing row 6 of 12x6 matrix
[DEBUG ACCESS] Accessing normals at i=6
[DEBUG ACCESS] i=7 accessing row 7 of 12x6 matrix
[DEBUG ACCESS] Accessing normals at i=7
[DEBUG ACCESS] i=8 accessing row 8 of 12x6 matrix
[DEBUG ACCESS] Accessing normals at i=8
[DEBUG ACCESS] i=9 accessing row 9 of 12x6 matrix
[DEBUG ACCESS] Accessing normals at i=9
[DEBUG ACCESS] i=10 accessing row 10 of 12x6 matrix
[DEBUG ACCESS] Accessing normals at i=10
[EDGELINE DEBUG] Load PLY normals: Temp/Data/Pot_A/Pot_A_Piece_03_SampledWithNormals.ply
[1;33m[pcl::PLYReader] Temp/Data/Pot_A/Pot_A_Piece_03_SampledWithNormals.ply:25: property 'float32 focal' of element 'camera' is not handled
[0;m[1;33m[pcl::PLYReader] Temp/Data/Pot_A/Pot_A_Piece_03_SampledWithNormals.ply:26: property 'float32 scalex' of element 'camera' is not handled
[0;m[1;33m[pcl::PLYReader] Temp/Data/Pot_A/Pot_A_Piece_03_SampledWithNormals.ply:27: property 'float32 scaley' of element 'camera' is not handled
[0;m[1;33m[pcl::PLYReader] Temp/Data/Pot_A/Pot_A_Piece_03_SampledWithNormals.ply:28: property 'float32 centerx' of element 'camera' is not handled
[0;m[1;33m[pcl::PLYReader] Temp/Data/Pot_A/Pot_A_Piece_03_SampledWithNormals.ply:29: property 'float32 centery' of element 'camera' is not handled
[0;m[1;33m[pcl::PLYReader] Temp/Data/Pot_A/Pot_A_Piece_03_SampledWithNormals.ply:32: property 'float32 k1' of element 'camera' is not handled
[0;m[1;33m[pcl::PLYReader] Temp/Data/Pot_A/Pot_A_Piece_03_SampledWithNormals.ply:33: property 'float32 k2' of element 'camera' is not handled
[0;m[EDGELINE DEBUG] Loaded PointNormal PLY ok, size=9237
[DEBUG AXIS PATH] Using axis file: Dataset/Axes/Pot_A_Piece_03_Axis.xyz
[EDGELINE DEBUG] readFile cols=6 file=Segments/2.xyz rows=117
[DEBUG MATRIX] Segment file Segments/2.xyz matrix dimensions: 117x6
[DEBUG LOOP] Starting segment processing loop, rows=117 cols=6
[DEBUG ACCESS] i=0 accessing row 0 of 117x6 matrix
[DEBUG ACCESS] Accessing normals at i=0
[DEBUG ACCESS] i=1 accessing row 1 of 117x6 matrix
[DEBUG ACCESS] Accessing normals at i=1
[DEBUG ACCESS] i=2 accessing row 2 of 117x6 matrix
[DEBUG ACCESS] Accessing normals at i=2
[DEBUG ACCESS] i=3 accessing row 3 of 117x6 matrix
[DEBUG ACCESS] Accessing normals at i=3
[DEBUG ACCESS] i=4 accessing row 4 of 117x6 matrix
[DEBUG ACCESS] Accessing normals at i=4
[DEBUG ACCESS] i=5 accessing row 5 of 117x6 matrix
[DEBUG ACCESS] Accessing normals at i=5
[DEBUG ACCESS] i=6 accessing row 6 of 117x6 matrix
[DEBUG ACCESS] Accessing normals at i=6
[DEBUG ACCESS] i=7 accessing row 7 of 117x6 matrix
[DEBUG ACCESS] Accessing normals at i=7
[DEBUG ACCESS] i=8 accessing row 8 of 117x6 matrix
[DEBUG ACCESS] Accessing normals at i=8
[DEBUG ACCESS] i=9 accessing row 9 of 117x6 matrix
[DEBUG ACCESS] Accessing normals at i=9
[DEBUG ACCESS] i=10 accessing row 10 of 117x6 matrix
[DEBUG ACCESS] Accessing normals at i=10
[DEBUG ACCESS] i=11 accessing row 11 of 117x6 matrix
[DEBUG ACCESS] Accessing normals at i=11
[DEBUG ACCESS] i=12 accessing row 12 of 117x6 matrix
[DEBUG ACCESS] Accessing normals at i=12
[DEBUG ACCESS] i=13 accessing row 13 of 117x6 matrix
[DEBUG ACCESS] Accessing normals at i=13
[DEBUG ACCESS] i=14 accessing row 14 of 117x6 matrix
[DEBUG ACCESS] Accessing normals at i=14
[DEBUG ACCESS] i=15 accessing row 15 of 117x6 matrix
[DEBUG ACCESS] Accessing normals at i=15
[DEBUG ACCESS] i=16 accessing row 16 of 117x6 matrix
[DEBUG ACCESS] Accessing normals at i=16
[DEBUG ACCESS] i=17 accessing row 17 of 117x6 matrix
[DEBUG ACCESS] Accessing normals at i=17
[DEBUG ACCESS] i=18 accessing row 18 of 117x6 matrix
[DEBUG ACCESS] Accessing normals at i=18
[DEBUG ACCESS] i=19 accessing row 19 of 117x6 matrix
[DEBUG ACCESS] Accessing normals at i=19
[DEBUG ACCESS] i=20 accessing row 20 of 117x6 matrix
[DEBUG ACCESS] Accessing normals at i=20
[DEBUG ACCESS] i=21 accessing row 21 of 117x6 matrix
[DEBUG ACCESS] Accessing normals at i=21
[DEBUG ACCESS] i=22 accessing row 22 of 117x6 matrix
[DEBUG ACCESS] Accessing normals at i=22
[DEBUG ACCESS] i=23 accessing row 23 of 117x6 matrix
[DEBUG ACCESS] Accessing normals at i=23
[DEBUG ACCESS] i=24 accessing row 24 of 117x6 matrix
[DEBUG ACCESS] Accessing normals at i=24
[DEBUG ACCESS] i=25 accessing row 25 of 117x6 matrix
[DEBUG ACCESS] Accessing normals at i=25
[DEBUG ACCESS] i=26 accessing row 26 of 117x6 matrix
[DEBUG ACCESS] Accessing normals at i=26
[DEBUG ACCESS] i=27 accessing row 27 of 117x6 matrix
[DEBUG ACCESS] Accessing normals at i=27
[DEBUG ACCESS] i=28 accessing row 28 of 117x6 matrix
[DEBUG ACCESS] Accessing normals at i=28
[DEBUG ACCESS] i=29 accessing row 29 of 117x6 matrix
[DEBUG ACCESS] Accessing normals at i=29
[DEBUG ACCESS] i=30 accessing row 30 of 117x6 matrix
[DEBUG ACCESS] Accessing normals at i=30
[DEBUG ACCESS] i=31 accessing row 31 of 117x6 matrix
[DEBUG ACCESS] Accessing normals at i=31
[DEBUG ACCESS] i=32 accessing row 32 of 117x6 matrix
[DEBUG ACCESS] Accessing normals at i=32
[DEBUG ACCESS] i=33 accessing row 33 of 117x6 matrix
[DEBUG ACCESS] Accessing normals at i=33
[DEBUG ACCESS] i=34 accessing row 34 of 117x6 matrix
[DEBUG ACCESS] Accessing normals at i=34
[DEBUG ACCESS] i=35 accessing row 35 of 117x6 matrix
[DEBUG ACCESS] Accessing normals at i=35
[DEBUG ACCESS] i=36 accessing row 36 of 117x6 matrix
[DEBUG ACCESS] Accessing normals at i=36
[DEBUG ACCESS] i=37 accessing row 37 of 117x6 matrix
[DEBUG ACCESS] Accessing normals at i=37
[DEBUG ACCESS] i=38 accessing row 38 of 117x6 matrix
[DEBUG ACCESS] Accessing normals at i=38
[DEBUG ACCESS] i=39 accessing row 39 of 117x6 matrix
[DEBUG ACCESS] Accessing normals at i=39
[DEBUG ACCESS] i=40 accessing row 40 of 117x6 matrix
[DEBUG ACCESS] Accessing normals at i=40
[DEBUG ACCESS] i=41 accessing row 41 of 117x6 matrix
[DEBUG ACCESS] Accessing normals at i=41
[DEBUG ACCESS] i=42 accessing row 42 of 117x6 matrix
[DEBUG ACCESS] Accessing normals at i=42
[DEBUG ACCESS] i=43 accessing row 43 of 117x6 matrix
[DEBUG ACCESS] Accessing normals at i=43
[DEBUG ACCESS] i=44 accessing row 44 of 117x6 matrix
[DEBUG ACCESS] Accessing normals at i=44
[DEBUG ACCESS] i=45 accessing row 45 of 117x6 matrix
[DEBUG ACCESS] Accessing normals at i=45
[DEBUG ACCESS] i=46 accessing row 46 of 117x6 matrix
[DEBUG ACCESS] Accessing normals at i=46
[DEBUG ACCESS] i=47 accessing row 47 of 117x6 matrix
[DEBUG ACCESS] Accessing normals at i=47
[DEBUG ACCESS] i=48 accessing row 48 of 117x6 matrix
[DEBUG ACCESS] Accessing normals at i=48
[DEBUG ACCESS] i=49 accessing row 49 of 117x6 matrix
[DEBUG ACCESS] Accessing normals at i=49
[DEBUG ACCESS] i=50 accessing row 50 of 117x6 matrix
[DEBUG ACCESS] Accessing normals at i=50
[DEBUG ACCESS] i=51 accessing row 51 of 117x6 matrix
[DEBUG ACCESS] Accessing normals at i=51
[DEBUG ACCESS] i=52 accessing row 52 of 117x6 matrix
[DEBUG ACCESS] Accessing normals at i=52
[DEBUG ACCESS] i=53 accessing row 53 of 117x6 matrix
[DEBUG ACCESS] Accessing normals at i=53
[DEBUG ACCESS] i=54 accessing row 54 of 117x6 matrix
[DEBUG ACCESS] Accessing normals at i=54
[DEBUG ACCESS] i=55 accessing row 55 of 117x6 matrix
[DEBUG ACCESS] Accessing normals at i=55
[DEBUG ACCESS] i=56 accessing row 56 of 117x6 matrix
[DEBUG ACCESS] Accessing normals at i=56
[DEBUG ACCESS] i=57 accessing row 57 of 117x6 matrix
[DEBUG ACCESS] Accessing normals at i=57
[DEBUG ACCESS] i=58 accessing row 58 of 117x6 matrix
[DEBUG ACCESS] Accessing normals at i=58
[DEBUG ACCESS] i=59 accessing row 59 of 117x6 matrix
[DEBUG ACCESS] Accessing normals at i=59
[DEBUG ACCESS] i=60 accessing row 60 of 117x6 matrix
[DEBUG ACCESS] Accessing normals at i=60
[DEBUG ACCESS] i=61 accessing row 61 of 117x6 matrix
[DEBUG ACCESS] Accessing normals at i=61
[DEBUG ACCESS] i=62 accessing row 62 of 117x6 matrix
[DEBUG ACCESS] Accessing normals at i=62
[DEBUG ACCESS] i=63 accessing row 63 of 117x6 matrix
[DEBUG ACCESS] Accessing normals at i=63
[DEBUG ACCESS] i=64 accessing row 64 of 117x6 matrix
[DEBUG ACCESS] Accessing normals at i=64
[DEBUG ACCESS] i=65 accessing row 65 of 117x6 matrix
[DEBUG ACCESS] Accessing normals at i=65
[DEBUG ACCESS] i=66 accessing row 66 of 117x6 matrix
[DEBUG ACCESS] Accessing normals at i=66
[DEBUG ACCESS] i=67 accessing row 67 of 117x6 matrix
[DEBUG ACCESS] Accessing normals at i=67
[DEBUG ACCESS] i=68 accessing row 68 of 117x6 matrix
[DEBUG ACCESS] Accessing normals at i=68
[DEBUG ACCESS] i=69 accessing row 69 of 117x6 matrix
[DEBUG ACCESS] Accessing normals at i=69
[DEBUG ACCESS] i=70 accessing row 70 of 117x6 matrix
[DEBUG ACCESS] Accessing normals at i=70
[DEBUG ACCESS] i=71 accessing row 71 of 117x6 matrix
[DEBUG ACCESS] Accessing normals at i=71
[DEBUG ACCESS] i=72 accessing row 72 of 117x6 matrix
[DEBUG ACCESS] Accessing normals at i=72
[DEBUG ACCESS] i=73 accessing row 73 of 117x6 matrix
[DEBUG ACCESS] Accessing normals at i=73
[DEBUG ACCESS] i=74 accessing row 74 of 117x6 matrix
[DEBUG ACCESS] Accessing normals at i=74
[DEBUG ACCESS] i=75 accessing row 75 of 117x6 matrix
[DEBUG ACCESS] Accessing normals at i=75
[DEBUG ACCESS] i=76 accessing row 76 of 117x6 matrix
[DEBUG ACCESS] Accessing normals at i=76
[DEBUG ACCESS] i=77 accessing row 77 of 117x6 matrix
[DEBUG ACCESS] Accessing normals at i=77
[DEBUG ACCESS] i=78 accessing row 78 of 117x6 matrix
[DEBUG ACCESS] Accessing normals at i=78
[DEBUG ACCESS] i=79 accessing row 79 of 117x6 matrix
[DEBUG ACCESS] Accessing normals at i=79
[DEBUG ACCESS] i=80 accessing row 80 of 117x6 matrix
[DEBUG ACCESS] Accessing normals at i=80
[DEBUG ACCESS] i=81 accessing row 81 of 117x6 matrix
[DEBUG ACCESS] Accessing normals at i=81
[DEBUG ACCESS] i=82 accessing row 82 of 117x6 matrix
[DEBUG ACCESS] Accessing normals at i=82
[DEBUG ACCESS] i=83 accessing row 83 of 117x6 matrix
[DEBUG ACCESS] Accessing normals at i=83
[DEBUG ACCESS] i=84 accessing row 84 of 117x6 matrix
[DEBUG ACCESS] Accessing normals at i=84
[DEBUG ACCESS] i=85 accessing row 85 of 117x6 matrix
[DEBUG ACCESS] Accessing normals at i=85
[DEBUG ACCESS] i=86 accessing row 86 of 117x6 matrix
[DEBUG ACCESS] Accessing normals at i=86
[DEBUG ACCESS] i=87 accessing row 87 of 117x6 matrix
[DEBUG ACCESS] Accessing normals at i=87
[DEBUG ACCESS] i=88 accessing row 88 of 117x6 matrix
[DEBUG ACCESS] Accessing normals at i=88
[DEBUG ACCESS] i=89 accessing row 89 of 117x6 matrix
[DEBUG ACCESS] Accessing normals at i=89
[DEBUG ACCESS] i=90 accessing row 90 of 117x6 matrix
[DEBUG ACCESS] Accessing normals at i=90
[DEBUG ACCESS] i=91 accessing row 91 of 117x6 matrix
[DEBUG ACCESS] Accessing normals at i=91
[DEBUG ACCESS] i=92 accessing row 92 of 117x6 matrix
[DEBUG ACCESS] Accessing normals at i=92
[DEBUG ACCESS] i=93 accessing row 93 of 117x6 matrix
[DEBUG ACCESS] Accessing normals at i=93
[DEBUG ACCESS] i=94 accessing row 94 of 117x6 matrix
[DEBUG ACCESS] Accessing normals at i=94
[DEBUG ACCESS] i=95 accessing row 95 of 117x6 matrix
[DEBUG ACCESS] Accessing normals at i=95
[DEBUG ACCESS] i=96 accessing row 96 of 117x6 matrix
[DEBUG ACCESS] Accessing normals at i=96
[DEBUG ACCESS] i=97 accessing row 97 of 117x6 matrix
[DEBUG ACCESS] Accessing normals at i=97
[DEBUG ACCESS] i=98 accessing row 98 of 117x6 matrix
[DEBUG ACCESS] Accessing normals at i=98
[DEBUG ACCESS] i=99 accessing row 99 of 117x6 matrix
[DEBUG ACCESS] Accessing normals at i=99
[DEBUG ACCESS] i=100 accessing row 100 of 117x6 matrix
[DEBUG ACCESS] Accessing normals at i=100
[DEBUG ACCESS] i=101 accessing row 101 of 117x6 matrix
[DEBUG ACCESS] Accessing normals at i=101
[DEBUG ACCESS] i=102 accessing row 102 of 117x6 matrix
[DEBUG ACCESS] Accessing normals at i=102
[DEBUG ACCESS] i=103 accessing row 103 of 117x6 matrix
[DEBUG ACCESS] Accessing normals at i=103
[DEBUG ACCESS] i=104 accessing row 104 of 117x6 matrix
[DEBUG ACCESS] Accessing normals at i=104
[DEBUG ACCESS] i=105 accessing row 105 of 117x6 matrix
[DEBUG ACCESS] Accessing normals at i=105
[DEBUG ACCESS] i=106 accessing row 106 of 117x6 matrix
[DEBUG ACCESS] Accessing normals at i=106
[DEBUG ACCESS] i=107 accessing row 107 of 117x6 matrix
[DEBUG ACCESS] Accessing normals at i=107
[DEBUG ACCESS] i=108 accessing row 108 of 117x6 matrix
[DEBUG ACCESS] Accessing normals at i=108
[DEBUG ACCESS] i=109 accessing row 109 of 117x6 matrix
[DEBUG ACCESS] Accessing normals at i=109
[DEBUG ACCESS] i=110 accessing row 110 of 117x6 matrix
[DEBUG ACCESS] Accessing normals at i=110
[DEBUG ACCESS] i=111 accessing row 111 of 117x6 matrix
[DEBUG ACCESS] Accessing normals at i=111
[DEBUG ACCESS] i=112 accessing row 112 of 117x6 matrix
[DEBUG ACCESS] Accessing normals at i=112
[DEBUG ACCESS] i=113 accessing row 113 of 117x6 matrix
[DEBUG ACCESS] Accessing normals at i=113
[DEBUG ACCESS] i=114 accessing row 114 of 117x6 matrix
[DEBUG ACCESS] Accessing normals at i=114
[DEBUG ACCESS] i=115 accessing row 115 of 117x6 matrix
[DEBUG ACCESS] Accessing normals at i=115
[EDGELINE DEBUG] Load PLY normals: Temp/Data/Pot_A/Pot_A_Piece_03_SampledWithNormals.ply
[1;33m[pcl::PLYReader] Temp/Data/Pot_A/Pot_A_Piece_03_SampledWithNormals.ply:25: property 'float32 focal' of element 'camera' is not handled
[0;m[1;33m[pcl::PLYReader] Temp/Data/Pot_A/Pot_A_Piece_03_SampledWithNormals.ply:26: property 'float32 scalex' of element 'camera' is not handled
[0;m[1;33m[pcl::PLYReader] Temp/Data/Pot_A/Pot_A_Piece_03_SampledWithNormals.ply:27: property 'float32 scaley' of element 'camera' is not handled
[0;m[1;33m[pcl::PLYReader] Temp/Data/Pot_A/Pot_A_Piece_03_SampledWithNormals.ply:28: property 'float32 centerx' of element 'camera' is not handled
[0;m[1;33m[pcl::PLYReader] Temp/Data/Pot_A/Pot_A_Piece_03_SampledWithNormals.ply:29: property 'float32 centery' of element 'camera' is not handled
[0;m[1;33m[pcl::PLYReader] Temp/Data/Pot_A/Pot_A_Piece_03_SampledWithNormals.ply:32: property 'float32 k1' of element 'camera' is not handled
[0;m[1;33m[pcl::PLYReader] Temp/Data/Pot_A/Pot_A_Piece_03_SampledWithNormals.ply:33: property 'float32 k2' of element 'camera' is not handled
[0;m[EDGELINE DEBUG] Loaded PointNormal PLY ok, size=9237
[DEBUG AXIS PATH] Using axis file: Dataset/Axes/Pot_A_Piece_03_Axis.xyz
[EDGELINE DEBUG] readFile cols=6 file=Segments/3.xyz rows=49
[DEBUG MATRIX] Segment file Segments/3.xyz matrix dimensions: 49x6
[DEBUG LOOP] Starting segment processing loop, rows=49 cols=6
[DEBUG ACCESS] i=0 accessing row 0 of 49x6 matrix
[DEBUG ACCESS] Accessing normals at i=0
[DEBUG ACCESS] i=1 accessing row 1 of 49x6 matrix
[DEBUG ACCESS] Accessing normals at i=1
[DEBUG ACCESS] i=2 accessing row 2 of 49x6 matrix
[DEBUG ACCESS] Accessing normals at i=2
[DEBUG ACCESS] i=3 accessing row 3 of 49x6 matrix
[DEBUG ACCESS] Accessing normals at i=3
[DEBUG ACCESS] i=4 accessing row 4 of 49x6 matrix
[DEBUG ACCESS] Accessing normals at i=4
[DEBUG ACCESS] i=5 accessing row 5 of 49x6 matrix
[DEBUG ACCESS] Accessing normals at i=5
[DEBUG ACCESS] i=6 accessing row 6 of 49x6 matrix
[DEBUG ACCESS] Accessing normals at i=6
[DEBUG ACCESS] i=7 accessing row 7 of 49x6 matrix
[DEBUG ACCESS] Accessing normals at i=7
[DEBUG ACCESS] i=8 accessing row 8 of 49x6 matrix
[DEBUG ACCESS] Accessing normals at i=8
[DEBUG ACCESS] i=9 accessing row 9 of 49x6 matrix
[DEBUG ACCESS] Accessing normals at i=9
[DEBUG ACCESS] i=10 accessing row 10 of 49x6 matrix
[DEBUG ACCESS] Accessing normals at i=10
[DEBUG ACCESS] i=11 accessing row 11 of 49x6 matrix
[DEBUG ACCESS] Accessing normals at i=11
[DEBUG ACCESS] i=12 accessing row 12 of 49x6 matrix
[DEBUG ACCESS] Accessing normals at i=12
[DEBUG ACCESS] i=13 accessing row 13 of 49x6 matrix
[DEBUG ACCESS] Accessing normals at i=13
[DEBUG ACCESS] i=14 accessing row 14 of 49x6 matrix
[DEBUG ACCESS] Accessing normals at i=14
[DEBUG ACCESS] i=15 accessing row 15 of 49x6 matrix
[DEBUG ACCESS] Accessing normals at i=15
[DEBUG ACCESS] i=16 accessing row 16 of 49x6 matrix
[DEBUG ACCESS] Accessing normals at i=16
[DEBUG ACCESS] i=17 accessing row 17 of 49x6 matrix
[DEBUG ACCESS] Accessing normals at i=17
[DEBUG ACCESS] i=18 accessing row 18 of 49x6 matrix
[DEBUG ACCESS] Accessing normals at i=18
[DEBUG ACCESS] i=19 accessing row 19 of 49x6 matrix
[DEBUG ACCESS] Accessing normals at i=19
[DEBUG ACCESS] i=20 accessing row 20 of 49x6 matrix
[DEBUG ACCESS] Accessing normals at i=20
[DEBUG ACCESS] i=21 accessing row 21 of 49x6 matrix
[DEBUG ACCESS] Accessing normals at i=21
[DEBUG ACCESS] i=22 accessing row 22 of 49x6 matrix
[DEBUG ACCESS] Accessing normals at i=22
[DEBUG ACCESS] i=23 accessing row 23 of 49x6 matrix
[DEBUG ACCESS] Accessing normals at i=23
[DEBUG ACCESS] i=24 accessing row 24 of 49x6 matrix
[DEBUG ACCESS] Accessing normals at i=24
[DEBUG ACCESS] i=25 accessing row 25 of 49x6 matrix
[DEBUG ACCESS] Accessing normals at i=25
[DEBUG ACCESS] i=26 accessing row 26 of 49x6 matrix
[DEBUG ACCESS] Accessing normals at i=26
[DEBUG ACCESS] i=27 accessing row 27 of 49x6 matrix
[DEBUG ACCESS] Accessing normals at i=27
[DEBUG ACCESS] i=28 accessing row 28 of 49x6 matrix
[DEBUG ACCESS] Accessing normals at i=28
[DEBUG ACCESS] i=29 accessing row 29 of 49x6 matrix
[DEBUG ACCESS] Accessing normals at i=29
[DEBUG ACCESS] i=30 accessing row 30 of 49x6 matrix
[DEBUG ACCESS] Accessing normals at i=30
[DEBUG ACCESS] i=31 accessing row 31 of 49x6 matrix
[DEBUG ACCESS] Accessing normals at i=31
[DEBUG ACCESS] i=32 accessing row 32 of 49x6 matrix
[DEBUG ACCESS] Accessing normals at i=32
[DEBUG ACCESS] i=33 accessing row 33 of 49x6 matrix
[DEBUG ACCESS] Accessing normals at i=33
[DEBUG ACCESS] i=34 accessing row 34 of 49x6 matrix
[DEBUG ACCESS] Accessing normals at i=34
[DEBUG ACCESS] i=35 accessing row 35 of 49x6 matrix
[DEBUG ACCESS] Accessing normals at i=35
[DEBUG ACCESS] i=36 accessing row 36 of 49x6 matrix
[DEBUG ACCESS] Accessing normals at i=36
[DEBUG ACCESS] i=37 accessing row 37 of 49x6 matrix
[DEBUG ACCESS] Accessing normals at i=37
[DEBUG ACCESS] i=38 accessing row 38 of 49x6 matrix
[DEBUG ACCESS] Accessing normals at i=38
[DEBUG ACCESS] i=39 accessing row 39 of 49x6 matrix
[DEBUG ACCESS] Accessing normals at i=39
[DEBUG ACCESS] i=40 accessing row 40 of 49x6 matrix
[DEBUG ACCESS] Accessing normals at i=40
[DEBUG ACCESS] i=41 accessing row 41 of 49x6 matrix
[DEBUG ACCESS] Accessing normals at i=41
[DEBUG ACCESS] i=42 accessing row 42 of 49x6 matrix
[DEBUG ACCESS] Accessing normals at i=42
[DEBUG ACCESS] i=43 accessing row 43 of 49x6 matrix
[DEBUG ACCESS] Accessing normals at i=43
[DEBUG ACCESS] i=44 accessing row 44 of 49x6 matrix
[DEBUG ACCESS] Accessing normals at i=44
[DEBUG ACCESS] i=45 accessing row 45 of 49x6 matrix
[DEBUG ACCESS] Accessing normals at i=45
[DEBUG ACCESS] i=46 accessing row 46 of 49x6 matrix
[DEBUG ACCESS] Accessing normals at i=46
[DEBUG ACCESS] i=47 accessing row 47 of 49x6 matrix
[DEBUG ACCESS] Accessing normals at i=47
[EDGELINE DEBUG] Load PLY normals: Temp/Data/Pot_A/Pot_A_Piece_03_SampledWithNormals.ply
[1;33m[pcl::PLYReader] Temp/Data/Pot_A/Pot_A_Piece_03_SampledWithNormals.ply:25: property 'float32 focal' of element 'camera' is not handled
[0;m[1;33m[pcl::PLYReader] Temp/Data/Pot_A/Pot_A_Piece_03_SampledWithNormals.ply:26: property 'float32 scalex' of element 'camera' is not handled
[0;m[1;33m[pcl::PLYReader] Temp/Data/Pot_A/Pot_A_Piece_03_SampledWithNormals.ply:27: property 'float32 scaley' of element 'camera' is not handled
[0;m[1;33m[pcl::PLYReader] Temp/Data/Pot_A/Pot_A_Piece_03_SampledWithNormals.ply:28: property 'float32 centerx' of element 'camera' is not handled
[0;m[1;33m[pcl::PLYReader] Temp/Data/Pot_A/Pot_A_Piece_03_SampledWithNormals.ply:29: property 'float32 centery' of element 'camera' is not handled
[0;m[1;33m[pcl::PLYReader] Temp/Data/Pot_A/Pot_A_Piece_03_SampledWithNormals.ply:32: property 'float32 k1' of element 'camera' is not handled
[0;m[1;33m[pcl::PLYReader] Temp/Data/Pot_A/Pot_A_Piece_03_SampledWithNormals.ply:33: property 'float32 k2' of element 'camera' is not handled
[0;m[EDGELINE DEBUG] Loaded PointNormal PLY ok, size=9237
[DEBUG AXIS PATH] Using axis file: Dataset/Axes/Pot_A_Piece_03_Axis.xyz
[EDGELINE DEBUG] readFile cols=6 file=Segments/1.xyz rows=12
[EDGELINE DEBUG] Load PLY normals: Temp/Data/Pot_A/Pot_A_Piece_03_SampledWithNormals.ply
[1;33m[pcl::PLYReader] Temp/Data/Pot_A/Pot_A_Piece_03_SampledWithNormals.ply:25: property 'float32 focal' of element 'camera' is not handled
[0;m[1;33m[pcl::PLYReader] Temp/Data/Pot_A/Pot_A_Piece_03_SampledWithNormals.ply:26: property 'float32 scalex' of element 'camera' is not handled
[0;m[1;33m[pcl::PLYReader] Temp/Data/Pot_A/Pot_A_Piece_03_SampledWithNormals.ply:27: property 'float32 scaley' of element 'camera' is not handled
[0;m[1;33m[pcl::PLYReader] Temp/Data/Pot_A/Pot_A_Piece_03_SampledWithNormals.ply:28: property 'float32 centerx' of element 'camera' is not handled
[0;m[1;33m[pcl::PLYReader] Temp/Data/Pot_A/Pot_A_Piece_03_SampledWithNormals.ply:29: property 'float32 centery' of element 'camera' is not handled
[0;m[1;33m[pcl::PLYReader] Temp/Data/Pot_A/Pot_A_Piece_03_SampledWithNormals.ply:32: property 'float32 k1' of element 'camera' is not handled
[0;m[1;33m[pcl::PLYReader] Temp/Data/Pot_A/Pot_A_Piece_03_SampledWithNormals.ply:33: property 'float32 k2' of element 'camera' is not handled
[0;m[EDGELINE DEBUG] Loaded PointNormal PLY ok, size=9237
[EDGELINE DEBUG] readFile cols=6 file=Segments/2.xyz rows=117
[EDGELINE DEBUG] Load PLY normals: Temp/Data/Pot_A/Pot_A_Piece_03_SampledWithNormals.ply
[1;33m[pcl::PLYReader] Temp/Data/Pot_A/Pot_A_Piece_03_SampledWithNormals.ply:25: property 'float32 focal' of element 'camera' is not handled
[0;m[1;33m[pcl::PLYReader] Temp/Data/Pot_A/Pot_A_Piece_03_SampledWithNormals.ply:26: property 'float32 scalex' of element 'camera' is not handled
[0;m[1;33m[pcl::PLYReader] Temp/Data/Pot_A/Pot_A_Piece_03_SampledWithNormals.ply:27: property 'float32 scaley' of element 'camera' is not handled
[0;m[1;33m[pcl::PLYReader] Temp/Data/Pot_A/Pot_A_Piece_03_SampledWithNormals.ply:28: property 'float32 centerx' of element 'camera' is not handled
[0;m[1;33m[pcl::PLYReader] Temp/Data/Pot_A/Pot_A_Piece_03_SampledWithNormals.ply:29: property 'float32 centery' of element 'camera' is not handled
[0;m[1;33m[pcl::PLYReader] Temp/Data/Pot_A/Pot_A_Piece_03_SampledWithNormals.ply:32: property 'float32 k1' of element 'camera' is not handled
[0;m[1;33m[pcl::PLYReader] Temp/Data/Pot_A/Pot_A_Piece_03_SampledWithNormals.ply:33: property 'float32 k2' of element 'camera' is not handled
[0;m[EDGELINE DEBUG] Loaded PointNormal PLY ok, size=9237
[EDGELINE DEBUG] readFile cols=6 file=Segments/3.xyz rows=49
[EDGELINE DEBUG] Load PLY normals: Temp/Data/Pot_A/Pot_A_Piece_03_SampledWithNormals.ply
[1;33m[pcl::PLYReader] Temp/Data/Pot_A/Pot_A_Piece_03_SampledWithNormals.ply:25: property 'float32 focal' of element 'camera' is not handled
[0;m[1;33m[pcl::PLYReader] Temp/Data/Pot_A/Pot_A_Piece_03_SampledWithNormals.ply:26: property 'float32 scalex' of element 'camera' is not handled
[0;m[1;33m[pcl::PLYReader] Temp/Data/Pot_A/Pot_A_Piece_03_SampledWithNormals.ply:27: property 'float32 scaley' of element 'camera' is not handled
[0;m[1;33m[pcl::PLYReader] Temp/Data/Pot_A/Pot_A_Piece_03_SampledWithNormals.ply:28: property 'float32 centerx' of element 'camera' is not handled
[0;m[1;33m[pcl::PLYReader] Temp/Data/Pot_A/Pot_A_Piece_03_SampledWithNormals.ply:29: property 'float32 centery' of element 'camera' is not handled
[0;m[1;33m[pcl::PLYReader] Temp/Data/Pot_A/Pot_A_Piece_03_SampledWithNormals.ply:32: property 'float32 k1' of element 'camera' is not handled
[0;m[1;33m[pcl::PLYReader] Temp/Data/Pot_A/Pot_A_Piece_03_SampledWithNormals.ply:33: property 'float32 k2' of element 'camera' is not handled
[0;m[EDGELINE DEBUG] Loaded PointNormal PLY ok, size=9237
[EDGELINE DEBUG] processFragmentData surface=Temp/Data/Pot_A/Pot_A_Piece_04_Surface_0.xyz mesh=Temp/Data/Pot_A/Pot_A_Piece_04_Mesh.obj
[EDGELINE DEBUG] readFile cols=3 file=Temp/Temp_edge/Pot_A/pointCloudFromMesh.xyz rows=7444
[1;33m[pcl::PLYReader] Temp/Data/Pot_A/Pot_A_Piece_04_unclustered.ply:25: property 'float32 focal' of element 'camera' is not handled
[0;m[1;33m[pcl::PLYReader] Temp/Data/Pot_A/Pot_A_Piece_04_unclustered.ply:26: property 'float32 scalex' of element 'camera' is not handled
[0;m[1;33m[pcl::PLYReader] Temp/Data/Pot_A/Pot_A_Piece_04_unclustered.ply:27: property 'float32 scaley' of element 'camera' is not handled
[0;m[1;33m[pcl::PLYReader] Temp/Data/Pot_A/Pot_A_Piece_04_unclustered.ply:28: property 'float32 centerx' of element 'camera' is not handled
[0;m[1;33m[pcl::PLYReader] Temp/Data/Pot_A/Pot_A_Piece_04_unclustered.ply:29: property 'float32 centery' of element 'camera' is not handled
[0;m[1;33m[pcl::PLYReader] Temp/Data/Pot_A/Pot_A_Piece_04_unclustered.ply:32: property 'float32 k1' of element 'camera' is not handled
[0;m[1;33m[pcl::PLYReader] Temp/Data/Pot_A/Pot_A_Piece_04_unclustered.ply:33: property 'float32 k2' of element 'camera' is not handled
[0;m[1;33m[pcl::PLYReader] Temp/Temp_edge/Pot_A/_breakLineFromConcaveHull.ply:21: property 'float32 focal' of element 'camera' is not handled
[0;m[1;33m[pcl::PLYReader] Temp/Temp_edge/Pot_A/_breakLineFromConcaveHull.ply:22: property 'float32 scalex' of element 'camera' is not handled
[0;m[1;33m[pcl::PLYReader] Temp/Temp_edge/Pot_A/_breakLineFromConcaveHull.ply:23: property 'float32 scaley' of element 'camera' is not handled
[0;m[1;33m[pcl::PLYReader] Temp/Temp_edge/Pot_A/_breakLineFromConcaveHull.ply:24: property 'float32 centerx' of element 'camera' is not handled
[0;m[1;33m[pcl::PLYReader] Temp/Temp_edge/Pot_A/_breakLineFromConcaveHull.ply:25: property 'float32 centery' of element 'camera' is not handled
[0;m[1;33m[pcl::PLYReader] Temp/Temp_edge/Pot_A/_breakLineFromConcaveHull.ply:28: property 'float32 k1' of element 'camera' is not handled
[0;m[1;33m[pcl::PLYReader] Temp/Temp_edge/Pot_A/_breakLineFromConcaveHull.ply:29: property 'float32 k2' of element 'camera' is not handled
[0;m[1;33mFailed to find match for field 'normal_x'.
[0;m[1;33mFailed to find match for field 'normal_y'.
[0;m[1;33mFailed to find match for field 'normal_z'.
[0;m[1;33mFailed to find match for field 'curvature'.
[0;m[EDGELINE DEBUG] readFile cols=3 file=Temp/Temp_edge/Pot_A/CompleteBreakline.xyz rows=116
[EDGELINE DEBUG] detectSeparateLineSegments: file=Temp/Temp_edge/Pot_A/CompleteBreakline.xyz len=10
[EDGELINE DEBUG] readFile cols=3 file=Temp/Temp_edge/Pot_A/CompleteBreakline.xyz rows=116
[EDGELINE DEBUG] readFile cols=6 file=Temp/Temp_edge/Pot_A/CompleteBreakline.xyz rows=116
[EDGELINE DEBUG] b1 rows=116 cols=3 b1_withN rows=116 cols=6
[EDGELINE DEBUG] dist_scoreB1 size=136x1 distScoreOriginalLength size=116x1
[EDGELINE DEBUG] bCombined size=136x3
[EDGELINE DEBUG] readFile cols=6 file=Segments/1.xyz rows=50
[EDGELINE DEBUG] readFile cols=6 file=Segments/2.xyz rows=32
[EDGELINE DEBUG] readFile cols=6 file=Segments/3.xyz rows=37
[EDGELINE DEBUG] detectedPeakIndices size=3
[EDGELINE DEBUG] Segments files count=3
[EDGELINE DEBUG] axisInfoAvailable=1 path=Dataset/Axes/Pot_A_Piece_04_Axis.xyz
[EDGELINE DEBUG] readFile cols=6 file=Segments/1.xyz rows=50
[DEBUG MATRIX] Segment file Segments/1.xyz matrix dimensions: 50x6
[DEBUG LOOP] Starting segment processing loop, rows=50 cols=6
[DEBUG ACCESS] i=0 accessing row 0 of 50x6 matrix
[DEBUG ACCESS] Accessing normals at i=0
[DEBUG ACCESS] i=1 accessing row 1 of 50x6 matrix
[DEBUG ACCESS] Accessing normals at i=1
[DEBUG ACCESS] i=2 accessing row 2 of 50x6 matrix
[DEBUG ACCESS] Accessing normals at i=2
[DEBUG ACCESS] i=3 accessing row 3 of 50x6 matrix
[DEBUG ACCESS] Accessing normals at i=3
[DEBUG ACCESS] i=4 accessing row 4 of 50x6 matrix
[DEBUG ACCESS] Accessing normals at i=4
[DEBUG ACCESS] i=5 accessing row 5 of 50x6 matrix
[DEBUG ACCESS] Accessing normals at i=5
[DEBUG ACCESS] i=6 accessing row 6 of 50x6 matrix
[DEBUG ACCESS] Accessing normals at i=6
[DEBUG ACCESS] i=7 accessing row 7 of 50x6 matrix
[DEBUG ACCESS] Accessing normals at i=7
[DEBUG ACCESS] i=8 accessing row 8 of 50x6 matrix
[DEBUG ACCESS] Accessing normals at i=8
[DEBUG ACCESS] i=9 accessing row 9 of 50x6 matrix
[DEBUG ACCESS] Accessing normals at i=9
[DEBUG ACCESS] i=10 accessing row 10 of 50x6 matrix
[DEBUG ACCESS] Accessing normals at i=10
[DEBUG ACCESS] i=11 accessing row 11 of 50x6 matrix
[DEBUG ACCESS] Accessing normals at i=11
[DEBUG ACCESS] i=12 accessing row 12 of 50x6 matrix
[DEBUG ACCESS] Accessing normals at i=12
[DEBUG ACCESS] i=13 accessing row 13 of 50x6 matrix
[DEBUG ACCESS] Accessing normals at i=13
[DEBUG ACCESS] i=14 accessing row 14 of 50x6 matrix
[DEBUG ACCESS] Accessing normals at i=14
[DEBUG ACCESS] i=15 accessing row 15 of 50x6 matrix
[DEBUG ACCESS] Accessing normals at i=15
[DEBUG ACCESS] i=16 accessing row 16 of 50x6 matrix
[DEBUG ACCESS] Accessing normals at i=16
[DEBUG ACCESS] i=17 accessing row 17 of 50x6 matrix
[DEBUG ACCESS] Accessing normals at i=17
[DEBUG ACCESS] i=18 accessing row 18 of 50x6 matrix
[DEBUG ACCESS] Accessing normals at i=18
[DEBUG ACCESS] i=19 accessing row 19 of 50x6 matrix
[DEBUG ACCESS] Accessing normals at i=19
[DEBUG ACCESS] i=20 accessing row 20 of 50x6 matrix
[DEBUG ACCESS] Accessing normals at i=20
[DEBUG ACCESS] i=21 accessing row 21 of 50x6 matrix
[DEBUG ACCESS] Accessing normals at i=21
[DEBUG ACCESS] i=22 accessing row 22 of 50x6 matrix
[DEBUG ACCESS] Accessing normals at i=22
[DEBUG ACCESS] i=23 accessing row 23 of 50x6 matrix
[DEBUG ACCESS] Accessing normals at i=23
[DEBUG ACCESS] i=24 accessing row 24 of 50x6 matrix
[DEBUG ACCESS] Accessing normals at i=24
[DEBUG ACCESS] i=25 accessing row 25 of 50x6 matrix
[DEBUG ACCESS] Accessing normals at i=25
[DEBUG ACCESS] i=26 accessing row 26 of 50x6 matrix
[DEBUG ACCESS] Accessing normals at i=26
[DEBUG ACCESS] i=27 accessing row 27 of 50x6 matrix
[DEBUG ACCESS] Accessing normals at i=27
[DEBUG ACCESS] i=28 accessing row 28 of 50x6 matrix
[DEBUG ACCESS] Accessing normals at i=28
[DEBUG ACCESS] i=29 accessing row 29 of 50x6 matrix
[DEBUG ACCESS] Accessing normals at i=29
[DEBUG ACCESS] i=30 accessing row 30 of 50x6 matrix
[DEBUG ACCESS] Accessing normals at i=30
[DEBUG ACCESS] i=31 accessing row 31 of 50x6 matrix
[DEBUG ACCESS] Accessing normals at i=31
[DEBUG ACCESS] i=32 accessing row 32 of 50x6 matrix
[DEBUG ACCESS] Accessing normals at i=32
[DEBUG ACCESS] i=33 accessing row 33 of 50x6 matrix
[DEBUG ACCESS] Accessing normals at i=33
[DEBUG ACCESS] i=34 accessing row 34 of 50x6 matrix
[DEBUG ACCESS] Accessing normals at i=34
[DEBUG ACCESS] i=35 accessing row 35 of 50x6 matrix
[DEBUG ACCESS] Accessing normals at i=35
[DEBUG ACCESS] i=36 accessing row 36 of 50x6 matrix
[DEBUG ACCESS] Accessing normals at i=36
[DEBUG ACCESS] i=37 accessing row 37 of 50x6 matrix
[DEBUG ACCESS] Accessing normals at i=37
[DEBUG ACCESS] i=38 accessing row 38 of 50x6 matrix
[DEBUG ACCESS] Accessing normals at i=38
[DEBUG ACCESS] i=39 accessing row 39 of 50x6 matrix
[DEBUG ACCESS] Accessing normals at i=39
[DEBUG ACCESS] i=40 accessing row 40 of 50x6 matrix
[DEBUG ACCESS] Accessing normals at i=40
[DEBUG ACCESS] i=41 accessing row 41 of 50x6 matrix
[DEBUG ACCESS] Accessing normals at i=41
[DEBUG ACCESS] i=42 accessing row 42 of 50x6 matrix
[DEBUG ACCESS] Accessing normals at i=42
[DEBUG ACCESS] i=43 accessing row 43 of 50x6 matrix
[DEBUG ACCESS] Accessing normals at i=43
[DEBUG ACCESS] i=44 accessing row 44 of 50x6 matrix
[DEBUG ACCESS] Accessing normals at i=44
[DEBUG ACCESS] i=45 accessing row 45 of 50x6 matrix
[DEBUG ACCESS] Accessing normals at i=45
[DEBUG ACCESS] i=46 accessing row 46 of 50x6 matrix
[DEBUG ACCESS] Accessing normals at i=46
[DEBUG ACCESS] i=47 accessing row 47 of 50x6 matrix
[DEBUG ACCESS] Accessing normals at i=47
[DEBUG ACCESS] i=48 accessing row 48 of 50x6 matrix
[DEBUG ACCESS] Accessing normals at i=48
[EDGELINE DEBUG] Load PLY normals: Temp/Data/Pot_A/Pot_A_Piece_04_SampledWithNormals.ply
[1;33m[pcl::PLYReader] Temp/Data/Pot_A/Pot_A_Piece_04_SampledWithNormals.ply:25: property 'float32 focal' of element 'camera' is not handled
[0;m[1;33m[pcl::PLYReader] Temp/Data/Pot_A/Pot_A_Piece_04_SampledWithNormals.ply:26: property 'float32 scalex' of element 'camera' is not handled
[0;m[1;33m[pcl::PLYReader] Temp/Data/Pot_A/Pot_A_Piece_04_SampledWithNormals.ply:27: property 'float32 scaley' of element 'camera' is not handled
[0;m[1;33m[pcl::PLYReader] Temp/Data/Pot_A/Pot_A_Piece_04_SampledWithNormals.ply:28: property 'float32 centerx' of element 'camera' is not handled
[0;m[1;33m[pcl::PLYReader] Temp/Data/Pot_A/Pot_A_Piece_04_SampledWithNormals.ply:29: property 'float32 centery' of element 'camera' is not handled
[0;m[1;33m[pcl::PLYReader] Temp/Data/Pot_A/Pot_A_Piece_04_SampledWithNormals.ply:32: property 'float32 k1' of element 'camera' is not handled
[0;m[1;33m[pcl::PLYReader] Temp/Data/Pot_A/Pot_A_Piece_04_SampledWithNormals.ply:33: property 'float32 k2' of element 'camera' is not handled
[0;m[EDGELINE DEBUG] Loaded PointNormal PLY ok, size=10794
[DEBUG AXIS PATH] Using axis file: Dataset/Axes/Pot_A_Piece_04_Axis.xyz
[EDGELINE DEBUG] readFile cols=6 file=Segments/2.xyz rows=32
[DEBUG MATRIX] Segment file Segments/2.xyz matrix dimensions: 32x6
[DEBUG LOOP] Starting segment processing loop, rows=32 cols=6
[DEBUG ACCESS] i=0 accessing row 0 of 32x6 matrix
[DEBUG ACCESS] Accessing normals at i=0
[DEBUG ACCESS] i=1 accessing row 1 of 32x6 matrix
[DEBUG ACCESS] Accessing normals at i=1
[DEBUG ACCESS] i=2 accessing row 2 of 32x6 matrix
[DEBUG ACCESS] Accessing normals at i=2
[DEBUG ACCESS] i=3 accessing row 3 of 32x6 matrix
[DEBUG ACCESS] Accessing normals at i=3
[DEBUG ACCESS] i=4 accessing row 4 of 32x6 matrix
[DEBUG ACCESS] Accessing normals at i=4
[DEBUG ACCESS] i=5 accessing row 5 of 32x6 matrix
[DEBUG ACCESS] Accessing normals at i=5
[DEBUG ACCESS] i=6 accessing row 6 of 32x6 matrix
[DEBUG ACCESS] Accessing normals at i=6
[DEBUG ACCESS] i=7 accessing row 7 of 32x6 matrix
[DEBUG ACCESS] Accessing normals at i=7
[DEBUG ACCESS] i=8 accessing row 8 of 32x6 matrix
[DEBUG ACCESS] Accessing normals at i=8
[DEBUG ACCESS] i=9 accessing row 9 of 32x6 matrix
[DEBUG ACCESS] Accessing normals at i=9
[DEBUG ACCESS] i=10 accessing row 10 of 32x6 matrix
[DEBUG ACCESS] Accessing normals at i=10
[DEBUG ACCESS] i=11 accessing row 11 of 32x6 matrix
[DEBUG ACCESS] Accessing normals at i=11
[DEBUG ACCESS] i=12 accessing row 12 of 32x6 matrix
[DEBUG ACCESS] Accessing normals at i=12
[DEBUG ACCESS] i=13 accessing row 13 of 32x6 matrix
[DEBUG ACCESS] Accessing normals at i=13
[DEBUG ACCESS] i=14 accessing row 14 of 32x6 matrix
[DEBUG ACCESS] Accessing normals at i=14
[DEBUG ACCESS] i=15 accessing row 15 of 32x6 matrix
[DEBUG ACCESS] Accessing normals at i=15
[DEBUG ACCESS] i=16 accessing row 16 of 32x6 matrix
[DEBUG ACCESS] Accessing normals at i=16
[DEBUG ACCESS] i=17 accessing row 17 of 32x6 matrix
[DEBUG ACCESS] Accessing normals at i=17
[DEBUG ACCESS] i=18 accessing row 18 of 32x6 matrix
[DEBUG ACCESS] Accessing normals at i=18
[DEBUG ACCESS] i=19 accessing row 19 of 32x6 matrix
[DEBUG ACCESS] Accessing normals at i=19
[DEBUG ACCESS] i=20 accessing row 20 of 32x6 matrix
[DEBUG ACCESS] Accessing normals at i=20
[DEBUG ACCESS] i=21 accessing row 21 of 32x6 matrix
[DEBUG ACCESS] Accessing normals at i=21
[DEBUG ACCESS] i=22 accessing row 22 of 32x6 matrix
[DEBUG ACCESS] Accessing normals at i=22
[DEBUG ACCESS] i=23 accessing row 23 of 32x6 matrix
[DEBUG ACCESS] Accessing normals at i=23
[DEBUG ACCESS] i=24 accessing row 24 of 32x6 matrix
[DEBUG ACCESS] Accessing normals at i=24
[DEBUG ACCESS] i=25 accessing row 25 of 32x6 matrix
[DEBUG ACCESS] Accessing normals at i=25
[DEBUG ACCESS] i=26 accessing row 26 of 32x6 matrix
[DEBUG ACCESS] Accessing normals at i=26
[DEBUG ACCESS] i=27 accessing row 27 of 32x6 matrix
[DEBUG ACCESS] Accessing normals at i=27
[DEBUG ACCESS] i=28 accessing row 28 of 32x6 matrix
[DEBUG ACCESS] Accessing normals at i=28
[DEBUG ACCESS] i=29 accessing row 29 of 32x6 matrix
[DEBUG ACCESS] Accessing normals at i=29
[DEBUG ACCESS] i=30 accessing row 30 of 32x6 matrix
[DEBUG ACCESS] Accessing normals at i=30
[EDGELINE DEBUG] Load PLY normals: Temp/Data/Pot_A/Pot_A_Piece_04_SampledWithNormals.ply
[1;33m[pcl::PLYReader] Temp/Data/Pot_A/Pot_A_Piece_04_SampledWithNormals.ply:25: property 'float32 focal' of element 'camera' is not handled
[0;m[1;33m[pcl::PLYReader] Temp/Data/Pot_A/Pot_A_Piece_04_SampledWithNormals.ply:26: property 'float32 scalex' of element 'camera' is not handled
[0;m[1;33m[pcl::PLYReader] Temp/Data/Pot_A/Pot_A_Piece_04_SampledWithNormals.ply:27: property 'float32 scaley' of element 'camera' is not handled
[0;m[1;33m[pcl::PLYReader] Temp/Data/Pot_A/Pot_A_Piece_04_SampledWithNormals.ply:28: property 'float32 centerx' of element 'camera' is not handled
[0;m[1;33m[pcl::PLYReader] Temp/Data/Pot_A/Pot_A_Piece_04_SampledWithNormals.ply:29: property 'float32 centery' of element 'camera' is not handled
[0;m[1;33m[pcl::PLYReader] Temp/Data/Pot_A/Pot_A_Piece_04_SampledWithNormals.ply:32: property 'float32 k1' of element 'camera' is not handled
[0;m[1;33m[pcl::PLYReader] Temp/Data/Pot_A/Pot_A_Piece_04_SampledWithNormals.ply:33: property 'float32 k2' of element 'camera' is not handled
[0;m[EDGELINE DEBUG] Loaded PointNormal PLY ok, size=10794
[DEBUG AXIS PATH] Using axis file: Dataset/Axes/Pot_A_Piece_04_Axis.xyz
[EDGELINE DEBUG] readFile cols=6 file=Segments/3.xyz rows=37
[DEBUG MATRIX] Segment file Segments/3.xyz matrix dimensions: 37x6
[DEBUG LOOP] Starting segment processing loop, rows=37 cols=6
[DEBUG ACCESS] i=0 accessing row 0 of 37x6 matrix
[DEBUG ACCESS] Accessing normals at i=0
[DEBUG ACCESS] i=1 accessing row 1 of 37x6 matrix
[DEBUG ACCESS] Accessing normals at i=1
[DEBUG ACCESS] i=2 accessing row 2 of 37x6 matrix
[DEBUG ACCESS] Accessing normals at i=2
[DEBUG ACCESS] i=3 accessing row 3 of 37x6 matrix
[DEBUG ACCESS] Accessing normals at i=3
[DEBUG ACCESS] i=4 accessing row 4 of 37x6 matrix
[DEBUG ACCESS] Accessing normals at i=4
[DEBUG ACCESS] i=5 accessing row 5 of 37x6 matrix
[DEBUG ACCESS] Accessing normals at i=5
[DEBUG ACCESS] i=6 accessing row 6 of 37x6 matrix
[DEBUG ACCESS] Accessing normals at i=6
[DEBUG ACCESS] i=7 accessing row 7 of 37x6 matrix
[DEBUG ACCESS] Accessing normals at i=7
[DEBUG ACCESS] i=8 accessing row 8 of 37x6 matrix
[DEBUG ACCESS] Accessing normals at i=8
[DEBUG ACCESS] i=9 accessing row 9 of 37x6 matrix
[DEBUG ACCESS] Accessing normals at i=9
[DEBUG ACCESS] i=10 accessing row 10 of 37x6 matrix
[DEBUG ACCESS] Accessing normals at i=10
[DEBUG ACCESS] i=11 accessing row 11 of 37x6 matrix
[DEBUG ACCESS] Accessing normals at i=11
[DEBUG ACCESS] i=12 accessing row 12 of 37x6 matrix
[DEBUG ACCESS] Accessing normals at i=12
[DEBUG ACCESS] i=13 accessing row 13 of 37x6 matrix
[DEBUG ACCESS] Accessing normals at i=13
[DEBUG ACCESS] i=14 accessing row 14 of 37x6 matrix
[DEBUG ACCESS] Accessing normals at i=14
[DEBUG ACCESS] i=15 accessing row 15 of 37x6 matrix
[DEBUG ACCESS] Accessing normals at i=15
[DEBUG ACCESS] i=16 accessing row 16 of 37x6 matrix
[DEBUG ACCESS] Accessing normals at i=16
[DEBUG ACCESS] i=17 accessing row 17 of 37x6 matrix
[DEBUG ACCESS] Accessing normals at i=17
[DEBUG ACCESS] i=18 accessing row 18 of 37x6 matrix
[DEBUG ACCESS] Accessing normals at i=18
[DEBUG ACCESS] i=19 accessing row 19 of 37x6 matrix
[DEBUG ACCESS] Accessing normals at i=19
[DEBUG ACCESS] i=20 accessing row 20 of 37x6 matrix
[DEBUG ACCESS] Accessing normals at i=20
[DEBUG ACCESS] i=21 accessing row 21 of 37x6 matrix
[DEBUG ACCESS] Accessing normals at i=21
[DEBUG ACCESS] i=22 accessing row 22 of 37x6 matrix
[DEBUG ACCESS] Accessing normals at i=22
[DEBUG ACCESS] i=23 accessing row 23 of 37x6 matrix
[DEBUG ACCESS] Accessing normals at i=23
[DEBUG ACCESS] i=24 accessing row 24 of 37x6 matrix
[DEBUG ACCESS] Accessing normals at i=24
[DEBUG ACCESS] i=25 accessing row 25 of 37x6 matrix
[DEBUG ACCESS] Accessing normals at i=25
[DEBUG ACCESS] i=26 accessing row 26 of 37x6 matrix
[DEBUG ACCESS] Accessing normals at i=26
[DEBUG ACCESS] i=27 accessing row 27 of 37x6 matrix
[DEBUG ACCESS] Accessing normals at i=27
[DEBUG ACCESS] i=28 accessing row 28 of 37x6 matrix
[DEBUG ACCESS] Accessing normals at i=28
[DEBUG ACCESS] i=29 accessing row 29 of 37x6 matrix
[DEBUG ACCESS] Accessing normals at i=29
[DEBUG ACCESS] i=30 accessing row 30 of 37x6 matrix
[DEBUG ACCESS] Accessing normals at i=30
[DEBUG ACCESS] i=31 accessing row 31 of 37x6 matrix
[DEBUG ACCESS] Accessing normals at i=31
[DEBUG ACCESS] i=32 accessing row 32 of 37x6 matrix
[DEBUG ACCESS] Accessing normals at i=32
[DEBUG ACCESS] i=33 accessing row 33 of 37x6 matrix
[DEBUG ACCESS] Accessing normals at i=33
[DEBUG ACCESS] i=34 accessing row 34 of 37x6 matrix
[DEBUG ACCESS] Accessing normals at i=34
[DEBUG ACCESS] i=35 accessing row 35 of 37x6 matrix
[DEBUG ACCESS] Accessing normals at i=35
[EDGELINE DEBUG] Load PLY normals: Temp/Data/Pot_A/Pot_A_Piece_04_SampledWithNormals.ply
[1;33m[pcl::PLYReader] Temp/Data/Pot_A/Pot_A_Piece_04_SampledWithNormals.ply:25: property 'float32 focal' of element 'camera' is not handled
[0;m[1;33m[pcl::PLYReader] Temp/Data/Pot_A/Pot_A_Piece_04_SampledWithNormals.ply:26: property 'float32 scalex' of element 'camera' is not handled
[0;m[1;33m[pcl::PLYReader] Temp/Data/Pot_A/Pot_A_Piece_04_SampledWithNormals.ply:27: property 'float32 scaley' of element 'camera' is not handled
[0;m[1;33m[pcl::PLYReader] Temp/Data/Pot_A/Pot_A_Piece_04_SampledWithNormals.ply:28: property 'float32 centerx' of element 'camera' is not handled
[0;m[1;33m[pcl::PLYReader] Temp/Data/Pot_A/Pot_A_Piece_04_SampledWithNormals.ply:29: property 'float32 centery' of element 'camera' is not handled
[0;m[1;33m[pcl::PLYReader] Temp/Data/Pot_A/Pot_A_Piece_04_SampledWithNormals.ply:32: property 'float32 k1' of element 'camera' is not handled
[0;m[1;33m[pcl::PLYReader] Temp/Data/Pot_A/Pot_A_Piece_04_SampledWithNormals.ply:33: property 'float32 k2' of element 'camera' is not handled
[0;m[EDGELINE DEBUG] Loaded PointNormal PLY ok, size=10794
[DEBUG AXIS PATH] Using axis file: Dataset/Axes/Pot_A_Piece_04_Axis.xyz
[EDGELINE DEBUG] readFile cols=6 file=Segments/1.xyz rows=50
[EDGELINE DEBUG] Load PLY normals: Temp/Data/Pot_A/Pot_A_Piece_04_SampledWithNormals.ply
[1;33m[pcl::PLYReader] Temp/Data/Pot_A/Pot_A_Piece_04_SampledWithNormals.ply:25: property 'float32 focal' of element 'camera' is not handled
[0;m[1;33m[pcl::PLYReader] Temp/Data/Pot_A/Pot_A_Piece_04_SampledWithNormals.ply:26: property 'float32 scalex' of element 'camera' is not handled
[0;m[1;33m[pcl::PLYReader] Temp/Data/Pot_A/Pot_A_Piece_04_SampledWithNormals.ply:27: property 'float32 scaley' of element 'camera' is not handled
[0;m[1;33m[pcl::PLYReader] Temp/Data/Pot_A/Pot_A_Piece_04_SampledWithNormals.ply:28: property 'float32 centerx' of element 'camera' is not handled
[0;m[1;33m[pcl::PLYReader] Temp/Data/Pot_A/Pot_A_Piece_04_SampledWithNormals.ply:29: property 'float32 centery' of element 'camera' is not handled
[0;m[1;33m[pcl::PLYReader] Temp/Data/Pot_A/Pot_A_Piece_04_SampledWithNormals.ply:32: property 'float32 k1' of element 'camera' is not handled
[0;m[1;33m[pcl::PLYReader] Temp/Data/Pot_A/Pot_A_Piece_04_SampledWithNormals.ply:33: property 'float32 k2' of element 'camera' is not handled
[0;m[EDGELINE DEBUG] Loaded PointNormal PLY ok, size=10794
[EDGELINE DEBUG] readFile cols=6 file=Segments/2.xyz rows=32
[EDGELINE DEBUG] Load PLY normals: Temp/Data/Pot_A/Pot_A_Piece_04_SampledWithNormals.ply
[1;33m[pcl::PLYReader] Temp/Data/Pot_A/Pot_A_Piece_04_SampledWithNormals.ply:25: property 'float32 focal' of element 'camera' is not handled
[0;m[1;33m[pcl::PLYReader] Temp/Data/Pot_A/Pot_A_Piece_04_SampledWithNormals.ply:26: property 'float32 scalex' of element 'camera' is not handled
[0;m[1;33m[pcl::PLYReader] Temp/Data/Pot_A/Pot_A_Piece_04_SampledWithNormals.ply:27: property 'float32 scaley' of element 'camera' is not handled
[0;m[1;33m[pcl::PLYReader] Temp/Data/Pot_A/Pot_A_Piece_04_SampledWithNormals.ply:28: property 'float32 centerx' of element 'camera' is not handled
[0;m[1;33m[pcl::PLYReader] Temp/Data/Pot_A/Pot_A_Piece_04_SampledWithNormals.ply:29: property 'float32 centery' of element 'camera' is not handled
[0;m[1;33m[pcl::PLYReader] Temp/Data/Pot_A/Pot_A_Piece_04_SampledWithNormals.ply:32: property 'float32 k1' of element 'camera' is not handled
[0;m[1;33m[pcl::PLYReader] Temp/Data/Pot_A/Pot_A_Piece_04_SampledWithNormals.ply:33: property 'float32 k2' of element 'camera' is not handled
[0;m[EDGELINE DEBUG] Loaded PointNormal PLY ok, size=10794
[EDGELINE DEBUG] readFile cols=6 file=Segments/3.xyz rows=37
[EDGELINE DEBUG] Load PLY normals: Temp/Data/Pot_A/Pot_A_Piece_04_SampledWithNormals.ply
[1;33m[pcl::PLYReader] Temp/Data/Pot_A/Pot_A_Piece_04_SampledWithNormals.ply:25: property 'float32 focal' of element 'camera' is not handled
[0;m[1;33m[pcl::PLYReader] Temp/Data/Pot_A/Pot_A_Piece_04_SampledWithNormals.ply:26: property 'float32 scalex' of element 'camera' is not handled
[0;m[1;33m[pcl::PLYReader] Temp/Data/Pot_A/Pot_A_Piece_04_SampledWithNormals.ply:27: property 'float32 scaley' of element 'camera' is not handled
[0;m[1;33m[pcl::PLYReader] Temp/Data/Pot_A/Pot_A_Piece_04_SampledWithNormals.ply:28: property 'float32 centerx' of element 'camera' is not handled
[0;m[1;33m[pcl::PLYReader] Temp/Data/Pot_A/Pot_A_Piece_04_SampledWithNormals.ply:29: property 'float32 centery' of element 'camera' is not handled
[0;m[1;33m[pcl::PLYReader] Temp/Data/Pot_A/Pot_A_Piece_04_SampledWithNormals.ply:32: property 'float32 k1' of element 'camera' is not handled
[0;m[1;33m[pcl::PLYReader] Temp/Data/Pot_A/Pot_A_Piece_04_SampledWithNormals.ply:33: property 'float32 k2' of element 'camera' is not handled
[0;m[EDGELINE DEBUG] Loaded PointNormal PLY ok, size=10794
[EDGELINE DEBUG] processFragmentData surface=Temp/Data/Pot_A/Pot_A_Piece_04_Surface_1.xyz mesh=Temp/Data/Pot_A/Pot_A_Piece_04_Mesh.obj
[EDGELINE DEBUG] readFile cols=3 file=Temp/Temp_edge/Pot_A/pointCloudFromMesh.xyz rows=7078
[1;33m[pcl::PLYReader] Temp/Data/Pot_A/Pot_A_Piece_04_unclustered.ply:25: property 'float32 focal' of element 'camera' is not handled
[0;m[1;33m[pcl::PLYReader] Temp/Data/Pot_A/Pot_A_Piece_04_unclustered.ply:26: property 'float32 scalex' of element 'camera' is not handled
[0;m[1;33m[pcl::PLYReader] Temp/Data/Pot_A/Pot_A_Piece_04_unclustered.ply:27: property 'float32 scaley' of element 'camera' is not handled
[0;m[1;33m[pcl::PLYReader] Temp/Data/Pot_A/Pot_A_Piece_04_unclustered.ply:28: property 'float32 centerx' of element 'camera' is not handled
[0;m[1;33m[pcl::PLYReader] Temp/Data/Pot_A/Pot_A_Piece_04_unclustered.ply:29: property 'float32 centery' of element 'camera' is not handled
[0;m[1;33m[pcl::PLYReader] Temp/Data/Pot_A/Pot_A_Piece_04_unclustered.ply:32: property 'float32 k1' of element 'camera' is not handled
[0;m[1;33m[pcl::PLYReader] Temp/Data/Pot_A/Pot_A_Piece_04_unclustered.ply:33: property 'float32 k2' of element 'camera' is not handled
[0;m[1;33m[pcl::PLYReader] Temp/Temp_edge/Pot_A/_breakLineFromConcaveHull.ply:21: property 'float32 focal' of element 'camera' is not handled
[0;m[1;33m[pcl::PLYReader] Temp/Temp_edge/Pot_A/_breakLineFromConcaveHull.ply:22: property 'float32 scalex' of element 'camera' is not handled
[0;m[1;33m[pcl::PLYReader] Temp/Temp_edge/Pot_A/_breakLineFromConcaveHull.ply:23: property 'float32 scaley' of element 'camera' is not handled
[0;m[1;33m[pcl::PLYReader] Temp/Temp_edge/Pot_A/_breakLineFromConcaveHull.ply:24: property 'float32 centerx' of element 'camera' is not handled
[0;m[1;33m[pcl::PLYReader] Temp/Temp_edge/Pot_A/_breakLineFromConcaveHull.ply:25: property 'float32 centery' of element 'camera' is not handled
[0;m[1;33m[pcl::PLYReader] Temp/Temp_edge/Pot_A/_breakLineFromConcaveHull.ply:28: property 'float32 k1' of element 'camera' is not handled
[0;m[1;33m[pcl::PLYReader] Temp/Temp_edge/Pot_A/_breakLineFromConcaveHull.ply:29: property 'float32 k2' of element 'camera' is not handled
[0;m[1;33mFailed to find match for field 'normal_x'.
[0;m[1;33mFailed to find match for field 'normal_y'.
[0;m[1;33mFailed to find match for field 'normal_z'.
[0;m[1;33mFailed to find match for field 'curvature'.
[0;m[EDGELINE DEBUG] readFile cols=3 file=Temp/Temp_edge/Pot_A/CompleteBreakline.xyz rows=194
[EDGELINE DEBUG] detectSeparateLineSegments: file=Temp/Temp_edge/Pot_A/CompleteBreakline.xyz len=10
[EDGELINE DEBUG] readFile cols=3 file=Temp/Temp_edge/Pot_A/CompleteBreakline.xyz rows=194
[EDGELINE DEBUG] readFile cols=6 file=Temp/Temp_edge/Pot_A/CompleteBreakline.xyz rows=194
[EDGELINE DEBUG] b1 rows=194 cols=3 b1_withN rows=194 cols=6
[EDGELINE DEBUG] dist_scoreB1 size=214x1 distScoreOriginalLength size=194x1
[EDGELINE DEBUG] bCombined size=214x3
[EDGELINE DEBUG] readFile cols=6 file=Segments/1.xyz rows=15
[EDGELINE DEBUG] readFile cols=6 file=Segments/2.xyz rows=32
[EDGELINE DEBUG] readFile cols=6 file=Segments/3.xyz rows=40
[EDGELINE DEBUG] readFile cols=6 file=Segments/4.xyz rows=61
[EDGELINE DEBUG] readFile cols=6 file=Segments/5.xyz rows=35
[EDGELINE DEBUG] readFile cols=6 file=Segments/6.xyz rows=17
[EDGELINE DEBUG] detectedPeakIndices size=6
[EDGELINE DEBUG] Segments files count=6
[EDGELINE DEBUG] axisInfoAvailable=1 path=Dataset/Axes/Pot_A_Piece_04_Axis.xyz
[EDGELINE DEBUG] readFile cols=6 file=Segments/1.xyz rows=15
[DEBUG MATRIX] Segment file Segments/1.xyz matrix dimensions: 15x6
[DEBUG LOOP] Starting segment processing loop, rows=15 cols=6
[DEBUG ACCESS] i=0 accessing row 0 of 15x6 matrix
[DEBUG ACCESS] Accessing normals at i=0
[DEBUG ACCESS] i=1 accessing row 1 of 15x6 matrix
[DEBUG ACCESS] Accessing normals at i=1
[DEBUG ACCESS] i=2 accessing row 2 of 15x6 matrix
[DEBUG ACCESS] Accessing normals at i=2
[DEBUG ACCESS] i=3 accessing row 3 of 15x6 matrix
[DEBUG ACCESS] Accessing normals at i=3
[DEBUG ACCESS] i=4 accessing row 4 of 15x6 matrix
[DEBUG ACCESS] Accessing normals at i=4
[DEBUG ACCESS] i=5 accessing row 5 of 15x6 matrix
[DEBUG ACCESS] Accessing normals at i=5
[DEBUG ACCESS] i=6 accessing row 6 of 15x6 matrix
[DEBUG ACCESS] Accessing normals at i=6
[DEBUG ACCESS] i=7 accessing row 7 of 15x6 matrix
[DEBUG ACCESS] Accessing normals at i=7
[DEBUG ACCESS] i=8 accessing row 8 of 15x6 matrix
[DEBUG ACCESS] Accessing normals at i=8
[DEBUG ACCESS] i=9 accessing row 9 of 15x6 matrix
[DEBUG ACCESS] Accessing normals at i=9
[DEBUG ACCESS] i=10 accessing row 10 of 15x6 matrix
[DEBUG ACCESS] Accessing normals at i=10
[DEBUG ACCESS] i=11 accessing row 11 of 15x6 matrix
[DEBUG ACCESS] Accessing normals at i=11
[DEBUG ACCESS] i=12 accessing row 12 of 15x6 matrix
[DEBUG ACCESS] Accessing normals at i=12
[DEBUG ACCESS] i=13 accessing row 13 of 15x6 matrix
[DEBUG ACCESS] Accessing normals at i=13
[EDGELINE DEBUG] Load PLY normals: Temp/Data/Pot_A/Pot_A_Piece_04_SampledWithNormals.ply
[1;33m[pcl::PLYReader] Temp/Data/Pot_A/Pot_A_Piece_04_SampledWithNormals.ply:25: property 'float32 focal' of element 'camera' is not handled
[0;m[1;33m[pcl::PLYReader] Temp/Data/Pot_A/Pot_A_Piece_04_SampledWithNormals.ply:26: property 'float32 scalex' of element 'camera' is not handled
[0;m[1;33m[pcl::PLYReader] Temp/Data/Pot_A/Pot_A_Piece_04_SampledWithNormals.ply:27: property 'float32 scaley' of element 'camera' is not handled
[0;m[1;33m[pcl::PLYReader] Temp/Data/Pot_A/Pot_A_Piece_04_SampledWithNormals.ply:28: property 'float32 centerx' of element 'camera' is not handled
[0;m[1;33m[pcl::PLYReader] Temp/Data/Pot_A/Pot_A_Piece_04_SampledWithNormals.ply:29: property 'float32 centery' of element 'camera' is not handled
[0;m[1;33m[pcl::PLYReader] Temp/Data/Pot_A/Pot_A_Piece_04_SampledWithNormals.ply:32: property 'float32 k1' of element 'camera' is not handled
[0;m[1;33m[pcl::PLYReader] Temp/Data/Pot_A/Pot_A_Piece_04_SampledWithNormals.ply:33: property 'float32 k2' of element 'camera' is not handled
[0;m[EDGELINE DEBUG] Loaded PointNormal PLY ok, size=10794
[DEBUG AXIS PATH] Using axis file: Dataset/Axes/Pot_A_Piece_04_Axis.xyz
[EDGELINE DEBUG] readFile cols=6 file=Segments/2.xyz rows=32
[DEBUG MATRIX] Segment file Segments/2.xyz matrix dimensions: 32x6
[DEBUG LOOP] Starting segment processing loop, rows=32 cols=6
[DEBUG ACCESS] i=0 accessing row 0 of 32x6 matrix
[DEBUG ACCESS] Accessing normals at i=0
[DEBUG ACCESS] i=1 accessing row 1 of 32x6 matrix
[DEBUG ACCESS] Accessing normals at i=1
[DEBUG ACCESS] i=2 accessing row 2 of 32x6 matrix
[DEBUG ACCESS] Accessing normals at i=2
[DEBUG ACCESS] i=3 accessing row 3 of 32x6 matrix
[DEBUG ACCESS] Accessing normals at i=3
[DEBUG ACCESS] i=4 accessing row 4 of 32x6 matrix
[DEBUG ACCESS] Accessing normals at i=4
[DEBUG ACCESS] i=5 accessing row 5 of 32x6 matrix
[DEBUG ACCESS] Accessing normals at i=5
[DEBUG ACCESS] i=6 accessing row 6 of 32x6 matrix
[DEBUG ACCESS] Accessing normals at i=6
[DEBUG ACCESS] i=7 accessing row 7 of 32x6 matrix
[DEBUG ACCESS] Accessing normals at i=7
[DEBUG ACCESS] i=8 accessing row 8 of 32x6 matrix
[DEBUG ACCESS] Accessing normals at i=8
[DEBUG ACCESS] i=9 accessing row 9 of 32x6 matrix
[DEBUG ACCESS] Accessing normals at i=9
[DEBUG ACCESS] i=10 accessing row 10 of 32x6 matrix
[DEBUG ACCESS] Accessing normals at i=10
[DEBUG ACCESS] i=11 accessing row 11 of 32x6 matrix
[DEBUG ACCESS] Accessing normals at i=11
[DEBUG ACCESS] i=12 accessing row 12 of 32x6 matrix
[DEBUG ACCESS] Accessing normals at i=12
[DEBUG ACCESS] i=13 accessing row 13 of 32x6 matrix
[DEBUG ACCESS] Accessing normals at i=13
[DEBUG ACCESS] i=14 accessing row 14 of 32x6 matrix
[DEBUG ACCESS] Accessing normals at i=14
[DEBUG ACCESS] i=15 accessing row 15 of 32x6 matrix
[DEBUG ACCESS] Accessing normals at i=15
[DEBUG ACCESS] i=16 accessing row 16 of 32x6 matrix
[DEBUG ACCESS] Accessing normals at i=16
[DEBUG ACCESS] i=17 accessing row 17 of 32x6 matrix
[DEBUG ACCESS] Accessing normals at i=17
[DEBUG ACCESS] i=18 accessing row 18 of 32x6 matrix
[DEBUG ACCESS] Accessing normals at i=18
[DEBUG ACCESS] i=19 accessing row 19 of 32x6 matrix
[DEBUG ACCESS] Accessing normals at i=19
[DEBUG ACCESS] i=20 accessing row 20 of 32x6 matrix
[DEBUG ACCESS] Accessing normals at i=20
[DEBUG ACCESS] i=21 accessing row 21 of 32x6 matrix
[DEBUG ACCESS] Accessing normals at i=21
[DEBUG ACCESS] i=22 accessing row 22 of 32x6 matrix
[DEBUG ACCESS] Accessing normals at i=22
[DEBUG ACCESS] i=23 accessing row 23 of 32x6 matrix
[DEBUG ACCESS] Accessing normals at i=23
[DEBUG ACCESS] i=24 accessing row 24 of 32x6 matrix
[DEBUG ACCESS] Accessing normals at i=24
[DEBUG ACCESS] i=25 accessing row 25 of 32x6 matrix
[DEBUG ACCESS] Accessing normals at i=25
[DEBUG ACCESS] i=26 accessing row 26 of 32x6 matrix
[DEBUG ACCESS] Accessing normals at i=26
[DEBUG ACCESS] i=27 accessing row 27 of 32x6 matrix
[DEBUG ACCESS] Accessing normals at i=27
[DEBUG ACCESS] i=28 accessing row 28 of 32x6 matrix
[DEBUG ACCESS] Accessing normals at i=28
[DEBUG ACCESS] i=29 accessing row 29 of 32x6 matrix
[DEBUG ACCESS] Accessing normals at i=29
[DEBUG ACCESS] i=30 accessing row 30 of 32x6 matrix
[DEBUG ACCESS] Accessing normals at i=30
[EDGELINE DEBUG] Load PLY normals: Temp/Data/Pot_A/Pot_A_Piece_04_SampledWithNormals.ply
[1;33m[pcl::PLYReader] Temp/Data/Pot_A/Pot_A_Piece_04_SampledWithNormals.ply:25: property 'float32 focal' of element 'camera' is not handled
[0;m[1;33m[pcl::PLYReader] Temp/Data/Pot_A/Pot_A_Piece_04_SampledWithNormals.ply:26: property 'float32 scalex' of element 'camera' is not handled
[0;m[1;33m[pcl::PLYReader] Temp/Data/Pot_A/Pot_A_Piece_04_SampledWithNormals.ply:27: property 'float32 scaley' of element 'camera' is not handled
[0;m[1;33m[pcl::PLYReader] Temp/Data/Pot_A/Pot_A_Piece_04_SampledWithNormals.ply:28: property 'float32 centerx' of element 'camera' is not handled
[0;m[1;33m[pcl::PLYReader] Temp/Data/Pot_A/Pot_A_Piece_04_SampledWithNormals.ply:29: property 'float32 centery' of element 'camera' is not handled
[0;m[1;33m[pcl::PLYReader] Temp/Data/Pot_A/Pot_A_Piece_04_SampledWithNormals.ply:32: property 'float32 k1' of element 'camera' is not handled
[0;m[1;33m[pcl::PLYReader] Temp/Data/Pot_A/Pot_A_Piece_04_SampledWithNormals.ply:33: property 'float32 k2' of element 'camera' is not handled
[0;m[EDGELINE DEBUG] Loaded PointNormal PLY ok, size=10794
[DEBUG AXIS PATH] Using axis file: Dataset/Axes/Pot_A_Piece_04_Axis.xyz
[EDGELINE DEBUG] readFile cols=6 file=Segments/3.xyz rows=40
[DEBUG MATRIX] Segment file Segments/3.xyz matrix dimensions: 40x6
[DEBUG LOOP] Starting segment processing loop, rows=40 cols=6
[DEBUG ACCESS] i=0 accessing row 0 of 40x6 matrix
[DEBUG ACCESS] Accessing normals at i=0
[DEBUG ACCESS] i=1 accessing row 1 of 40x6 matrix
[DEBUG ACCESS] Accessing normals at i=1
[DEBUG ACCESS] i=2 accessing row 2 of 40x6 matrix
[DEBUG ACCESS] Accessing normals at i=2
[DEBUG ACCESS] i=3 accessing row 3 of 40x6 matrix
[DEBUG ACCESS] Accessing normals at i=3
[DEBUG ACCESS] i=4 accessing row 4 of 40x6 matrix
[DEBUG ACCESS] Accessing normals at i=4
[DEBUG ACCESS] i=5 accessing row 5 of 40x6 matrix
[DEBUG ACCESS] Accessing normals at i=5
[DEBUG ACCESS] i=6 accessing row 6 of 40x6 matrix
[DEBUG ACCESS] Accessing normals at i=6
[DEBUG ACCESS] i=7 accessing row 7 of 40x6 matrix
[DEBUG ACCESS] Accessing normals at i=7
[DEBUG ACCESS] i=8 accessing row 8 of 40x6 matrix
[DEBUG ACCESS] Accessing normals at i=8
[DEBUG ACCESS] i=9 accessing row 9 of 40x6 matrix
[DEBUG ACCESS] Accessing normals at i=9
[DEBUG ACCESS] i=10 accessing row 10 of 40x6 matrix
[DEBUG ACCESS] Accessing normals at i=10
[DEBUG ACCESS] i=11 accessing row 11 of 40x6 matrix
[DEBUG ACCESS] Accessing normals at i=11
[DEBUG ACCESS] i=12 accessing row 12 of 40x6 matrix
[DEBUG ACCESS] Accessing normals at i=12
[DEBUG ACCESS] i=13 accessing row 13 of 40x6 matrix
[DEBUG ACCESS] Accessing normals at i=13
[DEBUG ACCESS] i=14 accessing row 14 of 40x6 matrix
[DEBUG ACCESS] Accessing normals at i=14
[DEBUG ACCESS] i=15 accessing row 15 of 40x6 matrix
[DEBUG ACCESS] Accessing normals at i=15
[DEBUG ACCESS] i=16 accessing row 16 of 40x6 matrix
[DEBUG ACCESS] Accessing normals at i=16
[DEBUG ACCESS] i=17 accessing row 17 of 40x6 matrix
[DEBUG ACCESS] Accessing normals at i=17
[DEBUG ACCESS] i=18 accessing row 18 of 40x6 matrix
[DEBUG ACCESS] Accessing normals at i=18
[DEBUG ACCESS] i=19 accessing row 19 of 40x6 matrix
[DEBUG ACCESS] Accessing normals at i=19
[DEBUG ACCESS] i=20 accessing row 20 of 40x6 matrix
[DEBUG ACCESS] Accessing normals at i=20
[DEBUG ACCESS] i=21 accessing row 21 of 40x6 matrix
[DEBUG ACCESS] Accessing normals at i=21
[DEBUG ACCESS] i=22 accessing row 22 of 40x6 matrix
[DEBUG ACCESS] Accessing normals at i=22
[DEBUG ACCESS] i=23 accessing row 23 of 40x6 matrix
[DEBUG ACCESS] Accessing normals at i=23
[DEBUG ACCESS] i=24 accessing row 24 of 40x6 matrix
[DEBUG ACCESS] Accessing normals at i=24
[DEBUG ACCESS] i=25 accessing row 25 of 40x6 matrix
[DEBUG ACCESS] Accessing normals at i=25
[DEBUG ACCESS] i=26 accessing row 26 of 40x6 matrix
[DEBUG ACCESS] Accessing normals at i=26
[DEBUG ACCESS] i=27 accessing row 27 of 40x6 matrix
[DEBUG ACCESS] Accessing normals at i=27
[DEBUG ACCESS] i=28 accessing row 28 of 40x6 matrix
[DEBUG ACCESS] Accessing normals at i=28
[DEBUG ACCESS] i=29 accessing row 29 of 40x6 matrix
[DEBUG ACCESS] Accessing normals at i=29
[DEBUG ACCESS] i=30 accessing row 30 of 40x6 matrix
[DEBUG ACCESS] Accessing normals at i=30
[DEBUG ACCESS] i=31 accessing row 31 of 40x6 matrix
[DEBUG ACCESS] Accessing normals at i=31
[DEBUG ACCESS] i=32 accessing row 32 of 40x6 matrix
[DEBUG ACCESS] Accessing normals at i=32
[DEBUG ACCESS] i=33 accessing row 33 of 40x6 matrix
[DEBUG ACCESS] Accessing normals at i=33
[DEBUG ACCESS] i=34 accessing row 34 of 40x6 matrix
[DEBUG ACCESS] Accessing normals at i=34
[DEBUG ACCESS] i=35 accessing row 35 of 40x6 matrix
[DEBUG ACCESS] Accessing normals at i=35
[DEBUG ACCESS] i=36 accessing row 36 of 40x6 matrix
[DEBUG ACCESS] Accessing normals at i=36
[DEBUG ACCESS] i=37 accessing row 37 of 40x6 matrix
[DEBUG ACCESS] Accessing normals at i=37
[DEBUG ACCESS] i=38 accessing row 38 of 40x6 matrix
[DEBUG ACCESS] Accessing normals at i=38
[EDGELINE DEBUG] Load PLY normals: Temp/Data/Pot_A/Pot_A_Piece_04_SampledWithNormals.ply
[1;33m[pcl::PLYReader] Temp/Data/Pot_A/Pot_A_Piece_04_SampledWithNormals.ply:25: property 'float32 focal' of element 'camera' is not handled
[0;m[1;33m[pcl::PLYReader] Temp/Data/Pot_A/Pot_A_Piece_04_SampledWithNormals.ply:26: property 'float32 scalex' of element 'camera' is not handled
[0;m[1;33m[pcl::PLYReader] Temp/Data/Pot_A/Pot_A_Piece_04_SampledWithNormals.ply:27: property 'float32 scaley' of element 'camera' is not handled
[0;m[1;33m[pcl::PLYReader] Temp/Data/Pot_A/Pot_A_Piece_04_SampledWithNormals.ply:28: property 'float32 centerx' of element 'camera' is not handled
[0;m[1;33m[pcl::PLYReader] Temp/Data/Pot_A/Pot_A_Piece_04_SampledWithNormals.ply:29: property 'float32 centery' of element 'camera' is not handled
[0;m[1;33m[pcl::PLYReader] Temp/Data/Pot_A/Pot_A_Piece_04_SampledWithNormals.ply:32: property 'float32 k1' of element 'camera' is not handled
[0;m[1;33m[pcl::PLYReader] Temp/Data/Pot_A/Pot_A_Piece_04_SampledWithNormals.ply:33: property 'float32 k2' of element 'camera' is not handled
[0;m[EDGELINE DEBUG] Loaded PointNormal PLY ok, size=10794
[DEBUG AXIS PATH] Using axis file: Dataset/Axes/Pot_A_Piece_04_Axis.xyz
[EDGELINE DEBUG] readFile cols=6 file=Segments/4.xyz rows=61
[DEBUG MATRIX] Segment file Segments/4.xyz matrix dimensions: 61x6
[DEBUG LOOP] Starting segment processing loop, rows=61 cols=6
[DEBUG ACCESS] i=0 accessing row 0 of 61x6 matrix
[DEBUG ACCESS] Accessing normals at i=0
[DEBUG ACCESS] i=1 accessing row 1 of 61x6 matrix
[DEBUG ACCESS] Accessing normals at i=1
[DEBUG ACCESS] i=2 accessing row 2 of 61x6 matrix
[DEBUG ACCESS] Accessing normals at i=2
[DEBUG ACCESS] i=3 accessing row 3 of 61x6 matrix
[DEBUG ACCESS] Accessing normals at i=3
[DEBUG ACCESS] i=4 accessing row 4 of 61x6 matrix
[DEBUG ACCESS] Accessing normals at i=4
[DEBUG ACCESS] i=5 accessing row 5 of 61x6 matrix
[DEBUG ACCESS] Accessing normals at i=5
[DEBUG ACCESS] i=6 accessing row 6 of 61x6 matrix
[DEBUG ACCESS] Accessing normals at i=6
[DEBUG ACCESS] i=7 accessing row 7 of 61x6 matrix
[DEBUG ACCESS] Accessing normals at i=7
[DEBUG ACCESS] i=8 accessing row 8 of 61x6 matrix
[DEBUG ACCESS] Accessing normals at i=8
[DEBUG ACCESS] i=9 accessing row 9 of 61x6 matrix
[DEBUG ACCESS] Accessing normals at i=9
[DEBUG ACCESS] i=10 accessing row 10 of 61x6 matrix
[DEBUG ACCESS] Accessing normals at i=10
[DEBUG ACCESS] i=11 accessing row 11 of 61x6 matrix
[DEBUG ACCESS] Accessing normals at i=11
[DEBUG ACCESS] i=12 accessing row 12 of 61x6 matrix
[DEBUG ACCESS] Accessing normals at i=12
[DEBUG ACCESS] i=13 accessing row 13 of 61x6 matrix
[DEBUG ACCESS] Accessing normals at i=13
[DEBUG ACCESS] i=14 accessing row 14 of 61x6 matrix
[DEBUG ACCESS] Accessing normals at i=14
[DEBUG ACCESS] i=15 accessing row 15 of 61x6 matrix
[DEBUG ACCESS] Accessing normals at i=15
[DEBUG ACCESS] i=16 accessing row 16 of 61x6 matrix
[DEBUG ACCESS] Accessing normals at i=16
[DEBUG ACCESS] i=17 accessing row 17 of 61x6 matrix
[DEBUG ACCESS] Accessing normals at i=17
[DEBUG ACCESS] i=18 accessing row 18 of 61x6 matrix
[DEBUG ACCESS] Accessing normals at i=18
[DEBUG ACCESS] i=19 accessing row 19 of 61x6 matrix
[DEBUG ACCESS] Accessing normals at i=19
[DEBUG ACCESS] i=20 accessing row 20 of 61x6 matrix
[DEBUG ACCESS] Accessing normals at i=20
[DEBUG ACCESS] i=21 accessing row 21 of 61x6 matrix
[DEBUG ACCESS] Accessing normals at i=21
[DEBUG ACCESS] i=22 accessing row 22 of 61x6 matrix
[DEBUG ACCESS] Accessing normals at i=22
[DEBUG ACCESS] i=23 accessing row 23 of 61x6 matrix
[DEBUG ACCESS] Accessing normals at i=23
[DEBUG ACCESS] i=24 accessing row 24 of 61x6 matrix
[DEBUG ACCESS] Accessing normals at i=24
[DEBUG ACCESS] i=25 accessing row 25 of 61x6 matrix
[DEBUG ACCESS] Accessing normals at i=25
[DEBUG ACCESS] i=26 accessing row 26 of 61x6 matrix
[DEBUG ACCESS] Accessing normals at i=26
[DEBUG ACCESS] i=27 accessing row 27 of 61x6 matrix
[DEBUG ACCESS] Accessing normals at i=27
[DEBUG ACCESS] i=28 accessing row 28 of 61x6 matrix
[DEBUG ACCESS] Accessing normals at i=28
[DEBUG ACCESS] i=29 accessing row 29 of 61x6 matrix
[DEBUG ACCESS] Accessing normals at i=29
[DEBUG ACCESS] i=30 accessing row 30 of 61x6 matrix
[DEBUG ACCESS] Accessing normals at i=30
[DEBUG ACCESS] i=31 accessing row 31 of 61x6 matrix
[DEBUG ACCESS] Accessing normals at i=31
[DEBUG ACCESS] i=32 accessing row 32 of 61x6 matrix
[DEBUG ACCESS] Accessing normals at i=32
[DEBUG ACCESS] i=33 accessing row 33 of 61x6 matrix
[DEBUG ACCESS] Accessing normals at i=33
[DEBUG ACCESS] i=34 accessing row 34 of 61x6 matrix
[DEBUG ACCESS] Accessing normals at i=34
[DEBUG ACCESS] i=35 accessing row 35 of 61x6 matrix
[DEBUG ACCESS] Accessing normals at i=35
[DEBUG ACCESS] i=36 accessing row 36 of 61x6 matrix
[DEBUG ACCESS] Accessing normals at i=36
[DEBUG ACCESS] i=37 accessing row 37 of 61x6 matrix
[DEBUG ACCESS] Accessing normals at i=37
[DEBUG ACCESS] i=38 accessing row 38 of 61x6 matrix
[DEBUG ACCESS] Accessing normals at i=38
[DEBUG ACCESS] i=39 accessing row 39 of 61x6 matrix
[DEBUG ACCESS] Accessing normals at i=39
[DEBUG ACCESS] i=40 accessing row 40 of 61x6 matrix
[DEBUG ACCESS] Accessing normals at i=40
[DEBUG ACCESS] i=41 accessing row 41 of 61x6 matrix
[DEBUG ACCESS] Accessing normals at i=41
[DEBUG ACCESS] i=42 accessing row 42 of 61x6 matrix
[DEBUG ACCESS] Accessing normals at i=42
[DEBUG ACCESS] i=43 accessing row 43 of 61x6 matrix
[DEBUG ACCESS] Accessing normals at i=43
[DEBUG ACCESS] i=44 accessing row 44 of 61x6 matrix
[DEBUG ACCESS] Accessing normals at i=44
[DEBUG ACCESS] i=45 accessing row 45 of 61x6 matrix
[DEBUG ACCESS] Accessing normals at i=45
[DEBUG ACCESS] i=46 accessing row 46 of 61x6 matrix
[DEBUG ACCESS] Accessing normals at i=46
[DEBUG ACCESS] i=47 accessing row 47 of 61x6 matrix
[DEBUG ACCESS] Accessing normals at i=47
[DEBUG ACCESS] i=48 accessing row 48 of 61x6 matrix
[DEBUG ACCESS] Accessing normals at i=48
[DEBUG ACCESS] i=49 accessing row 49 of 61x6 matrix
[DEBUG ACCESS] Accessing normals at i=49
[DEBUG ACCESS] i=50 accessing row 50 of 61x6 matrix
[DEBUG ACCESS] Accessing normals at i=50
[DEBUG ACCESS] i=51 accessing row 51 of 61x6 matrix
[DEBUG ACCESS] Accessing normals at i=51
[DEBUG ACCESS] i=52 accessing row 52 of 61x6 matrix
[DEBUG ACCESS] Accessing normals at i=52
[DEBUG ACCESS] i=53 accessing row 53 of 61x6 matrix
[DEBUG ACCESS] Accessing normals at i=53
[DEBUG ACCESS] i=54 accessing row 54 of 61x6 matrix
[DEBUG ACCESS] Accessing normals at i=54
[DEBUG ACCESS] i=55 accessing row 55 of 61x6 matrix
[DEBUG ACCESS] Accessing normals at i=55
[DEBUG ACCESS] i=56 accessing row 56 of 61x6 matrix
[DEBUG ACCESS] Accessing normals at i=56
[DEBUG ACCESS] i=57 accessing row 57 of 61x6 matrix
[DEBUG ACCESS] Accessing normals at i=57
[DEBUG ACCESS] i=58 accessing row 58 of 61x6 matrix
[DEBUG ACCESS] Accessing normals at i=58
[DEBUG ACCESS] i=59 accessing row 59 of 61x6 matrix
[DEBUG ACCESS] Accessing normals at i=59
[EDGELINE DEBUG] Load PLY normals: Temp/Data/Pot_A/Pot_A_Piece_04_SampledWithNormals.ply
[1;33m[pcl::PLYReader] Temp/Data/Pot_A/Pot_A_Piece_04_SampledWithNormals.ply:25: property 'float32 focal' of element 'camera' is not handled
[0;m[1;33m[pcl::PLYReader] Temp/Data/Pot_A/Pot_A_Piece_04_SampledWithNormals.ply:26: property 'float32 scalex' of element 'camera' is not handled
[0;m[1;33m[pcl::PLYReader] Temp/Data/Pot_A/Pot_A_Piece_04_SampledWithNormals.ply:27: property 'float32 scaley' of element 'camera' is not handled
[0;m[1;33m[pcl::PLYReader] Temp/Data/Pot_A/Pot_A_Piece_04_SampledWithNormals.ply:28: property 'float32 centerx' of element 'camera' is not handled
[0;m[1;33m[pcl::PLYReader] Temp/Data/Pot_A/Pot_A_Piece_04_SampledWithNormals.ply:29: property 'float32 centery' of element 'camera' is not handled
[0;m[1;33m[pcl::PLYReader] Temp/Data/Pot_A/Pot_A_Piece_04_SampledWithNormals.ply:32: property 'float32 k1' of element 'camera' is not handled
[0;m[1;33m[pcl::PLYReader] Temp/Data/Pot_A/Pot_A_Piece_04_SampledWithNormals.ply:33: property 'float32 k2' of element 'camera' is not handled
[0;m[EDGELINE DEBUG] Loaded PointNormal PLY ok, size=10794
[DEBUG AXIS PATH] Using axis file: Dataset/Axes/Pot_A_Piece_04_Axis.xyz
[EDGELINE DEBUG] readFile cols=6 file=Segments/5.xyz rows=35
[DEBUG MATRIX] Segment file Segments/5.xyz matrix dimensions: 35x6
[DEBUG LOOP] Starting segment processing loop, rows=35 cols=6
[DEBUG ACCESS] i=0 accessing row 0 of 35x6 matrix
[DEBUG ACCESS] Accessing normals at i=0
[DEBUG ACCESS] i=1 accessing row 1 of 35x6 matrix
[DEBUG ACCESS] Accessing normals at i=1
[DEBUG ACCESS] i=2 accessing row 2 of 35x6 matrix
[DEBUG ACCESS] Accessing normals at i=2
[DEBUG ACCESS] i=3 accessing row 3 of 35x6 matrix
[DEBUG ACCESS] Accessing normals at i=3
[DEBUG ACCESS] i=4 accessing row 4 of 35x6 matrix
[DEBUG ACCESS] Accessing normals at i=4
[DEBUG ACCESS] i=5 accessing row 5 of 35x6 matrix
[DEBUG ACCESS] Accessing normals at i=5
[DEBUG ACCESS] i=6 accessing row 6 of 35x6 matrix
[DEBUG ACCESS] Accessing normals at i=6
[DEBUG ACCESS] i=7 accessing row 7 of 35x6 matrix
[DEBUG ACCESS] Accessing normals at i=7
[DEBUG ACCESS] i=8 accessing row 8 of 35x6 matrix
[DEBUG ACCESS] Accessing normals at i=8
[DEBUG ACCESS] i=9 accessing row 9 of 35x6 matrix
[DEBUG ACCESS] Accessing normals at i=9
[DEBUG ACCESS] i=10 accessing row 10 of 35x6 matrix
[DEBUG ACCESS] Accessing normals at i=10
[DEBUG ACCESS] i=11 accessing row 11 of 35x6 matrix
[DEBUG ACCESS] Accessing normals at i=11
[DEBUG ACCESS] i=12 accessing row 12 of 35x6 matrix
[DEBUG ACCESS] Accessing normals at i=12
[DEBUG ACCESS] i=13 accessing row 13 of 35x6 matrix
[DEBUG ACCESS] Accessing normals at i=13
[DEBUG ACCESS] i=14 accessing row 14 of 35x6 matrix
[DEBUG ACCESS] Accessing normals at i=14
[DEBUG ACCESS] i=15 accessing row 15 of 35x6 matrix
[DEBUG ACCESS] Accessing normals at i=15
[DEBUG ACCESS] i=16 accessing row 16 of 35x6 matrix
[DEBUG ACCESS] Accessing normals at i=16
[DEBUG ACCESS] i=17 accessing row 17 of 35x6 matrix
[DEBUG ACCESS] Accessing normals at i=17
[DEBUG ACCESS] i=18 accessing row 18 of 35x6 matrix
[DEBUG ACCESS] Accessing normals at i=18
[DEBUG ACCESS] i=19 accessing row 19 of 35x6 matrix
[DEBUG ACCESS] Accessing normals at i=19
[DEBUG ACCESS] i=20 accessing row 20 of 35x6 matrix
[DEBUG ACCESS] Accessing normals at i=20
[DEBUG ACCESS] i=21 accessing row 21 of 35x6 matrix
[DEBUG ACCESS] Accessing normals at i=21
[DEBUG ACCESS] i=22 accessing row 22 of 35x6 matrix
[DEBUG ACCESS] Accessing normals at i=22
[DEBUG ACCESS] i=23 accessing row 23 of 35x6 matrix
[DEBUG ACCESS] Accessing normals at i=23
[DEBUG ACCESS] i=24 accessing row 24 of 35x6 matrix
[DEBUG ACCESS] Accessing normals at i=24
[DEBUG ACCESS] i=25 accessing row 25 of 35x6 matrix
[DEBUG ACCESS] Accessing normals at i=25
[DEBUG ACCESS] i=26 accessing row 26 of 35x6 matrix
[DEBUG ACCESS] Accessing normals at i=26
[DEBUG ACCESS] i=27 accessing row 27 of 35x6 matrix
[DEBUG ACCESS] Accessing normals at i=27
[DEBUG ACCESS] i=28 accessing row 28 of 35x6 matrix
[DEBUG ACCESS] Accessing normals at i=28
[DEBUG ACCESS] i=29 accessing row 29 of 35x6 matrix
[DEBUG ACCESS] Accessing normals at i=29
[DEBUG ACCESS] i=30 accessing row 30 of 35x6 matrix
[DEBUG ACCESS] Accessing normals at i=30
[DEBUG ACCESS] i=31 accessing row 31 of 35x6 matrix
[DEBUG ACCESS] Accessing normals at i=31
[DEBUG ACCESS] i=32 accessing row 32 of 35x6 matrix
[DEBUG ACCESS] Accessing normals at i=32
[DEBUG ACCESS] i=33 accessing row 33 of 35x6 matrix
[DEBUG ACCESS] Accessing normals at i=33
[EDGELINE DEBUG] Load PLY normals: Temp/Data/Pot_A/Pot_A_Piece_04_SampledWithNormals.ply
[1;33m[pcl::PLYReader] Temp/Data/Pot_A/Pot_A_Piece_04_SampledWithNormals.ply:25: property 'float32 focal' of element 'camera' is not handled
[0;m[1;33m[pcl::PLYReader] Temp/Data/Pot_A/Pot_A_Piece_04_SampledWithNormals.ply:26: property 'float32 scalex' of element 'camera' is not handled
[0;m[1;33m[pcl::PLYReader] Temp/Data/Pot_A/Pot_A_Piece_04_SampledWithNormals.ply:27: property 'float32 scaley' of element 'camera' is not handled
[0;m[1;33m[pcl::PLYReader] Temp/Data/Pot_A/Pot_A_Piece_04_SampledWithNormals.ply:28: property 'float32 centerx' of element 'camera' is not handled
[0;m[1;33m[pcl::PLYReader] Temp/Data/Pot_A/Pot_A_Piece_04_SampledWithNormals.ply:29: property 'float32 centery' of element 'camera' is not handled
[0;m[1;33m[pcl::PLYReader] Temp/Data/Pot_A/Pot_A_Piece_04_SampledWithNormals.ply:32: property 'float32 k1' of element 'camera' is not handled
[0;m[1;33m[pcl::PLYReader] Temp/Data/Pot_A/Pot_A_Piece_04_SampledWithNormals.ply:33: property 'float32 k2' of element 'camera' is not handled
[0;m[EDGELINE DEBUG] Loaded PointNormal PLY ok, size=10794
[DEBUG AXIS PATH] Using axis file: Dataset/Axes/Pot_A_Piece_04_Axis.xyz
[EDGELINE DEBUG] readFile cols=6 file=Segments/6.xyz rows=17
[DEBUG MATRIX] Segment file Segments/6.xyz matrix dimensions: 17x6
[DEBUG LOOP] Starting segment processing loop, rows=17 cols=6
[DEBUG ACCESS] i=0 accessing row 0 of 17x6 matrix
[DEBUG ACCESS] Accessing normals at i=0
[DEBUG ACCESS] i=1 accessing row 1 of 17x6 matrix
[DEBUG ACCESS] Accessing normals at i=1
[DEBUG ACCESS] i=2 accessing row 2 of 17x6 matrix
[DEBUG ACCESS] Accessing normals at i=2
[DEBUG ACCESS] i=3 accessing row 3 of 17x6 matrix
[DEBUG ACCESS] Accessing normals at i=3
[DEBUG ACCESS] i=4 accessing row 4 of 17x6 matrix
[DEBUG ACCESS] Accessing normals at i=4
[DEBUG ACCESS] i=5 accessing row 5 of 17x6 matrix
[DEBUG ACCESS] Accessing normals at i=5
[DEBUG ACCESS] i=6 accessing row 6 of 17x6 matrix
[DEBUG ACCESS] Accessing normals at i=6
[DEBUG ACCESS] i=7 accessing row 7 of 17x6 matrix
[DEBUG ACCESS] Accessing normals at i=7
[DEBUG ACCESS] i=8 accessing row 8 of 17x6 matrix
[DEBUG ACCESS] Accessing normals at i=8
[DEBUG ACCESS] i=9 accessing row 9 of 17x6 matrix
[DEBUG ACCESS] Accessing normals at i=9
[DEBUG ACCESS] i=10 accessing row 10 of 17x6 matrix
[DEBUG ACCESS] Accessing normals at i=10
[DEBUG ACCESS] i=11 accessing row 11 of 17x6 matrix
[DEBUG ACCESS] Accessing normals at i=11
[DEBUG ACCESS] i=12 accessing row 12 of 17x6 matrix
[DEBUG ACCESS] Accessing normals at i=12
[DEBUG ACCESS] i=13 accessing row 13 of 17x6 matrix
[DEBUG ACCESS] Accessing normals at i=13
[DEBUG ACCESS] i=14 accessing row 14 of 17x6 matrix
[DEBUG ACCESS] Accessing normals at i=14
[DEBUG ACCESS] i=15 accessing row 15 of 17x6 matrix
[DEBUG ACCESS] Accessing normals at i=15
[EDGELINE DEBUG] Load PLY normals: Temp/Data/Pot_A/Pot_A_Piece_04_SampledWithNormals.ply
[1;33m[pcl::PLYReader] Temp/Data/Pot_A/Pot_A_Piece_04_SampledWithNormals.ply:25: property 'float32 focal' of element 'camera' is not handled
[0;m[1;33m[pcl::PLYReader] Temp/Data/Pot_A/Pot_A_Piece_04_SampledWithNormals.ply:26: property 'float32 scalex' of element 'camera' is not handled
[0;m[1;33m[pcl::PLYReader] Temp/Data/Pot_A/Pot_A_Piece_04_SampledWithNormals.ply:27: property 'float32 scaley' of element 'camera' is not handled
[0;m[1;33m[pcl::PLYReader] Temp/Data/Pot_A/Pot_A_Piece_04_SampledWithNormals.ply:28: property 'float32 centerx' of element 'camera' is not handled
[0;m[1;33m[pcl::PLYReader] Temp/Data/Pot_A/Pot_A_Piece_04_SampledWithNormals.ply:29: property 'float32 centery' of element 'camera' is not handled
[0;m[1;33m[pcl::PLYReader] Temp/Data/Pot_A/Pot_A_Piece_04_SampledWithNormals.ply:32: property 'float32 k1' of element 'camera' is not handled
[0;m[1;33m[pcl::PLYReader] Temp/Data/Pot_A/Pot_A_Piece_04_SampledWithNormals.ply:33: property 'float32 k2' of element 'camera' is not handled
[0;m[EDGELINE DEBUG] Loaded PointNormal PLY ok, size=10794
[DEBUG AXIS PATH] Using axis file: Dataset/Axes/Pot_A_Piece_04_Axis.xyz
[EDGELINE DEBUG] readFile cols=6 file=Segments/1.xyz rows=15
[EDGELINE DEBUG] Load PLY normals: Temp/Data/Pot_A/Pot_A_Piece_04_SampledWithNormals.ply
[1;33m[pcl::PLYReader] Temp/Data/Pot_A/Pot_A_Piece_04_SampledWithNormals.ply:25: property 'float32 focal' of element 'camera' is not handled
[0;m[1;33m[pcl::PLYReader] Temp/Data/Pot_A/Pot_A_Piece_04_SampledWithNormals.ply:26: property 'float32 scalex' of element 'camera' is not handled
[0;m[1;33m[pcl::PLYReader] Temp/Data/Pot_A/Pot_A_Piece_04_SampledWithNormals.ply:27: property 'float32 scaley' of element 'camera' is not handled
[0;m[1;33m[pcl::PLYReader] Temp/Data/Pot_A/Pot_A_Piece_04_SampledWithNormals.ply:28: property 'float32 centerx' of element 'camera' is not handled
[0;m[1;33m[pcl::PLYReader] Temp/Data/Pot_A/Pot_A_Piece_04_SampledWithNormals.ply:29: property 'float32 centery' of element 'camera' is not handled
[0;m[1;33m[pcl::PLYReader] Temp/Data/Pot_A/Pot_A_Piece_04_SampledWithNormals.ply:32: property 'float32 k1' of element 'camera' is not handled
[0;m[1;33m[pcl::PLYReader] Temp/Data/Pot_A/Pot_A_Piece_04_SampledWithNormals.ply:33: property 'float32 k2' of element 'camera' is not handled
[0;m[EDGELINE DEBUG] Loaded PointNormal PLY ok, size=10794
[EDGELINE DEBUG] readFile cols=6 file=Segments/2.xyz rows=32
[EDGELINE DEBUG] Load PLY normals: Temp/Data/Pot_A/Pot_A_Piece_04_SampledWithNormals.ply
[1;33m[pcl::PLYReader] Temp/Data/Pot_A/Pot_A_Piece_04_SampledWithNormals.ply:25: property 'float32 focal' of element 'camera' is not handled
[0;m[1;33m[pcl::PLYReader] Temp/Data/Pot_A/Pot_A_Piece_04_SampledWithNormals.ply:26: property 'float32 scalex' of element 'camera' is not handled
[0;m[1;33m[pcl::PLYReader] Temp/Data/Pot_A/Pot_A_Piece_04_SampledWithNormals.ply:27: property 'float32 scaley' of element 'camera' is not handled
[0;m[1;33m[pcl::PLYReader] Temp/Data/Pot_A/Pot_A_Piece_04_SampledWithNormals.ply:28: property 'float32 centerx' of element 'camera' is not handled
[0;m[1;33m[pcl::PLYReader] Temp/Data/Pot_A/Pot_A_Piece_04_SampledWithNormals.ply:29: property 'float32 centery' of element 'camera' is not handled
[0;m[1;33m[pcl::PLYReader] Temp/Data/Pot_A/Pot_A_Piece_04_SampledWithNormals.ply:32: property 'float32 k1' of element 'camera' is not handled
[0;m[1;33m[pcl::PLYReader] Temp/Data/Pot_A/Pot_A_Piece_04_SampledWithNormals.ply:33: property 'float32 k2' of element 'camera' is not handled
[0;m[EDGELINE DEBUG] Loaded PointNormal PLY ok, size=10794
[EDGELINE DEBUG] readFile cols=6 file=Segments/3.xyz rows=40
[EDGELINE DEBUG] Load PLY normals: Temp/Data/Pot_A/Pot_A_Piece_04_SampledWithNormals.ply
[1;33m[pcl::PLYReader] Temp/Data/Pot_A/Pot_A_Piece_04_SampledWithNormals.ply:25: property 'float32 focal' of element 'camera' is not handled
[0;m[1;33m[pcl::PLYReader] Temp/Data/Pot_A/Pot_A_Piece_04_SampledWithNormals.ply:26: property 'float32 scalex' of element 'camera' is not handled
[0;m[1;33m[pcl::PLYReader] Temp/Data/Pot_A/Pot_A_Piece_04_SampledWithNormals.ply:27: property 'float32 scaley' of element 'camera' is not handled
[0;m[1;33m[pcl::PLYReader] Temp/Data/Pot_A/Pot_A_Piece_04_SampledWithNormals.ply:28: property 'float32 centerx' of element 'camera' is not handled
[0;m[1;33m[pcl::PLYReader] Temp/Data/Pot_A/Pot_A_Piece_04_SampledWithNormals.ply:29: property 'float32 centery' of element 'camera' is not handled
[0;m[1;33m[pcl::PLYReader] Temp/Data/Pot_A/Pot_A_Piece_04_SampledWithNormals.ply:32: property 'float32 k1' of element 'camera' is not handled
[0;m[1;33m[pcl::PLYReader] Temp/Data/Pot_A/Pot_A_Piece_04_SampledWithNormals.ply:33: property 'float32 k2' of element 'camera' is not handled
[0;m[EDGELINE DEBUG] Loaded PointNormal PLY ok, size=10794
[EDGELINE DEBUG] readFile cols=6 file=Segments/4.xyz rows=61
[EDGELINE DEBUG] Load PLY normals: Temp/Data/Pot_A/Pot_A_Piece_04_SampledWithNormals.ply
[1;33m[pcl::PLYReader] Temp/Data/Pot_A/Pot_A_Piece_04_SampledWithNormals.ply:25: property 'float32 focal' of element 'camera' is not handled
[0;m[1;33m[pcl::PLYReader] Temp/Data/Pot_A/Pot_A_Piece_04_SampledWithNormals.ply:26: property 'float32 scalex' of element 'camera' is not handled
[0;m[1;33m[pcl::PLYReader] Temp/Data/Pot_A/Pot_A_Piece_04_SampledWithNormals.ply:27: property 'float32 scaley' of element 'camera' is not handled
[0;m[1;33m[pcl::PLYReader] Temp/Data/Pot_A/Pot_A_Piece_04_SampledWithNormals.ply:28: property 'float32 centerx' of element 'camera' is not handled
[0;m[1;33m[pcl::PLYReader] Temp/Data/Pot_A/Pot_A_Piece_04_SampledWithNormals.ply:29: property 'float32 centery' of element 'camera' is not handled
[0;m[1;33m[pcl::PLYReader] Temp/Data/Pot_A/Pot_A_Piece_04_SampledWithNormals.ply:32: property 'float32 k1' of element 'camera' is not handled
[0;m[1;33m[pcl::PLYReader] Temp/Data/Pot_A/Pot_A_Piece_04_SampledWithNormals.ply:33: property 'float32 k2' of element 'camera' is not handled
[0;m[EDGELINE DEBUG] Loaded PointNormal PLY ok, size=10794
[EDGELINE DEBUG] readFile cols=6 file=Segments/5.xyz rows=35
[EDGELINE DEBUG] Load PLY normals: Temp/Data/Pot_A/Pot_A_Piece_04_SampledWithNormals.ply
[1;33m[pcl::PLYReader] Temp/Data/Pot_A/Pot_A_Piece_04_SampledWithNormals.ply:25: property 'float32 focal' of element 'camera' is not handled
[0;m[1;33m[pcl::PLYReader] Temp/Data/Pot_A/Pot_A_Piece_04_SampledWithNormals.ply:26: property 'float32 scalex' of element 'camera' is not handled
[0;m[1;33m[pcl::PLYReader] Temp/Data/Pot_A/Pot_A_Piece_04_SampledWithNormals.ply:27: property 'float32 scaley' of element 'camera' is not handled
[0;m[1;33m[pcl::PLYReader] Temp/Data/Pot_A/Pot_A_Piece_04_SampledWithNormals.ply:28: property 'float32 centerx' of element 'camera' is not handled
[0;m[1;33m[pcl::PLYReader] Temp/Data/Pot_A/Pot_A_Piece_04_SampledWithNormals.ply:29: property 'float32 centery' of element 'camera' is not handled
[0;m[1;33m[pcl::PLYReader] Temp/Data/Pot_A/Pot_A_Piece_04_SampledWithNormals.ply:32: property 'float32 k1' of element 'camera' is not handled
[0;m[1;33m[pcl::PLYReader] Temp/Data/Pot_A/Pot_A_Piece_04_SampledWithNormals.ply:33: property 'float32 k2' of element 'camera' is not handled
[0;m[EDGELINE DEBUG] Loaded PointNormal PLY ok, size=10794
[EDGELINE DEBUG] readFile cols=6 file=Segments/6.xyz rows=17
[EDGELINE DEBUG] Load PLY normals: Temp/Data/Pot_A/Pot_A_Piece_04_SampledWithNormals.ply
[1;33m[pcl::PLYReader] Temp/Data/Pot_A/Pot_A_Piece_04_SampledWithNormals.ply:25: property 'float32 focal' of element 'camera' is not handled
[0;m[1;33m[pcl::PLYReader] Temp/Data/Pot_A/Pot_A_Piece_04_SampledWithNormals.ply:26: property 'float32 scalex' of element 'camera' is not handled
[0;m[1;33m[pcl::PLYReader] Temp/Data/Pot_A/Pot_A_Piece_04_SampledWithNormals.ply:27: property 'float32 scaley' of element 'camera' is not handled
[0;m[1;33m[pcl::PLYReader] Temp/Data/Pot_A/Pot_A_Piece_04_SampledWithNormals.ply:28: property 'float32 centerx' of element 'camera' is not handled
[0;m[1;33m[pcl::PLYReader] Temp/Data/Pot_A/Pot_A_Piece_04_SampledWithNormals.ply:29: property 'float32 centery' of element 'camera' is not handled
[0;m[1;33m[pcl::PLYReader] Temp/Data/Pot_A/Pot_A_Piece_04_SampledWithNormals.ply:32: property 'float32 k1' of element 'camera' is not handled
[0;m[1;33m[pcl::PLYReader] Temp/Data/Pot_A/Pot_A_Piece_04_SampledWithNormals.ply:33: property 'float32 k2' of element 'camera' is not handled
[0;m[EDGELINE DEBUG] Loaded PointNormal PLY ok, size=10794
[EDGELINE DEBUG] processFragmentData surface=Temp/Data/Pot_A/Pot_A_Piece_05_Surface_0.xyz mesh=Temp/Data/Pot_A/Pot_A_Piece_05_Mesh.obj
[EDGELINE DEBUG] readFile cols=3 file=Temp/Temp_edge/Pot_A/pointCloudFromMesh.xyz rows=6650
[1;33m[pcl::PLYReader] Temp/Data/Pot_A/Pot_A_Piece_05_unclustered.ply:25: property 'float32 focal' of element 'camera' is not handled
[0;m[1;33m[pcl::PLYReader] Temp/Data/Pot_A/Pot_A_Piece_05_unclustered.ply:26: property 'float32 scalex' of element 'camera' is not handled
[0;m[1;33m[pcl::PLYReader] Temp/Data/Pot_A/Pot_A_Piece_05_unclustered.ply:27: property 'float32 scaley' of element 'camera' is not handled
[0;m[1;33m[pcl::PLYReader] Temp/Data/Pot_A/Pot_A_Piece_05_unclustered.ply:28: property 'float32 centerx' of element 'camera' is not handled
[0;m[1;33m[pcl::PLYReader] Temp/Data/Pot_A/Pot_A_Piece_05_unclustered.ply:29: property 'float32 centery' of element 'camera' is not handled
[0;m[1;33m[pcl::PLYReader] Temp/Data/Pot_A/Pot_A_Piece_05_unclustered.ply:32: property 'float32 k1' of element 'camera' is not handled
[0;m[1;33m[pcl::PLYReader] Temp/Data/Pot_A/Pot_A_Piece_05_unclustered.ply:33: property 'float32 k2' of element 'camera' is not handled
[0;m[1;33m[pcl::PLYReader] Temp/Temp_edge/Pot_A/_breakLineFromConcaveHull.ply:21: property 'float32 focal' of element 'camera' is not handled
[0;m[1;33m[pcl::PLYReader] Temp/Temp_edge/Pot_A/_breakLineFromConcaveHull.ply:22: property 'float32 scalex' of element 'camera' is not handled
[0;m[1;33m[pcl::PLYReader] Temp/Temp_edge/Pot_A/_breakLineFromConcaveHull.ply:23: property 'float32 scaley' of element 'camera' is not handled
[0;m[1;33m[pcl::PLYReader] Temp/Temp_edge/Pot_A/_breakLineFromConcaveHull.ply:24: property 'float32 centerx' of element 'camera' is not handled
[0;m[1;33m[pcl::PLYReader] Temp/Temp_edge/Pot_A/_breakLineFromConcaveHull.ply:25: property 'float32 centery' of element 'camera' is not handled
[0;m[1;33m[pcl::PLYReader] Temp/Temp_edge/Pot_A/_breakLineFromConcaveHull.ply:28: property 'float32 k1' of element 'camera' is not handled
[0;m[1;33m[pcl::PLYReader] Temp/Temp_edge/Pot_A/_breakLineFromConcaveHull.ply:29: property 'float32 k2' of element 'camera' is not handled
[0;m[1;33mFailed to find match for field 'normal_x'.
[0;m[1;33mFailed to find match for field 'normal_y'.
[0;m[1;33mFailed to find match for field 'normal_z'.
[0;m[1;33mFailed to find match for field 'curvature'.
[0;m[EDGELINE DEBUG] readFile cols=3 file=Temp/Temp_edge/Pot_A/CompleteBreakline.xyz rows=140
[EDGELINE DEBUG] detectSeparateLineSegments: file=Temp/Temp_edge/Pot_A/CompleteBreakline.xyz len=10
[EDGELINE DEBUG] readFile cols=3 file=Temp/Temp_edge/Pot_A/CompleteBreakline.xyz rows=140
[EDGELINE DEBUG] readFile cols=6 file=Temp/Temp_edge/Pot_A/CompleteBreakline.xyz rows=140
[EDGELINE DEBUG] b1 rows=140 cols=3 b1_withN rows=140 cols=6
[EDGELINE DEBUG] dist_scoreB1 size=160x1 distScoreOriginalLength size=140x1
[EDGELINE DEBUG] bCombined size=160x3
[EDGELINE DEBUG] readFile cols=6 file=Segments/1.xyz rows=33
[EDGELINE DEBUG] readFile cols=6 file=Segments/2.xyz rows=31
[EDGELINE DEBUG] readFile cols=6 file=Segments/3.xyz rows=47
[EDGELINE DEBUG] readFile cols=6 file=Segments/4.xyz rows=33
[EDGELINE DEBUG] detectedPeakIndices size=4
[EDGELINE DEBUG] Segments files count=4
[EDGELINE DEBUG] axisInfoAvailable=1 path=Dataset/Axes/Pot_A_Piece_05_Axis.xyz
[EDGELINE DEBUG] readFile cols=6 file=Segments/1.xyz rows=33
[DEBUG MATRIX] Segment file Segments/1.xyz matrix dimensions: 33x6
[DEBUG LOOP] Starting segment processing loop, rows=33 cols=6
[DEBUG ACCESS] i=0 accessing row 0 of 33x6 matrix
[DEBUG ACCESS] Accessing normals at i=0
[DEBUG ACCESS] i=1 accessing row 1 of 33x6 matrix
[DEBUG ACCESS] Accessing normals at i=1
[DEBUG ACCESS] i=2 accessing row 2 of 33x6 matrix
[DEBUG ACCESS] Accessing normals at i=2
[DEBUG ACCESS] i=3 accessing row 3 of 33x6 matrix
[DEBUG ACCESS] Accessing normals at i=3
[DEBUG ACCESS] i=4 accessing row 4 of 33x6 matrix
[DEBUG ACCESS] Accessing normals at i=4
[DEBUG ACCESS] i=5 accessing row 5 of 33x6 matrix
[DEBUG ACCESS] Accessing normals at i=5
[DEBUG ACCESS] i=6 accessing row 6 of 33x6 matrix
[DEBUG ACCESS] Accessing normals at i=6
[DEBUG ACCESS] i=7 accessing row 7 of 33x6 matrix
[DEBUG ACCESS] Accessing normals at i=7
[DEBUG ACCESS] i=8 accessing row 8 of 33x6 matrix
[DEBUG ACCESS] Accessing normals at i=8
[DEBUG ACCESS] i=9 accessing row 9 of 33x6 matrix
[DEBUG ACCESS] Accessing normals at i=9
[DEBUG ACCESS] i=10 accessing row 10 of 33x6 matrix
[DEBUG ACCESS] Accessing normals at i=10
[DEBUG ACCESS] i=11 accessing row 11 of 33x6 matrix
[DEBUG ACCESS] Accessing normals at i=11
[DEBUG ACCESS] i=12 accessing row 12 of 33x6 matrix
[DEBUG ACCESS] Accessing normals at i=12
[DEBUG ACCESS] i=13 accessing row 13 of 33x6 matrix
[DEBUG ACCESS] Accessing normals at i=13
[DEBUG ACCESS] i=14 accessing row 14 of 33x6 matrix
[DEBUG ACCESS] Accessing normals at i=14
[DEBUG ACCESS] i=15 accessing row 15 of 33x6 matrix
[DEBUG ACCESS] Accessing normals at i=15
[DEBUG ACCESS] i=16 accessing row 16 of 33x6 matrix
[DEBUG ACCESS] Accessing normals at i=16
[DEBUG ACCESS] i=17 accessing row 17 of 33x6 matrix
[DEBUG ACCESS] Accessing normals at i=17
[DEBUG ACCESS] i=18 accessing row 18 of 33x6 matrix
[DEBUG ACCESS] Accessing normals at i=18
[DEBUG ACCESS] i=19 accessing row 19 of 33x6 matrix
[DEBUG ACCESS] Accessing normals at i=19
[DEBUG ACCESS] i=20 accessing row 20 of 33x6 matrix
[DEBUG ACCESS] Accessing normals at i=20
[DEBUG ACCESS] i=21 accessing row 21 of 33x6 matrix
[DEBUG ACCESS] Accessing normals at i=21
[DEBUG ACCESS] i=22 accessing row 22 of 33x6 matrix
[DEBUG ACCESS] Accessing normals at i=22
[DEBUG ACCESS] i=23 accessing row 23 of 33x6 matrix
[DEBUG ACCESS] Accessing normals at i=23
[DEBUG ACCESS] i=24 accessing row 24 of 33x6 matrix
[DEBUG ACCESS] Accessing normals at i=24
[DEBUG ACCESS] i=25 accessing row 25 of 33x6 matrix
[DEBUG ACCESS] Accessing normals at i=25
[DEBUG ACCESS] i=26 accessing row 26 of 33x6 matrix
[DEBUG ACCESS] Accessing normals at i=26
[DEBUG ACCESS] i=27 accessing row 27 of 33x6 matrix
[DEBUG ACCESS] Accessing normals at i=27
[DEBUG ACCESS] i=28 accessing row 28 of 33x6 matrix
[DEBUG ACCESS] Accessing normals at i=28
[DEBUG ACCESS] i=29 accessing row 29 of 33x6 matrix
[DEBUG ACCESS] Accessing normals at i=29
[DEBUG ACCESS] i=30 accessing row 30 of 33x6 matrix
[DEBUG ACCESS] Accessing normals at i=30
[DEBUG ACCESS] i=31 accessing row 31 of 33x6 matrix
[DEBUG ACCESS] Accessing normals at i=31
[EDGELINE DEBUG] Load PLY normals: Temp/Data/Pot_A/Pot_A_Piece_05_SampledWithNormals.ply
[1;33m[pcl::PLYReader] Temp/Data/Pot_A/Pot_A_Piece_05_SampledWithNormals.ply:25: property 'float32 focal' of element 'camera' is not handled
[0;m[1;33m[pcl::PLYReader] Temp/Data/Pot_A/Pot_A_Piece_05_SampledWithNormals.ply:26: property 'float32 scalex' of element 'camera' is not handled
[0;m[1;33m[pcl::PLYReader] Temp/Data/Pot_A/Pot_A_Piece_05_SampledWithNormals.ply:27: property 'float32 scaley' of element 'camera' is not handled
[0;m[1;33m[pcl::PLYReader] Temp/Data/Pot_A/Pot_A_Piece_05_SampledWithNormals.ply:28: property 'float32 centerx' of element 'camera' is not handled
[0;m[1;33m[pcl::PLYReader] Temp/Data/Pot_A/Pot_A_Piece_05_SampledWithNormals.ply:29: property 'float32 centery' of element 'camera' is not handled
[0;m[1;33m[pcl::PLYReader] Temp/Data/Pot_A/Pot_A_Piece_05_SampledWithNormals.ply:32: property 'float32 k1' of element 'camera' is not handled
[0;m[1;33m[pcl::PLYReader] Temp/Data/Pot_A/Pot_A_Piece_05_SampledWithNormals.ply:33: property 'float32 k2' of element 'camera' is not handled
[0;m[EDGELINE DEBUG] Loaded PointNormal PLY ok, size=8491
[DEBUG AXIS PATH] Using axis file: Dataset/Axes/Pot_A_Piece_05_Axis.xyz
[EDGELINE DEBUG] readFile cols=6 file=Segments/2.xyz rows=31
[DEBUG MATRIX] Segment file Segments/2.xyz matrix dimensions: 31x6
[DEBUG LOOP] Starting segment processing loop, rows=31 cols=6
[DEBUG ACCESS] i=0 accessing row 0 of 31x6 matrix
[DEBUG ACCESS] Accessing normals at i=0
[DEBUG ACCESS] i=1 accessing row 1 of 31x6 matrix
[DEBUG ACCESS] Accessing normals at i=1
[DEBUG ACCESS] i=2 accessing row 2 of 31x6 matrix
[DEBUG ACCESS] Accessing normals at i=2
[DEBUG ACCESS] i=3 accessing row 3 of 31x6 matrix
[DEBUG ACCESS] Accessing normals at i=3
[DEBUG ACCESS] i=4 accessing row 4 of 31x6 matrix
[DEBUG ACCESS] Accessing normals at i=4
[DEBUG ACCESS] i=5 accessing row 5 of 31x6 matrix
[DEBUG ACCESS] Accessing normals at i=5
[DEBUG ACCESS] i=6 accessing row 6 of 31x6 matrix
[DEBUG ACCESS] Accessing normals at i=6
[DEBUG ACCESS] i=7 accessing row 7 of 31x6 matrix
[DEBUG ACCESS] Accessing normals at i=7
[DEBUG ACCESS] i=8 accessing row 8 of 31x6 matrix
[DEBUG ACCESS] Accessing normals at i=8
[DEBUG ACCESS] i=9 accessing row 9 of 31x6 matrix
[DEBUG ACCESS] Accessing normals at i=9
[DEBUG ACCESS] i=10 accessing row 10 of 31x6 matrix
[DEBUG ACCESS] Accessing normals at i=10
[DEBUG ACCESS] i=11 accessing row 11 of 31x6 matrix
[DEBUG ACCESS] Accessing normals at i=11
[DEBUG ACCESS] i=12 accessing row 12 of 31x6 matrix
[DEBUG ACCESS] Accessing normals at i=12
[DEBUG ACCESS] i=13 accessing row 13 of 31x6 matrix
[DEBUG ACCESS] Accessing normals at i=13
[DEBUG ACCESS] i=14 accessing row 14 of 31x6 matrix
[DEBUG ACCESS] Accessing normals at i=14
[DEBUG ACCESS] i=15 accessing row 15 of 31x6 matrix
[DEBUG ACCESS] Accessing normals at i=15
[DEBUG ACCESS] i=16 accessing row 16 of 31x6 matrix
[DEBUG ACCESS] Accessing normals at i=16
[DEBUG ACCESS] i=17 accessing row 17 of 31x6 matrix
[DEBUG ACCESS] Accessing normals at i=17
[DEBUG ACCESS] i=18 accessing row 18 of 31x6 matrix
[DEBUG ACCESS] Accessing normals at i=18
[DEBUG ACCESS] i=19 accessing row 19 of 31x6 matrix
[DEBUG ACCESS] Accessing normals at i=19
[DEBUG ACCESS] i=20 accessing row 20 of 31x6 matrix
[DEBUG ACCESS] Accessing normals at i=20
[DEBUG ACCESS] i=21 accessing row 21 of 31x6 matrix
[DEBUG ACCESS] Accessing normals at i=21
[DEBUG ACCESS] i=22 accessing row 22 of 31x6 matrix
[DEBUG ACCESS] Accessing normals at i=22
[DEBUG ACCESS] i=23 accessing row 23 of 31x6 matrix
[DEBUG ACCESS] Accessing normals at i=23
[DEBUG ACCESS] i=24 accessing row 24 of 31x6 matrix
[DEBUG ACCESS] Accessing normals at i=24
[DEBUG ACCESS] i=25 accessing row 25 of 31x6 matrix
[DEBUG ACCESS] Accessing normals at i=25
[DEBUG ACCESS] i=26 accessing row 26 of 31x6 matrix
[DEBUG ACCESS] Accessing normals at i=26
[DEBUG ACCESS] i=27 accessing row 27 of 31x6 matrix
[DEBUG ACCESS] Accessing normals at i=27
[DEBUG ACCESS] i=28 accessing row 28 of 31x6 matrix
[DEBUG ACCESS] Accessing normals at i=28
[DEBUG ACCESS] i=29 accessing row 29 of 31x6 matrix
[DEBUG ACCESS] Accessing normals at i=29
[EDGELINE DEBUG] Load PLY normals: Temp/Data/Pot_A/Pot_A_Piece_05_SampledWithNormals.ply
[1;33m[pcl::PLYReader] Temp/Data/Pot_A/Pot_A_Piece_05_SampledWithNormals.ply:25: property 'float32 focal' of element 'camera' is not handled
[0;m[1;33m[pcl::PLYReader] Temp/Data/Pot_A/Pot_A_Piece_05_SampledWithNormals.ply:26: property 'float32 scalex' of element 'camera' is not handled
[0;m[1;33m[pcl::PLYReader] Temp/Data/Pot_A/Pot_A_Piece_05_SampledWithNormals.ply:27: property 'float32 scaley' of element 'camera' is not handled
[0;m[1;33m[pcl::PLYReader] Temp/Data/Pot_A/Pot_A_Piece_05_SampledWithNormals.ply:28: property 'float32 centerx' of element 'camera' is not handled
[0;m[1;33m[pcl::PLYReader] Temp/Data/Pot_A/Pot_A_Piece_05_SampledWithNormals.ply:29: property 'float32 centery' of element 'camera' is not handled
[0;m[1;33m[pcl::PLYReader] Temp/Data/Pot_A/Pot_A_Piece_05_SampledWithNormals.ply:32: property 'float32 k1' of element 'camera' is not handled
[0;m[1;33m[pcl::PLYReader] Temp/Data/Pot_A/Pot_A_Piece_05_SampledWithNormals.ply:33: property 'float32 k2' of element 'camera' is not handled
[0;m[EDGELINE DEBUG] Loaded PointNormal PLY ok, size=8491
[DEBUG AXIS PATH] Using axis file: Dataset/Axes/Pot_A_Piece_05_Axis.xyz
[EDGELINE DEBUG] readFile cols=6 file=Segments/3.xyz rows=47
[DEBUG MATRIX] Segment file Segments/3.xyz matrix dimensions: 47x6
[DEBUG LOOP] Starting segment processing loop, rows=47 cols=6
[DEBUG ACCESS] i=0 accessing row 0 of 47x6 matrix
[DEBUG ACCESS] Accessing normals at i=0
[DEBUG ACCESS] i=1 accessing row 1 of 47x6 matrix
[DEBUG ACCESS] Accessing normals at i=1
[DEBUG ACCESS] i=2 accessing row 2 of 47x6 matrix
[DEBUG ACCESS] Accessing normals at i=2
[DEBUG ACCESS] i=3 accessing row 3 of 47x6 matrix
[DEBUG ACCESS] Accessing normals at i=3
[DEBUG ACCESS] i=4 accessing row 4 of 47x6 matrix
[DEBUG ACCESS] Accessing normals at i=4
[DEBUG ACCESS] i=5 accessing row 5 of 47x6 matrix
[DEBUG ACCESS] Accessing normals at i=5
[DEBUG ACCESS] i=6 accessing row 6 of 47x6 matrix
[DEBUG ACCESS] Accessing normals at i=6
[DEBUG ACCESS] i=7 accessing row 7 of 47x6 matrix
[DEBUG ACCESS] Accessing normals at i=7
[DEBUG ACCESS] i=8 accessing row 8 of 47x6 matrix
[DEBUG ACCESS] Accessing normals at i=8
[DEBUG ACCESS] i=9 accessing row 9 of 47x6 matrix
[DEBUG ACCESS] Accessing normals at i=9
[DEBUG ACCESS] i=10 accessing row 10 of 47x6 matrix
[DEBUG ACCESS] Accessing normals at i=10
[DEBUG ACCESS] i=11 accessing row 11 of 47x6 matrix
[DEBUG ACCESS] Accessing normals at i=11
[DEBUG ACCESS] i=12 accessing row 12 of 47x6 matrix
[DEBUG ACCESS] Accessing normals at i=12
[DEBUG ACCESS] i=13 accessing row 13 of 47x6 matrix
[DEBUG ACCESS] Accessing normals at i=13
[DEBUG ACCESS] i=14 accessing row 14 of 47x6 matrix
[DEBUG ACCESS] Accessing normals at i=14
[DEBUG ACCESS] i=15 accessing row 15 of 47x6 matrix
[DEBUG ACCESS] Accessing normals at i=15
[DEBUG ACCESS] i=16 accessing row 16 of 47x6 matrix
[DEBUG ACCESS] Accessing normals at i=16
[DEBUG ACCESS] i=17 accessing row 17 of 47x6 matrix
[DEBUG ACCESS] Accessing normals at i=17
[DEBUG ACCESS] i=18 accessing row 18 of 47x6 matrix
[DEBUG ACCESS] Accessing normals at i=18
[DEBUG ACCESS] i=19 accessing row 19 of 47x6 matrix
[DEBUG ACCESS] Accessing normals at i=19
[DEBUG ACCESS] i=20 accessing row 20 of 47x6 matrix
[DEBUG ACCESS] Accessing normals at i=20
[DEBUG ACCESS] i=21 accessing row 21 of 47x6 matrix
[DEBUG ACCESS] Accessing normals at i=21
[DEBUG ACCESS] i=22 accessing row 22 of 47x6 matrix
[DEBUG ACCESS] Accessing normals at i=22
[DEBUG ACCESS] i=23 accessing row 23 of 47x6 matrix
[DEBUG ACCESS] Accessing normals at i=23
[DEBUG ACCESS] i=24 accessing row 24 of 47x6 matrix
[DEBUG ACCESS] Accessing normals at i=24
[DEBUG ACCESS] i=25 accessing row 25 of 47x6 matrix
[DEBUG ACCESS] Accessing normals at i=25
[DEBUG ACCESS] i=26 accessing row 26 of 47x6 matrix
[DEBUG ACCESS] Accessing normals at i=26
[DEBUG ACCESS] i=27 accessing row 27 of 47x6 matrix
[DEBUG ACCESS] Accessing normals at i=27
[DEBUG ACCESS] i=28 accessing row 28 of 47x6 matrix
[DEBUG ACCESS] Accessing normals at i=28
[DEBUG ACCESS] i=29 accessing row 29 of 47x6 matrix
[DEBUG ACCESS] Accessing normals at i=29
[DEBUG ACCESS] i=30 accessing row 30 of 47x6 matrix
[DEBUG ACCESS] Accessing normals at i=30
[DEBUG ACCESS] i=31 accessing row 31 of 47x6 matrix
[DEBUG ACCESS] Accessing normals at i=31
[DEBUG ACCESS] i=32 accessing row 32 of 47x6 matrix
[DEBUG ACCESS] Accessing normals at i=32
[DEBUG ACCESS] i=33 accessing row 33 of 47x6 matrix
[DEBUG ACCESS] Accessing normals at i=33
[DEBUG ACCESS] i=34 accessing row 34 of 47x6 matrix
[DEBUG ACCESS] Accessing normals at i=34
[DEBUG ACCESS] i=35 accessing row 35 of 47x6 matrix
[DEBUG ACCESS] Accessing normals at i=35
[DEBUG ACCESS] i=36 accessing row 36 of 47x6 matrix
[DEBUG ACCESS] Accessing normals at i=36
[DEBUG ACCESS] i=37 accessing row 37 of 47x6 matrix
[DEBUG ACCESS] Accessing normals at i=37
[DEBUG ACCESS] i=38 accessing row 38 of 47x6 matrix
[DEBUG ACCESS] Accessing normals at i=38
[DEBUG ACCESS] i=39 accessing row 39 of 47x6 matrix
[DEBUG ACCESS] Accessing normals at i=39
[DEBUG ACCESS] i=40 accessing row 40 of 47x6 matrix
[DEBUG ACCESS] Accessing normals at i=40
[DEBUG ACCESS] i=41 accessing row 41 of 47x6 matrix
[DEBUG ACCESS] Accessing normals at i=41
[DEBUG ACCESS] i=42 accessing row 42 of 47x6 matrix
[DEBUG ACCESS] Accessing normals at i=42
[DEBUG ACCESS] i=43 accessing row 43 of 47x6 matrix
[DEBUG ACCESS] Accessing normals at i=43
[DEBUG ACCESS] i=44 accessing row 44 of 47x6 matrix
[DEBUG ACCESS] Accessing normals at i=44
[DEBUG ACCESS] i=45 accessing row 45 of 47x6 matrix
[DEBUG ACCESS] Accessing normals at i=45
[EDGELINE DEBUG] Load PLY normals: Temp/Data/Pot_A/Pot_A_Piece_05_SampledWithNormals.ply
[1;33m[pcl::PLYReader] Temp/Data/Pot_A/Pot_A_Piece_05_SampledWithNormals.ply:25: property 'float32 focal' of element 'camera' is not handled
[0;m[1;33m[pcl::PLYReader] Temp/Data/Pot_A/Pot_A_Piece_05_SampledWithNormals.ply:26: property 'float32 scalex' of element 'camera' is not handled
[0;m[1;33m[pcl::PLYReader] Temp/Data/Pot_A/Pot_A_Piece_05_SampledWithNormals.ply:27: property 'float32 scaley' of element 'camera' is not handled
[0;m[1;33m[pcl::PLYReader] Temp/Data/Pot_A/Pot_A_Piece_05_SampledWithNormals.ply:28: property 'float32 centerx' of element 'camera' is not handled
[0;m[1;33m[pcl::PLYReader] Temp/Data/Pot_A/Pot_A_Piece_05_SampledWithNormals.ply:29: property 'float32 centery' of element 'camera' is not handled
[0;m[1;33m[pcl::PLYReader] Temp/Data/Pot_A/Pot_A_Piece_05_SampledWithNormals.ply:32: property 'float32 k1' of element 'camera' is not handled
[0;m[1;33m[pcl::PLYReader] Temp/Data/Pot_A/Pot_A_Piece_05_SampledWithNormals.ply:33: property 'float32 k2' of element 'camera' is not handled
[0;m[EDGELINE DEBUG] Loaded PointNormal PLY ok, size=8491
[DEBUG AXIS PATH] Using axis file: Dataset/Axes/Pot_A_Piece_05_Axis.xyz
[EDGELINE DEBUG] readFile cols=6 file=Segments/4.xyz rows=33
[DEBUG MATRIX] Segment file Segments/4.xyz matrix dimensions: 33x6
[DEBUG LOOP] Starting segment processing loop, rows=33 cols=6
[DEBUG ACCESS] i=0 accessing row 0 of 33x6 matrix
[DEBUG ACCESS] Accessing normals at i=0
[DEBUG ACCESS] i=1 accessing row 1 of 33x6 matrix
[DEBUG ACCESS] Accessing normals at i=1
[DEBUG ACCESS] i=2 accessing row 2 of 33x6 matrix
[DEBUG ACCESS] Accessing normals at i=2
[DEBUG ACCESS] i=3 accessing row 3 of 33x6 matrix
[DEBUG ACCESS] Accessing normals at i=3
[DEBUG ACCESS] i=4 accessing row 4 of 33x6 matrix
[DEBUG ACCESS] Accessing normals at i=4
[DEBUG ACCESS] i=5 accessing row 5 of 33x6 matrix
[DEBUG ACCESS] Accessing normals at i=5
[DEBUG ACCESS] i=6 accessing row 6 of 33x6 matrix
[DEBUG ACCESS] Accessing normals at i=6
[DEBUG ACCESS] i=7 accessing row 7 of 33x6 matrix
[DEBUG ACCESS] Accessing normals at i=7
[DEBUG ACCESS] i=8 accessing row 8 of 33x6 matrix
[DEBUG ACCESS] Accessing normals at i=8
[DEBUG ACCESS] i=9 accessing row 9 of 33x6 matrix
[DEBUG ACCESS] Accessing normals at i=9
[DEBUG ACCESS] i=10 accessing row 10 of 33x6 matrix
[DEBUG ACCESS] Accessing normals at i=10
[DEBUG ACCESS] i=11 accessing row 11 of 33x6 matrix
[DEBUG ACCESS] Accessing normals at i=11
[DEBUG ACCESS] i=12 accessing row 12 of 33x6 matrix
[DEBUG ACCESS] Accessing normals at i=12
[DEBUG ACCESS] i=13 accessing row 13 of 33x6 matrix
[DEBUG ACCESS] Accessing normals at i=13
[DEBUG ACCESS] i=14 accessing row 14 of 33x6 matrix
[DEBUG ACCESS] Accessing normals at i=14
[DEBUG ACCESS] i=15 accessing row 15 of 33x6 matrix
[DEBUG ACCESS] Accessing normals at i=15
[DEBUG ACCESS] i=16 accessing row 16 of 33x6 matrix
[DEBUG ACCESS] Accessing normals at i=16
[DEBUG ACCESS] i=17 accessing row 17 of 33x6 matrix
[DEBUG ACCESS] Accessing normals at i=17
[DEBUG ACCESS] i=18 accessing row 18 of 33x6 matrix
[DEBUG ACCESS] Accessing normals at i=18
[DEBUG ACCESS] i=19 accessing row 19 of 33x6 matrix
[DEBUG ACCESS] Accessing normals at i=19
[DEBUG ACCESS] i=20 accessing row 20 of 33x6 matrix
[DEBUG ACCESS] Accessing normals at i=20
[DEBUG ACCESS] i=21 accessing row 21 of 33x6 matrix
[DEBUG ACCESS] Accessing normals at i=21
[DEBUG ACCESS] i=22 accessing row 22 of 33x6 matrix
[DEBUG ACCESS] Accessing normals at i=22
[DEBUG ACCESS] i=23 accessing row 23 of 33x6 matrix
[DEBUG ACCESS] Accessing normals at i=23
[DEBUG ACCESS] i=24 accessing row 24 of 33x6 matrix
[DEBUG ACCESS] Accessing normals at i=24
[DEBUG ACCESS] i=25 accessing row 25 of 33x6 matrix
[DEBUG ACCESS] Accessing normals at i=25
[DEBUG ACCESS] i=26 accessing row 26 of 33x6 matrix
[DEBUG ACCESS] Accessing normals at i=26
[DEBUG ACCESS] i=27 accessing row 27 of 33x6 matrix
[DEBUG ACCESS] Accessing normals at i=27
[DEBUG ACCESS] i=28 accessing row 28 of 33x6 matrix
[DEBUG ACCESS] Accessing normals at i=28
[DEBUG ACCESS] i=29 accessing row 29 of 33x6 matrix
[DEBUG ACCESS] Accessing normals at i=29
[DEBUG ACCESS] i=30 accessing row 30 of 33x6 matrix
[DEBUG ACCESS] Accessing normals at i=30
[DEBUG ACCESS] i=31 accessing row 31 of 33x6 matrix
[DEBUG ACCESS] Accessing normals at i=31
[EDGELINE DEBUG] Load PLY normals: Temp/Data/Pot_A/Pot_A_Piece_05_SampledWithNormals.ply
[1;33m[pcl::PLYReader] Temp/Data/Pot_A/Pot_A_Piece_05_SampledWithNormals.ply:25: property 'float32 focal' of element 'camera' is not handled
[0;m[1;33m[pcl::PLYReader] Temp/Data/Pot_A/Pot_A_Piece_05_SampledWithNormals.ply:26: property 'float32 scalex' of element 'camera' is not handled
[0;m[1;33m[pcl::PLYReader] Temp/Data/Pot_A/Pot_A_Piece_05_SampledWithNormals.ply:27: property 'float32 scaley' of element 'camera' is not handled
[0;m[1;33m[pcl::PLYReader] Temp/Data/Pot_A/Pot_A_Piece_05_SampledWithNormals.ply:28: property 'float32 centerx' of element 'camera' is not handled
[0;m[1;33m[pcl::PLYReader] Temp/Data/Pot_A/Pot_A_Piece_05_SampledWithNormals.ply:29: property 'float32 centery' of element 'camera' is not handled
[0;m[1;33m[pcl::PLYReader] Temp/Data/Pot_A/Pot_A_Piece_05_SampledWithNormals.ply:32: property 'float32 k1' of element 'camera' is not handled
[0;m[1;33m[pcl::PLYReader] Temp/Data/Pot_A/Pot_A_Piece_05_SampledWithNormals.ply:33: property 'float32 k2' of element 'camera' is not handled
[0;m[EDGELINE DEBUG] Loaded PointNormal PLY ok, size=8491
[DEBUG AXIS PATH] Using axis file: Dataset/Axes/Pot_A_Piece_05_Axis.xyz
[EDGELINE DEBUG] readFile cols=6 file=Segments/1.xyz rows=33
[EDGELINE DEBUG] Load PLY normals: Temp/Data/Pot_A/Pot_A_Piece_05_SampledWithNormals.ply
[1;33m[pcl::PLYReader] Temp/Data/Pot_A/Pot_A_Piece_05_SampledWithNormals.ply:25: property 'float32 focal' of element 'camera' is not handled
[0;m[1;33m[pcl::PLYReader] Temp/Data/Pot_A/Pot_A_Piece_05_SampledWithNormals.ply:26: property 'float32 scalex' of element 'camera' is not handled
[0;m[1;33m[pcl::PLYReader] Temp/Data/Pot_A/Pot_A_Piece_05_SampledWithNormals.ply:27: property 'float32 scaley' of element 'camera' is not handled
[0;m[1;33m[pcl::PLYReader] Temp/Data/Pot_A/Pot_A_Piece_05_SampledWithNormals.ply:28: property 'float32 centerx' of element 'camera' is not handled
[0;m[1;33m[pcl::PLYReader] Temp/Data/Pot_A/Pot_A_Piece_05_SampledWithNormals.ply:29: property 'float32 centery' of element 'camera' is not handled
[0;m[1;33m[pcl::PLYReader] Temp/Data/Pot_A/Pot_A_Piece_05_SampledWithNormals.ply:32: property 'float32 k1' of element 'camera' is not handled
[0;m[1;33m[pcl::PLYReader] Temp/Data/Pot_A/Pot_A_Piece_05_SampledWithNormals.ply:33: property 'float32 k2' of element 'camera' is not handled
[0;m[EDGELINE DEBUG] Loaded PointNormal PLY ok, size=8491
[EDGELINE DEBUG] readFile cols=6 file=Segments/2.xyz rows=31
[EDGELINE DEBUG] Load PLY normals: Temp/Data/Pot_A/Pot_A_Piece_05_SampledWithNormals.ply
[1;33m[pcl::PLYReader] Temp/Data/Pot_A/Pot_A_Piece_05_SampledWithNormals.ply:25: property 'float32 focal' of element 'camera' is not handled
[0;m[1;33m[pcl::PLYReader] Temp/Data/Pot_A/Pot_A_Piece_05_SampledWithNormals.ply:26: property 'float32 scalex' of element 'camera' is not handled
[0;m[1;33m[pcl::PLYReader] Temp/Data/Pot_A/Pot_A_Piece_05_SampledWithNormals.ply:27: property 'float32 scaley' of element 'camera' is not handled
[0;m[1;33m[pcl::PLYReader] Temp/Data/Pot_A/Pot_A_Piece_05_SampledWithNormals.ply:28: property 'float32 centerx' of element 'camera' is not handled
[0;m[1;33m[pcl::PLYReader] Temp/Data/Pot_A/Pot_A_Piece_05_SampledWithNormals.ply:29: property 'float32 centery' of element 'camera' is not handled
[0;m[1;33m[pcl::PLYReader] Temp/Data/Pot_A/Pot_A_Piece_05_SampledWithNormals.ply:32: property 'float32 k1' of element 'camera' is not handled
[0;m[1;33m[pcl::PLYReader] Temp/Data/Pot_A/Pot_A_Piece_05_SampledWithNormals.ply:33: property 'float32 k2' of element 'camera' is not handled
[0;m[EDGELINE DEBUG] Loaded PointNormal PLY ok, size=8491
[EDGELINE DEBUG] readFile cols=6 file=Segments/3.xyz rows=47
[EDGELINE DEBUG] Load PLY normals: Temp/Data/Pot_A/Pot_A_Piece_05_SampledWithNormals.ply
[1;33m[pcl::PLYReader] Temp/Data/Pot_A/Pot_A_Piece_05_SampledWithNormals.ply:25: property 'float32 focal' of element 'camera' is not handled
[0;m[1;33m[pcl::PLYReader] Temp/Data/Pot_A/Pot_A_Piece_05_SampledWithNormals.ply:26: property 'float32 scalex' of element 'camera' is not handled
[0;m[1;33m[pcl::PLYReader] Temp/Data/Pot_A/Pot_A_Piece_05_SampledWithNormals.ply:27: property 'float32 scaley' of element 'camera' is not handled
[0;m[1;33m[pcl::PLYReader] Temp/Data/Pot_A/Pot_A_Piece_05_SampledWithNormals.ply:28: property 'float32 centerx' of element 'camera' is not handled
[0;m[1;33m[pcl::PLYReader] Temp/Data/Pot_A/Pot_A_Piece_05_SampledWithNormals.ply:29: property 'float32 centery' of element 'camera' is not handled
[0;m[1;33m[pcl::PLYReader] Temp/Data/Pot_A/Pot_A_Piece_05_SampledWithNormals.ply:32: property 'float32 k1' of element 'camera' is not handled
[0;m[1;33m[pcl::PLYReader] Temp/Data/Pot_A/Pot_A_Piece_05_SampledWithNormals.ply:33: property 'float32 k2' of element 'camera' is not handled
[0;m[EDGELINE DEBUG] Loaded PointNormal PLY ok, size=8491
[EDGELINE DEBUG] readFile cols=6 file=Segments/4.xyz rows=33
[EDGELINE DEBUG] Load PLY normals: Temp/Data/Pot_A/Pot_A_Piece_05_SampledWithNormals.ply
[1;33m[pcl::PLYReader] Temp/Data/Pot_A/Pot_A_Piece_05_SampledWithNormals.ply:25: property 'float32 focal' of element 'camera' is not handled
[0;m[1;33m[pcl::PLYReader] Temp/Data/Pot_A/Pot_A_Piece_05_SampledWithNormals.ply:26: property 'float32 scalex' of element 'camera' is not handled
[0;m[1;33m[pcl::PLYReader] Temp/Data/Pot_A/Pot_A_Piece_05_SampledWithNormals.ply:27: property 'float32 scaley' of element 'camera' is not handled
[0;m[1;33m[pcl::PLYReader] Temp/Data/Pot_A/Pot_A_Piece_05_SampledWithNormals.ply:28: property 'float32 centerx' of element 'camera' is not handled
[0;m[1;33m[pcl::PLYReader] Temp/Data/Pot_A/Pot_A_Piece_05_SampledWithNormals.ply:29: property 'float32 centery' of element 'camera' is not handled
[0;m[1;33m[pcl::PLYReader] Temp/Data/Pot_A/Pot_A_Piece_05_SampledWithNormals.ply:32: property 'float32 k1' of element 'camera' is not handled
[0;m[1;33m[pcl::PLYReader] Temp/Data/Pot_A/Pot_A_Piece_05_SampledWithNormals.ply:33: property 'float32 k2' of element 'camera' is not handled
[0;m[EDGELINE DEBUG] Loaded PointNormal PLY ok, size=8491
[EDGELINE DEBUG] processFragmentData surface=Temp/Data/Pot_A/Pot_A_Piece_05_Surface_1.xyz mesh=Temp/Data/Pot_A/Pot_A_Piece_05_Mesh.obj
[EDGELINE DEBUG] readFile cols=3 file=Temp/Temp_edge/Pot_A/pointCloudFromMesh.xyz rows=6550
[1;33m[pcl::PLYReader] Temp/Data/Pot_A/Pot_A_Piece_05_unclustered.ply:25: property 'float32 focal' of element 'camera' is not handled
[0;m[1;33m[pcl::PLYReader] Temp/Data/Pot_A/Pot_A_Piece_05_unclustered.ply:26: property 'float32 scalex' of element 'camera' is not handled
[0;m[1;33m[pcl::PLYReader] Temp/Data/Pot_A/Pot_A_Piece_05_unclustered.ply:27: property 'float32 scaley' of element 'camera' is not handled
[0;m[1;33m[pcl::PLYReader] Temp/Data/Pot_A/Pot_A_Piece_05_unclustered.ply:28: property 'float32 centerx' of element 'camera' is not handled
[0;m[1;33m[pcl::PLYReader] Temp/Data/Pot_A/Pot_A_Piece_05_unclustered.ply:29: property 'float32 centery' of element 'camera' is not handled
[0;m[1;33m[pcl::PLYReader] Temp/Data/Pot_A/Pot_A_Piece_05_unclustered.ply:32: property 'float32 k1' of element 'camera' is not handled
[0;m[1;33m[pcl::PLYReader] Temp/Data/Pot_A/Pot_A_Piece_05_unclustered.ply:33: property 'float32 k2' of element 'camera' is not handled
[0;m[1;33m[pcl::PLYReader] Temp/Temp_edge/Pot_A/_breakLineFromConcaveHull.ply:21: property 'float32 focal' of element 'camera' is not handled
[0;m[1;33m[pcl::PLYReader] Temp/Temp_edge/Pot_A/_breakLineFromConcaveHull.ply:22: property 'float32 scalex' of element 'camera' is not handled
[0;m[1;33m[pcl::PLYReader] Temp/Temp_edge/Pot_A/_breakLineFromConcaveHull.ply:23: property 'float32 scaley' of element 'camera' is not handled
[0;m[1;33m[pcl::PLYReader] Temp/Temp_edge/Pot_A/_breakLineFromConcaveHull.ply:24: property 'float32 centerx' of element 'camera' is not handled
[0;m[1;33m[pcl::PLYReader] Temp/Temp_edge/Pot_A/_breakLineFromConcaveHull.ply:25: property 'float32 centery' of element 'camera' is not handled
[0;m[1;33m[pcl::PLYReader] Temp/Temp_edge/Pot_A/_breakLineFromConcaveHull.ply:28: property 'float32 k1' of element 'camera' is not handled
[0;m[1;33m[pcl::PLYReader] Temp/Temp_edge/Pot_A/_breakLineFromConcaveHull.ply:29: property 'float32 k2' of element 'camera' is not handled
[0;m[1;33mFailed to find match for field 'normal_x'.
[0;m[1;33mFailed to find match for field 'normal_y'.
[0;m[1;33mFailed to find match for field 'normal_z'.
[0;m[1;33mFailed to find match for field 'curvature'.
[0;m[EDGELINE DEBUG] readFile cols=3 file=Temp/Temp_edge/Pot_A/CompleteBreakline.xyz rows=43
[EDGELINE DEBUG] detectSeparateLineSegments: file=Temp/Temp_edge/Pot_A/CompleteBreakline.xyz len=5
[EDGELINE DEBUG] readFile cols=3 file=Temp/Temp_edge/Pot_A/CompleteBreakline.xyz rows=43
[EDGELINE DEBUG] readFile cols=6 file=Temp/Temp_edge/Pot_A/CompleteBreakline.xyz rows=43
[EDGELINE DEBUG] b1 rows=43 cols=3 b1_withN rows=43 cols=6
[EDGELINE DEBUG] dist_scoreB1 size=53x1 distScoreOriginalLength size=43x1
[EDGELINE DEBUG] bCombined size=53x3
[EDGELINE DEBUG] readFile cols=6 file=Segments/1.xyz rows=8
[EDGELINE DEBUG] readFile cols=6 file=Segments/2.xyz rows=10
[EDGELINE DEBUG] readFile cols=6 file=Segments/3.xyz rows=28
[EDGELINE DEBUG] detectedPeakIndices size=3
[EDGELINE DEBUG] Segments files count=3
[EDGELINE DEBUG] axisInfoAvailable=1 path=Dataset/Axes/Pot_A_Piece_05_Axis.xyz
[EDGELINE DEBUG] readFile cols=6 file=Segments/1.xyz rows=8
[DEBUG MATRIX] Segment file Segments/1.xyz matrix dimensions: 8x6
[DEBUG LOOP] Starting segment processing loop, rows=8 cols=6
[DEBUG ACCESS] i=0 accessing row 0 of 8x6 matrix
[DEBUG ACCESS] Accessing normals at i=0
[DEBUG ACCESS] i=1 accessing row 1 of 8x6 matrix
[DEBUG ACCESS] Accessing normals at i=1
[DEBUG ACCESS] i=2 accessing row 2 of 8x6 matrix
[DEBUG ACCESS] Accessing normals at i=2
[DEBUG ACCESS] i=3 accessing row 3 of 8x6 matrix
[DEBUG ACCESS] Accessing normals at i=3
[DEBUG ACCESS] i=4 accessing row 4 of 8x6 matrix
[DEBUG ACCESS] Accessing normals at i=4
[DEBUG ACCESS] i=5 accessing row 5 of 8x6 matrix
[DEBUG ACCESS] Accessing normals at i=5
[DEBUG ACCESS] i=6 accessing row 6 of 8x6 matrix
[DEBUG ACCESS] Accessing normals at i=6
[EDGELINE DEBUG] Load PLY normals: Temp/Data/Pot_A/Pot_A_Piece_05_SampledWithNormals.ply
[1;33m[pcl::PLYReader] Temp/Data/Pot_A/Pot_A_Piece_05_SampledWithNormals.ply:25: property 'float32 focal' of element 'camera' is not handled
[0;m[1;33m[pcl::PLYReader] Temp/Data/Pot_A/Pot_A_Piece_05_SampledWithNormals.ply:26: property 'float32 scalex' of element 'camera' is not handled
[0;m[1;33m[pcl::PLYReader] Temp/Data/Pot_A/Pot_A_Piece_05_SampledWithNormals.ply:27: property 'float32 scaley' of element 'camera' is not handled
[0;m[1;33m[pcl::PLYReader] Temp/Data/Pot_A/Pot_A_Piece_05_SampledWithNormals.ply:28: property 'float32 centerx' of element 'camera' is not handled
[0;m[1;33m[pcl::PLYReader] Temp/Data/Pot_A/Pot_A_Piece_05_SampledWithNormals.ply:29: property 'float32 centery' of element 'camera' is not handled
[0;m[1;33m[pcl::PLYReader] Temp/Data/Pot_A/Pot_A_Piece_05_SampledWithNormals.ply:32: property 'float32 k1' of element 'camera' is not handled
[0;m[1;33m[pcl::PLYReader] Temp/Data/Pot_A/Pot_A_Piece_05_SampledWithNormals.ply:33: property 'float32 k2' of element 'camera' is not handled
[0;m[EDGELINE DEBUG] Loaded PointNormal PLY ok, size=8491
[RIM DETECTION SAFETY] Segment too small (7 points < 10 required for rim detection), defaulting to not-rim for seg 1
[DEBUG AXIS PATH] Using axis file: Dataset/Axes/Pot_A_Piece_05_Axis.xyz
[EDGELINE DEBUG] readFile cols=6 file=Segments/2.xyz rows=10
[DEBUG MATRIX] Segment file Segments/2.xyz matrix dimensions: 10x6
[DEBUG LOOP] Starting segment processing loop, rows=10 cols=6
[DEBUG ACCESS] i=0 accessing row 0 of 10x6 matrix
[DEBUG ACCESS] Accessing normals at i=0
[DEBUG ACCESS] i=1 accessing row 1 of 10x6 matrix
[DEBUG ACCESS] Accessing normals at i=1
[DEBUG ACCESS] i=2 accessing row 2 of 10x6 matrix
[DEBUG ACCESS] Accessing normals at i=2
[DEBUG ACCESS] i=3 accessing row 3 of 10x6 matrix
[DEBUG ACCESS] Accessing normals at i=3
[DEBUG ACCESS] i=4 accessing row 4 of 10x6 matrix
[DEBUG ACCESS] Accessing normals at i=4
[DEBUG ACCESS] i=5 accessing row 5 of 10x6 matrix
[DEBUG ACCESS] Accessing normals at i=5
[DEBUG ACCESS] i=6 accessing row 6 of 10x6 matrix
[DEBUG ACCESS] Accessing normals at i=6
[DEBUG ACCESS] i=7 accessing row 7 of 10x6 matrix
[DEBUG ACCESS] Accessing normals at i=7
[DEBUG ACCESS] i=8 accessing row 8 of 10x6 matrix
[DEBUG ACCESS] Accessing normals at i=8
[EDGELINE DEBUG] Load PLY normals: Temp/Data/Pot_A/Pot_A_Piece_05_SampledWithNormals.ply
[1;33m[pcl::PLYReader] Temp/Data/Pot_A/Pot_A_Piece_05_SampledWithNormals.ply:25: property 'float32 focal' of element 'camera' is not handled
[0;m[1;33m[pcl::PLYReader] Temp/Data/Pot_A/Pot_A_Piece_05_SampledWithNormals.ply:26: property 'float32 scalex' of element 'camera' is not handled
[0;m[1;33m[pcl::PLYReader] Temp/Data/Pot_A/Pot_A_Piece_05_SampledWithNormals.ply:27: property 'float32 scaley' of element 'camera' is not handled
[0;m[1;33m[pcl::PLYReader] Temp/Data/Pot_A/Pot_A_Piece_05_SampledWithNormals.ply:28: property 'float32 centerx' of element 'camera' is not handled
[0;m[1;33m[pcl::PLYReader] Temp/Data/Pot_A/Pot_A_Piece_05_SampledWithNormals.ply:29: property 'float32 centery' of element 'camera' is not handled
[0;m[1;33m[pcl::PLYReader] Temp/Data/Pot_A/Pot_A_Piece_05_SampledWithNormals.ply:32: property 'float32 k1' of element 'camera' is not handled
[0;m[1;33m[pcl::PLYReader] Temp/Data/Pot_A/Pot_A_Piece_05_SampledWithNormals.ply:33: property 'float32 k2' of element 'camera' is not handled
[0;m[EDGELINE DEBUG] Loaded PointNormal PLY ok, size=8491
[RIM DETECTION SAFETY] Segment too small (9 points < 10 required for rim detection), defaulting to not-rim for seg 2
[DEBUG AXIS PATH] Using axis file: Dataset/Axes/Pot_A_Piece_05_Axis.xyz
[EDGELINE DEBUG] readFile cols=6 file=Segments/3.xyz rows=28
[DEBUG MATRIX] Segment file Segments/3.xyz matrix dimensions: 28x6
[DEBUG LOOP] Starting segment processing loop, rows=28 cols=6
[DEBUG ACCESS] i=0 accessing row 0 of 28x6 matrix
[DEBUG ACCESS] Accessing normals at i=0
[DEBUG ACCESS] i=1 accessing row 1 of 28x6 matrix
[DEBUG ACCESS] Accessing normals at i=1
[DEBUG ACCESS] i=2 accessing row 2 of 28x6 matrix
[DEBUG ACCESS] Accessing normals at i=2
[DEBUG ACCESS] i=3 accessing row 3 of 28x6 matrix
[DEBUG ACCESS] Accessing normals at i=3
[DEBUG ACCESS] i=4 accessing row 4 of 28x6 matrix
[DEBUG ACCESS] Accessing normals at i=4
[DEBUG ACCESS] i=5 accessing row 5 of 28x6 matrix
[DEBUG ACCESS] Accessing normals at i=5
[DEBUG ACCESS] i=6 accessing row 6 of 28x6 matrix
[DEBUG ACCESS] Accessing normals at i=6
[DEBUG ACCESS] i=7 accessing row 7 of 28x6 matrix
[DEBUG ACCESS] Accessing normals at i=7
[DEBUG ACCESS] i=8 accessing row 8 of 28x6 matrix
[DEBUG ACCESS] Accessing normals at i=8
[DEBUG ACCESS] i=9 accessing row 9 of 28x6 matrix
[DEBUG ACCESS] Accessing normals at i=9
[DEBUG ACCESS] i=10 accessing row 10 of 28x6 matrix
[DEBUG ACCESS] Accessing normals at i=10
[DEBUG ACCESS] i=11 accessing row 11 of 28x6 matrix
[DEBUG ACCESS] Accessing normals at i=11
[DEBUG ACCESS] i=12 accessing row 12 of 28x6 matrix
[DEBUG ACCESS] Accessing normals at i=12
[DEBUG ACCESS] i=13 accessing row 13 of 28x6 matrix
[DEBUG ACCESS] Accessing normals at i=13
[DEBUG ACCESS] i=14 accessing row 14 of 28x6 matrix
[DEBUG ACCESS] Accessing normals at i=14
[DEBUG ACCESS] i=15 accessing row 15 of 28x6 matrix
[DEBUG ACCESS] Accessing normals at i=15
[DEBUG ACCESS] i=16 accessing row 16 of 28x6 matrix
[DEBUG ACCESS] Accessing normals at i=16
[DEBUG ACCESS] i=17 accessing row 17 of 28x6 matrix
[DEBUG ACCESS] Accessing normals at i=17
[DEBUG ACCESS] i=18 accessing row 18 of 28x6 matrix
[DEBUG ACCESS] Accessing normals at i=18
[DEBUG ACCESS] i=19 accessing row 19 of 28x6 matrix
[DEBUG ACCESS] Accessing normals at i=19
[DEBUG ACCESS] i=20 accessing row 20 of 28x6 matrix
[DEBUG ACCESS] Accessing normals at i=20
[DEBUG ACCESS] i=21 accessing row 21 of 28x6 matrix
[DEBUG ACCESS] Accessing normals at i=21
[DEBUG ACCESS] i=22 accessing row 22 of 28x6 matrix
[DEBUG ACCESS] Accessing normals at i=22
[DEBUG ACCESS] i=23 accessing row 23 of 28x6 matrix
[DEBUG ACCESS] Accessing normals at i=23
[DEBUG ACCESS] i=24 accessing row 24 of 28x6 matrix
[DEBUG ACCESS] Accessing normals at i=24
[DEBUG ACCESS] i=25 accessing row 25 of 28x6 matrix
[DEBUG ACCESS] Accessing normals at i=25
[DEBUG ACCESS] i=26 accessing row 26 of 28x6 matrix
[DEBUG ACCESS] Accessing normals at i=26
[EDGELINE DEBUG] Load PLY normals: Temp/Data/Pot_A/Pot_A_Piece_05_SampledWithNormals.ply
[1;33m[pcl::PLYReader] Temp/Data/Pot_A/Pot_A_Piece_05_SampledWithNormals.ply:25: property 'float32 focal' of element 'camera' is not handled
[0;m[1;33m[pcl::PLYReader] Temp/Data/Pot_A/Pot_A_Piece_05_SampledWithNormals.ply:26: property 'float32 scalex' of element 'camera' is not handled
[0;m[1;33m[pcl::PLYReader] Temp/Data/Pot_A/Pot_A_Piece_05_SampledWithNormals.ply:27: property 'float32 scaley' of element 'camera' is not handled
[0;m[1;33m[pcl::PLYReader] Temp/Data/Pot_A/Pot_A_Piece_05_SampledWithNormals.ply:28: property 'float32 centerx' of element 'camera' is not handled
[0;m[1;33m[pcl::PLYReader] Temp/Data/Pot_A/Pot_A_Piece_05_SampledWithNormals.ply:29: property 'float32 centery' of element 'camera' is not handled
[0;m[1;33m[pcl::PLYReader] Temp/Data/Pot_A/Pot_A_Piece_05_SampledWithNormals.ply:32: property 'float32 k1' of element 'camera' is not handled
[0;m[1;33m[pcl::PLYReader] Temp/Data/Pot_A/Pot_A_Piece_05_SampledWithNormals.ply:33: property 'float32 k2' of element 'camera' is not handled
[0;m[EDGELINE DEBUG] Loaded PointNormal PLY ok, size=8491
[DEBUG AXIS PATH] Using axis file: Dataset/Axes/Pot_A_Piece_05_Axis.xyz
[EDGELINE DEBUG] readFile cols=6 file=Segments/1.xyz rows=8
[EDGELINE DEBUG] Load PLY normals: Temp/Data/Pot_A/Pot_A_Piece_05_SampledWithNormals.ply
[1;33m[pcl::PLYReader] Temp/Data/Pot_A/Pot_A_Piece_05_SampledWithNormals.ply:25: property 'float32 focal' of element 'camera' is not handled
[0;m[1;33m[pcl::PLYReader] Temp/Data/Pot_A/Pot_A_Piece_05_SampledWithNormals.ply:26: property 'float32 scalex' of element 'camera' is not handled
[0;m[1;33m[pcl::PLYReader] Temp/Data/Pot_A/Pot_A_Piece_05_SampledWithNormals.ply:27: property 'float32 scaley' of element 'camera' is not handled
[0;m[1;33m[pcl::PLYReader] Temp/Data/Pot_A/Pot_A_Piece_05_SampledWithNormals.ply:28: property 'float32 centerx' of element 'camera' is not handled
[0;m[1;33m[pcl::PLYReader] Temp/Data/Pot_A/Pot_A_Piece_05_SampledWithNormals.ply:29: property 'float32 centery' of element 'camera' is not handled
[0;m[1;33m[pcl::PLYReader] Temp/Data/Pot_A/Pot_A_Piece_05_SampledWithNormals.ply:32: property 'float32 k1' of element 'camera' is not handled
[0;m[1;33m[pcl::PLYReader] Temp/Data/Pot_A/Pot_A_Piece_05_SampledWithNormals.ply:33: property 'float32 k2' of element 'camera' is not handled
[0;m[EDGELINE DEBUG] Loaded PointNormal PLY ok, size=8491
[RIM DETECTION SAFETY] Segment too small (8 points < 10 required for rim detection), defaulting to not-rim for seg 1
[EDGELINE DEBUG] readFile cols=6 file=Segments/2.xyz rows=10
[EDGELINE DEBUG] Load PLY normals: Temp/Data/Pot_A/Pot_A_Piece_05_SampledWithNormals.ply
[1;33m[pcl::PLYReader] Temp/Data/Pot_A/Pot_A_Piece_05_SampledWithNormals.ply:25: property 'float32 focal' of element 'camera' is not handled
[0;m[1;33m[pcl::PLYReader] Temp/Data/Pot_A/Pot_A_Piece_05_SampledWithNormals.ply:26: property 'float32 scalex' of element 'camera' is not handled
[0;m[1;33m[pcl::PLYReader] Temp/Data/Pot_A/Pot_A_Piece_05_SampledWithNormals.ply:27: property 'float32 scaley' of element 'camera' is not handled
[0;m[1;33m[pcl::PLYReader] Temp/Data/Pot_A/Pot_A_Piece_05_SampledWithNormals.ply:28: property 'float32 centerx' of element 'camera' is not handled
[0;m[1;33m[pcl::PLYReader] Temp/Data/Pot_A/Pot_A_Piece_05_SampledWithNormals.ply:29: property 'float32 centery' of element 'camera' is not handled
[0;m[1;33m[pcl::PLYReader] Temp/Data/Pot_A/Pot_A_Piece_05_SampledWithNormals.ply:32: property 'float32 k1' of element 'camera' is not handled
[0;m[1;33m[pcl::PLYReader] Temp/Data/Pot_A/Pot_A_Piece_05_SampledWithNormals.ply:33: property 'float32 k2' of element 'camera' is not handled
[0;m[EDGELINE DEBUG] Loaded PointNormal PLY ok, size=8491
[EDGELINE DEBUG] readFile cols=6 file=Segments/3.xyz rows=28
[EDGELINE DEBUG] Load PLY normals: Temp/Data/Pot_A/Pot_A_Piece_05_SampledWithNormals.ply
[1;33m[pcl::PLYReader] Temp/Data/Pot_A/Pot_A_Piece_05_SampledWithNormals.ply:25: property 'float32 focal' of element 'camera' is not handled
[0;m[1;33m[pcl::PLYReader] Temp/Data/Pot_A/Pot_A_Piece_05_SampledWithNormals.ply:26: property 'float32 scalex' of element 'camera' is not handled
[0;m[1;33m[pcl::PLYReader] Temp/Data/Pot_A/Pot_A_Piece_05_SampledWithNormals.ply:27: property 'float32 scaley' of element 'camera' is not handled
[0;m[1;33m[pcl::PLYReader] Temp/Data/Pot_A/Pot_A_Piece_05_SampledWithNormals.ply:28: property 'float32 centerx' of element 'camera' is not handled
[0;m[1;33m[pcl::PLYReader] Temp/Data/Pot_A/Pot_A_Piece_05_SampledWithNormals.ply:29: property 'float32 centery' of element 'camera' is not handled
[0;m[1;33m[pcl::PLYReader] Temp/Data/Pot_A/Pot_A_Piece_05_SampledWithNormals.ply:32: property 'float32 k1' of element 'camera' is not handled
[0;m[1;33m[pcl::PLYReader] Temp/Data/Pot_A/Pot_A_Piece_05_SampledWithNormals.ply:33: property 'float32 k2' of element 'camera' is not handled
[0;m[EDGELINE DEBUG] Loaded PointNormal PLY ok, size=8491
[EDGELINE DEBUG] processFragmentData surface=Temp/Data/Pot_A/Pot_A_Piece_06_Surface_0.xyz mesh=Temp/Data/Pot_A/Pot_A_Piece_06_Mesh.obj
[EDGELINE DEBUG] readFile cols=3 file=Temp/Temp_edge/Pot_A/pointCloudFromMesh.xyz rows=5478
[1;33m[pcl::PLYReader] Temp/Data/Pot_A/Pot_A_Piece_06_unclustered.ply:25: property 'float32 focal' of element 'camera' is not handled
[0;m[1;33m[pcl::PLYReader] Temp/Data/Pot_A/Pot_A_Piece_06_unclustered.ply:26: property 'float32 scalex' of element 'camera' is not handled
[0;m[1;33m[pcl::PLYReader] Temp/Data/Pot_A/Pot_A_Piece_06_unclustered.ply:27: property 'float32 scaley' of element 'camera' is not handled
[0;m[1;33m[pcl::PLYReader] Temp/Data/Pot_A/Pot_A_Piece_06_unclustered.ply:28: property 'float32 centerx' of element 'camera' is not handled
[0;m[1;33m[pcl::PLYReader] Temp/Data/Pot_A/Pot_A_Piece_06_unclustered.ply:29: property 'float32 centery' of element 'camera' is not handled
[0;m[1;33m[pcl::PLYReader] Temp/Data/Pot_A/Pot_A_Piece_06_unclustered.ply:32: property 'float32 k1' of element 'camera' is not handled
[0;m[1;33m[pcl::PLYReader] Temp/Data/Pot_A/Pot_A_Piece_06_unclustered.ply:33: property 'float32 k2' of element 'camera' is not handled
[0;m[1;33m[pcl::PLYReader] Temp/Temp_edge/Pot_A/_breakLineFromConcaveHull.ply:21: property 'float32 focal' of element 'camera' is not handled
[0;m[1;33m[pcl::PLYReader] Temp/Temp_edge/Pot_A/_breakLineFromConcaveHull.ply:22: property 'float32 scalex' of element 'camera' is not handled
[0;m[1;33m[pcl::PLYReader] Temp/Temp_edge/Pot_A/_breakLineFromConcaveHull.ply:23: property 'float32 scaley' of element 'camera' is not handled
[0;m[1;33m[pcl::PLYReader] Temp/Temp_edge/Pot_A/_breakLineFromConcaveHull.ply:24: property 'float32 centerx' of element 'camera' is not handled
[0;m[1;33m[pcl::PLYReader] Temp/Temp_edge/Pot_A/_breakLineFromConcaveHull.ply:25: property 'float32 centery' of element 'camera' is not handled
[0;m[1;33m[pcl::PLYReader] Temp/Temp_edge/Pot_A/_breakLineFromConcaveHull.ply:28: property 'float32 k1' of element 'camera' is not handled
[0;m[1;33m[pcl::PLYReader] Temp/Temp_edge/Pot_A/_breakLineFromConcaveHull.ply:29: property 'float32 k2' of element 'camera' is not handled
[0;m[1;33mFailed to find match for field 'normal_x'.
[0;m[1;33mFailed to find match for field 'normal_y'.
[0;m[1;33mFailed to find match for field 'normal_z'.
[0;m[1;33mFailed to find match for field 'curvature'.
[0;m[EDGELINE DEBUG] readFile cols=3 file=Temp/Temp_edge/Pot_A/CompleteBreakline.xyz rows=30
[EDGELINE DEBUG] detectSeparateLineSegments: file=Temp/Temp_edge/Pot_A/CompleteBreakline.xyz len=5
[EDGELINE DEBUG] readFile cols=3 file=Temp/Temp_edge/Pot_A/CompleteBreakline.xyz rows=30
[EDGELINE DEBUG] readFile cols=6 file=Temp/Temp_edge/Pot_A/CompleteBreakline.xyz rows=30
[EDGELINE DEBUG] b1 rows=30 cols=3 b1_withN rows=30 cols=6
[EDGELINE DEBUG] dist_scoreB1 size=40x1 distScoreOriginalLength size=30x1
[EDGELINE DEBUG] bCombined size=40x3
[EDGELINE DEBUG] readFile cols=6 file=Segments/1.xyz rows=11
[EDGELINE DEBUG] readFile cols=6 file=Segments/2.xyz rows=21
[EDGELINE DEBUG] detectedPeakIndices size=2
[EDGELINE DEBUG] Segments files count=2
[EDGELINE DEBUG] axisInfoAvailable=1 path=Dataset/Axes/Pot_A_Piece_06_Axis.xyz
[EDGELINE DEBUG] readFile cols=6 file=Segments/1.xyz rows=11
[DEBUG MATRIX] Segment file Segments/1.xyz matrix dimensions: 11x6
[DEBUG LOOP] Starting segment processing loop, rows=11 cols=6
[DEBUG ACCESS] i=0 accessing row 0 of 11x6 matrix
[DEBUG ACCESS] Accessing normals at i=0
[DEBUG ACCESS] i=1 accessing row 1 of 11x6 matrix
[DEBUG ACCESS] Accessing normals at i=1
[DEBUG ACCESS] i=2 accessing row 2 of 11x6 matrix
[DEBUG ACCESS] Accessing normals at i=2
[DEBUG ACCESS] i=3 accessing row 3 of 11x6 matrix
[DEBUG ACCESS] Accessing normals at i=3
[DEBUG ACCESS] i=4 accessing row 4 of 11x6 matrix
[DEBUG ACCESS] Accessing normals at i=4
[DEBUG ACCESS] i=5 accessing row 5 of 11x6 matrix
[DEBUG ACCESS] Accessing normals at i=5
[DEBUG ACCESS] i=6 accessing row 6 of 11x6 matrix
[DEBUG ACCESS] Accessing normals at i=6
[DEBUG ACCESS] i=7 accessing row 7 of 11x6 matrix
[DEBUG ACCESS] Accessing normals at i=7
[DEBUG ACCESS] i=8 accessing row 8 of 11x6 matrix
[DEBUG ACCESS] Accessing normals at i=8
[DEBUG ACCESS] i=9 accessing row 9 of 11x6 matrix
[DEBUG ACCESS] Accessing normals at i=9
[EDGELINE DEBUG] Load PLY normals: Temp/Data/Pot_A/Pot_A_Piece_06_SampledWithNormals.ply
[1;33m[pcl::PLYReader] Temp/Data/Pot_A/Pot_A_Piece_06_SampledWithNormals.ply:25: property 'float32 focal' of element 'camera' is not handled
[0;m[1;33m[pcl::PLYReader] Temp/Data/Pot_A/Pot_A_Piece_06_SampledWithNormals.ply:26: property 'float32 scalex' of element 'camera' is not handled
[0;m[1;33m[pcl::PLYReader] Temp/Data/Pot_A/Pot_A_Piece_06_SampledWithNormals.ply:27: property 'float32 scaley' of element 'camera' is not handled
[0;m[1;33m[pcl::PLYReader] Temp/Data/Pot_A/Pot_A_Piece_06_SampledWithNormals.ply:28: property 'float32 centerx' of element 'camera' is not handled
[0;m[1;33m[pcl::PLYReader] Temp/Data/Pot_A/Pot_A_Piece_06_SampledWithNormals.ply:29: property 'float32 centery' of element 'camera' is not handled
[0;m[1;33m[pcl::PLYReader] Temp/Data/Pot_A/Pot_A_Piece_06_SampledWithNormals.ply:32: property 'float32 k1' of element 'camera' is not handled
[0;m[1;33m[pcl::PLYReader] Temp/Data/Pot_A/Pot_A_Piece_06_SampledWithNormals.ply:33: property 'float32 k2' of element 'camera' is not handled
[0;m[EDGELINE DEBUG] Loaded PointNormal PLY ok, size=7916
[DEBUG AXIS PATH] Using axis file: Dataset/Axes/Pot_A_Piece_06_Axis.xyz
[EDGELINE DEBUG] readFile cols=6 file=Segments/2.xyz rows=21
[DEBUG MATRIX] Segment file Segments/2.xyz matrix dimensions: 21x6
[DEBUG LOOP] Starting segment processing loop, rows=21 cols=6
[DEBUG ACCESS] i=0 accessing row 0 of 21x6 matrix
[DEBUG ACCESS] Accessing normals at i=0
[DEBUG ACCESS] i=1 accessing row 1 of 21x6 matrix
[DEBUG ACCESS] Accessing normals at i=1
[DEBUG ACCESS] i=2 accessing row 2 of 21x6 matrix
[DEBUG ACCESS] Accessing normals at i=2
[DEBUG ACCESS] i=3 accessing row 3 of 21x6 matrix
[DEBUG ACCESS] Accessing normals at i=3
[DEBUG ACCESS] i=4 accessing row 4 of 21x6 matrix
[DEBUG ACCESS] Accessing normals at i=4
[DEBUG ACCESS] i=5 accessing row 5 of 21x6 matrix
[DEBUG ACCESS] Accessing normals at i=5
[DEBUG ACCESS] i=6 accessing row 6 of 21x6 matrix
[DEBUG ACCESS] Accessing normals at i=6
[DEBUG ACCESS] i=7 accessing row 7 of 21x6 matrix
[DEBUG ACCESS] Accessing normals at i=7
[DEBUG ACCESS] i=8 accessing row 8 of 21x6 matrix
[DEBUG ACCESS] Accessing normals at i=8
[DEBUG ACCESS] i=9 accessing row 9 of 21x6 matrix
[DEBUG ACCESS] Accessing normals at i=9
[DEBUG ACCESS] i=10 accessing row 10 of 21x6 matrix
[DEBUG ACCESS] Accessing normals at i=10
[DEBUG ACCESS] i=11 accessing row 11 of 21x6 matrix
[DEBUG ACCESS] Accessing normals at i=11
[DEBUG ACCESS] i=12 accessing row 12 of 21x6 matrix
[DEBUG ACCESS] Accessing normals at i=12
[DEBUG ACCESS] i=13 accessing row 13 of 21x6 matrix
[DEBUG ACCESS] Accessing normals at i=13
[DEBUG ACCESS] i=14 accessing row 14 of 21x6 matrix
[DEBUG ACCESS] Accessing normals at i=14
[DEBUG ACCESS] i=15 accessing row 15 of 21x6 matrix
[DEBUG ACCESS] Accessing normals at i=15
[DEBUG ACCESS] i=16 accessing row 16 of 21x6 matrix
[DEBUG ACCESS] Accessing normals at i=16
[DEBUG ACCESS] i=17 accessing row 17 of 21x6 matrix
[DEBUG ACCESS] Accessing normals at i=17
[DEBUG ACCESS] i=18 accessing row 18 of 21x6 matrix
[DEBUG ACCESS] Accessing normals at i=18
[DEBUG ACCESS] i=19 accessing row 19 of 21x6 matrix
[DEBUG ACCESS] Accessing normals at i=19
[EDGELINE DEBUG] Load PLY normals: Temp/Data/Pot_A/Pot_A_Piece_06_SampledWithNormals.ply
[1;33m[pcl::PLYReader] Temp/Data/Pot_A/Pot_A_Piece_06_SampledWithNormals.ply:25: property 'float32 focal' of element 'camera' is not handled
[0;m[1;33m[pcl::PLYReader] Temp/Data/Pot_A/Pot_A_Piece_06_SampledWithNormals.ply:26: property 'float32 scalex' of element 'camera' is not handled
[0;m[1;33m[pcl::PLYReader] Temp/Data/Pot_A/Pot_A_Piece_06_SampledWithNormals.ply:27: property 'float32 scaley' of element 'camera' is not handled
[0;m[1;33m[pcl::PLYReader] Temp/Data/Pot_A/Pot_A_Piece_06_SampledWithNormals.ply:28: property 'float32 centerx' of element 'camera' is not handled
[0;m[1;33m[pcl::PLYReader] Temp/Data/Pot_A/Pot_A_Piece_06_SampledWithNormals.ply:29: property 'float32 centery' of element 'camera' is not handled
[0;m[1;33m[pcl::PLYReader] Temp/Data/Pot_A/Pot_A_Piece_06_SampledWithNormals.ply:32: property 'float32 k1' of element 'camera' is not handled
[0;m[1;33m[pcl::PLYReader] Temp/Data/Pot_A/Pot_A_Piece_06_SampledWithNormals.ply:33: property 'float32 k2' of element 'camera' is not handled
[0;m[EDGELINE DEBUG] Loaded PointNormal PLY ok, size=7916
[DEBUG AXIS PATH] Using axis file: Dataset/Axes/Pot_A_Piece_06_Axis.xyz
[EDGELINE DEBUG] readFile cols=6 file=Segments/1.xyz rows=11
[EDGELINE DEBUG] Load PLY normals: Temp/Data/Pot_A/Pot_A_Piece_06_SampledWithNormals.ply
[1;33m[pcl::PLYReader] Temp/Data/Pot_A/Pot_A_Piece_06_SampledWithNormals.ply:25: property 'float32 focal' of element 'camera' is not handled
[0;m[1;33m[pcl::PLYReader] Temp/Data/Pot_A/Pot_A_Piece_06_SampledWithNormals.ply:26: property 'float32 scalex' of element 'camera' is not handled
[0;m[1;33m[pcl::PLYReader] Temp/Data/Pot_A/Pot_A_Piece_06_SampledWithNormals.ply:27: property 'float32 scaley' of element 'camera' is not handled
[0;m[1;33m[pcl::PLYReader] Temp/Data/Pot_A/Pot_A_Piece_06_SampledWithNormals.ply:28: property 'float32 centerx' of element 'camera' is not handled
[0;m[1;33m[pcl::PLYReader] Temp/Data/Pot_A/Pot_A_Piece_06_SampledWithNormals.ply:29: property 'float32 centery' of element 'camera' is not handled
[0;m[1;33m[pcl::PLYReader] Temp/Data/Pot_A/Pot_A_Piece_06_SampledWithNormals.ply:32: property 'float32 k1' of element 'camera' is not handled
[0;m[1;33m[pcl::PLYReader] Temp/Data/Pot_A/Pot_A_Piece_06_SampledWithNormals.ply:33: property 'float32 k2' of element 'camera' is not handled
[0;m[EDGELINE DEBUG] Loaded PointNormal PLY ok, size=7916
[EDGELINE DEBUG] readFile cols=6 file=Segments/2.xyz rows=21
[EDGELINE DEBUG] Load PLY normals: Temp/Data/Pot_A/Pot_A_Piece_06_SampledWithNormals.ply
[1;33m[pcl::PLYReader] Temp/Data/Pot_A/Pot_A_Piece_06_SampledWithNormals.ply:25: property 'float32 focal' of element 'camera' is not handled
[0;m[1;33m[pcl::PLYReader] Temp/Data/Pot_A/Pot_A_Piece_06_SampledWithNormals.ply:26: property 'float32 scalex' of element 'camera' is not handled
[0;m[1;33m[pcl::PLYReader] Temp/Data/Pot_A/Pot_A_Piece_06_SampledWithNormals.ply:27: property 'float32 scaley' of element 'camera' is not handled
[0;m[1;33m[pcl::PLYReader] Temp/Data/Pot_A/Pot_A_Piece_06_SampledWithNormals.ply:28: property 'float32 centerx' of element 'camera' is not handled
[0;m[1;33m[pcl::PLYReader] Temp/Data/Pot_A/Pot_A_Piece_06_SampledWithNormals.ply:29: property 'float32 centery' of element 'camera' is not handled
[0;m[1;33m[pcl::PLYReader] Temp/Data/Pot_A/Pot_A_Piece_06_SampledWithNormals.ply:32: property 'float32 k1' of element 'camera' is not handled
[0;m[1;33m[pcl::PLYReader] Temp/Data/Pot_A/Pot_A_Piece_06_SampledWithNormals.ply:33: property 'float32 k2' of element 'camera' is not handled
[0;m[EDGELINE DEBUG] Loaded PointNormal PLY ok, size=7916
[EDGELINE DEBUG] processFragmentData surface=Temp/Data/Pot_A/Pot_A_Piece_06_Surface_1.xyz mesh=Temp/Data/Pot_A/Pot_A_Piece_06_Mesh.obj
[EDGELINE DEBUG] readFile cols=3 file=Temp/Temp_edge/Pot_A/pointCloudFromMesh.xyz rows=3792
[1;33m[pcl::PLYReader] Temp/Data/Pot_A/Pot_A_Piece_06_unclustered.ply:25: property 'float32 focal' of element 'camera' is not handled
[0;m[1;33m[pcl::PLYReader] Temp/Data/Pot_A/Pot_A_Piece_06_unclustered.ply:26: property 'float32 scalex' of element 'camera' is not handled
[0;m[1;33m[pcl::PLYReader] Temp/Data/Pot_A/Pot_A_Piece_06_unclustered.ply:27: property 'float32 scaley' of element 'camera' is not handled
[0;m[1;33m[pcl::PLYReader] Temp/Data/Pot_A/Pot_A_Piece_06_unclustered.ply:28: property 'float32 centerx' of element 'camera' is not handled
[0;m[1;33m[pcl::PLYReader] Temp/Data/Pot_A/Pot_A_Piece_06_unclustered.ply:29: property 'float32 centery' of element 'camera' is not handled
[0;m[1;33m[pcl::PLYReader] Temp/Data/Pot_A/Pot_A_Piece_06_unclustered.ply:32: property 'float32 k1' of element 'camera' is not handled
[0;m[1;33m[pcl::PLYReader] Temp/Data/Pot_A/Pot_A_Piece_06_unclustered.ply:33: property 'float32 k2' of element 'camera' is not handled
[0;m[1;33m[pcl::PLYReader] Temp/Temp_edge/Pot_A/_breakLineFromConcaveHull.ply:21: property 'float32 focal' of element 'camera' is not handled
[0;m[1;33m[pcl::PLYReader] Temp/Temp_edge/Pot_A/_breakLineFromConcaveHull.ply:22: property 'float32 scalex' of element 'camera' is not handled
[0;m[1;33m[pcl::PLYReader] Temp/Temp_edge/Pot_A/_breakLineFromConcaveHull.ply:23: property 'float32 scaley' of element 'camera' is not handled
[0;m[1;33m[pcl::PLYReader] Temp/Temp_edge/Pot_A/_breakLineFromConcaveHull.ply:24: property 'float32 centerx' of element 'camera' is not handled
[0;m[1;33m[pcl::PLYReader] Temp/Temp_edge/Pot_A/_breakLineFromConcaveHull.ply:25: property 'float32 centery' of element 'camera' is not handled
[0;m[1;33m[pcl::PLYReader] Temp/Temp_edge/Pot_A/_breakLineFromConcaveHull.ply:28: property 'float32 k1' of element 'camera' is not handled
[0;m[1;33m[pcl::PLYReader] Temp/Temp_edge/Pot_A/_breakLineFromConcaveHull.ply:29: property 'float32 k2' of element 'camera' is not handled
[0;m[1;33mFailed to find match for field 'normal_x'.
[0;m[1;33mFailed to find match for field 'normal_y'.
[0;m[1;33mFailed to find match for field 'normal_z'.
[0;m[1;33mFailed to find match for field 'curvature'.
[0;m[EDGELINE DEBUG] readFile cols=3 file=Temp/Temp_edge/Pot_A/CompleteBreakline.xyz rows=95
[EDGELINE DEBUG] detectSeparateLineSegments: file=Temp/Temp_edge/Pot_A/CompleteBreakline.xyz len=10
[EDGELINE DEBUG] readFile cols=3 file=Temp/Temp_edge/Pot_A/CompleteBreakline.xyz rows=95
[EDGELINE DEBUG] readFile cols=6 file=Temp/Temp_edge/Pot_A/CompleteBreakline.xyz rows=95
[EDGELINE DEBUG] b1 rows=95 cols=3 b1_withN rows=95 cols=6
[EDGELINE DEBUG] dist_scoreB1 size=115x1 distScoreOriginalLength size=95x1
[EDGELINE DEBUG] bCombined size=115x3
[EDGELINE DEBUG] readFile cols=6 file=Segments/1.xyz rows=28
[EDGELINE DEBUG] readFile cols=6 file=Segments/2.xyz rows=38
[EDGELINE DEBUG] readFile cols=6 file=Segments/3.xyz rows=32
[EDGELINE DEBUG] detectedPeakIndices size=3
[EDGELINE DEBUG] Segments files count=3
[EDGELINE DEBUG] axisInfoAvailable=1 path=Dataset/Axes/Pot_A_Piece_06_Axis.xyz
[EDGELINE DEBUG] readFile cols=6 file=Segments/1.xyz rows=28
[DEBUG MATRIX] Segment file Segments/1.xyz matrix dimensions: 28x6
[DEBUG LOOP] Starting segment processing loop, rows=28 cols=6
[DEBUG ACCESS] i=0 accessing row 0 of 28x6 matrix
[DEBUG ACCESS] Accessing normals at i=0
[DEBUG ACCESS] i=1 accessing row 1 of 28x6 matrix
[DEBUG ACCESS] Accessing normals at i=1
[DEBUG ACCESS] i=2 accessing row 2 of 28x6 matrix
[DEBUG ACCESS] Accessing normals at i=2
[DEBUG ACCESS] i=3 accessing row 3 of 28x6 matrix
[DEBUG ACCESS] Accessing normals at i=3
[DEBUG ACCESS] i=4 accessing row 4 of 28x6 matrix
[DEBUG ACCESS] Accessing normals at i=4
[DEBUG ACCESS] i=5 accessing row 5 of 28x6 matrix
[DEBUG ACCESS] Accessing normals at i=5
[DEBUG ACCESS] i=6 accessing row 6 of 28x6 matrix
[DEBUG ACCESS] Accessing normals at i=6
[DEBUG ACCESS] i=7 accessing row 7 of 28x6 matrix
[DEBUG ACCESS] Accessing normals at i=7
[DEBUG ACCESS] i=8 accessing row 8 of 28x6 matrix
[DEBUG ACCESS] Accessing normals at i=8
[DEBUG ACCESS] i=9 accessing row 9 of 28x6 matrix
[DEBUG ACCESS] Accessing normals at i=9
[DEBUG ACCESS] i=10 accessing row 10 of 28x6 matrix
[DEBUG ACCESS] Accessing normals at i=10
[DEBUG ACCESS] i=11 accessing row 11 of 28x6 matrix
[DEBUG ACCESS] Accessing normals at i=11
[DEBUG ACCESS] i=12 accessing row 12 of 28x6 matrix
[DEBUG ACCESS] Accessing normals at i=12
[DEBUG ACCESS] i=13 accessing row 13 of 28x6 matrix
[DEBUG ACCESS] Accessing normals at i=13
[DEBUG ACCESS] i=14 accessing row 14 of 28x6 matrix
[DEBUG ACCESS] Accessing normals at i=14
[DEBUG ACCESS] i=15 accessing row 15 of 28x6 matrix
[DEBUG ACCESS] Accessing normals at i=15
[DEBUG ACCESS] i=16 accessing row 16 of 28x6 matrix
[DEBUG ACCESS] Accessing normals at i=16
[DEBUG ACCESS] i=17 accessing row 17 of 28x6 matrix
[DEBUG ACCESS] Accessing normals at i=17
[DEBUG ACCESS] i=18 accessing row 18 of 28x6 matrix
[DEBUG ACCESS] Accessing normals at i=18
[DEBUG ACCESS] i=19 accessing row 19 of 28x6 matrix
[DEBUG ACCESS] Accessing normals at i=19
[DEBUG ACCESS] i=20 accessing row 20 of 28x6 matrix
[DEBUG ACCESS] Accessing normals at i=20
[DEBUG ACCESS] i=21 accessing row 21 of 28x6 matrix
[DEBUG ACCESS] Accessing normals at i=21
[DEBUG ACCESS] i=22 accessing row 22 of 28x6 matrix
[DEBUG ACCESS] Accessing normals at i=22
[DEBUG ACCESS] i=23 accessing row 23 of 28x6 matrix
[DEBUG ACCESS] Accessing normals at i=23
[DEBUG ACCESS] i=24 accessing row 24 of 28x6 matrix
[DEBUG ACCESS] Accessing normals at i=24
[DEBUG ACCESS] i=25 accessing row 25 of 28x6 matrix
[DEBUG ACCESS] Accessing normals at i=25
[DEBUG ACCESS] i=26 accessing row 26 of 28x6 matrix
[DEBUG ACCESS] Accessing normals at i=26
[EDGELINE DEBUG] Load PLY normals: Temp/Data/Pot_A/Pot_A_Piece_06_SampledWithNormals.ply
[1;33m[pcl::PLYReader] Temp/Data/Pot_A/Pot_A_Piece_06_SampledWithNormals.ply:25: property 'float32 focal' of element 'camera' is not handled
[0;m[1;33m[pcl::PLYReader] Temp/Data/Pot_A/Pot_A_Piece_06_SampledWithNormals.ply:26: property 'float32 scalex' of element 'camera' is not handled
[0;m[1;33m[pcl::PLYReader] Temp/Data/Pot_A/Pot_A_Piece_06_SampledWithNormals.ply:27: property 'float32 scaley' of element 'camera' is not handled
[0;m[1;33m[pcl::PLYReader] Temp/Data/Pot_A/Pot_A_Piece_06_SampledWithNormals.ply:28: property 'float32 centerx' of element 'camera' is not handled
[0;m[1;33m[pcl::PLYReader] Temp/Data/Pot_A/Pot_A_Piece_06_SampledWithNormals.ply:29: property 'float32 centery' of element 'camera' is not handled
[0;m[1;33m[pcl::PLYReader] Temp/Data/Pot_A/Pot_A_Piece_06_SampledWithNormals.ply:32: property 'float32 k1' of element 'camera' is not handled
[0;m[1;33m[pcl::PLYReader] Temp/Data/Pot_A/Pot_A_Piece_06_SampledWithNormals.ply:33: property 'float32 k2' of element 'camera' is not handled
[0;m[EDGELINE DEBUG] Loaded PointNormal PLY ok, size=7916
[DEBUG AXIS PATH] Using axis file: Dataset/Axes/Pot_A_Piece_06_Axis.xyz
[EDGELINE DEBUG] readFile cols=6 file=Segments/2.xyz rows=38
[DEBUG MATRIX] Segment file Segments/2.xyz matrix dimensions: 38x6
[DEBUG LOOP] Starting segment processing loop, rows=38 cols=6
[DEBUG ACCESS] i=0 accessing row 0 of 38x6 matrix
[DEBUG ACCESS] Accessing normals at i=0
[DEBUG ACCESS] i=1 accessing row 1 of 38x6 matrix
[DEBUG ACCESS] Accessing normals at i=1
[DEBUG ACCESS] i=2 accessing row 2 of 38x6 matrix
[DEBUG ACCESS] Accessing normals at i=2
[DEBUG ACCESS] i=3 accessing row 3 of 38x6 matrix
[DEBUG ACCESS] Accessing normals at i=3
[DEBUG ACCESS] i=4 accessing row 4 of 38x6 matrix
[DEBUG ACCESS] Accessing normals at i=4
[DEBUG ACCESS] i=5 accessing row 5 of 38x6 matrix
[DEBUG ACCESS] Accessing normals at i=5
[DEBUG ACCESS] i=6 accessing row 6 of 38x6 matrix
[DEBUG ACCESS] Accessing normals at i=6
[DEBUG ACCESS] i=7 accessing row 7 of 38x6 matrix
[DEBUG ACCESS] Accessing normals at i=7
[DEBUG ACCESS] i=8 accessing row 8 of 38x6 matrix
[DEBUG ACCESS] Accessing normals at i=8
[DEBUG ACCESS] i=9 accessing row 9 of 38x6 matrix
[DEBUG ACCESS] Accessing normals at i=9
[DEBUG ACCESS] i=10 accessing row 10 of 38x6 matrix
[DEBUG ACCESS] Accessing normals at i=10
[DEBUG ACCESS] i=11 accessing row 11 of 38x6 matrix
[DEBUG ACCESS] Accessing normals at i=11
[DEBUG ACCESS] i=12 accessing row 12 of 38x6 matrix
[DEBUG ACCESS] Accessing normals at i=12
[DEBUG ACCESS] i=13 accessing row 13 of 38x6 matrix
[DEBUG ACCESS] Accessing normals at i=13
[DEBUG ACCESS] i=14 accessing row 14 of 38x6 matrix
[DEBUG ACCESS] Accessing normals at i=14
[DEBUG ACCESS] i=15 accessing row 15 of 38x6 matrix
[DEBUG ACCESS] Accessing normals at i=15
[DEBUG ACCESS] i=16 accessing row 16 of 38x6 matrix
[DEBUG ACCESS] Accessing normals at i=16
[DEBUG ACCESS] i=17 accessing row 17 of 38x6 matrix
[DEBUG ACCESS] Accessing normals at i=17
[DEBUG ACCESS] i=18 accessing row 18 of 38x6 matrix
[DEBUG ACCESS] Accessing normals at i=18
[DEBUG ACCESS] i=19 accessing row 19 of 38x6 matrix
[DEBUG ACCESS] Accessing normals at i=19
[DEBUG ACCESS] i=20 accessing row 20 of 38x6 matrix
[DEBUG ACCESS] Accessing normals at i=20
[DEBUG ACCESS] i=21 accessing row 21 of 38x6 matrix
[DEBUG ACCESS] Accessing normals at i=21
[DEBUG ACCESS] i=22 accessing row 22 of 38x6 matrix
[DEBUG ACCESS] Accessing normals at i=22
[DEBUG ACCESS] i=23 accessing row 23 of 38x6 matrix
[DEBUG ACCESS] Accessing normals at i=23
[DEBUG ACCESS] i=24 accessing row 24 of 38x6 matrix
[DEBUG ACCESS] Accessing normals at i=24
[DEBUG ACCESS] i=25 accessing row 25 of 38x6 matrix
[DEBUG ACCESS] Accessing normals at i=25
[DEBUG ACCESS] i=26 accessing row 26 of 38x6 matrix
[DEBUG ACCESS] Accessing normals at i=26
[DEBUG ACCESS] i=27 accessing row 27 of 38x6 matrix
[DEBUG ACCESS] Accessing normals at i=27
[DEBUG ACCESS] i=28 accessing row 28 of 38x6 matrix
[DEBUG ACCESS] Accessing normals at i=28
[DEBUG ACCESS] i=29 accessing row 29 of 38x6 matrix
[DEBUG ACCESS] Accessing normals at i=29
[DEBUG ACCESS] i=30 accessing row 30 of 38x6 matrix
[DEBUG ACCESS] Accessing normals at i=30
[DEBUG ACCESS] i=31 accessing row 31 of 38x6 matrix
[DEBUG ACCESS] Accessing normals at i=31
[DEBUG ACCESS] i=32 accessing row 32 of 38x6 matrix
[DEBUG ACCESS] Accessing normals at i=32
[DEBUG ACCESS] i=33 accessing row 33 of 38x6 matrix
[DEBUG ACCESS] Accessing normals at i=33
[DEBUG ACCESS] i=34 accessing row 34 of 38x6 matrix
[DEBUG ACCESS] Accessing normals at i=34
[DEBUG ACCESS] i=35 accessing row 35 of 38x6 matrix
[DEBUG ACCESS] Accessing normals at i=35
[DEBUG ACCESS] i=36 accessing row 36 of 38x6 matrix
[DEBUG ACCESS] Accessing normals at i=36
[EDGELINE DEBUG] Load PLY normals: Temp/Data/Pot_A/Pot_A_Piece_06_SampledWithNormals.ply
[1;33m[pcl::PLYReader] Temp/Data/Pot_A/Pot_A_Piece_06_SampledWithNormals.ply:25: property 'float32 focal' of element 'camera' is not handled
[0;m[1;33m[pcl::PLYReader] Temp/Data/Pot_A/Pot_A_Piece_06_SampledWithNormals.ply:26: property 'float32 scalex' of element 'camera' is not handled
[0;m[1;33m[pcl::PLYReader] Temp/Data/Pot_A/Pot_A_Piece_06_SampledWithNormals.ply:27: property 'float32 scaley' of element 'camera' is not handled
[0;m[1;33m[pcl::PLYReader] Temp/Data/Pot_A/Pot_A_Piece_06_SampledWithNormals.ply:28: property 'float32 centerx' of element 'camera' is not handled
[0;m[1;33m[pcl::PLYReader] Temp/Data/Pot_A/Pot_A_Piece_06_SampledWithNormals.ply:29: property 'float32 centery' of element 'camera' is not handled
[0;m[1;33m[pcl::PLYReader] Temp/Data/Pot_A/Pot_A_Piece_06_SampledWithNormals.ply:32: property 'float32 k1' of element 'camera' is not handled
[0;m[1;33m[pcl::PLYReader] Temp/Data/Pot_A/Pot_A_Piece_06_SampledWithNormals.ply:33: property 'float32 k2' of element 'camera' is not handled
[0;m[EDGELINE DEBUG] Loaded PointNormal PLY ok, size=7916
[DEBUG AXIS PATH] Using axis file: Dataset/Axes/Pot_A_Piece_06_Axis.xyz
[EDGELINE DEBUG] readFile cols=6 file=Segments/3.xyz rows=32
[DEBUG MATRIX] Segment file Segments/3.xyz matrix dimensions: 32x6
[DEBUG LOOP] Starting segment processing loop, rows=32 cols=6
[DEBUG ACCESS] i=0 accessing row 0 of 32x6 matrix
[DEBUG ACCESS] Accessing normals at i=0
[DEBUG ACCESS] i=1 accessing row 1 of 32x6 matrix
[DEBUG ACCESS] Accessing normals at i=1
[DEBUG ACCESS] i=2 accessing row 2 of 32x6 matrix
[DEBUG ACCESS] Accessing normals at i=2
[DEBUG ACCESS] i=3 accessing row 3 of 32x6 matrix
[DEBUG ACCESS] Accessing normals at i=3
[DEBUG ACCESS] i=4 accessing row 4 of 32x6 matrix
[DEBUG ACCESS] Accessing normals at i=4
[DEBUG ACCESS] i=5 accessing row 5 of 32x6 matrix
[DEBUG ACCESS] Accessing normals at i=5
[DEBUG ACCESS] i=6 accessing row 6 of 32x6 matrix
[DEBUG ACCESS] Accessing normals at i=6
[DEBUG ACCESS] i=7 accessing row 7 of 32x6 matrix
[DEBUG ACCESS] Accessing normals at i=7
[DEBUG ACCESS] i=8 accessing row 8 of 32x6 matrix
[DEBUG ACCESS] Accessing normals at i=8
[DEBUG ACCESS] i=9 accessing row 9 of 32x6 matrix
[DEBUG ACCESS] Accessing normals at i=9
[DEBUG ACCESS] i=10 accessing row 10 of 32x6 matrix
[DEBUG ACCESS] Accessing normals at i=10
[DEBUG ACCESS] i=11 accessing row 11 of 32x6 matrix
[DEBUG ACCESS] Accessing normals at i=11
[DEBUG ACCESS] i=12 accessing row 12 of 32x6 matrix
[DEBUG ACCESS] Accessing normals at i=12
[DEBUG ACCESS] i=13 accessing row 13 of 32x6 matrix
[DEBUG ACCESS] Accessing normals at i=13
[DEBUG ACCESS] i=14 accessing row 14 of 32x6 matrix
[DEBUG ACCESS] Accessing normals at i=14
[DEBUG ACCESS] i=15 accessing row 15 of 32x6 matrix
[DEBUG ACCESS] Accessing normals at i=15
[DEBUG ACCESS] i=16 accessing row 16 of 32x6 matrix
[DEBUG ACCESS] Accessing normals at i=16
[DEBUG ACCESS] i=17 accessing row 17 of 32x6 matrix
[DEBUG ACCESS] Accessing normals at i=17
[DEBUG ACCESS] i=18 accessing row 18 of 32x6 matrix
[DEBUG ACCESS] Accessing normals at i=18
[DEBUG ACCESS] i=19 accessing row 19 of 32x6 matrix
[DEBUG ACCESS] Accessing normals at i=19
[DEBUG ACCESS] i=20 accessing row 20 of 32x6 matrix
[DEBUG ACCESS] Accessing normals at i=20
[DEBUG ACCESS] i=21 accessing row 21 of 32x6 matrix
[DEBUG ACCESS] Accessing normals at i=21
[DEBUG ACCESS] i=22 accessing row 22 of 32x6 matrix
[DEBUG ACCESS] Accessing normals at i=22
[DEBUG ACCESS] i=23 accessing row 23 of 32x6 matrix
[DEBUG ACCESS] Accessing normals at i=23
[DEBUG ACCESS] i=24 accessing row 24 of 32x6 matrix
[DEBUG ACCESS] Accessing normals at i=24
[DEBUG ACCESS] i=25 accessing row 25 of 32x6 matrix
[DEBUG ACCESS] Accessing normals at i=25
[DEBUG ACCESS] i=26 accessing row 26 of 32x6 matrix
[DEBUG ACCESS] Accessing normals at i=26
[DEBUG ACCESS] i=27 accessing row 27 of 32x6 matrix
[DEBUG ACCESS] Accessing normals at i=27
[DEBUG ACCESS] i=28 accessing row 28 of 32x6 matrix
[DEBUG ACCESS] Accessing normals at i=28
[DEBUG ACCESS] i=29 accessing row 29 of 32x6 matrix
[DEBUG ACCESS] Accessing normals at i=29
[DEBUG ACCESS] i=30 accessing row 30 of 32x6 matrix
[DEBUG ACCESS] Accessing normals at i=30
[EDGELINE DEBUG] Load PLY normals: Temp/Data/Pot_A/Pot_A_Piece_06_SampledWithNormals.ply
[1;33m[pcl::PLYReader] Temp/Data/Pot_A/Pot_A_Piece_06_SampledWithNormals.ply:25: property 'float32 focal' of element 'camera' is not handled
[0;m[1;33m[pcl::PLYReader] Temp/Data/Pot_A/Pot_A_Piece_06_SampledWithNormals.ply:26: property 'float32 scalex' of element 'camera' is not handled
[0;m[1;33m[pcl::PLYReader] Temp/Data/Pot_A/Pot_A_Piece_06_SampledWithNormals.ply:27: property 'float32 scaley' of element 'camera' is not handled
[0;m[1;33m[pcl::PLYReader] Temp/Data/Pot_A/Pot_A_Piece_06_SampledWithNormals.ply:28: property 'float32 centerx' of element 'camera' is not handled
[0;m[1;33m[pcl::PLYReader] Temp/Data/Pot_A/Pot_A_Piece_06_SampledWithNormals.ply:29: property 'float32 centery' of element 'camera' is not handled
[0;m[1;33m[pcl::PLYReader] Temp/Data/Pot_A/Pot_A_Piece_06_SampledWithNormals.ply:32: property 'float32 k1' of element 'camera' is not handled
[0;m[1;33m[pcl::PLYReader] Temp/Data/Pot_A/Pot_A_Piece_06_SampledWithNormals.ply:33: property 'float32 k2' of element 'camera' is not handled
[0;m[EDGELINE DEBUG] Loaded PointNormal PLY ok, size=7916
[DEBUG AXIS PATH] Using axis file: Dataset/Axes/Pot_A_Piece_06_Axis.xyz
[EDGELINE DEBUG] readFile cols=6 file=Segments/1.xyz rows=28
[EDGELINE DEBUG] Load PLY normals: Temp/Data/Pot_A/Pot_A_Piece_06_SampledWithNormals.ply
[1;33m[pcl::PLYReader] Temp/Data/Pot_A/Pot_A_Piece_06_SampledWithNormals.ply:25: property 'float32 focal' of element 'camera' is not handled
[0;m[1;33m[pcl::PLYReader] Temp/Data/Pot_A/Pot_A_Piece_06_SampledWithNormals.ply:26: property 'float32 scalex' of element 'camera' is not handled
[0;m[1;33m[pcl::PLYReader] Temp/Data/Pot_A/Pot_A_Piece_06_SampledWithNormals.ply:27: property 'float32 scaley' of element 'camera' is not handled
[0;m[1;33m[pcl::PLYReader] Temp/Data/Pot_A/Pot_A_Piece_06_SampledWithNormals.ply:28: property 'float32 centerx' of element 'camera' is not handled
[0;m[1;33m[pcl::PLYReader] Temp/Data/Pot_A/Pot_A_Piece_06_SampledWithNormals.ply:29: property 'float32 centery' of element 'camera' is not handled
[0;m[1;33m[pcl::PLYReader] Temp/Data/Pot_A/Pot_A_Piece_06_SampledWithNormals.ply:32: property 'float32 k1' of element 'camera' is not handled
[0;m[1;33m[pcl::PLYReader] Temp/Data/Pot_A/Pot_A_Piece_06_SampledWithNormals.ply:33: property 'float32 k2' of element 'camera' is not handled
[0;m[EDGELINE DEBUG] Loaded PointNormal PLY ok, size=7916
[EDGELINE DEBUG] readFile cols=6 file=Segments/2.xyz rows=38
[EDGELINE DEBUG] Load PLY normals: Temp/Data/Pot_A/Pot_A_Piece_06_SampledWithNormals.ply
[1;33m[pcl::PLYReader] Temp/Data/Pot_A/Pot_A_Piece_06_SampledWithNormals.ply:25: property 'float32 focal' of element 'camera' is not handled
[0;m[1;33m[pcl::PLYReader] Temp/Data/Pot_A/Pot_A_Piece_06_SampledWithNormals.ply:26: property 'float32 scalex' of element 'camera' is not handled
[0;m[1;33m[pcl::PLYReader] Temp/Data/Pot_A/Pot_A_Piece_06_SampledWithNormals.ply:27: property 'float32 scaley' of element 'camera' is not handled
[0;m[1;33m[pcl::PLYReader] Temp/Data/Pot_A/Pot_A_Piece_06_SampledWithNormals.ply:28: property 'float32 centerx' of element 'camera' is not handled
[0;m[1;33m[pcl::PLYReader] Temp/Data/Pot_A/Pot_A_Piece_06_SampledWithNormals.ply:29: property 'float32 centery' of element 'camera' is not handled
[0;m[1;33m[pcl::PLYReader] Temp/Data/Pot_A/Pot_A_Piece_06_SampledWithNormals.ply:32: property 'float32 k1' of element 'camera' is not handled
[0;m[1;33m[pcl::PLYReader] Temp/Data/Pot_A/Pot_A_Piece_06_SampledWithNormals.ply:33: property 'float32 k2' of element 'camera' is not handled
[0;m[EDGELINE DEBUG] Loaded PointNormal PLY ok, size=7916
[EDGELINE DEBUG] readFile cols=6 file=Segments/3.xyz rows=32
[EDGELINE DEBUG] Load PLY normals: Temp/Data/Pot_A/Pot_A_Piece_06_SampledWithNormals.ply
[1;33m[pcl::PLYReader] Temp/Data/Pot_A/Pot_A_Piece_06_SampledWithNormals.ply:25: property 'float32 focal' of element 'camera' is not handled
[0;m[1;33m[pcl::PLYReader] Temp/Data/Pot_A/Pot_A_Piece_06_SampledWithNormals.ply:26: property 'float32 scalex' of element 'camera' is not handled
[0;m[1;33m[pcl::PLYReader] Temp/Data/Pot_A/Pot_A_Piece_06_SampledWithNormals.ply:27: property 'float32 scaley' of element 'camera' is not handled
[0;m[1;33m[pcl::PLYReader] Temp/Data/Pot_A/Pot_A_Piece_06_SampledWithNormals.ply:28: property 'float32 centerx' of element 'camera' is not handled
[0;m[1;33m[pcl::PLYReader] Temp/Data/Pot_A/Pot_A_Piece_06_SampledWithNormals.ply:29: property 'float32 centery' of element 'camera' is not handled
[0;m[1;33m[pcl::PLYReader] Temp/Data/Pot_A/Pot_A_Piece_06_SampledWithNormals.ply:32: property 'float32 k1' of element 'camera' is not handled
[0;m[1;33m[pcl::PLYReader] Temp/Data/Pot_A/Pot_A_Piece_06_SampledWithNormals.ply:33: property 'float32 k2' of element 'camera' is not handled
[0;m[EDGELINE DEBUG] Loaded PointNormal PLY ok, size=7916
[EDGELINE DEBUG] processFragmentData surface=Temp/Data/Pot_A/Pot_A_Piece_07_Surface_0.xyz mesh=Temp/Data/Pot_A/Pot_A_Piece_07_Mesh.obj
[EDGELINE DEBUG] readFile cols=3 file=Temp/Temp_edge/Pot_A/pointCloudFromMesh.xyz rows=8058
[1;33m[pcl::PLYReader] Temp/Data/Pot_A/Pot_A_Piece_07_unclustered.ply:25: property 'float32 focal' of element 'camera' is not handled
[0;m[1;33m[pcl::PLYReader] Temp/Data/Pot_A/Pot_A_Piece_07_unclustered.ply:26: property 'float32 scalex' of element 'camera' is not handled
[0;m[1;33m[pcl::PLYReader] Temp/Data/Pot_A/Pot_A_Piece_07_unclustered.ply:27: property 'float32 scaley' of element 'camera' is not handled
[0;m[1;33m[pcl::PLYReader] Temp/Data/Pot_A/Pot_A_Piece_07_unclustered.ply:28: property 'float32 centerx' of element 'camera' is not handled
[0;m[1;33m[pcl::PLYReader] Temp/Data/Pot_A/Pot_A_Piece_07_unclustered.ply:29: property 'float32 centery' of element 'camera' is not handled
[0;m[1;33m[pcl::PLYReader] Temp/Data/Pot_A/Pot_A_Piece_07_unclustered.ply:32: property 'float32 k1' of element 'camera' is not handled
[0;m[1;33m[pcl::PLYReader] Temp/Data/Pot_A/Pot_A_Piece_07_unclustered.ply:33: property 'float32 k2' of element 'camera' is not handled
[0;m[1;33m[pcl::PLYReader] Temp/Temp_edge/Pot_A/_breakLineFromConcaveHull.ply:21: property 'float32 focal' of element 'camera' is not handled
[0;m[1;33m[pcl::PLYReader] Temp/Temp_edge/Pot_A/_breakLineFromConcaveHull.ply:22: property 'float32 scalex' of element 'camera' is not handled
[0;m[1;33m[pcl::PLYReader] Temp/Temp_edge/Pot_A/_breakLineFromConcaveHull.ply:23: property 'float32 scaley' of element 'camera' is not handled
[0;m[1;33m[pcl::PLYReader] Temp/Temp_edge/Pot_A/_breakLineFromConcaveHull.ply:24: property 'float32 centerx' of element 'camera' is not handled
[0;m[1;33m[pcl::PLYReader] Temp/Temp_edge/Pot_A/_breakLineFromConcaveHull.ply:25: property 'float32 centery' of element 'camera' is not handled
[0;m[1;33m[pcl::PLYReader] Temp/Temp_edge/Pot_A/_breakLineFromConcaveHull.ply:28: property 'float32 k1' of element 'camera' is not handled
[0;m[1;33m[pcl::PLYReader] Temp/Temp_edge/Pot_A/_breakLineFromConcaveHull.ply:29: property 'float32 k2' of element 'camera' is not handled
[0;m[1;33mFailed to find match for field 'normal_x'.
[0;m[1;33mFailed to find match for field 'normal_y'.
[0;m[1;33mFailed to find match for field 'normal_z'.
[0;m[1;33mFailed to find match for field 'curvature'.
[0;m[EDGELINE DEBUG] readFile cols=3 file=Temp/Temp_edge/Pot_A/CompleteBreakline.xyz rows=132
[EDGELINE DEBUG] detectSeparateLineSegments: file=Temp/Temp_edge/Pot_A/CompleteBreakline.xyz len=10
[EDGELINE DEBUG] readFile cols=3 file=Temp/Temp_edge/Pot_A/CompleteBreakline.xyz rows=132
[EDGELINE DEBUG] readFile cols=6 file=Temp/Temp_edge/Pot_A/CompleteBreakline.xyz rows=132
[EDGELINE DEBUG] b1 rows=132 cols=3 b1_withN rows=132 cols=6
[EDGELINE DEBUG] dist_scoreB1 size=152x1 distScoreOriginalLength size=132x1
[EDGELINE DEBUG] bCombined size=152x3
[EDGELINE DEBUG] readFile cols=6 file=Segments/1.xyz rows=28
[EDGELINE DEBUG] readFile cols=6 file=Segments/2.xyz rows=28
[EDGELINE DEBUG] readFile cols=6 file=Segments/3.xyz rows=54
[EDGELINE DEBUG] readFile cols=6 file=Segments/4.xyz rows=26
[EDGELINE DEBUG] detectedPeakIndices size=4
[EDGELINE DEBUG] Segments files count=4
[EDGELINE DEBUG] axisInfoAvailable=1 path=Dataset/Axes/Pot_A_Piece_07_Axis.xyz
[EDGELINE DEBUG] readFile cols=6 file=Segments/1.xyz rows=28
[DEBUG MATRIX] Segment file Segments/1.xyz matrix dimensions: 28x6
[DEBUG LOOP] Starting segment processing loop, rows=28 cols=6
[DEBUG ACCESS] i=0 accessing row 0 of 28x6 matrix
[DEBUG ACCESS] Accessing normals at i=0
[DEBUG ACCESS] i=1 accessing row 1 of 28x6 matrix
[DEBUG ACCESS] Accessing normals at i=1
[DEBUG ACCESS] i=2 accessing row 2 of 28x6 matrix
[DEBUG ACCESS] Accessing normals at i=2
[DEBUG ACCESS] i=3 accessing row 3 of 28x6 matrix
[DEBUG ACCESS] Accessing normals at i=3
[DEBUG ACCESS] i=4 accessing row 4 of 28x6 matrix
[DEBUG ACCESS] Accessing normals at i=4
[DEBUG ACCESS] i=5 accessing row 5 of 28x6 matrix
[DEBUG ACCESS] Accessing normals at i=5
[DEBUG ACCESS] i=6 accessing row 6 of 28x6 matrix
[DEBUG ACCESS] Accessing normals at i=6
[DEBUG ACCESS] i=7 accessing row 7 of 28x6 matrix
[DEBUG ACCESS] Accessing normals at i=7
[DEBUG ACCESS] i=8 accessing row 8 of 28x6 matrix
[DEBUG ACCESS] Accessing normals at i=8
[DEBUG ACCESS] i=9 accessing row 9 of 28x6 matrix
[DEBUG ACCESS] Accessing normals at i=9
[DEBUG ACCESS] i=10 accessing row 10 of 28x6 matrix
[DEBUG ACCESS] Accessing normals at i=10
[DEBUG ACCESS] i=11 accessing row 11 of 28x6 matrix
[DEBUG ACCESS] Accessing normals at i=11
[DEBUG ACCESS] i=12 accessing row 12 of 28x6 matrix
[DEBUG ACCESS] Accessing normals at i=12
[DEBUG ACCESS] i=13 accessing row 13 of 28x6 matrix
[DEBUG ACCESS] Accessing normals at i=13
[DEBUG ACCESS] i=14 accessing row 14 of 28x6 matrix
[DEBUG ACCESS] Accessing normals at i=14
[DEBUG ACCESS] i=15 accessing row 15 of 28x6 matrix
[DEBUG ACCESS] Accessing normals at i=15
[DEBUG ACCESS] i=16 accessing row 16 of 28x6 matrix
[DEBUG ACCESS] Accessing normals at i=16
[DEBUG ACCESS] i=17 accessing row 17 of 28x6 matrix
[DEBUG ACCESS] Accessing normals at i=17
[DEBUG ACCESS] i=18 accessing row 18 of 28x6 matrix
[DEBUG ACCESS] Accessing normals at i=18
[DEBUG ACCESS] i=19 accessing row 19 of 28x6 matrix
[DEBUG ACCESS] Accessing normals at i=19
[DEBUG ACCESS] i=20 accessing row 20 of 28x6 matrix
[DEBUG ACCESS] Accessing normals at i=20
[DEBUG ACCESS] i=21 accessing row 21 of 28x6 matrix
[DEBUG ACCESS] Accessing normals at i=21
[DEBUG ACCESS] i=22 accessing row 22 of 28x6 matrix
[DEBUG ACCESS] Accessing normals at i=22
[DEBUG ACCESS] i=23 accessing row 23 of 28x6 matrix
[DEBUG ACCESS] Accessing normals at i=23
[DEBUG ACCESS] i=24 accessing row 24 of 28x6 matrix
[DEBUG ACCESS] Accessing normals at i=24
[DEBUG ACCESS] i=25 accessing row 25 of 28x6 matrix
[DEBUG ACCESS] Accessing normals at i=25
[DEBUG ACCESS] i=26 accessing row 26 of 28x6 matrix
[DEBUG ACCESS] Accessing normals at i=26
[EDGELINE DEBUG] Load PLY normals: Temp/Data/Pot_A/Pot_A_Piece_07_SampledWithNormals.ply
[1;33m[pcl::PLYReader] Temp/Data/Pot_A/Pot_A_Piece_07_SampledWithNormals.ply:25: property 'float32 focal' of element 'camera' is not handled
[0;m[1;33m[pcl::PLYReader] Temp/Data/Pot_A/Pot_A_Piece_07_SampledWithNormals.ply:26: property 'float32 scalex' of element 'camera' is not handled
[0;m[1;33m[pcl::PLYReader] Temp/Data/Pot_A/Pot_A_Piece_07_SampledWithNormals.ply:27: property 'float32 scaley' of element 'camera' is not handled
[0;m[1;33m[pcl::PLYReader] Temp/Data/Pot_A/Pot_A_Piece_07_SampledWithNormals.ply:28: property 'float32 centerx' of element 'camera' is not handled
[0;m[1;33m[pcl::PLYReader] Temp/Data/Pot_A/Pot_A_Piece_07_SampledWithNormals.ply:29: property 'float32 centery' of element 'camera' is not handled
[0;m[1;33m[pcl::PLYReader] Temp/Data/Pot_A/Pot_A_Piece_07_SampledWithNormals.ply:32: property 'float32 k1' of element 'camera' is not handled
[0;m[1;33m[pcl::PLYReader] Temp/Data/Pot_A/Pot_A_Piece_07_SampledWithNormals.ply:33: property 'float32 k2' of element 'camera' is not handled
[0;m[EDGELINE DEBUG] Loaded PointNormal PLY ok, size=11312
[DEBUG AXIS PATH] Using axis file: Dataset/Axes/Pot_A_Piece_07_Axis.xyz
[EDGELINE DEBUG] readFile cols=6 file=Segments/2.xyz rows=28
[DEBUG MATRIX] Segment file Segments/2.xyz matrix dimensions: 28x6
[DEBUG LOOP] Starting segment processing loop, rows=28 cols=6
[DEBUG ACCESS] i=0 accessing row 0 of 28x6 matrix
[DEBUG ACCESS] Accessing normals at i=0
[DEBUG ACCESS] i=1 accessing row 1 of 28x6 matrix
[DEBUG ACCESS] Accessing normals at i=1
[DEBUG ACCESS] i=2 accessing row 2 of 28x6 matrix
[DEBUG ACCESS] Accessing normals at i=2
[DEBUG ACCESS] i=3 accessing row 3 of 28x6 matrix
[DEBUG ACCESS] Accessing normals at i=3
[DEBUG ACCESS] i=4 accessing row 4 of 28x6 matrix
[DEBUG ACCESS] Accessing normals at i=4
[DEBUG ACCESS] i=5 accessing row 5 of 28x6 matrix
[DEBUG ACCESS] Accessing normals at i=5
[DEBUG ACCESS] i=6 accessing row 6 of 28x6 matrix
[DEBUG ACCESS] Accessing normals at i=6
[DEBUG ACCESS] i=7 accessing row 7 of 28x6 matrix
[DEBUG ACCESS] Accessing normals at i=7
[DEBUG ACCESS] i=8 accessing row 8 of 28x6 matrix
[DEBUG ACCESS] Accessing normals at i=8
[DEBUG ACCESS] i=9 accessing row 9 of 28x6 matrix
[DEBUG ACCESS] Accessing normals at i=9
[DEBUG ACCESS] i=10 accessing row 10 of 28x6 matrix
[DEBUG ACCESS] Accessing normals at i=10
[DEBUG ACCESS] i=11 accessing row 11 of 28x6 matrix
[DEBUG ACCESS] Accessing normals at i=11
[DEBUG ACCESS] i=12 accessing row 12 of 28x6 matrix
[DEBUG ACCESS] Accessing normals at i=12
[DEBUG ACCESS] i=13 accessing row 13 of 28x6 matrix
[DEBUG ACCESS] Accessing normals at i=13
[DEBUG ACCESS] i=14 accessing row 14 of 28x6 matrix
[DEBUG ACCESS] Accessing normals at i=14
[DEBUG ACCESS] i=15 accessing row 15 of 28x6 matrix
[DEBUG ACCESS] Accessing normals at i=15
[DEBUG ACCESS] i=16 accessing row 16 of 28x6 matrix
[DEBUG ACCESS] Accessing normals at i=16
[DEBUG ACCESS] i=17 accessing row 17 of 28x6 matrix
[DEBUG ACCESS] Accessing normals at i=17
[DEBUG ACCESS] i=18 accessing row 18 of 28x6 matrix
[DEBUG ACCESS] Accessing normals at i=18
[DEBUG ACCESS] i=19 accessing row 19 of 28x6 matrix
[DEBUG ACCESS] Accessing normals at i=19
[DEBUG ACCESS] i=20 accessing row 20 of 28x6 matrix
[DEBUG ACCESS] Accessing normals at i=20
[DEBUG ACCESS] i=21 accessing row 21 of 28x6 matrix
[DEBUG ACCESS] Accessing normals at i=21
[DEBUG ACCESS] i=22 accessing row 22 of 28x6 matrix
[DEBUG ACCESS] Accessing normals at i=22
[DEBUG ACCESS] i=23 accessing row 23 of 28x6 matrix
[DEBUG ACCESS] Accessing normals at i=23
[DEBUG ACCESS] i=24 accessing row 24 of 28x6 matrix
[DEBUG ACCESS] Accessing normals at i=24
[DEBUG ACCESS] i=25 accessing row 25 of 28x6 matrix
[DEBUG ACCESS] Accessing normals at i=25
[DEBUG ACCESS] i=26 accessing row 26 of 28x6 matrix
[DEBUG ACCESS] Accessing normals at i=26
[EDGELINE DEBUG] Load PLY normals: Temp/Data/Pot_A/Pot_A_Piece_07_SampledWithNormals.ply
[1;33m[pcl::PLYReader] Temp/Data/Pot_A/Pot_A_Piece_07_SampledWithNormals.ply:25: property 'float32 focal' of element 'camera' is not handled
[0;m[1;33m[pcl::PLYReader] Temp/Data/Pot_A/Pot_A_Piece_07_SampledWithNormals.ply:26: property 'float32 scalex' of element 'camera' is not handled
[0;m[1;33m[pcl::PLYReader] Temp/Data/Pot_A/Pot_A_Piece_07_SampledWithNormals.ply:27: property 'float32 scaley' of element 'camera' is not handled
[0;m[1;33m[pcl::PLYReader] Temp/Data/Pot_A/Pot_A_Piece_07_SampledWithNormals.ply:28: property 'float32 centerx' of element 'camera' is not handled
[0;m[1;33m[pcl::PLYReader] Temp/Data/Pot_A/Pot_A_Piece_07_SampledWithNormals.ply:29: property 'float32 centery' of element 'camera' is not handled
[0;m[1;33m[pcl::PLYReader] Temp/Data/Pot_A/Pot_A_Piece_07_SampledWithNormals.ply:32: property 'float32 k1' of element 'camera' is not handled
[0;m[1;33m[pcl::PLYReader] Temp/Data/Pot_A/Pot_A_Piece_07_SampledWithNormals.ply:33: property 'float32 k2' of element 'camera' is not handled
[0;m[EDGELINE DEBUG] Loaded PointNormal PLY ok, size=11312
[DEBUG AXIS PATH] Using axis file: Dataset/Axes/Pot_A_Piece_07_Axis.xyz
[EDGELINE DEBUG] readFile cols=6 file=Segments/3.xyz rows=54
[DEBUG MATRIX] Segment file Segments/3.xyz matrix dimensions: 54x6
[DEBUG LOOP] Starting segment processing loop, rows=54 cols=6
[DEBUG ACCESS] i=0 accessing row 0 of 54x6 matrix
[DEBUG ACCESS] Accessing normals at i=0
[DEBUG ACCESS] i=1 accessing row 1 of 54x6 matrix
[DEBUG ACCESS] Accessing normals at i=1
[DEBUG ACCESS] i=2 accessing row 2 of 54x6 matrix
[DEBUG ACCESS] Accessing normals at i=2
[DEBUG ACCESS] i=3 accessing row 3 of 54x6 matrix
[DEBUG ACCESS] Accessing normals at i=3
[DEBUG ACCESS] i=4 accessing row 4 of 54x6 matrix
[DEBUG ACCESS] Accessing normals at i=4
[DEBUG ACCESS] i=5 accessing row 5 of 54x6 matrix
[DEBUG ACCESS] Accessing normals at i=5
[DEBUG ACCESS] i=6 accessing row 6 of 54x6 matrix
[DEBUG ACCESS] Accessing normals at i=6
[DEBUG ACCESS] i=7 accessing row 7 of 54x6 matrix
[DEBUG ACCESS] Accessing normals at i=7
[DEBUG ACCESS] i=8 accessing row 8 of 54x6 matrix
[DEBUG ACCESS] Accessing normals at i=8
[DEBUG ACCESS] i=9 accessing row 9 of 54x6 matrix
[DEBUG ACCESS] Accessing normals at i=9
[DEBUG ACCESS] i=10 accessing row 10 of 54x6 matrix
[DEBUG ACCESS] Accessing normals at i=10
[DEBUG ACCESS] i=11 accessing row 11 of 54x6 matrix
[DEBUG ACCESS] Accessing normals at i=11
[DEBUG ACCESS] i=12 accessing row 12 of 54x6 matrix
[DEBUG ACCESS] Accessing normals at i=12
[DEBUG ACCESS] i=13 accessing row 13 of 54x6 matrix
[DEBUG ACCESS] Accessing normals at i=13
[DEBUG ACCESS] i=14 accessing row 14 of 54x6 matrix
[DEBUG ACCESS] Accessing normals at i=14
[DEBUG ACCESS] i=15 accessing row 15 of 54x6 matrix
[DEBUG ACCESS] Accessing normals at i=15
[DEBUG ACCESS] i=16 accessing row 16 of 54x6 matrix
[DEBUG ACCESS] Accessing normals at i=16
[DEBUG ACCESS] i=17 accessing row 17 of 54x6 matrix
[DEBUG ACCESS] Accessing normals at i=17
[DEBUG ACCESS] i=18 accessing row 18 of 54x6 matrix
[DEBUG ACCESS] Accessing normals at i=18
[DEBUG ACCESS] i=19 accessing row 19 of 54x6 matrix
[DEBUG ACCESS] Accessing normals at i=19
[DEBUG ACCESS] i=20 accessing row 20 of 54x6 matrix
[DEBUG ACCESS] Accessing normals at i=20
[DEBUG ACCESS] i=21 accessing row 21 of 54x6 matrix
[DEBUG ACCESS] Accessing normals at i=21
[DEBUG ACCESS] i=22 accessing row 22 of 54x6 matrix
[DEBUG ACCESS] Accessing normals at i=22
[DEBUG ACCESS] i=23 accessing row 23 of 54x6 matrix
[DEBUG ACCESS] Accessing normals at i=23
[DEBUG ACCESS] i=24 accessing row 24 of 54x6 matrix
[DEBUG ACCESS] Accessing normals at i=24
[DEBUG ACCESS] i=25 accessing row 25 of 54x6 matrix
[DEBUG ACCESS] Accessing normals at i=25
[DEBUG ACCESS] i=26 accessing row 26 of 54x6 matrix
[DEBUG ACCESS] Accessing normals at i=26
[DEBUG ACCESS] i=27 accessing row 27 of 54x6 matrix
[DEBUG ACCESS] Accessing normals at i=27
[DEBUG ACCESS] i=28 accessing row 28 of 54x6 matrix
[DEBUG ACCESS] Accessing normals at i=28
[DEBUG ACCESS] i=29 accessing row 29 of 54x6 matrix
[DEBUG ACCESS] Accessing normals at i=29
[DEBUG ACCESS] i=30 accessing row 30 of 54x6 matrix
[DEBUG ACCESS] Accessing normals at i=30
[DEBUG ACCESS] i=31 accessing row 31 of 54x6 matrix
[DEBUG ACCESS] Accessing normals at i=31
[DEBUG ACCESS] i=32 accessing row 32 of 54x6 matrix
[DEBUG ACCESS] Accessing normals at i=32
[DEBUG ACCESS] i=33 accessing row 33 of 54x6 matrix
[DEBUG ACCESS] Accessing normals at i=33
[DEBUG ACCESS] i=34 accessing row 34 of 54x6 matrix
[DEBUG ACCESS] Accessing normals at i=34
[DEBUG ACCESS] i=35 accessing row 35 of 54x6 matrix
[DEBUG ACCESS] Accessing normals at i=35
[DEBUG ACCESS] i=36 accessing row 36 of 54x6 matrix
[DEBUG ACCESS] Accessing normals at i=36
[DEBUG ACCESS] i=37 accessing row 37 of 54x6 matrix
[DEBUG ACCESS] Accessing normals at i=37
[DEBUG ACCESS] i=38 accessing row 38 of 54x6 matrix
[DEBUG ACCESS] Accessing normals at i=38
[DEBUG ACCESS] i=39 accessing row 39 of 54x6 matrix
[DEBUG ACCESS] Accessing normals at i=39
[DEBUG ACCESS] i=40 accessing row 40 of 54x6 matrix
[DEBUG ACCESS] Accessing normals at i=40
[DEBUG ACCESS] i=41 accessing row 41 of 54x6 matrix
[DEBUG ACCESS] Accessing normals at i=41
[DEBUG ACCESS] i=42 accessing row 42 of 54x6 matrix
[DEBUG ACCESS] Accessing normals at i=42
[DEBUG ACCESS] i=43 accessing row 43 of 54x6 matrix
[DEBUG ACCESS] Accessing normals at i=43
[DEBUG ACCESS] i=44 accessing row 44 of 54x6 matrix
[DEBUG ACCESS] Accessing normals at i=44
[DEBUG ACCESS] i=45 accessing row 45 of 54x6 matrix
[DEBUG ACCESS] Accessing normals at i=45
[DEBUG ACCESS] i=46 accessing row 46 of 54x6 matrix
[DEBUG ACCESS] Accessing normals at i=46
[DEBUG ACCESS] i=47 accessing row 47 of 54x6 matrix
[DEBUG ACCESS] Accessing normals at i=47
[DEBUG ACCESS] i=48 accessing row 48 of 54x6 matrix
[DEBUG ACCESS] Accessing normals at i=48
[DEBUG ACCESS] i=49 accessing row 49 of 54x6 matrix
[DEBUG ACCESS] Accessing normals at i=49
[DEBUG ACCESS] i=50 accessing row 50 of 54x6 matrix
[DEBUG ACCESS] Accessing normals at i=50
[DEBUG ACCESS] i=51 accessing row 51 of 54x6 matrix
[DEBUG ACCESS] Accessing normals at i=51
[DEBUG ACCESS] i=52 accessing row 52 of 54x6 matrix
[DEBUG ACCESS] Accessing normals at i=52
[EDGELINE DEBUG] Load PLY normals: Temp/Data/Pot_A/Pot_A_Piece_07_SampledWithNormals.ply
[1;33m[pcl::PLYReader] Temp/Data/Pot_A/Pot_A_Piece_07_SampledWithNormals.ply:25: property 'float32 focal' of element 'camera' is not handled
[0;m[1;33m[pcl::PLYReader] Temp/Data/Pot_A/Pot_A_Piece_07_SampledWithNormals.ply:26: property 'float32 scalex' of element 'camera' is not handled
[0;m[1;33m[pcl::PLYReader] Temp/Data/Pot_A/Pot_A_Piece_07_SampledWithNormals.ply:27: property 'float32 scaley' of element 'camera' is not handled
[0;m[1;33m[pcl::PLYReader] Temp/Data/Pot_A/Pot_A_Piece_07_SampledWithNormals.ply:28: property 'float32 centerx' of element 'camera' is not handled
[0;m[1;33m[pcl::PLYReader] Temp/Data/Pot_A/Pot_A_Piece_07_SampledWithNormals.ply:29: property 'float32 centery' of element 'camera' is not handled
[0;m[1;33m[pcl::PLYReader] Temp/Data/Pot_A/Pot_A_Piece_07_SampledWithNormals.ply:32: property 'float32 k1' of element 'camera' is not handled
[0;m[1;33m[pcl::PLYReader] Temp/Data/Pot_A/Pot_A_Piece_07_SampledWithNormals.ply:33: property 'float32 k2' of element 'camera' is not handled
[0;m[EDGELINE DEBUG] Loaded PointNormal PLY ok, size=11312
[DEBUG AXIS PATH] Using axis file: Dataset/Axes/Pot_A_Piece_07_Axis.xyz
[EDGELINE DEBUG] readFile cols=6 file=Segments/4.xyz rows=26
[DEBUG MATRIX] Segment file Segments/4.xyz matrix dimensions: 26x6
[DEBUG LOOP] Starting segment processing loop, rows=26 cols=6
[DEBUG ACCESS] i=0 accessing row 0 of 26x6 matrix
[DEBUG ACCESS] Accessing normals at i=0
[DEBUG ACCESS] i=1 accessing row 1 of 26x6 matrix
[DEBUG ACCESS] Accessing normals at i=1
[DEBUG ACCESS] i=2 accessing row 2 of 26x6 matrix
[DEBUG ACCESS] Accessing normals at i=2
[DEBUG ACCESS] i=3 accessing row 3 of 26x6 matrix
[DEBUG ACCESS] Accessing normals at i=3
[DEBUG ACCESS] i=4 accessing row 4 of 26x6 matrix
[DEBUG ACCESS] Accessing normals at i=4
[DEBUG ACCESS] i=5 accessing row 5 of 26x6 matrix
[DEBUG ACCESS] Accessing normals at i=5
[DEBUG ACCESS] i=6 accessing row 6 of 26x6 matrix
[DEBUG ACCESS] Accessing normals at i=6
[DEBUG ACCESS] i=7 accessing row 7 of 26x6 matrix
[DEBUG ACCESS] Accessing normals at i=7
[DEBUG ACCESS] i=8 accessing row 8 of 26x6 matrix
[DEBUG ACCESS] Accessing normals at i=8
[DEBUG ACCESS] i=9 accessing row 9 of 26x6 matrix
[DEBUG ACCESS] Accessing normals at i=9
[DEBUG ACCESS] i=10 accessing row 10 of 26x6 matrix
[DEBUG ACCESS] Accessing normals at i=10
[DEBUG ACCESS] i=11 accessing row 11 of 26x6 matrix
[DEBUG ACCESS] Accessing normals at i=11
[DEBUG ACCESS] i=12 accessing row 12 of 26x6 matrix
[DEBUG ACCESS] Accessing normals at i=12
[DEBUG ACCESS] i=13 accessing row 13 of 26x6 matrix
[DEBUG ACCESS] Accessing normals at i=13
[DEBUG ACCESS] i=14 accessing row 14 of 26x6 matrix
[DEBUG ACCESS] Accessing normals at i=14
[DEBUG ACCESS] i=15 accessing row 15 of 26x6 matrix
[DEBUG ACCESS] Accessing normals at i=15
[DEBUG ACCESS] i=16 accessing row 16 of 26x6 matrix
[DEBUG ACCESS] Accessing normals at i=16
[DEBUG ACCESS] i=17 accessing row 17 of 26x6 matrix
[DEBUG ACCESS] Accessing normals at i=17
[DEBUG ACCESS] i=18 accessing row 18 of 26x6 matrix
[DEBUG ACCESS] Accessing normals at i=18
[DEBUG ACCESS] i=19 accessing row 19 of 26x6 matrix
[DEBUG ACCESS] Accessing normals at i=19
[DEBUG ACCESS] i=20 accessing row 20 of 26x6 matrix
[DEBUG ACCESS] Accessing normals at i=20
[DEBUG ACCESS] i=21 accessing row 21 of 26x6 matrix
[DEBUG ACCESS] Accessing normals at i=21
[DEBUG ACCESS] i=22 accessing row 22 of 26x6 matrix
[DEBUG ACCESS] Accessing normals at i=22
[DEBUG ACCESS] i=23 accessing row 23 of 26x6 matrix
[DEBUG ACCESS] Accessing normals at i=23
[DEBUG ACCESS] i=24 accessing row 24 of 26x6 matrix
[DEBUG ACCESS] Accessing normals at i=24
[EDGELINE DEBUG] Load PLY normals: Temp/Data/Pot_A/Pot_A_Piece_07_SampledWithNormals.ply
[1;33m[pcl::PLYReader] Temp/Data/Pot_A/Pot_A_Piece_07_SampledWithNormals.ply:25: property 'float32 focal' of element 'camera' is not handled
[0;m[1;33m[pcl::PLYReader] Temp/Data/Pot_A/Pot_A_Piece_07_SampledWithNormals.ply:26: property 'float32 scalex' of element 'camera' is not handled
[0;m[1;33m[pcl::PLYReader] Temp/Data/Pot_A/Pot_A_Piece_07_SampledWithNormals.ply:27: property 'float32 scaley' of element 'camera' is not handled
[0;m[1;33m[pcl::PLYReader] Temp/Data/Pot_A/Pot_A_Piece_07_SampledWithNormals.ply:28: property 'float32 centerx' of element 'camera' is not handled
[0;m[1;33m[pcl::PLYReader] Temp/Data/Pot_A/Pot_A_Piece_07_SampledWithNormals.ply:29: property 'float32 centery' of element 'camera' is not handled
[0;m[1;33m[pcl::PLYReader] Temp/Data/Pot_A/Pot_A_Piece_07_SampledWithNormals.ply:32: property 'float32 k1' of element 'camera' is not handled
[0;m[1;33m[pcl::PLYReader] Temp/Data/Pot_A/Pot_A_Piece_07_SampledWithNormals.ply:33: property 'float32 k2' of element 'camera' is not handled
[0;m[EDGELINE DEBUG] Loaded PointNormal PLY ok, size=11312
[DEBUG AXIS PATH] Using axis file: Dataset/Axes/Pot_A_Piece_07_Axis.xyz
[EDGELINE DEBUG] readFile cols=6 file=Segments/1.xyz rows=28
[EDGELINE DEBUG] Load PLY normals: Temp/Data/Pot_A/Pot_A_Piece_07_SampledWithNormals.ply
[1;33m[pcl::PLYReader] Temp/Data/Pot_A/Pot_A_Piece_07_SampledWithNormals.ply:25: property 'float32 focal' of element 'camera' is not handled
[0;m[1;33m[pcl::PLYReader] Temp/Data/Pot_A/Pot_A_Piece_07_SampledWithNormals.ply:26: property 'float32 scalex' of element 'camera' is not handled
[0;m[1;33m[pcl::PLYReader] Temp/Data/Pot_A/Pot_A_Piece_07_SampledWithNormals.ply:27: property 'float32 scaley' of element 'camera' is not handled
[0;m[1;33m[pcl::PLYReader] Temp/Data/Pot_A/Pot_A_Piece_07_SampledWithNormals.ply:28: property 'float32 centerx' of element 'camera' is not handled
[0;m[1;33m[pcl::PLYReader] Temp/Data/Pot_A/Pot_A_Piece_07_SampledWithNormals.ply:29: property 'float32 centery' of element 'camera' is not handled
[0;m[1;33m[pcl::PLYReader] Temp/Data/Pot_A/Pot_A_Piece_07_SampledWithNormals.ply:32: property 'float32 k1' of element 'camera' is not handled
[0;m[1;33m[pcl::PLYReader] Temp/Data/Pot_A/Pot_A_Piece_07_SampledWithNormals.ply:33: property 'float32 k2' of element 'camera' is not handled
[0;m[EDGELINE DEBUG] Loaded PointNormal PLY ok, size=11312
[EDGELINE DEBUG] readFile cols=6 file=Segments/2.xyz rows=28
[EDGELINE DEBUG] Load PLY normals: Temp/Data/Pot_A/Pot_A_Piece_07_SampledWithNormals.ply
[1;33m[pcl::PLYReader] Temp/Data/Pot_A/Pot_A_Piece_07_SampledWithNormals.ply:25: property 'float32 focal' of element 'camera' is not handled
[0;m[1;33m[pcl::PLYReader] Temp/Data/Pot_A/Pot_A_Piece_07_SampledWithNormals.ply:26: property 'float32 scalex' of element 'camera' is not handled
[0;m[1;33m[pcl::PLYReader] Temp/Data/Pot_A/Pot_A_Piece_07_SampledWithNormals.ply:27: property 'float32 scaley' of element 'camera' is not handled
[0;m[1;33m[pcl::PLYReader] Temp/Data/Pot_A/Pot_A_Piece_07_SampledWithNormals.ply:28: property 'float32 centerx' of element 'camera' is not handled
[0;m[1;33m[pcl::PLYReader] Temp/Data/Pot_A/Pot_A_Piece_07_SampledWithNormals.ply:29: property 'float32 centery' of element 'camera' is not handled
[0;m[1;33m[pcl::PLYReader] Temp/Data/Pot_A/Pot_A_Piece_07_SampledWithNormals.ply:32: property 'float32 k1' of element 'camera' is not handled
[0;m[1;33m[pcl::PLYReader] Temp/Data/Pot_A/Pot_A_Piece_07_SampledWithNormals.ply:33: property 'float32 k2' of element 'camera' is not handled
[0;m[EDGELINE DEBUG] Loaded PointNormal PLY ok, size=11312
[EDGELINE DEBUG] readFile cols=6 file=Segments/3.xyz rows=54
[EDGELINE DEBUG] Load PLY normals: Temp/Data/Pot_A/Pot_A_Piece_07_SampledWithNormals.ply
[1;33m[pcl::PLYReader] Temp/Data/Pot_A/Pot_A_Piece_07_SampledWithNormals.ply:25: property 'float32 focal' of element 'camera' is not handled
[0;m[1;33m[pcl::PLYReader] Temp/Data/Pot_A/Pot_A_Piece_07_SampledWithNormals.ply:26: property 'float32 scalex' of element 'camera' is not handled
[0;m[1;33m[pcl::PLYReader] Temp/Data/Pot_A/Pot_A_Piece_07_SampledWithNormals.ply:27: property 'float32 scaley' of element 'camera' is not handled
[0;m[1;33m[pcl::PLYReader] Temp/Data/Pot_A/Pot_A_Piece_07_SampledWithNormals.ply:28: property 'float32 centerx' of element 'camera' is not handled
[0;m[1;33m[pcl::PLYReader] Temp/Data/Pot_A/Pot_A_Piece_07_SampledWithNormals.ply:29: property 'float32 centery' of element 'camera' is not handled
[0;m[1;33m[pcl::PLYReader] Temp/Data/Pot_A/Pot_A_Piece_07_SampledWithNormals.ply:32: property 'float32 k1' of element 'camera' is not handled
[0;m[1;33m[pcl::PLYReader] Temp/Data/Pot_A/Pot_A_Piece_07_SampledWithNormals.ply:33: property 'float32 k2' of element 'camera' is not handled
[0;m[EDGELINE DEBUG] Loaded PointNormal PLY ok, size=11312
[EDGELINE DEBUG] readFile cols=6 file=Segments/4.xyz rows=26
[EDGELINE DEBUG] Load PLY normals: Temp/Data/Pot_A/Pot_A_Piece_07_SampledWithNormals.ply
[1;33m[pcl::PLYReader] Temp/Data/Pot_A/Pot_A_Piece_07_SampledWithNormals.ply:25: property 'float32 focal' of element 'camera' is not handled
[0;m[1;33m[pcl::PLYReader] Temp/Data/Pot_A/Pot_A_Piece_07_SampledWithNormals.ply:26: property 'float32 scalex' of element 'camera' is not handled
[0;m[1;33m[pcl::PLYReader] Temp/Data/Pot_A/Pot_A_Piece_07_SampledWithNormals.ply:27: property 'float32 scaley' of element 'camera' is not handled
[0;m[1;33m[pcl::PLYReader] Temp/Data/Pot_A/Pot_A_Piece_07_SampledWithNormals.ply:28: property 'float32 centerx' of element 'camera' is not handled
[0;m[1;33m[pcl::PLYReader] Temp/Data/Pot_A/Pot_A_Piece_07_SampledWithNormals.ply:29: property 'float32 centery' of element 'camera' is not handled
[0;m[1;33m[pcl::PLYReader] Temp/Data/Pot_A/Pot_A_Piece_07_SampledWithNormals.ply:32: property 'float32 k1' of element 'camera' is not handled
[0;m[1;33m[pcl::PLYReader] Temp/Data/Pot_A/Pot_A_Piece_07_SampledWithNormals.ply:33: property 'float32 k2' of element 'camera' is not handled
[0;m[EDGELINE DEBUG] Loaded PointNormal PLY ok, size=11312
[EDGELINE DEBUG] processFragmentData surface=Temp/Data/Pot_A/Pot_A_Piece_07_Surface_1.xyz mesh=Temp/Data/Pot_A/Pot_A_Piece_07_Mesh.obj
[EDGELINE DEBUG] readFile cols=3 file=Temp/Temp_edge/Pot_A/pointCloudFromMesh.xyz rows=7034
[1;33m[pcl::PLYReader] Temp/Data/Pot_A/Pot_A_Piece_07_unclustered.ply:25: property 'float32 focal' of element 'camera' is not handled
[0;m[1;33m[pcl::PLYReader] Temp/Data/Pot_A/Pot_A_Piece_07_unclustered.ply:26: property 'float32 scalex' of element 'camera' is not handled
[0;m[1;33m[pcl::PLYReader] Temp/Data/Pot_A/Pot_A_Piece_07_unclustered.ply:27: property 'float32 scaley' of element 'camera' is not handled
[0;m[1;33m[pcl::PLYReader] Temp/Data/Pot_A/Pot_A_Piece_07_unclustered.ply:28: property 'float32 centerx' of element 'camera' is not handled
[0;m[1;33m[pcl::PLYReader] Temp/Data/Pot_A/Pot_A_Piece_07_unclustered.ply:29: property 'float32 centery' of element 'camera' is not handled
[0;m[1;33m[pcl::PLYReader] Temp/Data/Pot_A/Pot_A_Piece_07_unclustered.ply:32: property 'float32 k1' of element 'camera' is not handled
[0;m[1;33m[pcl::PLYReader] Temp/Data/Pot_A/Pot_A_Piece_07_unclustered.ply:33: property 'float32 k2' of element 'camera' is not handled
[0;m[1;33m[pcl::PLYReader] Temp/Temp_edge/Pot_A/_breakLineFromConcaveHull.ply:21: property 'float32 focal' of element 'camera' is not handled
[0;m[1;33m[pcl::PLYReader] Temp/Temp_edge/Pot_A/_breakLineFromConcaveHull.ply:22: property 'float32 scalex' of element 'camera' is not handled
[0;m[1;33m[pcl::PLYReader] Temp/Temp_edge/Pot_A/_breakLineFromConcaveHull.ply:23: property 'float32 scaley' of element 'camera' is not handled
[0;m[1;33m[pcl::PLYReader] Temp/Temp_edge/Pot_A/_breakLineFromConcaveHull.ply:24: property 'float32 centerx' of element 'camera' is not handled
[0;m[1;33m[pcl::PLYReader] Temp/Temp_edge/Pot_A/_breakLineFromConcaveHull.ply:25: property 'float32 centery' of element 'camera' is not handled
[0;m[1;33m[pcl::PLYReader] Temp/Temp_edge/Pot_A/_breakLineFromConcaveHull.ply:28: property 'float32 k1' of element 'camera' is not handled
[0;m[1;33m[pcl::PLYReader] Temp/Temp_edge/Pot_A/_breakLineFromConcaveHull.ply:29: property 'float32 k2' of element 'camera' is not handled
[0;m[1;33mFailed to find match for field 'normal_x'.
[0;m[1;33mFailed to find match for field 'normal_y'.
[0;m[1;33mFailed to find match for field 'normal_z'.
[0;m[1;33mFailed to find match for field 'curvature'.
[0;m[EDGELINE DEBUG] readFile cols=3 file=Temp/Temp_edge/Pot_A/CompleteBreakline.xyz rows=111
[EDGELINE DEBUG] detectSeparateLineSegments: file=Temp/Temp_edge/Pot_A/CompleteBreakline.xyz len=10
[EDGELINE DEBUG] readFile cols=3 file=Temp/Temp_edge/Pot_A/CompleteBreakline.xyz rows=111
[EDGELINE DEBUG] readFile cols=6 file=Temp/Temp_edge/Pot_A/CompleteBreakline.xyz rows=111
[EDGELINE DEBUG] b1 rows=111 cols=3 b1_withN rows=111 cols=6
[EDGELINE DEBUG] dist_scoreB1 size=131x1 distScoreOriginalLength size=111x1
[EDGELINE DEBUG] bCombined size=131x3
[EDGELINE DEBUG] readFile cols=6 file=Segments/1.xyz rows=13
[EDGELINE DEBUG] readFile cols=6 file=Segments/2.xyz rows=54
[EDGELINE DEBUG] readFile cols=6 file=Segments/3.xyz rows=47
[EDGELINE DEBUG] detectedPeakIndices size=3
[EDGELINE DEBUG] Segments files count=3
[EDGELINE DEBUG] axisInfoAvailable=1 path=Dataset/Axes/Pot_A_Piece_07_Axis.xyz
[EDGELINE DEBUG] readFile cols=6 file=Segments/1.xyz rows=13
[DEBUG MATRIX] Segment file Segments/1.xyz matrix dimensions: 13x6
[DEBUG LOOP] Starting segment processing loop, rows=13 cols=6
[DEBUG ACCESS] i=0 accessing row 0 of 13x6 matrix
[DEBUG ACCESS] Accessing normals at i=0
[DEBUG ACCESS] i=1 accessing row 1 of 13x6 matrix
[DEBUG ACCESS] Accessing normals at i=1
[DEBUG ACCESS] i=2 accessing row 2 of 13x6 matrix
[DEBUG ACCESS] Accessing normals at i=2
[DEBUG ACCESS] i=3 accessing row 3 of 13x6 matrix
[DEBUG ACCESS] Accessing normals at i=3
[DEBUG ACCESS] i=4 accessing row 4 of 13x6 matrix
[DEBUG ACCESS] Accessing normals at i=4
[DEBUG ACCESS] i=5 accessing row 5 of 13x6 matrix
[DEBUG ACCESS] Accessing normals at i=5
[DEBUG ACCESS] i=6 accessing row 6 of 13x6 matrix
[DEBUG ACCESS] Accessing normals at i=6
[DEBUG ACCESS] i=7 accessing row 7 of 13x6 matrix
[DEBUG ACCESS] Accessing normals at i=7
[DEBUG ACCESS] i=8 accessing row 8 of 13x6 matrix
[DEBUG ACCESS] Accessing normals at i=8
[DEBUG ACCESS] i=9 accessing row 9 of 13x6 matrix
[DEBUG ACCESS] Accessing normals at i=9
[DEBUG ACCESS] i=10 accessing row 10 of 13x6 matrix
[DEBUG ACCESS] Accessing normals at i=10
[DEBUG ACCESS] i=11 accessing row 11 of 13x6 matrix
[DEBUG ACCESS] Accessing normals at i=11
[EDGELINE DEBUG] Load PLY normals: Temp/Data/Pot_A/Pot_A_Piece_07_SampledWithNormals.ply
[1;33m[pcl::PLYReader] Temp/Data/Pot_A/Pot_A_Piece_07_SampledWithNormals.ply:25: property 'float32 focal' of element 'camera' is not handled
[0;m[1;33m[pcl::PLYReader] Temp/Data/Pot_A/Pot_A_Piece_07_SampledWithNormals.ply:26: property 'float32 scalex' of element 'camera' is not handled
[0;m[1;33m[pcl::PLYReader] Temp/Data/Pot_A/Pot_A_Piece_07_SampledWithNormals.ply:27: property 'float32 scaley' of element 'camera' is not handled
[0;m[1;33m[pcl::PLYReader] Temp/Data/Pot_A/Pot_A_Piece_07_SampledWithNormals.ply:28: property 'float32 centerx' of element 'camera' is not handled
[0;m[1;33m[pcl::PLYReader] Temp/Data/Pot_A/Pot_A_Piece_07_SampledWithNormals.ply:29: property 'float32 centery' of element 'camera' is not handled
[0;m[1;33m[pcl::PLYReader] Temp/Data/Pot_A/Pot_A_Piece_07_SampledWithNormals.ply:32: property 'float32 k1' of element 'camera' is not handled
[0;m[1;33m[pcl::PLYReader] Temp/Data/Pot_A/Pot_A_Piece_07_SampledWithNormals.ply:33: property 'float32 k2' of element 'camera' is not handled
[0;m[EDGELINE DEBUG] Loaded PointNormal PLY ok, size=11312
[DEBUG AXIS PATH] Using axis file: Dataset/Axes/Pot_A_Piece_07_Axis.xyz
[EDGELINE DEBUG] readFile cols=6 file=Segments/2.xyz rows=54
[DEBUG MATRIX] Segment file Segments/2.xyz matrix dimensions: 54x6
[DEBUG LOOP] Starting segment processing loop, rows=54 cols=6
[DEBUG ACCESS] i=0 accessing row 0 of 54x6 matrix
[DEBUG ACCESS] Accessing normals at i=0
[DEBUG ACCESS] i=1 accessing row 1 of 54x6 matrix
[DEBUG ACCESS] Accessing normals at i=1
[DEBUG ACCESS] i=2 accessing row 2 of 54x6 matrix
[DEBUG ACCESS] Accessing normals at i=2
[DEBUG ACCESS] i=3 accessing row 3 of 54x6 matrix
[DEBUG ACCESS] Accessing normals at i=3
[DEBUG ACCESS] i=4 accessing row 4 of 54x6 matrix
[DEBUG ACCESS] Accessing normals at i=4
[DEBUG ACCESS] i=5 accessing row 5 of 54x6 matrix
[DEBUG ACCESS] Accessing normals at i=5
[DEBUG ACCESS] i=6 accessing row 6 of 54x6 matrix
[DEBUG ACCESS] Accessing normals at i=6
[DEBUG ACCESS] i=7 accessing row 7 of 54x6 matrix
[DEBUG ACCESS] Accessing normals at i=7
[DEBUG ACCESS] i=8 accessing row 8 of 54x6 matrix
[DEBUG ACCESS] Accessing normals at i=8
[DEBUG ACCESS] i=9 accessing row 9 of 54x6 matrix
[DEBUG ACCESS] Accessing normals at i=9
[DEBUG ACCESS] i=10 accessing row 10 of 54x6 matrix
[DEBUG ACCESS] Accessing normals at i=10
[DEBUG ACCESS] i=11 accessing row 11 of 54x6 matrix
[DEBUG ACCESS] Accessing normals at i=11
[DEBUG ACCESS] i=12 accessing row 12 of 54x6 matrix
[DEBUG ACCESS] Accessing normals at i=12
[DEBUG ACCESS] i=13 accessing row 13 of 54x6 matrix
[DEBUG ACCESS] Accessing normals at i=13
[DEBUG ACCESS] i=14 accessing row 14 of 54x6 matrix
[DEBUG ACCESS] Accessing normals at i=14
[DEBUG ACCESS] i=15 accessing row 15 of 54x6 matrix
[DEBUG ACCESS] Accessing normals at i=15
[DEBUG ACCESS] i=16 accessing row 16 of 54x6 matrix
[DEBUG ACCESS] Accessing normals at i=16
[DEBUG ACCESS] i=17 accessing row 17 of 54x6 matrix
[DEBUG ACCESS] Accessing normals at i=17
[DEBUG ACCESS] i=18 accessing row 18 of 54x6 matrix
[DEBUG ACCESS] Accessing normals at i=18
[DEBUG ACCESS] i=19 accessing row 19 of 54x6 matrix
[DEBUG ACCESS] Accessing normals at i=19
[DEBUG ACCESS] i=20 accessing row 20 of 54x6 matrix
[DEBUG ACCESS] Accessing normals at i=20
[DEBUG ACCESS] i=21 accessing row 21 of 54x6 matrix
[DEBUG ACCESS] Accessing normals at i=21
[DEBUG ACCESS] i=22 accessing row 22 of 54x6 matrix
[DEBUG ACCESS] Accessing normals at i=22
[DEBUG ACCESS] i=23 accessing row 23 of 54x6 matrix
[DEBUG ACCESS] Accessing normals at i=23
[DEBUG ACCESS] i=24 accessing row 24 of 54x6 matrix
[DEBUG ACCESS] Accessing normals at i=24
[DEBUG ACCESS] i=25 accessing row 25 of 54x6 matrix
[DEBUG ACCESS] Accessing normals at i=25
[DEBUG ACCESS] i=26 accessing row 26 of 54x6 matrix
[DEBUG ACCESS] Accessing normals at i=26
[DEBUG ACCESS] i=27 accessing row 27 of 54x6 matrix
[DEBUG ACCESS] Accessing normals at i=27
[DEBUG ACCESS] i=28 accessing row 28 of 54x6 matrix
[DEBUG ACCESS] Accessing normals at i=28
[DEBUG ACCESS] i=29 accessing row 29 of 54x6 matrix
[DEBUG ACCESS] Accessing normals at i=29
[DEBUG ACCESS] i=30 accessing row 30 of 54x6 matrix
[DEBUG ACCESS] Accessing normals at i=30
[DEBUG ACCESS] i=31 accessing row 31 of 54x6 matrix
[DEBUG ACCESS] Accessing normals at i=31
[DEBUG ACCESS] i=32 accessing row 32 of 54x6 matrix
[DEBUG ACCESS] Accessing normals at i=32
[DEBUG ACCESS] i=33 accessing row 33 of 54x6 matrix
[DEBUG ACCESS] Accessing normals at i=33
[DEBUG ACCESS] i=34 accessing row 34 of 54x6 matrix
[DEBUG ACCESS] Accessing normals at i=34
[DEBUG ACCESS] i=35 accessing row 35 of 54x6 matrix
[DEBUG ACCESS] Accessing normals at i=35
[DEBUG ACCESS] i=36 accessing row 36 of 54x6 matrix
[DEBUG ACCESS] Accessing normals at i=36
[DEBUG ACCESS] i=37 accessing row 37 of 54x6 matrix
[DEBUG ACCESS] Accessing normals at i=37
[DEBUG ACCESS] i=38 accessing row 38 of 54x6 matrix
[DEBUG ACCESS] Accessing normals at i=38
[DEBUG ACCESS] i=39 accessing row 39 of 54x6 matrix
[DEBUG ACCESS] Accessing normals at i=39
[DEBUG ACCESS] i=40 accessing row 40 of 54x6 matrix
[DEBUG ACCESS] Accessing normals at i=40
[DEBUG ACCESS] i=41 accessing row 41 of 54x6 matrix
[DEBUG ACCESS] Accessing normals at i=41
[DEBUG ACCESS] i=42 accessing row 42 of 54x6 matrix
[DEBUG ACCESS] Accessing normals at i=42
[DEBUG ACCESS] i=43 accessing row 43 of 54x6 matrix
[DEBUG ACCESS] Accessing normals at i=43
[DEBUG ACCESS] i=44 accessing row 44 of 54x6 matrix
[DEBUG ACCESS] Accessing normals at i=44
[DEBUG ACCESS] i=45 accessing row 45 of 54x6 matrix
[DEBUG ACCESS] Accessing normals at i=45
[DEBUG ACCESS] i=46 accessing row 46 of 54x6 matrix
[DEBUG ACCESS] Accessing normals at i=46
[DEBUG ACCESS] i=47 accessing row 47 of 54x6 matrix
[DEBUG ACCESS] Accessing normals at i=47
[DEBUG ACCESS] i=48 accessing row 48 of 54x6 matrix
[DEBUG ACCESS] Accessing normals at i=48
[DEBUG ACCESS] i=49 accessing row 49 of 54x6 matrix
[DEBUG ACCESS] Accessing normals at i=49
[DEBUG ACCESS] i=50 accessing row 50 of 54x6 matrix
[DEBUG ACCESS] Accessing normals at i=50
[DEBUG ACCESS] i=51 accessing row 51 of 54x6 matrix
[DEBUG ACCESS] Accessing normals at i=51
[DEBUG ACCESS] i=52 accessing row 52 of 54x6 matrix
[DEBUG ACCESS] Accessing normals at i=52
[EDGELINE DEBUG] Load PLY normals: Temp/Data/Pot_A/Pot_A_Piece_07_SampledWithNormals.ply
[1;33m[pcl::PLYReader] Temp/Data/Pot_A/Pot_A_Piece_07_SampledWithNormals.ply:25: property 'float32 focal' of element 'camera' is not handled
[0;m[1;33m[pcl::PLYReader] Temp/Data/Pot_A/Pot_A_Piece_07_SampledWithNormals.ply:26: property 'float32 scalex' of element 'camera' is not handled
[0;m[1;33m[pcl::PLYReader] Temp/Data/Pot_A/Pot_A_Piece_07_SampledWithNormals.ply:27: property 'float32 scaley' of element 'camera' is not handled
[0;m[1;33m[pcl::PLYReader] Temp/Data/Pot_A/Pot_A_Piece_07_SampledWithNormals.ply:28: property 'float32 centerx' of element 'camera' is not handled
[0;m[1;33m[pcl::PLYReader] Temp/Data/Pot_A/Pot_A_Piece_07_SampledWithNormals.ply:29: property 'float32 centery' of element 'camera' is not handled
[0;m[1;33m[pcl::PLYReader] Temp/Data/Pot_A/Pot_A_Piece_07_SampledWithNormals.ply:32: property 'float32 k1' of element 'camera' is not handled
[0;m[1;33m[pcl::PLYReader] Temp/Data/Pot_A/Pot_A_Piece_07_SampledWithNormals.ply:33: property 'float32 k2' of element 'camera' is not handled
[0;m[EDGELINE DEBUG] Loaded PointNormal PLY ok, size=11312
[DEBUG AXIS PATH] Using axis file: Dataset/Axes/Pot_A_Piece_07_Axis.xyz
[EDGELINE DEBUG] readFile cols=6 file=Segments/3.xyz rows=47
[DEBUG MATRIX] Segment file Segments/3.xyz matrix dimensions: 47x6
[DEBUG LOOP] Starting segment processing loop, rows=47 cols=6
[DEBUG ACCESS] i=0 accessing row 0 of 47x6 matrix
[DEBUG ACCESS] Accessing normals at i=0
[DEBUG ACCESS] i=1 accessing row 1 of 47x6 matrix
[DEBUG ACCESS] Accessing normals at i=1
[DEBUG ACCESS] i=2 accessing row 2 of 47x6 matrix
[DEBUG ACCESS] Accessing normals at i=2
[DEBUG ACCESS] i=3 accessing row 3 of 47x6 matrix
[DEBUG ACCESS] Accessing normals at i=3
[DEBUG ACCESS] i=4 accessing row 4 of 47x6 matrix
[DEBUG ACCESS] Accessing normals at i=4
[DEBUG ACCESS] i=5 accessing row 5 of 47x6 matrix
[DEBUG ACCESS] Accessing normals at i=5
[DEBUG ACCESS] i=6 accessing row 6 of 47x6 matrix
[DEBUG ACCESS] Accessing normals at i=6
[DEBUG ACCESS] i=7 accessing row 7 of 47x6 matrix
[DEBUG ACCESS] Accessing normals at i=7
[DEBUG ACCESS] i=8 accessing row 8 of 47x6 matrix
[DEBUG ACCESS] Accessing normals at i=8
[DEBUG ACCESS] i=9 accessing row 9 of 47x6 matrix
[DEBUG ACCESS] Accessing normals at i=9
[DEBUG ACCESS] i=10 accessing row 10 of 47x6 matrix
[DEBUG ACCESS] Accessing normals at i=10
[DEBUG ACCESS] i=11 accessing row 11 of 47x6 matrix
[DEBUG ACCESS] Accessing normals at i=11
[DEBUG ACCESS] i=12 accessing row 12 of 47x6 matrix
[DEBUG ACCESS] Accessing normals at i=12
[DEBUG ACCESS] i=13 accessing row 13 of 47x6 matrix
[DEBUG ACCESS] Accessing normals at i=13
[DEBUG ACCESS] i=14 accessing row 14 of 47x6 matrix
[DEBUG ACCESS] Accessing normals at i=14
[DEBUG ACCESS] i=15 accessing row 15 of 47x6 matrix
[DEBUG ACCESS] Accessing normals at i=15
[DEBUG ACCESS] i=16 accessing row 16 of 47x6 matrix
[DEBUG ACCESS] Accessing normals at i=16
[DEBUG ACCESS] i=17 accessing row 17 of 47x6 matrix
[DEBUG ACCESS] Accessing normals at i=17
[DEBUG ACCESS] i=18 accessing row 18 of 47x6 matrix
[DEBUG ACCESS] Accessing normals at i=18
[DEBUG ACCESS] i=19 accessing row 19 of 47x6 matrix
[DEBUG ACCESS] Accessing normals at i=19
[DEBUG ACCESS] i=20 accessing row 20 of 47x6 matrix
[DEBUG ACCESS] Accessing normals at i=20
[DEBUG ACCESS] i=21 accessing row 21 of 47x6 matrix
[DEBUG ACCESS] Accessing normals at i=21
[DEBUG ACCESS] i=22 accessing row 22 of 47x6 matrix
[DEBUG ACCESS] Accessing normals at i=22
[DEBUG ACCESS] i=23 accessing row 23 of 47x6 matrix
[DEBUG ACCESS] Accessing normals at i=23
[DEBUG ACCESS] i=24 accessing row 24 of 47x6 matrix
[DEBUG ACCESS] Accessing normals at i=24
[DEBUG ACCESS] i=25 accessing row 25 of 47x6 matrix
[DEBUG ACCESS] Accessing normals at i=25
[DEBUG ACCESS] i=26 accessing row 26 of 47x6 matrix
[DEBUG ACCESS] Accessing normals at i=26
[DEBUG ACCESS] i=27 accessing row 27 of 47x6 matrix
[DEBUG ACCESS] Accessing normals at i=27
[DEBUG ACCESS] i=28 accessing row 28 of 47x6 matrix
[DEBUG ACCESS] Accessing normals at i=28
[DEBUG ACCESS] i=29 accessing row 29 of 47x6 matrix
[DEBUG ACCESS] Accessing normals at i=29
[DEBUG ACCESS] i=30 accessing row 30 of 47x6 matrix
[DEBUG ACCESS] Accessing normals at i=30
[DEBUG ACCESS] i=31 accessing row 31 of 47x6 matrix
[DEBUG ACCESS] Accessing normals at i=31
[DEBUG ACCESS] i=32 accessing row 32 of 47x6 matrix
[DEBUG ACCESS] Accessing normals at i=32
[DEBUG ACCESS] i=33 accessing row 33 of 47x6 matrix
[DEBUG ACCESS] Accessing normals at i=33
[DEBUG ACCESS] i=34 accessing row 34 of 47x6 matrix
[DEBUG ACCESS] Accessing normals at i=34
[DEBUG ACCESS] i=35 accessing row 35 of 47x6 matrix
[DEBUG ACCESS] Accessing normals at i=35
[DEBUG ACCESS] i=36 accessing row 36 of 47x6 matrix
[DEBUG ACCESS] Accessing normals at i=36
[DEBUG ACCESS] i=37 accessing row 37 of 47x6 matrix
[DEBUG ACCESS] Accessing normals at i=37
[DEBUG ACCESS] i=38 accessing row 38 of 47x6 matrix
[DEBUG ACCESS] Accessing normals at i=38
[DEBUG ACCESS] i=39 accessing row 39 of 47x6 matrix
[DEBUG ACCESS] Accessing normals at i=39
[DEBUG ACCESS] i=40 accessing row 40 of 47x6 matrix
[DEBUG ACCESS] Accessing normals at i=40
[DEBUG ACCESS] i=41 accessing row 41 of 47x6 matrix
[DEBUG ACCESS] Accessing normals at i=41
[DEBUG ACCESS] i=42 accessing row 42 of 47x6 matrix
[DEBUG ACCESS] Accessing normals at i=42
[DEBUG ACCESS] i=43 accessing row 43 of 47x6 matrix
[DEBUG ACCESS] Accessing normals at i=43
[DEBUG ACCESS] i=44 accessing row 44 of 47x6 matrix
[DEBUG ACCESS] Accessing normals at i=44
[DEBUG ACCESS] i=45 accessing row 45 of 47x6 matrix
[DEBUG ACCESS] Accessing normals at i=45
[EDGELINE DEBUG] Load PLY normals: Temp/Data/Pot_A/Pot_A_Piece_07_SampledWithNormals.ply
[1;33m[pcl::PLYReader] Temp/Data/Pot_A/Pot_A_Piece_07_SampledWithNormals.ply:25: property 'float32 focal' of element 'camera' is not handled
[0;m[1;33m[pcl::PLYReader] Temp/Data/Pot_A/Pot_A_Piece_07_SampledWithNormals.ply:26: property 'float32 scalex' of element 'camera' is not handled
[0;m[1;33m[pcl::PLYReader] Temp/Data/Pot_A/Pot_A_Piece_07_SampledWithNormals.ply:27: property 'float32 scaley' of element 'camera' is not handled
[0;m[1;33m[pcl::PLYReader] Temp/Data/Pot_A/Pot_A_Piece_07_SampledWithNormals.ply:28: property 'float32 centerx' of element 'camera' is not handled
[0;m[1;33m[pcl::PLYReader] Temp/Data/Pot_A/Pot_A_Piece_07_SampledWithNormals.ply:29: property 'float32 centery' of element 'camera' is not handled
[0;m[1;33m[pcl::PLYReader] Temp/Data/Pot_A/Pot_A_Piece_07_SampledWithNormals.ply:32: property 'float32 k1' of element 'camera' is not handled
[0;m[1;33m[pcl::PLYReader] Temp/Data/Pot_A/Pot_A_Piece_07_SampledWithNormals.ply:33: property 'float32 k2' of element 'camera' is not handled
[0;m[EDGELINE DEBUG] Loaded PointNormal PLY ok, size=11312
[DEBUG AXIS PATH] Using axis file: Dataset/Axes/Pot_A_Piece_07_Axis.xyz
[EDGELINE DEBUG] readFile cols=6 file=Segments/1.xyz rows=13
[EDGELINE DEBUG] Load PLY normals: Temp/Data/Pot_A/Pot_A_Piece_07_SampledWithNormals.ply
[1;33m[pcl::PLYReader] Temp/Data/Pot_A/Pot_A_Piece_07_SampledWithNormals.ply:25: property 'float32 focal' of element 'camera' is not handled
[0;m[1;33m[pcl::PLYReader] Temp/Data/Pot_A/Pot_A_Piece_07_SampledWithNormals.ply:26: property 'float32 scalex' of element 'camera' is not handled
[0;m[1;33m[pcl::PLYReader] Temp/Data/Pot_A/Pot_A_Piece_07_SampledWithNormals.ply:27: property 'float32 scaley' of element 'camera' is not handled
[0;m[1;33m[pcl::PLYReader] Temp/Data/Pot_A/Pot_A_Piece_07_SampledWithNormals.ply:28: property 'float32 centerx' of element 'camera' is not handled
[0;m[1;33m[pcl::PLYReader] Temp/Data/Pot_A/Pot_A_Piece_07_SampledWithNormals.ply:29: property 'float32 centery' of element 'camera' is not handled
[0;m[1;33m[pcl::PLYReader] Temp/Data/Pot_A/Pot_A_Piece_07_SampledWithNormals.ply:32: property 'float32 k1' of element 'camera' is not handled
[0;m[1;33m[pcl::PLYReader] Temp/Data/Pot_A/Pot_A_Piece_07_SampledWithNormals.ply:33: property 'float32 k2' of element 'camera' is not handled
[0;m[EDGELINE DEBUG] Loaded PointNormal PLY ok, size=11312
[EDGELINE DEBUG] readFile cols=6 file=Segments/2.xyz rows=54
[EDGELINE DEBUG] Load PLY normals: Temp/Data/Pot_A/Pot_A_Piece_07_SampledWithNormals.ply
[1;33m[pcl::PLYReader] Temp/Data/Pot_A/Pot_A_Piece_07_SampledWithNormals.ply:25: property 'float32 focal' of element 'camera' is not handled
[0;m[1;33m[pcl::PLYReader] Temp/Data/Pot_A/Pot_A_Piece_07_SampledWithNormals.ply:26: property 'float32 scalex' of element 'camera' is not handled
[0;m[1;33m[pcl::PLYReader] Temp/Data/Pot_A/Pot_A_Piece_07_SampledWithNormals.ply:27: property 'float32 scaley' of element 'camera' is not handled
[0;m[1;33m[pcl::PLYReader] Temp/Data/Pot_A/Pot_A_Piece_07_SampledWithNormals.ply:28: property 'float32 centerx' of element 'camera' is not handled
[0;m[1;33m[pcl::PLYReader] Temp/Data/Pot_A/Pot_A_Piece_07_SampledWithNormals.ply:29: property 'float32 centery' of element 'camera' is not handled
[0;m[1;33m[pcl::PLYReader] Temp/Data/Pot_A/Pot_A_Piece_07_SampledWithNormals.ply:32: property 'float32 k1' of element 'camera' is not handled
[0;m[1;33m[pcl::PLYReader] Temp/Data/Pot_A/Pot_A_Piece_07_SampledWithNormals.ply:33: property 'float32 k2' of element 'camera' is not handled
[0;m[EDGELINE DEBUG] Loaded PointNormal PLY ok, size=11312
[EDGELINE DEBUG] readFile cols=6 file=Segments/3.xyz rows=47
[EDGELINE DEBUG] Load PLY normals: Temp/Data/Pot_A/Pot_A_Piece_07_SampledWithNormals.ply
[1;33m[pcl::PLYReader] Temp/Data/Pot_A/Pot_A_Piece_07_SampledWithNormals.ply:25: property 'float32 focal' of element 'camera' is not handled
[0;m[1;33m[pcl::PLYReader] Temp/Data/Pot_A/Pot_A_Piece_07_SampledWithNormals.ply:26: property 'float32 scalex' of element 'camera' is not handled
[0;m[1;33m[pcl::PLYReader] Temp/Data/Pot_A/Pot_A_Piece_07_SampledWithNormals.ply:27: property 'float32 scaley' of element 'camera' is not handled
[0;m[1;33m[pcl::PLYReader] Temp/Data/Pot_A/Pot_A_Piece_07_SampledWithNormals.ply:28: property 'float32 centerx' of element 'camera' is not handled
[0;m[1;33m[pcl::PLYReader] Temp/Data/Pot_A/Pot_A_Piece_07_SampledWithNormals.ply:29: property 'float32 centery' of element 'camera' is not handled
[0;m[1;33m[pcl::PLYReader] Temp/Data/Pot_A/Pot_A_Piece_07_SampledWithNormals.ply:32: property 'float32 k1' of element 'camera' is not handled
[0;m[1;33m[pcl::PLYReader] Temp/Data/Pot_A/Pot_A_Piece_07_SampledWithNormals.ply:33: property 'float32 k2' of element 'camera' is not handled
[0;m[EDGELINE DEBUG] Loaded PointNormal PLY ok, size=11312
[EDGELINE DEBUG] processFragmentData surface=Temp/Data/Pot_A/Pot_A_Piece_08_Surface_0.xyz mesh=Temp/Data/Pot_A/Pot_A_Piece_08_Mesh.obj
[EDGELINE DEBUG] readFile cols=3 file=Temp/Temp_edge/Pot_A/pointCloudFromMesh.xyz rows=5497
[1;33m[pcl::PLYReader] Temp/Data/Pot_A/Pot_A_Piece_08_unclustered.ply:25: property 'float32 focal' of element 'camera' is not handled
[0;m[1;33m[pcl::PLYReader] Temp/Data/Pot_A/Pot_A_Piece_08_unclustered.ply:26: property 'float32 scalex' of element 'camera' is not handled
[0;m[1;33m[pcl::PLYReader] Temp/Data/Pot_A/Pot_A_Piece_08_unclustered.ply:27: property 'float32 scaley' of element 'camera' is not handled
[0;m[1;33m[pcl::PLYReader] Temp/Data/Pot_A/Pot_A_Piece_08_unclustered.ply:28: property 'float32 centerx' of element 'camera' is not handled
[0;m[1;33m[pcl::PLYReader] Temp/Data/Pot_A/Pot_A_Piece_08_unclustered.ply:29: property 'float32 centery' of element 'camera' is not handled
[0;m[1;33m[pcl::PLYReader] Temp/Data/Pot_A/Pot_A_Piece_08_unclustered.ply:32: property 'float32 k1' of element 'camera' is not handled
[0;m[1;33m[pcl::PLYReader] Temp/Data/Pot_A/Pot_A_Piece_08_unclustered.ply:33: property 'float32 k2' of element 'camera' is not handled
[0;m[1;33m[pcl::PLYReader] Temp/Temp_edge/Pot_A/_breakLineFromConcaveHull.ply:21: property 'float32 focal' of element 'camera' is not handled
[0;m[1;33m[pcl::PLYReader] Temp/Temp_edge/Pot_A/_breakLineFromConcaveHull.ply:22: property 'float32 scalex' of element 'camera' is not handled
[0;m[1;33m[pcl::PLYReader] Temp/Temp_edge/Pot_A/_breakLineFromConcaveHull.ply:23: property 'float32 scaley' of element 'camera' is not handled
[0;m[1;33m[pcl::PLYReader] Temp/Temp_edge/Pot_A/_breakLineFromConcaveHull.ply:24: property 'float32 centerx' of element 'camera' is not handled
[0;m[1;33m[pcl::PLYReader] Temp/Temp_edge/Pot_A/_breakLineFromConcaveHull.ply:25: property 'float32 centery' of element 'camera' is not handled
[0;m[1;33m[pcl::PLYReader] Temp/Temp_edge/Pot_A/_breakLineFromConcaveHull.ply:28: property 'float32 k1' of element 'camera' is not handled
[0;m[1;33m[pcl::PLYReader] Temp/Temp_edge/Pot_A/_breakLineFromConcaveHull.ply:29: property 'float32 k2' of element 'camera' is not handled
[0;m[1;33mFailed to find match for field 'normal_x'.
[0;m[1;33mFailed to find match for field 'normal_y'.
[0;m[1;33mFailed to find match for field 'normal_z'.
[0;m[1;33mFailed to find match for field 'curvature'.
[0;m[EDGELINE DEBUG] readFile cols=3 file=Temp/Temp_edge/Pot_A/CompleteBreakline.xyz rows=30
[EDGELINE DEBUG] detectSeparateLineSegments: file=Temp/Temp_edge/Pot_A/CompleteBreakline.xyz len=5
[EDGELINE DEBUG] readFile cols=3 file=Temp/Temp_edge/Pot_A/CompleteBreakline.xyz rows=30
[EDGELINE DEBUG] readFile cols=6 file=Temp/Temp_edge/Pot_A/CompleteBreakline.xyz rows=30
[EDGELINE DEBUG] b1 rows=30 cols=3 b1_withN rows=30 cols=6
[EDGELINE DEBUG] dist_scoreB1 size=40x1 distScoreOriginalLength size=30x1
[EDGELINE DEBUG] bCombined size=40x3
[EDGELINE DEBUG] readFile cols=6 file=Segments/1.xyz rows=31
[EDGELINE DEBUG] detectedPeakIndices size=1
[EDGELINE DEBUG] Segments files count=1
[EDGELINE DEBUG] axisInfoAvailable=1 path=Dataset/Axes/Pot_A_Piece_08_Axis.xyz
[EDGELINE DEBUG] readFile cols=6 file=Segments/1.xyz rows=31
[DEBUG MATRIX] Segment file Segments/1.xyz matrix dimensions: 31x6
[DEBUG LOOP] Starting segment processing loop, rows=31 cols=6
[DEBUG ACCESS] i=0 accessing row 0 of 31x6 matrix
[DEBUG ACCESS] Accessing normals at i=0
[DEBUG ACCESS] i=1 accessing row 1 of 31x6 matrix
[DEBUG ACCESS] Accessing normals at i=1
[DEBUG ACCESS] i=2 accessing row 2 of 31x6 matrix
[DEBUG ACCESS] Accessing normals at i=2
[DEBUG ACCESS] i=3 accessing row 3 of 31x6 matrix
[DEBUG ACCESS] Accessing normals at i=3
[DEBUG ACCESS] i=4 accessing row 4 of 31x6 matrix
[DEBUG ACCESS] Accessing normals at i=4
[DEBUG ACCESS] i=5 accessing row 5 of 31x6 matrix
[DEBUG ACCESS] Accessing normals at i=5
[DEBUG ACCESS] i=6 accessing row 6 of 31x6 matrix
[DEBUG ACCESS] Accessing normals at i=6
[DEBUG ACCESS] i=7 accessing row 7 of 31x6 matrix
[DEBUG ACCESS] Accessing normals at i=7
[DEBUG ACCESS] i=8 accessing row 8 of 31x6 matrix
[DEBUG ACCESS] Accessing normals at i=8
[DEBUG ACCESS] i=9 accessing row 9 of 31x6 matrix
[DEBUG ACCESS] Accessing normals at i=9
[DEBUG ACCESS] i=10 accessing row 10 of 31x6 matrix
[DEBUG ACCESS] Accessing normals at i=10
[DEBUG ACCESS] i=11 accessing row 11 of 31x6 matrix
[DEBUG ACCESS] Accessing normals at i=11
[DEBUG ACCESS] i=12 accessing row 12 of 31x6 matrix
[DEBUG ACCESS] Accessing normals at i=12
[DEBUG ACCESS] i=13 accessing row 13 of 31x6 matrix
[DEBUG ACCESS] Accessing normals at i=13
[DEBUG ACCESS] i=14 accessing row 14 of 31x6 matrix
[DEBUG ACCESS] Accessing normals at i=14
[DEBUG ACCESS] i=15 accessing row 15 of 31x6 matrix
[DEBUG ACCESS] Accessing normals at i=15
[DEBUG ACCESS] i=16 accessing row 16 of 31x6 matrix
[DEBUG ACCESS] Accessing normals at i=16
[DEBUG ACCESS] i=17 accessing row 17 of 31x6 matrix
[DEBUG ACCESS] Accessing normals at i=17
[DEBUG ACCESS] i=18 accessing row 18 of 31x6 matrix
[DEBUG ACCESS] Accessing normals at i=18
[DEBUG ACCESS] i=19 accessing row 19 of 31x6 matrix
[DEBUG ACCESS] Accessing normals at i=19
[DEBUG ACCESS] i=20 accessing row 20 of 31x6 matrix
[DEBUG ACCESS] Accessing normals at i=20
[DEBUG ACCESS] i=21 accessing row 21 of 31x6 matrix
[DEBUG ACCESS] Accessing normals at i=21
[DEBUG ACCESS] i=22 accessing row 22 of 31x6 matrix
[DEBUG ACCESS] Accessing normals at i=22
[DEBUG ACCESS] i=23 accessing row 23 of 31x6 matrix
[DEBUG ACCESS] Accessing normals at i=23
[DEBUG ACCESS] i=24 accessing row 24 of 31x6 matrix
[DEBUG ACCESS] Accessing normals at i=24
[DEBUG ACCESS] i=25 accessing row 25 of 31x6 matrix
[DEBUG ACCESS] Accessing normals at i=25
[DEBUG ACCESS] i=26 accessing row 26 of 31x6 matrix
[DEBUG ACCESS] Accessing normals at i=26
[DEBUG ACCESS] i=27 accessing row 27 of 31x6 matrix
[DEBUG ACCESS] Accessing normals at i=27
[DEBUG ACCESS] i=28 accessing row 28 of 31x6 matrix
[DEBUG ACCESS] Accessing normals at i=28
[DEBUG ACCESS] i=29 accessing row 29 of 31x6 matrix
[DEBUG ACCESS] Accessing normals at i=29
[EDGELINE DEBUG] Load PLY normals: Temp/Data/Pot_A/Pot_A_Piece_08_SampledWithNormals.ply
[1;33m[pcl::PLYReader] Temp/Data/Pot_A/Pot_A_Piece_08_SampledWithNormals.ply:25: property 'float32 focal' of element 'camera' is not handled
[0;m[1;33m[pcl::PLYReader] Temp/Data/Pot_A/Pot_A_Piece_08_SampledWithNormals.ply:26: property 'float32 scalex' of element 'camera' is not handled
[0;m[1;33m[pcl::PLYReader] Temp/Data/Pot_A/Pot_A_Piece_08_SampledWithNormals.ply:27: property 'float32 scaley' of element 'camera' is not handled
[0;m[1;33m[pcl::PLYReader] Temp/Data/Pot_A/Pot_A_Piece_08_SampledWithNormals.ply:28: property 'float32 centerx' of element 'camera' is not handled
[0;m[1;33m[pcl::PLYReader] Temp/Data/Pot_A/Pot_A_Piece_08_SampledWithNormals.ply:29: property 'float32 centery' of element 'camera' is not handled
[0;m[1;33m[pcl::PLYReader] Temp/Data/Pot_A/Pot_A_Piece_08_SampledWithNormals.ply:32: property 'float32 k1' of element 'camera' is not handled
[0;m[1;33m[pcl::PLYReader] Temp/Data/Pot_A/Pot_A_Piece_08_SampledWithNormals.ply:33: property 'float32 k2' of element 'camera' is not handled
[0;m[EDGELINE DEBUG] Loaded PointNormal PLY ok, size=9077
[DEBUG AXIS PATH] Using axis file: Dataset/Axes/Pot_A_Piece_08_Axis.xyz
[EDGELINE DEBUG] readFile cols=6 file=Segments/1.xyz rows=31
[EDGELINE DEBUG] Load PLY normals: Temp/Data/Pot_A/Pot_A_Piece_08_SampledWithNormals.ply
[1;33m[pcl::PLYReader] Temp/Data/Pot_A/Pot_A_Piece_08_SampledWithNormals.ply:25: property 'float32 focal' of element 'camera' is not handled
[0;m[1;33m[pcl::PLYReader] Temp/Data/Pot_A/Pot_A_Piece_08_SampledWithNormals.ply:26: property 'float32 scalex' of element 'camera' is not handled
[0;m[1;33m[pcl::PLYReader] Temp/Data/Pot_A/Pot_A_Piece_08_SampledWithNormals.ply:27: property 'float32 scaley' of element 'camera' is not handled
[0;m[1;33m[pcl::PLYReader] Temp/Data/Pot_A/Pot_A_Piece_08_SampledWithNormals.ply:28: property 'float32 centerx' of element 'camera' is not handled
[0;m[1;33m[pcl::PLYReader] Temp/Data/Pot_A/Pot_A_Piece_08_SampledWithNormals.ply:29: property 'float32 centery' of element 'camera' is not handled
[0;m[1;33m[pcl::PLYReader] Temp/Data/Pot_A/Pot_A_Piece_08_SampledWithNormals.ply:32: property 'float32 k1' of element 'camera' is not handled
[0;m[1;33m[pcl::PLYReader] Temp/Data/Pot_A/Pot_A_Piece_08_SampledWithNormals.ply:33: property 'float32 k2' of element 'camera' is not handled
[0;m[EDGELINE DEBUG] Loaded PointNormal PLY ok, size=9077
[EDGELINE DEBUG] processFragmentData surface=Temp/Data/Pot_A/Pot_A_Piece_08_Surface_1.xyz mesh=Temp/Data/Pot_A/Pot_A_Piece_08_Mesh.obj
[EDGELINE DEBUG] readFile cols=3 file=Temp/Temp_edge/Pot_A/pointCloudFromMesh.xyz rows=4668
[1;33m[pcl::PLYReader] Temp/Data/Pot_A/Pot_A_Piece_08_unclustered.ply:25: property 'float32 focal' of element 'camera' is not handled
[0;m[1;33m[pcl::PLYReader] Temp/Data/Pot_A/Pot_A_Piece_08_unclustered.ply:26: property 'float32 scalex' of element 'camera' is not handled
[0;m[1;33m[pcl::PLYReader] Temp/Data/Pot_A/Pot_A_Piece_08_unclustered.ply:27: property 'float32 scaley' of element 'camera' is not handled
[0;m[1;33m[pcl::PLYReader] Temp/Data/Pot_A/Pot_A_Piece_08_unclustered.ply:28: property 'float32 centerx' of element 'camera' is not handled
[0;m[1;33m[pcl::PLYReader] Temp/Data/Pot_A/Pot_A_Piece_08_unclustered.ply:29: property 'float32 centery' of element 'camera' is not handled
[0;m[1;33m[pcl::PLYReader] Temp/Data/Pot_A/Pot_A_Piece_08_unclustered.ply:32: property 'float32 k1' of element 'camera' is not handled
[0;m[1;33m[pcl::PLYReader] Temp/Data/Pot_A/Pot_A_Piece_08_unclustered.ply:33: property 'float32 k2' of element 'camera' is not handled
[0;m[1;33m[pcl::PLYReader] Temp/Temp_edge/Pot_A/_breakLineFromConcaveHull.ply:21: property 'float32 focal' of element 'camera' is not handled
[0;m[1;33m[pcl::PLYReader] Temp/Temp_edge/Pot_A/_breakLineFromConcaveHull.ply:22: property 'float32 scalex' of element 'camera' is not handled
[0;m[1;33m[pcl::PLYReader] Temp/Temp_edge/Pot_A/_breakLineFromConcaveHull.ply:23: property 'float32 scaley' of element 'camera' is not handled
[0;m[1;33m[pcl::PLYReader] Temp/Temp_edge/Pot_A/_breakLineFromConcaveHull.ply:24: property 'float32 centerx' of element 'camera' is not handled
[0;m[1;33m[pcl::PLYReader] Temp/Temp_edge/Pot_A/_breakLineFromConcaveHull.ply:25: property 'float32 centery' of element 'camera' is not handled
[0;m[1;33m[pcl::PLYReader] Temp/Temp_edge/Pot_A/_breakLineFromConcaveHull.ply:28: property 'float32 k1' of element 'camera' is not handled
[0;m[1;33m[pcl::PLYReader] Temp/Temp_edge/Pot_A/_breakLineFromConcaveHull.ply:29: property 'float32 k2' of element 'camera' is not handled
[0;m[1;33mFailed to find match for field 'normal_x'.
[0;m[1;33mFailed to find match for field 'normal_y'.
[0;m[1;33mFailed to find match for field 'normal_z'.
[0;m[1;33mFailed to find match for field 'curvature'.
[0;m[EDGELINE DEBUG] readFile cols=3 file=Temp/Temp_edge/Pot_A/CompleteBreakline.xyz rows=94
[EDGELINE DEBUG] detectSeparateLineSegments: file=Temp/Temp_edge/Pot_A/CompleteBreakline.xyz len=10
[EDGELINE DEBUG] readFile cols=3 file=Temp/Temp_edge/Pot_A/CompleteBreakline.xyz rows=94
[EDGELINE DEBUG] readFile cols=6 file=Temp/Temp_edge/Pot_A/CompleteBreakline.xyz rows=94
[EDGELINE DEBUG] b1 rows=94 cols=3 b1_withN rows=94 cols=6
[EDGELINE DEBUG] dist_scoreB1 size=114x1 distScoreOriginalLength size=94x1
[EDGELINE DEBUG] bCombined size=114x3
[EDGELINE DEBUG] readFile cols=6 file=Segments/1.xyz rows=38
[EDGELINE DEBUG] readFile cols=6 file=Segments/2.xyz rows=11
[EDGELINE DEBUG] readFile cols=6 file=Segments/3.xyz rows=48
[EDGELINE DEBUG] detectedPeakIndices size=3
[EDGELINE DEBUG] Segments files count=3
[EDGELINE DEBUG] axisInfoAvailable=1 path=Dataset/Axes/Pot_A_Piece_08_Axis.xyz
[EDGELINE DEBUG] readFile cols=6 file=Segments/1.xyz rows=38
[DEBUG MATRIX] Segment file Segments/1.xyz matrix dimensions: 38x6
[DEBUG LOOP] Starting segment processing loop, rows=38 cols=6
[DEBUG ACCESS] i=0 accessing row 0 of 38x6 matrix
[DEBUG ACCESS] Accessing normals at i=0
[DEBUG ACCESS] i=1 accessing row 1 of 38x6 matrix
[DEBUG ACCESS] Accessing normals at i=1
[DEBUG ACCESS] i=2 accessing row 2 of 38x6 matrix
[DEBUG ACCESS] Accessing normals at i=2
[DEBUG ACCESS] i=3 accessing row 3 of 38x6 matrix
[DEBUG ACCESS] Accessing normals at i=3
[DEBUG ACCESS] i=4 accessing row 4 of 38x6 matrix
[DEBUG ACCESS] Accessing normals at i=4
[DEBUG ACCESS] i=5 accessing row 5 of 38x6 matrix
[DEBUG ACCESS] Accessing normals at i=5
[DEBUG ACCESS] i=6 accessing row 6 of 38x6 matrix
[DEBUG ACCESS] Accessing normals at i=6
[DEBUG ACCESS] i=7 accessing row 7 of 38x6 matrix
[DEBUG ACCESS] Accessing normals at i=7
[DEBUG ACCESS] i=8 accessing row 8 of 38x6 matrix
[DEBUG ACCESS] Accessing normals at i=8
[DEBUG ACCESS] i=9 accessing row 9 of 38x6 matrix
[DEBUG ACCESS] Accessing normals at i=9
[DEBUG ACCESS] i=10 accessing row 10 of 38x6 matrix
[DEBUG ACCESS] Accessing normals at i=10
[DEBUG ACCESS] i=11 accessing row 11 of 38x6 matrix
[DEBUG ACCESS] Accessing normals at i=11
[DEBUG ACCESS] i=12 accessing row 12 of 38x6 matrix
[DEBUG ACCESS] Accessing normals at i=12
[DEBUG ACCESS] i=13 accessing row 13 of 38x6 matrix
[DEBUG ACCESS] Accessing normals at i=13
[DEBUG ACCESS] i=14 accessing row 14 of 38x6 matrix
[DEBUG ACCESS] Accessing normals at i=14
[DEBUG ACCESS] i=15 accessing row 15 of 38x6 matrix
[DEBUG ACCESS] Accessing normals at i=15
[DEBUG ACCESS] i=16 accessing row 16 of 38x6 matrix
[DEBUG ACCESS] Accessing normals at i=16
[DEBUG ACCESS] i=17 accessing row 17 of 38x6 matrix
[DEBUG ACCESS] Accessing normals at i=17
[DEBUG ACCESS] i=18 accessing row 18 of 38x6 matrix
[DEBUG ACCESS] Accessing normals at i=18
[DEBUG ACCESS] i=19 accessing row 19 of 38x6 matrix
[DEBUG ACCESS] Accessing normals at i=19
[DEBUG ACCESS] i=20 accessing row 20 of 38x6 matrix
[DEBUG ACCESS] Accessing normals at i=20
[DEBUG ACCESS] i=21 accessing row 21 of 38x6 matrix
[DEBUG ACCESS] Accessing normals at i=21
[DEBUG ACCESS] i=22 accessing row 22 of 38x6 matrix
[DEBUG ACCESS] Accessing normals at i=22
[DEBUG ACCESS] i=23 accessing row 23 of 38x6 matrix
[DEBUG ACCESS] Accessing normals at i=23
[DEBUG ACCESS] i=24 accessing row 24 of 38x6 matrix
[DEBUG ACCESS] Accessing normals at i=24
[DEBUG ACCESS] i=25 accessing row 25 of 38x6 matrix
[DEBUG ACCESS] Accessing normals at i=25
[DEBUG ACCESS] i=26 accessing row 26 of 38x6 matrix
[DEBUG ACCESS] Accessing normals at i=26
[DEBUG ACCESS] i=27 accessing row 27 of 38x6 matrix
[DEBUG ACCESS] Accessing normals at i=27
[DEBUG ACCESS] i=28 accessing row 28 of 38x6 matrix
[DEBUG ACCESS] Accessing normals at i=28
[DEBUG ACCESS] i=29 accessing row 29 of 38x6 matrix
[DEBUG ACCESS] Accessing normals at i=29
[DEBUG ACCESS] i=30 accessing row 30 of 38x6 matrix
[DEBUG ACCESS] Accessing normals at i=30
[DEBUG ACCESS] i=31 accessing row 31 of 38x6 matrix
[DEBUG ACCESS] Accessing normals at i=31
[DEBUG ACCESS] i=32 accessing row 32 of 38x6 matrix
[DEBUG ACCESS] Accessing normals at i=32
[DEBUG ACCESS] i=33 accessing row 33 of 38x6 matrix
[DEBUG ACCESS] Accessing normals at i=33
[DEBUG ACCESS] i=34 accessing row 34 of 38x6 matrix
[DEBUG ACCESS] Accessing normals at i=34
[DEBUG ACCESS] i=35 accessing row 35 of 38x6 matrix
[DEBUG ACCESS] Accessing normals at i=35
[DEBUG ACCESS] i=36 accessing row 36 of 38x6 matrix
[DEBUG ACCESS] Accessing normals at i=36
[EDGELINE DEBUG] Load PLY normals: Temp/Data/Pot_A/Pot_A_Piece_08_SampledWithNormals.ply
[1;33m[pcl::PLYReader] Temp/Data/Pot_A/Pot_A_Piece_08_SampledWithNormals.ply:25: property 'float32 focal' of element 'camera' is not handled
[0;m[1;33m[pcl::PLYReader] Temp/Data/Pot_A/Pot_A_Piece_08_SampledWithNormals.ply:26: property 'float32 scalex' of element 'camera' is not handled
[0;m[1;33m[pcl::PLYReader] Temp/Data/Pot_A/Pot_A_Piece_08_SampledWithNormals.ply:27: property 'float32 scaley' of element 'camera' is not handled
[0;m[1;33m[pcl::PLYReader] Temp/Data/Pot_A/Pot_A_Piece_08_SampledWithNormals.ply:28: property 'float32 centerx' of element 'camera' is not handled
[0;m[1;33m[pcl::PLYReader] Temp/Data/Pot_A/Pot_A_Piece_08_SampledWithNormals.ply:29: property 'float32 centery' of element 'camera' is not handled
[0;m[1;33m[pcl::PLYReader] Temp/Data/Pot_A/Pot_A_Piece_08_SampledWithNormals.ply:32: property 'float32 k1' of element 'camera' is not handled
[0;m[1;33m[pcl::PLYReader] Temp/Data/Pot_A/Pot_A_Piece_08_SampledWithNormals.ply:33: property 'float32 k2' of element 'camera' is not handled
[0;m[EDGELINE DEBUG] Loaded PointNormal PLY ok, size=9077
[DEBUG AXIS PATH] Using axis file: Dataset/Axes/Pot_A_Piece_08_Axis.xyz
[EDGELINE DEBUG] readFile cols=6 file=Segments/2.xyz rows=11
[DEBUG MATRIX] Segment file Segments/2.xyz matrix dimensions: 11x6
[DEBUG LOOP] Starting segment processing loop, rows=11 cols=6
[DEBUG ACCESS] i=0 accessing row 0 of 11x6 matrix
[DEBUG ACCESS] Accessing normals at i=0
[DEBUG ACCESS] i=1 accessing row 1 of 11x6 matrix
[DEBUG ACCESS] Accessing normals at i=1
[DEBUG ACCESS] i=2 accessing row 2 of 11x6 matrix
[DEBUG ACCESS] Accessing normals at i=2
[DEBUG ACCESS] i=3 accessing row 3 of 11x6 matrix
[DEBUG ACCESS] Accessing normals at i=3
[DEBUG ACCESS] i=4 accessing row 4 of 11x6 matrix
[DEBUG ACCESS] Accessing normals at i=4
[DEBUG ACCESS] i=5 accessing row 5 of 11x6 matrix
[DEBUG ACCESS] Accessing normals at i=5
[DEBUG ACCESS] i=6 accessing row 6 of 11x6 matrix
[DEBUG ACCESS] Accessing normals at i=6
[DEBUG ACCESS] i=7 accessing row 7 of 11x6 matrix
[DEBUG ACCESS] Accessing normals at i=7
[DEBUG ACCESS] i=8 accessing row 8 of 11x6 matrix
[DEBUG ACCESS] Accessing normals at i=8
[DEBUG ACCESS] i=9 accessing row 9 of 11x6 matrix
[DEBUG ACCESS] Accessing normals at i=9
[EDGELINE DEBUG] Load PLY normals: Temp/Data/Pot_A/Pot_A_Piece_08_SampledWithNormals.ply
[1;33m[pcl::PLYReader] Temp/Data/Pot_A/Pot_A_Piece_08_SampledWithNormals.ply:25: property 'float32 focal' of element 'camera' is not handled
[0;m[1;33m[pcl::PLYReader] Temp/Data/Pot_A/Pot_A_Piece_08_SampledWithNormals.ply:26: property 'float32 scalex' of element 'camera' is not handled
[0;m[1;33m[pcl::PLYReader] Temp/Data/Pot_A/Pot_A_Piece_08_SampledWithNormals.ply:27: property 'float32 scaley' of element 'camera' is not handled
[0;m[1;33m[pcl::PLYReader] Temp/Data/Pot_A/Pot_A_Piece_08_SampledWithNormals.ply:28: property 'float32 centerx' of element 'camera' is not handled
[0;m[1;33m[pcl::PLYReader] Temp/Data/Pot_A/Pot_A_Piece_08_SampledWithNormals.ply:29: property 'float32 centery' of element 'camera' is not handled
[0;m[1;33m[pcl::PLYReader] Temp/Data/Pot_A/Pot_A_Piece_08_SampledWithNormals.ply:32: property 'float32 k1' of element 'camera' is not handled
[0;m[1;33m[pcl::PLYReader] Temp/Data/Pot_A/Pot_A_Piece_08_SampledWithNormals.ply:33: property 'float32 k2' of element 'camera' is not handled
[0;m[EDGELINE DEBUG] Loaded PointNormal PLY ok, size=9077
[DEBUG AXIS PATH] Using axis file: Dataset/Axes/Pot_A_Piece_08_Axis.xyz
[EDGELINE DEBUG] readFile cols=6 file=Segments/3.xyz rows=48
[DEBUG MATRIX] Segment file Segments/3.xyz matrix dimensions: 48x6
[DEBUG LOOP] Starting segment processing loop, rows=48 cols=6
[DEBUG ACCESS] i=0 accessing row 0 of 48x6 matrix
[DEBUG ACCESS] Accessing normals at i=0
[DEBUG ACCESS] i=1 accessing row 1 of 48x6 matrix
[DEBUG ACCESS] Accessing normals at i=1
[DEBUG ACCESS] i=2 accessing row 2 of 48x6 matrix
[DEBUG ACCESS] Accessing normals at i=2
[DEBUG ACCESS] i=3 accessing row 3 of 48x6 matrix
[DEBUG ACCESS] Accessing normals at i=3
[DEBUG ACCESS] i=4 accessing row 4 of 48x6 matrix
[DEBUG ACCESS] Accessing normals at i=4
[DEBUG ACCESS] i=5 accessing row 5 of 48x6 matrix
[DEBUG ACCESS] Accessing normals at i=5
[DEBUG ACCESS] i=6 accessing row 6 of 48x6 matrix
[DEBUG ACCESS] Accessing normals at i=6
[DEBUG ACCESS] i=7 accessing row 7 of 48x6 matrix
[DEBUG ACCESS] Accessing normals at i=7
[DEBUG ACCESS] i=8 accessing row 8 of 48x6 matrix
[DEBUG ACCESS] Accessing normals at i=8
[DEBUG ACCESS] i=9 accessing row 9 of 48x6 matrix
[DEBUG ACCESS] Accessing normals at i=9
[DEBUG ACCESS] i=10 accessing row 10 of 48x6 matrix
[DEBUG ACCESS] Accessing normals at i=10
[DEBUG ACCESS] i=11 accessing row 11 of 48x6 matrix
[DEBUG ACCESS] Accessing normals at i=11
[DEBUG ACCESS] i=12 accessing row 12 of 48x6 matrix
[DEBUG ACCESS] Accessing normals at i=12
[DEBUG ACCESS] i=13 accessing row 13 of 48x6 matrix
[DEBUG ACCESS] Accessing normals at i=13
[DEBUG ACCESS] i=14 accessing row 14 of 48x6 matrix
[DEBUG ACCESS] Accessing normals at i=14
[DEBUG ACCESS] i=15 accessing row 15 of 48x6 matrix
[DEBUG ACCESS] Accessing normals at i=15
[DEBUG ACCESS] i=16 accessing row 16 of 48x6 matrix
[DEBUG ACCESS] Accessing normals at i=16
[DEBUG ACCESS] i=17 accessing row 17 of 48x6 matrix
[DEBUG ACCESS] Accessing normals at i=17
[DEBUG ACCESS] i=18 accessing row 18 of 48x6 matrix
[DEBUG ACCESS] Accessing normals at i=18
[DEBUG ACCESS] i=19 accessing row 19 of 48x6 matrix
[DEBUG ACCESS] Accessing normals at i=19
[DEBUG ACCESS] i=20 accessing row 20 of 48x6 matrix
[DEBUG ACCESS] Accessing normals at i=20
[DEBUG ACCESS] i=21 accessing row 21 of 48x6 matrix
[DEBUG ACCESS] Accessing normals at i=21
[DEBUG ACCESS] i=22 accessing row 22 of 48x6 matrix
[DEBUG ACCESS] Accessing normals at i=22
[DEBUG ACCESS] i=23 accessing row 23 of 48x6 matrix
[DEBUG ACCESS] Accessing normals at i=23
[DEBUG ACCESS] i=24 accessing row 24 of 48x6 matrix
[DEBUG ACCESS] Accessing normals at i=24
[DEBUG ACCESS] i=25 accessing row 25 of 48x6 matrix
[DEBUG ACCESS] Accessing normals at i=25
[DEBUG ACCESS] i=26 accessing row 26 of 48x6 matrix
[DEBUG ACCESS] Accessing normals at i=26
[DEBUG ACCESS] i=27 accessing row 27 of 48x6 matrix
[DEBUG ACCESS] Accessing normals at i=27
[DEBUG ACCESS] i=28 accessing row 28 of 48x6 matrix
[DEBUG ACCESS] Accessing normals at i=28
[DEBUG ACCESS] i=29 accessing row 29 of 48x6 matrix
[DEBUG ACCESS] Accessing normals at i=29
[DEBUG ACCESS] i=30 accessing row 30 of 48x6 matrix
[DEBUG ACCESS] Accessing normals at i=30
[DEBUG ACCESS] i=31 accessing row 31 of 48x6 matrix
[DEBUG ACCESS] Accessing normals at i=31
[DEBUG ACCESS] i=32 accessing row 32 of 48x6 matrix
[DEBUG ACCESS] Accessing normals at i=32
[DEBUG ACCESS] i=33 accessing row 33 of 48x6 matrix
[DEBUG ACCESS] Accessing normals at i=33
[DEBUG ACCESS] i=34 accessing row 34 of 48x6 matrix
[DEBUG ACCESS] Accessing normals at i=34
[DEBUG ACCESS] i=35 accessing row 35 of 48x6 matrix
[DEBUG ACCESS] Accessing normals at i=35
[DEBUG ACCESS] i=36 accessing row 36 of 48x6 matrix
[DEBUG ACCESS] Accessing normals at i=36
[DEBUG ACCESS] i=37 accessing row 37 of 48x6 matrix
[DEBUG ACCESS] Accessing normals at i=37
[DEBUG ACCESS] i=38 accessing row 38 of 48x6 matrix
[DEBUG ACCESS] Accessing normals at i=38
[DEBUG ACCESS] i=39 accessing row 39 of 48x6 matrix
[DEBUG ACCESS] Accessing normals at i=39
[DEBUG ACCESS] i=40 accessing row 40 of 48x6 matrix
[DEBUG ACCESS] Accessing normals at i=40
[DEBUG ACCESS] i=41 accessing row 41 of 48x6 matrix
[DEBUG ACCESS] Accessing normals at i=41
[DEBUG ACCESS] i=42 accessing row 42 of 48x6 matrix
[DEBUG ACCESS] Accessing normals at i=42
[DEBUG ACCESS] i=43 accessing row 43 of 48x6 matrix
[DEBUG ACCESS] Accessing normals at i=43
[DEBUG ACCESS] i=44 accessing row 44 of 48x6 matrix
[DEBUG ACCESS] Accessing normals at i=44
[DEBUG ACCESS] i=45 accessing row 45 of 48x6 matrix
[DEBUG ACCESS] Accessing normals at i=45
[DEBUG ACCESS] i=46 accessing row 46 of 48x6 matrix
[DEBUG ACCESS] Accessing normals at i=46
[EDGELINE DEBUG] Load PLY normals: Temp/Data/Pot_A/Pot_A_Piece_08_SampledWithNormals.ply
[1;33m[pcl::PLYReader] Temp/Data/Pot_A/Pot_A_Piece_08_SampledWithNormals.ply:25: property 'float32 focal' of element 'camera' is not handled
[0;m[1;33m[pcl::PLYReader] Temp/Data/Pot_A/Pot_A_Piece_08_SampledWithNormals.ply:26: property 'float32 scalex' of element 'camera' is not handled
[0;m[1;33m[pcl::PLYReader] Temp/Data/Pot_A/Pot_A_Piece_08_SampledWithNormals.ply:27: property 'float32 scaley' of element 'camera' is not handled
[0;m[1;33m[pcl::PLYReader] Temp/Data/Pot_A/Pot_A_Piece_08_SampledWithNormals.ply:28: property 'float32 centerx' of element 'camera' is not handled
[0;m[1;33m[pcl::PLYReader] Temp/Data/Pot_A/Pot_A_Piece_08_SampledWithNormals.ply:29: property 'float32 centery' of element 'camera' is not handled
[0;m[1;33m[pcl::PLYReader] Temp/Data/Pot_A/Pot_A_Piece_08_SampledWithNormals.ply:32: property 'float32 k1' of element 'camera' is not handled
[0;m[1;33m[pcl::PLYReader] Temp/Data/Pot_A/Pot_A_Piece_08_SampledWithNormals.ply:33: property 'float32 k2' of element 'camera' is not handled
[0;m[EDGELINE DEBUG] Loaded PointNormal PLY ok, size=9077
[DEBUG AXIS PATH] Using axis file: Dataset/Axes/Pot_A_Piece_08_Axis.xyz
[EDGELINE DEBUG] readFile cols=6 file=Segments/1.xyz rows=38
[EDGELINE DEBUG] Load PLY normals: Temp/Data/Pot_A/Pot_A_Piece_08_SampledWithNormals.ply
[1;33m[pcl::PLYReader] Temp/Data/Pot_A/Pot_A_Piece_08_SampledWithNormals.ply:25: property 'float32 focal' of element 'camera' is not handled
[0;m[1;33m[pcl::PLYReader] Temp/Data/Pot_A/Pot_A_Piece_08_SampledWithNormals.ply:26: property 'float32 scalex' of element 'camera' is not handled
[0;m[1;33m[pcl::PLYReader] Temp/Data/Pot_A/Pot_A_Piece_08_SampledWithNormals.ply:27: property 'float32 scaley' of element 'camera' is not handled
[0;m[1;33m[pcl::PLYReader] Temp/Data/Pot_A/Pot_A_Piece_08_SampledWithNormals.ply:28: property 'float32 centerx' of element 'camera' is not handled
[0;m[1;33m[pcl::PLYReader] Temp/Data/Pot_A/Pot_A_Piece_08_SampledWithNormals.ply:29: property 'float32 centery' of element 'camera' is not handled
[0;m[1;33m[pcl::PLYReader] Temp/Data/Pot_A/Pot_A_Piece_08_SampledWithNormals.ply:32: property 'float32 k1' of element 'camera' is not handled
[0;m[1;33m[pcl::PLYReader] Temp/Data/Pot_A/Pot_A_Piece_08_SampledWithNormals.ply:33: property 'float32 k2' of element 'camera' is not handled
[0;m[EDGELINE DEBUG] Loaded PointNormal PLY ok, size=9077
[EDGELINE DEBUG] readFile cols=6 file=Segments/2.xyz rows=11
[EDGELINE DEBUG] Load PLY normals: Temp/Data/Pot_A/Pot_A_Piece_08_SampledWithNormals.ply
[1;33m[pcl::PLYReader] Temp/Data/Pot_A/Pot_A_Piece_08_SampledWithNormals.ply:25: property 'float32 focal' of element 'camera' is not handled
[0;m[1;33m[pcl::PLYReader] Temp/Data/Pot_A/Pot_A_Piece_08_SampledWithNormals.ply:26: property 'float32 scalex' of element 'camera' is not handled
[0;m[1;33m[pcl::PLYReader] Temp/Data/Pot_A/Pot_A_Piece_08_SampledWithNormals.ply:27: property 'float32 scaley' of element 'camera' is not handled
[0;m[1;33m[pcl::PLYReader] Temp/Data/Pot_A/Pot_A_Piece_08_SampledWithNormals.ply:28: property 'float32 centerx' of element 'camera' is not handled
[0;m[1;33m[pcl::PLYReader] Temp/Data/Pot_A/Pot_A_Piece_08_SampledWithNormals.ply:29: property 'float32 centery' of element 'camera' is not handled
[0;m[1;33m[pcl::PLYReader] Temp/Data/Pot_A/Pot_A_Piece_08_SampledWithNormals.ply:32: property 'float32 k1' of element 'camera' is not handled
[0;m[1;33m[pcl::PLYReader] Temp/Data/Pot_A/Pot_A_Piece_08_SampledWithNormals.ply:33: property 'float32 k2' of element 'camera' is not handled
[0;m[EDGELINE DEBUG] Loaded PointNormal PLY ok, size=9077
[EDGELINE DEBUG] readFile cols=6 file=Segments/3.xyz rows=48
[EDGELINE DEBUG] Load PLY normals: Temp/Data/Pot_A/Pot_A_Piece_08_SampledWithNormals.ply
[1;33m[pcl::PLYReader] Temp/Data/Pot_A/Pot_A_Piece_08_SampledWithNormals.ply:25: property 'float32 focal' of element 'camera' is not handled
[0;m[1;33m[pcl::PLYReader] Temp/Data/Pot_A/Pot_A_Piece_08_SampledWithNormals.ply:26: property 'float32 scalex' of element 'camera' is not handled
[0;m[1;33m[pcl::PLYReader] Temp/Data/Pot_A/Pot_A_Piece_08_SampledWithNormals.ply:27: property 'float32 scaley' of element 'camera' is not handled
[0;m[1;33m[pcl::PLYReader] Temp/Data/Pot_A/Pot_A_Piece_08_SampledWithNormals.ply:28: property 'float32 centerx' of element 'camera' is not handled
[0;m[1;33m[pcl::PLYReader] Temp/Data/Pot_A/Pot_A_Piece_08_SampledWithNormals.ply:29: property 'float32 centery' of element 'camera' is not handled
[0;m[1;33m[pcl::PLYReader] Temp/Data/Pot_A/Pot_A_Piece_08_SampledWithNormals.ply:32: property 'float32 k1' of element 'camera' is not handled
[0;m[1;33m[pcl::PLYReader] Temp/Data/Pot_A/Pot_A_Piece_08_SampledWithNormals.ply:33: property 'float32 k2' of element 'camera' is not handled
[0;m[EDGELINE DEBUG] Loaded PointNormal PLY ok, size=9077
[EDGELINE DEBUG] processFragmentData surface=Temp/Data/Pot_A/Pot_A_Piece_09_Surface_0.xyz mesh=Temp/Data/Pot_A/Pot_A_Piece_09_Mesh.obj
[EDGELINE DEBUG] readFile cols=3 file=Temp/Temp_edge/Pot_A/pointCloudFromMesh.xyz rows=5684
[1;33m[pcl::PLYReader] Temp/Data/Pot_A/Pot_A_Piece_09_unclustered.ply:25: property 'float32 focal' of element 'camera' is not handled
[0;m[1;33m[pcl::PLYReader] Temp/Data/Pot_A/Pot_A_Piece_09_unclustered.ply:26: property 'float32 scalex' of element 'camera' is not handled
[0;m[1;33m[pcl::PLYReader] Temp/Data/Pot_A/Pot_A_Piece_09_unclustered.ply:27: property 'float32 scaley' of element 'camera' is not handled
[0;m[1;33m[pcl::PLYReader] Temp/Data/Pot_A/Pot_A_Piece_09_unclustered.ply:28: property 'float32 centerx' of element 'camera' is not handled
[0;m[1;33m[pcl::PLYReader] Temp/Data/Pot_A/Pot_A_Piece_09_unclustered.ply:29: property 'float32 centery' of element 'camera' is not handled
[0;m[1;33m[pcl::PLYReader] Temp/Data/Pot_A/Pot_A_Piece_09_unclustered.ply:32: property 'float32 k1' of element 'camera' is not handled
[0;m[1;33m[pcl::PLYReader] Temp/Data/Pot_A/Pot_A_Piece_09_unclustered.ply:33: property 'float32 k2' of element 'camera' is not handled
[0;m[1;33m[pcl::PLYReader] Temp/Temp_edge/Pot_A/_breakLineFromConcaveHull.ply:21: property 'float32 focal' of element 'camera' is not handled
[0;m[1;33m[pcl::PLYReader] Temp/Temp_edge/Pot_A/_breakLineFromConcaveHull.ply:22: property 'float32 scalex' of element 'camera' is not handled
[0;m[1;33m[pcl::PLYReader] Temp/Temp_edge/Pot_A/_breakLineFromConcaveHull.ply:23: property 'float32 scaley' of element 'camera' is not handled
[0;m[1;33m[pcl::PLYReader] Temp/Temp_edge/Pot_A/_breakLineFromConcaveHull.ply:24: property 'float32 centerx' of element 'camera' is not handled
[0;m[1;33m[pcl::PLYReader] Temp/Temp_edge/Pot_A/_breakLineFromConcaveHull.ply:25: property 'float32 centery' of element 'camera' is not handled
[0;m[1;33m[pcl::PLYReader] Temp/Temp_edge/Pot_A/_breakLineFromConcaveHull.ply:28: property 'float32 k1' of element 'camera' is not handled
[0;m[1;33m[pcl::PLYReader] Temp/Temp_edge/Pot_A/_breakLineFromConcaveHull.ply:29: property 'float32 k2' of element 'camera' is not handled
[0;m[1;33mFailed to find match for field 'normal_x'.
[0;m[1;33mFailed to find match for field 'normal_y'.
[0;m[1;33mFailed to find match for field 'normal_z'.
[0;m[1;33mFailed to find match for field 'curvature'.
[0;m[EDGELINE DEBUG] readFile cols=3 file=Temp/Temp_edge/Pot_A/CompleteBreakline.xyz rows=78
[EDGELINE DEBUG] detectSeparateLineSegments: file=Temp/Temp_edge/Pot_A/CompleteBreakline.xyz len=10
[EDGELINE DEBUG] readFile cols=3 file=Temp/Temp_edge/Pot_A/CompleteBreakline.xyz rows=78
[EDGELINE DEBUG] readFile cols=6 file=Temp/Temp_edge/Pot_A/CompleteBreakline.xyz rows=78
[EDGELINE DEBUG] b1 rows=78 cols=3 b1_withN rows=78 cols=6
[EDGELINE DEBUG] dist_scoreB1 size=98x1 distScoreOriginalLength size=78x1
[EDGELINE DEBUG] bCombined size=98x3
[EDGELINE DEBUG] readFile cols=6 file=Segments/1.xyz rows=27
[EDGELINE DEBUG] readFile cols=6 file=Segments/2.xyz rows=37
[EDGELINE DEBUG] readFile cols=6 file=Segments/3.xyz rows=17
[EDGELINE DEBUG] detectedPeakIndices size=3
[EDGELINE DEBUG] Segments files count=3
[EDGELINE DEBUG] axisInfoAvailable=1 path=Dataset/Axes/Pot_A_Piece_09_Axis.xyz
[EDGELINE DEBUG] readFile cols=6 file=Segments/1.xyz rows=27
[DEBUG MATRIX] Segment file Segments/1.xyz matrix dimensions: 27x6
[DEBUG LOOP] Starting segment processing loop, rows=27 cols=6
[DEBUG ACCESS] i=0 accessing row 0 of 27x6 matrix
[DEBUG ACCESS] Accessing normals at i=0
[DEBUG ACCESS] i=1 accessing row 1 of 27x6 matrix
[DEBUG ACCESS] Accessing normals at i=1
[DEBUG ACCESS] i=2 accessing row 2 of 27x6 matrix
[DEBUG ACCESS] Accessing normals at i=2
[DEBUG ACCESS] i=3 accessing row 3 of 27x6 matrix
[DEBUG ACCESS] Accessing normals at i=3
[DEBUG ACCESS] i=4 accessing row 4 of 27x6 matrix
[DEBUG ACCESS] Accessing normals at i=4
[DEBUG ACCESS] i=5 accessing row 5 of 27x6 matrix
[DEBUG ACCESS] Accessing normals at i=5
[DEBUG ACCESS] i=6 accessing row 6 of 27x6 matrix
[DEBUG ACCESS] Accessing normals at i=6
[DEBUG ACCESS] i=7 accessing row 7 of 27x6 matrix
[DEBUG ACCESS] Accessing normals at i=7
[DEBUG ACCESS] i=8 accessing row 8 of 27x6 matrix
[DEBUG ACCESS] Accessing normals at i=8
[DEBUG ACCESS] i=9 accessing row 9 of 27x6 matrix
[DEBUG ACCESS] Accessing normals at i=9
[DEBUG ACCESS] i=10 accessing row 10 of 27x6 matrix
[DEBUG ACCESS] Accessing normals at i=10
[DEBUG ACCESS] i=11 accessing row 11 of 27x6 matrix
[DEBUG ACCESS] Accessing normals at i=11
[DEBUG ACCESS] i=12 accessing row 12 of 27x6 matrix
[DEBUG ACCESS] Accessing normals at i=12
[DEBUG ACCESS] i=13 accessing row 13 of 27x6 matrix
[DEBUG ACCESS] Accessing normals at i=13
[DEBUG ACCESS] i=14 accessing row 14 of 27x6 matrix
[DEBUG ACCESS] Accessing normals at i=14
[DEBUG ACCESS] i=15 accessing row 15 of 27x6 matrix
[DEBUG ACCESS] Accessing normals at i=15
[DEBUG ACCESS] i=16 accessing row 16 of 27x6 matrix
[DEBUG ACCESS] Accessing normals at i=16
[DEBUG ACCESS] i=17 accessing row 17 of 27x6 matrix
[DEBUG ACCESS] Accessing normals at i=17
[DEBUG ACCESS] i=18 accessing row 18 of 27x6 matrix
[DEBUG ACCESS] Accessing normals at i=18
[DEBUG ACCESS] i=19 accessing row 19 of 27x6 matrix
[DEBUG ACCESS] Accessing normals at i=19
[DEBUG ACCESS] i=20 accessing row 20 of 27x6 matrix
[DEBUG ACCESS] Accessing normals at i=20
[DEBUG ACCESS] i=21 accessing row 21 of 27x6 matrix
[DEBUG ACCESS] Accessing normals at i=21
[DEBUG ACCESS] i=22 accessing row 22 of 27x6 matrix
[DEBUG ACCESS] Accessing normals at i=22
[DEBUG ACCESS] i=23 accessing row 23 of 27x6 matrix
[DEBUG ACCESS] Accessing normals at i=23
[DEBUG ACCESS] i=24 accessing row 24 of 27x6 matrix
[DEBUG ACCESS] Accessing normals at i=24
[DEBUG ACCESS] i=25 accessing row 25 of 27x6 matrix
[DEBUG ACCESS] Accessing normals at i=25
[EDGELINE DEBUG] Load PLY normals: Temp/Data/Pot_A/Pot_A_Piece_09_SampledWithNormals.ply
[1;33m[pcl::PLYReader] Temp/Data/Pot_A/Pot_A_Piece_09_SampledWithNormals.ply:25: property 'float32 focal' of element 'camera' is not handled
[0;m[1;33m[pcl::PLYReader] Temp/Data/Pot_A/Pot_A_Piece_09_SampledWithNormals.ply:26: property 'float32 scalex' of element 'camera' is not handled
[0;m[1;33m[pcl::PLYReader] Temp/Data/Pot_A/Pot_A_Piece_09_SampledWithNormals.ply:27: property 'float32 scaley' of element 'camera' is not handled
[0;m[1;33m[pcl::PLYReader] Temp/Data/Pot_A/Pot_A_Piece_09_SampledWithNormals.ply:28: property 'float32 centerx' of element 'camera' is not handled
[0;m[1;33m[pcl::PLYReader] Temp/Data/Pot_A/Pot_A_Piece_09_SampledWithNormals.ply:29: property 'float32 centery' of element 'camera' is not handled
[0;m[1;33m[pcl::PLYReader] Temp/Data/Pot_A/Pot_A_Piece_09_SampledWithNormals.ply:32: property 'float32 k1' of element 'camera' is not handled
[0;m[1;33m[pcl::PLYReader] Temp/Data/Pot_A/Pot_A_Piece_09_SampledWithNormals.ply:33: property 'float32 k2' of element 'camera' is not handled
[0;m[EDGELINE DEBUG] Loaded PointNormal PLY ok, size=8055
[DEBUG AXIS PATH] Using axis file: Dataset/Axes/Pot_A_Piece_09_Axis.xyz
[EDGELINE DEBUG] readFile cols=6 file=Segments/2.xyz rows=37
[DEBUG MATRIX] Segment file Segments/2.xyz matrix dimensions: 37x6
[DEBUG LOOP] Starting segment processing loop, rows=37 cols=6
[DEBUG ACCESS] i=0 accessing row 0 of 37x6 matrix
[DEBUG ACCESS] Accessing normals at i=0
[DEBUG ACCESS] i=1 accessing row 1 of 37x6 matrix
[DEBUG ACCESS] Accessing normals at i=1
[DEBUG ACCESS] i=2 accessing row 2 of 37x6 matrix
[DEBUG ACCESS] Accessing normals at i=2
[DEBUG ACCESS] i=3 accessing row 3 of 37x6 matrix
[DEBUG ACCESS] Accessing normals at i=3
[DEBUG ACCESS] i=4 accessing row 4 of 37x6 matrix
[DEBUG ACCESS] Accessing normals at i=4
[DEBUG ACCESS] i=5 accessing row 5 of 37x6 matrix
[DEBUG ACCESS] Accessing normals at i=5
[DEBUG ACCESS] i=6 accessing row 6 of 37x6 matrix
[DEBUG ACCESS] Accessing normals at i=6
[DEBUG ACCESS] i=7 accessing row 7 of 37x6 matrix
[DEBUG ACCESS] Accessing normals at i=7
[DEBUG ACCESS] i=8 accessing row 8 of 37x6 matrix
[DEBUG ACCESS] Accessing normals at i=8
[DEBUG ACCESS] i=9 accessing row 9 of 37x6 matrix
[DEBUG ACCESS] Accessing normals at i=9
[DEBUG ACCESS] i=10 accessing row 10 of 37x6 matrix
[DEBUG ACCESS] Accessing normals at i=10
[DEBUG ACCESS] i=11 accessing row 11 of 37x6 matrix
[DEBUG ACCESS] Accessing normals at i=11
[DEBUG ACCESS] i=12 accessing row 12 of 37x6 matrix
[DEBUG ACCESS] Accessing normals at i=12
[DEBUG ACCESS] i=13 accessing row 13 of 37x6 matrix
[DEBUG ACCESS] Accessing normals at i=13
[DEBUG ACCESS] i=14 accessing row 14 of 37x6 matrix
[DEBUG ACCESS] Accessing normals at i=14
[DEBUG ACCESS] i=15 accessing row 15 of 37x6 matrix
[DEBUG ACCESS] Accessing normals at i=15
[DEBUG ACCESS] i=16 accessing row 16 of 37x6 matrix
[DEBUG ACCESS] Accessing normals at i=16
[DEBUG ACCESS] i=17 accessing row 17 of 37x6 matrix
[DEBUG ACCESS] Accessing normals at i=17
[DEBUG ACCESS] i=18 accessing row 18 of 37x6 matrix
[DEBUG ACCESS] Accessing normals at i=18
[DEBUG ACCESS] i=19 accessing row 19 of 37x6 matrix
[DEBUG ACCESS] Accessing normals at i=19
[DEBUG ACCESS] i=20 accessing row 20 of 37x6 matrix
[DEBUG ACCESS] Accessing normals at i=20
[DEBUG ACCESS] i=21 accessing row 21 of 37x6 matrix
[DEBUG ACCESS] Accessing normals at i=21
[DEBUG ACCESS] i=22 accessing row 22 of 37x6 matrix
[DEBUG ACCESS] Accessing normals at i=22
[DEBUG ACCESS] i=23 accessing row 23 of 37x6 matrix
[DEBUG ACCESS] Accessing normals at i=23
[DEBUG ACCESS] i=24 accessing row 24 of 37x6 matrix
[DEBUG ACCESS] Accessing normals at i=24
[DEBUG ACCESS] i=25 accessing row 25 of 37x6 matrix
[DEBUG ACCESS] Accessing normals at i=25
[DEBUG ACCESS] i=26 accessing row 26 of 37x6 matrix
[DEBUG ACCESS] Accessing normals at i=26
[DEBUG ACCESS] i=27 accessing row 27 of 37x6 matrix
[DEBUG ACCESS] Accessing normals at i=27
[DEBUG ACCESS] i=28 accessing row 28 of 37x6 matrix
[DEBUG ACCESS] Accessing normals at i=28
[DEBUG ACCESS] i=29 accessing row 29 of 37x6 matrix
[DEBUG ACCESS] Accessing normals at i=29
[DEBUG ACCESS] i=30 accessing row 30 of 37x6 matrix
[DEBUG ACCESS] Accessing normals at i=30
[DEBUG ACCESS] i=31 accessing row 31 of 37x6 matrix
[DEBUG ACCESS] Accessing normals at i=31
[DEBUG ACCESS] i=32 accessing row 32 of 37x6 matrix
[DEBUG ACCESS] Accessing normals at i=32
[DEBUG ACCESS] i=33 accessing row 33 of 37x6 matrix
[DEBUG ACCESS] Accessing normals at i=33
[DEBUG ACCESS] i=34 accessing row 34 of 37x6 matrix
[DEBUG ACCESS] Accessing normals at i=34
[DEBUG ACCESS] i=35 accessing row 35 of 37x6 matrix
[DEBUG ACCESS] Accessing normals at i=35
[EDGELINE DEBUG] Load PLY normals: Temp/Data/Pot_A/Pot_A_Piece_09_SampledWithNormals.ply
[1;33m[pcl::PLYReader] Temp/Data/Pot_A/Pot_A_Piece_09_SampledWithNormals.ply:25: property 'float32 focal' of element 'camera' is not handled
[0;m[1;33m[pcl::PLYReader] Temp/Data/Pot_A/Pot_A_Piece_09_SampledWithNormals.ply:26: property 'float32 scalex' of element 'camera' is not handled
[0;m[1;33m[pcl::PLYReader] Temp/Data/Pot_A/Pot_A_Piece_09_SampledWithNormals.ply:27: property 'float32 scaley' of element 'camera' is not handled
[0;m[1;33m[pcl::PLYReader] Temp/Data/Pot_A/Pot_A_Piece_09_SampledWithNormals.ply:28: property 'float32 centerx' of element 'camera' is not handled
[0;m[1;33m[pcl::PLYReader] Temp/Data/Pot_A/Pot_A_Piece_09_SampledWithNormals.ply:29: property 'float32 centery' of element 'camera' is not handled
[0;m[1;33m[pcl::PLYReader] Temp/Data/Pot_A/Pot_A_Piece_09_SampledWithNormals.ply:32: property 'float32 k1' of element 'camera' is not handled
[0;m[1;33m[pcl::PLYReader] Temp/Data/Pot_A/Pot_A_Piece_09_SampledWithNormals.ply:33: property 'float32 k2' of element 'camera' is not handled
[0;m[EDGELINE DEBUG] Loaded PointNormal PLY ok, size=8055
[DEBUG AXIS PATH] Using axis file: Dataset/Axes/Pot_A_Piece_09_Axis.xyz
[EDGELINE DEBUG] readFile cols=6 file=Segments/3.xyz rows=17
[DEBUG MATRIX] Segment file Segments/3.xyz matrix dimensions: 17x6
[DEBUG LOOP] Starting segment processing loop, rows=17 cols=6
[DEBUG ACCESS] i=0 accessing row 0 of 17x6 matrix
[DEBUG ACCESS] Accessing normals at i=0
[DEBUG ACCESS] i=1 accessing row 1 of 17x6 matrix
[DEBUG ACCESS] Accessing normals at i=1
[DEBUG ACCESS] i=2 accessing row 2 of 17x6 matrix
[DEBUG ACCESS] Accessing normals at i=2
[DEBUG ACCESS] i=3 accessing row 3 of 17x6 matrix
[DEBUG ACCESS] Accessing normals at i=3
[DEBUG ACCESS] i=4 accessing row 4 of 17x6 matrix
[DEBUG ACCESS] Accessing normals at i=4
[DEBUG ACCESS] i=5 accessing row 5 of 17x6 matrix
[DEBUG ACCESS] Accessing normals at i=5
[DEBUG ACCESS] i=6 accessing row 6 of 17x6 matrix
[DEBUG ACCESS] Accessing normals at i=6
[DEBUG ACCESS] i=7 accessing row 7 of 17x6 matrix
[DEBUG ACCESS] Accessing normals at i=7
[DEBUG ACCESS] i=8 accessing row 8 of 17x6 matrix
[DEBUG ACCESS] Accessing normals at i=8
[DEBUG ACCESS] i=9 accessing row 9 of 17x6 matrix
[DEBUG ACCESS] Accessing normals at i=9
[DEBUG ACCESS] i=10 accessing row 10 of 17x6 matrix
[DEBUG ACCESS] Accessing normals at i=10
[DEBUG ACCESS] i=11 accessing row 11 of 17x6 matrix
[DEBUG ACCESS] Accessing normals at i=11
[DEBUG ACCESS] i=12 accessing row 12 of 17x6 matrix
[DEBUG ACCESS] Accessing normals at i=12
[DEBUG ACCESS] i=13 accessing row 13 of 17x6 matrix
[DEBUG ACCESS] Accessing normals at i=13
[DEBUG ACCESS] i=14 accessing row 14 of 17x6 matrix
[DEBUG ACCESS] Accessing normals at i=14
[DEBUG ACCESS] i=15 accessing row 15 of 17x6 matrix
[DEBUG ACCESS] Accessing normals at i=15
[EDGELINE DEBUG] Load PLY normals: Temp/Data/Pot_A/Pot_A_Piece_09_SampledWithNormals.ply
[1;33m[pcl::PLYReader] Temp/Data/Pot_A/Pot_A_Piece_09_SampledWithNormals.ply:25: property 'float32 focal' of element 'camera' is not handled
[0;m[1;33m[pcl::PLYReader] Temp/Data/Pot_A/Pot_A_Piece_09_SampledWithNormals.ply:26: property 'float32 scalex' of element 'camera' is not handled
[0;m[1;33m[pcl::PLYReader] Temp/Data/Pot_A/Pot_A_Piece_09_SampledWithNormals.ply:27: property 'float32 scaley' of element 'camera' is not handled
[0;m[1;33m[pcl::PLYReader] Temp/Data/Pot_A/Pot_A_Piece_09_SampledWithNormals.ply:28: property 'float32 centerx' of element 'camera' is not handled
[0;m[1;33m[pcl::PLYReader] Temp/Data/Pot_A/Pot_A_Piece_09_SampledWithNormals.ply:29: property 'float32 centery' of element 'camera' is not handled
[0;m[1;33m[pcl::PLYReader] Temp/Data/Pot_A/Pot_A_Piece_09_SampledWithNormals.ply:32: property 'float32 k1' of element 'camera' is not handled
[0;m[1;33m[pcl::PLYReader] Temp/Data/Pot_A/Pot_A_Piece_09_SampledWithNormals.ply:33: property 'float32 k2' of element 'camera' is not handled
[0;m[EDGELINE DEBUG] Loaded PointNormal PLY ok, size=8055
[DEBUG AXIS PATH] Using axis file: Dataset/Axes/Pot_A_Piece_09_Axis.xyz
[EDGELINE DEBUG] readFile cols=6 file=Segments/1.xyz rows=27
[EDGELINE DEBUG] Load PLY normals: Temp/Data/Pot_A/Pot_A_Piece_09_SampledWithNormals.ply
[1;33m[pcl::PLYReader] Temp/Data/Pot_A/Pot_A_Piece_09_SampledWithNormals.ply:25: property 'float32 focal' of element 'camera' is not handled
[0;m[1;33m[pcl::PLYReader] Temp/Data/Pot_A/Pot_A_Piece_09_SampledWithNormals.ply:26: property 'float32 scalex' of element 'camera' is not handled
[0;m[1;33m[pcl::PLYReader] Temp/Data/Pot_A/Pot_A_Piece_09_SampledWithNormals.ply:27: property 'float32 scaley' of element 'camera' is not handled
[0;m[1;33m[pcl::PLYReader] Temp/Data/Pot_A/Pot_A_Piece_09_SampledWithNormals.ply:28: property 'float32 centerx' of element 'camera' is not handled
[0;m[1;33m[pcl::PLYReader] Temp/Data/Pot_A/Pot_A_Piece_09_SampledWithNormals.ply:29: property 'float32 centery' of element 'camera' is not handled
[0;m[1;33m[pcl::PLYReader] Temp/Data/Pot_A/Pot_A_Piece_09_SampledWithNormals.ply:32: property 'float32 k1' of element 'camera' is not handled
[0;m[1;33m[pcl::PLYReader] Temp/Data/Pot_A/Pot_A_Piece_09_SampledWithNormals.ply:33: property 'float32 k2' of element 'camera' is not handled
[0;m[EDGELINE DEBUG] Loaded PointNormal PLY ok, size=8055
[EDGELINE DEBUG] readFile cols=6 file=Segments/2.xyz rows=37
[EDGELINE DEBUG] Load PLY normals: Temp/Data/Pot_A/Pot_A_Piece_09_SampledWithNormals.ply
[1;33m[pcl::PLYReader] Temp/Data/Pot_A/Pot_A_Piece_09_SampledWithNormals.ply:25: property 'float32 focal' of element 'camera' is not handled
[0;m[1;33m[pcl::PLYReader] Temp/Data/Pot_A/Pot_A_Piece_09_SampledWithNormals.ply:26: property 'float32 scalex' of element 'camera' is not handled
[0;m[1;33m[pcl::PLYReader] Temp/Data/Pot_A/Pot_A_Piece_09_SampledWithNormals.ply:27: property 'float32 scaley' of element 'camera' is not handled
[0;m[1;33m[pcl::PLYReader] Temp/Data/Pot_A/Pot_A_Piece_09_SampledWithNormals.ply:28: property 'float32 centerx' of element 'camera' is not handled
[0;m[1;33m[pcl::PLYReader] Temp/Data/Pot_A/Pot_A_Piece_09_SampledWithNormals.ply:29: property 'float32 centery' of element 'camera' is not handled
[0;m[1;33m[pcl::PLYReader] Temp/Data/Pot_A/Pot_A_Piece_09_SampledWithNormals.ply:32: property 'float32 k1' of element 'camera' is not handled
[0;m[1;33m[pcl::PLYReader] Temp/Data/Pot_A/Pot_A_Piece_09_SampledWithNormals.ply:33: property 'float32 k2' of element 'camera' is not handled
[0;m[EDGELINE DEBUG] Loaded PointNormal PLY ok, size=8055
[EDGELINE DEBUG] readFile cols=6 file=Segments/3.xyz rows=17
[EDGELINE DEBUG] Load PLY normals: Temp/Data/Pot_A/Pot_A_Piece_09_SampledWithNormals.ply
[1;33m[pcl::PLYReader] Temp/Data/Pot_A/Pot_A_Piece_09_SampledWithNormals.ply:25: property 'float32 focal' of element 'camera' is not handled
[0;m[1;33m[pcl::PLYReader] Temp/Data/Pot_A/Pot_A_Piece_09_SampledWithNormals.ply:26: property 'float32 scalex' of element 'camera' is not handled
[0;m[1;33m[pcl::PLYReader] Temp/Data/Pot_A/Pot_A_Piece_09_SampledWithNormals.ply:27: property 'float32 scaley' of element 'camera' is not handled
[0;m[1;33m[pcl::PLYReader] Temp/Data/Pot_A/Pot_A_Piece_09_SampledWithNormals.ply:28: property 'float32 centerx' of element 'camera' is not handled
[0;m[1;33m[pcl::PLYReader] Temp/Data/Pot_A/Pot_A_Piece_09_SampledWithNormals.ply:29: property 'float32 centery' of element 'camera' is not handled
[0;m[1;33m[pcl::PLYReader] Temp/Data/Pot_A/Pot_A_Piece_09_SampledWithNormals.ply:32: property 'float32 k1' of element 'camera' is not handled
[0;m[1;33m[pcl::PLYReader] Temp/Data/Pot_A/Pot_A_Piece_09_SampledWithNormals.ply:33: property 'float32 k2' of element 'camera' is not handled
[0;m[EDGELINE DEBUG] Loaded PointNormal PLY ok, size=8055
[EDGELINE DEBUG] processFragmentData surface=Temp/Data/Pot_A/Pot_A_Piece_09_Surface_1.xyz mesh=Temp/Data/Pot_A/Pot_A_Piece_09_Mesh.obj
[EDGELINE DEBUG] readFile cols=3 file=Temp/Temp_edge/Pot_A/pointCloudFromMesh.xyz rows=5545
[1;33m[pcl::PLYReader] Temp/Data/Pot_A/Pot_A_Piece_09_unclustered.ply:25: property 'float32 focal' of element 'camera' is not handled
[0;m[1;33m[pcl::PLYReader] Temp/Data/Pot_A/Pot_A_Piece_09_unclustered.ply:26: property 'float32 scalex' of element 'camera' is not handled
[0;m[1;33m[pcl::PLYReader] Temp/Data/Pot_A/Pot_A_Piece_09_unclustered.ply:27: property 'float32 scaley' of element 'camera' is not handled
[0;m[1;33m[pcl::PLYReader] Temp/Data/Pot_A/Pot_A_Piece_09_unclustered.ply:28: property 'float32 centerx' of element 'camera' is not handled
[0;m[1;33m[pcl::PLYReader] Temp/Data/Pot_A/Pot_A_Piece_09_unclustered.ply:29: property 'float32 centery' of element 'camera' is not handled
[0;m[1;33m[pcl::PLYReader] Temp/Data/Pot_A/Pot_A_Piece_09_unclustered.ply:32: property 'float32 k1' of element 'camera' is not handled
[0;m[1;33m[pcl::PLYReader] Temp/Data/Pot_A/Pot_A_Piece_09_unclustered.ply:33: property 'float32 k2' of element 'camera' is not handled
[0;m[1;33m[pcl::PLYReader] Temp/Temp_edge/Pot_A/_breakLineFromConcaveHull.ply:21: property 'float32 focal' of element 'camera' is not handled
[0;m[1;33m[pcl::PLYReader] Temp/Temp_edge/Pot_A/_breakLineFromConcaveHull.ply:22: property 'float32 scalex' of element 'camera' is not handled
[0;m[1;33m[pcl::PLYReader] Temp/Temp_edge/Pot_A/_breakLineFromConcaveHull.ply:23: property 'float32 scaley' of element 'camera' is not handled
[0;m[1;33m[pcl::PLYReader] Temp/Temp_edge/Pot_A/_breakLineFromConcaveHull.ply:24: property 'float32 centerx' of element 'camera' is not handled
[0;m[1;33m[pcl::PLYReader] Temp/Temp_edge/Pot_A/_breakLineFromConcaveHull.ply:25: property 'float32 centery' of element 'camera' is not handled
[0;m[1;33m[pcl::PLYReader] Temp/Temp_edge/Pot_A/_breakLineFromConcaveHull.ply:28: property 'float32 k1' of element 'camera' is not handled
[0;m[1;33m[pcl::PLYReader] Temp/Temp_edge/Pot_A/_breakLineFromConcaveHull.ply:29: property 'float32 k2' of element 'camera' is not handled
[0;m[1;33mFailed to find match for field 'normal_x'.
[0;m[1;33mFailed to find match for field 'normal_y'.
[0;m[1;33mFailed to find match for field 'normal_z'.
[0;m[1;33mFailed to find match for field 'curvature'.
[0;m[EDGELINE DEBUG] readFile cols=3 file=Temp/Temp_edge/Pot_A/CompleteBreakline.xyz rows=111
[EDGELINE DEBUG] detectSeparateLineSegments: file=Temp/Temp_edge/Pot_A/CompleteBreakline.xyz len=10
[EDGELINE DEBUG] readFile cols=3 file=Temp/Temp_edge/Pot_A/CompleteBreakline.xyz rows=111
[EDGELINE DEBUG] readFile cols=6 file=Temp/Temp_edge/Pot_A/CompleteBreakline.xyz rows=111
[EDGELINE DEBUG] b1 rows=111 cols=3 b1_withN rows=111 cols=6
[EDGELINE DEBUG] dist_scoreB1 size=131x1 distScoreOriginalLength size=111x1
[EDGELINE DEBUG] bCombined size=131x3
[EDGELINE DEBUG] readFile cols=6 file=Segments/1.xyz rows=42
[EDGELINE DEBUG] readFile cols=6 file=Segments/2.xyz rows=44
[EDGELINE DEBUG] readFile cols=6 file=Segments/3.xyz rows=28
[EDGELINE DEBUG] detectedPeakIndices size=3
[EDGELINE DEBUG] Segments files count=3
[EDGELINE DEBUG] axisInfoAvailable=1 path=Dataset/Axes/Pot_A_Piece_09_Axis.xyz
[EDGELINE DEBUG] readFile cols=6 file=Segments/1.xyz rows=42
[DEBUG MATRIX] Segment file Segments/1.xyz matrix dimensions: 42x6
[DEBUG LOOP] Starting segment processing loop, rows=42 cols=6
[DEBUG ACCESS] i=0 accessing row 0 of 42x6 matrix
[DEBUG ACCESS] Accessing normals at i=0
[DEBUG ACCESS] i=1 accessing row 1 of 42x6 matrix
[DEBUG ACCESS] Accessing normals at i=1
[DEBUG ACCESS] i=2 accessing row 2 of 42x6 matrix
[DEBUG ACCESS] Accessing normals at i=2
[DEBUG ACCESS] i=3 accessing row 3 of 42x6 matrix
[DEBUG ACCESS] Accessing normals at i=3
[DEBUG ACCESS] i=4 accessing row 4 of 42x6 matrix
[DEBUG ACCESS] Accessing normals at i=4
[DEBUG ACCESS] i=5 accessing row 5 of 42x6 matrix
[DEBUG ACCESS] Accessing normals at i=5
[DEBUG ACCESS] i=6 accessing row 6 of 42x6 matrix
[DEBUG ACCESS] Accessing normals at i=6
[DEBUG ACCESS] i=7 accessing row 7 of 42x6 matrix
[DEBUG ACCESS] Accessing normals at i=7
[DEBUG ACCESS] i=8 accessing row 8 of 42x6 matrix
[DEBUG ACCESS] Accessing normals at i=8
[DEBUG ACCESS] i=9 accessing row 9 of 42x6 matrix
[DEBUG ACCESS] Accessing normals at i=9
[DEBUG ACCESS] i=10 accessing row 10 of 42x6 matrix
[DEBUG ACCESS] Accessing normals at i=10
[DEBUG ACCESS] i=11 accessing row 11 of 42x6 matrix
[DEBUG ACCESS] Accessing normals at i=11
[DEBUG ACCESS] i=12 accessing row 12 of 42x6 matrix
[DEBUG ACCESS] Accessing normals at i=12
[DEBUG ACCESS] i=13 accessing row 13 of 42x6 matrix
[DEBUG ACCESS] Accessing normals at i=13
[DEBUG ACCESS] i=14 accessing row 14 of 42x6 matrix
[DEBUG ACCESS] Accessing normals at i=14
[DEBUG ACCESS] i=15 accessing row 15 of 42x6 matrix
[DEBUG ACCESS] Accessing normals at i=15
[DEBUG ACCESS] i=16 accessing row 16 of 42x6 matrix
[DEBUG ACCESS] Accessing normals at i=16
[DEBUG ACCESS] i=17 accessing row 17 of 42x6 matrix
[DEBUG ACCESS] Accessing normals at i=17
[DEBUG ACCESS] i=18 accessing row 18 of 42x6 matrix
[DEBUG ACCESS] Accessing normals at i=18
[DEBUG ACCESS] i=19 accessing row 19 of 42x6 matrix
[DEBUG ACCESS] Accessing normals at i=19
[DEBUG ACCESS] i=20 accessing row 20 of 42x6 matrix
[DEBUG ACCESS] Accessing normals at i=20
[DEBUG ACCESS] i=21 accessing row 21 of 42x6 matrix
[DEBUG ACCESS] Accessing normals at i=21
[DEBUG ACCESS] i=22 accessing row 22 of 42x6 matrix
[DEBUG ACCESS] Accessing normals at i=22
[DEBUG ACCESS] i=23 accessing row 23 of 42x6 matrix
[DEBUG ACCESS] Accessing normals at i=23
[DEBUG ACCESS] i=24 accessing row 24 of 42x6 matrix
[DEBUG ACCESS] Accessing normals at i=24
[DEBUG ACCESS] i=25 accessing row 25 of 42x6 matrix
[DEBUG ACCESS] Accessing normals at i=25
[DEBUG ACCESS] i=26 accessing row 26 of 42x6 matrix
[DEBUG ACCESS] Accessing normals at i=26
[DEBUG ACCESS] i=27 accessing row 27 of 42x6 matrix
[DEBUG ACCESS] Accessing normals at i=27
[DEBUG ACCESS] i=28 accessing row 28 of 42x6 matrix
[DEBUG ACCESS] Accessing normals at i=28
[DEBUG ACCESS] i=29 accessing row 29 of 42x6 matrix
[DEBUG ACCESS] Accessing normals at i=29
[DEBUG ACCESS] i=30 accessing row 30 of 42x6 matrix
[DEBUG ACCESS] Accessing normals at i=30
[DEBUG ACCESS] i=31 accessing row 31 of 42x6 matrix
[DEBUG ACCESS] Accessing normals at i=31
[DEBUG ACCESS] i=32 accessing row 32 of 42x6 matrix
[DEBUG ACCESS] Accessing normals at i=32
[DEBUG ACCESS] i=33 accessing row 33 of 42x6 matrix
[DEBUG ACCESS] Accessing normals at i=33
[DEBUG ACCESS] i=34 accessing row 34 of 42x6 matrix
[DEBUG ACCESS] Accessing normals at i=34
[DEBUG ACCESS] i=35 accessing row 35 of 42x6 matrix
[DEBUG ACCESS] Accessing normals at i=35
[DEBUG ACCESS] i=36 accessing row 36 of 42x6 matrix
[DEBUG ACCESS] Accessing normals at i=36
[DEBUG ACCESS] i=37 accessing row 37 of 42x6 matrix
[DEBUG ACCESS] Accessing normals at i=37
[DEBUG ACCESS] i=38 accessing row 38 of 42x6 matrix
[DEBUG ACCESS] Accessing normals at i=38
[DEBUG ACCESS] i=39 accessing row 39 of 42x6 matrix
[DEBUG ACCESS] Accessing normals at i=39
[DEBUG ACCESS] i=40 accessing row 40 of 42x6 matrix
[DEBUG ACCESS] Accessing normals at i=40
[EDGELINE DEBUG] Load PLY normals: Temp/Data/Pot_A/Pot_A_Piece_09_SampledWithNormals.ply
[1;33m[pcl::PLYReader] Temp/Data/Pot_A/Pot_A_Piece_09_SampledWithNormals.ply:25: property 'float32 focal' of element 'camera' is not handled
[0;m[1;33m[pcl::PLYReader] Temp/Data/Pot_A/Pot_A_Piece_09_SampledWithNormals.ply:26: property 'float32 scalex' of element 'camera' is not handled
[0;m[1;33m[pcl::PLYReader] Temp/Data/Pot_A/Pot_A_Piece_09_SampledWithNormals.ply:27: property 'float32 scaley' of element 'camera' is not handled
[0;m[1;33m[pcl::PLYReader] Temp/Data/Pot_A/Pot_A_Piece_09_SampledWithNormals.ply:28: property 'float32 centerx' of element 'camera' is not handled
[0;m[1;33m[pcl::PLYReader] Temp/Data/Pot_A/Pot_A_Piece_09_SampledWithNormals.ply:29: property 'float32 centery' of element 'camera' is not handled
[0;m[1;33m[pcl::PLYReader] Temp/Data/Pot_A/Pot_A_Piece_09_SampledWithNormals.ply:32: property 'float32 k1' of element 'camera' is not handled
[0;m[1;33m[pcl::PLYReader] Temp/Data/Pot_A/Pot_A_Piece_09_SampledWithNormals.ply:33: property 'float32 k2' of element 'camera' is not handled
[0;m[EDGELINE DEBUG] Loaded PointNormal PLY ok, size=8055
[DEBUG AXIS PATH] Using axis file: Dataset/Axes/Pot_A_Piece_09_Axis.xyz
[EDGELINE DEBUG] readFile cols=6 file=Segments/2.xyz rows=44
[DEBUG MATRIX] Segment file Segments/2.xyz matrix dimensions: 44x6
[DEBUG LOOP] Starting segment processing loop, rows=44 cols=6
[DEBUG ACCESS] i=0 accessing row 0 of 44x6 matrix
[DEBUG ACCESS] Accessing normals at i=0
[DEBUG ACCESS] i=1 accessing row 1 of 44x6 matrix
[DEBUG ACCESS] Accessing normals at i=1
[DEBUG ACCESS] i=2 accessing row 2 of 44x6 matrix
[DEBUG ACCESS] Accessing normals at i=2
[DEBUG ACCESS] i=3 accessing row 3 of 44x6 matrix
[DEBUG ACCESS] Accessing normals at i=3
[DEBUG ACCESS] i=4 accessing row 4 of 44x6 matrix
[DEBUG ACCESS] Accessing normals at i=4
[DEBUG ACCESS] i=5 accessing row 5 of 44x6 matrix
[DEBUG ACCESS] Accessing normals at i=5
[DEBUG ACCESS] i=6 accessing row 6 of 44x6 matrix
[DEBUG ACCESS] Accessing normals at i=6
[DEBUG ACCESS] i=7 accessing row 7 of 44x6 matrix
[DEBUG ACCESS] Accessing normals at i=7
[DEBUG ACCESS] i=8 accessing row 8 of 44x6 matrix
[DEBUG ACCESS] Accessing normals at i=8
[DEBUG ACCESS] i=9 accessing row 9 of 44x6 matrix
[DEBUG ACCESS] Accessing normals at i=9
[DEBUG ACCESS] i=10 accessing row 10 of 44x6 matrix
[DEBUG ACCESS] Accessing normals at i=10
[DEBUG ACCESS] i=11 accessing row 11 of 44x6 matrix
[DEBUG ACCESS] Accessing normals at i=11
[DEBUG ACCESS] i=12 accessing row 12 of 44x6 matrix
[DEBUG ACCESS] Accessing normals at i=12
[DEBUG ACCESS] i=13 accessing row 13 of 44x6 matrix
[DEBUG ACCESS] Accessing normals at i=13
[DEBUG ACCESS] i=14 accessing row 14 of 44x6 matrix
[DEBUG ACCESS] Accessing normals at i=14
[DEBUG ACCESS] i=15 accessing row 15 of 44x6 matrix
[DEBUG ACCESS] Accessing normals at i=15
[DEBUG ACCESS] i=16 accessing row 16 of 44x6 matrix
[DEBUG ACCESS] Accessing normals at i=16
[DEBUG ACCESS] i=17 accessing row 17 of 44x6 matrix
[DEBUG ACCESS] Accessing normals at i=17
[DEBUG ACCESS] i=18 accessing row 18 of 44x6 matrix
[DEBUG ACCESS] Accessing normals at i=18
[DEBUG ACCESS] i=19 accessing row 19 of 44x6 matrix
[DEBUG ACCESS] Accessing normals at i=19
[DEBUG ACCESS] i=20 accessing row 20 of 44x6 matrix
[DEBUG ACCESS] Accessing normals at i=20
[DEBUG ACCESS] i=21 accessing row 21 of 44x6 matrix
[DEBUG ACCESS] Accessing normals at i=21
[DEBUG ACCESS] i=22 accessing row 22 of 44x6 matrix
[DEBUG ACCESS] Accessing normals at i=22
[DEBUG ACCESS] i=23 accessing row 23 of 44x6 matrix
[DEBUG ACCESS] Accessing normals at i=23
[DEBUG ACCESS] i=24 accessing row 24 of 44x6 matrix
[DEBUG ACCESS] Accessing normals at i=24
[DEBUG ACCESS] i=25 accessing row 25 of 44x6 matrix
[DEBUG ACCESS] Accessing normals at i=25
[DEBUG ACCESS] i=26 accessing row 26 of 44x6 matrix
[DEBUG ACCESS] Accessing normals at i=26
[DEBUG ACCESS] i=27 accessing row 27 of 44x6 matrix
[DEBUG ACCESS] Accessing normals at i=27
[DEBUG ACCESS] i=28 accessing row 28 of 44x6 matrix
[DEBUG ACCESS] Accessing normals at i=28
[DEBUG ACCESS] i=29 accessing row 29 of 44x6 matrix
[DEBUG ACCESS] Accessing normals at i=29
[DEBUG ACCESS] i=30 accessing row 30 of 44x6 matrix
[DEBUG ACCESS] Accessing normals at i=30
[DEBUG ACCESS] i=31 accessing row 31 of 44x6 matrix
[DEBUG ACCESS] Accessing normals at i=31
[DEBUG ACCESS] i=32 accessing row 32 of 44x6 matrix
[DEBUG ACCESS] Accessing normals at i=32
[DEBUG ACCESS] i=33 accessing row 33 of 44x6 matrix
[DEBUG ACCESS] Accessing normals at i=33
[DEBUG ACCESS] i=34 accessing row 34 of 44x6 matrix
[DEBUG ACCESS] Accessing normals at i=34
[DEBUG ACCESS] i=35 accessing row 35 of 44x6 matrix
[DEBUG ACCESS] Accessing normals at i=35
[DEBUG ACCESS] i=36 accessing row 36 of 44x6 matrix
[DEBUG ACCESS] Accessing normals at i=36
[DEBUG ACCESS] i=37 accessing row 37 of 44x6 matrix
[DEBUG ACCESS] Accessing normals at i=37
[DEBUG ACCESS] i=38 accessing row 38 of 44x6 matrix
[DEBUG ACCESS] Accessing normals at i=38
[DEBUG ACCESS] i=39 accessing row 39 of 44x6 matrix
[DEBUG ACCESS] Accessing normals at i=39
[DEBUG ACCESS] i=40 accessing row 40 of 44x6 matrix
[DEBUG ACCESS] Accessing normals at i=40
[DEBUG ACCESS] i=41 accessing row 41 of 44x6 matrix
[DEBUG ACCESS] Accessing normals at i=41
[DEBUG ACCESS] i=42 accessing row 42 of 44x6 matrix
[DEBUG ACCESS] Accessing normals at i=42
[EDGELINE DEBUG] Load PLY normals: Temp/Data/Pot_A/Pot_A_Piece_09_SampledWithNormals.ply
[1;33m[pcl::PLYReader] Temp/Data/Pot_A/Pot_A_Piece_09_SampledWithNormals.ply:25: property 'float32 focal' of element 'camera' is not handled
[0;m[1;33m[pcl::PLYReader] Temp/Data/Pot_A/Pot_A_Piece_09_SampledWithNormals.ply:26: property 'float32 scalex' of element 'camera' is not handled
[0;m[1;33m[pcl::PLYReader] Temp/Data/Pot_A/Pot_A_Piece_09_SampledWithNormals.ply:27: property 'float32 scaley' of element 'camera' is not handled
[0;m[1;33m[pcl::PLYReader] Temp/Data/Pot_A/Pot_A_Piece_09_SampledWithNormals.ply:28: property 'float32 centerx' of element 'camera' is not handled
[0;m[1;33m[pcl::PLYReader] Temp/Data/Pot_A/Pot_A_Piece_09_SampledWithNormals.ply:29: property 'float32 centery' of element 'camera' is not handled
[0;m[1;33m[pcl::PLYReader] Temp/Data/Pot_A/Pot_A_Piece_09_SampledWithNormals.ply:32: property 'float32 k1' of element 'camera' is not handled
[0;m[1;33m[pcl::PLYReader] Temp/Data/Pot_A/Pot_A_Piece_09_SampledWithNormals.ply:33: property 'float32 k2' of element 'camera' is not handled
[0;m[EDGELINE DEBUG] Loaded PointNormal PLY ok, size=8055
[DEBUG AXIS PATH] Using axis file: Dataset/Axes/Pot_A_Piece_09_Axis.xyz
[EDGELINE DEBUG] readFile cols=6 file=Segments/3.xyz rows=28
[DEBUG MATRIX] Segment file Segments/3.xyz matrix dimensions: 28x6
[DEBUG LOOP] Starting segment processing loop, rows=28 cols=6
[DEBUG ACCESS] i=0 accessing row 0 of 28x6 matrix
[DEBUG ACCESS] Accessing normals at i=0
[DEBUG ACCESS] i=1 accessing row 1 of 28x6 matrix
[DEBUG ACCESS] Accessing normals at i=1
[DEBUG ACCESS] i=2 accessing row 2 of 28x6 matrix
[DEBUG ACCESS] Accessing normals at i=2
[DEBUG ACCESS] i=3 accessing row 3 of 28x6 matrix
[DEBUG ACCESS] Accessing normals at i=3
[DEBUG ACCESS] i=4 accessing row 4 of 28x6 matrix
[DEBUG ACCESS] Accessing normals at i=4
[DEBUG ACCESS] i=5 accessing row 5 of 28x6 matrix
[DEBUG ACCESS] Accessing normals at i=5
[DEBUG ACCESS] i=6 accessing row 6 of 28x6 matrix
[DEBUG ACCESS] Accessing normals at i=6
[DEBUG ACCESS] i=7 accessing row 7 of 28x6 matrix
[DEBUG ACCESS] Accessing normals at i=7
[DEBUG ACCESS] i=8 accessing row 8 of 28x6 matrix
[DEBUG ACCESS] Accessing normals at i=8
[DEBUG ACCESS] i=9 accessing row 9 of 28x6 matrix
[DEBUG ACCESS] Accessing normals at i=9
[DEBUG ACCESS] i=10 accessing row 10 of 28x6 matrix
[DEBUG ACCESS] Accessing normals at i=10
[DEBUG ACCESS] i=11 accessing row 11 of 28x6 matrix
[DEBUG ACCESS] Accessing normals at i=11
[DEBUG ACCESS] i=12 accessing row 12 of 28x6 matrix
[DEBUG ACCESS] Accessing normals at i=12
[DEBUG ACCESS] i=13 accessing row 13 of 28x6 matrix
[DEBUG ACCESS] Accessing normals at i=13
[DEBUG ACCESS] i=14 accessing row 14 of 28x6 matrix
[DEBUG ACCESS] Accessing normals at i=14
[DEBUG ACCESS] i=15 accessing row 15 of 28x6 matrix
[DEBUG ACCESS] Accessing normals at i=15
[DEBUG ACCESS] i=16 accessing row 16 of 28x6 matrix
[DEBUG ACCESS] Accessing normals at i=16
[DEBUG ACCESS] i=17 accessing row 17 of 28x6 matrix
[DEBUG ACCESS] Accessing normals at i=17
[DEBUG ACCESS] i=18 accessing row 18 of 28x6 matrix
[DEBUG ACCESS] Accessing normals at i=18
[DEBUG ACCESS] i=19 accessing row 19 of 28x6 matrix
[DEBUG ACCESS] Accessing normals at i=19
[DEBUG ACCESS] i=20 accessing row 20 of 28x6 matrix
[DEBUG ACCESS] Accessing normals at i=20
[DEBUG ACCESS] i=21 accessing row 21 of 28x6 matrix
[DEBUG ACCESS] Accessing normals at i=21
[DEBUG ACCESS] i=22 accessing row 22 of 28x6 matrix
[DEBUG ACCESS] Accessing normals at i=22
[DEBUG ACCESS] i=23 accessing row 23 of 28x6 matrix
[DEBUG ACCESS] Accessing normals at i=23
[DEBUG ACCESS] i=24 accessing row 24 of 28x6 matrix
[DEBUG ACCESS] Accessing normals at i=24
[DEBUG ACCESS] i=25 accessing row 25 of 28x6 matrix
[DEBUG ACCESS] Accessing normals at i=25
[DEBUG ACCESS] i=26 accessing row 26 of 28x6 matrix
[DEBUG ACCESS] Accessing normals at i=26
[EDGELINE DEBUG] Load PLY normals: Temp/Data/Pot_A/Pot_A_Piece_09_SampledWithNormals.ply
[1;33m[pcl::PLYReader] Temp/Data/Pot_A/Pot_A_Piece_09_SampledWithNormals.ply:25: property 'float32 focal' of element 'camera' is not handled
[0;m[1;33m[pcl::PLYReader] Temp/Data/Pot_A/Pot_A_Piece_09_SampledWithNormals.ply:26: property 'float32 scalex' of element 'camera' is not handled
[0;m[1;33m[pcl::PLYReader] Temp/Data/Pot_A/Pot_A_Piece_09_SampledWithNormals.ply:27: property 'float32 scaley' of element 'camera' is not handled
[0;m[1;33m[pcl::PLYReader] Temp/Data/Pot_A/Pot_A_Piece_09_SampledWithNormals.ply:28: property 'float32 centerx' of element 'camera' is not handled
[0;m[1;33m[pcl::PLYReader] Temp/Data/Pot_A/Pot_A_Piece_09_SampledWithNormals.ply:29: property 'float32 centery' of element 'camera' is not handled
[0;m[1;33m[pcl::PLYReader] Temp/Data/Pot_A/Pot_A_Piece_09_SampledWithNormals.ply:32: property 'float32 k1' of element 'camera' is not handled
[0;m[1;33m[pcl::PLYReader] Temp/Data/Pot_A/Pot_A_Piece_09_SampledWithNormals.ply:33: property 'float32 k2' of element 'camera' is not handled
[0;m[EDGELINE DEBUG] Loaded PointNormal PLY ok, size=8055
[DEBUG AXIS PATH] Using axis file: Dataset/Axes/Pot_A_Piece_09_Axis.xyz
[EDGELINE DEBUG] readFile cols=6 file=Segments/1.xyz rows=42
[EDGELINE DEBUG] Load PLY normals: Temp/Data/Pot_A/Pot_A_Piece_09_SampledWithNormals.ply
[1;33m[pcl::PLYReader] Temp/Data/Pot_A/Pot_A_Piece_09_SampledWithNormals.ply:25: property 'float32 focal' of element 'camera' is not handled
[0;m[1;33m[pcl::PLYReader] Temp/Data/Pot_A/Pot_A_Piece_09_SampledWithNormals.ply:26: property 'float32 scalex' of element 'camera' is not handled
[0;m[1;33m[pcl::PLYReader] Temp/Data/Pot_A/Pot_A_Piece_09_SampledWithNormals.ply:27: property 'float32 scaley' of element 'camera' is not handled
[0;m[1;33m[pcl::PLYReader] Temp/Data/Pot_A/Pot_A_Piece_09_SampledWithNormals.ply:28: property 'float32 centerx' of element 'camera' is not handled
[0;m[1;33m[pcl::PLYReader] Temp/Data/Pot_A/Pot_A_Piece_09_SampledWithNormals.ply:29: property 'float32 centery' of element 'camera' is not handled
[0;m[1;33m[pcl::PLYReader] Temp/Data/Pot_A/Pot_A_Piece_09_SampledWithNormals.ply:32: property 'float32 k1' of element 'camera' is not handled
[0;m[1;33m[pcl::PLYReader] Temp/Data/Pot_A/Pot_A_Piece_09_SampledWithNormals.ply:33: property 'float32 k2' of element 'camera' is not handled
[0;m[EDGELINE DEBUG] Loaded PointNormal PLY ok, size=8055
[EDGELINE DEBUG] readFile cols=6 file=Segments/2.xyz rows=44
[EDGELINE DEBUG] Load PLY normals: Temp/Data/Pot_A/Pot_A_Piece_09_SampledWithNormals.ply
[1;33m[pcl::PLYReader] Temp/Data/Pot_A/Pot_A_Piece_09_SampledWithNormals.ply:25: property 'float32 focal' of element 'camera' is not handled
[0;m[1;33m[pcl::PLYReader] Temp/Data/Pot_A/Pot_A_Piece_09_SampledWithNormals.ply:26: property 'float32 scalex' of element 'camera' is not handled
[0;m[1;33m[pcl::PLYReader] Temp/Data/Pot_A/Pot_A_Piece_09_SampledWithNormals.ply:27: property 'float32 scaley' of element 'camera' is not handled
[0;m[1;33m[pcl::PLYReader] Temp/Data/Pot_A/Pot_A_Piece_09_SampledWithNormals.ply:28: property 'float32 centerx' of element 'camera' is not handled
[0;m[1;33m[pcl::PLYReader] Temp/Data/Pot_A/Pot_A_Piece_09_SampledWithNormals.ply:29: property 'float32 centery' of element 'camera' is not handled
[0;m[1;33m[pcl::PLYReader] Temp/Data/Pot_A/Pot_A_Piece_09_SampledWithNormals.ply:32: property 'float32 k1' of element 'camera' is not handled
[0;m[1;33m[pcl::PLYReader] Temp/Data/Pot_A/Pot_A_Piece_09_SampledWithNormals.ply:33: property 'float32 k2' of element 'camera' is not handled
[0;m[EDGELINE DEBUG] Loaded PointNormal PLY ok, size=8055
[EDGELINE DEBUG] readFile cols=6 file=Segments/3.xyz rows=28
[EDGELINE DEBUG] Load PLY normals: Temp/Data/Pot_A/Pot_A_Piece_09_SampledWithNormals.ply
[1;33m[pcl::PLYReader] Temp/Data/Pot_A/Pot_A_Piece_09_SampledWithNormals.ply:25: property 'float32 focal' of element 'camera' is not handled
[0;m[1;33m[pcl::PLYReader] Temp/Data/Pot_A/Pot_A_Piece_09_SampledWithNormals.ply:26: property 'float32 scalex' of element 'camera' is not handled
[0;m[1;33m[pcl::PLYReader] Temp/Data/Pot_A/Pot_A_Piece_09_SampledWithNormals.ply:27: property 'float32 scaley' of element 'camera' is not handled
[0;m[1;33m[pcl::PLYReader] Temp/Data/Pot_A/Pot_A_Piece_09_SampledWithNormals.ply:28: property 'float32 centerx' of element 'camera' is not handled
[0;m[1;33m[pcl::PLYReader] Temp/Data/Pot_A/Pot_A_Piece_09_SampledWithNormals.ply:29: property 'float32 centery' of element 'camera' is not handled
[0;m[1;33m[pcl::PLYReader] Temp/Data/Pot_A/Pot_A_Piece_09_SampledWithNormals.ply:32: property 'float32 k1' of element 'camera' is not handled
[0;m[1;33m[pcl::PLYReader] Temp/Data/Pot_A/Pot_A_Piece_09_SampledWithNormals.ply:33: property 'float32 k2' of element 'camera' is not handled
[0;m[EDGELINE DEBUG] Loaded PointNormal PLY ok, size=8055
[EDGELINE DEBUG] processFragmentData surface=Temp/Data/Pot_A/Pot_A_Piece_10_Surface_0.xyz mesh=Temp/Data/Pot_A/Pot_A_Piece_10_Mesh.obj
[EDGELINE DEBUG] readFile cols=3 file=Temp/Temp_edge/Pot_A/pointCloudFromMesh.xyz rows=5635
[1;33m[pcl::PLYReader] Temp/Data/Pot_A/Pot_A_Piece_10_unclustered.ply:25: property 'float32 focal' of element 'camera' is not handled
[0;m[1;33m[pcl::PLYReader] Temp/Data/Pot_A/Pot_A_Piece_10_unclustered.ply:26: property 'float32 scalex' of element 'camera' is not handled
[0;m[1;33m[pcl::PLYReader] Temp/Data/Pot_A/Pot_A_Piece_10_unclustered.ply:27: property 'float32 scaley' of element 'camera' is not handled
[0;m[1;33m[pcl::PLYReader] Temp/Data/Pot_A/Pot_A_Piece_10_unclustered.ply:28: property 'float32 centerx' of element 'camera' is not handled
[0;m[1;33m[pcl::PLYReader] Temp/Data/Pot_A/Pot_A_Piece_10_unclustered.ply:29: property 'float32 centery' of element 'camera' is not handled
[0;m[1;33m[pcl::PLYReader] Temp/Data/Pot_A/Pot_A_Piece_10_unclustered.ply:32: property 'float32 k1' of element 'camera' is not handled
[0;m[1;33m[pcl::PLYReader] Temp/Data/Pot_A/Pot_A_Piece_10_unclustered.ply:33: property 'float32 k2' of element 'camera' is not handled
[0;m[1;33m[pcl::PLYReader] Temp/Temp_edge/Pot_A/_breakLineFromConcaveHull.ply:21: property 'float32 focal' of element 'camera' is not handled
[0;m[1;33m[pcl::PLYReader] Temp/Temp_edge/Pot_A/_breakLineFromConcaveHull.ply:22: property 'float32 scalex' of element 'camera' is not handled
[0;m[1;33m[pcl::PLYReader] Temp/Temp_edge/Pot_A/_breakLineFromConcaveHull.ply:23: property 'float32 scaley' of element 'camera' is not handled
[0;m[1;33m[pcl::PLYReader] Temp/Temp_edge/Pot_A/_breakLineFromConcaveHull.ply:24: property 'float32 centerx' of element 'camera' is not handled
[0;m[1;33m[pcl::PLYReader] Temp/Temp_edge/Pot_A/_breakLineFromConcaveHull.ply:25: property 'float32 centery' of element 'camera' is not handled
[0;m[1;33m[pcl::PLYReader] Temp/Temp_edge/Pot_A/_breakLineFromConcaveHull.ply:28: property 'float32 k1' of element 'camera' is not handled
[0;m[1;33m[pcl::PLYReader] Temp/Temp_edge/Pot_A/_breakLineFromConcaveHull.ply:29: property 'float32 k2' of element 'camera' is not handled
[0;m[BREAKLINE WARNING] Sphere marching produced only 9 points from 13 input points. Using original boundary points.
[1;33mFailed to find match for field 'normal_x'.
[0;m[1;33mFailed to find match for field 'normal_y'.
[0;m[1;33mFailed to find match for field 'normal_z'.
[0;m[1;33mFailed to find match for field 'curvature'.
[0;m[EDGELINE DEBUG] readFile cols=3 file=Temp/Temp_edge/Pot_A/CompleteBreakline.xyz rows=13
[EDGELINE DEBUG] detectSeparateLineSegments: file=Temp/Temp_edge/Pot_A/CompleteBreakline.xyz len=2
[EDGELINE DEBUG] readFile cols=3 file=Temp/Temp_edge/Pot_A/CompleteBreakline.xyz rows=13
[EDGELINE DEBUG] readFile cols=6 file=Temp/Temp_edge/Pot_A/CompleteBreakline.xyz rows=13
[EDGELINE DEBUG] b1 rows=13 cols=3 b1_withN rows=13 cols=6
[EDGELINE DEBUG] dist_scoreB1 size=17x1 distScoreOriginalLength size=13x1
[EDGELINE DEBUG] bCombined size=17x3
[EDGELINE DEBUG] readFile cols=6 file=Segments/1.xyz rows=8
/var/spool/slurm/job17004808/slurm_script: line 92: 115200 Segmentation fault      (core dumped) $CONTAINER_PATH exec --bind /data/gpfs/projects/punim2657/sfs_preprocessing:/workspace pcl_191_nurbs.sif /bin/bash -c "cd /workspace/original_nurbs_preprocessing/build && ./EdgeLineExtractionHeadless"
