INFO:    gocryptfs not found, will not be able to use gocryptfs
[1;33m[pcl::PLYReader] ../Temp/Data/Pot_A/Pot_A_Piece_01_SampledWithNormals.ply:25: property 'float32 focal' of element 'camera' is not handled
[0;m[1;33m[pcl::PLYReader] ../Temp/Data/Pot_A/Pot_A_Piece_01_SampledWithNormals.ply:26: property 'float32 scalex' of element 'camera' is not handled
[0;m[1;33m[pcl::PLYReader] ../Temp/Data/Pot_A/Pot_A_Piece_01_SampledWithNormals.ply:27: property 'float32 scaley' of element 'camera' is not handled
[0;m[1;33m[pcl::PLYReader] ../Temp/Data/Pot_A/Pot_A_Piece_01_SampledWithNormals.ply:28: property 'float32 centerx' of element 'camera' is not handled
[0;m[1;33m[pcl::PLYReader] ../Temp/Data/Pot_A/Pot_A_Piece_01_SampledWithNormals.ply:29: property 'float32 centery' of element 'camera' is not handled
[0;m[1;33m[pcl::PLYReader] ../Temp/Data/Pot_A/Pot_A_Piece_01_SampledWithNormals.ply:32: property 'float32 k1' of element 'camera' is not handled
[0;m[1;33m[pcl::PLYReader] ../Temp/Data/Pot_A/Pot_A_Piece_01_SampledWithNormals.ply:33: property 'float32 k2' of element 'camera' is not handled
[0;m[1;33m[pcl::PLYReader] ../Temp/Data/Pot_A/Pot_A_Piece_01_unclustered.ply:25: property 'float32 focal' of element 'camera' is not handled
[0;m[1;33m[pcl::PLYReader] ../Temp/Data/Pot_A/Pot_A_Piece_01_unclustered.ply:26: property 'float32 scalex' of element 'camera' is not handled
[0;m[1;33m[pcl::PLYReader] ../Temp/Data/Pot_A/Pot_A_Piece_01_unclustered.ply:27: property 'float32 scaley' of element 'camera' is not handled
[0;m[1;33m[pcl::PLYReader] ../Temp/Data/Pot_A/Pot_A_Piece_01_unclustered.ply:28: property 'float32 centerx' of element 'camera' is not handled
[0;m[1;33m[pcl::PLYReader] ../Temp/Data/Pot_A/Pot_A_Piece_01_unclustered.ply:29: property 'float32 centery' of element 'camera' is not handled
[0;m[1;33m[pcl::PLYReader] ../Temp/Data/Pot_A/Pot_A_Piece_01_unclustered.ply:32: property 'float32 k1' of element 'camera' is not handled
[0;m[1;33m[pcl::PLYReader] ../Temp/Data/Pot_A/Pot_A_Piece_01_unclustered.ply:33: property 'float32 k2' of element 'camera' is not handled
[0;m[1;33m[pcl::PLYReader] ../Temp/Data/Pot_A/Pot_A_Piece_01_Surface_0.ply:25: property 'float32 focal' of element 'camera' is not handled
[0;m[1;33m[pcl::PLYReader] ../Temp/Data/Pot_A/Pot_A_Piece_01_Surface_0.ply:26: property 'float32 scalex' of element 'camera' is not handled
[0;m[1;33m[pcl::PLYReader] ../Temp/Data/Pot_A/Pot_A_Piece_01_Surface_0.ply:27: property 'float32 scaley' of element 'camera' is not handled
[0;m[1;33m[pcl::PLYReader] ../Temp/Data/Pot_A/Pot_A_Piece_01_Surface_0.ply:28: property 'float32 centerx' of element 'camera' is not handled
[0;m[1;33m[pcl::PLYReader] ../Temp/Data/Pot_A/Pot_A_Piece_01_Surface_0.ply:29: property 'float32 centery' of element 'camera' is not handled
[0;m[1;33m[pcl::PLYReader] ../Temp/Data/Pot_A/Pot_A_Piece_01_Surface_0.ply:32: property 'float32 k1' of element 'camera' is not handled
[0;m[1;33m[pcl::PLYReader] ../Temp/Data/Pot_A/Pot_A_Piece_01_Surface_0.ply:33: property 'float32 k2' of element 'camera' is not handled
[0;m[1;33m[pcl::PLYReader] ../Temp/Data/Pot_A/Pot_A_Piece_01_Surface_1.ply:25: property 'float32 focal' of element 'camera' is not handled
[0;m[1;33m[pcl::PLYReader] ../Temp/Data/Pot_A/Pot_A_Piece_01_Surface_1.ply:26: property 'float32 scalex' of element 'camera' is not handled
[0;m[1;33m[pcl::PLYReader] ../Temp/Data/Pot_A/Pot_A_Piece_01_Surface_1.ply:27: property 'float32 scaley' of element 'camera' is not handled
[0;m[1;33m[pcl::PLYReader] ../Temp/Data/Pot_A/Pot_A_Piece_01_Surface_1.ply:28: property 'float32 centerx' of element 'camera' is not handled
[0;m[1;33m[pcl::PLYReader] ../Temp/Data/Pot_A/Pot_A_Piece_01_Surface_1.ply:29: property 'float32 centery' of element 'camera' is not handled
[0;m[1;33m[pcl::PLYReader] ../Temp/Data/Pot_A/Pot_A_Piece_01_Surface_1.ply:32: property 'float32 k1' of element 'camera' is not handled
[0;m[1;33m[pcl::PLYReader] ../Temp/Data/Pot_A/Pot_A_Piece_01_Surface_1.ply:33: property 'float32 k2' of element 'camera' is not handled
[0;m[1;33m[pcl::PLYReader] ../Temp/Data/Pot_A/Pot_A_Piece_02_SampledWithNormals.ply:25: property 'float32 focal' of element 'camera' is not handled
[0;m[1;33m[pcl::PLYReader] ../Temp/Data/Pot_A/Pot_A_Piece_02_SampledWithNormals.ply:26: property 'float32 scalex' of element 'camera' is not handled
[0;m[1;33m[pcl::PLYReader] ../Temp/Data/Pot_A/Pot_A_Piece_02_SampledWithNormals.ply:27: property 'float32 scaley' of element 'camera' is not handled
[0;m[1;33m[pcl::PLYReader] ../Temp/Data/Pot_A/Pot_A_Piece_02_SampledWithNormals.ply:28: property 'float32 centerx' of element 'camera' is not handled
[0;m[1;33m[pcl::PLYReader] ../Temp/Data/Pot_A/Pot_A_Piece_02_SampledWithNormals.ply:29: property 'float32 centery' of element 'camera' is not handled
[0;m[1;33m[pcl::PLYReader] ../Temp/Data/Pot_A/Pot_A_Piece_02_SampledWithNormals.ply:32: property 'float32 k1' of element 'camera' is not handled
[0;m[1;33m[pcl::PLYReader] ../Temp/Data/Pot_A/Pot_A_Piece_02_SampledWithNormals.ply:33: property 'float32 k2' of element 'camera' is not handled
[0;m[1;33m[pcl::PLYReader] ../Temp/Data/Pot_A/Pot_A_Piece_02_unclustered.ply:25: property 'float32 focal' of element 'camera' is not handled
[0;m[1;33m[pcl::PLYReader] ../Temp/Data/Pot_A/Pot_A_Piece_02_unclustered.ply:26: property 'float32 scalex' of element 'camera' is not handled
[0;m[1;33m[pcl::PLYReader] ../Temp/Data/Pot_A/Pot_A_Piece_02_unclustered.ply:27: property 'float32 scaley' of element 'camera' is not handled
[0;m[1;33m[pcl::PLYReader] ../Temp/Data/Pot_A/Pot_A_Piece_02_unclustered.ply:28: property 'float32 centerx' of element 'camera' is not handled
[0;m[1;33m[pcl::PLYReader] ../Temp/Data/Pot_A/Pot_A_Piece_02_unclustered.ply:29: property 'float32 centery' of element 'camera' is not handled
[0;m[1;33m[pcl::PLYReader] ../Temp/Data/Pot_A/Pot_A_Piece_02_unclustered.ply:32: property 'float32 k1' of element 'camera' is not handled
[0;m[1;33m[pcl::PLYReader] ../Temp/Data/Pot_A/Pot_A_Piece_02_unclustered.ply:33: property 'float32 k2' of element 'camera' is not handled
[0;m[1;33m[pcl::PLYReader] ../Temp/Data/Pot_A/Pot_A_Piece_02_Surface_0.ply:25: property 'float32 focal' of element 'camera' is not handled
[0;m[1;33m[pcl::PLYReader] ../Temp/Data/Pot_A/Pot_A_Piece_02_Surface_0.ply:26: property 'float32 scalex' of element 'camera' is not handled
[0;m[1;33m[pcl::PLYReader] ../Temp/Data/Pot_A/Pot_A_Piece_02_Surface_0.ply:27: property 'float32 scaley' of element 'camera' is not handled
[0;m[1;33m[pcl::PLYReader] ../Temp/Data/Pot_A/Pot_A_Piece_02_Surface_0.ply:28: property 'float32 centerx' of element 'camera' is not handled
[0;m[1;33m[pcl::PLYReader] ../Temp/Data/Pot_A/Pot_A_Piece_02_Surface_0.ply:29: property 'float32 centery' of element 'camera' is not handled
[0;m[1;33m[pcl::PLYReader] ../Temp/Data/Pot_A/Pot_A_Piece_02_Surface_0.ply:32: property 'float32 k1' of element 'camera' is not handled
[0;m[1;33m[pcl::PLYReader] ../Temp/Data/Pot_A/Pot_A_Piece_02_Surface_0.ply:33: property 'float32 k2' of element 'camera' is not handled
[0;m[1;33m[pcl::PLYReader] ../Temp/Data/Pot_A/Pot_A_Piece_02_Surface_1.ply:25: property 'float32 focal' of element 'camera' is not handled
[0;m[1;33m[pcl::PLYReader] ../Temp/Data/Pot_A/Pot_A_Piece_02_Surface_1.ply:26: property 'float32 scalex' of element 'camera' is not handled
[0;m[1;33m[pcl::PLYReader] ../Temp/Data/Pot_A/Pot_A_Piece_02_Surface_1.ply:27: property 'float32 scaley' of element 'camera' is not handled
[0;m[1;33m[pcl::PLYReader] ../Temp/Data/Pot_A/Pot_A_Piece_02_Surface_1.ply:28: property 'float32 centerx' of element 'camera' is not handled
[0;m[1;33m[pcl::PLYReader] ../Temp/Data/Pot_A/Pot_A_Piece_02_Surface_1.ply:29: property 'float32 centery' of element 'camera' is not handled
[0;m[1;33m[pcl::PLYReader] ../Temp/Data/Pot_A/Pot_A_Piece_02_Surface_1.ply:32: property 'float32 k1' of element 'camera' is not handled
[0;m[1;33m[pcl::PLYReader] ../Temp/Data/Pot_A/Pot_A_Piece_02_Surface_1.ply:33: property 'float32 k2' of element 'camera' is not handled
[0;m[1;33m[pcl::PLYReader] ../Temp/Data/Pot_A/Pot_A_Piece_03_SampledWithNormals.ply:25: property 'float32 focal' of element 'camera' is not handled
[0;m[1;33m[pcl::PLYReader] ../Temp/Data/Pot_A/Pot_A_Piece_03_SampledWithNormals.ply:26: property 'float32 scalex' of element 'camera' is not handled
[0;m[1;33m[pcl::PLYReader] ../Temp/Data/Pot_A/Pot_A_Piece_03_SampledWithNormals.ply:27: property 'float32 scaley' of element 'camera' is not handled
[0;m[1;33m[pcl::PLYReader] ../Temp/Data/Pot_A/Pot_A_Piece_03_SampledWithNormals.ply:28: property 'float32 centerx' of element 'camera' is not handled
[0;m[1;33m[pcl::PLYReader] ../Temp/Data/Pot_A/Pot_A_Piece_03_SampledWithNormals.ply:29: property 'float32 centery' of element 'camera' is not handled
[0;m[1;33m[pcl::PLYReader] ../Temp/Data/Pot_A/Pot_A_Piece_03_SampledWithNormals.ply:32: property 'float32 k1' of element 'camera' is not handled
[0;m[1;33m[pcl::PLYReader] ../Temp/Data/Pot_A/Pot_A_Piece_03_SampledWithNormals.ply:33: property 'float32 k2' of element 'camera' is not handled
[0;m[1;33m[pcl::PLYReader] ../Temp/Data/Pot_A/Pot_A_Piece_03_unclustered.ply:25: property 'float32 focal' of element 'camera' is not handled
[0;m[1;33m[pcl::PLYReader] ../Temp/Data/Pot_A/Pot_A_Piece_03_unclustered.ply:26: property 'float32 scalex' of element 'camera' is not handled
[0;m[1;33m[pcl::PLYReader] ../Temp/Data/Pot_A/Pot_A_Piece_03_unclustered.ply:27: property 'float32 scaley' of element 'camera' is not handled
[0;m[1;33m[pcl::PLYReader] ../Temp/Data/Pot_A/Pot_A_Piece_03_unclustered.ply:28: property 'float32 centerx' of element 'camera' is not handled
[0;m[1;33m[pcl::PLYReader] ../Temp/Data/Pot_A/Pot_A_Piece_03_unclustered.ply:29: property 'float32 centery' of element 'camera' is not handled
[0;m[1;33m[pcl::PLYReader] ../Temp/Data/Pot_A/Pot_A_Piece_03_unclustered.ply:32: property 'float32 k1' of element 'camera' is not handled
[0;m[1;33m[pcl::PLYReader] ../Temp/Data/Pot_A/Pot_A_Piece_03_unclustered.ply:33: property 'float32 k2' of element 'camera' is not handled
[0;m[1;33m[pcl::PLYReader] ../Temp/Data/Pot_A/Pot_A_Piece_03_Surface_0.ply:25: property 'float32 focal' of element 'camera' is not handled
[0;m[1;33m[pcl::PLYReader] ../Temp/Data/Pot_A/Pot_A_Piece_03_Surface_0.ply:26: property 'float32 scalex' of element 'camera' is not handled
[0;m[1;33m[pcl::PLYReader] ../Temp/Data/Pot_A/Pot_A_Piece_03_Surface_0.ply:27: property 'float32 scaley' of element 'camera' is not handled
[0;m[1;33m[pcl::PLYReader] ../Temp/Data/Pot_A/Pot_A_Piece_03_Surface_0.ply:28: property 'float32 centerx' of element 'camera' is not handled
[0;m[1;33m[pcl::PLYReader] ../Temp/Data/Pot_A/Pot_A_Piece_03_Surface_0.ply:29: property 'float32 centery' of element 'camera' is not handled
[0;m[1;33m[pcl::PLYReader] ../Temp/Data/Pot_A/Pot_A_Piece_03_Surface_0.ply:32: property 'float32 k1' of element 'camera' is not handled
[0;m[1;33m[pcl::PLYReader] ../Temp/Data/Pot_A/Pot_A_Piece_03_Surface_0.ply:33: property 'float32 k2' of element 'camera' is not handled
[0;m[1;33m[pcl::PLYReader] ../Temp/Data/Pot_A/Pot_A_Piece_03_Surface_1.ply:25: property 'float32 focal' of element 'camera' is not handled
[0;m[1;33m[pcl::PLYReader] ../Temp/Data/Pot_A/Pot_A_Piece_03_Surface_1.ply:26: property 'float32 scalex' of element 'camera' is not handled
[0;m[1;33m[pcl::PLYReader] ../Temp/Data/Pot_A/Pot_A_Piece_03_Surface_1.ply:27: property 'float32 scaley' of element 'camera' is not handled
[0;m[1;33m[pcl::PLYReader] ../Temp/Data/Pot_A/Pot_A_Piece_03_Surface_1.ply:28: property 'float32 centerx' of element 'camera' is not handled
[0;m[1;33m[pcl::PLYReader] ../Temp/Data/Pot_A/Pot_A_Piece_03_Surface_1.ply:29: property 'float32 centery' of element 'camera' is not handled
[0;m[1;33m[pcl::PLYReader] ../Temp/Data/Pot_A/Pot_A_Piece_03_Surface_1.ply:32: property 'float32 k1' of element 'camera' is not handled
[0;m[1;33m[pcl::PLYReader] ../Temp/Data/Pot_A/Pot_A_Piece_03_Surface_1.ply:33: property 'float32 k2' of element 'camera' is not handled
[0;m[1;33m[pcl::PLYReader] ../Temp/Data/Pot_A/Pot_A_Piece_04_SampledWithNormals.ply:25: property 'float32 focal' of element 'camera' is not handled
[0;m[1;33m[pcl::PLYReader] ../Temp/Data/Pot_A/Pot_A_Piece_04_SampledWithNormals.ply:26: property 'float32 scalex' of element 'camera' is not handled
[0;m[1;33m[pcl::PLYReader] ../Temp/Data/Pot_A/Pot_A_Piece_04_SampledWithNormals.ply:27: property 'float32 scaley' of element 'camera' is not handled
[0;m[1;33m[pcl::PLYReader] ../Temp/Data/Pot_A/Pot_A_Piece_04_SampledWithNormals.ply:28: property 'float32 centerx' of element 'camera' is not handled
[0;m[1;33m[pcl::PLYReader] ../Temp/Data/Pot_A/Pot_A_Piece_04_SampledWithNormals.ply:29: property 'float32 centery' of element 'camera' is not handled
[0;m[1;33m[pcl::PLYReader] ../Temp/Data/Pot_A/Pot_A_Piece_04_SampledWithNormals.ply:32: property 'float32 k1' of element 'camera' is not handled
[0;m[1;33m[pcl::PLYReader] ../Temp/Data/Pot_A/Pot_A_Piece_04_SampledWithNormals.ply:33: property 'float32 k2' of element 'camera' is not handled
[0;m[1;33m[pcl::PLYReader] ../Temp/Data/Pot_A/Pot_A_Piece_04_unclustered.ply:25: property 'float32 focal' of element 'camera' is not handled
[0;m[1;33m[pcl::PLYReader] ../Temp/Data/Pot_A/Pot_A_Piece_04_unclustered.ply:26: property 'float32 scalex' of element 'camera' is not handled
[0;m[1;33m[pcl::PLYReader] ../Temp/Data/Pot_A/Pot_A_Piece_04_unclustered.ply:27: property 'float32 scaley' of element 'camera' is not handled
[0;m[1;33m[pcl::PLYReader] ../Temp/Data/Pot_A/Pot_A_Piece_04_unclustered.ply:28: property 'float32 centerx' of element 'camera' is not handled
[0;m[1;33m[pcl::PLYReader] ../Temp/Data/Pot_A/Pot_A_Piece_04_unclustered.ply:29: property 'float32 centery' of element 'camera' is not handled
[0;m[1;33m[pcl::PLYReader] ../Temp/Data/Pot_A/Pot_A_Piece_04_unclustered.ply:32: property 'float32 k1' of element 'camera' is not handled
[0;m[1;33m[pcl::PLYReader] ../Temp/Data/Pot_A/Pot_A_Piece_04_unclustered.ply:33: property 'float32 k2' of element 'camera' is not handled
[0;m[1;33m[pcl::PLYReader] ../Temp/Data/Pot_A/Pot_A_Piece_04_Surface_0.ply:25: property 'float32 focal' of element 'camera' is not handled
[0;m[1;33m[pcl::PLYReader] ../Temp/Data/Pot_A/Pot_A_Piece_04_Surface_0.ply:26: property 'float32 scalex' of element 'camera' is not handled
[0;m[1;33m[pcl::PLYReader] ../Temp/Data/Pot_A/Pot_A_Piece_04_Surface_0.ply:27: property 'float32 scaley' of element 'camera' is not handled
[0;m[1;33m[pcl::PLYReader] ../Temp/Data/Pot_A/Pot_A_Piece_04_Surface_0.ply:28: property 'float32 centerx' of element 'camera' is not handled
[0;m[1;33m[pcl::PLYReader] ../Temp/Data/Pot_A/Pot_A_Piece_04_Surface_0.ply:29: property 'float32 centery' of element 'camera' is not handled
[0;m[1;33m[pcl::PLYReader] ../Temp/Data/Pot_A/Pot_A_Piece_04_Surface_0.ply:32: property 'float32 k1' of element 'camera' is not handled
[0;m[1;33m[pcl::PLYReader] ../Temp/Data/Pot_A/Pot_A_Piece_04_Surface_0.ply:33: property 'float32 k2' of element 'camera' is not handled
[0;m[1;33m[pcl::PLYReader] ../Temp/Data/Pot_A/Pot_A_Piece_04_Surface_1.ply:25: property 'float32 focal' of element 'camera' is not handled
[0;m[1;33m[pcl::PLYReader] ../Temp/Data/Pot_A/Pot_A_Piece_04_Surface_1.ply:26: property 'float32 scalex' of element 'camera' is not handled
[0;m[1;33m[pcl::PLYReader] ../Temp/Data/Pot_A/Pot_A_Piece_04_Surface_1.ply:27: property 'float32 scaley' of element 'camera' is not handled
[0;m[1;33m[pcl::PLYReader] ../Temp/Data/Pot_A/Pot_A_Piece_04_Surface_1.ply:28: property 'float32 centerx' of element 'camera' is not handled
[0;m[1;33m[pcl::PLYReader] ../Temp/Data/Pot_A/Pot_A_Piece_04_Surface_1.ply:29: property 'float32 centery' of element 'camera' is not handled
[0;m[1;33m[pcl::PLYReader] ../Temp/Data/Pot_A/Pot_A_Piece_04_Surface_1.ply:32: property 'float32 k1' of element 'camera' is not handled
[0;m[1;33m[pcl::PLYReader] ../Temp/Data/Pot_A/Pot_A_Piece_04_Surface_1.ply:33: property 'float32 k2' of element 'camera' is not handled
[0;m[1;33m[pcl::PLYReader] ../Temp/Data/Pot_A/Pot_A_Piece_05_SampledWithNormals.ply:25: property 'float32 focal' of element 'camera' is not handled
[0;m[1;33m[pcl::PLYReader] ../Temp/Data/Pot_A/Pot_A_Piece_05_SampledWithNormals.ply:26: property 'float32 scalex' of element 'camera' is not handled
[0;m[1;33m[pcl::PLYReader] ../Temp/Data/Pot_A/Pot_A_Piece_05_SampledWithNormals.ply:27: property 'float32 scaley' of element 'camera' is not handled
[0;m[1;33m[pcl::PLYReader] ../Temp/Data/Pot_A/Pot_A_Piece_05_SampledWithNormals.ply:28: property 'float32 centerx' of element 'camera' is not handled
[0;m[1;33m[pcl::PLYReader] ../Temp/Data/Pot_A/Pot_A_Piece_05_SampledWithNormals.ply:29: property 'float32 centery' of element 'camera' is not handled
[0;m[1;33m[pcl::PLYReader] ../Temp/Data/Pot_A/Pot_A_Piece_05_SampledWithNormals.ply:32: property 'float32 k1' of element 'camera' is not handled
[0;m[1;33m[pcl::PLYReader] ../Temp/Data/Pot_A/Pot_A_Piece_05_SampledWithNormals.ply:33: property 'float32 k2' of element 'camera' is not handled
[0;m[1;33m[pcl::PLYReader] ../Temp/Data/Pot_A/Pot_A_Piece_05_unclustered.ply:25: property 'float32 focal' of element 'camera' is not handled
[0;m[1;33m[pcl::PLYReader] ../Temp/Data/Pot_A/Pot_A_Piece_05_unclustered.ply:26: property 'float32 scalex' of element 'camera' is not handled
[0;m[1;33m[pcl::PLYReader] ../Temp/Data/Pot_A/Pot_A_Piece_05_unclustered.ply:27: property 'float32 scaley' of element 'camera' is not handled
[0;m[1;33m[pcl::PLYReader] ../Temp/Data/Pot_A/Pot_A_Piece_05_unclustered.ply:28: property 'float32 centerx' of element 'camera' is not handled
[0;m[1;33m[pcl::PLYReader] ../Temp/Data/Pot_A/Pot_A_Piece_05_unclustered.ply:29: property 'float32 centery' of element 'camera' is not handled
[0;m[1;33m[pcl::PLYReader] ../Temp/Data/Pot_A/Pot_A_Piece_05_unclustered.ply:32: property 'float32 k1' of element 'camera' is not handled
[0;m[1;33m[pcl::PLYReader] ../Temp/Data/Pot_A/Pot_A_Piece_05_unclustered.ply:33: property 'float32 k2' of element 'camera' is not handled
[0;m[1;33m[pcl::PLYReader] ../Temp/Data/Pot_A/Pot_A_Piece_05_Surface_0.ply:25: property 'float32 focal' of element 'camera' is not handled
[0;m[1;33m[pcl::PLYReader] ../Temp/Data/Pot_A/Pot_A_Piece_05_Surface_0.ply:26: property 'float32 scalex' of element 'camera' is not handled
[0;m[1;33m[pcl::PLYReader] ../Temp/Data/Pot_A/Pot_A_Piece_05_Surface_0.ply:27: property 'float32 scaley' of element 'camera' is not handled
[0;m[1;33m[pcl::PLYReader] ../Temp/Data/Pot_A/Pot_A_Piece_05_Surface_0.ply:28: property 'float32 centerx' of element 'camera' is not handled
[0;m[1;33m[pcl::PLYReader] ../Temp/Data/Pot_A/Pot_A_Piece_05_Surface_0.ply:29: property 'float32 centery' of element 'camera' is not handled
[0;m[1;33m[pcl::PLYReader] ../Temp/Data/Pot_A/Pot_A_Piece_05_Surface_0.ply:32: property 'float32 k1' of element 'camera' is not handled
[0;m[1;33m[pcl::PLYReader] ../Temp/Data/Pot_A/Pot_A_Piece_05_Surface_0.ply:33: property 'float32 k2' of element 'camera' is not handled
[0;m[1;33m[pcl::PLYReader] ../Temp/Data/Pot_A/Pot_A_Piece_05_Surface_1.ply:25: property 'float32 focal' of element 'camera' is not handled
[0;m[1;33m[pcl::PLYReader] ../Temp/Data/Pot_A/Pot_A_Piece_05_Surface_1.ply:26: property 'float32 scalex' of element 'camera' is not handled
[0;m[1;33m[pcl::PLYReader] ../Temp/Data/Pot_A/Pot_A_Piece_05_Surface_1.ply:27: property 'float32 scaley' of element 'camera' is not handled
[0;m[1;33m[pcl::PLYReader] ../Temp/Data/Pot_A/Pot_A_Piece_05_Surface_1.ply:28: property 'float32 centerx' of element 'camera' is not handled
[0;m[1;33m[pcl::PLYReader] ../Temp/Data/Pot_A/Pot_A_Piece_05_Surface_1.ply:29: property 'float32 centery' of element 'camera' is not handled
[0;m[1;33m[pcl::PLYReader] ../Temp/Data/Pot_A/Pot_A_Piece_05_Surface_1.ply:32: property 'float32 k1' of element 'camera' is not handled
[0;m[1;33m[pcl::PLYReader] ../Temp/Data/Pot_A/Pot_A_Piece_05_Surface_1.ply:33: property 'float32 k2' of element 'camera' is not handled
[0;m[1;33m[pcl::PLYReader] ../Temp/Data/Pot_A/Pot_A_Piece_06_SampledWithNormals.ply:25: property 'float32 focal' of element 'camera' is not handled
[0;m[1;33m[pcl::PLYReader] ../Temp/Data/Pot_A/Pot_A_Piece_06_SampledWithNormals.ply:26: property 'float32 scalex' of element 'camera' is not handled
[0;m[1;33m[pcl::PLYReader] ../Temp/Data/Pot_A/Pot_A_Piece_06_SampledWithNormals.ply:27: property 'float32 scaley' of element 'camera' is not handled
[0;m[1;33m[pcl::PLYReader] ../Temp/Data/Pot_A/Pot_A_Piece_06_SampledWithNormals.ply:28: property 'float32 centerx' of element 'camera' is not handled
[0;m[1;33m[pcl::PLYReader] ../Temp/Data/Pot_A/Pot_A_Piece_06_SampledWithNormals.ply:29: property 'float32 centery' of element 'camera' is not handled
[0;m[1;33m[pcl::PLYReader] ../Temp/Data/Pot_A/Pot_A_Piece_06_SampledWithNormals.ply:32: property 'float32 k1' of element 'camera' is not handled
[0;m[1;33m[pcl::PLYReader] ../Temp/Data/Pot_A/Pot_A_Piece_06_SampledWithNormals.ply:33: property 'float32 k2' of element 'camera' is not handled
[0;m[1;33m[pcl::PLYReader] ../Temp/Data/Pot_A/Pot_A_Piece_06_unclustered.ply:25: property 'float32 focal' of element 'camera' is not handled
[0;m[1;33m[pcl::PLYReader] ../Temp/Data/Pot_A/Pot_A_Piece_06_unclustered.ply:26: property 'float32 scalex' of element 'camera' is not handled
[0;m[1;33m[pcl::PLYReader] ../Temp/Data/Pot_A/Pot_A_Piece_06_unclustered.ply:27: property 'float32 scaley' of element 'camera' is not handled
[0;m[1;33m[pcl::PLYReader] ../Temp/Data/Pot_A/Pot_A_Piece_06_unclustered.ply:28: property 'float32 centerx' of element 'camera' is not handled
[0;m[1;33m[pcl::PLYReader] ../Temp/Data/Pot_A/Pot_A_Piece_06_unclustered.ply:29: property 'float32 centery' of element 'camera' is not handled
[0;m[1;33m[pcl::PLYReader] ../Temp/Data/Pot_A/Pot_A_Piece_06_unclustered.ply:32: property 'float32 k1' of element 'camera' is not handled
[0;m[1;33m[pcl::PLYReader] ../Temp/Data/Pot_A/Pot_A_Piece_06_unclustered.ply:33: property 'float32 k2' of element 'camera' is not handled
[0;m[1;33m[pcl::PLYReader] ../Temp/Data/Pot_A/Pot_A_Piece_06_Surface_0.ply:25: property 'float32 focal' of element 'camera' is not handled
[0;m[1;33m[pcl::PLYReader] ../Temp/Data/Pot_A/Pot_A_Piece_06_Surface_0.ply:26: property 'float32 scalex' of element 'camera' is not handled
[0;m[1;33m[pcl::PLYReader] ../Temp/Data/Pot_A/Pot_A_Piece_06_Surface_0.ply:27: property 'float32 scaley' of element 'camera' is not handled
[0;m[1;33m[pcl::PLYReader] ../Temp/Data/Pot_A/Pot_A_Piece_06_Surface_0.ply:28: property 'float32 centerx' of element 'camera' is not handled
[0;m[1;33m[pcl::PLYReader] ../Temp/Data/Pot_A/Pot_A_Piece_06_Surface_0.ply:29: property 'float32 centery' of element 'camera' is not handled
[0;m[1;33m[pcl::PLYReader] ../Temp/Data/Pot_A/Pot_A_Piece_06_Surface_0.ply:32: property 'float32 k1' of element 'camera' is not handled
[0;m[1;33m[pcl::PLYReader] ../Temp/Data/Pot_A/Pot_A_Piece_06_Surface_0.ply:33: property 'float32 k2' of element 'camera' is not handled
[0;m[1;33m[pcl::PLYReader] ../Temp/Data/Pot_A/Pot_A_Piece_06_Surface_1.ply:25: property 'float32 focal' of element 'camera' is not handled
[0;m[1;33m[pcl::PLYReader] ../Temp/Data/Pot_A/Pot_A_Piece_06_Surface_1.ply:26: property 'float32 scalex' of element 'camera' is not handled
[0;m[1;33m[pcl::PLYReader] ../Temp/Data/Pot_A/Pot_A_Piece_06_Surface_1.ply:27: property 'float32 scaley' of element 'camera' is not handled
[0;m[1;33m[pcl::PLYReader] ../Temp/Data/Pot_A/Pot_A_Piece_06_Surface_1.ply:28: property 'float32 centerx' of element 'camera' is not handled
[0;m[1;33m[pcl::PLYReader] ../Temp/Data/Pot_A/Pot_A_Piece_06_Surface_1.ply:29: property 'float32 centery' of element 'camera' is not handled
[0;m[1;33m[pcl::PLYReader] ../Temp/Data/Pot_A/Pot_A_Piece_06_Surface_1.ply:32: property 'float32 k1' of element 'camera' is not handled
[0;m[1;33m[pcl::PLYReader] ../Temp/Data/Pot_A/Pot_A_Piece_06_Surface_1.ply:33: property 'float32 k2' of element 'camera' is not handled
[0;m[1;33m[pcl::PLYReader] ../Temp/Data/Pot_A/Pot_A_Piece_07_SampledWithNormals.ply:25: property 'float32 focal' of element 'camera' is not handled
[0;m[1;33m[pcl::PLYReader] ../Temp/Data/Pot_A/Pot_A_Piece_07_SampledWithNormals.ply:26: property 'float32 scalex' of element 'camera' is not handled
[0;m[1;33m[pcl::PLYReader] ../Temp/Data/Pot_A/Pot_A_Piece_07_SampledWithNormals.ply:27: property 'float32 scaley' of element 'camera' is not handled
[0;m[1;33m[pcl::PLYReader] ../Temp/Data/Pot_A/Pot_A_Piece_07_SampledWithNormals.ply:28: property 'float32 centerx' of element 'camera' is not handled
[0;m[1;33m[pcl::PLYReader] ../Temp/Data/Pot_A/Pot_A_Piece_07_SampledWithNormals.ply:29: property 'float32 centery' of element 'camera' is not handled
[0;m[1;33m[pcl::PLYReader] ../Temp/Data/Pot_A/Pot_A_Piece_07_SampledWithNormals.ply:32: property 'float32 k1' of element 'camera' is not handled
[0;m[1;33m[pcl::PLYReader] ../Temp/Data/Pot_A/Pot_A_Piece_07_SampledWithNormals.ply:33: property 'float32 k2' of element 'camera' is not handled
[0;m[1;33m[pcl::PLYReader] ../Temp/Data/Pot_A/Pot_A_Piece_07_unclustered.ply:25: property 'float32 focal' of element 'camera' is not handled
[0;m[1;33m[pcl::PLYReader] ../Temp/Data/Pot_A/Pot_A_Piece_07_unclustered.ply:26: property 'float32 scalex' of element 'camera' is not handled
[0;m[1;33m[pcl::PLYReader] ../Temp/Data/Pot_A/Pot_A_Piece_07_unclustered.ply:27: property 'float32 scaley' of element 'camera' is not handled
[0;m[1;33m[pcl::PLYReader] ../Temp/Data/Pot_A/Pot_A_Piece_07_unclustered.ply:28: property 'float32 centerx' of element 'camera' is not handled
[0;m[1;33m[pcl::PLYReader] ../Temp/Data/Pot_A/Pot_A_Piece_07_unclustered.ply:29: property 'float32 centery' of element 'camera' is not handled
[0;m[1;33m[pcl::PLYReader] ../Temp/Data/Pot_A/Pot_A_Piece_07_unclustered.ply:32: property 'float32 k1' of element 'camera' is not handled
[0;m[1;33m[pcl::PLYReader] ../Temp/Data/Pot_A/Pot_A_Piece_07_unclustered.ply:33: property 'float32 k2' of element 'camera' is not handled
[0;m[1;33m[pcl::PLYReader] ../Temp/Data/Pot_A/Pot_A_Piece_07_Surface_0.ply:25: property 'float32 focal' of element 'camera' is not handled
[0;m[1;33m[pcl::PLYReader] ../Temp/Data/Pot_A/Pot_A_Piece_07_Surface_0.ply:26: property 'float32 scalex' of element 'camera' is not handled
[0;m[1;33m[pcl::PLYReader] ../Temp/Data/Pot_A/Pot_A_Piece_07_Surface_0.ply:27: property 'float32 scaley' of element 'camera' is not handled
[0;m[1;33m[pcl::PLYReader] ../Temp/Data/Pot_A/Pot_A_Piece_07_Surface_0.ply:28: property 'float32 centerx' of element 'camera' is not handled
[0;m[1;33m[pcl::PLYReader] ../Temp/Data/Pot_A/Pot_A_Piece_07_Surface_0.ply:29: property 'float32 centery' of element 'camera' is not handled
[0;m[1;33m[pcl::PLYReader] ../Temp/Data/Pot_A/Pot_A_Piece_07_Surface_0.ply:32: property 'float32 k1' of element 'camera' is not handled
[0;m[1;33m[pcl::PLYReader] ../Temp/Data/Pot_A/Pot_A_Piece_07_Surface_0.ply:33: property 'float32 k2' of element 'camera' is not handled
[0;m[1;33m[pcl::PLYReader] ../Temp/Data/Pot_A/Pot_A_Piece_07_Surface_1.ply:25: property 'float32 focal' of element 'camera' is not handled
[0;m[1;33m[pcl::PLYReader] ../Temp/Data/Pot_A/Pot_A_Piece_07_Surface_1.ply:26: property 'float32 scalex' of element 'camera' is not handled
[0;m[1;33m[pcl::PLYReader] ../Temp/Data/Pot_A/Pot_A_Piece_07_Surface_1.ply:27: property 'float32 scaley' of element 'camera' is not handled
[0;m[1;33m[pcl::PLYReader] ../Temp/Data/Pot_A/Pot_A_Piece_07_Surface_1.ply:28: property 'float32 centerx' of element 'camera' is not handled
[0;m[1;33m[pcl::PLYReader] ../Temp/Data/Pot_A/Pot_A_Piece_07_Surface_1.ply:29: property 'float32 centery' of element 'camera' is not handled
[0;m[1;33m[pcl::PLYReader] ../Temp/Data/Pot_A/Pot_A_Piece_07_Surface_1.ply:32: property 'float32 k1' of element 'camera' is not handled
[0;m[1;33m[pcl::PLYReader] ../Temp/Data/Pot_A/Pot_A_Piece_07_Surface_1.ply:33: property 'float32 k2' of element 'camera' is not handled
[0;m[1;33m[pcl::PLYReader] ../Temp/Data/Pot_A/Pot_A_Piece_08_SampledWithNormals.ply:25: property 'float32 focal' of element 'camera' is not handled
[0;m[1;33m[pcl::PLYReader] ../Temp/Data/Pot_A/Pot_A_Piece_08_SampledWithNormals.ply:26: property 'float32 scalex' of element 'camera' is not handled
[0;m[1;33m[pcl::PLYReader] ../Temp/Data/Pot_A/Pot_A_Piece_08_SampledWithNormals.ply:27: property 'float32 scaley' of element 'camera' is not handled
[0;m[1;33m[pcl::PLYReader] ../Temp/Data/Pot_A/Pot_A_Piece_08_SampledWithNormals.ply:28: property 'float32 centerx' of element 'camera' is not handled
[0;m[1;33m[pcl::PLYReader] ../Temp/Data/Pot_A/Pot_A_Piece_08_SampledWithNormals.ply:29: property 'float32 centery' of element 'camera' is not handled
[0;m[1;33m[pcl::PLYReader] ../Temp/Data/Pot_A/Pot_A_Piece_08_SampledWithNormals.ply:32: property 'float32 k1' of element 'camera' is not handled
[0;m[1;33m[pcl::PLYReader] ../Temp/Data/Pot_A/Pot_A_Piece_08_SampledWithNormals.ply:33: property 'float32 k2' of element 'camera' is not handled
[0;m[1;33m[pcl::PLYReader] ../Temp/Data/Pot_A/Pot_A_Piece_08_unclustered.ply:25: property 'float32 focal' of element 'camera' is not handled
[0;m[1;33m[pcl::PLYReader] ../Temp/Data/Pot_A/Pot_A_Piece_08_unclustered.ply:26: property 'float32 scalex' of element 'camera' is not handled
[0;m[1;33m[pcl::PLYReader] ../Temp/Data/Pot_A/Pot_A_Piece_08_unclustered.ply:27: property 'float32 scaley' of element 'camera' is not handled
[0;m[1;33m[pcl::PLYReader] ../Temp/Data/Pot_A/Pot_A_Piece_08_unclustered.ply:28: property 'float32 centerx' of element 'camera' is not handled
[0;m[1;33m[pcl::PLYReader] ../Temp/Data/Pot_A/Pot_A_Piece_08_unclustered.ply:29: property 'float32 centery' of element 'camera' is not handled
[0;m[1;33m[pcl::PLYReader] ../Temp/Data/Pot_A/Pot_A_Piece_08_unclustered.ply:32: property 'float32 k1' of element 'camera' is not handled
[0;m[1;33m[pcl::PLYReader] ../Temp/Data/Pot_A/Pot_A_Piece_08_unclustered.ply:33: property 'float32 k2' of element 'camera' is not handled
[0;m[1;33m[pcl::PLYReader] ../Temp/Data/Pot_A/Pot_A_Piece_08_Surface_0.ply:25: property 'float32 focal' of element 'camera' is not handled
[0;m[1;33m[pcl::PLYReader] ../Temp/Data/Pot_A/Pot_A_Piece_08_Surface_0.ply:26: property 'float32 scalex' of element 'camera' is not handled
[0;m[1;33m[pcl::PLYReader] ../Temp/Data/Pot_A/Pot_A_Piece_08_Surface_0.ply:27: property 'float32 scaley' of element 'camera' is not handled
[0;m[1;33m[pcl::PLYReader] ../Temp/Data/Pot_A/Pot_A_Piece_08_Surface_0.ply:28: property 'float32 centerx' of element 'camera' is not handled
[0;m[1;33m[pcl::PLYReader] ../Temp/Data/Pot_A/Pot_A_Piece_08_Surface_0.ply:29: property 'float32 centery' of element 'camera' is not handled
[0;m[1;33m[pcl::PLYReader] ../Temp/Data/Pot_A/Pot_A_Piece_08_Surface_0.ply:32: property 'float32 k1' of element 'camera' is not handled
[0;m[1;33m[pcl::PLYReader] ../Temp/Data/Pot_A/Pot_A_Piece_08_Surface_0.ply:33: property 'float32 k2' of element 'camera' is not handled
[0;m[1;33m[pcl::PLYReader] ../Temp/Data/Pot_A/Pot_A_Piece_08_Surface_1.ply:25: property 'float32 focal' of element 'camera' is not handled
[0;m[1;33m[pcl::PLYReader] ../Temp/Data/Pot_A/Pot_A_Piece_08_Surface_1.ply:26: property 'float32 scalex' of element 'camera' is not handled
[0;m[1;33m[pcl::PLYReader] ../Temp/Data/Pot_A/Pot_A_Piece_08_Surface_1.ply:27: property 'float32 scaley' of element 'camera' is not handled
[0;m[1;33m[pcl::PLYReader] ../Temp/Data/Pot_A/Pot_A_Piece_08_Surface_1.ply:28: property 'float32 centerx' of element 'camera' is not handled
[0;m[1;33m[pcl::PLYReader] ../Temp/Data/Pot_A/Pot_A_Piece_08_Surface_1.ply:29: property 'float32 centery' of element 'camera' is not handled
[0;m[1;33m[pcl::PLYReader] ../Temp/Data/Pot_A/Pot_A_Piece_08_Surface_1.ply:32: property 'float32 k1' of element 'camera' is not handled
[0;m[1;33m[pcl::PLYReader] ../Temp/Data/Pot_A/Pot_A_Piece_08_Surface_1.ply:33: property 'float32 k2' of element 'camera' is not handled
[0;mINFO:    gocryptfs not found, will not be able to use gocryptfs
[1;33m[pcl::PLYReader] ../Temp/Data/Pot_A/Pot_A_Piece_01_unclustered.ply:25: property 'float32 focal' of element 'camera' is not handled
[0;m[1;33m[pcl::PLYReader] ../Temp/Data/Pot_A/Pot_A_Piece_01_unclustered.ply:26: property 'float32 scalex' of element 'camera' is not handled
[0;m[1;33m[pcl::PLYReader] ../Temp/Data/Pot_A/Pot_A_Piece_01_unclustered.ply:27: property 'float32 scaley' of element 'camera' is not handled
[0;m[1;33m[pcl::PLYReader] ../Temp/Data/Pot_A/Pot_A_Piece_01_unclustered.ply:28: property 'float32 centerx' of element 'camera' is not handled
[0;m[1;33m[pcl::PLYReader] ../Temp/Data/Pot_A/Pot_A_Piece_01_unclustered.ply:29: property 'float32 centery' of element 'camera' is not handled
[0;m[1;33m[pcl::PLYReader] ../Temp/Data/Pot_A/Pot_A_Piece_01_unclustered.ply:32: property 'float32 k1' of element 'camera' is not handled
[0;m[1;33m[pcl::PLYReader] ../Temp/Data/Pot_A/Pot_A_Piece_01_unclustered.ply:33: property 'float32 k2' of element 'camera' is not handled
[0;m[1;33m[pcl::PLYReader] ../Temp/Temp_edge/Pot_A/_breakLineFromConcaveHull.ply:21: property 'float32 focal' of element 'camera' is not handled
[0;m[1;33m[pcl::PLYReader] ../Temp/Temp_edge/Pot_A/_breakLineFromConcaveHull.ply:22: property 'float32 scalex' of element 'camera' is not handled
[0;m[1;33m[pcl::PLYReader] ../Temp/Temp_edge/Pot_A/_breakLineFromConcaveHull.ply:23: property 'float32 scaley' of element 'camera' is not handled
[0;m[1;33m[pcl::PLYReader] ../Temp/Temp_edge/Pot_A/_breakLineFromConcaveHull.ply:24: property 'float32 centerx' of element 'camera' is not handled
[0;m[1;33m[pcl::PLYReader] ../Temp/Temp_edge/Pot_A/_breakLineFromConcaveHull.ply:25: property 'float32 centery' of element 'camera' is not handled
[0;m[1;33m[pcl::PLYReader] ../Temp/Temp_edge/Pot_A/_breakLineFromConcaveHull.ply:28: property 'float32 k1' of element 'camera' is not handled
[0;m[1;33m[pcl::PLYReader] ../Temp/Temp_edge/Pot_A/_breakLineFromConcaveHull.ply:29: property 'float32 k2' of element 'camera' is not handled
[0;m[1;33mFailed to find match for field 'normal_x'.
[0;m[1;33mFailed to find match for field 'normal_y'.
[0;m[1;33mFailed to find match for field 'normal_z'.
[0;m[1;33mFailed to find match for field 'curvature'.
[0;m[1;33m[pcl::PLYReader] ../Temp/Data/Pot_A/Pot_A_Piece_01_SampledWithNormals.ply:25: property 'float32 focal' of element 'camera' is not handled
[0;m[1;33m[pcl::PLYReader] ../Temp/Data/Pot_A/Pot_A_Piece_01_SampledWithNormals.ply:26: property 'float32 scalex' of element 'camera' is not handled
[0;m[1;33m[pcl::PLYReader] ../Temp/Data/Pot_A/Pot_A_Piece_01_SampledWithNormals.ply:27: property 'float32 scaley' of element 'camera' is not handled
[0;m[1;33m[pcl::PLYReader] ../Temp/Data/Pot_A/Pot_A_Piece_01_SampledWithNormals.ply:28: property 'float32 centerx' of element 'camera' is not handled
[0;m[1;33m[pcl::PLYReader] ../Temp/Data/Pot_A/Pot_A_Piece_01_SampledWithNormals.ply:29: property 'float32 centery' of element 'camera' is not handled
[0;m[1;33m[pcl::PLYReader] ../Temp/Data/Pot_A/Pot_A_Piece_01_SampledWithNormals.ply:32: property 'float32 k1' of element 'camera' is not handled
[0;m[1;33m[pcl::PLYReader] ../Temp/Data/Pot_A/Pot_A_Piece_01_SampledWithNormals.ply:33: property 'float32 k2' of element 'camera' is not handled
[0;m[1;33m[pcl::PLYReader] ../Temp/Data/Pot_A/Pot_A_Piece_01_SampledWithNormals.ply:25: property 'float32 focal' of element 'camera' is not handled
[0;m[1;33m[pcl::PLYReader] ../Temp/Data/Pot_A/Pot_A_Piece_01_SampledWithNormals.ply:26: property 'float32 scalex' of element 'camera' is not handled
[0;m[1;33m[pcl::PLYReader] ../Temp/Data/Pot_A/Pot_A_Piece_01_SampledWithNormals.ply:27: property 'float32 scaley' of element 'camera' is not handled
[0;m[1;33m[pcl::PLYReader] ../Temp/Data/Pot_A/Pot_A_Piece_01_SampledWithNormals.ply:28: property 'float32 centerx' of element 'camera' is not handled
[0;m[1;33m[pcl::PLYReader] ../Temp/Data/Pot_A/Pot_A_Piece_01_SampledWithNormals.ply:29: property 'float32 centery' of element 'camera' is not handled
[0;m[1;33m[pcl::PLYReader] ../Temp/Data/Pot_A/Pot_A_Piece_01_SampledWithNormals.ply:32: property 'float32 k1' of element 'camera' is not handled
[0;m[1;33m[pcl::PLYReader] ../Temp/Data/Pot_A/Pot_A_Piece_01_SampledWithNormals.ply:33: property 'float32 k2' of element 'camera' is not handled
[0;m[1;33m[pcl::PLYReader] ../Temp/Data/Pot_A/Pot_A_Piece_01_SampledWithNormals.ply:25: property 'float32 focal' of element 'camera' is not handled
[0;m[1;33m[pcl::PLYReader] ../Temp/Data/Pot_A/Pot_A_Piece_01_SampledWithNormals.ply:26: property 'float32 scalex' of element 'camera' is not handled
[0;m[1;33m[pcl::PLYReader] ../Temp/Data/Pot_A/Pot_A_Piece_01_SampledWithNormals.ply:27: property 'float32 scaley' of element 'camera' is not handled
[0;m[1;33m[pcl::PLYReader] ../Temp/Data/Pot_A/Pot_A_Piece_01_SampledWithNormals.ply:28: property 'float32 centerx' of element 'camera' is not handled
[0;m[1;33m[pcl::PLYReader] ../Temp/Data/Pot_A/Pot_A_Piece_01_SampledWithNormals.ply:29: property 'float32 centery' of element 'camera' is not handled
[0;m[1;33m[pcl::PLYReader] ../Temp/Data/Pot_A/Pot_A_Piece_01_SampledWithNormals.ply:32: property 'float32 k1' of element 'camera' is not handled
[0;m[1;33m[pcl::PLYReader] ../Temp/Data/Pot_A/Pot_A_Piece_01_SampledWithNormals.ply:33: property 'float32 k2' of element 'camera' is not handled
[0;m[1;33m[pcl::PLYReader] ../Temp/Data/Pot_A/Pot_A_Piece_01_SampledWithNormals.ply:25: property 'float32 focal' of element 'camera' is not handled
[0;m[1;33m[pcl::PLYReader] ../Temp/Data/Pot_A/Pot_A_Piece_01_SampledWithNormals.ply:26: property 'float32 scalex' of element 'camera' is not handled
[0;m[1;33m[pcl::PLYReader] ../Temp/Data/Pot_A/Pot_A_Piece_01_SampledWithNormals.ply:27: property 'float32 scaley' of element 'camera' is not handled
[0;m[1;33m[pcl::PLYReader] ../Temp/Data/Pot_A/Pot_A_Piece_01_SampledWithNormals.ply:28: property 'float32 centerx' of element 'camera' is not handled
[0;m[1;33m[pcl::PLYReader] ../Temp/Data/Pot_A/Pot_A_Piece_01_SampledWithNormals.ply:29: property 'float32 centery' of element 'camera' is not handled
[0;m[1;33m[pcl::PLYReader] ../Temp/Data/Pot_A/Pot_A_Piece_01_SampledWithNormals.ply:32: property 'float32 k1' of element 'camera' is not handled
[0;m[1;33m[pcl::PLYReader] ../Temp/Data/Pot_A/Pot_A_Piece_01_SampledWithNormals.ply:33: property 'float32 k2' of element 'camera' is not handled
[0;m[1;33m[pcl::PLYReader] ../Temp/Data/Pot_A/Pot_A_Piece_01_SampledWithNormals.ply:25: property 'float32 focal' of element 'camera' is not handled
[0;m[1;33m[pcl::PLYReader] ../Temp/Data/Pot_A/Pot_A_Piece_01_SampledWithNormals.ply:26: property 'float32 scalex' of element 'camera' is not handled
[0;m[1;33m[pcl::PLYReader] ../Temp/Data/Pot_A/Pot_A_Piece_01_SampledWithNormals.ply:27: property 'float32 scaley' of element 'camera' is not handled
[0;m[1;33m[pcl::PLYReader] ../Temp/Data/Pot_A/Pot_A_Piece_01_SampledWithNormals.ply:28: property 'float32 centerx' of element 'camera' is not handled
[0;m[1;33m[pcl::PLYReader] ../Temp/Data/Pot_A/Pot_A_Piece_01_SampledWithNormals.ply:29: property 'float32 centery' of element 'camera' is not handled
[0;m[1;33m[pcl::PLYReader] ../Temp/Data/Pot_A/Pot_A_Piece_01_SampledWithNormals.ply:32: property 'float32 k1' of element 'camera' is not handled
[0;m[1;33m[pcl::PLYReader] ../Temp/Data/Pot_A/Pot_A_Piece_01_SampledWithNormals.ply:33: property 'float32 k2' of element 'camera' is not handled
[0;m[1;33m[pcl::PLYReader] ../Temp/Data/Pot_A/Pot_A_Piece_01_SampledWithNormals.ply:25: property 'float32 focal' of element 'camera' is not handled
[0;m[1;33m[pcl::PLYReader] ../Temp/Data/Pot_A/Pot_A_Piece_01_SampledWithNormals.ply:26: property 'float32 scalex' of element 'camera' is not handled
[0;m[1;33m[pcl::PLYReader] ../Temp/Data/Pot_A/Pot_A_Piece_01_SampledWithNormals.ply:27: property 'float32 scaley' of element 'camera' is not handled
[0;m[1;33m[pcl::PLYReader] ../Temp/Data/Pot_A/Pot_A_Piece_01_SampledWithNormals.ply:28: property 'float32 centerx' of element 'camera' is not handled
[0;m[1;33m[pcl::PLYReader] ../Temp/Data/Pot_A/Pot_A_Piece_01_SampledWithNormals.ply:29: property 'float32 centery' of element 'camera' is not handled
[0;m[1;33m[pcl::PLYReader] ../Temp/Data/Pot_A/Pot_A_Piece_01_SampledWithNormals.ply:32: property 'float32 k1' of element 'camera' is not handled
[0;m[1;33m[pcl::PLYReader] ../Temp/Data/Pot_A/Pot_A_Piece_01_SampledWithNormals.ply:33: property 'float32 k2' of element 'camera' is not handled
[0;m[1;33m[pcl::PLYReader] ../Temp/Data/Pot_A/Pot_A_Piece_01_SampledWithNormals.ply:25: property 'float32 focal' of element 'camera' is not handled
[0;m[1;33m[pcl::PLYReader] ../Temp/Data/Pot_A/Pot_A_Piece_01_SampledWithNormals.ply:26: property 'float32 scalex' of element 'camera' is not handled
[0;m[1;33m[pcl::PLYReader] ../Temp/Data/Pot_A/Pot_A_Piece_01_SampledWithNormals.ply:27: property 'float32 scaley' of element 'camera' is not handled
[0;m[1;33m[pcl::PLYReader] ../Temp/Data/Pot_A/Pot_A_Piece_01_SampledWithNormals.ply:28: property 'float32 centerx' of element 'camera' is not handled
[0;m[1;33m[pcl::PLYReader] ../Temp/Data/Pot_A/Pot_A_Piece_01_SampledWithNormals.ply:29: property 'float32 centery' of element 'camera' is not handled
[0;m[1;33m[pcl::PLYReader] ../Temp/Data/Pot_A/Pot_A_Piece_01_SampledWithNormals.ply:32: property 'float32 k1' of element 'camera' is not handled
[0;m[1;33m[pcl::PLYReader] ../Temp/Data/Pot_A/Pot_A_Piece_01_SampledWithNormals.ply:33: property 'float32 k2' of element 'camera' is not handled
[0;m[1;33m[pcl::PLYReader] ../Temp/Data/Pot_A/Pot_A_Piece_01_SampledWithNormals.ply:25: property 'float32 focal' of element 'camera' is not handled
[0;m[1;33m[pcl::PLYReader] ../Temp/Data/Pot_A/Pot_A_Piece_01_SampledWithNormals.ply:26: property 'float32 scalex' of element 'camera' is not handled
[0;m[1;33m[pcl::PLYReader] ../Temp/Data/Pot_A/Pot_A_Piece_01_SampledWithNormals.ply:27: property 'float32 scaley' of element 'camera' is not handled
[0;m[1;33m[pcl::PLYReader] ../Temp/Data/Pot_A/Pot_A_Piece_01_SampledWithNormals.ply:28: property 'float32 centerx' of element 'camera' is not handled
[0;m[1;33m[pcl::PLYReader] ../Temp/Data/Pot_A/Pot_A_Piece_01_SampledWithNormals.ply:29: property 'float32 centery' of element 'camera' is not handled
[0;m[1;33m[pcl::PLYReader] ../Temp/Data/Pot_A/Pot_A_Piece_01_SampledWithNormals.ply:32: property 'float32 k1' of element 'camera' is not handled
[0;m[1;33m[pcl::PLYReader] ../Temp/Data/Pot_A/Pot_A_Piece_01_SampledWithNormals.ply:33: property 'float32 k2' of element 'camera' is not handled
[0;m[1;33m[pcl::PLYReader] ../Temp/Data/Pot_A/Pot_A_Piece_01_SampledWithNormals.ply:25: property 'float32 focal' of element 'camera' is not handled
[0;m[1;33m[pcl::PLYReader] ../Temp/Data/Pot_A/Pot_A_Piece_01_SampledWithNormals.ply:26: property 'float32 scalex' of element 'camera' is not handled
[0;m[1;33m[pcl::PLYReader] ../Temp/Data/Pot_A/Pot_A_Piece_01_SampledWithNormals.ply:27: property 'float32 scaley' of element 'camera' is not handled
[0;m[1;33m[pcl::PLYReader] ../Temp/Data/Pot_A/Pot_A_Piece_01_SampledWithNormals.ply:28: property 'float32 centerx' of element 'camera' is not handled
[0;m[1;33m[pcl::PLYReader] ../Temp/Data/Pot_A/Pot_A_Piece_01_SampledWithNormals.ply:29: property 'float32 centery' of element 'camera' is not handled
[0;m[1;33m[pcl::PLYReader] ../Temp/Data/Pot_A/Pot_A_Piece_01_SampledWithNormals.ply:32: property 'float32 k1' of element 'camera' is not handled
[0;m[1;33m[pcl::PLYReader] ../Temp/Data/Pot_A/Pot_A_Piece_01_SampledWithNormals.ply:33: property 'float32 k2' of element 'camera' is not handled
[0;m[1;33m[pcl::PLYReader] ../Temp/Data/Pot_A/Pot_A_Piece_01_SampledWithNormals.ply:25: property 'float32 focal' of element 'camera' is not handled
[0;m[1;33m[pcl::PLYReader] ../Temp/Data/Pot_A/Pot_A_Piece_01_SampledWithNormals.ply:26: property 'float32 scalex' of element 'camera' is not handled
[0;m[1;33m[pcl::PLYReader] ../Temp/Data/Pot_A/Pot_A_Piece_01_SampledWithNormals.ply:27: property 'float32 scaley' of element 'camera' is not handled
[0;m[1;33m[pcl::PLYReader] ../Temp/Data/Pot_A/Pot_A_Piece_01_SampledWithNormals.ply:28: property 'float32 centerx' of element 'camera' is not handled
[0;m[1;33m[pcl::PLYReader] ../Temp/Data/Pot_A/Pot_A_Piece_01_SampledWithNormals.ply:29: property 'float32 centery' of element 'camera' is not handled
[0;m[1;33m[pcl::PLYReader] ../Temp/Data/Pot_A/Pot_A_Piece_01_SampledWithNormals.ply:32: property 'float32 k1' of element 'camera' is not handled
[0;m[1;33m[pcl::PLYReader] ../Temp/Data/Pot_A/Pot_A_Piece_01_SampledWithNormals.ply:33: property 'float32 k2' of element 'camera' is not handled
[0;m[1;33m[pcl::PLYReader] ../Temp/Data/Pot_A/Pot_A_Piece_01_unclustered.ply:25: property 'float32 focal' of element 'camera' is not handled
[0;m[1;33m[pcl::PLYReader] ../Temp/Data/Pot_A/Pot_A_Piece_01_unclustered.ply:26: property 'float32 scalex' of element 'camera' is not handled
[0;m[1;33m[pcl::PLYReader] ../Temp/Data/Pot_A/Pot_A_Piece_01_unclustered.ply:27: property 'float32 scaley' of element 'camera' is not handled
[0;m[1;33m[pcl::PLYReader] ../Temp/Data/Pot_A/Pot_A_Piece_01_unclustered.ply:28: property 'float32 centerx' of element 'camera' is not handled
[0;m[1;33m[pcl::PLYReader] ../Temp/Data/Pot_A/Pot_A_Piece_01_unclustered.ply:29: property 'float32 centery' of element 'camera' is not handled
[0;m[1;33m[pcl::PLYReader] ../Temp/Data/Pot_A/Pot_A_Piece_01_unclustered.ply:32: property 'float32 k1' of element 'camera' is not handled
[0;m[1;33m[pcl::PLYReader] ../Temp/Data/Pot_A/Pot_A_Piece_01_unclustered.ply:33: property 'float32 k2' of element 'camera' is not handled
[0;m[1;33m[pcl::PLYReader] ../Temp/Temp_edge/Pot_A/_breakLineFromConcaveHull.ply:21: property 'float32 focal' of element 'camera' is not handled
[0;m[1;33m[pcl::PLYReader] ../Temp/Temp_edge/Pot_A/_breakLineFromConcaveHull.ply:22: property 'float32 scalex' of element 'camera' is not handled
[0;m[1;33m[pcl::PLYReader] ../Temp/Temp_edge/Pot_A/_breakLineFromConcaveHull.ply:23: property 'float32 scaley' of element 'camera' is not handled
[0;m[1;33m[pcl::PLYReader] ../Temp/Temp_edge/Pot_A/_breakLineFromConcaveHull.ply:24: property 'float32 centerx' of element 'camera' is not handled
[0;m[1;33m[pcl::PLYReader] ../Temp/Temp_edge/Pot_A/_breakLineFromConcaveHull.ply:25: property 'float32 centery' of element 'camera' is not handled
[0;m[1;33m[pcl::PLYReader] ../Temp/Temp_edge/Pot_A/_breakLineFromConcaveHull.ply:28: property 'float32 k1' of element 'camera' is not handled
[0;m[1;33m[pcl::PLYReader] ../Temp/Temp_edge/Pot_A/_breakLineFromConcaveHull.ply:29: property 'float32 k2' of element 'camera' is not handled
[0;m[1;33mFailed to find match for field 'normal_x'.
[0;m[1;33mFailed to find match for field 'normal_y'.
[0;m[1;33mFailed to find match for field 'normal_z'.
[0;m[1;33mFailed to find match for field 'curvature'.
[0;m[1;33m[pcl::PLYReader] ../Temp/Data/Pot_A/Pot_A_Piece_01_SampledWithNormals.ply:25: property 'float32 focal' of element 'camera' is not handled
[0;m[1;33m[pcl::PLYReader] ../Temp/Data/Pot_A/Pot_A_Piece_01_SampledWithNormals.ply:26: property 'float32 scalex' of element 'camera' is not handled
[0;m[1;33m[pcl::PLYReader] ../Temp/Data/Pot_A/Pot_A_Piece_01_SampledWithNormals.ply:27: property 'float32 scaley' of element 'camera' is not handled
[0;m[1;33m[pcl::PLYReader] ../Temp/Data/Pot_A/Pot_A_Piece_01_SampledWithNormals.ply:28: property 'float32 centerx' of element 'camera' is not handled
[0;m[1;33m[pcl::PLYReader] ../Temp/Data/Pot_A/Pot_A_Piece_01_SampledWithNormals.ply:29: property 'float32 centery' of element 'camera' is not handled
[0;m[1;33m[pcl::PLYReader] ../Temp/Data/Pot_A/Pot_A_Piece_01_SampledWithNormals.ply:32: property 'float32 k1' of element 'camera' is not handled
[0;m[1;33m[pcl::PLYReader] ../Temp/Data/Pot_A/Pot_A_Piece_01_SampledWithNormals.ply:33: property 'float32 k2' of element 'camera' is not handled
[0;m[1;33m[pcl::PLYReader] ../Temp/Data/Pot_A/Pot_A_Piece_01_SampledWithNormals.ply:25: property 'float32 focal' of element 'camera' is not handled
[0;m[1;33m[pcl::PLYReader] ../Temp/Data/Pot_A/Pot_A_Piece_01_SampledWithNormals.ply:26: property 'float32 scalex' of element 'camera' is not handled
[0;m[1;33m[pcl::PLYReader] ../Temp/Data/Pot_A/Pot_A_Piece_01_SampledWithNormals.ply:27: property 'float32 scaley' of element 'camera' is not handled
[0;m[1;33m[pcl::PLYReader] ../Temp/Data/Pot_A/Pot_A_Piece_01_SampledWithNormals.ply:28: property 'float32 centerx' of element 'camera' is not handled
[0;m[1;33m[pcl::PLYReader] ../Temp/Data/Pot_A/Pot_A_Piece_01_SampledWithNormals.ply:29: property 'float32 centery' of element 'camera' is not handled
[0;m[1;33m[pcl::PLYReader] ../Temp/Data/Pot_A/Pot_A_Piece_01_SampledWithNormals.ply:32: property 'float32 k1' of element 'camera' is not handled
[0;m[1;33m[pcl::PLYReader] ../Temp/Data/Pot_A/Pot_A_Piece_01_SampledWithNormals.ply:33: property 'float32 k2' of element 'camera' is not handled
[0;m[1;33m[pcl::PLYReader] ../Temp/Data/Pot_A/Pot_A_Piece_01_SampledWithNormals.ply:25: property 'float32 focal' of element 'camera' is not handled
[0;m[1;33m[pcl::PLYReader] ../Temp/Data/Pot_A/Pot_A_Piece_01_SampledWithNormals.ply:26: property 'float32 scalex' of element 'camera' is not handled
[0;m[1;33m[pcl::PLYReader] ../Temp/Data/Pot_A/Pot_A_Piece_01_SampledWithNormals.ply:27: property 'float32 scaley' of element 'camera' is not handled
[0;m[1;33m[pcl::PLYReader] ../Temp/Data/Pot_A/Pot_A_Piece_01_SampledWithNormals.ply:28: property 'float32 centerx' of element 'camera' is not handled
[0;m[1;33m[pcl::PLYReader] ../Temp/Data/Pot_A/Pot_A_Piece_01_SampledWithNormals.ply:29: property 'float32 centery' of element 'camera' is not handled
[0;m[1;33m[pcl::PLYReader] ../Temp/Data/Pot_A/Pot_A_Piece_01_SampledWithNormals.ply:32: property 'float32 k1' of element 'camera' is not handled
[0;m[1;33m[pcl::PLYReader] ../Temp/Data/Pot_A/Pot_A_Piece_01_SampledWithNormals.ply:33: property 'float32 k2' of element 'camera' is not handled
[0;m[1;33m[pcl::PLYReader] ../Temp/Data/Pot_A/Pot_A_Piece_01_SampledWithNormals.ply:25: property 'float32 focal' of element 'camera' is not handled
[0;m[1;33m[pcl::PLYReader] ../Temp/Data/Pot_A/Pot_A_Piece_01_SampledWithNormals.ply:26: property 'float32 scalex' of element 'camera' is not handled
[0;m[1;33m[pcl::PLYReader] ../Temp/Data/Pot_A/Pot_A_Piece_01_SampledWithNormals.ply:27: property 'float32 scaley' of element 'camera' is not handled
[0;m[1;33m[pcl::PLYReader] ../Temp/Data/Pot_A/Pot_A_Piece_01_SampledWithNormals.ply:28: property 'float32 centerx' of element 'camera' is not handled
[0;m[1;33m[pcl::PLYReader] ../Temp/Data/Pot_A/Pot_A_Piece_01_SampledWithNormals.ply:29: property 'float32 centery' of element 'camera' is not handled
[0;m[1;33m[pcl::PLYReader] ../Temp/Data/Pot_A/Pot_A_Piece_01_SampledWithNormals.ply:32: property 'float32 k1' of element 'camera' is not handled
[0;m[1;33m[pcl::PLYReader] ../Temp/Data/Pot_A/Pot_A_Piece_01_SampledWithNormals.ply:33: property 'float32 k2' of element 'camera' is not handled
[0;m[1;33m[pcl::PLYReader] ../Temp/Data/Pot_A/Pot_A_Piece_01_SampledWithNormals.ply:25: property 'float32 focal' of element 'camera' is not handled
[0;m[1;33m[pcl::PLYReader] ../Temp/Data/Pot_A/Pot_A_Piece_01_SampledWithNormals.ply:26: property 'float32 scalex' of element 'camera' is not handled
[0;m[1;33m[pcl::PLYReader] ../Temp/Data/Pot_A/Pot_A_Piece_01_SampledWithNormals.ply:27: property 'float32 scaley' of element 'camera' is not handled
[0;m[1;33m[pcl::PLYReader] ../Temp/Data/Pot_A/Pot_A_Piece_01_SampledWithNormals.ply:28: property 'float32 centerx' of element 'camera' is not handled
[0;m[1;33m[pcl::PLYReader] ../Temp/Data/Pot_A/Pot_A_Piece_01_SampledWithNormals.ply:29: property 'float32 centery' of element 'camera' is not handled
[0;m[1;33m[pcl::PLYReader] ../Temp/Data/Pot_A/Pot_A_Piece_01_SampledWithNormals.ply:32: property 'float32 k1' of element 'camera' is not handled
[0;m[1;33m[pcl::PLYReader] ../Temp/Data/Pot_A/Pot_A_Piece_01_SampledWithNormals.ply:33: property 'float32 k2' of element 'camera' is not handled
[0;m[1;33m[pcl::PLYReader] ../Temp/Data/Pot_A/Pot_A_Piece_01_SampledWithNormals.ply:25: property 'float32 focal' of element 'camera' is not handled
[0;m[1;33m[pcl::PLYReader] ../Temp/Data/Pot_A/Pot_A_Piece_01_SampledWithNormals.ply:26: property 'float32 scalex' of element 'camera' is not handled
[0;m[1;33m[pcl::PLYReader] ../Temp/Data/Pot_A/Pot_A_Piece_01_SampledWithNormals.ply:27: property 'float32 scaley' of element 'camera' is not handled
[0;m[1;33m[pcl::PLYReader] ../Temp/Data/Pot_A/Pot_A_Piece_01_SampledWithNormals.ply:28: property 'float32 centerx' of element 'camera' is not handled
[0;m[1;33m[pcl::PLYReader] ../Temp/Data/Pot_A/Pot_A_Piece_01_SampledWithNormals.ply:29: property 'float32 centery' of element 'camera' is not handled
[0;m[1;33m[pcl::PLYReader] ../Temp/Data/Pot_A/Pot_A_Piece_01_SampledWithNormals.ply:32: property 'float32 k1' of element 'camera' is not handled
[0;m[1;33m[pcl::PLYReader] ../Temp/Data/Pot_A/Pot_A_Piece_01_SampledWithNormals.ply:33: property 'float32 k2' of element 'camera' is not handled
[0;m[1;33m[pcl::PLYReader] ../Temp/Data/Pot_A/Pot_A_Piece_01_SampledWithNormals.ply:25: property 'float32 focal' of element 'camera' is not handled
[0;m[1;33m[pcl::PLYReader] ../Temp/Data/Pot_A/Pot_A_Piece_01_SampledWithNormals.ply:26: property 'float32 scalex' of element 'camera' is not handled
[0;m[1;33m[pcl::PLYReader] ../Temp/Data/Pot_A/Pot_A_Piece_01_SampledWithNormals.ply:27: property 'float32 scaley' of element 'camera' is not handled
[0;m[1;33m[pcl::PLYReader] ../Temp/Data/Pot_A/Pot_A_Piece_01_SampledWithNormals.ply:28: property 'float32 centerx' of element 'camera' is not handled
[0;m[1;33m[pcl::PLYReader] ../Temp/Data/Pot_A/Pot_A_Piece_01_SampledWithNormals.ply:29: property 'float32 centery' of element 'camera' is not handled
[0;m[1;33m[pcl::PLYReader] ../Temp/Data/Pot_A/Pot_A_Piece_01_SampledWithNormals.ply:32: property 'float32 k1' of element 'camera' is not handled
[0;m[1;33m[pcl::PLYReader] ../Temp/Data/Pot_A/Pot_A_Piece_01_SampledWithNormals.ply:33: property 'float32 k2' of element 'camera' is not handled
[0;m[1;33m[pcl::PLYReader] ../Temp/Data/Pot_A/Pot_A_Piece_01_SampledWithNormals.ply:25: property 'float32 focal' of element 'camera' is not handled
[0;m[1;33m[pcl::PLYReader] ../Temp/Data/Pot_A/Pot_A_Piece_01_SampledWithNormals.ply:26: property 'float32 scalex' of element 'camera' is not handled
[0;m[1;33m[pcl::PLYReader] ../Temp/Data/Pot_A/Pot_A_Piece_01_SampledWithNormals.ply:27: property 'float32 scaley' of element 'camera' is not handled
[0;m[1;33m[pcl::PLYReader] ../Temp/Data/Pot_A/Pot_A_Piece_01_SampledWithNormals.ply:28: property 'float32 centerx' of element 'camera' is not handled
[0;m[1;33m[pcl::PLYReader] ../Temp/Data/Pot_A/Pot_A_Piece_01_SampledWithNormals.ply:29: property 'float32 centery' of element 'camera' is not handled
[0;m[1;33m[pcl::PLYReader] ../Temp/Data/Pot_A/Pot_A_Piece_01_SampledWithNormals.ply:32: property 'float32 k1' of element 'camera' is not handled
[0;m[1;33m[pcl::PLYReader] ../Temp/Data/Pot_A/Pot_A_Piece_01_SampledWithNormals.ply:33: property 'float32 k2' of element 'camera' is not handled
[0;m[1;33m[pcl::PLYReader] ../Temp/Data/Pot_A/Pot_A_Piece_01_SampledWithNormals.ply:25: property 'float32 focal' of element 'camera' is not handled
[0;m[1;33m[pcl::PLYReader] ../Temp/Data/Pot_A/Pot_A_Piece_01_SampledWithNormals.ply:26: property 'float32 scalex' of element 'camera' is not handled
[0;m[1;33m[pcl::PLYReader] ../Temp/Data/Pot_A/Pot_A_Piece_01_SampledWithNormals.ply:27: property 'float32 scaley' of element 'camera' is not handled
[0;m[1;33m[pcl::PLYReader] ../Temp/Data/Pot_A/Pot_A_Piece_01_SampledWithNormals.ply:28: property 'float32 centerx' of element 'camera' is not handled
[0;m[1;33m[pcl::PLYReader] ../Temp/Data/Pot_A/Pot_A_Piece_01_SampledWithNormals.ply:29: property 'float32 centery' of element 'camera' is not handled
[0;m[1;33m[pcl::PLYReader] ../Temp/Data/Pot_A/Pot_A_Piece_01_SampledWithNormals.ply:32: property 'float32 k1' of element 'camera' is not handled
[0;m[1;33m[pcl::PLYReader] ../Temp/Data/Pot_A/Pot_A_Piece_01_SampledWithNormals.ply:33: property 'float32 k2' of element 'camera' is not handled
[0;m[1;33m[pcl::PLYReader] ../Temp/Data/Pot_A/Pot_A_Piece_01_SampledWithNormals.ply:25: property 'float32 focal' of element 'camera' is not handled
[0;m[1;33m[pcl::PLYReader] ../Temp/Data/Pot_A/Pot_A_Piece_01_SampledWithNormals.ply:26: property 'float32 scalex' of element 'camera' is not handled
[0;m[1;33m[pcl::PLYReader] ../Temp/Data/Pot_A/Pot_A_Piece_01_SampledWithNormals.ply:27: property 'float32 scaley' of element 'camera' is not handled
[0;m[1;33m[pcl::PLYReader] ../Temp/Data/Pot_A/Pot_A_Piece_01_SampledWithNormals.ply:28: property 'float32 centerx' of element 'camera' is not handled
[0;m[1;33m[pcl::PLYReader] ../Temp/Data/Pot_A/Pot_A_Piece_01_SampledWithNormals.ply:29: property 'float32 centery' of element 'camera' is not handled
[0;m[1;33m[pcl::PLYReader] ../Temp/Data/Pot_A/Pot_A_Piece_01_SampledWithNormals.ply:32: property 'float32 k1' of element 'camera' is not handled
[0;m[1;33m[pcl::PLYReader] ../Temp/Data/Pot_A/Pot_A_Piece_01_SampledWithNormals.ply:33: property 'float32 k2' of element 'camera' is not handled
[0;m[1;33m[pcl::PLYReader] ../Temp/Data/Pot_A/Pot_A_Piece_01_unclustered.ply:25: property 'float32 focal' of element 'camera' is not handled
[0;m[1;33m[pcl::PLYReader] ../Temp/Data/Pot_A/Pot_A_Piece_01_unclustered.ply:26: property 'float32 scalex' of element 'camera' is not handled
[0;m[1;33m[pcl::PLYReader] ../Temp/Data/Pot_A/Pot_A_Piece_01_unclustered.ply:27: property 'float32 scaley' of element 'camera' is not handled
[0;m[1;33m[pcl::PLYReader] ../Temp/Data/Pot_A/Pot_A_Piece_01_unclustered.ply:28: property 'float32 centerx' of element 'camera' is not handled
[0;m[1;33m[pcl::PLYReader] ../Temp/Data/Pot_A/Pot_A_Piece_01_unclustered.ply:29: property 'float32 centery' of element 'camera' is not handled
[0;m[1;33m[pcl::PLYReader] ../Temp/Data/Pot_A/Pot_A_Piece_01_unclustered.ply:32: property 'float32 k1' of element 'camera' is not handled
[0;m[1;33m[pcl::PLYReader] ../Temp/Data/Pot_A/Pot_A_Piece_01_unclustered.ply:33: property 'float32 k2' of element 'camera' is not handled
[0;m[1;33m[pcl::PLYReader] ../Temp/Temp_edge/Pot_A/_breakLineFromConcaveHull.ply:21: property 'float32 focal' of element 'camera' is not handled
[0;m[1;33m[pcl::PLYReader] ../Temp/Temp_edge/Pot_A/_breakLineFromConcaveHull.ply:22: property 'float32 scalex' of element 'camera' is not handled
[0;m[1;33m[pcl::PLYReader] ../Temp/Temp_edge/Pot_A/_breakLineFromConcaveHull.ply:23: property 'float32 scaley' of element 'camera' is not handled
[0;m[1;33m[pcl::PLYReader] ../Temp/Temp_edge/Pot_A/_breakLineFromConcaveHull.ply:24: property 'float32 centerx' of element 'camera' is not handled
[0;m[1;33m[pcl::PLYReader] ../Temp/Temp_edge/Pot_A/_breakLineFromConcaveHull.ply:25: property 'float32 centery' of element 'camera' is not handled
[0;m[1;33m[pcl::PLYReader] ../Temp/Temp_edge/Pot_A/_breakLineFromConcaveHull.ply:28: property 'float32 k1' of element 'camera' is not handled
[0;m[1;33m[pcl::PLYReader] ../Temp/Temp_edge/Pot_A/_breakLineFromConcaveHull.ply:29: property 'float32 k2' of element 'camera' is not handled
[0;m[1;33mFailed to find match for field 'normal_x'.
[0;m[1;33mFailed to find match for field 'normal_y'.
[0;m[1;33mFailed to find match for field 'normal_z'.
[0;m[1;33mFailed to find match for field 'curvature'.
[0;m[1;33m[pcl::PLYReader] ../Temp/Data/Pot_A/Pot_A_Piece_01_SampledWithNormals.ply:25: property 'float32 focal' of element 'camera' is not handled
[0;m[1;33m[pcl::PLYReader] ../Temp/Data/Pot_A/Pot_A_Piece_01_SampledWithNormals.ply:26: property 'float32 scalex' of element 'camera' is not handled
[0;m[1;33m[pcl::PLYReader] ../Temp/Data/Pot_A/Pot_A_Piece_01_SampledWithNormals.ply:27: property 'float32 scaley' of element 'camera' is not handled
[0;m[1;33m[pcl::PLYReader] ../Temp/Data/Pot_A/Pot_A_Piece_01_SampledWithNormals.ply:28: property 'float32 centerx' of element 'camera' is not handled
[0;m[1;33m[pcl::PLYReader] ../Temp/Data/Pot_A/Pot_A_Piece_01_SampledWithNormals.ply:29: property 'float32 centery' of element 'camera' is not handled
[0;m[1;33m[pcl::PLYReader] ../Temp/Data/Pot_A/Pot_A_Piece_01_SampledWithNormals.ply:32: property 'float32 k1' of element 'camera' is not handled
[0;m[1;33m[pcl::PLYReader] ../Temp/Data/Pot_A/Pot_A_Piece_01_SampledWithNormals.ply:33: property 'float32 k2' of element 'camera' is not handled
[0;m[1;33m[pcl::PLYReader] ../Temp/Data/Pot_A/Pot_A_Piece_01_SampledWithNormals.ply:25: property 'float32 focal' of element 'camera' is not handled
[0;m[1;33m[pcl::PLYReader] ../Temp/Data/Pot_A/Pot_A_Piece_01_SampledWithNormals.ply:26: property 'float32 scalex' of element 'camera' is not handled
[0;m[1;33m[pcl::PLYReader] ../Temp/Data/Pot_A/Pot_A_Piece_01_SampledWithNormals.ply:27: property 'float32 scaley' of element 'camera' is not handled
[0;m[1;33m[pcl::PLYReader] ../Temp/Data/Pot_A/Pot_A_Piece_01_SampledWithNormals.ply:28: property 'float32 centerx' of element 'camera' is not handled
[0;m[1;33m[pcl::PLYReader] ../Temp/Data/Pot_A/Pot_A_Piece_01_SampledWithNormals.ply:29: property 'float32 centery' of element 'camera' is not handled
[0;m[1;33m[pcl::PLYReader] ../Temp/Data/Pot_A/Pot_A_Piece_01_SampledWithNormals.ply:32: property 'float32 k1' of element 'camera' is not handled
[0;m[1;33m[pcl::PLYReader] ../Temp/Data/Pot_A/Pot_A_Piece_01_SampledWithNormals.ply:33: property 'float32 k2' of element 'camera' is not handled
[0;m[1;33m[pcl::PLYReader] ../Temp/Data/Pot_A/Pot_A_Piece_01_SampledWithNormals.ply:25: property 'float32 focal' of element 'camera' is not handled
[0;m[1;33m[pcl::PLYReader] ../Temp/Data/Pot_A/Pot_A_Piece_01_SampledWithNormals.ply:26: property 'float32 scalex' of element 'camera' is not handled
[0;m[1;33m[pcl::PLYReader] ../Temp/Data/Pot_A/Pot_A_Piece_01_SampledWithNormals.ply:27: property 'float32 scaley' of element 'camera' is not handled
[0;m[1;33m[pcl::PLYReader] ../Temp/Data/Pot_A/Pot_A_Piece_01_SampledWithNormals.ply:28: property 'float32 centerx' of element 'camera' is not handled
[0;m[1;33m[pcl::PLYReader] ../Temp/Data/Pot_A/Pot_A_Piece_01_SampledWithNormals.ply:29: property 'float32 centery' of element 'camera' is not handled
[0;m[1;33m[pcl::PLYReader] ../Temp/Data/Pot_A/Pot_A_Piece_01_SampledWithNormals.ply:32: property 'float32 k1' of element 'camera' is not handled
[0;m[1;33m[pcl::PLYReader] ../Temp/Data/Pot_A/Pot_A_Piece_01_SampledWithNormals.ply:33: property 'float32 k2' of element 'camera' is not handled
[0;m[1;33m[pcl::PLYReader] ../Temp/Data/Pot_A/Pot_A_Piece_01_SampledWithNormals.ply:25: property 'float32 focal' of element 'camera' is not handled
[0;m[1;33m[pcl::PLYReader] ../Temp/Data/Pot_A/Pot_A_Piece_01_SampledWithNormals.ply:26: property 'float32 scalex' of element 'camera' is not handled
[0;m[1;33m[pcl::PLYReader] ../Temp/Data/Pot_A/Pot_A_Piece_01_SampledWithNormals.ply:27: property 'float32 scaley' of element 'camera' is not handled
[0;m[1;33m[pcl::PLYReader] ../Temp/Data/Pot_A/Pot_A_Piece_01_SampledWithNormals.ply:28: property 'float32 centerx' of element 'camera' is not handled
[0;m[1;33m[pcl::PLYReader] ../Temp/Data/Pot_A/Pot_A_Piece_01_SampledWithNormals.ply:29: property 'float32 centery' of element 'camera' is not handled
[0;m[1;33m[pcl::PLYReader] ../Temp/Data/Pot_A/Pot_A_Piece_01_SampledWithNormals.ply:32: property 'float32 k1' of element 'camera' is not handled
[0;m[1;33m[pcl::PLYReader] ../Temp/Data/Pot_A/Pot_A_Piece_01_SampledWithNormals.ply:33: property 'float32 k2' of element 'camera' is not handled
[0;m[1;33m[pcl::PLYReader] ../Temp/Data/Pot_A/Pot_A_Piece_01_SampledWithNormals.ply:25: property 'float32 focal' of element 'camera' is not handled
[0;m[1;33m[pcl::PLYReader] ../Temp/Data/Pot_A/Pot_A_Piece_01_SampledWithNormals.ply:26: property 'float32 scalex' of element 'camera' is not handled
[0;m[1;33m[pcl::PLYReader] ../Temp/Data/Pot_A/Pot_A_Piece_01_SampledWithNormals.ply:27: property 'float32 scaley' of element 'camera' is not handled
[0;m[1;33m[pcl::PLYReader] ../Temp/Data/Pot_A/Pot_A_Piece_01_SampledWithNormals.ply:28: property 'float32 centerx' of element 'camera' is not handled
[0;m[1;33m[pcl::PLYReader] ../Temp/Data/Pot_A/Pot_A_Piece_01_SampledWithNormals.ply:29: property 'float32 centery' of element 'camera' is not handled
[0;m[1;33m[pcl::PLYReader] ../Temp/Data/Pot_A/Pot_A_Piece_01_SampledWithNormals.ply:32: property 'float32 k1' of element 'camera' is not handled
[0;m[1;33m[pcl::PLYReader] ../Temp/Data/Pot_A/Pot_A_Piece_01_SampledWithNormals.ply:33: property 'float32 k2' of element 'camera' is not handled
[0;m[1;33m[pcl::PLYReader] ../Temp/Data/Pot_A/Pot_A_Piece_01_SampledWithNormals.ply:25: property 'float32 focal' of element 'camera' is not handled
[0;m[1;33m[pcl::PLYReader] ../Temp/Data/Pot_A/Pot_A_Piece_01_SampledWithNormals.ply:26: property 'float32 scalex' of element 'camera' is not handled
[0;m[1;33m[pcl::PLYReader] ../Temp/Data/Pot_A/Pot_A_Piece_01_SampledWithNormals.ply:27: property 'float32 scaley' of element 'camera' is not handled
[0;m[1;33m[pcl::PLYReader] ../Temp/Data/Pot_A/Pot_A_Piece_01_SampledWithNormals.ply:28: property 'float32 centerx' of element 'camera' is not handled
[0;m[1;33m[pcl::PLYReader] ../Temp/Data/Pot_A/Pot_A_Piece_01_SampledWithNormals.ply:29: property 'float32 centery' of element 'camera' is not handled
[0;m[1;33m[pcl::PLYReader] ../Temp/Data/Pot_A/Pot_A_Piece_01_SampledWithNormals.ply:32: property 'float32 k1' of element 'camera' is not handled
[0;m[1;33m[pcl::PLYReader] ../Temp/Data/Pot_A/Pot_A_Piece_01_SampledWithNormals.ply:33: property 'float32 k2' of element 'camera' is not handled
[0;m[1;33m[pcl::PLYReader] ../Temp/Data/Pot_A/Pot_A_Piece_01_SampledWithNormals.ply:25: property 'float32 focal' of element 'camera' is not handled
[0;m[1;33m[pcl::PLYReader] ../Temp/Data/Pot_A/Pot_A_Piece_01_SampledWithNormals.ply:26: property 'float32 scalex' of element 'camera' is not handled
[0;m[1;33m[pcl::PLYReader] ../Temp/Data/Pot_A/Pot_A_Piece_01_SampledWithNormals.ply:27: property 'float32 scaley' of element 'camera' is not handled
[0;m[1;33m[pcl::PLYReader] ../Temp/Data/Pot_A/Pot_A_Piece_01_SampledWithNormals.ply:28: property 'float32 centerx' of element 'camera' is not handled
[0;m[1;33m[pcl::PLYReader] ../Temp/Data/Pot_A/Pot_A_Piece_01_SampledWithNormals.ply:29: property 'float32 centery' of element 'camera' is not handled
[0;m[1;33m[pcl::PLYReader] ../Temp/Data/Pot_A/Pot_A_Piece_01_SampledWithNormals.ply:32: property 'float32 k1' of element 'camera' is not handled
[0;m[1;33m[pcl::PLYReader] ../Temp/Data/Pot_A/Pot_A_Piece_01_SampledWithNormals.ply:33: property 'float32 k2' of element 'camera' is not handled
[0;m[1;33m[pcl::PLYReader] ../Temp/Data/Pot_A/Pot_A_Piece_01_SampledWithNormals.ply:25: property 'float32 focal' of element 'camera' is not handled
[0;m[1;33m[pcl::PLYReader] ../Temp/Data/Pot_A/Pot_A_Piece_01_SampledWithNormals.ply:26: property 'float32 scalex' of element 'camera' is not handled
[0;m[1;33m[pcl::PLYReader] ../Temp/Data/Pot_A/Pot_A_Piece_01_SampledWithNormals.ply:27: property 'float32 scaley' of element 'camera' is not handled
[0;m[1;33m[pcl::PLYReader] ../Temp/Data/Pot_A/Pot_A_Piece_01_SampledWithNormals.ply:28: property 'float32 centerx' of element 'camera' is not handled
[0;m[1;33m[pcl::PLYReader] ../Temp/Data/Pot_A/Pot_A_Piece_01_SampledWithNormals.ply:29: property 'float32 centery' of element 'camera' is not handled
[0;m[1;33m[pcl::PLYReader] ../Temp/Data/Pot_A/Pot_A_Piece_01_SampledWithNormals.ply:32: property 'float32 k1' of element 'camera' is not handled
[0;m[1;33m[pcl::PLYReader] ../Temp/Data/Pot_A/Pot_A_Piece_01_SampledWithNormals.ply:33: property 'float32 k2' of element 'camera' is not handled
[0;m[1;33m[pcl::PLYReader] ../Temp/Data/Pot_A/Pot_A_Piece_01_SampledWithNormals.ply:25: property 'float32 focal' of element 'camera' is not handled
[0;m[1;33m[pcl::PLYReader] ../Temp/Data/Pot_A/Pot_A_Piece_01_SampledWithNormals.ply:26: property 'float32 scalex' of element 'camera' is not handled
[0;m[1;33m[pcl::PLYReader] ../Temp/Data/Pot_A/Pot_A_Piece_01_SampledWithNormals.ply:27: property 'float32 scaley' of element 'camera' is not handled
[0;m[1;33m[pcl::PLYReader] ../Temp/Data/Pot_A/Pot_A_Piece_01_SampledWithNormals.ply:28: property 'float32 centerx' of element 'camera' is not handled
[0;m[1;33m[pcl::PLYReader] ../Temp/Data/Pot_A/Pot_A_Piece_01_SampledWithNormals.ply:29: property 'float32 centery' of element 'camera' is not handled
[0;m[1;33m[pcl::PLYReader] ../Temp/Data/Pot_A/Pot_A_Piece_01_SampledWithNormals.ply:32: property 'float32 k1' of element 'camera' is not handled
[0;m[1;33m[pcl::PLYReader] ../Temp/Data/Pot_A/Pot_A_Piece_01_SampledWithNormals.ply:33: property 'float32 k2' of element 'camera' is not handled
[0;m[1;33m[pcl::PLYReader] ../Temp/Data/Pot_A/Pot_A_Piece_01_SampledWithNormals.ply:25: property 'float32 focal' of element 'camera' is not handled
[0;m[1;33m[pcl::PLYReader] ../Temp/Data/Pot_A/Pot_A_Piece_01_SampledWithNormals.ply:26: property 'float32 scalex' of element 'camera' is not handled
[0;m[1;33m[pcl::PLYReader] ../Temp/Data/Pot_A/Pot_A_Piece_01_SampledWithNormals.ply:27: property 'float32 scaley' of element 'camera' is not handled
[0;m[1;33m[pcl::PLYReader] ../Temp/Data/Pot_A/Pot_A_Piece_01_SampledWithNormals.ply:28: property 'float32 centerx' of element 'camera' is not handled
[0;m[1;33m[pcl::PLYReader] ../Temp/Data/Pot_A/Pot_A_Piece_01_SampledWithNormals.ply:29: property 'float32 centery' of element 'camera' is not handled
[0;m[1;33m[pcl::PLYReader] ../Temp/Data/Pot_A/Pot_A_Piece_01_SampledWithNormals.ply:32: property 'float32 k1' of element 'camera' is not handled
[0;m[1;33m[pcl::PLYReader] ../Temp/Data/Pot_A/Pot_A_Piece_01_SampledWithNormals.ply:33: property 'float32 k2' of element 'camera' is not handled
[0;m[1;33m[pcl::PLYReader] ../Temp/Data/Pot_A/Pot_A_Piece_01_unclustered.ply:25: property 'float32 focal' of element 'camera' is not handled
[0;m[1;33m[pcl::PLYReader] ../Temp/Data/Pot_A/Pot_A_Piece_01_unclustered.ply:26: property 'float32 scalex' of element 'camera' is not handled
[0;m[1;33m[pcl::PLYReader] ../Temp/Data/Pot_A/Pot_A_Piece_01_unclustered.ply:27: property 'float32 scaley' of element 'camera' is not handled
[0;m[1;33m[pcl::PLYReader] ../Temp/Data/Pot_A/Pot_A_Piece_01_unclustered.ply:28: property 'float32 centerx' of element 'camera' is not handled
[0;m[1;33m[pcl::PLYReader] ../Temp/Data/Pot_A/Pot_A_Piece_01_unclustered.ply:29: property 'float32 centery' of element 'camera' is not handled
[0;m[1;33m[pcl::PLYReader] ../Temp/Data/Pot_A/Pot_A_Piece_01_unclustered.ply:32: property 'float32 k1' of element 'camera' is not handled
[0;m[1;33m[pcl::PLYReader] ../Temp/Data/Pot_A/Pot_A_Piece_01_unclustered.ply:33: property 'float32 k2' of element 'camera' is not handled
[0;m[1;33m[pcl::PLYReader] ../Temp/Temp_edge/Pot_A/_breakLineFromConcaveHull.ply:21: property 'float32 focal' of element 'camera' is not handled
[0;m[1;33m[pcl::PLYReader] ../Temp/Temp_edge/Pot_A/_breakLineFromConcaveHull.ply:22: property 'float32 scalex' of element 'camera' is not handled
[0;m[1;33m[pcl::PLYReader] ../Temp/Temp_edge/Pot_A/_breakLineFromConcaveHull.ply:23: property 'float32 scaley' of element 'camera' is not handled
[0;m[1;33m[pcl::PLYReader] ../Temp/Temp_edge/Pot_A/_breakLineFromConcaveHull.ply:24: property 'float32 centerx' of element 'camera' is not handled
[0;m[1;33m[pcl::PLYReader] ../Temp/Temp_edge/Pot_A/_breakLineFromConcaveHull.ply:25: property 'float32 centery' of element 'camera' is not handled
[0;m[1;33m[pcl::PLYReader] ../Temp/Temp_edge/Pot_A/_breakLineFromConcaveHull.ply:28: property 'float32 k1' of element 'camera' is not handled
[0;m[1;33m[pcl::PLYReader] ../Temp/Temp_edge/Pot_A/_breakLineFromConcaveHull.ply:29: property 'float32 k2' of element 'camera' is not handled
[0;m[1;33mFailed to find match for field 'normal_x'.
[0;m[1;33mFailed to find match for field 'normal_y'.
[0;m[1;33mFailed to find match for field 'normal_z'.
[0;m[1;33mFailed to find match for field 'curvature'.
[0;m[1;33m[pcl::PLYReader] ../Temp/Data/Pot_A/Pot_A_Piece_01_SampledWithNormals.ply:25: property 'float32 focal' of element 'camera' is not handled
[0;m[1;33m[pcl::PLYReader] ../Temp/Data/Pot_A/Pot_A_Piece_01_SampledWithNormals.ply:26: property 'float32 scalex' of element 'camera' is not handled
[0;m[1;33m[pcl::PLYReader] ../Temp/Data/Pot_A/Pot_A_Piece_01_SampledWithNormals.ply:27: property 'float32 scaley' of element 'camera' is not handled
[0;m[1;33m[pcl::PLYReader] ../Temp/Data/Pot_A/Pot_A_Piece_01_SampledWithNormals.ply:28: property 'float32 centerx' of element 'camera' is not handled
[0;m[1;33m[pcl::PLYReader] ../Temp/Data/Pot_A/Pot_A_Piece_01_SampledWithNormals.ply:29: property 'float32 centery' of element 'camera' is not handled
[0;m[1;33m[pcl::PLYReader] ../Temp/Data/Pot_A/Pot_A_Piece_01_SampledWithNormals.ply:32: property 'float32 k1' of element 'camera' is not handled
[0;m[1;33m[pcl::PLYReader] ../Temp/Data/Pot_A/Pot_A_Piece_01_SampledWithNormals.ply:33: property 'float32 k2' of element 'camera' is not handled
[0;m[1;33m[pcl::PLYReader] ../Temp/Data/Pot_A/Pot_A_Piece_01_SampledWithNormals.ply:25: property 'float32 focal' of element 'camera' is not handled
[0;m[1;33m[pcl::PLYReader] ../Temp/Data/Pot_A/Pot_A_Piece_01_SampledWithNormals.ply:26: property 'float32 scalex' of element 'camera' is not handled
[0;m[1;33m[pcl::PLYReader] ../Temp/Data/Pot_A/Pot_A_Piece_01_SampledWithNormals.ply:27: property 'float32 scaley' of element 'camera' is not handled
[0;m[1;33m[pcl::PLYReader] ../Temp/Data/Pot_A/Pot_A_Piece_01_SampledWithNormals.ply:28: property 'float32 centerx' of element 'camera' is not handled
[0;m[1;33m[pcl::PLYReader] ../Temp/Data/Pot_A/Pot_A_Piece_01_SampledWithNormals.ply:29: property 'float32 centery' of element 'camera' is not handled
[0;m[1;33m[pcl::PLYReader] ../Temp/Data/Pot_A/Pot_A_Piece_01_SampledWithNormals.ply:32: property 'float32 k1' of element 'camera' is not handled
[0;m[1;33m[pcl::PLYReader] ../Temp/Data/Pot_A/Pot_A_Piece_01_SampledWithNormals.ply:33: property 'float32 k2' of element 'camera' is not handled
[0;m[1;33m[pcl::PLYReader] ../Temp/Data/Pot_A/Pot_A_Piece_01_SampledWithNormals.ply:25: property 'float32 focal' of element 'camera' is not handled
[0;m[1;33m[pcl::PLYReader] ../Temp/Data/Pot_A/Pot_A_Piece_01_SampledWithNormals.ply:26: property 'float32 scalex' of element 'camera' is not handled
[0;m[1;33m[pcl::PLYReader] ../Temp/Data/Pot_A/Pot_A_Piece_01_SampledWithNormals.ply:27: property 'float32 scaley' of element 'camera' is not handled
[0;m[1;33m[pcl::PLYReader] ../Temp/Data/Pot_A/Pot_A_Piece_01_SampledWithNormals.ply:28: property 'float32 centerx' of element 'camera' is not handled
[0;m[1;33m[pcl::PLYReader] ../Temp/Data/Pot_A/Pot_A_Piece_01_SampledWithNormals.ply:29: property 'float32 centery' of element 'camera' is not handled
[0;m[1;33m[pcl::PLYReader] ../Temp/Data/Pot_A/Pot_A_Piece_01_SampledWithNormals.ply:32: property 'float32 k1' of element 'camera' is not handled
[0;m[1;33m[pcl::PLYReader] ../Temp/Data/Pot_A/Pot_A_Piece_01_SampledWithNormals.ply:33: property 'float32 k2' of element 'camera' is not handled
[0;m[1;33m[pcl::PLYReader] ../Temp/Data/Pot_A/Pot_A_Piece_01_SampledWithNormals.ply:25: property 'float32 focal' of element 'camera' is not handled
[0;m[1;33m[pcl::PLYReader] ../Temp/Data/Pot_A/Pot_A_Piece_01_SampledWithNormals.ply:26: property 'float32 scalex' of element 'camera' is not handled
[0;m[1;33m[pcl::PLYReader] ../Temp/Data/Pot_A/Pot_A_Piece_01_SampledWithNormals.ply:27: property 'float32 scaley' of element 'camera' is not handled
[0;m[1;33m[pcl::PLYReader] ../Temp/Data/Pot_A/Pot_A_Piece_01_SampledWithNormals.ply:28: property 'float32 centerx' of element 'camera' is not handled
[0;m[1;33m[pcl::PLYReader] ../Temp/Data/Pot_A/Pot_A_Piece_01_SampledWithNormals.ply:29: property 'float32 centery' of element 'camera' is not handled
[0;m[1;33m[pcl::PLYReader] ../Temp/Data/Pot_A/Pot_A_Piece_01_SampledWithNormals.ply:32: property 'float32 k1' of element 'camera' is not handled
[0;m[1;33m[pcl::PLYReader] ../Temp/Data/Pot_A/Pot_A_Piece_01_SampledWithNormals.ply:33: property 'float32 k2' of element 'camera' is not handled
[0;m[1;33m[pcl::PLYReader] ../Temp/Data/Pot_A/Pot_A_Piece_01_SampledWithNormals.ply:25: property 'float32 focal' of element 'camera' is not handled
[0;m[1;33m[pcl::PLYReader] ../Temp/Data/Pot_A/Pot_A_Piece_01_SampledWithNormals.ply:26: property 'float32 scalex' of element 'camera' is not handled
[0;m[1;33m[pcl::PLYReader] ../Temp/Data/Pot_A/Pot_A_Piece_01_SampledWithNormals.ply:27: property 'float32 scaley' of element 'camera' is not handled
[0;m[1;33m[pcl::PLYReader] ../Temp/Data/Pot_A/Pot_A_Piece_01_SampledWithNormals.ply:28: property 'float32 centerx' of element 'camera' is not handled
[0;m[1;33m[pcl::PLYReader] ../Temp/Data/Pot_A/Pot_A_Piece_01_SampledWithNormals.ply:29: property 'float32 centery' of element 'camera' is not handled
[0;m[1;33m[pcl::PLYReader] ../Temp/Data/Pot_A/Pot_A_Piece_01_SampledWithNormals.ply:32: property 'float32 k1' of element 'camera' is not handled
[0;m[1;33m[pcl::PLYReader] ../Temp/Data/Pot_A/Pot_A_Piece_01_SampledWithNormals.ply:33: property 'float32 k2' of element 'camera' is not handled
[0;m[1;33m[pcl::PLYReader] ../Temp/Data/Pot_A/Pot_A_Piece_01_SampledWithNormals.ply:25: property 'float32 focal' of element 'camera' is not handled
[0;m[1;33m[pcl::PLYReader] ../Temp/Data/Pot_A/Pot_A_Piece_01_SampledWithNormals.ply:26: property 'float32 scalex' of element 'camera' is not handled
[0;m[1;33m[pcl::PLYReader] ../Temp/Data/Pot_A/Pot_A_Piece_01_SampledWithNormals.ply:27: property 'float32 scaley' of element 'camera' is not handled
[0;m[1;33m[pcl::PLYReader] ../Temp/Data/Pot_A/Pot_A_Piece_01_SampledWithNormals.ply:28: property 'float32 centerx' of element 'camera' is not handled
[0;m[1;33m[pcl::PLYReader] ../Temp/Data/Pot_A/Pot_A_Piece_01_SampledWithNormals.ply:29: property 'float32 centery' of element 'camera' is not handled
[0;m[1;33m[pcl::PLYReader] ../Temp/Data/Pot_A/Pot_A_Piece_01_SampledWithNormals.ply:32: property 'float32 k1' of element 'camera' is not handled
[0;m[1;33m[pcl::PLYReader] ../Temp/Data/Pot_A/Pot_A_Piece_01_SampledWithNormals.ply:33: property 'float32 k2' of element 'camera' is not handled
[0;m[1;33m[pcl::PLYReader] ../Temp/Data/Pot_A/Pot_A_Piece_01_SampledWithNormals.ply:25: property 'float32 focal' of element 'camera' is not handled
[0;m[1;33m[pcl::PLYReader] ../Temp/Data/Pot_A/Pot_A_Piece_01_SampledWithNormals.ply:26: property 'float32 scalex' of element 'camera' is not handled
[0;m[1;33m[pcl::PLYReader] ../Temp/Data/Pot_A/Pot_A_Piece_01_SampledWithNormals.ply:27: property 'float32 scaley' of element 'camera' is not handled
[0;m[1;33m[pcl::PLYReader] ../Temp/Data/Pot_A/Pot_A_Piece_01_SampledWithNormals.ply:28: property 'float32 centerx' of element 'camera' is not handled
[0;m[1;33m[pcl::PLYReader] ../Temp/Data/Pot_A/Pot_A_Piece_01_SampledWithNormals.ply:29: property 'float32 centery' of element 'camera' is not handled
[0;m[1;33m[pcl::PLYReader] ../Temp/Data/Pot_A/Pot_A_Piece_01_SampledWithNormals.ply:32: property 'float32 k1' of element 'camera' is not handled
[0;m[1;33m[pcl::PLYReader] ../Temp/Data/Pot_A/Pot_A_Piece_01_SampledWithNormals.ply:33: property 'float32 k2' of element 'camera' is not handled
[0;m[1;33m[pcl::PLYReader] ../Temp/Data/Pot_A/Pot_A_Piece_01_SampledWithNormals.ply:25: property 'float32 focal' of element 'camera' is not handled
[0;m[1;33m[pcl::PLYReader] ../Temp/Data/Pot_A/Pot_A_Piece_01_SampledWithNormals.ply:26: property 'float32 scalex' of element 'camera' is not handled
[0;m[1;33m[pcl::PLYReader] ../Temp/Data/Pot_A/Pot_A_Piece_01_SampledWithNormals.ply:27: property 'float32 scaley' of element 'camera' is not handled
[0;m[1;33m[pcl::PLYReader] ../Temp/Data/Pot_A/Pot_A_Piece_01_SampledWithNormals.ply:28: property 'float32 centerx' of element 'camera' is not handled
[0;m[1;33m[pcl::PLYReader] ../Temp/Data/Pot_A/Pot_A_Piece_01_SampledWithNormals.ply:29: property 'float32 centery' of element 'camera' is not handled
[0;m[1;33m[pcl::PLYReader] ../Temp/Data/Pot_A/Pot_A_Piece_01_SampledWithNormals.ply:32: property 'float32 k1' of element 'camera' is not handled
[0;m[1;33m[pcl::PLYReader] ../Temp/Data/Pot_A/Pot_A_Piece_01_SampledWithNormals.ply:33: property 'float32 k2' of element 'camera' is not handled
[0;m[1;33m[pcl::PLYReader] ../Temp/Data/Pot_A/Pot_A_Piece_01_SampledWithNormals.ply:25: property 'float32 focal' of element 'camera' is not handled
[0;m[1;33m[pcl::PLYReader] ../Temp/Data/Pot_A/Pot_A_Piece_01_SampledWithNormals.ply:26: property 'float32 scalex' of element 'camera' is not handled
[0;m[1;33m[pcl::PLYReader] ../Temp/Data/Pot_A/Pot_A_Piece_01_SampledWithNormals.ply:27: property 'float32 scaley' of element 'camera' is not handled
[0;m[1;33m[pcl::PLYReader] ../Temp/Data/Pot_A/Pot_A_Piece_01_SampledWithNormals.ply:28: property 'float32 centerx' of element 'camera' is not handled
[0;m[1;33m[pcl::PLYReader] ../Temp/Data/Pot_A/Pot_A_Piece_01_SampledWithNormals.ply:29: property 'float32 centery' of element 'camera' is not handled
[0;m[1;33m[pcl::PLYReader] ../Temp/Data/Pot_A/Pot_A_Piece_01_SampledWithNormals.ply:32: property 'float32 k1' of element 'camera' is not handled
[0;m[1;33m[pcl::PLYReader] ../Temp/Data/Pot_A/Pot_A_Piece_01_SampledWithNormals.ply:33: property 'float32 k2' of element 'camera' is not handled
[0;m[1;33m[pcl::PLYReader] ../Temp/Data/Pot_A/Pot_A_Piece_01_SampledWithNormals.ply:25: property 'float32 focal' of element 'camera' is not handled
[0;m[1;33m[pcl::PLYReader] ../Temp/Data/Pot_A/Pot_A_Piece_01_SampledWithNormals.ply:26: property 'float32 scalex' of element 'camera' is not handled
[0;m[1;33m[pcl::PLYReader] ../Temp/Data/Pot_A/Pot_A_Piece_01_SampledWithNormals.ply:27: property 'float32 scaley' of element 'camera' is not handled
[0;m[1;33m[pcl::PLYReader] ../Temp/Data/Pot_A/Pot_A_Piece_01_SampledWithNormals.ply:28: property 'float32 centerx' of element 'camera' is not handled
[0;m[1;33m[pcl::PLYReader] ../Temp/Data/Pot_A/Pot_A_Piece_01_SampledWithNormals.ply:29: property 'float32 centery' of element 'camera' is not handled
[0;m[1;33m[pcl::PLYReader] ../Temp/Data/Pot_A/Pot_A_Piece_01_SampledWithNormals.ply:32: property 'float32 k1' of element 'camera' is not handled
[0;m[1;33m[pcl::PLYReader] ../Temp/Data/Pot_A/Pot_A_Piece_01_SampledWithNormals.ply:33: property 'float32 k2' of element 'camera' is not handled
[0;m[1;33m[pcl::PLYReader] ../Temp/Data/Pot_A/Pot_A_Piece_02_unclustered.ply:25: property 'float32 focal' of element 'camera' is not handled
[0;m[1;33m[pcl::PLYReader] ../Temp/Data/Pot_A/Pot_A_Piece_02_unclustered.ply:26: property 'float32 scalex' of element 'camera' is not handled
[0;m[1;33m[pcl::PLYReader] ../Temp/Data/Pot_A/Pot_A_Piece_02_unclustered.ply:27: property 'float32 scaley' of element 'camera' is not handled
[0;m[1;33m[pcl::PLYReader] ../Temp/Data/Pot_A/Pot_A_Piece_02_unclustered.ply:28: property 'float32 centerx' of element 'camera' is not handled
[0;m[1;33m[pcl::PLYReader] ../Temp/Data/Pot_A/Pot_A_Piece_02_unclustered.ply:29: property 'float32 centery' of element 'camera' is not handled
[0;m[1;33m[pcl::PLYReader] ../Temp/Data/Pot_A/Pot_A_Piece_02_unclustered.ply:32: property 'float32 k1' of element 'camera' is not handled
[0;m[1;33m[pcl::PLYReader] ../Temp/Data/Pot_A/Pot_A_Piece_02_unclustered.ply:33: property 'float32 k2' of element 'camera' is not handled
[0;m[1;33m[pcl::PLYReader] ../Temp/Temp_edge/Pot_A/_breakLineFromConcaveHull.ply:21: property 'float32 focal' of element 'camera' is not handled
[0;m[1;33m[pcl::PLYReader] ../Temp/Temp_edge/Pot_A/_breakLineFromConcaveHull.ply:22: property 'float32 scalex' of element 'camera' is not handled
[0;m[1;33m[pcl::PLYReader] ../Temp/Temp_edge/Pot_A/_breakLineFromConcaveHull.ply:23: property 'float32 scaley' of element 'camera' is not handled
[0;m[1;33m[pcl::PLYReader] ../Temp/Temp_edge/Pot_A/_breakLineFromConcaveHull.ply:24: property 'float32 centerx' of element 'camera' is not handled
[0;m[1;33m[pcl::PLYReader] ../Temp/Temp_edge/Pot_A/_breakLineFromConcaveHull.ply:25: property 'float32 centery' of element 'camera' is not handled
[0;m[1;33m[pcl::PLYReader] ../Temp/Temp_edge/Pot_A/_breakLineFromConcaveHull.ply:28: property 'float32 k1' of element 'camera' is not handled
[0;m[1;33m[pcl::PLYReader] ../Temp/Temp_edge/Pot_A/_breakLineFromConcaveHull.ply:29: property 'float32 k2' of element 'camera' is not handled
[0;m[1;33mFailed to find match for field 'normal_x'.
[0;m[1;33mFailed to find match for field 'normal_y'.
[0;m[1;33mFailed to find match for field 'normal_z'.
[0;m[1;33mFailed to find match for field 'curvature'.
[0;m[1;33m[pcl::PLYReader] ../Temp/Data/Pot_A/Pot_A_Piece_02_SampledWithNormals.ply:25: property 'float32 focal' of element 'camera' is not handled
[0;m[1;33m[pcl::PLYReader] ../Temp/Data/Pot_A/Pot_A_Piece_02_SampledWithNormals.ply:26: property 'float32 scalex' of element 'camera' is not handled
[0;m[1;33m[pcl::PLYReader] ../Temp/Data/Pot_A/Pot_A_Piece_02_SampledWithNormals.ply:27: property 'float32 scaley' of element 'camera' is not handled
[0;m[1;33m[pcl::PLYReader] ../Temp/Data/Pot_A/Pot_A_Piece_02_SampledWithNormals.ply:28: property 'float32 centerx' of element 'camera' is not handled
[0;m[1;33m[pcl::PLYReader] ../Temp/Data/Pot_A/Pot_A_Piece_02_SampledWithNormals.ply:29: property 'float32 centery' of element 'camera' is not handled
[0;m[1;33m[pcl::PLYReader] ../Temp/Data/Pot_A/Pot_A_Piece_02_SampledWithNormals.ply:32: property 'float32 k1' of element 'camera' is not handled
[0;m[1;33m[pcl::PLYReader] ../Temp/Data/Pot_A/Pot_A_Piece_02_SampledWithNormals.ply:33: property 'float32 k2' of element 'camera' is not handled
[0;m[1;33m[pcl::PLYReader] ../Temp/Data/Pot_A/Pot_A_Piece_02_SampledWithNormals.ply:25: property 'float32 focal' of element 'camera' is not handled
[0;m[1;33m[pcl::PLYReader] ../Temp/Data/Pot_A/Pot_A_Piece_02_SampledWithNormals.ply:26: property 'float32 scalex' of element 'camera' is not handled
[0;m[1;33m[pcl::PLYReader] ../Temp/Data/Pot_A/Pot_A_Piece_02_SampledWithNormals.ply:27: property 'float32 scaley' of element 'camera' is not handled
[0;m[1;33m[pcl::PLYReader] ../Temp/Data/Pot_A/Pot_A_Piece_02_SampledWithNormals.ply:28: property 'float32 centerx' of element 'camera' is not handled
[0;m[1;33m[pcl::PLYReader] ../Temp/Data/Pot_A/Pot_A_Piece_02_SampledWithNormals.ply:29: property 'float32 centery' of element 'camera' is not handled
[0;m[1;33m[pcl::PLYReader] ../Temp/Data/Pot_A/Pot_A_Piece_02_SampledWithNormals.ply:32: property 'float32 k1' of element 'camera' is not handled
[0;m[1;33m[pcl::PLYReader] ../Temp/Data/Pot_A/Pot_A_Piece_02_SampledWithNormals.ply:33: property 'float32 k2' of element 'camera' is not handled
[0;m[1;33m[pcl::PLYReader] ../Temp/Data/Pot_A/Pot_A_Piece_02_SampledWithNormals.ply:25: property 'float32 focal' of element 'camera' is not handled
[0;m[1;33m[pcl::PLYReader] ../Temp/Data/Pot_A/Pot_A_Piece_02_SampledWithNormals.ply:26: property 'float32 scalex' of element 'camera' is not handled
[0;m[1;33m[pcl::PLYReader] ../Temp/Data/Pot_A/Pot_A_Piece_02_SampledWithNormals.ply:27: property 'float32 scaley' of element 'camera' is not handled
[0;m[1;33m[pcl::PLYReader] ../Temp/Data/Pot_A/Pot_A_Piece_02_SampledWithNormals.ply:28: property 'float32 centerx' of element 'camera' is not handled
[0;m[1;33m[pcl::PLYReader] ../Temp/Data/Pot_A/Pot_A_Piece_02_SampledWithNormals.ply:29: property 'float32 centery' of element 'camera' is not handled
[0;m[1;33m[pcl::PLYReader] ../Temp/Data/Pot_A/Pot_A_Piece_02_SampledWithNormals.ply:32: property 'float32 k1' of element 'camera' is not handled
[0;m[1;33m[pcl::PLYReader] ../Temp/Data/Pot_A/Pot_A_Piece_02_SampledWithNormals.ply:33: property 'float32 k2' of element 'camera' is not handled
[0;m[1;33m[pcl::PLYReader] ../Temp/Data/Pot_A/Pot_A_Piece_02_SampledWithNormals.ply:25: property 'float32 focal' of element 'camera' is not handled
[0;m[1;33m[pcl::PLYReader] ../Temp/Data/Pot_A/Pot_A_Piece_02_SampledWithNormals.ply:26: property 'float32 scalex' of element 'camera' is not handled
[0;m[1;33m[pcl::PLYReader] ../Temp/Data/Pot_A/Pot_A_Piece_02_SampledWithNormals.ply:27: property 'float32 scaley' of element 'camera' is not handled
[0;m[1;33m[pcl::PLYReader] ../Temp/Data/Pot_A/Pot_A_Piece_02_SampledWithNormals.ply:28: property 'float32 centerx' of element 'camera' is not handled
[0;m[1;33m[pcl::PLYReader] ../Temp/Data/Pot_A/Pot_A_Piece_02_SampledWithNormals.ply:29: property 'float32 centery' of element 'camera' is not handled
[0;m[1;33m[pcl::PLYReader] ../Temp/Data/Pot_A/Pot_A_Piece_02_SampledWithNormals.ply:32: property 'float32 k1' of element 'camera' is not handled
[0;m[1;33m[pcl::PLYReader] ../Temp/Data/Pot_A/Pot_A_Piece_02_SampledWithNormals.ply:33: property 'float32 k2' of element 'camera' is not handled
[0;m[1;33m[pcl::PLYReader] ../Temp/Data/Pot_A/Pot_A_Piece_02_SampledWithNormals.ply:25: property 'float32 focal' of element 'camera' is not handled
[0;m[1;33m[pcl::PLYReader] ../Temp/Data/Pot_A/Pot_A_Piece_02_SampledWithNormals.ply:26: property 'float32 scalex' of element 'camera' is not handled
[0;m[1;33m[pcl::PLYReader] ../Temp/Data/Pot_A/Pot_A_Piece_02_SampledWithNormals.ply:27: property 'float32 scaley' of element 'camera' is not handled
[0;m[1;33m[pcl::PLYReader] ../Temp/Data/Pot_A/Pot_A_Piece_02_SampledWithNormals.ply:28: property 'float32 centerx' of element 'camera' is not handled
[0;m[1;33m[pcl::PLYReader] ../Temp/Data/Pot_A/Pot_A_Piece_02_SampledWithNormals.ply:29: property 'float32 centery' of element 'camera' is not handled
[0;m[1;33m[pcl::PLYReader] ../Temp/Data/Pot_A/Pot_A_Piece_02_SampledWithNormals.ply:32: property 'float32 k1' of element 'camera' is not handled
[0;m[1;33m[pcl::PLYReader] ../Temp/Data/Pot_A/Pot_A_Piece_02_SampledWithNormals.ply:33: property 'float32 k2' of element 'camera' is not handled
[0;m[1;33m[pcl::PLYReader] ../Temp/Data/Pot_A/Pot_A_Piece_02_SampledWithNormals.ply:25: property 'float32 focal' of element 'camera' is not handled
[0;m[1;33m[pcl::PLYReader] ../Temp/Data/Pot_A/Pot_A_Piece_02_SampledWithNormals.ply:26: property 'float32 scalex' of element 'camera' is not handled
[0;m[1;33m[pcl::PLYReader] ../Temp/Data/Pot_A/Pot_A_Piece_02_SampledWithNormals.ply:27: property 'float32 scaley' of element 'camera' is not handled
[0;m[1;33m[pcl::PLYReader] ../Temp/Data/Pot_A/Pot_A_Piece_02_SampledWithNormals.ply:28: property 'float32 centerx' of element 'camera' is not handled
[0;m[1;33m[pcl::PLYReader] ../Temp/Data/Pot_A/Pot_A_Piece_02_SampledWithNormals.ply:29: property 'float32 centery' of element 'camera' is not handled
[0;m[1;33m[pcl::PLYReader] ../Temp/Data/Pot_A/Pot_A_Piece_02_SampledWithNormals.ply:32: property 'float32 k1' of element 'camera' is not handled
[0;m[1;33m[pcl::PLYReader] ../Temp/Data/Pot_A/Pot_A_Piece_02_SampledWithNormals.ply:33: property 'float32 k2' of element 'camera' is not handled
[0;m[1;33m[pcl::PLYReader] ../Temp/Data/Pot_A/Pot_A_Piece_02_unclustered.ply:25: property 'float32 focal' of element 'camera' is not handled
[0;m[1;33m[pcl::PLYReader] ../Temp/Data/Pot_A/Pot_A_Piece_02_unclustered.ply:26: property 'float32 scalex' of element 'camera' is not handled
[0;m[1;33m[pcl::PLYReader] ../Temp/Data/Pot_A/Pot_A_Piece_02_unclustered.ply:27: property 'float32 scaley' of element 'camera' is not handled
[0;m[1;33m[pcl::PLYReader] ../Temp/Data/Pot_A/Pot_A_Piece_02_unclustered.ply:28: property 'float32 centerx' of element 'camera' is not handled
[0;m[1;33m[pcl::PLYReader] ../Temp/Data/Pot_A/Pot_A_Piece_02_unclustered.ply:29: property 'float32 centery' of element 'camera' is not handled
[0;m[1;33m[pcl::PLYReader] ../Temp/Data/Pot_A/Pot_A_Piece_02_unclustered.ply:32: property 'float32 k1' of element 'camera' is not handled
[0;m[1;33m[pcl::PLYReader] ../Temp/Data/Pot_A/Pot_A_Piece_02_unclustered.ply:33: property 'float32 k2' of element 'camera' is not handled
[0;m[1;33m[pcl::PLYReader] ../Temp/Temp_edge/Pot_A/_breakLineFromConcaveHull.ply:21: property 'float32 focal' of element 'camera' is not handled
[0;m[1;33m[pcl::PLYReader] ../Temp/Temp_edge/Pot_A/_breakLineFromConcaveHull.ply:22: property 'float32 scalex' of element 'camera' is not handled
[0;m[1;33m[pcl::PLYReader] ../Temp/Temp_edge/Pot_A/_breakLineFromConcaveHull.ply:23: property 'float32 scaley' of element 'camera' is not handled
[0;m[1;33m[pcl::PLYReader] ../Temp/Temp_edge/Pot_A/_breakLineFromConcaveHull.ply:24: property 'float32 centerx' of element 'camera' is not handled
[0;m[1;33m[pcl::PLYReader] ../Temp/Temp_edge/Pot_A/_breakLineFromConcaveHull.ply:25: property 'float32 centery' of element 'camera' is not handled
[0;m[1;33m[pcl::PLYReader] ../Temp/Temp_edge/Pot_A/_breakLineFromConcaveHull.ply:28: property 'float32 k1' of element 'camera' is not handled
[0;m[1;33m[pcl::PLYReader] ../Temp/Temp_edge/Pot_A/_breakLineFromConcaveHull.ply:29: property 'float32 k2' of element 'camera' is not handled
[0;m[1;33mFailed to find match for field 'normal_x'.
[0;m[1;33mFailed to find match for field 'normal_y'.
[0;m[1;33mFailed to find match for field 'normal_z'.
[0;m[1;33mFailed to find match for field 'curvature'.
[0;m[1;33m[pcl::PLYReader] ../Temp/Data/Pot_A/Pot_A_Piece_02_SampledWithNormals.ply:25: property 'float32 focal' of element 'camera' is not handled
[0;m[1;33m[pcl::PLYReader] ../Temp/Data/Pot_A/Pot_A_Piece_02_SampledWithNormals.ply:26: property 'float32 scalex' of element 'camera' is not handled
[0;m[1;33m[pcl::PLYReader] ../Temp/Data/Pot_A/Pot_A_Piece_02_SampledWithNormals.ply:27: property 'float32 scaley' of element 'camera' is not handled
[0;m[1;33m[pcl::PLYReader] ../Temp/Data/Pot_A/Pot_A_Piece_02_SampledWithNormals.ply:28: property 'float32 centerx' of element 'camera' is not handled
[0;m[1;33m[pcl::PLYReader] ../Temp/Data/Pot_A/Pot_A_Piece_02_SampledWithNormals.ply:29: property 'float32 centery' of element 'camera' is not handled
[0;m[1;33m[pcl::PLYReader] ../Temp/Data/Pot_A/Pot_A_Piece_02_SampledWithNormals.ply:32: property 'float32 k1' of element 'camera' is not handled
[0;m[1;33m[pcl::PLYReader] ../Temp/Data/Pot_A/Pot_A_Piece_02_SampledWithNormals.ply:33: property 'float32 k2' of element 'camera' is not handled
[0;m[1;33m[pcl::PLYReader] ../Temp/Data/Pot_A/Pot_A_Piece_02_SampledWithNormals.ply:25: property 'float32 focal' of element 'camera' is not handled
[0;m[1;33m[pcl::PLYReader] ../Temp/Data/Pot_A/Pot_A_Piece_02_SampledWithNormals.ply:26: property 'float32 scalex' of element 'camera' is not handled
[0;m[1;33m[pcl::PLYReader] ../Temp/Data/Pot_A/Pot_A_Piece_02_SampledWithNormals.ply:27: property 'float32 scaley' of element 'camera' is not handled
[0;m[1;33m[pcl::PLYReader] ../Temp/Data/Pot_A/Pot_A_Piece_02_SampledWithNormals.ply:28: property 'float32 centerx' of element 'camera' is not handled
[0;m[1;33m[pcl::PLYReader] ../Temp/Data/Pot_A/Pot_A_Piece_02_SampledWithNormals.ply:29: property 'float32 centery' of element 'camera' is not handled
[0;m[1;33m[pcl::PLYReader] ../Temp/Data/Pot_A/Pot_A_Piece_02_SampledWithNormals.ply:32: property 'float32 k1' of element 'camera' is not handled
[0;m[1;33m[pcl::PLYReader] ../Temp/Data/Pot_A/Pot_A_Piece_02_SampledWithNormals.ply:33: property 'float32 k2' of element 'camera' is not handled
[0;m[1;33m[pcl::PLYReader] ../Temp/Data/Pot_A/Pot_A_Piece_02_SampledWithNormals.ply:25: property 'float32 focal' of element 'camera' is not handled
[0;m[1;33m[pcl::PLYReader] ../Temp/Data/Pot_A/Pot_A_Piece_02_SampledWithNormals.ply:26: property 'float32 scalex' of element 'camera' is not handled
[0;m[1;33m[pcl::PLYReader] ../Temp/Data/Pot_A/Pot_A_Piece_02_SampledWithNormals.ply:27: property 'float32 scaley' of element 'camera' is not handled
[0;m[1;33m[pcl::PLYReader] ../Temp/Data/Pot_A/Pot_A_Piece_02_SampledWithNormals.ply:28: property 'float32 centerx' of element 'camera' is not handled
[0;m[1;33m[pcl::PLYReader] ../Temp/Data/Pot_A/Pot_A_Piece_02_SampledWithNormals.ply:29: property 'float32 centery' of element 'camera' is not handled
[0;m[1;33m[pcl::PLYReader] ../Temp/Data/Pot_A/Pot_A_Piece_02_SampledWithNormals.ply:32: property 'float32 k1' of element 'camera' is not handled
[0;m[1;33m[pcl::PLYReader] ../Temp/Data/Pot_A/Pot_A_Piece_02_SampledWithNormals.ply:33: property 'float32 k2' of element 'camera' is not handled
[0;m[1;33m[pcl::PLYReader] ../Temp/Data/Pot_A/Pot_A_Piece_02_SampledWithNormals.ply:25: property 'float32 focal' of element 'camera' is not handled
[0;m[1;33m[pcl::PLYReader] ../Temp/Data/Pot_A/Pot_A_Piece_02_SampledWithNormals.ply:26: property 'float32 scalex' of element 'camera' is not handled
[0;m[1;33m[pcl::PLYReader] ../Temp/Data/Pot_A/Pot_A_Piece_02_SampledWithNormals.ply:27: property 'float32 scaley' of element 'camera' is not handled
[0;m[1;33m[pcl::PLYReader] ../Temp/Data/Pot_A/Pot_A_Piece_02_SampledWithNormals.ply:28: property 'float32 centerx' of element 'camera' is not handled
[0;m[1;33m[pcl::PLYReader] ../Temp/Data/Pot_A/Pot_A_Piece_02_SampledWithNormals.ply:29: property 'float32 centery' of element 'camera' is not handled
[0;m[1;33m[pcl::PLYReader] ../Temp/Data/Pot_A/Pot_A_Piece_02_SampledWithNormals.ply:32: property 'float32 k1' of element 'camera' is not handled
[0;m[1;33m[pcl::PLYReader] ../Temp/Data/Pot_A/Pot_A_Piece_02_SampledWithNormals.ply:33: property 'float32 k2' of element 'camera' is not handled
[0;m[1;33m[pcl::PLYReader] ../Temp/Data/Pot_A/Pot_A_Piece_02_SampledWithNormals.ply:25: property 'float32 focal' of element 'camera' is not handled
[0;m[1;33m[pcl::PLYReader] ../Temp/Data/Pot_A/Pot_A_Piece_02_SampledWithNormals.ply:26: property 'float32 scalex' of element 'camera' is not handled
[0;m[1;33m[pcl::PLYReader] ../Temp/Data/Pot_A/Pot_A_Piece_02_SampledWithNormals.ply:27: property 'float32 scaley' of element 'camera' is not handled
[0;m[1;33m[pcl::PLYReader] ../Temp/Data/Pot_A/Pot_A_Piece_02_SampledWithNormals.ply:28: property 'float32 centerx' of element 'camera' is not handled
[0;m[1;33m[pcl::PLYReader] ../Temp/Data/Pot_A/Pot_A_Piece_02_SampledWithNormals.ply:29: property 'float32 centery' of element 'camera' is not handled
[0;m[1;33m[pcl::PLYReader] ../Temp/Data/Pot_A/Pot_A_Piece_02_SampledWithNormals.ply:32: property 'float32 k1' of element 'camera' is not handled
[0;m[1;33m[pcl::PLYReader] ../Temp/Data/Pot_A/Pot_A_Piece_02_SampledWithNormals.ply:33: property 'float32 k2' of element 'camera' is not handled
[0;m[1;33m[pcl::PLYReader] ../Temp/Data/Pot_A/Pot_A_Piece_02_SampledWithNormals.ply:25: property 'float32 focal' of element 'camera' is not handled
[0;m[1;33m[pcl::PLYReader] ../Temp/Data/Pot_A/Pot_A_Piece_02_SampledWithNormals.ply:26: property 'float32 scalex' of element 'camera' is not handled
[0;m[1;33m[pcl::PLYReader] ../Temp/Data/Pot_A/Pot_A_Piece_02_SampledWithNormals.ply:27: property 'float32 scaley' of element 'camera' is not handled
[0;m[1;33m[pcl::PLYReader] ../Temp/Data/Pot_A/Pot_A_Piece_02_SampledWithNormals.ply:28: property 'float32 centerx' of element 'camera' is not handled
[0;m[1;33m[pcl::PLYReader] ../Temp/Data/Pot_A/Pot_A_Piece_02_SampledWithNormals.ply:29: property 'float32 centery' of element 'camera' is not handled
[0;m[1;33m[pcl::PLYReader] ../Temp/Data/Pot_A/Pot_A_Piece_02_SampledWithNormals.ply:32: property 'float32 k1' of element 'camera' is not handled
[0;m[1;33m[pcl::PLYReader] ../Temp/Data/Pot_A/Pot_A_Piece_02_SampledWithNormals.ply:33: property 'float32 k2' of element 'camera' is not handled
[0;m[1;33m[pcl::PLYReader] ../Temp/Data/Pot_A/Pot_A_Piece_02_unclustered.ply:25: property 'float32 focal' of element 'camera' is not handled
[0;m[1;33m[pcl::PLYReader] ../Temp/Data/Pot_A/Pot_A_Piece_02_unclustered.ply:26: property 'float32 scalex' of element 'camera' is not handled
[0;m[1;33m[pcl::PLYReader] ../Temp/Data/Pot_A/Pot_A_Piece_02_unclustered.ply:27: property 'float32 scaley' of element 'camera' is not handled
[0;m[1;33m[pcl::PLYReader] ../Temp/Data/Pot_A/Pot_A_Piece_02_unclustered.ply:28: property 'float32 centerx' of element 'camera' is not handled
[0;m[1;33m[pcl::PLYReader] ../Temp/Data/Pot_A/Pot_A_Piece_02_unclustered.ply:29: property 'float32 centery' of element 'camera' is not handled
[0;m[1;33m[pcl::PLYReader] ../Temp/Data/Pot_A/Pot_A_Piece_02_unclustered.ply:32: property 'float32 k1' of element 'camera' is not handled
[0;m[1;33m[pcl::PLYReader] ../Temp/Data/Pot_A/Pot_A_Piece_02_unclustered.ply:33: property 'float32 k2' of element 'camera' is not handled
[0;m[1;33m[pcl::PLYReader] ../Temp/Temp_edge/Pot_A/_breakLineFromConcaveHull.ply:21: property 'float32 focal' of element 'camera' is not handled
[0;m[1;33m[pcl::PLYReader] ../Temp/Temp_edge/Pot_A/_breakLineFromConcaveHull.ply:22: property 'float32 scalex' of element 'camera' is not handled
[0;m[1;33m[pcl::PLYReader] ../Temp/Temp_edge/Pot_A/_breakLineFromConcaveHull.ply:23: property 'float32 scaley' of element 'camera' is not handled
[0;m[1;33m[pcl::PLYReader] ../Temp/Temp_edge/Pot_A/_breakLineFromConcaveHull.ply:24: property 'float32 centerx' of element 'camera' is not handled
[0;m[1;33m[pcl::PLYReader] ../Temp/Temp_edge/Pot_A/_breakLineFromConcaveHull.ply:25: property 'float32 centery' of element 'camera' is not handled
[0;m[1;33m[pcl::PLYReader] ../Temp/Temp_edge/Pot_A/_breakLineFromConcaveHull.ply:28: property 'float32 k1' of element 'camera' is not handled
[0;m[1;33m[pcl::PLYReader] ../Temp/Temp_edge/Pot_A/_breakLineFromConcaveHull.ply:29: property 'float32 k2' of element 'camera' is not handled
[0;m[1;33mFailed to find match for field 'normal_x'.
[0;m[1;33mFailed to find match for field 'normal_y'.
[0;m[1;33mFailed to find match for field 'normal_z'.
[0;m[1;33mFailed to find match for field 'curvature'.
[0;m[1;33m[pcl::PLYReader] ../Temp/Data/Pot_A/Pot_A_Piece_02_SampledWithNormals.ply:25: property 'float32 focal' of element 'camera' is not handled
[0;m[1;33m[pcl::PLYReader] ../Temp/Data/Pot_A/Pot_A_Piece_02_SampledWithNormals.ply:26: property 'float32 scalex' of element 'camera' is not handled
[0;m[1;33m[pcl::PLYReader] ../Temp/Data/Pot_A/Pot_A_Piece_02_SampledWithNormals.ply:27: property 'float32 scaley' of element 'camera' is not handled
[0;m[1;33m[pcl::PLYReader] ../Temp/Data/Pot_A/Pot_A_Piece_02_SampledWithNormals.ply:28: property 'float32 centerx' of element 'camera' is not handled
[0;m[1;33m[pcl::PLYReader] ../Temp/Data/Pot_A/Pot_A_Piece_02_SampledWithNormals.ply:29: property 'float32 centery' of element 'camera' is not handled
[0;m[1;33m[pcl::PLYReader] ../Temp/Data/Pot_A/Pot_A_Piece_02_SampledWithNormals.ply:32: property 'float32 k1' of element 'camera' is not handled
[0;m[1;33m[pcl::PLYReader] ../Temp/Data/Pot_A/Pot_A_Piece_02_SampledWithNormals.ply:33: property 'float32 k2' of element 'camera' is not handled
[0;m[1;33m[pcl::PLYReader] ../Temp/Data/Pot_A/Pot_A_Piece_02_SampledWithNormals.ply:25: property 'float32 focal' of element 'camera' is not handled
[0;m[1;33m[pcl::PLYReader] ../Temp/Data/Pot_A/Pot_A_Piece_02_SampledWithNormals.ply:26: property 'float32 scalex' of element 'camera' is not handled
[0;m[1;33m[pcl::PLYReader] ../Temp/Data/Pot_A/Pot_A_Piece_02_SampledWithNormals.ply:27: property 'float32 scaley' of element 'camera' is not handled
[0;m[1;33m[pcl::PLYReader] ../Temp/Data/Pot_A/Pot_A_Piece_02_SampledWithNormals.ply:28: property 'float32 centerx' of element 'camera' is not handled
[0;m[1;33m[pcl::PLYReader] ../Temp/Data/Pot_A/Pot_A_Piece_02_SampledWithNormals.ply:29: property 'float32 centery' of element 'camera' is not handled
[0;m[1;33m[pcl::PLYReader] ../Temp/Data/Pot_A/Pot_A_Piece_02_SampledWithNormals.ply:32: property 'float32 k1' of element 'camera' is not handled
[0;m[1;33m[pcl::PLYReader] ../Temp/Data/Pot_A/Pot_A_Piece_02_SampledWithNormals.ply:33: property 'float32 k2' of element 'camera' is not handled
[0;m[1;33m[pcl::PLYReader] ../Temp/Data/Pot_A/Pot_A_Piece_02_SampledWithNormals.ply:25: property 'float32 focal' of element 'camera' is not handled
[0;m[1;33m[pcl::PLYReader] ../Temp/Data/Pot_A/Pot_A_Piece_02_SampledWithNormals.ply:26: property 'float32 scalex' of element 'camera' is not handled
[0;m[1;33m[pcl::PLYReader] ../Temp/Data/Pot_A/Pot_A_Piece_02_SampledWithNormals.ply:27: property 'float32 scaley' of element 'camera' is not handled
[0;m[1;33m[pcl::PLYReader] ../Temp/Data/Pot_A/Pot_A_Piece_02_SampledWithNormals.ply:28: property 'float32 centerx' of element 'camera' is not handled
[0;m[1;33m[pcl::PLYReader] ../Temp/Data/Pot_A/Pot_A_Piece_02_SampledWithNormals.ply:29: property 'float32 centery' of element 'camera' is not handled
[0;m[1;33m[pcl::PLYReader] ../Temp/Data/Pot_A/Pot_A_Piece_02_SampledWithNormals.ply:32: property 'float32 k1' of element 'camera' is not handled
[0;m[1;33m[pcl::PLYReader] ../Temp/Data/Pot_A/Pot_A_Piece_02_SampledWithNormals.ply:33: property 'float32 k2' of element 'camera' is not handled
[0;m[1;33m[pcl::PLYReader] ../Temp/Data/Pot_A/Pot_A_Piece_02_SampledWithNormals.ply:25: property 'float32 focal' of element 'camera' is not handled
[0;m[1;33m[pcl::PLYReader] ../Temp/Data/Pot_A/Pot_A_Piece_02_SampledWithNormals.ply:26: property 'float32 scalex' of element 'camera' is not handled
[0;m[1;33m[pcl::PLYReader] ../Temp/Data/Pot_A/Pot_A_Piece_02_SampledWithNormals.ply:27: property 'float32 scaley' of element 'camera' is not handled
[0;m[1;33m[pcl::PLYReader] ../Temp/Data/Pot_A/Pot_A_Piece_02_SampledWithNormals.ply:28: property 'float32 centerx' of element 'camera' is not handled
[0;m[1;33m[pcl::PLYReader] ../Temp/Data/Pot_A/Pot_A_Piece_02_SampledWithNormals.ply:29: property 'float32 centery' of element 'camera' is not handled
[0;m[1;33m[pcl::PLYReader] ../Temp/Data/Pot_A/Pot_A_Piece_02_SampledWithNormals.ply:32: property 'float32 k1' of element 'camera' is not handled
[0;m[1;33m[pcl::PLYReader] ../Temp/Data/Pot_A/Pot_A_Piece_02_SampledWithNormals.ply:33: property 'float32 k2' of element 'camera' is not handled
[0;m[1;33m[pcl::PLYReader] ../Temp/Data/Pot_A/Pot_A_Piece_02_SampledWithNormals.ply:25: property 'float32 focal' of element 'camera' is not handled
[0;m[1;33m[pcl::PLYReader] ../Temp/Data/Pot_A/Pot_A_Piece_02_SampledWithNormals.ply:26: property 'float32 scalex' of element 'camera' is not handled
[0;m[1;33m[pcl::PLYReader] ../Temp/Data/Pot_A/Pot_A_Piece_02_SampledWithNormals.ply:27: property 'float32 scaley' of element 'camera' is not handled
[0;m[1;33m[pcl::PLYReader] ../Temp/Data/Pot_A/Pot_A_Piece_02_SampledWithNormals.ply:28: property 'float32 centerx' of element 'camera' is not handled
[0;m[1;33m[pcl::PLYReader] ../Temp/Data/Pot_A/Pot_A_Piece_02_SampledWithNormals.ply:29: property 'float32 centery' of element 'camera' is not handled
[0;m[1;33m[pcl::PLYReader] ../Temp/Data/Pot_A/Pot_A_Piece_02_SampledWithNormals.ply:32: property 'float32 k1' of element 'camera' is not handled
[0;m[1;33m[pcl::PLYReader] ../Temp/Data/Pot_A/Pot_A_Piece_02_SampledWithNormals.ply:33: property 'float32 k2' of element 'camera' is not handled
[0;m[1;33m[pcl::PLYReader] ../Temp/Data/Pot_A/Pot_A_Piece_02_SampledWithNormals.ply:25: property 'float32 focal' of element 'camera' is not handled
[0;m[1;33m[pcl::PLYReader] ../Temp/Data/Pot_A/Pot_A_Piece_02_SampledWithNormals.ply:26: property 'float32 scalex' of element 'camera' is not handled
[0;m[1;33m[pcl::PLYReader] ../Temp/Data/Pot_A/Pot_A_Piece_02_SampledWithNormals.ply:27: property 'float32 scaley' of element 'camera' is not handled
[0;m[1;33m[pcl::PLYReader] ../Temp/Data/Pot_A/Pot_A_Piece_02_SampledWithNormals.ply:28: property 'float32 centerx' of element 'camera' is not handled
[0;m[1;33m[pcl::PLYReader] ../Temp/Data/Pot_A/Pot_A_Piece_02_SampledWithNormals.ply:29: property 'float32 centery' of element 'camera' is not handled
[0;m[1;33m[pcl::PLYReader] ../Temp/Data/Pot_A/Pot_A_Piece_02_SampledWithNormals.ply:32: property 'float32 k1' of element 'camera' is not handled
[0;m[1;33m[pcl::PLYReader] ../Temp/Data/Pot_A/Pot_A_Piece_02_SampledWithNormals.ply:33: property 'float32 k2' of element 'camera' is not handled
[0;m[1;33m[pcl::PLYReader] ../Temp/Data/Pot_A/Pot_A_Piece_02_unclustered.ply:25: property 'float32 focal' of element 'camera' is not handled
[0;m[1;33m[pcl::PLYReader] ../Temp/Data/Pot_A/Pot_A_Piece_02_unclustered.ply:26: property 'float32 scalex' of element 'camera' is not handled
[0;m[1;33m[pcl::PLYReader] ../Temp/Data/Pot_A/Pot_A_Piece_02_unclustered.ply:27: property 'float32 scaley' of element 'camera' is not handled
[0;m[1;33m[pcl::PLYReader] ../Temp/Data/Pot_A/Pot_A_Piece_02_unclustered.ply:28: property 'float32 centerx' of element 'camera' is not handled
[0;m[1;33m[pcl::PLYReader] ../Temp/Data/Pot_A/Pot_A_Piece_02_unclustered.ply:29: property 'float32 centery' of element 'camera' is not handled
[0;m[1;33m[pcl::PLYReader] ../Temp/Data/Pot_A/Pot_A_Piece_02_unclustered.ply:32: property 'float32 k1' of element 'camera' is not handled
[0;m[1;33m[pcl::PLYReader] ../Temp/Data/Pot_A/Pot_A_Piece_02_unclustered.ply:33: property 'float32 k2' of element 'camera' is not handled
[0;m[1;33m[pcl::PLYReader] ../Temp/Temp_edge/Pot_A/_breakLineFromConcaveHull.ply:21: property 'float32 focal' of element 'camera' is not handled
[0;m[1;33m[pcl::PLYReader] ../Temp/Temp_edge/Pot_A/_breakLineFromConcaveHull.ply:22: property 'float32 scalex' of element 'camera' is not handled
[0;m[1;33m[pcl::PLYReader] ../Temp/Temp_edge/Pot_A/_breakLineFromConcaveHull.ply:23: property 'float32 scaley' of element 'camera' is not handled
[0;m[1;33m[pcl::PLYReader] ../Temp/Temp_edge/Pot_A/_breakLineFromConcaveHull.ply:24: property 'float32 centerx' of element 'camera' is not handled
[0;m[1;33m[pcl::PLYReader] ../Temp/Temp_edge/Pot_A/_breakLineFromConcaveHull.ply:25: property 'float32 centery' of element 'camera' is not handled
[0;m[1;33m[pcl::PLYReader] ../Temp/Temp_edge/Pot_A/_breakLineFromConcaveHull.ply:28: property 'float32 k1' of element 'camera' is not handled
[0;m[1;33m[pcl::PLYReader] ../Temp/Temp_edge/Pot_A/_breakLineFromConcaveHull.ply:29: property 'float32 k2' of element 'camera' is not handled
[0;m[1;33mFailed to find match for field 'normal_x'.
[0;m[1;33mFailed to find match for field 'normal_y'.
[0;m[1;33mFailed to find match for field 'normal_z'.
[0;m[1;33mFailed to find match for field 'curvature'.
[0;m[1;33m[pcl::PLYReader] ../Temp/Data/Pot_A/Pot_A_Piece_02_SampledWithNormals.ply:25: property 'float32 focal' of element 'camera' is not handled
[0;m[1;33m[pcl::PLYReader] ../Temp/Data/Pot_A/Pot_A_Piece_02_SampledWithNormals.ply:26: property 'float32 scalex' of element 'camera' is not handled
[0;m[1;33m[pcl::PLYReader] ../Temp/Data/Pot_A/Pot_A_Piece_02_SampledWithNormals.ply:27: property 'float32 scaley' of element 'camera' is not handled
[0;m[1;33m[pcl::PLYReader] ../Temp/Data/Pot_A/Pot_A_Piece_02_SampledWithNormals.ply:28: property 'float32 centerx' of element 'camera' is not handled
[0;m[1;33m[pcl::PLYReader] ../Temp/Data/Pot_A/Pot_A_Piece_02_SampledWithNormals.ply:29: property 'float32 centery' of element 'camera' is not handled
[0;m[1;33m[pcl::PLYReader] ../Temp/Data/Pot_A/Pot_A_Piece_02_SampledWithNormals.ply:32: property 'float32 k1' of element 'camera' is not handled
[0;m[1;33m[pcl::PLYReader] ../Temp/Data/Pot_A/Pot_A_Piece_02_SampledWithNormals.ply:33: property 'float32 k2' of element 'camera' is not handled
[0;m[1;33m[pcl::PLYReader] ../Temp/Data/Pot_A/Pot_A_Piece_02_SampledWithNormals.ply:25: property 'float32 focal' of element 'camera' is not handled
[0;m[1;33m[pcl::PLYReader] ../Temp/Data/Pot_A/Pot_A_Piece_02_SampledWithNormals.ply:26: property 'float32 scalex' of element 'camera' is not handled
[0;m[1;33m[pcl::PLYReader] ../Temp/Data/Pot_A/Pot_A_Piece_02_SampledWithNormals.ply:27: property 'float32 scaley' of element 'camera' is not handled
[0;m[1;33m[pcl::PLYReader] ../Temp/Data/Pot_A/Pot_A_Piece_02_SampledWithNormals.ply:28: property 'float32 centerx' of element 'camera' is not handled
[0;m[1;33m[pcl::PLYReader] ../Temp/Data/Pot_A/Pot_A_Piece_02_SampledWithNormals.ply:29: property 'float32 centery' of element 'camera' is not handled
[0;m[1;33m[pcl::PLYReader] ../Temp/Data/Pot_A/Pot_A_Piece_02_SampledWithNormals.ply:32: property 'float32 k1' of element 'camera' is not handled
[0;m[1;33m[pcl::PLYReader] ../Temp/Data/Pot_A/Pot_A_Piece_02_SampledWithNormals.ply:33: property 'float32 k2' of element 'camera' is not handled
[0;m[1;33m[pcl::PLYReader] ../Temp/Data/Pot_A/Pot_A_Piece_02_SampledWithNormals.ply:25: property 'float32 focal' of element 'camera' is not handled
[0;m[1;33m[pcl::PLYReader] ../Temp/Data/Pot_A/Pot_A_Piece_02_SampledWithNormals.ply:26: property 'float32 scalex' of element 'camera' is not handled
[0;m[1;33m[pcl::PLYReader] ../Temp/Data/Pot_A/Pot_A_Piece_02_SampledWithNormals.ply:27: property 'float32 scaley' of element 'camera' is not handled
[0;m[1;33m[pcl::PLYReader] ../Temp/Data/Pot_A/Pot_A_Piece_02_SampledWithNormals.ply:28: property 'float32 centerx' of element 'camera' is not handled
[0;m[1;33m[pcl::PLYReader] ../Temp/Data/Pot_A/Pot_A_Piece_02_SampledWithNormals.ply:29: property 'float32 centery' of element 'camera' is not handled
[0;m[1;33m[pcl::PLYReader] ../Temp/Data/Pot_A/Pot_A_Piece_02_SampledWithNormals.ply:32: property 'float32 k1' of element 'camera' is not handled
[0;m[1;33m[pcl::PLYReader] ../Temp/Data/Pot_A/Pot_A_Piece_02_SampledWithNormals.ply:33: property 'float32 k2' of element 'camera' is not handled
[0;m[1;33m[pcl::PLYReader] ../Temp/Data/Pot_A/Pot_A_Piece_02_SampledWithNormals.ply:25: property 'float32 focal' of element 'camera' is not handled
[0;m[1;33m[pcl::PLYReader] ../Temp/Data/Pot_A/Pot_A_Piece_02_SampledWithNormals.ply:26: property 'float32 scalex' of element 'camera' is not handled
[0;m[1;33m[pcl::PLYReader] ../Temp/Data/Pot_A/Pot_A_Piece_02_SampledWithNormals.ply:27: property 'float32 scaley' of element 'camera' is not handled
[0;m[1;33m[pcl::PLYReader] ../Temp/Data/Pot_A/Pot_A_Piece_02_SampledWithNormals.ply:28: property 'float32 centerx' of element 'camera' is not handled
[0;m[1;33m[pcl::PLYReader] ../Temp/Data/Pot_A/Pot_A_Piece_02_SampledWithNormals.ply:29: property 'float32 centery' of element 'camera' is not handled
[0;m[1;33m[pcl::PLYReader] ../Temp/Data/Pot_A/Pot_A_Piece_02_SampledWithNormals.ply:32: property 'float32 k1' of element 'camera' is not handled
[0;m[1;33m[pcl::PLYReader] ../Temp/Data/Pot_A/Pot_A_Piece_02_SampledWithNormals.ply:33: property 'float32 k2' of element 'camera' is not handled
[0;m[1;33m[pcl::PLYReader] ../Temp/Data/Pot_A/Pot_A_Piece_02_SampledWithNormals.ply:25: property 'float32 focal' of element 'camera' is not handled
[0;m[1;33m[pcl::PLYReader] ../Temp/Data/Pot_A/Pot_A_Piece_02_SampledWithNormals.ply:26: property 'float32 scalex' of element 'camera' is not handled
[0;m[1;33m[pcl::PLYReader] ../Temp/Data/Pot_A/Pot_A_Piece_02_SampledWithNormals.ply:27: property 'float32 scaley' of element 'camera' is not handled
[0;m[1;33m[pcl::PLYReader] ../Temp/Data/Pot_A/Pot_A_Piece_02_SampledWithNormals.ply:28: property 'float32 centerx' of element 'camera' is not handled
[0;m[1;33m[pcl::PLYReader] ../Temp/Data/Pot_A/Pot_A_Piece_02_SampledWithNormals.ply:29: property 'float32 centery' of element 'camera' is not handled
[0;m[1;33m[pcl::PLYReader] ../Temp/Data/Pot_A/Pot_A_Piece_02_SampledWithNormals.ply:32: property 'float32 k1' of element 'camera' is not handled
[0;m[1;33m[pcl::PLYReader] ../Temp/Data/Pot_A/Pot_A_Piece_02_SampledWithNormals.ply:33: property 'float32 k2' of element 'camera' is not handled
[0;m[1;33m[pcl::PLYReader] ../Temp/Data/Pot_A/Pot_A_Piece_02_SampledWithNormals.ply:25: property 'float32 focal' of element 'camera' is not handled
[0;m[1;33m[pcl::PLYReader] ../Temp/Data/Pot_A/Pot_A_Piece_02_SampledWithNormals.ply:26: property 'float32 scalex' of element 'camera' is not handled
[0;m[1;33m[pcl::PLYReader] ../Temp/Data/Pot_A/Pot_A_Piece_02_SampledWithNormals.ply:27: property 'float32 scaley' of element 'camera' is not handled
[0;m[1;33m[pcl::PLYReader] ../Temp/Data/Pot_A/Pot_A_Piece_02_SampledWithNormals.ply:28: property 'float32 centerx' of element 'camera' is not handled
[0;m[1;33m[pcl::PLYReader] ../Temp/Data/Pot_A/Pot_A_Piece_02_SampledWithNormals.ply:29: property 'float32 centery' of element 'camera' is not handled
[0;m[1;33m[pcl::PLYReader] ../Temp/Data/Pot_A/Pot_A_Piece_02_SampledWithNormals.ply:32: property 'float32 k1' of element 'camera' is not handled
[0;m[1;33m[pcl::PLYReader] ../Temp/Data/Pot_A/Pot_A_Piece_02_SampledWithNormals.ply:33: property 'float32 k2' of element 'camera' is not handled
[0;m[1;33m[pcl::PLYReader] ../Temp/Data/Pot_A/Pot_A_Piece_03_unclustered.ply:25: property 'float32 focal' of element 'camera' is not handled
[0;m[1;33m[pcl::PLYReader] ../Temp/Data/Pot_A/Pot_A_Piece_03_unclustered.ply:26: property 'float32 scalex' of element 'camera' is not handled
[0;m[1;33m[pcl::PLYReader] ../Temp/Data/Pot_A/Pot_A_Piece_03_unclustered.ply:27: property 'float32 scaley' of element 'camera' is not handled
[0;m[1;33m[pcl::PLYReader] ../Temp/Data/Pot_A/Pot_A_Piece_03_unclustered.ply:28: property 'float32 centerx' of element 'camera' is not handled
[0;m[1;33m[pcl::PLYReader] ../Temp/Data/Pot_A/Pot_A_Piece_03_unclustered.ply:29: property 'float32 centery' of element 'camera' is not handled
[0;m[1;33m[pcl::PLYReader] ../Temp/Data/Pot_A/Pot_A_Piece_03_unclustered.ply:32: property 'float32 k1' of element 'camera' is not handled
[0;m[1;33m[pcl::PLYReader] ../Temp/Data/Pot_A/Pot_A_Piece_03_unclustered.ply:33: property 'float32 k2' of element 'camera' is not handled
[0;m[1;33m[pcl::PLYReader] ../Temp/Temp_edge/Pot_A/_breakLineFromConcaveHull.ply:21: property 'float32 focal' of element 'camera' is not handled
[0;m[1;33m[pcl::PLYReader] ../Temp/Temp_edge/Pot_A/_breakLineFromConcaveHull.ply:22: property 'float32 scalex' of element 'camera' is not handled
[0;m[1;33m[pcl::PLYReader] ../Temp/Temp_edge/Pot_A/_breakLineFromConcaveHull.ply:23: property 'float32 scaley' of element 'camera' is not handled
[0;m[1;33m[pcl::PLYReader] ../Temp/Temp_edge/Pot_A/_breakLineFromConcaveHull.ply:24: property 'float32 centerx' of element 'camera' is not handled
[0;m[1;33m[pcl::PLYReader] ../Temp/Temp_edge/Pot_A/_breakLineFromConcaveHull.ply:25: property 'float32 centery' of element 'camera' is not handled
[0;m[1;33m[pcl::PLYReader] ../Temp/Temp_edge/Pot_A/_breakLineFromConcaveHull.ply:28: property 'float32 k1' of element 'camera' is not handled
[0;m[1;33m[pcl::PLYReader] ../Temp/Temp_edge/Pot_A/_breakLineFromConcaveHull.ply:29: property 'float32 k2' of element 'camera' is not handled
[0;m[1;33mFailed to find match for field 'normal_x'.
[0;m[1;33mFailed to find match for field 'normal_y'.
[0;m[1;33mFailed to find match for field 'normal_z'.
[0;m[1;33mFailed to find match for field 'curvature'.
[0;m[1;33m[pcl::PLYReader] ../Temp/Data/Pot_A/Pot_A_Piece_03_SampledWithNormals.ply:25: property 'float32 focal' of element 'camera' is not handled
[0;m[1;33m[pcl::PLYReader] ../Temp/Data/Pot_A/Pot_A_Piece_03_SampledWithNormals.ply:26: property 'float32 scalex' of element 'camera' is not handled
[0;m[1;33m[pcl::PLYReader] ../Temp/Data/Pot_A/Pot_A_Piece_03_SampledWithNormals.ply:27: property 'float32 scaley' of element 'camera' is not handled
[0;m[1;33m[pcl::PLYReader] ../Temp/Data/Pot_A/Pot_A_Piece_03_SampledWithNormals.ply:28: property 'float32 centerx' of element 'camera' is not handled
[0;m[1;33m[pcl::PLYReader] ../Temp/Data/Pot_A/Pot_A_Piece_03_SampledWithNormals.ply:29: property 'float32 centery' of element 'camera' is not handled
[0;m[1;33m[pcl::PLYReader] ../Temp/Data/Pot_A/Pot_A_Piece_03_SampledWithNormals.ply:32: property 'float32 k1' of element 'camera' is not handled
[0;m[1;33m[pcl::PLYReader] ../Temp/Data/Pot_A/Pot_A_Piece_03_SampledWithNormals.ply:33: property 'float32 k2' of element 'camera' is not handled
[0;m[1;33m[pcl::PLYReader] ../Temp/Data/Pot_A/Pot_A_Piece_03_SampledWithNormals.ply:25: property 'float32 focal' of element 'camera' is not handled
[0;m[1;33m[pcl::PLYReader] ../Temp/Data/Pot_A/Pot_A_Piece_03_SampledWithNormals.ply:26: property 'float32 scalex' of element 'camera' is not handled
[0;m[1;33m[pcl::PLYReader] ../Temp/Data/Pot_A/Pot_A_Piece_03_SampledWithNormals.ply:27: property 'float32 scaley' of element 'camera' is not handled
[0;m[1;33m[pcl::PLYReader] ../Temp/Data/Pot_A/Pot_A_Piece_03_SampledWithNormals.ply:28: property 'float32 centerx' of element 'camera' is not handled
[0;m[1;33m[pcl::PLYReader] ../Temp/Data/Pot_A/Pot_A_Piece_03_SampledWithNormals.ply:29: property 'float32 centery' of element 'camera' is not handled
[0;m[1;33m[pcl::PLYReader] ../Temp/Data/Pot_A/Pot_A_Piece_03_SampledWithNormals.ply:32: property 'float32 k1' of element 'camera' is not handled
[0;m[1;33m[pcl::PLYReader] ../Temp/Data/Pot_A/Pot_A_Piece_03_SampledWithNormals.ply:33: property 'float32 k2' of element 'camera' is not handled
[0;m[1;33m[pcl::PLYReader] ../Temp/Data/Pot_A/Pot_A_Piece_03_SampledWithNormals.ply:25: property 'float32 focal' of element 'camera' is not handled
[0;m[1;33m[pcl::PLYReader] ../Temp/Data/Pot_A/Pot_A_Piece_03_SampledWithNormals.ply:26: property 'float32 scalex' of element 'camera' is not handled
[0;m[1;33m[pcl::PLYReader] ../Temp/Data/Pot_A/Pot_A_Piece_03_SampledWithNormals.ply:27: property 'float32 scaley' of element 'camera' is not handled
[0;m[1;33m[pcl::PLYReader] ../Temp/Data/Pot_A/Pot_A_Piece_03_SampledWithNormals.ply:28: property 'float32 centerx' of element 'camera' is not handled
[0;m[1;33m[pcl::PLYReader] ../Temp/Data/Pot_A/Pot_A_Piece_03_SampledWithNormals.ply:29: property 'float32 centery' of element 'camera' is not handled
[0;m[1;33m[pcl::PLYReader] ../Temp/Data/Pot_A/Pot_A_Piece_03_SampledWithNormals.ply:32: property 'float32 k1' of element 'camera' is not handled
[0;m[1;33m[pcl::PLYReader] ../Temp/Data/Pot_A/Pot_A_Piece_03_SampledWithNormals.ply:33: property 'float32 k2' of element 'camera' is not handled
[0;m[1;33m[pcl::PLYReader] ../Temp/Data/Pot_A/Pot_A_Piece_03_SampledWithNormals.ply:25: property 'float32 focal' of element 'camera' is not handled
[0;m[1;33m[pcl::PLYReader] ../Temp/Data/Pot_A/Pot_A_Piece_03_SampledWithNormals.ply:26: property 'float32 scalex' of element 'camera' is not handled
[0;m[1;33m[pcl::PLYReader] ../Temp/Data/Pot_A/Pot_A_Piece_03_SampledWithNormals.ply:27: property 'float32 scaley' of element 'camera' is not handled
[0;m[1;33m[pcl::PLYReader] ../Temp/Data/Pot_A/Pot_A_Piece_03_SampledWithNormals.ply:28: property 'float32 centerx' of element 'camera' is not handled
[0;m[1;33m[pcl::PLYReader] ../Temp/Data/Pot_A/Pot_A_Piece_03_SampledWithNormals.ply:29: property 'float32 centery' of element 'camera' is not handled
[0;m[1;33m[pcl::PLYReader] ../Temp/Data/Pot_A/Pot_A_Piece_03_SampledWithNormals.ply:32: property 'float32 k1' of element 'camera' is not handled
[0;m[1;33m[pcl::PLYReader] ../Temp/Data/Pot_A/Pot_A_Piece_03_SampledWithNormals.ply:33: property 'float32 k2' of element 'camera' is not handled
[0;m[1;33m[pcl::PLYReader] ../Temp/Data/Pot_A/Pot_A_Piece_03_SampledWithNormals.ply:25: property 'float32 focal' of element 'camera' is not handled
[0;m[1;33m[pcl::PLYReader] ../Temp/Data/Pot_A/Pot_A_Piece_03_SampledWithNormals.ply:26: property 'float32 scalex' of element 'camera' is not handled
[0;m[1;33m[pcl::PLYReader] ../Temp/Data/Pot_A/Pot_A_Piece_03_SampledWithNormals.ply:27: property 'float32 scaley' of element 'camera' is not handled
[0;m[1;33m[pcl::PLYReader] ../Temp/Data/Pot_A/Pot_A_Piece_03_SampledWithNormals.ply:28: property 'float32 centerx' of element 'camera' is not handled
[0;m[1;33m[pcl::PLYReader] ../Temp/Data/Pot_A/Pot_A_Piece_03_SampledWithNormals.ply:29: property 'float32 centery' of element 'camera' is not handled
[0;m[1;33m[pcl::PLYReader] ../Temp/Data/Pot_A/Pot_A_Piece_03_SampledWithNormals.ply:32: property 'float32 k1' of element 'camera' is not handled
[0;m[1;33m[pcl::PLYReader] ../Temp/Data/Pot_A/Pot_A_Piece_03_SampledWithNormals.ply:33: property 'float32 k2' of element 'camera' is not handled
[0;m[1;33m[pcl::PLYReader] ../Temp/Data/Pot_A/Pot_A_Piece_03_SampledWithNormals.ply:25: property 'float32 focal' of element 'camera' is not handled
[0;m[1;33m[pcl::PLYReader] ../Temp/Data/Pot_A/Pot_A_Piece_03_SampledWithNormals.ply:26: property 'float32 scalex' of element 'camera' is not handled
[0;m[1;33m[pcl::PLYReader] ../Temp/Data/Pot_A/Pot_A_Piece_03_SampledWithNormals.ply:27: property 'float32 scaley' of element 'camera' is not handled
[0;m[1;33m[pcl::PLYReader] ../Temp/Data/Pot_A/Pot_A_Piece_03_SampledWithNormals.ply:28: property 'float32 centerx' of element 'camera' is not handled
[0;m[1;33m[pcl::PLYReader] ../Temp/Data/Pot_A/Pot_A_Piece_03_SampledWithNormals.ply:29: property 'float32 centery' of element 'camera' is not handled
[0;m[1;33m[pcl::PLYReader] ../Temp/Data/Pot_A/Pot_A_Piece_03_SampledWithNormals.ply:32: property 'float32 k1' of element 'camera' is not handled
[0;m[1;33m[pcl::PLYReader] ../Temp/Data/Pot_A/Pot_A_Piece_03_SampledWithNormals.ply:33: property 'float32 k2' of element 'camera' is not handled
[0;m[1;33m[pcl::PLYReader] ../Temp/Data/Pot_A/Pot_A_Piece_03_SampledWithNormals.ply:25: property 'float32 focal' of element 'camera' is not handled
[0;m[1;33m[pcl::PLYReader] ../Temp/Data/Pot_A/Pot_A_Piece_03_SampledWithNormals.ply:26: property 'float32 scalex' of element 'camera' is not handled
[0;m[1;33m[pcl::PLYReader] ../Temp/Data/Pot_A/Pot_A_Piece_03_SampledWithNormals.ply:27: property 'float32 scaley' of element 'camera' is not handled
[0;m[1;33m[pcl::PLYReader] ../Temp/Data/Pot_A/Pot_A_Piece_03_SampledWithNormals.ply:28: property 'float32 centerx' of element 'camera' is not handled
[0;m[1;33m[pcl::PLYReader] ../Temp/Data/Pot_A/Pot_A_Piece_03_SampledWithNormals.ply:29: property 'float32 centery' of element 'camera' is not handled
[0;m[1;33m[pcl::PLYReader] ../Temp/Data/Pot_A/Pot_A_Piece_03_SampledWithNormals.ply:32: property 'float32 k1' of element 'camera' is not handled
[0;m[1;33m[pcl::PLYReader] ../Temp/Data/Pot_A/Pot_A_Piece_03_SampledWithNormals.ply:33: property 'float32 k2' of element 'camera' is not handled
[0;m[1;33m[pcl::PLYReader] ../Temp/Data/Pot_A/Pot_A_Piece_03_SampledWithNormals.ply:25: property 'float32 focal' of element 'camera' is not handled
[0;m[1;33m[pcl::PLYReader] ../Temp/Data/Pot_A/Pot_A_Piece_03_SampledWithNormals.ply:26: property 'float32 scalex' of element 'camera' is not handled
[0;m[1;33m[pcl::PLYReader] ../Temp/Data/Pot_A/Pot_A_Piece_03_SampledWithNormals.ply:27: property 'float32 scaley' of element 'camera' is not handled
[0;m[1;33m[pcl::PLYReader] ../Temp/Data/Pot_A/Pot_A_Piece_03_SampledWithNormals.ply:28: property 'float32 centerx' of element 'camera' is not handled
[0;m[1;33m[pcl::PLYReader] ../Temp/Data/Pot_A/Pot_A_Piece_03_SampledWithNormals.ply:29: property 'float32 centery' of element 'camera' is not handled
[0;m[1;33m[pcl::PLYReader] ../Temp/Data/Pot_A/Pot_A_Piece_03_SampledWithNormals.ply:32: property 'float32 k1' of element 'camera' is not handled
[0;m[1;33m[pcl::PLYReader] ../Temp/Data/Pot_A/Pot_A_Piece_03_SampledWithNormals.ply:33: property 'float32 k2' of element 'camera' is not handled
[0;m[1;33m[pcl::PLYReader] ../Temp/Data/Pot_A/Pot_A_Piece_03_unclustered.ply:25: property 'float32 focal' of element 'camera' is not handled
[0;m[1;33m[pcl::PLYReader] ../Temp/Data/Pot_A/Pot_A_Piece_03_unclustered.ply:26: property 'float32 scalex' of element 'camera' is not handled
[0;m[1;33m[pcl::PLYReader] ../Temp/Data/Pot_A/Pot_A_Piece_03_unclustered.ply:27: property 'float32 scaley' of element 'camera' is not handled
[0;m[1;33m[pcl::PLYReader] ../Temp/Data/Pot_A/Pot_A_Piece_03_unclustered.ply:28: property 'float32 centerx' of element 'camera' is not handled
[0;m[1;33m[pcl::PLYReader] ../Temp/Data/Pot_A/Pot_A_Piece_03_unclustered.ply:29: property 'float32 centery' of element 'camera' is not handled
[0;m[1;33m[pcl::PLYReader] ../Temp/Data/Pot_A/Pot_A_Piece_03_unclustered.ply:32: property 'float32 k1' of element 'camera' is not handled
[0;m[1;33m[pcl::PLYReader] ../Temp/Data/Pot_A/Pot_A_Piece_03_unclustered.ply:33: property 'float32 k2' of element 'camera' is not handled
[0;m[1;33m[pcl::PLYReader] ../Temp/Temp_edge/Pot_A/_breakLineFromConcaveHull.ply:21: property 'float32 focal' of element 'camera' is not handled
[0;m[1;33m[pcl::PLYReader] ../Temp/Temp_edge/Pot_A/_breakLineFromConcaveHull.ply:22: property 'float32 scalex' of element 'camera' is not handled
[0;m[1;33m[pcl::PLYReader] ../Temp/Temp_edge/Pot_A/_breakLineFromConcaveHull.ply:23: property 'float32 scaley' of element 'camera' is not handled
[0;m[1;33m[pcl::PLYReader] ../Temp/Temp_edge/Pot_A/_breakLineFromConcaveHull.ply:24: property 'float32 centerx' of element 'camera' is not handled
[0;m[1;33m[pcl::PLYReader] ../Temp/Temp_edge/Pot_A/_breakLineFromConcaveHull.ply:25: property 'float32 centery' of element 'camera' is not handled
[0;m[1;33m[pcl::PLYReader] ../Temp/Temp_edge/Pot_A/_breakLineFromConcaveHull.ply:28: property 'float32 k1' of element 'camera' is not handled
[0;m[1;33m[pcl::PLYReader] ../Temp/Temp_edge/Pot_A/_breakLineFromConcaveHull.ply:29: property 'float32 k2' of element 'camera' is not handled
[0;m[1;33mFailed to find match for field 'normal_x'.
[0;m[1;33mFailed to find match for field 'normal_y'.
[0;m[1;33mFailed to find match for field 'normal_z'.
[0;m[1;33mFailed to find match for field 'curvature'.
[0;m[1;33m[pcl::PLYReader] ../Temp/Data/Pot_A/Pot_A_Piece_03_SampledWithNormals.ply:25: property 'float32 focal' of element 'camera' is not handled
[0;m[1;33m[pcl::PLYReader] ../Temp/Data/Pot_A/Pot_A_Piece_03_SampledWithNormals.ply:26: property 'float32 scalex' of element 'camera' is not handled
[0;m[1;33m[pcl::PLYReader] ../Temp/Data/Pot_A/Pot_A_Piece_03_SampledWithNormals.ply:27: property 'float32 scaley' of element 'camera' is not handled
[0;m[1;33m[pcl::PLYReader] ../Temp/Data/Pot_A/Pot_A_Piece_03_SampledWithNormals.ply:28: property 'float32 centerx' of element 'camera' is not handled
[0;m[1;33m[pcl::PLYReader] ../Temp/Data/Pot_A/Pot_A_Piece_03_SampledWithNormals.ply:29: property 'float32 centery' of element 'camera' is not handled
[0;m[1;33m[pcl::PLYReader] ../Temp/Data/Pot_A/Pot_A_Piece_03_SampledWithNormals.ply:32: property 'float32 k1' of element 'camera' is not handled
[0;m[1;33m[pcl::PLYReader] ../Temp/Data/Pot_A/Pot_A_Piece_03_SampledWithNormals.ply:33: property 'float32 k2' of element 'camera' is not handled
[0;m[1;33m[pcl::PLYReader] ../Temp/Data/Pot_A/Pot_A_Piece_03_SampledWithNormals.ply:25: property 'float32 focal' of element 'camera' is not handled
[0;m[1;33m[pcl::PLYReader] ../Temp/Data/Pot_A/Pot_A_Piece_03_SampledWithNormals.ply:26: property 'float32 scalex' of element 'camera' is not handled
[0;m[1;33m[pcl::PLYReader] ../Temp/Data/Pot_A/Pot_A_Piece_03_SampledWithNormals.ply:27: property 'float32 scaley' of element 'camera' is not handled
[0;m[1;33m[pcl::PLYReader] ../Temp/Data/Pot_A/Pot_A_Piece_03_SampledWithNormals.ply:28: property 'float32 centerx' of element 'camera' is not handled
[0;m[1;33m[pcl::PLYReader] ../Temp/Data/Pot_A/Pot_A_Piece_03_SampledWithNormals.ply:29: property 'float32 centery' of element 'camera' is not handled
[0;m[1;33m[pcl::PLYReader] ../Temp/Data/Pot_A/Pot_A_Piece_03_SampledWithNormals.ply:32: property 'float32 k1' of element 'camera' is not handled
[0;m[1;33m[pcl::PLYReader] ../Temp/Data/Pot_A/Pot_A_Piece_03_SampledWithNormals.ply:33: property 'float32 k2' of element 'camera' is not handled
[0;m[1;33m[pcl::PLYReader] ../Temp/Data/Pot_A/Pot_A_Piece_03_SampledWithNormals.ply:25: property 'float32 focal' of element 'camera' is not handled
[0;m[1;33m[pcl::PLYReader] ../Temp/Data/Pot_A/Pot_A_Piece_03_SampledWithNormals.ply:26: property 'float32 scalex' of element 'camera' is not handled
[0;m[1;33m[pcl::PLYReader] ../Temp/Data/Pot_A/Pot_A_Piece_03_SampledWithNormals.ply:27: property 'float32 scaley' of element 'camera' is not handled
[0;m[1;33m[pcl::PLYReader] ../Temp/Data/Pot_A/Pot_A_Piece_03_SampledWithNormals.ply:28: property 'float32 centerx' of element 'camera' is not handled
[0;m[1;33m[pcl::PLYReader] ../Temp/Data/Pot_A/Pot_A_Piece_03_SampledWithNormals.ply:29: property 'float32 centery' of element 'camera' is not handled
[0;m[1;33m[pcl::PLYReader] ../Temp/Data/Pot_A/Pot_A_Piece_03_SampledWithNormals.ply:32: property 'float32 k1' of element 'camera' is not handled
[0;m[1;33m[pcl::PLYReader] ../Temp/Data/Pot_A/Pot_A_Piece_03_SampledWithNormals.ply:33: property 'float32 k2' of element 'camera' is not handled
[0;m[1;33m[pcl::PLYReader] ../Temp/Data/Pot_A/Pot_A_Piece_03_SampledWithNormals.ply:25: property 'float32 focal' of element 'camera' is not handled
[0;m[1;33m[pcl::PLYReader] ../Temp/Data/Pot_A/Pot_A_Piece_03_SampledWithNormals.ply:26: property 'float32 scalex' of element 'camera' is not handled
[0;m[1;33m[pcl::PLYReader] ../Temp/Data/Pot_A/Pot_A_Piece_03_SampledWithNormals.ply:27: property 'float32 scaley' of element 'camera' is not handled
[0;m[1;33m[pcl::PLYReader] ../Temp/Data/Pot_A/Pot_A_Piece_03_SampledWithNormals.ply:28: property 'float32 centerx' of element 'camera' is not handled
[0;m[1;33m[pcl::PLYReader] ../Temp/Data/Pot_A/Pot_A_Piece_03_SampledWithNormals.ply:29: property 'float32 centery' of element 'camera' is not handled
[0;m[1;33m[pcl::PLYReader] ../Temp/Data/Pot_A/Pot_A_Piece_03_SampledWithNormals.ply:32: property 'float32 k1' of element 'camera' is not handled
[0;m[1;33m[pcl::PLYReader] ../Temp/Data/Pot_A/Pot_A_Piece_03_SampledWithNormals.ply:33: property 'float32 k2' of element 'camera' is not handled
[0;m[1;33m[pcl::PLYReader] ../Temp/Data/Pot_A/Pot_A_Piece_03_SampledWithNormals.ply:25: property 'float32 focal' of element 'camera' is not handled
[0;m[1;33m[pcl::PLYReader] ../Temp/Data/Pot_A/Pot_A_Piece_03_SampledWithNormals.ply:26: property 'float32 scalex' of element 'camera' is not handled
[0;m[1;33m[pcl::PLYReader] ../Temp/Data/Pot_A/Pot_A_Piece_03_SampledWithNormals.ply:27: property 'float32 scaley' of element 'camera' is not handled
[0;m[1;33m[pcl::PLYReader] ../Temp/Data/Pot_A/Pot_A_Piece_03_SampledWithNormals.ply:28: property 'float32 centerx' of element 'camera' is not handled
[0;m[1;33m[pcl::PLYReader] ../Temp/Data/Pot_A/Pot_A_Piece_03_SampledWithNormals.ply:29: property 'float32 centery' of element 'camera' is not handled
[0;m[1;33m[pcl::PLYReader] ../Temp/Data/Pot_A/Pot_A_Piece_03_SampledWithNormals.ply:32: property 'float32 k1' of element 'camera' is not handled
[0;m[1;33m[pcl::PLYReader] ../Temp/Data/Pot_A/Pot_A_Piece_03_SampledWithNormals.ply:33: property 'float32 k2' of element 'camera' is not handled
[0;m[1;33m[pcl::PLYReader] ../Temp/Data/Pot_A/Pot_A_Piece_03_SampledWithNormals.ply:25: property 'float32 focal' of element 'camera' is not handled
[0;m[1;33m[pcl::PLYReader] ../Temp/Data/Pot_A/Pot_A_Piece_03_SampledWithNormals.ply:26: property 'float32 scalex' of element 'camera' is not handled
[0;m[1;33m[pcl::PLYReader] ../Temp/Data/Pot_A/Pot_A_Piece_03_SampledWithNormals.ply:27: property 'float32 scaley' of element 'camera' is not handled
[0;m[1;33m[pcl::PLYReader] ../Temp/Data/Pot_A/Pot_A_Piece_03_SampledWithNormals.ply:28: property 'float32 centerx' of element 'camera' is not handled
[0;m[1;33m[pcl::PLYReader] ../Temp/Data/Pot_A/Pot_A_Piece_03_SampledWithNormals.ply:29: property 'float32 centery' of element 'camera' is not handled
[0;m[1;33m[pcl::PLYReader] ../Temp/Data/Pot_A/Pot_A_Piece_03_SampledWithNormals.ply:32: property 'float32 k1' of element 'camera' is not handled
[0;m[1;33m[pcl::PLYReader] ../Temp/Data/Pot_A/Pot_A_Piece_03_SampledWithNormals.ply:33: property 'float32 k2' of element 'camera' is not handled
[0;m[1;33m[pcl::PLYReader] ../Temp/Data/Pot_A/Pot_A_Piece_03_SampledWithNormals.ply:25: property 'float32 focal' of element 'camera' is not handled
[0;m[1;33m[pcl::PLYReader] ../Temp/Data/Pot_A/Pot_A_Piece_03_SampledWithNormals.ply:26: property 'float32 scalex' of element 'camera' is not handled
[0;m[1;33m[pcl::PLYReader] ../Temp/Data/Pot_A/Pot_A_Piece_03_SampledWithNormals.ply:27: property 'float32 scaley' of element 'camera' is not handled
[0;m[1;33m[pcl::PLYReader] ../Temp/Data/Pot_A/Pot_A_Piece_03_SampledWithNormals.ply:28: property 'float32 centerx' of element 'camera' is not handled
[0;m[1;33m[pcl::PLYReader] ../Temp/Data/Pot_A/Pot_A_Piece_03_SampledWithNormals.ply:29: property 'float32 centery' of element 'camera' is not handled
[0;m[1;33m[pcl::PLYReader] ../Temp/Data/Pot_A/Pot_A_Piece_03_SampledWithNormals.ply:32: property 'float32 k1' of element 'camera' is not handled
[0;m[1;33m[pcl::PLYReader] ../Temp/Data/Pot_A/Pot_A_Piece_03_SampledWithNormals.ply:33: property 'float32 k2' of element 'camera' is not handled
[0;m[1;33m[pcl::PLYReader] ../Temp/Data/Pot_A/Pot_A_Piece_03_SampledWithNormals.ply:25: property 'float32 focal' of element 'camera' is not handled
[0;m[1;33m[pcl::PLYReader] ../Temp/Data/Pot_A/Pot_A_Piece_03_SampledWithNormals.ply:26: property 'float32 scalex' of element 'camera' is not handled
[0;m[1;33m[pcl::PLYReader] ../Temp/Data/Pot_A/Pot_A_Piece_03_SampledWithNormals.ply:27: property 'float32 scaley' of element 'camera' is not handled
[0;m[1;33m[pcl::PLYReader] ../Temp/Data/Pot_A/Pot_A_Piece_03_SampledWithNormals.ply:28: property 'float32 centerx' of element 'camera' is not handled
[0;m[1;33m[pcl::PLYReader] ../Temp/Data/Pot_A/Pot_A_Piece_03_SampledWithNormals.ply:29: property 'float32 centery' of element 'camera' is not handled
[0;m[1;33m[pcl::PLYReader] ../Temp/Data/Pot_A/Pot_A_Piece_03_SampledWithNormals.ply:32: property 'float32 k1' of element 'camera' is not handled
[0;m[1;33m[pcl::PLYReader] ../Temp/Data/Pot_A/Pot_A_Piece_03_SampledWithNormals.ply:33: property 'float32 k2' of element 'camera' is not handled
[0;m[1;33m[pcl::PLYReader] ../Temp/Data/Pot_A/Pot_A_Piece_03_unclustered.ply:25: property 'float32 focal' of element 'camera' is not handled
[0;m[1;33m[pcl::PLYReader] ../Temp/Data/Pot_A/Pot_A_Piece_03_unclustered.ply:26: property 'float32 scalex' of element 'camera' is not handled
[0;m[1;33m[pcl::PLYReader] ../Temp/Data/Pot_A/Pot_A_Piece_03_unclustered.ply:27: property 'float32 scaley' of element 'camera' is not handled
[0;m[1;33m[pcl::PLYReader] ../Temp/Data/Pot_A/Pot_A_Piece_03_unclustered.ply:28: property 'float32 centerx' of element 'camera' is not handled
[0;m[1;33m[pcl::PLYReader] ../Temp/Data/Pot_A/Pot_A_Piece_03_unclustered.ply:29: property 'float32 centery' of element 'camera' is not handled
[0;m[1;33m[pcl::PLYReader] ../Temp/Data/Pot_A/Pot_A_Piece_03_unclustered.ply:32: property 'float32 k1' of element 'camera' is not handled
[0;m[1;33m[pcl::PLYReader] ../Temp/Data/Pot_A/Pot_A_Piece_03_unclustered.ply:33: property 'float32 k2' of element 'camera' is not handled
[0;m[1;33m[pcl::PLYReader] ../Temp/Temp_edge/Pot_A/_breakLineFromConcaveHull.ply:21: property 'float32 focal' of element 'camera' is not handled
[0;m[1;33m[pcl::PLYReader] ../Temp/Temp_edge/Pot_A/_breakLineFromConcaveHull.ply:22: property 'float32 scalex' of element 'camera' is not handled
[0;m[1;33m[pcl::PLYReader] ../Temp/Temp_edge/Pot_A/_breakLineFromConcaveHull.ply:23: property 'float32 scaley' of element 'camera' is not handled
[0;m[1;33m[pcl::PLYReader] ../Temp/Temp_edge/Pot_A/_breakLineFromConcaveHull.ply:24: property 'float32 centerx' of element 'camera' is not handled
[0;m[1;33m[pcl::PLYReader] ../Temp/Temp_edge/Pot_A/_breakLineFromConcaveHull.ply:25: property 'float32 centery' of element 'camera' is not handled
[0;m[1;33m[pcl::PLYReader] ../Temp/Temp_edge/Pot_A/_breakLineFromConcaveHull.ply:28: property 'float32 k1' of element 'camera' is not handled
[0;m[1;33m[pcl::PLYReader] ../Temp/Temp_edge/Pot_A/_breakLineFromConcaveHull.ply:29: property 'float32 k2' of element 'camera' is not handled
[0;m[1;33mFailed to find match for field 'normal_x'.
[0;m[1;33mFailed to find match for field 'normal_y'.
[0;m[1;33mFailed to find match for field 'normal_z'.
[0;m[1;33mFailed to find match for field 'curvature'.
[0;m[1;33m[pcl::PLYReader] ../Temp/Data/Pot_A/Pot_A_Piece_03_SampledWithNormals.ply:25: property 'float32 focal' of element 'camera' is not handled
[0;m[1;33m[pcl::PLYReader] ../Temp/Data/Pot_A/Pot_A_Piece_03_SampledWithNormals.ply:26: property 'float32 scalex' of element 'camera' is not handled
[0;m[1;33m[pcl::PLYReader] ../Temp/Data/Pot_A/Pot_A_Piece_03_SampledWithNormals.ply:27: property 'float32 scaley' of element 'camera' is not handled
[0;m[1;33m[pcl::PLYReader] ../Temp/Data/Pot_A/Pot_A_Piece_03_SampledWithNormals.ply:28: property 'float32 centerx' of element 'camera' is not handled
[0;m[1;33m[pcl::PLYReader] ../Temp/Data/Pot_A/Pot_A_Piece_03_SampledWithNormals.ply:29: property 'float32 centery' of element 'camera' is not handled
[0;m[1;33m[pcl::PLYReader] ../Temp/Data/Pot_A/Pot_A_Piece_03_SampledWithNormals.ply:32: property 'float32 k1' of element 'camera' is not handled
[0;m[1;33m[pcl::PLYReader] ../Temp/Data/Pot_A/Pot_A_Piece_03_SampledWithNormals.ply:33: property 'float32 k2' of element 'camera' is not handled
[0;m[1;33m[pcl::PLYReader] ../Temp/Data/Pot_A/Pot_A_Piece_03_SampledWithNormals.ply:25: property 'float32 focal' of element 'camera' is not handled
[0;m[1;33m[pcl::PLYReader] ../Temp/Data/Pot_A/Pot_A_Piece_03_SampledWithNormals.ply:26: property 'float32 scalex' of element 'camera' is not handled
[0;m[1;33m[pcl::PLYReader] ../Temp/Data/Pot_A/Pot_A_Piece_03_SampledWithNormals.ply:27: property 'float32 scaley' of element 'camera' is not handled
[0;m[1;33m[pcl::PLYReader] ../Temp/Data/Pot_A/Pot_A_Piece_03_SampledWithNormals.ply:28: property 'float32 centerx' of element 'camera' is not handled
[0;m[1;33m[pcl::PLYReader] ../Temp/Data/Pot_A/Pot_A_Piece_03_SampledWithNormals.ply:29: property 'float32 centery' of element 'camera' is not handled
[0;m[1;33m[pcl::PLYReader] ../Temp/Data/Pot_A/Pot_A_Piece_03_SampledWithNormals.ply:32: property 'float32 k1' of element 'camera' is not handled
[0;m[1;33m[pcl::PLYReader] ../Temp/Data/Pot_A/Pot_A_Piece_03_SampledWithNormals.ply:33: property 'float32 k2' of element 'camera' is not handled
[0;m[1;33m[pcl::PLYReader] ../Temp/Data/Pot_A/Pot_A_Piece_03_SampledWithNormals.ply:25: property 'float32 focal' of element 'camera' is not handled
[0;m[1;33m[pcl::PLYReader] ../Temp/Data/Pot_A/Pot_A_Piece_03_SampledWithNormals.ply:26: property 'float32 scalex' of element 'camera' is not handled
[0;m[1;33m[pcl::PLYReader] ../Temp/Data/Pot_A/Pot_A_Piece_03_SampledWithNormals.ply:27: property 'float32 scaley' of element 'camera' is not handled
[0;m[1;33m[pcl::PLYReader] ../Temp/Data/Pot_A/Pot_A_Piece_03_SampledWithNormals.ply:28: property 'float32 centerx' of element 'camera' is not handled
[0;m[1;33m[pcl::PLYReader] ../Temp/Data/Pot_A/Pot_A_Piece_03_SampledWithNormals.ply:29: property 'float32 centery' of element 'camera' is not handled
[0;m[1;33m[pcl::PLYReader] ../Temp/Data/Pot_A/Pot_A_Piece_03_SampledWithNormals.ply:32: property 'float32 k1' of element 'camera' is not handled
[0;m[1;33m[pcl::PLYReader] ../Temp/Data/Pot_A/Pot_A_Piece_03_SampledWithNormals.ply:33: property 'float32 k2' of element 'camera' is not handled
[0;m[1;33m[pcl::PLYReader] ../Temp/Data/Pot_A/Pot_A_Piece_03_SampledWithNormals.ply:25: property 'float32 focal' of element 'camera' is not handled
[0;m[1;33m[pcl::PLYReader] ../Temp/Data/Pot_A/Pot_A_Piece_03_SampledWithNormals.ply:26: property 'float32 scalex' of element 'camera' is not handled
[0;m[1;33m[pcl::PLYReader] ../Temp/Data/Pot_A/Pot_A_Piece_03_SampledWithNormals.ply:27: property 'float32 scaley' of element 'camera' is not handled
[0;m[1;33m[pcl::PLYReader] ../Temp/Data/Pot_A/Pot_A_Piece_03_SampledWithNormals.ply:28: property 'float32 centerx' of element 'camera' is not handled
[0;m[1;33m[pcl::PLYReader] ../Temp/Data/Pot_A/Pot_A_Piece_03_SampledWithNormals.ply:29: property 'float32 centery' of element 'camera' is not handled
[0;m[1;33m[pcl::PLYReader] ../Temp/Data/Pot_A/Pot_A_Piece_03_SampledWithNormals.ply:32: property 'float32 k1' of element 'camera' is not handled
[0;m[1;33m[pcl::PLYReader] ../Temp/Data/Pot_A/Pot_A_Piece_03_SampledWithNormals.ply:33: property 'float32 k2' of element 'camera' is not handled
[0;m[1;33m[pcl::PLYReader] ../Temp/Data/Pot_A/Pot_A_Piece_03_SampledWithNormals.ply:25: property 'float32 focal' of element 'camera' is not handled
[0;m[1;33m[pcl::PLYReader] ../Temp/Data/Pot_A/Pot_A_Piece_03_SampledWithNormals.ply:26: property 'float32 scalex' of element 'camera' is not handled
[0;m[1;33m[pcl::PLYReader] ../Temp/Data/Pot_A/Pot_A_Piece_03_SampledWithNormals.ply:27: property 'float32 scaley' of element 'camera' is not handled
[0;m[1;33m[pcl::PLYReader] ../Temp/Data/Pot_A/Pot_A_Piece_03_SampledWithNormals.ply:28: property 'float32 centerx' of element 'camera' is not handled
[0;m[1;33m[pcl::PLYReader] ../Temp/Data/Pot_A/Pot_A_Piece_03_SampledWithNormals.ply:29: property 'float32 centery' of element 'camera' is not handled
[0;m[1;33m[pcl::PLYReader] ../Temp/Data/Pot_A/Pot_A_Piece_03_SampledWithNormals.ply:32: property 'float32 k1' of element 'camera' is not handled
[0;m[1;33m[pcl::PLYReader] ../Temp/Data/Pot_A/Pot_A_Piece_03_SampledWithNormals.ply:33: property 'float32 k2' of element 'camera' is not handled
[0;m[1;33m[pcl::PLYReader] ../Temp/Data/Pot_A/Pot_A_Piece_03_SampledWithNormals.ply:25: property 'float32 focal' of element 'camera' is not handled
[0;m[1;33m[pcl::PLYReader] ../Temp/Data/Pot_A/Pot_A_Piece_03_SampledWithNormals.ply:26: property 'float32 scalex' of element 'camera' is not handled
[0;m[1;33m[pcl::PLYReader] ../Temp/Data/Pot_A/Pot_A_Piece_03_SampledWithNormals.ply:27: property 'float32 scaley' of element 'camera' is not handled
[0;m[1;33m[pcl::PLYReader] ../Temp/Data/Pot_A/Pot_A_Piece_03_SampledWithNormals.ply:28: property 'float32 centerx' of element 'camera' is not handled
[0;m[1;33m[pcl::PLYReader] ../Temp/Data/Pot_A/Pot_A_Piece_03_SampledWithNormals.ply:29: property 'float32 centery' of element 'camera' is not handled
[0;m[1;33m[pcl::PLYReader] ../Temp/Data/Pot_A/Pot_A_Piece_03_SampledWithNormals.ply:32: property 'float32 k1' of element 'camera' is not handled
[0;m[1;33m[pcl::PLYReader] ../Temp/Data/Pot_A/Pot_A_Piece_03_SampledWithNormals.ply:33: property 'float32 k2' of element 'camera' is not handled
[0;m[1;33m[pcl::PLYReader] ../Temp/Data/Pot_A/Pot_A_Piece_03_SampledWithNormals.ply:25: property 'float32 focal' of element 'camera' is not handled
[0;m[1;33m[pcl::PLYReader] ../Temp/Data/Pot_A/Pot_A_Piece_03_SampledWithNormals.ply:26: property 'float32 scalex' of element 'camera' is not handled
[0;m[1;33m[pcl::PLYReader] ../Temp/Data/Pot_A/Pot_A_Piece_03_SampledWithNormals.ply:27: property 'float32 scaley' of element 'camera' is not handled
[0;m[1;33m[pcl::PLYReader] ../Temp/Data/Pot_A/Pot_A_Piece_03_SampledWithNormals.ply:28: property 'float32 centerx' of element 'camera' is not handled
[0;m[1;33m[pcl::PLYReader] ../Temp/Data/Pot_A/Pot_A_Piece_03_SampledWithNormals.ply:29: property 'float32 centery' of element 'camera' is not handled
[0;m[1;33m[pcl::PLYReader] ../Temp/Data/Pot_A/Pot_A_Piece_03_SampledWithNormals.ply:32: property 'float32 k1' of element 'camera' is not handled
[0;m[1;33m[pcl::PLYReader] ../Temp/Data/Pot_A/Pot_A_Piece_03_SampledWithNormals.ply:33: property 'float32 k2' of element 'camera' is not handled
[0;m[1;33m[pcl::PLYReader] ../Temp/Data/Pot_A/Pot_A_Piece_03_SampledWithNormals.ply:25: property 'float32 focal' of element 'camera' is not handled
[0;m[1;33m[pcl::PLYReader] ../Temp/Data/Pot_A/Pot_A_Piece_03_SampledWithNormals.ply:26: property 'float32 scalex' of element 'camera' is not handled
[0;m[1;33m[pcl::PLYReader] ../Temp/Data/Pot_A/Pot_A_Piece_03_SampledWithNormals.ply:27: property 'float32 scaley' of element 'camera' is not handled
[0;m[1;33m[pcl::PLYReader] ../Temp/Data/Pot_A/Pot_A_Piece_03_SampledWithNormals.ply:28: property 'float32 centerx' of element 'camera' is not handled
[0;m[1;33m[pcl::PLYReader] ../Temp/Data/Pot_A/Pot_A_Piece_03_SampledWithNormals.ply:29: property 'float32 centery' of element 'camera' is not handled
[0;m[1;33m[pcl::PLYReader] ../Temp/Data/Pot_A/Pot_A_Piece_03_SampledWithNormals.ply:32: property 'float32 k1' of element 'camera' is not handled
[0;m[1;33m[pcl::PLYReader] ../Temp/Data/Pot_A/Pot_A_Piece_03_SampledWithNormals.ply:33: property 'float32 k2' of element 'camera' is not handled
[0;m[1;33m[pcl::PLYReader] ../Temp/Data/Pot_A/Pot_A_Piece_03_unclustered.ply:25: property 'float32 focal' of element 'camera' is not handled
[0;m[1;33m[pcl::PLYReader] ../Temp/Data/Pot_A/Pot_A_Piece_03_unclustered.ply:26: property 'float32 scalex' of element 'camera' is not handled
[0;m[1;33m[pcl::PLYReader] ../Temp/Data/Pot_A/Pot_A_Piece_03_unclustered.ply:27: property 'float32 scaley' of element 'camera' is not handled
[0;m[1;33m[pcl::PLYReader] ../Temp/Data/Pot_A/Pot_A_Piece_03_unclustered.ply:28: property 'float32 centerx' of element 'camera' is not handled
[0;m[1;33m[pcl::PLYReader] ../Temp/Data/Pot_A/Pot_A_Piece_03_unclustered.ply:29: property 'float32 centery' of element 'camera' is not handled
[0;m[1;33m[pcl::PLYReader] ../Temp/Data/Pot_A/Pot_A_Piece_03_unclustered.ply:32: property 'float32 k1' of element 'camera' is not handled
[0;m[1;33m[pcl::PLYReader] ../Temp/Data/Pot_A/Pot_A_Piece_03_unclustered.ply:33: property 'float32 k2' of element 'camera' is not handled
[0;m[1;33m[pcl::PLYReader] ../Temp/Temp_edge/Pot_A/_breakLineFromConcaveHull.ply:21: property 'float32 focal' of element 'camera' is not handled
[0;m[1;33m[pcl::PLYReader] ../Temp/Temp_edge/Pot_A/_breakLineFromConcaveHull.ply:22: property 'float32 scalex' of element 'camera' is not handled
[0;m[1;33m[pcl::PLYReader] ../Temp/Temp_edge/Pot_A/_breakLineFromConcaveHull.ply:23: property 'float32 scaley' of element 'camera' is not handled
[0;m[1;33m[pcl::PLYReader] ../Temp/Temp_edge/Pot_A/_breakLineFromConcaveHull.ply:24: property 'float32 centerx' of element 'camera' is not handled
[0;m[1;33m[pcl::PLYReader] ../Temp/Temp_edge/Pot_A/_breakLineFromConcaveHull.ply:25: property 'float32 centery' of element 'camera' is not handled
[0;m[1;33m[pcl::PLYReader] ../Temp/Temp_edge/Pot_A/_breakLineFromConcaveHull.ply:28: property 'float32 k1' of element 'camera' is not handled
[0;m[1;33m[pcl::PLYReader] ../Temp/Temp_edge/Pot_A/_breakLineFromConcaveHull.ply:29: property 'float32 k2' of element 'camera' is not handled
[0;m[1;33mFailed to find match for field 'normal_x'.
[0;m[1;33mFailed to find match for field 'normal_y'.
[0;m[1;33mFailed to find match for field 'normal_z'.
[0;m[1;33mFailed to find match for field 'curvature'.
[0;m[1;33m[pcl::PLYReader] ../Temp/Data/Pot_A/Pot_A_Piece_03_SampledWithNormals.ply:25: property 'float32 focal' of element 'camera' is not handled
[0;m[1;33m[pcl::PLYReader] ../Temp/Data/Pot_A/Pot_A_Piece_03_SampledWithNormals.ply:26: property 'float32 scalex' of element 'camera' is not handled
[0;m[1;33m[pcl::PLYReader] ../Temp/Data/Pot_A/Pot_A_Piece_03_SampledWithNormals.ply:27: property 'float32 scaley' of element 'camera' is not handled
[0;m[1;33m[pcl::PLYReader] ../Temp/Data/Pot_A/Pot_A_Piece_03_SampledWithNormals.ply:28: property 'float32 centerx' of element 'camera' is not handled
[0;m[1;33m[pcl::PLYReader] ../Temp/Data/Pot_A/Pot_A_Piece_03_SampledWithNormals.ply:29: property 'float32 centery' of element 'camera' is not handled
[0;m[1;33m[pcl::PLYReader] ../Temp/Data/Pot_A/Pot_A_Piece_03_SampledWithNormals.ply:32: property 'float32 k1' of element 'camera' is not handled
[0;m[1;33m[pcl::PLYReader] ../Temp/Data/Pot_A/Pot_A_Piece_03_SampledWithNormals.ply:33: property 'float32 k2' of element 'camera' is not handled
[0;m[1;33m[pcl::PLYReader] ../Temp/Data/Pot_A/Pot_A_Piece_03_SampledWithNormals.ply:25: property 'float32 focal' of element 'camera' is not handled
[0;m[1;33m[pcl::PLYReader] ../Temp/Data/Pot_A/Pot_A_Piece_03_SampledWithNormals.ply:26: property 'float32 scalex' of element 'camera' is not handled
[0;m[1;33m[pcl::PLYReader] ../Temp/Data/Pot_A/Pot_A_Piece_03_SampledWithNormals.ply:27: property 'float32 scaley' of element 'camera' is not handled
[0;m[1;33m[pcl::PLYReader] ../Temp/Data/Pot_A/Pot_A_Piece_03_SampledWithNormals.ply:28: property 'float32 centerx' of element 'camera' is not handled
[0;m[1;33m[pcl::PLYReader] ../Temp/Data/Pot_A/Pot_A_Piece_03_SampledWithNormals.ply:29: property 'float32 centery' of element 'camera' is not handled
[0;m[1;33m[pcl::PLYReader] ../Temp/Data/Pot_A/Pot_A_Piece_03_SampledWithNormals.ply:32: property 'float32 k1' of element 'camera' is not handled
[0;m[1;33m[pcl::PLYReader] ../Temp/Data/Pot_A/Pot_A_Piece_03_SampledWithNormals.ply:33: property 'float32 k2' of element 'camera' is not handled
[0;m[1;33m[pcl::PLYReader] ../Temp/Data/Pot_A/Pot_A_Piece_03_SampledWithNormals.ply:25: property 'float32 focal' of element 'camera' is not handled
[0;m[1;33m[pcl::PLYReader] ../Temp/Data/Pot_A/Pot_A_Piece_03_SampledWithNormals.ply:26: property 'float32 scalex' of element 'camera' is not handled
[0;m[1;33m[pcl::PLYReader] ../Temp/Data/Pot_A/Pot_A_Piece_03_SampledWithNormals.ply:27: property 'float32 scaley' of element 'camera' is not handled
[0;m[1;33m[pcl::PLYReader] ../Temp/Data/Pot_A/Pot_A_Piece_03_SampledWithNormals.ply:28: property 'float32 centerx' of element 'camera' is not handled
[0;m[1;33m[pcl::PLYReader] ../Temp/Data/Pot_A/Pot_A_Piece_03_SampledWithNormals.ply:29: property 'float32 centery' of element 'camera' is not handled
[0;m[1;33m[pcl::PLYReader] ../Temp/Data/Pot_A/Pot_A_Piece_03_SampledWithNormals.ply:32: property 'float32 k1' of element 'camera' is not handled
[0;m[1;33m[pcl::PLYReader] ../Temp/Data/Pot_A/Pot_A_Piece_03_SampledWithNormals.ply:33: property 'float32 k2' of element 'camera' is not handled
[0;m[1;33m[pcl::PLYReader] ../Temp/Data/Pot_A/Pot_A_Piece_03_SampledWithNormals.ply:25: property 'float32 focal' of element 'camera' is not handled
[0;m[1;33m[pcl::PLYReader] ../Temp/Data/Pot_A/Pot_A_Piece_03_SampledWithNormals.ply:26: property 'float32 scalex' of element 'camera' is not handled
[0;m[1;33m[pcl::PLYReader] ../Temp/Data/Pot_A/Pot_A_Piece_03_SampledWithNormals.ply:27: property 'float32 scaley' of element 'camera' is not handled
[0;m[1;33m[pcl::PLYReader] ../Temp/Data/Pot_A/Pot_A_Piece_03_SampledWithNormals.ply:28: property 'float32 centerx' of element 'camera' is not handled
[0;m[1;33m[pcl::PLYReader] ../Temp/Data/Pot_A/Pot_A_Piece_03_SampledWithNormals.ply:29: property 'float32 centery' of element 'camera' is not handled
[0;m[1;33m[pcl::PLYReader] ../Temp/Data/Pot_A/Pot_A_Piece_03_SampledWithNormals.ply:32: property 'float32 k1' of element 'camera' is not handled
[0;m[1;33m[pcl::PLYReader] ../Temp/Data/Pot_A/Pot_A_Piece_03_SampledWithNormals.ply:33: property 'float32 k2' of element 'camera' is not handled
[0;m[1;33m[pcl::PLYReader] ../Temp/Data/Pot_A/Pot_A_Piece_03_SampledWithNormals.ply:25: property 'float32 focal' of element 'camera' is not handled
[0;m[1;33m[pcl::PLYReader] ../Temp/Data/Pot_A/Pot_A_Piece_03_SampledWithNormals.ply:26: property 'float32 scalex' of element 'camera' is not handled
[0;m[1;33m[pcl::PLYReader] ../Temp/Data/Pot_A/Pot_A_Piece_03_SampledWithNormals.ply:27: property 'float32 scaley' of element 'camera' is not handled
[0;m[1;33m[pcl::PLYReader] ../Temp/Data/Pot_A/Pot_A_Piece_03_SampledWithNormals.ply:28: property 'float32 centerx' of element 'camera' is not handled
[0;m[1;33m[pcl::PLYReader] ../Temp/Data/Pot_A/Pot_A_Piece_03_SampledWithNormals.ply:29: property 'float32 centery' of element 'camera' is not handled
[0;m[1;33m[pcl::PLYReader] ../Temp/Data/Pot_A/Pot_A_Piece_03_SampledWithNormals.ply:32: property 'float32 k1' of element 'camera' is not handled
[0;m[1;33m[pcl::PLYReader] ../Temp/Data/Pot_A/Pot_A_Piece_03_SampledWithNormals.ply:33: property 'float32 k2' of element 'camera' is not handled
[0;m[1;33m[pcl::PLYReader] ../Temp/Data/Pot_A/Pot_A_Piece_03_SampledWithNormals.ply:25: property 'float32 focal' of element 'camera' is not handled
[0;m[1;33m[pcl::PLYReader] ../Temp/Data/Pot_A/Pot_A_Piece_03_SampledWithNormals.ply:26: property 'float32 scalex' of element 'camera' is not handled
[0;m[1;33m[pcl::PLYReader] ../Temp/Data/Pot_A/Pot_A_Piece_03_SampledWithNormals.ply:27: property 'float32 scaley' of element 'camera' is not handled
[0;m[1;33m[pcl::PLYReader] ../Temp/Data/Pot_A/Pot_A_Piece_03_SampledWithNormals.ply:28: property 'float32 centerx' of element 'camera' is not handled
[0;m[1;33m[pcl::PLYReader] ../Temp/Data/Pot_A/Pot_A_Piece_03_SampledWithNormals.ply:29: property 'float32 centery' of element 'camera' is not handled
[0;m[1;33m[pcl::PLYReader] ../Temp/Data/Pot_A/Pot_A_Piece_03_SampledWithNormals.ply:32: property 'float32 k1' of element 'camera' is not handled
[0;m[1;33m[pcl::PLYReader] ../Temp/Data/Pot_A/Pot_A_Piece_03_SampledWithNormals.ply:33: property 'float32 k2' of element 'camera' is not handled
[0;m[1;33m[pcl::PLYReader] ../Temp/Data/Pot_A/Pot_A_Piece_03_SampledWithNormals.ply:25: property 'float32 focal' of element 'camera' is not handled
[0;m[1;33m[pcl::PLYReader] ../Temp/Data/Pot_A/Pot_A_Piece_03_SampledWithNormals.ply:26: property 'float32 scalex' of element 'camera' is not handled
[0;m[1;33m[pcl::PLYReader] ../Temp/Data/Pot_A/Pot_A_Piece_03_SampledWithNormals.ply:27: property 'float32 scaley' of element 'camera' is not handled
[0;m[1;33m[pcl::PLYReader] ../Temp/Data/Pot_A/Pot_A_Piece_03_SampledWithNormals.ply:28: property 'float32 centerx' of element 'camera' is not handled
[0;m[1;33m[pcl::PLYReader] ../Temp/Data/Pot_A/Pot_A_Piece_03_SampledWithNormals.ply:29: property 'float32 centery' of element 'camera' is not handled
[0;m[1;33m[pcl::PLYReader] ../Temp/Data/Pot_A/Pot_A_Piece_03_SampledWithNormals.ply:32: property 'float32 k1' of element 'camera' is not handled
[0;m[1;33m[pcl::PLYReader] ../Temp/Data/Pot_A/Pot_A_Piece_03_SampledWithNormals.ply:33: property 'float32 k2' of element 'camera' is not handled
[0;m[1;33m[pcl::PLYReader] ../Temp/Data/Pot_A/Pot_A_Piece_03_SampledWithNormals.ply:25: property 'float32 focal' of element 'camera' is not handled
[0;m[1;33m[pcl::PLYReader] ../Temp/Data/Pot_A/Pot_A_Piece_03_SampledWithNormals.ply:26: property 'float32 scalex' of element 'camera' is not handled
[0;m[1;33m[pcl::PLYReader] ../Temp/Data/Pot_A/Pot_A_Piece_03_SampledWithNormals.ply:27: property 'float32 scaley' of element 'camera' is not handled
[0;m[1;33m[pcl::PLYReader] ../Temp/Data/Pot_A/Pot_A_Piece_03_SampledWithNormals.ply:28: property 'float32 centerx' of element 'camera' is not handled
[0;m[1;33m[pcl::PLYReader] ../Temp/Data/Pot_A/Pot_A_Piece_03_SampledWithNormals.ply:29: property 'float32 centery' of element 'camera' is not handled
[0;m[1;33m[pcl::PLYReader] ../Temp/Data/Pot_A/Pot_A_Piece_03_SampledWithNormals.ply:32: property 'float32 k1' of element 'camera' is not handled
[0;m[1;33m[pcl::PLYReader] ../Temp/Data/Pot_A/Pot_A_Piece_03_SampledWithNormals.ply:33: property 'float32 k2' of element 'camera' is not handled
[0;m[1;33m[pcl::PLYReader] ../Temp/Data/Pot_A/Pot_A_Piece_04_unclustered.ply:25: property 'float32 focal' of element 'camera' is not handled
[0;m[1;33m[pcl::PLYReader] ../Temp/Data/Pot_A/Pot_A_Piece_04_unclustered.ply:26: property 'float32 scalex' of element 'camera' is not handled
[0;m[1;33m[pcl::PLYReader] ../Temp/Data/Pot_A/Pot_A_Piece_04_unclustered.ply:27: property 'float32 scaley' of element 'camera' is not handled
[0;m[1;33m[pcl::PLYReader] ../Temp/Data/Pot_A/Pot_A_Piece_04_unclustered.ply:28: property 'float32 centerx' of element 'camera' is not handled
[0;m[1;33m[pcl::PLYReader] ../Temp/Data/Pot_A/Pot_A_Piece_04_unclustered.ply:29: property 'float32 centery' of element 'camera' is not handled
[0;m[1;33m[pcl::PLYReader] ../Temp/Data/Pot_A/Pot_A_Piece_04_unclustered.ply:32: property 'float32 k1' of element 'camera' is not handled
[0;m[1;33m[pcl::PLYReader] ../Temp/Data/Pot_A/Pot_A_Piece_04_unclustered.ply:33: property 'float32 k2' of element 'camera' is not handled
[0;m[1;33m[pcl::PLYReader] ../Temp/Temp_edge/Pot_A/_breakLineFromConcaveHull.ply:21: property 'float32 focal' of element 'camera' is not handled
[0;m[1;33m[pcl::PLYReader] ../Temp/Temp_edge/Pot_A/_breakLineFromConcaveHull.ply:22: property 'float32 scalex' of element 'camera' is not handled
[0;m[1;33m[pcl::PLYReader] ../Temp/Temp_edge/Pot_A/_breakLineFromConcaveHull.ply:23: property 'float32 scaley' of element 'camera' is not handled
[0;m[1;33m[pcl::PLYReader] ../Temp/Temp_edge/Pot_A/_breakLineFromConcaveHull.ply:24: property 'float32 centerx' of element 'camera' is not handled
[0;m[1;33m[pcl::PLYReader] ../Temp/Temp_edge/Pot_A/_breakLineFromConcaveHull.ply:25: property 'float32 centery' of element 'camera' is not handled
[0;m[1;33m[pcl::PLYReader] ../Temp/Temp_edge/Pot_A/_breakLineFromConcaveHull.ply:28: property 'float32 k1' of element 'camera' is not handled
[0;m[1;33m[pcl::PLYReader] ../Temp/Temp_edge/Pot_A/_breakLineFromConcaveHull.ply:29: property 'float32 k2' of element 'camera' is not handled
[0;m[1;33mFailed to find match for field 'normal_x'.
[0;m[1;33mFailed to find match for field 'normal_y'.
[0;m[1;33mFailed to find match for field 'normal_z'.
[0;m[1;33mFailed to find match for field 'curvature'.
[0;m[1;33m[pcl::PLYReader] ../Temp/Data/Pot_A/Pot_A_Piece_04_SampledWithNormals.ply:25: property 'float32 focal' of element 'camera' is not handled
[0;m[1;33m[pcl::PLYReader] ../Temp/Data/Pot_A/Pot_A_Piece_04_SampledWithNormals.ply:26: property 'float32 scalex' of element 'camera' is not handled
[0;m[1;33m[pcl::PLYReader] ../Temp/Data/Pot_A/Pot_A_Piece_04_SampledWithNormals.ply:27: property 'float32 scaley' of element 'camera' is not handled
[0;m[1;33m[pcl::PLYReader] ../Temp/Data/Pot_A/Pot_A_Piece_04_SampledWithNormals.ply:28: property 'float32 centerx' of element 'camera' is not handled
[0;m[1;33m[pcl::PLYReader] ../Temp/Data/Pot_A/Pot_A_Piece_04_SampledWithNormals.ply:29: property 'float32 centery' of element 'camera' is not handled
[0;m[1;33m[pcl::PLYReader] ../Temp/Data/Pot_A/Pot_A_Piece_04_SampledWithNormals.ply:32: property 'float32 k1' of element 'camera' is not handled
[0;m[1;33m[pcl::PLYReader] ../Temp/Data/Pot_A/Pot_A_Piece_04_SampledWithNormals.ply:33: property 'float32 k2' of element 'camera' is not handled
[0;m[1;33m[pcl::PLYReader] ../Temp/Data/Pot_A/Pot_A_Piece_04_SampledWithNormals.ply:25: property 'float32 focal' of element 'camera' is not handled
[0;m[1;33m[pcl::PLYReader] ../Temp/Data/Pot_A/Pot_A_Piece_04_SampledWithNormals.ply:26: property 'float32 scalex' of element 'camera' is not handled
[0;m[1;33m[pcl::PLYReader] ../Temp/Data/Pot_A/Pot_A_Piece_04_SampledWithNormals.ply:27: property 'float32 scaley' of element 'camera' is not handled
[0;m[1;33m[pcl::PLYReader] ../Temp/Data/Pot_A/Pot_A_Piece_04_SampledWithNormals.ply:28: property 'float32 centerx' of element 'camera' is not handled
[0;m[1;33m[pcl::PLYReader] ../Temp/Data/Pot_A/Pot_A_Piece_04_SampledWithNormals.ply:29: property 'float32 centery' of element 'camera' is not handled
[0;m[1;33m[pcl::PLYReader] ../Temp/Data/Pot_A/Pot_A_Piece_04_SampledWithNormals.ply:32: property 'float32 k1' of element 'camera' is not handled
[0;m[1;33m[pcl::PLYReader] ../Temp/Data/Pot_A/Pot_A_Piece_04_SampledWithNormals.ply:33: property 'float32 k2' of element 'camera' is not handled
[0;m[1;33m[pcl::PLYReader] ../Temp/Data/Pot_A/Pot_A_Piece_04_SampledWithNormals.ply:25: property 'float32 focal' of element 'camera' is not handled
[0;m[1;33m[pcl::PLYReader] ../Temp/Data/Pot_A/Pot_A_Piece_04_SampledWithNormals.ply:26: property 'float32 scalex' of element 'camera' is not handled
[0;m[1;33m[pcl::PLYReader] ../Temp/Data/Pot_A/Pot_A_Piece_04_SampledWithNormals.ply:27: property 'float32 scaley' of element 'camera' is not handled
[0;m[1;33m[pcl::PLYReader] ../Temp/Data/Pot_A/Pot_A_Piece_04_SampledWithNormals.ply:28: property 'float32 centerx' of element 'camera' is not handled
[0;m[1;33m[pcl::PLYReader] ../Temp/Data/Pot_A/Pot_A_Piece_04_SampledWithNormals.ply:29: property 'float32 centery' of element 'camera' is not handled
[0;m[1;33m[pcl::PLYReader] ../Temp/Data/Pot_A/Pot_A_Piece_04_SampledWithNormals.ply:32: property 'float32 k1' of element 'camera' is not handled
[0;m[1;33m[pcl::PLYReader] ../Temp/Data/Pot_A/Pot_A_Piece_04_SampledWithNormals.ply:33: property 'float32 k2' of element 'camera' is not handled
[0;m[1;33m[pcl::PLYReader] ../Temp/Data/Pot_A/Pot_A_Piece_04_SampledWithNormals.ply:25: property 'float32 focal' of element 'camera' is not handled
[0;m[1;33m[pcl::PLYReader] ../Temp/Data/Pot_A/Pot_A_Piece_04_SampledWithNormals.ply:26: property 'float32 scalex' of element 'camera' is not handled
[0;m[1;33m[pcl::PLYReader] ../Temp/Data/Pot_A/Pot_A_Piece_04_SampledWithNormals.ply:27: property 'float32 scaley' of element 'camera' is not handled
[0;m[1;33m[pcl::PLYReader] ../Temp/Data/Pot_A/Pot_A_Piece_04_SampledWithNormals.ply:28: property 'float32 centerx' of element 'camera' is not handled
[0;m[1;33m[pcl::PLYReader] ../Temp/Data/Pot_A/Pot_A_Piece_04_SampledWithNormals.ply:29: property 'float32 centery' of element 'camera' is not handled
[0;m[1;33m[pcl::PLYReader] ../Temp/Data/Pot_A/Pot_A_Piece_04_SampledWithNormals.ply:32: property 'float32 k1' of element 'camera' is not handled
[0;m[1;33m[pcl::PLYReader] ../Temp/Data/Pot_A/Pot_A_Piece_04_SampledWithNormals.ply:33: property 'float32 k2' of element 'camera' is not handled
[0;m[1;33m[pcl::PLYReader] ../Temp/Data/Pot_A/Pot_A_Piece_04_SampledWithNormals.ply:25: property 'float32 focal' of element 'camera' is not handled
[0;m[1;33m[pcl::PLYReader] ../Temp/Data/Pot_A/Pot_A_Piece_04_SampledWithNormals.ply:26: property 'float32 scalex' of element 'camera' is not handled
[0;m[1;33m[pcl::PLYReader] ../Temp/Data/Pot_A/Pot_A_Piece_04_SampledWithNormals.ply:27: property 'float32 scaley' of element 'camera' is not handled
[0;m[1;33m[pcl::PLYReader] ../Temp/Data/Pot_A/Pot_A_Piece_04_SampledWithNormals.ply:28: property 'float32 centerx' of element 'camera' is not handled
[0;m[1;33m[pcl::PLYReader] ../Temp/Data/Pot_A/Pot_A_Piece_04_SampledWithNormals.ply:29: property 'float32 centery' of element 'camera' is not handled
[0;m[1;33m[pcl::PLYReader] ../Temp/Data/Pot_A/Pot_A_Piece_04_SampledWithNormals.ply:32: property 'float32 k1' of element 'camera' is not handled
[0;m[1;33m[pcl::PLYReader] ../Temp/Data/Pot_A/Pot_A_Piece_04_SampledWithNormals.ply:33: property 'float32 k2' of element 'camera' is not handled
[0;m[1;33m[pcl::PLYReader] ../Temp/Data/Pot_A/Pot_A_Piece_04_SampledWithNormals.ply:25: property 'float32 focal' of element 'camera' is not handled
[0;m[1;33m[pcl::PLYReader] ../Temp/Data/Pot_A/Pot_A_Piece_04_SampledWithNormals.ply:26: property 'float32 scalex' of element 'camera' is not handled
[0;m[1;33m[pcl::PLYReader] ../Temp/Data/Pot_A/Pot_A_Piece_04_SampledWithNormals.ply:27: property 'float32 scaley' of element 'camera' is not handled
[0;m[1;33m[pcl::PLYReader] ../Temp/Data/Pot_A/Pot_A_Piece_04_SampledWithNormals.ply:28: property 'float32 centerx' of element 'camera' is not handled
[0;m[1;33m[pcl::PLYReader] ../Temp/Data/Pot_A/Pot_A_Piece_04_SampledWithNormals.ply:29: property 'float32 centery' of element 'camera' is not handled
[0;m[1;33m[pcl::PLYReader] ../Temp/Data/Pot_A/Pot_A_Piece_04_SampledWithNormals.ply:32: property 'float32 k1' of element 'camera' is not handled
[0;m[1;33m[pcl::PLYReader] ../Temp/Data/Pot_A/Pot_A_Piece_04_SampledWithNormals.ply:33: property 'float32 k2' of element 'camera' is not handled
[0;m[1;33m[pcl::PLYReader] ../Temp/Data/Pot_A/Pot_A_Piece_04_SampledWithNormals.ply:25: property 'float32 focal' of element 'camera' is not handled
[0;m[1;33m[pcl::PLYReader] ../Temp/Data/Pot_A/Pot_A_Piece_04_SampledWithNormals.ply:26: property 'float32 scalex' of element 'camera' is not handled
[0;m[1;33m[pcl::PLYReader] ../Temp/Data/Pot_A/Pot_A_Piece_04_SampledWithNormals.ply:27: property 'float32 scaley' of element 'camera' is not handled
[0;m[1;33m[pcl::PLYReader] ../Temp/Data/Pot_A/Pot_A_Piece_04_SampledWithNormals.ply:28: property 'float32 centerx' of element 'camera' is not handled
[0;m[1;33m[pcl::PLYReader] ../Temp/Data/Pot_A/Pot_A_Piece_04_SampledWithNormals.ply:29: property 'float32 centery' of element 'camera' is not handled
[0;m[1;33m[pcl::PLYReader] ../Temp/Data/Pot_A/Pot_A_Piece_04_SampledWithNormals.ply:32: property 'float32 k1' of element 'camera' is not handled
[0;m[1;33m[pcl::PLYReader] ../Temp/Data/Pot_A/Pot_A_Piece_04_SampledWithNormals.ply:33: property 'float32 k2' of element 'camera' is not handled
[0;m[1;33m[pcl::PLYReader] ../Temp/Data/Pot_A/Pot_A_Piece_04_SampledWithNormals.ply:25: property 'float32 focal' of element 'camera' is not handled
[0;m[1;33m[pcl::PLYReader] ../Temp/Data/Pot_A/Pot_A_Piece_04_SampledWithNormals.ply:26: property 'float32 scalex' of element 'camera' is not handled
[0;m[1;33m[pcl::PLYReader] ../Temp/Data/Pot_A/Pot_A_Piece_04_SampledWithNormals.ply:27: property 'float32 scaley' of element 'camera' is not handled
[0;m[1;33m[pcl::PLYReader] ../Temp/Data/Pot_A/Pot_A_Piece_04_SampledWithNormals.ply:28: property 'float32 centerx' of element 'camera' is not handled
[0;m[1;33m[pcl::PLYReader] ../Temp/Data/Pot_A/Pot_A_Piece_04_SampledWithNormals.ply:29: property 'float32 centery' of element 'camera' is not handled
[0;m[1;33m[pcl::PLYReader] ../Temp/Data/Pot_A/Pot_A_Piece_04_SampledWithNormals.ply:32: property 'float32 k1' of element 'camera' is not handled
[0;m[1;33m[pcl::PLYReader] ../Temp/Data/Pot_A/Pot_A_Piece_04_SampledWithNormals.ply:33: property 'float32 k2' of element 'camera' is not handled
[0;m[1;33m[pcl::PLYReader] ../Temp/Data/Pot_A/Pot_A_Piece_04_unclustered.ply:25: property 'float32 focal' of element 'camera' is not handled
[0;m[1;33m[pcl::PLYReader] ../Temp/Data/Pot_A/Pot_A_Piece_04_unclustered.ply:26: property 'float32 scalex' of element 'camera' is not handled
[0;m[1;33m[pcl::PLYReader] ../Temp/Data/Pot_A/Pot_A_Piece_04_unclustered.ply:27: property 'float32 scaley' of element 'camera' is not handled
[0;m[1;33m[pcl::PLYReader] ../Temp/Data/Pot_A/Pot_A_Piece_04_unclustered.ply:28: property 'float32 centerx' of element 'camera' is not handled
[0;m[1;33m[pcl::PLYReader] ../Temp/Data/Pot_A/Pot_A_Piece_04_unclustered.ply:29: property 'float32 centery' of element 'camera' is not handled
[0;m[1;33m[pcl::PLYReader] ../Temp/Data/Pot_A/Pot_A_Piece_04_unclustered.ply:32: property 'float32 k1' of element 'camera' is not handled
[0;m[1;33m[pcl::PLYReader] ../Temp/Data/Pot_A/Pot_A_Piece_04_unclustered.ply:33: property 'float32 k2' of element 'camera' is not handled
[0;m[1;33m[pcl::PLYReader] ../Temp/Temp_edge/Pot_A/_breakLineFromConcaveHull.ply:21: property 'float32 focal' of element 'camera' is not handled
[0;m[1;33m[pcl::PLYReader] ../Temp/Temp_edge/Pot_A/_breakLineFromConcaveHull.ply:22: property 'float32 scalex' of element 'camera' is not handled
[0;m[1;33m[pcl::PLYReader] ../Temp/Temp_edge/Pot_A/_breakLineFromConcaveHull.ply:23: property 'float32 scaley' of element 'camera' is not handled
[0;m[1;33m[pcl::PLYReader] ../Temp/Temp_edge/Pot_A/_breakLineFromConcaveHull.ply:24: property 'float32 centerx' of element 'camera' is not handled
[0;m[1;33m[pcl::PLYReader] ../Temp/Temp_edge/Pot_A/_breakLineFromConcaveHull.ply:25: property 'float32 centery' of element 'camera' is not handled
[0;m[1;33m[pcl::PLYReader] ../Temp/Temp_edge/Pot_A/_breakLineFromConcaveHull.ply:28: property 'float32 k1' of element 'camera' is not handled
[0;m[1;33m[pcl::PLYReader] ../Temp/Temp_edge/Pot_A/_breakLineFromConcaveHull.ply:29: property 'float32 k2' of element 'camera' is not handled
[0;m[1;33mFailed to find match for field 'normal_x'.
[0;m[1;33mFailed to find match for field 'normal_y'.
[0;m[1;33mFailed to find match for field 'normal_z'.
[0;m[1;33mFailed to find match for field 'curvature'.
[0;m[1;33m[pcl::PLYReader] ../Temp/Data/Pot_A/Pot_A_Piece_04_SampledWithNormals.ply:25: property 'float32 focal' of element 'camera' is not handled
[0;m[1;33m[pcl::PLYReader] ../Temp/Data/Pot_A/Pot_A_Piece_04_SampledWithNormals.ply:26: property 'float32 scalex' of element 'camera' is not handled
[0;m[1;33m[pcl::PLYReader] ../Temp/Data/Pot_A/Pot_A_Piece_04_SampledWithNormals.ply:27: property 'float32 scaley' of element 'camera' is not handled
[0;m[1;33m[pcl::PLYReader] ../Temp/Data/Pot_A/Pot_A_Piece_04_SampledWithNormals.ply:28: property 'float32 centerx' of element 'camera' is not handled
[0;m[1;33m[pcl::PLYReader] ../Temp/Data/Pot_A/Pot_A_Piece_04_SampledWithNormals.ply:29: property 'float32 centery' of element 'camera' is not handled
[0;m[1;33m[pcl::PLYReader] ../Temp/Data/Pot_A/Pot_A_Piece_04_SampledWithNormals.ply:32: property 'float32 k1' of element 'camera' is not handled
[0;m[1;33m[pcl::PLYReader] ../Temp/Data/Pot_A/Pot_A_Piece_04_SampledWithNormals.ply:33: property 'float32 k2' of element 'camera' is not handled
[0;m[1;33m[pcl::PLYReader] ../Temp/Data/Pot_A/Pot_A_Piece_04_SampledWithNormals.ply:25: property 'float32 focal' of element 'camera' is not handled
[0;m[1;33m[pcl::PLYReader] ../Temp/Data/Pot_A/Pot_A_Piece_04_SampledWithNormals.ply:26: property 'float32 scalex' of element 'camera' is not handled
[0;m[1;33m[pcl::PLYReader] ../Temp/Data/Pot_A/Pot_A_Piece_04_SampledWithNormals.ply:27: property 'float32 scaley' of element 'camera' is not handled
[0;m[1;33m[pcl::PLYReader] ../Temp/Data/Pot_A/Pot_A_Piece_04_SampledWithNormals.ply:28: property 'float32 centerx' of element 'camera' is not handled
[0;m[1;33m[pcl::PLYReader] ../Temp/Data/Pot_A/Pot_A_Piece_04_SampledWithNormals.ply:29: property 'float32 centery' of element 'camera' is not handled
[0;m[1;33m[pcl::PLYReader] ../Temp/Data/Pot_A/Pot_A_Piece_04_SampledWithNormals.ply:32: property 'float32 k1' of element 'camera' is not handled
[0;m[1;33m[pcl::PLYReader] ../Temp/Data/Pot_A/Pot_A_Piece_04_SampledWithNormals.ply:33: property 'float32 k2' of element 'camera' is not handled
[0;m[1;33m[pcl::PLYReader] ../Temp/Data/Pot_A/Pot_A_Piece_04_SampledWithNormals.ply:25: property 'float32 focal' of element 'camera' is not handled
[0;m[1;33m[pcl::PLYReader] ../Temp/Data/Pot_A/Pot_A_Piece_04_SampledWithNormals.ply:26: property 'float32 scalex' of element 'camera' is not handled
[0;m[1;33m[pcl::PLYReader] ../Temp/Data/Pot_A/Pot_A_Piece_04_SampledWithNormals.ply:27: property 'float32 scaley' of element 'camera' is not handled
[0;m[1;33m[pcl::PLYReader] ../Temp/Data/Pot_A/Pot_A_Piece_04_SampledWithNormals.ply:28: property 'float32 centerx' of element 'camera' is not handled
[0;m[1;33m[pcl::PLYReader] ../Temp/Data/Pot_A/Pot_A_Piece_04_SampledWithNormals.ply:29: property 'float32 centery' of element 'camera' is not handled
[0;m[1;33m[pcl::PLYReader] ../Temp/Data/Pot_A/Pot_A_Piece_04_SampledWithNormals.ply:32: property 'float32 k1' of element 'camera' is not handled
[0;m[1;33m[pcl::PLYReader] ../Temp/Data/Pot_A/Pot_A_Piece_04_SampledWithNormals.ply:33: property 'float32 k2' of element 'camera' is not handled
[0;m[1;33m[pcl::PLYReader] ../Temp/Data/Pot_A/Pot_A_Piece_04_SampledWithNormals.ply:25: property 'float32 focal' of element 'camera' is not handled
[0;m[1;33m[pcl::PLYReader] ../Temp/Data/Pot_A/Pot_A_Piece_04_SampledWithNormals.ply:26: property 'float32 scalex' of element 'camera' is not handled
[0;m[1;33m[pcl::PLYReader] ../Temp/Data/Pot_A/Pot_A_Piece_04_SampledWithNormals.ply:27: property 'float32 scaley' of element 'camera' is not handled
[0;m[1;33m[pcl::PLYReader] ../Temp/Data/Pot_A/Pot_A_Piece_04_SampledWithNormals.ply:28: property 'float32 centerx' of element 'camera' is not handled
[0;m[1;33m[pcl::PLYReader] ../Temp/Data/Pot_A/Pot_A_Piece_04_SampledWithNormals.ply:29: property 'float32 centery' of element 'camera' is not handled
[0;m[1;33m[pcl::PLYReader] ../Temp/Data/Pot_A/Pot_A_Piece_04_SampledWithNormals.ply:32: property 'float32 k1' of element 'camera' is not handled
[0;m[1;33m[pcl::PLYReader] ../Temp/Data/Pot_A/Pot_A_Piece_04_SampledWithNormals.ply:33: property 'float32 k2' of element 'camera' is not handled
[0;m[1;33m[pcl::PLYReader] ../Temp/Data/Pot_A/Pot_A_Piece_04_SampledWithNormals.ply:25: property 'float32 focal' of element 'camera' is not handled
[0;m[1;33m[pcl::PLYReader] ../Temp/Data/Pot_A/Pot_A_Piece_04_SampledWithNormals.ply:26: property 'float32 scalex' of element 'camera' is not handled
[0;m[1;33m[pcl::PLYReader] ../Temp/Data/Pot_A/Pot_A_Piece_04_SampledWithNormals.ply:27: property 'float32 scaley' of element 'camera' is not handled
[0;m[1;33m[pcl::PLYReader] ../Temp/Data/Pot_A/Pot_A_Piece_04_SampledWithNormals.ply:28: property 'float32 centerx' of element 'camera' is not handled
[0;m[1;33m[pcl::PLYReader] ../Temp/Data/Pot_A/Pot_A_Piece_04_SampledWithNormals.ply:29: property 'float32 centery' of element 'camera' is not handled
[0;m[1;33m[pcl::PLYReader] ../Temp/Data/Pot_A/Pot_A_Piece_04_SampledWithNormals.ply:32: property 'float32 k1' of element 'camera' is not handled
[0;m[1;33m[pcl::PLYReader] ../Temp/Data/Pot_A/Pot_A_Piece_04_SampledWithNormals.ply:33: property 'float32 k2' of element 'camera' is not handled
[0;m[1;33m[pcl::PLYReader] ../Temp/Data/Pot_A/Pot_A_Piece_04_SampledWithNormals.ply:25: property 'float32 focal' of element 'camera' is not handled
[0;m[1;33m[pcl::PLYReader] ../Temp/Data/Pot_A/Pot_A_Piece_04_SampledWithNormals.ply:26: property 'float32 scalex' of element 'camera' is not handled
[0;m[1;33m[pcl::PLYReader] ../Temp/Data/Pot_A/Pot_A_Piece_04_SampledWithNormals.ply:27: property 'float32 scaley' of element 'camera' is not handled
[0;m[1;33m[pcl::PLYReader] ../Temp/Data/Pot_A/Pot_A_Piece_04_SampledWithNormals.ply:28: property 'float32 centerx' of element 'camera' is not handled
[0;m[1;33m[pcl::PLYReader] ../Temp/Data/Pot_A/Pot_A_Piece_04_SampledWithNormals.ply:29: property 'float32 centery' of element 'camera' is not handled
[0;m[1;33m[pcl::PLYReader] ../Temp/Data/Pot_A/Pot_A_Piece_04_SampledWithNormals.ply:32: property 'float32 k1' of element 'camera' is not handled
[0;m[1;33m[pcl::PLYReader] ../Temp/Data/Pot_A/Pot_A_Piece_04_SampledWithNormals.ply:33: property 'float32 k2' of element 'camera' is not handled
[0;m[1;33m[pcl::PLYReader] ../Temp/Data/Pot_A/Pot_A_Piece_04_SampledWithNormals.ply:25: property 'float32 focal' of element 'camera' is not handled
[0;m[1;33m[pcl::PLYReader] ../Temp/Data/Pot_A/Pot_A_Piece_04_SampledWithNormals.ply:26: property 'float32 scalex' of element 'camera' is not handled
[0;m[1;33m[pcl::PLYReader] ../Temp/Data/Pot_A/Pot_A_Piece_04_SampledWithNormals.ply:27: property 'float32 scaley' of element 'camera' is not handled
[0;m[1;33m[pcl::PLYReader] ../Temp/Data/Pot_A/Pot_A_Piece_04_SampledWithNormals.ply:28: property 'float32 centerx' of element 'camera' is not handled
[0;m[1;33m[pcl::PLYReader] ../Temp/Data/Pot_A/Pot_A_Piece_04_SampledWithNormals.ply:29: property 'float32 centery' of element 'camera' is not handled
[0;m[1;33m[pcl::PLYReader] ../Temp/Data/Pot_A/Pot_A_Piece_04_SampledWithNormals.ply:32: property 'float32 k1' of element 'camera' is not handled
[0;m[1;33m[pcl::PLYReader] ../Temp/Data/Pot_A/Pot_A_Piece_04_SampledWithNormals.ply:33: property 'float32 k2' of element 'camera' is not handled
[0;m[1;33m[pcl::PLYReader] ../Temp/Data/Pot_A/Pot_A_Piece_04_SampledWithNormals.ply:25: property 'float32 focal' of element 'camera' is not handled
[0;m[1;33m[pcl::PLYReader] ../Temp/Data/Pot_A/Pot_A_Piece_04_SampledWithNormals.ply:26: property 'float32 scalex' of element 'camera' is not handled
[0;m[1;33m[pcl::PLYReader] ../Temp/Data/Pot_A/Pot_A_Piece_04_SampledWithNormals.ply:27: property 'float32 scaley' of element 'camera' is not handled
[0;m[1;33m[pcl::PLYReader] ../Temp/Data/Pot_A/Pot_A_Piece_04_SampledWithNormals.ply:28: property 'float32 centerx' of element 'camera' is not handled
[0;m[1;33m[pcl::PLYReader] ../Temp/Data/Pot_A/Pot_A_Piece_04_SampledWithNormals.ply:29: property 'float32 centery' of element 'camera' is not handled
[0;m[1;33m[pcl::PLYReader] ../Temp/Data/Pot_A/Pot_A_Piece_04_SampledWithNormals.ply:32: property 'float32 k1' of element 'camera' is not handled
[0;m[1;33m[pcl::PLYReader] ../Temp/Data/Pot_A/Pot_A_Piece_04_SampledWithNormals.ply:33: property 'float32 k2' of element 'camera' is not handled
[0;m[1;33m[pcl::PLYReader] ../Temp/Data/Pot_A/Pot_A_Piece_04_unclustered.ply:25: property 'float32 focal' of element 'camera' is not handled
[0;m[1;33m[pcl::PLYReader] ../Temp/Data/Pot_A/Pot_A_Piece_04_unclustered.ply:26: property 'float32 scalex' of element 'camera' is not handled
[0;m[1;33m[pcl::PLYReader] ../Temp/Data/Pot_A/Pot_A_Piece_04_unclustered.ply:27: property 'float32 scaley' of element 'camera' is not handled
[0;m[1;33m[pcl::PLYReader] ../Temp/Data/Pot_A/Pot_A_Piece_04_unclustered.ply:28: property 'float32 centerx' of element 'camera' is not handled
[0;m[1;33m[pcl::PLYReader] ../Temp/Data/Pot_A/Pot_A_Piece_04_unclustered.ply:29: property 'float32 centery' of element 'camera' is not handled
[0;m[1;33m[pcl::PLYReader] ../Temp/Data/Pot_A/Pot_A_Piece_04_unclustered.ply:32: property 'float32 k1' of element 'camera' is not handled
[0;m[1;33m[pcl::PLYReader] ../Temp/Data/Pot_A/Pot_A_Piece_04_unclustered.ply:33: property 'float32 k2' of element 'camera' is not handled
[0;m[1;33m[pcl::PLYReader] ../Temp/Temp_edge/Pot_A/_breakLineFromConcaveHull.ply:21: property 'float32 focal' of element 'camera' is not handled
[0;m[1;33m[pcl::PLYReader] ../Temp/Temp_edge/Pot_A/_breakLineFromConcaveHull.ply:22: property 'float32 scalex' of element 'camera' is not handled
[0;m[1;33m[pcl::PLYReader] ../Temp/Temp_edge/Pot_A/_breakLineFromConcaveHull.ply:23: property 'float32 scaley' of element 'camera' is not handled
[0;m[1;33m[pcl::PLYReader] ../Temp/Temp_edge/Pot_A/_breakLineFromConcaveHull.ply:24: property 'float32 centerx' of element 'camera' is not handled
[0;m[1;33m[pcl::PLYReader] ../Temp/Temp_edge/Pot_A/_breakLineFromConcaveHull.ply:25: property 'float32 centery' of element 'camera' is not handled
[0;m[1;33m[pcl::PLYReader] ../Temp/Temp_edge/Pot_A/_breakLineFromConcaveHull.ply:28: property 'float32 k1' of element 'camera' is not handled
[0;m[1;33m[pcl::PLYReader] ../Temp/Temp_edge/Pot_A/_breakLineFromConcaveHull.ply:29: property 'float32 k2' of element 'camera' is not handled
[0;m[1;33mFailed to find match for field 'normal_x'.
[0;m[1;33mFailed to find match for field 'normal_y'.
[0;m[1;33mFailed to find match for field 'normal_z'.
[0;m[1;33mFailed to find match for field 'curvature'.
[0;m[1;33m[pcl::PLYReader] ../Temp/Data/Pot_A/Pot_A_Piece_04_SampledWithNormals.ply:25: property 'float32 focal' of element 'camera' is not handled
[0;m[1;33m[pcl::PLYReader] ../Temp/Data/Pot_A/Pot_A_Piece_04_SampledWithNormals.ply:26: property 'float32 scalex' of element 'camera' is not handled
[0;m[1;33m[pcl::PLYReader] ../Temp/Data/Pot_A/Pot_A_Piece_04_SampledWithNormals.ply:27: property 'float32 scaley' of element 'camera' is not handled
[0;m[1;33m[pcl::PLYReader] ../Temp/Data/Pot_A/Pot_A_Piece_04_SampledWithNormals.ply:28: property 'float32 centerx' of element 'camera' is not handled
[0;m[1;33m[pcl::PLYReader] ../Temp/Data/Pot_A/Pot_A_Piece_04_SampledWithNormals.ply:29: property 'float32 centery' of element 'camera' is not handled
[0;m[1;33m[pcl::PLYReader] ../Temp/Data/Pot_A/Pot_A_Piece_04_SampledWithNormals.ply:32: property 'float32 k1' of element 'camera' is not handled
[0;m[1;33m[pcl::PLYReader] ../Temp/Data/Pot_A/Pot_A_Piece_04_SampledWithNormals.ply:33: property 'float32 k2' of element 'camera' is not handled
[0;m[1;33m[pcl::PLYReader] ../Temp/Data/Pot_A/Pot_A_Piece_04_SampledWithNormals.ply:25: property 'float32 focal' of element 'camera' is not handled
[0;m[1;33m[pcl::PLYReader] ../Temp/Data/Pot_A/Pot_A_Piece_04_SampledWithNormals.ply:26: property 'float32 scalex' of element 'camera' is not handled
[0;m[1;33m[pcl::PLYReader] ../Temp/Data/Pot_A/Pot_A_Piece_04_SampledWithNormals.ply:27: property 'float32 scaley' of element 'camera' is not handled
[0;m[1;33m[pcl::PLYReader] ../Temp/Data/Pot_A/Pot_A_Piece_04_SampledWithNormals.ply:28: property 'float32 centerx' of element 'camera' is not handled
[0;m[1;33m[pcl::PLYReader] ../Temp/Data/Pot_A/Pot_A_Piece_04_SampledWithNormals.ply:29: property 'float32 centery' of element 'camera' is not handled
[0;m[1;33m[pcl::PLYReader] ../Temp/Data/Pot_A/Pot_A_Piece_04_SampledWithNormals.ply:32: property 'float32 k1' of element 'camera' is not handled
[0;m[1;33m[pcl::PLYReader] ../Temp/Data/Pot_A/Pot_A_Piece_04_SampledWithNormals.ply:33: property 'float32 k2' of element 'camera' is not handled
[0;m[1;33m[pcl::PLYReader] ../Temp/Data/Pot_A/Pot_A_Piece_04_SampledWithNormals.ply:25: property 'float32 focal' of element 'camera' is not handled
[0;m[1;33m[pcl::PLYReader] ../Temp/Data/Pot_A/Pot_A_Piece_04_SampledWithNormals.ply:26: property 'float32 scalex' of element 'camera' is not handled
[0;m[1;33m[pcl::PLYReader] ../Temp/Data/Pot_A/Pot_A_Piece_04_SampledWithNormals.ply:27: property 'float32 scaley' of element 'camera' is not handled
[0;m[1;33m[pcl::PLYReader] ../Temp/Data/Pot_A/Pot_A_Piece_04_SampledWithNormals.ply:28: property 'float32 centerx' of element 'camera' is not handled
[0;m[1;33m[pcl::PLYReader] ../Temp/Data/Pot_A/Pot_A_Piece_04_SampledWithNormals.ply:29: property 'float32 centery' of element 'camera' is not handled
[0;m[1;33m[pcl::PLYReader] ../Temp/Data/Pot_A/Pot_A_Piece_04_SampledWithNormals.ply:32: property 'float32 k1' of element 'camera' is not handled
[0;m[1;33m[pcl::PLYReader] ../Temp/Data/Pot_A/Pot_A_Piece_04_SampledWithNormals.ply:33: property 'float32 k2' of element 'camera' is not handled
[0;m[1;33m[pcl::PLYReader] ../Temp/Data/Pot_A/Pot_A_Piece_04_SampledWithNormals.ply:25: property 'float32 focal' of element 'camera' is not handled
[0;m[1;33m[pcl::PLYReader] ../Temp/Data/Pot_A/Pot_A_Piece_04_SampledWithNormals.ply:26: property 'float32 scalex' of element 'camera' is not handled
[0;m[1;33m[pcl::PLYReader] ../Temp/Data/Pot_A/Pot_A_Piece_04_SampledWithNormals.ply:27: property 'float32 scaley' of element 'camera' is not handled
[0;m[1;33m[pcl::PLYReader] ../Temp/Data/Pot_A/Pot_A_Piece_04_SampledWithNormals.ply:28: property 'float32 centerx' of element 'camera' is not handled
[0;m[1;33m[pcl::PLYReader] ../Temp/Data/Pot_A/Pot_A_Piece_04_SampledWithNormals.ply:29: property 'float32 centery' of element 'camera' is not handled
[0;m[1;33m[pcl::PLYReader] ../Temp/Data/Pot_A/Pot_A_Piece_04_SampledWithNormals.ply:32: property 'float32 k1' of element 'camera' is not handled
[0;m[1;33m[pcl::PLYReader] ../Temp/Data/Pot_A/Pot_A_Piece_04_SampledWithNormals.ply:33: property 'float32 k2' of element 'camera' is not handled
[0;m[1;33m[pcl::PLYReader] ../Temp/Data/Pot_A/Pot_A_Piece_04_SampledWithNormals.ply:25: property 'float32 focal' of element 'camera' is not handled
[0;m[1;33m[pcl::PLYReader] ../Temp/Data/Pot_A/Pot_A_Piece_04_SampledWithNormals.ply:26: property 'float32 scalex' of element 'camera' is not handled
[0;m[1;33m[pcl::PLYReader] ../Temp/Data/Pot_A/Pot_A_Piece_04_SampledWithNormals.ply:27: property 'float32 scaley' of element 'camera' is not handled
[0;m[1;33m[pcl::PLYReader] ../Temp/Data/Pot_A/Pot_A_Piece_04_SampledWithNormals.ply:28: property 'float32 centerx' of element 'camera' is not handled
[0;m[1;33m[pcl::PLYReader] ../Temp/Data/Pot_A/Pot_A_Piece_04_SampledWithNormals.ply:29: property 'float32 centery' of element 'camera' is not handled
[0;m[1;33m[pcl::PLYReader] ../Temp/Data/Pot_A/Pot_A_Piece_04_SampledWithNormals.ply:32: property 'float32 k1' of element 'camera' is not handled
[0;m[1;33m[pcl::PLYReader] ../Temp/Data/Pot_A/Pot_A_Piece_04_SampledWithNormals.ply:33: property 'float32 k2' of element 'camera' is not handled
[0;m[1;33m[pcl::PLYReader] ../Temp/Data/Pot_A/Pot_A_Piece_04_SampledWithNormals.ply:25: property 'float32 focal' of element 'camera' is not handled
[0;m[1;33m[pcl::PLYReader] ../Temp/Data/Pot_A/Pot_A_Piece_04_SampledWithNormals.ply:26: property 'float32 scalex' of element 'camera' is not handled
[0;m[1;33m[pcl::PLYReader] ../Temp/Data/Pot_A/Pot_A_Piece_04_SampledWithNormals.ply:27: property 'float32 scaley' of element 'camera' is not handled
[0;m[1;33m[pcl::PLYReader] ../Temp/Data/Pot_A/Pot_A_Piece_04_SampledWithNormals.ply:28: property 'float32 centerx' of element 'camera' is not handled
[0;m[1;33m[pcl::PLYReader] ../Temp/Data/Pot_A/Pot_A_Piece_04_SampledWithNormals.ply:29: property 'float32 centery' of element 'camera' is not handled
[0;m[1;33m[pcl::PLYReader] ../Temp/Data/Pot_A/Pot_A_Piece_04_SampledWithNormals.ply:32: property 'float32 k1' of element 'camera' is not handled
[0;m[1;33m[pcl::PLYReader] ../Temp/Data/Pot_A/Pot_A_Piece_04_SampledWithNormals.ply:33: property 'float32 k2' of element 'camera' is not handled
[0;m[1;33m[pcl::PLYReader] ../Temp/Data/Pot_A/Pot_A_Piece_04_SampledWithNormals.ply:25: property 'float32 focal' of element 'camera' is not handled
[0;m[1;33m[pcl::PLYReader] ../Temp/Data/Pot_A/Pot_A_Piece_04_SampledWithNormals.ply:26: property 'float32 scalex' of element 'camera' is not handled
[0;m[1;33m[pcl::PLYReader] ../Temp/Data/Pot_A/Pot_A_Piece_04_SampledWithNormals.ply:27: property 'float32 scaley' of element 'camera' is not handled
[0;m[1;33m[pcl::PLYReader] ../Temp/Data/Pot_A/Pot_A_Piece_04_SampledWithNormals.ply:28: property 'float32 centerx' of element 'camera' is not handled
[0;m[1;33m[pcl::PLYReader] ../Temp/Data/Pot_A/Pot_A_Piece_04_SampledWithNormals.ply:29: property 'float32 centery' of element 'camera' is not handled
[0;m[1;33m[pcl::PLYReader] ../Temp/Data/Pot_A/Pot_A_Piece_04_SampledWithNormals.ply:32: property 'float32 k1' of element 'camera' is not handled
[0;m[1;33m[pcl::PLYReader] ../Temp/Data/Pot_A/Pot_A_Piece_04_SampledWithNormals.ply:33: property 'float32 k2' of element 'camera' is not handled
[0;m[1;33m[pcl::PLYReader] ../Temp/Data/Pot_A/Pot_A_Piece_04_SampledWithNormals.ply:25: property 'float32 focal' of element 'camera' is not handled
[0;m[1;33m[pcl::PLYReader] ../Temp/Data/Pot_A/Pot_A_Piece_04_SampledWithNormals.ply:26: property 'float32 scalex' of element 'camera' is not handled
[0;m[1;33m[pcl::PLYReader] ../Temp/Data/Pot_A/Pot_A_Piece_04_SampledWithNormals.ply:27: property 'float32 scaley' of element 'camera' is not handled
[0;m[1;33m[pcl::PLYReader] ../Temp/Data/Pot_A/Pot_A_Piece_04_SampledWithNormals.ply:28: property 'float32 centerx' of element 'camera' is not handled
[0;m[1;33m[pcl::PLYReader] ../Temp/Data/Pot_A/Pot_A_Piece_04_SampledWithNormals.ply:29: property 'float32 centery' of element 'camera' is not handled
[0;m[1;33m[pcl::PLYReader] ../Temp/Data/Pot_A/Pot_A_Piece_04_SampledWithNormals.ply:32: property 'float32 k1' of element 'camera' is not handled
[0;m[1;33m[pcl::PLYReader] ../Temp/Data/Pot_A/Pot_A_Piece_04_SampledWithNormals.ply:33: property 'float32 k2' of element 'camera' is not handled
[0;m[1;33m[pcl::PLYReader] ../Temp/Data/Pot_A/Pot_A_Piece_04_unclustered.ply:25: property 'float32 focal' of element 'camera' is not handled
[0;m[1;33m[pcl::PLYReader] ../Temp/Data/Pot_A/Pot_A_Piece_04_unclustered.ply:26: property 'float32 scalex' of element 'camera' is not handled
[0;m[1;33m[pcl::PLYReader] ../Temp/Data/Pot_A/Pot_A_Piece_04_unclustered.ply:27: property 'float32 scaley' of element 'camera' is not handled
[0;m[1;33m[pcl::PLYReader] ../Temp/Data/Pot_A/Pot_A_Piece_04_unclustered.ply:28: property 'float32 centerx' of element 'camera' is not handled
[0;m[1;33m[pcl::PLYReader] ../Temp/Data/Pot_A/Pot_A_Piece_04_unclustered.ply:29: property 'float32 centery' of element 'camera' is not handled
[0;m[1;33m[pcl::PLYReader] ../Temp/Data/Pot_A/Pot_A_Piece_04_unclustered.ply:32: property 'float32 k1' of element 'camera' is not handled
[0;m[1;33m[pcl::PLYReader] ../Temp/Data/Pot_A/Pot_A_Piece_04_unclustered.ply:33: property 'float32 k2' of element 'camera' is not handled
[0;m[1;33m[pcl::PLYReader] ../Temp/Temp_edge/Pot_A/_breakLineFromConcaveHull.ply:21: property 'float32 focal' of element 'camera' is not handled
[0;m[1;33m[pcl::PLYReader] ../Temp/Temp_edge/Pot_A/_breakLineFromConcaveHull.ply:22: property 'float32 scalex' of element 'camera' is not handled
[0;m[1;33m[pcl::PLYReader] ../Temp/Temp_edge/Pot_A/_breakLineFromConcaveHull.ply:23: property 'float32 scaley' of element 'camera' is not handled
[0;m[1;33m[pcl::PLYReader] ../Temp/Temp_edge/Pot_A/_breakLineFromConcaveHull.ply:24: property 'float32 centerx' of element 'camera' is not handled
[0;m[1;33m[pcl::PLYReader] ../Temp/Temp_edge/Pot_A/_breakLineFromConcaveHull.ply:25: property 'float32 centery' of element 'camera' is not handled
[0;m[1;33m[pcl::PLYReader] ../Temp/Temp_edge/Pot_A/_breakLineFromConcaveHull.ply:28: property 'float32 k1' of element 'camera' is not handled
[0;m[1;33m[pcl::PLYReader] ../Temp/Temp_edge/Pot_A/_breakLineFromConcaveHull.ply:29: property 'float32 k2' of element 'camera' is not handled
[0;m[1;33mFailed to find match for field 'normal_x'.
[0;m[1;33mFailed to find match for field 'normal_y'.
[0;m[1;33mFailed to find match for field 'normal_z'.
[0;m[1;33mFailed to find match for field 'curvature'.
[0;m[1;33m[pcl::PLYReader] ../Temp/Data/Pot_A/Pot_A_Piece_04_SampledWithNormals.ply:25: property 'float32 focal' of element 'camera' is not handled
[0;m[1;33m[pcl::PLYReader] ../Temp/Data/Pot_A/Pot_A_Piece_04_SampledWithNormals.ply:26: property 'float32 scalex' of element 'camera' is not handled
[0;m[1;33m[pcl::PLYReader] ../Temp/Data/Pot_A/Pot_A_Piece_04_SampledWithNormals.ply:27: property 'float32 scaley' of element 'camera' is not handled
[0;m[1;33m[pcl::PLYReader] ../Temp/Data/Pot_A/Pot_A_Piece_04_SampledWithNormals.ply:28: property 'float32 centerx' of element 'camera' is not handled
[0;m[1;33m[pcl::PLYReader] ../Temp/Data/Pot_A/Pot_A_Piece_04_SampledWithNormals.ply:29: property 'float32 centery' of element 'camera' is not handled
[0;m[1;33m[pcl::PLYReader] ../Temp/Data/Pot_A/Pot_A_Piece_04_SampledWithNormals.ply:32: property 'float32 k1' of element 'camera' is not handled
[0;m[1;33m[pcl::PLYReader] ../Temp/Data/Pot_A/Pot_A_Piece_04_SampledWithNormals.ply:33: property 'float32 k2' of element 'camera' is not handled
[0;m[1;33m[pcl::PLYReader] ../Temp/Data/Pot_A/Pot_A_Piece_04_SampledWithNormals.ply:25: property 'float32 focal' of element 'camera' is not handled
[0;m[1;33m[pcl::PLYReader] ../Temp/Data/Pot_A/Pot_A_Piece_04_SampledWithNormals.ply:26: property 'float32 scalex' of element 'camera' is not handled
[0;m[1;33m[pcl::PLYReader] ../Temp/Data/Pot_A/Pot_A_Piece_04_SampledWithNormals.ply:27: property 'float32 scaley' of element 'camera' is not handled
[0;m[1;33m[pcl::PLYReader] ../Temp/Data/Pot_A/Pot_A_Piece_04_SampledWithNormals.ply:28: property 'float32 centerx' of element 'camera' is not handled
[0;m[1;33m[pcl::PLYReader] ../Temp/Data/Pot_A/Pot_A_Piece_04_SampledWithNormals.ply:29: property 'float32 centery' of element 'camera' is not handled
[0;m[1;33m[pcl::PLYReader] ../Temp/Data/Pot_A/Pot_A_Piece_04_SampledWithNormals.ply:32: property 'float32 k1' of element 'camera' is not handled
[0;m[1;33m[pcl::PLYReader] ../Temp/Data/Pot_A/Pot_A_Piece_04_SampledWithNormals.ply:33: property 'float32 k2' of element 'camera' is not handled
[0;m[1;33m[pcl::PLYReader] ../Temp/Data/Pot_A/Pot_A_Piece_04_SampledWithNormals.ply:25: property 'float32 focal' of element 'camera' is not handled
[0;m[1;33m[pcl::PLYReader] ../Temp/Data/Pot_A/Pot_A_Piece_04_SampledWithNormals.ply:26: property 'float32 scalex' of element 'camera' is not handled
[0;m[1;33m[pcl::PLYReader] ../Temp/Data/Pot_A/Pot_A_Piece_04_SampledWithNormals.ply:27: property 'float32 scaley' of element 'camera' is not handled
[0;m[1;33m[pcl::PLYReader] ../Temp/Data/Pot_A/Pot_A_Piece_04_SampledWithNormals.ply:28: property 'float32 centerx' of element 'camera' is not handled
[0;m[1;33m[pcl::PLYReader] ../Temp/Data/Pot_A/Pot_A_Piece_04_SampledWithNormals.ply:29: property 'float32 centery' of element 'camera' is not handled
[0;m[1;33m[pcl::PLYReader] ../Temp/Data/Pot_A/Pot_A_Piece_04_SampledWithNormals.ply:32: property 'float32 k1' of element 'camera' is not handled
[0;m[1;33m[pcl::PLYReader] ../Temp/Data/Pot_A/Pot_A_Piece_04_SampledWithNormals.ply:33: property 'float32 k2' of element 'camera' is not handled
[0;m[1;33m[pcl::PLYReader] ../Temp/Data/Pot_A/Pot_A_Piece_04_SampledWithNormals.ply:25: property 'float32 focal' of element 'camera' is not handled
[0;m[1;33m[pcl::PLYReader] ../Temp/Data/Pot_A/Pot_A_Piece_04_SampledWithNormals.ply:26: property 'float32 scalex' of element 'camera' is not handled
[0;m[1;33m[pcl::PLYReader] ../Temp/Data/Pot_A/Pot_A_Piece_04_SampledWithNormals.ply:27: property 'float32 scaley' of element 'camera' is not handled
[0;m[1;33m[pcl::PLYReader] ../Temp/Data/Pot_A/Pot_A_Piece_04_SampledWithNormals.ply:28: property 'float32 centerx' of element 'camera' is not handled
[0;m[1;33m[pcl::PLYReader] ../Temp/Data/Pot_A/Pot_A_Piece_04_SampledWithNormals.ply:29: property 'float32 centery' of element 'camera' is not handled
[0;m[1;33m[pcl::PLYReader] ../Temp/Data/Pot_A/Pot_A_Piece_04_SampledWithNormals.ply:32: property 'float32 k1' of element 'camera' is not handled
[0;m[1;33m[pcl::PLYReader] ../Temp/Data/Pot_A/Pot_A_Piece_04_SampledWithNormals.ply:33: property 'float32 k2' of element 'camera' is not handled
[0;m[1;33m[pcl::PLYReader] ../Temp/Data/Pot_A/Pot_A_Piece_04_SampledWithNormals.ply:25: property 'float32 focal' of element 'camera' is not handled
[0;m[1;33m[pcl::PLYReader] ../Temp/Data/Pot_A/Pot_A_Piece_04_SampledWithNormals.ply:26: property 'float32 scalex' of element 'camera' is not handled
[0;m[1;33m[pcl::PLYReader] ../Temp/Data/Pot_A/Pot_A_Piece_04_SampledWithNormals.ply:27: property 'float32 scaley' of element 'camera' is not handled
[0;m[1;33m[pcl::PLYReader] ../Temp/Data/Pot_A/Pot_A_Piece_04_SampledWithNormals.ply:28: property 'float32 centerx' of element 'camera' is not handled
[0;m[1;33m[pcl::PLYReader] ../Temp/Data/Pot_A/Pot_A_Piece_04_SampledWithNormals.ply:29: property 'float32 centery' of element 'camera' is not handled
[0;m[1;33m[pcl::PLYReader] ../Temp/Data/Pot_A/Pot_A_Piece_04_SampledWithNormals.ply:32: property 'float32 k1' of element 'camera' is not handled
[0;m[1;33m[pcl::PLYReader] ../Temp/Data/Pot_A/Pot_A_Piece_04_SampledWithNormals.ply:33: property 'float32 k2' of element 'camera' is not handled
[0;m[1;33m[pcl::PLYReader] ../Temp/Data/Pot_A/Pot_A_Piece_04_SampledWithNormals.ply:25: property 'float32 focal' of element 'camera' is not handled
[0;m[1;33m[pcl::PLYReader] ../Temp/Data/Pot_A/Pot_A_Piece_04_SampledWithNormals.ply:26: property 'float32 scalex' of element 'camera' is not handled
[0;m[1;33m[pcl::PLYReader] ../Temp/Data/Pot_A/Pot_A_Piece_04_SampledWithNormals.ply:27: property 'float32 scaley' of element 'camera' is not handled
[0;m[1;33m[pcl::PLYReader] ../Temp/Data/Pot_A/Pot_A_Piece_04_SampledWithNormals.ply:28: property 'float32 centerx' of element 'camera' is not handled
[0;m[1;33m[pcl::PLYReader] ../Temp/Data/Pot_A/Pot_A_Piece_04_SampledWithNormals.ply:29: property 'float32 centery' of element 'camera' is not handled
[0;m[1;33m[pcl::PLYReader] ../Temp/Data/Pot_A/Pot_A_Piece_04_SampledWithNormals.ply:32: property 'float32 k1' of element 'camera' is not handled
[0;m[1;33m[pcl::PLYReader] ../Temp/Data/Pot_A/Pot_A_Piece_04_SampledWithNormals.ply:33: property 'float32 k2' of element 'camera' is not handled
[0;m[1;33m[pcl::PLYReader] ../Temp/Data/Pot_A/Pot_A_Piece_04_SampledWithNormals.ply:25: property 'float32 focal' of element 'camera' is not handled
[0;m[1;33m[pcl::PLYReader] ../Temp/Data/Pot_A/Pot_A_Piece_04_SampledWithNormals.ply:26: property 'float32 scalex' of element 'camera' is not handled
[0;m[1;33m[pcl::PLYReader] ../Temp/Data/Pot_A/Pot_A_Piece_04_SampledWithNormals.ply:27: property 'float32 scaley' of element 'camera' is not handled
[0;m[1;33m[pcl::PLYReader] ../Temp/Data/Pot_A/Pot_A_Piece_04_SampledWithNormals.ply:28: property 'float32 centerx' of element 'camera' is not handled
[0;m[1;33m[pcl::PLYReader] ../Temp/Data/Pot_A/Pot_A_Piece_04_SampledWithNormals.ply:29: property 'float32 centery' of element 'camera' is not handled
[0;m[1;33m[pcl::PLYReader] ../Temp/Data/Pot_A/Pot_A_Piece_04_SampledWithNormals.ply:32: property 'float32 k1' of element 'camera' is not handled
[0;m[1;33m[pcl::PLYReader] ../Temp/Data/Pot_A/Pot_A_Piece_04_SampledWithNormals.ply:33: property 'float32 k2' of element 'camera' is not handled
[0;m[1;33m[pcl::PLYReader] ../Temp/Data/Pot_A/Pot_A_Piece_04_SampledWithNormals.ply:25: property 'float32 focal' of element 'camera' is not handled
[0;m[1;33m[pcl::PLYReader] ../Temp/Data/Pot_A/Pot_A_Piece_04_SampledWithNormals.ply:26: property 'float32 scalex' of element 'camera' is not handled
[0;m[1;33m[pcl::PLYReader] ../Temp/Data/Pot_A/Pot_A_Piece_04_SampledWithNormals.ply:27: property 'float32 scaley' of element 'camera' is not handled
[0;m[1;33m[pcl::PLYReader] ../Temp/Data/Pot_A/Pot_A_Piece_04_SampledWithNormals.ply:28: property 'float32 centerx' of element 'camera' is not handled
[0;m[1;33m[pcl::PLYReader] ../Temp/Data/Pot_A/Pot_A_Piece_04_SampledWithNormals.ply:29: property 'float32 centery' of element 'camera' is not handled
[0;m[1;33m[pcl::PLYReader] ../Temp/Data/Pot_A/Pot_A_Piece_04_SampledWithNormals.ply:32: property 'float32 k1' of element 'camera' is not handled
[0;m[1;33m[pcl::PLYReader] ../Temp/Data/Pot_A/Pot_A_Piece_04_SampledWithNormals.ply:33: property 'float32 k2' of element 'camera' is not handled
[0;m[1;33m[pcl::PLYReader] ../Temp/Data/Pot_A/Pot_A_Piece_05_unclustered.ply:25: property 'float32 focal' of element 'camera' is not handled
[0;m[1;33m[pcl::PLYReader] ../Temp/Data/Pot_A/Pot_A_Piece_05_unclustered.ply:26: property 'float32 scalex' of element 'camera' is not handled
[0;m[1;33m[pcl::PLYReader] ../Temp/Data/Pot_A/Pot_A_Piece_05_unclustered.ply:27: property 'float32 scaley' of element 'camera' is not handled
[0;m[1;33m[pcl::PLYReader] ../Temp/Data/Pot_A/Pot_A_Piece_05_unclustered.ply:28: property 'float32 centerx' of element 'camera' is not handled
[0;m[1;33m[pcl::PLYReader] ../Temp/Data/Pot_A/Pot_A_Piece_05_unclustered.ply:29: property 'float32 centery' of element 'camera' is not handled
[0;m[1;33m[pcl::PLYReader] ../Temp/Data/Pot_A/Pot_A_Piece_05_unclustered.ply:32: property 'float32 k1' of element 'camera' is not handled
[0;m[1;33m[pcl::PLYReader] ../Temp/Data/Pot_A/Pot_A_Piece_05_unclustered.ply:33: property 'float32 k2' of element 'camera' is not handled
[0;m[1;33m[pcl::PLYReader] ../Temp/Temp_edge/Pot_A/_breakLineFromConcaveHull.ply:21: property 'float32 focal' of element 'camera' is not handled
[0;m[1;33m[pcl::PLYReader] ../Temp/Temp_edge/Pot_A/_breakLineFromConcaveHull.ply:22: property 'float32 scalex' of element 'camera' is not handled
[0;m[1;33m[pcl::PLYReader] ../Temp/Temp_edge/Pot_A/_breakLineFromConcaveHull.ply:23: property 'float32 scaley' of element 'camera' is not handled
[0;m[1;33m[pcl::PLYReader] ../Temp/Temp_edge/Pot_A/_breakLineFromConcaveHull.ply:24: property 'float32 centerx' of element 'camera' is not handled
[0;m[1;33m[pcl::PLYReader] ../Temp/Temp_edge/Pot_A/_breakLineFromConcaveHull.ply:25: property 'float32 centery' of element 'camera' is not handled
[0;m[1;33m[pcl::PLYReader] ../Temp/Temp_edge/Pot_A/_breakLineFromConcaveHull.ply:28: property 'float32 k1' of element 'camera' is not handled
[0;m[1;33m[pcl::PLYReader] ../Temp/Temp_edge/Pot_A/_breakLineFromConcaveHull.ply:29: property 'float32 k2' of element 'camera' is not handled
[0;m[1;33mFailed to find match for field 'normal_x'.
[0;m[1;33mFailed to find match for field 'normal_y'.
[0;m[1;33mFailed to find match for field 'normal_z'.
[0;m[1;33mFailed to find match for field 'curvature'.
[0;m[1;33m[pcl::PLYReader] ../Temp/Data/Pot_A/Pot_A_Piece_05_SampledWithNormals.ply:25: property 'float32 focal' of element 'camera' is not handled
[0;m[1;33m[pcl::PLYReader] ../Temp/Data/Pot_A/Pot_A_Piece_05_SampledWithNormals.ply:26: property 'float32 scalex' of element 'camera' is not handled
[0;m[1;33m[pcl::PLYReader] ../Temp/Data/Pot_A/Pot_A_Piece_05_SampledWithNormals.ply:27: property 'float32 scaley' of element 'camera' is not handled
[0;m[1;33m[pcl::PLYReader] ../Temp/Data/Pot_A/Pot_A_Piece_05_SampledWithNormals.ply:28: property 'float32 centerx' of element 'camera' is not handled
[0;m[1;33m[pcl::PLYReader] ../Temp/Data/Pot_A/Pot_A_Piece_05_SampledWithNormals.ply:29: property 'float32 centery' of element 'camera' is not handled
[0;m[1;33m[pcl::PLYReader] ../Temp/Data/Pot_A/Pot_A_Piece_05_SampledWithNormals.ply:32: property 'float32 k1' of element 'camera' is not handled
[0;m[1;33m[pcl::PLYReader] ../Temp/Data/Pot_A/Pot_A_Piece_05_SampledWithNormals.ply:33: property 'float32 k2' of element 'camera' is not handled
[0;m[1;33m[pcl::PLYReader] ../Temp/Data/Pot_A/Pot_A_Piece_05_SampledWithNormals.ply:25: property 'float32 focal' of element 'camera' is not handled
[0;m[1;33m[pcl::PLYReader] ../Temp/Data/Pot_A/Pot_A_Piece_05_SampledWithNormals.ply:26: property 'float32 scalex' of element 'camera' is not handled
[0;m[1;33m[pcl::PLYReader] ../Temp/Data/Pot_A/Pot_A_Piece_05_SampledWithNormals.ply:27: property 'float32 scaley' of element 'camera' is not handled
[0;m[1;33m[pcl::PLYReader] ../Temp/Data/Pot_A/Pot_A_Piece_05_SampledWithNormals.ply:28: property 'float32 centerx' of element 'camera' is not handled
[0;m[1;33m[pcl::PLYReader] ../Temp/Data/Pot_A/Pot_A_Piece_05_SampledWithNormals.ply:29: property 'float32 centery' of element 'camera' is not handled
[0;m[1;33m[pcl::PLYReader] ../Temp/Data/Pot_A/Pot_A_Piece_05_SampledWithNormals.ply:32: property 'float32 k1' of element 'camera' is not handled
[0;m[1;33m[pcl::PLYReader] ../Temp/Data/Pot_A/Pot_A_Piece_05_SampledWithNormals.ply:33: property 'float32 k2' of element 'camera' is not handled
[0;m[1;33m[pcl::PLYReader] ../Temp/Data/Pot_A/Pot_A_Piece_05_SampledWithNormals.ply:25: property 'float32 focal' of element 'camera' is not handled
[0;m[1;33m[pcl::PLYReader] ../Temp/Data/Pot_A/Pot_A_Piece_05_SampledWithNormals.ply:26: property 'float32 scalex' of element 'camera' is not handled
[0;m[1;33m[pcl::PLYReader] ../Temp/Data/Pot_A/Pot_A_Piece_05_SampledWithNormals.ply:27: property 'float32 scaley' of element 'camera' is not handled
[0;m[1;33m[pcl::PLYReader] ../Temp/Data/Pot_A/Pot_A_Piece_05_SampledWithNormals.ply:28: property 'float32 centerx' of element 'camera' is not handled
[0;m[1;33m[pcl::PLYReader] ../Temp/Data/Pot_A/Pot_A_Piece_05_SampledWithNormals.ply:29: property 'float32 centery' of element 'camera' is not handled
[0;m[1;33m[pcl::PLYReader] ../Temp/Data/Pot_A/Pot_A_Piece_05_SampledWithNormals.ply:32: property 'float32 k1' of element 'camera' is not handled
[0;m[1;33m[pcl::PLYReader] ../Temp/Data/Pot_A/Pot_A_Piece_05_SampledWithNormals.ply:33: property 'float32 k2' of element 'camera' is not handled
[0;m[1;33m[pcl::PLYReader] ../Temp/Data/Pot_A/Pot_A_Piece_05_SampledWithNormals.ply:25: property 'float32 focal' of element 'camera' is not handled
[0;m[1;33m[pcl::PLYReader] ../Temp/Data/Pot_A/Pot_A_Piece_05_SampledWithNormals.ply:26: property 'float32 scalex' of element 'camera' is not handled
[0;m[1;33m[pcl::PLYReader] ../Temp/Data/Pot_A/Pot_A_Piece_05_SampledWithNormals.ply:27: property 'float32 scaley' of element 'camera' is not handled
[0;m[1;33m[pcl::PLYReader] ../Temp/Data/Pot_A/Pot_A_Piece_05_SampledWithNormals.ply:28: property 'float32 centerx' of element 'camera' is not handled
[0;m[1;33m[pcl::PLYReader] ../Temp/Data/Pot_A/Pot_A_Piece_05_SampledWithNormals.ply:29: property 'float32 centery' of element 'camera' is not handled
[0;m[1;33m[pcl::PLYReader] ../Temp/Data/Pot_A/Pot_A_Piece_05_SampledWithNormals.ply:32: property 'float32 k1' of element 'camera' is not handled
[0;m[1;33m[pcl::PLYReader] ../Temp/Data/Pot_A/Pot_A_Piece_05_SampledWithNormals.ply:33: property 'float32 k2' of element 'camera' is not handled
[0;m[1;33m[pcl::PLYReader] ../Temp/Data/Pot_A/Pot_A_Piece_05_SampledWithNormals.ply:25: property 'float32 focal' of element 'camera' is not handled
[0;m[1;33m[pcl::PLYReader] ../Temp/Data/Pot_A/Pot_A_Piece_05_SampledWithNormals.ply:26: property 'float32 scalex' of element 'camera' is not handled
[0;m[1;33m[pcl::PLYReader] ../Temp/Data/Pot_A/Pot_A_Piece_05_SampledWithNormals.ply:27: property 'float32 scaley' of element 'camera' is not handled
[0;m[1;33m[pcl::PLYReader] ../Temp/Data/Pot_A/Pot_A_Piece_05_SampledWithNormals.ply:28: property 'float32 centerx' of element 'camera' is not handled
[0;m[1;33m[pcl::PLYReader] ../Temp/Data/Pot_A/Pot_A_Piece_05_SampledWithNormals.ply:29: property 'float32 centery' of element 'camera' is not handled
[0;m[1;33m[pcl::PLYReader] ../Temp/Data/Pot_A/Pot_A_Piece_05_SampledWithNormals.ply:32: property 'float32 k1' of element 'camera' is not handled
[0;m[1;33m[pcl::PLYReader] ../Temp/Data/Pot_A/Pot_A_Piece_05_SampledWithNormals.ply:33: property 'float32 k2' of element 'camera' is not handled
[0;m[1;33m[pcl::PLYReader] ../Temp/Data/Pot_A/Pot_A_Piece_05_SampledWithNormals.ply:25: property 'float32 focal' of element 'camera' is not handled
[0;m[1;33m[pcl::PLYReader] ../Temp/Data/Pot_A/Pot_A_Piece_05_SampledWithNormals.ply:26: property 'float32 scalex' of element 'camera' is not handled
[0;m[1;33m[pcl::PLYReader] ../Temp/Data/Pot_A/Pot_A_Piece_05_SampledWithNormals.ply:27: property 'float32 scaley' of element 'camera' is not handled
[0;m[1;33m[pcl::PLYReader] ../Temp/Data/Pot_A/Pot_A_Piece_05_SampledWithNormals.ply:28: property 'float32 centerx' of element 'camera' is not handled
[0;m[1;33m[pcl::PLYReader] ../Temp/Data/Pot_A/Pot_A_Piece_05_SampledWithNormals.ply:29: property 'float32 centery' of element 'camera' is not handled
[0;m[1;33m[pcl::PLYReader] ../Temp/Data/Pot_A/Pot_A_Piece_05_SampledWithNormals.ply:32: property 'float32 k1' of element 'camera' is not handled
[0;m[1;33m[pcl::PLYReader] ../Temp/Data/Pot_A/Pot_A_Piece_05_SampledWithNormals.ply:33: property 'float32 k2' of element 'camera' is not handled
[0;m[1;33m[pcl::PLYReader] ../Temp/Data/Pot_A/Pot_A_Piece_05_SampledWithNormals.ply:25: property 'float32 focal' of element 'camera' is not handled
[0;m[1;33m[pcl::PLYReader] ../Temp/Data/Pot_A/Pot_A_Piece_05_SampledWithNormals.ply:26: property 'float32 scalex' of element 'camera' is not handled
[0;m[1;33m[pcl::PLYReader] ../Temp/Data/Pot_A/Pot_A_Piece_05_SampledWithNormals.ply:27: property 'float32 scaley' of element 'camera' is not handled
[0;m[1;33m[pcl::PLYReader] ../Temp/Data/Pot_A/Pot_A_Piece_05_SampledWithNormals.ply:28: property 'float32 centerx' of element 'camera' is not handled
[0;m[1;33m[pcl::PLYReader] ../Temp/Data/Pot_A/Pot_A_Piece_05_SampledWithNormals.ply:29: property 'float32 centery' of element 'camera' is not handled
[0;m[1;33m[pcl::PLYReader] ../Temp/Data/Pot_A/Pot_A_Piece_05_SampledWithNormals.ply:32: property 'float32 k1' of element 'camera' is not handled
[0;m[1;33m[pcl::PLYReader] ../Temp/Data/Pot_A/Pot_A_Piece_05_SampledWithNormals.ply:33: property 'float32 k2' of element 'camera' is not handled
[0;m[1;33m[pcl::PLYReader] ../Temp/Data/Pot_A/Pot_A_Piece_05_SampledWithNormals.ply:25: property 'float32 focal' of element 'camera' is not handled
[0;m[1;33m[pcl::PLYReader] ../Temp/Data/Pot_A/Pot_A_Piece_05_SampledWithNormals.ply:26: property 'float32 scalex' of element 'camera' is not handled
[0;m[1;33m[pcl::PLYReader] ../Temp/Data/Pot_A/Pot_A_Piece_05_SampledWithNormals.ply:27: property 'float32 scaley' of element 'camera' is not handled
[0;m[1;33m[pcl::PLYReader] ../Temp/Data/Pot_A/Pot_A_Piece_05_SampledWithNormals.ply:28: property 'float32 centerx' of element 'camera' is not handled
[0;m[1;33m[pcl::PLYReader] ../Temp/Data/Pot_A/Pot_A_Piece_05_SampledWithNormals.ply:29: property 'float32 centery' of element 'camera' is not handled
[0;m[1;33m[pcl::PLYReader] ../Temp/Data/Pot_A/Pot_A_Piece_05_SampledWithNormals.ply:32: property 'float32 k1' of element 'camera' is not handled
[0;m[1;33m[pcl::PLYReader] ../Temp/Data/Pot_A/Pot_A_Piece_05_SampledWithNormals.ply:33: property 'float32 k2' of element 'camera' is not handled
[0;m[1;33m[pcl::PLYReader] ../Temp/Data/Pot_A/Pot_A_Piece_05_unclustered.ply:25: property 'float32 focal' of element 'camera' is not handled
[0;m[1;33m[pcl::PLYReader] ../Temp/Data/Pot_A/Pot_A_Piece_05_unclustered.ply:26: property 'float32 scalex' of element 'camera' is not handled
[0;m[1;33m[pcl::PLYReader] ../Temp/Data/Pot_A/Pot_A_Piece_05_unclustered.ply:27: property 'float32 scaley' of element 'camera' is not handled
[0;m[1;33m[pcl::PLYReader] ../Temp/Data/Pot_A/Pot_A_Piece_05_unclustered.ply:28: property 'float32 centerx' of element 'camera' is not handled
[0;m[1;33m[pcl::PLYReader] ../Temp/Data/Pot_A/Pot_A_Piece_05_unclustered.ply:29: property 'float32 centery' of element 'camera' is not handled
[0;m[1;33m[pcl::PLYReader] ../Temp/Data/Pot_A/Pot_A_Piece_05_unclustered.ply:32: property 'float32 k1' of element 'camera' is not handled
[0;m[1;33m[pcl::PLYReader] ../Temp/Data/Pot_A/Pot_A_Piece_05_unclustered.ply:33: property 'float32 k2' of element 'camera' is not handled
[0;m[1;33m[pcl::PLYReader] ../Temp/Temp_edge/Pot_A/_breakLineFromConcaveHull.ply:21: property 'float32 focal' of element 'camera' is not handled
[0;m[1;33m[pcl::PLYReader] ../Temp/Temp_edge/Pot_A/_breakLineFromConcaveHull.ply:22: property 'float32 scalex' of element 'camera' is not handled
[0;m[1;33m[pcl::PLYReader] ../Temp/Temp_edge/Pot_A/_breakLineFromConcaveHull.ply:23: property 'float32 scaley' of element 'camera' is not handled
[0;m[1;33m[pcl::PLYReader] ../Temp/Temp_edge/Pot_A/_breakLineFromConcaveHull.ply:24: property 'float32 centerx' of element 'camera' is not handled
[0;m[1;33m[pcl::PLYReader] ../Temp/Temp_edge/Pot_A/_breakLineFromConcaveHull.ply:25: property 'float32 centery' of element 'camera' is not handled
[0;m[1;33m[pcl::PLYReader] ../Temp/Temp_edge/Pot_A/_breakLineFromConcaveHull.ply:28: property 'float32 k1' of element 'camera' is not handled
[0;m[1;33m[pcl::PLYReader] ../Temp/Temp_edge/Pot_A/_breakLineFromConcaveHull.ply:29: property 'float32 k2' of element 'camera' is not handled
[0;m[1;33mFailed to find match for field 'normal_x'.
[0;m[1;33mFailed to find match for field 'normal_y'.
[0;m[1;33mFailed to find match for field 'normal_z'.
[0;m[1;33mFailed to find match for field 'curvature'.
[0;m[1;33m[pcl::PLYReader] ../Temp/Data/Pot_A/Pot_A_Piece_05_SampledWithNormals.ply:25: property 'float32 focal' of element 'camera' is not handled
[0;m[1;33m[pcl::PLYReader] ../Temp/Data/Pot_A/Pot_A_Piece_05_SampledWithNormals.ply:26: property 'float32 scalex' of element 'camera' is not handled
[0;m[1;33m[pcl::PLYReader] ../Temp/Data/Pot_A/Pot_A_Piece_05_SampledWithNormals.ply:27: property 'float32 scaley' of element 'camera' is not handled
[0;m[1;33m[pcl::PLYReader] ../Temp/Data/Pot_A/Pot_A_Piece_05_SampledWithNormals.ply:28: property 'float32 centerx' of element 'camera' is not handled
[0;m[1;33m[pcl::PLYReader] ../Temp/Data/Pot_A/Pot_A_Piece_05_SampledWithNormals.ply:29: property 'float32 centery' of element 'camera' is not handled
[0;m[1;33m[pcl::PLYReader] ../Temp/Data/Pot_A/Pot_A_Piece_05_SampledWithNormals.ply:32: property 'float32 k1' of element 'camera' is not handled
[0;m[1;33m[pcl::PLYReader] ../Temp/Data/Pot_A/Pot_A_Piece_05_SampledWithNormals.ply:33: property 'float32 k2' of element 'camera' is not handled
[0;m[1;33m[pcl::PLYReader] ../Temp/Data/Pot_A/Pot_A_Piece_05_SampledWithNormals.ply:25: property 'float32 focal' of element 'camera' is not handled
[0;m[1;33m[pcl::PLYReader] ../Temp/Data/Pot_A/Pot_A_Piece_05_SampledWithNormals.ply:26: property 'float32 scalex' of element 'camera' is not handled
[0;m[1;33m[pcl::PLYReader] ../Temp/Data/Pot_A/Pot_A_Piece_05_SampledWithNormals.ply:27: property 'float32 scaley' of element 'camera' is not handled
[0;m[1;33m[pcl::PLYReader] ../Temp/Data/Pot_A/Pot_A_Piece_05_SampledWithNormals.ply:28: property 'float32 centerx' of element 'camera' is not handled
[0;m[1;33m[pcl::PLYReader] ../Temp/Data/Pot_A/Pot_A_Piece_05_SampledWithNormals.ply:29: property 'float32 centery' of element 'camera' is not handled
[0;m[1;33m[pcl::PLYReader] ../Temp/Data/Pot_A/Pot_A_Piece_05_SampledWithNormals.ply:32: property 'float32 k1' of element 'camera' is not handled
[0;m[1;33m[pcl::PLYReader] ../Temp/Data/Pot_A/Pot_A_Piece_05_SampledWithNormals.ply:33: property 'float32 k2' of element 'camera' is not handled
[0;m[1;33m[pcl::PLYReader] ../Temp/Data/Pot_A/Pot_A_Piece_05_SampledWithNormals.ply:25: property 'float32 focal' of element 'camera' is not handled
[0;m[1;33m[pcl::PLYReader] ../Temp/Data/Pot_A/Pot_A_Piece_05_SampledWithNormals.ply:26: property 'float32 scalex' of element 'camera' is not handled
[0;m[1;33m[pcl::PLYReader] ../Temp/Data/Pot_A/Pot_A_Piece_05_SampledWithNormals.ply:27: property 'float32 scaley' of element 'camera' is not handled
[0;m[1;33m[pcl::PLYReader] ../Temp/Data/Pot_A/Pot_A_Piece_05_SampledWithNormals.ply:28: property 'float32 centerx' of element 'camera' is not handled
[0;m[1;33m[pcl::PLYReader] ../Temp/Data/Pot_A/Pot_A_Piece_05_SampledWithNormals.ply:29: property 'float32 centery' of element 'camera' is not handled
[0;m[1;33m[pcl::PLYReader] ../Temp/Data/Pot_A/Pot_A_Piece_05_SampledWithNormals.ply:32: property 'float32 k1' of element 'camera' is not handled
[0;m[1;33m[pcl::PLYReader] ../Temp/Data/Pot_A/Pot_A_Piece_05_SampledWithNormals.ply:33: property 'float32 k2' of element 'camera' is not handled
[0;m[1;33m[pcl::PLYReader] ../Temp/Data/Pot_A/Pot_A_Piece_05_SampledWithNormals.ply:25: property 'float32 focal' of element 'camera' is not handled
[0;m[1;33m[pcl::PLYReader] ../Temp/Data/Pot_A/Pot_A_Piece_05_SampledWithNormals.ply:26: property 'float32 scalex' of element 'camera' is not handled
[0;m[1;33m[pcl::PLYReader] ../Temp/Data/Pot_A/Pot_A_Piece_05_SampledWithNormals.ply:27: property 'float32 scaley' of element 'camera' is not handled
[0;m[1;33m[pcl::PLYReader] ../Temp/Data/Pot_A/Pot_A_Piece_05_SampledWithNormals.ply:28: property 'float32 centerx' of element 'camera' is not handled
[0;m[1;33m[pcl::PLYReader] ../Temp/Data/Pot_A/Pot_A_Piece_05_SampledWithNormals.ply:29: property 'float32 centery' of element 'camera' is not handled
[0;m[1;33m[pcl::PLYReader] ../Temp/Data/Pot_A/Pot_A_Piece_05_SampledWithNormals.ply:32: property 'float32 k1' of element 'camera' is not handled
[0;m[1;33m[pcl::PLYReader] ../Temp/Data/Pot_A/Pot_A_Piece_05_SampledWithNormals.ply:33: property 'float32 k2' of element 'camera' is not handled
[0;m[1;33m[pcl::PLYReader] ../Temp/Data/Pot_A/Pot_A_Piece_05_SampledWithNormals.ply:25: property 'float32 focal' of element 'camera' is not handled
[0;m[1;33m[pcl::PLYReader] ../Temp/Data/Pot_A/Pot_A_Piece_05_SampledWithNormals.ply:26: property 'float32 scalex' of element 'camera' is not handled
[0;m[1;33m[pcl::PLYReader] ../Temp/Data/Pot_A/Pot_A_Piece_05_SampledWithNormals.ply:27: property 'float32 scaley' of element 'camera' is not handled
[0;m[1;33m[pcl::PLYReader] ../Temp/Data/Pot_A/Pot_A_Piece_05_SampledWithNormals.ply:28: property 'float32 centerx' of element 'camera' is not handled
[0;m[1;33m[pcl::PLYReader] ../Temp/Data/Pot_A/Pot_A_Piece_05_SampledWithNormals.ply:29: property 'float32 centery' of element 'camera' is not handled
[0;m[1;33m[pcl::PLYReader] ../Temp/Data/Pot_A/Pot_A_Piece_05_SampledWithNormals.ply:32: property 'float32 k1' of element 'camera' is not handled
[0;m[1;33m[pcl::PLYReader] ../Temp/Data/Pot_A/Pot_A_Piece_05_SampledWithNormals.ply:33: property 'float32 k2' of element 'camera' is not handled
[0;m[1;33m[pcl::PLYReader] ../Temp/Data/Pot_A/Pot_A_Piece_05_SampledWithNormals.ply:25: property 'float32 focal' of element 'camera' is not handled
[0;m[1;33m[pcl::PLYReader] ../Temp/Data/Pot_A/Pot_A_Piece_05_SampledWithNormals.ply:26: property 'float32 scalex' of element 'camera' is not handled
[0;m[1;33m[pcl::PLYReader] ../Temp/Data/Pot_A/Pot_A_Piece_05_SampledWithNormals.ply:27: property 'float32 scaley' of element 'camera' is not handled
[0;m[1;33m[pcl::PLYReader] ../Temp/Data/Pot_A/Pot_A_Piece_05_SampledWithNormals.ply:28: property 'float32 centerx' of element 'camera' is not handled
[0;m[1;33m[pcl::PLYReader] ../Temp/Data/Pot_A/Pot_A_Piece_05_SampledWithNormals.ply:29: property 'float32 centery' of element 'camera' is not handled
[0;m[1;33m[pcl::PLYReader] ../Temp/Data/Pot_A/Pot_A_Piece_05_SampledWithNormals.ply:32: property 'float32 k1' of element 'camera' is not handled
[0;m[1;33m[pcl::PLYReader] ../Temp/Data/Pot_A/Pot_A_Piece_05_SampledWithNormals.ply:33: property 'float32 k2' of element 'camera' is not handled
[0;m[1;33m[pcl::PLYReader] ../Temp/Data/Pot_A/Pot_A_Piece_05_SampledWithNormals.ply:25: property 'float32 focal' of element 'camera' is not handled
[0;m[1;33m[pcl::PLYReader] ../Temp/Data/Pot_A/Pot_A_Piece_05_SampledWithNormals.ply:26: property 'float32 scalex' of element 'camera' is not handled
[0;m[1;33m[pcl::PLYReader] ../Temp/Data/Pot_A/Pot_A_Piece_05_SampledWithNormals.ply:27: property 'float32 scaley' of element 'camera' is not handled
[0;m[1;33m[pcl::PLYReader] ../Temp/Data/Pot_A/Pot_A_Piece_05_SampledWithNormals.ply:28: property 'float32 centerx' of element 'camera' is not handled
[0;m[1;33m[pcl::PLYReader] ../Temp/Data/Pot_A/Pot_A_Piece_05_SampledWithNormals.ply:29: property 'float32 centery' of element 'camera' is not handled
[0;m[1;33m[pcl::PLYReader] ../Temp/Data/Pot_A/Pot_A_Piece_05_SampledWithNormals.ply:32: property 'float32 k1' of element 'camera' is not handled
[0;m[1;33m[pcl::PLYReader] ../Temp/Data/Pot_A/Pot_A_Piece_05_SampledWithNormals.ply:33: property 'float32 k2' of element 'camera' is not handled
[0;m[1;33m[pcl::PLYReader] ../Temp/Data/Pot_A/Pot_A_Piece_05_SampledWithNormals.ply:25: property 'float32 focal' of element 'camera' is not handled
[0;m[1;33m[pcl::PLYReader] ../Temp/Data/Pot_A/Pot_A_Piece_05_SampledWithNormals.ply:26: property 'float32 scalex' of element 'camera' is not handled
[0;m[1;33m[pcl::PLYReader] ../Temp/Data/Pot_A/Pot_A_Piece_05_SampledWithNormals.ply:27: property 'float32 scaley' of element 'camera' is not handled
[0;m[1;33m[pcl::PLYReader] ../Temp/Data/Pot_A/Pot_A_Piece_05_SampledWithNormals.ply:28: property 'float32 centerx' of element 'camera' is not handled
[0;m[1;33m[pcl::PLYReader] ../Temp/Data/Pot_A/Pot_A_Piece_05_SampledWithNormals.ply:29: property 'float32 centery' of element 'camera' is not handled
[0;m[1;33m[pcl::PLYReader] ../Temp/Data/Pot_A/Pot_A_Piece_05_SampledWithNormals.ply:32: property 'float32 k1' of element 'camera' is not handled
[0;m[1;33m[pcl::PLYReader] ../Temp/Data/Pot_A/Pot_A_Piece_05_SampledWithNormals.ply:33: property 'float32 k2' of element 'camera' is not handled
[0;m[1;33m[pcl::PLYReader] ../Temp/Data/Pot_A/Pot_A_Piece_05_unclustered.ply:25: property 'float32 focal' of element 'camera' is not handled
[0;m[1;33m[pcl::PLYReader] ../Temp/Data/Pot_A/Pot_A_Piece_05_unclustered.ply:26: property 'float32 scalex' of element 'camera' is not handled
[0;m[1;33m[pcl::PLYReader] ../Temp/Data/Pot_A/Pot_A_Piece_05_unclustered.ply:27: property 'float32 scaley' of element 'camera' is not handled
[0;m[1;33m[pcl::PLYReader] ../Temp/Data/Pot_A/Pot_A_Piece_05_unclustered.ply:28: property 'float32 centerx' of element 'camera' is not handled
[0;m[1;33m[pcl::PLYReader] ../Temp/Data/Pot_A/Pot_A_Piece_05_unclustered.ply:29: property 'float32 centery' of element 'camera' is not handled
[0;m[1;33m[pcl::PLYReader] ../Temp/Data/Pot_A/Pot_A_Piece_05_unclustered.ply:32: property 'float32 k1' of element 'camera' is not handled
[0;m[1;33m[pcl::PLYReader] ../Temp/Data/Pot_A/Pot_A_Piece_05_unclustered.ply:33: property 'float32 k2' of element 'camera' is not handled
[0;m[1;33m[pcl::PLYReader] ../Temp/Temp_edge/Pot_A/_breakLineFromConcaveHull.ply:21: property 'float32 focal' of element 'camera' is not handled
[0;m[1;33m[pcl::PLYReader] ../Temp/Temp_edge/Pot_A/_breakLineFromConcaveHull.ply:22: property 'float32 scalex' of element 'camera' is not handled
[0;m[1;33m[pcl::PLYReader] ../Temp/Temp_edge/Pot_A/_breakLineFromConcaveHull.ply:23: property 'float32 scaley' of element 'camera' is not handled
[0;m[1;33m[pcl::PLYReader] ../Temp/Temp_edge/Pot_A/_breakLineFromConcaveHull.ply:24: property 'float32 centerx' of element 'camera' is not handled
[0;m[1;33m[pcl::PLYReader] ../Temp/Temp_edge/Pot_A/_breakLineFromConcaveHull.ply:25: property 'float32 centery' of element 'camera' is not handled
[0;m[1;33m[pcl::PLYReader] ../Temp/Temp_edge/Pot_A/_breakLineFromConcaveHull.ply:28: property 'float32 k1' of element 'camera' is not handled
[0;m[1;33m[pcl::PLYReader] ../Temp/Temp_edge/Pot_A/_breakLineFromConcaveHull.ply:29: property 'float32 k2' of element 'camera' is not handled
[0;m[1;33mFailed to find match for field 'normal_x'.
[0;m[1;33mFailed to find match for field 'normal_y'.
[0;m[1;33mFailed to find match for field 'normal_z'.
[0;m[1;33mFailed to find match for field 'curvature'.
[0;m[1;33m[pcl::PLYReader] ../Temp/Data/Pot_A/Pot_A_Piece_05_SampledWithNormals.ply:25: property 'float32 focal' of element 'camera' is not handled
[0;m[1;33m[pcl::PLYReader] ../Temp/Data/Pot_A/Pot_A_Piece_05_SampledWithNormals.ply:26: property 'float32 scalex' of element 'camera' is not handled
[0;m[1;33m[pcl::PLYReader] ../Temp/Data/Pot_A/Pot_A_Piece_05_SampledWithNormals.ply:27: property 'float32 scaley' of element 'camera' is not handled
[0;m[1;33m[pcl::PLYReader] ../Temp/Data/Pot_A/Pot_A_Piece_05_SampledWithNormals.ply:28: property 'float32 centerx' of element 'camera' is not handled
[0;m[1;33m[pcl::PLYReader] ../Temp/Data/Pot_A/Pot_A_Piece_05_SampledWithNormals.ply:29: property 'float32 centery' of element 'camera' is not handled
[0;m[1;33m[pcl::PLYReader] ../Temp/Data/Pot_A/Pot_A_Piece_05_SampledWithNormals.ply:32: property 'float32 k1' of element 'camera' is not handled
[0;m[1;33m[pcl::PLYReader] ../Temp/Data/Pot_A/Pot_A_Piece_05_SampledWithNormals.ply:33: property 'float32 k2' of element 'camera' is not handled
[0;m[1;33m[pcl::PLYReader] ../Temp/Data/Pot_A/Pot_A_Piece_05_SampledWithNormals.ply:25: property 'float32 focal' of element 'camera' is not handled
[0;m[1;33m[pcl::PLYReader] ../Temp/Data/Pot_A/Pot_A_Piece_05_SampledWithNormals.ply:26: property 'float32 scalex' of element 'camera' is not handled
[0;m[1;33m[pcl::PLYReader] ../Temp/Data/Pot_A/Pot_A_Piece_05_SampledWithNormals.ply:27: property 'float32 scaley' of element 'camera' is not handled
[0;m[1;33m[pcl::PLYReader] ../Temp/Data/Pot_A/Pot_A_Piece_05_SampledWithNormals.ply:28: property 'float32 centerx' of element 'camera' is not handled
[0;m[1;33m[pcl::PLYReader] ../Temp/Data/Pot_A/Pot_A_Piece_05_SampledWithNormals.ply:29: property 'float32 centery' of element 'camera' is not handled
[0;m[1;33m[pcl::PLYReader] ../Temp/Data/Pot_A/Pot_A_Piece_05_SampledWithNormals.ply:32: property 'float32 k1' of element 'camera' is not handled
[0;m[1;33m[pcl::PLYReader] ../Temp/Data/Pot_A/Pot_A_Piece_05_SampledWithNormals.ply:33: property 'float32 k2' of element 'camera' is not handled
[0;m[1;33m[pcl::PLYReader] ../Temp/Data/Pot_A/Pot_A_Piece_05_SampledWithNormals.ply:25: property 'float32 focal' of element 'camera' is not handled
[0;m[1;33m[pcl::PLYReader] ../Temp/Data/Pot_A/Pot_A_Piece_05_SampledWithNormals.ply:26: property 'float32 scalex' of element 'camera' is not handled
[0;m[1;33m[pcl::PLYReader] ../Temp/Data/Pot_A/Pot_A_Piece_05_SampledWithNormals.ply:27: property 'float32 scaley' of element 'camera' is not handled
[0;m[1;33m[pcl::PLYReader] ../Temp/Data/Pot_A/Pot_A_Piece_05_SampledWithNormals.ply:28: property 'float32 centerx' of element 'camera' is not handled
[0;m[1;33m[pcl::PLYReader] ../Temp/Data/Pot_A/Pot_A_Piece_05_SampledWithNormals.ply:29: property 'float32 centery' of element 'camera' is not handled
[0;m[1;33m[pcl::PLYReader] ../Temp/Data/Pot_A/Pot_A_Piece_05_SampledWithNormals.ply:32: property 'float32 k1' of element 'camera' is not handled
[0;m[1;33m[pcl::PLYReader] ../Temp/Data/Pot_A/Pot_A_Piece_05_SampledWithNormals.ply:33: property 'float32 k2' of element 'camera' is not handled
[0;m[1;33m[pcl::PLYReader] ../Temp/Data/Pot_A/Pot_A_Piece_05_SampledWithNormals.ply:25: property 'float32 focal' of element 'camera' is not handled
[0;m[1;33m[pcl::PLYReader] ../Temp/Data/Pot_A/Pot_A_Piece_05_SampledWithNormals.ply:26: property 'float32 scalex' of element 'camera' is not handled
[0;m[1;33m[pcl::PLYReader] ../Temp/Data/Pot_A/Pot_A_Piece_05_SampledWithNormals.ply:27: property 'float32 scaley' of element 'camera' is not handled
[0;m[1;33m[pcl::PLYReader] ../Temp/Data/Pot_A/Pot_A_Piece_05_SampledWithNormals.ply:28: property 'float32 centerx' of element 'camera' is not handled
[0;m[1;33m[pcl::PLYReader] ../Temp/Data/Pot_A/Pot_A_Piece_05_SampledWithNormals.ply:29: property 'float32 centery' of element 'camera' is not handled
[0;m[1;33m[pcl::PLYReader] ../Temp/Data/Pot_A/Pot_A_Piece_05_SampledWithNormals.ply:32: property 'float32 k1' of element 'camera' is not handled
[0;m[1;33m[pcl::PLYReader] ../Temp/Data/Pot_A/Pot_A_Piece_05_SampledWithNormals.ply:33: property 'float32 k2' of element 'camera' is not handled
[0;m[1;33m[pcl::PLYReader] ../Temp/Data/Pot_A/Pot_A_Piece_05_SampledWithNormals.ply:25: property 'float32 focal' of element 'camera' is not handled
[0;m[1;33m[pcl::PLYReader] ../Temp/Data/Pot_A/Pot_A_Piece_05_SampledWithNormals.ply:26: property 'float32 scalex' of element 'camera' is not handled
[0;m[1;33m[pcl::PLYReader] ../Temp/Data/Pot_A/Pot_A_Piece_05_SampledWithNormals.ply:27: property 'float32 scaley' of element 'camera' is not handled
[0;m[1;33m[pcl::PLYReader] ../Temp/Data/Pot_A/Pot_A_Piece_05_SampledWithNormals.ply:28: property 'float32 centerx' of element 'camera' is not handled
[0;m[1;33m[pcl::PLYReader] ../Temp/Data/Pot_A/Pot_A_Piece_05_SampledWithNormals.ply:29: property 'float32 centery' of element 'camera' is not handled
[0;m[1;33m[pcl::PLYReader] ../Temp/Data/Pot_A/Pot_A_Piece_05_SampledWithNormals.ply:32: property 'float32 k1' of element 'camera' is not handled
[0;m[1;33m[pcl::PLYReader] ../Temp/Data/Pot_A/Pot_A_Piece_05_SampledWithNormals.ply:33: property 'float32 k2' of element 'camera' is not handled
[0;m[1;33m[pcl::PLYReader] ../Temp/Data/Pot_A/Pot_A_Piece_05_SampledWithNormals.ply:25: property 'float32 focal' of element 'camera' is not handled
[0;m[1;33m[pcl::PLYReader] ../Temp/Data/Pot_A/Pot_A_Piece_05_SampledWithNormals.ply:26: property 'float32 scalex' of element 'camera' is not handled
[0;m[1;33m[pcl::PLYReader] ../Temp/Data/Pot_A/Pot_A_Piece_05_SampledWithNormals.ply:27: property 'float32 scaley' of element 'camera' is not handled
[0;m[1;33m[pcl::PLYReader] ../Temp/Data/Pot_A/Pot_A_Piece_05_SampledWithNormals.ply:28: property 'float32 centerx' of element 'camera' is not handled
[0;m[1;33m[pcl::PLYReader] ../Temp/Data/Pot_A/Pot_A_Piece_05_SampledWithNormals.ply:29: property 'float32 centery' of element 'camera' is not handled
[0;m[1;33m[pcl::PLYReader] ../Temp/Data/Pot_A/Pot_A_Piece_05_SampledWithNormals.ply:32: property 'float32 k1' of element 'camera' is not handled
[0;m[1;33m[pcl::PLYReader] ../Temp/Data/Pot_A/Pot_A_Piece_05_SampledWithNormals.ply:33: property 'float32 k2' of element 'camera' is not handled
[0;m[1;33m[pcl::PLYReader] ../Temp/Data/Pot_A/Pot_A_Piece_05_SampledWithNormals.ply:25: property 'float32 focal' of element 'camera' is not handled
[0;m[1;33m[pcl::PLYReader] ../Temp/Data/Pot_A/Pot_A_Piece_05_SampledWithNormals.ply:26: property 'float32 scalex' of element 'camera' is not handled
[0;m[1;33m[pcl::PLYReader] ../Temp/Data/Pot_A/Pot_A_Piece_05_SampledWithNormals.ply:27: property 'float32 scaley' of element 'camera' is not handled
[0;m[1;33m[pcl::PLYReader] ../Temp/Data/Pot_A/Pot_A_Piece_05_SampledWithNormals.ply:28: property 'float32 centerx' of element 'camera' is not handled
[0;m[1;33m[pcl::PLYReader] ../Temp/Data/Pot_A/Pot_A_Piece_05_SampledWithNormals.ply:29: property 'float32 centery' of element 'camera' is not handled
[0;m[1;33m[pcl::PLYReader] ../Temp/Data/Pot_A/Pot_A_Piece_05_SampledWithNormals.ply:32: property 'float32 k1' of element 'camera' is not handled
[0;m[1;33m[pcl::PLYReader] ../Temp/Data/Pot_A/Pot_A_Piece_05_SampledWithNormals.ply:33: property 'float32 k2' of element 'camera' is not handled
[0;m[1;33m[pcl::PLYReader] ../Temp/Data/Pot_A/Pot_A_Piece_05_SampledWithNormals.ply:25: property 'float32 focal' of element 'camera' is not handled
[0;m[1;33m[pcl::PLYReader] ../Temp/Data/Pot_A/Pot_A_Piece_05_SampledWithNormals.ply:26: property 'float32 scalex' of element 'camera' is not handled
[0;m[1;33m[pcl::PLYReader] ../Temp/Data/Pot_A/Pot_A_Piece_05_SampledWithNormals.ply:27: property 'float32 scaley' of element 'camera' is not handled
[0;m[1;33m[pcl::PLYReader] ../Temp/Data/Pot_A/Pot_A_Piece_05_SampledWithNormals.ply:28: property 'float32 centerx' of element 'camera' is not handled
[0;m[1;33m[pcl::PLYReader] ../Temp/Data/Pot_A/Pot_A_Piece_05_SampledWithNormals.ply:29: property 'float32 centery' of element 'camera' is not handled
[0;m[1;33m[pcl::PLYReader] ../Temp/Data/Pot_A/Pot_A_Piece_05_SampledWithNormals.ply:32: property 'float32 k1' of element 'camera' is not handled
[0;m[1;33m[pcl::PLYReader] ../Temp/Data/Pot_A/Pot_A_Piece_05_SampledWithNormals.ply:33: property 'float32 k2' of element 'camera' is not handled
[0;m[1;33m[pcl::PLYReader] ../Temp/Data/Pot_A/Pot_A_Piece_05_unclustered.ply:25: property 'float32 focal' of element 'camera' is not handled
[0;m[1;33m[pcl::PLYReader] ../Temp/Data/Pot_A/Pot_A_Piece_05_unclustered.ply:26: property 'float32 scalex' of element 'camera' is not handled
[0;m[1;33m[pcl::PLYReader] ../Temp/Data/Pot_A/Pot_A_Piece_05_unclustered.ply:27: property 'float32 scaley' of element 'camera' is not handled
[0;m[1;33m[pcl::PLYReader] ../Temp/Data/Pot_A/Pot_A_Piece_05_unclustered.ply:28: property 'float32 centerx' of element 'camera' is not handled
[0;m[1;33m[pcl::PLYReader] ../Temp/Data/Pot_A/Pot_A_Piece_05_unclustered.ply:29: property 'float32 centery' of element 'camera' is not handled
[0;m[1;33m[pcl::PLYReader] ../Temp/Data/Pot_A/Pot_A_Piece_05_unclustered.ply:32: property 'float32 k1' of element 'camera' is not handled
[0;m[1;33m[pcl::PLYReader] ../Temp/Data/Pot_A/Pot_A_Piece_05_unclustered.ply:33: property 'float32 k2' of element 'camera' is not handled
[0;m[1;33m[pcl::PLYReader] ../Temp/Temp_edge/Pot_A/_breakLineFromConcaveHull.ply:21: property 'float32 focal' of element 'camera' is not handled
[0;m[1;33m[pcl::PLYReader] ../Temp/Temp_edge/Pot_A/_breakLineFromConcaveHull.ply:22: property 'float32 scalex' of element 'camera' is not handled
[0;m[1;33m[pcl::PLYReader] ../Temp/Temp_edge/Pot_A/_breakLineFromConcaveHull.ply:23: property 'float32 scaley' of element 'camera' is not handled
[0;m[1;33m[pcl::PLYReader] ../Temp/Temp_edge/Pot_A/_breakLineFromConcaveHull.ply:24: property 'float32 centerx' of element 'camera' is not handled
[0;m[1;33m[pcl::PLYReader] ../Temp/Temp_edge/Pot_A/_breakLineFromConcaveHull.ply:25: property 'float32 centery' of element 'camera' is not handled
[0;m[1;33m[pcl::PLYReader] ../Temp/Temp_edge/Pot_A/_breakLineFromConcaveHull.ply:28: property 'float32 k1' of element 'camera' is not handled
[0;m[1;33m[pcl::PLYReader] ../Temp/Temp_edge/Pot_A/_breakLineFromConcaveHull.ply:29: property 'float32 k2' of element 'camera' is not handled
[0;m[1;33mFailed to find match for field 'normal_x'.
[0;m[1;33mFailed to find match for field 'normal_y'.
[0;m[1;33mFailed to find match for field 'normal_z'.
[0;m[1;33mFailed to find match for field 'curvature'.
[0;m[1;33m[pcl::PLYReader] ../Temp/Data/Pot_A/Pot_A_Piece_05_SampledWithNormals.ply:25: property 'float32 focal' of element 'camera' is not handled
[0;m[1;33m[pcl::PLYReader] ../Temp/Data/Pot_A/Pot_A_Piece_05_SampledWithNormals.ply:26: property 'float32 scalex' of element 'camera' is not handled
[0;m[1;33m[pcl::PLYReader] ../Temp/Data/Pot_A/Pot_A_Piece_05_SampledWithNormals.ply:27: property 'float32 scaley' of element 'camera' is not handled
[0;m[1;33m[pcl::PLYReader] ../Temp/Data/Pot_A/Pot_A_Piece_05_SampledWithNormals.ply:28: property 'float32 centerx' of element 'camera' is not handled
[0;m[1;33m[pcl::PLYReader] ../Temp/Data/Pot_A/Pot_A_Piece_05_SampledWithNormals.ply:29: property 'float32 centery' of element 'camera' is not handled
[0;m[1;33m[pcl::PLYReader] ../Temp/Data/Pot_A/Pot_A_Piece_05_SampledWithNormals.ply:32: property 'float32 k1' of element 'camera' is not handled
[0;m[1;33m[pcl::PLYReader] ../Temp/Data/Pot_A/Pot_A_Piece_05_SampledWithNormals.ply:33: property 'float32 k2' of element 'camera' is not handled
[0;m[1;33m[pcl::PLYReader] ../Temp/Data/Pot_A/Pot_A_Piece_05_SampledWithNormals.ply:25: property 'float32 focal' of element 'camera' is not handled
[0;m[1;33m[pcl::PLYReader] ../Temp/Data/Pot_A/Pot_A_Piece_05_SampledWithNormals.ply:26: property 'float32 scalex' of element 'camera' is not handled
[0;m[1;33m[pcl::PLYReader] ../Temp/Data/Pot_A/Pot_A_Piece_05_SampledWithNormals.ply:27: property 'float32 scaley' of element 'camera' is not handled
[0;m[1;33m[pcl::PLYReader] ../Temp/Data/Pot_A/Pot_A_Piece_05_SampledWithNormals.ply:28: property 'float32 centerx' of element 'camera' is not handled
[0;m[1;33m[pcl::PLYReader] ../Temp/Data/Pot_A/Pot_A_Piece_05_SampledWithNormals.ply:29: property 'float32 centery' of element 'camera' is not handled
[0;m[1;33m[pcl::PLYReader] ../Temp/Data/Pot_A/Pot_A_Piece_05_SampledWithNormals.ply:32: property 'float32 k1' of element 'camera' is not handled
[0;m[1;33m[pcl::PLYReader] ../Temp/Data/Pot_A/Pot_A_Piece_05_SampledWithNormals.ply:33: property 'float32 k2' of element 'camera' is not handled
[0;m[1;33m[pcl::PLYReader] ../Temp/Data/Pot_A/Pot_A_Piece_05_SampledWithNormals.ply:25: property 'float32 focal' of element 'camera' is not handled
[0;m[1;33m[pcl::PLYReader] ../Temp/Data/Pot_A/Pot_A_Piece_05_SampledWithNormals.ply:26: property 'float32 scalex' of element 'camera' is not handled
[0;m[1;33m[pcl::PLYReader] ../Temp/Data/Pot_A/Pot_A_Piece_05_SampledWithNormals.ply:27: property 'float32 scaley' of element 'camera' is not handled
[0;m[1;33m[pcl::PLYReader] ../Temp/Data/Pot_A/Pot_A_Piece_05_SampledWithNormals.ply:28: property 'float32 centerx' of element 'camera' is not handled
[0;m[1;33m[pcl::PLYReader] ../Temp/Data/Pot_A/Pot_A_Piece_05_SampledWithNormals.ply:29: property 'float32 centery' of element 'camera' is not handled
[0;m[1;33m[pcl::PLYReader] ../Temp/Data/Pot_A/Pot_A_Piece_05_SampledWithNormals.ply:32: property 'float32 k1' of element 'camera' is not handled
[0;m[1;33m[pcl::PLYReader] ../Temp/Data/Pot_A/Pot_A_Piece_05_SampledWithNormals.ply:33: property 'float32 k2' of element 'camera' is not handled
[0;m[1;33m[pcl::PLYReader] ../Temp/Data/Pot_A/Pot_A_Piece_05_SampledWithNormals.ply:25: property 'float32 focal' of element 'camera' is not handled
[0;m[1;33m[pcl::PLYReader] ../Temp/Data/Pot_A/Pot_A_Piece_05_SampledWithNormals.ply:26: property 'float32 scalex' of element 'camera' is not handled
[0;m[1;33m[pcl::PLYReader] ../Temp/Data/Pot_A/Pot_A_Piece_05_SampledWithNormals.ply:27: property 'float32 scaley' of element 'camera' is not handled
[0;m[1;33m[pcl::PLYReader] ../Temp/Data/Pot_A/Pot_A_Piece_05_SampledWithNormals.ply:28: property 'float32 centerx' of element 'camera' is not handled
[0;m[1;33m[pcl::PLYReader] ../Temp/Data/Pot_A/Pot_A_Piece_05_SampledWithNormals.ply:29: property 'float32 centery' of element 'camera' is not handled
[0;m[1;33m[pcl::PLYReader] ../Temp/Data/Pot_A/Pot_A_Piece_05_SampledWithNormals.ply:32: property 'float32 k1' of element 'camera' is not handled
[0;m[1;33m[pcl::PLYReader] ../Temp/Data/Pot_A/Pot_A_Piece_05_SampledWithNormals.ply:33: property 'float32 k2' of element 'camera' is not handled
[0;m[1;33m[pcl::PLYReader] ../Temp/Data/Pot_A/Pot_A_Piece_05_SampledWithNormals.ply:25: property 'float32 focal' of element 'camera' is not handled
[0;m[1;33m[pcl::PLYReader] ../Temp/Data/Pot_A/Pot_A_Piece_05_SampledWithNormals.ply:26: property 'float32 scalex' of element 'camera' is not handled
[0;m[1;33m[pcl::PLYReader] ../Temp/Data/Pot_A/Pot_A_Piece_05_SampledWithNormals.ply:27: property 'float32 scaley' of element 'camera' is not handled
[0;m[1;33m[pcl::PLYReader] ../Temp/Data/Pot_A/Pot_A_Piece_05_SampledWithNormals.ply:28: property 'float32 centerx' of element 'camera' is not handled
[0;m[1;33m[pcl::PLYReader] ../Temp/Data/Pot_A/Pot_A_Piece_05_SampledWithNormals.ply:29: property 'float32 centery' of element 'camera' is not handled
[0;m[1;33m[pcl::PLYReader] ../Temp/Data/Pot_A/Pot_A_Piece_05_SampledWithNormals.ply:32: property 'float32 k1' of element 'camera' is not handled
[0;m[1;33m[pcl::PLYReader] ../Temp/Data/Pot_A/Pot_A_Piece_05_SampledWithNormals.ply:33: property 'float32 k2' of element 'camera' is not handled
[0;m[1;33m[pcl::PLYReader] ../Temp/Data/Pot_A/Pot_A_Piece_05_SampledWithNormals.ply:25: property 'float32 focal' of element 'camera' is not handled
[0;m[1;33m[pcl::PLYReader] ../Temp/Data/Pot_A/Pot_A_Piece_05_SampledWithNormals.ply:26: property 'float32 scalex' of element 'camera' is not handled
[0;m[1;33m[pcl::PLYReader] ../Temp/Data/Pot_A/Pot_A_Piece_05_SampledWithNormals.ply:27: property 'float32 scaley' of element 'camera' is not handled
[0;m[1;33m[pcl::PLYReader] ../Temp/Data/Pot_A/Pot_A_Piece_05_SampledWithNormals.ply:28: property 'float32 centerx' of element 'camera' is not handled
[0;m[1;33m[pcl::PLYReader] ../Temp/Data/Pot_A/Pot_A_Piece_05_SampledWithNormals.ply:29: property 'float32 centery' of element 'camera' is not handled
[0;m[1;33m[pcl::PLYReader] ../Temp/Data/Pot_A/Pot_A_Piece_05_SampledWithNormals.ply:32: property 'float32 k1' of element 'camera' is not handled
[0;m[1;33m[pcl::PLYReader] ../Temp/Data/Pot_A/Pot_A_Piece_05_SampledWithNormals.ply:33: property 'float32 k2' of element 'camera' is not handled
[0;m[1;33m[pcl::PLYReader] ../Temp/Data/Pot_A/Pot_A_Piece_05_SampledWithNormals.ply:25: property 'float32 focal' of element 'camera' is not handled
[0;m[1;33m[pcl::PLYReader] ../Temp/Data/Pot_A/Pot_A_Piece_05_SampledWithNormals.ply:26: property 'float32 scalex' of element 'camera' is not handled
[0;m[1;33m[pcl::PLYReader] ../Temp/Data/Pot_A/Pot_A_Piece_05_SampledWithNormals.ply:27: property 'float32 scaley' of element 'camera' is not handled
[0;m[1;33m[pcl::PLYReader] ../Temp/Data/Pot_A/Pot_A_Piece_05_SampledWithNormals.ply:28: property 'float32 centerx' of element 'camera' is not handled
[0;m[1;33m[pcl::PLYReader] ../Temp/Data/Pot_A/Pot_A_Piece_05_SampledWithNormals.ply:29: property 'float32 centery' of element 'camera' is not handled
[0;m[1;33m[pcl::PLYReader] ../Temp/Data/Pot_A/Pot_A_Piece_05_SampledWithNormals.ply:32: property 'float32 k1' of element 'camera' is not handled
[0;m[1;33m[pcl::PLYReader] ../Temp/Data/Pot_A/Pot_A_Piece_05_SampledWithNormals.ply:33: property 'float32 k2' of element 'camera' is not handled
[0;m[1;33m[pcl::PLYReader] ../Temp/Data/Pot_A/Pot_A_Piece_05_SampledWithNormals.ply:25: property 'float32 focal' of element 'camera' is not handled
[0;m[1;33m[pcl::PLYReader] ../Temp/Data/Pot_A/Pot_A_Piece_05_SampledWithNormals.ply:26: property 'float32 scalex' of element 'camera' is not handled
[0;m[1;33m[pcl::PLYReader] ../Temp/Data/Pot_A/Pot_A_Piece_05_SampledWithNormals.ply:27: property 'float32 scaley' of element 'camera' is not handled
[0;m[1;33m[pcl::PLYReader] ../Temp/Data/Pot_A/Pot_A_Piece_05_SampledWithNormals.ply:28: property 'float32 centerx' of element 'camera' is not handled
[0;m[1;33m[pcl::PLYReader] ../Temp/Data/Pot_A/Pot_A_Piece_05_SampledWithNormals.ply:29: property 'float32 centery' of element 'camera' is not handled
[0;m[1;33m[pcl::PLYReader] ../Temp/Data/Pot_A/Pot_A_Piece_05_SampledWithNormals.ply:32: property 'float32 k1' of element 'camera' is not handled
[0;m[1;33m[pcl::PLYReader] ../Temp/Data/Pot_A/Pot_A_Piece_05_SampledWithNormals.ply:33: property 'float32 k2' of element 'camera' is not handled
[0;m[1;33m[pcl::PLYReader] ../Temp/Data/Pot_A/Pot_A_Piece_06_unclustered.ply:25: property 'float32 focal' of element 'camera' is not handled
[0;m[1;33m[pcl::PLYReader] ../Temp/Data/Pot_A/Pot_A_Piece_06_unclustered.ply:26: property 'float32 scalex' of element 'camera' is not handled
[0;m[1;33m[pcl::PLYReader] ../Temp/Data/Pot_A/Pot_A_Piece_06_unclustered.ply:27: property 'float32 scaley' of element 'camera' is not handled
[0;m[1;33m[pcl::PLYReader] ../Temp/Data/Pot_A/Pot_A_Piece_06_unclustered.ply:28: property 'float32 centerx' of element 'camera' is not handled
[0;m[1;33m[pcl::PLYReader] ../Temp/Data/Pot_A/Pot_A_Piece_06_unclustered.ply:29: property 'float32 centery' of element 'camera' is not handled
[0;m[1;33m[pcl::PLYReader] ../Temp/Data/Pot_A/Pot_A_Piece_06_unclustered.ply:32: property 'float32 k1' of element 'camera' is not handled
[0;m[1;33m[pcl::PLYReader] ../Temp/Data/Pot_A/Pot_A_Piece_06_unclustered.ply:33: property 'float32 k2' of element 'camera' is not handled
[0;m[1;33m[pcl::PLYReader] ../Temp/Temp_edge/Pot_A/_breakLineFromConcaveHull.ply:21: property 'float32 focal' of element 'camera' is not handled
[0;m[1;33m[pcl::PLYReader] ../Temp/Temp_edge/Pot_A/_breakLineFromConcaveHull.ply:22: property 'float32 scalex' of element 'camera' is not handled
[0;m[1;33m[pcl::PLYReader] ../Temp/Temp_edge/Pot_A/_breakLineFromConcaveHull.ply:23: property 'float32 scaley' of element 'camera' is not handled
[0;m[1;33m[pcl::PLYReader] ../Temp/Temp_edge/Pot_A/_breakLineFromConcaveHull.ply:24: property 'float32 centerx' of element 'camera' is not handled
[0;m[1;33m[pcl::PLYReader] ../Temp/Temp_edge/Pot_A/_breakLineFromConcaveHull.ply:25: property 'float32 centery' of element 'camera' is not handled
[0;m[1;33m[pcl::PLYReader] ../Temp/Temp_edge/Pot_A/_breakLineFromConcaveHull.ply:28: property 'float32 k1' of element 'camera' is not handled
[0;m[1;33m[pcl::PLYReader] ../Temp/Temp_edge/Pot_A/_breakLineFromConcaveHull.ply:29: property 'float32 k2' of element 'camera' is not handled
[0;m[1;33mFailed to find match for field 'normal_x'.
[0;m[1;33mFailed to find match for field 'normal_y'.
[0;m[1;33mFailed to find match for field 'normal_z'.
[0;m[1;33mFailed to find match for field 'curvature'.
[0;m[1;33m[pcl::PLYReader] ../Temp/Data/Pot_A/Pot_A_Piece_06_SampledWithNormals.ply:25: property 'float32 focal' of element 'camera' is not handled
[0;m[1;33m[pcl::PLYReader] ../Temp/Data/Pot_A/Pot_A_Piece_06_SampledWithNormals.ply:26: property 'float32 scalex' of element 'camera' is not handled
[0;m[1;33m[pcl::PLYReader] ../Temp/Data/Pot_A/Pot_A_Piece_06_SampledWithNormals.ply:27: property 'float32 scaley' of element 'camera' is not handled
[0;m[1;33m[pcl::PLYReader] ../Temp/Data/Pot_A/Pot_A_Piece_06_SampledWithNormals.ply:28: property 'float32 centerx' of element 'camera' is not handled
[0;m[1;33m[pcl::PLYReader] ../Temp/Data/Pot_A/Pot_A_Piece_06_SampledWithNormals.ply:29: property 'float32 centery' of element 'camera' is not handled
[0;m[1;33m[pcl::PLYReader] ../Temp/Data/Pot_A/Pot_A_Piece_06_SampledWithNormals.ply:32: property 'float32 k1' of element 'camera' is not handled
[0;m[1;33m[pcl::PLYReader] ../Temp/Data/Pot_A/Pot_A_Piece_06_SampledWithNormals.ply:33: property 'float32 k2' of element 'camera' is not handled
[0;m[1;33m[pcl::PLYReader] ../Temp/Data/Pot_A/Pot_A_Piece_06_SampledWithNormals.ply:25: property 'float32 focal' of element 'camera' is not handled
[0;m[1;33m[pcl::PLYReader] ../Temp/Data/Pot_A/Pot_A_Piece_06_SampledWithNormals.ply:26: property 'float32 scalex' of element 'camera' is not handled
[0;m[1;33m[pcl::PLYReader] ../Temp/Data/Pot_A/Pot_A_Piece_06_SampledWithNormals.ply:27: property 'float32 scaley' of element 'camera' is not handled
[0;m[1;33m[pcl::PLYReader] ../Temp/Data/Pot_A/Pot_A_Piece_06_SampledWithNormals.ply:28: property 'float32 centerx' of element 'camera' is not handled
[0;m[1;33m[pcl::PLYReader] ../Temp/Data/Pot_A/Pot_A_Piece_06_SampledWithNormals.ply:29: property 'float32 centery' of element 'camera' is not handled
[0;m[1;33m[pcl::PLYReader] ../Temp/Data/Pot_A/Pot_A_Piece_06_SampledWithNormals.ply:32: property 'float32 k1' of element 'camera' is not handled
[0;m[1;33m[pcl::PLYReader] ../Temp/Data/Pot_A/Pot_A_Piece_06_SampledWithNormals.ply:33: property 'float32 k2' of element 'camera' is not handled
[0;m[1;33m[pcl::PLYReader] ../Temp/Data/Pot_A/Pot_A_Piece_06_SampledWithNormals.ply:25: property 'float32 focal' of element 'camera' is not handled
[0;m[1;33m[pcl::PLYReader] ../Temp/Data/Pot_A/Pot_A_Piece_06_SampledWithNormals.ply:26: property 'float32 scalex' of element 'camera' is not handled
[0;m[1;33m[pcl::PLYReader] ../Temp/Data/Pot_A/Pot_A_Piece_06_SampledWithNormals.ply:27: property 'float32 scaley' of element 'camera' is not handled
[0;m[1;33m[pcl::PLYReader] ../Temp/Data/Pot_A/Pot_A_Piece_06_SampledWithNormals.ply:28: property 'float32 centerx' of element 'camera' is not handled
[0;m[1;33m[pcl::PLYReader] ../Temp/Data/Pot_A/Pot_A_Piece_06_SampledWithNormals.ply:29: property 'float32 centery' of element 'camera' is not handled
[0;m[1;33m[pcl::PLYReader] ../Temp/Data/Pot_A/Pot_A_Piece_06_SampledWithNormals.ply:32: property 'float32 k1' of element 'camera' is not handled
[0;m[1;33m[pcl::PLYReader] ../Temp/Data/Pot_A/Pot_A_Piece_06_SampledWithNormals.ply:33: property 'float32 k2' of element 'camera' is not handled
[0;m[1;33m[pcl::PLYReader] ../Temp/Data/Pot_A/Pot_A_Piece_06_SampledWithNormals.ply:25: property 'float32 focal' of element 'camera' is not handled
[0;m[1;33m[pcl::PLYReader] ../Temp/Data/Pot_A/Pot_A_Piece_06_SampledWithNormals.ply:26: property 'float32 scalex' of element 'camera' is not handled
[0;m[1;33m[pcl::PLYReader] ../Temp/Data/Pot_A/Pot_A_Piece_06_SampledWithNormals.ply:27: property 'float32 scaley' of element 'camera' is not handled
[0;m[1;33m[pcl::PLYReader] ../Temp/Data/Pot_A/Pot_A_Piece_06_SampledWithNormals.ply:28: property 'float32 centerx' of element 'camera' is not handled
[0;m[1;33m[pcl::PLYReader] ../Temp/Data/Pot_A/Pot_A_Piece_06_SampledWithNormals.ply:29: property 'float32 centery' of element 'camera' is not handled
[0;m[1;33m[pcl::PLYReader] ../Temp/Data/Pot_A/Pot_A_Piece_06_SampledWithNormals.ply:32: property 'float32 k1' of element 'camera' is not handled
[0;m[1;33m[pcl::PLYReader] ../Temp/Data/Pot_A/Pot_A_Piece_06_SampledWithNormals.ply:33: property 'float32 k2' of element 'camera' is not handled
[0;m[1;33m[pcl::PLYReader] ../Temp/Data/Pot_A/Pot_A_Piece_06_unclustered.ply:25: property 'float32 focal' of element 'camera' is not handled
[0;m[1;33m[pcl::PLYReader] ../Temp/Data/Pot_A/Pot_A_Piece_06_unclustered.ply:26: property 'float32 scalex' of element 'camera' is not handled
[0;m[1;33m[pcl::PLYReader] ../Temp/Data/Pot_A/Pot_A_Piece_06_unclustered.ply:27: property 'float32 scaley' of element 'camera' is not handled
[0;m[1;33m[pcl::PLYReader] ../Temp/Data/Pot_A/Pot_A_Piece_06_unclustered.ply:28: property 'float32 centerx' of element 'camera' is not handled
[0;m[1;33m[pcl::PLYReader] ../Temp/Data/Pot_A/Pot_A_Piece_06_unclustered.ply:29: property 'float32 centery' of element 'camera' is not handled
[0;m[1;33m[pcl::PLYReader] ../Temp/Data/Pot_A/Pot_A_Piece_06_unclustered.ply:32: property 'float32 k1' of element 'camera' is not handled
[0;m[1;33m[pcl::PLYReader] ../Temp/Data/Pot_A/Pot_A_Piece_06_unclustered.ply:33: property 'float32 k2' of element 'camera' is not handled
[0;m[1;33m[pcl::PLYReader] ../Temp/Temp_edge/Pot_A/_breakLineFromConcaveHull.ply:21: property 'float32 focal' of element 'camera' is not handled
[0;m[1;33m[pcl::PLYReader] ../Temp/Temp_edge/Pot_A/_breakLineFromConcaveHull.ply:22: property 'float32 scalex' of element 'camera' is not handled
[0;m[1;33m[pcl::PLYReader] ../Temp/Temp_edge/Pot_A/_breakLineFromConcaveHull.ply:23: property 'float32 scaley' of element 'camera' is not handled
[0;m[1;33m[pcl::PLYReader] ../Temp/Temp_edge/Pot_A/_breakLineFromConcaveHull.ply:24: property 'float32 centerx' of element 'camera' is not handled
[0;m[1;33m[pcl::PLYReader] ../Temp/Temp_edge/Pot_A/_breakLineFromConcaveHull.ply:25: property 'float32 centery' of element 'camera' is not handled
[0;m[1;33m[pcl::PLYReader] ../Temp/Temp_edge/Pot_A/_breakLineFromConcaveHull.ply:28: property 'float32 k1' of element 'camera' is not handled
[0;m[1;33m[pcl::PLYReader] ../Temp/Temp_edge/Pot_A/_breakLineFromConcaveHull.ply:29: property 'float32 k2' of element 'camera' is not handled
[0;m[1;33mFailed to find match for field 'normal_x'.
[0;m[1;33mFailed to find match for field 'normal_y'.
[0;m[1;33mFailed to find match for field 'normal_z'.
[0;m[1;33mFailed to find match for field 'curvature'.
[0;m[1;33m[pcl::PLYReader] ../Temp/Data/Pot_A/Pot_A_Piece_06_SampledWithNormals.ply:25: property 'float32 focal' of element 'camera' is not handled
[0;m[1;33m[pcl::PLYReader] ../Temp/Data/Pot_A/Pot_A_Piece_06_SampledWithNormals.ply:26: property 'float32 scalex' of element 'camera' is not handled
[0;m[1;33m[pcl::PLYReader] ../Temp/Data/Pot_A/Pot_A_Piece_06_SampledWithNormals.ply:27: property 'float32 scaley' of element 'camera' is not handled
[0;m[1;33m[pcl::PLYReader] ../Temp/Data/Pot_A/Pot_A_Piece_06_SampledWithNormals.ply:28: property 'float32 centerx' of element 'camera' is not handled
[0;m[1;33m[pcl::PLYReader] ../Temp/Data/Pot_A/Pot_A_Piece_06_SampledWithNormals.ply:29: property 'float32 centery' of element 'camera' is not handled
[0;m[1;33m[pcl::PLYReader] ../Temp/Data/Pot_A/Pot_A_Piece_06_SampledWithNormals.ply:32: property 'float32 k1' of element 'camera' is not handled
[0;m[1;33m[pcl::PLYReader] ../Temp/Data/Pot_A/Pot_A_Piece_06_SampledWithNormals.ply:33: property 'float32 k2' of element 'camera' is not handled
[0;m[1;33m[pcl::PLYReader] ../Temp/Data/Pot_A/Pot_A_Piece_06_SampledWithNormals.ply:25: property 'float32 focal' of element 'camera' is not handled
[0;m[1;33m[pcl::PLYReader] ../Temp/Data/Pot_A/Pot_A_Piece_06_SampledWithNormals.ply:26: property 'float32 scalex' of element 'camera' is not handled
[0;m[1;33m[pcl::PLYReader] ../Temp/Data/Pot_A/Pot_A_Piece_06_SampledWithNormals.ply:27: property 'float32 scaley' of element 'camera' is not handled
[0;m[1;33m[pcl::PLYReader] ../Temp/Data/Pot_A/Pot_A_Piece_06_SampledWithNormals.ply:28: property 'float32 centerx' of element 'camera' is not handled
[0;m[1;33m[pcl::PLYReader] ../Temp/Data/Pot_A/Pot_A_Piece_06_SampledWithNormals.ply:29: property 'float32 centery' of element 'camera' is not handled
[0;m[1;33m[pcl::PLYReader] ../Temp/Data/Pot_A/Pot_A_Piece_06_SampledWithNormals.ply:32: property 'float32 k1' of element 'camera' is not handled
[0;m[1;33m[pcl::PLYReader] ../Temp/Data/Pot_A/Pot_A_Piece_06_SampledWithNormals.ply:33: property 'float32 k2' of element 'camera' is not handled
[0;m[1;33m[pcl::PLYReader] ../Temp/Data/Pot_A/Pot_A_Piece_06_SampledWithNormals.ply:25: property 'float32 focal' of element 'camera' is not handled
[0;m[1;33m[pcl::PLYReader] ../Temp/Data/Pot_A/Pot_A_Piece_06_SampledWithNormals.ply:26: property 'float32 scalex' of element 'camera' is not handled
[0;m[1;33m[pcl::PLYReader] ../Temp/Data/Pot_A/Pot_A_Piece_06_SampledWithNormals.ply:27: property 'float32 scaley' of element 'camera' is not handled
[0;m[1;33m[pcl::PLYReader] ../Temp/Data/Pot_A/Pot_A_Piece_06_SampledWithNormals.ply:28: property 'float32 centerx' of element 'camera' is not handled
[0;m[1;33m[pcl::PLYReader] ../Temp/Data/Pot_A/Pot_A_Piece_06_SampledWithNormals.ply:29: property 'float32 centery' of element 'camera' is not handled
[0;m[1;33m[pcl::PLYReader] ../Temp/Data/Pot_A/Pot_A_Piece_06_SampledWithNormals.ply:32: property 'float32 k1' of element 'camera' is not handled
[0;m[1;33m[pcl::PLYReader] ../Temp/Data/Pot_A/Pot_A_Piece_06_SampledWithNormals.ply:33: property 'float32 k2' of element 'camera' is not handled
[0;m[1;33m[pcl::PLYReader] ../Temp/Data/Pot_A/Pot_A_Piece_06_SampledWithNormals.ply:25: property 'float32 focal' of element 'camera' is not handled
[0;m[1;33m[pcl::PLYReader] ../Temp/Data/Pot_A/Pot_A_Piece_06_SampledWithNormals.ply:26: property 'float32 scalex' of element 'camera' is not handled
[0;m[1;33m[pcl::PLYReader] ../Temp/Data/Pot_A/Pot_A_Piece_06_SampledWithNormals.ply:27: property 'float32 scaley' of element 'camera' is not handled
[0;m[1;33m[pcl::PLYReader] ../Temp/Data/Pot_A/Pot_A_Piece_06_SampledWithNormals.ply:28: property 'float32 centerx' of element 'camera' is not handled
[0;m[1;33m[pcl::PLYReader] ../Temp/Data/Pot_A/Pot_A_Piece_06_SampledWithNormals.ply:29: property 'float32 centery' of element 'camera' is not handled
[0;m[1;33m[pcl::PLYReader] ../Temp/Data/Pot_A/Pot_A_Piece_06_SampledWithNormals.ply:32: property 'float32 k1' of element 'camera' is not handled
[0;m[1;33m[pcl::PLYReader] ../Temp/Data/Pot_A/Pot_A_Piece_06_SampledWithNormals.ply:33: property 'float32 k2' of element 'camera' is not handled
[0;m[1;33m[pcl::PLYReader] ../Temp/Data/Pot_A/Pot_A_Piece_06_unclustered.ply:25: property 'float32 focal' of element 'camera' is not handled
[0;m[1;33m[pcl::PLYReader] ../Temp/Data/Pot_A/Pot_A_Piece_06_unclustered.ply:26: property 'float32 scalex' of element 'camera' is not handled
[0;m[1;33m[pcl::PLYReader] ../Temp/Data/Pot_A/Pot_A_Piece_06_unclustered.ply:27: property 'float32 scaley' of element 'camera' is not handled
[0;m[1;33m[pcl::PLYReader] ../Temp/Data/Pot_A/Pot_A_Piece_06_unclustered.ply:28: property 'float32 centerx' of element 'camera' is not handled
[0;m[1;33m[pcl::PLYReader] ../Temp/Data/Pot_A/Pot_A_Piece_06_unclustered.ply:29: property 'float32 centery' of element 'camera' is not handled
[0;m[1;33m[pcl::PLYReader] ../Temp/Data/Pot_A/Pot_A_Piece_06_unclustered.ply:32: property 'float32 k1' of element 'camera' is not handled
[0;m[1;33m[pcl::PLYReader] ../Temp/Data/Pot_A/Pot_A_Piece_06_unclustered.ply:33: property 'float32 k2' of element 'camera' is not handled
[0;m[1;33m[pcl::PLYReader] ../Temp/Temp_edge/Pot_A/_breakLineFromConcaveHull.ply:21: property 'float32 focal' of element 'camera' is not handled
[0;m[1;33m[pcl::PLYReader] ../Temp/Temp_edge/Pot_A/_breakLineFromConcaveHull.ply:22: property 'float32 scalex' of element 'camera' is not handled
[0;m[1;33m[pcl::PLYReader] ../Temp/Temp_edge/Pot_A/_breakLineFromConcaveHull.ply:23: property 'float32 scaley' of element 'camera' is not handled
[0;m[1;33m[pcl::PLYReader] ../Temp/Temp_edge/Pot_A/_breakLineFromConcaveHull.ply:24: property 'float32 centerx' of element 'camera' is not handled
[0;m[1;33m[pcl::PLYReader] ../Temp/Temp_edge/Pot_A/_breakLineFromConcaveHull.ply:25: property 'float32 centery' of element 'camera' is not handled
[0;m[1;33m[pcl::PLYReader] ../Temp/Temp_edge/Pot_A/_breakLineFromConcaveHull.ply:28: property 'float32 k1' of element 'camera' is not handled
[0;m[1;33m[pcl::PLYReader] ../Temp/Temp_edge/Pot_A/_breakLineFromConcaveHull.ply:29: property 'float32 k2' of element 'camera' is not handled
[0;m[1;33mFailed to find match for field 'normal_x'.
[0;m[1;33mFailed to find match for field 'normal_y'.
[0;m[1;33mFailed to find match for field 'normal_z'.
[0;m[1;33mFailed to find match for field 'curvature'.
[0;m[1;33m[pcl::PLYReader] ../Temp/Data/Pot_A/Pot_A_Piece_06_SampledWithNormals.ply:25: property 'float32 focal' of element 'camera' is not handled
[0;m[1;33m[pcl::PLYReader] ../Temp/Data/Pot_A/Pot_A_Piece_06_SampledWithNormals.ply:26: property 'float32 scalex' of element 'camera' is not handled
[0;m[1;33m[pcl::PLYReader] ../Temp/Data/Pot_A/Pot_A_Piece_06_SampledWithNormals.ply:27: property 'float32 scaley' of element 'camera' is not handled
[0;m[1;33m[pcl::PLYReader] ../Temp/Data/Pot_A/Pot_A_Piece_06_SampledWithNormals.ply:28: property 'float32 centerx' of element 'camera' is not handled
[0;m[1;33m[pcl::PLYReader] ../Temp/Data/Pot_A/Pot_A_Piece_06_SampledWithNormals.ply:29: property 'float32 centery' of element 'camera' is not handled
[0;m[1;33m[pcl::PLYReader] ../Temp/Data/Pot_A/Pot_A_Piece_06_SampledWithNormals.ply:32: property 'float32 k1' of element 'camera' is not handled
[0;m[1;33m[pcl::PLYReader] ../Temp/Data/Pot_A/Pot_A_Piece_06_SampledWithNormals.ply:33: property 'float32 k2' of element 'camera' is not handled
[0;m[1;33m[pcl::PLYReader] ../Temp/Data/Pot_A/Pot_A_Piece_06_SampledWithNormals.ply:25: property 'float32 focal' of element 'camera' is not handled
[0;m[1;33m[pcl::PLYReader] ../Temp/Data/Pot_A/Pot_A_Piece_06_SampledWithNormals.ply:26: property 'float32 scalex' of element 'camera' is not handled
[0;m[1;33m[pcl::PLYReader] ../Temp/Data/Pot_A/Pot_A_Piece_06_SampledWithNormals.ply:27: property 'float32 scaley' of element 'camera' is not handled
[0;m[1;33m[pcl::PLYReader] ../Temp/Data/Pot_A/Pot_A_Piece_06_SampledWithNormals.ply:28: property 'float32 centerx' of element 'camera' is not handled
[0;m[1;33m[pcl::PLYReader] ../Temp/Data/Pot_A/Pot_A_Piece_06_SampledWithNormals.ply:29: property 'float32 centery' of element 'camera' is not handled
[0;m[1;33m[pcl::PLYReader] ../Temp/Data/Pot_A/Pot_A_Piece_06_SampledWithNormals.ply:32: property 'float32 k1' of element 'camera' is not handled
[0;m[1;33m[pcl::PLYReader] ../Temp/Data/Pot_A/Pot_A_Piece_06_SampledWithNormals.ply:33: property 'float32 k2' of element 'camera' is not handled
[0;m[1;33m[pcl::PLYReader] ../Temp/Data/Pot_A/Pot_A_Piece_06_SampledWithNormals.ply:25: property 'float32 focal' of element 'camera' is not handled
[0;m[1;33m[pcl::PLYReader] ../Temp/Data/Pot_A/Pot_A_Piece_06_SampledWithNormals.ply:26: property 'float32 scalex' of element 'camera' is not handled
[0;m[1;33m[pcl::PLYReader] ../Temp/Data/Pot_A/Pot_A_Piece_06_SampledWithNormals.ply:27: property 'float32 scaley' of element 'camera' is not handled
[0;m[1;33m[pcl::PLYReader] ../Temp/Data/Pot_A/Pot_A_Piece_06_SampledWithNormals.ply:28: property 'float32 centerx' of element 'camera' is not handled
[0;m[1;33m[pcl::PLYReader] ../Temp/Data/Pot_A/Pot_A_Piece_06_SampledWithNormals.ply:29: property 'float32 centery' of element 'camera' is not handled
[0;m[1;33m[pcl::PLYReader] ../Temp/Data/Pot_A/Pot_A_Piece_06_SampledWithNormals.ply:32: property 'float32 k1' of element 'camera' is not handled
[0;m[1;33m[pcl::PLYReader] ../Temp/Data/Pot_A/Pot_A_Piece_06_SampledWithNormals.ply:33: property 'float32 k2' of element 'camera' is not handled
[0;m[1;33m[pcl::PLYReader] ../Temp/Data/Pot_A/Pot_A_Piece_06_SampledWithNormals.ply:25: property 'float32 focal' of element 'camera' is not handled
[0;m[1;33m[pcl::PLYReader] ../Temp/Data/Pot_A/Pot_A_Piece_06_SampledWithNormals.ply:26: property 'float32 scalex' of element 'camera' is not handled
[0;m[1;33m[pcl::PLYReader] ../Temp/Data/Pot_A/Pot_A_Piece_06_SampledWithNormals.ply:27: property 'float32 scaley' of element 'camera' is not handled
[0;m[1;33m[pcl::PLYReader] ../Temp/Data/Pot_A/Pot_A_Piece_06_SampledWithNormals.ply:28: property 'float32 centerx' of element 'camera' is not handled
[0;m[1;33m[pcl::PLYReader] ../Temp/Data/Pot_A/Pot_A_Piece_06_SampledWithNormals.ply:29: property 'float32 centery' of element 'camera' is not handled
[0;m[1;33m[pcl::PLYReader] ../Temp/Data/Pot_A/Pot_A_Piece_06_SampledWithNormals.ply:32: property 'float32 k1' of element 'camera' is not handled
[0;m[1;33m[pcl::PLYReader] ../Temp/Data/Pot_A/Pot_A_Piece_06_SampledWithNormals.ply:33: property 'float32 k2' of element 'camera' is not handled
[0;m[1;33m[pcl::PLYReader] ../Temp/Data/Pot_A/Pot_A_Piece_06_unclustered.ply:25: property 'float32 focal' of element 'camera' is not handled
[0;m[1;33m[pcl::PLYReader] ../Temp/Data/Pot_A/Pot_A_Piece_06_unclustered.ply:26: property 'float32 scalex' of element 'camera' is not handled
[0;m[1;33m[pcl::PLYReader] ../Temp/Data/Pot_A/Pot_A_Piece_06_unclustered.ply:27: property 'float32 scaley' of element 'camera' is not handled
[0;m[1;33m[pcl::PLYReader] ../Temp/Data/Pot_A/Pot_A_Piece_06_unclustered.ply:28: property 'float32 centerx' of element 'camera' is not handled
[0;m[1;33m[pcl::PLYReader] ../Temp/Data/Pot_A/Pot_A_Piece_06_unclustered.ply:29: property 'float32 centery' of element 'camera' is not handled
[0;m[1;33m[pcl::PLYReader] ../Temp/Data/Pot_A/Pot_A_Piece_06_unclustered.ply:32: property 'float32 k1' of element 'camera' is not handled
[0;m[1;33m[pcl::PLYReader] ../Temp/Data/Pot_A/Pot_A_Piece_06_unclustered.ply:33: property 'float32 k2' of element 'camera' is not handled
[0;m[1;33m[pcl::PLYReader] ../Temp/Temp_edge/Pot_A/_breakLineFromConcaveHull.ply:21: property 'float32 focal' of element 'camera' is not handled
[0;m[1;33m[pcl::PLYReader] ../Temp/Temp_edge/Pot_A/_breakLineFromConcaveHull.ply:22: property 'float32 scalex' of element 'camera' is not handled
[0;m[1;33m[pcl::PLYReader] ../Temp/Temp_edge/Pot_A/_breakLineFromConcaveHull.ply:23: property 'float32 scaley' of element 'camera' is not handled
[0;m[1;33m[pcl::PLYReader] ../Temp/Temp_edge/Pot_A/_breakLineFromConcaveHull.ply:24: property 'float32 centerx' of element 'camera' is not handled
[0;m[1;33m[pcl::PLYReader] ../Temp/Temp_edge/Pot_A/_breakLineFromConcaveHull.ply:25: property 'float32 centery' of element 'camera' is not handled
[0;m[1;33m[pcl::PLYReader] ../Temp/Temp_edge/Pot_A/_breakLineFromConcaveHull.ply:28: property 'float32 k1' of element 'camera' is not handled
[0;m[1;33m[pcl::PLYReader] ../Temp/Temp_edge/Pot_A/_breakLineFromConcaveHull.ply:29: property 'float32 k2' of element 'camera' is not handled
[0;m[1;33mFailed to find match for field 'normal_x'.
[0;m[1;33mFailed to find match for field 'normal_y'.
[0;m[1;33mFailed to find match for field 'normal_z'.
[0;m[1;33mFailed to find match for field 'curvature'.
[0;m[1;33m[pcl::PLYReader] ../Temp/Data/Pot_A/Pot_A_Piece_06_SampledWithNormals.ply:25: property 'float32 focal' of element 'camera' is not handled
[0;m[1;33m[pcl::PLYReader] ../Temp/Data/Pot_A/Pot_A_Piece_06_SampledWithNormals.ply:26: property 'float32 scalex' of element 'camera' is not handled
[0;m[1;33m[pcl::PLYReader] ../Temp/Data/Pot_A/Pot_A_Piece_06_SampledWithNormals.ply:27: property 'float32 scaley' of element 'camera' is not handled
[0;m[1;33m[pcl::PLYReader] ../Temp/Data/Pot_A/Pot_A_Piece_06_SampledWithNormals.ply:28: property 'float32 centerx' of element 'camera' is not handled
[0;m[1;33m[pcl::PLYReader] ../Temp/Data/Pot_A/Pot_A_Piece_06_SampledWithNormals.ply:29: property 'float32 centery' of element 'camera' is not handled
[0;m[1;33m[pcl::PLYReader] ../Temp/Data/Pot_A/Pot_A_Piece_06_SampledWithNormals.ply:32: property 'float32 k1' of element 'camera' is not handled
[0;m[1;33m[pcl::PLYReader] ../Temp/Data/Pot_A/Pot_A_Piece_06_SampledWithNormals.ply:33: property 'float32 k2' of element 'camera' is not handled
[0;m[1;33m[pcl::PLYReader] ../Temp/Data/Pot_A/Pot_A_Piece_06_SampledWithNormals.ply:25: property 'float32 focal' of element 'camera' is not handled
[0;m[1;33m[pcl::PLYReader] ../Temp/Data/Pot_A/Pot_A_Piece_06_SampledWithNormals.ply:26: property 'float32 scalex' of element 'camera' is not handled
[0;m[1;33m[pcl::PLYReader] ../Temp/Data/Pot_A/Pot_A_Piece_06_SampledWithNormals.ply:27: property 'float32 scaley' of element 'camera' is not handled
[0;m[1;33m[pcl::PLYReader] ../Temp/Data/Pot_A/Pot_A_Piece_06_SampledWithNormals.ply:28: property 'float32 centerx' of element 'camera' is not handled
[0;m[1;33m[pcl::PLYReader] ../Temp/Data/Pot_A/Pot_A_Piece_06_SampledWithNormals.ply:29: property 'float32 centery' of element 'camera' is not handled
[0;m[1;33m[pcl::PLYReader] ../Temp/Data/Pot_A/Pot_A_Piece_06_SampledWithNormals.ply:32: property 'float32 k1' of element 'camera' is not handled
[0;m[1;33m[pcl::PLYReader] ../Temp/Data/Pot_A/Pot_A_Piece_06_SampledWithNormals.ply:33: property 'float32 k2' of element 'camera' is not handled
[0;m[1;33m[pcl::PLYReader] ../Temp/Data/Pot_A/Pot_A_Piece_06_SampledWithNormals.ply:25: property 'float32 focal' of element 'camera' is not handled
[0;m[1;33m[pcl::PLYReader] ../Temp/Data/Pot_A/Pot_A_Piece_06_SampledWithNormals.ply:26: property 'float32 scalex' of element 'camera' is not handled
[0;m[1;33m[pcl::PLYReader] ../Temp/Data/Pot_A/Pot_A_Piece_06_SampledWithNormals.ply:27: property 'float32 scaley' of element 'camera' is not handled
[0;m[1;33m[pcl::PLYReader] ../Temp/Data/Pot_A/Pot_A_Piece_06_SampledWithNormals.ply:28: property 'float32 centerx' of element 'camera' is not handled
[0;m[1;33m[pcl::PLYReader] ../Temp/Data/Pot_A/Pot_A_Piece_06_SampledWithNormals.ply:29: property 'float32 centery' of element 'camera' is not handled
[0;m[1;33m[pcl::PLYReader] ../Temp/Data/Pot_A/Pot_A_Piece_06_SampledWithNormals.ply:32: property 'float32 k1' of element 'camera' is not handled
[0;m[1;33m[pcl::PLYReader] ../Temp/Data/Pot_A/Pot_A_Piece_06_SampledWithNormals.ply:33: property 'float32 k2' of element 'camera' is not handled
[0;m[1;33m[pcl::PLYReader] ../Temp/Data/Pot_A/Pot_A_Piece_06_SampledWithNormals.ply:25: property 'float32 focal' of element 'camera' is not handled
[0;m[1;33m[pcl::PLYReader] ../Temp/Data/Pot_A/Pot_A_Piece_06_SampledWithNormals.ply:26: property 'float32 scalex' of element 'camera' is not handled
[0;m[1;33m[pcl::PLYReader] ../Temp/Data/Pot_A/Pot_A_Piece_06_SampledWithNormals.ply:27: property 'float32 scaley' of element 'camera' is not handled
[0;m[1;33m[pcl::PLYReader] ../Temp/Data/Pot_A/Pot_A_Piece_06_SampledWithNormals.ply:28: property 'float32 centerx' of element 'camera' is not handled
[0;m[1;33m[pcl::PLYReader] ../Temp/Data/Pot_A/Pot_A_Piece_06_SampledWithNormals.ply:29: property 'float32 centery' of element 'camera' is not handled
[0;m[1;33m[pcl::PLYReader] ../Temp/Data/Pot_A/Pot_A_Piece_06_SampledWithNormals.ply:32: property 'float32 k1' of element 'camera' is not handled
[0;m[1;33m[pcl::PLYReader] ../Temp/Data/Pot_A/Pot_A_Piece_06_SampledWithNormals.ply:33: property 'float32 k2' of element 'camera' is not handled
[0;m[1;33m[pcl::PLYReader] ../Temp/Data/Pot_A/Pot_A_Piece_07_unclustered.ply:25: property 'float32 focal' of element 'camera' is not handled
[0;m[1;33m[pcl::PLYReader] ../Temp/Data/Pot_A/Pot_A_Piece_07_unclustered.ply:26: property 'float32 scalex' of element 'camera' is not handled
[0;m[1;33m[pcl::PLYReader] ../Temp/Data/Pot_A/Pot_A_Piece_07_unclustered.ply:27: property 'float32 scaley' of element 'camera' is not handled
[0;m[1;33m[pcl::PLYReader] ../Temp/Data/Pot_A/Pot_A_Piece_07_unclustered.ply:28: property 'float32 centerx' of element 'camera' is not handled
[0;m[1;33m[pcl::PLYReader] ../Temp/Data/Pot_A/Pot_A_Piece_07_unclustered.ply:29: property 'float32 centery' of element 'camera' is not handled
[0;m[1;33m[pcl::PLYReader] ../Temp/Data/Pot_A/Pot_A_Piece_07_unclustered.ply:32: property 'float32 k1' of element 'camera' is not handled
[0;m[1;33m[pcl::PLYReader] ../Temp/Data/Pot_A/Pot_A_Piece_07_unclustered.ply:33: property 'float32 k2' of element 'camera' is not handled
[0;m[1;33m[pcl::PLYReader] ../Temp/Temp_edge/Pot_A/_breakLineFromConcaveHull.ply:21: property 'float32 focal' of element 'camera' is not handled
[0;m[1;33m[pcl::PLYReader] ../Temp/Temp_edge/Pot_A/_breakLineFromConcaveHull.ply:22: property 'float32 scalex' of element 'camera' is not handled
[0;m[1;33m[pcl::PLYReader] ../Temp/Temp_edge/Pot_A/_breakLineFromConcaveHull.ply:23: property 'float32 scaley' of element 'camera' is not handled
[0;m[1;33m[pcl::PLYReader] ../Temp/Temp_edge/Pot_A/_breakLineFromConcaveHull.ply:24: property 'float32 centerx' of element 'camera' is not handled
[0;m[1;33m[pcl::PLYReader] ../Temp/Temp_edge/Pot_A/_breakLineFromConcaveHull.ply:25: property 'float32 centery' of element 'camera' is not handled
[0;m[1;33m[pcl::PLYReader] ../Temp/Temp_edge/Pot_A/_breakLineFromConcaveHull.ply:28: property 'float32 k1' of element 'camera' is not handled
[0;m[1;33m[pcl::PLYReader] ../Temp/Temp_edge/Pot_A/_breakLineFromConcaveHull.ply:29: property 'float32 k2' of element 'camera' is not handled
[0;m[1;33mFailed to find match for field 'normal_x'.
[0;m[1;33mFailed to find match for field 'normal_y'.
[0;m[1;33mFailed to find match for field 'normal_z'.
[0;m[1;33mFailed to find match for field 'curvature'.
[0;m[1;33m[pcl::PLYReader] ../Temp/Data/Pot_A/Pot_A_Piece_07_SampledWithNormals.ply:25: property 'float32 focal' of element 'camera' is not handled
[0;m[1;33m[pcl::PLYReader] ../Temp/Data/Pot_A/Pot_A_Piece_07_SampledWithNormals.ply:26: property 'float32 scalex' of element 'camera' is not handled
[0;m[1;33m[pcl::PLYReader] ../Temp/Data/Pot_A/Pot_A_Piece_07_SampledWithNormals.ply:27: property 'float32 scaley' of element 'camera' is not handled
[0;m[1;33m[pcl::PLYReader] ../Temp/Data/Pot_A/Pot_A_Piece_07_SampledWithNormals.ply:28: property 'float32 centerx' of element 'camera' is not handled
[0;m[1;33m[pcl::PLYReader] ../Temp/Data/Pot_A/Pot_A_Piece_07_SampledWithNormals.ply:29: property 'float32 centery' of element 'camera' is not handled
[0;m[1;33m[pcl::PLYReader] ../Temp/Data/Pot_A/Pot_A_Piece_07_SampledWithNormals.ply:32: property 'float32 k1' of element 'camera' is not handled
[0;m[1;33m[pcl::PLYReader] ../Temp/Data/Pot_A/Pot_A_Piece_07_SampledWithNormals.ply:33: property 'float32 k2' of element 'camera' is not handled
[0;m[1;33m[pcl::PLYReader] ../Temp/Data/Pot_A/Pot_A_Piece_07_SampledWithNormals.ply:25: property 'float32 focal' of element 'camera' is not handled
[0;m[1;33m[pcl::PLYReader] ../Temp/Data/Pot_A/Pot_A_Piece_07_SampledWithNormals.ply:26: property 'float32 scalex' of element 'camera' is not handled
[0;m[1;33m[pcl::PLYReader] ../Temp/Data/Pot_A/Pot_A_Piece_07_SampledWithNormals.ply:27: property 'float32 scaley' of element 'camera' is not handled
[0;m[1;33m[pcl::PLYReader] ../Temp/Data/Pot_A/Pot_A_Piece_07_SampledWithNormals.ply:28: property 'float32 centerx' of element 'camera' is not handled
[0;m[1;33m[pcl::PLYReader] ../Temp/Data/Pot_A/Pot_A_Piece_07_SampledWithNormals.ply:29: property 'float32 centery' of element 'camera' is not handled
[0;m[1;33m[pcl::PLYReader] ../Temp/Data/Pot_A/Pot_A_Piece_07_SampledWithNormals.ply:32: property 'float32 k1' of element 'camera' is not handled
[0;m[1;33m[pcl::PLYReader] ../Temp/Data/Pot_A/Pot_A_Piece_07_SampledWithNormals.ply:33: property 'float32 k2' of element 'camera' is not handled
[0;m[1;33m[pcl::PLYReader] ../Temp/Data/Pot_A/Pot_A_Piece_07_SampledWithNormals.ply:25: property 'float32 focal' of element 'camera' is not handled
[0;m[1;33m[pcl::PLYReader] ../Temp/Data/Pot_A/Pot_A_Piece_07_SampledWithNormals.ply:26: property 'float32 scalex' of element 'camera' is not handled
[0;m[1;33m[pcl::PLYReader] ../Temp/Data/Pot_A/Pot_A_Piece_07_SampledWithNormals.ply:27: property 'float32 scaley' of element 'camera' is not handled
[0;m[1;33m[pcl::PLYReader] ../Temp/Data/Pot_A/Pot_A_Piece_07_SampledWithNormals.ply:28: property 'float32 centerx' of element 'camera' is not handled
[0;m[1;33m[pcl::PLYReader] ../Temp/Data/Pot_A/Pot_A_Piece_07_SampledWithNormals.ply:29: property 'float32 centery' of element 'camera' is not handled
[0;m[1;33m[pcl::PLYReader] ../Temp/Data/Pot_A/Pot_A_Piece_07_SampledWithNormals.ply:32: property 'float32 k1' of element 'camera' is not handled
[0;m[1;33m[pcl::PLYReader] ../Temp/Data/Pot_A/Pot_A_Piece_07_SampledWithNormals.ply:33: property 'float32 k2' of element 'camera' is not handled
[0;m[1;33m[pcl::PLYReader] ../Temp/Data/Pot_A/Pot_A_Piece_07_SampledWithNormals.ply:25: property 'float32 focal' of element 'camera' is not handled
[0;m[1;33m[pcl::PLYReader] ../Temp/Data/Pot_A/Pot_A_Piece_07_SampledWithNormals.ply:26: property 'float32 scalex' of element 'camera' is not handled
[0;m[1;33m[pcl::PLYReader] ../Temp/Data/Pot_A/Pot_A_Piece_07_SampledWithNormals.ply:27: property 'float32 scaley' of element 'camera' is not handled
[0;m[1;33m[pcl::PLYReader] ../Temp/Data/Pot_A/Pot_A_Piece_07_SampledWithNormals.ply:28: property 'float32 centerx' of element 'camera' is not handled
[0;m[1;33m[pcl::PLYReader] ../Temp/Data/Pot_A/Pot_A_Piece_07_SampledWithNormals.ply:29: property 'float32 centery' of element 'camera' is not handled
[0;m[1;33m[pcl::PLYReader] ../Temp/Data/Pot_A/Pot_A_Piece_07_SampledWithNormals.ply:32: property 'float32 k1' of element 'camera' is not handled
[0;m[1;33m[pcl::PLYReader] ../Temp/Data/Pot_A/Pot_A_Piece_07_SampledWithNormals.ply:33: property 'float32 k2' of element 'camera' is not handled
[0;m[1;33m[pcl::PLYReader] ../Temp/Data/Pot_A/Pot_A_Piece_07_SampledWithNormals.ply:25: property 'float32 focal' of element 'camera' is not handled
[0;m[1;33m[pcl::PLYReader] ../Temp/Data/Pot_A/Pot_A_Piece_07_SampledWithNormals.ply:26: property 'float32 scalex' of element 'camera' is not handled
[0;m[1;33m[pcl::PLYReader] ../Temp/Data/Pot_A/Pot_A_Piece_07_SampledWithNormals.ply:27: property 'float32 scaley' of element 'camera' is not handled
[0;m[1;33m[pcl::PLYReader] ../Temp/Data/Pot_A/Pot_A_Piece_07_SampledWithNormals.ply:28: property 'float32 centerx' of element 'camera' is not handled
[0;m[1;33m[pcl::PLYReader] ../Temp/Data/Pot_A/Pot_A_Piece_07_SampledWithNormals.ply:29: property 'float32 centery' of element 'camera' is not handled
[0;m[1;33m[pcl::PLYReader] ../Temp/Data/Pot_A/Pot_A_Piece_07_SampledWithNormals.ply:32: property 'float32 k1' of element 'camera' is not handled
[0;m[1;33m[pcl::PLYReader] ../Temp/Data/Pot_A/Pot_A_Piece_07_SampledWithNormals.ply:33: property 'float32 k2' of element 'camera' is not handled
[0;m[1;33m[pcl::PLYReader] ../Temp/Data/Pot_A/Pot_A_Piece_07_SampledWithNormals.ply:25: property 'float32 focal' of element 'camera' is not handled
[0;m[1;33m[pcl::PLYReader] ../Temp/Data/Pot_A/Pot_A_Piece_07_SampledWithNormals.ply:26: property 'float32 scalex' of element 'camera' is not handled
[0;m[1;33m[pcl::PLYReader] ../Temp/Data/Pot_A/Pot_A_Piece_07_SampledWithNormals.ply:27: property 'float32 scaley' of element 'camera' is not handled
[0;m[1;33m[pcl::PLYReader] ../Temp/Data/Pot_A/Pot_A_Piece_07_SampledWithNormals.ply:28: property 'float32 centerx' of element 'camera' is not handled
[0;m[1;33m[pcl::PLYReader] ../Temp/Data/Pot_A/Pot_A_Piece_07_SampledWithNormals.ply:29: property 'float32 centery' of element 'camera' is not handled
[0;m[1;33m[pcl::PLYReader] ../Temp/Data/Pot_A/Pot_A_Piece_07_SampledWithNormals.ply:32: property 'float32 k1' of element 'camera' is not handled
[0;m[1;33m[pcl::PLYReader] ../Temp/Data/Pot_A/Pot_A_Piece_07_SampledWithNormals.ply:33: property 'float32 k2' of element 'camera' is not handled
[0;m[1;33m[pcl::PLYReader] ../Temp/Data/Pot_A/Pot_A_Piece_07_unclustered.ply:25: property 'float32 focal' of element 'camera' is not handled
[0;m[1;33m[pcl::PLYReader] ../Temp/Data/Pot_A/Pot_A_Piece_07_unclustered.ply:26: property 'float32 scalex' of element 'camera' is not handled
[0;m[1;33m[pcl::PLYReader] ../Temp/Data/Pot_A/Pot_A_Piece_07_unclustered.ply:27: property 'float32 scaley' of element 'camera' is not handled
[0;m[1;33m[pcl::PLYReader] ../Temp/Data/Pot_A/Pot_A_Piece_07_unclustered.ply:28: property 'float32 centerx' of element 'camera' is not handled
[0;m[1;33m[pcl::PLYReader] ../Temp/Data/Pot_A/Pot_A_Piece_07_unclustered.ply:29: property 'float32 centery' of element 'camera' is not handled
[0;m[1;33m[pcl::PLYReader] ../Temp/Data/Pot_A/Pot_A_Piece_07_unclustered.ply:32: property 'float32 k1' of element 'camera' is not handled
[0;m[1;33m[pcl::PLYReader] ../Temp/Data/Pot_A/Pot_A_Piece_07_unclustered.ply:33: property 'float32 k2' of element 'camera' is not handled
[0;m[1;33m[pcl::PLYReader] ../Temp/Temp_edge/Pot_A/_breakLineFromConcaveHull.ply:21: property 'float32 focal' of element 'camera' is not handled
[0;m[1;33m[pcl::PLYReader] ../Temp/Temp_edge/Pot_A/_breakLineFromConcaveHull.ply:22: property 'float32 scalex' of element 'camera' is not handled
[0;m[1;33m[pcl::PLYReader] ../Temp/Temp_edge/Pot_A/_breakLineFromConcaveHull.ply:23: property 'float32 scaley' of element 'camera' is not handled
[0;m[1;33m[pcl::PLYReader] ../Temp/Temp_edge/Pot_A/_breakLineFromConcaveHull.ply:24: property 'float32 centerx' of element 'camera' is not handled
[0;m[1;33m[pcl::PLYReader] ../Temp/Temp_edge/Pot_A/_breakLineFromConcaveHull.ply:25: property 'float32 centery' of element 'camera' is not handled
[0;m[1;33m[pcl::PLYReader] ../Temp/Temp_edge/Pot_A/_breakLineFromConcaveHull.ply:28: property 'float32 k1' of element 'camera' is not handled
[0;m[1;33m[pcl::PLYReader] ../Temp/Temp_edge/Pot_A/_breakLineFromConcaveHull.ply:29: property 'float32 k2' of element 'camera' is not handled
[0;m[1;33mFailed to find match for field 'normal_x'.
[0;m[1;33mFailed to find match for field 'normal_y'.
[0;m[1;33mFailed to find match for field 'normal_z'.
[0;m[1;33mFailed to find match for field 'curvature'.
[0;m[1;33m[pcl::PLYReader] ../Temp/Data/Pot_A/Pot_A_Piece_07_SampledWithNormals.ply:25: property 'float32 focal' of element 'camera' is not handled
[0;m[1;33m[pcl::PLYReader] ../Temp/Data/Pot_A/Pot_A_Piece_07_SampledWithNormals.ply:26: property 'float32 scalex' of element 'camera' is not handled
[0;m[1;33m[pcl::PLYReader] ../Temp/Data/Pot_A/Pot_A_Piece_07_SampledWithNormals.ply:27: property 'float32 scaley' of element 'camera' is not handled
[0;m[1;33m[pcl::PLYReader] ../Temp/Data/Pot_A/Pot_A_Piece_07_SampledWithNormals.ply:28: property 'float32 centerx' of element 'camera' is not handled
[0;m[1;33m[pcl::PLYReader] ../Temp/Data/Pot_A/Pot_A_Piece_07_SampledWithNormals.ply:29: property 'float32 centery' of element 'camera' is not handled
[0;m[1;33m[pcl::PLYReader] ../Temp/Data/Pot_A/Pot_A_Piece_07_SampledWithNormals.ply:32: property 'float32 k1' of element 'camera' is not handled
[0;m[1;33m[pcl::PLYReader] ../Temp/Data/Pot_A/Pot_A_Piece_07_SampledWithNormals.ply:33: property 'float32 k2' of element 'camera' is not handled
[0;m[1;33m[pcl::PLYReader] ../Temp/Data/Pot_A/Pot_A_Piece_07_SampledWithNormals.ply:25: property 'float32 focal' of element 'camera' is not handled
[0;m[1;33m[pcl::PLYReader] ../Temp/Data/Pot_A/Pot_A_Piece_07_SampledWithNormals.ply:26: property 'float32 scalex' of element 'camera' is not handled
[0;m[1;33m[pcl::PLYReader] ../Temp/Data/Pot_A/Pot_A_Piece_07_SampledWithNormals.ply:27: property 'float32 scaley' of element 'camera' is not handled
[0;m[1;33m[pcl::PLYReader] ../Temp/Data/Pot_A/Pot_A_Piece_07_SampledWithNormals.ply:28: property 'float32 centerx' of element 'camera' is not handled
[0;m[1;33m[pcl::PLYReader] ../Temp/Data/Pot_A/Pot_A_Piece_07_SampledWithNormals.ply:29: property 'float32 centery' of element 'camera' is not handled
[0;m[1;33m[pcl::PLYReader] ../Temp/Data/Pot_A/Pot_A_Piece_07_SampledWithNormals.ply:32: property 'float32 k1' of element 'camera' is not handled
[0;m[1;33m[pcl::PLYReader] ../Temp/Data/Pot_A/Pot_A_Piece_07_SampledWithNormals.ply:33: property 'float32 k2' of element 'camera' is not handled
[0;m[1;33m[pcl::PLYReader] ../Temp/Data/Pot_A/Pot_A_Piece_07_SampledWithNormals.ply:25: property 'float32 focal' of element 'camera' is not handled
[0;m[1;33m[pcl::PLYReader] ../Temp/Data/Pot_A/Pot_A_Piece_07_SampledWithNormals.ply:26: property 'float32 scalex' of element 'camera' is not handled
[0;m[1;33m[pcl::PLYReader] ../Temp/Data/Pot_A/Pot_A_Piece_07_SampledWithNormals.ply:27: property 'float32 scaley' of element 'camera' is not handled
[0;m[1;33m[pcl::PLYReader] ../Temp/Data/Pot_A/Pot_A_Piece_07_SampledWithNormals.ply:28: property 'float32 centerx' of element 'camera' is not handled
[0;m[1;33m[pcl::PLYReader] ../Temp/Data/Pot_A/Pot_A_Piece_07_SampledWithNormals.ply:29: property 'float32 centery' of element 'camera' is not handled
[0;m[1;33m[pcl::PLYReader] ../Temp/Data/Pot_A/Pot_A_Piece_07_SampledWithNormals.ply:32: property 'float32 k1' of element 'camera' is not handled
[0;m[1;33m[pcl::PLYReader] ../Temp/Data/Pot_A/Pot_A_Piece_07_SampledWithNormals.ply:33: property 'float32 k2' of element 'camera' is not handled
[0;m[1;33m[pcl::PLYReader] ../Temp/Data/Pot_A/Pot_A_Piece_07_SampledWithNormals.ply:25: property 'float32 focal' of element 'camera' is not handled
[0;m[1;33m[pcl::PLYReader] ../Temp/Data/Pot_A/Pot_A_Piece_07_SampledWithNormals.ply:26: property 'float32 scalex' of element 'camera' is not handled
[0;m[1;33m[pcl::PLYReader] ../Temp/Data/Pot_A/Pot_A_Piece_07_SampledWithNormals.ply:27: property 'float32 scaley' of element 'camera' is not handled
[0;m[1;33m[pcl::PLYReader] ../Temp/Data/Pot_A/Pot_A_Piece_07_SampledWithNormals.ply:28: property 'float32 centerx' of element 'camera' is not handled
[0;m[1;33m[pcl::PLYReader] ../Temp/Data/Pot_A/Pot_A_Piece_07_SampledWithNormals.ply:29: property 'float32 centery' of element 'camera' is not handled
[0;m[1;33m[pcl::PLYReader] ../Temp/Data/Pot_A/Pot_A_Piece_07_SampledWithNormals.ply:32: property 'float32 k1' of element 'camera' is not handled
[0;m[1;33m[pcl::PLYReader] ../Temp/Data/Pot_A/Pot_A_Piece_07_SampledWithNormals.ply:33: property 'float32 k2' of element 'camera' is not handled
[0;m[1;33m[pcl::PLYReader] ../Temp/Data/Pot_A/Pot_A_Piece_07_SampledWithNormals.ply:25: property 'float32 focal' of element 'camera' is not handled
[0;m[1;33m[pcl::PLYReader] ../Temp/Data/Pot_A/Pot_A_Piece_07_SampledWithNormals.ply:26: property 'float32 scalex' of element 'camera' is not handled
[0;m[1;33m[pcl::PLYReader] ../Temp/Data/Pot_A/Pot_A_Piece_07_SampledWithNormals.ply:27: property 'float32 scaley' of element 'camera' is not handled
[0;m[1;33m[pcl::PLYReader] ../Temp/Data/Pot_A/Pot_A_Piece_07_SampledWithNormals.ply:28: property 'float32 centerx' of element 'camera' is not handled
[0;m[1;33m[pcl::PLYReader] ../Temp/Data/Pot_A/Pot_A_Piece_07_SampledWithNormals.ply:29: property 'float32 centery' of element 'camera' is not handled
[0;m[1;33m[pcl::PLYReader] ../Temp/Data/Pot_A/Pot_A_Piece_07_SampledWithNormals.ply:32: property 'float32 k1' of element 'camera' is not handled
[0;m[1;33m[pcl::PLYReader] ../Temp/Data/Pot_A/Pot_A_Piece_07_SampledWithNormals.ply:33: property 'float32 k2' of element 'camera' is not handled
[0;m[1;33m[pcl::PLYReader] ../Temp/Data/Pot_A/Pot_A_Piece_07_SampledWithNormals.ply:25: property 'float32 focal' of element 'camera' is not handled
[0;m[1;33m[pcl::PLYReader] ../Temp/Data/Pot_A/Pot_A_Piece_07_SampledWithNormals.ply:26: property 'float32 scalex' of element 'camera' is not handled
[0;m[1;33m[pcl::PLYReader] ../Temp/Data/Pot_A/Pot_A_Piece_07_SampledWithNormals.ply:27: property 'float32 scaley' of element 'camera' is not handled
[0;m[1;33m[pcl::PLYReader] ../Temp/Data/Pot_A/Pot_A_Piece_07_SampledWithNormals.ply:28: property 'float32 centerx' of element 'camera' is not handled
[0;m[1;33m[pcl::PLYReader] ../Temp/Data/Pot_A/Pot_A_Piece_07_SampledWithNormals.ply:29: property 'float32 centery' of element 'camera' is not handled
[0;m[1;33m[pcl::PLYReader] ../Temp/Data/Pot_A/Pot_A_Piece_07_SampledWithNormals.ply:32: property 'float32 k1' of element 'camera' is not handled
[0;m[1;33m[pcl::PLYReader] ../Temp/Data/Pot_A/Pot_A_Piece_07_SampledWithNormals.ply:33: property 'float32 k2' of element 'camera' is not handled
[0;m[1;33m[pcl::PLYReader] ../Temp/Data/Pot_A/Pot_A_Piece_07_unclustered.ply:25: property 'float32 focal' of element 'camera' is not handled
[0;m[1;33m[pcl::PLYReader] ../Temp/Data/Pot_A/Pot_A_Piece_07_unclustered.ply:26: property 'float32 scalex' of element 'camera' is not handled
[0;m[1;33m[pcl::PLYReader] ../Temp/Data/Pot_A/Pot_A_Piece_07_unclustered.ply:27: property 'float32 scaley' of element 'camera' is not handled
[0;m[1;33m[pcl::PLYReader] ../Temp/Data/Pot_A/Pot_A_Piece_07_unclustered.ply:28: property 'float32 centerx' of element 'camera' is not handled
[0;m[1;33m[pcl::PLYReader] ../Temp/Data/Pot_A/Pot_A_Piece_07_unclustered.ply:29: property 'float32 centery' of element 'camera' is not handled
[0;m[1;33m[pcl::PLYReader] ../Temp/Data/Pot_A/Pot_A_Piece_07_unclustered.ply:32: property 'float32 k1' of element 'camera' is not handled
[0;m[1;33m[pcl::PLYReader] ../Temp/Data/Pot_A/Pot_A_Piece_07_unclustered.ply:33: property 'float32 k2' of element 'camera' is not handled
[0;m[1;33m[pcl::PLYReader] ../Temp/Temp_edge/Pot_A/_breakLineFromConcaveHull.ply:21: property 'float32 focal' of element 'camera' is not handled
[0;m[1;33m[pcl::PLYReader] ../Temp/Temp_edge/Pot_A/_breakLineFromConcaveHull.ply:22: property 'float32 scalex' of element 'camera' is not handled
[0;m[1;33m[pcl::PLYReader] ../Temp/Temp_edge/Pot_A/_breakLineFromConcaveHull.ply:23: property 'float32 scaley' of element 'camera' is not handled
[0;m[1;33m[pcl::PLYReader] ../Temp/Temp_edge/Pot_A/_breakLineFromConcaveHull.ply:24: property 'float32 centerx' of element 'camera' is not handled
[0;m[1;33m[pcl::PLYReader] ../Temp/Temp_edge/Pot_A/_breakLineFromConcaveHull.ply:25: property 'float32 centery' of element 'camera' is not handled
[0;m[1;33m[pcl::PLYReader] ../Temp/Temp_edge/Pot_A/_breakLineFromConcaveHull.ply:28: property 'float32 k1' of element 'camera' is not handled
[0;m[1;33m[pcl::PLYReader] ../Temp/Temp_edge/Pot_A/_breakLineFromConcaveHull.ply:29: property 'float32 k2' of element 'camera' is not handled
[0;m[1;33mFailed to find match for field 'normal_x'.
[0;m[1;33mFailed to find match for field 'normal_y'.
[0;m[1;33mFailed to find match for field 'normal_z'.
[0;m[1;33mFailed to find match for field 'curvature'.
[0;m[1;33m[pcl::PLYReader] ../Temp/Data/Pot_A/Pot_A_Piece_07_SampledWithNormals.ply:25: property 'float32 focal' of element 'camera' is not handled
[0;m[1;33m[pcl::PLYReader] ../Temp/Data/Pot_A/Pot_A_Piece_07_SampledWithNormals.ply:26: property 'float32 scalex' of element 'camera' is not handled
[0;m[1;33m[pcl::PLYReader] ../Temp/Data/Pot_A/Pot_A_Piece_07_SampledWithNormals.ply:27: property 'float32 scaley' of element 'camera' is not handled
[0;m[1;33m[pcl::PLYReader] ../Temp/Data/Pot_A/Pot_A_Piece_07_SampledWithNormals.ply:28: property 'float32 centerx' of element 'camera' is not handled
[0;m[1;33m[pcl::PLYReader] ../Temp/Data/Pot_A/Pot_A_Piece_07_SampledWithNormals.ply:29: property 'float32 centery' of element 'camera' is not handled
[0;m[1;33m[pcl::PLYReader] ../Temp/Data/Pot_A/Pot_A_Piece_07_SampledWithNormals.ply:32: property 'float32 k1' of element 'camera' is not handled
[0;m[1;33m[pcl::PLYReader] ../Temp/Data/Pot_A/Pot_A_Piece_07_SampledWithNormals.ply:33: property 'float32 k2' of element 'camera' is not handled
[0;m[1;33m[pcl::PLYReader] ../Temp/Data/Pot_A/Pot_A_Piece_07_SampledWithNormals.ply:25: property 'float32 focal' of element 'camera' is not handled
[0;m[1;33m[pcl::PLYReader] ../Temp/Data/Pot_A/Pot_A_Piece_07_SampledWithNormals.ply:26: property 'float32 scalex' of element 'camera' is not handled
[0;m[1;33m[pcl::PLYReader] ../Temp/Data/Pot_A/Pot_A_Piece_07_SampledWithNormals.ply:27: property 'float32 scaley' of element 'camera' is not handled
[0;m[1;33m[pcl::PLYReader] ../Temp/Data/Pot_A/Pot_A_Piece_07_SampledWithNormals.ply:28: property 'float32 centerx' of element 'camera' is not handled
[0;m[1;33m[pcl::PLYReader] ../Temp/Data/Pot_A/Pot_A_Piece_07_SampledWithNormals.ply:29: property 'float32 centery' of element 'camera' is not handled
[0;m[1;33m[pcl::PLYReader] ../Temp/Data/Pot_A/Pot_A_Piece_07_SampledWithNormals.ply:32: property 'float32 k1' of element 'camera' is not handled
[0;m[1;33m[pcl::PLYReader] ../Temp/Data/Pot_A/Pot_A_Piece_07_SampledWithNormals.ply:33: property 'float32 k2' of element 'camera' is not handled
[0;m[1;33m[pcl::PLYReader] ../Temp/Data/Pot_A/Pot_A_Piece_07_SampledWithNormals.ply:25: property 'float32 focal' of element 'camera' is not handled
[0;m[1;33m[pcl::PLYReader] ../Temp/Data/Pot_A/Pot_A_Piece_07_SampledWithNormals.ply:26: property 'float32 scalex' of element 'camera' is not handled
[0;m[1;33m[pcl::PLYReader] ../Temp/Data/Pot_A/Pot_A_Piece_07_SampledWithNormals.ply:27: property 'float32 scaley' of element 'camera' is not handled
[0;m[1;33m[pcl::PLYReader] ../Temp/Data/Pot_A/Pot_A_Piece_07_SampledWithNormals.ply:28: property 'float32 centerx' of element 'camera' is not handled
[0;m[1;33m[pcl::PLYReader] ../Temp/Data/Pot_A/Pot_A_Piece_07_SampledWithNormals.ply:29: property 'float32 centery' of element 'camera' is not handled
[0;m[1;33m[pcl::PLYReader] ../Temp/Data/Pot_A/Pot_A_Piece_07_SampledWithNormals.ply:32: property 'float32 k1' of element 'camera' is not handled
[0;m[1;33m[pcl::PLYReader] ../Temp/Data/Pot_A/Pot_A_Piece_07_SampledWithNormals.ply:33: property 'float32 k2' of element 'camera' is not handled
[0;m[1;33m[pcl::PLYReader] ../Temp/Data/Pot_A/Pot_A_Piece_07_SampledWithNormals.ply:25: property 'float32 focal' of element 'camera' is not handled
[0;m[1;33m[pcl::PLYReader] ../Temp/Data/Pot_A/Pot_A_Piece_07_SampledWithNormals.ply:26: property 'float32 scalex' of element 'camera' is not handled
[0;m[1;33m[pcl::PLYReader] ../Temp/Data/Pot_A/Pot_A_Piece_07_SampledWithNormals.ply:27: property 'float32 scaley' of element 'camera' is not handled
[0;m[1;33m[pcl::PLYReader] ../Temp/Data/Pot_A/Pot_A_Piece_07_SampledWithNormals.ply:28: property 'float32 centerx' of element 'camera' is not handled
[0;m[1;33m[pcl::PLYReader] ../Temp/Data/Pot_A/Pot_A_Piece_07_SampledWithNormals.ply:29: property 'float32 centery' of element 'camera' is not handled
[0;m[1;33m[pcl::PLYReader] ../Temp/Data/Pot_A/Pot_A_Piece_07_SampledWithNormals.ply:32: property 'float32 k1' of element 'camera' is not handled
[0;m[1;33m[pcl::PLYReader] ../Temp/Data/Pot_A/Pot_A_Piece_07_SampledWithNormals.ply:33: property 'float32 k2' of element 'camera' is not handled
[0;m[1;33m[pcl::PLYReader] ../Temp/Data/Pot_A/Pot_A_Piece_07_SampledWithNormals.ply:25: property 'float32 focal' of element 'camera' is not handled
[0;m[1;33m[pcl::PLYReader] ../Temp/Data/Pot_A/Pot_A_Piece_07_SampledWithNormals.ply:26: property 'float32 scalex' of element 'camera' is not handled
[0;m[1;33m[pcl::PLYReader] ../Temp/Data/Pot_A/Pot_A_Piece_07_SampledWithNormals.ply:27: property 'float32 scaley' of element 'camera' is not handled
[0;m[1;33m[pcl::PLYReader] ../Temp/Data/Pot_A/Pot_A_Piece_07_SampledWithNormals.ply:28: property 'float32 centerx' of element 'camera' is not handled
[0;m[1;33m[pcl::PLYReader] ../Temp/Data/Pot_A/Pot_A_Piece_07_SampledWithNormals.ply:29: property 'float32 centery' of element 'camera' is not handled
[0;m[1;33m[pcl::PLYReader] ../Temp/Data/Pot_A/Pot_A_Piece_07_SampledWithNormals.ply:32: property 'float32 k1' of element 'camera' is not handled
[0;m[1;33m[pcl::PLYReader] ../Temp/Data/Pot_A/Pot_A_Piece_07_SampledWithNormals.ply:33: property 'float32 k2' of element 'camera' is not handled
[0;m[1;33m[pcl::PLYReader] ../Temp/Data/Pot_A/Pot_A_Piece_07_SampledWithNormals.ply:25: property 'float32 focal' of element 'camera' is not handled
[0;m[1;33m[pcl::PLYReader] ../Temp/Data/Pot_A/Pot_A_Piece_07_SampledWithNormals.ply:26: property 'float32 scalex' of element 'camera' is not handled
[0;m[1;33m[pcl::PLYReader] ../Temp/Data/Pot_A/Pot_A_Piece_07_SampledWithNormals.ply:27: property 'float32 scaley' of element 'camera' is not handled
[0;m[1;33m[pcl::PLYReader] ../Temp/Data/Pot_A/Pot_A_Piece_07_SampledWithNormals.ply:28: property 'float32 centerx' of element 'camera' is not handled
[0;m[1;33m[pcl::PLYReader] ../Temp/Data/Pot_A/Pot_A_Piece_07_SampledWithNormals.ply:29: property 'float32 centery' of element 'camera' is not handled
[0;m[1;33m[pcl::PLYReader] ../Temp/Data/Pot_A/Pot_A_Piece_07_SampledWithNormals.ply:32: property 'float32 k1' of element 'camera' is not handled
[0;m[1;33m[pcl::PLYReader] ../Temp/Data/Pot_A/Pot_A_Piece_07_SampledWithNormals.ply:33: property 'float32 k2' of element 'camera' is not handled
[0;m[1;33m[pcl::PLYReader] ../Temp/Data/Pot_A/Pot_A_Piece_07_unclustered.ply:25: property 'float32 focal' of element 'camera' is not handled
[0;m[1;33m[pcl::PLYReader] ../Temp/Data/Pot_A/Pot_A_Piece_07_unclustered.ply:26: property 'float32 scalex' of element 'camera' is not handled
[0;m[1;33m[pcl::PLYReader] ../Temp/Data/Pot_A/Pot_A_Piece_07_unclustered.ply:27: property 'float32 scaley' of element 'camera' is not handled
[0;m[1;33m[pcl::PLYReader] ../Temp/Data/Pot_A/Pot_A_Piece_07_unclustered.ply:28: property 'float32 centerx' of element 'camera' is not handled
[0;m[1;33m[pcl::PLYReader] ../Temp/Data/Pot_A/Pot_A_Piece_07_unclustered.ply:29: property 'float32 centery' of element 'camera' is not handled
[0;m[1;33m[pcl::PLYReader] ../Temp/Data/Pot_A/Pot_A_Piece_07_unclustered.ply:32: property 'float32 k1' of element 'camera' is not handled
[0;m[1;33m[pcl::PLYReader] ../Temp/Data/Pot_A/Pot_A_Piece_07_unclustered.ply:33: property 'float32 k2' of element 'camera' is not handled
[0;m[1;33m[pcl::PLYReader] ../Temp/Temp_edge/Pot_A/_breakLineFromConcaveHull.ply:21: property 'float32 focal' of element 'camera' is not handled
[0;m[1;33m[pcl::PLYReader] ../Temp/Temp_edge/Pot_A/_breakLineFromConcaveHull.ply:22: property 'float32 scalex' of element 'camera' is not handled
[0;m[1;33m[pcl::PLYReader] ../Temp/Temp_edge/Pot_A/_breakLineFromConcaveHull.ply:23: property 'float32 scaley' of element 'camera' is not handled
[0;m[1;33m[pcl::PLYReader] ../Temp/Temp_edge/Pot_A/_breakLineFromConcaveHull.ply:24: property 'float32 centerx' of element 'camera' is not handled
[0;m[1;33m[pcl::PLYReader] ../Temp/Temp_edge/Pot_A/_breakLineFromConcaveHull.ply:25: property 'float32 centery' of element 'camera' is not handled
[0;m[1;33m[pcl::PLYReader] ../Temp/Temp_edge/Pot_A/_breakLineFromConcaveHull.ply:28: property 'float32 k1' of element 'camera' is not handled
[0;m[1;33m[pcl::PLYReader] ../Temp/Temp_edge/Pot_A/_breakLineFromConcaveHull.ply:29: property 'float32 k2' of element 'camera' is not handled
[0;m[1;33mFailed to find match for field 'normal_x'.
[0;m[1;33mFailed to find match for field 'normal_y'.
[0;m[1;33mFailed to find match for field 'normal_z'.
[0;m[1;33mFailed to find match for field 'curvature'.
[0;m[1;33m[pcl::PLYReader] ../Temp/Data/Pot_A/Pot_A_Piece_07_SampledWithNormals.ply:25: property 'float32 focal' of element 'camera' is not handled
[0;m[1;33m[pcl::PLYReader] ../Temp/Data/Pot_A/Pot_A_Piece_07_SampledWithNormals.ply:26: property 'float32 scalex' of element 'camera' is not handled
[0;m[1;33m[pcl::PLYReader] ../Temp/Data/Pot_A/Pot_A_Piece_07_SampledWithNormals.ply:27: property 'float32 scaley' of element 'camera' is not handled
[0;m[1;33m[pcl::PLYReader] ../Temp/Data/Pot_A/Pot_A_Piece_07_SampledWithNormals.ply:28: property 'float32 centerx' of element 'camera' is not handled
[0;m[1;33m[pcl::PLYReader] ../Temp/Data/Pot_A/Pot_A_Piece_07_SampledWithNormals.ply:29: property 'float32 centery' of element 'camera' is not handled
[0;m[1;33m[pcl::PLYReader] ../Temp/Data/Pot_A/Pot_A_Piece_07_SampledWithNormals.ply:32: property 'float32 k1' of element 'camera' is not handled
[0;m[1;33m[pcl::PLYReader] ../Temp/Data/Pot_A/Pot_A_Piece_07_SampledWithNormals.ply:33: property 'float32 k2' of element 'camera' is not handled
[0;m[1;33m[pcl::PLYReader] ../Temp/Data/Pot_A/Pot_A_Piece_07_SampledWithNormals.ply:25: property 'float32 focal' of element 'camera' is not handled
[0;m[1;33m[pcl::PLYReader] ../Temp/Data/Pot_A/Pot_A_Piece_07_SampledWithNormals.ply:26: property 'float32 scalex' of element 'camera' is not handled
[0;m[1;33m[pcl::PLYReader] ../Temp/Data/Pot_A/Pot_A_Piece_07_SampledWithNormals.ply:27: property 'float32 scaley' of element 'camera' is not handled
[0;m[1;33m[pcl::PLYReader] ../Temp/Data/Pot_A/Pot_A_Piece_07_SampledWithNormals.ply:28: property 'float32 centerx' of element 'camera' is not handled
[0;m[1;33m[pcl::PLYReader] ../Temp/Data/Pot_A/Pot_A_Piece_07_SampledWithNormals.ply:29: property 'float32 centery' of element 'camera' is not handled
[0;m[1;33m[pcl::PLYReader] ../Temp/Data/Pot_A/Pot_A_Piece_07_SampledWithNormals.ply:32: property 'float32 k1' of element 'camera' is not handled
[0;m[1;33m[pcl::PLYReader] ../Temp/Data/Pot_A/Pot_A_Piece_07_SampledWithNormals.ply:33: property 'float32 k2' of element 'camera' is not handled
[0;m[1;33m[pcl::PLYReader] ../Temp/Data/Pot_A/Pot_A_Piece_07_SampledWithNormals.ply:25: property 'float32 focal' of element 'camera' is not handled
[0;m[1;33m[pcl::PLYReader] ../Temp/Data/Pot_A/Pot_A_Piece_07_SampledWithNormals.ply:26: property 'float32 scalex' of element 'camera' is not handled
[0;m[1;33m[pcl::PLYReader] ../Temp/Data/Pot_A/Pot_A_Piece_07_SampledWithNormals.ply:27: property 'float32 scaley' of element 'camera' is not handled
[0;m[1;33m[pcl::PLYReader] ../Temp/Data/Pot_A/Pot_A_Piece_07_SampledWithNormals.ply:28: property 'float32 centerx' of element 'camera' is not handled
[0;m[1;33m[pcl::PLYReader] ../Temp/Data/Pot_A/Pot_A_Piece_07_SampledWithNormals.ply:29: property 'float32 centery' of element 'camera' is not handled
[0;m[1;33m[pcl::PLYReader] ../Temp/Data/Pot_A/Pot_A_Piece_07_SampledWithNormals.ply:32: property 'float32 k1' of element 'camera' is not handled
[0;m[1;33m[pcl::PLYReader] ../Temp/Data/Pot_A/Pot_A_Piece_07_SampledWithNormals.ply:33: property 'float32 k2' of element 'camera' is not handled
[0;m[1;33m[pcl::PLYReader] ../Temp/Data/Pot_A/Pot_A_Piece_07_SampledWithNormals.ply:25: property 'float32 focal' of element 'camera' is not handled
[0;m[1;33m[pcl::PLYReader] ../Temp/Data/Pot_A/Pot_A_Piece_07_SampledWithNormals.ply:26: property 'float32 scalex' of element 'camera' is not handled
[0;m[1;33m[pcl::PLYReader] ../Temp/Data/Pot_A/Pot_A_Piece_07_SampledWithNormals.ply:27: property 'float32 scaley' of element 'camera' is not handled
[0;m[1;33m[pcl::PLYReader] ../Temp/Data/Pot_A/Pot_A_Piece_07_SampledWithNormals.ply:28: property 'float32 centerx' of element 'camera' is not handled
[0;m[1;33m[pcl::PLYReader] ../Temp/Data/Pot_A/Pot_A_Piece_07_SampledWithNormals.ply:29: property 'float32 centery' of element 'camera' is not handled
[0;m[1;33m[pcl::PLYReader] ../Temp/Data/Pot_A/Pot_A_Piece_07_SampledWithNormals.ply:32: property 'float32 k1' of element 'camera' is not handled
[0;m[1;33m[pcl::PLYReader] ../Temp/Data/Pot_A/Pot_A_Piece_07_SampledWithNormals.ply:33: property 'float32 k2' of element 'camera' is not handled
[0;m[1;33m[pcl::PLYReader] ../Temp/Data/Pot_A/Pot_A_Piece_07_SampledWithNormals.ply:25: property 'float32 focal' of element 'camera' is not handled
[0;m[1;33m[pcl::PLYReader] ../Temp/Data/Pot_A/Pot_A_Piece_07_SampledWithNormals.ply:26: property 'float32 scalex' of element 'camera' is not handled
[0;m[1;33m[pcl::PLYReader] ../Temp/Data/Pot_A/Pot_A_Piece_07_SampledWithNormals.ply:27: property 'float32 scaley' of element 'camera' is not handled
[0;m[1;33m[pcl::PLYReader] ../Temp/Data/Pot_A/Pot_A_Piece_07_SampledWithNormals.ply:28: property 'float32 centerx' of element 'camera' is not handled
[0;m[1;33m[pcl::PLYReader] ../Temp/Data/Pot_A/Pot_A_Piece_07_SampledWithNormals.ply:29: property 'float32 centery' of element 'camera' is not handled
[0;m[1;33m[pcl::PLYReader] ../Temp/Data/Pot_A/Pot_A_Piece_07_SampledWithNormals.ply:32: property 'float32 k1' of element 'camera' is not handled
[0;m[1;33m[pcl::PLYReader] ../Temp/Data/Pot_A/Pot_A_Piece_07_SampledWithNormals.ply:33: property 'float32 k2' of element 'camera' is not handled
[0;m[1;33m[pcl::PLYReader] ../Temp/Data/Pot_A/Pot_A_Piece_07_SampledWithNormals.ply:25: property 'float32 focal' of element 'camera' is not handled
[0;m[1;33m[pcl::PLYReader] ../Temp/Data/Pot_A/Pot_A_Piece_07_SampledWithNormals.ply:26: property 'float32 scalex' of element 'camera' is not handled
[0;m[1;33m[pcl::PLYReader] ../Temp/Data/Pot_A/Pot_A_Piece_07_SampledWithNormals.ply:27: property 'float32 scaley' of element 'camera' is not handled
[0;m[1;33m[pcl::PLYReader] ../Temp/Data/Pot_A/Pot_A_Piece_07_SampledWithNormals.ply:28: property 'float32 centerx' of element 'camera' is not handled
[0;m[1;33m[pcl::PLYReader] ../Temp/Data/Pot_A/Pot_A_Piece_07_SampledWithNormals.ply:29: property 'float32 centery' of element 'camera' is not handled
[0;m[1;33m[pcl::PLYReader] ../Temp/Data/Pot_A/Pot_A_Piece_07_SampledWithNormals.ply:32: property 'float32 k1' of element 'camera' is not handled
[0;m[1;33m[pcl::PLYReader] ../Temp/Data/Pot_A/Pot_A_Piece_07_SampledWithNormals.ply:33: property 'float32 k2' of element 'camera' is not handled
[0;m[1;33m[pcl::PLYReader] ../Temp/Data/Pot_A/Pot_A_Piece_08_unclustered.ply:25: property 'float32 focal' of element 'camera' is not handled
[0;m[1;33m[pcl::PLYReader] ../Temp/Data/Pot_A/Pot_A_Piece_08_unclustered.ply:26: property 'float32 scalex' of element 'camera' is not handled
[0;m[1;33m[pcl::PLYReader] ../Temp/Data/Pot_A/Pot_A_Piece_08_unclustered.ply:27: property 'float32 scaley' of element 'camera' is not handled
[0;m[1;33m[pcl::PLYReader] ../Temp/Data/Pot_A/Pot_A_Piece_08_unclustered.ply:28: property 'float32 centerx' of element 'camera' is not handled
[0;m[1;33m[pcl::PLYReader] ../Temp/Data/Pot_A/Pot_A_Piece_08_unclustered.ply:29: property 'float32 centery' of element 'camera' is not handled
[0;m[1;33m[pcl::PLYReader] ../Temp/Data/Pot_A/Pot_A_Piece_08_unclustered.ply:32: property 'float32 k1' of element 'camera' is not handled
[0;m[1;33m[pcl::PLYReader] ../Temp/Data/Pot_A/Pot_A_Piece_08_unclustered.ply:33: property 'float32 k2' of element 'camera' is not handled
[0;m[1;33m[pcl::PLYReader] ../Temp/Temp_edge/Pot_A/_breakLineFromConcaveHull.ply:21: property 'float32 focal' of element 'camera' is not handled
[0;m[1;33m[pcl::PLYReader] ../Temp/Temp_edge/Pot_A/_breakLineFromConcaveHull.ply:22: property 'float32 scalex' of element 'camera' is not handled
[0;m[1;33m[pcl::PLYReader] ../Temp/Temp_edge/Pot_A/_breakLineFromConcaveHull.ply:23: property 'float32 scaley' of element 'camera' is not handled
[0;m[1;33m[pcl::PLYReader] ../Temp/Temp_edge/Pot_A/_breakLineFromConcaveHull.ply:24: property 'float32 centerx' of element 'camera' is not handled
[0;m[1;33m[pcl::PLYReader] ../Temp/Temp_edge/Pot_A/_breakLineFromConcaveHull.ply:25: property 'float32 centery' of element 'camera' is not handled
[0;m[1;33m[pcl::PLYReader] ../Temp/Temp_edge/Pot_A/_breakLineFromConcaveHull.ply:28: property 'float32 k1' of element 'camera' is not handled
[0;m[1;33m[pcl::PLYReader] ../Temp/Temp_edge/Pot_A/_breakLineFromConcaveHull.ply:29: property 'float32 k2' of element 'camera' is not handled
[0;m[1;33mFailed to find match for field 'normal_x'.
[0;m[1;33mFailed to find match for field 'normal_y'.
[0;m[1;33mFailed to find match for field 'normal_z'.
[0;m[1;33mFailed to find match for field 'curvature'.
[0;m[1;33m[pcl::PLYReader] ../Temp/Data/Pot_A/Pot_A_Piece_08_SampledWithNormals.ply:25: property 'float32 focal' of element 'camera' is not handled
[0;m[1;33m[pcl::PLYReader] ../Temp/Data/Pot_A/Pot_A_Piece_08_SampledWithNormals.ply:26: property 'float32 scalex' of element 'camera' is not handled
[0;m[1;33m[pcl::PLYReader] ../Temp/Data/Pot_A/Pot_A_Piece_08_SampledWithNormals.ply:27: property 'float32 scaley' of element 'camera' is not handled
[0;m[1;33m[pcl::PLYReader] ../Temp/Data/Pot_A/Pot_A_Piece_08_SampledWithNormals.ply:28: property 'float32 centerx' of element 'camera' is not handled
[0;m[1;33m[pcl::PLYReader] ../Temp/Data/Pot_A/Pot_A_Piece_08_SampledWithNormals.ply:29: property 'float32 centery' of element 'camera' is not handled
[0;m[1;33m[pcl::PLYReader] ../Temp/Data/Pot_A/Pot_A_Piece_08_SampledWithNormals.ply:32: property 'float32 k1' of element 'camera' is not handled
[0;m[1;33m[pcl::PLYReader] ../Temp/Data/Pot_A/Pot_A_Piece_08_SampledWithNormals.ply:33: property 'float32 k2' of element 'camera' is not handled
[0;m[1;33m[pcl::PLYReader] ../Temp/Data/Pot_A/Pot_A_Piece_08_SampledWithNormals.ply:25: property 'float32 focal' of element 'camera' is not handled
[0;m[1;33m[pcl::PLYReader] ../Temp/Data/Pot_A/Pot_A_Piece_08_SampledWithNormals.ply:26: property 'float32 scalex' of element 'camera' is not handled
[0;m[1;33m[pcl::PLYReader] ../Temp/Data/Pot_A/Pot_A_Piece_08_SampledWithNormals.ply:27: property 'float32 scaley' of element 'camera' is not handled
[0;m[1;33m[pcl::PLYReader] ../Temp/Data/Pot_A/Pot_A_Piece_08_SampledWithNormals.ply:28: property 'float32 centerx' of element 'camera' is not handled
[0;m[1;33m[pcl::PLYReader] ../Temp/Data/Pot_A/Pot_A_Piece_08_SampledWithNormals.ply:29: property 'float32 centery' of element 'camera' is not handled
[0;m[1;33m[pcl::PLYReader] ../Temp/Data/Pot_A/Pot_A_Piece_08_SampledWithNormals.ply:32: property 'float32 k1' of element 'camera' is not handled
[0;m[1;33m[pcl::PLYReader] ../Temp/Data/Pot_A/Pot_A_Piece_08_SampledWithNormals.ply:33: property 'float32 k2' of element 'camera' is not handled
[0;m[1;33m[pcl::PLYReader] ../Temp/Data/Pot_A/Pot_A_Piece_08_SampledWithNormals.ply:25: property 'float32 focal' of element 'camera' is not handled
[0;m[1;33m[pcl::PLYReader] ../Temp/Data/Pot_A/Pot_A_Piece_08_SampledWithNormals.ply:26: property 'float32 scalex' of element 'camera' is not handled
[0;m[1;33m[pcl::PLYReader] ../Temp/Data/Pot_A/Pot_A_Piece_08_SampledWithNormals.ply:27: property 'float32 scaley' of element 'camera' is not handled
[0;m[1;33m[pcl::PLYReader] ../Temp/Data/Pot_A/Pot_A_Piece_08_SampledWithNormals.ply:28: property 'float32 centerx' of element 'camera' is not handled
[0;m[1;33m[pcl::PLYReader] ../Temp/Data/Pot_A/Pot_A_Piece_08_SampledWithNormals.ply:29: property 'float32 centery' of element 'camera' is not handled
[0;m[1;33m[pcl::PLYReader] ../Temp/Data/Pot_A/Pot_A_Piece_08_SampledWithNormals.ply:32: property 'float32 k1' of element 'camera' is not handled
[0;m[1;33m[pcl::PLYReader] ../Temp/Data/Pot_A/Pot_A_Piece_08_SampledWithNormals.ply:33: property 'float32 k2' of element 'camera' is not handled
[0;m[1;33m[pcl::PLYReader] ../Temp/Data/Pot_A/Pot_A_Piece_08_SampledWithNormals.ply:25: property 'float32 focal' of element 'camera' is not handled
[0;m[1;33m[pcl::PLYReader] ../Temp/Data/Pot_A/Pot_A_Piece_08_SampledWithNormals.ply:26: property 'float32 scalex' of element 'camera' is not handled
[0;m[1;33m[pcl::PLYReader] ../Temp/Data/Pot_A/Pot_A_Piece_08_SampledWithNormals.ply:27: property 'float32 scaley' of element 'camera' is not handled
[0;m[1;33m[pcl::PLYReader] ../Temp/Data/Pot_A/Pot_A_Piece_08_SampledWithNormals.ply:28: property 'float32 centerx' of element 'camera' is not handled
[0;m[1;33m[pcl::PLYReader] ../Temp/Data/Pot_A/Pot_A_Piece_08_SampledWithNormals.ply:29: property 'float32 centery' of element 'camera' is not handled
[0;m[1;33m[pcl::PLYReader] ../Temp/Data/Pot_A/Pot_A_Piece_08_SampledWithNormals.ply:32: property 'float32 k1' of element 'camera' is not handled
[0;m[1;33m[pcl::PLYReader] ../Temp/Data/Pot_A/Pot_A_Piece_08_SampledWithNormals.ply:33: property 'float32 k2' of element 'camera' is not handled
[0;m[1;33m[pcl::PLYReader] ../Temp/Data/Pot_A/Pot_A_Piece_08_SampledWithNormals.ply:25: property 'float32 focal' of element 'camera' is not handled
[0;m[1;33m[pcl::PLYReader] ../Temp/Data/Pot_A/Pot_A_Piece_08_SampledWithNormals.ply:26: property 'float32 scalex' of element 'camera' is not handled
[0;m[1;33m[pcl::PLYReader] ../Temp/Data/Pot_A/Pot_A_Piece_08_SampledWithNormals.ply:27: property 'float32 scaley' of element 'camera' is not handled
[0;m[1;33m[pcl::PLYReader] ../Temp/Data/Pot_A/Pot_A_Piece_08_SampledWithNormals.ply:28: property 'float32 centerx' of element 'camera' is not handled
[0;m[1;33m[pcl::PLYReader] ../Temp/Data/Pot_A/Pot_A_Piece_08_SampledWithNormals.ply:29: property 'float32 centery' of element 'camera' is not handled
[0;m[1;33m[pcl::PLYReader] ../Temp/Data/Pot_A/Pot_A_Piece_08_SampledWithNormals.ply:32: property 'float32 k1' of element 'camera' is not handled
[0;m[1;33m[pcl::PLYReader] ../Temp/Data/Pot_A/Pot_A_Piece_08_SampledWithNormals.ply:33: property 'float32 k2' of element 'camera' is not handled
[0;m[1;33m[pcl::PLYReader] ../Temp/Data/Pot_A/Pot_A_Piece_08_SampledWithNormals.ply:25: property 'float32 focal' of element 'camera' is not handled
[0;m[1;33m[pcl::PLYReader] ../Temp/Data/Pot_A/Pot_A_Piece_08_SampledWithNormals.ply:26: property 'float32 scalex' of element 'camera' is not handled
[0;m[1;33m[pcl::PLYReader] ../Temp/Data/Pot_A/Pot_A_Piece_08_SampledWithNormals.ply:27: property 'float32 scaley' of element 'camera' is not handled
[0;m[1;33m[pcl::PLYReader] ../Temp/Data/Pot_A/Pot_A_Piece_08_SampledWithNormals.ply:28: property 'float32 centerx' of element 'camera' is not handled
[0;m[1;33m[pcl::PLYReader] ../Temp/Data/Pot_A/Pot_A_Piece_08_SampledWithNormals.ply:29: property 'float32 centery' of element 'camera' is not handled
[0;m[1;33m[pcl::PLYReader] ../Temp/Data/Pot_A/Pot_A_Piece_08_SampledWithNormals.ply:32: property 'float32 k1' of element 'camera' is not handled
[0;m[1;33m[pcl::PLYReader] ../Temp/Data/Pot_A/Pot_A_Piece_08_SampledWithNormals.ply:33: property 'float32 k2' of element 'camera' is not handled
[0;m[1;33m[pcl::PLYReader] ../Temp/Data/Pot_A/Pot_A_Piece_08_unclustered.ply:25: property 'float32 focal' of element 'camera' is not handled
[0;m[1;33m[pcl::PLYReader] ../Temp/Data/Pot_A/Pot_A_Piece_08_unclustered.ply:26: property 'float32 scalex' of element 'camera' is not handled
[0;m[1;33m[pcl::PLYReader] ../Temp/Data/Pot_A/Pot_A_Piece_08_unclustered.ply:27: property 'float32 scaley' of element 'camera' is not handled
[0;m[1;33m[pcl::PLYReader] ../Temp/Data/Pot_A/Pot_A_Piece_08_unclustered.ply:28: property 'float32 centerx' of element 'camera' is not handled
[0;m[1;33m[pcl::PLYReader] ../Temp/Data/Pot_A/Pot_A_Piece_08_unclustered.ply:29: property 'float32 centery' of element 'camera' is not handled
[0;m[1;33m[pcl::PLYReader] ../Temp/Data/Pot_A/Pot_A_Piece_08_unclustered.ply:32: property 'float32 k1' of element 'camera' is not handled
[0;m[1;33m[pcl::PLYReader] ../Temp/Data/Pot_A/Pot_A_Piece_08_unclustered.ply:33: property 'float32 k2' of element 'camera' is not handled
[0;m[1;33m[pcl::PLYReader] ../Temp/Temp_edge/Pot_A/_breakLineFromConcaveHull.ply:21: property 'float32 focal' of element 'camera' is not handled
[0;m[1;33m[pcl::PLYReader] ../Temp/Temp_edge/Pot_A/_breakLineFromConcaveHull.ply:22: property 'float32 scalex' of element 'camera' is not handled
[0;m[1;33m[pcl::PLYReader] ../Temp/Temp_edge/Pot_A/_breakLineFromConcaveHull.ply:23: property 'float32 scaley' of element 'camera' is not handled
[0;m[1;33m[pcl::PLYReader] ../Temp/Temp_edge/Pot_A/_breakLineFromConcaveHull.ply:24: property 'float32 centerx' of element 'camera' is not handled
[0;m[1;33m[pcl::PLYReader] ../Temp/Temp_edge/Pot_A/_breakLineFromConcaveHull.ply:25: property 'float32 centery' of element 'camera' is not handled
[0;m[1;33m[pcl::PLYReader] ../Temp/Temp_edge/Pot_A/_breakLineFromConcaveHull.ply:28: property 'float32 k1' of element 'camera' is not handled
[0;m[1;33m[pcl::PLYReader] ../Temp/Temp_edge/Pot_A/_breakLineFromConcaveHull.ply:29: property 'float32 k2' of element 'camera' is not handled
[0;m[1;33mFailed to find match for field 'normal_x'.
[0;m[1;33mFailed to find match for field 'normal_y'.
[0;m[1;33mFailed to find match for field 'normal_z'.
[0;m[1;33mFailed to find match for field 'curvature'.
[0;m[1;33m[pcl::PLYReader] ../Temp/Data/Pot_A/Pot_A_Piece_08_SampledWithNormals.ply:25: property 'float32 focal' of element 'camera' is not handled
[0;m[1;33m[pcl::PLYReader] ../Temp/Data/Pot_A/Pot_A_Piece_08_SampledWithNormals.ply:26: property 'float32 scalex' of element 'camera' is not handled
[0;m[1;33m[pcl::PLYReader] ../Temp/Data/Pot_A/Pot_A_Piece_08_SampledWithNormals.ply:27: property 'float32 scaley' of element 'camera' is not handled
[0;m[1;33m[pcl::PLYReader] ../Temp/Data/Pot_A/Pot_A_Piece_08_SampledWithNormals.ply:28: property 'float32 centerx' of element 'camera' is not handled
[0;m[1;33m[pcl::PLYReader] ../Temp/Data/Pot_A/Pot_A_Piece_08_SampledWithNormals.ply:29: property 'float32 centery' of element 'camera' is not handled
[0;m[1;33m[pcl::PLYReader] ../Temp/Data/Pot_A/Pot_A_Piece_08_SampledWithNormals.ply:32: property 'float32 k1' of element 'camera' is not handled
[0;m[1;33m[pcl::PLYReader] ../Temp/Data/Pot_A/Pot_A_Piece_08_SampledWithNormals.ply:33: property 'float32 k2' of element 'camera' is not handled
[0;m[1;33m[pcl::PLYReader] ../Temp/Data/Pot_A/Pot_A_Piece_08_SampledWithNormals.ply:25: property 'float32 focal' of element 'camera' is not handled
[0;m[1;33m[pcl::PLYReader] ../Temp/Data/Pot_A/Pot_A_Piece_08_SampledWithNormals.ply:26: property 'float32 scalex' of element 'camera' is not handled
[0;m[1;33m[pcl::PLYReader] ../Temp/Data/Pot_A/Pot_A_Piece_08_SampledWithNormals.ply:27: property 'float32 scaley' of element 'camera' is not handled
[0;m[1;33m[pcl::PLYReader] ../Temp/Data/Pot_A/Pot_A_Piece_08_SampledWithNormals.ply:28: property 'float32 centerx' of element 'camera' is not handled
[0;m[1;33m[pcl::PLYReader] ../Temp/Data/Pot_A/Pot_A_Piece_08_SampledWithNormals.ply:29: property 'float32 centery' of element 'camera' is not handled
[0;m[1;33m[pcl::PLYReader] ../Temp/Data/Pot_A/Pot_A_Piece_08_SampledWithNormals.ply:32: property 'float32 k1' of element 'camera' is not handled
[0;m[1;33m[pcl::PLYReader] ../Temp/Data/Pot_A/Pot_A_Piece_08_SampledWithNormals.ply:33: property 'float32 k2' of element 'camera' is not handled
[0;m[1;33m[pcl::PLYReader] ../Temp/Data/Pot_A/Pot_A_Piece_08_SampledWithNormals.ply:25: property 'float32 focal' of element 'camera' is not handled
[0;m[1;33m[pcl::PLYReader] ../Temp/Data/Pot_A/Pot_A_Piece_08_SampledWithNormals.ply:26: property 'float32 scalex' of element 'camera' is not handled
[0;m[1;33m[pcl::PLYReader] ../Temp/Data/Pot_A/Pot_A_Piece_08_SampledWithNormals.ply:27: property 'float32 scaley' of element 'camera' is not handled
[0;m[1;33m[pcl::PLYReader] ../Temp/Data/Pot_A/Pot_A_Piece_08_SampledWithNormals.ply:28: property 'float32 centerx' of element 'camera' is not handled
[0;m[1;33m[pcl::PLYReader] ../Temp/Data/Pot_A/Pot_A_Piece_08_SampledWithNormals.ply:29: property 'float32 centery' of element 'camera' is not handled
[0;m[1;33m[pcl::PLYReader] ../Temp/Data/Pot_A/Pot_A_Piece_08_SampledWithNormals.ply:32: property 'float32 k1' of element 'camera' is not handled
[0;m[1;33m[pcl::PLYReader] ../Temp/Data/Pot_A/Pot_A_Piece_08_SampledWithNormals.ply:33: property 'float32 k2' of element 'camera' is not handled
[0;m[1;33m[pcl::PLYReader] ../Temp/Data/Pot_A/Pot_A_Piece_08_SampledWithNormals.ply:25: property 'float32 focal' of element 'camera' is not handled
[0;m[1;33m[pcl::PLYReader] ../Temp/Data/Pot_A/Pot_A_Piece_08_SampledWithNormals.ply:26: property 'float32 scalex' of element 'camera' is not handled
[0;m[1;33m[pcl::PLYReader] ../Temp/Data/Pot_A/Pot_A_Piece_08_SampledWithNormals.ply:27: property 'float32 scaley' of element 'camera' is not handled
[0;m[1;33m[pcl::PLYReader] ../Temp/Data/Pot_A/Pot_A_Piece_08_SampledWithNormals.ply:28: property 'float32 centerx' of element 'camera' is not handled
[0;m[1;33m[pcl::PLYReader] ../Temp/Data/Pot_A/Pot_A_Piece_08_SampledWithNormals.ply:29: property 'float32 centery' of element 'camera' is not handled
[0;m[1;33m[pcl::PLYReader] ../Temp/Data/Pot_A/Pot_A_Piece_08_SampledWithNormals.ply:32: property 'float32 k1' of element 'camera' is not handled
[0;m[1;33m[pcl::PLYReader] ../Temp/Data/Pot_A/Pot_A_Piece_08_SampledWithNormals.ply:33: property 'float32 k2' of element 'camera' is not handled
[0;m[1;33m[pcl::PLYReader] ../Temp/Data/Pot_A/Pot_A_Piece_08_SampledWithNormals.ply:25: property 'float32 focal' of element 'camera' is not handled
[0;m[1;33m[pcl::PLYReader] ../Temp/Data/Pot_A/Pot_A_Piece_08_SampledWithNormals.ply:26: property 'float32 scalex' of element 'camera' is not handled
[0;m[1;33m[pcl::PLYReader] ../Temp/Data/Pot_A/Pot_A_Piece_08_SampledWithNormals.ply:27: property 'float32 scaley' of element 'camera' is not handled
[0;m[1;33m[pcl::PLYReader] ../Temp/Data/Pot_A/Pot_A_Piece_08_SampledWithNormals.ply:28: property 'float32 centerx' of element 'camera' is not handled
[0;m[1;33m[pcl::PLYReader] ../Temp/Data/Pot_A/Pot_A_Piece_08_SampledWithNormals.ply:29: property 'float32 centery' of element 'camera' is not handled
[0;m[1;33m[pcl::PLYReader] ../Temp/Data/Pot_A/Pot_A_Piece_08_SampledWithNormals.ply:32: property 'float32 k1' of element 'camera' is not handled
[0;m[1;33m[pcl::PLYReader] ../Temp/Data/Pot_A/Pot_A_Piece_08_SampledWithNormals.ply:33: property 'float32 k2' of element 'camera' is not handled
[0;m[1;33m[pcl::PLYReader] ../Temp/Data/Pot_A/Pot_A_Piece_08_SampledWithNormals.ply:25: property 'float32 focal' of element 'camera' is not handled
[0;m[1;33m[pcl::PLYReader] ../Temp/Data/Pot_A/Pot_A_Piece_08_SampledWithNormals.ply:26: property 'float32 scalex' of element 'camera' is not handled
[0;m[1;33m[pcl::PLYReader] ../Temp/Data/Pot_A/Pot_A_Piece_08_SampledWithNormals.ply:27: property 'float32 scaley' of element 'camera' is not handled
[0;m[1;33m[pcl::PLYReader] ../Temp/Data/Pot_A/Pot_A_Piece_08_SampledWithNormals.ply:28: property 'float32 centerx' of element 'camera' is not handled
[0;m[1;33m[pcl::PLYReader] ../Temp/Data/Pot_A/Pot_A_Piece_08_SampledWithNormals.ply:29: property 'float32 centery' of element 'camera' is not handled
[0;m[1;33m[pcl::PLYReader] ../Temp/Data/Pot_A/Pot_A_Piece_08_SampledWithNormals.ply:32: property 'float32 k1' of element 'camera' is not handled
[0;m[1;33m[pcl::PLYReader] ../Temp/Data/Pot_A/Pot_A_Piece_08_SampledWithNormals.ply:33: property 'float32 k2' of element 'camera' is not handled
[0;m[1;33m[pcl::PLYReader] ../Temp/Data/Pot_A/Pot_A_Piece_08_unclustered.ply:25: property 'float32 focal' of element 'camera' is not handled
[0;m[1;33m[pcl::PLYReader] ../Temp/Data/Pot_A/Pot_A_Piece_08_unclustered.ply:26: property 'float32 scalex' of element 'camera' is not handled
[0;m[1;33m[pcl::PLYReader] ../Temp/Data/Pot_A/Pot_A_Piece_08_unclustered.ply:27: property 'float32 scaley' of element 'camera' is not handled
[0;m[1;33m[pcl::PLYReader] ../Temp/Data/Pot_A/Pot_A_Piece_08_unclustered.ply:28: property 'float32 centerx' of element 'camera' is not handled
[0;m[1;33m[pcl::PLYReader] ../Temp/Data/Pot_A/Pot_A_Piece_08_unclustered.ply:29: property 'float32 centery' of element 'camera' is not handled
[0;m[1;33m[pcl::PLYReader] ../Temp/Data/Pot_A/Pot_A_Piece_08_unclustered.ply:32: property 'float32 k1' of element 'camera' is not handled
[0;m[1;33m[pcl::PLYReader] ../Temp/Data/Pot_A/Pot_A_Piece_08_unclustered.ply:33: property 'float32 k2' of element 'camera' is not handled
[0;m[1;33m[pcl::PLYReader] ../Temp/Temp_edge/Pot_A/_breakLineFromConcaveHull.ply:21: property 'float32 focal' of element 'camera' is not handled
[0;m[1;33m[pcl::PLYReader] ../Temp/Temp_edge/Pot_A/_breakLineFromConcaveHull.ply:22: property 'float32 scalex' of element 'camera' is not handled
[0;m[1;33m[pcl::PLYReader] ../Temp/Temp_edge/Pot_A/_breakLineFromConcaveHull.ply:23: property 'float32 scaley' of element 'camera' is not handled
[0;m[1;33m[pcl::PLYReader] ../Temp/Temp_edge/Pot_A/_breakLineFromConcaveHull.ply:24: property 'float32 centerx' of element 'camera' is not handled
[0;m[1;33m[pcl::PLYReader] ../Temp/Temp_edge/Pot_A/_breakLineFromConcaveHull.ply:25: property 'float32 centery' of element 'camera' is not handled
[0;m[1;33m[pcl::PLYReader] ../Temp/Temp_edge/Pot_A/_breakLineFromConcaveHull.ply:28: property 'float32 k1' of element 'camera' is not handled
[0;m[1;33m[pcl::PLYReader] ../Temp/Temp_edge/Pot_A/_breakLineFromConcaveHull.ply:29: property 'float32 k2' of element 'camera' is not handled
[0;m[1;33mFailed to find match for field 'normal_x'.
[0;m[1;33mFailed to find match for field 'normal_y'.
[0;m[1;33mFailed to find match for field 'normal_z'.
[0;m[1;33mFailed to find match for field 'curvature'.
[0;m[1;33m[pcl::PLYReader] ../Temp/Data/Pot_A/Pot_A_Piece_08_SampledWithNormals.ply:25: property 'float32 focal' of element 'camera' is not handled
[0;m[1;33m[pcl::PLYReader] ../Temp/Data/Pot_A/Pot_A_Piece_08_SampledWithNormals.ply:26: property 'float32 scalex' of element 'camera' is not handled
[0;m[1;33m[pcl::PLYReader] ../Temp/Data/Pot_A/Pot_A_Piece_08_SampledWithNormals.ply:27: property 'float32 scaley' of element 'camera' is not handled
[0;m[1;33m[pcl::PLYReader] ../Temp/Data/Pot_A/Pot_A_Piece_08_SampledWithNormals.ply:28: property 'float32 centerx' of element 'camera' is not handled
[0;m[1;33m[pcl::PLYReader] ../Temp/Data/Pot_A/Pot_A_Piece_08_SampledWithNormals.ply:29: property 'float32 centery' of element 'camera' is not handled
[0;m[1;33m[pcl::PLYReader] ../Temp/Data/Pot_A/Pot_A_Piece_08_SampledWithNormals.ply:32: property 'float32 k1' of element 'camera' is not handled
[0;m[1;33m[pcl::PLYReader] ../Temp/Data/Pot_A/Pot_A_Piece_08_SampledWithNormals.ply:33: property 'float32 k2' of element 'camera' is not handled
[0;m[1;33m[pcl::PLYReader] ../Temp/Data/Pot_A/Pot_A_Piece_08_SampledWithNormals.ply:25: property 'float32 focal' of element 'camera' is not handled
[0;m[1;33m[pcl::PLYReader] ../Temp/Data/Pot_A/Pot_A_Piece_08_SampledWithNormals.ply:26: property 'float32 scalex' of element 'camera' is not handled
[0;m[1;33m[pcl::PLYReader] ../Temp/Data/Pot_A/Pot_A_Piece_08_SampledWithNormals.ply:27: property 'float32 scaley' of element 'camera' is not handled
[0;m[1;33m[pcl::PLYReader] ../Temp/Data/Pot_A/Pot_A_Piece_08_SampledWithNormals.ply:28: property 'float32 centerx' of element 'camera' is not handled
[0;m[1;33m[pcl::PLYReader] ../Temp/Data/Pot_A/Pot_A_Piece_08_SampledWithNormals.ply:29: property 'float32 centery' of element 'camera' is not handled
[0;m[1;33m[pcl::PLYReader] ../Temp/Data/Pot_A/Pot_A_Piece_08_SampledWithNormals.ply:32: property 'float32 k1' of element 'camera' is not handled
[0;m[1;33m[pcl::PLYReader] ../Temp/Data/Pot_A/Pot_A_Piece_08_SampledWithNormals.ply:33: property 'float32 k2' of element 'camera' is not handled
[0;m[1;33m[pcl::PLYReader] ../Temp/Data/Pot_A/Pot_A_Piece_08_SampledWithNormals.ply:25: property 'float32 focal' of element 'camera' is not handled
[0;m[1;33m[pcl::PLYReader] ../Temp/Data/Pot_A/Pot_A_Piece_08_SampledWithNormals.ply:26: property 'float32 scalex' of element 'camera' is not handled
[0;m[1;33m[pcl::PLYReader] ../Temp/Data/Pot_A/Pot_A_Piece_08_SampledWithNormals.ply:27: property 'float32 scaley' of element 'camera' is not handled
[0;m[1;33m[pcl::PLYReader] ../Temp/Data/Pot_A/Pot_A_Piece_08_SampledWithNormals.ply:28: property 'float32 centerx' of element 'camera' is not handled
[0;m[1;33m[pcl::PLYReader] ../Temp/Data/Pot_A/Pot_A_Piece_08_SampledWithNormals.ply:29: property 'float32 centery' of element 'camera' is not handled
[0;m[1;33m[pcl::PLYReader] ../Temp/Data/Pot_A/Pot_A_Piece_08_SampledWithNormals.ply:32: property 'float32 k1' of element 'camera' is not handled
[0;m[1;33m[pcl::PLYReader] ../Temp/Data/Pot_A/Pot_A_Piece_08_SampledWithNormals.ply:33: property 'float32 k2' of element 'camera' is not handled
[0;m[1;33m[pcl::PLYReader] ../Temp/Data/Pot_A/Pot_A_Piece_08_SampledWithNormals.ply:25: property 'float32 focal' of element 'camera' is not handled
[0;m[1;33m[pcl::PLYReader] ../Temp/Data/Pot_A/Pot_A_Piece_08_SampledWithNormals.ply:26: property 'float32 scalex' of element 'camera' is not handled
[0;m[1;33m[pcl::PLYReader] ../Temp/Data/Pot_A/Pot_A_Piece_08_SampledWithNormals.ply:27: property 'float32 scaley' of element 'camera' is not handled
[0;m[1;33m[pcl::PLYReader] ../Temp/Data/Pot_A/Pot_A_Piece_08_SampledWithNormals.ply:28: property 'float32 centerx' of element 'camera' is not handled
[0;m[1;33m[pcl::PLYReader] ../Temp/Data/Pot_A/Pot_A_Piece_08_SampledWithNormals.ply:29: property 'float32 centery' of element 'camera' is not handled
[0;m[1;33m[pcl::PLYReader] ../Temp/Data/Pot_A/Pot_A_Piece_08_SampledWithNormals.ply:32: property 'float32 k1' of element 'camera' is not handled
[0;m[1;33m[pcl::PLYReader] ../Temp/Data/Pot_A/Pot_A_Piece_08_SampledWithNormals.ply:33: property 'float32 k2' of element 'camera' is not handled
[0;m[1;33m[pcl::PLYReader] ../Temp/Data/Pot_A/Pot_A_Piece_08_SampledWithNormals.ply:25: property 'float32 focal' of element 'camera' is not handled
[0;m[1;33m[pcl::PLYReader] ../Temp/Data/Pot_A/Pot_A_Piece_08_SampledWithNormals.ply:26: property 'float32 scalex' of element 'camera' is not handled
[0;m[1;33m[pcl::PLYReader] ../Temp/Data/Pot_A/Pot_A_Piece_08_SampledWithNormals.ply:27: property 'float32 scaley' of element 'camera' is not handled
[0;m[1;33m[pcl::PLYReader] ../Temp/Data/Pot_A/Pot_A_Piece_08_SampledWithNormals.ply:28: property 'float32 centerx' of element 'camera' is not handled
[0;m[1;33m[pcl::PLYReader] ../Temp/Data/Pot_A/Pot_A_Piece_08_SampledWithNormals.ply:29: property 'float32 centery' of element 'camera' is not handled
[0;m[1;33m[pcl::PLYReader] ../Temp/Data/Pot_A/Pot_A_Piece_08_SampledWithNormals.ply:32: property 'float32 k1' of element 'camera' is not handled
[0;m[1;33m[pcl::PLYReader] ../Temp/Data/Pot_A/Pot_A_Piece_08_SampledWithNormals.ply:33: property 'float32 k2' of element 'camera' is not handled
[0;m[1;33m[pcl::PLYReader] ../Temp/Data/Pot_A/Pot_A_Piece_08_SampledWithNormals.ply:25: property 'float32 focal' of element 'camera' is not handled
[0;m[1;33m[pcl::PLYReader] ../Temp/Data/Pot_A/Pot_A_Piece_08_SampledWithNormals.ply:26: property 'float32 scalex' of element 'camera' is not handled
[0;m[1;33m[pcl::PLYReader] ../Temp/Data/Pot_A/Pot_A_Piece_08_SampledWithNormals.ply:27: property 'float32 scaley' of element 'camera' is not handled
[0;m[1;33m[pcl::PLYReader] ../Temp/Data/Pot_A/Pot_A_Piece_08_SampledWithNormals.ply:28: property 'float32 centerx' of element 'camera' is not handled
[0;m[1;33m[pcl::PLYReader] ../Temp/Data/Pot_A/Pot_A_Piece_08_SampledWithNormals.ply:29: property 'float32 centery' of element 'camera' is not handled
[0;m[1;33m[pcl::PLYReader] ../Temp/Data/Pot_A/Pot_A_Piece_08_SampledWithNormals.ply:32: property 'float32 k1' of element 'camera' is not handled
[0;m[1;33m[pcl::PLYReader] ../Temp/Data/Pot_A/Pot_A_Piece_08_SampledWithNormals.ply:33: property 'float32 k2' of element 'camera' is not handled
[0;m[1;33m[pcl::PLYReader] ../Temp/Data/Pot_A/Pot_A_Piece_08_unclustered.ply:25: property 'float32 focal' of element 'camera' is not handled
[0;m[1;33m[pcl::PLYReader] ../Temp/Data/Pot_A/Pot_A_Piece_08_unclustered.ply:26: property 'float32 scalex' of element 'camera' is not handled
[0;m[1;33m[pcl::PLYReader] ../Temp/Data/Pot_A/Pot_A_Piece_08_unclustered.ply:27: property 'float32 scaley' of element 'camera' is not handled
[0;m[1;33m[pcl::PLYReader] ../Temp/Data/Pot_A/Pot_A_Piece_08_unclustered.ply:28: property 'float32 centerx' of element 'camera' is not handled
[0;m[1;33m[pcl::PLYReader] ../Temp/Data/Pot_A/Pot_A_Piece_08_unclustered.ply:29: property 'float32 centery' of element 'camera' is not handled
[0;m[1;33m[pcl::PLYReader] ../Temp/Data/Pot_A/Pot_A_Piece_08_unclustered.ply:32: property 'float32 k1' of element 'camera' is not handled
[0;m[1;33m[pcl::PLYReader] ../Temp/Data/Pot_A/Pot_A_Piece_08_unclustered.ply:33: property 'float32 k2' of element 'camera' is not handled
[0;m[1;33m[pcl::PLYReader] ../Temp/Temp_edge/Pot_A/_breakLineFromConcaveHull.ply:21: property 'float32 focal' of element 'camera' is not handled
[0;m[1;33m[pcl::PLYReader] ../Temp/Temp_edge/Pot_A/_breakLineFromConcaveHull.ply:22: property 'float32 scalex' of element 'camera' is not handled
[0;m[1;33m[pcl::PLYReader] ../Temp/Temp_edge/Pot_A/_breakLineFromConcaveHull.ply:23: property 'float32 scaley' of element 'camera' is not handled
[0;m[1;33m[pcl::PLYReader] ../Temp/Temp_edge/Pot_A/_breakLineFromConcaveHull.ply:24: property 'float32 centerx' of element 'camera' is not handled
[0;m[1;33m[pcl::PLYReader] ../Temp/Temp_edge/Pot_A/_breakLineFromConcaveHull.ply:25: property 'float32 centery' of element 'camera' is not handled
[0;m[1;33m[pcl::PLYReader] ../Temp/Temp_edge/Pot_A/_breakLineFromConcaveHull.ply:28: property 'float32 k1' of element 'camera' is not handled
[0;m[1;33m[pcl::PLYReader] ../Temp/Temp_edge/Pot_A/_breakLineFromConcaveHull.ply:29: property 'float32 k2' of element 'camera' is not handled
[0;m[1;33mFailed to find match for field 'normal_x'.
[0;m[1;33mFailed to find match for field 'normal_y'.
[0;m[1;33mFailed to find match for field 'normal_z'.
[0;m[1;33mFailed to find match for field 'curvature'.
[0;m[1;33m[pcl::PLYReader] ../Temp/Data/Pot_A/Pot_A_Piece_08_SampledWithNormals.ply:25: property 'float32 focal' of element 'camera' is not handled
[0;m[1;33m[pcl::PLYReader] ../Temp/Data/Pot_A/Pot_A_Piece_08_SampledWithNormals.ply:26: property 'float32 scalex' of element 'camera' is not handled
[0;m[1;33m[pcl::PLYReader] ../Temp/Data/Pot_A/Pot_A_Piece_08_SampledWithNormals.ply:27: property 'float32 scaley' of element 'camera' is not handled
[0;m[1;33m[pcl::PLYReader] ../Temp/Data/Pot_A/Pot_A_Piece_08_SampledWithNormals.ply:28: property 'float32 centerx' of element 'camera' is not handled
[0;m[1;33m[pcl::PLYReader] ../Temp/Data/Pot_A/Pot_A_Piece_08_SampledWithNormals.ply:29: property 'float32 centery' of element 'camera' is not handled
[0;m[1;33m[pcl::PLYReader] ../Temp/Data/Pot_A/Pot_A_Piece_08_SampledWithNormals.ply:32: property 'float32 k1' of element 'camera' is not handled
[0;m[1;33m[pcl::PLYReader] ../Temp/Data/Pot_A/Pot_A_Piece_08_SampledWithNormals.ply:33: property 'float32 k2' of element 'camera' is not handled
[0;m[1;33m[pcl::PLYReader] ../Temp/Data/Pot_A/Pot_A_Piece_08_SampledWithNormals.ply:25: property 'float32 focal' of element 'camera' is not handled
[0;m[1;33m[pcl::PLYReader] ../Temp/Data/Pot_A/Pot_A_Piece_08_SampledWithNormals.ply:26: property 'float32 scalex' of element 'camera' is not handled
[0;m[1;33m[pcl::PLYReader] ../Temp/Data/Pot_A/Pot_A_Piece_08_SampledWithNormals.ply:27: property 'float32 scaley' of element 'camera' is not handled
[0;m[1;33m[pcl::PLYReader] ../Temp/Data/Pot_A/Pot_A_Piece_08_SampledWithNormals.ply:28: property 'float32 centerx' of element 'camera' is not handled
[0;m[1;33m[pcl::PLYReader] ../Temp/Data/Pot_A/Pot_A_Piece_08_SampledWithNormals.ply:29: property 'float32 centery' of element 'camera' is not handled
[0;m[1;33m[pcl::PLYReader] ../Temp/Data/Pot_A/Pot_A_Piece_08_SampledWithNormals.ply:32: property 'float32 k1' of element 'camera' is not handled
[0;m[1;33m[pcl::PLYReader] ../Temp/Data/Pot_A/Pot_A_Piece_08_SampledWithNormals.ply:33: property 'float32 k2' of element 'camera' is not handled
[0;m[1;33m[pcl::PLYReader] ../Temp/Data/Pot_A/Pot_A_Piece_08_SampledWithNormals.ply:25: property 'float32 focal' of element 'camera' is not handled
[0;m[1;33m[pcl::PLYReader] ../Temp/Data/Pot_A/Pot_A_Piece_08_SampledWithNormals.ply:26: property 'float32 scalex' of element 'camera' is not handled
[0;m[1;33m[pcl::PLYReader] ../Temp/Data/Pot_A/Pot_A_Piece_08_SampledWithNormals.ply:27: property 'float32 scaley' of element 'camera' is not handled
[0;m[1;33m[pcl::PLYReader] ../Temp/Data/Pot_A/Pot_A_Piece_08_SampledWithNormals.ply:28: property 'float32 centerx' of element 'camera' is not handled
[0;m[1;33m[pcl::PLYReader] ../Temp/Data/Pot_A/Pot_A_Piece_08_SampledWithNormals.ply:29: property 'float32 centery' of element 'camera' is not handled
[0;m[1;33m[pcl::PLYReader] ../Temp/Data/Pot_A/Pot_A_Piece_08_SampledWithNormals.ply:32: property 'float32 k1' of element 'camera' is not handled
[0;m[1;33m[pcl::PLYReader] ../Temp/Data/Pot_A/Pot_A_Piece_08_SampledWithNormals.ply:33: property 'float32 k2' of element 'camera' is not handled
[0;m[1;33m[pcl::PLYReader] ../Temp/Data/Pot_A/Pot_A_Piece_08_SampledWithNormals.ply:25: property 'float32 focal' of element 'camera' is not handled
[0;m[1;33m[pcl::PLYReader] ../Temp/Data/Pot_A/Pot_A_Piece_08_SampledWithNormals.ply:26: property 'float32 scalex' of element 'camera' is not handled
[0;m[1;33m[pcl::PLYReader] ../Temp/Data/Pot_A/Pot_A_Piece_08_SampledWithNormals.ply:27: property 'float32 scaley' of element 'camera' is not handled
[0;m[1;33m[pcl::PLYReader] ../Temp/Data/Pot_A/Pot_A_Piece_08_SampledWithNormals.ply:28: property 'float32 centerx' of element 'camera' is not handled
[0;m[1;33m[pcl::PLYReader] ../Temp/Data/Pot_A/Pot_A_Piece_08_SampledWithNormals.ply:29: property 'float32 centery' of element 'camera' is not handled
[0;m[1;33m[pcl::PLYReader] ../Temp/Data/Pot_A/Pot_A_Piece_08_SampledWithNormals.ply:32: property 'float32 k1' of element 'camera' is not handled
[0;m[1;33m[pcl::PLYReader] ../Temp/Data/Pot_A/Pot_A_Piece_08_SampledWithNormals.ply:33: property 'float32 k2' of element 'camera' is not handled
[0;m[1;33m[pcl::PLYReader] ../Temp/Data/Pot_A/Pot_A_Piece_08_SampledWithNormals.ply:25: property 'float32 focal' of element 'camera' is not handled
[0;m[1;33m[pcl::PLYReader] ../Temp/Data/Pot_A/Pot_A_Piece_08_SampledWithNormals.ply:26: property 'float32 scalex' of element 'camera' is not handled
[0;m[1;33m[pcl::PLYReader] ../Temp/Data/Pot_A/Pot_A_Piece_08_SampledWithNormals.ply:27: property 'float32 scaley' of element 'camera' is not handled
[0;m[1;33m[pcl::PLYReader] ../Temp/Data/Pot_A/Pot_A_Piece_08_SampledWithNormals.ply:28: property 'float32 centerx' of element 'camera' is not handled
[0;m[1;33m[pcl::PLYReader] ../Temp/Data/Pot_A/Pot_A_Piece_08_SampledWithNormals.ply:29: property 'float32 centery' of element 'camera' is not handled
[0;m[1;33m[pcl::PLYReader] ../Temp/Data/Pot_A/Pot_A_Piece_08_SampledWithNormals.ply:32: property 'float32 k1' of element 'camera' is not handled
[0;m[1;33m[pcl::PLYReader] ../Temp/Data/Pot_A/Pot_A_Piece_08_SampledWithNormals.ply:33: property 'float32 k2' of element 'camera' is not handled
[0;m[1;33m[pcl::PLYReader] ../Temp/Data/Pot_A/Pot_A_Piece_08_SampledWithNormals.ply:25: property 'float32 focal' of element 'camera' is not handled
[0;m[1;33m[pcl::PLYReader] ../Temp/Data/Pot_A/Pot_A_Piece_08_SampledWithNormals.ply:26: property 'float32 scalex' of element 'camera' is not handled
[0;m[1;33m[pcl::PLYReader] ../Temp/Data/Pot_A/Pot_A_Piece_08_SampledWithNormals.ply:27: property 'float32 scaley' of element 'camera' is not handled
[0;m[1;33m[pcl::PLYReader] ../Temp/Data/Pot_A/Pot_A_Piece_08_SampledWithNormals.ply:28: property 'float32 centerx' of element 'camera' is not handled
[0;m[1;33m[pcl::PLYReader] ../Temp/Data/Pot_A/Pot_A_Piece_08_SampledWithNormals.ply:29: property 'float32 centery' of element 'camera' is not handled
[0;m[1;33m[pcl::PLYReader] ../Temp/Data/Pot_A/Pot_A_Piece_08_SampledWithNormals.ply:32: property 'float32 k1' of element 'camera' is not handled
[0;m[1;33m[pcl::PLYReader] ../Temp/Data/Pot_A/Pot_A_Piece_08_SampledWithNormals.ply:33: property 'float32 k2' of element 'camera' is not handled
[0;m