=== NURBS Preprocessing Pipeline for Tray-000 (40 pieces) ===
Started: Thu 23 Oct 2025 01:12:25 AEDT
Job ID: 16981880
=== Step 0: Verify Input Data ===
CloudCompare PCD files:
Found 40 PCD files in Pot_A/
Verification passed: 40 PCD files ready for NURBS processing
Cleaning previous NURBS outputs for Pot_A...
Removing old surface files (.xyz)...
Removing old intermediate PLY files...
Removing old breakline and surface files...
Removing old axis files...
=== Step 1: NURBS Surface Generation (40 pieces) ===
This will take approximately 2-3 hours for 40 pieces...
Running NURBS MeshPreprocessingHeadless...
Copied Point file: Pot_A_Piece_01_Point.pcd
Copied Mesh file: Pot_A_Piece_01_Mesh.obj

Selected file: Dataset/Point/Pot_A/Pot_A_Piece_01_Point.pcd
[DEBUG getNormalsOnSurface] Starting function. Input points: 8045
[DEBUG getNormalsOnSurface] Creating Eigen matrix...
[DEBUG getNormalsOnSurface] Writing matrix to XYZ file...
[DEBUG getNormalsOnSurface] Reading XYZ file: fileForNormalEst_Sampled.xyz
[DEBUG getNormalsOnSurface] XYZ file read successfully. Points loaded: 8045
[ADAPTIVE CGAL] Using 8 neighbors for 8045 points (density-aware)
[DEBUG getNormalsOnSurface] PCA normal estimation complete.
[DEBUG getNormalsOnSurface] Orienting normals with MST...
[DEBUG getNormalsOnSurface] MST orientation complete.
[DEBUG getNormalsOnSurface] Erased unoriented points. Remaining: 8045
[DEBUG getNormalsOnSurface] Computing curvature for 8045 points...
[ADAPTIVE CURVATURE] Using K=26 for 8045 points
[DEBUG getNormalsOnSurface] Curvature computation complete.
[DEBUG getNormalsOnSurface] Saving PLY in ASCII mode...
[DEBUG downsamplePointCloud] Saving PLY in ASCII mode to avoid camera data issues...
Starting processing on: Dataset/Point/Pot_A/Pot_A_Piece_01_Point.pcd
Starting surface segmentation on: Temp/Data/Pot_A/Pot_A_Piece_01_SampledWithNormals.ply
[DEBUG] Loading PLY file: Temp/Data/Pot_A/Pot_A_Piece_01_SampledWithNormals.ply
[DEBUG] PLY file loaded successfully. Points: 8045
[DEBUG] Converting PointNormal to PointXYZ...
[DEBUG] Conversion complete. Cloud size: 8045
[DEBUG] Calling getNormalsOnSurface...
[DEBUG] Input cloud size: 8045
[DEBUG getNormalsOnSurface] Starting function. Input points: 8045
[DEBUG getNormalsOnSurface] Creating Eigen matrix...
[DEBUG getNormalsOnSurface] Writing matrix to XYZ file...
[DEBUG getNormalsOnSurface] Reading XYZ file: fileForNormalEst_Sampled.xyz
[DEBUG getNormalsOnSurface] XYZ file read successfully. Points loaded: 8045
[ADAPTIVE CGAL] Using 8 neighbors for 8045 points (density-aware)
[DEBUG getNormalsOnSurface] PCA normal estimation complete.
[DEBUG getNormalsOnSurface] Orienting normals with MST...
[DEBUG getNormalsOnSurface] MST orientation complete.
[DEBUG getNormalsOnSurface] Erased unoriented points. Remaining: 8045
[DEBUG getNormalsOnSurface] Computing curvature for 8045 points...
[ADAPTIVE CURVATURE] Using K=26 for 8045 points
[DEBUG getNormalsOnSurface] Curvature computation complete.
[DEBUG getNormalsOnSurface] Saving PLY in ASCII mode...
[DEBUG] getNormalsOnSurface completed successfully. Result points: 8045
[DEBUG] Extracting normals from sampled cloud...

Total points: 8045
Number of clusters is equal to 3
Points in 
Cluster 1 : 2651
Cluster 2 : 2534
Cluster 3 : 59
Points in two clusters / Total Points in Pointcloud: 64.45%
Points in two clusters / Total Points in all clusters: 98.87%
Calling mergeClusters function.
mergeClusters function called.
Sampled indices: 890 340 1416 870 1990 422 2278 868 334 2392 356 97 1888 999 1518 803 1819 2067 246 1340 85 797 1354 1670 2285 1407 1048 230 512 2186 
Normals flipped: true
  loading cloudForSpline.pcd
  2651 points in data set
  surface fitting ...
  loading cloudForSpline.pcd
  2534 points in data set
  surface fitting ...
[DEBUG] Saving surface cluster PLY files in ASCII mode...
[ADAPTIVE CLUSTER 1] N=2801, min=10, max=8403
PointCloud representing the Cluster: 2801 data points.
[ADAPTIVE BOUNDARY] Cluster 0 has 2801 points, spacing≈18.89mm, boundary_r=15mm
Successfully found 3 clusters after 1 iterations.
Ply to XYZ start

Time after processing: 1.093 seconds
Copied Point file: Pot_A_Piece_02_Point.pcd
Copied Mesh file: Pot_A_Piece_02_Mesh.obj

Selected file: Dataset/Point/Pot_A/Pot_A_Piece_02_Point.pcd
[DEBUG getNormalsOnSurface] Starting function. Input points: 10240
[DEBUG getNormalsOnSurface] Creating Eigen matrix...
[DEBUG getNormalsOnSurface] Writing matrix to XYZ file...
[DEBUG getNormalsOnSurface] Reading XYZ file: fileForNormalEst_Sampled.xyz
[DEBUG getNormalsOnSurface] XYZ file read successfully. Points loaded: 10240
[ADAPTIVE CGAL] Using 10 neighbors for 10240 points (density-aware)
[DEBUG getNormalsOnSurface] PCA normal estimation complete.
[DEBUG getNormalsOnSurface] Orienting normals with MST...
[DEBUG getNormalsOnSurface] MST orientation complete.
[DEBUG getNormalsOnSurface] Erased unoriented points. Remaining: 10240
[DEBUG getNormalsOnSurface] Computing curvature for 10240 points...
[ADAPTIVE CURVATURE] Using K=34 for 10240 points
[DEBUG getNormalsOnSurface] Curvature computation complete.
[DEBUG getNormalsOnSurface] Saving PLY in ASCII mode...
[DEBUG downsamplePointCloud] Saving PLY in ASCII mode to avoid camera data issues...
Starting processing on: Dataset/Point/Pot_A/Pot_A_Piece_02_Point.pcd
Starting surface segmentation on: Temp/Data/Pot_A/Pot_A_Piece_02_SampledWithNormals.ply
[DEBUG] Loading PLY file: Temp/Data/Pot_A/Pot_A_Piece_02_SampledWithNormals.ply
[DEBUG] PLY file loaded successfully. Points: 10240
[DEBUG] Converting PointNormal to PointXYZ...
[DEBUG] Conversion complete. Cloud size: 10240
[DEBUG] Calling getNormalsOnSurface...
[DEBUG] Input cloud size: 10240
[DEBUG getNormalsOnSurface] Starting function. Input points: 10240
[DEBUG getNormalsOnSurface] Creating Eigen matrix...
[DEBUG getNormalsOnSurface] Writing matrix to XYZ file...
[DEBUG getNormalsOnSurface] Reading XYZ file: fileForNormalEst_Sampled.xyz
[DEBUG getNormalsOnSurface] XYZ file read successfully. Points loaded: 10240
[ADAPTIVE CGAL] Using 10 neighbors for 10240 points (density-aware)
[DEBUG getNormalsOnSurface] PCA normal estimation complete.
[DEBUG getNormalsOnSurface] Orienting normals with MST...
[DEBUG getNormalsOnSurface] MST orientation complete.
[DEBUG getNormalsOnSurface] Erased unoriented points. Remaining: 10240
[DEBUG getNormalsOnSurface] Computing curvature for 10240 points...
[ADAPTIVE CURVATURE] Using K=34 for 10240 points
[DEBUG getNormalsOnSurface] Curvature computation complete.
[DEBUG getNormalsOnSurface] Saving PLY in ASCII mode...
[DEBUG] getNormalsOnSurface completed successfully. Result points: 10240
[DEBUG] Extracting normals from sampled cloud...

Total points: 10240
Number of clusters is equal to 9
Points in 
Cluster 1 : 3139
Cluster 2 : 2972
Cluster 3 : 520
Cluster 4 : 207
Cluster 5 : 80
Cluster 6 : 73
Cluster 7 : 61
Cluster 8 : 59
Cluster 9 : 56
Points in two clusters / Total Points in Pointcloud: 59.68%
Points in two clusters / Total Points in all clusters: 85.27%
Calling mergeClusters function.
mergeClusters function called.
Condition 1 (closest point pairs) passed for clusters 0 and 5
Condition 2 (normal vector similarity) passed for clusters 0 and 5
Condition 3 (boundary curvature similarity) passed for clusters 0 and 5
Verification failed (innerPoint selection) for clusters 0 and 5
Sampled indices: 144 1101 2171 532 2406 1621 1213 962 2209 2801 477 2147 1567 2709 3112 124 3067 2146 1368 717 2231 456 2928 1977 280 2764 471 58 2454 1141 
Normals flipped: true
  loading cloudForSpline.pcd
  3139 points in data set
  surface fitting ...
  loading cloudForSpline.pcd
  2972 points in data set
  surface fitting ...
[DEBUG] Saving surface cluster PLY files in ASCII mode...
[ADAPTIVE CLUSTER 1] N=3073, min=10, max=9219
PointCloud representing the Cluster: 3073 data points.
[ADAPTIVE BOUNDARY] Cluster 0 has 3073 points, spacing≈18.04mm, boundary_r=15mm
Successfully found 9 clusters after 1 iterations.
Ply to XYZ start

Time after processing: 1.411 seconds
Copied Point file: Pot_A_Piece_03_Point.pcd
Copied Mesh file: Pot_A_Piece_03_Mesh.obj

Selected file: Dataset/Point/Pot_A/Pot_A_Piece_03_Point.pcd
[DEBUG getNormalsOnSurface] Starting function. Input points: 9237
[DEBUG getNormalsOnSurface] Creating Eigen matrix...
[DEBUG getNormalsOnSurface] Writing matrix to XYZ file...
[DEBUG getNormalsOnSurface] Reading XYZ file: fileForNormalEst_Sampled.xyz
[DEBUG getNormalsOnSurface] XYZ file read successfully. Points loaded: 9237
[ADAPTIVE CGAL] Using 9 neighbors for 9237 points (density-aware)
[DEBUG getNormalsOnSurface] PCA normal estimation complete.
[DEBUG getNormalsOnSurface] Orienting normals with MST...
[DEBUG getNormalsOnSurface] MST orientation complete.
[DEBUG getNormalsOnSurface] Erased unoriented points. Remaining: 9237
[DEBUG getNormalsOnSurface] Computing curvature for 9237 points...
[ADAPTIVE CURVATURE] Using K=30 for 9237 points
[DEBUG getNormalsOnSurface] Curvature computation complete.
[DEBUG getNormalsOnSurface] Saving PLY in ASCII mode...
[DEBUG downsamplePointCloud] Saving PLY in ASCII mode to avoid camera data issues...
Starting processing on: Dataset/Point/Pot_A/Pot_A_Piece_03_Point.pcd
Starting surface segmentation on: Temp/Data/Pot_A/Pot_A_Piece_03_SampledWithNormals.ply
[DEBUG] Loading PLY file: Temp/Data/Pot_A/Pot_A_Piece_03_SampledWithNormals.ply
[DEBUG] PLY file loaded successfully. Points: 9237
[DEBUG] Converting PointNormal to PointXYZ...
[DEBUG] Conversion complete. Cloud size: 9237
[DEBUG] Calling getNormalsOnSurface...
[DEBUG] Input cloud size: 9237
[DEBUG getNormalsOnSurface] Starting function. Input points: 9237
[DEBUG getNormalsOnSurface] Creating Eigen matrix...
[DEBUG getNormalsOnSurface] Writing matrix to XYZ file...
[DEBUG getNormalsOnSurface] Reading XYZ file: fileForNormalEst_Sampled.xyz
[DEBUG getNormalsOnSurface] XYZ file read successfully. Points loaded: 9237
[ADAPTIVE CGAL] Using 9 neighbors for 9237 points (density-aware)
[DEBUG getNormalsOnSurface] PCA normal estimation complete.
[DEBUG getNormalsOnSurface] Orienting normals with MST...
[DEBUG getNormalsOnSurface] MST orientation complete.
[DEBUG getNormalsOnSurface] Erased unoriented points. Remaining: 9237
[DEBUG getNormalsOnSurface] Computing curvature for 9237 points...
[ADAPTIVE CURVATURE] Using K=30 for 9237 points
[DEBUG getNormalsOnSurface] Curvature computation complete.
[DEBUG getNormalsOnSurface] Saving PLY in ASCII mode...
[DEBUG] getNormalsOnSurface completed successfully. Result points: 9237
[DEBUG] Extracting normals from sampled cloud...

Total points: 9237
Number of clusters is equal to 4
Points in 
Cluster 1 : 3083
Cluster 2 : 1992
Cluster 3 : 1546
Cluster 4 : 76
Points in two clusters / Total Points in Pointcloud: 54.94%
Points in two clusters / Total Points in all clusters: 75.78%
Calling mergeClusters function.
mergeClusters function called.
Sampled indices: 2375 1047 2559 2010 1654 3067 1658 2308 2380 1658 3018 1621 1840 922 1031 2129 889 1091 2332 91 1258 252 182 2510 121 1123 2792 3056 2747 835 
Normals flipped: true
  loading cloudForSpline.pcd
  3083 points in data set
  surface fitting ...
  loading cloudForSpline.pcd
  1992 points in data set
  surface fitting ...
[DEBUG] Saving surface cluster PLY files in ASCII mode...
[ADAPTIVE CLUSTER 1] N=2540, min=10, max=7620
PointCloud representing the Cluster: 2540 data points.
[ADAPTIVE BOUNDARY] Cluster 0 has 2540 points, spacing≈19.84mm, boundary_r=15mm
Successfully found 4 clusters after 1 iterations.
Ply to XYZ start

Time after processing: 1.115 seconds
Copied Point file: Pot_A_Piece_04_Point.pcd
Copied Mesh file: Pot_A_Piece_04_Mesh.obj

Selected file: Dataset/Point/Pot_A/Pot_A_Piece_04_Point.pcd
[DEBUG getNormalsOnSurface] Starting function. Input points: 10794
[DEBUG getNormalsOnSurface] Creating Eigen matrix...
[DEBUG getNormalsOnSurface] Writing matrix to XYZ file...
[DEBUG getNormalsOnSurface] Reading XYZ file: fileForNormalEst_Sampled.xyz
[DEBUG getNormalsOnSurface] XYZ file read successfully. Points loaded: 10794
[ADAPTIVE CGAL] Using 10 neighbors for 10794 points (density-aware)
[DEBUG getNormalsOnSurface] PCA normal estimation complete.
[DEBUG getNormalsOnSurface] Orienting normals with MST...
[DEBUG getNormalsOnSurface] MST orientation complete.
[DEBUG getNormalsOnSurface] Erased unoriented points. Remaining: 10794
[DEBUG getNormalsOnSurface] Computing curvature for 10794 points...
[ADAPTIVE CURVATURE] Using K=35 for 10794 points
[DEBUG getNormalsOnSurface] Curvature computation complete.
[DEBUG getNormalsOnSurface] Saving PLY in ASCII mode...
[DEBUG downsamplePointCloud] Saving PLY in ASCII mode to avoid camera data issues...
Starting processing on: Dataset/Point/Pot_A/Pot_A_Piece_04_Point.pcd
Starting surface segmentation on: Temp/Data/Pot_A/Pot_A_Piece_04_SampledWithNormals.ply
[DEBUG] Loading PLY file: Temp/Data/Pot_A/Pot_A_Piece_04_SampledWithNormals.ply
[DEBUG] PLY file loaded successfully. Points: 10794
[DEBUG] Converting PointNormal to PointXYZ...
[DEBUG] Conversion complete. Cloud size: 10794
[DEBUG] Calling getNormalsOnSurface...
[DEBUG] Input cloud size: 10794
[DEBUG getNormalsOnSurface] Starting function. Input points: 10794
[DEBUG getNormalsOnSurface] Creating Eigen matrix...
[DEBUG getNormalsOnSurface] Writing matrix to XYZ file...
[DEBUG getNormalsOnSurface] Reading XYZ file: fileForNormalEst_Sampled.xyz
[DEBUG getNormalsOnSurface] XYZ file read successfully. Points loaded: 10794
[ADAPTIVE CGAL] Using 10 neighbors for 10794 points (density-aware)
[DEBUG getNormalsOnSurface] PCA normal estimation complete.
[DEBUG getNormalsOnSurface] Orienting normals with MST...
[DEBUG getNormalsOnSurface] MST orientation complete.
[DEBUG getNormalsOnSurface] Erased unoriented points. Remaining: 10794
[DEBUG getNormalsOnSurface] Computing curvature for 10794 points...
[ADAPTIVE CURVATURE] Using K=35 for 10794 points
[DEBUG getNormalsOnSurface] Curvature computation complete.
[DEBUG getNormalsOnSurface] Saving PLY in ASCII mode...
[DEBUG] getNormalsOnSurface completed successfully. Result points: 10794
[DEBUG] Extracting normals from sampled cloud...

Total points: 10794
Number of clusters is equal to 8
Points in 
Cluster 1 : 3491
Cluster 2 : 3202
Cluster 3 : 949
Cluster 4 : 255
Cluster 5 : 63
Cluster 6 : 62
Cluster 7 : 51
Cluster 8 : 51
Points in two clusters / Total Points in Pointcloud: 62.01%
Points in two clusters / Total Points in all clusters: 82.39%
Calling mergeClusters function.
mergeClusters function called.
Sampled indices: 2548 255 3178 2487 1160 43 227 2013 1486 857 220 2698 1767 3204 1810 3215 1700 1158 2121 437 1535 694 2456 1601 3467 3469 2511 2480 3323 1433 
Normals flipped: true
  loading cloudForSpline.pcd
  3491 points in data set
  surface fitting ...
  loading cloudForSpline.pcd
  3202 points in data set
  surface fitting ...
[DEBUG] Saving surface cluster PLY files in ASCII mode...
[ADAPTIVE CLUSTER 1] N=2670, min=10, max=8010
PointCloud representing the Cluster: 2670 data points.
[ADAPTIVE BOUNDARY] Cluster 0 has 2670 points, spacing≈19.35mm, boundary_r=15mm
Successfully found 8 clusters after 1 iterations.
Ply to XYZ start

Time after processing: 1.288 seconds
Copied Point file: Pot_A_Piece_05_Point.pcd
Copied Mesh file: Pot_A_Piece_05_Mesh.obj

Selected file: Dataset/Point/Pot_A/Pot_A_Piece_05_Point.pcd
[DEBUG getNormalsOnSurface] Starting function. Input points: 8491
[DEBUG getNormalsOnSurface] Creating Eigen matrix...
[DEBUG getNormalsOnSurface] Writing matrix to XYZ file...
[DEBUG getNormalsOnSurface] Reading XYZ file: fileForNormalEst_Sampled.xyz
[DEBUG getNormalsOnSurface] XYZ file read successfully. Points loaded: 8491
[ADAPTIVE CGAL] Using 8 neighbors for 8491 points (density-aware)
[DEBUG getNormalsOnSurface] PCA normal estimation complete.
[DEBUG getNormalsOnSurface] Orienting normals with MST...
[DEBUG getNormalsOnSurface] MST orientation complete.
[DEBUG getNormalsOnSurface] Erased unoriented points. Remaining: 8491
[DEBUG getNormalsOnSurface] Computing curvature for 8491 points...
[ADAPTIVE CURVATURE] Using K=28 for 8491 points
[DEBUG getNormalsOnSurface] Curvature computation complete.
[DEBUG getNormalsOnSurface] Saving PLY in ASCII mode...
[DEBUG downsamplePointCloud] Saving PLY in ASCII mode to avoid camera data issues...
Starting processing on: Dataset/Point/Pot_A/Pot_A_Piece_05_Point.pcd
Starting surface segmentation on: Temp/Data/Pot_A/Pot_A_Piece_05_SampledWithNormals.ply
[DEBUG] Loading PLY file: Temp/Data/Pot_A/Pot_A_Piece_05_SampledWithNormals.ply
[DEBUG] PLY file loaded successfully. Points: 8491
[DEBUG] Converting PointNormal to PointXYZ...
[DEBUG] Conversion complete. Cloud size: 8491
[DEBUG] Calling getNormalsOnSurface...
[DEBUG] Input cloud size: 8491
[DEBUG getNormalsOnSurface] Starting function. Input points: 8491
[DEBUG getNormalsOnSurface] Creating Eigen matrix...
[DEBUG getNormalsOnSurface] Writing matrix to XYZ file...
[DEBUG getNormalsOnSurface] Reading XYZ file: fileForNormalEst_Sampled.xyz
[DEBUG getNormalsOnSurface] XYZ file read successfully. Points loaded: 8491
[ADAPTIVE CGAL] Using 8 neighbors for 8491 points (density-aware)
[DEBUG getNormalsOnSurface] PCA normal estimation complete.
[DEBUG getNormalsOnSurface] Orienting normals with MST...
[DEBUG getNormalsOnSurface] MST orientation complete.
[DEBUG getNormalsOnSurface] Erased unoriented points. Remaining: 8491
[DEBUG getNormalsOnSurface] Computing curvature for 8491 points...
[ADAPTIVE CURVATURE] Using K=28 for 8491 points
[DEBUG getNormalsOnSurface] Curvature computation complete.
[DEBUG getNormalsOnSurface] Saving PLY in ASCII mode...
[DEBUG] getNormalsOnSurface completed successfully. Result points: 8491
[DEBUG] Extracting normals from sampled cloud...

Total points: 8491
Number of clusters is equal to 3
Points in 
Cluster 1 : 3054
Cluster 2 : 2904
Cluster 3 : 53
Points in two clusters / Total Points in Pointcloud: 70.17%
Points in two clusters / Total Points in all clusters: 99.12%
Calling mergeClusters function.
mergeClusters function called.
Sampled indices: 1232 826 967 2769 446 1419 2117 1493 1411 1253 1384 1454 2887 1677 2977 2666 1374 2250 1551 1316 1054 1709 1686 891 1866 1177 358 778 1056 2559 
Normals flipped: true
  loading cloudForSpline.pcd
  3054 points in data set
  surface fitting ...
  loading cloudForSpline.pcd
  2904 points in data set
  surface fitting ...
[DEBUG] Saving surface cluster PLY files in ASCII mode...
[ADAPTIVE CLUSTER 1] N=2480, min=10, max=7440
PointCloud representing the Cluster: 2480 data points.
[ADAPTIVE BOUNDARY] Cluster 0 has 2480 points, spacing≈20.08mm, boundary_r=15mm
Successfully found 3 clusters after 1 iterations.
Ply to XYZ start

Time after processing: 1.059 seconds
Copied Point file: Pot_A_Piece_06_Point.pcd
Copied Mesh file: Pot_A_Piece_06_Mesh.obj

Selected file: Dataset/Point/Pot_A/Pot_A_Piece_06_Point.pcd
[DEBUG getNormalsOnSurface] Starting function. Input points: 7916
[DEBUG getNormalsOnSurface] Creating Eigen matrix...
[DEBUG getNormalsOnSurface] Writing matrix to XYZ file...
[DEBUG getNormalsOnSurface] Reading XYZ file: fileForNormalEst_Sampled.xyz
[DEBUG getNormalsOnSurface] XYZ file read successfully. Points loaded: 7916
[ADAPTIVE CGAL] Using 7 neighbors for 7916 points (density-aware)
[DEBUG getNormalsOnSurface] PCA normal estimation complete.
[DEBUG getNormalsOnSurface] Orienting normals with MST...
[DEBUG getNormalsOnSurface] MST orientation complete.
[DEBUG getNormalsOnSurface] Erased unoriented points. Remaining: 7916
[DEBUG getNormalsOnSurface] Computing curvature for 7916 points...
[ADAPTIVE CURVATURE] Using K=26 for 7916 points
[DEBUG getNormalsOnSurface] Curvature computation complete.
[DEBUG getNormalsOnSurface] Saving PLY in ASCII mode...
[DEBUG downsamplePointCloud] Saving PLY in ASCII mode to avoid camera data issues...
Starting processing on: Dataset/Point/Pot_A/Pot_A_Piece_06_Point.pcd
Starting surface segmentation on: Temp/Data/Pot_A/Pot_A_Piece_06_SampledWithNormals.ply
[DEBUG] Loading PLY file: Temp/Data/Pot_A/Pot_A_Piece_06_SampledWithNormals.ply
[DEBUG] PLY file loaded successfully. Points: 7916
[DEBUG] Converting PointNormal to PointXYZ...
[DEBUG] Conversion complete. Cloud size: 7916
[DEBUG] Calling getNormalsOnSurface...
[DEBUG] Input cloud size: 7916
[DEBUG getNormalsOnSurface] Starting function. Input points: 7916
[DEBUG getNormalsOnSurface] Creating Eigen matrix...
[DEBUG getNormalsOnSurface] Writing matrix to XYZ file...
[DEBUG getNormalsOnSurface] Reading XYZ file: fileForNormalEst_Sampled.xyz
[DEBUG getNormalsOnSurface] XYZ file read successfully. Points loaded: 7916
[ADAPTIVE CGAL] Using 7 neighbors for 7916 points (density-aware)
[DEBUG getNormalsOnSurface] PCA normal estimation complete.
[DEBUG getNormalsOnSurface] Orienting normals with MST...
[DEBUG getNormalsOnSurface] MST orientation complete.
[DEBUG getNormalsOnSurface] Erased unoriented points. Remaining: 7916
[DEBUG getNormalsOnSurface] Computing curvature for 7916 points...
[ADAPTIVE CURVATURE] Using K=26 for 7916 points
[DEBUG getNormalsOnSurface] Curvature computation complete.
[DEBUG getNormalsOnSurface] Saving PLY in ASCII mode...
[DEBUG] getNormalsOnSurface completed successfully. Result points: 7916
[DEBUG] Extracting normals from sampled cloud...

Total points: 7916
Number of clusters is equal to 6
Points in 
Cluster 1 : 2347
Cluster 2 : 1668
Cluster 3 : 725
Cluster 4 : 61
Cluster 5 : 61
Cluster 6 : 53
Points in two clusters / Total Points in Pointcloud: 50.72%
Points in two clusters / Total Points in all clusters: 81.69%
Calling mergeClusters function.
mergeClusters function called.
Condition 1 (closest point pairs) passed for clusters 2 and 3
Condition 2 (normal vector similarity) passed for clusters 2 and 3
Condition 3 (boundary curvature similarity) passed for clusters 2 and 3
Verification failed (innerPoint selection) for clusters 2 and 3
Condition 1 (closest point pairs) passed for clusters 2 and 4
Condition 2 (normal vector similarity) passed for clusters 2 and 4
Condition 3 (boundary curvature similarity) passed for clusters 2 and 4
Verification failed (innerPoint selection) for clusters 2 and 4
Sampled indices: 994 2143 1310 899 1093 1184 1681 925 2282 853 281 1011 2138 806 2150 926 1796 1826 1482 1795 801 2150 1740 787 954 37 212 2197 677 1116 
Normals flipped: true
  loading cloudForSpline.pcd
  2347 points in data set
  surface fitting ...
  loading cloudForSpline.pcd
  1668 points in data set
  surface fitting ...
[DEBUG] Saving surface cluster PLY files in ASCII mode...
[ADAPTIVE CLUSTER 1] N=3001, min=10, max=9003
PointCloud representing the Cluster: 3001 data points.
[ADAPTIVE BOUNDARY] Cluster 0 has 3001 points, spacing≈18.25mm, boundary_r=15mm
Successfully found 6 clusters after 1 iterations.
Ply to XYZ start

Time after processing: 1.224 seconds
Copied Point file: Pot_A_Piece_07_Point.pcd
Copied Mesh file: Pot_A_Piece_07_Mesh.obj

Selected file: Dataset/Point/Pot_A/Pot_A_Piece_07_Point.pcd
[DEBUG getNormalsOnSurface] Starting function. Input points: 11312
[DEBUG getNormalsOnSurface] Creating Eigen matrix...
[DEBUG getNormalsOnSurface] Writing matrix to XYZ file...
[DEBUG getNormalsOnSurface] Reading XYZ file: fileForNormalEst_Sampled.xyz
[DEBUG getNormalsOnSurface] XYZ file read successfully. Points loaded: 11312
[ADAPTIVE CGAL] Using 11 neighbors for 11312 points (density-aware)
[DEBUG getNormalsOnSurface] PCA normal estimation complete.
[DEBUG getNormalsOnSurface] Orienting normals with MST...
[DEBUG getNormalsOnSurface] MST orientation complete.
[DEBUG getNormalsOnSurface] Erased unoriented points. Remaining: 11312
[DEBUG getNormalsOnSurface] Computing curvature for 11312 points...
[ADAPTIVE CURVATURE] Using K=37 for 11312 points
[DEBUG getNormalsOnSurface] Curvature computation complete.
[DEBUG getNormalsOnSurface] Saving PLY in ASCII mode...
[DEBUG downsamplePointCloud] Saving PLY in ASCII mode to avoid camera data issues...
Starting processing on: Dataset/Point/Pot_A/Pot_A_Piece_07_Point.pcd
Starting surface segmentation on: Temp/Data/Pot_A/Pot_A_Piece_07_SampledWithNormals.ply
[DEBUG] Loading PLY file: Temp/Data/Pot_A/Pot_A_Piece_07_SampledWithNormals.ply
[DEBUG] PLY file loaded successfully. Points: 11312
[DEBUG] Converting PointNormal to PointXYZ...
[DEBUG] Conversion complete. Cloud size: 11312
[DEBUG] Calling getNormalsOnSurface...
[DEBUG] Input cloud size: 11312
[DEBUG getNormalsOnSurface] Starting function. Input points: 11312
[DEBUG getNormalsOnSurface] Creating Eigen matrix...
[DEBUG getNormalsOnSurface] Writing matrix to XYZ file...
[DEBUG getNormalsOnSurface] Reading XYZ file: fileForNormalEst_Sampled.xyz
[DEBUG getNormalsOnSurface] XYZ file read successfully. Points loaded: 11312
[ADAPTIVE CGAL] Using 11 neighbors for 11312 points (density-aware)
[DEBUG getNormalsOnSurface] PCA normal estimation complete.
[DEBUG getNormalsOnSurface] Orienting normals with MST...
[DEBUG getNormalsOnSurface] MST orientation complete.
[DEBUG getNormalsOnSurface] Erased unoriented points. Remaining: 11312
[DEBUG getNormalsOnSurface] Computing curvature for 11312 points...
[ADAPTIVE CURVATURE] Using K=37 for 11312 points
[DEBUG getNormalsOnSurface] Curvature computation complete.
[DEBUG getNormalsOnSurface] Saving PLY in ASCII mode...
[DEBUG] getNormalsOnSurface completed successfully. Result points: 11312
[DEBUG] Extracting normals from sampled cloud...

Total points: 11312
Number of clusters is equal to 7
Points in 
Cluster 1 : 3405
Cluster 2 : 3055
Cluster 3 : 655
Cluster 4 : 113
Cluster 5 : 70
Cluster 6 : 60
Cluster 7 : 58
Points in two clusters / Total Points in Pointcloud: 57.11%
Points in two clusters / Total Points in all clusters: 87.11%
Calling mergeClusters function.
mergeClusters function called.
Condition 1 (closest point pairs) passed for clusters 2 and 3
Condition 2 (normal vector similarity) passed for clusters 2 and 3
Condition 3 (boundary curvature similarity) passed for clusters 2 and 3
Verification failed (innerPoint selection) for clusters 2 and 3
Sampled indices: 73 2798 264 2405 460 2162 1969 1375 194 736 2065 833 1302 1183 1920 692 2117 1026 444 565 2375 3360 1083 1508 1995 1256 2357 200 1110 2459 
Normals flipped: true
  loading cloudForSpline.pcd
  3405 points in data set
  surface fitting ...
  loading cloudForSpline.pcd
  3055 points in data set
  surface fitting ...
[DEBUG] Saving surface cluster PLY files in ASCII mode...
[ADAPTIVE CLUSTER 1] N=3896, min=10, max=11688
PointCloud representing the Cluster: 3896 data points.
[ADAPTIVE BOUNDARY] Cluster 0 has 3896 points, spacing≈16.02mm, boundary_r=15mm
Successfully found 7 clusters after 1 iterations.
Ply to XYZ start

Time after processing: 1.778 seconds
Copied Point file: Pot_A_Piece_08_Point.pcd
Copied Mesh file: Pot_A_Piece_08_Mesh.obj

Selected file: Dataset/Point/Pot_A/Pot_A_Piece_08_Point.pcd
[DEBUG getNormalsOnSurface] Starting function. Input points: 9077
[DEBUG getNormalsOnSurface] Creating Eigen matrix...
[DEBUG getNormalsOnSurface] Writing matrix to XYZ file...
[DEBUG getNormalsOnSurface] Reading XYZ file: fileForNormalEst_Sampled.xyz
[DEBUG getNormalsOnSurface] XYZ file read successfully. Points loaded: 9077
[ADAPTIVE CGAL] Using 9 neighbors for 9077 points (density-aware)
[DEBUG getNormalsOnSurface] PCA normal estimation complete.
[DEBUG getNormalsOnSurface] Orienting normals with MST...
[DEBUG getNormalsOnSurface] MST orientation complete.
[DEBUG getNormalsOnSurface] Erased unoriented points. Remaining: 9077
[DEBUG getNormalsOnSurface] Computing curvature for 9077 points...
[ADAPTIVE CURVATURE] Using K=30 for 9077 points
[DEBUG getNormalsOnSurface] Curvature computation complete.
[DEBUG getNormalsOnSurface] Saving PLY in ASCII mode...
[DEBUG downsamplePointCloud] Saving PLY in ASCII mode to avoid camera data issues...
Starting processing on: Dataset/Point/Pot_A/Pot_A_Piece_08_Point.pcd
Starting surface segmentation on: Temp/Data/Pot_A/Pot_A_Piece_08_SampledWithNormals.ply
[DEBUG] Loading PLY file: Temp/Data/Pot_A/Pot_A_Piece_08_SampledWithNormals.ply
[DEBUG] PLY file loaded successfully. Points: 9077
[DEBUG] Converting PointNormal to PointXYZ...
[DEBUG] Conversion complete. Cloud size: 9077
[DEBUG] Calling getNormalsOnSurface...
[DEBUG] Input cloud size: 9077
[DEBUG getNormalsOnSurface] Starting function. Input points: 9077
[DEBUG getNormalsOnSurface] Creating Eigen matrix...
[DEBUG getNormalsOnSurface] Writing matrix to XYZ file...
[DEBUG getNormalsOnSurface] Reading XYZ file: fileForNormalEst_Sampled.xyz
[DEBUG getNormalsOnSurface] XYZ file read successfully. Points loaded: 9077
[ADAPTIVE CGAL] Using 9 neighbors for 9077 points (density-aware)
[DEBUG getNormalsOnSurface] PCA normal estimation complete.
[DEBUG getNormalsOnSurface] Orienting normals with MST...
[DEBUG getNormalsOnSurface] MST orientation complete.
[DEBUG getNormalsOnSurface] Erased unoriented points. Remaining: 9077
[DEBUG getNormalsOnSurface] Computing curvature for 9077 points...
[ADAPTIVE CURVATURE] Using K=30 for 9077 points
[DEBUG getNormalsOnSurface] Curvature computation complete.
[DEBUG getNormalsOnSurface] Saving PLY in ASCII mode...
[DEBUG] getNormalsOnSurface completed successfully. Result points: 9077
[DEBUG] Extracting normals from sampled cloud...

Total points: 9077
Number of clusters is equal to 5
Points in 
Cluster 1 : 2338
Cluster 2 : 2152
Cluster 3 : 920
Cluster 4 : 113
Cluster 5 : 83
Points in two clusters / Total Points in Pointcloud: 49.47%
Points in two clusters / Total Points in all clusters: 80.09%
Calling mergeClusters function.
mergeClusters function called.
Sampled indices: 1633 107 635 353 182 1113 490 1422 2284 1358 677 333 1432 930 729 1068 656 1457 1157 2188 1304 2204 1414 1187 746 1956 1999 538 1006 1580 
Normals flipped: true
  loading cloudForSpline.pcd
  2338 points in data set
  surface fitting ...
  loading cloudForSpline.pcd
  2152 points in data set
  surface fitting ...
[DEBUG] Saving surface cluster PLY files in ASCII mode...
[ADAPTIVE CLUSTER 1] N=3471, min=10, max=10413
PointCloud representing the Cluster: 3471 data points.
[ADAPTIVE BOUNDARY] Cluster 0 has 3471 points, spacing≈16.97mm, boundary_r=15mm
Successfully found 5 clusters after 1 iterations.
Ply to XYZ start

Time after processing: 1.405 seconds
Copied Point file: Pot_A_Piece_09_Point.pcd
Copied Mesh file: Pot_A_Piece_09_Mesh.obj

Selected file: Dataset/Point/Pot_A/Pot_A_Piece_09_Point.pcd
[DEBUG getNormalsOnSurface] Starting function. Input points: 8055
[DEBUG getNormalsOnSurface] Creating Eigen matrix...
[DEBUG getNormalsOnSurface] Writing matrix to XYZ file...
[DEBUG getNormalsOnSurface] Reading XYZ file: fileForNormalEst_Sampled.xyz
[DEBUG getNormalsOnSurface] XYZ file read successfully. Points loaded: 8055
[ADAPTIVE CGAL] Using 8 neighbors for 8055 points (density-aware)
[DEBUG getNormalsOnSurface] PCA normal estimation complete.
[DEBUG getNormalsOnSurface] Orienting normals with MST...
[DEBUG getNormalsOnSurface] MST orientation complete.
[DEBUG getNormalsOnSurface] Erased unoriented points. Remaining: 8055
[DEBUG getNormalsOnSurface] Computing curvature for 8055 points...
[ADAPTIVE CURVATURE] Using K=26 for 8055 points
[DEBUG getNormalsOnSurface] Curvature computation complete.
[DEBUG getNormalsOnSurface] Saving PLY in ASCII mode...
[DEBUG downsamplePointCloud] Saving PLY in ASCII mode to avoid camera data issues...
Starting processing on: Dataset/Point/Pot_A/Pot_A_Piece_09_Point.pcd
Starting surface segmentation on: Temp/Data/Pot_A/Pot_A_Piece_09_SampledWithNormals.ply
[DEBUG] Loading PLY file: Temp/Data/Pot_A/Pot_A_Piece_09_SampledWithNormals.ply
[DEBUG] PLY file loaded successfully. Points: 8055
[DEBUG] Converting PointNormal to PointXYZ...
[DEBUG] Conversion complete. Cloud size: 8055
[DEBUG] Calling getNormalsOnSurface...
[DEBUG] Input cloud size: 8055
[DEBUG getNormalsOnSurface] Starting function. Input points: 8055
[DEBUG getNormalsOnSurface] Creating Eigen matrix...
[DEBUG getNormalsOnSurface] Writing matrix to XYZ file...
[DEBUG getNormalsOnSurface] Reading XYZ file: fileForNormalEst_Sampled.xyz
[DEBUG getNormalsOnSurface] XYZ file read successfully. Points loaded: 8055
[ADAPTIVE CGAL] Using 8 neighbors for 8055 points (density-aware)
[DEBUG getNormalsOnSurface] PCA normal estimation complete.
[DEBUG getNormalsOnSurface] Orienting normals with MST...
[DEBUG getNormalsOnSurface] MST orientation complete.
[DEBUG getNormalsOnSurface] Erased unoriented points. Remaining: 8055
[DEBUG getNormalsOnSurface] Computing curvature for 8055 points...
[ADAPTIVE CURVATURE] Using K=26 for 8055 points
[DEBUG getNormalsOnSurface] Curvature computation complete.
[DEBUG getNormalsOnSurface] Saving PLY in ASCII mode...
[DEBUG] getNormalsOnSurface completed successfully. Result points: 8055
[DEBUG] Extracting normals from sampled cloud...

Total points: 8055
Number of clusters is equal to 6
Points in 
Cluster 1 : 2622
Cluster 2 : 2513
Cluster 3 : 73
Cluster 4 : 54
Cluster 5 : 50
Cluster 6 : 50
Points in two clusters / Total Points in Pointcloud: 63.75%
Points in two clusters / Total Points in all clusters: 95.77%
Calling mergeClusters function.
mergeClusters function called.
Condition 1 (closest point pairs) passed for clusters 1 and 4
Condition 2 (normal vector similarity) passed for clusters 1 and 4
Condition 3 (boundary curvature similarity) passed for clusters 1 and 4
Verification failed (innerPoint selection) for clusters 1 and 4
Sampled indices: 1554 2311 1899 2485 1978 2501 2068 2454 970 1224 175 2378 2536 1605 953 1048 1366 2621 961 803 1100 1334 1568 648 1268 1877 337 568 1724 1415 
Normals flipped: true
  loading cloudForSpline.pcd
  2622 points in data set
  surface fitting ...
  loading cloudForSpline.pcd
  2513 points in data set
  surface fitting ...
[DEBUG] Saving surface cluster PLY files in ASCII mode...
[ADAPTIVE CLUSTER 1] N=2693, min=10, max=8079
PointCloud representing the Cluster: 2693 data points.
[ADAPTIVE BOUNDARY] Cluster 0 has 2693 points, spacing≈19.27mm, boundary_r=15mm
Successfully found 6 clusters after 1 iterations.
Ply to XYZ start

Time after processing: 1.103 seconds
Copied Point file: Pot_A_Piece_10_Point.pcd
Copied Mesh file: Pot_A_Piece_10_Mesh.obj

Selected file: Dataset/Point/Pot_A/Pot_A_Piece_10_Point.pcd
[DEBUG getNormalsOnSurface] Starting function. Input points: 8007
[DEBUG getNormalsOnSurface] Creating Eigen matrix...
[DEBUG getNormalsOnSurface] Writing matrix to XYZ file...
[DEBUG getNormalsOnSurface] Reading XYZ file: fileForNormalEst_Sampled.xyz
[DEBUG getNormalsOnSurface] XYZ file read successfully. Points loaded: 8007
[ADAPTIVE CGAL] Using 8 neighbors for 8007 points (density-aware)
[DEBUG getNormalsOnSurface] PCA normal estimation complete.
[DEBUG getNormalsOnSurface] Orienting normals with MST...
[DEBUG getNormalsOnSurface] MST orientation complete.
[DEBUG getNormalsOnSurface] Erased unoriented points. Remaining: 8007
[DEBUG getNormalsOnSurface] Computing curvature for 8007 points...
[ADAPTIVE CURVATURE] Using K=26 for 8007 points
[DEBUG getNormalsOnSurface] Curvature computation complete.
[DEBUG getNormalsOnSurface] Saving PLY in ASCII mode...
[DEBUG downsamplePointCloud] Saving PLY in ASCII mode to avoid camera data issues...
Starting processing on: Dataset/Point/Pot_A/Pot_A_Piece_10_Point.pcd
Starting surface segmentation on: Temp/Data/Pot_A/Pot_A_Piece_10_SampledWithNormals.ply
[DEBUG] Loading PLY file: Temp/Data/Pot_A/Pot_A_Piece_10_SampledWithNormals.ply
[DEBUG] PLY file loaded successfully. Points: 8007
[DEBUG] Converting PointNormal to PointXYZ...
[DEBUG] Conversion complete. Cloud size: 8007
[DEBUG] Calling getNormalsOnSurface...
[DEBUG] Input cloud size: 8007
[DEBUG getNormalsOnSurface] Starting function. Input points: 8007
[DEBUG getNormalsOnSurface] Creating Eigen matrix...
[DEBUG getNormalsOnSurface] Writing matrix to XYZ file...
[DEBUG getNormalsOnSurface] Reading XYZ file: fileForNormalEst_Sampled.xyz
[DEBUG getNormalsOnSurface] XYZ file read successfully. Points loaded: 8007
[ADAPTIVE CGAL] Using 8 neighbors for 8007 points (density-aware)
[DEBUG getNormalsOnSurface] PCA normal estimation complete.
[DEBUG getNormalsOnSurface] Orienting normals with MST...
[DEBUG getNormalsOnSurface] MST orientation complete.
[DEBUG getNormalsOnSurface] Erased unoriented points. Remaining: 8007
[DEBUG getNormalsOnSurface] Computing curvature for 8007 points...
[ADAPTIVE CURVATURE] Using K=26 for 8007 points
[DEBUG getNormalsOnSurface] Curvature computation complete.
[DEBUG getNormalsOnSurface] Saving PLY in ASCII mode...
[DEBUG] getNormalsOnSurface completed successfully. Result points: 8007
[DEBUG] Extracting normals from sampled cloud...

Total points: 8007
Number of clusters is equal to 6
Points in 
Cluster 1 : 2591
Cluster 2 : 2459
Cluster 3 : 90
Cluster 4 : 66
Cluster 5 : 52
Cluster 6 : 51
Points in two clusters / Total Points in Pointcloud: 63.07%
Points in two clusters / Total Points in all clusters: 95.12%
Calling mergeClusters function.
mergeClusters function called.
Sampled indices: 1644 1683 1388 2256 502 2273 1188 1825 2560 1473 1914 2227 1405 20 1 1424 183 1619 1889 2003 762 41 2451 866 2069 1959 1369 1754 1004 2376 
Normals flipped: true
  loading cloudForSpline.pcd
  2591 points in data set
  surface fitting ...
  loading cloudForSpline.pcd
  2459 points in data set
  surface fitting ...
[DEBUG] Saving surface cluster PLY files in ASCII mode...
[ADAPTIVE CLUSTER 1] N=2698, min=10, max=8094
PointCloud representing the Cluster: 2698 data points.
[ADAPTIVE BOUNDARY] Cluster 0 has 2698 points, spacing≈19.25mm, boundary_r=15mm
Successfully found 6 clusters after 1 iterations.
Ply to XYZ start

Time after processing: 1.088 seconds
Copied Point file: Pot_A_Piece_11_Point.pcd
Copied Mesh file: Pot_A_Piece_11_Mesh.obj

Selected file: Dataset/Point/Pot_A/Pot_A_Piece_11_Point.pcd
[DEBUG getNormalsOnSurface] Starting function. Input points: 6381
[DEBUG getNormalsOnSurface] Creating Eigen matrix...
[DEBUG getNormalsOnSurface] Writing matrix to XYZ file...
[DEBUG getNormalsOnSurface] Reading XYZ file: fileForNormalEst_Sampled.xyz
[DEBUG getNormalsOnSurface] XYZ file read successfully. Points loaded: 6381
[ADAPTIVE CGAL] Using 6 neighbors for 6381 points (density-aware)
[DEBUG getNormalsOnSurface] PCA normal estimation complete.
[DEBUG getNormalsOnSurface] Orienting normals with MST...
[DEBUG getNormalsOnSurface] MST orientation complete.
[DEBUG getNormalsOnSurface] Erased unoriented points. Remaining: 6381
[DEBUG getNormalsOnSurface] Computing curvature for 6381 points...
[ADAPTIVE CURVATURE] Using K=21 for 6381 points
[DEBUG getNormalsOnSurface] Curvature computation complete.
[DEBUG getNormalsOnSurface] Saving PLY in ASCII mode...
[DEBUG downsamplePointCloud] Saving PLY in ASCII mode to avoid camera data issues...
Starting processing on: Dataset/Point/Pot_A/Pot_A_Piece_11_Point.pcd
Starting surface segmentation on: Temp/Data/Pot_A/Pot_A_Piece_11_SampledWithNormals.ply
[DEBUG] Loading PLY file: Temp/Data/Pot_A/Pot_A_Piece_11_SampledWithNormals.ply
[DEBUG] PLY file loaded successfully. Points: 6381
[DEBUG] Converting PointNormal to PointXYZ...
[DEBUG] Conversion complete. Cloud size: 6381
[DEBUG] Calling getNormalsOnSurface...
[DEBUG] Input cloud size: 6381
[DEBUG getNormalsOnSurface] Starting function. Input points: 6381
[DEBUG getNormalsOnSurface] Creating Eigen matrix...
[DEBUG getNormalsOnSurface] Writing matrix to XYZ file...
[DEBUG getNormalsOnSurface] Reading XYZ file: fileForNormalEst_Sampled.xyz
[DEBUG getNormalsOnSurface] XYZ file read successfully. Points loaded: 6381
[ADAPTIVE CGAL] Using 6 neighbors for 6381 points (density-aware)
[DEBUG getNormalsOnSurface] PCA normal estimation complete.
[DEBUG getNormalsOnSurface] Orienting normals with MST...
[DEBUG getNormalsOnSurface] MST orientation complete.
[DEBUG getNormalsOnSurface] Erased unoriented points. Remaining: 6381
[DEBUG getNormalsOnSurface] Computing curvature for 6381 points...
[ADAPTIVE CURVATURE] Using K=21 for 6381 points
[DEBUG getNormalsOnSurface] Curvature computation complete.
[DEBUG getNormalsOnSurface] Saving PLY in ASCII mode...
[DEBUG] getNormalsOnSurface completed successfully. Result points: 6381
[DEBUG] Extracting normals from sampled cloud...

Total points: 6381
Number of clusters is equal to 3
Points in 
Cluster 1 : 1791
Cluster 2 : 1546
Cluster 3 : 80
Points in two clusters / Total Points in Pointcloud: 52.3%
Points in two clusters / Total Points in all clusters: 97.66%
Calling mergeClusters function.
mergeClusters function called.
Sampled indices: 681 1455 244 126 313 442 1199 1045 1074 1716 130 731 509 562 1234 793 315 159 167 1463 1763 1544 540 845 751 449 1253 413 1237 635 
Normals flipped: true
  loading cloudForSpline.pcd
  1791 points in data set
  surface fitting ...
  loading cloudForSpline.pcd
  1546 points in data set
  surface fitting ...
[DEBUG] Saving surface cluster PLY files in ASCII mode...
[ADAPTIVE CLUSTER 1] N=2964, min=10, max=8892
PointCloud representing the Cluster: 2964 data points.
[ADAPTIVE BOUNDARY] Cluster 0 has 2964 points, spacing≈18.37mm, boundary_r=15mm
Successfully found 3 clusters after 1 iterations.
Ply to XYZ start

Time after processing: 1.059 seconds
Copied Point file: Pot_A_Piece_12_Point.pcd
Copied Mesh file: Pot_A_Piece_12_Mesh.obj

Selected file: Dataset/Point/Pot_A/Pot_A_Piece_12_Point.pcd
[DEBUG getNormalsOnSurface] Starting function. Input points: 8068
[DEBUG getNormalsOnSurface] Creating Eigen matrix...
[DEBUG getNormalsOnSurface] Writing matrix to XYZ file...
[DEBUG getNormalsOnSurface] Reading XYZ file: fileForNormalEst_Sampled.xyz
[DEBUG getNormalsOnSurface] XYZ file read successfully. Points loaded: 8068
[ADAPTIVE CGAL] Using 8 neighbors for 8068 points (density-aware)
[DEBUG getNormalsOnSurface] PCA normal estimation complete.
[DEBUG getNormalsOnSurface] Orienting normals with MST...
[DEBUG getNormalsOnSurface] MST orientation complete.
[DEBUG getNormalsOnSurface] Erased unoriented points. Remaining: 8068
[DEBUG getNormalsOnSurface] Computing curvature for 8068 points...
[ADAPTIVE CURVATURE] Using K=26 for 8068 points
[DEBUG getNormalsOnSurface] Curvature computation complete.
[DEBUG getNormalsOnSurface] Saving PLY in ASCII mode...
[DEBUG downsamplePointCloud] Saving PLY in ASCII mode to avoid camera data issues...
Starting processing on: Dataset/Point/Pot_A/Pot_A_Piece_12_Point.pcd
Starting surface segmentation on: Temp/Data/Pot_A/Pot_A_Piece_12_SampledWithNormals.ply
[DEBUG] Loading PLY file: Temp/Data/Pot_A/Pot_A_Piece_12_SampledWithNormals.ply
[DEBUG] PLY file loaded successfully. Points: 8068
[DEBUG] Converting PointNormal to PointXYZ...
[DEBUG] Conversion complete. Cloud size: 8068
[DEBUG] Calling getNormalsOnSurface...
[DEBUG] Input cloud size: 8068
[DEBUG getNormalsOnSurface] Starting function. Input points: 8068
[DEBUG getNormalsOnSurface] Creating Eigen matrix...
[DEBUG getNormalsOnSurface] Writing matrix to XYZ file...
[DEBUG getNormalsOnSurface] Reading XYZ file: fileForNormalEst_Sampled.xyz
[DEBUG getNormalsOnSurface] XYZ file read successfully. Points loaded: 8068
[ADAPTIVE CGAL] Using 8 neighbors for 8068 points (density-aware)
[DEBUG getNormalsOnSurface] PCA normal estimation complete.
[DEBUG getNormalsOnSurface] Orienting normals with MST...
[DEBUG getNormalsOnSurface] MST orientation complete.
[DEBUG getNormalsOnSurface] Erased unoriented points. Remaining: 8068
[DEBUG getNormalsOnSurface] Computing curvature for 8068 points...
[ADAPTIVE CURVATURE] Using K=26 for 8068 points
[DEBUG getNormalsOnSurface] Curvature computation complete.
[DEBUG getNormalsOnSurface] Saving PLY in ASCII mode...
[DEBUG] getNormalsOnSurface completed successfully. Result points: 8068
[DEBUG] Extracting normals from sampled cloud...

Total points: 8068
Number of clusters is equal to 4
Points in 
Cluster 1 : 2904
Cluster 2 : 2745
Cluster 3 : 53
Cluster 4 : 51
Points in two clusters / Total Points in Pointcloud: 70.02%
Points in two clusters / Total Points in all clusters: 98.19%
Calling mergeClusters function.
mergeClusters function called.
Sampled indices: 2740 2153 2337 1177 314 635 2885 71 1470 2529 2625 2893 2444 1772 2141 1075 1406 2025 2115 1841 100 2878 1830 1492 2867 2078 1159 1997 553 434 
Normals flipped: true
  loading cloudForSpline.pcd
  2904 points in data set
  surface fitting ...
  loading cloudForSpline.pcd
  2745 points in data set
  surface fitting ...
[DEBUG] Saving surface cluster PLY files in ASCII mode...
[ADAPTIVE CLUSTER 1] N=2315, min=10, max=6945
PointCloud representing the Cluster: 2315 data points.
[ADAPTIVE BOUNDARY] Cluster 0 has 2315 points, spacing≈20.78mm, boundary_r=15mm
Successfully found 4 clusters after 1 iterations.
Ply to XYZ start

Time after processing: 0.9479 seconds
Copied Point file: Pot_A_Piece_13_Point.pcd
Copied Mesh file: Pot_A_Piece_13_Mesh.obj

Selected file: Dataset/Point/Pot_A/Pot_A_Piece_13_Point.pcd
[DEBUG getNormalsOnSurface] Starting function. Input points: 11216
[DEBUG getNormalsOnSurface] Creating Eigen matrix...
[DEBUG getNormalsOnSurface] Writing matrix to XYZ file...
[DEBUG getNormalsOnSurface] Reading XYZ file: fileForNormalEst_Sampled.xyz
[DEBUG getNormalsOnSurface] XYZ file read successfully. Points loaded: 11216
[ADAPTIVE CGAL] Using 11 neighbors for 11216 points (density-aware)
[DEBUG getNormalsOnSurface] PCA normal estimation complete.
[DEBUG getNormalsOnSurface] Orienting normals with MST...
[DEBUG getNormalsOnSurface] MST orientation complete.
[DEBUG getNormalsOnSurface] Erased unoriented points. Remaining: 11216
[DEBUG getNormalsOnSurface] Computing curvature for 11216 points...
[ADAPTIVE CURVATURE] Using K=37 for 11216 points
[DEBUG getNormalsOnSurface] Curvature computation complete.
[DEBUG getNormalsOnSurface] Saving PLY in ASCII mode...
[DEBUG downsamplePointCloud] Saving PLY in ASCII mode to avoid camera data issues...
Starting processing on: Dataset/Point/Pot_A/Pot_A_Piece_13_Point.pcd
Starting surface segmentation on: Temp/Data/Pot_A/Pot_A_Piece_13_SampledWithNormals.ply
[DEBUG] Loading PLY file: Temp/Data/Pot_A/Pot_A_Piece_13_SampledWithNormals.ply
[DEBUG] PLY file loaded successfully. Points: 11216
[DEBUG] Converting PointNormal to PointXYZ...
[DEBUG] Conversion complete. Cloud size: 11216
[DEBUG] Calling getNormalsOnSurface...
[DEBUG] Input cloud size: 11216
[DEBUG getNormalsOnSurface] Starting function. Input points: 11216
[DEBUG getNormalsOnSurface] Creating Eigen matrix...
[DEBUG getNormalsOnSurface] Writing matrix to XYZ file...
[DEBUG getNormalsOnSurface] Reading XYZ file: fileForNormalEst_Sampled.xyz
[DEBUG getNormalsOnSurface] XYZ file read successfully. Points loaded: 11216
[ADAPTIVE CGAL] Using 11 neighbors for 11216 points (density-aware)
[DEBUG getNormalsOnSurface] PCA normal estimation complete.
[DEBUG getNormalsOnSurface] Orienting normals with MST...
[DEBUG getNormalsOnSurface] MST orientation complete.
[DEBUG getNormalsOnSurface] Erased unoriented points. Remaining: 11216
[DEBUG getNormalsOnSurface] Computing curvature for 11216 points...
[ADAPTIVE CURVATURE] Using K=37 for 11216 points
[DEBUG getNormalsOnSurface] Curvature computation complete.
[DEBUG getNormalsOnSurface] Saving PLY in ASCII mode...
[DEBUG] getNormalsOnSurface completed successfully. Result points: 11216
[DEBUG] Extracting normals from sampled cloud...

Total points: 11216
Number of clusters is equal to 6
Points in 
Cluster 1 : 4273
Cluster 2 : 4163
Cluster 3 : 88
Cluster 4 : 60
Cluster 5 : 60
Cluster 6 : 50
Points in two clusters / Total Points in Pointcloud: 75.21%
Points in two clusters / Total Points in all clusters: 97.03%
Calling mergeClusters function.
mergeClusters function called.
Sampled indices: 3233 2460 337 2634 3334 3472 431 4039 212 4106 2964 229 1450 1874 1382 1695 620 2495 1330 1165 1407 1705 247 4086 114 3181 1226 884 3847 532 
Normals flipped: true
  loading cloudForSpline.pcd
  4273 points in data set
  surface fitting ...
  loading cloudForSpline.pcd
  4163 points in data set
  surface fitting ...
[DEBUG] Saving surface cluster PLY files in ASCII mode...
[ADAPTIVE CLUSTER 1] N=2522, min=10, max=7566
PointCloud representing the Cluster: 2522 data points.
[ADAPTIVE BOUNDARY] Cluster 0 has 2522 points, spacing≈19.91mm, boundary_r=15mm
Successfully found 6 clusters after 1 iterations.
Ply to XYZ start

Time after processing: 1.257 seconds
Copied Point file: Pot_A_Piece_14_Point.pcd
Copied Mesh file: Pot_A_Piece_14_Mesh.obj

Selected file: Dataset/Point/Pot_A/Pot_A_Piece_14_Point.pcd
[DEBUG getNormalsOnSurface] Starting function. Input points: 1615
[DEBUG getNormalsOnSurface] Creating Eigen matrix...
[DEBUG getNormalsOnSurface] Writing matrix to XYZ file...
[DEBUG getNormalsOnSurface] Reading XYZ file: fileForNormalEst_Sampled.xyz
[DEBUG getNormalsOnSurface] XYZ file read successfully. Points loaded: 1615
[ADAPTIVE CGAL] Using 5 neighbors for 1615 points (density-aware)
[DEBUG getNormalsOnSurface] PCA normal estimation complete.
[DEBUG getNormalsOnSurface] Orienting normals with MST...
[DEBUG getNormalsOnSurface] MST orientation complete.
[DEBUG getNormalsOnSurface] Erased unoriented points. Remaining: 1615
[DEBUG getNormalsOnSurface] Computing curvature for 1615 points...
[ADAPTIVE CURVATURE] Using K=10 for 1615 points
[DEBUG getNormalsOnSurface] Curvature computation complete.
[DEBUG getNormalsOnSurface] Saving PLY in ASCII mode...
[DEBUG downsamplePointCloud] Saving PLY in ASCII mode to avoid camera data issues...
Starting processing on: Dataset/Point/Pot_A/Pot_A_Piece_14_Point.pcd
Starting surface segmentation on: Temp/Data/Pot_A/Pot_A_Piece_14_SampledWithNormals.ply
[DEBUG] Loading PLY file: Temp/Data/Pot_A/Pot_A_Piece_14_SampledWithNormals.ply
[DEBUG] PLY file loaded successfully. Points: 1615
[DEBUG] Converting PointNormal to PointXYZ...
[DEBUG] Conversion complete. Cloud size: 1615
[DEBUG] Calling getNormalsOnSurface...
[DEBUG] Input cloud size: 1615
[DEBUG getNormalsOnSurface] Starting function. Input points: 1615
[DEBUG getNormalsOnSurface] Creating Eigen matrix...
[DEBUG getNormalsOnSurface] Writing matrix to XYZ file...
[DEBUG getNormalsOnSurface] Reading XYZ file: fileForNormalEst_Sampled.xyz
[DEBUG getNormalsOnSurface] XYZ file read successfully. Points loaded: 1615
[ADAPTIVE CGAL] Using 5 neighbors for 1615 points (density-aware)
[DEBUG getNormalsOnSurface] PCA normal estimation complete.
[DEBUG getNormalsOnSurface] Orienting normals with MST...
[DEBUG getNormalsOnSurface] MST orientation complete.
[DEBUG getNormalsOnSurface] Erased unoriented points. Remaining: 1615
[DEBUG getNormalsOnSurface] Computing curvature for 1615 points...
[ADAPTIVE CURVATURE] Using K=10 for 1615 points
[DEBUG getNormalsOnSurface] Curvature computation complete.
[DEBUG getNormalsOnSurface] Saving PLY in ASCII mode...
[DEBUG] getNormalsOnSurface completed successfully. Result points: 1615
[DEBUG] Extracting normals from sampled cloud...

Total points: 1615
Number of clusters is equal to 2
Points in 
Cluster 1 : 326
Cluster 2 : 296
Points in two clusters / Total Points in Pointcloud: 38.51%
Points in two clusters / Total Points in all clusters: 100%
Calling mergeClusters function.
mergeClusters function called.
Sampled indices: 161 309 191 190 98 71 282 144 7 151 195 215 42 192 283 88 118 284 196 190 186 284 314 222 158 70 243 119 288 223 
Normals flipped: true
  loading cloudForSpline.pcd
  326 points in data set
  surface fitting ...
  loading cloudForSpline.pcd
  296 points in data set
  surface fitting ...
[DEBUG] Saving surface cluster PLY files in ASCII mode...
[ADAPTIVE CLUSTER 1] N=993, min=10, max=2979
PointCloud representing the Cluster: 993 data points.
[ADAPTIVE BOUNDARY] Cluster 0 has 993 points, spacing≈31.73mm, boundary_r=15mm
Successfully found 2 clusters after 1 iterations.
Ply to XYZ start

Time after processing: 0.3017 seconds
Copied Point file: Pot_A_Piece_15_Point.pcd
Copied Mesh file: Pot_A_Piece_15_Mesh.obj

Selected file: Dataset/Point/Pot_A/Pot_A_Piece_15_Point.pcd
[DEBUG getNormalsOnSurface] Starting function. Input points: 9568
[DEBUG getNormalsOnSurface] Creating Eigen matrix...
[DEBUG getNormalsOnSurface] Writing matrix to XYZ file...
[DEBUG getNormalsOnSurface] Reading XYZ file: fileForNormalEst_Sampled.xyz
[DEBUG getNormalsOnSurface] XYZ file read successfully. Points loaded: 9568
[ADAPTIVE CGAL] Using 9 neighbors for 9568 points (density-aware)
[DEBUG getNormalsOnSurface] PCA normal estimation complete.
[DEBUG getNormalsOnSurface] Orienting normals with MST...
[DEBUG getNormalsOnSurface] MST orientation complete.
[DEBUG getNormalsOnSurface] Erased unoriented points. Remaining: 9568
[DEBUG getNormalsOnSurface] Computing curvature for 9568 points...
[ADAPTIVE CURVATURE] Using K=31 for 9568 points
[DEBUG getNormalsOnSurface] Curvature computation complete.
[DEBUG getNormalsOnSurface] Saving PLY in ASCII mode...
[DEBUG downsamplePointCloud] Saving PLY in ASCII mode to avoid camera data issues...
Starting processing on: Dataset/Point/Pot_A/Pot_A_Piece_15_Point.pcd
Starting surface segmentation on: Temp/Data/Pot_A/Pot_A_Piece_15_SampledWithNormals.ply
[DEBUG] Loading PLY file: Temp/Data/Pot_A/Pot_A_Piece_15_SampledWithNormals.ply
[DEBUG] PLY file loaded successfully. Points: 9568
[DEBUG] Converting PointNormal to PointXYZ...
[DEBUG] Conversion complete. Cloud size: 9568
[DEBUG] Calling getNormalsOnSurface...
[DEBUG] Input cloud size: 9568
[DEBUG getNormalsOnSurface] Starting function. Input points: 9568
[DEBUG getNormalsOnSurface] Creating Eigen matrix...
[DEBUG getNormalsOnSurface] Writing matrix to XYZ file...
[DEBUG getNormalsOnSurface] Reading XYZ file: fileForNormalEst_Sampled.xyz
[DEBUG getNormalsOnSurface] XYZ file read successfully. Points loaded: 9568
[ADAPTIVE CGAL] Using 9 neighbors for 9568 points (density-aware)
[DEBUG getNormalsOnSurface] PCA normal estimation complete.
[DEBUG getNormalsOnSurface] Orienting normals with MST...
[DEBUG getNormalsOnSurface] MST orientation complete.
[DEBUG getNormalsOnSurface] Erased unoriented points. Remaining: 9568
[DEBUG getNormalsOnSurface] Computing curvature for 9568 points...
[ADAPTIVE CURVATURE] Using K=31 for 9568 points
[DEBUG getNormalsOnSurface] Curvature computation complete.
[DEBUG getNormalsOnSurface] Saving PLY in ASCII mode...
[DEBUG] getNormalsOnSurface completed successfully. Result points: 9568
[DEBUG] Extracting normals from sampled cloud...

Total points: 9568
Number of clusters is equal to 5
Points in 
Cluster 1 : 3743
Cluster 2 : 3068
Cluster 3 : 158
Cluster 4 : 57
Cluster 5 : 50
Points in two clusters / Total Points in Pointcloud: 71.19%
Points in two clusters / Total Points in all clusters: 96.25%
Calling mergeClusters function.
mergeClusters function called.
Sampled indices: 3202 522 2552 52 2371 27 813 3516 2737 2838 3167 3455 458 552 3304 1408 1676 3090 1889 1734 3255 2387 1819 2159 3696 606 960 3661 3122 2166 
Normals flipped: true
  loading cloudForSpline.pcd
  3743 points in data set
  surface fitting ...
  loading cloudForSpline.pcd
  3068 points in data set
  surface fitting ...
[DEBUG] Saving surface cluster PLY files in ASCII mode...
[ADAPTIVE CLUSTER 1] N=2492, min=10, max=7476
PointCloud representing the Cluster: 2492 data points.
[ADAPTIVE BOUNDARY] Cluster 0 has 2492 points, spacing≈20.03mm, boundary_r=15mm
Successfully found 5 clusters after 1 iterations.
Ply to XYZ start

Time after processing: 1.078 seconds
Copied Point file: Pot_A_Piece_16_Point.pcd
Copied Mesh file: Pot_A_Piece_16_Mesh.obj

Selected file: Dataset/Point/Pot_A/Pot_A_Piece_16_Point.pcd
[DEBUG getNormalsOnSurface] Starting function. Input points: 4713
[DEBUG getNormalsOnSurface] Creating Eigen matrix...
[DEBUG getNormalsOnSurface] Writing matrix to XYZ file...
[DEBUG getNormalsOnSurface] Reading XYZ file: fileForNormalEst_Sampled.xyz
[DEBUG getNormalsOnSurface] XYZ file read successfully. Points loaded: 4713
[ADAPTIVE CGAL] Using 5 neighbors for 4713 points (density-aware)
[DEBUG getNormalsOnSurface] PCA normal estimation complete.
[DEBUG getNormalsOnSurface] Orienting normals with MST...
[DEBUG getNormalsOnSurface] MST orientation complete.
[DEBUG getNormalsOnSurface] Erased unoriented points. Remaining: 4712
[DEBUG getNormalsOnSurface] Computing curvature for 4712 points...
[ADAPTIVE CURVATURE] Using K=15 for 4712 points
[DEBUG getNormalsOnSurface] Curvature computation complete.
[DEBUG getNormalsOnSurface] Saving PLY in ASCII mode...
[DEBUG downsamplePointCloud] Saving PLY in ASCII mode to avoid camera data issues...
Starting processing on: Dataset/Point/Pot_A/Pot_A_Piece_16_Point.pcd
Starting surface segmentation on: Temp/Data/Pot_A/Pot_A_Piece_16_SampledWithNormals.ply
[DEBUG] Loading PLY file: Temp/Data/Pot_A/Pot_A_Piece_16_SampledWithNormals.ply
[DEBUG] PLY file loaded successfully. Points: 4712
[DEBUG] Converting PointNormal to PointXYZ...
[DEBUG] Conversion complete. Cloud size: 4712
[DEBUG] Calling getNormalsOnSurface...
[DEBUG] Input cloud size: 4712
[DEBUG getNormalsOnSurface] Starting function. Input points: 4712
[DEBUG getNormalsOnSurface] Creating Eigen matrix...
[DEBUG getNormalsOnSurface] Writing matrix to XYZ file...
[DEBUG getNormalsOnSurface] Reading XYZ file: fileForNormalEst_Sampled.xyz
[DEBUG getNormalsOnSurface] XYZ file read successfully. Points loaded: 4712
[ADAPTIVE CGAL] Using 5 neighbors for 4712 points (density-aware)
[DEBUG getNormalsOnSurface] PCA normal estimation complete.
[DEBUG getNormalsOnSurface] Orienting normals with MST...
[DEBUG getNormalsOnSurface] MST orientation complete.
[DEBUG getNormalsOnSurface] Erased unoriented points. Remaining: 4712
[DEBUG getNormalsOnSurface] Computing curvature for 4712 points...
[ADAPTIVE CURVATURE] Using K=15 for 4712 points
[DEBUG getNormalsOnSurface] Curvature computation complete.
[DEBUG getNormalsOnSurface] Saving PLY in ASCII mode...
[DEBUG] getNormalsOnSurface completed successfully. Result points: 4712
[DEBUG] Extracting normals from sampled cloud...

Total points: 4712
Number of clusters is equal to 2
Points in 
Cluster 1 : 1358
Cluster 2 : 1228
Points in two clusters / Total Points in Pointcloud: 54.88%
Points in two clusters / Total Points in all clusters: 100%
Calling mergeClusters function.
mergeClusters function called.
Sampled indices: 1330 1185 764 1268 106 197 1087 722 1169 304 1033 707 1017 256 658 243 1001 1229 411 381 1237 185 568 50 356 101 286 1243 461 666 
Normals flipped: true
  loading cloudForSpline.pcd
  1358 points in data set
  surface fitting ...
  loading cloudForSpline.pcd
  1228 points in data set
  surface fitting ...
[DEBUG] Saving surface cluster PLY files in ASCII mode...
[ADAPTIVE CLUSTER 1] N=2126, min=10, max=6378
PointCloud representing the Cluster: 2126 data points.
[ADAPTIVE BOUNDARY] Cluster 0 has 2126 points, spacing≈21.69mm, boundary_r=15mm
Successfully found 2 clusters after 1 iterations.
Ply to XYZ start

Time after processing: 0.6687 seconds
Copied Point file: Pot_A_Piece_17_Point.pcd
Copied Mesh file: Pot_A_Piece_17_Mesh.obj

Selected file: Dataset/Point/Pot_A/Pot_A_Piece_17_Point.pcd
[DEBUG getNormalsOnSurface] Starting function. Input points: 6431
[DEBUG getNormalsOnSurface] Creating Eigen matrix...
[DEBUG getNormalsOnSurface] Writing matrix to XYZ file...
[DEBUG getNormalsOnSurface] Reading XYZ file: fileForNormalEst_Sampled.xyz
[DEBUG getNormalsOnSurface] XYZ file read successfully. Points loaded: 6431
[ADAPTIVE CGAL] Using 6 neighbors for 6431 points (density-aware)
[DEBUG getNormalsOnSurface] PCA normal estimation complete.
[DEBUG getNormalsOnSurface] Orienting normals with MST...
[DEBUG getNormalsOnSurface] MST orientation complete.
[DEBUG getNormalsOnSurface] Erased unoriented points. Remaining: 6431
[DEBUG getNormalsOnSurface] Computing curvature for 6431 points...
[ADAPTIVE CURVATURE] Using K=21 for 6431 points
[DEBUG getNormalsOnSurface] Curvature computation complete.
[DEBUG getNormalsOnSurface] Saving PLY in ASCII mode...
[DEBUG downsamplePointCloud] Saving PLY in ASCII mode to avoid camera data issues...
Starting processing on: Dataset/Point/Pot_A/Pot_A_Piece_17_Point.pcd
Starting surface segmentation on: Temp/Data/Pot_A/Pot_A_Piece_17_SampledWithNormals.ply
[DEBUG] Loading PLY file: Temp/Data/Pot_A/Pot_A_Piece_17_SampledWithNormals.ply
[DEBUG] PLY file loaded successfully. Points: 6431
[DEBUG] Converting PointNormal to PointXYZ...
[DEBUG] Conversion complete. Cloud size: 6431
[DEBUG] Calling getNormalsOnSurface...
[DEBUG] Input cloud size: 6431
[DEBUG getNormalsOnSurface] Starting function. Input points: 6431
[DEBUG getNormalsOnSurface] Creating Eigen matrix...
[DEBUG getNormalsOnSurface] Writing matrix to XYZ file...
[DEBUG getNormalsOnSurface] Reading XYZ file: fileForNormalEst_Sampled.xyz
[DEBUG getNormalsOnSurface] XYZ file read successfully. Points loaded: 6431
[ADAPTIVE CGAL] Using 6 neighbors for 6431 points (density-aware)
[DEBUG getNormalsOnSurface] PCA normal estimation complete.
[DEBUG getNormalsOnSurface] Orienting normals with MST...
[DEBUG getNormalsOnSurface] MST orientation complete.
[DEBUG getNormalsOnSurface] Erased unoriented points. Remaining: 6431
[DEBUG getNormalsOnSurface] Computing curvature for 6431 points...
[ADAPTIVE CURVATURE] Using K=21 for 6431 points
[DEBUG getNormalsOnSurface] Curvature computation complete.
[DEBUG getNormalsOnSurface] Saving PLY in ASCII mode...
[DEBUG] getNormalsOnSurface completed successfully. Result points: 6431
[DEBUG] Extracting normals from sampled cloud...

Total points: 6431
Number of clusters is equal to 2
Points in 
Cluster 1 : 2289
Cluster 2 : 2152
Points in two clusters / Total Points in Pointcloud: 69.06%
Points in two clusters / Total Points in all clusters: 100%
Calling mergeClusters function.
mergeClusters function called.
Sampled indices: 623 2115 559 852 307 360 1395 1176 608 2079 64 68 2216 494 635 2036 1119 238 1096 2019 869 1674 2118 421 2169 1371 294 1169 527 1746 
Normals flipped: true
  loading cloudForSpline.pcd
  2289 points in data set
  surface fitting ...
  loading cloudForSpline.pcd
  2152 points in data set
  surface fitting ...
[DEBUG] Saving surface cluster PLY files in ASCII mode...
[ADAPTIVE CLUSTER 1] N=1990, min=10, max=5970
PointCloud representing the Cluster: 1990 data points.
[ADAPTIVE BOUNDARY] Cluster 0 has 1990 points, spacing≈22.42mm, boundary_r=15mm
Successfully found 2 clusters after 1 iterations.
Ply to XYZ start

Time after processing: 0.7322 seconds
Copied Point file: Pot_A_Piece_18_Point.pcd
Copied Mesh file: Pot_A_Piece_18_Mesh.obj

Selected file: Dataset/Point/Pot_A/Pot_A_Piece_18_Point.pcd
[DEBUG getNormalsOnSurface] Starting function. Input points: 11830
[DEBUG getNormalsOnSurface] Creating Eigen matrix...
[DEBUG getNormalsOnSurface] Writing matrix to XYZ file...
[DEBUG getNormalsOnSurface] Reading XYZ file: fileForNormalEst_Sampled.xyz
[DEBUG getNormalsOnSurface] XYZ file read successfully. Points loaded: 11830
[ADAPTIVE CGAL] Using 11 neighbors for 11830 points (density-aware)
[DEBUG getNormalsOnSurface] PCA normal estimation complete.
[DEBUG getNormalsOnSurface] Orienting normals with MST...
[DEBUG getNormalsOnSurface] MST orientation complete.
[DEBUG getNormalsOnSurface] Erased unoriented points. Remaining: 11830
[DEBUG getNormalsOnSurface] Computing curvature for 11830 points...
[ADAPTIVE CURVATURE] Using K=39 for 11830 points
[DEBUG getNormalsOnSurface] Curvature computation complete.
[DEBUG getNormalsOnSurface] Saving PLY in ASCII mode...
[DEBUG downsamplePointCloud] Saving PLY in ASCII mode to avoid camera data issues...
Starting processing on: Dataset/Point/Pot_A/Pot_A_Piece_18_Point.pcd
Starting surface segmentation on: Temp/Data/Pot_A/Pot_A_Piece_18_SampledWithNormals.ply
[DEBUG] Loading PLY file: Temp/Data/Pot_A/Pot_A_Piece_18_SampledWithNormals.ply
[DEBUG] PLY file loaded successfully. Points: 11830
[DEBUG] Converting PointNormal to PointXYZ...
[DEBUG] Conversion complete. Cloud size: 11830
[DEBUG] Calling getNormalsOnSurface...
[DEBUG] Input cloud size: 11830
[DEBUG getNormalsOnSurface] Starting function. Input points: 11830
[DEBUG getNormalsOnSurface] Creating Eigen matrix...
[DEBUG getNormalsOnSurface] Writing matrix to XYZ file...
[DEBUG getNormalsOnSurface] Reading XYZ file: fileForNormalEst_Sampled.xyz
[DEBUG getNormalsOnSurface] XYZ file read successfully. Points loaded: 11830
[ADAPTIVE CGAL] Using 11 neighbors for 11830 points (density-aware)
[DEBUG getNormalsOnSurface] PCA normal estimation complete.
[DEBUG getNormalsOnSurface] Orienting normals with MST...
[DEBUG getNormalsOnSurface] MST orientation complete.
[DEBUG getNormalsOnSurface] Erased unoriented points. Remaining: 11830
[DEBUG getNormalsOnSurface] Computing curvature for 11830 points...
[ADAPTIVE CURVATURE] Using K=39 for 11830 points
[DEBUG getNormalsOnSurface] Curvature computation complete.
[DEBUG getNormalsOnSurface] Saving PLY in ASCII mode...
[DEBUG] getNormalsOnSurface completed successfully. Result points: 11830
[DEBUG] Extracting normals from sampled cloud...

Total points: 11830
Number of clusters is equal to 3
Points in 
Cluster 1 : 4043
Cluster 2 : 3215
Cluster 3 : 1934
Points in two clusters / Total Points in Pointcloud: 61.35%
Points in two clusters / Total Points in all clusters: 78.96%
Calling mergeClusters function.
mergeClusters function called.
Sampled indices: 2631 3194 2863 1256 1212 3579 2780 2061 2734 3908 672 1477 3385 156 2506 2682 12 3675 2234 2916 3717 34 2193 761 3055 3337 2975 588 3635 1806 
Normals flipped: true
  loading cloudForSpline.pcd
  4043 points in data set
  surface fitting ...
  loading cloudForSpline.pcd
  3215 points in data set
  surface fitting ...
[DEBUG] Saving surface cluster PLY files in ASCII mode...
[ADAPTIVE CLUSTER 1] N=2638, min=10, max=7914
PointCloud representing the Cluster: 2638 data points.
[ADAPTIVE BOUNDARY] Cluster 0 has 2638 points, spacing≈19.47mm, boundary_r=15mm
Successfully found 3 clusters after 1 iterations.
Ply to XYZ start

Time after processing: 1.383 seconds
Copied Point file: Pot_A_Piece_19_Point.pcd
Copied Mesh file: Pot_A_Piece_19_Mesh.obj

Selected file: Dataset/Point/Pot_A/Pot_A_Piece_19_Point.pcd
[DEBUG getNormalsOnSurface] Starting function. Input points: 8429
[DEBUG getNormalsOnSurface] Creating Eigen matrix...
[DEBUG getNormalsOnSurface] Writing matrix to XYZ file...
[DEBUG getNormalsOnSurface] Reading XYZ file: fileForNormalEst_Sampled.xyz
[DEBUG getNormalsOnSurface] XYZ file read successfully. Points loaded: 8429
[ADAPTIVE CGAL] Using 8 neighbors for 8429 points (density-aware)
[DEBUG getNormalsOnSurface] PCA normal estimation complete.
[DEBUG getNormalsOnSurface] Orienting normals with MST...
[DEBUG getNormalsOnSurface] MST orientation complete.
[DEBUG getNormalsOnSurface] Erased unoriented points. Remaining: 8429
[DEBUG getNormalsOnSurface] Computing curvature for 8429 points...
[ADAPTIVE CURVATURE] Using K=28 for 8429 points
[DEBUG getNormalsOnSurface] Curvature computation complete.
[DEBUG getNormalsOnSurface] Saving PLY in ASCII mode...
[DEBUG downsamplePointCloud] Saving PLY in ASCII mode to avoid camera data issues...
Starting processing on: Dataset/Point/Pot_A/Pot_A_Piece_19_Point.pcd
Starting surface segmentation on: Temp/Data/Pot_A/Pot_A_Piece_19_SampledWithNormals.ply
[DEBUG] Loading PLY file: Temp/Data/Pot_A/Pot_A_Piece_19_SampledWithNormals.ply
[DEBUG] PLY file loaded successfully. Points: 8429
[DEBUG] Converting PointNormal to PointXYZ...
[DEBUG] Conversion complete. Cloud size: 8429
[DEBUG] Calling getNormalsOnSurface...
[DEBUG] Input cloud size: 8429
[DEBUG getNormalsOnSurface] Starting function. Input points: 8429
[DEBUG getNormalsOnSurface] Creating Eigen matrix...
[DEBUG getNormalsOnSurface] Writing matrix to XYZ file...
[DEBUG getNormalsOnSurface] Reading XYZ file: fileForNormalEst_Sampled.xyz
[DEBUG getNormalsOnSurface] XYZ file read successfully. Points loaded: 8429
[ADAPTIVE CGAL] Using 8 neighbors for 8429 points (density-aware)
[DEBUG getNormalsOnSurface] PCA normal estimation complete.
[DEBUG getNormalsOnSurface] Orienting normals with MST...
[DEBUG getNormalsOnSurface] MST orientation complete.
[DEBUG getNormalsOnSurface] Erased unoriented points. Remaining: 8429
[DEBUG getNormalsOnSurface] Computing curvature for 8429 points...
[ADAPTIVE CURVATURE] Using K=28 for 8429 points
[DEBUG getNormalsOnSurface] Curvature computation complete.
[DEBUG getNormalsOnSurface] Saving PLY in ASCII mode...
[DEBUG] getNormalsOnSurface completed successfully. Result points: 8429
[DEBUG] Extracting normals from sampled cloud...

Total points: 8429
Number of clusters is equal to 2
Points in 
Cluster 1 : 3002
Cluster 2 : 2912
Points in two clusters / Total Points in Pointcloud: 70.16%
Points in two clusters / Total Points in all clusters: 100%
Calling mergeClusters function.
mergeClusters function called.
Sampled indices: 2636 1940 1855 934 482 937 701 2514 733 120 2987 408 673 2368 1631 390 1349 2021 2561 331 271 1641 1114 2134 1246 2177 613 1760 875 1629 
Normals flipped: true
  loading cloudForSpline.pcd
  3002 points in data set
  surface fitting ...
  loading cloudForSpline.pcd
  2912 points in data set
  surface fitting ...
[DEBUG] Saving surface cluster PLY files in ASCII mode...
[ADAPTIVE CLUSTER 1] N=2515, min=10, max=7545
PointCloud representing the Cluster: 2515 data points.
[ADAPTIVE BOUNDARY] Cluster 0 has 2515 points, spacing≈19.94mm, boundary_r=15mm
Successfully found 2 clusters after 1 iterations.
Ply to XYZ start

Time after processing: 1.057 seconds
Copied Point file: Pot_A_Piece_20_Point.pcd
Copied Mesh file: Pot_A_Piece_20_Mesh.obj

Selected file: Dataset/Point/Pot_A/Pot_A_Piece_20_Point.pcd
[DEBUG getNormalsOnSurface] Starting function. Input points: 8262
[DEBUG getNormalsOnSurface] Creating Eigen matrix...
[DEBUG getNormalsOnSurface] Writing matrix to XYZ file...
[DEBUG getNormalsOnSurface] Reading XYZ file: fileForNormalEst_Sampled.xyz
[DEBUG getNormalsOnSurface] XYZ file read successfully. Points loaded: 8262
[ADAPTIVE CGAL] Using 8 neighbors for 8262 points (density-aware)
[DEBUG getNormalsOnSurface] PCA normal estimation complete.
[DEBUG getNormalsOnSurface] Orienting normals with MST...
[DEBUG getNormalsOnSurface] MST orientation complete.
[DEBUG getNormalsOnSurface] Erased unoriented points. Remaining: 8262
[DEBUG getNormalsOnSurface] Computing curvature for 8262 points...
[ADAPTIVE CURVATURE] Using K=27 for 8262 points
[DEBUG getNormalsOnSurface] Curvature computation complete.
[DEBUG getNormalsOnSurface] Saving PLY in ASCII mode...
[DEBUG downsamplePointCloud] Saving PLY in ASCII mode to avoid camera data issues...
Starting processing on: Dataset/Point/Pot_A/Pot_A_Piece_20_Point.pcd
Starting surface segmentation on: Temp/Data/Pot_A/Pot_A_Piece_20_SampledWithNormals.ply
[DEBUG] Loading PLY file: Temp/Data/Pot_A/Pot_A_Piece_20_SampledWithNormals.ply
[DEBUG] PLY file loaded successfully. Points: 8262
[DEBUG] Converting PointNormal to PointXYZ...
[DEBUG] Conversion complete. Cloud size: 8262
[DEBUG] Calling getNormalsOnSurface...
[DEBUG] Input cloud size: 8262
[DEBUG getNormalsOnSurface] Starting function. Input points: 8262
[DEBUG getNormalsOnSurface] Creating Eigen matrix...
[DEBUG getNormalsOnSurface] Writing matrix to XYZ file...
[DEBUG getNormalsOnSurface] Reading XYZ file: fileForNormalEst_Sampled.xyz
[DEBUG getNormalsOnSurface] XYZ file read successfully. Points loaded: 8262
[ADAPTIVE CGAL] Using 8 neighbors for 8262 points (density-aware)
[DEBUG getNormalsOnSurface] PCA normal estimation complete.
[DEBUG getNormalsOnSurface] Orienting normals with MST...
[DEBUG getNormalsOnSurface] MST orientation complete.
[DEBUG getNormalsOnSurface] Erased unoriented points. Remaining: 8262
[DEBUG getNormalsOnSurface] Computing curvature for 8262 points...
[ADAPTIVE CURVATURE] Using K=27 for 8262 points
[DEBUG getNormalsOnSurface] Curvature computation complete.
[DEBUG getNormalsOnSurface] Saving PLY in ASCII mode...
[DEBUG] getNormalsOnSurface completed successfully. Result points: 8262
[DEBUG] Extracting normals from sampled cloud...

Total points: 8262
Number of clusters is equal to 3
Points in 
Cluster 1 : 2896
Cluster 2 : 2693
Cluster 3 : 53
Points in two clusters / Total Points in Pointcloud: 67.65%
Points in two clusters / Total Points in all clusters: 99.06%
Calling mergeClusters function.
mergeClusters function called.
Sampled indices: 1196 1451 737 680 1944 2315 1958 1387 372 554 1770 1818 2501 274 2062 537 1999 737 949 1445 1863 2624 946 2833 1554 1050 273 995 552 2813 
Normals flipped: true
  loading cloudForSpline.pcd
  2896 points in data set
  surface fitting ...
  loading cloudForSpline.pcd
  2693 points in data set
  surface fitting ...
[DEBUG] Saving surface cluster PLY files in ASCII mode...
[ADAPTIVE CLUSTER 1] N=2620, min=10, max=7860
PointCloud representing the Cluster: 2620 data points.
[ADAPTIVE BOUNDARY] Cluster 0 has 2620 points, spacing≈19.54mm, boundary_r=15mm
Successfully found 3 clusters after 1 iterations.
Ply to XYZ start

Time after processing: 1.09 seconds
Copied Point file: Pot_A_Piece_21_Point.pcd
Copied Mesh file: Pot_A_Piece_21_Mesh.obj

Selected file: Dataset/Point/Pot_A/Pot_A_Piece_21_Point.pcd
[DEBUG getNormalsOnSurface] Starting function. Input points: 1453
[DEBUG getNormalsOnSurface] Creating Eigen matrix...
[DEBUG getNormalsOnSurface] Writing matrix to XYZ file...
[DEBUG getNormalsOnSurface] Reading XYZ file: fileForNormalEst_Sampled.xyz
[DEBUG getNormalsOnSurface] XYZ file read successfully. Points loaded: 1453
[ADAPTIVE CGAL] Using 5 neighbors for 1453 points (density-aware)
[DEBUG getNormalsOnSurface] PCA normal estimation complete.
[DEBUG getNormalsOnSurface] Orienting normals with MST...
[DEBUG getNormalsOnSurface] MST orientation complete.
[DEBUG getNormalsOnSurface] Erased unoriented points. Remaining: 1453
[DEBUG getNormalsOnSurface] Computing curvature for 1453 points...
[ADAPTIVE CURVATURE] Using K=10 for 1453 points
[DEBUG getNormalsOnSurface] Curvature computation complete.
[DEBUG getNormalsOnSurface] Saving PLY in ASCII mode...
[DEBUG downsamplePointCloud] Saving PLY in ASCII mode to avoid camera data issues...
Starting processing on: Dataset/Point/Pot_A/Pot_A_Piece_21_Point.pcd
Starting surface segmentation on: Temp/Data/Pot_A/Pot_A_Piece_21_SampledWithNormals.ply
[DEBUG] Loading PLY file: Temp/Data/Pot_A/Pot_A_Piece_21_SampledWithNormals.ply
[DEBUG] PLY file loaded successfully. Points: 1453
[DEBUG] Converting PointNormal to PointXYZ...
[DEBUG] Conversion complete. Cloud size: 1453
[DEBUG] Calling getNormalsOnSurface...
[DEBUG] Input cloud size: 1453
[DEBUG getNormalsOnSurface] Starting function. Input points: 1453
[DEBUG getNormalsOnSurface] Creating Eigen matrix...
[DEBUG getNormalsOnSurface] Writing matrix to XYZ file...
[DEBUG getNormalsOnSurface] Reading XYZ file: fileForNormalEst_Sampled.xyz
[DEBUG getNormalsOnSurface] XYZ file read successfully. Points loaded: 1453
[ADAPTIVE CGAL] Using 5 neighbors for 1453 points (density-aware)
[DEBUG getNormalsOnSurface] PCA normal estimation complete.
[DEBUG getNormalsOnSurface] Orienting normals with MST...
[DEBUG getNormalsOnSurface] MST orientation complete.
[DEBUG getNormalsOnSurface] Erased unoriented points. Remaining: 1453
[DEBUG getNormalsOnSurface] Computing curvature for 1453 points...
[ADAPTIVE CURVATURE] Using K=10 for 1453 points
[DEBUG getNormalsOnSurface] Curvature computation complete.
[DEBUG getNormalsOnSurface] Saving PLY in ASCII mode...
[DEBUG] getNormalsOnSurface completed successfully. Result points: 1453
[DEBUG] Extracting normals from sampled cloud...

Total points: 1453
Number of clusters is equal to 3
Points in 
Cluster 1 : 313
Cluster 2 : 163
Cluster 3 : 84
Points in two clusters / Total Points in Pointcloud: 32.76%
Points in two clusters / Total Points in all clusters: 85%
Calling mergeClusters function.
mergeClusters function called.
Condition 1 (closest point pairs) passed for clusters 1 and 2
Condition 2 (normal vector similarity) passed for clusters 1 and 2
Condition 3 (boundary curvature similarity) passed for clusters 1 and 2
Verification failed (innerPoint selection) for clusters 1 and 2
Sampled indices: 190 271 24 214 250 0 182 18 52 284 96 47 82 18 96 171 225 4 62 35 154 262 177 210 265 291 203 183 195 10 
Normals flipped: true
  loading cloudForSpline.pcd
  313 points in data set
  surface fitting ...
  loading cloudForSpline.pcd
  163 points in data set
  surface fitting ...
[DEBUG] Saving surface cluster PLY files in ASCII mode...
[ADAPTIVE CLUSTER 1] N=893, min=10, max=2679
PointCloud representing the Cluster: 893 data points.
[ADAPTIVE BOUNDARY] Cluster 0 has 893 points, spacing≈33.46mm, boundary_r=15mm
Successfully found 3 clusters after 1 iterations.
Ply to XYZ start

Time after processing: 0.2992 seconds
Copied Point file: Pot_A_Piece_22_Point.pcd
Copied Mesh file: Pot_A_Piece_22_Mesh.obj

Selected file: Dataset/Point/Pot_A/Pot_A_Piece_22_Point.pcd
[DEBUG getNormalsOnSurface] Starting function. Input points: 6441
[DEBUG getNormalsOnSurface] Creating Eigen matrix...
[DEBUG getNormalsOnSurface] Writing matrix to XYZ file...
[DEBUG getNormalsOnSurface] Reading XYZ file: fileForNormalEst_Sampled.xyz
[DEBUG getNormalsOnSurface] XYZ file read successfully. Points loaded: 6441
[ADAPTIVE CGAL] Using 6 neighbors for 6441 points (density-aware)
[DEBUG getNormalsOnSurface] PCA normal estimation complete.
[DEBUG getNormalsOnSurface] Orienting normals with MST...
[DEBUG getNormalsOnSurface] MST orientation complete.
[DEBUG getNormalsOnSurface] Erased unoriented points. Remaining: 6441
[DEBUG getNormalsOnSurface] Computing curvature for 6441 points...
[ADAPTIVE CURVATURE] Using K=21 for 6441 points
[DEBUG getNormalsOnSurface] Curvature computation complete.
[DEBUG getNormalsOnSurface] Saving PLY in ASCII mode...
[DEBUG downsamplePointCloud] Saving PLY in ASCII mode to avoid camera data issues...
Starting processing on: Dataset/Point/Pot_A/Pot_A_Piece_22_Point.pcd
Starting surface segmentation on: Temp/Data/Pot_A/Pot_A_Piece_22_SampledWithNormals.ply
[DEBUG] Loading PLY file: Temp/Data/Pot_A/Pot_A_Piece_22_SampledWithNormals.ply
[DEBUG] PLY file loaded successfully. Points: 6441
[DEBUG] Converting PointNormal to PointXYZ...
[DEBUG] Conversion complete. Cloud size: 6441
[DEBUG] Calling getNormalsOnSurface...
[DEBUG] Input cloud size: 6441
[DEBUG getNormalsOnSurface] Starting function. Input points: 6441
[DEBUG getNormalsOnSurface] Creating Eigen matrix...
[DEBUG getNormalsOnSurface] Writing matrix to XYZ file...
[DEBUG getNormalsOnSurface] Reading XYZ file: fileForNormalEst_Sampled.xyz
[DEBUG getNormalsOnSurface] XYZ file read successfully. Points loaded: 6441
[ADAPTIVE CGAL] Using 6 neighbors for 6441 points (density-aware)
[DEBUG getNormalsOnSurface] PCA normal estimation complete.
[DEBUG getNormalsOnSurface] Orienting normals with MST...
[DEBUG getNormalsOnSurface] MST orientation complete.
[DEBUG getNormalsOnSurface] Erased unoriented points. Remaining: 6441
[DEBUG getNormalsOnSurface] Computing curvature for 6441 points...
[ADAPTIVE CURVATURE] Using K=21 for 6441 points
[DEBUG getNormalsOnSurface] Curvature computation complete.
[DEBUG getNormalsOnSurface] Saving PLY in ASCII mode...
[DEBUG] getNormalsOnSurface completed successfully. Result points: 6441
[DEBUG] Extracting normals from sampled cloud...

Total points: 6441
Number of clusters is equal to 5
Points in 
Cluster 1 : 1773
Cluster 2 : 742
Cluster 3 : 669
Cluster 4 : 185
Cluster 5 : 88
Points in two clusters / Total Points in Pointcloud: 39.05%
Points in two clusters / Total Points in all clusters: 72.75%
Calling mergeClusters function.
mergeClusters function called.
Condition 1 (closest point pairs) passed for clusters 2 and 3
Condition 2 (normal vector similarity) passed for clusters 2 and 3
Condition 3 (boundary curvature similarity) passed for clusters 2 and 3
Verification failed (innerPoint selection) for clusters 2 and 3
Sampled indices: 696 1192 1621 1184 1740 65 1435 289 190 1490 372 754 1491 648 1408 1153 1049 427 188 952 1158 1327 800 594 556 840 1066 778 929 562 
Normals flipped: true
  loading cloudForSpline.pcd
  1773 points in data set
  surface fitting ...
  loading cloudForSpline.pcd
  742 points in data set
  surface fitting ...
[DEBUG] Saving surface cluster PLY files in ASCII mode...
[ADAPTIVE CLUSTER 1] N=2984, min=10, max=8952
PointCloud representing the Cluster: 2984 data points.
[ADAPTIVE BOUNDARY] Cluster 0 has 2984 points, spacing≈18.31mm, boundary_r=15mm
Successfully found 5 clusters after 1 iterations.
Ply to XYZ start

Time after processing: 1.079 seconds
Copied Point file: Pot_A_Piece_23_Point.pcd
Copied Mesh file: Pot_A_Piece_23_Mesh.obj

Selected file: Dataset/Point/Pot_A/Pot_A_Piece_23_Point.pcd
[DEBUG getNormalsOnSurface] Starting function. Input points: 6671
[DEBUG getNormalsOnSurface] Creating Eigen matrix...
[DEBUG getNormalsOnSurface] Writing matrix to XYZ file...
[DEBUG getNormalsOnSurface] Reading XYZ file: fileForNormalEst_Sampled.xyz
[DEBUG getNormalsOnSurface] XYZ file read successfully. Points loaded: 6671
[ADAPTIVE CGAL] Using 6 neighbors for 6671 points (density-aware)
[DEBUG getNormalsOnSurface] PCA normal estimation complete.
[DEBUG getNormalsOnSurface] Orienting normals with MST...
[DEBUG getNormalsOnSurface] MST orientation complete.
[DEBUG getNormalsOnSurface] Erased unoriented points. Remaining: 6671
[DEBUG getNormalsOnSurface] Computing curvature for 6671 points...
[ADAPTIVE CURVATURE] Using K=22 for 6671 points
[DEBUG getNormalsOnSurface] Curvature computation complete.
[DEBUG getNormalsOnSurface] Saving PLY in ASCII mode...
[DEBUG downsamplePointCloud] Saving PLY in ASCII mode to avoid camera data issues...
Starting processing on: Dataset/Point/Pot_A/Pot_A_Piece_23_Point.pcd
Starting surface segmentation on: Temp/Data/Pot_A/Pot_A_Piece_23_SampledWithNormals.ply
[DEBUG] Loading PLY file: Temp/Data/Pot_A/Pot_A_Piece_23_SampledWithNormals.ply
[DEBUG] PLY file loaded successfully. Points: 6671
[DEBUG] Converting PointNormal to PointXYZ...
[DEBUG] Conversion complete. Cloud size: 6671
[DEBUG] Calling getNormalsOnSurface...
[DEBUG] Input cloud size: 6671
[DEBUG getNormalsOnSurface] Starting function. Input points: 6671
[DEBUG getNormalsOnSurface] Creating Eigen matrix...
[DEBUG getNormalsOnSurface] Writing matrix to XYZ file...
[DEBUG getNormalsOnSurface] Reading XYZ file: fileForNormalEst_Sampled.xyz
[DEBUG getNormalsOnSurface] XYZ file read successfully. Points loaded: 6671
[ADAPTIVE CGAL] Using 6 neighbors for 6671 points (density-aware)
[DEBUG getNormalsOnSurface] PCA normal estimation complete.
[DEBUG getNormalsOnSurface] Orienting normals with MST...
[DEBUG getNormalsOnSurface] MST orientation complete.
[DEBUG getNormalsOnSurface] Erased unoriented points. Remaining: 6671
[DEBUG getNormalsOnSurface] Computing curvature for 6671 points...
[ADAPTIVE CURVATURE] Using K=22 for 6671 points
[DEBUG getNormalsOnSurface] Curvature computation complete.
[DEBUG getNormalsOnSurface] Saving PLY in ASCII mode...
[DEBUG] getNormalsOnSurface completed successfully. Result points: 6671
[DEBUG] Extracting normals from sampled cloud...

Total points: 6671
Number of clusters is equal to 4
Points in 
Cluster 1 : 2132
Cluster 2 : 2128
Cluster 3 : 74
Cluster 4 : 54
Points in two clusters / Total Points in Pointcloud: 63.86%
Points in two clusters / Total Points in all clusters: 97.08%
Calling mergeClusters function.
mergeClusters function called.
Condition 1 (closest point pairs) passed for clusters 1 and 2
Condition 2 (normal vector similarity) passed for clusters 1 and 2
Condition 3 (boundary curvature similarity) passed for clusters 1 and 2
Verification failed (innerPoint selection) for clusters 1 and 2
Sampled indices: 1788 1974 0 683 1837 1733 1535 1877 1231 947 517 545 1832 126 650 1270 1823 1550 782 1707 1159 1031 892 1330 1823 1799 1920 50 1473 1314 
Normals flipped: true
  loading cloudForSpline.pcd
  2132 points in data set
  surface fitting ...
  loading cloudForSpline.pcd
  2128 points in data set
  surface fitting ...
[DEBUG] Saving surface cluster PLY files in ASCII mode...
[ADAPTIVE CLUSTER 1] N=2283, min=10, max=6849
PointCloud representing the Cluster: 2283 data points.
[ADAPTIVE BOUNDARY] Cluster 0 has 2283 points, spacing≈20.93mm, boundary_r=15mm
Successfully found 4 clusters after 1 iterations.
Ply to XYZ start

Time after processing: 0.8499 seconds
Copied Point file: Pot_A_Piece_24_Point.pcd
Copied Mesh file: Pot_A_Piece_24_Mesh.obj

Selected file: Dataset/Point/Pot_A/Pot_A_Piece_24_Point.pcd
[DEBUG getNormalsOnSurface] Starting function. Input points: 2198
[DEBUG getNormalsOnSurface] Creating Eigen matrix...
[DEBUG getNormalsOnSurface] Writing matrix to XYZ file...
[DEBUG getNormalsOnSurface] Reading XYZ file: fileForNormalEst_Sampled.xyz
[DEBUG getNormalsOnSurface] XYZ file read successfully. Points loaded: 2198
[ADAPTIVE CGAL] Using 5 neighbors for 2198 points (density-aware)
[DEBUG getNormalsOnSurface] PCA normal estimation complete.
[DEBUG getNormalsOnSurface] Orienting normals with MST...
[DEBUG getNormalsOnSurface] MST orientation complete.
[DEBUG getNormalsOnSurface] Erased unoriented points. Remaining: 2198
[DEBUG getNormalsOnSurface] Computing curvature for 2198 points...
[ADAPTIVE CURVATURE] Using K=10 for 2198 points
[DEBUG getNormalsOnSurface] Curvature computation complete.
[DEBUG getNormalsOnSurface] Saving PLY in ASCII mode...
[DEBUG downsamplePointCloud] Saving PLY in ASCII mode to avoid camera data issues...
Starting processing on: Dataset/Point/Pot_A/Pot_A_Piece_24_Point.pcd
Starting surface segmentation on: Temp/Data/Pot_A/Pot_A_Piece_24_SampledWithNormals.ply
[DEBUG] Loading PLY file: Temp/Data/Pot_A/Pot_A_Piece_24_SampledWithNormals.ply
[DEBUG] PLY file loaded successfully. Points: 2198
[DEBUG] Converting PointNormal to PointXYZ...
[DEBUG] Conversion complete. Cloud size: 2198
[DEBUG] Calling getNormalsOnSurface...
[DEBUG] Input cloud size: 2198
[DEBUG getNormalsOnSurface] Starting function. Input points: 2198
[DEBUG getNormalsOnSurface] Creating Eigen matrix...
[DEBUG getNormalsOnSurface] Writing matrix to XYZ file...
[DEBUG getNormalsOnSurface] Reading XYZ file: fileForNormalEst_Sampled.xyz
[DEBUG getNormalsOnSurface] XYZ file read successfully. Points loaded: 2198
[ADAPTIVE CGAL] Using 5 neighbors for 2198 points (density-aware)
[DEBUG getNormalsOnSurface] PCA normal estimation complete.
[DEBUG getNormalsOnSurface] Orienting normals with MST...
[DEBUG getNormalsOnSurface] MST orientation complete.
[DEBUG getNormalsOnSurface] Erased unoriented points. Remaining: 2198
[DEBUG getNormalsOnSurface] Computing curvature for 2198 points...
[ADAPTIVE CURVATURE] Using K=10 for 2198 points
[DEBUG getNormalsOnSurface] Curvature computation complete.
[DEBUG getNormalsOnSurface] Saving PLY in ASCII mode...
[DEBUG] getNormalsOnSurface completed successfully. Result points: 2198
[DEBUG] Extracting normals from sampled cloud...

Total points: 2198
Number of clusters is equal to 2
Points in 
Cluster 1 : 598
Cluster 2 : 528
Points in two clusters / Total Points in Pointcloud: 51.23%
Points in two clusters / Total Points in all clusters: 100%
Calling mergeClusters function.
mergeClusters function called.
Sampled indices: 407 375 297 521 431 307 15 407 213 568 516 431 477 124 594 495 22 162 186 120 565 186 479 532 19 369 576 111 447 173 
Normals flipped: true
  loading cloudForSpline.pcd
  598 points in data set
  surface fitting ...
  loading cloudForSpline.pcd
  528 points in data set
  surface fitting ...
[DEBUG] Saving surface cluster PLY files in ASCII mode...
[ADAPTIVE CLUSTER 1] N=1072, min=10, max=3216
PointCloud representing the Cluster: 1072 data points.
[ADAPTIVE BOUNDARY] Cluster 0 has 1072 points, spacing≈30.54mm, boundary_r=15mm
Successfully found 2 clusters after 1 iterations.
Ply to XYZ start

Time after processing: 0.3316 seconds
Copied Point file: Pot_A_Piece_25_Point.pcd
Copied Mesh file: Pot_A_Piece_25_Mesh.obj

Selected file: Dataset/Point/Pot_A/Pot_A_Piece_25_Point.pcd
[DEBUG getNormalsOnSurface] Starting function. Input points: 3578
[DEBUG getNormalsOnSurface] Creating Eigen matrix...
[DEBUG getNormalsOnSurface] Writing matrix to XYZ file...
[DEBUG getNormalsOnSurface] Reading XYZ file: fileForNormalEst_Sampled.xyz
[DEBUG getNormalsOnSurface] XYZ file read successfully. Points loaded: 3578
[ADAPTIVE CGAL] Using 5 neighbors for 3578 points (density-aware)
[DEBUG getNormalsOnSurface] PCA normal estimation complete.
[DEBUG getNormalsOnSurface] Orienting normals with MST...
[DEBUG getNormalsOnSurface] MST orientation complete.
[DEBUG getNormalsOnSurface] Erased unoriented points. Remaining: 3577
[DEBUG getNormalsOnSurface] Computing curvature for 3577 points...
[ADAPTIVE CURVATURE] Using K=11 for 3577 points
[DEBUG getNormalsOnSurface] Curvature computation complete.
[DEBUG getNormalsOnSurface] Saving PLY in ASCII mode...
[DEBUG downsamplePointCloud] Saving PLY in ASCII mode to avoid camera data issues...
Starting processing on: Dataset/Point/Pot_A/Pot_A_Piece_25_Point.pcd
Starting surface segmentation on: Temp/Data/Pot_A/Pot_A_Piece_25_SampledWithNormals.ply
[DEBUG] Loading PLY file: Temp/Data/Pot_A/Pot_A_Piece_25_SampledWithNormals.ply
[DEBUG] PLY file loaded successfully. Points: 3577
[DEBUG] Converting PointNormal to PointXYZ...
[DEBUG] Conversion complete. Cloud size: 3577
[DEBUG] Calling getNormalsOnSurface...
[DEBUG] Input cloud size: 3577
[DEBUG getNormalsOnSurface] Starting function. Input points: 3577
[DEBUG getNormalsOnSurface] Creating Eigen matrix...
[DEBUG getNormalsOnSurface] Writing matrix to XYZ file...
[DEBUG getNormalsOnSurface] Reading XYZ file: fileForNormalEst_Sampled.xyz
[DEBUG getNormalsOnSurface] XYZ file read successfully. Points loaded: 3577
[ADAPTIVE CGAL] Using 5 neighbors for 3577 points (density-aware)
[DEBUG getNormalsOnSurface] PCA normal estimation complete.
[DEBUG getNormalsOnSurface] Orienting normals with MST...
[DEBUG getNormalsOnSurface] MST orientation complete.
[DEBUG getNormalsOnSurface] Erased unoriented points. Remaining: 3577
[DEBUG getNormalsOnSurface] Computing curvature for 3577 points...
[ADAPTIVE CURVATURE] Using K=11 for 3577 points
[DEBUG getNormalsOnSurface] Curvature computation complete.
[DEBUG getNormalsOnSurface] Saving PLY in ASCII mode...
[DEBUG] getNormalsOnSurface completed successfully. Result points: 3577
[DEBUG] Extracting normals from sampled cloud...

Total points: 3577
Number of clusters is equal to 3
Points in 
Cluster 1 : 1043
Cluster 2 : 572
Cluster 3 : 247
Points in two clusters / Total Points in Pointcloud: 45.15%
Points in two clusters / Total Points in all clusters: 86.73%
Calling mergeClusters function.
mergeClusters function called.
Condition 1 (closest point pairs) passed for clusters 1 and 2
Condition 2 (normal vector similarity) passed for clusters 1 and 2
Condition 3 (boundary curvature similarity) passed for clusters 1 and 2
Verification failed (innerPoint selection) for clusters 1 and 2
Sampled indices: 1017 946 195 70 307 30 276 818 523 290 521 256 467 813 935 552 875 984 203 874 604 558 678 227 975 983 324 1013 165 150 
Normals flipped: true
  loading cloudForSpline.pcd
  1043 points in data set
  surface fitting ...
  loading cloudForSpline.pcd
  572 points in data set
  surface fitting ...
[DEBUG] Saving surface cluster PLY files in ASCII mode...
[ADAPTIVE CLUSTER 1] N=1715, min=10, max=5145
PointCloud representing the Cluster: 1715 data points.
[ADAPTIVE BOUNDARY] Cluster 0 has 1715 points, spacing≈24.15mm, boundary_r=15mm
Successfully found 3 clusters after 1 iterations.
Ply to XYZ start

Time after processing: 0.5476 seconds
Copied Point file: Pot_A_Piece_26_Point.pcd
Copied Mesh file: Pot_A_Piece_26_Mesh.obj

Selected file: Dataset/Point/Pot_A/Pot_A_Piece_26_Point.pcd
[DEBUG getNormalsOnSurface] Starting function. Input points: 3498
[DEBUG getNormalsOnSurface] Creating Eigen matrix...
[DEBUG getNormalsOnSurface] Writing matrix to XYZ file...
[DEBUG getNormalsOnSurface] Reading XYZ file: fileForNormalEst_Sampled.xyz
[DEBUG getNormalsOnSurface] XYZ file read successfully. Points loaded: 3498
[ADAPTIVE CGAL] Using 5 neighbors for 3498 points (density-aware)
[DEBUG getNormalsOnSurface] PCA normal estimation complete.
[DEBUG getNormalsOnSurface] Orienting normals with MST...
[DEBUG getNormalsOnSurface] MST orientation complete.
[DEBUG getNormalsOnSurface] Erased unoriented points. Remaining: 3498
[DEBUG getNormalsOnSurface] Computing curvature for 3498 points...
[ADAPTIVE CURVATURE] Using K=11 for 3498 points
[DEBUG getNormalsOnSurface] Curvature computation complete.
[DEBUG getNormalsOnSurface] Saving PLY in ASCII mode...
[DEBUG downsamplePointCloud] Saving PLY in ASCII mode to avoid camera data issues...
Starting processing on: Dataset/Point/Pot_A/Pot_A_Piece_26_Point.pcd
Starting surface segmentation on: Temp/Data/Pot_A/Pot_A_Piece_26_SampledWithNormals.ply
[DEBUG] Loading PLY file: Temp/Data/Pot_A/Pot_A_Piece_26_SampledWithNormals.ply
[DEBUG] PLY file loaded successfully. Points: 3498
[DEBUG] Converting PointNormal to PointXYZ...
[DEBUG] Conversion complete. Cloud size: 3498
[DEBUG] Calling getNormalsOnSurface...
[DEBUG] Input cloud size: 3498
[DEBUG getNormalsOnSurface] Starting function. Input points: 3498
[DEBUG getNormalsOnSurface] Creating Eigen matrix...
[DEBUG getNormalsOnSurface] Writing matrix to XYZ file...
[DEBUG getNormalsOnSurface] Reading XYZ file: fileForNormalEst_Sampled.xyz
[DEBUG getNormalsOnSurface] XYZ file read successfully. Points loaded: 3498
[ADAPTIVE CGAL] Using 5 neighbors for 3498 points (density-aware)
[DEBUG getNormalsOnSurface] PCA normal estimation complete.
[DEBUG getNormalsOnSurface] Orienting normals with MST...
[DEBUG getNormalsOnSurface] MST orientation complete.
[DEBUG getNormalsOnSurface] Erased unoriented points. Remaining: 3498
[DEBUG getNormalsOnSurface] Computing curvature for 3498 points...
[ADAPTIVE CURVATURE] Using K=11 for 3498 points
[DEBUG getNormalsOnSurface] Curvature computation complete.
[DEBUG getNormalsOnSurface] Saving PLY in ASCII mode...
[DEBUG] getNormalsOnSurface completed successfully. Result points: 3498
[DEBUG] Extracting normals from sampled cloud...

Total points: 3498
Number of clusters is equal to 2
Points in 
Cluster 1 : 948
Cluster 2 : 853
Points in two clusters / Total Points in Pointcloud: 51.49%
Points in two clusters / Total Points in all clusters: 100%
Calling mergeClusters function.
mergeClusters function called.
Sampled indices: 619 432 418 100 31 525 937 938 388 189 531 139 714 795 287 599 300 183 0 861 694 682 53 254 100 87 379 166 877 866 
Normals flipped: true
  loading cloudForSpline.pcd
  948 points in data set
  surface fitting ...
  loading cloudForSpline.pcd
  853 points in data set
  surface fitting ...
[DEBUG] Saving surface cluster PLY files in ASCII mode...
[ADAPTIVE CLUSTER 1] N=1697, min=10, max=5091
PointCloud representing the Cluster: 1697 data points.
[ADAPTIVE BOUNDARY] Cluster 0 has 1697 points, spacing≈24.27mm, boundary_r=15mm
Successfully found 2 clusters after 1 iterations.
Ply to XYZ start

Time after processing: 0.4807 seconds
Copied Point file: Pot_A_Piece_27_Point.pcd
Copied Mesh file: Pot_A_Piece_27_Mesh.obj

Selected file: Dataset/Point/Pot_A/Pot_A_Piece_27_Point.pcd
[DEBUG getNormalsOnSurface] Starting function. Input points: 1769
[DEBUG getNormalsOnSurface] Creating Eigen matrix...
[DEBUG getNormalsOnSurface] Writing matrix to XYZ file...
[DEBUG getNormalsOnSurface] Reading XYZ file: fileForNormalEst_Sampled.xyz
[DEBUG getNormalsOnSurface] XYZ file read successfully. Points loaded: 1769
[ADAPTIVE CGAL] Using 5 neighbors for 1769 points (density-aware)
[DEBUG getNormalsOnSurface] PCA normal estimation complete.
[DEBUG getNormalsOnSurface] Orienting normals with MST...
[DEBUG getNormalsOnSurface] MST orientation complete.
[DEBUG getNormalsOnSurface] Erased unoriented points. Remaining: 1763
[DEBUG getNormalsOnSurface] Computing curvature for 1763 points...
[ADAPTIVE CURVATURE] Using K=10 for 1763 points
[DEBUG getNormalsOnSurface] Curvature computation complete.
[DEBUG getNormalsOnSurface] Saving PLY in ASCII mode...
[DEBUG downsamplePointCloud] Saving PLY in ASCII mode to avoid camera data issues...
Starting processing on: Dataset/Point/Pot_A/Pot_A_Piece_27_Point.pcd
Starting surface segmentation on: Temp/Data/Pot_A/Pot_A_Piece_27_SampledWithNormals.ply
[DEBUG] Loading PLY file: Temp/Data/Pot_A/Pot_A_Piece_27_SampledWithNormals.ply
[DEBUG] PLY file loaded successfully. Points: 1763
[DEBUG] Converting PointNormal to PointXYZ...
[DEBUG] Conversion complete. Cloud size: 1763
[DEBUG] Calling getNormalsOnSurface...
[DEBUG] Input cloud size: 1763
[DEBUG getNormalsOnSurface] Starting function. Input points: 1763
[DEBUG getNormalsOnSurface] Creating Eigen matrix...
[DEBUG getNormalsOnSurface] Writing matrix to XYZ file...
[DEBUG getNormalsOnSurface] Reading XYZ file: fileForNormalEst_Sampled.xyz
[DEBUG getNormalsOnSurface] XYZ file read successfully. Points loaded: 1763
[ADAPTIVE CGAL] Using 5 neighbors for 1763 points (density-aware)
[DEBUG getNormalsOnSurface] PCA normal estimation complete.
[DEBUG getNormalsOnSurface] Orienting normals with MST...
[DEBUG getNormalsOnSurface] MST orientation complete.
[DEBUG getNormalsOnSurface] Erased unoriented points. Remaining: 1763
[DEBUG getNormalsOnSurface] Computing curvature for 1763 points...
[ADAPTIVE CURVATURE] Using K=10 for 1763 points
[DEBUG getNormalsOnSurface] Curvature computation complete.
[DEBUG getNormalsOnSurface] Saving PLY in ASCII mode...
[DEBUG] getNormalsOnSurface completed successfully. Result points: 1763
[DEBUG] Extracting normals from sampled cloud...

Total points: 1763
Number of clusters is equal to 2
Points in 
Cluster 1 : 440
Cluster 2 : 316
Points in two clusters / Total Points in Pointcloud: 42.88%
Points in two clusters / Total Points in all clusters: 100%
Calling mergeClusters function.
mergeClusters function called.
Sampled indices: 256 1 125 43 59 289 272 203 401 228 146 141 233 113 130 276 310 229 371 368 91 345 422 225 257 327 81 171 262 420 
Normals flipped: true
  loading cloudForSpline.pcd
  440 points in data set
  surface fitting ...
  loading cloudForSpline.pcd
  316 points in data set
  surface fitting ...
[DEBUG] Saving surface cluster PLY files in ASCII mode...
[ADAPTIVE CLUSTER 1] N=1007, min=10, max=3021
PointCloud representing the Cluster: 1007 data points.
[ADAPTIVE BOUNDARY] Cluster 0 has 1007 points, spacing≈31.51mm, boundary_r=15mm
Successfully found 2 clusters after 1 iterations.
Ply to XYZ start

Time after processing: 0.3149 seconds
Copied Point file: Pot_A_Piece_28_Point.pcd
Copied Mesh file: Pot_A_Piece_28_Mesh.obj

Selected file: Dataset/Point/Pot_A/Pot_A_Piece_28_Point.pcd
[DEBUG getNormalsOnSurface] Starting function. Input points: 8918
[DEBUG getNormalsOnSurface] Creating Eigen matrix...
[DEBUG getNormalsOnSurface] Writing matrix to XYZ file...
[DEBUG getNormalsOnSurface] Reading XYZ file: fileForNormalEst_Sampled.xyz
[DEBUG getNormalsOnSurface] XYZ file read successfully. Points loaded: 8918
[ADAPTIVE CGAL] Using 8 neighbors for 8918 points (density-aware)
[DEBUG getNormalsOnSurface] PCA normal estimation complete.
[DEBUG getNormalsOnSurface] Orienting normals with MST...
[DEBUG getNormalsOnSurface] MST orientation complete.
[DEBUG getNormalsOnSurface] Erased unoriented points. Remaining: 8918
[DEBUG getNormalsOnSurface] Computing curvature for 8918 points...
[ADAPTIVE CURVATURE] Using K=29 for 8918 points
[DEBUG getNormalsOnSurface] Curvature computation complete.
[DEBUG getNormalsOnSurface] Saving PLY in ASCII mode...
[DEBUG downsamplePointCloud] Saving PLY in ASCII mode to avoid camera data issues...
Starting processing on: Dataset/Point/Pot_A/Pot_A_Piece_28_Point.pcd
Starting surface segmentation on: Temp/Data/Pot_A/Pot_A_Piece_28_SampledWithNormals.ply
[DEBUG] Loading PLY file: Temp/Data/Pot_A/Pot_A_Piece_28_SampledWithNormals.ply
[DEBUG] PLY file loaded successfully. Points: 8918
[DEBUG] Converting PointNormal to PointXYZ...
[DEBUG] Conversion complete. Cloud size: 8918
[DEBUG] Calling getNormalsOnSurface...
[DEBUG] Input cloud size: 8918
[DEBUG getNormalsOnSurface] Starting function. Input points: 8918
[DEBUG getNormalsOnSurface] Creating Eigen matrix...
[DEBUG getNormalsOnSurface] Writing matrix to XYZ file...
[DEBUG getNormalsOnSurface] Reading XYZ file: fileForNormalEst_Sampled.xyz
[DEBUG getNormalsOnSurface] XYZ file read successfully. Points loaded: 8918
[ADAPTIVE CGAL] Using 8 neighbors for 8918 points (density-aware)
[DEBUG getNormalsOnSurface] PCA normal estimation complete.
[DEBUG getNormalsOnSurface] Orienting normals with MST...
[DEBUG getNormalsOnSurface] MST orientation complete.
[DEBUG getNormalsOnSurface] Erased unoriented points. Remaining: 8918
[DEBUG getNormalsOnSurface] Computing curvature for 8918 points...
[ADAPTIVE CURVATURE] Using K=29 for 8918 points
[DEBUG getNormalsOnSurface] Curvature computation complete.
[DEBUG getNormalsOnSurface] Saving PLY in ASCII mode...
[DEBUG] getNormalsOnSurface completed successfully. Result points: 8918
[DEBUG] Extracting normals from sampled cloud...

Total points: 8918
Number of clusters is equal to 4
Points in 
Cluster 1 : 3090
Cluster 2 : 2992
Cluster 3 : 56
Cluster 4 : 55
Points in two clusters / Total Points in Pointcloud: 68.2%
Points in two clusters / Total Points in all clusters: 98.21%
Calling mergeClusters function.
mergeClusters function called.
Sampled indices: 720 715 1226 681 1303 70 2174 336 2183 765 570 1988 1997 2856 267 1876 2527 368 2604 2870 2267 297 462 2732 2797 1954 2857 1721 1722 470 
Normals flipped: true
  loading cloudForSpline.pcd
  3090 points in data set
  surface fitting ...
  loading cloudForSpline.pcd
  2992 points in data set
  surface fitting ...
[DEBUG] Saving surface cluster PLY files in ASCII mode...
[ADAPTIVE CLUSTER 1] N=2725, min=10, max=8175
PointCloud representing the Cluster: 2725 data points.
[ADAPTIVE BOUNDARY] Cluster 0 has 2725 points, spacing≈19.16mm, boundary_r=15mm
Successfully found 4 clusters after 1 iterations.
Ply to XYZ start

Time after processing: 1.083 seconds
Copied Point file: Pot_A_Piece_29_Point.pcd
Copied Mesh file: Pot_A_Piece_29_Mesh.obj

Selected file: Dataset/Point/Pot_A/Pot_A_Piece_29_Point.pcd
[DEBUG getNormalsOnSurface] Starting function. Input points: 3098
[DEBUG getNormalsOnSurface] Creating Eigen matrix...
[DEBUG getNormalsOnSurface] Writing matrix to XYZ file...
[DEBUG getNormalsOnSurface] Reading XYZ file: fileForNormalEst_Sampled.xyz
[DEBUG getNormalsOnSurface] XYZ file read successfully. Points loaded: 3098
[ADAPTIVE CGAL] Using 5 neighbors for 3098 points (density-aware)
[DEBUG getNormalsOnSurface] PCA normal estimation complete.
[DEBUG getNormalsOnSurface] Orienting normals with MST...
[DEBUG getNormalsOnSurface] MST orientation complete.
[DEBUG getNormalsOnSurface] Erased unoriented points. Remaining: 3098
[DEBUG getNormalsOnSurface] Computing curvature for 3098 points...
[ADAPTIVE CURVATURE] Using K=10 for 3098 points
[DEBUG getNormalsOnSurface] Curvature computation complete.
[DEBUG getNormalsOnSurface] Saving PLY in ASCII mode...
[DEBUG downsamplePointCloud] Saving PLY in ASCII mode to avoid camera data issues...
Starting processing on: Dataset/Point/Pot_A/Pot_A_Piece_29_Point.pcd
Starting surface segmentation on: Temp/Data/Pot_A/Pot_A_Piece_29_SampledWithNormals.ply
[DEBUG] Loading PLY file: Temp/Data/Pot_A/Pot_A_Piece_29_SampledWithNormals.ply
[DEBUG] PLY file loaded successfully. Points: 3098
[DEBUG] Converting PointNormal to PointXYZ...
[DEBUG] Conversion complete. Cloud size: 3098
[DEBUG] Calling getNormalsOnSurface...
[DEBUG] Input cloud size: 3098
[DEBUG getNormalsOnSurface] Starting function. Input points: 3098
[DEBUG getNormalsOnSurface] Creating Eigen matrix...
[DEBUG getNormalsOnSurface] Writing matrix to XYZ file...
[DEBUG getNormalsOnSurface] Reading XYZ file: fileForNormalEst_Sampled.xyz
[DEBUG getNormalsOnSurface] XYZ file read successfully. Points loaded: 3098
[ADAPTIVE CGAL] Using 5 neighbors for 3098 points (density-aware)
[DEBUG getNormalsOnSurface] PCA normal estimation complete.
[DEBUG getNormalsOnSurface] Orienting normals with MST...
[DEBUG getNormalsOnSurface] MST orientation complete.
[DEBUG getNormalsOnSurface] Erased unoriented points. Remaining: 3098
[DEBUG getNormalsOnSurface] Computing curvature for 3098 points...
[ADAPTIVE CURVATURE] Using K=10 for 3098 points
[DEBUG getNormalsOnSurface] Curvature computation complete.
[DEBUG getNormalsOnSurface] Saving PLY in ASCII mode...
[DEBUG] getNormalsOnSurface completed successfully. Result points: 3098
[DEBUG] Extracting normals from sampled cloud...

Total points: 3098
Number of clusters is equal to 3
Points in 
Cluster 1 : 813
Cluster 2 : 631
Cluster 3 : 65
Points in two clusters / Total Points in Pointcloud: 46.61%
Points in two clusters / Total Points in all clusters: 95.69%
Calling mergeClusters function.
mergeClusters function called.
Sampled indices: 518 493 437 762 743 213 579 651 0 361 393 580 458 503 461 474 538 239 652 357 182 376 475 424 234 376 636 443 618 360 
Normals flipped: true
  loading cloudForSpline.pcd
  813 points in data set
  surface fitting ...
  loading cloudForSpline.pcd
  631 points in data set
  surface fitting ...
[DEBUG] Saving surface cluster PLY files in ASCII mode...
[ADAPTIVE CLUSTER 1] N=1589, min=10, max=4767
PointCloud representing the Cluster: 1589 data points.
[ADAPTIVE BOUNDARY] Cluster 0 has 1589 points, spacing≈25.09mm, boundary_r=15mm
Successfully found 3 clusters after 1 iterations.
Ply to XYZ start

Time after processing: 0.4664 seconds
Copied Point file: Pot_A_Piece_30_Point.pcd
Copied Mesh file: Pot_A_Piece_30_Mesh.obj

Selected file: Dataset/Point/Pot_A/Pot_A_Piece_30_Point.pcd
[DEBUG getNormalsOnSurface] Starting function. Input points: 2149
[DEBUG getNormalsOnSurface] Creating Eigen matrix...
[DEBUG getNormalsOnSurface] Writing matrix to XYZ file...
[DEBUG getNormalsOnSurface] Reading XYZ file: fileForNormalEst_Sampled.xyz
[DEBUG getNormalsOnSurface] XYZ file read successfully. Points loaded: 2149
[ADAPTIVE CGAL] Using 5 neighbors for 2149 points (density-aware)
[DEBUG getNormalsOnSurface] PCA normal estimation complete.
[DEBUG getNormalsOnSurface] Orienting normals with MST...
[DEBUG getNormalsOnSurface] MST orientation complete.
[DEBUG getNormalsOnSurface] Erased unoriented points. Remaining: 2149
[DEBUG getNormalsOnSurface] Computing curvature for 2149 points...
[ADAPTIVE CURVATURE] Using K=10 for 2149 points
[DEBUG getNormalsOnSurface] Curvature computation complete.
[DEBUG getNormalsOnSurface] Saving PLY in ASCII mode...
[DEBUG downsamplePointCloud] Saving PLY in ASCII mode to avoid camera data issues...
Starting processing on: Dataset/Point/Pot_A/Pot_A_Piece_30_Point.pcd
Starting surface segmentation on: Temp/Data/Pot_A/Pot_A_Piece_30_SampledWithNormals.ply
[DEBUG] Loading PLY file: Temp/Data/Pot_A/Pot_A_Piece_30_SampledWithNormals.ply
[DEBUG] PLY file loaded successfully. Points: 2149
[DEBUG] Converting PointNormal to PointXYZ...
[DEBUG] Conversion complete. Cloud size: 2149
[DEBUG] Calling getNormalsOnSurface...
[DEBUG] Input cloud size: 2149
[DEBUG getNormalsOnSurface] Starting function. Input points: 2149
[DEBUG getNormalsOnSurface] Creating Eigen matrix...
[DEBUG getNormalsOnSurface] Writing matrix to XYZ file...
[DEBUG getNormalsOnSurface] Reading XYZ file: fileForNormalEst_Sampled.xyz
[DEBUG getNormalsOnSurface] XYZ file read successfully. Points loaded: 2149
[ADAPTIVE CGAL] Using 5 neighbors for 2149 points (density-aware)
[DEBUG getNormalsOnSurface] PCA normal estimation complete.
[DEBUG getNormalsOnSurface] Orienting normals with MST...
[DEBUG getNormalsOnSurface] MST orientation complete.
[DEBUG getNormalsOnSurface] Erased unoriented points. Remaining: 2149
[DEBUG getNormalsOnSurface] Computing curvature for 2149 points...
[ADAPTIVE CURVATURE] Using K=10 for 2149 points
[DEBUG getNormalsOnSurface] Curvature computation complete.
[DEBUG getNormalsOnSurface] Saving PLY in ASCII mode...
[DEBUG] getNormalsOnSurface completed successfully. Result points: 2149
[DEBUG] Extracting normals from sampled cloud...

Total points: 2149
Number of clusters is equal to 3
Points in 
Cluster 1 : 354
Cluster 2 : 271
Cluster 3 : 63
Points in two clusters / Total Points in Pointcloud: 29.08%
Points in two clusters / Total Points in all clusters: 90.84%
Calling mergeClusters function.
mergeClusters function called.
Sampled indices: 353 270 244 268 58 350 270 334 329 231 188 104 8 66 86 192 139 11 253 68 188 287 18 159 213 333 98 111 101 147 
Normals flipped: true
  loading cloudForSpline.pcd
  354 points in data set
  surface fitting ...
  loading cloudForSpline.pcd
  271 points in data set
  surface fitting ...
[DEBUG] Saving surface cluster PLY files in ASCII mode...
[ADAPTIVE CLUSTER 1] N=1461, min=10, max=4383
PointCloud representing the Cluster: 1461 data points.
[ADAPTIVE BOUNDARY] Cluster 0 has 1461 points, spacing≈26.16mm, boundary_r=15mm
Successfully found 3 clusters after 1 iterations.
Ply to XYZ start

Time after processing: 0.4208 seconds
Copied Point file: Pot_A_Piece_31_Point.pcd
Copied Mesh file: Pot_A_Piece_31_Mesh.obj

Selected file: Dataset/Point/Pot_A/Pot_A_Piece_31_Point.pcd
[DEBUG getNormalsOnSurface] Starting function. Input points: 8228
[DEBUG getNormalsOnSurface] Creating Eigen matrix...
[DEBUG getNormalsOnSurface] Writing matrix to XYZ file...
[DEBUG getNormalsOnSurface] Reading XYZ file: fileForNormalEst_Sampled.xyz
[DEBUG getNormalsOnSurface] XYZ file read successfully. Points loaded: 8228
[ADAPTIVE CGAL] Using 8 neighbors for 8228 points (density-aware)
[DEBUG getNormalsOnSurface] PCA normal estimation complete.
[DEBUG getNormalsOnSurface] Orienting normals with MST...
[DEBUG getNormalsOnSurface] MST orientation complete.
[DEBUG getNormalsOnSurface] Erased unoriented points. Remaining: 8228
[DEBUG getNormalsOnSurface] Computing curvature for 8228 points...
[ADAPTIVE CURVATURE] Using K=27 for 8228 points
[DEBUG getNormalsOnSurface] Curvature computation complete.
[DEBUG getNormalsOnSurface] Saving PLY in ASCII mode...
[DEBUG downsamplePointCloud] Saving PLY in ASCII mode to avoid camera data issues...
Starting processing on: Dataset/Point/Pot_A/Pot_A_Piece_31_Point.pcd
Starting surface segmentation on: Temp/Data/Pot_A/Pot_A_Piece_31_SampledWithNormals.ply
[DEBUG] Loading PLY file: Temp/Data/Pot_A/Pot_A_Piece_31_SampledWithNormals.ply
[DEBUG] PLY file loaded successfully. Points: 8228
[DEBUG] Converting PointNormal to PointXYZ...
[DEBUG] Conversion complete. Cloud size: 8228
[DEBUG] Calling getNormalsOnSurface...
[DEBUG] Input cloud size: 8228
[DEBUG getNormalsOnSurface] Starting function. Input points: 8228
[DEBUG getNormalsOnSurface] Creating Eigen matrix...
[DEBUG getNormalsOnSurface] Writing matrix to XYZ file...
[DEBUG getNormalsOnSurface] Reading XYZ file: fileForNormalEst_Sampled.xyz
[DEBUG getNormalsOnSurface] XYZ file read successfully. Points loaded: 8228
[ADAPTIVE CGAL] Using 8 neighbors for 8228 points (density-aware)
[DEBUG getNormalsOnSurface] PCA normal estimation complete.
[DEBUG getNormalsOnSurface] Orienting normals with MST...
[DEBUG getNormalsOnSurface] MST orientation complete.
[DEBUG getNormalsOnSurface] Erased unoriented points. Remaining: 8228
[DEBUG getNormalsOnSurface] Computing curvature for 8228 points...
[ADAPTIVE CURVATURE] Using K=27 for 8228 points
[DEBUG getNormalsOnSurface] Curvature computation complete.
[DEBUG getNormalsOnSurface] Saving PLY in ASCII mode...
[DEBUG] getNormalsOnSurface completed successfully. Result points: 8228
[DEBUG] Extracting normals from sampled cloud...

Total points: 8228
Number of clusters is equal to 3
Points in 
Cluster 1 : 2711
Cluster 2 : 2589
Cluster 3 : 54
Points in two clusters / Total Points in Pointcloud: 64.41%
Points in two clusters / Total Points in all clusters: 98.99%
Calling mergeClusters function.
mergeClusters function called.
Condition 1 (closest point pairs) passed for clusters 1 and 2
Condition 2 (normal vector similarity) passed for clusters 1 and 2
Condition 3 (boundary curvature similarity) passed for clusters 1 and 2
Verification failed (innerPoint selection) for clusters 1 and 2
Sampled indices: 1206 168 1317 306 1778 2554 2687 699 535 508 1945 166 1833 1355 1216 6 1514 2701 2136 1498 480 2110 499 1553 1141 1898 2030 2272 1984 1240 
Normals flipped: true
  loading cloudForSpline.pcd
  2711 points in data set
  surface fitting ...
  loading cloudForSpline.pcd
  2589 points in data set
  surface fitting ...
[DEBUG] Saving surface cluster PLY files in ASCII mode...
[ADAPTIVE CLUSTER 1] N=2874, min=10, max=8622
PointCloud representing the Cluster: 2874 data points.
[ADAPTIVE BOUNDARY] Cluster 0 has 2874 points, spacing≈18.65mm, boundary_r=15mm
Successfully found 3 clusters after 1 iterations.
Ply to XYZ start

Time after processing: 1.102 seconds
Copied Point file: Pot_A_Piece_32_Point.pcd
Copied Mesh file: Pot_A_Piece_32_Mesh.obj

Selected file: Dataset/Point/Pot_A/Pot_A_Piece_32_Point.pcd
[DEBUG getNormalsOnSurface] Starting function. Input points: 11566
[DEBUG getNormalsOnSurface] Creating Eigen matrix...
[DEBUG getNormalsOnSurface] Writing matrix to XYZ file...
[DEBUG getNormalsOnSurface] Reading XYZ file: fileForNormalEst_Sampled.xyz
[DEBUG getNormalsOnSurface] XYZ file read successfully. Points loaded: 11566
[ADAPTIVE CGAL] Using 11 neighbors for 11566 points (density-aware)
[DEBUG getNormalsOnSurface] PCA normal estimation complete.
[DEBUG getNormalsOnSurface] Orienting normals with MST...
[DEBUG getNormalsOnSurface] MST orientation complete.
[DEBUG getNormalsOnSurface] Erased unoriented points. Remaining: 11566
[DEBUG getNormalsOnSurface] Computing curvature for 11566 points...
[ADAPTIVE CURVATURE] Using K=38 for 11566 points
[DEBUG getNormalsOnSurface] Curvature computation complete.
[DEBUG getNormalsOnSurface] Saving PLY in ASCII mode...
[DEBUG downsamplePointCloud] Saving PLY in ASCII mode to avoid camera data issues...
Starting processing on: Dataset/Point/Pot_A/Pot_A_Piece_32_Point.pcd
Starting surface segmentation on: Temp/Data/Pot_A/Pot_A_Piece_32_SampledWithNormals.ply
[DEBUG] Loading PLY file: Temp/Data/Pot_A/Pot_A_Piece_32_SampledWithNormals.ply
[DEBUG] PLY file loaded successfully. Points: 11566
[DEBUG] Converting PointNormal to PointXYZ...
[DEBUG] Conversion complete. Cloud size: 11566
[DEBUG] Calling getNormalsOnSurface...
[DEBUG] Input cloud size: 11566
[DEBUG getNormalsOnSurface] Starting function. Input points: 11566
[DEBUG getNormalsOnSurface] Creating Eigen matrix...
[DEBUG getNormalsOnSurface] Writing matrix to XYZ file...
[DEBUG getNormalsOnSurface] Reading XYZ file: fileForNormalEst_Sampled.xyz
[DEBUG getNormalsOnSurface] XYZ file read successfully. Points loaded: 11566
[ADAPTIVE CGAL] Using 11 neighbors for 11566 points (density-aware)
[DEBUG getNormalsOnSurface] PCA normal estimation complete.
[DEBUG getNormalsOnSurface] Orienting normals with MST...
[DEBUG getNormalsOnSurface] MST orientation complete.
[DEBUG getNormalsOnSurface] Erased unoriented points. Remaining: 11566
[DEBUG getNormalsOnSurface] Computing curvature for 11566 points...
[ADAPTIVE CURVATURE] Using K=38 for 11566 points
[DEBUG getNormalsOnSurface] Curvature computation complete.
[DEBUG getNormalsOnSurface] Saving PLY in ASCII mode...
[DEBUG] getNormalsOnSurface completed successfully. Result points: 11566
[DEBUG] Extracting normals from sampled cloud...

Total points: 11566
Number of clusters is equal to 6
Points in 
Cluster 1 : 4291
Cluster 2 : 4194
Cluster 3 : 69
Cluster 4 : 62
Cluster 5 : 56
Cluster 6 : 54
Points in two clusters / Total Points in Pointcloud: 73.36%
Points in two clusters / Total Points in all clusters: 97.24%
Calling mergeClusters function.
mergeClusters function called.
Sampled indices: 2964 3203 3924 3741 3583 4250 1781 510 2061 1454 978 2851 4131 3326 3673 3179 3793 3650 967 3957 294 4136 87 117 3369 4030 1309 3982 4211 4199 
Normals flipped: true
  loading cloudForSpline.pcd
  4291 points in data set
  surface fitting ...
  loading cloudForSpline.pcd
  4194 points in data set
  surface fitting ...
[DEBUG] Saving surface cluster PLY files in ASCII mode...
[ADAPTIVE CLUSTER 1] N=2840, min=10, max=8520
PointCloud representing the Cluster: 2840 data points.
[ADAPTIVE BOUNDARY] Cluster 0 has 2840 points, spacing≈18.76mm, boundary_r=15mm
Successfully found 6 clusters after 1 iterations.
Ply to XYZ start

Time after processing: 1.355 seconds
Copied Point file: Pot_A_Piece_33_Point.pcd
Copied Mesh file: Pot_A_Piece_33_Mesh.obj

Selected file: Dataset/Point/Pot_A/Pot_A_Piece_33_Point.pcd
[DEBUG getNormalsOnSurface] Starting function. Input points: 9318
[DEBUG getNormalsOnSurface] Creating Eigen matrix...
[DEBUG getNormalsOnSurface] Writing matrix to XYZ file...
[DEBUG getNormalsOnSurface] Reading XYZ file: fileForNormalEst_Sampled.xyz
[DEBUG getNormalsOnSurface] XYZ file read successfully. Points loaded: 9318
[ADAPTIVE CGAL] Using 9 neighbors for 9318 points (density-aware)
[DEBUG getNormalsOnSurface] PCA normal estimation complete.
[DEBUG getNormalsOnSurface] Orienting normals with MST...
[DEBUG getNormalsOnSurface] MST orientation complete.
[DEBUG getNormalsOnSurface] Erased unoriented points. Remaining: 9318
[DEBUG getNormalsOnSurface] Computing curvature for 9318 points...
[ADAPTIVE CURVATURE] Using K=31 for 9318 points
[DEBUG getNormalsOnSurface] Curvature computation complete.
[DEBUG getNormalsOnSurface] Saving PLY in ASCII mode...
[DEBUG downsamplePointCloud] Saving PLY in ASCII mode to avoid camera data issues...
Starting processing on: Dataset/Point/Pot_A/Pot_A_Piece_33_Point.pcd
Starting surface segmentation on: Temp/Data/Pot_A/Pot_A_Piece_33_SampledWithNormals.ply
[DEBUG] Loading PLY file: Temp/Data/Pot_A/Pot_A_Piece_33_SampledWithNormals.ply
[DEBUG] PLY file loaded successfully. Points: 9318
[DEBUG] Converting PointNormal to PointXYZ...
[DEBUG] Conversion complete. Cloud size: 9318
[DEBUG] Calling getNormalsOnSurface...
[DEBUG] Input cloud size: 9318
[DEBUG getNormalsOnSurface] Starting function. Input points: 9318
[DEBUG getNormalsOnSurface] Creating Eigen matrix...
[DEBUG getNormalsOnSurface] Writing matrix to XYZ file...
[DEBUG getNormalsOnSurface] Reading XYZ file: fileForNormalEst_Sampled.xyz
[DEBUG getNormalsOnSurface] XYZ file read successfully. Points loaded: 9318
[ADAPTIVE CGAL] Using 9 neighbors for 9318 points (density-aware)
[DEBUG getNormalsOnSurface] PCA normal estimation complete.
[DEBUG getNormalsOnSurface] Orienting normals with MST...
[DEBUG getNormalsOnSurface] MST orientation complete.
[DEBUG getNormalsOnSurface] Erased unoriented points. Remaining: 9318
[DEBUG getNormalsOnSurface] Computing curvature for 9318 points...
[ADAPTIVE CURVATURE] Using K=31 for 9318 points
[DEBUG getNormalsOnSurface] Curvature computation complete.
[DEBUG getNormalsOnSurface] Saving PLY in ASCII mode...
[DEBUG] getNormalsOnSurface completed successfully. Result points: 9318
[DEBUG] Extracting normals from sampled cloud...

Total points: 9318
Number of clusters is equal to 5
Points in 
Cluster 1 : 3065
Cluster 2 : 3028
Cluster 3 : 78
Cluster 4 : 58
Cluster 5 : 51
Points in two clusters / Total Points in Pointcloud: 65.39%
Points in two clusters / Total Points in all clusters: 97.02%
Calling mergeClusters function.
mergeClusters function called.
Sampled indices: 38 427 2576 1028 2819 2161 1376 2488 203 179 258 2812 1154 1963 1474 1043 1181 1811 266 1070 2622 1577 2556 1536 2433 1298 1706 75 1127 771 
Normals flipped: true
  loading cloudForSpline.pcd
  3065 points in data set
  surface fitting ...
  loading cloudForSpline.pcd
  3028 points in data set
  surface fitting ...
[DEBUG] Saving surface cluster PLY files in ASCII mode...
[ADAPTIVE CLUSTER 1] N=3038, min=10, max=9114
PointCloud representing the Cluster: 3038 data points.
[ADAPTIVE BOUNDARY] Cluster 0 has 3038 points, spacing≈18.14mm, boundary_r=15mm
Successfully found 5 clusters after 1 iterations.
Ply to XYZ start

Time after processing: 1.221 seconds
Copied Point file: Pot_A_Piece_34_Point.pcd
Copied Mesh file: Pot_A_Piece_34_Mesh.obj

Selected file: Dataset/Point/Pot_A/Pot_A_Piece_34_Point.pcd
[DEBUG getNormalsOnSurface] Starting function. Input points: 11596
[DEBUG getNormalsOnSurface] Creating Eigen matrix...
[DEBUG getNormalsOnSurface] Writing matrix to XYZ file...
[DEBUG getNormalsOnSurface] Reading XYZ file: fileForNormalEst_Sampled.xyz
[DEBUG getNormalsOnSurface] XYZ file read successfully. Points loaded: 11596
[ADAPTIVE CGAL] Using 11 neighbors for 11596 points (density-aware)
[DEBUG getNormalsOnSurface] PCA normal estimation complete.
[DEBUG getNormalsOnSurface] Orienting normals with MST...
[DEBUG getNormalsOnSurface] MST orientation complete.
[DEBUG getNormalsOnSurface] Erased unoriented points. Remaining: 11596
[DEBUG getNormalsOnSurface] Computing curvature for 11596 points...
[ADAPTIVE CURVATURE] Using K=38 for 11596 points
[DEBUG getNormalsOnSurface] Curvature computation complete.
[DEBUG getNormalsOnSurface] Saving PLY in ASCII mode...
[DEBUG downsamplePointCloud] Saving PLY in ASCII mode to avoid camera data issues...
Starting processing on: Dataset/Point/Pot_A/Pot_A_Piece_34_Point.pcd
Starting surface segmentation on: Temp/Data/Pot_A/Pot_A_Piece_34_SampledWithNormals.ply
[DEBUG] Loading PLY file: Temp/Data/Pot_A/Pot_A_Piece_34_SampledWithNormals.ply
[DEBUG] PLY file loaded successfully. Points: 11596
[DEBUG] Converting PointNormal to PointXYZ...
[DEBUG] Conversion complete. Cloud size: 11596
[DEBUG] Calling getNormalsOnSurface...
[DEBUG] Input cloud size: 11596
[DEBUG getNormalsOnSurface] Starting function. Input points: 11596
[DEBUG getNormalsOnSurface] Creating Eigen matrix...
[DEBUG getNormalsOnSurface] Writing matrix to XYZ file...
[DEBUG getNormalsOnSurface] Reading XYZ file: fileForNormalEst_Sampled.xyz
[DEBUG getNormalsOnSurface] XYZ file read successfully. Points loaded: 11596
[ADAPTIVE CGAL] Using 11 neighbors for 11596 points (density-aware)
[DEBUG getNormalsOnSurface] PCA normal estimation complete.
[DEBUG getNormalsOnSurface] Orienting normals with MST...
[DEBUG getNormalsOnSurface] MST orientation complete.
[DEBUG getNormalsOnSurface] Erased unoriented points. Remaining: 11596
[DEBUG getNormalsOnSurface] Computing curvature for 11596 points...
[ADAPTIVE CURVATURE] Using K=38 for 11596 points
[DEBUG getNormalsOnSurface] Curvature computation complete.
[DEBUG getNormalsOnSurface] Saving PLY in ASCII mode...
[DEBUG] getNormalsOnSurface completed successfully. Result points: 11596
[DEBUG] Extracting normals from sampled cloud...

Total points: 11596
Number of clusters is equal to 4
Points in 
Cluster 1 : 4660
Cluster 2 : 4272
Cluster 3 : 272
Cluster 4 : 61
Points in two clusters / Total Points in Pointcloud: 77.03%
Points in two clusters / Total Points in all clusters: 96.41%
Calling mergeClusters function.
mergeClusters function called.
Sampled indices: 3162 2340 3439 627 4068 3750 3362 748 4552 1003 3615 599 3472 3060 1164 2197 3754 3333 4310 2372 824 1329 2277 2717 2808 124 4133 3092 2577 840 
Normals flipped: true
  loading cloudForSpline.pcd
  4660 points in data set
  surface fitting ...
  loading cloudForSpline.pcd
  4272 points in data set
  surface fitting ...
[DEBUG] Saving surface cluster PLY files in ASCII mode...
[ADAPTIVE CLUSTER 1] N=2331, min=10, max=6993
PointCloud representing the Cluster: 2331 data points.
[ADAPTIVE BOUNDARY] Cluster 0 has 2331 points, spacing≈20.71mm, boundary_r=15mm
Successfully found 4 clusters after 1 iterations.
Ply to XYZ start

Time after processing: 1.302 seconds
Copied Point file: Pot_A_Piece_35_Point.pcd
Copied Mesh file: Pot_A_Piece_35_Mesh.obj

Selected file: Dataset/Point/Pot_A/Pot_A_Piece_35_Point.pcd
[DEBUG getNormalsOnSurface] Starting function. Input points: 11784
[DEBUG getNormalsOnSurface] Creating Eigen matrix...
[DEBUG getNormalsOnSurface] Writing matrix to XYZ file...
[DEBUG getNormalsOnSurface] Reading XYZ file: fileForNormalEst_Sampled.xyz
[DEBUG getNormalsOnSurface] XYZ file read successfully. Points loaded: 11784
[ADAPTIVE CGAL] Using 11 neighbors for 11784 points (density-aware)
[DEBUG getNormalsOnSurface] PCA normal estimation complete.
[DEBUG getNormalsOnSurface] Orienting normals with MST...
[DEBUG getNormalsOnSurface] MST orientation complete.
[DEBUG getNormalsOnSurface] Erased unoriented points. Remaining: 11784
[DEBUG getNormalsOnSurface] Computing curvature for 11784 points...
[ADAPTIVE CURVATURE] Using K=39 for 11784 points
[DEBUG getNormalsOnSurface] Curvature computation complete.
[DEBUG getNormalsOnSurface] Saving PLY in ASCII mode...
[DEBUG downsamplePointCloud] Saving PLY in ASCII mode to avoid camera data issues...
Starting processing on: Dataset/Point/Pot_A/Pot_A_Piece_35_Point.pcd
Starting surface segmentation on: Temp/Data/Pot_A/Pot_A_Piece_35_SampledWithNormals.ply
[DEBUG] Loading PLY file: Temp/Data/Pot_A/Pot_A_Piece_35_SampledWithNormals.ply
[DEBUG] PLY file loaded successfully. Points: 11784
[DEBUG] Converting PointNormal to PointXYZ...
[DEBUG] Conversion complete. Cloud size: 11784
[DEBUG] Calling getNormalsOnSurface...
[DEBUG] Input cloud size: 11784
[DEBUG getNormalsOnSurface] Starting function. Input points: 11784
[DEBUG getNormalsOnSurface] Creating Eigen matrix...
[DEBUG getNormalsOnSurface] Writing matrix to XYZ file...
[DEBUG getNormalsOnSurface] Reading XYZ file: fileForNormalEst_Sampled.xyz
[DEBUG getNormalsOnSurface] XYZ file read successfully. Points loaded: 11784
[ADAPTIVE CGAL] Using 11 neighbors for 11784 points (density-aware)
[DEBUG getNormalsOnSurface] PCA normal estimation complete.
[DEBUG getNormalsOnSurface] Orienting normals with MST...
[DEBUG getNormalsOnSurface] MST orientation complete.
[DEBUG getNormalsOnSurface] Erased unoriented points. Remaining: 11784
[DEBUG getNormalsOnSurface] Computing curvature for 11784 points...
[ADAPTIVE CURVATURE] Using K=39 for 11784 points
[DEBUG getNormalsOnSurface] Curvature computation complete.
[DEBUG getNormalsOnSurface] Saving PLY in ASCII mode...
[DEBUG] getNormalsOnSurface completed successfully. Result points: 11784
[DEBUG] Extracting normals from sampled cloud...

Total points: 11784
Number of clusters is equal to 2
Points in 
Cluster 1 : 4720
Cluster 2 : 4683
Points in two clusters / Total Points in Pointcloud: 79.79%
Points in two clusters / Total Points in all clusters: 100%
Calling mergeClusters function.
mergeClusters function called.
Sampled indices: 3278 894 3076 4377 3347 4602 4316 2036 2281 2574 327 4686 2073 4621 2948 958 3922 2167 1548 872 3811 1005 2334 1745 2844 3149 2392 2224 559 4211 
Normals flipped: true
  loading cloudForSpline.pcd
  4720 points in data set
  surface fitting ...
  loading cloudForSpline.pcd
  4683 points in data set
  surface fitting ...
[DEBUG] Saving surface cluster PLY files in ASCII mode...
[ADAPTIVE CLUSTER 1] N=2381, min=10, max=7143
PointCloud representing the Cluster: 2381 data points.
[ADAPTIVE BOUNDARY] Cluster 0 has 2381 points, spacing≈20.49mm, boundary_r=15mm
Successfully found 2 clusters after 1 iterations.
Ply to XYZ start

Time after processing: 1.377 seconds
Copied Point file: Pot_A_Piece_36_Point.pcd
Copied Mesh file: Pot_A_Piece_36_Mesh.obj

Selected file: Dataset/Point/Pot_A/Pot_A_Piece_36_Point.pcd
[DEBUG getNormalsOnSurface] Starting function. Input points: 11967
[DEBUG getNormalsOnSurface] Creating Eigen matrix...
[DEBUG getNormalsOnSurface] Writing matrix to XYZ file...
[DEBUG getNormalsOnSurface] Reading XYZ file: fileForNormalEst_Sampled.xyz
[DEBUG getNormalsOnSurface] XYZ file read successfully. Points loaded: 11967
[ADAPTIVE CGAL] Using 11 neighbors for 11967 points (density-aware)
[DEBUG getNormalsOnSurface] PCA normal estimation complete.
[DEBUG getNormalsOnSurface] Orienting normals with MST...
[DEBUG getNormalsOnSurface] MST orientation complete.
[DEBUG getNormalsOnSurface] Erased unoriented points. Remaining: 11967
[DEBUG getNormalsOnSurface] Computing curvature for 11967 points...
[ADAPTIVE CURVATURE] Using K=39 for 11967 points
[DEBUG getNormalsOnSurface] Curvature computation complete.
[DEBUG getNormalsOnSurface] Saving PLY in ASCII mode...
[DEBUG downsamplePointCloud] Saving PLY in ASCII mode to avoid camera data issues...
Starting processing on: Dataset/Point/Pot_A/Pot_A_Piece_36_Point.pcd
Starting surface segmentation on: Temp/Data/Pot_A/Pot_A_Piece_36_SampledWithNormals.ply
[DEBUG] Loading PLY file: Temp/Data/Pot_A/Pot_A_Piece_36_SampledWithNormals.ply
[DEBUG] PLY file loaded successfully. Points: 11967
[DEBUG] Converting PointNormal to PointXYZ...
[DEBUG] Conversion complete. Cloud size: 11967
[DEBUG] Calling getNormalsOnSurface...
[DEBUG] Input cloud size: 11967
[DEBUG getNormalsOnSurface] Starting function. Input points: 11967
[DEBUG getNormalsOnSurface] Creating Eigen matrix...
[DEBUG getNormalsOnSurface] Writing matrix to XYZ file...
[DEBUG getNormalsOnSurface] Reading XYZ file: fileForNormalEst_Sampled.xyz
[DEBUG getNormalsOnSurface] XYZ file read successfully. Points loaded: 11967
[ADAPTIVE CGAL] Using 11 neighbors for 11967 points (density-aware)
[DEBUG getNormalsOnSurface] PCA normal estimation complete.
[DEBUG getNormalsOnSurface] Orienting normals with MST...
[DEBUG getNormalsOnSurface] MST orientation complete.
[DEBUG getNormalsOnSurface] Erased unoriented points. Remaining: 11967
[DEBUG getNormalsOnSurface] Computing curvature for 11967 points...
[ADAPTIVE CURVATURE] Using K=39 for 11967 points
[DEBUG getNormalsOnSurface] Curvature computation complete.
[DEBUG getNormalsOnSurface] Saving PLY in ASCII mode...
[DEBUG] getNormalsOnSurface completed successfully. Result points: 11967
[DEBUG] Extracting normals from sampled cloud...

Total points: 11967
Number of clusters is equal to 6
Points in 
Cluster 1 : 4404
Cluster 2 : 4071
Cluster 3 : 86
Cluster 4 : 71
Cluster 5 : 68
Cluster 6 : 66
Points in two clusters / Total Points in Pointcloud: 70.82%
Points in two clusters / Total Points in all clusters: 96.68%
Calling mergeClusters function.
mergeClusters function called.
Condition 1 (closest point pairs) passed for clusters 1 and 2
Condition 2 (normal vector similarity) passed for clusters 1 and 2
Condition 3 (boundary curvature similarity) passed for clusters 1 and 2
Verification failed (innerPoint selection) for clusters 1 and 2
Sampled indices: 3516 3820 2600 2105 2698 3084 1901 2769 2375 538 3792 1265 398 815 3493 2886 1330 1225 1992 57 1516 293 213 2331 2204 3310 2513 2880 2101 2715 
Normals flipped: true
  loading cloudForSpline.pcd
  4404 points in data set
  surface fitting ...
  loading cloudForSpline.pcd
  4071 points in data set
  surface fitting ...
[DEBUG] Saving surface cluster PLY files in ASCII mode...
[ADAPTIVE CLUSTER 1] N=3201, min=10, max=9603
PointCloud representing the Cluster: 3201 data points.
[ADAPTIVE BOUNDARY] Cluster 0 has 3201 points, spacing≈17.67mm, boundary_r=15mm
Successfully found 6 clusters after 1 iterations.
Ply to XYZ start

Time after processing: 1.779 seconds
Copied Point file: Pot_A_Piece_37_Point.pcd
Copied Mesh file: Pot_A_Piece_37_Mesh.obj

Selected file: Dataset/Point/Pot_A/Pot_A_Piece_37_Point.pcd
[DEBUG getNormalsOnSurface] Starting function. Input points: 10537
[DEBUG getNormalsOnSurface] Creating Eigen matrix...
[DEBUG getNormalsOnSurface] Writing matrix to XYZ file...
[DEBUG getNormalsOnSurface] Reading XYZ file: fileForNormalEst_Sampled.xyz
[DEBUG getNormalsOnSurface] XYZ file read successfully. Points loaded: 10537
[ADAPTIVE CGAL] Using 10 neighbors for 10537 points (density-aware)
[DEBUG getNormalsOnSurface] PCA normal estimation complete.
[DEBUG getNormalsOnSurface] Orienting normals with MST...
[DEBUG getNormalsOnSurface] MST orientation complete.
[DEBUG getNormalsOnSurface] Erased unoriented points. Remaining: 10537
[DEBUG getNormalsOnSurface] Computing curvature for 10537 points...
[ADAPTIVE CURVATURE] Using K=35 for 10537 points
[DEBUG getNormalsOnSurface] Curvature computation complete.
[DEBUG getNormalsOnSurface] Saving PLY in ASCII mode...
[DEBUG downsamplePointCloud] Saving PLY in ASCII mode to avoid camera data issues...
Starting processing on: Dataset/Point/Pot_A/Pot_A_Piece_37_Point.pcd
Starting surface segmentation on: Temp/Data/Pot_A/Pot_A_Piece_37_SampledWithNormals.ply
[DEBUG] Loading PLY file: Temp/Data/Pot_A/Pot_A_Piece_37_SampledWithNormals.ply
[DEBUG] PLY file loaded successfully. Points: 10537
[DEBUG] Converting PointNormal to PointXYZ...
[DEBUG] Conversion complete. Cloud size: 10537
[DEBUG] Calling getNormalsOnSurface...
[DEBUG] Input cloud size: 10537
[DEBUG getNormalsOnSurface] Starting function. Input points: 10537
[DEBUG getNormalsOnSurface] Creating Eigen matrix...
[DEBUG getNormalsOnSurface] Writing matrix to XYZ file...
[DEBUG getNormalsOnSurface] Reading XYZ file: fileForNormalEst_Sampled.xyz
[DEBUG getNormalsOnSurface] XYZ file read successfully. Points loaded: 10537
[ADAPTIVE CGAL] Using 10 neighbors for 10537 points (density-aware)
[DEBUG getNormalsOnSurface] PCA normal estimation complete.
[DEBUG getNormalsOnSurface] Orienting normals with MST...
[DEBUG getNormalsOnSurface] MST orientation complete.
[DEBUG getNormalsOnSurface] Erased unoriented points. Remaining: 10537
[DEBUG getNormalsOnSurface] Computing curvature for 10537 points...
[ADAPTIVE CURVATURE] Using K=35 for 10537 points
[DEBUG getNormalsOnSurface] Curvature computation complete.
[DEBUG getNormalsOnSurface] Saving PLY in ASCII mode...
[DEBUG] getNormalsOnSurface completed successfully. Result points: 10537
[DEBUG] Extracting normals from sampled cloud...

Total points: 10537
Number of clusters is equal to 5
Points in 
Cluster 1 : 3631
Cluster 2 : 3576
Cluster 3 : 115
Cluster 4 : 83
Cluster 5 : 54
Points in two clusters / Total Points in Pointcloud: 68.4%
Points in two clusters / Total Points in all clusters: 96.62%
Calling mergeClusters function.
mergeClusters function called.
Sampled indices: 1145 2143 2828 1732 636 818 2394 314 1203 30 2228 2117 466 2398 793 698 2138 993 3184 3260 592 1461 2342 2016 85 1867 968 1571 981 249 
Normals flipped: true
  loading cloudForSpline.pcd
  3631 points in data set
  surface fitting ...
  loading cloudForSpline.pcd
  3576 points in data set
  surface fitting ...
[DEBUG] Saving surface cluster PLY files in ASCII mode...
[ADAPTIVE CLUSTER 1] N=3078, min=10, max=9234
PointCloud representing the Cluster: 3078 data points.
[ADAPTIVE BOUNDARY] Cluster 0 has 3078 points, spacing≈18.02mm, boundary_r=15mm
Successfully found 5 clusters after 1 iterations.
Ply to XYZ start

Time after processing: 1.413 seconds
Copied Point file: Pot_A_Piece_38_Point.pcd
Copied Mesh file: Pot_A_Piece_38_Mesh.obj

Selected file: Dataset/Point/Pot_A/Pot_A_Piece_38_Point.pcd
[DEBUG getNormalsOnSurface] Starting function. Input points: 11817
[DEBUG getNormalsOnSurface] Creating Eigen matrix...
[DEBUG getNormalsOnSurface] Writing matrix to XYZ file...
[DEBUG getNormalsOnSurface] Reading XYZ file: fileForNormalEst_Sampled.xyz
[DEBUG getNormalsOnSurface] XYZ file read successfully. Points loaded: 11817
[ADAPTIVE CGAL] Using 11 neighbors for 11817 points (density-aware)
[DEBUG getNormalsOnSurface] PCA normal estimation complete.
[DEBUG getNormalsOnSurface] Orienting normals with MST...
[DEBUG getNormalsOnSurface] MST orientation complete.
[DEBUG getNormalsOnSurface] Erased unoriented points. Remaining: 11817
[DEBUG getNormalsOnSurface] Computing curvature for 11817 points...
[ADAPTIVE CURVATURE] Using K=39 for 11817 points
[DEBUG getNormalsOnSurface] Curvature computation complete.
[DEBUG getNormalsOnSurface] Saving PLY in ASCII mode...
[DEBUG downsamplePointCloud] Saving PLY in ASCII mode to avoid camera data issues...
Starting processing on: Dataset/Point/Pot_A/Pot_A_Piece_38_Point.pcd
Starting surface segmentation on: Temp/Data/Pot_A/Pot_A_Piece_38_SampledWithNormals.ply
[DEBUG] Loading PLY file: Temp/Data/Pot_A/Pot_A_Piece_38_SampledWithNormals.ply
[DEBUG] PLY file loaded successfully. Points: 11817
[DEBUG] Converting PointNormal to PointXYZ...
[DEBUG] Conversion complete. Cloud size: 11817
[DEBUG] Calling getNormalsOnSurface...
[DEBUG] Input cloud size: 11817
[DEBUG getNormalsOnSurface] Starting function. Input points: 11817
[DEBUG getNormalsOnSurface] Creating Eigen matrix...
[DEBUG getNormalsOnSurface] Writing matrix to XYZ file...
[DEBUG getNormalsOnSurface] Reading XYZ file: fileForNormalEst_Sampled.xyz
[DEBUG getNormalsOnSurface] XYZ file read successfully. Points loaded: 11817
[ADAPTIVE CGAL] Using 11 neighbors for 11817 points (density-aware)
[DEBUG getNormalsOnSurface] PCA normal estimation complete.
[DEBUG getNormalsOnSurface] Orienting normals with MST...
[DEBUG getNormalsOnSurface] MST orientation complete.
[DEBUG getNormalsOnSurface] Erased unoriented points. Remaining: 11817
[DEBUG getNormalsOnSurface] Computing curvature for 11817 points...
[ADAPTIVE CURVATURE] Using K=39 for 11817 points
[DEBUG getNormalsOnSurface] Curvature computation complete.
[DEBUG getNormalsOnSurface] Saving PLY in ASCII mode...
[DEBUG] getNormalsOnSurface completed successfully. Result points: 11817
[DEBUG] Extracting normals from sampled cloud...

Total points: 11817
Number of clusters is equal to 6
Points in 
Cluster 1 : 3775
Cluster 2 : 2709
Cluster 3 : 1873
Cluster 4 : 96
Cluster 5 : 68
Cluster 6 : 58
Points in two clusters / Total Points in Pointcloud: 54.87%
Points in two clusters / Total Points in all clusters: 75.58%
Calling mergeClusters function.
mergeClusters function called.
Sampled indices: 1569 894 38 3725 3160 2274 2041 413 3415 2975 59 368 1587 2889 429 542 40 448 1543 3290 1898 495 3599 987 1948 2080 1458 2064 3135 908 
Normals flipped: true
  loading cloudForSpline.pcd
  3775 points in data set
  surface fitting ...
  loading cloudForSpline.pcd
  2709 points in data set
  surface fitting ...
[DEBUG] Saving surface cluster PLY files in ASCII mode...
[ADAPTIVE CLUSTER 1] N=3238, min=10, max=9714
PointCloud representing the Cluster: 3238 data points.
[ADAPTIVE BOUNDARY] Cluster 0 has 3238 points, spacing≈17.57mm, boundary_r=15mm
Successfully found 6 clusters after 1 iterations.
Ply to XYZ start

Time after processing: 1.636 seconds
Copied Point file: Pot_A_Piece_39_Point.pcd
Copied Mesh file: Pot_A_Piece_39_Mesh.obj

Selected file: Dataset/Point/Pot_A/Pot_A_Piece_39_Point.pcd
[DEBUG getNormalsOnSurface] Starting function. Input points: 9571
[DEBUG getNormalsOnSurface] Creating Eigen matrix...
[DEBUG getNormalsOnSurface] Writing matrix to XYZ file...
[DEBUG getNormalsOnSurface] Reading XYZ file: fileForNormalEst_Sampled.xyz
[DEBUG getNormalsOnSurface] XYZ file read successfully. Points loaded: 9571
[ADAPTIVE CGAL] Using 9 neighbors for 9571 points (density-aware)
[DEBUG getNormalsOnSurface] PCA normal estimation complete.
[DEBUG getNormalsOnSurface] Orienting normals with MST...
[DEBUG getNormalsOnSurface] MST orientation complete.
[DEBUG getNormalsOnSurface] Erased unoriented points. Remaining: 9571
[DEBUG getNormalsOnSurface] Computing curvature for 9571 points...
[ADAPTIVE CURVATURE] Using K=31 for 9571 points
[DEBUG getNormalsOnSurface] Curvature computation complete.
[DEBUG getNormalsOnSurface] Saving PLY in ASCII mode...
[DEBUG downsamplePointCloud] Saving PLY in ASCII mode to avoid camera data issues...
Starting processing on: Dataset/Point/Pot_A/Pot_A_Piece_39_Point.pcd
Starting surface segmentation on: Temp/Data/Pot_A/Pot_A_Piece_39_SampledWithNormals.ply
[DEBUG] Loading PLY file: Temp/Data/Pot_A/Pot_A_Piece_39_SampledWithNormals.ply
[DEBUG] PLY file loaded successfully. Points: 9571
[DEBUG] Converting PointNormal to PointXYZ...
[DEBUG] Conversion complete. Cloud size: 9571
[DEBUG] Calling getNormalsOnSurface...
[DEBUG] Input cloud size: 9571
[DEBUG getNormalsOnSurface] Starting function. Input points: 9571
[DEBUG getNormalsOnSurface] Creating Eigen matrix...
[DEBUG getNormalsOnSurface] Writing matrix to XYZ file...
[DEBUG getNormalsOnSurface] Reading XYZ file: fileForNormalEst_Sampled.xyz
[DEBUG getNormalsOnSurface] XYZ file read successfully. Points loaded: 9571
[ADAPTIVE CGAL] Using 9 neighbors for 9571 points (density-aware)
[DEBUG getNormalsOnSurface] PCA normal estimation complete.
[DEBUG getNormalsOnSurface] Orienting normals with MST...
[DEBUG getNormalsOnSurface] MST orientation complete.
[DEBUG getNormalsOnSurface] Erased unoriented points. Remaining: 9571
[DEBUG getNormalsOnSurface] Computing curvature for 9571 points...
[ADAPTIVE CURVATURE] Using K=31 for 9571 points
[DEBUG getNormalsOnSurface] Curvature computation complete.
[DEBUG getNormalsOnSurface] Saving PLY in ASCII mode...
[DEBUG] getNormalsOnSurface completed successfully. Result points: 9571
[DEBUG] Extracting normals from sampled cloud...

Total points: 9571
Number of clusters is equal to 5
Points in 
Cluster 1 : 2706
Cluster 2 : 1424
Cluster 3 : 980
Cluster 4 : 501
Cluster 5 : 85
Points in two clusters / Total Points in Pointcloud: 43.15%
Points in two clusters / Total Points in all clusters: 72.51%
Calling mergeClusters function.
mergeClusters function called.
Sampled indices: 2561 2359 723 661 2282 189 2076 2072 2150 1039 1900 1017 26 834 914 150 1534 143 1637 644 1493 2259 1231 89 1754 14 984 803 708 1137 
Normals flipped: true
  loading cloudForSpline.pcd
  2706 points in data set
  surface fitting ...
  loading cloudForSpline.pcd
  1424 points in data set
  surface fitting ...
[DEBUG] Saving surface cluster PLY files in ASCII mode...
[ADAPTIVE CLUSTER 1] N=3875, min=10, max=11625
PointCloud representing the Cluster: 3875 data points.
[ADAPTIVE BOUNDARY] Cluster 0 has 3875 points, spacing≈16.06mm, boundary_r=15mm
Successfully found 5 clusters after 1 iterations.
Ply to XYZ start

Time after processing: 1.594 seconds
Copied Point file: Pot_A_Piece_40_Point.pcd
Copied Mesh file: Pot_A_Piece_40_Mesh.obj

Selected file: Dataset/Point/Pot_A/Pot_A_Piece_40_Point.pcd
[DEBUG getNormalsOnSurface] Starting function. Input points: 11485
[DEBUG getNormalsOnSurface] Creating Eigen matrix...
[DEBUG getNormalsOnSurface] Writing matrix to XYZ file...
[DEBUG getNormalsOnSurface] Reading XYZ file: fileForNormalEst_Sampled.xyz
[DEBUG getNormalsOnSurface] XYZ file read successfully. Points loaded: 11485
[ADAPTIVE CGAL] Using 11 neighbors for 11485 points (density-aware)
[DEBUG getNormalsOnSurface] PCA normal estimation complete.
[DEBUG getNormalsOnSurface] Orienting normals with MST...
[DEBUG getNormalsOnSurface] MST orientation complete.
[DEBUG getNormalsOnSurface] Erased unoriented points. Remaining: 11485
[DEBUG getNormalsOnSurface] Computing curvature for 11485 points...
[ADAPTIVE CURVATURE] Using K=38 for 11485 points
[DEBUG getNormalsOnSurface] Curvature computation complete.
[DEBUG getNormalsOnSurface] Saving PLY in ASCII mode...
[DEBUG downsamplePointCloud] Saving PLY in ASCII mode to avoid camera data issues...
Starting processing on: Dataset/Point/Pot_A/Pot_A_Piece_40_Point.pcd
Starting surface segmentation on: Temp/Data/Pot_A/Pot_A_Piece_40_SampledWithNormals.ply
[DEBUG] Loading PLY file: Temp/Data/Pot_A/Pot_A_Piece_40_SampledWithNormals.ply
[DEBUG] PLY file loaded successfully. Points: 11485
[DEBUG] Converting PointNormal to PointXYZ...
[DEBUG] Conversion complete. Cloud size: 11485
[DEBUG] Calling getNormalsOnSurface...
[DEBUG] Input cloud size: 11485
[DEBUG getNormalsOnSurface] Starting function. Input points: 11485
[DEBUG getNormalsOnSurface] Creating Eigen matrix...
[DEBUG getNormalsOnSurface] Writing matrix to XYZ file...
[DEBUG getNormalsOnSurface] Reading XYZ file: fileForNormalEst_Sampled.xyz
[DEBUG getNormalsOnSurface] XYZ file read successfully. Points loaded: 11485
[ADAPTIVE CGAL] Using 11 neighbors for 11485 points (density-aware)
[DEBUG getNormalsOnSurface] PCA normal estimation complete.
[DEBUG getNormalsOnSurface] Orienting normals with MST...
[DEBUG getNormalsOnSurface] MST orientation complete.
[DEBUG getNormalsOnSurface] Erased unoriented points. Remaining: 11485
[DEBUG getNormalsOnSurface] Computing curvature for 11485 points...
[ADAPTIVE CURVATURE] Using K=38 for 11485 points
[DEBUG getNormalsOnSurface] Curvature computation complete.
[DEBUG getNormalsOnSurface] Saving PLY in ASCII mode...
[DEBUG] getNormalsOnSurface completed successfully. Result points: 11485
[DEBUG] Extracting normals from sampled cloud...

Total points: 11485
Number of clusters is equal to 2
Points in 
Cluster 1 : 4498
Cluster 2 : 4260
Points in two clusters / Total Points in Pointcloud: 76.26%
Points in two clusters / Total Points in all clusters: 100%
Calling mergeClusters function.
mergeClusters function called.
Sampled indices: 3735 1879 3155 2111 2331 2176 1653 2083 3922 2134 178 3158 3616 1675 4456 1535 120 1717 1183 2684 233 283 3644 2291 1924 3956 173 2784 1599 1709 
Normals flipped: true
  loading cloudForSpline.pcd
  4498 points in data set
  surface fitting ...
  loading cloudForSpline.pcd
  4260 points in data set
  surface fitting ...
[DEBUG] Saving surface cluster PLY files in ASCII mode...
[ADAPTIVE CLUSTER 1] N=2727, min=10, max=8181
PointCloud representing the Cluster: 2727 data points.
[ADAPTIVE BOUNDARY] Cluster 0 has 2727 points, spacing≈19.15mm, boundary_r=15mm
Successfully found 2 clusters after 1 iterations.
Ply to XYZ start

Time after processing: 1.394 seconds
Total time elapsed: 49.43 seconds
NURBS surface generation completed at: Thu 23 Oct 2025 01:13:15 AEDT
Surface files generated:
Found 80 surface files (expected 80 for 40 pieces)
=== Step 2: NURBS Edge Line Extraction ===
This will take approximately 1-2 hours for 40 pieces...
Running NURBS EdgeLineExtractionHeadless...
Processing directory: Temp/
Surface 0 point cloud file: Temp/Data/Pot_A/Pot_A_Piece_01_Surface_0.xyz
Surface 1 point cloud file: Temp/Data/Pot_A/Pot_A_Piece_01_Surface_1.xyz
Fragment: Temp/Data/Pot_A/Pot_A_Piece_01_Mesh.obj

Cleaning surface point cloud...
Estimating patch normals and breaklines...
Getting the inital boundary...
[ADAPTIVE BOUNDARY EDGE] 5740 points, spacing≈13.1991mm, boundary_r=15mm
[ADAPTIVE OUTLIER] 86 boundary points, outlier_r=20mm, min_neighbors=3
[ADAPTIVE SEQUENCING] Boundary has 86 points, using K=8 for point sequencing
[EDGELINE DEBUG] Saving breakLineFromConcaveHull in ASCII mode...
Initiating uniform sampling and smoothing of breakline segments...
[BREAKLINE DEBUG] Input points: 26, avgSpacing: 0.00565891m (5.65891mm), adaptiveRadius: 0.005m (5mm)
[BREAKLINE DEBUG] Smoothed breakline output points: 21
  loading Temp/Temp_edge/Pot_A/cloudForSpline.pcd
  5740 points in data set
  surface fitting ...
Surface refinement
Surface fitting with final refinement level
Evaluating points on surface
2
CountClock Wise - Right
Detecting separate line segments...
[ADAPTIVE WINDOW] Small breakline (21 points) using window len=4
ected segments = 
Detecting rim...
C1 0.00180121 C2 0.00152628
Mean = 0.00166374
C1 0.00180121 C2 0.00152628
Mean = 0.00166374
ERROR: Edge line extraction failed
