=== NURBS Preprocessing Pipeline for Tray-000 (40 pieces) ===
Started: Thu 23 Oct 2025 11:10:40 AEDT
Job ID: 16992546
=== Step 0: Verify Input Data ===
CloudCompare PCD files:
Found 40 PCD files in Pot_A/
Verification passed: 40 PCD files ready for NURBS processing
Cleaning previous NURBS outputs for Pot_A...
Removing old surface files (.xyz)...
Removing old intermediate PLY files...
Removing old breakline and surface files...
Removing old segment files...
Removing old axis files...
=== Step 1: NURBS Surface Generation (40 pieces) ===
This will take approximately 2-3 hours for 40 pieces...
Running NURBS MeshPreprocessingHeadless...
Copied Point file: Pot_A_Piece_01_Point.pcd
Copied Mesh file: Pot_A_Piece_01_Mesh.obj

Selected file: Dataset/Point/Pot_A/Pot_A_Piece_01_Point.pcd
[DEBUG getNormalsOnSurface] Starting function. Input points: 8045
[DEBUG getNormalsOnSurface] Creating Eigen matrix...
[DEBUG getNormalsOnSurface] Writing matrix to XYZ file...
[DEBUG getNormalsOnSurface] Reading XYZ file: fileForNormalEst_Sampled.xyz
[DEBUG getNormalsOnSurface] XYZ file read successfully. Points loaded: 8045
[ADAPTIVE CGAL] Using 8 neighbors for 8045 points (density-aware)
[DEBUG getNormalsOnSurface] PCA normal estimation complete.
[DEBUG getNormalsOnSurface] Orienting normals with MST...
[DEBUG getNormalsOnSurface] MST orientation complete.
[DEBUG getNormalsOnSurface] Erased unoriented points. Remaining: 8045
[DEBUG getNormalsOnSurface] Computing curvature for 8045 points...
[ADAPTIVE CURVATURE] Using K=26 for 8045 points
[DEBUG getNormalsOnSurface] Curvature computation complete.
[DEBUG getNormalsOnSurface] Saving PLY in ASCII mode...
[DEBUG downsamplePointCloud] Saving PLY in ASCII mode to avoid camera data issues...
Starting processing on: Dataset/Point/Pot_A/Pot_A_Piece_01_Point.pcd
Starting surface segmentation on: Temp/Data/Pot_A/Pot_A_Piece_01_SampledWithNormals.ply
[DEBUG] Loading PLY file: Temp/Data/Pot_A/Pot_A_Piece_01_SampledWithNormals.ply
[DEBUG] PLY file loaded successfully. Points: 8045
[DEBUG] Converting PointNormal to PointXYZ...
[DEBUG] Conversion complete. Cloud size: 8045
[DEBUG] Calling getNormalsOnSurface...
[DEBUG] Input cloud size: 8045
[DEBUG getNormalsOnSurface] Starting function. Input points: 8045
[DEBUG getNormalsOnSurface] Creating Eigen matrix...
[DEBUG getNormalsOnSurface] Writing matrix to XYZ file...
[DEBUG getNormalsOnSurface] Reading XYZ file: fileForNormalEst_Sampled.xyz
[DEBUG getNormalsOnSurface] XYZ file read successfully. Points loaded: 8045
[ADAPTIVE CGAL] Using 8 neighbors for 8045 points (density-aware)
[DEBUG getNormalsOnSurface] PCA normal estimation complete.
[DEBUG getNormalsOnSurface] Orienting normals with MST...
[DEBUG getNormalsOnSurface] MST orientation complete.
[DEBUG getNormalsOnSurface] Erased unoriented points. Remaining: 8045
[DEBUG getNormalsOnSurface] Computing curvature for 8045 points...
[ADAPTIVE CURVATURE] Using K=26 for 8045 points
[DEBUG getNormalsOnSurface] Curvature computation complete.
[DEBUG getNormalsOnSurface] Saving PLY in ASCII mode...
[DEBUG] getNormalsOnSurface completed successfully. Result points: 8045
[DEBUG] Extracting normals from sampled cloud...

Total points: 8045
Number of clusters is equal to 3
Points in 
Cluster 1 : 2651
Cluster 2 : 2534
Cluster 3 : 59
Points in two clusters / Total Points in Pointcloud: 64.45%
Points in two clusters / Total Points in all clusters: 98.87%
Calling mergeClusters function.
mergeClusters function called.
Sampled indices: 1872 2502 2533 103 1001 2519 558 879 379 1543 276 1451 239 2492 1404 940 1742 187 995 710 233 492 1136 1307 1907 1323 2502 1808 1956 2554 
Normals flipped: true
  loading cloudForSpline.pcd
  2651 points in data set
  surface fitting ...
  loading cloudForSpline.pcd
  2534 points in data set
  surface fitting ...
[DEBUG] Saving surface cluster PLY files in ASCII mode...
[ADAPTIVE CLUSTER 1] N=2801, min=10, max=8403
PointCloud representing the Cluster: 2801 data points.
[ADAPTIVE BOUNDARY] Cluster 0 has 2801 points, spacing≈18.89mm, boundary_r=15mm
Successfully found 3 clusters after 1 iterations.
Ply to XYZ start

Time after processing: 4.33 seconds
Copied Point file: Pot_A_Piece_02_Point.pcd
Copied Mesh file: Pot_A_Piece_02_Mesh.obj

Selected file: Dataset/Point/Pot_A/Pot_A_Piece_02_Point.pcd
[DEBUG getNormalsOnSurface] Starting function. Input points: 10240
[DEBUG getNormalsOnSurface] Creating Eigen matrix...
[DEBUG getNormalsOnSurface] Writing matrix to XYZ file...
[DEBUG getNormalsOnSurface] Reading XYZ file: fileForNormalEst_Sampled.xyz
[DEBUG getNormalsOnSurface] XYZ file read successfully. Points loaded: 10240
[ADAPTIVE CGAL] Using 10 neighbors for 10240 points (density-aware)
[DEBUG getNormalsOnSurface] PCA normal estimation complete.
[DEBUG getNormalsOnSurface] Orienting normals with MST...
[DEBUG getNormalsOnSurface] MST orientation complete.
[DEBUG getNormalsOnSurface] Erased unoriented points. Remaining: 10240
[DEBUG getNormalsOnSurface] Computing curvature for 10240 points...
[ADAPTIVE CURVATURE] Using K=34 for 10240 points
[DEBUG getNormalsOnSurface] Curvature computation complete.
[DEBUG getNormalsOnSurface] Saving PLY in ASCII mode...
[DEBUG downsamplePointCloud] Saving PLY in ASCII mode to avoid camera data issues...
Starting processing on: Dataset/Point/Pot_A/Pot_A_Piece_02_Point.pcd
Starting surface segmentation on: Temp/Data/Pot_A/Pot_A_Piece_02_SampledWithNormals.ply
[DEBUG] Loading PLY file: Temp/Data/Pot_A/Pot_A_Piece_02_SampledWithNormals.ply
[DEBUG] PLY file loaded successfully. Points: 10240
[DEBUG] Converting PointNormal to PointXYZ...
[DEBUG] Conversion complete. Cloud size: 10240
[DEBUG] Calling getNormalsOnSurface...
[DEBUG] Input cloud size: 10240
[DEBUG getNormalsOnSurface] Starting function. Input points: 10240
[DEBUG getNormalsOnSurface] Creating Eigen matrix...
[DEBUG getNormalsOnSurface] Writing matrix to XYZ file...
[DEBUG getNormalsOnSurface] Reading XYZ file: fileForNormalEst_Sampled.xyz
[DEBUG getNormalsOnSurface] XYZ file read successfully. Points loaded: 10240
[ADAPTIVE CGAL] Using 10 neighbors for 10240 points (density-aware)
[DEBUG getNormalsOnSurface] PCA normal estimation complete.
[DEBUG getNormalsOnSurface] Orienting normals with MST...
[DEBUG getNormalsOnSurface] MST orientation complete.
[DEBUG getNormalsOnSurface] Erased unoriented points. Remaining: 10240
[DEBUG getNormalsOnSurface] Computing curvature for 10240 points...
[ADAPTIVE CURVATURE] Using K=34 for 10240 points
[DEBUG getNormalsOnSurface] Curvature computation complete.
[DEBUG getNormalsOnSurface] Saving PLY in ASCII mode...
[DEBUG] getNormalsOnSurface completed successfully. Result points: 10240
[DEBUG] Extracting normals from sampled cloud...

Total points: 10240
Number of clusters is equal to 9
Points in 
Cluster 1 : 3139
Cluster 2 : 2972
Cluster 3 : 521
Cluster 4 : 207
Cluster 5 : 80
Cluster 6 : 73
Cluster 7 : 61
Cluster 8 : 59
Cluster 9 : 56
Points in two clusters / Total Points in Pointcloud: 59.68%
Points in two clusters / Total Points in all clusters: 85.25%
Calling mergeClusters function.
mergeClusters function called.
Condition 1 (closest point pairs) passed for clusters 0 and 5
Condition 2 (normal vector similarity) passed for clusters 0 and 5
Condition 3 (boundary curvature similarity) passed for clusters 0 and 5
Verification failed (innerPoint selection) for clusters 0 and 5
Sampled indices: 1891 2574 2646 916 1132 1455 1854 2952 305 2585 1615 1338 106 3050 104 2288 878 104 404 874 663 1198 3047 522 2425 1359 1615 911 3130 1466 
Normals flipped: true
  loading cloudForSpline.pcd
  3139 points in data set
  surface fitting ...
  loading cloudForSpline.pcd
  2972 points in data set
  surface fitting ...
[DEBUG] Saving surface cluster PLY files in ASCII mode...
[ADAPTIVE CLUSTER 1] N=3072, min=10, max=9216
PointCloud representing the Cluster: 3072 data points.
[ADAPTIVE BOUNDARY] Cluster 0 has 3072 points, spacing≈18.04mm, boundary_r=15mm
Successfully found 9 clusters after 1 iterations.
Ply to XYZ start

Time after processing: 5.998 seconds
Copied Point file: Pot_A_Piece_03_Point.pcd
Copied Mesh file: Pot_A_Piece_03_Mesh.obj

Selected file: Dataset/Point/Pot_A/Pot_A_Piece_03_Point.pcd
[DEBUG getNormalsOnSurface] Starting function. Input points: 9237
[DEBUG getNormalsOnSurface] Creating Eigen matrix...
[DEBUG getNormalsOnSurface] Writing matrix to XYZ file...
[DEBUG getNormalsOnSurface] Reading XYZ file: fileForNormalEst_Sampled.xyz
[DEBUG getNormalsOnSurface] XYZ file read successfully. Points loaded: 9237
[ADAPTIVE CGAL] Using 9 neighbors for 9237 points (density-aware)
[DEBUG getNormalsOnSurface] PCA normal estimation complete.
[DEBUG getNormalsOnSurface] Orienting normals with MST...
[DEBUG getNormalsOnSurface] MST orientation complete.
[DEBUG getNormalsOnSurface] Erased unoriented points. Remaining: 9237
[DEBUG getNormalsOnSurface] Computing curvature for 9237 points...
[ADAPTIVE CURVATURE] Using K=30 for 9237 points
[DEBUG getNormalsOnSurface] Curvature computation complete.
[DEBUG getNormalsOnSurface] Saving PLY in ASCII mode...
[DEBUG downsamplePointCloud] Saving PLY in ASCII mode to avoid camera data issues...
Starting processing on: Dataset/Point/Pot_A/Pot_A_Piece_03_Point.pcd
Starting surface segmentation on: Temp/Data/Pot_A/Pot_A_Piece_03_SampledWithNormals.ply
[DEBUG] Loading PLY file: Temp/Data/Pot_A/Pot_A_Piece_03_SampledWithNormals.ply
[DEBUG] PLY file loaded successfully. Points: 9237
[DEBUG] Converting PointNormal to PointXYZ...
[DEBUG] Conversion complete. Cloud size: 9237
[DEBUG] Calling getNormalsOnSurface...
[DEBUG] Input cloud size: 9237
[DEBUG getNormalsOnSurface] Starting function. Input points: 9237
[DEBUG getNormalsOnSurface] Creating Eigen matrix...
[DEBUG getNormalsOnSurface] Writing matrix to XYZ file...
[DEBUG getNormalsOnSurface] Reading XYZ file: fileForNormalEst_Sampled.xyz
[DEBUG getNormalsOnSurface] XYZ file read successfully. Points loaded: 9237
[ADAPTIVE CGAL] Using 9 neighbors for 9237 points (density-aware)
[DEBUG getNormalsOnSurface] PCA normal estimation complete.
[DEBUG getNormalsOnSurface] Orienting normals with MST...
[DEBUG getNormalsOnSurface] MST orientation complete.
[DEBUG getNormalsOnSurface] Erased unoriented points. Remaining: 9237
[DEBUG getNormalsOnSurface] Computing curvature for 9237 points...
[ADAPTIVE CURVATURE] Using K=30 for 9237 points
[DEBUG getNormalsOnSurface] Curvature computation complete.
[DEBUG getNormalsOnSurface] Saving PLY in ASCII mode...
[DEBUG] getNormalsOnSurface completed successfully. Result points: 9237
[DEBUG] Extracting normals from sampled cloud...

Total points: 9237
Number of clusters is equal to 4
Points in 
Cluster 1 : 3083
Cluster 2 : 1992
Cluster 3 : 1546
Cluster 4 : 76
Points in two clusters / Total Points in Pointcloud: 54.94%
Points in two clusters / Total Points in all clusters: 75.78%
Calling mergeClusters function.
mergeClusters function called.
Sampled indices: 1384 2161 1373 2587 2069 1580 2918 348 5 2797 598 1166 750 3065 1119 2058 1528 60 1419 164 1426 198 1594 782 2285 2739 1378 2860 2018 2622 
Normals flipped: true
  loading cloudForSpline.pcd
  3083 points in data set
  surface fitting ...
  loading cloudForSpline.pcd
  1992 points in data set
  surface fitting ...
[DEBUG] Saving surface cluster PLY files in ASCII mode...
[ADAPTIVE CLUSTER 1] N=2540, min=10, max=7620
PointCloud representing the Cluster: 2540 data points.
[ADAPTIVE BOUNDARY] Cluster 0 has 2540 points, spacing≈19.84mm, boundary_r=15mm
Successfully found 4 clusters after 1 iterations.
Ply to XYZ start

Time after processing: 4.089 seconds
Copied Point file: Pot_A_Piece_04_Point.pcd
Copied Mesh file: Pot_A_Piece_04_Mesh.obj

Selected file: Dataset/Point/Pot_A/Pot_A_Piece_04_Point.pcd
[DEBUG getNormalsOnSurface] Starting function. Input points: 10794
[DEBUG getNormalsOnSurface] Creating Eigen matrix...
[DEBUG getNormalsOnSurface] Writing matrix to XYZ file...
[DEBUG getNormalsOnSurface] Reading XYZ file: fileForNormalEst_Sampled.xyz
[DEBUG getNormalsOnSurface] XYZ file read successfully. Points loaded: 10794
[ADAPTIVE CGAL] Using 10 neighbors for 10794 points (density-aware)
[DEBUG getNormalsOnSurface] PCA normal estimation complete.
[DEBUG getNormalsOnSurface] Orienting normals with MST...
[DEBUG getNormalsOnSurface] MST orientation complete.
[DEBUG getNormalsOnSurface] Erased unoriented points. Remaining: 10794
[DEBUG getNormalsOnSurface] Computing curvature for 10794 points...
[ADAPTIVE CURVATURE] Using K=35 for 10794 points
[DEBUG getNormalsOnSurface] Curvature computation complete.
[DEBUG getNormalsOnSurface] Saving PLY in ASCII mode...
[DEBUG downsamplePointCloud] Saving PLY in ASCII mode to avoid camera data issues...
Starting processing on: Dataset/Point/Pot_A/Pot_A_Piece_04_Point.pcd
Starting surface segmentation on: Temp/Data/Pot_A/Pot_A_Piece_04_SampledWithNormals.ply
[DEBUG] Loading PLY file: Temp/Data/Pot_A/Pot_A_Piece_04_SampledWithNormals.ply
[DEBUG] PLY file loaded successfully. Points: 10794
[DEBUG] Converting PointNormal to PointXYZ...
[DEBUG] Conversion complete. Cloud size: 10794
[DEBUG] Calling getNormalsOnSurface...
[DEBUG] Input cloud size: 10794
[DEBUG getNormalsOnSurface] Starting function. Input points: 10794
[DEBUG getNormalsOnSurface] Creating Eigen matrix...
[DEBUG getNormalsOnSurface] Writing matrix to XYZ file...
[DEBUG getNormalsOnSurface] Reading XYZ file: fileForNormalEst_Sampled.xyz
[DEBUG getNormalsOnSurface] XYZ file read successfully. Points loaded: 10794
[ADAPTIVE CGAL] Using 10 neighbors for 10794 points (density-aware)
[DEBUG getNormalsOnSurface] PCA normal estimation complete.
[DEBUG getNormalsOnSurface] Orienting normals with MST...
[DEBUG getNormalsOnSurface] MST orientation complete.
[DEBUG getNormalsOnSurface] Erased unoriented points. Remaining: 10794
[DEBUG getNormalsOnSurface] Computing curvature for 10794 points...
[ADAPTIVE CURVATURE] Using K=35 for 10794 points
[DEBUG getNormalsOnSurface] Curvature computation complete.
[DEBUG getNormalsOnSurface] Saving PLY in ASCII mode...
[DEBUG] getNormalsOnSurface completed successfully. Result points: 10794
[DEBUG] Extracting normals from sampled cloud...

Total points: 10794
Number of clusters is equal to 8
Points in 
Cluster 1 : 3491
Cluster 2 : 3202
Cluster 3 : 949
Cluster 4 : 255
Cluster 5 : 63
Cluster 6 : 62
Cluster 7 : 51
Cluster 8 : 51
Points in two clusters / Total Points in Pointcloud: 62.01%
Points in two clusters / Total Points in all clusters: 82.39%
Calling mergeClusters function.
mergeClusters function called.
Sampled indices: 2470 1559 3381 154 1368 503 2063 2271 938 333 2418 80 2735 2546 2747 911 153 1217 626 3434 2353 2816 1025 1424 1616 1021 3397 535 366 2233 
Normals flipped: true
  loading cloudForSpline.pcd
  3491 points in data set
  surface fitting ...
  loading cloudForSpline.pcd
  3202 points in data set
  surface fitting ...
[DEBUG] Saving surface cluster PLY files in ASCII mode...
[ADAPTIVE CLUSTER 1] N=2670, min=10, max=8010
PointCloud representing the Cluster: 2670 data points.
[ADAPTIVE BOUNDARY] Cluster 0 has 2670 points, spacing≈19.35mm, boundary_r=15mm
Successfully found 8 clusters after 1 iterations.
Ply to XYZ start

Time after processing: 5.311 seconds
Copied Point file: Pot_A_Piece_05_Point.pcd
Copied Mesh file: Pot_A_Piece_05_Mesh.obj

Selected file: Dataset/Point/Pot_A/Pot_A_Piece_05_Point.pcd
[DEBUG getNormalsOnSurface] Starting function. Input points: 8491
[DEBUG getNormalsOnSurface] Creating Eigen matrix...
[DEBUG getNormalsOnSurface] Writing matrix to XYZ file...
[DEBUG getNormalsOnSurface] Reading XYZ file: fileForNormalEst_Sampled.xyz
[DEBUG getNormalsOnSurface] XYZ file read successfully. Points loaded: 8491
[ADAPTIVE CGAL] Using 8 neighbors for 8491 points (density-aware)
[DEBUG getNormalsOnSurface] PCA normal estimation complete.
[DEBUG getNormalsOnSurface] Orienting normals with MST...
[DEBUG getNormalsOnSurface] MST orientation complete.
[DEBUG getNormalsOnSurface] Erased unoriented points. Remaining: 8491
[DEBUG getNormalsOnSurface] Computing curvature for 8491 points...
[ADAPTIVE CURVATURE] Using K=28 for 8491 points
[DEBUG getNormalsOnSurface] Curvature computation complete.
[DEBUG getNormalsOnSurface] Saving PLY in ASCII mode...
[DEBUG downsamplePointCloud] Saving PLY in ASCII mode to avoid camera data issues...
Starting processing on: Dataset/Point/Pot_A/Pot_A_Piece_05_Point.pcd
Starting surface segmentation on: Temp/Data/Pot_A/Pot_A_Piece_05_SampledWithNormals.ply
[DEBUG] Loading PLY file: Temp/Data/Pot_A/Pot_A_Piece_05_SampledWithNormals.ply
[DEBUG] PLY file loaded successfully. Points: 8491
[DEBUG] Converting PointNormal to PointXYZ...
[DEBUG] Conversion complete. Cloud size: 8491
[DEBUG] Calling getNormalsOnSurface...
[DEBUG] Input cloud size: 8491
[DEBUG getNormalsOnSurface] Starting function. Input points: 8491
[DEBUG getNormalsOnSurface] Creating Eigen matrix...
[DEBUG getNormalsOnSurface] Writing matrix to XYZ file...
[DEBUG getNormalsOnSurface] Reading XYZ file: fileForNormalEst_Sampled.xyz
[DEBUG getNormalsOnSurface] XYZ file read successfully. Points loaded: 8491
[ADAPTIVE CGAL] Using 8 neighbors for 8491 points (density-aware)
[DEBUG getNormalsOnSurface] PCA normal estimation complete.
[DEBUG getNormalsOnSurface] Orienting normals with MST...
[DEBUG getNormalsOnSurface] MST orientation complete.
[DEBUG getNormalsOnSurface] Erased unoriented points. Remaining: 8491
[DEBUG getNormalsOnSurface] Computing curvature for 8491 points...
[ADAPTIVE CURVATURE] Using K=28 for 8491 points
[DEBUG getNormalsOnSurface] Curvature computation complete.
[DEBUG getNormalsOnSurface] Saving PLY in ASCII mode...
[DEBUG] getNormalsOnSurface completed successfully. Result points: 8491
[DEBUG] Extracting normals from sampled cloud...

Total points: 8491
Number of clusters is equal to 3
Points in 
Cluster 1 : 3054
Cluster 2 : 2904
Cluster 3 : 53
Points in two clusters / Total Points in Pointcloud: 70.17%
Points in two clusters / Total Points in all clusters: 99.12%
Calling mergeClusters function.
mergeClusters function called.
Sampled indices: 1851 1594 28 1406 1683 96 1998 177 2291 1444 1548 1947 571 2953 788 294 1002 2940 2036 1805 359 298 1016 2210 1352 2880 2028 200 2154 1171 
Normals flipped: true
  loading cloudForSpline.pcd
  3054 points in data set
  surface fitting ...
  loading cloudForSpline.pcd
  2904 points in data set
  surface fitting ...
[DEBUG] Saving surface cluster PLY files in ASCII mode...
[ADAPTIVE CLUSTER 1] N=2480, min=10, max=7440
PointCloud representing the Cluster: 2480 data points.
[ADAPTIVE BOUNDARY] Cluster 0 has 2480 points, spacing≈20.08mm, boundary_r=15mm
Successfully found 3 clusters after 1 iterations.
Ply to XYZ start

Time after processing: 4.022 seconds
Copied Point file: Pot_A_Piece_06_Point.pcd
Copied Mesh file: Pot_A_Piece_06_Mesh.obj

Selected file: Dataset/Point/Pot_A/Pot_A_Piece_06_Point.pcd
[DEBUG getNormalsOnSurface] Starting function. Input points: 7916
[DEBUG getNormalsOnSurface] Creating Eigen matrix...
[DEBUG getNormalsOnSurface] Writing matrix to XYZ file...
[DEBUG getNormalsOnSurface] Reading XYZ file: fileForNormalEst_Sampled.xyz
[DEBUG getNormalsOnSurface] XYZ file read successfully. Points loaded: 7916
[ADAPTIVE CGAL] Using 7 neighbors for 7916 points (density-aware)
[DEBUG getNormalsOnSurface] PCA normal estimation complete.
[DEBUG getNormalsOnSurface] Orienting normals with MST...
[DEBUG getNormalsOnSurface] MST orientation complete.
[DEBUG getNormalsOnSurface] Erased unoriented points. Remaining: 7916
[DEBUG getNormalsOnSurface] Computing curvature for 7916 points...
[ADAPTIVE CURVATURE] Using K=26 for 7916 points
[DEBUG getNormalsOnSurface] Curvature computation complete.
[DEBUG getNormalsOnSurface] Saving PLY in ASCII mode...
[DEBUG downsamplePointCloud] Saving PLY in ASCII mode to avoid camera data issues...
Starting processing on: Dataset/Point/Pot_A/Pot_A_Piece_06_Point.pcd
Starting surface segmentation on: Temp/Data/Pot_A/Pot_A_Piece_06_SampledWithNormals.ply
[DEBUG] Loading PLY file: Temp/Data/Pot_A/Pot_A_Piece_06_SampledWithNormals.ply
[DEBUG] PLY file loaded successfully. Points: 7916
[DEBUG] Converting PointNormal to PointXYZ...
[DEBUG] Conversion complete. Cloud size: 7916
[DEBUG] Calling getNormalsOnSurface...
[DEBUG] Input cloud size: 7916
[DEBUG getNormalsOnSurface] Starting function. Input points: 7916
[DEBUG getNormalsOnSurface] Creating Eigen matrix...
[DEBUG getNormalsOnSurface] Writing matrix to XYZ file...
[DEBUG getNormalsOnSurface] Reading XYZ file: fileForNormalEst_Sampled.xyz
[DEBUG getNormalsOnSurface] XYZ file read successfully. Points loaded: 7916
[ADAPTIVE CGAL] Using 7 neighbors for 7916 points (density-aware)
[DEBUG getNormalsOnSurface] PCA normal estimation complete.
[DEBUG getNormalsOnSurface] Orienting normals with MST...
[DEBUG getNormalsOnSurface] MST orientation complete.
[DEBUG getNormalsOnSurface] Erased unoriented points. Remaining: 7916
[DEBUG getNormalsOnSurface] Computing curvature for 7916 points...
[ADAPTIVE CURVATURE] Using K=26 for 7916 points
[DEBUG getNormalsOnSurface] Curvature computation complete.
[DEBUG getNormalsOnSurface] Saving PLY in ASCII mode...
[DEBUG] getNormalsOnSurface completed successfully. Result points: 7916
[DEBUG] Extracting normals from sampled cloud...

Total points: 7916
Number of clusters is equal to 6
Points in 
Cluster 1 : 2347
Cluster 2 : 1668
Cluster 3 : 725
Cluster 4 : 61
Cluster 5 : 61
Cluster 6 : 53
Points in two clusters / Total Points in Pointcloud: 50.72%
Points in two clusters / Total Points in all clusters: 81.69%
Calling mergeClusters function.
mergeClusters function called.
Condition 1 (closest point pairs) passed for clusters 2 and 3
Condition 2 (normal vector similarity) passed for clusters 2 and 3
Condition 3 (boundary curvature similarity) passed for clusters 2 and 3
Verification failed (innerPoint selection) for clusters 2 and 3
Condition 1 (closest point pairs) passed for clusters 2 and 4
Condition 2 (normal vector similarity) passed for clusters 2 and 4
Condition 3 (boundary curvature similarity) passed for clusters 2 and 4
Verification failed (innerPoint selection) for clusters 2 and 4
Sampled indices: 1764 645 686 1856 2288 1574 539 516 1788 1995 1137 1149 2173 1268 2259 178 180 1325 533 1260 911 585 712 1467 2247 859 314 2204 1726 296 
Normals flipped: true
  loading cloudForSpline.pcd
  2347 points in data set
  surface fitting ...
  loading cloudForSpline.pcd
  1668 points in data set
  surface fitting ...
[DEBUG] Saving surface cluster PLY files in ASCII mode...
[ADAPTIVE CLUSTER 1] N=3001, min=10, max=9003
PointCloud representing the Cluster: 3001 data points.
[ADAPTIVE BOUNDARY] Cluster 0 has 3001 points, spacing≈18.25mm, boundary_r=15mm
Successfully found 6 clusters after 1 iterations.
Ply to XYZ start

Time after processing: 4.921 seconds
Copied Point file: Pot_A_Piece_07_Point.pcd
Copied Mesh file: Pot_A_Piece_07_Mesh.obj

Selected file: Dataset/Point/Pot_A/Pot_A_Piece_07_Point.pcd
[DEBUG getNormalsOnSurface] Starting function. Input points: 11312
[DEBUG getNormalsOnSurface] Creating Eigen matrix...
[DEBUG getNormalsOnSurface] Writing matrix to XYZ file...
[DEBUG getNormalsOnSurface] Reading XYZ file: fileForNormalEst_Sampled.xyz
[DEBUG getNormalsOnSurface] XYZ file read successfully. Points loaded: 11312
[ADAPTIVE CGAL] Using 11 neighbors for 11312 points (density-aware)
[DEBUG getNormalsOnSurface] PCA normal estimation complete.
[DEBUG getNormalsOnSurface] Orienting normals with MST...
[DEBUG getNormalsOnSurface] MST orientation complete.
[DEBUG getNormalsOnSurface] Erased unoriented points. Remaining: 11312
[DEBUG getNormalsOnSurface] Computing curvature for 11312 points...
[ADAPTIVE CURVATURE] Using K=37 for 11312 points
[DEBUG getNormalsOnSurface] Curvature computation complete.
[DEBUG getNormalsOnSurface] Saving PLY in ASCII mode...
[DEBUG downsamplePointCloud] Saving PLY in ASCII mode to avoid camera data issues...
Starting processing on: Dataset/Point/Pot_A/Pot_A_Piece_07_Point.pcd
Starting surface segmentation on: Temp/Data/Pot_A/Pot_A_Piece_07_SampledWithNormals.ply
[DEBUG] Loading PLY file: Temp/Data/Pot_A/Pot_A_Piece_07_SampledWithNormals.ply
[DEBUG] PLY file loaded successfully. Points: 11312
[DEBUG] Converting PointNormal to PointXYZ...
[DEBUG] Conversion complete. Cloud size: 11312
[DEBUG] Calling getNormalsOnSurface...
[DEBUG] Input cloud size: 11312
[DEBUG getNormalsOnSurface] Starting function. Input points: 11312
[DEBUG getNormalsOnSurface] Creating Eigen matrix...
[DEBUG getNormalsOnSurface] Writing matrix to XYZ file...
[DEBUG getNormalsOnSurface] Reading XYZ file: fileForNormalEst_Sampled.xyz
[DEBUG getNormalsOnSurface] XYZ file read successfully. Points loaded: 11312
[ADAPTIVE CGAL] Using 11 neighbors for 11312 points (density-aware)
[DEBUG getNormalsOnSurface] PCA normal estimation complete.
[DEBUG getNormalsOnSurface] Orienting normals with MST...
[DEBUG getNormalsOnSurface] MST orientation complete.
[DEBUG getNormalsOnSurface] Erased unoriented points. Remaining: 11312
[DEBUG getNormalsOnSurface] Computing curvature for 11312 points...
[ADAPTIVE CURVATURE] Using K=37 for 11312 points
[DEBUG getNormalsOnSurface] Curvature computation complete.
[DEBUG getNormalsOnSurface] Saving PLY in ASCII mode...
[DEBUG] getNormalsOnSurface completed successfully. Result points: 11312
[DEBUG] Extracting normals from sampled cloud...

Total points: 11312
Number of clusters is equal to 7
Points in 
Cluster 1 : 3405
Cluster 2 : 3055
Cluster 3 : 655
Cluster 4 : 113
Cluster 5 : 70
Cluster 6 : 60
Cluster 7 : 58
Points in two clusters / Total Points in Pointcloud: 57.11%
Points in two clusters / Total Points in all clusters: 87.11%
Calling mergeClusters function.
mergeClusters function called.
Condition 1 (closest point pairs) passed for clusters 2 and 3
Condition 2 (normal vector similarity) passed for clusters 2 and 3
Condition 3 (boundary curvature similarity) passed for clusters 2 and 3
Verification failed (innerPoint selection) for clusters 2 and 3
Sampled indices: 52 292 1712 2662 823 957 179 446 703 2370 2820 18 2158 866 1759 1393 1417 718 2946 2867 2139 2650 2271 1250 2731 1761 393 3353 3025 1499 
Normals flipped: true
  loading cloudForSpline.pcd
  3405 points in data set
  surface fitting ...
  loading cloudForSpline.pcd
  3055 points in data set
  surface fitting ...
[DEBUG] Saving surface cluster PLY files in ASCII mode...
[ADAPTIVE CLUSTER 1] N=3896, min=10, max=11688
PointCloud representing the Cluster: 3896 data points.
[ADAPTIVE BOUNDARY] Cluster 0 has 3896 points, spacing≈16.02mm, boundary_r=15mm
Successfully found 7 clusters after 1 iterations.
Ply to XYZ start

Time after processing: 7.634 seconds
Copied Point file: Pot_A_Piece_08_Point.pcd
Copied Mesh file: Pot_A_Piece_08_Mesh.obj

Selected file: Dataset/Point/Pot_A/Pot_A_Piece_08_Point.pcd
[DEBUG getNormalsOnSurface] Starting function. Input points: 9077
[DEBUG getNormalsOnSurface] Creating Eigen matrix...
[DEBUG getNormalsOnSurface] Writing matrix to XYZ file...
[DEBUG getNormalsOnSurface] Reading XYZ file: fileForNormalEst_Sampled.xyz
[DEBUG getNormalsOnSurface] XYZ file read successfully. Points loaded: 9077
[ADAPTIVE CGAL] Using 9 neighbors for 9077 points (density-aware)
[DEBUG getNormalsOnSurface] PCA normal estimation complete.
[DEBUG getNormalsOnSurface] Orienting normals with MST...
[DEBUG getNormalsOnSurface] MST orientation complete.
[DEBUG getNormalsOnSurface] Erased unoriented points. Remaining: 9077
[DEBUG getNormalsOnSurface] Computing curvature for 9077 points...
[ADAPTIVE CURVATURE] Using K=30 for 9077 points
[DEBUG getNormalsOnSurface] Curvature computation complete.
[DEBUG getNormalsOnSurface] Saving PLY in ASCII mode...
[DEBUG downsamplePointCloud] Saving PLY in ASCII mode to avoid camera data issues...
Starting processing on: Dataset/Point/Pot_A/Pot_A_Piece_08_Point.pcd
Starting surface segmentation on: Temp/Data/Pot_A/Pot_A_Piece_08_SampledWithNormals.ply
[DEBUG] Loading PLY file: Temp/Data/Pot_A/Pot_A_Piece_08_SampledWithNormals.ply
[DEBUG] PLY file loaded successfully. Points: 9077
[DEBUG] Converting PointNormal to PointXYZ...
[DEBUG] Conversion complete. Cloud size: 9077
[DEBUG] Calling getNormalsOnSurface...
[DEBUG] Input cloud size: 9077
[DEBUG getNormalsOnSurface] Starting function. Input points: 9077
[DEBUG getNormalsOnSurface] Creating Eigen matrix...
[DEBUG getNormalsOnSurface] Writing matrix to XYZ file...
[DEBUG getNormalsOnSurface] Reading XYZ file: fileForNormalEst_Sampled.xyz
[DEBUG getNormalsOnSurface] XYZ file read successfully. Points loaded: 9077
[ADAPTIVE CGAL] Using 9 neighbors for 9077 points (density-aware)
[DEBUG getNormalsOnSurface] PCA normal estimation complete.
[DEBUG getNormalsOnSurface] Orienting normals with MST...
[DEBUG getNormalsOnSurface] MST orientation complete.
[DEBUG getNormalsOnSurface] Erased unoriented points. Remaining: 9077
[DEBUG getNormalsOnSurface] Computing curvature for 9077 points...
[ADAPTIVE CURVATURE] Using K=30 for 9077 points
[DEBUG getNormalsOnSurface] Curvature computation complete.
[DEBUG getNormalsOnSurface] Saving PLY in ASCII mode...
[DEBUG] getNormalsOnSurface completed successfully. Result points: 9077
[DEBUG] Extracting normals from sampled cloud...

Total points: 9077
Number of clusters is equal to 5
Points in 
Cluster 1 : 2338
Cluster 2 : 2152
Cluster 3 : 920
Cluster 4 : 113
Cluster 5 : 83
Points in two clusters / Total Points in Pointcloud: 49.47%
Points in two clusters / Total Points in all clusters: 80.09%
Calling mergeClusters function.
mergeClusters function called.
Sampled indices: 192 796 758 2112 1378 684 952 1168 1153 2320 399 1995 594 2072 149 2113 115 998 1324 1669 1296 2145 175 1316 402 724 53 1373 2239 2263 
Normals flipped: true
  loading cloudForSpline.pcd
  2338 points in data set
  surface fitting ...
  loading cloudForSpline.pcd
  2152 points in data set
  surface fitting ...
[DEBUG] Saving surface cluster PLY files in ASCII mode...
[ADAPTIVE CLUSTER 1] N=3471, min=10, max=10413
PointCloud representing the Cluster: 3471 data points.
[ADAPTIVE BOUNDARY] Cluster 0 has 3471 points, spacing≈16.97mm, boundary_r=15mm
Successfully found 5 clusters after 1 iterations.
Ply to XYZ start

Time after processing: 5.832 seconds
Copied Point file: Pot_A_Piece_09_Point.pcd
Copied Mesh file: Pot_A_Piece_09_Mesh.obj

Selected file: Dataset/Point/Pot_A/Pot_A_Piece_09_Point.pcd
[DEBUG getNormalsOnSurface] Starting function. Input points: 8055
[DEBUG getNormalsOnSurface] Creating Eigen matrix...
[DEBUG getNormalsOnSurface] Writing matrix to XYZ file...
[DEBUG getNormalsOnSurface] Reading XYZ file: fileForNormalEst_Sampled.xyz
[DEBUG getNormalsOnSurface] XYZ file read successfully. Points loaded: 8055
[ADAPTIVE CGAL] Using 8 neighbors for 8055 points (density-aware)
[DEBUG getNormalsOnSurface] PCA normal estimation complete.
[DEBUG getNormalsOnSurface] Orienting normals with MST...
[DEBUG getNormalsOnSurface] MST orientation complete.
[DEBUG getNormalsOnSurface] Erased unoriented points. Remaining: 8055
[DEBUG getNormalsOnSurface] Computing curvature for 8055 points...
[ADAPTIVE CURVATURE] Using K=26 for 8055 points
[DEBUG getNormalsOnSurface] Curvature computation complete.
[DEBUG getNormalsOnSurface] Saving PLY in ASCII mode...
[DEBUG downsamplePointCloud] Saving PLY in ASCII mode to avoid camera data issues...
Starting processing on: Dataset/Point/Pot_A/Pot_A_Piece_09_Point.pcd
Starting surface segmentation on: Temp/Data/Pot_A/Pot_A_Piece_09_SampledWithNormals.ply
[DEBUG] Loading PLY file: Temp/Data/Pot_A/Pot_A_Piece_09_SampledWithNormals.ply
[DEBUG] PLY file loaded successfully. Points: 8055
[DEBUG] Converting PointNormal to PointXYZ...
[DEBUG] Conversion complete. Cloud size: 8055
[DEBUG] Calling getNormalsOnSurface...
[DEBUG] Input cloud size: 8055
[DEBUG getNormalsOnSurface] Starting function. Input points: 8055
[DEBUG getNormalsOnSurface] Creating Eigen matrix...
[DEBUG getNormalsOnSurface] Writing matrix to XYZ file...
[DEBUG getNormalsOnSurface] Reading XYZ file: fileForNormalEst_Sampled.xyz
[DEBUG getNormalsOnSurface] XYZ file read successfully. Points loaded: 8055
[ADAPTIVE CGAL] Using 8 neighbors for 8055 points (density-aware)
[DEBUG getNormalsOnSurface] PCA normal estimation complete.
[DEBUG getNormalsOnSurface] Orienting normals with MST...
[DEBUG getNormalsOnSurface] MST orientation complete.
[DEBUG getNormalsOnSurface] Erased unoriented points. Remaining: 8055
[DEBUG getNormalsOnSurface] Computing curvature for 8055 points...
[ADAPTIVE CURVATURE] Using K=26 for 8055 points
[DEBUG getNormalsOnSurface] Curvature computation complete.
[DEBUG getNormalsOnSurface] Saving PLY in ASCII mode...
[DEBUG] getNormalsOnSurface completed successfully. Result points: 8055
[DEBUG] Extracting normals from sampled cloud...

Total points: 8055
Number of clusters is equal to 6
Points in 
Cluster 1 : 2622
Cluster 2 : 2513
Cluster 3 : 73
Cluster 4 : 54
Cluster 5 : 50
Cluster 6 : 50
Points in two clusters / Total Points in Pointcloud: 63.75%
Points in two clusters / Total Points in all clusters: 95.77%
Calling mergeClusters function.
mergeClusters function called.
Condition 1 (closest point pairs) passed for clusters 1 and 4
Condition 2 (normal vector similarity) passed for clusters 1 and 4
Condition 3 (boundary curvature similarity) passed for clusters 1 and 4
Verification failed (innerPoint selection) for clusters 1 and 4
Sampled indices: 2440 259 1633 928 259 2411 1886 1494 2522 2364 1570 1482 960 2587 1727 946 661 313 1534 180 197 1471 2349 906 1744 1821 2398 856 275 1888 
Normals flipped: true
  loading cloudForSpline.pcd
  2622 points in data set
  surface fitting ...
  loading cloudForSpline.pcd
  2513 points in data set
  surface fitting ...
[DEBUG] Saving surface cluster PLY files in ASCII mode...
[ADAPTIVE CLUSTER 1] N=2693, min=10, max=8079
PointCloud representing the Cluster: 2693 data points.
[ADAPTIVE BOUNDARY] Cluster 0 has 2693 points, spacing≈19.27mm, boundary_r=15mm
Successfully found 6 clusters after 1 iterations.
Ply to XYZ start

Time after processing: 4.269 seconds
Copied Point file: Pot_A_Piece_10_Point.pcd
Copied Mesh file: Pot_A_Piece_10_Mesh.obj

Selected file: Dataset/Point/Pot_A/Pot_A_Piece_10_Point.pcd
[DEBUG getNormalsOnSurface] Starting function. Input points: 8007
[DEBUG getNormalsOnSurface] Creating Eigen matrix...
[DEBUG getNormalsOnSurface] Writing matrix to XYZ file...
[DEBUG getNormalsOnSurface] Reading XYZ file: fileForNormalEst_Sampled.xyz
[DEBUG getNormalsOnSurface] XYZ file read successfully. Points loaded: 8007
[ADAPTIVE CGAL] Using 8 neighbors for 8007 points (density-aware)
[DEBUG getNormalsOnSurface] PCA normal estimation complete.
[DEBUG getNormalsOnSurface] Orienting normals with MST...
[DEBUG getNormalsOnSurface] MST orientation complete.
[DEBUG getNormalsOnSurface] Erased unoriented points. Remaining: 8007
[DEBUG getNormalsOnSurface] Computing curvature for 8007 points...
[ADAPTIVE CURVATURE] Using K=26 for 8007 points
[DEBUG getNormalsOnSurface] Curvature computation complete.
[DEBUG getNormalsOnSurface] Saving PLY in ASCII mode...
[DEBUG downsamplePointCloud] Saving PLY in ASCII mode to avoid camera data issues...
Starting processing on: Dataset/Point/Pot_A/Pot_A_Piece_10_Point.pcd
Starting surface segmentation on: Temp/Data/Pot_A/Pot_A_Piece_10_SampledWithNormals.ply
[DEBUG] Loading PLY file: Temp/Data/Pot_A/Pot_A_Piece_10_SampledWithNormals.ply
[DEBUG] PLY file loaded successfully. Points: 8007
[DEBUG] Converting PointNormal to PointXYZ...
[DEBUG] Conversion complete. Cloud size: 8007
[DEBUG] Calling getNormalsOnSurface...
[DEBUG] Input cloud size: 8007
[DEBUG getNormalsOnSurface] Starting function. Input points: 8007
[DEBUG getNormalsOnSurface] Creating Eigen matrix...
[DEBUG getNormalsOnSurface] Writing matrix to XYZ file...
[DEBUG getNormalsOnSurface] Reading XYZ file: fileForNormalEst_Sampled.xyz
[DEBUG getNormalsOnSurface] XYZ file read successfully. Points loaded: 8007
[ADAPTIVE CGAL] Using 8 neighbors for 8007 points (density-aware)
[DEBUG getNormalsOnSurface] PCA normal estimation complete.
[DEBUG getNormalsOnSurface] Orienting normals with MST...
[DEBUG getNormalsOnSurface] MST orientation complete.
[DEBUG getNormalsOnSurface] Erased unoriented points. Remaining: 8007
[DEBUG getNormalsOnSurface] Computing curvature for 8007 points...
[ADAPTIVE CURVATURE] Using K=26 for 8007 points
[DEBUG getNormalsOnSurface] Curvature computation complete.
[DEBUG getNormalsOnSurface] Saving PLY in ASCII mode...
[DEBUG] getNormalsOnSurface completed successfully. Result points: 8007
[DEBUG] Extracting normals from sampled cloud...

Total points: 8007
Number of clusters is equal to 6
Points in 
Cluster 1 : 2591
Cluster 2 : 2459
Cluster 3 : 90
Cluster 4 : 66
Cluster 5 : 52
Cluster 6 : 51
Points in two clusters / Total Points in Pointcloud: 63.07%
Points in two clusters / Total Points in all clusters: 95.12%
Calling mergeClusters function.
mergeClusters function called.
Sampled indices: 1695 1786 753 850 157 656 918 673 1429 2146 238 1150 2202 58 1050 1283 424 2010 2383 455 2415 1171 146 1060 2291 332 2406 852 2034 2447 
Normals flipped: true
  loading cloudForSpline.pcd
  2591 points in data set
  surface fitting ...
  loading cloudForSpline.pcd
  2459 points in data set
  surface fitting ...
[DEBUG] Saving surface cluster PLY files in ASCII mode...
[ADAPTIVE CLUSTER 1] N=2698, min=10, max=8094
PointCloud representing the Cluster: 2698 data points.
[ADAPTIVE BOUNDARY] Cluster 0 has 2698 points, spacing≈19.25mm, boundary_r=15mm
Successfully found 6 clusters after 1 iterations.
Ply to XYZ start

Time after processing: 4.265 seconds
Copied Point file: Pot_A_Piece_11_Point.pcd
Copied Mesh file: Pot_A_Piece_11_Mesh.obj

Selected file: Dataset/Point/Pot_A/Pot_A_Piece_11_Point.pcd
[DEBUG getNormalsOnSurface] Starting function. Input points: 6381
[DEBUG getNormalsOnSurface] Creating Eigen matrix...
[DEBUG getNormalsOnSurface] Writing matrix to XYZ file...
[DEBUG getNormalsOnSurface] Reading XYZ file: fileForNormalEst_Sampled.xyz
[DEBUG getNormalsOnSurface] XYZ file read successfully. Points loaded: 6381
[ADAPTIVE CGAL] Using 6 neighbors for 6381 points (density-aware)
[DEBUG getNormalsOnSurface] PCA normal estimation complete.
[DEBUG getNormalsOnSurface] Orienting normals with MST...
[DEBUG getNormalsOnSurface] MST orientation complete.
[DEBUG getNormalsOnSurface] Erased unoriented points. Remaining: 6381
[DEBUG getNormalsOnSurface] Computing curvature for 6381 points...
[ADAPTIVE CURVATURE] Using K=21 for 6381 points
[DEBUG getNormalsOnSurface] Curvature computation complete.
[DEBUG getNormalsOnSurface] Saving PLY in ASCII mode...
[DEBUG downsamplePointCloud] Saving PLY in ASCII mode to avoid camera data issues...
Starting processing on: Dataset/Point/Pot_A/Pot_A_Piece_11_Point.pcd
Starting surface segmentation on: Temp/Data/Pot_A/Pot_A_Piece_11_SampledWithNormals.ply
[DEBUG] Loading PLY file: Temp/Data/Pot_A/Pot_A_Piece_11_SampledWithNormals.ply
[DEBUG] PLY file loaded successfully. Points: 6381
[DEBUG] Converting PointNormal to PointXYZ...
[DEBUG] Conversion complete. Cloud size: 6381
[DEBUG] Calling getNormalsOnSurface...
[DEBUG] Input cloud size: 6381
[DEBUG getNormalsOnSurface] Starting function. Input points: 6381
[DEBUG getNormalsOnSurface] Creating Eigen matrix...
[DEBUG getNormalsOnSurface] Writing matrix to XYZ file...
[DEBUG getNormalsOnSurface] Reading XYZ file: fileForNormalEst_Sampled.xyz
[DEBUG getNormalsOnSurface] XYZ file read successfully. Points loaded: 6381
[ADAPTIVE CGAL] Using 6 neighbors for 6381 points (density-aware)
[DEBUG getNormalsOnSurface] PCA normal estimation complete.
[DEBUG getNormalsOnSurface] Orienting normals with MST...
[DEBUG getNormalsOnSurface] MST orientation complete.
[DEBUG getNormalsOnSurface] Erased unoriented points. Remaining: 6381
[DEBUG getNormalsOnSurface] Computing curvature for 6381 points...
[ADAPTIVE CURVATURE] Using K=21 for 6381 points
[DEBUG getNormalsOnSurface] Curvature computation complete.
[DEBUG getNormalsOnSurface] Saving PLY in ASCII mode...
[DEBUG] getNormalsOnSurface completed successfully. Result points: 6381
[DEBUG] Extracting normals from sampled cloud...

Total points: 6381
Number of clusters is equal to 3
Points in 
Cluster 1 : 1791
Cluster 2 : 1546
Cluster 3 : 80
Points in two clusters / Total Points in Pointcloud: 52.3%
Points in two clusters / Total Points in all clusters: 97.66%
Calling mergeClusters function.
mergeClusters function called.
Sampled indices: 495 1659 1243 1141 110 813 370 1713 1320 1281 478 135 174 288 717 254 1441 1432 479 95 774 1204 776 508 448 1750 1133 1405 738 385 
Normals flipped: true
  loading cloudForSpline.pcd
  1791 points in data set
  surface fitting ...
  loading cloudForSpline.pcd
  1546 points in data set
  surface fitting ...
[DEBUG] Saving surface cluster PLY files in ASCII mode...
[ADAPTIVE CLUSTER 1] N=2964, min=10, max=8892
PointCloud representing the Cluster: 2964 data points.
[ADAPTIVE BOUNDARY] Cluster 0 has 2964 points, spacing≈18.37mm, boundary_r=15mm
Successfully found 3 clusters after 1 iterations.
Ply to XYZ start

Time after processing: 4.501 seconds
Copied Point file: Pot_A_Piece_12_Point.pcd
Copied Mesh file: Pot_A_Piece_12_Mesh.obj

Selected file: Dataset/Point/Pot_A/Pot_A_Piece_12_Point.pcd
[DEBUG getNormalsOnSurface] Starting function. Input points: 8068
[DEBUG getNormalsOnSurface] Creating Eigen matrix...
[DEBUG getNormalsOnSurface] Writing matrix to XYZ file...
[DEBUG getNormalsOnSurface] Reading XYZ file: fileForNormalEst_Sampled.xyz
[DEBUG getNormalsOnSurface] XYZ file read successfully. Points loaded: 8068
[ADAPTIVE CGAL] Using 8 neighbors for 8068 points (density-aware)
[DEBUG getNormalsOnSurface] PCA normal estimation complete.
[DEBUG getNormalsOnSurface] Orienting normals with MST...
[DEBUG getNormalsOnSurface] MST orientation complete.
[DEBUG getNormalsOnSurface] Erased unoriented points. Remaining: 8068
[DEBUG getNormalsOnSurface] Computing curvature for 8068 points...
[ADAPTIVE CURVATURE] Using K=26 for 8068 points
[DEBUG getNormalsOnSurface] Curvature computation complete.
[DEBUG getNormalsOnSurface] Saving PLY in ASCII mode...
[DEBUG downsamplePointCloud] Saving PLY in ASCII mode to avoid camera data issues...
Starting processing on: Dataset/Point/Pot_A/Pot_A_Piece_12_Point.pcd
Starting surface segmentation on: Temp/Data/Pot_A/Pot_A_Piece_12_SampledWithNormals.ply
[DEBUG] Loading PLY file: Temp/Data/Pot_A/Pot_A_Piece_12_SampledWithNormals.ply
[DEBUG] PLY file loaded successfully. Points: 8068
[DEBUG] Converting PointNormal to PointXYZ...
[DEBUG] Conversion complete. Cloud size: 8068
[DEBUG] Calling getNormalsOnSurface...
[DEBUG] Input cloud size: 8068
[DEBUG getNormalsOnSurface] Starting function. Input points: 8068
[DEBUG getNormalsOnSurface] Creating Eigen matrix...
[DEBUG getNormalsOnSurface] Writing matrix to XYZ file...
[DEBUG getNormalsOnSurface] Reading XYZ file: fileForNormalEst_Sampled.xyz
[DEBUG getNormalsOnSurface] XYZ file read successfully. Points loaded: 8068
[ADAPTIVE CGAL] Using 8 neighbors for 8068 points (density-aware)
[DEBUG getNormalsOnSurface] PCA normal estimation complete.
[DEBUG getNormalsOnSurface] Orienting normals with MST...
[DEBUG getNormalsOnSurface] MST orientation complete.
[DEBUG getNormalsOnSurface] Erased unoriented points. Remaining: 8068
[DEBUG getNormalsOnSurface] Computing curvature for 8068 points...
[ADAPTIVE CURVATURE] Using K=26 for 8068 points
[DEBUG getNormalsOnSurface] Curvature computation complete.
[DEBUG getNormalsOnSurface] Saving PLY in ASCII mode...
[DEBUG] getNormalsOnSurface completed successfully. Result points: 8068
[DEBUG] Extracting normals from sampled cloud...

Total points: 8068
Number of clusters is equal to 4
Points in 
Cluster 1 : 2904
Cluster 2 : 2745
Cluster 3 : 53
Cluster 4 : 51
Points in two clusters / Total Points in Pointcloud: 70.02%
Points in two clusters / Total Points in all clusters: 98.19%
Calling mergeClusters function.
mergeClusters function called.
Sampled indices: 972 2459 2787 413 1539 2834 1955 704 2767 1472 1136 725 3 510 892 2148 2892 322 600 574 47 1944 2539 2149 1998 325 1433 1795 1336 47 
Normals flipped: true
  loading cloudForSpline.pcd
  2904 points in data set
  surface fitting ...
  loading cloudForSpline.pcd
  2745 points in data set
  surface fitting ...
[DEBUG] Saving surface cluster PLY files in ASCII mode...
[ADAPTIVE CLUSTER 1] N=2315, min=10, max=6945
PointCloud representing the Cluster: 2315 data points.
[ADAPTIVE BOUNDARY] Cluster 0 has 2315 points, spacing≈20.78mm, boundary_r=15mm
Successfully found 4 clusters after 1 iterations.
Ply to XYZ start

Time after processing: 3.624 seconds
Copied Point file: Pot_A_Piece_13_Point.pcd
Copied Mesh file: Pot_A_Piece_13_Mesh.obj

Selected file: Dataset/Point/Pot_A/Pot_A_Piece_13_Point.pcd
[DEBUG getNormalsOnSurface] Starting function. Input points: 11216
[DEBUG getNormalsOnSurface] Creating Eigen matrix...
[DEBUG getNormalsOnSurface] Writing matrix to XYZ file...
[DEBUG getNormalsOnSurface] Reading XYZ file: fileForNormalEst_Sampled.xyz
[DEBUG getNormalsOnSurface] XYZ file read successfully. Points loaded: 11216
[ADAPTIVE CGAL] Using 11 neighbors for 11216 points (density-aware)
[DEBUG getNormalsOnSurface] PCA normal estimation complete.
[DEBUG getNormalsOnSurface] Orienting normals with MST...
[DEBUG getNormalsOnSurface] MST orientation complete.
[DEBUG getNormalsOnSurface] Erased unoriented points. Remaining: 11216
[DEBUG getNormalsOnSurface] Computing curvature for 11216 points...
[ADAPTIVE CURVATURE] Using K=37 for 11216 points
[DEBUG getNormalsOnSurface] Curvature computation complete.
[DEBUG getNormalsOnSurface] Saving PLY in ASCII mode...
[DEBUG downsamplePointCloud] Saving PLY in ASCII mode to avoid camera data issues...
Starting processing on: Dataset/Point/Pot_A/Pot_A_Piece_13_Point.pcd
Starting surface segmentation on: Temp/Data/Pot_A/Pot_A_Piece_13_SampledWithNormals.ply
[DEBUG] Loading PLY file: Temp/Data/Pot_A/Pot_A_Piece_13_SampledWithNormals.ply
[DEBUG] PLY file loaded successfully. Points: 11216
[DEBUG] Converting PointNormal to PointXYZ...
[DEBUG] Conversion complete. Cloud size: 11216
[DEBUG] Calling getNormalsOnSurface...
[DEBUG] Input cloud size: 11216
[DEBUG getNormalsOnSurface] Starting function. Input points: 11216
[DEBUG getNormalsOnSurface] Creating Eigen matrix...
[DEBUG getNormalsOnSurface] Writing matrix to XYZ file...
[DEBUG getNormalsOnSurface] Reading XYZ file: fileForNormalEst_Sampled.xyz
[DEBUG getNormalsOnSurface] XYZ file read successfully. Points loaded: 11216
[ADAPTIVE CGAL] Using 11 neighbors for 11216 points (density-aware)
[DEBUG getNormalsOnSurface] PCA normal estimation complete.
[DEBUG getNormalsOnSurface] Orienting normals with MST...
[DEBUG getNormalsOnSurface] MST orientation complete.
[DEBUG getNormalsOnSurface] Erased unoriented points. Remaining: 11216
[DEBUG getNormalsOnSurface] Computing curvature for 11216 points...
[ADAPTIVE CURVATURE] Using K=37 for 11216 points
[DEBUG getNormalsOnSurface] Curvature computation complete.
[DEBUG getNormalsOnSurface] Saving PLY in ASCII mode...
[DEBUG] getNormalsOnSurface completed successfully. Result points: 11216
[DEBUG] Extracting normals from sampled cloud...

Total points: 11216
Number of clusters is equal to 6
Points in 
Cluster 1 : 4273
Cluster 2 : 4163
Cluster 3 : 88
Cluster 4 : 60
Cluster 5 : 60
Cluster 6 : 50
Points in two clusters / Total Points in Pointcloud: 75.21%
Points in two clusters / Total Points in all clusters: 97.03%
Calling mergeClusters function.
mergeClusters function called.
Sampled indices: 2546 426 2286 1012 3395 1070 2540 3514 1644 3074 3403 583 364 1318 3033 180 2989 3213 103 983 1246 3004 3091 3755 2066 2904 288 19 3126 1569 
Normals flipped: true
  loading cloudForSpline.pcd
  4273 points in data set
  surface fitting ...
  loading cloudForSpline.pcd
  4163 points in data set
  surface fitting ...
[DEBUG] Saving surface cluster PLY files in ASCII mode...
[ADAPTIVE CLUSTER 1] N=2522, min=10, max=7566
PointCloud representing the Cluster: 2522 data points.
[ADAPTIVE BOUNDARY] Cluster 0 has 2522 points, spacing≈19.91mm, boundary_r=15mm
Successfully found 6 clusters after 1 iterations.
Ply to XYZ start

Time after processing: 5.152 seconds
Copied Point file: Pot_A_Piece_14_Point.pcd
Copied Mesh file: Pot_A_Piece_14_Mesh.obj

Selected file: Dataset/Point/Pot_A/Pot_A_Piece_14_Point.pcd
[DEBUG getNormalsOnSurface] Starting function. Input points: 1615
[DEBUG getNormalsOnSurface] Creating Eigen matrix...
[DEBUG getNormalsOnSurface] Writing matrix to XYZ file...
[DEBUG getNormalsOnSurface] Reading XYZ file: fileForNormalEst_Sampled.xyz
[DEBUG getNormalsOnSurface] XYZ file read successfully. Points loaded: 1615
[ADAPTIVE CGAL] Using 5 neighbors for 1615 points (density-aware)
[DEBUG getNormalsOnSurface] PCA normal estimation complete.
[DEBUG getNormalsOnSurface] Orienting normals with MST...
[DEBUG getNormalsOnSurface] MST orientation complete.
[DEBUG getNormalsOnSurface] Erased unoriented points. Remaining: 1615
[DEBUG getNormalsOnSurface] Computing curvature for 1615 points...
[ADAPTIVE CURVATURE] Using K=10 for 1615 points
[DEBUG getNormalsOnSurface] Curvature computation complete.
[DEBUG getNormalsOnSurface] Saving PLY in ASCII mode...
[DEBUG downsamplePointCloud] Saving PLY in ASCII mode to avoid camera data issues...
Starting processing on: Dataset/Point/Pot_A/Pot_A_Piece_14_Point.pcd
Starting surface segmentation on: Temp/Data/Pot_A/Pot_A_Piece_14_SampledWithNormals.ply
[DEBUG] Loading PLY file: Temp/Data/Pot_A/Pot_A_Piece_14_SampledWithNormals.ply
[DEBUG] PLY file loaded successfully. Points: 1615
[DEBUG] Converting PointNormal to PointXYZ...
[DEBUG] Conversion complete. Cloud size: 1615
[DEBUG] Calling getNormalsOnSurface...
[DEBUG] Input cloud size: 1615
[DEBUG getNormalsOnSurface] Starting function. Input points: 1615
[DEBUG getNormalsOnSurface] Creating Eigen matrix...
[DEBUG getNormalsOnSurface] Writing matrix to XYZ file...
[DEBUG getNormalsOnSurface] Reading XYZ file: fileForNormalEst_Sampled.xyz
[DEBUG getNormalsOnSurface] XYZ file read successfully. Points loaded: 1615
[ADAPTIVE CGAL] Using 5 neighbors for 1615 points (density-aware)
[DEBUG getNormalsOnSurface] PCA normal estimation complete.
[DEBUG getNormalsOnSurface] Orienting normals with MST...
[DEBUG getNormalsOnSurface] MST orientation complete.
[DEBUG getNormalsOnSurface] Erased unoriented points. Remaining: 1615
[DEBUG getNormalsOnSurface] Computing curvature for 1615 points...
[ADAPTIVE CURVATURE] Using K=10 for 1615 points
[DEBUG getNormalsOnSurface] Curvature computation complete.
[DEBUG getNormalsOnSurface] Saving PLY in ASCII mode...
[DEBUG] getNormalsOnSurface completed successfully. Result points: 1615
[DEBUG] Extracting normals from sampled cloud...

Total points: 1615
Number of clusters is equal to 2
Points in 
Cluster 1 : 326
Cluster 2 : 296
Points in two clusters / Total Points in Pointcloud: 38.51%
Points in two clusters / Total Points in all clusters: 100%
Calling mergeClusters function.
mergeClusters function called.
Sampled indices: 312 171 302 195 16 71 302 129 290 232 186 54 51 286 122 139 9 85 111 2 217 171 146 296 2 69 4 36 254 8 
Normals flipped: true
  loading cloudForSpline.pcd
  326 points in data set
  surface fitting ...
  loading cloudForSpline.pcd
  296 points in data set
  surface fitting ...
[DEBUG] Saving surface cluster PLY files in ASCII mode...
[ADAPTIVE CLUSTER 1] N=993, min=10, max=2979
PointCloud representing the Cluster: 993 data points.
[ADAPTIVE BOUNDARY] Cluster 0 has 993 points, spacing≈31.73mm, boundary_r=15mm
Successfully found 2 clusters after 1 iterations.
Ply to XYZ start

Time after processing: 1.021 seconds
Copied Point file: Pot_A_Piece_15_Point.pcd
Copied Mesh file: Pot_A_Piece_15_Mesh.obj

Selected file: Dataset/Point/Pot_A/Pot_A_Piece_15_Point.pcd
[DEBUG getNormalsOnSurface] Starting function. Input points: 9568
[DEBUG getNormalsOnSurface] Creating Eigen matrix...
[DEBUG getNormalsOnSurface] Writing matrix to XYZ file...
[DEBUG getNormalsOnSurface] Reading XYZ file: fileForNormalEst_Sampled.xyz
[DEBUG getNormalsOnSurface] XYZ file read successfully. Points loaded: 9568
[ADAPTIVE CGAL] Using 9 neighbors for 9568 points (density-aware)
[DEBUG getNormalsOnSurface] PCA normal estimation complete.
[DEBUG getNormalsOnSurface] Orienting normals with MST...
[DEBUG getNormalsOnSurface] MST orientation complete.
[DEBUG getNormalsOnSurface] Erased unoriented points. Remaining: 9568
[DEBUG getNormalsOnSurface] Computing curvature for 9568 points...
[ADAPTIVE CURVATURE] Using K=31 for 9568 points
[DEBUG getNormalsOnSurface] Curvature computation complete.
[DEBUG getNormalsOnSurface] Saving PLY in ASCII mode...
[DEBUG downsamplePointCloud] Saving PLY in ASCII mode to avoid camera data issues...
Starting processing on: Dataset/Point/Pot_A/Pot_A_Piece_15_Point.pcd
Starting surface segmentation on: Temp/Data/Pot_A/Pot_A_Piece_15_SampledWithNormals.ply
[DEBUG] Loading PLY file: Temp/Data/Pot_A/Pot_A_Piece_15_SampledWithNormals.ply
[DEBUG] PLY file loaded successfully. Points: 9568
[DEBUG] Converting PointNormal to PointXYZ...
[DEBUG] Conversion complete. Cloud size: 9568
[DEBUG] Calling getNormalsOnSurface...
[DEBUG] Input cloud size: 9568
[DEBUG getNormalsOnSurface] Starting function. Input points: 9568
[DEBUG getNormalsOnSurface] Creating Eigen matrix...
[DEBUG getNormalsOnSurface] Writing matrix to XYZ file...
[DEBUG getNormalsOnSurface] Reading XYZ file: fileForNormalEst_Sampled.xyz
[DEBUG getNormalsOnSurface] XYZ file read successfully. Points loaded: 9568
[ADAPTIVE CGAL] Using 9 neighbors for 9568 points (density-aware)
[DEBUG getNormalsOnSurface] PCA normal estimation complete.
[DEBUG getNormalsOnSurface] Orienting normals with MST...
[DEBUG getNormalsOnSurface] MST orientation complete.
[DEBUG getNormalsOnSurface] Erased unoriented points. Remaining: 9568
[DEBUG getNormalsOnSurface] Computing curvature for 9568 points...
[ADAPTIVE CURVATURE] Using K=31 for 9568 points
[DEBUG getNormalsOnSurface] Curvature computation complete.
[DEBUG getNormalsOnSurface] Saving PLY in ASCII mode...
[DEBUG] getNormalsOnSurface completed successfully. Result points: 9568
[DEBUG] Extracting normals from sampled cloud...

Total points: 9568
Number of clusters is equal to 5
Points in 
Cluster 1 : 3743
Cluster 2 : 3068
Cluster 3 : 158
Cluster 4 : 57
Cluster 5 : 50
Points in two clusters / Total Points in Pointcloud: 71.19%
Points in two clusters / Total Points in all clusters: 96.25%
Calling mergeClusters function.
mergeClusters function called.
Sampled indices: 376 2245 300 3573 3093 722 723 3467 3247 1125 1380 3313 3627 1861 3222 122 2014 768 1721 20 1738 2792 625 158 803 2863 3149 1763 336 107 
Normals flipped: true
  loading cloudForSpline.pcd
  3743 points in data set
  surface fitting ...
  loading cloudForSpline.pcd
  3068 points in data set
  surface fitting ...
[DEBUG] Saving surface cluster PLY files in ASCII mode...
[ADAPTIVE CLUSTER 1] N=2492, min=10, max=7476
PointCloud representing the Cluster: 2492 data points.
[ADAPTIVE BOUNDARY] Cluster 0 has 2492 points, spacing≈20.03mm, boundary_r=15mm
Successfully found 5 clusters after 1 iterations.
Ply to XYZ start

Time after processing: 4.436 seconds
Copied Point file: Pot_A_Piece_16_Point.pcd
Copied Mesh file: Pot_A_Piece_16_Mesh.obj

Selected file: Dataset/Point/Pot_A/Pot_A_Piece_16_Point.pcd
[DEBUG getNormalsOnSurface] Starting function. Input points: 4713
[DEBUG getNormalsOnSurface] Creating Eigen matrix...
[DEBUG getNormalsOnSurface] Writing matrix to XYZ file...
[DEBUG getNormalsOnSurface] Reading XYZ file: fileForNormalEst_Sampled.xyz
[DEBUG getNormalsOnSurface] XYZ file read successfully. Points loaded: 4713
[ADAPTIVE CGAL] Using 5 neighbors for 4713 points (density-aware)
[DEBUG getNormalsOnSurface] PCA normal estimation complete.
[DEBUG getNormalsOnSurface] Orienting normals with MST...
[DEBUG getNormalsOnSurface] MST orientation complete.
[DEBUG getNormalsOnSurface] Erased unoriented points. Remaining: 4712
[DEBUG getNormalsOnSurface] Computing curvature for 4712 points...
[ADAPTIVE CURVATURE] Using K=15 for 4712 points
[DEBUG getNormalsOnSurface] Curvature computation complete.
[DEBUG getNormalsOnSurface] Saving PLY in ASCII mode...
[DEBUG downsamplePointCloud] Saving PLY in ASCII mode to avoid camera data issues...
Starting processing on: Dataset/Point/Pot_A/Pot_A_Piece_16_Point.pcd
Starting surface segmentation on: Temp/Data/Pot_A/Pot_A_Piece_16_SampledWithNormals.ply
[DEBUG] Loading PLY file: Temp/Data/Pot_A/Pot_A_Piece_16_SampledWithNormals.ply
[DEBUG] PLY file loaded successfully. Points: 4712
[DEBUG] Converting PointNormal to PointXYZ...
[DEBUG] Conversion complete. Cloud size: 4712
[DEBUG] Calling getNormalsOnSurface...
[DEBUG] Input cloud size: 4712
[DEBUG getNormalsOnSurface] Starting function. Input points: 4712
[DEBUG getNormalsOnSurface] Creating Eigen matrix...
[DEBUG getNormalsOnSurface] Writing matrix to XYZ file...
[DEBUG getNormalsOnSurface] Reading XYZ file: fileForNormalEst_Sampled.xyz
[DEBUG getNormalsOnSurface] XYZ file read successfully. Points loaded: 4712
[ADAPTIVE CGAL] Using 5 neighbors for 4712 points (density-aware)
[DEBUG getNormalsOnSurface] PCA normal estimation complete.
[DEBUG getNormalsOnSurface] Orienting normals with MST...
[DEBUG getNormalsOnSurface] MST orientation complete.
[DEBUG getNormalsOnSurface] Erased unoriented points. Remaining: 4712
[DEBUG getNormalsOnSurface] Computing curvature for 4712 points...
[ADAPTIVE CURVATURE] Using K=15 for 4712 points
[DEBUG getNormalsOnSurface] Curvature computation complete.
[DEBUG getNormalsOnSurface] Saving PLY in ASCII mode...
[DEBUG] getNormalsOnSurface completed successfully. Result points: 4712
[DEBUG] Extracting normals from sampled cloud...

Total points: 4712
Number of clusters is equal to 2
Points in 
Cluster 1 : 1358
Cluster 2 : 1228
Points in two clusters / Total Points in Pointcloud: 54.88%
Points in two clusters / Total Points in all clusters: 100%
Calling mergeClusters function.
mergeClusters function called.
Sampled indices: 505 440 825 934 1173 707 958 688 584 355 122 209 906 73 1179 971 420 1336 626 578 1140 1215 284 597 914 656 3 740 838 707 
Normals flipped: true
  loading cloudForSpline.pcd
  1358 points in data set
  surface fitting ...
  loading cloudForSpline.pcd
  1228 points in data set
  surface fitting ...
[DEBUG] Saving surface cluster PLY files in ASCII mode...
[ADAPTIVE CLUSTER 1] N=2126, min=10, max=6378
PointCloud representing the Cluster: 2126 data points.
[ADAPTIVE BOUNDARY] Cluster 0 has 2126 points, spacing≈21.69mm, boundary_r=15mm
Successfully found 2 clusters after 1 iterations.
Ply to XYZ start

Time after processing: 2.677 seconds
Copied Point file: Pot_A_Piece_17_Point.pcd
Copied Mesh file: Pot_A_Piece_17_Mesh.obj

Selected file: Dataset/Point/Pot_A/Pot_A_Piece_17_Point.pcd
[DEBUG getNormalsOnSurface] Starting function. Input points: 6431
[DEBUG getNormalsOnSurface] Creating Eigen matrix...
[DEBUG getNormalsOnSurface] Writing matrix to XYZ file...
[DEBUG getNormalsOnSurface] Reading XYZ file: fileForNormalEst_Sampled.xyz
[DEBUG getNormalsOnSurface] XYZ file read successfully. Points loaded: 6431
[ADAPTIVE CGAL] Using 6 neighbors for 6431 points (density-aware)
[DEBUG getNormalsOnSurface] PCA normal estimation complete.
[DEBUG getNormalsOnSurface] Orienting normals with MST...
[DEBUG getNormalsOnSurface] MST orientation complete.
[DEBUG getNormalsOnSurface] Erased unoriented points. Remaining: 6431
[DEBUG getNormalsOnSurface] Computing curvature for 6431 points...
[ADAPTIVE CURVATURE] Using K=21 for 6431 points
[DEBUG getNormalsOnSurface] Curvature computation complete.
[DEBUG getNormalsOnSurface] Saving PLY in ASCII mode...
[DEBUG downsamplePointCloud] Saving PLY in ASCII mode to avoid camera data issues...
Starting processing on: Dataset/Point/Pot_A/Pot_A_Piece_17_Point.pcd
Starting surface segmentation on: Temp/Data/Pot_A/Pot_A_Piece_17_SampledWithNormals.ply
[DEBUG] Loading PLY file: Temp/Data/Pot_A/Pot_A_Piece_17_SampledWithNormals.ply
[DEBUG] PLY file loaded successfully. Points: 6431
[DEBUG] Converting PointNormal to PointXYZ...
[DEBUG] Conversion complete. Cloud size: 6431
[DEBUG] Calling getNormalsOnSurface...
[DEBUG] Input cloud size: 6431
[DEBUG getNormalsOnSurface] Starting function. Input points: 6431
[DEBUG getNormalsOnSurface] Creating Eigen matrix...
[DEBUG getNormalsOnSurface] Writing matrix to XYZ file...
[DEBUG getNormalsOnSurface] Reading XYZ file: fileForNormalEst_Sampled.xyz
[DEBUG getNormalsOnSurface] XYZ file read successfully. Points loaded: 6431
[ADAPTIVE CGAL] Using 6 neighbors for 6431 points (density-aware)
[DEBUG getNormalsOnSurface] PCA normal estimation complete.
[DEBUG getNormalsOnSurface] Orienting normals with MST...
[DEBUG getNormalsOnSurface] MST orientation complete.
[DEBUG getNormalsOnSurface] Erased unoriented points. Remaining: 6431
[DEBUG getNormalsOnSurface] Computing curvature for 6431 points...
[ADAPTIVE CURVATURE] Using K=21 for 6431 points
[DEBUG getNormalsOnSurface] Curvature computation complete.
[DEBUG getNormalsOnSurface] Saving PLY in ASCII mode...
[DEBUG] getNormalsOnSurface completed successfully. Result points: 6431
[DEBUG] Extracting normals from sampled cloud...

Total points: 6431
Number of clusters is equal to 2
Points in 
Cluster 1 : 2289
Cluster 2 : 2152
Points in two clusters / Total Points in Pointcloud: 69.06%
Points in two clusters / Total Points in all clusters: 100%
Calling mergeClusters function.
mergeClusters function called.
Sampled indices: 1486 1327 805 1665 1182 228 2081 1932 1484 879 1807 120 841 133 1557 780 686 1741 1925 623 2133 196 996 1057 39 687 1871 1165 1598 1959 
Normals flipped: true
  loading cloudForSpline.pcd
  2289 points in data set
  surface fitting ...
  loading cloudForSpline.pcd
  2152 points in data set
  surface fitting ...
[DEBUG] Saving surface cluster PLY files in ASCII mode...
[ADAPTIVE CLUSTER 1] N=1990, min=10, max=5970
PointCloud representing the Cluster: 1990 data points.
[ADAPTIVE BOUNDARY] Cluster 0 has 1990 points, spacing≈22.42mm, boundary_r=15mm
Successfully found 2 clusters after 1 iterations.
Ply to XYZ start

Time after processing: 2.698 seconds
Copied Point file: Pot_A_Piece_18_Point.pcd
Copied Mesh file: Pot_A_Piece_18_Mesh.obj

Selected file: Dataset/Point/Pot_A/Pot_A_Piece_18_Point.pcd
[DEBUG getNormalsOnSurface] Starting function. Input points: 11830
[DEBUG getNormalsOnSurface] Creating Eigen matrix...
[DEBUG getNormalsOnSurface] Writing matrix to XYZ file...
[DEBUG getNormalsOnSurface] Reading XYZ file: fileForNormalEst_Sampled.xyz
[DEBUG getNormalsOnSurface] XYZ file read successfully. Points loaded: 11830
[ADAPTIVE CGAL] Using 11 neighbors for 11830 points (density-aware)
[DEBUG getNormalsOnSurface] PCA normal estimation complete.
[DEBUG getNormalsOnSurface] Orienting normals with MST...
[DEBUG getNormalsOnSurface] MST orientation complete.
[DEBUG getNormalsOnSurface] Erased unoriented points. Remaining: 11830
[DEBUG getNormalsOnSurface] Computing curvature for 11830 points...
[ADAPTIVE CURVATURE] Using K=39 for 11830 points
[DEBUG getNormalsOnSurface] Curvature computation complete.
[DEBUG getNormalsOnSurface] Saving PLY in ASCII mode...
[DEBUG downsamplePointCloud] Saving PLY in ASCII mode to avoid camera data issues...
Starting processing on: Dataset/Point/Pot_A/Pot_A_Piece_18_Point.pcd
Starting surface segmentation on: Temp/Data/Pot_A/Pot_A_Piece_18_SampledWithNormals.ply
[DEBUG] Loading PLY file: Temp/Data/Pot_A/Pot_A_Piece_18_SampledWithNormals.ply
[DEBUG] PLY file loaded successfully. Points: 11830
[DEBUG] Converting PointNormal to PointXYZ...
[DEBUG] Conversion complete. Cloud size: 11830
[DEBUG] Calling getNormalsOnSurface...
[DEBUG] Input cloud size: 11830
[DEBUG getNormalsOnSurface] Starting function. Input points: 11830
[DEBUG getNormalsOnSurface] Creating Eigen matrix...
[DEBUG getNormalsOnSurface] Writing matrix to XYZ file...
[DEBUG getNormalsOnSurface] Reading XYZ file: fileForNormalEst_Sampled.xyz
[DEBUG getNormalsOnSurface] XYZ file read successfully. Points loaded: 11830
[ADAPTIVE CGAL] Using 11 neighbors for 11830 points (density-aware)
[DEBUG getNormalsOnSurface] PCA normal estimation complete.
[DEBUG getNormalsOnSurface] Orienting normals with MST...
[DEBUG getNormalsOnSurface] MST orientation complete.
[DEBUG getNormalsOnSurface] Erased unoriented points. Remaining: 11830
[DEBUG getNormalsOnSurface] Computing curvature for 11830 points...
[ADAPTIVE CURVATURE] Using K=39 for 11830 points
[DEBUG getNormalsOnSurface] Curvature computation complete.
[DEBUG getNormalsOnSurface] Saving PLY in ASCII mode...
[DEBUG] getNormalsOnSurface completed successfully. Result points: 11830
[DEBUG] Extracting normals from sampled cloud...

Total points: 11830
Number of clusters is equal to 3
Points in 
Cluster 1 : 4043
Cluster 2 : 3215
Cluster 3 : 1934
Points in two clusters / Total Points in Pointcloud: 61.35%
Points in two clusters / Total Points in all clusters: 78.96%
Calling mergeClusters function.
mergeClusters function called.
Sampled indices: 3702 368 530 776 1453 668 3878 3019 3734 763 862 3410 3876 2565 1544 1862 2031 2580 1745 2001 777 3227 291 80 1791 1924 100 3450 2291 2622 
Normals flipped: true
  loading cloudForSpline.pcd
  4043 points in data set
  surface fitting ...
  loading cloudForSpline.pcd
  3215 points in data set
  surface fitting ...
[DEBUG] Saving surface cluster PLY files in ASCII mode...
[ADAPTIVE CLUSTER 1] N=2638, min=10, max=7914
PointCloud representing the Cluster: 2638 data points.
[ADAPTIVE BOUNDARY] Cluster 0 has 2638 points, spacing≈19.47mm, boundary_r=15mm
Successfully found 3 clusters after 1 iterations.
Ply to XYZ start

Time after processing: 5.367 seconds
Copied Point file: Pot_A_Piece_19_Point.pcd
Copied Mesh file: Pot_A_Piece_19_Mesh.obj

Selected file: Dataset/Point/Pot_A/Pot_A_Piece_19_Point.pcd
[DEBUG getNormalsOnSurface] Starting function. Input points: 8429
[DEBUG getNormalsOnSurface] Creating Eigen matrix...
[DEBUG getNormalsOnSurface] Writing matrix to XYZ file...
[DEBUG getNormalsOnSurface] Reading XYZ file: fileForNormalEst_Sampled.xyz
[DEBUG getNormalsOnSurface] XYZ file read successfully. Points loaded: 8429
[ADAPTIVE CGAL] Using 8 neighbors for 8429 points (density-aware)
[DEBUG getNormalsOnSurface] PCA normal estimation complete.
[DEBUG getNormalsOnSurface] Orienting normals with MST...
[DEBUG getNormalsOnSurface] MST orientation complete.
[DEBUG getNormalsOnSurface] Erased unoriented points. Remaining: 8429
[DEBUG getNormalsOnSurface] Computing curvature for 8429 points...
[ADAPTIVE CURVATURE] Using K=28 for 8429 points
[DEBUG getNormalsOnSurface] Curvature computation complete.
[DEBUG getNormalsOnSurface] Saving PLY in ASCII mode...
[DEBUG downsamplePointCloud] Saving PLY in ASCII mode to avoid camera data issues...
Starting processing on: Dataset/Point/Pot_A/Pot_A_Piece_19_Point.pcd
Starting surface segmentation on: Temp/Data/Pot_A/Pot_A_Piece_19_SampledWithNormals.ply
[DEBUG] Loading PLY file: Temp/Data/Pot_A/Pot_A_Piece_19_SampledWithNormals.ply
[DEBUG] PLY file loaded successfully. Points: 8429
[DEBUG] Converting PointNormal to PointXYZ...
[DEBUG] Conversion complete. Cloud size: 8429
[DEBUG] Calling getNormalsOnSurface...
[DEBUG] Input cloud size: 8429
[DEBUG getNormalsOnSurface] Starting function. Input points: 8429
[DEBUG getNormalsOnSurface] Creating Eigen matrix...
[DEBUG getNormalsOnSurface] Writing matrix to XYZ file...
[DEBUG getNormalsOnSurface] Reading XYZ file: fileForNormalEst_Sampled.xyz
[DEBUG getNormalsOnSurface] XYZ file read successfully. Points loaded: 8429
[ADAPTIVE CGAL] Using 8 neighbors for 8429 points (density-aware)
[DEBUG getNormalsOnSurface] PCA normal estimation complete.
[DEBUG getNormalsOnSurface] Orienting normals with MST...
[DEBUG getNormalsOnSurface] MST orientation complete.
[DEBUG getNormalsOnSurface] Erased unoriented points. Remaining: 8429
[DEBUG getNormalsOnSurface] Computing curvature for 8429 points...
[ADAPTIVE CURVATURE] Using K=28 for 8429 points
[DEBUG getNormalsOnSurface] Curvature computation complete.
[DEBUG getNormalsOnSurface] Saving PLY in ASCII mode...
[DEBUG] getNormalsOnSurface completed successfully. Result points: 8429
[DEBUG] Extracting normals from sampled cloud...

Total points: 8429
Number of clusters is equal to 2
Points in 
Cluster 1 : 3002
Cluster 2 : 2912
Points in two clusters / Total Points in Pointcloud: 70.16%
Points in two clusters / Total Points in all clusters: 100%
Calling mergeClusters function.
mergeClusters function called.
Sampled indices: 480 2715 1319 636 999 2365 2217 961 17 1414 891 1190 83 2039 2599 1025 583 2257 2386 851 90 2380 1626 39 2421 2238 1011 1092 1498 47 
Normals flipped: true
  loading cloudForSpline.pcd
  3002 points in data set
  surface fitting ...
  loading cloudForSpline.pcd
  2912 points in data set
  surface fitting ...
[DEBUG] Saving surface cluster PLY files in ASCII mode...
[ADAPTIVE CLUSTER 1] N=2515, min=10, max=7545
PointCloud representing the Cluster: 2515 data points.
[ADAPTIVE BOUNDARY] Cluster 0 has 2515 points, spacing≈19.94mm, boundary_r=15mm
Successfully found 2 clusters after 1 iterations.
Ply to XYZ start

Time after processing: 3.888 seconds
Copied Point file: Pot_A_Piece_20_Point.pcd
Copied Mesh file: Pot_A_Piece_20_Mesh.obj

Selected file: Dataset/Point/Pot_A/Pot_A_Piece_20_Point.pcd
[DEBUG getNormalsOnSurface] Starting function. Input points: 8262
[DEBUG getNormalsOnSurface] Creating Eigen matrix...
[DEBUG getNormalsOnSurface] Writing matrix to XYZ file...
[DEBUG getNormalsOnSurface] Reading XYZ file: fileForNormalEst_Sampled.xyz
[DEBUG getNormalsOnSurface] XYZ file read successfully. Points loaded: 8262
[ADAPTIVE CGAL] Using 8 neighbors for 8262 points (density-aware)
[DEBUG getNormalsOnSurface] PCA normal estimation complete.
[DEBUG getNormalsOnSurface] Orienting normals with MST...
[DEBUG getNormalsOnSurface] MST orientation complete.
[DEBUG getNormalsOnSurface] Erased unoriented points. Remaining: 8262
[DEBUG getNormalsOnSurface] Computing curvature for 8262 points...
[ADAPTIVE CURVATURE] Using K=27 for 8262 points
[DEBUG getNormalsOnSurface] Curvature computation complete.
[DEBUG getNormalsOnSurface] Saving PLY in ASCII mode...
[DEBUG downsamplePointCloud] Saving PLY in ASCII mode to avoid camera data issues...
Starting processing on: Dataset/Point/Pot_A/Pot_A_Piece_20_Point.pcd
Starting surface segmentation on: Temp/Data/Pot_A/Pot_A_Piece_20_SampledWithNormals.ply
[DEBUG] Loading PLY file: Temp/Data/Pot_A/Pot_A_Piece_20_SampledWithNormals.ply
[DEBUG] PLY file loaded successfully. Points: 8262
[DEBUG] Converting PointNormal to PointXYZ...
[DEBUG] Conversion complete. Cloud size: 8262
[DEBUG] Calling getNormalsOnSurface...
[DEBUG] Input cloud size: 8262
[DEBUG getNormalsOnSurface] Starting function. Input points: 8262
[DEBUG getNormalsOnSurface] Creating Eigen matrix...
[DEBUG getNormalsOnSurface] Writing matrix to XYZ file...
[DEBUG getNormalsOnSurface] Reading XYZ file: fileForNormalEst_Sampled.xyz
[DEBUG getNormalsOnSurface] XYZ file read successfully. Points loaded: 8262
[ADAPTIVE CGAL] Using 8 neighbors for 8262 points (density-aware)
[DEBUG getNormalsOnSurface] PCA normal estimation complete.
[DEBUG getNormalsOnSurface] Orienting normals with MST...
[DEBUG getNormalsOnSurface] MST orientation complete.
[DEBUG getNormalsOnSurface] Erased unoriented points. Remaining: 8262
[DEBUG getNormalsOnSurface] Computing curvature for 8262 points...
[ADAPTIVE CURVATURE] Using K=27 for 8262 points
[DEBUG getNormalsOnSurface] Curvature computation complete.
[DEBUG getNormalsOnSurface] Saving PLY in ASCII mode...
[DEBUG] getNormalsOnSurface completed successfully. Result points: 8262
[DEBUG] Extracting normals from sampled cloud...

Total points: 8262
Number of clusters is equal to 3
Points in 
Cluster 1 : 2896
Cluster 2 : 2693
Cluster 3 : 53
Points in two clusters / Total Points in Pointcloud: 67.65%
Points in two clusters / Total Points in all clusters: 99.06%
Calling mergeClusters function.
mergeClusters function called.
Sampled indices: 1450 169 2464 2613 1452 518 957 733 2680 2740 1951 727 1331 2435 710 1174 1190 2447 1971 1551 1203 646 182 1374 2851 1293 2569 419 83 684 
Normals flipped: true
  loading cloudForSpline.pcd
  2896 points in data set
  surface fitting ...
  loading cloudForSpline.pcd
  2693 points in data set
  surface fitting ...
[DEBUG] Saving surface cluster PLY files in ASCII mode...
[ADAPTIVE CLUSTER 1] N=2620, min=10, max=7860
PointCloud representing the Cluster: 2620 data points.
[ADAPTIVE BOUNDARY] Cluster 0 has 2620 points, spacing≈19.54mm, boundary_r=15mm
Successfully found 3 clusters after 1 iterations.
Ply to XYZ start

Time after processing: 4.026 seconds
Copied Point file: Pot_A_Piece_21_Point.pcd
Copied Mesh file: Pot_A_Piece_21_Mesh.obj

Selected file: Dataset/Point/Pot_A/Pot_A_Piece_21_Point.pcd
[DEBUG getNormalsOnSurface] Starting function. Input points: 1453
[DEBUG getNormalsOnSurface] Creating Eigen matrix...
[DEBUG getNormalsOnSurface] Writing matrix to XYZ file...
[DEBUG getNormalsOnSurface] Reading XYZ file: fileForNormalEst_Sampled.xyz
[DEBUG getNormalsOnSurface] XYZ file read successfully. Points loaded: 1453
[ADAPTIVE CGAL] Using 5 neighbors for 1453 points (density-aware)
[DEBUG getNormalsOnSurface] PCA normal estimation complete.
[DEBUG getNormalsOnSurface] Orienting normals with MST...
[DEBUG getNormalsOnSurface] MST orientation complete.
[DEBUG getNormalsOnSurface] Erased unoriented points. Remaining: 1453
[DEBUG getNormalsOnSurface] Computing curvature for 1453 points...
[ADAPTIVE CURVATURE] Using K=10 for 1453 points
[DEBUG getNormalsOnSurface] Curvature computation complete.
[DEBUG getNormalsOnSurface] Saving PLY in ASCII mode...
[DEBUG downsamplePointCloud] Saving PLY in ASCII mode to avoid camera data issues...
Starting processing on: Dataset/Point/Pot_A/Pot_A_Piece_21_Point.pcd
Starting surface segmentation on: Temp/Data/Pot_A/Pot_A_Piece_21_SampledWithNormals.ply
[DEBUG] Loading PLY file: Temp/Data/Pot_A/Pot_A_Piece_21_SampledWithNormals.ply
[DEBUG] PLY file loaded successfully. Points: 1453
[DEBUG] Converting PointNormal to PointXYZ...
[DEBUG] Conversion complete. Cloud size: 1453
[DEBUG] Calling getNormalsOnSurface...
[DEBUG] Input cloud size: 1453
[DEBUG getNormalsOnSurface] Starting function. Input points: 1453
[DEBUG getNormalsOnSurface] Creating Eigen matrix...
[DEBUG getNormalsOnSurface] Writing matrix to XYZ file...
[DEBUG getNormalsOnSurface] Reading XYZ file: fileForNormalEst_Sampled.xyz
[DEBUG getNormalsOnSurface] XYZ file read successfully. Points loaded: 1453
[ADAPTIVE CGAL] Using 5 neighbors for 1453 points (density-aware)
[DEBUG getNormalsOnSurface] PCA normal estimation complete.
[DEBUG getNormalsOnSurface] Orienting normals with MST...
[DEBUG getNormalsOnSurface] MST orientation complete.
[DEBUG getNormalsOnSurface] Erased unoriented points. Remaining: 1453
[DEBUG getNormalsOnSurface] Computing curvature for 1453 points...
[ADAPTIVE CURVATURE] Using K=10 for 1453 points
[DEBUG getNormalsOnSurface] Curvature computation complete.
[DEBUG getNormalsOnSurface] Saving PLY in ASCII mode...
[DEBUG] getNormalsOnSurface completed successfully. Result points: 1453
[DEBUG] Extracting normals from sampled cloud...

Total points: 1453
Number of clusters is equal to 3
Points in 
Cluster 1 : 313
Cluster 2 : 163
Cluster 3 : 84
Points in two clusters / Total Points in Pointcloud: 32.76%
Points in two clusters / Total Points in all clusters: 85%
Calling mergeClusters function.
mergeClusters function called.
Condition 1 (closest point pairs) passed for clusters 1 and 2
Condition 2 (normal vector similarity) passed for clusters 1 and 2
Condition 3 (boundary curvature similarity) passed for clusters 1 and 2
Verification failed (innerPoint selection) for clusters 1 and 2
Sampled indices: 193 276 77 271 12 201 42 43 196 32 78 309 125 268 310 156 16 238 212 97 162 143 191 291 42 255 279 266 248 100 
Normals flipped: true
  loading cloudForSpline.pcd
  313 points in data set
  surface fitting ...
  loading cloudForSpline.pcd
  163 points in data set
  surface fitting ...
[DEBUG] Saving surface cluster PLY files in ASCII mode...
[ADAPTIVE CLUSTER 1] N=893, min=10, max=2679
PointCloud representing the Cluster: 893 data points.
[ADAPTIVE BOUNDARY] Cluster 0 has 893 points, spacing≈33.46mm, boundary_r=15mm
Successfully found 3 clusters after 1 iterations.
Ply to XYZ start

Time after processing: 0.9556 seconds
Copied Point file: Pot_A_Piece_22_Point.pcd
Copied Mesh file: Pot_A_Piece_22_Mesh.obj

Selected file: Dataset/Point/Pot_A/Pot_A_Piece_22_Point.pcd
[DEBUG getNormalsOnSurface] Starting function. Input points: 6441
[DEBUG getNormalsOnSurface] Creating Eigen matrix...
[DEBUG getNormalsOnSurface] Writing matrix to XYZ file...
[DEBUG getNormalsOnSurface] Reading XYZ file: fileForNormalEst_Sampled.xyz
[DEBUG getNormalsOnSurface] XYZ file read successfully. Points loaded: 6441
[ADAPTIVE CGAL] Using 6 neighbors for 6441 points (density-aware)
[DEBUG getNormalsOnSurface] PCA normal estimation complete.
[DEBUG getNormalsOnSurface] Orienting normals with MST...
[DEBUG getNormalsOnSurface] MST orientation complete.
[DEBUG getNormalsOnSurface] Erased unoriented points. Remaining: 6441
[DEBUG getNormalsOnSurface] Computing curvature for 6441 points...
[ADAPTIVE CURVATURE] Using K=21 for 6441 points
[DEBUG getNormalsOnSurface] Curvature computation complete.
[DEBUG getNormalsOnSurface] Saving PLY in ASCII mode...
[DEBUG downsamplePointCloud] Saving PLY in ASCII mode to avoid camera data issues...
Starting processing on: Dataset/Point/Pot_A/Pot_A_Piece_22_Point.pcd
Starting surface segmentation on: Temp/Data/Pot_A/Pot_A_Piece_22_SampledWithNormals.ply
[DEBUG] Loading PLY file: Temp/Data/Pot_A/Pot_A_Piece_22_SampledWithNormals.ply
[DEBUG] PLY file loaded successfully. Points: 6441
[DEBUG] Converting PointNormal to PointXYZ...
[DEBUG] Conversion complete. Cloud size: 6441
[DEBUG] Calling getNormalsOnSurface...
[DEBUG] Input cloud size: 6441
[DEBUG getNormalsOnSurface] Starting function. Input points: 6441
[DEBUG getNormalsOnSurface] Creating Eigen matrix...
[DEBUG getNormalsOnSurface] Writing matrix to XYZ file...
[DEBUG getNormalsOnSurface] Reading XYZ file: fileForNormalEst_Sampled.xyz
[DEBUG getNormalsOnSurface] XYZ file read successfully. Points loaded: 6441
[ADAPTIVE CGAL] Using 6 neighbors for 6441 points (density-aware)
[DEBUG getNormalsOnSurface] PCA normal estimation complete.
[DEBUG getNormalsOnSurface] Orienting normals with MST...
[DEBUG getNormalsOnSurface] MST orientation complete.
[DEBUG getNormalsOnSurface] Erased unoriented points. Remaining: 6441
[DEBUG getNormalsOnSurface] Computing curvature for 6441 points...
[ADAPTIVE CURVATURE] Using K=21 for 6441 points
[DEBUG getNormalsOnSurface] Curvature computation complete.
[DEBUG getNormalsOnSurface] Saving PLY in ASCII mode...
[DEBUG] getNormalsOnSurface completed successfully. Result points: 6441
[DEBUG] Extracting normals from sampled cloud...

Total points: 6441
Number of clusters is equal to 5
Points in 
Cluster 1 : 1773
Cluster 2 : 742
Cluster 3 : 669
Cluster 4 : 185
Cluster 5 : 88
Points in two clusters / Total Points in Pointcloud: 39.05%
Points in two clusters / Total Points in all clusters: 72.75%
Calling mergeClusters function.
mergeClusters function called.
Condition 1 (closest point pairs) passed for clusters 2 and 3
Condition 2 (normal vector similarity) passed for clusters 2 and 3
Condition 3 (boundary curvature similarity) passed for clusters 2 and 3
Verification failed (innerPoint selection) for clusters 2 and 3
Sampled indices: 672 1694 377 421 1373 226 963 1339 1085 858 1367 905 792 1469 1505 189 1386 1337 1189 1283 464 996 1269 251 751 1425 1293 1420 1243 883 
Normals flipped: true
  loading cloudForSpline.pcd
  1773 points in data set
  surface fitting ...
  loading cloudForSpline.pcd
  742 points in data set
  surface fitting ...
[DEBUG] Saving surface cluster PLY files in ASCII mode...
[ADAPTIVE CLUSTER 1] N=2984, min=10, max=8952
PointCloud representing the Cluster: 2984 data points.
[ADAPTIVE BOUNDARY] Cluster 0 has 2984 points, spacing≈18.31mm, boundary_r=15mm
Successfully found 5 clusters after 1 iterations.
Ply to XYZ start

Time after processing: 4.581 seconds
Copied Point file: Pot_A_Piece_23_Point.pcd
Copied Mesh file: Pot_A_Piece_23_Mesh.obj

Selected file: Dataset/Point/Pot_A/Pot_A_Piece_23_Point.pcd
[DEBUG getNormalsOnSurface] Starting function. Input points: 6671
[DEBUG getNormalsOnSurface] Creating Eigen matrix...
[DEBUG getNormalsOnSurface] Writing matrix to XYZ file...
[DEBUG getNormalsOnSurface] Reading XYZ file: fileForNormalEst_Sampled.xyz
[DEBUG getNormalsOnSurface] XYZ file read successfully. Points loaded: 6671
[ADAPTIVE CGAL] Using 6 neighbors for 6671 points (density-aware)
[DEBUG getNormalsOnSurface] PCA normal estimation complete.
[DEBUG getNormalsOnSurface] Orienting normals with MST...
[DEBUG getNormalsOnSurface] MST orientation complete.
[DEBUG getNormalsOnSurface] Erased unoriented points. Remaining: 6671
[DEBUG getNormalsOnSurface] Computing curvature for 6671 points...
[ADAPTIVE CURVATURE] Using K=22 for 6671 points
[DEBUG getNormalsOnSurface] Curvature computation complete.
[DEBUG getNormalsOnSurface] Saving PLY in ASCII mode...
[DEBUG downsamplePointCloud] Saving PLY in ASCII mode to avoid camera data issues...
Starting processing on: Dataset/Point/Pot_A/Pot_A_Piece_23_Point.pcd
Starting surface segmentation on: Temp/Data/Pot_A/Pot_A_Piece_23_SampledWithNormals.ply
[DEBUG] Loading PLY file: Temp/Data/Pot_A/Pot_A_Piece_23_SampledWithNormals.ply
[DEBUG] PLY file loaded successfully. Points: 6671
[DEBUG] Converting PointNormal to PointXYZ...
[DEBUG] Conversion complete. Cloud size: 6671
[DEBUG] Calling getNormalsOnSurface...
[DEBUG] Input cloud size: 6671
[DEBUG getNormalsOnSurface] Starting function. Input points: 6671
[DEBUG getNormalsOnSurface] Creating Eigen matrix...
[DEBUG getNormalsOnSurface] Writing matrix to XYZ file...
[DEBUG getNormalsOnSurface] Reading XYZ file: fileForNormalEst_Sampled.xyz
[DEBUG getNormalsOnSurface] XYZ file read successfully. Points loaded: 6671
[ADAPTIVE CGAL] Using 6 neighbors for 6671 points (density-aware)
[DEBUG getNormalsOnSurface] PCA normal estimation complete.
[DEBUG getNormalsOnSurface] Orienting normals with MST...
[DEBUG getNormalsOnSurface] MST orientation complete.
[DEBUG getNormalsOnSurface] Erased unoriented points. Remaining: 6671
[DEBUG getNormalsOnSurface] Computing curvature for 6671 points...
[ADAPTIVE CURVATURE] Using K=22 for 6671 points
[DEBUG getNormalsOnSurface] Curvature computation complete.
[DEBUG getNormalsOnSurface] Saving PLY in ASCII mode...
[DEBUG] getNormalsOnSurface completed successfully. Result points: 6671
[DEBUG] Extracting normals from sampled cloud...

Total points: 6671
Number of clusters is equal to 4
Points in 
Cluster 1 : 2132
Cluster 2 : 2128
Cluster 3 : 74
Cluster 4 : 54
Points in two clusters / Total Points in Pointcloud: 63.86%
Points in two clusters / Total Points in all clusters: 97.08%
Calling mergeClusters function.
mergeClusters function called.
Condition 1 (closest point pairs) passed for clusters 1 and 2
Condition 2 (normal vector similarity) passed for clusters 1 and 2
Condition 3 (boundary curvature similarity) passed for clusters 1 and 2
Verification failed (innerPoint selection) for clusters 1 and 2
Sampled indices: 134 1766 1924 673 1096 1445 806 1373 933 2125 1162 1908 500 1942 1655 1069 1253 1366 1425 1219 1438 237 1350 838 2046 1798 1440 1594 1096 1884 
Normals flipped: true
  loading cloudForSpline.pcd
  2132 points in data set
  surface fitting ...
  loading cloudForSpline.pcd
  2128 points in data set
  surface fitting ...
[DEBUG] Saving surface cluster PLY files in ASCII mode...
[ADAPTIVE CLUSTER 1] N=2283, min=10, max=6849
PointCloud representing the Cluster: 2283 data points.
[ADAPTIVE BOUNDARY] Cluster 0 has 2283 points, spacing≈20.93mm, boundary_r=15mm
Successfully found 4 clusters after 1 iterations.
Ply to XYZ start

Time after processing: 3.328 seconds
Copied Point file: Pot_A_Piece_24_Point.pcd
Copied Mesh file: Pot_A_Piece_24_Mesh.obj

Selected file: Dataset/Point/Pot_A/Pot_A_Piece_24_Point.pcd
[DEBUG getNormalsOnSurface] Starting function. Input points: 2198
[DEBUG getNormalsOnSurface] Creating Eigen matrix...
[DEBUG getNormalsOnSurface] Writing matrix to XYZ file...
[DEBUG getNormalsOnSurface] Reading XYZ file: fileForNormalEst_Sampled.xyz
[DEBUG getNormalsOnSurface] XYZ file read successfully. Points loaded: 2198
[ADAPTIVE CGAL] Using 5 neighbors for 2198 points (density-aware)
[DEBUG getNormalsOnSurface] PCA normal estimation complete.
[DEBUG getNormalsOnSurface] Orienting normals with MST...
[DEBUG getNormalsOnSurface] MST orientation complete.
[DEBUG getNormalsOnSurface] Erased unoriented points. Remaining: 2198
[DEBUG getNormalsOnSurface] Computing curvature for 2198 points...
[ADAPTIVE CURVATURE] Using K=10 for 2198 points
[DEBUG getNormalsOnSurface] Curvature computation complete.
[DEBUG getNormalsOnSurface] Saving PLY in ASCII mode...
[DEBUG downsamplePointCloud] Saving PLY in ASCII mode to avoid camera data issues...
Starting processing on: Dataset/Point/Pot_A/Pot_A_Piece_24_Point.pcd
Starting surface segmentation on: Temp/Data/Pot_A/Pot_A_Piece_24_SampledWithNormals.ply
[DEBUG] Loading PLY file: Temp/Data/Pot_A/Pot_A_Piece_24_SampledWithNormals.ply
[DEBUG] PLY file loaded successfully. Points: 2198
[DEBUG] Converting PointNormal to PointXYZ...
[DEBUG] Conversion complete. Cloud size: 2198
[DEBUG] Calling getNormalsOnSurface...
[DEBUG] Input cloud size: 2198
[DEBUG getNormalsOnSurface] Starting function. Input points: 2198
[DEBUG getNormalsOnSurface] Creating Eigen matrix...
[DEBUG getNormalsOnSurface] Writing matrix to XYZ file...
[DEBUG getNormalsOnSurface] Reading XYZ file: fileForNormalEst_Sampled.xyz
[DEBUG getNormalsOnSurface] XYZ file read successfully. Points loaded: 2198
[ADAPTIVE CGAL] Using 5 neighbors for 2198 points (density-aware)
[DEBUG getNormalsOnSurface] PCA normal estimation complete.
[DEBUG getNormalsOnSurface] Orienting normals with MST...
[DEBUG getNormalsOnSurface] MST orientation complete.
[DEBUG getNormalsOnSurface] Erased unoriented points. Remaining: 2198
[DEBUG getNormalsOnSurface] Computing curvature for 2198 points...
[ADAPTIVE CURVATURE] Using K=10 for 2198 points
[DEBUG getNormalsOnSurface] Curvature computation complete.
[DEBUG getNormalsOnSurface] Saving PLY in ASCII mode...
[DEBUG] getNormalsOnSurface completed successfully. Result points: 2198
[DEBUG] Extracting normals from sampled cloud...

Total points: 2198
Number of clusters is equal to 2
Points in 
Cluster 1 : 598
Cluster 2 : 528
Points in two clusters / Total Points in Pointcloud: 51.23%
Points in two clusters / Total Points in all clusters: 100%
Calling mergeClusters function.
mergeClusters function called.
Sampled indices: 504 400 275 383 57 291 149 111 559 121 510 5 199 370 586 319 240 250 398 328 285 30 419 31 318 591 233 512 98 497 
Normals flipped: true
  loading cloudForSpline.pcd
  598 points in data set
  surface fitting ...
  loading cloudForSpline.pcd
  528 points in data set
  surface fitting ...
[DEBUG] Saving surface cluster PLY files in ASCII mode...
[ADAPTIVE CLUSTER 1] N=1072, min=10, max=3216
PointCloud representing the Cluster: 1072 data points.
[ADAPTIVE BOUNDARY] Cluster 0 has 1072 points, spacing≈30.54mm, boundary_r=15mm
Successfully found 2 clusters after 1 iterations.
Ply to XYZ start

Time after processing: 1.074 seconds
Copied Point file: Pot_A_Piece_25_Point.pcd
Copied Mesh file: Pot_A_Piece_25_Mesh.obj

Selected file: Dataset/Point/Pot_A/Pot_A_Piece_25_Point.pcd
[DEBUG getNormalsOnSurface] Starting function. Input points: 3578
[DEBUG getNormalsOnSurface] Creating Eigen matrix...
[DEBUG getNormalsOnSurface] Writing matrix to XYZ file...
[DEBUG getNormalsOnSurface] Reading XYZ file: fileForNormalEst_Sampled.xyz
[DEBUG getNormalsOnSurface] XYZ file read successfully. Points loaded: 3578
[ADAPTIVE CGAL] Using 5 neighbors for 3578 points (density-aware)
[DEBUG getNormalsOnSurface] PCA normal estimation complete.
[DEBUG getNormalsOnSurface] Orienting normals with MST...
[DEBUG getNormalsOnSurface] MST orientation complete.
[DEBUG getNormalsOnSurface] Erased unoriented points. Remaining: 3577
[DEBUG getNormalsOnSurface] Computing curvature for 3577 points...
[ADAPTIVE CURVATURE] Using K=11 for 3577 points
[DEBUG getNormalsOnSurface] Curvature computation complete.
[DEBUG getNormalsOnSurface] Saving PLY in ASCII mode...
[DEBUG downsamplePointCloud] Saving PLY in ASCII mode to avoid camera data issues...
Starting processing on: Dataset/Point/Pot_A/Pot_A_Piece_25_Point.pcd
Starting surface segmentation on: Temp/Data/Pot_A/Pot_A_Piece_25_SampledWithNormals.ply
[DEBUG] Loading PLY file: Temp/Data/Pot_A/Pot_A_Piece_25_SampledWithNormals.ply
[DEBUG] PLY file loaded successfully. Points: 3577
[DEBUG] Converting PointNormal to PointXYZ...
[DEBUG] Conversion complete. Cloud size: 3577
[DEBUG] Calling getNormalsOnSurface...
[DEBUG] Input cloud size: 3577
[DEBUG getNormalsOnSurface] Starting function. Input points: 3577
[DEBUG getNormalsOnSurface] Creating Eigen matrix...
[DEBUG getNormalsOnSurface] Writing matrix to XYZ file...
[DEBUG getNormalsOnSurface] Reading XYZ file: fileForNormalEst_Sampled.xyz
[DEBUG getNormalsOnSurface] XYZ file read successfully. Points loaded: 3577
[ADAPTIVE CGAL] Using 5 neighbors for 3577 points (density-aware)
[DEBUG getNormalsOnSurface] PCA normal estimation complete.
[DEBUG getNormalsOnSurface] Orienting normals with MST...
[DEBUG getNormalsOnSurface] MST orientation complete.
[DEBUG getNormalsOnSurface] Erased unoriented points. Remaining: 3577
[DEBUG getNormalsOnSurface] Computing curvature for 3577 points...
[ADAPTIVE CURVATURE] Using K=11 for 3577 points
[DEBUG getNormalsOnSurface] Curvature computation complete.
[DEBUG getNormalsOnSurface] Saving PLY in ASCII mode...
[DEBUG] getNormalsOnSurface completed successfully. Result points: 3577
[DEBUG] Extracting normals from sampled cloud...

Total points: 3577
Number of clusters is equal to 3
Points in 
Cluster 1 : 1043
Cluster 2 : 572
Cluster 3 : 247
Points in two clusters / Total Points in Pointcloud: 45.15%
Points in two clusters / Total Points in all clusters: 86.73%
Calling mergeClusters function.
mergeClusters function called.
Condition 1 (closest point pairs) passed for clusters 1 and 2
Condition 2 (normal vector similarity) passed for clusters 1 and 2
Condition 3 (boundary curvature similarity) passed for clusters 1 and 2
Verification failed (innerPoint selection) for clusters 1 and 2
Sampled indices: 710 1018 865 408 46 110 954 48 180 385 933 843 590 556 852 448 675 795 341 911 254 75 866 84 172 338 376 675 573 200 
Normals flipped: true
  loading cloudForSpline.pcd
  1043 points in data set
  surface fitting ...
  loading cloudForSpline.pcd
  572 points in data set
  surface fitting ...
[DEBUG] Saving surface cluster PLY files in ASCII mode...
[ADAPTIVE CLUSTER 1] N=1715, min=10, max=5145
PointCloud representing the Cluster: 1715 data points.
[ADAPTIVE BOUNDARY] Cluster 0 has 1715 points, spacing≈24.15mm, boundary_r=15mm
Successfully found 3 clusters after 1 iterations.
Ply to XYZ start

Time after processing: 2.033 seconds
Copied Point file: Pot_A_Piece_26_Point.pcd
Copied Mesh file: Pot_A_Piece_26_Mesh.obj

Selected file: Dataset/Point/Pot_A/Pot_A_Piece_26_Point.pcd
[DEBUG getNormalsOnSurface] Starting function. Input points: 3498
[DEBUG getNormalsOnSurface] Creating Eigen matrix...
[DEBUG getNormalsOnSurface] Writing matrix to XYZ file...
[DEBUG getNormalsOnSurface] Reading XYZ file: fileForNormalEst_Sampled.xyz
[DEBUG getNormalsOnSurface] XYZ file read successfully. Points loaded: 3498
[ADAPTIVE CGAL] Using 5 neighbors for 3498 points (density-aware)
[DEBUG getNormalsOnSurface] PCA normal estimation complete.
[DEBUG getNormalsOnSurface] Orienting normals with MST...
[DEBUG getNormalsOnSurface] MST orientation complete.
[DEBUG getNormalsOnSurface] Erased unoriented points. Remaining: 3498
[DEBUG getNormalsOnSurface] Computing curvature for 3498 points...
[ADAPTIVE CURVATURE] Using K=11 for 3498 points
[DEBUG getNormalsOnSurface] Curvature computation complete.
[DEBUG getNormalsOnSurface] Saving PLY in ASCII mode...
[DEBUG downsamplePointCloud] Saving PLY in ASCII mode to avoid camera data issues...
Starting processing on: Dataset/Point/Pot_A/Pot_A_Piece_26_Point.pcd
Starting surface segmentation on: Temp/Data/Pot_A/Pot_A_Piece_26_SampledWithNormals.ply
[DEBUG] Loading PLY file: Temp/Data/Pot_A/Pot_A_Piece_26_SampledWithNormals.ply
[DEBUG] PLY file loaded successfully. Points: 3498
[DEBUG] Converting PointNormal to PointXYZ...
[DEBUG] Conversion complete. Cloud size: 3498
[DEBUG] Calling getNormalsOnSurface...
[DEBUG] Input cloud size: 3498
[DEBUG getNormalsOnSurface] Starting function. Input points: 3498
[DEBUG getNormalsOnSurface] Creating Eigen matrix...
[DEBUG getNormalsOnSurface] Writing matrix to XYZ file...
[DEBUG getNormalsOnSurface] Reading XYZ file: fileForNormalEst_Sampled.xyz
[DEBUG getNormalsOnSurface] XYZ file read successfully. Points loaded: 3498
[ADAPTIVE CGAL] Using 5 neighbors for 3498 points (density-aware)
[DEBUG getNormalsOnSurface] PCA normal estimation complete.
[DEBUG getNormalsOnSurface] Orienting normals with MST...
[DEBUG getNormalsOnSurface] MST orientation complete.
[DEBUG getNormalsOnSurface] Erased unoriented points. Remaining: 3498
[DEBUG getNormalsOnSurface] Computing curvature for 3498 points...
[ADAPTIVE CURVATURE] Using K=11 for 3498 points
[DEBUG getNormalsOnSurface] Curvature computation complete.
[DEBUG getNormalsOnSurface] Saving PLY in ASCII mode...
[DEBUG] getNormalsOnSurface completed successfully. Result points: 3498
[DEBUG] Extracting normals from sampled cloud...

Total points: 3498
Number of clusters is equal to 2
Points in 
Cluster 1 : 948
Cluster 2 : 853
Points in two clusters / Total Points in Pointcloud: 51.49%
Points in two clusters / Total Points in all clusters: 100%
Calling mergeClusters function.
mergeClusters function called.
Sampled indices: 307 817 367 543 334 569 834 417 392 202 772 446 321 864 656 19 576 49 651 63 597 76 190 631 419 763 176 606 40 173 
Normals flipped: true
  loading cloudForSpline.pcd
  948 points in data set
  surface fitting ...
  loading cloudForSpline.pcd
  853 points in data set
  surface fitting ...
[DEBUG] Saving surface cluster PLY files in ASCII mode...
[ADAPTIVE CLUSTER 1] N=1697, min=10, max=5091
PointCloud representing the Cluster: 1697 data points.
[ADAPTIVE BOUNDARY] Cluster 0 has 1697 points, spacing≈24.27mm, boundary_r=15mm
Successfully found 2 clusters after 1 iterations.
Ply to XYZ start

Time after processing: 1.805 seconds
Copied Point file: Pot_A_Piece_27_Point.pcd
Copied Mesh file: Pot_A_Piece_27_Mesh.obj

Selected file: Dataset/Point/Pot_A/Pot_A_Piece_27_Point.pcd
[DEBUG getNormalsOnSurface] Starting function. Input points: 1769
[DEBUG getNormalsOnSurface] Creating Eigen matrix...
[DEBUG getNormalsOnSurface] Writing matrix to XYZ file...
[DEBUG getNormalsOnSurface] Reading XYZ file: fileForNormalEst_Sampled.xyz
[DEBUG getNormalsOnSurface] XYZ file read successfully. Points loaded: 1769
[ADAPTIVE CGAL] Using 5 neighbors for 1769 points (density-aware)
[DEBUG getNormalsOnSurface] PCA normal estimation complete.
[DEBUG getNormalsOnSurface] Orienting normals with MST...
[DEBUG getNormalsOnSurface] MST orientation complete.
[DEBUG getNormalsOnSurface] Erased unoriented points. Remaining: 1763
[DEBUG getNormalsOnSurface] Computing curvature for 1763 points...
[ADAPTIVE CURVATURE] Using K=10 for 1763 points
[DEBUG getNormalsOnSurface] Curvature computation complete.
[DEBUG getNormalsOnSurface] Saving PLY in ASCII mode...
[DEBUG downsamplePointCloud] Saving PLY in ASCII mode to avoid camera data issues...
Starting processing on: Dataset/Point/Pot_A/Pot_A_Piece_27_Point.pcd
Starting surface segmentation on: Temp/Data/Pot_A/Pot_A_Piece_27_SampledWithNormals.ply
[DEBUG] Loading PLY file: Temp/Data/Pot_A/Pot_A_Piece_27_SampledWithNormals.ply
[DEBUG] PLY file loaded successfully. Points: 1763
[DEBUG] Converting PointNormal to PointXYZ...
[DEBUG] Conversion complete. Cloud size: 1763
[DEBUG] Calling getNormalsOnSurface...
[DEBUG] Input cloud size: 1763
[DEBUG getNormalsOnSurface] Starting function. Input points: 1763
[DEBUG getNormalsOnSurface] Creating Eigen matrix...
[DEBUG getNormalsOnSurface] Writing matrix to XYZ file...
[DEBUG getNormalsOnSurface] Reading XYZ file: fileForNormalEst_Sampled.xyz
[DEBUG getNormalsOnSurface] XYZ file read successfully. Points loaded: 1763
[ADAPTIVE CGAL] Using 5 neighbors for 1763 points (density-aware)
[DEBUG getNormalsOnSurface] PCA normal estimation complete.
[DEBUG getNormalsOnSurface] Orienting normals with MST...
[DEBUG getNormalsOnSurface] MST orientation complete.
[DEBUG getNormalsOnSurface] Erased unoriented points. Remaining: 1763
[DEBUG getNormalsOnSurface] Computing curvature for 1763 points...
[ADAPTIVE CURVATURE] Using K=10 for 1763 points
[DEBUG getNormalsOnSurface] Curvature computation complete.
[DEBUG getNormalsOnSurface] Saving PLY in ASCII mode...
[DEBUG] getNormalsOnSurface completed successfully. Result points: 1763
[DEBUG] Extracting normals from sampled cloud...

Total points: 1763
Number of clusters is equal to 2
Points in 
Cluster 1 : 440
Cluster 2 : 316
Points in two clusters / Total Points in Pointcloud: 42.88%
Points in two clusters / Total Points in all clusters: 100%
Calling mergeClusters function.
mergeClusters function called.
Sampled indices: 15 126 262 395 5 281 319 416 134 123 302 196 335 346 260 266 307 379 190 221 99 338 340 272 311 278 348 382 120 30 
Normals flipped: true
  loading cloudForSpline.pcd
  440 points in data set
  surface fitting ...
  loading cloudForSpline.pcd
  316 points in data set
  surface fitting ...
[DEBUG] Saving surface cluster PLY files in ASCII mode...
[ADAPTIVE CLUSTER 1] N=1007, min=10, max=3021
PointCloud representing the Cluster: 1007 data points.
[ADAPTIVE BOUNDARY] Cluster 0 has 1007 points, spacing≈31.51mm, boundary_r=15mm
Successfully found 2 clusters after 1 iterations.
Ply to XYZ start

Time after processing: 1.005 seconds
Copied Point file: Pot_A_Piece_28_Point.pcd
Copied Mesh file: Pot_A_Piece_28_Mesh.obj

Selected file: Dataset/Point/Pot_A/Pot_A_Piece_28_Point.pcd
[DEBUG getNormalsOnSurface] Starting function. Input points: 8918
[DEBUG getNormalsOnSurface] Creating Eigen matrix...
[DEBUG getNormalsOnSurface] Writing matrix to XYZ file...
[DEBUG getNormalsOnSurface] Reading XYZ file: fileForNormalEst_Sampled.xyz
[DEBUG getNormalsOnSurface] XYZ file read successfully. Points loaded: 8918
[ADAPTIVE CGAL] Using 8 neighbors for 8918 points (density-aware)
[DEBUG getNormalsOnSurface] PCA normal estimation complete.
[DEBUG getNormalsOnSurface] Orienting normals with MST...
[DEBUG getNormalsOnSurface] MST orientation complete.
[DEBUG getNormalsOnSurface] Erased unoriented points. Remaining: 8918
[DEBUG getNormalsOnSurface] Computing curvature for 8918 points...
[ADAPTIVE CURVATURE] Using K=29 for 8918 points
[DEBUG getNormalsOnSurface] Curvature computation complete.
[DEBUG getNormalsOnSurface] Saving PLY in ASCII mode...
[DEBUG downsamplePointCloud] Saving PLY in ASCII mode to avoid camera data issues...
Starting processing on: Dataset/Point/Pot_A/Pot_A_Piece_28_Point.pcd
Starting surface segmentation on: Temp/Data/Pot_A/Pot_A_Piece_28_SampledWithNormals.ply
[DEBUG] Loading PLY file: Temp/Data/Pot_A/Pot_A_Piece_28_SampledWithNormals.ply
[DEBUG] PLY file loaded successfully. Points: 8918
[DEBUG] Converting PointNormal to PointXYZ...
[DEBUG] Conversion complete. Cloud size: 8918
[DEBUG] Calling getNormalsOnSurface...
[DEBUG] Input cloud size: 8918
[DEBUG getNormalsOnSurface] Starting function. Input points: 8918
[DEBUG getNormalsOnSurface] Creating Eigen matrix...
[DEBUG getNormalsOnSurface] Writing matrix to XYZ file...
[DEBUG getNormalsOnSurface] Reading XYZ file: fileForNormalEst_Sampled.xyz
[DEBUG getNormalsOnSurface] XYZ file read successfully. Points loaded: 8918
[ADAPTIVE CGAL] Using 8 neighbors for 8918 points (density-aware)
[DEBUG getNormalsOnSurface] PCA normal estimation complete.
[DEBUG getNormalsOnSurface] Orienting normals with MST...
[DEBUG getNormalsOnSurface] MST orientation complete.
[DEBUG getNormalsOnSurface] Erased unoriented points. Remaining: 8918
[DEBUG getNormalsOnSurface] Computing curvature for 8918 points...
[ADAPTIVE CURVATURE] Using K=29 for 8918 points
[DEBUG getNormalsOnSurface] Curvature computation complete.
[DEBUG getNormalsOnSurface] Saving PLY in ASCII mode...
[DEBUG] getNormalsOnSurface completed successfully. Result points: 8918
[DEBUG] Extracting normals from sampled cloud...

Total points: 8918
Number of clusters is equal to 4
Points in 
Cluster 1 : 3090
Cluster 2 : 2992
Cluster 3 : 56
Cluster 4 : 55
Points in two clusters / Total Points in Pointcloud: 68.2%
Points in two clusters / Total Points in all clusters: 98.21%
Calling mergeClusters function.
mergeClusters function called.
Sampled indices: 600 2376 1014 2542 350 1526 891 926 160 1137 2919 1322 773 2197 300 991 1727 501 840 680 575 405 2431 550 2057 2810 666 1913 253 2750 
Normals flipped: true
  loading cloudForSpline.pcd
  3090 points in data set
  surface fitting ...
  loading cloudForSpline.pcd
  2992 points in data set
  surface fitting ...
[DEBUG] Saving surface cluster PLY files in ASCII mode...
[ADAPTIVE CLUSTER 1] N=2725, min=10, max=8175
PointCloud representing the Cluster: 2725 data points.
[ADAPTIVE BOUNDARY] Cluster 0 has 2725 points, spacing≈19.16mm, boundary_r=15mm
Successfully found 4 clusters after 1 iterations.
Ply to XYZ start

Time after processing: 4.411 seconds
Copied Point file: Pot_A_Piece_29_Point.pcd
Copied Mesh file: Pot_A_Piece_29_Mesh.obj

Selected file: Dataset/Point/Pot_A/Pot_A_Piece_29_Point.pcd
[DEBUG getNormalsOnSurface] Starting function. Input points: 3098
[DEBUG getNormalsOnSurface] Creating Eigen matrix...
[DEBUG getNormalsOnSurface] Writing matrix to XYZ file...
[DEBUG getNormalsOnSurface] Reading XYZ file: fileForNormalEst_Sampled.xyz
[DEBUG getNormalsOnSurface] XYZ file read successfully. Points loaded: 3098
[ADAPTIVE CGAL] Using 5 neighbors for 3098 points (density-aware)
[DEBUG getNormalsOnSurface] PCA normal estimation complete.
[DEBUG getNormalsOnSurface] Orienting normals with MST...
[DEBUG getNormalsOnSurface] MST orientation complete.
[DEBUG getNormalsOnSurface] Erased unoriented points. Remaining: 3098
[DEBUG getNormalsOnSurface] Computing curvature for 3098 points...
[ADAPTIVE CURVATURE] Using K=10 for 3098 points
[DEBUG getNormalsOnSurface] Curvature computation complete.
[DEBUG getNormalsOnSurface] Saving PLY in ASCII mode...
[DEBUG downsamplePointCloud] Saving PLY in ASCII mode to avoid camera data issues...
Starting processing on: Dataset/Point/Pot_A/Pot_A_Piece_29_Point.pcd
Starting surface segmentation on: Temp/Data/Pot_A/Pot_A_Piece_29_SampledWithNormals.ply
[DEBUG] Loading PLY file: Temp/Data/Pot_A/Pot_A_Piece_29_SampledWithNormals.ply
[DEBUG] PLY file loaded successfully. Points: 3098
[DEBUG] Converting PointNormal to PointXYZ...
[DEBUG] Conversion complete. Cloud size: 3098
[DEBUG] Calling getNormalsOnSurface...
[DEBUG] Input cloud size: 3098
[DEBUG getNormalsOnSurface] Starting function. Input points: 3098
[DEBUG getNormalsOnSurface] Creating Eigen matrix...
[DEBUG getNormalsOnSurface] Writing matrix to XYZ file...
[DEBUG getNormalsOnSurface] Reading XYZ file: fileForNormalEst_Sampled.xyz
[DEBUG getNormalsOnSurface] XYZ file read successfully. Points loaded: 3098
[ADAPTIVE CGAL] Using 5 neighbors for 3098 points (density-aware)
[DEBUG getNormalsOnSurface] PCA normal estimation complete.
[DEBUG getNormalsOnSurface] Orienting normals with MST...
[DEBUG getNormalsOnSurface] MST orientation complete.
[DEBUG getNormalsOnSurface] Erased unoriented points. Remaining: 3098
[DEBUG getNormalsOnSurface] Computing curvature for 3098 points...
[ADAPTIVE CURVATURE] Using K=10 for 3098 points
[DEBUG getNormalsOnSurface] Curvature computation complete.
[DEBUG getNormalsOnSurface] Saving PLY in ASCII mode...
[DEBUG] getNormalsOnSurface completed successfully. Result points: 3098
[DEBUG] Extracting normals from sampled cloud...

Total points: 3098
Number of clusters is equal to 3
Points in 
Cluster 1 : 813
Cluster 2 : 631
Cluster 3 : 65
Points in two clusters / Total Points in Pointcloud: 46.61%
Points in two clusters / Total Points in all clusters: 95.69%
Calling mergeClusters function.
mergeClusters function called.
Sampled indices: 481 74 262 727 794 631 30 154 310 693 403 437 729 642 352 43 393 302 704 603 663 440 368 523 288 628 645 402 736 680 
Normals flipped: true
  loading cloudForSpline.pcd
  813 points in data set
  surface fitting ...
  loading cloudForSpline.pcd
  631 points in data set
  surface fitting ...
[DEBUG] Saving surface cluster PLY files in ASCII mode...
[ADAPTIVE CLUSTER 1] N=1589, min=10, max=4767
PointCloud representing the Cluster: 1589 data points.
[ADAPTIVE BOUNDARY] Cluster 0 has 1589 points, spacing≈25.09mm, boundary_r=15mm
Successfully found 3 clusters after 1 iterations.
Ply to XYZ start

Time after processing: 1.727 seconds
Copied Point file: Pot_A_Piece_30_Point.pcd
Copied Mesh file: Pot_A_Piece_30_Mesh.obj

Selected file: Dataset/Point/Pot_A/Pot_A_Piece_30_Point.pcd
[DEBUG getNormalsOnSurface] Starting function. Input points: 2149
[DEBUG getNormalsOnSurface] Creating Eigen matrix...
[DEBUG getNormalsOnSurface] Writing matrix to XYZ file...
[DEBUG getNormalsOnSurface] Reading XYZ file: fileForNormalEst_Sampled.xyz
[DEBUG getNormalsOnSurface] XYZ file read successfully. Points loaded: 2149
[ADAPTIVE CGAL] Using 5 neighbors for 2149 points (density-aware)
[DEBUG getNormalsOnSurface] PCA normal estimation complete.
[DEBUG getNormalsOnSurface] Orienting normals with MST...
[DEBUG getNormalsOnSurface] MST orientation complete.
[DEBUG getNormalsOnSurface] Erased unoriented points. Remaining: 2149
[DEBUG getNormalsOnSurface] Computing curvature for 2149 points...
[ADAPTIVE CURVATURE] Using K=10 for 2149 points
[DEBUG getNormalsOnSurface] Curvature computation complete.
[DEBUG getNormalsOnSurface] Saving PLY in ASCII mode...
[DEBUG downsamplePointCloud] Saving PLY in ASCII mode to avoid camera data issues...
Starting processing on: Dataset/Point/Pot_A/Pot_A_Piece_30_Point.pcd
Starting surface segmentation on: Temp/Data/Pot_A/Pot_A_Piece_30_SampledWithNormals.ply
[DEBUG] Loading PLY file: Temp/Data/Pot_A/Pot_A_Piece_30_SampledWithNormals.ply
[DEBUG] PLY file loaded successfully. Points: 2149
[DEBUG] Converting PointNormal to PointXYZ...
[DEBUG] Conversion complete. Cloud size: 2149
[DEBUG] Calling getNormalsOnSurface...
[DEBUG] Input cloud size: 2149
[DEBUG getNormalsOnSurface] Starting function. Input points: 2149
[DEBUG getNormalsOnSurface] Creating Eigen matrix...
[DEBUG getNormalsOnSurface] Writing matrix to XYZ file...
[DEBUG getNormalsOnSurface] Reading XYZ file: fileForNormalEst_Sampled.xyz
[DEBUG getNormalsOnSurface] XYZ file read successfully. Points loaded: 2149
[ADAPTIVE CGAL] Using 5 neighbors for 2149 points (density-aware)
[DEBUG getNormalsOnSurface] PCA normal estimation complete.
[DEBUG getNormalsOnSurface] Orienting normals with MST...
[DEBUG getNormalsOnSurface] MST orientation complete.
[DEBUG getNormalsOnSurface] Erased unoriented points. Remaining: 2149
[DEBUG getNormalsOnSurface] Computing curvature for 2149 points...
[ADAPTIVE CURVATURE] Using K=10 for 2149 points
[DEBUG getNormalsOnSurface] Curvature computation complete.
[DEBUG getNormalsOnSurface] Saving PLY in ASCII mode...
[DEBUG] getNormalsOnSurface completed successfully. Result points: 2149
[DEBUG] Extracting normals from sampled cloud...

Total points: 2149
Number of clusters is equal to 3
Points in 
Cluster 1 : 354
Cluster 2 : 271
Cluster 3 : 63
Points in two clusters / Total Points in Pointcloud: 29.08%
Points in two clusters / Total Points in all clusters: 90.84%
Calling mergeClusters function.
mergeClusters function called.
Sampled indices: 68 20 311 41 326 289 246 201 187 77 287 268 271 180 321 98 168 288 252 323 180 202 133 1 293 269 15 132 145 238 
Normals flipped: true
  loading cloudForSpline.pcd
  354 points in data set
  surface fitting ...
  loading cloudForSpline.pcd
  271 points in data set
  surface fitting ...
[DEBUG] Saving surface cluster PLY files in ASCII mode...
[ADAPTIVE CLUSTER 1] N=1461, min=10, max=4383
PointCloud representing the Cluster: 1461 data points.
[ADAPTIVE BOUNDARY] Cluster 0 has 1461 points, spacing≈26.16mm, boundary_r=15mm
Successfully found 3 clusters after 1 iterations.
Ply to XYZ start

Time after processing: 1.674 seconds
Copied Point file: Pot_A_Piece_31_Point.pcd
Copied Mesh file: Pot_A_Piece_31_Mesh.obj

Selected file: Dataset/Point/Pot_A/Pot_A_Piece_31_Point.pcd
[DEBUG getNormalsOnSurface] Starting function. Input points: 8228
[DEBUG getNormalsOnSurface] Creating Eigen matrix...
[DEBUG getNormalsOnSurface] Writing matrix to XYZ file...
[DEBUG getNormalsOnSurface] Reading XYZ file: fileForNormalEst_Sampled.xyz
[DEBUG getNormalsOnSurface] XYZ file read successfully. Points loaded: 8228
[ADAPTIVE CGAL] Using 8 neighbors for 8228 points (density-aware)
[DEBUG getNormalsOnSurface] PCA normal estimation complete.
[DEBUG getNormalsOnSurface] Orienting normals with MST...
[DEBUG getNormalsOnSurface] MST orientation complete.
[DEBUG getNormalsOnSurface] Erased unoriented points. Remaining: 8228
[DEBUG getNormalsOnSurface] Computing curvature for 8228 points...
[ADAPTIVE CURVATURE] Using K=27 for 8228 points
[DEBUG getNormalsOnSurface] Curvature computation complete.
[DEBUG getNormalsOnSurface] Saving PLY in ASCII mode...
[DEBUG downsamplePointCloud] Saving PLY in ASCII mode to avoid camera data issues...
Starting processing on: Dataset/Point/Pot_A/Pot_A_Piece_31_Point.pcd
Starting surface segmentation on: Temp/Data/Pot_A/Pot_A_Piece_31_SampledWithNormals.ply
[DEBUG] Loading PLY file: Temp/Data/Pot_A/Pot_A_Piece_31_SampledWithNormals.ply
[DEBUG] PLY file loaded successfully. Points: 8228
[DEBUG] Converting PointNormal to PointXYZ...
[DEBUG] Conversion complete. Cloud size: 8228
[DEBUG] Calling getNormalsOnSurface...
[DEBUG] Input cloud size: 8228
[DEBUG getNormalsOnSurface] Starting function. Input points: 8228
[DEBUG getNormalsOnSurface] Creating Eigen matrix...
[DEBUG getNormalsOnSurface] Writing matrix to XYZ file...
[DEBUG getNormalsOnSurface] Reading XYZ file: fileForNormalEst_Sampled.xyz
[DEBUG getNormalsOnSurface] XYZ file read successfully. Points loaded: 8228
[ADAPTIVE CGAL] Using 8 neighbors for 8228 points (density-aware)
[DEBUG getNormalsOnSurface] PCA normal estimation complete.
[DEBUG getNormalsOnSurface] Orienting normals with MST...
[DEBUG getNormalsOnSurface] MST orientation complete.
[DEBUG getNormalsOnSurface] Erased unoriented points. Remaining: 8228
[DEBUG getNormalsOnSurface] Computing curvature for 8228 points...
[ADAPTIVE CURVATURE] Using K=27 for 8228 points
[DEBUG getNormalsOnSurface] Curvature computation complete.
[DEBUG getNormalsOnSurface] Saving PLY in ASCII mode...
[DEBUG] getNormalsOnSurface completed successfully. Result points: 8228
[DEBUG] Extracting normals from sampled cloud...

Total points: 8228
Number of clusters is equal to 3
Points in 
Cluster 1 : 2711
Cluster 2 : 2589
Cluster 3 : 54
Points in two clusters / Total Points in Pointcloud: 64.41%
Points in two clusters / Total Points in all clusters: 98.99%
Calling mergeClusters function.
mergeClusters function called.
Condition 1 (closest point pairs) passed for clusters 1 and 2
Condition 2 (normal vector similarity) passed for clusters 1 and 2
Condition 3 (boundary curvature similarity) passed for clusters 1 and 2
Verification failed (innerPoint selection) for clusters 1 and 2
Sampled indices: 1934 146 1814 663 2448 1672 2526 2445 67 2677 639 2344 1206 2685 2416 1204 2691 1853 1656 767 590 2605 712 2461 131 1025 2138 209 1426 671 
Normals flipped: true
  loading cloudForSpline.pcd
  2711 points in data set
  surface fitting ...
  loading cloudForSpline.pcd
  2589 points in data set
  surface fitting ...
[DEBUG] Saving surface cluster PLY files in ASCII mode...
[ADAPTIVE CLUSTER 1] N=2874, min=10, max=8622
PointCloud representing the Cluster: 2874 data points.
[ADAPTIVE BOUNDARY] Cluster 0 has 2874 points, spacing≈18.65mm, boundary_r=15mm
Successfully found 3 clusters after 1 iterations.
Ply to XYZ start

Time after processing: 4.499 seconds
Copied Point file: Pot_A_Piece_32_Point.pcd
Copied Mesh file: Pot_A_Piece_32_Mesh.obj

Selected file: Dataset/Point/Pot_A/Pot_A_Piece_32_Point.pcd
[DEBUG getNormalsOnSurface] Starting function. Input points: 11566
[DEBUG getNormalsOnSurface] Creating Eigen matrix...
[DEBUG getNormalsOnSurface] Writing matrix to XYZ file...
[DEBUG getNormalsOnSurface] Reading XYZ file: fileForNormalEst_Sampled.xyz
[DEBUG getNormalsOnSurface] XYZ file read successfully. Points loaded: 11566
[ADAPTIVE CGAL] Using 11 neighbors for 11566 points (density-aware)
[DEBUG getNormalsOnSurface] PCA normal estimation complete.
[DEBUG getNormalsOnSurface] Orienting normals with MST...
[DEBUG getNormalsOnSurface] MST orientation complete.
[DEBUG getNormalsOnSurface] Erased unoriented points. Remaining: 11566
[DEBUG getNormalsOnSurface] Computing curvature for 11566 points...
[ADAPTIVE CURVATURE] Using K=38 for 11566 points
[DEBUG getNormalsOnSurface] Curvature computation complete.
[DEBUG getNormalsOnSurface] Saving PLY in ASCII mode...
[DEBUG downsamplePointCloud] Saving PLY in ASCII mode to avoid camera data issues...
Starting processing on: Dataset/Point/Pot_A/Pot_A_Piece_32_Point.pcd
Starting surface segmentation on: Temp/Data/Pot_A/Pot_A_Piece_32_SampledWithNormals.ply
[DEBUG] Loading PLY file: Temp/Data/Pot_A/Pot_A_Piece_32_SampledWithNormals.ply
[DEBUG] PLY file loaded successfully. Points: 11566
[DEBUG] Converting PointNormal to PointXYZ...
[DEBUG] Conversion complete. Cloud size: 11566
[DEBUG] Calling getNormalsOnSurface...
[DEBUG] Input cloud size: 11566
[DEBUG getNormalsOnSurface] Starting function. Input points: 11566
[DEBUG getNormalsOnSurface] Creating Eigen matrix...
[DEBUG getNormalsOnSurface] Writing matrix to XYZ file...
[DEBUG getNormalsOnSurface] Reading XYZ file: fileForNormalEst_Sampled.xyz
[DEBUG getNormalsOnSurface] XYZ file read successfully. Points loaded: 11566
[ADAPTIVE CGAL] Using 11 neighbors for 11566 points (density-aware)
[DEBUG getNormalsOnSurface] PCA normal estimation complete.
[DEBUG getNormalsOnSurface] Orienting normals with MST...
[DEBUG getNormalsOnSurface] MST orientation complete.
[DEBUG getNormalsOnSurface] Erased unoriented points. Remaining: 11566
[DEBUG getNormalsOnSurface] Computing curvature for 11566 points...
[ADAPTIVE CURVATURE] Using K=38 for 11566 points
[DEBUG getNormalsOnSurface] Curvature computation complete.
[DEBUG getNormalsOnSurface] Saving PLY in ASCII mode...
[DEBUG] getNormalsOnSurface completed successfully. Result points: 11566
[DEBUG] Extracting normals from sampled cloud...

Total points: 11566
Number of clusters is equal to 6
Points in 
Cluster 1 : 4291
Cluster 2 : 4194
Cluster 3 : 69
Cluster 4 : 62
Cluster 5 : 56
Cluster 6 : 54
Points in two clusters / Total Points in Pointcloud: 73.36%
Points in two clusters / Total Points in all clusters: 97.24%
Calling mergeClusters function.
mergeClusters function called.
Sampled indices: 1087 766 3214 1713 277 859 126 1010 1765 2576 1114 4204 1841 2234 151 241 3096 2876 551 1376 518 3726 2572 2650 3643 2200 2109 25 758 3572 
Normals flipped: true
  loading cloudForSpline.pcd
  4291 points in data set
  surface fitting ...
  loading cloudForSpline.pcd
  4194 points in data set
  surface fitting ...
[DEBUG] Saving surface cluster PLY files in ASCII mode...
[ADAPTIVE CLUSTER 1] N=2840, min=10, max=8520
PointCloud representing the Cluster: 2840 data points.
[ADAPTIVE BOUNDARY] Cluster 0 has 2840 points, spacing≈18.76mm, boundary_r=15mm
Successfully found 6 clusters after 1 iterations.
Ply to XYZ start

Time after processing: 5.575 seconds
Copied Point file: Pot_A_Piece_33_Point.pcd
Copied Mesh file: Pot_A_Piece_33_Mesh.obj

Selected file: Dataset/Point/Pot_A/Pot_A_Piece_33_Point.pcd
[DEBUG getNormalsOnSurface] Starting function. Input points: 9318
[DEBUG getNormalsOnSurface] Creating Eigen matrix...
[DEBUG getNormalsOnSurface] Writing matrix to XYZ file...
[DEBUG getNormalsOnSurface] Reading XYZ file: fileForNormalEst_Sampled.xyz
[DEBUG getNormalsOnSurface] XYZ file read successfully. Points loaded: 9318
[ADAPTIVE CGAL] Using 9 neighbors for 9318 points (density-aware)
[DEBUG getNormalsOnSurface] PCA normal estimation complete.
[DEBUG getNormalsOnSurface] Orienting normals with MST...
[DEBUG getNormalsOnSurface] MST orientation complete.
[DEBUG getNormalsOnSurface] Erased unoriented points. Remaining: 9318
[DEBUG getNormalsOnSurface] Computing curvature for 9318 points...
[ADAPTIVE CURVATURE] Using K=31 for 9318 points
[DEBUG getNormalsOnSurface] Curvature computation complete.
[DEBUG getNormalsOnSurface] Saving PLY in ASCII mode...
[DEBUG downsamplePointCloud] Saving PLY in ASCII mode to avoid camera data issues...
Starting processing on: Dataset/Point/Pot_A/Pot_A_Piece_33_Point.pcd
Starting surface segmentation on: Temp/Data/Pot_A/Pot_A_Piece_33_SampledWithNormals.ply
[DEBUG] Loading PLY file: Temp/Data/Pot_A/Pot_A_Piece_33_SampledWithNormals.ply
[DEBUG] PLY file loaded successfully. Points: 9318
[DEBUG] Converting PointNormal to PointXYZ...
[DEBUG] Conversion complete. Cloud size: 9318
[DEBUG] Calling getNormalsOnSurface...
[DEBUG] Input cloud size: 9318
[DEBUG getNormalsOnSurface] Starting function. Input points: 9318
[DEBUG getNormalsOnSurface] Creating Eigen matrix...
[DEBUG getNormalsOnSurface] Writing matrix to XYZ file...
[DEBUG getNormalsOnSurface] Reading XYZ file: fileForNormalEst_Sampled.xyz
[DEBUG getNormalsOnSurface] XYZ file read successfully. Points loaded: 9318
[ADAPTIVE CGAL] Using 9 neighbors for 9318 points (density-aware)
[DEBUG getNormalsOnSurface] PCA normal estimation complete.
[DEBUG getNormalsOnSurface] Orienting normals with MST...
[DEBUG getNormalsOnSurface] MST orientation complete.
[DEBUG getNormalsOnSurface] Erased unoriented points. Remaining: 9318
[DEBUG getNormalsOnSurface] Computing curvature for 9318 points...
[ADAPTIVE CURVATURE] Using K=31 for 9318 points
[DEBUG getNormalsOnSurface] Curvature computation complete.
[DEBUG getNormalsOnSurface] Saving PLY in ASCII mode...
[DEBUG] getNormalsOnSurface completed successfully. Result points: 9318
[DEBUG] Extracting normals from sampled cloud...

Total points: 9318
Number of clusters is equal to 5
Points in 
Cluster 1 : 3065
Cluster 2 : 3028
Cluster 3 : 78
Cluster 4 : 58
Cluster 5 : 51
Points in two clusters / Total Points in Pointcloud: 65.39%
Points in two clusters / Total Points in all clusters: 97.02%
Calling mergeClusters function.
mergeClusters function called.
Sampled indices: 2930 1041 2370 2171 2418 372 582 2906 800 2642 1755 2880 354 1971 2660 1103 588 2455 2458 7 3027 1821 1290 2028 2956 926 2858 1179 1053 148 
Normals flipped: true
  loading cloudForSpline.pcd
  3065 points in data set
  surface fitting ...
  loading cloudForSpline.pcd
  3028 points in data set
  surface fitting ...
[DEBUG] Saving surface cluster PLY files in ASCII mode...
[ADAPTIVE CLUSTER 1] N=3038, min=10, max=9114
PointCloud representing the Cluster: 3038 data points.
[ADAPTIVE BOUNDARY] Cluster 0 has 3038 points, spacing≈18.14mm, boundary_r=15mm
Successfully found 5 clusters after 1 iterations.
Ply to XYZ start

Time after processing: 4.938 seconds
Copied Point file: Pot_A_Piece_34_Point.pcd
Copied Mesh file: Pot_A_Piece_34_Mesh.obj

Selected file: Dataset/Point/Pot_A/Pot_A_Piece_34_Point.pcd
[DEBUG getNormalsOnSurface] Starting function. Input points: 11596
[DEBUG getNormalsOnSurface] Creating Eigen matrix...
[DEBUG getNormalsOnSurface] Writing matrix to XYZ file...
[DEBUG getNormalsOnSurface] Reading XYZ file: fileForNormalEst_Sampled.xyz
[DEBUG getNormalsOnSurface] XYZ file read successfully. Points loaded: 11596
[ADAPTIVE CGAL] Using 11 neighbors for 11596 points (density-aware)
[DEBUG getNormalsOnSurface] PCA normal estimation complete.
[DEBUG getNormalsOnSurface] Orienting normals with MST...
[DEBUG getNormalsOnSurface] MST orientation complete.
[DEBUG getNormalsOnSurface] Erased unoriented points. Remaining: 11596
[DEBUG getNormalsOnSurface] Computing curvature for 11596 points...
[ADAPTIVE CURVATURE] Using K=38 for 11596 points
[DEBUG getNormalsOnSurface] Curvature computation complete.
[DEBUG getNormalsOnSurface] Saving PLY in ASCII mode...
[DEBUG downsamplePointCloud] Saving PLY in ASCII mode to avoid camera data issues...
Starting processing on: Dataset/Point/Pot_A/Pot_A_Piece_34_Point.pcd
Starting surface segmentation on: Temp/Data/Pot_A/Pot_A_Piece_34_SampledWithNormals.ply
[DEBUG] Loading PLY file: Temp/Data/Pot_A/Pot_A_Piece_34_SampledWithNormals.ply
[DEBUG] PLY file loaded successfully. Points: 11596
[DEBUG] Converting PointNormal to PointXYZ...
[DEBUG] Conversion complete. Cloud size: 11596
[DEBUG] Calling getNormalsOnSurface...
[DEBUG] Input cloud size: 11596
[DEBUG getNormalsOnSurface] Starting function. Input points: 11596
[DEBUG getNormalsOnSurface] Creating Eigen matrix...
[DEBUG getNormalsOnSurface] Writing matrix to XYZ file...
[DEBUG getNormalsOnSurface] Reading XYZ file: fileForNormalEst_Sampled.xyz
[DEBUG getNormalsOnSurface] XYZ file read successfully. Points loaded: 11596
[ADAPTIVE CGAL] Using 11 neighbors for 11596 points (density-aware)
[DEBUG getNormalsOnSurface] PCA normal estimation complete.
[DEBUG getNormalsOnSurface] Orienting normals with MST...
[DEBUG getNormalsOnSurface] MST orientation complete.
[DEBUG getNormalsOnSurface] Erased unoriented points. Remaining: 11596
[DEBUG getNormalsOnSurface] Computing curvature for 11596 points...
[ADAPTIVE CURVATURE] Using K=38 for 11596 points
[DEBUG getNormalsOnSurface] Curvature computation complete.
[DEBUG getNormalsOnSurface] Saving PLY in ASCII mode...
[DEBUG] getNormalsOnSurface completed successfully. Result points: 11596
[DEBUG] Extracting normals from sampled cloud...

Total points: 11596
Number of clusters is equal to 4
Points in 
Cluster 1 : 4660
Cluster 2 : 4272
Cluster 3 : 272
Cluster 4 : 61
Points in two clusters / Total Points in Pointcloud: 77.03%
Points in two clusters / Total Points in all clusters: 96.41%
Calling mergeClusters function.
mergeClusters function called.
Sampled indices: 1759 4252 2841 2622 1370 2872 3093 3545 4492 4184 834 566 294 1041 2486 1966 1336 2748 3607 2978 4021 4280 1668 1069 2907 815 4606 24 3642 515 
Normals flipped: true
  loading cloudForSpline.pcd
  4660 points in data set
  surface fitting ...
  loading cloudForSpline.pcd
  4272 points in data set
  surface fitting ...
[DEBUG] Saving surface cluster PLY files in ASCII mode...
[ADAPTIVE CLUSTER 1] N=2331, min=10, max=6993
PointCloud representing the Cluster: 2331 data points.
[ADAPTIVE BOUNDARY] Cluster 0 has 2331 points, spacing≈20.71mm, boundary_r=15mm
Successfully found 4 clusters after 1 iterations.
Ply to XYZ start

Time after processing: 4.941 seconds
Copied Point file: Pot_A_Piece_35_Point.pcd
Copied Mesh file: Pot_A_Piece_35_Mesh.obj

Selected file: Dataset/Point/Pot_A/Pot_A_Piece_35_Point.pcd
[DEBUG getNormalsOnSurface] Starting function. Input points: 11784
[DEBUG getNormalsOnSurface] Creating Eigen matrix...
[DEBUG getNormalsOnSurface] Writing matrix to XYZ file...
[DEBUG getNormalsOnSurface] Reading XYZ file: fileForNormalEst_Sampled.xyz
[DEBUG getNormalsOnSurface] XYZ file read successfully. Points loaded: 11784
[ADAPTIVE CGAL] Using 11 neighbors for 11784 points (density-aware)
[DEBUG getNormalsOnSurface] PCA normal estimation complete.
[DEBUG getNormalsOnSurface] Orienting normals with MST...
[DEBUG getNormalsOnSurface] MST orientation complete.
[DEBUG getNormalsOnSurface] Erased unoriented points. Remaining: 11784
[DEBUG getNormalsOnSurface] Computing curvature for 11784 points...
[ADAPTIVE CURVATURE] Using K=39 for 11784 points
[DEBUG getNormalsOnSurface] Curvature computation complete.
[DEBUG getNormalsOnSurface] Saving PLY in ASCII mode...
[DEBUG downsamplePointCloud] Saving PLY in ASCII mode to avoid camera data issues...
Starting processing on: Dataset/Point/Pot_A/Pot_A_Piece_35_Point.pcd
Starting surface segmentation on: Temp/Data/Pot_A/Pot_A_Piece_35_SampledWithNormals.ply
[DEBUG] Loading PLY file: Temp/Data/Pot_A/Pot_A_Piece_35_SampledWithNormals.ply
[DEBUG] PLY file loaded successfully. Points: 11784
[DEBUG] Converting PointNormal to PointXYZ...
[DEBUG] Conversion complete. Cloud size: 11784
[DEBUG] Calling getNormalsOnSurface...
[DEBUG] Input cloud size: 11784
[DEBUG getNormalsOnSurface] Starting function. Input points: 11784
[DEBUG getNormalsOnSurface] Creating Eigen matrix...
[DEBUG getNormalsOnSurface] Writing matrix to XYZ file...
[DEBUG getNormalsOnSurface] Reading XYZ file: fileForNormalEst_Sampled.xyz
[DEBUG getNormalsOnSurface] XYZ file read successfully. Points loaded: 11784
[ADAPTIVE CGAL] Using 11 neighbors for 11784 points (density-aware)
[DEBUG getNormalsOnSurface] PCA normal estimation complete.
[DEBUG getNormalsOnSurface] Orienting normals with MST...
[DEBUG getNormalsOnSurface] MST orientation complete.
[DEBUG getNormalsOnSurface] Erased unoriented points. Remaining: 11784
[DEBUG getNormalsOnSurface] Computing curvature for 11784 points...
[ADAPTIVE CURVATURE] Using K=39 for 11784 points
[DEBUG getNormalsOnSurface] Curvature computation complete.
[DEBUG getNormalsOnSurface] Saving PLY in ASCII mode...
[DEBUG] getNormalsOnSurface completed successfully. Result points: 11784
[DEBUG] Extracting normals from sampled cloud...

Total points: 11784
Number of clusters is equal to 2
Points in 
Cluster 1 : 4720
Cluster 2 : 4683
Points in two clusters / Total Points in Pointcloud: 79.79%
Points in two clusters / Total Points in all clusters: 100%
Calling mergeClusters function.
mergeClusters function called.
Sampled indices: 4149 4710 1690 2244 3867 1648 3253 1694 717 2590 844 2987 2873 3014 2727 3046 4090 3380 4117 2531 3477 2157 3134 2208 1765 4307 1577 388 4181 1814 
Normals flipped: true
  loading cloudForSpline.pcd
  4720 points in data set
  surface fitting ...
  loading cloudForSpline.pcd
  4683 points in data set
  surface fitting ...
[DEBUG] Saving surface cluster PLY files in ASCII mode...
[ADAPTIVE CLUSTER 1] N=2381, min=10, max=7143
PointCloud representing the Cluster: 2381 data points.
[ADAPTIVE BOUNDARY] Cluster 0 has 2381 points, spacing≈20.49mm, boundary_r=15mm
Successfully found 2 clusters after 1 iterations.
Ply to XYZ start

Time after processing: 4.864 seconds
Copied Point file: Pot_A_Piece_36_Point.pcd
Copied Mesh file: Pot_A_Piece_36_Mesh.obj

Selected file: Dataset/Point/Pot_A/Pot_A_Piece_36_Point.pcd
[DEBUG getNormalsOnSurface] Starting function. Input points: 11967
[DEBUG getNormalsOnSurface] Creating Eigen matrix...
[DEBUG getNormalsOnSurface] Writing matrix to XYZ file...
[DEBUG getNormalsOnSurface] Reading XYZ file: fileForNormalEst_Sampled.xyz
[DEBUG getNormalsOnSurface] XYZ file read successfully. Points loaded: 11967
[ADAPTIVE CGAL] Using 11 neighbors for 11967 points (density-aware)
[DEBUG getNormalsOnSurface] PCA normal estimation complete.
[DEBUG getNormalsOnSurface] Orienting normals with MST...
[DEBUG getNormalsOnSurface] MST orientation complete.
[DEBUG getNormalsOnSurface] Erased unoriented points. Remaining: 11967
[DEBUG getNormalsOnSurface] Computing curvature for 11967 points...
[ADAPTIVE CURVATURE] Using K=39 for 11967 points
[DEBUG getNormalsOnSurface] Curvature computation complete.
[DEBUG getNormalsOnSurface] Saving PLY in ASCII mode...
[DEBUG downsamplePointCloud] Saving PLY in ASCII mode to avoid camera data issues...
Starting processing on: Dataset/Point/Pot_A/Pot_A_Piece_36_Point.pcd
Starting surface segmentation on: Temp/Data/Pot_A/Pot_A_Piece_36_SampledWithNormals.ply
[DEBUG] Loading PLY file: Temp/Data/Pot_A/Pot_A_Piece_36_SampledWithNormals.ply
[DEBUG] PLY file loaded successfully. Points: 11967
[DEBUG] Converting PointNormal to PointXYZ...
[DEBUG] Conversion complete. Cloud size: 11967
[DEBUG] Calling getNormalsOnSurface...
[DEBUG] Input cloud size: 11967
[DEBUG getNormalsOnSurface] Starting function. Input points: 11967
[DEBUG getNormalsOnSurface] Creating Eigen matrix...
[DEBUG getNormalsOnSurface] Writing matrix to XYZ file...
[DEBUG getNormalsOnSurface] Reading XYZ file: fileForNormalEst_Sampled.xyz
[DEBUG getNormalsOnSurface] XYZ file read successfully. Points loaded: 11967
[ADAPTIVE CGAL] Using 11 neighbors for 11967 points (density-aware)
[DEBUG getNormalsOnSurface] PCA normal estimation complete.
[DEBUG getNormalsOnSurface] Orienting normals with MST...
[DEBUG getNormalsOnSurface] MST orientation complete.
[DEBUG getNormalsOnSurface] Erased unoriented points. Remaining: 11967
[DEBUG getNormalsOnSurface] Computing curvature for 11967 points...
[ADAPTIVE CURVATURE] Using K=39 for 11967 points
[DEBUG getNormalsOnSurface] Curvature computation complete.
[DEBUG getNormalsOnSurface] Saving PLY in ASCII mode...
[DEBUG] getNormalsOnSurface completed successfully. Result points: 11967
[DEBUG] Extracting normals from sampled cloud...

Total points: 11967
Number of clusters is equal to 6
Points in 
Cluster 1 : 4404
Cluster 2 : 4071
Cluster 3 : 86
Cluster 4 : 71
Cluster 5 : 68
Cluster 6 : 66
Points in two clusters / Total Points in Pointcloud: 70.82%
Points in two clusters / Total Points in all clusters: 96.68%
Calling mergeClusters function.
mergeClusters function called.
Condition 1 (closest point pairs) passed for clusters 1 and 2
Condition 2 (normal vector similarity) passed for clusters 1 and 2
Condition 3 (boundary curvature similarity) passed for clusters 1 and 2
Verification failed (innerPoint selection) for clusters 1 and 2
Sampled indices: 1313 2171 1891 453 3148 1872 2873 3866 1683 3632 2755 3829 2490 3068 3388 2440 4393 1812 47 1621 4290 2063 4097 603 947 4098 992 582 1096 3468 
Normals flipped: true
  loading cloudForSpline.pcd
  4404 points in data set
  surface fitting ...
  loading cloudForSpline.pcd
  4071 points in data set
  surface fitting ...
[DEBUG] Saving surface cluster PLY files in ASCII mode...
[ADAPTIVE CLUSTER 1] N=3201, min=10, max=9603
PointCloud representing the Cluster: 3201 data points.
[ADAPTIVE BOUNDARY] Cluster 0 has 3201 points, spacing≈17.67mm, boundary_r=15mm
Successfully found 6 clusters after 1 iterations.
Ply to XYZ start

Time after processing: 6.89 seconds
Copied Point file: Pot_A_Piece_37_Point.pcd
Copied Mesh file: Pot_A_Piece_37_Mesh.obj

Selected file: Dataset/Point/Pot_A/Pot_A_Piece_37_Point.pcd
[DEBUG getNormalsOnSurface] Starting function. Input points: 10537
[DEBUG getNormalsOnSurface] Creating Eigen matrix...
[DEBUG getNormalsOnSurface] Writing matrix to XYZ file...
[DEBUG getNormalsOnSurface] Reading XYZ file: fileForNormalEst_Sampled.xyz
[DEBUG getNormalsOnSurface] XYZ file read successfully. Points loaded: 10537
[ADAPTIVE CGAL] Using 10 neighbors for 10537 points (density-aware)
[DEBUG getNormalsOnSurface] PCA normal estimation complete.
[DEBUG getNormalsOnSurface] Orienting normals with MST...
[DEBUG getNormalsOnSurface] MST orientation complete.
[DEBUG getNormalsOnSurface] Erased unoriented points. Remaining: 10537
[DEBUG getNormalsOnSurface] Computing curvature for 10537 points...
[ADAPTIVE CURVATURE] Using K=35 for 10537 points
[DEBUG getNormalsOnSurface] Curvature computation complete.
[DEBUG getNormalsOnSurface] Saving PLY in ASCII mode...
[DEBUG downsamplePointCloud] Saving PLY in ASCII mode to avoid camera data issues...
Starting processing on: Dataset/Point/Pot_A/Pot_A_Piece_37_Point.pcd
Starting surface segmentation on: Temp/Data/Pot_A/Pot_A_Piece_37_SampledWithNormals.ply
[DEBUG] Loading PLY file: Temp/Data/Pot_A/Pot_A_Piece_37_SampledWithNormals.ply
[DEBUG] PLY file loaded successfully. Points: 10537
[DEBUG] Converting PointNormal to PointXYZ...
[DEBUG] Conversion complete. Cloud size: 10537
[DEBUG] Calling getNormalsOnSurface...
[DEBUG] Input cloud size: 10537
[DEBUG getNormalsOnSurface] Starting function. Input points: 10537
[DEBUG getNormalsOnSurface] Creating Eigen matrix...
[DEBUG getNormalsOnSurface] Writing matrix to XYZ file...
[DEBUG getNormalsOnSurface] Reading XYZ file: fileForNormalEst_Sampled.xyz
[DEBUG getNormalsOnSurface] XYZ file read successfully. Points loaded: 10537
[ADAPTIVE CGAL] Using 10 neighbors for 10537 points (density-aware)
[DEBUG getNormalsOnSurface] PCA normal estimation complete.
[DEBUG getNormalsOnSurface] Orienting normals with MST...
[DEBUG getNormalsOnSurface] MST orientation complete.
[DEBUG getNormalsOnSurface] Erased unoriented points. Remaining: 10537
[DEBUG getNormalsOnSurface] Computing curvature for 10537 points...
[ADAPTIVE CURVATURE] Using K=35 for 10537 points
[DEBUG getNormalsOnSurface] Curvature computation complete.
[DEBUG getNormalsOnSurface] Saving PLY in ASCII mode...
[DEBUG] getNormalsOnSurface completed successfully. Result points: 10537
[DEBUG] Extracting normals from sampled cloud...

Total points: 10537
Number of clusters is equal to 5
Points in 
Cluster 1 : 3631
Cluster 2 : 3576
Cluster 3 : 115
Cluster 4 : 83
Cluster 5 : 54
Points in two clusters / Total Points in Pointcloud: 68.4%
Points in two clusters / Total Points in all clusters: 96.62%
Calling mergeClusters function.
mergeClusters function called.
Sampled indices: 1452 2830 1870 849 1426 3441 139 305 2330 114 1595 3224 3416 2632 1888 1013 2668 3381 2457 1014 716 1236 936 2396 1666 1211 1751 62 2401 2630 
Normals flipped: true
  loading cloudForSpline.pcd
  3631 points in data set
  surface fitting ...
  loading cloudForSpline.pcd
  3576 points in data set
  surface fitting ...
[DEBUG] Saving surface cluster PLY files in ASCII mode...
[ADAPTIVE CLUSTER 1] N=3078, min=10, max=9234
PointCloud representing the Cluster: 3078 data points.
[ADAPTIVE BOUNDARY] Cluster 0 has 3078 points, spacing≈18.02mm, boundary_r=15mm
Successfully found 5 clusters after 1 iterations.
Ply to XYZ start

Time after processing: 5.611 seconds
Copied Point file: Pot_A_Piece_38_Point.pcd
Copied Mesh file: Pot_A_Piece_38_Mesh.obj

Selected file: Dataset/Point/Pot_A/Pot_A_Piece_38_Point.pcd
[DEBUG getNormalsOnSurface] Starting function. Input points: 11817
[DEBUG getNormalsOnSurface] Creating Eigen matrix...
[DEBUG getNormalsOnSurface] Writing matrix to XYZ file...
[DEBUG getNormalsOnSurface] Reading XYZ file: fileForNormalEst_Sampled.xyz
[DEBUG getNormalsOnSurface] XYZ file read successfully. Points loaded: 11817
[ADAPTIVE CGAL] Using 11 neighbors for 11817 points (density-aware)
[DEBUG getNormalsOnSurface] PCA normal estimation complete.
[DEBUG getNormalsOnSurface] Orienting normals with MST...
[DEBUG getNormalsOnSurface] MST orientation complete.
[DEBUG getNormalsOnSurface] Erased unoriented points. Remaining: 11817
[DEBUG getNormalsOnSurface] Computing curvature for 11817 points...
[ADAPTIVE CURVATURE] Using K=39 for 11817 points
[DEBUG getNormalsOnSurface] Curvature computation complete.
[DEBUG getNormalsOnSurface] Saving PLY in ASCII mode...
[DEBUG downsamplePointCloud] Saving PLY in ASCII mode to avoid camera data issues...
Starting processing on: Dataset/Point/Pot_A/Pot_A_Piece_38_Point.pcd
Starting surface segmentation on: Temp/Data/Pot_A/Pot_A_Piece_38_SampledWithNormals.ply
[DEBUG] Loading PLY file: Temp/Data/Pot_A/Pot_A_Piece_38_SampledWithNormals.ply
[DEBUG] PLY file loaded successfully. Points: 11817
[DEBUG] Converting PointNormal to PointXYZ...
[DEBUG] Conversion complete. Cloud size: 11817
[DEBUG] Calling getNormalsOnSurface...
[DEBUG] Input cloud size: 11817
[DEBUG getNormalsOnSurface] Starting function. Input points: 11817
[DEBUG getNormalsOnSurface] Creating Eigen matrix...
[DEBUG getNormalsOnSurface] Writing matrix to XYZ file...
[DEBUG getNormalsOnSurface] Reading XYZ file: fileForNormalEst_Sampled.xyz
[DEBUG getNormalsOnSurface] XYZ file read successfully. Points loaded: 11817
[ADAPTIVE CGAL] Using 11 neighbors for 11817 points (density-aware)
[DEBUG getNormalsOnSurface] PCA normal estimation complete.
[DEBUG getNormalsOnSurface] Orienting normals with MST...
[DEBUG getNormalsOnSurface] MST orientation complete.
[DEBUG getNormalsOnSurface] Erased unoriented points. Remaining: 11817
[DEBUG getNormalsOnSurface] Computing curvature for 11817 points...
[ADAPTIVE CURVATURE] Using K=39 for 11817 points
[DEBUG getNormalsOnSurface] Curvature computation complete.
[DEBUG getNormalsOnSurface] Saving PLY in ASCII mode...
[DEBUG] getNormalsOnSurface completed successfully. Result points: 11817
[DEBUG] Extracting normals from sampled cloud...

Total points: 11817
Number of clusters is equal to 6
Points in 
Cluster 1 : 3769
Cluster 2 : 2709
Cluster 3 : 1873
Cluster 4 : 96
Cluster 5 : 68
Cluster 6 : 58
Points in two clusters / Total Points in Pointcloud: 54.82%
Points in two clusters / Total Points in all clusters: 75.56%
Calling mergeClusters function.
mergeClusters function called.
Sampled indices: 803 993 2530 1974 3258 495 3593 3729 3380 3048 2430 2298 2963 6 904 781 1605 1334 3161 730 2621 210 1816 3529 1561 1360 2708 2684 1023 2811 
Normals flipped: true
  loading cloudForSpline.pcd
  3769 points in data set
  surface fitting ...
  loading cloudForSpline.pcd
  2709 points in data set
  surface fitting ...
[DEBUG] Saving surface cluster PLY files in ASCII mode...
[ADAPTIVE CLUSTER 1] N=3244, min=10, max=9732
PointCloud representing the Cluster: 3244 data points.
[ADAPTIVE BOUNDARY] Cluster 0 has 3244 points, spacing≈17.56mm, boundary_r=15mm
Successfully found 6 clusters after 1 iterations.
Ply to XYZ start

Time after processing: 6.46 seconds
Copied Point file: Pot_A_Piece_39_Point.pcd
Copied Mesh file: Pot_A_Piece_39_Mesh.obj

Selected file: Dataset/Point/Pot_A/Pot_A_Piece_39_Point.pcd
[DEBUG getNormalsOnSurface] Starting function. Input points: 9571
[DEBUG getNormalsOnSurface] Creating Eigen matrix...
[DEBUG getNormalsOnSurface] Writing matrix to XYZ file...
[DEBUG getNormalsOnSurface] Reading XYZ file: fileForNormalEst_Sampled.xyz
[DEBUG getNormalsOnSurface] XYZ file read successfully. Points loaded: 9571
[ADAPTIVE CGAL] Using 9 neighbors for 9571 points (density-aware)
[DEBUG getNormalsOnSurface] PCA normal estimation complete.
[DEBUG getNormalsOnSurface] Orienting normals with MST...
[DEBUG getNormalsOnSurface] MST orientation complete.
[DEBUG getNormalsOnSurface] Erased unoriented points. Remaining: 9571
[DEBUG getNormalsOnSurface] Computing curvature for 9571 points...
[ADAPTIVE CURVATURE] Using K=31 for 9571 points
[DEBUG getNormalsOnSurface] Curvature computation complete.
[DEBUG getNormalsOnSurface] Saving PLY in ASCII mode...
[DEBUG downsamplePointCloud] Saving PLY in ASCII mode to avoid camera data issues...
Starting processing on: Dataset/Point/Pot_A/Pot_A_Piece_39_Point.pcd
Starting surface segmentation on: Temp/Data/Pot_A/Pot_A_Piece_39_SampledWithNormals.ply
[DEBUG] Loading PLY file: Temp/Data/Pot_A/Pot_A_Piece_39_SampledWithNormals.ply
[DEBUG] PLY file loaded successfully. Points: 9571
[DEBUG] Converting PointNormal to PointXYZ...
[DEBUG] Conversion complete. Cloud size: 9571
[DEBUG] Calling getNormalsOnSurface...
[DEBUG] Input cloud size: 9571
[DEBUG getNormalsOnSurface] Starting function. Input points: 9571
[DEBUG getNormalsOnSurface] Creating Eigen matrix...
[DEBUG getNormalsOnSurface] Writing matrix to XYZ file...
[DEBUG getNormalsOnSurface] Reading XYZ file: fileForNormalEst_Sampled.xyz
[DEBUG getNormalsOnSurface] XYZ file read successfully. Points loaded: 9571
[ADAPTIVE CGAL] Using 9 neighbors for 9571 points (density-aware)
[DEBUG getNormalsOnSurface] PCA normal estimation complete.
[DEBUG getNormalsOnSurface] Orienting normals with MST...
[DEBUG getNormalsOnSurface] MST orientation complete.
[DEBUG getNormalsOnSurface] Erased unoriented points. Remaining: 9571
[DEBUG getNormalsOnSurface] Computing curvature for 9571 points...
[ADAPTIVE CURVATURE] Using K=31 for 9571 points
[DEBUG getNormalsOnSurface] Curvature computation complete.
[DEBUG getNormalsOnSurface] Saving PLY in ASCII mode...
[DEBUG] getNormalsOnSurface completed successfully. Result points: 9571
[DEBUG] Extracting normals from sampled cloud...

Total points: 9571
Number of clusters is equal to 5
Points in 
Cluster 1 : 2706
Cluster 2 : 1424
Cluster 3 : 980
Cluster 4 : 501
Cluster 5 : 85
Points in two clusters / Total Points in Pointcloud: 43.15%
Points in two clusters / Total Points in all clusters: 72.51%
Calling mergeClusters function.
mergeClusters function called.
Sampled indices: 2295 2478 1347 764 539 153 1246 2304 768 737 1405 1166 2092 2197 1678 372 110 1014 1119 639 1917 2481 65 905 573 1617 1549 1812 1497 1491 
Normals flipped: true
  loading cloudForSpline.pcd
  2706 points in data set
  surface fitting ...
  loading cloudForSpline.pcd
  1424 points in data set
  surface fitting ...
[DEBUG] Saving surface cluster PLY files in ASCII mode...
[ADAPTIVE CLUSTER 1] N=3875, min=10, max=11625
PointCloud representing the Cluster: 3875 data points.
[ADAPTIVE BOUNDARY] Cluster 0 has 3875 points, spacing≈16.06mm, boundary_r=15mm
Successfully found 5 clusters after 1 iterations.
Ply to XYZ start

Time after processing: 6.66 seconds
Copied Point file: Pot_A_Piece_40_Point.pcd
Copied Mesh file: Pot_A_Piece_40_Mesh.obj

Selected file: Dataset/Point/Pot_A/Pot_A_Piece_40_Point.pcd
[DEBUG getNormalsOnSurface] Starting function. Input points: 11485
[DEBUG getNormalsOnSurface] Creating Eigen matrix...
[DEBUG getNormalsOnSurface] Writing matrix to XYZ file...
[DEBUG getNormalsOnSurface] Reading XYZ file: fileForNormalEst_Sampled.xyz
[DEBUG getNormalsOnSurface] XYZ file read successfully. Points loaded: 11485
[ADAPTIVE CGAL] Using 11 neighbors for 11485 points (density-aware)
[DEBUG getNormalsOnSurface] PCA normal estimation complete.
[DEBUG getNormalsOnSurface] Orienting normals with MST...
[DEBUG getNormalsOnSurface] MST orientation complete.
[DEBUG getNormalsOnSurface] Erased unoriented points. Remaining: 11485
[DEBUG getNormalsOnSurface] Computing curvature for 11485 points...
[ADAPTIVE CURVATURE] Using K=38 for 11485 points
[DEBUG getNormalsOnSurface] Curvature computation complete.
[DEBUG getNormalsOnSurface] Saving PLY in ASCII mode...
[DEBUG downsamplePointCloud] Saving PLY in ASCII mode to avoid camera data issues...
Starting processing on: Dataset/Point/Pot_A/Pot_A_Piece_40_Point.pcd
Starting surface segmentation on: Temp/Data/Pot_A/Pot_A_Piece_40_SampledWithNormals.ply
[DEBUG] Loading PLY file: Temp/Data/Pot_A/Pot_A_Piece_40_SampledWithNormals.ply
[DEBUG] PLY file loaded successfully. Points: 11485
[DEBUG] Converting PointNormal to PointXYZ...
[DEBUG] Conversion complete. Cloud size: 11485
[DEBUG] Calling getNormalsOnSurface...
[DEBUG] Input cloud size: 11485
[DEBUG getNormalsOnSurface] Starting function. Input points: 11485
[DEBUG getNormalsOnSurface] Creating Eigen matrix...
[DEBUG getNormalsOnSurface] Writing matrix to XYZ file...
[DEBUG getNormalsOnSurface] Reading XYZ file: fileForNormalEst_Sampled.xyz
[DEBUG getNormalsOnSurface] XYZ file read successfully. Points loaded: 11485
[ADAPTIVE CGAL] Using 11 neighbors for 11485 points (density-aware)
[DEBUG getNormalsOnSurface] PCA normal estimation complete.
[DEBUG getNormalsOnSurface] Orienting normals with MST...
[DEBUG getNormalsOnSurface] MST orientation complete.
[DEBUG getNormalsOnSurface] Erased unoriented points. Remaining: 11485
[DEBUG getNormalsOnSurface] Computing curvature for 11485 points...
[ADAPTIVE CURVATURE] Using K=38 for 11485 points
[DEBUG getNormalsOnSurface] Curvature computation complete.
[DEBUG getNormalsOnSurface] Saving PLY in ASCII mode...
[DEBUG] getNormalsOnSurface completed successfully. Result points: 11485
[DEBUG] Extracting normals from sampled cloud...

Total points: 11485
Number of clusters is equal to 2
Points in 
Cluster 1 : 4498
Cluster 2 : 4260
Points in two clusters / Total Points in Pointcloud: 76.26%
Points in two clusters / Total Points in all clusters: 100%
Calling mergeClusters function.
mergeClusters function called.
Sampled indices: 944 2507 1846 2750 1995 4195 4286 522 1633 3475 2928 2174 198 2371 167 2772 623 3772 666 3310 2938 4024 1678 1776 2030 1327 1359 3318 2817 2206 
Normals flipped: true
  loading cloudForSpline.pcd
  4498 points in data set
  surface fitting ...
  loading cloudForSpline.pcd
  4260 points in data set
  surface fitting ...
[DEBUG] Saving surface cluster PLY files in ASCII mode...
[ADAPTIVE CLUSTER 1] N=2727, min=10, max=8181
PointCloud representing the Cluster: 2727 data points.
[ADAPTIVE BOUNDARY] Cluster 0 has 2727 points, spacing≈19.15mm, boundary_r=15mm
Successfully found 2 clusters after 1 iterations.
Ply to XYZ start

Time after processing: 5.161 seconds
Total time elapsed: 193.1 seconds
NURBS surface generation completed at: Thu 23 Oct 2025 11:13:53 AEDT
Surface files generated:
Found 80 surface files (expected 80 for 40 pieces)
=== Step 2: NURBS Edge Line Extraction ===
This will take approximately 1-2 hours for 40 pieces...
Running NURBS EdgeLineExtractionHeadless...
Processing directory: Temp/
Surface 0 point cloud file: Temp/Data/Pot_A/Pot_A_Piece_01_Surface_0.xyz
Surface 1 point cloud file: Temp/Data/Pot_A/Pot_A_Piece_01_Surface_1.xyz
Fragment: Temp/Data/Pot_A/Pot_A_Piece_01_Mesh.obj

Cleaning surface point cloud...
Estimating patch normals and breaklines...
Getting the inital boundary...
[ADAPTIVE BOUNDARY EDGE] 5740 points, spacing≈13.1991mm, boundary_r=15mm
[ADAPTIVE OUTLIER] 86 boundary points, outlier_r=20mm, min_neighbors=3
[ADAPTIVE SEQUENCING] Boundary has 86 points, using K=8 for point sequencing
[EDGELINE DEBUG] Saving breakLineFromConcaveHull in ASCII mode...
Initiating uniform sampling and smoothing of breakline segments...
[BREAKLINE DEBUG] Input points: 26, avgSpacing: 0.00565891m (5.65891mm), adaptiveRadius: 0.005m (5mm)
[BREAKLINE DEBUG] Smoothed breakline output points: 21
  loading Temp/Temp_edge/Pot_A/cloudForSpline.pcd
  5740 points in data set
  surface fitting ...
Surface refinement
Surface fitting with final refinement level
Evaluating points on surface
0
Clock Wise - Changing sequence
Detecting separate line segments...
[ADAPTIVE WINDOW] Small breakline (21 points) using window len=4
[SEGMENT FILTER] Skipping tiny segment with only 3 points (< 5 required)
tected segments = 
[SEGMENT SAFETY] Skipping empty/missing segment 2
Detecting rim...
C1 0.00180121 C2 0.00152628
Mean = 0.00166374
ERROR: Edge line extraction failed
