=== NURBS Preprocessing Pipeline for Tray-000 (40 pieces) ===
Started: Fri 24 Oct 2025 01:51:33 AEDT
Job ID: 17003640
=== Step 0: Verify Input Data ===
CloudCompare PCD files:
Found 40 PCD files in Pot_A/
Verification passed: 40 PCD files ready for NURBS processing
Cleaning previous NURBS outputs for Pot_A...
Removing old surface files (.xyz)...
Removing old intermediate PLY files...
Removing old breakline and surface files...
Removing old segment files...
Removing old axis files...
=== Step 1: NURBS Surface Generation (40 pieces) ===
This will take approximately 2-3 hours for 40 pieces...
Running NURBS MeshPreprocessingHeadless...
Copied Point file: Pot_A_Piece_01_Point.pcd
Copied Mesh file: Pot_A_Piece_01_Mesh.obj

Selected file: Dataset/Point/Pot_A/Pot_A_Piece_01_Point.pcd
[DEBUG getNormalsOnSurface] Starting function. Input points: 8045
[DEBUG getNormalsOnSurface] Creating Eigen matrix...
[DEBUG getNormalsOnSurface] Writing matrix to XYZ file...
[DEBUG getNormalsOnSurface] Reading XYZ file: fileForNormalEst_Sampled.xyz
[DEBUG getNormalsOnSurface] XYZ file read successfully. Points loaded: 8045
[ADAPTIVE CGAL] Using 8 neighbors for 8045 points (density-aware)
[DEBUG getNormalsOnSurface] PCA normal estimation complete.
[DEBUG getNormalsOnSurface] Orienting normals with MST...
[DEBUG getNormalsOnSurface] MST orientation complete.
[DEBUG getNormalsOnSurface] Erased unoriented points. Remaining: 8045
[DEBUG getNormalsOnSurface] Computing curvature for 8045 points...
[ADAPTIVE CURVATURE] Using K=26 for 8045 points
[DEBUG getNormalsOnSurface] Curvature computation complete.
[DEBUG getNormalsOnSurface] Saving PLY in ASCII mode...
[DEBUG downsamplePointCloud] Saving PLY in ASCII mode to avoid camera data issues...
Starting processing on: Dataset/Point/Pot_A/Pot_A_Piece_01_Point.pcd
Starting surface segmentation on: Temp/Data/Pot_A/Pot_A_Piece_01_SampledWithNormals.ply
[DEBUG] Loading PLY file: Temp/Data/Pot_A/Pot_A_Piece_01_SampledWithNormals.ply
[DEBUG] PLY file loaded successfully. Points: 8045
[DEBUG] Converting PointNormal to PointXYZ...
[DEBUG] Conversion complete. Cloud size: 8045
[DEBUG] Calling getNormalsOnSurface...
[DEBUG] Input cloud size: 8045
[DEBUG getNormalsOnSurface] Starting function. Input points: 8045
[DEBUG getNormalsOnSurface] Creating Eigen matrix...
[DEBUG getNormalsOnSurface] Writing matrix to XYZ file...
[DEBUG getNormalsOnSurface] Reading XYZ file: fileForNormalEst_Sampled.xyz
[DEBUG getNormalsOnSurface] XYZ file read successfully. Points loaded: 8045
[ADAPTIVE CGAL] Using 8 neighbors for 8045 points (density-aware)
[DEBUG getNormalsOnSurface] PCA normal estimation complete.
[DEBUG getNormalsOnSurface] Orienting normals with MST...
[DEBUG getNormalsOnSurface] MST orientation complete.
[DEBUG getNormalsOnSurface] Erased unoriented points. Remaining: 8045
[DEBUG getNormalsOnSurface] Computing curvature for 8045 points...
[ADAPTIVE CURVATURE] Using K=26 for 8045 points
[DEBUG getNormalsOnSurface] Curvature computation complete.
[DEBUG getNormalsOnSurface] Saving PLY in ASCII mode...
[DEBUG] getNormalsOnSurface completed successfully. Result points: 8045
[DEBUG] Extracting normals from sampled cloud...

Total points: 8045
Number of clusters is equal to 3
Points in 
Cluster 1 : 2651
Cluster 2 : 2534
Cluster 3 : 59
Points in two clusters / Total Points in Pointcloud: 64.45%
Points in two clusters / Total Points in all clusters: 98.87%
Calling mergeClusters function.
mergeClusters function called.
Sampled indices: 815 562 2523 447 754 419 11 1153 726 1712 2393 2089 791 402 2218 1714 2584 1955 2320 2070 911 736 915 1600 1627 1598 2139 1265 874 546 
Normals flipped: true
  loading cloudForSpline.pcd
  2651 points in data set
  surface fitting ...
  loading cloudForSpline.pcd
  2534 points in data set
  surface fitting ...
[DEBUG] Saving surface cluster PLY files in ASCII mode...
[ADAPTIVE CLUSTER 1] N=2801, min=10, max=8403
PointCloud representing the Cluster: 2801 data points.
[ADAPTIVE BOUNDARY] Cluster 0 has 2801 points, spacing≈18.89mm, boundary_r=15mm
Successfully found 3 clusters after 1 iterations.
Ply to XYZ start

Time after processing: 5.313 seconds
Copied Point file: Pot_A_Piece_02_Point.pcd
Copied Mesh file: Pot_A_Piece_02_Mesh.obj

Selected file: Dataset/Point/Pot_A/Pot_A_Piece_02_Point.pcd
[DEBUG getNormalsOnSurface] Starting function. Input points: 10240
[DEBUG getNormalsOnSurface] Creating Eigen matrix...
[DEBUG getNormalsOnSurface] Writing matrix to XYZ file...
[DEBUG getNormalsOnSurface] Reading XYZ file: fileForNormalEst_Sampled.xyz
[DEBUG getNormalsOnSurface] XYZ file read successfully. Points loaded: 10240
[ADAPTIVE CGAL] Using 10 neighbors for 10240 points (density-aware)
[DEBUG getNormalsOnSurface] PCA normal estimation complete.
[DEBUG getNormalsOnSurface] Orienting normals with MST...
[DEBUG getNormalsOnSurface] MST orientation complete.
[DEBUG getNormalsOnSurface] Erased unoriented points. Remaining: 10240
[DEBUG getNormalsOnSurface] Computing curvature for 10240 points...
[ADAPTIVE CURVATURE] Using K=34 for 10240 points
[DEBUG getNormalsOnSurface] Curvature computation complete.
[DEBUG getNormalsOnSurface] Saving PLY in ASCII mode...
[DEBUG downsamplePointCloud] Saving PLY in ASCII mode to avoid camera data issues...
Starting processing on: Dataset/Point/Pot_A/Pot_A_Piece_02_Point.pcd
Starting surface segmentation on: Temp/Data/Pot_A/Pot_A_Piece_02_SampledWithNormals.ply
[DEBUG] Loading PLY file: Temp/Data/Pot_A/Pot_A_Piece_02_SampledWithNormals.ply
[DEBUG] PLY file loaded successfully. Points: 10240
[DEBUG] Converting PointNormal to PointXYZ...
[DEBUG] Conversion complete. Cloud size: 10240
[DEBUG] Calling getNormalsOnSurface...
[DEBUG] Input cloud size: 10240
[DEBUG getNormalsOnSurface] Starting function. Input points: 10240
[DEBUG getNormalsOnSurface] Creating Eigen matrix...
[DEBUG getNormalsOnSurface] Writing matrix to XYZ file...
[DEBUG getNormalsOnSurface] Reading XYZ file: fileForNormalEst_Sampled.xyz
[DEBUG getNormalsOnSurface] XYZ file read successfully. Points loaded: 10240
[ADAPTIVE CGAL] Using 10 neighbors for 10240 points (density-aware)
[DEBUG getNormalsOnSurface] PCA normal estimation complete.
[DEBUG getNormalsOnSurface] Orienting normals with MST...
[DEBUG getNormalsOnSurface] MST orientation complete.
[DEBUG getNormalsOnSurface] Erased unoriented points. Remaining: 10240
[DEBUG getNormalsOnSurface] Computing curvature for 10240 points...
[ADAPTIVE CURVATURE] Using K=34 for 10240 points
[DEBUG getNormalsOnSurface] Curvature computation complete.
[DEBUG getNormalsOnSurface] Saving PLY in ASCII mode...
[DEBUG] getNormalsOnSurface completed successfully. Result points: 10240
[DEBUG] Extracting normals from sampled cloud...

Total points: 10240
Number of clusters is equal to 9
Points in 
Cluster 1 : 3139
Cluster 2 : 2972
Cluster 3 : 521
Cluster 4 : 207
Cluster 5 : 80
Cluster 6 : 73
Cluster 7 : 61
Cluster 8 : 59
Cluster 9 : 56
Points in two clusters / Total Points in Pointcloud: 59.68%
Points in two clusters / Total Points in all clusters: 85.25%
Calling mergeClusters function.
mergeClusters function called.
Condition 1 (closest point pairs) passed for clusters 0 and 5
Condition 2 (normal vector similarity) passed for clusters 0 and 5
Condition 3 (boundary curvature similarity) passed for clusters 0 and 5
Verification failed (innerPoint selection) for clusters 0 and 5
Sampled indices: 2 2969 2393 1899 222 1758 1696 9 1074 546 160 171 3014 854 1770 2960 1847 1696 1340 2715 1809 2036 1707 1951 1263 2520 3061 2379 2805 781 
Normals flipped: true
  loading cloudForSpline.pcd
  3139 points in data set
  surface fitting ...
  loading cloudForSpline.pcd
  2972 points in data set
  surface fitting ...
[DEBUG] Saving surface cluster PLY files in ASCII mode...
[ADAPTIVE CLUSTER 1] N=3072, min=10, max=9216
PointCloud representing the Cluster: 3072 data points.
[ADAPTIVE BOUNDARY] Cluster 0 has 3072 points, spacing≈18.04mm, boundary_r=15mm
Successfully found 9 clusters after 1 iterations.
Ply to XYZ start

Time after processing: 7.443 seconds
Copied Point file: Pot_A_Piece_03_Point.pcd
Copied Mesh file: Pot_A_Piece_03_Mesh.obj

Selected file: Dataset/Point/Pot_A/Pot_A_Piece_03_Point.pcd
[DEBUG getNormalsOnSurface] Starting function. Input points: 9237
[DEBUG getNormalsOnSurface] Creating Eigen matrix...
[DEBUG getNormalsOnSurface] Writing matrix to XYZ file...
[DEBUG getNormalsOnSurface] Reading XYZ file: fileForNormalEst_Sampled.xyz
[DEBUG getNormalsOnSurface] XYZ file read successfully. Points loaded: 9237
[ADAPTIVE CGAL] Using 9 neighbors for 9237 points (density-aware)
[DEBUG getNormalsOnSurface] PCA normal estimation complete.
[DEBUG getNormalsOnSurface] Orienting normals with MST...
[DEBUG getNormalsOnSurface] MST orientation complete.
[DEBUG getNormalsOnSurface] Erased unoriented points. Remaining: 9237
[DEBUG getNormalsOnSurface] Computing curvature for 9237 points...
[ADAPTIVE CURVATURE] Using K=30 for 9237 points
[DEBUG getNormalsOnSurface] Curvature computation complete.
[DEBUG getNormalsOnSurface] Saving PLY in ASCII mode...
[DEBUG downsamplePointCloud] Saving PLY in ASCII mode to avoid camera data issues...
Starting processing on: Dataset/Point/Pot_A/Pot_A_Piece_03_Point.pcd
Starting surface segmentation on: Temp/Data/Pot_A/Pot_A_Piece_03_SampledWithNormals.ply
[DEBUG] Loading PLY file: Temp/Data/Pot_A/Pot_A_Piece_03_SampledWithNormals.ply
[DEBUG] PLY file loaded successfully. Points: 9237
[DEBUG] Converting PointNormal to PointXYZ...
[DEBUG] Conversion complete. Cloud size: 9237
[DEBUG] Calling getNormalsOnSurface...
[DEBUG] Input cloud size: 9237
[DEBUG getNormalsOnSurface] Starting function. Input points: 9237
[DEBUG getNormalsOnSurface] Creating Eigen matrix...
[DEBUG getNormalsOnSurface] Writing matrix to XYZ file...
[DEBUG getNormalsOnSurface] Reading XYZ file: fileForNormalEst_Sampled.xyz
[DEBUG getNormalsOnSurface] XYZ file read successfully. Points loaded: 9237
[ADAPTIVE CGAL] Using 9 neighbors for 9237 points (density-aware)
[DEBUG getNormalsOnSurface] PCA normal estimation complete.
[DEBUG getNormalsOnSurface] Orienting normals with MST...
[DEBUG getNormalsOnSurface] MST orientation complete.
[DEBUG getNormalsOnSurface] Erased unoriented points. Remaining: 9237
[DEBUG getNormalsOnSurface] Computing curvature for 9237 points...
[ADAPTIVE CURVATURE] Using K=30 for 9237 points
[DEBUG getNormalsOnSurface] Curvature computation complete.
[DEBUG getNormalsOnSurface] Saving PLY in ASCII mode...
[DEBUG] getNormalsOnSurface completed successfully. Result points: 9237
[DEBUG] Extracting normals from sampled cloud...

Total points: 9237
Number of clusters is equal to 4
Points in 
Cluster 1 : 3083
Cluster 2 : 1992
Cluster 3 : 1546
Cluster 4 : 76
Points in two clusters / Total Points in Pointcloud: 54.94%
Points in two clusters / Total Points in all clusters: 75.78%
Calling mergeClusters function.
mergeClusters function called.
Sampled indices: 1566 2810 2565 2825 1863 603 2674 1324 1802 172 2570 2640 2362 190 2174 2920 1829 841 2333 3075 1007 60 2034 2012 3041 846 1929 261 990 2790 
Normals flipped: true
  loading cloudForSpline.pcd
  3083 points in data set
  surface fitting ...
  loading cloudForSpline.pcd
  1992 points in data set
  surface fitting ...
[DEBUG] Saving surface cluster PLY files in ASCII mode...
[ADAPTIVE CLUSTER 1] N=2540, min=10, max=7620
PointCloud representing the Cluster: 2540 data points.
[ADAPTIVE BOUNDARY] Cluster 0 has 2540 points, spacing≈19.84mm, boundary_r=15mm
Successfully found 4 clusters after 1 iterations.
Ply to XYZ start

Time after processing: 5.04 seconds
Copied Point file: Pot_A_Piece_04_Point.pcd
Copied Mesh file: Pot_A_Piece_04_Mesh.obj

Selected file: Dataset/Point/Pot_A/Pot_A_Piece_04_Point.pcd
[DEBUG getNormalsOnSurface] Starting function. Input points: 10794
[DEBUG getNormalsOnSurface] Creating Eigen matrix...
[DEBUG getNormalsOnSurface] Writing matrix to XYZ file...
[DEBUG getNormalsOnSurface] Reading XYZ file: fileForNormalEst_Sampled.xyz
[DEBUG getNormalsOnSurface] XYZ file read successfully. Points loaded: 10794
[ADAPTIVE CGAL] Using 10 neighbors for 10794 points (density-aware)
[DEBUG getNormalsOnSurface] PCA normal estimation complete.
[DEBUG getNormalsOnSurface] Orienting normals with MST...
[DEBUG getNormalsOnSurface] MST orientation complete.
[DEBUG getNormalsOnSurface] Erased unoriented points. Remaining: 10794
[DEBUG getNormalsOnSurface] Computing curvature for 10794 points...
[ADAPTIVE CURVATURE] Using K=35 for 10794 points
[DEBUG getNormalsOnSurface] Curvature computation complete.
[DEBUG getNormalsOnSurface] Saving PLY in ASCII mode...
[DEBUG downsamplePointCloud] Saving PLY in ASCII mode to avoid camera data issues...
Starting processing on: Dataset/Point/Pot_A/Pot_A_Piece_04_Point.pcd
Starting surface segmentation on: Temp/Data/Pot_A/Pot_A_Piece_04_SampledWithNormals.ply
[DEBUG] Loading PLY file: Temp/Data/Pot_A/Pot_A_Piece_04_SampledWithNormals.ply
[DEBUG] PLY file loaded successfully. Points: 10794
[DEBUG] Converting PointNormal to PointXYZ...
[DEBUG] Conversion complete. Cloud size: 10794
[DEBUG] Calling getNormalsOnSurface...
[DEBUG] Input cloud size: 10794
[DEBUG getNormalsOnSurface] Starting function. Input points: 10794
[DEBUG getNormalsOnSurface] Creating Eigen matrix...
[DEBUG getNormalsOnSurface] Writing matrix to XYZ file...
[DEBUG getNormalsOnSurface] Reading XYZ file: fileForNormalEst_Sampled.xyz
[DEBUG getNormalsOnSurface] XYZ file read successfully. Points loaded: 10794
[ADAPTIVE CGAL] Using 10 neighbors for 10794 points (density-aware)
[DEBUG getNormalsOnSurface] PCA normal estimation complete.
[DEBUG getNormalsOnSurface] Orienting normals with MST...
[DEBUG getNormalsOnSurface] MST orientation complete.
[DEBUG getNormalsOnSurface] Erased unoriented points. Remaining: 10794
[DEBUG getNormalsOnSurface] Computing curvature for 10794 points...
[ADAPTIVE CURVATURE] Using K=35 for 10794 points
[DEBUG getNormalsOnSurface] Curvature computation complete.
[DEBUG getNormalsOnSurface] Saving PLY in ASCII mode...
[DEBUG] getNormalsOnSurface completed successfully. Result points: 10794
[DEBUG] Extracting normals from sampled cloud...

Total points: 10794
Number of clusters is equal to 8
Points in 
Cluster 1 : 3491
Cluster 2 : 3202
Cluster 3 : 949
Cluster 4 : 255
Cluster 5 : 63
Cluster 6 : 62
Cluster 7 : 51
Cluster 8 : 51
Points in two clusters / Total Points in Pointcloud: 62.01%
Points in two clusters / Total Points in all clusters: 82.39%
Calling mergeClusters function.
mergeClusters function called.
Sampled indices: 2543 2387 876 2415 2700 1990 381 3195 2996 2873 3133 2050 196 147 2139 1544 1640 993 1858 1855 389 869 1069 1 1138 842 82 800 247 478 
Normals flipped: true
  loading cloudForSpline.pcd
  3491 points in data set
  surface fitting ...
  loading cloudForSpline.pcd
  3202 points in data set
  surface fitting ...
[DEBUG] Saving surface cluster PLY files in ASCII mode...
[ADAPTIVE CLUSTER 1] N=2670, min=10, max=8010
PointCloud representing the Cluster: 2670 data points.
[ADAPTIVE BOUNDARY] Cluster 0 has 2670 points, spacing≈19.35mm, boundary_r=15mm
Successfully found 8 clusters after 1 iterations.
Ply to XYZ start

Time after processing: 6.586 seconds
Copied Point file: Pot_A_Piece_05_Point.pcd
Copied Mesh file: Pot_A_Piece_05_Mesh.obj

Selected file: Dataset/Point/Pot_A/Pot_A_Piece_05_Point.pcd
[DEBUG getNormalsOnSurface] Starting function. Input points: 8491
[DEBUG getNormalsOnSurface] Creating Eigen matrix...
[DEBUG getNormalsOnSurface] Writing matrix to XYZ file...
[DEBUG getNormalsOnSurface] Reading XYZ file: fileForNormalEst_Sampled.xyz
[DEBUG getNormalsOnSurface] XYZ file read successfully. Points loaded: 8491
[ADAPTIVE CGAL] Using 8 neighbors for 8491 points (density-aware)
[DEBUG getNormalsOnSurface] PCA normal estimation complete.
[DEBUG getNormalsOnSurface] Orienting normals with MST...
[DEBUG getNormalsOnSurface] MST orientation complete.
[DEBUG getNormalsOnSurface] Erased unoriented points. Remaining: 8491
[DEBUG getNormalsOnSurface] Computing curvature for 8491 points...
[ADAPTIVE CURVATURE] Using K=28 for 8491 points
[DEBUG getNormalsOnSurface] Curvature computation complete.
[DEBUG getNormalsOnSurface] Saving PLY in ASCII mode...
[DEBUG downsamplePointCloud] Saving PLY in ASCII mode to avoid camera data issues...
Starting processing on: Dataset/Point/Pot_A/Pot_A_Piece_05_Point.pcd
Starting surface segmentation on: Temp/Data/Pot_A/Pot_A_Piece_05_SampledWithNormals.ply
[DEBUG] Loading PLY file: Temp/Data/Pot_A/Pot_A_Piece_05_SampledWithNormals.ply
[DEBUG] PLY file loaded successfully. Points: 8491
[DEBUG] Converting PointNormal to PointXYZ...
[DEBUG] Conversion complete. Cloud size: 8491
[DEBUG] Calling getNormalsOnSurface...
[DEBUG] Input cloud size: 8491
[DEBUG getNormalsOnSurface] Starting function. Input points: 8491
[DEBUG getNormalsOnSurface] Creating Eigen matrix...
[DEBUG getNormalsOnSurface] Writing matrix to XYZ file...
[DEBUG getNormalsOnSurface] Reading XYZ file: fileForNormalEst_Sampled.xyz
[DEBUG getNormalsOnSurface] XYZ file read successfully. Points loaded: 8491
[ADAPTIVE CGAL] Using 8 neighbors for 8491 points (density-aware)
[DEBUG getNormalsOnSurface] PCA normal estimation complete.
[DEBUG getNormalsOnSurface] Orienting normals with MST...
[DEBUG getNormalsOnSurface] MST orientation complete.
[DEBUG getNormalsOnSurface] Erased unoriented points. Remaining: 8491
[DEBUG getNormalsOnSurface] Computing curvature for 8491 points...
[ADAPTIVE CURVATURE] Using K=28 for 8491 points
[DEBUG getNormalsOnSurface] Curvature computation complete.
[DEBUG getNormalsOnSurface] Saving PLY in ASCII mode...
[DEBUG] getNormalsOnSurface completed successfully. Result points: 8491
[DEBUG] Extracting normals from sampled cloud...

Total points: 8491
Number of clusters is equal to 3
Points in 
Cluster 1 : 3054
Cluster 2 : 2904
Cluster 3 : 53
Points in two clusters / Total Points in Pointcloud: 70.17%
Points in two clusters / Total Points in all clusters: 99.12%
Calling mergeClusters function.
mergeClusters function called.
Sampled indices: 2875 1556 750 1888 1096 268 1936 954 458 2071 2830 2181 2413 671 2186 1973 952 2431 2047 2255 1573 1724 404 126 1300 2139 2508 914 1249 1330 
Normals flipped: true
  loading cloudForSpline.pcd
  3054 points in data set
  surface fitting ...
  loading cloudForSpline.pcd
  2904 points in data set
  surface fitting ...
[DEBUG] Saving surface cluster PLY files in ASCII mode...
[ADAPTIVE CLUSTER 1] N=2480, min=10, max=7440
PointCloud representing the Cluster: 2480 data points.
[ADAPTIVE BOUNDARY] Cluster 0 has 2480 points, spacing≈20.08mm, boundary_r=15mm
Successfully found 3 clusters after 1 iterations.
Ply to XYZ start

Time after processing: 4.931 seconds
Copied Point file: Pot_A_Piece_06_Point.pcd
Copied Mesh file: Pot_A_Piece_06_Mesh.obj

Selected file: Dataset/Point/Pot_A/Pot_A_Piece_06_Point.pcd
[DEBUG getNormalsOnSurface] Starting function. Input points: 7916
[DEBUG getNormalsOnSurface] Creating Eigen matrix...
[DEBUG getNormalsOnSurface] Writing matrix to XYZ file...
[DEBUG getNormalsOnSurface] Reading XYZ file: fileForNormalEst_Sampled.xyz
[DEBUG getNormalsOnSurface] XYZ file read successfully. Points loaded: 7916
[ADAPTIVE CGAL] Using 7 neighbors for 7916 points (density-aware)
[DEBUG getNormalsOnSurface] PCA normal estimation complete.
[DEBUG getNormalsOnSurface] Orienting normals with MST...
[DEBUG getNormalsOnSurface] MST orientation complete.
[DEBUG getNormalsOnSurface] Erased unoriented points. Remaining: 7916
[DEBUG getNormalsOnSurface] Computing curvature for 7916 points...
[ADAPTIVE CURVATURE] Using K=26 for 7916 points
[DEBUG getNormalsOnSurface] Curvature computation complete.
[DEBUG getNormalsOnSurface] Saving PLY in ASCII mode...
[DEBUG downsamplePointCloud] Saving PLY in ASCII mode to avoid camera data issues...
Starting processing on: Dataset/Point/Pot_A/Pot_A_Piece_06_Point.pcd
Starting surface segmentation on: Temp/Data/Pot_A/Pot_A_Piece_06_SampledWithNormals.ply
[DEBUG] Loading PLY file: Temp/Data/Pot_A/Pot_A_Piece_06_SampledWithNormals.ply
[DEBUG] PLY file loaded successfully. Points: 7916
[DEBUG] Converting PointNormal to PointXYZ...
[DEBUG] Conversion complete. Cloud size: 7916
[DEBUG] Calling getNormalsOnSurface...
[DEBUG] Input cloud size: 7916
[DEBUG getNormalsOnSurface] Starting function. Input points: 7916
[DEBUG getNormalsOnSurface] Creating Eigen matrix...
[DEBUG getNormalsOnSurface] Writing matrix to XYZ file...
[DEBUG getNormalsOnSurface] Reading XYZ file: fileForNormalEst_Sampled.xyz
[DEBUG getNormalsOnSurface] XYZ file read successfully. Points loaded: 7916
[ADAPTIVE CGAL] Using 7 neighbors for 7916 points (density-aware)
[DEBUG getNormalsOnSurface] PCA normal estimation complete.
[DEBUG getNormalsOnSurface] Orienting normals with MST...
[DEBUG getNormalsOnSurface] MST orientation complete.
[DEBUG getNormalsOnSurface] Erased unoriented points. Remaining: 7916
[DEBUG getNormalsOnSurface] Computing curvature for 7916 points...
[ADAPTIVE CURVATURE] Using K=26 for 7916 points
[DEBUG getNormalsOnSurface] Curvature computation complete.
[DEBUG getNormalsOnSurface] Saving PLY in ASCII mode...
[DEBUG] getNormalsOnSurface completed successfully. Result points: 7916
[DEBUG] Extracting normals from sampled cloud...

Total points: 7916
Number of clusters is equal to 6
Points in 
Cluster 1 : 2347
Cluster 2 : 1668
Cluster 3 : 725
Cluster 4 : 61
Cluster 5 : 61
Cluster 6 : 53
Points in two clusters / Total Points in Pointcloud: 50.72%
Points in two clusters / Total Points in all clusters: 81.69%
Calling mergeClusters function.
mergeClusters function called.
Condition 1 (closest point pairs) passed for clusters 2 and 3
Condition 2 (normal vector similarity) passed for clusters 2 and 3
Condition 3 (boundary curvature similarity) passed for clusters 2 and 3
Verification failed (innerPoint selection) for clusters 2 and 3
Condition 1 (closest point pairs) passed for clusters 2 and 4
Condition 2 (normal vector similarity) passed for clusters 2 and 4
Condition 3 (boundary curvature similarity) passed for clusters 2 and 4
Verification failed (innerPoint selection) for clusters 2 and 4
Sampled indices: 2200 1905 438 1303 1436 103 663 46 2187 2007 486 111 61 1152 184 1025 1155 13 1386 781 1446 165 965 529 1545 1663 2276 2271 2146 263 
Normals flipped: true
  loading cloudForSpline.pcd
  2347 points in data set
  surface fitting ...
  loading cloudForSpline.pcd
  1668 points in data set
  surface fitting ...
[DEBUG] Saving surface cluster PLY files in ASCII mode...
[ADAPTIVE CLUSTER 1] N=3001, min=10, max=9003
PointCloud representing the Cluster: 3001 data points.
[ADAPTIVE BOUNDARY] Cluster 0 has 3001 points, spacing≈18.25mm, boundary_r=15mm
Successfully found 6 clusters after 1 iterations.
Ply to XYZ start

Time after processing: 5.959 seconds
Copied Point file: Pot_A_Piece_07_Point.pcd
Copied Mesh file: Pot_A_Piece_07_Mesh.obj

Selected file: Dataset/Point/Pot_A/Pot_A_Piece_07_Point.pcd
[DEBUG getNormalsOnSurface] Starting function. Input points: 11312
[DEBUG getNormalsOnSurface] Creating Eigen matrix...
[DEBUG getNormalsOnSurface] Writing matrix to XYZ file...
[DEBUG getNormalsOnSurface] Reading XYZ file: fileForNormalEst_Sampled.xyz
[DEBUG getNormalsOnSurface] XYZ file read successfully. Points loaded: 11312
[ADAPTIVE CGAL] Using 11 neighbors for 11312 points (density-aware)
[DEBUG getNormalsOnSurface] PCA normal estimation complete.
[DEBUG getNormalsOnSurface] Orienting normals with MST...
[DEBUG getNormalsOnSurface] MST orientation complete.
[DEBUG getNormalsOnSurface] Erased unoriented points. Remaining: 11312
[DEBUG getNormalsOnSurface] Computing curvature for 11312 points...
[ADAPTIVE CURVATURE] Using K=37 for 11312 points
[DEBUG getNormalsOnSurface] Curvature computation complete.
[DEBUG getNormalsOnSurface] Saving PLY in ASCII mode...
[DEBUG downsamplePointCloud] Saving PLY in ASCII mode to avoid camera data issues...
Starting processing on: Dataset/Point/Pot_A/Pot_A_Piece_07_Point.pcd
Starting surface segmentation on: Temp/Data/Pot_A/Pot_A_Piece_07_SampledWithNormals.ply
[DEBUG] Loading PLY file: Temp/Data/Pot_A/Pot_A_Piece_07_SampledWithNormals.ply
[DEBUG] PLY file loaded successfully. Points: 11312
[DEBUG] Converting PointNormal to PointXYZ...
[DEBUG] Conversion complete. Cloud size: 11312
[DEBUG] Calling getNormalsOnSurface...
[DEBUG] Input cloud size: 11312
[DEBUG getNormalsOnSurface] Starting function. Input points: 11312
[DEBUG getNormalsOnSurface] Creating Eigen matrix...
[DEBUG getNormalsOnSurface] Writing matrix to XYZ file...
[DEBUG getNormalsOnSurface] Reading XYZ file: fileForNormalEst_Sampled.xyz
[DEBUG getNormalsOnSurface] XYZ file read successfully. Points loaded: 11312
[ADAPTIVE CGAL] Using 11 neighbors for 11312 points (density-aware)
[DEBUG getNormalsOnSurface] PCA normal estimation complete.
[DEBUG getNormalsOnSurface] Orienting normals with MST...
[DEBUG getNormalsOnSurface] MST orientation complete.
[DEBUG getNormalsOnSurface] Erased unoriented points. Remaining: 11312
[DEBUG getNormalsOnSurface] Computing curvature for 11312 points...
[ADAPTIVE CURVATURE] Using K=37 for 11312 points
[DEBUG getNormalsOnSurface] Curvature computation complete.
[DEBUG getNormalsOnSurface] Saving PLY in ASCII mode...
[DEBUG] getNormalsOnSurface completed successfully. Result points: 11312
[DEBUG] Extracting normals from sampled cloud...

Total points: 11312
Number of clusters is equal to 7
Points in 
Cluster 1 : 3405
Cluster 2 : 3055
Cluster 3 : 655
Cluster 4 : 113
Cluster 5 : 70
Cluster 6 : 60
Cluster 7 : 58
Points in two clusters / Total Points in Pointcloud: 57.11%
Points in two clusters / Total Points in all clusters: 87.11%
Calling mergeClusters function.
mergeClusters function called.
Condition 1 (closest point pairs) passed for clusters 2 and 3
Condition 2 (normal vector similarity) passed for clusters 2 and 3
Condition 3 (boundary curvature similarity) passed for clusters 2 and 3
Verification failed (innerPoint selection) for clusters 2 and 3
Sampled indices: 1849 2500 2550 530 3071 2664 2346 2124 1685 1117 2027 2258 2499 1743 3170 683 2884 2180 2881 1434 1772 2186 2344 3294 1725 2370 894 1882 2904 3325 
Normals flipped: true
  loading cloudForSpline.pcd
  3405 points in data set
  surface fitting ...
  loading cloudForSpline.pcd
  3055 points in data set
  surface fitting ...
[DEBUG] Saving surface cluster PLY files in ASCII mode...
[ADAPTIVE CLUSTER 1] N=3896, min=10, max=11688
PointCloud representing the Cluster: 3896 data points.
[ADAPTIVE BOUNDARY] Cluster 0 has 3896 points, spacing≈16.02mm, boundary_r=15mm
Successfully found 7 clusters after 1 iterations.
Ply to XYZ start

Time after processing: 9.387 seconds
Copied Point file: Pot_A_Piece_08_Point.pcd
Copied Mesh file: Pot_A_Piece_08_Mesh.obj

Selected file: Dataset/Point/Pot_A/Pot_A_Piece_08_Point.pcd
[DEBUG getNormalsOnSurface] Starting function. Input points: 9077
[DEBUG getNormalsOnSurface] Creating Eigen matrix...
[DEBUG getNormalsOnSurface] Writing matrix to XYZ file...
[DEBUG getNormalsOnSurface] Reading XYZ file: fileForNormalEst_Sampled.xyz
[DEBUG getNormalsOnSurface] XYZ file read successfully. Points loaded: 9077
[ADAPTIVE CGAL] Using 9 neighbors for 9077 points (density-aware)
[DEBUG getNormalsOnSurface] PCA normal estimation complete.
[DEBUG getNormalsOnSurface] Orienting normals with MST...
[DEBUG getNormalsOnSurface] MST orientation complete.
[DEBUG getNormalsOnSurface] Erased unoriented points. Remaining: 9077
[DEBUG getNormalsOnSurface] Computing curvature for 9077 points...
[ADAPTIVE CURVATURE] Using K=30 for 9077 points
[DEBUG getNormalsOnSurface] Curvature computation complete.
[DEBUG getNormalsOnSurface] Saving PLY in ASCII mode...
[DEBUG downsamplePointCloud] Saving PLY in ASCII mode to avoid camera data issues...
Starting processing on: Dataset/Point/Pot_A/Pot_A_Piece_08_Point.pcd
Starting surface segmentation on: Temp/Data/Pot_A/Pot_A_Piece_08_SampledWithNormals.ply
[DEBUG] Loading PLY file: Temp/Data/Pot_A/Pot_A_Piece_08_SampledWithNormals.ply
[DEBUG] PLY file loaded successfully. Points: 9077
[DEBUG] Converting PointNormal to PointXYZ...
[DEBUG] Conversion complete. Cloud size: 9077
[DEBUG] Calling getNormalsOnSurface...
[DEBUG] Input cloud size: 9077
[DEBUG getNormalsOnSurface] Starting function. Input points: 9077
[DEBUG getNormalsOnSurface] Creating Eigen matrix...
[DEBUG getNormalsOnSurface] Writing matrix to XYZ file...
[DEBUG getNormalsOnSurface] Reading XYZ file: fileForNormalEst_Sampled.xyz
[DEBUG getNormalsOnSurface] XYZ file read successfully. Points loaded: 9077
[ADAPTIVE CGAL] Using 9 neighbors for 9077 points (density-aware)
[DEBUG getNormalsOnSurface] PCA normal estimation complete.
[DEBUG getNormalsOnSurface] Orienting normals with MST...
[DEBUG getNormalsOnSurface] MST orientation complete.
[DEBUG getNormalsOnSurface] Erased unoriented points. Remaining: 9077
[DEBUG getNormalsOnSurface] Computing curvature for 9077 points...
[ADAPTIVE CURVATURE] Using K=30 for 9077 points
[DEBUG getNormalsOnSurface] Curvature computation complete.
[DEBUG getNormalsOnSurface] Saving PLY in ASCII mode...
[DEBUG] getNormalsOnSurface completed successfully. Result points: 9077
[DEBUG] Extracting normals from sampled cloud...

Total points: 9077
Number of clusters is equal to 5
Points in 
Cluster 1 : 2338
Cluster 2 : 2152
Cluster 3 : 920
Cluster 4 : 113
Cluster 5 : 83
Points in two clusters / Total Points in Pointcloud: 49.47%
Points in two clusters / Total Points in all clusters: 80.09%
Calling mergeClusters function.
mergeClusters function called.
Sampled indices: 180 2092 1839 47 1036 1847 1679 1968 146 1981 1512 1378 1038 233 39 2247 71 424 1021 843 158 685 744 710 797 76 394 1328 1369 919 
Normals flipped: true
  loading cloudForSpline.pcd
  2338 points in data set
  surface fitting ...
  loading cloudForSpline.pcd
  2152 points in data set
  surface fitting ...
[DEBUG] Saving surface cluster PLY files in ASCII mode...
[ADAPTIVE CLUSTER 1] N=3471, min=10, max=10413
PointCloud representing the Cluster: 3471 data points.
[ADAPTIVE BOUNDARY] Cluster 0 has 3471 points, spacing≈16.97mm, boundary_r=15mm
Successfully found 5 clusters after 1 iterations.
Ply to XYZ start

Time after processing: 7.172 seconds
Copied Point file: Pot_A_Piece_09_Point.pcd
Copied Mesh file: Pot_A_Piece_09_Mesh.obj

Selected file: Dataset/Point/Pot_A/Pot_A_Piece_09_Point.pcd
[DEBUG getNormalsOnSurface] Starting function. Input points: 8055
[DEBUG getNormalsOnSurface] Creating Eigen matrix...
[DEBUG getNormalsOnSurface] Writing matrix to XYZ file...
[DEBUG getNormalsOnSurface] Reading XYZ file: fileForNormalEst_Sampled.xyz
[DEBUG getNormalsOnSurface] XYZ file read successfully. Points loaded: 8055
[ADAPTIVE CGAL] Using 8 neighbors for 8055 points (density-aware)
[DEBUG getNormalsOnSurface] PCA normal estimation complete.
[DEBUG getNormalsOnSurface] Orienting normals with MST...
[DEBUG getNormalsOnSurface] MST orientation complete.
[DEBUG getNormalsOnSurface] Erased unoriented points. Remaining: 8055
[DEBUG getNormalsOnSurface] Computing curvature for 8055 points...
[ADAPTIVE CURVATURE] Using K=26 for 8055 points
[DEBUG getNormalsOnSurface] Curvature computation complete.
[DEBUG getNormalsOnSurface] Saving PLY in ASCII mode...
[DEBUG downsamplePointCloud] Saving PLY in ASCII mode to avoid camera data issues...
Starting processing on: Dataset/Point/Pot_A/Pot_A_Piece_09_Point.pcd
Starting surface segmentation on: Temp/Data/Pot_A/Pot_A_Piece_09_SampledWithNormals.ply
[DEBUG] Loading PLY file: Temp/Data/Pot_A/Pot_A_Piece_09_SampledWithNormals.ply
[DEBUG] PLY file loaded successfully. Points: 8055
[DEBUG] Converting PointNormal to PointXYZ...
[DEBUG] Conversion complete. Cloud size: 8055
[DEBUG] Calling getNormalsOnSurface...
[DEBUG] Input cloud size: 8055
[DEBUG getNormalsOnSurface] Starting function. Input points: 8055
[DEBUG getNormalsOnSurface] Creating Eigen matrix...
[DEBUG getNormalsOnSurface] Writing matrix to XYZ file...
[DEBUG getNormalsOnSurface] Reading XYZ file: fileForNormalEst_Sampled.xyz
[DEBUG getNormalsOnSurface] XYZ file read successfully. Points loaded: 8055
[ADAPTIVE CGAL] Using 8 neighbors for 8055 points (density-aware)
[DEBUG getNormalsOnSurface] PCA normal estimation complete.
[DEBUG getNormalsOnSurface] Orienting normals with MST...
[DEBUG getNormalsOnSurface] MST orientation complete.
[DEBUG getNormalsOnSurface] Erased unoriented points. Remaining: 8055
[DEBUG getNormalsOnSurface] Computing curvature for 8055 points...
[ADAPTIVE CURVATURE] Using K=26 for 8055 points
[DEBUG getNormalsOnSurface] Curvature computation complete.
[DEBUG getNormalsOnSurface] Saving PLY in ASCII mode...
[DEBUG] getNormalsOnSurface completed successfully. Result points: 8055
[DEBUG] Extracting normals from sampled cloud...

Total points: 8055
Number of clusters is equal to 6
Points in 
Cluster 1 : 2622
Cluster 2 : 2513
Cluster 3 : 73
Cluster 4 : 54
Cluster 5 : 50
Cluster 6 : 50
Points in two clusters / Total Points in Pointcloud: 63.75%
Points in two clusters / Total Points in all clusters: 95.77%
Calling mergeClusters function.
mergeClusters function called.
Condition 1 (closest point pairs) passed for clusters 1 and 4
Condition 2 (normal vector similarity) passed for clusters 1 and 4
Condition 3 (boundary curvature similarity) passed for clusters 1 and 4
Verification failed (innerPoint selection) for clusters 1 and 4
Sampled indices: 226 260 674 43 1209 1036 1587 164 1340 1964 461 1297 958 1981 2272 1378 1038 544 305 111 1783 2476 1409 30 1583 14 501 2164 1461 1004 
Normals flipped: true
  loading cloudForSpline.pcd
  2622 points in data set
  surface fitting ...
  loading cloudForSpline.pcd
  2513 points in data set
  surface fitting ...
[DEBUG] Saving surface cluster PLY files in ASCII mode...
[ADAPTIVE CLUSTER 1] N=2693, min=10, max=8079
PointCloud representing the Cluster: 2693 data points.
[ADAPTIVE BOUNDARY] Cluster 0 has 2693 points, spacing≈19.27mm, boundary_r=15mm
Successfully found 6 clusters after 1 iterations.
Ply to XYZ start

Time after processing: 5.232 seconds
Copied Point file: Pot_A_Piece_10_Point.pcd
Copied Mesh file: Pot_A_Piece_10_Mesh.obj

Selected file: Dataset/Point/Pot_A/Pot_A_Piece_10_Point.pcd
[DEBUG getNormalsOnSurface] Starting function. Input points: 8007
[DEBUG getNormalsOnSurface] Creating Eigen matrix...
[DEBUG getNormalsOnSurface] Writing matrix to XYZ file...
[DEBUG getNormalsOnSurface] Reading XYZ file: fileForNormalEst_Sampled.xyz
[DEBUG getNormalsOnSurface] XYZ file read successfully. Points loaded: 8007
[ADAPTIVE CGAL] Using 8 neighbors for 8007 points (density-aware)
[DEBUG getNormalsOnSurface] PCA normal estimation complete.
[DEBUG getNormalsOnSurface] Orienting normals with MST...
[DEBUG getNormalsOnSurface] MST orientation complete.
[DEBUG getNormalsOnSurface] Erased unoriented points. Remaining: 8007
[DEBUG getNormalsOnSurface] Computing curvature for 8007 points...
[ADAPTIVE CURVATURE] Using K=26 for 8007 points
[DEBUG getNormalsOnSurface] Curvature computation complete.
[DEBUG getNormalsOnSurface] Saving PLY in ASCII mode...
[DEBUG downsamplePointCloud] Saving PLY in ASCII mode to avoid camera data issues...
Starting processing on: Dataset/Point/Pot_A/Pot_A_Piece_10_Point.pcd
Starting surface segmentation on: Temp/Data/Pot_A/Pot_A_Piece_10_SampledWithNormals.ply
[DEBUG] Loading PLY file: Temp/Data/Pot_A/Pot_A_Piece_10_SampledWithNormals.ply
[DEBUG] PLY file loaded successfully. Points: 8007
[DEBUG] Converting PointNormal to PointXYZ...
[DEBUG] Conversion complete. Cloud size: 8007
[DEBUG] Calling getNormalsOnSurface...
[DEBUG] Input cloud size: 8007
[DEBUG getNormalsOnSurface] Starting function. Input points: 8007
[DEBUG getNormalsOnSurface] Creating Eigen matrix...
[DEBUG getNormalsOnSurface] Writing matrix to XYZ file...
[DEBUG getNormalsOnSurface] Reading XYZ file: fileForNormalEst_Sampled.xyz
[DEBUG getNormalsOnSurface] XYZ file read successfully. Points loaded: 8007
[ADAPTIVE CGAL] Using 8 neighbors for 8007 points (density-aware)
[DEBUG getNormalsOnSurface] PCA normal estimation complete.
[DEBUG getNormalsOnSurface] Orienting normals with MST...
[DEBUG getNormalsOnSurface] MST orientation complete.
[DEBUG getNormalsOnSurface] Erased unoriented points. Remaining: 8007
[DEBUG getNormalsOnSurface] Computing curvature for 8007 points...
[ADAPTIVE CURVATURE] Using K=26 for 8007 points
[DEBUG getNormalsOnSurface] Curvature computation complete.
[DEBUG getNormalsOnSurface] Saving PLY in ASCII mode...
[DEBUG] getNormalsOnSurface completed successfully. Result points: 8007
[DEBUG] Extracting normals from sampled cloud...

Total points: 8007
Number of clusters is equal to 6
Points in 
Cluster 1 : 2591
Cluster 2 : 2459
Cluster 3 : 90
Cluster 4 : 66
Cluster 5 : 52
Cluster 6 : 51
Points in two clusters / Total Points in Pointcloud: 63.07%
Points in two clusters / Total Points in all clusters: 95.12%
Calling mergeClusters function.
mergeClusters function called.
Sampled indices: 960 437 2363 907 2016 1940 575 2291 759 776 339 1560 2248 1911 2033 1703 1769 1100 2351 1894 1488 2419 793 387 2114 775 422 1457 1569 2112 
Normals flipped: true
  loading cloudForSpline.pcd
  2591 points in data set
  surface fitting ...
  loading cloudForSpline.pcd
  2459 points in data set
  surface fitting ...
[DEBUG] Saving surface cluster PLY files in ASCII mode...
[ADAPTIVE CLUSTER 1] N=2698, min=10, max=8094
PointCloud representing the Cluster: 2698 data points.
[ADAPTIVE BOUNDARY] Cluster 0 has 2698 points, spacing≈19.25mm, boundary_r=15mm
Successfully found 6 clusters after 1 iterations.
Ply to XYZ start

Time after processing: 5.23 seconds
Copied Point file: Pot_A_Piece_11_Point.pcd
Copied Mesh file: Pot_A_Piece_11_Mesh.obj

Selected file: Dataset/Point/Pot_A/Pot_A_Piece_11_Point.pcd
[DEBUG getNormalsOnSurface] Starting function. Input points: 6381
[DEBUG getNormalsOnSurface] Creating Eigen matrix...
[DEBUG getNormalsOnSurface] Writing matrix to XYZ file...
[DEBUG getNormalsOnSurface] Reading XYZ file: fileForNormalEst_Sampled.xyz
[DEBUG getNormalsOnSurface] XYZ file read successfully. Points loaded: 6381
[ADAPTIVE CGAL] Using 6 neighbors for 6381 points (density-aware)
[DEBUG getNormalsOnSurface] PCA normal estimation complete.
[DEBUG getNormalsOnSurface] Orienting normals with MST...
[DEBUG getNormalsOnSurface] MST orientation complete.
[DEBUG getNormalsOnSurface] Erased unoriented points. Remaining: 6381
[DEBUG getNormalsOnSurface] Computing curvature for 6381 points...
[ADAPTIVE CURVATURE] Using K=21 for 6381 points
[DEBUG getNormalsOnSurface] Curvature computation complete.
[DEBUG getNormalsOnSurface] Saving PLY in ASCII mode...
[DEBUG downsamplePointCloud] Saving PLY in ASCII mode to avoid camera data issues...
Starting processing on: Dataset/Point/Pot_A/Pot_A_Piece_11_Point.pcd
Starting surface segmentation on: Temp/Data/Pot_A/Pot_A_Piece_11_SampledWithNormals.ply
[DEBUG] Loading PLY file: Temp/Data/Pot_A/Pot_A_Piece_11_SampledWithNormals.ply
[DEBUG] PLY file loaded successfully. Points: 6381
[DEBUG] Converting PointNormal to PointXYZ...
[DEBUG] Conversion complete. Cloud size: 6381
[DEBUG] Calling getNormalsOnSurface...
[DEBUG] Input cloud size: 6381
[DEBUG getNormalsOnSurface] Starting function. Input points: 6381
[DEBUG getNormalsOnSurface] Creating Eigen matrix...
[DEBUG getNormalsOnSurface] Writing matrix to XYZ file...
[DEBUG getNormalsOnSurface] Reading XYZ file: fileForNormalEst_Sampled.xyz
[DEBUG getNormalsOnSurface] XYZ file read successfully. Points loaded: 6381
[ADAPTIVE CGAL] Using 6 neighbors for 6381 points (density-aware)
[DEBUG getNormalsOnSurface] PCA normal estimation complete.
[DEBUG getNormalsOnSurface] Orienting normals with MST...
[DEBUG getNormalsOnSurface] MST orientation complete.
[DEBUG getNormalsOnSurface] Erased unoriented points. Remaining: 6381
[DEBUG getNormalsOnSurface] Computing curvature for 6381 points...
[ADAPTIVE CURVATURE] Using K=21 for 6381 points
[DEBUG getNormalsOnSurface] Curvature computation complete.
[DEBUG getNormalsOnSurface] Saving PLY in ASCII mode...
[DEBUG] getNormalsOnSurface completed successfully. Result points: 6381
[DEBUG] Extracting normals from sampled cloud...

Total points: 6381
Number of clusters is equal to 3
Points in 
Cluster 1 : 1791
Cluster 2 : 1546
Cluster 3 : 80
Points in two clusters / Total Points in Pointcloud: 52.3%
Points in two clusters / Total Points in all clusters: 97.66%
Calling mergeClusters function.
mergeClusters function called.
Sampled indices: 899 876 932 1475 1339 1430 562 1537 806 345 926 674 958 1610 1748 509 1595 376 824 1403 1351 1398 870 763 1165 550 1202 1336 1744 1677 
Normals flipped: true
  loading cloudForSpline.pcd
  1791 points in data set
  surface fitting ...
  loading cloudForSpline.pcd
  1546 points in data set
  surface fitting ...
[DEBUG] Saving surface cluster PLY files in ASCII mode...
[ADAPTIVE CLUSTER 1] N=2964, min=10, max=8892
PointCloud representing the Cluster: 2964 data points.
[ADAPTIVE BOUNDARY] Cluster 0 has 2964 points, spacing≈18.37mm, boundary_r=15mm
Successfully found 3 clusters after 1 iterations.
Ply to XYZ start

Time after processing: 5.465 seconds
Copied Point file: Pot_A_Piece_12_Point.pcd
Copied Mesh file: Pot_A_Piece_12_Mesh.obj

Selected file: Dataset/Point/Pot_A/Pot_A_Piece_12_Point.pcd
[DEBUG getNormalsOnSurface] Starting function. Input points: 8068
[DEBUG getNormalsOnSurface] Creating Eigen matrix...
[DEBUG getNormalsOnSurface] Writing matrix to XYZ file...
[DEBUG getNormalsOnSurface] Reading XYZ file: fileForNormalEst_Sampled.xyz
[DEBUG getNormalsOnSurface] XYZ file read successfully. Points loaded: 8068
[ADAPTIVE CGAL] Using 8 neighbors for 8068 points (density-aware)
[DEBUG getNormalsOnSurface] PCA normal estimation complete.
[DEBUG getNormalsOnSurface] Orienting normals with MST...
[DEBUG getNormalsOnSurface] MST orientation complete.
[DEBUG getNormalsOnSurface] Erased unoriented points. Remaining: 8068
[DEBUG getNormalsOnSurface] Computing curvature for 8068 points...
[ADAPTIVE CURVATURE] Using K=26 for 8068 points
[DEBUG getNormalsOnSurface] Curvature computation complete.
[DEBUG getNormalsOnSurface] Saving PLY in ASCII mode...
[DEBUG downsamplePointCloud] Saving PLY in ASCII mode to avoid camera data issues...
Starting processing on: Dataset/Point/Pot_A/Pot_A_Piece_12_Point.pcd
Starting surface segmentation on: Temp/Data/Pot_A/Pot_A_Piece_12_SampledWithNormals.ply
[DEBUG] Loading PLY file: Temp/Data/Pot_A/Pot_A_Piece_12_SampledWithNormals.ply
[DEBUG] PLY file loaded successfully. Points: 8068
[DEBUG] Converting PointNormal to PointXYZ...
[DEBUG] Conversion complete. Cloud size: 8068
[DEBUG] Calling getNormalsOnSurface...
[DEBUG] Input cloud size: 8068
[DEBUG getNormalsOnSurface] Starting function. Input points: 8068
[DEBUG getNormalsOnSurface] Creating Eigen matrix...
[DEBUG getNormalsOnSurface] Writing matrix to XYZ file...
[DEBUG getNormalsOnSurface] Reading XYZ file: fileForNormalEst_Sampled.xyz
[DEBUG getNormalsOnSurface] XYZ file read successfully. Points loaded: 8068
[ADAPTIVE CGAL] Using 8 neighbors for 8068 points (density-aware)
[DEBUG getNormalsOnSurface] PCA normal estimation complete.
[DEBUG getNormalsOnSurface] Orienting normals with MST...
[DEBUG getNormalsOnSurface] MST orientation complete.
[DEBUG getNormalsOnSurface] Erased unoriented points. Remaining: 8068
[DEBUG getNormalsOnSurface] Computing curvature for 8068 points...
[ADAPTIVE CURVATURE] Using K=26 for 8068 points
[DEBUG getNormalsOnSurface] Curvature computation complete.
[DEBUG getNormalsOnSurface] Saving PLY in ASCII mode...
[DEBUG] getNormalsOnSurface completed successfully. Result points: 8068
[DEBUG] Extracting normals from sampled cloud...

Total points: 8068
Number of clusters is equal to 4
Points in 
Cluster 1 : 2904
Cluster 2 : 2745
Cluster 3 : 53
Cluster 4 : 51
Points in two clusters / Total Points in Pointcloud: 70.02%
Points in two clusters / Total Points in all clusters: 98.19%
Calling mergeClusters function.
mergeClusters function called.
Sampled indices: 723 1427 1644 1493 2770 768 333 2056 2824 2510 1489 1851 41 2144 1502 477 893 2722 1671 1140 1429 1064 2894 656 1062 878 39 1389 423 1175 
Normals flipped: true
  loading cloudForSpline.pcd
  2904 points in data set
  surface fitting ...
  loading cloudForSpline.pcd
  2745 points in data set
  surface fitting ...
[DEBUG] Saving surface cluster PLY files in ASCII mode...
[ADAPTIVE CLUSTER 1] N=2315, min=10, max=6945
PointCloud representing the Cluster: 2315 data points.
[ADAPTIVE BOUNDARY] Cluster 0 has 2315 points, spacing≈20.78mm, boundary_r=15mm
Successfully found 4 clusters after 1 iterations.
Ply to XYZ start

Time after processing: 4.41 seconds
Copied Point file: Pot_A_Piece_13_Point.pcd
Copied Mesh file: Pot_A_Piece_13_Mesh.obj

Selected file: Dataset/Point/Pot_A/Pot_A_Piece_13_Point.pcd
[DEBUG getNormalsOnSurface] Starting function. Input points: 11216
[DEBUG getNormalsOnSurface] Creating Eigen matrix...
[DEBUG getNormalsOnSurface] Writing matrix to XYZ file...
[DEBUG getNormalsOnSurface] Reading XYZ file: fileForNormalEst_Sampled.xyz
[DEBUG getNormalsOnSurface] XYZ file read successfully. Points loaded: 11216
[ADAPTIVE CGAL] Using 11 neighbors for 11216 points (density-aware)
[DEBUG getNormalsOnSurface] PCA normal estimation complete.
[DEBUG getNormalsOnSurface] Orienting normals with MST...
[DEBUG getNormalsOnSurface] MST orientation complete.
[DEBUG getNormalsOnSurface] Erased unoriented points. Remaining: 11216
[DEBUG getNormalsOnSurface] Computing curvature for 11216 points...
[ADAPTIVE CURVATURE] Using K=37 for 11216 points
[DEBUG getNormalsOnSurface] Curvature computation complete.
[DEBUG getNormalsOnSurface] Saving PLY in ASCII mode...
[DEBUG downsamplePointCloud] Saving PLY in ASCII mode to avoid camera data issues...
Starting processing on: Dataset/Point/Pot_A/Pot_A_Piece_13_Point.pcd
Starting surface segmentation on: Temp/Data/Pot_A/Pot_A_Piece_13_SampledWithNormals.ply
[DEBUG] Loading PLY file: Temp/Data/Pot_A/Pot_A_Piece_13_SampledWithNormals.ply
[DEBUG] PLY file loaded successfully. Points: 11216
[DEBUG] Converting PointNormal to PointXYZ...
[DEBUG] Conversion complete. Cloud size: 11216
[DEBUG] Calling getNormalsOnSurface...
[DEBUG] Input cloud size: 11216
[DEBUG getNormalsOnSurface] Starting function. Input points: 11216
[DEBUG getNormalsOnSurface] Creating Eigen matrix...
[DEBUG getNormalsOnSurface] Writing matrix to XYZ file...
[DEBUG getNormalsOnSurface] Reading XYZ file: fileForNormalEst_Sampled.xyz
[DEBUG getNormalsOnSurface] XYZ file read successfully. Points loaded: 11216
[ADAPTIVE CGAL] Using 11 neighbors for 11216 points (density-aware)
[DEBUG getNormalsOnSurface] PCA normal estimation complete.
[DEBUG getNormalsOnSurface] Orienting normals with MST...
[DEBUG getNormalsOnSurface] MST orientation complete.
[DEBUG getNormalsOnSurface] Erased unoriented points. Remaining: 11216
[DEBUG getNormalsOnSurface] Computing curvature for 11216 points...
[ADAPTIVE CURVATURE] Using K=37 for 11216 points
[DEBUG getNormalsOnSurface] Curvature computation complete.
[DEBUG getNormalsOnSurface] Saving PLY in ASCII mode...
[DEBUG] getNormalsOnSurface completed successfully. Result points: 11216
[DEBUG] Extracting normals from sampled cloud...

Total points: 11216
Number of clusters is equal to 6
Points in 
Cluster 1 : 4273
Cluster 2 : 4163
Cluster 3 : 88
Cluster 4 : 60
Cluster 5 : 60
Cluster 6 : 50
Points in two clusters / Total Points in Pointcloud: 75.21%
Points in two clusters / Total Points in all clusters: 97.03%
Calling mergeClusters function.
mergeClusters function called.
Sampled indices: 217 777 2 555 1121 4073 4173 954 1879 50 1214 3628 902 1329 2657 1531 1112 4227 1700 2318 3946 4003 403 2693 3833 1601 1530 2206 423 3267 
Normals flipped: true
  loading cloudForSpline.pcd
  4273 points in data set
  surface fitting ...
  loading cloudForSpline.pcd
  4163 points in data set
  surface fitting ...
[DEBUG] Saving surface cluster PLY files in ASCII mode...
[ADAPTIVE CLUSTER 1] N=2522, min=10, max=7566
PointCloud representing the Cluster: 2522 data points.
[ADAPTIVE BOUNDARY] Cluster 0 has 2522 points, spacing≈19.91mm, boundary_r=15mm
Successfully found 6 clusters after 1 iterations.
Ply to XYZ start

Time after processing: 6.413 seconds
Copied Point file: Pot_A_Piece_14_Point.pcd
Copied Mesh file: Pot_A_Piece_14_Mesh.obj

Selected file: Dataset/Point/Pot_A/Pot_A_Piece_14_Point.pcd
[DEBUG getNormalsOnSurface] Starting function. Input points: 1615
[DEBUG getNormalsOnSurface] Creating Eigen matrix...
[DEBUG getNormalsOnSurface] Writing matrix to XYZ file...
[DEBUG getNormalsOnSurface] Reading XYZ file: fileForNormalEst_Sampled.xyz
[DEBUG getNormalsOnSurface] XYZ file read successfully. Points loaded: 1615
[ADAPTIVE CGAL] Using 5 neighbors for 1615 points (density-aware)
[DEBUG getNormalsOnSurface] PCA normal estimation complete.
[DEBUG getNormalsOnSurface] Orienting normals with MST...
[DEBUG getNormalsOnSurface] MST orientation complete.
[DEBUG getNormalsOnSurface] Erased unoriented points. Remaining: 1615
[DEBUG getNormalsOnSurface] Computing curvature for 1615 points...
[ADAPTIVE CURVATURE] Using K=10 for 1615 points
[DEBUG getNormalsOnSurface] Curvature computation complete.
[DEBUG getNormalsOnSurface] Saving PLY in ASCII mode...
[DEBUG downsamplePointCloud] Saving PLY in ASCII mode to avoid camera data issues...
Starting processing on: Dataset/Point/Pot_A/Pot_A_Piece_14_Point.pcd
Starting surface segmentation on: Temp/Data/Pot_A/Pot_A_Piece_14_SampledWithNormals.ply
[DEBUG] Loading PLY file: Temp/Data/Pot_A/Pot_A_Piece_14_SampledWithNormals.ply
[DEBUG] PLY file loaded successfully. Points: 1615
[DEBUG] Converting PointNormal to PointXYZ...
[DEBUG] Conversion complete. Cloud size: 1615
[DEBUG] Calling getNormalsOnSurface...
[DEBUG] Input cloud size: 1615
[DEBUG getNormalsOnSurface] Starting function. Input points: 1615
[DEBUG getNormalsOnSurface] Creating Eigen matrix...
[DEBUG getNormalsOnSurface] Writing matrix to XYZ file...
[DEBUG getNormalsOnSurface] Reading XYZ file: fileForNormalEst_Sampled.xyz
[DEBUG getNormalsOnSurface] XYZ file read successfully. Points loaded: 1615
[ADAPTIVE CGAL] Using 5 neighbors for 1615 points (density-aware)
[DEBUG getNormalsOnSurface] PCA normal estimation complete.
[DEBUG getNormalsOnSurface] Orienting normals with MST...
[DEBUG getNormalsOnSurface] MST orientation complete.
[DEBUG getNormalsOnSurface] Erased unoriented points. Remaining: 1615
[DEBUG getNormalsOnSurface] Computing curvature for 1615 points...
[ADAPTIVE CURVATURE] Using K=10 for 1615 points
[DEBUG getNormalsOnSurface] Curvature computation complete.
[DEBUG getNormalsOnSurface] Saving PLY in ASCII mode...
[DEBUG] getNormalsOnSurface completed successfully. Result points: 1615
[DEBUG] Extracting normals from sampled cloud...

Total points: 1615
Number of clusters is equal to 2
Points in 
Cluster 1 : 326
Cluster 2 : 296
Points in two clusters / Total Points in Pointcloud: 38.51%
Points in two clusters / Total Points in all clusters: 100%
Calling mergeClusters function.
mergeClusters function called.
Sampled indices: 226 253 209 71 98 218 187 198 203 122 114 161 202 81 239 152 18 289 51 192 207 50 95 174 242 189 181 85 48 74 
Normals flipped: true
  loading cloudForSpline.pcd
  326 points in data set
  surface fitting ...
  loading cloudForSpline.pcd
  296 points in data set
  surface fitting ...
[DEBUG] Saving surface cluster PLY files in ASCII mode...
[ADAPTIVE CLUSTER 1] N=993, min=10, max=2979
PointCloud representing the Cluster: 993 data points.
[ADAPTIVE BOUNDARY] Cluster 0 has 993 points, spacing≈31.73mm, boundary_r=15mm
Successfully found 2 clusters after 1 iterations.
Ply to XYZ start

Time after processing: 1.28 seconds
Copied Point file: Pot_A_Piece_15_Point.pcd
Copied Mesh file: Pot_A_Piece_15_Mesh.obj

Selected file: Dataset/Point/Pot_A/Pot_A_Piece_15_Point.pcd
[DEBUG getNormalsOnSurface] Starting function. Input points: 9568
[DEBUG getNormalsOnSurface] Creating Eigen matrix...
[DEBUG getNormalsOnSurface] Writing matrix to XYZ file...
[DEBUG getNormalsOnSurface] Reading XYZ file: fileForNormalEst_Sampled.xyz
[DEBUG getNormalsOnSurface] XYZ file read successfully. Points loaded: 9568
[ADAPTIVE CGAL] Using 9 neighbors for 9568 points (density-aware)
[DEBUG getNormalsOnSurface] PCA normal estimation complete.
[DEBUG getNormalsOnSurface] Orienting normals with MST...
[DEBUG getNormalsOnSurface] MST orientation complete.
[DEBUG getNormalsOnSurface] Erased unoriented points. Remaining: 9568
[DEBUG getNormalsOnSurface] Computing curvature for 9568 points...
[ADAPTIVE CURVATURE] Using K=31 for 9568 points
[DEBUG getNormalsOnSurface] Curvature computation complete.
[DEBUG getNormalsOnSurface] Saving PLY in ASCII mode...
[DEBUG downsamplePointCloud] Saving PLY in ASCII mode to avoid camera data issues...
Starting processing on: Dataset/Point/Pot_A/Pot_A_Piece_15_Point.pcd
Starting surface segmentation on: Temp/Data/Pot_A/Pot_A_Piece_15_SampledWithNormals.ply
[DEBUG] Loading PLY file: Temp/Data/Pot_A/Pot_A_Piece_15_SampledWithNormals.ply
[DEBUG] PLY file loaded successfully. Points: 9568
[DEBUG] Converting PointNormal to PointXYZ...
[DEBUG] Conversion complete. Cloud size: 9568
[DEBUG] Calling getNormalsOnSurface...
[DEBUG] Input cloud size: 9568
[DEBUG getNormalsOnSurface] Starting function. Input points: 9568
[DEBUG getNormalsOnSurface] Creating Eigen matrix...
[DEBUG getNormalsOnSurface] Writing matrix to XYZ file...
[DEBUG getNormalsOnSurface] Reading XYZ file: fileForNormalEst_Sampled.xyz
[DEBUG getNormalsOnSurface] XYZ file read successfully. Points loaded: 9568
[ADAPTIVE CGAL] Using 9 neighbors for 9568 points (density-aware)
[DEBUG getNormalsOnSurface] PCA normal estimation complete.
[DEBUG getNormalsOnSurface] Orienting normals with MST...
[DEBUG getNormalsOnSurface] MST orientation complete.
[DEBUG getNormalsOnSurface] Erased unoriented points. Remaining: 9568
[DEBUG getNormalsOnSurface] Computing curvature for 9568 points...
[ADAPTIVE CURVATURE] Using K=31 for 9568 points
[DEBUG getNormalsOnSurface] Curvature computation complete.
[DEBUG getNormalsOnSurface] Saving PLY in ASCII mode...
[DEBUG] getNormalsOnSurface completed successfully. Result points: 9568
[DEBUG] Extracting normals from sampled cloud...

Total points: 9568
Number of clusters is equal to 5
Points in 
Cluster 1 : 3743
Cluster 2 : 3068
Cluster 3 : 158
Cluster 4 : 57
Cluster 5 : 50
Points in two clusters / Total Points in Pointcloud: 71.19%
Points in two clusters / Total Points in all clusters: 96.25%
Calling mergeClusters function.
mergeClusters function called.
Sampled indices: 2522 1909 1813 1433 2894 2741 663 377 6 1602 2034 2506 1356 2292 1105 383 2990 2985 2823 2481 1556 2778 1191 1192 974 3416 2456 56 462 2198 
Normals flipped: true
  loading cloudForSpline.pcd
  3743 points in data set
  surface fitting ...
  loading cloudForSpline.pcd
  3068 points in data set
  surface fitting ...
[DEBUG] Saving surface cluster PLY files in ASCII mode...
[ADAPTIVE CLUSTER 1] N=2492, min=10, max=7476
PointCloud representing the Cluster: 2492 data points.
[ADAPTIVE BOUNDARY] Cluster 0 has 2492 points, spacing≈20.03mm, boundary_r=15mm
Successfully found 5 clusters after 1 iterations.
Ply to XYZ start

Time after processing: 5.604 seconds
Copied Point file: Pot_A_Piece_16_Point.pcd
Copied Mesh file: Pot_A_Piece_16_Mesh.obj

Selected file: Dataset/Point/Pot_A/Pot_A_Piece_16_Point.pcd
[DEBUG getNormalsOnSurface] Starting function. Input points: 4713
[DEBUG getNormalsOnSurface] Creating Eigen matrix...
[DEBUG getNormalsOnSurface] Writing matrix to XYZ file...
[DEBUG getNormalsOnSurface] Reading XYZ file: fileForNormalEst_Sampled.xyz
[DEBUG getNormalsOnSurface] XYZ file read successfully. Points loaded: 4713
[ADAPTIVE CGAL] Using 5 neighbors for 4713 points (density-aware)
[DEBUG getNormalsOnSurface] PCA normal estimation complete.
[DEBUG getNormalsOnSurface] Orienting normals with MST...
[DEBUG getNormalsOnSurface] MST orientation complete.
[DEBUG getNormalsOnSurface] Erased unoriented points. Remaining: 4712
[DEBUG getNormalsOnSurface] Computing curvature for 4712 points...
[ADAPTIVE CURVATURE] Using K=15 for 4712 points
[DEBUG getNormalsOnSurface] Curvature computation complete.
[DEBUG getNormalsOnSurface] Saving PLY in ASCII mode...
[DEBUG downsamplePointCloud] Saving PLY in ASCII mode to avoid camera data issues...
Starting processing on: Dataset/Point/Pot_A/Pot_A_Piece_16_Point.pcd
Starting surface segmentation on: Temp/Data/Pot_A/Pot_A_Piece_16_SampledWithNormals.ply
[DEBUG] Loading PLY file: Temp/Data/Pot_A/Pot_A_Piece_16_SampledWithNormals.ply
[DEBUG] PLY file loaded successfully. Points: 4712
[DEBUG] Converting PointNormal to PointXYZ...
[DEBUG] Conversion complete. Cloud size: 4712
[DEBUG] Calling getNormalsOnSurface...
[DEBUG] Input cloud size: 4712
[DEBUG getNormalsOnSurface] Starting function. Input points: 4712
[DEBUG getNormalsOnSurface] Creating Eigen matrix...
[DEBUG getNormalsOnSurface] Writing matrix to XYZ file...
[DEBUG getNormalsOnSurface] Reading XYZ file: fileForNormalEst_Sampled.xyz
[DEBUG getNormalsOnSurface] XYZ file read successfully. Points loaded: 4712
[ADAPTIVE CGAL] Using 5 neighbors for 4712 points (density-aware)
[DEBUG getNormalsOnSurface] PCA normal estimation complete.
[DEBUG getNormalsOnSurface] Orienting normals with MST...
[DEBUG getNormalsOnSurface] MST orientation complete.
[DEBUG getNormalsOnSurface] Erased unoriented points. Remaining: 4712
[DEBUG getNormalsOnSurface] Computing curvature for 4712 points...
[ADAPTIVE CURVATURE] Using K=15 for 4712 points
[DEBUG getNormalsOnSurface] Curvature computation complete.
[DEBUG getNormalsOnSurface] Saving PLY in ASCII mode...
[DEBUG] getNormalsOnSurface completed successfully. Result points: 4712
[DEBUG] Extracting normals from sampled cloud...

Total points: 4712
Number of clusters is equal to 2
Points in 
Cluster 1 : 1358
Cluster 2 : 1228
Points in two clusters / Total Points in Pointcloud: 54.88%
Points in two clusters / Total Points in all clusters: 100%
Calling mergeClusters function.
mergeClusters function called.
Sampled indices: 1114 919 76 66 351 885 317 849 1202 746 514 633 167 36 767 74 479 878 297 211 400 951 1344 819 462 278 1215 597 474 1299 
Normals flipped: true
  loading cloudForSpline.pcd
  1358 points in data set
  surface fitting ...
  loading cloudForSpline.pcd
  1228 points in data set
  surface fitting ...
[DEBUG] Saving surface cluster PLY files in ASCII mode...
[ADAPTIVE CLUSTER 1] N=2126, min=10, max=6378
PointCloud representing the Cluster: 2126 data points.
[ADAPTIVE BOUNDARY] Cluster 0 has 2126 points, spacing≈21.69mm, boundary_r=15mm
Successfully found 2 clusters after 1 iterations.
Ply to XYZ start

Time after processing: 3.39 seconds
Copied Point file: Pot_A_Piece_17_Point.pcd
Copied Mesh file: Pot_A_Piece_17_Mesh.obj

Selected file: Dataset/Point/Pot_A/Pot_A_Piece_17_Point.pcd
[DEBUG getNormalsOnSurface] Starting function. Input points: 6431
[DEBUG getNormalsOnSurface] Creating Eigen matrix...
[DEBUG getNormalsOnSurface] Writing matrix to XYZ file...
[DEBUG getNormalsOnSurface] Reading XYZ file: fileForNormalEst_Sampled.xyz
[DEBUG getNormalsOnSurface] XYZ file read successfully. Points loaded: 6431
[ADAPTIVE CGAL] Using 6 neighbors for 6431 points (density-aware)
[DEBUG getNormalsOnSurface] PCA normal estimation complete.
[DEBUG getNormalsOnSurface] Orienting normals with MST...
[DEBUG getNormalsOnSurface] MST orientation complete.
[DEBUG getNormalsOnSurface] Erased unoriented points. Remaining: 6431
[DEBUG getNormalsOnSurface] Computing curvature for 6431 points...
[ADAPTIVE CURVATURE] Using K=21 for 6431 points
[DEBUG getNormalsOnSurface] Curvature computation complete.
[DEBUG getNormalsOnSurface] Saving PLY in ASCII mode...
[DEBUG downsamplePointCloud] Saving PLY in ASCII mode to avoid camera data issues...
Starting processing on: Dataset/Point/Pot_A/Pot_A_Piece_17_Point.pcd
Starting surface segmentation on: Temp/Data/Pot_A/Pot_A_Piece_17_SampledWithNormals.ply
[DEBUG] Loading PLY file: Temp/Data/Pot_A/Pot_A_Piece_17_SampledWithNormals.ply
[DEBUG] PLY file loaded successfully. Points: 6431
[DEBUG] Converting PointNormal to PointXYZ...
[DEBUG] Conversion complete. Cloud size: 6431
[DEBUG] Calling getNormalsOnSurface...
[DEBUG] Input cloud size: 6431
[DEBUG getNormalsOnSurface] Starting function. Input points: 6431
[DEBUG getNormalsOnSurface] Creating Eigen matrix...
[DEBUG getNormalsOnSurface] Writing matrix to XYZ file...
[DEBUG getNormalsOnSurface] Reading XYZ file: fileForNormalEst_Sampled.xyz
[DEBUG getNormalsOnSurface] XYZ file read successfully. Points loaded: 6431
[ADAPTIVE CGAL] Using 6 neighbors for 6431 points (density-aware)
[DEBUG getNormalsOnSurface] PCA normal estimation complete.
[DEBUG getNormalsOnSurface] Orienting normals with MST...
[DEBUG getNormalsOnSurface] MST orientation complete.
[DEBUG getNormalsOnSurface] Erased unoriented points. Remaining: 6431
[DEBUG getNormalsOnSurface] Computing curvature for 6431 points...
[ADAPTIVE CURVATURE] Using K=21 for 6431 points
[DEBUG getNormalsOnSurface] Curvature computation complete.
[DEBUG getNormalsOnSurface] Saving PLY in ASCII mode...
[DEBUG] getNormalsOnSurface completed successfully. Result points: 6431
[DEBUG] Extracting normals from sampled cloud...

Total points: 6431
Number of clusters is equal to 2
Points in 
Cluster 1 : 2289
Cluster 2 : 2152
Points in two clusters / Total Points in Pointcloud: 69.06%
Points in two clusters / Total Points in all clusters: 100%
Calling mergeClusters function.
mergeClusters function called.
Sampled indices: 2281 1344 1576 933 2246 77 1941 1137 2066 1130 934 423 1610 2081 1302 724 1554 2096 1167 1565 961 1557 1493 670 1 2121 659 1900 1755 1995 
Normals flipped: true
  loading cloudForSpline.pcd
  2289 points in data set
  surface fitting ...
  loading cloudForSpline.pcd
  2152 points in data set
  surface fitting ...
[DEBUG] Saving surface cluster PLY files in ASCII mode...
[ADAPTIVE CLUSTER 1] N=1990, min=10, max=5970
PointCloud representing the Cluster: 1990 data points.
[ADAPTIVE BOUNDARY] Cluster 0 has 1990 points, spacing≈22.42mm, boundary_r=15mm
Successfully found 2 clusters after 1 iterations.
Ply to XYZ start

Time after processing: 3.398 seconds
Copied Point file: Pot_A_Piece_18_Point.pcd
Copied Mesh file: Pot_A_Piece_18_Mesh.obj

Selected file: Dataset/Point/Pot_A/Pot_A_Piece_18_Point.pcd
[DEBUG getNormalsOnSurface] Starting function. Input points: 11830
[DEBUG getNormalsOnSurface] Creating Eigen matrix...
[DEBUG getNormalsOnSurface] Writing matrix to XYZ file...
[DEBUG getNormalsOnSurface] Reading XYZ file: fileForNormalEst_Sampled.xyz
[DEBUG getNormalsOnSurface] XYZ file read successfully. Points loaded: 11830
[ADAPTIVE CGAL] Using 11 neighbors for 11830 points (density-aware)
[DEBUG getNormalsOnSurface] PCA normal estimation complete.
[DEBUG getNormalsOnSurface] Orienting normals with MST...
[DEBUG getNormalsOnSurface] MST orientation complete.
[DEBUG getNormalsOnSurface] Erased unoriented points. Remaining: 11830
[DEBUG getNormalsOnSurface] Computing curvature for 11830 points...
[ADAPTIVE CURVATURE] Using K=39 for 11830 points
[DEBUG getNormalsOnSurface] Curvature computation complete.
[DEBUG getNormalsOnSurface] Saving PLY in ASCII mode...
[DEBUG downsamplePointCloud] Saving PLY in ASCII mode to avoid camera data issues...
Starting processing on: Dataset/Point/Pot_A/Pot_A_Piece_18_Point.pcd
Starting surface segmentation on: Temp/Data/Pot_A/Pot_A_Piece_18_SampledWithNormals.ply
[DEBUG] Loading PLY file: Temp/Data/Pot_A/Pot_A_Piece_18_SampledWithNormals.ply
[DEBUG] PLY file loaded successfully. Points: 11830
[DEBUG] Converting PointNormal to PointXYZ...
[DEBUG] Conversion complete. Cloud size: 11830
[DEBUG] Calling getNormalsOnSurface...
[DEBUG] Input cloud size: 11830
[DEBUG getNormalsOnSurface] Starting function. Input points: 11830
[DEBUG getNormalsOnSurface] Creating Eigen matrix...
[DEBUG getNormalsOnSurface] Writing matrix to XYZ file...
[DEBUG getNormalsOnSurface] Reading XYZ file: fileForNormalEst_Sampled.xyz
[DEBUG getNormalsOnSurface] XYZ file read successfully. Points loaded: 11830
[ADAPTIVE CGAL] Using 11 neighbors for 11830 points (density-aware)
[DEBUG getNormalsOnSurface] PCA normal estimation complete.
[DEBUG getNormalsOnSurface] Orienting normals with MST...
[DEBUG getNormalsOnSurface] MST orientation complete.
[DEBUG getNormalsOnSurface] Erased unoriented points. Remaining: 11830
[DEBUG getNormalsOnSurface] Computing curvature for 11830 points...
[ADAPTIVE CURVATURE] Using K=39 for 11830 points
[DEBUG getNormalsOnSurface] Curvature computation complete.
[DEBUG getNormalsOnSurface] Saving PLY in ASCII mode...
[DEBUG] getNormalsOnSurface completed successfully. Result points: 11830
[DEBUG] Extracting normals from sampled cloud...

Total points: 11830
Number of clusters is equal to 3
Points in 
Cluster 1 : 4043
Cluster 2 : 3215
Cluster 3 : 1934
Points in two clusters / Total Points in Pointcloud: 61.35%
Points in two clusters / Total Points in all clusters: 78.96%
Calling mergeClusters function.
mergeClusters function called.
Sampled indices: 574 752 2093 4010 356 384 1825 3662 3369 2914 638 73 313 3546 879 1991 1052 206 396 2496 2717 2997 425 3838 1281 1576 2141 1936 3045 3484 
Normals flipped: true
  loading cloudForSpline.pcd
  4043 points in data set
  surface fitting ...
  loading cloudForSpline.pcd
  3215 points in data set
  surface fitting ...
[DEBUG] Saving surface cluster PLY files in ASCII mode...
[ADAPTIVE CLUSTER 1] N=2638, min=10, max=7914
PointCloud representing the Cluster: 2638 data points.
[ADAPTIVE BOUNDARY] Cluster 0 has 2638 points, spacing≈19.47mm, boundary_r=15mm
Successfully found 3 clusters after 1 iterations.
Ply to XYZ start

Time after processing: 6.771 seconds
Copied Point file: Pot_A_Piece_19_Point.pcd
Copied Mesh file: Pot_A_Piece_19_Mesh.obj

Selected file: Dataset/Point/Pot_A/Pot_A_Piece_19_Point.pcd
[DEBUG getNormalsOnSurface] Starting function. Input points: 8429
[DEBUG getNormalsOnSurface] Creating Eigen matrix...
[DEBUG getNormalsOnSurface] Writing matrix to XYZ file...
[DEBUG getNormalsOnSurface] Reading XYZ file: fileForNormalEst_Sampled.xyz
[DEBUG getNormalsOnSurface] XYZ file read successfully. Points loaded: 8429
[ADAPTIVE CGAL] Using 8 neighbors for 8429 points (density-aware)
[DEBUG getNormalsOnSurface] PCA normal estimation complete.
[DEBUG getNormalsOnSurface] Orienting normals with MST...
[DEBUG getNormalsOnSurface] MST orientation complete.
[DEBUG getNormalsOnSurface] Erased unoriented points. Remaining: 8429
[DEBUG getNormalsOnSurface] Computing curvature for 8429 points...
[ADAPTIVE CURVATURE] Using K=28 for 8429 points
[DEBUG getNormalsOnSurface] Curvature computation complete.
[DEBUG getNormalsOnSurface] Saving PLY in ASCII mode...
[DEBUG downsamplePointCloud] Saving PLY in ASCII mode to avoid camera data issues...
Starting processing on: Dataset/Point/Pot_A/Pot_A_Piece_19_Point.pcd
Starting surface segmentation on: Temp/Data/Pot_A/Pot_A_Piece_19_SampledWithNormals.ply
[DEBUG] Loading PLY file: Temp/Data/Pot_A/Pot_A_Piece_19_SampledWithNormals.ply
[DEBUG] PLY file loaded successfully. Points: 8429
[DEBUG] Converting PointNormal to PointXYZ...
[DEBUG] Conversion complete. Cloud size: 8429
[DEBUG] Calling getNormalsOnSurface...
[DEBUG] Input cloud size: 8429
[DEBUG getNormalsOnSurface] Starting function. Input points: 8429
[DEBUG getNormalsOnSurface] Creating Eigen matrix...
[DEBUG getNormalsOnSurface] Writing matrix to XYZ file...
[DEBUG getNormalsOnSurface] Reading XYZ file: fileForNormalEst_Sampled.xyz
[DEBUG getNormalsOnSurface] XYZ file read successfully. Points loaded: 8429
[ADAPTIVE CGAL] Using 8 neighbors for 8429 points (density-aware)
[DEBUG getNormalsOnSurface] PCA normal estimation complete.
[DEBUG getNormalsOnSurface] Orienting normals with MST...
[DEBUG getNormalsOnSurface] MST orientation complete.
[DEBUG getNormalsOnSurface] Erased unoriented points. Remaining: 8429
[DEBUG getNormalsOnSurface] Computing curvature for 8429 points...
[ADAPTIVE CURVATURE] Using K=28 for 8429 points
[DEBUG getNormalsOnSurface] Curvature computation complete.
[DEBUG getNormalsOnSurface] Saving PLY in ASCII mode...
[DEBUG] getNormalsOnSurface completed successfully. Result points: 8429
[DEBUG] Extracting normals from sampled cloud...

Total points: 8429
Number of clusters is equal to 2
Points in 
Cluster 1 : 3002
Cluster 2 : 2912
Points in two clusters / Total Points in Pointcloud: 70.16%
Points in two clusters / Total Points in all clusters: 100%
Calling mergeClusters function.
mergeClusters function called.
Sampled indices: 2987 2308 1667 191 2856 2896 1411 799 1321 1093 2298 783 1306 1888 87 356 2692 2877 2355 1323 2318 1634 1131 1928 34 2470 580 1506 1203 1978 
Normals flipped: true
  loading cloudForSpline.pcd
  3002 points in data set
  surface fitting ...
  loading cloudForSpline.pcd
  2912 points in data set
  surface fitting ...
[DEBUG] Saving surface cluster PLY files in ASCII mode...
[ADAPTIVE CLUSTER 1] N=2515, min=10, max=7545
PointCloud representing the Cluster: 2515 data points.
[ADAPTIVE BOUNDARY] Cluster 0 has 2515 points, spacing≈19.94mm, boundary_r=15mm
Successfully found 2 clusters after 1 iterations.
Ply to XYZ start

Time after processing: 4.923 seconds
Copied Point file: Pot_A_Piece_20_Point.pcd
Copied Mesh file: Pot_A_Piece_20_Mesh.obj

Selected file: Dataset/Point/Pot_A/Pot_A_Piece_20_Point.pcd
[DEBUG getNormalsOnSurface] Starting function. Input points: 8262
[DEBUG getNormalsOnSurface] Creating Eigen matrix...
[DEBUG getNormalsOnSurface] Writing matrix to XYZ file...
[DEBUG getNormalsOnSurface] Reading XYZ file: fileForNormalEst_Sampled.xyz
[DEBUG getNormalsOnSurface] XYZ file read successfully. Points loaded: 8262
[ADAPTIVE CGAL] Using 8 neighbors for 8262 points (density-aware)
[DEBUG getNormalsOnSurface] PCA normal estimation complete.
[DEBUG getNormalsOnSurface] Orienting normals with MST...
[DEBUG getNormalsOnSurface] MST orientation complete.
[DEBUG getNormalsOnSurface] Erased unoriented points. Remaining: 8262
[DEBUG getNormalsOnSurface] Computing curvature for 8262 points...
[ADAPTIVE CURVATURE] Using K=27 for 8262 points
[DEBUG getNormalsOnSurface] Curvature computation complete.
[DEBUG getNormalsOnSurface] Saving PLY in ASCII mode...
[DEBUG downsamplePointCloud] Saving PLY in ASCII mode to avoid camera data issues...
Starting processing on: Dataset/Point/Pot_A/Pot_A_Piece_20_Point.pcd
Starting surface segmentation on: Temp/Data/Pot_A/Pot_A_Piece_20_SampledWithNormals.ply
[DEBUG] Loading PLY file: Temp/Data/Pot_A/Pot_A_Piece_20_SampledWithNormals.ply
[DEBUG] PLY file loaded successfully. Points: 8262
[DEBUG] Converting PointNormal to PointXYZ...
[DEBUG] Conversion complete. Cloud size: 8262
[DEBUG] Calling getNormalsOnSurface...
[DEBUG] Input cloud size: 8262
[DEBUG getNormalsOnSurface] Starting function. Input points: 8262
[DEBUG getNormalsOnSurface] Creating Eigen matrix...
[DEBUG getNormalsOnSurface] Writing matrix to XYZ file...
[DEBUG getNormalsOnSurface] Reading XYZ file: fileForNormalEst_Sampled.xyz
[DEBUG getNormalsOnSurface] XYZ file read successfully. Points loaded: 8262
[ADAPTIVE CGAL] Using 8 neighbors for 8262 points (density-aware)
[DEBUG getNormalsOnSurface] PCA normal estimation complete.
[DEBUG getNormalsOnSurface] Orienting normals with MST...
[DEBUG getNormalsOnSurface] MST orientation complete.
[DEBUG getNormalsOnSurface] Erased unoriented points. Remaining: 8262
[DEBUG getNormalsOnSurface] Computing curvature for 8262 points...
[ADAPTIVE CURVATURE] Using K=27 for 8262 points
[DEBUG getNormalsOnSurface] Curvature computation complete.
[DEBUG getNormalsOnSurface] Saving PLY in ASCII mode...
[DEBUG] getNormalsOnSurface completed successfully. Result points: 8262
[DEBUG] Extracting normals from sampled cloud...

Total points: 8262
Number of clusters is equal to 3
Points in 
Cluster 1 : 2896
Cluster 2 : 2693
Cluster 3 : 53
Points in two clusters / Total Points in Pointcloud: 67.65%
Points in two clusters / Total Points in all clusters: 99.06%
Calling mergeClusters function.
mergeClusters function called.
Sampled indices: 275 1292 2045 1739 316 731 933 853 1610 65 1309 1186 2434 1404 2861 1832 2039 2560 2697 1144 1971 363 2273 1042 1509 775 2221 587 1861 2374 
Normals flipped: true
  loading cloudForSpline.pcd
  2896 points in data set
  surface fitting ...
  loading cloudForSpline.pcd
  2693 points in data set
  surface fitting ...
[DEBUG] Saving surface cluster PLY files in ASCII mode...
[ADAPTIVE CLUSTER 1] N=2620, min=10, max=7860
PointCloud representing the Cluster: 2620 data points.
[ADAPTIVE BOUNDARY] Cluster 0 has 2620 points, spacing≈19.54mm, boundary_r=15mm
Successfully found 3 clusters after 1 iterations.
Ply to XYZ start

Time after processing: 5.094 seconds
Copied Point file: Pot_A_Piece_21_Point.pcd
Copied Mesh file: Pot_A_Piece_21_Mesh.obj

Selected file: Dataset/Point/Pot_A/Pot_A_Piece_21_Point.pcd
[DEBUG getNormalsOnSurface] Starting function. Input points: 1453
[DEBUG getNormalsOnSurface] Creating Eigen matrix...
[DEBUG getNormalsOnSurface] Writing matrix to XYZ file...
[DEBUG getNormalsOnSurface] Reading XYZ file: fileForNormalEst_Sampled.xyz
[DEBUG getNormalsOnSurface] XYZ file read successfully. Points loaded: 1453
[ADAPTIVE CGAL] Using 5 neighbors for 1453 points (density-aware)
[DEBUG getNormalsOnSurface] PCA normal estimation complete.
[DEBUG getNormalsOnSurface] Orienting normals with MST...
[DEBUG getNormalsOnSurface] MST orientation complete.
[DEBUG getNormalsOnSurface] Erased unoriented points. Remaining: 1453
[DEBUG getNormalsOnSurface] Computing curvature for 1453 points...
[ADAPTIVE CURVATURE] Using K=10 for 1453 points
[DEBUG getNormalsOnSurface] Curvature computation complete.
[DEBUG getNormalsOnSurface] Saving PLY in ASCII mode...
[DEBUG downsamplePointCloud] Saving PLY in ASCII mode to avoid camera data issues...
Starting processing on: Dataset/Point/Pot_A/Pot_A_Piece_21_Point.pcd
Starting surface segmentation on: Temp/Data/Pot_A/Pot_A_Piece_21_SampledWithNormals.ply
[DEBUG] Loading PLY file: Temp/Data/Pot_A/Pot_A_Piece_21_SampledWithNormals.ply
[DEBUG] PLY file loaded successfully. Points: 1453
[DEBUG] Converting PointNormal to PointXYZ...
[DEBUG] Conversion complete. Cloud size: 1453
[DEBUG] Calling getNormalsOnSurface...
[DEBUG] Input cloud size: 1453
[DEBUG getNormalsOnSurface] Starting function. Input points: 1453
[DEBUG getNormalsOnSurface] Creating Eigen matrix...
[DEBUG getNormalsOnSurface] Writing matrix to XYZ file...
[DEBUG getNormalsOnSurface] Reading XYZ file: fileForNormalEst_Sampled.xyz
[DEBUG getNormalsOnSurface] XYZ file read successfully. Points loaded: 1453
[ADAPTIVE CGAL] Using 5 neighbors for 1453 points (density-aware)
[DEBUG getNormalsOnSurface] PCA normal estimation complete.
[DEBUG getNormalsOnSurface] Orienting normals with MST...
[DEBUG getNormalsOnSurface] MST orientation complete.
[DEBUG getNormalsOnSurface] Erased unoriented points. Remaining: 1453
[DEBUG getNormalsOnSurface] Computing curvature for 1453 points...
[ADAPTIVE CURVATURE] Using K=10 for 1453 points
[DEBUG getNormalsOnSurface] Curvature computation complete.
[DEBUG getNormalsOnSurface] Saving PLY in ASCII mode...
[DEBUG] getNormalsOnSurface completed successfully. Result points: 1453
[DEBUG] Extracting normals from sampled cloud...

Total points: 1453
Number of clusters is equal to 3
Points in 
Cluster 1 : 313
Cluster 2 : 163
Cluster 3 : 84
Points in two clusters / Total Points in Pointcloud: 32.76%
Points in two clusters / Total Points in all clusters: 85%
Calling mergeClusters function.
mergeClusters function called.
Condition 1 (closest point pairs) passed for clusters 1 and 2
Condition 2 (normal vector similarity) passed for clusters 1 and 2
Condition 3 (boundary curvature similarity) passed for clusters 1 and 2
Verification failed (innerPoint selection) for clusters 1 and 2
Sampled indices: 295 219 147 171 75 88 103 212 286 298 81 187 257 287 17 68 68 242 5 11 306 127 269 9 237 70 219 171 139 165 
Normals flipped: true
  loading cloudForSpline.pcd
  313 points in data set
  surface fitting ...
  loading cloudForSpline.pcd
  163 points in data set
  surface fitting ...
[DEBUG] Saving surface cluster PLY files in ASCII mode...
[ADAPTIVE CLUSTER 1] N=893, min=10, max=2679
PointCloud representing the Cluster: 893 data points.
[ADAPTIVE BOUNDARY] Cluster 0 has 893 points, spacing≈33.46mm, boundary_r=15mm
Successfully found 3 clusters after 1 iterations.
Ply to XYZ start

Time after processing: 1.211 seconds
Copied Point file: Pot_A_Piece_22_Point.pcd
Copied Mesh file: Pot_A_Piece_22_Mesh.obj

Selected file: Dataset/Point/Pot_A/Pot_A_Piece_22_Point.pcd
[DEBUG getNormalsOnSurface] Starting function. Input points: 6441
[DEBUG getNormalsOnSurface] Creating Eigen matrix...
[DEBUG getNormalsOnSurface] Writing matrix to XYZ file...
[DEBUG getNormalsOnSurface] Reading XYZ file: fileForNormalEst_Sampled.xyz
[DEBUG getNormalsOnSurface] XYZ file read successfully. Points loaded: 6441
[ADAPTIVE CGAL] Using 6 neighbors for 6441 points (density-aware)
[DEBUG getNormalsOnSurface] PCA normal estimation complete.
[DEBUG getNormalsOnSurface] Orienting normals with MST...
[DEBUG getNormalsOnSurface] MST orientation complete.
[DEBUG getNormalsOnSurface] Erased unoriented points. Remaining: 6441
[DEBUG getNormalsOnSurface] Computing curvature for 6441 points...
[ADAPTIVE CURVATURE] Using K=21 for 6441 points
[DEBUG getNormalsOnSurface] Curvature computation complete.
[DEBUG getNormalsOnSurface] Saving PLY in ASCII mode...
[DEBUG downsamplePointCloud] Saving PLY in ASCII mode to avoid camera data issues...
Starting processing on: Dataset/Point/Pot_A/Pot_A_Piece_22_Point.pcd
Starting surface segmentation on: Temp/Data/Pot_A/Pot_A_Piece_22_SampledWithNormals.ply
[DEBUG] Loading PLY file: Temp/Data/Pot_A/Pot_A_Piece_22_SampledWithNormals.ply
[DEBUG] PLY file loaded successfully. Points: 6441
[DEBUG] Converting PointNormal to PointXYZ...
[DEBUG] Conversion complete. Cloud size: 6441
[DEBUG] Calling getNormalsOnSurface...
[DEBUG] Input cloud size: 6441
[DEBUG getNormalsOnSurface] Starting function. Input points: 6441
[DEBUG getNormalsOnSurface] Creating Eigen matrix...
[DEBUG getNormalsOnSurface] Writing matrix to XYZ file...
[DEBUG getNormalsOnSurface] Reading XYZ file: fileForNormalEst_Sampled.xyz
[DEBUG getNormalsOnSurface] XYZ file read successfully. Points loaded: 6441
[ADAPTIVE CGAL] Using 6 neighbors for 6441 points (density-aware)
[DEBUG getNormalsOnSurface] PCA normal estimation complete.
[DEBUG getNormalsOnSurface] Orienting normals with MST...
[DEBUG getNormalsOnSurface] MST orientation complete.
[DEBUG getNormalsOnSurface] Erased unoriented points. Remaining: 6441
[DEBUG getNormalsOnSurface] Computing curvature for 6441 points...
[ADAPTIVE CURVATURE] Using K=21 for 6441 points
[DEBUG getNormalsOnSurface] Curvature computation complete.
[DEBUG getNormalsOnSurface] Saving PLY in ASCII mode...
[DEBUG] getNormalsOnSurface completed successfully. Result points: 6441
[DEBUG] Extracting normals from sampled cloud...

Total points: 6441
Number of clusters is equal to 5
Points in 
Cluster 1 : 1773
Cluster 2 : 742
Cluster 3 : 669
Cluster 4 : 185
Cluster 5 : 88
Points in two clusters / Total Points in Pointcloud: 39.05%
Points in two clusters / Total Points in all clusters: 72.75%
Calling mergeClusters function.
mergeClusters function called.
Condition 1 (closest point pairs) passed for clusters 2 and 3
Condition 2 (normal vector similarity) passed for clusters 2 and 3
Condition 3 (boundary curvature similarity) passed for clusters 2 and 3
Verification failed (innerPoint selection) for clusters 2 and 3
Sampled indices: 1226 259 238 738 1259 275 1753 1203 1090 273 1145 262 1193 1370 1702 506 474 1206 1205 1122 1272 942 784 888 1119 146 1393 637 977 259 
Normals flipped: true
  loading cloudForSpline.pcd
  1773 points in data set
  surface fitting ...
  loading cloudForSpline.pcd
  742 points in data set
  surface fitting ...
[DEBUG] Saving surface cluster PLY files in ASCII mode...
[ADAPTIVE CLUSTER 1] N=2984, min=10, max=8952
PointCloud representing the Cluster: 2984 data points.
[ADAPTIVE BOUNDARY] Cluster 0 has 2984 points, spacing≈18.31mm, boundary_r=15mm
Successfully found 5 clusters after 1 iterations.
Ply to XYZ start

Time after processing: 5.646 seconds
Copied Point file: Pot_A_Piece_23_Point.pcd
Copied Mesh file: Pot_A_Piece_23_Mesh.obj

Selected file: Dataset/Point/Pot_A/Pot_A_Piece_23_Point.pcd
[DEBUG getNormalsOnSurface] Starting function. Input points: 6671
[DEBUG getNormalsOnSurface] Creating Eigen matrix...
[DEBUG getNormalsOnSurface] Writing matrix to XYZ file...
[DEBUG getNormalsOnSurface] Reading XYZ file: fileForNormalEst_Sampled.xyz
[DEBUG getNormalsOnSurface] XYZ file read successfully. Points loaded: 6671
[ADAPTIVE CGAL] Using 6 neighbors for 6671 points (density-aware)
[DEBUG getNormalsOnSurface] PCA normal estimation complete.
[DEBUG getNormalsOnSurface] Orienting normals with MST...
[DEBUG getNormalsOnSurface] MST orientation complete.
[DEBUG getNormalsOnSurface] Erased unoriented points. Remaining: 6671
[DEBUG getNormalsOnSurface] Computing curvature for 6671 points...
[ADAPTIVE CURVATURE] Using K=22 for 6671 points
[DEBUG getNormalsOnSurface] Curvature computation complete.
[DEBUG getNormalsOnSurface] Saving PLY in ASCII mode...
[DEBUG downsamplePointCloud] Saving PLY in ASCII mode to avoid camera data issues...
Starting processing on: Dataset/Point/Pot_A/Pot_A_Piece_23_Point.pcd
Starting surface segmentation on: Temp/Data/Pot_A/Pot_A_Piece_23_SampledWithNormals.ply
[DEBUG] Loading PLY file: Temp/Data/Pot_A/Pot_A_Piece_23_SampledWithNormals.ply
[DEBUG] PLY file loaded successfully. Points: 6671
[DEBUG] Converting PointNormal to PointXYZ...
[DEBUG] Conversion complete. Cloud size: 6671
[DEBUG] Calling getNormalsOnSurface...
[DEBUG] Input cloud size: 6671
[DEBUG getNormalsOnSurface] Starting function. Input points: 6671
[DEBUG getNormalsOnSurface] Creating Eigen matrix...
[DEBUG getNormalsOnSurface] Writing matrix to XYZ file...
[DEBUG getNormalsOnSurface] Reading XYZ file: fileForNormalEst_Sampled.xyz
[DEBUG getNormalsOnSurface] XYZ file read successfully. Points loaded: 6671
[ADAPTIVE CGAL] Using 6 neighbors for 6671 points (density-aware)
[DEBUG getNormalsOnSurface] PCA normal estimation complete.
[DEBUG getNormalsOnSurface] Orienting normals with MST...
[DEBUG getNormalsOnSurface] MST orientation complete.
[DEBUG getNormalsOnSurface] Erased unoriented points. Remaining: 6671
[DEBUG getNormalsOnSurface] Computing curvature for 6671 points...
[ADAPTIVE CURVATURE] Using K=22 for 6671 points
[DEBUG getNormalsOnSurface] Curvature computation complete.
[DEBUG getNormalsOnSurface] Saving PLY in ASCII mode...
[DEBUG] getNormalsOnSurface completed successfully. Result points: 6671
[DEBUG] Extracting normals from sampled cloud...

Total points: 6671
Number of clusters is equal to 4
Points in 
Cluster 1 : 2132
Cluster 2 : 2128
Cluster 3 : 74
Cluster 4 : 54
Points in two clusters / Total Points in Pointcloud: 63.86%
Points in two clusters / Total Points in all clusters: 97.08%
Calling mergeClusters function.
mergeClusters function called.
Condition 1 (closest point pairs) passed for clusters 1 and 2
Condition 2 (normal vector similarity) passed for clusters 1 and 2
Condition 3 (boundary curvature similarity) passed for clusters 1 and 2
Verification failed (innerPoint selection) for clusters 1 and 2
Sampled indices: 2036 1463 1595 2111 704 2061 1367 71 1554 157 986 2072 1389 25 1902 1644 1926 873 163 268 1790 701 1007 1108 703 280 2101 1071 1994 990 
Normals flipped: true
  loading cloudForSpline.pcd
  2132 points in data set
  surface fitting ...
  loading cloudForSpline.pcd
  2128 points in data set
  surface fitting ...
[DEBUG] Saving surface cluster PLY files in ASCII mode...
[ADAPTIVE CLUSTER 1] N=2283, min=10, max=6849
PointCloud representing the Cluster: 2283 data points.
[ADAPTIVE BOUNDARY] Cluster 0 has 2283 points, spacing≈20.93mm, boundary_r=15mm
Successfully found 4 clusters after 1 iterations.
Ply to XYZ start

Time after processing: 4.086 seconds
Copied Point file: Pot_A_Piece_24_Point.pcd
Copied Mesh file: Pot_A_Piece_24_Mesh.obj

Selected file: Dataset/Point/Pot_A/Pot_A_Piece_24_Point.pcd
[DEBUG getNormalsOnSurface] Starting function. Input points: 2198
[DEBUG getNormalsOnSurface] Creating Eigen matrix...
[DEBUG getNormalsOnSurface] Writing matrix to XYZ file...
[DEBUG getNormalsOnSurface] Reading XYZ file: fileForNormalEst_Sampled.xyz
[DEBUG getNormalsOnSurface] XYZ file read successfully. Points loaded: 2198
[ADAPTIVE CGAL] Using 5 neighbors for 2198 points (density-aware)
[DEBUG getNormalsOnSurface] PCA normal estimation complete.
[DEBUG getNormalsOnSurface] Orienting normals with MST...
[DEBUG getNormalsOnSurface] MST orientation complete.
[DEBUG getNormalsOnSurface] Erased unoriented points. Remaining: 2198
[DEBUG getNormalsOnSurface] Computing curvature for 2198 points...
[ADAPTIVE CURVATURE] Using K=10 for 2198 points
[DEBUG getNormalsOnSurface] Curvature computation complete.
[DEBUG getNormalsOnSurface] Saving PLY in ASCII mode...
[DEBUG downsamplePointCloud] Saving PLY in ASCII mode to avoid camera data issues...
Starting processing on: Dataset/Point/Pot_A/Pot_A_Piece_24_Point.pcd
Starting surface segmentation on: Temp/Data/Pot_A/Pot_A_Piece_24_SampledWithNormals.ply
[DEBUG] Loading PLY file: Temp/Data/Pot_A/Pot_A_Piece_24_SampledWithNormals.ply
[DEBUG] PLY file loaded successfully. Points: 2198
[DEBUG] Converting PointNormal to PointXYZ...
[DEBUG] Conversion complete. Cloud size: 2198
[DEBUG] Calling getNormalsOnSurface...
[DEBUG] Input cloud size: 2198
[DEBUG getNormalsOnSurface] Starting function. Input points: 2198
[DEBUG getNormalsOnSurface] Creating Eigen matrix...
[DEBUG getNormalsOnSurface] Writing matrix to XYZ file...
[DEBUG getNormalsOnSurface] Reading XYZ file: fileForNormalEst_Sampled.xyz
[DEBUG getNormalsOnSurface] XYZ file read successfully. Points loaded: 2198
[ADAPTIVE CGAL] Using 5 neighbors for 2198 points (density-aware)
[DEBUG getNormalsOnSurface] PCA normal estimation complete.
[DEBUG getNormalsOnSurface] Orienting normals with MST...
[DEBUG getNormalsOnSurface] MST orientation complete.
[DEBUG getNormalsOnSurface] Erased unoriented points. Remaining: 2198
[DEBUG getNormalsOnSurface] Computing curvature for 2198 points...
[ADAPTIVE CURVATURE] Using K=10 for 2198 points
[DEBUG getNormalsOnSurface] Curvature computation complete.
[DEBUG getNormalsOnSurface] Saving PLY in ASCII mode...
[DEBUG] getNormalsOnSurface completed successfully. Result points: 2198
[DEBUG] Extracting normals from sampled cloud...

Total points: 2198
Number of clusters is equal to 2
Points in 
Cluster 1 : 598
Cluster 2 : 528
Points in two clusters / Total Points in Pointcloud: 51.23%
Points in two clusters / Total Points in all clusters: 100%
Calling mergeClusters function.
mergeClusters function called.
Sampled indices: 52 548 358 280 129 106 287 560 59 243 211 550 390 83 427 315 585 313 176 554 62 407 540 593 16 332 419 85 444 174 
Normals flipped: true
  loading cloudForSpline.pcd
  598 points in data set
  surface fitting ...
  loading cloudForSpline.pcd
  528 points in data set
  surface fitting ...
[DEBUG] Saving surface cluster PLY files in ASCII mode...
[ADAPTIVE CLUSTER 1] N=1072, min=10, max=3216
PointCloud representing the Cluster: 1072 data points.
[ADAPTIVE BOUNDARY] Cluster 0 has 1072 points, spacing≈30.54mm, boundary_r=15mm
Successfully found 2 clusters after 1 iterations.
Ply to XYZ start

Time after processing: 1.326 seconds
Copied Point file: Pot_A_Piece_25_Point.pcd
Copied Mesh file: Pot_A_Piece_25_Mesh.obj

Selected file: Dataset/Point/Pot_A/Pot_A_Piece_25_Point.pcd
[DEBUG getNormalsOnSurface] Starting function. Input points: 3578
[DEBUG getNormalsOnSurface] Creating Eigen matrix...
[DEBUG getNormalsOnSurface] Writing matrix to XYZ file...
[DEBUG getNormalsOnSurface] Reading XYZ file: fileForNormalEst_Sampled.xyz
[DEBUG getNormalsOnSurface] XYZ file read successfully. Points loaded: 3578
[ADAPTIVE CGAL] Using 5 neighbors for 3578 points (density-aware)
[DEBUG getNormalsOnSurface] PCA normal estimation complete.
[DEBUG getNormalsOnSurface] Orienting normals with MST...
[DEBUG getNormalsOnSurface] MST orientation complete.
[DEBUG getNormalsOnSurface] Erased unoriented points. Remaining: 3577
[DEBUG getNormalsOnSurface] Computing curvature for 3577 points...
[ADAPTIVE CURVATURE] Using K=11 for 3577 points
[DEBUG getNormalsOnSurface] Curvature computation complete.
[DEBUG getNormalsOnSurface] Saving PLY in ASCII mode...
[DEBUG downsamplePointCloud] Saving PLY in ASCII mode to avoid camera data issues...
Starting processing on: Dataset/Point/Pot_A/Pot_A_Piece_25_Point.pcd
Starting surface segmentation on: Temp/Data/Pot_A/Pot_A_Piece_25_SampledWithNormals.ply
[DEBUG] Loading PLY file: Temp/Data/Pot_A/Pot_A_Piece_25_SampledWithNormals.ply
[DEBUG] PLY file loaded successfully. Points: 3577
[DEBUG] Converting PointNormal to PointXYZ...
[DEBUG] Conversion complete. Cloud size: 3577
[DEBUG] Calling getNormalsOnSurface...
[DEBUG] Input cloud size: 3577
[DEBUG getNormalsOnSurface] Starting function. Input points: 3577
[DEBUG getNormalsOnSurface] Creating Eigen matrix...
[DEBUG getNormalsOnSurface] Writing matrix to XYZ file...
[DEBUG getNormalsOnSurface] Reading XYZ file: fileForNormalEst_Sampled.xyz
[DEBUG getNormalsOnSurface] XYZ file read successfully. Points loaded: 3577
[ADAPTIVE CGAL] Using 5 neighbors for 3577 points (density-aware)
[DEBUG getNormalsOnSurface] PCA normal estimation complete.
[DEBUG getNormalsOnSurface] Orienting normals with MST...
[DEBUG getNormalsOnSurface] MST orientation complete.
[DEBUG getNormalsOnSurface] Erased unoriented points. Remaining: 3577
[DEBUG getNormalsOnSurface] Computing curvature for 3577 points...
[ADAPTIVE CURVATURE] Using K=11 for 3577 points
[DEBUG getNormalsOnSurface] Curvature computation complete.
[DEBUG getNormalsOnSurface] Saving PLY in ASCII mode...
[DEBUG] getNormalsOnSurface completed successfully. Result points: 3577
[DEBUG] Extracting normals from sampled cloud...

Total points: 3577
Number of clusters is equal to 3
Points in 
Cluster 1 : 1043
Cluster 2 : 572
Cluster 3 : 247
Points in two clusters / Total Points in Pointcloud: 45.15%
Points in two clusters / Total Points in all clusters: 86.73%
Calling mergeClusters function.
mergeClusters function called.
Condition 1 (closest point pairs) passed for clusters 1 and 2
Condition 2 (normal vector similarity) passed for clusters 1 and 2
Condition 3 (boundary curvature similarity) passed for clusters 1 and 2
Verification failed (innerPoint selection) for clusters 1 and 2
Sampled indices: 39 604 883 369 607 521 1019 94 974 903 151 963 125 333 425 73 1008 42 868 652 690 457 153 489 945 599 451 842 648 962 
Normals flipped: true
  loading cloudForSpline.pcd
  1043 points in data set
  surface fitting ...
  loading cloudForSpline.pcd
  572 points in data set
  surface fitting ...
[DEBUG] Saving surface cluster PLY files in ASCII mode...
[ADAPTIVE CLUSTER 1] N=1715, min=10, max=5145
PointCloud representing the Cluster: 1715 data points.
[ADAPTIVE BOUNDARY] Cluster 0 has 1715 points, spacing≈24.15mm, boundary_r=15mm
Successfully found 3 clusters after 1 iterations.
Ply to XYZ start

Time after processing: 2.53 seconds
Copied Point file: Pot_A_Piece_26_Point.pcd
Copied Mesh file: Pot_A_Piece_26_Mesh.obj

Selected file: Dataset/Point/Pot_A/Pot_A_Piece_26_Point.pcd
[DEBUG getNormalsOnSurface] Starting function. Input points: 3498
[DEBUG getNormalsOnSurface] Creating Eigen matrix...
[DEBUG getNormalsOnSurface] Writing matrix to XYZ file...
[DEBUG getNormalsOnSurface] Reading XYZ file: fileForNormalEst_Sampled.xyz
[DEBUG getNormalsOnSurface] XYZ file read successfully. Points loaded: 3498
[ADAPTIVE CGAL] Using 5 neighbors for 3498 points (density-aware)
[DEBUG getNormalsOnSurface] PCA normal estimation complete.
[DEBUG getNormalsOnSurface] Orienting normals with MST...
[DEBUG getNormalsOnSurface] MST orientation complete.
[DEBUG getNormalsOnSurface] Erased unoriented points. Remaining: 3498
[DEBUG getNormalsOnSurface] Computing curvature for 3498 points...
[ADAPTIVE CURVATURE] Using K=11 for 3498 points
[DEBUG getNormalsOnSurface] Curvature computation complete.
[DEBUG getNormalsOnSurface] Saving PLY in ASCII mode...
[DEBUG downsamplePointCloud] Saving PLY in ASCII mode to avoid camera data issues...
Starting processing on: Dataset/Point/Pot_A/Pot_A_Piece_26_Point.pcd
Starting surface segmentation on: Temp/Data/Pot_A/Pot_A_Piece_26_SampledWithNormals.ply
[DEBUG] Loading PLY file: Temp/Data/Pot_A/Pot_A_Piece_26_SampledWithNormals.ply
[DEBUG] PLY file loaded successfully. Points: 3498
[DEBUG] Converting PointNormal to PointXYZ...
[DEBUG] Conversion complete. Cloud size: 3498
[DEBUG] Calling getNormalsOnSurface...
[DEBUG] Input cloud size: 3498
[DEBUG getNormalsOnSurface] Starting function. Input points: 3498
[DEBUG getNormalsOnSurface] Creating Eigen matrix...
[DEBUG getNormalsOnSurface] Writing matrix to XYZ file...
[DEBUG getNormalsOnSurface] Reading XYZ file: fileForNormalEst_Sampled.xyz
[DEBUG getNormalsOnSurface] XYZ file read successfully. Points loaded: 3498
[ADAPTIVE CGAL] Using 5 neighbors for 3498 points (density-aware)
[DEBUG getNormalsOnSurface] PCA normal estimation complete.
[DEBUG getNormalsOnSurface] Orienting normals with MST...
[DEBUG getNormalsOnSurface] MST orientation complete.
[DEBUG getNormalsOnSurface] Erased unoriented points. Remaining: 3498
[DEBUG getNormalsOnSurface] Computing curvature for 3498 points...
[ADAPTIVE CURVATURE] Using K=11 for 3498 points
[DEBUG getNormalsOnSurface] Curvature computation complete.
[DEBUG getNormalsOnSurface] Saving PLY in ASCII mode...
[DEBUG] getNormalsOnSurface completed successfully. Result points: 3498
[DEBUG] Extracting normals from sampled cloud...

Total points: 3498
Number of clusters is equal to 2
Points in 
Cluster 1 : 948
Cluster 2 : 853
Points in two clusters / Total Points in Pointcloud: 51.49%
Points in two clusters / Total Points in all clusters: 100%
Calling mergeClusters function.
mergeClusters function called.
Sampled indices: 787 478 206 801 275 325 151 92 644 104 648 466 56 94 544 52 305 493 455 451 525 642 152 206 709 341 664 827 509 873 
Normals flipped: true
  loading cloudForSpline.pcd
  948 points in data set
  surface fitting ...
  loading cloudForSpline.pcd
  853 points in data set
  surface fitting ...
[DEBUG] Saving surface cluster PLY files in ASCII mode...
[ADAPTIVE CLUSTER 1] N=1697, min=10, max=5091
PointCloud representing the Cluster: 1697 data points.
[ADAPTIVE BOUNDARY] Cluster 0 has 1697 points, spacing≈24.27mm, boundary_r=15mm
Successfully found 2 clusters after 1 iterations.
Ply to XYZ start

Time after processing: 2.22 seconds
Copied Point file: Pot_A_Piece_27_Point.pcd
Copied Mesh file: Pot_A_Piece_27_Mesh.obj

Selected file: Dataset/Point/Pot_A/Pot_A_Piece_27_Point.pcd
[DEBUG getNormalsOnSurface] Starting function. Input points: 1769
[DEBUG getNormalsOnSurface] Creating Eigen matrix...
[DEBUG getNormalsOnSurface] Writing matrix to XYZ file...
[DEBUG getNormalsOnSurface] Reading XYZ file: fileForNormalEst_Sampled.xyz
[DEBUG getNormalsOnSurface] XYZ file read successfully. Points loaded: 1769
[ADAPTIVE CGAL] Using 5 neighbors for 1769 points (density-aware)
[DEBUG getNormalsOnSurface] PCA normal estimation complete.
[DEBUG getNormalsOnSurface] Orienting normals with MST...
[DEBUG getNormalsOnSurface] MST orientation complete.
[DEBUG getNormalsOnSurface] Erased unoriented points. Remaining: 1763
[DEBUG getNormalsOnSurface] Computing curvature for 1763 points...
[ADAPTIVE CURVATURE] Using K=10 for 1763 points
[DEBUG getNormalsOnSurface] Curvature computation complete.
[DEBUG getNormalsOnSurface] Saving PLY in ASCII mode...
[DEBUG downsamplePointCloud] Saving PLY in ASCII mode to avoid camera data issues...
Starting processing on: Dataset/Point/Pot_A/Pot_A_Piece_27_Point.pcd
Starting surface segmentation on: Temp/Data/Pot_A/Pot_A_Piece_27_SampledWithNormals.ply
[DEBUG] Loading PLY file: Temp/Data/Pot_A/Pot_A_Piece_27_SampledWithNormals.ply
[DEBUG] PLY file loaded successfully. Points: 1763
[DEBUG] Converting PointNormal to PointXYZ...
[DEBUG] Conversion complete. Cloud size: 1763
[DEBUG] Calling getNormalsOnSurface...
[DEBUG] Input cloud size: 1763
[DEBUG getNormalsOnSurface] Starting function. Input points: 1763
[DEBUG getNormalsOnSurface] Creating Eigen matrix...
[DEBUG getNormalsOnSurface] Writing matrix to XYZ file...
[DEBUG getNormalsOnSurface] Reading XYZ file: fileForNormalEst_Sampled.xyz
[DEBUG getNormalsOnSurface] XYZ file read successfully. Points loaded: 1763
[ADAPTIVE CGAL] Using 5 neighbors for 1763 points (density-aware)
[DEBUG getNormalsOnSurface] PCA normal estimation complete.
[DEBUG getNormalsOnSurface] Orienting normals with MST...
[DEBUG getNormalsOnSurface] MST orientation complete.
[DEBUG getNormalsOnSurface] Erased unoriented points. Remaining: 1763
[DEBUG getNormalsOnSurface] Computing curvature for 1763 points...
[ADAPTIVE CURVATURE] Using K=10 for 1763 points
[DEBUG getNormalsOnSurface] Curvature computation complete.
[DEBUG getNormalsOnSurface] Saving PLY in ASCII mode...
[DEBUG] getNormalsOnSurface completed successfully. Result points: 1763
[DEBUG] Extracting normals from sampled cloud...

Total points: 1763
Number of clusters is equal to 2
Points in 
Cluster 1 : 440
Cluster 2 : 316
Points in two clusters / Total Points in Pointcloud: 42.88%
Points in two clusters / Total Points in all clusters: 100%
Calling mergeClusters function.
mergeClusters function called.
Sampled indices: 25 298 144 276 161 225 305 337 212 396 30 320 406 121 353 52 49 286 332 29 311 193 144 377 347 28 67 117 261 404 
Normals flipped: true
  loading cloudForSpline.pcd
  440 points in data set
  surface fitting ...
  loading cloudForSpline.pcd
  316 points in data set
  surface fitting ...
[DEBUG] Saving surface cluster PLY files in ASCII mode...
[ADAPTIVE CLUSTER 1] N=1007, min=10, max=3021
PointCloud representing the Cluster: 1007 data points.
[ADAPTIVE BOUNDARY] Cluster 0 has 1007 points, spacing≈31.51mm, boundary_r=15mm
Successfully found 2 clusters after 1 iterations.
Ply to XYZ start

Time after processing: 1.268 seconds
Copied Point file: Pot_A_Piece_28_Point.pcd
Copied Mesh file: Pot_A_Piece_28_Mesh.obj

Selected file: Dataset/Point/Pot_A/Pot_A_Piece_28_Point.pcd
[DEBUG getNormalsOnSurface] Starting function. Input points: 8918
[DEBUG getNormalsOnSurface] Creating Eigen matrix...
[DEBUG getNormalsOnSurface] Writing matrix to XYZ file...
[DEBUG getNormalsOnSurface] Reading XYZ file: fileForNormalEst_Sampled.xyz
[DEBUG getNormalsOnSurface] XYZ file read successfully. Points loaded: 8918
[ADAPTIVE CGAL] Using 8 neighbors for 8918 points (density-aware)
[DEBUG getNormalsOnSurface] PCA normal estimation complete.
[DEBUG getNormalsOnSurface] Orienting normals with MST...
[DEBUG getNormalsOnSurface] MST orientation complete.
[DEBUG getNormalsOnSurface] Erased unoriented points. Remaining: 8918
[DEBUG getNormalsOnSurface] Computing curvature for 8918 points...
[ADAPTIVE CURVATURE] Using K=29 for 8918 points
[DEBUG getNormalsOnSurface] Curvature computation complete.
[DEBUG getNormalsOnSurface] Saving PLY in ASCII mode...
[DEBUG downsamplePointCloud] Saving PLY in ASCII mode to avoid camera data issues...
Starting processing on: Dataset/Point/Pot_A/Pot_A_Piece_28_Point.pcd
Starting surface segmentation on: Temp/Data/Pot_A/Pot_A_Piece_28_SampledWithNormals.ply
[DEBUG] Loading PLY file: Temp/Data/Pot_A/Pot_A_Piece_28_SampledWithNormals.ply
[DEBUG] PLY file loaded successfully. Points: 8918
[DEBUG] Converting PointNormal to PointXYZ...
[DEBUG] Conversion complete. Cloud size: 8918
[DEBUG] Calling getNormalsOnSurface...
[DEBUG] Input cloud size: 8918
[DEBUG getNormalsOnSurface] Starting function. Input points: 8918
[DEBUG getNormalsOnSurface] Creating Eigen matrix...
[DEBUG getNormalsOnSurface] Writing matrix to XYZ file...
[DEBUG getNormalsOnSurface] Reading XYZ file: fileForNormalEst_Sampled.xyz
[DEBUG getNormalsOnSurface] XYZ file read successfully. Points loaded: 8918
[ADAPTIVE CGAL] Using 8 neighbors for 8918 points (density-aware)
[DEBUG getNormalsOnSurface] PCA normal estimation complete.
[DEBUG getNormalsOnSurface] Orienting normals with MST...
[DEBUG getNormalsOnSurface] MST orientation complete.
[DEBUG getNormalsOnSurface] Erased unoriented points. Remaining: 8918
[DEBUG getNormalsOnSurface] Computing curvature for 8918 points...
[ADAPTIVE CURVATURE] Using K=29 for 8918 points
[DEBUG getNormalsOnSurface] Curvature computation complete.
[DEBUG getNormalsOnSurface] Saving PLY in ASCII mode...
[DEBUG] getNormalsOnSurface completed successfully. Result points: 8918
[DEBUG] Extracting normals from sampled cloud...

Total points: 8918
Number of clusters is equal to 4
Points in 
Cluster 1 : 3090
Cluster 2 : 2992
Cluster 3 : 56
Cluster 4 : 55
Points in two clusters / Total Points in Pointcloud: 68.2%
Points in two clusters / Total Points in all clusters: 98.21%
Calling mergeClusters function.
mergeClusters function called.
Sampled indices: 164 2386 2201 2071 1032 2094 2041 461 40 1766 3046 2463 489 2942 761 2404 1342 1572 956 2284 1751 576 120 1651 997 993 2067 2755 1702 447 
Normals flipped: true
  loading cloudForSpline.pcd
  3090 points in data set
  surface fitting ...
  loading cloudForSpline.pcd
  2992 points in data set
  surface fitting ...
[DEBUG] Saving surface cluster PLY files in ASCII mode...
[ADAPTIVE CLUSTER 1] N=2725, min=10, max=8175
PointCloud representing the Cluster: 2725 data points.
[ADAPTIVE BOUNDARY] Cluster 0 has 2725 points, spacing≈19.16mm, boundary_r=15mm
Successfully found 4 clusters after 1 iterations.
Ply to XYZ start

Time after processing: 5.672 seconds
Copied Point file: Pot_A_Piece_29_Point.pcd
Copied Mesh file: Pot_A_Piece_29_Mesh.obj

Selected file: Dataset/Point/Pot_A/Pot_A_Piece_29_Point.pcd
[DEBUG getNormalsOnSurface] Starting function. Input points: 3098
[DEBUG getNormalsOnSurface] Creating Eigen matrix...
[DEBUG getNormalsOnSurface] Writing matrix to XYZ file...
[DEBUG getNormalsOnSurface] Reading XYZ file: fileForNormalEst_Sampled.xyz
[DEBUG getNormalsOnSurface] XYZ file read successfully. Points loaded: 3098
[ADAPTIVE CGAL] Using 5 neighbors for 3098 points (density-aware)
[DEBUG getNormalsOnSurface] PCA normal estimation complete.
[DEBUG getNormalsOnSurface] Orienting normals with MST...
[DEBUG getNormalsOnSurface] MST orientation complete.
[DEBUG getNormalsOnSurface] Erased unoriented points. Remaining: 3098
[DEBUG getNormalsOnSurface] Computing curvature for 3098 points...
[ADAPTIVE CURVATURE] Using K=10 for 3098 points
[DEBUG getNormalsOnSurface] Curvature computation complete.
[DEBUG getNormalsOnSurface] Saving PLY in ASCII mode...
[DEBUG downsamplePointCloud] Saving PLY in ASCII mode to avoid camera data issues...
Starting processing on: Dataset/Point/Pot_A/Pot_A_Piece_29_Point.pcd
Starting surface segmentation on: Temp/Data/Pot_A/Pot_A_Piece_29_SampledWithNormals.ply
[DEBUG] Loading PLY file: Temp/Data/Pot_A/Pot_A_Piece_29_SampledWithNormals.ply
[DEBUG] PLY file loaded successfully. Points: 3098
[DEBUG] Converting PointNormal to PointXYZ...
[DEBUG] Conversion complete. Cloud size: 3098
[DEBUG] Calling getNormalsOnSurface...
[DEBUG] Input cloud size: 3098
[DEBUG getNormalsOnSurface] Starting function. Input points: 3098
[DEBUG getNormalsOnSurface] Creating Eigen matrix...
[DEBUG getNormalsOnSurface] Writing matrix to XYZ file...
[DEBUG getNormalsOnSurface] Reading XYZ file: fileForNormalEst_Sampled.xyz
[DEBUG getNormalsOnSurface] XYZ file read successfully. Points loaded: 3098
[ADAPTIVE CGAL] Using 5 neighbors for 3098 points (density-aware)
[DEBUG getNormalsOnSurface] PCA normal estimation complete.
[DEBUG getNormalsOnSurface] Orienting normals with MST...
[DEBUG getNormalsOnSurface] MST orientation complete.
[DEBUG getNormalsOnSurface] Erased unoriented points. Remaining: 3098
[DEBUG getNormalsOnSurface] Computing curvature for 3098 points...
[ADAPTIVE CURVATURE] Using K=10 for 3098 points
[DEBUG getNormalsOnSurface] Curvature computation complete.
[DEBUG getNormalsOnSurface] Saving PLY in ASCII mode...
[DEBUG] getNormalsOnSurface completed successfully. Result points: 3098
[DEBUG] Extracting normals from sampled cloud...

Total points: 3098
Number of clusters is equal to 3
Points in 
Cluster 1 : 813
Cluster 2 : 631
Cluster 3 : 65
Points in two clusters / Total Points in Pointcloud: 46.61%
Points in two clusters / Total Points in all clusters: 95.69%
Calling mergeClusters function.
mergeClusters function called.
Sampled indices: 314 478 801 206 583 316 219 404 630 274 71 690 70 795 661 691 582 306 259 660 236 264 298 743 157 523 369 255 399 58 
Normals flipped: true
  loading cloudForSpline.pcd
  813 points in data set
  surface fitting ...
  loading cloudForSpline.pcd
  631 points in data set
  surface fitting ...
[DEBUG] Saving surface cluster PLY files in ASCII mode...
[ADAPTIVE CLUSTER 1] N=1589, min=10, max=4767
PointCloud representing the Cluster: 1589 data points.
[ADAPTIVE BOUNDARY] Cluster 0 has 1589 points, spacing≈25.09mm, boundary_r=15mm
Successfully found 3 clusters after 1 iterations.
Ply to XYZ start

Time after processing: 2.196 seconds
Copied Point file: Pot_A_Piece_30_Point.pcd
Copied Mesh file: Pot_A_Piece_30_Mesh.obj

Selected file: Dataset/Point/Pot_A/Pot_A_Piece_30_Point.pcd
[DEBUG getNormalsOnSurface] Starting function. Input points: 2149
[DEBUG getNormalsOnSurface] Creating Eigen matrix...
[DEBUG getNormalsOnSurface] Writing matrix to XYZ file...
[DEBUG getNormalsOnSurface] Reading XYZ file: fileForNormalEst_Sampled.xyz
[DEBUG getNormalsOnSurface] XYZ file read successfully. Points loaded: 2149
[ADAPTIVE CGAL] Using 5 neighbors for 2149 points (density-aware)
[DEBUG getNormalsOnSurface] PCA normal estimation complete.
[DEBUG getNormalsOnSurface] Orienting normals with MST...
[DEBUG getNormalsOnSurface] MST orientation complete.
[DEBUG getNormalsOnSurface] Erased unoriented points. Remaining: 2149
[DEBUG getNormalsOnSurface] Computing curvature for 2149 points...
[ADAPTIVE CURVATURE] Using K=10 for 2149 points
[DEBUG getNormalsOnSurface] Curvature computation complete.
[DEBUG getNormalsOnSurface] Saving PLY in ASCII mode...
[DEBUG downsamplePointCloud] Saving PLY in ASCII mode to avoid camera data issues...
Starting processing on: Dataset/Point/Pot_A/Pot_A_Piece_30_Point.pcd
Starting surface segmentation on: Temp/Data/Pot_A/Pot_A_Piece_30_SampledWithNormals.ply
[DEBUG] Loading PLY file: Temp/Data/Pot_A/Pot_A_Piece_30_SampledWithNormals.ply
[DEBUG] PLY file loaded successfully. Points: 2149
[DEBUG] Converting PointNormal to PointXYZ...
[DEBUG] Conversion complete. Cloud size: 2149
[DEBUG] Calling getNormalsOnSurface...
[DEBUG] Input cloud size: 2149
[DEBUG getNormalsOnSurface] Starting function. Input points: 2149
[DEBUG getNormalsOnSurface] Creating Eigen matrix...
[DEBUG getNormalsOnSurface] Writing matrix to XYZ file...
[DEBUG getNormalsOnSurface] Reading XYZ file: fileForNormalEst_Sampled.xyz
[DEBUG getNormalsOnSurface] XYZ file read successfully. Points loaded: 2149
[ADAPTIVE CGAL] Using 5 neighbors for 2149 points (density-aware)
[DEBUG getNormalsOnSurface] PCA normal estimation complete.
[DEBUG getNormalsOnSurface] Orienting normals with MST...
[DEBUG getNormalsOnSurface] MST orientation complete.
[DEBUG getNormalsOnSurface] Erased unoriented points. Remaining: 2149
[DEBUG getNormalsOnSurface] Computing curvature for 2149 points...
[ADAPTIVE CURVATURE] Using K=10 for 2149 points
[DEBUG getNormalsOnSurface] Curvature computation complete.
[DEBUG getNormalsOnSurface] Saving PLY in ASCII mode...
[DEBUG] getNormalsOnSurface completed successfully. Result points: 2149
[DEBUG] Extracting normals from sampled cloud...

Total points: 2149
Number of clusters is equal to 3
Points in 
Cluster 1 : 354
Cluster 2 : 271
Cluster 3 : 63
Points in two clusters / Total Points in Pointcloud: 29.08%
Points in two clusters / Total Points in all clusters: 90.84%
Calling mergeClusters function.
mergeClusters function called.
Sampled indices: 85 207 63 347 30 288 211 74 6 309 208 109 97 149 232 180 183 326 248 235 224 25 347 239 112 328 274 237 324 80 
Normals flipped: true
  loading cloudForSpline.pcd
  354 points in data set
  surface fitting ...
  loading cloudForSpline.pcd
  271 points in data set
  surface fitting ...
[DEBUG] Saving surface cluster PLY files in ASCII mode...
[ADAPTIVE CLUSTER 1] N=1461, min=10, max=4383
PointCloud representing the Cluster: 1461 data points.
[ADAPTIVE BOUNDARY] Cluster 0 has 1461 points, spacing≈26.16mm, boundary_r=15mm
Successfully found 3 clusters after 1 iterations.
Ply to XYZ start

Time after processing: 2.119 seconds
Copied Point file: Pot_A_Piece_31_Point.pcd
Copied Mesh file: Pot_A_Piece_31_Mesh.obj

Selected file: Dataset/Point/Pot_A/Pot_A_Piece_31_Point.pcd
[DEBUG getNormalsOnSurface] Starting function. Input points: 8228
[DEBUG getNormalsOnSurface] Creating Eigen matrix...
[DEBUG getNormalsOnSurface] Writing matrix to XYZ file...
[DEBUG getNormalsOnSurface] Reading XYZ file: fileForNormalEst_Sampled.xyz
[DEBUG getNormalsOnSurface] XYZ file read successfully. Points loaded: 8228
[ADAPTIVE CGAL] Using 8 neighbors for 8228 points (density-aware)
[DEBUG getNormalsOnSurface] PCA normal estimation complete.
[DEBUG getNormalsOnSurface] Orienting normals with MST...
[DEBUG getNormalsOnSurface] MST orientation complete.
[DEBUG getNormalsOnSurface] Erased unoriented points. Remaining: 8228
[DEBUG getNormalsOnSurface] Computing curvature for 8228 points...
[ADAPTIVE CURVATURE] Using K=27 for 8228 points
[DEBUG getNormalsOnSurface] Curvature computation complete.
[DEBUG getNormalsOnSurface] Saving PLY in ASCII mode...
[DEBUG downsamplePointCloud] Saving PLY in ASCII mode to avoid camera data issues...
Starting processing on: Dataset/Point/Pot_A/Pot_A_Piece_31_Point.pcd
Starting surface segmentation on: Temp/Data/Pot_A/Pot_A_Piece_31_SampledWithNormals.ply
[DEBUG] Loading PLY file: Temp/Data/Pot_A/Pot_A_Piece_31_SampledWithNormals.ply
[DEBUG] PLY file loaded successfully. Points: 8228
[DEBUG] Converting PointNormal to PointXYZ...
[DEBUG] Conversion complete. Cloud size: 8228
[DEBUG] Calling getNormalsOnSurface...
[DEBUG] Input cloud size: 8228
[DEBUG getNormalsOnSurface] Starting function. Input points: 8228
[DEBUG getNormalsOnSurface] Creating Eigen matrix...
[DEBUG getNormalsOnSurface] Writing matrix to XYZ file...
[DEBUG getNormalsOnSurface] Reading XYZ file: fileForNormalEst_Sampled.xyz
[DEBUG getNormalsOnSurface] XYZ file read successfully. Points loaded: 8228
[ADAPTIVE CGAL] Using 8 neighbors for 8228 points (density-aware)
[DEBUG getNormalsOnSurface] PCA normal estimation complete.
[DEBUG getNormalsOnSurface] Orienting normals with MST...
[DEBUG getNormalsOnSurface] MST orientation complete.
[DEBUG getNormalsOnSurface] Erased unoriented points. Remaining: 8228
[DEBUG getNormalsOnSurface] Computing curvature for 8228 points...
[ADAPTIVE CURVATURE] Using K=27 for 8228 points
[DEBUG getNormalsOnSurface] Curvature computation complete.
[DEBUG getNormalsOnSurface] Saving PLY in ASCII mode...
[DEBUG] getNormalsOnSurface completed successfully. Result points: 8228
[DEBUG] Extracting normals from sampled cloud...

Total points: 8228
Number of clusters is equal to 3
Points in 
Cluster 1 : 2711
Cluster 2 : 2589
Cluster 3 : 54
Points in two clusters / Total Points in Pointcloud: 64.41%
Points in two clusters / Total Points in all clusters: 98.99%
Calling mergeClusters function.
mergeClusters function called.
Condition 1 (closest point pairs) passed for clusters 1 and 2
Condition 2 (normal vector similarity) passed for clusters 1 and 2
Condition 3 (boundary curvature similarity) passed for clusters 1 and 2
Verification failed (innerPoint selection) for clusters 1 and 2
Sampled indices: 304 1548 678 1169 145 1052 1584 822 1016 823 635 376 1348 1353 242 322 1730 2523 2634 1851 204 1997 403 775 829 714 1303 956 1829 244 
Normals flipped: true
  loading cloudForSpline.pcd
  2711 points in data set
  surface fitting ...
  loading cloudForSpline.pcd
  2589 points in data set
  surface fitting ...
[DEBUG] Saving surface cluster PLY files in ASCII mode...
[ADAPTIVE CLUSTER 1] N=2874, min=10, max=8622
PointCloud representing the Cluster: 2874 data points.
[ADAPTIVE BOUNDARY] Cluster 0 has 2874 points, spacing≈18.65mm, boundary_r=15mm
Successfully found 3 clusters after 1 iterations.
Ply to XYZ start

Time after processing: 5.745 seconds
Copied Point file: Pot_A_Piece_32_Point.pcd
Copied Mesh file: Pot_A_Piece_32_Mesh.obj

Selected file: Dataset/Point/Pot_A/Pot_A_Piece_32_Point.pcd
[DEBUG getNormalsOnSurface] Starting function. Input points: 11566
[DEBUG getNormalsOnSurface] Creating Eigen matrix...
[DEBUG getNormalsOnSurface] Writing matrix to XYZ file...
[DEBUG getNormalsOnSurface] Reading XYZ file: fileForNormalEst_Sampled.xyz
[DEBUG getNormalsOnSurface] XYZ file read successfully. Points loaded: 11566
[ADAPTIVE CGAL] Using 11 neighbors for 11566 points (density-aware)
[DEBUG getNormalsOnSurface] PCA normal estimation complete.
[DEBUG getNormalsOnSurface] Orienting normals with MST...
[DEBUG getNormalsOnSurface] MST orientation complete.
[DEBUG getNormalsOnSurface] Erased unoriented points. Remaining: 11566
[DEBUG getNormalsOnSurface] Computing curvature for 11566 points...
[ADAPTIVE CURVATURE] Using K=38 for 11566 points
[DEBUG getNormalsOnSurface] Curvature computation complete.
[DEBUG getNormalsOnSurface] Saving PLY in ASCII mode...
[DEBUG downsamplePointCloud] Saving PLY in ASCII mode to avoid camera data issues...
Starting processing on: Dataset/Point/Pot_A/Pot_A_Piece_32_Point.pcd
Starting surface segmentation on: Temp/Data/Pot_A/Pot_A_Piece_32_SampledWithNormals.ply
[DEBUG] Loading PLY file: Temp/Data/Pot_A/Pot_A_Piece_32_SampledWithNormals.ply
[DEBUG] PLY file loaded successfully. Points: 11566
[DEBUG] Converting PointNormal to PointXYZ...
[DEBUG] Conversion complete. Cloud size: 11566
[DEBUG] Calling getNormalsOnSurface...
[DEBUG] Input cloud size: 11566
[DEBUG getNormalsOnSurface] Starting function. Input points: 11566
[DEBUG getNormalsOnSurface] Creating Eigen matrix...
[DEBUG getNormalsOnSurface] Writing matrix to XYZ file...
[DEBUG getNormalsOnSurface] Reading XYZ file: fileForNormalEst_Sampled.xyz
[DEBUG getNormalsOnSurface] XYZ file read successfully. Points loaded: 11566
[ADAPTIVE CGAL] Using 11 neighbors for 11566 points (density-aware)
[DEBUG getNormalsOnSurface] PCA normal estimation complete.
[DEBUG getNormalsOnSurface] Orienting normals with MST...
[DEBUG getNormalsOnSurface] MST orientation complete.
[DEBUG getNormalsOnSurface] Erased unoriented points. Remaining: 11566
[DEBUG getNormalsOnSurface] Computing curvature for 11566 points...
[ADAPTIVE CURVATURE] Using K=38 for 11566 points
[DEBUG getNormalsOnSurface] Curvature computation complete.
[DEBUG getNormalsOnSurface] Saving PLY in ASCII mode...
[DEBUG] getNormalsOnSurface completed successfully. Result points: 11566
[DEBUG] Extracting normals from sampled cloud...

Total points: 11566
Number of clusters is equal to 6
Points in 
Cluster 1 : 4291
Cluster 2 : 4194
Cluster 3 : 69
Cluster 4 : 62
Cluster 5 : 56
Cluster 6 : 54
Points in two clusters / Total Points in Pointcloud: 73.36%
Points in two clusters / Total Points in all clusters: 97.24%
Calling mergeClusters function.
mergeClusters function called.
Sampled indices: 169 115 3012 2662 2170 312 2812 25 3114 1401 2718 534 3558 2481 2764 2017 2150 1462 4060 3756 1170 3261 2258 1474 1672 1029 3336 139 342 1336 
Normals flipped: true
  loading cloudForSpline.pcd
  4291 points in data set
  surface fitting ...
  loading cloudForSpline.pcd
  4194 points in data set
  surface fitting ...
[DEBUG] Saving surface cluster PLY files in ASCII mode...
[ADAPTIVE CLUSTER 1] N=2840, min=10, max=8520
PointCloud representing the Cluster: 2840 data points.
[ADAPTIVE BOUNDARY] Cluster 0 has 2840 points, spacing≈18.76mm, boundary_r=15mm
Successfully found 6 clusters after 1 iterations.
Ply to XYZ start

Time after processing: 7.111 seconds
Copied Point file: Pot_A_Piece_33_Point.pcd
Copied Mesh file: Pot_A_Piece_33_Mesh.obj

Selected file: Dataset/Point/Pot_A/Pot_A_Piece_33_Point.pcd
[DEBUG getNormalsOnSurface] Starting function. Input points: 9318
[DEBUG getNormalsOnSurface] Creating Eigen matrix...
[DEBUG getNormalsOnSurface] Writing matrix to XYZ file...
[DEBUG getNormalsOnSurface] Reading XYZ file: fileForNormalEst_Sampled.xyz
[DEBUG getNormalsOnSurface] XYZ file read successfully. Points loaded: 9318
[ADAPTIVE CGAL] Using 9 neighbors for 9318 points (density-aware)
[DEBUG getNormalsOnSurface] PCA normal estimation complete.
[DEBUG getNormalsOnSurface] Orienting normals with MST...
[DEBUG getNormalsOnSurface] MST orientation complete.
[DEBUG getNormalsOnSurface] Erased unoriented points. Remaining: 9318
[DEBUG getNormalsOnSurface] Computing curvature for 9318 points...
[ADAPTIVE CURVATURE] Using K=31 for 9318 points
[DEBUG getNormalsOnSurface] Curvature computation complete.
[DEBUG getNormalsOnSurface] Saving PLY in ASCII mode...
[DEBUG downsamplePointCloud] Saving PLY in ASCII mode to avoid camera data issues...
Starting processing on: Dataset/Point/Pot_A/Pot_A_Piece_33_Point.pcd
Starting surface segmentation on: Temp/Data/Pot_A/Pot_A_Piece_33_SampledWithNormals.ply
[DEBUG] Loading PLY file: Temp/Data/Pot_A/Pot_A_Piece_33_SampledWithNormals.ply
[DEBUG] PLY file loaded successfully. Points: 9318
[DEBUG] Converting PointNormal to PointXYZ...
[DEBUG] Conversion complete. Cloud size: 9318
[DEBUG] Calling getNormalsOnSurface...
[DEBUG] Input cloud size: 9318
[DEBUG getNormalsOnSurface] Starting function. Input points: 9318
[DEBUG getNormalsOnSurface] Creating Eigen matrix...
[DEBUG getNormalsOnSurface] Writing matrix to XYZ file...
[DEBUG getNormalsOnSurface] Reading XYZ file: fileForNormalEst_Sampled.xyz
[DEBUG getNormalsOnSurface] XYZ file read successfully. Points loaded: 9318
[ADAPTIVE CGAL] Using 9 neighbors for 9318 points (density-aware)
[DEBUG getNormalsOnSurface] PCA normal estimation complete.
[DEBUG getNormalsOnSurface] Orienting normals with MST...
[DEBUG getNormalsOnSurface] MST orientation complete.
[DEBUG getNormalsOnSurface] Erased unoriented points. Remaining: 9318
[DEBUG getNormalsOnSurface] Computing curvature for 9318 points...
[ADAPTIVE CURVATURE] Using K=31 for 9318 points
[DEBUG getNormalsOnSurface] Curvature computation complete.
[DEBUG getNormalsOnSurface] Saving PLY in ASCII mode...
[DEBUG] getNormalsOnSurface completed successfully. Result points: 9318
[DEBUG] Extracting normals from sampled cloud...

Total points: 9318
Number of clusters is equal to 5
Points in 
Cluster 1 : 3065
Cluster 2 : 3028
Cluster 3 : 78
Cluster 4 : 58
Cluster 5 : 51
Points in two clusters / Total Points in Pointcloud: 65.39%
Points in two clusters / Total Points in all clusters: 97.02%
Calling mergeClusters function.
mergeClusters function called.
Sampled indices: 2309 1018 2529 2114 2161 550 643 1940 3024 1662 421 522 2350 2589 452 172 2937 2879 1088 615 231 2048 1260 2521 1814 1658 2992 1099 1445 60 
Normals flipped: true
  loading cloudForSpline.pcd
  3065 points in data set
  surface fitting ...
  loading cloudForSpline.pcd
  3028 points in data set
  surface fitting ...
[DEBUG] Saving surface cluster PLY files in ASCII mode...
[ADAPTIVE CLUSTER 1] N=3038, min=10, max=9114
PointCloud representing the Cluster: 3038 data points.
[ADAPTIVE BOUNDARY] Cluster 0 has 3038 points, spacing≈18.14mm, boundary_r=15mm
Successfully found 5 clusters after 1 iterations.
Ply to XYZ start

Time after processing: 6.285 seconds
Copied Point file: Pot_A_Piece_34_Point.pcd
Copied Mesh file: Pot_A_Piece_34_Mesh.obj

Selected file: Dataset/Point/Pot_A/Pot_A_Piece_34_Point.pcd
[DEBUG getNormalsOnSurface] Starting function. Input points: 11596
[DEBUG getNormalsOnSurface] Creating Eigen matrix...
[DEBUG getNormalsOnSurface] Writing matrix to XYZ file...
[DEBUG getNormalsOnSurface] Reading XYZ file: fileForNormalEst_Sampled.xyz
[DEBUG getNormalsOnSurface] XYZ file read successfully. Points loaded: 11596
[ADAPTIVE CGAL] Using 11 neighbors for 11596 points (density-aware)
[DEBUG getNormalsOnSurface] PCA normal estimation complete.
[DEBUG getNormalsOnSurface] Orienting normals with MST...
[DEBUG getNormalsOnSurface] MST orientation complete.
[DEBUG getNormalsOnSurface] Erased unoriented points. Remaining: 11596
[DEBUG getNormalsOnSurface] Computing curvature for 11596 points...
[ADAPTIVE CURVATURE] Using K=38 for 11596 points
[DEBUG getNormalsOnSurface] Curvature computation complete.
[DEBUG getNormalsOnSurface] Saving PLY in ASCII mode...
[DEBUG downsamplePointCloud] Saving PLY in ASCII mode to avoid camera data issues...
Starting processing on: Dataset/Point/Pot_A/Pot_A_Piece_34_Point.pcd
Starting surface segmentation on: Temp/Data/Pot_A/Pot_A_Piece_34_SampledWithNormals.ply
[DEBUG] Loading PLY file: Temp/Data/Pot_A/Pot_A_Piece_34_SampledWithNormals.ply
[DEBUG] PLY file loaded successfully. Points: 11596
[DEBUG] Converting PointNormal to PointXYZ...
[DEBUG] Conversion complete. Cloud size: 11596
[DEBUG] Calling getNormalsOnSurface...
[DEBUG] Input cloud size: 11596
[DEBUG getNormalsOnSurface] Starting function. Input points: 11596
[DEBUG getNormalsOnSurface] Creating Eigen matrix...
[DEBUG getNormalsOnSurface] Writing matrix to XYZ file...
[DEBUG getNormalsOnSurface] Reading XYZ file: fileForNormalEst_Sampled.xyz
[DEBUG getNormalsOnSurface] XYZ file read successfully. Points loaded: 11596
[ADAPTIVE CGAL] Using 11 neighbors for 11596 points (density-aware)
[DEBUG getNormalsOnSurface] PCA normal estimation complete.
[DEBUG getNormalsOnSurface] Orienting normals with MST...
[DEBUG getNormalsOnSurface] MST orientation complete.
[DEBUG getNormalsOnSurface] Erased unoriented points. Remaining: 11596
[DEBUG getNormalsOnSurface] Computing curvature for 11596 points...
[ADAPTIVE CURVATURE] Using K=38 for 11596 points
[DEBUG getNormalsOnSurface] Curvature computation complete.
[DEBUG getNormalsOnSurface] Saving PLY in ASCII mode...
[DEBUG] getNormalsOnSurface completed successfully. Result points: 11596
[DEBUG] Extracting normals from sampled cloud...

Total points: 11596
Number of clusters is equal to 4
Points in 
Cluster 1 : 4660
Cluster 2 : 4272
Cluster 3 : 272
Cluster 4 : 61
Points in two clusters / Total Points in Pointcloud: 77.03%
Points in two clusters / Total Points in all clusters: 96.41%
Calling mergeClusters function.
mergeClusters function called.
Sampled indices: 3173 3640 3709 1543 1947 3404 3227 1056 2629 3571 1412 2168 1564 3311 3147 2818 2036 3889 1622 2614 9 1018 1091 3359 3987 1070 2656 2852 1759 2768 
Normals flipped: true
  loading cloudForSpline.pcd
  4660 points in data set
  surface fitting ...
  loading cloudForSpline.pcd
  4272 points in data set
  surface fitting ...
[DEBUG] Saving surface cluster PLY files in ASCII mode...
[ADAPTIVE CLUSTER 1] N=2331, min=10, max=6993
PointCloud representing the Cluster: 2331 data points.
[ADAPTIVE BOUNDARY] Cluster 0 has 2331 points, spacing≈20.71mm, boundary_r=15mm
Successfully found 4 clusters after 1 iterations.
Ply to XYZ start

Time after processing: 6.149 seconds
Copied Point file: Pot_A_Piece_35_Point.pcd
Copied Mesh file: Pot_A_Piece_35_Mesh.obj

Selected file: Dataset/Point/Pot_A/Pot_A_Piece_35_Point.pcd
[DEBUG getNormalsOnSurface] Starting function. Input points: 11784
[DEBUG getNormalsOnSurface] Creating Eigen matrix...
[DEBUG getNormalsOnSurface] Writing matrix to XYZ file...
[DEBUG getNormalsOnSurface] Reading XYZ file: fileForNormalEst_Sampled.xyz
[DEBUG getNormalsOnSurface] XYZ file read successfully. Points loaded: 11784
[ADAPTIVE CGAL] Using 11 neighbors for 11784 points (density-aware)
[DEBUG getNormalsOnSurface] PCA normal estimation complete.
[DEBUG getNormalsOnSurface] Orienting normals with MST...
[DEBUG getNormalsOnSurface] MST orientation complete.
[DEBUG getNormalsOnSurface] Erased unoriented points. Remaining: 11784
[DEBUG getNormalsOnSurface] Computing curvature for 11784 points...
[ADAPTIVE CURVATURE] Using K=39 for 11784 points
[DEBUG getNormalsOnSurface] Curvature computation complete.
[DEBUG getNormalsOnSurface] Saving PLY in ASCII mode...
[DEBUG downsamplePointCloud] Saving PLY in ASCII mode to avoid camera data issues...
Starting processing on: Dataset/Point/Pot_A/Pot_A_Piece_35_Point.pcd
Starting surface segmentation on: Temp/Data/Pot_A/Pot_A_Piece_35_SampledWithNormals.ply
[DEBUG] Loading PLY file: Temp/Data/Pot_A/Pot_A_Piece_35_SampledWithNormals.ply
[DEBUG] PLY file loaded successfully. Points: 11784
[DEBUG] Converting PointNormal to PointXYZ...
[DEBUG] Conversion complete. Cloud size: 11784
[DEBUG] Calling getNormalsOnSurface...
[DEBUG] Input cloud size: 11784
[DEBUG getNormalsOnSurface] Starting function. Input points: 11784
[DEBUG getNormalsOnSurface] Creating Eigen matrix...
[DEBUG getNormalsOnSurface] Writing matrix to XYZ file...
[DEBUG getNormalsOnSurface] Reading XYZ file: fileForNormalEst_Sampled.xyz
[DEBUG getNormalsOnSurface] XYZ file read successfully. Points loaded: 11784
[ADAPTIVE CGAL] Using 11 neighbors for 11784 points (density-aware)
[DEBUG getNormalsOnSurface] PCA normal estimation complete.
[DEBUG getNormalsOnSurface] Orienting normals with MST...
[DEBUG getNormalsOnSurface] MST orientation complete.
[DEBUG getNormalsOnSurface] Erased unoriented points. Remaining: 11784
[DEBUG getNormalsOnSurface] Computing curvature for 11784 points...
[ADAPTIVE CURVATURE] Using K=39 for 11784 points
[DEBUG getNormalsOnSurface] Curvature computation complete.
[DEBUG getNormalsOnSurface] Saving PLY in ASCII mode...
[DEBUG] getNormalsOnSurface completed successfully. Result points: 11784
[DEBUG] Extracting normals from sampled cloud...

Total points: 11784
Number of clusters is equal to 2
Points in 
Cluster 1 : 4720
Cluster 2 : 4683
Points in two clusters / Total Points in Pointcloud: 79.79%
Points in two clusters / Total Points in all clusters: 100%
Calling mergeClusters function.
mergeClusters function called.
Sampled indices: 3430 3763 2897 595 4652 3806 2092 1856 2170 3729 4469 1309 3300 2534 447 1560 1498 3821 2510 4078 1162 878 2720 3629 172 2978 2921 2466 3254 856 
Normals flipped: true
  loading cloudForSpline.pcd
  4720 points in data set
  surface fitting ...
  loading cloudForSpline.pcd
  4683 points in data set
  surface fitting ...
[DEBUG] Saving surface cluster PLY files in ASCII mode...
[ADAPTIVE CLUSTER 1] N=2381, min=10, max=7143
PointCloud representing the Cluster: 2381 data points.
[ADAPTIVE BOUNDARY] Cluster 0 has 2381 points, spacing≈20.49mm, boundary_r=15mm
Successfully found 2 clusters after 1 iterations.
Ply to XYZ start

Time after processing: 6.129 seconds
Copied Point file: Pot_A_Piece_36_Point.pcd
Copied Mesh file: Pot_A_Piece_36_Mesh.obj

Selected file: Dataset/Point/Pot_A/Pot_A_Piece_36_Point.pcd
[DEBUG getNormalsOnSurface] Starting function. Input points: 11967
[DEBUG getNormalsOnSurface] Creating Eigen matrix...
[DEBUG getNormalsOnSurface] Writing matrix to XYZ file...
[DEBUG getNormalsOnSurface] Reading XYZ file: fileForNormalEst_Sampled.xyz
[DEBUG getNormalsOnSurface] XYZ file read successfully. Points loaded: 11967
[ADAPTIVE CGAL] Using 11 neighbors for 11967 points (density-aware)
[DEBUG getNormalsOnSurface] PCA normal estimation complete.
[DEBUG getNormalsOnSurface] Orienting normals with MST...
[DEBUG getNormalsOnSurface] MST orientation complete.
[DEBUG getNormalsOnSurface] Erased unoriented points. Remaining: 11967
[DEBUG getNormalsOnSurface] Computing curvature for 11967 points...
[ADAPTIVE CURVATURE] Using K=39 for 11967 points
[DEBUG getNormalsOnSurface] Curvature computation complete.
[DEBUG getNormalsOnSurface] Saving PLY in ASCII mode...
[DEBUG downsamplePointCloud] Saving PLY in ASCII mode to avoid camera data issues...
Starting processing on: Dataset/Point/Pot_A/Pot_A_Piece_36_Point.pcd
Starting surface segmentation on: Temp/Data/Pot_A/Pot_A_Piece_36_SampledWithNormals.ply
[DEBUG] Loading PLY file: Temp/Data/Pot_A/Pot_A_Piece_36_SampledWithNormals.ply
[DEBUG] PLY file loaded successfully. Points: 11967
[DEBUG] Converting PointNormal to PointXYZ...
[DEBUG] Conversion complete. Cloud size: 11967
[DEBUG] Calling getNormalsOnSurface...
[DEBUG] Input cloud size: 11967
[DEBUG getNormalsOnSurface] Starting function. Input points: 11967
[DEBUG getNormalsOnSurface] Creating Eigen matrix...
[DEBUG getNormalsOnSurface] Writing matrix to XYZ file...
[DEBUG getNormalsOnSurface] Reading XYZ file: fileForNormalEst_Sampled.xyz
[DEBUG getNormalsOnSurface] XYZ file read successfully. Points loaded: 11967
[ADAPTIVE CGAL] Using 11 neighbors for 11967 points (density-aware)
[DEBUG getNormalsOnSurface] PCA normal estimation complete.
[DEBUG getNormalsOnSurface] Orienting normals with MST...
[DEBUG getNormalsOnSurface] MST orientation complete.
[DEBUG getNormalsOnSurface] Erased unoriented points. Remaining: 11967
[DEBUG getNormalsOnSurface] Computing curvature for 11967 points...
[ADAPTIVE CURVATURE] Using K=39 for 11967 points
[DEBUG getNormalsOnSurface] Curvature computation complete.
[DEBUG getNormalsOnSurface] Saving PLY in ASCII mode...
[DEBUG] getNormalsOnSurface completed successfully. Result points: 11967
[DEBUG] Extracting normals from sampled cloud...

Total points: 11967
Number of clusters is equal to 6
Points in 
Cluster 1 : 4404
Cluster 2 : 4071
Cluster 3 : 86
Cluster 4 : 71
Cluster 5 : 68
Cluster 6 : 66
Points in two clusters / Total Points in Pointcloud: 70.82%
Points in two clusters / Total Points in all clusters: 96.68%
Calling mergeClusters function.
mergeClusters function called.
Condition 1 (closest point pairs) passed for clusters 1 and 2
Condition 2 (normal vector similarity) passed for clusters 1 and 2
Condition 3 (boundary curvature similarity) passed for clusters 1 and 2
Verification failed (innerPoint selection) for clusters 1 and 2
Sampled indices: 1915 178 1781 1147 3630 2925 1576 190 2009 203 1717 239 1242 4121 2897 3339 3623 4364 3056 3498 554 1476 3399 2058 1965 1523 2539 865 57 1993 
Normals flipped: true
  loading cloudForSpline.pcd
  4404 points in data set
  surface fitting ...
  loading cloudForSpline.pcd
  4071 points in data set
  surface fitting ...
[DEBUG] Saving surface cluster PLY files in ASCII mode...
[ADAPTIVE CLUSTER 1] N=3201, min=10, max=9603
PointCloud representing the Cluster: 3201 data points.
[ADAPTIVE BOUNDARY] Cluster 0 has 3201 points, spacing≈17.67mm, boundary_r=15mm
Successfully found 6 clusters after 1 iterations.
Ply to XYZ start

Time after processing: 8.695 seconds
Copied Point file: Pot_A_Piece_37_Point.pcd
Copied Mesh file: Pot_A_Piece_37_Mesh.obj

Selected file: Dataset/Point/Pot_A/Pot_A_Piece_37_Point.pcd
[DEBUG getNormalsOnSurface] Starting function. Input points: 10537
[DEBUG getNormalsOnSurface] Creating Eigen matrix...
[DEBUG getNormalsOnSurface] Writing matrix to XYZ file...
[DEBUG getNormalsOnSurface] Reading XYZ file: fileForNormalEst_Sampled.xyz
[DEBUG getNormalsOnSurface] XYZ file read successfully. Points loaded: 10537
[ADAPTIVE CGAL] Using 10 neighbors for 10537 points (density-aware)
[DEBUG getNormalsOnSurface] PCA normal estimation complete.
[DEBUG getNormalsOnSurface] Orienting normals with MST...
[DEBUG getNormalsOnSurface] MST orientation complete.
[DEBUG getNormalsOnSurface] Erased unoriented points. Remaining: 10537
[DEBUG getNormalsOnSurface] Computing curvature for 10537 points...
[ADAPTIVE CURVATURE] Using K=35 for 10537 points
[DEBUG getNormalsOnSurface] Curvature computation complete.
[DEBUG getNormalsOnSurface] Saving PLY in ASCII mode...
[DEBUG downsamplePointCloud] Saving PLY in ASCII mode to avoid camera data issues...
Starting processing on: Dataset/Point/Pot_A/Pot_A_Piece_37_Point.pcd
Starting surface segmentation on: Temp/Data/Pot_A/Pot_A_Piece_37_SampledWithNormals.ply
[DEBUG] Loading PLY file: Temp/Data/Pot_A/Pot_A_Piece_37_SampledWithNormals.ply
[DEBUG] PLY file loaded successfully. Points: 10537
[DEBUG] Converting PointNormal to PointXYZ...
[DEBUG] Conversion complete. Cloud size: 10537
[DEBUG] Calling getNormalsOnSurface...
[DEBUG] Input cloud size: 10537
[DEBUG getNormalsOnSurface] Starting function. Input points: 10537
[DEBUG getNormalsOnSurface] Creating Eigen matrix...
[DEBUG getNormalsOnSurface] Writing matrix to XYZ file...
[DEBUG getNormalsOnSurface] Reading XYZ file: fileForNormalEst_Sampled.xyz
[DEBUG getNormalsOnSurface] XYZ file read successfully. Points loaded: 10537
[ADAPTIVE CGAL] Using 10 neighbors for 10537 points (density-aware)
[DEBUG getNormalsOnSurface] PCA normal estimation complete.
[DEBUG getNormalsOnSurface] Orienting normals with MST...
[DEBUG getNormalsOnSurface] MST orientation complete.
[DEBUG getNormalsOnSurface] Erased unoriented points. Remaining: 10537
[DEBUG getNormalsOnSurface] Computing curvature for 10537 points...
[ADAPTIVE CURVATURE] Using K=35 for 10537 points
[DEBUG getNormalsOnSurface] Curvature computation complete.
[DEBUG getNormalsOnSurface] Saving PLY in ASCII mode...
[DEBUG] getNormalsOnSurface completed successfully. Result points: 10537
[DEBUG] Extracting normals from sampled cloud...

Total points: 10537
Number of clusters is equal to 5
Points in 
Cluster 1 : 3631
Cluster 2 : 3576
Cluster 3 : 115
Cluster 4 : 83
Cluster 5 : 54
Points in two clusters / Total Points in Pointcloud: 68.4%
Points in two clusters / Total Points in all clusters: 96.62%
Calling mergeClusters function.
mergeClusters function called.
Sampled indices: 3306 1959 1111 1616 910 2545 3374 2068 2135 658 158 1394 2185 1550 2551 1531 1497 1941 3211 981 187 2340 786 570 2195 2866 1996 1088 2015 2990 
Normals flipped: true
  loading cloudForSpline.pcd
  3631 points in data set
  surface fitting ...
  loading cloudForSpline.pcd
  3576 points in data set
  surface fitting ...
[DEBUG] Saving surface cluster PLY files in ASCII mode...
[ADAPTIVE CLUSTER 1] N=3078, min=10, max=9234
PointCloud representing the Cluster: 3078 data points.
[ADAPTIVE BOUNDARY] Cluster 0 has 3078 points, spacing≈18.02mm, boundary_r=15mm
Successfully found 5 clusters after 1 iterations.
Ply to XYZ start

Time after processing: 7.097 seconds
Copied Point file: Pot_A_Piece_38_Point.pcd
Copied Mesh file: Pot_A_Piece_38_Mesh.obj

Selected file: Dataset/Point/Pot_A/Pot_A_Piece_38_Point.pcd
[DEBUG getNormalsOnSurface] Starting function. Input points: 11817
[DEBUG getNormalsOnSurface] Creating Eigen matrix...
[DEBUG getNormalsOnSurface] Writing matrix to XYZ file...
[DEBUG getNormalsOnSurface] Reading XYZ file: fileForNormalEst_Sampled.xyz
[DEBUG getNormalsOnSurface] XYZ file read successfully. Points loaded: 11817
[ADAPTIVE CGAL] Using 11 neighbors for 11817 points (density-aware)
[DEBUG getNormalsOnSurface] PCA normal estimation complete.
[DEBUG getNormalsOnSurface] Orienting normals with MST...
[DEBUG getNormalsOnSurface] MST orientation complete.
[DEBUG getNormalsOnSurface] Erased unoriented points. Remaining: 11817
[DEBUG getNormalsOnSurface] Computing curvature for 11817 points...
[ADAPTIVE CURVATURE] Using K=39 for 11817 points
[DEBUG getNormalsOnSurface] Curvature computation complete.
[DEBUG getNormalsOnSurface] Saving PLY in ASCII mode...
[DEBUG downsamplePointCloud] Saving PLY in ASCII mode to avoid camera data issues...
Starting processing on: Dataset/Point/Pot_A/Pot_A_Piece_38_Point.pcd
Starting surface segmentation on: Temp/Data/Pot_A/Pot_A_Piece_38_SampledWithNormals.ply
[DEBUG] Loading PLY file: Temp/Data/Pot_A/Pot_A_Piece_38_SampledWithNormals.ply
[DEBUG] PLY file loaded successfully. Points: 11817
[DEBUG] Converting PointNormal to PointXYZ...
[DEBUG] Conversion complete. Cloud size: 11817
[DEBUG] Calling getNormalsOnSurface...
[DEBUG] Input cloud size: 11817
[DEBUG getNormalsOnSurface] Starting function. Input points: 11817
[DEBUG getNormalsOnSurface] Creating Eigen matrix...
[DEBUG getNormalsOnSurface] Writing matrix to XYZ file...
[DEBUG getNormalsOnSurface] Reading XYZ file: fileForNormalEst_Sampled.xyz
[DEBUG getNormalsOnSurface] XYZ file read successfully. Points loaded: 11817
[ADAPTIVE CGAL] Using 11 neighbors for 11817 points (density-aware)
[DEBUG getNormalsOnSurface] PCA normal estimation complete.
[DEBUG getNormalsOnSurface] Orienting normals with MST...
[DEBUG getNormalsOnSurface] MST orientation complete.
[DEBUG getNormalsOnSurface] Erased unoriented points. Remaining: 11817
[DEBUG getNormalsOnSurface] Computing curvature for 11817 points...
[ADAPTIVE CURVATURE] Using K=39 for 11817 points
[DEBUG getNormalsOnSurface] Curvature computation complete.
[DEBUG getNormalsOnSurface] Saving PLY in ASCII mode...
[DEBUG] getNormalsOnSurface completed successfully. Result points: 11817
[DEBUG] Extracting normals from sampled cloud...

Total points: 11817
Number of clusters is equal to 6
Points in 
Cluster 1 : 3769
Cluster 2 : 2709
Cluster 3 : 1873
Cluster 4 : 96
Cluster 5 : 68
Cluster 6 : 58
Points in two clusters / Total Points in Pointcloud: 54.82%
Points in two clusters / Total Points in all clusters: 75.56%
Calling mergeClusters function.
mergeClusters function called.
Sampled indices: 1988 980 3301 2456 304 3677 436 3034 491 3216 1370 2239 1978 1797 1174 412 3701 100 2526 26 242 1456 2412 3194 2444 735 588 2939 2658 1237 
Normals flipped: true
  loading cloudForSpline.pcd
  3769 points in data set
  surface fitting ...
  loading cloudForSpline.pcd
  2709 points in data set
  surface fitting ...
[DEBUG] Saving surface cluster PLY files in ASCII mode...
[ADAPTIVE CLUSTER 1] N=3244, min=10, max=9732
PointCloud representing the Cluster: 3244 data points.
[ADAPTIVE BOUNDARY] Cluster 0 has 3244 points, spacing≈17.56mm, boundary_r=15mm
Successfully found 6 clusters after 1 iterations.
Ply to XYZ start

Time after processing: 8.151 seconds
Copied Point file: Pot_A_Piece_39_Point.pcd
Copied Mesh file: Pot_A_Piece_39_Mesh.obj

Selected file: Dataset/Point/Pot_A/Pot_A_Piece_39_Point.pcd
[DEBUG getNormalsOnSurface] Starting function. Input points: 9571
[DEBUG getNormalsOnSurface] Creating Eigen matrix...
[DEBUG getNormalsOnSurface] Writing matrix to XYZ file...
[DEBUG getNormalsOnSurface] Reading XYZ file: fileForNormalEst_Sampled.xyz
[DEBUG getNormalsOnSurface] XYZ file read successfully. Points loaded: 9571
[ADAPTIVE CGAL] Using 9 neighbors for 9571 points (density-aware)
[DEBUG getNormalsOnSurface] PCA normal estimation complete.
[DEBUG getNormalsOnSurface] Orienting normals with MST...
[DEBUG getNormalsOnSurface] MST orientation complete.
[DEBUG getNormalsOnSurface] Erased unoriented points. Remaining: 9571
[DEBUG getNormalsOnSurface] Computing curvature for 9571 points...
[ADAPTIVE CURVATURE] Using K=31 for 9571 points
[DEBUG getNormalsOnSurface] Curvature computation complete.
[DEBUG getNormalsOnSurface] Saving PLY in ASCII mode...
[DEBUG downsamplePointCloud] Saving PLY in ASCII mode to avoid camera data issues...
Starting processing on: Dataset/Point/Pot_A/Pot_A_Piece_39_Point.pcd
Starting surface segmentation on: Temp/Data/Pot_A/Pot_A_Piece_39_SampledWithNormals.ply
[DEBUG] Loading PLY file: Temp/Data/Pot_A/Pot_A_Piece_39_SampledWithNormals.ply
[DEBUG] PLY file loaded successfully. Points: 9571
[DEBUG] Converting PointNormal to PointXYZ...
[DEBUG] Conversion complete. Cloud size: 9571
[DEBUG] Calling getNormalsOnSurface...
[DEBUG] Input cloud size: 9571
[DEBUG getNormalsOnSurface] Starting function. Input points: 9571
[DEBUG getNormalsOnSurface] Creating Eigen matrix...
[DEBUG getNormalsOnSurface] Writing matrix to XYZ file...
[DEBUG getNormalsOnSurface] Reading XYZ file: fileForNormalEst_Sampled.xyz
[DEBUG getNormalsOnSurface] XYZ file read successfully. Points loaded: 9571
[ADAPTIVE CGAL] Using 9 neighbors for 9571 points (density-aware)
[DEBUG getNormalsOnSurface] PCA normal estimation complete.
[DEBUG getNormalsOnSurface] Orienting normals with MST...
[DEBUG getNormalsOnSurface] MST orientation complete.
[DEBUG getNormalsOnSurface] Erased unoriented points. Remaining: 9571
[DEBUG getNormalsOnSurface] Computing curvature for 9571 points...
[ADAPTIVE CURVATURE] Using K=31 for 9571 points
[DEBUG getNormalsOnSurface] Curvature computation complete.
[DEBUG getNormalsOnSurface] Saving PLY in ASCII mode...
[DEBUG] getNormalsOnSurface completed successfully. Result points: 9571
[DEBUG] Extracting normals from sampled cloud...

Total points: 9571
Number of clusters is equal to 5
Points in 
Cluster 1 : 2706
Cluster 2 : 1424
Cluster 3 : 980
Cluster 4 : 501
Cluster 5 : 85
Points in two clusters / Total Points in Pointcloud: 43.15%
Points in two clusters / Total Points in all clusters: 72.51%
Calling mergeClusters function.
mergeClusters function called.
Sampled indices: 1135 329 156 558 1508 1267 1979 299 388 1133 439 819 1921 1238 1416 526 2223 856 2527 2251 1030 2474 1258 1414 1898 1310 172 736 716 2407 
Normals flipped: true
  loading cloudForSpline.pcd
  2706 points in data set
  surface fitting ...
  loading cloudForSpline.pcd
  1424 points in data set
  surface fitting ...
[DEBUG] Saving surface cluster PLY files in ASCII mode...
[ADAPTIVE CLUSTER 1] N=3875, min=10, max=11625
PointCloud representing the Cluster: 3875 data points.
[ADAPTIVE BOUNDARY] Cluster 0 has 3875 points, spacing≈16.06mm, boundary_r=15mm
Successfully found 5 clusters after 1 iterations.
Ply to XYZ start

Time after processing: 8.413 seconds
Copied Point file: Pot_A_Piece_40_Point.pcd
Copied Mesh file: Pot_A_Piece_40_Mesh.obj

Selected file: Dataset/Point/Pot_A/Pot_A_Piece_40_Point.pcd
[DEBUG getNormalsOnSurface] Starting function. Input points: 11485
[DEBUG getNormalsOnSurface] Creating Eigen matrix...
[DEBUG getNormalsOnSurface] Writing matrix to XYZ file...
[DEBUG getNormalsOnSurface] Reading XYZ file: fileForNormalEst_Sampled.xyz
[DEBUG getNormalsOnSurface] XYZ file read successfully. Points loaded: 11485
[ADAPTIVE CGAL] Using 11 neighbors for 11485 points (density-aware)
[DEBUG getNormalsOnSurface] PCA normal estimation complete.
[DEBUG getNormalsOnSurface] Orienting normals with MST...
[DEBUG getNormalsOnSurface] MST orientation complete.
[DEBUG getNormalsOnSurface] Erased unoriented points. Remaining: 11485
[DEBUG getNormalsOnSurface] Computing curvature for 11485 points...
[ADAPTIVE CURVATURE] Using K=38 for 11485 points
[DEBUG getNormalsOnSurface] Curvature computation complete.
[DEBUG getNormalsOnSurface] Saving PLY in ASCII mode...
[DEBUG downsamplePointCloud] Saving PLY in ASCII mode to avoid camera data issues...
Starting processing on: Dataset/Point/Pot_A/Pot_A_Piece_40_Point.pcd
Starting surface segmentation on: Temp/Data/Pot_A/Pot_A_Piece_40_SampledWithNormals.ply
[DEBUG] Loading PLY file: Temp/Data/Pot_A/Pot_A_Piece_40_SampledWithNormals.ply
[DEBUG] PLY file loaded successfully. Points: 11485
[DEBUG] Converting PointNormal to PointXYZ...
[DEBUG] Conversion complete. Cloud size: 11485
[DEBUG] Calling getNormalsOnSurface...
[DEBUG] Input cloud size: 11485
[DEBUG getNormalsOnSurface] Starting function. Input points: 11485
[DEBUG getNormalsOnSurface] Creating Eigen matrix...
[DEBUG getNormalsOnSurface] Writing matrix to XYZ file...
[DEBUG getNormalsOnSurface] Reading XYZ file: fileForNormalEst_Sampled.xyz
[DEBUG getNormalsOnSurface] XYZ file read successfully. Points loaded: 11485
[ADAPTIVE CGAL] Using 11 neighbors for 11485 points (density-aware)
[DEBUG getNormalsOnSurface] PCA normal estimation complete.
[DEBUG getNormalsOnSurface] Orienting normals with MST...
[DEBUG getNormalsOnSurface] MST orientation complete.
[DEBUG getNormalsOnSurface] Erased unoriented points. Remaining: 11485
[DEBUG getNormalsOnSurface] Computing curvature for 11485 points...
[ADAPTIVE CURVATURE] Using K=38 for 11485 points
[DEBUG getNormalsOnSurface] Curvature computation complete.
[DEBUG getNormalsOnSurface] Saving PLY in ASCII mode...
[DEBUG] getNormalsOnSurface completed successfully. Result points: 11485
[DEBUG] Extracting normals from sampled cloud...

Total points: 11485
Number of clusters is equal to 2
Points in 
Cluster 1 : 4498
Cluster 2 : 4260
Points in two clusters / Total Points in Pointcloud: 76.26%
Points in two clusters / Total Points in all clusters: 100%
Calling mergeClusters function.
mergeClusters function called.
Sampled indices: 950 2305 2155 518 165 1855 3836 1640 2246 1482 2981 3139 1063 407 1047 1001 225 2800 1400 3782 2242 543 502 3941 2016 43 2150 2899 3856 2683 
Normals flipped: true
  loading cloudForSpline.pcd
  4498 points in data set
  surface fitting ...
  loading cloudForSpline.pcd
  4260 points in data set
  surface fitting ...
[DEBUG] Saving surface cluster PLY files in ASCII mode...
[ADAPTIVE CLUSTER 1] N=2727, min=10, max=8181
PointCloud representing the Cluster: 2727 data points.
[ADAPTIVE BOUNDARY] Cluster 0 has 2727 points, spacing≈19.15mm, boundary_r=15mm
Successfully found 2 clusters after 1 iterations.
Ply to XYZ start

Time after processing: 6.484 seconds
Total time elapsed: 241.3 seconds
NURBS surface generation completed at: Fri 24 Oct 2025 01:55:36 AEDT
Surface files generated:
Found 80 surface files (expected 80 for 40 pieces)
=== Step 2: NURBS Edge Line Extraction ===
This will take approximately 1-2 hours for 40 pieces...
Running NURBS EdgeLineExtractionHeadless...
Processing directory: Temp/
Surface 0 point cloud file: Temp/Data/Pot_A/Pot_A_Piece_01_Surface_0.xyz
Surface 1 point cloud file: Temp/Data/Pot_A/Pot_A_Piece_01_Surface_1.xyz
Fragment: Temp/Data/Pot_A/Pot_A_Piece_01_Mesh.obj

Cleaning surface point cloud...
Estimating patch normals and breaklines...
Getting the inital boundary...
[ADAPTIVE BOUNDARY EDGE] 5740 points, spacing≈13.1991mm, boundary_r=15mm
[ADAPTIVE OUTLIER] 86 boundary points, outlier_r=20mm, min_neighbors=3
[ADAPTIVE SEQUENCING] Boundary has 86 points, using K=8 for point sequencing
[EDGELINE DEBUG] Saving breakLineFromConcaveHull in ASCII mode...
Initiating uniform sampling and smoothing of breakline segments...
[ADAPTIVE SPHERE-MARCHING] Input points: 26, avgSpacing: 0.00565891m (5.65891mm), max_radius: 15mm, adaptiveRadius: 0.00848836m (8.48836mm)
[BREAKLINE DEBUG] Smoothed breakline output points: 15
[INTEGRATION POINT #1] Pre-densification: 15 points
[DENSIFY] Perimeter=118.837mm, current=15 points, target=59 points (spacing=2mm)
[DENSIFY] Successfully densified from 15 to 59 points
[INTEGRATION POINT #1] Post-densification: 59 points
  loading Temp/Temp_edge/Pot_A/cloudForSpline.pcd
  5740 points in data set
  surface fitting ...
Surface refinement
Surface fitting with final refinement level
Evaluating points on surface
-13
Clock Wise - Changing sequence
Applying adaptive densification to CompleteBreakline...
[INTEGRATION POINT #2] Pre-densification: 59 points
[DENSIFY] Breakline already dense (59 points >= 46 target), skipping densification
[INTEGRATION POINT #2] Post-densification: 59 points
Detecting separate line segments...
[ADAPTIVE WINDOW] Medium breakline (59 points) using window len=5
[ADAPTIVE PEAK DETECTION] Medium breakline (59 points) using medium sensitivity (divisor=6)
ected segments = 
Detecting rim...
C1 0.00180121 C2 0.00152628
Mean = 0.00166374
ERROR: Edge line extraction failed
