=== NURBS Preprocessing From OBJ Directory ===
Started: Mon 20 Oct 2025 21:21:30 AEDT
Job ID: 16941734
Dataset name: Tray-000
Input OBJ directory: /data/gpfs/projects/punim2657/GARF/input/Tray-000
Preparing project directories...
=== Step 1: Sampling OBJ -> PCD and staging meshes ===
Processing sherd01.obj -> piece 01
  Found PCD: Dataset/Point/Pot_A/Pot_A_Piece_01_Point.pcd
Processing sherd02.obj -> piece 02
  Found PCD: Dataset/Point/Pot_A/Pot_A_Piece_02_Point.pcd
Processing sherd03.obj -> piece 03
  Found PCD: Dataset/Point/Pot_A/Pot_A_Piece_03_Point.pcd
Processing sherd04.obj -> piece 04
  Found PCD: Dataset/Point/Pot_A/Pot_A_Piece_04_Point.pcd
Processing sherd05.obj -> piece 05
  Found PCD: Dataset/Point/Pot_A/Pot_A_Piece_05_Point.pcd
Processing sherd06.obj -> piece 06
  Found PCD: Dataset/Point/Pot_A/Pot_A_Piece_06_Point.pcd
Processing sherd07.obj -> piece 07
  Found PCD: Dataset/Point/Pot_A/Pot_A_Piece_07_Point.pcd
Processing sherd08.obj -> piece 08
  Found PCD: Dataset/Point/Pot_A/Pot_A_Piece_08_Point.pcd
Processing sherd09.obj -> piece 09
  Found PCD: Dataset/Point/Pot_A/Pot_A_Piece_09_Point.pcd
Processing sherd10.obj -> piece 10
  Found PCD: Dataset/Point/Pot_A/Pot_A_Piece_10_Point.pcd
Processing sherd11.obj -> piece 11
  Found PCD: Dataset/Point/Pot_A/Pot_A_Piece_11_Point.pcd
Processing sherd12.obj -> piece 12
  Found PCD: Dataset/Point/Pot_A/Pot_A_Piece_12_Point.pcd
Processing sherd13.obj -> piece 13
  Found PCD: Dataset/Point/Pot_A/Pot_A_Piece_13_Point.pcd
Processing sherd14.obj -> piece 14
  Found PCD: Dataset/Point/Pot_A/Pot_A_Piece_14_Point.pcd
Processing sherd15.obj -> piece 15
  Found PCD: Dataset/Point/Pot_A/Pot_A_Piece_15_Point.pcd
Processing sherd16.obj -> piece 16
  Found PCD: Dataset/Point/Pot_A/Pot_A_Piece_16_Point.pcd
Processing sherd17.obj -> piece 17
  Found PCD: Dataset/Point/Pot_A/Pot_A_Piece_17_Point.pcd
Processing sherd18.obj -> piece 18
  Found PCD: Dataset/Point/Pot_A/Pot_A_Piece_18_Point.pcd
Processing sherd19.obj -> piece 19
  Found PCD: Dataset/Point/Pot_A/Pot_A_Piece_19_Point.pcd
Processing sherd20.obj -> piece 20
  Found PCD: Dataset/Point/Pot_A/Pot_A_Piece_20_Point.pcd
Processing sherd21.obj -> piece 21
  Found PCD: Dataset/Point/Pot_A/Pot_A_Piece_21_Point.pcd
Processing sherd22.obj -> piece 22
  Found PCD: Dataset/Point/Pot_A/Pot_A_Piece_22_Point.pcd
Processing sherd23.obj -> piece 23
  Found PCD: Dataset/Point/Pot_A/Pot_A_Piece_23_Point.pcd
Processing sherd24.obj -> piece 24
  Found PCD: Dataset/Point/Pot_A/Pot_A_Piece_24_Point.pcd
Processing sherd25.obj -> piece 25
  Found PCD: Dataset/Point/Pot_A/Pot_A_Piece_25_Point.pcd
Processing sherd26.obj -> piece 26
  Found PCD: Dataset/Point/Pot_A/Pot_A_Piece_26_Point.pcd
Processing sherd27.obj -> piece 27
  Found PCD: Dataset/Point/Pot_A/Pot_A_Piece_27_Point.pcd
Processing sherd28.obj -> piece 28
  Found PCD: Dataset/Point/Pot_A/Pot_A_Piece_28_Point.pcd
Processing sherd29.obj -> piece 29
  Found PCD: Dataset/Point/Pot_A/Pot_A_Piece_29_Point.pcd
Processing sherd30.obj -> piece 30
  Found PCD: Dataset/Point/Pot_A/Pot_A_Piece_30_Point.pcd
Processing sherd31.obj -> piece 31
  Found PCD: Dataset/Point/Pot_A/Pot_A_Piece_31_Point.pcd
Processing sherd32.obj -> piece 32
  Found PCD: Dataset/Point/Pot_A/Pot_A_Piece_32_Point.pcd
Processing sherd33.obj -> piece 33
  Found PCD: Dataset/Point/Pot_A/Pot_A_Piece_33_Point.pcd
Processing sherd34.obj -> piece 34
  Found PCD: Dataset/Point/Pot_A/Pot_A_Piece_34_Point.pcd
Processing sherd35.obj -> piece 35
  Found PCD: Dataset/Point/Pot_A/Pot_A_Piece_35_Point.pcd
Processing sherd36.obj -> piece 36
  Found PCD: Dataset/Point/Pot_A/Pot_A_Piece_36_Point.pcd
Processing sherd37.obj -> piece 37
  Found PCD: Dataset/Point/Pot_A/Pot_A_Piece_37_Point.pcd
Processing sherd38.obj -> piece 38
  Found PCD: Dataset/Point/Pot_A/Pot_A_Piece_38_Point.pcd
Processing sherd39.obj -> piece 39
  Found PCD: Dataset/Point/Pot_A/Pot_A_Piece_39_Point.pcd
Processing sherd40.obj -> piece 40
  Found PCD: Dataset/Point/Pot_A/Pot_A_Piece_40_Point.pcd
Sampling complete at: Mon 20 Oct 2025 21:21:30 AEDT
=== Step 2: NURBS Surface Generation ===
Copied Point file: Pot_A_Piece_01_Point.pcd
Copied Mesh file: Pot_A_Piece_01_Mesh.obj

Selected file: Dataset/Point/Pot_A/Pot_A_Piece_01_Point.pcd
Starting processing on: Dataset/Point/Pot_A/Pot_A_Piece_01_Point.pcd
Starting surface segmentation on: Temp/Data/Pot_A/Pot_A_Piece_01_SampledWithNormals.ply

Total points: 1
Number of clusters is equal to 0
Points in 
Calling mergeClusters function.
mergeClusters function called.
Single cluster found (iteration 2/30)...Increasing angle threshold (+2) and trying again...

Total points: 1
Number of clusters is equal to 0
Points in 
Calling mergeClusters function.
mergeClusters function called.
Single cluster found (iteration 3/30)...Increasing angle threshold (+2) and trying again...

Total points: 1
Number of clusters is equal to 0
Points in 
Calling mergeClusters function.
mergeClusters function called.
Single cluster found (iteration 4/30)...Increasing angle threshold (+2) and trying again...

Total points: 1
Number of clusters is equal to 0
Points in 
Calling mergeClusters function.
mergeClusters function called.
Single cluster found (iteration 5/30)...Increasing angle threshold (+2) and trying again...

Total points: 1
Number of clusters is equal to 0
Points in 
Calling mergeClusters function.
mergeClusters function called.
Single cluster found (iteration 6/30)...Increasing angle threshold (+2) and trying again...

Total points: 1
Number of clusters is equal to 0
Points in 
Calling mergeClusters function.
mergeClusters function called.
Single cluster found (iteration 7/30)...Increasing angle threshold (+2) and trying again...

Total points: 1
Number of clusters is equal to 0
Points in 
Calling mergeClusters function.
mergeClusters function called.
Single cluster found (iteration 8/30)...Increasing angle threshold (+2) and trying again...

Total points: 1
Number of clusters is equal to 0
Points in 
Calling mergeClusters function.
mergeClusters function called.
Single cluster found (iteration 9/30)...Increasing angle threshold (+2) and trying again...

Total points: 1
Number of clusters is equal to 0
Points in 
Calling mergeClusters function.
mergeClusters function called.
Single cluster found (iteration 10/30)...Increasing angle threshold (+2) and trying again...

Total points: 1
Number of clusters is equal to 0
Points in 
Calling mergeClusters function.
mergeClusters function called.
Single cluster found (iteration 11/30)...Increasing angle threshold (+2) and trying again...

Total points: 1
Number of clusters is equal to 0
Points in 
Calling mergeClusters function.
mergeClusters function called.
Single cluster found (iteration 12/30)...Increasing angle threshold (+2) and trying again...

Total points: 1
Number of clusters is equal to 0
Points in 
Calling mergeClusters function.
mergeClusters function called.
Single cluster found (iteration 13/30)...Increasing angle threshold (+2) and trying again...

Total points: 1
Number of clusters is equal to 0
Points in 
Calling mergeClusters function.
mergeClusters function called.
Single cluster found (iteration 14/30)...Increasing angle threshold (+2) and trying again...

Total points: 1
Number of clusters is equal to 0
Points in 
Calling mergeClusters function.
mergeClusters function called.
Single cluster found (iteration 15/30)...Increasing angle threshold (+2) and trying again...

Total points: 1
Number of clusters is equal to 0
Points in 
Calling mergeClusters function.
mergeClusters function called.
Single cluster found (iteration 16/30)...Increasing angle threshold (+2) and trying again...

Total points: 1
Number of clusters is equal to 0
Points in 
Calling mergeClusters function.
mergeClusters function called.
Single cluster found (iteration 17/30)...Increasing angle threshold (+2) and trying again...

Total points: 1
Number of clusters is equal to 0
Points in 
Calling mergeClusters function.
mergeClusters function called.
Single cluster found (iteration 18/30)...Increasing angle threshold (+2) and trying again...

Total points: 1
Number of clusters is equal to 0
Points in 
Calling mergeClusters function.
mergeClusters function called.
Single cluster found (iteration 19/30)...Increasing angle threshold (+2) and trying again...

Total points: 1
Number of clusters is equal to 0
Points in 
Calling mergeClusters function.
mergeClusters function called.
Single cluster found (iteration 20/30)...Increasing angle threshold (+2) and trying again...

Total points: 1
Number of clusters is equal to 0
Points in 
Calling mergeClusters function.
mergeClusters function called.
Single cluster found (iteration 21/30)...Increasing angle threshold (+2) and trying again...

Total points: 1
Number of clusters is equal to 0
Points in 
Calling mergeClusters function.
mergeClusters function called.
Single cluster found (iteration 22/30)...Increasing angle threshold (+2) and trying again...

Total points: 1
Number of clusters is equal to 0
Points in 
Calling mergeClusters function.
mergeClusters function called.
Single cluster found (iteration 23/30)...Increasing angle threshold (+2) and trying again...

Total points: 1
Number of clusters is equal to 0
Points in 
Calling mergeClusters function.
mergeClusters function called.
Single cluster found (iteration 24/30)...Increasing angle threshold (+2) and trying again...

Total points: 1
Number of clusters is equal to 0
Points in 
Calling mergeClusters function.
mergeClusters function called.
Single cluster found (iteration 25/30)...Increasing angle threshold (+2) and trying again...

Total points: 1
Number of clusters is equal to 0
Points in 
Calling mergeClusters function.
mergeClusters function called.
Single cluster found (iteration 26/30)...Increasing angle threshold (+2) and trying again...

Total points: 1
Number of clusters is equal to 0
Points in 
Calling mergeClusters function.
mergeClusters function called.
Single cluster found (iteration 27/30)...Increasing angle threshold (+2) and trying again...

Total points: 1
Number of clusters is equal to 0
Points in 
Calling mergeClusters function.
mergeClusters function called.
Single cluster found (iteration 28/30)...Increasing angle threshold (+2) and trying again...

Total points: 1
Number of clusters is equal to 0
Points in 
Calling mergeClusters function.
mergeClusters function called.
Single cluster found (iteration 29/30)...Increasing angle threshold (+2) and trying again...
Warning: Angle threshold reached minimum (-50). Using single cluster result.
Warning: Could not achieve 2 clusters after 28 iterations. Final cluster count: 0. Proceeding with available clusters.
Ply to XYZ start

Time after processing: 0.0739816 seconds
Copied Point file: Pot_A_Piece_02_Point.pcd
Copied Mesh file: Pot_A_Piece_02_Mesh.obj

Selected file: Dataset/Point/Pot_A/Pot_A_Piece_02_Point.pcd
Starting processing on: Dataset/Point/Pot_A/Pot_A_Piece_02_Point.pcd
Starting surface segmentation on: Temp/Data/Pot_A/Pot_A_Piece_02_SampledWithNormals.ply

Total points: 1
Number of clusters is equal to 0
Points in 
Calling mergeClusters function.
mergeClusters function called.
Single cluster found (iteration 2/30)...Increasing angle threshold (+2) and trying again...

Total points: 1
Number of clusters is equal to 0
Points in 
Calling mergeClusters function.
mergeClusters function called.
Single cluster found (iteration 3/30)...Increasing angle threshold (+2) and trying again...

Total points: 1
Number of clusters is equal to 0
Points in 
Calling mergeClusters function.
mergeClusters function called.
Single cluster found (iteration 4/30)...Increasing angle threshold (+2) and trying again...

Total points: 1
Number of clusters is equal to 0
Points in 
Calling mergeClusters function.
mergeClusters function called.
Single cluster found (iteration 5/30)...Increasing angle threshold (+2) and trying again...

Total points: 1
Number of clusters is equal to 0
Points in 
Calling mergeClusters function.
mergeClusters function called.
Single cluster found (iteration 6/30)...Increasing angle threshold (+2) and trying again...

Total points: 1
Number of clusters is equal to 0
Points in 
Calling mergeClusters function.
mergeClusters function called.
Single cluster found (iteration 7/30)...Increasing angle threshold (+2) and trying again...

Total points: 1
Number of clusters is equal to 0
Points in 
Calling mergeClusters function.
mergeClusters function called.
Single cluster found (iteration 8/30)...Increasing angle threshold (+2) and trying again...

Total points: 1
Number of clusters is equal to 0
Points in 
Calling mergeClusters function.
mergeClusters function called.
Single cluster found (iteration 9/30)...Increasing angle threshold (+2) and trying again...

Total points: 1
Number of clusters is equal to 0
Points in 
Calling mergeClusters function.
mergeClusters function called.
Single cluster found (iteration 10/30)...Increasing angle threshold (+2) and trying again...

Total points: 1
Number of clusters is equal to 0
Points in 
Calling mergeClusters function.
mergeClusters function called.
Single cluster found (iteration 11/30)...Increasing angle threshold (+2) and trying again...

Total points: 1
Number of clusters is equal to 0
Points in 
Calling mergeClusters function.
mergeClusters function called.
Single cluster found (iteration 12/30)...Increasing angle threshold (+2) and trying again...

Total points: 1
Number of clusters is equal to 0
Points in 
Calling mergeClusters function.
mergeClusters function called.
Single cluster found (iteration 13/30)...Increasing angle threshold (+2) and trying again...

Total points: 1
Number of clusters is equal to 0
Points in 
Calling mergeClusters function.
mergeClusters function called.
Single cluster found (iteration 14/30)...Increasing angle threshold (+2) and trying again...

Total points: 1
Number of clusters is equal to 0
Points in 
Calling mergeClusters function.
mergeClusters function called.
Single cluster found (iteration 15/30)...Increasing angle threshold (+2) and trying again...

Total points: 1
Number of clusters is equal to 0
Points in 
Calling mergeClusters function.
mergeClusters function called.
Single cluster found (iteration 16/30)...Increasing angle threshold (+2) and trying again...

Total points: 1
Number of clusters is equal to 0
Points in 
Calling mergeClusters function.
mergeClusters function called.
Single cluster found (iteration 17/30)...Increasing angle threshold (+2) and trying again...

Total points: 1
Number of clusters is equal to 0
Points in 
Calling mergeClusters function.
mergeClusters function called.
Single cluster found (iteration 18/30)...Increasing angle threshold (+2) and trying again...

Total points: 1
Number of clusters is equal to 0
Points in 
Calling mergeClusters function.
mergeClusters function called.
Single cluster found (iteration 19/30)...Increasing angle threshold (+2) and trying again...

Total points: 1
Number of clusters is equal to 0
Points in 
Calling mergeClusters function.
mergeClusters function called.
Single cluster found (iteration 20/30)...Increasing angle threshold (+2) and trying again...

Total points: 1
Number of clusters is equal to 0
Points in 
Calling mergeClusters function.
mergeClusters function called.
Single cluster found (iteration 21/30)...Increasing angle threshold (+2) and trying again...

Total points: 1
Number of clusters is equal to 0
Points in 
Calling mergeClusters function.
mergeClusters function called.
Single cluster found (iteration 22/30)...Increasing angle threshold (+2) and trying again...

Total points: 1
Number of clusters is equal to 0
Points in 
Calling mergeClusters function.
mergeClusters function called.
Single cluster found (iteration 23/30)...Increasing angle threshold (+2) and trying again...

Total points: 1
Number of clusters is equal to 0
Points in 
Calling mergeClusters function.
mergeClusters function called.
Single cluster found (iteration 24/30)...Increasing angle threshold (+2) and trying again...

Total points: 1
Number of clusters is equal to 0
Points in 
Calling mergeClusters function.
mergeClusters function called.
Single cluster found (iteration 25/30)...Increasing angle threshold (+2) and trying again...

Total points: 1
Number of clusters is equal to 0
Points in 
Calling mergeClusters function.
mergeClusters function called.
Single cluster found (iteration 26/30)...Increasing angle threshold (+2) and trying again...

Total points: 1
Number of clusters is equal to 0
Points in 
Calling mergeClusters function.
mergeClusters function called.
Single cluster found (iteration 27/30)...Increasing angle threshold (+2) and trying again...

Total points: 1
Number of clusters is equal to 0
Points in 
Calling mergeClusters function.
mergeClusters function called.
Single cluster found (iteration 28/30)...Increasing angle threshold (+2) and trying again...

Total points: 1
Number of clusters is equal to 0
Points in 
Calling mergeClusters function.
mergeClusters function called.
Single cluster found (iteration 29/30)...Increasing angle threshold (+2) and trying again...
Warning: Angle threshold reached minimum (-50). Using single cluster result.
Warning: Could not achieve 2 clusters after 28 iterations. Final cluster count: 0. Proceeding with available clusters.
Ply to XYZ start

Time after processing: 0.0661046 seconds
Copied Point file: Pot_A_Piece_03_Point.pcd
Copied Mesh file: Pot_A_Piece_03_Mesh.obj

Selected file: Dataset/Point/Pot_A/Pot_A_Piece_03_Point.pcd
Starting processing on: Dataset/Point/Pot_A/Pot_A_Piece_03_Point.pcd
Starting surface segmentation on: Temp/Data/Pot_A/Pot_A_Piece_03_SampledWithNormals.ply

Total points: 1
Number of clusters is equal to 0
Points in 
Calling mergeClusters function.
mergeClusters function called.
Single cluster found (iteration 2/30)...Increasing angle threshold (+2) and trying again...

Total points: 1
Number of clusters is equal to 0
Points in 
Calling mergeClusters function.
mergeClusters function called.
Single cluster found (iteration 3/30)...Increasing angle threshold (+2) and trying again...

Total points: 1
Number of clusters is equal to 0
Points in 
Calling mergeClusters function.
mergeClusters function called.
Single cluster found (iteration 4/30)...Increasing angle threshold (+2) and trying again...

Total points: 1
Number of clusters is equal to 0
Points in 
Calling mergeClusters function.
mergeClusters function called.
Single cluster found (iteration 5/30)...Increasing angle threshold (+2) and trying again...

Total points: 1
Number of clusters is equal to 0
Points in 
Calling mergeClusters function.
mergeClusters function called.
Single cluster found (iteration 6/30)...Increasing angle threshold (+2) and trying again...

Total points: 1
Number of clusters is equal to 0
Points in 
Calling mergeClusters function.
mergeClusters function called.
Single cluster found (iteration 7/30)...Increasing angle threshold (+2) and trying again...

Total points: 1
Number of clusters is equal to 0
Points in 
Calling mergeClusters function.
mergeClusters function called.
Single cluster found (iteration 8/30)...Increasing angle threshold (+2) and trying again...

Total points: 1
Number of clusters is equal to 0
Points in 
Calling mergeClusters function.
mergeClusters function called.
Single cluster found (iteration 9/30)...Increasing angle threshold (+2) and trying again...

Total points: 1
Number of clusters is equal to 0
Points in 
Calling mergeClusters function.
mergeClusters function called.
Single cluster found (iteration 10/30)...Increasing angle threshold (+2) and trying again...

Total points: 1
Number of clusters is equal to 0
Points in 
Calling mergeClusters function.
mergeClusters function called.
Single cluster found (iteration 11/30)...Increasing angle threshold (+2) and trying again...

Total points: 1
Number of clusters is equal to 0
Points in 
Calling mergeClusters function.
mergeClusters function called.
Single cluster found (iteration 12/30)...Increasing angle threshold (+2) and trying again...

Total points: 1
Number of clusters is equal to 0
Points in 
Calling mergeClusters function.
mergeClusters function called.
Single cluster found (iteration 13/30)...Increasing angle threshold (+2) and trying again...

Total points: 1
Number of clusters is equal to 0
Points in 
Calling mergeClusters function.
mergeClusters function called.
Single cluster found (iteration 14/30)...Increasing angle threshold (+2) and trying again...

Total points: 1
Number of clusters is equal to 0
Points in 
Calling mergeClusters function.
mergeClusters function called.
Single cluster found (iteration 15/30)...Increasing angle threshold (+2) and trying again...

Total points: 1
Number of clusters is equal to 0
Points in 
Calling mergeClusters function.
mergeClusters function called.
Single cluster found (iteration 16/30)...Increasing angle threshold (+2) and trying again...

Total points: 1
Number of clusters is equal to 0
Points in 
Calling mergeClusters function.
mergeClusters function called.
Single cluster found (iteration 17/30)...Increasing angle threshold (+2) and trying again...

Total points: 1
Number of clusters is equal to 0
Points in 
Calling mergeClusters function.
mergeClusters function called.
Single cluster found (iteration 18/30)...Increasing angle threshold (+2) and trying again...

Total points: 1
Number of clusters is equal to 0
Points in 
Calling mergeClusters function.
mergeClusters function called.
Single cluster found (iteration 19/30)...Increasing angle threshold (+2) and trying again...

Total points: 1
Number of clusters is equal to 0
Points in 
Calling mergeClusters function.
mergeClusters function called.
Single cluster found (iteration 20/30)...Increasing angle threshold (+2) and trying again...

Total points: 1
Number of clusters is equal to 0
Points in 
Calling mergeClusters function.
mergeClusters function called.
Single cluster found (iteration 21/30)...Increasing angle threshold (+2) and trying again...

Total points: 1
Number of clusters is equal to 0
Points in 
Calling mergeClusters function.
mergeClusters function called.
Single cluster found (iteration 22/30)...Increasing angle threshold (+2) and trying again...

Total points: 1
Number of clusters is equal to 0
Points in 
Calling mergeClusters function.
mergeClusters function called.
Single cluster found (iteration 23/30)...Increasing angle threshold (+2) and trying again...

Total points: 1
Number of clusters is equal to 0
Points in 
Calling mergeClusters function.
mergeClusters function called.
Single cluster found (iteration 24/30)...Increasing angle threshold (+2) and trying again...

Total points: 1
Number of clusters is equal to 0
Points in 
Calling mergeClusters function.
mergeClusters function called.
Single cluster found (iteration 25/30)...Increasing angle threshold (+2) and trying again...

Total points: 1
Number of clusters is equal to 0
Points in 
Calling mergeClusters function.
mergeClusters function called.
Single cluster found (iteration 26/30)...Increasing angle threshold (+2) and trying again...

Total points: 1
Number of clusters is equal to 0
Points in 
Calling mergeClusters function.
mergeClusters function called.
Single cluster found (iteration 27/30)...Increasing angle threshold (+2) and trying again...

Total points: 1
Number of clusters is equal to 0
Points in 
Calling mergeClusters function.
mergeClusters function called.
Single cluster found (iteration 28/30)...Increasing angle threshold (+2) and trying again...

Total points: 1
Number of clusters is equal to 0
Points in 
Calling mergeClusters function.
mergeClusters function called.
Single cluster found (iteration 29/30)...Increasing angle threshold (+2) and trying again...
Warning: Angle threshold reached minimum (-50). Using single cluster result.
Warning: Could not achieve 2 clusters after 28 iterations. Final cluster count: 0. Proceeding with available clusters.
Ply to XYZ start

Time after processing: 0.0672066 seconds
Copied Point file: Pot_A_Piece_04_Point.pcd
Copied Mesh file: Pot_A_Piece_04_Mesh.obj

Selected file: Dataset/Point/Pot_A/Pot_A_Piece_04_Point.pcd
Starting processing on: Dataset/Point/Pot_A/Pot_A_Piece_04_Point.pcd
Starting surface segmentation on: Temp/Data/Pot_A/Pot_A_Piece_04_SampledWithNormals.ply

Total points: 1
Number of clusters is equal to 0
Points in 
Calling mergeClusters function.
mergeClusters function called.
Single cluster found (iteration 2/30)...Increasing angle threshold (+2) and trying again...

Total points: 1
Number of clusters is equal to 0
Points in 
Calling mergeClusters function.
mergeClusters function called.
Single cluster found (iteration 3/30)...Increasing angle threshold (+2) and trying again...

Total points: 1
Number of clusters is equal to 0
Points in 
Calling mergeClusters function.
mergeClusters function called.
Single cluster found (iteration 4/30)...Increasing angle threshold (+2) and trying again...

Total points: 1
Number of clusters is equal to 0
Points in 
Calling mergeClusters function.
mergeClusters function called.
Single cluster found (iteration 5/30)...Increasing angle threshold (+2) and trying again...

Total points: 1
Number of clusters is equal to 0
Points in 
Calling mergeClusters function.
mergeClusters function called.
Single cluster found (iteration 6/30)...Increasing angle threshold (+2) and trying again...

Total points: 1
Number of clusters is equal to 0
Points in 
Calling mergeClusters function.
mergeClusters function called.
Single cluster found (iteration 7/30)...Increasing angle threshold (+2) and trying again...

Total points: 1
Number of clusters is equal to 0
Points in 
Calling mergeClusters function.
mergeClusters function called.
Single cluster found (iteration 8/30)...Increasing angle threshold (+2) and trying again...

Total points: 1
Number of clusters is equal to 0
Points in 
Calling mergeClusters function.
mergeClusters function called.
Single cluster found (iteration 9/30)...Increasing angle threshold (+2) and trying again...

Total points: 1
Number of clusters is equal to 0
Points in 
Calling mergeClusters function.
mergeClusters function called.
Single cluster found (iteration 10/30)...Increasing angle threshold (+2) and trying again...

Total points: 1
Number of clusters is equal to 0
Points in 
Calling mergeClusters function.
mergeClusters function called.
Single cluster found (iteration 11/30)...Increasing angle threshold (+2) and trying again...

Total points: 1
Number of clusters is equal to 0
Points in 
Calling mergeClusters function.
mergeClusters function called.
Single cluster found (iteration 12/30)...Increasing angle threshold (+2) and trying again...

Total points: 1
Number of clusters is equal to 0
Points in 
Calling mergeClusters function.
mergeClusters function called.
Single cluster found (iteration 13/30)...Increasing angle threshold (+2) and trying again...

Total points: 1
Number of clusters is equal to 0
Points in 
Calling mergeClusters function.
mergeClusters function called.
Single cluster found (iteration 14/30)...Increasing angle threshold (+2) and trying again...

Total points: 1
Number of clusters is equal to 0
Points in 
Calling mergeClusters function.
mergeClusters function called.
Single cluster found (iteration 15/30)...Increasing angle threshold (+2) and trying again...

Total points: 1
Number of clusters is equal to 0
Points in 
Calling mergeClusters function.
mergeClusters function called.
Single cluster found (iteration 16/30)...Increasing angle threshold (+2) and trying again...

Total points: 1
Number of clusters is equal to 0
Points in 
Calling mergeClusters function.
mergeClusters function called.
Single cluster found (iteration 17/30)...Increasing angle threshold (+2) and trying again...

Total points: 1
Number of clusters is equal to 0
Points in 
Calling mergeClusters function.
mergeClusters function called.
Single cluster found (iteration 18/30)...Increasing angle threshold (+2) and trying again...

Total points: 1
Number of clusters is equal to 0
Points in 
Calling mergeClusters function.
mergeClusters function called.
Single cluster found (iteration 19/30)...Increasing angle threshold (+2) and trying again...

Total points: 1
Number of clusters is equal to 0
Points in 
Calling mergeClusters function.
mergeClusters function called.
Single cluster found (iteration 20/30)...Increasing angle threshold (+2) and trying again...

Total points: 1
Number of clusters is equal to 0
Points in 
Calling mergeClusters function.
mergeClusters function called.
Single cluster found (iteration 21/30)...Increasing angle threshold (+2) and trying again...

Total points: 1
Number of clusters is equal to 0
Points in 
Calling mergeClusters function.
mergeClusters function called.
Single cluster found (iteration 22/30)...Increasing angle threshold (+2) and trying again...

Total points: 1
Number of clusters is equal to 0
Points in 
Calling mergeClusters function.
mergeClusters function called.
Single cluster found (iteration 23/30)...Increasing angle threshold (+2) and trying again...

Total points: 1
Number of clusters is equal to 0
Points in 
Calling mergeClusters function.
mergeClusters function called.
Single cluster found (iteration 24/30)...Increasing angle threshold (+2) and trying again...

Total points: 1
Number of clusters is equal to 0
Points in 
Calling mergeClusters function.
mergeClusters function called.
Single cluster found (iteration 25/30)...Increasing angle threshold (+2) and trying again...

Total points: 1
Number of clusters is equal to 0
Points in 
Calling mergeClusters function.
mergeClusters function called.
Single cluster found (iteration 26/30)...Increasing angle threshold (+2) and trying again...

Total points: 1
Number of clusters is equal to 0
Points in 
Calling mergeClusters function.
mergeClusters function called.
Single cluster found (iteration 27/30)...Increasing angle threshold (+2) and trying again...

Total points: 1
Number of clusters is equal to 0
Points in 
Calling mergeClusters function.
mergeClusters function called.
Single cluster found (iteration 28/30)...Increasing angle threshold (+2) and trying again...

Total points: 1
Number of clusters is equal to 0
Points in 
Calling mergeClusters function.
mergeClusters function called.
Single cluster found (iteration 29/30)...Increasing angle threshold (+2) and trying again...
Warning: Angle threshold reached minimum (-50). Using single cluster result.
Warning: Could not achieve 2 clusters after 28 iterations. Final cluster count: 0. Proceeding with available clusters.
Ply to XYZ start

Time after processing: 0.0680236 seconds
Copied Point file: Pot_A_Piece_05_Point.pcd
Copied Mesh file: Pot_A_Piece_05_Mesh.obj

Selected file: Dataset/Point/Pot_A/Pot_A_Piece_05_Point.pcd
Starting processing on: Dataset/Point/Pot_A/Pot_A_Piece_05_Point.pcd
Starting surface segmentation on: Temp/Data/Pot_A/Pot_A_Piece_05_SampledWithNormals.ply

Total points: 1
Number of clusters is equal to 0
Points in 
Calling mergeClusters function.
mergeClusters function called.
Single cluster found (iteration 2/30)...Increasing angle threshold (+2) and trying again...

Total points: 1
Number of clusters is equal to 0
Points in 
Calling mergeClusters function.
mergeClusters function called.
Single cluster found (iteration 3/30)...Increasing angle threshold (+2) and trying again...

Total points: 1
Number of clusters is equal to 0
Points in 
Calling mergeClusters function.
mergeClusters function called.
Single cluster found (iteration 4/30)...Increasing angle threshold (+2) and trying again...

Total points: 1
Number of clusters is equal to 0
Points in 
Calling mergeClusters function.
mergeClusters function called.
Single cluster found (iteration 5/30)...Increasing angle threshold (+2) and trying again...

Total points: 1
Number of clusters is equal to 0
Points in 
Calling mergeClusters function.
mergeClusters function called.
Single cluster found (iteration 6/30)...Increasing angle threshold (+2) and trying again...

Total points: 1
Number of clusters is equal to 0
Points in 
Calling mergeClusters function.
mergeClusters function called.
Single cluster found (iteration 7/30)...Increasing angle threshold (+2) and trying again...

Total points: 1
Number of clusters is equal to 0
Points in 
Calling mergeClusters function.
mergeClusters function called.
Single cluster found (iteration 8/30)...Increasing angle threshold (+2) and trying again...

Total points: 1
Number of clusters is equal to 0
Points in 
Calling mergeClusters function.
mergeClusters function called.
Single cluster found (iteration 9/30)...Increasing angle threshold (+2) and trying again...

Total points: 1
Number of clusters is equal to 0
Points in 
Calling mergeClusters function.
mergeClusters function called.
Single cluster found (iteration 10/30)...Increasing angle threshold (+2) and trying again...

Total points: 1
Number of clusters is equal to 0
Points in 
Calling mergeClusters function.
mergeClusters function called.
Single cluster found (iteration 11/30)...Increasing angle threshold (+2) and trying again...

Total points: 1
Number of clusters is equal to 0
Points in 
Calling mergeClusters function.
mergeClusters function called.
Single cluster found (iteration 12/30)...Increasing angle threshold (+2) and trying again...

Total points: 1
Number of clusters is equal to 0
Points in 
Calling mergeClusters function.
mergeClusters function called.
Single cluster found (iteration 13/30)...Increasing angle threshold (+2) and trying again...

Total points: 1
Number of clusters is equal to 0
Points in 
Calling mergeClusters function.
mergeClusters function called.
Single cluster found (iteration 14/30)...Increasing angle threshold (+2) and trying again...

Total points: 1
Number of clusters is equal to 0
Points in 
Calling mergeClusters function.
mergeClusters function called.
Single cluster found (iteration 15/30)...Increasing angle threshold (+2) and trying again...

Total points: 1
Number of clusters is equal to 0
Points in 
Calling mergeClusters function.
mergeClusters function called.
Single cluster found (iteration 16/30)...Increasing angle threshold (+2) and trying again...

Total points: 1
Number of clusters is equal to 0
Points in 
Calling mergeClusters function.
mergeClusters function called.
Single cluster found (iteration 17/30)...Increasing angle threshold (+2) and trying again...

Total points: 1
Number of clusters is equal to 0
Points in 
Calling mergeClusters function.
mergeClusters function called.
Single cluster found (iteration 18/30)...Increasing angle threshold (+2) and trying again...

Total points: 1
Number of clusters is equal to 0
Points in 
Calling mergeClusters function.
mergeClusters function called.
Single cluster found (iteration 19/30)...Increasing angle threshold (+2) and trying again...

Total points: 1
Number of clusters is equal to 0
Points in 
Calling mergeClusters function.
mergeClusters function called.
Single cluster found (iteration 20/30)...Increasing angle threshold (+2) and trying again...

Total points: 1
Number of clusters is equal to 0
Points in 
Calling mergeClusters function.
mergeClusters function called.
Single cluster found (iteration 21/30)...Increasing angle threshold (+2) and trying again...

Total points: 1
Number of clusters is equal to 0
Points in 
Calling mergeClusters function.
mergeClusters function called.
Single cluster found (iteration 22/30)...Increasing angle threshold (+2) and trying again...

Total points: 1
Number of clusters is equal to 0
Points in 
Calling mergeClusters function.
mergeClusters function called.
Single cluster found (iteration 23/30)...Increasing angle threshold (+2) and trying again...

Total points: 1
Number of clusters is equal to 0
Points in 
Calling mergeClusters function.
mergeClusters function called.
Single cluster found (iteration 24/30)...Increasing angle threshold (+2) and trying again...

Total points: 1
Number of clusters is equal to 0
Points in 
Calling mergeClusters function.
mergeClusters function called.
Single cluster found (iteration 25/30)...Increasing angle threshold (+2) and trying again...

Total points: 1
Number of clusters is equal to 0
Points in 
Calling mergeClusters function.
mergeClusters function called.
Single cluster found (iteration 26/30)...Increasing angle threshold (+2) and trying again...

Total points: 1
Number of clusters is equal to 0
Points in 
Calling mergeClusters function.
mergeClusters function called.
Single cluster found (iteration 27/30)...Increasing angle threshold (+2) and trying again...

Total points: 1
Number of clusters is equal to 0
Points in 
Calling mergeClusters function.
mergeClusters function called.
Single cluster found (iteration 28/30)...Increasing angle threshold (+2) and trying again...

Total points: 1
Number of clusters is equal to 0
Points in 
Calling mergeClusters function.
mergeClusters function called.
Single cluster found (iteration 29/30)...Increasing angle threshold (+2) and trying again...
Warning: Angle threshold reached minimum (-50). Using single cluster result.
Warning: Could not achieve 2 clusters after 28 iterations. Final cluster count: 0. Proceeding with available clusters.
Ply to XYZ start

Time after processing: 0.0675917 seconds
Copied Point file: Pot_A_Piece_06_Point.pcd
Copied Mesh file: Pot_A_Piece_06_Mesh.obj

Selected file: Dataset/Point/Pot_A/Pot_A_Piece_06_Point.pcd
Starting processing on: Dataset/Point/Pot_A/Pot_A_Piece_06_Point.pcd
Starting surface segmentation on: Temp/Data/Pot_A/Pot_A_Piece_06_SampledWithNormals.ply

Total points: 1
Number of clusters is equal to 0
Points in 
Calling mergeClusters function.
mergeClusters function called.
Single cluster found (iteration 2/30)...Increasing angle threshold (+2) and trying again...

Total points: 1
Number of clusters is equal to 0
Points in 
Calling mergeClusters function.
mergeClusters function called.
Single cluster found (iteration 3/30)...Increasing angle threshold (+2) and trying again...

Total points: 1
Number of clusters is equal to 0
Points in 
Calling mergeClusters function.
mergeClusters function called.
Single cluster found (iteration 4/30)...Increasing angle threshold (+2) and trying again...

Total points: 1
Number of clusters is equal to 0
Points in 
Calling mergeClusters function.
mergeClusters function called.
Single cluster found (iteration 5/30)...Increasing angle threshold (+2) and trying again...

Total points: 1
Number of clusters is equal to 0
Points in 
Calling mergeClusters function.
mergeClusters function called.
Single cluster found (iteration 6/30)...Increasing angle threshold (+2) and trying again...

Total points: 1
Number of clusters is equal to 0
Points in 
Calling mergeClusters function.
mergeClusters function called.
Single cluster found (iteration 7/30)...Increasing angle threshold (+2) and trying again...

Total points: 1
Number of clusters is equal to 0
Points in 
Calling mergeClusters function.
mergeClusters function called.
Single cluster found (iteration 8/30)...Increasing angle threshold (+2) and trying again...

Total points: 1
Number of clusters is equal to 0
Points in 
Calling mergeClusters function.
mergeClusters function called.
Single cluster found (iteration 9/30)...Increasing angle threshold (+2) and trying again...

Total points: 1
Number of clusters is equal to 0
Points in 
Calling mergeClusters function.
mergeClusters function called.
Single cluster found (iteration 10/30)...Increasing angle threshold (+2) and trying again...

Total points: 1
Number of clusters is equal to 0
Points in 
Calling mergeClusters function.
mergeClusters function called.
Single cluster found (iteration 11/30)...Increasing angle threshold (+2) and trying again...

Total points: 1
Number of clusters is equal to 0
Points in 
Calling mergeClusters function.
mergeClusters function called.
Single cluster found (iteration 12/30)...Increasing angle threshold (+2) and trying again...

Total points: 1
Number of clusters is equal to 0
Points in 
Calling mergeClusters function.
mergeClusters function called.
Single cluster found (iteration 13/30)...Increasing angle threshold (+2) and trying again...

Total points: 1
Number of clusters is equal to 0
Points in 
Calling mergeClusters function.
mergeClusters function called.
Single cluster found (iteration 14/30)...Increasing angle threshold (+2) and trying again...

Total points: 1
Number of clusters is equal to 0
Points in 
Calling mergeClusters function.
mergeClusters function called.
Single cluster found (iteration 15/30)...Increasing angle threshold (+2) and trying again...

Total points: 1
Number of clusters is equal to 0
Points in 
Calling mergeClusters function.
mergeClusters function called.
Single cluster found (iteration 16/30)...Increasing angle threshold (+2) and trying again...

Total points: 1
Number of clusters is equal to 0
Points in 
Calling mergeClusters function.
mergeClusters function called.
Single cluster found (iteration 17/30)...Increasing angle threshold (+2) and trying again...

Total points: 1
Number of clusters is equal to 0
Points in 
Calling mergeClusters function.
mergeClusters function called.
Single cluster found (iteration 18/30)...Increasing angle threshold (+2) and trying again...

Total points: 1
Number of clusters is equal to 0
Points in 
Calling mergeClusters function.
mergeClusters function called.
Single cluster found (iteration 19/30)...Increasing angle threshold (+2) and trying again...

Total points: 1
Number of clusters is equal to 0
Points in 
Calling mergeClusters function.
mergeClusters function called.
Single cluster found (iteration 20/30)...Increasing angle threshold (+2) and trying again...

Total points: 1
Number of clusters is equal to 0
Points in 
Calling mergeClusters function.
mergeClusters function called.
Single cluster found (iteration 21/30)...Increasing angle threshold (+2) and trying again...

Total points: 1
Number of clusters is equal to 0
Points in 
Calling mergeClusters function.
mergeClusters function called.
Single cluster found (iteration 22/30)...Increasing angle threshold (+2) and trying again...

Total points: 1
Number of clusters is equal to 0
Points in 
Calling mergeClusters function.
mergeClusters function called.
Single cluster found (iteration 23/30)...Increasing angle threshold (+2) and trying again...

Total points: 1
Number of clusters is equal to 0
Points in 
Calling mergeClusters function.
mergeClusters function called.
Single cluster found (iteration 24/30)...Increasing angle threshold (+2) and trying again...

Total points: 1
Number of clusters is equal to 0
Points in 
Calling mergeClusters function.
mergeClusters function called.
Single cluster found (iteration 25/30)...Increasing angle threshold (+2) and trying again...

Total points: 1
Number of clusters is equal to 0
Points in 
Calling mergeClusters function.
mergeClusters function called.
Single cluster found (iteration 26/30)...Increasing angle threshold (+2) and trying again...

Total points: 1
Number of clusters is equal to 0
Points in 
Calling mergeClusters function.
mergeClusters function called.
Single cluster found (iteration 27/30)...Increasing angle threshold (+2) and trying again...

Total points: 1
Number of clusters is equal to 0
Points in 
Calling mergeClusters function.
mergeClusters function called.
Single cluster found (iteration 28/30)...Increasing angle threshold (+2) and trying again...

Total points: 1
Number of clusters is equal to 0
Points in 
Calling mergeClusters function.
mergeClusters function called.
Single cluster found (iteration 29/30)...Increasing angle threshold (+2) and trying again...
Warning: Angle threshold reached minimum (-50). Using single cluster result.
Warning: Could not achieve 2 clusters after 28 iterations. Final cluster count: 0. Proceeding with available clusters.
Ply to XYZ start

Time after processing: 0.0656585 seconds
Copied Point file: Pot_A_Piece_07_Point.pcd
Copied Mesh file: Pot_A_Piece_07_Mesh.obj

Selected file: Dataset/Point/Pot_A/Pot_A_Piece_07_Point.pcd
Starting processing on: Dataset/Point/Pot_A/Pot_A_Piece_07_Point.pcd
Starting surface segmentation on: Temp/Data/Pot_A/Pot_A_Piece_07_SampledWithNormals.ply

Total points: 1
Number of clusters is equal to 0
Points in 
Calling mergeClusters function.
mergeClusters function called.
Single cluster found (iteration 2/30)...Increasing angle threshold (+2) and trying again...

Total points: 1
Number of clusters is equal to 0
Points in 
Calling mergeClusters function.
mergeClusters function called.
Single cluster found (iteration 3/30)...Increasing angle threshold (+2) and trying again...

Total points: 1
Number of clusters is equal to 0
Points in 
Calling mergeClusters function.
mergeClusters function called.
Single cluster found (iteration 4/30)...Increasing angle threshold (+2) and trying again...

Total points: 1
Number of clusters is equal to 0
Points in 
Calling mergeClusters function.
mergeClusters function called.
Single cluster found (iteration 5/30)...Increasing angle threshold (+2) and trying again...

Total points: 1
Number of clusters is equal to 0
Points in 
Calling mergeClusters function.
mergeClusters function called.
Single cluster found (iteration 6/30)...Increasing angle threshold (+2) and trying again...

Total points: 1
Number of clusters is equal to 0
Points in 
Calling mergeClusters function.
mergeClusters function called.
Single cluster found (iteration 7/30)...Increasing angle threshold (+2) and trying again...

Total points: 1
Number of clusters is equal to 0
Points in 
Calling mergeClusters function.
mergeClusters function called.
Single cluster found (iteration 8/30)...Increasing angle threshold (+2) and trying again...

Total points: 1
Number of clusters is equal to 0
Points in 
Calling mergeClusters function.
mergeClusters function called.
Single cluster found (iteration 9/30)...Increasing angle threshold (+2) and trying again...

Total points: 1
Number of clusters is equal to 0
Points in 
Calling mergeClusters function.
mergeClusters function called.
Single cluster found (iteration 10/30)...Increasing angle threshold (+2) and trying again...

Total points: 1
Number of clusters is equal to 0
Points in 
Calling mergeClusters function.
mergeClusters function called.
Single cluster found (iteration 11/30)...Increasing angle threshold (+2) and trying again...

Total points: 1
Number of clusters is equal to 0
Points in 
Calling mergeClusters function.
mergeClusters function called.
Single cluster found (iteration 12/30)...Increasing angle threshold (+2) and trying again...

Total points: 1
Number of clusters is equal to 0
Points in 
Calling mergeClusters function.
mergeClusters function called.
Single cluster found (iteration 13/30)...Increasing angle threshold (+2) and trying again...

Total points: 1
Number of clusters is equal to 0
Points in 
Calling mergeClusters function.
mergeClusters function called.
Single cluster found (iteration 14/30)...Increasing angle threshold (+2) and trying again...

Total points: 1
Number of clusters is equal to 0
Points in 
Calling mergeClusters function.
mergeClusters function called.
Single cluster found (iteration 15/30)...Increasing angle threshold (+2) and trying again...

Total points: 1
Number of clusters is equal to 0
Points in 
Calling mergeClusters function.
mergeClusters function called.
Single cluster found (iteration 16/30)...Increasing angle threshold (+2) and trying again...

Total points: 1
Number of clusters is equal to 0
Points in 
Calling mergeClusters function.
mergeClusters function called.
Single cluster found (iteration 17/30)...Increasing angle threshold (+2) and trying again...

Total points: 1
Number of clusters is equal to 0
Points in 
Calling mergeClusters function.
mergeClusters function called.
Single cluster found (iteration 18/30)...Increasing angle threshold (+2) and trying again...

Total points: 1
Number of clusters is equal to 0
Points in 
Calling mergeClusters function.
mergeClusters function called.
Single cluster found (iteration 19/30)...Increasing angle threshold (+2) and trying again...

Total points: 1
Number of clusters is equal to 0
Points in 
Calling mergeClusters function.
mergeClusters function called.
Single cluster found (iteration 20/30)...Increasing angle threshold (+2) and trying again...

Total points: 1
Number of clusters is equal to 0
Points in 
Calling mergeClusters function.
mergeClusters function called.
Single cluster found (iteration 21/30)...Increasing angle threshold (+2) and trying again...

Total points: 1
Number of clusters is equal to 0
Points in 
Calling mergeClusters function.
mergeClusters function called.
Single cluster found (iteration 22/30)...Increasing angle threshold (+2) and trying again...

Total points: 1
Number of clusters is equal to 0
Points in 
Calling mergeClusters function.
mergeClusters function called.
Single cluster found (iteration 23/30)...Increasing angle threshold (+2) and trying again...

Total points: 1
Number of clusters is equal to 0
Points in 
Calling mergeClusters function.
mergeClusters function called.
Single cluster found (iteration 24/30)...Increasing angle threshold (+2) and trying again...

Total points: 1
Number of clusters is equal to 0
Points in 
Calling mergeClusters function.
mergeClusters function called.
Single cluster found (iteration 25/30)...Increasing angle threshold (+2) and trying again...

Total points: 1
Number of clusters is equal to 0
Points in 
Calling mergeClusters function.
mergeClusters function called.
Single cluster found (iteration 26/30)...Increasing angle threshold (+2) and trying again...

Total points: 1
Number of clusters is equal to 0
Points in 
Calling mergeClusters function.
mergeClusters function called.
Single cluster found (iteration 27/30)...Increasing angle threshold (+2) and trying again...

Total points: 1
Number of clusters is equal to 0
Points in 
Calling mergeClusters function.
mergeClusters function called.
Single cluster found (iteration 28/30)...Increasing angle threshold (+2) and trying again...

Total points: 1
Number of clusters is equal to 0
Points in 
Calling mergeClusters function.
mergeClusters function called.
Single cluster found (iteration 29/30)...Increasing angle threshold (+2) and trying again...
Warning: Angle threshold reached minimum (-50). Using single cluster result.
Warning: Could not achieve 2 clusters after 28 iterations. Final cluster count: 0. Proceeding with available clusters.
Ply to XYZ start

Time after processing: 0.0667599 seconds
Copied Point file: Pot_A_Piece_08_Point.pcd
Copied Mesh file: Pot_A_Piece_08_Mesh.obj

Selected file: Dataset/Point/Pot_A/Pot_A_Piece_08_Point.pcd
Starting processing on: Dataset/Point/Pot_A/Pot_A_Piece_08_Point.pcd
Starting surface segmentation on: Temp/Data/Pot_A/Pot_A_Piece_08_SampledWithNormals.ply

Total points: 1
Number of clusters is equal to 0
Points in 
Calling mergeClusters function.
mergeClusters function called.
Single cluster found (iteration 2/30)...Increasing angle threshold (+2) and trying again...

Total points: 1
Number of clusters is equal to 0
Points in 
Calling mergeClusters function.
mergeClusters function called.
Single cluster found (iteration 3/30)...Increasing angle threshold (+2) and trying again...

Total points: 1
Number of clusters is equal to 0
Points in 
Calling mergeClusters function.
mergeClusters function called.
Single cluster found (iteration 4/30)...Increasing angle threshold (+2) and trying again...

Total points: 1
Number of clusters is equal to 0
Points in 
Calling mergeClusters function.
mergeClusters function called.
Single cluster found (iteration 5/30)...Increasing angle threshold (+2) and trying again...

Total points: 1
Number of clusters is equal to 0
Points in 
Calling mergeClusters function.
mergeClusters function called.
Single cluster found (iteration 6/30)...Increasing angle threshold (+2) and trying again...

Total points: 1
Number of clusters is equal to 0
Points in 
Calling mergeClusters function.
mergeClusters function called.
Single cluster found (iteration 7/30)...Increasing angle threshold (+2) and trying again...

Total points: 1
Number of clusters is equal to 0
Points in 
Calling mergeClusters function.
mergeClusters function called.
Single cluster found (iteration 8/30)...Increasing angle threshold (+2) and trying again...

Total points: 1
Number of clusters is equal to 0
Points in 
Calling mergeClusters function.
mergeClusters function called.
Single cluster found (iteration 9/30)...Increasing angle threshold (+2) and trying again...

Total points: 1
Number of clusters is equal to 0
Points in 
Calling mergeClusters function.
mergeClusters function called.
Single cluster found (iteration 10/30)...Increasing angle threshold (+2) and trying again...

Total points: 1
Number of clusters is equal to 0
Points in 
Calling mergeClusters function.
mergeClusters function called.
Single cluster found (iteration 11/30)...Increasing angle threshold (+2) and trying again...

Total points: 1
Number of clusters is equal to 0
Points in 
Calling mergeClusters function.
mergeClusters function called.
Single cluster found (iteration 12/30)...Increasing angle threshold (+2) and trying again...

Total points: 1
Number of clusters is equal to 0
Points in 
Calling mergeClusters function.
mergeClusters function called.
Single cluster found (iteration 13/30)...Increasing angle threshold (+2) and trying again...

Total points: 1
Number of clusters is equal to 0
Points in 
Calling mergeClusters function.
mergeClusters function called.
Single cluster found (iteration 14/30)...Increasing angle threshold (+2) and trying again...

Total points: 1
Number of clusters is equal to 0
Points in 
Calling mergeClusters function.
mergeClusters function called.
Single cluster found (iteration 15/30)...Increasing angle threshold (+2) and trying again...

Total points: 1
Number of clusters is equal to 0
Points in 
Calling mergeClusters function.
mergeClusters function called.
Single cluster found (iteration 16/30)...Increasing angle threshold (+2) and trying again...

Total points: 1
Number of clusters is equal to 0
Points in 
Calling mergeClusters function.
mergeClusters function called.
Single cluster found (iteration 17/30)...Increasing angle threshold (+2) and trying again...

Total points: 1
Number of clusters is equal to 0
Points in 
Calling mergeClusters function.
mergeClusters function called.
Single cluster found (iteration 18/30)...Increasing angle threshold (+2) and trying again...

Total points: 1
Number of clusters is equal to 0
Points in 
Calling mergeClusters function.
mergeClusters function called.
Single cluster found (iteration 19/30)...Increasing angle threshold (+2) and trying again...

Total points: 1
Number of clusters is equal to 0
Points in 
Calling mergeClusters function.
mergeClusters function called.
Single cluster found (iteration 20/30)...Increasing angle threshold (+2) and trying again...

Total points: 1
Number of clusters is equal to 0
Points in 
Calling mergeClusters function.
mergeClusters function called.
Single cluster found (iteration 21/30)...Increasing angle threshold (+2) and trying again...

Total points: 1
Number of clusters is equal to 0
Points in 
Calling mergeClusters function.
mergeClusters function called.
Single cluster found (iteration 22/30)...Increasing angle threshold (+2) and trying again...

Total points: 1
Number of clusters is equal to 0
Points in 
Calling mergeClusters function.
mergeClusters function called.
Single cluster found (iteration 23/30)...Increasing angle threshold (+2) and trying again...

Total points: 1
Number of clusters is equal to 0
Points in 
Calling mergeClusters function.
mergeClusters function called.
Single cluster found (iteration 24/30)...Increasing angle threshold (+2) and trying again...

Total points: 1
Number of clusters is equal to 0
Points in 
Calling mergeClusters function.
mergeClusters function called.
Single cluster found (iteration 25/30)...Increasing angle threshold (+2) and trying again...

Total points: 1
Number of clusters is equal to 0
Points in 
Calling mergeClusters function.
mergeClusters function called.
Single cluster found (iteration 26/30)...Increasing angle threshold (+2) and trying again...

Total points: 1
Number of clusters is equal to 0
Points in 
Calling mergeClusters function.
mergeClusters function called.
Single cluster found (iteration 27/30)...Increasing angle threshold (+2) and trying again...

Total points: 1
Number of clusters is equal to 0
Points in 
Calling mergeClusters function.
mergeClusters function called.
Single cluster found (iteration 28/30)...Increasing angle threshold (+2) and trying again...

Total points: 1
Number of clusters is equal to 0
Points in 
Calling mergeClusters function.
mergeClusters function called.
Single cluster found (iteration 29/30)...Increasing angle threshold (+2) and trying again...
Warning: Angle threshold reached minimum (-50). Using single cluster result.
Warning: Could not achieve 2 clusters after 28 iterations. Final cluster count: 0. Proceeding with available clusters.
Ply to XYZ start

Time after processing: 0.0689141 seconds
Copied Point file: Pot_A_Piece_09_Point.pcd
Copied Mesh file: Pot_A_Piece_09_Mesh.obj

Selected file: Dataset/Point/Pot_A/Pot_A_Piece_09_Point.pcd
Starting processing on: Dataset/Point/Pot_A/Pot_A_Piece_09_Point.pcd
Starting surface segmentation on: Temp/Data/Pot_A/Pot_A_Piece_09_SampledWithNormals.ply

Total points: 1
Number of clusters is equal to 0
Points in 
Calling mergeClusters function.
mergeClusters function called.
Single cluster found (iteration 2/30)...Increasing angle threshold (+2) and trying again...

Total points: 1
Number of clusters is equal to 0
Points in 
Calling mergeClusters function.
mergeClusters function called.
Single cluster found (iteration 3/30)...Increasing angle threshold (+2) and trying again...

Total points: 1
Number of clusters is equal to 0
Points in 
Calling mergeClusters function.
mergeClusters function called.
Single cluster found (iteration 4/30)...Increasing angle threshold (+2) and trying again...

Total points: 1
Number of clusters is equal to 0
Points in 
Calling mergeClusters function.
mergeClusters function called.
Single cluster found (iteration 5/30)...Increasing angle threshold (+2) and trying again...

Total points: 1
Number of clusters is equal to 0
Points in 
Calling mergeClusters function.
mergeClusters function called.
Single cluster found (iteration 6/30)...Increasing angle threshold (+2) and trying again...

Total points: 1
Number of clusters is equal to 0
Points in 
Calling mergeClusters function.
mergeClusters function called.
Single cluster found (iteration 7/30)...Increasing angle threshold (+2) and trying again...

Total points: 1
Number of clusters is equal to 0
Points in 
Calling mergeClusters function.
mergeClusters function called.
Single cluster found (iteration 8/30)...Increasing angle threshold (+2) and trying again...

Total points: 1
Number of clusters is equal to 0
Points in 
Calling mergeClusters function.
mergeClusters function called.
Single cluster found (iteration 9/30)...Increasing angle threshold (+2) and trying again...

Total points: 1
Number of clusters is equal to 0
Points in 
Calling mergeClusters function.
mergeClusters function called.
Single cluster found (iteration 10/30)...Increasing angle threshold (+2) and trying again...

Total points: 1
Number of clusters is equal to 0
Points in 
Calling mergeClusters function.
mergeClusters function called.
Single cluster found (iteration 11/30)...Increasing angle threshold (+2) and trying again...

Total points: 1
Number of clusters is equal to 0
Points in 
Calling mergeClusters function.
mergeClusters function called.
Single cluster found (iteration 12/30)...Increasing angle threshold (+2) and trying again...

Total points: 1
Number of clusters is equal to 0
Points in 
Calling mergeClusters function.
mergeClusters function called.
Single cluster found (iteration 13/30)...Increasing angle threshold (+2) and trying again...

Total points: 1
Number of clusters is equal to 0
Points in 
Calling mergeClusters function.
mergeClusters function called.
Single cluster found (iteration 14/30)...Increasing angle threshold (+2) and trying again...

Total points: 1
Number of clusters is equal to 0
Points in 
Calling mergeClusters function.
mergeClusters function called.
Single cluster found (iteration 15/30)...Increasing angle threshold (+2) and trying again...

Total points: 1
Number of clusters is equal to 0
Points in 
Calling mergeClusters function.
mergeClusters function called.
Single cluster found (iteration 16/30)...Increasing angle threshold (+2) and trying again...

Total points: 1
Number of clusters is equal to 0
Points in 
Calling mergeClusters function.
mergeClusters function called.
Single cluster found (iteration 17/30)...Increasing angle threshold (+2) and trying again...

Total points: 1
Number of clusters is equal to 0
Points in 
Calling mergeClusters function.
mergeClusters function called.
Single cluster found (iteration 18/30)...Increasing angle threshold (+2) and trying again...

Total points: 1
Number of clusters is equal to 0
Points in 
Calling mergeClusters function.
mergeClusters function called.
Single cluster found (iteration 19/30)...Increasing angle threshold (+2) and trying again...

Total points: 1
Number of clusters is equal to 0
Points in 
Calling mergeClusters function.
mergeClusters function called.
Single cluster found (iteration 20/30)...Increasing angle threshold (+2) and trying again...

Total points: 1
Number of clusters is equal to 0
Points in 
Calling mergeClusters function.
mergeClusters function called.
Single cluster found (iteration 21/30)...Increasing angle threshold (+2) and trying again...

Total points: 1
Number of clusters is equal to 0
Points in 
Calling mergeClusters function.
mergeClusters function called.
Single cluster found (iteration 22/30)...Increasing angle threshold (+2) and trying again...

Total points: 1
Number of clusters is equal to 0
Points in 
Calling mergeClusters function.
mergeClusters function called.
Single cluster found (iteration 23/30)...Increasing angle threshold (+2) and trying again...

Total points: 1
Number of clusters is equal to 0
Points in 
Calling mergeClusters function.
mergeClusters function called.
Single cluster found (iteration 24/30)...Increasing angle threshold (+2) and trying again...

Total points: 1
Number of clusters is equal to 0
Points in 
Calling mergeClusters function.
mergeClusters function called.
Single cluster found (iteration 25/30)...Increasing angle threshold (+2) and trying again...

Total points: 1
Number of clusters is equal to 0
Points in 
Calling mergeClusters function.
mergeClusters function called.
Single cluster found (iteration 26/30)...Increasing angle threshold (+2) and trying again...

Total points: 1
Number of clusters is equal to 0
Points in 
Calling mergeClusters function.
mergeClusters function called.
Single cluster found (iteration 27/30)...Increasing angle threshold (+2) and trying again...

Total points: 1
Number of clusters is equal to 0
Points in 
Calling mergeClusters function.
mergeClusters function called.
Single cluster found (iteration 28/30)...Increasing angle threshold (+2) and trying again...

Total points: 1
Number of clusters is equal to 0
Points in 
Calling mergeClusters function.
mergeClusters function called.
Single cluster found (iteration 29/30)...Increasing angle threshold (+2) and trying again...
Warning: Angle threshold reached minimum (-50). Using single cluster result.
Warning: Could not achieve 2 clusters after 28 iterations. Final cluster count: 0. Proceeding with available clusters.
Ply to XYZ start

Time after processing: 0.0677338 seconds
Copied Point file: Pot_A_Piece_10_Point.pcd
Copied Mesh file: Pot_A_Piece_10_Mesh.obj

Selected file: Dataset/Point/Pot_A/Pot_A_Piece_10_Point.pcd
Starting processing on: Dataset/Point/Pot_A/Pot_A_Piece_10_Point.pcd
Starting surface segmentation on: Temp/Data/Pot_A/Pot_A_Piece_10_SampledWithNormals.ply

Total points: 1
Number of clusters is equal to 0
Points in 
Calling mergeClusters function.
mergeClusters function called.
Single cluster found (iteration 2/30)...Increasing angle threshold (+2) and trying again...

Total points: 1
Number of clusters is equal to 0
Points in 
Calling mergeClusters function.
mergeClusters function called.
Single cluster found (iteration 3/30)...Increasing angle threshold (+2) and trying again...

Total points: 1
Number of clusters is equal to 0
Points in 
Calling mergeClusters function.
mergeClusters function called.
Single cluster found (iteration 4/30)...Increasing angle threshold (+2) and trying again...

Total points: 1
Number of clusters is equal to 0
Points in 
Calling mergeClusters function.
mergeClusters function called.
Single cluster found (iteration 5/30)...Increasing angle threshold (+2) and trying again...

Total points: 1
Number of clusters is equal to 0
Points in 
Calling mergeClusters function.
mergeClusters function called.
Single cluster found (iteration 6/30)...Increasing angle threshold (+2) and trying again...

Total points: 1
Number of clusters is equal to 0
Points in 
Calling mergeClusters function.
mergeClusters function called.
Single cluster found (iteration 7/30)...Increasing angle threshold (+2) and trying again...

Total points: 1
Number of clusters is equal to 0
Points in 
Calling mergeClusters function.
mergeClusters function called.
Single cluster found (iteration 8/30)...Increasing angle threshold (+2) and trying again...

Total points: 1
Number of clusters is equal to 0
Points in 
Calling mergeClusters function.
mergeClusters function called.
Single cluster found (iteration 9/30)...Increasing angle threshold (+2) and trying again...

Total points: 1
Number of clusters is equal to 0
Points in 
Calling mergeClusters function.
mergeClusters function called.
Single cluster found (iteration 10/30)...Increasing angle threshold (+2) and trying again...

Total points: 1
Number of clusters is equal to 0
Points in 
Calling mergeClusters function.
mergeClusters function called.
Single cluster found (iteration 11/30)...Increasing angle threshold (+2) and trying again...

Total points: 1
Number of clusters is equal to 0
Points in 
Calling mergeClusters function.
mergeClusters function called.
Single cluster found (iteration 12/30)...Increasing angle threshold (+2) and trying again...

Total points: 1
Number of clusters is equal to 0
Points in 
Calling mergeClusters function.
mergeClusters function called.
Single cluster found (iteration 13/30)...Increasing angle threshold (+2) and trying again...

Total points: 1
Number of clusters is equal to 0
Points in 
Calling mergeClusters function.
mergeClusters function called.
Single cluster found (iteration 14/30)...Increasing angle threshold (+2) and trying again...

Total points: 1
Number of clusters is equal to 0
Points in 
Calling mergeClusters function.
mergeClusters function called.
Single cluster found (iteration 15/30)...Increasing angle threshold (+2) and trying again...

Total points: 1
Number of clusters is equal to 0
Points in 
Calling mergeClusters function.
mergeClusters function called.
Single cluster found (iteration 16/30)...Increasing angle threshold (+2) and trying again...

Total points: 1
Number of clusters is equal to 0
Points in 
Calling mergeClusters function.
mergeClusters function called.
Single cluster found (iteration 17/30)...Increasing angle threshold (+2) and trying again...

Total points: 1
Number of clusters is equal to 0
Points in 
Calling mergeClusters function.
mergeClusters function called.
Single cluster found (iteration 18/30)...Increasing angle threshold (+2) and trying again...

Total points: 1
Number of clusters is equal to 0
Points in 
Calling mergeClusters function.
mergeClusters function called.
Single cluster found (iteration 19/30)...Increasing angle threshold (+2) and trying again...

Total points: 1
Number of clusters is equal to 0
Points in 
Calling mergeClusters function.
mergeClusters function called.
Single cluster found (iteration 20/30)...Increasing angle threshold (+2) and trying again...

Total points: 1
Number of clusters is equal to 0
Points in 
Calling mergeClusters function.
mergeClusters function called.
Single cluster found (iteration 21/30)...Increasing angle threshold (+2) and trying again...

Total points: 1
Number of clusters is equal to 0
Points in 
Calling mergeClusters function.
mergeClusters function called.
Single cluster found (iteration 22/30)...Increasing angle threshold (+2) and trying again...

Total points: 1
Number of clusters is equal to 0
Points in 
Calling mergeClusters function.
mergeClusters function called.
Single cluster found (iteration 23/30)...Increasing angle threshold (+2) and trying again...

Total points: 1
Number of clusters is equal to 0
Points in 
Calling mergeClusters function.
mergeClusters function called.
Single cluster found (iteration 24/30)...Increasing angle threshold (+2) and trying again...

Total points: 1
Number of clusters is equal to 0
Points in 
Calling mergeClusters function.
mergeClusters function called.
Single cluster found (iteration 25/30)...Increasing angle threshold (+2) and trying again...

Total points: 1
Number of clusters is equal to 0
Points in 
Calling mergeClusters function.
mergeClusters function called.
Single cluster found (iteration 26/30)...Increasing angle threshold (+2) and trying again...

Total points: 1
Number of clusters is equal to 0
Points in 
Calling mergeClusters function.
mergeClusters function called.
Single cluster found (iteration 27/30)...Increasing angle threshold (+2) and trying again...

Total points: 1
Number of clusters is equal to 0
Points in 
Calling mergeClusters function.
mergeClusters function called.
Single cluster found (iteration 28/30)...Increasing angle threshold (+2) and trying again...

Total points: 1
Number of clusters is equal to 0
Points in 
Calling mergeClusters function.
mergeClusters function called.
Single cluster found (iteration 29/30)...Increasing angle threshold (+2) and trying again...
Warning: Angle threshold reached minimum (-50). Using single cluster result.
Warning: Could not achieve 2 clusters after 28 iterations. Final cluster count: 0. Proceeding with available clusters.
Ply to XYZ start

Time after processing: 0.0678914 seconds
Copied Point file: Pot_A_Piece_11_Point.pcd
Copied Mesh file: Pot_A_Piece_11_Mesh.obj

Selected file: Dataset/Point/Pot_A/Pot_A_Piece_11_Point.pcd
Starting processing on: Dataset/Point/Pot_A/Pot_A_Piece_11_Point.pcd
Starting surface segmentation on: Temp/Data/Pot_A/Pot_A_Piece_11_SampledWithNormals.ply

Total points: 1
Number of clusters is equal to 0
Points in 
Calling mergeClusters function.
mergeClusters function called.
Single cluster found (iteration 2/30)...Increasing angle threshold (+2) and trying again...

Total points: 1
Number of clusters is equal to 0
Points in 
Calling mergeClusters function.
mergeClusters function called.
Single cluster found (iteration 3/30)...Increasing angle threshold (+2) and trying again...

Total points: 1
Number of clusters is equal to 0
Points in 
Calling mergeClusters function.
mergeClusters function called.
Single cluster found (iteration 4/30)...Increasing angle threshold (+2) and trying again...

Total points: 1
Number of clusters is equal to 0
Points in 
Calling mergeClusters function.
mergeClusters function called.
Single cluster found (iteration 5/30)...Increasing angle threshold (+2) and trying again...

Total points: 1
Number of clusters is equal to 0
Points in 
Calling mergeClusters function.
mergeClusters function called.
Single cluster found (iteration 6/30)...Increasing angle threshold (+2) and trying again...

Total points: 1
Number of clusters is equal to 0
Points in 
Calling mergeClusters function.
mergeClusters function called.
Single cluster found (iteration 7/30)...Increasing angle threshold (+2) and trying again...

Total points: 1
Number of clusters is equal to 0
Points in 
Calling mergeClusters function.
mergeClusters function called.
Single cluster found (iteration 8/30)...Increasing angle threshold (+2) and trying again...

Total points: 1
Number of clusters is equal to 0
Points in 
Calling mergeClusters function.
mergeClusters function called.
Single cluster found (iteration 9/30)...Increasing angle threshold (+2) and trying again...

Total points: 1
Number of clusters is equal to 0
Points in 
Calling mergeClusters function.
mergeClusters function called.
Single cluster found (iteration 10/30)...Increasing angle threshold (+2) and trying again...

Total points: 1
Number of clusters is equal to 0
Points in 
Calling mergeClusters function.
mergeClusters function called.
Single cluster found (iteration 11/30)...Increasing angle threshold (+2) and trying again...

Total points: 1
Number of clusters is equal to 0
Points in 
Calling mergeClusters function.
mergeClusters function called.
Single cluster found (iteration 12/30)...Increasing angle threshold (+2) and trying again...

Total points: 1
Number of clusters is equal to 0
Points in 
Calling mergeClusters function.
mergeClusters function called.
Single cluster found (iteration 13/30)...Increasing angle threshold (+2) and trying again...

Total points: 1
Number of clusters is equal to 0
Points in 
Calling mergeClusters function.
mergeClusters function called.
Single cluster found (iteration 14/30)...Increasing angle threshold (+2) and trying again...

Total points: 1
Number of clusters is equal to 0
Points in 
Calling mergeClusters function.
mergeClusters function called.
Single cluster found (iteration 15/30)...Increasing angle threshold (+2) and trying again...

Total points: 1
Number of clusters is equal to 0
Points in 
Calling mergeClusters function.
mergeClusters function called.
Single cluster found (iteration 16/30)...Increasing angle threshold (+2) and trying again...

Total points: 1
Number of clusters is equal to 0
Points in 
Calling mergeClusters function.
mergeClusters function called.
Single cluster found (iteration 17/30)...Increasing angle threshold (+2) and trying again...

Total points: 1
Number of clusters is equal to 0
Points in 
Calling mergeClusters function.
mergeClusters function called.
Single cluster found (iteration 18/30)...Increasing angle threshold (+2) and trying again...

Total points: 1
Number of clusters is equal to 0
Points in 
Calling mergeClusters function.
mergeClusters function called.
Single cluster found (iteration 19/30)...Increasing angle threshold (+2) and trying again...

Total points: 1
Number of clusters is equal to 0
Points in 
Calling mergeClusters function.
mergeClusters function called.
Single cluster found (iteration 20/30)...Increasing angle threshold (+2) and trying again...

Total points: 1
Number of clusters is equal to 0
Points in 
Calling mergeClusters function.
mergeClusters function called.
Single cluster found (iteration 21/30)...Increasing angle threshold (+2) and trying again...

Total points: 1
Number of clusters is equal to 0
Points in 
Calling mergeClusters function.
mergeClusters function called.
Single cluster found (iteration 22/30)...Increasing angle threshold (+2) and trying again...

Total points: 1
Number of clusters is equal to 0
Points in 
Calling mergeClusters function.
mergeClusters function called.
Single cluster found (iteration 23/30)...Increasing angle threshold (+2) and trying again...

Total points: 1
Number of clusters is equal to 0
Points in 
Calling mergeClusters function.
mergeClusters function called.
Single cluster found (iteration 24/30)...Increasing angle threshold (+2) and trying again...

Total points: 1
Number of clusters is equal to 0
Points in 
Calling mergeClusters function.
mergeClusters function called.
Single cluster found (iteration 25/30)...Increasing angle threshold (+2) and trying again...

Total points: 1
Number of clusters is equal to 0
Points in 
Calling mergeClusters function.
mergeClusters function called.
Single cluster found (iteration 26/30)...Increasing angle threshold (+2) and trying again...

Total points: 1
Number of clusters is equal to 0
Points in 
Calling mergeClusters function.
mergeClusters function called.
Single cluster found (iteration 27/30)...Increasing angle threshold (+2) and trying again...

Total points: 1
Number of clusters is equal to 0
Points in 
Calling mergeClusters function.
mergeClusters function called.
Single cluster found (iteration 28/30)...Increasing angle threshold (+2) and trying again...

Total points: 1
Number of clusters is equal to 0
Points in 
Calling mergeClusters function.
mergeClusters function called.
Single cluster found (iteration 29/30)...Increasing angle threshold (+2) and trying again...
Warning: Angle threshold reached minimum (-50). Using single cluster result.
Warning: Could not achieve 2 clusters after 28 iterations. Final cluster count: 0. Proceeding with available clusters.
Ply to XYZ start

Time after processing: 0.0673561 seconds
Copied Point file: Pot_A_Piece_12_Point.pcd
Copied Mesh file: Pot_A_Piece_12_Mesh.obj

Selected file: Dataset/Point/Pot_A/Pot_A_Piece_12_Point.pcd
Starting processing on: Dataset/Point/Pot_A/Pot_A_Piece_12_Point.pcd
Starting surface segmentation on: Temp/Data/Pot_A/Pot_A_Piece_12_SampledWithNormals.ply

Total points: 1
Number of clusters is equal to 0
Points in 
Calling mergeClusters function.
mergeClusters function called.
Single cluster found (iteration 2/30)...Increasing angle threshold (+2) and trying again...

Total points: 1
Number of clusters is equal to 0
Points in 
Calling mergeClusters function.
mergeClusters function called.
Single cluster found (iteration 3/30)...Increasing angle threshold (+2) and trying again...

Total points: 1
Number of clusters is equal to 0
Points in 
Calling mergeClusters function.
mergeClusters function called.
Single cluster found (iteration 4/30)...Increasing angle threshold (+2) and trying again...

Total points: 1
Number of clusters is equal to 0
Points in 
Calling mergeClusters function.
mergeClusters function called.
Single cluster found (iteration 5/30)...Increasing angle threshold (+2) and trying again...

Total points: 1
Number of clusters is equal to 0
Points in 
Calling mergeClusters function.
mergeClusters function called.
Single cluster found (iteration 6/30)...Increasing angle threshold (+2) and trying again...

Total points: 1
Number of clusters is equal to 0
Points in 
Calling mergeClusters function.
mergeClusters function called.
Single cluster found (iteration 7/30)...Increasing angle threshold (+2) and trying again...

Total points: 1
Number of clusters is equal to 0
Points in 
Calling mergeClusters function.
mergeClusters function called.
Single cluster found (iteration 8/30)...Increasing angle threshold (+2) and trying again...

Total points: 1
Number of clusters is equal to 0
Points in 
Calling mergeClusters function.
mergeClusters function called.
Single cluster found (iteration 9/30)...Increasing angle threshold (+2) and trying again...

Total points: 1
Number of clusters is equal to 0
Points in 
Calling mergeClusters function.
mergeClusters function called.
Single cluster found (iteration 10/30)...Increasing angle threshold (+2) and trying again...

Total points: 1
Number of clusters is equal to 0
Points in 
Calling mergeClusters function.
mergeClusters function called.
Single cluster found (iteration 11/30)...Increasing angle threshold (+2) and trying again...

Total points: 1
Number of clusters is equal to 0
Points in 
Calling mergeClusters function.
mergeClusters function called.
Single cluster found (iteration 12/30)...Increasing angle threshold (+2) and trying again...

Total points: 1
Number of clusters is equal to 0
Points in 
Calling mergeClusters function.
mergeClusters function called.
Single cluster found (iteration 13/30)...Increasing angle threshold (+2) and trying again...

Total points: 1
Number of clusters is equal to 0
Points in 
Calling mergeClusters function.
mergeClusters function called.
Single cluster found (iteration 14/30)...Increasing angle threshold (+2) and trying again...

Total points: 1
Number of clusters is equal to 0
Points in 
Calling mergeClusters function.
mergeClusters function called.
Single cluster found (iteration 15/30)...Increasing angle threshold (+2) and trying again...

Total points: 1
Number of clusters is equal to 0
Points in 
Calling mergeClusters function.
mergeClusters function called.
Single cluster found (iteration 16/30)...Increasing angle threshold (+2) and trying again...

Total points: 1
Number of clusters is equal to 0
Points in 
Calling mergeClusters function.
mergeClusters function called.
Single cluster found (iteration 17/30)...Increasing angle threshold (+2) and trying again...

Total points: 1
Number of clusters is equal to 0
Points in 
Calling mergeClusters function.
mergeClusters function called.
Single cluster found (iteration 18/30)...Increasing angle threshold (+2) and trying again...

Total points: 1
Number of clusters is equal to 0
Points in 
Calling mergeClusters function.
mergeClusters function called.
Single cluster found (iteration 19/30)...Increasing angle threshold (+2) and trying again...

Total points: 1
Number of clusters is equal to 0
Points in 
Calling mergeClusters function.
mergeClusters function called.
Single cluster found (iteration 20/30)...Increasing angle threshold (+2) and trying again...

Total points: 1
Number of clusters is equal to 0
Points in 
Calling mergeClusters function.
mergeClusters function called.
Single cluster found (iteration 21/30)...Increasing angle threshold (+2) and trying again...

Total points: 1
Number of clusters is equal to 0
Points in 
Calling mergeClusters function.
mergeClusters function called.
Single cluster found (iteration 22/30)...Increasing angle threshold (+2) and trying again...

Total points: 1
Number of clusters is equal to 0
Points in 
Calling mergeClusters function.
mergeClusters function called.
Single cluster found (iteration 23/30)...Increasing angle threshold (+2) and trying again...

Total points: 1
Number of clusters is equal to 0
Points in 
Calling mergeClusters function.
mergeClusters function called.
Single cluster found (iteration 24/30)...Increasing angle threshold (+2) and trying again...

Total points: 1
Number of clusters is equal to 0
Points in 
Calling mergeClusters function.
mergeClusters function called.
Single cluster found (iteration 25/30)...Increasing angle threshold (+2) and trying again...

Total points: 1
Number of clusters is equal to 0
Points in 
Calling mergeClusters function.
mergeClusters function called.
Single cluster found (iteration 26/30)...Increasing angle threshold (+2) and trying again...

Total points: 1
Number of clusters is equal to 0
Points in 
Calling mergeClusters function.
mergeClusters function called.
Single cluster found (iteration 27/30)...Increasing angle threshold (+2) and trying again...

Total points: 1
Number of clusters is equal to 0
Points in 
Calling mergeClusters function.
mergeClusters function called.
Single cluster found (iteration 28/30)...Increasing angle threshold (+2) and trying again...

Total points: 1
Number of clusters is equal to 0
Points in 
Calling mergeClusters function.
mergeClusters function called.
Single cluster found (iteration 29/30)...Increasing angle threshold (+2) and trying again...
Warning: Angle threshold reached minimum (-50). Using single cluster result.
Warning: Could not achieve 2 clusters after 28 iterations. Final cluster count: 0. Proceeding with available clusters.
Ply to XYZ start

Time after processing: 0.0683209 seconds
Copied Point file: Pot_A_Piece_13_Point.pcd
Copied Mesh file: Pot_A_Piece_13_Mesh.obj

Selected file: Dataset/Point/Pot_A/Pot_A_Piece_13_Point.pcd
Starting processing on: Dataset/Point/Pot_A/Pot_A_Piece_13_Point.pcd
Starting surface segmentation on: Temp/Data/Pot_A/Pot_A_Piece_13_SampledWithNormals.ply

Total points: 1
Number of clusters is equal to 0
Points in 
Calling mergeClusters function.
mergeClusters function called.
Single cluster found (iteration 2/30)...Increasing angle threshold (+2) and trying again...

Total points: 1
Number of clusters is equal to 0
Points in 
Calling mergeClusters function.
mergeClusters function called.
Single cluster found (iteration 3/30)...Increasing angle threshold (+2) and trying again...

Total points: 1
Number of clusters is equal to 0
Points in 
Calling mergeClusters function.
mergeClusters function called.
Single cluster found (iteration 4/30)...Increasing angle threshold (+2) and trying again...

Total points: 1
Number of clusters is equal to 0
Points in 
Calling mergeClusters function.
mergeClusters function called.
Single cluster found (iteration 5/30)...Increasing angle threshold (+2) and trying again...

Total points: 1
Number of clusters is equal to 0
Points in 
Calling mergeClusters function.
mergeClusters function called.
Single cluster found (iteration 6/30)...Increasing angle threshold (+2) and trying again...

Total points: 1
Number of clusters is equal to 0
Points in 
Calling mergeClusters function.
mergeClusters function called.
Single cluster found (iteration 7/30)...Increasing angle threshold (+2) and trying again...

Total points: 1
Number of clusters is equal to 0
Points in 
Calling mergeClusters function.
mergeClusters function called.
Single cluster found (iteration 8/30)...Increasing angle threshold (+2) and trying again...

Total points: 1
Number of clusters is equal to 0
Points in 
Calling mergeClusters function.
mergeClusters function called.
Single cluster found (iteration 9/30)...Increasing angle threshold (+2) and trying again...

Total points: 1
Number of clusters is equal to 0
Points in 
Calling mergeClusters function.
mergeClusters function called.
Single cluster found (iteration 10/30)...Increasing angle threshold (+2) and trying again...

Total points: 1
Number of clusters is equal to 0
Points in 
Calling mergeClusters function.
mergeClusters function called.
Single cluster found (iteration 11/30)...Increasing angle threshold (+2) and trying again...

Total points: 1
Number of clusters is equal to 0
Points in 
Calling mergeClusters function.
mergeClusters function called.
Single cluster found (iteration 12/30)...Increasing angle threshold (+2) and trying again...

Total points: 1
Number of clusters is equal to 0
Points in 
Calling mergeClusters function.
mergeClusters function called.
Single cluster found (iteration 13/30)...Increasing angle threshold (+2) and trying again...

Total points: 1
Number of clusters is equal to 0
Points in 
Calling mergeClusters function.
mergeClusters function called.
Single cluster found (iteration 14/30)...Increasing angle threshold (+2) and trying again...

Total points: 1
Number of clusters is equal to 0
Points in 
Calling mergeClusters function.
mergeClusters function called.
Single cluster found (iteration 15/30)...Increasing angle threshold (+2) and trying again...

Total points: 1
Number of clusters is equal to 0
Points in 
Calling mergeClusters function.
mergeClusters function called.
Single cluster found (iteration 16/30)...Increasing angle threshold (+2) and trying again...

Total points: 1
Number of clusters is equal to 0
Points in 
Calling mergeClusters function.
mergeClusters function called.
Single cluster found (iteration 17/30)...Increasing angle threshold (+2) and trying again...

Total points: 1
Number of clusters is equal to 0
Points in 
Calling mergeClusters function.
mergeClusters function called.
Single cluster found (iteration 18/30)...Increasing angle threshold (+2) and trying again...

Total points: 1
Number of clusters is equal to 0
Points in 
Calling mergeClusters function.
mergeClusters function called.
Single cluster found (iteration 19/30)...Increasing angle threshold (+2) and trying again...

Total points: 1
Number of clusters is equal to 0
Points in 
Calling mergeClusters function.
mergeClusters function called.
Single cluster found (iteration 20/30)...Increasing angle threshold (+2) and trying again...

Total points: 1
Number of clusters is equal to 0
Points in 
Calling mergeClusters function.
mergeClusters function called.
Single cluster found (iteration 21/30)...Increasing angle threshold (+2) and trying again...

Total points: 1
Number of clusters is equal to 0
Points in 
Calling mergeClusters function.
mergeClusters function called.
Single cluster found (iteration 22/30)...Increasing angle threshold (+2) and trying again...

Total points: 1
Number of clusters is equal to 0
Points in 
Calling mergeClusters function.
mergeClusters function called.
Single cluster found (iteration 23/30)...Increasing angle threshold (+2) and trying again...

Total points: 1
Number of clusters is equal to 0
Points in 
Calling mergeClusters function.
mergeClusters function called.
Single cluster found (iteration 24/30)...Increasing angle threshold (+2) and trying again...

Total points: 1
Number of clusters is equal to 0
Points in 
Calling mergeClusters function.
mergeClusters function called.
Single cluster found (iteration 25/30)...Increasing angle threshold (+2) and trying again...

Total points: 1
Number of clusters is equal to 0
Points in 
Calling mergeClusters function.
mergeClusters function called.
Single cluster found (iteration 26/30)...Increasing angle threshold (+2) and trying again...

Total points: 1
Number of clusters is equal to 0
Points in 
Calling mergeClusters function.
mergeClusters function called.
Single cluster found (iteration 27/30)...Increasing angle threshold (+2) and trying again...

Total points: 1
Number of clusters is equal to 0
Points in 
Calling mergeClusters function.
mergeClusters function called.
Single cluster found (iteration 28/30)...Increasing angle threshold (+2) and trying again...

Total points: 1
Number of clusters is equal to 0
Points in 
Calling mergeClusters function.
mergeClusters function called.
Single cluster found (iteration 29/30)...Increasing angle threshold (+2) and trying again...
Warning: Angle threshold reached minimum (-50). Using single cluster result.
Warning: Could not achieve 2 clusters after 28 iterations. Final cluster count: 0. Proceeding with available clusters.
Ply to XYZ start

Time after processing: 0.0659256 seconds
Copied Point file: Pot_A_Piece_14_Point.pcd
Copied Mesh file: Pot_A_Piece_14_Mesh.obj

Selected file: Dataset/Point/Pot_A/Pot_A_Piece_14_Point.pcd
Starting processing on: Dataset/Point/Pot_A/Pot_A_Piece_14_Point.pcd
Starting surface segmentation on: Temp/Data/Pot_A/Pot_A_Piece_14_SampledWithNormals.ply

Total points: 1
Number of clusters is equal to 0
Points in 
Calling mergeClusters function.
mergeClusters function called.
Single cluster found (iteration 2/30)...Increasing angle threshold (+2) and trying again...

Total points: 1
Number of clusters is equal to 0
Points in 
Calling mergeClusters function.
mergeClusters function called.
Single cluster found (iteration 3/30)...Increasing angle threshold (+2) and trying again...

Total points: 1
Number of clusters is equal to 0
Points in 
Calling mergeClusters function.
mergeClusters function called.
Single cluster found (iteration 4/30)...Increasing angle threshold (+2) and trying again...

Total points: 1
Number of clusters is equal to 0
Points in 
Calling mergeClusters function.
mergeClusters function called.
Single cluster found (iteration 5/30)...Increasing angle threshold (+2) and trying again...

Total points: 1
Number of clusters is equal to 0
Points in 
Calling mergeClusters function.
mergeClusters function called.
Single cluster found (iteration 6/30)...Increasing angle threshold (+2) and trying again...

Total points: 1
Number of clusters is equal to 0
Points in 
Calling mergeClusters function.
mergeClusters function called.
Single cluster found (iteration 7/30)...Increasing angle threshold (+2) and trying again...

Total points: 1
Number of clusters is equal to 0
Points in 
Calling mergeClusters function.
mergeClusters function called.
Single cluster found (iteration 8/30)...Increasing angle threshold (+2) and trying again...

Total points: 1
Number of clusters is equal to 0
Points in 
Calling mergeClusters function.
mergeClusters function called.
Single cluster found (iteration 9/30)...Increasing angle threshold (+2) and trying again...

Total points: 1
Number of clusters is equal to 0
Points in 
Calling mergeClusters function.
mergeClusters function called.
Single cluster found (iteration 10/30)...Increasing angle threshold (+2) and trying again...

Total points: 1
Number of clusters is equal to 0
Points in 
Calling mergeClusters function.
mergeClusters function called.
Single cluster found (iteration 11/30)...Increasing angle threshold (+2) and trying again...

Total points: 1
Number of clusters is equal to 0
Points in 
Calling mergeClusters function.
mergeClusters function called.
Single cluster found (iteration 12/30)...Increasing angle threshold (+2) and trying again...

Total points: 1
Number of clusters is equal to 0
Points in 
Calling mergeClusters function.
mergeClusters function called.
Single cluster found (iteration 13/30)...Increasing angle threshold (+2) and trying again...

Total points: 1
Number of clusters is equal to 0
Points in 
Calling mergeClusters function.
mergeClusters function called.
Single cluster found (iteration 14/30)...Increasing angle threshold (+2) and trying again...

Total points: 1
Number of clusters is equal to 0
Points in 
Calling mergeClusters function.
mergeClusters function called.
Single cluster found (iteration 15/30)...Increasing angle threshold (+2) and trying again...

Total points: 1
Number of clusters is equal to 0
Points in 
Calling mergeClusters function.
mergeClusters function called.
Single cluster found (iteration 16/30)...Increasing angle threshold (+2) and trying again...

Total points: 1
Number of clusters is equal to 0
Points in 
Calling mergeClusters function.
mergeClusters function called.
Single cluster found (iteration 17/30)...Increasing angle threshold (+2) and trying again...

Total points: 1
Number of clusters is equal to 0
Points in 
Calling mergeClusters function.
mergeClusters function called.
Single cluster found (iteration 18/30)...Increasing angle threshold (+2) and trying again...

Total points: 1
Number of clusters is equal to 0
Points in 
Calling mergeClusters function.
mergeClusters function called.
Single cluster found (iteration 19/30)...Increasing angle threshold (+2) and trying again...

Total points: 1
Number of clusters is equal to 0
Points in 
Calling mergeClusters function.
mergeClusters function called.
Single cluster found (iteration 20/30)...Increasing angle threshold (+2) and trying again...

Total points: 1
Number of clusters is equal to 0
Points in 
Calling mergeClusters function.
mergeClusters function called.
Single cluster found (iteration 21/30)...Increasing angle threshold (+2) and trying again...

Total points: 1
Number of clusters is equal to 0
Points in 
Calling mergeClusters function.
mergeClusters function called.
Single cluster found (iteration 22/30)...Increasing angle threshold (+2) and trying again...

Total points: 1
Number of clusters is equal to 0
Points in 
Calling mergeClusters function.
mergeClusters function called.
Single cluster found (iteration 23/30)...Increasing angle threshold (+2) and trying again...

Total points: 1
Number of clusters is equal to 0
Points in 
Calling mergeClusters function.
mergeClusters function called.
Single cluster found (iteration 24/30)...Increasing angle threshold (+2) and trying again...

Total points: 1
Number of clusters is equal to 0
Points in 
Calling mergeClusters function.
mergeClusters function called.
Single cluster found (iteration 25/30)...Increasing angle threshold (+2) and trying again...

Total points: 1
Number of clusters is equal to 0
Points in 
Calling mergeClusters function.
mergeClusters function called.
Single cluster found (iteration 26/30)...Increasing angle threshold (+2) and trying again...

Total points: 1
Number of clusters is equal to 0
Points in 
Calling mergeClusters function.
mergeClusters function called.
Single cluster found (iteration 27/30)...Increasing angle threshold (+2) and trying again...

Total points: 1
Number of clusters is equal to 0
Points in 
Calling mergeClusters function.
mergeClusters function called.
Single cluster found (iteration 28/30)...Increasing angle threshold (+2) and trying again...

Total points: 1
Number of clusters is equal to 0
Points in 
Calling mergeClusters function.
mergeClusters function called.
Single cluster found (iteration 29/30)...Increasing angle threshold (+2) and trying again...
Warning: Angle threshold reached minimum (-50). Using single cluster result.
Warning: Could not achieve 2 clusters after 28 iterations. Final cluster count: 0. Proceeding with available clusters.
Ply to XYZ start

Time after processing: 0.0668051 seconds
Copied Point file: Pot_A_Piece_15_Point.pcd
Copied Mesh file: Pot_A_Piece_15_Mesh.obj

Selected file: Dataset/Point/Pot_A/Pot_A_Piece_15_Point.pcd
Starting processing on: Dataset/Point/Pot_A/Pot_A_Piece_15_Point.pcd
Starting surface segmentation on: Temp/Data/Pot_A/Pot_A_Piece_15_SampledWithNormals.ply

Total points: 1
Number of clusters is equal to 0
Points in 
Calling mergeClusters function.
mergeClusters function called.
Single cluster found (iteration 2/30)...Increasing angle threshold (+2) and trying again...

Total points: 1
Number of clusters is equal to 0
Points in 
Calling mergeClusters function.
mergeClusters function called.
Single cluster found (iteration 3/30)...Increasing angle threshold (+2) and trying again...

Total points: 1
Number of clusters is equal to 0
Points in 
Calling mergeClusters function.
mergeClusters function called.
Single cluster found (iteration 4/30)...Increasing angle threshold (+2) and trying again...

Total points: 1
Number of clusters is equal to 0
Points in 
Calling mergeClusters function.
mergeClusters function called.
Single cluster found (iteration 5/30)...Increasing angle threshold (+2) and trying again...

Total points: 1
Number of clusters is equal to 0
Points in 
Calling mergeClusters function.
mergeClusters function called.
Single cluster found (iteration 6/30)...Increasing angle threshold (+2) and trying again...

Total points: 1
Number of clusters is equal to 0
Points in 
Calling mergeClusters function.
mergeClusters function called.
Single cluster found (iteration 7/30)...Increasing angle threshold (+2) and trying again...

Total points: 1
Number of clusters is equal to 0
Points in 
Calling mergeClusters function.
mergeClusters function called.
Single cluster found (iteration 8/30)...Increasing angle threshold (+2) and trying again...

Total points: 1
Number of clusters is equal to 0
Points in 
Calling mergeClusters function.
mergeClusters function called.
Single cluster found (iteration 9/30)...Increasing angle threshold (+2) and trying again...

Total points: 1
Number of clusters is equal to 0
Points in 
Calling mergeClusters function.
mergeClusters function called.
Single cluster found (iteration 10/30)...Increasing angle threshold (+2) and trying again...

Total points: 1
Number of clusters is equal to 0
Points in 
Calling mergeClusters function.
mergeClusters function called.
Single cluster found (iteration 11/30)...Increasing angle threshold (+2) and trying again...

Total points: 1
Number of clusters is equal to 0
Points in 
Calling mergeClusters function.
mergeClusters function called.
Single cluster found (iteration 12/30)...Increasing angle threshold (+2) and trying again...

Total points: 1
Number of clusters is equal to 0
Points in 
Calling mergeClusters function.
mergeClusters function called.
Single cluster found (iteration 13/30)...Increasing angle threshold (+2) and trying again...

Total points: 1
Number of clusters is equal to 0
Points in 
Calling mergeClusters function.
mergeClusters function called.
Single cluster found (iteration 14/30)...Increasing angle threshold (+2) and trying again...

Total points: 1
Number of clusters is equal to 0
Points in 
Calling mergeClusters function.
mergeClusters function called.
Single cluster found (iteration 15/30)...Increasing angle threshold (+2) and trying again...

Total points: 1
Number of clusters is equal to 0
Points in 
Calling mergeClusters function.
mergeClusters function called.
Single cluster found (iteration 16/30)...Increasing angle threshold (+2) and trying again...

Total points: 1
Number of clusters is equal to 0
Points in 
Calling mergeClusters function.
mergeClusters function called.
Single cluster found (iteration 17/30)...Increasing angle threshold (+2) and trying again...

Total points: 1
Number of clusters is equal to 0
Points in 
Calling mergeClusters function.
mergeClusters function called.
Single cluster found (iteration 18/30)...Increasing angle threshold (+2) and trying again...

Total points: 1
Number of clusters is equal to 0
Points in 
Calling mergeClusters function.
mergeClusters function called.
Single cluster found (iteration 19/30)...Increasing angle threshold (+2) and trying again...

Total points: 1
Number of clusters is equal to 0
Points in 
Calling mergeClusters function.
mergeClusters function called.
Single cluster found (iteration 20/30)...Increasing angle threshold (+2) and trying again...

Total points: 1
Number of clusters is equal to 0
Points in 
Calling mergeClusters function.
mergeClusters function called.
Single cluster found (iteration 21/30)...Increasing angle threshold (+2) and trying again...

Total points: 1
Number of clusters is equal to 0
Points in 
Calling mergeClusters function.
mergeClusters function called.
Single cluster found (iteration 22/30)...Increasing angle threshold (+2) and trying again...

Total points: 1
Number of clusters is equal to 0
Points in 
Calling mergeClusters function.
mergeClusters function called.
Single cluster found (iteration 23/30)...Increasing angle threshold (+2) and trying again...

Total points: 1
Number of clusters is equal to 0
Points in 
Calling mergeClusters function.
mergeClusters function called.
Single cluster found (iteration 24/30)...Increasing angle threshold (+2) and trying again...

Total points: 1
Number of clusters is equal to 0
Points in 
Calling mergeClusters function.
mergeClusters function called.
Single cluster found (iteration 25/30)...Increasing angle threshold (+2) and trying again...

Total points: 1
Number of clusters is equal to 0
Points in 
Calling mergeClusters function.
mergeClusters function called.
Single cluster found (iteration 26/30)...Increasing angle threshold (+2) and trying again...

Total points: 1
Number of clusters is equal to 0
Points in 
Calling mergeClusters function.
mergeClusters function called.
Single cluster found (iteration 27/30)...Increasing angle threshold (+2) and trying again...

Total points: 1
Number of clusters is equal to 0
Points in 
Calling mergeClusters function.
mergeClusters function called.
Single cluster found (iteration 28/30)...Increasing angle threshold (+2) and trying again...

Total points: 1
Number of clusters is equal to 0
Points in 
Calling mergeClusters function.
mergeClusters function called.
Single cluster found (iteration 29/30)...Increasing angle threshold (+2) and trying again...
Warning: Angle threshold reached minimum (-50). Using single cluster result.
Warning: Could not achieve 2 clusters after 28 iterations. Final cluster count: 0. Proceeding with available clusters.
Ply to XYZ start

Time after processing: 0.0681118 seconds
Copied Point file: Pot_A_Piece_16_Point.pcd
Copied Mesh file: Pot_A_Piece_16_Mesh.obj

Selected file: Dataset/Point/Pot_A/Pot_A_Piece_16_Point.pcd
Starting processing on: Dataset/Point/Pot_A/Pot_A_Piece_16_Point.pcd
Starting surface segmentation on: Temp/Data/Pot_A/Pot_A_Piece_16_SampledWithNormals.ply

Total points: 1
Number of clusters is equal to 0
Points in 
Calling mergeClusters function.
mergeClusters function called.
Single cluster found (iteration 2/30)...Increasing angle threshold (+2) and trying again...

Total points: 1
Number of clusters is equal to 0
Points in 
Calling mergeClusters function.
mergeClusters function called.
Single cluster found (iteration 3/30)...Increasing angle threshold (+2) and trying again...

Total points: 1
Number of clusters is equal to 0
Points in 
Calling mergeClusters function.
mergeClusters function called.
Single cluster found (iteration 4/30)...Increasing angle threshold (+2) and trying again...

Total points: 1
Number of clusters is equal to 0
Points in 
Calling mergeClusters function.
mergeClusters function called.
Single cluster found (iteration 5/30)...Increasing angle threshold (+2) and trying again...

Total points: 1
Number of clusters is equal to 0
Points in 
Calling mergeClusters function.
mergeClusters function called.
Single cluster found (iteration 6/30)...Increasing angle threshold (+2) and trying again...

Total points: 1
Number of clusters is equal to 0
Points in 
Calling mergeClusters function.
mergeClusters function called.
Single cluster found (iteration 7/30)...Increasing angle threshold (+2) and trying again...

Total points: 1
Number of clusters is equal to 0
Points in 
Calling mergeClusters function.
mergeClusters function called.
Single cluster found (iteration 8/30)...Increasing angle threshold (+2) and trying again...

Total points: 1
Number of clusters is equal to 0
Points in 
Calling mergeClusters function.
mergeClusters function called.
Single cluster found (iteration 9/30)...Increasing angle threshold (+2) and trying again...

Total points: 1
Number of clusters is equal to 0
Points in 
Calling mergeClusters function.
mergeClusters function called.
Single cluster found (iteration 10/30)...Increasing angle threshold (+2) and trying again...

Total points: 1
Number of clusters is equal to 0
Points in 
Calling mergeClusters function.
mergeClusters function called.
Single cluster found (iteration 11/30)...Increasing angle threshold (+2) and trying again...

Total points: 1
Number of clusters is equal to 0
Points in 
Calling mergeClusters function.
mergeClusters function called.
Single cluster found (iteration 12/30)...Increasing angle threshold (+2) and trying again...

Total points: 1
Number of clusters is equal to 0
Points in 
Calling mergeClusters function.
mergeClusters function called.
Single cluster found (iteration 13/30)...Increasing angle threshold (+2) and trying again...

Total points: 1
Number of clusters is equal to 0
Points in 
Calling mergeClusters function.
mergeClusters function called.
Single cluster found (iteration 14/30)...Increasing angle threshold (+2) and trying again...

Total points: 1
Number of clusters is equal to 0
Points in 
Calling mergeClusters function.
mergeClusters function called.
Single cluster found (iteration 15/30)...Increasing angle threshold (+2) and trying again...

Total points: 1
Number of clusters is equal to 0
Points in 
Calling mergeClusters function.
mergeClusters function called.
Single cluster found (iteration 16/30)...Increasing angle threshold (+2) and trying again...

Total points: 1
Number of clusters is equal to 0
Points in 
Calling mergeClusters function.
mergeClusters function called.
Single cluster found (iteration 17/30)...Increasing angle threshold (+2) and trying again...

Total points: 1
Number of clusters is equal to 0
Points in 
Calling mergeClusters function.
mergeClusters function called.
Single cluster found (iteration 18/30)...Increasing angle threshold (+2) and trying again...

Total points: 1
Number of clusters is equal to 0
Points in 
Calling mergeClusters function.
mergeClusters function called.
Single cluster found (iteration 19/30)...Increasing angle threshold (+2) and trying again...

Total points: 1
Number of clusters is equal to 0
Points in 
Calling mergeClusters function.
mergeClusters function called.
Single cluster found (iteration 20/30)...Increasing angle threshold (+2) and trying again...

Total points: 1
Number of clusters is equal to 0
Points in 
Calling mergeClusters function.
mergeClusters function called.
Single cluster found (iteration 21/30)...Increasing angle threshold (+2) and trying again...

Total points: 1
Number of clusters is equal to 0
Points in 
Calling mergeClusters function.
mergeClusters function called.
Single cluster found (iteration 22/30)...Increasing angle threshold (+2) and trying again...

Total points: 1
Number of clusters is equal to 0
Points in 
Calling mergeClusters function.
mergeClusters function called.
Single cluster found (iteration 23/30)...Increasing angle threshold (+2) and trying again...

Total points: 1
Number of clusters is equal to 0
Points in 
Calling mergeClusters function.
mergeClusters function called.
Single cluster found (iteration 24/30)...Increasing angle threshold (+2) and trying again...

Total points: 1
Number of clusters is equal to 0
Points in 
Calling mergeClusters function.
mergeClusters function called.
Single cluster found (iteration 25/30)...Increasing angle threshold (+2) and trying again...

Total points: 1
Number of clusters is equal to 0
Points in 
Calling mergeClusters function.
mergeClusters function called.
Single cluster found (iteration 26/30)...Increasing angle threshold (+2) and trying again...

Total points: 1
Number of clusters is equal to 0
Points in 
Calling mergeClusters function.
mergeClusters function called.
Single cluster found (iteration 27/30)...Increasing angle threshold (+2) and trying again...

Total points: 1
Number of clusters is equal to 0
Points in 
Calling mergeClusters function.
mergeClusters function called.
Single cluster found (iteration 28/30)...Increasing angle threshold (+2) and trying again...

Total points: 1
Number of clusters is equal to 0
Points in 
Calling mergeClusters function.
mergeClusters function called.
Single cluster found (iteration 29/30)...Increasing angle threshold (+2) and trying again...
Warning: Angle threshold reached minimum (-50). Using single cluster result.
Warning: Could not achieve 2 clusters after 28 iterations. Final cluster count: 0. Proceeding with available clusters.
Ply to XYZ start

Time after processing: 0.0675137 seconds
Copied Point file: Pot_A_Piece_17_Point.pcd
Copied Mesh file: Pot_A_Piece_17_Mesh.obj

Selected file: Dataset/Point/Pot_A/Pot_A_Piece_17_Point.pcd
Starting processing on: Dataset/Point/Pot_A/Pot_A_Piece_17_Point.pcd
Starting surface segmentation on: Temp/Data/Pot_A/Pot_A_Piece_17_SampledWithNormals.ply

Total points: 1
Number of clusters is equal to 0
Points in 
Calling mergeClusters function.
mergeClusters function called.
Single cluster found (iteration 2/30)...Increasing angle threshold (+2) and trying again...

Total points: 1
Number of clusters is equal to 0
Points in 
Calling mergeClusters function.
mergeClusters function called.
Single cluster found (iteration 3/30)...Increasing angle threshold (+2) and trying again...

Total points: 1
Number of clusters is equal to 0
Points in 
Calling mergeClusters function.
mergeClusters function called.
Single cluster found (iteration 4/30)...Increasing angle threshold (+2) and trying again...

Total points: 1
Number of clusters is equal to 0
Points in 
Calling mergeClusters function.
mergeClusters function called.
Single cluster found (iteration 5/30)...Increasing angle threshold (+2) and trying again...

Total points: 1
Number of clusters is equal to 0
Points in 
Calling mergeClusters function.
mergeClusters function called.
Single cluster found (iteration 6/30)...Increasing angle threshold (+2) and trying again...

Total points: 1
Number of clusters is equal to 0
Points in 
Calling mergeClusters function.
mergeClusters function called.
Single cluster found (iteration 7/30)...Increasing angle threshold (+2) and trying again...

Total points: 1
Number of clusters is equal to 0
Points in 
Calling mergeClusters function.
mergeClusters function called.
Single cluster found (iteration 8/30)...Increasing angle threshold (+2) and trying again...

Total points: 1
Number of clusters is equal to 0
Points in 
Calling mergeClusters function.
mergeClusters function called.
Single cluster found (iteration 9/30)...Increasing angle threshold (+2) and trying again...

Total points: 1
Number of clusters is equal to 0
Points in 
Calling mergeClusters function.
mergeClusters function called.
Single cluster found (iteration 10/30)...Increasing angle threshold (+2) and trying again...

Total points: 1
Number of clusters is equal to 0
Points in 
Calling mergeClusters function.
mergeClusters function called.
Single cluster found (iteration 11/30)...Increasing angle threshold (+2) and trying again...

Total points: 1
Number of clusters is equal to 0
Points in 
Calling mergeClusters function.
mergeClusters function called.
Single cluster found (iteration 12/30)...Increasing angle threshold (+2) and trying again...

Total points: 1
Number of clusters is equal to 0
Points in 
Calling mergeClusters function.
mergeClusters function called.
Single cluster found (iteration 13/30)...Increasing angle threshold (+2) and trying again...

Total points: 1
Number of clusters is equal to 0
Points in 
Calling mergeClusters function.
mergeClusters function called.
Single cluster found (iteration 14/30)...Increasing angle threshold (+2) and trying again...

Total points: 1
Number of clusters is equal to 0
Points in 
Calling mergeClusters function.
mergeClusters function called.
Single cluster found (iteration 15/30)...Increasing angle threshold (+2) and trying again...

Total points: 1
Number of clusters is equal to 0
Points in 
Calling mergeClusters function.
mergeClusters function called.
Single cluster found (iteration 16/30)...Increasing angle threshold (+2) and trying again...

Total points: 1
Number of clusters is equal to 0
Points in 
Calling mergeClusters function.
mergeClusters function called.
Single cluster found (iteration 17/30)...Increasing angle threshold (+2) and trying again...

Total points: 1
Number of clusters is equal to 0
Points in 
Calling mergeClusters function.
mergeClusters function called.
Single cluster found (iteration 18/30)...Increasing angle threshold (+2) and trying again...

Total points: 1
Number of clusters is equal to 0
Points in 
Calling mergeClusters function.
mergeClusters function called.
Single cluster found (iteration 19/30)...Increasing angle threshold (+2) and trying again...

Total points: 1
Number of clusters is equal to 0
Points in 
Calling mergeClusters function.
mergeClusters function called.
Single cluster found (iteration 20/30)...Increasing angle threshold (+2) and trying again...

Total points: 1
Number of clusters is equal to 0
Points in 
Calling mergeClusters function.
mergeClusters function called.
Single cluster found (iteration 21/30)...Increasing angle threshold (+2) and trying again...

Total points: 1
Number of clusters is equal to 0
Points in 
Calling mergeClusters function.
mergeClusters function called.
Single cluster found (iteration 22/30)...Increasing angle threshold (+2) and trying again...

Total points: 1
Number of clusters is equal to 0
Points in 
Calling mergeClusters function.
mergeClusters function called.
Single cluster found (iteration 23/30)...Increasing angle threshold (+2) and trying again...

Total points: 1
Number of clusters is equal to 0
Points in 
Calling mergeClusters function.
mergeClusters function called.
Single cluster found (iteration 24/30)...Increasing angle threshold (+2) and trying again...

Total points: 1
Number of clusters is equal to 0
Points in 
Calling mergeClusters function.
mergeClusters function called.
Single cluster found (iteration 25/30)...Increasing angle threshold (+2) and trying again...

Total points: 1
Number of clusters is equal to 0
Points in 
Calling mergeClusters function.
mergeClusters function called.
Single cluster found (iteration 26/30)...Increasing angle threshold (+2) and trying again...

Total points: 1
Number of clusters is equal to 0
Points in 
Calling mergeClusters function.
mergeClusters function called.
Single cluster found (iteration 27/30)...Increasing angle threshold (+2) and trying again...

Total points: 1
Number of clusters is equal to 0
Points in 
Calling mergeClusters function.
mergeClusters function called.
Single cluster found (iteration 28/30)...Increasing angle threshold (+2) and trying again...

Total points: 1
Number of clusters is equal to 0
Points in 
Calling mergeClusters function.
mergeClusters function called.
Single cluster found (iteration 29/30)...Increasing angle threshold (+2) and trying again...
Warning: Angle threshold reached minimum (-50). Using single cluster result.
Warning: Could not achieve 2 clusters after 28 iterations. Final cluster count: 0. Proceeding with available clusters.
Ply to XYZ start

Time after processing: 0.0665335 seconds
Copied Point file: Pot_A_Piece_18_Point.pcd
Copied Mesh file: Pot_A_Piece_18_Mesh.obj

Selected file: Dataset/Point/Pot_A/Pot_A_Piece_18_Point.pcd
Starting processing on: Dataset/Point/Pot_A/Pot_A_Piece_18_Point.pcd
Starting surface segmentation on: Temp/Data/Pot_A/Pot_A_Piece_18_SampledWithNormals.ply

Total points: 2
Number of clusters is equal to 0
Points in 
Calling mergeClusters function.
mergeClusters function called.
Single cluster found (iteration 2/30)...Increasing angle threshold (+2) and trying again...

Total points: 2
Number of clusters is equal to 0
Points in 
Calling mergeClusters function.
mergeClusters function called.
Single cluster found (iteration 3/30)...Increasing angle threshold (+2) and trying again...

Total points: 2
Number of clusters is equal to 0
Points in 
Calling mergeClusters function.
mergeClusters function called.
Single cluster found (iteration 4/30)...Increasing angle threshold (+2) and trying again...

Total points: 2
Number of clusters is equal to 0
Points in 
Calling mergeClusters function.
mergeClusters function called.
Single cluster found (iteration 5/30)...Increasing angle threshold (+2) and trying again...

Total points: 2
Number of clusters is equal to 0
Points in 
Calling mergeClusters function.
mergeClusters function called.
Single cluster found (iteration 6/30)...Increasing angle threshold (+2) and trying again...

Total points: 2
Number of clusters is equal to 0
Points in 
Calling mergeClusters function.
mergeClusters function called.
Single cluster found (iteration 7/30)...Increasing angle threshold (+2) and trying again...

Total points: 2
Number of clusters is equal to 0
Points in 
Calling mergeClusters function.
mergeClusters function called.
Single cluster found (iteration 8/30)...Increasing angle threshold (+2) and trying again...

Total points: 2
Number of clusters is equal to 0
Points in 
Calling mergeClusters function.
mergeClusters function called.
Single cluster found (iteration 9/30)...Increasing angle threshold (+2) and trying again...

Total points: 2
Number of clusters is equal to 0
Points in 
Calling mergeClusters function.
mergeClusters function called.
Single cluster found (iteration 10/30)...Increasing angle threshold (+2) and trying again...

Total points: 2
Number of clusters is equal to 0
Points in 
Calling mergeClusters function.
mergeClusters function called.
Single cluster found (iteration 11/30)...Increasing angle threshold (+2) and trying again...

Total points: 2
Number of clusters is equal to 0
Points in 
Calling mergeClusters function.
mergeClusters function called.
Single cluster found (iteration 12/30)...Increasing angle threshold (+2) and trying again...

Total points: 2
Number of clusters is equal to 0
Points in 
Calling mergeClusters function.
mergeClusters function called.
Single cluster found (iteration 13/30)...Increasing angle threshold (+2) and trying again...

Total points: 2
Number of clusters is equal to 0
Points in 
Calling mergeClusters function.
mergeClusters function called.
Single cluster found (iteration 14/30)...Increasing angle threshold (+2) and trying again...

Total points: 2
Number of clusters is equal to 0
Points in 
Calling mergeClusters function.
mergeClusters function called.
Single cluster found (iteration 15/30)...Increasing angle threshold (+2) and trying again...

Total points: 2
Number of clusters is equal to 0
Points in 
Calling mergeClusters function.
mergeClusters function called.
Single cluster found (iteration 16/30)...Increasing angle threshold (+2) and trying again...

Total points: 2
Number of clusters is equal to 0
Points in 
Calling mergeClusters function.
mergeClusters function called.
Single cluster found (iteration 17/30)...Increasing angle threshold (+2) and trying again...

Total points: 2
Number of clusters is equal to 0
Points in 
Calling mergeClusters function.
mergeClusters function called.
Single cluster found (iteration 18/30)...Increasing angle threshold (+2) and trying again...

Total points: 2
Number of clusters is equal to 0
Points in 
Calling mergeClusters function.
mergeClusters function called.
Single cluster found (iteration 19/30)...Increasing angle threshold (+2) and trying again...

Total points: 2
Number of clusters is equal to 0
Points in 
Calling mergeClusters function.
mergeClusters function called.
Single cluster found (iteration 20/30)...Increasing angle threshold (+2) and trying again...

Total points: 2
Number of clusters is equal to 0
Points in 
Calling mergeClusters function.
mergeClusters function called.
Single cluster found (iteration 21/30)...Increasing angle threshold (+2) and trying again...

Total points: 2
Number of clusters is equal to 0
Points in 
Calling mergeClusters function.
mergeClusters function called.
Single cluster found (iteration 22/30)...Increasing angle threshold (+2) and trying again...

Total points: 2
Number of clusters is equal to 0
Points in 
Calling mergeClusters function.
mergeClusters function called.
Single cluster found (iteration 23/30)...Increasing angle threshold (+2) and trying again...

Total points: 2
Number of clusters is equal to 0
Points in 
Calling mergeClusters function.
mergeClusters function called.
Single cluster found (iteration 24/30)...Increasing angle threshold (+2) and trying again...

Total points: 2
Number of clusters is equal to 0
Points in 
Calling mergeClusters function.
mergeClusters function called.
Single cluster found (iteration 25/30)...Increasing angle threshold (+2) and trying again...

Total points: 2
Number of clusters is equal to 0
Points in 
Calling mergeClusters function.
mergeClusters function called.
Single cluster found (iteration 26/30)...Increasing angle threshold (+2) and trying again...

Total points: 2
Number of clusters is equal to 0
Points in 
Calling mergeClusters function.
mergeClusters function called.
Single cluster found (iteration 27/30)...Increasing angle threshold (+2) and trying again...

Total points: 2
Number of clusters is equal to 0
Points in 
Calling mergeClusters function.
mergeClusters function called.
Single cluster found (iteration 28/30)...Increasing angle threshold (+2) and trying again...

Total points: 2
Number of clusters is equal to 0
Points in 
Calling mergeClusters function.
mergeClusters function called.
Single cluster found (iteration 29/30)...Increasing angle threshold (+2) and trying again...
Warning: Angle threshold reached minimum (-50). Using single cluster result.
Warning: Could not achieve 2 clusters after 28 iterations. Final cluster count: 0. Proceeding with available clusters.
Ply to XYZ start

Time after processing: 0.0684171 seconds
Copied Point file: Pot_A_Piece_19_Point.pcd
Copied Mesh file: Pot_A_Piece_19_Mesh.obj

Selected file: Dataset/Point/Pot_A/Pot_A_Piece_19_Point.pcd
Starting processing on: Dataset/Point/Pot_A/Pot_A_Piece_19_Point.pcd
Starting surface segmentation on: Temp/Data/Pot_A/Pot_A_Piece_19_SampledWithNormals.ply

Total points: 1
Number of clusters is equal to 0
Points in 
Calling mergeClusters function.
mergeClusters function called.
Single cluster found (iteration 2/30)...Increasing angle threshold (+2) and trying again...

Total points: 1
Number of clusters is equal to 0
Points in 
Calling mergeClusters function.
mergeClusters function called.
Single cluster found (iteration 3/30)...Increasing angle threshold (+2) and trying again...

Total points: 1
Number of clusters is equal to 0
Points in 
Calling mergeClusters function.
mergeClusters function called.
Single cluster found (iteration 4/30)...Increasing angle threshold (+2) and trying again...

Total points: 1
Number of clusters is equal to 0
Points in 
Calling mergeClusters function.
mergeClusters function called.
Single cluster found (iteration 5/30)...Increasing angle threshold (+2) and trying again...

Total points: 1
Number of clusters is equal to 0
Points in 
Calling mergeClusters function.
mergeClusters function called.
Single cluster found (iteration 6/30)...Increasing angle threshold (+2) and trying again...

Total points: 1
Number of clusters is equal to 0
Points in 
Calling mergeClusters function.
mergeClusters function called.
Single cluster found (iteration 7/30)...Increasing angle threshold (+2) and trying again...

Total points: 1
Number of clusters is equal to 0
Points in 
Calling mergeClusters function.
mergeClusters function called.
Single cluster found (iteration 8/30)...Increasing angle threshold (+2) and trying again...

Total points: 1
Number of clusters is equal to 0
Points in 
Calling mergeClusters function.
mergeClusters function called.
Single cluster found (iteration 9/30)...Increasing angle threshold (+2) and trying again...

Total points: 1
Number of clusters is equal to 0
Points in 
Calling mergeClusters function.
mergeClusters function called.
Single cluster found (iteration 10/30)...Increasing angle threshold (+2) and trying again...

Total points: 1
Number of clusters is equal to 0
Points in 
Calling mergeClusters function.
mergeClusters function called.
Single cluster found (iteration 11/30)...Increasing angle threshold (+2) and trying again...

Total points: 1
Number of clusters is equal to 0
Points in 
Calling mergeClusters function.
mergeClusters function called.
Single cluster found (iteration 12/30)...Increasing angle threshold (+2) and trying again...

Total points: 1
Number of clusters is equal to 0
Points in 
Calling mergeClusters function.
mergeClusters function called.
Single cluster found (iteration 13/30)...Increasing angle threshold (+2) and trying again...

Total points: 1
Number of clusters is equal to 0
Points in 
Calling mergeClusters function.
mergeClusters function called.
Single cluster found (iteration 14/30)...Increasing angle threshold (+2) and trying again...

Total points: 1
Number of clusters is equal to 0
Points in 
Calling mergeClusters function.
mergeClusters function called.
Single cluster found (iteration 15/30)...Increasing angle threshold (+2) and trying again...

Total points: 1
Number of clusters is equal to 0
Points in 
Calling mergeClusters function.
mergeClusters function called.
Single cluster found (iteration 16/30)...Increasing angle threshold (+2) and trying again...

Total points: 1
Number of clusters is equal to 0
Points in 
Calling mergeClusters function.
mergeClusters function called.
Single cluster found (iteration 17/30)...Increasing angle threshold (+2) and trying again...

Total points: 1
Number of clusters is equal to 0
Points in 
Calling mergeClusters function.
mergeClusters function called.
Single cluster found (iteration 18/30)...Increasing angle threshold (+2) and trying again...

Total points: 1
Number of clusters is equal to 0
Points in 
Calling mergeClusters function.
mergeClusters function called.
Single cluster found (iteration 19/30)...Increasing angle threshold (+2) and trying again...

Total points: 1
Number of clusters is equal to 0
Points in 
Calling mergeClusters function.
mergeClusters function called.
Single cluster found (iteration 20/30)...Increasing angle threshold (+2) and trying again...

Total points: 1
Number of clusters is equal to 0
Points in 
Calling mergeClusters function.
mergeClusters function called.
Single cluster found (iteration 21/30)...Increasing angle threshold (+2) and trying again...

Total points: 1
Number of clusters is equal to 0
Points in 
Calling mergeClusters function.
mergeClusters function called.
Single cluster found (iteration 22/30)...Increasing angle threshold (+2) and trying again...

Total points: 1
Number of clusters is equal to 0
Points in 
Calling mergeClusters function.
mergeClusters function called.
Single cluster found (iteration 23/30)...Increasing angle threshold (+2) and trying again...

Total points: 1
Number of clusters is equal to 0
Points in 
Calling mergeClusters function.
mergeClusters function called.
Single cluster found (iteration 24/30)...Increasing angle threshold (+2) and trying again...

Total points: 1
Number of clusters is equal to 0
Points in 
Calling mergeClusters function.
mergeClusters function called.
Single cluster found (iteration 25/30)...Increasing angle threshold (+2) and trying again...

Total points: 1
Number of clusters is equal to 0
Points in 
Calling mergeClusters function.
mergeClusters function called.
Single cluster found (iteration 26/30)...Increasing angle threshold (+2) and trying again...

Total points: 1
Number of clusters is equal to 0
Points in 
Calling mergeClusters function.
mergeClusters function called.
Single cluster found (iteration 27/30)...Increasing angle threshold (+2) and trying again...

Total points: 1
Number of clusters is equal to 0
Points in 
Calling mergeClusters function.
mergeClusters function called.
Single cluster found (iteration 28/30)...Increasing angle threshold (+2) and trying again...

Total points: 1
Number of clusters is equal to 0
Points in 
Calling mergeClusters function.
mergeClusters function called.
Single cluster found (iteration 29/30)...Increasing angle threshold (+2) and trying again...
Warning: Angle threshold reached minimum (-50). Using single cluster result.
Warning: Could not achieve 2 clusters after 28 iterations. Final cluster count: 0. Proceeding with available clusters.
Ply to XYZ start

Time after processing: 0.0668307 seconds
Copied Point file: Pot_A_Piece_20_Point.pcd
Copied Mesh file: Pot_A_Piece_20_Mesh.obj

Selected file: Dataset/Point/Pot_A/Pot_A_Piece_20_Point.pcd
Starting processing on: Dataset/Point/Pot_A/Pot_A_Piece_20_Point.pcd
Starting surface segmentation on: Temp/Data/Pot_A/Pot_A_Piece_20_SampledWithNormals.ply

Total points: 2
Number of clusters is equal to 0
Points in 
Calling mergeClusters function.
mergeClusters function called.
Single cluster found (iteration 2/30)...Increasing angle threshold (+2) and trying again...

Total points: 2
Number of clusters is equal to 0
Points in 
Calling mergeClusters function.
mergeClusters function called.
Single cluster found (iteration 3/30)...Increasing angle threshold (+2) and trying again...

Total points: 2
Number of clusters is equal to 0
Points in 
Calling mergeClusters function.
mergeClusters function called.
Single cluster found (iteration 4/30)...Increasing angle threshold (+2) and trying again...

Total points: 2
Number of clusters is equal to 0
Points in 
Calling mergeClusters function.
mergeClusters function called.
Single cluster found (iteration 5/30)...Increasing angle threshold (+2) and trying again...

Total points: 2
Number of clusters is equal to 0
Points in 
Calling mergeClusters function.
mergeClusters function called.
Single cluster found (iteration 6/30)...Increasing angle threshold (+2) and trying again...

Total points: 2
Number of clusters is equal to 0
Points in 
Calling mergeClusters function.
mergeClusters function called.
Single cluster found (iteration 7/30)...Increasing angle threshold (+2) and trying again...

Total points: 2
Number of clusters is equal to 0
Points in 
Calling mergeClusters function.
mergeClusters function called.
Single cluster found (iteration 8/30)...Increasing angle threshold (+2) and trying again...

Total points: 2
Number of clusters is equal to 0
Points in 
Calling mergeClusters function.
mergeClusters function called.
Single cluster found (iteration 9/30)...Increasing angle threshold (+2) and trying again...

Total points: 2
Number of clusters is equal to 0
Points in 
Calling mergeClusters function.
mergeClusters function called.
Single cluster found (iteration 10/30)...Increasing angle threshold (+2) and trying again...

Total points: 2
Number of clusters is equal to 0
Points in 
Calling mergeClusters function.
mergeClusters function called.
Single cluster found (iteration 11/30)...Increasing angle threshold (+2) and trying again...

Total points: 2
Number of clusters is equal to 0
Points in 
Calling mergeClusters function.
mergeClusters function called.
Single cluster found (iteration 12/30)...Increasing angle threshold (+2) and trying again...

Total points: 2
Number of clusters is equal to 0
Points in 
Calling mergeClusters function.
mergeClusters function called.
Single cluster found (iteration 13/30)...Increasing angle threshold (+2) and trying again...

Total points: 2
Number of clusters is equal to 0
Points in 
Calling mergeClusters function.
mergeClusters function called.
Single cluster found (iteration 14/30)...Increasing angle threshold (+2) and trying again...

Total points: 2
Number of clusters is equal to 0
Points in 
Calling mergeClusters function.
mergeClusters function called.
Single cluster found (iteration 15/30)...Increasing angle threshold (+2) and trying again...

Total points: 2
Number of clusters is equal to 0
Points in 
Calling mergeClusters function.
mergeClusters function called.
Single cluster found (iteration 16/30)...Increasing angle threshold (+2) and trying again...

Total points: 2
Number of clusters is equal to 0
Points in 
Calling mergeClusters function.
mergeClusters function called.
Single cluster found (iteration 17/30)...Increasing angle threshold (+2) and trying again...

Total points: 2
Number of clusters is equal to 0
Points in 
Calling mergeClusters function.
mergeClusters function called.
Single cluster found (iteration 18/30)...Increasing angle threshold (+2) and trying again...

Total points: 2
Number of clusters is equal to 0
Points in 
Calling mergeClusters function.
mergeClusters function called.
Single cluster found (iteration 19/30)...Increasing angle threshold (+2) and trying again...

Total points: 2
Number of clusters is equal to 0
Points in 
Calling mergeClusters function.
mergeClusters function called.
Single cluster found (iteration 20/30)...Increasing angle threshold (+2) and trying again...

Total points: 2
Number of clusters is equal to 0
Points in 
Calling mergeClusters function.
mergeClusters function called.
Single cluster found (iteration 21/30)...Increasing angle threshold (+2) and trying again...

Total points: 2
Number of clusters is equal to 0
Points in 
Calling mergeClusters function.
mergeClusters function called.
Single cluster found (iteration 22/30)...Increasing angle threshold (+2) and trying again...

Total points: 2
Number of clusters is equal to 0
Points in 
Calling mergeClusters function.
mergeClusters function called.
Single cluster found (iteration 23/30)...Increasing angle threshold (+2) and trying again...

Total points: 2
Number of clusters is equal to 0
Points in 
Calling mergeClusters function.
mergeClusters function called.
Single cluster found (iteration 24/30)...Increasing angle threshold (+2) and trying again...

Total points: 2
Number of clusters is equal to 0
Points in 
Calling mergeClusters function.
mergeClusters function called.
Single cluster found (iteration 25/30)...Increasing angle threshold (+2) and trying again...

Total points: 2
Number of clusters is equal to 0
Points in 
Calling mergeClusters function.
mergeClusters function called.
Single cluster found (iteration 26/30)...Increasing angle threshold (+2) and trying again...

Total points: 2
Number of clusters is equal to 0
Points in 
Calling mergeClusters function.
mergeClusters function called.
Single cluster found (iteration 27/30)...Increasing angle threshold (+2) and trying again...

Total points: 2
Number of clusters is equal to 0
Points in 
Calling mergeClusters function.
mergeClusters function called.
Single cluster found (iteration 28/30)...Increasing angle threshold (+2) and trying again...

Total points: 2
Number of clusters is equal to 0
Points in 
Calling mergeClusters function.
mergeClusters function called.
Single cluster found (iteration 29/30)...Increasing angle threshold (+2) and trying again...
Warning: Angle threshold reached minimum (-50). Using single cluster result.
Warning: Could not achieve 2 clusters after 28 iterations. Final cluster count: 0. Proceeding with available clusters.
Ply to XYZ start

Time after processing: 0.0677125 seconds
Copied Point file: Pot_A_Piece_21_Point.pcd
Copied Mesh file: Pot_A_Piece_21_Mesh.obj

Selected file: Dataset/Point/Pot_A/Pot_A_Piece_21_Point.pcd
Starting processing on: Dataset/Point/Pot_A/Pot_A_Piece_21_Point.pcd
Starting surface segmentation on: Temp/Data/Pot_A/Pot_A_Piece_21_SampledWithNormals.ply

Total points: 1
Number of clusters is equal to 0
Points in 
Calling mergeClusters function.
mergeClusters function called.
Single cluster found (iteration 2/30)...Increasing angle threshold (+2) and trying again...

Total points: 1
Number of clusters is equal to 0
Points in 
Calling mergeClusters function.
mergeClusters function called.
Single cluster found (iteration 3/30)...Increasing angle threshold (+2) and trying again...

Total points: 1
Number of clusters is equal to 0
Points in 
Calling mergeClusters function.
mergeClusters function called.
Single cluster found (iteration 4/30)...Increasing angle threshold (+2) and trying again...

Total points: 1
Number of clusters is equal to 0
Points in 
Calling mergeClusters function.
mergeClusters function called.
Single cluster found (iteration 5/30)...Increasing angle threshold (+2) and trying again...

Total points: 1
Number of clusters is equal to 0
Points in 
Calling mergeClusters function.
mergeClusters function called.
Single cluster found (iteration 6/30)...Increasing angle threshold (+2) and trying again...

Total points: 1
Number of clusters is equal to 0
Points in 
Calling mergeClusters function.
mergeClusters function called.
Single cluster found (iteration 7/30)...Increasing angle threshold (+2) and trying again...

Total points: 1
Number of clusters is equal to 0
Points in 
Calling mergeClusters function.
mergeClusters function called.
Single cluster found (iteration 8/30)...Increasing angle threshold (+2) and trying again...

Total points: 1
Number of clusters is equal to 0
Points in 
Calling mergeClusters function.
mergeClusters function called.
Single cluster found (iteration 9/30)...Increasing angle threshold (+2) and trying again...

Total points: 1
Number of clusters is equal to 0
Points in 
Calling mergeClusters function.
mergeClusters function called.
Single cluster found (iteration 10/30)...Increasing angle threshold (+2) and trying again...

Total points: 1
Number of clusters is equal to 0
Points in 
Calling mergeClusters function.
mergeClusters function called.
Single cluster found (iteration 11/30)...Increasing angle threshold (+2) and trying again...

Total points: 1
Number of clusters is equal to 0
Points in 
Calling mergeClusters function.
mergeClusters function called.
Single cluster found (iteration 12/30)...Increasing angle threshold (+2) and trying again...

Total points: 1
Number of clusters is equal to 0
Points in 
Calling mergeClusters function.
mergeClusters function called.
Single cluster found (iteration 13/30)...Increasing angle threshold (+2) and trying again...

Total points: 1
Number of clusters is equal to 0
Points in 
Calling mergeClusters function.
mergeClusters function called.
Single cluster found (iteration 14/30)...Increasing angle threshold (+2) and trying again...

Total points: 1
Number of clusters is equal to 0
Points in 
Calling mergeClusters function.
mergeClusters function called.
Single cluster found (iteration 15/30)...Increasing angle threshold (+2) and trying again...

Total points: 1
Number of clusters is equal to 0
Points in 
Calling mergeClusters function.
mergeClusters function called.
Single cluster found (iteration 16/30)...Increasing angle threshold (+2) and trying again...

Total points: 1
Number of clusters is equal to 0
Points in 
Calling mergeClusters function.
mergeClusters function called.
Single cluster found (iteration 17/30)...Increasing angle threshold (+2) and trying again...

Total points: 1
Number of clusters is equal to 0
Points in 
Calling mergeClusters function.
mergeClusters function called.
Single cluster found (iteration 18/30)...Increasing angle threshold (+2) and trying again...

Total points: 1
Number of clusters is equal to 0
Points in 
Calling mergeClusters function.
mergeClusters function called.
Single cluster found (iteration 19/30)...Increasing angle threshold (+2) and trying again...

Total points: 1
Number of clusters is equal to 0
Points in 
Calling mergeClusters function.
mergeClusters function called.
Single cluster found (iteration 20/30)...Increasing angle threshold (+2) and trying again...

Total points: 1
Number of clusters is equal to 0
Points in 
Calling mergeClusters function.
mergeClusters function called.
Single cluster found (iteration 21/30)...Increasing angle threshold (+2) and trying again...

Total points: 1
Number of clusters is equal to 0
Points in 
Calling mergeClusters function.
mergeClusters function called.
Single cluster found (iteration 22/30)...Increasing angle threshold (+2) and trying again...

Total points: 1
Number of clusters is equal to 0
Points in 
Calling mergeClusters function.
mergeClusters function called.
Single cluster found (iteration 23/30)...Increasing angle threshold (+2) and trying again...

Total points: 1
Number of clusters is equal to 0
Points in 
Calling mergeClusters function.
mergeClusters function called.
Single cluster found (iteration 24/30)...Increasing angle threshold (+2) and trying again...

Total points: 1
Number of clusters is equal to 0
Points in 
Calling mergeClusters function.
mergeClusters function called.
Single cluster found (iteration 25/30)...Increasing angle threshold (+2) and trying again...

Total points: 1
Number of clusters is equal to 0
Points in 
Calling mergeClusters function.
mergeClusters function called.
Single cluster found (iteration 26/30)...Increasing angle threshold (+2) and trying again...

Total points: 1
Number of clusters is equal to 0
Points in 
Calling mergeClusters function.
mergeClusters function called.
Single cluster found (iteration 27/30)...Increasing angle threshold (+2) and trying again...

Total points: 1
Number of clusters is equal to 0
Points in 
Calling mergeClusters function.
mergeClusters function called.
Single cluster found (iteration 28/30)...Increasing angle threshold (+2) and trying again...

Total points: 1
Number of clusters is equal to 0
Points in 
Calling mergeClusters function.
mergeClusters function called.
Single cluster found (iteration 29/30)...Increasing angle threshold (+2) and trying again...
Warning: Angle threshold reached minimum (-50). Using single cluster result.
Warning: Could not achieve 2 clusters after 28 iterations. Final cluster count: 0. Proceeding with available clusters.
Ply to XYZ start

Time after processing: 0.0667204 seconds
Copied Point file: Pot_A_Piece_22_Point.pcd
Copied Mesh file: Pot_A_Piece_22_Mesh.obj

Selected file: Dataset/Point/Pot_A/Pot_A_Piece_22_Point.pcd
Starting processing on: Dataset/Point/Pot_A/Pot_A_Piece_22_Point.pcd
Starting surface segmentation on: Temp/Data/Pot_A/Pot_A_Piece_22_SampledWithNormals.ply

Total points: 1
Number of clusters is equal to 0
Points in 
Calling mergeClusters function.
mergeClusters function called.
Single cluster found (iteration 2/30)...Increasing angle threshold (+2) and trying again...

Total points: 1
Number of clusters is equal to 0
Points in 
Calling mergeClusters function.
mergeClusters function called.
Single cluster found (iteration 3/30)...Increasing angle threshold (+2) and trying again...

Total points: 1
Number of clusters is equal to 0
Points in 
Calling mergeClusters function.
mergeClusters function called.
Single cluster found (iteration 4/30)...Increasing angle threshold (+2) and trying again...

Total points: 1
Number of clusters is equal to 0
Points in 
Calling mergeClusters function.
mergeClusters function called.
Single cluster found (iteration 5/30)...Increasing angle threshold (+2) and trying again...

Total points: 1
Number of clusters is equal to 0
Points in 
Calling mergeClusters function.
mergeClusters function called.
Single cluster found (iteration 6/30)...Increasing angle threshold (+2) and trying again...

Total points: 1
Number of clusters is equal to 0
Points in 
Calling mergeClusters function.
mergeClusters function called.
Single cluster found (iteration 7/30)...Increasing angle threshold (+2) and trying again...

Total points: 1
Number of clusters is equal to 0
Points in 
Calling mergeClusters function.
mergeClusters function called.
Single cluster found (iteration 8/30)...Increasing angle threshold (+2) and trying again...

Total points: 1
Number of clusters is equal to 0
Points in 
Calling mergeClusters function.
mergeClusters function called.
Single cluster found (iteration 9/30)...Increasing angle threshold (+2) and trying again...

Total points: 1
Number of clusters is equal to 0
Points in 
Calling mergeClusters function.
mergeClusters function called.
Single cluster found (iteration 10/30)...Increasing angle threshold (+2) and trying again...

Total points: 1
Number of clusters is equal to 0
Points in 
Calling mergeClusters function.
mergeClusters function called.
Single cluster found (iteration 11/30)...Increasing angle threshold (+2) and trying again...

Total points: 1
Number of clusters is equal to 0
Points in 
Calling mergeClusters function.
mergeClusters function called.
Single cluster found (iteration 12/30)...Increasing angle threshold (+2) and trying again...

Total points: 1
Number of clusters is equal to 0
Points in 
Calling mergeClusters function.
mergeClusters function called.
Single cluster found (iteration 13/30)...Increasing angle threshold (+2) and trying again...

Total points: 1
Number of clusters is equal to 0
Points in 
Calling mergeClusters function.
mergeClusters function called.
Single cluster found (iteration 14/30)...Increasing angle threshold (+2) and trying again...

Total points: 1
Number of clusters is equal to 0
Points in 
Calling mergeClusters function.
mergeClusters function called.
Single cluster found (iteration 15/30)...Increasing angle threshold (+2) and trying again...

Total points: 1
Number of clusters is equal to 0
Points in 
Calling mergeClusters function.
mergeClusters function called.
Single cluster found (iteration 16/30)...Increasing angle threshold (+2) and trying again...

Total points: 1
Number of clusters is equal to 0
Points in 
Calling mergeClusters function.
mergeClusters function called.
Single cluster found (iteration 17/30)...Increasing angle threshold (+2) and trying again...

Total points: 1
Number of clusters is equal to 0
Points in 
Calling mergeClusters function.
mergeClusters function called.
Single cluster found (iteration 18/30)...Increasing angle threshold (+2) and trying again...

Total points: 1
Number of clusters is equal to 0
Points in 
Calling mergeClusters function.
mergeClusters function called.
Single cluster found (iteration 19/30)...Increasing angle threshold (+2) and trying again...

Total points: 1
Number of clusters is equal to 0
Points in 
Calling mergeClusters function.
mergeClusters function called.
Single cluster found (iteration 20/30)...Increasing angle threshold (+2) and trying again...

Total points: 1
Number of clusters is equal to 0
Points in 
Calling mergeClusters function.
mergeClusters function called.
Single cluster found (iteration 21/30)...Increasing angle threshold (+2) and trying again...

Total points: 1
Number of clusters is equal to 0
Points in 
Calling mergeClusters function.
mergeClusters function called.
Single cluster found (iteration 22/30)...Increasing angle threshold (+2) and trying again...

Total points: 1
Number of clusters is equal to 0
Points in 
Calling mergeClusters function.
mergeClusters function called.
Single cluster found (iteration 23/30)...Increasing angle threshold (+2) and trying again...

Total points: 1
Number of clusters is equal to 0
Points in 
Calling mergeClusters function.
mergeClusters function called.
Single cluster found (iteration 24/30)...Increasing angle threshold (+2) and trying again...

Total points: 1
Number of clusters is equal to 0
Points in 
Calling mergeClusters function.
mergeClusters function called.
Single cluster found (iteration 25/30)...Increasing angle threshold (+2) and trying again...

Total points: 1
Number of clusters is equal to 0
Points in 
Calling mergeClusters function.
mergeClusters function called.
Single cluster found (iteration 26/30)...Increasing angle threshold (+2) and trying again...

Total points: 1
Number of clusters is equal to 0
Points in 
Calling mergeClusters function.
mergeClusters function called.
Single cluster found (iteration 27/30)...Increasing angle threshold (+2) and trying again...

Total points: 1
Number of clusters is equal to 0
Points in 
Calling mergeClusters function.
mergeClusters function called.
Single cluster found (iteration 28/30)...Increasing angle threshold (+2) and trying again...

Total points: 1
Number of clusters is equal to 0
Points in 
Calling mergeClusters function.
mergeClusters function called.
Single cluster found (iteration 29/30)...Increasing angle threshold (+2) and trying again...
Warning: Angle threshold reached minimum (-50). Using single cluster result.
Warning: Could not achieve 2 clusters after 28 iterations. Final cluster count: 0. Proceeding with available clusters.
Ply to XYZ start

Time after processing: 0.0658124 seconds
Copied Point file: Pot_A_Piece_23_Point.pcd
Copied Mesh file: Pot_A_Piece_23_Mesh.obj

Selected file: Dataset/Point/Pot_A/Pot_A_Piece_23_Point.pcd
Starting processing on: Dataset/Point/Pot_A/Pot_A_Piece_23_Point.pcd
Starting surface segmentation on: Temp/Data/Pot_A/Pot_A_Piece_23_SampledWithNormals.ply

Total points: 1
Number of clusters is equal to 0
Points in 
Calling mergeClusters function.
mergeClusters function called.
Single cluster found (iteration 2/30)...Increasing angle threshold (+2) and trying again...

Total points: 1
Number of clusters is equal to 0
Points in 
Calling mergeClusters function.
mergeClusters function called.
Single cluster found (iteration 3/30)...Increasing angle threshold (+2) and trying again...

Total points: 1
Number of clusters is equal to 0
Points in 
Calling mergeClusters function.
mergeClusters function called.
Single cluster found (iteration 4/30)...Increasing angle threshold (+2) and trying again...

Total points: 1
Number of clusters is equal to 0
Points in 
Calling mergeClusters function.
mergeClusters function called.
Single cluster found (iteration 5/30)...Increasing angle threshold (+2) and trying again...

Total points: 1
Number of clusters is equal to 0
Points in 
Calling mergeClusters function.
mergeClusters function called.
Single cluster found (iteration 6/30)...Increasing angle threshold (+2) and trying again...

Total points: 1
Number of clusters is equal to 0
Points in 
Calling mergeClusters function.
mergeClusters function called.
Single cluster found (iteration 7/30)...Increasing angle threshold (+2) and trying again...

Total points: 1
Number of clusters is equal to 0
Points in 
Calling mergeClusters function.
mergeClusters function called.
Single cluster found (iteration 8/30)...Increasing angle threshold (+2) and trying again...

Total points: 1
Number of clusters is equal to 0
Points in 
Calling mergeClusters function.
mergeClusters function called.
Single cluster found (iteration 9/30)...Increasing angle threshold (+2) and trying again...

Total points: 1
Number of clusters is equal to 0
Points in 
Calling mergeClusters function.
mergeClusters function called.
Single cluster found (iteration 10/30)...Increasing angle threshold (+2) and trying again...

Total points: 1
Number of clusters is equal to 0
Points in 
Calling mergeClusters function.
mergeClusters function called.
Single cluster found (iteration 11/30)...Increasing angle threshold (+2) and trying again...

Total points: 1
Number of clusters is equal to 0
Points in 
Calling mergeClusters function.
mergeClusters function called.
Single cluster found (iteration 12/30)...Increasing angle threshold (+2) and trying again...

Total points: 1
Number of clusters is equal to 0
Points in 
Calling mergeClusters function.
mergeClusters function called.
Single cluster found (iteration 13/30)...Increasing angle threshold (+2) and trying again...

Total points: 1
Number of clusters is equal to 0
Points in 
Calling mergeClusters function.
mergeClusters function called.
Single cluster found (iteration 14/30)...Increasing angle threshold (+2) and trying again...

Total points: 1
Number of clusters is equal to 0
Points in 
Calling mergeClusters function.
mergeClusters function called.
Single cluster found (iteration 15/30)...Increasing angle threshold (+2) and trying again...

Total points: 1
Number of clusters is equal to 0
Points in 
Calling mergeClusters function.
mergeClusters function called.
Single cluster found (iteration 16/30)...Increasing angle threshold (+2) and trying again...

Total points: 1
Number of clusters is equal to 0
Points in 
Calling mergeClusters function.
mergeClusters function called.
Single cluster found (iteration 17/30)...Increasing angle threshold (+2) and trying again...

Total points: 1
Number of clusters is equal to 0
Points in 
Calling mergeClusters function.
mergeClusters function called.
Single cluster found (iteration 18/30)...Increasing angle threshold (+2) and trying again...

Total points: 1
Number of clusters is equal to 0
Points in 
Calling mergeClusters function.
mergeClusters function called.
Single cluster found (iteration 19/30)...Increasing angle threshold (+2) and trying again...

Total points: 1
Number of clusters is equal to 0
Points in 
Calling mergeClusters function.
mergeClusters function called.
Single cluster found (iteration 20/30)...Increasing angle threshold (+2) and trying again...

Total points: 1
Number of clusters is equal to 0
Points in 
Calling mergeClusters function.
mergeClusters function called.
Single cluster found (iteration 21/30)...Increasing angle threshold (+2) and trying again...

Total points: 1
Number of clusters is equal to 0
Points in 
Calling mergeClusters function.
mergeClusters function called.
Single cluster found (iteration 22/30)...Increasing angle threshold (+2) and trying again...

Total points: 1
Number of clusters is equal to 0
Points in 
Calling mergeClusters function.
mergeClusters function called.
Single cluster found (iteration 23/30)...Increasing angle threshold (+2) and trying again...

Total points: 1
Number of clusters is equal to 0
Points in 
Calling mergeClusters function.
mergeClusters function called.
Single cluster found (iteration 24/30)...Increasing angle threshold (+2) and trying again...

Total points: 1
Number of clusters is equal to 0
Points in 
Calling mergeClusters function.
mergeClusters function called.
Single cluster found (iteration 25/30)...Increasing angle threshold (+2) and trying again...

Total points: 1
Number of clusters is equal to 0
Points in 
Calling mergeClusters function.
mergeClusters function called.
Single cluster found (iteration 26/30)...Increasing angle threshold (+2) and trying again...

Total points: 1
Number of clusters is equal to 0
Points in 
Calling mergeClusters function.
mergeClusters function called.
Single cluster found (iteration 27/30)...Increasing angle threshold (+2) and trying again...

Total points: 1
Number of clusters is equal to 0
Points in 
Calling mergeClusters function.
mergeClusters function called.
Single cluster found (iteration 28/30)...Increasing angle threshold (+2) and trying again...

Total points: 1
Number of clusters is equal to 0
Points in 
Calling mergeClusters function.
mergeClusters function called.
Single cluster found (iteration 29/30)...Increasing angle threshold (+2) and trying again...
Warning: Angle threshold reached minimum (-50). Using single cluster result.
Warning: Could not achieve 2 clusters after 28 iterations. Final cluster count: 0. Proceeding with available clusters.
Ply to XYZ start

Time after processing: 0.0680637 seconds
Copied Point file: Pot_A_Piece_24_Point.pcd
Copied Mesh file: Pot_A_Piece_24_Mesh.obj

Selected file: Dataset/Point/Pot_A/Pot_A_Piece_24_Point.pcd
Starting processing on: Dataset/Point/Pot_A/Pot_A_Piece_24_Point.pcd
Starting surface segmentation on: Temp/Data/Pot_A/Pot_A_Piece_24_SampledWithNormals.ply

Total points: 1
Number of clusters is equal to 0
Points in 
Calling mergeClusters function.
mergeClusters function called.
Single cluster found (iteration 2/30)...Increasing angle threshold (+2) and trying again...

Total points: 1
Number of clusters is equal to 0
Points in 
Calling mergeClusters function.
mergeClusters function called.
Single cluster found (iteration 3/30)...Increasing angle threshold (+2) and trying again...

Total points: 1
Number of clusters is equal to 0
Points in 
Calling mergeClusters function.
mergeClusters function called.
Single cluster found (iteration 4/30)...Increasing angle threshold (+2) and trying again...

Total points: 1
Number of clusters is equal to 0
Points in 
Calling mergeClusters function.
mergeClusters function called.
Single cluster found (iteration 5/30)...Increasing angle threshold (+2) and trying again...

Total points: 1
Number of clusters is equal to 0
Points in 
Calling mergeClusters function.
mergeClusters function called.
Single cluster found (iteration 6/30)...Increasing angle threshold (+2) and trying again...

Total points: 1
Number of clusters is equal to 0
Points in 
Calling mergeClusters function.
mergeClusters function called.
Single cluster found (iteration 7/30)...Increasing angle threshold (+2) and trying again...

Total points: 1
Number of clusters is equal to 0
Points in 
Calling mergeClusters function.
mergeClusters function called.
Single cluster found (iteration 8/30)...Increasing angle threshold (+2) and trying again...

Total points: 1
Number of clusters is equal to 0
Points in 
Calling mergeClusters function.
mergeClusters function called.
Single cluster found (iteration 9/30)...Increasing angle threshold (+2) and trying again...

Total points: 1
Number of clusters is equal to 0
Points in 
Calling mergeClusters function.
mergeClusters function called.
Single cluster found (iteration 10/30)...Increasing angle threshold (+2) and trying again...

Total points: 1
Number of clusters is equal to 0
Points in 
Calling mergeClusters function.
mergeClusters function called.
Single cluster found (iteration 11/30)...Increasing angle threshold (+2) and trying again...

Total points: 1
Number of clusters is equal to 0
Points in 
Calling mergeClusters function.
mergeClusters function called.
Single cluster found (iteration 12/30)...Increasing angle threshold (+2) and trying again...

Total points: 1
Number of clusters is equal to 0
Points in 
Calling mergeClusters function.
mergeClusters function called.
Single cluster found (iteration 13/30)...Increasing angle threshold (+2) and trying again...

Total points: 1
Number of clusters is equal to 0
Points in 
Calling mergeClusters function.
mergeClusters function called.
Single cluster found (iteration 14/30)...Increasing angle threshold (+2) and trying again...

Total points: 1
Number of clusters is equal to 0
Points in 
Calling mergeClusters function.
mergeClusters function called.
Single cluster found (iteration 15/30)...Increasing angle threshold (+2) and trying again...

Total points: 1
Number of clusters is equal to 0
Points in 
Calling mergeClusters function.
mergeClusters function called.
Single cluster found (iteration 16/30)...Increasing angle threshold (+2) and trying again...

Total points: 1
Number of clusters is equal to 0
Points in 
Calling mergeClusters function.
mergeClusters function called.
Single cluster found (iteration 17/30)...Increasing angle threshold (+2) and trying again...

Total points: 1
Number of clusters is equal to 0
Points in 
Calling mergeClusters function.
mergeClusters function called.
Single cluster found (iteration 18/30)...Increasing angle threshold (+2) and trying again...

Total points: 1
Number of clusters is equal to 0
Points in 
Calling mergeClusters function.
mergeClusters function called.
Single cluster found (iteration 19/30)...Increasing angle threshold (+2) and trying again...

Total points: 1
Number of clusters is equal to 0
Points in 
Calling mergeClusters function.
mergeClusters function called.
Single cluster found (iteration 20/30)...Increasing angle threshold (+2) and trying again...

Total points: 1
Number of clusters is equal to 0
Points in 
Calling mergeClusters function.
mergeClusters function called.
Single cluster found (iteration 21/30)...Increasing angle threshold (+2) and trying again...

Total points: 1
Number of clusters is equal to 0
Points in 
Calling mergeClusters function.
mergeClusters function called.
Single cluster found (iteration 22/30)...Increasing angle threshold (+2) and trying again...

Total points: 1
Number of clusters is equal to 0
Points in 
Calling mergeClusters function.
mergeClusters function called.
Single cluster found (iteration 23/30)...Increasing angle threshold (+2) and trying again...

Total points: 1
Number of clusters is equal to 0
Points in 
Calling mergeClusters function.
mergeClusters function called.
Single cluster found (iteration 24/30)...Increasing angle threshold (+2) and trying again...

Total points: 1
Number of clusters is equal to 0
Points in 
Calling mergeClusters function.
mergeClusters function called.
Single cluster found (iteration 25/30)...Increasing angle threshold (+2) and trying again...

Total points: 1
Number of clusters is equal to 0
Points in 
Calling mergeClusters function.
mergeClusters function called.
Single cluster found (iteration 26/30)...Increasing angle threshold (+2) and trying again...

Total points: 1
Number of clusters is equal to 0
Points in 
Calling mergeClusters function.
mergeClusters function called.
Single cluster found (iteration 27/30)...Increasing angle threshold (+2) and trying again...

Total points: 1
Number of clusters is equal to 0
Points in 
Calling mergeClusters function.
mergeClusters function called.
Single cluster found (iteration 28/30)...Increasing angle threshold (+2) and trying again...

Total points: 1
Number of clusters is equal to 0
Points in 
Calling mergeClusters function.
mergeClusters function called.
Single cluster found (iteration 29/30)...Increasing angle threshold (+2) and trying again...
Warning: Angle threshold reached minimum (-50). Using single cluster result.
Warning: Could not achieve 2 clusters after 28 iterations. Final cluster count: 0. Proceeding with available clusters.
Ply to XYZ start

Time after processing: 0.0681988 seconds
Copied Point file: Pot_A_Piece_25_Point.pcd
Copied Mesh file: Pot_A_Piece_25_Mesh.obj

Selected file: Dataset/Point/Pot_A/Pot_A_Piece_25_Point.pcd
Starting processing on: Dataset/Point/Pot_A/Pot_A_Piece_25_Point.pcd
Starting surface segmentation on: Temp/Data/Pot_A/Pot_A_Piece_25_SampledWithNormals.ply

Total points: 2
Number of clusters is equal to 0
Points in 
Calling mergeClusters function.
mergeClusters function called.
Single cluster found (iteration 2/30)...Increasing angle threshold (+2) and trying again...

Total points: 2
Number of clusters is equal to 0
Points in 
Calling mergeClusters function.
mergeClusters function called.
Single cluster found (iteration 3/30)...Increasing angle threshold (+2) and trying again...

Total points: 2
Number of clusters is equal to 0
Points in 
Calling mergeClusters function.
mergeClusters function called.
Single cluster found (iteration 4/30)...Increasing angle threshold (+2) and trying again...

Total points: 2
Number of clusters is equal to 0
Points in 
Calling mergeClusters function.
mergeClusters function called.
Single cluster found (iteration 5/30)...Increasing angle threshold (+2) and trying again...

Total points: 2
Number of clusters is equal to 0
Points in 
Calling mergeClusters function.
mergeClusters function called.
Single cluster found (iteration 6/30)...Increasing angle threshold (+2) and trying again...

Total points: 2
Number of clusters is equal to 0
Points in 
Calling mergeClusters function.
mergeClusters function called.
Single cluster found (iteration 7/30)...Increasing angle threshold (+2) and trying again...

Total points: 2
Number of clusters is equal to 0
Points in 
Calling mergeClusters function.
mergeClusters function called.
Single cluster found (iteration 8/30)...Increasing angle threshold (+2) and trying again...

Total points: 2
Number of clusters is equal to 0
Points in 
Calling mergeClusters function.
mergeClusters function called.
Single cluster found (iteration 9/30)...Increasing angle threshold (+2) and trying again...

Total points: 2
Number of clusters is equal to 0
Points in 
Calling mergeClusters function.
mergeClusters function called.
Single cluster found (iteration 10/30)...Increasing angle threshold (+2) and trying again...

Total points: 2
Number of clusters is equal to 0
Points in 
Calling mergeClusters function.
mergeClusters function called.
Single cluster found (iteration 11/30)...Increasing angle threshold (+2) and trying again...

Total points: 2
Number of clusters is equal to 0
Points in 
Calling mergeClusters function.
mergeClusters function called.
Single cluster found (iteration 12/30)...Increasing angle threshold (+2) and trying again...

Total points: 2
Number of clusters is equal to 0
Points in 
Calling mergeClusters function.
mergeClusters function called.
Single cluster found (iteration 13/30)...Increasing angle threshold (+2) and trying again...

Total points: 2
Number of clusters is equal to 0
Points in 
Calling mergeClusters function.
mergeClusters function called.
Single cluster found (iteration 14/30)...Increasing angle threshold (+2) and trying again...

Total points: 2
Number of clusters is equal to 0
Points in 
Calling mergeClusters function.
mergeClusters function called.
Single cluster found (iteration 15/30)...Increasing angle threshold (+2) and trying again...

Total points: 2
Number of clusters is equal to 0
Points in 
Calling mergeClusters function.
mergeClusters function called.
Single cluster found (iteration 16/30)...Increasing angle threshold (+2) and trying again...

Total points: 2
Number of clusters is equal to 0
Points in 
Calling mergeClusters function.
mergeClusters function called.
Single cluster found (iteration 17/30)...Increasing angle threshold (+2) and trying again...

Total points: 2
Number of clusters is equal to 0
Points in 
Calling mergeClusters function.
mergeClusters function called.
Single cluster found (iteration 18/30)...Increasing angle threshold (+2) and trying again...

Total points: 2
Number of clusters is equal to 0
Points in 
Calling mergeClusters function.
mergeClusters function called.
Single cluster found (iteration 19/30)...Increasing angle threshold (+2) and trying again...

Total points: 2
Number of clusters is equal to 0
Points in 
Calling mergeClusters function.
mergeClusters function called.
Single cluster found (iteration 20/30)...Increasing angle threshold (+2) and trying again...

Total points: 2
Number of clusters is equal to 0
Points in 
Calling mergeClusters function.
mergeClusters function called.
Single cluster found (iteration 21/30)...Increasing angle threshold (+2) and trying again...

Total points: 2
Number of clusters is equal to 0
Points in 
Calling mergeClusters function.
mergeClusters function called.
Single cluster found (iteration 22/30)...Increasing angle threshold (+2) and trying again...

Total points: 2
Number of clusters is equal to 0
Points in 
Calling mergeClusters function.
mergeClusters function called.
Single cluster found (iteration 23/30)...Increasing angle threshold (+2) and trying again...

Total points: 2
Number of clusters is equal to 0
Points in 
Calling mergeClusters function.
mergeClusters function called.
Single cluster found (iteration 24/30)...Increasing angle threshold (+2) and trying again...

Total points: 2
Number of clusters is equal to 0
Points in 
Calling mergeClusters function.
mergeClusters function called.
Single cluster found (iteration 25/30)...Increasing angle threshold (+2) and trying again...

Total points: 2
Number of clusters is equal to 0
Points in 
Calling mergeClusters function.
mergeClusters function called.
Single cluster found (iteration 26/30)...Increasing angle threshold (+2) and trying again...

Total points: 2
Number of clusters is equal to 0
Points in 
Calling mergeClusters function.
mergeClusters function called.
Single cluster found (iteration 27/30)...Increasing angle threshold (+2) and trying again...

Total points: 2
Number of clusters is equal to 0
Points in 
Calling mergeClusters function.
mergeClusters function called.
Single cluster found (iteration 28/30)...Increasing angle threshold (+2) and trying again...

Total points: 2
Number of clusters is equal to 0
Points in 
Calling mergeClusters function.
mergeClusters function called.
Single cluster found (iteration 29/30)...Increasing angle threshold (+2) and trying again...
Warning: Angle threshold reached minimum (-50). Using single cluster result.
Warning: Could not achieve 2 clusters after 28 iterations. Final cluster count: 0. Proceeding with available clusters.
Ply to XYZ start

Time after processing: 0.0684816 seconds
Copied Point file: Pot_A_Piece_26_Point.pcd
Copied Mesh file: Pot_A_Piece_26_Mesh.obj

Selected file: Dataset/Point/Pot_A/Pot_A_Piece_26_Point.pcd
Starting processing on: Dataset/Point/Pot_A/Pot_A_Piece_26_Point.pcd
Starting surface segmentation on: Temp/Data/Pot_A/Pot_A_Piece_26_SampledWithNormals.ply

Total points: 1
Number of clusters is equal to 0
Points in 
Calling mergeClusters function.
mergeClusters function called.
Single cluster found (iteration 2/30)...Increasing angle threshold (+2) and trying again...

Total points: 1
Number of clusters is equal to 0
Points in 
Calling mergeClusters function.
mergeClusters function called.
Single cluster found (iteration 3/30)...Increasing angle threshold (+2) and trying again...

Total points: 1
Number of clusters is equal to 0
Points in 
Calling mergeClusters function.
mergeClusters function called.
Single cluster found (iteration 4/30)...Increasing angle threshold (+2) and trying again...

Total points: 1
Number of clusters is equal to 0
Points in 
Calling mergeClusters function.
mergeClusters function called.
Single cluster found (iteration 5/30)...Increasing angle threshold (+2) and trying again...

Total points: 1
Number of clusters is equal to 0
Points in 
Calling mergeClusters function.
mergeClusters function called.
Single cluster found (iteration 6/30)...Increasing angle threshold (+2) and trying again...

Total points: 1
Number of clusters is equal to 0
Points in 
Calling mergeClusters function.
mergeClusters function called.
Single cluster found (iteration 7/30)...Increasing angle threshold (+2) and trying again...

Total points: 1
Number of clusters is equal to 0
Points in 
Calling mergeClusters function.
mergeClusters function called.
Single cluster found (iteration 8/30)...Increasing angle threshold (+2) and trying again...

Total points: 1
Number of clusters is equal to 0
Points in 
Calling mergeClusters function.
mergeClusters function called.
Single cluster found (iteration 9/30)...Increasing angle threshold (+2) and trying again...

Total points: 1
Number of clusters is equal to 0
Points in 
Calling mergeClusters function.
mergeClusters function called.
Single cluster found (iteration 10/30)...Increasing angle threshold (+2) and trying again...

Total points: 1
Number of clusters is equal to 0
Points in 
Calling mergeClusters function.
mergeClusters function called.
Single cluster found (iteration 11/30)...Increasing angle threshold (+2) and trying again...

Total points: 1
Number of clusters is equal to 0
Points in 
Calling mergeClusters function.
mergeClusters function called.
Single cluster found (iteration 12/30)...Increasing angle threshold (+2) and trying again...

Total points: 1
Number of clusters is equal to 0
Points in 
Calling mergeClusters function.
mergeClusters function called.
Single cluster found (iteration 13/30)...Increasing angle threshold (+2) and trying again...

Total points: 1
Number of clusters is equal to 0
Points in 
Calling mergeClusters function.
mergeClusters function called.
Single cluster found (iteration 14/30)...Increasing angle threshold (+2) and trying again...

Total points: 1
Number of clusters is equal to 0
Points in 
Calling mergeClusters function.
mergeClusters function called.
Single cluster found (iteration 15/30)...Increasing angle threshold (+2) and trying again...

Total points: 1
Number of clusters is equal to 0
Points in 
Calling mergeClusters function.
mergeClusters function called.
Single cluster found (iteration 16/30)...Increasing angle threshold (+2) and trying again...

Total points: 1
Number of clusters is equal to 0
Points in 
Calling mergeClusters function.
mergeClusters function called.
Single cluster found (iteration 17/30)...Increasing angle threshold (+2) and trying again...

Total points: 1
Number of clusters is equal to 0
Points in 
Calling mergeClusters function.
mergeClusters function called.
Single cluster found (iteration 18/30)...Increasing angle threshold (+2) and trying again...

Total points: 1
Number of clusters is equal to 0
Points in 
Calling mergeClusters function.
mergeClusters function called.
Single cluster found (iteration 19/30)...Increasing angle threshold (+2) and trying again...

Total points: 1
Number of clusters is equal to 0
Points in 
Calling mergeClusters function.
mergeClusters function called.
Single cluster found (iteration 20/30)...Increasing angle threshold (+2) and trying again...

Total points: 1
Number of clusters is equal to 0
Points in 
Calling mergeClusters function.
mergeClusters function called.
Single cluster found (iteration 21/30)...Increasing angle threshold (+2) and trying again...

Total points: 1
Number of clusters is equal to 0
Points in 
Calling mergeClusters function.
mergeClusters function called.
Single cluster found (iteration 22/30)...Increasing angle threshold (+2) and trying again...

Total points: 1
Number of clusters is equal to 0
Points in 
Calling mergeClusters function.
mergeClusters function called.
Single cluster found (iteration 23/30)...Increasing angle threshold (+2) and trying again...

Total points: 1
Number of clusters is equal to 0
Points in 
Calling mergeClusters function.
mergeClusters function called.
Single cluster found (iteration 24/30)...Increasing angle threshold (+2) and trying again...

Total points: 1
Number of clusters is equal to 0
Points in 
Calling mergeClusters function.
mergeClusters function called.
Single cluster found (iteration 25/30)...Increasing angle threshold (+2) and trying again...

Total points: 1
Number of clusters is equal to 0
Points in 
Calling mergeClusters function.
mergeClusters function called.
Single cluster found (iteration 26/30)...Increasing angle threshold (+2) and trying again...

Total points: 1
Number of clusters is equal to 0
Points in 
Calling mergeClusters function.
mergeClusters function called.
Single cluster found (iteration 27/30)...Increasing angle threshold (+2) and trying again...

Total points: 1
Number of clusters is equal to 0
Points in 
Calling mergeClusters function.
mergeClusters function called.
Single cluster found (iteration 28/30)...Increasing angle threshold (+2) and trying again...

Total points: 1
Number of clusters is equal to 0
Points in 
Calling mergeClusters function.
mergeClusters function called.
Single cluster found (iteration 29/30)...Increasing angle threshold (+2) and trying again...
Warning: Angle threshold reached minimum (-50). Using single cluster result.
Warning: Could not achieve 2 clusters after 28 iterations. Final cluster count: 0. Proceeding with available clusters.
Ply to XYZ start

Time after processing: 0.0669436 seconds
Copied Point file: Pot_A_Piece_27_Point.pcd
Copied Mesh file: Pot_A_Piece_27_Mesh.obj

Selected file: Dataset/Point/Pot_A/Pot_A_Piece_27_Point.pcd
Starting processing on: Dataset/Point/Pot_A/Pot_A_Piece_27_Point.pcd
Starting surface segmentation on: Temp/Data/Pot_A/Pot_A_Piece_27_SampledWithNormals.ply

Total points: 1
Number of clusters is equal to 0
Points in 
Calling mergeClusters function.
mergeClusters function called.
Single cluster found (iteration 2/30)...Increasing angle threshold (+2) and trying again...

Total points: 1
Number of clusters is equal to 0
Points in 
Calling mergeClusters function.
mergeClusters function called.
Single cluster found (iteration 3/30)...Increasing angle threshold (+2) and trying again...

Total points: 1
Number of clusters is equal to 0
Points in 
Calling mergeClusters function.
mergeClusters function called.
Single cluster found (iteration 4/30)...Increasing angle threshold (+2) and trying again...

Total points: 1
Number of clusters is equal to 0
Points in 
Calling mergeClusters function.
mergeClusters function called.
Single cluster found (iteration 5/30)...Increasing angle threshold (+2) and trying again...

Total points: 1
Number of clusters is equal to 0
Points in 
Calling mergeClusters function.
mergeClusters function called.
Single cluster found (iteration 6/30)...Increasing angle threshold (+2) and trying again...

Total points: 1
Number of clusters is equal to 0
Points in 
Calling mergeClusters function.
mergeClusters function called.
Single cluster found (iteration 7/30)...Increasing angle threshold (+2) and trying again...

Total points: 1
Number of clusters is equal to 0
Points in 
Calling mergeClusters function.
mergeClusters function called.
Single cluster found (iteration 8/30)...Increasing angle threshold (+2) and trying again...

Total points: 1
Number of clusters is equal to 0
Points in 
Calling mergeClusters function.
mergeClusters function called.
Single cluster found (iteration 9/30)...Increasing angle threshold (+2) and trying again...

Total points: 1
Number of clusters is equal to 0
Points in 
Calling mergeClusters function.
mergeClusters function called.
Single cluster found (iteration 10/30)...Increasing angle threshold (+2) and trying again...

Total points: 1
Number of clusters is equal to 0
Points in 
Calling mergeClusters function.
mergeClusters function called.
Single cluster found (iteration 11/30)...Increasing angle threshold (+2) and trying again...

Total points: 1
Number of clusters is equal to 0
Points in 
Calling mergeClusters function.
mergeClusters function called.
Single cluster found (iteration 12/30)...Increasing angle threshold (+2) and trying again...

Total points: 1
Number of clusters is equal to 0
Points in 
Calling mergeClusters function.
mergeClusters function called.
Single cluster found (iteration 13/30)...Increasing angle threshold (+2) and trying again...

Total points: 1
Number of clusters is equal to 0
Points in 
Calling mergeClusters function.
mergeClusters function called.
Single cluster found (iteration 14/30)...Increasing angle threshold (+2) and trying again...

Total points: 1
Number of clusters is equal to 0
Points in 
Calling mergeClusters function.
mergeClusters function called.
Single cluster found (iteration 15/30)...Increasing angle threshold (+2) and trying again...

Total points: 1
Number of clusters is equal to 0
Points in 
Calling mergeClusters function.
mergeClusters function called.
Single cluster found (iteration 16/30)...Increasing angle threshold (+2) and trying again...

Total points: 1
Number of clusters is equal to 0
Points in 
Calling mergeClusters function.
mergeClusters function called.
Single cluster found (iteration 17/30)...Increasing angle threshold (+2) and trying again...

Total points: 1
Number of clusters is equal to 0
Points in 
Calling mergeClusters function.
mergeClusters function called.
Single cluster found (iteration 18/30)...Increasing angle threshold (+2) and trying again...

Total points: 1
Number of clusters is equal to 0
Points in 
Calling mergeClusters function.
mergeClusters function called.
Single cluster found (iteration 19/30)...Increasing angle threshold (+2) and trying again...

Total points: 1
Number of clusters is equal to 0
Points in 
Calling mergeClusters function.
mergeClusters function called.
Single cluster found (iteration 20/30)...Increasing angle threshold (+2) and trying again...

Total points: 1
Number of clusters is equal to 0
Points in 
Calling mergeClusters function.
mergeClusters function called.
Single cluster found (iteration 21/30)...Increasing angle threshold (+2) and trying again...

Total points: 1
Number of clusters is equal to 0
Points in 
Calling mergeClusters function.
mergeClusters function called.
Single cluster found (iteration 22/30)...Increasing angle threshold (+2) and trying again...

Total points: 1
Number of clusters is equal to 0
Points in 
Calling mergeClusters function.
mergeClusters function called.
Single cluster found (iteration 23/30)...Increasing angle threshold (+2) and trying again...

Total points: 1
Number of clusters is equal to 0
Points in 
Calling mergeClusters function.
mergeClusters function called.
Single cluster found (iteration 24/30)...Increasing angle threshold (+2) and trying again...

Total points: 1
Number of clusters is equal to 0
Points in 
Calling mergeClusters function.
mergeClusters function called.
Single cluster found (iteration 25/30)...Increasing angle threshold (+2) and trying again...

Total points: 1
Number of clusters is equal to 0
Points in 
Calling mergeClusters function.
mergeClusters function called.
Single cluster found (iteration 26/30)...Increasing angle threshold (+2) and trying again...

Total points: 1
Number of clusters is equal to 0
Points in 
Calling mergeClusters function.
mergeClusters function called.
Single cluster found (iteration 27/30)...Increasing angle threshold (+2) and trying again...

Total points: 1
Number of clusters is equal to 0
Points in 
Calling mergeClusters function.
mergeClusters function called.
Single cluster found (iteration 28/30)...Increasing angle threshold (+2) and trying again...

Total points: 1
Number of clusters is equal to 0
Points in 
Calling mergeClusters function.
mergeClusters function called.
Single cluster found (iteration 29/30)...Increasing angle threshold (+2) and trying again...
Warning: Angle threshold reached minimum (-50). Using single cluster result.
Warning: Could not achieve 2 clusters after 28 iterations. Final cluster count: 0. Proceeding with available clusters.
Ply to XYZ start

Time after processing: 0.066877 seconds
Copied Point file: Pot_A_Piece_28_Point.pcd
Copied Mesh file: Pot_A_Piece_28_Mesh.obj

Selected file: Dataset/Point/Pot_A/Pot_A_Piece_28_Point.pcd
Starting processing on: Dataset/Point/Pot_A/Pot_A_Piece_28_Point.pcd
Starting surface segmentation on: Temp/Data/Pot_A/Pot_A_Piece_28_SampledWithNormals.ply

Total points: 2
Number of clusters is equal to 0
Points in 
Calling mergeClusters function.
mergeClusters function called.
Single cluster found (iteration 2/30)...Increasing angle threshold (+2) and trying again...

Total points: 2
Number of clusters is equal to 0
Points in 
Calling mergeClusters function.
mergeClusters function called.
Single cluster found (iteration 3/30)...Increasing angle threshold (+2) and trying again...

Total points: 2
Number of clusters is equal to 0
Points in 
Calling mergeClusters function.
mergeClusters function called.
Single cluster found (iteration 4/30)...Increasing angle threshold (+2) and trying again...

Total points: 2
Number of clusters is equal to 0
Points in 
Calling mergeClusters function.
mergeClusters function called.
Single cluster found (iteration 5/30)...Increasing angle threshold (+2) and trying again...

Total points: 2
Number of clusters is equal to 0
Points in 
Calling mergeClusters function.
mergeClusters function called.
Single cluster found (iteration 6/30)...Increasing angle threshold (+2) and trying again...

Total points: 2
Number of clusters is equal to 0
Points in 
Calling mergeClusters function.
mergeClusters function called.
Single cluster found (iteration 7/30)...Increasing angle threshold (+2) and trying again...

Total points: 2
Number of clusters is equal to 0
Points in 
Calling mergeClusters function.
mergeClusters function called.
Single cluster found (iteration 8/30)...Increasing angle threshold (+2) and trying again...

Total points: 2
Number of clusters is equal to 0
Points in 
Calling mergeClusters function.
mergeClusters function called.
Single cluster found (iteration 9/30)...Increasing angle threshold (+2) and trying again...

Total points: 2
Number of clusters is equal to 0
Points in 
Calling mergeClusters function.
mergeClusters function called.
Single cluster found (iteration 10/30)...Increasing angle threshold (+2) and trying again...

Total points: 2
Number of clusters is equal to 0
Points in 
Calling mergeClusters function.
mergeClusters function called.
Single cluster found (iteration 11/30)...Increasing angle threshold (+2) and trying again...

Total points: 2
Number of clusters is equal to 0
Points in 
Calling mergeClusters function.
mergeClusters function called.
Single cluster found (iteration 12/30)...Increasing angle threshold (+2) and trying again...

Total points: 2
Number of clusters is equal to 0
Points in 
Calling mergeClusters function.
mergeClusters function called.
Single cluster found (iteration 13/30)...Increasing angle threshold (+2) and trying again...

Total points: 2
Number of clusters is equal to 0
Points in 
Calling mergeClusters function.
mergeClusters function called.
Single cluster found (iteration 14/30)...Increasing angle threshold (+2) and trying again...

Total points: 2
Number of clusters is equal to 0
Points in 
Calling mergeClusters function.
mergeClusters function called.
Single cluster found (iteration 15/30)...Increasing angle threshold (+2) and trying again...

Total points: 2
Number of clusters is equal to 0
Points in 
Calling mergeClusters function.
mergeClusters function called.
Single cluster found (iteration 16/30)...Increasing angle threshold (+2) and trying again...

Total points: 2
Number of clusters is equal to 0
Points in 
Calling mergeClusters function.
mergeClusters function called.
Single cluster found (iteration 17/30)...Increasing angle threshold (+2) and trying again...

Total points: 2
Number of clusters is equal to 0
Points in 
Calling mergeClusters function.
mergeClusters function called.
Single cluster found (iteration 18/30)...Increasing angle threshold (+2) and trying again...

Total points: 2
Number of clusters is equal to 0
Points in 
Calling mergeClusters function.
mergeClusters function called.
Single cluster found (iteration 19/30)...Increasing angle threshold (+2) and trying again...

Total points: 2
Number of clusters is equal to 0
Points in 
Calling mergeClusters function.
mergeClusters function called.
Single cluster found (iteration 20/30)...Increasing angle threshold (+2) and trying again...

Total points: 2
Number of clusters is equal to 0
Points in 
Calling mergeClusters function.
mergeClusters function called.
Single cluster found (iteration 21/30)...Increasing angle threshold (+2) and trying again...

Total points: 2
Number of clusters is equal to 0
Points in 
Calling mergeClusters function.
mergeClusters function called.
Single cluster found (iteration 22/30)...Increasing angle threshold (+2) and trying again...

Total points: 2
Number of clusters is equal to 0
Points in 
Calling mergeClusters function.
mergeClusters function called.
Single cluster found (iteration 23/30)...Increasing angle threshold (+2) and trying again...

Total points: 2
Number of clusters is equal to 0
Points in 
Calling mergeClusters function.
mergeClusters function called.
Single cluster found (iteration 24/30)...Increasing angle threshold (+2) and trying again...

Total points: 2
Number of clusters is equal to 0
Points in 
Calling mergeClusters function.
mergeClusters function called.
Single cluster found (iteration 25/30)...Increasing angle threshold (+2) and trying again...

Total points: 2
Number of clusters is equal to 0
Points in 
Calling mergeClusters function.
mergeClusters function called.
Single cluster found (iteration 26/30)...Increasing angle threshold (+2) and trying again...

Total points: 2
Number of clusters is equal to 0
Points in 
Calling mergeClusters function.
mergeClusters function called.
Single cluster found (iteration 27/30)...Increasing angle threshold (+2) and trying again...

Total points: 2
Number of clusters is equal to 0
Points in 
Calling mergeClusters function.
mergeClusters function called.
Single cluster found (iteration 28/30)...Increasing angle threshold (+2) and trying again...

Total points: 2
Number of clusters is equal to 0
Points in 
Calling mergeClusters function.
mergeClusters function called.
Single cluster found (iteration 29/30)...Increasing angle threshold (+2) and trying again...
Warning: Angle threshold reached minimum (-50). Using single cluster result.
Warning: Could not achieve 2 clusters after 28 iterations. Final cluster count: 0. Proceeding with available clusters.
Ply to XYZ start

Time after processing: 0.0696269 seconds
Copied Point file: Pot_A_Piece_29_Point.pcd
Copied Mesh file: Pot_A_Piece_29_Mesh.obj

Selected file: Dataset/Point/Pot_A/Pot_A_Piece_29_Point.pcd
Starting processing on: Dataset/Point/Pot_A/Pot_A_Piece_29_Point.pcd
Starting surface segmentation on: Temp/Data/Pot_A/Pot_A_Piece_29_SampledWithNormals.ply

Total points: 1
Number of clusters is equal to 0
Points in 
Calling mergeClusters function.
mergeClusters function called.
Single cluster found (iteration 2/30)...Increasing angle threshold (+2) and trying again...

Total points: 1
Number of clusters is equal to 0
Points in 
Calling mergeClusters function.
mergeClusters function called.
Single cluster found (iteration 3/30)...Increasing angle threshold (+2) and trying again...

Total points: 1
Number of clusters is equal to 0
Points in 
Calling mergeClusters function.
mergeClusters function called.
Single cluster found (iteration 4/30)...Increasing angle threshold (+2) and trying again...

Total points: 1
Number of clusters is equal to 0
Points in 
Calling mergeClusters function.
mergeClusters function called.
Single cluster found (iteration 5/30)...Increasing angle threshold (+2) and trying again...

Total points: 1
Number of clusters is equal to 0
Points in 
Calling mergeClusters function.
mergeClusters function called.
Single cluster found (iteration 6/30)...Increasing angle threshold (+2) and trying again...

Total points: 1
Number of clusters is equal to 0
Points in 
Calling mergeClusters function.
mergeClusters function called.
Single cluster found (iteration 7/30)...Increasing angle threshold (+2) and trying again...

Total points: 1
Number of clusters is equal to 0
Points in 
Calling mergeClusters function.
mergeClusters function called.
Single cluster found (iteration 8/30)...Increasing angle threshold (+2) and trying again...

Total points: 1
Number of clusters is equal to 0
Points in 
Calling mergeClusters function.
mergeClusters function called.
Single cluster found (iteration 9/30)...Increasing angle threshold (+2) and trying again...

Total points: 1
Number of clusters is equal to 0
Points in 
Calling mergeClusters function.
mergeClusters function called.
Single cluster found (iteration 10/30)...Increasing angle threshold (+2) and trying again...

Total points: 1
Number of clusters is equal to 0
Points in 
Calling mergeClusters function.
mergeClusters function called.
Single cluster found (iteration 11/30)...Increasing angle threshold (+2) and trying again...

Total points: 1
Number of clusters is equal to 0
Points in 
Calling mergeClusters function.
mergeClusters function called.
Single cluster found (iteration 12/30)...Increasing angle threshold (+2) and trying again...

Total points: 1
Number of clusters is equal to 0
Points in 
Calling mergeClusters function.
mergeClusters function called.
Single cluster found (iteration 13/30)...Increasing angle threshold (+2) and trying again...

Total points: 1
Number of clusters is equal to 0
Points in 
Calling mergeClusters function.
mergeClusters function called.
Single cluster found (iteration 14/30)...Increasing angle threshold (+2) and trying again...

Total points: 1
Number of clusters is equal to 0
Points in 
Calling mergeClusters function.
mergeClusters function called.
Single cluster found (iteration 15/30)...Increasing angle threshold (+2) and trying again...

Total points: 1
Number of clusters is equal to 0
Points in 
Calling mergeClusters function.
mergeClusters function called.
Single cluster found (iteration 16/30)...Increasing angle threshold (+2) and trying again...

Total points: 1
Number of clusters is equal to 0
Points in 
Calling mergeClusters function.
mergeClusters function called.
Single cluster found (iteration 17/30)...Increasing angle threshold (+2) and trying again...

Total points: 1
Number of clusters is equal to 0
Points in 
Calling mergeClusters function.
mergeClusters function called.
Single cluster found (iteration 18/30)...Increasing angle threshold (+2) and trying again...

Total points: 1
Number of clusters is equal to 0
Points in 
Calling mergeClusters function.
mergeClusters function called.
Single cluster found (iteration 19/30)...Increasing angle threshold (+2) and trying again...

Total points: 1
Number of clusters is equal to 0
Points in 
Calling mergeClusters function.
mergeClusters function called.
Single cluster found (iteration 20/30)...Increasing angle threshold (+2) and trying again...

Total points: 1
Number of clusters is equal to 0
Points in 
Calling mergeClusters function.
mergeClusters function called.
Single cluster found (iteration 21/30)...Increasing angle threshold (+2) and trying again...

Total points: 1
Number of clusters is equal to 0
Points in 
Calling mergeClusters function.
mergeClusters function called.
Single cluster found (iteration 22/30)...Increasing angle threshold (+2) and trying again...

Total points: 1
Number of clusters is equal to 0
Points in 
Calling mergeClusters function.
mergeClusters function called.
Single cluster found (iteration 23/30)...Increasing angle threshold (+2) and trying again...

Total points: 1
Number of clusters is equal to 0
Points in 
Calling mergeClusters function.
mergeClusters function called.
Single cluster found (iteration 24/30)...Increasing angle threshold (+2) and trying again...

Total points: 1
Number of clusters is equal to 0
Points in 
Calling mergeClusters function.
mergeClusters function called.
Single cluster found (iteration 25/30)...Increasing angle threshold (+2) and trying again...

Total points: 1
Number of clusters is equal to 0
Points in 
Calling mergeClusters function.
mergeClusters function called.
Single cluster found (iteration 26/30)...Increasing angle threshold (+2) and trying again...

Total points: 1
Number of clusters is equal to 0
Points in 
Calling mergeClusters function.
mergeClusters function called.
Single cluster found (iteration 27/30)...Increasing angle threshold (+2) and trying again...

Total points: 1
Number of clusters is equal to 0
Points in 
Calling mergeClusters function.
mergeClusters function called.
Single cluster found (iteration 28/30)...Increasing angle threshold (+2) and trying again...

Total points: 1
Number of clusters is equal to 0
Points in 
Calling mergeClusters function.
mergeClusters function called.
Single cluster found (iteration 29/30)...Increasing angle threshold (+2) and trying again...
Warning: Angle threshold reached minimum (-50). Using single cluster result.
Warning: Could not achieve 2 clusters after 28 iterations. Final cluster count: 0. Proceeding with available clusters.
Ply to XYZ start

Time after processing: 0.0676711 seconds
Copied Point file: Pot_A_Piece_30_Point.pcd
Copied Mesh file: Pot_A_Piece_30_Mesh.obj

Selected file: Dataset/Point/Pot_A/Pot_A_Piece_30_Point.pcd
Starting processing on: Dataset/Point/Pot_A/Pot_A_Piece_30_Point.pcd
Starting surface segmentation on: Temp/Data/Pot_A/Pot_A_Piece_30_SampledWithNormals.ply

Total points: 1
Number of clusters is equal to 0
Points in 
Calling mergeClusters function.
mergeClusters function called.
Single cluster found (iteration 2/30)...Increasing angle threshold (+2) and trying again...

Total points: 1
Number of clusters is equal to 0
Points in 
Calling mergeClusters function.
mergeClusters function called.
Single cluster found (iteration 3/30)...Increasing angle threshold (+2) and trying again...

Total points: 1
Number of clusters is equal to 0
Points in 
Calling mergeClusters function.
mergeClusters function called.
Single cluster found (iteration 4/30)...Increasing angle threshold (+2) and trying again...

Total points: 1
Number of clusters is equal to 0
Points in 
Calling mergeClusters function.
mergeClusters function called.
Single cluster found (iteration 5/30)...Increasing angle threshold (+2) and trying again...

Total points: 1
Number of clusters is equal to 0
Points in 
Calling mergeClusters function.
mergeClusters function called.
Single cluster found (iteration 6/30)...Increasing angle threshold (+2) and trying again...

Total points: 1
Number of clusters is equal to 0
Points in 
Calling mergeClusters function.
mergeClusters function called.
Single cluster found (iteration 7/30)...Increasing angle threshold (+2) and trying again...

Total points: 1
Number of clusters is equal to 0
Points in 
Calling mergeClusters function.
mergeClusters function called.
Single cluster found (iteration 8/30)...Increasing angle threshold (+2) and trying again...

Total points: 1
Number of clusters is equal to 0
Points in 
Calling mergeClusters function.
mergeClusters function called.
Single cluster found (iteration 9/30)...Increasing angle threshold (+2) and trying again...

Total points: 1
Number of clusters is equal to 0
Points in 
Calling mergeClusters function.
mergeClusters function called.
Single cluster found (iteration 10/30)...Increasing angle threshold (+2) and trying again...

Total points: 1
Number of clusters is equal to 0
Points in 
Calling mergeClusters function.
mergeClusters function called.
Single cluster found (iteration 11/30)...Increasing angle threshold (+2) and trying again...

Total points: 1
Number of clusters is equal to 0
Points in 
Calling mergeClusters function.
mergeClusters function called.
Single cluster found (iteration 12/30)...Increasing angle threshold (+2) and trying again...

Total points: 1
Number of clusters is equal to 0
Points in 
Calling mergeClusters function.
mergeClusters function called.
Single cluster found (iteration 13/30)...Increasing angle threshold (+2) and trying again...

Total points: 1
Number of clusters is equal to 0
Points in 
Calling mergeClusters function.
mergeClusters function called.
Single cluster found (iteration 14/30)...Increasing angle threshold (+2) and trying again...

Total points: 1
Number of clusters is equal to 0
Points in 
Calling mergeClusters function.
mergeClusters function called.
Single cluster found (iteration 15/30)...Increasing angle threshold (+2) and trying again...

Total points: 1
Number of clusters is equal to 0
Points in 
Calling mergeClusters function.
mergeClusters function called.
Single cluster found (iteration 16/30)...Increasing angle threshold (+2) and trying again...

Total points: 1
Number of clusters is equal to 0
Points in 
Calling mergeClusters function.
mergeClusters function called.
Single cluster found (iteration 17/30)...Increasing angle threshold (+2) and trying again...

Total points: 1
Number of clusters is equal to 0
Points in 
Calling mergeClusters function.
mergeClusters function called.
Single cluster found (iteration 18/30)...Increasing angle threshold (+2) and trying again...

Total points: 1
Number of clusters is equal to 0
Points in 
Calling mergeClusters function.
mergeClusters function called.
Single cluster found (iteration 19/30)...Increasing angle threshold (+2) and trying again...

Total points: 1
Number of clusters is equal to 0
Points in 
Calling mergeClusters function.
mergeClusters function called.
Single cluster found (iteration 20/30)...Increasing angle threshold (+2) and trying again...

Total points: 1
Number of clusters is equal to 0
Points in 
Calling mergeClusters function.
mergeClusters function called.
Single cluster found (iteration 21/30)...Increasing angle threshold (+2) and trying again...

Total points: 1
Number of clusters is equal to 0
Points in 
Calling mergeClusters function.
mergeClusters function called.
Single cluster found (iteration 22/30)...Increasing angle threshold (+2) and trying again...

Total points: 1
Number of clusters is equal to 0
Points in 
Calling mergeClusters function.
mergeClusters function called.
Single cluster found (iteration 23/30)...Increasing angle threshold (+2) and trying again...

Total points: 1
Number of clusters is equal to 0
Points in 
Calling mergeClusters function.
mergeClusters function called.
Single cluster found (iteration 24/30)...Increasing angle threshold (+2) and trying again...

Total points: 1
Number of clusters is equal to 0
Points in 
Calling mergeClusters function.
mergeClusters function called.
Single cluster found (iteration 25/30)...Increasing angle threshold (+2) and trying again...

Total points: 1
Number of clusters is equal to 0
Points in 
Calling mergeClusters function.
mergeClusters function called.
Single cluster found (iteration 26/30)...Increasing angle threshold (+2) and trying again...

Total points: 1
Number of clusters is equal to 0
Points in 
Calling mergeClusters function.
mergeClusters function called.
Single cluster found (iteration 27/30)...Increasing angle threshold (+2) and trying again...

Total points: 1
Number of clusters is equal to 0
Points in 
Calling mergeClusters function.
mergeClusters function called.
Single cluster found (iteration 28/30)...Increasing angle threshold (+2) and trying again...

Total points: 1
Number of clusters is equal to 0
Points in 
Calling mergeClusters function.
mergeClusters function called.
Single cluster found (iteration 29/30)...Increasing angle threshold (+2) and trying again...
Warning: Angle threshold reached minimum (-50). Using single cluster result.
Warning: Could not achieve 2 clusters after 28 iterations. Final cluster count: 0. Proceeding with available clusters.
Ply to XYZ start

Time after processing: 0.0662779 seconds
Copied Point file: Pot_A_Piece_31_Point.pcd
Copied Mesh file: Pot_A_Piece_31_Mesh.obj

Selected file: Dataset/Point/Pot_A/Pot_A_Piece_31_Point.pcd
Starting processing on: Dataset/Point/Pot_A/Pot_A_Piece_31_Point.pcd
Starting surface segmentation on: Temp/Data/Pot_A/Pot_A_Piece_31_SampledWithNormals.ply

Total points: 1
Number of clusters is equal to 0
Points in 
Calling mergeClusters function.
mergeClusters function called.
Single cluster found (iteration 2/30)...Increasing angle threshold (+2) and trying again...

Total points: 1
Number of clusters is equal to 0
Points in 
Calling mergeClusters function.
mergeClusters function called.
Single cluster found (iteration 3/30)...Increasing angle threshold (+2) and trying again...

Total points: 1
Number of clusters is equal to 0
Points in 
Calling mergeClusters function.
mergeClusters function called.
Single cluster found (iteration 4/30)...Increasing angle threshold (+2) and trying again...

Total points: 1
Number of clusters is equal to 0
Points in 
Calling mergeClusters function.
mergeClusters function called.
Single cluster found (iteration 5/30)...Increasing angle threshold (+2) and trying again...

Total points: 1
Number of clusters is equal to 0
Points in 
Calling mergeClusters function.
mergeClusters function called.
Single cluster found (iteration 6/30)...Increasing angle threshold (+2) and trying again...

Total points: 1
Number of clusters is equal to 0
Points in 
Calling mergeClusters function.
mergeClusters function called.
Single cluster found (iteration 7/30)...Increasing angle threshold (+2) and trying again...

Total points: 1
Number of clusters is equal to 0
Points in 
Calling mergeClusters function.
mergeClusters function called.
Single cluster found (iteration 8/30)...Increasing angle threshold (+2) and trying again...

Total points: 1
Number of clusters is equal to 0
Points in 
Calling mergeClusters function.
mergeClusters function called.
Single cluster found (iteration 9/30)...Increasing angle threshold (+2) and trying again...

Total points: 1
Number of clusters is equal to 0
Points in 
Calling mergeClusters function.
mergeClusters function called.
Single cluster found (iteration 10/30)...Increasing angle threshold (+2) and trying again...

Total points: 1
Number of clusters is equal to 0
Points in 
Calling mergeClusters function.
mergeClusters function called.
Single cluster found (iteration 11/30)...Increasing angle threshold (+2) and trying again...

Total points: 1
Number of clusters is equal to 0
Points in 
Calling mergeClusters function.
mergeClusters function called.
Single cluster found (iteration 12/30)...Increasing angle threshold (+2) and trying again...

Total points: 1
Number of clusters is equal to 0
Points in 
Calling mergeClusters function.
mergeClusters function called.
Single cluster found (iteration 13/30)...Increasing angle threshold (+2) and trying again...

Total points: 1
Number of clusters is equal to 0
Points in 
Calling mergeClusters function.
mergeClusters function called.
Single cluster found (iteration 14/30)...Increasing angle threshold (+2) and trying again...

Total points: 1
Number of clusters is equal to 0
Points in 
Calling mergeClusters function.
mergeClusters function called.
Single cluster found (iteration 15/30)...Increasing angle threshold (+2) and trying again...

Total points: 1
Number of clusters is equal to 0
Points in 
Calling mergeClusters function.
mergeClusters function called.
Single cluster found (iteration 16/30)...Increasing angle threshold (+2) and trying again...

Total points: 1
Number of clusters is equal to 0
Points in 
Calling mergeClusters function.
mergeClusters function called.
Single cluster found (iteration 17/30)...Increasing angle threshold (+2) and trying again...

Total points: 1
Number of clusters is equal to 0
Points in 
Calling mergeClusters function.
mergeClusters function called.
Single cluster found (iteration 18/30)...Increasing angle threshold (+2) and trying again...

Total points: 1
Number of clusters is equal to 0
Points in 
Calling mergeClusters function.
mergeClusters function called.
Single cluster found (iteration 19/30)...Increasing angle threshold (+2) and trying again...

Total points: 1
Number of clusters is equal to 0
Points in 
Calling mergeClusters function.
mergeClusters function called.
Single cluster found (iteration 20/30)...Increasing angle threshold (+2) and trying again...

Total points: 1
Number of clusters is equal to 0
Points in 
Calling mergeClusters function.
mergeClusters function called.
Single cluster found (iteration 21/30)...Increasing angle threshold (+2) and trying again...

Total points: 1
Number of clusters is equal to 0
Points in 
Calling mergeClusters function.
mergeClusters function called.
Single cluster found (iteration 22/30)...Increasing angle threshold (+2) and trying again...

Total points: 1
Number of clusters is equal to 0
Points in 
Calling mergeClusters function.
mergeClusters function called.
Single cluster found (iteration 23/30)...Increasing angle threshold (+2) and trying again...

Total points: 1
Number of clusters is equal to 0
Points in 
Calling mergeClusters function.
mergeClusters function called.
Single cluster found (iteration 24/30)...Increasing angle threshold (+2) and trying again...

Total points: 1
Number of clusters is equal to 0
Points in 
Calling mergeClusters function.
mergeClusters function called.
Single cluster found (iteration 25/30)...Increasing angle threshold (+2) and trying again...

Total points: 1
Number of clusters is equal to 0
Points in 
Calling mergeClusters function.
mergeClusters function called.
Single cluster found (iteration 26/30)...Increasing angle threshold (+2) and trying again...

Total points: 1
Number of clusters is equal to 0
Points in 
Calling mergeClusters function.
mergeClusters function called.
Single cluster found (iteration 27/30)...Increasing angle threshold (+2) and trying again...

Total points: 1
Number of clusters is equal to 0
Points in 
Calling mergeClusters function.
mergeClusters function called.
Single cluster found (iteration 28/30)...Increasing angle threshold (+2) and trying again...

Total points: 1
Number of clusters is equal to 0
Points in 
Calling mergeClusters function.
mergeClusters function called.
Single cluster found (iteration 29/30)...Increasing angle threshold (+2) and trying again...
Warning: Angle threshold reached minimum (-50). Using single cluster result.
Warning: Could not achieve 2 clusters after 28 iterations. Final cluster count: 0. Proceeding with available clusters.
Ply to XYZ start

Time after processing: 0.0682763 seconds
Copied Point file: Pot_A_Piece_32_Point.pcd
Copied Mesh file: Pot_A_Piece_32_Mesh.obj

Selected file: Dataset/Point/Pot_A/Pot_A_Piece_32_Point.pcd
Starting processing on: Dataset/Point/Pot_A/Pot_A_Piece_32_Point.pcd
Starting surface segmentation on: Temp/Data/Pot_A/Pot_A_Piece_32_SampledWithNormals.ply

Total points: 2
Number of clusters is equal to 0
Points in 
Calling mergeClusters function.
mergeClusters function called.
Single cluster found (iteration 2/30)...Increasing angle threshold (+2) and trying again...

Total points: 2
Number of clusters is equal to 0
Points in 
Calling mergeClusters function.
mergeClusters function called.
Single cluster found (iteration 3/30)...Increasing angle threshold (+2) and trying again...

Total points: 2
Number of clusters is equal to 0
Points in 
Calling mergeClusters function.
mergeClusters function called.
Single cluster found (iteration 4/30)...Increasing angle threshold (+2) and trying again...

Total points: 2
Number of clusters is equal to 0
Points in 
Calling mergeClusters function.
mergeClusters function called.
Single cluster found (iteration 5/30)...Increasing angle threshold (+2) and trying again...

Total points: 2
Number of clusters is equal to 0
Points in 
Calling mergeClusters function.
mergeClusters function called.
Single cluster found (iteration 6/30)...Increasing angle threshold (+2) and trying again...

Total points: 2
Number of clusters is equal to 0
Points in 
Calling mergeClusters function.
mergeClusters function called.
Single cluster found (iteration 7/30)...Increasing angle threshold (+2) and trying again...

Total points: 2
Number of clusters is equal to 0
Points in 
Calling mergeClusters function.
mergeClusters function called.
Single cluster found (iteration 8/30)...Increasing angle threshold (+2) and trying again...

Total points: 2
Number of clusters is equal to 0
Points in 
Calling mergeClusters function.
mergeClusters function called.
Single cluster found (iteration 9/30)...Increasing angle threshold (+2) and trying again...

Total points: 2
Number of clusters is equal to 0
Points in 
Calling mergeClusters function.
mergeClusters function called.
Single cluster found (iteration 10/30)...Increasing angle threshold (+2) and trying again...

Total points: 2
Number of clusters is equal to 0
Points in 
Calling mergeClusters function.
mergeClusters function called.
Single cluster found (iteration 11/30)...Increasing angle threshold (+2) and trying again...

Total points: 2
Number of clusters is equal to 0
Points in 
Calling mergeClusters function.
mergeClusters function called.
Single cluster found (iteration 12/30)...Increasing angle threshold (+2) and trying again...

Total points: 2
Number of clusters is equal to 0
Points in 
Calling mergeClusters function.
mergeClusters function called.
Single cluster found (iteration 13/30)...Increasing angle threshold (+2) and trying again...

Total points: 2
Number of clusters is equal to 0
Points in 
Calling mergeClusters function.
mergeClusters function called.
Single cluster found (iteration 14/30)...Increasing angle threshold (+2) and trying again...

Total points: 2
Number of clusters is equal to 0
Points in 
Calling mergeClusters function.
mergeClusters function called.
Single cluster found (iteration 15/30)...Increasing angle threshold (+2) and trying again...

Total points: 2
Number of clusters is equal to 0
Points in 
Calling mergeClusters function.
mergeClusters function called.
Single cluster found (iteration 16/30)...Increasing angle threshold (+2) and trying again...

Total points: 2
Number of clusters is equal to 0
Points in 
Calling mergeClusters function.
mergeClusters function called.
Single cluster found (iteration 17/30)...Increasing angle threshold (+2) and trying again...

Total points: 2
Number of clusters is equal to 0
Points in 
Calling mergeClusters function.
mergeClusters function called.
Single cluster found (iteration 18/30)...Increasing angle threshold (+2) and trying again...

Total points: 2
Number of clusters is equal to 0
Points in 
Calling mergeClusters function.
mergeClusters function called.
Single cluster found (iteration 19/30)...Increasing angle threshold (+2) and trying again...

Total points: 2
Number of clusters is equal to 0
Points in 
Calling mergeClusters function.
mergeClusters function called.
Single cluster found (iteration 20/30)...Increasing angle threshold (+2) and trying again...

Total points: 2
Number of clusters is equal to 0
Points in 
Calling mergeClusters function.
mergeClusters function called.
Single cluster found (iteration 21/30)...Increasing angle threshold (+2) and trying again...

Total points: 2
Number of clusters is equal to 0
Points in 
Calling mergeClusters function.
mergeClusters function called.
Single cluster found (iteration 22/30)...Increasing angle threshold (+2) and trying again...

Total points: 2
Number of clusters is equal to 0
Points in 
Calling mergeClusters function.
mergeClusters function called.
Single cluster found (iteration 23/30)...Increasing angle threshold (+2) and trying again...

Total points: 2
Number of clusters is equal to 0
Points in 
Calling mergeClusters function.
mergeClusters function called.
Single cluster found (iteration 24/30)...Increasing angle threshold (+2) and trying again...

Total points: 2
Number of clusters is equal to 0
Points in 
Calling mergeClusters function.
mergeClusters function called.
Single cluster found (iteration 25/30)...Increasing angle threshold (+2) and trying again...

Total points: 2
Number of clusters is equal to 0
Points in 
Calling mergeClusters function.
mergeClusters function called.
Single cluster found (iteration 26/30)...Increasing angle threshold (+2) and trying again...

Total points: 2
Number of clusters is equal to 0
Points in 
Calling mergeClusters function.
mergeClusters function called.
Single cluster found (iteration 27/30)...Increasing angle threshold (+2) and trying again...

Total points: 2
Number of clusters is equal to 0
Points in 
Calling mergeClusters function.
mergeClusters function called.
Single cluster found (iteration 28/30)...Increasing angle threshold (+2) and trying again...

Total points: 2
Number of clusters is equal to 0
Points in 
Calling mergeClusters function.
mergeClusters function called.
Single cluster found (iteration 29/30)...Increasing angle threshold (+2) and trying again...
Warning: Angle threshold reached minimum (-50). Using single cluster result.
Warning: Could not achieve 2 clusters after 28 iterations. Final cluster count: 0. Proceeding with available clusters.
Ply to XYZ start

Time after processing: 0.0676512 seconds
Copied Point file: Pot_A_Piece_33_Point.pcd
Copied Mesh file: Pot_A_Piece_33_Mesh.obj

Selected file: Dataset/Point/Pot_A/Pot_A_Piece_33_Point.pcd
Starting processing on: Dataset/Point/Pot_A/Pot_A_Piece_33_Point.pcd
Starting surface segmentation on: Temp/Data/Pot_A/Pot_A_Piece_33_SampledWithNormals.ply

Total points: 2
Number of clusters is equal to 0
Points in 
Calling mergeClusters function.
mergeClusters function called.
Single cluster found (iteration 2/30)...Increasing angle threshold (+2) and trying again...

Total points: 2
Number of clusters is equal to 0
Points in 
Calling mergeClusters function.
mergeClusters function called.
Single cluster found (iteration 3/30)...Increasing angle threshold (+2) and trying again...

Total points: 2
Number of clusters is equal to 0
Points in 
Calling mergeClusters function.
mergeClusters function called.
Single cluster found (iteration 4/30)...Increasing angle threshold (+2) and trying again...

Total points: 2
Number of clusters is equal to 0
Points in 
Calling mergeClusters function.
mergeClusters function called.
Single cluster found (iteration 5/30)...Increasing angle threshold (+2) and trying again...

Total points: 2
Number of clusters is equal to 0
Points in 
Calling mergeClusters function.
mergeClusters function called.
Single cluster found (iteration 6/30)...Increasing angle threshold (+2) and trying again...

Total points: 2
Number of clusters is equal to 0
Points in 
Calling mergeClusters function.
mergeClusters function called.
Single cluster found (iteration 7/30)...Increasing angle threshold (+2) and trying again...

Total points: 2
Number of clusters is equal to 0
Points in 
Calling mergeClusters function.
mergeClusters function called.
Single cluster found (iteration 8/30)...Increasing angle threshold (+2) and trying again...

Total points: 2
Number of clusters is equal to 0
Points in 
Calling mergeClusters function.
mergeClusters function called.
Single cluster found (iteration 9/30)...Increasing angle threshold (+2) and trying again...

Total points: 2
Number of clusters is equal to 0
Points in 
Calling mergeClusters function.
mergeClusters function called.
Single cluster found (iteration 10/30)...Increasing angle threshold (+2) and trying again...

Total points: 2
Number of clusters is equal to 0
Points in 
Calling mergeClusters function.
mergeClusters function called.
Single cluster found (iteration 11/30)...Increasing angle threshold (+2) and trying again...

Total points: 2
Number of clusters is equal to 0
Points in 
Calling mergeClusters function.
mergeClusters function called.
Single cluster found (iteration 12/30)...Increasing angle threshold (+2) and trying again...

Total points: 2
Number of clusters is equal to 0
Points in 
Calling mergeClusters function.
mergeClusters function called.
Single cluster found (iteration 13/30)...Increasing angle threshold (+2) and trying again...

Total points: 2
Number of clusters is equal to 0
Points in 
Calling mergeClusters function.
mergeClusters function called.
Single cluster found (iteration 14/30)...Increasing angle threshold (+2) and trying again...

Total points: 2
Number of clusters is equal to 0
Points in 
Calling mergeClusters function.
mergeClusters function called.
Single cluster found (iteration 15/30)...Increasing angle threshold (+2) and trying again...

Total points: 2
Number of clusters is equal to 0
Points in 
Calling mergeClusters function.
mergeClusters function called.
Single cluster found (iteration 16/30)...Increasing angle threshold (+2) and trying again...

Total points: 2
Number of clusters is equal to 0
Points in 
Calling mergeClusters function.
mergeClusters function called.
Single cluster found (iteration 17/30)...Increasing angle threshold (+2) and trying again...

Total points: 2
Number of clusters is equal to 0
Points in 
Calling mergeClusters function.
mergeClusters function called.
Single cluster found (iteration 18/30)...Increasing angle threshold (+2) and trying again...

Total points: 2
Number of clusters is equal to 0
Points in 
Calling mergeClusters function.
mergeClusters function called.
Single cluster found (iteration 19/30)...Increasing angle threshold (+2) and trying again...

Total points: 2
Number of clusters is equal to 0
Points in 
Calling mergeClusters function.
mergeClusters function called.
Single cluster found (iteration 20/30)...Increasing angle threshold (+2) and trying again...

Total points: 2
Number of clusters is equal to 0
Points in 
Calling mergeClusters function.
mergeClusters function called.
Single cluster found (iteration 21/30)...Increasing angle threshold (+2) and trying again...

Total points: 2
Number of clusters is equal to 0
Points in 
Calling mergeClusters function.
mergeClusters function called.
Single cluster found (iteration 22/30)...Increasing angle threshold (+2) and trying again...

Total points: 2
Number of clusters is equal to 0
Points in 
Calling mergeClusters function.
mergeClusters function called.
Single cluster found (iteration 23/30)...Increasing angle threshold (+2) and trying again...

Total points: 2
Number of clusters is equal to 0
Points in 
Calling mergeClusters function.
mergeClusters function called.
Single cluster found (iteration 24/30)...Increasing angle threshold (+2) and trying again...

Total points: 2
Number of clusters is equal to 0
Points in 
Calling mergeClusters function.
mergeClusters function called.
Single cluster found (iteration 25/30)...Increasing angle threshold (+2) and trying again...

Total points: 2
Number of clusters is equal to 0
Points in 
Calling mergeClusters function.
mergeClusters function called.
Single cluster found (iteration 26/30)...Increasing angle threshold (+2) and trying again...

Total points: 2
Number of clusters is equal to 0
Points in 
Calling mergeClusters function.
mergeClusters function called.
Single cluster found (iteration 27/30)...Increasing angle threshold (+2) and trying again...

Total points: 2
Number of clusters is equal to 0
Points in 
Calling mergeClusters function.
mergeClusters function called.
Single cluster found (iteration 28/30)...Increasing angle threshold (+2) and trying again...

Total points: 2
Number of clusters is equal to 0
Points in 
Calling mergeClusters function.
mergeClusters function called.
Single cluster found (iteration 29/30)...Increasing angle threshold (+2) and trying again...
Warning: Angle threshold reached minimum (-50). Using single cluster result.
Warning: Could not achieve 2 clusters after 28 iterations. Final cluster count: 0. Proceeding with available clusters.
Ply to XYZ start

Time after processing: 0.0686894 seconds
Copied Point file: Pot_A_Piece_34_Point.pcd
Copied Mesh file: Pot_A_Piece_34_Mesh.obj

Selected file: Dataset/Point/Pot_A/Pot_A_Piece_34_Point.pcd
Starting processing on: Dataset/Point/Pot_A/Pot_A_Piece_34_Point.pcd
Starting surface segmentation on: Temp/Data/Pot_A/Pot_A_Piece_34_SampledWithNormals.ply

Total points: 1
Number of clusters is equal to 0
Points in 
Calling mergeClusters function.
mergeClusters function called.
Single cluster found (iteration 2/30)...Increasing angle threshold (+2) and trying again...

Total points: 1
Number of clusters is equal to 0
Points in 
Calling mergeClusters function.
mergeClusters function called.
Single cluster found (iteration 3/30)...Increasing angle threshold (+2) and trying again...

Total points: 1
Number of clusters is equal to 0
Points in 
Calling mergeClusters function.
mergeClusters function called.
Single cluster found (iteration 4/30)...Increasing angle threshold (+2) and trying again...

Total points: 1
Number of clusters is equal to 0
Points in 
Calling mergeClusters function.
mergeClusters function called.
Single cluster found (iteration 5/30)...Increasing angle threshold (+2) and trying again...

Total points: 1
Number of clusters is equal to 0
Points in 
Calling mergeClusters function.
mergeClusters function called.
Single cluster found (iteration 6/30)...Increasing angle threshold (+2) and trying again...

Total points: 1
Number of clusters is equal to 0
Points in 
Calling mergeClusters function.
mergeClusters function called.
Single cluster found (iteration 7/30)...Increasing angle threshold (+2) and trying again...

Total points: 1
Number of clusters is equal to 0
Points in 
Calling mergeClusters function.
mergeClusters function called.
Single cluster found (iteration 8/30)...Increasing angle threshold (+2) and trying again...

Total points: 1
Number of clusters is equal to 0
Points in 
Calling mergeClusters function.
mergeClusters function called.
Single cluster found (iteration 9/30)...Increasing angle threshold (+2) and trying again...

Total points: 1
Number of clusters is equal to 0
Points in 
Calling mergeClusters function.
mergeClusters function called.
Single cluster found (iteration 10/30)...Increasing angle threshold (+2) and trying again...

Total points: 1
Number of clusters is equal to 0
Points in 
Calling mergeClusters function.
mergeClusters function called.
Single cluster found (iteration 11/30)...Increasing angle threshold (+2) and trying again...

Total points: 1
Number of clusters is equal to 0
Points in 
Calling mergeClusters function.
mergeClusters function called.
Single cluster found (iteration 12/30)...Increasing angle threshold (+2) and trying again...

Total points: 1
Number of clusters is equal to 0
Points in 
Calling mergeClusters function.
mergeClusters function called.
Single cluster found (iteration 13/30)...Increasing angle threshold (+2) and trying again...

Total points: 1
Number of clusters is equal to 0
Points in 
Calling mergeClusters function.
mergeClusters function called.
Single cluster found (iteration 14/30)...Increasing angle threshold (+2) and trying again...

Total points: 1
Number of clusters is equal to 0
Points in 
Calling mergeClusters function.
mergeClusters function called.
Single cluster found (iteration 15/30)...Increasing angle threshold (+2) and trying again...

Total points: 1
Number of clusters is equal to 0
Points in 
Calling mergeClusters function.
mergeClusters function called.
Single cluster found (iteration 16/30)...Increasing angle threshold (+2) and trying again...

Total points: 1
Number of clusters is equal to 0
Points in 
Calling mergeClusters function.
mergeClusters function called.
Single cluster found (iteration 17/30)...Increasing angle threshold (+2) and trying again...

Total points: 1
Number of clusters is equal to 0
Points in 
Calling mergeClusters function.
mergeClusters function called.
Single cluster found (iteration 18/30)...Increasing angle threshold (+2) and trying again...

Total points: 1
Number of clusters is equal to 0
Points in 
Calling mergeClusters function.
mergeClusters function called.
Single cluster found (iteration 19/30)...Increasing angle threshold (+2) and trying again...

Total points: 1
Number of clusters is equal to 0
Points in 
Calling mergeClusters function.
mergeClusters function called.
Single cluster found (iteration 20/30)...Increasing angle threshold (+2) and trying again...

Total points: 1
Number of clusters is equal to 0
Points in 
Calling mergeClusters function.
mergeClusters function called.
Single cluster found (iteration 21/30)...Increasing angle threshold (+2) and trying again...

Total points: 1
Number of clusters is equal to 0
Points in 
Calling mergeClusters function.
mergeClusters function called.
Single cluster found (iteration 22/30)...Increasing angle threshold (+2) and trying again...

Total points: 1
Number of clusters is equal to 0
Points in 
Calling mergeClusters function.
mergeClusters function called.
Single cluster found (iteration 23/30)...Increasing angle threshold (+2) and trying again...

Total points: 1
Number of clusters is equal to 0
Points in 
Calling mergeClusters function.
mergeClusters function called.
Single cluster found (iteration 24/30)...Increasing angle threshold (+2) and trying again...

Total points: 1
Number of clusters is equal to 0
Points in 
Calling mergeClusters function.
mergeClusters function called.
Single cluster found (iteration 25/30)...Increasing angle threshold (+2) and trying again...

Total points: 1
Number of clusters is equal to 0
Points in 
Calling mergeClusters function.
mergeClusters function called.
Single cluster found (iteration 26/30)...Increasing angle threshold (+2) and trying again...

Total points: 1
Number of clusters is equal to 0
Points in 
Calling mergeClusters function.
mergeClusters function called.
Single cluster found (iteration 27/30)...Increasing angle threshold (+2) and trying again...

Total points: 1
Number of clusters is equal to 0
Points in 
Calling mergeClusters function.
mergeClusters function called.
Single cluster found (iteration 28/30)...Increasing angle threshold (+2) and trying again...

Total points: 1
Number of clusters is equal to 0
Points in 
Calling mergeClusters function.
mergeClusters function called.
Single cluster found (iteration 29/30)...Increasing angle threshold (+2) and trying again...
Warning: Angle threshold reached minimum (-50). Using single cluster result.
Warning: Could not achieve 2 clusters after 28 iterations. Final cluster count: 0. Proceeding with available clusters.
Ply to XYZ start

Time after processing: 0.0669318 seconds
Copied Point file: Pot_A_Piece_35_Point.pcd
Copied Mesh file: Pot_A_Piece_35_Mesh.obj

Selected file: Dataset/Point/Pot_A/Pot_A_Piece_35_Point.pcd
Starting processing on: Dataset/Point/Pot_A/Pot_A_Piece_35_Point.pcd
Starting surface segmentation on: Temp/Data/Pot_A/Pot_A_Piece_35_SampledWithNormals.ply

Total points: 2
Number of clusters is equal to 0
Points in 
Calling mergeClusters function.
mergeClusters function called.
Single cluster found (iteration 2/30)...Increasing angle threshold (+2) and trying again...

Total points: 2
Number of clusters is equal to 0
Points in 
Calling mergeClusters function.
mergeClusters function called.
Single cluster found (iteration 3/30)...Increasing angle threshold (+2) and trying again...

Total points: 2
Number of clusters is equal to 0
Points in 
Calling mergeClusters function.
mergeClusters function called.
Single cluster found (iteration 4/30)...Increasing angle threshold (+2) and trying again...

Total points: 2
Number of clusters is equal to 0
Points in 
Calling mergeClusters function.
mergeClusters function called.
Single cluster found (iteration 5/30)...Increasing angle threshold (+2) and trying again...

Total points: 2
Number of clusters is equal to 0
Points in 
Calling mergeClusters function.
mergeClusters function called.
Single cluster found (iteration 6/30)...Increasing angle threshold (+2) and trying again...

Total points: 2
Number of clusters is equal to 0
Points in 
Calling mergeClusters function.
mergeClusters function called.
Single cluster found (iteration 7/30)...Increasing angle threshold (+2) and trying again...

Total points: 2
Number of clusters is equal to 0
Points in 
Calling mergeClusters function.
mergeClusters function called.
Single cluster found (iteration 8/30)...Increasing angle threshold (+2) and trying again...

Total points: 2
Number of clusters is equal to 0
Points in 
Calling mergeClusters function.
mergeClusters function called.
Single cluster found (iteration 9/30)...Increasing angle threshold (+2) and trying again...

Total points: 2
Number of clusters is equal to 0
Points in 
Calling mergeClusters function.
mergeClusters function called.
Single cluster found (iteration 10/30)...Increasing angle threshold (+2) and trying again...

Total points: 2
Number of clusters is equal to 0
Points in 
Calling mergeClusters function.
mergeClusters function called.
Single cluster found (iteration 11/30)...Increasing angle threshold (+2) and trying again...

Total points: 2
Number of clusters is equal to 0
Points in 
Calling mergeClusters function.
mergeClusters function called.
Single cluster found (iteration 12/30)...Increasing angle threshold (+2) and trying again...

Total points: 2
Number of clusters is equal to 0
Points in 
Calling mergeClusters function.
mergeClusters function called.
Single cluster found (iteration 13/30)...Increasing angle threshold (+2) and trying again...

Total points: 2
Number of clusters is equal to 0
Points in 
Calling mergeClusters function.
mergeClusters function called.
Single cluster found (iteration 14/30)...Increasing angle threshold (+2) and trying again...

Total points: 2
Number of clusters is equal to 0
Points in 
Calling mergeClusters function.
mergeClusters function called.
Single cluster found (iteration 15/30)...Increasing angle threshold (+2) and trying again...

Total points: 2
Number of clusters is equal to 0
Points in 
Calling mergeClusters function.
mergeClusters function called.
Single cluster found (iteration 16/30)...Increasing angle threshold (+2) and trying again...

Total points: 2
Number of clusters is equal to 0
Points in 
Calling mergeClusters function.
mergeClusters function called.
Single cluster found (iteration 17/30)...Increasing angle threshold (+2) and trying again...

Total points: 2
Number of clusters is equal to 0
Points in 
Calling mergeClusters function.
mergeClusters function called.
Single cluster found (iteration 18/30)...Increasing angle threshold (+2) and trying again...

Total points: 2
Number of clusters is equal to 0
Points in 
Calling mergeClusters function.
mergeClusters function called.
Single cluster found (iteration 19/30)...Increasing angle threshold (+2) and trying again...

Total points: 2
Number of clusters is equal to 0
Points in 
Calling mergeClusters function.
mergeClusters function called.
Single cluster found (iteration 20/30)...Increasing angle threshold (+2) and trying again...

Total points: 2
Number of clusters is equal to 0
Points in 
Calling mergeClusters function.
mergeClusters function called.
Single cluster found (iteration 21/30)...Increasing angle threshold (+2) and trying again...

Total points: 2
Number of clusters is equal to 0
Points in 
Calling mergeClusters function.
mergeClusters function called.
Single cluster found (iteration 22/30)...Increasing angle threshold (+2) and trying again...

Total points: 2
Number of clusters is equal to 0
Points in 
Calling mergeClusters function.
mergeClusters function called.
Single cluster found (iteration 23/30)...Increasing angle threshold (+2) and trying again...

Total points: 2
Number of clusters is equal to 0
Points in 
Calling mergeClusters function.
mergeClusters function called.
Single cluster found (iteration 24/30)...Increasing angle threshold (+2) and trying again...

Total points: 2
Number of clusters is equal to 0
Points in 
Calling mergeClusters function.
mergeClusters function called.
Single cluster found (iteration 25/30)...Increasing angle threshold (+2) and trying again...

Total points: 2
Number of clusters is equal to 0
Points in 
Calling mergeClusters function.
mergeClusters function called.
Single cluster found (iteration 26/30)...Increasing angle threshold (+2) and trying again...

Total points: 2
Number of clusters is equal to 0
Points in 
Calling mergeClusters function.
mergeClusters function called.
Single cluster found (iteration 27/30)...Increasing angle threshold (+2) and trying again...

Total points: 2
Number of clusters is equal to 0
Points in 
Calling mergeClusters function.
mergeClusters function called.
Single cluster found (iteration 28/30)...Increasing angle threshold (+2) and trying again...

Total points: 2
Number of clusters is equal to 0
Points in 
Calling mergeClusters function.
mergeClusters function called.
Single cluster found (iteration 29/30)...Increasing angle threshold (+2) and trying again...
Warning: Angle threshold reached minimum (-50). Using single cluster result.
Warning: Could not achieve 2 clusters after 28 iterations. Final cluster count: 0. Proceeding with available clusters.
Ply to XYZ start

Time after processing: 0.0670293 seconds
Copied Point file: Pot_A_Piece_36_Point.pcd
Copied Mesh file: Pot_A_Piece_36_Mesh.obj

Selected file: Dataset/Point/Pot_A/Pot_A_Piece_36_Point.pcd
Starting processing on: Dataset/Point/Pot_A/Pot_A_Piece_36_Point.pcd
Starting surface segmentation on: Temp/Data/Pot_A/Pot_A_Piece_36_SampledWithNormals.ply

Total points: 1
Number of clusters is equal to 0
Points in 
Calling mergeClusters function.
mergeClusters function called.
Single cluster found (iteration 2/30)...Increasing angle threshold (+2) and trying again...

Total points: 1
Number of clusters is equal to 0
Points in 
Calling mergeClusters function.
mergeClusters function called.
Single cluster found (iteration 3/30)...Increasing angle threshold (+2) and trying again...

Total points: 1
Number of clusters is equal to 0
Points in 
Calling mergeClusters function.
mergeClusters function called.
Single cluster found (iteration 4/30)...Increasing angle threshold (+2) and trying again...

Total points: 1
Number of clusters is equal to 0
Points in 
Calling mergeClusters function.
mergeClusters function called.
Single cluster found (iteration 5/30)...Increasing angle threshold (+2) and trying again...

Total points: 1
Number of clusters is equal to 0
Points in 
Calling mergeClusters function.
mergeClusters function called.
Single cluster found (iteration 6/30)...Increasing angle threshold (+2) and trying again...

Total points: 1
Number of clusters is equal to 0
Points in 
Calling mergeClusters function.
mergeClusters function called.
Single cluster found (iteration 7/30)...Increasing angle threshold (+2) and trying again...

Total points: 1
Number of clusters is equal to 0
Points in 
Calling mergeClusters function.
mergeClusters function called.
Single cluster found (iteration 8/30)...Increasing angle threshold (+2) and trying again...

Total points: 1
Number of clusters is equal to 0
Points in 
Calling mergeClusters function.
mergeClusters function called.
Single cluster found (iteration 9/30)...Increasing angle threshold (+2) and trying again...

Total points: 1
Number of clusters is equal to 0
Points in 
Calling mergeClusters function.
mergeClusters function called.
Single cluster found (iteration 10/30)...Increasing angle threshold (+2) and trying again...

Total points: 1
Number of clusters is equal to 0
Points in 
Calling mergeClusters function.
mergeClusters function called.
Single cluster found (iteration 11/30)...Increasing angle threshold (+2) and trying again...

Total points: 1
Number of clusters is equal to 0
Points in 
Calling mergeClusters function.
mergeClusters function called.
Single cluster found (iteration 12/30)...Increasing angle threshold (+2) and trying again...

Total points: 1
Number of clusters is equal to 0
Points in 
Calling mergeClusters function.
mergeClusters function called.
Single cluster found (iteration 13/30)...Increasing angle threshold (+2) and trying again...

Total points: 1
Number of clusters is equal to 0
Points in 
Calling mergeClusters function.
mergeClusters function called.
Single cluster found (iteration 14/30)...Increasing angle threshold (+2) and trying again...

Total points: 1
Number of clusters is equal to 0
Points in 
Calling mergeClusters function.
mergeClusters function called.
Single cluster found (iteration 15/30)...Increasing angle threshold (+2) and trying again...

Total points: 1
Number of clusters is equal to 0
Points in 
Calling mergeClusters function.
mergeClusters function called.
Single cluster found (iteration 16/30)...Increasing angle threshold (+2) and trying again...

Total points: 1
Number of clusters is equal to 0
Points in 
Calling mergeClusters function.
mergeClusters function called.
Single cluster found (iteration 17/30)...Increasing angle threshold (+2) and trying again...

Total points: 1
Number of clusters is equal to 0
Points in 
Calling mergeClusters function.
mergeClusters function called.
Single cluster found (iteration 18/30)...Increasing angle threshold (+2) and trying again...

Total points: 1
Number of clusters is equal to 0
Points in 
Calling mergeClusters function.
mergeClusters function called.
Single cluster found (iteration 19/30)...Increasing angle threshold (+2) and trying again...

Total points: 1
Number of clusters is equal to 0
Points in 
Calling mergeClusters function.
mergeClusters function called.
Single cluster found (iteration 20/30)...Increasing angle threshold (+2) and trying again...

Total points: 1
Number of clusters is equal to 0
Points in 
Calling mergeClusters function.
mergeClusters function called.
Single cluster found (iteration 21/30)...Increasing angle threshold (+2) and trying again...

Total points: 1
Number of clusters is equal to 0
Points in 
Calling mergeClusters function.
mergeClusters function called.
Single cluster found (iteration 22/30)...Increasing angle threshold (+2) and trying again...

Total points: 1
Number of clusters is equal to 0
Points in 
Calling mergeClusters function.
mergeClusters function called.
Single cluster found (iteration 23/30)...Increasing angle threshold (+2) and trying again...

Total points: 1
Number of clusters is equal to 0
Points in 
Calling mergeClusters function.
mergeClusters function called.
Single cluster found (iteration 24/30)...Increasing angle threshold (+2) and trying again...

Total points: 1
Number of clusters is equal to 0
Points in 
Calling mergeClusters function.
mergeClusters function called.
Single cluster found (iteration 25/30)...Increasing angle threshold (+2) and trying again...

Total points: 1
Number of clusters is equal to 0
Points in 
Calling mergeClusters function.
mergeClusters function called.
Single cluster found (iteration 26/30)...Increasing angle threshold (+2) and trying again...

Total points: 1
Number of clusters is equal to 0
Points in 
Calling mergeClusters function.
mergeClusters function called.
Single cluster found (iteration 27/30)...Increasing angle threshold (+2) and trying again...

Total points: 1
Number of clusters is equal to 0
Points in 
Calling mergeClusters function.
mergeClusters function called.
Single cluster found (iteration 28/30)...Increasing angle threshold (+2) and trying again...

Total points: 1
Number of clusters is equal to 0
Points in 
Calling mergeClusters function.
mergeClusters function called.
Single cluster found (iteration 29/30)...Increasing angle threshold (+2) and trying again...
Warning: Angle threshold reached minimum (-50). Using single cluster result.
Warning: Could not achieve 2 clusters after 28 iterations. Final cluster count: 0. Proceeding with available clusters.
Ply to XYZ start

Time after processing: 0.0661387 seconds
Copied Point file: Pot_A_Piece_37_Point.pcd
Copied Mesh file: Pot_A_Piece_37_Mesh.obj

Selected file: Dataset/Point/Pot_A/Pot_A_Piece_37_Point.pcd
Starting processing on: Dataset/Point/Pot_A/Pot_A_Piece_37_Point.pcd
Starting surface segmentation on: Temp/Data/Pot_A/Pot_A_Piece_37_SampledWithNormals.ply

Total points: 1
Number of clusters is equal to 0
Points in 
Calling mergeClusters function.
mergeClusters function called.
Single cluster found (iteration 2/30)...Increasing angle threshold (+2) and trying again...

Total points: 1
Number of clusters is equal to 0
Points in 
Calling mergeClusters function.
mergeClusters function called.
Single cluster found (iteration 3/30)...Increasing angle threshold (+2) and trying again...

Total points: 1
Number of clusters is equal to 0
Points in 
Calling mergeClusters function.
mergeClusters function called.
Single cluster found (iteration 4/30)...Increasing angle threshold (+2) and trying again...

Total points: 1
Number of clusters is equal to 0
Points in 
Calling mergeClusters function.
mergeClusters function called.
Single cluster found (iteration 5/30)...Increasing angle threshold (+2) and trying again...

Total points: 1
Number of clusters is equal to 0
Points in 
Calling mergeClusters function.
mergeClusters function called.
Single cluster found (iteration 6/30)...Increasing angle threshold (+2) and trying again...

Total points: 1
Number of clusters is equal to 0
Points in 
Calling mergeClusters function.
mergeClusters function called.
Single cluster found (iteration 7/30)...Increasing angle threshold (+2) and trying again...

Total points: 1
Number of clusters is equal to 0
Points in 
Calling mergeClusters function.
mergeClusters function called.
Single cluster found (iteration 8/30)...Increasing angle threshold (+2) and trying again...

Total points: 1
Number of clusters is equal to 0
Points in 
Calling mergeClusters function.
mergeClusters function called.
Single cluster found (iteration 9/30)...Increasing angle threshold (+2) and trying again...

Total points: 1
Number of clusters is equal to 0
Points in 
Calling mergeClusters function.
mergeClusters function called.
Single cluster found (iteration 10/30)...Increasing angle threshold (+2) and trying again...

Total points: 1
Number of clusters is equal to 0
Points in 
Calling mergeClusters function.
mergeClusters function called.
Single cluster found (iteration 11/30)...Increasing angle threshold (+2) and trying again...

Total points: 1
Number of clusters is equal to 0
Points in 
Calling mergeClusters function.
mergeClusters function called.
Single cluster found (iteration 12/30)...Increasing angle threshold (+2) and trying again...

Total points: 1
Number of clusters is equal to 0
Points in 
Calling mergeClusters function.
mergeClusters function called.
Single cluster found (iteration 13/30)...Increasing angle threshold (+2) and trying again...

Total points: 1
Number of clusters is equal to 0
Points in 
Calling mergeClusters function.
mergeClusters function called.
Single cluster found (iteration 14/30)...Increasing angle threshold (+2) and trying again...

Total points: 1
Number of clusters is equal to 0
Points in 
Calling mergeClusters function.
mergeClusters function called.
Single cluster found (iteration 15/30)...Increasing angle threshold (+2) and trying again...

Total points: 1
Number of clusters is equal to 0
Points in 
Calling mergeClusters function.
mergeClusters function called.
Single cluster found (iteration 16/30)...Increasing angle threshold (+2) and trying again...

Total points: 1
Number of clusters is equal to 0
Points in 
Calling mergeClusters function.
mergeClusters function called.
Single cluster found (iteration 17/30)...Increasing angle threshold (+2) and trying again...

Total points: 1
Number of clusters is equal to 0
Points in 
Calling mergeClusters function.
mergeClusters function called.
Single cluster found (iteration 18/30)...Increasing angle threshold (+2) and trying again...

Total points: 1
Number of clusters is equal to 0
Points in 
Calling mergeClusters function.
mergeClusters function called.
Single cluster found (iteration 19/30)...Increasing angle threshold (+2) and trying again...

Total points: 1
Number of clusters is equal to 0
Points in 
Calling mergeClusters function.
mergeClusters function called.
Single cluster found (iteration 20/30)...Increasing angle threshold (+2) and trying again...

Total points: 1
Number of clusters is equal to 0
Points in 
Calling mergeClusters function.
mergeClusters function called.
Single cluster found (iteration 21/30)...Increasing angle threshold (+2) and trying again...

Total points: 1
Number of clusters is equal to 0
Points in 
Calling mergeClusters function.
mergeClusters function called.
Single cluster found (iteration 22/30)...Increasing angle threshold (+2) and trying again...

Total points: 1
Number of clusters is equal to 0
Points in 
Calling mergeClusters function.
mergeClusters function called.
Single cluster found (iteration 23/30)...Increasing angle threshold (+2) and trying again...

Total points: 1
Number of clusters is equal to 0
Points in 
Calling mergeClusters function.
mergeClusters function called.
Single cluster found (iteration 24/30)...Increasing angle threshold (+2) and trying again...

Total points: 1
Number of clusters is equal to 0
Points in 
Calling mergeClusters function.
mergeClusters function called.
Single cluster found (iteration 25/30)...Increasing angle threshold (+2) and trying again...

Total points: 1
Number of clusters is equal to 0
Points in 
Calling mergeClusters function.
mergeClusters function called.
Single cluster found (iteration 26/30)...Increasing angle threshold (+2) and trying again...

Total points: 1
Number of clusters is equal to 0
Points in 
Calling mergeClusters function.
mergeClusters function called.
Single cluster found (iteration 27/30)...Increasing angle threshold (+2) and trying again...

Total points: 1
Number of clusters is equal to 0
Points in 
Calling mergeClusters function.
mergeClusters function called.
Single cluster found (iteration 28/30)...Increasing angle threshold (+2) and trying again...

Total points: 1
Number of clusters is equal to 0
Points in 
Calling mergeClusters function.
mergeClusters function called.
Single cluster found (iteration 29/30)...Increasing angle threshold (+2) and trying again...
Warning: Angle threshold reached minimum (-50). Using single cluster result.
Warning: Could not achieve 2 clusters after 28 iterations. Final cluster count: 0. Proceeding with available clusters.
Ply to XYZ start

Time after processing: 0.0653925 seconds
Copied Point file: Pot_A_Piece_38_Point.pcd
Copied Mesh file: Pot_A_Piece_38_Mesh.obj

Selected file: Dataset/Point/Pot_A/Pot_A_Piece_38_Point.pcd
Starting processing on: Dataset/Point/Pot_A/Pot_A_Piece_38_Point.pcd
Starting surface segmentation on: Temp/Data/Pot_A/Pot_A_Piece_38_SampledWithNormals.ply

Total points: 1
Number of clusters is equal to 0
Points in 
Calling mergeClusters function.
mergeClusters function called.
Single cluster found (iteration 2/30)...Increasing angle threshold (+2) and trying again...

Total points: 1
Number of clusters is equal to 0
Points in 
Calling mergeClusters function.
mergeClusters function called.
Single cluster found (iteration 3/30)...Increasing angle threshold (+2) and trying again...

Total points: 1
Number of clusters is equal to 0
Points in 
Calling mergeClusters function.
mergeClusters function called.
Single cluster found (iteration 4/30)...Increasing angle threshold (+2) and trying again...

Total points: 1
Number of clusters is equal to 0
Points in 
Calling mergeClusters function.
mergeClusters function called.
Single cluster found (iteration 5/30)...Increasing angle threshold (+2) and trying again...

Total points: 1
Number of clusters is equal to 0
Points in 
Calling mergeClusters function.
mergeClusters function called.
Single cluster found (iteration 6/30)...Increasing angle threshold (+2) and trying again...

Total points: 1
Number of clusters is equal to 0
Points in 
Calling mergeClusters function.
mergeClusters function called.
Single cluster found (iteration 7/30)...Increasing angle threshold (+2) and trying again...

Total points: 1
Number of clusters is equal to 0
Points in 
Calling mergeClusters function.
mergeClusters function called.
Single cluster found (iteration 8/30)...Increasing angle threshold (+2) and trying again...

Total points: 1
Number of clusters is equal to 0
Points in 
Calling mergeClusters function.
mergeClusters function called.
Single cluster found (iteration 9/30)...Increasing angle threshold (+2) and trying again...

Total points: 1
Number of clusters is equal to 0
Points in 
Calling mergeClusters function.
mergeClusters function called.
Single cluster found (iteration 10/30)...Increasing angle threshold (+2) and trying again...

Total points: 1
Number of clusters is equal to 0
Points in 
Calling mergeClusters function.
mergeClusters function called.
Single cluster found (iteration 11/30)...Increasing angle threshold (+2) and trying again...

Total points: 1
Number of clusters is equal to 0
Points in 
Calling mergeClusters function.
mergeClusters function called.
Single cluster found (iteration 12/30)...Increasing angle threshold (+2) and trying again...

Total points: 1
Number of clusters is equal to 0
Points in 
Calling mergeClusters function.
mergeClusters function called.
Single cluster found (iteration 13/30)...Increasing angle threshold (+2) and trying again...

Total points: 1
Number of clusters is equal to 0
Points in 
Calling mergeClusters function.
mergeClusters function called.
Single cluster found (iteration 14/30)...Increasing angle threshold (+2) and trying again...

Total points: 1
Number of clusters is equal to 0
Points in 
Calling mergeClusters function.
mergeClusters function called.
Single cluster found (iteration 15/30)...Increasing angle threshold (+2) and trying again...

Total points: 1
Number of clusters is equal to 0
Points in 
Calling mergeClusters function.
mergeClusters function called.
Single cluster found (iteration 16/30)...Increasing angle threshold (+2) and trying again...

Total points: 1
Number of clusters is equal to 0
Points in 
Calling mergeClusters function.
mergeClusters function called.
Single cluster found (iteration 17/30)...Increasing angle threshold (+2) and trying again...

Total points: 1
Number of clusters is equal to 0
Points in 
Calling mergeClusters function.
mergeClusters function called.
Single cluster found (iteration 18/30)...Increasing angle threshold (+2) and trying again...

Total points: 1
Number of clusters is equal to 0
Points in 
Calling mergeClusters function.
mergeClusters function called.
Single cluster found (iteration 19/30)...Increasing angle threshold (+2) and trying again...

Total points: 1
Number of clusters is equal to 0
Points in 
Calling mergeClusters function.
mergeClusters function called.
Single cluster found (iteration 20/30)...Increasing angle threshold (+2) and trying again...

Total points: 1
Number of clusters is equal to 0
Points in 
Calling mergeClusters function.
mergeClusters function called.
Single cluster found (iteration 21/30)...Increasing angle threshold (+2) and trying again...

Total points: 1
Number of clusters is equal to 0
Points in 
Calling mergeClusters function.
mergeClusters function called.
Single cluster found (iteration 22/30)...Increasing angle threshold (+2) and trying again...

Total points: 1
Number of clusters is equal to 0
Points in 
Calling mergeClusters function.
mergeClusters function called.
Single cluster found (iteration 23/30)...Increasing angle threshold (+2) and trying again...

Total points: 1
Number of clusters is equal to 0
Points in 
Calling mergeClusters function.
mergeClusters function called.
Single cluster found (iteration 24/30)...Increasing angle threshold (+2) and trying again...

Total points: 1
Number of clusters is equal to 0
Points in 
Calling mergeClusters function.
mergeClusters function called.
Single cluster found (iteration 25/30)...Increasing angle threshold (+2) and trying again...

Total points: 1
Number of clusters is equal to 0
Points in 
Calling mergeClusters function.
mergeClusters function called.
Single cluster found (iteration 26/30)...Increasing angle threshold (+2) and trying again...

Total points: 1
Number of clusters is equal to 0
Points in 
Calling mergeClusters function.
mergeClusters function called.
Single cluster found (iteration 27/30)...Increasing angle threshold (+2) and trying again...

Total points: 1
Number of clusters is equal to 0
Points in 
Calling mergeClusters function.
mergeClusters function called.
Single cluster found (iteration 28/30)...Increasing angle threshold (+2) and trying again...

Total points: 1
Number of clusters is equal to 0
Points in 
Calling mergeClusters function.
mergeClusters function called.
Single cluster found (iteration 29/30)...Increasing angle threshold (+2) and trying again...
Warning: Angle threshold reached minimum (-50). Using single cluster result.
Warning: Could not achieve 2 clusters after 28 iterations. Final cluster count: 0. Proceeding with available clusters.
Ply to XYZ start

Time after processing: 0.0677443 seconds
Copied Point file: Pot_A_Piece_39_Point.pcd
Copied Mesh file: Pot_A_Piece_39_Mesh.obj

Selected file: Dataset/Point/Pot_A/Pot_A_Piece_39_Point.pcd
Starting processing on: Dataset/Point/Pot_A/Pot_A_Piece_39_Point.pcd
Starting surface segmentation on: Temp/Data/Pot_A/Pot_A_Piece_39_SampledWithNormals.ply

Total points: 2
Number of clusters is equal to 0
Points in 
Calling mergeClusters function.
mergeClusters function called.
Single cluster found (iteration 2/30)...Increasing angle threshold (+2) and trying again...

Total points: 2
Number of clusters is equal to 0
Points in 
Calling mergeClusters function.
mergeClusters function called.
Single cluster found (iteration 3/30)...Increasing angle threshold (+2) and trying again...

Total points: 2
Number of clusters is equal to 0
Points in 
Calling mergeClusters function.
mergeClusters function called.
Single cluster found (iteration 4/30)...Increasing angle threshold (+2) and trying again...

Total points: 2
Number of clusters is equal to 0
Points in 
Calling mergeClusters function.
mergeClusters function called.
Single cluster found (iteration 5/30)...Increasing angle threshold (+2) and trying again...

Total points: 2
Number of clusters is equal to 0
Points in 
Calling mergeClusters function.
mergeClusters function called.
Single cluster found (iteration 6/30)...Increasing angle threshold (+2) and trying again...

Total points: 2
Number of clusters is equal to 0
Points in 
Calling mergeClusters function.
mergeClusters function called.
Single cluster found (iteration 7/30)...Increasing angle threshold (+2) and trying again...

Total points: 2
Number of clusters is equal to 0
Points in 
Calling mergeClusters function.
mergeClusters function called.
Single cluster found (iteration 8/30)...Increasing angle threshold (+2) and trying again...

Total points: 2
Number of clusters is equal to 0
Points in 
Calling mergeClusters function.
mergeClusters function called.
Single cluster found (iteration 9/30)...Increasing angle threshold (+2) and trying again...

Total points: 2
Number of clusters is equal to 0
Points in 
Calling mergeClusters function.
mergeClusters function called.
Single cluster found (iteration 10/30)...Increasing angle threshold (+2) and trying again...

Total points: 2
Number of clusters is equal to 0
Points in 
Calling mergeClusters function.
mergeClusters function called.
Single cluster found (iteration 11/30)...Increasing angle threshold (+2) and trying again...

Total points: 2
Number of clusters is equal to 0
Points in 
Calling mergeClusters function.
mergeClusters function called.
Single cluster found (iteration 12/30)...Increasing angle threshold (+2) and trying again...

Total points: 2
Number of clusters is equal to 0
Points in 
Calling mergeClusters function.
mergeClusters function called.
Single cluster found (iteration 13/30)...Increasing angle threshold (+2) and trying again...

Total points: 2
Number of clusters is equal to 0
Points in 
Calling mergeClusters function.
mergeClusters function called.
Single cluster found (iteration 14/30)...Increasing angle threshold (+2) and trying again...

Total points: 2
Number of clusters is equal to 0
Points in 
Calling mergeClusters function.
mergeClusters function called.
Single cluster found (iteration 15/30)...Increasing angle threshold (+2) and trying again...

Total points: 2
Number of clusters is equal to 0
Points in 
Calling mergeClusters function.
mergeClusters function called.
Single cluster found (iteration 16/30)...Increasing angle threshold (+2) and trying again...

Total points: 2
Number of clusters is equal to 0
Points in 
Calling mergeClusters function.
mergeClusters function called.
Single cluster found (iteration 17/30)...Increasing angle threshold (+2) and trying again...

Total points: 2
Number of clusters is equal to 0
Points in 
Calling mergeClusters function.
mergeClusters function called.
Single cluster found (iteration 18/30)...Increasing angle threshold (+2) and trying again...

Total points: 2
Number of clusters is equal to 0
Points in 
Calling mergeClusters function.
mergeClusters function called.
Single cluster found (iteration 19/30)...Increasing angle threshold (+2) and trying again...

Total points: 2
Number of clusters is equal to 0
Points in 
Calling mergeClusters function.
mergeClusters function called.
Single cluster found (iteration 20/30)...Increasing angle threshold (+2) and trying again...

Total points: 2
Number of clusters is equal to 0
Points in 
Calling mergeClusters function.
mergeClusters function called.
Single cluster found (iteration 21/30)...Increasing angle threshold (+2) and trying again...

Total points: 2
Number of clusters is equal to 0
Points in 
Calling mergeClusters function.
mergeClusters function called.
Single cluster found (iteration 22/30)...Increasing angle threshold (+2) and trying again...

Total points: 2
Number of clusters is equal to 0
Points in 
Calling mergeClusters function.
mergeClusters function called.
Single cluster found (iteration 23/30)...Increasing angle threshold (+2) and trying again...

Total points: 2
Number of clusters is equal to 0
Points in 
Calling mergeClusters function.
mergeClusters function called.
Single cluster found (iteration 24/30)...Increasing angle threshold (+2) and trying again...

Total points: 2
Number of clusters is equal to 0
Points in 
Calling mergeClusters function.
mergeClusters function called.
Single cluster found (iteration 25/30)...Increasing angle threshold (+2) and trying again...

Total points: 2
Number of clusters is equal to 0
Points in 
Calling mergeClusters function.
mergeClusters function called.
Single cluster found (iteration 26/30)...Increasing angle threshold (+2) and trying again...

Total points: 2
Number of clusters is equal to 0
Points in 
Calling mergeClusters function.
mergeClusters function called.
Single cluster found (iteration 27/30)...Increasing angle threshold (+2) and trying again...

Total points: 2
Number of clusters is equal to 0
Points in 
Calling mergeClusters function.
mergeClusters function called.
Single cluster found (iteration 28/30)...Increasing angle threshold (+2) and trying again...

Total points: 2
Number of clusters is equal to 0
Points in 
Calling mergeClusters function.
mergeClusters function called.
Single cluster found (iteration 29/30)...Increasing angle threshold (+2) and trying again...
Warning: Angle threshold reached minimum (-50). Using single cluster result.
Warning: Could not achieve 2 clusters after 28 iterations. Final cluster count: 0. Proceeding with available clusters.
Ply to XYZ start

Time after processing: 0.066839 seconds
Copied Point file: Pot_A_Piece_40_Point.pcd
Copied Mesh file: Pot_A_Piece_40_Mesh.obj

Selected file: Dataset/Point/Pot_A/Pot_A_Piece_40_Point.pcd
Starting processing on: Dataset/Point/Pot_A/Pot_A_Piece_40_Point.pcd
Starting surface segmentation on: Temp/Data/Pot_A/Pot_A_Piece_40_SampledWithNormals.ply

Total points: 2
Number of clusters is equal to 0
Points in 
Calling mergeClusters function.
mergeClusters function called.
Single cluster found (iteration 2/30)...Increasing angle threshold (+2) and trying again...

Total points: 2
Number of clusters is equal to 0
Points in 
Calling mergeClusters function.
mergeClusters function called.
Single cluster found (iteration 3/30)...Increasing angle threshold (+2) and trying again...

Total points: 2
Number of clusters is equal to 0
Points in 
Calling mergeClusters function.
mergeClusters function called.
Single cluster found (iteration 4/30)...Increasing angle threshold (+2) and trying again...

Total points: 2
Number of clusters is equal to 0
Points in 
Calling mergeClusters function.
mergeClusters function called.
Single cluster found (iteration 5/30)...Increasing angle threshold (+2) and trying again...

Total points: 2
Number of clusters is equal to 0
Points in 
Calling mergeClusters function.
mergeClusters function called.
Single cluster found (iteration 6/30)...Increasing angle threshold (+2) and trying again...

Total points: 2
Number of clusters is equal to 0
Points in 
Calling mergeClusters function.
mergeClusters function called.
Single cluster found (iteration 7/30)...Increasing angle threshold (+2) and trying again...

Total points: 2
Number of clusters is equal to 0
Points in 
Calling mergeClusters function.
mergeClusters function called.
Single cluster found (iteration 8/30)...Increasing angle threshold (+2) and trying again...

Total points: 2
Number of clusters is equal to 0
Points in 
Calling mergeClusters function.
mergeClusters function called.
Single cluster found (iteration 9/30)...Increasing angle threshold (+2) and trying again...

Total points: 2
Number of clusters is equal to 0
Points in 
Calling mergeClusters function.
mergeClusters function called.
Single cluster found (iteration 10/30)...Increasing angle threshold (+2) and trying again...

Total points: 2
Number of clusters is equal to 0
Points in 
Calling mergeClusters function.
mergeClusters function called.
Single cluster found (iteration 11/30)...Increasing angle threshold (+2) and trying again...

Total points: 2
Number of clusters is equal to 0
Points in 
Calling mergeClusters function.
mergeClusters function called.
Single cluster found (iteration 12/30)...Increasing angle threshold (+2) and trying again...

Total points: 2
Number of clusters is equal to 0
Points in 
Calling mergeClusters function.
mergeClusters function called.
Single cluster found (iteration 13/30)...Increasing angle threshold (+2) and trying again...

Total points: 2
Number of clusters is equal to 0
Points in 
Calling mergeClusters function.
mergeClusters function called.
Single cluster found (iteration 14/30)...Increasing angle threshold (+2) and trying again...

Total points: 2
Number of clusters is equal to 0
Points in 
Calling mergeClusters function.
mergeClusters function called.
Single cluster found (iteration 15/30)...Increasing angle threshold (+2) and trying again...

Total points: 2
Number of clusters is equal to 0
Points in 
Calling mergeClusters function.
mergeClusters function called.
Single cluster found (iteration 16/30)...Increasing angle threshold (+2) and trying again...

Total points: 2
Number of clusters is equal to 0
Points in 
Calling mergeClusters function.
mergeClusters function called.
Single cluster found (iteration 17/30)...Increasing angle threshold (+2) and trying again...

Total points: 2
Number of clusters is equal to 0
Points in 
Calling mergeClusters function.
mergeClusters function called.
Single cluster found (iteration 18/30)...Increasing angle threshold (+2) and trying again...

Total points: 2
Number of clusters is equal to 0
Points in 
Calling mergeClusters function.
mergeClusters function called.
Single cluster found (iteration 19/30)...Increasing angle threshold (+2) and trying again...

Total points: 2
Number of clusters is equal to 0
Points in 
Calling mergeClusters function.
mergeClusters function called.
Single cluster found (iteration 20/30)...Increasing angle threshold (+2) and trying again...

Total points: 2
Number of clusters is equal to 0
Points in 
Calling mergeClusters function.
mergeClusters function called.
Single cluster found (iteration 21/30)...Increasing angle threshold (+2) and trying again...

Total points: 2
Number of clusters is equal to 0
Points in 
Calling mergeClusters function.
mergeClusters function called.
Single cluster found (iteration 22/30)...Increasing angle threshold (+2) and trying again...

Total points: 2
Number of clusters is equal to 0
Points in 
Calling mergeClusters function.
mergeClusters function called.
Single cluster found (iteration 23/30)...Increasing angle threshold (+2) and trying again...

Total points: 2
Number of clusters is equal to 0
Points in 
Calling mergeClusters function.
mergeClusters function called.
Single cluster found (iteration 24/30)...Increasing angle threshold (+2) and trying again...

Total points: 2
Number of clusters is equal to 0
Points in 
Calling mergeClusters function.
mergeClusters function called.
Single cluster found (iteration 25/30)...Increasing angle threshold (+2) and trying again...

Total points: 2
Number of clusters is equal to 0
Points in 
Calling mergeClusters function.
mergeClusters function called.
Single cluster found (iteration 26/30)...Increasing angle threshold (+2) and trying again...

Total points: 2
Number of clusters is equal to 0
Points in 
Calling mergeClusters function.
mergeClusters function called.
Single cluster found (iteration 27/30)...Increasing angle threshold (+2) and trying again...

Total points: 2
Number of clusters is equal to 0
Points in 
Calling mergeClusters function.
mergeClusters function called.
Single cluster found (iteration 28/30)...Increasing angle threshold (+2) and trying again...

Total points: 2
Number of clusters is equal to 0
Points in 
Calling mergeClusters function.
mergeClusters function called.
Single cluster found (iteration 29/30)...Increasing angle threshold (+2) and trying again...
Warning: Angle threshold reached minimum (-50). Using single cluster result.
Warning: Could not achieve 2 clusters after 28 iterations. Final cluster count: 0. Proceeding with available clusters.
Ply to XYZ start

Time after processing: 0.06709 seconds
Total time elapsed: 5.49245 seconds
Surface generation finished at: Mon 20 Oct 2025 21:21:36 AEDT
-rw-rw-r-- 1 zhuojiat punim2657 108306 Oct 20 21:21 Temp/Data/Pot_A/Pot_A_Piece_01_Surface_0.xyz
-rw-rw-r-- 1 zhuojiat punim2657 100091 Oct 20 21:21 Temp/Data/Pot_A/Pot_A_Piece_01_Surface_1.xyz
-rw-rw-r-- 1 zhuojiat punim2657 108306 Oct 20 21:21 Temp/Data/Pot_A/Pot_A_Piece_02_Surface_0.xyz
-rw-rw-r-- 1 zhuojiat punim2657 100091 Oct 20 21:21 Temp/Data/Pot_A/Pot_A_Piece_02_Surface_1.xyz
-rw-rw-r-- 1 zhuojiat punim2657 108306 Oct 20 21:21 Temp/Data/Pot_A/Pot_A_Piece_03_Surface_0.xyz
-rw-rw-r-- 1 zhuojiat punim2657 100091 Oct 20 21:21 Temp/Data/Pot_A/Pot_A_Piece_03_Surface_1.xyz
-rw-rw-r-- 1 zhuojiat punim2657 108306 Oct 20 21:21 Temp/Data/Pot_A/Pot_A_Piece_04_Surface_0.xyz
-rw-rw-r-- 1 zhuojiat punim2657 100091 Oct 20 21:21 Temp/Data/Pot_A/Pot_A_Piece_04_Surface_1.xyz
-rw-rw-r-- 1 zhuojiat punim2657 108306 Oct 20 21:21 Temp/Data/Pot_A/Pot_A_Piece_05_Surface_0.xyz
-rw-rw-r-- 1 zhuojiat punim2657 100091 Oct 20 21:21 Temp/Data/Pot_A/Pot_A_Piece_05_Surface_1.xyz
-rw-rw-r-- 1 zhuojiat punim2657 108306 Oct 20 21:21 Temp/Data/Pot_A/Pot_A_Piece_06_Surface_0.xyz
-rw-rw-r-- 1 zhuojiat punim2657 100091 Oct 20 21:21 Temp/Data/Pot_A/Pot_A_Piece_06_Surface_1.xyz
-rw-rw-r-- 1 zhuojiat punim2657 108306 Oct 20 21:21 Temp/Data/Pot_A/Pot_A_Piece_07_Surface_0.xyz
-rw-rw-r-- 1 zhuojiat punim2657 100091 Oct 20 21:21 Temp/Data/Pot_A/Pot_A_Piece_07_Surface_1.xyz
-rw-rw-r-- 1 zhuojiat punim2657 108306 Oct 20 21:21 Temp/Data/Pot_A/Pot_A_Piece_08_Surface_0.xyz
-rw-rw-r-- 1 zhuojiat punim2657 100091 Oct 20 21:21 Temp/Data/Pot_A/Pot_A_Piece_08_Surface_1.xyz
-rw-rw-r-- 1 zhuojiat punim2657 108306 Oct 20 21:21 Temp/Data/Pot_A/Pot_A_Piece_09_Surface_0.xyz
-rw-rw-r-- 1 zhuojiat punim2657 100091 Oct 20 21:21 Temp/Data/Pot_A/Pot_A_Piece_09_Surface_1.xyz
-rw-rw-r-- 1 zhuojiat punim2657 108306 Oct 20 21:21 Temp/Data/Pot_A/Pot_A_Piece_10_Surface_0.xyz
-rw-rw-r-- 1 zhuojiat punim2657 100091 Oct 20 21:21 Temp/Data/Pot_A/Pot_A_Piece_10_Surface_1.xyz
-rw-rw-r-- 1 zhuojiat punim2657 108306 Oct 20 21:21 Temp/Data/Pot_A/Pot_A_Piece_11_Surface_0.xyz
-rw-rw-r-- 1 zhuojiat punim2657 100091 Oct 20 21:21 Temp/Data/Pot_A/Pot_A_Piece_11_Surface_1.xyz
-rw-rw-r-- 1 zhuojiat punim2657 108306 Oct 20 21:21 Temp/Data/Pot_A/Pot_A_Piece_12_Surface_0.xyz
-rw-rw-r-- 1 zhuojiat punim2657 100091 Oct 20 21:21 Temp/Data/Pot_A/Pot_A_Piece_12_Surface_1.xyz
-rw-rw-r-- 1 zhuojiat punim2657 108306 Oct 20 21:21 Temp/Data/Pot_A/Pot_A_Piece_13_Surface_0.xyz
-rw-rw-r-- 1 zhuojiat punim2657 100091 Oct 20 21:21 Temp/Data/Pot_A/Pot_A_Piece_13_Surface_1.xyz
-rw-rw-r-- 1 zhuojiat punim2657 108306 Oct 20 21:21 Temp/Data/Pot_A/Pot_A_Piece_14_Surface_0.xyz
-rw-rw-r-- 1 zhuojiat punim2657 100091 Oct 20 21:21 Temp/Data/Pot_A/Pot_A_Piece_14_Surface_1.xyz
-rw-rw-r-- 1 zhuojiat punim2657 108306 Oct 20 21:21 Temp/Data/Pot_A/Pot_A_Piece_15_Surface_0.xyz
-rw-rw-r-- 1 zhuojiat punim2657 100091 Oct 20 21:21 Temp/Data/Pot_A/Pot_A_Piece_15_Surface_1.xyz
-rw-rw-r-- 1 zhuojiat punim2657 108306 Oct 20 21:21 Temp/Data/Pot_A/Pot_A_Piece_16_Surface_0.xyz
-rw-rw-r-- 1 zhuojiat punim2657 100091 Oct 20 21:21 Temp/Data/Pot_A/Pot_A_Piece_16_Surface_1.xyz
-rw-rw-r-- 1 zhuojiat punim2657 108306 Oct 20 21:21 Temp/Data/Pot_A/Pot_A_Piece_17_Surface_0.xyz
-rw-rw-r-- 1 zhuojiat punim2657 100091 Oct 20 21:21 Temp/Data/Pot_A/Pot_A_Piece_17_Surface_1.xyz
-rw-rw-r-- 1 zhuojiat punim2657 108306 Oct 20 21:21 Temp/Data/Pot_A/Pot_A_Piece_18_Surface_0.xyz
-rw-rw-r-- 1 zhuojiat punim2657 100091 Oct 20 21:21 Temp/Data/Pot_A/Pot_A_Piece_18_Surface_1.xyz
-rw-rw-r-- 1 zhuojiat punim2657 108306 Oct 20 21:21 Temp/Data/Pot_A/Pot_A_Piece_19_Surface_0.xyz
-rw-rw-r-- 1 zhuojiat punim2657 100091 Oct 20 21:21 Temp/Data/Pot_A/Pot_A_Piece_19_Surface_1.xyz
-rw-rw-r-- 1 zhuojiat punim2657 108306 Oct 20 21:21 Temp/Data/Pot_A/Pot_A_Piece_20_Surface_0.xyz
-rw-rw-r-- 1 zhuojiat punim2657 100091 Oct 20 21:21 Temp/Data/Pot_A/Pot_A_Piece_20_Surface_1.xyz
-rw-rw-r-- 1 zhuojiat punim2657 108306 Oct 20 21:21 Temp/Data/Pot_A/Pot_A_Piece_21_Surface_0.xyz
-rw-rw-r-- 1 zhuojiat punim2657 100091 Oct 20 21:21 Temp/Data/Pot_A/Pot_A_Piece_21_Surface_1.xyz
-rw-rw-r-- 1 zhuojiat punim2657 108306 Oct 20 21:21 Temp/Data/Pot_A/Pot_A_Piece_22_Surface_0.xyz
-rw-rw-r-- 1 zhuojiat punim2657 100091 Oct 20 21:21 Temp/Data/Pot_A/Pot_A_Piece_22_Surface_1.xyz
-rw-rw-r-- 1 zhuojiat punim2657 108306 Oct 20 21:21 Temp/Data/Pot_A/Pot_A_Piece_23_Surface_0.xyz
-rw-rw-r-- 1 zhuojiat punim2657 100091 Oct 20 21:21 Temp/Data/Pot_A/Pot_A_Piece_23_Surface_1.xyz
-rw-rw-r-- 1 zhuojiat punim2657 108306 Oct 20 21:21 Temp/Data/Pot_A/Pot_A_Piece_24_Surface_0.xyz
-rw-rw-r-- 1 zhuojiat punim2657 100091 Oct 20 21:21 Temp/Data/Pot_A/Pot_A_Piece_24_Surface_1.xyz
-rw-rw-r-- 1 zhuojiat punim2657 108306 Oct 20 21:21 Temp/Data/Pot_A/Pot_A_Piece_25_Surface_0.xyz
-rw-rw-r-- 1 zhuojiat punim2657 100091 Oct 20 21:21 Temp/Data/Pot_A/Pot_A_Piece_25_Surface_1.xyz
-rw-rw-r-- 1 zhuojiat punim2657 108306 Oct 20 21:21 Temp/Data/Pot_A/Pot_A_Piece_26_Surface_0.xyz
-rw-rw-r-- 1 zhuojiat punim2657 100091 Oct 20 21:21 Temp/Data/Pot_A/Pot_A_Piece_26_Surface_1.xyz
-rw-rw-r-- 1 zhuojiat punim2657 108306 Oct 20 21:21 Temp/Data/Pot_A/Pot_A_Piece_27_Surface_0.xyz
-rw-rw-r-- 1 zhuojiat punim2657 100091 Oct 20 21:21 Temp/Data/Pot_A/Pot_A_Piece_27_Surface_1.xyz
-rw-rw-r-- 1 zhuojiat punim2657 108306 Oct 20 21:21 Temp/Data/Pot_A/Pot_A_Piece_28_Surface_0.xyz
-rw-rw-r-- 1 zhuojiat punim2657 100091 Oct 20 21:21 Temp/Data/Pot_A/Pot_A_Piece_28_Surface_1.xyz
-rw-rw-r-- 1 zhuojiat punim2657 108306 Oct 20 21:21 Temp/Data/Pot_A/Pot_A_Piece_29_Surface_0.xyz
-rw-rw-r-- 1 zhuojiat punim2657 100091 Oct 20 21:21 Temp/Data/Pot_A/Pot_A_Piece_29_Surface_1.xyz
-rw-rw-r-- 1 zhuojiat punim2657 108306 Oct 20 21:21 Temp/Data/Pot_A/Pot_A_Piece_30_Surface_0.xyz
-rw-rw-r-- 1 zhuojiat punim2657 100091 Oct 20 21:21 Temp/Data/Pot_A/Pot_A_Piece_30_Surface_1.xyz
-rw-rw-r-- 1 zhuojiat punim2657 108306 Oct 20 21:21 Temp/Data/Pot_A/Pot_A_Piece_31_Surface_0.xyz
-rw-rw-r-- 1 zhuojiat punim2657 100091 Oct 20 21:21 Temp/Data/Pot_A/Pot_A_Piece_31_Surface_1.xyz
-rw-rw-r-- 1 zhuojiat punim2657 108306 Oct 20 21:21 Temp/Data/Pot_A/Pot_A_Piece_32_Surface_0.xyz
-rw-rw-r-- 1 zhuojiat punim2657 100091 Oct 20 21:21 Temp/Data/Pot_A/Pot_A_Piece_32_Surface_1.xyz
-rw-rw-r-- 1 zhuojiat punim2657 108306 Oct 20 21:21 Temp/Data/Pot_A/Pot_A_Piece_33_Surface_0.xyz
-rw-rw-r-- 1 zhuojiat punim2657 100091 Oct 20 21:21 Temp/Data/Pot_A/Pot_A_Piece_33_Surface_1.xyz
-rw-rw-r-- 1 zhuojiat punim2657 108306 Oct 20 21:21 Temp/Data/Pot_A/Pot_A_Piece_34_Surface_0.xyz
-rw-rw-r-- 1 zhuojiat punim2657 100091 Oct 20 21:21 Temp/Data/Pot_A/Pot_A_Piece_34_Surface_1.xyz
-rw-rw-r-- 1 zhuojiat punim2657 108306 Oct 20 21:21 Temp/Data/Pot_A/Pot_A_Piece_35_Surface_0.xyz
-rw-rw-r-- 1 zhuojiat punim2657 100091 Oct 20 21:21 Temp/Data/Pot_A/Pot_A_Piece_35_Surface_1.xyz
-rw-rw-r-- 1 zhuojiat punim2657 108306 Oct 20 21:21 Temp/Data/Pot_A/Pot_A_Piece_36_Surface_0.xyz
-rw-rw-r-- 1 zhuojiat punim2657 100091 Oct 20 21:21 Temp/Data/Pot_A/Pot_A_Piece_36_Surface_1.xyz
-rw-rw-r-- 1 zhuojiat punim2657 108306 Oct 20 21:21 Temp/Data/Pot_A/Pot_A_Piece_37_Surface_0.xyz
-rw-rw-r-- 1 zhuojiat punim2657 100091 Oct 20 21:21 Temp/Data/Pot_A/Pot_A_Piece_37_Surface_1.xyz
-rw-rw-r-- 1 zhuojiat punim2657 108306 Oct 20 21:21 Temp/Data/Pot_A/Pot_A_Piece_38_Surface_0.xyz
-rw-rw-r-- 1 zhuojiat punim2657 100091 Oct 20 21:21 Temp/Data/Pot_A/Pot_A_Piece_38_Surface_1.xyz
-rw-rw-r-- 1 zhuojiat punim2657 108306 Oct 20 21:21 Temp/Data/Pot_A/Pot_A_Piece_39_Surface_0.xyz
-rw-rw-r-- 1 zhuojiat punim2657 100091 Oct 20 21:21 Temp/Data/Pot_A/Pot_A_Piece_39_Surface_1.xyz
-rw-rw-r-- 1 zhuojiat punim2657 108306 Oct 20 21:21 Temp/Data/Pot_A/Pot_A_Piece_40_Surface_0.xyz
-rw-rw-r-- 1 zhuojiat punim2657 100091 Oct 20 21:21 Temp/Data/Pot_A/Pot_A_Piece_40_Surface_1.xyz
=== Step 3: Prepare surfaces for MATLAB axis extraction ===
=== Step 4: MATLAB PotSAC Axis Extraction ===
Opening log file:  /home/zhuojiat/java.log.41813
=== Dynamic NURBS Axis Extraction ===
Surface dir: /data/gpfs/projects/punim2657/sfs_preprocessing/Temp/Data/Pot_A

--- Processing Pot_A_Piece_01 ---
[iter][eval] cost actual_cost_change |grad| |TR| MQ
[0000][0000] 1.380406e+04 0.000e+00 1.98e+04 1.00e+01 1.00e+00
[0001][0001] 8.477593e+03 5.326e+03 1.98e+04 1.00e+01 1.45e+00
[0002][0002] 7.590789e+03 8.868e+02 2.42e+03 3.00e+01 1.50e+00
[0003][0003] 7.450468e+03 1.403e+02 4.27e+03 9.00e+01 1.42e+00
[0004][0004] 7.433696e+03 1.677e+01 2.26e+03 2.70e+02 1.30e+00
[0005][0005] 7.432141e+03 1.555e+00 8.85e+02 8.10e+02 1.35e+00
[iter][eval] cost actual_cost_change |grad| |TR| MQ
[0000][0000] 1.295966e+04 0.000e+00 3.52e+04 1.00e+01 1.00e+00
[0001][0001] 8.452965e+03 4.507e+03 3.52e+04 1.00e+01 1.49e+00
[0002][0002] 7.598307e+03 8.547e+02 3.62e+03 3.00e+01 1.54e+00
[0003][0003] 7.451482e+03 1.468e+02 2.01e+03 9.00e+01 1.45e+00
[0004][0004] 7.433367e+03 1.811e+01 1.39e+03 2.70e+02 1.29e+00
[0005][0005] 7.432036e+03 1.332e+00 5.10e+02 8.10e+02 1.27e+00
[iter][eval] cost actual_cost_change |grad| |TR| MQ
[0000][0000] 1.026509e+04 0.000e+00 5.53e+04 1.00e+01 1.00e+00
[0001][0001] 7.966771e+03 2.298e+03 5.53e+04 1.00e+01 1.39e+00
[0002][0002] 7.523732e+03 4.430e+02 1.88e+04 3.00e+01 1.39e+00
[0003][0003] 7.447293e+03 7.644e+01 6.76e+03 9.00e+01 1.38e+00
[0004][0004] 7.432664e+03 1.463e+01 2.88e+03 2.70e+02 1.32e+00
[0005][0005] 7.430700e+03 1.964e+00 1.23e+03 8.10e+02 1.42e+00
[iter][eval] cost actual_cost_change |grad| |TR| MQ
[0000][0000] 1.298549e+04 0.000e+00 1.36e+05 1.00e+01 1.00e+00
[0001][0001] 8.325733e+03 4.660e+03 1.36e+05 1.00e+01 1.43e+00
[0002][0002] 7.559225e+03 7.665e+02 1.25e+04 3.00e+01 1.51e+00
[0003][0003] 7.445353e+03 1.139e+02 6.83e+03 9.00e+01 1.39e+00
[0004][0004] 7.433132e+03 1.222e+01 4.49e+03 2.70e+02 1.28e+00
[0005][0005] 7.432039e+03 1.093e+00 2.00e+03 8.10e+02 1.35e+00
[iter][eval] cost actual_cost_change |grad| |TR| MQ
[0000][0000] 1.450087e+04 0.000e+00 1.25e+05 1.00e+01 1.00e+00
[0001][0001] 9.347606e+03 5.153e+03 1.25e+05 1.00e+01 1.46e+00
[0002][0002] 8.013388e+03 1.334e+03 3.59e+04 3.00e+01 1.64e+00
[0003][0003] 7.551346e+03 4.620e+02 8.25e+03 9.00e+01 1.66e+00
[0004][0004] 7.448882e+03 1.025e+02 1.52e+03 2.70e+02 1.51e+00
[0005][0005] 7.433573e+03 1.531e+01 1.06e+03 8.10e+02 1.34e+00
[0006][0006] 7.432113e+03 1.460e+00 6.88e+02 2.43e+03 1.33e+00
[iter][eval] cost actual_cost_change |grad| |TR| MQ
[0000][0000] 1.540575e+04 0.000e+00 1.07e+05 1.00e+01 1.00e+00
[0001][0001] 9.437339e+03 5.968e+03 1.07e+05 1.00e+01 1.46e+00
[0002][0002] 7.903663e+03 1.534e+03 3.32e+04 3.00e+01 1.56e+00
[0003][0003] 7.512020e+03 3.916e+02 4.82e+03 9.00e+01 1.60e+00
[0004][0004] 7.440421e+03 7.160e+01 8.98e+02 2.70e+02 1.44e+00
[0005][0005] 7.432365e+03 8.056e+00 8.97e+02 8.10e+02 1.26e+00
[0006][0006] 7.431898e+03 4.663e-01 5.00e+02 2.43e+03 1.25e+00
[iter][eval] cost actual_cost_change |grad| |TR| MQ
[0000][0000] 1.387968e+04 0.000e+00 1.28e+04 1.00e+01 1.00e+00
[0001][0001] 8.475702e+03 5.404e+03 1.28e+04 1.00e+01 1.46e+00
[0002][0002] 7.576966e+03 8.987e+02 1.23e+04 3.00e+01 1.43e+00
[0003][0003] 7.451817e+03 1.251e+02 8.51e+03 9.00e+01 1.38e+00
[0004][0004] 7.435126e+03 1.669e+01 4.45e+03 2.70e+02 1.36e+00
[0005][0005] 7.432471e+03 2.655e+00 2.01e+03 8.10e+02 1.44e+00
[iter][eval] cost actual_cost_change |grad| |TR| MQ
[0000][0000] 1.641051e+04 0.000e+00 2.82e+05 1.00e+01 1.00e+00
[0001][0001] 1.148342e+04 4.927e+03 2.82e+05 1.00e+01 1.35e+00
[0002][0002] 9.736908e+03 1.747e+03 9.88e+04 3.00e+01 1.41e+00
[0003][0003] 8.605114e+03 1.132e+03 4.95e+04 9.00e+01 1.59e+00
[0004][0004] 7.846527e+03 7.586e+02 1.99e+04 2.70e+02 1.75e+00
[0005][0005] 7.522582e+03 3.239e+02 4.89e+03 8.10e+02 1.68e+00
[0006][0006] 7.445698e+03 7.688e+01 2.17e+03 2.43e+03 1.51e+00
[0007][0007] 7.433618e+03 1.208e+01 1.55e+03 7.29e+03 1.37e+00
[0008][0008] 7.432159e+03 1.459e+00 9.27e+02 2.19e+04 1.40e+00
[iter][eval] cost actual_cost_change |grad| |TR| MQ
[0000][0000] 1.761347e+04 0.000e+00 2.06e+05 1.00e+01 1.00e+00
[0001][0001] 1.087945e+04 6.734e+03 2.06e+05 1.00e+01 1.36e+00
[0002][0002] 8.634381e+03 2.245e+03 1.26e+05 3.00e+01 1.42e+00
[0003][0003] 7.690131e+03 9.442e+02 3.40e+04 9.00e+01 1.58e+00
[0004][0004] 7.472281e+03 2.179e+02 3.18e+03 2.70e+02 1.58e+00
[0005][0005] 7.435609e+03 3.667e+01 1.18e+03 8.10e+02 1.38e+00
[0006][0006] 7.432111e+03 3.497e+00 9.88e+02 2.43e+03 1.25e+00
[iter][eval] cost actual_cost_change |grad| |TR| MQ
[0000][0000] 1.109251e+04 0.000e+00 7.05e+04 1.00e+01 1.00e+00
[0001][0001] 9.614338e+03 1.478e+03 7.05e+04 1.00e+01 1.18e+00
[0002][0002] 9.542967e+03 7.137e+01 1.86e+04 3.00e+01 1.29e+00
[0003][0003] 9.530868e+03 1.210e+01 4.57e+03 9.00e+01 1.53e+00
[0004][0004] 9.525942e+03 4.927e+00 1.28e+03 2.70e+02 1.73e+00
[iter][eval] cost actual_cost_change |grad| |TR| MQ
[0000][0000] 8.007728e+04 0.000e+00 7.42e+04 1.00e+01 1.00e+00
[0001][0001] 7.937138e+04 7.059e+02 7.42e+04 1.00e+01 1.34e+00
[0002][0002] 7.925049e+04 1.209e+02 2.32e+04 3.00e+01 1.41e+00
[0003][0003] 7.922898e+04 2.151e+01 6.99e+03 9.00e+01 1.43e+00
[0004][0004] 7.922487e+04 4.112e+00 1.83e+03 2.70e+02 1.45e+00
[0005][0005] 7.922402e+04 8.500e-01 7.58e+02 8.10e+02 1.46e+00
[0006][0006] 7.922384e+04 1.837e-01 5.45e+02 2.43e+03 1.47e+00
[0007][0007] 7.922380e+04 4.077e-02 3.58e+02 7.29e+03 1.48e+00
[0008][0008] 7.922379e+04 9.242e-03 2.11e+02 2.19e+04 1.48e+00
[0009][0009] 7.922378e+04 2.105e-03 1.15e+02 6.56e+04 1.48e+00
[0010][0010] 7.922378e+04 4.830e-04 6.06e+01 1.97e+05 1.48e+00
[0011][0011] 7.922378e+04 1.114e-04 3.11e+01 5.90e+05 1.48e+00
[0012][0012] 7.922378e+04 2.580e-05 1.57e+01 1.77e+06 1.48e+00
  ✅ Saved axis: NURBS_Output/Axes/Pot_A_Piece_01_Axis.xyz

--- Processing Pot_A_Piece_02 ---
[iter][eval] cost actual_cost_change |grad| |TR| MQ
[0000][0000] 1.224464e+04 0.000e+00 4.99e+04 1.00e+01 1.00e+00
[0001][0001] 8.277607e+03 3.967e+03 4.99e+04 1.00e+01 1.46e+00
[0002][0002] 7.569706e+03 7.079e+02 4.17e+03 3.00e+01 1.54e+00
[0003][0003] 7.448595e+03 1.211e+02 2.90e+03 9.00e+01 1.44e+00
[0004][0004] 7.433450e+03 1.515e+01 1.64e+03 2.70e+02 1.31e+00
[0005][0005] 7.432109e+03 1.340e+00 5.49e+02 8.10e+02 1.35e+00
[iter][eval] cost actual_cost_change |grad| |TR| MQ
[0000][0000] 1.077246e+04 0.000e+00 5.94e+04 1.00e+01 1.00e+00
[0001][0001] 8.144356e+03 2.628e+03 5.94e+04 1.00e+01 1.37e+00
[0002][0002] 7.569774e+03 5.746e+02 2.65e+04 3.00e+01 1.36e+00
[0003][0003] 7.460260e+03 1.095e+02 1.26e+04 9.00e+01 1.43e+00
[0004][0004] 7.436930e+03 2.333e+01 6.50e+03 2.70e+02 1.44e+00
[0005][0005] 7.432110e+03 4.820e+00 3.10e+03 8.10e+02 1.44e+00
[iter][eval] cost actual_cost_change |grad| |TR| MQ
[0000][0000] 1.627358e+04 0.000e+00 3.93e+05 1.00e+01 1.00e+00
[0001][0001] 1.142912e+04 4.844e+03 3.93e+05 1.00e+01 1.30e+00
[0002][0002] 9.660203e+03 1.769e+03 1.07e+05 3.00e+01 1.34e+00
[0003][0003] 8.524424e+03 1.136e+03 4.61e+04 9.00e+01 1.54e+00
[0004][0004] 7.791426e+03 7.330e+02 1.71e+04 2.70e+02 1.73e+00
[0005][0005] 7.506358e+03 2.851e+02 3.93e+03 8.10e+02 1.66e+00
[0006][0006] 7.442482e+03 6.388e+01 1.93e+03 2.43e+03 1.48e+00
[0007][0007] 7.433161e+03 9.322e+00 1.43e+03 7.29e+03 1.35e+00
[0008][0008] 7.432075e+03 1.085e+00 8.45e+02 2.19e+04 1.40e+00
[iter][eval] cost actual_cost_change |grad| |TR| MQ
[0000][0000] 1.592106e+04 0.000e+00 2.41e+05 1.00e+01 1.00e+00
[0001][0001] 9.271171e+03 6.650e+03 2.41e+05 1.00e+01 1.46e+00
[0002][0002] 7.723848e+03 1.547e+03 4.38e+04 3.00e+01 1.52e+00
[0003][0003] 7.466555e+03 2.573e+02 3.00e+03 9.00e+01 1.47e+00
[0004][0004] 7.434515e+03 3.204e+01 4.58e+03 2.70e+02 1.31e+00
[0005][0005] 7.432086e+03 2.429e+00 2.26e+03 8.10e+02 1.23e+00
[iter][eval] cost actual_cost_change |grad| |TR| MQ
[0000][0000] 1.627032e+04 0.000e+00 2.57e+05 1.00e+01 1.00e+00
[0001][0001] 1.134798e+04 4.922e+03 2.57e+05 1.00e+01 1.38e+00
[0002][0002] 1.094471e+04 4.033e+02 1.07e+05 3.00e+01 2.63e-01
[0003][0003] 9.888564e+03 1.056e+03 4.60e+04 2.71e+01 1.03e+00
[0004][0004] 9.582108e+03 3.065e+02 1.31e+04 8.14e+01 1.24e+00
[0005][0005] 9.532876e+03 4.923e+01 1.35e+04 2.44e+02 1.06e+00
[0006][0006] 9.526726e+03 6.150e+00 9.68e+02 7.32e+02 1.60e+00
[iter][eval] cost actual_cost_change |grad| |TR| MQ
[0000][0000] 1.093239e+04 0.000e+00 1.35e+05 1.00e+01 1.00e+00
[0001][0001] 8.640872e+03 2.292e+03 1.35e+05 1.00e+01 1.48e+00
[0002][0002] 7.785993e+03 8.549e+02 3.16e+04 3.00e+01 1.65e+00
[0003][0003] 7.500424e+03 2.856e+02 3.80e+03 9.00e+01 1.63e+00
[0004][0004] 7.440612e+03 5.981e+01 2.16e+03 2.70e+02 1.46e+00
[0005][0005] 7.432773e+03 7.839e+00 1.70e+03 8.10e+02 1.32e+00
[0006][0006] 7.431995e+03 7.779e-01 9.20e+02 2.43e+03 1.38e+00
[iter][eval] cost actual_cost_change |grad| |TR| MQ
[0000][0000] 1.844342e+04 0.000e+00 4.10e+05 1.00e+01 1.00e+00
[0001][0001] 1.424115e+04 4.202e+03 4.10e+05 1.00e+01 1.37e+00
[0002][0002] 1.344187e+04 7.993e+02 1.57e+05 3.00e+01 1.43e+00
[0003][0003] 1.299041e+04 4.515e+02 7.58e+04 9.00e+01 1.53e+00
[0004][0004] 1.237716e+04 6.133e+02 3.85e+04 2.70e+02 1.81e+00
[0005][0005] 1.120308e+04 1.174e+03 1.54e+04 8.10e+02 1.56e+00
[0006][0006] 9.747093e+03 1.456e+03 2.21e+04 2.43e+03 1.44e+00
[0007][0007] 8.641669e+03 1.105e+03 1.88e+04 7.29e+03 1.60e+00
[0008][0008] 7.886085e+03 7.556e+02 1.28e+04 2.19e+04 1.79e+00
[0009][0009] 7.539803e+03 3.463e+02 4.63e+03 6.56e+04 1.70e+00
[0010][0010] 7.449889e+03 8.991e+01 2.86e+03 1.97e+05 1.53e+00
[0011][0011] 7.434413e+03 1.548e+01 1.96e+03 5.90e+05 1.40e+00
[0012][0012] 7.432319e+03 2.093e+00 1.14e+03 1.77e+06 1.41e+00
[iter][eval] cost actual_cost_change |grad| |TR| MQ
[0000][0000] 1.201782e+04 0.000e+00 2.11e+05 1.00e+01 1.00e+00
[0001][0001] 1.005932e+04 1.958e+03 2.11e+05 1.00e+01 1.44e+00
[0002][0002] 9.687914e+03 3.714e+02 8.64e+04 3.00e+01 1.65e+00
[0003][0003] 9.581686e+03 1.062e+02 3.81e+04 9.00e+01 1.41e+00
[0004][0004] 9.550407e+03 3.128e+01 1.53e+04 2.70e+02 1.65e+00
[0005][0005] 9.535845e+03 1.456e+01 6.51e+03 8.10e+02 1.73e+00
[0006][0006] 9.528524e+03 7.321e+00 3.40e+03 2.43e+03 1.73e+00
[iter][eval] cost actual_cost_change |grad| |TR| MQ
[0000][0000] 1.077340e+04 0.000e+00 1.55e+05 1.00e+01 1.00e+00
[0001][0001] 8.127635e+03 2.646e+03 1.55e+05 1.00e+01 1.32e+00
[0002][0002] 7.565092e+03 5.625e+02 5.78e+04 3.00e+01 1.36e+00
[0003][0003] 7.461283e+03 1.038e+02 2.16e+04 9.00e+01 1.45e+00
[0004][0004] 7.437363e+03 2.392e+01 9.60e+03 2.70e+02 1.45e+00
[0005][0005] 7.432227e+03 5.136e+00 4.25e+03 8.10e+02 1.45e+00
[iter][eval] cost actual_cost_change |grad| |TR| MQ
[0000][0000] 1.568130e+04 0.000e+00 1.55e+05 1.00e+01 1.00e+00
[0001][0001] 9.151055e+03 6.530e+03 1.55e+05 1.00e+01 1.49e+00
[0002][0002] 7.718702e+03 1.432e+03 2.40e+04 3.00e+01 1.51e+00
[0003][0003] 7.467063e+03 2.516e+02 4.61e+03 9.00e+01 1.46e+00
[0004][0004] 7.434866e+03 3.220e+01 4.31e+03 2.70e+02 1.32e+00
[0005][0005] 7.432189e+03 2.677e+00 1.88e+03 8.10e+02 1.27e+00
[iter][eval] cost actual_cost_change |grad| |TR| MQ
[0000][0000] 8.010805e+04 0.000e+00 7.25e+04 1.00e+01 1.00e+00
[0001][0001] 7.937848e+04 7.296e+02 7.25e+04 1.00e+01 1.34e+00
[0002][0002] 7.925199e+04 1.265e+02 2.27e+04 3.00e+01 1.42e+00
[0003][0003] 7.922931e+04 2.268e+01 6.83e+03 9.00e+01 1.43e+00
[0004][0004] 7.922494e+04 4.365e+00 1.82e+03 2.70e+02 1.45e+00
[0005][0005] 7.922404e+04 9.074e-01 8.19e+02 8.10e+02 1.46e+00
[0006][0006] 7.922384e+04 1.970e-01 5.87e+02 2.43e+03 1.47e+00
[0007][0007] 7.922380e+04 4.386e-02 3.81e+02 7.29e+03 1.48e+00
[0008][0008] 7.922379e+04 9.967e-03 2.23e+02 2.19e+04 1.48e+00
[0009][0009] 7.922378e+04 2.274e-03 1.21e+02 6.56e+04 1.48e+00
[0010][0010] 7.922378e+04 5.222e-04 6.35e+01 1.97e+05 1.48e+00
[0011][0011] 7.922378e+04 1.206e-04 3.25e+01 5.90e+05 1.48e+00
[0012][0012] 7.922378e+04 2.792e-05 1.64e+01 1.77e+06 1.48e+00
  ✅ Saved axis: NURBS_Output/Axes/Pot_A_Piece_02_Axis.xyz

--- Processing Pot_A_Piece_03 ---
[iter][eval] cost actual_cost_change |grad| |TR| MQ
[0000][0000] 1.309442e+04 0.000e+00 1.48e+05 1.00e+01 1.00e+00
[0001][0001] 8.828242e+03 4.266e+03 1.48e+05 1.00e+01 1.45e+00
[0002][0002] 7.785502e+03 1.043e+03 3.43e+04 3.00e+01 1.64e+00
[0003][0003] 7.489952e+03 2.956e+02 4.15e+03 9.00e+01 1.59e+00
[0004][0004] 7.437956e+03 5.200e+01 4.02e+02 2.70e+02 1.42e+00
[0005][0005] 7.432326e+03 5.630e+00 4.26e+02 8.10e+02 1.27e+00
[iter][eval] cost actual_cost_change |grad| |TR| MQ
[0000][0000] 1.138752e+04 0.000e+00 7.04e+04 1.00e+01 1.00e+00
[0001][0001] 8.435316e+03 2.952e+03 7.04e+04 1.00e+01 1.49e+00
[0002][0002] 7.649710e+03 7.856e+02 1.80e+04 3.00e+01 1.63e+00
[0003][0003] 7.463496e+03 1.862e+02 1.28e+03 9.00e+01 1.54e+00
[0004][0004] 7.434522e+03 2.897e+01 5.64e+02 2.70e+02 1.36e+00
[0005][0005] 7.432070e+03 2.452e+00 4.14e+02 8.10e+02 1.24e+00
[iter][eval] cost actual_cost_change |grad| |TR| MQ
[0000][0000] 1.459944e+04 0.000e+00 2.52e+05 1.00e+01 1.00e+00
[0001][0001] 9.954086e+03 4.645e+03 2.52e+05 1.00e+01 1.37e+00
[0002][0002] 8.505396e+03 1.449e+03 5.96e+04 3.00e+01 1.47e+00
[0003][0003] 7.744155e+03 7.612e+02 1.97e+04 9.00e+01 1.68e+00
[0004][0004] 7.489716e+03 2.544e+02 3.50e+03 2.70e+02 1.62e+00
[0005][0005] 7.438840e+03 5.088e+01 1.27e+03 8.10e+02 1.44e+00
[0006][0006] 7.432563e+03 6.278e+00 1.03e+03 2.43e+03 1.31e+00
[iter][eval] cost actual_cost_change |grad| |TR| MQ
[0000][0000] 9.412611e+03 0.000e+00 8.97e+04 1.00e+01 1.00e+00
[0001][0001] 8.303288e+03 1.109e+03 8.97e+04 1.00e+01 1.39e+00
[0002][0002] 7.679816e+03 6.235e+02 1.81e+04 3.00e+01 1.65e+00
[0003][0003] 7.477632e+03 2.022e+02 2.27e+03 9.00e+01 1.61e+00
[0004][0004] 7.437607e+03 4.002e+01 2.04e+03 2.70e+02 1.43e+00
[0005][0005] 7.432570e+03 5.037e+00 1.51e+03 8.10e+02 1.33e+00
[iter][eval] cost actual_cost_change |grad| |TR| MQ
[0000][0000] 1.023003e+04 0.000e+00 3.12e+04 1.00e+01 1.00e+00
[0001][0001] 7.877697e+03 2.352e+03 3.12e+04 1.00e+01 1.40e+00
[0002][0002] 7.501509e+03 3.762e+02 1.39e+04 3.00e+01 1.39e+00
[0003][0003] 7.444122e+03 5.739e+01 7.11e+03 9.00e+01 1.38e+00
[0004][0004] 7.434302e+03 9.820e+00 3.29e+03 2.70e+02 1.43e+00
[0005][0005] 7.432307e+03 1.995e+00 1.50e+03 8.10e+02 1.44e+00
[iter][eval] cost actual_cost_change |grad| |TR| MQ
[0000][0000] 1.214142e+04 0.000e+00 1.37e+05 1.00e+01 1.00e+00
[0001][0001] 8.870702e+03 3.271e+03 1.37e+05 1.00e+01 1.31e+00
[0002][0002] 7.841048e+03 1.030e+03 4.90e+04 3.00e+01 1.26e+00
[0003][0003] 7.516464e+03 3.246e+02 1.89e+04 9.00e+01 1.27e+00
[0004][0004] 7.447835e+03 6.863e+01 8.84e+03 2.70e+02 1.38e+00
[0005][0005] 7.434265e+03 1.357e+01 4.42e+03 8.10e+02 1.43e+00
[0006][0006] 7.431557e+03 2.708e+00 2.05e+03 2.43e+03 1.44e+00
[iter][eval] cost actual_cost_change |grad| |TR| MQ
[0000][0000] 1.535874e+04 0.000e+00 1.59e+05 1.00e+01 1.00e+00
[0001][0001] 1.012407e+04 5.235e+03 1.59e+05 1.00e+01 1.37e+00
[0002][0002] 8.381782e+03 1.742e+03 6.44e+04 3.00e+01 1.45e+00
[0003][0003] 7.645071e+03 7.367e+02 1.65e+04 9.00e+01 1.64e+00
[0004][0004] 7.464576e+03 1.805e+02 2.04e+03 2.70e+02 1.57e+00
[0005][0005] 7.434835e+03 2.974e+01 1.09e+03 8.10e+02 1.37e+00
[0006][0006] 7.432093e+03 2.741e+00 8.63e+02 2.43e+03 1.25e+00
[iter][eval] cost actual_cost_change |grad| |TR| MQ
[0000][0000] 9.036681e+03 0.000e+00 4.55e+04 1.00e+01 1.00e+00
[0001][0001] 7.700001e+03 1.337e+03 4.55e+04 1.00e+01 1.38e+00
[0002][0002] 7.473159e+03 2.268e+02 1.28e+04 3.00e+01 1.37e+00
[0003][0003] 7.439320e+03 3.384e+01 4.01e+03 9.00e+01 1.39e+00
[0004][0004] 7.433289e+03 6.031e+00 1.72e+03 2.70e+02 1.44e+00
[iter][eval] cost actual_cost_change |grad| |TR| MQ
[0000][0000] 1.734781e+04 0.000e+00 2.40e+05 1.00e+01 1.00e+00
[0001][0001] 1.080691e+04 6.541e+03 2.40e+05 1.00e+01 1.41e+00
[0002][0002] 9.805736e+03 1.001e+03 9.56e+04 3.00e+01 1.52e+00
[0003][0003] 9.587724e+03 2.180e+02 4.38e+04 9.00e+01 1.39e+00
[0004][0004] 9.538350e+03 4.937e+01 1.90e+04 2.70e+02 1.71e+00
[0005][0005] 9.524420e+03 1.393e+01 1.14e+04 8.10e+02 1.10e+00
[0006][0006] 9.522663e+03 1.757e+00 1.67e+03 2.43e+03 1.38e+00
[iter][eval] cost actual_cost_change |grad| |TR| MQ
[0000][0000] 1.362103e+04 0.000e+00 1.71e+05 1.00e+01 1.00e+00
[0001][0001] 1.015847e+04 3.463e+03 1.71e+05 1.00e+01 1.36e+00
[0002][0002] 9.668713e+03 4.898e+02 6.39e+04 3.00e+01 1.48e+00
[0003][0003] 9.555357e+03 1.134e+02 2.92e+04 9.00e+01 1.54e+00
[0004][0004] 9.523302e+03 3.205e+01 1.63e+04 2.70e+02 1.46e+00
[0005][0005] 9.520955e+03 2.348e+00 5.26e+03 8.10e+02 1.16e+00
[iter][eval] cost actual_cost_change |grad| |TR| MQ
[0000][0000] 8.013440e+04 0.000e+00 6.63e+04 1.00e+01 1.00e+00
[0001][0001] 7.938706e+04 7.473e+02 6.63e+04 1.00e+01 1.36e+00
[0002][0002] 7.925408e+04 1.330e+02 2.13e+04 3.00e+01 1.42e+00
[0003][0003] 7.922981e+04 2.428e+01 6.43e+03 9.00e+01 1.44e+00
[0004][0004] 7.922506e+04 4.742e+00 1.83e+03 2.70e+02 1.46e+00
[0005][0005] 7.922407e+04 9.977e-01 9.57e+02 8.10e+02 1.47e+00
[0006][0006] 7.922385e+04 2.188e-01 6.71e+02 2.43e+03 1.47e+00
[0007][0007] 7.922380e+04 4.901e-02 4.23e+02 7.29e+03 1.48e+00
[0008][0008] 7.922379e+04 1.119e-02 2.44e+02 2.19e+04 1.48e+00
[0009][0009] 7.922378e+04 2.563e-03 1.31e+02 6.56e+04 1.48e+00
[0010][0010] 7.922378e+04 5.897e-04 6.85e+01 1.97e+05 1.48e+00
[0011][0011] 7.922378e+04 1.363e-04 3.49e+01 5.90e+05 1.48e+00
[0012][0012] 7.922378e+04 3.160e-05 1.76e+01 1.77e+06 1.48e+00
  ✅ Saved axis: NURBS_Output/Axes/Pot_A_Piece_03_Axis.xyz

--- Processing Pot_A_Piece_04 ---
[iter][eval] cost actual_cost_change |grad| |TR| MQ
[0000][0000] 1.397778e+04 0.000e+00 7.82e+03 1.00e+01 1.00e+00
[0001][0001] 8.518989e+03 5.459e+03 7.82e+03 1.00e+01 1.45e+00
[0002][0002] 7.596559e+03 9.224e+02 4.55e+03 3.00e+01 1.49e+00
[0003][0003] 7.451438e+03 1.451e+02 4.44e+03 9.00e+01 1.41e+00
[0004][0004] 7.433926e+03 1.751e+01 2.31e+03 2.70e+02 1.30e+00
[0005][0005] 7.432189e+03 1.737e+00 9.07e+02 8.10e+02 1.36e+00
[iter][eval] cost actual_cost_change |grad| |TR| MQ
[0000][0000] 9.780720e+03 0.000e+00 1.15e+05 1.00e+01 1.00e+00
[0001][0001] 7.911843e+03 1.869e+03 1.15e+05 1.00e+01 1.33e+00
[0002][0002] 7.522711e+03 3.891e+02 3.70e+04 3.00e+01 1.36e+00
[0003][0003] 7.449784e+03 7.293e+01 1.37e+04 9.00e+01 1.42e+00
[0004][0004] 7.434702e+03 1.508e+01 5.94e+03 2.70e+02 1.43e+00
[0005][0005] 7.431650e+03 3.052e+00 2.53e+03 8.10e+02 1.44e+00
[iter][eval] cost actual_cost_change |grad| |TR| MQ
[0000][0000] 1.613450e+04 0.000e+00 2.25e+04 1.00e+01 1.00e+00
[0001][0001] 9.038402e+03 7.096e+03 2.25e+04 1.00e+01 1.48e+00
[0002][0002] 7.698676e+03 1.340e+03 6.69e+02 3.00e+01 1.51e+00
[0003][0003] 7.465445e+03 2.332e+02 3.21e+03 9.00e+01 1.44e+00
[0004][0004] 7.434877e+03 3.057e+01 1.98e+03 2.70e+02 1.32e+00
[0005][0005] 7.432219e+03 2.658e+00 8.08e+02 8.10e+02 1.28e+00
[iter][eval] cost actual_cost_change |grad| |TR| MQ
[0000][0000] 1.378936e+04 0.000e+00 1.28e+05 1.00e+01 1.00e+00
[0001][0001] 9.030469e+03 4.759e+03 1.28e+05 1.00e+01 1.48e+00
[0002][0002] 7.867649e+03 1.163e+03 3.27e+04 3.00e+01 1.66e+00
[0003][0003] 7.512124e+03 3.555e+02 5.68e+03 9.00e+01 1.62e+00
[0004][0004] 7.442263e+03 6.986e+01 1.06e+03 2.70e+02 1.46e+00
[0005][0005] 7.432974e+03 9.289e+00 7.27e+02 8.10e+02 1.32e+00
[0006][0006] 7.432046e+03 9.271e-01 4.74e+02 2.43e+03 1.39e+00
[iter][eval] cost actual_cost_change |grad| |TR| MQ
[0000][0000] 1.073368e+04 0.000e+00 6.16e+04 1.00e+01 1.00e+00
[0001][0001] 9.783278e+03 9.504e+02 6.16e+04 1.00e+01 1.45e+00
[0002][0002] 9.589773e+03 1.935e+02 3.10e+04 3.00e+01 1.63e+00
[0003][0003] 9.544063e+03 4.571e+01 1.52e+04 9.00e+01 1.39e+00
[0004][0004] 9.532310e+03 1.175e+01 4.82e+03 2.70e+02 1.67e+00
[0005][0005] 9.526715e+03 5.596e+00 2.45e+03 8.10e+02 1.74e+00
[iter][eval] cost actual_cost_change |grad| |TR| MQ
[0000][0000] 1.321796e+04 0.000e+00 5.59e+04 1.00e+01 1.00e+00
[0001][0001] 8.438305e+03 4.780e+03 5.59e+04 1.00e+01 1.50e+00
[0002][0002] 7.570178e+03 8.681e+02 6.58e+03 3.00e+01 1.50e+00
[0003][0003] 7.446025e+03 1.242e+02 2.59e+03 9.00e+01 1.41e+00
[0004][0004] 7.432783e+03 1.324e+01 1.56e+03 2.70e+02 1.26e+00
[0005][0005] 7.431950e+03 8.334e-01 6.33e+02 8.10e+02 1.26e+00
[iter][eval] cost actual_cost_change |grad| |TR| MQ
[0000][0000] 9.946085e+03 0.000e+00 1.26e+05 1.00e+01 1.00e+00
[0001][0001] 7.881192e+03 2.065e+03 1.26e+05 1.00e+01 1.32e+00
[0002][0002] 7.513708e+03 3.675e+02 4.36e+04 3.00e+01 1.37e+00
[0003][0003] 7.447964e+03 6.574e+01 1.66e+04 9.00e+01 1.43e+00
[0004][0004] 7.434340e+03 1.362e+01 7.24e+03 2.70e+02 1.44e+00
[0005][0005] 7.431577e+03 2.763e+00 3.09e+03 8.10e+02 1.44e+00
[iter][eval] cost actual_cost_change |grad| |TR| MQ
[0000][0000] 1.862006e+04 0.000e+00 7.93e+04 1.00e+01 1.00e+00
[0001][0001] 9.752823e+03 8.867e+03 7.93e+04 1.00e+01 1.45e+00
[0002][0002] 7.844018e+03 1.909e+03 3.10e+04 3.00e+01 1.42e+00
[0003][0003] 7.493008e+03 3.510e+02 1.19e+04 9.00e+01 1.41e+00
[0004][0004] 7.440659e+03 5.235e+01 4.63e+03 2.70e+02 1.34e+00
[0005][0005] 7.433512e+03 7.147e+00 1.81e+03 8.10e+02 1.41e+00
[iter][eval] cost actual_cost_change |grad| |TR| MQ
[0000][0000] 1.031779e+04 0.000e+00 6.60e+04 1.00e+01 1.00e+00
[0001][0001] 8.019248e+03 2.299e+03 6.60e+04 1.00e+01 1.37e+00
[0002][0002] 7.541580e+03 4.777e+02 2.03e+04 3.00e+01 1.37e+00
[0003][0003] 7.452973e+03 8.861e+01 9.46e+03 9.00e+01 1.41e+00
[0004][0004] 7.435289e+03 1.768e+01 4.92e+03 2.70e+02 1.43e+00
[0005][0005] 7.431764e+03 3.525e+00 2.36e+03 8.10e+02 1.44e+00
[iter][eval] cost actual_cost_change |grad| |TR| MQ
[0000][0000] 1.122320e+04 0.000e+00 9.75e+04 1.00e+01 1.00e+00
[0001][0001] 8.569573e+03 2.654e+03 9.75e+04 1.00e+01 1.49e+00
[0002][0002] 7.725995e+03 8.436e+02 2.19e+04 3.00e+01 1.64e+00
[0003][0003] 7.483433e+03 2.426e+02 2.56e+03 9.00e+01 1.59e+00
[0004][0004] 7.437581e+03 4.585e+01 1.89e+03 2.70e+02 1.41e+00
[0005][0005] 7.432395e+03 5.186e+00 1.35e+03 8.10e+02 1.29e+00
[iter][eval] cost actual_cost_change |grad| |TR| MQ
[0000][0000] 8.007413e+04 0.000e+00 7.42e+04 1.00e+01 1.00e+00
[0001][0001] 7.937081e+04 7.033e+02 7.42e+04 1.00e+01 1.34e+00
[0002][0002] 7.925037e+04 1.204e+02 2.31e+04 3.00e+01 1.41e+00
[0003][0003] 7.922896e+04 2.141e+01 6.96e+03 9.00e+01 1.43e+00
[0004][0004] 7.922486e+04 4.093e+00 1.82e+03 2.70e+02 1.45e+00
[0005][0005] 7.922402e+04 8.457e-01 7.51e+02 8.10e+02 1.46e+00
[0006][0006] 7.922384e+04 1.827e-01 5.42e+02 2.43e+03 1.47e+00
[0007][0007] 7.922380e+04 4.054e-02 3.57e+02 7.29e+03 1.48e+00
[0008][0008] 7.922379e+04 9.187e-03 2.10e+02 2.19e+04 1.48e+00
[0009][0009] 7.922378e+04 2.092e-03 1.15e+02 6.56e+04 1.48e+00
[0010][0010] 7.922378e+04 4.799e-04 6.04e+01 1.97e+05 1.48e+00
[0011][0011] 7.922378e+04 1.107e-04 3.10e+01 5.90e+05 1.48e+00
[0012][0012] 7.922378e+04 2.563e-05 1.56e+01 1.77e+06 1.48e+00
  ✅ Saved axis: NURBS_Output/Axes/Pot_A_Piece_04_Axis.xyz

--- Processing Pot_A_Piece_05 ---
[iter][eval] cost actual_cost_change |grad| |TR| MQ
[0000][0000] 1.409111e+04 0.000e+00 9.12e+04 1.00e+01 1.00e+00
[0001][0001] 8.986887e+03 5.104e+03 9.12e+04 1.00e+01 1.46e+00
[0002][0002] 7.758973e+03 1.228e+03 2.31e+04 3.00e+01 1.59e+00
[0003][0003] 7.479343e+03 2.796e+02 2.51e+03 9.00e+01 1.55e+00
[0004][0004] 7.435692e+03 4.365e+01 5.48e+02 2.70e+02 1.37e+00
[0005][0005] 7.431989e+03 3.703e+00 4.01e+02 8.10e+02 1.21e+00
[iter][eval] cost actual_cost_change |grad| |TR| MQ
[0000][0000] 1.013116e+04 0.000e+00 1.08e+05 1.00e+01 1.00e+00
[0001][0001] 7.990124e+03 2.141e+03 1.08e+05 1.00e+01 1.33e+00
[0002][0002] 7.535630e+03 4.545e+02 3.68e+04 3.00e+01 1.35e+00
[0003][0003] 7.452423e+03 8.321e+01 1.36e+04 9.00e+01 1.41e+00
[0004][0004] 7.435234e+03 1.719e+01 6.12e+03 2.70e+02 1.43e+00
[0005][0005] 7.431756e+03 3.478e+00 2.65e+03 8.10e+02 1.44e+00
[iter][eval] cost actual_cost_change |grad| |TR| MQ
[0000][0000] 1.114276e+04 0.000e+00 1.47e+05 1.00e+01 1.00e+00
[0001][0001] 8.381715e+03 2.761e+03 1.47e+05 1.00e+01 1.31e+00
[0002][0002] 7.647867e+03 7.338e+02 5.69e+04 3.00e+01 1.29e+00
[0003][0003] 7.479094e+03 1.688e+02 2.16e+04 9.00e+01 1.43e+00
[0004][0004] 7.440793e+03 3.830e+01 9.83e+03 2.70e+02 1.41e+00
[0005][0005] 7.432897e+03 7.897e+00 4.40e+03 8.10e+02 1.44e+00
[0006][0006] 7.431290e+03 1.606e+00 1.97e+03 2.43e+03 1.44e+00
[iter][eval] cost actual_cost_change |grad| |TR| MQ
[0000][0000] 1.271564e+04 0.000e+00 7.89e+04 1.00e+01 1.00e+00
[0001][0001] 8.328775e+03 4.387e+03 7.89e+04 1.00e+01 1.41e+00
[0002][0002] 7.562763e+03 7.660e+02 2.33e+04 3.00e+01 1.43e+00
[0003][0003] 7.450426e+03 1.123e+02 8.65e+03 9.00e+01 1.38e+00
[0004][0004] 7.435132e+03 1.529e+01 3.71e+03 2.70e+02 1.38e+00
[0005][0005] 7.432479e+03 2.652e+00 1.48e+03 8.10e+02 1.44e+00
[iter][eval] cost actual_cost_change |grad| |TR| MQ
[0000][0000] 1.138634e+04 0.000e+00 9.74e+04 1.00e+01 1.00e+00
[0001][0001] 8.565060e+03 2.821e+03 9.74e+04 1.00e+01 1.34e+00
[0002][0002] 7.725225e+03 8.398e+02 3.14e+04 3.00e+01 1.26e+00
[0003][0003] 7.493212e+03 2.320e+02 1.38e+04 9.00e+01 1.29e+00
[0004][0004] 7.443615e+03 4.960e+01 7.74e+03 2.70e+02 1.41e+00
[0005][0005] 7.433427e+03 1.019e+01 3.81e+03 8.10e+02 1.43e+00
[0006][0006] 7.431392e+03 2.035e+00 1.82e+03 2.43e+03 1.44e+00
[iter][eval] cost actual_cost_change |grad| |TR| MQ
[0000][0000] 1.138971e+04 0.000e+00 2.11e+05 1.00e+01 1.00e+00
[0001][0001] 9.507316e+03 1.882e+03 2.11e+05 1.00e+01 1.34e+00
[0002][0002] 8.418628e+03 1.089e+03 6.69e+04 3.00e+01 1.44e+00
[0003][0003] 7.734187e+03 6.844e+02 1.57e+04 9.00e+01 1.69e+00
[0004][0004] 7.492286e+03 2.419e+02 2.66e+03 2.70e+02 1.64e+00
[0005][0005] 7.440124e+03 5.216e+01 2.11e+03 8.10e+02 1.46e+00
[0006][0006] 7.432891e+03 7.233e+00 1.62e+03 2.43e+03 1.34e+00
[iter][eval] cost actual_cost_change |grad| |TR| MQ
[0000][0000] 1.018477e+04 0.000e+00 1.95e+05 1.00e+01 1.00e+00
[0001][0001] 8.056279e+03 2.128e+03 1.95e+05 1.00e+01 1.36e+00
[0002][0002] 7.567675e+03 4.886e+02 5.34e+04 3.00e+01 1.39e+00
[0003][0003] 7.458715e+03 1.090e+02 1.46e+04 9.00e+01 1.45e+00
[0004][0004] 7.436465e+03 2.225e+01 5.73e+03 2.70e+02 1.41e+00
[0005][0005] 7.432063e+03 4.402e+00 2.42e+03 8.10e+02 1.46e+00
[iter][eval] cost actual_cost_change |grad| |TR| MQ
[0000][0000] 2.021982e+04 0.000e+00 3.17e+05 1.00e+01 1.00e+00
[0001][0001] 1.147804e+04 8.742e+03 3.17e+05 1.00e+01 1.44e+00
[0002][0002] 9.917216e+03 1.561e+03 1.19e+05 3.00e+01 1.48e+00
[0003][0003] 9.632098e+03 2.851e+02 5.20e+04 9.00e+01 1.59e+00
[0004][0004] 9.558017e+03 7.408e+01 2.39e+04 2.70e+02 1.67e+00
[0005][0005] 9.526324e+03 3.169e+01 1.58e+04 8.10e+02 1.38e+00
[0006][0006] 9.522840e+03 3.484e+00 5.01e+03 2.43e+03 1.34e+00
[iter][eval] cost actual_cost_change |grad| |TR| MQ
[0000][0000] 1.991980e+04 0.000e+00 7.64e+04 1.00e+01 1.00e+00
[0001][0001] 9.745897e+03 1.017e+04 7.64e+04 1.00e+01 1.51e+00
[0002][0002] 7.737343e+03 2.009e+03 1.24e+04 3.00e+01 1.47e+00
[0003][0003] 7.469806e+03 2.675e+02 7.20e+03 9.00e+01 1.44e+00
[0004][0004] 7.435985e+03 3.382e+01 5.11e+03 2.70e+02 1.32e+00
[0005][0005] 7.432489e+03 3.495e+00 2.43e+03 8.10e+02 1.34e+00
[iter][eval] cost actual_cost_change |grad| |TR| MQ
[0000][0000] 1.013232e+04 0.000e+00 2.05e+05 1.00e+01 1.00e+00
[0001][0001] 8.246089e+03 1.886e+03 2.05e+05 1.00e+01 1.29e+00
[0002][0002] 7.618740e+03 6.273e+02 6.81e+04 3.00e+01 1.29e+00
[0003][0003] 7.461824e+03 1.569e+02 2.26e+04 9.00e+01 1.17e+00
[0004][0004] 7.436936e+03 2.489e+01 9.07e+03 2.70e+02 1.39e+00
[0005][0005] 7.432097e+03 4.839e+00 3.75e+03 8.10e+02 1.44e+00
[iter][eval] cost actual_cost_change |grad| |TR| MQ
[0000][0000] 8.009525e+04 0.000e+00 6.80e+04 1.00e+01 1.00e+00
[0001][0001] 7.937760e+04 7.176e+02 6.80e+04 1.00e+01 1.35e+00
[0002][0002] 7.925212e+04 1.255e+02 2.18e+04 3.00e+01 1.42e+00
[0003][0003] 7.922939e+04 2.273e+01 6.60e+03 9.00e+01 1.44e+00
[0004][0004] 7.922497e+04 4.417e+00 1.83e+03 2.70e+02 1.45e+00
[0005][0005] 7.922404e+04 9.252e-01 8.94e+02 8.10e+02 1.47e+00
[0006][0006] 7.922384e+04 2.021e-01 6.26e+02 2.43e+03 1.47e+00
[0007][0007] 7.922380e+04 4.519e-02 3.98e+02 7.29e+03 1.48e+00
[0008][0008] 7.922379e+04 1.030e-02 2.31e+02 2.19e+04 1.48e+00
[0009][0009] 7.922378e+04 2.357e-03 1.25e+02 6.56e+04 1.48e+00
[0010][0010] 7.922378e+04 5.421e-04 6.52e+01 1.97e+05 1.48e+00
[0011][0011] 7.922378e+04 1.253e-04 3.33e+01 5.90e+05 1.48e+00
[0012][0012] 7.922378e+04 2.903e-05 1.68e+01 1.77e+06 1.48e+00
  ✅ Saved axis: NURBS_Output/Axes/Pot_A_Piece_05_Axis.xyz

--- Processing Pot_A_Piece_06 ---
[iter][eval] cost actual_cost_change |grad| |TR| MQ
[0000][0000] 1.741731e+04 0.000e+00 1.71e+05 1.00e+01 1.00e+00
[0001][0001] 9.638865e+03 7.778e+03 1.71e+05 1.00e+01 1.48e+00
[0002][0002] 7.819466e+03 1.819e+03 3.77e+04 3.00e+01 1.53e+00
[0003][0003] 7.481991e+03 3.375e+02 2.05e+03 9.00e+01 1.51e+00
[0004][0004] 7.435583e+03 4.641e+01 2.93e+03 2.70e+02 1.34e+00
[0005][0005] 7.431998e+03 3.586e+00 1.41e+03 8.10e+02 1.20e+00
[iter][eval] cost actual_cost_change |grad| |TR| MQ
[0000][0000] 1.619462e+04 0.000e+00 4.64e+05 1.00e+01 1.00e+00
[0001][0001] 1.082286e+04 5.372e+03 4.64e+05 1.00e+01 1.34e+00
[0002][0002] 9.016943e+03 1.806e+03 1.05e+05 3.00e+01 1.34e+00
[0003][0003] 7.990920e+03 1.026e+03 3.40e+04 9.00e+01 1.57e+00
[0004][0004] 7.550071e+03 4.408e+02 7.59e+03 2.70e+02 1.67e+00
[0005][0005] 7.448612e+03 1.015e+02 1.27e+03 8.10e+02 1.53e+00
[0006][0006] 7.433457e+03 1.516e+01 1.02e+03 2.43e+03 1.34e+00
[0007][0007] 7.432056e+03 1.401e+00 7.22e+02 7.29e+03 1.30e+00
[iter][eval] cost actual_cost_change |grad| |TR| MQ
[0000][0000] 1.238905e+04 0.000e+00 9.84e+04 1.00e+01 1.00e+00
[0001][0001] 9.027831e+03 3.361e+03 9.84e+04 1.00e+01 1.53e+00
[0002][0002] 7.942522e+03 1.085e+03 3.21e+04 3.00e+01 1.70e+00
[0003][0003] 7.540313e+03 4.022e+02 7.74e+03 9.00e+01 1.66e+00
[0004][0004] 7.448255e+03 9.206e+01 2.07e+03 2.70e+02 1.51e+00
[0005][0005] 7.433868e+03 1.439e+01 1.28e+03 8.10e+02 1.36e+00
[0006][0006] 7.432210e+03 1.658e+00 7.89e+02 2.43e+03 1.39e+00
[iter][eval] cost actual_cost_change |grad| |TR| MQ
[0000][0000] 1.435114e+04 0.000e+00 3.27e+05 1.00e+01 1.00e+00
[0001][0001] 1.231169e+04 2.039e+03 3.27e+05 1.00e+01 1.42e+00
[0002][0002] 1.097441e+04 1.337e+03 1.40e+05 3.00e+01 1.50e+00
[0003][0003] 9.662255e+03 1.312e+03 7.01e+04 9.00e+01 1.47e+00
[0004][0004] 8.609548e+03 1.053e+03 3.63e+04 2.70e+02 1.65e+00
[0005][0005] 7.865864e+03 7.437e+02 1.75e+04 8.10e+02 1.79e+00
[0006][0006] 7.533035e+03 3.328e+02 5.23e+03 2.43e+03 1.69e+00
[0007][0007] 7.448545e+03 8.449e+01 2.76e+03 7.29e+03 1.52e+00
[0008][0008] 7.434227e+03 1.432e+01 1.82e+03 2.19e+04 1.39e+00
[0009][0009] 7.432289e+03 1.938e+00 1.07e+03 6.56e+04 1.42e+00
[iter][eval] cost actual_cost_change |grad| |TR| MQ
[0000][0000] 1.224847e+04 0.000e+00 3.53e+05 1.00e+01 1.00e+00
[0001][0001] 9.982511e+03 2.266e+03 3.53e+05 1.00e+01 1.28e+00
[0002][0002] 9.597172e+03 3.853e+02 1.26e+05 3.00e+01 1.34e+00
[0003][0003] 9.530554e+03 6.662e+01 5.16e+04 9.00e+01 1.37e+00
[0004][0004] 9.522674e+03 7.880e+00 1.86e+04 2.70e+02 1.35e+00
[iter][eval] cost actual_cost_change |grad| |TR| MQ
[0000][0000] 1.085859e+04 0.000e+00 2.14e+05 1.00e+01 1.00e+00
[0001][0001] 8.453163e+03 2.405e+03 2.14e+05 1.00e+01 1.39e+00
[0002][0002] 7.644359e+03 8.088e+02 4.46e+04 3.00e+01 1.56e+00
[0003][0003] 7.459584e+03 1.848e+02 2.29e+03 9.00e+01 1.52e+00
[0004][0004] 7.433925e+03 2.566e+01 1.95e+03 2.70e+02 1.33e+00
[0005][0005] 7.431979e+03 1.946e+00 9.28e+02 8.10e+02 1.22e+00
[iter][eval] cost actual_cost_change |grad| |TR| MQ
[0000][0000] 1.109656e+04 0.000e+00 7.31e+04 1.00e+01 1.00e+00
[0001][0001] 9.843534e+03 1.253e+03 7.31e+04 1.00e+01 9.29e-01
[0002][0002] 9.565050e+03 2.785e+02 1.28e+04 2.73e+01 1.12e+00
[0003][0003] 9.522787e+03 4.226e+01 1.54e+04 8.18e+01 1.16e+00
[0004][0004] 9.520959e+03 1.827e+00 4.00e+03 2.45e+02 1.13e+00
[iter][eval] cost actual_cost_change |grad| |TR| MQ
[0000][0000] 1.661751e+04 0.000e+00 1.30e+05 1.00e+01 1.00e+00
[0001][0001] 9.426165e+03 7.191e+03 1.30e+05 1.00e+01 1.42e+00
[0002][0002] 7.789285e+03 1.637e+03 4.37e+04 3.00e+01 1.38e+00
[0003][0003] 7.493687e+03 2.956e+02 1.51e+04 9.00e+01 1.38e+00
[0004][0004] 7.443443e+03 5.024e+01 6.31e+03 2.70e+02 1.41e+00
[0005][0005] 7.432086e+03 1.136e+01 2.81e+03 8.10e+02 1.31e+00
[0006][0006] 7.430589e+03 1.497e+00 1.26e+03 2.43e+03 1.42e+00
[iter][eval] cost actual_cost_change |grad| |TR| MQ
[0000][0000] 1.419383e+04 0.000e+00 8.66e+04 1.00e+01 1.00e+00
[0001][0001] 8.988144e+03 5.206e+03 8.66e+04 1.00e+01 1.51e+00
[0002][0002] 7.845387e+03 1.143e+03 2.82e+04 3.00e+01 1.66e+00
[0003][0003] 7.507333e+03 3.381e+02 3.83e+03 9.00e+01 1.57e+00
[0004][0004] 7.443153e+03 6.418e+01 5.65e+02 2.70e+02 1.46e+00
[0005][0005] 7.433687e+03 9.466e+00 2.37e+02 8.10e+02 1.39e+00
[0006][0006] 7.432228e+03 1.458e+00 1.99e+02 2.43e+03 1.46e+00
[iter][eval] cost actual_cost_change |grad| |TR| MQ
[0000][0000] 1.205478e+04 0.000e+00 2.04e+05 1.00e+01 1.00e+00
[0001][0001] 9.919920e+03 2.135e+03 2.04e+05 1.00e+01 1.24e+00
[0002][0002] 9.612047e+03 3.079e+02 7.28e+04 3.00e+01 1.49e+00
[0003][0003] 9.530391e+03 8.166e+01 2.86e+04 9.00e+01 1.25e+00
[0004][0004] 9.523761e+03 6.630e+00 7.55e+03 2.70e+02 1.36e+00
[iter][eval] cost actual_cost_change |grad| |TR| MQ
[0000][0000] 8.007693e+04 0.000e+00 7.53e+04 1.00e+01 1.00e+00
[0001][0001] 7.937108e+04 7.058e+02 7.53e+04 1.00e+01 1.35e+00
[0002][0002] 7.925032e+04 1.208e+02 2.42e+04 3.00e+01 1.41e+00
[0003][0003] 7.922893e+04 2.139e+01 7.48e+03 9.00e+01 1.43e+00
[0004][0004] 7.922485e+04 4.072e+00 2.01e+03 2.70e+02 1.45e+00
[0005][0005] 7.922402e+04 8.381e-01 7.63e+02 8.10e+02 1.46e+00
[0006][0006] 7.922384e+04 1.806e-01 5.26e+02 2.43e+03 1.47e+00
[0007][0007] 7.922380e+04 4.004e-02 3.48e+02 7.29e+03 1.47e+00
[0008][0008] 7.922379e+04 9.073e-03 2.06e+02 2.19e+04 1.48e+00
[0009][0009] 7.922378e+04 2.066e-03 1.13e+02 6.56e+04 1.48e+00
[0010][0010] 7.922378e+04 4.742e-04 5.96e+01 1.97e+05 1.48e+00
[0011][0011] 7.922378e+04 1.095e-04 3.06e+01 5.90e+05 1.48e+00
[0012][0012] 7.922378e+04 2.535e-05 1.55e+01 1.77e+06 1.48e+00
  ✅ Saved axis: NURBS_Output/Axes/Pot_A_Piece_06_Axis.xyz

--- Processing Pot_A_Piece_07 ---
[iter][eval] cost actual_cost_change |grad| |TR| MQ
[0000][0000] 1.156547e+04 0.000e+00 1.42e+04 1.00e+01 1.00e+00
[0001][0001] 8.075792e+03 3.490e+03 1.42e+04 1.00e+01 1.44e+00
[0002][0002] 7.523349e+03 5.524e+02 1.42e+04 3.00e+01 1.42e+00
[0003][0003] 7.444989e+03 7.836e+01 8.44e+03 9.00e+01 1.36e+00
[0004][0004] 7.434211e+03 1.078e+01 4.03e+03 2.70e+02 1.39e+00
[0005][0005] 7.432290e+03 1.921e+00 1.78e+03 8.10e+02 1.44e+00
[iter][eval] cost actual_cost_change |grad| |TR| MQ
[0000][0000] 1.634881e+04 0.000e+00 3.38e+04 1.00e+01 1.00e+00
[0001][0001] 9.042006e+03 7.307e+03 3.38e+04 1.00e+01 1.48e+00
[0002][0002] 7.691620e+03 1.350e+03 2.31e+03 3.00e+01 1.50e+00
[0003][0003] 7.464140e+03 2.275e+02 3.62e+03 9.00e+01 1.45e+00
[0004][0004] 7.434746e+03 2.939e+01 2.38e+03 2.70e+02 1.31e+00
[0005][0005] 7.432212e+03 2.534e+00 9.84e+02 8.10e+02 1.28e+00
[iter][eval] cost actual_cost_change |grad| |TR| MQ
[0000][0000] 1.342274e+04 0.000e+00 8.23e+04 1.00e+01 1.00e+00
[0001][0001] 8.828363e+03 4.594e+03 8.23e+04 1.00e+01 1.47e+00
[0002][0002] 7.686073e+03 1.142e+03 2.05e+04 3.00e+01 1.57e+00
[0003][0003] 7.464725e+03 2.213e+02 1.72e+03 9.00e+01 1.52e+00
[0004][0004] 7.433931e+03 3.079e+01 6.95e+02 2.70e+02 1.32e+00
[0005][0005] 7.431869e+03 2.062e+00 2.80e+02 8.10e+02 1.15e+00
[iter][eval] cost actual_cost_change |grad| |TR| MQ
[0000][0000] 1.696178e+04 0.000e+00 1.88e+05 1.00e+01 1.00e+00
[0001][0001] 9.737331e+03 7.224e+03 1.88e+05 1.00e+01 1.47e+00
[0002][0002] 7.979149e+03 1.758e+03 5.25e+04 3.00e+01 1.57e+00
[0003][0003] 7.522256e+03 4.569e+02 7.52e+03 9.00e+01 1.59e+00
[0004][0004] 7.441593e+03 8.066e+01 6.11e+02 2.70e+02 1.45e+00
[0005][0005] 7.432437e+03 9.156e+00 4.69e+02 8.10e+02 1.27e+00
[0006][0006] 7.431908e+03 5.295e-01 1.36e+02 2.43e+03 1.26e+00
[iter][eval] cost actual_cost_change |grad| |TR| MQ
[0000][0000] 1.324356e+04 0.000e+00 1.98e+05 1.00e+01 1.00e+00
[0001][0001] 9.675926e+03 3.568e+03 1.98e+05 1.00e+01 1.23e+00
[0002][0002] 8.301134e+03 1.375e+03 7.03e+04 3.00e+01 1.21e+00
[0003][0003] 7.667138e+03 6.340e+02 2.59e+04 9.00e+01 1.28e+00
[0004][0004] 7.471118e+03 1.960e+02 1.01e+04 2.70e+02 1.16e+00
[0005][0005] 7.438792e+03 3.233e+01 6.24e+03 8.10e+02 1.39e+00
[0006][0006] 7.432460e+03 6.332e+00 2.98e+03 2.43e+03 1.44e+00
[iter][eval] cost actual_cost_change |grad| |TR| MQ
[0000][0000] 1.516796e+04 0.000e+00 9.13e+04 1.00e+01 1.00e+00
[0001][0001] 8.976105e+03 6.192e+03 9.13e+04 1.00e+01 1.48e+00
[0002][0002] 7.715940e+03 1.260e+03 1.60e+04 3.00e+01 1.55e+00
[0003][0003] 7.470133e+03 2.458e+02 1.97e+03 9.00e+01 1.49e+00
[0004][0004] 7.435403e+03 3.473e+01 2.21e+03 2.70e+02 1.35e+00
[0005][0005] 7.432267e+03 3.137e+00 8.65e+02 8.10e+02 1.28e+00
[iter][eval] cost actual_cost_change |grad| |TR| MQ
[0000][0000] 1.310662e+04 0.000e+00 3.61e+05 1.00e+01 1.00e+00
[0001][0001] 9.115115e+03 3.992e+03 3.61e+05 1.00e+01 1.36e+00
[0002][0002] 7.923791e+03 1.191e+03 7.64e+04 3.00e+01 1.49e+00
[0003][0003] 7.506937e+03 4.169e+02 1.09e+04 9.00e+01 1.57e+00
[0004][0004] 7.439506e+03 6.743e+01 1.14e+03 2.70e+02 1.44e+00
[0005][0005] 7.432278e+03 7.227e+00 6.02e+02 8.10e+02 1.26e+00
[iter][eval] cost actual_cost_change |grad| |TR| MQ
[0000][0000] 1.320860e+04 0.000e+00 2.59e+05 1.00e+01 1.00e+00
[0001][0001] 1.027006e+04 2.939e+03 2.59e+05 1.00e+01 1.33e+00
[0002][0002] 9.671445e+03 5.986e+02 1.03e+05 3.00e+01 1.45e+00
[0003][0003] 9.556932e+03 1.145e+02 4.23e+04 9.00e+01 1.54e+00
[0004][0004] 9.523860e+03 3.307e+01 2.03e+04 2.70e+02 1.45e+00
[0005][0005] 9.521143e+03 2.717e+00 6.97e+03 8.10e+02 1.20e+00
[iter][eval] cost actual_cost_change |grad| |TR| MQ
[0000][0000] 1.201564e+04 0.000e+00 1.90e+05 1.00e+01 1.00e+00
[0001][0001] 9.774294e+03 2.241e+03 1.90e+05 1.00e+01 1.17e+00
[0002][0002] 9.577787e+03 1.965e+02 5.46e+04 3.00e+01 1.28e+00
[0003][0003] 9.533656e+03 4.413e+01 2.61e+04 9.00e+01 1.57e+00
[0004][0004] 9.524580e+03 9.075e+00 1.11e+04 2.70e+02 1.26e+00
[iter][eval] cost actual_cost_change |grad| |TR| MQ
[0000][0000] 1.071613e+04 0.000e+00 9.46e+04 1.00e+01 1.00e+00
[0001][0001] 9.842961e+03 8.732e+02 9.46e+04 1.00e+01 9.55e-01
[0002][0002] 9.575112e+03 2.678e+02 2.56e+04 3.00e+01 1.22e+00
[0003][0003] 9.526588e+03 4.852e+01 1.72e+04 9.00e+01 1.59e+00
[0004][0004] 9.521049e+03 5.539e+00 7.88e+03 2.70e+02 1.12e+00
[iter][eval] cost actual_cost_change |grad| |TR| MQ
[0000][0000] 8.003698e+04 0.000e+00 7.90e+04 1.00e+01 1.00e+00
[0001][0001] 7.936002e+04 6.770e+02 7.90e+04 1.00e+01 1.33e+00
[0002][0002] 7.924796e+04 1.121e+02 2.50e+04 3.00e+01 1.41e+00
[0003][0003] 7.922841e+04 1.955e+01 7.77e+03 9.00e+01 1.43e+00
[0004][0004] 7.922474e+04 3.674e+00 2.08e+03 2.70e+02 1.45e+00
[0005][0005] 7.922399e+04 7.480e-01 6.87e+02 8.10e+02 1.46e+00
[0006][0006] 7.922383e+04 1.597e-01 4.57e+02 2.43e+03 1.47e+00
[0007][0007] 7.922379e+04 3.519e-02 3.10e+02 7.29e+03 1.47e+00
[0008][0008] 7.922379e+04 7.937e-03 1.87e+02 2.19e+04 1.48e+00
[0009][0009] 7.922378e+04 1.801e-03 1.03e+02 6.56e+04 1.48e+00
[0010][0010] 7.922378e+04 4.128e-04 5.48e+01 1.97e+05 1.48e+00
[0011][0011] 7.922378e+04 9.520e-05 2.83e+01 5.90e+05 1.48e+00
[0012][0012] 7.922378e+04 2.203e-05 1.43e+01 1.77e+06 1.48e+00
  ✅ Saved axis: NURBS_Output/Axes/Pot_A_Piece_07_Axis.xyz

--- Processing Pot_A_Piece_08 ---
[iter][eval] cost actual_cost_change |grad| |TR| MQ
[0000][0000] 1.330128e+04 0.000e+00 1.12e+05 1.00e+01 1.00e+00
[0001][0001] 8.687865e+03 4.613e+03 1.12e+05 1.00e+01 1.45e+00
[0002][0002] 7.701476e+03 9.864e+02 2.33e+04 3.00e+01 1.62e+00
[0003][0003] 7.470729e+03 2.307e+02 1.46e+03 9.00e+01 1.53e+00
[0004][0004] 7.435160e+03 3.557e+01 6.87e+02 2.70e+02 1.36e+00
[0005][0005] 7.432086e+03 3.074e+00 3.34e+02 8.10e+02 1.23e+00
[iter][eval] cost actual_cost_change |grad| |TR| MQ
[0000][0000] 1.189666e+04 0.000e+00 8.51e+04 1.00e+01 1.00e+00
[0001][0001] 8.749784e+03 3.147e+03 8.51e+04 1.00e+01 1.46e+00
[0002][0002] 7.755024e+03 9.948e+02 2.36e+04 3.00e+01 1.61e+00
[0003][0003] 7.484462e+03 2.706e+02 3.40e+03 9.00e+01 1.59e+00
[0004][0004] 7.436900e+03 4.756e+01 8.12e+02 2.70e+02 1.40e+00
[0005][0005] 7.432152e+03 4.748e+00 7.82e+02 8.10e+02 1.25e+00
[iter][eval] cost actual_cost_change |grad| |TR| MQ
[0000][0000] 1.766797e+04 0.000e+00 3.26e+05 1.00e+01 1.00e+00
[0001][0001] 1.199169e+04 5.676e+03 3.26e+05 1.00e+01 1.33e+00
[0002][0002] 9.981720e+03 2.010e+03 1.06e+05 3.00e+01 1.37e+00
[0003][0003] 8.767707e+03 1.214e+03 4.88e+04 9.00e+01 1.53e+00
[0004][0004] 7.933446e+03 8.343e+02 2.13e+04 2.70e+02 1.73e+00
[0005][0005] 7.547596e+03 3.859e+02 5.68e+03 8.10e+02 1.70e+00
[0006][0006] 7.450400e+03 9.720e+01 2.23e+03 2.43e+03 1.53e+00
[0007][0007] 7.434156e+03 1.624e+01 1.65e+03 7.29e+03 1.38e+00
[0008][0008] 7.432235e+03 1.921e+00 1.02e+03 2.19e+04 1.38e+00
[iter][eval] cost actual_cost_change |grad| |TR| MQ
[0000][0000] 1.562803e+04 0.000e+00 1.29e+05 1.00e+01 1.00e+00
[0001][0001] 9.280012e+03 6.348e+03 1.29e+05 1.00e+01 1.48e+00
[0002][0002] 7.855245e+03 1.425e+03 3.29e+04 3.00e+01 1.60e+00
[0003][0003] 7.500423e+03 3.548e+02 3.62e+03 9.00e+01 1.57e+00
[0004][0004] 7.439621e+03 6.080e+01 9.03e+02 2.70e+02 1.42e+00
[0005][0005] 7.432613e+03 7.008e+00 4.89e+02 8.10e+02 1.29e+00
[iter][eval] cost actual_cost_change |grad| |TR| MQ
[0000][0000] 1.721793e+04 0.000e+00 3.63e+05 1.00e+01 1.00e+00
[0001][0001] 1.117114e+04 6.047e+03 3.63e+05 1.00e+01 1.36e+00
[0002][0002] 9.278099e+03 1.893e+03 9.22e+04 3.00e+01 1.38e+00
[0003][0003] 8.186378e+03 1.092e+03 3.57e+04 9.00e+01 1.59e+00
[0004][0004] 7.623345e+03 5.630e+02 1.05e+04 2.70e+02 1.72e+00
[0005][0005] 7.464333e+03 1.590e+02 2.07e+03 8.10e+02 1.58e+00
[0006][0006] 7.435552e+03 2.878e+01 1.47e+03 2.43e+03 1.40e+00
[0007][0007] 7.432326e+03 3.227e+00 1.04e+03 7.29e+03 1.32e+00
[iter][eval] cost actual_cost_change |grad| |TR| MQ
[0000][0000] 8.728794e+03 0.000e+00 8.36e+03 1.00e+01 1.00e+00
[0001][0001] 7.669422e+03 1.059e+03 8.36e+03 1.00e+01 1.48e+00
[0002][0002] 7.459506e+03 2.099e+02 9.74e+03 3.00e+01 1.40e+00
[0003][0003] 7.434426e+03 2.508e+01 4.07e+03 9.00e+01 1.31e+00
[0004][0004] 7.432197e+03 2.229e+00 1.63e+03 2.70e+02 1.30e+00
[iter][eval] cost actual_cost_change |grad| |TR| MQ
[0000][0000] 1.003781e+04 0.000e+00 1.62e+04 1.00e+01 1.00e+00
[0001][0001] 9.783956e+03 2.539e+02 1.62e+04 1.00e+01 1.66e+00
[0002][0002] 9.655890e+03 1.281e+02 1.14e+04 3.00e+01 1.72e+00
[0003][0003] 9.592470e+03 6.342e+01 6.13e+03 9.00e+01 1.74e+00
[0004][0004] 9.561439e+03 3.103e+01 2.93e+03 2.70e+02 1.72e+00
[0005][0005] 9.544718e+03 1.672e+01 1.67e+03 8.10e+02 1.89e+00
[0006][0006] 9.532273e+03 1.244e+01 4.39e+03 2.43e+03 1.56e+00
[0007][0007] 9.526679e+03 5.594e+00 1.22e+03 7.29e+03 1.73e+00
[iter][eval] cost actual_cost_change |grad| |TR| MQ
[0000][0000] 1.319884e+04 0.000e+00 2.06e+05 1.00e+01 1.00e+00
[0001][0001] 1.027650e+04 2.922e+03 2.06e+05 1.00e+01 1.29e+00
[0002][0002] 9.664231e+03 6.123e+02 8.89e+04 3.00e+01 1.28e+00
[0003][0003] 9.544914e+03 1.193e+02 3.68e+04 9.00e+01 1.44e+00
[0004][0004] 9.528891e+03 1.602e+01 1.37e+04 2.70e+02 1.37e+00
[0005][0005] 9.524720e+03 4.171e+00 4.77e+03 8.10e+02 1.66e+00
[iter][eval] cost actual_cost_change |grad| |TR| MQ
[0000][0000] 1.192825e+04 0.000e+00 8.81e+04 1.00e+01 1.00e+00
[0001][0001] 9.966293e+03 1.962e+03 8.81e+04 1.00e+01 1.33e+00
[0002][0002] 9.609382e+03 3.569e+02 3.24e+04 3.00e+01 1.19e+00
[0003][0003] 9.565498e+03 4.388e+01 1.75e+04 9.00e+01 1.60e+00
[0004][0004] 9.546487e+03 1.901e+01 7.03e+03 2.70e+02 1.80e+00
[0005][0005] 9.533011e+03 1.348e+01 5.33e+03 8.10e+02 1.57e+00
[0006][0006] 9.527052e+03 5.959e+00 1.22e+03 2.43e+03 1.73e+00
[iter][eval] cost actual_cost_change |grad| |TR| MQ
[0000][0000] 1.491798e+04 0.000e+00 1.57e+05 1.00e+01 1.00e+00
[0001][0001] 9.287807e+03 5.630e+03 1.57e+05 1.00e+01 1.46e+00
[0002][0002] 7.793736e+03 1.494e+03 4.38e+04 3.00e+01 1.54e+00
[0003][0003] 7.485359e+03 3.084e+02 4.10e+03 9.00e+01 1.56e+00
[0004][0004] 7.436256e+03 4.910e+01 7.29e+02 2.70e+02 1.38e+00
[0005][0005] 7.431975e+03 4.282e+00 7.16e+02 8.10e+02 1.21e+00
[iter][eval] cost actual_cost_change |grad| |TR| MQ
[0000][0000] 8.011562e+04 0.000e+00 6.89e+04 1.00e+01 1.00e+00
[0001][0001] 7.938161e+04 7.340e+02 6.89e+04 1.00e+01 1.35e+00
[0002][0002] 7.925284e+04 1.288e+02 2.19e+04 3.00e+01 1.42e+00
[0003][0003] 7.922952e+04 2.332e+01 6.61e+03 9.00e+01 1.43e+00
[0004][0004] 7.922500e+04 4.526e+00 1.82e+03 2.70e+02 1.45e+00
[0005][0005] 7.922405e+04 9.474e-01 8.93e+02 8.10e+02 1.47e+00
[0006][0006] 7.922384e+04 2.069e-01 6.31e+02 2.43e+03 1.47e+00
[0007][0007] 7.922380e+04 4.622e-02 4.02e+02 7.29e+03 1.48e+00
[0008][0008] 7.922379e+04 1.054e-02 2.33e+02 2.19e+04 1.48e+00
[0009][0009] 7.922378e+04 2.409e-03 1.26e+02 6.56e+04 1.48e+00
[0010][0010] 7.922378e+04 5.539e-04 6.59e+01 1.97e+05 1.48e+00
[0011][0011] 7.922378e+04 1.280e-04 3.37e+01 5.90e+05 1.48e+00
[0012][0012] 7.922378e+04 2.965e-05 1.70e+01 1.77e+06 1.48e+00
  ✅ Saved axis: NURBS_Output/Axes/Pot_A_Piece_08_Axis.xyz

--- Processing Pot_A_Piece_09 ---
[iter][eval] cost actual_cost_change |grad| |TR| MQ
[0000][0000] 1.113916e+04 0.000e+00 5.20e+04 1.00e+01 1.00e+00
[0001][0001] 8.286858e+03 2.852e+03 5.20e+04 1.00e+01 1.51e+00
[0002][0002] 7.591754e+03 6.951e+02 1.14e+04 3.00e+01 1.61e+00
[0003][0003] 7.452111e+03 1.396e+02 1.60e+02 9.00e+01 1.50e+00
[0004][0004] 7.433266e+03 1.884e+01 6.69e+02 2.70e+02 1.31e+00
[0005][0005] 7.431970e+03 1.296e+00 3.51e+02 8.10e+02 1.22e+00
[iter][eval] cost actual_cost_change |grad| |TR| MQ
[0000][0000] 1.113951e+04 0.000e+00 6.31e+03 1.00e+01 1.00e+00
[0001][0001] 8.015047e+03 3.124e+03 6.31e+03 1.00e+01 1.43e+00
[0002][0002] 7.511294e+03 5.038e+02 1.27e+04 3.00e+01 1.44e+00
[0003][0003] 7.441718e+03 6.958e+01 8.30e+03 9.00e+01 1.35e+00
[0004][0004] 7.433412e+03 8.306e+00 3.73e+03 2.70e+02 1.35e+00
[0005][0005] 7.432124e+03 1.288e+00 1.54e+03 8.10e+02 1.43e+00
[iter][eval] cost actual_cost_change |grad| |TR| MQ
[0000][0000] 9.625447e+03 0.000e+00 5.15e+04 1.00e+01 1.00e+00
[0001][0001] 8.308475e+03 1.317e+03 5.15e+04 1.00e+01 1.46e+00
[0002][0002] 7.672319e+03 6.362e+02 1.27e+04 3.00e+01 1.68e+00
[0003][0003] 7.473912e+03 1.984e+02 2.30e+03 9.00e+01 1.60e+00
[0004][0004] 7.436605e+03 3.731e+01 1.49e+03 2.70e+02 1.41e+00
[0005][0005] 7.432371e+03 4.234e+00 1.12e+03 8.10e+02 1.30e+00
[iter][eval] cost actual_cost_change |grad| |TR| MQ
[0000][0000] 1.129308e+04 0.000e+00 9.12e+04 1.00e+01 1.00e+00
[0001][0001] 9.845497e+03 1.448e+03 9.12e+04 1.00e+01 1.50e+00
[0002][0002] 9.595781e+03 2.497e+02 3.92e+04 3.00e+01 1.46e+00
[0003][0003] 9.531122e+03 6.466e+01 2.15e+04 9.00e+01 1.33e+00
[0004][0004] 9.524606e+03 6.516e+00 5.62e+03 2.70e+02 1.42e+00
[iter][eval] cost actual_cost_change |grad| |TR| MQ
[0000][0000] 1.138593e+04 0.000e+00 1.23e+05 1.00e+01 1.00e+00
[0001][0001] 1.000757e+04 1.378e+03 1.23e+05 1.00e+01 1.51e+00
[0002][0002] 9.677791e+03 3.298e+02 6.02e+04 3.00e+01 1.61e+00
[0003][0003] 9.580690e+03 9.710e+01 2.82e+04 9.00e+01 1.42e+00
[0004][0004] 9.550483e+03 3.021e+01 1.09e+04 2.70e+02 1.67e+00
[0005][0005] 9.535946e+03 1.454e+01 4.97e+03 8.10e+02 1.73e+00
[0006][0006] 9.528589e+03 7.357e+00 2.85e+03 2.43e+03 1.74e+00
[iter][eval] cost actual_cost_change |grad| |TR| MQ
[0000][0000] 9.794175e+03 0.000e+00 3.52e+04 1.00e+01 1.00e+00
[0001][0001] 7.810162e+03 1.984e+03 3.52e+04 1.00e+01 1.40e+00
[0002][0002] 7.496448e+03 3.137e+02 1.19e+04 3.00e+01 1.39e+00
[0003][0003] 7.444527e+03 5.192e+01 6.70e+03 9.00e+01 1.41e+00
[0004][0004] 7.434452e+03 1.008e+01 3.31e+03 2.70e+02 1.44e+00
[0005][0005] 7.432346e+03 2.106e+00 1.57e+03 8.10e+02 1.44e+00
[iter][eval] cost actual_cost_change |grad| |TR| MQ
[0000][0000] 8.907223e+03 0.000e+00 1.04e+05 1.00e+01 1.00e+00
[0001][0001] 7.978366e+03 9.289e+02 1.04e+05 1.00e+01 1.34e+00
[0002][0002] 7.551563e+03 4.268e+02 1.86e+04 3.00e+01 1.59e+00
[0003][0003] 7.450865e+03 1.007e+02 1.62e+03 9.00e+01 1.52e+00
[0004][0004] 7.434352e+03 1.651e+01 2.52e+03 2.70e+02 1.38e+00
[0005][0005] 7.432257e+03 2.095e+00 1.49e+03 8.10e+02 1.38e+00
[iter][eval] cost actual_cost_change |grad| |TR| MQ
[0000][0000] 9.201807e+03 0.000e+00 2.65e+04 1.00e+01 1.00e+00
[0001][0001] 8.102440e+03 1.099e+03 2.65e+04 1.00e+01 1.65e+00
[0002][0002] 7.598184e+03 5.043e+02 8.71e+03 3.00e+01 1.71e+00
[0003][0003] 7.459831e+03 1.384e+02 2.53e+03 9.00e+01 1.56e+00
[0004][0004] 7.435278e+03 2.455e+01 1.78e+03 2.70e+02 1.40e+00
[0005][0005] 7.432378e+03 2.901e+00 1.12e+03 8.10e+02 1.35e+00
[iter][eval] cost actual_cost_change |grad| |TR| MQ
[0000][0000] 1.289665e+04 0.000e+00 2.09e+05 1.00e+01 1.00e+00
[0001][0001] 9.963740e+03 2.933e+03 2.09e+05 1.00e+01 1.36e+00
[0002][0002] 8.625976e+03 1.338e+03 7.75e+04 3.00e+01 1.43e+00
[0003][0003] 7.835024e+03 7.910e+02 1.85e+04 9.00e+01 1.68e+00
[0004][0004] 7.516629e+03 3.184e+02 3.98e+03 2.70e+02 1.66e+00
[0005][0005] 7.443974e+03 7.265e+01 1.97e+03 8.10e+02 1.49e+00
[0006][0006] 7.433255e+03 1.072e+01 1.64e+03 2.43e+03 1.35e+00
[0007][0007] 7.432079e+03 1.176e+00 9.53e+02 7.29e+03 1.38e+00
[iter][eval] cost actual_cost_change |grad| |TR| MQ
[0000][0000] 9.404833e+04 0.000e+00 7.24e+05 1.00e+01 1.00e+00
[0001][0001] 5.183639e+04 4.221e+04 7.24e+05 1.00e+01 1.50e+00
[0002][0002] 4.323605e+04 8.600e+03 2.68e+05 3.00e+01 1.43e+00
[0003][0003] 4.152207e+04 1.714e+03 1.19e+05 9.00e+01 1.57e+00
[0004][0004] 3.969832e+04 1.824e+03 5.14e+04 2.70e+02 2.14e+00
[0005][0005] 3.671598e+04 2.982e+03 6.48e+04 8.10e+02 2.02e+00
[0006][0006] 3.459169e+04 2.124e+03 5.65e+04 2.43e+03 1.52e+00
[0007][0007] 3.371956e+04 8.721e+02 7.81e+04 7.29e+03 1.75e+00
[0008][0008] 3.317758e+04 5.420e+02 8.45e+04 2.19e+04 1.85e+00
[0009][0009] 3.267463e+04 5.030e+02 7.88e+04 6.56e+04 2.07e+00
[0010][0010] 3.208855e+04 5.861e+02 7.11e+04 1.97e+05 2.15e+00
[0011][0011] 3.215749e+04 -6.894e+01 5.15e+04 5.90e+05 -2.38e+00
[0011][0012] 3.215749e+04 -6.894e+01 5.15e+04 2.95e+05 -2.38e+00
[0011][0013] 3.215749e+04 -6.894e+01 5.15e+04 7.38e+04 -2.38e+00
[0011][0014] 3.215749e+04 -6.893e+01 5.15e+04 9.23e+03 -2.38e+00
[0011][0015] 3.215746e+04 -6.891e+01 5.15e+04 5.77e+02 -2.37e+00
[0011][0016] 3.215670e+04 -6.815e+01 5.15e+04 1.80e+01 -2.35e+00
[0011][0017] 3.212160e+04 -3.305e+01 5.15e+04 2.82e-01 -1.14e+00
[0011][0018] 3.207151e+04 1.704e+01 5.15e+04 2.20e-03 1.17e+00
[iter][eval] cost actual_cost_change |grad| |TR| MQ
[0000][0000] 8.010882e+04 0.000e+00 6.93e+04 1.00e+01 1.00e+00
[0001][0001] 7.937915e+04 7.297e+02 6.93e+04 1.00e+01 1.35e+00
[0002][0002] 7.925236e+04 1.268e+02 2.19e+04 3.00e+01 1.42e+00
[0003][0003] 7.922943e+04 2.293e+01 6.61e+03 9.00e+01 1.43e+00
[0004][0004] 7.922498e+04 4.450e+00 1.82e+03 2.70e+02 1.45e+00
[0005][0005] 7.922405e+04 9.313e-01 8.86e+02 8.10e+02 1.47e+00
[0006][0006] 7.922384e+04 2.033e-01 6.24e+02 2.43e+03 1.47e+00
[0007][0007] 7.922380e+04 4.543e-02 3.98e+02 7.29e+03 1.48e+00
[0008][0008] 7.922379e+04 1.035e-02 2.31e+02 2.19e+04 1.48e+00
[0009][0009] 7.922378e+04 2.367e-03 1.25e+02 6.56e+04 1.48e+00
[0010][0010] 7.922378e+04 5.444e-04 6.53e+01 1.97e+05 1.48e+00
[0011][0011] 7.922378e+04 1.258e-04 3.34e+01 5.90e+05 1.48e+00
[0012][0012] 7.922378e+04 2.915e-05 1.68e+01 1.77e+06 1.48e+00
  ✅ Saved axis: NURBS_Output/Axes/Pot_A_Piece_09_Axis.xyz

--- Processing Pot_A_Piece_10 ---
[iter][eval] cost actual_cost_change |grad| |TR| MQ
[0000][0000] 1.366860e+04 0.000e+00 9.57e+04 1.00e+01 1.00e+00
[0001][0001] 9.103790e+03 4.565e+03 9.57e+04 1.00e+01 1.45e+00
[0002][0002] 7.840375e+03 1.263e+03 2.85e+04 3.00e+01 1.58e+00
[0003][0003] 7.500042e+03 3.403e+02 4.36e+03 9.00e+01 1.60e+00
[0004][0004] 7.438806e+03 6.124e+01 7.26e+02 2.70e+02 1.43e+00
[0005][0005] 7.432251e+03 6.555e+00 7.64e+02 8.10e+02 1.26e+00
[iter][eval] cost actual_cost_change |grad| |TR| MQ
[0000][0000] 1.703245e+04 0.000e+00 2.38e+05 1.00e+01 1.00e+00
[0001][0001] 1.034782e+04 6.685e+03 2.38e+05 1.00e+01 1.40e+00
[0002][0002] 8.522543e+03 1.825e+03 6.26e+04 3.00e+01 1.48e+00
[0003][0003] 7.738224e+03 7.843e+02 1.96e+04 9.00e+01 1.68e+00
[0004][0004] 7.486609e+03 2.516e+02 3.37e+03 2.70e+02 1.61e+00
[0005][0005] 7.438117e+03 4.849e+01 1.14e+03 8.10e+02 1.43e+00
[0006][0006] 7.432441e+03 5.677e+00 9.32e+02 2.43e+03 1.29e+00
[iter][eval] cost actual_cost_change |grad| |TR| MQ
[0000][0000] 9.070584e+03 0.000e+00 4.99e+03 1.00e+01 1.00e+00
[0001][0001] 7.670284e+03 1.400e+03 4.99e+03 1.00e+01 1.47e+00
[0002][0002] 7.458961e+03 2.113e+02 6.39e+03 3.00e+01 1.41e+00
[0003][0003] 7.433935e+03 2.503e+01 3.11e+03 9.00e+01 1.30e+00
[0004][0004] 7.432048e+03 1.887e+00 1.25e+03 2.70e+02 1.25e+00
[iter][eval] cost actual_cost_change |grad| |TR| MQ
[0000][0000] 1.043187e+04 0.000e+00 1.07e+05 1.00e+01 1.00e+00
[0001][0001] 9.642495e+03 7.894e+02 1.07e+05 1.00e+01 1.17e+00
[0002][0002] 9.545519e+03 9.698e+01 3.48e+04 3.00e+01 1.33e+00
[0003][0003] 9.531389e+03 1.413e+01 1.19e+04 9.00e+01 1.53e+00
[0004][0004] 9.526094e+03 5.295e+00 4.87e+03 2.70e+02 1.71e+00
[iter][eval] cost actual_cost_change |grad| |TR| MQ
[0000][0000] 1.784996e+04 0.000e+00 1.99e+05 1.00e+01 1.00e+00
[0001][0001] 9.723021e+03 8.127e+03 1.99e+05 1.00e+01 1.48e+00
[0002][0002] 7.820603e+03 1.902e+03 4.18e+04 3.00e+01 1.51e+00
[0003][0003] 7.480888e+03 3.397e+02 1.97e+03 9.00e+01 1.50e+00
[0004][0004] 7.435588e+03 4.530e+01 3.82e+03 2.70e+02 1.33e+00
[0005][0005] 7.432059e+03 3.530e+00 1.89e+03 8.10e+02 1.21e+00
[iter][eval] cost actual_cost_change |grad| |TR| MQ
[0000][0000] 1.046528e+04 0.000e+00 1.54e+05 1.00e+01 1.00e+00
[0001][0001] 7.982226e+03 2.483e+03 1.54e+05 1.00e+01 1.39e+00
[0002][0002] 7.528056e+03 4.542e+02 4.16e+04 3.00e+01 1.42e+00
[0003][0003] 7.448762e+03 7.929e+01 1.22e+04 9.00e+01 1.43e+00
[0004][0004] 7.434137e+03 1.462e+01 4.68e+03 2.70e+02 1.45e+00
[0005][0005] 7.431059e+03 3.078e+00 1.86e+03 8.10e+02 1.46e+00
[iter][eval] cost actual_cost_change |grad| |TR| MQ
[0000][0000] 1.693568e+04 0.000e+00 4.14e+05 1.00e+01 1.00e+00
[0001][0001] 1.200505e+04 4.931e+03 4.14e+05 1.00e+01 1.28e+00
[0002][0002] 9.841874e+03 2.163e+03 1.07e+05 3.00e+01 1.24e+00
[0003][0003] 8.570535e+03 1.271e+03 4.22e+04 9.00e+01 1.45e+00
[0004][0004] 7.793094e+03 7.774e+02 1.63e+04 2.70e+02 1.69e+00
[0005][0005] 7.504840e+03 2.883e+02 3.73e+03 8.10e+02 1.65e+00
[0006][0006] 7.441823e+03 6.302e+01 1.69e+03 2.43e+03 1.48e+00
[0007][0007] 7.432987e+03 8.836e+00 1.36e+03 7.29e+03 1.34e+00
[0008][0008] 7.432035e+03 9.522e-01 8.07e+02 2.19e+04 1.39e+00
[iter][eval] cost actual_cost_change |grad| |TR| MQ
[0000][0000] 2.118125e+04 0.000e+00 4.37e+05 1.00e+01 1.00e+00
[0001][0001] 1.208777e+04 9.093e+03 4.37e+05 1.00e+01 1.35e+00
[0002][0002] 9.989611e+03 2.098e+03 1.49e+05 3.00e+01 1.40e+00
[0003][0003] 9.686526e+03 3.031e+02 6.02e+04 9.00e+01 1.49e+00
[0004][0004] 9.595264e+03 9.126e+01 2.76e+04 2.70e+02 1.30e+00
[0005][0005] 9.580646e+03 1.462e+01 1.01e+04 8.10e+02 1.71e+00
[0006][0006] 9.553845e+03 2.680e+01 9.99e+03 2.43e+03 1.60e+00
[0007][0007] 9.540095e+03 1.375e+01 7.28e+03 7.29e+03 1.53e+00
[0008][0008] 9.533309e+03 6.785e+00 2.45e+03 2.19e+04 1.76e+00
[iter][eval] cost actual_cost_change |grad| |TR| MQ
[0000][0000] 1.516587e+04 0.000e+00 1.14e+05 1.00e+01 1.00e+00
[0001][0001] 1.109985e+04 4.066e+03 1.14e+05 1.00e+01 1.46e+00
[0002][0002] 1.008766e+04 1.012e+03 8.08e+04 3.00e+01 1.64e+00
[0003][0003] 9.742724e+03 3.449e+02 4.70e+04 9.00e+01 1.70e+00
[0004][0004] 9.615292e+03 1.274e+02 2.28e+04 2.70e+02 1.54e+00
[0005][0005] 9.571185e+03 4.411e+01 1.10e+04 8.10e+02 1.67e+00
[0006][0006] 9.550140e+03 2.105e+01 4.81e+03 2.43e+03 1.78e+00
[0007][0007] 9.535096e+03 1.504e+01 4.46e+03 7.29e+03 1.60e+00
[0008][0008] 9.528152e+03 6.945e+00 1.70e+03 2.19e+04 1.73e+00
[iter][eval] cost actual_cost_change |grad| |TR| MQ
[0000][0000] 1.613180e+04 0.000e+00 2.36e+05 1.00e+01 1.00e+00
[0001][0001] 1.251435e+04 3.617e+03 2.36e+05 1.00e+01 1.75e+00
[0002][0002] 9.845881e+03 2.668e+03 1.16e+05 3.00e+01 1.34e+00
[0003][0003] 9.677722e+03 1.682e+02 4.81e+04 9.00e+01 6.47e-01
[0004][0004] 9.544815e+03 1.329e+02 5.93e+03 9.23e+01 1.03e+00
[0005][0005] 9.526828e+03 1.799e+01 1.24e+04 2.77e+02 1.09e+00
[0006][0006] 9.524107e+03 2.722e+00 4.96e+03 8.31e+02 1.33e+00
[iter][eval] cost actual_cost_change |grad| |TR| MQ
[0000][0000] 8.010936e+04 0.000e+00 6.42e+04 1.00e+01 1.00e+00
[0001][0001] 7.938251e+04 7.269e+02 6.42e+04 1.00e+01 1.36e+00
[0002][0002] 7.925333e+04 1.292e+02 2.08e+04 3.00e+01 1.42e+00
[0003][0003] 7.922968e+04 2.365e+01 6.28e+03 9.00e+01 1.44e+00
[0004][0004] 7.922504e+04 4.639e+00 1.83e+03 2.70e+02 1.46e+00
[0005][0005] 7.922406e+04 9.789e-01 9.76e+02 8.10e+02 1.47e+00
[0006][0006] 7.922385e+04 2.151e-01 6.77e+02 2.43e+03 1.47e+00
[0007][0007] 7.922380e+04 4.826e-02 4.24e+02 7.29e+03 1.48e+00
[0008][0008] 7.922379e+04 1.103e-02 2.43e+02 2.19e+04 1.48e+00
[0009][0009] 7.922378e+04 2.528e-03 1.31e+02 6.56e+04 1.48e+00
[0010][0010] 7.922378e+04 5.821e-04 6.82e+01 1.97e+05 1.48e+00
[0011][0011] 7.922378e+04 1.346e-04 3.48e+01 5.90e+05 1.48e+00
[0012][0012] 7.922378e+04 3.121e-05 1.75e+01 1.77e+06 1.48e+00
  ✅ Saved axis: NURBS_Output/Axes/Pot_A_Piece_10_Axis.xyz

--- Processing Pot_A_Piece_11 ---
[iter][eval] cost actual_cost_change |grad| |TR| MQ
[0000][0000] 9.167993e+03 0.000e+00 5.70e+04 1.00e+01 1.00e+00
[0001][0001] 7.743433e+03 1.425e+03 5.70e+04 1.00e+01 1.37e+00
[0002][0002] 7.491897e+03 2.515e+02 2.31e+04 3.00e+01 1.39e+00
[0003][0003] 7.441605e+03 5.029e+01 1.00e+04 9.00e+01 1.39e+00
[0004][0004] 7.432526e+03 9.079e+00 4.52e+03 2.70e+02 1.44e+00
[0005][0005] 7.430691e+03 1.835e+00 1.98e+03 8.10e+02 1.44e+00
[iter][eval] cost actual_cost_change |grad| |TR| MQ
[0000][0000] 1.236440e+04 0.000e+00 1.04e+05 1.00e+01 1.00e+00
[0001][0001] 1.012439e+04 2.240e+03 1.04e+05 1.00e+01 1.46e+00
[0002][0002] 9.668512e+03 4.559e+02 5.61e+04 3.00e+01 1.41e+00
[0003][0003] 9.564237e+03 1.043e+02 2.90e+04 9.00e+01 1.26e+00
[0004][0004] 9.541962e+03 2.228e+01 9.07e+03 2.70e+02 1.63e+00
[0005][0005] 9.531618e+03 1.034e+01 4.49e+03 8.10e+02 1.73e+00
[0006][0006] 9.526356e+03 5.262e+00 2.40e+03 2.43e+03 1.74e+00
[iter][eval] cost actual_cost_change |grad| |TR| MQ
[0000][0000] 1.431348e+04 0.000e+00 1.61e+05 1.00e+01 1.00e+00
[0001][0001] 9.045037e+03 5.268e+03 1.61e+05 1.00e+01 1.37e+00
[0002][0002] 7.718552e+03 1.326e+03 7.71e+04 3.00e+01 1.36e+00
[0003][0003] 7.489148e+03 2.294e+02 2.97e+04 9.00e+01 1.42e+00
[0004][0004] 7.441719e+03 4.743e+01 1.22e+04 2.70e+02 1.41e+00
[0005][0005] 7.432569e+03 9.150e+00 5.45e+03 8.10e+02 1.44e+00
[0006][0006] 7.430702e+03 1.867e+00 2.35e+03 2.43e+03 1.44e+00
[iter][eval] cost actual_cost_change |grad| |TR| MQ
[0000][0000] 1.221919e+04 0.000e+00 1.18e+04 1.00e+01 1.00e+00
[0001][0001] 8.192210e+03 4.027e+03 1.18e+04 1.00e+01 1.46e+00
[0002][0002] 7.538663e+03 6.535e+02 9.55e+03 3.00e+01 1.42e+00
[0003][0003] 7.446065e+03 9.260e+01 5.94e+03 9.00e+01 1.37e+00
[0004][0004] 7.434185e+03 1.188e+01 2.94e+03 2.70e+02 1.36e+00
[0005][0005] 7.432277e+03 1.908e+00 1.35e+03 8.10e+02 1.43e+00
[iter][eval] cost actual_cost_change |grad| |TR| MQ
[0000][0000] 1.261920e+04 0.000e+00 6.24e+04 1.00e+01 1.00e+00
[0001][0001] 8.318274e+03 4.301e+03 6.24e+04 1.00e+01 1.40e+00
[0002][0002] 7.551598e+03 7.667e+02 3.38e+04 3.00e+01 1.38e+00
[0003][0003] 7.451213e+03 1.004e+02 1.52e+04 9.00e+01 1.38e+00
[0004][0004] 7.435529e+03 1.568e+01 6.83e+03 2.70e+02 1.41e+00
[0005][0005] 7.432544e+03 2.985e+00 2.83e+03 8.10e+02 1.44e+00
[iter][eval] cost actual_cost_change |grad| |TR| MQ
[0000][0000] 1.414226e+04 0.000e+00 2.83e+05 1.00e+01 1.00e+00
[0001][0001] 9.317518e+03 4.825e+03 2.83e+05 1.00e+01 1.32e+00
[0002][0002] 7.987649e+03 1.330e+03 9.61e+04 3.00e+01 1.27e+00
[0003][0003] 7.549613e+03 4.380e+02 3.36e+04 9.00e+01 1.24e+00
[0004][0004] 7.455119e+03 9.449e+01 1.35e+04 2.70e+02 1.40e+00
[0005][0005] 7.435775e+03 1.934e+01 6.37e+03 8.10e+02 1.43e+00
[0006][0006] 7.431865e+03 3.910e+00 2.80e+03 2.43e+03 1.44e+00
[iter][eval] cost actual_cost_change |grad| |TR| MQ
[0000][0000] 1.501815e+04 0.000e+00 3.11e+05 1.00e+01 1.00e+00
[0001][0001] 1.020017e+04 4.818e+03 3.11e+05 1.00e+01 1.25e+00
[0002][0002] 8.524422e+03 1.676e+03 9.24e+04 3.00e+01 1.22e+00
[0003][0003] 7.749087e+03 7.753e+02 3.59e+04 9.00e+01 1.27e+00
[0004][0004] 7.491286e+03 2.578e+02 1.33e+04 2.70e+02 1.21e+00
[0005][0005] 7.442256e+03 4.903e+01 6.96e+03 8.10e+02 1.40e+00
[0006][0006] 7.433150e+03 9.106e+00 3.55e+03 2.43e+03 1.43e+00
[0007][0007] 7.431335e+03 1.815e+00 1.65e+03 7.29e+03 1.44e+00
[iter][eval] cost actual_cost_change |grad| |TR| MQ
[0000][0000] 1.165985e+04 0.000e+00 7.93e+04 1.00e+01 1.00e+00
[0001][0001] 8.401261e+03 3.259e+03 7.93e+04 1.00e+01 1.44e+00
[0002][0002] 7.632897e+03 7.684e+02 2.46e+04 3.00e+01 1.42e+00
[0003][0003] 7.465249e+03 1.676e+02 9.49e+03 9.00e+01 1.42e+00
[0004][0004] 7.434943e+03 3.031e+01 3.64e+03 2.70e+02 1.32e+00
[0005][0005] 7.431189e+03 3.754e+00 1.12e+03 8.10e+02 1.43e+00
[iter][eval] cost actual_cost_change |grad| |TR| MQ
[0000][0000] 1.122129e+04 0.000e+00 1.20e+05 1.00e+01 1.00e+00
[0001][0001] 9.875190e+03 1.346e+03 1.20e+05 1.00e+01 1.21e+00
[0002][0002] 9.632599e+03 2.426e+02 4.59e+04 3.00e+01 1.43e+00
[0003][0003] 9.571912e+03 6.069e+01 1.88e+04 9.00e+01 1.60e+00
[0004][0004] 9.546536e+03 2.538e+01 7.48e+03 2.70e+02 1.70e+00
[0005][0005] 9.533985e+03 1.255e+01 3.80e+03 8.10e+02 1.74e+00
[0006][0006] 9.527599e+03 6.385e+00 2.30e+03 2.43e+03 1.74e+00
[iter][eval] cost actual_cost_change |grad| |TR| MQ
[0000][0000] 1.875716e+04 0.000e+00 1.83e+05 1.00e+01 1.00e+00
[0001][0001] 1.034535e+04 8.412e+03 1.83e+05 1.00e+01 1.49e+00
[0002][0002] 8.171074e+03 2.174e+03 6.08e+04 3.00e+01 1.56e+00
[0003][0003] 7.572123e+03 5.990e+02 1.20e+04 9.00e+01 1.62e+00
[0004][0004] 7.450187e+03 1.219e+02 3.62e+02 2.70e+02 1.50e+00
[0005][0005] 7.433325e+03 1.686e+01 5.49e+02 8.10e+02 1.32e+00
[0006][0006] 7.432027e+03 1.298e+00 3.26e+02 2.43e+03 1.27e+00
[iter][eval] cost actual_cost_change |grad| |TR| MQ
[0000][0000] 8.016920e+04 0.000e+00 9.37e+04 1.00e+01 1.00e+00
[0001][0001] 7.939077e+04 7.784e+02 9.37e+04 1.00e+01 1.40e+00
[0002][0002] 7.924833e+04 1.424e+02 3.10e+04 3.00e+01 1.33e+00
[0003][0003] 7.922816e+04 2.017e+01 8.88e+03 9.00e+01 1.40e+00
[0004][0004] 7.922465e+04 3.513e+00 2.29e+03 2.70e+02 1.43e+00
[0005][0005] 7.922396e+04 6.853e-01 5.27e+02 8.10e+02 1.45e+00
[0006][0006] 7.922382e+04 1.417e-01 3.15e+02 2.43e+03 1.46e+00
[0007][0007] 7.922379e+04 3.045e-02 2.42e+02 7.29e+03 1.47e+00
[0008][0008] 7.922379e+04 6.724e-03 1.54e+02 2.19e+04 1.47e+00
[0009][0009] 7.922378e+04 1.505e-03 8.79e+01 6.56e+04 1.48e+00
[0010][0010] 7.922378e+04 3.413e-04 4.74e+01 1.97e+05 1.48e+00
[0011][0011] 7.922378e+04 7.806e-05 2.47e+01 5.90e+05 1.48e+00
  ✅ Saved axis: NURBS_Output/Axes/Pot_A_Piece_11_Axis.xyz

--- Processing Pot_A_Piece_12 ---
[iter][eval] cost actual_cost_change |grad| |TR| MQ
[0000][0000] 1.095580e+04 0.000e+00 3.83e+04 1.00e+01 1.00e+00
[0001][0001] 8.098333e+03 2.857e+03 3.83e+04 1.00e+01 1.50e+00
[0002][0002] 7.532172e+03 5.662e+02 4.18e+03 3.00e+01 1.55e+00
[0003][0003] 7.441978e+03 9.019e+01 2.06e+03 9.00e+01 1.42e+00
[0004][0004] 7.432467e+03 9.512e+00 1.17e+03 2.70e+02 1.25e+00
[0005][0005] 7.431915e+03 5.515e-01 3.94e+02 8.10e+02 1.27e+00
[iter][eval] cost actual_cost_change |grad| |TR| MQ
[0000][0000] 9.661328e+03 0.000e+00 1.93e+04 1.00e+01 1.00e+00
[0001][0001] 7.751191e+03 1.910e+03 1.93e+04 1.00e+01 1.50e+00
[0002][0002] 7.470359e+03 2.808e+02 3.65e+03 3.00e+01 1.47e+00
[0003][0003] 7.434863e+03 3.550e+01 3.27e+03 9.00e+01 1.31e+00
[0004][0004] 7.432111e+03 2.753e+00 1.54e+03 2.70e+02 1.23e+00
[iter][eval] cost actual_cost_change |grad| |TR| MQ
[0000][0000] 1.485422e+04 0.000e+00 6.90e+04 1.00e+01 1.00e+00
[0001][0001] 8.820873e+03 6.033e+03 6.90e+04 1.00e+01 1.48e+00
[0002][0002] 7.660966e+03 1.160e+03 6.39e+03 3.00e+01 1.52e+00
[0003][0003] 7.460344e+03 2.006e+02 4.98e+03 9.00e+01 1.45e+00
[0004][0004] 7.434537e+03 2.581e+01 3.15e+03 2.70e+02 1.32e+00
[0005][0005] 7.432231e+03 2.306e+00 1.27e+03 8.10e+02 1.31e+00
[iter][eval] cost actual_cost_change |grad| |TR| MQ
[0000][0000] 1.570234e+04 0.000e+00 4.93e+04 1.00e+01 1.00e+00
[0001][0001] 9.040805e+03 6.662e+03 4.93e+04 1.00e+01 1.42e+00
[0002][0002] 7.671031e+03 1.370e+03 3.53e+04 3.00e+01 1.40e+00
[0003][0003] 7.470044e+03 2.010e+02 1.71e+04 9.00e+01 1.40e+00
[0004][0004] 7.438845e+03 3.120e+01 8.30e+03 2.70e+02 1.39e+00
[0005][0005] 7.433232e+03 5.612e+00 3.58e+03 8.10e+02 1.44e+00
[iter][eval] cost actual_cost_change |grad| |TR| MQ
[0000][0000] 1.529658e+04 0.000e+00 1.69e+05 1.00e+01 1.00e+00
[0001][0001] 1.072643e+04 4.570e+03 1.69e+05 1.00e+01 1.43e+00
[0002][0002] 9.822653e+03 9.038e+02 7.92e+04 3.00e+01 1.48e+00
[0003][0003] 9.614675e+03 2.080e+02 3.86e+04 9.00e+01 1.76e+00
[0004][0004] 9.552534e+03 6.214e+01 1.99e+04 2.70e+02 1.35e+00
[0005][0005] 9.536467e+03 1.607e+01 6.73e+03 8.10e+02 1.67e+00
[0006][0006] 9.528828e+03 7.639e+00 3.50e+03 2.43e+03 1.73e+00
[iter][eval] cost actual_cost_change |grad| |TR| MQ
[0000][0000] 1.410056e+04 0.000e+00 3.66e+04 1.00e+01 1.00e+00
[0001][0001] 8.905458e+03 5.195e+03 3.66e+04 1.00e+01 1.49e+00
[0002][0002] 7.760850e+03 1.145e+03 1.03e+04 3.00e+01 1.60e+00
[0003][0003] 7.484280e+03 2.766e+02 2.73e+03 9.00e+01 1.52e+00
[0004][0004] 7.438162e+03 4.612e+01 1.68e+03 2.70e+02 1.40e+00
[0005][0005] 7.432724e+03 5.438e+00 8.97e+02 8.10e+02 1.32e+00
[iter][eval] cost actual_cost_change |grad| |TR| MQ
[0000][0000] 1.377212e+04 0.000e+00 1.65e+05 1.00e+01 1.00e+00
[0001][0001] 9.485872e+03 4.286e+03 1.65e+05 1.00e+01 1.42e+00
[0002][0002] 8.013420e+03 1.472e+03 5.83e+04 3.00e+01 1.51e+00
[0003][0003] 7.545101e+03 4.683e+02 9.03e+03 9.00e+01 1.64e+00
[0004][0004] 7.446185e+03 9.892e+01 9.90e+02 2.70e+02 1.50e+00
[0005][0005] 7.432921e+03 1.326e+01 1.20e+03 8.10e+02 1.31e+00
[0006][0006] 7.431954e+03 9.677e-01 7.56e+02 2.43e+03 1.24e+00
[iter][eval] cost actual_cost_change |grad| |TR| MQ
[0000][0000] 1.370705e+04 0.000e+00 2.23e+05 1.00e+01 1.00e+00
[0001][0001] 1.093746e+04 2.770e+03 2.23e+05 1.00e+01 9.60e-01
[0002][0002] 9.830279e+03 1.107e+03 3.24e+04 3.00e+01 1.21e+00
[0003][0003] 9.575968e+03 2.543e+02 2.72e+04 9.00e+01 1.26e+00
[0004][0004] 9.523755e+03 5.221e+01 2.05e+04 2.70e+02 1.22e+00
[0005][0005] 9.521024e+03 2.731e+00 5.15e+03 8.10e+02 1.16e+00
[iter][eval] cost actual_cost_change |grad| |TR| MQ
[0000][0000] 1.087521e+04 0.000e+00 9.67e+04 1.00e+01 1.00e+00
[0001][0001] 9.784858e+03 1.090e+03 9.67e+04 1.00e+01 1.34e+00
[0002][0002] 9.591635e+03 1.932e+02 3.11e+04 3.00e+01 1.70e+00
[0003][0003] 9.542230e+03 4.941e+01 1.50e+04 9.00e+01 1.32e+00
[0004][0004] 9.531324e+03 1.091e+01 1.46e+03 2.70e+02 1.65e+00
[0005][0005] 9.526202e+03 5.122e+00 4.76e+02 8.10e+02 1.74e+00
[iter][eval] cost actual_cost_change |grad| |TR| MQ
[0000][0000] 1.091858e+04 0.000e+00 2.46e+05 1.00e+01 1.00e+00
[0001][0001] 9.792761e+03 1.126e+03 2.46e+05 1.00e+01 1.35e+00
[0002][0002] 9.614999e+03 1.778e+02 9.33e+04 3.00e+01 1.34e+00
[0003][0003] 9.576026e+03 3.897e+01 3.19e+04 9.00e+01 1.57e+00
[0004][0004] 9.556180e+03 1.985e+01 1.14e+04 2.70e+02 1.62e+00
[0005][0005] 9.543839e+03 1.234e+01 2.04e+03 8.10e+02 1.73e+00
[0006][0006] 9.535819e+03 8.020e+00 6.78e+02 2.43e+03 1.78e+00
[iter][eval] cost actual_cost_change |grad| |TR| MQ
[0000][0000] 8.008864e+04 0.000e+00 7.22e+04 1.00e+01 1.00e+00
[0001][0001] 7.937366e+04 7.150e+02 7.22e+04 1.00e+01 1.34e+00
[0002][0002] 7.925109e+04 1.226e+02 2.27e+04 3.00e+01 1.42e+00
[0003][0003] 7.922913e+04 2.196e+01 6.91e+03 9.00e+01 1.43e+00
[0004][0004] 7.922491e+04 4.226e+00 1.86e+03 2.70e+02 1.45e+00
[0005][0005] 7.922403e+04 8.783e-01 8.17e+02 8.10e+02 1.46e+00
[0006][0006] 7.922384e+04 1.907e-01 5.77e+02 2.43e+03 1.47e+00
[0007][0007] 7.922380e+04 4.247e-02 3.74e+02 7.29e+03 1.48e+00
[0008][0008] 7.922379e+04 9.654e-03 2.19e+02 2.19e+04 1.48e+00
[0009][0009] 7.922378e+04 2.203e-03 1.19e+02 6.56e+04 1.48e+00
[0010][0010] 7.922378e+04 5.062e-04 6.24e+01 1.97e+05 1.48e+00
[0011][0011] 7.922378e+04 1.169e-04 3.20e+01 5.90e+05 1.48e+00
[0012][0012] 7.922378e+04 2.708e-05 1.61e+01 1.77e+06 1.48e+00
  ✅ Saved axis: NURBS_Output/Axes/Pot_A_Piece_12_Axis.xyz

--- Processing Pot_A_Piece_13 ---
[iter][eval] cost actual_cost_change |grad| |TR| MQ
[0000][0000] 1.081351e+04 0.000e+00 5.67e+04 1.00e+01 1.00e+00
[0001][0001] 9.846941e+03 9.666e+02 5.67e+04 1.00e+01 1.45e+00
[0002][0002] 9.625828e+03 2.211e+02 1.96e+04 3.00e+01 1.60e+00
[0003][0003] 9.568574e+03 5.725e+01 7.10e+03 9.00e+01 1.63e+00
[0004][0004] 9.544998e+03 2.358e+01 2.38e+03 2.70e+02 1.72e+00
[0005][0005] 9.533212e+03 1.179e+01 2.14e+03 8.10e+02 1.74e+00
[0006][0006] 9.527208e+03 6.004e+00 1.66e+03 2.43e+03 1.75e+00
[iter][eval] cost actual_cost_change |grad| |TR| MQ
[0000][0000] 1.630294e+04 0.000e+00 1.73e+05 1.00e+01 1.00e+00
[0001][0001] 9.360691e+03 6.942e+03 1.73e+05 1.00e+01 1.46e+00
[0002][0002] 7.752190e+03 1.609e+03 3.46e+04 3.00e+01 1.53e+00
[0003][0003] 7.471209e+03 2.810e+02 2.13e+03 9.00e+01 1.50e+00
[0004][0004] 7.434506e+03 3.670e+01 2.98e+03 2.70e+02 1.32e+00
[0005][0005] 7.431945e+03 2.561e+00 1.42e+03 8.10e+02 1.18e+00
[iter][eval] cost actual_cost_change |grad| |TR| MQ
[0000][0000] 1.298577e+04 0.000e+00 1.44e+05 1.00e+01 1.00e+00
[0001][0001] 1.055200e+04 2.434e+03 1.44e+05 1.00e+01 1.45e+00
[0002][0002] 9.895696e+03 6.563e+02 8.29e+04 3.00e+01 1.64e+00
[0003][0003] 9.659351e+03 2.363e+02 4.07e+04 9.00e+01 1.48e+00
[0004][0004] 9.590929e+03 6.842e+01 1.91e+04 2.70e+02 1.65e+00
[0005][0005] 9.560418e+03 3.051e+01 8.36e+03 8.10e+02 1.70e+00
[0006][0006] 9.544054e+03 1.636e+01 3.69e+03 2.43e+03 1.92e+00
[0007][0007] 9.531988e+03 1.207e+01 4.37e+03 7.29e+03 1.56e+00
[0008][0008] 9.526533e+03 5.455e+00 1.43e+03 2.19e+04 1.73e+00
[iter][eval] cost actual_cost_change |grad| |TR| MQ
[0000][0000] 1.452570e+04 0.000e+00 1.21e+05 1.00e+01 1.00e+00
[0001][0001] 8.867252e+03 5.658e+03 1.21e+05 1.00e+01 1.43e+00
[0002][0002] 7.681708e+03 1.186e+03 3.59e+04 3.00e+01 1.42e+00
[0003][0003] 7.470457e+03 2.113e+02 1.11e+04 9.00e+01 1.40e+00
[0004][0004] 7.438661e+03 3.180e+01 4.25e+03 2.70e+02 1.38e+00
[0005][0005] 7.433215e+03 5.446e+00 1.76e+03 8.10e+02 1.45e+00
[iter][eval] cost actual_cost_change |grad| |TR| MQ
[0000][0000] 9.024020e+03 0.000e+00 2.10e+04 1.00e+01 1.00e+00
[0001][0001] 8.103292e+03 9.207e+02 2.10e+04 1.00e+01 1.65e+00
[0002][0002] 7.609067e+03 4.942e+02 7.56e+03 3.00e+01 1.73e+00
[0003][0003] 7.463297e+03 1.458e+02 2.70e+03 9.00e+01 1.58e+00
[0004][0004] 7.435982e+03 2.731e+01 2.04e+03 2.70e+02 1.42e+00
[0005][0005] 7.432501e+03 3.481e+00 1.27e+03 8.10e+02 1.36e+00
[iter][eval] cost actual_cost_change |grad| |TR| MQ
[0000][0000] 7.537134e+04 0.000e+00 1.18e+06 1.00e+01 1.00e+00
[0001][0001] 4.386163e+04 3.151e+04 1.18e+06 1.00e+01 1.46e+00
[0002][0002] 3.685121e+04 7.010e+03 7.12e+05 3.00e+01 1.34e+00
[0003][0003] 3.360775e+04 3.243e+03 2.86e+04 9.00e+01 1.11e+00
[0004][0004] 3.334649e+04 2.613e+02 1.05e+05 2.70e+02 1.36e+00
[0005][0005] 3.327026e+04 7.623e+01 5.02e+04 8.10e+02 1.87e+00
[0006][0006] 3.315593e+04 1.143e+02 2.97e+04 2.43e+03 2.22e+00
[0007][0007] 3.298663e+04 1.693e+02 3.91e+04 7.29e+03 2.04e+00
[0008][0008] 3.280755e+04 1.791e+02 4.64e+04 2.19e+04 1.87e+00
[0009][0009] 3.268254e+04 1.250e+02 4.45e+04 6.56e+04 1.84e+00
[0010][0010] 3.258968e+04 9.286e+01 4.04e+04 1.97e+05 1.86e+00
[0011][0011] 3.251410e+04 7.558e+01 3.55e+04 5.90e+05 1.82e+00
[0012][0012] 3.248218e+04 3.193e+01 2.76e+04 1.77e+06 1.75e+00
[iter][eval] cost actual_cost_change |grad| |TR| MQ
[0000][0000] 1.514752e+04 0.000e+00 1.91e+05 1.00e+01 1.00e+00
[0001][0001] 1.124957e+04 3.898e+03 1.91e+05 1.00e+01 1.26e+00
[0002][0002] 9.430559e+03 1.819e+03 8.64e+04 3.00e+01 1.32e+00
[0003][0003] 8.288806e+03 1.142e+03 3.42e+04 9.00e+01 1.52e+00
[0004][0004] 7.659348e+03 6.295e+02 1.09e+04 2.70e+02 1.71e+00
[0005][0005] 7.472554e+03 1.868e+02 2.17e+03 8.10e+02 1.60e+00
[0006][0006] 7.436740e+03 3.581e+01 1.70e+03 2.43e+03 1.42e+00
[0007][0007] 7.432457e+03 4.283e+00 1.23e+03 7.29e+03 1.32e+00
[iter][eval] cost actual_cost_change |grad| |TR| MQ
[0000][0000] 2.335447e+04 0.000e+00 2.59e+05 1.00e+01 1.00e+00
[0001][0001] 1.244634e+04 1.091e+04 2.59e+05 1.00e+01 1.41e+00
[0002][0002] 9.145406e+03 3.301e+03 1.40e+05 3.00e+01 1.43e+00
[0003][0003] 7.911787e+03 1.234e+03 4.26e+04 9.00e+01 1.58e+00
[0004][0004] 7.523185e+03 3.886e+02 6.27e+03 2.70e+02 1.64e+00
[0005][0005] 7.443094e+03 8.009e+01 1.23e+03 8.10e+02 1.48e+00
[0006][0006] 7.432744e+03 1.035e+01 1.25e+03 2.43e+03 1.30e+00
[0007][0007] 7.431956e+03 7.876e-01 7.50e+02 7.29e+03 1.29e+00
[iter][eval] cost actual_cost_change |grad| |TR| MQ
[0000][0000] 1.107588e+05 0.000e+00 7.66e+05 1.00e+01 1.00e+00
[0001][0001] 5.650137e+04 5.426e+04 7.66e+05 1.00e+01 1.47e+00
[0002][0002] 4.471218e+04 1.179e+04 2.51e+05 3.00e+01 1.46e+00
[0003][0003] 4.229934e+04 2.413e+03 1.55e+05 9.00e+01 1.34e+00
[0004][0004] 4.166891e+04 6.304e+02 7.62e+04 2.70e+02 2.21e+00
[0005][0005] 4.127378e+04 3.951e+02 1.75e+05 8.10e+02 9.36e-01
[0006][0006] 4.032310e+04 9.507e+02 7.21e+04 2.40e+03 1.38e+00
[0007][0007] 3.804007e+04 2.283e+03 3.52e+04 7.19e+03 2.57e+00
[0008][0008] 3.329052e+04 4.750e+03 4.15e+04 2.16e+04 1.86e+00
[0009][0009] 3.103656e+04 2.254e+03 1.05e+05 6.47e+04 2.23e+00
[0010][0010] 2.655095e+04 4.486e+03 8.20e+04 1.94e+05 1.86e+00
[0011][0011] 2.297220e+04 3.579e+03 2.38e+05 5.82e+05 1.42e+00
[0012][0012] 1.982139e+04 3.151e+03 1.58e+05 1.75e+06 1.52e+00
[0013][0013] 1.531524e+04 4.506e+03 1.06e+05 5.24e+06 1.42e+00
[0014][0014] 1.276181e+04 2.553e+03 6.65e+04 1.57e+07 1.41e+00
[0015][0015] 1.167667e+04 1.085e+03 3.77e+04 4.71e+07 1.58e+00
[0016][0016] 1.031433e+04 1.362e+03 3.20e+04 1.41e+08 1.55e+00
[0017][0017] 9.091212e+03 1.223e+03 2.69e+04 4.24e+08 1.58e+00
[0018][0018] 8.174263e+03 9.169e+02 2.06e+04 1.27e+09 1.78e+00
[0019][0019] 7.642546e+03 5.317e+02 8.77e+03 3.82e+09 1.76e+00
[0020][0020] 7.473111e+03 1.694e+02 3.38e+03 1.15e+10 1.60e+00
[0021][0021] 7.437932e+03 3.518e+01 2.40e+03 3.44e+10 1.45e+00
[0022][0022] 7.432856e+03 5.076e+00 1.46e+03 1.03e+11 1.38e+00
[iter][eval] cost actual_cost_change |grad| |TR| MQ
[0000][0000] 2.043120e+04 0.000e+00 5.75e+04 1.00e+01 1.00e+00
[0001][0001] 9.999533e+03 1.043e+04 5.75e+04 1.00e+01 1.50e+00
[0002][0002] 7.817686e+03 2.182e+03 5.97e+03 3.00e+01 1.45e+00
[0003][0003] 7.485785e+03 3.319e+02 1.41e+04 9.00e+01 1.42e+00
[0004][0004] 7.439757e+03 4.603e+01 8.99e+03 2.70e+02 1.35e+00
[0005][0005] 7.433310e+03 6.447e+00 4.19e+03 8.10e+02 1.40e+00
[iter][eval] cost actual_cost_change |grad| |TR| MQ
[0000][0000] 1.007111e+05 0.000e+00 2.83e+05 1.00e+01 1.00e+00
[0001][0001] 9.314967e+04 7.561e+03 2.83e+05 1.00e+01 1.53e+00
[0002][0002] 8.517924e+04 7.970e+03 8.79e+04 3.00e+01 1.40e+00
[0003][0003] 8.147146e+04 3.708e+03 1.35e+04 9.00e+01 1.44e+00
[0004][0004] 7.995272e+04 1.519e+03 8.09e+03 2.70e+02 1.50e+00
[0005][0005] 7.942636e+04 5.264e+02 3.75e+03 8.10e+02 1.46e+00
[0006][0006] 7.927542e+04 1.509e+02 4.31e+03 2.43e+03 1.45e+00
[0007][0007] 7.923400e+04 4.142e+01 4.24e+03 7.29e+03 1.45e+00
[0008][0008] 7.922527e+04 8.727e+00 2.76e+03 2.19e+04 1.30e+00
[0009][0009] 7.922409e+04 1.183e+00 1.84e+03 6.56e+04 1.43e+00
[0010][0010] 7.922385e+04 2.378e-01 1.01e+03 1.97e+05 1.46e+00
[0011][0011] 7.922380e+04 5.138e-02 5.29e+02 5.90e+05 1.47e+00
[0012][0012] 7.922379e+04 1.136e-02 2.71e+02 1.77e+06 1.47e+00
[0013][0013] 7.922378e+04 2.537e-03 1.37e+02 5.31e+06 1.47e+00
[0014][0014] 7.922378e+04 5.687e-04 6.84e+01 1.59e+07 1.47e+00
[0015][0015] 7.922378e+04 1.283e-04 3.38e+01 4.78e+07 1.48e+00
[0016][0016] 7.922378e+04 2.912e-05 1.66e+01 1.43e+08 1.48e+00
[iter][eval] cost actual_cost_change |grad| |TR| MQ
[0000][0000] 8.007385e+04 0.000e+00 7.59e+04 1.00e+01 1.00e+00
[0001][0001] 7.936944e+04 7.044e+02 7.59e+04 1.00e+01 1.34e+00
[0002][0002] 7.924998e+04 1.195e+02 2.44e+04 3.00e+01 1.41e+00
[0003][0003] 7.922885e+04 2.112e+01 7.59e+03 9.00e+01 1.43e+00
[0004][0004] 7.922484e+04 4.016e+00 2.06e+03 2.70e+02 1.45e+00
[0005][0005] 7.922401e+04 8.257e-01 7.65e+02 8.10e+02 1.46e+00
[0006][0006] 7.922383e+04 1.778e-01 5.19e+02 2.43e+03 1.47e+00
[0007][0007] 7.922379e+04 3.940e-02 3.43e+02 7.29e+03 1.47e+00
[0008][0008] 7.922379e+04 8.928e-03 2.04e+02 2.19e+04 1.48e+00
[0009][0009] 7.922378e+04 2.033e-03 1.12e+02 6.56e+04 1.48e+00
[0010][0010] 7.922378e+04 4.667e-04 5.90e+01 1.97e+05 1.48e+00
[0011][0011] 7.922378e+04 1.077e-04 3.04e+01 5.90e+05 1.48e+00
[0012][0012] 7.922378e+04 2.495e-05 1.53e+01 1.77e+06 1.48e+00
  ✅ Saved axis: NURBS_Output/Axes/Pot_A_Piece_13_Axis.xyz

--- Processing Pot_A_Piece_14 ---
[iter][eval] cost actual_cost_change |grad| |TR| MQ
[0000][0000] 1.061814e+04 0.000e+00 5.25e+04 1.00e+01 1.00e+00
[0001][0001] 8.061269e+03 2.557e+03 5.25e+04 1.00e+01 1.51e+00
[0002][0002] 7.526248e+03 5.350e+02 5.16e+03 3.00e+01 1.55e+00
[0003][0003] 7.441492e+03 8.476e+01 2.37e+03 9.00e+01 1.42e+00
[0004][0004] 7.432487e+03 9.004e+00 1.31e+03 2.70e+02 1.26e+00
[0005][0005] 7.431926e+03 5.614e-01 4.38e+02 8.10e+02 1.30e+00
[iter][eval] cost actual_cost_change |grad| |TR| MQ
[0000][0000] 1.170187e+04 0.000e+00 1.35e+05 1.00e+01 1.00e+00
[0001][0001] 9.925316e+03 1.777e+03 1.35e+05 1.00e+01 1.45e+00
[0002][0002] 9.637821e+03 2.875e+02 5.07e+04 3.00e+01 1.61e+00
[0003][0003] 9.558182e+03 7.964e+01 2.49e+04 9.00e+01 1.57e+00
[0004][0004] 9.526628e+03 3.155e+01 1.63e+04 2.70e+02 1.40e+00
[0005][0005] 9.522975e+03 3.653e+00 5.15e+03 8.10e+02 1.35e+00
[iter][eval] cost actual_cost_change |grad| |TR| MQ
[0000][0000] 1.018272e+04 0.000e+00 1.63e+05 1.00e+01 1.00e+00
[0001][0001] 8.032917e+03 2.150e+03 1.63e+05 1.00e+01 1.33e+00
[0002][0002] 7.559405e+03 4.735e+02 4.35e+04 3.00e+01 1.37e+00
[0003][0003] 7.455593e+03 1.038e+02 1.31e+04 9.00e+01 1.38e+00
[0004][0004] 7.435852e+03 1.974e+01 5.67e+03 2.70e+02 1.43e+00
[0005][0005] 7.431905e+03 3.948e+00 2.39e+03 8.10e+02 1.45e+00
[iter][eval] cost actual_cost_change |grad| |TR| MQ
[0000][0000] 9.928324e+03 0.000e+00 6.44e+04 1.00e+01 1.00e+00
[0001][0001] 8.029336e+03 1.899e+03 6.44e+04 1.00e+01 1.33e+00
[0002][0002] 7.553806e+03 4.755e+02 2.82e+04 3.00e+01 1.34e+00
[0003][0003] 7.457387e+03 9.642e+01 1.27e+04 9.00e+01 1.42e+00
[0004][0004] 7.436269e+03 2.112e+01 6.21e+03 2.70e+02 1.43e+00
[0005][0005] 7.431969e+03 4.300e+00 2.90e+03 8.10e+02 1.44e+00
[iter][eval] cost actual_cost_change |grad| |TR| MQ
[0000][0000] 1.047017e+04 0.000e+00 1.44e+05 1.00e+01 1.00e+00
[0001][0001] 8.001987e+03 2.468e+03 1.44e+05 1.00e+01 1.33e+00
[0002][0002] 7.532582e+03 4.694e+02 4.96e+04 3.00e+01 1.36e+00
[0003][0003] 7.452146e+03 8.044e+01 1.80e+04 9.00e+01 1.44e+00
[0004][0004] 7.435187e+03 1.696e+01 7.79e+03 2.70e+02 1.44e+00
[0005][0005] 7.431747e+03 3.440e+00 3.31e+03 8.10e+02 1.44e+00
[iter][eval] cost actual_cost_change |grad| |TR| MQ
[0000][0000] 8.545761e+03 0.000e+00 4.04e+04 1.00e+01 1.00e+00
[0001][0001] 7.740938e+03 8.048e+02 4.04e+04 1.00e+01 1.23e+00
[0002][0002] 7.494838e+03 2.461e+02 1.68e+04 3.00e+01 1.30e+00
[0003][0003] 7.443290e+03 5.155e+01 7.90e+03 9.00e+01 1.37e+00
[0004][0004] 7.433366e+03 9.924e+00 3.84e+03 2.70e+02 1.43e+00
[0005][0005] 7.431378e+03 1.987e+00 1.76e+03 8.10e+02 1.44e+00
[iter][eval] cost actual_cost_change |grad| |TR| MQ
[0000][0000] 1.604794e+04 0.000e+00 4.95e+04 1.00e+01 1.00e+00
[0001][0001] 9.225406e+03 6.823e+03 4.95e+04 1.00e+01 1.43e+00
[0002][0002] 7.708620e+03 1.517e+03 4.78e+04 3.00e+01 1.40e+00
[0003][0003] 7.477040e+03 2.316e+02 2.33e+04 9.00e+01 1.39e+00
[0004][0004] 7.440376e+03 3.666e+01 1.10e+04 2.70e+02 1.40e+00
[0005][0005] 7.433522e+03 6.854e+00 4.69e+03 8.10e+02 1.44e+00
[iter][eval] cost actual_cost_change |grad| |TR| MQ
[0000][0000] 1.349295e+04 0.000e+00 1.05e+05 1.00e+01 1.00e+00
[0001][0001] 8.676943e+03 4.816e+03 1.05e+05 1.00e+01 1.41e+00
[0002][0002] 7.658066e+03 1.019e+03 3.50e+04 3.00e+01 1.38e+00
[0003][0003] 7.469071e+03 1.890e+02 1.16e+04 9.00e+01 1.38e+00
[0004][0004] 7.438789e+03 3.028e+01 4.00e+03 2.70e+02 1.39e+00
[0005][0005] 7.433205e+03 5.583e+00 1.74e+03 8.10e+02 1.44e+00
[iter][eval] cost actual_cost_change |grad| |TR| MQ
[0000][0000] 1.950783e+04 0.000e+00 7.92e+04 1.00e+01 1.00e+00
[0001][0001] 9.677497e+03 9.830e+03 7.92e+04 1.00e+01 1.51e+00
[0002][0002] 7.731743e+03 1.946e+03 1.32e+04 3.00e+01 1.48e+00
[0003][0003] 7.468256e+03 2.635e+02 5.83e+03 9.00e+01 1.44e+00
[0004][0004] 7.435386e+03 3.287e+01 4.16e+03 2.70e+02 1.31e+00
[0005][0005] 7.432334e+03 3.053e+00 1.96e+03 8.10e+02 1.31e+00
[iter][eval] cost actual_cost_change |grad| |TR| MQ
[0000][0000] 1.235646e+04 0.000e+00 3.79e+04 1.00e+01 1.00e+00
[0001][0001] 1.103223e+04 1.324e+03 3.79e+04 1.00e+01 2.22e+00
[0002][0002] 9.742605e+03 1.290e+03 4.10e+04 3.00e+01 1.18e+00
[0003][0003] 9.612317e+03 1.303e+02 1.89e+04 9.00e+01 1.84e+00
[0004][0004] 9.560870e+03 5.145e+01 1.75e+04 2.70e+02 1.37e+00
[0005][0005] 9.543431e+03 1.744e+01 7.45e+03 8.10e+02 1.80e+00
[0006][0006] 9.531420e+03 1.201e+01 5.47e+03 2.43e+03 1.55e+00
[0007][0007] 9.526215e+03 5.205e+00 1.21e+03 7.29e+03 1.72e+00
[iter][eval] cost actual_cost_change |grad| |TR| MQ
[0000][0000] 8.009655e+04 0.000e+00 7.24e+04 1.00e+01 1.00e+00
[0001][0001] 7.937529e+04 7.213e+02 7.24e+04 1.00e+01 1.34e+00
[0002][0002] 7.925139e+04 1.239e+02 2.28e+04 3.00e+01 1.42e+00
[0003][0003] 7.922919e+04 2.220e+01 6.94e+03 9.00e+01 1.43e+00
[0004][0004] 7.922492e+04 4.272e+00 1.87e+03 2.70e+02 1.45e+00
[0005][0005] 7.922403e+04 8.877e-01 8.21e+02 8.10e+02 1.46e+00
[0006][0006] 7.922384e+04 1.927e-01 5.80e+02 2.43e+03 1.47e+00
[0007][0007] 7.922380e+04 4.292e-02 3.76e+02 7.29e+03 1.48e+00
[0008][0008] 7.922379e+04 9.757e-03 2.20e+02 2.19e+04 1.48e+00
[0009][0009] 7.922378e+04 2.226e-03 1.20e+02 6.56e+04 1.48e+00
[0010][0010] 7.922378e+04 5.116e-04 6.27e+01 1.97e+05 1.48e+00
[0011][0011] 7.922378e+04 1.181e-04 3.21e+01 5.90e+05 1.48e+00
[0012][0012] 7.922378e+04 2.737e-05 1.62e+01 1.77e+06 1.48e+00
  ✅ Saved axis: NURBS_Output/Axes/Pot_A_Piece_14_Axis.xyz

--- Processing Pot_A_Piece_15 ---
[iter][eval] cost actual_cost_change |grad| |TR| MQ
[0000][0000] 9.294634e+03 0.000e+00 4.50e+04 1.00e+01 1.00e+00
[0001][0001] 8.312150e+03 9.825e+02 4.50e+04 1.00e+01 1.50e+00
[0002][0002] 7.699563e+03 6.126e+02 1.14e+04 3.00e+01 1.69e+00
[0003][0003] 7.483314e+03 2.162e+02 2.43e+03 9.00e+01 1.62e+00
[0004][0004] 7.438609e+03 4.471e+01 1.95e+03 2.70e+02 1.44e+00
[0005][0005] 7.432709e+03 5.900e+00 1.44e+03 8.10e+02 1.34e+00
[iter][eval] cost actual_cost_change |grad| |TR| MQ
[0000][0000] 1.473001e+04 0.000e+00 6.55e+04 1.00e+01 1.00e+00
[0001][0001] 8.798388e+03 5.932e+03 6.55e+04 1.00e+01 1.45e+00
[0002][0002] 7.650280e+03 1.148e+03 2.19e+04 3.00e+01 1.45e+00
[0003][0003] 7.461290e+03 1.890e+02 8.33e+03 9.00e+01 1.40e+00
[0004][0004] 7.436277e+03 2.501e+01 3.67e+03 2.70e+02 1.35e+00
[0005][0005] 7.432694e+03 3.583e+00 1.45e+03 8.10e+02 1.43e+00
[iter][eval] cost actual_cost_change |grad| |TR| MQ
[0000][0000] 1.041113e+04 0.000e+00 6.43e+04 1.00e+01 1.00e+00
[0001][0001] 8.333087e+03 2.078e+03 6.43e+04 1.00e+01 1.33e+00
[0002][0002] 7.661285e+03 6.718e+02 1.92e+04 3.00e+01 1.28e+00
[0003][0003] 7.476978e+03 1.843e+02 9.21e+03 9.00e+01 1.22e+00
[0004][0004] 7.440300e+03 3.668e+01 5.83e+03 2.70e+02 1.42e+00
[0005][0005] 7.432769e+03 7.531e+00 3.02e+03 8.10e+02 1.43e+00
[0006][0006] 7.431264e+03 1.505e+00 1.50e+03 2.43e+03 1.44e+00
[iter][eval] cost actual_cost_change |grad| |TR| MQ
[0000][0000] 1.281640e+04 0.000e+00 1.06e+05 1.00e+01 1.00e+00
[0001][0001] 1.034307e+04 2.473e+03 1.06e+05 1.00e+01 1.49e+00
[0002][0002] 9.764578e+03 5.785e+02 4.60e+04 3.00e+01 1.57e+00
[0003][0003] 9.596506e+03 1.681e+02 2.51e+04 9.00e+01 1.49e+00
[0004][0004] 9.556961e+03 3.955e+01 8.40e+03 2.70e+02 1.62e+00
[0005][0005] 9.539193e+03 1.777e+01 3.68e+03 8.10e+02 1.72e+00
[0006][0006] 9.530257e+03 8.936e+00 2.55e+03 2.43e+03 1.74e+00
[iter][eval] cost actual_cost_change |grad| |TR| MQ
[0000][0000] 1.686492e+04 0.000e+00 3.06e+04 1.00e+01 1.00e+00
[0001][0001] 9.132059e+03 7.733e+03 3.06e+04 1.00e+01 1.47e+00
[0002][0002] 7.669183e+03 1.463e+03 1.17e+04 3.00e+01 1.43e+00
[0003][0003] 7.464086e+03 2.051e+02 1.25e+04 9.00e+01 1.40e+00
[0004][0004] 7.436693e+03 2.739e+01 7.03e+03 2.70e+02 1.35e+00
[0005][0005] 7.432756e+03 3.937e+00 3.17e+03 8.10e+02 1.42e+00
[iter][eval] cost actual_cost_change |grad| |TR| MQ
[0000][0000] 1.160344e+04 0.000e+00 8.55e+04 1.00e+01 1.00e+00
[0001][0001] 8.286163e+03 3.317e+03 8.55e+04 1.00e+01 1.47e+00
[0002][0002] 7.546919e+03 7.392e+02 1.25e+04 3.00e+01 1.53e+00
[0003][0003] 7.443141e+03 1.038e+02 4.18e+03 9.00e+01 1.41e+00
[0004][0004] 7.432595e+03 1.055e+01 2.86e+03 2.70e+02 1.25e+00
[0005][0005] 7.431936e+03 6.585e-01 1.29e+03 8.10e+02 1.28e+00
[iter][eval] cost actual_cost_change |grad| |TR| MQ
[0000][0000] 1.211425e+04 0.000e+00 1.61e+05 1.00e+01 1.00e+00
[0001][0001] 9.381854e+03 2.732e+03 1.61e+05 1.00e+01 1.23e+00
[0002][0002] 8.180245e+03 1.202e+03 5.92e+04 3.00e+01 1.20e+00
[0003][0003] 7.623277e+03 5.570e+02 2.17e+04 9.00e+01 1.30e+00
[0004][0004] 7.462342e+03 1.609e+02 8.88e+03 2.70e+02 1.17e+00
[0005][0005] 7.437060e+03 2.528e+01 5.53e+03 8.10e+02 1.40e+00
[0006][0006] 7.432113e+03 4.947e+00 2.62e+03 2.43e+03 1.44e+00
[iter][eval] cost actual_cost_change |grad| |TR| MQ
[0000][0000] 1.336235e+04 0.000e+00 2.67e+05 1.00e+01 1.00e+00
[0001][0001] 1.048842e+04 2.874e+03 2.67e+05 1.00e+01 1.01e+00
[0002][0002] 9.678126e+03 8.103e+02 5.56e+04 3.00e+01 1.16e+00
[0003][0003] 9.547367e+03 1.308e+02 2.49e+04 9.00e+01 1.36e+00
[0004][0004] 9.522047e+03 2.532e+01 1.67e+04 2.70e+02 1.10e+00
[0005][0005] 9.521030e+03 1.017e+00 3.16e+03 8.10e+02 1.04e+00
[iter][eval] cost actual_cost_change |grad| |TR| MQ
[0000][0000] 9.417587e+03 0.000e+00 6.09e+04 1.00e+01 1.00e+00
[0001][0001] 7.909618e+03 1.508e+03 6.09e+04 1.00e+01 1.37e+00
[0002][0002] 7.533365e+03 3.763e+02 3.07e+04 3.00e+01 1.40e+00
[0003][0003] 7.454123e+03 7.924e+01 1.42e+04 9.00e+01 1.45e+00
[0004][0004] 7.435896e+03 1.823e+01 6.84e+03 2.70e+02 1.45e+00
[0005][0005] 7.431932e+03 3.964e+00 3.18e+03 8.10e+02 1.45e+00
[iter][eval] cost actual_cost_change |grad| |TR| MQ
[0000][0000] 1.185724e+04 0.000e+00 2.70e+05 1.00e+01 1.00e+00
[0001][0001] 9.877674e+03 1.980e+03 2.70e+05 1.00e+01 1.16e+00
[0002][0002] 9.592035e+03 2.856e+02 8.91e+04 3.00e+01 1.45e+00
[0003][0003] 9.527334e+03 6.470e+01 4.03e+04 9.00e+01 1.32e+00
[0004][0004] 9.521805e+03 5.529e+00 1.42e+04 2.70e+02 1.30e+00
[iter][eval] cost actual_cost_change |grad| |TR| MQ
[0000][0000] 8.016481e+04 0.000e+00 6.15e+04 1.00e+01 1.00e+00
[0001][0001] 7.939379e+04 7.710e+02 6.15e+04 1.00e+01 1.36e+00
[0002][0002] 7.925583e+04 1.380e+02 1.99e+04 3.00e+01 1.42e+00
[0003][0003] 7.923024e+04 2.559e+01 6.06e+03 9.00e+01 1.44e+00
[0004][0004] 7.922517e+04 5.071e+00 1.90e+03 2.70e+02 1.46e+00
[0005][0005] 7.922409e+04 1.079e+00 1.10e+03 8.10e+02 1.47e+00
[0006][0006] 7.922385e+04 2.387e-01 7.52e+02 2.43e+03 1.47e+00
[0007][0007] 7.922380e+04 5.376e-02 4.63e+02 7.29e+03 1.48e+00
[0008][0008] 7.922379e+04 1.233e-02 2.63e+02 2.19e+04 1.48e+00
[0009][0009] 7.922378e+04 2.833e-03 1.41e+02 6.56e+04 1.48e+00
[0010][0010] 7.922378e+04 6.529e-04 7.30e+01 1.97e+05 1.48e+00
[0011][0011] 7.922378e+04 1.511e-04 3.71e+01 5.90e+05 1.48e+00
[0012][0012] 7.922378e+04 3.504e-05 1.86e+01 1.77e+06 1.48e+00
  ✅ Saved axis: NURBS_Output/Axes/Pot_A_Piece_15_Axis.xyz

--- Processing Pot_A_Piece_16 ---
[iter][eval] cost actual_cost_change |grad| |TR| MQ
[0000][0000] 1.158244e+04 0.000e+00 8.53e+04 1.00e+01 1.00e+00
[0001][0001] 8.591103e+03 2.991e+03 8.53e+04 1.00e+01 1.46e+00
[0002][0002] 7.714213e+03 8.769e+02 2.39e+04 3.00e+01 1.64e+00
[0003][0003] 7.476419e+03 2.378e+02 2.77e+03 9.00e+01 1.57e+00
[0004][0004] 7.436066e+03 4.035e+01 4.64e+02 2.70e+02 1.39e+00
[0005][0005] 7.432148e+03 3.918e+00 4.84e+02 8.10e+02 1.25e+00
[iter][eval] cost actual_cost_change |grad| |TR| MQ
[0000][0000] 1.481670e+04 0.000e+00 1.55e+05 1.00e+01 1.00e+00
[0001][0001] 9.865433e+03 4.951e+03 1.55e+05 1.00e+01 1.42e+00
[0002][0002] 8.401455e+03 1.464e+03 4.94e+04 3.00e+01 1.56e+00
[0003][0003] 7.705096e+03 6.964e+02 1.66e+04 9.00e+01 1.71e+00
[0004][0004] 7.481178e+03 2.239e+02 2.99e+03 2.70e+02 1.61e+00
[0005][0005] 7.437680e+03 4.350e+01 1.38e+03 8.10e+02 1.43e+00
[0006][0006] 7.432488e+03 5.192e+00 1.03e+03 2.43e+03 1.31e+00
[iter][eval] cost actual_cost_change |grad| |TR| MQ
[0000][0000] 1.167590e+04 0.000e+00 3.51e+04 1.00e+01 1.00e+00
[0001][0001] 8.126940e+03 3.549e+03 3.51e+04 1.00e+01 1.50e+00
[0002][0002] 7.524911e+03 6.020e+02 3.95e+03 3.00e+01 1.50e+00
[0003][0003] 7.441228e+03 8.368e+01 5.23e+03 9.00e+01 1.37e+00
[0004][0004] 7.432793e+03 8.435e+00 2.82e+03 2.70e+02 1.27e+00
[0005][0005] 7.431999e+03 7.934e-01 1.23e+03 8.10e+02 1.39e+00
[iter][eval] cost actual_cost_change |grad| |TR| MQ
[0000][0000] 1.625094e+04 0.000e+00 1.28e+05 1.00e+01 1.00e+00
[0001][0001] 9.343349e+03 6.908e+03 1.28e+05 1.00e+01 1.45e+00
[0002][0002] 7.792181e+03 1.551e+03 2.84e+04 3.00e+01 1.55e+00
[0003][0003] 7.481165e+03 3.110e+02 2.82e+03 9.00e+01 1.54e+00
[0004][0004] 7.435493e+03 4.567e+01 1.13e+03 2.70e+02 1.36e+00
[0005][0005] 7.431914e+03 3.579e+00 4.84e+02 8.10e+02 1.18e+00
[iter][eval] cost actual_cost_change |grad| |TR| MQ
[0000][0000] 1.336746e+04 0.000e+00 1.33e+05 1.00e+01 1.00e+00
[0001][0001] 8.833512e+03 4.534e+03 1.33e+05 1.00e+01 1.37e+00
[0002][0002] 7.723186e+03 1.110e+03 4.77e+04 3.00e+01 1.34e+00
[0003][0003] 7.486473e+03 2.367e+02 1.58e+04 9.00e+01 1.39e+00
[0004][0004] 7.441302e+03 4.517e+01 6.41e+03 2.70e+02 1.39e+00
[0005][0005] 7.432969e+03 8.333e+00 3.10e+03 8.10e+02 1.44e+00
[0006][0006] 7.431300e+03 1.669e+00 1.41e+03 2.43e+03 1.44e+00
[iter][eval] cost actual_cost_change |grad| |TR| MQ
[0000][0000] 1.308171e+04 0.000e+00 1.30e+05 1.00e+01 1.00e+00
[0001][0001] 8.500447e+03 4.581e+03 1.30e+05 1.00e+01 1.40e+00
[0002][0002] 7.588009e+03 9.124e+02 4.49e+04 3.00e+01 1.39e+00
[0003][0003] 7.458405e+03 1.296e+02 1.52e+04 9.00e+01 1.39e+00
[0004][0004] 7.437119e+03 2.129e+01 6.30e+03 2.70e+02 1.42e+00
[0005][0005] 7.432877e+03 4.241e+00 2.55e+03 8.10e+02 1.45e+00
[iter][eval] cost actual_cost_change |grad| |TR| MQ
[0000][0000] 1.325695e+04 0.000e+00 1.97e+05 1.00e+01 1.00e+00
[0001][0001] 8.626150e+03 4.631e+03 1.97e+05 1.00e+01 1.43e+00
[0002][0002] 7.674227e+03 9.519e+02 3.53e+04 3.00e+01 1.60e+00
[0003][0003] 7.464319e+03 2.099e+02 1.05e+03 9.00e+01 1.51e+00
[0004][0004] 7.434325e+03 2.999e+01 1.66e+03 2.70e+02 1.34e+00
[0005][0005] 7.432015e+03 2.310e+00 6.57e+02 8.10e+02 1.22e+00
[iter][eval] cost actual_cost_change |grad| |TR| MQ
[0000][0000] 1.067763e+04 0.000e+00 1.84e+05 1.00e+01 1.00e+00
[0001][0001] 9.027601e+03 1.650e+03 1.84e+05 1.00e+01 1.12e+00
[0002][0002] 8.074557e+03 9.530e+02 6.71e+04 3.00e+01 1.18e+00
[0003][0003] 7.614427e+03 4.601e+02 2.83e+04 9.00e+01 1.41e+00
[0004][0004] 7.451279e+03 1.631e+02 1.22e+04 2.70e+02 1.05e+00
[0005][0005] 7.434585e+03 1.669e+01 5.83e+03 8.10e+02 1.33e+00
[0006][0006] 7.431625e+03 2.960e+00 2.52e+03 2.43e+03 1.44e+00
[iter][eval] cost actual_cost_change |grad| |TR| MQ
[0000][0000] 1.689494e+04 0.000e+00 6.39e+04 1.00e+01 1.00e+00
[0001][0001] 9.222052e+03 7.673e+03 6.39e+04 1.00e+01 1.50e+00
[0002][0002] 7.705977e+03 1.516e+03 1.10e+04 3.00e+01 1.51e+00
[0003][0003] 7.465689e+03 2.403e+02 1.89e+03 9.00e+01 1.46e+00
[0004][0004] 7.434402e+03 3.129e+01 1.76e+03 2.70e+02 1.31e+00
[0005][0005] 7.432060e+03 2.342e+00 7.34e+02 8.10e+02 1.22e+00
[iter][eval] cost actual_cost_change |grad| |TR| MQ
[0000][0000] 1.079949e+04 0.000e+00 7.63e+04 1.00e+01 1.00e+00
[0001][0001] 9.875804e+03 9.237e+02 7.63e+04 1.00e+01 1.34e+00
[0002][0002] 9.652196e+03 2.236e+02 2.85e+04 3.00e+01 1.43e+00
[0003][0003] 9.589218e+03 6.298e+01 3.41e+03 9.00e+01 1.68e+00
[0004][0004] 9.559870e+03 2.935e+01 1.51e+03 2.70e+02 1.71e+00
[0005][0005] 9.543782e+03 1.609e+01 1.38e+03 8.10e+02 1.93e+00
[0006][0006] 9.531818e+03 1.196e+01 4.31e+03 2.43e+03 1.56e+00
[0007][0007] 9.526441e+03 5.377e+00 1.20e+03 7.29e+03 1.73e+00
[iter][eval] cost actual_cost_change |grad| |TR| MQ
[0000][0000] 8.012598e+04 0.000e+00 6.66e+04 1.00e+01 1.00e+00
[0001][0001] 7.938439e+04 7.416e+02 6.66e+04 1.00e+01 1.35e+00
[0002][0002] 7.925356e+04 1.308e+02 2.14e+04 3.00e+01 1.42e+00
[0003][0003] 7.922970e+04 2.386e+01 6.48e+03 9.00e+01 1.44e+00
[0004][0004] 7.922504e+04 4.661e+00 1.85e+03 2.70e+02 1.46e+00
[0005][0005] 7.922406e+04 9.805e-01 9.53e+02 8.10e+02 1.47e+00
[0006][0006] 7.922385e+04 2.150e-01 6.65e+02 2.43e+03 1.47e+00
[0007][0007] 7.922380e+04 4.817e-02 4.19e+02 7.29e+03 1.48e+00
[0008][0008] 7.922379e+04 1.100e-02 2.41e+02 2.19e+04 1.48e+00
[0009][0009] 7.922378e+04 2.519e-03 1.30e+02 6.56e+04 1.48e+00
[0010][0010] 7.922378e+04 5.799e-04 6.79e+01 1.97e+05 1.48e+00
[0011][0011] 7.922378e+04 1.341e-04 3.46e+01 5.90e+05 1.48e+00
[0012][0012] 7.922378e+04 3.108e-05 1.74e+01 1.77e+06 1.48e+00
  ✅ Saved axis: NURBS_Output/Axes/Pot_A_Piece_16_Axis.xyz

--- Processing Pot_A_Piece_17 ---
[iter][eval] cost actual_cost_change |grad| |TR| MQ
[0000][0000] 1.493168e+04 0.000e+00 1.66e+05 1.00e+01 1.00e+00
[0001][0001] 9.508849e+03 5.423e+03 1.66e+05 1.00e+01 1.41e+00
[0002][0002] 8.057640e+03 1.451e+03 4.04e+04 3.00e+01 1.55e+00
[0003][0003] 7.555630e+03 5.020e+02 8.92e+03 9.00e+01 1.66e+00
[0004][0004] 7.447877e+03 1.078e+02 8.75e+02 2.70e+02 1.51e+00
[0005][0005] 7.433045e+03 1.483e+01 7.75e+02 8.10e+02 1.32e+00
[0006][0006] 7.431964e+03 1.081e+00 5.63e+02 2.43e+03 1.24e+00
[iter][eval] cost actual_cost_change |grad| |TR| MQ
[0000][0000] 1.161621e+04 0.000e+00 9.77e+04 1.00e+01 1.00e+00
[0001][0001] 8.533818e+03 3.082e+03 9.77e+04 1.00e+01 1.46e+00
[0002][0002] 7.682423e+03 8.514e+02 2.42e+04 3.00e+01 1.63e+00
[0003][0003] 7.468910e+03 2.135e+02 2.15e+03 9.00e+01 1.55e+00
[0004][0004] 7.434934e+03 3.398e+01 2.81e+02 2.70e+02 1.37e+00
[0005][0005] 7.432032e+03 2.903e+00 2.59e+02 8.10e+02 1.22e+00
[iter][eval] cost actual_cost_change |grad| |TR| MQ
[0000][0000] 1.237925e+04 0.000e+00 1.62e+05 1.00e+01 1.00e+00
[0001][0001] 9.947955e+03 2.431e+03 1.62e+05 1.00e+01 1.37e+00
[0002][0002] 9.614432e+03 3.335e+02 6.09e+04 3.00e+01 1.43e+00
[0003][0003] 9.536253e+03 7.818e+01 3.07e+04 9.00e+01 1.32e+00
[0004][0004] 9.526882e+03 9.371e+00 1.04e+04 2.70e+02 1.48e+00
[iter][eval] cost actual_cost_change |grad| |TR| MQ
[0000][0000] 1.215487e+04 0.000e+00 1.27e+05 1.00e+01 1.00e+00
[0001][0001] 8.641215e+03 3.514e+03 1.27e+05 1.00e+01 1.33e+00
[0002][0002] 7.710441e+03 9.308e+02 4.45e+04 3.00e+01 1.32e+00
[0003][0003] 7.485947e+03 2.245e+02 1.57e+04 9.00e+01 1.37e+00
[0004][0004] 7.441651e+03 4.430e+01 7.23e+03 2.70e+02 1.40e+00
[0005][0005] 7.433041e+03 8.610e+00 3.47e+03 8.10e+02 1.44e+00
[0006][0006] 7.431314e+03 1.727e+00 1.57e+03 2.43e+03 1.44e+00
[iter][eval] cost actual_cost_change |grad| |TR| MQ
[0000][0000] 1.307723e+04 0.000e+00 1.20e+05 1.00e+01 1.00e+00
[0001][0001] 8.746477e+03 4.331e+03 1.20e+05 1.00e+01 1.35e+00
[0002][0002] 7.699327e+03 1.047e+03 5.82e+04 3.00e+01 1.34e+00
[0003][0003] 7.488462e+03 2.109e+02 2.39e+04 9.00e+01 1.40e+00
[0004][0004] 7.442878e+03 4.558e+01 1.08e+04 2.70e+02 1.43e+00
[0005][0005] 7.433313e+03 9.566e+00 4.86e+03 8.10e+02 1.44e+00
[0006][0006] 7.431372e+03 1.940e+00 2.16e+03 2.43e+03 1.44e+00
[iter][eval] cost actual_cost_change |grad| |TR| MQ
[0000][0000] 1.107974e+04 0.000e+00 9.00e+04 1.00e+01 1.00e+00
[0001][0001] 8.643538e+03 2.436e+03 9.00e+04 1.00e+01 1.44e+00
[0002][0002] 7.751161e+03 8.924e+02 2.60e+04 3.00e+01 1.61e+00
[0003][0003] 7.485251e+03 2.659e+02 3.72e+03 9.00e+01 1.60e+00
[0004][0004] 7.437275e+03 4.798e+01 4.87e+02 2.70e+02 1.42e+00
[0005][0005] 7.432230e+03 5.045e+00 5.49e+02 8.10e+02 1.26e+00
[iter][eval] cost actual_cost_change |grad| |TR| MQ
[0000][0000] 1.599438e+04 0.000e+00 9.43e+04 1.00e+01 1.00e+00
[0001][0001] 9.089871e+03 6.905e+03 9.43e+04 1.00e+01 1.47e+00
[0002][0002] 7.663898e+03 1.426e+03 1.94e+04 3.00e+01 1.53e+00
[0003][0003] 7.457744e+03 2.062e+02 3.47e+03 9.00e+01 1.46e+00
[0004][0004] 7.433569e+03 2.417e+01 2.80e+03 2.70e+02 1.29e+00
[0005][0005] 7.431986e+03 1.584e+00 1.31e+03 8.10e+02 1.21e+00
[iter][eval] cost actual_cost_change |grad| |TR| MQ
[0000][0000] 1.425062e+04 0.000e+00 1.49e+05 1.00e+01 1.00e+00
[0001][0001] 1.222410e+04 2.027e+03 1.49e+05 1.00e+01 1.40e+00
[0002][0002] 1.072088e+04 1.503e+03 6.79e+04 3.00e+01 1.43e+00
[0003][0003] 9.432547e+03 1.288e+03 3.58e+04 9.00e+01 1.44e+00
[0004][0004] 8.422740e+03 1.010e+03 2.23e+04 2.70e+02 1.65e+00
[0005][0005] 7.763497e+03 6.592e+02 1.11e+04 8.10e+02 1.78e+00
[0006][0006] 7.503412e+03 2.601e+02 3.63e+03 2.43e+03 1.66e+00
[0007][0007] 7.442765e+03 6.065e+01 2.48e+03 7.29e+03 1.49e+00
[0008][0008] 7.433405e+03 9.359e+00 1.67e+03 2.19e+04 1.37e+00
[0009][0009] 7.432138e+03 1.267e+00 9.46e+02 6.56e+04 1.43e+00
[iter][eval] cost actual_cost_change |grad| |TR| MQ
[0000][0000] 1.115904e+04 0.000e+00 4.40e+04 1.00e+01 1.00e+00
[0001][0001] 8.114334e+03 3.045e+03 4.40e+04 1.00e+01 1.41e+00
[0002][0002] 7.549124e+03 5.652e+02 1.88e+04 3.00e+01 1.39e+00
[0003][0003] 7.455778e+03 9.335e+01 1.04e+04 9.00e+01 1.42e+00
[0004][0004] 7.436928e+03 1.885e+01 5.34e+03 2.70e+02 1.44e+00
[0005][0005] 7.432878e+03 4.050e+00 2.50e+03 8.10e+02 1.45e+00
[iter][eval] cost actual_cost_change |grad| |TR| MQ
[0000][0000] 1.729200e+04 0.000e+00 4.39e+05 1.00e+01 1.00e+00
[0001][0001] 1.268904e+04 4.603e+03 4.39e+05 1.00e+01 1.40e+00
[0002][0002] 1.095461e+04 1.734e+03 1.49e+05 3.00e+01 1.46e+00
[0003][0003] 9.590826e+03 1.364e+03 7.51e+04 9.00e+01 1.46e+00
[0004][0004] 8.543230e+03 1.048e+03 3.96e+04 2.70e+02 1.66e+00
[0005][0005] 7.825478e+03 7.178e+02 1.72e+04 8.10e+02 1.78e+00
[0006][0006] 7.520050e+03 3.054e+02 4.74e+03 2.43e+03 1.68e+00
[0007][0007] 7.445822e+03 7.423e+01 2.51e+03 7.29e+03 1.51e+00
[0008][0008] 7.433798e+03 1.202e+01 1.67e+03 2.19e+04 1.38e+00
[0009][0009] 7.432209e+03 1.590e+00 9.78e+02 6.56e+04 1.42e+00
[iter][eval] cost actual_cost_change |grad| |TR| MQ
[0000][0000] 8.011837e+04 0.000e+00 6.78e+04 1.00e+01 1.00e+00
[0001][0001] 7.938088e+04 7.375e+02 6.78e+04 1.00e+01 1.35e+00
[0002][0002] 7.925283e+04 1.280e+02 2.16e+04 3.00e+01 1.42e+00
[0003][0003] 7.922955e+04 2.328e+01 6.57e+03 9.00e+01 1.44e+00
[0004][0004] 7.922501e+04 4.540e+00 1.86e+03 2.70e+02 1.46e+00
[0005][0005] 7.922405e+04 9.538e-01 9.34e+02 8.10e+02 1.47e+00
[0006][0006] 7.922384e+04 2.089e-01 6.49e+02 2.43e+03 1.47e+00
[0007][0007] 7.922380e+04 4.677e-02 4.10e+02 7.29e+03 1.48e+00
[0008][0008] 7.922379e+04 1.068e-02 2.37e+02 2.19e+04 1.48e+00
[0009][0009] 7.922378e+04 2.445e-03 1.28e+02 6.56e+04 1.48e+00
[0010][0010] 7.922378e+04 5.627e-04 6.67e+01 1.97e+05 1.48e+00
[0011][0011] 7.922378e+04 1.301e-04 3.41e+01 5.90e+05 1.48e+00
[0012][0012] 7.922378e+04 3.016e-05 1.71e+01 1.77e+06 1.48e+00
  ✅ Saved axis: NURBS_Output/Axes/Pot_A_Piece_17_Axis.xyz

--- Processing Pot_A_Piece_18 ---
[iter][eval] cost actual_cost_change |grad| |TR| MQ
[0000][0000] 1.054780e+04 0.000e+00 8.28e+04 1.00e+01 1.00e+00
[0001][0001] 8.720764e+03 1.827e+03 8.28e+04 1.00e+01 1.42e+00
[0002][0002] 7.857750e+03 8.630e+02 2.22e+04 3.00e+01 1.61e+00
[0003][0003] 7.517595e+03 3.402e+02 4.81e+03 9.00e+01 1.65e+00
[0004][0004] 7.443281e+03 7.431e+01 1.50e+03 2.70e+02 1.49e+00
[0005][0005] 7.432986e+03 1.030e+01 1.35e+03 8.10e+02 1.33e+00
[0006][0006] 7.432016e+03 9.696e-01 8.17e+02 2.43e+03 1.34e+00
[iter][eval] cost actual_cost_change |grad| |TR| MQ
[0000][0000] 1.231422e+04 0.000e+00 1.08e+04 1.00e+01 1.00e+00
[0001][0001] 8.218830e+03 4.095e+03 1.08e+04 1.00e+01 1.46e+00
[0002][0002] 7.542120e+03 6.767e+02 1.01e+04 3.00e+01 1.42e+00
[0003][0003] 7.446386e+03 9.573e+01 6.37e+03 9.00e+01 1.37e+00
[0004][0004] 7.434202e+03 1.218e+01 3.15e+03 2.70e+02 1.36e+00
[0005][0005] 7.432280e+03 1.922e+00 1.43e+03 8.10e+02 1.43e+00
[iter][eval] cost actual_cost_change |grad| |TR| MQ
[0000][0000] 1.300316e+04 0.000e+00 9.79e+04 1.00e+01 1.00e+00
[0001][0001] 9.155299e+03 3.848e+03 9.79e+04 1.00e+01 1.46e+00
[0002][0002] 7.989443e+03 1.166e+03 3.21e+04 3.00e+01 1.65e+00
[0003][0003] 7.548571e+03 4.409e+02 7.64e+03 9.00e+01 1.67e+00
[0004][0004] 7.448435e+03 1.001e+02 1.51e+03 2.70e+02 1.51e+00
[0005][0005] 7.433480e+03 1.495e+01 1.15e+03 8.10e+02 1.34e+00
[0006][0006] 7.432085e+03 1.395e+00 7.46e+02 2.43e+03 1.32e+00
[iter][eval] cost actual_cost_change |grad| |TR| MQ
[0000][0000] 1.058578e+04 0.000e+00 1.92e+05 1.00e+01 1.00e+00
[0001][0001] 8.112508e+03 2.473e+03 1.92e+05 1.00e+01 1.31e+00
[0002][0002] 7.568516e+03 5.440e+02 5.74e+04 3.00e+01 1.32e+00
[0003][0003] 7.459732e+03 1.088e+02 1.86e+04 9.00e+01 1.44e+00
[0004][0004] 7.436578e+03 2.315e+01 7.99e+03 2.70e+02 1.40e+00
[0005][0005] 7.432028e+03 4.551e+00 3.31e+03 8.10e+02 1.44e+00
[iter][eval] cost actual_cost_change |grad| |TR| MQ
[0000][0000] 1.375476e+04 0.000e+00 1.68e+05 1.00e+01 1.00e+00
[0001][0001] 9.145840e+03 4.609e+03 1.68e+05 1.00e+01 1.34e+00
[0002][0002] 7.855244e+03 1.291e+03 5.93e+04 3.00e+01 1.31e+00
[0003][0003] 7.520472e+03 3.348e+02 2.06e+04 9.00e+01 1.37e+00
[0004][0004] 7.447140e+03 7.333e+01 7.62e+03 2.70e+02 1.36e+00
[0005][0005] 7.434140e+03 1.300e+01 4.02e+03 8.10e+02 1.43e+00
[0006][0006] 7.431534e+03 2.606e+00 1.82e+03 2.43e+03 1.44e+00
[iter][eval] cost actual_cost_change |grad| |TR| MQ
[0000][0000] 1.111387e+04 0.000e+00 1.02e+05 1.00e+01 1.00e+00
[0001][0001] 8.585234e+03 2.529e+03 1.02e+05 1.00e+01 1.32e+00
[0002][0002] 7.757609e+03 8.276e+02 3.24e+04 3.00e+01 1.26e+00
[0003][0003] 7.495267e+03 2.623e+02 1.24e+04 9.00e+01 1.19e+00
[0004][0004] 7.443871e+03 5.140e+01 7.47e+03 2.70e+02 1.40e+00
[0005][0005] 7.433465e+03 1.041e+01 3.71e+03 8.10e+02 1.43e+00
[0006][0006] 7.431397e+03 2.068e+00 1.77e+03 2.43e+03 1.44e+00
[iter][eval] cost actual_cost_change |grad| |TR| MQ
[0000][0000] 8.346723e+03 0.000e+00 8.09e+03 1.00e+01 1.00e+00
[0001][0001] 7.569263e+03 7.775e+02 8.09e+03 1.00e+01 1.55e+00
[0002][0002] 7.445840e+03 1.234e+02 2.53e+03 3.00e+01 1.43e+00
[0003][0003] 7.432560e+03 1.328e+01 1.63e+03 9.00e+01 1.26e+00
[0004][0004] 7.431890e+03 6.701e-01 6.42e+02 2.70e+02 1.17e+00
[iter][eval] cost actual_cost_change |grad| |TR| MQ
[0000][0000] 1.330798e+04 0.000e+00 1.77e+05 1.00e+01 1.00e+00
[0001][0001] 9.371852e+03 3.936e+03 1.77e+05 1.00e+01 1.30e+00
[0002][0002] 8.050551e+03 1.321e+03 6.42e+04 3.00e+01 1.25e+00
[0003][0003] 7.571769e+03 4.788e+02 2.23e+04 9.00e+01 1.24e+00
[0004][0004] 7.457917e+03 1.139e+02 9.45e+03 2.70e+02 1.40e+00
[0005][0005] 7.436125e+03 2.179e+01 4.93e+03 8.10e+02 1.39e+00
[0006][0006] 7.431925e+03 4.200e+00 2.37e+03 2.43e+03 1.44e+00
[iter][eval] cost actual_cost_change |grad| |TR| MQ
[0000][0000] 1.151151e+04 0.000e+00 1.12e+05 1.00e+01 1.00e+00
[0001][0001] 9.913559e+03 1.598e+03 1.12e+05 1.00e+01 1.22e+00
[0002][0002] 9.631433e+03 2.821e+02 4.33e+04 3.00e+01 1.52e+00
[0003][0003] 9.558457e+03 7.298e+01 2.05e+04 9.00e+01 1.36e+00
[0004][0004] 9.539383e+03 1.907e+01 6.44e+03 2.70e+02 1.66e+00
[0005][0005] 9.530323e+03 9.060e+00 3.49e+03 8.10e+02 1.73e+00
[iter][eval] cost actual_cost_change |grad| |TR| MQ
[0000][0000] 1.208025e+04 0.000e+00 3.29e+05 1.00e+01 1.00e+00
[0001][0001] 9.923226e+03 2.157e+03 3.29e+05 1.00e+01 1.11e+00
[0002][0002] 9.573346e+03 3.499e+02 1.05e+05 3.00e+01 1.32e+00
[0003][0003] 9.526971e+03 4.638e+01 4.27e+04 9.00e+01 1.16e+00
[0004][0004] 9.522067e+03 4.904e+00 1.51e+04 2.70e+02 1.28e+00
[iter][eval] cost actual_cost_change |grad| |TR| MQ
[0000][0000] 8.012499e+04 0.000e+00 6.69e+04 1.00e+01 1.00e+00
[0001][0001] 7.938225e+04 7.427e+02 6.69e+04 1.00e+01 1.35e+00
[0002][0002] 7.925318e+04 1.291e+02 2.13e+04 3.00e+01 1.42e+00
[0003][0003] 7.922963e+04 2.355e+01 6.48e+03 9.00e+01 1.44e+00
[0004][0004] 7.922503e+04 4.606e+00 1.87e+03 2.70e+02 1.46e+00
[0005][0005] 7.922406e+04 9.699e-01 9.63e+02 8.10e+02 1.47e+00
[0006][0006] 7.922385e+04 2.128e-01 6.66e+02 2.43e+03 1.47e+00
[0007][0007] 7.922380e+04 4.772e-02 4.18e+02 7.29e+03 1.48e+00
[0008][0008] 7.922379e+04 1.091e-02 2.41e+02 2.19e+04 1.48e+00
[0009][0009] 7.922378e+04 2.498e-03 1.30e+02 6.56e+04 1.48e+00
[0010][0010] 7.922378e+04 5.752e-04 6.76e+01 1.97e+05 1.48e+00
[0011][0011] 7.922378e+04 1.330e-04 3.45e+01 5.90e+05 1.48e+00
[0012][0012] 7.922378e+04 3.084e-05 1.73e+01 1.77e+06 1.48e+00
  ✅ Saved axis: NURBS_Output/Axes/Pot_A_Piece_18_Axis.xyz

--- Processing Pot_A_Piece_19 ---
[iter][eval] cost actual_cost_change |grad| |TR| MQ
[0000][0000] 1.120041e+04 0.000e+00 1.15e+04 1.00e+01 1.00e+00
[0001][0001] 7.998272e+03 3.202e+03 1.15e+04 1.00e+01 1.46e+00
[0002][0002] 7.509939e+03 4.883e+02 1.20e+04 3.00e+01 1.44e+00
[0003][0003] 7.442281e+03 6.766e+01 8.70e+03 9.00e+01 1.35e+00
[0004][0004] 7.433628e+03 8.653e+00 4.23e+03 2.70e+02 1.37e+00
[0005][0005] 7.432175e+03 1.453e+00 1.84e+03 8.10e+02 1.43e+00
[iter][eval] cost actual_cost_change |grad| |TR| MQ
[0000][0000] 1.191174e+04 0.000e+00 2.11e+05 1.00e+01 1.00e+00
[0001][0001] 8.943220e+03 2.969e+03 2.11e+05 1.00e+01 1.27e+00
[0002][0002] 7.928908e+03 1.014e+03 7.19e+04 3.00e+01 1.25e+00
[0003][0003] 7.532469e+03 3.964e+02 2.52e+04 9.00e+01 1.20e+00
[0004][0004] 7.454202e+03 7.827e+01 1.24e+04 2.70e+02 1.48e+00
[0005][0005] 7.434936e+03 1.927e+01 5.43e+03 8.10e+02 1.29e+00
[0006][0006] 7.431694e+03 3.242e+00 2.45e+03 2.43e+03 1.44e+00
[iter][eval] cost actual_cost_change |grad| |TR| MQ
[0000][0000] 1.308834e+04 0.000e+00 1.79e+04 1.00e+01 1.00e+00
[0001][0001] 8.323093e+03 4.765e+03 1.79e+04 1.00e+01 1.46e+00
[0002][0002] 7.553976e+03 7.691e+02 1.08e+04 3.00e+01 1.44e+00
[0003][0003] 7.448182e+03 1.058e+02 9.22e+03 9.00e+01 1.38e+00
[0004][0004] 7.434508e+03 1.367e+01 4.89e+03 2.70e+02 1.36e+00
[0005][0005] 7.432352e+03 2.156e+00 2.20e+03 8.10e+02 1.43e+00
[iter][eval] cost actual_cost_change |grad| |TR| MQ
[0000][0000] 1.162061e+04 0.000e+00 1.29e+05 1.00e+01 1.00e+00
[0001][0001] 8.357717e+03 3.263e+03 1.29e+05 1.00e+01 1.47e+00
[0002][0002] 7.604528e+03 7.532e+02 2.21e+04 3.00e+01 1.60e+00
[0003][0003] 7.453360e+03 1.512e+02 7.76e+02 9.00e+01 1.49e+00
[0004][0004] 7.433266e+03 2.009e+01 1.18e+03 2.70e+02 1.31e+00
[0005][0005] 7.431947e+03 1.319e+00 3.77e+02 8.10e+02 1.20e+00
[iter][eval] cost actual_cost_change |grad| |TR| MQ
[0000][0000] 1.315591e+04 0.000e+00 7.70e+04 1.00e+01 1.00e+00
[0001][0001] 8.633492e+03 4.522e+03 7.70e+04 1.00e+01 1.48e+00
[0002][0002] 7.619801e+03 1.014e+03 1.56e+04 3.00e+01 1.56e+00
[0003][0003] 7.452800e+03 1.670e+02 1.38e+03 9.00e+01 1.47e+00
[0004][0004] 7.432870e+03 1.993e+01 9.78e+02 2.70e+02 1.28e+00
[0005][0005] 7.431849e+03 1.021e+00 3.53e+02 8.10e+02 1.12e+00
[iter][eval] cost actual_cost_change |grad| |TR| MQ
[0000][0000] 9.458290e+03 0.000e+00 3.68e+04 1.00e+01 1.00e+00
[0001][0001] 8.156143e+03 1.302e+03 3.68e+04 1.00e+01 1.57e+00
[0002][0002] 7.602915e+03 5.532e+02 1.08e+04 3.00e+01 1.69e+00
[0003][0003] 7.458698e+03 1.442e+02 1.79e+03 9.00e+01 1.56e+00
[0004][0004] 7.434590e+03 2.411e+01 1.26e+03 2.70e+02 1.37e+00
[0005][0005] 7.432188e+03 2.403e+00 8.70e+02 8.10e+02 1.30e+00
[iter][eval] cost actual_cost_change |grad| |TR| MQ
[0000][0000] 1.279786e+04 0.000e+00 1.18e+05 1.00e+01 1.00e+00
[0001][0001] 8.826544e+03 3.971e+03 1.18e+05 1.00e+01 1.38e+00
[0002][0002] 7.774843e+03 1.052e+03 5.47e+04 3.00e+01 1.32e+00
[0003][0003] 7.510972e+03 2.639e+02 2.45e+04 9.00e+01 1.40e+00
[0004][0004] 7.448118e+03 6.285e+01 1.12e+04 2.70e+02 1.39e+00
[0005][0005] 7.434464e+03 1.365e+01 5.24e+03 8.10e+02 1.44e+00
[0006][0006] 7.431616e+03 2.848e+00 2.48e+03 2.43e+03 1.45e+00
[iter][eval] cost actual_cost_change |grad| |TR| MQ
[0000][0000] 1.251560e+04 0.000e+00 7.61e+04 1.00e+01 1.00e+00
[0001][0001] 8.609924e+03 3.906e+03 7.61e+04 1.00e+01 1.46e+00
[0002][0002] 7.608982e+03 1.001e+03 1.71e+04 3.00e+01 1.56e+00
[0003][0003] 7.451048e+03 1.579e+02 2.08e+03 9.00e+01 1.47e+00
[0004][0004] 7.432735e+03 1.831e+01 1.41e+03 2.70e+02 1.28e+00
[0005][0005] 7.431843e+03 8.921e-01 5.73e+02 8.10e+02 1.11e+00
[iter][eval] cost actual_cost_change |grad| |TR| MQ
[0000][0000] 1.526503e+04 0.000e+00 1.08e+05 1.00e+01 1.00e+00
[0001][0001] 9.099092e+03 6.166e+03 1.08e+05 1.00e+01 1.41e+00
[0002][0002] 7.730782e+03 1.368e+03 3.92e+04 3.00e+01 1.38e+00
[0003][0003] 7.484254e+03 2.465e+02 1.41e+04 9.00e+01 1.39e+00
[0004][0004] 7.441804e+03 4.245e+01 6.02e+03 2.70e+02 1.42e+00
[0005][0005] 7.431782e+03 1.002e+01 2.63e+03 8.10e+02 1.30e+00
[0006][0006] 7.430530e+03 1.252e+00 1.16e+03 2.43e+03 1.42e+00
[iter][eval] cost actual_cost_change |grad| |TR| MQ
[0000][0000] 1.349794e+04 0.000e+00 3.61e+05 1.00e+01 1.00e+00
[0001][0001] 9.801102e+03 3.697e+03 3.61e+05 1.00e+01 1.34e+00
[0002][0002] 8.547576e+03 1.254e+03 8.72e+04 3.00e+01 1.44e+00
[0003][0003] 7.777723e+03 7.699e+02 2.57e+04 9.00e+01 1.67e+00
[0004][0004] 7.499226e+03 2.785e+02 4.31e+03 2.70e+02 1.64e+00
[0005][0005] 7.440645e+03 5.858e+01 1.35e+03 8.10e+02 1.47e+00
[0006][0006] 7.432808e+03 7.837e+00 1.07e+03 2.43e+03 1.33e+00
[0007][0007] 7.432002e+03 8.059e-01 6.64e+02 7.29e+03 1.39e+00
[iter][eval] cost actual_cost_change |grad| |TR| MQ
[0000][0000] 8.004852e+04 0.000e+00 7.90e+04 1.00e+01 1.00e+00
[0001][0001] 7.936217e+04 6.864e+02 7.90e+04 1.00e+01 1.33e+00
[0002][0002] 7.924838e+04 1.138e+02 2.51e+04 3.00e+01 1.41e+00
[0003][0003] 7.922850e+04 1.988e+01 7.85e+03 9.00e+01 1.43e+00
[0004][0004] 7.922475e+04 3.740e+00 2.12e+03 2.70e+02 1.45e+00
[0005][0005] 7.922399e+04 7.622e-01 7.07e+02 8.10e+02 1.46e+00
[0006][0006] 7.922383e+04 1.629e-01 4.66e+02 2.43e+03 1.47e+00
[0007][0007] 7.922379e+04 3.592e-02 3.14e+02 7.29e+03 1.47e+00
[0008][0008] 7.922379e+04 8.107e-03 1.89e+02 2.19e+04 1.48e+00
[0009][0009] 7.922378e+04 1.841e-03 1.05e+02 6.56e+04 1.48e+00
[0010][0010] 7.922378e+04 4.221e-04 5.54e+01 1.97e+05 1.48e+00
[0011][0011] 7.922378e+04 9.736e-05 2.86e+01 5.90e+05 1.48e+00
[0012][0012] 7.922378e+04 2.253e-05 1.45e+01 1.77e+06 1.48e+00
  ✅ Saved axis: NURBS_Output/Axes/Pot_A_Piece_19_Axis.xyz

--- Processing Pot_A_Piece_20 ---
[iter][eval] cost actual_cost_change |grad| |TR| MQ
[0000][0000] 1.359224e+04 0.000e+00 1.00e+05 1.00e+01 1.00e+00
[0001][0001] 8.758150e+03 4.834e+03 1.00e+05 1.00e+01 1.45e+00
[0002][0002] 7.707214e+03 1.051e+03 2.16e+04 3.00e+01 1.60e+00
[0003][0003] 7.470625e+03 2.366e+02 1.45e+03 9.00e+01 1.53e+00
[0004][0004] 7.434909e+03 3.572e+01 7.12e+02 2.70e+02 1.35e+00
[0005][0005] 7.432010e+03 2.899e+00 3.36e+02 8.10e+02 1.21e+00
[iter][eval] cost actual_cost_change |grad| |TR| MQ
[0000][0000] 1.144592e+04 0.000e+00 3.51e+04 1.00e+01 1.00e+00
[0001][0001] 8.089456e+03 3.356e+03 3.51e+04 1.00e+01 1.39e+00
[0002][0002] 7.529456e+03 5.600e+02 2.48e+04 3.00e+01 1.39e+00
[0003][0003] 7.449103e+03 8.035e+01 1.25e+04 9.00e+01 1.39e+00
[0004][0004] 7.435327e+03 1.378e+01 5.97e+03 2.70e+02 1.43e+00
[0005][0005] 7.432528e+03 2.799e+00 2.61e+03 8.10e+02 1.44e+00
[iter][eval] cost actual_cost_change |grad| |TR| MQ
[0000][0000] 1.336362e+04 0.000e+00 8.85e+03 1.00e+01 1.00e+00
[0001][0001] 8.435238e+03 4.928e+03 8.85e+03 1.00e+01 1.47e+00
[0002][0002] 7.572442e+03 8.628e+02 8.40e+03 3.00e+01 1.44e+00
[0003][0003] 7.449030e+03 1.234e+02 5.80e+03 9.00e+01 1.38e+00
[0004][0004] 7.434168e+03 1.486e+01 2.92e+03 2.70e+02 1.32e+00
[0005][0005] 7.432258e+03 1.910e+00 1.30e+03 8.10e+02 1.41e+00
[iter][eval] cost actual_cost_change |grad| |TR| MQ
[0000][0000] 1.409035e+04 0.000e+00 1.79e+05 1.00e+01 1.00e+00
[0001][0001] 9.472898e+03 4.617e+03 1.79e+05 1.00e+01 1.39e+00
[0002][0002] 8.054276e+03 1.419e+03 4.03e+04 3.00e+01 1.50e+00
[0003][0003] 7.553286e+03 5.010e+02 9.21e+03 9.00e+01 1.65e+00
[0004][0004] 7.447169e+03 1.061e+02 8.86e+02 2.70e+02 1.51e+00
[0005][0005] 7.432922e+03 1.425e+01 5.59e+02 8.10e+02 1.31e+00
[0006][0006] 7.431937e+03 9.856e-01 4.65e+02 2.43e+03 1.22e+00
[iter][eval] cost actual_cost_change |grad| |TR| MQ
[0000][0000] 1.348354e+04 0.000e+00 1.46e+05 1.00e+01 1.00e+00
[0001][0001] 8.898556e+03 4.585e+03 1.46e+05 1.00e+01 1.39e+00
[0002][0002] 7.743224e+03 1.155e+03 5.57e+04 3.00e+01 1.38e+00
[0003][0003] 7.490796e+03 2.524e+02 1.85e+04 9.00e+01 1.40e+00
[0004][0004] 7.440200e+03 5.060e+01 5.82e+03 2.70e+02 1.38e+00
[0005][0005] 7.432233e+03 7.967e+00 1.96e+03 8.10e+02 1.43e+00
[0006][0006] 7.430639e+03 1.594e+00 8.74e+02 2.43e+03 1.44e+00
[iter][eval] cost actual_cost_change |grad| |TR| MQ
[0000][0000] 1.099303e+04 0.000e+00 1.25e+05 1.00e+01 1.00e+00
[0001][0001] 9.843826e+03 1.149e+03 1.25e+05 1.00e+01 7.73e-01
[0002][0002] 8.657240e+03 1.187e+03 9.84e+04 1.19e+01 1.11e+00
[0003][0003] 7.906190e+03 7.511e+02 3.63e+04 3.58e+01 1.22e+00
[0004][0004] 7.542852e+03 3.633e+02 1.65e+04 1.08e+02 1.42e+00
[0005][0005] 7.442793e+03 1.001e+02 7.52e+03 3.23e+02 1.07e+00
[0006][0006] 7.433068e+03 9.724e+00 3.95e+03 9.68e+02 1.35e+00
[0007][0007] 7.431321e+03 1.747e+00 1.78e+03 2.90e+03 1.44e+00
[iter][eval] cost actual_cost_change |grad| |TR| MQ
[0000][0000] 1.537067e+04 0.000e+00 2.39e+05 1.00e+01 1.00e+00
[0001][0001] 1.097907e+04 4.392e+03 2.39e+05 1.00e+01 1.39e+00
[0002][0002] 1.061192e+04 3.672e+02 7.38e+04 3.00e+01 2.54e-01
[0003][0003] 9.144831e+03 1.467e+03 1.01e+05 2.68e+01 1.07e+00
[0004][0004] 8.162409e+03 9.824e+02 3.96e+04 8.04e+01 1.16e+00
[0005][0005] 7.640155e+03 5.223e+02 1.91e+04 2.41e+02 1.32e+00
[0006][0006] 7.456418e+03 1.837e+02 9.50e+03 7.24e+02 1.07e+00
[0007][0007] 7.435608e+03 2.081e+01 5.39e+03 2.17e+03 1.34e+00
[0008][0008] 7.431827e+03 3.781e+00 2.50e+03 6.52e+03 1.44e+00
[iter][eval] cost actual_cost_change |grad| |TR| MQ
[0000][0000] 1.097066e+04 0.000e+00 7.87e+04 1.00e+01 1.00e+00
[0001][0001] 9.676455e+03 1.294e+03 7.87e+04 1.00e+01 9.80e-01
[0002][0002] 9.546535e+03 1.299e+02 1.52e+04 3.00e+01 1.40e+00
[0003][0003] 9.522720e+03 2.381e+01 1.45e+04 9.00e+01 1.08e+00
[0004][0004] 9.521457e+03 1.263e+00 2.26e+03 2.70e+02 1.16e+00
[iter][eval] cost actual_cost_change |grad| |TR| MQ
[0000][0000] 2.037884e+04 0.000e+00 6.95e+05 1.00e+01 1.00e+00
[0001][0001] 1.418675e+04 6.192e+03 6.95e+05 1.00e+01 1.38e+00
[0002][0002] 1.223978e+04 1.947e+03 3.30e+05 3.00e+01 1.44e+00
[0003][0003] 1.084181e+04 1.398e+03 1.48e+05 9.00e+01 1.53e+00
[0004][0004] 9.531562e+03 1.310e+03 7.35e+04 2.70e+02 1.52e+00
[0005][0005] 8.501664e+03 1.030e+03 3.66e+04 8.10e+02 1.70e+00
[0006][0006] 7.805780e+03 6.959e+02 1.65e+04 2.43e+03 1.79e+00
[0007][0007] 7.515843e+03 2.899e+02 4.77e+03 7.29e+03 1.67e+00
[0008][0008] 7.445303e+03 7.054e+01 2.65e+03 2.19e+04 1.50e+00
[0009][0009] 7.433814e+03 1.149e+01 1.70e+03 6.56e+04 1.39e+00
[0010][0010] 7.432220e+03 1.594e+00 9.82e+02 1.97e+05 1.43e+00
[iter][eval] cost actual_cost_change |grad| |TR| MQ
[0000][0000] 1.724668e+04 0.000e+00 1.01e+05 1.00e+01 1.00e+00
[0001][0001] 9.746832e+03 7.500e+03 1.01e+05 1.00e+01 1.44e+00
[0002][0002] 7.937625e+03 1.809e+03 3.83e+04 3.00e+01 1.45e+00
[0003][0003] 7.526915e+03 4.107e+02 1.97e+04 9.00e+01 1.41e+00
[0004][0004] 7.444329e+03 8.259e+01 8.67e+03 2.70e+02 1.37e+00
[0005][0005] 7.434129e+03 1.020e+01 2.45e+03 8.10e+02 1.39e+00
[0006][0006] 7.432305e+03 1.824e+00 7.98e+02 2.43e+03 1.45e+00
[iter][eval] cost actual_cost_change |grad| |TR| MQ
[0000][0000] 8.010491e+04 0.000e+00 6.91e+04 1.00e+01 1.00e+00
[0001][0001] 7.937915e+04 7.258e+02 6.91e+04 1.00e+01 1.35e+00
[0002][0002] 7.925234e+04 1.268e+02 2.20e+04 3.00e+01 1.42e+00
[0003][0003] 7.922942e+04 2.292e+01 6.65e+03 9.00e+01 1.43e+00
[0004][0004] 7.922497e+04 4.445e+00 1.83e+03 2.70e+02 1.45e+00
[0005][0005] 7.922404e+04 9.296e-01 8.81e+02 8.10e+02 1.47e+00
[0006][0006] 7.922384e+04 2.029e-01 6.21e+02 2.43e+03 1.47e+00
[0007][0007] 7.922380e+04 4.531e-02 3.96e+02 7.29e+03 1.48e+00
[0008][0008] 7.922379e+04 1.033e-02 2.30e+02 2.19e+04 1.48e+00
[0009][0009] 7.922378e+04 2.360e-03 1.25e+02 6.56e+04 1.48e+00
[0010][0010] 7.922378e+04 5.427e-04 6.52e+01 1.97e+05 1.48e+00
[0011][0011] 7.922378e+04 1.254e-04 3.33e+01 5.90e+05 1.48e+00
[0012][0012] 7.922378e+04 2.906e-05 1.68e+01 1.77e+06 1.48e+00
  ✅ Saved axis: NURBS_Output/Axes/Pot_A_Piece_20_Axis.xyz

--- Processing Pot_A_Piece_21 ---
[iter][eval] cost actual_cost_change |grad| |TR| MQ
[0000][0000] 1.489026e+04 0.000e+00 1.47e+05 1.00e+01 1.00e+00
[0001][0001] 9.020336e+03 5.870e+03 1.47e+05 1.00e+01 1.45e+00
[0002][0002] 7.783594e+03 1.237e+03 3.27e+04 3.00e+01 1.60e+00
[0003][0003] 7.484905e+03 2.987e+02 2.68e+03 9.00e+01 1.55e+00
[0004][0004] 7.436936e+03 4.797e+01 8.68e+02 2.70e+02 1.39e+00
[0005][0005] 7.432229e+03 4.707e+00 4.04e+02 8.10e+02 1.25e+00
[iter][eval] cost actual_cost_change |grad| |TR| MQ
[0000][0000] 1.512518e+04 0.000e+00 1.32e+05 1.00e+01 1.00e+00
[0001][0001] 9.383883e+03 5.741e+03 1.32e+05 1.00e+01 1.45e+00
[0002][0002] 7.988144e+03 1.396e+03 3.53e+04 3.00e+01 1.62e+00
[0003][0003] 7.539972e+03 4.482e+02 7.39e+03 9.00e+01 1.65e+00
[0004][0004] 7.446098e+03 9.387e+01 1.13e+03 2.70e+02 1.49e+00
[0005][0005] 7.433120e+03 1.298e+01 9.03e+02 8.10e+02 1.32e+00
[0006][0006] 7.432029e+03 1.091e+00 5.87e+02 2.43e+03 1.31e+00
[iter][eval] cost actual_cost_change |grad| |TR| MQ
[0000][0000] 1.232686e+04 0.000e+00 1.09e+05 1.00e+01 1.00e+00
[0001][0001] 9.467140e+03 2.860e+03 1.09e+05 1.00e+01 1.40e+00
[0002][0002] 8.271499e+03 1.196e+03 3.99e+04 3.00e+01 1.53e+00
[0003][0003] 7.652563e+03 6.189e+02 1.23e+04 9.00e+01 1.71e+00
[0004][0004] 7.469823e+03 1.827e+02 2.24e+03 2.70e+02 1.59e+00
[0005][0005] 7.436103e+03 3.372e+01 1.38e+03 8.10e+02 1.41e+00
[0006][0006] 7.432340e+03 3.763e+00 1.03e+03 2.43e+03 1.30e+00
[iter][eval] cost actual_cost_change |grad| |TR| MQ
[0000][0000] 1.068787e+04 0.000e+00 1.13e+05 1.00e+01 1.00e+00
[0001][0001] 8.081288e+03 2.607e+03 1.13e+05 1.00e+01 1.38e+00
[0002][0002] 7.555311e+03 5.260e+02 3.10e+04 3.00e+01 1.40e+00
[0003][0003] 7.452770e+03 1.025e+02 9.47e+03 9.00e+01 1.41e+00
[0004][0004] 7.434708e+03 1.806e+01 3.77e+03 2.70e+02 1.41e+00
[0005][0005] 7.431170e+03 3.538e+00 1.67e+03 8.10e+02 1.45e+00
[iter][eval] cost actual_cost_change |grad| |TR| MQ
[0000][0000] 1.692455e+04 0.000e+00 1.67e+05 1.00e+01 1.00e+00
[0001][0001] 1.030741e+04 6.617e+03 1.67e+05 1.00e+01 1.41e+00
[0002][0002] 8.489226e+03 1.818e+03 5.60e+04 3.00e+01 1.51e+00
[0003][0003] 7.731343e+03 7.579e+02 1.69e+04 9.00e+01 1.70e+00
[0004][0004] 7.486116e+03 2.452e+02 3.13e+03 2.70e+02 1.61e+00
[0005][0005] 7.438253e+03 4.786e+01 1.43e+03 8.10e+02 1.43e+00
[0006][0006] 7.432506e+03 5.748e+00 1.08e+03 2.43e+03 1.30e+00
[iter][eval] cost actual_cost_change |grad| |TR| MQ
[0000][0000] 1.012171e+04 0.000e+00 5.92e+04 1.00e+01 1.00e+00
[0001][0001] 8.376886e+03 1.745e+03 5.92e+04 1.00e+01 1.52e+00
[0002][0002] 7.682250e+03 6.946e+02 1.82e+04 3.00e+01 1.68e+00
[0003][0003] 7.474372e+03 2.079e+02 2.70e+03 9.00e+01 1.59e+00
[0004][0004] 7.436442e+03 3.793e+01 1.02e+03 2.70e+02 1.41e+00
[0005][0005] 7.432319e+03 4.123e+00 8.01e+02 8.10e+02 1.29e+00
[iter][eval] cost actual_cost_change |grad| |TR| MQ
[0000][0000] 1.836185e+04 0.000e+00 1.69e+05 1.00e+01 1.00e+00
[0001][0001] 1.000963e+04 8.352e+03 1.69e+05 1.00e+01 1.40e+00
[0002][0002] 8.012631e+03 1.997e+03 6.32e+04 3.00e+01 1.41e+00
[0003][0003] 7.551908e+03 4.607e+02 2.56e+04 9.00e+01 1.40e+00
[0004][0004] 7.447067e+03 1.048e+02 1.01e+04 2.70e+02 1.37e+00
[0005][0005] 7.433134e+03 1.393e+01 2.85e+03 8.10e+02 1.37e+00
[0006][0006] 7.430831e+03 2.302e+00 8.97e+02 2.43e+03 1.45e+00
[iter][eval] cost actual_cost_change |grad| |TR| MQ
[0000][0000] 1.400519e+04 0.000e+00 1.70e+05 1.00e+01 1.00e+00
[0001][0001] 9.281937e+03 4.723e+03 1.70e+05 1.00e+01 1.47e+00
[0002][0002] 8.024506e+03 1.257e+03 4.97e+04 3.00e+01 1.68e+00
[0003][0003] 7.557681e+03 4.668e+02 1.11e+04 9.00e+01 1.66e+00
[0004][0004] 7.450796e+03 1.069e+02 1.63e+03 2.70e+02 1.51e+00
[0005][0005] 7.434046e+03 1.675e+01 9.22e+02 8.10e+02 1.37e+00
[0006][0006] 7.432219e+03 1.827e+00 6.34e+02 2.43e+03 1.36e+00
[iter][eval] cost actual_cost_change |grad| |TR| MQ
[0000][0000] 1.503847e+04 0.000e+00 7.33e+04 1.00e+01 1.00e+00
[0001][0001] 8.965317e+03 6.073e+03 7.33e+04 1.00e+01 1.42e+00
[0002][0002] 7.680702e+03 1.285e+03 3.35e+04 3.00e+01 1.38e+00
[0003][0003] 7.475962e+03 2.047e+02 1.45e+04 9.00e+01 1.39e+00
[0004][0004] 7.440559e+03 3.540e+01 7.15e+03 2.70e+02 1.41e+00
[0005][0005] 7.433607e+03 6.952e+00 3.16e+03 8.10e+02 1.45e+00
[iter][eval] cost actual_cost_change |grad| |TR| MQ
[0000][0000] 1.149121e+04 0.000e+00 2.52e+05 1.00e+01 1.00e+00
[0001][0001] 1.033489e+04 1.156e+03 2.52e+05 1.00e+01 6.81e-01
[0002][0002] 9.654356e+03 6.805e+02 7.08e+04 1.05e+01 1.09e+00
[0003][0003] 9.534606e+03 1.198e+02 3.42e+04 3.15e+01 1.09e+00
[0004][0004] 9.526633e+03 7.973e+00 1.35e+04 9.45e+01 1.57e+00
[iter][eval] cost actual_cost_change |grad| |TR| MQ
[0000][0000] 8.012113e+04 0.000e+00 6.90e+04 1.00e+01 1.00e+00
[0001][0001] 7.938348e+04 7.377e+02 6.90e+04 1.00e+01 1.36e+00
[0002][0002] 7.925318e+04 1.303e+02 2.20e+04 3.00e+01 1.42e+00
[0003][0003] 7.922958e+04 2.359e+01 6.61e+03 9.00e+01 1.43e+00
[0004][0004] 7.922501e+04 4.575e+00 1.81e+03 2.70e+02 1.45e+00
[0005][0005] 7.922405e+04 9.571e-01 8.89e+02 8.10e+02 1.47e+00
[0006][0006] 7.922384e+04 2.089e-01 6.31e+02 2.43e+03 1.47e+00
[0007][0007] 7.922380e+04 4.665e-02 4.03e+02 7.29e+03 1.48e+00
[0008][0008] 7.922379e+04 1.063e-02 2.34e+02 2.19e+04 1.48e+00
[0009][0009] 7.922378e+04 2.430e-03 1.27e+02 6.56e+04 1.48e+00
[0010][0010] 7.922378e+04 5.586e-04 6.62e+01 1.97e+05 1.48e+00
[0011][0011] 7.922378e+04 1.290e-04 3.38e+01 5.90e+05 1.48e+00
[0012][0012] 7.922378e+04 2.989e-05 1.70e+01 1.77e+06 1.48e+00
  ✅ Saved axis: NURBS_Output/Axes/Pot_A_Piece_21_Axis.xyz

--- Processing Pot_A_Piece_22 ---
[iter][eval] cost actual_cost_change |grad| |TR| MQ
[0000][0000] 1.497151e+04 0.000e+00 7.57e+04 1.00e+01 1.00e+00
[0001][0001] 8.784567e+03 6.187e+03 7.57e+04 1.00e+01 1.47e+00
[0002][0002] 7.634255e+03 1.150e+03 1.25e+04 3.00e+01 1.54e+00
[0003][0003] 7.454272e+03 1.800e+02 3.12e+03 9.00e+01 1.45e+00
[0004][0004] 7.433252e+03 2.102e+01 2.32e+03 2.70e+02 1.28e+00
[0005][0005] 7.431953e+03 1.299e+00 9.93e+02 8.10e+02 1.20e+00
[iter][eval] cost actual_cost_change |grad| |TR| MQ
[0000][0000] 9.825718e+03 0.000e+00 4.71e+04 1.00e+01 1.00e+00
[0001][0001] 7.989267e+03 1.836e+03 4.71e+04 1.00e+01 1.54e+00
[0002][0002] 7.522661e+03 4.666e+02 7.28e+03 3.00e+01 1.59e+00
[0003][0003] 7.441282e+03 8.138e+01 6.54e+02 9.00e+01 1.44e+00
[0004][0004] 7.432325e+03 8.957e+00 4.77e+02 2.70e+02 1.26e+00
[0005][0005] 7.431880e+03 4.448e-01 1.20e+02 8.10e+02 1.21e+00
[iter][eval] cost actual_cost_change |grad| |TR| MQ
[0000][0000] 8.285224e+03 0.000e+00 3.64e+04 1.00e+01 1.00e+00
[0001][0001] 7.645110e+03 6.401e+02 3.64e+04 1.00e+01 1.35e+00
[0002][0002] 7.475282e+03 1.698e+02 1.15e+04 3.00e+01 1.43e+00
[0003][0003] 7.438921e+03 3.636e+01 4.59e+03 9.00e+01 1.38e+00
[0004][0004] 7.432577e+03 6.344e+00 2.23e+03 2.70e+02 1.45e+00
[iter][eval] cost actual_cost_change |grad| |TR| MQ
[0000][0000] 1.288160e+04 0.000e+00 1.13e+05 1.00e+01 1.00e+00
[0001][0001] 9.687086e+03 3.195e+03 1.13e+05 1.00e+01 1.42e+00
[0002][0002] 8.425042e+03 1.262e+03 4.29e+04 3.00e+01 1.55e+00
[0003][0003] 7.732310e+03 6.927e+02 1.52e+04 9.00e+01 1.72e+00
[0004][0004] 7.489278e+03 2.430e+02 3.22e+03 2.70e+02 1.63e+00
[0005][0005] 7.439205e+03 5.007e+01 1.64e+03 8.10e+02 1.45e+00
[0006][0006] 7.432698e+03 6.508e+00 1.23e+03 2.43e+03 1.32e+00
[iter][eval] cost actual_cost_change |grad| |TR| MQ
[0000][0000] 1.231604e+04 0.000e+00 3.76e+04 1.00e+01 1.00e+00
[0001][0001] 8.307941e+03 4.008e+03 3.76e+04 1.00e+01 1.38e+00
[0002][0002] 7.566395e+03 7.415e+02 3.54e+04 3.00e+01 1.37e+00
[0003][0003] 7.458394e+03 1.080e+02 1.81e+04 9.00e+01 1.42e+00
[0004][0004] 7.437409e+03 2.098e+01 8.77e+03 2.70e+02 1.44e+00
[0005][0005] 7.432977e+03 4.432e+00 3.82e+03 8.10e+02 1.45e+00
[iter][eval] cost actual_cost_change |grad| |TR| MQ
[0000][0000] 1.397177e+04 0.000e+00 1.91e+05 1.00e+01 1.00e+00
[0001][0001] 8.626987e+03 5.345e+03 1.91e+05 1.00e+01 1.45e+00
[0002][0002] 7.622755e+03 1.004e+03 2.54e+04 3.00e+01 1.53e+00
[0003][0003] 7.452863e+03 1.699e+02 5.07e+03 9.00e+01 1.43e+00
[0004][0004] 7.433370e+03 1.949e+01 4.36e+03 2.70e+02 1.28e+00
[0005][0005] 7.432004e+03 1.366e+00 1.93e+03 8.10e+02 1.26e+00
[iter][eval] cost actual_cost_change |grad| |TR| MQ
[0000][0000] 1.235288e+04 0.000e+00 1.46e+05 1.00e+01 1.00e+00
[0001][0001] 9.574542e+03 2.778e+03 1.46e+05 1.00e+01 1.24e+00
[0002][0002] 8.144181e+03 1.430e+03 6.72e+04 3.00e+01 1.31e+00
[0003][0003] 7.603836e+03 5.403e+02 2.01e+04 9.00e+01 1.25e+00
[0004][0004] 7.465320e+03 1.385e+02 9.02e+03 2.70e+02 1.44e+00
[0005][0005] 7.436801e+03 2.852e+01 3.40e+03 8.10e+02 1.32e+00
[0006][0006] 7.432130e+03 4.672e+00 1.81e+03 2.43e+03 1.45e+00
[iter][eval] cost actual_cost_change |grad| |TR| MQ
[0000][0000] 1.122377e+04 0.000e+00 2.44e+05 1.00e+01 1.00e+00
[0001][0001] 8.448465e+03 2.775e+03 2.44e+05 1.00e+01 1.29e+00
[0002][0002] 7.668767e+03 7.797e+02 7.70e+04 3.00e+01 1.25e+00
[0003][0003] 7.481061e+03 1.877e+02 2.62e+04 9.00e+01 1.33e+00
[0004][0004] 7.440786e+03 4.027e+01 1.05e+04 2.70e+02 1.38e+00
[0005][0005] 7.432881e+03 7.905e+00 4.43e+03 8.10e+02 1.44e+00
[0006][0006] 7.431283e+03 1.598e+00 1.93e+03 2.43e+03 1.44e+00
[iter][eval] cost actual_cost_change |grad| |TR| MQ
[0000][0000] 1.562887e+04 0.000e+00 2.86e+05 1.00e+01 1.00e+00
[0001][0001] 9.464111e+03 6.165e+03 2.86e+05 1.00e+01 1.45e+00
[0002][0002] 7.926499e+03 1.538e+03 7.15e+04 3.00e+01 1.57e+00
[0003][0003] 7.509701e+03 4.168e+02 8.80e+03 9.00e+01 1.58e+00
[0004][0004] 7.439639e+03 7.006e+01 1.28e+03 2.70e+02 1.43e+00
[0005][0005] 7.432249e+03 7.391e+00 7.70e+02 8.10e+02 1.25e+00
[iter][eval] cost actual_cost_change |grad| |TR| MQ
[0000][0000] 1.372731e+04 0.000e+00 2.42e+05 1.00e+01 1.00e+00
[0001][0001] 9.980249e+03 3.747e+03 2.42e+05 1.00e+01 1.33e+00
[0002][0002] 9.729044e+03 2.512e+02 6.63e+04 3.00e+01 1.11e+00
[0003][0003] 9.603900e+03 1.251e+02 2.87e+04 9.00e+01 1.31e+00
[0004][0004] 9.581336e+03 2.256e+01 1.39e+04 2.70e+02 1.57e+00
[0005][0005] 9.555793e+03 2.554e+01 1.03e+04 8.10e+02 1.68e+00
[0006][0006] 9.541342e+03 1.445e+01 7.11e+03 2.43e+03 1.52e+00
[0007][0007] 9.534102e+03 7.240e+00 2.13e+03 7.29e+03 1.75e+00
[iter][eval] cost actual_cost_change |grad| |TR| MQ
[0000][0000] 8.006475e+04 0.000e+00 7.49e+04 1.00e+01 1.00e+00
[0001][0001] 7.936765e+04 6.971e+02 7.49e+04 1.00e+01 1.34e+00
[0002][0002] 7.924972e+04 1.179e+02 2.37e+04 3.00e+01 1.41e+00
[0003][0003] 7.922882e+04 2.090e+01 7.30e+03 9.00e+01 1.43e+00
[0004][0004] 7.922483e+04 3.987e+00 1.96e+03 2.70e+02 1.45e+00
[0005][0005] 7.922401e+04 8.218e-01 7.59e+02 8.10e+02 1.46e+00
[0006][0006] 7.922383e+04 1.773e-01 5.26e+02 2.43e+03 1.47e+00
[0007][0007] 7.922379e+04 3.932e-02 3.47e+02 7.29e+03 1.48e+00
[0008][0008] 7.922379e+04 8.913e-03 2.05e+02 2.19e+04 1.48e+00
[0009][0009] 7.922378e+04 2.030e-03 1.12e+02 6.56e+04 1.48e+00
[0010][0010] 7.922378e+04 4.660e-04 5.92e+01 1.97e+05 1.48e+00
[0011][0011] 7.922378e+04 1.076e-04 3.04e+01 5.90e+05 1.48e+00
[0012][0012] 7.922378e+04 2.491e-05 1.54e+01 1.77e+06 1.48e+00
  ✅ Saved axis: NURBS_Output/Axes/Pot_A_Piece_22_Axis.xyz

--- Processing Pot_A_Piece_23 ---
[iter][eval] cost actual_cost_change |grad| |TR| MQ
[0000][0000] 1.154627e+04 0.000e+00 1.08e+05 1.00e+01 1.00e+00
[0001][0001] 8.212368e+03 3.334e+03 1.08e+05 1.00e+01 1.36e+00
[0002][0002] 7.561519e+03 6.508e+02 3.36e+04 3.00e+01 1.38e+00
[0003][0003] 7.454431e+03 1.071e+02 1.12e+04 9.00e+01 1.41e+00
[0004][0004] 7.434168e+03 2.026e+01 4.69e+03 2.70e+02 1.35e+00
[0005][0005] 7.431012e+03 3.156e+00 2.01e+03 8.10e+02 1.43e+00
[iter][eval] cost actual_cost_change |grad| |TR| MQ
[0000][0000] 1.200271e+04 0.000e+00 7.23e+04 1.00e+01 1.00e+00
[0001][0001] 8.318872e+03 3.684e+03 7.23e+04 1.00e+01 1.37e+00
[0002][0002] 7.583610e+03 7.353e+02 3.07e+04 3.00e+01 1.36e+00
[0003][0003] 7.462185e+03 1.214e+02 1.30e+04 9.00e+01 1.43e+00
[0004][0004] 7.435886e+03 2.630e+01 5.98e+03 2.70e+02 1.38e+00
[0005][0005] 7.431363e+03 4.524e+00 2.75e+03 8.10e+02 1.44e+00
[iter][eval] cost actual_cost_change |grad| |TR| MQ
[0000][0000] 1.386882e+04 0.000e+00 1.76e+05 1.00e+01 1.00e+00
[0001][0001] 8.662317e+03 5.207e+03 1.76e+05 1.00e+01 1.44e+00
[0002][0002] 7.654361e+03 1.008e+03 2.90e+04 3.00e+01 1.57e+00
[0003][0003] 7.458680e+03 1.957e+02 1.87e+03 9.00e+01 1.48e+00
[0004][0004] 7.433584e+03 2.510e+01 2.59e+03 2.70e+02 1.31e+00
[0005][0005] 7.431947e+03 1.636e+00 1.09e+03 8.10e+02 1.19e+00
[iter][eval] cost actual_cost_change |grad| |TR| MQ
[0000][0000] 9.029989e+03 0.000e+00 5.65e+04 1.00e+01 1.00e+00
[0001][0001] 7.835980e+03 1.194e+03 5.65e+04 1.00e+01 1.35e+00
[0002][0002] 7.525088e+03 3.109e+02 1.88e+04 3.00e+01 1.40e+00
[0003][0003] 7.447391e+03 7.770e+01 6.71e+03 9.00e+01 1.39e+00
[0004][0004] 7.434103e+03 1.329e+01 2.77e+03 2.70e+02 1.41e+00
[0005][0005] 7.431556e+03 2.547e+00 1.26e+03 8.10e+02 1.45e+00
[iter][eval] cost actual_cost_change |grad| |TR| MQ
[0000][0000] 1.106175e+04 0.000e+00 1.45e+05 1.00e+01 1.00e+00
[0001][0001] 9.855489e+03 1.206e+03 1.45e+05 1.00e+01 1.22e+00
[0002][0002] 9.628835e+03 2.267e+02 4.53e+04 3.00e+01 1.76e+00
[0003][0003] 9.563109e+03 6.573e+01 2.65e+04 9.00e+01 1.59e+00
[0004][0004] 9.535612e+03 2.750e+01 1.40e+04 2.70e+02 1.95e+00
[0005][0005] 9.526015e+03 9.597e+00 8.35e+03 8.10e+02 1.31e+00
[0006][0006] 9.523954e+03 2.061e+00 3.27e+03 2.43e+03 1.47e+00
[iter][eval] cost actual_cost_change |grad| |TR| MQ
[0000][0000] 1.042498e+04 0.000e+00 1.93e+05 1.00e+01 1.00e+00
[0001][0001] 8.491483e+03 1.933e+03 1.93e+05 1.00e+01 1.23e+00
[0002][0002] 7.736581e+03 7.549e+02 5.70e+04 3.00e+01 1.26e+00
[0003][0003] 7.484642e+03 2.519e+02 2.01e+04 9.00e+01 1.17e+00
[0004][0004] 7.441179e+03 4.346e+01 9.35e+03 2.70e+02 1.39e+00
[0005][0005] 7.432963e+03 8.216e+00 4.13e+03 8.10e+02 1.44e+00
[0006][0006] 7.431301e+03 1.662e+00 1.78e+03 2.43e+03 1.44e+00
[iter][eval] cost actual_cost_change |grad| |TR| MQ
[0000][0000] 1.189053e+04 0.000e+00 5.02e+04 1.00e+01 1.00e+00
[0001][0001] 8.177485e+03 3.713e+03 5.02e+04 1.00e+01 1.51e+00
[0002][0002] 7.527329e+03 6.502e+02 6.59e+03 3.00e+01 1.50e+00
[0003][0003] 7.440876e+03 8.645e+01 3.62e+03 9.00e+01 1.38e+00
[0004][0004] 7.432544e+03 8.332e+00 2.07e+03 2.70e+02 1.25e+00
[0005][0005] 7.431948e+03 5.966e-01 9.10e+02 8.10e+02 1.34e+00
[iter][eval] cost actual_cost_change |grad| |TR| MQ
[0000][0000] 1.066578e+04 0.000e+00 2.07e+05 1.00e+01 1.00e+00
[0001][0001] 8.226943e+03 2.439e+03 2.07e+05 1.00e+01 1.29e+00
[0002][0002] 7.599098e+03 6.278e+02 6.56e+04 3.00e+01 1.27e+00
[0003][0003] 7.469618e+03 1.295e+02 2.27e+04 9.00e+01 1.45e+00
[0004][0004] 7.438223e+03 3.139e+01 9.33e+03 2.70e+02 1.35e+00
[0005][0005] 7.432365e+03 5.858e+00 3.92e+03 8.10e+02 1.44e+00
[iter][eval] cost actual_cost_change |grad| |TR| MQ
[0000][0000] 1.112588e+04 0.000e+00 1.44e+05 1.00e+01 1.00e+00
[0001][0001] 9.743670e+03 1.382e+03 1.44e+05 1.00e+01 1.13e+00
[0002][0002] 9.577771e+03 1.659e+02 4.18e+04 3.00e+01 1.64e+00
[0003][0003] 9.526680e+03 5.109e+01 2.33e+04 9.00e+01 1.35e+00
[0004][0004] 9.522384e+03 4.296e+00 7.52e+03 2.70e+02 1.32e+00
[iter][eval] cost actual_cost_change |grad| |TR| MQ
[0000][0000] 1.432653e+04 0.000e+00 1.82e+04 1.00e+01 1.00e+00
[0001][0001] 8.700813e+03 5.626e+03 1.82e+04 1.00e+01 1.44e+00
[0002][0002] 7.622597e+03 1.078e+03 2.98e+04 3.00e+01 1.39e+00
[0003][0003] 7.467346e+03 1.553e+02 1.92e+04 9.00e+01 1.41e+00
[0004][0004] 7.439087e+03 2.826e+01 1.01e+04 2.70e+02 1.43e+00
[0005][0005] 7.433330e+03 5.758e+00 4.46e+03 8.10e+02 1.45e+00
[iter][eval] cost actual_cost_change |grad| |TR| MQ
[0000][0000] 8.017199e+04 0.000e+00 9.34e+04 1.00e+01 1.00e+00
[0001][0001] 7.939370e+04 7.783e+02 9.34e+04 1.00e+01 1.40e+00
[0002][0002] 7.924905e+04 1.447e+02 3.05e+04 3.00e+01 1.33e+00
[0003][0003] 7.922830e+04 2.075e+01 8.60e+03 9.00e+01 1.40e+00
[0004][0004] 7.922468e+04 3.623e+00 2.15e+03 2.70e+02 1.43e+00
[0005][0005] 7.922397e+04 7.071e-01 4.72e+02 8.10e+02 1.45e+00
[0006][0006] 7.922382e+04 1.460e-01 3.15e+02 2.43e+03 1.46e+00
[0007][0007] 7.922379e+04 3.130e-02 2.46e+02 7.29e+03 1.47e+00
[0008][0008] 7.922379e+04 6.892e-03 1.56e+02 2.19e+04 1.47e+00
[0009][0009] 7.922378e+04 1.538e-03 8.88e+01 6.56e+04 1.47e+00
[0010][0010] 7.922378e+04 3.479e-04 4.78e+01 1.97e+05 1.48e+00
[0011][0011] 7.922378e+04 7.939e-05 2.49e+01 5.90e+05 1.48e+00
[0012][0012] 7.922378e+04 1.823e-05 1.27e+01 1.77e+06 1.48e+00
  ✅ Saved axis: NURBS_Output/Axes/Pot_A_Piece_23_Axis.xyz

--- Processing Pot_A_Piece_24 ---
[iter][eval] cost actual_cost_change |grad| |TR| MQ
[0000][0000] 1.420679e+04 0.000e+00 1.81e+04 1.00e+01 1.00e+00
[0001][0001] 8.532794e+03 5.674e+03 1.81e+04 1.00e+01 1.45e+00
[0002][0002] 7.581563e+03 9.512e+02 1.31e+04 3.00e+01 1.43e+00
[0003][0003] 7.451223e+03 1.303e+02 1.04e+04 9.00e+01 1.38e+00
[0004][0004] 7.434779e+03 1.644e+01 5.37e+03 2.70e+02 1.34e+00
[0005][0005] 7.432388e+03 2.391e+00 2.34e+03 8.10e+02 1.42e+00
[iter][eval] cost actual_cost_change |grad| |TR| MQ
[0000][0000] 1.408006e+04 0.000e+00 9.23e+04 1.00e+01 1.00e+00
[0001][0001] 8.742115e+03 5.338e+03 9.23e+04 1.00e+01 1.46e+00
[0002][0002] 7.691528e+03 1.051e+03 1.69e+04 3.00e+01 1.59e+00
[0003][0003] 7.468530e+03 2.230e+02 3.49e+02 9.00e+01 1.51e+00
[0004][0004] 7.435314e+03 3.322e+01 1.21e+03 2.70e+02 1.36e+00
[0005][0005] 7.432243e+03 3.071e+00 4.60e+02 8.10e+02 1.27e+00
[iter][eval] cost actual_cost_change |grad| |TR| MQ
[0000][0000] 1.211157e+04 0.000e+00 1.28e+05 1.00e+01 1.00e+00
[0001][0001] 1.004829e+04 2.063e+03 1.28e+05 1.00e+01 1.42e+00
[0002][0002] 9.648808e+03 3.995e+02 7.15e+04 3.00e+01 1.45e+00
[0003][0003] 9.550715e+03 9.809e+01 3.57e+04 9.00e+01 1.20e+00
[0004][0004] 9.534691e+03 1.602e+01 1.17e+04 2.70e+02 1.58e+00
[0005][0005] 9.527830e+03 6.862e+00 5.27e+03 8.10e+02 1.72e+00
[iter][eval] cost actual_cost_change |grad| |TR| MQ
[0000][0000] 1.695270e+04 0.000e+00 2.13e+05 1.00e+01 1.00e+00
[0001][0001] 1.106993e+04 5.883e+03 2.13e+05 1.00e+01 1.34e+00
[0002][0002] 9.067119e+03 2.003e+03 1.04e+05 3.00e+01 1.38e+00
[0003][0003] 7.989065e+03 1.078e+03 3.46e+04 9.00e+01 1.58e+00
[0004][0004] 7.550407e+03 4.387e+02 7.37e+03 2.70e+02 1.67e+00
[0005][0005] 7.448742e+03 1.017e+02 1.36e+03 8.10e+02 1.52e+00
[0006][0006] 7.433489e+03 1.525e+01 1.42e+03 2.43e+03 1.34e+00
[0007][0007] 7.432064e+03 1.425e+00 9.08e+02 7.29e+03 1.30e+00
[iter][eval] cost actual_cost_change |grad| |TR| MQ
[0000][0000] 1.138939e+04 0.000e+00 1.35e+05 1.00e+01 1.00e+00
[0001][0001] 9.800655e+03 1.589e+03 1.35e+05 1.00e+01 1.20e+00
[0002][0002] 9.595172e+03 2.055e+02 4.19e+04 3.00e+01 1.56e+00
[0003][0003] 9.528057e+03 6.712e+01 2.44e+04 9.00e+01 1.26e+00
[0004][0004] 9.522953e+03 5.104e+00 6.63e+03 2.70e+02 1.34e+00
[iter][eval] cost actual_cost_change |grad| |TR| MQ
[0000][0000] 1.602998e+04 0.000e+00 3.09e+05 1.00e+01 1.00e+00
[0001][0001] 1.278161e+04 3.248e+03 3.09e+05 1.00e+01 1.41e+00
[0002][0002] 1.134171e+04 1.440e+03 1.01e+05 3.00e+01 1.52e+00
[0003][0003] 9.929276e+03 1.412e+03 5.33e+04 9.00e+01 1.45e+00
[0004][0004] 8.813705e+03 1.116e+03 3.24e+04 2.70e+02 1.59e+00
[0005][0005] 7.987802e+03 8.259e+02 1.88e+04 8.10e+02 1.77e+00
[0006][0006] 7.570648e+03 4.172e+02 6.24e+03 2.43e+03 1.72e+00
[0007][0007] 7.455924e+03 1.147e+02 2.82e+03 7.29e+03 1.55e+00
[0008][0008] 7.435175e+03 2.075e+01 2.00e+03 2.19e+04 1.41e+00
[0009][0009] 7.432428e+03 2.747e+00 1.21e+03 6.56e+04 1.39e+00
[iter][eval] cost actual_cost_change |grad| |TR| MQ
[0000][0000] 1.486951e+04 0.000e+00 1.43e+05 1.00e+01 1.00e+00
[0001][0001] 1.058784e+04 4.282e+03 1.43e+05 1.00e+01 1.46e+00
[0002][0002] 9.772729e+03 8.151e+02 5.93e+04 3.00e+01 1.50e+00
[0003][0003] 9.583287e+03 1.894e+02 3.00e+04 9.00e+01 1.60e+00
[0004][0004] 9.540375e+03 4.291e+01 1.48e+04 2.70e+02 1.37e+00
[0005][0005] 9.530417e+03 9.957e+00 4.19e+03 8.10e+02 1.66e+00
[0006][0006] 9.525720e+03 4.697e+00 2.05e+03 2.43e+03 1.74e+00
[iter][eval] cost actual_cost_change |grad| |TR| MQ
[0000][0000] 8.107515e+03 0.000e+00 3.47e+04 1.00e+01 1.00e+00
[0001][0001] 7.547720e+03 5.598e+02 3.47e+04 1.00e+01 1.35e+00
[0002][0002] 7.451653e+03 9.607e+01 7.41e+03 3.00e+01 1.37e+00
[0003][0003] 7.434792e+03 1.686e+01 2.82e+03 9.00e+01 1.41e+00
[0004][0004] 7.431635e+03 3.157e+00 1.50e+03 2.70e+02 1.43e+00
[iter][eval] cost actual_cost_change |grad| |TR| MQ
[0000][0000] 1.162534e+04 0.000e+00 1.16e+05 1.00e+01 1.00e+00
[0001][0001] 1.009309e+04 1.532e+03 1.16e+05 1.00e+01 8.90e-01
[0002][0002] 9.642655e+03 4.504e+02 1.47e+04 1.90e+01 1.18e+00
[0003][0003] 9.546824e+03 9.583e+01 1.66e+04 5.71e+01 1.44e+00
[0004][0004] 9.522126e+03 2.470e+01 1.62e+04 1.71e+02 1.02e+00
[0005][0005] 9.521075e+03 1.051e+00 1.90e+03 5.14e+02 9.26e-01
[iter][eval] cost actual_cost_change |grad| |TR| MQ
[0000][0000] 1.584323e+04 0.000e+00 2.38e+05 1.00e+01 1.00e+00
[0001][0001] 1.114349e+04 4.700e+03 2.38e+05 1.00e+01 1.38e+00
[0002][0002] 1.064892e+04 4.946e+02 1.06e+05 3.00e+01 3.50e-01
[0003][0003] 9.249218e+03 1.400e+03 1.22e+05 2.92e+01 1.03e+00
[0004][0004] 8.225449e+03 1.024e+03 4.46e+04 8.76e+01 1.17e+00
[0005][0005] 7.663192e+03 5.623e+02 1.80e+04 2.63e+02 1.28e+00
[0006][0006] 7.460668e+03 2.025e+02 9.28e+03 7.89e+02 1.13e+00
[0007][0007] 7.436271e+03 2.440e+01 6.09e+03 2.37e+03 1.32e+00
[0008][0008] 7.431963e+03 4.307e+00 2.73e+03 7.10e+03 1.44e+00
[iter][eval] cost actual_cost_change |grad| |TR| MQ
[0000][0000] 8.004570e+04 0.000e+00 8.11e+04 1.00e+01 1.00e+00
[0001][0001] 7.936133e+04 6.844e+02 8.11e+04 1.00e+01 1.33e+00
[0002][0002] 7.924807e+04 1.133e+02 2.57e+04 3.00e+01 1.41e+00
[0003][0003] 7.922841e+04 1.966e+01 8.04e+03 9.00e+01 1.43e+00
[0004][0004] 7.922473e+04 3.675e+00 2.16e+03 2.70e+02 1.45e+00
[0005][0005] 7.922399e+04 7.446e-01 6.77e+02 8.10e+02 1.46e+00
[0006][0006] 7.922383e+04 1.584e-01 4.40e+02 2.43e+03 1.47e+00
[0007][0007] 7.922379e+04 3.481e-02 3.01e+02 7.29e+03 1.47e+00
[0008][0008] 7.922379e+04 7.836e-03 1.83e+02 2.19e+04 1.48e+00
[0009][0009] 7.922378e+04 1.777e-03 1.02e+02 6.56e+04 1.48e+00
[0010][0010] 7.922378e+04 4.069e-04 5.40e+01 1.97e+05 1.48e+00
[0011][0011] 7.922378e+04 9.378e-05 2.79e+01 5.90e+05 1.48e+00
[0012][0012] 7.922378e+04 2.170e-05 1.42e+01 1.77e+06 1.48e+00
  ✅ Saved axis: NURBS_Output/Axes/Pot_A_Piece_24_Axis.xyz

--- Processing Pot_A_Piece_25 ---
[iter][eval] cost actual_cost_change |grad| |TR| MQ
[0000][0000] 1.339317e+04 0.000e+00 1.54e+05 1.00e+01 1.00e+00
[0001][0001] 8.877754e+03 4.515e+03 1.54e+05 1.00e+01 1.43e+00
[0002][0002] 7.795974e+03 1.082e+03 3.49e+04 3.00e+01 1.63e+00
[0003][0003] 7.491264e+03 3.047e+02 4.29e+03 9.00e+01 1.59e+00
[0004][0004] 7.437920e+03 5.334e+01 3.03e+02 2.70e+02 1.42e+00
[0005][0005] 7.432268e+03 5.653e+00 3.82e+02 8.10e+02 1.26e+00
[iter][eval] cost actual_cost_change |grad| |TR| MQ
[0000][0000] 1.539894e+04 0.000e+00 7.09e+04 1.00e+01 1.00e+00
[0001][0001] 8.949880e+03 6.449e+03 7.09e+04 1.00e+01 1.47e+00
[0002][0002] 7.706455e+03 1.243e+03 1.34e+04 3.00e+01 1.55e+00
[0003][0003] 7.468062e+03 2.384e+02 5.65e+02 9.00e+01 1.50e+00
[0004][0004] 7.434600e+03 3.346e+01 1.29e+03 2.70e+02 1.33e+00
[0005][0005] 7.432034e+03 2.566e+00 5.40e+02 8.10e+02 1.21e+00
[iter][eval] cost actual_cost_change |grad| |TR| MQ
[0000][0000] 1.342887e+04 0.000e+00 9.41e+04 1.00e+01 1.00e+00
[0001][0001] 8.666021e+03 4.763e+03 9.41e+04 1.00e+01 1.46e+00
[0002][0002] 7.636073e+03 1.030e+03 1.72e+04 3.00e+01 1.57e+00
[0003][0003] 7.455169e+03 1.809e+02 1.84e+03 9.00e+01 1.48e+00
[0004][0004] 7.433059e+03 2.211e+01 1.62e+03 2.70e+02 1.29e+00
[0005][0005] 7.431860e+03 1.199e+00 6.48e+02 8.10e+02 1.13e+00
[iter][eval] cost actual_cost_change |grad| |TR| MQ
[0000][0000] 1.413811e+04 0.000e+00 7.61e+04 1.00e+01 1.00e+00
[0001][0001] 8.738366e+03 5.400e+03 7.61e+04 1.00e+01 1.47e+00
[0002][0002] 7.633216e+03 1.105e+03 1.50e+04 3.00e+01 1.55e+00
[0003][0003] 7.454137e+03 1.791e+02 2.31e+03 9.00e+01 1.47e+00
[0004][0004] 7.433044e+03 2.109e+01 1.82e+03 2.70e+02 1.28e+00
[0005][0005] 7.431887e+03 1.157e+00 7.55e+02 8.10e+02 1.15e+00
[iter][eval] cost actual_cost_change |grad| |TR| MQ
[0000][0000] 1.152350e+04 0.000e+00 1.35e+04 1.00e+01 1.00e+00
[0001][0001] 8.055140e+03 3.468e+03 1.35e+04 1.00e+01 1.46e+00
[0002][0002] 7.521771e+03 5.334e+02 1.24e+04 3.00e+01 1.43e+00
[0003][0003] 7.445150e+03 7.662e+01 8.52e+03 9.00e+01 1.37e+00
[0004][0004] 7.434308e+03 1.084e+01 4.30e+03 2.70e+02 1.40e+00
[0005][0005] 7.432319e+03 1.989e+00 1.94e+03 8.10e+02 1.44e+00
[iter][eval] cost actual_cost_change |grad| |TR| MQ
[0000][0000] 1.190131e+04 0.000e+00 7.04e+04 1.00e+01 1.00e+00
[0001][0001] 8.362475e+03 3.539e+03 7.04e+04 1.00e+01 1.41e+00
[0002][0002] 7.597886e+03 7.646e+02 2.53e+04 3.00e+01 1.40e+00
[0003][0003] 7.457714e+03 1.402e+02 9.12e+03 9.00e+01 1.38e+00
[0004][0004] 7.436723e+03 2.099e+01 3.21e+03 2.70e+02 1.40e+00
[0005][0005] 7.432793e+03 3.930e+00 1.36e+03 8.10e+02 1.44e+00
[iter][eval] cost actual_cost_change |grad| |TR| MQ
[0000][0000] 1.076385e+04 0.000e+00 1.80e+05 1.00e+01 1.00e+00
[0001][0001] 9.708207e+03 1.056e+03 1.80e+05 1.00e+01 1.30e+00
[0002][0002] 9.581171e+03 1.270e+02 5.83e+04 3.00e+01 1.33e+00
[0003][0003] 9.543748e+03 3.742e+01 2.32e+04 9.00e+01 1.60e+00
[0004][0004] 9.530605e+03 1.314e+01 1.06e+04 2.70e+02 1.26e+00
[0005][0005] 9.527032e+03 3.573e+00 1.51e+03 8.10e+02 1.63e+00
[iter][eval] cost actual_cost_change |grad| |TR| MQ
[0000][0000] 1.303247e+04 0.000e+00 2.10e+05 1.00e+01 1.00e+00
[0001][0001] 8.863131e+03 4.169e+03 2.10e+05 1.00e+01 1.34e+00
[0002][0002] 7.766366e+03 1.097e+03 8.55e+04 3.00e+01 1.32e+00
[0003][0003] 7.505904e+03 2.605e+02 3.21e+04 9.00e+01 1.38e+00
[0004][0004] 7.446106e+03 5.980e+01 1.29e+04 2.70e+02 1.43e+00
[0005][0005] 7.433970e+03 1.214e+01 5.75e+03 8.10e+02 1.43e+00
[0006][0006] 7.431506e+03 2.464e+00 2.53e+03 2.43e+03 1.44e+00
[iter][eval] cost actual_cost_change |grad| |TR| MQ
[0000][0000] 1.571939e+04 0.000e+00 1.92e+05 1.00e+01 1.00e+00
[0001][0001] 9.214846e+03 6.505e+03 1.92e+05 1.00e+01 1.46e+00
[0002][0002] 7.736742e+03 1.478e+03 3.70e+04 3.00e+01 1.54e+00
[0003][0003] 7.468994e+03 2.677e+02 2.03e+03 9.00e+01 1.49e+00
[0004][0004] 7.434320e+03 3.467e+01 3.15e+03 2.70e+02 1.32e+00
[0005][0005] 7.431944e+03 2.376e+00 1.50e+03 8.10e+02 1.18e+00
[iter][eval] cost actual_cost_change |grad| |TR| MQ
[0000][0000] 1.436888e+04 0.000e+00 3.31e+05 1.00e+01 1.00e+00
[0001][0001] 9.465631e+03 4.903e+03 3.31e+05 1.00e+01 1.42e+00
[0002][0002] 8.144100e+03 1.322e+03 8.92e+04 3.00e+01 1.59e+00
[0003][0003] 7.589929e+03 5.542e+02 1.86e+04 9.00e+01 1.68e+00
[0004][0004] 7.455571e+03 1.344e+02 1.58e+03 2.70e+02 1.54e+00
[0005][0005] 7.434169e+03 2.140e+01 4.84e+02 8.10e+02 1.36e+00
[0006][0006] 7.432141e+03 2.028e+00 4.66e+02 2.43e+03 1.29e+00
[iter][eval] cost actual_cost_change |grad| |TR| MQ
[0000][0000] 8.012856e+04 0.000e+00 6.65e+04 1.00e+01 1.00e+00
[0001][0001] 7.938573e+04 7.428e+02 6.65e+04 1.00e+01 1.36e+00
[0002][0002] 7.925381e+04 1.319e+02 2.14e+04 3.00e+01 1.42e+00
[0003][0003] 7.922975e+04 2.406e+01 6.48e+03 9.00e+01 1.44e+00
[0004][0004] 7.922505e+04 4.697e+00 1.84e+03 2.70e+02 1.46e+00
[0005][0005] 7.922406e+04 9.878e-01 9.51e+02 8.10e+02 1.47e+00
[0006][0006] 7.922385e+04 2.165e-01 6.65e+02 2.43e+03 1.47e+00
[0007][0007] 7.922380e+04 4.849e-02 4.20e+02 7.29e+03 1.48e+00
[0008][0008] 7.922379e+04 1.107e-02 2.42e+02 2.19e+04 1.48e+00
[0009][0009] 7.922378e+04 2.536e-03 1.31e+02 6.56e+04 1.48e+00
[0010][0010] 7.922378e+04 5.835e-04 6.81e+01 1.97e+05 1.48e+00
[0011][0011] 7.922378e+04 1.349e-04 3.47e+01 5.90e+05 1.48e+00
[0012][0012] 7.922378e+04 3.126e-05 1.75e+01 1.77e+06 1.48e+00
  ✅ Saved axis: NURBS_Output/Axes/Pot_A_Piece_25_Axis.xyz

--- Processing Pot_A_Piece_26 ---
[iter][eval] cost actual_cost_change |grad| |TR| MQ
[0000][0000] 9.545232e+03 0.000e+00 4.28e+03 1.00e+01 1.00e+00
[0001][0001] 7.766505e+03 1.779e+03 4.28e+03 1.00e+01 1.49e+00
[0002][0002] 7.474790e+03 2.917e+02 3.48e+03 3.00e+01 1.45e+00
[0003][0003] 7.435825e+03 3.896e+01 2.43e+03 9.00e+01 1.32e+00
[0004][0004] 7.432304e+03 3.521e+00 1.04e+03 2.70e+02 1.27e+00
[iter][eval] cost actual_cost_change |grad| |TR| MQ
[0000][0000] 1.466963e+04 0.000e+00 8.52e+04 1.00e+01 1.00e+00
[0001][0001] 8.998702e+03 5.671e+03 8.52e+04 1.00e+01 1.46e+00
[0002][0002] 7.746423e+03 1.252e+03 2.04e+04 3.00e+01 1.58e+00
[0003][0003] 7.476430e+03 2.700e+02 1.77e+03 9.00e+01 1.54e+00
[0004][0004] 7.435379e+03 4.105e+01 7.73e+02 2.70e+02 1.36e+00
[0005][0005] 7.431996e+03 3.383e+00 4.71e+02 8.10e+02 1.20e+00
[iter][eval] cost actual_cost_change |grad| |TR| MQ
[0000][0000] 1.358278e+04 0.000e+00 1.75e+04 1.00e+01 1.00e+00
[0001][0001] 8.555138e+03 5.028e+03 1.75e+04 1.00e+01 1.49e+00
[0002][0002] 7.607944e+03 9.472e+02 1.49e+03 3.00e+01 1.50e+00
[0003][0003] 7.452408e+03 1.555e+02 3.15e+03 9.00e+01 1.42e+00
[0004][0004] 7.433699e+03 1.871e+01 1.72e+03 2.70e+02 1.30e+00
[0005][0005] 7.432113e+03 1.586e+00 6.58e+02 8.10e+02 1.31e+00
[iter][eval] cost actual_cost_change |grad| |TR| MQ
[0000][0000] 1.113531e+04 0.000e+00 1.83e+05 1.00e+01 1.00e+00
[0001][0001] 8.507624e+03 2.628e+03 1.83e+05 1.00e+01 1.28e+00
[0002][0002] 7.706951e+03 8.007e+02 6.01e+04 3.00e+01 1.26e+00
[0003][0003] 7.489447e+03 2.175e+02 2.27e+04 9.00e+01 1.31e+00
[0004][0004] 7.442616e+03 4.683e+01 9.98e+03 2.70e+02 1.39e+00
[0005][0005] 7.433247e+03 9.369e+00 4.40e+03 8.10e+02 1.44e+00
[0006][0006] 7.431356e+03 1.891e+00 1.96e+03 2.43e+03 1.44e+00
[iter][eval] cost actual_cost_change |grad| |TR| MQ
[0000][0000] 1.272725e+04 0.000e+00 7.32e+04 1.00e+01 1.00e+00
[0001][0001] 8.405737e+03 4.322e+03 7.32e+04 1.00e+01 1.48e+00
[0002][0002] 7.566966e+03 8.388e+02 9.52e+03 3.00e+01 1.53e+00
[0003][0003] 7.445706e+03 1.213e+02 4.95e+03 9.00e+01 1.41e+00
[0004][0004] 7.432913e+03 1.279e+01 3.25e+03 2.70e+02 1.27e+00
[0005][0005] 7.431992e+03 9.209e-01 1.47e+03 8.10e+02 1.30e+00
[iter][eval] cost actual_cost_change |grad| |TR| MQ
[0000][0000] 1.271597e+04 0.000e+00 1.12e+05 1.00e+01 1.00e+00
[0001][0001] 8.767753e+03 3.948e+03 1.12e+05 1.00e+01 1.36e+00
[0002][0002] 7.741726e+03 1.026e+03 5.48e+04 3.00e+01 1.33e+00
[0003][0003] 7.499680e+03 2.420e+02 2.44e+04 9.00e+01 1.41e+00
[0004][0004] 7.445496e+03 5.418e+01 1.12e+04 2.70e+02 1.42e+00
[0005][0005] 7.433876e+03 1.162e+01 5.15e+03 8.10e+02 1.44e+00
[0006][0006] 7.431491e+03 2.385e+00 2.36e+03 2.43e+03 1.44e+00
[iter][eval] cost actual_cost_change |grad| |TR| MQ
[0000][0000] 1.504071e+04 0.000e+00 2.35e+05 1.00e+01 1.00e+00
[0001][0001] 1.151731e+04 3.523e+03 2.35e+05 1.00e+01 1.31e+00
[0002][0002] 9.812084e+03 1.705e+03 8.77e+04 3.00e+01 1.34e+00
[0003][0003] 8.674618e+03 1.137e+03 4.22e+04 9.00e+01 1.53e+00
[0004][0004] 7.884010e+03 7.906e+02 1.83e+04 2.70e+02 1.73e+00
[0005][0005] 7.533593e+03 3.504e+02 4.85e+03 8.10e+02 1.69e+00
[0006][0006] 7.447769e+03 8.582e+01 2.24e+03 2.43e+03 1.52e+00
[0007][0007] 7.433866e+03 1.390e+01 1.66e+03 7.29e+03 1.37e+00
[0008][0008] 7.432195e+03 1.670e+00 1.00e+03 2.19e+04 1.39e+00
[iter][eval] cost actual_cost_change |grad| |TR| MQ
[0000][0000] 1.117700e+04 0.000e+00 1.40e+05 1.00e+01 1.00e+00
[0001][0001] 9.958166e+03 1.219e+03 1.40e+05 1.00e+01 1.55e+00
[0002][0002] 9.652830e+03 3.053e+02 7.03e+04 3.00e+01 1.64e+00
[0003][0003] 9.565553e+03 8.728e+01 3.21e+04 9.00e+01 1.35e+00
[0004][0004] 9.542595e+03 2.296e+01 1.21e+04 2.70e+02 1.65e+00
[0005][0005] 9.531906e+03 1.069e+01 5.53e+03 8.10e+02 1.73e+00
[0006][0006] 9.526499e+03 5.407e+00 2.79e+03 2.43e+03 1.74e+00
[iter][eval] cost actual_cost_change |grad| |TR| MQ
[0000][0000] 1.318751e+04 0.000e+00 2.25e+05 1.00e+01 1.00e+00
[0001][0001] 9.957358e+03 3.230e+03 2.25e+05 1.00e+01 1.27e+00
[0002][0002] 9.667826e+03 2.895e+02 6.51e+04 3.00e+01 1.53e+00
[0003][0003] 9.570477e+03 9.735e+01 3.28e+04 9.00e+01 1.24e+00
[0004][0004] 9.542967e+03 2.751e+01 1.44e+04 2.70e+02 1.80e+00
[0005][0005] 9.529866e+03 1.310e+01 9.63e+03 8.10e+02 1.17e+00
[0006][0006] 9.526520e+03 3.346e+00 1.43e+03 2.43e+03 1.53e+00
[iter][eval] cost actual_cost_change |grad| |TR| MQ
[0000][0000] 1.139505e+04 0.000e+00 2.37e+05 1.00e+01 1.00e+00
[0001][0001] 9.824691e+03 1.570e+03 2.37e+05 1.00e+01 1.19e+00
[0002][0002] 9.575499e+03 2.492e+02 8.38e+04 3.00e+01 1.44e+00
[0003][0003] 9.525977e+03 4.952e+01 3.64e+04 9.00e+01 1.19e+00
[0004][0004] 9.521974e+03 4.003e+00 1.22e+04 2.70e+02 1.31e+00
[iter][eval] cost actual_cost_change |grad| |TR| MQ
[0000][0000] 8.004941e+04 0.000e+00 7.35e+04 1.00e+01 1.00e+00
[0001][0001] 7.936643e+04 6.830e+02 7.35e+04 1.00e+01 1.34e+00
[0002][0002] 7.924954e+04 1.169e+02 2.29e+04 3.00e+01 1.41e+00
[0003][0003] 7.922879e+04 2.075e+01 6.86e+03 9.00e+01 1.43e+00
[0004][0004] 7.922483e+04 3.964e+00 1.78e+03 2.70e+02 1.45e+00
[0005][0005] 7.922401e+04 8.185e-01 7.31e+02 8.10e+02 1.46e+00
[0006][0006] 7.922383e+04 1.766e-01 5.29e+02 2.43e+03 1.47e+00
[0007][0007] 7.922379e+04 3.917e-02 3.49e+02 7.29e+03 1.47e+00
[0008][0008] 7.922379e+04 8.871e-03 2.06e+02 2.19e+04 1.48e+00
[0009][0009] 7.922378e+04 2.018e-03 1.13e+02 6.56e+04 1.48e+00
[0010][0010] 7.922378e+04 4.630e-04 5.92e+01 1.97e+05 1.48e+00
[0011][0011] 7.922378e+04 1.068e-04 3.04e+01 5.90e+05 1.48e+00
[0012][0012] 7.922378e+04 2.471e-05 1.53e+01 1.77e+06 1.48e+00
  ✅ Saved axis: NURBS_Output/Axes/Pot_A_Piece_26_Axis.xyz

--- Processing Pot_A_Piece_27 ---
[iter][eval] cost actual_cost_change |grad| |TR| MQ
[0000][0000] 1.207671e+04 0.000e+00 7.68e+04 1.00e+01 1.00e+00
[0001][0001] 8.566069e+03 3.511e+03 7.68e+04 1.00e+01 1.47e+00
[0002][0002] 7.678160e+03 8.879e+02 1.95e+04 3.00e+01 1.62e+00
[0003][0003] 7.467569e+03 2.106e+02 1.59e+03 9.00e+01 1.54e+00
[0004][0004] 7.434759e+03 3.281e+01 5.08e+02 2.70e+02 1.36e+00
[0005][0005] 7.432029e+03 2.730e+00 3.79e+02 8.10e+02 1.22e+00
[iter][eval] cost actual_cost_change |grad| |TR| MQ
[0000][0000] 1.413078e+04 0.000e+00 1.68e+05 1.00e+01 1.00e+00
[0001][0001] 9.248877e+03 4.882e+03 1.68e+05 1.00e+01 1.45e+00
[0002][0002] 7.992597e+03 1.256e+03 4.60e+04 3.00e+01 1.65e+00
[0003][0003] 7.545544e+03 4.471e+02 9.45e+03 9.00e+01 1.66e+00
[0004][0004] 7.447851e+03 9.769e+01 1.24e+03 2.70e+02 1.50e+00
[0005][0005] 7.433467e+03 1.438e+01 7.98e+02 8.10e+02 1.34e+00
[0006][0006] 7.432101e+03 1.366e+00 5.67e+02 2.43e+03 1.34e+00
[iter][eval] cost actual_cost_change |grad| |TR| MQ
[0000][0000] 1.344240e+04 0.000e+00 1.15e+05 1.00e+01 1.00e+00
[0001][0001] 8.375302e+03 5.067e+03 1.15e+05 1.00e+01 1.45e+00
[0002][0002] 7.562542e+03 8.128e+02 4.57e+03 3.00e+01 1.48e+00
[0003][0003] 7.446319e+03 1.162e+02 8.67e+03 9.00e+01 1.38e+00
[0004][0004] 7.433483e+03 1.284e+01 5.02e+03 2.70e+02 1.30e+00
[0005][0005] 7.432109e+03 1.374e+00 2.17e+03 8.10e+02 1.38e+00
[iter][eval] cost actual_cost_change |grad| |TR| MQ
[0000][0000] 1.647685e+04 0.000e+00 1.44e+05 1.00e+01 1.00e+00
[0001][0001] 9.429828e+03 7.047e+03 1.44e+05 1.00e+01 1.48e+00
[0002][0002] 7.851707e+03 1.578e+03 3.59e+04 3.00e+01 1.57e+00
[0003][0003] 7.494543e+03 3.572e+02 2.85e+03 9.00e+01 1.55e+00
[0004][0004] 7.437944e+03 5.660e+01 1.33e+03 2.70e+02 1.40e+00
[0005][0005] 7.432287e+03 5.657e+00 6.26e+02 8.10e+02 1.25e+00
[iter][eval] cost actual_cost_change |grad| |TR| MQ
[0000][0000] 1.282116e+04 0.000e+00 1.80e+05 1.00e+01 1.00e+00
[0001][0001] 1.006198e+04 2.759e+03 1.80e+05 1.00e+01 1.36e+00
[0002][0002] 9.660940e+03 4.010e+02 6.53e+04 3.00e+01 1.58e+00
[0003][0003] 9.555788e+03 1.052e+02 3.23e+04 9.00e+01 1.46e+00
[0004][0004] 9.524701e+03 3.109e+01 1.73e+04 2.70e+02 1.45e+00
[0005][0005] 9.521743e+03 2.958e+00 5.72e+03 8.10e+02 1.25e+00
[iter][eval] cost actual_cost_change |grad| |TR| MQ
[0000][0000] 1.212946e+04 0.000e+00 2.04e+05 1.00e+01 1.00e+00
[0001][0001] 9.346369e+03 2.783e+03 2.04e+05 1.00e+01 1.20e+00
[0002][0002] 8.145593e+03 1.201e+03 6.25e+04 3.00e+01 1.21e+00
[0003][0003] 7.598988e+03 5.466e+02 1.97e+04 9.00e+01 1.20e+00
[0004][0004] 7.462443e+03 1.365e+02 9.61e+03 2.70e+02 1.33e+00
[0005][0005] 7.436823e+03 2.562e+01 5.00e+03 8.10e+02 1.36e+00
[0006][0006] 7.432066e+03 4.757e+00 2.45e+03 2.43e+03 1.44e+00
[iter][eval] cost actual_cost_change |grad| |TR| MQ
[0000][0000] 1.885459e+04 0.000e+00 8.88e+04 1.00e+01 1.00e+00
[0001][0001] 9.761503e+03 9.093e+03 8.88e+04 1.00e+01 1.49e+00
[0002][0002] 7.801511e+03 1.960e+03 1.01e+04 3.00e+01 1.47e+00
[0003][0003] 7.478672e+03 3.228e+02 7.39e+03 9.00e+01 1.45e+00
[0004][0004] 7.436651e+03 4.202e+01 5.46e+03 2.70e+02 1.33e+00
[0005][0005] 7.432511e+03 4.140e+00 2.43e+03 8.10e+02 1.31e+00
[iter][eval] cost actual_cost_change |grad| |TR| MQ
[0000][0000] 1.175079e+04 0.000e+00 1.35e+05 1.00e+01 1.00e+00
[0001][0001] 9.965342e+03 1.785e+03 1.35e+05 1.00e+01 1.35e+00
[0002][0002] 9.628413e+03 3.369e+02 4.60e+04 3.00e+01 1.49e+00
[0003][0003] 9.535634e+03 9.278e+01 2.52e+04 9.00e+01 1.54e+00
[0004][0004] 9.522022e+03 1.361e+01 1.15e+04 2.70e+02 1.11e+00
[0005][0005] 9.521272e+03 7.503e-01 1.45e+03 8.10e+02 1.23e+00
[iter][eval] cost actual_cost_change |grad| |TR| MQ
[0000][0000] 1.291979e+04 0.000e+00 3.40e+05 1.00e+01 1.00e+00
[0001][0001] 9.928112e+03 2.992e+03 3.40e+05 1.00e+01 1.16e+00
[0002][0002] 9.588524e+03 3.396e+02 1.03e+05 3.00e+01 1.31e+00
[0003][0003] 9.528386e+03 6.014e+01 4.48e+04 9.00e+01 1.35e+00
[0004][0004] 9.521995e+03 6.390e+00 1.63e+04 2.70e+02 1.32e+00
[iter][eval] cost actual_cost_change |grad| |TR| MQ
[0000][0000] 1.215473e+04 0.000e+00 1.16e+05 1.00e+01 1.00e+00
[0001][0001] 8.684220e+03 3.471e+03 1.16e+05 1.00e+01 1.40e+00
[0002][0002] 7.744228e+03 9.400e+02 2.64e+04 3.00e+01 1.30e+00
[0003][0003] 7.498299e+03 2.459e+02 1.04e+04 9.00e+01 1.34e+00
[0004][0004] 7.444968e+03 5.333e+01 6.59e+03 2.70e+02 1.41e+00
[0005][0005] 7.433733e+03 1.124e+01 3.56e+03 8.10e+02 1.43e+00
[0006][0006] 7.431460e+03 2.273e+00 1.81e+03 2.43e+03 1.44e+00
[iter][eval] cost actual_cost_change |grad| |TR| MQ
[0000][0000] 8.011361e+04 0.000e+00 6.81e+04 1.00e+01 1.00e+00
[0001][0001] 7.938108e+04 7.325e+02 6.81e+04 1.00e+01 1.35e+00
[0002][0002] 7.925281e+04 1.283e+02 2.17e+04 3.00e+01 1.42e+00
[0003][0003] 7.922953e+04 2.328e+01 6.57e+03 9.00e+01 1.44e+00
[0004][0004] 7.922500e+04 4.529e+00 1.83e+03 2.70e+02 1.45e+00
[0005][0005] 7.922405e+04 9.497e-01 9.12e+02 8.10e+02 1.47e+00
[0006][0006] 7.922384e+04 2.077e-01 6.40e+02 2.43e+03 1.47e+00
[0007][0007] 7.922380e+04 4.646e-02 4.06e+02 7.29e+03 1.48e+00
[0008][0008] 7.922379e+04 1.060e-02 2.35e+02 2.19e+04 1.48e+00
[0009][0009] 7.922378e+04 2.425e-03 1.27e+02 6.56e+04 1.48e+00
[0010][0010] 7.922378e+04 5.577e-04 6.63e+01 1.97e+05 1.48e+00
[0011][0011] 7.922378e+04 1.289e-04 3.39e+01 5.90e+05 1.48e+00
[0012][0012] 7.922378e+04 2.987e-05 1.70e+01 1.77e+06 1.48e+00
  ✅ Saved axis: NURBS_Output/Axes/Pot_A_Piece_27_Axis.xyz

--- Processing Pot_A_Piece_28 ---
[iter][eval] cost actual_cost_change |grad| |TR| MQ
[0000][0000] 1.305290e+04 0.000e+00 9.45e+04 1.00e+01 1.00e+00
[0001][0001] 9.185732e+03 3.867e+03 9.45e+04 1.00e+01 1.45e+00
[0002][0002] 7.970892e+03 1.215e+03 3.08e+04 3.00e+01 1.61e+00
[0003][0003] 7.538526e+03 4.324e+02 6.71e+03 9.00e+01 1.66e+00
[0004][0004] 7.445853e+03 9.267e+01 1.21e+03 2.70e+02 1.50e+00
[0005][0005] 7.433032e+03 1.282e+01 1.14e+03 8.10e+02 1.32e+00
[0006][0006] 7.431996e+03 1.036e+00 7.20e+02 2.43e+03 1.28e+00
[iter][eval] cost actual_cost_change |grad| |TR| MQ
[0000][0000] 1.230462e+04 0.000e+00 5.53e+04 1.00e+01 1.00e+00
[0001][0001] 8.420410e+03 3.884e+03 5.53e+04 1.00e+01 1.51e+00
[0002][0002] 7.590839e+03 8.296e+02 9.47e+03 3.00e+01 1.55e+00
[0003][0003] 7.449761e+03 1.411e+02 7.02e+02 9.00e+01 1.46e+00
[0004][0004] 7.432828e+03 1.693e+01 1.04e+03 2.70e+02 1.28e+00
[0005][0005] 7.431895e+03 9.333e-01 4.42e+02 8.10e+02 1.16e+00
[iter][eval] cost actual_cost_change |grad| |TR| MQ
[0000][0000] 1.447627e+04 0.000e+00 4.18e+04 1.00e+01 1.00e+00
[0001][0001] 8.576741e+03 5.900e+03 4.18e+04 1.00e+01 1.49e+00
[0002][0002] 7.583518e+03 9.932e+02 5.96e+03 3.00e+01 1.47e+00
[0003][0003] 7.449301e+03 1.342e+02 6.04e+03 9.00e+01 1.39e+00
[0004][0004] 7.433867e+03 1.543e+01 3.41e+03 2.70e+02 1.30e+00
[0005][0005] 7.432190e+03 1.677e+00 1.55e+03 8.10e+02 1.38e+00
[iter][eval] cost actual_cost_change |grad| |TR| MQ
[0000][0000] 1.194402e+04 0.000e+00 1.87e+05 1.00e+01 1.00e+00
[0001][0001] 9.895621e+03 2.048e+03 1.87e+05 1.00e+01 1.31e+00
[0002][0002] 9.614628e+03 2.810e+02 6.10e+04 3.00e+01 1.54e+00
[0003][0003] 9.538257e+03 7.637e+01 3.24e+04 9.00e+01 1.32e+00
[0004][0004] 9.528059e+03 1.020e+01 1.18e+04 2.70e+02 1.52e+00
[0005][0005] 9.524367e+03 3.692e+00 4.66e+03 8.10e+02 1.69e+00
[iter][eval] cost actual_cost_change |grad| |TR| MQ
[0000][0000] 1.178136e+04 0.000e+00 8.51e+04 1.00e+01 1.00e+00
[0001][0001] 8.504350e+03 3.277e+03 8.51e+04 1.00e+01 1.35e+00
[0002][0002] 7.664534e+03 8.398e+02 4.04e+04 3.00e+01 1.34e+00
[0003][0003] 7.483091e+03 1.814e+02 1.82e+04 9.00e+01 1.40e+00
[0004][0004] 7.441919e+03 4.117e+01 8.93e+03 2.70e+02 1.43e+00
[0005][0005] 7.433141e+03 8.778e+00 4.23e+03 8.10e+02 1.44e+00
[0006][0006] 7.431343e+03 1.798e+00 1.97e+03 2.43e+03 1.44e+00
[iter][eval] cost actual_cost_change |grad| |TR| MQ
[0000][0000] 9.897080e+03 0.000e+00 7.64e+04 1.00e+01 1.00e+00
[0001][0001] 8.137510e+03 1.760e+03 7.64e+04 1.00e+01 1.30e+00
[0002][0002] 7.592995e+03 5.445e+02 2.22e+04 3.00e+01 1.24e+00
[0003][0003] 7.463216e+03 1.298e+02 9.44e+03 9.00e+01 1.37e+00
[0004][0004] 7.437325e+03 2.589e+01 5.44e+03 2.70e+02 1.42e+00
[0005][0005] 7.432163e+03 5.162e+00 2.66e+03 8.10e+02 1.43e+00
[iter][eval] cost actual_cost_change |grad| |TR| MQ
[0000][0000] 1.115932e+04 0.000e+00 2.00e+05 1.00e+01 1.00e+00
[0001][0001] 8.420109e+03 2.739e+03 2.00e+05 1.00e+01 1.31e+00
[0002][0002] 7.658133e+03 7.620e+02 6.90e+04 3.00e+01 1.26e+00
[0003][0003] 7.482158e+03 1.760e+02 2.48e+04 9.00e+01 1.39e+00
[0004][0004] 7.441174e+03 4.098e+01 1.04e+04 2.70e+02 1.38e+00
[0005][0005] 7.432967e+03 8.206e+00 4.53e+03 8.10e+02 1.44e+00
[0006][0006] 7.431303e+03 1.664e+00 2.01e+03 2.43e+03 1.44e+00
[iter][eval] cost actual_cost_change |grad| |TR| MQ
[0000][0000] 1.060551e+04 0.000e+00 6.18e+04 1.00e+01 1.00e+00
[0001][0001] 9.853469e+03 7.520e+02 6.18e+04 1.00e+01 1.61e+00
[0002][0002] 9.620397e+03 2.331e+02 3.61e+04 3.00e+01 1.63e+00
[0003][0003] 9.561650e+03 5.875e+01 1.69e+04 9.00e+01 1.49e+00
[0004][0004] 9.541337e+03 2.031e+01 6.64e+03 2.70e+02 1.70e+00
[0005][0005] 9.531340e+03 9.997e+00 3.61e+03 8.10e+02 1.74e+00
[0006][0006] 9.526215e+03 5.125e+00 2.06e+03 2.43e+03 1.74e+00
[iter][eval] cost actual_cost_change |grad| |TR| MQ
[0000][0000] 1.289807e+04 0.000e+00 2.33e+05 1.00e+01 1.00e+00
[0001][0001] 9.798247e+03 3.100e+03 2.33e+05 1.00e+01 1.38e+00
[0002][0002] 8.465185e+03 1.333e+03 8.29e+04 3.00e+01 1.46e+00
[0003][0003] 7.753326e+03 7.119e+02 1.73e+04 9.00e+01 1.70e+00
[0004][0004] 7.495580e+03 2.577e+02 3.02e+03 2.70e+02 1.64e+00
[0005][0005] 7.440325e+03 5.526e+01 1.96e+03 8.10e+02 1.46e+00
[0006][0006] 7.432839e+03 7.486e+00 1.52e+03 2.43e+03 1.33e+00
[0007][0007] 7.432013e+03 8.259e-01 8.55e+02 7.29e+03 1.40e+00
[iter][eval] cost actual_cost_change |grad| |TR| MQ
[0000][0000] 1.073916e+05 0.000e+00 6.38e+05 1.00e+01 1.00e+00
[0001][0001] 5.793358e+04 4.946e+04 6.38e+05 1.00e+01 1.46e+00
[0002][0002] 4.723508e+04 1.070e+04 2.74e+05 3.00e+01 1.49e+00
[0003][0003] 4.403545e+04 3.200e+03 1.51e+05 9.00e+01 1.39e+00
[0004][0004] 4.222664e+04 1.809e+03 4.45e+04 2.70e+02 1.63e+00
[0005][0005] 4.204696e+04 1.797e+02 3.80e+04 8.10e+02 2.69e+00
[0006][0006] 4.198387e+04 6.309e+01 3.35e+04 2.43e+03 4.52e-01
[0007][0007] 4.155940e+04 4.245e+02 2.23e+05 2.43e+03 1.13e+00
[0008][0008] 4.044907e+04 1.110e+03 9.10e+04 7.28e+03 1.70e+00
[0009][0009] 3.757886e+04 2.870e+03 6.81e+04 2.19e+04 1.85e+00
[0010][0010] 3.498940e+04 2.589e+03 6.99e+04 6.56e+04 1.93e+00
[0011][0011] 3.424612e+04 7.433e+02 3.04e+04 1.97e+05 2.39e+00
[0012][0012] 3.354705e+04 6.991e+02 8.43e+04 5.90e+05 1.79e+00
[0013][0013] 3.304918e+04 4.979e+02 8.20e+04 1.77e+06 1.87e+00
[0014][0014] 3.260147e+04 4.477e+02 7.56e+04 5.31e+06 2.20e+00
[0015][0015] 3.208122e+04 5.202e+02 7.22e+04 1.59e+07 2.16e+00
[0016][0016] 3.207531e+04 5.911e+00 4.29e+04 4.78e+07 3.93e-01
[iter][eval] cost actual_cost_change |grad| |TR| MQ
[0000][0000] 8.012130e+04 0.000e+00 6.73e+04 1.00e+01 1.00e+00
[0001][0001] 7.938167e+04 7.396e+02 6.73e+04 1.00e+01 1.35e+00
[0002][0002] 7.925303e+04 1.286e+02 2.14e+04 3.00e+01 1.42e+00
[0003][0003] 7.922960e+04 2.343e+01 6.48e+03 9.00e+01 1.44e+00
[0004][0004] 7.922502e+04 4.577e+00 1.85e+03 2.70e+02 1.46e+00
[0005][0005] 7.922406e+04 9.627e-01 9.47e+02 8.10e+02 1.47e+00
[0006][0006] 7.922384e+04 2.111e-01 6.58e+02 2.43e+03 1.47e+00
[0007][0007] 7.922380e+04 4.729e-02 4.15e+02 7.29e+03 1.48e+00
[0008][0008] 7.922379e+04 1.080e-02 2.39e+02 2.19e+04 1.48e+00
[0009][0009] 7.922378e+04 2.473e-03 1.29e+02 6.56e+04 1.48e+00
[0010][0010] 7.922378e+04 5.693e-04 6.72e+01 1.97e+05 1.48e+00
[0011][0011] 7.922378e+04 1.316e-04 3.43e+01 5.90e+05 1.48e+00
[0012][0012] 7.922378e+04 3.051e-05 1.72e+01 1.77e+06 1.48e+00
  ✅ Saved axis: NURBS_Output/Axes/Pot_A_Piece_28_Axis.xyz

--- Processing Pot_A_Piece_29 ---
[iter][eval] cost actual_cost_change |grad| |TR| MQ
[0000][0000] 1.653146e+04 0.000e+00 1.81e+05 1.00e+01 1.00e+00
[0001][0001] 9.902074e+03 6.629e+03 1.81e+05 1.00e+01 1.42e+00
[0002][0002] 8.225488e+03 1.677e+03 4.88e+04 3.00e+01 1.55e+00
[0003][0003] 7.610170e+03 6.153e+02 1.27e+04 9.00e+01 1.68e+00
[0004][0004] 7.458554e+03 1.516e+02 1.51e+03 2.70e+02 1.55e+00
[0005][0005] 7.434274e+03 2.428e+01 9.47e+02 8.10e+02 1.36e+00
[0006][0006] 7.432098e+03 2.176e+00 7.09e+02 2.43e+03 1.27e+00
[iter][eval] cost actual_cost_change |grad| |TR| MQ
[0000][0000] 1.764617e+04 0.000e+00 1.50e+05 1.00e+01 1.00e+00
[0001][0001] 9.982170e+03 7.664e+03 1.50e+05 1.00e+01 1.44e+00
[0002][0002] 8.074236e+03 1.908e+03 4.40e+04 3.00e+01 1.52e+00
[0003][0003] 7.550222e+03 5.240e+02 8.41e+03 9.00e+01 1.63e+00
[0004][0004] 7.446001e+03 1.042e+02 4.92e+02 2.70e+02 1.49e+00
[0005][0005] 7.432724e+03 1.328e+01 6.96e+02 8.10e+02 1.29e+00
[0006][0006] 7.431912e+03 8.120e-01 4.64e+02 2.43e+03 1.19e+00
[iter][eval] cost actual_cost_change |grad| |TR| MQ
[0000][0000] 1.055540e+04 0.000e+00 6.06e+03 1.00e+01 1.00e+00
[0001][0001] 8.022881e+03 2.533e+03 6.06e+03 1.00e+01 1.50e+00
[0002][0002] 7.517436e+03 5.054e+02 5.58e+03 3.00e+01 1.48e+00
[0003][0003] 7.441921e+03 7.552e+01 3.45e+03 9.00e+01 1.38e+00
[0004][0004] 7.433177e+03 8.744e+00 1.56e+03 2.70e+02 1.32e+00
[0005][0005] 7.432095e+03 1.082e+00 5.58e+02 8.10e+02 1.43e+00
[iter][eval] cost actual_cost_change |grad| |TR| MQ
[0000][0000] 1.299899e+04 0.000e+00 1.40e+05 1.00e+01 1.00e+00
[0001][0001] 8.309626e+03 4.689e+03 1.40e+05 1.00e+01 1.44e+00
[0002][0002] 7.555161e+03 7.545e+02 9.73e+03 3.00e+01 1.50e+00
[0003][0003] 7.444969e+03 1.102e+02 7.68e+03 9.00e+01 1.39e+00
[0004][0004] 7.433153e+03 1.182e+01 4.73e+03 2.70e+02 1.29e+00
[0005][0005] 7.432040e+03 1.113e+00 2.05e+03 8.10e+02 1.36e+00
[iter][eval] cost actual_cost_change |grad| |TR| MQ
[0000][0000] 1.526332e+04 0.000e+00 3.50e+05 1.00e+01 1.00e+00
[0001][0001] 1.151757e+04 3.746e+03 3.50e+05 1.00e+01 1.37e+00
[0002][0002] 9.940666e+03 1.577e+03 1.45e+05 3.00e+01 1.43e+00
[0003][0003] 8.803892e+03 1.137e+03 6.92e+04 9.00e+01 1.58e+00
[0004][0004] 7.973944e+03 8.299e+02 2.83e+04 2.70e+02 1.76e+00
[0005][0005] 7.563511e+03 4.104e+02 7.52e+03 8.10e+02 1.71e+00
[0006][0006] 7.454111e+03 1.094e+02 2.62e+03 2.43e+03 1.55e+00
[0007][0007] 7.434830e+03 1.928e+01 1.76e+03 7.29e+03 1.40e+00
[0008][0008] 7.432364e+03 2.466e+00 1.09e+03 2.19e+04 1.39e+00
[iter][eval] cost actual_cost_change |grad| |TR| MQ
[0000][0000] 1.073933e+05 0.000e+00 6.85e+05 1.00e+01 1.00e+00
[0001][0001] 5.785043e+04 4.954e+04 6.85e+05 1.00e+01 1.45e+00
[0002][0002] 4.808923e+04 9.761e+03 3.05e+05 3.00e+01 1.51e+00
[0003][0003] 4.601801e+04 2.071e+03 1.48e+05 9.00e+01 1.53e+00
[0004][0004] 4.542892e+04 5.891e+02 1.90e+05 2.70e+02 1.81e+00
[0005][0005] 4.502799e+04 4.009e+02 1.08e+05 8.10e+02 1.38e+00
[0006][0006] 4.427435e+04 7.536e+02 5.14e+04 2.43e+03 1.66e+00
[0007][0007] 4.257239e+04 1.702e+03 4.29e+04 7.29e+03 1.99e+00
[0008][0008] 4.163864e+04 9.338e+02 3.34e+04 2.19e+04 1.70e+00
[0009][0009] 3.661033e+04 5.028e+03 8.31e+04 6.56e+04 3.09e+00
[0010][0010] 3.417085e+04 2.439e+03 1.10e+05 1.97e+05 1.54e+00
[0011][0011] 3.363409e+04 5.368e+02 2.96e+05 5.90e+05 1.06e+00
[0012][0012] 3.329353e+04 3.406e+02 2.27e+05 1.77e+06 1.61e+00
[0013][0013] 3.309012e+04 2.034e+02 1.20e+05 5.31e+06 3.05e+00
[0014][0014] 3.305244e+04 3.768e+01 1.41e+05 1.59e+07 1.14e+00
[0015][0015] 3.305736e+04 -4.921e+00 2.45e+05 4.78e+07 -2.20e+00
[0015][0016] 3.305736e+04 -4.921e+00 2.45e+05 2.39e+07 -2.20e+00
[0015][0017] 3.305736e+04 -4.921e+00 2.45e+05 5.98e+06 -2.20e+00
[0015][0018] 3.305736e+04 -4.921e+00 2.45e+05 7.47e+05 -2.20e+00
[0015][0019] 3.305736e+04 -4.921e+00 2.45e+05 4.67e+04 -2.20e+00
[0015][0020] 3.305736e+04 -4.920e+00 2.45e+05 1.46e+03 -2.20e+00
[0015][0021] 3.305734e+04 -4.903e+00 2.45e+05 2.28e+01 -2.19e+00
[0015][0022] 3.305544e+04 -2.999e+00 2.45e+05 1.78e-01 -1.34e+00
[0015][0023] 3.304958e+04 2.863e+00 2.45e+05 6.96e-04 1.63e+00
[iter][eval] cost actual_cost_change |grad| |TR| MQ
[0000][0000] 2.131500e+04 0.000e+00 3.50e+05 1.00e+01 1.00e+00
[0001][0001] 1.303604e+04 8.279e+03 3.50e+05 1.00e+01 1.33e+00
[0002][0002] 1.009019e+04 2.946e+03 2.18e+05 3.00e+01 1.35e+00
[0003][0003] 8.624907e+03 1.465e+03 8.16e+04 9.00e+01 1.47e+00
[0004][0004] 7.819117e+03 8.058e+02 1.91e+04 2.70e+02 1.70e+00
[0005][0005] 7.511489e+03 3.076e+02 3.86e+03 8.10e+02 1.66e+00
[0006][0006] 7.442933e+03 6.856e+01 1.93e+03 2.43e+03 1.49e+00
[0007][0007] 7.433107e+03 9.826e+00 1.58e+03 7.29e+03 1.34e+00
[0008][0008] 7.432054e+03 1.053e+00 9.14e+02 2.19e+04 1.38e+00
[iter][eval] cost actual_cost_change |grad| |TR| MQ
[0000][0000] 1.184297e+04 0.000e+00 2.85e+05 1.00e+01 1.00e+00
[0001][0001] 9.144670e+03 2.698e+03 2.85e+05 1.00e+01 1.38e+00
[0002][0002] 8.140967e+03 1.004e+03 8.76e+04 3.00e+01 1.51e+00
[0003][0003] 7.642929e+03 4.980e+02 2.16e+04 9.00e+01 1.44e+00
[0004][0004] 7.474116e+03 1.688e+02 5.65e+03 2.70e+02 1.42e+00
[0005][0005] 7.439336e+03 3.478e+01 1.82e+03 8.10e+02 1.40e+00
[0006][0006] 7.432025e+03 7.311e+00 8.68e+02 2.43e+03 1.34e+00
[iter][eval] cost actual_cost_change |grad| |TR| MQ
[0000][0000] 1.625240e+04 0.000e+00 3.07e+05 1.00e+01 1.00e+00
[0001][0001] 9.877352e+03 6.375e+03 3.07e+05 1.00e+01 1.36e+00
[0002][0002] 8.062132e+03 1.815e+03 1.20e+05 3.00e+01 1.29e+00
[0003][0003] 7.566946e+03 4.952e+02 3.95e+04 9.00e+01 1.27e+00
[0004][0004] 7.458987e+03 1.080e+02 1.49e+04 2.70e+02 1.40e+00
[0005][0005] 7.436568e+03 2.242e+01 7.01e+03 8.10e+02 1.43e+00
[0006][0006] 7.432025e+03 4.543e+00 3.07e+03 2.43e+03 1.44e+00
[iter][eval] cost actual_cost_change |grad| |TR| MQ
[0000][0000] 1.147178e+04 0.000e+00 9.96e+04 1.00e+01 1.00e+00
[0001][0001] 8.296235e+03 3.176e+03 9.96e+04 1.00e+01 1.50e+00
[0002][0002] 7.570138e+03 7.261e+02 1.60e+04 3.00e+01 1.54e+00
[0003][0003] 7.447648e+03 1.225e+02 1.29e+03 9.00e+01 1.47e+00
[0004][0004] 7.432734e+03 1.491e+01 1.82e+03 2.70e+02 1.28e+00
[0005][0005] 7.431888e+03 8.457e-01 9.16e+02 8.10e+02 1.17e+00
[iter][eval] cost actual_cost_change |grad| |TR| MQ
[0000][0000] 8.012977e+04 0.000e+00 6.65e+04 1.00e+01 1.00e+00
[0001][0001] 7.938432e+04 7.454e+02 6.65e+04 1.00e+01 1.35e+00
[0002][0002] 7.925358e+04 1.307e+02 2.12e+04 3.00e+01 1.42e+00
[0003][0003] 7.922971e+04 2.387e+01 6.43e+03 9.00e+01 1.44e+00
[0004][0004] 7.922505e+04 4.669e+00 1.85e+03 2.70e+02 1.46e+00
[0005][0005] 7.922406e+04 9.833e-01 9.65e+02 8.10e+02 1.47e+00
[0006][0006] 7.922385e+04 2.158e-01 6.71e+02 2.43e+03 1.47e+00
[0007][0007] 7.922380e+04 4.837e-02 4.22e+02 7.29e+03 1.48e+00
[0008][0008] 7.922379e+04 1.105e-02 2.42e+02 2.19e+04 1.48e+00
[0009][0009] 7.922378e+04 2.532e-03 1.31e+02 6.56e+04 1.48e+00
[0010][0010] 7.922378e+04 5.828e-04 6.81e+01 1.97e+05 1.48e+00
[0011][0011] 7.922378e+04 1.348e-04 3.47e+01 5.90e+05 1.48e+00
[0012][0012] 7.922378e+04 3.124e-05 1.75e+01 1.77e+06 1.48e+00
  ✅ Saved axis: NURBS_Output/Axes/Pot_A_Piece_29_Axis.xyz

--- Processing Pot_A_Piece_30 ---
[iter][eval] cost actual_cost_change |grad| |TR| MQ
[0000][0000] 1.283036e+04 0.000e+00 1.32e+04 1.00e+01 1.00e+00
[0001][0001] 8.280336e+03 4.550e+03 1.32e+04 1.00e+01 1.42e+00
[0002][0002] 7.549500e+03 7.308e+02 1.27e+04 3.00e+01 1.45e+00
[0003][0003] 7.446410e+03 1.031e+02 7.97e+03 9.00e+01 1.38e+00
[0004][0004] 7.433974e+03 1.244e+01 3.67e+03 2.70e+02 1.34e+00
[0005][0005] 7.432229e+03 1.745e+00 1.53e+03 8.10e+02 1.42e+00
[iter][eval] cost actual_cost_change |grad| |TR| MQ
[0000][0000] 1.274605e+04 0.000e+00 1.21e+05 1.00e+01 1.00e+00
[0001][0001] 9.709541e+03 3.037e+03 1.21e+05 1.00e+01 1.41e+00
[0002][0002] 8.470932e+03 1.239e+03 4.69e+04 3.00e+01 1.53e+00
[0003][0003] 7.755788e+03 7.151e+02 1.69e+04 9.00e+01 1.72e+00
[0004][0004] 7.494941e+03 2.608e+02 3.58e+03 2.70e+02 1.64e+00
[0005][0005] 7.440130e+03 5.481e+01 1.63e+03 8.10e+02 1.46e+00
[0006][0006] 7.432798e+03 7.332e+00 1.24e+03 2.43e+03 1.33e+00
[iter][eval] cost actual_cost_change |grad| |TR| MQ
[0000][0000] 1.268161e+04 0.000e+00 2.33e+05 1.00e+01 1.00e+00
[0001][0001] 8.712302e+03 3.969e+03 2.33e+05 1.00e+01 1.41e+00
[0002][0002] 7.677607e+03 1.035e+03 4.11e+04 3.00e+01 1.55e+00
[0003][0003] 7.462456e+03 2.152e+02 2.28e+03 9.00e+01 1.51e+00
[0004][0004] 7.434005e+03 2.845e+01 2.67e+03 2.70e+02 1.32e+00
[0005][0005] 7.431967e+03 2.038e+00 1.35e+03 8.10e+02 1.20e+00
[iter][eval] cost actual_cost_change |grad| |TR| MQ
[0000][0000] 9.690947e+03 0.000e+00 1.13e+05 1.00e+01 1.00e+00
[0001][0001] 8.015440e+03 1.676e+03 1.13e+05 1.00e+01 1.48e+00
[0002][0002] 7.543442e+03 4.720e+02 1.77e+04 3.00e+01 1.60e+00
[0003][0003] 7.446154e+03 9.729e+01 1.56e+03 9.00e+01 1.48e+00
[0004][0004] 7.433077e+03 1.308e+01 2.20e+03 2.70e+02 1.32e+00
[0005][0005] 7.431993e+03 1.085e+00 1.21e+03 8.10e+02 1.28e+00
[iter][eval] cost actual_cost_change |grad| |TR| MQ
[0000][0000] 1.052057e+04 0.000e+00 7.65e+04 1.00e+01 1.00e+00
[0001][0001] 8.003833e+03 2.517e+03 7.65e+04 1.00e+01 1.39e+00
[0002][0002] 7.531443e+03 4.724e+02 2.05e+04 3.00e+01 1.37e+00
[0003][0003] 7.447679e+03 8.376e+01 7.24e+03 9.00e+01 1.38e+00
[0004][0004] 7.433635e+03 1.404e+01 3.47e+03 2.70e+02 1.42e+00
[0005][0005] 7.430903e+03 2.731e+00 1.66e+03 8.10e+02 1.44e+00
[iter][eval] cost actual_cost_change |grad| |TR| MQ
[0000][0000] 1.363770e+04 0.000e+00 4.38e+04 1.00e+01 1.00e+00
[0001][0001] 8.401047e+03 5.237e+03 4.38e+04 1.00e+01 1.52e+00
[0002][0002] 7.567103e+03 8.339e+02 9.01e+03 3.00e+01 1.46e+00
[0003][0003] 7.451837e+03 1.153e+02 9.54e+03 9.00e+01 1.39e+00
[0004][0004] 7.435484e+03 1.635e+01 5.56e+03 2.70e+02 1.39e+00
[0005][0005] 7.432590e+03 2.894e+00 2.62e+03 8.10e+02 1.45e+00
[iter][eval] cost actual_cost_change |grad| |TR| MQ
[0000][0000] 9.137786e+03 0.000e+00 2.73e+04 1.00e+01 1.00e+00
[0001][0001] 7.904856e+03 1.233e+03 2.73e+04 1.00e+01 1.61e+00
[0002][0002] 7.521988e+03 3.829e+02 2.95e+03 3.00e+01 1.58e+00
[0003][0003] 7.443974e+03 7.801e+01 3.34e+03 9.00e+01 1.47e+00
[0004][0004] 7.433180e+03 1.079e+01 2.30e+03 2.70e+02 1.33e+00
[0005][0005] 7.432071e+03 1.109e+00 1.16e+03 8.10e+02 1.37e+00
[iter][eval] cost actual_cost_change |grad| |TR| MQ
[0000][0000] 9.206822e+03 0.000e+00 1.59e+05 1.00e+01 1.00e+00
[0001][0001] 7.742184e+03 1.465e+03 1.59e+05 1.00e+01 1.36e+00
[0002][0002] 7.494106e+03 2.481e+02 4.37e+04 3.00e+01 1.42e+00
[0003][0003] 7.443231e+03 5.088e+01 1.50e+04 9.00e+01 1.40e+00
[0004][0004] 7.433366e+03 9.865e+00 5.70e+03 2.70e+02 1.44e+00
[0005][0005] 7.431384e+03 1.982e+00 2.25e+03 8.10e+02 1.44e+00
[iter][eval] cost actual_cost_change |grad| |TR| MQ
[0000][0000] 1.783293e+04 0.000e+00 1.27e+05 1.00e+01 1.00e+00
[0001][0001] 1.002063e+04 7.812e+03 1.27e+05 1.00e+01 1.48e+00
[0002][0002] 8.007624e+03 2.013e+03 4.18e+04 3.00e+01 1.53e+00
[0003][0003] 7.532917e+03 4.747e+02 5.26e+03 9.00e+01 1.59e+00
[0004][0004] 7.443618e+03 8.930e+01 1.45e+03 2.70e+02 1.46e+00
[0005][0005] 7.432666e+03 1.095e+01 1.32e+03 8.10e+02 1.29e+00
[0006][0006] 7.431939e+03 7.267e-01 7.02e+02 2.43e+03 1.26e+00
[iter][eval] cost actual_cost_change |grad| |TR| MQ
[0000][0000] 1.842441e+04 0.000e+00 2.44e+05 1.00e+01 1.00e+00
[0001][0001] 9.881024e+03 8.543e+03 2.44e+05 1.00e+01 1.49e+00
[0002][0002] 7.844617e+03 2.036e+03 5.06e+04 3.00e+01 1.49e+00
[0003][0003] 7.484100e+03 3.605e+02 2.02e+03 9.00e+01 1.48e+00
[0004][0004] 7.436226e+03 4.787e+01 5.09e+03 2.70e+02 1.33e+00
[0005][0005] 7.432204e+03 4.022e+00 2.56e+03 8.10e+02 1.24e+00
[iter][eval] cost actual_cost_change |grad| |TR| MQ
[0000][0000] 8.006359e+04 0.000e+00 7.74e+04 1.00e+01 1.00e+00
[0001][0001] 7.936715e+04 6.964e+02 7.74e+04 1.00e+01 1.34e+00
[0002][0002] 7.924945e+04 1.177e+02 2.43e+04 3.00e+01 1.41e+00
[0003][0003] 7.922873e+04 2.072e+01 7.42e+03 9.00e+01 1.43e+00
[0004][0004] 7.922481e+04 3.923e+00 1.95e+03 2.70e+02 1.45e+00
[0005][0005] 7.922401e+04 8.041e-01 7.06e+02 8.10e+02 1.46e+00
[0006][0006] 7.922383e+04 1.726e-01 4.97e+02 2.43e+03 1.47e+00
[0007][0007] 7.922379e+04 3.814e-02 3.33e+02 7.29e+03 1.47e+00
[0008][0008] 7.922379e+04 8.620e-03 1.99e+02 2.19e+04 1.48e+00
[0009][0009] 7.922378e+04 1.959e-03 1.09e+02 6.56e+04 1.48e+00
[0010][0010] 7.922378e+04 4.490e-04 5.77e+01 1.97e+05 1.48e+00
[0011][0011] 7.922378e+04 1.035e-04 2.97e+01 5.90e+05 1.48e+00
[0012][0012] 7.922378e+04 2.396e-05 1.50e+01 1.77e+06 1.48e+00
  ✅ Saved axis: NURBS_Output/Axes/Pot_A_Piece_30_Axis.xyz

--- Processing Pot_A_Piece_31 ---
[iter][eval] cost actual_cost_change |grad| |TR| MQ
[0000][0000] 1.026110e+04 0.000e+00 1.04e+05 1.00e+01 1.00e+00
[0001][0001] 7.987196e+03 2.274e+03 1.04e+05 1.00e+01 1.33e+00
[0002][0002] 7.531818e+03 4.554e+02 3.74e+04 3.00e+01 1.36e+00
[0003][0003] 7.451551e+03 8.027e+01 1.48e+04 9.00e+01 1.43e+00
[0004][0004] 7.435053e+03 1.650e+01 6.56e+03 2.70e+02 1.43e+00
[0005][0005] 7.431720e+03 3.333e+00 2.82e+03 8.10e+02 1.44e+00
[iter][eval] cost actual_cost_change |grad| |TR| MQ
[0000][0000] 1.335500e+04 0.000e+00 1.55e+05 1.00e+01 1.00e+00
[0001][0001] 1.007126e+04 3.284e+03 1.55e+05 1.00e+01 1.30e+00
[0002][0002] 9.659139e+03 4.121e+02 4.26e+04 3.00e+01 1.66e+00
[0003][0003] 9.554816e+03 1.043e+02 2.59e+04 9.00e+01 1.75e+00
[0004][0004] 9.522662e+03 3.215e+01 1.79e+04 2.70e+02 1.12e+00
[0005][0005] 9.521245e+03 1.417e+00 3.34e+03 8.10e+02 1.13e+00
[iter][eval] cost actual_cost_change |grad| |TR| MQ
[0000][0000] 1.264619e+04 0.000e+00 1.06e+05 1.00e+01 1.00e+00
[0001][0001] 1.045098e+04 2.195e+03 1.06e+05 1.00e+01 1.48e+00
[0002][0002] 9.839916e+03 6.111e+02 6.62e+04 3.00e+01 1.55e+00
[0003][0003] 9.642433e+03 1.975e+02 3.29e+04 9.00e+01 1.53e+00
[0004][0004] 9.582747e+03 5.969e+01 1.60e+04 2.70e+02 1.63e+00
[0005][0005] 9.556534e+03 2.621e+01 6.89e+03 8.10e+02 1.70e+00
[0006][0006] 9.538377e+03 1.816e+01 4.74e+03 2.43e+03 1.63e+00
[0007][0007] 9.529829e+03 8.548e+00 2.05e+03 7.29e+03 1.73e+00
[iter][eval] cost actual_cost_change |grad| |TR| MQ
[0000][0000] 1.676679e+04 0.000e+00 8.94e+04 1.00e+01 1.00e+00
[0001][0001] 9.569668e+03 7.197e+03 8.94e+04 1.00e+01 1.47e+00
[0002][0002] 7.897828e+03 1.672e+03 2.56e+04 3.00e+01 1.56e+00
[0003][0003] 7.507924e+03 3.899e+02 3.29e+03 9.00e+01 1.57e+00
[0004][0004] 7.439791e+03 6.813e+01 1.33e+03 2.70e+02 1.43e+00
[0005][0005] 7.432365e+03 7.426e+00 1.05e+03 8.10e+02 1.26e+00
[iter][eval] cost actual_cost_change |grad| |TR| MQ
[0000][0000] 1.235888e+04 0.000e+00 2.30e+05 1.00e+01 1.00e+00
[0001][0001] 9.959042e+03 2.400e+03 2.30e+05 1.00e+01 1.38e+00
[0002][0002] 9.615024e+03 3.440e+02 7.45e+04 3.00e+01 1.42e+00
[0003][0003] 9.529751e+03 8.527e+01 3.45e+04 9.00e+01 1.36e+00
[0004][0004] 9.521431e+03 8.320e+00 1.26e+04 2.70e+02 1.18e+00
[iter][eval] cost actual_cost_change |grad| |TR| MQ
[0000][0000] 1.274029e+04 0.000e+00 4.94e+04 1.00e+01 1.00e+00
[0001][0001] 8.387292e+03 4.353e+03 4.94e+04 1.00e+01 1.42e+00
[0002][0002] 7.577729e+03 8.096e+02 1.94e+04 3.00e+01 1.39e+00
[0003][0003] 7.456736e+03 1.210e+02 9.71e+03 9.00e+01 1.39e+00
[0004][0004] 7.436734e+03 2.000e+01 4.88e+03 2.70e+02 1.42e+00
[0005][0005] 7.432810e+03 3.924e+00 2.22e+03 8.10e+02 1.45e+00
[iter][eval] cost actual_cost_change |grad| |TR| MQ
[0000][0000] 1.254811e+04 0.000e+00 2.38e+05 1.00e+01 1.00e+00
[0001][0001] 8.604945e+03 3.943e+03 2.38e+05 1.00e+01 1.33e+00
[0002][0002] 7.678592e+03 9.264e+02 7.56e+04 3.00e+01 1.32e+00
[0003][0003] 7.484670e+03 1.939e+02 2.34e+04 9.00e+01 1.41e+00
[0004][0004] 7.441281e+03 4.339e+01 9.67e+03 2.70e+02 1.40e+00
[0005][0005] 7.432980e+03 8.301e+00 4.23e+03 8.10e+02 1.44e+00
[0006][0006] 7.431304e+03 1.676e+00 1.82e+03 2.43e+03 1.44e+00
[iter][eval] cost actual_cost_change |grad| |TR| MQ
[0000][0000] 1.408244e+04 0.000e+00 1.67e+05 1.00e+01 1.00e+00
[0001][0001] 9.065084e+03 5.017e+03 1.67e+05 1.00e+01 1.38e+00
[0002][0002] 7.800048e+03 1.265e+03 5.37e+04 3.00e+01 1.38e+00
[0003][0003] 7.510837e+03 2.892e+02 1.80e+04 9.00e+01 1.41e+00
[0004][0004] 7.444148e+03 6.669e+01 6.28e+03 2.70e+02 1.40e+00
[0005][0005] 7.433019e+03 1.113e+01 2.36e+03 8.10e+02 1.42e+00
[0006][0006] 7.430812e+03 2.207e+00 1.06e+03 2.43e+03 1.45e+00
[iter][eval] cost actual_cost_change |grad| |TR| MQ
[0000][0000] 1.174040e+04 0.000e+00 1.33e+05 1.00e+01 1.00e+00
[0001][0001] 8.513633e+03 3.227e+03 1.33e+05 1.00e+01 1.45e+00
[0002][0002] 7.601555e+03 9.121e+02 2.82e+04 3.00e+01 1.55e+00
[0003][0003] 7.451898e+03 1.497e+02 1.49e+03 9.00e+01 1.50e+00
[0004][0004] 7.432954e+03 1.894e+01 7.91e+02 2.70e+02 1.30e+00
[0005][0005] 7.431862e+03 1.092e+00 5.35e+02 8.10e+02 1.14e+00
[iter][eval] cost actual_cost_change |grad| |TR| MQ
[0000][0000] 1.193621e+04 0.000e+00 1.72e+05 1.00e+01 1.00e+00
[0001][0001] 9.212896e+03 2.723e+03 1.72e+05 1.00e+01 1.36e+00
[0002][0002] 8.003821e+03 1.209e+03 5.78e+04 3.00e+01 1.47e+00
[0003][0003] 7.548514e+03 4.553e+02 9.43e+03 9.00e+01 1.65e+00
[0004][0004] 7.447620e+03 1.009e+02 1.14e+03 2.70e+02 1.51e+00
[0005][0005] 7.433251e+03 1.437e+01 1.31e+03 8.10e+02 1.33e+00
[0006][0006] 7.432014e+03 1.237e+00 8.51e+02 2.43e+03 1.28e+00
[iter][eval] cost actual_cost_change |grad| |TR| MQ
[0000][0000] 8.019664e+04 0.000e+00 1.02e+05 1.00e+01 1.00e+00
[0001][0001] 7.939526e+04 8.014e+02 1.02e+05 1.00e+01 1.37e+00
[0002][0002] 7.924742e+04 1.478e+02 3.30e+04 3.00e+01 1.30e+00
[0003][0003] 7.922789e+04 1.952e+01 9.43e+03 9.00e+01 1.39e+00
[0004][0004] 7.922458e+04 3.315e+00 2.48e+03 2.70e+02 1.43e+00
[0005][0005] 7.922395e+04 6.332e-01 5.24e+02 8.10e+02 1.45e+00
[0006][0006] 7.922382e+04 1.285e-01 2.39e+02 2.43e+03 1.46e+00
[0007][0007] 7.922379e+04 2.721e-02 2.01e+02 7.29e+03 1.47e+00
[0008][0008] 7.922379e+04 5.932e-03 1.34e+02 2.19e+04 1.47e+00
[0009][0009] 7.922378e+04 1.316e-03 7.81e+01 6.56e+04 1.47e+00
[0010][0010] 7.922378e+04 2.964e-04 4.27e+01 1.97e+05 1.48e+00
[0011][0011] 7.922378e+04 6.747e-05 2.24e+01 5.90e+05 1.48e+00
  ✅ Saved axis: NURBS_Output/Axes/Pot_A_Piece_31_Axis.xyz

--- Processing Pot_A_Piece_32 ---
[iter][eval] cost actual_cost_change |grad| |TR| MQ
[0000][0000] 1.435287e+04 0.000e+00 8.03e+04 1.00e+01 1.00e+00
[0001][0001] 8.654601e+03 5.698e+03 8.03e+04 1.00e+01 1.46e+00
[0002][0002] 7.642598e+03 1.012e+03 1.21e+04 3.00e+01 1.56e+00
[0003][0003] 7.457280e+03 1.853e+02 2.06e+03 9.00e+01 1.47e+00
[0004][0004] 7.433616e+03 2.366e+01 1.80e+03 2.70e+02 1.30e+00
[0005][0005] 7.431999e+03 1.618e+00 6.89e+02 8.10e+02 1.22e+00
[iter][eval] cost actual_cost_change |grad| |TR| MQ
[0000][0000] 9.089995e+03 0.000e+00 4.53e+04 1.00e+01 1.00e+00
[0001][0001] 7.718261e+03 1.372e+03 4.53e+04 1.00e+01 1.38e+00
[0002][0002] 7.481986e+03 2.363e+02 1.61e+04 3.00e+01 1.39e+00
[0003][0003] 7.441512e+03 4.047e+01 7.04e+03 9.00e+01 1.42e+00
[0004][0004] 7.431735e+03 9.777e+00 2.92e+03 2.70e+02 1.30e+00
[0005][0005] 7.430523e+03 1.212e+00 1.28e+03 8.10e+02 1.42e+00
[iter][eval] cost actual_cost_change |grad| |TR| MQ
[0000][0000] 1.085744e+04 0.000e+00 1.84e+05 1.00e+01 1.00e+00
[0001][0001] 8.472168e+03 2.385e+03 1.84e+05 1.00e+01 1.26e+00
[0002][0002] 7.704092e+03 7.681e+02 5.54e+04 3.00e+01 1.24e+00
[0003][0003] 7.486718e+03 2.174e+02 2.05e+04 9.00e+01 1.29e+00
[0004][0004] 7.441966e+03 4.475e+01 9.22e+03 2.70e+02 1.38e+00
[0005][0005] 7.433114e+03 8.852e+00 4.09e+03 8.10e+02 1.44e+00
[0006][0006] 7.431329e+03 1.785e+00 1.82e+03 2.43e+03 1.44e+00
[iter][eval] cost actual_cost_change |grad| |TR| MQ
[0000][0000] 9.228595e+03 0.000e+00 1.10e+04 1.00e+01 1.00e+00
[0001][0001] 7.672649e+03 1.556e+03 1.10e+04 1.00e+01 1.45e+00
[0002][0002] 7.466990e+03 2.057e+02 8.61e+03 3.00e+01 1.41e+00
[0003][0003] 7.437875e+03 2.912e+01 5.46e+03 9.00e+01 1.37e+00
[0004][0004] 7.433059e+03 4.816e+00 2.69e+03 2.70e+02 1.44e+00
[iter][eval] cost actual_cost_change |grad| |TR| MQ
[0000][0000] 1.426940e+04 0.000e+00 1.84e+05 1.00e+01 1.00e+00
[0001][0001] 9.161284e+03 5.108e+03 1.84e+05 1.00e+01 1.47e+00
[0002][0002] 7.923352e+03 1.238e+03 4.98e+04 3.00e+01 1.66e+00
[0003][0003] 7.524326e+03 3.990e+02 8.38e+03 9.00e+01 1.62e+00
[0004][0004] 7.444388e+03 7.994e+01 6.96e+02 2.70e+02 1.48e+00
[0005][0005] 7.433235e+03 1.115e+01 4.61e+02 8.10e+02 1.33e+00
[0006][0006] 7.432093e+03 1.142e+00 3.66e+02 2.43e+03 1.39e+00
[iter][eval] cost actual_cost_change |grad| |TR| MQ
[0000][0000] 1.760185e+04 0.000e+00 2.02e+05 1.00e+01 1.00e+00
[0001][0001] 1.096357e+04 6.638e+03 2.02e+05 1.00e+01 1.40e+00
[0002][0002] 9.786720e+03 1.177e+03 9.13e+04 3.00e+01 1.50e+00
[0003][0003] 9.586541e+03 2.002e+02 3.24e+04 9.00e+01 1.55e+00
[0004][0004] 9.528022e+03 5.852e+01 2.02e+04 2.70e+02 1.31e+00
[0005][0005] 9.523096e+03 4.926e+00 4.95e+03 8.10e+02 1.35e+00
[iter][eval] cost actual_cost_change |grad| |TR| MQ
[0000][0000] 1.305994e+04 0.000e+00 1.05e+05 1.00e+01 1.00e+00
[0001][0001] 8.705141e+03 4.355e+03 1.05e+05 1.00e+01 1.49e+00
[0002][0002] 7.734162e+03 9.710e+02 2.40e+04 3.00e+01 1.64e+00
[0003][0003] 7.482678e+03 2.515e+02 2.38e+03 9.00e+01 1.55e+00
[0004][0004] 7.438280e+03 4.440e+01 6.63e+02 2.70e+02 1.42e+00
[0005][0005] 7.432782e+03 5.498e+00 3.40e+02 8.10e+02 1.34e+00
[iter][eval] cost actual_cost_change |grad| |TR| MQ
[0000][0000] 2.430568e+04 0.000e+00 2.50e+05 1.00e+01 1.00e+00
[0001][0001] 1.183594e+04 1.247e+04 2.50e+05 1.00e+01 1.41e+00
[0002][0002] 8.510486e+03 3.325e+03 9.65e+04 3.00e+01 1.41e+00
[0003][0003] 7.663236e+03 8.472e+02 3.84e+04 9.00e+01 1.39e+00
[0004][0004] 7.469353e+03 1.939e+02 1.48e+04 2.70e+02 1.40e+00
[0005][0005] 7.436330e+03 3.302e+01 4.90e+03 8.10e+02 1.36e+00
[0006][0006] 7.431488e+03 4.842e+00 1.36e+03 2.43e+03 1.44e+00
[iter][eval] cost actual_cost_change |grad| |TR| MQ
[0000][0000] 1.855583e+04 0.000e+00 5.70e+05 1.00e+01 1.00e+00
[0001][0001] 1.365181e+04 4.904e+03 5.70e+05 1.00e+01 1.38e+00
[0002][0002] 1.137063e+04 2.281e+03 2.72e+05 3.00e+01 1.29e+00
[0003][0003] 9.934787e+03 1.436e+03 1.29e+05 9.00e+01 1.49e+00
[0004][0004] 8.808781e+03 1.126e+03 6.15e+04 2.70e+02 1.62e+00
[0005][0005] 7.980823e+03 8.280e+02 2.64e+04 8.10e+02 1.78e+00
[0006][0006] 7.567801e+03 4.130e+02 7.59e+03 2.43e+03 1.72e+00
[0007][0007] 7.455397e+03 1.124e+02 2.87e+03 7.29e+03 1.55e+00
[0008][0008] 7.435141e+03 2.026e+01 1.90e+03 2.19e+04 1.41e+00
[0009][0009] 7.432432e+03 2.709e+00 1.15e+03 6.56e+04 1.39e+00
[iter][eval] cost actual_cost_change |grad| |TR| MQ
[0000][0000] 1.333528e+04 0.000e+00 2.41e+05 1.00e+01 1.00e+00
[0001][0001] 9.763624e+03 3.572e+03 2.41e+05 1.00e+01 1.43e+00
[0002][0002] 9.635860e+03 1.278e+02 8.34e+04 3.00e+01 1.38e+00
[0003][0003] 9.615278e+03 2.058e+01 2.87e+04 9.00e+01 1.44e+00
[0004][0004] 9.608807e+03 6.471e+00 8.58e+03 2.70e+02 1.74e+00
[iter][eval] cost actual_cost_change |grad| |TR| MQ
[0000][0000] 8.008735e+04 0.000e+00 7.29e+04 1.00e+01 1.00e+00
[0001][0001] 7.937385e+04 7.135e+02 7.29e+04 1.00e+01 1.34e+00
[0002][0002] 7.925106e+04 1.228e+02 2.30e+04 3.00e+01 1.41e+00
[0003][0003] 7.922911e+04 2.194e+01 6.96e+03 9.00e+01 1.43e+00
[0004][0004] 7.922490e+04 4.213e+00 1.85e+03 2.70e+02 1.45e+00
[0005][0005] 7.922403e+04 8.738e-01 7.98e+02 8.10e+02 1.46e+00
[0006][0006] 7.922384e+04 1.894e-01 5.67e+02 2.43e+03 1.47e+00
[0007][0007] 7.922380e+04 4.212e-02 3.69e+02 7.29e+03 1.48e+00
[0008][0008] 7.922379e+04 9.567e-03 2.16e+02 2.19e+04 1.48e+00
[0009][0009] 7.922378e+04 2.182e-03 1.18e+02 6.56e+04 1.48e+00
[0010][0010] 7.922378e+04 5.010e-04 6.19e+01 1.97e+05 1.48e+00
[0011][0011] 7.922378e+04 1.157e-04 3.18e+01 5.90e+05 1.48e+00
[0012][0012] 7.922378e+04 2.679e-05 1.60e+01 1.77e+06 1.48e+00
  ✅ Saved axis: NURBS_Output/Axes/Pot_A_Piece_32_Axis.xyz

--- Processing Pot_A_Piece_33 ---
[iter][eval] cost actual_cost_change |grad| |TR| MQ
[0000][0000] 9.698239e+03 0.000e+00 2.30e+04 1.00e+01 1.00e+00
[0001][0001] 7.791459e+03 1.907e+03 2.30e+04 1.00e+01 1.42e+00
[0002][0002] 7.483789e+03 3.077e+02 1.10e+04 3.00e+01 1.40e+00
[0003][0003] 7.439877e+03 4.391e+01 5.37e+03 9.00e+01 1.36e+00
[0004][0004] 7.433371e+03 6.506e+00 2.39e+03 2.70e+02 1.42e+00
[iter][eval] cost actual_cost_change |grad| |TR| MQ
[0000][0000] 1.338512e+04 0.000e+00 8.56e+03 1.00e+01 1.00e+00
[0001][0001] 8.488730e+03 4.896e+03 8.56e+03 1.00e+01 1.45e+00
[0002][0002] 7.601473e+03 8.873e+02 1.91e+03 3.00e+01 1.51e+00
[0003][0003] 7.452376e+03 1.491e+02 3.13e+03 9.00e+01 1.43e+00
[0004][0004] 7.433871e+03 1.850e+01 1.71e+03 2.70e+02 1.31e+00
[0005][0005] 7.432169e+03 1.701e+00 6.34e+02 8.10e+02 1.34e+00
[iter][eval] cost actual_cost_change |grad| |TR| MQ
[0000][0000] 1.316201e+04 0.000e+00 2.31e+05 1.00e+01 1.00e+00
[0001][0001] 9.108423e+03 4.054e+03 2.31e+05 1.00e+01 1.30e+00
[0002][0002] 7.927184e+03 1.181e+03 7.36e+04 3.00e+01 1.26e+00
[0003][0003] 7.535787e+03 3.914e+02 2.69e+04 9.00e+01 1.24e+00
[0004][0004] 7.451988e+03 8.380e+01 1.15e+04 2.70e+02 1.38e+00
[0005][0005] 7.435127e+03 1.686e+01 5.49e+03 8.10e+02 1.43e+00
[0006][0006] 7.431733e+03 3.394e+00 2.46e+03 2.43e+03 1.44e+00
[iter][eval] cost actual_cost_change |grad| |TR| MQ
[0000][0000] 1.330381e+04 0.000e+00 3.25e+04 1.00e+01 1.00e+00
[0001][0001] 8.458513e+03 4.845e+03 3.25e+04 1.00e+01 1.43e+00
[0002][0002] 7.582229e+03 8.763e+02 2.00e+04 3.00e+01 1.40e+00
[0003][0003] 7.455641e+03 1.266e+02 1.06e+04 9.00e+01 1.39e+00
[0004][0004] 7.436286e+03 1.935e+01 5.31e+03 2.70e+02 1.40e+00
[0005][0005] 7.432717e+03 3.570e+00 2.36e+03 8.10e+02 1.45e+00
[iter][eval] cost actual_cost_change |grad| |TR| MQ
[0000][0000] 1.419677e+04 0.000e+00 1.37e+05 1.00e+01 1.00e+00
[0001][0001] 9.647155e+03 4.550e+03 1.37e+05 1.00e+01 1.44e+00
[0002][0002] 8.284823e+03 1.362e+03 4.67e+04 3.00e+01 1.62e+00
[0003][0003] 7.658618e+03 6.262e+02 1.49e+04 9.00e+01 1.72e+00
[0004][0004] 7.471717e+03 1.869e+02 2.71e+03 2.70e+02 1.59e+00
[0005][0005] 7.436586e+03 3.513e+01 1.45e+03 8.10e+02 1.41e+00
[0006][0006] 7.432455e+03 4.131e+00 1.00e+03 2.43e+03 1.32e+00
[iter][eval] cost actual_cost_change |grad| |TR| MQ
[0000][0000] 1.318858e+04 0.000e+00 1.08e+05 1.00e+01 1.00e+00
[0001][0001] 1.055001e+04 2.639e+03 1.08e+05 1.00e+01 1.43e+00
[0002][0002] 9.915266e+03 6.347e+02 5.90e+04 3.00e+01 1.66e+00
[0003][0003] 9.670763e+03 2.445e+02 3.27e+04 9.00e+01 1.56e+00
[0004][0004] 9.596104e+03 7.466e+01 1.64e+04 2.70e+02 1.63e+00
[0005][0005] 9.562995e+03 3.311e+01 7.44e+03 8.10e+02 1.71e+00
[0006][0006] 9.545584e+03 1.741e+01 3.34e+03 2.43e+03 1.87e+00
[0007][0007] 9.532752e+03 1.283e+01 4.38e+03 7.29e+03 1.57e+00
[0008][0008] 9.526935e+03 5.817e+00 1.45e+03 2.19e+04 1.73e+00
[iter][eval] cost actual_cost_change |grad| |TR| MQ
[0000][0000] 1.293180e+04 0.000e+00 1.19e+05 1.00e+01 1.00e+00
[0001][0001] 8.830716e+03 4.101e+03 1.19e+05 1.00e+01 1.37e+00
[0002][0002] 7.774995e+03 1.056e+03 5.02e+04 3.00e+01 1.31e+00
[0003][0003] 7.508492e+03 2.665e+02 2.23e+04 9.00e+01 1.37e+00
[0004][0004] 7.446594e+03 6.190e+01 1.05e+04 2.70e+02 1.42e+00
[0005][0005] 7.434054e+03 1.254e+01 4.96e+03 8.10e+02 1.43e+00
[0006][0006] 7.431521e+03 2.532e+00 2.28e+03 2.43e+03 1.44e+00
[iter][eval] cost actual_cost_change |grad| |TR| MQ
[0000][0000] 1.008153e+04 0.000e+00 5.20e+04 1.00e+01 1.00e+00
[0001][0001] 9.663826e+03 4.177e+02 5.20e+04 1.00e+01 1.38e+00
[0002][0002] 9.557027e+03 1.068e+02 2.40e+04 3.00e+01 1.21e+00
[0003][0003] 9.538199e+03 1.883e+01 1.93e+03 9.00e+01 1.60e+00
[0004][0004] 9.529729e+03 8.469e+00 1.40e+03 2.70e+02 1.73e+00
[iter][eval] cost actual_cost_change |grad| |TR| MQ
[0000][0000] 1.214204e+04 0.000e+00 6.41e+04 1.00e+01 1.00e+00
[0001][0001] 8.327732e+03 3.814e+03 6.41e+04 1.00e+01 1.41e+00
[0002][0002] 7.581404e+03 7.463e+02 2.18e+04 3.00e+01 1.37e+00
[0003][0003] 7.461674e+03 1.197e+02 1.12e+04 9.00e+01 1.41e+00
[0004][0004] 7.438093e+03 2.358e+01 5.74e+03 2.70e+02 1.44e+00
[0005][0005] 7.433110e+03 4.983e+00 2.66e+03 8.10e+02 1.45e+00
[iter][eval] cost actual_cost_change |grad| |TR| MQ
[0000][0000] 1.165403e+04 0.000e+00 1.75e+05 1.00e+01 1.00e+00
[0001][0001] 9.844928e+03 1.809e+03 1.75e+05 1.00e+01 1.21e+00
[0002][0002] 9.595573e+03 2.494e+02 5.99e+04 3.00e+01 1.47e+00
[0003][0003] 9.538177e+03 5.740e+01 2.67e+04 9.00e+01 1.24e+00
[0004][0004] 9.528771e+03 9.406e+00 8.95e+03 2.70e+02 1.58e+00
[iter][eval] cost actual_cost_change |grad| |TR| MQ
[0000][0000] 8.000900e+04 0.000e+00 8.15e+04 1.00e+01 1.00e+00
[0001][0001] 7.935509e+04 6.539e+02 8.15e+04 1.00e+01 1.33e+00
[0002][0002] 7.924683e+04 1.083e+02 2.53e+04 3.00e+01 1.41e+00
[0003][0003] 7.922815e+04 1.868e+01 7.72e+03 9.00e+01 1.42e+00
[0004][0004] 7.922467e+04 3.473e+00 1.99e+03 2.70e+02 1.44e+00
[0005][0005] 7.922397e+04 7.001e-01 5.84e+02 8.10e+02 1.46e+00
[0006][0006] 7.922383e+04 1.481e-01 4.03e+02 2.43e+03 1.46e+00
[0007][0007] 7.922379e+04 3.238e-02 2.84e+02 7.29e+03 1.47e+00
[0008][0008] 7.922379e+04 7.255e-03 1.73e+02 2.19e+04 1.47e+00
[0009][0009] 7.922378e+04 1.639e-03 9.67e+01 6.56e+04 1.48e+00
[0010][0010] 7.922378e+04 3.745e-04 5.15e+01 1.97e+05 1.48e+00
[0011][0011] 7.922378e+04 8.613e-05 2.67e+01 5.90e+05 1.48e+00
[0012][0012] 7.922378e+04 1.989e-05 1.35e+01 1.77e+06 1.48e+00
  ✅ Saved axis: NURBS_Output/Axes/Pot_A_Piece_33_Axis.xyz

--- Processing Pot_A_Piece_34 ---
[iter][eval] cost actual_cost_change |grad| |TR| MQ
[0000][0000] 1.394874e+04 0.000e+00 9.93e+04 1.00e+01 1.00e+00
[0001][0001] 9.039695e+03 4.909e+03 9.93e+04 1.00e+01 1.45e+00
[0002][0002] 7.804306e+03 1.235e+03 2.58e+04 3.00e+01 1.60e+00
[0003][0003] 7.490274e+03 3.140e+02 3.53e+03 9.00e+01 1.58e+00
[0004][0004] 7.437278e+03 5.300e+01 4.62e+02 2.70e+02 1.40e+00
[0005][0005] 7.432120e+03 5.158e+00 5.11e+02 8.10e+02 1.24e+00
[iter][eval] cost actual_cost_change |grad| |TR| MQ
[0000][0000] 1.299968e+04 0.000e+00 1.71e+04 1.00e+01 1.00e+00
[0001][0001] 8.411966e+03 4.588e+03 1.71e+04 1.00e+01 1.49e+00
[0002][0002] 7.576469e+03 8.355e+02 2.83e+03 3.00e+01 1.48e+00
[0003][0003] 7.447945e+03 1.285e+02 3.50e+03 9.00e+01 1.40e+00
[0004][0004] 7.433368e+03 1.458e+01 1.85e+03 2.70e+02 1.29e+00
[0005][0005] 7.432078e+03 1.290e+00 7.36e+02 8.10e+02 1.34e+00
[iter][eval] cost actual_cost_change |grad| |TR| MQ
[0000][0000] 9.554211e+03 0.000e+00 1.07e+05 1.00e+01 1.00e+00
[0001][0001] 7.822874e+03 1.731e+03 1.07e+05 1.00e+01 1.34e+00
[0002][0002] 7.504964e+03 3.179e+02 3.65e+04 3.00e+01 1.37e+00
[0003][0003] 7.445913e+03 5.905e+01 1.43e+04 9.00e+01 1.43e+00
[0004][0004] 7.433906e+03 1.201e+01 6.07e+03 2.70e+02 1.44e+00
[0005][0005] 7.431488e+03 2.418e+00 2.56e+03 8.10e+02 1.44e+00
[iter][eval] cost actual_cost_change |grad| |TR| MQ
[0000][0000] 1.424991e+04 0.000e+00 6.42e+04 1.00e+01 1.00e+00
[0001][0001] 8.529119e+03 5.721e+03 6.42e+04 1.00e+01 1.48e+00
[0002][0002] 7.578389e+03 9.507e+02 5.54e+03 3.00e+01 1.48e+00
[0003][0003] 7.449324e+03 1.291e+02 7.87e+03 9.00e+01 1.39e+00
[0004][0004] 7.434090e+03 1.523e+01 4.76e+03 2.70e+02 1.31e+00
[0005][0005] 7.432253e+03 1.837e+00 2.20e+03 8.10e+02 1.40e+00
[iter][eval] cost actual_cost_change |grad| |TR| MQ
[0000][0000] 1.273199e+04 0.000e+00 1.44e+05 1.00e+01 1.00e+00
[0001][0001] 1.025707e+04 2.475e+03 1.44e+05 1.00e+01 1.42e+00
[0002][0002] 9.697823e+03 5.592e+02 7.98e+04 3.00e+01 1.43e+00
[0003][0003] 9.562050e+03 1.358e+02 3.76e+04 9.00e+01 1.31e+00
[0004][0004] 9.539681e+03 2.237e+01 1.23e+04 2.70e+02 1.58e+00
[0005][0005] 9.530353e+03 9.328e+00 5.54e+03 8.10e+02 1.71e+00
[iter][eval] cost actual_cost_change |grad| |TR| MQ
[0000][0000] 1.064879e+04 0.000e+00 2.21e+05 1.00e+01 1.00e+00
[0001][0001] 9.718855e+03 9.299e+02 2.21e+05 1.00e+01 1.31e+00
[0002][0002] 9.575645e+03 1.432e+02 7.97e+04 3.00e+01 1.39e+00
[0003][0003] 9.539118e+03 3.653e+01 3.23e+04 9.00e+01 1.53e+00
[0004][0004] 9.530625e+03 8.493e+00 1.11e+04 2.70e+02 1.54e+00
[iter][eval] cost actual_cost_change |grad| |TR| MQ
[0000][0000] 9.891479e+04 0.000e+00 9.54e+05 1.00e+01 1.00e+00
[0001][0001] 5.282193e+04 4.609e+04 9.54e+05 1.00e+01 1.48e+00
[0002][0002] 4.395589e+04 8.866e+03 4.57e+05 3.00e+01 1.42e+00
[0003][0003] 4.222417e+04 1.732e+03 2.09e+05 9.00e+01 1.40e+00
[0004][0004] 4.207226e+04 1.519e+02 1.75e+05 2.70e+02 5.28e-01
[0005][0005] 4.152620e+04 5.461e+02 1.60e+05 2.70e+02 1.17e+00
[0006][0006] 4.037813e+04 1.148e+03 7.83e+04 8.10e+02 1.72e+00
[0007][0007] 3.748662e+04 2.892e+03 6.94e+04 2.43e+03 1.85e+00
[0008][0008] 3.507217e+04 2.414e+03 6.62e+04 7.29e+03 2.02e+00
[0009][0009] 3.423703e+04 8.351e+02 2.87e+04 2.19e+04 2.18e+00
[0010][0010] 3.353055e+04 7.065e+02 8.52e+04 6.56e+04 1.79e+00
[0011][0011] 3.303241e+04 4.981e+02 8.42e+04 1.97e+05 1.87e+00
[0012][0012] 3.260475e+04 4.277e+02 7.57e+04 5.91e+05 2.23e+00
[0013][0013] 3.208248e+04 5.223e+02 7.45e+04 1.77e+06 2.16e+00
[0014][0014] 3.207962e+04 2.861e+00 4.48e+04 5.32e+06 1.70e-01
[iter][eval] cost actual_cost_change |grad| |TR| MQ
[0000][0000] 1.162609e+04 0.000e+00 8.18e+04 1.00e+01 1.00e+00
[0001][0001] 9.702986e+03 1.923e+03 8.18e+04 1.00e+01 1.24e+00
[0002][0002] 9.549764e+03 1.532e+02 2.92e+04 3.00e+01 1.09e+00
[0003][0003] 9.531704e+03 1.806e+01 7.16e+03 9.00e+01 1.27e+00
[0004][0004] 9.526299e+03 5.405e+00 1.73e+02 2.70e+02 1.68e+00
[iter][eval] cost actual_cost_change |grad| |TR| MQ
[0000][0000] 1.037523e+04 0.000e+00 7.13e+04 1.00e+01 1.00e+00
[0001][0001] 9.446674e+03 9.286e+02 7.13e+04 1.00e+01 1.18e+00
[0002][0002] 8.162293e+03 1.284e+03 6.18e+04 3.00e+01 1.29e+00
[0003][0003] 7.627816e+03 5.345e+02 1.31e+04 9.00e+01 1.40e+00
[0004][0004] 7.460549e+03 1.673e+02 5.04e+03 2.70e+02 1.27e+00
[0005][0005] 7.435793e+03 2.476e+01 3.00e+03 8.10e+02 1.29e+00
[0006][0006] 7.431923e+03 3.869e+00 1.72e+03 2.43e+03 1.45e+00
[iter][eval] cost actual_cost_change |grad| |TR| MQ
[0000][0000] 1.094653e+04 0.000e+00 5.67e+03 1.00e+01 1.00e+00
[0001][0001] 7.969007e+03 2.978e+03 5.67e+03 1.00e+01 1.42e+00
[0002][0002] 7.503451e+03 4.656e+02 1.18e+04 3.00e+01 1.45e+00
[0003][0003] 7.440564e+03 6.289e+01 8.47e+03 9.00e+01 1.36e+00
[0004][0004] 7.433196e+03 7.368e+00 3.70e+03 2.70e+02 1.35e+00
[iter][eval] cost actual_cost_change |grad| |TR| MQ
[0000][0000] 8.010574e+04 0.000e+00 6.63e+04 1.00e+01 1.00e+00
[0001][0001] 7.938081e+04 7.249e+02 6.63e+04 1.00e+01 1.36e+00
[0002][0002] 7.925285e+04 1.280e+02 2.13e+04 3.00e+01 1.42e+00
[0003][0003] 7.922955e+04 2.330e+01 6.46e+03 9.00e+01 1.44e+00
[0004][0004] 7.922501e+04 4.546e+00 1.83e+03 2.70e+02 1.46e+00
[0005][0005] 7.922405e+04 9.553e-01 9.32e+02 8.10e+02 1.47e+00
[0006][0006] 7.922384e+04 2.093e-01 6.51e+02 2.43e+03 1.47e+00
[0007][0007] 7.922380e+04 4.686e-02 4.11e+02 7.29e+03 1.48e+00
[0008][0008] 7.922379e+04 1.070e-02 2.37e+02 2.19e+04 1.48e+00
[0009][0009] 7.922378e+04 2.449e-03 1.28e+02 6.56e+04 1.48e+00
[0010][0010] 7.922378e+04 5.635e-04 6.68e+01 1.97e+05 1.48e+00
[0011][0011] 7.922378e+04 1.303e-04 3.41e+01 5.90e+05 1.48e+00
[0012][0012] 7.922378e+04 3.019e-05 1.71e+01 1.77e+06 1.48e+00
  ✅ Saved axis: NURBS_Output/Axes/Pot_A_Piece_34_Axis.xyz

--- Processing Pot_A_Piece_35 ---
[iter][eval] cost actual_cost_change |grad| |TR| MQ
[0000][0000] 1.065366e+04 0.000e+00 7.35e+04 1.00e+01 1.00e+00
[0001][0001] 8.054549e+03 2.599e+03 7.35e+04 1.00e+01 1.36e+00
[0002][0002] 7.539834e+03 5.147e+02 2.70e+04 3.00e+01 1.37e+00
[0003][0003] 7.449781e+03 9.005e+01 9.91e+03 9.00e+01 1.38e+00
[0004][0004] 7.434142e+03 1.564e+01 4.68e+03 2.70e+02 1.43e+00
[0005][0005] 7.431016e+03 3.126e+00 2.07e+03 8.10e+02 1.44e+00
[iter][eval] cost actual_cost_change |grad| |TR| MQ
[0000][0000] 1.409453e+04 0.000e+00 2.19e+05 1.00e+01 1.00e+00
[0001][0001] 9.223477e+03 4.871e+03 2.19e+05 1.00e+01 1.40e+00
[0002][0002] 7.939034e+03 1.284e+03 4.51e+04 3.00e+01 1.56e+00
[0003][0003] 7.522096e+03 4.169e+02 7.63e+03 9.00e+01 1.63e+00
[0004][0004] 7.442026e+03 8.007e+01 3.65e+02 2.70e+02 1.47e+00
[0005][0005] 7.432464e+03 9.563e+00 3.24e+02 8.10e+02 1.28e+00
[0006][0006] 7.431899e+03 5.649e-01 2.96e+02 2.43e+03 1.23e+00
[iter][eval] cost actual_cost_change |grad| |TR| MQ
[0000][0000] 1.569773e+04 0.000e+00 1.66e+05 1.00e+01 1.00e+00
[0001][0001] 1.020863e+04 5.489e+03 1.66e+05 1.00e+01 1.38e+00
[0002][0002] 8.485854e+03 1.723e+03 6.37e+04 3.00e+01 1.46e+00
[0003][0003] 7.721242e+03 7.646e+02 1.69e+04 9.00e+01 1.68e+00
[0004][0004] 7.483470e+03 2.378e+02 2.93e+03 2.70e+02 1.61e+00
[0005][0005] 7.437684e+03 4.579e+01 1.33e+03 8.10e+02 1.42e+00
[0006][0006] 7.432407e+03 5.277e+00 1.07e+03 2.43e+03 1.29e+00
[iter][eval] cost actual_cost_change |grad| |TR| MQ
[0000][0000] 1.593588e+04 0.000e+00 1.90e+05 1.00e+01 1.00e+00
[0001][0001] 9.264259e+03 6.672e+03 1.90e+05 1.00e+01 1.48e+00
[0002][0002] 7.764272e+03 1.500e+03 3.86e+04 3.00e+01 1.54e+00
[0003][0003] 7.474371e+03 2.899e+02 1.44e+03 9.00e+01 1.49e+00
[0004][0004] 7.435148e+03 3.922e+01 3.35e+03 2.70e+02 1.34e+00
[0005][0005] 7.432073e+03 3.075e+00 1.53e+03 8.10e+02 1.22e+00
[iter][eval] cost actual_cost_change |grad| |TR| MQ
[0000][0000] 1.346920e+04 0.000e+00 1.14e+05 1.00e+01 1.00e+00
[0001][0001] 8.774142e+03 4.695e+03 1.14e+05 1.00e+01 1.35e+00
[0002][0002] 7.668611e+03 1.106e+03 6.09e+04 3.00e+01 1.37e+00
[0003][0003] 7.482815e+03 1.858e+02 2.54e+04 9.00e+01 1.43e+00
[0004][0004] 7.442893e+03 3.992e+01 1.16e+04 2.70e+02 1.45e+00
[0005][0005] 7.434163e+03 8.730e+00 5.01e+03 8.10e+02 1.46e+00
[0006][0006] 7.432299e+03 1.863e+00 2.18e+03 2.43e+03 1.44e+00
[iter][eval] cost actual_cost_change |grad| |TR| MQ
[0000][0000] 1.838708e+04 0.000e+00 2.64e+05 1.00e+01 1.00e+00
[0001][0001] 1.203672e+04 6.350e+03 2.64e+05 1.00e+01 1.31e+00
[0002][0002] 9.724459e+03 2.312e+03 1.38e+05 3.00e+01 1.34e+00
[0003][0003] 8.418690e+03 1.306e+03 5.21e+04 9.00e+01 1.49e+00
[0004][0004] 7.717068e+03 7.016e+02 1.40e+04 2.70e+02 1.71e+00
[0005][0005] 7.485752e+03 2.313e+02 2.73e+03 8.10e+02 1.62e+00
[0006][0006] 7.438608e+03 4.714e+01 1.72e+03 2.43e+03 1.44e+00
[0007][0007] 7.432622e+03 5.987e+00 1.31e+03 7.29e+03 1.32e+00
[iter][eval] cost actual_cost_change |grad| |TR| MQ
[0000][0000] 1.332323e+04 0.000e+00 1.44e+05 1.00e+01 1.00e+00
[0001][0001] 9.979268e+03 3.344e+03 1.44e+05 1.00e+01 1.39e+00
[0002][0002] 8.602436e+03 1.377e+03 5.47e+04 3.00e+01 1.47e+00
[0003][0003] 7.816369e+03 7.861e+02 1.73e+04 9.00e+01 1.70e+00
[0004][0004] 7.510124e+03 3.062e+02 4.01e+03 2.70e+02 1.66e+00
[0005][0005] 7.442620e+03 6.750e+01 1.78e+03 8.10e+02 1.48e+00
[0006][0006] 7.433055e+03 9.565e+00 1.43e+03 2.43e+03 1.34e+00
[0007][0007] 7.432045e+03 1.010e+00 8.42e+02 7.29e+03 1.38e+00
[iter][eval] cost actual_cost_change |grad| |TR| MQ
[0000][0000] 1.085910e+04 0.000e+00 7.28e+04 1.00e+01 1.00e+00
[0001][0001] 8.872699e+03 1.986e+03 7.28e+04 1.00e+01 1.38e+00
[0002][0002] 7.903992e+03 9.687e+02 2.52e+04 3.00e+01 1.55e+00
[0003][0003] 7.524995e+03 3.790e+02 5.86e+03 9.00e+01 1.65e+00
[0004][0004] 7.443818e+03 8.118e+01 1.07e+03 2.70e+02 1.49e+00
[0005][0005] 7.432897e+03 1.092e+01 1.06e+03 8.10e+02 1.32e+00
[0006][0006] 7.431982e+03 9.153e-01 6.92e+02 2.43e+03 1.30e+00
[iter][eval] cost actual_cost_change |grad| |TR| MQ
[0000][0000] 1.281983e+04 0.000e+00 1.40e+05 1.00e+01 1.00e+00
[0001][0001] 1.056271e+04 2.257e+03 1.40e+05 1.00e+01 1.26e+00
[0002][0002] 9.211597e+03 1.351e+03 5.83e+04 3.00e+01 1.34e+00
[0003][0003] 8.233408e+03 9.782e+02 2.36e+04 9.00e+01 1.59e+00
[0004][0004] 7.656794e+03 5.766e+02 8.65e+03 2.70e+02 1.74e+00
[0005][0005] 7.473942e+03 1.829e+02 2.41e+03 8.10e+02 1.60e+00
[0006][0006] 7.437402e+03 3.654e+01 1.96e+03 2.43e+03 1.43e+00
[0007][0007] 7.432630e+03 4.772e+00 1.35e+03 7.29e+03 1.35e+00
[iter][eval] cost actual_cost_change |grad| |TR| MQ
[0000][0000] 1.693912e+04 0.000e+00 2.81e+05 1.00e+01 1.00e+00
[0001][0001] 1.293448e+04 4.005e+03 2.81e+05 1.00e+01 1.36e+00
[0002][0002] 1.119877e+04 1.736e+03 1.07e+05 3.00e+01 1.47e+00
[0003][0003] 9.764157e+03 1.435e+03 5.12e+04 9.00e+01 1.43e+00
[0004][0004] 8.673608e+03 1.091e+03 2.90e+04 2.70e+02 1.60e+00
[0005][0005] 7.900168e+03 7.734e+02 1.58e+04 8.10e+02 1.77e+00
[0006][0006] 7.542175e+03 3.580e+02 4.93e+03 2.43e+03 1.70e+00
[0007][0007] 7.450040e+03 9.213e+01 2.63e+03 7.29e+03 1.53e+00
[0008][0008] 7.434326e+03 1.571e+01 1.84e+03 2.19e+04 1.39e+00
[0009][0009] 7.432291e+03 2.035e+00 1.10e+03 6.56e+04 1.40e+00
[iter][eval] cost actual_cost_change |grad| |TR| MQ
[0000][0000] 8.016035e+04 0.000e+00 9.40e+04 1.00e+01 1.00e+00
[0001][0001] 7.939056e+04 7.698e+02 9.40e+04 1.00e+01 1.40e+00
[0002][0002] 7.924836e+04 1.422e+02 3.07e+04 3.00e+01 1.33e+00
[0003][0003] 7.922816e+04 2.020e+01 8.74e+03 9.00e+01 1.40e+00
[0004][0004] 7.922465e+04 3.515e+00 2.21e+03 2.70e+02 1.43e+00
[0005][0005] 7.922396e+04 6.838e-01 4.84e+02 8.10e+02 1.45e+00
[0006][0006] 7.922382e+04 1.409e-01 3.02e+02 2.43e+03 1.46e+00
[0007][0007] 7.922379e+04 3.017e-02 2.37e+02 7.29e+03 1.47e+00
[0008][0008] 7.922379e+04 6.637e-03 1.51e+02 2.19e+04 1.47e+00
[0009][0009] 7.922378e+04 1.481e-03 8.65e+01 6.56e+04 1.47e+00
[0010][0010] 7.922378e+04 3.349e-04 4.67e+01 1.97e+05 1.48e+00
[0011][0011] 7.922378e+04 7.645e-05 2.44e+01 5.90e+05 1.48e+00
  ✅ Saved axis: NURBS_Output/Axes/Pot_A_Piece_35_Axis.xyz

--- Processing Pot_A_Piece_36 ---
[iter][eval] cost actual_cost_change |grad| |TR| MQ
[0000][0000] 1.237771e+04 0.000e+00 6.32e+04 1.00e+01 1.00e+00
[0001][0001] 8.461097e+03 3.917e+03 6.32e+04 1.00e+01 1.49e+00
[0002][0002] 7.597469e+03 8.636e+02 1.22e+04 3.00e+01 1.57e+00
[0003][0003] 7.449934e+03 1.475e+02 1.64e+03 9.00e+01 1.46e+00
[0004][0004] 7.432727e+03 1.721e+01 1.29e+03 2.70e+02 1.27e+00
[0005][0005] 7.431866e+03 8.611e-01 4.71e+02 8.10e+02 1.13e+00
[iter][eval] cost actual_cost_change |grad| |TR| MQ
[0000][0000] 1.231067e+04 0.000e+00 5.96e+04 1.00e+01 1.00e+00
[0001][0001] 8.258172e+03 4.052e+03 5.96e+04 1.00e+01 1.45e+00
[0002][0002] 7.558540e+03 6.996e+02 4.38e+03 3.00e+01 1.54e+00
[0003][0003] 7.445870e+03 1.127e+02 3.60e+03 9.00e+01 1.42e+00
[0004][0004] 7.433007e+03 1.286e+01 2.00e+03 2.70e+02 1.28e+00
[0005][0005] 7.432016e+03 9.905e-01 7.33e+02 8.10e+02 1.33e+00
[iter][eval] cost actual_cost_change |grad| |TR| MQ
[0000][0000] 1.179182e+04 0.000e+00 1.13e+05 1.00e+01 1.00e+00
[0001][0001] 9.925585e+03 1.866e+03 1.13e+05 1.00e+01 1.44e+00
[0002][0002] 9.622057e+03 3.035e+02 5.53e+04 3.00e+01 1.52e+00
[0003][0003] 9.539617e+03 8.244e+01 2.94e+04 9.00e+01 1.33e+00
[0004][0004] 9.528698e+03 1.092e+01 9.76e+03 2.70e+02 1.51e+00
[0005][0005] 9.524734e+03 3.964e+00 3.80e+03 8.10e+02 1.70e+00
[iter][eval] cost actual_cost_change |grad| |TR| MQ
[0000][0000] 1.190606e+04 0.000e+00 1.83e+05 1.00e+01 1.00e+00
[0001][0001] 9.937113e+03 1.969e+03 1.83e+05 1.00e+01 1.36e+00
[0002][0002] 9.615450e+03 3.217e+02 7.11e+04 3.00e+01 1.43e+00
[0003][0003] 9.534928e+03 8.052e+01 3.17e+04 9.00e+01 1.50e+00
[0004][0004] 9.521690e+03 1.324e+01 1.41e+04 2.70e+02 1.11e+00
[0005][0005] 9.521046e+03 6.432e-01 3.08e+03 8.10e+02 1.12e+00
[iter][eval] cost actual_cost_change |grad| |TR| MQ
[0000][0000] 9.098969e+03 0.000e+00 3.67e+04 1.00e+01 1.00e+00
[0001][0001] 7.761588e+03 1.337e+03 3.67e+04 1.00e+01 1.41e+00
[0002][0002] 7.487024e+03 2.746e+02 1.45e+04 3.00e+01 1.40e+00
[0003][0003] 7.440245e+03 4.678e+01 5.15e+03 9.00e+01 1.35e+00
[0004][0004] 7.433513e+03 6.732e+00 1.50e+03 2.70e+02 1.44e+00
[iter][eval] cost actual_cost_change |grad| |TR| MQ
[0000][0000] 1.039249e+04 0.000e+00 1.21e+05 1.00e+01 1.00e+00
[0001][0001] 9.666761e+03 7.257e+02 1.21e+05 1.00e+01 1.17e+00
[0002][0002] 9.557688e+03 1.091e+02 4.66e+04 3.00e+01 1.24e+00
[0003][0003] 9.537572e+03 2.012e+01 1.68e+04 9.00e+01 1.58e+00
[0004][0004] 9.529174e+03 8.399e+00 7.21e+03 2.70e+02 1.70e+00
[iter][eval] cost actual_cost_change |grad| |TR| MQ
[0000][0000] 1.919505e+04 0.000e+00 1.41e+05 1.00e+01 1.00e+00
[0001][0001] 9.927794e+03 9.267e+03 1.41e+05 1.00e+01 1.48e+00
[0002][0002] 7.789918e+03 2.138e+03 3.11e+04 3.00e+01 1.51e+00
[0003][0003] 7.475346e+03 3.146e+02 3.61e+03 9.00e+01 1.48e+00
[0004][0004] 7.435391e+03 3.995e+01 3.92e+03 2.70e+02 1.32e+00
[0005][0005] 7.432167e+03 3.224e+00 1.98e+03 8.10e+02 1.24e+00
[iter][eval] cost actual_cost_change |grad| |TR| MQ
[0000][0000] 1.540427e+04 0.000e+00 7.79e+04 1.00e+01 1.00e+00
[0001][0001] 8.770648e+03 6.634e+03 7.79e+04 1.00e+01 1.53e+00
[0002][0002] 7.596293e+03 1.174e+03 1.08e+04 3.00e+01 1.48e+00
[0003][0003] 7.450693e+03 1.456e+02 5.17e+03 9.00e+01 1.40e+00
[0004][0004] 7.434010e+03 1.668e+01 3.16e+03 2.70e+02 1.30e+00
[0005][0005] 7.432221e+03 1.789e+00 1.49e+03 8.10e+02 1.38e+00
[iter][eval] cost actual_cost_change |grad| |TR| MQ
[0000][0000] 1.555355e+04 0.000e+00 3.28e+04 1.00e+01 1.00e+00
[0001][0001] 8.773414e+03 6.780e+03 3.28e+04 1.00e+01 1.52e+00
[0002][0002] 7.609076e+03 1.164e+03 6.14e+03 3.00e+01 1.44e+00
[0003][0003] 7.453599e+03 1.555e+02 5.59e+03 9.00e+01 1.39e+00
[0004][0004] 7.434684e+03 1.892e+01 3.12e+03 2.70e+02 1.32e+00
[0005][0005] 7.432349e+03 2.335e+00 1.45e+03 8.10e+02 1.40e+00
[iter][eval] cost actual_cost_change |grad| |TR| MQ
[0000][0000] 1.932209e+04 0.000e+00 4.31e+05 1.00e+01 1.00e+00
[0001][0001] 1.155285e+04 7.769e+03 4.31e+05 1.00e+01 1.33e+00
[0002][0002] 9.942128e+03 1.611e+03 1.27e+05 3.00e+01 1.46e+00
[0003][0003] 9.655733e+03 2.864e+02 6.33e+04 9.00e+01 1.51e+00
[0004][0004] 9.579190e+03 7.654e+01 3.01e+04 2.70e+02 1.33e+00
[0005][0005] 9.549150e+03 3.004e+01 1.53e+04 8.10e+02 1.67e+00
[0006][0006] 9.534321e+03 1.483e+01 1.05e+04 2.43e+03 1.27e+00
[0007][0007] 9.529385e+03 4.935e+00 3.12e+03 7.29e+03 1.63e+00
[iter][eval] cost actual_cost_change |grad| |TR| MQ
[0000][0000] 8.008134e+04 0.000e+00 7.24e+04 1.00e+01 1.00e+00
[0001][0001] 7.937185e+04 7.095e+02 7.24e+04 1.00e+01 1.34e+00
[0002][0002] 7.925072e+04 1.211e+02 2.30e+04 3.00e+01 1.41e+00
[0003][0003] 7.922906e+04 2.166e+01 7.02e+03 9.00e+01 1.43e+00
[0004][0004] 7.922489e+04 4.166e+00 1.91e+03 2.70e+02 1.45e+00
[0005][0005] 7.922403e+04 8.647e-01 8.13e+02 8.10e+02 1.46e+00
[0006][0006] 7.922384e+04 1.876e-01 5.68e+02 2.43e+03 1.47e+00
[0007][0007] 7.922380e+04 4.175e-02 3.68e+02 7.29e+03 1.48e+00
[0008][0008] 7.922379e+04 9.491e-03 2.16e+02 2.19e+04 1.48e+00
[0009][0009] 7.922378e+04 2.166e-03 1.18e+02 6.56e+04 1.48e+00
[0010][0010] 7.922378e+04 4.976e-04 6.17e+01 1.97e+05 1.48e+00
[0011][0011] 7.922378e+04 1.149e-04 3.17e+01 5.90e+05 1.48e+00
[0012][0012] 7.922378e+04 2.663e-05 1.60e+01 1.77e+06 1.48e+00
  ✅ Saved axis: NURBS_Output/Axes/Pot_A_Piece_36_Axis.xyz

--- Processing Pot_A_Piece_37 ---
[iter][eval] cost actual_cost_change |grad| |TR| MQ
[0000][0000] 9.480903e+03 0.000e+00 1.72e+04 1.00e+01 1.00e+00
[0001][0001] 7.765474e+03 1.715e+03 1.72e+04 1.00e+01 1.44e+00
[0002][0002] 7.476643e+03 2.888e+02 8.24e+03 3.00e+01 1.41e+00
[0003][0003] 7.437759e+03 3.888e+01 3.63e+03 9.00e+01 1.33e+00
[0004][0004] 7.432886e+03 4.873e+00 1.52e+03 2.70e+02 1.39e+00
[iter][eval] cost actual_cost_change |grad| |TR| MQ
[0000][0000] 1.535982e+04 0.000e+00 4.74e+04 1.00e+01 1.00e+00
[0001][0001] 8.873027e+03 6.487e+03 4.74e+04 1.00e+01 1.47e+00
[0002][0002] 7.684716e+03 1.188e+03 6.26e+03 3.00e+01 1.54e+00
[0003][0003] 7.464790e+03 2.199e+02 1.92e+03 9.00e+01 1.47e+00
[0004][0004] 7.434694e+03 3.010e+01 1.69e+03 2.70e+02 1.33e+00
[0005][0005] 7.432172e+03 2.523e+00 6.65e+02 8.10e+02 1.26e+00
[iter][eval] cost actual_cost_change |grad| |TR| MQ
[0000][0000] 9.692730e+03 0.000e+00 8.49e+03 1.00e+01 1.00e+00
[0001][0001] 7.733497e+03 1.959e+03 8.49e+03 1.00e+01 1.44e+00
[0002][0002] 7.472589e+03 2.609e+02 8.01e+03 3.00e+01 1.42e+00
[0003][0003] 7.437401e+03 3.519e+01 4.75e+03 9.00e+01 1.34e+00
[0004][0004] 7.432850e+03 4.551e+00 2.24e+03 2.70e+02 1.40e+00
[iter][eval] cost actual_cost_change |grad| |TR| MQ
[0000][0000] 1.355556e+04 0.000e+00 8.14e+04 1.00e+01 1.00e+00
[0001][0001] 8.628953e+03 4.927e+03 8.14e+04 1.00e+01 1.38e+00
[0002][0002] 7.612663e+03 1.016e+03 4.39e+04 3.00e+01 1.37e+00
[0003][0003] 7.465494e+03 1.472e+02 1.78e+04 9.00e+01 1.40e+00
[0004][0004] 7.438659e+03 2.684e+01 8.17e+03 2.70e+02 1.43e+00
[0005][0005] 7.433210e+03 5.449e+00 3.49e+03 8.10e+02 1.45e+00
[iter][eval] cost actual_cost_change |grad| |TR| MQ
[0000][0000] 1.065225e+04 0.000e+00 6.37e+04 1.00e+01 1.00e+00
[0001][0001] 8.508537e+03 2.144e+03 6.37e+04 1.00e+01 1.47e+00
[0002][0002] 7.733233e+03 7.753e+02 1.68e+04 3.00e+01 1.67e+00
[0003][0003] 7.485575e+03 2.477e+02 3.03e+03 9.00e+01 1.61e+00
[0004][0004] 7.437983e+03 4.759e+01 1.38e+03 2.70e+02 1.43e+00
[0005][0005] 7.432436e+03 5.547e+00 1.07e+03 8.10e+02 1.29e+00
[iter][eval] cost actual_cost_change |grad| |TR| MQ
[0000][0000] 1.196951e+04 0.000e+00 5.45e+04 1.00e+01 1.00e+00
[0001][0001] 8.334388e+03 3.635e+03 5.45e+04 1.00e+01 1.51e+00
[0002][0002] 7.569964e+03 7.644e+02 9.06e+03 3.00e+01 1.55e+00
[0003][0003] 7.446309e+03 1.237e+02 9.17e+02 9.00e+01 1.45e+00
[0004][0004] 7.432519e+03 1.379e+01 8.99e+02 2.70e+02 1.26e+00
[0005][0005] 7.431866e+03 6.525e-01 3.27e+02 8.10e+02 1.13e+00
[iter][eval] cost actual_cost_change |grad| |TR| MQ
[0000][0000] 1.083357e+04 0.000e+00 2.03e+05 1.00e+01 1.00e+00
[0001][0001] 8.528486e+03 2.305e+03 2.03e+05 1.00e+01 1.25e+00
[0002][0002] 7.736674e+03 7.918e+02 6.35e+04 3.00e+01 1.27e+00
[0003][0003] 7.488476e+03 2.482e+02 2.26e+04 9.00e+01 1.22e+00
[0004][0004] 7.442163e+03 4.631e+01 9.55e+03 2.70e+02 1.37e+00
[0005][0005] 7.433155e+03 9.008e+00 4.20e+03 8.10e+02 1.44e+00
[0006][0006] 7.431338e+03 1.818e+00 1.85e+03 2.43e+03 1.44e+00
[iter][eval] cost actual_cost_change |grad| |TR| MQ
[0000][0000] 1.067833e+04 0.000e+00 6.14e+04 1.00e+01 1.00e+00
[0001][0001] 8.368061e+03 2.310e+03 6.14e+04 1.00e+01 1.51e+00
[0002][0002] 7.655552e+03 7.125e+02 1.26e+04 3.00e+01 1.66e+00
[0003][0003] 7.468003e+03 1.875e+02 1.84e+03 9.00e+01 1.57e+00
[0004][0004] 7.435527e+03 3.248e+01 1.71e+03 2.70e+02 1.38e+00
[0005][0005] 7.432233e+03 3.294e+00 1.12e+03 8.10e+02 1.28e+00
[iter][eval] cost actual_cost_change |grad| |TR| MQ
[0000][0000] 1.405550e+04 0.000e+00 2.55e+05 1.00e+01 1.00e+00
[0001][0001] 9.244250e+03 4.811e+03 2.55e+05 1.00e+01 1.38e+00
[0002][0002] 7.900541e+03 1.344e+03 4.35e+04 3.00e+01 1.51e+00
[0003][0003] 7.507347e+03 3.932e+02 7.22e+03 9.00e+01 1.59e+00
[0004][0004] 7.439119e+03 6.823e+01 1.06e+03 2.70e+02 1.43e+00
[0005][0005] 7.432163e+03 6.957e+00 4.12e+02 8.10e+02 1.25e+00
[iter][eval] cost actual_cost_change |grad| |TR| MQ
[0000][0000] 1.088915e+04 0.000e+00 6.64e+04 1.00e+01 1.00e+00
[0001][0001] 7.972946e+03 2.916e+03 6.64e+04 1.00e+01 1.47e+00
[0002][0002] 7.507770e+03 4.652e+02 4.10e+03 3.00e+01 1.46e+00
[0003][0003] 7.441964e+03 6.581e+01 8.99e+03 9.00e+01 1.36e+00
[0004][0004] 7.433555e+03 8.409e+00 4.90e+03 2.70e+02 1.36e+00
[0005][0005] 7.432173e+03 1.382e+00 2.17e+03 8.10e+02 1.44e+00
[iter][eval] cost actual_cost_change |grad| |TR| MQ
[0000][0000] 8.003194e+04 0.000e+00 7.65e+04 1.00e+01 1.00e+00
[0001][0001] 7.936192e+04 6.700e+02 7.65e+04 1.00e+01 1.34e+00
[0002][0002] 7.924846e+04 1.135e+02 2.36e+04 3.00e+01 1.41e+00
[0003][0003] 7.922854e+04 1.993e+01 7.03e+03 9.00e+01 1.43e+00
[0004][0004] 7.922477e+04 3.768e+00 1.78e+03 2.70e+02 1.45e+00
[0005][0005] 7.922400e+04 7.713e-01 6.49e+02 8.10e+02 1.46e+00
[0006][0006] 7.922383e+04 1.652e-01 4.79e+02 2.43e+03 1.47e+00
[0007][0007] 7.922379e+04 3.643e-02 3.24e+02 7.29e+03 1.47e+00
[0008][0008] 7.922379e+04 8.211e-03 1.93e+02 2.19e+04 1.48e+00
[0009][0009] 7.922378e+04 1.862e-03 1.06e+02 6.56e+04 1.48e+00
[0010][0010] 7.922378e+04 4.262e-04 5.62e+01 1.97e+05 1.48e+00
[0011][0011] 7.922378e+04 9.816e-05 2.89e+01 5.90e+05 1.48e+00
[0012][0012] 7.922378e+04 2.269e-05 1.46e+01 1.77e+06 1.48e+00
  ✅ Saved axis: NURBS_Output/Axes/Pot_A_Piece_37_Axis.xyz

--- Processing Pot_A_Piece_38 ---
[iter][eval] cost actual_cost_change |grad| |TR| MQ
[0000][0000] 1.067631e+04 0.000e+00 1.15e+05 1.00e+01 1.00e+00
[0001][0001] 8.141071e+03 2.535e+03 1.15e+05 1.00e+01 1.34e+00
[0002][0002] 7.575308e+03 5.658e+02 3.46e+04 3.00e+01 1.37e+00
[0003][0003] 7.458264e+03 1.170e+02 1.12e+04 9.00e+01 1.41e+00
[0004][0004] 7.436233e+03 2.203e+01 4.95e+03 2.70e+02 1.41e+00
[0005][0005] 7.431971e+03 4.261e+00 2.24e+03 8.10e+02 1.44e+00
[iter][eval] cost actual_cost_change |grad| |TR| MQ
[0000][0000] 1.135433e+04 0.000e+00 7.13e+04 1.00e+01 1.00e+00
[0001][0001] 8.568056e+03 2.786e+03 7.13e+04 1.00e+01 1.46e+00
[0002][0002] 7.692452e+03 8.756e+02 1.96e+04 3.00e+01 1.61e+00
[0003][0003] 7.471091e+03 2.214e+02 2.45e+03 9.00e+01 1.57e+00
[0004][0004] 7.435138e+03 3.595e+01 3.46e+02 2.70e+02 1.37e+00
[0005][0005] 7.432017e+03 3.122e+00 4.41e+02 8.10e+02 1.22e+00
[iter][eval] cost actual_cost_change |grad| |TR| MQ
[0000][0000] 1.015439e+04 0.000e+00 4.88e+04 1.00e+01 1.00e+00
[0001][0001] 8.226462e+03 1.928e+03 4.88e+04 1.00e+01 1.51e+00
[0002][0002] 7.602417e+03 6.240e+02 1.26e+04 3.00e+01 1.66e+00
[0003][0003] 7.455974e+03 1.464e+02 1.21e+03 9.00e+01 1.54e+00
[0004][0004] 7.433818e+03 2.216e+01 7.50e+02 2.70e+02 1.34e+00
[0005][0005] 7.432024e+03 1.794e+00 5.84e+02 8.10e+02 1.24e+00
[iter][eval] cost actual_cost_change |grad| |TR| MQ
[0000][0000] 1.120272e+04 0.000e+00 4.61e+04 1.00e+01 1.00e+00
[0001][0001] 8.107220e+03 3.096e+03 4.61e+04 1.00e+01 1.51e+00
[0002][0002] 7.527515e+03 5.797e+02 5.72e+03 3.00e+01 1.53e+00
[0003][0003] 7.440546e+03 8.697e+01 1.34e+03 9.00e+01 1.40e+00
[0004][0004] 7.432189e+03 8.357e+00 8.55e+02 2.70e+02 1.23e+00
[0005][0005] 7.431857e+03 3.318e-01 2.81e+02 8.10e+02 1.16e+00
[iter][eval] cost actual_cost_change |grad| |TR| MQ
[0000][0000] 1.081383e+04 0.000e+00 1.09e+05 1.00e+01 1.00e+00
[0001][0001] 7.989800e+03 2.824e+03 1.09e+05 1.00e+01 1.35e+00
[0002][0002] 7.516849e+03 4.730e+02 3.86e+04 3.00e+01 1.36e+00
[0003][0003] 7.448279e+03 6.857e+01 1.48e+04 9.00e+01 1.42e+00
[0004][0004] 7.433057e+03 1.522e+01 6.02e+03 2.70e+02 1.34e+00
[0005][0005] 7.430785e+03 2.272e+00 2.61e+03 8.10e+02 1.43e+00
[iter][eval] cost actual_cost_change |grad| |TR| MQ
[0000][0000] 1.007411e+04 0.000e+00 1.04e+05 1.00e+01 1.00e+00
[0001][0001] 8.273942e+03 1.800e+03 1.04e+05 1.00e+01 1.28e+00
[0002][0002] 7.631941e+03 6.420e+02 4.05e+04 3.00e+01 1.25e+00
[0003][0003] 7.474051e+03 1.579e+02 1.71e+04 9.00e+01 1.34e+00
[0004][0004] 7.439484e+03 3.457e+01 8.04e+03 2.70e+02 1.39e+00
[0005][0005] 7.432617e+03 6.867e+00 3.65e+03 8.10e+02 1.44e+00
[iter][eval] cost actual_cost_change |grad| |TR| MQ
[0000][0000] 1.320415e+04 0.000e+00 1.74e+04 1.00e+01 1.00e+00
[0001][0001] 8.368609e+03 4.836e+03 1.74e+04 1.00e+01 1.44e+00
[0002][0002] 7.561498e+03 8.071e+02 1.81e+04 3.00e+01 1.40e+00
[0003][0003] 7.452114e+03 1.094e+02 1.32e+04 9.00e+01 1.38e+00
[0004][0004] 7.435631e+03 1.648e+01 6.89e+03 2.70e+02 1.40e+00
[0005][0005] 7.432588e+03 3.043e+00 3.06e+03 8.10e+02 1.44e+00
[iter][eval] cost actual_cost_change |grad| |TR| MQ
[0000][0000] 1.351382e+04 0.000e+00 2.74e+04 1.00e+01 1.00e+00
[0001][0001] 8.379618e+03 5.134e+03 2.74e+04 1.00e+01 1.50e+00
[0002][0002] 7.558964e+03 8.207e+02 6.85e+03 3.00e+01 1.45e+00
[0003][0003] 7.447319e+03 1.116e+02 5.91e+03 9.00e+01 1.38e+00
[0004][0004] 7.434035e+03 1.328e+01 3.16e+03 2.70e+02 1.33e+00
[0005][0005] 7.432242e+03 1.792e+00 1.45e+03 8.10e+02 1.41e+00
[iter][eval] cost actual_cost_change |grad| |TR| MQ
[0000][0000] 1.369753e+04 0.000e+00 9.54e+04 1.00e+01 1.00e+00
[0001][0001] 1.059065e+04 3.107e+03 9.54e+04 1.00e+01 1.44e+00
[0002][0002] 9.935699e+03 6.549e+02 5.34e+04 3.00e+01 1.69e+00
[0003][0003] 9.690065e+03 2.456e+02 3.04e+04 9.00e+01 1.77e+00
[0004][0004] 9.600367e+03 8.970e+01 1.47e+04 2.70e+02 1.70e+00
[0005][0005] 9.564226e+03 3.614e+01 7.83e+03 8.10e+02 1.65e+00
[0006][0006] 9.546154e+03 1.807e+01 3.77e+03 2.43e+03 1.86e+00
[0007][0007] 9.533088e+03 1.307e+01 4.32e+03 7.29e+03 1.58e+00
[0008][0008] 9.527114e+03 5.974e+00 1.51e+03 2.19e+04 1.73e+00
[iter][eval] cost actual_cost_change |grad| |TR| MQ
[0000][0000] 1.007806e+04 0.000e+00 6.22e+04 1.00e+01 1.00e+00
[0001][0001] 7.918651e+03 2.159e+03 6.22e+04 1.00e+01 1.38e+00
[0002][0002] 7.522635e+03 3.960e+02 1.43e+04 3.00e+01 1.39e+00
[0003][0003] 7.448411e+03 7.422e+01 7.20e+03 9.00e+01 1.41e+00
[0004][0004] 7.434366e+03 1.404e+01 3.92e+03 2.70e+02 1.43e+00
[0005][0005] 7.431581e+03 2.785e+00 1.97e+03 8.10e+02 1.44e+00
[iter][eval] cost actual_cost_change |grad| |TR| MQ
[0000][0000] 8.021564e+04 0.000e+00 9.92e+04 1.00e+01 1.00e+00
[0001][0001] 7.940289e+04 8.127e+02 9.92e+04 1.00e+01 1.37e+00
[0002][0002] 7.924920e+04 1.537e+02 3.15e+04 3.00e+01 1.31e+00
[0003][0003] 7.922826e+04 2.094e+01 8.76e+03 9.00e+01 1.40e+00
[0004][0004] 7.922466e+04 3.605e+00 2.17e+03 2.70e+02 1.43e+00
[0005][0005] 7.922396e+04 6.955e-01 4.24e+02 8.10e+02 1.45e+00
[0006][0006] 7.922382e+04 1.421e-01 2.73e+02 2.43e+03 1.46e+00
[0007][0007] 7.922379e+04 3.016e-02 2.26e+02 7.29e+03 1.47e+00
[0008][0008] 7.922379e+04 6.581e-03 1.47e+02 2.19e+04 1.47e+00
[0009][0009] 7.922378e+04 1.459e-03 8.42e+01 6.56e+04 1.47e+00
[0010][0010] 7.922378e+04 3.280e-04 4.56e+01 1.97e+05 1.48e+00
[0011][0011] 7.922378e+04 7.451e-05 2.38e+01 5.90e+05 1.48e+00
  ✅ Saved axis: NURBS_Output/Axes/Pot_A_Piece_38_Axis.xyz

--- Processing Pot_A_Piece_39 ---
[iter][eval] cost actual_cost_change |grad| |TR| MQ
[0000][0000] 1.262173e+04 0.000e+00 8.03e+04 1.00e+01 1.00e+00
[0001][0001] 8.420349e+03 4.201e+03 8.03e+04 1.00e+01 1.37e+00
[0002][0002] 7.582991e+03 8.374e+02 4.16e+04 3.00e+01 1.37e+00
[0003][0003] 7.460859e+03 1.221e+02 1.67e+04 9.00e+01 1.41e+00
[0004][0004] 7.437805e+03 2.305e+01 7.59e+03 2.70e+02 1.43e+00
[0005][0005] 7.433035e+03 4.770e+00 3.24e+03 8.10e+02 1.45e+00
[iter][eval] cost actual_cost_change |grad| |TR| MQ
[0000][0000] 1.378878e+04 0.000e+00 1.67e+05 1.00e+01 1.00e+00
[0001][0001] 9.790240e+03 3.999e+03 1.67e+05 1.00e+01 1.40e+00
[0002][0002] 8.463660e+03 1.327e+03 5.31e+04 3.00e+01 1.54e+00
[0003][0003] 7.743491e+03 7.202e+02 1.82e+04 9.00e+01 1.71e+00
[0004][0004] 7.490976e+03 2.525e+02 3.55e+03 2.70e+02 1.63e+00
[0005][0005] 7.439331e+03 5.164e+01 1.48e+03 8.10e+02 1.45e+00
[0006][0006] 7.432680e+03 6.651e+00 1.13e+03 2.43e+03 1.32e+00
[iter][eval] cost actual_cost_change |grad| |TR| MQ
[0000][0000] 1.292992e+04 0.000e+00 5.80e+03 1.00e+01 1.00e+00
[0001][0001] 8.429025e+03 4.501e+03 5.80e+03 1.00e+01 1.45e+00
[0002][0002] 7.599520e+03 8.295e+02 3.53e+03 3.00e+01 1.52e+00
[0003][0003] 7.453310e+03 1.462e+02 3.16e+03 9.00e+01 1.43e+00
[0004][0004] 7.434330e+03 1.898e+01 1.57e+03 2.70e+02 1.33e+00
[0005][0005] 7.432295e+03 2.034e+00 5.71e+02 8.10e+02 1.38e+00
[iter][eval] cost actual_cost_change |grad| |TR| MQ
[0000][0000] 1.274014e+04 0.000e+00 7.62e+04 1.00e+01 1.00e+00
[0001][0001] 8.518422e+03 4.222e+03 7.62e+04 1.00e+01 1.48e+00
[0002][0002] 7.595216e+03 9.232e+02 1.33e+04 3.00e+01 1.56e+00
[0003][0003] 7.448849e+03 1.464e+02 2.76e+03 9.00e+01 1.45e+00
[0004][0004] 7.432685e+03 1.616e+01 2.05e+03 2.70e+02 1.26e+00
[0005][0005] 7.431878e+03 8.064e-01 8.71e+02 8.10e+02 1.15e+00
[iter][eval] cost actual_cost_change |grad| |TR| MQ
[0000][0000] 9.549012e+03 0.000e+00 1.33e+05 1.00e+01 1.00e+00
[0001][0001] 8.356649e+03 1.192e+03 1.33e+05 1.00e+01 1.39e+00
[0002][0002] 7.710458e+03 6.462e+02 2.78e+04 3.00e+01 1.65e+00
[0003][0003] 7.486390e+03 2.241e+02 2.83e+03 9.00e+01 1.62e+00
[0004][0004] 7.439325e+03 4.706e+01 2.49e+03 2.70e+02 1.45e+00
[0005][0005] 7.432841e+03 6.484e+00 1.86e+03 8.10e+02 1.35e+00
[iter][eval] cost actual_cost_change |grad| |TR| MQ
[0000][0000] 1.590130e+04 0.000e+00 2.33e+05 1.00e+01 1.00e+00
[0001][0001] 9.937041e+03 5.964e+03 2.33e+05 1.00e+01 1.38e+00
[0002][0002] 8.247176e+03 1.690e+03 5.00e+04 3.00e+01 1.47e+00
[0003][0003] 7.602318e+03 6.449e+02 1.28e+04 9.00e+01 1.65e+00
[0004][0004] 7.455581e+03 1.467e+02 1.43e+03 2.70e+02 1.54e+00
[0005][0005] 7.433699e+03 2.188e+01 6.71e+02 8.10e+02 1.34e+00
[0006][0006] 7.431985e+03 1.714e+00 5.73e+02 2.43e+03 1.23e+00
[iter][eval] cost actual_cost_change |grad| |TR| MQ
[0000][0000] 9.220246e+03 0.000e+00 6.97e+04 1.00e+01 1.00e+00
[0001][0001] 7.778360e+03 1.442e+03 6.97e+04 1.00e+01 1.50e+00
[0002][0002] 7.487603e+03 2.908e+02 4.60e+03 3.00e+01 1.54e+00
[0003][0003] 7.437694e+03 4.991e+01 3.27e+03 9.00e+01 1.40e+00
[0004][0004] 7.432345e+03 5.349e+00 2.23e+03 2.70e+02 1.27e+00
[iter][eval] cost actual_cost_change |grad| |TR| MQ
[0000][0000] 1.480842e+04 0.000e+00 2.48e+05 1.00e+01 1.00e+00
[0001][0001] 1.035074e+04 4.458e+03 2.48e+05 1.00e+01 1.37e+00
[0002][0002] 8.385280e+03 1.965e+03 9.32e+04 3.00e+01 1.36e+00
[0003][0003] 7.700363e+03 6.849e+02 4.24e+04 9.00e+01 1.38e+00
[0004][0004] 7.492902e+03 2.075e+02 1.47e+04 2.70e+02 1.43e+00
[0005][0005] 7.441376e+03 5.153e+01 5.11e+03 8.10e+02 1.40e+00
[0006][0006] 7.433015e+03 8.361e+00 1.60e+03 2.43e+03 1.42e+00
[0007][0007] 7.431349e+03 1.666e+00 6.61e+02 7.29e+03 1.46e+00
[iter][eval] cost actual_cost_change |grad| |TR| MQ
[0000][0000] 9.888385e+03 0.000e+00 5.41e+04 1.00e+01 1.00e+00
[0001][0001] 8.216095e+03 1.672e+03 5.41e+04 1.00e+01 1.43e+00
[0002][0002] 7.567878e+03 6.482e+02 1.38e+04 3.00e+01 1.57e+00
[0003][0003] 7.448223e+03 1.197e+02 1.36e+03 9.00e+01 1.50e+00
[0004][0004] 7.432873e+03 1.535e+01 3.99e+02 2.70e+02 1.30e+00
[0005][0005] 7.431904e+03 9.689e-01 3.89e+02 8.10e+02 1.19e+00
[iter][eval] cost actual_cost_change |grad| |TR| MQ
[0000][0000] 1.657433e+04 0.000e+00 1.12e+05 1.00e+01 1.00e+00
[0001][0001] 9.433629e+03 7.141e+03 1.12e+05 1.00e+01 1.45e+00
[0002][0002] 7.815047e+03 1.619e+03 3.45e+04 3.00e+01 1.43e+00
[0003][0003] 7.493931e+03 3.211e+02 1.23e+04 9.00e+01 1.42e+00
[0004][0004] 7.441119e+03 5.281e+01 4.69e+03 2.70e+02 1.35e+00
[0005][0005] 7.433693e+03 7.426e+00 1.63e+03 8.10e+02 1.44e+00
[iter][eval] cost actual_cost_change |grad| |TR| MQ
[0000][0000] 8.001887e+04 0.000e+00 8.53e+04 1.00e+01 1.00e+00
[0001][0001] 7.935433e+04 6.645e+02 8.53e+04 1.00e+01 1.33e+00
[0002][0002] 7.924644e+04 1.079e+02 2.71e+04 3.00e+01 1.40e+00
[0003][0003] 7.922803e+04 1.841e+01 8.58e+03 9.00e+01 1.42e+00
[0004][0004] 7.922464e+04 3.385e+00 2.34e+03 2.70e+02 1.44e+00
[0005][0005] 7.922397e+04 6.757e-01 6.46e+02 8.10e+02 1.46e+00
[0006][0006] 7.922382e+04 1.419e-01 3.74e+02 2.43e+03 1.46e+00
[0007][0007] 7.922379e+04 3.092e-02 2.64e+02 7.29e+03 1.47e+00
[0008][0008] 7.922379e+04 6.916e-03 1.64e+02 2.19e+04 1.47e+00
[0009][0009] 7.922378e+04 1.563e-03 9.23e+01 6.56e+04 1.48e+00
[0010][0010] 7.922378e+04 3.570e-04 4.95e+01 1.97e+05 1.48e+00
[0011][0011] 7.922378e+04 8.218e-05 2.58e+01 5.90e+05 1.48e+00
[0012][0012] 7.922378e+04 1.899e-05 1.31e+01 1.77e+06 1.48e+00
  ✅ Saved axis: NURBS_Output/Axes/Pot_A_Piece_39_Axis.xyz

--- Processing Pot_A_Piece_40 ---
[iter][eval] cost actual_cost_change |grad| |TR| MQ
[0000][0000] 1.332287e+04 0.000e+00 6.47e+04 1.00e+01 1.00e+00
[0001][0001] 8.553590e+03 4.769e+03 6.47e+04 1.00e+01 1.47e+00
[0002][0002] 7.637856e+03 9.157e+02 1.05e+04 3.00e+01 1.57e+00
[0003][0003] 7.458569e+03 1.793e+02 8.90e+02 9.00e+01 1.49e+00
[0004][0004] 7.433946e+03 2.462e+01 1.17e+03 2.70e+02 1.32e+00
[0005][0005] 7.432062e+03 1.883e+00 4.42e+02 8.10e+02 1.24e+00
[iter][eval] cost actual_cost_change |grad| |TR| MQ
[0000][0000] 1.086044e+04 0.000e+00 2.33e+04 1.00e+01 1.00e+00
[0001][0001] 8.040334e+03 2.820e+03 2.33e+04 1.00e+01 1.50e+00
[0002][0002] 7.518340e+03 5.220e+02 1.57e+03 3.00e+01 1.51e+00
[0003][0003] 7.440570e+03 7.777e+01 3.42e+03 9.00e+01 1.39e+00
[0004][0004] 7.432616e+03 7.954e+00 1.69e+03 2.70e+02 1.26e+00
[0005][0005] 7.431964e+03 6.520e-01 6.38e+02 8.10e+02 1.37e+00
[iter][eval] cost actual_cost_change |grad| |TR| MQ
[0000][0000] 9.627062e+03 0.000e+00 9.32e+04 1.00e+01 1.00e+00
[0001][0001] 7.873572e+03 1.753e+03 9.32e+04 1.00e+01 1.34e+00
[0002][0002] 7.515036e+03 3.585e+02 2.97e+04 3.00e+01 1.38e+00
[0003][0003] 7.447324e+03 6.771e+01 1.07e+04 9.00e+01 1.40e+00
[0004][0004] 7.434217e+03 1.311e+01 4.83e+03 2.70e+02 1.44e+00
[0005][0005] 7.431555e+03 2.662e+00 2.06e+03 8.10e+02 1.44e+00
[iter][eval] cost actual_cost_change |grad| |TR| MQ
[0000][0000] 1.118643e+04 0.000e+00 1.07e+05 1.00e+01 1.00e+00
[0001][0001] 9.818923e+03 1.368e+03 1.07e+05 1.00e+01 1.46e+00
[0002][0002] 9.593227e+03 2.257e+02 4.69e+04 3.00e+01 1.51e+00
[0003][0003] 9.528941e+03 6.429e+01 2.49e+04 9.00e+01 1.53e+00
[0004][0004] 9.521639e+03 7.302e+00 1.01e+04 2.70e+02 1.16e+00
[iter][eval] cost actual_cost_change |grad| |TR| MQ
[0000][0000] 8.747276e+03 0.000e+00 7.15e+04 1.00e+01 1.00e+00
[0001][0001] 7.729170e+03 1.018e+03 7.15e+04 1.00e+01 1.49e+00
[0002][0002] 7.481250e+03 2.479e+02 6.52e+03 3.00e+01 1.57e+00
[0003][0003] 7.437408e+03 4.384e+01 2.59e+03 9.00e+01 1.40e+00
[0004][0004] 7.432417e+03 4.991e+00 1.97e+03 2.70e+02 1.30e+00
[iter][eval] cost actual_cost_change |grad| |TR| MQ
[0000][0000] 1.175607e+04 0.000e+00 1.83e+05 1.00e+01 1.00e+00
[0001][0001] 1.016787e+04 1.588e+03 1.83e+05 1.00e+01 1.20e+00
[0002][0002] 9.647547e+03 5.203e+02 6.14e+04 3.00e+01 1.17e+00
[0003][0003] 9.567973e+03 7.957e+01 2.61e+04 9.00e+01 1.30e+00
[0004][0004] 9.541755e+03 2.622e+01 1.31e+04 2.70e+02 1.87e+00
[0005][0005] 9.529081e+03 1.267e+01 8.18e+03 8.10e+02 1.42e+00
[0006][0006] 9.525819e+03 3.262e+00 3.58e+03 2.43e+03 1.56e+00
[iter][eval] cost actual_cost_change |grad| |TR| MQ
[0000][0000] 1.078772e+04 0.000e+00 1.86e+05 1.00e+01 1.00e+00
[0001][0001] 9.695357e+03 1.092e+03 1.86e+05 1.00e+01 1.23e+00
[0002][0002] 9.568122e+03 1.272e+02 5.98e+04 3.00e+01 1.33e+00
[0003][0003] 9.536094e+03 3.203e+01 2.31e+04 9.00e+01 1.85e+00
[0004][0004] 9.526013e+03 1.008e+01 1.05e+04 2.70e+02 1.36e+00
[0005][0005] 9.523970e+03 2.044e+00 2.85e+03 8.10e+02 1.48e+00
[iter][eval] cost actual_cost_change |grad| |TR| MQ
[0000][0000] 1.512427e+04 0.000e+00 1.24e+05 1.00e+01 1.00e+00
[0001][0001] 9.121314e+03 6.003e+03 1.24e+05 1.00e+01 1.40e+00
[0002][0002] 7.751743e+03 1.370e+03 4.48e+04 3.00e+01 1.36e+00
[0003][0003] 7.489974e+03 2.618e+02 1.60e+04 9.00e+01 1.40e+00
[0004][0004] 7.440987e+03 4.899e+01 6.82e+03 2.70e+02 1.38e+00
[0005][0005] 7.432381e+03 8.606e+00 3.18e+03 8.10e+02 1.43e+00
[0006][0006] 7.430659e+03 1.722e+00 1.46e+03 2.43e+03 1.44e+00
[iter][eval] cost actual_cost_change |grad| |TR| MQ
[0000][0000] 1.319508e+04 0.000e+00 1.88e+05 1.00e+01 1.00e+00
[0001][0001] 9.978731e+03 3.216e+03 1.88e+05 1.00e+01 1.26e+00
[0002][0002] 9.671744e+03 3.070e+02 5.35e+04 3.00e+01 1.51e+00
[0003][0003] 9.573244e+03 9.850e+01 2.98e+04 9.00e+01 1.22e+00
[0004][0004] 9.545156e+03 2.809e+01 1.37e+04 2.70e+02 1.75e+00
[0005][0005] 9.531340e+03 1.382e+01 9.65e+03 8.10e+02 1.18e+00
[0006][0006] 9.527446e+03 3.894e+00 1.74e+03 2.43e+03 1.55e+00
[iter][eval] cost actual_cost_change |grad| |TR| MQ
[0000][0000] 1.766976e+04 0.000e+00 1.79e+05 1.00e+01 1.00e+00
[0001][0001] 1.058436e+04 7.085e+03 1.79e+05 1.00e+01 1.36e+00
[0002][0002] 8.397995e+03 2.186e+03 9.42e+04 3.00e+01 1.44e+00
[0003][0003] 7.592674e+03 8.053e+02 2.31e+04 9.00e+01 1.57e+00
[0004][0004] 7.451660e+03 1.410e+02 1.68e+03 2.70e+02 1.51e+00
[0005][0005] 7.433093e+03 1.857e+01 6.87e+02 8.10e+02 1.31e+00
[0006][0006] 7.431899e+03 1.193e+00 5.39e+02 2.43e+03 1.18e+00
[iter][eval] cost actual_cost_change |grad| |TR| MQ
[0000][0000] 8.010215e+04 0.000e+00 7.07e+04 1.00e+01 1.00e+00
[0001][0001] 7.937794e+04 7.242e+02 7.07e+04 1.00e+01 1.35e+00
[0002][0002] 7.925201e+04 1.259e+02 2.22e+04 3.00e+01 1.42e+00
[0003][0003] 7.922933e+04 2.267e+01 6.67e+03 9.00e+01 1.43e+00
[0004][0004] 7.922495e+04 4.380e+00 1.80e+03 2.70e+02 1.45e+00
[0005][0005] 7.922404e+04 9.134e-01 8.45e+02 8.10e+02 1.47e+00
[0006][0006] 7.922384e+04 1.988e-01 6.03e+02 2.43e+03 1.47e+00
[0007][0007] 7.922380e+04 4.433e-02 3.88e+02 7.29e+03 1.48e+00
[0008][0008] 7.922379e+04 1.009e-02 2.26e+02 2.19e+04 1.48e+00
[0009][0009] 7.922378e+04 2.303e-03 1.23e+02 6.56e+04 1.48e+00
[0010][0010] 7.922378e+04 5.292e-04 6.41e+01 1.97e+05 1.48e+00
[0011][0011] 7.922378e+04 1.222e-04 3.28e+01 5.90e+05 1.48e+00
[0012][0012] 7.922378e+04 2.831e-05 1.65e+01 1.77e+06 1.48e+00
  ✅ Saved axis: NURBS_Output/Axes/Pot_A_Piece_40_Axis.xyz

=== Axis Extraction Complete: 40/40 pieces ===
Axis extraction finished at: Mon 20 Oct 2025 21:23:32 AEDT
-rw-rw-r-- 1 zhuojiat punim2657  60 Sep  3 00:44 original_nurbs_preprocessing/AxisExtraction/Pot_A_Piece_01_NURBS_Axis.xyz
-rw-rw-r-- 1 zhuojiat punim2657  60 Sep  3 00:45 original_nurbs_preprocessing/AxisExtraction/Pot_A_Piece_02_NURBS_Axis.xyz
-rw-rw-r-- 1 zhuojiat punim2657 120 Sep  3 00:45 original_nurbs_preprocessing/AxisExtraction/Pot_A_Piece_03_NURBS_Axis.xyz
-rw-rw-r-- 1 zhuojiat punim2657  60 Sep  3 00:46 original_nurbs_preprocessing/AxisExtraction/Pot_A_Piece_04_NURBS_Axis.xyz
-rw-rw-r-- 1 zhuojiat punim2657  61 Sep  3 00:46 original_nurbs_preprocessing/AxisExtraction/Pot_A_Piece_05_NURBS_Axis.xyz
-rw-rw-r-- 1 zhuojiat punim2657  60 Sep  3 00:46 original_nurbs_preprocessing/AxisExtraction/Pot_A_Piece_06_NURBS_Axis.xyz
-rw-rw-r-- 1 zhuojiat punim2657  58 Sep  3 00:46 original_nurbs_preprocessing/AxisExtraction/Pot_A_Piece_07_NURBS_Axis.xyz
-rw-rw-r-- 1 zhuojiat punim2657 126 Sep  3 00:46 original_nurbs_preprocessing/AxisExtraction/Pot_A_Piece_08_NURBS_Axis.xyz
-rw-rw-r-- 1 zhuojiat punim2657 58 Oct 20 21:22 NURBS_Output/Axes/Pot_A_Piece_01_Axis.xyz
-rw-rw-r-- 1 zhuojiat punim2657 58 Oct 20 21:22 NURBS_Output/Axes/Pot_A_Piece_02_Axis.xyz
-rw-rw-r-- 1 zhuojiat punim2657 58 Oct 20 21:22 NURBS_Output/Axes/Pot_A_Piece_03_Axis.xyz
-rw-rw-r-- 1 zhuojiat punim2657 58 Oct 20 21:22 NURBS_Output/Axes/Pot_A_Piece_04_Axis.xyz
-rw-rw-r-- 1 zhuojiat punim2657 58 Oct 20 21:22 NURBS_Output/Axes/Pot_A_Piece_05_Axis.xyz
-rw-rw-r-- 1 zhuojiat punim2657 58 Oct 20 21:22 NURBS_Output/Axes/Pot_A_Piece_06_Axis.xyz
-rw-rw-r-- 1 zhuojiat punim2657 58 Oct 20 21:22 NURBS_Output/Axes/Pot_A_Piece_07_Axis.xyz
-rw-rw-r-- 1 zhuojiat punim2657 58 Oct 20 21:22 NURBS_Output/Axes/Pot_A_Piece_08_Axis.xyz
-rw-rw-r-- 1 zhuojiat punim2657 58 Oct 20 21:22 NURBS_Output/Axes/Pot_A_Piece_09_Axis.xyz
-rw-rw-r-- 1 zhuojiat punim2657 58 Oct 20 21:22 NURBS_Output/Axes/Pot_A_Piece_10_Axis.xyz
-rw-rw-r-- 1 zhuojiat punim2657 57 Oct 20 21:22 NURBS_Output/Axes/Pot_A_Piece_11_Axis.xyz
-rw-rw-r-- 1 zhuojiat punim2657 58 Oct 20 21:22 NURBS_Output/Axes/Pot_A_Piece_12_Axis.xyz
-rw-rw-r-- 1 zhuojiat punim2657 57 Oct 20 21:22 NURBS_Output/Axes/Pot_A_Piece_13_Axis.xyz
-rw-rw-r-- 1 zhuojiat punim2657 58 Oct 20 21:22 NURBS_Output/Axes/Pot_A_Piece_14_Axis.xyz
-rw-rw-r-- 1 zhuojiat punim2657 58 Oct 20 21:22 NURBS_Output/Axes/Pot_A_Piece_15_Axis.xyz
-rw-rw-r-- 1 zhuojiat punim2657 58 Oct 20 21:22 NURBS_Output/Axes/Pot_A_Piece_16_Axis.xyz
-rw-rw-r-- 1 zhuojiat punim2657 58 Oct 20 21:22 NURBS_Output/Axes/Pot_A_Piece_17_Axis.xyz
-rw-rw-r-- 1 zhuojiat punim2657 58 Oct 20 21:22 NURBS_Output/Axes/Pot_A_Piece_18_Axis.xyz
-rw-rw-r-- 1 zhuojiat punim2657 58 Oct 20 21:22 NURBS_Output/Axes/Pot_A_Piece_19_Axis.xyz
-rw-rw-r-- 1 zhuojiat punim2657 58 Oct 20 21:22 NURBS_Output/Axes/Pot_A_Piece_20_Axis.xyz
-rw-rw-r-- 1 zhuojiat punim2657 58 Oct 20 21:22 NURBS_Output/Axes/Pot_A_Piece_21_Axis.xyz
-rw-rw-r-- 1 zhuojiat punim2657 58 Oct 20 21:22 NURBS_Output/Axes/Pot_A_Piece_22_Axis.xyz
-rw-rw-r-- 1 zhuojiat punim2657 57 Oct 20 21:22 NURBS_Output/Axes/Pot_A_Piece_23_Axis.xyz
-rw-rw-r-- 1 zhuojiat punim2657 58 Oct 20 21:22 NURBS_Output/Axes/Pot_A_Piece_24_Axis.xyz
-rw-rw-r-- 1 zhuojiat punim2657 58 Oct 20 21:22 NURBS_Output/Axes/Pot_A_Piece_25_Axis.xyz
-rw-rw-r-- 1 zhuojiat punim2657 58 Oct 20 21:23 NURBS_Output/Axes/Pot_A_Piece_26_Axis.xyz
-rw-rw-r-- 1 zhuojiat punim2657 58 Oct 20 21:23 NURBS_Output/Axes/Pot_A_Piece_27_Axis.xyz
-rw-rw-r-- 1 zhuojiat punim2657 58 Oct 20 21:23 NURBS_Output/Axes/Pot_A_Piece_28_Axis.xyz
-rw-rw-r-- 1 zhuojiat punim2657 58 Oct 20 21:23 NURBS_Output/Axes/Pot_A_Piece_29_Axis.xyz
-rw-rw-r-- 1 zhuojiat punim2657 58 Oct 20 21:23 NURBS_Output/Axes/Pot_A_Piece_30_Axis.xyz
-rw-rw-r-- 1 zhuojiat punim2657 57 Oct 20 21:23 NURBS_Output/Axes/Pot_A_Piece_31_Axis.xyz
-rw-rw-r-- 1 zhuojiat punim2657 58 Oct 20 21:23 NURBS_Output/Axes/Pot_A_Piece_32_Axis.xyz
-rw-rw-r-- 1 zhuojiat punim2657 58 Oct 20 21:23 NURBS_Output/Axes/Pot_A_Piece_33_Axis.xyz
-rw-rw-r-- 1 zhuojiat punim2657 58 Oct 20 21:23 NURBS_Output/Axes/Pot_A_Piece_34_Axis.xyz
-rw-rw-r-- 1 zhuojiat punim2657 57 Oct 20 21:23 NURBS_Output/Axes/Pot_A_Piece_35_Axis.xyz
-rw-rw-r-- 1 zhuojiat punim2657 58 Oct 20 21:23 NURBS_Output/Axes/Pot_A_Piece_36_Axis.xyz
-rw-rw-r-- 1 zhuojiat punim2657 58 Oct 20 21:23 NURBS_Output/Axes/Pot_A_Piece_37_Axis.xyz
-rw-rw-r-- 1 zhuojiat punim2657 57 Oct 20 21:23 NURBS_Output/Axes/Pot_A_Piece_38_Axis.xyz
-rw-rw-r-- 1 zhuojiat punim2657 58 Oct 20 21:23 NURBS_Output/Axes/Pot_A_Piece_39_Axis.xyz
-rw-rw-r-- 1 zhuojiat punim2657 58 Oct 20 21:23 NURBS_Output/Axes/Pot_A_Piece_40_Axis.xyz
Pruning Temp meshes to match available surfaces...
=== Step 5: EdgeLine Extraction (NURBS) ===
