INFO:    User not listed in /etc/subuid, trying root-mapped namespace
INFO:    The %post section will be run under fakeroot
INFO:    Starting build...
Copying blob sha256:216950d230057a9fb5f9890a3147b098c09acac05df07bed2aa34e580756740a
Copying config sha256:86beaeb08a93662c70ce13476bd835381e9002d19088312db06f7bc2cb21feaf
Writing manifest to image destination
2025/08/30 14:59:34  info unpack layer: sha256:216950d230057a9fb5f9890a3147b098c09acac05df07bed2aa34e580756740a
INFO:    Running post scriptlet
+ dnf update -y
+ dnf install -y epel-release
+ dnf config-manager --set-enabled crb
+ dnf install -y gcc-c++ cmake git wget pkgconfig libtool autoconf automake make
+ dnf install -y eigen3-devel flann-devel boost-devel qhull-devel libusb1-devel gtest-devel libpng-devel openmpi-devel python3-devel python3-numpy python3-pip
Importing GPG key 0x3228467C:
 Userid     : "Fedora (epel9) <epel@fedoraproject.org>"
 Fingerprint: FF8A D134 4597 106E CE81 3B91 8A38 72BF 3228 467C
 From       : /etc/pki/rpm-gpg/RPM-GPG-KEY-EPEL-9
+ dnf install -y suitesparse-devel
+ dnf install -y CGAL-devel
+ cd /opt
+ wget https://github.com/PointCloudLibrary/pcl/archive/pcl-1.9.1.tar.gz
--2025-08-30 05:00:33--  https://github.com/PointCloudLibrary/pcl/archive/pcl-1.9.1.tar.gz
Resolving github.com (github.com)... 4.237.22.38
Connecting to github.com (github.com)|4.237.22.38|:443... connected.
HTTP request sent, awaiting response... 302 Found
Location: https://codeload.github.com/PointCloudLibrary/pcl/tar.gz/refs/tags/pcl-1.9.1 [following]
--2025-08-30 05:00:33--  https://codeload.github.com/PointCloudLibrary/pcl/tar.gz/refs/tags/pcl-1.9.1
Resolving codeload.github.com (codeload.github.com)... 4.237.22.35
Connecting to codeload.github.com (codeload.github.com)|4.237.22.35|:443... connected.
HTTP request sent, awaiting response... 200 OK
Length: unspecified [application/x-gzip]
Saving to: 'pcl-1.9.1.tar.gz'

     0K .......... .......... .......... .......... .......... 1.31M
    50K .......... .......... .......... .......... .......... 3.85M
   100K .......... .......... .......... .......... .......... 4.01M
   150K .......... .......... .......... .......... .......... 3.93M
   200K .......... .......... .......... .......... .......... 3.90M
   250K .......... .......... .......... .......... .......... 3.94M
   300K .......... .......... .......... .......... .......... 3.94M
   350K .......... .......... .......... .......... .......... 3.95M
   400K .......... .......... .......... .......... .......... 3.94M
   450K .......... .......... .......... .......... .......... 3.93M
   500K .......... .......... .......... .......... .......... 3.91M
   550K .......... .......... .......... .......... .......... 3.96M
   600K .......... .......... .......... .......... .......... 3.95M
   650K .......... .......... .......... .......... .......... 3.96M
   700K .......... .......... .......... .......... ..........  100M
   750K .......... .......... .......... .......... .......... 3.91M
   800K .......... .......... .......... .......... .......... 3.95M
   850K .......... .......... .......... .......... .......... 3.96M
   900K .......... .......... .......... .......... .......... 3.93M
   950K .......... .......... .......... .......... .......... 3.94M
  1000K .......... .......... .......... .......... .......... 3.94M
  1050K .......... .......... .......... .......... .......... 3.96M
  1100K .......... .......... .......... .......... .......... 4.00M
  1150K .......... .......... .......... .......... .......... 87.5M
  1200K .......... .......... .......... .......... .......... 3.95M
  1250K .......... .......... .......... .......... .......... 3.95M
  1300K .......... .......... .......... .......... .......... 3.97M
  1350K .......... .......... .......... .......... .......... 3.93M
  1400K .......... .......... .......... .......... ..........  118M
  1450K .......... .......... .......... .......... .......... 2.70M
  1500K .......... .......... .......... .......... .......... 7.63M
  1550K .......... .......... .......... .......... .......... 3.97M
  1600K .......... .......... .......... .......... .......... 3.98M
  1650K .......... .......... .......... .......... .......... 73.3M
  1700K .......... .......... .......... .......... .......... 4.04M
  1750K .......... .......... .......... .......... .......... 3.98M
  1800K .......... .......... .......... .......... .......... 3.99M
  1850K .......... .......... .......... .......... .......... 80.4M
  1900K .......... .......... .......... .......... .......... 4.04M
  1950K .......... .......... .......... .......... .......... 3.98M
  2000K .......... .......... .......... .......... .......... 91.7M
  2050K .......... .......... .......... .......... .......... 1.99M
  2100K .......... .......... .......... .......... .......... 34.5M
  2150K .......... .......... .......... .......... .......... 4.39M
  2200K .......... .......... .......... .......... .......... 3.94M
  2250K .......... .......... .......... .......... .......... 3.94M
  2300K .......... .......... .......... .......... .......... 3.94M
  2350K .......... .......... .......... .......... .......... 3.97M
  2400K .......... .......... .......... .......... .......... 3.95M
  2450K .......... .......... .......... .......... .......... 3.94M
  2500K .......... .......... .......... .......... .......... 3.88M
  2550K .......... .......... .......... .......... .......... 3.94M
  2600K .......... .......... .......... .......... .......... 3.93M
  2650K .......... .......... .......... .......... .......... 3.93M
  2700K .......... .......... .......... .......... .......... 3.91M
  2750K .......... .......... .......... .......... .......... 3.94M
  2800K .......... .......... .......... .......... .......... 69.1M
  2850K .......... .......... .......... .......... .......... 4.00M
  2900K .......... .......... .......... .......... .......... 3.90M
  2950K .......... .......... .......... .......... .......... 3.93M
  3000K .......... .......... .......... .......... .......... 3.94M
  3050K .......... .......... .......... .......... .......... 3.95M
  3100K .......... .......... .......... .......... .......... 3.96M
  3150K .......... .......... .......... .......... ..........  130M
  3200K .......... .......... .......... .......... .......... 2.00M
  3250K .......... .......... .......... .......... .......... 3.95M
  3300K .......... .......... .......... .......... .......... 3.88M
  3350K .......... .......... .......... .......... .......... 3.94M
  3400K .......... .......... .......... .......... .......... 3.90M
  3450K .......... .......... .......... .......... .......... 3.91M
  3500K .......... .......... .......... .......... .......... 2.00M
  3550K .......... .......... .......... .......... .......... 3.90M
  3600K .......... .......... .......... .......... .......... 3.91M
  3650K .......... .......... .......... .......... .......... 3.92M
  3700K .......... .......... .......... .......... .......... 1.93M
  3750K .......... .......... .......... .......... ..........  120M
  3800K .......... .......... .......... .......... .......... 2.02M
  3850K .......... .......... .......... .......... .......... 1.98M
  3900K .......... .......... .......... .......... .......... 3.87M
  3950K .......... .......... .......... .......... .......... 1.97M
  4000K .......... .......... .......... .......... .......... 3.89M
  4050K .......... .......... .......... .......... .......... 1.99M
  4100K .......... .......... .......... .......... .......... 3.89M
  4150K .......... .......... .......... .......... .......... 3.90M
  4200K .......... .......... .......... .......... .......... 1.99M
  4250K .......... .......... .......... .......... .......... 3.86M
  4300K .......... .......... .......... .......... .......... 3.90M
  4350K .......... .......... .......... .......... .......... 3.90M
  4400K .......... .......... .......... .......... .......... 3.90M
  4450K .......... .......... .......... .......... .......... 2.00M
  4500K .......... .......... .......... .......... .......... 3.88M
  4550K .......... .......... .......... .......... .......... 3.93M
  4600K .......... .......... .......... .......... .......... 3.92M
  4650K .......... .......... .......... .......... .......... 3.92M
  4700K .......... .......... .......... .......... .......... 3.87M
  4750K .......... .......... .......... .......... .......... 3.94M
  4800K .......... .......... .......... .......... .......... 3.93M
  4850K .......... .......... .......... .......... .......... 3.92M
  4900K .......... .......... .......... .......... .......... 3.96M
  4950K .......... .......... .......... .......... .......... 3.89M
  5000K .......... .......... .......... .......... .......... 3.92M
  5050K .......... .......... .......... .......... .......... 3.92M
  5100K .......... .......... .......... .......... .......... 4.00M
  5150K .......... .......... .......... .......... .......... 3.96M
  5200K .......... .......... .......... .......... .......... 3.94M
  5250K .......... .......... .......... .......... .......... 3.95M
  5300K .......... .......... .......... .......... .......... 3.97M
  5350K .......... .......... .......... .......... .......... 52.0M
  5400K .......... .......... .......... .......... .......... 3.94M
  5450K .......... .......... .......... .......... .......... 3.94M
  5500K .......... .......... .......... .......... .......... 4.05M
  5550K .......... .......... .......... .......... .......... 4.03M
  5600K .......... .......... .......... .......... .......... 3.94M
  5650K .......... .......... .......... .......... .......... 47.3M
  5700K .......... .......... .......... .......... .......... 3.94M
  5750K .......... .......... .......... .......... .......... 3.94M
  5800K .......... .......... .......... .......... .......... 4.17M
  5850K .......... .......... .......... .......... .......... 4.01M
  5900K .......... .......... .......... .......... .......... 38.4M
  5950K .......... .......... .......... .......... .......... 3.97M
  6000K .......... .......... .......... .......... .......... 3.94M
  6050K .......... .......... .......... .......... .......... 4.32M
  6100K .......... .......... .......... .......... .......... 3.97M
  6150K .......... .......... .......... .......... .......... 33.6M
  6200K .......... .......... .......... .......... .......... 3.94M
  6250K .......... .......... .......... .......... .......... 4.12M
  6300K .......... .......... .......... .......... .......... 4.20M
  6350K .......... .......... .......... .......... .......... 29.3M
  6400K .......... .......... .......... .......... .......... 3.96M
  6450K .......... .......... .......... .......... .......... 4.19M
  6500K .......... .......... .......... .......... .......... 4.32M
  6550K .......... .......... .......... .......... .......... 23.8M
  6600K .......... .......... .......... .......... .......... 4.05M
  6650K .......... .......... .......... .......... .......... 4.41M
  6700K .......... .......... .......... .......... .......... 26.9M
  6750K .......... .......... .......... .......... .......... 3.97M
  6800K .......... .......... .......... .......... .......... 4.56M
  6850K .......... .......... .......... .......... .......... 25.7M
  6900K .......... .......... .......... .......... .......... 3.98M
  6950K .......... .......... .......... .......... .......... 4.41M
  7000K .......... .......... .......... .......... .......... 29.8M
  7050K .......... .......... .......... .......... .......... 3.98M
  7100K .......... .......... .......... .......... .......... 4.52M
  7150K .......... .......... .......... .......... .......... 3.42M
  7200K .......... .......... .......... .......... .......... 88.0M
  7250K .......... .......... .......... .......... .......... 3.92M
  7300K .......... .......... .......... .......... .......... 3.93M
  7350K .......... .......... .......... .......... .......... 3.95M
  7400K .......... .......... .......... .......... .......... 4.28M
  7450K .......... .......... .......... .......... .......... 2.04M
  7500K .......... .......... .......... .......... .......... 35.1M
  7550K .......... .......... .......... .......... .......... 3.59M
  7600K .......... .......... .......... .......... .......... 2.22M
  7650K .......... .......... .......... .......... .......... 3.75M
  7700K .......... .......... .......... .......... .......... 3.36M
  7750K .......... .......... .......... .......... .......... 3.91M
  7800K .......... .......... .......... .......... .......... 3.90M
  7850K .......... .......... .......... .......... .......... 2.19M
  7900K .......... .......... .......... .......... .......... 3.76M
  7950K .......... .......... .......... .......... .......... 3.40M
  8000K .......... .......... .......... .......... .......... 3.90M
  8050K .......... .......... .......... .......... .......... 3.92M
  8100K .......... .......... .......... .......... .......... 3.88M
  8150K .......... .......... .......... .......... .......... 3.91M
  8200K .......... .......... .......... .......... .......... 3.90M
  8250K .......... .......... .......... .......... .......... 3.93M
  8300K .......... .......... .......... .......... .......... 3.91M
  8350K .......... .......... .......... .......... .......... 3.92M
  8400K .......... .......... .......... .......... .......... 3.89M
  8450K .......... .......... .......... .......... .......... 3.95M
  8500K .......... .......... .......... .......... .......... 3.96M
  8550K .......... .......... .......... .......... .......... 3.95M
  8600K .......... .......... .......... .......... .......... 3.99M
  8650K .......... .......... .......... .......... .......... 4.00M
  8700K .......... .......... .......... .......... .......... 3.93M
  8750K .......... .......... .......... .......... .......... 3.90M
  8800K .......... .......... .......... .......... .......... 3.97M
  8850K .......... .......... .......... .......... .......... 4.06M
  8900K .......... .......... .......... .......... .......... 4.64M
  8950K .......... .......... .......... .......... .......... 18.0M
  9000K .......... .......... .......... .......... .......... 3.95M
  9050K .......... .......... .......... .......... .......... 3.93M
  9100K .......... .......... .......... .......... .......... 3.94M
  9150K .......... .......... .......... .......... .......... 4.11M
  9200K .......... .......... .......... .......... .......... 4.03M
  9250K .......... .......... .......... .......... .......... 41.7M
  9300K .......... .......... .......... .......... .......... 3.93M
  9350K .......... .......... .......... .......... .......... 3.93M
  9400K .......... .......... .......... .......... .......... 4.26M
  9450K .......... .......... .......... .......... .......... 4.59M
  9500K .......... .......... .......... .......... .......... 15.9M
  9550K .......... .......... .......... .......... .......... 3.94M
  9600K .......... .......... .......... .......... .......... 3.95M
  9650K .......... .......... .......... .......... .......... 4.55M
  9700K .......... .......... .......... .......... .......... 23.9M
  9750K .......... .......... .......... .......... .......... 3.96M
  9800K .......... .......... .......... .......... .......... 3.99M
  9850K .......... .......... .......... .......... .......... 5.21M
  9900K .......... .......... .......... .......... .......... 14.5M
  9950K .......... .......... .......... .......... .......... 3.98M
 10000K .......... .......... .......... .......... .......... 4.02M
 10050K .......... .......... .......... .......... ..........  102M
 10100K .......... .......... .......... .......... .......... 3.99M
 10150K .......... .......... .......... .......... .......... 4.00M
 10200K .......... .......... .......... .......... .......... 5.21M
 10250K .......... .......... .......... .......... .......... 14.2M
 10300K .......... .......... .......... .......... .......... 3.99M
 10350K .......... .......... .......... .......... .......... 4.92M
 10400K .......... .......... .......... .......... .......... 17.6M
 10450K .......... .......... .......... .......... .......... 4.02M
 10500K .......... .......... .......... .......... .......... 4.94M
 10550K .......... .......... .......... .......... .......... 16.8M
 10600K .......... .......... .......... .......... .......... 4.03M
 10650K .......... .......... .......... .......... .......... 4.89M
 10700K .......... .......... .......... .......... .......... 17.6M
 10750K .......... .......... .......... .......... .......... 1.98M
 10800K .......... .......... .......... .......... .......... 51.9M
 10850K .......... .......... .......... .......... .......... 5.07M
 10900K .......... .......... .......... .......... .......... 3.98M
 10950K .......... .......... .......... .......... .......... 17.3M
 11000K .......... .......... .......... .......... .......... 3.95M
 11050K .......... .......... .......... .......... .......... 3.94M
 11100K .......... .......... .......... .......... .......... 3.94M
 11150K .......... .......... .......... .......... .......... 4.00M
 11200K .......... .......... .......... .......... .......... 4.15M
 11250K .......... .......... .......... .......... .......... 3.95M
 11300K .......... .......... .......... .......... .......... 3.95M
 11350K .......... .......... .......... .......... .......... 4.49M
 11400K .......... .......... .......... .......... .......... 3.97M
 11450K .......... .......... .......... .......... .......... 17.6M
 11500K .......... .......... .......... .......... .......... 4.04M
 11550K .......... .......... .......... .......... .......... 4.15M
 11600K .......... .......... .......... .......... .......... 4.01M
 11650K .......... .......... .......... .......... .......... 4.24M
 11700K .......... .......... .......... .......... .......... 26.8M
 11750K .......... .......... .......... .......... .......... 4.00M
 11800K .......... .......... .......... .......... .......... 4.02M
 11850K .......... .......... .......... .......... .......... 4.17M
 11900K .......... .......... .......... .......... .......... 4.18M
 11950K .......... .......... .......... .......... .......... 26.0M
 12000K .......... .......... .......... .......... .......... 4.06M
 12050K .......... .......... .......... .......... .......... 4.19M
 12100K .......... .......... .......... .......... .......... 4.24M
 12150K .......... .......... .......... .......... .......... 23.5M
 12200K .......... .......... .......... .......... .......... 4.05M
 12250K .......... .......... .......... .......... .......... 4.15M
 12300K .......... .......... .......... .......... .......... 3.97M
 12350K .......... .......... .......... .......... .......... 45.5M
 12400K .......... .......... .......... .......... .......... 4.13M
 12450K .......... .......... .......... .......... .......... 4.08M
 12500K .......... .......... .......... .......... .......... 4.27M
 12550K .......... .......... .......... .......... .......... 36.4M
 12600K .......... .......... .......... .......... .......... 4.06M
 12650K .......... .......... .......... .......... .......... 4.04M
 12700K .......... .......... .......... .......... .......... 57.0M
 12750K .......... .......... .......... .......... .......... 4.12M
 12800K .......... .......... .......... .......... .......... 4.06M
 12850K .......... .......... .......... .......... .......... 58.0M
 12900K .......... .......... .......... .......... .......... 4.05M
 12950K .......... .......... .......... .......... .......... 4.11M
 13000K .......... .......... .......... .......... .......... 55.3M
 13050K .......... .......... .......... .......... .......... 4.08M
 13100K .......... .......... .......... .......... .......... 4.18M
 13150K .......... .......... .......... .......... .......... 48.8M
 13200K .......... .......... .......... .......... .......... 4.06M
 13250K .......... .......... .......... .......... .......... 76.1M
 13300K .......... .......... .......... .......... .......... 4.08M
 13350K .......... .......... .......... .......... .......... 4.05M
 13400K .......... .......... .......... .......... .......... 72.7M
 13450K .......... .......... .......... .......... .......... 4.11M
 13500K .......... .......... .......... .......... .......... 4.11M
 13550K .......... .......... .......... .......... .......... 58.0M
 13600K .......... .......... .......... .......... .......... 4.09M
 13650K .......... .......... .......... .......... .......... 92.0M
 13700K .......... .......... .......... .......... .......... 4.03M
 13750K .......... .......... .......... .......... .......... 4.11M
 13800K .......... .......... .......... .......... .......... 74.3M
 13850K .......... .......... .......... .......... .......... 4.09M
 13900K .......... .......... .......... .......... .......... 87.8M
 13950K .......... .......... .......... .......... .......... 4.05M
 14000K .......... .......... .......... .......... .......... 4.06M
 14050K .......... .......... .......... .......... .......... 93.8M
 14100K .......... .......... .......... .......... .......... 4.05M
 14150K .......... .......... .......... .......... ..........  104M
 14200K .......... .......... .......... .......... .......... 4.06M
 14250K .......... .......... .......... .......... .......... 4.05M
 14300K .......... .......... .......... .......... ..........  107M
 14350K .......... .......... .......... .......... .......... 3.74M
 14400K .......... .......... .......... .......... ..........  127M
 14450K .......... .......... .......... .......... .......... 4.37M
 14500K .......... .......... .......... .......... .......... 43.9M
 14550K .......... .......... .......... .......... .......... 4.03M
 14600K .......... .......... .......... .......... ..........  124M
 14650K .......... .......... .......... .......... .......... 4.06M
 14700K .......... .......... .......... .......... .......... 4.24M
 14750K .......... .......... .......... .......... .......... 51.2M
 14800K .......... .......... .......... .......... .......... 4.25M
 14850K .......... .......... .......... .......... .......... 52.5M
 14900K .......... .......... .......... .......... .......... 4.07M
 14950K .......... .......... .......... .......... ..........  124M
 15000K .......... .......... .......... .......... .......... 4.01M
 15050K .......... .......... .......... .......... ..........  120M
 15100K .......... .......... .......... .......... .......... 4.07M
 15150K .......... .......... .......... .......... ..........  130M
 15200K .......... .......... .......... .......... .......... 4.06M
 15250K .......... .......... .......... .......... .......... 3.82M
 15300K .......... .......... .......... .......... ..........  122M
 15350K .......... .......... .......... .......... .......... 4.19M
 15400K .......... .......... .......... .......... .......... 96.8M
 15450K .......... .......... .......... .......... .......... 1.98M
 15500K .......... .......... .......... .......... .......... 60.4M
 15550K .......... .......... .......... .......... .......... 3.98M
 15600K .......... .......... .......... .......... .......... 3.92M
 15650K .......... .......... .......... .......... .......... 3.92M
 15700K .......... .......... .......... .......... .......... 3.92M
 15750K .......... .......... .......... .......... .......... 3.92M
 15800K .......... .......... .......... .......... .......... 3.97M
 15850K .......... .......... .......... .......... .......... 3.99M
 15900K .......... .......... .......... .......... .......... 3.96M
 15950K .......... .......... .......... .......... .......... 4.00M
 16000K .......... .......... .......... .......... .......... 3.94M
 16050K .......... .......... .......... .......... .......... 3.94M
 16100K .......... .......... .......... .......... .......... 3.94M
 16150K .......... .......... .......... .......... .......... 76.5M
 16200K .......... .......... .......... .......... .......... 3.12M
 16250K .......... .......... .......... .......... .......... 3.93M
 16300K .......... .......... .......... .......... .......... 3.93M
 16350K .......... .......... .......... .......... .......... 3.96M
 16400K .......... .......... .......... .......... .......... 1.89M
 16450K .......... .......... .......... .......... ..........  129M
 16500K .......... .......... .......... .......... .......... 4.25M
 16550K .......... .......... .......... .......... .......... 3.78M
 16600K .......... .......... .......... .......... .......... 2.05M
 16650K .......... .......... .......... .......... .......... 3.92M
 16700K .......... .......... .......... .......... .......... 3.90M
 16750K .......... .......... .......... .......... .......... 3.80M
 16800K .......... .......... .......... .......... .......... 2.02M
 16850K .......... .......... .......... .......... .......... 3.88M
 16900K .......... .......... .......... .......... .......... 3.90M
 16950K .......... .......... .......... .......... .......... 3.92M
 17000K .......... .......... .......... .......... .......... 3.90M
 17050K .......... .......... .......... .......... .......... 3.91M
 17100K .......... .......... .......... .......... .......... 3.92M
 17150K .......... .......... .......... .......... .......... 3.92M
 17200K .......... .......... .......... .......... .......... 3.92M
 17250K .......... .......... .......... .......... .......... 3.92M
 17300K .......... .......... .......... .......... .......... 3.93M
 17350K .......... .......... .......... .......... .......... 3.91M
 17400K .......... .......... .......... .......... .......... 3.93M
 17450K .......... .......... .......... .......... .......... 3.96M
 17500K .......... .......... .......... .......... .......... 3.93M
 17550K .......... .......... .......... .......... .......... 3.94M
 17600K .......... .......... .......... .......... .......... 4.01M
 17650K .......... .......... .......... .......... .......... 69.2M
 17700K .......... .......... .......... .......... .......... 3.95M
 17750K .......... .......... .......... .......... .......... 3.94M
 17800K .......... .......... .......... .......... .......... 3.90M
 17850K .......... .......... .......... .......... .......... 3.98M
 17900K .......... .......... .......... .......... .......... 3.95M
 17950K .......... .......... .......... .......... .......... 4.05M
 18000K .......... .......... .......... .......... .......... 3.95M
 18050K .......... .......... .......... .......... .......... 52.4M
 18100K .......... .......... .......... .......... .......... 3.94M
 18150K .......... .......... .......... .......... .......... 4.12M
 18200K .......... .......... .......... .......... .......... 3.98M
 18250K .......... .......... .......... .......... .......... 3.97M
 18300K .......... .......... .......... .......... .......... 53.9M
 18350K .......... .......... .......... .......... .......... 4.03M
 18400K .......... .......... .......... .......... .......... 4.06M
 18450K .......... .......... .......... .......... .......... 3.68M
 18500K .......... .......... .......... .......... .......... 4.33M
 18550K .......... .......... .......... .......... .......... 41.2M
 18600K .......... .......... .......... .......... .......... 4.01M
 18650K .......... .......... .......... .......... .......... 4.18M
 18700K .......... .......... .......... .......... .......... 44.7M
 18750K .......... .......... .......... .......... .......... 4.02M
 18800K .......... .......... .......... .......... .......... 4.16M
 18850K .......... .......... .......... .......... .......... 3.98M
 18900K .......... .......... .......... .......... .......... 53.2M
 18950K .......... .......... .......... .......... .......... 4.05M
 19000K .......... .......... .......... .......... .......... 4.07M
 19050K .......... .......... .......... .......... .......... 55.3M
 19100K .......... .......... .......... .......... .......... 4.05M
 19150K .......... .......... .......... .......... .......... 4.06M
 19200K .......... .......... .......... .......... .......... 3.72M
 19250K .......... .......... .......... .......... ..........  132M
 19300K .......... .......... .......... .......... .......... 3.97M
 19350K .......... .......... .......... .......... .......... 3.92M
 19400K .......... .......... .......... .......... .......... 3.90M
 19450K .......... .......... .......... .......... .......... 3.95M
 19500K .......... .......... .......... .......... .......... 3.95M
 19550K .......... .......... .......... .......... .......... 3.98M
 19600K .......... .......... .......... .......... .......... 3.94M
 19650K .......... .......... .......... .......... .......... 3.95M
 19700K .......... .......... .......... .......... .......... 3.96M
 19750K .......... .......... .......... .......... .......... 3.94M
 19800K .......... .......... .......... .......... .......... 3.92M
 19850K .......... .......... .......... .......... .......... 3.96M
 19900K .......... .......... .......... .......... .......... 3.99M
 19950K .......... .......... .......... .......... .......... 78.8M
 20000K .......... .......... .......... .......... .......... 3.97M
 20050K .......... .......... .......... .......... .......... 3.96M
 20100K .......... .......... .......... .......... .......... 3.94M
 20150K .......... .......... .......... .......... .......... 3.94M
 20200K .......... .......... .......... .......... .......... 95.1M
 20250K .......... .......... .......... .......... .......... 3.94M
 20300K .......... .......... .......... .......... .......... 3.97M
 20350K .......... .......... .......... .......... .......... 3.97M
 20400K .......... .......... .......... .......... .......... 3.98M
 20450K .......... .......... .......... .......... ..........  107M
 20500K .......... .......... .......... .......... .......... 3.61M
 20550K .......... .......... .......... .......... .......... 4.44M
 20600K .......... .......... .......... .......... .......... 4.00M
 20650K .......... .......... .......... .......... .......... 3.96M
 20700K .......... .......... .......... .......... .......... 30.7M
 20750K .......... .......... .......... .......... .......... 4.41M
 20800K .......... .......... .......... .......... .......... 3.96M
 20850K .......... .......... .......... .......... .......... 31.5M
 20900K .......... .......... .......... .......... .......... 4.06M
 20950K .......... .......... .......... .......... .......... 4.28M
 21000K .......... .......... .......... .......... .......... 4.02M
 21050K .......... .......... .......... .......... .......... 29.6M
 21100K .......... .......... .......... .......... .......... 4.37M
 21150K .......... .......... .......... .......... .......... 4.03M
 21200K .......... .......... .......... .......... .......... 30.2M
 21250K .......... .......... .......... .......... .......... 4.05M
 21300K .......... .......... .......... .......... .......... 4.30M
 21350K .......... .......... .......... .......... .......... 33.5M
 21400K .......... .......... .......... .......... .......... 4.01M
 21450K .......... .......... .......... .......... .......... 4.31M
 21500K .......... .......... .......... .......... .......... 35.9M
 21550K .......... .......... .......... .......... .......... 4.03M
 21600K .......... .......... .......... .......... .......... 4.25M
 21650K .......... .......... .......... .......... .......... 38.9M
 21700K .......... .......... .......... .......... .......... 4.03M
 21750K .......... .......... .......... .......... .......... 4.31M
 21800K .......... .......... .......... .......... .......... 34.7M
 21850K .......... .......... .......... .......... .......... 4.13M
 21900K .......... .......... .......... .......... .......... 4.28M
 21950K .......... .......... .......... .......... .......... 28.8M
 22000K .......... .......... .......... .......... .......... 4.19M
 22050K .......... .......... .......... .......... .......... 4.31M
 22100K .......... .......... .......... .......... .......... 25.3M
 22150K .......... .......... .......... .......... .......... 4.57M
 22200K .......... .......... .......... .......... .......... 24.9M
 22250K .......... .......... .......... .......... .......... 4.03M
 22300K .......... .......... .......... .......... .......... 4.54M
 22350K .......... .......... .......... .......... .......... 22.2M
 22400K .......... .......... .......... .......... .......... 4.59M
 22450K .......... .......... .......... .......... .......... 24.0M
 22500K .......... .......... .......... .......... .......... 4.04M
 22550K .......... .......... .......... .......... .......... 4.73M
 22600K .......... .......... .......... .......... .......... 19.7M
 22650K .......... .......... .......... .......... .......... 4.79M
 22700K .......... .......... .......... .......... .......... 20.6M
 22750K .......... .......... .......... .......... .......... 4.08M
 22800K .......... .......... .......... .......... .......... 4.80M
 22850K .......... .......... .......... .......... .......... 19.2M
 22900K .......... .......... .......... .......... .......... 4.82M
 22950K .......... .......... .......... .......... .......... 20.8M
 23000K .......... .......... .......... .......... .......... 4.23M
 23050K .......... .......... .......... .......... .......... 30.2M
 23100K .......... .......... .......... .......... .......... 4.35M
 23150K .......... .......... .......... .......... .......... 35.5M
 23200K .......... .......... .......... .......... .......... 4.31M
 23250K .......... .......... .......... .......... .......... 2.15M
 23300K .......... .......... .......... .......... ..........  120M
 23350K .......... .......... .......... .......... .......... 28.6M
 23400K .......... .......... .......... .......... .......... 4.74M
 23450K .......... .......... .......... .......... .......... 11.9M
 23500K .......... .......... .......... .......... .......... 3.96M
 23550K .......... .......... .......... .......... .......... 4.34M
 23600K .......... .......... .......... .......... .......... 4.99M
 23650K .......... .......... .......... .......... .......... 12.3M
 23700K .......... .......... .......... .......... .......... 3.98M
 23750K .......... .......... .......... .......... .......... 4.18M
 23800K .......... .......... .......... .......... .......... 4.43M
 23850K .......... .......... .......... .......... .......... 21.8M
 23900K .......... .......... .......... .......... .......... 3.99M
 23950K .......... .......... .......... .......... .......... 4.22M
 24000K .......... .......... .......... .......... .......... 4.40M
 24050K .......... .......... .......... .......... .......... 21.0M
 24100K .......... .......... .......... .......... .......... 4.00M
 24150K .......... .......... .......... .......... .......... 4.53M
 24200K .......... .......... .......... .......... .......... 4.73M
 24250K .......... .......... .......... .......... .......... 12.3M
 24300K .......... .......... .......... .......... .......... 4.23M
 24350K .......... .......... .......... .......... .......... 4.25M
 24400K .......... .......... .......... .......... .......... 22.8M
 24450K .......... .......... .......... .......... .......... 3.99M
 24500K .......... .......... .......... .......... .......... 4.36M
 24550K .......... .......... .......... .......... .......... 28.5M
 24600K .......... .......... .......... .......... .......... 3.97M
 24650K .......... .......... .......... .......... .......... 4.52M
 24700K .......... .......... .......... .......... .......... 27.8M
 24750K .......... .......... .......... .......... .......... 4.01M
 24800K .......... .......... .......... .......... .......... 4.49M
 24850K .......... .......... .......... .......... .......... 26.4M
 24900K .......... .......... .......... .......... .......... 4.06M
 24950K .......... .......... .......... .......... .......... 4.54M
 25000K .......... .......... .......... .......... .......... 24.1M
 25050K .......... .......... .......... .......... .......... 4.10M
 25100K .......... .......... .......... .......... .......... 4.56M
 25150K .......... .......... .......... .......... .......... 22.0M
 25200K .......... .......... .......... .......... .......... 4.17M
 25250K .......... .......... .......... .......... .......... 5.44M
 25300K .......... .......... .......... .......... .......... 13.0M
 25350K .......... .......... .......... .......... .......... 4.58M
 25400K .......... .......... .......... .......... .......... 21.2M
 25450K .......... .......... .......... .......... .......... 4.13M
 25500K .......... .......... .......... .......... .......... 5.51M
 25550K .......... .......... .......... .......... .......... 11.3M
 25600K .......... .......... .......... .......... .......... 4.35M
 25650K .......... .......... .......... .......... .......... 35.8M
 25700K .......... .......... .......... .......... .......... 4.33M
 25750K .......... .......... .......... .......... .......... 5.41M
 25800K .......... .......... .......... .......... .......... 11.2M
 25850K .......... .......... .......... .......... .......... 4.38M
 25900K .......... .......... .......... .......... .......... 33.1M
 25950K .......... .......... .......... .......... .......... 4.27M
 26000K .......... .......... .......... .......... .......... 5.56M
 26050K .......... .......... .......... .......... .......... 10.9M
 26100K .......... .......... .......... .......... .......... 5.06M
 26150K .......... .......... .......... .......... .......... 16.7M
 26200K .......... .......... .......... .......... .......... 4.38M
 26250K .......... .......... .......... .......... .......... 37.4M
 26300K .......... .......... .......... .......... .......... 4.06M
 26350K .......... .......... .......... .......... ..........  114M
 26400K .......... .......... .......... .......... .......... 4.07M
 26450K .......... .......... .......... .......... .......... 5.98M
 26500K .......... .......... .......... .......... .......... 11.4M
 26550K .......... .......... .......... .......... .......... 5.10M
 26600K .......... .......... .......... .......... .......... 17.1M
 26650K .......... .......... .......... .......... .......... 4.12M
 26700K .......... .......... .......... .......... .......... 83.5M
 26750K .......... .......... .......... .......... .......... 4.13M
 26800K .......... .......... .......... .......... .......... 90.9M
 26850K .......... .......... .......... .......... .......... 4.11M
 26900K .......... .......... .......... .......... .......... 94.5M
 26950K .......... .......... .......... .......... .......... 4.08M
 27000K .......... .......... .......... .......... .......... 5.66M
 27050K .......... .......... .......... .......... .......... 12.8M
 27100K .......... .......... .......... .......... .......... 5.61M
 27150K .......... .......... .......... .......... .......... 13.3M
 27200K .......... .......... .......... .......... .......... 4.64M
 27250K .......... .......... .......... .......... .......... 26.1M
 27300K .......... .......... .......... .......... .......... 4.31M
 27350K .......... .......... .......... .......... .......... 45.9M
 27400K .......... .......... .......... .......... .......... 4.32M
 27450K .......... .......... .......... .......... .......... 46.7M
 27500K .......... .......... .......... .......... .......... 4.32M
 27550K .......... .......... .......... .......... .......... 49.2M
 27600K .......... .......... .......... .......... .......... 4.31M
 27650K .......... .......... .......... .......... .......... 47.1M
 27700K .......... .......... .......... .......... .......... 4.12M
 27750K .......... .......... .......... .......... .......... 66.9M
 27800K .......... .......... .......... .......... .......... 4.21M
 27850K .......... .......... .......... .......... .......... 55.3M
 27900K .......... .......... .......... .......... .......... 4.26M
 27950K .......... .......... .......... .......... .......... 55.5M
 28000K .......... .......... .......... .......... .......... 4.27M
 28050K .......... .......... .......... .......... .......... 49.5M
 28100K .......... .......... .......... .......... .......... 4.28M
 28150K .......... .......... .......... .......... .......... 51.1M
 28200K .......... .......... .......... .......... .......... 3.84M
 28250K .......... .......... .......... .......... ..........  135M
 28300K .......... .......... .......... .......... .......... 4.18M
 28350K .......... .......... .......... .......... .......... 5.01M
 28400K .......... .......... .......... .......... .......... 17.6M
 28450K .......... .......... .......... .......... .......... 4.02M
 28500K .......... .......... .......... .......... .......... 4.14M
 28550K .......... .......... .......... .......... .......... 56.9M
 28600K .......... .......... .......... .......... .......... 4.03M
 28650K .......... .......... .......... .......... .......... 4.12M
 28700K .......... .......... .......... .......... .......... 3.43M
 28750K .......... .......... .......... .......... ..........  132M
 28800K .......... .......... .......... .......... .......... 4.15M
 28850K .......... .......... .......... .......... .......... 4.03M
 28900K .......... .......... .......... .......... .......... 3.96M
 28950K .......... .......... .......... .......... .......... 4.16M
 29000K .......... .......... .......... .......... .......... 3.96M
 29050K .......... .......... .......... .......... .......... 3.93M
 29100K .......... .......... .......... .......... .......... 3.94M
 29150K .......... .......... .......... .......... .......... 3.95M
 29200K .......... .......... .......... .......... .......... 4.45M
 29250K .......... .......... .......... .......... .......... 21.6M
 29300K .......... .......... .......... .......... .......... 3.99M
 29350K .......... .......... .......... .......... .......... 4.01M
 29400K .......... .......... .......... .......... .......... 3.99M
 29450K .......... .......... .......... .......... .......... 4.05M
 29500K .......... .......... .......... .......... .......... 4.04M
 29550K .......... .......... .......... .......... .......... 4.19M
 29600K .......... .......... .......... .......... .......... 29.0M
 29650K .......... .......... .......... .......... .......... 4.04M
 29700K .......... .......... .......... .......... .......... 4.02M
 29750K .......... .......... .......... .......... .......... 4.09M
 29800K .......... .......... .......... .......... .......... 4.02M
 29850K .......... .......... .......... .......... .......... 47.8M
 29900K .......... .......... .......... .......... .......... 3.98M
 29950K .......... .......... .......... .......... .......... 4.07M
 30000K .......... .......... .......... .......... .......... 4.02M
 30050K .......... .......... .......... .......... .......... 4.01M
 30100K .......... .......... .......... .......... .......... 65.9M
 30150K .......... .......... .......... .......... .......... 4.04M
 30200K .......... .......... .......... .......... .......... 3.95M
 30250K .......... .......... .......... .......... ..........  101M
 30300K .......... .......... .......... .......... .......... 3.97M
 30350K .......... .......... .......... .......... .......... 3.99M
 30400K .......... .......... .......... .......... .......... 3.99M
 30450K .......... .......... .......... .......... ..........  113M
 30500K .......... .......... .......... .......... .......... 3.98M
 30550K .......... .......... .......... .......... .......... 4.00M
 30600K .......... .......... .......... .......... ..........  114M
 30650K .......... .......... .......... .......... .......... 4.00M
 30700K .......... .......... .......... .......... .......... 3.96M
 30750K .......... .......... .......... .......... .......... 4.04M
 30800K .......... .......... .......... .......... .......... 88.7M
 30850K .......... .......... .......... .......... .......... 3.97M
 30900K .......... .......... .......... .......... .......... 4.03M
 30950K .......... .......... .......... .......... .......... 93.0M
 31000K .......... .......... .......... .......... .......... 3.98M
 31050K .......... .......... .......... .......... ..........  134M
 31100K .......... .......... .......... .......... .......... 4.02M
 31150K .......... .......... .......... .......... .......... 3.96M
 31200K .......... .......... .......... .......... ..........  129M
 31250K .......... .......... .......... .......... .......... 4.02M
 31300K .......... .......... .......... .......... .......... 1.99M
 31350K .......... .......... .......... .......... ..........  133M
 31400K .......... .......... .......... .......... ..........  116M
 31450K .......... .......... .......... .......... .......... 3.99M
 31500K .......... .......... .......... .......... .......... 3.98M
 31550K .......... .......... .......... .......... .......... 3.97M
 31600K .......... .......... .......... .......... .......... 3.95M
 31650K .......... .......... .......... .......... .......... 3.98M
 31700K .......... .......... .......... .......... .......... 3.95M
 31750K .......... .......... .......... .......... ..........  104M
 31800K .......... .......... .......... .......... .......... 3.96M
 31850K .......... .......... .......... .......... .......... 3.96M
 31900K .......... .......... .......... .......... .......... 3.94M
 31950K .......... .......... .......... .......... .......... 3.93M
 32000K .......... .......... .......... .......... .......... 4.02M
 32050K .......... .......... .......... .......... .......... 83.8M
 32100K .......... .......... .......... .......... .......... 3.96M
 32150K .......... .......... .......... .......... .......... 3.94M
 32200K .......... .......... .......... .......... .......... 3.99M
 32250K .......... .......... .......... .......... ..........  123M
 32300K .......... .......... .......... .......... .......... 3.98M
 32350K .......... .......... .......... .......... .......... 3.96M
 32400K .......... .......... .......... .......... .......... 3.98M
 32450K .......... .......... .......... .......... ..........  134M
 32500K .......... .......... .......... .......... .......... 3.99M
 32550K .......... .......... .......... .......... .......... 4.04M
 32600K .......... .......... .......... .......... .......... 3.98M
 32650K .......... .......... .......... .......... ..........  128M
 32700K .......... .......... .......... .......... .......... 3.97M
 32750K .......... .......... .......... .......... .......... 3.99M
 32800K .......... .......... .......... .......... .......... 3.98M
 32850K .......... .......... .......... .......... ..........  125M
 32900K .......... .......... .......... .......... .......... 4.00M
 32950K .......... .......... .......... .......... .......... 3.98M
 33000K .......... .......... .......... .......... .......... 4.07M
 33050K .......... .......... .......... .......... .......... 89.9M
 33100K .......... .......... .......... .......... .......... 3.97M
 33150K .......... .......... .......... .......... .......... 4.06M
 33200K .......... .......... .......... .......... ..........  113M
 33250K .......... .......... .......... .......... .......... 3.99M
 33300K .......... .......... .......... .......... .......... 4.04M
 33350K .......... .......... .......... .......... ..........  113M
 33400K .......... .......... .......... .......... .......... 3.98M
 33450K .......... .......... .......... .......... ..........  118M
 33500K .......... .......... .......... .......... .......... 4.01M
 33550K .......... .......... .......... .......... .......... 4.00M
 33600K .......... .......... .......... .......... ..........  121M
 33650K .......... .......... .......... .......... .......... 3.99M
 33700K .......... .......... .......... .......... .......... 4.00M
 33750K .......... .......... .......... .......... ..........  124M
 33800K .......... .......... .......... .......... .......... 4.02M
 33850K .......... .......... .......... .......... .......... 4.01M
 33900K .......... .......... .......... .......... ..........  118M
 33950K .......... .......... .......... .......... .......... 4.01M
 34000K .......... .......... .......... .......... ..........  120M
 34050K .......... .......... .......... .......... .......... 4.02M
 34100K .......... .......... .......... .......... .......... 4.00M
 34150K .......... .......... .......... .......... ..........  128M
 34200K .......... .......... .......... .......... .......... 4.02M
 34250K .......... .......... .......... .......... ..........  126M
 34300K .......... .......... .......... .......... .......... 4.01M
 34350K .......... .......... .......... .......... .......... 4.05M
 34400K .......... .......... .......... .......... ..........  114M
 34450K .......... .......... .......... .......... .......... 4.03M
 34500K .......... .......... .......... .......... ..........  124M
 34550K .......... .......... .......... .......... .......... 4.03M
 34600K .......... .......... .......... .......... .......... 4.05M
 34650K .......... .......... .......... .......... .......... 92.4M
 34700K .......... .......... .......... .......... .......... 4.00M
 34750K .......... .......... .......... .......... ..........  128M
 34800K .......... .......... .......... .......... .......... 4.02M
 34850K .......... .......... .......... .......... .......... 27.0M
 34900K .......... .......... .......... .......... .......... 4.58M
 34950K .......... .......... .......... .......... ..........  127M
 35000K .......... .......... .......... .......... .......... 4.03M
 35050K .......... .......... .......... .......... .......... 4.05M
 35100K .......... .......... .......... .......... ..........  123M
 35150K .......... .......... .......... .......... .......... 4.04M
 35200K .......... .......... .......... .......... ..........  112M
 35250K .......... .......... .......... .......... .......... 4.05M
 35300K .......... .......... .......... .......... ..........  128M
 35350K .......... .......... .......... .......... .......... 4.03M
 35400K .......... .......... .......... .......... ..........  127M
 35450K .......... .......... .......... .......... .......... 4.04M
 35500K .......... .......... .......... .......... ..........  130M
 35550K .......... .......... .......... .......... .......... 4.04M
 35600K .......... .......... .......... .......... .......... 4.10M
 35650K .......... .......... .......... .......... ..........  111M
 35700K .......... .......... .......... .......... .......... 4.01M
 35750K .......... .......... .......... .......... ..........  123M
 35800K .......... .......... .......... .......... .......... 4.04M
 35850K .......... .......... .......... .......... ..........  121M
 35900K .......... .......... .......... .......... .......... 4.07M
 35950K .......... .......... .......... .......... ..........  118M
 36000K .......... .......... .......... .......... .......... 4.06M
 36050K .......... .......... .......... .......... ..........  111M
 36100K .......... .......... .......... .......... .......... 4.06M
 36150K .......... .......... .......... .......... ..........  121M
 36200K .......... .......... .......... .......... .......... 4.04M
 36250K .......... .......... .......... .......... .......... 98.3M
 36300K .......... .......... .......... .......... .......... 4.12M
 36350K .......... .......... .......... .......... .......... 71.1M
 36400K .......... .......... .......... .......... .......... 4.15M
 36450K .......... .......... .......... .......... .......... 74.1M
 36500K .......... .......... .......... .......... .......... 4.14M
 36550K .......... .......... .......... .......... .......... 78.3M
 36600K .......... .......... .......... .......... .......... 4.13M
 36650K .......... .......... .......... .......... .......... 94.0M
 36700K .......... .......... .......... .......... .......... 4.11M
 36750K .......... .......... .......... .......... ..........  103M
 36800K .......... .......... .......... .......... .......... 4.08M
 36850K .......... .......... .......... .......... .......... 91.1M
 36900K .......... .......... .......... .......... .......... 4.11M
 36950K .......... .......... .......... .......... .......... 95.9M
 37000K .......... .......... .......... .......... .......... 4.13M
 37050K .......... .......... .......... .......... .......... 98.7M
 37100K .......... .......... .......... .......... .......... 4.09M
 37150K .......... .......... .......... .......... ..........  108M
 37200K .......... .......... .......... .......... .......... 4.07M
 37250K .......... .......... .......... .......... ..........  129M
 37300K .......... .......... .......... .......... .......... 4.13M
 37350K .......... .......... .......... .......... ..........  105M
 37400K .......... .......... .......... .......... .......... 3.99M
 37450K .......... .......... .......... .......... ..........  118M
 37500K .......... .......... .......... .......... ..........  124M
 37550K .......... .......... .......... .......... .......... 4.09M
 37600K .......... .......... .......... .......... ..........  123M
 37650K .......... .......... .......... .......... .......... 4.08M
 37700K .......... .......... .......... .......... ..........  121M
 37750K .......... .......... .......... .......... .......... 4.10M
 37800K .......... .......... .......... .......... ..........  121M
 37850K .......... .......... .......... .......... .......... 4.08M
 37900K .......... .......... .......... .......... ..........  123M
 37950K .......... .......... .......... .......... .......... 4.08M
 38000K .......... .......... .......... .......... ..........  109M
 38050K .......... .......... .......... .......... ..........  134M
 38100K .......... .......... .......... .......... .......... 4.10M
 38150K .......... .......... .......... .......... ..........  131M
 38200K .......... .......... .......... .......... .......... 4.08M
 38250K .......... .......... .......... .......... .......... 3.96M
 38300K .......... .......... .......... .......... ..........  116M
 38350K .......... .......... .......... .......... ..........  130M
 38400K .......... .......... .......... .......... .......... 4.08M
 38450K .......... .......... .......... .......... .......... 3.96M
 38500K .......... .......... .......... .......... ..........  128M
 38550K .......... .......... .......... .......... .......... 3.99M
 38600K .......... .......... .......... .......... .......... 4.00M
 38650K .......... .......... .......... .......... ..........  123M
 38700K .......... .......... .......... .......... .......... 4.01M
 38750K .......... .......... .......... .......... ..........  127M
 38800K .......... .......... .......... .......... .......... 3.99M
 38850K .......... .......... .......... .......... .......... 4.02M
 38900K .......... .......... .......... .......... ..........  125M
 38950K .......... .......... .......... .......... .......... 3.74M
 39000K .......... .......... .......... .......... .......... 4.34M
 39050K .......... .......... .......... .......... .......... 45.0M
 39100K .......... .......... .......... .......... .......... 4.27M
 39150K .......... .......... .......... .......... .......... 48.1M
 39200K .......... .......... .......... .......... .......... 4.06M
 39250K .......... .......... .......... .......... ..........  117M
 39300K .......... .......... .......... .......... .......... 4.03M
 39350K .......... .......... .......... .......... .......... 4.20M
 39400K .......... .......... .......... .......... .......... 57.7M
 39450K .......... .......... .......... .......... .......... 4.18M
 39500K .......... .......... .......... .......... .......... 59.6M
 39550K .......... .......... .......... .......... .......... 4.04M
 39600K .......... .......... .......... .......... .......... 2.03M
 39650K .......... .......... .......... .......... .......... 97.7M
 39700K .......... .......... .......... .......... ..........  124M
 39750K .......... .......... .......... .......... .......... 4.17M
 39800K .......... .......... .......... .......... .......... 35.1M
 39850K .......... .......... .......... .......... .......... 3.96M
 39900K .......... .......... .......... .......... .......... 3.97M
 39950K .......... .......... .......... .......... .......... 4.29M
 40000K .......... .......... .......... .......... .......... 38.3M
 40050K .......... .......... .......... .......... .......... 3.98M
 40100K .......... .......... .......... .......... .......... 2.05M
 40150K .......... .......... .......... .......... .......... 39.8M
 40200K .......... .......... .......... .......... .......... 3.91M
 40250K .......... .......... .......... .......... .......... 3.92M
 40300K .......... .......... .......... .......... .......... 3.93M
 40350K .......... .......... .......... .......... .......... 3.66M
 40400K .......... .......... .......... .......... .......... 2.20M
 40450K .......... .......... .......... .......... .......... 3.92M
 40500K .......... .......... .......... .......... .......... 3.58M
 40550K .......... .......... .......... .......... .......... 3.97M
 40600K .......... .......... .......... .......... .......... 3.94M
 40650K .......... .......... .......... .......... .......... 3.93M
 40700K .......... .......... .......... .......... .......... 3.97M
 40750K .......... .......... .......... .......... .......... 3.97M
 40800K .......... .......... .......... .......... .......... 3.97M
 40850K .......... .......... .......... .......... .......... 4.10M
 40900K .......... .......... .......... .......... .......... 3.89M
 40950K .......... .......... .......... .......... .......... 3.92M
 41000K .......... .......... .......... .......... .......... 3.94M
 41050K .......... .......... .......... .......... .......... 33.4M
 41100K .......... .......... .......... .......... .......... 3.98M
 41150K .......... .......... .......... .......... .......... 3.97M
 41200K .......... .......... .......... .......... .......... 1.98M
 41250K .......... .......... .......... .......... .......... 74.3M
 41300K .......... .......... .......... .......... .......... 3.93M
 41350K .......... .......... .......... .......... .......... 3.94M
 41400K .......... .......... .......... .......... .......... 2.02M
 41450K .......... .......... .......... .......... .......... 3.91M
 41500K .......... .......... .......... .......... .......... 3.90M
 41550K .......... .......... .......... .......... .......... 3.90M
 41600K .......... .......... .......... .......... .......... 3.92M
 41650K .......... .......... .......... .......... .......... 3.93M
 41700K .......... .......... .......... .......... .......... 3.92M
 41750K .......... .......... .......... .......... .......... 3.92M
 41800K .......... .......... .......... .......... .......... 3.90M
 41850K .......... .......... .......... .......... .......... 3.95M
 41900K .......... .......... .......... .......... .......... 3.92M
 41950K .......... .......... .......... .......... .......... 3.92M
 42000K .......... .......... .......... .......... .......... 1.99M
 42050K .......... .......... .......... .......... ..........  134M
 42100K .......... .......... .......... .......... .......... 3.92M
 42150K .......... .......... .......... .......... .......... 3.95M
 42200K .......... .......... .......... .......... .......... 3.94M
 42250K .......... .......... .......... .......... .......... 3.92M
 42300K .......... .......... .......... .......... .......... 3.94M
 42350K .......... .......... .......... .......... .......... 3.93M
 42400K .......... .......... .......... .......... .......... 3.94M
 42450K .......... .......... .......... .......... .......... 3.94M
 42500K .......... .......... .......... .......... .......... 3.95M
 42550K .......... .......... .......... .......... .......... 4.00M
 42600K .......... .......... .......... .......... .......... 88.6M
 42650K .......... .......... .......... .......... .......... 3.94M
 42700K .......... .......... .......... .......... .......... 3.93M
 42750K .......... .......... .......... .......... .......... 3.94M
 42800K .......... .......... .......... .......... .......... 3.97M
 42850K .......... .......... .......... .......... .......... 3.97M
 42900K .......... .......... .......... .......... ..........  122M
 42950K .......... .......... .......... .......... .......... 3.96M
 43000K .......... .......... .......... .......... .......... 3.96M
 43050K .......... .......... .......... .......... .......... 3.96M
 43100K .......... .......... .......... .......... ..........  129M
 43150K .......... .......... .......... .......... .......... 3.97M
 43200K .......... .......... .......... .......... .......... 3.95M
 43250K .......... .......... .......... .......... .......... 3.97M
 43300K .......... .......... .......... .......... ..........  129M
 43350K .......... .......... .......... .......... .......... 3.97M
 43400K .......... .......... .......... .......... .......... 3.97M
 43450K .......... .......... .......... .......... .......... 4.00M
 43500K .......... .......... .......... .......... ..........  111M
 43550K .......... .......... .......... .......... .......... 3.99M
 43600K .......... .......... .......... .......... .......... 3.97M
 43650K .......... .......... .......... .......... ..........  114M
 43700K .......... .......... .......... .......... .......... 3.97M
 43750K .......... .......... .......... .......... .......... 3.99M
 43800K .......... .......... .......... .......... .......... 3.97M
 43850K .......... .......... .......... .......... ..........  127M
 43900K .......... .......... .......... .......... .......... 3.97M
 43950K .......... .......... .......... .......... .......... 3.97M
 44000K .......... .......... .......... .......... ..........  124M
 44050K .......... .......... .......... .......... .......... 4.00M
 44100K .......... .......... .......... .......... .......... 3.98M
 44150K .......... .......... .......... .......... ..........  127M
 44200K .......... .......... .......... .......... .......... 3.99M
 44250K .......... .......... .......... .......... .......... 4.01M
 44300K .......... .......... .......... .......... ..........  128M
 44350K .......... .......... .......... .......... .......... 3.99M
 44400K .......... .......... .......... .......... ..........  132M
 44450K .......... .......... .......... .......... .......... 3.99M
 44500K .......... .......... .......... .......... .......... 3.99M
 44550K .......... .......... .......... .......... ..........  134M
 44600K .......... .......... .......... .......... .......... 4.04M
 44650K .......... .......... .......... .......... .......... 3.99M
 44700K .......... .......... .......... .......... ..........  125M
 44750K .......... .......... .......... .......... .......... 4.01M
 44800K .......... .......... .......... .......... ..........  129M
 44850K .......... .......... .......... .......... .......... 4.02M
 44900K .......... .......... .......... .......... .......... 3.99M
 44950K .......... .......... .......... .......... ..........  130M
 45000K .......... .......... .......... .......... .......... 3.99M
 45050K .......... .......... .......... .......... ..........  118M
 45100K .......... .......... .......... .......... .......... 3.70M
 45150K .......... .......... .......... .......... .......... 4.42M
 45200K .......... .......... .......... .......... ..........  129M
 45250K .......... .......... .......... .......... .......... 4.02M
 45300K .......... .......... .......... .......... ..........  124M
 45350K .......... .......... .......... .......... .......... 4.03M
 45400K .......... .......... .......... .......... .......... 70.8M
 45450K .......... .......... .......... .......... .......... 4.14M
 45500K .......... .......... .......... .......... .......... 3.99M
 45550K .......... .......... .......... .......... ..........  133M
 45600K .......... .......... .......... .......... .......... 4.06M
 45650K .......... .......... .......... .......... ..........  103M
 45700K .......... .......... .......... .......... .......... 4.07M
 45750K .......... .......... .......... .......... ..........  103M
 45800K .......... .......... .......... .......... .......... 4.05M
 45850K .......... .......... .......... .......... .......... 4.04M
 45900K .......... .......... .......... .......... ..........  111M
 45950K .......... .......... .......... .......... .......... 4.04M
 46000K .......... .......... .......... .......... ..........  118M
 46050K .......... .......... .......... .......... .......... 4.05M
 46100K .......... .......... .......... .......... ..........  115M
 46150K .......... .......... .......... .......... .......... 4.04M
 46200K .......... .......... .......... .......... ..........  131M
 46250K .......... .......... .......... .......... .......... 4.03M
 46300K .......... .......... .......... .......... ..........  120M
 46350K .......... .......... .......... .......... .......... 4.04M
 46400K .......... .......... .......... .......... ..........  128M
 46450K .......... .......... .......... .......... .......... 4.05M
 46500K .......... .......... .......... .......... ..........  126M
 46550K .......... .......... .......... .......... .......... 4.03M
 46600K .......... .......... .......... .......... .......... 4.11M
 46650K .......... .......... .......... .......... .......... 92.5M
 46700K .......... .......... .......... .......... .......... 4.07M
 46750K .......... .......... .......... .......... ..........  119M
 46800K .......... .......... .......... .......... .......... 4.03M
 46850K .......... .......... .......... .......... ..........  126M
 46900K .......... .......... .......... .......... .......... 4.05M
 46950K .......... .......... .......... .......... ..........  129M
 47000K .......... .......... .......... .......... .......... 4.05M
 47050K .......... .......... .......... .......... ..........  124M
 47100K .......... .......... .......... .......... .......... 4.07M
 47150K .......... .......... .......... .......... ..........  125M
 47200K .......... .......... .......... .......... .......... 4.05M
 47250K .......... .......... .......... .......... ..........  120M
 47300K .......... .......... .......... .......... .......... 4.07M
 47350K .......... .......... .......... .......... ..........  130M
 47400K .......... .......... .......... .......... .......... 4.06M
 47450K .......... .......... .......... .......... ..........  125M
 47500K .......... .......... .......... .......... .......... 4.06M
 47550K .......... .......... .......... .......... ..........  121M
 47600K .......... .......... .......... .......... .......... 3.97M
 47650K .......... .......... .......... .......... .......... 3.98M
 47700K .......... .......... .......... .......... ..........  114M
 47750K .......... .......... .......... .......... .......... 4.00M
 47800K .......... .......... .......... .......... .......... 4.00M
 47850K .......... .......... .......... .......... ..........  118M
 47900K .......... .......... .......... .......... .......... 3.99M
 47950K .......... .......... .......... .......... .......... 3.99M
 48000K .......... .......... .......... .......... ..........  118M
 48050K .......... .......... .......... .......... .......... 4.01M
 48100K .......... .......... .......... .......... .......... 4.00M
 48150K .......... .......... .......... .......... ..........  129M
 48200K .......... .......... .......... .......... .......... 3.97M
 48250K .......... .......... .......... .......... .......... 3.71M
 48300K .......... .......... .......... .......... .......... 4.22M
 48350K .......... .......... .......... .......... .......... 3.92M
 48400K .......... .......... .......... .......... .......... 3.95M
 48450K .......... .......... .......... .......... .......... 3.96M
 48500K .......... .......... .......... .......... .......... 3.90M
 48550K .......... .......... .......... .......... .......... 3.92M
 48600K .......... .......... .......... .......... .......... 3.94M
 48650K .......... .......... .......... .......... .......... 3.97M
 48700K .......... .......... .......... .......... .......... 87.3M
 48750K .......... .......... .......... .......... .......... 3.92M
 48800K .......... .......... .......... .......... .......... 3.94M
 48850K .......... .......... .......... .......... .......... 3.94M
 48900K .......... .......... .......... .......... .......... 3.94M
 48950K .......... .......... .......... .......... .......... 3.83M
 49000K .......... .......... .......... .......... .......... 4.00M
 49050K .......... .......... .......... .......... .......... 3.89M
 49100K .......... .......... .......... .......... .......... 1.96M
 49150K .......... .......... .......... .......... .......... 3.91M
 49200K .......... .......... .......... .......... .......... 1.98M
 49250K .......... .......... .......... .......... .......... 3.86M
 49300K .......... .......... .......... .......... .......... 1.97M
 49350K .......... .......... .......... .......... .......... 3.88M
 49400K .......... .......... .......... .......... .......... 1.98M
 49450K .......... .......... .......... .......... .......... 1.98M
 49500K .......... .......... .......... .......... .......... 3.85M
 49550K .......... .......... .......... .......... .......... 3.89M
 49600K .......... .......... .......... .......... .......... 1.98M
 49650K .......... .......... .......... .......... .......... 3.91M
 49700K .......... .......... .......... .......... .......... 3.89M
 49750K .......... .......... .......... .......... .......... 1.99M
 49800K .......... .......... .......... .......... .......... 3.90M
 49850K .......... .......... .......... .......... .......... 3.91M
 49900K .......... .......... .......... .......... .......... 3.90M
 49950K .......... .......... .......... .......... .......... 3.90M
 50000K .......... .......... .......... .......... .......... 2.01M
 50050K .......... .......... .......... .......... .......... 3.87M
 50100K .......... .......... .......... .......... .......... 3.92M
 50150K .......... .......... .......... .......... .......... 3.92M
 50200K .......... .......... .......... .......... .......... 3.93M
 50250K .......... .......... .......... .......... .......... 3.92M
 50300K .......... .......... .......... .......... .......... 3.93M
 50350K .......... .......... .......... .......... .......... 3.94M
 50400K .......... .......... .......... .......... .......... 3.91M
 50450K .......... .......... .......... .......... .......... 3.90M
 50500K .......... .......... .......... .......... .......... 3.91M
 50550K .......... .......... .......... .......... .......... 3.94M
 50600K .......... .......... .......... .......... .......... 3.91M
 50650K .......... .......... .......... .......... .......... 3.91M
 50700K .......... .......... .......... .......... .......... 3.92M
 50750K .......... .......... .......... .......... .......... 3.96M
 50800K .......... .......... .......... .......... .......... 3.96M
 50850K .......... .......... .......... .......... .......... 3.94M
 50900K .......... .......... .......... .......... .......... 3.94M
 50950K .......... .......... .......... .......... ..........  126M
 51000K .......... .......... .......... .......... .......... 3.96M
 51050K .......... .......... .......... .......... .......... 3.95M
 51100K .......... .......... .......... .......... .......... 3.95M
 51150K .......... .......... .......... .......... .......... 3.98M
 51200K .......... .......... .......... .......... .......... 3.97M
 51250K .......... .......... .......... .......... ..........  124M
 51300K .......... .......... .......... .......... .......... 3.96M
 51350K .......... .......... .......... .......... .......... 3.98M
 51400K .......... .......... .......... .......... .......... 3.97M
 51450K .......... .......... .......... .......... .......... 3.97M
 51500K .......... .......... .......... .......... ..........  124M
 51550K .......... .......... .......... .......... .......... 3.97M
 51600K .......... .......... .......... .......... .......... 3.95M
 51650K .......... .......... .......... .......... .......... 3.97M
 51700K .......... .......... .......... .......... ..........  121M
 51750K .......... .......... .......... .......... .......... 3.99M
 51800K .......... .......... .......... .......... .......... 3.94M
 51850K .......... .......... .......... .......... .......... 3.98M
 51900K .......... .......... .......... .......... ..........  119M
 51950K .......... .......... .......... .......... .......... 3.98M
 52000K .......... .......... .......... .......... .......... 3.97M
 52050K .......... .......... .......... .......... ..........  125M
 52100K .......... .......... .......... .......... .......... 3.97M
 52150K .......... .......... .......... .......... .......... 3.99M
 52200K .......... .......... .......... .......... .......... 3.98M
 52250K .......... .......... .......... .......... ..........  126M
 52300K .......... .......... .......... .......... .......... 3.97M
 52350K .......... .......... .......... .......... .......... 4.00M
 52400K .......... .......... .......... .......... ..........  115M
 52450K .......... .......... .......... .......... .......... 4.00M
 52500K .......... .......... .......... .......... .......... 4.01M
 52550K .......... .......... .......... .......... ..........  115M
 52600K .......... .......... .......... .......... .......... 3.98M
 52650K .......... .......... .......... .......... .......... 4.02M
 52700K .......... .......... .......... .......... .......... 86.1M
 52750K .......... .......... .......... .......... .......... 3.99M
 52800K .......... .......... .......... .......... .......... 4.10M
 52850K .......... .......... .......... .......... .......... 63.0M
 52900K .......... .......... .......... .......... .......... 3.98M
 52950K .......... .......... .......... .......... .......... 4.14M
 53000K .......... .......... .......... .......... .......... 61.7M
 53050K .......... .......... .......... .......... .......... 4.03M
 53100K .......... .......... .......... .......... ..........  106M
 53150K .......... .......... .......... .......... .......... 4.01M
 53200K .......... .......... .......... .......... .......... 4.12M
 53250K .......... .......... .......... .......... .......... 35.8M
 53300K .......... .......... .......... .......... .......... 4.34M
 53350K .......... .......... .......... .......... .......... 4.17M
 53400K .......... .......... .......... .......... .......... 29.9M
 53450K .......... .......... .......... .......... .......... 4.34M
 53500K .......... .......... .......... .......... .......... 39.7M
 53550K .......... .......... .......... .......... .......... 4.04M
 53600K .......... .......... .......... .......... .......... 4.31M
 53650K .......... .......... .......... .......... .......... 40.3M
 53700K .......... .......... .......... .......... .......... 4.29M
 53750K .......... .......... .......... .......... .......... 43.1M
 53800K .......... .......... .......... .......... .......... 4.09M
 53850K .......... .......... .......... .......... .......... 98.7M
 53900K .......... .......... .......... .......... .......... 4.05M
 53950K .......... .......... .......... .......... .......... 4.22M
 54000K .......... .......... .......... .......... .......... 51.6M
 54050K .......... .......... .......... .......... .......... 4.11M
 54100K .......... .......... .......... .......... .......... 87.2M
 54150K .......... .......... .......... .......... .......... 4.11M
 54200K .......... .......... .......... .......... .......... 85.4M
 54250K .......... .......... .......... .......... .......... 4.11M
 54300K .......... .......... .......... .......... .......... 4.14M
 54350K .......... .......... .......... .......... .......... 56.0M
 54400K .......... .......... .......... .......... .......... 4.19M
 54450K .......... .......... .......... .......... .......... 67.8M
 54500K .......... .......... .......... .......... .......... 4.10M
 54550K .......... .......... .......... .......... .......... 83.8M
 54600K .......... .......... .......... .......... .......... 4.13M
 54650K .......... .......... .......... .......... .......... 84.4M
 54700K .......... .......... .......... .......... .......... 4.03M
 54750K .......... .......... .......... .......... .......... 4.13M
 54800K .......... .......... .......... .......... .......... 77.3M
 54850K .......... .......... .......... .......... .......... 4.11M
 54900K .......... .......... .......... .......... .......... 78.9M
 54950K .......... .......... .......... .......... .......... 4.12M
 55000K .......... .......... .......... .......... .......... 95.5M
 55050K .......... .......... .......... .......... .......... 4.10M
 55100K .......... .......... .......... .......... .......... 91.5M
 55150K .......... .......... .......... .......... .......... 4.10M
 55200K .......... .......... .......... .......... .......... 92.5M
 55250K .......... .......... .......... .......... .......... 4.08M
 55300K .......... .......... .......... .......... .......... 33.2M
 55350K .......... .......... .......... .......... .......... 4.48M
 55400K .......... .......... .......... .......... .......... 31.5M
 55450K .......... .......... .......... .......... .......... 4.51M
 55500K .......... .......... .......... .......... .......... 31.6M
 55550K .......... .......... .......... .......... .......... 4.48M
 55600K .......... .......... .......... .......... .......... 32.0M
 55650K .......... .......... .......... .......... .......... 4.50M
 55700K .......... .......... .......... .......... .......... 29.9M
 55750K .......... .......... .......... .......... .......... 4.54M
 55800K .......... .......... .......... .......... .......... 28.8M
 55850K .......... .......... .......... .......... .......... 4.54M
 55900K .......... .......... .......... .......... .......... 28.7M
 55950K .......... .......... .......... .......... .......... 4.54M
 56000K .......... .......... .......... .......... .......... 30.1M
 56050K .......... .......... .......... .......... .......... 4.48M
 56100K .......... .......... .......... .......... .......... 32.9M
 56150K .......... .......... .......... .......... .......... 4.46M
 56200K .......... .......... .......... .......... .......... 3.51M
 56250K .......... .......... .......... .......... ..........  121M
 56300K .......... .......... .......... .......... ..........  125M
 56350K .......... .......... .......... .......... .......... 4.31M
 56400K .......... .......... .......... .......... .......... 4.06M
 56450K .......... .......... .......... .......... .......... 40.4M
 56500K .......... .......... .......... .......... .......... 4.21M
 56550K .......... .......... .......... .......... .......... 4.04M
 56600K .......... .......... .......... .......... .......... 40.4M
 56650K .......... .......... .......... .......... .......... 4.26M
 56700K .......... .......... .......... .......... .......... 3.59M
 56750K .......... .......... .......... .......... ..........  129M
 56800K .......... .......... .......... .......... .......... 4.15M
 56850K .......... .......... .......... .......... .......... 3.95M
 56900K .......... .......... .......... .......... .......... 3.94M
 56950K .......... .......... .......... .......... .......... 3.94M
 57000K .......... .......... .......... .......... .......... 4.09M
 57050K .......... .......... .......... .......... .......... 3.96M
 57100K .......... .......... .......... .......... .......... 3.97M
 57150K .......... .......... .......... .......... .......... 4.06M
 57200K .......... .......... .......... .......... .......... 38.0M
 57250K .......... .......... .......... .......... .......... 3.97M
 57300K .......... .......... .......... .......... .......... 3.98M
 57350K .......... .......... .......... .......... .......... 4.00M
 57400K .......... .......... .......... .......... .......... 4.16M
 57450K .......... .......... .......... .......... .......... 3.93M
 57500K .......... .......... .......... .......... .......... 24.5M
 57550K .......... .......... .......... .......... .......... 4.36M
 57600K .......... .......... .......... .......... .......... 3.96M
 57650K .......... .......... .......... .......... .......... 4.07M
 57700K .......... .......... .......... .......... .......... 3.97M
 57750K .......... .......... .......... .......... .......... 30.4M
 57800K .......... .......... .......... .......... .......... 4.27M
 57850K .......... .......... .......... .......... .......... 4.08M
 57900K .......... .......... .......... .......... .......... 3.97M
 57950K .......... .......... .......... .......... .......... 31.4M
 58000K .......... .......... .......... .......... .......... 4.28M
 58050K .......... .......... .......... .......... .......... 3.95M
 58100K .......... .......... .......... .......... .......... 4.09M
 58150K .......... .......... .......... .......... .......... 28.0M
 58200K .......... .......... .......... .......... .......... 4.31M
 58250K .......... .......... .......... .......... .......... 3.99M
 58300K .......... .......... .......... .......... .......... 4.09M
 58350K .......... .......... .......... .......... .......... 28.6M
 58400K .......... .......... .......... .......... .......... 4.38M
 58450K .......... .......... .......... .......... .......... 4.09M
 58500K .......... .......... .......... .......... .......... 28.3M
 58550K .......... .......... .......... .......... .......... 4.11M
 58600K .......... .......... .......... .......... .......... 4.30M
 58650K .......... .......... .......... .......... .......... 30.6M
 58700K .......... .......... .......... .......... .......... 4.10M
 58750K .......... .......... .......... .......... .......... 4.31M
 58800K .......... .......... .......... .......... .......... 31.3M
 58850K .......... .......... .......... .......... .......... 3.99M
 58900K .......... .......... .......... .......... .......... 4.42M
 58950K .......... .......... .......... .......... .......... 32.6M
 59000K .......... .......... .......... .......... .......... 4.02M
 59050K .......... .......... .......... .......... .......... 4.36M
 59100K .......... .......... .......... .......... .......... 34.9M
 59150K .......... .......... .......... .......... .......... 4.04M
 59200K .......... .......... .......... .......... .......... 4.29M
 59250K .......... .......... .......... .......... .......... 42.9M
 59300K .......... .......... .......... .......... .......... 4.30M
 59350K .......... .......... .......... .......... .......... 43.1M
 59400K .......... .......... .......... .......... .......... 3.87M
 59450K .......... .......... .......... .......... .......... 4.35M
 59500K .......... .......... .......... .......... .......... 40.3M
 59550K .......... .......... .......... .......... .......... 4.03M
 59600K .......... .......... .......... .......... .......... 4.28M
 59650K .......... .......... .......... .......... .......... 46.8M
 59700K .......... .......... .......... .......... .......... 4.06M
 59750K .......... .......... .......... .......... ..........  122M
 59800K .......... .......... .......... .......... .......... 4.04M
 59850K .......... .......... .......... .......... .......... 4.11M
 59900K .......... .......... .......... .......... .......... 78.5M
 59950K .......... .......... .......... .......... .......... 4.07M
 60000K .......... .......... .......... .......... ..........  110M
 60050K .......... .......... .......... .......... .......... 4.03M
 60100K .......... .......... .......... .......... .......... 4.08M
 60150K .......... .......... .......... .......... .......... 90.6M
 60200K .......... .......... .......... .......... .......... 4.03M
 60250K .......... .......... .......... .......... ..........  127M
 60300K .......... .......... .......... .......... .......... 4.02M
 60350K .......... .......... .......... .......... ..........  125M
 60400K .......... .......... .......... .......... .......... 4.03M
 60450K .......... .......... .......... .......... ..........  136M
 60500K .......... .......... .......... .......... .......... 4.03M
 60550K .......... .......... .......... .......... .......... 4.02M
 60600K .......... .......... .......... .......... ..........  126M
 60650K .......... .......... .......... .......... .......... 4.02M
 60700K .......... .......... .......... .......... ..........  119M
 60750K .......... .......... .......... .......... .......... 4.04M
 60800K .......... .......... .......... .......... ..........  124M
 60850K .......... .......... .......... .......... .......... 4.00M
 60900K .......... .......... .......... .......... ..........  119M
 60950K .......... .......... .......... .......... .......... 4.01M
 61000K .......... .......... .......... .......... ..........  131M
 61050K .......... .......... .......... .......... .......... 4.05M
 61100K .......... .......... .......... .......... ..........  122M
 61150K .......... .......... .......... .......... .......... 4.06M
 61200K .......... .......... .......... .......... ..........  130M
 61250K .......... .......... .......... .......... .......... 4.05M
 61300K .......... .......... .......... .......... .......... 4.09M
 61350K .......... .......... .......... .......... .......... 93.2M
 61400K .......... .......... .......... .......... .......... 4.07M
 61450K .......... .......... .......... .......... .......... 34.8M
 61500K .......... .......... .......... .......... .......... 4.40M
 61550K .......... .......... .......... .......... ..........  123M
 61600K .......... .......... .......... .......... .......... 4.07M
 61650K .......... .......... .......... .......... .......... 48.2M
 61700K .......... .......... .......... .......... .......... 4.27M
 61750K .......... .......... .......... .......... .......... 48.8M
 61800K .......... .......... .......... .......... .......... 3.80M
 61850K .......... .......... .......... .......... ..........  134M
 61900K .......... .......... .......... .......... .......... 4.20M
 61950K .......... .......... .......... .......... .......... 3.96M
 62000K .......... .......... .......... .......... .......... 3.95M
 62050K .......... .......... .......... .......... ..........  123M
 62100K .......... .......... .......... .......... .......... 3.95M
 62150K .......... .......... .......... .......... .......... 4.00M
 62200K .......... .......... .......... .......... ..........  123M
 62250K .......... .......... .......... .......... .......... 3.98M
 62300K .......... .......... .......... .......... .......... 3.95M
 62350K .......... .......... .......... .......... ..........  130M
 62400K .......... .......... .......... .......... .......... 3.95M
 62450K .......... .......... .......... .......... .......... 3.94M
 62500K .......... .......... .......... .......... .......... 4.16M
 62550K .......... .......... .......... .......... .......... 47.0M
 62600K .......... .......... .......... .......... .......... 3.95M
 62650K .......... .......... .......... .......... .......... 4.23M
 62700K .......... .......... .......... .......... .......... 43.8M
 62750K .......... .......... .......... .......... .......... 3.95M
 62800K .......... .......... .......... .......... .......... 4.35M
 62850K .......... .......... .......... .......... .......... 35.4M
 62900K .......... .......... .......... .......... .......... 4.00M
 62950K .......... .......... .......... .......... ..........  133M
 63000K .......... .......... .......... .......... .......... 4.00M
 63050K .......... .......... .......... .......... .......... 3.98M
 63100K .......... .......... .......... .......... ..........  129M
 63150K .......... .......... .......... .......... .......... 3.99M
 63200K .......... .......... .......... .......... .......... 4.18M
 63250K .......... .......... .......... .......... .......... 59.7M
 63300K .......... .......... .......... .......... .......... 4.01M
 63350K .......... .......... .......... .......... ..........  132M
 63400K .......... .......... .......... .......... .......... 4.00M
 63450K .......... .......... .......... .......... .......... 4.07M
 63500K .......... .......... .......... .......... .......... 32.3M
 63550K .......... .......... .......... .......... .......... 4.04M
 63600K .......... .......... .......... .......... ..........  133M
 63650K .......... .......... .......... .......... .......... 4.01M
 63700K .......... .......... .......... .......... .......... 4.10M
 63750K .......... .......... .......... .......... .......... 85.4M
 63800K .......... .......... .......... .......... .......... 3.98M
 63850K .......... .......... .......... .......... ..........  132M
 63900K .......... .......... .......... .......... .......... 4.03M
 63950K .......... .......... .......... .......... .......... 4.81M
 64000K .......... .......... .......... .......... .......... 3.30M
 64050K .......... .......... .......... .......... ..........  130M
 64100K .......... .......... .......... .......... .......... 4.15M
 64150K .......... .......... .......... .......... .......... 61.5M
 64200K .......... .......... .......... .......... .......... 1.99M
 64250K .......... .......... .......... .......... .......... 62.6M
 64300K .......... .......... .......... .......... .......... 2.11M
 64350K .......... .......... .......... .......... .......... 3.93M
 64400K .......... .......... .......... .......... .......... 3.91M
 64450K .......... .......... .......... .......... .......... 3.77M
 64500K .......... .......... .......... .......... .......... 3.76M
 64550K .......... .......... .......... .......... .......... 3.93M
 64600K .......... .......... .......... .......... .......... 3.93M
 64650K .......... .......... .......... .......... .......... 2.07M
 64700K .......... .......... .......... .......... .......... 3.92M
 64750K .......... .......... .......... .......... .......... 3.93M
 64800K .......... .......... .......... .......... .......... 3.94M
 64850K .......... .......... .......... .......... .......... 3.92M
 64900K .......... .......... .......... .......... .......... 3.90M
 64950K .......... .......... .......... .......... .......... 3.93M
 65000K .......... .......... .......... .......... .......... 3.94M
 65050K .......... .......... .......... .......... .......... 3.92M
 65100K .......... .......... .......... .......... .......... 3.95M
 65150K .......... .......... .......... .......... .......... 3.94M
 65200K .......... .......... .......... .......... ..........  111M
 65250K .......... .......... .......... .......... .......... 3.90M
 65300K .......... .......... .......... .......... .......... 3.91M
 65350K .......... .......... .......... .......... .......... 3.90M
 65400K .......... .......... .......... .......... .......... 1.94M
 65450K .......... .......... .......... .......... ..........  120M
 65500K .......... .......... .......... .......... .......... 3.75M
 65550K .......... .......... .......... ....                  2.95M=12s

2025-08-30 05:00:46 (5.23 MB/s) - 'pcl-1.9.1.tar.gz' saved [67158067]

+ tar -xzf pcl-1.9.1.tar.gz
+ cd pcl-pcl-1.9.1
+ mkdir build
+ cd build
+ cmake -DCMAKE_BUILD_TYPE=Release -DBUILD_surface_on_nurbs=ON -DUSE_UMFPACK=ON -DBUILD_examples=OFF -DBUILD_apps=OFF -DWITH_VTK=OFF -DWITH_QT=OFF -DBUILD_visualization=OFF -DWITH_OPENGL=OFF -DPython3_EXECUTABLE=/usr/bin/python3 ..
CMake Deprecation Warning at CMakeLists.txt:8 (cmake_policy):
  The OLD behavior for policy CMP0074 will be removed from a future version
  of CMake.

  The cmake-policies(7) manual explains that the OLD behaviors of all
  policies are deprecated and that a policy should be set to OLD only under
  specific short-term circumstances.  Projects should be ported to the NEW
  behavior and not rely on setting a policy to OLD.


CMake Warning (dev) at /usr/share/cmake/Modules/FindPackageHandleStandardArgs.cmake:438 (message):
  The package name passed to `find_package_handle_standard_args` (LIBUSB_1)
  does not match the name of the calling package (libusb-1.0).  This can lead
  to problems in calling code that expects `find_package` result variables
  (e.g., `_FOUND`) to follow a certain pattern.
Call Stack (most recent call first):
  cmake/Modules/Findlibusb-1.0.cmake:66 (find_package_handle_standard_args)
  CMakeLists.txt:292 (find_package)
This warning is for project developers.  Use -Wno-dev to suppress it.

CMake Warning (dev) at /usr/share/cmake/Modules/FindPackageHandleStandardArgs.cmake:438 (message):
  The package name passed to `find_package_handle_standard_args` (USB_10)
  does not match the name of the calling package (OpenNI).  This can lead to
  problems in calling code that expects `find_package` result variables
  (e.g., `_FOUND`) to follow a certain pattern.
Call Stack (most recent call first):
  cmake/Modules/FindOpenNI.cmake:28 (find_package_handle_standard_args)
  cmake/pcl_targets.cmake:861 (find_package)
  CMakeLists.txt:299 (PCL_ADD_GRABBER_DEPENDENCY)
This warning is for project developers.  Use -Wno-dev to suppress it.

CMake Warning (dev) at /usr/share/cmake/Modules/FindPackageHandleStandardArgs.cmake:438 (message):
  The package name passed to `find_package_handle_standard_args` (USB_10)
  does not match the name of the calling package (OpenNI2).  This can lead to
  problems in calling code that expects `find_package` result variables
  (e.g., `_FOUND`) to follow a certain pattern.
Call Stack (most recent call first):
  cmake/Modules/FindOpenNI2.cmake:28 (find_package_handle_standard_args)
  cmake/pcl_targets.cmake:861 (find_package)
  CMakeLists.txt:300 (PCL_ADD_GRABBER_DEPENDENCY)
This warning is for project developers.  Use -Wno-dev to suppress it.

CMake Warning (dev) at /usr/share/cmake/Modules/FindPackageHandleStandardArgs.cmake:438 (message):
  The package name passed to `find_package_handle_standard_args` (ENSENSO)
  does not match the name of the calling package (Ensenso).  This can lead to
  problems in calling code that expects `find_package` result variables
  (e.g., `_FOUND`) to follow a certain pattern.
Call Stack (most recent call first):
  cmake/Modules/FindEnsenso.cmake:41 (find_package_handle_standard_args)
  cmake/pcl_targets.cmake:861 (find_package)
  CMakeLists.txt:302 (PCL_ADD_GRABBER_DEPENDENCY)
This warning is for project developers.  Use -Wno-dev to suppress it.

CMake Warning (dev) at /usr/share/cmake/Modules/FindPackageHandleStandardArgs.cmake:438 (message):
  The package name passed to `find_package_handle_standard_args` (PCAP) does
  not match the name of the calling package (Pcap).  This can lead to
  problems in calling code that expects `find_package` result variables
  (e.g., `_FOUND`) to follow a certain pattern.
Call Stack (most recent call first):
  cmake/Modules/FindPcap.cmake:103 (find_package_handle_standard_args)
  CMakeLists.txt:410 (find_package)
This warning is for project developers.  Use -Wno-dev to suppress it.

CMake Warning:
  Manually-specified variables were not used by the project:

    Python3_EXECUTABLE


++ nproc
+ make -j8
cc1plus: warning: '-Wabi' won't warn about anything [-Wabi]
cc1plus: warning: '-Wabi' won't warn about anything [-Wabi]
cc1plus: warning: '-Wabi' won't warn about anything [-Wabi]
cc1plus: warning: '-Wabi' won't warn about anything [-Wabi]
cc1plus: warning: '-Wabi' won't warn about anything [-Wabi]
cc1plus: note: '-Wabi' warns about differences from the most up-to-date ABI, which is also used by default
cc1plus: note: '-Wabi' warns about differences from the most up-to-date ABI, which is also used by default
cc1plus: note: '-Wabi' warns about differences from the most up-to-date ABI, which is also used by default
cc1plus: note: '-Wabi' warns about differences from the most up-to-date ABI, which is also used by default
cc1plus: note: '-Wabi' warns about differences from the most up-to-date ABI, which is also used by default
cc1plus: note: use e.g. '-Wabi=11' to warn about changes from GCC 7
cc1plus: note: use e.g. '-Wabi=11' to warn about changes from GCC 7
cc1plus: note: use e.g. '-Wabi=11' to warn about changes from GCC 7
cc1plus: note: use e.g. '-Wabi=11' to warn about changes from GCC 7
cc1plus: note: use e.g. '-Wabi=11' to warn about changes from GCC 7
cc1plus: warning: '-Wabi' won't warn about anything [-Wabi]
cc1plus: note: '-Wabi' warns about differences from the most up-to-date ABI, which is also used by default
cc1plus: note: use e.g. '-Wabi=11' to warn about changes from GCC 7
cc1plus: warning: '-Wabi' won't warn about anything [-Wabi]
cc1plus: note: '-Wabi' warns about differences from the most up-to-date ABI, which is also used by default
cc1plus: note: use e.g. '-Wabi=11' to warn about changes from GCC 7
cc1plus: warning: '-Wabi' won't warn about anything [-Wabi]
cc1plus: note: '-Wabi' warns about differences from the most up-to-date ABI, which is also used by default
cc1plus: note: use e.g. '-Wabi=11' to warn about changes from GCC 7
In file included from /opt/pcl-pcl-1.9.1/common/include/pcl/pcl_base.h:55,
                 from /opt/pcl-pcl-1.9.1/common/include/pcl/common/common.h:41,
                 from /opt/pcl-pcl-1.9.1/common/include/pcl/common/distances.h:40,
                 from /opt/pcl-pcl-1.9.1/common/src/distances.cpp:37:
/opt/pcl-pcl-1.9.1/common/include/pcl/PCLPointCloud2.h:11:10: fatal error: boost/detail/endian.hpp: No such file or directory
   11 | #include <boost/detail/endian.hpp>
      |          ^~~~~~~~~~~~~~~~~~~~~~~~~
compilation terminated.
In file included from /opt/pcl-pcl-1.9.1/common/include/pcl/pcl_base.h:55,
                 from /opt/pcl-pcl-1.9.1/common/include/pcl/common/common.h:41,
                 from /opt/pcl-pcl-1.9.1/common/src/common.cpp:39:
/opt/pcl-pcl-1.9.1/common/include/pcl/PCLPointCloud2.h:11:10: fatal error: boost/detail/endian.hpp: No such file or directory
   11 | #include <boost/detail/endian.hpp>
      |          ^~~~~~~~~~~~~~~~~~~~~~~~~
compilation terminated.
In file included from /opt/pcl-pcl-1.9.1/common/include/pcl/pcl_base.h:55,
                 from /opt/pcl-pcl-1.9.1/common/include/pcl/impl/pcl_base.hpp:40,
                 from /opt/pcl-pcl-1.9.1/common/src/pcl_base.cpp:39:
/opt/pcl-pcl-1.9.1/common/include/pcl/PCLPointCloud2.h:11:10: fatal error: boost/detail/endian.hpp: No such file or directory
   11 | #include <boost/detail/endian.hpp>
      |          ^~~~~~~~~~~~~~~~~~~~~~~~~
compilation terminated.
make[2]: *** [common/CMakeFiles/pcl_common.dir/build.make:146: common/CMakeFiles/pcl_common.dir/src/distances.cpp.o] Error 1
make[2]: *** Waiting for unfinished jobs....
make[2]: *** [common/CMakeFiles/pcl_common.dir/build.make:118: common/CMakeFiles/pcl_common.dir/src/common.cpp.o] Error 1
make[2]: *** [common/CMakeFiles/pcl_common.dir/build.make:90: common/CMakeFiles/pcl_common.dir/src/pcl_base.cpp.o] Error 1
In file included from /opt/pcl-pcl-1.9.1/common/include/pcl/pcl_base.h:55,
                 from /opt/pcl-pcl-1.9.1/common/include/pcl/common/io.h:45,
                 from /opt/pcl-pcl-1.9.1/common/src/io.cpp:42:
/opt/pcl-pcl-1.9.1/common/include/pcl/PCLPointCloud2.h:11:10: fatal error: boost/detail/endian.hpp: No such file or directory
   11 | #include <boost/detail/endian.hpp>
      |          ^~~~~~~~~~~~~~~~~~~~~~~~~
compilation terminated.
make[2]: *** [common/CMakeFiles/pcl_common.dir/build.make:104: common/CMakeFiles/pcl_common.dir/src/io.cpp.o] Error 1
In file included from /opt/pcl-pcl-1.9.1/io/include/pcl/io/ply/ply.h:45,
                 from /opt/pcl-pcl-1.9.1/io/include/pcl/io/ply/ply_parser.h:66,
                 from /opt/pcl-pcl-1.9.1/io/src/ply/ply_parser.cpp:41:
/opt/pcl-pcl-1.9.1/io/include/pcl/io/ply/byte_order.h:43:10: fatal error: boost/detail/endian.hpp: No such file or directory
   43 | #include <boost/detail/endian.hpp>
      |          ^~~~~~~~~~~~~~~~~~~~~~~~~
compilation terminated.
make[2]: *** [io/CMakeFiles/pcl_io_ply.dir/build.make:76: io/CMakeFiles/pcl_io_ply.dir/src/ply/ply_parser.cpp.o] Error 1
make[1]: *** [CMakeFiles/Makefile2:990: io/CMakeFiles/pcl_io_ply.dir/all] Error 2
make[1]: *** Waiting for unfinished jobs....
make[1]: *** [CMakeFiles/Makefile2:828: common/CMakeFiles/pcl_common.dir/all] Error 2
make: *** [Makefile:146: all] Error 2
FATAL:   While performing build: while running engine: exit status 2
