INFO:    User not listed in /etc/subuid, trying root-mapped namespace
INFO:    The %post section will be run under fakeroot
INFO:    Starting build...
Copying blob sha256:216950d230057a9fb5f9890a3147b098c09acac05df07bed2aa34e580756740a
Copying config sha256:86beaeb08a93662c70ce13476bd835381e9002d19088312db06f7bc2cb21feaf
Writing manifest to image destination
2025/08/30 15:04:17  info unpack layer: sha256:216950d230057a9fb5f9890a3147b098c09acac05df07bed2aa34e580756740a
INFO:    Running post scriptlet
+ dnf update -y
+ dnf install -y epel-release
+ dnf config-manager --set-enabled crb
+ dnf install -y gcc-c++ cmake git wget pkgconfig libtool autoconf automake make
+ dnf install -y eigen3-devel flann-devel boost-devel qhull-devel libusb1-devel gtest-devel libpng-devel openmpi-devel python3-devel python3-numpy python3-pip
Importing GPG key 0x3228467C:
 Userid     : "Fedora (epel9) <epel@fedoraproject.org>"
 Fingerprint: FF8A D134 4597 106E CE81 3B91 8A38 72BF 3228 467C
 From       : /etc/pki/rpm-gpg/RPM-GPG-KEY-EPEL-9
+ dnf install -y suitesparse-devel
+ dnf install -y CGAL-devel
+ cd /opt
+ wget https://github.com/PointCloudLibrary/pcl/archive/pcl-1.9.1.tar.gz
--2025-08-30 05:05:27--  https://github.com/PointCloudLibrary/pcl/archive/pcl-1.9.1.tar.gz
Resolving github.com (github.com)... 4.237.22.38
Connecting to github.com (github.com)|4.237.22.38|:443... connected.
HTTP request sent, awaiting response... 302 Found
Location: https://codeload.github.com/PointCloudLibrary/pcl/tar.gz/refs/tags/pcl-1.9.1 [following]
--2025-08-30 05:05:27--  https://codeload.github.com/PointCloudLibrary/pcl/tar.gz/refs/tags/pcl-1.9.1
Resolving codeload.github.com (codeload.github.com)... 4.237.22.35
Connecting to codeload.github.com (codeload.github.com)|4.237.22.35|:443... connected.
HTTP request sent, awaiting response... 200 OK
Length: unspecified [application/x-gzip]
Saving to: 'pcl-1.9.1.tar.gz'

     0K .......... .......... .......... .......... .......... 1.19M
    50K .......... .......... .......... .......... .......... 3.59M
   100K .......... .......... .......... .......... .......... 29.2M
   150K .......... .......... .......... .......... .......... 4.08M
   200K .......... .......... .......... .......... .......... 89.5M
   250K .......... .......... .......... .......... ..........  115M
   300K .......... .......... .......... .......... ..........  116M
   350K .......... .......... .......... .......... .......... 3.94M
   400K .......... .......... .......... .......... .......... 95.4M
   450K .......... .......... .......... .......... ..........  112M
   500K .......... .......... .......... .......... ..........  117M
   550K .......... .......... .......... .......... ..........  122M
   600K .......... .......... .......... .......... ..........  108M
   650K .......... .......... .......... .......... ..........  125M
   700K .......... .......... .......... .......... .......... 4.68M
   750K .......... .......... .......... .......... .......... 54.6M
   800K .......... .......... .......... .......... ..........  102M
   850K .......... .......... .......... .......... ..........  122M
   900K .......... .......... .......... .......... ..........  117M
   950K .......... .......... .......... .......... ..........  127M
  1000K .......... .......... .......... .......... ..........  120M
  1050K .......... .......... .......... .......... ..........  128M
  1100K .......... .......... .......... .......... ..........  120M
  1150K .......... .......... .......... .......... ..........  120M
  1200K .......... .......... .......... .......... ..........  124M
  1250K .......... .......... .......... .......... .......... 2.88M
  1300K .......... .......... .......... .......... .......... 68.0M
  1350K .......... .......... .......... .......... ..........  123M
  1400K .......... .......... .......... .......... .......... 96.9M
  1450K .......... .......... .......... .......... .......... 9.15M
  1500K .......... .......... .......... .......... .......... 22.5M
  1550K .......... .......... .......... .......... .......... 36.3M
  1600K .......... .......... .......... .......... ..........  122M
  1650K .......... .......... .......... .......... ..........  111M
  1700K .......... .......... .......... .......... ..........  119M
  1750K .......... .......... .......... .......... .......... 8.75M
  1800K .......... .......... .......... .......... .......... 47.9M
  1850K .......... .......... .......... .......... .......... 66.9M
  1900K .......... .......... .......... .......... ..........  113M
  1950K .......... .......... .......... .......... ..........  124M
  2000K .......... .......... .......... .......... .......... 8.43M
  2050K .......... .......... .......... .......... .......... 40.8M
  2100K .......... .......... .......... .......... .......... 60.5M
  2150K .......... .......... .......... .......... .......... 36.4M
  2200K .......... .......... .......... .......... ..........  118M
  2250K .......... .......... .......... .......... ..........  123M
  2300K .......... .......... .......... .......... .......... 10.1M
  2350K .......... .......... .......... .......... .......... 96.1M
  2400K .......... .......... .......... .......... ..........  112M
  2450K .......... .......... .......... .......... ..........  121M
  2500K .......... .......... .......... .......... ..........  124M
  2550K .......... .......... .......... .......... .......... 7.54M
  2600K .......... .......... .......... .......... .......... 98.2M
  2650K .......... .......... .......... .......... .......... 74.7M
  2700K .......... .......... .......... .......... ..........  118M
  2750K .......... .......... .......... .......... ..........  133M
  2800K .......... .......... .......... .......... .......... 4.38M
  2850K .......... .......... .......... .......... ..........  123M
  2900K .......... .......... .......... .......... .......... 94.0M
  2950K .......... .......... .......... .......... ..........  108M
  3000K .......... .......... .......... .......... ..........  125M
  3050K .......... .......... .......... .......... .......... 25.0M
  3100K .......... .......... .......... .......... ..........  118M
  3150K .......... .......... .......... .......... ..........  114M
  3200K .......... .......... .......... .......... ..........  116M
  3250K .......... .......... .......... .......... ..........  117M
  3300K .......... .......... .......... .......... .......... 8.23M
  3350K .......... .......... .......... .......... ..........  120M
  3400K .......... .......... .......... .......... ..........  113M
  3450K .......... .......... .......... .......... ..........  123M
  3500K .......... .......... .......... .......... ..........  117M
  3550K .......... .......... .......... .......... .......... 7.45M
  3600K .......... .......... .......... .......... .......... 71.6M
  3650K .......... .......... .......... .......... ..........  123M
  3700K .......... .......... .......... .......... ..........  110M
  3750K .......... .......... .......... .......... ..........  121M
  3800K .......... .......... .......... .......... .......... 7.94M
  3850K .......... .......... .......... .......... .......... 53.6M
  3900K .......... .......... .......... .......... ..........  117M
  3950K .......... .......... .......... .......... ..........  111M
  4000K .......... .......... .......... .......... ..........  111M
  4050K .......... .......... .......... .......... .......... 7.30M
  4100K .......... .......... .......... .......... .......... 44.3M
  4150K .......... .......... .......... .......... ..........  113M
  4200K .......... .......... .......... .......... .......... 26.6M
  4250K .......... .......... .......... .......... ..........  116M
  4300K .......... .......... .......... .......... .......... 60.2M
  4350K .......... .......... .......... .......... .......... 9.32M
  4400K .......... .......... .......... .......... .......... 1.64M
  4450K .......... .......... .......... .......... ..........  107M
  4500K .......... .......... .......... .......... ..........  119M
  4550K .......... .......... .......... .......... ..........  121M
  4600K .......... .......... .......... .......... .......... 1.37M
  4650K .......... .......... .......... .......... ..........  116M
  4700K .......... .......... .......... .......... ..........  121M
  4750K .......... .......... .......... .......... ..........  115M
  4800K .......... .......... .......... .......... ..........  115M
  4850K .......... .......... .......... .......... ..........  135M
  4900K .......... .......... .......... .......... ..........  115M
  4950K .......... .......... .......... .......... ..........  127M
  5000K .......... .......... .......... .......... ..........  121M
  5050K .......... .......... .......... .......... ..........  117M
  5100K .......... .......... .......... .......... ..........  131M
  5150K .......... .......... .......... .......... ..........  120M
  5200K .......... .......... .......... .......... .......... 2.43M
  5250K .......... .......... .......... .......... .......... 92.7M
  5300K .......... .......... .......... .......... ..........  116M
  5350K .......... .......... .......... .......... ..........  135M
  5400K .......... .......... .......... .......... .......... 18.8M
  5450K .......... .......... .......... .......... .......... 9.23M
  5500K .......... .......... .......... .......... ..........  112M
  5550K .......... .......... .......... .......... ..........  120M
  5600K .......... .......... .......... .......... ..........  139M
  5650K .......... .......... .......... .......... .......... 37.6M
  5700K .......... .......... .......... .......... ..........  110M
  5750K .......... .......... .......... .......... ..........  216M
  5800K .......... .......... .......... .......... .......... 9.05M
  5850K .......... .......... .......... .......... .......... 86.8M
  5900K .......... .......... .......... .......... .......... 6.79M
  5950K .......... .......... .......... .......... ..........  120M
  6000K .......... .......... .......... .......... ..........  118M
  6050K .......... .......... .......... .......... ..........  126M
  6100K .......... .......... .......... .......... ..........  119M
  6150K .......... .......... .......... .......... .......... 28.2M
  6200K .......... .......... .......... .......... .......... 9.86M
  6250K .......... .......... .......... .......... .......... 32.9M
  6300K .......... .......... .......... .......... ..........  121M
  6350K .......... .......... .......... .......... ..........  128M
  6400K .......... .......... .......... .......... .......... 75.0M
  6450K .......... .......... .......... .......... .......... 9.00M
  6500K .......... .......... .......... .......... .......... 89.3M
  6550K .......... .......... .......... .......... .......... 84.5M
  6600K .......... .......... .......... .......... .......... 73.6M
  6650K .......... .......... .......... .......... .......... 56.4M
  6700K .......... .......... .......... .......... .......... 90.7M
  6750K .......... .......... .......... .......... .......... 5.08M
  6800K .......... .......... .......... .......... .......... 77.2M
  6850K .......... .......... .......... .......... .......... 74.6M
  6900K .......... .......... .......... .......... .......... 20.4M
  6950K .......... .......... .......... .......... ..........  101M
  7000K .......... .......... .......... .......... .......... 47.1M
  7050K .......... .......... .......... .......... .......... 56.7M
  7100K .......... .......... .......... .......... .......... 95.2M
  7150K .......... .......... .......... .......... .......... 70.9M
  7200K .......... .......... .......... .......... .......... 10.8M
  7250K .......... .......... .......... .......... .......... 87.8M
  7300K .......... .......... .......... .......... ..........  109M
  7350K .......... .......... .......... .......... ..........  103M
  7400K .......... .......... .......... .......... .......... 38.7M
  7450K .......... .......... .......... .......... .......... 9.39M
  7500K .......... .......... .......... .......... .......... 57.1M
  7550K .......... .......... .......... .......... ..........  112M
  7600K .......... .......... .......... .......... ..........  115M
  7650K .......... .......... .......... .......... ..........  111M
  7700K .......... .......... .......... .......... ..........  111M
  7750K .......... .......... .......... .......... .......... 8.12M
  7800K .......... .......... .......... .......... ..........  105M
  7850K .......... .......... .......... .......... ..........  123M
  7900K .......... .......... .......... .......... ..........  120M
  7950K .......... .......... .......... .......... ..........  123M
  8000K .......... .......... .......... .......... .......... 6.86M
  8050K .......... .......... .......... .......... ..........  101M
  8100K .......... .......... .......... .......... ..........  115M
  8150K .......... .......... .......... .......... .......... 39.3M
  8200K .......... .......... .......... .......... .......... 27.2M
  8250K .......... .......... .......... .......... ..........  103M
  8300K .......... .......... .......... .......... .......... 31.9M
  8350K .......... .......... .......... .......... .......... 13.8M
  8400K .......... .......... .......... .......... .......... 1.62M
  8450K .......... .......... .......... .......... ..........  121M
  8500K .......... .......... .......... .......... ..........  125M
  8550K .......... .......... .......... .......... .......... 97.4M
  8600K .......... .......... .......... .......... .......... 1.39M
  8650K .......... .......... .......... .......... ..........  107M
  8700K .......... .......... .......... .......... ..........  119M
  8750K .......... .......... .......... .......... ..........  125M
  8800K .......... .......... .......... .......... ..........  127M
  8850K .......... .......... .......... .......... .......... 14.0M
  8900K .......... .......... .......... .......... ..........  106M
  8950K .......... .......... .......... .......... ..........  115M
  9000K .......... .......... .......... .......... ..........  110M
  9050K .......... .......... .......... .......... ..........  109M
  9100K .......... .......... .......... .......... ..........  105M
  9150K .......... .......... .......... .......... .......... 41.2M
  9200K .......... .......... .......... .......... .......... 3.03M
  9250K .......... .......... .......... .......... .......... 55.6M
  9300K .......... .......... .......... .......... ..........  115M
  9350K .......... .......... .......... .......... .......... 15.7M
  9400K .......... .......... .......... .......... ..........  121M
  9450K .......... .......... .......... .......... ..........  123M
  9500K .......... .......... .......... .......... .......... 9.02M
  9550K .......... .......... .......... .......... ..........  106M
  9600K .......... .......... .......... .......... ..........  102M
  9650K .......... .......... .......... .......... ..........  112M
  9700K .......... .......... .......... .......... ..........  118M
  9750K .......... .......... .......... .......... .......... 35.7M
  9800K .......... .......... .......... .......... ..........  119M
  9850K .......... .......... .......... .......... .......... 14.5M
  9900K .......... .......... .......... .......... .......... 5.78M
  9950K .......... .......... .......... .......... ..........  119M
 10000K .......... .......... .......... .......... .......... 60.0M
 10050K .......... .......... .......... .......... .......... 99.9M
 10100K .......... .......... .......... .......... ..........  100M
 10150K .......... .......... .......... .......... .......... 54.9M
 10200K .......... .......... .......... .......... .......... 9.80M
 10250K .......... .......... .......... .......... ..........  119M
 10300K .......... .......... .......... .......... .......... 17.4M
 10350K .......... .......... .......... .......... .......... 36.5M
 10400K .......... .......... .......... .......... ..........  125M
 10450K .......... .......... .......... .......... ..........  131M
 10500K .......... .......... .......... .......... .......... 14.2M
 10550K .......... .......... .......... .......... .......... 67.0M
 10600K .......... .......... .......... .......... .......... 19.1M
 10650K .......... .......... .......... .......... ..........  102M
 10700K .......... .......... .......... .......... .......... 98.8M
 10750K .......... .......... .......... .......... .......... 5.61M
 10800K .......... .......... .......... .......... .......... 74.1M
 10850K .......... .......... .......... .......... .......... 19.8M
 10900K .......... .......... .......... .......... ..........  108M
 10950K .......... .......... .......... .......... ..........  123M
 11000K .......... .......... .......... .......... ..........  121M
 11050K .......... .......... .......... .......... .......... 27.4M
 11100K .......... .......... .......... .......... .......... 97.3M
 11150K .......... .......... .......... .......... .......... 10.8M
 11200K .......... .......... .......... .......... .......... 76.3M
 11250K .......... .......... .......... .......... ..........  120M
 11300K .......... .......... .......... .......... .......... 19.4M
 11350K .......... .......... .......... .......... ..........  111M
 11400K .......... .......... .......... .......... .......... 85.8M
 11450K .......... .......... .......... .......... ..........  104M
 11500K .......... .......... .......... .......... .......... 14.1M
 11550K .......... .......... .......... .......... .......... 40.2M
 11600K .......... .......... .......... .......... ..........  116M
 11650K .......... .......... .......... .......... .......... 42.8M
 11700K .......... .......... .......... .......... .......... 10.1M
 11750K .......... .......... .......... .......... .......... 84.9M
 11800K .......... .......... .......... .......... .......... 43.5M
 11850K .......... .......... .......... .......... .......... 60.1M
 11900K .......... .......... .......... .......... ..........  105M
 11950K .......... .......... .......... .......... .......... 7.50M
 12000K .......... .......... .......... .......... .......... 76.1M
 12050K .......... .......... .......... .......... .......... 86.1M
 12100K .......... .......... .......... .......... .......... 76.9M
 12150K .......... .......... .......... .......... ..........  127M
 12200K .......... .......... .......... .......... ..........  119M
 12250K .......... .......... .......... .......... .......... 29.7M
 12300K .......... .......... .......... .......... .......... 59.3M
 12350K .......... .......... .......... .......... .......... 11.2M
 12400K .......... .......... .......... .......... .......... 27.9M
 12450K .......... .......... .......... .......... .......... 1.69M
 12500K .......... .......... .......... .......... ..........  107M
 12550K .......... .......... .......... .......... .......... 74.0M
 12600K .......... .......... .......... .......... .......... 8.91M
 12650K .......... .......... .......... .......... .......... 1.59M
 12700K .......... .......... .......... .......... ..........  112M
 12750K .......... .......... .......... .......... ..........  118M
 12800K .......... .......... .......... .......... ..........  120M
 12850K .......... .......... .......... .......... .......... 18.9M
 12900K .......... .......... .......... .......... .......... 62.1M
 12950K .......... .......... .......... .......... .......... 19.2M
 13000K .......... .......... .......... .......... .......... 50.2M
 13050K .......... .......... .......... .......... .......... 65.2M
 13100K .......... .......... .......... .......... .......... 77.3M
 13150K .......... .......... .......... .......... ..........  117M
 13200K .......... .......... .......... .......... .......... 3.49M
 13250K .......... .......... .......... .......... .......... 73.0M
 13300K .......... .......... .......... .......... ..........  102M
 13350K .......... .......... .......... .......... .......... 18.7M
 13400K .......... .......... .......... .......... .......... 9.94M
 13450K .......... .......... .......... .......... .......... 94.0M
 13500K .......... .......... .......... .......... .......... 57.0M
 13550K .......... .......... .......... .......... ..........  103M
 13600K .......... .......... .......... .......... .......... 52.3M
 13650K .......... .......... .......... .......... .......... 99.5M
 13700K .......... .......... .......... .......... ..........  113M
 13750K .......... .......... .......... .......... ..........  127M
 13800K .......... .......... .......... .......... .......... 11.3M
 13850K .......... .......... .......... .......... .......... 44.2M
 13900K .......... .......... .......... .......... .......... 97.0M
 13950K .......... .......... .......... .......... .......... 6.66M
 14000K .......... .......... .......... .......... .......... 96.1M
 14050K .......... .......... .......... .......... .......... 71.8M
 14100K .......... .......... .......... .......... .......... 85.9M
 14150K .......... .......... .......... .......... .......... 73.0M
 14200K .......... .......... .......... .......... .......... 84.0M
 14250K .......... .......... .......... .......... .......... 10.3M
 14300K .......... .......... .......... .......... .......... 18.0M
 14350K .......... .......... .......... .......... .......... 8.77M
 14400K .......... .......... .......... .......... .......... 85.0M
 14450K .......... .......... .......... .......... .......... 36.7M
 14500K .......... .......... .......... .......... ..........  126M
 14550K .......... .......... .......... .......... ..........  134M
 14600K .......... .......... .......... .......... ..........  123M
 14650K .......... .......... .......... .......... ..........  116M
 14700K .......... .......... .......... .......... .......... 5.48M
 14750K .......... .......... .......... .......... .......... 97.3M
 14800K .......... .......... .......... .......... .......... 71.0M
 14850K .......... .......... .......... .......... .......... 15.6M
 14900K .......... .......... .......... .......... .......... 65.5M
 14950K .......... .......... .......... .......... .......... 80.3M
 15000K .......... .......... .......... .......... .......... 39.1M
 15050K .......... .......... .......... .......... .......... 86.0M
 15100K .......... .......... .......... .......... .......... 10.7M
 15150K .......... .......... .......... .......... .......... 82.2M
 15200K .......... .......... .......... .......... .......... 77.1M
 15250K .......... .......... .......... .......... .......... 26.8M
 15300K .......... .......... .......... .......... .......... 97.2M
 15350K .......... .......... .......... .......... .......... 11.4M
 15400K .......... .......... .......... .......... .......... 85.7M
 15450K .......... .......... .......... .......... .......... 99.7M
 15500K .......... .......... .......... .......... .......... 76.9M
 15550K .......... .......... .......... .......... .......... 74.7M
 15600K .......... .......... .......... .......... .......... 97.2M
 15650K .......... .......... .......... .......... .......... 52.3M
 15700K .......... .......... .......... .......... ..........  107M
 15750K .......... .......... .......... .......... .......... 11.9M
 15800K .......... .......... .......... .......... .......... 61.4M
 15850K .......... .......... .......... .......... .......... 74.0M
 15900K .......... .......... .......... .......... .......... 31.4M
 15950K .......... .......... .......... .......... .......... 7.71M
 16000K .......... .......... .......... .......... .......... 53.6M
 16050K .......... .......... .......... .......... .......... 52.6M
 16100K .......... .......... .......... .......... .......... 61.1M
 16150K .......... .......... .......... .......... ..........  116M
 16200K .......... .......... .......... .......... .......... 43.3M
 16250K .......... .......... .......... .......... .......... 84.9M
 16300K .......... .......... .......... .......... ..........  108M
 16350K .......... .......... .......... .......... ..........  110M
 16400K .......... .......... .......... .......... .......... 12.5M
 16450K .......... .......... .......... .......... .......... 24.7M
 16500K .......... .......... .......... .......... .......... 1.74M
 16550K .......... .......... .......... .......... .......... 36.7M
 16600K .......... .......... .......... .......... .......... 66.0M
 16650K .......... .......... .......... .......... .......... 8.90M
 16700K .......... .......... .......... .......... .......... 1.68M
 16750K .......... .......... .......... .......... .......... 38.7M
 16800K .......... .......... .......... .......... .......... 13.4M
 16850K .......... .......... .......... .......... .......... 81.2M
 16900K .......... .......... .......... .......... .......... 63.2M
 16950K .......... .......... .......... .......... .......... 93.6M
 17000K .......... .......... .......... .......... .......... 30.4M
 17050K .......... .......... .......... .......... .......... 84.5M
 17100K .......... .......... .......... .......... ..........  105M
 17150K .......... .......... .......... .......... .......... 3.07M
 17200K .......... .......... .......... .......... .......... 92.0M
 17250K .......... .......... .......... .......... ..........  113M
 17300K .......... .......... .......... .......... .......... 21.5M
 17350K .......... .......... .......... .......... .......... 76.8M
 17400K .......... .......... .......... .......... .......... 74.6M
 17450K .......... .......... .......... .......... .......... 13.5M
 17500K .......... .......... .......... .......... .......... 42.7M
 17550K .......... .......... .......... .......... .......... 29.0M
 17600K .......... .......... .......... .......... .......... 63.5M
 17650K .......... .......... .......... .......... .......... 58.1M
 17700K .......... .......... .......... .......... .......... 65.0M
 17750K .......... .......... .......... .......... .......... 61.2M
 17800K .......... .......... .......... .......... .......... 20.0M
 17850K .......... .......... .......... .......... .......... 92.3M
 17900K .......... .......... .......... .......... .......... 50.7M
 17950K .......... .......... .......... .......... .......... 6.76M
 18000K .......... .......... .......... .......... .......... 71.4M
 18050K .......... .......... .......... .......... .......... 60.3M
 18100K .......... .......... .......... .......... ..........  122M
 18150K .......... .......... .......... .......... .......... 39.4M
 18200K .......... .......... .......... .......... ..........  115M
 18250K .......... .......... .......... .......... .......... 10.8M
 18300K .......... .......... .......... .......... .......... 18.5M
 18350K .......... .......... .......... .......... ..........  177M
 18400K .......... .......... .......... .......... .......... 9.50M
 18450K .......... .......... .......... .......... .......... 50.4M
 18500K .......... .......... .......... .......... .......... 77.7M
 18550K .......... .......... .......... .......... .......... 28.6M
 18600K .......... .......... .......... .......... .......... 99.5M
 18650K .......... .......... .......... .......... ..........  198M
 18700K .......... .......... .......... .......... .......... 56.9M
 18750K .......... .......... .......... .......... .......... 6.40M
 18800K .......... .......... .......... .......... .......... 60.1M
 18850K .......... .......... .......... .......... .......... 15.4M
 18900K .......... .......... .......... .......... .......... 88.6M
 18950K .......... .......... .......... .......... .......... 20.4M
 19000K .......... .......... .......... .......... ..........  244M
 19050K .......... .......... .......... .......... ..........  193M
 19100K .......... .......... .......... .......... .......... 9.84M
 19150K .......... .......... .......... .......... ..........  204M
 19200K .......... .......... .......... .......... .......... 18.1M
 19250K .......... .......... .......... .......... ..........  164M
 19300K .......... .......... .......... .......... ..........  224M
 19350K .......... .......... .......... .......... .......... 10.6M
 19400K .......... .......... .......... .......... ..........  255M
 19450K .......... .......... .......... .......... .......... 61.9M
 19500K .......... .......... .......... .......... ..........  223M
 19550K .......... .......... .......... .......... ..........  157M
 19600K .......... .......... .......... .......... .......... 32.4M
 19650K .......... .......... .......... .......... ..........  136M
 19700K .......... .......... .......... .......... .......... 10.8M
 19750K .......... .......... .......... .......... ..........  140M
 19800K .......... .......... .......... .......... ..........  246M
 19850K .......... .......... .......... .......... .......... 52.7M
 19900K .......... .......... .......... .......... .......... 60.4M
 19950K .......... .......... .......... .......... .......... 7.38M
 20000K .......... .......... .......... .......... .......... 36.0M
 20050K .......... .......... .......... .......... ..........  132M
 20100K .......... .......... .......... .......... .......... 49.4M
 20150K .......... .......... .......... .......... .......... 66.6M
 20200K .......... .......... .......... .......... .......... 48.8M
 20250K .......... .......... .......... .......... .......... 83.2M
 20300K .......... .......... .......... .......... .......... 99.4M
 20350K .......... .......... .......... .......... .......... 11.1M
 20400K .......... .......... .......... .......... .......... 77.5M
 20450K .......... .......... .......... .......... .......... 42.3M
 20500K .......... .......... .......... .......... .......... 93.1M
 20550K .......... .......... .......... .......... .......... 1.74M
 20600K .......... .......... .......... .......... .......... 34.9M
 20650K .......... .......... .......... .......... .......... 8.61M
 20700K .......... .......... .......... .......... .......... 70.4M
 20750K .......... .......... .......... .......... .......... 1.69M
 20800K .......... .......... .......... .......... .......... 37.2M
 20850K .......... .......... .......... .......... .......... 12.8M
 20900K .......... .......... .......... .......... .......... 84.0M
 20950K .......... .......... .......... .......... ..........  120M
 21000K .......... .......... .......... .......... .......... 19.9M
 21050K .......... .......... .......... .......... .......... 79.4M
 21100K .......... .......... .......... .......... .......... 3.05M
 21150K .......... .......... .......... .......... .......... 75.9M
 21200K .......... .......... .......... .......... .......... 19.0M
 21250K .......... .......... .......... .......... .......... 90.5M
 21300K .......... .......... .......... .......... .......... 90.4M
 21350K .......... .......... .......... .......... .......... 85.9M
 21400K .......... .......... .......... .......... .......... 88.4M
 21450K .......... .......... .......... .......... .......... 71.8M
 21500K .......... .......... .......... .......... .......... 83.8M
 21550K .......... .......... .......... .......... .......... 17.9M
 21600K .......... .......... .......... .......... .......... 26.2M
 21650K .......... .......... .......... .......... .......... 50.4M
 21700K .......... .......... .......... .......... .......... 86.8M
 21750K .......... .......... .......... .......... .......... 11.3M
 21800K .......... .......... .......... .......... .......... 81.9M
 21850K .......... .......... .......... .......... ..........  119M
 21900K .......... .......... .......... .......... .......... 81.5M
 21950K .......... .......... .......... .......... .......... 85.1M
 22000K .......... .......... .......... .......... .......... 7.95M
 22050K .......... .......... .......... .......... .......... 39.9M
 22100K .......... .......... .......... .......... .......... 74.7M
 22150K .......... .......... .......... .......... .......... 54.4M
 22200K .......... .......... .......... .......... .......... 84.8M
 22250K .......... .......... .......... .......... .......... 9.57M
 22300K .......... .......... .......... .......... .......... 75.9M
 22350K .......... .......... .......... .......... .......... 30.3M
 22400K .......... .......... .......... .......... .......... 9.56M
 22450K .......... .......... .......... .......... .......... 72.0M
 22500K .......... .......... .......... .......... .......... 53.3M
 22550K .......... .......... .......... .......... .......... 86.5M
 22600K .......... .......... .......... .......... .......... 31.1M
 22650K .......... .......... .......... .......... .......... 35.4M
 22700K .......... .......... .......... .......... .......... 86.6M
 22750K .......... .......... .......... .......... .......... 80.1M
 22800K .......... .......... .......... .......... .......... 7.13M
 22850K .......... .......... .......... .......... .......... 13.9M
 22900K .......... .......... .......... .......... .......... 92.5M
 22950K .......... .......... .......... .......... .......... 68.1M
 23000K .......... .......... .......... .......... .......... 28.1M
 23050K .......... .......... .......... .......... .......... 9.43M
 23100K .......... .......... .......... .......... .......... 99.1M
 23150K .......... .......... .......... .......... .......... 68.3M
 23200K .......... .......... .......... .......... .......... 21.5M
 23250K .......... .......... .......... .......... .......... 76.4M
 23300K .......... .......... .......... .......... .......... 12.0M
 23350K .......... .......... .......... .......... .......... 71.2M
 23400K .......... .......... .......... .......... .......... 78.8M
 23450K .......... .......... .......... .......... .......... 76.7M
 23500K .......... .......... .......... .......... ..........  109M
 23550K .......... .......... .......... .......... .......... 64.3M
 23600K .......... .......... .......... .......... .......... 75.9M
 23650K .......... .......... .......... .......... .......... 87.5M
 23700K .......... .......... .......... .......... .......... 12.3M
 23750K .......... .......... .......... .......... .......... 74.8M
 23800K .......... .......... .......... .......... .......... 69.4M
 23850K .......... .......... .......... .......... ..........  122M
 23900K .......... .......... .......... .......... ..........  112M
 23950K .......... .......... .......... .......... .......... 16.0M
 24000K .......... .......... .......... .......... .......... 12.9M
 24050K .......... .......... .......... .......... .......... 54.5M
 24100K .......... .......... .......... .......... .......... 96.2M
 24150K .......... .......... .......... .......... .......... 51.5M
 24200K .......... .......... .......... .......... .......... 50.9M
 24250K .......... .......... .......... .......... .......... 53.0M
 24300K .......... .......... .......... .......... .......... 66.0M
 24350K .......... .......... .......... .......... .......... 11.8M
 24400K .......... .......... .......... .......... .......... 84.5M
 24450K .......... .......... .......... .......... .......... 23.1M
 24500K .......... .......... .......... .......... ..........  111M
 24550K .......... .......... .......... .......... .......... 1.78M
 24600K .......... .......... .......... .......... .......... 99.5M
 24650K .......... .......... .......... .......... .......... 38.9M
 24700K .......... .......... .......... .......... .......... 8.58M
 24750K .......... .......... .......... .......... .......... 1.68M
 24800K .......... .......... .......... .......... .......... 40.2M
 24850K .......... .......... .......... .......... .......... 77.0M
 24900K .......... .......... .......... .......... .......... 12.6M
 24950K .......... .......... .......... .......... .......... 68.9M
 25000K .......... .......... .......... .......... .......... 23.4M
 25050K .......... .......... .......... .......... .......... 84.2M
 25100K .......... .......... .......... .......... .......... 2.91M
 25150K .......... .......... .......... .......... .......... 75.6M
 25200K .......... .......... .......... .......... .......... 18.7M
 25250K .......... .......... .......... .......... .......... 80.0M
 25300K .......... .......... .......... .......... .......... 94.4M
 25350K .......... .......... .......... .......... .......... 86.9M
 25400K .......... .......... .......... .......... .......... 86.8M
 25450K .......... .......... .......... .......... ..........  125M
 25500K .......... .......... .......... .......... .......... 25.3M
 25550K .......... .......... .......... .......... .......... 45.0M
 25600K .......... .......... .......... .......... .......... 92.5M
 25650K .......... .......... .......... .......... .......... 33.8M
 25700K .......... .......... .......... .......... .......... 45.8M
 25750K .......... .......... .......... .......... .......... 51.4M
 25800K .......... .......... .......... .......... .......... 13.1M
 25850K .......... .......... .......... .......... .......... 56.4M
 25900K .......... .......... .......... .......... .......... 74.9M
 25950K .......... .......... .......... .......... .......... 7.33M
 26000K .......... .......... .......... .......... .......... 62.9M
 26050K .......... .......... .......... .......... .......... 87.8M
 26100K .......... .......... .......... .......... .......... 69.5M
 26150K .......... .......... .......... .......... .......... 73.3M
 26200K .......... .......... .......... .......... ..........  124M
 26250K .......... .......... .......... .......... .......... 9.60M
 26300K .......... .......... .......... .......... ..........  158M
 26350K .......... .......... .......... .......... .......... 17.8M
 26400K .......... .......... .......... .......... ..........  245M
 26450K .......... .......... .......... .......... .......... 10.1M
 26500K .......... .......... .......... .......... .......... 51.1M
 26550K .......... .......... .......... .......... .......... 21.6M
 26600K .......... .......... .......... .......... ..........  139M
 26650K .......... .......... .......... .......... ..........  162M
 26700K .......... .......... .......... .......... .......... 44.6M
 26750K .......... .......... .......... .......... .......... 6.21M
 26800K .......... .......... .......... .......... ..........  132M
 26850K .......... .......... .......... .......... ..........  172M
 26900K .......... .......... .......... .......... .......... 16.7M
 26950K .......... .......... .......... .......... .......... 43.4M
 27000K .......... .......... .......... .......... ..........  240M
 27050K .......... .......... .......... .......... .......... 62.6M
 27100K .......... .......... .......... .......... .......... 7.91M
 27150K .......... .......... .......... .......... .......... 67.8M
 27200K .......... .......... .......... .......... .......... 22.7M
 27250K .......... .......... .......... .......... .......... 23.6M
 27300K .......... .......... .......... .......... .......... 14.5M
 27350K .......... .......... .......... .......... ..........  228M
 27400K .......... .......... .......... .......... .......... 70.5M
 27450K .......... .......... .......... .......... ..........  146M
 27500K .......... .......... .......... .......... ..........  214M
 27550K .......... .......... .......... .......... .......... 31.6M
 27600K .......... .......... .......... .......... ..........  200M
 27650K .......... .......... .......... .......... .......... 10.6M
 27700K .......... .......... .......... .......... ..........  134M
 27750K .......... .......... .......... .......... ..........  201M
 27800K .......... .......... .......... .......... ..........  105M
 27850K .......... .......... .......... .......... .......... 45.4M
 27900K .......... .......... .......... .......... ..........  103M
 27950K .......... .......... .......... .......... .......... 7.69M
 28000K .......... .......... .......... .......... .......... 93.1M
 28050K .......... .......... .......... .......... ..........  120M
 28100K .......... .......... .......... .......... .......... 93.0M
 28150K .......... .......... .......... .......... .......... 53.9M
 28200K .......... .......... .......... .......... ..........  121M
 28250K .......... .......... .......... .......... .......... 55.2M
 28300K .......... .......... .......... .......... .......... 49.2M
 28350K .......... .......... .......... .......... .......... 69.1M
 28400K .......... .......... .......... .......... .......... 11.0M
 28450K .......... .......... .......... .......... ..........  123M
 28500K .......... .......... .......... .......... .......... 23.5M
 28550K .......... .......... .......... .......... .......... 1.75M
 28600K .......... .......... .......... .......... ..........  114M
 28650K .......... .......... .......... .......... .......... 51.2M
 28700K .......... .......... .......... .......... .......... 78.8M
 28750K .......... .......... .......... .......... .......... 7.68M
 28800K .......... .......... .......... .......... .......... 1.73M
 28850K .......... .......... .......... .......... .......... 38.7M
 28900K .......... .......... .......... .......... .......... 48.9M
 28950K .......... .......... .......... .......... .......... 17.5M
 29000K .......... .......... .......... .......... .......... 38.5M
 29050K .......... .......... .......... .......... .......... 22.5M
 29100K .......... .......... .......... .......... .......... 2.91M
 29150K .......... .......... .......... .......... .......... 15.0M
 29200K .......... .......... .......... .......... .......... 64.9M
 29250K .......... .......... .......... .......... .......... 86.7M
 29300K .......... .......... .......... .......... .......... 85.1M
 29350K .......... .......... .......... .......... .......... 74.6M
 29400K .......... .......... .......... .......... .......... 84.1M
 29450K .......... .......... .......... .......... .......... 86.1M
 29500K .......... .......... .......... .......... .......... 27.3M
 29550K .......... .......... .......... .......... ..........  117M
 29600K .......... .......... .......... .......... ..........  118M
 29650K .......... .......... .......... .......... ..........  131M
 29700K .......... .......... .......... .......... .......... 34.4M
 29750K .......... .......... .......... .......... .......... 48.6M
 29800K .......... .......... .......... .......... .......... 44.9M
 29850K .......... .......... .......... .......... .......... 12.4M
 29900K .......... .......... .......... .......... .......... 3.47M
 29950K .......... .......... .......... .......... ..........  121M
 30000K .......... .......... .......... .......... ..........  121M
 30050K .......... .......... .......... .......... ..........  128M
 30100K .......... .......... .......... .......... ..........  130M
 30150K .......... .......... .......... .......... .......... 5.73M
 30200K .......... .......... .......... .......... ..........  120M
 30250K .......... .......... .......... .......... ..........  127M
 30300K .......... .......... .......... .......... ..........  110M
 30350K .......... .......... .......... .......... ..........  132M
 30400K .......... .......... .......... .......... ..........  128M
 30450K .......... .......... .......... .......... ..........  131M
 30500K .......... .......... .......... .......... ..........  120M
 30550K .......... .......... .......... .......... ..........  130M
 30600K .......... .......... .......... .......... ..........  121M
 30650K .......... .......... .......... .......... ..........  126M
 30700K .......... .......... .......... .......... .......... 46.1M
 30750K .......... .......... .......... .......... .......... 29.7M
 30800K .......... .......... .......... .......... .......... 6.61M
 30850K .......... .......... .......... .......... .......... 21.1M
 30900K .......... .......... .......... .......... .......... 76.2M
 30950K .......... .......... .......... .......... .......... 76.9M
 31000K .......... .......... .......... .......... ..........  102M
 31050K .......... .......... .......... .......... .......... 76.5M
 31100K .......... .......... .......... .......... ..........  119M
 31150K .......... .......... .......... .......... .......... 92.8M
 31200K .......... .......... .......... .......... .......... 8.29M
 31250K .......... .......... .......... .......... .......... 23.9M
 31300K .......... .......... .......... .......... .......... 9.65M
 31350K .......... .......... .......... .......... .......... 90.8M
 31400K .......... .......... .......... .......... .......... 50.4M
 31450K .......... .......... .......... .......... .......... 79.2M
 31500K .......... .......... .......... .......... .......... 78.7M
 31550K .......... .......... .......... .......... ..........  107M
 31600K .......... .......... .......... .......... ..........  130M
 31650K .......... .......... .......... .......... ..........  120M
 31700K .......... .......... .......... .......... .......... 12.1M
 31750K .......... .......... .......... .......... .......... 39.7M
 31800K .......... .......... .......... .......... .......... 91.1M
 31850K .......... .......... .......... .......... .......... 77.6M
 31900K .......... .......... .......... .......... ..........  105M
 31950K .......... .......... .......... .......... .......... 7.36M
 32000K .......... .......... .......... .......... .......... 90.6M
 32050K .......... .......... .......... .......... .......... 87.3M
 32100K .......... .......... .......... .......... .......... 58.1M
 32150K .......... .......... .......... .......... .......... 97.0M
 32200K .......... .......... .......... .......... .......... 65.7M
 32250K .......... .......... .......... .......... .......... 99.4M
 32300K .......... .......... .......... .......... .......... 69.5M
 32350K .......... .......... .......... .......... ..........  123M
 32400K .......... .......... .......... .......... .......... 89.3M
 32450K .......... .......... .......... .......... .......... 11.9M
 32500K .......... .......... .......... .......... .......... 38.3M
 32550K .......... .......... .......... .......... .......... 58.6M
 32600K .......... .......... .......... .......... .......... 2.70M
 32650K .......... .......... .......... .......... .......... 4.48M
 32700K .......... .......... .......... .......... .......... 56.9M
 32750K .......... .......... .......... .......... .......... 62.9M
 32800K .......... .......... .......... .......... .......... 2.37M
 32850K .......... .......... .......... .......... .......... 3.66M
 32900K .......... .......... .......... .......... .......... 26.3M
 32950K .......... .......... .......... .......... .......... 49.6M
 33000K .......... .......... .......... .......... .......... 18.1M
 33050K .......... .......... .......... .......... .......... 14.6M
 33100K .......... .......... .......... .......... .......... 61.7M
 33150K .......... .......... .......... .......... .......... 3.13M
 33200K .......... .......... .......... .......... .......... 13.4M
 33250K .......... .......... .......... .......... .......... 36.0M
 33300K .......... .......... .......... .......... ..........  106M
 33350K .......... .......... .......... .......... ..........  122M
 33400K .......... .......... .......... .......... .......... 14.6M
 33450K .......... .......... .......... .......... .......... 83.9M
 33500K .......... .......... .......... .......... ..........  126M
 33550K .......... .......... .......... .......... ..........  117M
 33600K .......... .......... .......... .......... ..........  114M
 33650K .......... .......... .......... .......... ..........  121M
 33700K .......... .......... .......... .......... ..........  124M
 33750K .......... .......... .......... .......... .......... 58.8M
 33800K .......... .......... .......... .......... .......... 26.2M
 33850K .......... .......... .......... .......... .......... 47.9M
 33900K .......... .......... .......... .......... .......... 29.5M
 33950K .......... .......... .......... .......... .......... 5.83M
 34000K .......... .......... .......... .......... .......... 6.07M
 34050K .......... .......... .......... .......... .......... 93.9M
 34100K .......... .......... .......... .......... .......... 79.7M
 34150K .......... .......... .......... .......... .......... 71.0M
 34200K .......... .......... .......... .......... .......... 86.0M
 34250K .......... .......... .......... .......... .......... 64.7M
 34300K .......... .......... .......... .......... .......... 1.34M
 34350K .......... .......... .......... .......... .......... 88.2M
 34400K .......... .......... .......... .......... .......... 70.6M
 34450K .......... .......... .......... .......... ..........  101M
 34500K .......... .......... .......... .......... .......... 83.1M
 34550K .......... .......... .......... .......... .......... 1.70M
 34600K .......... .......... .......... .......... ..........  121M
 34650K .......... .......... .......... .......... .......... 93.2M
 34700K .......... .......... .......... .......... ..........  100M
 34750K .......... .......... .......... .......... .......... 3.20M
 34800K .......... .......... .......... .......... .......... 1.72M
 34850K .......... .......... .......... .......... .......... 52.7M
 34900K .......... .......... .......... .......... .......... 31.3M
 34950K .......... .......... .......... .......... ..........  129M
 35000K .......... .......... .......... .......... ..........  126M
 35050K .......... .......... .......... .......... .......... 1.46M
 35100K .......... .......... .......... .......... .......... 58.4M
 35150K .......... .......... .......... .......... .......... 80.0M
 35200K .......... .......... .......... .......... .......... 80.2M
 35250K .......... .......... .......... .......... .......... 94.4M
 35300K .......... .......... .......... .......... .......... 1.20M
 35350K .......... .......... .......... .......... .......... 42.4M
 35400K .......... .......... .......... .......... .......... 60.3M
 35450K .......... .......... .......... .......... .......... 58.7M
 35500K .......... .......... .......... .......... ..........  122M
 35550K .......... .......... .......... .......... .......... 5.50M
 35600K .......... .......... .......... .......... .......... 37.9M
 35650K .......... .......... .......... .......... .......... 50.1M
 35700K .......... .......... .......... .......... .......... 93.7M
 35750K .......... .......... .......... .......... .......... 80.3M
 35800K .......... .......... .......... .......... .......... 4.13M
 35850K .......... .......... .......... .......... ..........  121M
 35900K .......... .......... .......... .......... .......... 96.7M
 35950K .......... .......... .......... .......... ..........  104M
 36000K .......... .......... .......... .......... ..........  123M
 36050K .......... .......... .......... .......... .......... 4.04M
 36100K .......... .......... .......... .......... .......... 62.0M
 36150K .......... .......... .......... .......... ..........  125M
 36200K .......... .......... .......... .......... .......... 99.3M
 36250K .......... .......... .......... .......... ..........  121M
 36300K .......... .......... .......... .......... ..........  124M
 36350K .......... .......... .......... .......... .......... 3.91M
 36400K .......... .......... .......... .......... ..........  118M
 36450K .......... .......... .......... .......... .......... 70.1M
 36500K .......... .......... .......... .......... .......... 85.0M
 36550K .......... .......... .......... .......... ..........  125M
 36600K .......... .......... .......... .......... .......... 2.17M
 36650K .......... .......... .......... .......... ..........  128M
 36700K .......... .......... .......... .......... ..........  122M
 36750K .......... .......... .......... .......... ..........  121M
 36800K .......... .......... .......... .......... ..........  120M
 36850K .......... .......... .......... .......... .......... 3.02M
 36900K .......... .......... .......... .......... ..........  121M
 36950K .......... .......... .......... .......... .......... 33.8M
 37000K .......... .......... .......... .......... ..........  125M
 37050K .......... .......... .......... .......... ..........  126M
 37100K .......... .......... .......... .......... .......... 1.46M
 37150K .......... .......... .......... .......... ..........  124M
 37200K .......... .......... .......... .......... ..........  111M
 37250K .......... .......... .......... .......... ..........  128M
 37300K .......... .......... .......... .......... ..........  120M
 37350K .......... .......... .......... .......... .......... 1.81M
 37400K .......... .......... .......... .......... ..........  102M
 37450K .......... .......... .......... .......... ..........  125M
 37500K .......... .......... .......... .......... ..........  119M
 37550K .......... .......... .......... .......... ..........  128M
 37600K .......... .......... .......... .......... .......... 1.11M
 37650K .......... .......... .......... .......... ..........  120M
 37700K .......... .......... .......... .......... ..........  127M
 37750K .......... .......... .......... .......... .......... 79.1M
 37800K .......... .......... .......... .......... ..........  122M
 37850K .......... .......... .......... .......... .......... 4.34M
 37900K .......... .......... .......... .......... .......... 56.3M
 37950K .......... .......... .......... .......... ..........  128M
 38000K .......... .......... .......... .......... ..........  117M
 38050K .......... .......... .......... .......... ..........  109M
 38100K .......... .......... .......... .......... .......... 3.58M
 38150K .......... .......... .......... .......... .......... 35.3M
 38200K .......... .......... .......... .......... ..........  117M
 38250K .......... .......... .......... .......... ..........  131M
 38300K .......... .......... .......... .......... .......... 3.52M
 38350K .......... .......... .......... .......... ..........  125M
 38400K .......... .......... .......... .......... .......... 90.5M
 38450K .......... .......... .......... .......... ..........  130M
 38500K .......... .......... .......... .......... .......... 3.79M
 38550K .......... .......... .......... .......... ..........  124M
 38600K .......... .......... .......... .......... ..........  126M
 38650K .......... .......... .......... .......... .......... 2.69M
 38700K .......... .......... .......... .......... .......... 88.0M
 38750K .......... .......... .......... .......... .......... 79.5M
 38800K .......... .......... .......... .......... ..........  113M
 38850K .......... .......... .......... .......... ..........  120M
 38900K .......... .......... .......... .......... .......... 5.60M
 38950K .......... .......... .......... .......... .......... 74.4M
 39000K .......... .......... .......... .......... .......... 35.0M
 39050K .......... .......... .......... .......... ..........  132M
 39100K .......... .......... .......... .......... ..........  123M
 39150K .......... .......... .......... .......... .......... 3.62M
 39200K .......... .......... .......... .......... .......... 83.9M
 39250K .......... .......... .......... .......... .......... 60.7M
 39300K .......... .......... .......... .......... .......... 86.5M
 39350K .......... .......... .......... .......... ..........  100M
 39400K .......... .......... .......... .......... .......... 1.57M
 39450K .......... .......... .......... .......... .......... 90.0M
 39500K .......... .......... .......... .......... .......... 74.2M
 39550K .......... .......... .......... .......... ..........  128M
 39600K .......... .......... .......... .......... ..........  111M
 39650K .......... .......... .......... .......... .......... 2.05M
 39700K .......... .......... .......... .......... .......... 88.1M
 39750K .......... .......... .......... .......... .......... 69.6M
 39800K .......... .......... .......... .......... .......... 92.3M
 39850K .......... .......... .......... .......... ..........  106M
 39900K .......... .......... .......... .......... .......... 1.80M
 39950K .......... .......... .......... .......... .......... 93.1M
 40000K .......... .......... .......... .......... ..........  114M
 40050K .......... .......... .......... .......... .......... 66.8M
 40100K .......... .......... .......... .......... .......... 70.8M
 40150K .......... .......... .......... .......... .......... 2.25M
 40200K .......... .......... .......... .......... .......... 32.6M
 40250K .......... .......... .......... .......... .......... 81.2M
 40300K .......... .......... .......... .......... .......... 62.2M
 40350K .......... .......... .......... .......... .......... 85.9M
 40400K .......... .......... .......... .......... .......... 3.05M
 40450K .......... .......... .......... .......... .......... 80.7M
 40500K .......... .......... .......... .......... .......... 64.3M
 40550K .......... .......... .......... .......... .......... 70.0M
 40600K .......... .......... .......... .......... ..........  110M
 40650K .......... .......... .......... .......... ..........  128M
 40700K .......... .......... .......... .......... .......... 2.86M
 40750K .......... .......... .......... .......... .......... 55.9M
 40800K .......... .......... .......... .......... .......... 75.0M
 40850K .......... .......... .......... .......... .......... 59.0M
 40900K .......... .......... .......... .......... .......... 72.5M
 40950K .......... .......... .......... .......... .......... 1.51M
 41000K .......... .......... .......... .......... ..........  116M
 41050K .......... .......... .......... .......... .......... 23.4M
 41100K .......... .......... .......... .......... ..........  120M
 41150K .......... .......... .......... .......... ..........  130M
 41200K .......... .......... .......... .......... .......... 2.93M
 41250K .......... .......... .......... .......... .......... 95.0M
 41300K .......... .......... .......... .......... .......... 87.8M
 41350K .......... .......... .......... .......... .......... 76.9M
 41400K .......... .......... .......... .......... .......... 91.9M
 41450K .......... .......... .......... .......... .......... 1.47M
 41500K .......... .......... .......... .......... .......... 60.3M
 41550K .......... .......... .......... .......... .......... 67.2M
 41600K .......... .......... .......... .......... .......... 94.0M
 41650K .......... .......... .......... .......... .......... 81.9M
 41700K .......... .......... .......... .......... .......... 3.61M
 41750K .......... .......... .......... .......... .......... 53.1M
 41800K .......... .......... .......... .......... .......... 84.2M
 41850K .......... .......... .......... .......... .......... 58.0M
 41900K .......... .......... .......... .......... .......... 74.3M
 41950K .......... .......... .......... .......... .......... 4.68M
 42000K .......... .......... .......... .......... .......... 88.5M
 42050K .......... .......... .......... .......... .......... 54.0M
 42100K .......... .......... .......... .......... .......... 55.4M
 42150K .......... .......... .......... .......... .......... 59.6M
 42200K .......... .......... .......... .......... .......... 1.39M
 42250K .......... .......... .......... .......... ..........  109M
 42300K .......... .......... .......... .......... .......... 54.3M
 42350K .......... .......... .......... .......... .......... 63.8M
 42400K .......... .......... .......... .......... .......... 86.4M
 42450K .......... .......... .......... .......... .......... 2.44M
 42500K .......... .......... .......... .......... .......... 63.0M
 42550K .......... .......... .......... .......... ..........  112M
 42600K .......... .......... .......... .......... .......... 41.8M
 42650K .......... .......... .......... .......... .......... 99.0M
 42700K .......... .......... .......... .......... .......... 68.4M
 42750K .......... .......... .......... .......... .......... 1.91M
 42800K .......... .......... .......... .......... ..........  110M
 42850K .......... .......... .......... .......... .......... 82.1M
 42900K .......... .......... .......... .......... ..........  119M
 42950K .......... .......... .......... .......... ..........  131M
 43000K .......... .......... .......... .......... .......... 1.82M
 43050K .......... .......... .......... .......... .......... 56.2M
 43100K .......... .......... .......... .......... .......... 34.6M
 43150K .......... .......... .......... .......... ..........  131M
 43200K .......... .......... .......... .......... ..........  126M
 43250K .......... .......... .......... .......... .......... 3.97M
 43300K .......... .......... .......... .......... ..........  115M
 43350K .......... .......... .......... .......... .......... 93.6M
 43400K .......... .......... .......... .......... ..........  106M
 43450K .......... .......... .......... .......... ..........  127M
 43500K .......... .......... .......... .......... .......... 4.14M
 43550K .......... .......... .......... .......... .......... 76.9M
 43600K .......... .......... .......... .......... ..........  121M
 43650K .......... .......... .......... .......... .......... 99.0M
 43700K .......... .......... .......... .......... ..........  116M
 43750K .......... .......... .......... .......... .......... 2.52M
 43800K .......... .......... .......... .......... .......... 84.1M
 43850K .......... .......... .......... .......... .......... 60.2M
 43900K .......... .......... .......... .......... ..........  108M
 43950K .......... .......... .......... .......... .......... 98.4M
 44000K .......... .......... .......... .......... .......... 4.22M
 44050K .......... .......... .......... .......... .......... 45.7M
 44100K .......... .......... .......... .......... .......... 3.32M
 44150K .......... .......... .......... .......... ..........  123M
 44200K .......... .......... .......... .......... ..........  121M
 44250K .......... .......... .......... .......... ..........  128M
 44300K .......... .......... .......... .......... ..........  122M
 44350K .......... .......... .......... .......... ..........  129M
 44400K .......... .......... .......... .......... ..........  121M
 44450K .......... .......... .......... .......... .......... 4.76M
 44500K .......... .......... .......... .......... .......... 6.03M
 44550K .......... .......... .......... .......... .......... 38.4M
 44600K .......... .......... .......... .......... .......... 76.9M
 44650K .......... .......... .......... .......... ..........  101M
 44700K .......... .......... .......... .......... ..........  126M
 44750K .......... .......... .......... .......... ..........  131M
 44800K .......... .......... .......... .......... .......... 3.44M
 44850K .......... .......... .......... .......... .......... 47.7M
 44900K .......... .......... .......... .......... .......... 90.6M
 44950K .......... .......... .......... .......... .......... 84.0M
 45000K .......... .......... .......... .......... .......... 85.3M
 45050K .......... .......... .......... .......... .......... 4.15M
 45100K .......... .......... .......... .......... .......... 39.6M
 45150K .......... .......... .......... .......... .......... 24.5M
 45200K .......... .......... .......... .......... .......... 63.8M
 45250K .......... .......... .......... .......... .......... 72.0M
 45300K .......... .......... .......... .......... .......... 2.03M
 45350K .......... .......... .......... .......... .......... 66.6M
 45400K .......... .......... .......... .......... .......... 54.1M
 45450K .......... .......... .......... .......... ..........  121M
 45500K .......... .......... .......... .......... .......... 61.0M
 45550K .......... .......... .......... .......... .......... 2.69M
 45600K .......... .......... .......... .......... .......... 85.9M
 45650K .......... .......... .......... .......... .......... 52.8M
 45700K .......... .......... .......... .......... .......... 89.5M
 45750K .......... .......... .......... .......... .......... 66.4M
 45800K .......... .......... .......... .......... .......... 1.89M
 45850K .......... .......... .......... .......... .......... 55.9M
 45900K .......... .......... .......... .......... .......... 72.8M
 45950K .......... .......... .......... .......... .......... 43.3M
 46000K .......... .......... .......... .......... .......... 89.1M
 46050K .......... .......... .......... .......... .......... 3.41M
 46100K .......... .......... .......... .......... .......... 71.6M
 46150K .......... .......... .......... .......... .......... 59.8M
 46200K .......... .......... .......... .......... .......... 77.9M
 46250K .......... .......... .......... .......... .......... 59.3M
 46300K .......... .......... .......... .......... .......... 1.61M
 46350K .......... .......... .......... .......... .......... 37.9M
 46400K .......... .......... .......... .......... .......... 51.6M
 46450K .......... .......... .......... .......... .......... 83.3M
 46500K .......... .......... .......... .......... .......... 86.4M
 46550K .......... .......... .......... .......... .......... 3.02M
 46600K .......... .......... .......... .......... ..........  100M
 46650K .......... .......... .......... .......... .......... 25.3M
 46700K .......... .......... .......... .......... .......... 67.0M
 46750K .......... .......... .......... .......... .......... 43.8M
 46800K .......... .......... .......... .......... .......... 2.61M
 46850K .......... .......... .......... .......... .......... 44.8M
 46900K .......... .......... .......... .......... .......... 85.7M
 46950K .......... .......... .......... .......... .......... 74.5M
 47000K .......... .......... .......... .......... ..........  101M
 47050K .......... .......... .......... .......... ..........  123M
 47100K .......... .......... .......... .......... .......... 1.48M
 47150K .......... .......... .......... .......... .......... 92.5M
 47200K .......... .......... .......... .......... .......... 29.0M
 47250K .......... .......... .......... .......... ..........  133M
 47300K .......... .......... .......... .......... ..........  122M
 47350K .......... .......... .......... .......... .......... 4.72M
 47400K .......... .......... .......... .......... .......... 69.3M
 47450K .......... .......... .......... .......... .......... 53.2M
 47500K .......... .......... .......... .......... .......... 85.3M
 47550K .......... .......... .......... .......... .......... 88.4M
 47600K .......... .......... .......... .......... .......... 2.87M
 47650K .......... .......... .......... .......... .......... 59.9M
 47700K .......... .......... .......... .......... .......... 48.3M
 47750K .......... .......... .......... .......... .......... 69.9M
 47800K .......... .......... .......... .......... .......... 40.8M
 47850K .......... .......... .......... .......... ..........  904K
 47900K .......... .......... .......... .......... .......... 52.7M
 47950K .......... .......... .......... .......... .......... 50.3M
 48000K .......... .......... .......... .......... .......... 62.7M
 48050K .......... .......... .......... .......... .......... 75.4M
 48100K .......... .......... .......... .......... .......... 2.44M
 48150K .......... .......... .......... .......... .......... 77.3M
 48200K .......... .......... .......... .......... .......... 56.9M
 48250K .......... .......... .......... .......... ..........  100M
 48300K .......... .......... .......... .......... .......... 69.8M
 48350K .......... .......... .......... .......... .......... 3.83M
 48400K .......... .......... .......... .......... ..........  104M
 48450K .......... .......... .......... .......... .......... 59.5M
 48500K .......... .......... .......... .......... .......... 53.5M
 48550K .......... .......... .......... .......... .......... 96.4M
 48600K .......... .......... .......... .......... .......... 3.80M
 48650K .......... .......... .......... .......... .......... 87.2M
 48700K .......... .......... .......... .......... .......... 56.5M
 48750K .......... .......... .......... .......... .......... 68.1M
 48800K .......... .......... .......... .......... ..........  123M
 48850K .......... .......... .......... .......... .......... 3.93M
 48900K .......... .......... .......... .......... .......... 99.5M
 48950K .......... .......... .......... .......... .......... 62.2M
 49000K .......... .......... .......... .......... .......... 61.6M
 49050K .......... .......... .......... .......... .......... 88.4M
 49100K .......... .......... .......... .......... .......... 48.5M
 49150K .......... .......... .......... .......... .......... 2.42M
 49200K .......... .......... .......... .......... .......... 66.8M
 49250K .......... .......... .......... .......... .......... 36.3M
 49300K .......... .......... .......... .......... ..........  127M
 49350K .......... .......... .......... .......... ..........  122M
 49400K .......... .......... .......... .......... .......... 1.11M
 49450K .......... .......... .......... .......... ..........  120M
 49500K .......... .......... .......... .......... ..........  114M
 49550K .......... .......... .......... .......... ..........  127M
 49600K .......... .......... .......... .......... ..........  116M
 49650K .......... .......... .......... .......... ..........  950K
 49700K .......... .......... .......... .......... .......... 57.1M
 49750K .......... .......... .......... .......... .......... 67.8M
 49800K .......... .......... .......... .......... .......... 93.3M
 49850K .......... .......... .......... .......... ..........  120M
 49900K .......... .......... .......... .......... .......... 1.09M
 49950K .......... .......... .......... .......... ..........  121M
 50000K .......... .......... .......... .......... .......... 71.4M
 50050K .......... .......... .......... .......... .......... 57.2M
 50100K .......... .......... .......... .......... .......... 97.0M
 50150K .......... .......... .......... .......... ..........  927K
 50200K .......... .......... .......... .......... ..........  119M
 50250K .......... .......... .......... .......... ..........  129M
 50300K .......... .......... .......... .......... ..........  101M
 50350K .......... .......... .......... .......... .......... 88.9M
 50400K .......... .......... .......... .......... ..........  873K
 50450K .......... .......... .......... .......... ..........  105M
 50500K .......... .......... .......... .......... .......... 83.2M
 50550K .......... .......... .......... .......... ..........  118M
 50600K .......... .......... .......... .......... ..........  114M
 50650K .......... .......... .......... .......... .......... 1.80M
 50700K .......... .......... .......... .......... .......... 43.9M
 50750K .......... .......... .......... .......... .......... 60.1M
 50800K .......... .......... .......... .......... ..........  124M
 50850K .......... .......... .......... .......... ..........  124M
 50900K .......... .......... .......... .......... .......... 4.15M
 50950K .......... .......... .......... .......... .......... 46.9M
 51000K .......... .......... .......... .......... ..........  109M
 51050K .......... .......... .......... .......... ..........  124M
 51100K .......... .......... .......... .......... ..........  122M
 51150K .......... .......... .......... .......... ..........  122M
 51200K .......... .......... .......... .......... .......... 2.08M
 51250K .......... .......... .......... .......... ..........  123M
 51300K .......... .......... .......... .......... .......... 31.6M
 51350K .......... .......... .......... .......... ..........  128M
 51400K .......... .......... .......... .......... ..........  131M
 51450K .......... .......... .......... .......... .......... 1.03M
 51500K .......... .......... .......... .......... ..........  110M
 51550K .......... .......... .......... .......... ..........  123M
 51600K .......... .......... .......... .......... ..........  126M
 51650K .......... .......... .......... .......... ..........  133M
 51700K .......... .......... .......... .......... ..........  907K
 51750K .......... .......... .......... .......... .......... 85.7M
 51800K .......... .......... .......... .......... .......... 84.7M
 51850K .......... .......... .......... .......... ..........  114M
 51900K .......... .......... .......... .......... ..........  122M
 51950K .......... .......... .......... .......... ..........  663K
 52000K .......... .......... .......... .......... ..........  107M
 52050K .......... .......... .......... .......... ..........  128M
 52100K .......... .......... .......... .......... ..........  122M
 52150K .......... .......... .......... .......... ..........  136M
 52200K .......... .......... .......... .......... .......... 1.17M
 52250K .......... .......... .......... .......... ..........  120M
 52300K .......... .......... .......... .......... ..........  111M
 52350K .......... .......... .......... .......... ..........  114M
 52400K .......... .......... .......... .......... ..........  120M
 52450K .......... .......... .......... .......... ..........  977K
 52500K .......... .......... .......... .......... .......... 75.5M
 52550K .......... .......... .......... .......... ..........  132M
 52600K .......... .......... .......... .......... .......... 85.4M
 52650K .......... .......... .......... .......... ..........  126M
 52700K .......... .......... .......... .......... ..........  657K
 52750K .......... .......... .......... .......... .......... 37.8M
 52800K .......... .......... .......... .......... .......... 77.7M
 52850K .......... .......... .......... .......... .......... 71.8M
 52900K .......... .......... .......... .......... ..........  113M
 52950K .......... .......... .......... .......... ..........  578K
 53000K .......... .......... .......... .......... ..........  120M
 53050K .......... .......... .......... .......... ..........  121M
 53100K .......... .......... .......... .......... ..........  127M
 53150K .......... .......... .......... .......... ..........  132M
 53200K .......... .......... .......... .......... ..........  732K
 53250K .......... .......... .......... .......... .......... 66.6M
 53300K .......... .......... .......... .......... .......... 89.3M
 53350K .......... .......... .......... .......... .......... 36.9M
 53400K .......... .......... .......... .......... ..........  123M
 53450K .......... .......... .......... .......... .......... 1.61M
 53500K .......... .......... .......... .......... .......... 3.21M
 53550K .......... .......... .......... .......... .......... 76.6M
 53600K .......... .......... .......... .......... .......... 72.4M
 53650K .......... .......... .......... .......... ..........  115M
 53700K .......... .......... .......... .......... ..........  117M
 53750K .......... .......... .......... .......... .......... 1.08M
 53800K .......... .......... .......... .......... ..........  122M
 53850K .......... .......... .......... .......... ..........  120M
 53900K .......... .......... .......... .......... ..........  123M
 53950K .......... .......... .......... .......... ..........  137M
 54000K .......... .......... .......... .......... .......... 1.39M
 54050K .......... .......... .......... .......... ..........  107M
 54100K .......... .......... .......... .......... ..........  124M
 54150K .......... .......... .......... .......... ..........  125M
 54200K .......... .......... .......... .......... ..........  130M
 54250K .......... .......... .......... .......... .......... 1020K
 54300K .......... .......... .......... .......... .......... 58.4M
 54350K .......... .......... .......... .......... ..........  122M
 54400K .......... .......... .......... .......... ..........  105M
 54450K .......... .......... .......... .......... ..........  127M
 54500K .......... .......... .......... .......... .......... 1.01M
 54550K .......... .......... .......... .......... .......... 61.2M
 54600K .......... .......... .......... .......... ..........  117M
 54650K .......... .......... .......... .......... .......... 92.6M
 54700K .......... .......... .......... .......... ..........  103M
 54750K .......... .......... .......... .......... ..........  505K
 54800K .......... .......... .......... .......... .......... 55.4M
 54850K .......... .......... .......... .......... .......... 66.8M
 54900K .......... .......... .......... .......... ..........  116M
 54950K .......... .......... .......... .......... ..........  128M
 55000K .......... .......... .......... .......... .......... 1.39M
 55050K .......... .......... .......... .......... .......... 81.7M
 55100K .......... .......... .......... .......... ..........  117M
 55150K .......... .......... .......... .......... ..........  130M
 55200K .......... .......... .......... .......... ..........  112M
 55250K .......... .......... .......... .......... ..........  974K
 55300K .......... .......... .......... .......... .......... 51.2M
 55350K .......... .......... .......... .......... ..........  118M
 55400K .......... .......... .......... .......... .......... 27.4M
 55450K .......... .......... .......... .......... ..........  128M
 55500K .......... .......... .......... .......... ..........  120M
 55550K .......... .......... .......... .......... ..........  935K
 55600K .......... .......... .......... .......... ..........  120M
 55650K .......... .......... .......... .......... ..........  122M
 55700K .......... .......... .......... .......... ..........  112M
 55750K .......... .......... .......... .......... ..........  131M
 55800K .......... .......... .......... .......... ..........  790K
 55850K .......... .......... .......... .......... ..........  116M
 55900K .......... .......... .......... .......... ..........  122M
 55950K .......... .......... .......... .......... ..........  128M
 56000K .......... .......... .......... .......... .......... 3.02M
 56050K .......... .......... .......... .......... .......... 1.60M
 56100K .......... .......... .......... .......... ..........  113M
 56150K .......... .......... .......... .......... ..........  131M
 56200K .......... .......... .......... .......... ..........  122M
 56250K .......... .......... .......... .......... ..........  123M
 56300K .......... .......... .......... .......... ..........  635K
 56350K .......... .......... .......... .......... ..........  110M
 56400K .......... .......... .......... .......... ..........  121M
 56450K .......... .......... .......... .......... ..........  124M
 56500K .......... .......... .......... .......... ..........  129M
 56550K .......... .......... .......... .......... ..........  720K
 56600K .......... .......... .......... .......... ..........  120M
 56650K .......... .......... .......... .......... .......... 77.1M
 56700K .......... .......... .......... .......... ..........  119M
 56750K .......... .......... .......... .......... ..........  123M
 56800K .......... .......... .......... .......... ..........  738K
 56850K .......... .......... .......... .......... ..........  113M
 56900K .......... .......... .......... .......... .......... 96.7M
 56950K .......... .......... .......... .......... ..........  124M
 57000K .......... .......... .......... .......... .......... 89.6M
 57050K .......... .......... .......... .......... ..........  619K
 57100K .......... .......... .......... .......... .......... 90.1M
 57150K .......... .......... .......... .......... ..........  121M
 57200K .......... .......... .......... .......... ..........  120M
 57250K .......... .......... .......... .......... ..........  126M
 57300K .......... .......... .......... .......... ..........  750K
 57350K .......... .......... .......... .......... .......... 43.1M
 57400K .......... .......... .......... .......... ..........  100M
 57450K .......... .......... .......... .......... .......... 26.6M
 57500K .......... .......... .......... .......... ..........  125M
 57550K .......... .......... .......... .......... .......... 1.00M
 57600K .......... .......... .......... .......... .......... 26.3M
 57650K .......... .......... .......... .......... ..........  125M
 57700K .......... .......... .......... .......... .......... 78.4M
 57750K .......... .......... .......... .......... .......... 83.2M
 57800K .......... .......... .......... .......... .......... 1015K
 57850K .......... .......... .......... .......... .......... 75.4M
 57900K .......... .......... .......... .......... ..........  101M
 57950K .......... .......... .......... .......... .......... 72.9M
 58000K .......... .......... .......... .......... .......... 90.4M
 58050K .......... .......... .......... .......... ..........  114M
 58100K .......... .......... .......... .......... .......... 1.42M
 58150K .......... .......... .......... .......... .......... 94.4M
 58200K .......... .......... .......... .......... .......... 74.1M
 58250K .......... .......... .......... .......... ..........  128M
 58300K .......... .......... .......... .......... .......... 99.9M
 58350K .......... .......... .......... .......... .......... 1.05M
 58400K .......... .......... .......... .......... .......... 78.4M
 58450K .......... .......... .......... .......... .......... 57.1M
 58500K .......... .......... .......... .......... .......... 90.4M
 58550K .......... .......... .......... .......... ..........  101M
 58600K .......... .......... .......... .......... .......... 1.04M
 58650K .......... .......... .......... .......... ..........  106M
 58700K .......... .......... .......... .......... ..........  118M
 58750K .......... .......... .......... .......... .......... 82.1M
 58800K .......... .......... .......... .......... .......... 68.9M
 58850K .......... .......... .......... .......... .......... 1.30M
 58900K .......... .......... .......... .......... .......... 86.2M
 58950K .......... .......... .......... .......... .......... 53.1M
 59000K .......... .......... .......... .......... .......... 48.9M
 59050K .......... .......... .......... .......... .......... 46.2M
 59100K .......... .......... .......... .......... ..........  533K
 59150K .......... .......... .......... .......... .......... 51.9M
 59200K .......... .......... .......... .......... .......... 98.9M
 59250K .......... .......... .......... .......... .......... 99.1M
 59300K .......... .......... .......... .......... ..........  121M
 59350K .......... .......... .......... .......... ..........  970K
 59400K .......... .......... .......... .......... .......... 39.5M
 59450K .......... .......... .......... .......... .......... 81.5M
 59500K .......... .......... .......... .......... .......... 24.7M
 59550K .......... .......... .......... .......... ..........  131M
 59600K .......... .......... .......... .......... .......... 1009K
 59650K .......... .......... .......... .......... .......... 41.0M
 59700K .......... .......... .......... .......... .......... 76.7M
 59750K .......... .......... .......... .......... .......... 50.3M
 59800K .......... .......... .......... .......... .......... 77.0M
 59850K .......... .......... .......... .......... .......... 97.3M
 59900K .......... .......... .......... .......... ..........  998K
 59950K .......... .......... .......... .......... .......... 89.6M
 60000K .......... .......... .......... .......... .......... 62.0M
 60050K .......... .......... .......... .......... ..........  123M
 60100K .......... .......... .......... .......... ..........  123M
 60150K .......... .......... .......... .......... .......... 1001K
 60200K .......... .......... .......... .......... .......... 39.3M
 60250K .......... .......... .......... .......... .......... 86.4M
 60300K .......... .......... .......... .......... .......... 58.5M
 60350K .......... .......... .......... .......... .......... 59.0M
 60400K .......... .......... .......... .......... ..........  769K
 60450K .......... .......... .......... .......... .......... 90.1M
 60500K .......... .......... .......... .......... .......... 46.2M
 60550K .......... .......... .......... .......... .......... 74.1M
 60600K .......... .......... .......... .......... ..........  120M
 60650K .......... .......... .......... .......... ..........  601K
 60700K .......... .......... .......... .......... .......... 44.3M
 60750K .......... .......... .......... .......... .......... 63.8M
 60800K .......... .......... .......... .......... .......... 86.0M
 60850K .......... .......... .......... .......... ..........  105M
 60900K .......... .......... .......... .......... ..........  596K
 60950K .......... .......... .......... .......... .......... 48.9M
 61000K .......... .......... .......... .......... ..........  100M
 61050K .......... .......... .......... .......... .......... 69.1M
 61100K .......... .......... .......... .......... ..........  124M
 61150K .......... .......... .......... .......... ..........  734K
 61200K .......... .......... .......... .......... .......... 60.8M
 61250K .......... .......... .......... .......... .......... 56.3M
 61300K .......... .......... .......... .......... .......... 78.5M
 61350K .......... .......... .......... .......... .......... 92.9M
 61400K .......... .......... .......... .......... ..........  704K
 61450K .......... .......... .......... .......... .......... 50.3M
 61500K .......... .......... .......... .......... ..........  112M
 61550K .......... .......... .......... .......... .......... 27.3M
 61600K .......... .......... .......... .......... ..........  129M
 61650K .......... .......... .......... .......... .......... 1.45M
 61700K .......... .......... .......... .......... .......... 50.3M
 61750K .......... .......... .......... .......... ..........  103M
 61800K .......... .......... .......... .......... .......... 92.8M
 61850K .......... .......... .......... .......... ..........  131M
 61900K .......... .......... .......... .......... ..........  106M
 61950K .......... .......... .......... .......... .......... 1.04M
 62000K .......... .......... .......... .......... ..........  118M
 62050K .......... .......... .......... .......... ..........  110M
 62100K .......... .......... .......... .......... ..........  114M
 62150K .......... .......... .......... .......... ..........  103M
 62200K .......... .......... .......... .......... .......... 1.07M
 62250K .......... .......... .......... .......... .......... 75.7M
 62300K .......... .......... .......... .......... .......... 75.7M
 62350K .......... .......... .......... .......... ..........  125M
 62400K .......... .......... .......... .......... .......... 83.6M
 62450K .......... .......... .......... .......... .......... 1.41M
 62500K .......... .......... .......... .......... .......... 58.3M
 62550K .......... .......... .......... .......... .......... 64.1M
 62600K .......... .......... .......... .......... ..........  120M
 62650K .......... .......... .......... .......... ..........  122M
 62700K .......... .......... .......... .......... .......... 1.08M
 62750K .......... .......... .......... .......... ..........  110M
 62800K .......... .......... .......... .......... .......... 87.8M
 62850K .......... .......... .......... .......... .......... 83.1M
 62900K .......... .......... .......... .......... .......... 86.7M
 62950K .......... .......... .......... .......... ..........  693K
 63000K .......... .......... .......... .......... .......... 79.1M
 63050K .......... .......... .......... .......... .......... 95.9M
 63100K .......... .......... .......... .......... ..........  105M
 63150K .......... .......... .......... .......... ..........  125M
 63200K .......... .......... .......... .......... .......... 1.19M
 63250K .......... .......... .......... .......... .......... 81.5M
 63300K .......... .......... .......... .......... ..........  116M
 63350K .......... .......... .......... .......... ..........  125M
 63400K .......... .......... .......... .......... ..........  122M
 63450K .......... .......... .......... .......... .......... 1.27M
 63500K .......... .......... .......... .......... .......... 80.1M
 63550K .......... .......... .......... .......... .......... 59.2M
 63600K .......... .......... .......... .......... .......... 26.5M
 63650K .......... .......... .......... .......... ..........  125M
 63700K .......... .......... .......... .......... .......... 1.56M
 63750K .......... .......... .......... .......... .......... 34.3M
 63800K .......... .......... .......... .......... .......... 77.1M
 63850K .......... .......... .......... .......... .......... 64.2M
 63900K .......... .......... .......... .......... ..........  117M
 63950K .......... .......... .......... .......... .......... 1.31M
 64000K .......... .......... .......... .......... .......... 41.6M
 64050K .......... .......... .......... .......... ..........  124M
 64100K .......... .......... .......... .......... .......... 42.1M
 64150K .......... .......... .......... .......... .......... 84.0M
 64200K .......... .......... .......... .......... .......... 64.3M
 64250K .......... .......... .......... .......... .......... 1.04M
 64300K .......... .......... .......... .......... .......... 77.1M
 64350K .......... .......... .......... .......... .......... 51.9M
 64400K .......... .......... .......... .......... .......... 96.6M
 64450K .......... .......... .......... .......... .......... 80.5M
 64500K .......... .......... .......... .......... ..........  989K
 64550K .......... .......... .......... .......... .......... 94.0M
 64600K .......... .......... .......... .......... .......... 45.2M
 64650K .......... .......... .......... .......... .......... 97.2M
 64700K .......... .......... .......... .......... .......... 56.1M
 64750K .......... .......... .......... .......... .......... 1.27M
 64800K .......... .......... .......... .......... .......... 52.6M
 64850K .......... .......... .......... .......... ..........  108M
 64900K .......... .......... .......... .......... ..........  119M
 64950K .......... .......... .......... .......... ..........  134M
 65000K .......... .......... .......... .......... .......... 1.14M
 65050K .......... .......... .......... .......... ..........  119M
 65100K .......... .......... .......... .......... .......... 90.5M
 65150K .......... .......... .......... .......... ..........  113M
 65200K .......... .......... .......... .......... ..........  132M
 65250K .......... .......... .......... .......... .......... 1.67M
 65300K .......... .......... .......... .......... ..........  123M
 65350K .......... .......... .......... .......... ..........  118M
 65400K .......... .......... .......... .......... ..........  124M
 65450K .......... .......... .......... .......... ..........  132M
 65500K .......... .......... .......... .......... .......... 21.5M
 65550K .......... .......... .......... ....                   596K=6.7s

2025-08-30 05:05:34 (9.63 MB/s) - 'pcl-1.9.1.tar.gz' saved [67158067]

+ tar -xzf pcl-1.9.1.tar.gz
+ cd pcl-pcl-1.9.1
+ find . -type f -name '*.h' -o -name '*.hpp' -o -name '*.cpp'
+ xargs sed -i 's|boost/detail/endian.hpp|boost/endian.hpp|g'
+ find . -type f -name '*.h' -o -name '*.hpp' -o -name '*.cpp'
+ xargs sed -i 's|BOOST_LITTLE_ENDIAN|BOOST_ENDIAN_LITTLE_ENDIAN|g'
+ find . -type f -name '*.h' -o -name '*.hpp' -o -name '*.cpp'
+ xargs sed -i 's|BOOST_BIG_ENDIAN|BOOST_ENDIAN_BIG_ENDIAN|g'
+ mkdir build
+ cd build
+ cmake -DCMAKE_BUILD_TYPE=Release -DBUILD_surface_on_nurbs=ON -DUSE_UMFPACK=ON -DBUILD_examples=OFF -DBUILD_apps=OFF -DWITH_VTK=OFF -DWITH_QT=OFF -DBUILD_visualization=OFF -DWITH_OPENGL=OFF -DPython3_EXECUTABLE=/usr/bin/python3 ..
CMake Deprecation Warning at CMakeLists.txt:8 (cmake_policy):
  The OLD behavior for policy CMP0074 will be removed from a future version
  of CMake.

  The cmake-policies(7) manual explains that the OLD behaviors of all
  policies are deprecated and that a policy should be set to OLD only under
  specific short-term circumstances.  Projects should be ported to the NEW
  behavior and not rely on setting a policy to OLD.


CMake Warning (dev) at /usr/share/cmake/Modules/FindPackageHandleStandardArgs.cmake:438 (message):
  The package name passed to `find_package_handle_standard_args` (LIBUSB_1)
  does not match the name of the calling package (libusb-1.0).  This can lead
  to problems in calling code that expects `find_package` result variables
  (e.g., `_FOUND`) to follow a certain pattern.
Call Stack (most recent call first):
  cmake/Modules/Findlibusb-1.0.cmake:66 (find_package_handle_standard_args)
  CMakeLists.txt:292 (find_package)
This warning is for project developers.  Use -Wno-dev to suppress it.

CMake Warning (dev) at /usr/share/cmake/Modules/FindPackageHandleStandardArgs.cmake:438 (message):
  The package name passed to `find_package_handle_standard_args` (USB_10)
  does not match the name of the calling package (OpenNI).  This can lead to
  problems in calling code that expects `find_package` result variables
  (e.g., `_FOUND`) to follow a certain pattern.
Call Stack (most recent call first):
  cmake/Modules/FindOpenNI.cmake:28 (find_package_handle_standard_args)
  cmake/pcl_targets.cmake:861 (find_package)
  CMakeLists.txt:299 (PCL_ADD_GRABBER_DEPENDENCY)
This warning is for project developers.  Use -Wno-dev to suppress it.

CMake Warning (dev) at /usr/share/cmake/Modules/FindPackageHandleStandardArgs.cmake:438 (message):
  The package name passed to `find_package_handle_standard_args` (USB_10)
  does not match the name of the calling package (OpenNI2).  This can lead to
  problems in calling code that expects `find_package` result variables
  (e.g., `_FOUND`) to follow a certain pattern.
Call Stack (most recent call first):
  cmake/Modules/FindOpenNI2.cmake:28 (find_package_handle_standard_args)
  cmake/pcl_targets.cmake:861 (find_package)
  CMakeLists.txt:300 (PCL_ADD_GRABBER_DEPENDENCY)
This warning is for project developers.  Use -Wno-dev to suppress it.

CMake Warning (dev) at /usr/share/cmake/Modules/FindPackageHandleStandardArgs.cmake:438 (message):
  The package name passed to `find_package_handle_standard_args` (ENSENSO)
  does not match the name of the calling package (Ensenso).  This can lead to
  problems in calling code that expects `find_package` result variables
  (e.g., `_FOUND`) to follow a certain pattern.
Call Stack (most recent call first):
  cmake/Modules/FindEnsenso.cmake:41 (find_package_handle_standard_args)
  cmake/pcl_targets.cmake:861 (find_package)
  CMakeLists.txt:302 (PCL_ADD_GRABBER_DEPENDENCY)
This warning is for project developers.  Use -Wno-dev to suppress it.

CMake Warning (dev) at /usr/share/cmake/Modules/FindPackageHandleStandardArgs.cmake:438 (message):
  The package name passed to `find_package_handle_standard_args` (PCAP) does
  not match the name of the calling package (Pcap).  This can lead to
  problems in calling code that expects `find_package` result variables
  (e.g., `_FOUND`) to follow a certain pattern.
Call Stack (most recent call first):
  cmake/Modules/FindPcap.cmake:103 (find_package_handle_standard_args)
  CMakeLists.txt:410 (find_package)
This warning is for project developers.  Use -Wno-dev to suppress it.

CMake Warning:
  Manually-specified variables were not used by the project:

    Python3_EXECUTABLE


++ nproc
+ make -j8
cc1plus: warning: '-Wabi' won't warn about anything [-Wabi]
cc1plus: note: '-Wabi' warns about differences from the most up-to-date ABI, which is also used by default
cc1plus: note: use e.g. '-Wabi=11' to warn about changes from GCC 7
cc1plus: warning: '-Wabi' won't warn about anything [-Wabi]
cc1plus: note: '-Wabi' warns about differences from the most up-to-date ABI, which is also used by default
cc1plus: note: use e.g. '-Wabi=11' to warn about changes from GCC 7
cc1plus: warning: '-Wabi' won't warn about anything [-Wabi]
cc1plus: note: '-Wabi' warns about differences from the most up-to-date ABI, which is also used by default
cc1plus: note: use e.g. '-Wabi=11' to warn about changes from GCC 7
cc1plus: warning: '-Wabi' won't warn about anything [-Wabi]
cc1plus: note: '-Wabi' warns about differences from the most up-to-date ABI, which is also used by default
cc1plus: note: use e.g. '-Wabi=11' to warn about changes from GCC 7
cc1plus: warning: '-Wabi' won't warn about anything [-Wabi]
cc1plus: warning: '-Wabi' won't warn about anything [-Wabi]
cc1plus: note: '-Wabi' warns about differences from the most up-to-date ABI, which is also used by default
cc1plus: note: use e.g. '-Wabi=11' to warn about changes from GCC 7
cc1plus: note: '-Wabi' warns about differences from the most up-to-date ABI, which is also used by default
cc1plus: warning: '-Wabi' won't warn about anything [-Wabi]
cc1plus: note: use e.g. '-Wabi=11' to warn about changes from GCC 7
cc1plus: note: '-Wabi' warns about differences from the most up-to-date ABI, which is also used by default
cc1plus: note: use e.g. '-Wabi=11' to warn about changes from GCC 7
cc1plus: warning: '-Wabi' won't warn about anything [-Wabi]
cc1plus: note: '-Wabi' warns about differences from the most up-to-date ABI, which is also used by default
cc1plus: note: use e.g. '-Wabi=11' to warn about changes from GCC 7
In file included from /opt/pcl-pcl-1.9.1/common/include/pcl/pcl_base.h:55,
                 from /opt/pcl-pcl-1.9.1/common/include/pcl/common/common.h:41,
                 from /opt/pcl-pcl-1.9.1/common/src/common.cpp:39:
/opt/pcl-pcl-1.9.1/common/include/pcl/PCLPointCloud2.h:31:2: error: #error "unable to determine system endianness"
   31 | #error "unable to determine system endianness"
      |  ^~~~~
In file included from /opt/pcl-pcl-1.9.1/common/include/pcl/pcl_base.h:55,
                 from /opt/pcl-pcl-1.9.1/common/include/pcl/common/common.h:41,
                 from /opt/pcl-pcl-1.9.1/common/include/pcl/common/distances.h:40,
                 from /opt/pcl-pcl-1.9.1/common/src/distances.cpp:37:
/opt/pcl-pcl-1.9.1/common/include/pcl/PCLPointCloud2.h:31:2: error: #error "unable to determine system endianness"
   31 | #error "unable to determine system endianness"
      |  ^~~~~
In file included from /opt/pcl-pcl-1.9.1/common/include/pcl/pcl_base.h:55,
                 from /opt/pcl-pcl-1.9.1/common/include/pcl/impl/pcl_base.hpp:40,
                 from /opt/pcl-pcl-1.9.1/common/src/pcl_base.cpp:39:
/opt/pcl-pcl-1.9.1/common/include/pcl/PCLPointCloud2.h:31:2: error: #error "unable to determine system endianness"
   31 | #error "unable to determine system endianness"
      |  ^~~~~
cc1plus: warning: '-Wabi' won't warn about anything [-Wabi]
cc1plus: note: '-Wabi' warns about differences from the most up-to-date ABI, which is also used by default
cc1plus: note: use e.g. '-Wabi=11' to warn about changes from GCC 7
In file included from /opt/pcl-pcl-1.9.1/common/include/pcl/pcl_base.h:55,
                 from /opt/pcl-pcl-1.9.1/common/include/pcl/common/io.h:45,
                 from /opt/pcl-pcl-1.9.1/common/src/io.cpp:42:
/opt/pcl-pcl-1.9.1/common/include/pcl/PCLPointCloud2.h:31:2: error: #error "unable to determine system endianness"
   31 | #error "unable to determine system endianness"
      |  ^~~~~
In file included from /opt/pcl-pcl-1.9.1/io/include/pcl/io/ply/ply.h:45,
                 from /opt/pcl-pcl-1.9.1/io/include/pcl/io/ply/ply_parser.h:66,
                 from /opt/pcl-pcl-1.9.1/io/src/ply/ply_parser.cpp:41:
/opt/pcl-pcl-1.9.1/io/include/pcl/io/ply/byte_order.h:66:2: error: #error "unable to determine system endianness"
   66 | #error "unable to determine system endianness"
      |  ^~~~~
cc1plus: warning: '-Wabi' won't warn about anything [-Wabi]
cc1plus: note: '-Wabi' warns about differences from the most up-to-date ABI, which is also used by default
cc1plus: note: use e.g. '-Wabi=11' to warn about changes from GCC 7
In file included from /usr/include/boost/smart_ptr/detail/sp_thread_sleep.hpp:22,
                 from /usr/include/boost/smart_ptr/detail/yield_k.hpp:23,
                 from /usr/include/boost/smart_ptr/detail/spinlock_gcc_atomic.hpp:14,
                 from /usr/include/boost/smart_ptr/detail/spinlock.hpp:42,
                 from /usr/include/boost/smart_ptr/detail/spinlock_pool.hpp:25,
                 from /usr/include/boost/smart_ptr/shared_ptr.hpp:29,
                 from /usr/include/boost/shared_ptr.hpp:17,
                 from /usr/include/boost/date_time/time_clock.hpp:17,
                 from /usr/include/boost/thread/thread_time.hpp:9,
                 from /usr/include/boost/thread/lock_types.hpp:18,
                 from /usr/include/boost/thread/pthread/mutex.hpp:16,
                 from /usr/include/boost/thread/mutex.hpp:16,
                 from /opt/pcl-pcl-1.9.1/io/include/pcl/io/boost.h:49,
                 from /opt/pcl-pcl-1.9.1/io/include/pcl/io/ply/ply_parser.h:64,
                 from /opt/pcl-pcl-1.9.1/io/src/ply/ply_parser.cpp:41:
/usr/include/boost/bind.hpp:36:1: note: '#pragma message: The practice of declaring the Bind placeholders (_1, _2, ...) in the global namespace is deprecated. Please use <boost/bind/bind.hpp> + using namespace boost::placeholders, or define BOOST_BIND_GLOBAL_PLACEHOLDERS to retain the current behavior.'
   36 | BOOST_PRAGMA_MESSAGE(
      | ^~~~~~~~~~~~~~~~~~~~
cc1plus: warning: '-Wabi' won't warn about anything [-Wabi]
cc1plus: note: '-Wabi' warns about differences from the most up-to-date ABI, which is also used by default
cc1plus: note: use e.g. '-Wabi=11' to warn about changes from GCC 7
/opt/pcl-pcl-1.9.1/common/src/print.cpp: In function 'void pcl::console::change_text_color(FILE*, int, int, int)':
/opt/pcl-pcl-1.9.1/common/src/print.cpp:96:28: warning: '%d' directive writing between 1 and 11 bytes into a region of size between 0 and 9 [-Wformat-overflow=]
   96 |   sprintf (command, "%c[%d;%d;%dm", 0x1B, attribute, fg + 30, bg + 40);
      |                            ^~
/opt/pcl-pcl-1.9.1/common/src/print.cpp:96:21: note: directive argument in the range [-2147483618, 2147483647]
   96 |   sprintf (command, "%c[%d;%d;%dm", 0x1B, attribute, fg + 30, bg + 40);
      |                     ^~~~~~~~~~~~~~
/opt/pcl-pcl-1.9.1/common/src/print.cpp:96:21: note: directive argument in the range [-2147483608, 2147483647]
/opt/pcl-pcl-1.9.1/common/src/print.cpp:96:11: note: 'sprintf' output between 9 and 39 bytes into a destination of size 13
   96 |   sprintf (command, "%c[%d;%d;%dm", 0x1B, attribute, fg + 30, bg + 40);
      |   ~~~~~~~~^~~~~~~~~~~~~~~~~~~~~~~~~~~~~~~~~~~~~~~~~~~~~~~~~~~~~~~~~~~~
/opt/pcl-pcl-1.9.1/common/src/print.cpp: In function 'void pcl::console::change_text_color(FILE*, int, int)':
/opt/pcl-pcl-1.9.1/common/src/print.cpp:111:28: warning: '%d' directive writing between 1 and 11 bytes into a region of size between 0 and 9 [-Wformat-overflow=]
  111 |   sprintf (command, "%c[%d;%dm", 0x1B, attribute, fg + 30);
      |                            ^~
/opt/pcl-pcl-1.9.1/common/src/print.cpp:111:21: note: directive argument in the range [-2147483618, 2147483647]
  111 |   sprintf (command, "%c[%d;%dm", 0x1B, attribute, fg + 30);
      |                     ^~~~~~~~~~~
/opt/pcl-pcl-1.9.1/common/src/print.cpp:111:11: note: 'sprintf' output between 7 and 27 bytes into a destination of size 13
  111 |   sprintf (command, "%c[%d;%dm", 0x1B, attribute, fg + 30);
      |   ~~~~~~~~^~~~~~~~~~~~~~~~~~~~~~~~~~~~~~~~~~~~~~~~~~~~~~~~
cc1plus: warning: '-Wabi' won't warn about anything [-Wabi]
cc1plus: note: '-Wabi' warns about differences from the most up-to-date ABI, which is also used by default
cc1plus: note: use e.g. '-Wabi=11' to warn about changes from GCC 7
In file included from /opt/pcl-pcl-1.9.1/io/src/ply/ply_parser.cpp:41:
/opt/pcl-pcl-1.9.1/io/include/pcl/io/ply/ply_parser.h: In member function 'bool pcl::io::ply::ply_parser::parse_scalar_property(pcl::io::ply::format_type, std::istream&, const typename pcl::io::ply::ply_parser::scalar_property_callback_type<ScalarType>::type&)':
/opt/pcl-pcl-1.9.1/io/include/pcl/io/ply/ply_parser.h:594:51: error: 'host_byte_order' was not declared in this scope
  594 |     if (((format == binary_big_endian_format) && (host_byte_order == little_endian_byte_order)) ||
      |                                                   ^~~~~~~~~~~~~~~
/opt/pcl-pcl-1.9.1/io/include/pcl/io/ply/ply_parser.h: In member function 'bool pcl::io::ply::ply_parser::parse_list_property(pcl::io::ply::format_type, std::istream&, const typename pcl::io::ply::ply_parser::list_property_begin_callback_type<SizeType, ScalarType>::type&, const typename pcl::io::ply::ply_parser::list_property_element_callback_type<SizeType, ScalarType>::type&, const typename pcl::io::ply::ply_parser::list_property_end_callback_type<SizeType, ScalarType>::type&)':
/opt/pcl-pcl-1.9.1/io/include/pcl/io/ply/ply_parser.h:675:51: error: 'host_byte_order' was not declared in this scope
  675 |     if (((format == binary_big_endian_format) && (host_byte_order == little_endian_byte_order)) ||
      |                                                   ^~~~~~~~~~~~~~~
/opt/pcl-pcl-1.9.1/io/include/pcl/io/ply/ply_parser.h:701:53: error: 'host_byte_order' was not declared in this scope
  701 |       if (((format == binary_big_endian_format) && (host_byte_order == little_endian_byte_order)) ||
      |                                                     ^~~~~~~~~~~~~~~
cc1plus: warning: '-Wabi' won't warn about anything [-Wabi]
cc1plus: note: '-Wabi' warns about differences from the most up-to-date ABI, which is also used by default
cc1plus: note: use e.g. '-Wabi=11' to warn about changes from GCC 7
make[2]: *** [common/CMakeFiles/pcl_common.dir/build.make:118: common/CMakeFiles/pcl_common.dir/src/common.cpp.o] Error 1
make[2]: *** Waiting for unfinished jobs....
make[2]: *** [common/CMakeFiles/pcl_common.dir/build.make:146: common/CMakeFiles/pcl_common.dir/src/distances.cpp.o] Error 1
make[2]: *** [common/CMakeFiles/pcl_common.dir/build.make:90: common/CMakeFiles/pcl_common.dir/src/pcl_base.cpp.o] Error 1
make[2]: *** [common/CMakeFiles/pcl_common.dir/build.make:104: common/CMakeFiles/pcl_common.dir/src/io.cpp.o] Error 1
make[2]: *** [io/CMakeFiles/pcl_io_ply.dir/build.make:76: io/CMakeFiles/pcl_io_ply.dir/src/ply/ply_parser.cpp.o] Error 1
make[1]: *** [CMakeFiles/Makefile2:990: io/CMakeFiles/pcl_io_ply.dir/all] Error 2
make[1]: *** Waiting for unfinished jobs....
make[1]: *** [CMakeFiles/Makefile2:828: common/CMakeFiles/pcl_common.dir/all] Error 2
make: *** [Makefile:146: all] Error 2
FATAL:   While performing build: while running engine: exit status 2
