INFO:    User not listed in /etc/subuid, trying root-mapped namespace
INFO:    The %post section will be run under fakeroot
INFO:    Starting build...
Copying blob sha256:216950d230057a9fb5f9890a3147b098c09acac05df07bed2aa34e580756740a
Copying config sha256:86beaeb08a93662c70ce13476bd835381e9002d19088312db06f7bc2cb21feaf
Writing manifest to image destination
2025/08/30 20:07:25  info unpack layer: sha256:216950d230057a9fb5f9890a3147b098c09acac05df07bed2aa34e580756740a
INFO:    Running post scriptlet
+ dnf update -y
+ dnf install -y epel-release
+ dnf config-manager --set-enabled crb
+ dnf install -y gcc-c++ cmake git wget pkgconfig libtool autoconf automake make patch
+ dnf install -y eigen3-devel flann-devel boost-devel qhull-devel libusb1-devel gtest-devel libpng-devel python3-devel python3-numpy python3-pip
Importing GPG key 0x3228467C:
 Userid     : "Fedora (epel9) <epel@fedoraproject.org>"
 Fingerprint: FF8A D134 4597 106E CE81 3B91 8A38 72BF 3228 467C
 From       : /etc/pki/rpm-gpg/RPM-GPG-KEY-EPEL-9
+ dnf install -y suitesparse-devel
+ dnf install -y CGAL-devel
+ cd /opt
+ wget https://github.com/PointCloudLibrary/pcl/archive/pcl-1.9.1.tar.gz
--2025-08-30 10:08:17--  https://github.com/PointCloudLibrary/pcl/archive/pcl-1.9.1.tar.gz
Resolving github.com (github.com)... 4.237.22.38
Connecting to github.com (github.com)|4.237.22.38|:443... connected.
HTTP request sent, awaiting response... 302 Found
Location: https://codeload.github.com/PointCloudLibrary/pcl/tar.gz/refs/tags/pcl-1.9.1 [following]
--2025-08-30 10:08:17--  https://codeload.github.com/PointCloudLibrary/pcl/tar.gz/refs/tags/pcl-1.9.1
Resolving codeload.github.com (codeload.github.com)... 4.237.22.35
Connecting to codeload.github.com (codeload.github.com)|4.237.22.35|:443... connected.
HTTP request sent, awaiting response... 200 OK
Length: unspecified [application/x-gzip]
Saving to: 'pcl-1.9.1.tar.gz'

     0K .......... .......... .......... .......... .......... 1.32M
    50K .......... .......... .......... .......... .......... 3.95M
   100K .......... .......... .......... .......... .......... 34.9M
   150K .......... .......... .......... .......... .......... 4.40M
   200K .......... .......... .......... .......... ..........  179M
   250K .......... .......... .......... .......... ..........  181M
   300K .......... .......... .......... .......... ..........  177M
   350K .......... .......... .......... .......... .......... 4.18M
   400K .......... .......... .......... .......... ..........  169M
   450K .......... .......... .......... .......... ..........  193M
   500K .......... .......... .......... .......... ..........  179M
   550K .......... .......... .......... .......... ..........  190M
   600K .......... .......... .......... .......... ..........  183M
   650K .......... .......... .......... .......... ..........  200M
   700K .......... .......... .......... .......... .......... 4.51M
   750K .......... .......... .......... .......... ..........  161M
   800K .......... .......... .......... .......... ..........  185M
   850K .......... .......... .......... .......... ..........  190M
   900K .......... .......... .......... .......... ..........  187M
   950K .......... .......... .......... .......... ..........  198M
  1000K .......... .......... .......... .......... .......... 4.44M
  1050K .......... .......... .......... .......... ..........  137M
  1100K .......... .......... .......... .......... ..........  122M
  1150K .......... .......... .......... .......... .......... 48.5M
  1200K .......... .......... .......... .......... .......... 62.2M
  1250K .......... .......... .......... .......... .......... 2.90M
  1300K .......... .......... .......... .......... ..........  103M
  1350K .......... .......... .......... .......... .......... 61.1M
  1400K .......... .......... .......... .......... .......... 59.1M
  1450K .......... .......... .......... .......... .......... 69.3M
  1500K .......... .......... .......... .......... .......... 2.83M
  1550K .......... .......... .......... .......... ..........  110M
  1600K .......... .......... .......... .......... .......... 35.8M
  1650K .......... .......... .......... .......... .......... 76.7M
  1700K .......... .......... .......... .......... .......... 55.9M
  1750K .......... .......... .......... .......... .......... 14.0M
  1800K .......... .......... .......... .......... ..........  157M
  1850K .......... .......... .......... .......... .......... 87.6M
  1900K .......... .......... .......... .......... .......... 81.1M
  1950K .......... .......... .......... .......... ..........  149M
  2000K .......... .......... .......... .......... .......... 8.48M
  2050K .......... .......... .......... .......... .......... 74.0M
  2100K .......... .......... .......... .......... .......... 56.8M
  2150K .......... .......... .......... .......... .......... 34.9M
  2200K .......... .......... .......... .......... ..........  188M
  2250K .......... .......... .......... .......... ..........  194M
  2300K .......... .......... .......... .......... .......... 8.89M
  2350K .......... .......... .......... .......... ..........  106M
  2400K .......... .......... .......... .......... ..........  107M
  2450K .......... .......... .......... .......... ..........  154M
  2500K .......... .......... .......... .......... .......... 6.82M
  2550K .......... .......... .......... .......... ..........  107M
  2600K .......... .......... .......... .......... .......... 81.4M
  2650K .......... .......... .......... .......... .......... 79.6M
  2700K .......... .......... .......... .......... ..........  169M
  2750K .......... .......... .......... .......... .......... 90.6M
  2800K .......... .......... .......... .......... .......... 3.29M
  2850K .......... .......... .......... .......... ..........  169M
  2900K .......... .......... .......... .......... ..........  149M
  2950K .......... .......... .......... .......... ..........  133M
  3000K .......... .......... .......... .......... ..........  149M
  3050K .......... .......... .......... .......... .......... 80.4M
  3100K .......... .......... .......... .......... .......... 73.3M
  3150K .......... .......... .......... .......... ..........  107M
  3200K .......... .......... .......... .......... .......... 54.6M
  3250K .......... .......... .......... .......... .......... 71.5M
  3300K .......... .......... .......... .......... .......... 9.91M
  3350K .......... .......... .......... .......... .......... 63.7M
  3400K .......... .......... .......... .......... .......... 76.4M
  3450K .......... .......... .......... .......... ..........  135M
  3500K .......... .......... .......... .......... .......... 54.2M
  3550K .......... .......... .......... .......... .......... 7.99M
  3600K .......... .......... .......... .......... .......... 64.5M
  3650K .......... .......... .......... .......... .......... 98.8M
  3700K .......... .......... .......... .......... .......... 70.2M
  3750K .......... .......... .......... .......... .......... 81.7M
  3800K .......... .......... .......... .......... .......... 6.50M
  3850K .......... .......... .......... .......... ..........  177M
  3900K .......... .......... .......... .......... .......... 83.9M
  3950K .......... .......... .......... .......... ..........  102M
  4000K .......... .......... .......... .......... ..........  177M
  4050K .......... .......... .......... .......... .......... 6.72M
  4100K .......... .......... .......... .......... .......... 52.9M
  4150K .......... .......... .......... .......... ..........  148M
  4200K .......... .......... .......... .......... .......... 36.0M
  4250K .......... .......... .......... .......... ..........  189M
  4300K .......... .......... .......... .......... ..........  189M
  4350K .......... .......... .......... .......... .......... 6.69M
  4400K .......... .......... .......... .......... .......... 6.36M
  4450K .......... .......... .......... .......... .......... 95.1M
  4500K .......... .......... .......... .......... .......... 65.1M
  4550K .......... .......... .......... .......... .......... 73.4M
  4600K .......... .......... .......... .......... ..........  176M
  4650K .......... .......... .......... .......... .......... 6.95M
  4700K .......... .......... .......... .......... .......... 1.23M
  4750K .......... .......... .......... .......... ..........  121M
  4800K .......... .......... .......... .......... ..........  180M
  4850K .......... .......... .......... .......... ..........  109M
  4900K .......... .......... .......... .......... ..........  150M
  4950K .......... .......... .......... .......... .......... 83.2M
  5000K .......... .......... .......... .......... ..........  106M
  5050K .......... .......... .......... .......... ..........  187M
  5100K .......... .......... .......... .......... .......... 26.3M
  5150K .......... .......... .......... .......... .......... 3.23M
  5200K .......... .......... .......... .......... ..........  149M
  5250K .......... .......... .......... .......... ..........  175M
  5300K .......... .......... .......... .......... ..........  176M
  5350K .......... .......... .......... .......... ..........  185M
  5400K .......... .......... .......... .......... ..........  123M
  5450K .......... .......... .......... .......... .......... 2.74M
  5500K .......... .......... .......... .......... ..........  187M
  5550K .......... .......... .......... .......... .......... 85.9M
  5600K .......... .......... .......... .......... .......... 7.20M
  5650K .......... .......... .......... .......... .......... 83.1M
  5700K .......... .......... .......... .......... ..........  130M
  5750K .......... .......... .......... .......... ..........  107M
  5800K .......... .......... .......... .......... ..........  145M
  5850K .......... .......... .......... .......... .......... 83.0M
  5900K .......... .......... .......... .......... .......... 9.57M
  5950K .......... .......... .......... .......... .......... 81.8M
  6000K .......... .......... .......... .......... .......... 94.1M
  6050K .......... .......... .......... .......... ..........  126M
  6100K .......... .......... .......... .......... ..........  154M
  6150K .......... .......... .......... .......... ..........  114M
  6200K .......... .......... .......... .......... .......... 6.86M
  6250K .......... .......... .......... .......... .......... 34.4M
  6300K .......... .......... .......... .......... ..........  197M
  6350K .......... .......... .......... .......... ..........  222M
  6400K .......... .......... .......... .......... .......... 7.51M
  6450K .......... .......... .......... .......... .......... 85.8M
  6500K .......... .......... .......... .......... ..........  169M
  6550K .......... .......... .......... .......... ..........  116M
  6600K .......... .......... .......... .......... ..........  162M
  6650K .......... .......... .......... .......... .......... 70.6M
  6700K .......... .......... .......... .......... ..........  333M
  6750K .......... .......... .......... .......... ..........  238M
  6800K .......... .......... .......... .......... .......... 6.66M
  6850K .......... .......... .......... .......... .......... 6.87M
  6900K .......... .......... .......... .......... .......... 69.5M
  6950K .......... .......... .......... .......... ..........  180M
  7000K .......... .......... .......... .......... .......... 84.2M
  7050K .......... .......... .......... .......... ..........  298M
  7100K .......... .......... .......... .......... .......... 71.8M
  7150K .......... .......... .......... .......... .......... 6.94M
  7200K .......... .......... .......... .......... ..........  239M
  7250K .......... .......... .......... .......... .......... 88.9M
  7300K .......... .......... .......... .......... ..........  291M
  7350K .......... .......... .......... .......... ..........  312M
  7400K .......... .......... .......... .......... .......... 11.7M
  7450K .......... .......... .......... .......... .......... 3.87M
  7500K .......... .......... .......... .......... ..........  304M
  7550K .......... .......... .......... .......... ..........  275M
  7600K .......... .......... .......... .......... ..........  311M
  7650K .......... .......... .......... .......... ..........  290M
  7700K .......... .......... .......... .......... .......... 14.5M
  7750K .......... .......... .......... .......... ..........  312M
  7800K .......... .......... .......... .......... .......... 74.5M
  7850K .......... .......... .......... .......... ..........  306M
  7900K .......... .......... .......... .......... .......... 9.79M
  7950K .......... .......... .......... .......... .......... 24.0M
  8000K .......... .......... .......... .......... ..........  324M
  8050K .......... .......... .......... .......... ..........  286M
  8100K .......... .......... .......... .......... ..........  322M
  8150K .......... .......... .......... .......... ..........  330M
  8200K .......... .......... .......... .......... .......... 6.87M
  8250K .......... .......... .......... .......... ..........  285M
  8300K .......... .......... .......... .......... .......... 44.4M
  8350K .......... .......... .......... .......... ..........  311M
  8400K .......... .......... .......... .......... .......... 6.73M
  8450K .......... .......... .......... .......... .......... 49.4M
  8500K .......... .......... .......... .......... ..........  321M
  8550K .......... .......... .......... .......... .......... 88.1M
  8600K .......... .......... .......... .......... .......... 6.70M
  8650K .......... .......... .......... .......... ..........  145M
  8700K .......... .......... .......... .......... .......... 91.1M
  8750K .......... .......... .......... .......... .......... 1.25M
  8800K .......... .......... .......... .......... ..........  163M
  8850K .......... .......... .......... .......... ..........  209M
  8900K .......... .......... .......... .......... .......... 46.0M
  8950K .......... .......... .......... .......... .......... 18.0M
  9000K .......... .......... .......... .......... ..........  111M
  9050K .......... .......... .......... .......... .......... 84.3M
  9100K .......... .......... .......... .......... ..........  183M
  9150K .......... .......... .......... .......... .......... 3.52M
  9200K .......... .......... .......... .......... .......... 53.4M
  9250K .......... .......... .......... .......... ..........  148M
  9300K .......... .......... .......... .......... ..........  165M
  9350K .......... .......... .......... .......... ..........  105M
  9400K .......... .......... .......... .......... .......... 33.9M
  9450K .......... .......... .......... .......... .......... 3.14M
  9500K .......... .......... .......... .......... .......... 69.7M
  9550K .......... .......... .......... .......... .......... 7.19M
  9600K .......... .......... .......... .......... .......... 68.0M
  9650K .......... .......... .......... .......... .......... 76.0M
  9700K .......... .......... .......... .......... ..........  182M
  9750K .......... .......... .......... .......... ..........  110M
  9800K .......... .......... .......... .......... .......... 7.42M
  9850K .......... .......... .......... .......... ..........  150M
  9900K .......... .......... .......... .......... .......... 55.0M
  9950K .......... .......... .......... .......... .......... 96.9M
 10000K .......... .......... .......... .......... .......... 62.8M
 10050K .......... .......... .......... .......... .......... 51.7M
 10100K .......... .......... .......... .......... .......... 91.4M
 10150K .......... .......... .......... .......... .......... 11.9M
 10200K .......... .......... .......... .......... .......... 48.5M
 10250K .......... .......... .......... .......... .......... 66.8M
 10300K .......... .......... .......... .......... .......... 40.3M
 10350K .......... .......... .......... .......... ..........  190M
 10400K .......... .......... .......... .......... ..........  188M
 10450K .......... .......... .......... .......... .......... 8.57M
 10500K .......... .......... .......... .......... .......... 74.4M
 10550K .......... .......... .......... .......... .......... 27.1M
 10600K .......... .......... .......... .......... .......... 47.4M
 10650K .......... .......... .......... .......... .......... 84.6M
 10700K .......... .......... .......... .......... .......... 9.15M
 10750K .......... .......... .......... .......... .......... 70.8M
 10800K .......... .......... .......... .......... .......... 74.5M
 10850K .......... .......... .......... .......... .......... 8.12M
 10900K .......... .......... .......... .......... .......... 52.0M
 10950K .......... .......... .......... .......... .......... 79.6M
 11000K .......... .......... .......... .......... .......... 55.5M
 11050K .......... .......... .......... .......... .......... 54.0M
 11100K .......... .......... .......... .......... .......... 52.9M
 11150K .......... .......... .......... .......... .......... 9.41M
 11200K .......... .......... .......... .......... .......... 78.1M
 11250K .......... .......... .......... .......... .......... 66.5M
 11300K .......... .......... .......... .......... .......... 36.5M
 11350K .......... .......... .......... .......... .......... 16.6M
 11400K .......... .......... .......... .......... .......... 63.6M
 11450K .......... .......... .......... .......... .......... 18.2M
 11500K .......... .......... .......... .......... ..........  139M
 11550K .......... .......... .......... .......... .......... 76.0M
 11600K .......... .......... .......... .......... .......... 11.4M
 11650K .......... .......... .......... .......... .......... 72.4M
 11700K .......... .......... .......... .......... .......... 12.7M
 11750K .......... .......... .......... .......... .......... 77.6M
 11800K .......... .......... .......... .......... .......... 24.6M
 11850K .......... .......... .......... .......... .......... 7.30M
 11900K .......... .......... .......... .......... .......... 75.7M
 11950K .......... .......... .......... .......... ..........  121M
 12000K .......... .......... .......... .......... .......... 99.5M
 12050K .......... .......... .......... .......... .......... 98.5M
 12100K .......... .......... .......... .......... .......... 6.95M
 12150K .......... .......... .......... .......... .......... 89.8M
 12200K .......... .......... .......... .......... ..........  179M
 12250K .......... .......... .......... .......... .......... 82.9M
 12300K .......... .......... .......... .......... ..........  183M
 12350K .......... .......... .......... .......... .......... 6.43M
 12400K .......... .......... .......... .......... ..........  186M
 12450K .......... .......... .......... .......... ..........  123M
 12500K .......... .......... .......... .......... .......... 60.2M
 12550K .......... .......... .......... .......... ..........  178M
 12600K .......... .......... .......... .......... .......... 6.81M
 12650K .......... .......... .......... .......... .......... 54.6M
 12700K .......... .......... .......... .......... .......... 4.22M
 12750K .......... .......... .......... .......... .......... 1.80M
 12800K .......... .......... .......... .......... .......... 82.8M
 12850K .......... .......... .......... .......... .......... 84.3M
 12900K .......... .......... .......... .......... .......... 45.9M
 12950K .......... .......... .......... .......... .......... 22.3M
 13000K .......... .......... .......... .......... .......... 43.8M
 13050K .......... .......... .......... .......... .......... 83.4M
 13100K .......... .......... .......... .......... ..........  106M
 13150K .......... .......... .......... .......... .......... 3.66M
 13200K .......... .......... .......... .......... .......... 63.4M
 13250K .......... .......... .......... .......... .......... 42.9M
 13300K .......... .......... .......... .......... ..........  122M
 13350K .......... .......... .......... .......... ..........  185M
 13400K .......... .......... .......... .......... .......... 66.2M
 13450K .......... .......... .......... .......... .......... 3.01M
 13500K .......... .......... .......... .......... .......... 94.6M
 13550K .......... .......... .......... .......... ..........  107M
 13600K .......... .......... .......... .......... .......... 7.76M
 13650K .......... .......... .......... .......... .......... 48.6M
 13700K .......... .......... .......... .......... .......... 7.37M
 13750K .......... .......... .......... .......... .......... 89.9M
 13800K .......... .......... .......... .......... ..........  181M
 13850K .......... .......... .......... .......... .......... 74.4M
 13900K .......... .......... .......... .......... ..........  157M
 13950K .......... .......... .......... .......... .......... 68.2M
 14000K .......... .......... .......... .......... .......... 7.80M
 14050K .......... .......... .......... .......... ..........  148M
 14100K .......... .......... .......... .......... .......... 60.1M
 14150K .......... .......... .......... .......... .......... 69.9M
 14200K .......... .......... .......... .......... ..........  169M
 14250K .......... .......... .......... .......... .......... 50.3M
 14300K .......... .......... .......... .......... .......... 47.3M
 14350K .......... .......... .......... .......... ..........  205M
 14400K .......... .......... .......... .......... .......... 7.84M
 14450K .......... .......... .......... .......... ..........  214M
 14500K .......... .......... .......... .......... ..........  158M
 14550K .......... .......... .......... .......... ..........  131M
 14600K .......... .......... .......... .......... .......... 6.33M
 14650K .......... .......... .......... .......... .......... 83.9M
 14700K .......... .......... .......... .......... .......... 56.7M
 14750K .......... .......... .......... .......... .......... 68.5M
 14800K .......... .......... .......... .......... ..........  209M
 14850K .......... .......... .......... .......... ..........  131M
 14900K .......... .......... .......... .......... .......... 10.2M
 14950K .......... .......... .......... .......... .......... 36.9M
 15000K .......... .......... .......... .......... .......... 67.6M
 15050K .......... .......... .......... .......... .......... 48.2M
 15100K .......... .......... .......... .......... .......... 66.4M
 15150K .......... .......... .......... .......... ..........  214M
 15200K .......... .......... .......... .......... .......... 8.92M
 15250K .......... .......... .......... .......... .......... 42.2M
 15300K .......... .......... .......... .......... .......... 16.4M
 15350K .......... .......... .......... .......... ..........  147M
 15400K .......... .......... .......... .......... .......... 53.3M
 15450K .......... .......... .......... .......... .......... 16.1M
 15500K .......... .......... .......... .......... .......... 86.7M
 15550K .......... .......... .......... .......... ..........  207M
 15600K .......... .......... .......... .......... .......... 40.3M
 15650K .......... .......... .......... .......... .......... 6.28M
 15700K .......... .......... .......... .......... ..........  207M
 15750K .......... .......... .......... .......... .......... 24.2M
 15800K .......... .......... .......... .......... .......... 7.86M
 15850K .......... .......... .......... .......... .......... 48.1M
 15900K .......... .......... .......... .......... .......... 49.9M
 15950K .......... .......... .......... .......... .......... 32.6M
 16000K .......... .......... .......... .......... .......... 81.3M
 16050K .......... .......... .......... .......... .......... 9.61M
 16100K .......... .......... .......... .......... .......... 81.0M
 16150K .......... .......... .......... .......... .......... 86.8M
 16200K .......... .......... .......... .......... .......... 88.1M
 16250K .......... .......... .......... .......... .......... 49.1M
 16300K .......... .......... .......... .......... .......... 60.5M
 16350K .......... .......... .......... .......... ..........  200M
 16400K .......... .......... .......... .......... .......... 8.28M
 16450K .......... .......... .......... .......... .......... 24.1M
 16500K .......... .......... .......... .......... ..........  203M
 16550K .......... .......... .......... .......... ..........  198M
 16600K .......... .......... .......... .......... ..........  132M
 16650K .......... .......... .......... .......... .......... 6.60M
 16700K .......... .......... .......... .......... .......... 4.28M
 16750K .......... .......... .......... .......... .......... 1.82M
 16800K .......... .......... .......... .......... .......... 45.9M
 16850K .......... .......... .......... .......... ..........  175M
 16900K .......... .......... .......... .......... .......... 43.0M
 16950K .......... .......... .......... .......... .......... 23.4M
 17000K .......... .......... .......... .......... .......... 44.0M
 17050K .......... .......... .......... .......... .......... 3.45M
 17100K .......... .......... .......... .......... ..........  107M
 17150K .......... .......... .......... .......... ..........  204M
 17200K .......... .......... .......... .......... ..........  129M
 17250K .......... .......... .......... .......... .......... 38.0M
 17300K .......... .......... .......... .......... .......... 61.9M
 17350K .......... .......... .......... .......... ..........  124M
 17400K .......... .......... .......... .......... ..........  209M
 17450K .......... .......... .......... .......... .......... 3.09M
 17500K .......... .......... .......... .......... .......... 54.5M
 17550K .......... .......... .......... .......... .......... 8.11M
 17600K .......... .......... .......... .......... .......... 37.8M
 17650K .......... .......... .......... .......... ..........  209M
 17700K .......... .......... .......... .......... .......... 7.30M
 17750K .......... .......... .......... .......... .......... 35.0M
 17800K .......... .......... .......... .......... ..........  211M
 17850K .......... .......... .......... .......... ..........  212M
 17900K .......... .......... .......... .......... .......... 68.4M
 17950K .......... .......... .......... .......... ..........  221M
 18000K .......... .......... .......... .......... .......... 8.49M
 18050K .......... .......... .......... .......... .......... 47.3M
 18100K .......... .......... .......... .......... .......... 69.9M
 18150K .......... .......... .......... .......... ..........  215M
 18200K .......... .......... .......... .......... .......... 66.4M
 18250K .......... .......... .......... .......... .......... 87.3M
 18300K .......... .......... .......... .......... ..........  216M
 18350K .......... .......... .......... .......... .......... 7.72M
 18400K .......... .......... .......... .......... ..........  207M
 18450K .......... .......... .......... .......... ..........  120M
 18500K .......... .......... .......... .......... .......... 49.1M
 18550K .......... .......... .......... .......... .......... 6.54M
 18600K .......... .......... .......... .......... ..........  215M
 18650K .......... .......... .......... .......... ..........  125M
 18700K .......... .......... .......... .......... .......... 33.1M
 18750K .......... .......... .......... .......... .......... 86.7M
 18800K .......... .......... .......... .......... .......... 11.5M
 18850K .......... .......... .......... .......... .......... 57.4M
 18900K .......... .......... .......... .......... ..........  147M
 18950K .......... .......... .......... .......... .......... 87.4M
 19000K .......... .......... .......... .......... .......... 28.6M
 19050K .......... .......... .......... .......... ..........  228M
 19100K .......... .......... .......... .......... .......... 31.4M
 19150K .......... .......... .......... .......... .......... 8.70M
 19200K .......... .......... .......... .......... ..........  220M
 19250K .......... .......... .......... .......... .......... 38.0M
 19300K .......... .......... .......... .......... ..........  215M
 19350K .......... .......... .......... .......... .......... 17.3M
 19400K .......... .......... .......... .......... .......... 48.5M
 19450K .......... .......... .......... .......... .......... 22.9M
 19500K .......... .......... .......... .......... .......... 32.1M
 19550K .......... .......... .......... .......... ..........  229M
 19600K .......... .......... .......... .......... .......... 81.5M
 19650K .......... .......... .......... .......... .......... 12.6M
 19700K .......... .......... .......... .......... .......... 12.5M
 19750K .......... .......... .......... .......... .......... 82.4M
 19800K .......... .......... .......... .......... .......... 26.4M
 19850K .......... .......... .......... .......... .......... 7.22M
 19900K .......... .......... .......... .......... .......... 43.4M
 19950K .......... .......... .......... .......... .......... 36.0M
 20000K .......... .......... .......... .......... .......... 43.9M
 20050K .......... .......... .......... .......... .......... 7.69M
 20100K .......... .......... .......... .......... .......... 68.3M
 20150K .......... .......... .......... .......... .......... 72.1M
 20200K .......... .......... .......... .......... ..........  199M
 20250K .......... .......... .......... .......... .......... 79.8M
 20300K .......... .......... .......... .......... ..........  187M
 20350K .......... .......... .......... .......... .......... 8.63M
 20400K .......... .......... .......... .......... .......... 81.2M
 20450K .......... .......... .......... .......... .......... 92.3M
 20500K .......... .......... .......... .......... .......... 71.4M
 20550K .......... .......... .......... .......... .......... 22.8M
 20600K .......... .......... .......... .......... ..........  201M
 20650K .......... .......... .......... .......... .......... 9.49M
 20700K .......... .......... .......... .......... .......... 4.13M
 20750K .......... .......... .......... .......... .......... 15.7M
 20800K .......... .......... .......... .......... .......... 1.96M
 20850K .......... .......... .......... .......... .......... 53.8M
 20900K .......... .......... .......... .......... .......... 46.9M
 20950K .......... .......... .......... .......... .......... 26.6M
 21000K .......... .......... .......... .......... .......... 69.9M
 21050K .......... .......... .......... .......... .......... 46.3M
 21100K .......... .......... .......... .......... .......... 3.65M
 21150K .......... .......... .......... .......... .......... 45.8M
 21200K .......... .......... .......... .......... .......... 51.8M
 21250K .......... .......... .......... .......... ..........  146M
 21300K .......... .......... .......... .......... .......... 68.1M
 21350K .......... .......... .......... .......... .......... 84.1M
 21400K .......... .......... .......... .......... .......... 3.04M
 21450K .......... .......... .......... .......... ..........  156M
 21500K .......... .......... .......... .......... ..........  188M
 21550K .......... .......... .......... .......... .......... 96.3M
 21600K .......... .......... .......... .......... .......... 8.09M
 21650K .......... .......... .......... .......... .......... 48.2M
 21700K .......... .......... .......... .......... ..........  110M
 21750K .......... .......... .......... .......... .......... 7.36M
 21800K .......... .......... .......... .......... .......... 38.0M
 21850K .......... .......... .......... .......... .......... 41.9M
 21900K .......... .......... .......... .......... ..........  143M
 21950K .......... .......... .......... .......... ..........  210M
 22000K .......... .......... .......... .......... .......... 8.61M
 22050K .......... .......... .......... .......... ..........  188M
 22100K .......... .......... .......... .......... .......... 46.4M
 22150K .......... .......... .......... .......... ..........  192M
 22200K .......... .......... .......... .......... ..........  160M
 22250K .......... .......... .......... .......... .......... 53.4M
 22300K .......... .......... .......... .......... .......... 7.87M
 22350K .......... .......... .......... .......... ..........  201M
 22400K .......... .......... .......... .......... ..........  147M
 22450K .......... .......... .......... .......... ..........  176M
 22500K .......... .......... .......... .......... .......... 42.6M
 22550K .......... .......... .......... .......... ..........  121M
 22600K .......... .......... .......... .......... .......... 6.89M
 22650K .......... .......... .......... .......... ..........  177M
 22700K .......... .......... .......... .......... .......... 24.4M
 22750K .......... .......... .......... .......... ..........  120M
 22800K .......... .......... .......... .......... .......... 10.1M
 22850K .......... .......... .......... .......... ..........  123M
 22900K .......... .......... .......... .......... ..........  187M
 22950K .......... .......... .......... .......... ..........  201M
 23000K .......... .......... .......... .......... .......... 51.8M
 23050K .......... .......... .......... .......... .......... 68.2M
 23100K .......... .......... .......... .......... .......... 22.8M
 23150K .......... .......... .......... .......... ..........  197M
 23200K .......... .......... .......... .......... .......... 10.3M
 23250K .......... .......... .......... .......... .......... 41.0M
 23300K .......... .......... .......... .......... .......... 60.3M
 23350K .......... .......... .......... .......... .......... 19.1M
 23400K .......... .......... .......... .......... .......... 90.1M
 23450K .......... .......... .......... .......... .......... 51.6M
 23500K .......... .......... .......... .......... .......... 18.0M
 23550K .......... .......... .......... .......... .......... 47.7M
 23600K .......... .......... .......... .......... .......... 51.8M
 23650K .......... .......... .......... .......... ..........  193M
 23700K .......... .......... .......... .......... .......... 14.1M
 23750K .......... .......... .......... .......... .......... 10.7M
 23800K .......... .......... .......... .......... .......... 49.8M
 23850K .......... .......... .......... .......... .......... 6.16M
 23900K .......... .......... .......... .......... ..........  183M
 23950K .......... .......... .......... .......... .......... 43.5M
 24000K .......... .......... .......... .......... .......... 29.9M
 24050K .......... .......... .......... .......... .......... 7.36M
 24100K .......... .......... .......... .......... .......... 66.6M
 24150K .......... .......... .......... .......... ..........  198M
 24200K .......... .......... .......... .......... .......... 36.7M
 24250K .......... .......... .......... .......... .......... 77.4M
 24300K .......... .......... .......... .......... .......... 9.58M
 24350K .......... .......... .......... .......... .......... 59.0M
 24400K .......... .......... .......... .......... .......... 65.0M
 24450K .......... .......... .......... .......... ..........  104M
 24500K .......... .......... .......... .......... .......... 55.3M
 24550K .......... .......... .......... .......... .......... 58.9M
 24600K .......... .......... .......... .......... .......... 66.4M
 24650K .......... .......... .......... .......... .......... 7.61M
 24700K .......... .......... .......... .......... ..........  189M
 24750K .......... .......... .......... .......... .......... 77.1M
 24800K .......... .......... .......... .......... .......... 1.31M
 24850K .......... .......... .......... .......... ..........  165M
 24900K .......... .......... .......... .......... .......... 47.9M
 24950K .......... .......... .......... .......... .......... 35.9M
 25000K .......... .......... .......... .......... .......... 24.7M
 25050K .......... .......... .......... .......... .......... 32.7M
 25100K .......... .......... .......... .......... ..........  178M
 25150K .......... .......... .......... .......... .......... 45.3M
 25200K .......... .......... .......... .......... .......... 3.59M
 25250K .......... .......... .......... .......... .......... 31.1M
 25300K .......... .......... .......... .......... .......... 70.0M
 25350K .......... .......... .......... .......... ..........  189M
 25400K .......... .......... .......... .......... ..........  278M
 25450K .......... .......... .......... .......... .......... 3.15M
 25500K .......... .......... .......... .......... .......... 54.6M
 25550K .......... .......... .......... .......... ..........  140M
 25600K .......... .......... .......... .......... ..........  349M
 25650K .......... .......... .......... .......... .......... 8.58M
 25700K .......... .......... .......... .......... .......... 38.8M
 25750K .......... .......... .......... .......... .......... 7.55M
 25800K .......... .......... .......... .......... ..........  295M
 25850K .......... .......... .......... .......... .......... 29.9M
 25900K .......... .......... .......... .......... .......... 48.0M
 25950K .......... .......... .......... .......... .......... 8.49M
 26000K .......... .......... .......... .......... ..........  142M
 26050K .......... .......... .......... .......... ..........  280M
 26100K .......... .......... .......... .......... ..........  228M
 26150K .......... .......... .......... .......... .......... 58.5M
 26200K .......... .......... .......... .......... .......... 66.2M
 26250K .......... .......... .......... .......... .......... 70.0M
 26300K .......... .......... .......... .......... ..........  336M
 26350K .......... .......... .......... .......... .......... 7.66M
 26400K .......... .......... .......... .......... ..........  170M
 26450K .......... .......... .......... .......... ..........  119M
 26500K .......... .......... .......... .......... .......... 60.1M
 26550K .......... .......... .......... .......... ..........  123M
 26600K .......... .......... .......... .......... .......... 45.8M
 26650K .......... .......... .......... .......... .......... 7.51M
 26700K .......... .......... .......... .......... .......... 17.8M
 26750K .......... .......... .......... .......... ..........  234M
 26800K .......... .......... .......... .......... ..........  308M
 26850K .......... .......... .......... .......... .......... 11.3M
 26900K .......... .......... .......... .......... .......... 32.6M
 26950K .......... .......... .......... .......... ..........  166M
 27000K .......... .......... .......... .......... ..........  328M
 27050K .......... .......... .......... .......... ..........  131M
 27100K .......... .......... .......... .......... ..........  134M
 27150K .......... .......... .......... .......... .......... 28.5M
 27200K .......... .......... .......... .......... .......... 9.80M
 27250K .......... .......... .......... .......... .......... 52.3M
 27300K .......... .......... .......... .......... ..........  181M
 27350K .......... .......... .......... .......... .......... 48.7M
 27400K .......... .......... .......... .......... .......... 16.8M
 27450K .......... .......... .......... .......... .......... 47.7M
 27500K .......... .......... .......... .......... ..........  296M
 27550K .......... .......... .......... .......... .......... 16.0M
 27600K .......... .......... .......... .......... .......... 36.3M
 27650K .......... .......... .......... .......... .......... 94.4M
 27700K .......... .......... .......... .......... .......... 15.9M
 27750K .......... .......... .......... .......... .......... 78.3M
 27800K .......... .......... .......... .......... .......... 11.2M
 27850K .......... .......... .......... .......... .......... 37.8M
 27900K .......... .......... .......... .......... .......... 19.1M
 27950K .......... .......... .......... .......... .......... 8.80M
 28000K .......... .......... .......... .......... .......... 65.4M
 28050K .......... .......... .......... .......... .......... 33.3M
 28100K .......... .......... .......... .......... .......... 7.15M
 28150K .......... .......... .......... .......... .......... 61.5M
 28200K .......... .......... .......... .......... .......... 64.4M
 28250K .......... .......... .......... .......... .......... 80.3M
 28300K .......... .......... .......... .......... .......... 8.68M
 28350K .......... .......... .......... .......... .......... 59.2M
 28400K .......... .......... .......... .......... ..........  130M
 28450K .......... .......... .......... .......... .......... 37.3M
 28500K .......... .......... .......... .......... ..........  198M
 28550K .......... .......... .......... .......... ..........  124M
 28600K .......... .......... .......... .......... .......... 44.5M
 28650K .......... .......... .......... .......... .......... 9.30M
 28700K .......... .......... .......... .......... .......... 93.4M
 28750K .......... .......... .......... .......... .......... 22.4M
 28800K .......... .......... .......... .......... .......... 5.07M
 28850K .......... .......... .......... .......... .......... 2.65M
 28900K .......... .......... .......... .......... .......... 4.85M
 28950K .......... .......... .......... .......... .......... 64.9M
 29000K .......... .......... .......... .......... .......... 35.7M
 29050K .......... .......... .......... .......... .......... 26.4M
 29100K .......... .......... .......... .......... .......... 45.3M
 29150K .......... .......... .......... .......... .......... 33.4M
 29200K .......... .......... .......... .......... .......... 14.9M
 29250K .......... .......... .......... .......... .......... 5.45M
 29300K .......... .......... .......... .......... .......... 21.3M
 29350K .......... .......... .......... .......... .......... 36.2M
 29400K .......... .......... .......... .......... .......... 46.3M
 29450K .......... .......... .......... .......... ..........  209M
 29500K .......... .......... .......... .......... .......... 3.29M
 29550K .......... .......... .......... .......... .......... 29.5M
 29600K .......... .......... .......... .......... .......... 8.10M
 29650K .......... .......... .......... .......... ..........  201M
 29700K .......... .......... .......... .......... ..........  176M
 29750K .......... .......... .......... .......... .......... 89.8M
 29800K .......... .......... .......... .......... .......... 7.79M
 29850K .......... .......... .......... .......... .......... 37.9M
 29900K .......... .......... .......... .......... .......... 79.3M
 29950K .......... .......... .......... .......... .......... 53.7M
 30000K .......... .......... .......... .......... .......... 7.86M
 30050K .......... .......... .......... .......... ..........  194M
 30100K .......... .......... .......... .......... ..........  184M
 30150K .......... .......... .......... .......... ..........  199M
 30200K .......... .......... .......... .......... .......... 92.3M
 30250K .......... .......... .......... .......... .......... 85.3M
 30300K .......... .......... .......... .......... .......... 76.2M
 30350K .......... .......... .......... .......... .......... 7.84M
 30400K .......... .......... .......... .......... ..........  172M
 30450K .......... .......... .......... .......... .......... 50.3M
 30500K .......... .......... .......... .......... .......... 76.2M
 30550K .......... .......... .......... .......... ..........  110M
 30600K .......... .......... .......... .......... .......... 73.6M
 30650K .......... .......... .......... .......... ..........  131M
 30700K .......... .......... .......... .......... .......... 8.01M
 30750K .......... .......... .......... .......... .......... 23.4M
 30800K .......... .......... .......... .......... .......... 38.4M
 30850K .......... .......... .......... .......... .......... 12.6M
 30900K .......... .......... .......... .......... .......... 33.5M
 30950K .......... .......... .......... .......... .......... 84.9M
 31000K .......... .......... .......... .......... .......... 44.3M
 31050K .......... .......... .......... .......... .......... 57.3M
 31100K .......... .......... .......... .......... .......... 98.1M
 31150K .......... .......... .......... .......... .......... 59.8M
 31200K .......... .......... .......... .......... .......... 63.3M
 31250K .......... .......... .......... .......... .......... 12.5M
 31300K .......... .......... .......... .......... .......... 48.7M
 31350K .......... .......... .......... .......... .......... 80.7M
 31400K .......... .......... .......... .......... .......... 88.7M
 31450K .......... .......... .......... .......... .......... 18.9M
 31500K .......... .......... .......... .......... .......... 32.4M
 31550K .......... .......... .......... .......... .......... 17.8M
 31600K .......... .......... .......... .......... .......... 74.3M
 31650K .......... .......... .......... .......... .......... 96.2M
 31700K .......... .......... .......... .......... .......... 76.3M
 31750K .......... .......... .......... .......... .......... 13.2M
 31800K .......... .......... .......... .......... .......... 12.8M
 31850K .......... .......... .......... .......... .......... 40.5M
 31900K .......... .......... .......... .......... .......... 16.0M
 31950K .......... .......... .......... .......... .......... 83.2M
 32000K .......... .......... .......... .......... .......... 9.43M
 32050K .......... .......... .......... .......... .......... 25.0M
 32100K .......... .......... .......... .......... .......... 7.54M
 32150K .......... .......... .......... .......... .......... 57.4M
 32200K .......... .......... .......... .......... .......... 96.9M
 32250K .......... .......... .......... .......... .......... 35.2M
 32300K .......... .......... .......... .......... .......... 12.3M
 32350K .......... .......... .......... .......... .......... 25.4M
 32400K .......... .......... .......... .......... .......... 40.2M
 32450K .......... .......... .......... .......... ..........  121M
 32500K .......... .......... .......... .......... .......... 6.00M
 32550K .......... .......... .......... .......... ..........  171M
 32600K .......... .......... .......... .......... .......... 93.1M
 32650K .......... .......... .......... .......... ..........  165M
 32700K .......... .......... .......... .......... ..........  154M
 32750K .......... .......... .......... .......... .......... 1.10M
 32800K .......... .......... .......... .......... ..........  155M
 32850K .......... .......... .......... .......... .......... 34.0M
 32900K .......... .......... .......... .......... .......... 95.2M
 32950K .......... .......... .......... .......... ..........  182M
 33000K .......... .......... .......... .......... .......... 1.44M
 33050K .......... .......... .......... .......... .......... 78.9M
 33100K .......... .......... .......... .......... ..........  112M
 33150K .......... .......... .......... .......... ..........  179M
 33200K .......... .......... .......... .......... ..........  104M
 33250K .......... .......... .......... .......... .......... 1.16M
 33300K .......... .......... .......... .......... .......... 48.2M
 33350K .......... .......... .......... .......... .......... 69.2M
 33400K .......... .......... .......... .......... .......... 49.3M
 33450K .......... .......... .......... .......... .......... 75.9M
 33500K .......... .......... .......... .......... .......... 1.48M
 33550K .......... .......... .......... .......... ..........  167M
 33600K .......... .......... .......... .......... .......... 60.9M
 33650K .......... .......... .......... .......... .......... 64.9M
 33700K .......... .......... .......... .......... ..........  115M
 33750K .......... .......... .......... .......... .......... 1.43M
 33800K .......... .......... .......... .......... ..........  153M
 33850K .......... .......... .......... .......... ..........  185M
 33900K .......... .......... .......... .......... ..........  162M
 33950K .......... .......... .......... .......... ..........  186M
 34000K .......... .......... .......... .......... .......... 1.12M
 34050K .......... .......... .......... .......... ..........  169M
 34100K .......... .......... .......... .......... .......... 58.6M
 34150K .......... .......... .......... .......... ..........  188M
 34200K .......... .......... .......... .......... ..........  135M
 34250K .......... .......... .......... .......... ..........  182M
 34300K .......... .......... .......... .......... .......... 1.16M
 34350K .......... .......... .......... .......... ..........  185M
 34400K .......... .......... .......... .......... .......... 99.1M
 34450K .......... .......... .......... .......... ..........  102M
 34500K .......... .......... .......... .......... ..........  152M
 34550K .......... .......... .......... .......... .......... 1.48M
 34600K .......... .......... .......... .......... ..........  173M
 34650K .......... .......... .......... .......... ..........  166M
 34700K .......... .......... .......... .......... ..........  172M
 34750K .......... .......... .......... .......... .......... 94.6M
 34800K .......... .......... .......... .......... .......... 1.02M
 34850K .......... .......... .......... .......... ..........  134M
 34900K .......... .......... .......... .......... .......... 35.0M
 34950K .......... .......... .......... .......... ..........  208M
 35000K .......... .......... .......... .......... ..........  203M
 35050K .......... .......... .......... .......... .......... 1.15M
 35100K .......... .......... .......... .......... ..........  164M
 35150K .......... .......... .......... .......... ..........  179M
 35200K .......... .......... .......... .......... ..........  176M
 35250K .......... .......... .......... .......... ..........  192M
 35300K .......... .......... .......... .......... .......... 1.15M
 35350K .......... .......... .......... .......... .......... 73.8M
 35400K .......... .......... .......... .......... ..........  125M
 35450K .......... .......... .......... .......... .......... 64.0M
 35500K .......... .......... .......... .......... ..........  128M
 35550K .......... .......... .......... .......... .......... 3.50M
 35600K .......... .......... .......... .......... ..........  164M
 35650K .......... .......... .......... .......... .......... 55.5M
 35700K .......... .......... .......... .......... ..........  122M
 35750K .......... .......... .......... .......... .......... 90.7M
 35800K .......... .......... .......... .......... .......... 3.75M
 35850K .......... .......... .......... .......... ..........  178M
 35900K .......... .......... .......... .......... ..........  175M
 35950K .......... .......... .......... .......... ..........  132M
 36000K .......... .......... .......... .......... .......... 74.4M
 36050K .......... .......... .......... .......... .......... 3.36M
 36100K .......... .......... .......... .......... ..........  152M
 36150K .......... .......... .......... .......... .......... 72.9M
 36200K .......... .......... .......... .......... .......... 61.7M
 36250K .......... .......... .......... .......... .......... 60.1M
 36300K .......... .......... .......... .......... .......... 87.5M
 36350K .......... .......... .......... .......... .......... 3.06M
 36400K .......... .......... .......... .......... .......... 61.8M
 36450K .......... .......... .......... .......... .......... 61.3M
 36500K .......... .......... .......... .......... .......... 64.7M
 36550K .......... .......... .......... .......... ..........  142M
 36600K .......... .......... .......... .......... .......... 2.35M
 36650K .......... .......... .......... .......... .......... 75.4M
 36700K .......... .......... .......... .......... .......... 49.0M
 36750K .......... .......... .......... .......... ..........  151M
 36800K .......... .......... .......... .......... .......... 93.5M
 36850K .......... .......... .......... .......... .......... 2.93M
 36900K .......... .......... .......... .......... .......... 53.1M
 36950K .......... .......... .......... .......... .......... 37.7M
 37000K .......... .......... .......... .......... ..........  183M
 37050K .......... .......... .......... .......... ..........  187M
 37100K .......... .......... .......... .......... .......... 1.37M
 37150K .......... .......... .......... .......... ..........  107M
 37200K .......... .......... .......... .......... .......... 58.9M
 37250K .......... .......... .......... .......... .......... 92.2M
 37300K .......... .......... .......... .......... .......... 82.2M
 37350K .......... .......... .......... .......... .......... 1.61M
 37400K .......... .......... .......... .......... .......... 69.6M
 37450K .......... .......... .......... .......... .......... 68.1M
 37500K .......... .......... .......... .......... ..........  118M
 37550K .......... .......... .......... .......... .......... 79.4M
 37600K .......... .......... .......... .......... .......... 1.02M
 37650K .......... .......... .......... .......... ..........  122M
 37700K .......... .......... .......... .......... ..........  139M
 37750K .......... .......... .......... .......... .......... 79.3M
 37800K .......... .......... .......... .......... ..........  156M
 37850K .......... .......... .......... .......... .......... 3.65M
 37900K .......... .......... .......... .......... .......... 44.8M
 37950K .......... .......... .......... .......... .......... 94.1M
 38000K .......... .......... .......... .......... ..........  171M
 38050K .......... .......... .......... .......... ..........  201M
 38100K .......... .......... .......... .......... .......... 2.90M
 38150K .......... .......... .......... .......... ..........  111M
 38200K .......... .......... .......... .......... .......... 68.4M
 38250K .......... .......... .......... .......... ..........  218M
 38300K .......... .......... .......... .......... .......... 54.0M
 38350K .......... .......... .......... .......... ..........  223M
 38400K .......... .......... .......... .......... .......... 2.53M
 38450K .......... .......... .......... .......... .......... 63.5M
 38500K .......... .......... .......... .......... ..........  190M
 38550K .......... .......... .......... .......... ..........  181M
 38600K .......... .......... .......... .......... ..........  209M
 38650K .......... .......... .......... .......... .......... 2.22M
 38700K .......... .......... .......... .......... ..........  183M
 38750K .......... .......... .......... .......... ..........  194M
 38800K .......... .......... .......... .......... ..........  172M
 38850K .......... .......... .......... .......... .......... 3.20M
 38900K .......... .......... .......... .......... .......... 69.2M
 38950K .......... .......... .......... .......... ..........  206M
 39000K .......... .......... .......... .......... .......... 29.3M
 39050K .......... .......... .......... .......... ..........  200M
 39100K .......... .......... .......... .......... ..........  215M
 39150K .......... .......... .......... .......... .......... 3.42M
 39200K .......... .......... .......... .......... ..........  104M
 39250K .......... .......... .......... .......... .......... 84.4M
 39300K .......... .......... .......... .......... ..........  179M
 39350K .......... .......... .......... .......... ..........  159M
 39400K .......... .......... .......... .......... .......... 1.15M
 39450K .......... .......... .......... .......... .......... 48.7M
 39500K .......... .......... .......... .......... .......... 84.8M
 39550K .......... .......... .......... .......... .......... 68.8M
 39600K .......... .......... .......... .......... .......... 81.9M
 39650K .......... .......... .......... .......... .......... 2.18M
 39700K .......... .......... .......... .......... .......... 46.5M
 39750K .......... .......... .......... .......... ..........  183M
 39800K .......... .......... .......... .......... .......... 59.9M
 39850K .......... .......... .......... .......... ..........  180M
 39900K .......... .......... .......... .......... .......... 1.49M
 39950K .......... .......... .......... .......... ..........  171M
 40000K .......... .......... .......... .......... .......... 59.6M
 40050K .......... .......... .......... .......... .......... 61.0M
 40100K .......... .......... .......... .......... ..........  197M
 40150K .......... .......... .......... .......... .......... 2.20M
 40200K .......... .......... .......... .......... .......... 35.2M
 40250K .......... .......... .......... .......... ..........  112M
 40300K .......... .......... .......... .......... .......... 45.3M
 40350K .......... .......... .......... .......... .......... 72.6M
 40400K .......... .......... .......... .......... .......... 3.58M
 40450K .......... .......... .......... .......... .......... 86.4M
 40500K .......... .......... .......... .......... .......... 32.6M
 40550K .......... .......... .......... .......... ..........  116M
 40600K .......... .......... .......... .......... .......... 44.6M
 40650K .......... .......... .......... .......... ..........  116M
 40700K .......... .......... .......... .......... .......... 2.01M
 40750K .......... .......... .......... .......... .......... 42.4M
 40800K .......... .......... .......... .......... ..........  114M
 40850K .......... .......... .......... .......... .......... 78.1M
 40900K .......... .......... .......... .......... ..........  108M
 40950K .......... .......... .......... .......... .......... 1.36M
 41000K .......... .......... .......... .......... ..........  186M
 41050K .......... .......... .......... .......... .......... 28.7M
 41100K .......... .......... .......... .......... ..........  186M
 41150K .......... .......... .......... .......... ..........  201M
 41200K .......... .......... .......... .......... .......... 2.07M
 41250K .......... .......... .......... .......... ..........  162M
 41300K .......... .......... .......... .......... .......... 50.8M
 41350K .......... .......... .......... .......... .......... 79.1M
 41400K .......... .......... .......... .......... ..........  182M
 41450K .......... .......... .......... .......... .......... 1.32M
 41500K .......... .......... .......... .......... ..........  177M
 41550K .......... .......... .......... .......... ..........  138M
 41600K .......... .......... .......... .......... .......... 82.9M
 41650K .......... .......... .......... .......... ..........  191M
 41700K .......... .......... .......... .......... .......... 2.79M
 41750K .......... .......... .......... .......... ..........  200M
 41800K .......... .......... .......... .......... .......... 70.8M
 41850K .......... .......... .......... .......... .......... 51.2M
 41900K .......... .......... .......... .......... ..........  198M
 41950K .......... .......... .......... .......... .......... 3.12M
 42000K .......... .......... .......... .......... .......... 43.8M
 42050K .......... .......... .......... .......... ..........  197M
 42100K .......... .......... .......... .......... .......... 57.2M
 42150K .......... .......... .......... .......... ..........  201M
 42200K .......... .......... .......... .......... ..........  987K
 42250K .......... .......... .......... .......... ..........  189M
 42300K .......... .......... .......... .......... .......... 50.9M
 42350K .......... .......... .......... .......... .......... 83.9M
 42400K .......... .......... .......... .......... ..........  190M
 42450K .......... .......... .......... .......... .......... 1.95M
 42500K .......... .......... .......... .......... .......... 48.1M
 42550K .......... .......... .......... .......... ..........  164M
 42600K .......... .......... .......... .......... ..........  184M
 42650K .......... .......... .......... .......... ..........  156M
 42700K .......... .......... .......... .......... ..........  196M
 42750K .......... .......... .......... .......... .......... 1.57M
 42800K .......... .......... .......... .......... .......... 59.2M
 42850K .......... .......... .......... .......... ..........  188M
 42900K .......... .......... .......... .......... ..........  111M
 42950K .......... .......... .......... .......... ..........  191M
 43000K .......... .......... .......... .......... .......... 1.53M
 43050K .......... .......... .......... .......... ..........  120M
 43100K .......... .......... .......... .......... .......... 32.2M
 43150K .......... .......... .......... .......... ..........  193M
 43200K .......... .......... .......... .......... ..........  192M
 43250K .......... .......... .......... .......... .......... 3.59M
 43300K .......... .......... .......... .......... .......... 64.2M
 43350K .......... .......... .......... .......... .......... 51.7M
 43400K .......... .......... .......... .......... .......... 65.9M
 43450K .......... .......... .......... .......... ..........  185M
 43500K .......... .......... .......... .......... .......... 3.82M
 43550K .......... .......... .......... .......... ..........  117M
 43600K .......... .......... .......... .......... .......... 37.3M
 43650K .......... .......... .......... .......... .......... 49.1M
 43700K .......... .......... .......... .......... .......... 72.1M
 43750K .......... .......... .......... .......... .......... 2.57M
 43800K .......... .......... .......... .......... ..........  153M
 43850K .......... .......... .......... .......... .......... 32.7M
 43900K .......... .......... .......... .......... ..........  182M
 43950K .......... .......... .......... .......... .......... 54.8M
 44000K .......... .......... .......... .......... .......... 3.90M
 44050K .......... .......... .......... .......... ..........  182M
 44100K .......... .......... .......... .......... .......... 46.1M
 44150K .......... .......... .......... .......... .......... 41.5M
 44200K .......... .......... .......... .......... ..........  193M
 44250K .......... .......... .......... .......... .......... 4.23M
 44300K .......... .......... .......... .......... .......... 52.5M
 44350K .......... .......... .......... .......... .......... 56.1M
 44400K .......... .......... .......... .......... .......... 70.5M
 44450K .......... .......... .......... .......... .......... 97.0M
 44500K .......... .......... .......... .......... .......... 2.23M
 44550K .......... .......... .......... .......... .......... 51.9M
 44600K .......... .......... .......... .......... .......... 47.7M
 44650K .......... .......... .......... .......... .......... 59.4M
 44700K .......... .......... .......... .......... ..........  163M
 44750K .......... .......... .......... .......... .......... 3.65M
 44800K .......... .......... .......... .......... .......... 40.1M
 44850K .......... .......... .......... .......... .......... 68.9M
 44900K .......... .......... .......... .......... .......... 50.4M
 44950K .......... .......... .......... .......... .......... 47.4M
 45000K .......... .......... .......... .......... ..........  203M
 45050K .......... .......... .......... .......... .......... 3.69M
 45100K .......... .......... .......... .......... ..........  189M
 45150K .......... .......... .......... .......... .......... 33.5M
 45200K .......... .......... .......... .......... ..........  196M
 45250K .......... .......... .......... .......... ..........  112M
 45300K .......... .......... .......... .......... .......... 1.72M
 45350K .......... .......... .......... .......... ..........  106M
 45400K .......... .......... .......... .......... .......... 62.1M
 45450K .......... .......... .......... .......... ..........  182M
 45500K .......... .......... .......... .......... ..........  183M
 45550K .......... .......... .......... .......... .......... 2.44M
 45600K .......... .......... .......... .......... ..........  176M
 45650K .......... .......... .......... .......... .......... 72.8M
 45700K .......... .......... .......... .......... ..........  154M
 45750K .......... .......... .......... .......... .......... 79.2M
 45800K .......... .......... .......... .......... .......... 1.65M
 45850K .......... .......... .......... .......... ..........  171M
 45900K .......... .......... .......... .......... .......... 62.5M
 45950K .......... .......... .......... .......... ..........  200M
 46000K .......... .......... .......... .......... .......... 48.2M
 46050K .......... .......... .......... .......... .......... 3.12M
 46100K .......... .......... .......... .......... ..........  147M
 46150K .......... .......... .......... .......... .......... 50.8M
 46200K .......... .......... .......... .......... ..........  179M
 46250K .......... .......... .......... .......... .......... 50.0M
 46300K .......... .......... .......... .......... .......... 1.47M
 46350K .......... .......... .......... .......... .......... 52.2M
 46400K .......... .......... .......... .......... ..........  163M
 46450K .......... .......... .......... .......... .......... 58.0M
 46500K .......... .......... .......... .......... ..........  167M
 46550K .......... .......... .......... .......... .......... 2.63M
 46600K .......... .......... .......... .......... ..........  187M
 46650K .......... .......... .......... .......... .......... 41.6M
 46700K .......... .......... .......... .......... ..........  212M
 46750K .......... .......... .......... .......... .......... 54.8M
 46800K .......... .......... .......... .......... .......... 2.11M
 46850K .......... .......... .......... .......... .......... 20.9M
 46900K .......... .......... .......... .......... .......... 30.4M
 46950K .......... .......... .......... .......... ..........  206M
 47000K .......... .......... .......... .......... .......... 47.9M
 47050K .......... .......... .......... .......... .......... 49.0M
 47100K .......... .......... .......... .......... .......... 1.51M
 47150K .......... .......... .......... .......... ..........  136M
 47200K .......... .......... .......... .......... .......... 28.4M
 47250K .......... .......... .......... .......... ..........  184M
 47300K .......... .......... .......... .......... .......... 72.1M
 47350K .......... .......... .......... .......... .......... 4.47M
 47400K .......... .......... .......... .......... ..........  129M
 47450K .......... .......... .......... .......... .......... 41.9M
 47500K .......... .......... .......... .......... .......... 68.1M
 47550K .......... .......... .......... .......... .......... 56.5M
 47600K .......... .......... .......... .......... .......... 2.39M
 47650K .......... .......... .......... .......... ..........  157M
 47700K .......... .......... .......... .......... ..........  106M
 47750K .......... .......... .......... .......... ..........  164M
 47800K .......... .......... .......... .......... .......... 75.2M
 47850K .......... .......... .......... .......... ..........  774K
 47900K .......... .......... .......... .......... .......... 74.0M
 47950K .......... .......... .......... .......... ..........  213M
 48000K .......... .......... .......... .......... .......... 88.6M
 48050K .......... .......... .......... .......... ..........  111M
 48100K .......... .......... .......... .......... .......... 1.96M
 48150K .......... .......... .......... .......... ..........  194M
 48200K .......... .......... .......... .......... .......... 57.0M
 48250K .......... .......... .......... .......... .......... 84.2M
 48300K .......... .......... .......... .......... .......... 46.8M
 48350K .......... .......... .......... .......... .......... 3.23M
 48400K .......... .......... .......... .......... ..........  203M
 48450K .......... .......... .......... .......... .......... 53.2M
 48500K .......... .......... .......... .......... ..........  118M
 48550K .......... .......... .......... .......... ..........  100M
 48600K .......... .......... .......... .......... .......... 3.21M
 48650K .......... .......... .......... .......... .......... 65.9M
 48700K .......... .......... .......... .......... .......... 79.3M
 48750K .......... .......... .......... .......... .......... 78.6M
 48800K .......... .......... .......... .......... ..........  170M
 48850K .......... .......... .......... .......... .......... 3.61M
 48900K .......... .......... .......... .......... .......... 57.1M
 48950K .......... .......... .......... .......... .......... 78.6M
 49000K .......... .......... .......... .......... .......... 66.5M
 49050K .......... .......... .......... .......... ..........  195M
 49100K .......... .......... .......... .......... .......... 84.2M
 49150K .......... .......... .......... .......... .......... 1.93M
 49200K .......... .......... .......... .......... ..........  178M
 49250K .......... .......... .......... .......... .......... 35.1M
 49300K .......... .......... .......... .......... ..........  195M
 49350K .......... .......... .......... .......... .......... 2.64M
 49400K .......... .......... .......... .......... .......... 1.58M
 49450K .......... .......... .......... .......... ..........  105M
 49500K .......... .......... .......... .......... ..........  169M
 49550K .......... .......... .......... .......... .......... 74.2M
 49600K .......... .......... .......... .......... ..........  130M
 49650K .......... .......... .......... .......... ..........  842K
 49700K .......... .......... .......... .......... .......... 91.5M
 49750K .......... .......... .......... .......... .......... 65.1M
 49800K .......... .......... .......... .......... ..........  150M
 49850K .......... .......... .......... .......... ..........  116M
 49900K .......... .......... .......... .......... ..........  995K
 49950K .......... .......... .......... .......... ..........  198M
 50000K .......... .......... .......... .......... .......... 60.7M
 50050K .......... .......... .......... .......... .......... 60.4M
 50100K .......... .......... .......... .......... .......... 74.7M
 50150K .......... .......... .......... .......... ..........  812K
 50200K .......... .......... .......... .......... .......... 40.8M
 50250K .......... .......... .......... .......... .......... 40.0M
 50300K .......... .......... .......... .......... .......... 55.0M
 50350K .......... .......... .......... .......... .......... 51.6M
 50400K .......... .......... .......... .......... ..........  837K
 50450K .......... .......... .......... .......... .......... 87.4M
 50500K .......... .......... .......... .......... .......... 43.9M
 50550K .......... .......... .......... .......... .......... 66.9M
 50600K .......... .......... .......... .......... .......... 64.8M
 50650K .......... .......... .......... .......... .......... 1.51M
 50700K .......... .......... .......... .......... .......... 49.0M
 50750K .......... .......... .......... .......... .......... 45.7M
 50800K .......... .......... .......... .......... .......... 75.3M
 50850K .......... .......... .......... .......... .......... 60.0M
 50900K .......... .......... .......... .......... .......... 3.24M
 50950K .......... .......... .......... .......... ..........  148M
 51000K .......... .......... .......... .......... .......... 53.8M
 51050K .......... .......... .......... .......... .......... 92.7M
 51100K .......... .......... .......... .......... .......... 78.6M
 51150K .......... .......... .......... .......... .......... 15.2M
 51200K .......... .......... .......... .......... .......... 2.51M
 51250K .......... .......... .......... .......... .......... 79.3M
 51300K .......... .......... .......... .......... .......... 37.5M
 51350K .......... .......... .......... .......... ..........  135M
 51400K .......... .......... .......... .......... .......... 1.05M
 51450K .......... .......... .......... .......... .......... 5.10M
 51500K .......... .......... .......... .......... .......... 64.4M
 51550K .......... .......... .......... .......... .......... 50.1M
 51600K .......... .......... .......... .......... .......... 44.8M
 51650K .......... .......... .......... .......... .......... 75.2M
 51700K .......... .......... .......... .......... ..........  759K
 51750K .......... .......... .......... .......... ..........  103M
 51800K .......... .......... .......... .......... .......... 47.8M
 51850K .......... .......... .......... .......... ..........  138M
 51900K .......... .......... .......... .......... ..........  134M
 51950K .......... .......... .......... .......... ..........  596K
 52000K .......... .......... .......... .......... ..........  146M
 52050K .......... .......... .......... .......... ..........  109M
 52100K .......... .......... .......... .......... .......... 83.0M
 52150K .......... .......... .......... .......... ..........  141M
 52200K .......... .......... .......... .......... ..........  994K
 52250K .......... .......... .......... .......... .......... 66.0M
 52300K .......... .......... .......... .......... ..........  104M
 52350K .......... .......... .......... .......... .......... 79.2M
 52400K .......... .......... .......... .......... ..........  141M
 52450K .......... .......... .......... .......... ..........  869K
 52500K .......... .......... .......... .......... ..........  140M
 52550K .......... .......... .......... .......... ..........  178M
 52600K .......... .......... .......... .......... ..........  172M
 52650K .......... .......... .......... .......... ..........  168M
 52700K .......... .......... .......... .......... ..........  565K
 52750K .......... .......... .......... .......... ..........  167M
 52800K .......... .......... .......... .......... .......... 72.3M
 52850K .......... .......... .......... .......... .......... 49.3M
 52900K .......... .......... .......... .......... .......... 88.4M
 52950K .......... .......... .......... .......... ..........  528K
 53000K .......... .......... .......... .......... .......... 62.9M
 53050K .......... .......... .......... .......... .......... 41.0M
 53100K .......... .......... .......... .......... .......... 18.4M
 53150K .......... .......... .......... .......... .......... 43.5M
 53200K .......... .......... .......... .......... ..........  637K
 53250K .......... .......... .......... .......... ..........  125M
 53300K .......... .......... .......... .......... .......... 85.7M
 53350K .......... .......... .......... .......... .......... 24.6M
 53400K .......... .......... .......... .......... ..........  160M
 53450K .......... .......... .......... .......... ..........  177M
 53500K .......... .......... .......... .......... ..........  933K
 53550K .......... .......... .......... .......... ..........  158M
 53600K .......... .......... .......... .......... ..........  132M
 53650K .......... .......... .......... .......... ..........  130M
 53700K .......... .......... .......... .......... ..........  189M
 53750K .......... .......... .......... .......... .......... 1017K
 53800K .......... .......... .......... .......... .......... 60.2M
 53850K .......... .......... .......... .......... .......... 49.6M
 53900K .......... .......... .......... .......... .......... 73.2M
 53950K .......... .......... .......... .......... .......... 66.4M
 54000K .......... .......... .......... .......... .......... 1.21M
 54050K .......... .......... .......... .......... .......... 54.6M
 54100K .......... .......... .......... .......... .......... 38.3M
 54150K .......... .......... .......... .......... .......... 55.3M
 54200K .......... .......... .......... .......... .......... 62.8M
 54250K .......... .......... .......... .......... ..........  939K
 54300K .......... .......... .......... .......... ..........  162M
 54350K .......... .......... .......... .......... .......... 93.6M
 54400K .......... .......... .......... .......... .......... 87.9M
 54450K .......... .......... .......... .......... .......... 73.6M
 54500K .......... .......... .......... .......... ..........  890K
 54550K .......... .......... .......... .......... .......... 41.3M
 54600K .......... .......... .......... .......... .......... 73.1M
 54650K .......... .......... .......... .......... .......... 56.8M
 54700K .......... .......... .......... .......... .......... 87.1M
 54750K .......... .......... .......... .......... ..........  494K
 54800K .......... .......... .......... .......... ..........  148M
 54850K .......... .......... .......... .......... .......... 75.6M
 54900K .......... .......... .......... .......... ..........  122M
 54950K .......... .......... .......... .......... ..........  102M
 55000K .......... .......... .......... .......... .......... 1.06M
 55050K .......... .......... .......... .......... ..........  154M
 55100K .......... .......... .......... .......... .......... 77.4M
 55150K .......... .......... .......... .......... .......... 53.4M
 55200K .......... .......... .......... .......... .......... 94.4M
 55250K .......... .......... .......... .......... ..........  847K
 55300K .......... .......... .......... .......... .......... 62.5M
 55350K .......... .......... .......... .......... .......... 79.7M
 55400K .......... .......... .......... .......... .......... 24.4M
 55450K .......... .......... .......... .......... ..........  181M
 55500K .......... .......... .......... .......... ..........  181M
 55550K .......... .......... .......... .......... ..........  789K
 55600K .......... .......... .......... .......... .......... 84.5M
 55650K .......... .......... .......... .......... .......... 99.2M
 55700K .......... .......... .......... .......... ..........  136M
 55750K .......... .......... .......... .......... ..........  118M
 55800K .......... .......... .......... .......... ..........  853K
 55850K .......... .......... .......... .......... ..........  126M
 55900K .......... .......... .......... .......... .......... 81.0M
 55950K .......... .......... .......... .......... ..........  175M
 56000K .......... .......... .......... .......... ..........  146M
 56050K .......... .......... .......... .......... ..........  803K
 56100K .......... .......... .......... .......... .......... 81.9M
 56150K .......... .......... .......... .......... .......... 45.1M
 56200K .......... .......... .......... .......... .......... 94.3M
 56250K .......... .......... .......... .......... .......... 86.1M
 56300K .......... .......... .......... .......... ..........  568K
 56350K .......... .......... .......... .......... ..........  174M
 56400K .......... .......... .......... .......... .......... 62.9M
 56450K .......... .......... .......... .......... ..........  114M
 56500K .......... .......... .......... .......... .......... 85.5M
 56550K .......... .......... .......... .......... ..........  632K
 56600K .......... .......... .......... .......... .......... 67.8M
 56650K .......... .......... .......... .......... .......... 68.0M
 56700K .......... .......... .......... .......... .......... 67.8M
 56750K .......... .......... .......... .......... .......... 81.2M
 56800K .......... .......... .......... .......... ..........  663K
 56850K .......... .......... .......... .......... ..........  152M
 56900K .......... .......... .......... .......... .......... 86.1M
 56950K .......... .......... .......... .......... ..........  184M
 57000K .......... .......... .......... .......... .......... 54.3M
 57050K .......... .......... .......... .......... ..........  556K
 57100K .......... .......... .......... .......... .......... 94.5M
 57150K .......... .......... .......... .......... .......... 76.2M
 57200K .......... .......... .......... .......... ..........  163M
 57250K .......... .......... .......... .......... .......... 60.7M
 57300K .......... .......... .......... .......... ..........  665K
 57350K .......... .......... .......... .......... .......... 42.7M
 57400K .......... .......... .......... .......... .......... 32.9M
 57450K .......... .......... .......... .......... .......... 20.3M
 57500K .......... .......... .......... .......... ..........  188M
 57550K .......... .......... .......... .......... .......... 2.55M
 57600K .......... .......... .......... .......... .......... 1.27M
 57650K .......... .......... .......... .......... .......... 33.7M
 57700K .......... .......... .......... .......... ..........  103M
 57750K .......... .......... .......... .......... .......... 62.1M
 57800K .......... .......... .......... .......... .......... 67.6M
 57850K .......... .......... .......... .......... ..........  998K
 57900K .......... .......... .......... .......... .......... 65.2M
 57950K .......... .......... .......... .......... .......... 80.4M
 58000K .......... .......... .......... .......... ..........  186M
 58050K .......... .......... .......... .......... ..........  195M
 58100K .......... .......... .......... .......... .......... 1.12M
 58150K .......... .......... .......... .......... .......... 64.1M
 58200K .......... .......... .......... .......... .......... 54.9M
 58250K .......... .......... .......... .......... .......... 26.2M
 58300K .......... .......... .......... .......... ..........  196M
 58350K .......... .......... .......... .......... ..........  956K
 58400K .......... .......... .......... .......... .......... 53.8M
 58450K .......... .......... .......... .......... .......... 31.4M
 58500K .......... .......... .......... .......... ..........  209M
 58550K .......... .......... .......... .......... ..........  104M
 58600K .......... .......... .......... .......... ..........  946K
 58650K .......... .......... .......... .......... ..........  198M
 58700K .......... .......... .......... .......... .......... 90.8M
 58750K .......... .......... .......... .......... ..........  100M
 58800K .......... .......... .......... .......... ..........  200M
 58850K .......... .......... .......... .......... .......... 1.11M
 58900K .......... .......... .......... .......... ..........  193M
 58950K .......... .......... .......... .......... .......... 53.6M
 59000K .......... .......... .......... .......... ..........  199M
 59050K .......... .......... .......... .......... ..........  195M
 59100K .......... .......... .......... .......... ..........  496K
 59150K .......... .......... .......... .......... .......... 47.3M
 59200K .......... .......... .......... .......... ..........  191M
 59250K .......... .......... .......... .......... .......... 78.5M
 59300K .......... .......... .......... .......... ..........  160M
 59350K .......... .......... .......... .......... ..........  845K
 59400K .......... .......... .......... .......... .......... 54.3M
 59450K .......... .......... .......... .......... ..........  196M
 59500K .......... .......... .......... .......... .......... 48.6M
 59550K .......... .......... .......... .......... ..........  219M
 59600K .......... .......... .......... .......... ..........  843K
 59650K .......... .......... .......... .......... ..........  170M
 59700K .......... .......... .......... .......... .......... 43.3M
 59750K .......... .......... .......... .......... ..........  207M
 59800K .......... .......... .......... .......... .......... 56.8M
 59850K .......... .......... .......... .......... ..........  221M
 59900K .......... .......... .......... .......... ..........  857K
 59950K .......... .......... .......... .......... ..........  113M
 60000K .......... .......... .......... .......... ..........  187M
 60050K .......... .......... .......... .......... ..........  204M
 60100K .......... .......... .......... .......... ..........  207M
 60150K .......... .......... .......... .......... ..........  853K
 60200K .......... .......... .......... .......... ..........  176M
 60250K .......... .......... .......... .......... .......... 57.1M
 60300K .......... .......... .......... .......... ..........  184M
 60350K .......... .......... .......... .......... ..........  117M
 60400K .......... .......... .......... .......... ..........  628K
 60450K .......... .......... .......... .......... .......... 34.2M
 60500K .......... .......... .......... .......... .......... 21.9M
 60550K .......... .......... .......... .......... ..........  190M
 60600K .......... .......... .......... .......... .......... 41.2M
 60650K .......... .......... .......... .......... ..........  544K
 60700K .......... .......... .......... .......... .......... 15.6M
 60750K .......... .......... .......... .......... .......... 94.1M
 60800K .......... .......... .......... .......... .......... 25.9M
 60850K .......... .......... .......... .......... .......... 72.5M
 60900K .......... .......... .......... .......... ..........  536K
 60950K .......... .......... .......... .......... .......... 37.5M
 61000K .......... .......... .......... .......... .......... 28.9M
 61050K .......... .......... .......... .......... .......... 41.7M
 61100K .......... .......... .......... .......... .......... 33.6M
 61150K .......... .......... .......... .......... ..........  673K
 61200K .......... .......... .......... .......... .......... 28.1M
 61250K .......... .......... .......... .......... .......... 32.8M
 61300K .......... .......... .......... .......... .......... 97.7M
 61350K .......... .......... .......... .......... ..........  182M
 61400K .......... .......... .......... .......... ..........  612K
 61450K .......... .......... .......... .......... .......... 64.2M
 61500K .......... .......... .......... .......... .......... 18.6M
 61550K .......... .......... .......... .......... ..........  170M
 61600K .......... .......... .......... .......... ..........  199M
 61650K .......... .......... .......... .......... .......... 1.18M
 61700K .......... .......... .......... .......... .......... 53.5M
 61750K .......... .......... .......... .......... ..........  178M
 61800K .......... .......... .......... .......... .......... 53.0M
 61850K .......... .......... .......... .......... .......... 46.4M
 61900K .......... .......... .......... .......... ..........  199M
 61950K .......... .......... .......... .......... ..........  940K
 62000K .......... .......... .......... .......... .......... 93.7M
 62050K .......... .......... .......... .......... ..........  185M
 62100K .......... .......... .......... .......... .......... 61.4M
 62150K .......... .......... .......... .......... ..........  204M
 62200K .......... .......... .......... .......... ..........  932K
 62250K .......... .......... .......... .......... .......... 56.9M
 62300K .......... .......... .......... .......... ..........  179M
 62350K .......... .......... .......... .......... .......... 63.0M
 62400K .......... .......... .......... .......... ..........  182M
 62450K .......... .......... .......... .......... .......... 1.19M
 62500K .......... .......... .......... .......... .......... 53.2M
 62550K .......... .......... .......... .......... ..........  104M
 62600K .......... .......... .......... .......... .......... 68.3M
 62650K .......... .......... .......... .......... ..........  145M
 62700K .......... .......... .......... .......... ..........  955K
 62750K .......... .......... .......... .......... ..........  126M
 62800K .......... .......... .......... .......... .......... 49.6M
 62850K .......... .......... .......... .......... ..........  208M
 62900K .......... .......... .......... .......... ..........  178M
 62950K .......... .......... .......... .......... ..........  645K
 63000K .......... .......... .......... .......... ..........  167M
 63050K .......... .......... .......... .......... .......... 51.3M
 63100K .......... .......... .......... .......... ..........  193M
 63150K .......... .......... .......... .......... .......... 60.4M
 63200K .......... .......... .......... .......... .......... 1.00M
 63250K .......... .......... .......... .......... .......... 84.6M
 63300K .......... .......... .......... .......... .......... 71.0M
 63350K .......... .......... .......... .......... .......... 70.0M
 63400K .......... .......... .......... .......... ..........  212M
 63450K .......... .......... .......... .......... .......... 1.13M
 63500K .......... .......... .......... .......... ..........  200M
 63550K .......... .......... .......... .......... .......... 26.7M
 63600K .......... .......... .......... .......... ..........  200M
 63650K .......... .......... .......... .......... ..........  212M
 63700K .......... .......... .......... .......... .......... 1.11M
 63750K .......... .......... .......... .......... .......... 51.3M
 63800K .......... .......... .......... .......... .......... 79.0M
 63850K .......... .......... .......... .......... ..........  203M
 63900K .......... .......... .......... .......... .......... 89.2M
 63950K .......... .......... .......... .......... .......... 1.19M
 64000K .......... .......... .......... .......... .......... 51.5M
 64050K .......... .......... .......... .......... .......... 57.5M
 64100K .......... .......... .......... .......... ..........  209M
 64150K .......... .......... .......... .......... .......... 84.3M
 64200K .......... .......... .......... .......... .......... 12.7M
 64250K .......... .......... .......... .......... ..........  957K
 64300K .......... .......... .......... .......... ..........  181M
 64350K .......... .......... .......... .......... .......... 88.6M
 64400K .......... .......... .......... .......... ..........  193M
 64450K .......... .......... .......... .......... ..........  221M
 64500K .......... .......... .......... .......... ..........  957K
 64550K .......... .......... .......... .......... ..........  178M
 64600K .......... .......... .......... .......... ..........  104M
 64650K .......... .......... .......... .......... ..........  206M
 64700K .......... .......... .......... .......... ..........  211M
 64750K .......... .......... .......... .......... .......... 1.09M
 64800K .......... .......... .......... .......... ..........  141M
 64850K .......... .......... .......... .......... .......... 85.7M
 64900K .......... .......... .......... .......... ..........  188M
 64950K .......... .......... .......... .......... .......... 91.1M
 65000K .......... .......... .......... .......... ..........  942K
 65050K .......... .......... .......... .......... .......... 86.7M
 65100K .......... .......... .......... .......... ..........  211M
 65150K .......... .......... .......... .......... .......... 49.2M
 65200K .......... .......... .......... .......... ..........  216M
 65250K .......... .......... .......... .......... .......... 1.50M
 65300K .......... .......... .......... .......... ..........  194M
 65350K .......... .......... .......... .......... ..........  116M
 65400K .......... .......... .......... .......... ..........  124M
 65450K .......... .......... .......... .......... ..........  213M
 65500K .......... .......... .......... .......... .......... 14.3M
 65550K .......... .......... .......... ....                   423K=7.5s

2025-08-30 10:08:25 (8.57 MB/s) - 'pcl-1.9.1.tar.gz' saved [67158067]

+ tar -xzf pcl-1.9.1.tar.gz
+ cd pcl-pcl-1.9.1
+ find . -type f -name '*.h' -o -name '*.hpp' -o -name '*.cpp'
+ xargs sed -i 's|boost/detail/endian\.hpp|boost/endian.hpp|g'
+ sed -i '/^#include <boost\/endian\.hpp>/a\\n// Boost endian compatibility definitions\n#ifndef BOOST_LITTLE_ENDIAN\n#define BOOST_LITTLE_ENDIAN 1234\n#define BOOST_BIG_ENDIAN 4321\n#define BOOST_BYTE_ORDER BOOST_LITTLE_ENDIAN\n#endif' common/include/pcl/PCLPointCloud2.h
+ find . -name '*.cpp' -type f
+ xargs sed -i 's|pcl::io::ply::little_endian_byte_order|1234|g'
+ xargs sed -i 's|pcl::io::ply::big_endian_byte_order|4321|g'
+ find . -name '*.cpp' -type f
+ find . -name '*.cpp' -type f
+ xargs sed -i 's|pcl::io::ply::host_byte_order|1234|g'
+ find . -type f -name '*.h' -o -name '*.hpp'
+ xargs sed -i 's|defined(BOOST_LITTLE_ENDIAN)|BOOST_LITTLE_ENDIAN|g'
+ find . -type f -name '*.h' -o -name '*.hpp'
+ xargs sed -i 's|defined(BOOST_BIG_ENDIAN)|BOOST_BIG_ENDIAN|g'
+ sed -i 's|#error "unable to determine system endianness"|// System endianness determined as little endian\n#ifndef BOOST_BYTE_ORDER\n#define BOOST_BYTE_ORDER 1234\n#endif|g' io/include/pcl/io/ply/byte_order.h
+ mkdir build
+ cd build
+ cmake -DCMAKE_BUILD_TYPE=Release -DBUILD_surface_on_nurbs=ON -DUSE_UMFPACK=ON -DBUILD_examples=OFF -DBUILD_apps=OFF -DWITH_VTK=OFF -DWITH_QT=OFF -DBUILD_visualization=OFF -DWITH_OPENGL=OFF ..
CMake Deprecation Warning at CMakeLists.txt:8 (cmake_policy):
  The OLD behavior for policy CMP0074 will be removed from a future version
  of CMake.

  The cmake-policies(7) manual explains that the OLD behaviors of all
  policies are deprecated and that a policy should be set to OLD only under
  specific short-term circumstances.  Projects should be ported to the NEW
  behavior and not rely on setting a policy to OLD.


CMake Warning (dev) at /usr/share/cmake/Modules/FindPackageHandleStandardArgs.cmake:438 (message):
  The package name passed to `find_package_handle_standard_args` (LIBUSB_1)
  does not match the name of the calling package (libusb-1.0).  This can lead
  to problems in calling code that expects `find_package` result variables
  (e.g., `_FOUND`) to follow a certain pattern.
Call Stack (most recent call first):
  cmake/Modules/Findlibusb-1.0.cmake:66 (find_package_handle_standard_args)
  CMakeLists.txt:292 (find_package)
This warning is for project developers.  Use -Wno-dev to suppress it.

CMake Warning (dev) at /usr/share/cmake/Modules/FindPackageHandleStandardArgs.cmake:438 (message):
  The package name passed to `find_package_handle_standard_args` (USB_10)
  does not match the name of the calling package (OpenNI).  This can lead to
  problems in calling code that expects `find_package` result variables
  (e.g., `_FOUND`) to follow a certain pattern.
Call Stack (most recent call first):
  cmake/Modules/FindOpenNI.cmake:28 (find_package_handle_standard_args)
  cmake/pcl_targets.cmake:861 (find_package)
  CMakeLists.txt:299 (PCL_ADD_GRABBER_DEPENDENCY)
This warning is for project developers.  Use -Wno-dev to suppress it.

CMake Warning (dev) at /usr/share/cmake/Modules/FindPackageHandleStandardArgs.cmake:438 (message):
  The package name passed to `find_package_handle_standard_args` (USB_10)
  does not match the name of the calling package (OpenNI2).  This can lead to
  problems in calling code that expects `find_package` result variables
  (e.g., `_FOUND`) to follow a certain pattern.
Call Stack (most recent call first):
  cmake/Modules/FindOpenNI2.cmake:28 (find_package_handle_standard_args)
  cmake/pcl_targets.cmake:861 (find_package)
  CMakeLists.txt:300 (PCL_ADD_GRABBER_DEPENDENCY)
This warning is for project developers.  Use -Wno-dev to suppress it.

CMake Warning (dev) at /usr/share/cmake/Modules/FindPackageHandleStandardArgs.cmake:438 (message):
  The package name passed to `find_package_handle_standard_args` (ENSENSO)
  does not match the name of the calling package (Ensenso).  This can lead to
  problems in calling code that expects `find_package` result variables
  (e.g., `_FOUND`) to follow a certain pattern.
Call Stack (most recent call first):
  cmake/Modules/FindEnsenso.cmake:41 (find_package_handle_standard_args)
  cmake/pcl_targets.cmake:861 (find_package)
  CMakeLists.txt:302 (PCL_ADD_GRABBER_DEPENDENCY)
This warning is for project developers.  Use -Wno-dev to suppress it.

CMake Warning (dev) at /usr/share/cmake/Modules/FindPackageHandleStandardArgs.cmake:438 (message):
  The package name passed to `find_package_handle_standard_args` (PCAP) does
  not match the name of the calling package (Pcap).  This can lead to
  problems in calling code that expects `find_package` result variables
  (e.g., `_FOUND`) to follow a certain pattern.
Call Stack (most recent call first):
  cmake/Modules/FindPcap.cmake:103 (find_package_handle_standard_args)
  CMakeLists.txt:410 (find_package)
This warning is for project developers.  Use -Wno-dev to suppress it.

++ nproc
+ make -j8
cc1plus: warning: '-Wabi' won't warn about anything [-Wabi]
cc1plus: note: '-Wabi' warns about differences from the most up-to-date ABI, which is also used by default
cc1plus: note: use e.g. '-Wabi=11' to warn about changes from GCC 7
cc1plus: warning: '-Wabi' won't warn about anything [-Wabi]
cc1plus: warning: '-Wabi' won't warn about anything [-Wabi]
cc1plus: note: '-Wabi' warns about differences from the most up-to-date ABI, which is also used by default
cc1plus: note: use e.g. '-Wabi=11' to warn about changes from GCC 7
cc1plus: note: '-Wabi' warns about differences from the most up-to-date ABI, which is also used by default
cc1plus: note: use e.g. '-Wabi=11' to warn about changes from GCC 7
cc1plus: warning: '-Wabi' won't warn about anything [-Wabi]
cc1plus: note: '-Wabi' warns about differences from the most up-to-date ABI, which is also used by default
cc1plus: note: use e.g. '-Wabi=11' to warn about changes from GCC 7
cc1plus: warning: '-Wabi' won't warn about anything [-Wabi]
cc1plus: note: '-Wabi' warns about differences from the most up-to-date ABI, which is also used by default
cc1plus: note: use e.g. '-Wabi=11' to warn about changes from GCC 7
cc1plus: warning: '-Wabi' won't warn about anything [-Wabi]
cc1plus: note: '-Wabi' warns about differences from the most up-to-date ABI, which is also used by default
cc1plus: note: use e.g. '-Wabi=11' to warn about changes from GCC 7
cc1plus: warning: '-Wabi' won't warn about anything [-Wabi]
cc1plus: note: '-Wabi' warns about differences from the most up-to-date ABI, which is also used by default
cc1plus: note: use e.g. '-Wabi=11' to warn about changes from GCC 7
cc1plus: warning: '-Wabi' won't warn about anything [-Wabi]
cc1plus: note: '-Wabi' warns about differences from the most up-to-date ABI, which is also used by default
cc1plus: note: use e.g. '-Wabi=11' to warn about changes from GCC 7
cc1plus: warning: '-Wabi' won't warn about anything [-Wabi]
cc1plus: note: '-Wabi' warns about differences from the most up-to-date ABI, which is also used by default
cc1plus: note: use e.g. '-Wabi=11' to warn about changes from GCC 7
cc1plus: warning: '-Wabi' won't warn about anything [-Wabi]
cc1plus: note: '-Wabi' warns about differences from the most up-to-date ABI, which is also used by default
cc1plus: note: use e.g. '-Wabi=11' to warn about changes from GCC 7
In file included from /usr/include/boost/smart_ptr/detail/sp_thread_sleep.hpp:22,
                 from /usr/include/boost/smart_ptr/detail/yield_k.hpp:23,
                 from /usr/include/boost/smart_ptr/detail/spinlock_gcc_atomic.hpp:14,
                 from /usr/include/boost/smart_ptr/detail/spinlock.hpp:42,
                 from /usr/include/boost/smart_ptr/detail/spinlock_pool.hpp:25,
                 from /usr/include/boost/smart_ptr/shared_ptr.hpp:29,
                 from /usr/include/boost/shared_ptr.hpp:17,
                 from /usr/include/boost/date_time/time_clock.hpp:17,
                 from /usr/include/boost/thread/thread_time.hpp:9,
                 from /usr/include/boost/thread/lock_types.hpp:18,
                 from /usr/include/boost/thread/pthread/mutex.hpp:16,
                 from /usr/include/boost/thread/mutex.hpp:16,
                 from /opt/pcl-pcl-1.9.1/io/include/pcl/io/boost.h:49,
                 from /opt/pcl-pcl-1.9.1/io/include/pcl/io/ply/ply_parser.h:64,
                 from /opt/pcl-pcl-1.9.1/io/src/ply/ply_parser.cpp:41:
/usr/include/boost/bind.hpp:36:1: note: '#pragma message: The practice of declaring the Bind placeholders (_1, _2, ...) in the global namespace is deprecated. Please use <boost/bind/bind.hpp> + using namespace boost::placeholders, or define BOOST_BIND_GLOBAL_PLACEHOLDERS to retain the current behavior.'
   36 | BOOST_PRAGMA_MESSAGE(
      | ^~~~~~~~~~~~~~~~~~~~
cc1plus: warning: '-Wabi' won't warn about anything [-Wabi]
cc1plus: note: '-Wabi' warns about differences from the most up-to-date ABI, which is also used by default
cc1plus: note: use e.g. '-Wabi=11' to warn about changes from GCC 7
In file included from /opt/pcl-pcl-1.9.1/io/src/ply/ply_parser.cpp:41:
/opt/pcl-pcl-1.9.1/io/include/pcl/io/ply/ply_parser.h: In member function 'bool pcl::io::ply::ply_parser::parse_scalar_property(pcl::io::ply::format_type, std::istream&, const typename pcl::io::ply::ply_parser::scalar_property_callback_type<ScalarType>::type&)':
/opt/pcl-pcl-1.9.1/io/include/pcl/io/ply/ply_parser.h:594:51: error: 'host_byte_order' was not declared in this scope
  594 |     if (((format == binary_big_endian_format) && (host_byte_order == little_endian_byte_order)) ||
      |                                                   ^~~~~~~~~~~~~~~
/opt/pcl-pcl-1.9.1/io/include/pcl/io/ply/ply_parser.h: In member function 'bool pcl::io::ply::ply_parser::parse_list_property(pcl::io::ply::format_type, std::istream&, const typename pcl::io::ply::ply_parser::list_property_begin_callback_type<SizeType, ScalarType>::type&, const typename pcl::io::ply::ply_parser::list_property_element_callback_type<SizeType, ScalarType>::type&, const typename pcl::io::ply::ply_parser::list_property_end_callback_type<SizeType, ScalarType>::type&)':
/opt/pcl-pcl-1.9.1/io/include/pcl/io/ply/ply_parser.h:675:51: error: 'host_byte_order' was not declared in this scope
  675 |     if (((format == binary_big_endian_format) && (host_byte_order == little_endian_byte_order)) ||
      |                                                   ^~~~~~~~~~~~~~~
/opt/pcl-pcl-1.9.1/common/src/print.cpp: In function 'void pcl::console::change_text_color(FILE*, int, int, int)':
/opt/pcl-pcl-1.9.1/common/src/print.cpp:96:28: warning: '%d' directive writing between 1 and 11 bytes into a region of size between 0 and 9 [-Wformat-overflow=]
   96 |   sprintf (command, "%c[%d;%d;%dm", 0x1B, attribute, fg + 30, bg + 40);
      |                            ^~
/opt/pcl-pcl-1.9.1/common/src/print.cpp:96:21: note: directive argument in the range [-2147483618, 2147483647]
   96 |   sprintf (command, "%c[%d;%d;%dm", 0x1B, attribute, fg + 30, bg + 40);
      |                     ^~~~~~~~~~~~~~
/opt/pcl-pcl-1.9.1/common/src/print.cpp:96:21: note: directive argument in the range [-2147483608, 2147483647]
/opt/pcl-pcl-1.9.1/common/src/print.cpp:96:11: note: 'sprintf' output between 9 and 39 bytes into a destination of size 13
   96 |   sprintf (command, "%c[%d;%d;%dm", 0x1B, attribute, fg + 30, bg + 40);
      |   ~~~~~~~~^~~~~~~~~~~~~~~~~~~~~~~~~~~~~~~~~~~~~~~~~~~~~~~~~~~~~~~~~~~~
/opt/pcl-pcl-1.9.1/common/src/print.cpp: In function 'void pcl::console::change_text_color(FILE*, int, int)':
/opt/pcl-pcl-1.9.1/common/src/print.cpp:111:28: warning: '%d' directive writing between 1 and 11 bytes into a region of size between 0 and 9 [-Wformat-overflow=]
  111 |   sprintf (command, "%c[%d;%dm", 0x1B, attribute, fg + 30);
      |                            ^~
/opt/pcl-pcl-1.9.1/common/src/print.cpp:111:21: note: directive argument in the range [-2147483618, 2147483647]
  111 |   sprintf (command, "%c[%d;%dm", 0x1B, attribute, fg + 30);
      |                     ^~~~~~~~~~~
/opt/pcl-pcl-1.9.1/common/src/print.cpp:111:11: note: 'sprintf' output between 7 and 27 bytes into a destination of size 13
  111 |   sprintf (command, "%c[%d;%dm", 0x1B, attribute, fg + 30);
      |   ~~~~~~~~^~~~~~~~~~~~~~~~~~~~~~~~~~~~~~~~~~~~~~~~~~~~~~~~
/opt/pcl-pcl-1.9.1/io/include/pcl/io/ply/ply_parser.h:701:53: error: 'host_byte_order' was not declared in this scope
  701 |       if (((format == binary_big_endian_format) && (host_byte_order == little_endian_byte_order)) ||
      |                                                     ^~~~~~~~~~~~~~~
cc1plus: warning: '-Wabi' won't warn about anything [-Wabi]
cc1plus: note: '-Wabi' warns about differences from the most up-to-date ABI, which is also used by default
cc1plus: note: use e.g. '-Wabi=11' to warn about changes from GCC 7
cc1plus: warning: '-Wabi' won't warn about anything [-Wabi]
cc1plus: note: '-Wabi' warns about differences from the most up-to-date ABI, which is also used by default
cc1plus: note: use e.g. '-Wabi=11' to warn about changes from GCC 7
cc1plus: warning: '-Wabi' won't warn about anything [-Wabi]
cc1plus: note: '-Wabi' warns about differences from the most up-to-date ABI, which is also used by default
cc1plus: note: use e.g. '-Wabi=11' to warn about changes from GCC 7
cc1plus: warning: '-Wabi' won't warn about anything [-Wabi]
cc1plus: note: '-Wabi' warns about differences from the most up-to-date ABI, which is also used by default
cc1plus: note: use e.g. '-Wabi=11' to warn about changes from GCC 7
cc1plus: warning: '-Wabi' won't warn about anything [-Wabi]
cc1plus: note: '-Wabi' warns about differences from the most up-to-date ABI, which is also used by default
cc1plus: note: use e.g. '-Wabi=11' to warn about changes from GCC 7
make[2]: *** [io/CMakeFiles/pcl_io_ply.dir/build.make:76: io/CMakeFiles/pcl_io_ply.dir/src/ply/ply_parser.cpp.o] Error 1
make[1]: *** [CMakeFiles/Makefile2:990: io/CMakeFiles/pcl_io_ply.dir/all] Error 2
make[1]: *** Waiting for unfinished jobs....
cc1plus: warning: '-Wabi' won't warn about anything [-Wabi]
cc1plus: note: '-Wabi' warns about differences from the most up-to-date ABI, which is also used by default
cc1plus: note: use e.g. '-Wabi=11' to warn about changes from GCC 7
cc1plus: warning: '-Wabi' won't warn about anything [-Wabi]
cc1plus: note: '-Wabi' warns about differences from the most up-to-date ABI, which is also used by default
cc1plus: note: use e.g. '-Wabi=11' to warn about changes from GCC 7
cc1plus: warning: '-Wabi' won't warn about anything [-Wabi]
cc1plus: note: '-Wabi' warns about differences from the most up-to-date ABI, which is also used by default
cc1plus: note: use e.g. '-Wabi=11' to warn about changes from GCC 7
make: *** [Makefile:146: all] Error 2
FATAL:   While performing build: while running engine: exit status 2
