INFO:    User not listed in /etc/subuid, trying root-mapped namespace
INFO:    The %post section will be run under fakeroot
INFO:    Starting build...
Copying blob sha256:216950d230057a9fb5f9890a3147b098c09acac05df07bed2aa34e580756740a
Copying config sha256:86beaeb08a93662c70ce13476bd835381e9002d19088312db06f7bc2cb21feaf
Writing manifest to image destination
2025/08/30 15:06:37  info unpack layer: sha256:216950d230057a9fb5f9890a3147b098c09acac05df07bed2aa34e580756740a
INFO:    Running post scriptlet
+ dnf update -y
+ dnf install -y epel-release
+ dnf config-manager --set-enabled crb
+ dnf install -y gcc-c++ cmake git wget pkgconfig libtool autoconf automake make
+ dnf install -y eigen3-devel flann-devel boost-devel qhull-devel libusb1-devel gtest-devel libpng-devel openmpi-devel python3-devel python3-numpy python3-pip
Importing GPG key 0x3228467C:
 Userid     : "Fedora (epel9) <epel@fedoraproject.org>"
 Fingerprint: FF8A D134 4597 106E CE81 3B91 8A38 72BF 3228 467C
 From       : /etc/pki/rpm-gpg/RPM-GPG-KEY-EPEL-9
+ dnf install -y suitesparse-devel
+ dnf install -y CGAL-devel
+ cd /opt
+ wget https://github.com/PointCloudLibrary/pcl/archive/pcl-1.9.1.tar.gz
--2025-08-30 05:07:45--  https://github.com/PointCloudLibrary/pcl/archive/pcl-1.9.1.tar.gz
Resolving github.com (github.com)... 4.237.22.38
Connecting to github.com (github.com)|4.237.22.38|:443... connected.
HTTP request sent, awaiting response... 302 Found
Location: https://codeload.github.com/PointCloudLibrary/pcl/tar.gz/refs/tags/pcl-1.9.1 [following]
--2025-08-30 05:07:45--  https://codeload.github.com/PointCloudLibrary/pcl/tar.gz/refs/tags/pcl-1.9.1
Resolving codeload.github.com (codeload.github.com)... 4.237.22.35
Connecting to codeload.github.com (codeload.github.com)|4.237.22.35|:443... connected.
HTTP request sent, awaiting response... 200 OK
Length: unspecified [application/x-gzip]
Saving to: 'pcl-1.9.1.tar.gz'

     0K .......... .......... .......... .......... .......... 1.82M
    50K .......... .......... .......... .......... .......... 3.61M
   100K .......... .......... .......... .......... ..........  118M
   150K .......... .......... .......... .......... .......... 3.74M
   200K .......... .......... .......... .......... ..........  115M
   250K .......... .......... .......... .......... ..........  121M
   300K .......... .......... .......... .......... .......... 3.91M
   350K .......... .......... .......... .......... ..........  110M
   400K .......... .......... .......... .......... ..........  123M
   450K .......... .......... .......... .......... ..........  122M
   500K .......... .......... .......... .......... ..........  112M
   550K .......... .......... .......... .......... ..........  114M
   600K .......... .......... .......... .......... .......... 4.44M
   650K .......... .......... .......... .......... ..........  108M
   700K .......... .......... .......... .......... ..........  119M
   750K .......... .......... .......... .......... ..........  119M
   800K .......... .......... .......... .......... ..........  118M
   850K .......... .......... .......... .......... ..........  118M
   900K .......... .......... .......... .......... ..........  118M
   950K .......... .......... .......... .......... ..........  125M
  1000K .......... .......... .......... .......... .......... 2.88M
  1050K .......... .......... .......... .......... ..........  118M
  1100K .......... .......... .......... .......... ..........  113M
  1150K .......... .......... .......... .......... ..........  113M
  1200K .......... .......... .......... .......... ..........  115M
  1250K .......... .......... .......... .......... .......... 2.83M
  1300K .......... .......... .......... .......... ..........  105M
  1350K .......... .......... .......... .......... ..........  113M
  1400K .......... .......... .......... .......... ..........  114M
  1450K .......... .......... .......... .......... .......... 9.13M
  1500K .......... .......... .......... .......... .......... 4.64M
  1550K .......... .......... .......... .......... .......... 93.7M
  1600K .......... .......... .......... .......... ..........  119M
  1650K .......... .......... .......... .......... ..........  125M
  1700K .......... .......... .......... .......... ..........  119M
  1750K .......... .......... .......... .......... .......... 6.53M
  1800K .......... .......... .......... .......... ..........  115M
  1850K .......... .......... .......... .......... ..........  120M
  1900K .......... .......... .......... .......... ..........  119M
  1950K .......... .......... .......... .......... ..........  127M
  2000K .......... .......... .......... .......... .......... 7.05M
  2050K .......... .......... .......... .......... .......... 45.3M
  2100K .......... .......... .......... .......... .......... 96.0M
  2150K .......... .......... .......... .......... .......... 41.8M
  2200K .......... .......... .......... .......... .......... 96.4M
  2250K .......... .......... .......... .......... ..........  133M
  2300K .......... .......... .......... .......... .......... 6.34M
  2350K .......... .......... .......... .......... .......... 89.0M
  2400K .......... .......... .......... .......... ..........  113M
  2450K .......... .......... .......... .......... ..........  130M
  2500K .......... .......... .......... .......... .......... 64.0M
  2550K .......... .......... .......... .......... .......... 6.77M
  2600K .......... .......... .......... .......... .......... 32.2M
  2650K .......... .......... .......... .......... .......... 37.5M
  2700K .......... .......... .......... .......... ..........  127M
  2750K .......... .......... .......... .......... .......... 47.8M
  2800K .......... .......... .......... .......... .......... 16.9M
  2850K .......... .......... .......... .......... .......... 50.9M
  2900K .......... .......... .......... .......... .......... 73.2M
  2950K .......... .......... .......... .......... .......... 53.6M
  3000K .......... .......... .......... .......... .......... 43.8M
  3050K .......... .......... .......... .......... .......... 9.04M
  3100K .......... .......... .......... .......... .......... 46.8M
  3150K .......... .......... .......... .......... .......... 60.7M
  3200K .......... .......... .......... .......... .......... 54.7M
  3250K .......... .......... .......... .......... .......... 39.0M
  3300K .......... .......... .......... .......... .......... 9.24M
  3350K .......... .......... .......... .......... ..........  125M
  3400K .......... .......... .......... .......... .......... 56.9M
  3450K .......... .......... .......... .......... .......... 55.4M
  3500K .......... .......... .......... .......... ..........  124M
  3550K .......... .......... .......... .......... .......... 5.95M
  3600K .......... .......... .......... .......... ..........  120M
  3650K .......... .......... .......... .......... .......... 83.7M
  3700K .......... .......... .......... .......... ..........  101M
  3750K .......... .......... .......... .......... .......... 94.4M
  3800K .......... .......... .......... .......... .......... 11.0M
  3850K .......... .......... .......... .......... .......... 67.6M
  3900K .......... .......... .......... .......... .......... 73.8M
  3950K .......... .......... .......... .......... .......... 59.2M
  4000K .......... .......... .......... .......... ..........  124M
  4050K .......... .......... .......... .......... .......... 6.68M
  4100K .......... .......... .......... .......... ..........  120M
  4150K .......... .......... .......... .......... ..........  126M
  4200K .......... .......... .......... .......... ..........  121M
  4250K .......... .......... .......... .......... ..........  100M
  4300K .......... .......... .......... .......... ..........  125M
  4350K .......... .......... .......... .......... .......... 5.98M
  4400K .......... .......... .......... .......... ..........  126M
  4450K .......... .......... .......... .......... ..........  103M
  4500K .......... .......... .......... .......... ..........  125M
  4550K .......... .......... .......... .......... .......... 8.66M
  4600K .......... .......... .......... .......... .......... 27.7M
  4650K .......... .......... .......... .......... ..........  125M
  4700K .......... .......... .......... .......... .......... 42.2M
  4750K .......... .......... .......... .......... ..........  129M
  4800K .......... .......... .......... .......... .......... 1.08M
  4850K .......... .......... .......... .......... ..........  118M
  4900K .......... .......... .......... .......... ..........  124M
  4950K .......... .......... .......... .......... ..........  117M
  5000K .......... .......... .......... .......... ..........  124M
  5050K .......... .......... .......... .......... ..........  123M
  5100K .......... .......... .......... .......... ..........  126M
  5150K .......... .......... .......... .......... ..........  123M
  5200K .......... .......... .......... .......... .......... 2.93M
  5250K .......... .......... .......... .......... ..........  122M
  5300K .......... .......... .......... .......... ..........  121M
  5350K .......... .......... .......... .......... ..........  128M
  5400K .......... .......... .......... .......... ..........  122M
  5450K .......... .......... .......... .......... .......... 3.03M
  5500K .......... .......... .......... .......... ..........  129M
  5550K .......... .......... .......... .......... .......... 95.7M
  5600K .......... .......... .......... .......... .......... 68.5M
  5650K .......... .......... .......... .......... ..........  130M
  5700K .......... .......... .......... .......... .......... 7.29M
  5750K .......... .......... .......... .......... .......... 93.8M
  5800K .......... .......... .......... .......... ..........  126M
  5850K .......... .......... .......... .......... .......... 67.7M
  5900K .......... .......... .......... .......... ..........  128M
  5950K .......... .......... .......... .......... .......... 7.56M
  6000K .......... .......... .......... .......... .......... 54.1M
  6050K .......... .......... .......... .......... ..........  131M
  6100K .......... .......... .......... .......... .......... 24.8M
  6150K .......... .......... .......... .......... .......... 75.2M
  6200K .......... .......... .......... .......... ..........  126M
  6250K .......... .......... .......... .......... .......... 48.5M
  6300K .......... .......... .......... .......... .......... 9.96M
  6350K .......... .......... .......... .......... .......... 64.6M
  6400K .......... .......... .......... .......... .......... 5.70M
  6450K .......... .......... .......... .......... .......... 80.8M
  6500K .......... .......... .......... .......... .......... 69.5M
  6550K .......... .......... .......... .......... ..........  126M
  6600K .......... .......... .......... .......... ..........  125M
  6650K .......... .......... .......... .......... .......... 8.46M
  6700K .......... .......... .......... .......... ..........  118M
  6750K .......... .......... .......... .......... .......... 90.0M
  6800K .......... .......... .......... .......... ..........  124M
  6850K .......... .......... .......... .......... ..........  126M
  6900K .......... .......... .......... .......... .......... 32.0M
  6950K .......... .......... .......... .......... .......... 8.42M
  7000K .......... .......... .......... .......... ..........  122M
  7050K .......... .......... .......... .......... .......... 84.7M
  7100K .......... .......... .......... .......... ..........  115M
  7150K .......... .......... .......... .......... .......... 11.2M
  7200K .......... .......... .......... .......... .......... 19.8M
  7250K .......... .......... .......... .......... .......... 66.0M
  7300K .......... .......... .......... .......... ..........  115M
  7350K .......... .......... .......... .......... ..........  129M
  7400K .......... .......... .......... .......... .......... 14.9M
  7450K .......... .......... .......... .......... .......... 7.90M
  7500K .......... .......... .......... .......... .......... 74.0M
  7550K .......... .......... .......... .......... ..........  125M
  7600K .......... .......... .......... .......... ..........  132M
  7650K .......... .......... .......... .......... ..........  123M
  7700K .......... .......... .......... .......... .......... 9.78M
  7750K .......... .......... .......... .......... .......... 71.5M
  7800K .......... .......... .......... .......... ..........  121M
  7850K .......... .......... .......... .......... ..........  123M
  7900K .......... .......... .......... .......... .......... 20.0M
  7950K .......... .......... .......... .......... .......... 8.15M
  8000K .......... .......... .......... .......... .......... 87.1M
  8050K .......... .......... .......... .......... .......... 27.0M
  8100K .......... .......... .......... .......... .......... 58.0M
  8150K .......... .......... .......... .......... .......... 34.5M
  8200K .......... .......... .......... .......... ..........  132M
  8250K .......... .......... .......... .......... .......... 7.34M
  8300K .......... .......... .......... .......... ..........  127M
  8350K .......... .......... .......... .......... .......... 61.4M
  8400K .......... .......... .......... .......... .......... 47.9M
  8450K .......... .......... .......... .......... .......... 88.4M
  8500K .......... .......... .......... .......... .......... 12.5M
  8550K .......... .......... .......... .......... .......... 72.6M
  8600K .......... .......... .......... .......... .......... 45.3M
  8650K .......... .......... .......... .......... ..........  134M
  8700K .......... .......... .......... .......... .......... 29.0M
  8750K .......... .......... .......... .......... .......... 8.16M
  8800K .......... .......... .......... .......... .......... 23.3M
  8850K .......... .......... .......... .......... .......... 1.34M
  8900K .......... .......... .......... .......... .......... 64.3M
  8950K .......... .......... .......... .......... ..........  116M
  9000K .......... .......... .......... .......... .......... 6.75M
  9050K .......... .......... .......... .......... .......... 4.54M
  9100K .......... .......... .......... .......... .......... 51.1M
  9150K .......... .......... .......... .......... ..........  119M
  9200K .......... .......... .......... .......... .......... 89.0M
  9250K .......... .......... .......... .......... ..........  117M
  9300K .......... .......... .......... .......... .......... 18.0M
  9350K .......... .......... .......... .......... ..........  127M
  9400K .......... .......... .......... .......... .......... 16.9M
  9450K .......... .......... .......... .......... ..........  130M
  9500K .......... .......... .......... .......... .......... 5.21M
  9550K .......... .......... .......... .......... .......... 9.00M
  9600K .......... .......... .......... .......... ..........  129M
  9650K .......... .......... .......... .......... .......... 23.8M
  9700K .......... .......... .......... .......... .......... 53.7M
  9750K .......... .......... .......... .......... ..........  127M
  9800K .......... .......... .......... .......... .......... 13.3M
  9850K .......... .......... .......... .......... .......... 13.5M
  9900K .......... .......... .......... .......... .......... 71.7M
  9950K .......... .......... .......... .......... ..........  132M
 10000K .......... .......... .......... .......... ..........  127M
 10050K .......... .......... .......... .......... .......... 21.1M
 10100K .......... .......... .......... .......... .......... 83.8M
 10150K .......... .......... .......... .......... ..........  128M
 10200K .......... .......... .......... .......... .......... 37.1M
 10250K .......... .......... .......... .......... ..........  134M
 10300K .......... .......... .......... .......... .......... 11.1M
 10350K .......... .......... .......... .......... .......... 16.6M
 10400K .......... .......... .......... .......... .......... 7.59M
 10450K .......... .......... .......... .......... ..........  124M
 10500K .......... .......... .......... .......... .......... 37.1M
 10550K .......... .......... .......... .......... .......... 76.6M
 10600K .......... .......... .......... .......... ..........  122M
 10650K .......... .......... .......... .......... .......... 12.0M
 10700K .......... .......... .......... .......... .......... 51.6M
 10750K .......... .......... .......... .......... .......... 67.8M
 10800K .......... .......... .......... .......... .......... 61.5M
 10850K .......... .......... .......... .......... ..........  124M
 10900K .......... .......... .......... .......... .......... 20.3M
 10950K .......... .......... .......... .......... ..........  132M
 11000K .......... .......... .......... .......... .......... 10.5M
 11050K .......... .......... .......... .......... .......... 10.5M
 11100K .......... .......... .......... .......... .......... 35.7M
 11150K .......... .......... .......... .......... ..........  125M
 11200K .......... .......... .......... .......... .......... 43.7M
 11250K .......... .......... .......... .......... .......... 32.4M
 11300K .......... .......... .......... .......... .......... 69.0M
 11350K .......... .......... .......... .......... .......... 12.5M
 11400K .......... .......... .......... .......... ..........  129M
 11450K .......... .......... .......... .......... ..........  120M
 11500K .......... .......... .......... .......... .......... 9.60M
 11550K .......... .......... .......... .......... .......... 80.0M
 11600K .......... .......... .......... .......... .......... 72.9M
 11650K .......... .......... .......... .......... .......... 76.6M
 11700K .......... .......... .......... .......... ..........  123M
 11750K .......... .......... .......... .......... .......... 11.7M
 11800K .......... .......... .......... .......... .......... 41.4M
 11850K .......... .......... .......... .......... ..........  124M
 11900K .......... .......... .......... .......... .......... 22.8M
 11950K .......... .......... .......... .......... .......... 52.7M
 12000K .......... .......... .......... .......... .......... 8.84M
 12050K .......... .......... .......... .......... .......... 42.0M
 12100K .......... .......... .......... .......... .......... 5.71M
 12150K .......... .......... .......... .......... .......... 84.3M
 12200K .......... .......... .......... .......... .......... 22.5M
 12250K .......... .......... .......... .......... ..........  129M
 12300K .......... .......... .......... .......... ..........  124M
 12350K .......... .......... .......... .......... .......... 54.2M
 12400K .......... .......... .......... .......... ..........  103M
 12450K .......... .......... .......... .......... .......... 12.3M
 12500K .......... .......... .......... .......... .......... 49.4M
 12550K .......... .......... .......... .......... ..........  131M
 12600K .......... .......... .......... .......... .......... 36.0M
 12650K .......... .......... .......... .......... .......... 49.0M
 12700K .......... .......... .......... .......... ..........  125M
 12750K .......... .......... .......... .......... .......... 10.8M
 12800K .......... .......... .......... .......... .......... 2.93M
 12850K .......... .......... .......... .......... .......... 2.11M
 12900K .......... .......... .......... .......... .......... 6.23M
 12950K .......... .......... .......... .......... ..........  130M
 13000K .......... .......... .......... .......... ..........  103M
 13050K .......... .......... .......... .......... .......... 4.68M
 13100K .......... .......... .......... .......... .......... 76.4M
 13150K .......... .......... .......... .......... .......... 12.5M
 13200K .......... .......... .......... .......... .......... 31.9M
 13250K .......... .......... .......... .......... ..........  130M
 13300K .......... .......... .......... .......... .......... 45.4M
 13350K .......... .......... .......... .......... .......... 29.5M
 13400K .......... .......... .......... .......... .......... 95.4M
 13450K .......... .......... .......... .......... .......... 6.97M
 13500K .......... .......... .......... .......... .......... 52.9M
 13550K .......... .......... .......... .......... .......... 9.71M
 13600K .......... .......... .......... .......... .......... 15.3M
 13650K .......... .......... .......... .......... .......... 76.3M
 13700K .......... .......... .......... .......... .......... 12.5M
 13750K .......... .......... .......... .......... ..........  112M
 13800K .......... .......... .......... .......... .......... 43.7M
 13850K .......... .......... .......... .......... .......... 14.9M
 13900K .......... .......... .......... .......... .......... 39.3M
 13950K .......... .......... .......... .......... ..........  124M
 14000K .......... .......... .......... .......... .......... 62.2M
 14050K .......... .......... .......... .......... .......... 83.0M
 14100K .......... .......... .......... .......... .......... 46.5M
 14150K .......... .......... .......... .......... ..........  107M
 14200K .......... .......... .......... .......... .......... 81.4M
 14250K .......... .......... .......... .......... .......... 14.7M
 14300K .......... .......... .......... .......... .......... 51.4M
 14350K .......... .......... .......... .......... .......... 14.8M
 14400K .......... .......... .......... .......... .......... 7.76M
 14450K .......... .......... .......... .......... .......... 51.7M
 14500K .......... .......... .......... .......... .......... 68.5M
 14550K .......... .......... .......... .......... ..........  119M
 14600K .......... .......... .......... .......... .......... 9.38M
 14650K .......... .......... .......... .......... .......... 48.1M
 14700K .......... .......... .......... .......... .......... 43.4M
 14750K .......... .......... .......... .......... .......... 43.5M
 14800K .......... .......... .......... .......... .......... 43.4M
 14850K .......... .......... .......... .......... .......... 82.6M
 14900K .......... .......... .......... .......... .......... 45.5M
 14950K .......... .......... .......... .......... .......... 75.6M
 15000K .......... .......... .......... .......... .......... 7.02M
 15050K .......... .......... .......... .......... .......... 67.3M
 15100K .......... .......... .......... .......... .......... 53.2M
 15150K .......... .......... .......... .......... .......... 18.5M
 15200K .......... .......... .......... .......... .......... 79.9M
 15250K .......... .......... .......... .......... .......... 13.1M
 15300K .......... .......... .......... .......... .......... 94.6M
 15350K .......... .......... .......... .......... ..........  127M
 15400K .......... .......... .......... .......... .......... 63.8M
 15450K .......... .......... .......... .......... .......... 11.0M
 15500K .......... .......... .......... .......... .......... 48.0M
 15550K .......... .......... .......... .......... .......... 59.9M
 15600K .......... .......... .......... .......... ..........  119M
 15650K .......... .......... .......... .......... .......... 68.0M
 15700K .......... .......... .......... .......... .......... 12.4M
 15750K .......... .......... .......... .......... ..........  126M
 15800K .......... .......... .......... .......... ..........  111M
 15850K .......... .......... .......... .......... .......... 14.3M
 15900K .......... .......... .......... .......... ..........  117M
 15950K .......... .......... .......... .......... .......... 98.4M
 16000K .......... .......... .......... .......... .......... 8.67M
 16050K .......... .......... .......... .......... .......... 49.9M
 16100K .......... .......... .......... .......... ..........  234M
 16150K .......... .......... .......... .......... .......... 5.08M
 16200K .......... .......... .......... .......... .......... 79.8M
 16250K .......... .......... .......... .......... ..........  190M
 16300K .......... .......... .......... .......... .......... 30.7M
 16350K .......... .......... .......... .......... .......... 43.4M
 16400K .......... .......... .......... .......... .......... 19.8M
 16450K .......... .......... .......... .......... ..........  148M
 16500K .......... .......... .......... .......... .......... 42.9M
 16550K .......... .......... .......... .......... ..........  208M
 16600K .......... .......... .......... .......... .......... 43.3M
 16650K .......... .......... .......... .......... .......... 28.9M
 16700K .......... .......... .......... .......... .......... 9.11M
 16750K .......... .......... .......... .......... .......... 19.0M
 16800K .......... .......... .......... .......... ..........  245M
 16850K .......... .......... .......... .......... .......... 3.74M
 16900K .......... .......... .......... .......... .......... 1.57M
 16950K .......... .......... .......... .......... .......... 4.52M
 17000K .......... .......... .......... .......... ..........  214M
 17050K .......... .......... .......... .......... .......... 60.6M
 17100K .......... .......... .......... .......... ..........  237M
 17150K .......... .......... .......... .......... .......... 12.2M
 17200K .......... .......... .......... .......... .......... 14.1M
 17250K .......... .......... .......... .......... ..........  218M
 17300K .......... .......... .......... .......... ..........  250M
 17350K .......... .......... .......... .......... ..........  212M
 17400K .......... .......... .......... .......... .......... 5.76M
 17450K .......... .......... .......... .......... ..........  212M
 17500K .......... .......... .......... .......... ..........  229M
 17550K .......... .......... .......... .......... .......... 9.65M
 17600K .......... .......... .......... .......... .......... 15.4M
 17650K .......... .......... .......... .......... .......... 10.1M
 17700K .......... .......... .......... .......... ..........  221M
 17750K .......... .......... .......... .......... .......... 12.1M
 17800K .......... .......... .......... .......... ..........  167M
 17850K .......... .......... .......... .......... ..........  208M
 17900K .......... .......... .......... .......... .......... 21.4M
 17950K .......... .......... .......... .......... ..........  186M
 18000K .......... .......... .......... .......... .......... 58.4M
 18050K .......... .......... .......... .......... ..........  218M
 18100K .......... .......... .......... .......... ..........  242M
 18150K .......... .......... .......... .......... .......... 9.48M
 18200K .......... .......... .......... .......... ..........  205M
 18250K .......... .......... .......... .......... ..........  217M
 18300K .......... .......... .......... .......... ..........  250M
 18350K .......... .......... .......... .......... .......... 12.4M
 18400K .......... .......... .......... .......... .......... 9.17M
 18450K .......... .......... .......... .......... .......... 40.9M
 18500K .......... .......... .......... .......... ..........  224M
 18550K .......... .......... .......... .......... .......... 58.2M
 18600K .......... .......... .......... .......... .......... 10.7M
 18650K .......... .......... .......... .......... .......... 48.4M
 18700K .......... .......... .......... .......... .......... 15.5M
 18750K .......... .......... .......... .......... ..........  154M
 18800K .......... .......... .......... .......... ..........  257M
 18850K .......... .......... .......... .......... ..........  199M
 18900K .......... .......... .......... .......... .......... 26.3M
 18950K .......... .......... .......... .......... .......... 14.2M
 19000K .......... .......... .......... .......... ..........  114M
 19050K .......... .......... .......... .......... .......... 11.5M
 19100K .......... .......... .......... .......... .......... 64.6M
 19150K .......... .......... .......... .......... .......... 17.2M
 19200K .......... .......... .......... .......... .......... 11.1M
 19250K .......... .......... .......... .......... ..........  121M
 19300K .......... .......... .......... .......... ..........  111M
 19350K .......... .......... .......... .......... ..........  126M
 19400K .......... .......... .......... .......... .......... 9.81M
 19450K .......... .......... .......... .......... ..........  122M
 19500K .......... .......... .......... .......... ..........  118M
 19550K .......... .......... .......... .......... ..........  177M
 19600K .......... .......... .......... .......... .......... 35.0M
 19650K .......... .......... .......... .......... ..........  155M
 19700K .......... .......... .......... .......... ..........  244M
 19750K .......... .......... .......... .......... .......... 12.5M
 19800K .......... .......... .......... .......... .......... 80.0M
 19850K .......... .......... .......... .......... .......... 14.1M
 19900K .......... .......... .......... .......... .......... 50.4M
 19950K .......... .......... .......... .......... ..........  116M
 20000K .......... .......... .......... .......... ..........  125M
 20050K .......... .......... .......... .......... .......... 12.8M
 20100K .......... .......... .......... .......... .......... 20.6M
 20150K .......... .......... .......... .......... .......... 8.74M
 20200K .......... .......... .......... .......... .......... 13.5M
 20250K .......... .......... .......... .......... .......... 57.3M
 20300K .......... .......... .......... .......... .......... 18.7M
 20350K .......... .......... .......... .......... ..........  116M
 20400K .......... .......... .......... .......... .......... 20.1M
 20450K .......... .......... .......... .......... ..........  107M
 20500K .......... .......... .......... .......... .......... 30.0M
 20550K .......... .......... .......... .......... ..........  123M
 20600K .......... .......... .......... .......... .......... 72.2M
 20650K .......... .......... .......... .......... ..........  127M
 20700K .......... .......... .......... .......... .......... 34.1M
 20750K .......... .......... .......... .......... .......... 9.31M
 20800K .......... .......... .......... .......... .......... 19.3M
 20850K .......... .......... .......... .......... .......... 3.97M
 20900K .......... .......... .......... .......... .......... 2.06M
 20950K .......... .......... .......... .......... ..........  123M
 21000K .......... .......... .......... .......... .......... 2.64M
 21050K .......... .......... .......... .......... .......... 45.2M
 21100K .......... .......... .......... .......... ..........  120M
 21150K .......... .......... .......... .......... .......... 73.5M
 21200K .......... .......... .......... .......... .......... 14.4M
 21250K .......... .......... .......... .......... .......... 13.4M
 21300K .......... .......... .......... .......... .......... 5.47M
 21350K .......... .......... .......... .......... ..........  122M
 21400K .......... .......... .......... .......... ..........  117M
 21450K .......... .......... .......... .......... ..........  128M
 21500K .......... .......... .......... .......... .......... 11.8M
 21550K .......... .......... .......... .......... .......... 62.8M
 21600K .......... .......... .......... .......... .......... 17.4M
 21650K .......... .......... .......... .......... ..........  127M
 21700K .......... .......... .......... .......... .......... 11.1M
 21750K .......... .......... .......... .......... .......... 11.4M
 21800K .......... .......... .......... .......... ..........  121M
 21850K .......... .......... .......... .......... ..........  105M
 21900K .......... .......... .......... .......... .......... 22.6M
 21950K .......... .......... .......... .......... ..........  124M
 22000K .......... .......... .......... .......... .......... 70.3M
 22050K .......... .......... .......... .......... ..........  104M
 22100K .......... .......... .......... .......... .......... 10.0M
 22150K .......... .......... .......... .......... .......... 67.4M
 22200K .......... .......... .......... .......... ..........  126M
 22250K .......... .......... .......... .......... ..........  112M
 22300K .......... .......... .......... .......... .......... 24.3M
 22350K .......... .......... .......... .......... ..........  119M
 22400K .......... .......... .......... .......... ..........  109M
 22450K .......... .......... .......... .......... .......... 7.54M
 22500K .......... .......... .......... .......... ..........  113M
 22550K .......... .......... .......... .......... .......... 54.6M
 22600K .......... .......... .......... .......... ..........  130M
 22650K .......... .......... .......... .......... .......... 11.0M
 22700K .......... .......... .......... .......... .......... 33.9M
 22750K .......... .......... .......... .......... .......... 17.4M
 22800K .......... .......... .......... .......... .......... 97.4M
 22850K .......... .......... .......... .......... ..........  123M
 22900K .......... .......... .......... .......... ..........  130M
 22950K .......... .......... .......... .......... .......... 34.9M
 23000K .......... .......... .......... .......... .......... 14.1M
 23050K .......... .......... .......... .......... .......... 12.5M
 23100K .......... .......... .......... .......... .......... 58.3M
 23150K .......... .......... .......... .......... .......... 86.3M
 23200K .......... .......... .......... .......... .......... 18.6M
 23250K .......... .......... .......... .......... .......... 10.9M
 23300K .......... .......... .......... .......... .......... 70.8M
 23350K .......... .......... .......... .......... .......... 59.9M
 23400K .......... .......... .......... .......... ..........  125M
 23450K .......... .......... .......... .......... .......... 11.6M
 23500K .......... .......... .......... .......... .......... 85.1M
 23550K .......... .......... .......... .......... ..........  101M
 23600K .......... .......... .......... .......... ..........  128M
 23650K .......... .......... .......... .......... ..........  126M
 23700K .......... .......... .......... .......... .......... 50.8M
 23750K .......... .......... .......... .......... .......... 12.8M
 23800K .......... .......... .......... .......... ..........  124M
 23850K .......... .......... .......... .......... .......... 48.5M
 23900K .......... .......... .......... .......... .......... 18.3M
 23950K .......... .......... .......... .......... .......... 33.6M
 24000K .......... .......... .......... .......... ..........  126M
 24050K .......... .......... .......... .......... ..........  127M
 24100K .......... .......... .......... .......... .......... 12.9M
 24150K .......... .......... .......... .......... .......... 53.4M
 24200K .......... .......... .......... .......... .......... 7.18M
 24250K .......... .......... .......... .......... .......... 18.5M
 24300K .......... .......... .......... .......... .......... 35.2M
 24350K .......... .......... .......... .......... .......... 15.0M
 24400K .......... .......... .......... .......... .......... 16.3M
 24450K .......... .......... .......... .......... .......... 79.5M
 24500K .......... .......... .......... .......... .......... 34.5M
 24550K .......... .......... .......... .......... ..........  127M
 24600K .......... .......... .......... .......... .......... 71.5M
 24650K .......... .......... .......... .......... .......... 62.6M
 24700K .......... .......... .......... .......... .......... 46.8M
 24750K .......... .......... .......... .......... .......... 11.0M
 24800K .......... .......... .......... .......... .......... 56.8M
 24850K .......... .......... .......... .......... .......... 18.2M
 24900K .......... .......... .......... .......... .......... 3.95M
 24950K .......... .......... .......... .......... .......... 2.08M
 25000K .......... .......... .......... .......... ..........  124M
 25050K .......... .......... .......... .......... .......... 2.73M
 25100K .......... .......... .......... .......... .......... 30.3M
 25150K .......... .......... .......... .......... ..........  126M
 25200K .......... .......... .......... .......... .......... 85.7M
 25250K .......... .......... .......... .......... .......... 18.2M
 25300K .......... .......... .......... .......... .......... 11.3M
 25350K .......... .......... .......... .......... .......... 5.29M
 25400K .......... .......... .......... .......... .......... 9.54M
 25450K .......... .......... .......... .......... .......... 56.0M
 25500K .......... .......... .......... .......... .......... 46.3M
 25550K .......... .......... .......... .......... .......... 33.5M
 25600K .......... .......... .......... .......... .......... 23.5M
 25650K .......... .......... .......... .......... ..........  132M
 25700K .......... .......... .......... .......... .......... 19.4M
 25750K .......... .......... .......... .......... ..........  124M
 25800K .......... .......... .......... .......... .......... 10.8M
 25850K .......... .......... .......... .......... .......... 31.3M
 25900K .......... .......... .......... .......... .......... 48.9M
 25950K .......... .......... .......... .......... ..........  128M
 26000K .......... .......... .......... .......... .......... 29.4M
 26050K .......... .......... .......... .......... ..........  130M
 26100K .......... .......... .......... .......... .......... 11.7M
 26150K .......... .......... .......... .......... ..........  125M
 26200K .......... .......... .......... .......... ..........  125M
 26250K .......... .......... .......... .......... .......... 95.3M
 26300K .......... .......... .......... .......... .......... 20.3M
 26350K .......... .......... .......... .......... ..........  125M
 26400K .......... .......... .......... .......... .......... 9.36M
 26450K .......... .......... .......... .......... .......... 46.8M
 26500K .......... .......... .......... .......... .......... 69.8M
 26550K .......... .......... .......... .......... .......... 33.4M
 26600K .......... .......... .......... .......... ..........  125M
 26650K .......... .......... .......... .......... ..........  132M
 26700K .......... .......... .......... .......... .......... 17.4M
 26750K .......... .......... .......... .......... .......... 25.8M
 26800K .......... .......... .......... .......... .......... 16.9M
 26850K .......... .......... .......... .......... ..........  128M
 26900K .......... .......... .......... .......... .......... 30.8M
 26950K .......... .......... .......... .......... ..........  116M
 27000K .......... .......... .......... .......... ..........  132M
 27050K .......... .......... .......... .......... .......... 15.8M
 27100K .......... .......... .......... .......... .......... 11.6M
 27150K .......... .......... .......... .......... .......... 76.6M
 27200K .......... .......... .......... .......... .......... 71.8M
 27250K .......... .......... .......... .......... .......... 19.5M
 27300K .......... .......... .......... .......... .......... 10.7M
 27350K .......... .......... .......... .......... .......... 52.5M
 27400K .......... .......... .......... .......... ..........  125M
 27450K .......... .......... .......... .......... .......... 10.2M
 27500K .......... .......... .......... .......... ..........  118M
 27550K .......... .......... .......... .......... ..........  121M
 27600K .......... .......... .......... .......... .......... 55.7M
 27650K .......... .......... .......... .......... ..........  124M
 27700K .......... .......... .......... .......... ..........  123M
 27750K .......... .......... .......... .......... .......... 80.3M
 27800K .......... .......... .......... .......... .......... 13.3M
 27850K .......... .......... .......... .......... .......... 43.8M
 27900K .......... .......... .......... .......... ..........  128M
 27950K .......... .......... .......... .......... .......... 78.8M
 28000K .......... .......... .......... .......... .......... 16.2M
 28050K .......... .......... .......... .......... .......... 11.5M
 28100K .......... .......... .......... .......... .......... 52.4M
 28150K .......... .......... .......... .......... ..........  129M
 28200K .......... .......... .......... .......... ..........  114M
 28250K .......... .......... .......... .......... .......... 36.7M
 28300K .......... .......... .......... .......... .......... 5.94M
 28350K .......... .......... .......... .......... .......... 3.58M
 28400K .......... .......... .......... .......... ..........  117M
 28450K .......... .......... .......... .......... ..........  134M
 28500K .......... .......... .......... .......... ..........  126M
 28550K .......... .......... .......... .......... .......... 6.01M
 28600K .......... .......... .......... .......... .......... 30.6M
 28650K .......... .......... .......... .......... ..........  131M
 28700K .......... .......... .......... .......... ..........  122M
 28750K .......... .......... .......... .......... ..........  130M
 28800K .......... .......... .......... .......... ..........  120M
 28850K .......... .......... .......... .......... ..........  130M
 28900K .......... .......... .......... .......... ..........  130M
 28950K .......... .......... .......... .......... .......... 6.42M
 29000K .......... .......... .......... .......... .......... 2.33M
 29050K .......... .......... .......... .......... .......... 20.6M
 29100K .......... .......... .......... .......... .......... 8.08M
 29150K .......... .......... .......... .......... .......... 4.30M
 29200K .......... .......... .......... .......... .......... 39.2M
 29250K .......... .......... .......... .......... .......... 60.6M
 29300K .......... .......... .......... .......... .......... 21.6M
 29350K .......... .......... .......... .......... .......... 3.89M
 29400K .......... .......... .......... .......... .......... 85.3M
 29450K .......... .......... .......... .......... .......... 9.70M
 29500K .......... .......... .......... .......... .......... 41.4M
 29550K .......... .......... .......... .......... .......... 22.0M
 29600K .......... .......... .......... .......... ..........  124M
 29650K .......... .......... .......... .......... .......... 99.0M
 29700K .......... .......... .......... .......... .......... 12.1M
 29750K .......... .......... .......... .......... ..........  126M
 29800K .......... .......... .......... .......... .......... 13.3M
 29850K .......... .......... .......... .......... ..........  132M
 29900K .......... .......... .......... .......... .......... 39.3M
 29950K .......... .......... .......... .......... .......... 34.0M
 30000K .......... .......... .......... .......... .......... 57.7M
 30050K .......... .......... .......... .......... .......... 8.55M
 30100K .......... .......... .......... .......... .......... 72.7M
 30150K .......... .......... .......... .......... ..........  132M
 30200K .......... .......... .......... .......... ..........  105M
 30250K .......... .......... .......... .......... .......... 22.0M
 30300K .......... .......... .......... .......... .......... 50.7M
 30350K .......... .......... .......... .......... ..........  138M
 30400K .......... .......... .......... .......... .......... 9.15M
 30450K .......... .......... .......... .......... ..........  127M
 30500K .......... .......... .......... .......... .......... 68.1M
 30550K .......... .......... .......... .......... ..........  131M
 30600K .......... .......... .......... .......... .......... 90.6M
 30650K .......... .......... .......... .......... .......... 22.7M
 30700K .......... .......... .......... .......... .......... 3.83M
 30750K .......... .......... .......... .......... ..........  119M
 30800K .......... .......... .......... .......... ..........  131M
 30850K .......... .......... .......... .......... ..........  134M
 30900K .......... .......... .......... .......... ..........  133M
 30950K .......... .......... .......... .......... ..........  137M
 31000K .......... .......... .......... .......... ..........  127M
 31050K .......... .......... .......... .......... ..........  136M
 31100K .......... .......... .......... .......... .......... 85.0M
 31150K .......... .......... .......... .......... .......... 29.0M
 31200K .......... .......... .......... .......... .......... 59.2M
 31250K .......... .......... .......... .......... .......... 19.3M
 31300K .......... .......... .......... .......... .......... 11.9M
 31350K .......... .......... .......... .......... .......... 56.3M
 31400K .......... .......... .......... .......... .......... 97.3M
 31450K .......... .......... .......... .......... .......... 12.7M
 31500K .......... .......... .......... .......... .......... 38.1M
 31550K .......... .......... .......... .......... ..........  120M
 31600K .......... .......... .......... .......... ..........  135M
 31650K .......... .......... .......... .......... .......... 27.0M
 31700K .......... .......... .......... .......... .......... 47.3M
 31750K .......... .......... .......... .......... .......... 14.0M
 31800K .......... .......... .......... .......... .......... 47.4M
 31850K .......... .......... .......... .......... .......... 21.8M
 31900K .......... .......... .......... .......... .......... 23.4M
 31950K .......... .......... .......... .......... .......... 52.3M
 32000K .......... .......... .......... .......... ..........  125M
 32050K .......... .......... .......... .......... .......... 42.7M
 32100K .......... .......... .......... .......... .......... 30.8M
 32150K .......... .......... .......... .......... .......... 3.19M
 32200K .......... .......... .......... .......... ..........  116M
 32250K .......... .......... .......... .......... ..........  124M
 32300K .......... .......... .......... .......... ..........  124M
 32350K .......... .......... .......... .......... ..........  120M
 32400K .......... .......... .......... .......... ..........  117M
 32450K .......... .......... .......... .......... ..........  125M
 32500K .......... .......... .......... .......... .......... 2.34M
 32550K .......... .......... .......... .......... ..........  124M
 32600K .......... .......... .......... .......... .......... 60.2M
 32650K .......... .......... .......... .......... ..........  131M
 32700K .......... .......... .......... .......... .......... 38.3M
 32750K .......... .......... .......... .......... .......... 1.15M
 32800K .......... .......... .......... .......... ..........  124M
 32850K .......... .......... .......... .......... ..........  124M
 32900K .......... .......... .......... .......... ..........  119M
 32950K .......... .......... .......... .......... ..........  135M
 33000K .......... .......... .......... .......... .......... 1.51M
 33050K .......... .......... .......... .......... ..........  132M
 33100K .......... .......... .......... .......... ..........  123M
 33150K .......... .......... .......... .......... ..........  130M
 33200K .......... .......... .......... .......... .......... 2.76M
 33250K .......... .......... .......... .......... .......... 1.86M
 33300K .......... .......... .......... .......... .......... 30.1M
 33350K .......... .......... .......... .......... .......... 53.6M
 33400K .......... .......... .......... .......... ..........  127M
 33450K .......... .......... .......... .......... .......... 53.8M
 33500K .......... .......... .......... .......... .......... 1.37M
 33550K .......... .......... .......... .......... .......... 47.8M
 33600K .......... .......... .......... .......... ..........  113M
 33650K .......... .......... .......... .......... ..........  124M
 33700K .......... .......... .......... .......... ..........  127M
 33750K .......... .......... .......... .......... .......... 1.65M
 33800K .......... .......... .......... .......... .......... 46.7M
 33850K .......... .......... .......... .......... .......... 71.5M
 33900K .......... .......... .......... .......... .......... 60.8M
 33950K .......... .......... .......... .......... ..........  135M
 34000K .......... .......... .......... .......... .......... 1.15M
 34050K .......... .......... .......... .......... .......... 32.2M
 34100K .......... .......... .......... .......... .......... 58.1M
 34150K .......... .......... .......... .......... .......... 62.6M
 34200K .......... .......... .......... .......... ..........  133M
 34250K .......... .......... .......... .......... ..........  113M
 34300K .......... .......... .......... .......... .......... 1.20M
 34350K .......... .......... .......... .......... ..........  130M
 34400K .......... .......... .......... .......... .......... 49.4M
 34450K .......... .......... .......... .......... ..........  125M
 34500K .......... .......... .......... .......... ..........  129M
 34550K .......... .......... .......... .......... .......... 1.49M
 34600K .......... .......... .......... .......... ..........  123M
 34650K .......... .......... .......... .......... .......... 95.8M
 34700K .......... .......... .......... .......... ..........  128M
 34750K .......... .......... .......... .......... .......... 32.9M
 34800K .......... .......... .......... .......... ..........  994K
 34850K .......... .......... .......... .......... ..........  127M
 34900K .......... .......... .......... .......... ..........  101M
 34950K .......... .......... .......... .......... .......... 61.2M
 35000K .......... .......... .......... .......... ..........  122M
 35050K .......... .......... .......... .......... .......... 1.40M
 35100K .......... .......... .......... .......... ..........  123M
 35150K .......... .......... .......... .......... .......... 80.7M
 35200K .......... .......... .......... .......... ..........  117M
 35250K .......... .......... .......... .......... .......... 92.7M
 35300K .......... .......... .......... .......... .......... 1.09M
 35350K .......... .......... .......... .......... .......... 40.3M
 35400K .......... .......... .......... .......... .......... 46.6M
 35450K .......... .......... .......... .......... .......... 78.1M
 35500K .......... .......... .......... .......... .......... 42.0M
 35550K .......... .......... .......... .......... .......... 4.31M
 35600K .......... .......... .......... .......... ..........  126M
 35650K .......... .......... .......... .......... .......... 54.2M
 35700K .......... .......... .......... .......... .......... 84.5M
 35750K .......... .......... .......... .......... ..........  104M
 35800K .......... .......... .......... .......... .......... 3.88M
 35850K .......... .......... .......... .......... .......... 48.4M
 35900K .......... .......... .......... .......... .......... 98.6M
 35950K .......... .......... .......... .......... .......... 69.7M
 36000K .......... .......... .......... .......... .......... 82.5M
 36050K .......... .......... .......... .......... .......... 3.78M
 36100K .......... .......... .......... .......... .......... 47.6M
 36150K .......... .......... .......... .......... .......... 80.9M
 36200K .......... .......... .......... .......... .......... 73.4M
 36250K .......... .......... .......... .......... ..........  116M
 36300K .......... .......... .......... .......... .......... 65.7M
 36350K .......... .......... .......... .......... .......... 3.79M
 36400K .......... .......... .......... .......... ..........  118M
 36450K .......... .......... .......... .......... .......... 90.0M
 36500K .......... .......... .......... .......... .......... 95.4M
 36550K .......... .......... .......... .......... ..........  122M
 36600K .......... .......... .......... .......... .......... 2.11M
 36650K .......... .......... .......... .......... ..........  122M
 36700K .......... .......... .......... .......... .......... 68.2M
 36750K .......... .......... .......... .......... ..........  116M
 36800K .......... .......... .......... .......... .......... 34.5M
 36850K .......... .......... .......... .......... .......... 2.98M
 36900K .......... .......... .......... .......... ..........  116M
 36950K .......... .......... .......... .......... .......... 96.3M
 37000K .......... .......... .......... .......... .......... 96.4M
 37050K .......... .......... .......... .......... .......... 98.2M
 37100K .......... .......... .......... .......... .......... 1.32M
 37150K .......... .......... .......... .......... ..........  113M
 37200K .......... .......... .......... .......... .......... 73.2M
 37250K .......... .......... .......... .......... .......... 59.5M
 37300K .......... .......... .......... .......... .......... 84.2M
 37350K .......... .......... .......... .......... .......... 1.49M
 37400K .......... .......... .......... .......... .......... 95.9M
 37450K .......... .......... .......... .......... .......... 47.0M
 37500K .......... .......... .......... .......... .......... 72.1M
 37550K .......... .......... .......... .......... .......... 76.7M
 37600K .......... .......... .......... .......... .......... 1.08M
 37650K .......... .......... .......... .......... .......... 88.5M
 37700K .......... .......... .......... .......... .......... 80.9M
 37750K .......... .......... .......... .......... .......... 95.7M
 37800K .......... .......... .......... .......... .......... 68.2M
 37850K .......... .......... .......... .......... .......... 3.67M
 37900K .......... .......... .......... .......... ..........  110M
 37950K .......... .......... .......... .......... .......... 78.0M
 38000K .......... .......... .......... .......... .......... 77.4M
 38050K .......... .......... .......... .......... .......... 84.7M
 38100K .......... .......... .......... .......... .......... 3.30M
 38150K .......... .......... .......... .......... ..........  124M
 38200K .......... .......... .......... .......... ..........  115M
 38250K .......... .......... .......... .......... .......... 97.4M
 38300K .......... .......... .......... .......... ..........  119M
 38350K .......... .......... .......... .......... .......... 3.53M
 38400K .......... .......... .......... .......... .......... 57.0M
 38450K .......... .......... .......... .......... .......... 93.8M
 38500K .......... .......... .......... .......... .......... 73.4M
 38550K .......... .......... .......... .......... .......... 80.0M
 38600K .......... .......... .......... .......... .......... 91.3M
 38650K .......... .......... .......... .......... .......... 1.69M
 38700K .......... .......... .......... .......... .......... 94.8M
 38750K .......... .......... .......... .......... .......... 63.8M
 38800K .......... .......... .......... .......... ..........  117M
 38850K .......... .......... .......... .......... .......... 34.2M
 38900K .......... .......... .......... .......... .......... 3.87M
 38950K .......... .......... .......... .......... .......... 62.6M
 39000K .......... .......... .......... .......... .......... 49.5M
 39050K .......... .......... .......... .......... .......... 74.5M
 39100K .......... .......... .......... .......... ..........  101M
 39150K .......... .......... .......... .......... .......... 3.17M
 39200K .......... .......... .......... .......... ..........  120M
 39250K .......... .......... .......... .......... .......... 89.9M
 39300K .......... .......... .......... .......... ..........  109M
 39350K .......... .......... .......... .......... ..........  101M
 39400K .......... .......... .......... .......... .......... 1.38M
 39450K .......... .......... .......... .......... .......... 53.6M
 39500K .......... .......... .......... .......... ..........  106M
 39550K .......... .......... .......... .......... .......... 74.8M
 39600K .......... .......... .......... .......... .......... 89.7M
 39650K .......... .......... .......... .......... .......... 1.84M
 39700K .......... .......... .......... .......... .......... 47.5M
 39750K .......... .......... .......... .......... .......... 74.8M
 39800K .......... .......... .......... .......... .......... 52.9M
 39850K .......... .......... .......... .......... .......... 64.7M
 39900K .......... .......... .......... .......... .......... 1.41M
 39950K .......... .......... .......... .......... ..........  120M
 40000K .......... .......... .......... .......... .......... 55.0M
 40050K .......... .......... .......... .......... ..........  104M
 40100K .......... .......... .......... .......... .......... 76.4M
 40150K .......... .......... .......... .......... .......... 2.55M
 40200K .......... .......... .......... .......... .......... 59.1M
 40250K .......... .......... .......... .......... .......... 66.0M
 40300K .......... .......... .......... .......... .......... 59.5M
 40350K .......... .......... .......... .......... .......... 58.6M
 40400K .......... .......... .......... .......... .......... 3.79M
 40450K .......... .......... .......... .......... .......... 42.3M
 40500K .......... .......... .......... .......... .......... 89.8M
 40550K .......... .......... .......... .......... .......... 72.8M
 40600K .......... .......... .......... .......... ..........  107M
 40650K .......... .......... .......... .......... ..........  123M
 40700K .......... .......... .......... .......... .......... 2.02M
 40750K .......... .......... .......... .......... .......... 41.5M
 40800K .......... .......... .......... .......... ..........  110M
 40850K .......... .......... .......... .......... .......... 72.0M
 40900K .......... .......... .......... .......... .......... 30.9M
 40950K .......... .......... .......... .......... .......... 1.42M
 41000K .......... .......... .......... .......... .......... 59.3M
 41050K .......... .......... .......... .......... ..........  104M
 41100K .......... .......... .......... .......... .......... 45.4M
 41150K .......... .......... .......... .......... .......... 41.2M
 41200K .......... .......... .......... .......... .......... 2.38M
 41250K .......... .......... .......... .......... .......... 52.8M
 41300K .......... .......... .......... .......... ..........  103M
 41350K .......... .......... .......... .......... .......... 48.5M
 41400K .......... .......... .......... .......... .......... 83.6M
 41450K .......... .......... .......... .......... .......... 1.38M
 41500K .......... .......... .......... .......... .......... 77.1M
 41550K .......... .......... .......... .......... .......... 60.8M
 41600K .......... .......... .......... .......... .......... 78.0M
 41650K .......... .......... .......... .......... .......... 96.8M
 41700K .......... .......... .......... .......... .......... 3.56M
 41750K .......... .......... .......... .......... ..........  117M
 41800K .......... .......... .......... .......... .......... 95.7M
 41850K .......... .......... .......... .......... ..........  104M
 41900K .......... .......... .......... .......... ..........  118M
 41950K .......... .......... .......... .......... .......... 3.74M
 42000K .......... .......... .......... .......... ..........  103M
 42050K .......... .......... .......... .......... .......... 55.9M
 42100K .......... .......... .......... .......... .......... 59.5M
 42150K .......... .......... .......... .......... .......... 30.2M
 42200K .......... .......... .......... .......... .......... 1.21M
 42250K .......... .......... .......... .......... ..........  130M
 42300K .......... .......... .......... .......... .......... 61.0M
 42350K .......... .......... .......... .......... ..........  119M
 42400K .......... .......... .......... .......... .......... 45.3M
 42450K .......... .......... .......... .......... .......... 2.36M
 42500K .......... .......... .......... .......... .......... 98.7M
 42550K .......... .......... .......... .......... .......... 49.8M
 42600K .......... .......... .......... .......... .......... 66.0M
 42650K .......... .......... .......... .......... ..........  120M
 42700K .......... .......... .......... .......... ..........  124M
 42750K .......... .......... .......... .......... .......... 1.68M
 42800K .......... .......... .......... .......... .......... 42.9M
 42850K .......... .......... .......... .......... ..........  119M
 42900K .......... .......... .......... .......... ..........  115M
 42950K .......... .......... .......... .......... .......... 25.0M
 43000K .......... .......... .......... .......... .......... 1.65M
 43050K .......... .......... .......... .......... ..........  121M
 43100K .......... .......... .......... .......... ..........  111M
 43150K .......... .......... .......... .......... .......... 94.7M
 43200K .......... .......... .......... .......... .......... 88.1M
 43250K .......... .......... .......... .......... .......... 3.33M
 43300K .......... .......... .......... .......... .......... 58.6M
 43350K .......... .......... .......... .......... .......... 67.6M
 43400K .......... .......... .......... .......... .......... 76.1M
 43450K .......... .......... .......... .......... .......... 79.6M
 43500K .......... .......... .......... .......... .......... 4.29M
 43550K .......... .......... .......... .......... .......... 41.4M
 43600K .......... .......... .......... .......... .......... 31.6M
 43650K .......... .......... .......... .......... .......... 70.6M
 43700K .......... .......... .......... .......... .......... 58.8M
 43750K .......... .......... .......... .......... .......... 2.45M
 43800K .......... .......... .......... .......... ..........  119M
 43850K .......... .......... .......... .......... .......... 70.9M
 43900K .......... .......... .......... .......... .......... 74.5M
 43950K .......... .......... .......... .......... ..........  101M
 44000K .......... .......... .......... .......... .......... 3.98M
 44050K .......... .......... .......... .......... .......... 72.5M
 44100K .......... .......... .......... .......... .......... 34.1M
 44150K .......... .......... .......... .......... .......... 85.6M
 44200K .......... .......... .......... .......... .......... 80.5M
 44250K .......... .......... .......... .......... .......... 4.14M
 44300K .......... .......... .......... .......... .......... 41.5M
 44350K .......... .......... .......... .......... .......... 54.4M
 44400K .......... .......... .......... .......... .......... 37.7M
 44450K .......... .......... .......... .......... ..........  124M
 44500K .......... .......... .......... .......... .......... 2.34M
 44550K .......... .......... .......... .......... .......... 38.9M
 44600K .......... .......... .......... .......... ..........  114M
 44650K .......... .......... .......... .......... .......... 80.0M
 44700K .......... .......... .......... .......... ..........  120M
 44750K .......... .......... .......... .......... ..........  121M
 44800K .......... .......... .......... .......... .......... 3.07M
 44850K .......... .......... .......... .......... ..........  107M
 44900K .......... .......... .......... .......... ..........  113M
 44950K .......... .......... .......... .......... ..........  127M
 45000K .......... .......... .......... .......... .......... 36.7M
 45050K .......... .......... .......... .......... .......... 3.81M
 45100K .......... .......... .......... .......... ..........  117M
 45150K .......... .......... .......... .......... ..........  117M
 45200K .......... .......... .......... .......... ..........  116M
 45250K .......... .......... .......... .......... .......... 3.55M
 45300K .......... .......... .......... .......... .......... 2.71M
 45350K .......... .......... .......... .......... ..........  125M
 45400K .......... .......... .......... .......... ..........  114M
 45450K .......... .......... .......... .......... ..........  126M
 45500K .......... .......... .......... .......... ..........  123M
 45550K .......... .......... .......... .......... .......... 2.64M
 45600K .......... .......... .......... .......... .......... 66.2M
 45650K .......... .......... .......... .......... .......... 27.2M
 45700K .......... .......... .......... .......... .......... 57.2M
 45750K .......... .......... .......... .......... ..........  121M
 45800K .......... .......... .......... .......... .......... 1.68M
 45850K .......... .......... .......... .......... ..........  131M
 45900K .......... .......... .......... .......... .......... 51.9M
 45950K .......... .......... .......... .......... .......... 94.3M
 46000K .......... .......... .......... .......... ..........  130M
 46050K .......... .......... .......... .......... .......... 2.82M
 46100K .......... .......... .......... .......... ..........  102M
 46150K .......... .......... .......... .......... .......... 54.0M
 46200K .......... .......... .......... .......... ..........  131M
 46250K .......... .......... .......... .......... .......... 3.52M
 46300K .......... .......... .......... .......... .......... 2.52M
 46350K .......... .......... .......... .......... .......... 52.4M
 46400K .......... .......... .......... .......... .......... 79.0M
 46450K .......... .......... .......... .......... .......... 89.4M
 46500K .......... .......... .......... .......... .......... 4.39M
 46550K .......... .......... .......... .......... .......... 5.89M
 46600K .......... .......... .......... .......... ..........  119M
 46650K .......... .......... .......... .......... .......... 79.9M
 46700K .......... .......... .......... .......... .......... 79.9M
 46750K .......... .......... .......... .......... .......... 10.7M
 46800K .......... .......... .......... .......... .......... 2.24M
 46850K .......... .......... .......... .......... .......... 72.2M
 46900K .......... .......... .......... .......... .......... 59.8M
 46950K .......... .......... .......... .......... ..........  120M
 47000K .......... .......... .......... .......... ..........  121M
 47050K .......... .......... .......... .......... .......... 3.94M
 47100K .......... .......... .......... .......... .......... 2.16M
 47150K .......... .......... .......... .......... .......... 96.9M
 47200K .......... .......... .......... .......... .......... 82.8M
 47250K .......... .......... .......... .......... .......... 95.8M
 47300K .......... .......... .......... .......... .......... 4.18M
 47350K .......... .......... .......... .......... .......... 73.7M
 47400K .......... .......... .......... .......... .......... 86.0M
 47450K .......... .......... .......... .......... ..........  129M
 47500K .......... .......... .......... .......... .......... 4.23M
 47550K .......... .......... .......... .......... .......... 55.2M
 47600K .......... .......... .......... .......... .......... 5.58M
 47650K .......... .......... .......... .......... ..........  131M
 47700K .......... .......... .......... .......... ..........  114M
 47750K .......... .......... .......... .......... .......... 12.9M
 47800K .......... .......... .......... .......... .......... 5.55M
 47850K .......... .......... .......... .......... ..........  885K
 47900K .......... .......... .......... .......... ..........  114M
 47950K .......... .......... .......... .......... ..........  120M
 48000K .......... .......... .......... .......... .......... 88.9M
 48050K .......... .......... .......... .......... .......... 4.10M
 48100K .......... .......... .......... .......... .......... 5.76M
 48150K .......... .......... .......... .......... ..........  129M
 48200K .......... .......... .......... .......... .......... 84.5M
 48250K .......... .......... .......... .......... ..........  132M
 48300K .......... .......... .......... .......... .......... 4.08M
 48350K .......... .......... .......... .......... .......... 8.00M
 48400K .......... .......... .......... .......... .......... 37.6M
 48450K .......... .......... .......... .......... .......... 81.7M
 48500K .......... .......... .......... .......... ..........  132M
 48550K .......... .......... .......... .......... .......... 4.54M
 48600K .......... .......... .......... .......... .......... 17.9M
 48650K .......... .......... .......... .......... ..........  121M
 48700K .......... .......... .......... .......... ..........  118M
 48750K .......... .......... .......... .......... .......... 11.0M
 48800K .......... .......... .......... .......... .......... 6.08M
 48850K .......... .......... .......... .......... .......... 13.0M
 48900K .......... .......... .......... .......... .......... 81.7M
 48950K .......... .......... .......... .......... .......... 71.0M
 49000K .......... .......... .......... .......... .......... 6.68M
 49050K .......... .......... .......... .......... .......... 31.4M
 49100K .......... .......... .......... .......... .......... 13.2M
 49150K .......... .......... .......... .......... .......... 3.58M
 49200K .......... .......... .......... .......... .......... 34.8M
 49250K .......... .......... .......... .......... ..........  134M
 49300K .......... .......... .......... .......... .......... 95.4M
 49350K .......... .......... .......... .......... .......... 4.42M
 49400K .......... .......... .......... .......... .......... 1.33M
 49450K .......... .......... .......... .......... ..........  116M
 49500K .......... .......... .......... .......... ..........  119M
 49550K .......... .......... .......... .......... ..........  124M
 49600K .......... .......... .......... .......... .......... 4.08M
 49650K .......... .......... .......... .......... .......... 1.02M
 49700K .......... .......... .......... .......... ..........  122M
 49750K .......... .......... .......... .......... ..........  125M
 49800K .......... .......... .......... .......... .......... 77.3M
 49850K .......... .......... .......... .......... .......... 4.10M
 49900K .......... .......... .......... .......... .......... 1.21M
 49950K .......... .......... .......... .......... ..........  118M
 50000K .......... .......... .......... .......... ..........  109M
 50050K .......... .......... .......... .......... ..........  130M
 50100K .......... .......... .......... .......... .......... 4.06M
 50150K .......... .......... .......... .......... .......... 1.01M
 50200K .......... .......... .......... .......... .......... 54.0M
 50250K .......... .......... .......... .......... .......... 59.4M
 50300K .......... .......... .......... .......... .......... 59.6M
 50350K .......... .......... .......... .......... .......... 4.76M
 50400K .......... .......... .......... .......... ..........  981K
 50450K .......... .......... .......... .......... ..........  123M
 50500K .......... .......... .......... .......... .......... 80.2M
 50550K .......... .......... .......... .......... .......... 99.1M
 50600K .......... .......... .......... .......... ..........  101M
 50650K .......... .......... .......... .......... .......... 1.41M
 50700K .......... .......... .......... .......... ..........  127M
 50750K .......... .......... .......... .......... .......... 61.0M
 50800K .......... .......... .......... .......... .......... 60.2M
 50850K .......... .......... .......... .......... ..........  128M
 50900K .......... .......... .......... .......... .......... 4.29M
 50950K .......... .......... .......... .......... .......... 67.2M
 51000K .......... .......... .......... .......... ..........  128M
 51050K .......... .......... .......... .......... .......... 61.9M
 51100K .......... .......... .......... .......... .......... 4.33M
 51150K .......... .......... .......... .......... .......... 33.7M
 51200K .......... .......... .......... .......... .......... 3.09M
 51250K .......... .......... .......... .......... ..........  125M
 51300K .......... .......... .......... .......... ..........  120M
 51350K .......... .......... .......... .......... .......... 82.8M
 51400K .......... .......... .......... .......... .......... 4.11M
 51450K .......... .......... .......... .......... .......... 1.08M
 51500K .......... .......... .......... .......... .......... 73.2M
 51550K .......... .......... .......... .......... .......... 40.4M
 51600K .......... .......... .......... .......... ..........  130M
 51650K .......... .......... .......... .......... .......... 4.42M
 51700K .......... .......... .......... .......... ..........  955K
 51750K .......... .......... .......... .......... .......... 77.7M
 51800K .......... .......... .......... .......... ..........  120M
 51850K .......... .......... .......... .......... ..........  127M
 51900K .......... .......... .......... .......... .......... 4.16M
 51950K .......... .......... .......... .......... ..........  680K
 52000K .......... .......... .......... .......... ..........  116M
 52050K .......... .......... .......... .......... .......... 90.9M
 52100K .......... .......... .......... .......... ..........  131M
 52150K .......... .......... .......... .......... .......... 4.12M
 52200K .......... .......... .......... .......... .......... 1.32M
 52250K .......... .......... .......... .......... .......... 67.4M
 52300K .......... .......... .......... .......... .......... 49.2M
 52350K .......... .......... .......... .......... ..........  107M
 52400K .......... .......... .......... .......... ..........  130M
 52450K .......... .......... .......... .......... ..........  867K
 52500K .......... .......... .......... .......... ..........  122M
 52550K .......... .......... .......... .......... ..........  102M
 52600K .......... .......... .......... .......... ..........  122M
 52650K .......... .......... .......... .......... ..........  120M
 52700K .......... .......... .......... .......... ..........  525K
 52750K .......... .......... .......... .......... .......... 37.5M
 52800K .......... .......... .......... .......... ..........  116M
 52850K .......... .......... .......... .......... ..........  125M
 52900K .......... .......... .......... .......... ..........  123M
 52950K .......... .......... .......... .......... ..........  477K
 53000K .......... .......... .......... .......... ..........  128M
 53050K .......... .......... .......... .......... ..........  122M
 53100K .......... .......... .......... .......... .......... 99.3M
 53150K .......... .......... .......... .......... ..........  127M
 53200K .......... .......... .......... .......... ..........  612K
 53250K .......... .......... .......... .......... .......... 58.5M
 53300K .......... .......... .......... .......... .......... 52.8M
 53350K .......... .......... .......... .......... ..........  133M
 53400K .......... .......... .......... .......... .......... 79.9M
 53450K .......... .......... .......... .......... .......... 4.50M
 53500K .......... .......... .......... .......... ..........  991K
 53550K .......... .......... .......... .......... ..........  125M
 53600K .......... .......... .......... .......... ..........  128M
 53650K .......... .......... .......... .......... ..........  137M
 53700K .......... .......... .......... .......... .......... 4.02M
 53750K .......... .......... .......... .......... .......... 1.60M
 53800K .......... .......... .......... .......... ..........  118M
 53850K .......... .......... .......... .......... .......... 71.1M
 53900K .......... .......... .......... .......... ..........  121M
 53950K .......... .......... .......... .......... .......... 4.34M
 54000K .......... .......... .......... .......... .......... 1.56M
 54050K .......... .......... .......... .......... .......... 91.6M
 54100K .......... .......... .......... .......... ..........  116M
 54150K .......... .......... .......... .......... ..........  122M
 54200K .......... .......... .......... .......... ..........  119M
 54250K .......... .......... .......... .......... ..........  900K
 54300K .......... .......... .......... .......... ..........  121M
 54350K .......... .......... .......... .......... .......... 93.2M
 54400K .......... .......... .......... .......... .......... 58.4M
 54450K .......... .......... .......... .......... ..........  121M
 54500K .......... .......... .......... .......... ..........  922K
 54550K .......... .......... .......... .......... .......... 44.1M
 54600K .......... .......... .......... .......... .......... 53.3M
 54650K .......... .......... .......... .......... .......... 44.8M
 54700K .......... .......... .......... .......... ..........  126M
 54750K .......... .......... .......... .......... ..........  483K
 54800K .......... .......... .......... .......... .......... 40.4M
 54850K .......... .......... .......... .......... .......... 36.5M
 54900K .......... .......... .......... .......... .......... 36.1M
 54950K .......... .......... .......... .......... .......... 88.3M
 55000K .......... .......... .......... .......... .......... 1.05M
 55050K .......... .......... .......... .......... .......... 65.5M
 55100K .......... .......... .......... .......... .......... 83.8M
 55150K .......... .......... .......... .......... ..........  117M
 55200K .......... .......... .......... .......... ..........  114M
 55250K .......... .......... .......... .......... ..........  790K
 55300K .......... .......... .......... .......... ..........  123M
 55350K .......... .......... .......... .......... ..........  128M
 55400K .......... .......... .......... .......... ..........  126M
 55450K .......... .......... .......... .......... ..........  127M
 55500K .......... .......... .......... .......... .......... 4.12M
 55550K .......... .......... .......... .......... ..........  965K
 55600K .......... .......... .......... .......... ..........  119M
 55650K .......... .......... .......... .......... .......... 68.6M
 55700K .......... .......... .......... .......... .......... 99.1M
 55750K .......... .......... .......... .......... .......... 4.39M
 55800K .......... .......... .......... .......... ..........  932K
 55850K .......... .......... .......... .......... .......... 96.3M
 55900K .......... .......... .......... .......... .......... 95.6M
 55950K .......... .......... .......... .......... .......... 86.2M
 56000K .......... .......... .......... .......... ..........  129M
 56050K .......... .......... .......... .......... ..........  806K
 56100K .......... .......... .......... .......... .......... 49.8M
 56150K .......... .......... .......... .......... ..........  130M
 56200K .......... .......... .......... .......... .......... 90.3M
 56250K .......... .......... .......... .......... ..........  119M
 56300K .......... .......... .......... .......... ..........  557K
 56350K .......... .......... .......... .......... ..........  120M
 56400K .......... .......... .......... .......... .......... 57.5M
 56450K .......... .......... .......... .......... .......... 51.9M
 56500K .......... .......... .......... .......... ..........  121M
 56550K .......... .......... .......... .......... ..........  652K
 56600K .......... .......... .......... .......... ..........  121M
 56650K .......... .......... .......... .......... .......... 58.2M
 56700K .......... .......... .......... .......... ..........  120M
 56750K .......... .......... .......... .......... ..........  127M
 56800K .......... .......... .......... .......... ..........  655K
 56850K .......... .......... .......... .......... .......... 56.2M
 56900K .......... .......... .......... .......... ..........  127M
 56950K .......... .......... .......... .......... .......... 86.4M
 57000K .......... .......... .......... .......... ..........  131M
 57050K .......... .......... .......... .......... ..........  549K
 57100K .......... .......... .......... .......... .......... 66.3M
 57150K .......... .......... .......... .......... ..........  109M
 57200K .......... .......... .......... .......... ..........  120M
 57250K .......... .......... .......... .......... ..........  131M
 57300K .......... .......... .......... .......... ..........  621K
 57350K .......... .......... .......... .......... ..........  123M
 57400K .......... .......... .......... .......... ..........  114M
 57450K .......... .......... .......... .......... ..........  134M
 57500K .......... .......... .......... .......... ..........  126M
 57550K .......... .......... .......... .......... .......... 4.11M
 57600K .......... .......... .......... .......... .......... 1.12M
 57650K .......... .......... .......... .......... ..........  127M
 57700K .......... .......... .......... .......... ..........  121M
 57750K .......... .......... .......... .......... ..........  134M
 57800K .......... .......... .......... .......... ..........  124M
 57850K .......... .......... .......... .......... ..........  964K
 57900K .......... .......... .......... .......... ..........  122M
 57950K .......... .......... .......... .......... .......... 85.7M
 58000K .......... .......... .......... .......... ..........  117M
 58050K .......... .......... .......... .......... ..........  139M
 58100K .......... .......... .......... .......... .......... 1.11M
 58150K .......... .......... .......... .......... ..........  127M
 58200K .......... .......... .......... .......... .......... 40.9M
 58250K .......... .......... .......... .......... .......... 51.1M
 58300K .......... .......... .......... .......... ..........  132M
 58350K .......... .......... .......... .......... ..........  963K
 58400K .......... .......... .......... .......... .......... 73.3M
 58450K .......... .......... .......... .......... .......... 90.1M
 58500K .......... .......... .......... .......... .......... 60.6M
 58550K .......... .......... .......... .......... ..........  133M
 58600K .......... .......... .......... .......... ..........  914K
 58650K .......... .......... .......... .......... ..........  129M
 58700K .......... .......... .......... .......... ..........  121M
 58750K .......... .......... .......... .......... ..........  133M
 58800K .......... .......... .......... .......... ..........  122M
 58850K .......... .......... .......... .......... .......... 1.14M
 58900K .......... .......... .......... .......... ..........  120M
 58950K .......... .......... .......... .......... ..........  131M
 59000K .......... .......... .......... .......... ..........  115M
 59050K .......... .......... .......... .......... ..........  135M
 59100K .......... .......... .......... .......... ..........  499K
 59150K .......... .......... .......... .......... ..........  122M
 59200K .......... .......... .......... .......... ..........  124M
 59250K .......... .......... .......... .......... ..........  126M
 59300K .......... .......... .......... .......... ..........  119M
 59350K .......... .......... .......... .......... ..........  851K
 59400K .......... .......... .......... .......... .......... 40.9M
 59450K .......... .......... .......... .......... ..........  130M
 59500K .......... .......... .......... .......... ..........  121M
 59550K .......... .......... .......... .......... ..........  126M
 59600K .......... .......... .......... .......... ..........  865K
 59650K .......... .......... .......... .......... ..........  105M
 59700K .......... .......... .......... .......... ..........  117M
 59750K .......... .......... .......... .......... ..........  126M
 59800K .......... .......... .......... .......... ..........  126M
 59850K .......... .......... .......... .......... ..........  836K
 59900K .......... .......... .......... .......... .......... 41.7M
 59950K .......... .......... .......... .......... ..........  120M
 60000K .......... .......... .......... .......... ..........  111M
 60050K .......... .......... .......... .......... ..........  125M
 60100K .......... .......... .......... .......... ..........  133M
 60150K .......... .......... .......... .......... ..........  853K
 60200K .......... .......... .......... .......... ..........  101M
 60250K .......... .......... .......... .......... .......... 53.6M
 60300K .......... .......... .......... .......... ..........  124M
 60350K .......... .......... .......... .......... ..........  132M
 60400K .......... .......... .......... .......... ..........  661K
 60450K .......... .......... .......... .......... ..........  115M
 60500K .......... .......... .......... .......... ..........  123M
 60550K .......... .......... .......... .......... ..........  124M
 60600K .......... .......... .......... .......... .......... 80.0M
 60650K .......... .......... .......... .......... ..........  497K
 60700K .......... .......... .......... .......... ..........  118M
 60750K .......... .......... .......... .......... ..........  117M
 60800K .......... .......... .......... .......... ..........  123M
 60850K .......... .......... .......... .......... ..........  136M
 60900K .......... .......... .......... .......... ..........  541K
 60950K .......... .......... .......... .......... .......... 41.5M
 61000K .......... .......... .......... .......... .......... 77.4M
 61050K .......... .......... .......... .......... .......... 88.0M
 61100K .......... .......... .......... .......... ..........  118M
 61150K .......... .......... .......... .......... ..........  638K
 61200K .......... .......... .......... .......... ..........  100M
 61250K .......... .......... .......... .......... .......... 66.4M
 61300K .......... .......... .......... .......... ..........  111M
 61350K .......... .......... .......... .......... .......... 77.8M
 61400K .......... .......... .......... .......... ..........  608K
 61450K .......... .......... .......... .......... .......... 27.8M
 61500K .......... .......... .......... .......... ..........  132M
 61550K .......... .......... .......... .......... .......... 65.9M
 61600K .......... .......... .......... .......... .......... 49.1M
 61650K .......... .......... .......... .......... .......... 1.19M
 61700K .......... .......... .......... .......... .......... 30.7M
 61750K .......... .......... .......... .......... ..........  116M
 61800K .......... .......... .......... .......... .......... 65.2M
 61850K .......... .......... .......... .......... ..........  115M
 61900K .......... .......... .......... .......... ..........  134M
 61950K .......... .......... .......... .......... ..........  910K
 62000K .......... .......... .......... .......... ..........  120M
 62050K .......... .......... .......... .......... ..........  128M
 62100K .......... .......... .......... .......... ..........  124M
 62150K .......... .......... .......... .......... ..........  131M
 62200K .......... .......... .......... .......... ..........  951K
 62250K .......... .......... .......... .......... ..........  124M
 62300K .......... .......... .......... .......... .......... 57.5M
 62350K .......... .......... .......... .......... ..........  112M
 62400K .......... .......... .......... .......... ..........  125M
 62450K .......... .......... .......... .......... .......... 1.20M
 62500K .......... .......... .......... .......... ..........  118M
 62550K .......... .......... .......... .......... ..........  126M
 62600K .......... .......... .......... .......... ..........  101M
 62650K .......... .......... .......... .......... ..........  128M
 62700K .......... .......... .......... .......... ..........  924K
 62750K .......... .......... .......... .......... ..........  133M
 62800K .......... .......... .......... .......... ..........  113M
 62850K .......... .......... .......... .......... ..........  115M
 62900K .......... .......... .......... .......... ..........  127M
 62950K .......... .......... .......... .......... ..........  640K
 63000K .......... .......... .......... .......... ..........  113M
 63050K .......... .......... .......... .......... .......... 72.8M
 63100K .......... .......... .......... .......... ..........  127M
 63150K .......... .......... .......... .......... ..........  113M
 63200K .......... .......... .......... .......... ..........  964K
 63250K .......... .......... .......... .......... .......... 50.9M
 63300K .......... .......... .......... .......... .......... 65.5M
 63350K .......... .......... .......... .......... ..........  110M
 63400K .......... .......... .......... .......... .......... 34.1M
 63450K .......... .......... .......... .......... .......... 1.26M
 63500K .......... .......... .......... .......... .......... 58.0M
 63550K .......... .......... .......... .......... ..........  123M
 63600K .......... .......... .......... .......... ..........  127M
 63650K .......... .......... .......... .......... ..........  130M
 63700K .......... .......... .......... .......... .......... 1.26M
 63750K .......... .......... .......... .......... .......... 61.5M
 63800K .......... .......... .......... .......... ..........  115M
 63850K .......... .......... .......... .......... ..........  137M
 63900K .......... .......... .......... .......... ..........  128M
 63950K .......... .......... .......... .......... ..........  128M
 64000K .......... .......... .......... .......... .......... 1.10M
 64050K .......... .......... .......... .......... ..........  111M
 64100K .......... .......... .......... .......... ..........  110M
 64150K .......... .......... .......... .......... ..........  130M
 64200K .......... .......... .......... .......... .......... 1.93M
 64250K .......... .......... .......... .......... .......... 1.65M
 64300K .......... .......... .......... .......... ..........  117M
 64350K .......... .......... .......... .......... ..........  127M
 64400K .......... .......... .......... .......... .......... 3.98M
 64450K .......... .......... .......... .......... .......... 82.4M
 64500K .......... .......... .......... .......... .......... 1.12M
 64550K .......... .......... .......... .......... ..........  113M
 64600K .......... .......... .......... .......... ..........  121M
 64650K .......... .......... .......... .......... .......... 3.95M
 64700K .......... .......... .......... .......... ..........  118M
 64750K .......... .......... .......... .......... .......... 1.50M
 64800K .......... .......... .......... .......... ..........  128M
 64850K .......... .......... .......... .......... ..........  121M
 64900K .......... .......... .......... .......... .......... 4.07M
 64950K .......... .......... .......... .......... .......... 52.4M
 65000K .......... .......... .......... .......... .......... 1.18M
 65050K .......... .......... .......... .......... .......... 41.5M
 65100K .......... .......... .......... .......... ..........  129M
 65150K .......... .......... .......... .......... .......... 67.6M
 65200K .......... .......... .......... .......... .......... 4.25M
 65250K .......... .......... .......... .......... .......... 2.29M
 65300K .......... .......... .......... .......... ..........  122M
 65350K .......... .......... .......... .......... ..........  116M
 65400K .......... .......... .......... .......... .......... 91.0M
 65450K .......... .......... .......... .......... .......... 3.62M
 65500K .......... .......... .......... .......... ..........  129M
 65550K .......... .......... .......... ....                   125M=7.4s

2025-08-30 05:07:53 (8.65 MB/s) - 'pcl-1.9.1.tar.gz' saved [67158067]

+ tar -xzf pcl-1.9.1.tar.gz
+ cd pcl-pcl-1.9.1
+ find . -type f -name '*.h' -o -name '*.hpp' -o -name '*.cpp'
+ xargs sed -i 's|boost/detail/endian.hpp|boost/endian.hpp|g'
+ find . -type f -name '*.h' -o -name '*.hpp' -o -name '*.cpp'
+ xargs sed -i 's|BOOST_LITTLE_ENDIAN|BOOST_ENDIAN_LITTLE_ENDIAN|g'
+ xargs sed -i 's|BOOST_BIG_ENDIAN|BOOST_ENDIAN_BIG_ENDIAN|g'
+ find . -type f -name '*.h' -o -name '*.hpp' -o -name '*.cpp'
+ xargs sed -i 's|little_endian_byte_order|boost::endian::little|g'
+ find . -type f -name '*.h' -o -name '*.hpp' -o -name '*.cpp'
+ find . -type f -name '*.h' -o -name '*.hpp' -o -name '*.cpp'
+ xargs sed -i 's|big_endian_byte_order|boost::endian::big|g'
+ find . -type f -name '*.h' -o -name '*.hpp' -o -name '*.cpp'
+ xargs sed -i 's|host_byte_order|boost::endian::native|g'
+ mkdir build
+ cd build
+ cmake -DCMAKE_BUILD_TYPE=Release -DBUILD_surface_on_nurbs=ON -DUSE_UMFPACK=ON -DBUILD_examples=OFF -DBUILD_apps=OFF -DWITH_VTK=OFF -DWITH_QT=OFF -DBUILD_visualization=OFF -DWITH_OPENGL=OFF -DPython3_EXECUTABLE=/usr/bin/python3 ..
CMake Deprecation Warning at CMakeLists.txt:8 (cmake_policy):
  The OLD behavior for policy CMP0074 will be removed from a future version
  of CMake.

  The cmake-policies(7) manual explains that the OLD behaviors of all
  policies are deprecated and that a policy should be set to OLD only under
  specific short-term circumstances.  Projects should be ported to the NEW
  behavior and not rely on setting a policy to OLD.


CMake Warning (dev) at /usr/share/cmake/Modules/FindPackageHandleStandardArgs.cmake:438 (message):
  The package name passed to `find_package_handle_standard_args` (LIBUSB_1)
  does not match the name of the calling package (libusb-1.0).  This can lead
  to problems in calling code that expects `find_package` result variables
  (e.g., `_FOUND`) to follow a certain pattern.
Call Stack (most recent call first):
  cmake/Modules/Findlibusb-1.0.cmake:66 (find_package_handle_standard_args)
  CMakeLists.txt:292 (find_package)
This warning is for project developers.  Use -Wno-dev to suppress it.

CMake Warning (dev) at /usr/share/cmake/Modules/FindPackageHandleStandardArgs.cmake:438 (message):
  The package name passed to `find_package_handle_standard_args` (USB_10)
  does not match the name of the calling package (OpenNI).  This can lead to
  problems in calling code that expects `find_package` result variables
  (e.g., `_FOUND`) to follow a certain pattern.
Call Stack (most recent call first):
  cmake/Modules/FindOpenNI.cmake:28 (find_package_handle_standard_args)
  cmake/pcl_targets.cmake:861 (find_package)
  CMakeLists.txt:299 (PCL_ADD_GRABBER_DEPENDENCY)
This warning is for project developers.  Use -Wno-dev to suppress it.

CMake Warning (dev) at /usr/share/cmake/Modules/FindPackageHandleStandardArgs.cmake:438 (message):
  The package name passed to `find_package_handle_standard_args` (USB_10)
  does not match the name of the calling package (OpenNI2).  This can lead to
  problems in calling code that expects `find_package` result variables
  (e.g., `_FOUND`) to follow a certain pattern.
Call Stack (most recent call first):
  cmake/Modules/FindOpenNI2.cmake:28 (find_package_handle_standard_args)
  cmake/pcl_targets.cmake:861 (find_package)
  CMakeLists.txt:300 (PCL_ADD_GRABBER_DEPENDENCY)
This warning is for project developers.  Use -Wno-dev to suppress it.

CMake Warning (dev) at /usr/share/cmake/Modules/FindPackageHandleStandardArgs.cmake:438 (message):
  The package name passed to `find_package_handle_standard_args` (ENSENSO)
  does not match the name of the calling package (Ensenso).  This can lead to
  problems in calling code that expects `find_package` result variables
  (e.g., `_FOUND`) to follow a certain pattern.
Call Stack (most recent call first):
  cmake/Modules/FindEnsenso.cmake:41 (find_package_handle_standard_args)
  cmake/pcl_targets.cmake:861 (find_package)
  CMakeLists.txt:302 (PCL_ADD_GRABBER_DEPENDENCY)
This warning is for project developers.  Use -Wno-dev to suppress it.

CMake Warning (dev) at /usr/share/cmake/Modules/FindPackageHandleStandardArgs.cmake:438 (message):
  The package name passed to `find_package_handle_standard_args` (PCAP) does
  not match the name of the calling package (Pcap).  This can lead to
  problems in calling code that expects `find_package` result variables
  (e.g., `_FOUND`) to follow a certain pattern.
Call Stack (most recent call first):
  cmake/Modules/FindPcap.cmake:103 (find_package_handle_standard_args)
  CMakeLists.txt:410 (find_package)
This warning is for project developers.  Use -Wno-dev to suppress it.

CMake Warning:
  Manually-specified variables were not used by the project:

    Python3_EXECUTABLE


++ nproc
+ make -j8
cc1plus: warning: '-Wabi' won't warn about anything [-Wabi]
cc1plus: note: '-Wabi' warns about differences from the most up-to-date ABI, which is also used by default
cc1plus: note: use e.g. '-Wabi=11' to warn about changes from GCC 7
cc1plus: warning: '-Wabi' won't warn about anything [-Wabi]
cc1plus: note: '-Wabi' warns about differences from the most up-to-date ABI, which is also used by default
cc1plus: note: use e.g. '-Wabi=11' to warn about changes from GCC 7
cc1plus: warning: '-Wabi' won't warn about anything [-Wabi]
cc1plus: note: '-Wabi' warns about differences from the most up-to-date ABI, which is also used by default
cc1plus: note: use e.g. '-Wabi=11' to warn about changes from GCC 7
cc1plus: warning: '-Wabi' won't warn about anything [-Wabi]
cc1plus: note: '-Wabi' warns about differences from the most up-to-date ABI, which is also used by default
cc1plus: note: use e.g. '-Wabi=11' to warn about changes from GCC 7
cc1plus: warning: '-Wabi' won't warn about anything [-Wabi]
cc1plus: note: '-Wabi' warns about differences from the most up-to-date ABI, which is also used by default
cc1plus: note: use e.g. '-Wabi=11' to warn about changes from GCC 7
cc1plus: warning: '-Wabi' won't warn about anything [-Wabi]
cc1plus: note: '-Wabi' warns about differences from the most up-to-date ABI, which is also used by default
cc1plus: note: use e.g. '-Wabi=11' to warn about changes from GCC 7
cc1plus: warning: '-Wabi' won't warn about anything [-Wabi]
cc1plus: note: '-Wabi' warns about differences from the most up-to-date ABI, which is also used by default
cc1plus: note: use e.g. '-Wabi=11' to warn about changes from GCC 7
cc1plus: warning: '-Wabi' won't warn about anything [-Wabi]
cc1plus: note: '-Wabi' warns about differences from the most up-to-date ABI, which is also used by default
cc1plus: note: use e.g. '-Wabi=11' to warn about changes from GCC 7
In file included from /opt/pcl-pcl-1.9.1/common/include/pcl/pcl_base.h:55,
                 from /opt/pcl-pcl-1.9.1/common/include/pcl/common/common.h:41,
                 from /opt/pcl-pcl-1.9.1/common/include/pcl/common/distances.h:40,
                 from /opt/pcl-pcl-1.9.1/common/src/distances.cpp:37:
/opt/pcl-pcl-1.9.1/common/include/pcl/PCLPointCloud2.h:31:2: error: #error "unable to determine system endianness"
   31 | #error "unable to determine system endianness"
      |  ^~~~~
In file included from /opt/pcl-pcl-1.9.1/common/include/pcl/pcl_base.h:55,
                 from /opt/pcl-pcl-1.9.1/common/include/pcl/impl/pcl_base.hpp:40,
                 from /opt/pcl-pcl-1.9.1/common/src/pcl_base.cpp:39:
/opt/pcl-pcl-1.9.1/common/include/pcl/PCLPointCloud2.h:31:2: error: #error "unable to determine system endianness"
   31 | #error "unable to determine system endianness"
      |  ^~~~~
In file included from /opt/pcl-pcl-1.9.1/common/include/pcl/pcl_base.h:55,
                 from /opt/pcl-pcl-1.9.1/common/include/pcl/common/common.h:41,
                 from /opt/pcl-pcl-1.9.1/common/src/common.cpp:39:
/opt/pcl-pcl-1.9.1/common/include/pcl/PCLPointCloud2.h:31:2: error: #error "unable to determine system endianness"
   31 | #error "unable to determine system endianness"
      |  ^~~~~
cc1plus: warning: '-Wabi' won't warn about anything [-Wabi]
cc1plus: note: '-Wabi' warns about differences from the most up-to-date ABI, which is also used by default
cc1plus: note: use e.g. '-Wabi=11' to warn about changes from GCC 7
In file included from /opt/pcl-pcl-1.9.1/common/include/pcl/pcl_base.h:55,
                 from /opt/pcl-pcl-1.9.1/common/include/pcl/common/io.h:45,
                 from /opt/pcl-pcl-1.9.1/common/src/io.cpp:42:
/opt/pcl-pcl-1.9.1/common/include/pcl/PCLPointCloud2.h:31:2: error: #error "unable to determine system endianness"
   31 | #error "unable to determine system endianness"
      |  ^~~~~
In file included from /opt/pcl-pcl-1.9.1/io/include/pcl/io/ply/ply.h:45,
                 from /opt/pcl-pcl-1.9.1/io/include/pcl/io/ply/ply_parser.h:66,
                 from /opt/pcl-pcl-1.9.1/io/src/ply/ply_parser.cpp:41:
/opt/pcl-pcl-1.9.1/io/include/pcl/io/ply/byte_order.h:66:2: error: #error "unable to determine system endianness"
   66 | #error "unable to determine system endianness"
      |  ^~~~~
cc1plus: warning: '-Wabi' won't warn about anything [-Wabi]
cc1plus: note: '-Wabi' warns about differences from the most up-to-date ABI, which is also used by default
cc1plus: note: use e.g. '-Wabi=11' to warn about changes from GCC 7
In file included from /usr/include/boost/smart_ptr/detail/sp_thread_sleep.hpp:22,
                 from /usr/include/boost/smart_ptr/detail/yield_k.hpp:23,
                 from /usr/include/boost/smart_ptr/detail/spinlock_gcc_atomic.hpp:14,
                 from /usr/include/boost/smart_ptr/detail/spinlock.hpp:42,
                 from /usr/include/boost/smart_ptr/detail/spinlock_pool.hpp:25,
                 from /usr/include/boost/smart_ptr/shared_ptr.hpp:29,
                 from /usr/include/boost/shared_ptr.hpp:17,
                 from /usr/include/boost/date_time/time_clock.hpp:17,
                 from /usr/include/boost/thread/thread_time.hpp:9,
                 from /usr/include/boost/thread/lock_types.hpp:18,
                 from /usr/include/boost/thread/pthread/mutex.hpp:16,
                 from /usr/include/boost/thread/mutex.hpp:16,
                 from /opt/pcl-pcl-1.9.1/io/include/pcl/io/boost.h:49,
                 from /opt/pcl-pcl-1.9.1/io/include/pcl/io/ply/ply_parser.h:64,
                 from /opt/pcl-pcl-1.9.1/io/src/ply/ply_parser.cpp:41:
/usr/include/boost/bind.hpp:36:1: note: '#pragma message: The practice of declaring the Bind placeholders (_1, _2, ...) in the global namespace is deprecated. Please use <boost/bind/bind.hpp> + using namespace boost::placeholders, or define BOOST_BIND_GLOBAL_PLACEHOLDERS to retain the current behavior.'
   36 | BOOST_PRAGMA_MESSAGE(
      | ^~~~~~~~~~~~~~~~~~~~
cc1plus: warning: '-Wabi' won't warn about anything [-Wabi]
cc1plus: note: '-Wabi' warns about differences from the most up-to-date ABI, which is also used by default
cc1plus: note: use e.g. '-Wabi=11' to warn about changes from GCC 7
In file included from /opt/pcl-pcl-1.9.1/io/include/pcl/io/ply/ply.h:45,
                 from /opt/pcl-pcl-1.9.1/io/include/pcl/io/ply/ply_parser.h:66,
                 from /opt/pcl-pcl-1.9.1/io/src/ply/ply_parser.cpp:41:
/opt/pcl-pcl-1.9.1/io/include/pcl/io/ply/byte_order.h:59:14: error: expected '}' before '::' token
   59 |         boost::endian::little,
      |              ^~
/opt/pcl-pcl-1.9.1/io/include/pcl/io/ply/byte_order.h:58:7: note: to match this '{'
   58 |       {
      |       ^
/opt/pcl-pcl-1.9.1/io/include/pcl/io/ply/byte_order.h:59:16: error: '::endian' has not been declared
   59 |         boost::endian::little,
      |                ^~~~~~
/opt/pcl-pcl-1.9.1/io/include/pcl/io/ply/byte_order.h:60:24: error: declaration of 'big' not in a namespace surrounding 'boost::endian'
   60 |         boost::endian::big,
      |                        ^~~
/opt/pcl-pcl-1.9.1/io/include/pcl/io/ply/byte_order.h:60:24: error: 'boost::endian::big' should have been declared inside 'boost::endian'
/opt/pcl-pcl-1.9.1/io/include/pcl/io/ply/byte_order.h:68:45: error: 'big' is not a member of 'boost::endian'
   68 |         network_byte_order = boost::endian::big
      |                                             ^~~
/opt/pcl-pcl-1.9.1/io/include/pcl/io/ply/byte_order.h:68:45: note: suggested alternatives:
In file included from /usr/include/boost/endian/detail/endian_load.hpp:10,
                 from /usr/include/boost/endian/conversion.hpp:12,
                 from /usr/include/boost/endian.hpp:9,
                 from /opt/pcl-pcl-1.9.1/io/include/pcl/io/ply/byte_order.h:43,
                 from /opt/pcl-pcl-1.9.1/io/include/pcl/io/ply/ply.h:45,
                 from /opt/pcl-pcl-1.9.1/io/include/pcl/io/ply/ply_parser.h:66,
                 from /opt/pcl-pcl-1.9.1/io/src/ply/ply_parser.cpp:41:
/usr/include/boost/endian/detail/order.hpp:48:5: note:   'boost::endian::order::big'
   48 |     big,
      |     ^~~
In file included from /opt/pcl-pcl-1.9.1/io/include/pcl/io/ply/ply.h:45,
                 from /opt/pcl-pcl-1.9.1/io/include/pcl/io/ply/ply_parser.h:66,
                 from /opt/pcl-pcl-1.9.1/io/src/ply/ply_parser.cpp:41:
/opt/pcl-pcl-1.9.1/io/include/pcl/io/ply/byte_order.h:60:9: note:   'boost::endian::big'
   60 |         boost::endian::big,
      |         ^~~~~
/opt/pcl-pcl-1.9.1/io/include/pcl/io/ply/byte_order.h:107:1: error: expected declaration before '}' token
  107 | } // namespace pcl
      | ^
In file included from /opt/pcl-pcl-1.9.1/io/src/ply/ply_parser.cpp:41:
/opt/pcl-pcl-1.9.1/io/include/pcl/io/ply/ply_parser.h: In member function 'bool pcl::io::ply::ply_parser::parse_scalar_property(pcl::io::ply::format_type, std::istream&, const typename pcl::io::ply::ply_parser::scalar_property_callback_type<ScalarType>::type&)':
/opt/pcl-pcl-1.9.1/io/include/pcl/io/ply/ply_parser.h:594:66: error: 'native' is not a member of 'boost::endian'
  594 |     if (((format == binary_big_endian_format) && (boost::endian::native == boost::endian::little)) ||
      |                                                                  ^~~~~~
/opt/pcl-pcl-1.9.1/io/include/pcl/io/ply/ply_parser.h:594:66: note: suggested alternatives:
In file included from /usr/include/boost/filesystem.hpp:16,
                 from /opt/pcl-pcl-1.9.1/io/include/pcl/io/boost.h:53,
                 from /opt/pcl-pcl-1.9.1/io/include/pcl/io/ply/ply_parser.h:64,
                 from /opt/pcl-pcl-1.9.1/io/src/ply/ply_parser.cpp:41:
/usr/include/boost/filesystem/path.hpp:850:30: note:   'boost::filesystem::native'
  850 |   BOOST_FILESYSTEM_DECL bool native(const std::string & name);
      |                              ^~~~~~
In file included from /usr/include/boost/endian/detail/endian_load.hpp:10,
                 from /usr/include/boost/endian/conversion.hpp:12,
                 from /usr/include/boost/endian.hpp:9,
                 from /opt/pcl-pcl-1.9.1/io/include/pcl/io/ply/byte_order.h:43,
                 from /opt/pcl-pcl-1.9.1/io/include/pcl/io/ply/ply.h:45,
                 from /opt/pcl-pcl-1.9.1/io/include/pcl/io/ply/ply_parser.h:66,
                 from /opt/pcl-pcl-1.9.1/io/src/ply/ply_parser.cpp:41:
/usr/include/boost/endian/detail/order.hpp:50:5: note:   'boost::endian::order::native'
   50 |     native = BOOST_ENDIAN_NATIVE_ORDER_INITIALIZER
      |     ^~~~~~
In file included from /opt/pcl-pcl-1.9.1/io/src/ply/ply_parser.cpp:41:
/opt/pcl-pcl-1.9.1/io/include/pcl/io/ply/ply_parser.h:594:91: error: 'little' is not a member of 'boost::endian'
  594 |     if (((format == binary_big_endian_format) && (boost::endian::native == boost::endian::little)) ||
      |                                                                                           ^~~~~~
/opt/pcl-pcl-1.9.1/io/include/pcl/io/ply/ply_parser.h:594:91: note: suggested alternatives:
In file included from /usr/include/boost/endian/detail/endian_load.hpp:10,
                 from /usr/include/boost/endian/conversion.hpp:12,
                 from /usr/include/boost/endian.hpp:9,
                 from /opt/pcl-pcl-1.9.1/io/include/pcl/io/ply/byte_order.h:43,
                 from /opt/pcl-pcl-1.9.1/io/include/pcl/io/ply/ply.h:45,
                 from /opt/pcl-pcl-1.9.1/io/include/pcl/io/ply/ply_parser.h:66,
                 from /opt/pcl-pcl-1.9.1/io/src/ply/ply_parser.cpp:41:
/usr/include/boost/endian/detail/order.hpp:49:5: note:   'boost::endian::order::little'
   49 |     little,
      |     ^~~~~~
In file included from /opt/pcl-pcl-1.9.1/io/include/pcl/io/ply/ply.h:45,
                 from /opt/pcl-pcl-1.9.1/io/include/pcl/io/ply/ply_parser.h:66,
                 from /opt/pcl-pcl-1.9.1/io/src/ply/ply_parser.cpp:41:
/opt/pcl-pcl-1.9.1/io/include/pcl/io/ply/byte_order.h:59:14: note:   'pcl::io::ply::little'
   59 |         boost::endian::little,
      |              ^~
In file included from /opt/pcl-pcl-1.9.1/io/src/ply/ply_parser.cpp:41:
/opt/pcl-pcl-1.9.1/io/include/pcl/io/ply/ply_parser.h:595:69: error: 'native' is not a member of 'boost::endian'
  595 |         ((format == binary_little_endian_format) && (boost::endian::native == boost::endian::big)))
      |                                                                     ^~~~~~
/opt/pcl-pcl-1.9.1/io/include/pcl/io/ply/ply_parser.h:595:69: note: suggested alternatives:
In file included from /usr/include/boost/filesystem.hpp:16,
                 from /opt/pcl-pcl-1.9.1/io/include/pcl/io/boost.h:53,
                 from /opt/pcl-pcl-1.9.1/io/include/pcl/io/ply/ply_parser.h:64,
                 from /opt/pcl-pcl-1.9.1/io/src/ply/ply_parser.cpp:41:
/usr/include/boost/filesystem/path.hpp:850:30: note:   'boost::filesystem::native'
  850 |   BOOST_FILESYSTEM_DECL bool native(const std::string & name);
      |                              ^~~~~~
In file included from /usr/include/boost/endian/detail/endian_load.hpp:10,
                 from /usr/include/boost/endian/conversion.hpp:12,
                 from /usr/include/boost/endian.hpp:9,
                 from /opt/pcl-pcl-1.9.1/io/include/pcl/io/ply/byte_order.h:43,
                 from /opt/pcl-pcl-1.9.1/io/include/pcl/io/ply/ply.h:45,
                 from /opt/pcl-pcl-1.9.1/io/include/pcl/io/ply/ply_parser.h:66,
                 from /opt/pcl-pcl-1.9.1/io/src/ply/ply_parser.cpp:41:
/usr/include/boost/endian/detail/order.hpp:50:5: note:   'boost::endian::order::native'
   50 |     native = BOOST_ENDIAN_NATIVE_ORDER_INITIALIZER
      |     ^~~~~~
In file included from /opt/pcl-pcl-1.9.1/io/src/ply/ply_parser.cpp:41:
/opt/pcl-pcl-1.9.1/io/include/pcl/io/ply/ply_parser.h:595:94: error: 'big' is not a member of 'boost::endian'
  595 |         ((format == binary_little_endian_format) && (boost::endian::native == boost::endian::big)))
      |                                                                                              ^~~
/opt/pcl-pcl-1.9.1/io/include/pcl/io/ply/ply_parser.h:595:94: note: suggested alternatives:
In file included from /usr/include/boost/endian/detail/endian_load.hpp:10,
                 from /usr/include/boost/endian/conversion.hpp:12,
                 from /usr/include/boost/endian.hpp:9,
                 from /opt/pcl-pcl-1.9.1/io/include/pcl/io/ply/byte_order.h:43,
                 from /opt/pcl-pcl-1.9.1/io/include/pcl/io/ply/ply.h:45,
                 from /opt/pcl-pcl-1.9.1/io/include/pcl/io/ply/ply_parser.h:66,
                 from /opt/pcl-pcl-1.9.1/io/src/ply/ply_parser.cpp:41:
/usr/include/boost/endian/detail/order.hpp:48:5: note:   'boost::endian::order::big'
   48 |     big,
      |     ^~~
In file included from /opt/pcl-pcl-1.9.1/io/include/pcl/io/ply/ply.h:45,
                 from /opt/pcl-pcl-1.9.1/io/include/pcl/io/ply/ply_parser.h:66,
                 from /opt/pcl-pcl-1.9.1/io/src/ply/ply_parser.cpp:41:
/opt/pcl-pcl-1.9.1/io/include/pcl/io/ply/byte_order.h:60:9: note:   'boost::endian::big'
   60 |         boost::endian::big,
      |         ^~~~~
In file included from /opt/pcl-pcl-1.9.1/io/src/ply/ply_parser.cpp:41:
/opt/pcl-pcl-1.9.1/io/include/pcl/io/ply/ply_parser.h: In member function 'bool pcl::io::ply::ply_parser::parse_list_property(pcl::io::ply::format_type, std::istream&, const typename pcl::io::ply::ply_parser::list_property_begin_callback_type<SizeType, ScalarType>::type&, const typename pcl::io::ply::ply_parser::list_property_element_callback_type<SizeType, ScalarType>::type&, const typename pcl::io::ply::ply_parser::list_property_end_callback_type<SizeType, ScalarType>::type&)':
/opt/pcl-pcl-1.9.1/io/include/pcl/io/ply/ply_parser.h:675:66: error: 'native' is not a member of 'boost::endian'
  675 |     if (((format == binary_big_endian_format) && (boost::endian::native == boost::endian::little)) ||
      |                                                                  ^~~~~~
/opt/pcl-pcl-1.9.1/io/include/pcl/io/ply/ply_parser.h:675:66: note: suggested alternatives:
In file included from /usr/include/boost/filesystem.hpp:16,
                 from /opt/pcl-pcl-1.9.1/io/include/pcl/io/boost.h:53,
                 from /opt/pcl-pcl-1.9.1/io/include/pcl/io/ply/ply_parser.h:64,
                 from /opt/pcl-pcl-1.9.1/io/src/ply/ply_parser.cpp:41:
/usr/include/boost/filesystem/path.hpp:850:30: note:   'boost::filesystem::native'
  850 |   BOOST_FILESYSTEM_DECL bool native(const std::string & name);
      |                              ^~~~~~
In file included from /usr/include/boost/endian/detail/endian_load.hpp:10,
                 from /usr/include/boost/endian/conversion.hpp:12,
                 from /usr/include/boost/endian.hpp:9,
                 from /opt/pcl-pcl-1.9.1/io/include/pcl/io/ply/byte_order.h:43,
                 from /opt/pcl-pcl-1.9.1/io/include/pcl/io/ply/ply.h:45,
                 from /opt/pcl-pcl-1.9.1/io/include/pcl/io/ply/ply_parser.h:66,
                 from /opt/pcl-pcl-1.9.1/io/src/ply/ply_parser.cpp:41:
/usr/include/boost/endian/detail/order.hpp:50:5: note:   'boost::endian::order::native'
   50 |     native = BOOST_ENDIAN_NATIVE_ORDER_INITIALIZER
      |     ^~~~~~
In file included from /opt/pcl-pcl-1.9.1/io/src/ply/ply_parser.cpp:41:
/opt/pcl-pcl-1.9.1/io/include/pcl/io/ply/ply_parser.h:675:91: error: 'little' is not a member of 'boost::endian'
  675 |     if (((format == binary_big_endian_format) && (boost::endian::native == boost::endian::little)) ||
      |                                                                                           ^~~~~~
/opt/pcl-pcl-1.9.1/io/include/pcl/io/ply/ply_parser.h:675:91: note: suggested alternatives:
In file included from /usr/include/boost/endian/detail/endian_load.hpp:10,
                 from /usr/include/boost/endian/conversion.hpp:12,
                 from /usr/include/boost/endian.hpp:9,
                 from /opt/pcl-pcl-1.9.1/io/include/pcl/io/ply/byte_order.h:43,
                 from /opt/pcl-pcl-1.9.1/io/include/pcl/io/ply/ply.h:45,
                 from /opt/pcl-pcl-1.9.1/io/include/pcl/io/ply/ply_parser.h:66,
                 from /opt/pcl-pcl-1.9.1/io/src/ply/ply_parser.cpp:41:
/usr/include/boost/endian/detail/order.hpp:49:5: note:   'boost::endian::order::little'
   49 |     little,
      |     ^~~~~~
In file included from /opt/pcl-pcl-1.9.1/io/include/pcl/io/ply/ply.h:45,
                 from /opt/pcl-pcl-1.9.1/io/include/pcl/io/ply/ply_parser.h:66,
                 from /opt/pcl-pcl-1.9.1/io/src/ply/ply_parser.cpp:41:
/opt/pcl-pcl-1.9.1/io/include/pcl/io/ply/byte_order.h:59:14: note:   'pcl::io::ply::little'
   59 |         boost::endian::little,
      |              ^~
In file included from /opt/pcl-pcl-1.9.1/io/src/ply/ply_parser.cpp:41:
/opt/pcl-pcl-1.9.1/io/include/pcl/io/ply/ply_parser.h:676:69: error: 'native' is not a member of 'boost::endian'
  676 |         ((format == binary_little_endian_format) && (boost::endian::native == boost::endian::big)))
      |                                                                     ^~~~~~
/opt/pcl-pcl-1.9.1/io/include/pcl/io/ply/ply_parser.h:676:69: note: suggested alternatives:
In file included from /usr/include/boost/filesystem.hpp:16,
                 from /opt/pcl-pcl-1.9.1/io/include/pcl/io/boost.h:53,
                 from /opt/pcl-pcl-1.9.1/io/include/pcl/io/ply/ply_parser.h:64,
                 from /opt/pcl-pcl-1.9.1/io/src/ply/ply_parser.cpp:41:
/usr/include/boost/filesystem/path.hpp:850:30: note:   'boost::filesystem::native'
  850 |   BOOST_FILESYSTEM_DECL bool native(const std::string & name);
      |                              ^~~~~~
In file included from /usr/include/boost/endian/detail/endian_load.hpp:10,
                 from /usr/include/boost/endian/conversion.hpp:12,
                 from /usr/include/boost/endian.hpp:9,
                 from /opt/pcl-pcl-1.9.1/io/include/pcl/io/ply/byte_order.h:43,
                 from /opt/pcl-pcl-1.9.1/io/include/pcl/io/ply/ply.h:45,
                 from /opt/pcl-pcl-1.9.1/io/include/pcl/io/ply/ply_parser.h:66,
                 from /opt/pcl-pcl-1.9.1/io/src/ply/ply_parser.cpp:41:
/usr/include/boost/endian/detail/order.hpp:50:5: note:   'boost::endian::order::native'
   50 |     native = BOOST_ENDIAN_NATIVE_ORDER_INITIALIZER
      |     ^~~~~~
In file included from /opt/pcl-pcl-1.9.1/io/src/ply/ply_parser.cpp:41:
/opt/pcl-pcl-1.9.1/io/include/pcl/io/ply/ply_parser.h:676:94: error: 'big' is not a member of 'boost::endian'
  676 |         ((format == binary_little_endian_format) && (boost::endian::native == boost::endian::big)))
      |                                                                                              ^~~
/opt/pcl-pcl-1.9.1/io/include/pcl/io/ply/ply_parser.h:676:94: note: suggested alternatives:
In file included from /usr/include/boost/endian/detail/endian_load.hpp:10,
                 from /usr/include/boost/endian/conversion.hpp:12,
                 from /usr/include/boost/endian.hpp:9,
                 from /opt/pcl-pcl-1.9.1/io/include/pcl/io/ply/byte_order.h:43,
                 from /opt/pcl-pcl-1.9.1/io/include/pcl/io/ply/ply.h:45,
                 from /opt/pcl-pcl-1.9.1/io/include/pcl/io/ply/ply_parser.h:66,
                 from /opt/pcl-pcl-1.9.1/io/src/ply/ply_parser.cpp:41:
/usr/include/boost/endian/detail/order.hpp:48:5: note:   'boost::endian::order::big'
   48 |     big,
      |     ^~~
In file included from /opt/pcl-pcl-1.9.1/io/include/pcl/io/ply/ply.h:45,
                 from /opt/pcl-pcl-1.9.1/io/include/pcl/io/ply/ply_parser.h:66,
                 from /opt/pcl-pcl-1.9.1/io/src/ply/ply_parser.cpp:41:
/opt/pcl-pcl-1.9.1/io/include/pcl/io/ply/byte_order.h:60:9: note:   'boost::endian::big'
   60 |         boost::endian::big,
      |         ^~~~~
In file included from /opt/pcl-pcl-1.9.1/io/src/ply/ply_parser.cpp:41:
/opt/pcl-pcl-1.9.1/io/include/pcl/io/ply/ply_parser.h:701:68: error: 'native' is not a member of 'boost::endian'
  701 |       if (((format == binary_big_endian_format) && (boost::endian::native == boost::endian::little)) ||
      |                                                                    ^~~~~~
/opt/pcl-pcl-1.9.1/io/include/pcl/io/ply/ply_parser.h:701:68: note: suggested alternatives:
In file included from /usr/include/boost/filesystem.hpp:16,
                 from /opt/pcl-pcl-1.9.1/io/include/pcl/io/boost.h:53,
                 from /opt/pcl-pcl-1.9.1/io/include/pcl/io/ply/ply_parser.h:64,
                 from /opt/pcl-pcl-1.9.1/io/src/ply/ply_parser.cpp:41:
/usr/include/boost/filesystem/path.hpp:850:30: note:   'boost::filesystem::native'
  850 |   BOOST_FILESYSTEM_DECL bool native(const std::string & name);
      |                              ^~~~~~
In file included from /usr/include/boost/endian/detail/endian_load.hpp:10,
                 from /usr/include/boost/endian/conversion.hpp:12,
                 from /usr/include/boost/endian.hpp:9,
                 from /opt/pcl-pcl-1.9.1/io/include/pcl/io/ply/byte_order.h:43,
                 from /opt/pcl-pcl-1.9.1/io/include/pcl/io/ply/ply.h:45,
                 from /opt/pcl-pcl-1.9.1/io/include/pcl/io/ply/ply_parser.h:66,
                 from /opt/pcl-pcl-1.9.1/io/src/ply/ply_parser.cpp:41:
/usr/include/boost/endian/detail/order.hpp:50:5: note:   'boost::endian::order::native'
   50 |     native = BOOST_ENDIAN_NATIVE_ORDER_INITIALIZER
      |     ^~~~~~
In file included from /opt/pcl-pcl-1.9.1/io/src/ply/ply_parser.cpp:41:
/opt/pcl-pcl-1.9.1/io/include/pcl/io/ply/ply_parser.h:701:93: error: 'little' is not a member of 'boost::endian'
  701 |       if (((format == binary_big_endian_format) && (boost::endian::native == boost::endian::little)) ||
      |                                                                                             ^~~~~~
/opt/pcl-pcl-1.9.1/io/include/pcl/io/ply/ply_parser.h:701:93: note: suggested alternatives:
In file included from /usr/include/boost/endian/detail/endian_load.hpp:10,
                 from /usr/include/boost/endian/conversion.hpp:12,
                 from /usr/include/boost/endian.hpp:9,
                 from /opt/pcl-pcl-1.9.1/io/include/pcl/io/ply/byte_order.h:43,
                 from /opt/pcl-pcl-1.9.1/io/include/pcl/io/ply/ply.h:45,
                 from /opt/pcl-pcl-1.9.1/io/include/pcl/io/ply/ply_parser.h:66,
                 from /opt/pcl-pcl-1.9.1/io/src/ply/ply_parser.cpp:41:
/usr/include/boost/endian/detail/order.hpp:49:5: note:   'boost::endian::order::little'
   49 |     little,
      |     ^~~~~~
In file included from /opt/pcl-pcl-1.9.1/io/include/pcl/io/ply/ply.h:45,
                 from /opt/pcl-pcl-1.9.1/io/include/pcl/io/ply/ply_parser.h:66,
                 from /opt/pcl-pcl-1.9.1/io/src/ply/ply_parser.cpp:41:
/opt/pcl-pcl-1.9.1/io/include/pcl/io/ply/byte_order.h:59:14: note:   'pcl::io::ply::little'
   59 |         boost::endian::little,
      |              ^~
In file included from /opt/pcl-pcl-1.9.1/io/src/ply/ply_parser.cpp:41:
/opt/pcl-pcl-1.9.1/io/include/pcl/io/ply/ply_parser.h:702:71: error: 'native' is not a member of 'boost::endian'
  702 |           ((format == binary_little_endian_format) && (boost::endian::native == boost::endian::big)))
      |                                                                       ^~~~~~
/opt/pcl-pcl-1.9.1/io/include/pcl/io/ply/ply_parser.h:702:71: note: suggested alternatives:
In file included from /usr/include/boost/filesystem.hpp:16,
                 from /opt/pcl-pcl-1.9.1/io/include/pcl/io/boost.h:53,
                 from /opt/pcl-pcl-1.9.1/io/include/pcl/io/ply/ply_parser.h:64,
                 from /opt/pcl-pcl-1.9.1/io/src/ply/ply_parser.cpp:41:
/usr/include/boost/filesystem/path.hpp:850:30: note:   'boost::filesystem::native'
  850 |   BOOST_FILESYSTEM_DECL bool native(const std::string & name);
      |                              ^~~~~~
In file included from /usr/include/boost/endian/detail/endian_load.hpp:10,
                 from /usr/include/boost/endian/conversion.hpp:12,
                 from /usr/include/boost/endian.hpp:9,
                 from /opt/pcl-pcl-1.9.1/io/include/pcl/io/ply/byte_order.h:43,
                 from /opt/pcl-pcl-1.9.1/io/include/pcl/io/ply/ply.h:45,
                 from /opt/pcl-pcl-1.9.1/io/include/pcl/io/ply/ply_parser.h:66,
                 from /opt/pcl-pcl-1.9.1/io/src/ply/ply_parser.cpp:41:
/usr/include/boost/endian/detail/order.hpp:50:5: note:   'boost::endian::order::native'
   50 |     native = BOOST_ENDIAN_NATIVE_ORDER_INITIALIZER
      |     ^~~~~~
In file included from /opt/pcl-pcl-1.9.1/io/src/ply/ply_parser.cpp:41:
/opt/pcl-pcl-1.9.1/io/include/pcl/io/ply/ply_parser.h:702:96: error: 'big' is not a member of 'boost::endian'
  702 |           ((format == binary_little_endian_format) && (boost::endian::native == boost::endian::big)))
      |                                                                                                ^~~
/opt/pcl-pcl-1.9.1/io/include/pcl/io/ply/ply_parser.h:702:96: note: suggested alternatives:
In file included from /usr/include/boost/endian/detail/endian_load.hpp:10,
                 from /usr/include/boost/endian/conversion.hpp:12,
                 from /usr/include/boost/endian.hpp:9,
                 from /opt/pcl-pcl-1.9.1/io/include/pcl/io/ply/byte_order.h:43,
                 from /opt/pcl-pcl-1.9.1/io/include/pcl/io/ply/ply.h:45,
                 from /opt/pcl-pcl-1.9.1/io/include/pcl/io/ply/ply_parser.h:66,
                 from /opt/pcl-pcl-1.9.1/io/src/ply/ply_parser.cpp:41:
/usr/include/boost/endian/detail/order.hpp:48:5: note:   'boost::endian::order::big'
   48 |     big,
      |     ^~~
In file included from /opt/pcl-pcl-1.9.1/io/include/pcl/io/ply/ply.h:45,
                 from /opt/pcl-pcl-1.9.1/io/include/pcl/io/ply/ply_parser.h:66,
                 from /opt/pcl-pcl-1.9.1/io/src/ply/ply_parser.cpp:41:
/opt/pcl-pcl-1.9.1/io/include/pcl/io/ply/byte_order.h:60:9: note:   'boost::endian::big'
   60 |         boost::endian::big,
      |         ^~~~~
/opt/pcl-pcl-1.9.1/common/src/print.cpp: In function 'void pcl::console::change_text_color(FILE*, int, int, int)':
/opt/pcl-pcl-1.9.1/common/src/print.cpp:96:28: warning: '%d' directive writing between 1 and 11 bytes into a region of size between 0 and 9 [-Wformat-overflow=]
   96 |   sprintf (command, "%c[%d;%d;%dm", 0x1B, attribute, fg + 30, bg + 40);
      |                            ^~
/opt/pcl-pcl-1.9.1/common/src/print.cpp:96:21: note: directive argument in the range [-2147483618, 2147483647]
   96 |   sprintf (command, "%c[%d;%d;%dm", 0x1B, attribute, fg + 30, bg + 40);
      |                     ^~~~~~~~~~~~~~
/opt/pcl-pcl-1.9.1/common/src/print.cpp:96:21: note: directive argument in the range [-2147483608, 2147483647]
/opt/pcl-pcl-1.9.1/common/src/print.cpp:96:11: note: 'sprintf' output between 9 and 39 bytes into a destination of size 13
   96 |   sprintf (command, "%c[%d;%d;%dm", 0x1B, attribute, fg + 30, bg + 40);
      |   ~~~~~~~~^~~~~~~~~~~~~~~~~~~~~~~~~~~~~~~~~~~~~~~~~~~~~~~~~~~~~~~~~~~~
/opt/pcl-pcl-1.9.1/common/src/print.cpp: In function 'void pcl::console::change_text_color(FILE*, int, int)':
/opt/pcl-pcl-1.9.1/common/src/print.cpp:111:28: warning: '%d' directive writing between 1 and 11 bytes into a region of size between 0 and 9 [-Wformat-overflow=]
  111 |   sprintf (command, "%c[%d;%dm", 0x1B, attribute, fg + 30);
      |                            ^~
/opt/pcl-pcl-1.9.1/common/src/print.cpp:111:21: note: directive argument in the range [-2147483618, 2147483647]
  111 |   sprintf (command, "%c[%d;%dm", 0x1B, attribute, fg + 30);
      |                     ^~~~~~~~~~~
/opt/pcl-pcl-1.9.1/common/src/print.cpp:111:11: note: 'sprintf' output between 7 and 27 bytes into a destination of size 13
  111 |   sprintf (command, "%c[%d;%dm", 0x1B, attribute, fg + 30);
      |   ~~~~~~~~^~~~~~~~~~~~~~~~~~~~~~~~~~~~~~~~~~~~~~~~~~~~~~~~
cc1plus: warning: '-Wabi' won't warn about anything [-Wabi]
cc1plus: note: '-Wabi' warns about differences from the most up-to-date ABI, which is also used by default
cc1plus: note: use e.g. '-Wabi=11' to warn about changes from GCC 7
cc1plus: warning: '-Wabi' won't warn about anything [-Wabi]
cc1plus: note: '-Wabi' warns about differences from the most up-to-date ABI, which is also used by default
cc1plus: note: use e.g. '-Wabi=11' to warn about changes from GCC 7
make[2]: *** [common/CMakeFiles/pcl_common.dir/build.make:104: common/CMakeFiles/pcl_common.dir/src/io.cpp.o] Error 1
make[2]: *** Waiting for unfinished jobs....
make[2]: *** [common/CMakeFiles/pcl_common.dir/build.make:118: common/CMakeFiles/pcl_common.dir/src/common.cpp.o] Error 1
make[2]: *** [common/CMakeFiles/pcl_common.dir/build.make:146: common/CMakeFiles/pcl_common.dir/src/distances.cpp.o] Error 1
make[2]: *** [common/CMakeFiles/pcl_common.dir/build.make:90: common/CMakeFiles/pcl_common.dir/src/pcl_base.cpp.o] Error 1
make[2]: *** [io/CMakeFiles/pcl_io_ply.dir/build.make:76: io/CMakeFiles/pcl_io_ply.dir/src/ply/ply_parser.cpp.o] Error 1
make[1]: *** [CMakeFiles/Makefile2:990: io/CMakeFiles/pcl_io_ply.dir/all] Error 2
make[1]: *** Waiting for unfinished jobs....
make[1]: *** [CMakeFiles/Makefile2:828: common/CMakeFiles/pcl_common.dir/all] Error 2
make: *** [Makefile:146: all] Error 2
FATAL:   While performing build: while running engine: exit status 2
