# .PCD v0.7 - Point Cloud Data file format
VERSION 0.7
FIELDS x y z normal_x normal_y normal_z curvature
SIZE 4 4 4 4 4 4 4
TYPE F F F F F F F
COUNT 1 1 1 1 1 1 1
WIDTH 4887
HEIGHT 1
VIEWPOINT 0 0 0 1 0 0 0
POINTS 4887
DATA ascii
-61.104401 26.950899 391.673 -0.88501966 -0.036776386 0.46409875 0
-61.091599 26.6521 390.479 -0.86137682 -0.12266862 -0.49293244 0
-61.0732 30.5497 390.474 -0.91517413 0.068330199 0.39722449 0
-61.064301 32.201302 388.68201 -0.84977227 -0.12198535 -0.51284176 0
-61.061901 24.382 392.388 -0.9097777 0.18482381 0.37167826 0
-61.0476 27.473301 391.66599 -0.83884877 0.14382948 0.52501976 0
-61.043201 26.353201 390.48099 -0.7858116 -0.3886418 -0.48110053 0
-61.041801 25.149599 392.271 -0.86749548 0.17341736 0.46623811 0
-61.036201 29.2006 391.07501 -0.81789881 0.15889479 0.55298644 0
-61.032501 22.376301 392.95001 -0.90369111 -0.038135413 0.4264833 0
-61.031601 23.0504 392.87299 -0.88268572 0.13982597 0.44868103 0
-61.0312 28.15 389.87299 -0.82108986 -0.23180325 -0.52161163 0
-60.963799 31.6001 388.76999 -0.8493191 -0.16228053 -0.50231671 0
-60.944599 31.1499 390.474 -0.86889464 0.21848847 0.44416758 0
-60.940498 25.4508 392.328 -0.89360642 0.18744019 0.40784031 0
-60.921001 29.8002 391.01501 -0.87047684 0.16107249 0.46510825 0
-60.900902 34.151501 388.07999 -0.88103014 -0.086252369 -0.46513054 0
-60.895199 23.9139 391.15201 -0.75524288 -0.26677775 -0.59869677 0
-60.8908 29.3508 389.38 -0.79772693 -0.1862721 -0.57352811 0
-60.882401 33.553398 388.09 -0.85656381 -0.13022386 -0.49933982 0
-60.880199 29.783701 389.20499 -0.70091271 -0.15613386 -0.695948 0
-60.865299 26.0506 392.276 -0.83915639 0.14706087 0.52363116 0
-60.860199 31.4517 390.478 -0.78984535 0.2631236 0.55399483 0
-60.839199 32.912399 389.94901 -0.83969074 0.28559706 0.46190229 0
-60.839199 27.9804 391.742 -0.74713588 0.21107817 0.63026506 0
-60.839199 32.912399 389.94901 -0.83969074 0.28559706 0.46190229 0
-60.839199 27.9804 391.742 -0.74713588 0.21107817 0.63026506 0
-60.8293 24.2491 392.82101 -0.7756986 0.14696263 0.6137538 0
-60.824799 21.5499 393.47101 -0.85882568 0.17268878 0.48228312 0
-60.824001 28.3015 391.64801 -0.78283542 0.25400785 0.56802171 0
-60.8204 27.027399 389.931 -0.71058488 -0.18594429 -0.67859697 0
-60.82 25.5273 390.50699 -0.83422846 -0.12872586 -0.5361833 0
-60.8172 27.1031 392.04001 -0.78223908 0.19535591 0.59155566 0
-60.8158 30.8531 388.73499 -0.74835122 -0.17735584 -0.63915205 0
-60.799099 23.912399 392.948 -0.75786442 0.21194869 0.6170246 0
-60.791199 26.461901 392.271 -0.74988699 0.13643734 0.64734411 0
-60.776501 23.547899 393.073 -0.69379562 0.18961824 0.6947608 0
-60.776501 32.6147 390.13101 -0.72218692 0.24933507 0.64519614 0
-60.776501 23.547899 393.073 -0.69379562 0.18961824 0.6947608 0
-60.776501 32.6147 390.13101 -0.72218692 0.24933507 0.64519614 0
-60.776501 23.547899 393.073 -0.69379562 0.18961824 0.6947608 0
-60.776501 32.6147 390.13101 -0.72218692 0.24933507 0.64519614 0
-60.776501 23.547899 393.073 -0.69379562 0.18961824 0.6947608 0
-60.7659 33.6991 389.72198 -0.66547805 0.31545261 0.6764825 0
-60.746799 30.326599 391.02899 -0.68134016 0.26250866 0.68327504 0
-60.730099 23.1252 393.246 -0.69901401 0.1485527 0.69950807 0
-60.726398 34.750198 389.27499 -0.88691384 0.23621698 0.39697021 0
-60.719101 35.202301 387.53601 -0.87021393 -0.23951562 -0.43053451 0
-60.716999 24.9615 392.703 -0.66908795 0.21699481 0.71079856 0
-60.716702 25.600901 392.51199 -0.6891436 0.13868859 0.71122891 0
-60.708 26.052299 392.41901 -0.620251 0.14961743 0.77000213 0
-60.707699 34.3018 389.50299 -0.66825461 0.31108236 0.67576885 0
-60.707699 35.199501 389.12299 -0.8464303 0.20714308 0.49055839 0
-60.707699 34.3018 389.50299 -0.66825461 0.31108236 0.67576885 0
-60.707699 35.199501 389.12299 -0.8464303 0.20714308 0.49055839 0
-60.693199 22.7512 393.36401 -0.7264182 0.11781693 0.67707884 0
-60.690102 21.403299 391.733 -0.76977164 -0.34187827 -0.53904629 0
-60.676102 29.5382 391.354 -0.66199833 0.22653465 0.71445101 0
-60.675598 32.6502 388.147 -0.76179928 -0.116974 -0.63716477 0
-60.675201 21.552 393.642 -0.65364134 0.09720175 0.75053632 0
-60.665199 20.051201 393.936 -0.82748079 0.033826157 0.56047422 0
-60.664501 19.1504 394.07199 -0.86412984 0.18233781 0.46907625 0
-60.661598 30.85 390.95001 -0.68164492 0.30207777 0.66641521 0
-60.6586 21.851101 393.59299 -0.75582922 0.21147433 0.61967796 0
-60.648399 33.549599 389.91 -0.63354588 0.27546296 0.7230075 0
-60.640999 35.6497 389.03101 -0.79883754 0.27274528 0.53616095 0
-60.636398 29.0308 391.57199 -0.65361017 0.26296899 0.70967674 0
-60.635899 19.450399 394.07199 -0.82624847 0.084386833 0.55694908 0
-60.630699 28.6973 389.276 -0.59435648 -0.23429492 -0.76931542 0
-60.6292 17.951099 394.31201 -0.86534131 -0.022868101 0.50066102 0
-60.628101 20.6506 393.89999 -0.7112754 0.16869017 0.68237156 0
-60.625702 18.3262 394.375 -0.80992979 0.08329089 0.58058274 0
-60.622002 37.449402 388.224 -0.78435552 0.26857525 0.55915445 0
-60.6213 31.937 390.53799 -0.6227138 0.26878831 0.7348336 0
-60.6157 26.5026 389.97 -0.64298445 -0.26108348 -0.7200045 0
-60.612999 31.602301 390.67401 -0.63325858 0.210152 0.7448622 0
-60.6082 37.005901 386.883 -0.79738772 -0.21981893 -0.56200755 0
-60.608101 36.852501 388.53 -0.76853937 0.33033147 0.54793102 0
-60.603699 37.749901 388.07501 -0.87181205 0.27781141 0.40344092 0
-60.601799 38.426399 387.62701 -0.90935689 0.19040528 0.36988628 0
-60.598099 25.6014 390.29001 -0.54483509 -0.25585353 -0.79855728 0
-60.597099 29.0516 389.151 -0.55633318 -0.24173342 -0.79502094 0
-60.596901 30.401899 388.72501 -0.6085279 -0.24768545 -0.75388706 0
-60.594299 36.101898 387.061 -0.84191567 -0.1374677 -0.52180517 0
-60.589901 20.650499 391.92801 -0.64607102 -0.17422827 -0.74312633 0
-60.5867 22.244499 393.578 -0.61370414 0.16857752 0.77132928 0
-60.586498 23.200899 391.082 -0.67208469 -0.27762449 -0.68645966 0
-60.580002 35.651798 387.15701 -0.84582686 -0.17137136 -0.50518191 0
-60.571499 18.626101 392.72699 -0.83806711 -0.17809494 -0.5156799 0
-60.570599 36.476299 388.75201 -0.68947411 0.26766732 0.67303765 0
-60.565201 37.901901 386.57101 -0.81277496 -2.85114e-05 -0.58257782 0
-60.5644 17.427401 393.32901 -0.90060484 -0.14916213 -0.40824208 0
-60.562801 23.504499 390.939 -0.59994686 -0.25596383 -0.75798827 0
-60.554901 24.8908 390.44299 -0.469322 -0.19058347 -0.86221504 0
-60.553902 24.6987 392.92801 -0.6107375 0.22703083 0.75858861 0
-60.548 19.454201 392.285 -0.76253223 -0.32347023 -0.56027812 0
-60.5466 29.671499 388.89001 -0.58469272 -0.27456811 -0.7633785 0
-60.5238 32.201401 388.151 -0.60403669 -0.26844496 -0.75038457 0
-60.523499 34.226601 387.58701 -0.67470366 -0.13352475 -0.72591054 0
-60.5205 35.125099 389.367 -0.67182672 0.2599377 0.69360024 0
-60.5186 35.357399 387.19501 -0.65290743 -0.35856354 -0.66719121 0
-60.5172 20.0501 394.10001 -0.66895843 0.10835482 0.73535967 0
-60.516701 37.602402 386.564 -0.6829108 -0.26055345 -0.68245494 0
-60.5159 23.049101 393.46301 -0.62141907 0.21179613 0.7543081 0
-60.5159 22.753599 391.15399 -0.63763368 -0.2181987 -0.73879135 0
-60.5159 22.304501 391.29599 -0.67970967 -0.22830367 -0.69704533 0
-60.5159 22.753599 391.15399 -0.63763368 -0.2181987 -0.73879135 0
-60.5159 23.049101 393.46301 -0.62141907 0.21179613 0.7543081 0
-60.510799 24.556 390.49301 -0.58852077 -0.20374006 -0.78238946 0
-60.500401 36.027599 386.94501 -0.68282413 -0.19029845 -0.70536351 0
-60.493198 32.423 390.47198 -0.61197174 0.29486564 0.73385614 0
-60.4874 26.800501 389.78601 -0.47620183 -0.25701353 -0.8409375 0
-60.485401 17.7847 392.957 -0.8005963 -0.30008623 -0.51864618 0
-60.485298 27.3167 392.242 -0.60090905 0.27864879 0.74917501 0
-60.484402 34.076302 387.57999 -0.66755116 -0.10162404 -0.73759609 0
-60.4828 26.099701 390.01501 -0.46668985 -0.29588285 -0.83345902 0
-60.4753 19.9389 392.04999 -0.62542778 -0.23125707 -0.74522501 0
-60.472 20.462999 394.07401 -0.64445138 0.1211204 0.75499153 0
-60.465099 28.3398 389.28699 -0.43492022 -0.25397977 -0.86390895 0
-60.4617 33.206699 387.80899 -0.56714571 -0.19124912 -0.8011052 0
-60.456402 17.3507 394.67401 -0.88653791 0.096459791 0.45248875 0
-60.452599 31.337299 388.41299 -0.58379775 -0.17875075 -0.79197752 0
-60.451801 32.743698 387.94501 -0.53658944 -0.24379565 -0.80785859 0
-60.4491 27.9259 389.41699 -0.5724588 -0.29847953 -0.76367587 0
-60.448101 38.5788 386.289 -0.82526767 0.011625478 -0.56462204 0
-60.4478 28.7605 391.798 -0.58164346 0.24108697 0.77689636 0
-60.4459 30.739901 388.539 -0.49148059 -0.21467371 -0.84401542 0
-60.4454 25.2251 392.841 -0.59118116 0.24231887 0.7692765 0
-60.4147 16.152201 393.479 -0.8258999 -0.26711062 -0.49652925 0
-60.411301 27.101 389.65799 -0.47730207 -0.26110315 -0.83905178 0
-60.4086 17.8759 394.67401 -0.76345581 0.073181614 0.64170063 0
-60.406898 33.324501 390.20401 -0.63101202 0.26187262 0.73023736 0
-60.402199 38.351601 388.078 -0.81340486 0.28995165 0.50428224 0
-60.3923 35.649502 386.978 -0.6676206 -0.22818354 -0.70867127 0
-60.3829 18.8344 392.39099 -0.7085374 -0.30694541 -0.6354205 0
-60.376301 39.549702 387.47501 -0.86095369 0.27818701 0.42587644 0
-60.3554 37.9566 386.354 -0.62143409 -0.17637534 -0.76335537 0
-60.339298 27.7966 392.181 -0.57292199 0.24959664 0.78068042 0
-60.334801 37.188 388.672 -0.67936844 0.30528131 0.66727942 0
-60.3302 21.6015 391.38599 -0.52129179 -0.28886336 -0.80300236 0
-60.312698 24.746099 393.086 -0.56222916 0.2584438 0.78556043 0
-60.3008 35.818401 389.289 -0.61385775 0.27735496 0.73908925 0
-60.2985 29.7638 388.71701 -0.54031485 -0.30254027 -0.78519374 0
-60.297798 23.914301 390.577 -0.55255073 -0.32914877 -0.76573414 0
-60.296299 23.725401 393.427 -0.60440719 0.25185269 0.7558189 0
-60.294701 34.055599 389.99899 -0.60264003 0.30014822 0.73941606 0
-60.289799 20.651501 391.711 -0.51003236 -0.24843648 -0.8234964 0
-60.280499 26.201599 392.71701 -0.59125388 0.19007206 0.78376746 0
-60.276402 24.221701 393.28101 -0.59084892 0.2329459 0.7724207 0
-60.268902 18.119699 394.76599 -0.73455918 0.11401063 0.66889787 0
-60.2644 16.8249 395.04199 -0.67417425 0.19674827 0.71188426 0
-60.2607 16.450899 395.10501 -0.8367151 -0.013502906 0.54747194 0
-60.2579 35.296398 386.991 -0.53630775 -0.23619527 -0.81029981 0
-60.255001 17.014299 392.953 -0.77984202 -0.18198949 -0.59893763 0
-60.248299 29.4293 391.72601 -0.58512098 0.26458436 0.76656938 0
-60.244999 14.3535 394.08099 -0.86258727 -0.28680792 -0.41675466 0
-60.2425 20.191999 394.30801 -0.63124233 0.10775975 0.76806307 0
-60.240501 21.2241 391.479 -0.50962996 -0.32058671 -0.79843688 0
-60.227402 15.4973 393.54401 -0.84820706 -0.33209959 -0.41261926 0
-60.222698 22.8636 393.72 -0.61430228 0.17442779 0.76955032 0
-60.222198 14.9511 395.27399 -0.86724252 -0.088326581 0.48998863 0
-60.222198 25.902 389.91599 -0.47371849 -0.28868595 -0.83201635 0
-60.222198 14.9511 395.27399 -0.86724252 -0.088326581 0.48998863 0
-60.222198 25.902 389.91599 -0.47371849 -0.28868595 -0.83201635 0
-60.222198 14.9511 395.27399 -0.86724252 -0.088326581 0.48998863 0
-60.220901 14.5956 393.965 -0.89328068 -0.1999694 -0.40256903 0
-60.220798 21.1099 394.13599 -0.62755305 0.1814367 0.75713795 0
-60.2206 31.452801 388.18201 -0.52267379 -0.26604551 -0.80995798 0
-60.2159 37.454201 386.36499 -0.60774356 -0.19431905 -0.76999211 0
-60.213402 19.4482 394.52802 -0.70387071 0.13483159 0.6974141 0
-60.205799 37.936199 388.48801 -0.68854976 0.27911744 0.66932255 0
-60.194901 39.927799 385.73099 -0.84455454 -0.10478602 -0.52511668 0
-60.177502 15.5507 395.272 -0.69340545 0.089663446 0.7149471 0
-60.168598 26.9049 392.60699 -0.55918282 0.23637092 0.7946341 0
-60.1679 30.4673 391.41501 -0.5411334 0.24558474 0.80427778 0
-60.1665 28.142401 389.18301 -0.434699 -0.26167044 -0.86172235 0
-60.162601 33.614498 390.276 -0.5938884 0.31015411 0.74236172 0
-60.159401 39.100498 387.98401 -0.76128393 0.27289337 0.58819723 0
-60.151798 22.0744 391.116 -0.48914838 -0.24702662 -0.83648771 0
-60.149502 31.376801 391.12299 -0.58337373 0.25532806 0.77102703 0
-60.1493 31.151899 391.189 -0.53048432 0.26475498 0.80528951 0
-60.147999 36.851101 388.97101 -0.64572138 0.30254102 0.70107979 0
-60.146099 17.613199 394.96799 -0.64545274 0.10834634 0.75607663 0
-60.145599 22.450399 393.86801 -0.59509659 0.1849467 0.78208363 0
-60.143799 20.146999 391.758 -0.50993401 -0.24140778 -0.82564491 0
-60.142899 37.598801 388.67401 -0.63035136 0.29020745 0.72002554 0
-60.132301 27.502701 389.37601 -0.4432576 -0.27606595 -0.85282487 0
-60.125801 36.1744 389.29599 -0.60550076 0.31567624 0.73055965 0
-60.1255 21.7374 394.05399 -0.61487585 0.19374739 0.76445383 0
-60.1199 40.1106 387.51599 -0.77051091 0.35604089 0.52872276 0
-60.1115 38.764301 388.17801 -0.69565856 0.26487657 0.66775715 0
-60.111198 34.563999 389.94501 -0.62239611 0.27184486 0.73397779 0
-60.110802 40.3741 387.38501 -0.84499109 0.30246574 0.44102675 0
-60.1105 25.4699 393.01599 -0.57907313 0.20860286 0.78813648 0
-60.108601 18.4946 394.82401 -0.61061579 0.14916638 0.77775168 0
-60.107101 41.2672 386.86401 -0.85619497 0.24876668 0.45281929 0
-60.101398 32.793098 390.63101 -0.58927631 0.28034285 0.7577343 0
-60.0966 39.362701 385.78799 -0.82728225 -0.16986816 -0.53548938 0
-60.094398 35.032299 389.784 -0.60292953 0.30011532 0.73919332 0
-60.0853 15.8325 395.332 -0.61942112 0.11313967 0.77686352 0
-60.081001 15.2134 395.43301 -0.69340545 0.089663446 0.7149471 0
-60.077702 28.5467 392.134 -0.5633148 0.23728578 0.79143661 0
-60.075298 37.150299 386.35901 -0.6154694 -0.27935606 -0.7369923 0
-60.072201 33.2519 387.547 -0.50530207 -0.24956682 -0.82606673 0
-60.0709 20.6506 394.35599 -0.61059946 0.15346994 0.77692682 0
-60.0611 39.698601 387.789 -0.67287433 0.33029851 0.66192377 0
-60.039501 41.161499 387.02301 -0.85619497 0.24876668 0.45281929 0
-60.035 32.060299 390.95801 -0.57542241 0.28576708 0.76630688 0
-60.035 13.4885 394.189 -0.90784621 -0.19406904 -0.37168872 0
-60.030102 14.0506 395.63901 -0.84307027 0.038192362 0.53644556 0
-60.028198 14.8372 395.53299 -0.71112305 0.016077021 0.70288372 0
-60.0243 41.652401 386.728 -0.77160335 0.39147484 0.50137389 0
-60.019901 30.8344 391.367 -0.51775837 0.26164651 0.81453508 0
-60.0023 13.6015 395.72601 -0.85052884 0.040579859 0.5243606 0
-60.001701 29.277901 391.96799 -0.58162379 0.2452479 0.77560765 0
-60.001202 19.077299 394.77399 -0.55695719 0.19123152 0.80822599 0
-60.000999 42.8507 386.12601 -0.89850813 0.24420111 0.36475879 0
-59.999802 20.763201 391.51401 -0.4405064 -0.26266226 -0.85846531 0
-59.998699 27.1012 389.44299 -0.42340553 -0.28850055 -0.85877544 0
-59.9986 37.976299 386.077 -0.56161326 -0.2051993 -0.80155087 0
-59.9986 16.6014 395.27899 -0.56917858 0.13468866 0.8111071 0
-59.9986 37.976299 386.077 -0.56161326 -0.2051993 -0.80155087 0
-59.9986 16.6014 395.27899 -0.56917858 0.13468866 0.8111071 0
-59.998501 34.957401 386.966 -0.391334 -0.20244288 -0.8977052 0
-59.998299 23.051399 390.74399 -0.48793426 -0.25391647 -0.83513266 0
-59.9981 19.4512 394.67999 -0.55497491 0.19362085 0.80902028 0
-59.997299 31.039499 388.194 -0.50263911 -0.25429448 -0.82624948 0
-59.996799 24.290501 390.302 -0.39894506 -0.22028261 -0.89012271 0
-59.996399 28.9596 388.85001 -0.30968478 -0.33000252 -0.89173633 0
-59.995499 18.2715 392.31601 -0.50783515 -0.18250549 -0.84189975 0
-59.9953 37.452801 386.215 -0.57160944 -0.22409001 -0.78933281 0
-59.994202 31.636801 391.13599 -0.57472163 0.27760652 0.76982445 0
-59.9935 19.0802 391.96799 -0.52256119 -0.27076671 -0.80846471 0
-59.983398 16.3487 392.91101 -0.70431614 -0.22731839 -0.67250663 0
-59.9795 32.604599 387.686 -0.3670584 -0.32490847 -0.87160921 0
-59.979099 25.526899 389.92801 -0.24589001 -0.27662352 -0.92898738 0
-59.976799 38.525902 385.91101 -0.56915468 -0.20835154 -0.7953946 0
-59.972198 41.8018 385.065 -0.77978915 -0.013845293 -0.62588912 0
-59.970402 40.601898 385.293 -0.68953979 -0.22470823 -0.68850642 0
-59.968399 17.9715 392.388 -0.53197002 -0.27223399 -0.8018083 0
-59.964901 24.853201 393.28201 -0.5694747 0.22779763 0.78981441 0
-59.961601 14.0539 393.78299 -0.762016 -0.22456922 -0.60737163 0
-59.959801 36.550701 389.26001 -0.58861208 0.33202267 0.73708665 0
-59.957298 29.2612 388.70999 -0.4513523 -0.30569226 -0.83835155 0
-59.955799 12.2553 394.68301 -0.91409987 -0.18477142 -0.36094451 0
-59.950401 35.830101 386.681 -0.53650129 -0.18371028 -0.82366067 0
-59.9454 40.902 385.194 -0.76729131 -0.18953948 -0.61264902 0
-59.9366 24.248501 393.505 -0.55488181 0.26359549 0.789065 0
-59.933102 15.6286 393.10501 -0.64113176 -0.28994602 -0.71055001 0
-59.923401 33.701199 387.327 -0.41849935 -0.25117457 -0.87279415 0
-59.923199 22.2638 394.05701 -0.52483356 0.20063441 0.82722157 0
-59.922401 21.8708 391.06601 -0.36032107 -0.28148821 -0.88934422 0
-59.921101 31.3029 388.06299 -0.52352393 -0.26744983 -0.80894578 0
-59.920101 36.852901 386.354 -0.44336674 -0.25729689 -0.85861766 0
-59.919102 21.555099 391.16501 -0.45223457 -0.31724203 -0.83357149 0
-59.918701 17.6535 392.43201 -0.57811654 -0.251203 -0.77632362 0
-59.914299 40.179901 385.38599 -0.58646166 -0.29279241 -0.75520545 0
-59.904701 13.1141 394.15201 -0.86129683 -0.27760226 -0.42556405 0
-59.901299 13.4511 395.86801 -0.81627363 -0.021931462 0.57724899 0
-59.886902 39.044601 385.70801 -0.4910351 -0.20614064 -0.84639859 0
-59.8848 26.3696 392.95499 -0.55602592 0.23524867 0.79717827 0
-59.882599 33.065899 387.51199 -0.44613802 -0.28647339 -0.84787607 0
-59.872398 12.7208 394.30301 -0.85610008 -0.23163632 -0.46199274 0
-59.866901 31.8638 387.854 -0.39053389 -0.25745475 -0.8838554 0
-59.866501 30.673599 388.24301 -0.42321882 -0.28865436 -0.85881573 0
-59.865299 12.5521 395.867 -0.84045118 0.010417708 0.54178715 0
-59.8652 15.0271 393.29199 -0.60605204 -0.26304501 -0.75067186 0
-59.864201 27.0998 392.74399 -0.54317915 0.25801384 0.79899019 0
-59.862301 13.4512 393.927 -0.75110036 -0.27622291 -0.59962416 0
-59.858501 40.815899 387.39899 -0.68321747 0.34910238 0.64135903 0
-59.8536 23.4231 390.57599 -0.36045155 -0.32891443 -0.87286311 0
-59.849499 25.9748 389.742 -0.33226737 -0.30333593 -0.89307654 0
-59.849201 22.225599 390.92899 -0.40767178 -0.18868372 -0.89342159 0
-59.849098 21.0257 391.354 -0.35461992 -0.35183156 -0.86629051 0
-59.848099 17.0137 392.59799 -0.4793821 -0.2974073 -0.8256765 0
-59.847 26.428101 389.58099 -0.26911885 -0.31833208 -0.90897733 0
-59.846901 20.1273 391.62701 -0.35060865 -0.22975752 -0.90790147 0
-59.846901 24.9655 390.06299 -0.27553341 -0.28142354 -0.91917473 0
-59.8466 34.452599 387.04199 -0.30746341 -0.28666842 -0.90735191 0
-59.846401 28.2278 389.02499 -0.31822616 -0.27093598 -0.90847445 0
-59.8461 19.2281 391.853 -0.29264504 -0.28184009 -0.9137423 0
-59.8456 16.002701 392.91199 -0.5803737 -0.30208394 -0.75624841 0
-59.845501 27.8536 389.11801 -0.27385131 -0.25857347 -0.92636126 0
-59.845299 27.6625 392.56799 -0.55541313 0.26105204 0.7895366 0
-59.8442 37.917702 388.78101 -0.5703274 0.34079579 0.74738538 0
-59.842499 39.444901 388.091 -0.56091386 0.32834968 0.75997508 0
-59.834702 11.8785 394.67999 -0.86640298 -0.35144189 -0.35473153 0
-59.8321 18.692801 394.97699 -0.54885417 0.18279487 0.81568694 0
-59.825802 40.3741 387.651 -0.60551041 0.35519609 0.71217477 0
-59.8172 34.435902 390.19299 -0.54940808 0.22970268 0.8033601 0
-59.812199 14.597 393.401 -0.67175287 -0.24184304 -0.70018566 0
-59.811699 43.147301 386.271 -0.84727263 0.31310868 0.42905951 0
-59.8116 29.500799 388.573 -0.15982491 -0.34031671 -0.92662859 0
-59.811501 27.2507 389.30701 -0.20101835 -0.29499021 -0.93411583 0
-59.809101 19.508801 391.77802 -0.3182126 -0.24515013 -0.91577411 0
-59.806702 33.764599 390.465 -0.54469514 0.30958965 0.77939814 0
-59.805599 17.6122 395.233 -0.561566 0.168539 0.8100853 0
-59.774899 26.950001 389.39001 -0.17230199 -0.24748795 -0.95344728 0
-59.7728 18.063601 395.15302 -0.59450579 0.16488841 0.78700358 0
-59.771702 36.439899 386.41 -0.38370466 -0.25519633 -0.88749397 0
-59.769901 14.7817 395.76999 -0.62237656 0.11970737 0.77350986 0
-59.753899 20.0839 394.70001 -0.56282657 0.18925273 0.8046177 0
-59.7528 39.831501 387.98599 -0.59707367 0.36089051 0.71642238 0
-59.748199 14.1071 395.89401 -0.62963891 0.1178311 0.76790017 0
-59.729099 29.067301 392.242 -0.57922953 0.22843879 0.78250164 0
-59.726101 41.4991 387.173 -0.67093569 0.35610399 0.65041161 0
-59.7113 36.191898 389.582 -0.54119581 0.32525769 0.77544475 0
-59.710098 13.9199 393.55399 -0.6351074 -0.28658447 -0.71729207 0
-59.701401 17.127001 395.38501 -0.55255228 0.14777803 0.82027292 0
-59.700001 38.387901 385.78601 -0.42858261 -0.26724797 -0.86307329 0
-59.6991 30.214199 391.77701 -0.5075559 0.32160494 0.799348 0
-59.697701 30.139601 388.33099 -0.10274353 -0.30158809 -0.94788629 0
-59.696701 40.452202 385.16101 -0.60665298 -0.32310128 -0.72634542 0
-59.694801 15.2505 395.76099 -0.59910035 0.11915424 0.79175818 0
-59.671299 41.988998 386.97299 -0.68780482 0.34971121 0.63610268 0
-59.6591 25.863199 393.26199 -0.58744675 0.21556853 0.7800234 0
-59.655399 12.4432 394.17401 -0.69813842 -0.37708399 -0.60861355 0
-59.6413 38.500801 388.647 -0.50627375 0.39885294 0.76459354 0
-59.619099 22.98 390.56699 -0.22165003 -0.27548432 -0.93540347 0
-59.617001 43.410301 386.341 -0.75726908 0.34981132 0.55152112 0
-59.614498 42.703201 384.47 -0.73524851 -0.18279521 -0.65268332 0
-59.613899 42.403801 384.539 -0.79906267 -0.26462084 -0.53988391 0
-59.613899 35.0471 390.181 -0.57953167 0.29576692 0.75938463 0
-59.613899 42.403801 384.539 -0.79906267 -0.26462084 -0.53988391 0
-59.613899 35.0471 390.181 -0.57953167 0.29576692 0.75938463 0
-59.613899 42.403801 384.539 -0.79906267 -0.26462084 -0.53988391 0
-59.613899 35.0471 390.181 -0.57953167 0.29576692 0.75938463 0
-59.6129 42.8461 386.64499 -0.72672492 0.28199381 0.62637877 0
-59.6129 44.162498 385.75 -0.86782598 -0.053675029 0.49396056 0
-59.6129 42.8461 386.64499 -0.72672492 0.28199381 0.62637877 0
-59.6129 44.162498 385.75 -0.86782598 -0.053675029 0.49396056 0
-59.6129 42.8461 386.64499 -0.72672492 0.28199381 0.62637877 0
-59.608799 44.495098 385.66599 -0.73716754 0.40381864 0.5417698 0
-59.606499 13.6843 393.543 -0.62344319 -0.30000284 -0.72202277 0
-59.600498 26.630501 393.07001 -0.53554106 0.25273767 0.8058036 0
-59.592701 11.2023 394.67899 -0.87412018 -0.26483396 -0.40715712 0
-59.592701 35.716499 389.86801 -0.56720841 0.34278348 0.7488485 0
-59.569302 24.636499 393.638 -0.58263689 0.24251142 0.77570772 0
-59.550098 25.301701 393.48199 -0.59345281 0.19555497 0.78075093 0
-59.548199 38.670101 385.62601 -0.47399333 -0.24468312 -0.84584898 0
-59.548 32.5392 387.561 -0.23446716 -0.2906363 -0.92766142 0
-59.548 36.476601 386.30899 -0.33500731 -0.29934236 -0.89340037 0
-59.5476 24.9655 389.99899 -0.044316068 -0.23023982 -0.97212434 0
-59.546398 19.1537 391.78101 -0.29264504 -0.28184009 -0.9137423 0
-59.545601 38.049599 388.94299 -0.51607883 0.38441902 0.76543105 0
-59.544998 13.3758 396.21201 -0.69191372 0.0027618995 0.72197491 0
-59.5448 42.2495 386.961 -0.71132487 0.28227967 0.64368868 0
-59.540298 37.784401 389.05301 -0.5577842 0.33512858 0.75931919 0
-59.532902 22.171301 394.32599 -0.53610831 0.19963512 0.82020342 0
-59.531601 34.506302 386.91699 -0.30746341 -0.28666842 -0.90735191 0
-59.5284 31.853901 391.39301 -0.56397355 0.24831283 0.78757513 0
-59.5201 30.57 388.16199 -0.090073377 -0.1679123 -0.98167831 0
-59.504002 32.6996 391.10101 -0.55427754 0.29579109 0.77800006 0
-59.499599 15.6773 395.815 -0.59380513 0.15770561 0.78900218 0
-59.491199 15.4487 392.90601 -0.42654154 -0.29937011 -0.8534869 0
-59.486099 21.358 394.57999 -0.55690646 0.2085788 0.80395901 0
-59.480701 12.4949 396.33701 -0.71404266 0.059284911 0.69758755 0
-59.478699 10.4513 396.47101 -0.81307644 -0.086288594 0.57572645 0
-59.476799 14.5024 396.01401 -0.60197318 0.12620895 0.78847927 0
-59.476101 19.227301 395.08801 -0.5470652 0.19822353 0.81328171 0
-59.475201 13.0016 396.311 -0.69658017 0.063663259 0.7146489 0
-59.474998 24.1019 393.88 -0.57530653 0.22372313 0.78674668 0
-59.474701 45.172699 385.37299 -0.795232 0.33629617 0.50449079 0
-59.471401 36.8008 389.496 -0.55554128 0.32085213 0.7670905 0
-59.470299 28.459299 392.582 -0.55729938 0.22692783 0.79869968 0
-59.467602 16.480499 395.659 -0.58173341 0.14904098 0.79960805 0
-59.4673 31.2055 391.62299 -0.56586391 0.22822474 0.79228246 0
-59.460098 44.202599 385.98001 -0.67195708 0.36541092 0.64416504 0
-59.451199 11.951 396.41101 -0.7352019 0.047421344 0.6761874 0
-59.451 10.8638 396.50601 -0.87784094 0.026079383 0.47824174 0
-59.4352 30.7197 391.77701 -0.55472374 0.24322693 0.79568976 0
-59.433998 39.250401 388.44901 -0.53149307 0.30517027 0.7901811 0
-59.430199 29.9347 392.11899 -0.60033107 0.34625778 0.72090787 0
-59.429699 33.508499 390.82599 -0.54606557 0.31010002 0.77823544 0
-59.427101 10.5101 394.758 -0.846165 -0.21097507 -0.48938152 0
-59.4063 45.925499 385.07599 -0.84504348 0.38372493 0.37236628 0
-59.404701 30.3295 391.94 -0.61887872 0.32101002 0.71689725 0
-59.404301 22.472 394.33301 -0.53923965 0.17520046 0.82372653 0
-59.402 23.3526 394.13501 -0.59207505 0.18705979 0.78387231 0
-59.399601 18.250299 392.065 -0.38469923 -0.25436231 -0.88730282 0
-59.398602 25.826401 389.70901 0.012205732 -0.33711299 -0.94138509 0
-59.398499 17.6322 392.22699 -0.38093868 -0.24356626 -0.89194238 0
-59.398201 22.2269 390.80499 -0.12068276 -0.35827813 -0.92578208 0
-59.397999 28.320801 388.92899 -0.1858744 -0.1473106 -0.97146809 0
-59.396999 34.882 390.35901 -0.56064165 0.22402786 0.79717779 0
-59.396801 19.4533 391.655 -0.26580375 -0.25690913 -0.92916417 0
-59.396599 37.565399 385.87299 -0.32946092 -0.29658273 -0.8963784 0
-59.396 42.849899 386.82101 -0.59381348 0.36644167 0.7163142 0
-59.395802 39.627998 385.23901 -0.30300251 -0.29688188 -0.90556645 0
-59.395199 43.1898 384.20099 -0.60496187 -0.18339004 -0.77484787 0
-59.386501 24.885 393.71301 -0.6010372 0.20238972 0.77317053 0
-59.386101 40.1689 388.10199 -0.57111686 0.35454398 0.74035406 0
-59.380901 10.0379 394.89999 -0.80238795 -0.26162821 -0.53639936 0
-59.3778 10.9018 394.552 -0.64337313 -0.25460023 -0.72197628 0
-59.371498 34.423901 390.508 -0.57770056 0.22138548 0.78565294 0
-59.365898 9.2533903 395.28 -0.85371423 -0.3275193 -0.40484947 0
-59.362598 11.4267 394.32901 -0.66524696 -0.23789565 -0.70770907 0
-59.360802 31.977301 387.716 -0.13963485 -0.33133927 -0.93312186 0
-59.360401 21.1031 391.16101 -0.16807503 -0.26987654 -0.94811255 0
-59.359699 16.958599 392.397 -0.20247972 -0.27077678 -0.94110674 0
-59.358799 38.896801 385.465 -0.46030414 -0.23911482 -0.85495275 0
-59.358299 41.240299 384.733 -0.42240319 -0.31185281 -0.85107189 0
-59.3536 11.2666 396.58899 -0.63316387 0.063405924 0.77141637 0
-59.3461 41.837502 387.31699 -0.56598079 0.36750835 0.7379725 0
-59.335999 11.65 396.57401 -0.61916691 0.083063297 0.78085393 0
-59.3307 45.9226 385.155 -0.86021113 0.23486772 0.45263001 0
-59.328098 41.6483 384.591 -0.54641843 -0.3012546 -0.7814554 0
-59.326401 45.007198 383.703 -0.67808288 -0.06847962 -0.73178834 0
-59.324402 13.9005 393.29599 -0.41543797 -0.30825409 -0.8557983 0
-59.324001 20.0504 391.48199 -0.036222003 -0.28151345 -0.95887339 0
-59.320202 29.1437 392.513 -0.56535512 0.23533709 0.79056311 0
-59.319302 39.254501 385.32199 -0.30300251 -0.29688188 -0.90556645 0
-59.318199 18.643299 395.328 -0.54885417 0.18279487 0.81568694 0
-59.317699 13.3061 393.522 -0.54162824 -0.36479947 -0.75733757 0
-59.3153 42.256001 384.375 -0.41681534 -0.23109736 -0.87912399 0
-59.304501 34.882999 386.73499 -0.2335259 -0.27538806 -0.93253797 0
-59.303799 34.265099 386.93399 -0.21799849 -0.31463084 -0.92384201 0
-59.298401 25.5896 393.60501 -0.55022019 0.21914555 0.80574995 0
-59.2841 39.9086 385.10599 -0.32659751 -0.22778393 -0.91730505 0
-59.2789 16.5051 392.52802 -0.34739405 -0.29810509 -0.88907295 0
-59.266499 43.8265 383.953 -0.50650758 -0.22778796 -0.83160251 0
-59.263802 12.8724 393.68399 -0.43762013 -0.35260636 -0.82713807 0
-59.258999 44.614601 383.73599 -0.57725632 -0.20387805 -0.79070151 0
-59.250801 13.2268 396.44901 -0.60422915 0.068977587 0.79381937 0
-59.249001 18.850401 391.79901 -0.26389962 -0.31407979 -0.91198182 0
-59.248699 26.953199 389.35599 0.10124847 -0.28907734 -0.95193648 0
-59.248501 28.8269 388.79001 -0.02475171 -0.24809547 -0.96841931 0
-59.248299 32.350899 387.58899 0.094436087 -0.32057655 -0.94250333 0
-59.248299 27.3641 389.21701 -0.0097242752 -0.18090008 -0.98345339 0
-59.248199 14.5763 393.03601 -0.39273149 -0.26334754 -0.88114136 0
-59.2481 32.652 387.479 -0.010286455 -0.32667148 -0.94508195 0
-59.248001 38.688702 388.77899 -0.47488755 0.36784786 0.79948092 0
-59.2477 33.964802 387.021 -0.044294614 -0.107622 -0.99320465 0
-59.247601 46.152199 383.35199 -0.81939822 0.0023118912 -0.57322007 0
-59.247601 20.428101 391.36499 -0.096552365 -0.33539951 -0.93711513 0
-59.247398 37.677299 385.79599 -0.12834267 -0.27320969 -0.95335442 0
-59.242298 44.347198 386.138 -0.67195708 0.36541092 0.64416504 0
-59.233398 29.8013 392.35599 -0.60413224 0.2785393 0.74661911 0
-59.223099 8.9882698 395.211 -0.71831596 -0.46819058 -0.51460642 0
-59.2216 10.1518 394.67801 -0.59589863 -0.26959056 -0.75645602 0
-59.220001 37.9296 385.724 -0.16733797 -0.16971022 -0.971183 0
-59.216999 36.236198 389.90399 -0.55990148 0.32224202 0.76332855 0
-59.2127 15.6624 392.76801 -0.33341888 -0.19117287 -0.92319274 0
-59.211102 34.216999 390.69601 -0.54181999 0.28560501 0.79048139 0
-59.209999 35.464901 386.53799 0.029547971 -0.32547283 -0.94508958 0
-59.209499 12.9073 396.526 -0.60556453 0.081770033 0.79158401 0
-59.209202 43.508099 383.983 -0.45556596 -0.26994151 -0.84828722 0
-59.185799 14.8816 396.159 -0.55324399 0.11725584 0.82472551 0
-59.184898 10.4152 394.552 -0.62832123 -0.28650248 -0.72327638 0
-59.174599 11.5007 394.14499 -0.58217478 -0.33592501 -0.7404235 0
-59.1735 30.5518 388.164 -0.052533396 -0.25168523 -0.96638232 0
-59.172401 24.5884 393.96899 -0.6039573 0.21655636 0.76703256 0
-59.1618 17.4193 395.67899 -0.5384987 0.15817896 0.82764643 0
-59.1455 7.6022401 395.87799 -0.89521658 -0.22209103 -0.38634548 0
-59.140202 38.5051 388.95499 -0.53533739 0.40550226 0.74093306 0
-59.138302 26.858601 393.29901 -0.56098515 0.23816654 0.79282552 0
-59.135899 36.701698 386.077 -0.13612707 -0.34118041 -0.93008888 0
-59.133598 12.2339 393.84201 -0.48576945 -0.29523104 -0.8227191 0
-59.133202 20.1238 395.116 -0.56837422 0.17874348 0.80311984 0
-59.112099 46.4846 385.091 -0.76833874 0.38297883 0.51281852 0
-59.104301 45.9454 385.37201 -0.65353441 0.36378348 0.66374266 0
-59.104301 22.8657 394.46201 -0.57283956 0.18403073 0.79874122 0
-59.104301 45.9454 385.37201 -0.65353441 0.36378348 0.66374266 0
-59.104301 22.8657 394.46201 -0.57283956 0.18403073 0.79874122 0
-59.103401 40.7603 384.77802 -0.32899106 -0.2834737 -0.90078163 0
-59.1026 30.990299 391.96799 -0.62430078 0.23513183 0.74495739 0
-59.0993 26.389299 393.48001 -0.56742686 0.25724065 0.78221095 0
-59.098701 36.026501 386.323 -0.011879098 -0.31071663 -0.95042837 0
-59.0984 39.401199 385.19 -0.2939662 -0.28488529 -0.91237283 0
-59.097698 18.6285 391.84399 0.070162453 -0.31198344 -0.94749331 0
-59.095901 15.1408 392.83701 -0.26768422 -0.21407634 -0.9394235 0
-59.0952 12.3258 396.67899 -0.62299216 0.085116528 0.77758342 0
-59.0947 22.468901 394.55899 -0.55609018 0.21180673 0.80368006 0
-59.084999 15.5126 396.129 -0.54516429 0.15126042 0.8245703 0
-59.082298 30.059601 392.375 -0.59860611 0.35436392 0.71839887 0
-59.065498 45.548801 385.63901 -0.66994715 0.34519225 0.65727705 0
-59.055901 44.1227 386.41599 -0.68013126 0.34540248 0.64662087 0
-59.053101 8.3512802 397.06799 -0.87133026 0.0085124327 0.49062324 0
-59.038101 37.834301 389.38501 -0.55374616 0.32251999 0.76768875 0
-59.025799 42.871601 387.07001 -0.55103445 0.33736154 0.7632485 0
-59.024502 8.9510603 397.069 -0.84689099 0.041937776 0.5301103 0
-59.023602 29.801399 392.51501 -0.60413224 0.2785393 0.74661911 0
-59.023602 7.75177 397.07401 -0.88468379 -0.044861615 0.46402809 0
-59.023499 21.8517 390.94901 0.18996984 -0.27881265 -0.94136864 0
-59.001499 31.731199 391.82999 -0.60239363 0.2154904 0.76856089 0
-59.000401 39.1021 388.77301 -0.58421701 0.28570572 0.75964642 0
-58.990501 11.7356 396.823 -0.57269526 0.074000433 0.81642151 0
-58.986301 44.688999 386.13599 -0.58014613 0.38462073 0.71798146 0
-58.985001 43.366199 386.86801 -0.56602818 0.37795717 0.73263937 0
-58.979301 8.2026997 395.28 -0.81701034 -0.27786008 -0.50526017 0
-58.9776 9.5512199 397.08499 -0.7765432 0.038040295 0.62891459 0
-58.973598 41.639801 387.69601 -0.53482598 0.3859497 0.7516675 0
-58.972401 47.571999 384.56201 -0.84601539 0.31814602 0.42783299 0
-58.972099 37.125599 389.72501 -0.56916314 0.31086892 0.76119238 0
-58.968102 13.0003 393.51801 -0.30744579 -0.3137649 -0.89834774 0
-58.952301 47.559299 382.75601 -0.87333548 -0.14470443 -0.46512988 0
-58.9501 11.2204 396.89401 -0.57696408 0.11452372 0.80870062 0
-58.948898 14.4629 392.97101 -0.27203235 -0.27635768 -0.92175096 0
-58.948101 43.113899 383.965 -0.41337523 -0.26608026 -0.87081701 0
-58.9459 11.2776 394.07401 -0.53177726 -0.27916929 -0.79954827 0
-58.944 46.484402 385.24399 -0.63917893 0.35849848 0.68038899 0
-58.932899 36.131401 390.17599 -0.58085549 0.34668696 0.73648834 0
-58.9277 10.5821 397.022 -0.63895464 0.1320921 0.75781834 0
-58.916302 28.322001 393.013 -0.58541679 0.22014859 0.78027034 0
-58.906799 14.1062 396.46301 -0.54569548 0.12390821 0.82877213 0
-58.905602 39.810799 388.629 -0.58335918 0.27391613 0.76463199 0
-58.899601 6.5513 397.15201 -0.80689067 -0.040953498 0.58927947 0
-58.898899 45.177898 385.98099 -0.57850325 0.35307312 0.73530495 0
-58.892502 46.8624 385.06799 -0.58634245 0.4373889 0.68183094 0
-58.892101 42.2794 387.42001 -0.54754299 0.36162376 0.75460249 0
-58.885601 34.133499 390.96899 -0.58557153 0.31010866 0.74895835 0
-58.883701 8.0140305 397.24399 -0.65701789 0.01252756 0.75377089 0
-58.881901 7.6012602 397.23901 -0.76800632 -0.028776476 0.63979542 0
-58.881302 7.0763202 397.228 -0.7383737 -0.035264835 0.67346913 0
-58.876099 9.1016102 397.202 -0.56905049 0.10336114 0.81578058 0
-58.875 12.6925 396.78201 -0.52348566 0.1330467 0.84158266 0
-58.873901 8.8009501 397.22101 -0.65273136 0.029511578 0.75701439 0
-58.8731 27.457399 393.30801 -0.60311985 0.23929115 0.76091141 0
-58.873001 16.7523 392.33499 -0.0032451912 -0.21585084 -0.97642094 0
-58.872398 10.0386 397.15799 -0.49309018 0.08429791 0.86588448 0
-58.872101 41.2589 384.534 -0.32952613 -0.28099135 -0.90136361 0
-58.857498 27.9088 393.177 -0.58707815 0.23281384 0.77533025 0
-58.842201 6.3649302 395.935 -0.8981114 -0.26555145 -0.35054001 0
-58.8419 6.2519698 397.224 -0.81041187 -0.057144407 0.583067 0
-58.824501 47.087502 382.76099 -0.67303646 -0.2067153 -0.71013427 0
-58.816799 48.018299 384.46799 -0.68402278 0.43441686 0.58599901 0
-58.8036 41.257801 388.01501 -0.52969265 0.39967686 0.74812037 0
-58.801102 9.0623198 394.73999 -0.61850631 -0.23430151 -0.75003517 0
-58.799099 47.201801 384.93301 -0.57897645 0.43212321 0.69141579 0
-58.799099 46.001598 385.62 -0.58004206 0.39616027 0.71176416 0
-58.799099 47.201801 384.93301 -0.57897645 0.43212321 0.69141579 0
-58.798199 40.863998 384.63501 -0.21558768 -0.29287133 -0.93153012 0
-58.798199 9.9263601 394.44501 -0.52761805 -0.25545391 -0.81016201 0
-58.798199 40.863998 384.63501 -0.21558768 -0.29287133 -0.93153012 0
-58.797901 11.0141 394.07999 -0.49555767 -0.27571175 -0.82365382 0
-58.797901 39.2523 385.164 -0.14727692 -0.42949113 -0.89098084 0
-58.797901 11.0141 394.07999 -0.49555767 -0.27571175 -0.82365382 0
-58.797901 39.2523 385.164 -0.14727692 -0.42949113 -0.89098084 0
-58.797298 45.401501 383.19101 -0.54018056 -0.18968192 -0.81989372 0
-58.7966 9.3271303 394.64499 -0.59764218 -0.33668029 -0.72764701 0
-58.7962 29.0506 392.91 -0.56891775 0.2224364 0.79174155 0
-58.793999 10.9001 397.047 -0.5059821 0.14472882 0.85031503 0
-58.792999 6.5520601 395.728 -0.75095463 -0.23365684 -0.61763388 0
-58.788601 48.851299 382.38199 -0.80866939 0.055120815 -0.58567524 0
-58.7798 48.0648 382.46301 -0.73658991 -0.10610791 -0.66796434 0
-58.767799 47.501301 382.59 -0.63438803 -0.1948984 -0.74804175 0
-58.766499 7.33884 395.40701 -0.79627055 -0.23901933 -0.55571848 0
-58.7663 7.6394701 395.28299 -0.78582537 -0.29829916 -0.54175282 0
-58.766102 7.9022102 395.168 -0.65245831 -0.27188045 -0.70737481 0
-58.762299 14.6141 396.47198 -0.55924243 0.1122811 0.82136524 0
-58.761299 30.0077 392.63501 -0.56154341 0.28602082 0.77644134 0
-58.760399 38.502701 385.45499 -0.16624531 -0.3308059 -0.92894024 0
-58.728199 16.0028 396.255 -0.54187447 0.16939378 0.82321185 0
-58.724499 44.087799 383.54099 -0.44277248 -0.2998248 -0.84501934 0
-58.7243 10.7507 394.12601 -0.51855236 -0.29654413 -0.80197573 0
-58.723598 15.7001 392.63199 0.081384249 -0.272643 -0.95866698 0
-58.721802 13.8292 393.095 -0.27645245 -0.31813806 -0.90684187 0
-58.7202 48.0243 384.55301 -0.68402278 0.43441686 0.58599901 0
-58.717999 18.055599 395.849 -0.55767447 0.16855465 0.81276596 0
-58.717098 38.384701 389.371 -0.58716351 0.35062724 0.72958863 0
-58.714901 10.4488 397.19101 -0.4850134 0.14948784 0.86163533 0
-58.706001 6.8505802 395.508 -0.74727434 -0.25024194 -0.61559725 0
-58.701801 34.967098 390.83099 -0.58453065 0.25090793 0.77160168 0
-58.6959 5.5201101 396.25201 -0.86673695 -0.27362096 -0.41701159 0
-58.685799 37.602901 385.75101 -0.12834267 -0.27320969 -0.95335442 0
-58.684299 11.4651 393.85999 -0.33913058 -0.30787098 -0.88893527 0
-58.6777 42.381199 384.10501 -0.28517103 -0.32840452 -0.90045989 0
-58.6721 5.9559798 395.884 -0.81518531 -0.3523393 -0.45970634 0
-58.667599 11.4732 397.047 -0.50889516 0.10419577 0.85449922 0
-58.652302 46.749901 382.70499 -0.51986682 -0.21775694 -0.82602686 0
-58.651001 47.200401 382.57501 -0.63447636 -0.19530267 -0.74786139 0
-58.648399 37.265301 385.841 -0.018175192 -0.33422142 -0.94231933 0
-58.6483 14.4263 392.952 0.030454705 -0.16533564 -0.98576701 0
-58.6483 37.900299 385.67099 -0.12714641 -0.30459735 -0.94395667 0
-58.6479 49.149101 383.87399 -0.82119471 0.38534769 0.42088771 0
-58.6479 39.627602 384.98901 -0.13954946 -0.30286333 -0.94276178 0
-58.6479 49.149101 383.87399 -0.82119471 0.38534769 0.42088771 0
-58.647598 40.5648 384.67999 -0.21558768 -0.29287133 -0.93153012 0
-58.647499 12.8709 393.44901 -0.32556912 -0.26621649 -0.90726709 0
-58.6474 10.3206 394.21899 -0.46316931 -0.28281233 -0.83993536 0
-58.6465 43.228199 383.811 -0.31190407 -0.25504032 -0.91524327 0
-58.646 46.227501 382.84399 -0.53316331 -0.2849679 -0.796574 0
-58.644901 14.313 396.57901 -0.57161796 0.10070088 0.81431705 0
-58.644798 44.7281 383.26901 -0.30897129 -0.26737878 -0.91271317 0
-58.617199 44.899101 386.284 -0.55728167 0.30583733 0.77194601 0
-58.6115 40.9006 384.569 -0.21558768 -0.29287133 -0.93153012 0
-58.610001 13.3028 393.30099 -0.3084715 -0.35445806 -0.88272578 0
-58.606499 39.9986 388.77301 -0.57155335 0.33818308 0.7476356 0
-58.6045 8.5026503 394.789 -0.53993249 -0.31694958 -0.77975374 0
-58.601799 49.676701 382.07501 -0.87982702 -0.12200782 -0.45936748 0
-58.598598 35.883999 390.56 -0.6018554 0.31081775 0.73563743 0
-58.576302 41.6535 387.948 -0.5335986 0.38788742 0.75154233 0
-58.575401 48.738998 382.13599 -0.73310423 -0.093403019 -0.67367208 0
-58.5751 7.1880002 395.293 -0.57445329 -0.2506969 -0.77920121 0
-58.573399 15.1949 396.51801 -0.5602656 0.12142198 0.81936508 0
-58.544399 42.2561 387.685 -0.55543572 0.36289787 0.74819535 0
-58.535599 39.701199 388.95901 -0.58553857 0.28313598 0.7595911 0
-58.534199 49.4865 383.79901 -0.8355583 0.35039926 0.42315802 0
-58.532101 12.2504 397.056 -0.51937562 0.10667087 0.84786218 0
-58.5256 19.1418 395.76501 -0.57433021 0.1455384 0.80558264 0
-58.525299 6.55088 397.66901 -0.77532768 0.037371732 0.63045251 0
-58.515598 44.3904 383.353 -0.25117531 -0.37032676 -0.89429808 0
-58.513302 5.83881 397.71399 -0.81345487 0.0071975347 0.5815835 0
-58.5075 42.8517 383.896 -0.28691444 -0.30251378 -0.9089365 0
-58.500999 45.7934 382.92001 -0.37098038 -0.30611852 -0.87673545 0
-58.499199 45.2141 386.26801 -0.54960603 0.33645502 0.76467723 0
-58.4986 8.65133 397.53299 -0.57938904 0.10485254 0.80827862 0
-58.4986 12.101 393.59601 -0.288845 -0.27462915 -0.9171409 0
-58.4986 8.65133 397.53299 -0.57938904 0.10485254 0.80827862 0
-58.498402 39.401402 389.108 -0.62279016 0.26899296 0.73469394 0
-58.498001 26.088699 394.04199 -0.59206355 0.24687178 0.76714736 0
-58.497501 41.6525 384.28299 -0.093365341 -0.34362403 -0.93445462 0
-58.479599 12.7951 396.987 -0.51379287 0.1766993 0.83952022 0
-58.438801 16.658001 396.30899 -0.56138605 0.15431122 0.81303984 0
-58.429401 49.225899 384.10199 -0.70323765 0.36257067 0.61155486 0
-58.419601 7.1507301 397.711 -0.67883301 0.12420078 0.72371262 0
-58.418201 38.986401 389.32501 -0.62299323 0.30475751 0.72041816 0
-58.417198 48.697201 384.439 -0.65309936 0.35832417 0.66713196 0
-58.415798 10.157 394.15701 -0.38391864 -0.30538809 -0.87140381 0
-58.4109 8.3584995 394.69901 -0.49697411 -0.27782324 -0.82208937 0
-58.398201 37.9165 389.83801 -0.5870266 0.3317734 0.73846203 0
-58.3885 48.401699 382.04599 -0.64404756 -0.17373195 -0.74499661 0
-58.373402 40.638699 388.64499 -0.56834942 0.36491364 0.73743945 0
-58.348801 6.5885601 395.30899 -0.60417926 -0.27628803 -0.74741709 0
-58.3456 46.898998 385.474 -0.51502889 0.40973833 0.7529009 0
-58.344501 44.648499 386.59601 -0.57667869 0.31264281 0.7547822 0
-58.3396 50.0471 383.647 -0.69944233 0.44897446 0.55605966 0
-58.334301 5.3877301 395.82901 -0.6903981 -0.32220173 -0.64771634 0
-58.328899 6.4387102 397.849 -0.66726202 0.051376291 0.74304903 0
-58.322701 5.9700799 397.88501 -0.59058636 0.03556272 0.80619043 0
-58.317001 6.8508101 397.823 -0.54487652 0.06343317 0.83611351 0
-58.316799 5.3887801 397.888 -0.65755081 -0.04437511 0.75210226 0
-58.315102 13.3967 396.93799 -0.51079524 0.1401144 0.84820759 0
-58.311401 9.8514605 397.46899 -0.51974016 0.10380261 0.8479948 0
-58.306599 14.8942 396.76801 -0.57289034 0.1158243 0.81140703 0
-58.303902 41.4748 388.26001 -0.53478646 0.39051965 0.74933159 0
-58.2938 9.4016705 397.53299 -0.51181918 0.12939464 0.8492927 0
-58.281399 45.6618 386.17999 -0.54058522 0.45026132 0.71065629 0
-58.276798 14.2767 396.84698 -0.58934468 0.069552623 0.80488217 0
-58.274502 47.500702 382.19101 -0.51710314 -0.32547542 -0.79162502 0
-58.273399 47.5014 385.164 -0.55239427 0.38996047 0.73674375 0
-58.272598 45.2509 386.423 -0.5460701 0.37977991 0.74670923 0
-58.272598 50.463902 381.59799 -0.91612816 -0.031308919 -0.39966097 0
-58.2682 46.447102 385.741 -0.47570306 0.39988711 0.78345191 0
-58.256599 43.846699 387.08801 -0.527753 0.42726889 0.73411041 0
-58.255402 7.5545602 397.797 -0.63547605 0.08736185 0.76716238 0
-58.239899 11.4082 397.30499 -0.52187055 0.089518286 0.84831458 0
-58.238098 10.9956 397.35599 -0.51127154 0.10349498 0.85316479 0
-58.236401 10.5076 397.42001 -0.49448669 0.12546964 0.86008155 0
-58.2118 50.721001 383.271 -0.77191591 0.44344014 0.45552903 0
-58.2117 8.1535597 397.78 -0.52001256 0.09508314 0.84884989 0
-58.210701 4.4514098 397.95599 -0.71532565 -0.0853118 0.69356406 0
-58.202202 44.354 386.84698 -0.56862825 0.36117929 0.73906118 0
-58.201698 48.2533 384.845 -0.55657083 0.40361595 0.72617012 0
-58.199699 51.3242 382.75 -0.86671811 0.3652145 0.33973241 0
-58.199501 6.4007001 395.276 -0.6027782 -0.28074673 -0.74688667 0
-58.1991 46.6007 382.48099 -0.48307225 -0.24338865 -0.84107262 0
-58.198898 42.700699 383.85901 -0.25975403 -0.31399366 -0.91320086 0
-58.198299 42.402199 383.95801 -0.057033896 -0.26639694 -0.96217453 0
-58.1968 44.203899 383.33801 -0.25117531 -0.37032676 -0.89429808 0
-58.196301 3.58987 396.57199 -0.79379892 -0.39310271 -0.46406204 0
-58.196201 48.905899 384.49899 -0.59029305 0.41719928 0.69101298 0
-58.193001 49.153099 381.71301 -0.64292413 -0.096465491 -0.75983083 0
-58.182701 50.7257 381.44199 -0.84439218 -0.096068479 -0.52704144 0
-58.173401 5.0328002 395.85501 -0.72119695 -0.29301196 -0.62770927 0
-58.172401 51.549099 381.32501 -0.83666718 0.0057234815 -0.54768169 0
-58.168098 9.0282097 394.40701 -0.43106389 -0.22374079 -0.87414187 0
-58.161301 6.7947698 395.133 -0.47772926 -0.19302404 -0.85703933 0
-58.1609 12.1021 393.55701 0.1327939 -0.27210677 -0.95306015 0
-58.159599 10.2281 394.05801 -0.14317518 -0.25054774 -0.95745844 0
-58.1525 8.7501297 397.72699 -0.51328605 0.13179775 0.848037 0
-58.142101 42.101898 384.05801 -0.10781094 -0.38163093 -0.91800576 0
-58.136902 15.9342 396.66599 -0.55419779 0.16666518 0.81552899 0
-58.1278 51.999199 382.189 -0.88989395 0.30572635 0.33855605 0
-58.125999 4.3017902 396.095 -0.66431117 -0.27040023 -0.69683164 0
-58.124802 45.700001 382.76099 -0.25638044 -0.22652826 -0.93965632 0
-58.122501 5.6517801 395.504 -0.56269062 -0.32872257 -0.75849903 0
-58.122101 44.503601 383.19501 -0.23551174 -0.35445759 -0.90492767 0
-58.118801 49.902199 381.48499 -0.82185698 -0.12743333 -0.55525833 0
-58.108101 46.735802 385.685 -0.47570306 0.39988711 0.78345191 0
-58.087799 47.9151 385.10199 -0.56882203 0.35516512 0.74182159 0
-58.084999 43.4529 383.59399 -0.22314152 -0.31664568 -0.92192376 0
-58.084801 3.70454 396.332 -0.71612573 -0.31841707 -0.62110746 0
-58.0508 7.9369502 394.668 -0.19220312 -0.23659617 -0.9524076 0
-58.049099 9.5514297 397.651 -0.52229267 0.099581644 0.84693199 0
-58.049 7.5445399 394.814 -0.42612863 -0.39759019 -0.81261086 0
-58.049 13.1702 397.16 -0.53224808 0.1781074 0.82764107 0
-58.049 7.5445399 394.814 -0.42612863 -0.39759019 -0.81261086 0
-58.049 13.1702 397.16 -0.53224808 0.1781074 0.82764107 0
-58.049 43.151798 387.62299 -0.56348759 0.38667026 0.73004645 0
-58.049 13.1702 397.16 -0.53224808 0.1781074 0.82764107 0
-58.049 43.151798 387.62299 -0.56348759 0.38667026 0.73004645 0
-58.048 8.5390596 394.50201 -0.19292118 -0.25912371 -0.94638062 0
-58.047901 9.7017202 394.19101 0.013001628 -0.25520223 -0.96680027 0
-58.047798 11.5011 393.707 -0.051578145 -0.31051153 -0.94916928 0
-58.0471 47.577 382.05499 -0.32932919 -0.30711788 -0.89287227 0
-58.0471 5.8770599 395.36099 -0.45687914 -0.33686763 -0.82327497 0
-58.0471 47.577 382.05499 -0.32932919 -0.30711788 -0.89287227 0
-58.0471 5.8770599 395.36099 -0.45687914 -0.33686763 -0.82327497 0
-58.046398 48.120899 381.896 -0.37488174 -0.21572572 -0.90162414 0
-58.045799 49.5271 381.50601 -0.65114862 -0.17454129 -0.73860735 0
-58.0359 46.081699 386.065 -0.49033019 0.43951628 0.75259668 0
-58.008801 14.6135 397.021 -0.57913041 0.11494397 0.80709094 0
-57.983601 46.900299 382.293 -0.30084369 -0.33362558 -0.89341313 0
-57.970501 44.677898 386.871 -0.5699811 0.33938822 0.74828953 0
-57.969898 49.153 381.54199 -0.45638949 -0.25675774 -0.85192961 0
-57.968102 50.948002 383.367 -0.63846248 0.46531504 0.61306411 0
-57.967701 13.9757 397.09698 -0.58874667 0.07103087 0.80519062 0
-57.955502 7.60149 397.98401 -0.51666492 0.065689445 0.85366404 0
-57.955399 47.312698 382.125 -0.30521536 -0.33868426 -0.89002055 0
-57.9534 45.1408 382.92099 -0.18259829 -0.30092463 -0.93600333 0
-57.935299 4.50776 395.87799 -0.5536499 -0.26235437 -0.79034293 0
-57.921001 48.692699 384.78 -0.48086885 0.45482865 0.74959725 0
-57.918098 13.5172 397.181 -0.56312811 0.12507683 0.81684911 0
-57.916901 52.301102 380.95401 -0.87019557 0.062085889 -0.4887791 0
-57.9165 42.441898 388.09201 -0.57837576 0.36358374 0.73026592 0
-57.902699 11.202 397.548 -0.55367291 0.10153203 0.8265214 0
-57.901299 52.5956 382.07401 -0.84664941 0.43808153 0.30210823 0
-57.900299 9.8515902 397.70801 -0.5554657 0.085254714 0.82715744 0
-57.898602 15.1014 396.99701 -0.53088248 0.17157759 0.82989448 0
-57.8983 43.8643 383.41501 0.010102867 -0.34448755 -0.9387365 0
-57.8969 50.124901 383.98599 -0.55457997 0.44557002 0.70278615 0
-57.8964 45.0625 386.76801 -0.55145031 0.31657377 0.77180547 0
-57.896099 4.15242 395.95499 -0.58708441 -0.28946936 -0.75600225 0
-57.895901 44.199699 387.15201 -0.55603731 0.38313231 0.73758537 0
-57.873199 45.683601 386.439 -0.50501239 0.45219827 0.73517293 0
-57.872299 51.179401 380.99301 -0.72110355 -0.13880634 -0.67878014 0
-57.8689 3.2515299 398.27301 -0.85305047 -0.041424643 0.5201816 0
-57.8633 43.7719 387.41 -0.54977137 0.40297103 0.73168695 0
-57.860298 10.2636 397.70001 -0.55843639 0.097458206 0.82380259 0
-57.856998 2.9520199 398.26999 -0.85344225 -0.051428977 0.5186438 0
-57.852402 51.4016 383.151 -0.69875741 0.47217667 0.53738928 0
-57.844898 5.23911 398.26099 -0.57860756 0.046853844 0.81425917 0
-57.8438 48.1777 385.16501 -0.4997353 0.45654461 0.73609215 0
-57.8414 46.985199 385.71899 -0.48390284 0.38795105 0.78443104 0
-57.839901 52.145401 382.66901 -0.7271626 0.40403944 0.5549655 0
-57.8302 51.700802 380.867 -0.72352743 -0.071522474 -0.68658036 0
-57.829601 5.9521999 398.20901 -0.53769034 0.09118256 0.83819741 0
-57.821999 12.5134 397.44299 -0.51652187 0.14281721 0.84427983 0
-57.8139 3.68257 398.33499 -0.74654508 0.016519599 0.66512972 0
-57.799198 50.5662 383.75699 -0.5605582 0.47712344 0.67685133 0
-57.785702 49.901199 384.215 -0.55457997 0.44557002 0.70278615 0
-57.774101 2.9325199 396.418 -0.75411266 -0.20128423 -0.625139 0
-57.7728 4.32022 398.332 -0.63520896 -0.0063674408 0.77231407 0
-57.755901 52.448002 382.52301 -0.71428198 0.47340539 0.51544988 0
-57.751301 47.5028 385.543 -0.56609839 0.34548134 0.74844861 0
-57.748798 45.587601 382.69901 -0.18846999 -0.29056019 -0.93811184 0
-57.747799 7.3766699 394.729 -0.29691017 -0.29408026 -0.90849388 0
-57.744099 14.6127 397.20499 -0.58170199 0.10466925 0.80663937 0
-57.739399 8.4075499 398.02499 -0.50565505 0.10508082 0.85631239 0
-57.708599 11.7071 397.62799 -0.57057822 0.11227388 0.81353247 0
-57.702599 3.2512701 398.44199 -0.60152048 -0.00077185559 0.79885703 0
-57.6908 50.6492 380.98199 -0.61267561 -0.29466528 -0.73334914 0
-57.688499 2.8019099 398.44199 -0.73920029 -0.059189565 0.6708796 0
-57.685501 52.898102 382.14899 -0.82610691 0.43535495 0.35778961 0
-57.6759 9.3454504 397.923 -0.56230026 0.11008529 0.81957281 0
-57.6712 46.449799 386.11301 -0.54904413 0.38846096 0.74003285 0
-57.671001 49.599201 384.47699 -0.49328086 0.4282645 0.75714165 0
-57.6684 3.5540299 395.99399 -0.60202092 -0.32331684 -0.73009384 0
-57.6665 2.3920701 396.54599 -0.61656338 -0.30659646 -0.72515392 0
-57.6464 2.2015901 398.42899 -0.78967077 -0.099017695 0.60548794 0
-57.634602 6.8885899 398.23901 -0.50528413 0.078376882 0.85938644 0
-57.629299 51.2644 383.41501 -0.52683526 0.468146 0.70942509 0
-57.6175 52.111198 382.89401 -0.59525687 0.42886314 0.6795187 0
-57.6171 44.8857 387.04001 -0.56212789 0.35363856 0.74763095 0
-57.600899 6.4767199 398.29001 -0.50690097 0.085330755 0.85777038 0
-57.599201 4.4509001 395.677 -0.5498392 -0.22013284 -0.80574089 0
-57.5975 7.2273402 394.75101 -0.1838551 -0.18913396 -0.96458572 0
-57.595901 49.265598 381.30499 -0.43948972 -0.2937195 -0.84886843 0
-57.593601 45.285301 386.86899 -0.56594169 0.37123859 0.73613304 0
-57.580601 46.152 386.354 -0.55710185 0.4296276 0.71067411 0
-57.565899 1.4509701 396.92599 -0.79156572 -0.28360859 -0.54128546 0
-57.561001 6.8509598 394.85101 -0.36424699 -0.28492388 -0.88664681 0
-57.558701 7.24471 398.25 -0.4914045 0.077679075 0.86746043 0
-57.557499 52.447498 382.741 -0.58112079 0.47888955 0.65799958 0
-57.5574 2.7281101 396.30301 -0.5537501 -0.33175865 -0.76373887 0
-57.551498 47.814499 385.56799 -0.53869897 0.37512004 0.75437945 0
-57.549599 1.90609 396.65302 -0.75006908 -0.30259237 -0.58807677 0
-57.546501 52.751598 380.39899 -0.78607982 -0.11947221 -0.60646921 0
-57.523399 51.757599 383.17499 -0.52193666 0.46361035 0.71599412 0
-57.522499 50.501701 380.90399 -0.36562467 -0.24992572 -0.89658004 0
-57.521 5.5032802 395.23401 -0.40316051 -0.29155836 -0.86744183 0
-57.519299 3.2539599 396.01801 -0.53492641 -0.38584477 -0.75164992 0
-57.5172 3.8546901 395.78799 -0.49246654 -0.27465928 -0.82585651 0
-57.515499 51.254398 380.66 -0.5031324 -0.21820833 -0.83620745 0
-57.5112 52.2085 380.47198 -0.66851592 -0.17041288 -0.72391015 0
-57.509399 44.054199 387.53799 -0.57872522 0.39064887 0.7158705 0
-57.495499 4.6856298 398.51199 -0.55527872 0.024301529 0.8313092 0
-57.454899 49.842499 384.46799 -0.48505467 0.4733026 0.73532754 0
-57.449902 53.355099 382.082 -0.67506325 0.46846789 0.56993639 0
-57.448799 9.8419104 398.048 -0.58983862 0.084463298 0.8030917 0
-57.448399 7.0752101 394.776 0.0093575725 -0.056406826 -0.99836403 0
-57.446899 49.902199 381.06299 -0.32642651 -0.27201521 -0.90523666 0
-57.446499 5.2030001 395.31299 -0.38639119 -0.31997856 -0.86505234 0
-57.446201 47.6549 381.82901 -0.3234489 -0.29073536 -0.90047419 0
-57.441601 51.728901 380.51599 -0.59327787 -0.1506021 -0.79078466 0
-57.415001 48.705299 385.07599 -0.51293164 0.45291367 0.72922587 0
-57.409599 6.1026602 395.01999 -0.38830656 -0.26843277 -0.88156784 0
-57.404598 54.252399 381.44 -0.79692 0.44526896 0.40823293 0
-57.383301 48.6819 381.46301 -0.32099026 -0.32315147 -0.89024627 0
-57.375999 4.8614998 395.42001 -0.33096498 -0.34361508 -0.87885767 0
-57.374001 46.900101 382.10101 -0.10816388 -0.2543911 -0.9610337 0
-57.373299 46.227699 382.353 0.12904283 -0.42809314 -0.89447427 0
-57.366699 1.75475 396.56201 -0.56095994 -0.35428461 -0.74820209 0
-57.359402 7.9865198 398.28799 -0.51168925 0.08212997 0.85523605 0
-57.354 5.4730601 398.56799 -0.5348956 0.093312562 0.83974963 0
-57.339802 6.8895001 398.39401 -0.4787077 0.068352036 0.87530959 0
-57.335602 0.55293298 397.155 -0.8069647 -0.36256874 -0.46621016 0
-57.332802 2.21226 396.34698 -0.52686912 -0.30949679 -0.79159373 0
-57.319599 51.019501 383.798 -0.5078907 0.48078468 0.71476787 0
-57.3144 46.457901 386.422 -0.62055254 0.3707999 0.69095725 0
-57.302299 9.3490896 398.20599 -0.58096915 0.089303717 0.80901158 0
-57.299599 3.1751599 395.931 -0.30849236 -0.21632023 -0.92630339 0
-57.298698 48.326 381.556 -0.14202824 -0.30981544 -0.94012892 0
-57.2985 6.1387801 398.51599 -0.5260604 0.1077999 0.84358734 0
-57.297298 48.027802 381.64801 -0.033564705 -0.37176114 -0.92772144 0
-57.2939 5.0510001 398.647 -0.53924543 0.023147868 0.84183049 0
-57.293499 52.447102 382.94299 -0.55277073 0.47331691 0.68586856 0
-57.243 50.256699 380.88 -0.36562467 -0.24992572 -0.89658004 0
-57.2239 46.752602 382.151 0.21609874 -0.39237726 -0.89405894 0
-57.2173 52.154099 380.259 -0.55337614 -0.15873964 -0.81766534 0
-57.2075 3.36411 398.771 -0.5261932 0.058151588 0.84837437 0
-57.187698 54.617901 381.46701 -0.77861416 0.42540625 0.46129113 0
-57.155701 3.9646399 398.75299 -0.4948321 0.071126729 0.86607283 0
-57.150799 49.284302 384.94901 -0.49785513 0.3952902 0.77193648 0
-57.130199 7.5263801 398.465 -0.51203364 0.06790451 0.85627711 0
-57.129902 53.711601 382.16699 -0.61423975 0.45853841 0.64222431 0
-57.128101 2.3231001 398.88199 -0.5600695 -0.018807236 0.82823211 0
-57.115101 7.1331301 398.504 -0.51494944 0.097819395 0.85162103 0
-57.107899 0.851776 398.90601 -0.80828685 -0.086744986 0.5823639 0
-57.092201 47.502399 386.03101 -0.55626595 0.39404902 0.7316376 0
-57.086399 48.189899 385.67499 -0.54314035 0.4362886 0.71739167 0
-57.076 53.054001 382.694 -0.51591343 0.46410275 0.72002918 0
-57.0742 2.8006101 395.97101 -0.41222367 -0.29852447 -0.86078733 0
-57.070499 10.4696 398.25101 -0.56629866 0.093689814 0.81885779 0
-57.062801 54.101002 379.793 -0.83409214 -0.051041685 -0.54925865 0
-57.050499 49.8414 384.728 -0.51878685 0.42450216 0.7420634 0
-57.0387 2.8763499 398.88901 -0.50719768 0.04456044 0.860677 0
-57.035599 52.826199 382.88199 -0.51507324 0.46856338 0.71773809 0
-57.0331 1.20754 398.978 -0.69376332 -0.00029623107 0.72020298 0
-57.0243 54.141399 381.957 -0.59928966 0.49378753 0.63009983 0
-56.999401 53.3522 382.55499 -0.61398518 0.46624684 0.63689566 0
-56.999199 52.0382 380.186 -0.48933873 -0.25677073 -0.83343649 0
-56.998402 1.3012 396.50101 -0.48675713 -0.28958833 -0.8241396 0
-56.998299 52.376202 380.07999 -0.56937051 -0.1860227 -0.80075765 0
-56.998001 49.5644 380.996 -0.2426403 -0.33957919 -0.90874177 0
-56.9795 54.402802 379.673 -0.76098853 -0.018894719 -0.64849013 0
-56.9701 0.77531803 396.66599 -0.636455 -0.29293361 -0.71352291 0
-56.964699 0.18137001 396.89801 -0.62453151 -0.29964641 -0.72122979 0
-56.960201 -0.95078301 397.52399 -0.79347199 -0.28356269 -0.53851128 0
-56.9575 51.9221 383.46399 -0.52250201 0.42975473 0.73641193 0
-56.941101 -0.19859301 398.99701 -0.61967206 -0.044669311 0.78358865 0
-56.925098 49.302399 385.11301 -0.56039149 0.40560928 0.72210974 0
-56.923698 2.8009901 395.918 -0.26207072 -0.25836155 -0.92982161 0
-56.923199 48.181499 381.52301 -0.061617814 -0.39152735 -0.91810107 0
-56.922401 4.8281398 395.28 0.018188689 -0.068000853 -0.99751943 0
-56.920399 53.8018 379.67999 -0.68051398 -0.10274641 -0.72549564 0
-56.919399 2.5041201 396.00101 -0.37434071 -0.32712954 -0.86767232 0
-56.902401 52.589699 383.116 -0.50481057 0.44657499 0.73874015 0
-56.902199 50.602001 380.64001 -0.31309235 -0.33063707 -0.89031023 0
-56.8834 52.940102 379.858 -0.47339374 -0.25742066 -0.84239715 0
-56.8517 50.198898 380.758 -0.27064645 -0.30752447 -0.91223854 0
-56.850201 3.8515301 398.92499 -0.4948321 0.071126729 0.86607283 0
-56.847801 4.45222 395.38101 -0.15005913 -0.15654592 -0.97620469 0
-56.847698 3.5511501 398.961 -0.50505131 0.09275797 0.8580904 0
-56.847698 -1.54471 397.71899 -0.81698114 -0.46325147 -0.34342375 0
-56.847099 51.102699 380.42401 -0.3234975 -0.33728316 -0.88407546 0
-56.8461 51.478199 380.289 -0.38852859 -0.26986438 -0.88103276 0
-56.843899 54.416698 381.91599 -0.60258728 0.44682884 0.66123563 0
-56.8438 53.3535 379.733 -0.50008273 -0.21569403 -0.83868545 0
-56.830399 8.5763702 398.57501 -0.54540676 0.067564726 0.83544391 0
-56.827202 4.2451401 398.91699 -0.48974067 0.033008818 0.87124306 0
-56.826801 50.315701 384.57599 -0.51147258 0.4821156 0.7113089 0
-56.821301 51.074699 384.099 -0.53184718 0.44476098 0.72064292 0
-56.808998 1.80883 396.18701 -0.45042789 -0.28167644 -0.84721494 0
-56.787601 4.8824401 398.94299 -0.50263906 0.015301116 0.86436099 0
-56.777302 5.8769898 398.87701 -0.5314284 0.10139915 0.84101254 0
-56.7616 -0.49996901 397.022 -0.61520118 -0.34284839 -0.70991725 0
-56.751202 48.661098 385.61499 -0.55683064 0.43269596 0.70902312 0
-56.733501 9.7946501 398.55801 -0.55530602 0.081915744 0.82760197 0
-56.711102 55.1506 381.54001 -0.59696352 0.49222961 0.63351762 0
-56.702499 8.0704203 398.69101 -0.54465294 0.065039583 0.83613575 0
-56.700001 0.70048499 396.522 -0.47783205 -0.28198075 -0.8319636 0
-56.699001 3.0631299 395.785 -0.29350942 -0.27354059 -0.91598457 0
-56.698601 4.2647099 395.40799 0.22138651 -0.14409971 -0.96448082 0
-56.684399 53.6311 382.617 -0.53337216 0.49638015 0.68492401 0
-56.6595 6.7572398 398.84799 -0.54558033 0.09233439 0.83295649 0
-56.658298 55.8974 381.04001 -0.62367994 0.41533154 0.6622107 0
-56.621899 3.62974 395.569 -0.21815553 -0.30636641 -0.92657852 0
-56.618301 55.077301 379.18799 -0.77068973 -0.16088179 -0.6165666 0
-56.607101 -0.83226401 397.034 -0.64324379 -0.28456074 -0.71081829 0
-56.606899 56.795898 380.27301 -0.78673416 0.51102996 0.34626248 0
-56.587399 54.646599 381.952 -0.50444889 0.46823308 0.72545785 0
-56.585201 0.34538701 396.55399 -0.5503087 -0.30068251 -0.77894181 0
-56.5732 56.210899 379.134 -0.87975663 0.021052865 -0.47495794 0
-56.5527 2.5386901 399.18201 -0.5122689 0.018812563 0.85861903 0
-56.552299 50.803101 384.444 -0.56309301 0.45713475 0.68844318 0
-56.551498 57.0219 380.125 -0.76881421 0.5522899 0.32233617 0
-56.5467 2.0527101 395.99701 -0.27921209 -0.2520462 -0.92655993 0
-56.5466 4.4138298 399.056 -0.53094709 0.028125443 0.84693807 0
-56.5429 3.71872 399.12399 -0.51720065 0.086611606 0.85147047 0
-56.5313 55.525902 379.052 -0.6922797 -0.17301679 -0.70058119 0
-56.527599 49.843601 385.11801 -0.5581302 0.42408612 0.71319115 0
-56.5149 54.2533 382.271 -0.52750856 0.49864152 0.68781638 0
-56.505402 56.1973 380.952 -0.50076228 0.50570887 0.70249248 0
-56.502499 3.2597699 399.211 -0.53031003 0.048303239 0.84642667 0
-56.491299 1.62927 399.289 -0.51298892 0.067441642 0.8557418 0
-56.4902 -0.47981599 399.33301 -0.60181367 -0.0093839113 0.79858136 0
-56.488499 56.425301 380.784 -0.50076228 0.50570887 0.70249248 0
-56.481201 -1.84843 399.229 -0.72623587 -0.065750994 0.68429399 0
-56.4786 50.402901 384.797 -0.56822777 0.45900869 0.6829555 0
-56.441002 -2.3889201 397.793 -0.87851095 -0.27507028 -0.39058265 0
-56.437599 2.10783 399.26599 -0.48122084 0.068680771 0.87390471 0
-56.434601 0.60755199 399.39999 -0.54480124 0.055135831 0.83675063 0
-56.433601 -2.4484 399.17599 -0.81226861 -0.15133716 0.56330872 0
-56.433201 -0.89224601 399.36801 -0.62489164 -0.048710179 0.77919048 0
-56.430901 55.455799 381.52899 -0.60773891 0.46403566 0.64445662 0
-56.428398 -1.49227 399.32001 -0.68368733 -0.078941129 0.72549289 0
-56.402302 0.110519 399.39899 -0.54809713 -0.008359001 0.83637291 0
-56.3992 1.41335 396.11899 -0.42452216 -0.28704271 -0.85871267 0
-56.398102 51.926498 379.99301 -0.20148456 -0.34226042 -0.91774821 0
-56.397701 2.42716 395.88599 -0.21862949 -0.20949845 -0.95305377 0
-56.396702 -2.74911 398.08899 -0.87533498 -0.3015137 -0.37799233 0
-56.3951 0.028381299 396.53601 -0.40794408 -0.21376517 -0.88762945 0
-56.382702 55.678001 378.89499 -0.57072008 -0.070752323 -0.81809092 0
-56.382401 56.538799 378.853 -0.76702648 -0.037472744 -0.64052027 0
-56.359901 54.233002 379.272 -0.46726227 -0.32424462 -0.82251531 0
-56.351799 56.652 380.724 -0.55749869 0.56808287 0.6053735 0
-56.330101 53.104198 383.18799 -0.50909483 0.45721307 0.72923154 0
-56.324799 3.6291699 395.57101 0.14195456 -0.21660995 -0.96588254 0
-56.322498 54.551701 379.16501 -0.4074572 -0.25706422 -0.87629712 0
-56.321999 56.351601 378.78 -0.75124925 -0.040921628 -0.65874881 0
-56.314201 -1.5891401 397.10901 -0.62588048 -0.27171993 -0.73105532 0
-56.313 57.402901 378.50699 -0.94311297 -0.16257821 -0.29001078 0
-56.287102 52.600399 379.745 -0.32106477 -0.27311543 -0.90682155 0
-56.282299 52.111 383.85199 -0.5481357 0.44314352 0.70934552 0
-56.270802 56.134602 381.15601 -0.50076228 0.50570887 0.70249248 0
-56.2672 1.77016 395.99899 -0.17209531 -0.22288343 -0.95953435 0
-56.249699 1.78904 399.40302 -0.49501806 0.071569093 0.86593014 0
-56.2477 2.12765 395.92599 -0.16949254 -0.29389793 -0.94068927 0
-56.242199 -1.02018 396.83701 -0.46775559 -0.28520489 -0.83657807 0
-56.216 0.77680999 399.51501 -0.51512998 0.043846589 0.85598981 0
-56.211399 -2.74734 397.67899 -0.75111258 -0.38370588 -0.53721476 0
-56.211201 55.282902 381.81799 -0.50750291 0.4613803 0.7277149 0
-56.2085 0.96632802 396.19101 -0.30182832 -0.33242434 -0.89352882 0
-56.206299 5.7818899 399.24799 -0.53583407 0.077117361 0.84079415 0
-56.193501 -1.99509 397.16901 -0.69694942 -0.39492682 -0.5985769 0
-56.192699 53.942402 382.746 -0.49326572 0.51680911 0.69971228 0
-56.172401 -0.34805301 396.55099 -0.43538332 -0.32554504 -0.83932221 0
-56.171902 -2.29842 399.51199 -0.67634821 -0.045405548 0.73518127 0
-56.1548 53.632599 382.98499 -0.50676894 0.48610121 0.71196264 0
-56.120201 -1.65197 399.55899 -0.63503945 -0.028544579 0.77195215 0
-56.117401 51.215302 380.216 -0.099657543 -0.34197226 -0.93441069 0
-56.1087 -2.2922499 397.23401 -0.64140522 -0.41265821 -0.64677089 0
-56.1045 0.36439499 399.603 -0.49667647 0.029411569 0.8674373 0
-56.100201 56.800701 378.50699 -0.60301089 -0.19188115 -0.77431226 0
-56.0998 -1.09884 399.59799 -0.58418012 -0.036088068 0.81082135 0
-56.099201 56.5023 381.005 -0.48398632 0.52182472 0.70246434 0
-56.098202 2.05128 399.47501 -0.52735513 0.053418625 0.84796405 0
-56.0928 -2.97212 399.52701 -0.69613326 -0.096155524 0.71144402 0
-56.0709 -3.0501699 397.67499 -0.75236797 -0.35384282 -0.55564171 0
-56.060699 53.6889 379.33701 -0.30984145 -0.29130307 -0.90506399 0
-56.051201 2.8670001 399.50601 -0.52914697 0.016043076 0.84837848 0
-56.020302 56.352001 378.50299 -0.58262521 -0.22768366 -0.78019744 0
-56.019901 -0.17998099 399.65302 -0.53942871 -0.0033257655 0.84202468 0
-56.019699 57.3979 380.388 -0.61969239 0.52795196 0.58073062 0
-55.983799 -2.5048299 399.64999 -0.58329135 -0.043671995 0.81108814 0
-55.966 53.239799 379.44699 -0.28072903 -0.29036754 -0.9148103 0
-55.965698 4.2824898 399.46701 -0.56143087 0.023518303 0.82718939 0
-55.9533 54.742802 382.315 -0.50572574 0.47644311 0.71919638 0
-55.945 3.9262099 399.49701 -0.55173564 0.056235727 0.83212095 0
-55.916698 54.240101 382.69901 -0.51423931 0.51053172 0.68914098 0
-55.9123 54.920799 378.88 -0.369461 -0.28327197 -0.88501728 0
-55.890598 57.020401 380.759 -0.50640476 0.51858789 0.68892735 0
-55.876499 1.2266901 399.673 -0.49722591 0.072737284 0.86456674 0
-55.873699 53.951 379.177 -0.32679033 -0.32269594 -0.88829917 0
-55.870998 -3.3481901 399.67599 -0.61979544 -0.11168943 0.77677476 0
-55.867901 -2.4454401 397.103 -0.64140522 -0.41265821 -0.64677089 0
-55.8358 -0.96749502 399.77499 -0.53315359 0.032248538 0.84540361 0
-55.8353 57.852798 380.16101 -0.61186123 0.56580925 0.55270767 0
-55.817101 -3.94838 399.62601 -0.67684489 -0.15791866 0.71898729 0
-55.816601 -1.99871 399.77802 -0.57939953 -0.016233003 0.81488204 0
-55.805199 3.28971 399.62701 -0.52458662 0.037428975 0.85053396 0
-55.798401 0.36459401 396.29901 -0.28022084 -0.24950637 -0.92694277 0
-55.798302 -0.423801 396.466 -0.1197895 -0.21945833 -0.9682399 0
-55.798 0.62716699 396.23801 -0.15216228 -0.1745356 -0.97282267 0
-55.797401 52.828098 379.517 -0.1144802 -0.36619174 -0.92347056 0
-55.795502 57.851799 378.04901 -0.6206544 -0.16680506 -0.76613587 0
-55.782299 -4.0598602 397.84399 -0.75217396 -0.28206626 -0.59554428 0
-55.753502 -2.7495201 397.18799 -0.63681138 -0.40464547 -0.65630275 0
-55.744999 55.2672 382.14499 -0.50351804 0.46812832 0.72617179 0
-55.725201 -0.65061599 396.51999 -0.18221365 -0.2065416 -0.96132135 0
-55.720699 58.1343 380.01501 -0.64881516 0.54063821 0.53548968 0
-55.717899 -2.3694999 396.96799 -0.43638191 -0.26233068 -0.86067033 0
-55.708 58.1506 377.939 -0.74185437 0.26121789 -0.61758989 0
-55.7038 54.626801 378.866 -0.31631801 -0.30255824 -0.89911145 0
-55.697399 56.147301 381.55499 -0.5072242 0.49711105 0.70399159 0
-55.659599 55.881001 378.478 -0.39119416 -0.27812788 -0.87727535 0
-55.647999 53.951698 379.10901 -0.20240337 -0.37589332 -0.90428817 0
-55.6478 53.652 379.224 -0.12832198 -0.37039894 -0.91996634 0
-55.641602 58.3764 377.87 -0.74185437 0.26121789 -0.61758989 0
-55.615002 2.3324001 399.78201 -0.52356017 0.011360466 0.85191298 0
-55.611301 -1.60524 396.711 -0.39454454 -0.22223547 -0.89159745 0
-55.609901 56.707802 378.18701 -0.44817793 -0.24673799 -0.85921878 0
-55.598999 57.388302 378.01099 -0.48461109 -0.20813389 -0.84960717 0
-55.588501 -5.2218599 398.354 -0.83735508 -0.37776622 -0.3951318 0
-55.576099 -3.5135801 397.405 -0.59307414 -0.2928153 -0.75001484 0
-55.571899 52.895302 383.91 -0.55657637 0.47243634 0.68339348 0
-55.5714 -0.40501401 399.914 -0.49485803 0.01228033 0.86888707 0
-55.5704 -2.60339 399.92899 -0.54565245 -0.016960364 0.8378399 0
-55.564201 -4.7545099 398.01501 -0.72790694 -0.35428047 -0.58705777 0
-55.5448 54.345798 378.91599 -0.19823588 -0.37619579 -0.90508521 0
-55.531898 -1.8860199 399.979 -0.51914275 -0.01466641 0.85456169 0
-55.512699 -3.9087901 397.53601 -0.58299911 -0.33235565 -0.74138504 0
-55.499001 55.226002 378.61099 -0.28326547 -0.38272744 -0.8793636 0
-55.472698 -1.4740601 400.01901 -0.49034634 0.031055696 0.87097418 0
-55.467701 57.575901 380.67401 -0.52895826 0.49495259 0.68936568 0
-55.465698 54.893002 382.57901 -0.52250135 0.4862237 0.70041335 0
-55.4631 59.1245 379.46201 -0.67268443 0.35829327 0.64739597 0
-55.4618 -5.5946598 398.39401 -0.86058116 -0.31651431 -0.39902222 0
-55.433601 -3.23631 400.005 -0.59470642 -0.032037072 0.80330437 0
-55.423801 -3.79863 399.98999 -0.63868839 -0.053418081 0.76760906 0
-55.420502 -1.32054 396.56799 -0.023358256 -0.18485457 -0.98248827 0
-55.417999 57.959 380.448 -0.57060856 0.48634773 0.66171879 0
-55.4179 57.057999 381.09299 -0.53729057 0.51139444 0.67066729 0
-55.361698 53.908001 383.367 -0.52646458 0.50120622 0.68675131 0
-55.360001 -4.56884 397.67999 -0.64676619 -0.32655048 -0.68924475 0
-55.348099 55.0756 378.586 -0.231086 -0.33871043 -0.91207153 0
-55.345901 59.5345 379.24899 -0.62835711 0.4958871 0.5993858 0
-55.345501 57.477699 377.841 -0.4986977 -0.20291899 -0.84268886 0
-55.3414 -4.32301 400.03699 -0.69512784 -0.088372476 0.71343368 0
-55.3409 58.331902 380.23001 -0.52363187 0.58619249 0.61821365 0
-55.286098 60.175701 377.354 -0.87347889 0.074943952 -0.48105925 0
-55.277 59.351101 377.396 -0.84206092 -0.1345554 -0.52232969 0
-55.276699 -5.4486699 399.927 -0.83484739 -0.091986388 0.54274154 0
-55.275501 55.449501 378.45001 -0.26015809 -0.27583337 -0.92532897 0
-55.274899 -1.0236 400.09 -0.47661403 0.067899607 0.87648654 0
-55.271801 -3.4602001 397.15201 -0.51852268 -0.33973336 -0.78467536 0
-55.256401 -4.99824 397.78799 -0.66558367 -0.30780777 -0.67989171 0
-55.243801 60.1637 378.767 -0.78710955 0.47199705 0.39708602 0
-55.241402 60.776299 377.27701 -0.79117757 0.044532456 -0.60996306 0
-55.235802 1.7702399 400.022 -0.5325048 0.032518126 0.84580213 0
-55.204201 0.213993 400.117 -0.50254822 0.013948526 0.86443669 0
-55.2024 -5.0741501 400.064 -0.6390453 -0.090402238 0.76383799 0
-55.199902 -1.9987 400.16699 -0.50570184 -0.021692604 0.86243552 0
-55.198898 55.224998 378.50101 -0.231086 -0.33871043 -0.91207153 0
-55.1973 58.226898 377.53201 -0.56480229 -0.20376556 -0.79967368 0
-55.1917 -4.17349 400.155 -0.53318697 -0.012484975 0.8459053 0
-55.185001 58.831799 377.40601 -0.58949286 -0.16989826 -0.7897042 0
-55.1786 -1.48317 400.172 -0.47361636 0.026594916 0.88032961 0
-55.166302 -6.2003598 398.38699 -0.82007492 -0.39076 -0.41807151 0
-55.162201 59.877399 377.16501 -0.71927518 -0.076234169 -0.69052994 0
-55.160801 -2.2985699 396.755 -0.28978404 -0.12616363 -0.94874018 0
-55.160099 -4.4358101 397.47501 -0.5065068 -0.3033784 -0.80710125 0
-55.159801 54.7052 378.69199 -0.14220729 -0.38111088 -0.91352701 0
-55.155102 -5.2954798 397.84 -0.70274663 -0.35119087 -0.61871815 0
-55.151299 54.205799 378.923 -0.15258072 -0.405812 -0.90113026 0
-55.142101 57.5606 380.948 -0.5339247 0.49460748 0.68577534 0
-55.127201 -4.8492799 400.14801 -0.64301157 -0.094183326 0.7600432 0
-55.123402 -1.54834 396.586 0.086809903 -0.31696349 -0.94445658 0
-55.1231 59.201302 377.27899 -0.84206092 -0.1345554 -0.52232969 0
-55.120998 56.817799 381.53299 -0.4986724 0.47859922 0.72268158 0
-55.119701 60.475399 377.13101 -0.79117757 0.044532456 -0.60996306 0
-55.117901 -4.5479598 400.185 -0.521213 -0.065978855 0.8508724 0
-55.117401 -2.9700201 396.86499 -0.42865077 -0.27595884 -0.86029369 0
-55.106499 -6.5153198 398.54199 -0.84197009 -0.34502006 -0.41478616 0
-55.090801 -5.5602298 400.11099 -0.68446183 -0.14399217 0.71468753 0
-55.087399 57.751801 377.625 -0.42507458 -0.26576647 -0.86526287 0
-55.082699 56.054199 378.16901 -0.27206948 -0.35901824 -0.89279568 0
-55.0509 -4.06282 397.28699 -0.40665114 -0.20782781 -0.8896305 0
-55.048401 2.0513101 400.129 -0.5325048 0.032518126 0.84580213 0
-55.006199 60.097 379.11499 -0.60833436 0.56101102 0.56142312 0
-54.994598 57.071701 377.79001 -0.4053022 -0.27423841 -0.87207997 0
-54.992401 54.9254 378.591 -0.13786434 -0.28774112 -0.94773334 0
-54.987301 -5.9363298 398.00601 -0.65706021 -0.37190294 -0.65571344 0
-54.9856 -6.3487 400.099 -0.74055117 -0.076169133 0.66766924 0
-54.983501 -5.2967701 397.67899 -0.57092232 -0.33338782 -0.75026679 0
-54.981499 59.595402 379.50201 -0.58109325 0.50336456 0.63949567 0
-54.970901 -3.4958601 397.005 -0.50132287 -0.34772986 -0.79231268 0
-54.962399 55.6922 382.39801 -0.49120668 0.50002742 0.71322405 0
-54.941898 -6.64821 400.09698 -0.8512162 -0.13423865 0.50735688 0
-54.935799 58.357399 377.37 -0.42176995 -0.22064425 -0.87944657 0
-54.934502 1.15118 400.254 -0.55679601 0.028413294 0.83016318 0
-54.9235 61.370399 377.87601 -0.7410267 0.59035808 0.31993252 0
-54.898899 57.736 381.00201 -0.4751735 0.56871122 0.67139977 0
-54.8964 56.428902 377.957 -0.17129561 -0.34410018 -0.92317545 0
-54.887901 56.550098 381.83701 -0.46296003 0.49165145 0.73752755 0
-54.862202 -1.2673301 400.328 -0.46646103 0.05416505 0.88288182 0
-54.820999 -4.09692 397.181 -0.35944077 -0.25311968 -0.89818305 0
-54.7883 1.7515399 400.314 -0.55656081 0.041872017 0.82975107 0
-54.785 -0.23621701 400.35901 -0.52359527 -0.023705892 0.85163724 0
-54.7841 60.532902 376.77899 -0.64174056 -0.16820185 -0.74824941 0
-54.781502 -5.8793602 400.345 -0.57215089 -0.076911874 0.8165341 0
-54.770599 -5.5953898 397.65601 -0.56638682 -0.33848667 -0.75142044 0
-54.752899 -1.81113 400.41599 -0.51548558 0.03766435 0.8560701 0
-54.7523 60.8517 378.71301 -0.67504895 0.44927523 0.58520138 0
-54.7519 -0.9109 400.36401 -0.47633001 0.015632231 0.87912762 0
-54.750702 58.4631 380.48801 -0.45060742 0.51057464 0.73230219 0
-54.746399 -3.7987001 400.43301 -0.49154067 -0.027731663 0.87041295 0
-54.722599 -6.3860102 400.33401 -0.62241149 -0.099785879 0.77630323 0
-54.708401 -7.0986099 398.36801 -0.75519198 -0.3682873 -0.54226333 0
-54.707401 -6.9100099 400.28601 -0.7011106 -0.1281818 0.70143664 0
-54.692501 -2.7066 400.45999 -0.49808726 -0.00060871622 0.8671267 0
-54.688099 57.1908 381.56699 -0.48135531 0.50914299 0.71349174 0
-54.686199 -5.3640399 400.444 -0.5495078 -0.020572497 0.83523524 0
-54.674 -3.19876 400.474 -0.48739564 -0.013388617 0.87307858 0
-54.667099 58.7523 380.315 -0.48821956 0.50901228 0.70890629 0
-54.6544 61.001801 376.59698 -0.69707972 -0.058146361 -0.71463197 0
-54.634602 -4.28617 400.47699 -0.4629772 -0.045121815 0.88522094 0
-54.621201 59.055302 380.13599 -0.49298075 0.49241406 0.71728539 0
-54.618099 61.442699 378.32401 -0.72364026 0.50964069 0.46541503 0
-54.605701 61.188702 378.569 -0.7278766 0.51303118 0.45496663 0
-54.6049 58.197102 380.767 -0.44610184 0.57523352 0.68563807 0
-54.602299 56.379601 382.116 -0.51376629 0.50073248 0.69664276 0
-54.600601 60.155102 379.40701 -0.57052398 0.52070463 0.63511342 0
-54.599499 60.701099 376.60901 -0.63418794 -0.17396338 -0.75335413 0
-54.597801 56.4277 377.89899 -0.13725418 -0.40957338 -0.90189296 0
-54.596401 59.877201 376.77499 -0.52578378 -0.20296271 -0.82604939 0
-54.585098 61.339199 376.478 -0.72741264 0.0069683176 -0.68616492 0
-54.559799 -5.2416401 397.37701 -0.52582049 -0.24742778 -0.81381345 0
-54.529598 -7.2521901 398.26901 -0.67531115 -0.27692455 -0.68356979 0
-54.5238 57.025398 377.629 -0.11796884 -0.3909384 -0.91282558 0
-54.522099 -4.3216701 397.15601 -0.35944077 -0.25311968 -0.89818305 0
-54.521999 -5.8977399 397.61899 -0.47983387 -0.36578855 -0.79746985 0
-54.521801 -4.5469899 397.20499 -0.38008347 -0.20692554 -0.90150893 0
-54.4664 -4.0588002 397.10501 -0.08814843 0.0029106508 -0.99610311 0
-54.450401 58.491699 380.64301 -0.5120073 0.50996757 0.69121748 0
-54.442001 57.7812 377.30099 -0.3028686 -0.30237868 -0.90379077 0
-54.428001 -6.3476 397.776 -0.34357631 -0.40007639 -0.84964359 0
-54.410198 60.139 376.612 -0.4702557 -0.19232333 -0.86131954 0
-54.408901 59.480701 380.013 -0.52351326 0.47857356 0.70491219 0
-54.3741 -6.93011 398.03799 -0.45219699 -0.40649396 -0.7939021 0
-54.3736 56.352402 377.93701 0.081235737 -0.43590611 -0.89631838 0
-54.372898 57.4772 377.39801 -0.20959914 -0.39155933 -0.89596289 0
-54.370899 60.698898 379.181 -0.53533798 0.52985597 0.65777349 0
-54.337002 58.356701 377.10199 -0.27243191 -0.28599563 -0.91868782 0
-54.334499 59.361401 376.78601 -0.44644555 -0.26165497 -0.85570031 0
-54.318001 61.471199 378.58801 -0.53251177 0.5320214 0.65831941 0
-54.315201 57.549099 381.548 -0.49543345 0.5214408 0.69472671 0
-54.298 -6.57341 397.82999 -0.35401791 -0.38376546 -0.85287476 0
-54.2934 57.807201 381.34601 -0.48994133 0.55631512 0.67117137 0
-54.269402 -5.1862402 400.66299 -0.49753773 0.0094135059 0.86739129 0
-54.263401 -4.5485802 400.64001 -0.41980037 5.7128796e-06 0.90761644 0
-54.2621 61.855701 378.302 -0.59637147 0.5575155 0.57750976 0
-54.2589 -1.45513 400.71301 -0.54176372 0.0036939976 0.84052271 0
-54.239899 58.8992 380.52301 -0.51017624 0.50898635 0.69329149 0
-54.221699 62.201401 376.06601 -0.86302286 0.010465252 -0.50505644 0
-54.2155 61.453602 376.16199 -0.54858154 -0.17247832 -0.81811339 0
-54.1922 62.243198 377.97 -0.73059839 0.52991623 0.43059823 0
-54.187698 -6.70508 400.694 -0.54324549 -0.073669523 0.83633554 0
-54.152 -4.0989299 400.69501 -0.46499676 -0.022726241 0.88502067 0
-54.151798 -5.7860599 400.73999 -0.49756005 -0.0047563217 0.8674165 0
-54.150398 -1.84876 400.798 -0.53185338 -0.011783868 0.84675449 0
-54.1133 -9.1987104 400.34 -0.74239898 -0.21131358 0.63575965 0
-54.111099 -2.1486399 400.81 -0.54221362 -0.030764647 0.83967727 0
-54.1045 -8.4861403 400.53201 -0.66549033 -0.21650086 0.71431786 0
-54.074402 -8.1489 400.616 -0.58260226 -0.11545359 0.80451542 0
-54.068501 60.537102 379.51801 -0.49583313 0.51020634 0.70273679 0
-54.062 63.027199 377.32199 -0.69824016 0.51539171 0.49682197 0
-54.054401 -6.1986799 400.79401 -0.52983779 -0.046263393 0.84683621 0
-54.034901 -8.0896797 398.23099 -0.63926071 -0.27727932 -0.71726 0
-54.033401 -7.7918401 400.694 -0.50047702 -0.14512815 0.85349905 0
-54.032501 -3.5921299 400.77802 -0.47326413 -0.038546536 0.88007683 0
-54.0294 60.881599 379.28699 -0.51487404 0.54070163 0.66524166 0
-54.018101 -2.73 400.82901 -0.4939591 -0.048840843 0.86811233 0
-54.016602 62.502499 377.88599 -0.64901358 0.59159929 0.47832173 0
-53.997601 61.451599 376.03201 -0.55129606 -0.18105948 -0.81442624 0
-53.996498 59.240299 376.66599 -0.39471102 -0.23236676 -0.88893694 0
-53.996399 -5.9703598 397.42401 -0.22361098 -0.26839122 -0.93699747 0
-53.992802 -7.7704601 398.061 -0.4736281 -0.26638097 -0.83947462 0
-53.991798 -7.47224 400.776 -0.48883542 -0.094452478 0.86724776 0
-53.9566 58.513 381.02899 -0.53806192 0.52627599 0.65842456 0
-53.926399 -6.95012 397.82501 -0.3401919 -0.32297868 -0.88315016 0
-53.922699 -8.4483604 398.28601 -0.59346908 -0.42674935 -0.68240708 0
-53.921501 62.164398 375.82401 -0.52060014 -0.19866362 -0.83036637 0
-53.9104 63.398899 377.16901 -0.69103962 0.53965163 0.4808746 0
-53.901501 62.2169 378.31201 -0.55622154 0.57518256 0.59981883 0
-53.856899 62.6339 375.67499 -0.63884419 -0.0014381595 -0.76933479 0
-53.848202 58.227402 377.01801 -0.029741945 -0.36977527 -0.92864507 0
-53.846401 -6.57096 397.66101 -0.21514997 -0.20059349 -0.95575768 0
-53.830002 61.123001 376.04199 -0.48057583 -0.24383016 -0.84237385 0
-53.812698 -8.1490097 400.77499 -0.52607626 -0.1063548 0.84376085 0
-53.804901 63.3997 375.59601 -0.86429882 -0.12782653 -0.48646474 0
-53.774799 -9.9454803 398.88101 -0.78714073 -0.40168646 -0.46803573 0
-53.774601 -7.0991302 397.77499 -0.3577728 -0.19906586 -0.91234392 0
-53.7687 -8.7479 400.76199 -0.55649853 -0.08340551 0.82665163 0
-53.743198 62.8353 377.82901 -0.58727902 0.5648858 0.57966143 0
-53.732899 -8.0901604 398.03601 -0.40752742 -0.33680424 -0.84881347 0
-53.721401 61.4561 379.05099 -0.49982578 0.53729683 0.67932785 0
-53.7164 63.6992 377.15302 -0.73690289 0.42964745 0.52189773 0
-53.699299 -9.1802797 400.75101 -0.60936624 -0.11209711 0.78492481 0
-53.6991 59.6507 376.39899 -0.22109558 -0.40777001 -0.88591218 0
-53.696602 -6.4983802 400.97 -0.48206919 -0.029910307 0.87562245 0
-53.694801 -6.94873 400.95599 -0.46986413 -0.037152503 0.88195658 0
-53.694 60.253399 376.22601 -0.32126251 -0.30432776 -0.89675808 0
-53.615601 -9.2698698 398.332 -0.72031355 -0.13572587 -0.68024027 0
-53.579399 64.222801 376.82401 -0.60092628 0.5471161 0.5827105 0
-53.553501 64.370102 376.673 -0.73972493 0.62858534 0.24018237 0
-53.553398 59.1866 380.83801 -0.53035098 0.49604064 0.68751109 0
-53.5522 -8.53339 400.90701 -0.54344463 -0.050057236 0.83795118 0
-53.5462 62.555302 378.31799 -0.54136282 0.58543146 0.60348678 0
-53.542999 62.7285 375.448 -0.54742461 -0.16837956 -0.81974053 0
-53.542801 -9.9471703 400.754 -0.74600369 -0.16717316 0.64461744 0
-53.529701 60.0452 380.24799 -0.50126177 0.50291663 0.70413882 0
-53.5121 -9.5927401 400.81699 -0.53738838 -0.11293466 0.8357389 0
-53.5093 -7.6973801 397.797 -0.30817714 -0.27175763 -0.91168779 0
-53.508598 -5.4489698 401.09 -0.48766923 0.025248591 0.87266332 0
-53.487701 -10.2854 400.73001 -0.81016147 -0.25762013 0.52656454 0
-53.482201 63.408501 377.55899 -0.57388592 0.51051182 0.64033794 0
-53.480999 60.934399 379.63199 -0.49759871 0.53254855 0.68468064 0
-53.471001 63.6423 377.41501 -0.56760091 0.49369788 0.65885627 0
-53.4697 60.029301 376.16699 -0.32126251 -0.30432776 -0.89675808 0
-53.468201 -9.6457005 398.39001 -0.62225956 -0.36508021 -0.6924662 0
-53.4538 62.256599 378.62299 -0.49347243 0.50911689 0.70518434 0
-53.448101 -10.4739 398.87701 -0.80543852 -0.40358621 -0.43403566 0
-53.4426 -4.5907698 401.10699 -0.5380047 -0.0077742985 0.842906 0
-53.440701 -4.0050001 401.121 -0.53877515 -0.033744119 0.84177351 0
-53.440601 -7.9620199 401.01199 -0.50887513 -0.076595977 0.85742593 0
-53.438301 -5.1484799 401.108 -0.48427609 0.025870049 0.8745327 0
-53.410301 -10.8475 400.52499 -0.77908492 -0.32561255 0.53572673 0
-53.401402 -7.5866499 401.078 -0.45827651 -0.046477955 0.88759363 0
-53.3983 60.851398 375.90601 -0.35030493 -0.32097822 -0.87992013 0
-53.398201 59.652199 376.315 -0.094030179 -0.50254142 -0.85942447 0
-53.396 63.008499 375.28601 -0.54087394 -0.05069755 -0.83957434 0
-53.389801 -10.7003 400.67999 -0.77908492 -0.32561255 0.53572673 0
-53.386101 -10.6278 398.948 -0.76328349 -0.35936949 -0.53689092 0
-53.3536 -9.99438 398.492 -0.53277081 -0.44498584 -0.71982139 0
-53.3288 62.113499 375.521 -0.44134831 -0.2524707 -0.86108667 0
-53.323101 -6.4994102 397.58899 -0.10104123 -0.024938112 -0.99456966 0
-53.320499 60.0317 376.129 -0.12047563 -0.22986718 -0.96573633 0
-53.320202 -10.9229 400.67499 -0.84062552 -0.17300507 0.5132426 0
-53.319599 -9.3463202 398.17801 -0.38843134 -0.27398133 -0.87980413 0
-53.318901 -9.6453104 398.29001 -0.45256338 -0.3618131 -0.8150323 0
-53.285702 -7.66119 397.73401 -0.055747256 -0.19625211 -0.97896749 0
-53.2827 63.167198 377.96399 -0.55656886 0.55724996 0.61620092 0
-53.264599 -5.69245 401.23801 -0.50138551 -0.017894788 0.86503893 0
-53.251499 61.599701 375.625 -0.35668901 -0.24649315 -0.90111822 0
-53.249699 -8.8243599 398.07901 -0.33371258 -0.20870481 -0.91928136 0
-53.248501 62.501202 375.36499 -0.45661581 -0.26229492 -0.85011965 0
-53.247799 -7.0227499 397.63501 -0.2632792 -0.12573045 -0.95649147 0
-53.2472 59.880901 376.19101 -0.043583896 -0.4563947 -0.88870937 0
-53.174301 -8.2996101 397.88901 -0.25989175 -0.27569991 -0.92544359 0
-53.1707 64.151398 374.901 -0.63868213 -0.0085045313 -0.76942366 0
-53.1563 64.093399 377.31 -0.51506704 0.55320817 0.65472639 0
-53.145401 -9.0650301 401.11801 -0.53127712 -0.10906444 0.84014857 0
-53.132301 64.749702 376.74899 -0.60600197 0.64134926 0.47056645 0
-53.120701 65.349503 376.07599 -0.822483 0.47386742 0.31459713 0
-53.101501 -8.1911497 401.20901 -0.52821076 -0.030105494 0.84857947 0
-53.0956 -11.1405 398.88901 -0.69356352 -0.37349015 -0.6160152 0
-53.081699 63.609001 377.742 -0.51597935 0.54351962 0.66208136 0
-53.075901 -10.6227 400.99799 -0.58986706 -0.21437214 0.77852517 0
-53.019699 61.4533 375.543 -0.35668901 -0.24649315 -0.90111822 0
-53.0173 62.719002 378.59201 -0.45607218 0.5435102 0.70469481 0
-53.017101 -7.4737301 401.26901 -0.48565495 -0.0076591815 0.87411708 0
-52.9832 -9.7796202 401.134 -0.5273127 -0.074508294 0.84639817 0
-52.948101 -7.8492599 397.74701 -0.012836951 -0.17424884 -0.98461795 0
-52.948101 -6.0486798 401.37 -0.50282288 -0.07751812 0.86090654 0
-52.920399 -11.4431 398.87 -0.74576235 -0.39678061 -0.53516692 0
-52.917099 62.166901 379.04001 -0.46336105 0.54027355 0.70242512 0
-52.909901 -5.4955201 401.42401 -0.49164146 -0.030263023 0.87027168 0
-52.876701 -11.2993 401.026 -0.62248743 -0.17202611 0.76348966 0
-52.8717 61.153301 375.57001 -0.39127493 -0.36870381 -0.84318531 0
-52.870201 62.647301 378.716 -0.4365786 0.53685206 0.7219342 0
-52.868999 -8.59828 401.35901 -0.50857508 -0.029746346 0.86050367 0
-52.859501 65.721397 376.06799 -0.71001869 0.56297076 0.4230099 0
-52.854698 -11.5228 401.009 -0.63690418 -0.21022353 0.74172717 0
-52.819599 65.079002 376.71201 -0.49351981 0.55677587 0.6681608 0
-52.807598 -12.2715 400.823 -0.87109202 -0.01219777 0.49096829 0
-52.803699 64.577797 377.151 -0.48153767 0.56781471 0.66761363 0
-52.802299 -6.6118598 401.388 -0.55605811 -0.08818531 0.8264519 0
-52.798801 -10.099 398.237 -0.32444966 -0.27273312 -0.90573126 0
-52.795898 62.427799 375.16501 -0.38747379 -0.26043212 -0.8843298 0
-52.795601 -10.734 398.483 -0.41170138 -0.35298854 -0.8401792 0
-52.772999 61.638599 379.612 -0.50304735 0.55122113 0.66565657 0
-52.759499 -10.1548 401.24301 -0.47940204 -0.072017215 0.87463546 0
-52.7439 -11.7471 398.888 -0.57968122 -0.37760499 -0.72206938 0
-52.734501 64.181602 377.522 -0.46644923 0.55680925 0.68730533 0
-52.7248 -6.94876 401.41299 -0.52723938 -0.013246312 0.84961355 0
-52.7234 62.0513 375.24301 -0.30371535 -0.3021479 -0.90358377 0
-52.7229 61.452202 375.42099 -0.35745877 -0.29482993 -0.88617074 0
-52.721699 63.674301 374.78799 -0.50267357 -0.26584315 -0.82258534 0
-52.720901 -9.57335 401.30099 -0.4718549 -0.052858539 0.8800903 0
-52.719299 64.2099 374.62601 -0.48141998 -0.22621422 -0.84679508 0
-52.680302 -12.4566 399.258 -0.67724496 -0.41715655 -0.60606909 0
-52.648102 -8.97299 397.95999 -0.02109055 -0.15779072 -0.98724735 0
-52.6479 61.153599 375.54999 0.064863741 -0.39884028 -0.91472352 0
-52.647499 65.425598 376.552 -0.60628277 0.53326297 0.58995914 0
-52.644699 -11.296 398.63 -0.46723828 -0.27782491 -0.83934599 0
-52.636002 65.9506 376.07501 -0.67667675 0.57343596 0.46182221 0
-52.610901 62.621101 378.86899 -0.46206596 0.54692388 0.69811839 0
-52.609798 62.773899 374.97601 -0.37031135 -0.27999213 -0.88570529 0
-52.571301 -10.6779 398.362 -0.31239894 -0.32203954 -0.89369875 0
-52.5686 65.351997 374.276 -0.72763616 -0.012114243 -0.68585628 0
-52.542999 63.151402 378.51501 -0.40512618 0.56397152 0.71958941 0
-52.536499 63.1572 374.841 -0.39175269 -0.25136796 -0.88506722 0
-52.498402 -9.5358601 398.03299 -0.035114888 -0.14986587 -0.98808259 0
-52.4977 -8.7485704 401.56 -0.43412024 -0.090927161 0.89625436 0
-52.494999 -10.211 401.38501 -0.46125877 -0.041391555 0.88629967 0
-52.4837 62.176601 379.353 -0.49351844 0.57169104 0.65544558 0
-52.4748 -6.5448599 401.61801 -0.54367661 -0.041502129 0.83826804 0
-52.452301 64.793602 377.21301 -0.47274759 0.56245399 0.67834741 0
-52.449402 65.314102 376.79001 -0.47480541 0.55985206 0.67906219 0
-52.442299 63.673401 378.13199 -0.47057563 0.56371236 0.67881292 0
-52.421001 -12.3482 401.237 -0.72719014 -0.15633392 0.66839677 0
-52.409 66.255898 375.98801 -0.58853656 0.61359918 0.52642256 0
-52.401299 -11.8795 401.293 -0.64606696 -0.10035376 0.75665486 0
-52.356499 66.6101 375.625 -0.6508714 0.57702857 0.49336037 0
-52.348301 -10.9236 398.379 -0.32222375 -0.31902534 -0.89128822 0
-52.32 -11.3362 401.38 -0.51958114 -0.073808111 0.85122722 0
-52.316299 64.447899 374.35199 -0.47545785 -0.20205478 -0.8562206 0
-52.315399 -7.21525 401.67099 -0.54448116 -0.086711101 0.834279 0
-52.275902 -12.3502 398.84399 -0.5228802 -0.33275783 -0.78477293 0
-52.274101 66.925301 375.327 -0.72511709 0.59359413 0.34907192 0
-52.272499 -12.6484 401.30499 -0.66355443 -0.21996592 0.71505982 0
-52.272202 62.353298 374.97699 -0.262274 -0.38158688 -0.88634294 0
-52.271099 -8.31285 401.64499 -0.4084866 -0.060001679 0.91079003 0
-52.240398 -9.7057304 401.52701 -0.45774093 -0.05943564 0.88709676 0
-52.235199 -9.32973 401.57999 -0.44567204 -0.14555348 0.88328397 0
-52.2285 -13.5481 399.478 -0.77035326 -0.39895198 -0.49738631 0
-52.223499 -13.3983 401.12701 -0.74687225 -0.22409144 0.62607098 0
-52.202099 67.222099 375.026 -0.83910155 0.41499373 0.35169423 0
-52.198898 -11.1116 398.38599 -0.32222375 -0.31902534 -0.89128822 0
-52.198502 62.576199 374.87601 -0.37031135 -0.27999213 -0.88570529 0
-52.197601 -10.7728 398.29401 -0.27582642 -0.22119257 -0.93541092 0
-52.196701 -12.6103 398.88101 -0.55819154 -0.33379599 -0.75960678 0
-52.195599 65.989601 373.88901 -0.65436321 -0.16262563 -0.73848611 0
-52.1954 63.066299 374.70499 -0.36465114 -0.2773805 -0.88886982 0
-52.194698 -13.3996 399.32599 -0.72702986 -0.35038656 -0.59047174 0
-52.168598 66.0802 376.36801 -0.51230037 0.55875349 0.65218318 0
-52.133999 62.6026 379.25601 -0.48659319 0.54554772 0.68235236 0
-52.126801 -13.1729 399.103 -0.72691739 -0.34977075 -0.59097505 0
-52.1199 66.252403 373.76901 -0.69491833 -0.24349418 -0.6766085 0
-52.1143 -12.9462 401.36801 -0.5566504 -0.1776576 0.81152827 0
-52.088001 -10.6609 401.56699 -0.46779323 -0.077755257 0.88041103 0
-52.063202 67.668701 374.87299 -0.74418825 0.43408456 0.5076952 0
-52.052399 63.980202 374.353 -0.35880682 -0.32513583 -0.87495393 0
-52.048302 -12.4236 398.73999 -0.42977625 -0.26457861 -0.86330211 0
-52.0415 63.826099 378.27399 -0.47729281 0.56915241 0.66952008 0
-52.020199 65.666496 376.79199 -0.4609704 0.56067252 0.68786085 0
-52.0093 66.545998 376.08499 -0.49719423 0.62084532 0.60609323 0
-51.9772 -13.3999 401.37201 -0.5566504 -0.1776576 0.81152827 0
-51.9716 64.508301 374.146 -0.45836914 -0.25194731 -0.85230291 0
-51.926601 65.248001 373.90701 -0.48405161 -0.22614716 -0.84531146 0
-51.898399 67.185898 375.55801 -0.68373859 0.62337452 0.37934917 0
-51.8974 -11.9729 398.51801 -0.3898401 -0.31340307 -0.86591178 0
-51.875301 65.188698 377.284 -0.47583991 0.55549622 0.68190932 0
-51.8671 -13.3596 398.939 -0.62392002 -0.30603462 -0.71907347 0
-51.834 -11.747 398.384 -0.19272593 -0.28352413 -0.93939918 0
-51.776001 -14.4844 399.509 -0.76493555 -0.39305353 -0.51027691 0
-51.749901 -9.61133 401.802 -0.4917756 -0.051271904 0.86921114 0
-51.749001 -13.249 401.543 -0.57752311 -0.1070592 0.80932403 0
-51.746399 -8.5235901 401.86401 -0.48009604 -0.056185696 0.87541473 0
-51.742298 67.822998 375.07501 -0.55943114 0.58272862 0.58946091 0
-51.735699 68.0252 374.867 -0.55943114 0.58272862 0.58946091 0
-51.729698 -12.48 401.62799 -0.47492185 -0.061799202 0.87785536 0
-51.679501 -14.5223 401.31601 -0.75903255 -0.22057056 0.61255056 0
-51.676601 -14.2996 401.388 -0.7377246 -0.095442817 0.66832113 0
-51.673801 -11.9925 401.69 -0.46395037 -0.043435548 0.88479567 0
-51.672199 67.621498 375.32599 -0.50087702 0.60267162 0.62121582 0
-51.672001 66.737099 376.14301 -0.45230454 0.59331256 0.66588348 0
-51.669601 -9.3108301 401.866 -0.46690422 -0.10998574 0.87744147 0
-51.641499 64.662598 377.875 -0.49439609 0.55696326 0.66735631 0
-51.635101 65.801697 373.60599 -0.48256651 -0.20804811 -0.85079116 0
-51.634499 -12.8922 401.651 -0.45684505 -0.11050963 0.8826552 0
-51.629501 -15.1997 400.978 -0.86140859 -0.33164874 0.38468733 0
-51.597801 -12.8733 398.63901 -0.37448341 -0.26927787 -0.887272 0
-51.596001 -11.893 398.39001 -0.16511162 -0.31279469 -0.93535966 0
-51.5755 -14.8645 399.547 -0.80103928 -0.39401305 -0.45065489 0
-51.5616 68.053596 374.98401 -0.49274242 0.62016195 0.61041301 0
-51.544201 -14.7467 401.37399 -0.58648235 -0.19349685 0.78650969 0
-51.532799 -15.5348 400.75101 -0.9395318 -0.31647393 0.13085964 0
-51.529598 67.6007 373.12701 -0.81134421 -0.096535966 -0.57654262 0
-51.526402 67.515503 375.54099 -0.48535278 0.59697896 0.63878697 0
-51.523499 -15.5716 400.15302 -0.88884741 -0.45563394 -0.048456568 0
-51.5229 -13.6984 398.86899 -0.32811716 -0.30256948 -0.89486915 0
-51.522598 64.452202 373.91501 -0.31575766 -0.35542455 -0.87975591 0
-51.522301 -12.498 398.53299 -0.21327834 -0.2046416 -0.95531887 0
-51.5201 -15.047 401.30099 -0.73551786 -0.40889221 0.54020423 0
-51.505299 68.200104 373.091 -0.83333921 0.091046736 -0.54521215 0
-51.491798 -11.0374 401.83301 -0.47543842 -0.089234792 0.87521166 0
-51.4893 -14.3149 399.14499 -0.48770022 -0.4372544 -0.75561702 0
-51.4491 64.975998 373.746 -0.35212079 -0.26868933 -0.8965584 0
-51.445599 -13.9593 398.94101 -0.31035382 -0.31216902 -0.89790368 0
-51.409698 67.873901 375.29001 -0.49748206 0.61043841 0.61634123 0
-51.404099 66.108902 376.82999 -0.43237755 0.57030511 0.69842803 0
-51.394299 66.572998 376.44299 -0.42866781 0.57756203 0.69474173 0
-51.377399 66.436798 373.30499 -0.45530766 -0.22408834 -0.8616724 0
-51.377201 64.673401 373.78799 -0.35212079 -0.26868933 -0.8965584 0
-51.373402 65.951302 373.431 -0.44398731 -0.24138427 -0.86290723 0
-51.3699 67.021797 373.14999 -0.50057244 -0.20870388 -0.84016067 0
-51.367199 -15.9472 400.75201 -0.90370357 -0.37604222 0.20472459 0
-51.277699 68.830399 374.35199 -0.76641643 0.5585078 0.31729305 0
-51.2616 -10.7083 402 -0.47630405 -0.10229274 0.87331015 0
-51.250801 -15.3639 399.50101 -0.72168392 -0.42008916 -0.55017942 0
-51.244999 67.420197 375.82999 -0.45725536 0.5980711 0.65820092 0
-51.241402 -12.2361 401.88101 -0.43493828 -0.067954376 0.89789248 0
-51.204399 67.113503 376.117 -0.4344309 0.57211912 0.69566482 0
-51.163601 69.464104 373.67499 -0.8756451 0.31432021 0.36667213 0
-51.161201 -15.9496 401.27899 -0.88821399 -0.27210951 0.37017876 0
-51.149101 -13.9896 401.772 -0.51373464 -0.11424039 0.85030925 0
-51.148701 68.455399 374.905 -0.51253003 0.6387825 0.57382041 0
-51.146099 -14.5982 401.68799 -0.54725134 -0.13479324 0.82604283 0
-51.143799 -15.0473 401.60599 -0.5863862 -0.19293642 0.78671896 0
-51.1437 -10.0605 402.14301 -0.53072345 -0.079206303 0.84383589 0
-51.134399 -16.4356 400.75201 -0.89962864 -0.43362683 -0.051342923 0
-51.132099 -11.299 402.004 -0.49747995 -0.085878305 0.86321414 0
-51.131001 -11.8144 401.96799 -0.46635938 -0.07783258 0.88116455 0
-51.1301 -16.171801 400.00299 -0.78590006 -0.40434825 -0.4678286 0
-51.086102 -15.6496 401.48199 -0.59787452 -0.23291279 0.76700562 0
-51.072102 -14.4476 398.97699 -0.39892834 -0.35327286 -0.84620005 0
-51.071201 -13.3983 401.89099 -0.42009568 -0.074071221 0.90445179 0
-51.066101 -16.398199 400.15201 -0.88653439 -0.42646632 -0.17939705 0
-51.063599 -15.6434 399.466 -0.74544883 -0.37670168 -0.54991078 0
-51.051998 69.621101 373.60001 -0.8756451 0.31432021 0.36667213 0
-51.0373 69.132896 374.271 -0.59028643 0.61300105 0.5251587 0
-51.025101 -12.8079 401.94299 -0.42039233 -0.060693655 0.90531021 0
-51.004398 -16.617901 401.12201 -0.89025754 -0.39454535 0.22754228 0
-50.9981 -13.1729 398.548 -0.097051077 -0.25027159 -0.96329916 0
-50.997501 68.463898 372.573 -0.61662829 0.10281195 -0.78051215 0
-50.996899 -14.2221 398.86801 -0.34351304 -0.27675259 -0.89744461 0
-50.996601 67.564796 372.80099 -0.55791754 -0.18895499 -0.80809903 0
-50.995098 68.202202 372.61499 -0.56589603 -0.20165373 -0.79943573 0
-50.984001 -16.2752 401.366 -0.76617873 -0.3608216 0.53176862 0
-50.9674 -16.772301 400.60199 -0.90954161 -0.41094103 -0.062141269 0
-50.934502 65.484703 377.70999 -0.49569753 0.56748629 0.65745211 0
-50.920799 65.653801 373.289 -0.2843076 -0.37207687 -0.88358814 0
-50.9072 -16.0385 399.552 -0.62272447 -0.51012278 -0.59328657 0
-50.903801 69.400902 372.47699 -0.75945604 0.030731943 -0.64983231 0
-50.889999 -10.9697 402.189 -0.49747995 -0.085878305 0.86321414 0
-50.872101 -16.8097 400.15302 -0.8705712 -0.45271766 -0.19274972 0
-50.8592 66.722 376.64899 -0.44665578 0.57335156 0.68685263 0
-50.858501 -16.9998 400.75201 -0.84797275 -0.5295049 0.023807125 0
-50.848701 -14.8239 399.017 -0.28411561 -0.25617236 -0.92393398 0
-50.848301 -13.6989 398.694 -0.086470693 -0.29913023 -0.95028621 0
-50.847401 65.876801 373.18701 -0.2672883 -0.17889394 -0.94686532 0
-50.8419 -15.4198 399.189 -0.44898903 -0.31596926 -0.83580637 0
-50.825699 -16.7005 399.92499 -0.76945835 -0.50923014 -0.38551071 0
-50.821201 -15.2084 401.79099 -0.54435897 -0.16159895 0.82313979 0
-50.812199 66.757103 372.923 -0.46006578 -0.23168635 -0.85712361 0
-50.7714 -12.367 402.10001 -0.45740101 -0.087702595 0.88492519 0
-50.771 66.103401 373.07199 -0.23467611 -0.31640837 -0.919137 0
-50.753502 -13.9329 401.98901 -0.43422931 -0.078258567 0.8973965 0
-50.749401 69.9244 373.67599 -0.61543328 0.68298805 0.3934072 0
-50.714001 69.763298 373.90399 -0.60482353 0.60545176 0.51731682 0
-50.706501 69.512703 374.19199 -0.60991818 0.59139109 0.52750015 0
-50.699799 68.388298 372.41199 -0.46696216 -0.22833242 -0.85428959 0
-50.646099 69.147102 374.629 -0.54299474 0.59996444 0.58753669 0
-50.6432 -17.147699 401.35101 -0.88647968 -0.26040381 0.3825489 0
-50.641701 -14.608 401.983 -0.47128066 -0.11192399 0.8748529 0
-50.603001 67.5242 376.164 -0.45143047 0.56731439 0.68874156 0
-50.576099 68.712303 375.13 -0.50086796 0.60822576 0.61578625 0
-50.551201 -12.9119 402.147 -0.46346009 -0.090289876 0.88150579 0
-50.550598 -13.5115 402.10501 -0.43427277 -0.066402353 0.89833063 0
-50.547699 -14.8606 398.92099 -0.28411561 -0.25617236 -0.92393398 0
-50.5448 -15.6102 401.89099 -0.53637797 -0.13456134 0.8331818 0
-50.530399 -17.447701 401.276 -0.88161302 -0.41875741 0.21771707 0
-50.511799 -17.596399 400.15399 -0.90709734 -0.3421953 -0.24510571 0
-50.5023 -17.7446 400.75101 -0.93804049 -0.3458128 0.02221668 0
-50.4981 68.377296 375.52802 -0.48637643 0.60133332 0.63390553 0
-50.475899 -16.6999 399.50601 -0.69520199 -0.26117918 -0.6696862 0
-50.4744 -16.399 401.80701 -0.60031134 -0.12716733 0.78959149 0
-50.468498 -16.8473 401.74701 -0.68016565 -0.20444855 0.70397121 0
-50.459599 -17.450899 401.42899 -0.71911329 -0.34826261 0.60132295 0
-50.4422 70.4841 373.37201 -0.66875452 0.64681536 0.3666023 0
-50.429901 -11.6912 402.379 -0.48771319 -0.097848557 0.86750305 0
-50.398998 -17.672199 401.35101 -0.9088915 -0.36968136 0.19300763 0
-50.398399 -16.3988 399.33401 -0.46458292 -0.255723 -0.84780216 0
-50.3983 68.0606 372.34399 -0.45012358 -0.2230161 -0.86466908 0
-50.372501 -18.045601 400.75201 -0.8951968 -0.44566187 0.0028658006 0
-50.362499 -17.219999 399.64301 -0.655312 -0.42667153 -0.62331182 0
-50.349899 68.8349 372.10501 -0.54461539 -0.160992 -0.82308906 0
-50.348801 68.141602 375.82999 -0.46332687 0.58228517 0.6680361 0
-50.339699 -15.1402 398.92899 -0.30394143 -0.23124151 -0.92420071 0
-50.322601 -15.5357 399.022 -0.33381087 -0.2473326 -0.90961361 0
-50.3209 -16.097 399.17499 -0.45440111 -0.27364445 -0.84772539 0
-50.320099 66.705597 372.67899 -0.17105545 -0.40687862 -0.89732373 0
-50.3167 69.702499 371.86401 -0.75111544 0.13879584 -0.6454156 0
-50.314999 67.0065 372.57401 -0.18569729 -0.47985885 -0.85746837 0
-50.313599 69.255501 371.95599 -0.66121554 -0.27299991 -0.69875968 0
-50.3069 -17.972799 400.15302 -0.79498619 -0.56403166 -0.22330531 0
-50.2887 66.9953 376.81201 -0.48310068 0.5707227 0.66399497 0
-50.248199 -14.7485 398.82999 -0.08153329 -0.2053073 -0.97529548 0
-50.2397 -16.994101 399.42899 -0.47897565 -0.32189539 -0.81667966 0
-50.230701 -18.193701 401.27301 -0.89394814 -0.40089467 0.20035028 0
-50.211498 -15.9864 402.01199 -0.47262177 -0.13240768 0.87126166 0
-50.197701 -14.1214 402.237 -0.44608891 -0.072831109 0.89202034 0
-50.1758 69.329399 374.858 -0.51029396 0.60755682 0.60866636 0
-50.173599 67.301598 372.439 -0.079782441 -0.43460912 -0.89707839 0
-50.170601 -17.148001 401.901 -0.61798948 -0.22896995 0.75210488 0
-50.157398 -18.237101 400.151 -0.80543178 -0.51034999 -0.30136767 0
-50.153999 -15.3204 402.14899 -0.45985642 -0.1212096 0.87968194 0
-50.1413 67.352997 376.60999 -0.48310068 0.5707227 0.66399497 0
-50.134701 -12.5171 402.431 -0.4872185 -0.11238615 0.86601818 0
-50.122799 -16.418501 401.99701 -0.5018779 -0.10163462 0.85894644 0
-50.102699 70.028702 374.23599 -0.53418392 0.60330021 0.59217936 0
-50.058998 -18.7174 400.75299 -0.83941048 -0.54215217 -0.038224131 0
-50.0224 -15.7979 398.991 -0.15271595 -0.077778831 -0.9852047 0
-49.991402 -18.641899 401.31299 -0.82796246 -0.53754872 0.15974833 0
-49.983501 70.565804 373.75 -0.50287038 0.65434825 0.56475633 0
-49.965199 68.988098 375.327 -0.44835708 0.6059233 0.65713996 0
-49.949001 -13.3238 402.44 -0.51500803 -0.071854845 0.85416842 0
-49.946602 68.5364 375.74799 -0.45026714 0.60968518 0.65233696 0
-49.945801 71.098099 373.17099 -0.70948452 0.5781092 0.40301546 0
-49.921501 -12.9865 402.495 -0.53642124 -0.10958616 0.83680528 0
-49.882702 -18.643801 400.11899 -0.70766437 -0.55038607 -0.4430421 0
-49.881699 -18.719601 401.5 -0.74128133 -0.40562338 0.53476322 0
-49.874001 69.627197 374.802 -0.46026087 0.61180025 0.64331985 0
-49.871899 -17.6731 401.96701 -0.69611973 -0.24843857 0.67356932 0
-49.8619 70.900597 373.461 -0.54008502 0.63794839 0.54893535 0
-49.8405 -17.4505 402.017 -0.44307479 -0.13842176 0.88573366 0
-49.836102 -16.8487 402.12201 -0.47444239 -0.10865565 0.873555 0
-49.833302 70.407204 374.05099 -0.47054324 0.65522152 0.59099394 0
-49.812801 -18.1252 401.936 -0.45651522 -0.12821798 0.88042831 0
-49.8022 -17.5266 399.42401 -0.44664928 -0.34057483 -0.82735312 0
-49.799301 71.406898 372.94901 -0.68055004 0.62936717 0.37516478 0
-49.796001 -17.709801 399.478 -0.43245488 -0.31182119 -0.84602028 0
-49.7953 67.8293 372.10501 -0.32386869 -0.30519998 -0.89552331 0
-49.783298 -18.344601 399.754 -0.66594249 -0.3826879 -0.64036751 0
-49.767899 67.806999 376.496 -0.46897689 0.5779652 0.66784495 0
-49.750401 71.732399 372.552 -0.7665534 0.58558035 0.26361242 0
-49.742401 68.594902 371.853 -0.35327816 -0.25257605 -0.90077734 0
-49.723301 70.189201 374.36499 -0.46193877 0.637281 0.61683506 0
-49.722698 -16.398399 399.01901 -0.15303192 -0.089545451 -0.98415589 0
-49.722301 -19.132099 400.75201 -0.41520578 -0.90959668 0.015428162 0
-49.720798 71.201103 371.23599 -0.86820108 0.055187136 -0.49313414 0
-49.720299 -19.008101 401.35001 -0.36427572 -0.87731421 0.31244677 0
-49.716099 68.056999 371.98901 -0.33840361 -0.31664765 -0.88612485 0
-49.647999 -16.1733 398.99399 -0.15303192 -0.089545451 -0.98415589 0
-49.6437 70.490402 371.28799 -0.6516518 -0.21869281 -0.72630805 0
-49.614498 -17.805901 402.07401 -0.45651522 -0.12821798 0.88042831 0
-49.613098 71.312202 373.22 -0.70948452 0.5781092 0.40301546 0
-49.606602 -14.2793 402.52499 -0.47008896 -0.088824317 0.87813812 0
-49.5751 -17.3943 399.24701 -0.36440933 -0.26238284 -0.89351052 0
-49.573898 -16.3244 398.995 0.022876916 0.01507615 -0.99962461 0
-49.569401 -18.496799 401.995 -0.64604139 -0.3824183 0.66059572 0
-49.569401 -18.4191 399.59299 -0.5621134 -0.57122529 -0.59810549 0
-49.569401 -18.496799 401.995 -0.64604139 -0.3824183 0.66059572 0
-49.535 -16.886101 402.27701 -0.45316604 -0.13820313 0.88064772 0
-49.526001 69.860802 371.38501 -0.48143715 -0.21232684 -0.8503738 0
-49.500801 68.954803 375.651 -0.43416876 0.61771828 0.65568411 0
-49.498501 -15.3487 398.957 0.1019797 -0.05804513 -0.99309158 0
-49.494499 -14.9166 402.52802 -0.45713633 -0.10100328 0.88364285 0
-49.4263 69.780296 374.95901 -0.44305772 0.60573304 0.66089886 0
-49.419399 -19.229601 400.52701 -0.10435507 -0.99451506 0.0070541804 0
-49.4193 -18.8286 401.935 -0.56773043 -0.53383762 0.62665743 0
-49.417999 -19.1127 400.08099 -0.43459618 -0.79777551 -0.41794783 0
-49.402802 72.085297 372.569 -0.67555588 0.69328839 0.2509492 0
-49.384602 69.252197 371.45499 -0.40814775 -0.29735169 -0.8631323 0
-49.349499 -18.499201 402.12399 -0.53434688 -0.29188555 0.79326934 0
-49.3442 -13.2476 402.862 -0.55269647 -0.15179741 0.81944138 0
-49.329498 -15.5362 402.51901 -0.44888473 -0.14263402 0.88213265 0
-49.316799 70.757797 374.05899 -0.45112357 0.66383898 0.5964942 0
-49.313499 -13.9246 402.73599 -0.52160525 -0.15210693 0.83951861 0
-49.305401 -16.5292 402.43301 -0.44316304 -0.059819639 0.89444292 0
-49.273102 -16.0984 399.01501 0.053696122 0.018132141 -0.9983927 0
-49.271099 -18.7227 402.11099 -0.49556226 -0.51624048 0.69850826 0
-49.270302 -18.719801 399.54401 -0.55310035 -0.54931074 -0.62636864 0
-49.254601 69.288803 375.508 -0.43402591 0.60242707 0.66985309 0
-49.197899 -17.673 399.189 -0.36586007 -0.27086738 -0.89038044 0
-49.1973 -19.2047 400.52701 -0.10435507 -0.99451506 0.0070541804 0
-49.195499 -18.569799 399.42801 -0.37285185 -0.25593731 -0.89189547 0
-49.194698 -16.847601 402.457 -0.42608744 -0.093330786 0.8998549 0
-49.192902 71.352997 370.80801 -0.62730378 -0.11427025 -0.77034557 0
-49.192799 69.5541 371.259 -0.26622337 -0.43562153 -0.85985988 0
-49.125801 70.079597 374.88699 -0.44353789 0.61197209 0.65480095 0
-49.123901 68.499496 371.65399 -0.08764796 -0.37950349 -0.92102927 0
-49.121201 -19.049801 401.87299 -0.30864584 -0.68006283 0.66502053 0
-49.1208 -19.128901 400.754 -0.0065701697 -0.98784828 0.15528215 0
-49.1035 72.167999 372.76199 -0.51129568 0.62502176 0.58985126 0
-49.090801 -16.0245 402.56 -0.43796819 -0.087165505 0.89475471 0
-49.0811 71.708603 370.677 -0.65458173 -0.11189872 -0.74766397 0
-49.048801 -16.698799 398.99899 0.076241262 0.013785845 -0.99699408 0
-49.047901 -17.222099 399.03601 0.023260921 -0.18445113 -0.98256642 0
-49.047901 -19.1078 401.16501 -0.091866583 -0.98608649 0.13854219 0
-49.044601 -18.865601 399.57199 -0.31497118 -0.64868402 -0.69282192 0
-48.974602 69.850601 371.07001 -0.4281635 -0.23073885 -0.873748 0
-48.968899 69.770401 375.267 -0.44248614 0.59321719 0.67253208 0
-48.9352 72.502502 372.54599 -0.53344816 0.65090263 0.54014701 0
-48.9347 -16.792299 402.59 -0.42608744 -0.093330786 0.8998549 0
-48.896 71.830299 373.27701 -0.49289417 0.62057626 0.60986918 0
-48.883999 71.133301 370.69 -0.4858956 -0.21771012 -0.84646779 0
-48.861401 72.744598 372.33499 -0.53411376 0.61619216 0.57881749 0
-48.8568 70.472603 374.69901 -0.46197769 0.6180746 0.63605064 0
-48.833801 -19.250601 400.121 -0.035886899 -0.94788188 -0.31659457 0
-48.8209 73.173302 371.95599 -0.55033201 0.68577963 0.47627828 0
-48.820301 -16.379601 402.668 -0.45264176 -0.069756776 0.88895977 0
-48.8162 -18.7173 402.39301 -0.30682731 -0.55067289 0.77628368 0
-48.808399 73.258797 371.86401 -0.57682735 0.69085884 0.43587193 0
-48.805599 -14.5895 402.927 -0.4796932 -0.11409992 0.869986 0
-48.789001 -17.9557 402.465 -0.48376042 -0.10879904 0.86841154 0
-48.753201 70.655502 370.74799 -0.45229629 -0.26525629 -0.85150874 0
-48.747002 -17.167101 402.62299 -0.4157306 -0.12887198 0.90031111 0
-48.726398 -15.254 402.88599 -0.49889231 -0.12652181 0.85737896 0
-48.708698 70.321503 370.81299 -0.37216467 -0.2706137 -0.88784105 0
-48.6702 -19.1604 400.16599 0.22354825 -0.96894449 -0.10570134 0
-48.6049 -18.199499 402.53601 -0.48021615 -0.062815867 0.87489808 0
-48.600899 -15.837 402.84799 -0.47182325 -0.14462802 0.86975026 0
-48.598 -19.0396 401.953 0.0033129957 -0.92101914 0.38950327 0
-48.597801 69.927002 370.90201 -0.37216467 -0.2706137 -0.88784105 0
-48.597698 -18.684999 402.50299 -0.44610882 -0.5002057 0.74214637 0
-48.594501 71.261299 374.11099 -0.46106109 0.62519187 0.62972832 0
-48.525902 70.900002 370.547 -0.43874279 -0.23745041 -0.86667299 0
-48.523399 -18.9405 399.586 0.014260804 -0.8615185 -0.50752586 0
-48.517399 73.002098 370.061 -0.80036432 -0.032468852 -0.59863406 0
-48.515202 -19.1182 400.08099 0.3039971 -0.93827003 -0.16503046 0
-48.484901 72.673401 372.74899 -0.49882582 0.64076209 0.58360666 0
-48.481899 70.305 370.70999 -0.41161615 -0.28512764 -0.86560637 0
-48.4496 -18.5695 399.228 0.030030623 -0.58761853 -0.80858064 0
-48.448002 70.076103 370.797 -0.37216467 -0.2706137 -0.88784105 0
-48.4091 72.513298 372.97299 -0.49882582 0.64076209 0.58360666 0
-48.387199 72.178703 370.15302 -0.56841391 -0.20521463 -0.79673868 0
-48.374599 71.1138 374.41101 -0.46106109 0.62519187 0.62972832 0
-48.3284 73.083603 372.41901 -0.45748001 0.65411228 0.60236961 0
-48.262199 71.632103 370.19601 -0.46168447 -0.23241402 -0.85605562 0
-48.258301 70.710602 374.88 -0.44334626 0.61631399 0.65084648 0
-48.223801 -19.043301 400.677 0.23328373 -0.97152197 -0.041518092 0
-48.2187 -16.246901 402.979 -0.46346036 -0.16709508 0.87022054 0
-48.2164 74.119003 371.38 -0.73971748 0.55109906 0.38614482 0
-48.165298 71.748596 373.923 -0.45770323 0.64131373 0.615812 0
-48.1478 -19.0851 401.35101 -0.025876869 -0.99918336 -0.031032819 0
-48.147499 73.580101 371.98801 -0.46513507 0.65828913 0.59186554 0
-48.146301 -18.3473 402.798 -0.4144277 -0.15090758 0.89748347 0
-48.07 -18.723801 402.711 -0.2565259 -0.3891367 0.88474125 0
-48.060398 74.471199 371.11899 -0.66438258 0.6592713 0.35207546 0
-48.058998 73.916 371.689 -0.49815273 0.6116367 0.61460912 0
-48.032902 -17.9923 402.86301 -0.47200143 -0.061106827 0.87947744 0
-48.030899 -17.297199 402.927 -0.44429067 -0.096306294 0.89069128 0
-47.999199 70.900299 370.30301 -0.28246191 -0.44970804 -0.84733582 0
-47.9939 71.3181 370.13901 -0.22066735 -0.36911741 -0.90280575 0
-47.961498 -18.9769 400.05301 0.21123512 -0.96647161 -0.1459876 0
-47.9585 73.845299 369.539 -0.69615972 0.073909439 -0.71407211 0
-47.930302 -19.0137 400.677 0.20575993 -0.97635019 -0.066355921 0
-47.927299 -18.8389 399.56 0.2453734 -0.80062646 -0.54661608 0
-47.870499 73.0186 369.65201 -0.51229507 -0.18487048 -0.83867556 0
-47.8456 71.429199 370.03799 -0.19826593 -0.31480592 -0.92821759 0
-47.815201 72.185501 373.72 -0.43643981 0.64995128 0.62216049 0
-47.813202 72.250702 369.78299 -0.46255252 -0.23580171 -0.85465944 0
-47.809101 73.451897 369.51099 -0.50323713 -0.17941862 -0.8453173 0
-47.792599 -19.037201 401.315 0.18836743 -0.97519201 -0.11626789 0
-47.769901 74.489799 371.379 -0.4874377 0.63764673 0.59649909 0
-47.745201 -18.945101 402.47601 -0.21594402 -0.88187134 0.41913134 0
-47.696499 -18.652599 402.89401 -0.27845898 -0.49902257 0.8206321 0
-47.696499 -16.7731 403.16901 -0.477005 -0.16761343 0.86276996 0
-47.696499 -18.652599 402.89401 -0.27845898 -0.49902257 0.8206321 0
-47.677299 74.064499 371.862 -0.50014532 0.60280502 0.62167579 0
-47.6297 -18.5662 399.49301 0.24868602 -0.81012619 -0.53089619 0
-47.623798 -19.0928 401.952 0.093616426 -0.9953084 0.024436157 0
-47.587299 74.481003 371.535 -0.48945972 0.62456679 0.6085602 0
-47.585701 -18.0487 403.108 -0.43757284 -0.13622551 0.88880402 0
-47.554901 72.567802 369.56299 -0.43991342 -0.2281972 -0.86856329 0
-47.5532 -17.1877 403.177 -0.48744804 -0.1221745 0.86456221 0
-47.546398 -17.7486 403.133 -0.43599775 -0.088255733 0.8956098 0
-47.500099 75.166801 370.75299 -0.69146121 0.66024727 0.29318073 0
-47.4701 73.849403 372.245 -0.46730918 0.61574566 0.63441265 0
-47.4687 73.117897 373.005 -0.43657807 0.64793819 0.62415999 0
-47.403599 -17.4496 403.228 -0.45804137 -0.055186693 0.88721615 0
-47.398899 -18.5203 399.55801 0.48543447 -0.317029 -0.81476742 0
-47.3988 -18.349001 403.12701 -0.37336254 -0.25369614 0.89232206 0
-47.379299 73.0952 369.349 -0.44038072 -0.21700124 -0.87119186 0
-47.359901 74.4077 369.04199 -0.66108608 -0.10748331 -0.74257159 0
-47.328602 75.302803 370.75699 -0.59469277 0.63696647 0.49052444 0
-47.321098 -18.862 400.75299 0.20652936 -0.97783965 -0.034281798 0
-47.320099 74.801498 368.961 -0.68982291 -0.035653826 -0.72309965 0
-47.318001 72.1828 369.552 -0.21093456 -0.44284242 -0.87143397 0
-47.274399 74.950996 371.245 -0.48015979 0.67291951 0.56269521 0
-47.264702 73.517799 369.18399 -0.46441355 -0.20564978 -0.86141062 0
-47.252201 74.366898 371.897 -0.47043991 0.62184989 0.62609029 0
-47.249599 -19.021799 401.98999 0.11514172 -0.99269682 0.035991568 0
-47.248798 -18.937901 401.35199 0.22555129 -0.96441591 -0.13794419 0
-47.247002 72.029198 369.60199 -0.11877953 -0.3852773 -0.91512448 0
-47.2411 72.812302 373.46899 -0.44876084 0.64687866 0.61657256 0
-47.1735 71.503197 369.896 -0.0023193085 -0.5519411 -0.83387989 0
-47.1618 75.727699 370.37 -0.55561638 0.68424553 0.47233298 0
-47.157902 73.541397 372.76501 -0.44366038 0.64673936 0.62039798 0
-47.0961 74.637901 371.73199 -0.43543699 0.6624766 0.60952389 0
-47.096001 75.425598 370.82401 -0.50194681 0.67870641 0.53610355 0
-47.0285 72.536697 373.90302 -0.47422364 0.65089309 0.59283227 0
-47.023399 -18.9095 403.97699 -0.30872008 0.70258737 0.64114189 0
-47.023399 -18.7237 403.78601 -0.30872008 0.70258737 0.64114189 0
-47.023399 -18.369101 403.97699 -0.29841033 -0.32801053 0.89630371 0
-47.023399 -18.9095 403.97699 -0.30872008 0.70258737 0.64114189 0
-47.023399 -18.7237 403.78601 -0.30872008 0.70258737 0.64114189 0
-47.023399 -18.369101 403.97699 -0.29841033 -0.32801053 0.89630371 0
-47.023399 -18.9095 403.97699 -0.30872008 0.70258737 0.64114189 0
-47.0233 -18.7659 403.077 -0.51844668 -0.80666798 0.28372484 0
-46.948898 73.977203 372.474 -0.43932861 0.63457268 0.6358521 0
-46.948399 -18.922001 402.552 0.036594119 -0.97920752 0.1995333 0
-46.942501 -17.822599 403.457 -0.44836646 0.41750449 0.79035276 0
-46.934898 -18.830799 400.17401 0.15495236 -0.94601107 -0.28469786 0
-46.918201 74.0952 368.86801 -0.46269643 -0.19937913 -0.86380553 0
-46.884701 -18.558901 403.72699 0.2093122 -0.65560639 0.72551268 0
-46.812698 73.603203 368.923 -0.42354935 -0.26816091 -0.86527205 0
-46.799999 -18.7791 401.16501 0.1890648 -0.98018837 -0.059036426 0
-46.799599 74.950699 368.608 -0.54490685 -0.13200516 -0.82804054 0
-46.7985 72.7761 369.17801 -0.23246323 -0.43907231 -0.86785734 0
-46.795898 75.588997 368.504 -0.61862051 -0.10578138 -0.77853644 0
-46.794102 75.813698 368.48401 -0.68905711 0.058986813 -0.7223025 0
-46.7234 -18.4123 403.97699 -0.75248021 -0.64748627 0.12056129 0
-46.7234 -18.645901 403.677 -0.75509453 0.46974507 0.45735306 0
-46.7234 -18.7561 403.97699 -0.8457635 0.52592117 0.089950182 0
-46.7234 -18.645901 403.677 -0.75509453 0.46974507 0.45735306 0
-46.7234 -18.7561 403.97699 -0.8457635 0.52592117 0.089950182 0
-46.7234 -18.645901 403.677 -0.75509453 0.46974507 0.45735306 0
-46.7234 -18.7561 403.97699 -0.8457635 0.52592117 0.089950182 0
-46.718601 76.337601 369.99799 -0.49765009 0.7234025 0.47857413 0
-46.717499 -18.5126 403.79099 -0.75509453 0.46974507 0.45735306 0
-46.6632 75.863197 370.65799 -0.47008282 0.68655163 0.55467916 0
-46.648899 72.105103 369.53799 0.069208503 -0.5099079 -0.85744041 0
-46.6488 -18.877399 402.47699 0.12642172 -0.98963249 0.068154618 0
-46.648602 -18.802401 403.078 -0.017248036 -0.96965188 0.24388056 0
-46.645302 73.378601 368.90302 -0.17370924 -0.34309089 -0.92310005 0
-46.574001 76.075897 368.28 -0.6091336 -0.03544898 -0.79227495 0
-46.5438 74.699799 372.02701 -0.41361746 0.65118521 0.63630056 0
-46.535702 75.494904 368.33701 -0.54109269 -0.12878393 -0.83104354 0
-46.5117 75.417397 371.285 -0.4594782 0.67708087 0.57484019 0
-46.503502 73.861603 368.698 -0.4711574 -0.22451547 -0.85299677 0
-46.498299 73.076797 368.98099 -0.096312791 -0.37453544 -0.92219687 0
-46.495899 -17.898199 403.694 -0.38580826 0.25421172 0.88686436 0
-46.426201 73.4533 373.39999 -0.47553959 0.64185029 0.60157317 0
-46.420502 76.867699 369.55099 -0.60061991 0.79083312 0.11763797 0
-46.4203 -18.7906 401.87601 0.20740718 -0.97321302 -0.099189878 0
-46.372002 73.988701 372.879 -0.45708022 0.63812244 0.61957842 0
-46.2771 -18.724501 400.75201 0.21867946 -0.96938181 -0.11170574 0
-46.233101 74.633598 368.34601 -0.45199707 -0.20439298 -0.86828691 0
-46.1978 -18.6649 401.35199 0.23137432 -0.97184044 -0.044632584 0
-46.191502 77.089996 369.513 -0.618505 0.72817749 0.29531181 0
-46.131401 76.4132 370.431 -0.48448685 0.66900861 0.56364876 0
-46.1208 76.170799 367.95401 -0.59236014 -0.095510602 -0.79999197 0
-46.112099 76.602798 367.86801 -0.59636849 -0.11518446 -0.79440367 0
-46.086399 -18.764099 402.51501 0.16603753 -0.98607445 0.0094170691 0
-46.051601 -18.6026 400.62299 0.4052088 -0.78863513 -0.46245047 0
-46.048199 73.976097 368.427 -0.23738693 -0.41805637 -0.87685591 0
-46.047401 -18.6668 403.672 0.017954072 -0.94624454 0.32295337 0
-46.037102 76.969704 369.85999 -0.55933416 0.61527449 0.55550212 0
-46.0326 74.959503 368.14999 -0.47427097 -0.24503036 -0.8455928 0
-46.009899 -18.6563 401.57599 0.20804846 -0.96630049 -0.15158896 0
-45.974098 76.104797 370.91199 -0.41865233 0.66905344 0.61408287 0
-45.971901 74.202599 368.29901 -0.27820817 -0.39384967 -0.87606084 0
-45.9669 77.641602 368.94901 -0.78667587 0.56340653 0.25241661 0
-45.892899 75.403297 367.952 -0.50692976 -0.19943118 -0.83859968 0
-45.8605 -18.7216 403.15201 -0.010545917 -0.99349308 0.11340328 0
-45.8582 76.789597 367.681 -0.51893502 -0.14661969 -0.84214556 0
-45.827702 77.2015 367.63699 -0.66832322 0.0087199742 -0.74381989 0
-45.7869 75.095497 372.10501 -0.42640615 0.69777995 0.57557011 0
-45.752499 76.149696 367.75699 -0.50652176 -0.14198618 -0.85045612 0
-45.750999 -18.483101 400.754 0.39583212 -0.89795756 -0.1923255 0
-45.674301 -18.5252 401.16501 0.23526344 -0.95707732 -0.16927518 0
-45.671501 75.2752 371.97601 -0.46966943 0.69296449 0.54700166 0
-45.668701 75.552902 367.78101 -0.37119123 -0.18446811 -0.91004866 0
-45.636002 77.545303 369.552 -0.56289726 0.68536359 0.46197769 0
-45.617599 78.1735 368.72601 -0.67315102 0.70565748 0.22116794 0
-45.568699 76.180397 371.099 -0.43826196 0.64368659 0.62737072 0
-45.560902 76.695 367.52899 -0.51893502 -0.14661969 -0.84214556 0
-45.5466 76.880898 370.39099 -0.45154208 0.65111369 0.61004978 0
-45.523102 -18.6868 403.67599 -0.086101778 -0.98814541 0.12710279 0
-45.521702 77.400002 369.85001 -0.46146423 0.66437835 0.58792192 0
-45.484699 74.504303 368.04001 -0.16118854 -0.44652095 -0.88013482 0
-45.483501 75.289597 367.755 -0.37228552 -0.33665356 -0.86490917 0
-45.450401 -18.4499 401.05399 0.30104396 -0.9280259 -0.21940935 0
-45.448101 75.701599 367.62701 -0.37119123 -0.18446811 -0.91004866 0
-45.447201 77.239098 367.35001 -0.57795399 -0.092739992 -0.81078261 0
-45.413601 75.771103 371.603 -0.4296622 0.65658683 0.61990654 0
-45.3722 -18.568399 401.87601 0.18472703 -0.97258717 -0.14124493 0
-45.351601 -17.137899 404.38 -0.44939023 -0.15974978 0.87893593 0
-45.333698 -18.6411 403.133 0.12788506 -0.99177778 -0.0047165267 0
-45.312401 75.302498 372.229 -0.46966943 0.69296449 0.54700166 0
-45.2967 78.116302 369.129 -0.48912007 0.70224148 0.51731861 0
-45.277699 -17.8232 404.306 -0.52313548 -0.14041993 0.84060186 0
-45.219501 75.561203 371.948 -0.44637045 0.68000221 0.58167899 0
-45.219299 77.464996 367.15799 -0.55415523 -0.1296339 -0.82225728 0
-45.176102 -18.590401 402.26999 0.18090641 -0.9818157 -0.057539634 0
-45.1437 77.9673 369.47101 -0.44358677 0.69508183 0.56576675 0
-45.111099 74.950699 367.776 -0.037537321 -0.43647677 -0.8989321 0
-45.0709 -18.6556 404.048 0.071238965 -0.93196362 0.35548392 0
-45.069302 78.758202 368.276 -0.70925665 0.66775471 0.22596152 0
-45.063202 -17.972601 404.41901 -0.469087 -0.10755461 0.87657821 0
-45.035198 78.410301 368.95099 -0.47767934 0.71852946 0.50550753 0
-45.0116 -18.2335 404.47601 -0.65243727 -0.28572223 0.70191765 0
-45.0009 -18.530899 404.33899 -0.70858419 -0.34501597 0.61552608 0
-44.998402 75.176804 367.65201 -0.071557827 -0.18923081 -0.97932178 0
-44.9977 76.151703 367.30301 -0.4085294 -0.20008253 -0.89054519 0
-44.924599 78.930099 368.202 -0.68555766 0.71255481 0.14925241 0
-44.922901 -18.501301 401.95099 0.0879151 -0.98683268 -0.13576545 0
-44.920399 76.372002 371.34299 -0.4483867 0.65355903 0.60976219 0
-44.849602 77.688301 366.884 -0.49348027 -0.18321244 -0.85024136 0
-44.846401 76.452003 367.14401 -0.44235957 -0.25923303 -0.85855478 0
-44.812199 78.457199 366.71301 -0.59175295 0.090582527 -0.80101389 0
-44.807999 78.314796 369.29099 -0.43998244 0.69809204 0.56487429 0
-44.805801 76.893898 370.86801 -0.41885096 0.66719288 0.61596876 0
-44.793499 77.676498 370.04199 -0.40414265 0.67310619 0.61935192 0
-44.7742 76.150597 367.17801 -0.23384044 -0.37395942 -0.8974815 0
-44.735298 77.079697 366.944 -0.50474614 -0.1767142 -0.84498721 0
-44.732899 -18.5257 403.133 0.17781459 -0.98247707 -0.055863556 0
-44.697701 -18.4869 402.13901 0.1330706 -0.9903335 -0.039138686 0
-44.623798 -16.6989 404.858 -0.49613005 -0.16040353 0.85330278 0
-44.623402 -18.6392 404.577 -0.1315562 -0.93653738 0.32494724 0
-44.621498 78.701599 366.552 -0.65980405 -0.049335591 -0.74981636 0
-44.5481 -17.3361 404.78201 -0.51237369 -0.16886602 0.84199613 0
-44.5425 -17.7472 404.70599 -0.4521856 -0.17224838 0.87513351 0
-44.523102 77.424103 370.47501 -0.40959558 0.67293578 0.61594558 0
-44.511101 78.044502 369.815 -0.41168073 0.67755818 0.60945374 0
-44.494099 78.269302 366.55301 -0.49776551 -0.17422403 -0.84963256 0
-44.487301 79.247498 368.38101 -0.5944317 0.63418269 0.49443227 0
-44.477699 76.5821 371.439 -0.46311092 0.64787471 0.60480297 0
-44.4557 -18.554399 403.79001 0.15037735 -0.98187935 -0.11532391 0
-44.453701 79.807701 367.673 -0.60830444 0.76923287 0.19556722 0
-44.407398 78.955902 368.802 -0.54601347 0.68523145 0.48200327 0
-44.3979 75.930901 367.19699 -0.15803978 -0.47868198 -0.86364746 0
-44.3974 -18.6113 404.573 0.11108331 -0.94765174 0.29936039 0
-44.397099 77.183296 366.73801 -0.3816328 -0.25440529 -0.8886137 0
-44.383301 78.751297 369.078 -0.48050424 0.68551266 0.54698092 0
-44.326099 -18.6166 404.35101 0.14168289 -0.98654878 -0.081531972 0
-44.321899 -17.9732 404.78 -0.29696316 -0.14367867 0.94401765 0
-44.321701 79.001602 366.31299 -0.5745585 0.024049385 -0.81811011 0
-44.2831 77.708603 366.561 -0.42518848 -0.2145104 -0.87931794 0
-44.249699 -18.4247 403.11499 0.29192007 -0.95482153 -0.055664457 0
-44.248001 -18.4368 402.552 0.16985518 -0.98546743 0.0017894207 0
-44.237301 79.989799 367.67001 -0.60830444 0.76923287 0.19556722 0
-44.210999 79.2509 368.65201 -0.46484217 0.68655711 0.5590716 0
-44.192699 78.4198 366.349 -0.48427212 -0.17318574 -0.85760552 0
-44.138401 -18.440399 403.64099 0.30328539 -0.94246042 -0.14066404 0
-44.099201 -17.599001 405.005 -0.4906621 -0.19370423 0.84954655 0
-44.043999 77.583199 370.60901 -0.41748115 0.67086935 0.61289787 0
-44.023399 -18.901899 405.77701 -0.6921432 0.3042334 0.65450734 0
-44.023399 -18.7237 405.50601 -0.6921432 0.3042334 0.65450734 0
-44.023399 -18.901899 405.77701 -0.6921432 0.3042334 0.65450734 0
-44.023399 -18.7237 405.50601 -0.6921432 0.3042334 0.65450734 0
-44.023399 -18.901899 405.77701 -0.6921432 0.3042334 0.65450734 0
-44.023399 -18.7237 405.50601 -0.6921432 0.3042334 0.65450734 0
-44.0187 -18.1024 404.91101 -0.19993143 -0.0001871229 0.97980988 0
-43.986801 -18.517401 404.35199 0.23288026 -0.9709208 -0.05549429 0
-43.909401 -16.998301 405.23499 -0.49337149 -0.15179534 0.85647112 0
-43.878601 79.983299 367.96201 -0.48795 0.67164099 0.55749726 0
-43.874401 -18.389999 401.952 0.14341341 -0.98352891 -0.11001591 0
-43.873402 -18.5597 405.642 -0.6921432 0.3042334 0.65450734 0
-43.873199 79.750801 365.93799 -0.7012037 -0.082510322 -0.70817047 0
-43.869999 80.490997 367.302 -0.60433507 0.65531474 0.45314643 0
-43.838501 -16.643299 405.31699 -0.46575737 -0.13765597 0.87414008 0
-43.820702 80.671097 367.07401 -0.66345799 0.74064744 0.10613611 0
-43.820202 79.747803 368.31799 -0.45041513 0.70473975 0.54814965 0
-43.796101 76.980904 366.58899 -0.18376365 -0.2719616 -0.94459927 0
-43.7794 79.024696 365.98499 -0.48344147 -0.16858526 -0.85898972 0
-43.768101 -18.400801 404.91101 -0.56163502 -0.79976708 -0.2119876 0
-43.726501 -18.2327 403.15201 0.33194923 -0.94307387 -0.020526992 0
-43.724602 77.462799 366.397 -0.25166368 -0.25549969 -0.9334802 0
-43.7234 -18.7237 405.49399 -0.6921432 0.3042334 0.65450734 0
-43.7234 -18.895 405.77701 -0.6921432 0.3042334 0.65450734 0
-43.7234 -18.7237 405.49399 -0.6921432 0.3042334 0.65450734 0
-43.7234 -18.895 405.77701 -0.6921432 0.3042334 0.65450734 0
-43.723301 78.648903 369.67099 -0.42953321 0.67294109 0.60220557 0
-43.722301 79.601501 365.84201 -0.48190171 -0.10233897 -0.87022841 0
-43.720798 -18.317101 402.55301 0.28119624 -0.95343691 0.10902615 0
-43.702999 78.327103 366.11401 -0.40702179 -0.27134922 -0.87218279 0
-43.687401 -18.321199 403.79099 0.26221395 -0.94149655 -0.21172646 0
-43.627998 79.390999 368.92401 -0.45779407 0.68631303 0.56515402 0
-43.612099 78.003601 370.466 -0.45766881 0.6694631 0.585114 0
-43.5886 77.713699 370.82501 -0.48488131 0.6730715 0.55844867 0
-43.582298 -17.1138 405.37299 -0.44421169 -0.16135418 0.88127226 0
-43.5756 -18.3433 401.952 0.29943392 -0.95383173 -0.02333222 0
-43.568802 80.358597 367.79401 -0.48729444 0.67916793 0.54888523 0
-43.5201 79.803497 368.504 -0.47164753 0.68845791 0.55097574 0
-43.4244 -16.1929 405.569 -0.39879981 -0.13056192 0.90769613 0
-43.381199 80.944901 367.147 -0.50500041 0.71610141 0.48184371 0
-43.375099 81.149696 366.845 -0.50838 0.72783661 0.46022135 0
-43.345402 -17.7103 405.39301 -0.46742785 0.00076158805 0.88403088 0
-43.34 80.686501 367.57001 -0.48569119 0.70295781 0.51957136 0
-43.312099 -18.419399 404.354 0.18224013 -0.97357488 -0.13762452 0
-43.300598 78.289597 365.93799 -0.33174735 -0.30884823 -0.891379 0
-43.290901 80.802002 365.38901 -0.93046224 -0.2809906 -0.23512624 0
-43.2715 81.422302 366.478 -0.61474991 0.7539199 0.23170529 0
-43.218601 80.115097 368.35199 -0.4675115 0.68129474 0.56326765 0
-43.174099 -18.111601 402.54099 0.36096492 -0.92666274 0.10488345 0
-43.125702 80.444199 368.048 -0.4581762 0.68404996 0.56758273 0
-43.1241 81.550697 366.47699 -0.56455219 0.79495651 0.22209235 0
-43.122601 -18.130199 403.75101 0.21506529 -0.94363666 -0.25158849 0
-43.120998 80.5019 365.30301 -0.90808362 -0.4046618 -0.1078563 0
-43.068298 79.164902 365.57501 -0.46010852 -0.24554478 -0.85323381 0
-43.049 -18.0165 403.15201 0.26512498 -0.96390635 -0.02435782 0
-43.047798 80.238899 365.32001 -0.52673608 -0.20157078 -0.82578343 0
-43.015701 81.706398 366.366 -0.59222251 0.79968667 0.098861977 0
-42.987999 -17.475401 405.586 -0.41592461 -0.071257271 0.9066031 0
-42.966599 81.125099 367.29501 -0.48429924 0.71961737 0.49759933 0
-42.865501 81.4963 366.85699 -0.53119624 0.69376945 0.48632756 0
-42.836102 80.889 367.74701 -0.41007218 0.71864194 0.56160003 0
-42.825298 -17.978001 403.15399 0.092232332 -0.98163885 -0.16696815 0
-42.797298 79.765099 365.29401 -0.4577432 -0.20149657 -0.86595052 0
-42.772701 78.931999 370.04901 -0.45593005 0.6791389 0.57523745 0
-42.748798 -18.530001 404.879 0.11419422 -0.90766692 -0.40385696 0
-42.7481 -18.255501 404.35199 0.22766019 -0.87849849 -0.4200134 0
-42.673698 -17.880301 402.47699 0.34479716 -0.93849808 -0.018338634 0
-42.6661 -18.4142 405.64001 -0.030526586 -0.93021935 0.36573228 0
-42.6381 -16.830601 405.854 -0.37083226 -0.17456596 0.91214591 0
-42.5961 79.152702 365.33401 -0.32549781 -0.27618164 -0.90430903 0
-42.561298 81.906197 366.58301 -0.51232231 0.78444672 0.34952718 0
-42.5205 78.7071 365.46399 -0.20998755 -0.42206281 -0.8819117 0
-42.514999 81.624802 367.01199 -0.45921502 0.71784019 0.52328479 0
-42.507801 -18.6663 405.46399 -0.15270373 -0.98797351 -0.024289086 0
-42.486801 -18.190701 404.354 0.14437716 -0.92241198 -0.35820577 0
-42.485699 -17.907101 403.00201 0.10482793 -0.97622043 -0.18974926 0
-42.475201 80.015404 368.98099 -0.39216787 0.6969884 0.60034281 0
-42.448502 79.488701 365.17801 -0.40323752 -0.22342861 -0.88740021 0
-42.447201 79.864304 365.082 -0.42130473 -0.19450854 -0.88581532 0
-42.374901 -18.5151 404.95499 0.19014916 -0.95469379 -0.22891718 0
-42.365501 -18.620701 405.61099 -0.044238985 -0.95120752 0.30536407 0
-42.331001 -16.603201 406.035 -0.36009058 -0.17660639 0.91604853 0
-42.304298 80.920303 368.03799 -0.34126157 0.71709239 0.60771626 0
-42.300301 -18.594801 405.17999 0.19019954 -0.95549887 -0.22549075 0
-42.298599 -18.0247 403.67801 0.029596545 -0.98131061 -0.19014069 0
-42.2206 -15.7607 406.18399 -0.4397971 -0.11870622 0.8902176 0
-42.1898 81.198196 367.76001 -0.34740311 0.70587099 0.61729831 0
-42.150101 81.684898 367.24399 -0.38751408 0.68858534 0.61292988 0
-42.148399 -17.969299 403.302 0.027892055 -0.98840469 -0.14925902 0
-42.1404 82.645203 364.67499 0.028011827 0.9996047 -0.0024115506 0
-42.132599 80.659798 364.71899 -0.49499768 -0.19908009 -0.84578037 0
-42.127701 -16.8944 406.05499 -0.35952204 -0.19798346 0.9118917 0
-42.093201 82.814301 365.57599 -0.48136625 0.87649632 -0.0063815122 0
-42.070599 82.716202 365.87601 -0.4700799 0.8230201 0.31884605 0
-42.069199 -18.420401 405.923 -0.260344 -0.52239066 0.81199074 0
-42.036499 -16.192699 406.21701 -0.34895241 -0.13284838 0.92767644 0
-42.012501 82.487 366.258 -0.51947981 0.70022088 0.48972589 0
-42.000198 -17.561701 405.95001 -0.38713974 -0.14893378 0.90991294 0
-41.9981 81.738899 364.439 -0.51891786 -0.14995818 -0.84156805 0
-41.9977 79.864403 364.87399 -0.33317351 -0.32136559 -0.88640821 0
-41.983799 81.401901 367.63199 -0.32242984 0.7008599 0.63626593 0
-41.983501 82.675598 364.27802 -0.74636143 -0.063464426 -0.66250801 0
-41.923 79.620598 364.939 -0.23379739 -0.52859813 -0.81604093 0
-41.9226 -18.583401 405.47601 0.3504532 -0.93625134 0.024818735 0
-41.921501 80.314903 364.68399 -0.39593494 -0.30299833 -0.86684918 0
-41.9049 -18.3932 404.98999 0.19019954 -0.95549887 -0.22549075 0
-41.887001 81.513298 364.44199 -0.49047589 -0.16029768 -0.85658509 0
-41.867199 -17.954399 403.19 0.032434549 -0.98165864 -0.1878677 0
-41.854198 -17.9077 406.004 -0.36846277 -0.037776101 0.92887467 0
-41.8484 -18.0201 403.75201 0.065652713 -0.9881112 -0.13901791 0
-41.841801 81.956902 367.13101 -0.38884681 0.68251646 0.61884522 0
-41.827801 80.963699 368.23599 -0.33110514 0.74312139 0.58149809 0
-41.827099 -16.519501 406.23999 -0.32991502 -0.16283867 0.92986 0
-41.772499 80.801804 364.47501 -0.46311212 -0.16182762 -0.87140059 0
-41.768002 82.6754 364.15201 -0.58617413 -0.089901544 -0.80518174 0
-41.697601 -16.9984 406.19501 -0.38221002 -0.178546 0.90666246 0
-41.694599 82.078201 364.19199 -0.49708188 -0.15370487 -0.85398149 0
-41.624001 -18.0772 404.203 0.11087549 -0.98288018 -0.14715002 0
-41.5895 82.741501 366.25601 -0.43736821 0.73396742 0.51961607 0
-41.5867 82.3162 366.853 -0.37695393 0.73471761 0.56399977 0
-41.5854 79.752701 364.79001 -0.16568482 -0.33823735 -0.92636067 0
-41.557598 81.614098 367.63101 -0.35657501 0.6852966 0.63499832 0
-41.550098 81.036003 368.29901 -0.38776964 0.74811608 0.53847659 0
-41.489899 83.029602 365.931 -0.47619134 0.7359516 0.48126605 0
-41.489101 80.758202 368.72299 -0.38776964 0.74811608 0.53847659 0
-41.471199 83.435898 365.27701 -0.58895469 0.78038925 0.21005946 0
-41.469299 -18.4158 406.12299 -0.30822918 -0.0648674 0.94909799 0
-41.436699 -17.9606 403.69601 0.16569197 -0.9719004 -0.16719979 0
-41.434299 -17.5984 406.20801 -0.39595315 -0.12780558 0.90933317 0
-41.401699 -16.174999 406.43701 -0.33484271 -0.13206194 0.93297374 0
-41.397499 80.651901 364.34201 -0.37020358 -0.24640411 -0.89567536 0
-41.396599 82.039703 364.052 -0.49026278 -0.16540959 -0.85573483 0
-41.395401 81.401802 364.17401 -0.46973562 -0.17966717 -0.86433107 0
-41.393101 -17.8971 406.194 -0.37291849 -0.1032648 0.92209989 0
-41.356998 -16.941099 406.35101 -0.36025977 -0.14561707 0.92141664 0
-41.3288 83.553802 365.28 -0.73205894 0.62268078 0.27633008 0
-41.324799 82.6008 363.879 -0.47794777 -0.17368299 -0.86104596 0
-41.3242 -18.0207 404.203 0.16921823 -0.97240323 -0.16061474 0
-41.323299 82.901299 363.814 -0.53032714 -0.12200654 -0.83896816 0
-41.314701 83.725304 363.535 -0.70374149 0.11776903 -0.70062715 0
-41.311401 -18.4046 406.15302 -0.19853823 -0.18238501 0.96297365 0
-41.270302 81.168098 368.319 -0.38776964 0.74811608 0.53847659 0
-41.2323 82.868301 366.36801 -0.43817636 0.72977418 0.52481532 0
-41.167702 -16.4722 406.48901 -0.35688111 -0.1184432 0.92661053 0
-41.1329 80.953796 364.133 -0.29851237 -0.34648895 -0.8892895 0
-41.1063 83.292099 365.90302 -0.48562157 0.72736847 0.48487809 0
-41.100899 -17.618401 406.34799 -0.42733833 -0.17677996 0.88664019 0
-41.061798 -17.8475 403.556 0.21776532 -0.9653604 -0.1437275 0
-41.0228 -17.9793 404.35101 0.20850231 -0.93364775 -0.29125369 0
-40.947201 82.3396 367.16299 -0.35677534 0.70519102 0.6127128 0
-40.943699 81.718597 367.89499 -0.38251066 0.70011395 0.6029312 0
-40.938 84.174004 364.70901 -0.48891127 0.80679333 0.33173829 0
-40.9119 -18.358 405.51599 0.076607667 -0.9910574 -0.10925419 0
-40.911598 -15.4803 406.72601 -0.35174924 -0.14402288 0.92494857 0
-40.9058 83.148003 363.51099 -0.41777465 -0.23956726 -0.87639707 0
-40.8675 84.088402 364.936 -0.50787008 0.72917604 0.45866141 0
-40.8526 -18.191 406.32199 -0.083081804 -0.25459892 0.96347123 0
-40.839901 83.671303 365.58499 -0.44208604 0.72429365 0.52911121 0
-40.8339 82.026398 367.599 -0.3679876 0.69319105 0.61973482 0
-40.819401 -18.1315 404.93701 0.18653266 -0.93067902 -0.31470954 0
-40.800499 -15.8743 406.703 -0.36566728 -0.12122905 0.92281687 0
-40.798698 81.363503 363.87701 -0.29342851 -0.32314146 -0.89971066 0
-40.797401 80.729401 364.121 -0.18897034 -0.4183715 -0.88840055 0
-40.785099 84.532799 363.478 -0.48112401 0.87665242 -0.00050735928 0
-40.724899 82.6007 363.57501 -0.48080677 -0.18192685 -0.85774559 0
-40.7234 -18.4533 406.077 0.16940683 -0.98175126 0.08640448 0
-40.723099 84.558601 364.07199 -0.64941168 0.75276119 0.10777336 0
-40.704601 -17.950899 404.46399 0.20230518 -0.93276089 -0.29837844 0
-40.6805 83.840599 363.246 -0.47573084 0.052266587 -0.87803668 0
-40.649601 81.812798 363.68399 -0.40476736 -0.24096878 -0.88209832 0
-40.6478 -17.889799 404.276 0.16428794 -0.95640248 -0.24146171 0
-40.644901 82.190002 363.582 -0.45875487 -0.26209825 -0.84902793 0
-40.6436 83.072899 363.41299 -0.46816126 -0.19561413 -0.86171931 0
-40.629799 -17.7857 403.75201 0.14179543 -0.97736514 -0.15700793 0
-40.577599 84.739098 364.09399 -0.63426656 0.74575192 0.20386258 0
-40.553501 84.114601 365.20099 -0.43582526 0.76099902 0.48055881 0
-40.533401 -17.0168 406.69199 -0.38897294 -0.084328689 0.91738147 0
-40.5163 -16.3423 406.76801 -0.41332418 -0.10518304 0.90448862 0
-40.500801 -15.9493 406.823 -0.41559568 -0.11670377 0.9020313 0
-40.4235 -18.2603 405.552 0.11207889 -0.94822282 -0.29717296 0
-40.412102 -17.7279 406.69101 -0.46565947 -0.086449496 0.88073134 0
-40.386398 -18.042299 404.91599 0.083214924 -0.95249987 -0.2929492 0
-40.296799 82.327003 367.60101 -0.39585912 0.70627129 0.58692116 0
-40.268398 84.401497 362.94501 -0.89556634 -0.15800744 -0.41592619 0
-40.2285 82.9282 366.91599 -0.38910687 0.72349012 0.57022613 0
-40.227699 83.629601 366.048 -0.36798239 0.72690558 0.57982516 0
-40.2216 84.865196 364.33701 -0.5426591 0.73932427 0.39864853 0
-40.216099 -18.2668 406.78 -0.81814378 -0.37395257 0.43680683 0
-40.163502 83.556602 363.05499 -0.48334357 -0.18342698 -0.85599858 0
-40.1572 82.303802 363.28101 -0.43866193 -0.22687019 -0.86954331 0
-40.1189 -18.5828 406.67401 -0.51046604 -0.82713008 -0.23511764 0
-40.104698 -17.75 403.79001 0.066203043 -0.96550822 -0.25181541 0
-40.058201 85.067299 363.556 -0.79117435 0.60933566 0.05247093 0
-40.0504 85.141602 363.96399 -0.50038671 0.84641576 0.18219082 0
-40.047401 81.628998 363.53601 -0.20538819 -0.39647025 -0.89477766 0
-40.043598 82.864799 363.10501 -0.46599066 -0.16953389 -0.86839563 0
-39.976101 84.344101 362.776 -0.57479715 -0.12420958 -0.80881411 0
-39.973301 84.200897 365.483 -0.38051435 0.72611308 0.57268542 0
-39.971401 -18.625099 406.67499 -0.42768455 -0.90304124 -0.040031064 0
-39.937801 83.271004 362.974 -0.50500339 -0.17387898 -0.84542161 0
-39.861401 -17.373899 406.95099 -0.37368205 -0.034904942 0.92689985 0
-39.861301 -18.4573 406.117 -0.38142875 -0.8512249 -0.3604556 0
-39.831699 83.873802 362.78201 -0.52302271 -0.17295696 -0.83458561 0
-39.823299 -18.731501 406.97699 -0.21926093 -0.94358337 0.2481432 0
-39.822899 85.230202 364.15201 -0.56061202 0.80610144 0.18951154 0
-39.816601 -15.9481 407.164 -0.3862558 -0.021650184 0.92213756 0
-39.816002 85.507202 362.87201 -0.72049266 0.6934551 0.0032129132 0
-39.774601 84.630699 365.08701 -0.41682097 0.73003703 0.54157752 0
-39.729198 85.064903 364.526 -0.45870245 0.75235116 0.47282106 0
-39.721802 83.608398 366.37601 -0.36786342 0.72864646 0.57771176 0
-39.720402 -17.826401 404.18399 -0.0015825862 -0.96773618 -0.25196075 0
-39.7202 -18.147499 405.34601 0.036773078 -0.95162547 -0.30505201 0
-39.692402 -17.9921 404.83801 0.0062200017 -0.96527743 -0.26115289 0
-39.671299 -16.398001 407.17899 -0.29296073 -0.065829091 0.95385563 0
-39.667 85.565903 363.478 -0.66715449 0.74306709 0.052499108 0
-39.634602 -17.692101 407.008 -0.36630106 0.20048353 0.90864182 0
-39.615601 85.822098 362.578 -0.75065196 0.65541196 0.083407164 0
-39.598999 -18.6248 406.64001 0.025151599 -0.94696146 -0.32036126 0
-39.597401 82.602303 362.94901 -0.34614 -0.29314017 -0.89121038 0
-39.596901 82.3041 363.091 -0.22491363 -0.46274498 -0.85748523 0
-39.591499 84.852898 362.41901 -0.6432659 -0.032657597 -0.76494604 0
-39.523701 82.995102 362.79401 -0.38814777 -0.26413572 -0.88293469 0
-39.519901 85.6008 362.367 -0.77488363 0.29623458 -0.55839092 0
-39.513699 83.504501 362.65799 -0.45772523 -0.2110057 -0.86369216 0
-39.467899 -18.4095 406.116 0.08993993 -0.9463743 -0.31030071 0
-39.466301 83.232498 367.03799 -0.39739445 0.72782201 0.55888534 0
-39.448799 -18.0483 404.98801 -0.0018228506 -0.96712703 -0.25428715 0
-39.444302 84.590698 362.38901 -0.48385683 -0.19420646 -0.85332668 0
-39.439899 85.114601 362.285 -0.48593998 0.039489634 -0.87309963 0
-39.400501 85.655701 362.87701 -0.52243179 0.85239619 0.022040151 0
-39.379299 84.409599 365.60901 -0.36803639 0.72027397 0.588009 0
-39.375401 -18.5975 406.75 0.17501655 -0.9731316 0.14961328 0
-39.368801 -17.9342 404.51099 -0.02787078 -0.97247642 -0.23132841 0
-39.368698 85.788902 363.47601 -0.55305779 0.82844782 0.088324785 0
-39.2981 -18.1576 405.40201 -0.0095754666 -0.95233154 -0.30491456 0
-39.297699 83.897903 366.28799 -0.37443984 0.72553116 0.57740742 0
-39.293999 85.537003 364.185 -0.43084946 0.76859558 0.47289491 0
-39.227699 85.864304 363.63 -0.5615328 0.74581927 0.35837761 0
-39.151501 -15.6492 407.375 -0.31426182 -0.053694077 0.94781667 0
-39.148499 85.277603 364.677 -0.37855864 0.74165142 0.55375671 0
-39.1273 -15.3198 407.42001 -0.37243962 -0.10199758 0.92243439 0
-39.097698 86.312798 362.35501 -0.70941174 0.57289767 -0.41051582 0
-39.073299 -17.5986 407.25601 -0.34847578 0.038036339 0.93654573 0
-39.0732 84.982697 365.099 -0.3482939 0.72553134 0.59354502 0
-39.072701 -17.872601 404.20599 0.013102213 -0.9579125 -0.28676122 0
-39.041599 86.255402 362.87701 -0.73751247 0.66793907 0.099663362 0
-39.037998 -15.9486 407.41101 -0.32816947 -0.046098292 0.94349337 0
-39.033798 -16.547701 407.384 -0.28160229 -0.10954744 0.95325732 0
-39.017399 -16.895901 407.32501 -0.22940196 -0.11485985 0.96653086 0
-39.000401 86.0485 363.55301 -0.52488965 0.73768234 0.42463589 0
-38.997398 82.977898 362.59 -0.34201503 -0.30442089 -0.88901836 0
-38.997101 82.681999 362.741 -0.10772965 -0.52048653 -0.84704667 0
-38.977299 85.787201 364.056 -0.43737274 0.77237701 0.46058533 0
-38.940399 85.759804 361.91901 -0.62281859 0.32081529 -0.71356469 0
-38.923599 86.349098 362.577 -0.58464038 0.80499011 -0.10092872 0
-38.914101 86.381699 362.353 -0.58464038 0.80499011 -0.10092872 0
-38.907299 86.293297 363.245 -0.5915038 0.74001408 0.32016 0
-38.848999 -18.0144 404.87799 0.07248424 -0.98223215 -0.173107 0
-38.847099 85.531898 364.534 -0.36619592 0.75407577 0.54522502 0
-38.8269 83.737503 362.26501 -0.30169785 -0.31411797 -0.90017128 0
-38.815102 84.727402 362.02399 -0.45404884 -0.21496718 -0.86465532 0
-38.807899 84.536598 365.798 -0.35544008 0.74054176 0.5703159 0
-38.702202 84.099602 362.117 -0.38432524 -0.25322005 -0.88779145 0
-38.700401 -17.149599 407.36801 -0.27416012 -0.095741101 0.95690638 0
-38.698898 -17.7857 407.353 -0.24522942 0.041231453 0.96858788 0
-38.6982 -17.941401 404.577 0.10940146 -0.97618657 -0.18732628 0
-38.697498 83.352699 362.341 -0.29727262 -0.30688217 -0.9041307 0
-38.660198 86.021202 363.96399 -0.42479545 0.76025528 0.49148825 0
-38.6427 -15.677 407.573 -0.35781196 -0.10998472 0.9272939 0
-38.631401 86.711899 362.879 -0.71519715 0.62038058 0.32190222 0
-38.624599 84.890602 365.448 -0.33805659 0.73557597 0.58706534 0
-38.6241 85.304901 364.94101 -0.32902932 0.73551506 0.59224766 0
-38.616299 86.197601 361.711 -0.68480909 0.41473234 -0.59919417 0
-38.584702 -18.215799 406.14999 0.18856114 -0.9318589 -0.30997366 0
-38.568001 -17.996401 405.09299 0.13137038 -0.98359692 -0.12360784 0
-38.507099 85.602303 361.66501 -0.50177211 -0.10848312 -0.85817027 0
-38.502102 -16.7647 407.491 -0.29272354 -0.16890019 0.94116187 0
-38.488098 86.591904 362.27301 -0.71435827 0.65391767 -0.24916643 0
-38.4743 -17.299101 407.41901 -0.30442637 -0.080775231 0.94910479 0
-38.473701 -18.028999 405.552 0.12297665 -0.97324866 -0.19407158 0
-38.473598 -18.414 406.75201 -0.19990112 -0.97861677 -0.048463486 0
-38.472099 -18.0466 407.43799 -0.10566545 -0.03885464 0.99364233 0
-38.435699 -17.8603 404.35199 0.089788616 -0.97843611 -0.18601273 0
-38.434399 86.583801 363.25101 -0.47222954 0.65001154 0.59538579 0
-38.403702 87.034698 362.577 -0.72696793 0.64917117 -0.22381783 0
-38.4007 -17.748199 407.41699 -0.2368715 0.037269104 0.97082591 0
-38.3997 84.3255 361.909 -0.38327062 -0.26383492 -0.8851524 0
-38.3978 83.279099 362.30399 -0.075933665 -0.42835817 -0.90041286 0
-38.3964 83.505096 362.19299 0.0014635272 -0.25359121 -0.96731037 0
-38.342899 85.794601 364.491 -0.35188571 0.73995042 0.57327986 0
-38.341702 86.872597 362.27899 -0.72696793 0.64917117 -0.22381783 0
-38.319401 86.1996 361.51599 -0.46573797 0.17545158 -0.86735511 0
-38.2887 85.018799 361.673 -0.46205679 -0.20701416 -0.86235064 0
-38.2505 85.350601 365.09299 -0.36087713 0.72881138 0.58189487 0
-38.248199 -17.930099 404.952 0.11305501 -0.98503429 -0.13010021 0
-38.243198 87.096298 362.91599 -0.55165648 0.76650876 0.32884562 0
-38.220402 -17.9928 405.34698 0.061230596 -0.98405045 -0.16701961 0
-38.211102 -18.1553 406.15302 0.051853914 -0.95474559 -0.29286864 0
-38.173401 -18.368601 406.75201 0.048571777 -0.98743379 -0.15038399 0
-38.168999 84.535202 361.733 -0.42421138 -0.30719349 -0.85186666 0
-38.153599 -17.017099 407.578 -0.35311973 -0.11705975 0.92822599 0
-38.119301 85.544098 361.45599 -0.50707525 -0.13630322 -0.85105592 0
-38.058899 86.255302 364.07401 -0.37443429 0.75097865 0.54390264 0
-38.022999 86.712799 363.401 -0.41569653 0.65099722 0.63513702 0
-37.986301 -16.1551 407.76901 -0.3614907 -0.12369723 0.9241339 0
-37.947498 -18.122101 407.50101 -0.18775934 -0.2988933 0.93563306 0
-37.944599 87.169701 363.00601 -0.34793594 0.66453248 0.66131473 0
-37.944302 86.796204 361.68399 -0.44899344 0.64237493 -0.6210953 0
-37.9165 87.316704 362.39801 -0.54399866 0.83897263 -0.013799434 0
-37.908699 86.6036 363.66199 -0.42503911 0.75073951 0.5056994 0
-37.873199 -15.4987 407.89401 -0.36097166 -0.099017158 0.92730528 0
-37.870602 -17.8972 407.578 -0.18775934 -0.2988933 0.93563306 0
-37.7957 86.274101 361.25201 -0.39303315 0.30322495 -0.86808962 0
-37.761299 85.638702 361.21301 -0.47900045 -0.034247771 -0.8771463 0
-37.760399 84.1026 361.75101 -0.22112788 -0.51591527 -0.82760733 0
-37.749001 85.661201 365.03201 -0.3601988 0.72950739 0.58144283 0
-37.704498 -18.3762 406.789 0.098050721 -0.99482024 -0.026809173 0
-37.683899 86.5187 363.96201 -0.38707 0.75092256 0.53506267 0
-37.648102 -17.872299 404.87799 -0.0097762076 -0.99630499 -0.085327618 0
-37.644001 87.386101 362.28201 -0.36483696 0.81655037 -0.44736952 0
-37.6106 86.961098 363.401 -0.3970767 0.70984024 0.58177054 0
-37.610001 84.851997 361.345 -0.25204849 -0.42465466 -0.8695631 0
-37.575901 -18.023199 405.66501 0.044458587 -0.97853047 -0.20124993 0
-37.570801 86.273003 361.14899 -0.46183208 0.39145774 -0.79590952 0
-37.569698 87.488403 362.87299 -0.53135228 0.82466805 0.1938747 0
-37.499802 86.880798 361.63199 -0.23342311 0.61106664 -0.75638032 0
-37.498299 85.1511 361.17999 -0.45032892 -0.26489404 -0.85266346 0
-37.485199 86.229401 364.479 -0.3535884 0.741014 0.57085329 0
-37.415798 85.454803 361.03201 -0.45032892 -0.26489404 -0.85266346 0
-37.382099 87.352699 363.099 -0.30357736 0.74866915 0.58935159 0
-37.348598 87.6996 362.577 -0.40720549 0.88682705 0.21845244 0
-37.348301 -17.9312 405.25201 0.0030419838 -0.99083686 -0.13502966 0
-37.347801 87.025398 361.70001 -0.23342311 0.61106664 -0.75638032 0
-37.346802 -15.7796 408.07101 -0.32189438 -0.086425334 0.94282269 0
-37.311901 -15.2926 408.12601 -0.32380053 -0.065555528 0.94385153 0
-37.311001 -17.017401 407.91 -0.367428 -0.077273406 0.92683625 0
-37.2257 -17.897699 407.88901 -0.49953443 0.0061690854 0.86627203 0
-37.2202 -18.1143 407.85501 -0.49953443 0.0061690854 0.86627203 0
-37.198799 85.000702 361.12 -0.25204849 -0.42465466 -0.8695631 0
-37.198601 -17.9256 404.87701 0.0031462193 -0.99394381 -0.10984468 0
-37.198502 -18.084999 406.00299 0.043850582 -0.97165215 -0.23231278 0
-37.195999 85.228401 361.017 -0.26768583 -0.43515 -0.85964453 0
-37.183498 87.319298 361.879 -0.34060755 0.69555366 -0.63260698 0
-37.140701 86.468498 361.15201 -0.26692078 0.62053257 -0.73735517 0
-37.085499 -17.655001 407.94601 -0.49953443 0.0061690854 0.86627203 0
-37.048302 -17.979799 405.552 0.040095288 -0.97756118 -0.20680055 0
-37.048302 -18.237301 406.60001 0.019140182 -0.93825263 -0.34542105 0
-37.048302 -17.979799 405.552 0.040095288 -0.97756118 -0.20680055 0
-37.048302 -18.237301 406.60001 0.019140182 -0.93825263 -0.34542105 0
-37.048302 -17.979799 405.552 0.040095288 -0.97756118 -0.20680055 0
-37.048302 -18.237301 406.60001 0.019140182 -0.93825263 -0.34542105 0
-37.046001 -15.798 408.181 -0.26096314 -0.080805175 0.96196091 0
-37.0448 86.2686 360.95901 -0.21559525 0.57184571 -0.79152459 0
-37.023998 -18.1166 407.98901 -0.49953443 0.0061690854 0.86627203 0
-36.993301 87.178596 361.70099 -0.27949801 0.58933145 -0.75800353 0
-36.9716 87.394302 363.23001 -0.31232998 0.72300607 0.61620796 0
-36.916302 -16.389 408.142 -0.27601916 -0.13174407 0.95208031 0
-36.903702 86.7584 361.33801 -0.24790567 0.62442583 -0.74069905 0
-36.825802 86.542297 364.45599 -0.35212591 0.75350809 0.55518723 0
-36.824402 86.383499 364.67899 -0.35787219 0.76214749 0.53949863 0
-36.821899 86.119102 365.04999 -0.37314942 0.74909699 0.54736936 0
-36.820499 -17.972 408.07999 -0.49953443 0.0061690854 0.86627203 0
-36.748402 -17.9963 405.702 0.030044492 -0.97424388 -0.22348648 0
-36.748299 -18.5284 407.276 -0.26491535 -0.96411377 0.017451482 0
-36.748199 -15.3487 408.29001 -0.2650162 -0.034257144 0.96363521 0
-36.745201 -16.8475 408.13599 -0.26630655 -0.10866717 0.95774335 0
-36.710701 87.6828 362.98901 -0.32554615 0.77270412 0.54492939 0
-36.650398 87.8255 362.24399 -0.66098136 0.68294275 -0.31095469 0
-36.541901 86.1642 360.83401 -0.20979117 0.46058449 -0.86246717 0
-36.484299 87.398201 361.66101 -0.31344983 0.70882261 -0.63191748 0
-36.448399 -18.5284 407.27802 0.10533082 -0.99329013 0.047750268 0
-36.448299 -17.9569 405.552 0.025343889 -0.97510618 -0.22028533 0
-36.337502 -15.3485 408.38101 -0.22920209 -0.015722333 0.97325188 0
-36.3353 87.440399 363.55099 -0.34932041 0.74729705 0.56526315 0
-36.297199 87.946602 362.203 -0.41780609 0.79603732 -0.43790716 0
-36.2864 87.784203 363.13599 -0.37120867 0.72289526 0.58277488 0
-36.223301 -18.1012 406.142 0.064898752 -0.94871688 -0.30939358 0
-36.220402 87.620399 361.724 -0.3476913 0.69895458 -0.62495857 0
-36.204899 -18.3405 406.79099 0.12151051 -0.94622356 -0.29982683 0
-36.169399 -16.8494 408.27301 -0.25970376 -0.13901874 0.95562953 0
-36.166199 -15.6204 408.43701 -0.23406506 -0.0064439932 0.97219956 0
-36.152599 -16.5881 408.29999 -0.25970376 -0.13901874 0.95562953 0
-36.144901 86.867699 361.19 -0.25253266 0.53604907 -0.80553007 0
-36.083302 86.755699 364.659 -0.38003588 0.76059294 0.52637547 0
-36.0704 88.145897 362.87399 -0.34649289 0.81737149 0.46026787 0
-36.064098 88.215202 362.72501 -0.43193182 0.90133768 -0.032020941 0
-35.997299 88.0877 362.16501 -0.45062995 0.76879919 -0.45374057 0
-35.848999 -15.3486 408.50101 -0.23007202 0.00092806388 0.97317314 0
-35.8489 87.552299 361.535 -0.25741449 0.54525012 -0.79777193 0
-35.847 87.788101 363.39999 -0.35368839 0.72473258 0.59132665 0
-35.811901 -18.2679 406.716 0.1510786 -0.94498885 -0.29012305 0
-35.770199 86.1231 360.57001 -0.12877655 0.11863705 -0.98455161 0
-35.767601 88.354698 362.35699 -0.47667855 0.87780982 0.047195997 0
-35.764301 87.436501 363.909 -0.33782604 0.76729697 0.54509538 0
-35.736401 86.952202 361.13 -0.27174082 0.53680819 -0.79874521 0
-35.736198 -18.038099 406.00299 0.054127362 -0.96259725 -0.26547471 0
-35.698601 86.285202 360.63599 -0.30163547 0.35859624 -0.88341653 0
-35.695202 87.916603 361.77499 -0.34814325 0.70056993 -0.62289488 0
-35.623402 -17.713499 408.43301 0.02518262 -0.10445092 0.99421114 0
-35.623001 -15.9485 408.56601 -0.29869908 -0.094459049 0.9496612 0
-35.606098 -18.4091 407.37201 0.13782632 -0.98445904 -0.10883129 0
-35.546299 88.289101 362.97101 -0.17440355 0.93855941 0.29780808 0
-35.5117 -17.9356 405.582 0.12460723 -0.93630058 -0.32835084 0
-35.487202 -17.0991 408.42899 -0.26133305 -0.027947197 0.96484405 0
-35.4767 87.106499 361.125 -0.31017968 0.5037635 -0.80623251 0
-35.467899 87.163399 364.51999 -0.38658723 0.76643008 0.51296711 0
-35.436798 -16.249201 408.57401 -0.28535718 -0.14390714 0.94755578 0
-35.398201 86.726097 360.836 -0.27170473 0.53839242 -0.79769051 0
-35.321499 86.273399 360.54199 -0.059739225 0.41415972 -0.90824169 0
-35.248501 -18.309401 407.88101 0.047209535 -0.99675238 0.065237954 0
-35.2477 86.425598 360.582 -0.059739225 0.41415972 -0.90824169 0
-35.247398 -18.297701 407.35101 0.15202439 -0.97559553 -0.15843588 0
-35.247002 88.294296 363.02399 -0.39103758 0.80643713 0.44356367 0
-35.2463 88.6343 362.26501 -0.4480544 0.82506967 0.34424883 0
-35.2118 -18.143 406.75299 0.069972664 -0.97152668 -0.22636205 0
-35.192501 87.828003 363.72101 -0.35688451 0.76983356 0.52914053 0
-35.1735 -17.903799 405.552 0.071084648 -0.92980969 -0.36111075 0
-35.171001 -17.222601 408.508 -0.26590332 -0.02390166 0.96370333 0
-35.0951 88.153503 363.32199 -0.30798882 0.76396191 0.56701422 0
-35.091801 88.1493 361.71301 -0.35980251 0.65074921 -0.66863114 0
-35.064201 -16.705299 408.61499 -0.25108618 -0.14578269 0.95692378 0
-35.013802 87.532204 361.177 -0.38457641 0.54278708 -0.74664795 0
-34.948299 -17.9858 406.00101 0.021765841 -0.96889055 -0.24653061 0
-34.947201 -17.873199 408.578 -0.33508834 -0.15528449 0.92930216 0
-34.947102 -15.9859 408.754 -0.24805945 -0.075958259 0.96576232 0
-34.873299 -15.4988 408.742 -0.25470668 0.024041813 0.96671945 0
-34.8731 88.809898 362.60001 -0.43207419 0.82423687 0.36598563 0
-34.870399 88.821198 362.25201 -0.18095283 0.98317522 0.024950717 0
-34.820599 88.589104 362.88 -0.37876689 0.80133188 0.46303663 0
-34.7243 -18.319201 407.953 0.18358251 -0.98108554 0.061389495 0
-34.683899 87.972198 361.31601 -0.38336048 0.54406589 -0.74634242 0
-34.6763 -18.0404 406.134 0.028317904 -0.96117097 -0.27449673 0
-34.646999 86.874001 360.64499 -0.20700277 0.42994693 -0.87880343 0
-34.534302 87.811501 361.142 -0.30319428 0.51737469 -0.80024785 0
-34.530899 88.655296 361.86801 -0.40061602 0.64246285 -0.65325969 0
-34.498699 -18.177 407.23901 0.039055578 -0.99035716 -0.13291855 0
-34.498402 -15.8737 408.86401 -0.19379084 -0.031763233 0.98052853 0
-34.498199 -18.150299 406.52701 0.0021471644 -0.98712236 -0.15995246 0
-34.497799 87.475403 360.92499 -0.32448348 0.48115796 -0.81436938 0
-34.4506 88.208603 361.40302 -0.38213021 0.60749459 -0.69636691 0
-34.4422 88.433403 363.35501 -0.35298908 0.76505452 0.53860033 0
-34.4249 -16.549101 408.79099 -0.25430858 -0.11597822 0.96014386 0
-34.4216 86.798302 360.564 -0.060856514 0.086273037 -0.99441111 0
-34.4142 87.935204 364.133 -0.37892812 0.7740137 0.50726348 0
-34.350899 87.297997 365.16699 -0.4137907 0.79655892 0.44076207 0
-34.348701 -17.969101 405.854 0.032651119 -0.94891953 -0.31382427 0
-34.348301 -16.8487 408.80499 -0.27711451 -0.092332698 0.9563902 0
-34.347301 -15.011 408.87601 -0.24299362 -0.02192812 0.96978003 0
-34.2686 88.908501 362.79599 -0.34083301 0.82328618 0.45390832 0
-34.1227 86.800598 360.522 -0.20161669 0.33645841 -0.91986221 0
-34.1035 88.674599 361.62399 -0.25555927 0.56291157 -0.78601527 0
-34.085999 -18.2113 407.27701 0.0047672498 -0.99936855 -0.035211138 0
-34.067402 -16.6987 408.892 -0.2517902 -0.04823567 0.96657902 0
-34.0494 87.028099 360.573 -0.20161669 0.33645841 -0.91986221 0
-34.0467 87.361298 360.69601 -0.27484095 0.38799605 -0.87972808 0
-34.046501 89.036102 362.72601 -0.3675051 0.81757522 0.44329536 0
-33.971199 -18.1611 408.55399 -0.22486509 -0.96498388 0.13506217 0
-33.907398 -17.9335 405.927 0.20206575 -0.87828743 -0.43333656 0
-33.888599 -18.219601 407.87701 -0.16704114 -0.98323137 0.07316687 0
-33.812901 -17.503901 408.87701 -0.44921052 -0.22208874 0.86538231 0
-33.804798 -16.126801 408.95999 -0.23410076 -0.049061093 0.97097367 0
-33.7523 88.960297 363.05399 -0.35898793 0.77810383 0.51544362 0
-33.749001 -18.176001 406.75299 0.08261209 -0.97962976 -0.18303208 0
-33.7444 88.969902 361.72101 -0.4027358 0.61054659 -0.68193603 0
-33.712101 88.156403 361.19101 -0.16710775 0.55335879 -0.81600797 0
-33.694401 89.455597 362.27802 -0.49047327 0.78708088 -0.37408507 0
-33.672199 88.104103 364.45099 -0.3932153 0.78025699 0.48639569 0
-33.669201 -18.145201 408.70499 -0.29016662 -0.87801838 0.38064036 0
-33.634499 -15.3484 409.022 -0.23698319 -0.064645886 0.96936053 0
-33.634102 -17.147499 408.99701 -0.26091829 -0.039444908 0.96455467 0
-33.5979 -18.2423 408.47601 -0.19714299 -0.97948128 0.041845061 0
-33.569599 -17.965 406.14999 0.17021345 -0.91146147 -0.37452015 0
-33.521999 88.5979 361.47101 -0.1904466 0.48565972 -0.85314989 0
-33.496899 87.717697 365.22299 -0.44847643 0.77900785 0.43819588 0
-33.448299 89.149597 361.69601 -0.48673692 0.44751167 -0.75021362 0
-33.4482 87.477402 360.58401 -0.11328874 0.47863552 -0.87067431 0
-33.448101 -18.179001 407.802 0.024832631 -0.99924254 -0.029960413 0
-33.447498 89.324402 361.858 -0.53722966 0.64584929 -0.54246014 0
-33.408901 88.667099 363.75601 -0.35962892 0.79731899 0.48471585 0
-33.391701 -15.6674 409.07901 -0.26452553 0.0042175688 0.96436948 0
-33.372002 89.467903 362.57599 -0.44982067 0.86084849 0.23791015 0
-33.254101 -18.208799 409.18799 0.017982548 -0.99879318 -0.045702785 0
-33.2253 -18.198099 409.681 0.1065659 -0.99028325 -0.089346163 0
-33.2243 88.254898 361.19199 -0.19003564 0.50093776 -0.84436238 0
-33.223701 89.069099 363.25299 -0.35158718 0.78030741 0.5172106 0
-33.2234 -17.9891 409.077 0.11885363 -0.98809886 -0.097644843 0
-33.1483 88.112701 361.047 -0.19003564 0.50093776 -0.84436238 0
-33.147701 -18.194599 407.276 0.080609076 -0.99382389 -0.076264247 0
-33.143501 89.825401 362.276 -0.48061782 0.87507808 0.056963444 0
-33.077801 89.490402 361.685 -0.54010957 0.47763702 -0.69292462 0
-33.073101 -17.997601 406.45099 0.12092283 -0.95297849 -0.27786624 0
-33.0681 88.370003 364.521 -0.40202042 0.78750253 0.46713954 0
-33.057301 -16.285999 409.185 -0.27503324 -0.023215543 0.9611544 0
-33.036701 -18.069599 406.75299 0.14910045 -0.96833962 -0.20021847 0
-33.0336 -15.3486 409.181 -0.25907761 -0.0090907244 0.96581376 0
-33.019699 -16.812901 409.14801 -0.21330421 -0.10560919 0.97126102 0
-33.0061 89.3815 362.931 -0.32931942 0.7720142 0.54363847 0
-32.997101 88.599998 361.31299 -0.25118521 0.49704906 -0.830571 0
-32.953999 88.983101 363.57401 -0.36749882 0.78790832 0.49411041 0
-32.948799 89.726196 361.75 -0.64810425 0.55261075 -0.52400595 0
-32.925999 -18.110399 409.67899 0.32109842 -0.93985283 0.11650082 0
-32.923401 -18.200199 407.952 0.038797081 -0.99782324 -0.053324796 0
-32.916801 89.272202 361.397 -0.49212664 0.33694321 -0.80267096 0
-32.904598 -18.212 408.439 -0.012776857 -0.99017322 0.13926159 0
-32.884899 87.401604 360.599 0.14833727 0.33095941 -0.93191302 0
-32.847301 88.069702 360.961 -0.17973861 0.47787586 -0.85984224 0
-32.829601 -18.1168 407.202 0.20393401 -0.96531916 -0.16300276 0
-32.772701 88.525299 361.19699 -0.40725636 0.45883951 -0.78968889 0
-32.751999 88.816002 364.03699 -0.40028536 0.78907973 0.46596652 0
-32.7477 90.019699 361.75601 -0.76657462 0.62849718 0.13173701 0
-32.699699 -17.149401 409.17099 -0.22730634 -0.18493816 0.9561013 0
-32.622101 -15.3481 409.28299 -0.26820049 -0.084170148 0.95967907 0
-32.606098 -17.959499 406.52899 0.10788732 -0.95494771 -0.27646926 0
-32.598999 89.979797 362.30801 -0.49042827 0.82616431 0.27736732 0
-32.548901 -17.8459 406.15399 0.08914867 -0.91283494 -0.39847815 0
-32.546501 87.481796 360.73099 0.024614811 0.29809272 -0.95421952 0
-32.5462 -16.248699 409.33499 -0.21446289 -0.053562772 0.97526234 0
-32.541302 90.131699 362.12201 -0.61378008 0.75652134 0.22571985 0
-32.5355 89.676399 362.797 -0.35261413 0.78560221 0.50842154 0
-32.470402 88.547096 364.74899 -0.39865869 0.79219335 0.46206164 0
-32.436001 -16.848801 409.28799 -0.22489446 -0.1315338 0.96546429 0
-32.436001 -15.9487 409.336 -0.21101719 -0.0041340156 0.97747362 0
-32.436001 -16.848801 409.28799 -0.22489446 -0.1315338 0.96546429 0
-32.436001 -15.9487 409.336 -0.21101719 -0.0041340156 0.97747362 0
-32.436001 -16.848801 409.28799 -0.22489446 -0.1315338 0.96546429 0
-32.3969 89.163399 361.091 -0.45602244 0.15731575 -0.87595391 0
-32.3284 88.752197 361 -0.41620603 0.22863975 -0.88005477 0
-32.323101 87.550797 360.76001 -0.1530541 0.23280138 -0.96040511 0
-32.320499 87.9991 360.84698 -0.33888 0.21939307 -0.91489184 0
-32.309101 90.443398 361.67499 -0.51502007 0.77541488 0.36535749 0
-32.287498 -15.34 409.38501 -0.28732497 -0.089448728 0.95364738 0
-32.248798 -17.9678 406.67801 0.18949464 -0.96606141 -0.17554805 0
-32.225899 89.911201 361.15799 -0.70695674 0.30340368 -0.63887274 0
-32.210701 -18.007099 407.35199 0.14291315 -0.98232746 -0.12086585 0
-32.192699 89.550499 363.25299 -0.38052371 0.79959202 0.46460125 0
-32.170601 89.735497 362.96701 -0.37848899 0.78186035 0.49541947 0
-32.156101 -16.8123 409.35101 -0.2213431 -0.13584806 0.96568757 0
-32.117401 -16.5488 409.388 -0.19075222 -0.060727585 0.97975802 0
-32.0993 -17.6695 409.189 0.16379641 -0.27160305 0.94836837 0
-32.098499 -17.9408 407.12701 0.11414492 -0.98533022 -0.1268672 0
-32.097401 -17.447599 409.26901 -0.067197263 -0.12932293 0.98932308 0
-32.0938 90.625702 361.604 -0.43570185 0.89331388 -0.11024611 0
-31.990999 90.3862 362.06 -0.36464965 0.79571557 0.48359838 0
-31.948601 -18.0525 407.98999 0.0073720841 -0.9987486 -0.049465485 0
-31.9482 -15.9487 409.44901 -0.24214266 -0.01965039 0.97004163 0
-31.948099 89.260696 363.992 -0.40827087 0.7899586 0.4574717 0
-31.9475 -18.097799 408.552 0.18398972 -0.97925359 0.084912948 0
-31.941099 90.472198 361.08499 -0.68227351 0.5803104 -0.44468275 0
-31.881001 90.1026 362.59399 -0.39300734 0.79061717 0.46954203 0
-31.798201 -14.6362 409.61801 -0.29027745 -0.097400464 0.95197278 0
-31.787901 90.757698 361.664 -0.32532075 0.92859495 0.17854357 0
-31.7344 90.4823 360.95999 -0.63390845 0.333464 -0.6978265 0
-31.7318 87.9263 360.51501 -0.28175679 -0.06691929 -0.95714939 0
-31.723301 90.404198 362.22101 -0.38269341 0.78295308 0.49043882 0
-31.6954 88.339401 360.526 -0.35062951 -0.2111219 -0.91240698 0
-31.6861 -18.035 407.70801 0.015738092 -0.98982817 -0.14139503 0
-31.6472 -18.035 408.47601 0.05523295 -0.99837047 -0.0143449 0
-31.641701 89.854301 363.245 -0.41345921 0.79000759 0.4527024 0
-31.5359 90.3256 362.50201 -0.38269341 0.78295308 0.49043882 0
-31.5086 -17.1117 409.448 -0.20944524 -0.19566396 0.95804399 0
-31.5023 89.652496 360.54901 -0.58053309 0.1875513 -0.79234201 0
-31.5002 89.201599 360.47198 -0.60088342 0.13714826 -0.78748298 0
-31.499399 89.951797 360.64401 -0.60190862 0.20089801 -0.77288163 0
-31.4228 91.077904 361.077 -0.23655905 0.97043228 -0.04796838 0
-31.348499 -17.9359 407.202 0.03976405 -0.98616332 -0.16093686 0
-31.348301 -18.0203 408.92599 -0.12024185 -0.97237068 0.20009293 0
-31.2745 -15.5741 409.68201 -0.26098266 -0.1288588 0.9567045 0
-31.273399 -17.881399 406.75299 0.23367901 -0.90507209 -0.35530078 0
-31.272301 -15.9858 409.64401 -0.23564401 -0.11879907 0.96455103 0
-31.2717 90.646599 362.20001 -0.41015977 0.75243694 0.51537138 0
-31.2607 91.218102 361.07999 -0.54497147 0.83012158 0.11791641 0
-31.2337 -16.5285 409.582 -0.21189101 -0.12910736 0.96872777 0
-31.222601 90.1791 360.51801 -0.56937128 0.24677117 -0.78416854 0
-31.180599 90.5028 362.50299 -0.42169377 0.78070545 0.46116522 0
-31.177799 91.148201 360.77899 -0.63223416 0.69363868 -0.34517437 0
-31.1611 -18.0354 407.728 0.065809838 -0.98887277 -0.1334154 0
-31.153601 89.705803 360.28699 -0.61234248 0.17820784 -0.77024585 0
-31.141001 89.238602 360.23199 -0.49770361 0.11196484 -0.86009014 0
-31.121 90.223999 363.06699 -0.42397004 0.79451847 0.43472961 0
-31.1182 88.751297 360.12399 -0.52288288 0.078947097 -0.84874076 0
-31.1094 91.325401 361.147 -0.54497147 0.83012158 0.11791641 0
-31.048901 -18.0299 408.81299 0.03534342 -0.99865133 0.038031224 0
-31.0487 -17.8416 406.67801 0.42171255 -0.85530198 -0.30102664 0
-31.040501 91.155701 361.57599 -0.54248244 0.73593783 0.40510282 0
-31.015499 90.552902 360.47299 -0.60391641 0.22512831 -0.76459283 0
-30.9902 -14.673 409.87201 -0.29942942 -0.10772596 0.94801748 0
-30.9893 91.148598 360.58499 -0.75474173 0.34959778 -0.55510932 0
-30.936199 -18.025299 408.552 0.03534342 -0.99865133 0.038031224 0
-30.935699 -15.911 409.73801 -0.24764079 -0.13910034 0.95881444 0
-30.9252 89.489304 364.50601 -0.32516029 0.76649529 0.55385542 0
-30.8297 91.417297 361.32001 -0.53508365 0.73127675 0.42298919 0
-30.8034 -16.247801 409.71201 -0.19729224 -0.15871632 0.96741146 0
-30.748699 -17.9888 407.65201 0.080615357 -0.98623353 -0.14437644 0
-30.748301 -17.932501 407.314 0.080615357 -0.98623353 -0.14437644 0
-30.747801 89.813499 364.151 -0.32137161 0.77106458 0.54970872 0
-30.681299 89.9506 359.98099 -0.5110321 0.13145609 -0.84945011 0
-30.672501 -17.521299 409.75 -0.5026046 0.0033194148 0.86451006 0
-30.6712 -15.3478 409.88699 -0.26877111 -0.13363974 0.95388812 0
-30.6703 88.977303 359.96399 -0.28793752 -0.085769407 -0.95380062 0
-30.667101 -17.3729 409.68799 -0.5026046 0.0033194148 0.86451006 0
-30.6647 91.512901 360.54599 -0.32722208 0.51745814 -0.79067236 0
-30.6278 -15.8935 409.81 -0.25247219 -0.14998177 0.95590967 0
-30.5987 89.548897 364.603 -0.32516029 0.76649529 0.55385542 0
-30.596701 90.213203 359.99899 -0.52782094 0.31655118 -0.78816265 0
-30.5959 91.315102 361.74899 -0.4125866 0.76247084 0.49840796 0
-30.595699 90.396301 363.31 -0.42688435 0.77600414 0.46431383 0
-30.5947 89.201897 359.91299 -0.28793752 -0.085769407 -0.95380062 0
-30.5823 90.896599 362.42401 -0.43024749 0.76175207 0.48437679 0
-30.556801 89.801201 359.87799 -0.71207005 0.0444814 -0.70069796 0
-30.5264 -17.3713 409.772 -0.5026046 0.0033194148 0.86451006 0
-30.523399 91.676201 360.58801 -0.6690281 0.74058211 -0.062765747 0
-30.523399 91.946701 361.077 -0.58560497 0.80939686 -0.044084754 0
-30.523399 91.676201 360.58801 -0.6690281 0.74058211 -0.062765747 0
-30.5191 -17.6509 409.75101 -0.5026046 0.0033194148 0.86451006 0
-30.4856 -17.9722 407.952 0.1318793 -0.9886384 -0.072124287 0
-30.4666 89.905098 364.189 -0.30968657 0.7731114 0.55352777 0
-30.447599 -17.989901 408.552 0.071043208 -0.99747199 -0.0015615815 0
-30.4468 90.547897 360.043 -0.23172267 0.15158497 -0.96089888 0
-30.364201 91.830498 361.21799 -0.1206359 0.80582827 0.57973081 0
-30.335899 -17.8983 407.35199 0.17735216 -0.97405541 -0.14057827 0
-30.335699 -17.958401 409.04001 0.052947406 -0.99770188 0.042279713 0
-30.298201 -16.5298 409.758 -0.2583971 -0.19387849 0.94638366 0
-30.2623 -17.760201 406.75601 0.12849623 -0.87741768 -0.46219799 0
-30.2381 -14.8756 410.07101 -0.24429463 -0.10366545 0.96414399 0
-30.2234 89.876297 359.36099 0.063040815 0.98704481 0.14754108 0
-30.223301 -17.5555 409.97699 -0.2840316 0.075594321 0.95583028 0
-30.2211 -17.3867 409.957 -0.2840316 0.075594321 0.95583028 0
-30.1548 91.695297 361.08099 0.55723214 0.78324735 -0.27570975 0
-30.1446 90.732597 359.97 -0.11260267 0.73400784 -0.66974109 0
-30.1194 91.2537 362.25699 -0.40653431 0.79897255 0.44313961 0
-30.1073 -15.6464 410.00601 -0.27283275 -0.13914616 0.95194572 0
-30.091 90.297699 363.841 -0.32150716 0.79242337 0.51836121 0
-30.0779 91.122803 360.33499 0.11932499 0.62186235 -0.77398241 0
-30.072001 -16.5105 409.81699 -0.2570827 -0.20234929 0.94496733 0
-30.024401 90.650002 363.362 -0.33470273 0.77362555 0.53803122 0
-29.999001 -16.923401 409.78699 0.009155171 0.19128776 0.98149133 0
-29.9702 89.339996 365.27701 -0.33175421 0.7772733 0.53458899 0
-29.9608 88.922897 359.86099 -0.14706767 -0.61386925 -0.77558726 0
-29.9272 90.667702 359.89001 -0.11260267 0.73400784 -0.66974109 0
-29.923401 91.637604 361.677 0.23331645 0.92002308 0.31483483 0
-29.921301 91.539001 361.151 0.60868615 0.76636946 -0.20537528 0
-29.8535 90.979301 360.47299 0.61429131 0.59734082 -0.51558721 0
-29.848499 -17.9489 409.07599 0.01708333 -0.97150141 0.23641729 0
-29.848301 -17.9526 408.552 0.095284171 -0.99320632 -0.066799335 0
-29.7792 90.565102 359.88501 0.21097085 0.88969439 -0.40488905 0
-29.7731 -17.761801 407.35199 0.22001205 -0.9607051 -0.16923477 0
-29.7728 -17.368799 409.944 0.29027426 0.13135186 0.94788581 0
-29.736 91.420197 362.35101 -0.05668788 0.98306978 0.17424195 0
-29.721399 89.806396 364.737 -0.30109271 0.79065639 0.53310943 0
-29.6971 -15.8353 410.08701 -0.25122073 -0.20293067 0.94641811 0
-29.604799 89.167397 365.737 -0.3116363 0.77095234 0.5554415 0
-29.587099 91.078598 362.991 -0.34190595 0.77873379 0.52599812 0
-29.5497 -17.8169 407.953 0.16788815 -0.97270101 -0.16020697 0
-29.547199 -14.5233 410.255 -0.12105913 0.0091682235 0.99260294 0
-29.5301 90.872498 363.328 -0.30815017 0.76903039 0.56003189 0
-29.5299 91.1185 361.00601 0.61998034 0.62800002 -0.47036198 0
-29.516199 91.337303 362.63901 -0.34975645 0.83373326 0.42726955 0
-29.510201 89.4076 365.46301 -0.28760421 0.78842235 0.54375911 0
-29.509399 -15.5915 410.181 -0.21985716 -0.12414137 0.967601 0
-29.5091 -16.323 410.043 -0.26465398 -0.19150402 0.94513726 0
-29.437901 90.465797 363.931 -0.28592837 0.78019023 0.55637056 0
-29.416401 90.573502 360.54999 0.65366572 0.60534871 -0.45417401 0
-29.320499 91.336502 361.75 0.4549959 0.88311511 -0.11439569 0
-29.2675 91.513901 362.35101 0.18273024 0.97852808 -0.09535408 0
-29.2486 -17.744101 407.952 0.16788815 -0.97270101 -0.16020697 0
-29.2195 90.329803 360.508 0.61712903 0.62110102 -0.4830997 0
-29.153999 89.951897 360.026 0.66320848 0.59772813 -0.45041713 0
-29.136101 -17.881901 409.11401 0.12647067 -0.98076463 0.14868076 0
-29.1054 91.1194 361.681 0.63366437 0.66577131 -0.39397714 0
-29.098499 90.853203 363.57101 -0.27782127 0.77026135 0.57403201 0
-29.061501 -17.8419 408.552 0.17641096 -0.97523719 -0.13338517 0
-29.038 89.728996 359.875 0.66089243 0.57496232 -0.48232719 0
-29.022301 91.437302 362.87201 -0.15825815 0.91564077 0.36953536 0
-29.0063 90.502098 364.099 -0.35188124 0.75397032 0.55471462 0
-28.986099 -15.0492 410.32501 -0.16652854 -0.068971299 0.98362148 0
-28.982901 90.663803 361.17099 0.63260585 0.61339438 -0.47281829 0
-28.9489 -15.799 410.26801 -0.1357452 -0.082484335 0.98730421 0
-28.9457 91.2267 363.17099 -0.16378227 0.80985069 0.56330913 0
-28.9284 89.289803 365.89301 -0.25994074 0.76911867 0.58385557 0
-28.884501 90.295403 364.474 -0.35456499 0.73580843 0.57694852 0
-28.881399 -16.280701 410.22299 -0.20416775 -0.13675976 0.96933603 0
-28.872801 -14.7486 410.362 -0.081815675 0.014446826 0.99654275 0
-28.868299 -17.5336 410.08301 -0.096214212 -0.87619162 0.47226167 0
-28.8668 -17.3685 410.14899 -0.2902059 -0.89005882 0.35153353 0
-28.8613 90.341904 360.94601 0.61012697 0.61479402 -0.49977335 0
-28.8367 -17.591801 407.39001 0.077304147 -0.98563862 -0.15013507 0
-28.8326 91.048302 362.03101 0.62219083 0.70183688 -0.34684807 0
-28.795 91.174698 362.33099 0.50185204 0.81135994 -0.29973248 0
-28.782101 89.937897 360.556 0.60588533 0.64718491 -0.46266043 0
-28.7278 91.354202 362.87701 0.32380426 0.94310063 -0.075577594 0
-28.6479 -14.6734 410.384 -0.050854836 0.00063190691 0.99870586 0
-28.6467 91.076401 363.47299 0.14155683 0.83430314 0.53282261 0
-28.614599 90.545601 361.526 0.62240249 0.64860731 -0.43809095 0
-28.574699 89.704102 365.504 -0.25408766 0.76899785 0.58658481 0
-28.5742 -17.7174 409.73099 -0.02595613 -0.91169703 0.41004241 0
-28.566401 -17.491199 410.37 -0.21132693 -0.96249634 0.17012255 0
-28.498699 -17.556999 407.39001 0.043598469 -0.96192718 -0.26980591 0
-28.497999 -15.7613 410.33899 -0.14171498 -0.01112816 0.98984498 0
-28.423401 -17.491501 410.577 -0.21132693 -0.96249634 0.17012255 0
-28.423401 -17.388599 410.27701 -0.21132693 -0.96249634 0.17012255 0
-28.423401 -17.491501 410.577 -0.21132693 -0.96249634 0.17012255 0
-28.423401 -17.388599 410.27701 -0.21132693 -0.96249634 0.17012255 0
-28.423401 -17.491501 410.577 -0.21132693 -0.96249634 0.17012255 0
-28.423401 -17.388599 410.27701 -0.21132693 -0.96249634 0.17012255 0
-28.423401 -17.491501 410.577 -0.21132693 -0.96249634 0.17012255 0
-28.423 -17.659401 408.327 0.20879735 -0.97278827 -0.10043212 0
-28.381701 89.919701 361.00201 0.63793725 0.58883971 -0.49629015 0
-28.3493 -17.584 407.91501 0.12044816 -0.99009567 -0.07213065 0
-28.348499 90.551201 364.452 -0.33136696 0.69400001 0.63918698 0
-28.345501 -17.6961 409.00101 0.12813416 -0.9915148 -0.021909218 0
-28.3284 -16.434799 410.29501 -0.15000148 -0.15810512 0.97596228 0
-28.2728 -15.4991 410.35001 -0.22478729 0.17956835 0.95771909 0
-28.2437 90.167099 365.03 -0.28186131 0.77680492 0.56314147 0
-28.2197 91.058899 364.06601 -0.77798712 0.6160512 -0.12335709 0
-28.2054 90.736603 364.345 -0.27816564 0.64869952 0.70838743 0
-28.1994 -15.2731 410.33801 -0.24720052 0.068556882 0.96653599 0
-28.197599 90.309998 361.78601 0.64487171 0.61840779 -0.44912389 0
-28.1238 -14.7493 410.367 -0.087607205 -0.060981449 0.99428678 0
-28.123301 -17.603901 410.27701 -0.037523385 -0.96372902 0.26423162 0
-28.0592 89.389999 366.12399 -0.26492184 0.77479738 0.57402569 0
-28.048401 -17.642799 409.75201 -0.056983944 -0.9853974 0.16045199 0
-28.047501 -17.650999 409.151 0.050448149 -0.99783629 -0.04216364 0
-28.027599 90.387001 362.13699 0.65537006 0.62360424 -0.42615476 0
-28.011101 -16.2117 410.38599 -0.10784779 -0.1368915 0.9846977 0
-27.992701 -17.6157 408.543 0.078638956 -0.99405903 -0.07524994 0
-27.936501 90.723396 362.78799 0.60887277 0.68904132 -0.39305976 0
-27.932699 88.661697 367.14999 -0.2518523 0.74412566 0.61874664 0
-27.8962 88.867897 366.922 -0.2518523 0.74412566 0.61874664 0
-27.886801 89.944397 361.69901 0.67570853 0.57462734 -0.46175903 0
-27.8342 91.0121 363.55701 0.2152679 0.91748768 -0.33447886 0
-27.8242 91.137299 364.16599 -0.032899365 0.62307584 0.78146923 0
-27.8225 -15.7227 410.513 -0.13748841 -0.065770879 0.98831731 0
-27.821899 90.5411 364.73099 -0.25566125 0.76017946 0.59729767 0
-27.7684 89.7826 365.73001 -0.28836969 0.77145743 0.56718278 0
-27.747499 -17.480499 407.875 0.09641818 -0.99413216 -0.04903822 0
-27.705099 90.364403 362.59201 0.66273504 0.6264739 -0.41025937 0
-27.6908 -15.5374 410.504 -0.16610216 0.013070755 0.98602194 0
-27.674101 90.833397 364.414 -0.040227346 0.76717287 0.64017779 0
-27.672501 -16.997 410.26001 -0.055272382 -0.06622047 0.99627298 0
-27.6717 -14.8988 410.427 -0.19588628 0.059086289 0.97884494 0
-27.656401 89.509399 366.16199 -0.29195902 0.77397388 0.56189352 0
-27.618799 89.933998 362.13501 0.6917336 0.57891476 -0.43169704 0
-27.591499 90.735298 363.423 0.62381494 0.71115547 -0.32421106 0
-27.5252 90.945503 364.077 0.71928602 0.69436628 -0.021979693 0
-27.5233 -17.683399 409.75201 0.15255477 -0.98453385 0.08614029 0
-27.448299 -15.4235 410.51199 0.21236794 0.018435482 0.97701585 0
-27.447701 -15.7993 410.423 0.1357367 -0.1308226 0.98206973 0
-27.429001 90.192299 365.35101 -0.29637042 0.76713639 0.5689168 0
-27.411699 89.8069 365.879 -0.29430342 0.77143443 0.5641582 0
-27.3859 90.463699 363.25299 0.65852731 0.64907199 -0.38085085 0
-27.3731 -17.580999 408.53299 0.081007659 -0.99382889 -0.075775035 0
-27.2735 90.5588 363.66699 0.62396771 0.71441245 -0.31666878 0
-27.2621 88.913101 367.099 -0.25317007 0.76524764 0.59186226 0
-27.2474 89.429703 362.12399 0.71789271 0.52502465 -0.45714235 0
-27.2253 90.655296 364.83099 -0.051786922 0.78128034 0.62202823 0
-27.224899 -16.0247 410.367 -0.16353519 -0.19614655 0.96684164 0
-27.2244 -16.2488 410.37299 -0.12057106 0.014915419 0.99259263 0
-27.2234 90.762497 364.677 -0.051786922 0.78128034 0.62202823 0
-27.222601 89.482903 366.42801 -0.26898199 0.75911063 0.59278977 0
-27.146299 88.466797 367.74899 -0.33805999 0.77965808 0.52711356 0
-27.144199 -17.400999 410.34201 -0.33598688 -0.32654124 0.88344985 0
-27.112101 -14.7492 410.547 -0.20104308 -0.044858366 0.97855473 0
-27.073999 -17.1105 410.38501 -0.33598688 -0.32654124 0.88344985 0
-27.0734 -16.2486 410.42499 -0.23893884 -0.1257571 0.96285689 0
-27.073299 -17.4874 407.952 0.055379681 -0.98892689 -0.13768339 0
-27.035801 -17.527 409.15201 0.076171905 -0.99633169 -0.038999479 0
-26.999399 90.1166 365.673 -0.28707471 0.76206684 0.58038116 0
-26.9888 90.504097 364.077 0.5310533 0.80735582 -0.25721398 0
-26.9233 -17.386 407.5 0.19245423 -0.96238494 -0.1917724 0
-26.913401 89.502701 362.72601 0.70466357 0.5433898 -0.45626393 0
-26.896999 90.002502 363.36801 0.67537457 0.61245608 -0.41081226 0
-26.881701 -17.517099 408.561 0.10760987 -0.99326885 -0.04286094 0
-26.8633 90.435699 365.32401 -0.17329663 0.86581171 0.46940216 0
-26.848101 -17.4527 407.87601 0.11579902 -0.98531109 -0.12550955 0
-26.770399 88.271301 368.34698 -0.28650403 0.79345596 0.53697592 0
-26.755501 -15.3209 410.58801 -0.17119676 -0.055809677 0.98365492 0
-26.7066 90.5812 364.71899 0.046701841 0.94390529 0.32689705 0
-26.6971 -15.6482 410.57599 -0.2614032 -0.080991559 0.96182573 0
-26.6789 89.871498 366.147 -0.25645638 0.77061945 0.58341736 0
-26.664101 88.969101 367.30701 -0.31416246 0.77372551 0.55013704 0
-26.6215 89.467201 366.67801 -0.25177443 0.77008033 0.58616203 0
-26.6045 -17.5658 409.789 -0.10225863 -0.99420327 0.033212632 0
-26.560301 88.809799 362.448 0.66944265 0.53722209 -0.5130682 0
-26.5483 -17.5068 409.15201 0.052054211 -0.99751329 -0.047514379 0
-26.516701 89.650703 363.487 0.66755527 0.61113685 -0.42530188 0
-26.509701 89.139999 367.14999 -0.31673422 0.78184628 0.53702497 0
-26.5072 -14.7656 410.70001 -0.22405003 -0.089731842 0.97043794 0
-26.4813 90.603401 365.12701 -0.0074053779 0.95314837 0.30241248 0
-26.473 -16.2486 410.586 -0.2422208 -0.094446659 0.96561325 0
-26.399401 -17.5401 410.27301 -0.050375309 -0.93199372 0.35895687 0
-26.3605 -17.443899 408.34601 0.076091625 -0.99706769 -0.0081262579 0
-26.249001 -17.506901 409.15302 0.11813994 -0.99206877 -0.042924374 0
-26.210501 88.1185 368.763 -0.20191549 0.76017714 0.61754417 0
-26.179501 90.472702 365.354 0.42870608 0.87402278 -0.22868168 0
-26.173201 -15.1987 410.728 -0.21652502 -0.084282368 0.97263223 0
-26.148899 88.988098 363.20499 0.68070066 0.56099355 -0.4710975 0
-26.1425 -15.8868 410.68201 -0.21261464 -0.074283764 0.97430843 0
-26.1217 89.3088 367.164 -0.33707187 0.79321039 0.50714874 0
-26.0991 -17.501301 409.52701 0.11813994 -0.99206877 -0.042924374 0
-26.0973 88.487 368.349 -0.20138197 0.76749611 0.60860085 0
-26.042299 89.547798 366.815 -0.2703869 0.77648175 0.56918103 0
-26.0238 -17.4484 407.87601 -0.011312195 -0.99623352 -0.085969992 0
-26.023001 90.315804 365.87601 -0.036767785 0.96066678 0.27525887 0
-25.967501 89.058197 367.64099 -0.3374036 0.76596981 0.54721946 0
-25.9513 90.012703 366.26599 -0.2944248 0.76218307 0.57653362 0
-25.9132 89.958099 364.81201 0.56159997 0.68102968 -0.4698979 0
-25.8755 89.780899 366.57001 -0.35185972 0.75532126 0.55288744 0
-25.873199 -17.377501 408.40201 0.063432261 -0.99288994 0.10072696 0
-25.8713 -16.6987 410.67499 -0.4465017 -0.17334591 0.8778311 0
-25.8333 89.163101 363.89001 0.68723655 0.56439561 -0.45734397 0
-25.7987 -17.4517 409.771 0.14662136 -0.98919243 0.0006988619 0
-25.798401 -17.415501 408.02802 0.13112235 -0.99110395 -0.022800041 0
-25.781 88.966599 367.83099 -0.19702238 0.77004033 0.6068114 0
-25.750999 89.468697 364.39999 0.65403485 0.5927515 -0.46998304 0
-25.684299 89.270103 367.48599 -0.2644442 0.77519131 0.57371402 0
-25.6486 -17.4151 410.276 0.12922072 -0.87389308 0.4686287 0
-25.648399 -17.4503 407.87701 -0.035714727 -0.97474742 -0.22043575 0
-25.5977 88.5998 363.55399 0.73019201 0.49000764 -0.476143 0
-25.593399 90.000198 365.28299 0.57784021 0.74656403 -0.32976177 0
-25.5737 -17.368601 408.53299 0.057872612 -0.99724686 0.046362452 0
-25.544901 88.328003 368.68799 -0.15766704 0.74381906 0.64951855 0
-25.5408 -17.3986 408.974 0.11593894 -0.98905224 -0.091289923 0
-25.497499 -17.0842 410.94501 -0.51370263 0.3289983 0.7923823 0
-25.4491 -16.7701 410.98199 -0.43224186 0.51285952 0.74171561 0
-25.423401 -17.2237 411.23999 -0.28714287 0.42874789 0.85657704 0
-25.4128 89.806702 365.28101 0.63570619 0.67115098 -0.38135809 0
-25.386999 89.619003 367.15399 -0.27044407 0.7463727 0.60810179 0
-25.3475 88.779297 368.19901 -0.19226794 0.76556545 0.61395651 0
-25.346901 -17.3859 409.883 0.10239235 -0.99474192 0.0020727289 0
-25.3248 88.492798 363.85199 0.72294158 0.43808097 -0.53426635 0
-25.297199 -16.782801 411.01199 -0.15108818 0.45435366 0.8779152 0
-25.2342 89.267097 364.883 0.68205613 0.56190717 -0.46803817 0
-25.2001 -15.9116 410.871 -0.24485977 -0.12315872 0.96170455 0
-25.1999 -17.3367 408.59 -0.017571673 -0.99815148 0.058179304 0
-25.1998 89.241203 367.681 -0.20725149 0.75894648 0.61729008 0
-25.198999 -17.3818 410.35199 0.017434875 -0.97739834 0.21068591 0
-25.1989 -17.4599 407.87701 0.050031241 -0.96072102 -0.2729688 0
-25.1549 89.840302 365.74701 0.52376324 0.80013269 -0.29233485 0
-25.130301 88.612503 364.28 0.71687031 0.50102043 -0.48484585 0
-25.1234 -17.2237 411.242 -0.23492606 0.53259903 0.81311005 0
-25.119301 90.112701 366.76599 -0.14086397 0.87550932 0.46221286 0
-25.086 -17.362101 409.19 0.065470994 -0.99757129 -0.023771241 0
-25.021799 88.321098 364.11301 0.69604403 0.457517 -0.5533542 0
-24.9732 -16.748501 411.047 0.094433658 0.46255711 0.8815459 0
-24.916 -15.3106 411.02301 -0.22990194 -0.098988466 0.96816653 0
-24.898001 -17.3556 409.677 0.04437032 -0.99896532 -0.0099777235 0
-24.889 87.881699 369.37399 -0.19382286 0.74368018 0.63982224 0
-24.8246 -16.773701 410.97601 0.18127818 0.41380548 0.89213407 0
-24.7906 88.182701 364.30899 0.77356982 0.380521 -0.50674796 0
-24.7479 89.8685 367.099 -0.1312841 0.85766524 0.49716678 0
-24.676399 -16.9207 410.952 0.16809651 0.1862618 0.96801347 0
-24.672701 89.456299 367.60001 -0.1923279 0.76749253 0.61152691 0
-24.6723 -16.117201 410.98401 -0.17844675 -0.048329536 0.98276192 0
-24.6521 88.485901 364.84399 0.71166861 0.52172434 -0.47045875 0
-24.6173 -14.8143 411.13101 -0.22012295 -0.07297235 0.97273886 0
-24.5982 -17.3498 410.35199 0.29669312 -0.90149343 0.31509179 0
-24.564501 88.892303 365.44101 0.69330245 0.52603656 -0.49256191 0
-24.523399 -17.3519 409.75201 0.053040717 -0.99845117 -0.016792132 0
-24.448999 -16.846701 410.91599 0.051530879 -0.1612547 0.98556656 0
-24.429501 -16.248699 411.013 -0.023266539 -0.11990776 0.99251235 0
-24.386801 89.203598 367.992 -0.18536665 0.75766206 0.6257695 0
-24.3731 -17.316601 409.15201 0.062644184 -0.99466556 -0.081951782 0
-24.3727 -15.7046 411.10199 -0.22426912 -0.10317022 0.96905071 0
-24.336 -15.105 411.15601 -0.22249727 -0.088205889 0.97093493 0
-24.2943 88.151299 365.03299 0.70407861 0.42334044 -0.57013696 0
-24.2607 -16.5485 410.99399 -0.04652464 -0.084925532 0.99530053 0
-24.1947 87.527901 370.01901 -0.19072288 0.73921478 0.64589959 0
-24.194201 87.056602 370.54401 -0.17471361 0.71614367 0.67573172 0
-24.185801 -17.212999 408.552 0.17485775 -0.98124063 -0.08118894 0
-24.1826 89.284302 366.517 0.47288501 0.70950907 -0.52247167 0
-24.1471 89.532303 367.67099 -0.10857093 0.97628754 0.18728319 0
-24.1119 88.545998 368.84299 -0.20323665 0.74453247 0.63589799 0
-24.0182 88.533501 365.79599 0.67128223 0.53563178 -0.5123269 0
-24.000999 -14.4501 411.28699 -0.22612517 -0.09765742 0.9691906 0
-23.999201 -16.9247 410.95901 -0.10354032 -0.12632932 0.98656994 0
-23.9972 -17.275999 409.00201 0.071021631 -0.99501634 -0.069988556 0
-23.9606 89.458504 367.07501 0.30305532 0.91885263 -0.25271985 0
-23.937901 87.999496 365.354 0.68853569 0.49758843 -0.52756453 0
-23.849199 -14.7864 411.306 -0.22670916 -0.099207141 0.96889675 0
-23.8484 -17.203199 408.47699 0.066864319 -0.9863233 -0.15065032 0
-23.812 89.024803 368.37201 -0.18984848 0.74791718 0.63606405 0
-23.774599 86.773102 370.93701 -0.16651607 0.71212202 0.68202245 0
-23.7722 89.2313 367.00101 0.42685476 0.84604955 -0.3193669 0
-23.771 -16.0222 411.211 -0.22907765 -0.12766929 0.9649995 0
-23.764099 88.145401 365.69601 0.66771412 0.51625121 -0.53632325 0
-23.736 -15.1052 411.314 -0.23982514 -0.071290947 0.96819496 0
-23.7299 88.613899 366.263 0.65191972 0.56443733 -0.5063706 0
-23.684999 88.265602 365.93201 0.64940381 0.55336672 -0.52159363 0
-23.67 -17.273199 410.12701 0.03668892 -0.98823935 0.14844832 0
-23.6609 -17.259399 409.677 0.07067588 -0.9974972 -0.0020747066 0
-23.6604 88.068703 369.54999 -0.16366857 0.74637669 0.64508486 0
-23.623899 89.419296 367.966 0.19658399 0.89811277 0.39338046 0
-23.5473 -16.921101 411.10999 -0.22439633 -0.3300384 0.91690838 0
-23.547199 -16.434999 411.19299 -0.19668776 -0.23951063 0.95076209 0
-23.5287 -13.9985 411.46701 -0.16953544 -0.088020563 0.9815855 0
-23.4918 87.343498 370.39899 -0.14739627 0.72757399 0.67000777 0
-23.486601 89.342903 367.535 0.41767639 0.87917393 -0.22934617 0
-23.4638 87.807198 369.88901 -0.14685534 0.73274213 0.66447157 0
-23.4021 88.9534 368.58701 -0.23046088 0.75302923 0.61630738 0
-23.3979 -17.0322 410.98801 -0.22439633 -0.3300384 0.91690838 0
-23.381001 88.5093 366.59299 0.67052156 0.55413711 -0.49328786 0
-23.373899 88.184502 366.237 0.67321324 0.53699481 -0.50835079 0
-23.3421 89.315498 367.68701 0.63930142 0.76062196 -0.11290651 0
-23.3235 89.220901 368.28 0.050461221 0.87961543 0.47300139 0
-23.246599 88.7883 368.85199 -0.24764009 0.73321182 0.63330466 0
-23.229 -17.2278 410.16501 0.047467705 -0.99764365 0.049537219 0
-23.2264 88.601898 366.92599 0.67165148 0.56091213 -0.48400605 0
-23.192801 88.332703 369.37201 -0.15663196 0.71797144 0.67822081 0
-23.1612 87.620697 365.96201 0.66505313 0.50162065 -0.55324596 0
-23.1399 -17.187901 408.69199 0.076484114 -0.98765296 -0.1367182 0
-23.098499 -17.260599 409.452 0.042422161 -0.9983139 -0.039619412 0
-23.0672 87.397301 365.88199 0.71664506 0.35277027 -0.60164189 0
-23.051001 88.792 367.39801 0.67276502 0.58765966 -0.44949234 0
-23.0228 -16.899799 411.17401 -0.067256764 -0.78878981 0.61097234 0
-22.9482 -14.7484 411.52399 -0.14931302 0.0075069629 0.98876148 0
-22.9478 -17.134899 408.36499 0.15006605 -0.95904756 -0.24022475 0
-22.943501 88.856598 368.91599 -0.22740185 0.86726791 0.44287103 0
-22.900499 87.398903 366.10501 0.72828436 0.35339904 -0.58712095 0
-22.8729 86.806702 371.125 -0.15955278 0.74274462 0.65028715 0
-22.855 -15.4241 411.42999 -0.17172758 -0.15413013 0.97301263 0
-22.8368 -14.2244 411.52499 -0.10623882 -0.0042119646 0.99433172 0
-22.8333 -16.695999 411.34 -0.21694851 -0.4151392 0.8835116 0
-22.8311 87.926102 369.87601 -0.1237262 0.73559242 0.66602975 0
-22.8172 -15.827 411.379 -0.206599 -0.10257076 0.9730345 0
-22.7981 -17.191401 410.25 0.09343148 -0.98810768 0.12212189 0
-22.797199 -15.0475 411.51599 -0.16783741 -0.067961529 0.98346931 0
-22.7652 88.036499 366.92499 0.68519455 0.53964657 -0.48917285 0
-22.6717 -17.2379 409.77499 0.040717851 -0.99905324 -0.015318736 0
-22.610701 -17.041901 410.95001 -0.15876867 -0.92534345 0.34428483 0
-22.5919 87.424599 370.487 -0.1429358 0.75049359 0.64523542 0
-22.5373 87.250504 366.478 0.73277706 0.36570996 -0.57384145 0
-22.532801 89.276299 369.47699 -0.54339701 0.35562661 0.76042712 0
-22.5175 -17.162201 408.98401 0.08721628 -0.99207926 -0.090399727 0
-22.5145 86.183502 371.94699 -0.18379611 0.70785606 0.68202549 0
-22.4981 -14.374 411.55399 -0.071801536 0.074309058 0.99464703 0
-22.497999 -14.9733 411.57599 -0.10659423 -0.15634416 0.98193389 0
-22.4848 88.8517 368.35199 -0.061233934 0.8271175 -0.55868328 0
-22.479099 -16.1828 411.43201 -0.15717281 -0.046350405 0.9864828 0
-22.441799 85.6026 372.55801 -0.18981422 0.70476562 0.68357587 0
-22.4319 89.1763 368.95401 -0.10851792 0.93457961 -0.33879903 0
-22.4228 -14.7483 411.61301 -0.12187992 0.025219064 0.9922244 0
-22.4212 -16.916 411.345 -0.04326098 -0.80599296 0.59034216 0
-22.386 88.018097 369.85199 -0.1886314 0.70361239 0.68508965 0
-22.382401 88.284897 367.798 0.68312317 0.57388306 -0.45166469 0
-22.3668 -13.7733 411.59299 -0.071007833 -0.083732188 0.99395514 0
-22.357599 87.456001 366.88199 0.67944717 0.48110858 -0.55397296 0
-22.3487 88.297997 369.56299 -0.19484676 0.70378363 0.68317151 0
-22.3487 -17.112301 408.59 0.015878679 -0.95981532 -0.28018275 0
-22.3487 88.297997 369.56299 -0.19484676 0.70378363 0.68317151 0
-22.3472 -16.622601 411.51801 -0.19562012 -0.18391368 0.96328008 0
-22.317801 88.496399 368.19501 0.65472311 0.55551553 -0.51258183 0
-22.309099 87.789803 367.28799 0.68031949 0.55458224 -0.47917008 0
-22.253099 86.048103 372.155 -0.17586432 0.70580095 0.68623376 0
-22.2178 88.5998 368.42599 0.64167285 0.56004983 -0.52402306 0
-22.187099 89.116699 369.32401 0.73391604 0.67569155 0.069341101 0
-22.1387 88.971497 368.96701 0.52025867 0.76828343 -0.37292293 0
-22.087099 87.748596 370.23099 -0.18841237 0.73386115 0.65264738 0
-22.085899 -14.7479 411.60901 -0.07926248 0.047103614 0.99574029 0
-22.0858 -14.1486 411.58499 -0.094241016 -0.011472758 0.99548328 0
-22.0483 -14.4488 411.599 -0.07926248 0.047103614 0.99574029 0
-22.030399 85.691704 372.57901 -0.19836272 0.71470362 0.67070925 0
-22.0103 86.740997 371.42499 -0.16223174 0.74707574 0.64463842 0
-21.992001 -17.086901 410.91299 -0.029620081 -0.96250212 0.26965216 0
-21.9506 87.665497 367.65701 0.68114603 0.57187146 -0.45716858 0
-21.898701 -17.201799 410.38901 0.020496849 -0.9965027 0.081007786 0
-21.864799 88.030602 368.276 0.68068188 0.57537538 -0.45344833 0
-21.846901 87.275902 367.36499 0.69620758 0.49346823 -0.52132916 0
-21.823099 88.484802 369.578 -0.16035974 0.77116376 0.61610973 0
-21.809401 88.596703 368.88 0.75758624 0.59751981 -0.26274163 0
-21.7857 87.372704 370.75101 -0.16877373 0.74652171 0.64359981 0
-21.7829 88.049896 370.005 -0.18888672 0.68771732 0.70097554 0
-21.7486 -16.623899 411.61301 -0.12678166 -0.12982297 0.98339838 0
-21.747801 -15.3109 411.556 -0.21027869 -0.15201722 0.96575028 0
-21.7101 -16.0993 411.53201 -0.15663587 0.079187058 0.9844768 0
-21.673201 -13.8486 411.647 -0.17643781 -0.092852086 0.97992253 0
-21.673201 -17.1723 409.15302 -0.00060449512 -0.99916255 -0.040912319 0
-21.673201 88.363899 369.73401 -0.037025575 0.78059834 0.62393534 0
-21.673201 -13.8486 411.647 -0.17643781 -0.092852086 0.97992253 0
-21.673201 88.363899 369.73401 -0.037025575 0.78059834 0.62393534 0
-21.671499 -16.472401 411.59698 -0.10814697 -0.035608109 0.99349701 0
-21.6507 88.130402 368.70099 0.69965494 0.57169574 -0.42854047 0
-21.645 -17.194 409.52701 0.0019697777 -0.99908197 -0.042794004 0
-21.635599 86.172203 372.17599 -0.17181785 0.73625064 0.65453315 0
-21.598 -17.106001 410.80301 0.039147783 -0.97478622 0.21968003 0
-21.577 -15.5723 411.565 -0.21328744 -0.082957111 0.97346115 0
-21.565901 87.402 367.892 0.69085914 0.56457907 -0.45162389 0
-21.522699 88.209 369.93301 -0.037025575 0.78059834 0.62393534 0
-21.452801 85.474197 372.99799 -0.17558755 0.71925884 0.67218727 0
-21.4487 -16.023701 411.55499 -0.19544683 0.075788364 0.97778147 0
-21.447901 -16.9265 411.47198 -0.22262529 -0.41267073 0.88325584 0
-21.445101 88.072998 370.082 0.19773291 0.93339831 0.29944831 0
-21.2614 86.636902 371.729 -0.14706454 0.74856877 0.64654219 0
-21.252001 87.918098 368.996 0.68019176 0.60643715 -0.41179261 0
-21.2234 -17.174299 410.22101 -0.0065400628 -0.998707 0.050414473 0
-21.1866 87.615097 370.634 -0.38447091 0.81811088 0.42764089 0
-21.185101 87.381203 370.89899 -0.35535198 0.62322396 0.69664687 0
-21.1672 -17.201099 409.491 0.0019697777 -0.99908197 -0.042794004 0
-21.1574 86.924103 367.957 0.68543023 0.53476292 -0.49418014 0
-21.1504 -14.7491 411.814 -0.30800727 -0.089468002 0.94716787 0
-21.148399 -17.168501 409.077 -0.023799928 -0.99942005 0.024354663 0
-21.109301 -14.1307 411.79199 -0.34588996 -0.046011109 0.93714625 0
-21.091499 -15.2918 411.73901 -0.20275798 -0.19008116 0.96060312 0
-21.076099 88.072701 369.55301 0.62986952 0.75615203 -0.17747822 0
-21.0732 -15.6486 411.66101 -0.19327255 -0.16266075 0.96756768 0
-21.025801 85.983002 372.56799 -0.15648183 0.72633088 0.66929579 0
-20.979601 87.067001 371.29599 -0.21651396 0.62610435 0.74907613 0
-20.9613 85.291702 373.284 -0.14443374 0.70541042 0.69392723 0
-20.961 -17.1779 409.15201 0.0028576506 -0.99998021 0.0056018895 0
-20.942301 -17.0471 410.95401 0.047668956 -0.94721013 0.31704986 0
-20.924601 87.275803 368.698 0.69791228 0.55265468 -0.45551208 0
-20.924 -17.1929 409.75201 -0.019457374 -0.9997974 -0.0051520048 0
-20.8745 86.765602 368.20001 0.68517601 0.55155849 -0.47572795 0
-20.8589 87.710503 369.397 0.71242982 0.63221669 -0.30454198 0
-20.772699 -14.3735 411.94901 -0.19560362 -0.022770276 0.98041868 0
-20.766199 87.752403 370.767 -0.32229874 0.94197327 0.093860693 0
-20.7342 86.0644 372.54501 -0.088453829 0.74176073 0.66480595 0
-20.6984 85.688004 372.94501 -0.13378069 0.70595467 0.69550753 0
-20.6234 87.776299 371.02701 -0.16046152 0.46277565 -0.87183189 0
-20.6229 -14.8228 411.992 -0.18532147 -0.15500212 0.97037637 0
-20.605499 87.295303 369.22501 0.71330243 0.56541431 -0.41413322 0
-20.5814 87.550102 369.66699 0.6994642 0.63937676 -0.31929171 0
-20.5487 -17.196199 410.35199 0.032193519 -0.99511588 0.093316361 0
-20.548201 -15.1987 411.86401 -0.13994993 -0.23044972 0.96296775 0
-20.5476 -15.6482 411.76199 -0.17916691 -0.19960184 0.96335781 0
-20.543501 86.5242 368.423 0.70080423 0.54847485 -0.45612362 0
-20.417999 86.775002 371.74301 -0.18227957 0.72079432 0.66875231 0
-20.3985 86.276299 368.35199 0.70482922 0.5538848 -0.4432013 0
-20.3985 86.4814 372.10199 -0.10454947 0.74221355 0.66195804 0
-20.398199 -17.1845 409.00299 0.005170356 -0.99887621 0.047112584 0
-20.3981 -14.7483 411.95099 -0.18532147 -0.15500212 0.97037637 0
-20.341499 87.530998 370.116 0.52364838 0.83976144 -0.143503 0
-20.323 85.806099 372.87299 -0.078027263 0.71725088 0.69243264 0
-20.322901 -15.0496 411.92099 -0.1316137 -0.20517114 0.96983641 0
-20.2708 86.681801 369.008 0.7160337 0.53080833 -0.45336324 0
-20.2493 87.167503 371.39001 -0.19762337 0.79632998 0.57166737 0
-20.247 -16.959 411.47 -0.1505615 -0.951042 0.26990807 0
-20.154301 -17.1429 409.71201 0.048882671 -0.99866909 0.016447734 0
-20.067499 86.334503 368.94101 0.73302859 0.50309104 -0.45778656 0
-19.9863 -16.822599 411.70099 -0.062891439 -0.88183808 0.46733955 0
-19.9851 -17.038601 410.953 0.053838283 -0.98982167 0.13173667 0
-19.9491 -17.115499 410.353 0.14487849 -0.98672897 0.073322654 0
-19.9475 87.097801 371.56201 -0.071319193 0.7839002 0.61677712 0
-19.9466 -15.6481 411.87701 -0.1314254 -0.054121587 0.9898476 0
-19.891899 86.125504 372.56601 -0.073864743 0.73131603 0.67802721 0
-19.891001 86.871696 371.785 -0.18632196 0.68135524 0.70784116 0
-19.8778 85.405899 373.30301 -0.066810332 0.72368908 0.68688458 0
-19.874201 -13.9996 411.957 -0.023804141 -0.067988403 0.99740207 0
-19.8634 86.708603 369.767 0.74211216 0.5364536 -0.40185454 0
-19.8634 -16.6161 412.10599 -0.22858688 -0.86772585 0.4413614 0
-19.8634 86.708603 369.767 0.74211216 0.5364536 -0.40185454 0
-19.813299 86.311897 369.32901 0.7404387 0.51713914 -0.42932233 0
-19.798599 -16.9676 411.47601 0.061022099 -0.97672683 0.20562354 0
-19.7981 -16.8983 411.62601 -0.062891439 -0.88183808 0.46733955 0
-19.796 87.274597 370.715 0.65695137 0.67462575 -0.33659327 0
-19.7579 85.82 368.884 0.73157275 0.47096503 -0.4929435 0
-19.7234 -16.623699 412.23901 0.81406945 -0.57596534 0.074531071 0
-19.7232 -17.0884 410.35199 -0.035496123 -0.99144334 0.12561892 0
-19.721701 -16.6446 412.151 0.81406945 -0.57596534 0.074531071 0
-19.714001 -17.165199 409.69501 -0.033987507 -0.99941969 0.0022561445 0
-19.689699 85.8974 369.06799 0.72385556 0.48977962 -0.48595169 0
-19.6476 -16.991501 410.953 0.13183342 -0.98177701 0.1368718 0
-19.6474 87.014603 371.724 0.019332191 0.8416537 0.53967148 0
-19.6264 85.673302 368.95599 0.75129473 0.43321434 -0.49787703 0
-19.5809 86.987999 370.69601 0.66724187 0.59669262 -0.44580957 0
-19.5261 -14.7861 411.961 -0.070927493 -0.012200722 0.99740684 0
-19.463699 86.397499 370.12701 0.70489085 0.56126177 -0.43372127 0
-19.460501 86.7948 371.95801 -0.10082978 0.68443429 0.72206855 0
-19.4517 85.771599 369.32501 0.7586503 0.47361076 -0.44737297 0
-19.404499 86.491203 372.245 -0.089201383 0.71239233 0.69608927 0
-19.390301 84.566299 374.30399 -0.10098422 0.73965651 0.66536492 0
-19.3855 -13.9977 412.01901 -0.1107116 -0.065906465 0.99166489 0
-19.346701 -16.024099 411.979 -0.071415715 0.28169197 0.9568435 0
-19.3393 85.895599 372.85101 -0.10246378 0.71610785 0.69042796 0
-19.292101 -13.2112 412.11801 -0.060734574 -0.1346418 0.98903131 0
-19.2094 86.812599 371.01401 0.64042491 0.6460979 -0.41522706 0
-19.198299 -16.824699 411.62601 0.031651229 -0.90912056 0.41532877 0
-19.1982 -17.173201 409.75201 -0.067821264 -0.99757731 -0.015486837 0
-19.180599 86.442001 370.60501 0.64161205 0.59743804 -0.48104236 0
-19.1437 86.810699 371.95801 0.17546292 0.77936715 0.60149783 0
-19.122299 85.229599 373.59601 -0.097725905 0.73416585 0.67190045 0
-19.1199 86.8312 371.20001 0.64042491 0.6460979 -0.41522706 0
-19.0483 -16.846901 411.47601 -0.099203393 -0.95720619 0.27187321 0
-19.0478 -17.1744 410.12601 -0.059841257 -0.98108214 0.18411103 0
-18.982599 84.003197 374.98099 -0.097966105 0.7140125 0.69324511 0
-18.973301 -13.8674 412.03601 -0.090819903 -0.094464116 0.99137694 0
-18.953699 -14.7298 412.04401 -0.14556599 -0.05260168 0.98794919 0
-18.9512 85.805702 370.19101 0.69834954 0.52545571 -0.48600847 0
-18.917601 86.099098 372.69901 -0.12253226 0.70994157 0.69351918 0
-18.8983 86.571899 372.22501 0.18365704 0.76944846 0.61173451 0
-18.8748 86.2229 370.71899 0.68035704 0.56344646 -0.46866024 0
-18.8521 85.349297 369.841 0.72023326 0.50202501 -0.47878492 0
-18.825701 -16.9695 410.95599 -0.047985833 -0.97243732 0.22817317 0
-18.7484 -13.3988 412.11301 -0.13246271 -0.15470792 0.97903991 0
-18.7481 -16.648399 412.04501 -0.019911833 -0.79379022 0.60786563 0
-18.7474 -15.8357 412.01599 -0.21171834 0.13050157 0.9685787 0
-18.741301 84.818802 374.099 -0.09430217 0.73535329 0.67109066 0
-18.7295 86.315201 370.98199 0.67493623 0.60415643 -0.42362255 0
-18.6623 85.073898 369.854 0.75077552 0.29744512 -0.58979869 0
-18.636801 -15.499 412.047 -0.22078936 0.026395371 0.97496426 0
-18.5993 -17.028099 410.953 -0.11448956 -0.97318929 0.19948608 0
-18.5285 86.574501 371.87799 0.44409001 0.87203783 -0.20575252 0
-18.520399 86.237801 371.371 0.76494724 0.51357377 -0.38871288 0
-18.4858 -13.5862 412.133 -0.17875397 -0.12288395 0.97618979 0
-18.485399 84.208504 374.814 -0.085236117 0.73954326 0.66769052 0
-18.473301 85.3134 370.40399 0.7416842 0.49104238 -0.45692661 0
-18.4478 -16.8414 411.77499 -0.076357499 -0.80537176 0.5878315 0
-18.447599 -16.9142 411.54999 -0.17214604 -0.94535506 0.2768926 0
-18.4284 -14.9828 412.11099 -0.1240278 -0.042257156 0.99137855 0
-18.3689 -16.5145 412.15399 -0.17599344 -0.11858875 0.97722208 0
-18.364201 86.037102 372.89001 -0.10571967 0.74577427 0.65775687 0
-18.333599 -15.3096 412.108 -0.22078936 0.026395371 0.97496426 0
-18.3218 -17.193199 410.16901 0.0097421985 -0.99383128 0.11047369 0
-18.296301 86.362602 372.55899 -0.07207305 0.70892239 0.70159429 0
-18.2596 -14.1484 412.121 -0.14879203 -0.033185083 0.98831153 0
-18.231701 84.696098 370.16 0.76513213 0.37683713 -0.52207917 0
-18.226999 86.532303 372.465 0.02670267 0.87166327 0.48937726 0
-18.2227 -16.3237 412.285 -0.11046852 -0.07960251 0.99068671 0
-18.221201 -16.099701 412.17599 -0.12710032 0.097121805 0.98712355 0
-18.1947 84.883904 374.104 -0.12775566 0.71491438 0.68744159 0
-18.187 85.327301 373.64401 -0.14173715 0.69954783 0.70038807 0
-18.185801 83.776604 375.32199 -0.1120681 0.71966785 0.68521452 0
-18.1085 85.455299 371.311 0.76453388 0.45227087 -0.45928103 0
-18.103701 85.732498 371.61401 0.76453388 0.45227087 -0.45928103 0
-18.0933 84.6968 370.38199 0.76437575 0.37491685 -0.52456373 0
-18.071699 -16.1728 412.254 0.043657541 0.13224958 0.99025452 0
-18.033899 86.010002 371.95599 0.70329398 0.59969938 -0.38175678 0
-18.0172 -17.178101 409.75201 -0.010744271 -0.99959469 0.026362879 0
-17.9977 -15.0483 412.16 -0.10709637 -0.049146354 0.99303323 0
-17.9825 86.283401 372.51099 0.84679192 0.52161258 0.10422925 0
-17.978399 84.770798 370.66299 0.76694912 0.48227257 -0.42332289 0
-17.937 85.158302 371.271 0.75704134 0.50246233 -0.41763619 0
-17.9228 -16.1731 412.263 0.043657541 0.13224958 0.99025452 0
-17.8862 -16.4065 412.211 0.14630313 0.025920704 0.98890013 0
-17.8482 -17.176001 410.35199 -0.027656149 -0.99913037 -0.031203695 0
-17.809799 85.492599 371.827 0.75228268 0.46299928 -0.46872428 0
-17.7911 84.398499 374.70099 -0.10322676 0.72827357 0.67746723 0
-17.772699 -16.023199 412.19199 0.010004206 0.082916796 0.99650627 0
-17.772499 85.835197 373.26599 0.15883388 0.86730939 0.47174799 0
-17.7514 84.401604 370.677 0.77732092 0.39959008 -0.48590118 0
-17.706301 85.258301 373.845 -0.14002377 0.70344394 0.69682133 0
-17.697201 -17.167601 409.67899 -0.076140612 -0.99548101 0.056746334 0
-17.6612 83.383904 375.853 -0.16581675 0.72919798 0.66390896 0
-17.623301 -14.9362 412.19699 -0.090327121 -0.052602127 0.99452204 0
-17.5485 -16.9198 411.55499 -0.34079012 -0.8346175 0.43275365 0
-17.548 -13.8111 412.285 -0.1088952 -0.086627759 0.99027139 0
-17.5473 -16.8312 411.77301 -0.48267975 -0.7289018 0.48551252 0
-17.500601 83.9189 375.285 -0.14601983 0.7513712 0.64352119 0
-17.491899 -17.222601 410.98901 -0.16777034 -0.95637214 0.23917651 0
-17.473101 -14.5421 412.224 -0.04076178 -0.089349777 0.99516588 0
-17.472799 -16.4688 412.18399 0.084771655 -0.12326318 0.98874664 0
-17.4727 84.831802 374.30099 -0.14966597 0.70040572 0.69787675 0
-17.4289 84.887299 371.841 0.75624007 0.4962438 -0.42643052 0
-17.4256 85.462601 373.70801 -0.0072361105 0.74859625 0.66298664 0
-17.402901 84.286903 371.16599 0.78029984 0.28825015 -0.55501717 0
-17.3234 -16.929199 411.55499 -0.34079012 -0.8346175 0.43275365 0
-17.320801 -16.6173 412.177 -0.27013984 -0.34617192 0.89843726 0
-17.2519 85.742599 373.08099 0.66782606 0.73307341 -0.12888631 0
-17.2493 84.299698 374.883 -0.1443871 0.74472201 0.65156853 0
-17.2479 -17.2882 410.87701 -0.16777034 -0.95637214 0.23917651 0
-17.247499 -15.9869 412.19 -0.063580133 -0.011602559 0.99790931 0
-17.247499 -16.2486 412.21701 -0.094465464 -0.015109378 0.99541348 0
-17.2474 -15.3853 412.19901 -0.044068296 -0.001364017 0.99902761 0
-17.2111 -13.8492 412.314 -0.078414604 -0.10520989 0.99135363 0
-17.172199 -16.850901 412.07401 -0.24581648 -0.81784064 0.5202989 0
-17.166599 84.0952 371.358 0.77018869 0.42541322 -0.47521889 0
-17.136 -17.2321 410.35199 -0.058744922 -0.99776399 -0.031876203 0
-17.1359 -17.240499 409.75201 -0.067451462 -0.99539596 0.068097092 0
-17.135201 84.657898 374.54401 -0.15058783 0.70213926 0.6959337 0
-17.0662 83.767601 371.23401 0.77018869 0.42541322 -0.47521889 0
-17.0229 85.516602 373.67801 0.091764711 0.90514994 0.41506964 0
-16.9872 84.234398 375.03101 -0.19862682 0.73745292 0.64553118 0
-16.98 84.097397 371.69299 0.77948308 0.44369024 -0.4422048 0
-16.9666 -16.1735 412.23999 -0.097152852 -0.017381312 0.99511766 0
-16.9596 85.128502 372.91299 0.75825608 0.48304081 -0.4378576 0
-16.9512 84.735603 372.517 0.75809419 0.49190342 -0.42816374 0
-16.9492 85.279198 373.978 0.050876159 0.80814785 0.58677822 0
-16.947901 -15.4234 412.22299 -0.16415492 -0.022749465 0.9861722 0
-16.929001 82.692001 376.80499 -0.17218953 0.71608865 0.67643756 0
-16.8972 84.3237 372.104 0.75400066 0.50438792 -0.42080379 0
-16.8902 84.979401 374.31 -0.18829094 0.70868945 0.67993075 0
-16.878 83.372498 376.086 -0.17641477 0.73005396 0.66022646 0
-16.862101 83.928703 375.452 -0.17945552 0.75257629 0.6335808 0
-16.8365 -14.4305 412.26001 -0.093315959 -0.084201254 0.99206972 0
-16.7841 83.838997 371.746 0.77948308 0.44369024 -0.4422048 0
-16.760799 -16.3232 412.242 -0.028774116 -0.21009767 0.97725689 0
-16.732 84.817902 372.99799 0.75412029 0.45954052 -0.46917495 0
-16.723301 -16.0987 412.24799 -0.026209395 0.031941146 0.99914604 0
-16.647499 -17.091801 411.47699 -0.093986459 -0.95053655 0.29605213 0
-16.622499 -17.2393 410.32901 -0.007963052 -0.99996793 -0.00083877216 0
-16.573099 -17.230301 409.67801 -0.070330016 -0.99152136 0.109266 0
-16.5721 -16.8346 412.10001 -0.03855136 -0.27067089 0.9618997 0
-16.5019 84.474602 373.00299 0.7455107 0.48136017 -0.46098393 0
-16.433001 83.135597 376.453 -0.14519855 0.72014654 0.67845881 0
-16.429501 85.065399 373.685 0.76587212 0.6388396 0.072964616 0
-16.424 84.663902 374.755 -0.19415055 0.68923312 0.69804245 0
-16.4028 -14.7491 412.33099 -0.16618232 -0.0030506954 0.9860903 0
-16.3484 -17.2383 410.952 -0.043915447 -0.99092329 0.12705322 0
-16.348301 -16.6957 412.15302 -0.027723338 -0.27801979 0.96017522 0
-16.293501 83.423599 372.10501 0.73749232 0.2016374 -0.64455211 0
-16.2731 84.511703 374.95099 -0.040365975 0.7698096 0.63699591 0
-16.2726 -15.0483 412.37701 -0.07610926 -0.13823652 0.98747051 0
-16.268999 84.550499 373.453 0.73307663 0.47094584 -0.49072263 0
-16.2467 83.276604 372.02802 0.73749232 0.2016374 -0.64455211 0
-16.200701 84.025597 375.51901 -0.14287542 0.73500383 0.66283929 0
-16.160801 -17.249399 410.371 -0.0057623019 -0.99995029 0.0081361355 0
-16.123199 -16.3978 412.23901 -0.0046997233 -0.19031084 0.98171264 0
-16.101299 84.6269 373.74701 0.69622207 0.48557886 -0.5286662 0
-16.048201 -16.695801 412.16699 -0.019218564 -0.28395849 0.95864397 0
-16.048201 -17.215099 410.98999 0.00459691 -0.9888764 0.14866857 0
-16.0481 84.623299 374.87299 -0.01355552 0.91144913 0.41118935 0
-16.038601 83.418701 372.508 0.69421834 0.54097778 -0.4747673 0
-16.005199 84.293999 373.578 0.68307108 0.51868093 -0.51418287 0
-16.0016 -15.9204 412.284 0.0055934996 -0.10743044 0.99419689 0
-15.9911 83.014603 376.67599 -0.12033079 0.71451825 0.68919098 0
-15.9545 82.525902 377.168 -0.10509232 0.69600314 0.71030647 0
-15.8973 -17.110001 411.51599 -0.0046179667 -0.95930082 0.28234845 0
-15.8957 83.722801 373.07999 0.70097458 0.53925085 -0.46673673 0
-15.8431 83.417397 376.26999 -0.12287693 0.73101854 0.67120278 0
-15.8228 -17.2314 409.75201 -0.061266199 -0.99663258 0.054496929 0
-15.7621 84.797897 374.37601 0.92498314 0.34476957 -0.1598129 0
-15.7483 -16.9153 412.09601 -0.1492117 -0.85807985 0.49136016 0
-15.7477 84.205399 375.397 -0.062871985 0.77770591 0.6254763 0
-15.6551 81.749901 377.953 -0.095468529 0.69459528 0.71303803 0
-15.6538 82.926498 376.81699 -0.098702446 0.71158272 0.6956349 0
-15.6464 82.972397 372.55499 0.53487438 0.16504702 -0.82865489 0
-15.6457 83.891197 375.77899 -0.11823023 0.74508858 0.65640277 0
-15.6173 84.398804 374.121 0.63032907 0.46431902 -0.62216806 0
-15.5982 -16.7628 412.142 -0.10805988 -0.41484827 0.90345114 0
-15.598 -15.1999 412.336 0.016273038 -0.13576375 0.99060756 0
-15.598 -15.8737 412.27399 -0.067600138 -0.088554256 0.99377483 0
-15.5734 84.774696 374.27899 0.92498314 0.34476957 -0.1598129 0
-15.5241 84.550201 374.27802 0.92498314 0.34476957 -0.1598129 0
-15.5238 83.908997 373.83099 0.66212207 0.50953346 -0.54951799 0
-15.5235 -14.5999 412.44501 -0.037560526 -0.097796902 0.99449736 0
-15.4949 83.0476 372.92999 0.72424245 0.49200413 -0.48311988 0
-15.448 -16.889799 412.07501 0.023481259 -0.8596651 0.5103181 0
-15.4477 84.117996 375.543 -0.04458316 0.77366805 0.63202065 0
-15.4291 -17.096001 411.513 0.016929086 -0.91134799 0.4112885 0
-15.409 -17.3283 409.75101 -0.066535972 -0.99676347 0.045117091 0
-15.3738 -17.2549 410.35199 -0.13847578 -0.9903596 0.0035063406 0
-15.3266 83.326599 376.448 -0.094380878 0.71958703 0.68795842 0
-15.3168 83.710403 376.03799 -0.10759471 0.74058825 0.66328913 0
-15.1891 82.6661 372.936 0.73786807 0.48636627 -0.46797284 0
-15.1343 82.413597 377.38699 -0.10969406 0.69339907 0.71215516 0
-15.1311 82.767097 373.211 0.73786807 0.48636627 -0.46797284 0
-15.0727 -16.622299 412.30801 -0.1996482 -0.47638062 0.85627222 0
-15.037 -17.35 410.98901 -0.19771051 -0.93250829 0.30222309 0
-15.0191 83.946404 374.61899 0.73829281 0.64845437 -0.1855551 0
-14.9981 -17.385 409.52701 -0.14391865 -0.98296309 -0.11432853 0
-14.9976 83.642998 376.15701 -0.039720248 0.76544446 0.64227492 0
-14.9361 84.028397 374.87601 0.54046166 0.81083477 -0.22460662 0
-14.9265 84.077103 375.61899 0.18007806 0.7763316 0.60405391 0
-14.9048 82.976799 376.85901 -0.094413817 0.70359147 0.7043047 0
-14.8981 82.373703 373.15601 0.77959234 0.44228888 -0.44341439 0
-14.8922 82.678902 373.534 0.75742429 0.49533623 -0.42538267 0
-14.8577 -15.0768 412.44 -0.11139432 -0.16694123 0.97965401 0
-14.7865 83.793503 374.82599 0.64922887 0.70314866 -0.28997219 0
-14.6983 -17.241301 411.552 -0.17900975 -0.93344015 0.31087771 0
-14.6974 -17.422001 411.026 -0.17828923 -0.93623096 0.30279461 0
-14.6962 -17.462 410.875 -0.17374422 -0.98337811 0.052730061 0
-14.648 83.026199 374.23599 0.74151438 0.47820893 -0.47060877 0
-14.6245 -14.1491 412.543 -0.099214338 -0.037546091 0.99435747 0
-14.6199 -17.0385 412.18201 -0.37610772 -0.7068032 0.59914291 0
-14.5494 82.148499 373.53101 0.73869777 0.4585762 -0.49399745 0
-14.5487 83.125999 376.767 -0.11170375 0.72773838 0.67669719 0
-14.5483 -17.517 409.789 -0.13068771 -0.98240846 -0.13339546 0
-14.5469 -17.4638 410.39001 -0.13187388 -0.99066621 0.034491818 0
-14.5287 83.908401 375.48001 0.66277403 0.7359786 -0.13807991 0
-14.5112 83.403702 376.483 -0.052936286 0.78513902 0.61705309 0
-14.4745 -14.5985 412.582 -0.13599874 -0.085297517 0.98703021 0
-14.4727 -16.173599 412.397 -0.2424148 -0.16034108 0.9568311 0
-14.4722 -16.9214 412.319 -0.1639014 -0.49189189 0.8550899 0
-14.4715 -16.471901 412.54501 -0.2424148 -0.16034108 0.9568311 0
-14.466 82.340698 373.84399 0.72183061 0.45673126 -0.51995873 0
-14.398 -17.5152 410.87701 -0.17374422 -0.98337811 0.052730061 0
-14.3944 -17.083099 412.189 -0.26188663 -0.72975576 0.63156307 0
-14.3538 83.664703 375.466 0.66277403 0.7359786 -0.13807991 0
-14.3401 83.066803 374.78601 0.75927186 0.48911911 -0.42926538 0
-14.3233 -16.3237 412.64099 -0.081541292 -0.24763234 0.96541661 0
-14.3224 -17.4512 411.10001 -0.161835 -0.93816876 0.30602083 0
-14.3184 -17.5625 409.67899 -0.081142083 -0.9909966 -0.10649741 0
-14.2485 -14.4868 412.60001 0.00078112533 -0.069792204 0.99756122 0
-14.2479 -16.1731 412.513 -0.081541292 -0.24763234 0.96541661 0
-14.2359 81.659798 378.285 -0.11419751 0.68636894 0.71823156 0
-14.2113 82.744301 377.22699 -0.14426288 0.69943154 0.69998842 0
-14.1745 82.230904 377.73999 -0.12893389 0.69639403 0.70598263 0
-14.173 -15.0492 412.52301 -0.043326128 -0.092115201 0.99480534 0
-14.1659 82.147102 374.09399 0.72441745 0.42805973 -0.54035568 0
-14.1206 83.371002 375.55099 0.75173926 0.55117792 -0.36206493 0
-14.1033 80.478104 379.409 -0.050019085 0.66594434 0.74432266 0
-14.1028 81.169403 378.78 -0.082557686 0.68354684 0.72522271 0
-14.0605 83.209999 376.784 -0.10021184 0.76015848 0.64196312 0
-13.9922 82.494499 374.758 0.75409603 0.49733299 -0.42895111 0
-13.9488 -17.5571 410.35199 -0.17668267 -0.98424059 0.0073278942 0
-13.873 82.999603 377.04901 -0.10637227 0.72868329 0.67653942 0
-13.8717 -16.9214 412.367 -0.059120182 -0.50312215 0.86219078 0
-13.8361 -17.3936 411.55301 -0.20153254 -0.95852983 0.20150743 0
-13.722 -17.3445 412.121 -0.28662226 -0.88247472 0.37294236 0
-13.7005 81.740303 374.35199 0.7002995 0.46129057 -0.5447858 0
-13.6482 -14.5244 412.54001 -0.0091746338 -0.25111938 0.96791261 0
-13.6466 -17.6311 410.39001 -0.2627396 -0.96437019 0.030952241 0
-13.5739 -17.4823 411.55301 -0.29320487 -0.94063723 0.17097506 0
-13.5726 -17.4175 412.07599 -0.66736543 -0.69049025 0.27901 0
-13.572 -17.6385 410.93201 -0.32181978 -0.93489403 0.14968359 0
-13.5171 82.093803 377.995 -0.10370149 0.68395674 0.72211438 0
-13.5126 81.464897 374.29001 0.78325933 0.3026036 -0.54307997 0
-13.4608 79.976303 379.88599 -0.05703418 0.65562433 0.75293016 0
-13.4236 82.778099 377.32599 0.032512832 0.7582224 0.65118486 0
-13.4234 -17.2237 412.78299 -0.082372539 0.61476249 0.78439903 0
-13.4234 -17.374901 412.97699 -0.082372539 0.61476249 0.78439903 0
-13.4234 -17.2237 412.78299 -0.082372539 0.61476249 0.78439903 0
-13.4234 -17.374901 412.97699 -0.082372539 0.61476249 0.78439903 0
-13.4234 -17.2237 412.78299 -0.082372539 0.61476249 0.78439903 0
-13.4234 -17.374901 412.97699 -0.082372539 0.61476249 0.78439903 0
-13.4217 81.592903 374.668 0.80781621 0.39809772 -0.43468511 0
-13.3861 -16.004801 412.45599 -0.012396171 0.002726278 0.99991947 0
-13.3529 81.9944 375.332 0.74201369 0.54795039 -0.38622028 0
-13.3491 82.432899 377.69501 -0.037103057 0.73780882 0.67398924 0
-13.3123 82.677498 376.29999 0.74220139 0.45811129 -0.48915347 0
-13.2731 -13.9225 412.79599 0.067045026 -0.0410516 0.99690509 0
-13.2713 -16.774599 412.461 -0.25350776 0.58166552 0.77291596 0
-13.2348 -15.432 412.513 -0.11807923 -0.090969525 0.98882854 0
-13.2017 82.304703 376.112 0.75129193 0.50127172 -0.42928666 0
-13.1978 -17.7195 410.87601 -0.2287173 -0.96255296 0.14553402 0
-13.1518 81.836304 378.276 -0.045469522 0.67823601 0.73343605 0
-13.1241 -17.2682 412.97699 -0.082372539 0.61476249 0.78439903 0
-13.1226 -16.7432 412.55899 0.27327472 0.59271848 0.75763166 0
-13.1027 81.364502 374.95099 0.76325637 0.51529974 -0.38975102 0
-13.0771 82.749397 376.67899 0.80558795 0.54411799 -0.2344434 0
-13.049 -13.8107 412.77701 0.1081483 -0.048832573 0.9929347 0
-13.0438 80.983704 379.02301 -0.047468118 0.66030025 0.74950004 0
-12.9798 -17.227699 412.78799 0.28689903 0.49504456 0.82013404 0
-12.8985 -15.0488 412.586 -0.13673829 -0.097310662 0.98581606 0
-12.8941 81.489799 375.52802 0.75101799 0.52085769 -0.40580693 0
-12.863 81.894203 376.14801 0.70340943 0.56295747 -0.43392864 0
-12.7673 -13.3237 412.75699 0.11897951 -0.02265002 0.99263835 0
-12.7577 -12.8127 412.76801 0.1069971 -0.020812538 0.9940415 0
-12.7523 82.113297 376.565 0.7004416 0.50713313 -0.50219274 0
-12.7486 -15.9852 412.52301 -0.041563366 0.004601148 0.9991253 0
-12.7108 82.245903 377.93399 0.06966459 0.82131654 0.56620318 0
-12.7106 -14.6923 412.65601 -0.04323845 -0.0814953 0.99573541 0
-12.598 -12.4985 412.75601 0.024092967 -0.00057114667 0.99970955 0
-12.5735 81.851303 376.52701 0.69846338 0.5465942 -0.46193469 0
-12.5601 -15.0474 412.638 -0.15312381 -0.048219133 0.98702991 0
-12.5532 81.546898 376.19299 0.70735943 0.55857605 -0.43316907 0
-12.5234 -17.2237 412.53 0.3394824 -0.5937475 0.72953111 0
-12.5228 -13.6988 412.70999 0.087391354 -0.034369413 0.99558097 0
-12.4868 79.417397 380.46301 -0.062828526 0.66282892 0.74613029 0
-12.485 -14.5979 412.698 -0.04323845 -0.0814953 0.99573541 0
-12.299 80.495697 375.48401 0.77919459 0.37758845 -0.50028265 0
-12.2984 -14.1674 412.70599 0.032829039 -0.064771868 0.99735993 0
-12.298 -10.9982 412.72101 -0.10413881 -0.04036146 0.99374348 0
-12.2721 81.490303 376.55899 0.70281422 0.54810691 -0.45346552 0
-12.2234 -13.0991 412.73401 -0.025732968 -0.064385347 0.99759328 0
-12.1853 -10.6982 412.76199 -0.098671123 -0.06182453 0.99319774 0
-12.1485 81.243599 378.85101 0.026654787 0.70982158 0.70387703 0
-12.1358 81.546097 376.83099 0.70281422 0.54810691 -0.45346552 0
-12.11 -11.6278 412.73499 -0.008245836 0.037448741 0.99926454 0
-12.0768 81.823799 377.267 0.80917239 0.46335515 -0.36130607 0
-12.0746 81.783501 378.371 0.15239257 0.77478826 0.61357939 0
-12.0707 -16.0993 412.53 -0.15090394 -0.099173218 0.98356122 0
-12.0685 -17.6059 412.12701 -0.26189601 -0.60645592 0.75074744 0
-12.0595 -16.7735 412.534 -0.059798349 -0.002461405 0.99820745 0
-12.0587 80.670197 376.086 0.7651999 0.45291889 -0.45752987 0
-12.0025 80.334396 375.85999 0.7831732 0.23158707 -0.57706773 0
-11.9982 -10.8494 412.74301 -0.015883997 -0.092780113 0.99555993 0
-11.9982 -10.1741 412.797 -0.047540419 -0.056787733 0.99725378 0
-11.9982 -10.8494 412.74301 -0.015883997 -0.092780113 0.99555993 0
-11.9799 -14.2985 412.698 -0.043374192 -0.030763289 0.99858516 0
-11.9419 -10.3613 412.80399 -0.047540419 -0.056787733 0.99725378 0
-11.9248 -18.0942 411.40302 0.51502812 -0.85627621 -0.039206035 0
-11.9237 -9.4985905 412.698 0.019390319 0.074800476 0.99700999 0
-11.922 -13.0787 412.79401 -0.086104907 -0.090678833 0.99215084 0
-11.8533 -16.3237 412.59299 -0.16548076 -0.10468797 0.98064089 0
-11.8094 -12.5085 412.811 -0.11507718 0.056895338 0.99172586 0
-11.7732 78.7715 381.10101 -0.06868168 0.67078394 0.73846585 0
-11.7454 80.391098 379.65399 -0.065907672 0.67580593 0.73412704 0
-11.6985 -13.3985 412.76199 -0.0507848 -0.17506491 0.98324627 0
-11.6982 80.983597 379.12299 0.0027726174 0.69669485 0.71736228 0
-11.6911 -18.123699 411.77701 0.46164462 -0.68106151 0.56836557 0
-11.6809 80.088699 376.11401 0.68588889 0.58172566 -0.43720907 0
-11.661 -12.1608 412.79001 -0.056500923 0.099973373 0.9933846 0
-11.6504 -17.8167 410.952 0.60464096 -0.79628819 -0.018288767 0
-11.6231 -17.3302 412.58701 0.45075673 -0.82002771 0.35266545 0
-11.6228 81.4776 378.59 0.24430054 0.75964892 0.60270286 0
-11.6215 -17.4237 412.556 0.45075673 -0.82002771 0.35266545 0
-11.5484 -11.7296 412.763 -0.016787084 0.085510001 0.99619585 0
-11.5483 -8.6359701 412.73001 -0.0059909667 0.005750848 0.99996549 0
-11.548 -12.7237 412.867 -0.025297623 -0.04228507 0.99878526 0
-11.5475 77.625801 382.18799 -0.016684387 0.63191193 0.77486062 0
-11.5417 -17.7425 411.55301 0.83879799 -0.5300163 -0.12450169 0
-11.5371 80.500504 376.79001 0.72578752 0.51126909 -0.46025687 0
-11.5258 81.0243 377.37201 0.78812593 0.47963953 -0.38575053 0
-11.5113 81.107903 378.99399 0.12353282 0.79726779 0.59085 0
-11.5059 -17.297701 409.75299 0.89391994 -0.39947277 -0.20329453 0
-11.4735 -10.3986 412.793 0.030127607 -0.031311505 0.9990555 0
-11.4732 -14.8237 412.72198 -0.39509168 -0.24063338 0.88656539 0
-11.4723 -15.1982 412.638 -0.39509168 -0.24063338 0.88656539 0
-11.4624 -17.187 410.37 0.93387353 -0.35176301 -0.06436646 0
-11.4059 80.137604 376.62201 0.71902978 0.53287768 -0.44613627 0
-11.4021 -15.8527 412.69699 -0.28290686 0.036384925 0.95845699 0
-11.4004 -17.224001 410.952 0.91066033 -0.38149065 -0.15862733 0
-11.3983 -12.6107 412.85699 -0.013402784 0.14185549 0.98979664 0
-11.3979 -11.3936 412.73199 -0.014560554 0.018020807 0.9997316 0
-11.3972 -13.1381 412.78799 0.0213491 -0.15091228 0.9883166 0
-11.3902 78.648697 381.23801 -0.079658456 0.68082213 0.72810423 0
-11.379 79.109001 380.82599 -0.073971942 0.66618782 0.74210644 0
-11.3616 -17.511299 412.07501 0.46260226 -0.83501858 0.29789788 0
-11.3441 -17.410801 412.36499 0.45075673 -0.82002771 0.35266545 0
-11.3397 -16.7619 410.37601 0.97014105 -0.23200987 -0.070694774 0
-11.3235 -14.8237 412.79099 -0.39509168 -0.24063338 0.88656539 0
-11.3233 -12.3483 412.81699 -0.013402784 0.14185549 0.98979664 0
-11.3132 -17.275999 411.43201 0.89338899 -0.42736167 -0.13862932 0
-11.2996 -16.3986 409.75201 0.97065419 -0.21048079 -0.11631127 0
-11.2979 80.977501 377.79401 0.74429494 0.62567645 -0.23356809 0
-11.2765 -9.9302101 412.746 0.047024537 0.059485342 0.99712098 0
-11.2669 -13.371 412.73999 0.038534354 -0.15886907 0.98654735 0
-11.2481 77.496002 382.31699 -0.016684387 0.63191193 0.77486062 0
-11.2407 -16.1005 409.75201 0.9631505 -0.23607239 -0.12888341 0
-11.1799 -17.220301 412.15201 0.62298298 -0.62130916 0.47525477 0
-11.1744 -16.0212 410.22198 0.9633826 -0.2529332 -0.088987716 0
-11.1645 80.164299 377.05099 0.76397312 0.51292181 -0.39147961 0
-11.146 79.8694 380.17499 -0.068653867 0.6626749 0.74575377 0
-11.1357 80.350502 379.75299 -0.067082584 0.6638422 0.74485797 0
-11.1328 79.801399 376.603 0.78844595 0.53449273 -0.30441833 0
-11.1268 -15.8269 412.79099 -0.074059986 0.098753102 0.99235225 0
-11.0983 -10.3612 412.76901 0.04878594 0.068086587 0.99648589 0
-11.068 -16.812599 412.63599 0.92796701 -0.36190712 0.088884778 0
-11.0568 -16.1731 410.98999 0.94137341 -0.2574724 -0.21800007 0
-11.0299 81.014099 379.065 0.12417027 0.78979951 0.60066503 0
-11.0233 -14.8237 412.93799 -0.20500879 -0.20252316 0.95757806 0
-11.0228 -15.2738 412.797 -0.24132976 -0.37285888 0.89595544 0
-11.021 -15.1205 412.853 -0.20500879 -0.20252316 0.95757806 0
-11.0157 -15.515 410.354 0.95828772 -0.25255117 -0.13380066 0
-11.0048 78.056198 381.85199 -0.045871422 0.65571183 0.75361645 0
-10.9986 79.746201 376.793 0.79218334 0.49968231 -0.35037568 0
-10.9861 -12.2926 412.798 0.055230115 0.078896642 0.99535167 0
-10.9757 80.744904 378.185 0.79153061 0.57180405 -0.21568374 0
-10.9672 -11.9268 412.77802 0.0383473 0.044644531 0.9982667 0
-10.9577 77.312302 382.453 0.0077241757 0.61125952 0.79139251 0
-10.9535 -15.9539 412.88501 -0.074059986 0.098753102 0.99235225 0
-10.9486 80.608597 379.52899 0.02951072 0.77653021 0.62938857 0
-10.9482 -8.3735905 412.77301 -0.013590209 0.045082625 0.99889082 0
-10.9206 -16.325701 412.78601 0.15835543 -0.13427091 0.97821003 0
-10.9204 -16.436501 412.15201 0.96081334 -0.2771773 -0.0032309408 0
-10.9124 78.391197 381.54501 -0.076348275 0.68374813 0.72571307 0
-10.9117 -16.2577 412.81201 0.15835543 -0.13427091 0.97821003 0
-10.8777 80.9757 379.00299 0.18406789 0.82280135 0.537696 0
-10.8753 -14.2231 412.70401 -0.078233697 0.14590476 0.98620045 0
-10.8727 -9.4985199 412.70999 -0.023502763 -0.044091627 0.99875098 0
-10.8546 -8.9362602 412.771 -0.081277654 -0.06381689 0.99464637 0
-10.8394 -15.2748 410.89401 0.94105899 -0.23486823 -0.24340281 0
-10.8357 77.652901 382.19101 0.024627909 0.61674398 0.78677845 0
-10.8271 -15.875 411.58899 0.93474406 -0.30650714 -0.17974126 0
-10.8228 -14.7478 410.35199 0.96248311 -0.24981701 -0.105914 0
-10.8114 79.457703 376.89801 0.80000794 0.29173809 -0.52428639 0
-10.7985 -11.5993 412.75699 -0.0040824274 0.070679002 0.99749076 0
-10.7963 -15.6481 411.36499 0.93573022 -0.28562021 -0.20695427 0
-10.7862 -16.061399 412.17099 0.96239054 -0.2714816 -0.010110534 0
-10.7848 -14.6154 409.90201 0.96148533 -0.27470163 0.0092195785 0
-10.7839 78.8395 381.14099 -0.079956472 0.67574751 0.73278391 0
-10.7278 -15.1185 412.867 -0.025619082 -0.29048946 0.95653516 0
-10.7234 -14.8237 412.94 0.20924173 -0.22755808 0.95101798 0
-10.7234 80.431702 379.73099 0.075678416 0.70513278 0.7050252 0
-10.7234 -15.7237 412.72101 0.17377865 0.050283596 0.98350012 0
-10.7234 80.431702 379.73099 0.075678416 0.70513278 0.7050252 0
-10.7234 -14.8237 412.94 0.20924173 -0.22755808 0.95101798 0
-10.7234 -15.7237 412.72101 0.17377865 0.050283596 0.98350012 0
-10.7234 -14.8237 412.94 0.20924173 -0.22755808 0.95101798 0
-10.7234 -15.7237 412.72101 0.17377865 0.050283596 0.98350012 0
-10.722 -15.4246 412.76001 0.10865429 -0.14562719 0.98335499 0
-10.7018 79.420197 377.14999 0.82280487 0.45049566 -0.34647632 0
-10.6859 77.950302 381.95599 -0.0087684365 0.65245581 0.75777608 0
-10.6859 79.227203 380.79001 -0.069345638 0.6683954 0.74056649 0
-10.6859 77.950302 381.95599 -0.0087684365 0.65245581 0.75777608 0
-10.6859 79.227203 380.79001 -0.069345638 0.6683954 0.74056649 0
-10.6851 -12.9492 412.77802 -0.036880918 -0.017048838 0.99917424 0
-10.6696 -14.6737 410.952 0.93020469 -0.25301552 -0.26589924 0
-10.6542 79.902496 377.83801 0.8088904 0.4567939 -0.37018323 0
-10.6485 -12.4237 412.75601 0.028540701 -0.00098202913 0.99959213 0
-10.6483 -10.08 412.72601 -0.00080019335 0.035183191 0.99938059 0
-10.6466 80.389099 378.45801 0.76249403 0.54039854 -0.35576996 0
-10.6391 -14.2987 410.65201 0.95843375 -0.22227024 -0.17888737 0
-10.639 79.929802 380.17401 -0.052841347 0.65694207 0.75208706 0
-10.6301 -8.0271597 412.698 0.1019441 0.074437052 0.9920013 0
-10.6295 -7.5580401 412.66699 0.081891365 0.036297046 0.99598008 0
-10.6254 -15.0866 411.401 0.89642256 -0.27644077 -0.34642044 0
-10.6111 -10.3988 412.742 0.063835964 0.012396767 0.99788338 0
-10.5948 -13.9982 410.39001 0.93764848 -0.33674353 -0.086134225 0
-10.5736 -11.2047 412.72501 -0.030083586 0.02853407 0.99914002 0
-10.5733 -6.0299501 412.634 0.020647613 0.023730364 0.99950516 0
-10.573 -6.7797699 412.64499 0.052424435 0.015459897 0.99850523 0
-10.5639 76.283699 383.245 0.028792512 0.62538439 0.77978545 0
-10.5485 -14.6738 411.25201 0.89791286 -0.2839703 -0.33632329 0
-10.5168 78.248802 381.70901 -0.0087893531 0.65308696 0.75723189 0
-10.5063 79.030403 377.06201 0.81539553 0.33091655 -0.47499928 0
-10.498 -8.9732904 412.79401 0.0059764166 0.0050033927 0.9999696 0
-10.4613 79.303497 377.51901 0.80883604 0.46092281 -0.3651498 0
-10.4417 -15.3447 412.19 0.84608573 -0.34258416 0.40838102 0
-10.4331 -14.6704 412.79401 0.62307632 -0.31308481 0.71676624 0
-10.4265 80.354599 379.797 0.075678416 0.70513278 0.7050252 0
-10.4246 -14.3733 412.79599 -0.033228517 -0.317918 0.94753575 0
-10.4211 -13.5435 410.315 0.91934836 -0.37554872 -0.11731052 0
-10.4043 77.244202 382.47699 0.022661472 0.60270458 0.79764253 0
-10.3999 -5.6550002 412.61801 0.021934871 0.047443975 0.99863303 0
-10.3669 78.575996 381.41901 -0.028749932 0.67660683 0.73578298 0
-10.3484 -9.1236095 412.79099 0.0059764166 0.0050033927 0.9999696 0
-10.3142 -13.5099 410.80301 0.90285742 -0.3405014 -0.26250201 0
-10.3132 -13.6238 412.897 -0.75356966 0.0047032833 0.65735126 0
-10.3118 -14.3807 411.55499 0.88348264 -0.31329414 -0.34828901 0
-10.2996 78.996696 377.487 0.81911623 0.39883396 -0.4122864 0
-10.295 80.337303 379.07901 0.74289948 0.65364987 -0.14436851 0
-10.2779 -13.1905 410.38101 0.92517239 -0.32645252 -0.19360988 0
-10.2769 -13.3212 412.78699 -0.13060702 0.099377185 0.98644108 0
-10.2718 -13.9561 412.905 -0.66068959 -0.011810535 0.7505663 0
-10.2589 -14.896 412.19 0.99578196 -0.057690497 0.071344651 0
-10.1762 -13.2485 410.952 0.9157964 -0.2935093 -0.27416998 0
-10.1657 79.218498 380.83301 -0.040939216 0.67964059 0.73240197 0
-10.1437 -4.37182 412.478 0.13368887 0.11924558 0.98382306 0
-10.1421 -6.2175398 412.633 0.052065618 0.022222623 0.9983964 0
-10.1412 -12.7219 410.27802 0.95112866 -0.26367494 -0.1607165 0
-10.1367 80.129204 379.14801 0.81979513 0.55157709 -0.1539436 0
-10.1312 79.213501 378.142 0.81563467 0.44931111 -0.36449918 0
-10.1236 -13.1736 412.797 0.052093994 0.16710111 0.98456258 0
-10.0569 -13.4263 411.384 0.88711137 -0.26973209 -0.37453702 0
-10.0567 -12.1982 410.05301 0.95573503 -0.21077302 -0.2052933 0
-10.0536 -12.8732 410.953 0.90930432 -0.34658417 -0.23031525 0
-10.0486 -7.7361102 412.633 0.036834795 0.011009458 0.99926072 0
-10.0485 -9.2738705 412.78 0.11814664 0.052473694 0.99160874 0
-10.0416 78.811699 377.82199 0.81283742 0.41715008 -0.40654778 0
-10.0154 76.576897 382.983 0.022669503 0.61652571 0.78700835 0
-9.9827995 -9.6674604 412.745 0.020663915 -0.0098673534 0.9997378 0
-9.9825802 75.169296 384.07599 0.036771137 0.58932674 0.80705756 0
-9.9735098 -8.2987204 412.64099 0.1126904 0.093676157 0.98920453 0
-9.9627399 79.483101 378.82999 0.81543589 0.43145108 -0.38589412 0
-9.9561796 -12.9112 411.25201 0.8989113 -0.26833704 -0.34634328 0
-9.95504 -8.7117796 412.69501 0.11600654 0.12960267 0.98475665 0
-9.9453297 78.000999 381.89899 0.017332595 0.6136353 0.78939933 0
-9.9171305 78.687103 381.32901 -0.014849984 0.667184 0.74474496 0
-9.9135103 -13.8879 412.14999 0.81813294 -0.57397074 0.03487188 0
-9.8975697 -12.2747 412.77301 -0.037948538 0.059416156 0.99751174 0
-9.87708 -11.794 410.349 0.9408443 -0.25057405 -0.22808924 0
-9.87008 -12.1609 410.784 0.92986786 -0.27133128 -0.24844538 0
-9.86063 -5.8234601 412.60599 0.066475779 0.095004946 0.99325478 0
-9.8466597 -13.1778 412.92801 0.11041353 -0.098865546 0.98895627 0
-9.8243799 -3.5931001 412.32999 0.13832438 0.13324057 0.98138338 0
-9.82335 -13.6237 413.31 -0.52034199 0.47108409 0.7122668 0
-9.82335 -13.9429 413.27701 -0.71293652 0.33243793 0.6174193 0
-9.82335 -13.6237 413.31 -0.52034199 0.47108409 0.7122668 0
-9.82335 -13.9429 413.27701 -0.71293652 0.33243793 0.6174193 0
-9.82335 -13.6237 413.31 -0.52034199 0.47108409 0.7122668 0
-9.8067198 78.938103 378.543 0.80772853 0.46199617 -0.36624336 0
-9.8029699 79.752098 379.45099 0.84516793 0.51434273 -0.14540519 0
-9.7844296 -4.9414902 412.48999 0.12646103 0.10923026 0.98593932 0
-9.7667799 -12.574 411.495 0.90339774 -0.19967368 -0.37947714 0
-9.7061996 78.437302 381.54401 0.0017702912 0.63326305 0.7739346 0
-9.6872902 -13.6216 412.75101 0.38474271 0.5246737 0.75940144 0
-9.68536 -11.2802 410.46399 0.91826028 -0.27681589 -0.28314483 0
-9.6847496 -13.3212 412.15399 0.92593342 -0.30708084 -0.21988334 0
-9.6786098 -11.9727 412.78799 -0.039411068 -0.024552699 0.99892139 0
-9.6759501 -12.5742 412.875 -0.29300848 -0.035776321 0.95544028 0
-9.6745796 -11.8234 412.81299 -0.089414723 -0.039489165 0.99521136 0
-9.6738396 -11.1483 412.784 -0.13940859 0.026232254 0.98988742 0
-9.6737804 -10.3238 412.767 -0.094746061 -0.0091684377 0.99545926 0
-9.6732597 -7.09865 412.62601 0.043489497 0.012969872 0.99896967 0
-9.6645002 -10.6992 409.97601 0.93723106 -0.23985277 -0.25311777 0
-9.6431103 -10.849 410.202 0.93723106 -0.23985277 -0.25311777 0
-9.63622 79.108597 380.961 0.037077729 0.70356911 0.70965886 0
-9.6301003 -12.5553 411.814 0.90430248 -0.18105228 -0.38659683 0
-9.6251698 78.520203 378.35999 0.7927255 0.47123137 -0.38668761 0
-9.6114998 -12.8718 412.005 0.90864253 -0.20922655 -0.36137658 0
-9.5999804 79.594902 379.71899 0.77907437 0.62510735 -0.047790684 0
-9.5991096 -11.374 412.815 -0.14571206 0.0027210785 0.98932332 0
-9.5986605 -8.8616104 412.67099 0.11984122 0.1261791 0.98474205 0
-9.5984001 77.414001 382.336 -0.019846616 0.60771549 0.79390681 0
-9.5981703 -5.67344 412.56299 0.067355588 0.10646716 0.99203223 0
-9.5974598 78.816002 378.81299 0.78929919 0.47526404 -0.38875553 0
-9.5974398 -10.5116 412.79599 -0.094746061 -0.0091684377 0.99545926 0
-9.5800695 -2.9741299 412.22501 0.14092921 0.097349606 0.9852218 0
-9.5611296 75.883499 383.517 0.034375299 0.61131614 0.79063952 0
-9.56036 -3.87308 412.32001 0.08389017 0.15057378 0.98503298 0
-9.54498 -10.8495 410.50101 0.92819446 -0.26325876 -0.26296365 0
-9.5446901 -12.4994 412.797 -0.10351944 0.035995279 0.99397588 0
-9.5350304 79.664597 380.272 0.71885085 0.69418699 0.036849208 0
-9.5323896 -11.9716 412.78 -0.093807869 -0.03693011 0.99490517 0
-9.5278902 -12.7227 412.15302 0.95586777 -0.21374007 -0.20157386 0
-9.5241003 -9.21807 412.702 0.0071664355 0.09562438 0.99539167 0
-9.52351 -10.9987 412.79501 -0.14984021 0.023191798 0.98843819 0
-9.5095701 -10.4161 410.22198 0.91340595 -0.29714531 -0.27819821 0
-9.4858198 76.896797 382.73199 0.01078451 0.60959923 0.79263645 0
-9.4792995 -11.4026 411.164 0.90600139 -0.28900638 -0.30925202 0
-9.4491396 -12.2729 412.134 0.95694602 -0.28936416 -0.022863859 0
-9.4478798 -3.38587 412.24399 0.081171393 0.099855222 0.99168551 0
-9.4468498 -5.3722 412.48999 0.14441521 0.11185808 0.98317444 0
-9.3830004 -4.2307301 412.37 0.095541783 0.13268124 0.98654318 0
-9.3734398 -10.3239 412.883 0.1749856 -0.2620022 0.94907051 0
-9.3733997 -7.62363 412.64499 -0.010795535 0.030212132 0.99948519 0
-9.37325 -10.174 412.83801 0.1749856 -0.2620022 0.94907051 0
-9.3459702 -9.7973604 410.11899 0.91032612 -0.28765157 -0.29759523 0
-9.3215704 73.613998 385.147 0.034050722 0.59664321 0.80178392 0
-9.29877 -6.3489799 412.60699 0.1193791 0.089591786 0.98879826 0
-9.2982998 78.702698 381.32001 0.019343249 0.69513786 0.71861619 0
-9.2826796 79.000801 379.733 0.8528387 0.44408023 -0.27469796 0
-9.2795296 78.025002 381.86899 0.0091832746 0.6305033 0.77613223 0
-9.2733202 78.101303 378.552 0.79662651 0.45015645 -0.40341717 0
-9.2383604 78.549202 379.19101 0.80447596 0.48010078 -0.34974518 0
-9.2326403 -10.0787 410.69101 0.90547526 -0.27399465 -0.324101 0
-9.2233496 -11.5237 412.867 -0.14571206 0.0027210785 0.98932332 0
-9.2230597 -1.73586 412.099 0.044787601 0.081584975 0.99565959 0
-9.1860104 -6.7050099 412.608 0.085499361 0.023500994 0.99606103 0
-9.1613703 -10.8496 411.59799 0.90912908 -0.29950574 -0.28944874 0
-9.15207 -10.1722 412.79999 0.1749856 -0.2620022 0.94907051 0
-9.1502399 -11.3358 412.15201 0.95425123 0.11845066 0.2745434 0
-9.14851 76.224503 383.245 0.04456073 0.604379 0.79544979 0
-9.1482201 -2.16766 412.14899 0.016194189 0.11222965 0.9935503 0
-9.1321096 -9.0485897 410.16501 0.92857534 -0.21980871 -0.29905182 0
-9.1143799 78.986504 380.99701 0.22865006 0.75137532 0.61899459 0
-9.1134396 79.0065 380.27301 0.80945933 0.55785626 -0.18322666 0
-9.1119804 78.5448 381.453 0.019041626 0.65609461 0.7544384 0
-9.11022 -8.7123098 409.966 0.92512143 -0.24183801 -0.29268542 0
-9.0997 77.798103 378.55499 0.8137005 0.40855029 -0.41349506 0
-9.0736198 -0.42441899 411.96201 0.044827104 0.11900353 0.99188137 0
-9.0729599 -8.0738297 412.69299 0.0090769641 0.18788546 0.982149 0
-9.0538301 77.988602 378.871 0.81575835 0.44308758 -0.37176841 0
-9.04778 -9.1981401 410.50299 0.91631937 -0.22156303 -0.33356947 0
-9.0347404 -10.2083 411.358 0.9039675 -0.29564664 -0.30892697 0
-8.9945602 -8.6553898 410.276 0.92512143 -0.24183801 -0.29268542 0
-8.9835196 77.569504 378.56 0.81384003 0.38522553 -0.43504676 0
-8.9796896 74.874199 384.23099 0.030028448 0.58599269 0.80975974 0
-8.9712095 78.083099 379.198 0.82152355 0.45803127 -0.33956802 0
-8.9709902 75.647499 383.66101 0.061084382 0.5961535 0.80054337 0
-8.9612703 76.5951 382.957 0.046015337 0.5913803 0.80507886 0
-8.9609404 73.307999 385.38501 0.011035224 0.61095637 0.79158735 0
-8.9608202 74.183197 384.72198 0.025993804 0.58520317 0.81046999 0
-8.9451704 78.705704 380.349 0.79466981 0.57729656 -0.18769267 0
-8.9428196 -5.1019602 412.40399 0.12800799 0.074042149 0.98900545 0
-8.9286699 78.220901 379.552 0.85402119 0.44218886 -0.27407444 0
-8.9238701 72.844299 385.746 0.04000992 0.58704424 0.80856556 0
-8.8992901 78.908501 380.87299 0.74967861 0.66149157 0.020268572 0
-8.88943 -10.544 412.15399 0.92278886 -0.33192986 0.19566107 0
-8.8866596 78.283798 381.673 0.044850465 0.6270932 0.77765197 0
-8.8824501 77.647301 378.85501 0.83508915 0.38887137 -0.38910821 0
-8.8572903 -9.0482197 410.84 0.87861246 -0.25985157 -0.40064609 0
-8.8495302 -5.5057602 412.41 0.13635373 0.096530855 0.98594594 0
-8.8304005 -7.7747998 412.616 0.0090769641 0.18788546 0.982149 0
-8.8186703 78.405899 380.27399 0.83712739 0.46754622 -0.28393346 0
-8.7927904 -3.53725 412.23999 0.067112543 0.07211104 0.99513614 0
-8.77596 -8.5224104 412.77301 0.068082318 0.24899097 0.96610987 0
-8.7744503 -4.5682502 412.36499 0.093693919 0.12441519 0.98779672 0
-8.7737103 -6.8174901 412.56 0.11649708 0.13653605 0.98376131 0
-8.7722197 -8.3749199 412.76401 -0.017547149 0.25323787 0.96724486 0
-8.7546196 73.714104 385.069 0.0055123875 0.59776944 0.80164915 0
-8.7512197 -7.8108602 410.202 0.89646798 -0.22159049 -0.38372228 0
-8.7171602 -1.6055501 412.077 0.017644458 0.12888038 0.99150318 0
-8.7080498 -0.25582901 411.93399 0.05555502 0.12894385 0.99009448 0
-8.6989498 -2.33675 412.177 0.036850575 0.094549231 0.99483794 0
-8.6909904 -8.6000004 410.875 0.85139573 -0.31088957 -0.42246068 0
-8.66749 -9.4956503 412.961 0.73199624 -0.67591417 0.085565925 0
-8.6616898 -6.5739899 412.53699 0.11649708 0.13653605 0.98376131 0
-8.6610098 -2.6925299 412.18799 0.033396259 0.043719079 0.99848551 0
-8.6337299 77.274597 379.04099 0.85461158 0.35312545 -0.38071182 0
-8.62848 -9.7144604 412.95901 0.73199624 -0.67591417 0.085565925 0
-8.6136303 76.134697 383.26199 0.071346737 0.59538108 0.80026937 0
-8.5823298 -7.71703 410.50299 0.88807189 -0.22254848 -0.40224433 0
-8.5799198 -9.5948 412.112 0.87269932 -0.47410098 0.11672245 0
-8.5675001 -8.8980904 411.328 0.86378074 -0.36951128 -0.34255543 0
-8.5537996 -9.0489798 411.552 0.86510968 -0.37950546 -0.32796469 0
-8.5537004 -7.3244901 410.35101 0.88878465 -0.21289505 -0.40587878 0
-8.5501099 77.713501 382.18701 0.37084964 0.64104354 0.67196262 0
-8.5477896 77.388702 379.396 0.85763288 0.39909491 -0.32432869 0
-8.5477104 77.565201 382.284 0.37084964 0.64104354 0.67196262 0
-8.5476799 0.28982499 411.83099 0.082803145 0.14794616 0.98552299 0
-8.5222301 -8.1482 410.85901 0.84504044 -0.30004075 -0.44258583 0
-8.5064096 76.888397 382.72299 0.074684322 0.52108341 0.85023195 0
-8.4899302 -6.4238901 409.90201 0.91586828 -0.27212399 -0.29518431 0
-8.4734297 -0.94866902 411.983 0.079645649 0.099922158 0.99180245 0
-8.4250698 77.424599 379.79099 0.84950191 0.41528705 -0.32539698 0
-8.4221401 -6.9107399 410.39001 0.8659209 -0.25788793 -0.42857292 0
-8.4025698 77.759697 380.336 0.81784356 0.48496652 -0.30974081 0
-8.3996296 -2.1868601 412.13599 0.036850575 0.094549231 0.99483794 0
-8.3993196 78.003098 381.83801 0.27815169 0.74653578 0.60441369 0
-8.3980303 -2.7485099 412.16599 0.11599985 0.054680128 0.99174297 0
-8.3792105 -8.5228395 411.41199 0.83352149 -0.34943697 -0.42794356 0
-8.3702698 74.258797 384.66501 0.0081825983 0.5911057 0.80655259 0
-8.3620501 -0.49978599 411.94101 0.080126822 0.13250995 0.98793763 0
-8.3574896 -9.0215302 412.151 0.92701226 -0.33174944 -0.17490171 0
-8.35217 -7.7825999 410.953 0.84594071 -0.26308104 -0.46386713 0
-8.3496103 77.070602 379.526 0.86357784 0.36501902 -0.34784251 0
-8.3375902 -6.3491998 410.20099 0.86357307 -0.32722613 -0.38362035 0
-8.3372202 73.275703 385.38599 0.041764762 0.58410507 0.81060284 0
-8.3269997 77.702599 382.19901 0.37084964 0.64104354 0.67196262 0
-8.3252401 -8.37673 412.77701 -0.085986353 0.083397076 0.9927997 0
-8.3245897 77.422302 382.39801 0.32708845 0.50528413 0.79856187 0
-8.2866697 -3.5743101 412.202 0.074627742 0.044384308 0.99622321 0
-8.2606802 -5.7477198 409.75299 0.87595081 -0.42213139 -0.23348516 0
-8.2478905 72.703697 385.76999 0.1117362 0.54339719 0.83200634 0
-8.2469597 -3.94822 412.20999 0.09712413 0.095788091 0.99065208 0
-8.2270403 77.744301 380.793 0.84581119 0.491476 -0.20749652 0
-8.1737099 1.97633 411.569 0.2011798 0.0097671608 0.97950566 0
-8.1729298 76.725304 379.60001 0.83979523 0.37590748 -0.39171109 0
-8.16502 -3.1059599 412.16199 0.10049824 0.072921529 0.99226135 0
-8.1482296 77.349899 380.353 0.83627659 0.45569292 -0.30493513 0
-8.1436796 -8.4511204 412.07599 0.92168665 -0.38685063 -0.028988248 0
-8.1360102 73.708199 385.078 0.053715046 0.58113754 0.81203067 0
-8.1298304 -8.1106396 411.57199 0.88159406 -0.32289606 -0.34428194 0
-8.1200199 -6.7957401 410.883 0.8639589 -0.2088206 -0.45822373 0
-8.1172304 1.45116 411.61301 0.17752828 0.10276481 0.97873545 0
-8.0985003 -6.4240298 412.44601 0.29934055 -0.065204591 0.95191574 0
-8.0984602 76.001801 383.32199 0.035657726 0.65435278 0.75534827 0
-8.0981798 76.229301 383.147 0.035657726 0.65435278 0.75534827 0
-8.0805101 71.932899 386.23599 0.11728486 0.52575541 0.84251142 0
-8.0608902 1.7137001 411.56699 0.18572076 0.11178073 0.97622377 0
-8.0250196 76.815697 382.76401 0.085983515 0.54406893 0.83462316 0
-8.0233297 75.006104 384.11899 0.007451925 0.59224433 0.80572397 0
-8.0233202 -7.6238599 412.83099 0.94940585 0.29467115 0.10861579 0
-8.0128803 77.370499 380.802 0.83666444 0.50861317 -0.20323692 0
-8.0040703 -1.31857 411.966 0.12575187 0.092695042 0.98772168 0
-8.0039797 0.102013 411.80499 0.11354782 0.14290598 0.98320127 0
-7.9940901 -6.4226699 410.95401 0.88115466 -0.26926708 -0.38866657 0
-7.99369 -7.5478501 411.478 0.89674741 -0.27338451 -0.34800136 0
-7.9858899 -4.0988102 412.19699 0.060374591 0.10475088 0.99266416 0
-7.9854298 -5.63867 410.349 0.84833848 -0.38304365 -0.36551249 0
-7.97896 77.540901 381.55099 0.82519388 0.56472474 0.011875594 0
-7.95785 -4.7581701 412.314 -0.083124742 0.20843513 0.97449732 0
-7.9172301 -7.9963198 412.19 0.91633546 -0.37693492 0.1350904 0
-7.9120998 -5.7493501 410.57599 0.81814587 -0.3640964 -0.44505185 0
-7.9109302 75.400902 383.836 -0.0011204905 0.58896351 0.80815881 0
-7.9010901 75.715103 383.58401 -0.038893186 0.62466472 0.77992392 0
-7.8802299 76.371201 379.92999 0.86157477 0.37108374 -0.34638971 0
-7.8723998 -5.8994498 412.39301 0.19225015 -0.068886451 0.97892517 0
-7.87222 -5.2246299 412.34299 -0.26432079 0.12520806 0.95627272 0
-7.8663802 -6.3469 411.17999 0.87670416 -0.18701367 -0.44318816 0
-7.8592801 0.87939799 411.66501 0.12487237 0.1559763 0.97983587 0
-7.8571501 -5.2996898 410.276 0.85180825 -0.39670408 -0.34212363 0
-7.8306499 -7.6979198 412.15201 0.95757461 -0.25481334 0.13461444 0
-7.8032799 -7.0050998 411.58899 0.93245333 -0.24223374 -0.26805514 0
-7.7990799 1.78816 411.513 0.26626849 0.037394609 0.96317327 0
-7.79813 75.997704 383.35101 -0.0050426419 0.66792566 0.74421096 0
-7.79813 3.6265199 411.185 0.29722801 0.30870587 0.90352434 0
-7.79813 75.997704 383.35101 -0.0050426419 0.66792566 0.74421096 0
-7.7979798 -2.9730699 412.103 0.11040466 0.093414374 0.98948699 0
-7.7969699 77.047302 380.953 0.8831501 0.41863877 -0.21163066 0
-7.79673 -4.9962301 410.05399 0.84208357 -0.4174715 -0.3414861 0
-7.7874498 77.165199 381.552 0.88260525 0.46065667 -0.093826272 0
-7.75633 -7.4001698 412.151 0.98026192 -0.19690655 -0.017730877 0
-7.75141 76.507401 380.39001 0.91262037 0.30850348 -0.26823437 0
-7.7378302 -6.6469698 411.55499 0.90955323 -0.17182876 -0.37840164 0
-7.7319298 -6.1192198 412.42099 0.469843 -0.35900372 0.80645144 0
-7.7286901 76.767899 382.745 0.065093465 0.57518476 0.81542951 0
-7.7259402 -5.4498 410.66901 0.81021023 -0.4138011 -0.41512415 0
-7.7237501 2.65119 411.41 0.3386606 0.14850561 0.92911524 0
-7.7195702 -7.1743698 412.077 0.96717119 -0.21303365 -0.13855174 0
-7.7059698 76.671898 380.65601 0.85355818 0.40163821 -0.33185109 0
-7.6503401 3.23067 411.24301 0.30146921 0.27690837 0.91238046 0
-7.6500502 -3.50073 412.155 0.026889935 0.084177047 0.99608791 0
-7.6491599 2.01319 411.452 0.16171601 0.10813818 0.98089451 0
-7.6445198 75.890099 380.03201 0.90484965 0.2927433 -0.30910924 0
-7.6412702 -6.1264701 411.548 0.90617996 -0.29365334 -0.30431163 0
-7.6389198 70.544601 387.03699 0.039458402 0.5421288 0.83936846 0
-7.6294899 74.710503 384.32599 0.024162894 0.57493591 0.81784159 0
-7.6107798 -1.09867 411.87601 0.090657935 0.12764375 0.98766804 0
-7.57686 76.206497 383.14099 0.3953802 0.49779058 0.77193201 0
-7.5736399 72.343903 385.884 0.13735665 0.53172243 0.83570594 0
-7.5731301 70.083603 387.34201 0.032866236 0.55249482 0.8328681 0
-7.5731001 -0.273518 411.79401 0.11600742 0.098539807 0.98834819 0
-7.5648899 -6.5729098 412.077 0.98619193 -0.16497053 0.014496642 0
-7.5645299 4.5069098 411.05499 0.10706631 0.12488068 0.98637801 0
-7.5364299 -2.2994699 412.00699 0.056219231 0.13229261 0.98961508 0
-7.5156898 -4.1364598 409.75201 0.85287791 -0.4398939 -0.28123409 0
-7.49966 75.6922 383.62701 0.099560551 0.63823628 0.76337546 0
-7.49792 75.293701 383.91199 0.031133946 0.57594043 0.81689858 0
-7.4762301 -5.2958102 410.992 0.83948654 -0.41510439 -0.35064319 0
-7.4612098 -1.69907 411.939 0.084557354 0.12255976 0.98885244 0
-7.4500899 76.600098 382.00201 0.91765606 0.39159018 0.067561209 0
-7.4425302 71.911697 386.147 0.10184288 0.55493629 0.82563537 0
-7.4419999 72.888901 385.52899 0.13649948 0.51880002 0.84392798 0
-7.4266 -5.9714298 412.151 0.95577985 -0.23930135 0.17093776 0
-7.4249601 -4.7828598 412.332 0.063226908 -0.33376715 0.94053274 0
-7.42378 -4.1735601 412.19 -0.042317163 0.040766325 0.99827218 0
-7.4233398 -5.3633599 412.53601 0.27080652 0.29140326 0.91746825 0
-7.4224701 -5.4443698 412.54099 0.40673837 -0.19131161 0.8932882 0
-7.4112601 75.870003 380.905 0.93137205 0.30102977 -0.20476137 0
-7.40591 0.36211401 411.703 0.12947275 0.15044703 0.98010331 0
-7.4047499 71.312698 386.547 0.036634948 0.54218823 0.83945805 0
-7.3860202 69.549896 387.69299 0.046930924 0.53737068 0.84203935 0
-7.3731399 -5.5244498 411.55099 0.90317935 -0.3708584 -0.21617386 0
-7.3673902 76.299004 381.591 0.91308397 0.35853666 -0.19423977 0
-7.3485599 75.026299 384.09201 0.0305514 0.57875288 0.8149305 0
-7.3477201 0.92702901 411.58701 0.14045471 0.16093087 0.97692055 0
-7.3386698 5.82055 410.88199 0.095166042 0.13941601 0.98565036 0
-7.3310699 -4.2535701 410.34698 0.84669745 -0.37065399 -0.38173163 0
-7.3305101 68.987801 388.02899 0.06513606 0.51945704 0.85201037 0
-7.30474 75.248703 380.354 0.87180459 0.38316509 -0.30519056 0
-7.2961502 75.888901 381.392 0.94038737 0.27853349 -0.19516835 0
-7.2955298 -4.0252299 412.21899 -0.090307184 -0.054602839 0.994416 0
-7.29073 -3.91238 410.03201 0.8386879 -0.45418876 -0.30052492 0
-7.2786798 -5.2976298 411.55301 0.90019166 -0.37810802 -0.21607694 0
-7.2733998 73.423103 385.17099 0.14028132 0.52104712 0.84192103 0
-7.2730799 73.903099 384.86899 0.13219942 0.53623158 0.83365405 0
-7.2607498 75.500397 381.02399 0.92651826 0.32491437 -0.18972221 0
-7.25137 75.251503 380.61401 0.91122007 0.35299519 -0.21230257 0
-7.2427402 -3.49721 409.453 0.84591752 -0.47350219 -0.245396 0
-7.2173901 74.3498 384.56201 0.092565328 0.58012509 0.80925059 0
-7.2172899 -4.6968899 410.95401 0.87671691 -0.34815431 -0.33189771 0
-7.2118702 -5.2968898 412.077 0.82540512 -0.55984253 0.072682172 0
-7.1967602 75.835297 381.92599 0.93954307 0.30759659 -0.15047662 0
-7.1810398 0.081230201 411.71399 0.15994562 0.12617126 0.97902924 0
-7.1782198 -4.8840199 411.29099 0.88745862 -0.37106442 -0.27336496 0
-7.11834 -3.1998 409.28299 0.87308377 -0.44928592 -0.1893855 0
-7.1106 75.673401 383.491 0.33976027 0.69671756 0.63178128 0
-7.10954 67.712196 388.76501 0.071597204 0.49211246 0.86758238 0
-7.1043501 72.065399 385.99799 0.090500444 0.56533957 0.81987858 0
-7.0976 74.953201 380.78201 0.90838015 0.36446193 -0.20497084 0
-7.0954399 70.110703 387.31 0.032666378 0.55232233 0.83299041 0
-7.0872798 -4.3608599 410.93399 0.85842502 -0.38232917 -0.34195152 0
-7.0864902 69.622902 387.62201 0.086214051 0.53613877 0.83971566 0
-7.0863299 3.10025 411.194 0.10647156 0.16280489 0.98089671 0
-7.0858798 -0.94918102 411.79199 0.079974435 0.15441601 0.9847638 0
-7.0857401 2.53912 411.285 0.1669113 0.16424333 0.97219586 0
-7.0766602 4.6103601 411.01901 0.050818346 0.092242047 0.99443901 0
-7.0762901 75.3274 381.62601 0.9264645 0.33754981 -0.16650441 0
-7.0674701 68.085098 388.54901 0.084681153 0.50096548 0.86131454 0
-7.0527701 -4.6986399 411.57101 0.93731242 -0.3072674 -0.16441451 0
-7.05055 75.021004 384.07999 0.27479306 0.60015529 0.75120068 0
-7.0499701 -0.23712499 411.72501 0.14875281 0.12768675 0.98059607 0
-7.0489202 63.700001 391.03299 0.1754469 0.43465197 0.8833437 0
-7.0485301 1.8634 411.39301 0.092714496 0.15329474 0.98382151 0
-7.0474901 72.705704 385.57401 0.11040854 0.5231117 0.84508228 0
-7.0204501 6.4478402 410.75 0.12898862 0.16435884 0.97793055 0
-7.0129299 -3.2882199 409.83899 0.86869496 -0.43791419 -0.2315173 0
-7.0124402 7.2181301 410.604 0.13946414 0.18644905 0.97251558 0
-7.0001998 -4.7879901 412.23199 0.38776797 -0.1983465 0.90016371 0
-6.9911799 72.369698 385.77301 0.11482595 0.55512327 0.82380408 0
-6.9756198 75.172897 383.961 0.27479306 0.60015529 0.75120068 0
-6.9744 73.990402 384.76999 0.14368302 0.54879558 0.82351601 0
-6.9356399 64.902298 390.36801 0.13148281 0.48639071 0.86379182 0
-6.9173999 8.8382502 410.23999 0.14726685 0.22001936 0.9643153 0
-6.9124799 74.695602 381.117 0.9152593 0.364813 -0.17091502 0
-6.90453 -3.9075799 410.89899 0.86586797 -0.40130872 -0.29870385 0
-6.8993902 -2.97474 412.134 0.17438284 0.14514115 0.97392231 0
-6.8984799 0.47615099 411.59201 0.17462331 0.16958784 0.96992093 0
-6.8801098 71.794296 386.19299 0.068349376 0.59265536 0.80255091 0
-6.87251 75.2883 382.75201 0.93758267 0.33932337 -0.076147333 0
-6.8612099 -1.54795 411.90799 0.015512506 0.18132621 0.98330063 0
-6.86058 70.752403 386.871 0.050180156 0.54246503 0.83857834 0
-6.8516502 0.85118097 411.52301 0.12482059 0.16102745 0.97902501 0
-6.8254399 -3.1272299 412.18701 0.22557029 0.080195732 0.97092056 0
-6.8234801 -3.34865 412.242 0.3462424 0.19088823 0.91851938 0
-6.8227501 5.6896601 410.85199 0.082090825 0.1538533 0.98467773 0
-6.8198199 -3.8958099 412.35999 -0.0127239 -0.078275122 0.99685061 0
-6.8137999 1.32029 411.45599 0.080568254 0.1522761 0.98504859 0
-6.8073301 -4.3248901 412.14801 -0.040383626 -0.041959535 0.99830282 0
-6.7946701 62.305698 391.64401 0.14906913 0.45036608 0.88031173 0
-6.7860398 -3.4242101 410.62799 0.8565737 -0.39446068 -0.3326894 0
-6.7732201 74.653702 381.92599 0.92944509 0.34248015 -0.13725601 0
-6.7676501 -4.00319 411.552 0.93802273 -0.33037373 -0.10472115 0
-6.75701 74.950897 382.75201 0.92217058 0.36285302 -0.133937 0
-6.7516799 -2.6889901 409.76401 0.88831609 -0.40501595 -0.21646382 0
-6.7488799 4.9376702 410.974 0.078242242 0.14504614 0.9863264 0
-6.7485499 74.125999 380.952 0.89347667 0.27196851 -0.35739702 0
-6.7483501 67.001602 389.13501 0.090783618 0.50217253 0.85998899 0
-6.7428799 74.3498 381.30899 0.93576014 0.29759228 -0.18918708 0
-6.7407598 -3.7233 412.19901 0.0049796556 -0.0097572692 0.99993998 0
-6.7398701 -2.3009801 409.22601 0.90638572 -0.36940363 -0.20495325 0
-6.73387 9.6570396 410.06201 0.19810036 0.17693631 0.96407974 0
-6.7207098 71.478302 386.405 0.067757837 0.55353838 0.83006275 0
-6.6844902 -2.0764301 409.00101 0.90876746 -0.39345005 -0.13906388 0
-6.67871 74.266197 384.54001 0.21590553 0.55912352 0.8004784 0
-6.6731 3.92664 411.061 0.076084368 0.10442562 0.9916181 0
-6.67278 73.4347 385.06201 0.14802746 0.52415764 0.83865762 0
-6.6726699 11.5019 409.60901 0.21117561 0.19222084 0.95836109 0
-6.6261501 7.92061 410.409 0.18028374 0.1985995 0.96335661 0
-6.6222401 74.800201 383.33401 0.91688687 0.3899439 -0.085218839 0
-6.60815 8.3882103 410.30499 0.19090971 0.22838695 0.954669 0
-6.6075702 63.097 391.22 0.18801051 0.43400246 0.88107544 0
-6.5998602 73.897797 384.75601 0.17946741 0.53104776 0.82811821 0
-6.5988598 -1.73685 411.96201 0.3376717 0.18332919 0.92323792 0
-6.5980501 9.9640398 409.97299 0.22389928 0.20957196 0.9518134 0
-6.5973401 9.2522898 410.099 0.15168691 0.18620303 0.97073144 0
-6.5595698 0.121216 411.58701 0.16530746 0.15299653 0.97430259 0
-6.5574899 -3.5365601 411.552 0.9696914 -0.21625175 0.11372657 0
-6.55193 -3.15942 410.953 0.91503334 -0.34086519 -0.21569622 0
-6.5420499 74.250298 384.50299 0.21590553 0.55912352 0.8004784 0
-6.5369802 66.037399 389.66699 0.12878509 0.47715792 0.86933005 0
-6.5288301 -3.1235199 412.07401 0.22557029 0.080195732 0.97092056 0
-6.5240898 8.8003502 410.19101 0.20665964 0.23172867 0.95057541 0
-6.51826 60.899502 392.362 0.11382029 0.45820034 0.8815313 0
-6.506 12.2873 409.41299 0.20086767 0.18866788 0.96127862 0
-6.5009599 -2.2032599 409.89401 0.87355596 -0.39939564 -0.27817813 0
-6.4921598 -1.69842 409.11499 0.87234384 -0.45216003 -0.18592356 0
-6.48771 72.843399 385.43799 0.21380389 0.53305399 0.81862158 0
-6.48629 -0.53715098 411.68301 0.11664014 0.17547013 0.97755069 0
-6.4860501 10.2167 409.88599 0.22389928 0.20957196 0.9518134 0
-6.4815001 73.903503 382.11301 0.91827178 0.33942136 -0.20388755 0
-6.4624701 65.023003 390.22699 0.13069876 0.46933943 0.87329167 0
-6.4527702 -1.77363 409.43301 0.87799364 -0.40817118 -0.25004691 0
-6.4485602 -0.91201001 411.76401 0.093638219 0.15237461 0.98387694 0
-6.4422598 -2.63867 410.66901 0.87485629 -0.3836827 -0.29565868 0
-6.43857 61.715698 391.91299 0.11181629 0.47351676 0.87365842 0
-6.4299898 0.98176998 411.478 0.038024981 0.12448529 0.99149257 0
-6.42909 64.6492 390.40701 0.18701367 0.4212079 0.88747382 0
-6.4112902 73.450996 384.99701 0.48141167 0.56933278 0.66641051 0
-6.3833799 7.6005602 410.439 0.15749723 0.19610037 0.96785289 0
-6.3737898 15.7007 408.702 0.14646885 0.20246001 0.96827519 0
-6.36343 5.4083099 410.85001 0.12323209 0.1812852 0.97567898 0
-6.34833 73.938301 382.65799 0.92647302 0.3226696 -0.19373199 0
-6.3456998 11.0697 409.62201 0.21530108 0.22467528 0.9503507 0
-6.3351698 71.224403 386.534 0.076263346 0.54477555 0.83510685 0
-6.3311501 6.9074898 410.56201 0.18290912 0.18701389 0.96517879 0
-6.3078899 -0.142643 411.59799 0.11081015 0.15759912 0.98126632 0
-6.3000102 73.148102 385.17801 0.31644908 0.58541751 0.74642235 0
-6.2993698 71.6838 386.216 0.099786773 0.57438761 0.8124786 0
-6.2986798 2.10638 411.33301 0.05586192 0.15808435 0.98584419 0
-6.2978702 4.4706998 410.991 0.089373223 0.10529631 0.99041665 0
-6.27068 6.47576 410.64099 0.16053471 0.20363639 0.96579546 0
-6.27004 73.301697 382.11401 0.93268424 0.3317903 -0.14147541 0
-6.26092 1.35824 411.43201 0.032441914 0.12645848 0.99144125 0
-6.25144 72.0839 385.918 0.28687304 0.47754499 0.83045447 0
-6.22578 73.895897 383.39001 0.92121905 0.3824341 -0.071411364 0
-6.2077398 73.674599 382.75299 0.92483681 0.33190835 -0.18577875 0
-6.1851201 68.992599 387.883 0.094127819 0.51928586 0.84940106 0
-6.1773801 73.001297 382.077 0.96634686 0.20508757 -0.15528293 0
-6.17698 66.609596 389.30701 0.1022407 0.49424535 0.8632893 0
-6.1679201 62.741798 391.32901 0.13067575 0.45842943 0.8790713 0
-6.1672702 2.46333 411.254 0.060374662 0.20089501 0.97775054 0
-6.1661501 67.831001 388.586 0.11080102 0.51597214 0.8494091 0
-6.1599498 -1.43126 409.80099 0.86963612 -0.41018492 -0.2747387 0
-6.1552801 73.191299 382.431 0.92823839 0.29100287 -0.23171291 0
-6.1519899 73.753304 383.95099 0.92399693 0.37884995 -0.05198488 0
-6.1505499 10.3735 409.767 0.22705869 0.25336337 0.94034642 0
-6.1492701 58.2621 393.63901 0.20523426 0.39846215 0.89392775 0
-6.1489902 13.2442 409.151 0.16833091 0.19687819 0.96586937 0
-6.1487098 -0.94767803 409.077 0.90155339 -0.40310803 -0.15717956 0
-6.1486001 58.863098 393.35599 0.17055781 0.42602676 0.88848817 0
-6.1307001 63.679901 390.82401 0.14236175 0.48225874 0.864384 0
-6.13065 -2.1472099 411.54999 0.90075672 -0.35685694 0.24756904 0
-6.1305799 65.497803 389.92099 0.15501048 0.48560917 0.86032289 0
-6.1103401 70.756302 386.81601 0.060081538 0.51559979 0.85472047 0
-6.1008201 62.185501 391.60599 0.11235746 0.47363576 0.87352449 0
-6.09759 73.598999 383.38901 0.91391432 0.39993688 -0.069362268 0
-6.09654 -1.7704901 410.504 0.88911653 -0.38674134 -0.24475083 0
-6.0734401 69.775902 387.396 0.099052392 0.5098564 0.8545379 0
-6.0734301 4.9949598 410.89099 0.13117212 0.16588166 0.97738278 0
-6.0552702 7.8538098 410.31699 0.21470989 0.21809763 0.95201528 0
-6.0325098 -0.80003399 409.28201 0.91110414 -0.36320791 -0.19485691 0
-6.0318098 -1.82701 410.98099 0.94169551 -0.33528969 -0.028114172 0
-6.0316601 3.81338 411.026 0.10396031 0.11143061 0.98831952 0
-6.0282202 -0.57704502 408.85101 0.90155339 -0.40310803 -0.15717956 0
-6.0016198 72.319298 385.72699 0.28845197 0.54164511 0.78956699 0
-5.9993401 1.07582 411.45499 0.23419133 -0.11280651 0.96562368 0
-5.99823 71.426697 386.35501 0.21761976 0.60800737 0.76352388 0
-5.99231 73.321404 383.427 0.92716783 0.37427312 -0.016717995 0
-5.9904599 11.3173 409.492 0.20844039 0.19935794 0.95750147 0
-5.9846802 -1.77149 411.55099 0.9762094 -0.21137132 0.048346657 0
-5.9798598 70.2631 387.09799 0.094392404 0.50018156 0.86076039 0
-5.9636698 10.1767 409.772 0.26130855 0.22225307 0.93931967 0
-5.9356899 -1.09954 411.75201 0.346304 0.0069803814 0.9380964 0
-5.9332399 10.6617 409.621 0.2270758 0.24318957 0.94302464 0
-5.9257898 72.019997 385.923 0.28687304 0.47754499 0.83045447 0
-5.9246001 1.22493 411.44 0.23419133 -0.11280651 0.96562368 0
-5.9225798 -0.34815201 411.61301 0.20379406 0.018941419 0.97883052 0
-5.9196701 73.1521 383.27701 0.93527484 0.32938978 -0.12947354 0
-5.8951702 72.4263 382.535 0.93176615 0.25384942 -0.25956187 0
-5.8847699 8.9335804 409.99899 0.25239393 0.25023711 0.93470782 0
-5.8843002 64.267097 390.45801 0.17991531 0.44655558 0.87648082 0
-5.8769898 -0.385048 409.19 0.88935208 -0.4226025 -0.17452785 0
-5.8667998 14.7267 408.819 0.15138333 0.18396944 0.97120458 0
-5.86269 59.800201 392.84399 0.15216276 0.4191297 0.8950848 0
-5.8593302 65.253601 390.004 0.18033826 0.45105144 0.87408853 0
-5.8571501 8.2440004 410.173 0.2429336 0.23610723 0.94087017 0
-5.8509202 0.174381 411.5 0.38645881 0.17830928 0.90490627 0
-5.8484702 2.5009799 411.21799 0.1224352 0.18067852 0.97589183 0
-5.83919 6.0072598 410.66599 0.19931364 0.2046501 0.95832795 0
-5.8302398 4.5257001 410.93201 0.15156712 0.12957831 0.97991675 0
-5.8280802 -1.29816 410.853 0.91160381 -0.39505887 -0.11360911 0
-5.82125 16.1366 408.51999 0.15958284 0.21281791 0.96397191 0
-5.8158998 54.521999 395.26401 0.1325573 0.41649595 0.89942187 0
-5.8106499 2.1638 411.28101 0.12694232 0.17836922 0.97574079 0
-5.7927699 63.6614 390.76999 0.14731137 0.48357633 0.86281705 0
-5.7926698 61.533901 391.93701 0.12063214 0.46793482 0.87549126 0
-5.7835498 17.9503 408.13599 0.1734933 0.22899896 0.9578411 0
-5.77845 -0.34958601 411.55701 0.41733018 0.10708153 0.90242398 0
-5.7782998 72.170097 385.78799 0.34802279 0.22292867 0.91059482 0
-5.7649102 17.3501 408.267 0.15300195 0.1966068 0.96847105 0
-5.7637501 5.4828801 410.75 0.15490292 0.18008532 0.97137755 0
-5.7452102 55.1418 394.96899 0.18918003 0.41402155 0.89039153 0
-5.7449002 59.108299 393.15601 0.18420699 0.42442781 0.88652629 0
-5.7368498 58.655701 393.36899 0.21822964 0.39239299 0.8935343 0
-5.73627 72.700897 383.65201 0.95065963 0.28967389 -0.11106417 0
-5.73492 66.385002 389.36899 0.15681915 0.45747557 0.87528503 0
-5.71667 3.1770699 411.073 0.17161702 0.16557224 0.97115058 0
-5.6999402 70.820503 386.75699 0.16802011 0.56682366 0.8065235 0
-5.69872 64.000099 390.56 0.14933731 0.47664687 0.86631757 0
-5.69029 71.736099 382.60199 0.94400096 0.22477013 -0.24153788 0
-5.6865201 72.399696 383.31601 0.958417 0.26215947 -0.11273536 0
-5.6858702 72.665901 384.552 0.94942194 0.31325784 -0.02162206 0
-5.6801801 19.469299 407.73801 0.1659822 0.22276691 0.96063769 0
-5.6795301 65.707703 389.716 0.19093937 0.46249208 0.86581939 0
-5.6793098 20.764299 407.42999 0.13847865 0.21946768 0.96574199 0
-5.6683102 56.812302 394.16299 0.22333767 0.42552617 0.87695372 0
-5.6606798 70.377403 386.99899 0.13574401 0.48641515 0.86311871 0
-5.6515002 -1.02309 411.47601 0.94460869 -0.22390972 0.23995584 0
-5.64223 4.82619 410.849 0.19219205 0.16220377 0.96785957 0
-5.6420999 29.0126 405.25 0.019181686 0.25773245 0.96602589 0
-5.6346302 -0.68513101 410.371 0.89025706 -0.38921005 -0.23655435 0
-5.625 63.0569 391.08801 0.10630614 0.47805706 0.87187183 0
-5.6236501 58.132198 393.547 0.24182269 0.37379679 0.89543158 0
-5.6217399 7.1149702 410.345 0.25838226 0.185258 0.94811291 0
-5.6187401 -0.123779 409.75201 0.90745884 -0.31872219 -0.27374193 0
-5.6139102 11.4076 409.39401 0.17982411 0.19050083 0.96507657 0
-5.6079798 -0.79829001 410.78299 0.91416544 -0.38802072 -0.11722409 0
-5.5890398 72.3983 385.11401 0.88403755 0.39685467 0.24694943 0
-5.5857701 69.102402 387.75201 0.094122887 0.52939999 0.84313494 0
-5.5855598 67.902802 388.47198 0.12657931 0.50185716 0.85563838 0
-5.5847802 23.953699 406.62299 0.077800699 0.2462572 0.96607685 0
-5.58287 72.1754 383.76501 0.96737325 0.24325714 -0.070816621 0
-5.56811 0.53459901 408.75 0.9265064 -0.33803323 -0.16528605 0
-5.5679498 71.932297 383.35199 0.96319932 0.20543665 -0.17332877 0
-5.5580201 7.7744398 410.20001 0.27495596 0.19795907 0.94085675 0
-5.5497499 4.1690698 410.923 0.1512851 0.11583782 0.98167938 0
-5.54808 67.302696 388.82501 0.16111876 0.50446081 0.84826887 0
-5.5480499 69.7034 387.36801 0.10210093 0.52240634 0.84656185 0
-5.5402498 12.2828 409.22699 0.17171612 0.18088025 0.96839863 0
-5.53478 18.719299 407.89899 0.17530259 0.22823662 0.95769364 0
-5.5321398 0.96230698 408.19501 0.92256176 -0.34971896 -0.16302282 0
-5.53123 55.729 394.646 0.14754751 0.44705927 0.8822515 0
-5.5296402 29.6124 405.07999 0.063746698 0.28187972 0.95732969 0
-5.5290799 21.027399 407.35199 0.10009839 0.19646528 0.97538799 0
-5.5195498 13.5083 408.98901 0.1593622 0.18279901 0.97014856 0
-5.5177798 71.972801 384.20499 0.9613958 0.26951447 -0.055498 0
-5.5115399 69.398399 387.55899 0.094252117 0.52783483 0.84410125 0
-5.51086 29.9884 404.953 -0.00018647178 0.31441137 0.94928682 0
-5.5079899 -0.34701499 410.353 0.92440856 -0.31711 -0.21191984 0
-5.5068002 0.360405 409.52499 0.92181802 -0.33693105 -0.19164814 0
-5.5060701 71.801201 383.65201 0.97073269 0.22824314 -0.074720137 0
-5.4925799 68.4618 388.134 0.14913346 0.50427914 0.85056555 0
-5.4919 19.967199 407.586 0.16301294 0.21105681 0.96378517 0
-5.4893899 -0.57460803 410.95099 0.94540823 -0.30081284 -0.12535925 0
-5.48276 28.5443 405.35901 0.013150468 0.26260433 0.96481401 0
-5.4590802 71.954102 385.07599 0.96727103 0.24441786 0.068166398 0
-5.44626 50.184299 397.23801 0.086753175 0.41657507 0.90495253 0
-5.44558 71.127602 383.05099 0.95513296 0.23919132 -0.1746669 0
-5.4408998 3.5603099 410.978 0.1228475 0.10329555 0.98703521 0
-5.4351301 22.9408 406.883 0.087496996 0.27500373 0.95745349 0
-5.4292202 0.194931 410.01401 0.92198741 -0.30061591 -0.24406819 0
-5.4267702 60.0816 392.64001 0.18443133 0.40539974 0.89534134 0
-5.4229698 71.388901 383.61401 0.96996629 0.2091893 -0.12411793 0
-5.4188199 66.659798 389.173 0.15587993 0.46038702 0.87392521 0
-5.4025898 1.00318 408.68399 0.92539722 -0.33475506 -0.1777049 0
-5.4000001 66.9963 388.987 0.18608204 0.47480318 0.86019498 0
-5.39925 5.6129298 410.659 0.25757331 0.22135432 0.94056273 0
-5.3928499 71.577698 385.677 0.89806461 0.39987776 0.18324213 0
-5.3884301 71.642502 384.88901 0.95856887 0.28208855 -0.039645262 0
-5.38199 1.86341 411.26199 0.44359243 0.29863021 0.84501231 0
-5.3796301 59.088699 393.082 0.20671213 0.40978563 0.8884514 0
-5.37427 71.415901 386.04599 0.85969424 0.46411559 0.21336 0
-5.3618002 70.299797 387.00101 0.18523128 0.44567105 0.87582344 0
-5.3523898 -0.122192 410.95099 0.98803145 -0.06904193 -0.13793854 0
-5.3427 51.829498 396.461 0.081847332 0.42470461 0.90162468 0
-5.3419099 65.407997 389.79999 0.19797319 0.47628635 0.85671347 0
-5.33917 0.64234197 409.77802 0.92321676 -0.31429237 -0.22111338 0
-5.3362398 0.851807 411.17499 0.44729251 -0.11310174 0.88720763 0
-5.3359399 0.101788 410.95001 0.99247247 -0.103158 0.066006511 0
-5.3338499 71.4617 384.57101 0.95856887 0.28208855 -0.039645262 0
-5.3249998 9.9439201 409.62399 0.22350059 0.14383592 0.96403253 0
-5.3234 11.2012 409.37701 0.16143091 0.20322476 0.96573275 0
-5.3217502 61.006699 392.13699 0.14709856 0.46067321 0.87529546 0
-5.3215599 9.2525702 409.754 0.27418399 0.20373529 0.93984842 0
-5.30444 63.889702 390.56699 0.13074052 0.49283221 0.86024606 0
-5.2894402 0.39987901 410.35199 0.95078194 -0.27811068 -0.13663138 0
-5.2858901 34.2258 403.55499 0.047787026 0.33089685 0.94245619 0
-5.28509 64.230698 390.37201 0.11436771 0.47006127 0.87519282 0
-5.28474 8.6898003 409.88599 0.26565886 0.24219921 0.93314785 0
-5.2789302 1.45182 408.47699 0.91646641 -0.37009901 -0.15203962 0
-5.27707 16.5303 408.33899 0.18536454 0.20872304 0.96024722 0
-5.2760401 71.2761 385.75201 0.8840121 0.42566252 0.19322003 0
-5.2674799 59.6693 392.79001 0.19251664 0.40264362 0.89488292 0
-5.2628698 17.4492 408.14301 0.20408691 0.21748044 0.95448983 0
-5.2596998 71.1129 386.271 0.8583293 0.46917042 0.20772567 0
-5.2505002 2.6503999 411.099 0.31918138 0.055708349 0.94605488 0
-5.2487602 10.3009 409.53 0.20602739 0.20824604 0.95613092 0
-5.2484798 29.688101 405.04199 0.063746698 0.28187972 0.95732969 0
-5.2367601 70.676003 383.87701 0.97229302 0.19054592 -0.13541999 0
-5.2341099 15.2376 408.62201 0.16426677 0.19804102 0.9663313 0
-5.2309299 71.123901 384.55301 0.96494263 0.24394561 -0.096831225 0
-5.2206202 57.644299 393.64999 0.22149853 0.40785253 0.88577354 0
-5.2204399 20.5758 407.42001 0.13520482 0.21317485 0.96761364 0
-5.2119899 48.553799 397.97501 0.10462178 0.43448547 0.89458185 0
-5.2119298 62.197201 391.496 0.11674085 0.46379656 0.87821656 0
-5.2116098 67.355103 388.73001 0.19583091 0.5023129 0.84221852 0
-5.2100801 69.1026 387.70999 0.34169695 0.35758165 0.86912519 0
-5.20156 43.282101 400.32501 0.10656684 0.37115476 0.9224357 0
-5.20151 23.632299 406.67801 0.033122133 0.24839953 0.96809119 0
-5.2006502 70.7519 384.25201 0.97583967 0.1961017 -0.096338183 0
-5.1986098 1.4890701 408.936 0.93371671 -0.32878226 -0.14168735 0
-5.1974001 1.00299 410.92999 0.95818418 -0.12941733 0.25521415 0
-5.1960301 0.70269799 410.35199 0.9611817 -0.27255237 -0.04295224 0
-5.1874299 26.0133 406.08401 0.064492375 0.25788876 0.96401978 0
-5.1746802 55.1469 394.86801 0.14886618 0.43912253 0.88600808 0
-5.1739001 67.899803 388.39499 0.25803432 0.48766863 0.83402491 0
-5.1733599 4.30126 410.84 0.084223904 0.099430196 0.99147362 0
-5.1733599 63.326401 390.884 0.091740243 0.49273503 0.86532992 0
-5.1733599 4.30126 410.84 0.084223904 0.099430196 0.99147362 0
-5.1733599 63.326401 390.884 0.091740243 0.49273503 0.86532992 0
-5.1733599 4.30126 410.84 0.084223904 0.099430196 0.99147362 0
-5.1733599 63.326401 390.884 0.091740243 0.49273503 0.86532992 0
-5.1732998 30.7577 404.69199 0.064869069 0.30177382 0.95117009 0
-5.1731901 31.2271 404.53201 0.073508441 0.32370704 0.94329756 0
-5.1731901 30.101801 404.901 0.070660844 0.3007873 0.95106995 0
-5.1729999 18.6642 407.836 0.12978314 0.2138983 0.96819621 0
-5.17274 70.900703 384.983 0.97393781 0.22311485 -0.040803954 0
-5.15488 58.000801 393.48001 0.21747033 0.3757284 0.90085226 0
-5.13727 5.21422 410.672 0.24537669 0.18386516 0.95183188 0
-5.1354899 8.1174002 409.995 0.29693076 0.21456192 0.93048126 0
-5.1354098 13.0769 409.004 0.13787311 0.18644938 0.97274232 0
-5.1347699 60.367401 392.44601 0.17330161 0.44401735 0.87909907 0
-5.1264801 55.8825 394.487 0.14959551 0.45209977 0.87933326 0
-5.12637 18.1952 407.935 0.1955563 0.22292407 0.95501965 0
-5.1078901 35.424999 403.11401 0.035466999 0.34138986 0.93925238 0
-5.1075902 28.9018 405.25201 0.067639016 0.25622004 0.96424907 0
-5.10467 6.2405901 410.41 0.30982754 0.23521084 0.92123979 0
-5.1009498 69.322304 387.552 0.29221496 0.378454 0.8782841 0
-5.0985699 19.3009 407.67599 0.09329997 0.23521975 0.96745378 0
-5.0983601 40.3013 401.38699 0.0029094424 0.32845542 0.94451499 0
-5.0982199 19.901699 407.53799 0.064552829 0.22027607 0.97329921 0
-5.0974498 66.159599 389.34399 0.23774946 0.43123674 0.87035054 0
-5.09167 25.0914 406.31299 0.067686982 0.25956964 0.9633494 0
-5.0775599 70.0933 384.27301 0.97868794 0.17407198 -0.10894445 0
-5.06955 70.450401 385.75201 0.96910417 0.23837449 -0.063362196 0
-5.0636001 68.496399 388.043 0.293201 0.48509705 0.82384104 0
-5.0606599 41.971401 400.793 0.074177139 0.34016266 0.93743646 0
-5.0600801 70.679604 386.27802 0.93528622 0.35382852 -0.0067079477 0
-5.0588999 2.13659 408.439 0.94015604 -0.31731212 -0.12417602 0
-5.0369401 70.162399 384.88501 0.98054785 0.188934 -0.053196322 0
-5.0327902 36.564899 402.72501 0.053502902 0.34381929 0.93751037 0
-5.0293102 69.619904 387.37 0.14151032 0.57954812 0.80255765 0
-5.0268402 1.41295 410.35101 0.97667152 -0.20843811 0.051636599 0
-5.0230799 46.377102 398.965 0.12767132 0.4003287 0.90743428 0
-5.0212498 6.70294 410.263 0.30050978 0.23138715 0.92528582 0
-5.0142698 32.2938 404.16699 0.053606816 0.30383867 0.95121413 0
-5.0047498 37.2626 402.48099 0.019110726 0.33805743 0.94093144 0
-4.9858398 33.513901 403.77802 0.056236688 0.30269131 0.95142812 0
-4.9846802 1.8089401 409.75299 0.9607572 -0.25294286 -0.11386625 0
-4.9781299 7.5816002 410.056 0.32742101 0.20055385 0.92334914 0
-4.97647 65.107498 389.88199 0.19592845 0.49458006 0.84676009 0
-4.9586401 69.849998 385.75201 0.97892791 0.19813254 -0.049432877 0
-4.9514799 70.076202 386.35101 0.98399436 0.17818661 -0.0021428121 0
-4.94942 68.274597 388.13101 0.35695574 0.46428591 0.81056845 0
-4.9363899 68.951698 384.552 0.9856531 0.15855129 -0.057874426 0
-4.9351702 56.546299 394.11301 0.19502893 0.43318152 0.87995315 0
-4.9112101 60.550201 392.31201 0.17330161 0.44401735 0.87909907 0
-4.9109602 38.499901 402.06699 0.0012899642 0.31318069 0.94969267 0
-4.9018898 53.086899 395.832 0.09174227 0.42884934 0.89870548 0
-4.8843899 15.8305 408.42499 0.18937294 0.21742478 0.95753032 0
-4.88097 69.401901 385.189 0.96223348 0.21975258 -0.16067219 0
-4.8786101 2.08798 410.35199 0.97109979 -0.23240383 0.054347988 0
-4.87431 11.6499 409.241 0.11413205 0.17575501 0.97779548 0
-4.8737502 12.1759 409.14401 0.12660016 0.17803645 0.97584599 0
-4.8733702 57.138901 393.81299 0.19888848 0.42899117 0.88114125 0
-4.87325 38.202702 402.16299 0.0012899642 0.31318069 0.94969267 0
-4.8671598 3.77634 410.905 0.10580058 0.039671302 0.99359572 0
-4.8656402 61.4394 391.83701 0.14400183 0.45120972 0.88072312 0
-4.8639898 23.173 406.789 0.032155145 0.25207391 0.96717364 0
-4.8608599 68.877502 385 0.9710831 0.15294765 -0.18331566 0
-4.8597002 69.400597 385.564 0.97252053 0.19953778 -0.11995202 0
-4.8551102 8.9131899 409.70401 0.25856936 0.2325073 0.93759388 0
-4.8551002 54.404301 395.181 0.12579982 0.44218904 0.88805586 0
-4.8546 39.251202 401.79401 -0.0025125507 0.35719374 0.93402696 0
-4.8292298 69.402397 386.38901 0.97745699 0.19380055 -0.083780356 0
-4.8283801 2.7296801 408.703 0.94326234 -0.3253268 -0.066472545 0
-4.8264699 34.807598 403.30701 0.083343826 0.33086964 0.93998885 0
-4.81744 27.2876 405.694 0.067327797 0.29285073 0.95378476 0
-4.81353 14.3407 408.716 0.16743667 0.19447647 0.96651119 0
-4.8125501 24.0711 406.565 0.028575046 0.23814248 0.97080976 0
-4.7987099 18.437901 407.82599 0.071019486 0.19768809 0.97768891 0
-4.7982402 29.6891 404.99701 0.071846865 0.28596771 0.95554197 0
-4.7978902 56.053101 394.34698 0.14872684 0.45494434 0.87801254 0
-4.7905202 69.062897 385.453 0.98442012 0.12766996 -0.12090258 0
-4.7898598 68.427101 384.90701 0.97114754 0.2004492 -0.12919956 0
-4.7796102 62.970001 391.043 0.098739013 0.46691144 0.87877434 0
-4.7705498 59.285099 392.84201 0.2196907 0.39132223 0.89364588 0
-4.7688799 2.95366 408.40201 0.94870186 -0.30940092 -0.065083534 0
-4.76157 58.459202 393.20099 0.19967903 0.38935322 0.89918429 0
-4.76087 40.825802 401.20401 0.018250166 0.33903569 0.94059646 0
-4.7553802 69.064201 386.35199 0.98584521 0.16290602 -0.039633609 0
-4.7521501 47.423901 398.47101 0.12707131 0.40226394 0.90666234 0
-4.7511702 26.834801 405.81699 0.09298104 0.26542997 0.95963609 0
-4.73105 2.89551 409.20801 0.94908166 -0.30842924 -0.064151295 0
-4.7294102 4.0759401 410.88699 0.59383452 0.1396848 0.79236907 0
-4.7262998 4.22539 410.85501 0.57817513 0.1105857 0.80838376 0
-4.7233801 9.2512398 409.591 0.143944 0.11479683 0.98290479 0
-4.72012 69.175102 386.952 0.91738331 0.39384151 0.057417035 0
-4.7184801 68.3144 385.151 0.9805091 0.15117034 -0.12549677 0
-4.7160401 68.799202 385.79001 0.98515826 0.15754385 -0.068140231 0
-4.70646 66.886299 388.875 0.30202776 0.37245631 0.87752807 0
-4.7046599 11.0324 409.332 0.1167514 0.18495043 0.97578812 0
-4.6972198 2.80194 410.35199 0.95262432 -0.18167821 0.24392615 0
-4.69455 57.515301 393.59601 0.17623028 0.41473258 0.89271486 0
-4.69174 68.688797 386.164 0.98988944 0.14184062 0.00038980143 0
-4.69098 13.6379 408.84299 0.13429397 0.19154173 0.9722535 0
-4.68576 37.5266 402.37299 0.050956573 0.29705888 0.95349854 0
-4.68501 17.652599 407.97299 0.13065009 0.18173639 0.9746294 0
-4.6848698 34.305 403.47198 0.085983694 0.32670936 0.9412055 0
-4.6835499 67.823502 388.26801 0.47596279 0.35174185 0.8060627 0
-4.6767302 32.961102 403.92999 0.11488874 0.30572188 0.94516385 0
-4.6765199 15.2606 408.508 0.16734552 0.21083012 0.96309197 0
-4.6764498 38.782501 401.96201 0.042069066 0.33628336 0.94082075 0
-4.67382 3.2516899 408.383 0.95817643 -0.27642643 -0.074070014 0
-4.6688199 68.506401 386.62601 0.99380237 0.10635838 -0.032323416 0
-4.6578102 21.681801 407.15799 0.037143402 0.23327342 0.97170156 0
-4.6511502 5.4246001 410.465 0.50699604 0.1205738 0.85347348 0
-4.6501899 3.0437901 409.75201 0.9647302 -0.25959486 -0.043659601 0
-4.6498098 8.3504496 409.79099 0.3014245 0.20466334 0.93126589 0
-4.6491199 64.297897 390.28201 0.18172711 0.44886073 0.87492818 0
-4.64891 6.6634302 410.138 0.40108109 0.17383239 0.89939773 0
-4.6487198 6.2699199 410.23999 0.4060398 0.25260624 0.87824929 0
-4.6485701 38.500198 402.05801 0.0012899642 0.31318069 0.94969267 0
-4.64854 10.2258 409.47501 0.096142709 0.15975975 0.98246294 0
-4.6482701 37.9021 402.25 0.089340687 0.3115811 0.94601029 0
-4.6479802 7.8638902 409.86899 0.35824656 0.17384423 0.91729909 0
-4.6430502 67.971703 388.13901 0.47596279 0.35174185 0.8060627 0
-4.63869 16.9578 408.11301 0.17898129 0.20460035 0.96234316 0
-4.62186 3.28934 409.05801 0.95847535 -0.28084567 -0.049505178 0
-4.6210799 67.957199 386.146 0.99671596 0.080966398 0.001332167 0
-4.61308 64.821098 389.97299 0.28799528 0.51157075 0.80953944 0
-4.6121001 55.447201 394.633 0.11386723 0.44489759 0.88831323 0
-4.6104898 3.6633501 407.87701 0.97838092 -0.1918208 -0.077301413 0
-4.6092501 67.900803 385.75201 0.99534643 0.087816 -0.039671283 0
-4.6071601 67.898804 386.728 0.9914493 0.098167039 -0.085973978 0
-4.6017098 22.5714 406.94199 0.041412074 0.25319561 0.96652836 0
-4.59484 60.507702 392.272 0.20456482 0.4165715 0.88578856 0
-4.5941 8.7151403 409.69101 0.28043112 0.22692657 0.93266433 0
-4.5915899 62.465698 391.27701 0.13576762 0.44879141 0.88326293 0
-4.5827899 39.831299 401.56799 0.025518155 0.3572951 0.93364286 0
-4.5827498 67.301598 386.38901 0.98999929 0.12674296 -0.061948996 0
-4.5775299 5.6493402 410.383 0.4611977 0.20381846 0.86357093 0
-4.5759101 4.9000702 410.57401 0.52070427 0.1649721 0.83764631 0
-4.5747199 43.6716 400.09 0.1094439 0.38217375 0.91758662 0
-4.5742002 65.500198 389.56299 0.49582642 0.328576 0.80386192 0
-4.5738001 48.849098 397.76199 0.090985022 0.41891789 0.90345424 0
-4.5735998 67.2826 385.789 0.99639904 0.083328359 0.015661804 0
-4.5733299 45.504601 399.29099 0.11734053 0.3867625 0.91468352 0
-4.5722599 62.055 391.48001 0.14155245 0.43876779 0.88738137 0
-4.56461 42.6329 400.508 0.089749783 0.35073888 0.93216264 0
-4.5563402 44.7024 399.63199 0.15092476 0.37590721 0.91428411 0
-4.5545301 56.876701 393.88501 0.1170837 0.44542161 0.88763225 0
-4.5486102 7.32025 407.31601 0.97128808 0.031071609 -0.23586874 0
-4.5471001 7.0763602 407.353 0.97128808 0.031071609 -0.23586874 0
-4.5454202 24.3251 406.49399 0.050641924 0.25335616 0.96604663 0
-4.5436101 6.5338101 407.23901 0.96808505 0.11260329 -0.22390139 0
-4.5340199 8.16681 406.754 0.93702096 -0.2378732 -0.25574997 0
-4.53265 3.8506899 408.289 0.97263747 -0.21766843 -0.081220634 0
-4.5273099 67.3013 386.952 0.98458058 0.13957614 -0.10544954 0
-4.5259199 60.046101 392.461 0.19907396 0.38378534 0.9017086 0
-4.52106 66.832603 386.19299 0.9847393 0.15993051 -0.06863495 0
-4.5121298 4.3493299 407.70901 0.97898227 -0.17313369 -0.10778905 0
-4.5079598 66.645302 385.742 0.98837858 0.12518598 -0.086233966 0
-4.49891 63.623901 390.65399 0.28958794 0.47385523 0.83162493 0
-4.4988899 7.3014302 409.94501 0.34645218 0.13351224 0.92851782 0
-4.4984002 18.8137 407.741 0.051129688 0.15834482 0.98605919 0
-4.4983802 28.7136 405.245 0.080617748 0.28165975 0.95612162 0
-4.4978099 12.6281 409.01599 0.090900876 0.1762501 0.98013926 0
-4.4906702 3.79582 408.94601 0.97052026 -0.23272811 -0.062674649 0
-4.4889202 35.370201 403.08301 0.087501787 0.32928064 0.94016898 0
-4.47328 3.7750199 409.52701 0.96772164 -0.2476099 -0.046948746 0
-4.47051 31.4503 404.40201 0.084780924 0.31363425 0.94575143 0
-4.4688001 67.413696 387.552 0.96387386 0.25407687 -0.079950884 0
-4.46452 66.982002 386.802 0.97593659 0.18472517 -0.11586363 0
-4.4545598 67.189201 387.25201 0.97566825 0.18853074 -0.11192707 0
-4.4395299 4.3018298 408.36499 0.98166019 -0.16468085 -0.096039101 0
-4.4381199 6.8700199 407.84 0.97049969 0.059476126 -0.23365131 0
-4.4230399 19.900299 407.55499 -0.008363165 0.18256742 0.98315775 0
-4.4226499 16.302299 408.21799 0.1552199 0.23291066 0.96003091 0
-4.4119802 66.419502 386.29599 0.98122728 0.16116172 -0.10592401 0
-4.4093599 33.673 403.664 0.11320146 0.32162908 0.94007456 0
-4.4085398 67.374802 388.151 0.9550789 0.29488701 0.029427802 0
-4.4060001 8.2404404 407.194 0.93636513 -0.28921172 -0.19893943 0
-4.4056802 4.2828698 408.73999 0.98265213 -0.16407613 -0.086451054 0
-4.4046798 23.8006 406.625 0.035153471 0.23916012 0.97034359 0
-4.4007902 5.3888602 407.35199 0.98496038 -0.12330106 -0.12103675 0
-4.3945298 30.722601 404.633 0.086610168 0.30870816 0.94720531 0
-4.3765302 9.6406898 409.53101 0.014345477 0.13815965 0.99030608 0
-4.3761501 12.2333 409.07999 0.089484528 0.17579867 0.98035061 0
-4.37222 40.421398 401.33499 0.068161428 0.36649722 0.92791909 0
-4.3664899 11.4646 409.20999 0.13180073 0.15945803 0.97836685 0
-4.3614001 4.8325901 408.46301 0.98666358 -0.12666944 -0.10222451 0
-4.3558998 6.3078899 407.858 0.97740698 0.11321358 -0.17848879 0
-4.3558302 4.2635002 409.47101 0.97206628 -0.22628857 -0.062294863 0
-4.3523002 5.7262001 407.35199 0.99397492 -0.0032720449 -0.10955905 0
-4.3517699 5.37005 407.86301 0.9899354 -0.1114913 -0.087164149 0
-4.3489399 50.423901 397.022 0.072054833 0.42063642 0.90436339 0
-4.3488798 63.175098 390.883 0.11574624 0.4716967 0.87413102 0
-4.3483601 61.4888 391.729 0.16640143 0.43718791 0.88384235 0
-4.3481498 7.9756398 407.78201 0.95219451 -0.19734477 -0.23319669 0
-4.3478498 15.9643 408.28601 0.15652294 0.21913472 0.96305794 0
-4.3473701 61.003502 391.966 0.17352627 0.44787607 0.87709498 0
-4.33495 66.120201 386.689 0.98239422 0.14617486 -0.11633801 0
-4.3327298 7.76934 407.98801 0.9592855 -0.1339823 -0.24863634 0
-4.3322101 66.588303 387.40201 0.98154604 0.16569176 -0.09546499 0
-4.32967 39.363499 401.72699 0.075849667 0.33848241 0.93791068 0
-4.32967 19.263901 407.659 -0.032778405 0.16722959 0.98537296 0
-4.32967 39.363499 401.72699 0.075849667 0.33848241 0.93791068 0
-4.32967 19.263901 407.659 -0.032778405 0.16722959 0.98537296 0
-4.3278399 8.7622805 406.75101 0.92677921 -0.32498652 -0.18831918 0
-4.32482 65.557503 386.258 0.98638749 0.095563941 -0.13381812 0
-4.3236699 5.7828302 407.737 0.99488246 -0.0071336594 -0.10078707 0
-4.31216 63.697701 390.59299 0.30052286 0.46586165 0.83226132 0
-4.3103199 52.0229 396.28101 0.11214389 0.42699066 0.89727515 0
-4.3088398 7.6035299 409.793 0.33881363 0.26146317 0.90379328 0
-4.30054 66.702003 388.03799 0.97416157 0.16227022 -0.15709117 0
-4.2919502 25.7892 406.06 0.095480323 0.27454606 0.9568218 0
-4.2911201 59.840599 392.487 0.25684321 0.38726571 0.88546985 0
-4.2821398 5.3832798 408.65399 0.99110121 -0.074449211 -0.11034375 0
-4.2776699 64.671303 389.979 0.29669783 0.51833767 0.80205762 0
-4.2743301 46.823601 398.66501 0.13116887 0.40276006 0.90585822 0
-4.2732301 23.277201 406.745 0.043007135 0.24269044 0.96915001 0
-4.2724199 37.1539 402.452 0.10553002 0.30190438 0.94747937 0
-4.2705498 6.5134101 408.55301 0.98545027 0.011664157 -0.16956326 0
-4.26612 8.7630196 407.07001 0.92677921 -0.32498652 -0.18831918 0
-4.2642798 6.7013698 408.62799 0.98107469 -0.019247828 -0.19267052 0
-4.26122 7.5069499 408.36301 0.94964337 -0.1515938 -0.27422035 0
-4.2592802 7.1423101 408.534 0.97295731 -0.061096638 -0.22275825 0
-4.2561598 51.180901 396.659 0.089554816 0.42260885 0.90187675 0
-4.2547202 47.9883 398.14001 0.13401012 0.39671794 0.90810579 0
-4.2539101 49.735802 397.327 0.076993704 0.41313827 0.9074077 0
-4.24857 5.9888101 408.51501 0.98355728 -0.011734243 -0.18021469 0
-4.2417798 65.875504 388.75101 0.98684317 0.10532245 0.12266915 0
-4.2400398 65.07 386.62399 0.99193609 0.1030102 -0.07383538 0
-4.2368898 66.3993 388.76001 0.98949456 0.062063374 0.13057055 0
-4.2330699 65.407997 387.388 0.99630886 0.071705259 -0.047191281 0
-4.22017 66.176201 388.15201 0.9991101 0.033686809 -0.025381956 0
-4.2178102 65.801201 388.189 0.99999255 0.0035348015 0.0015371051 0
-4.2164102 54.891399 394.853 0.092947185 0.44501331 0.89068735 0
-4.21175 6.3262501 408.85199 0.98320502 0.037547823 -0.17860027 0
-4.2109799 4.8624701 409.60101 0.97183943 -0.22097003 0.081855729 0
-4.2088499 11.8755 409.129 0.11808539 0.15008998 0.98159504 0
-4.20856 8.2107096 408.121 0.94710928 -0.19733641 -0.25306582 0
-4.1996002 17.1616 408.01801 0.061783675 0.19135262 0.97957486 0
-4.1984901 59.501202 392.603 0.24359433 0.38499999 0.89018923 0
-4.1981902 39.8517 401.535 0.11702928 0.3487747 0.92987114 0
-4.1936998 65.201202 388.15201 0.99559337 0.068729348 -0.063797496 0
-4.1904402 9.10145 406.75201 0.93079978 -0.3606391 -0.059591718 0
-4.1856198 65.5383 388.76999 0.98105663 0.19234753 -0.023029435 0
-4.1834898 8.57831 407.81299 0.95950353 -0.22758253 -0.16600938 0
-4.1821399 60.2104 392.29999 0.34608305 0.44460303 0.82616866 0
-4.1809502 66.476402 388.452 0.97565806 0.21573889 -0.039346278 0
-4.1796298 18.062201 407.87701 0.042544875 0.17394571 0.98383576 0
-4.1724701 18.704399 407.76801 0.002629488 0.17468929 0.98462009 0
-4.1657 5.8013802 409.11499 0.9838776 -0.030088693 -0.17629401 0
-4.1607499 20.802099 407.35101 0.025912993 0.23672669 0.97123069 0
-4.1598101 6.6448698 409.11401 0.99135411 0.0059059793 -0.13108078 0
-4.1597199 6.3263502 409.151 0.99244773 0.012089478 -0.12207127 0
-4.1572499 64.5644 387.983 0.98754323 0.10985252 -0.11265366 0
-4.15276 5.0517802 409.75201 0.98342031 -0.11210091 0.14254068 0
-4.1508799 27.909599 405.45099 0.089915447 0.27737412 0.95654523 0
-4.1476102 64.300797 386.952 0.99583715 0.037363242 -0.083140224 0
-4.1394701 64.216698 387.34601 0.99647754 0.079481289 -0.026743406 0
-4.1300702 9.1381998 407.07001 0.92671841 -0.35568354 -0.12117038 0
-4.1298199 7.2248998 409.85599 0.34645218 0.13351224 0.92851782 0
-4.1297002 7.5241699 409.77399 0.29035008 0.28287074 0.9141559 0
-4.1279998 63.692799 390.56601 0.30052286 0.46586165 0.83226132 0
-4.12608 64.222702 390.202 0.48548403 0.50972188 0.7102738 0
-4.12569 62.421902 391.23499 0.18176477 0.43106931 0.88382173 0
-4.1244998 9.7753496 409.53799 0.34135717 0.19167732 0.92018211 0
-4.1240201 9.5509796 409.55301 0.46660942 -0.18178779 0.86558008 0
-4.1238699 57.9156 393.31 0.14797333 0.42703518 0.89204532 0
-4.1234798 7.0763001 409.888 0.34645218 0.13351224 0.92851782 0
-4.1234398 63.101299 390.88501 0.47204825 0.38064927 0.79515821 0
-4.1233101 11.4263 409.19 0.12813531 0.17557342 0.97609186 0
-4.1229901 36.0275 402.815 0.11405742 0.33232108 0.93624443 0
-4.1228199 15.2519 408.40399 0.12535366 0.2104013 0.96954513 0
-4.12256 53.430401 395.58801 0.09811835 0.43516019 0.89499074 0
-4.1202002 6.3259401 409.75 0.99978584 0.018510692 0.009250991 0
-4.1104002 6.9250498 409.78 0.33893681 -0.04127961 0.93990308 0
-4.1056399 45.2864 399.31699 0.1534643 0.36998129 0.91627645 0
-4.1048698 16.2628 408.18701 0.055308353 0.1732519 0.98332334 0
-4.1045198 19.862301 407.577 0.010189643 0.18503171 0.98267972 0
-4.1039 65.125603 388.79001 0.98148954 0.16638251 -0.094842814 0
-4.1032901 63.691898 387.40701 0.9970383 0.05963954 -0.048556939 0
-4.1030898 59.0546 392.77701 0.30736208 0.46692437 0.82916236 0
-4.0892901 63.945 388.11499 0.98962849 0.074422933 -0.12286858 0
-4.0837302 31.825701 404.23801 0.13086715 0.31657973 0.93949509 0
-4.0770602 63.251202 387.327 0.99774277 0.019806426 -0.064164802 0
-4.0767398 14.4635 408.565 0.16179447 0.18607131 0.9691233 0
-4.0717001 27.354601 405.603 0.098199159 0.26227641 0.95998335 0
-4.0621901 63.4575 388.11499 0.9958328 0.041426051 -0.081245832 0
-4.0619998 5.8011498 409.67599 0.99732941 0.070340164 -0.019653494 0
-4.0574899 8.3146801 408.591 0.97073251 -0.11037116 -0.21329919 0
-4.0521302 10.8236 409.29901 0.45527035 0.20366187 0.8667472 0
-4.0507798 10.3741 409.41599 0.35286909 0.13275979 0.92620635 0
-4.0495901 12.7748 408.95999 0.26969907 0.18906803 0.94420111 0
-4.0482898 44.651299 399.561 0.11131358 0.4095549 0.905469 0
-4.0481901 54.027302 395.28201 0.091329001 0.44956028 0.88856882 0
-4.0479002 60.964802 391.91599 0.2594437 0.38775635 0.88449645 0
-4.0318799 12.2122 409.05801 0.26357093 0.1886404 0.94601542 0
-4.0306702 47.5173 398.327 0.13439453 0.39631727 0.90822393 0
-4.0297098 62.501202 388.15201 0.99199194 0.031449329 -0.122323 0
-4.01508 7.7508202 409.07599 0.98761052 -0.12246532 0.09812101 0
-4.0114398 58.600201 392.97198 0.26558185 0.43165502 0.86205584 0
-4.0092802 8.9500904 408.47501 0.97360867 -0.16638827 -0.15620849 0
-4.0023699 64.394997 388.789 0.98331273 0.10400909 -0.14925864 0
-4.0021 34.768101 403.24799 0.11157855 0.32101536 0.94047827 0
-3.99264 38.0126 402.14301 0.13869327 0.32431307 0.93572712 0
-3.9896801 32.525501 403.98901 0.12404953 0.32171658 0.93867469 0
-3.98769 22.0471 407.05099 0.057684328 0.23154919 0.97111148 0
-3.98611 64.075699 388.754 0.98578471 0.070665218 -0.15243004 0
-3.98245 63.026501 388.60101 0.97979236 0.049718566 -0.1937395 0
-3.97855 62.4212 391.18201 0.29224619 0.22983456 0.92831475 0
-3.9739399 39.118698 401.76999 0.11159883 0.31992388 0.94084769 0
-3.9642601 8.3522501 409.15201 0.97771275 -0.16217096 0.13333571 0
-3.9544401 19.300699 407.67099 -0.013005126 0.1630813 0.98652691 0
-3.9451201 9.4026604 407.952 0.96856058 -0.24179903 -0.058512215 0
-3.9444699 64.441101 389.38901 0.90510297 0.42105061 0.05920301 0
-3.9384699 61.223 391.772 0.25559357 0.42870644 0.86653489 0
-3.9365399 57.061001 393.716 0.1220761 0.46014917 0.87940902 0
-3.93648 46.223999 398.89001 0.10145296 0.39949638 0.91110367 0
-3.93607 17.4631 407.95599 -0.0050259214 0.1335191 0.99103349 0
-3.93379 61.901402 388.452 0.96868354 0.0508257 -0.24304113 0
-3.92062 29.9256 404.83099 0.10866428 0.28368324 0.95274127 0
-3.91185 8.72791 409.151 0.97450376 -0.22419357 0.0089235827 0
-3.9110799 9.8141699 406.733 0.98280901 -0.15641266 -0.098089732 0
-3.90872 9.6635799 407.29599 0.94236523 -0.326796 -0.071778454 0
-3.9082899 52.4538 396.039 0.15721925 0.40108505 0.9024483 0
-3.90557 24.7992 406.306 0.087605655 0.27332348 0.9579246 0
-3.90465 9.4774904 408.55301 0.97379917 -0.17884775 -0.14045876 0
-3.9003301 62.651501 388.75201 0.95739055 0.097331755 -0.27190045 0
-3.89977 61.975101 391.38501 0.38111883 0.19284056 0.90419078 0
-3.8993399 13.8252 408.69 0.31555307 0.15859874 0.93556011 0
-3.89906 13.5632 408.754 0.32395834 0.13197199 0.9368214 0
-3.8979101 54.966801 394.78799 0.066805825 0.44171295 0.89466566 0
-3.89768 26.540501 405.80701 0.10772694 0.26688227 0.95768929 0
-3.88819 63.607399 389.19299 0.9857673 0.081745893 -0.1469029 0
-3.88802 41.861 400.742 0.11075206 0.36407664 0.92476058 0
-3.8851199 57.557999 393.45099 0.14860107 0.45265856 0.87921441 0
-3.87974 23.482201 406.67499 0.077270165 0.25542298 0.96373671 0
-3.87958 22.507601 406.92801 0.064981252 0.24347202 0.96772867 0
-3.86414 59.798401 392.37 0.3934893 0.37905526 0.83754599 0
-3.8629301 11.9513 406.133 0.97596401 -0.07117933 -0.20598006 0
-3.86269 9.8520403 407.87701 0.9844991 -0.16842592 -0.048931208 0
-3.86113 55.571499 394.48999 0.10626803 0.45287344 0.88521904 0
-3.8610799 15.7009 408.29501 0.060365036 0.18623804 0.98064852 0
-3.85551 12.3541 406.095 0.97553074 -0.07956364 -0.20496188 0
-3.85197 45.7561 399.09201 0.1253697 0.37069628 0.92025363 0
-3.84725 29.0783 405.07001 0.10776997 0.2982322 0.94838977 0
-3.84214 30.926201 404.51401 0.113517 0.31517196 0.94222105 0
-3.84202 61.5639 388.69501 0.96436554 0.069218352 -0.25535849 0
-3.83427 10.3766 406.75201 0.98900884 -0.1236961 -0.080999002 0
-3.8311801 11.314 406.453 0.97845578 -0.075886868 -0.19200376 0
-3.82339 58.3013 393.07001 0.21972431 0.42602554 0.87762374 0
-3.8136101 9.0303802 409.15201 0.98903662 0.035108767 0.14343616 0
-3.8073299 63.176399 389.33301 0.96237177 0.14375445 -0.23059745 0
-3.8009901 60.8708 388.63699 0.95770097 0.097581439 -0.27071512 0
-3.7955201 51.5504 396.452 0.10167801 0.41690195 0.90324658 0
-3.7913101 10.4138 407.87701 0.98492569 -0.15090625 -0.084549874 0
-3.7888701 10.5539 407.33301 0.99025905 -0.13484739 -0.034686547 0
-3.786 14.2013 408.57901 0.1802775 0.18361069 0.96632659 0
-3.7855101 43.115002 400.23499 0.093647465 0.38537654 0.91799515 0
-3.7851801 33.3461 403.673 0.14432932 0.32632187 0.93417507 0
-3.7820799 11.9513 406.48999 0.96304125 -0.070905857 -0.25985372 0
-3.77071 13.0011 406.142 0.96236318 -0.1075214 -0.24959223 0
-3.74857 23.050501 406.77499 0.075804517 0.25923795 0.962834 0
-3.7483301 56.3517 394.07501 0.13959552 0.47313297 0.86986107 0
-3.7483301 50.201401 397.07599 0.076985337 0.41035172 0.90867198 0
-3.7483301 56.3517 394.07501 0.13959552 0.47313297 0.86986107 0
-3.7483301 50.201401 397.07599 0.076985337 0.41035172 0.90867198 0
-3.7474301 10.1889 408.552 0.95613199 -0.21019147 -0.20403707 0
-3.7470801 47.2038 398.40601 0.14602862 0.38630122 0.91073984 0
-3.71134 51.999802 396.228 0.19165231 0.43224579 0.88115436 0
-3.71088 28.413799 405.26199 0.12274189 0.29378113 0.94795942 0
-3.71071 21.1022 407.26199 0.091571748 0.23659191 0.96728426 0
-3.7103701 42.440399 400.50299 0.11118792 0.36047548 0.92611808 0
-3.7035301 12.3829 406.62201 0.96264935 -0.088054292 -0.25603265 0
-3.7014201 34.985802 403.13501 0.13559638 0.33142582 0.93368655 0
-3.7004399 11.1837 407.29599 0.9814285 -0.15132506 -0.11789348 0
-3.6932399 56.6852 393.88599 0.14223814 0.4753198 0.86823922 0
-3.6925001 52.9562 395.77701 0.13132425 0.43353108 0.89151824 0
-3.68256 43.8549 399.89401 0.088121898 0.41376537 0.90610856 0
-3.6801801 63.250401 389.953 0.98135191 0.18867929 -0.036722694 0
-3.67468 62.500401 389.39099 0.97193074 0.095863461 -0.21485069 0
-3.67364 37.544399 402.245 0.13818154 0.30841187 0.94116312 0
-3.67348 50.951099 396.71399 0.14747508 0.4427503 0.88443387 0
-3.6731601 17.351 407.978 -0.046516363 0.20188501 0.97830397 0
-3.6729901 48.477699 397.84799 0.10233521 0.39457455 0.91314757 0
-3.66799 61.0009 389.129 0.96703184 0.1113525 -0.22901985 0
-3.6659999 10.676 408.55099 0.98626304 -0.1527475 -0.062875859 0
-3.65504 10.9765 408.36401 0.98126435 -0.16787101 -0.094549589 0
-3.65395 40.649799 401.15302 0.13271029 0.32994592 0.93462485 0
-3.6522801 61.807598 389.38901 0.99594581 0.0411961 -0.079967819 0
-3.6459 30.5123 404.62701 0.14905782 0.29070228 0.94513172 0
-3.6434901 14.6898 405.81601 0.96086061 -0.12823434 -0.24556646 0
-3.6413 62.951599 389.95099 0.98785633 0.10802491 -0.11167122 0
-3.6401401 13.974 406.20801 0.96355093 -0.11303904 -0.24247015 0
-3.6365299 55.9925 394.25101 0.13694029 0.45568332 0.87954539 0
-3.6325099 61.677101 390.25201 0.99763292 0.064131059 -0.024814907 0
-3.63222 15.3269 405.51999 0.96209925 -0.12978618 -0.23983437 0
-3.6261799 61.301102 389.39001 0.99236482 0.065447979 -0.10454006 0
-3.6253099 60.3829 389.05099 0.9699651 0.072082691 -0.23231819 0
-3.62274 11.6511 407.35199 0.97904229 -0.14459671 -0.14341533 0
-3.6224101 11.4277 407.69 0.98170251 -0.17131273 -0.083139293 0
-3.6143301 62.257599 389.914 0.99880958 0.010114674 -0.047719836 0
-3.6140101 58.994598 389.763 0.98810041 -0.040211841 -0.14846063 0
-3.6138 13.2251 406.61801 0.9673928 -0.095290795 -0.23467182 0
-3.6137099 16.5446 405.21399 0.97418398 -0.11334417 -0.19524018 0
-3.6131301 61.601398 389.952 0.99465847 0.096247159 -0.037296899 0
-3.60444 59.651901 389.05301 0.98200804 -0.095687687 -0.1628006 0
-3.6034701 62.351002 390.55099 0.96313804 0.056519203 0.26300326 0
-3.6008999 58.751499 389.87601 0.98810041 -0.040211841 -0.14846063 0
-3.6005199 49.290699 397.47198 0.078686573 0.4110733 0.90819997 0
-3.59916 54.247398 395.13901 0.12456356 0.43049258 0.8939575 0
-3.59864 61.676899 390.55099 0.97891551 0.18529701 -0.085961804 0
-3.5985601 50.5755 396.892 0.12767239 0.42844826 0.89450091 0
-3.5984299 19.226 407.67999 0.041119426 0.22639418 0.97316742 0
-3.59762 45.0285 399.32199 0.094333529 0.37976974 0.92025876 0
-3.5836799 60.719799 389.353 0.98318106 0.072879769 -0.16746193 0
-3.5822699 59.313202 389.67001 0.98525727 -0.11944598 -0.12247746 0
-3.5791199 12.2519 407.12799 0.96943688 -0.11916941 -0.2144545 0
-3.5766599 11.9507 407.35101 0.97303027 -0.16183756 -0.16437969 0
-3.57458 61.226002 389.802 0.99223673 0.10617238 -0.064758897 0
-3.5706899 47.668301 398.194 0.12497495 0.3874827 0.91336656 0
-3.56796 11.3521 408.58701 0.98787379 -0.1438116 -0.058511753 0
-3.5673699 58.526299 389.952 0.98920292 0.04782334 -0.13852988 0
-3.5625801 57.811199 393.26599 0.21122016 0.44001147 0.87279779 0
-3.56126 57.551399 390.552 0.9951151 0.014971762 -0.097579516 0
-3.56077 52.301399 396.05399 0.21106321 0.4496471 0.86791116 0
-3.5552101 59.9515 389.27802 0.98969454 0.013747702 -0.14253318 0
-3.5543201 60.326199 389.35199 0.99023354 0.023773713 -0.13737667 0
-3.54615 60.963299 389.952 0.99487197 0.076931588 -0.065660641 0
-3.5439799 59.6609 389.51599 0.99118775 -0.072906211 -0.11059616 0
-3.5357399 11.9134 407.65201 0.97303027 -0.16183756 -0.16437969 0
-3.53546 14.9847 406.15302 0.97057271 -0.12540753 -0.20557615 0
-3.5334499 56.876099 390.40201 0.9898147 0.043223873 -0.1356411 0
-3.5315299 60.622398 391.87 0.44766712 0.25226477 0.85787916 0
-3.5311501 13.3002 408.66299 0.41613138 0.11208247 0.90237033 0
-3.5274999 14.6874 408.452 0.48382357 0.20942418 0.84973896 0
-3.52702 60.924 391.76599 0.3947778 0.20820229 0.89487559 0
-3.5265801 57.907501 390.599 0.99655175 -0.02553091 -0.078948148 0
-3.5261199 13.825 408.60001 0.31555307 0.15859874 0.93556011 0
-3.5259299 61.188099 390.55301 0.97652256 0.17050238 -0.13165337 0
-3.5257699 16.2244 408.19501 0.28947064 0.17853037 0.94039017 0
-3.52493 58.975101 392.63599 0.29818153 0.49776748 0.81444174 0
-3.5244801 36.773499 402.48099 0.13113905 0.31620488 0.93958342 0
-3.52437 34.4118 403.293 0.15191129 0.29761717 0.94252163 0
-3.5237601 60.401299 389.70801 0.99570358 0.048597559 -0.078820229 0
-3.5237501 21.887899 407.047 0.10979079 0.23754618 0.96515167 0
-3.5157001 60.457699 390.064 0.99533367 0.060809303 -0.074921072 0
-3.5138299 58.939499 390.36401 0.98679 -0.0037427412 -0.1619613 0
-3.5121801 58.371601 390.41199 0.9962908 -0.016320268 -0.084488079 0
-3.5120101 11.5767 408.55099 0.98302472 -0.18332407 0.0073968507 0
-3.5107 17.0525 405.40399 0.96701932 -0.12824298 -0.22006218 0
-3.51057 59.388699 391.15201 0.99788028 0.026707016 -0.059344098 0
-3.5080299 16.7885 405.55099 0.96279413 -0.080272831 -0.25803825 0
-3.5056 51.736599 396.319 0.26134986 0.3943978 0.88099182 0
-3.50506 20.6877 407.35699 0.11192107 0.2479177 0.9622944 0
-3.49737 60.438202 391.00101 0.99937528 -0.015427898 -0.031797476 0
-3.4962499 59.9137 391.00201 0.99831372 -0.014548074 -0.056196183 0
-3.4886701 58.3382 391.15302 0.99473619 0.005129328 -0.10234045 0
-3.4877501 57.247299 393.547 0.33604345 0.50938642 0.79221225 0
-3.48596 18.7006 407.784 0.049038168 0.20143221 0.97827417 0
-3.4858601 54.926399 394.78101 0.091605686 0.42684048 0.89967525 0
-3.48277 59.407902 390.51401 0.99765331 -0.005005511 -0.068284869 0
-3.4810901 57.5508 391.00299 0.98493916 0.036311407 -0.16904548 0
-3.4799299 13.9739 408.543 0.31555307 0.15859874 0.93556011 0
-3.47715 12.9592 407.28601 0.97210586 -0.087946378 -0.21742962 0
-3.4769199 57.8792 391.134 0.98940998 0.0225004 -0.14339334 0
-3.4707501 61.449001 391.14999 0.98205662 0.18651764 -0.02785621 0
-3.4651799 17.9498 404.98801 0.95746744 -0.19714171 -0.2106923 0
-3.4621601 32.272202 403.99701 0.13596773 0.30244011 0.94342077 0
-3.45783 55.263199 394.61099 0.12434189 0.46890703 0.8744514 0
-3.4514101 56.568901 393.909 0.34758085 0.38272265 0.85598534 0
-3.4500799 13.0768 408.57501 0.43147942 0.14336149 0.89065874 0
-3.4491601 27.812 405.41299 0.14578755 0.27730224 0.94965756 0
-3.44875 20.050699 407.50601 0.11068533 0.19380395 0.97477627 0
-3.44856 12.1955 407.896 0.98111659 -0.1367179 -0.13681521 0
-3.44854 15.3356 406.414 0.97438818 -0.11825896 -0.19126551 0
-3.4485199 27.3634 405.53601 0.13905045 0.26104116 0.9552604 0
-3.4484899 21.2509 407.20001 0.13224797 0.24728765 0.95987463 0
-3.4484799 49.9006 397.18799 0.10542583 0.40608659 0.9077329 0
-3.4484799 23.5385 406.612 0.13180144 0.27117988 0.953462 0
-3.4484799 49.9006 397.18799 0.10542583 0.40608659 0.9077329 0
-3.4484799 23.5385 406.612 0.13180144 0.27117988 0.953462 0
-3.448 23.202 406.70401 0.12985481 0.28178459 0.95064986 0
-3.44368 59.5765 391.75201 0.99703884 0.067007355 0.037730318 0
-3.4302101 56.941101 391.07901 0.98244148 0.066066697 -0.17448197 0
-3.4300301 39.981602 401.37399 0.15761957 0.33939192 0.92734522 0
-3.42995 31.038 404.41599 0.15949807 0.31858382 0.93437934 0
-3.4209001 38.997002 401.71701 0.17493208 0.30855778 0.93498176 0
-3.41856 13.5247 408.56 0.39518866 0.058859728 0.91671228 0
-3.4144101 12.1022 408.474 0.99210763 0.066363126 0.10638809 0
-3.41135 59.276001 391.75201 0.99571741 0.084094599 0.03840575 0
-3.4100001 47.354198 398.29901 0.081896268 0.36582208 0.92707455 0
-3.40783 60.4025 391.67401 0.99699074 -0.028564395 0.072066523 0
-3.4075899 16.2644 406.004 0.97176516 -0.061705172 -0.22773871 0
-3.4052701 14.7072 406.97601 0.98020196 -0.083390884 -0.17958313 0
-3.40343 58.451199 391.75101 0.98285699 0.030063823 -0.18190204 0
-3.40307 15.9644 406.172 0.97362256 -0.12211526 -0.19273548 0
-3.4003799 61.037899 391.151 0.99979812 -0.0075371284 0.01862718 0
-3.3931999 13.7518 407.39001 0.97786003 -0.078273736 -0.19406939 0
-3.3821399 14.145 407.314 0.97511715 -0.085875221 -0.20438209 0
-3.3782499 26.0228 405.89899 0.1259464 0.28107169 0.95138645 0
-3.3764601 57.0224 393.642 0.43289703 0.38648129 0.81439078 0
-3.3739901 28.450199 405.20499 0.22588246 0.279118 0.93331146 0
-3.37397 51.099499 396.59799 0.19728686 0.43333092 0.87937605 0
-3.3727801 47.055199 398.42001 0.055490803 0.41541272 0.9079389 0
-3.3720901 17.275499 405.81299 0.94201976 -0.13483073 -0.30727741 0
-3.3719201 57.8797 391.76999 0.97402346 0.091302067 -0.20722504 0
-3.36849 17.7075 405.58899 0.94572163 -0.16458811 -0.28021654 0
-3.3631699 56.126202 391.15201 0.96841806 0.12423086 -0.21617849 0
-3.35479 52.8633 395.76501 0.20537785 0.378052 0.90271622 0
-3.3522799 13.1506 407.87399 0.99274164 -0.12019607 -0.0041144425 0
-3.3510699 33.971298 403.39301 0.19350016 0.27254745 0.94248372 0
-3.33601 25.600901 406.01901 0.13781123 0.28579888 0.94832855 0
-3.3357 38.2766 401.92999 0.17951627 0.30966055 0.93374741 0
-3.3296499 57.439098 391.75101 0.97120523 0.13758671 -0.19450001 0
-3.32639 29.501499 404.875 0.152385 0.28320411 0.94687605 0
-3.3117499 56.669998 391.565 0.96539235 0.075802833 -0.24954274 0
-3.3081701 16.1835 406.62 0.97146279 -0.14905153 -0.18450932 0
-3.2997799 56.048599 394.16501 0.19475406 0.46320954 0.86458534 0
-3.29866 33.100601 403.668 0.2084419 0.37477738 0.90337914 0
-3.29807 27.027 405.60501 0.18085042 0.27782911 0.94345331 0
-3.29424 15.0638 407.315 0.98094845 -0.090392679 -0.17195718 0
-3.2885399 24.4496 406.35101 0.099796906 0.28001899 0.95479316 0
-3.2878301 13.5823 407.98801 0.99371207 0.0022433917 0.11194349 0
-3.28338 58.150799 392.203 0.99588037 0.053498358 0.073213294 0
-3.28216 18.177299 405.55301 0.95318478 -0.22184628 -0.20548224 0
-3.2794099 54.739498 394.85699 0.10859108 0.45126891 0.88575637 0
-3.27741 58.376801 392.35101 0.96813726 0.2213667 0.11707716 0
-3.2641201 13.9764 407.95099 0.98174977 0.15881777 0.10461486 0
-3.2604699 37.639599 402.14499 0.17446129 0.3376151 0.92497528 0
-3.26035 55.415001 391.03799 0.9518944 0.21382411 -0.21949112 0
-3.2602201 30.5522 404.54901 0.18284991 0.309782 0.93306005 0
-3.2576699 15.8703 407.16501 0.98063666 -0.1247809 -0.15093549 0
-3.24072 52.228298 395.99701 0.26400694 0.36758435 0.89172983 0
-3.23508 56.0308 391.56699 0.95984358 0.14640178 -0.23930487 0
-3.2254601 18.173599 407.90601 0.1964436 0.17841648 0.96414596 0
-3.2253699 18.984501 404.965 0.95610672 -0.18816836 -0.22461663 0
-3.2249999 17.050501 408.09399 0.16492021 -0.0050373189 0.98629403 0
-3.2239599 20.388201 407.39401 0.15367413 0.21835057 0.96369463 0
-3.22335 26.6514 405.69699 0.1728553 0.26985532 0.94725877 0
-3.22312 17.651699 407.98199 0.14485776 0.030707788 0.98897588 0
-3.2227099 34.977501 403.05499 0.15968849 0.31091902 0.93692529 0
-3.2202699 19.393101 404.76199 0.96257436 -0.18402557 -0.19896033 0
-3.2199199 14.8774 407.95001 0.95667744 -0.020240888 0.29044548 0
-3.2093599 41.510399 400.80099 0.18248197 0.34202406 0.92180252 0
-3.20801 57.2509 392.091 0.95213968 0.09579917 -0.29026285 0
-3.2056 32.686699 403.83499 0.15031229 0.33100271 0.93158114 0
-3.2039499 29.183701 404.94601 0.16572584 0.23879589 0.95682365 0
-3.19315 17.483299 406.15302 0.94361228 -0.15861051 -0.29058313 0
-3.18678 53.799 395.306 0.21423727 0.4356508 0.87424868 0
-3.1859701 22.264099 406.927 0.1233265 0.21803871 0.96811658 0
-3.1733201 16.001499 407.87601 0.94032383 -0.18438403 0.28599593 0
-3.1666801 31.564699 404.185 0.19958317 0.30814171 0.93016946 0
-3.1619401 15.4763 407.87601 0.9482187 -0.10414398 0.30005887 0
-3.15646 55.524899 391.491 0.95211303 0.19361879 -0.2366274 0
-3.1495399 55.8241 394.25101 0.25660321 0.50497675 0.82410759 0
-3.1491201 53.499699 395.44299 0.23505126 0.39577401 0.88775778 0
-3.1485701 45.700401 399.02701 0.1078276 0.38472205 0.9167127 0
-3.1482401 49.7519 397.22198 0.10542583 0.40608659 0.9077329 0
-3.1479199 25.058901 406.159 0.11335457 0.28409567 0.95207161 0
-3.14533 17.3887 407.983 0.13131084 0.21790487 0.96709615 0
-3.1335199 18.740499 405.57199 0.95668423 -0.21648787 -0.19464917 0
-3.1333699 56.9506 392.242 0.95951903 0.076646633 -0.27101392 0
-3.1312101 18.496599 405.92899 0.95432723 -0.18311884 -0.23606566 0
-3.12988 39.705399 401.42099 0.18209273 0.32455549 0.92817348 0
-3.1294501 42.645199 400.34601 0.15788136 0.3498857 0.92339236 0
-3.1226001 36.002701 402.68201 0.13661116 0.31603307 0.93886125 0
-3.11537 17.3517 406.52802 0.9648068 -0.16357262 -0.20589267 0
-3.1114099 22.7507 406.79401 0.11394188 0.26680103 0.95699239 0
-3.11114 48.7001 397.698 0.109856 0.39026737 0.91412419 0
-3.1106701 43.132999 400.151 0.1154087 0.36252293 0.92480159 0
-3.1019101 40.919102 400.992 0.15583715 0.32061997 0.9343006 0
-3.0922699 46.563 398.64801 0.042192444 0.40308374 0.91418999 0
-3.0920501 43.5266 399.99301 0.088759974 0.37035903 0.92463821 0
-3.0761399 17.144199 406.92001 0.96929264 -0.15769811 -0.18868794 0
-3.0731299 28.8267 405.026 0.25431523 0.25397331 0.93317807 0
-3.06687 20.6145 404.41901 0.96551543 -0.13950501 -0.21981426 0
-3.05334 56.9506 392.504 0.9673627 0.11688393 -0.22482778 0
-3.0513899 16.751801 407.35199 0.99868721 -0.01367239 0.049364731 0
-3.0508201 17.7645 406.51001 0.96829623 -0.13261046 -0.2117001 0
-3.0454199 57.472401 392.87701 0.90877855 0.41062546 0.074218132 0
-3.0453601 44.667198 399.47198 0.048492055 0.43336603 0.89991248 0
-3.03597 44.0131 399.78299 0.082333758 0.39224941 0.91616678 0
-3.0341301 20.108801 404.91599 0.96318197 -0.15440059 -0.22009316 0
-3.0177901 17.557199 406.86401 0.97155219 -0.13668945 -0.19339672 0
-3.0109799 18.1483 406.54599 0.9679603 -0.10841104 -0.22649474 0
-3.0100999 55.901001 392.353 0.97115743 0.088190086 -0.2215305 0
-3.0097001 55.601299 392.202 0.96570724 0.1666797 -0.1990663 0
-3.0071101 16.7533 407.87299 0.9633168 -0.10062148 0.24878924 0
-3.0068099 19.7519 405.25299 0.95108855 -0.17536181 -0.25432038 0
-3.0057499 18.832199 406.22699 0.9591139 -0.20060614 -0.19964387 0
-3.00385 55.150501 391.75299 0.97581702 0.16605121 -0.14215548 0
-2.9998901 53.049301 395.60901 0.21444972 0.38854897 0.89612556 0
-2.9995699 50.4249 396.86801 0.36991879 0.4034268 0.83690315 0
-2.9992399 26.462601 405.716 0.15548417 0.27150217 0.94979537 0
-2.9955499 57.175098 392.95099 0.99587202 0.078690574 -0.045241226 0
-2.9944601 19.0786 405.92801 0.95695239 -0.22782585 -0.17982635 0
-2.9838901 56.648701 393.62399 0.47238308 0.46216622 0.7505042 0
-2.9803801 37.2808 402.22699 0.16993265 0.35430118 0.91956162 0
-2.9797201 34.544899 403.15799 0.15278251 0.31212437 0.93767577 0
-2.9635301 20.6499 407.29501 0.15827271 0.22873212 0.96053702 0
-2.96278 55.319801 392.39899 0.99189544 0.091640882 -0.088008136 0
-2.9585199 30.705099 404.439 0.19436581 0.31675506 0.9283793 0
-2.95716 18.5138 406.63901 0.95864737 -0.14638302 -0.2440639 0
-2.9537301 56.6516 392.87601 0.99171031 0.12033641 -0.045054026 0
-2.9478199 46.2132 398.79099 0.13229677 0.40014872 0.90685093 0
-2.94366 22.1327 403.92099 0.96075606 -0.17605776 -0.21436293 0
-2.94138 19.451599 405.73999 0.95854807 -0.18663876 -0.21529411 0
-2.93591 17.6514 407.202 0.98528624 -0.12377859 -0.11785519 0
-2.9349401 17.5748 407.867 0.44265863 0.095590211 0.89158052 0
-2.92787 32.173599 403.94501 0.17105307 0.27185932 0.94701284 0
-2.92752 20.349001 407.345 0.28551623 0.10730538 0.95234764 0
-2.92746 22.8958 406.71701 0.14907037 0.29671317 0.94325995 0
-2.9270401 49.894001 397.13199 0.12935789 0.4342548 0.8914535 0
-2.9265499 22.6724 406.79099 0.28632635 0.19423503 0.93823773 0
-2.9258299 22.448799 406.85699 0.28632635 0.19423503 0.93823773 0
-2.9256599 18.625 407.724 0.49136695 0.41192344 0.76738358 0
-2.92555 19.9753 407.42899 0.30691859 0.19725034 0.93107104 0
-2.92539 21.100201 407.16101 0.62105995 0.12268667 0.77410108 0
-2.925 24.2495 406.36899 0.29790777 0.04362708 0.95359719 0
-2.92366 23.4261 406.55099 0.43962055 0.420739 0.79354423 0
-2.92348 45.099899 399.25601 0.080369152 0.39356673 0.91577619 0
-2.92347 19.451099 407.54099 0.34636998 0.035882566 0.93741149 0
-2.92313 29.051399 404.931 0.35479721 0.34582689 0.86863267 0
-2.92275 54.7019 391.789 0.98628104 0.12339228 -0.10965449 0
-2.9181199 56.351299 392.952 0.99200535 0.12510753 -0.016539225 0
-2.91699 20.070499 405.40302 0.96869659 -0.12472652 -0.21463975 0
-2.90907 54.813599 392.35199 0.98945457 0.1244492 -0.074108087 0
-2.9079599 17.3507 407.86801 0.52603251 0.020471562 0.85021806 0
-2.9066401 55.0769 392.80099 0.99084121 0.056106012 -0.12282434 0
-2.8968 55.770199 392.991 0.98841006 0.033706531 -0.14801826 0
-2.8859401 54.401001 391.75201 0.99317902 0.069249816 -0.093807772 0
-2.8854401 48.402699 397.79901 0.2660383 0.44571525 0.85472894 0
-2.87888 55.366001 394.43701 0.58294755 0.13532695 0.80116087 0
-2.87254 54.3731 392.146 0.99776042 0.06610693 -0.010200972 0
-2.86917 26.0112 405.82501 0.32451135 0.17770928 0.92903811 0
-2.86816 26.8375 405.58099 0.3245568 0.24329479 0.91404074 0
-2.8673 46.9007 398.48001 0.073693372 0.42106596 0.9040314 0
-2.86695 40.264099 401.16699 0.20375356 0.32569709 0.9232583 0
-2.8668699 21.5051 404.74701 0.96752536 -0.14925814 -0.20400177 0
-2.8666101 37.864601 401.97198 0.2060148 0.36649731 0.90732443 0
-2.8654399 30.2918 404.55301 0.20936826 0.28889173 0.93418759 0
-2.8627501 55.0014 393.02701 0.99084121 0.056106012 -0.12282434 0
-2.86057 42.048801 400.52802 0.2331447 0.36421612 0.90165967 0
-2.8587699 27.8503 405.267 0.35341433 0.29637828 0.88727576 0
-2.8527601 21.660999 407.009 0.36869028 0.20487326 0.90669423 0
-2.8505399 32.572601 403.811 0.22929804 0.27017906 0.93510729 0
-2.8494301 48.736198 397.66 0.24304642 0.39081246 0.88780296 0
-2.8492701 31.450001 404.164 0.20646578 0.30299979 0.93035638 0
-2.849 34.300301 403.21301 0.16051455 0.24569574 0.9559648 0
-2.8487699 53.276299 392.26801 0.99708426 0.011457202 -0.07544367 0
-2.8487 53.913601 392.22101 0.99899352 0.013427696 -0.042798072 0
-2.84776 53.763901 392.59601 0.99785978 0.020770509 -0.062003877 0
-2.83793 56.014 393.55099 0.99420488 0.10327136 0.029861977 0
-2.82938 19.148701 406.673 0.95330918 -0.18999518 -0.23474127 0
-2.8285601 54.213699 392.952 0.99245632 0.057787757 -0.10812535 0
-2.8231101 55.376202 393.40201 0.97460198 0.0811655 -0.2087179 0
-2.8113501 41.050499 400.896 0.20805883 0.32262176 0.92337787 0
-2.81107 45.6628 399.01001 0.15594418 0.37858298 0.91233563 0
-2.8099101 33.851898 403.30399 0.18282095 0.18472931 0.9656353 0
-2.8083701 20.82 405.552 0.97403407 -0.11998832 -0.1919907 0
-2.8041401 52.826302 392.577 0.99023461 0.033151422 -0.13541175 0
-2.7886701 53.632599 393.064 0.99030846 0.048335828 -0.13020273 0
-2.78688 19.8356 406.16599 0.97063422 -0.14910688 -0.18877581 0
-2.7839999 19.450199 406.60001 0.97120684 -0.19728686 -0.13354829 0
-2.7827499 38.669998 401.698 0.18771783 0.30998307 0.93202603 0
-2.7815299 18.5513 407.27701 0.96742243 -0.24081217 -0.078124255 0
-2.7783999 54.7705 394.755 0.28561684 0.34316826 0.89479524 0
-2.7740099 27.100901 405.48001 0.33948395 0.25179696 0.90628302 0
-2.77338 36.8139 402.362 0.15001415 0.33598396 0.92984438 0
-2.7732501 49.677299 397.19199 0.41883016 0.50006813 0.75796646 0
-2.77212 28.301901 405.078 0.4443756 0.28216422 0.85024333 0
-2.77142 22.1856 404.70999 0.96936798 -0.16088572 -0.18558437 0
-2.7707701 23.3515 403.58301 0.95463061 -0.17563571 -0.24048382 0
-2.7557299 47.235001 398.323 0.07887084 0.41964519 0.90425509 0
-2.75244 53.125801 393.103 0.99122202 0.056887925 -0.11934268 0
-2.7376299 20.408199 406.06 0.98158461 -0.071887188 -0.17698571 0
-2.7251999 52.488701 392.98901 0.99260128 0.067342103 -0.10103337 0
-2.7128301 54.1012 393.58899 0.9832809 0.0085761305 -0.18189327 0
-2.71175 39.261799 401.48801 0.24070078 0.31796598 0.91703916 0
-2.7026999 43.011501 400.13599 0.17398494 0.32444873 0.92976463 0
-2.70228 52.000999 394.15201 0.99893171 -0.046183009 0.0015913144 0
-2.70105 50.951 393.55099 0.99688429 -0.031609386 -0.072267473 0
-2.7006199 51.4011 393.88901 0.99925929 0.033679042 -0.018617041 0
-2.6997499 18.9268 407.276 0.99995166 -0.0098340735 -3.880612e-05 0
-2.69912 39.7565 401.30801 0.22442186 0.33073053 0.91665268 0
-2.69858 45.9631 398.86899 0.15779234 0.37563789 0.91323477 0
-2.69734 34.903301 402.991 0.15083717 0.31119278 0.93830019 0
-2.6953399 51.551399 394.63901 0.9990347 0.027791152 -0.034020189 0
-2.6945601 49.3764 394.15201 0.98335022 -0.024173096 -0.18010552 0
-2.6941099 33.183498 403.44601 0.29891443 0.34569496 0.88946342 0
-2.6900401 51.3074 393.379 0.99926281 -0.028418399 0.025810452 0
-2.68419 52.676998 393.47501 0.99107462 0.037607893 -0.12789364 0
-2.6786301 36.3848 402.48901 0.14373298 0.31455261 0.93829501 0
-2.6678901 52.151001 394.75201 0.9955309 -0.072057709 -0.061040133 0
-2.66675 52.038799 393.45801 0.99988914 0.014651139 0.0026556591 0
-2.66418 24.288799 403.396 0.97738242 -0.11080423 -0.18012787 0
-2.66155 44.498402 399.53799 0.077952266 0.40666905 0.91024375 0
-2.6607001 35.464298 402.797 0.14080264 0.31831115 0.93747139 0
-2.6601701 41.652302 400.63901 0.22502922 0.3442162 0.91152459 0
-2.6593599 22.752199 404.69 0.97234637 -0.17893781 -0.15007919 0
-2.65575 51.363201 394.97699 0.99817872 0.039193124 -0.045859974 0
-2.6544399 52.300598 394.452 0.99318653 -0.10397506 -0.052627664 0
-2.6530399 50.9697 394.17999 0.99461329 0.089386545 -0.052482709 0
-2.6484499 21.249701 406.151 0.98028755 -0.14420378 -0.13506122 0
-2.6438501 20.2012 406.677 0.99903047 -0.013105798 0.042028233 0
-2.6430299 30.737801 404.35501 0.24011464 0.30337104 0.92212307 0
-2.6403501 52.0009 395.314 0.9704805 -0.017472658 0.24054588 0
-2.6322701 23.163401 404.35199 0.97427946 -0.14801113 -0.16991831 0
-2.6282699 55.0014 394.00101 0.97376311 0.21237701 0.081740119 0
-2.6273301 24.7728 406.17999 0.57514715 0.26580709 0.77366167 0
-2.62725 49.9958 394.19101 0.99046445 -0.024312325 -0.13560621 0
-2.62713 29.649401 404.703 0.34395552 0.19179726 0.91918898 0
-2.6266201 49.222 397.40302 0.42895672 0.40551162 0.80719048 0
-2.6250601 24.6252 406.22601 0.53028399 0.13495485 0.8370102 0
-2.6226299 50.763401 394.43301 0.99588293 0.069172129 -0.058587071 0
-2.6208301 23.895599 403.79001 0.96483201 -0.13666175 -0.22455013 0
-2.61342 49.207401 394.638 0.98922521 0.016744399 -0.14544128 0
-2.6066301 53.370098 394.11401 0.98078126 -0.0089812949 -0.19490376 0
-2.60075 25.151501 403.11499 0.9738853 -0.21434663 -0.07485304 0
-2.5987799 50.595699 395.23901 0.99390459 0.097052999 -0.052290738 0
-2.5948801 53.651299 394.189 0.94973797 -0.1173053 -0.29023662 0
-2.5943501 52.789101 394.15302 0.99079353 -0.09528584 -0.096170701 0
-2.5922501 52.3009 395.35199 0.94540739 0.20676364 0.25190017 0
-2.58723 54.026199 394.151 0.94479835 -0.11754074 -0.30584359 0
-2.57864 50.8013 395.95099 0.95666277 0.2541317 0.14217399 0
-2.5772901 43.4687 399.95099 0.13778752 0.3496682 0.92668587 0
-2.57616 50.313499 394.64001 0.99761277 0.045211118 -0.052198395 0
-2.5738201 48.1954 394.798 0.9929201 0.047368612 -0.10893068 0
-2.57163 23.839001 404.16501 0.98140848 -0.11727756 -0.15193208 0
-2.5588801 22.580799 405.53101 0.97275132 -0.14494132 -0.18096088 0
-2.5579801 50.07 394.90201 0.99761277 0.045211118 -0.052198395 0
-2.5539701 21.405001 406.67599 0.93808115 -0.13208736 0.32024467 0
-2.5513799 25.1425 403.43399 0.9802081 -0.13415696 -0.14558157 0
-2.55129 32.460701 403.78 0.29983124 0.29773074 0.90634298 0
-2.5490501 48.175098 397.841 0.35438889 0.40432787 0.84316516 0
-2.54865 41.351002 400.724 0.26740399 0.32971957 0.90541708 0
-2.5434301 49.695202 395.13199 0.99481213 -0.019752758 -0.099793218 0
-2.53596 48.766899 395.13699 0.9920873 0.023573725 -0.12331672 0
-2.5348899 23.6698 404.65201 0.98562336 -0.093895115 -0.14046454 0
-2.53076 22.9289 405.327 0.9743852 -0.15600927 -0.1619709 0
-2.52074 23.3332 404.98999 0.97857547 -0.14177346 -0.14929968 0
-2.5157001 25.564501 403.05801 0.98035109 -0.18377042 -0.071695298 0
-2.51474 47.0509 395.276 0.99429494 -0.020785373 -0.10462115 0
-2.51402 24.2505 406.18201 0.47430971 0.027134156 0.87993979 0
-2.51266 30.5492 404.392 0.24011464 0.30337104 0.92212307 0
-2.5111499 43.900799 399.77301 0.19576271 0.3857843 0.90158051 0
-2.5070801 48.176201 395.27802 0.99143815 0.044822514 -0.12264321 0
-2.4969599 47.726299 395.27701 0.98670793 -0.016069431 -0.16170712 0
-2.4939699 24.7481 404.01401 0.98024285 -0.11520301 -0.16078614 0
-2.49224 22.3757 406.00101 0.98665339 -0.14234465 -0.079076216 0
-2.4918799 53.6143 394.56601 0.94837385 -0.20604609 -0.24110579 0
-2.48875 53.351398 394.75201 0.89834493 -0.4345285 -0.064508498 0
-2.4881999 46.751701 395.50101 0.9862687 0.01843459 -0.16411659 0
-2.48647 22.1521 406.15302 0.9474327 0.19157267 0.25626388 0
-2.4776101 50.144798 395.91501 0.99082476 0.12104356 -0.060123283 0
-2.4730301 24.255699 404.75 0.98826289 -0.10548758 -0.11049339 0
-2.4709001 50.200199 396.513 0.89337701 0.38525259 0.2312097 0
-2.46912 25.450899 403.733 0.98389673 -0.12311727 -0.12957378 0
-2.4580801 48.551601 395.95099 0.97815543 0.094045162 -0.18538469 0
-2.4488101 48.888802 395.952 0.98917949 -0.0097375112 -0.14638703 0
-2.44803 25.9816 402.974 0.99284011 -0.11357712 -0.036997311 0
-2.44539 49.6763 395.952 0.99534559 0.046541039 -0.084386729 0
-2.43858 23.417299 405.42099 0.98610264 -0.093914248 -0.13704641 0
-2.4268 47.313702 395.83899 0.9916907 -0.034171779 -0.12402383 0
-2.4212999 45.888802 395.72699 0.98884124 -0.010611645 -0.14859474 0
-2.4209099 48.552601 396.17499 0.97475785 0.075130954 -0.21024384 0
-2.40978 26.538799 402.57101 0.99515295 -0.084045306 -0.051058676 0
-2.4077899 25.9013 403.883 0.98737925 -0.091987282 -0.12892064 0
-2.40762 47.8479 395.79401 0.98551673 0.03256093 -0.16642275 0
-2.40681 24.927099 404.50299 0.98992664 -0.10399368 -0.096075661 0
-2.4040501 49.6763 396.55099 0.99224234 0.10569699 -0.065447301 0
-2.4040401 26.3887 403.43301 0.99515831 -0.077691913 -0.060198944 0
-2.40376 22.8255 406.14999 0.97867656 -0.10261045 -0.17794186 0
-2.4003799 48.701599 396.32599 0.97475785 0.075130954 -0.21024384 0
-2.3999801 37.974701 401.80499 0.19155902 0.31681594 0.92894179 0
-2.39996 44.498901 399.508 0.17925704 0.40350261 0.8972472 0
-2.3990901 44.2005 399.63101 0.3007589 0.37343305 0.87754875 0
-2.3989 42.663399 400.18701 0.22255884 0.28785542 0.93145412 0
-2.39873 40.076099 401.10901 0.43896163 0.24278812 0.86508185 0
-2.3982601 29.839701 404.556 0.3192353 0.27044666 0.90826619 0
-2.39785 33.102402 403.41599 0.52317959 0.33585936 0.78325063 0
-2.3959601 25.3248 404.272 0.98923171 -0.085473917 -0.11880604 0
-2.3951299 46.385502 395.94299 0.98852992 0.023728497 -0.14914946 0
-2.39345 45.701401 395.952 0.99217254 -0.028936006 -0.12147598 0
-2.38606 54.1763 394.677 0.95490062 0.1534123 -0.25422335 0
-2.38586 24.2512 406.077 0.94487149 0.31946307 0.071841575 0
-2.38445 53.7248 394.82501 0.96957576 -0.1687832 0.17729941 0
-2.3840699 24.101 405.54999 0.99899262 0.035259318 -0.027758101 0
-2.38167 40.711899 400.89801 0.37770301 0.29604006 0.87732589 0
-2.3813801 39.211899 401.422 0.33639666 0.35578871 0.8719241 0
-2.3775201 26.5005 403.67599 0.98740923 -0.10824112 -0.11535528 0
-2.3754001 49.414101 396.55099 0.99622661 0.074895449 -0.04385443 0
-2.36479 25.0903 404.89099 0.99448431 -0.0841344 -0.062628888 0
-2.3615 35.9505 402.586 0.13822457 0.31422055 0.93923342 0
-2.3601799 49.151299 396.552 0.98330396 0.072734557 -0.16680212 0
-2.35901 27.325701 402.51401 0.99085385 -0.086110823 -0.10389193 0
-2.35776 26.3486 405.46799 0.98818815 0.022293832 0.15161528 0
-2.35144 28.2631 402.026 0.98180068 -0.09967865 -0.16165257 0
-2.3513601 44.529499 396.57101 0.9900983 -0.0087964339 -0.14009972 0
-2.34846 47.351299 396.552 0.9904381 -0.070639759 -0.11850055 0
-2.3471501 45.269798 396.57901 0.99148923 -0.033458617 -0.12581587 0
-2.3319499 45.888802 396.40201 0.99195004 -0.028569607 -0.12336469 0
-2.3312099 27.288401 403.05801 0.99241686 -0.11028906 -0.05426826 0
-2.33025 30.0986 404.48001 0.44843769 0.24293937 0.86016518 0
-2.33024 30.621401 404.297 0.27434608 0.30638739 0.91151577 0
-2.3298299 26.127199 404.27802 0.98872882 -0.096802063 -0.11421341 0
-2.3292201 25.1511 405.54901 0.99861908 -0.050246045 0.015337408 0
-2.3290601 40.970699 400.793 0.26740399 0.32971957 0.90541708 0
-2.32758 46.972099 398.371 0.32733756 0.25649241 0.90942937 0
-2.3270299 43.410099 399.92099 0.51767224 0.16428559 0.83965808 0
-2.3259001 34.075199 403.17801 0.18861492 0.11073355 0.97578812 0
-2.32549 34.299599 403.13699 0.17373097 0.24624087 0.95351088 0
-2.3254499 25.7885 404.64301 0.99288696 -0.083654217 -0.084719658 0
-2.3250301 35.499401 402.73199 0.45875391 0.263549 0.84857929 0
-2.3244901 33.8508 403.20599 0.18861492 0.11073355 0.97578812 0
-2.3241999 31.9758 403.87799 0.3296631 0.17651269 0.92745107 0
-2.3241 46.2257 398.677 0.36626807 0.51749194 0.77333677 0
-2.3236799 34.900902 402.93701 0.55446094 0.30155775 0.77565199 0
-2.3065801 47.764301 396.552 0.98869878 -0.076264523 -0.12906764 0
-2.30305 44.013901 396.927 0.9832862 -0.023800191 -0.18050432 0
-2.2988 48.1203 396.401 0.98327726 0.086753704 -0.16012393 0
-2.28952 30.3992 404.36899 0.32932898 0.24903439 0.91078222 0
-2.28791 45.248001 399.11801 0.2951141 0.20494622 0.93322277 0
-2.2851 25.9193 404.98901 0.99791193 -0.030008579 0.057195161 0
-2.2829199 25.676201 405.47501 0.9928202 0.041784544 0.11208083 0
-2.28107 29.942101 401.45499 0.97851181 -0.13773438 -0.15343995 0
-2.2802801 45.1646 397.01599 0.98349124 -0.0090861367 -0.18072748 0
-2.2797501 27.326099 403.60199 0.99177176 -0.11877202 -0.047770035 0
-2.2776 43.1231 396.85199 0.99468541 0.0077300221 -0.10267039 0
-2.2757599 29.0518 401.98999 0.98010653 -0.077012472 -0.18292154 0
-2.2739999 26.6705 404.35199 0.99066466 -0.079109833 -0.11101885 0
-2.26807 47.6507 397.07401 0.96677262 -0.1207066 -0.22534564 0
-2.2641499 43.451302 397.15201 0.99369705 0.033764001 -0.10689341 0
-2.2611201 46.076599 396.966 0.98477852 0.01318057 -0.17331333 0
-2.2606299 47.276299 397.15201 0.97922444 -0.036035333 -0.19955176 0
-2.2591701 46.750999 397.078 0.97700793 -0.0017120965 -0.21319608 0
-2.2530301 38.571899 401.625 0.4479036 0.23852432 0.86167771 0
-2.2523301 37.296299 402.08301 0.28924122 0.38403958 0.87684268 0
-2.2413399 26.4825 404.95099 0.99802184 -0.029976049 0.055261124 0
-2.22861 48.7756 397.077 0.98081005 0.18728405 0.054187965 0
-2.22364 43.732498 397.405 0.98554528 0.0053268517 -0.1693283 0
-2.2163501 27.5888 404.35199 0.99401236 0.10516308 -0.029667392 0
-2.21224 27.5506 404.836 0.98210371 0.092149526 0.1642583 0
-2.2116201 45.560699 397.32101 0.98383021 -0.05287217 -0.17112158 0
-2.20959 30.4013 401.49701 0.97906786 -0.12812112 -0.15814909 0
-2.20925 28.1516 403.11499 0.99033105 -0.10399323 -0.091813751 0
-2.20877 43.198299 397.48901 0.98761445 -0.0091652572 -0.15663232 0
-2.2040501 27.8512 404.35199 0.98482573 0.057295721 0.16381538 0
-2.20013 29.950001 404.39001 0.41808051 0.23190054 0.87831134 0
-2.1983399 48.552299 397.07599 0.98172283 0.15564726 -0.10951798 0
-2.18626 31.4606 401.03299 0.98351234 -0.10797148 -0.145071 0
-2.1829801 30.9783 401.34299 0.98754823 -0.075304262 -0.13812247 0
-2.1777699 28.469999 403.15201 0.99279559 -0.083360158 -0.086069524 0
-2.17449 40.8074 397.957 0.97937357 -0.033633389 -0.19923903 0
-2.16942 28.451599 404.27499 0.98524261 -0.053786911 0.16249287 0
-2.1648901 28.189301 403.733 0.99370527 -0.10981075 -0.022168033 0
-2.1586201 29.144899 404.31 0.96569407 -0.013839447 0.25931332 0
-2.1552701 46.5732 397.54599 0.97688723 -0.0059237522 -0.21367338 0
-2.1542101 41.5714 397.92401 0.98208535 -0.048157826 -0.18217903 0
-2.15012 28.976 403.151 0.99241805 -0.084112935 -0.089618251 0
-2.1461301 38.923199 398.33301 0.97650027 -0.028225245 -0.21365988 0
-2.1454 42.176601 397.75299 0.98161048 -0.079504341 -0.17355107 0
-2.1407199 44.557598 397.71301 0.97426605 -0.016511228 -0.22479555 0
-2.13902 31.826 401.14499 0.98667854 -0.11348537 -0.11656117 0
-2.13392 39.813702 398.276 0.977916 -0.030486157 -0.20676282 0
-2.1277101 44.027901 397.771 0.97378808 -0.011489808 -0.22716671 0
-2.12521 31.3386 401.72699 0.99355137 -0.056113914 -0.09852349 0
-2.1245999 30.6919 401.914 0.9912231 -0.0484116 -0.12301685 0
-2.10478 28.714199 403.771 0.99477625 -0.096303955 -0.033849366 0
-2.1047299 32.688702 400.60199 0.98033398 -0.096827812 -0.17195834 0
-2.0992601 31.3374 403.79501 0.95909673 0.15650527 0.23588042 0
-2.0933199 46.015301 397.733 0.97614175 -0.001236114 -0.21713071 0
-2.0925901 31.001301 402.233 0.99623698 -0.00011277813 -0.086671241 0
-2.0922 47.3512 397.677 0.90234554 -0.28908822 0.31968823 0
-2.0867 29.952299 402.51599 0.995004 -0.055165727 -0.083208941 0
-2.08289 29.501101 403.19901 0.99307925 -0.09135212 -0.073813222 0
-2.0812199 29.0515 403.715 0.9967714 -0.08000543 0.0067776083 0
-2.0762601 43.151299 398.23999 0.97946721 -0.049380977 -0.19546221 0
-2.0711999 31.226299 402.53299 0.99564642 0.027845664 -0.088954337 0
-2.0625401 30.598101 402.45901 0.99482512 0.019921612 -0.099629872 0
-2.0467501 40.544998 398.58701 0.98505926 -0.0068817311 -0.17207825 0
-2.0432301 33.110901 400.659 0.9749493 -0.091599703 -0.20269023 0
-2.0367 38.051498 398.953 0.97487229 -0.026155902 -0.2212237 0
-2.03529 29.632099 403.789 0.98122287 0.087749772 0.17176034 0
-2.03493 31.3388 403.00699 0.99936932 -0.0022888603 0.035436422 0
-2.0289099 47.8764 397.677 0.92997044 0.36129954 0.06795273 0
-2.0284901 41.145199 398.72699 0.98635161 -0.0307505 -0.16175571 0
-2.02635 32.617901 401.302 0.98858094 -0.11270859 -0.10002252 0
-2.02385 30.898199 402.94601 0.99564642 0.027845664 -0.088954337 0
-2.0231199 32.0513 403.18799 0.97394055 -0.023502482 0.22558238 0
-2.02265 30.523199 402.871 0.99425203 -0.010084312 -0.10658886 0
-2.0195999 30.851 403.67599 0.96280485 0.083676264 0.25691459 0
-2.0088699 41.8885 398.64001 0.98055089 -0.067519277 -0.18428534 0
-2.0079 38.651501 398.953 0.98543119 -0.0043604388 -0.17001858 0
-2.0045199 30.551701 403.677 0.97261208 -0.091702849 0.21357977 0
-2.00123 43.7896 398.353 0.97387952 -0.066326872 -0.21716228 0
-1.99982 32.274899 402.552 0.99661011 -0.082191721 -0.0035844124 0
-1.99823 39.907398 398.89499 0.98498243 -0.0065784287 -0.17252934 0
-1.99799 33.635502 400.67599 0.97636145 -0.084581725 -0.1989076 0
-1.99516 35.650902 399.95401 0.97932601 -0.058166195 -0.19374542 0
-1.994 39.345001 399.04501 0.98533541 -0.035845023 -0.1668212 0
-1.99344 34.891998 400.19 0.97665238 -0.077095829 -0.20051526 0
-1.9912601 46.375099 398.276 0.95926529 0.26619327 0.094610795 0
-1.98769 36.4674 399.478 0.98432422 -0.086130373 -0.15390711 0
-1.98483 32.5392 401.94299 0.99247128 -0.10735969 -0.058945935 0
-1.97404 37.0014 399.30801 0.98213744 -0.045303192 -0.1826299 0
-1.96983 44.463799 398.35101 0.97283882 -0.010886496 -0.23122735 0
-1.96927 43.9729 399.56299 0.35688472 0.15814361 0.92066491 0
-1.96744 32.650299 403.189 0.93586606 0.13982327 0.32342568 0
-1.96219 34.535599 400.54501 0.98786056 -0.080199204 -0.13303991 0
-1.95496 46.116001 398.35599 0.95509738 0.14714094 0.25717425 0
-1.95477 33.138699 401.50201 0.99430901 -0.077698208 -0.072887786 0
-1.95186 34.1507 400.82599 0.99444699 -0.055834439 -0.089205936 0
-1.94854 41.07 399.25201 0.98916823 -0.06154009 -0.13326325 0
-1.9477201 38.875999 399.552 0.9855808 0.0037880361 -0.16916288 0
-1.9429899 33.588902 401.099 0.99443585 -0.061575614 -0.085473709 0
-1.94145 43.0574 398.91299 0.97535241 -0.034014169 -0.2180154 0
-1.9296401 40.686001 399.41901 0.98816842 0.02167083 -0.15183388 0
-1.91895 38.052101 399.54901 0.97902644 0.014767456 -0.20319733 0
-1.91415 43.3759 398.94901 0.98729509 0.011544099 -0.15847741 0
-1.90927 45.4762 398.35101 0.94814485 0.25683677 0.187233 0
-1.90486 34.0093 401.62299 0.99563849 -0.061663799 -0.070011057 0
-1.90369 34.938999 400.64001 0.98706806 -0.089153066 -0.13322294 0
-1.90104 35.426701 400.453 0.98376077 -0.055902768 -0.17055669 0
-1.89516 37.7514 399.552 0.97764015 -0.009033177 -0.2100908 0
-1.89036 39.7202 399.552 0.98868662 -0.050940871 -0.14108069 0
-1.88524 32.952702 402.552 0.9944995 -0.015618074 0.10357022 0
-1.8828 36.645199 400.05801 0.98773146 -0.063317299 -0.14274962 0
-1.878 35.2743 402.47 0.98124045 -0.0037587653 0.19275112 0
-1.87119 34.5826 401.27701 0.99266297 -0.092231035 -0.078189895 0
-1.86754 44.872501 398.867 0.96081048 0.12280412 0.24852024 0
-1.86009 44.201 398.87399 0.9927637 -0.073686972 -0.094818249 0
-1.8521301 36.101398 400.52701 0.99101722 -0.052093968 -0.12317119 0
-1.8451101 37.2253 400.07501 0.99317777 -0.063632369 -0.09771841 0
-1.8415101 39.588699 400.133 0.99535704 -0.012770625 -0.095400542 0
-1.84077 41.707199 399.513 0.99613094 -0.084525593 -0.024052368 0
-1.8403701 34.638199 401.78299 0.99375856 -0.11104918 0.010583728 0
-1.83463 39.889 399.909 0.99509406 -0.044016931 -0.088601902 0
-1.8295 35.098 401.19199 0.99429172 -0.072796017 -0.078004822 0
-1.8289599 42.776501 399.47601 0.97143102 -0.04010183 -0.23390944 0
-1.82823 36.7575 400.48901 0.99200225 -0.049675882 -0.11603387 0
-1.81908 40.4137 399.965 0.99560779 0.041812431 -0.083766714 0
-1.81521 38.8386 400.15201 0.9853099 0.10983551 -0.13076931 0
-1.81508 35.787102 400.97699 0.99326843 -0.04740933 -0.105689 0
-1.8140399 37.901402 399.927 0.98062181 0.010158203 -0.19564684 0
-1.80695 36.293701 400.81799 0.99657869 -0.02283049 -0.079433568 0
-1.8021801 38.0513 401.276 0.99965882 -0.01199621 -0.023201795 0
-1.8016 39.101101 400.75101 0.95490551 -0.055848539 0.29161 0
-1.79731 37.750999 401.276 0.98745614 -0.083198749 0.13419519 0
-1.79636 37.751499 400.15201 0.98955417 -0.063472226 -0.12943636 0
-1.79634 38.801201 400.621 0.99991858 0.0066866679 -0.010867268 0
-1.79633 43.150902 399.47501 0.98391938 0.016225865 -0.17787443 0
-1.79585 39.4007 400.60101 0.99851435 0.02161683 -0.050017882 0
-1.79579 38.389198 400.75201 0.99978107 -0.01876037 -0.0092659928 0
-1.7955199 40.1329 400.17999 0.99846625 -0.050445613 -0.022811295 0
-1.7927901 35.612999 402.17401 0.98041755 0.014080978 0.19642599 0
-1.79037 38.500999 400.15302 0.99979246 0.0094691087 -0.018038038 0
-1.7902 35.201302 402.17401 0.98124045 -0.0037587653 0.19275112 0
-1.7899899 36.624802 401.87299 0.98434246 0.045480818 0.17029803 0
-1.78751 37.356602 401.42499 0.9579668 0.074068084 0.27715251 0
-1.78657 37.554298 400.48001 0.99424559 -0.057111382 -0.090631418 0
-1.78302 38.1637 400.15302 0.9940595 0.026984522 -0.10543953 0
-1.77854 36.373199 401.202 0.9990021 -0.033401791 -0.029649498 0
-1.77606 40.375401 400.52399 0.99434656 -0.083581418 0.06549076 0
-1.77605 35.1642 401.97 0.98175204 -0.1067733 0.15736073 0
