# .PCD v0.7 - Point Cloud Data file format
VERSION 0.7
FIELDS x y z normal_x normal_y normal_z curvature
SIZE 4 4 4 4 4 4 4
TYPE F F F F F F F
COUNT 1 1 1 1 1 1 1
WIDTH 4390
HEIGHT 1
VIEWPOINT 0 0 0 1 0 0 0
POINTS 4390
DATA ascii
-12.0631 50.3083 368.39099 -0.95326024 0.24736576 0.17350814 0
-12.0023 50.087299 368.69299 -0.99767214 -0.068016127 0.0049142023 0
-11.9542 49.7896 368.99301 -0.98956382 -0.1281791 0.065829843 0
-11.9521 50.454399 368.32101 -0.95326024 0.24736576 0.17350814 0
-11.9478 50.159801 368.841 -0.99767214 -0.068016127 0.0049142023 0
-11.9419 49.881199 368.323 -0.91212445 -0.38645238 -0.13668771 0
-11.8691 49.8619 369.59299 -0.9550786 0.19034457 0.22714262 0
-11.8444 49.567299 369.44299 -0.88899982 -0.43346506 0.14760533 0
-11.8344 50.165199 367.776 -0.75917608 -0.080598861 -0.64587575 0
-11.7489 49.564701 370.19901 -0.95205551 -0.00073095667 0.30592442 0
-11.6927 50.720901 368.76599 -0.85082006 0.43883413 0.2890152 0
-11.657 49.410999 370.63699 -0.90937716 -0.15117069 0.38753143 0
-11.6489 50.131599 369.81699 -0.91536343 0.35165787 0.19607797 0
-11.6243 49.6586 368.314 -0.63357359 -0.75088578 -0.18642704 0
-11.6115 50.4604 367.741 -0.69407064 0.40231895 -0.59699696 0
-11.5319 49.112999 371.39001 -0.97989076 -0.19260244 0.052137654 0
-11.5152 49.262199 371.39301 -0.99759084 -0.045141485 -0.052675828 0
-11.4619 51.063202 368.93799 -0.86507076 0.42380506 0.26840612 0
-11.4528 51.358501 368.39401 -0.94944865 0.29549232 -0.10597926 0
-11.4277 49.920101 370.72 -0.88399041 0.3866843 0.26274735 0
-11.425 50.8386 369.36899 -0.86802292 0.40451008 0.28793719 0
-11.421 48.962799 371.84 -0.95991188 0.024113191 0.27926293 0
-11.4129 48.927399 370.71899 -0.91297406 -0.40763173 -0.017740609 0
-11.4088 49.335899 371.617 -0.88537401 0.32446149 0.33292279 0
-11.3966 50.9142 367.81601 -0.75162065 0.38314503 -0.53690434 0
-11.3869 48.970299 370.495 -0.69328743 -0.65928698 -0.29102099 0
-11.3867 49.7467 371.16599 -0.8898375 0.37957498 0.25320366 0
-11.3858 48.813099 371.98999 -0.94378 0.10341273 0.3139827 0
-11.3838 51.512901 368.39301 -0.95392752 0.26287827 0.14462799 0
-11.3759 49.2407 369.37701 -0.61609322 -0.77905595 -0.11619364 0
-11.3598 49.5383 368.22198 -0.50478208 -0.81543082 -0.28331551 0
-11.3526 49.7402 367.64899 -0.60464889 -0.47954109 -0.63595599 0
-11.3482 51.436901 368.806 -0.94454831 0.26243576 0.19737257 0
-11.3367 48.695202 371.31799 -0.84948236 -0.52703142 0.024850806 0
-11.3194 48.519001 371.99301 -0.84174055 -0.53945339 0.021516031 0
-11.3158 50.3857 367.625 -0.29178926 0.20893371 -0.933384 0
-11.288 51.060398 369.461 -0.8790136 0.38013577 0.28780526 0
-11.2387 50.9846 367.74301 -0.40736568 0.22084306 -0.88616115 0
-11.2356 52.186901 368.39401 -0.93577367 0.23143242 -0.26602003 0
-11.2206 50.177898 371.00699 -0.85601723 0.42525071 0.29393253 0
-11.1896 52.449001 368.37601 -0.9468655 -0.030728718 -0.32015857 0
-11.1852 48.812 372.59299 -0.95824182 0.11173324 0.26322675 0
-11.1736 52.0742 368.84299 -0.93979889 0.22857642 0.25402927 0
-11.1674 49.3367 368.46899 -0.51857352 -0.82973021 -0.2064687 0
-11.1668 49.533798 371.98401 -0.86258811 0.3771593 0.33718336 0
-11.1362 50.986599 370.043 -0.87625569 0.38872981 0.28471926 0
-11.1322 49.2626 372.36899 -0.90409136 0.28424853 0.31909502 0
-11.1291 52.486198 368.767 -0.95723003 0.14171119 0.25224718 0
-11.115 53.160099 368.39401 -0.96517485 0.22657776 -0.13076696 0
-11.0892 51.2873 369.79099 -0.89977503 0.30161899 0.3153266 0
-11.0238 48.662701 373.19501 -0.95394099 0.091375932 0.28573942 0
-11.0191 48.514198 373.189 -0.95394099 0.091375932 0.28573942 0
-11.0164 48.4352 371.39401 -0.6007334 -0.79532784 -0.081073761 0
-11.0153 50.151402 371.603 -0.84973127 0.42317659 0.31444922 0
-10.9926 51.999001 369.48001 -0.93999022 0.21348274 0.26616439 0
-10.9718 51.136799 370.34299 -0.91109729 0.29954946 0.28314635 0
-10.9627 53.384899 368.91501 -0.94482583 0.22333644 0.23963502 0
-10.9527 50.950001 370.66199 -0.87578297 0.38736174 0.28801924 0
-10.9417 51.8867 367.77899 -0.50549281 0.34029794 -0.79288989 0
-10.9385 51.585201 367.729 -0.25892746 0.10365395 -0.96031892 0
-10.9266 53.724098 368.76801 -0.95801926 0.23778339 0.16018167 0
-10.9227 50.7575 371.01501 -0.86265451 0.41497558 0.28917557 0
-10.9034 48.3633 373.64099 -0.94758272 0.13529101 0.2894536 0
-10.876 52.5256 369.55801 -0.94422215 0.15935211 0.28818649 0
-10.8744 52.149399 369.78101 -0.93335122 0.20782724 0.29268309 0
-10.8672 49.1469 368.50601 -0.52697134 -0.82507086 -0.20386095 0
-10.8593 49.318699 373.07199 -0.89785486 0.336725 0.28367755 0
-10.8487 48.757999 370.08099 -0.51795918 -0.82743239 -0.21696509 0
-10.8482 53.388599 369.22101 -0.94157386 0.16252245 0.29500026 0
-10.8448 54.0592 368.61801 -0.94110072 0.30067775 0.15466838 0
-10.8377 48.8857 373.60501 -0.93241775 0.18411672 0.31096324 0
-10.807 48.948299 369.15399 -0.51456487 -0.83226466 -0.20629714 0
-10.7962 51.286701 370.69901 -0.90089023 0.31344378 0.30024955 0
-10.7925 52.187 367.75 -0.80481404 0.16323434 -0.57063907 0
-10.7917 51.5867 367.673 -0.32523564 0.079976343 -0.94224495 0
-10.7912 50.3853 367.49701 -0.30359778 0.30521795 -0.90259093 0
-10.7912 53.386299 367.82599 -0.68998402 0.13608573 -0.71091682 0
-10.7912 50.3853 367.49701 -0.30359778 0.30521795 -0.90259093 0
-10.7686 53.828899 369.164 -0.91241413 0.26846948 0.30890873 0
-10.7647 49.114899 373.57101 -0.90696877 0.31455874 0.28010786 0
-10.7498 49.269299 367.35001 -0.68131757 -0.66109383 -0.31426314 0
-10.7325 48.250599 374.31601 -0.9584462 0.04789675 0.28122374 0
-10.727 52.5149 370.07101 -0.94540995 0.16459811 0.28126058 0
-10.7196 52.712502 367.797 -0.77424294 0.11375953 -0.62258065 0
-10.7189 47.9855 372.59299 -0.70283598 -0.71132374 0.0063320827 0
-10.718 49.1325 368.168 -0.57424819 -0.81215286 -0.10318276 0
-10.7179 48.2924 371.24301 -0.515297 -0.81161636 -0.27522343 0
-10.7101 51.820999 370.53 -0.92660135 0.21210232 0.31051978 0
-10.7084 50.1563 372.439 -0.85768473 0.41113982 0.30877328 0
-10.6693 49.5984 373.28601 -0.8685059 0.37960958 0.31873828 0
-10.6642 51.1549 371.24301 -0.90046006 0.30412322 0.31093532 0
-10.6529 53.499901 369.707 -0.92495173 0.22797428 0.30412495 0
-10.6436 48.448002 370.64301 -0.51256627 -0.81607401 -0.26701874 0
-10.6406 49.711201 367.13501 -0.63601804 0.15248357 -0.75645876 0
-10.6088 49.002201 374.189 -0.8855471 0.36771983 0.28388104 0
-10.5923 54.584702 368.88101 -0.86875516 0.48338637 0.10771316 0
-10.5891 49.113899 367.19501 -0.76070458 -0.4949764 -0.41991302 0
-10.5871 52.299702 370.66299 -0.9470461 0.15077321 0.28349802 0
-10.5672 47.9716 371.99399 -0.53537118 -0.82375747 -0.18655111 0
-10.5353 48.5303 374.95499 -0.9593218 0.12356125 0.25383908 0
-10.5298 47.747799 373.75601 -0.74783868 -0.66371304 -0.014909486 0
-10.5221 49.876801 373.35001 -0.8704617 0.38639411 0.30495241 0
-10.5194 48.771999 374.76599 -0.92801017 0.27630487 0.24990553 0
-10.513 48.9729 367.71799 -0.7425735 -0.66902077 -0.031557336 0
-10.5126 51.811199 371.16699 -0.93482918 0.20842496 0.28749523 0
-10.4924 50.9869 367.54999 -0.28172058 0.11239617 -0.95289069 0
-10.4915 54.333599 369.59299 -0.91087121 0.31882825 0.26203471 0
-10.4915 50.948502 371.99301 -0.90304798 0.31125307 0.29601672 0
-10.4915 54.333599 369.59299 -0.91087121 0.31882825 0.26203471 0
-10.4915 50.948502 371.99301 -0.90304798 0.31125307 0.29601672 0
-10.4915 54.333599 369.59299 -0.91087121 0.31882825 0.26203471 0
-10.4892 53.909 367.767 -0.33697957 0.15758172 -0.928231 0
-10.4881 50.687 372.33099 -0.8734054 0.3800354 0.30452597 0
-10.4567 48.136101 375.51599 -0.97423857 0.00026882769 0.22551964 0
-10.4477 49.338299 374.24399 -0.86822253 0.40120783 0.29192793 0
-10.4452 52.2248 371.16901 -0.94389784 0.152648 0.29284036 0
-10.4447 51.287201 371.76901 -0.91925114 0.23515272 0.31572226 0
-10.4353 53.349098 367.71201 -0.35212052 0.078775175 -0.9326337 0
-10.4337 48.038399 371.45099 -0.51507539 -0.81845284 -0.25462189 0
-10.4287 53.575199 370.38199 -0.92810094 0.23523824 0.28860286 0
-10.4189 50.311298 373.043 -0.85964042 0.41122583 0.30316931 0
-10.4181 47.734501 373.043 -0.55454606 -0.82695162 -0.092895783 0
-10.4103 48.781601 368.80801 -0.57592368 -0.81250244 -0.090286829 0
-10.4036 53.293999 370.70099 -0.92369533 0.23514004 0.30248323 0
-10.3739 53.0079 371.013 -0.93553621 0.18311308 0.3020623 0
-10.3595 54.119999 370.15799 -0.92106771 0.24923517 0.29919246 0
-10.3545 48.4328 370.11499 -0.52587712 -0.8195101 -0.22772004 0
-10.344 49.335098 374.57901 -0.8667208 0.39996162 0.29803658 0
-10.3439 48.870701 375.13599 -0.86939859 0.35160956 0.34715527 0
-10.3438 50.6866 372.74301 -0.86959159 0.37999442 0.31530094 0
-10.3404 54.059101 367.763 -0.28817666 0.43285316 -0.8541618 0
-10.2959 48.061001 375.966 -0.90617603 0.19906412 0.37311989 0
-10.2603 55.104698 369.36499 -0.87554479 0.4340938 0.21209396 0
-10.2573 48.617901 369.10999 -0.55212086 -0.83008534 -0.078235887 0
-10.2479 51.014099 372.63 -0.89150226 0.31544879 0.3251397 0
-10.2478 51.286201 372.36801 -0.91985208 0.25511065 0.29797766 0
-10.2332 52.945599 371.46701 -0.93553621 0.18311308 0.3020623 0
-10.2317 50.219601 367.17001 -0.47047481 0.37240511 -0.79997993 0
-10.23 54.0816 370.60699 -0.92394918 0.24730395 0.29181963 0
-10.2244 54.633301 370.11301 -0.9019767 0.32949287 0.27905637 0
-10.1914 51.643002 367.48099 -0.34083301 0.069703571 -0.9375363 0
-10.1912 47.5326 373.41901 -0.56305373 -0.82227671 -0.082652755 0
-10.1899 48.062199 370.94501 -0.50738364 -0.81723702 -0.27328652 0
-10.1889 49.1866 366.73199 -0.63748413 0.038691536 -0.76949137 0
-10.1793 51.549702 372.36899 -0.93698561 0.20833759 0.28045219 0
-10.1754 53.578602 371.17401 -0.92369533 0.23514004 0.30248323 0
-10.1576 47.6474 372.42401 -0.52172905 -0.84202373 -0.13709424 0
-10.1204 49.402901 375.10199 -0.85833263 0.40028399 0.32099497 0
-10.119 47.415001 374.24301 -0.62875205 -0.77745819 -0.015155759 0
-10.1185 54.511101 370.586 -0.89171124 0.32539794 0.31459054 0
-10.1168 54.061901 367.742 -0.28817666 0.43285316 -0.8541618 0
-10.1165 47.900101 371.28201 -0.49537396 -0.83274007 -0.24728242 0
-10.1136 50.910198 367.41 -0.40106785 0.20733733 -0.89227563 0
-10.1131 48.572601 368.168 -0.73330605 -0.67928714 0.028831353 0
-10.1097 48.584499 368.76901 -0.55212086 -0.83008534 -0.078235887 0
-10.0795 53.368198 367.61499 -0.26143759 0.16540088 -0.95094317 0
-10.0647 48.6311 376.14099 -0.90236193 0.20553493 0.37881175 0
-10.0511 55.150101 369.96899 -0.86903292 0.4061594 0.28251776 0
-10.0452 54.516102 367.99301 -0.34700197 0.58694381 -0.73149616 0
-10.0408 47.510101 372.819 -0.51475805 -0.8502605 -0.10991468 0
-10.0257 47.836201 376.79099 -0.94402242 0.019168327 0.32932398 0
-10.0205 52.298199 367.47699 -0.35614055 0.090999424 -0.92999089 0
-10.005 51.399502 367.39401 -0.40826783 0.10220627 -0.90712249 0
-10.0038 49.8923 374.74799 -0.85020489 0.42106786 0.31599599 0
-10.0006 51.286598 373.07999 -0.92617226 0.21194442 0.31190461 0
-9.9998302 50.3866 374.03699 -0.88673377 0.36518589 0.28344741 0
-9.9965801 54.960899 370.418 -0.87132823 0.39568567 0.29020682 0
-9.9812698 47.292301 374.64099 -0.57790548 -0.81597179 -0.014674746 0
-9.9691496 48.095001 370.418 -0.50373566 -0.82437932 -0.25816479 0
-9.9686298 47.6427 371.927 -0.4512282 -0.86521447 -0.21862537 0
-9.9650898 49.561001 366.67401 -0.50144887 0.15346639 -0.85146761 0
-9.9618196 48.3811 376.60599 -0.90806514 0.25565559 0.33174983 0
-9.9481602 50.686401 373.793 -0.90630114 0.28636131 0.31083032 0
-9.9460897 55.635899 369.36801 -0.82299238 0.56436884 -0.064586505 0
-9.9451399 55.0359 368.349 -0.51319212 0.53045124 -0.67472613 0
-9.9326801 48.351501 369.36801 -0.55929875 -0.80652547 -0.19157669 0
-9.8942604 54.436901 371.35599 -0.88207591 0.36591884 0.29672468 0
-9.8935404 47.310699 373.70901 -0.54857993 -0.83373517 -0.062814884 0
-9.8591995 47.9109 377.31699 -0.92031759 0.24601033 0.30412906 0
-9.8390598 55.4501 370.12799 -0.8487336 0.45864102 0.26324832 0
-9.8385401 55.257401 368.37299 -0.54678154 0.38035524 -0.74589533 0
-9.8311901 50.373798 366.90799 -0.56674051 0.39213431 -0.72459358 0
-9.8169403 48.061798 370.194 -0.54239619 -0.81500536 -0.20389381 0
-9.8143196 48.680801 376.71899 -0.87921542 0.3244181 0.34890279 0
-9.7929697 55.240898 370.595 -0.84947425 0.44262511 0.28718719 0
-9.7899599 55.860001 369.51801 -0.89189422 0.44594762 0.07520283 0
-9.7861605 54.210701 371.91699 -0.89968503 0.32464403 0.29184428 0
-9.7797899 53.948898 367.64499 -0.2472481 0.18174049 -0.95175564 0
-9.7733898 49.633598 375.703 -0.84953851 0.41553071 0.32499 0
-9.7554703 47.015099 375.58301 -0.54975319 -0.82468146 -0.13293588 0
-9.7452898 47.8405 370.79199 -0.49215496 -0.83081043 -0.2598798 0
-9.7439404 48.284302 377.33401 -0.91719258 0.27143922 0.29168215 0
-9.73456 47.5839 377.88901 -0.97652304 0.017476369 0.21470301 0
-9.7305403 50.836201 374.24301 -0.89797431 0.31070387 0.31161717 0
-9.7205496 55.0354 371.12 -0.86114812 0.40916473 0.30167559 0
-9.6768799 53.983101 372.50101 -0.931113 0.24060132 0.27411604 0
-9.6725998 48.064201 377.771 -0.91622788 0.26975441 0.29624152 0
-9.6688499 49.862499 366.58301 -0.47620061 0.2504918 -0.84290379 0
-9.6613302 50.983398 367.15799 -0.48205122 0.3363615 -0.80900407 0
-9.6441698 50.198502 375.311 -0.88172877 0.38142139 0.27761862 0
-9.6378002 56.084999 369.668 -0.7977317 0.60290849 0.01120397 0
-9.6257696 50.650902 374.76999 -0.92652392 0.28250688 0.24848199 0
-9.6253204 47.685902 378.29099 -0.98289263 0.044516824 0.17871854 0
-9.6228905 54.7356 371.84201 -0.88792741 0.37098497 0.27194688 0
-9.6215 47.396702 378.349 -0.96168542 -0.091023482 0.25860363 0
-9.6183901 51.230202 374.28 -0.93430871 0.19887225 0.29583278 0
-9.6107397 47.261398 372.819 -0.4573999 -0.86661655 -0.19940181 0
-9.60849 50.423199 375.10501 -0.89670217 0.33574808 0.28844142 0
-9.6045599 47.098499 374.242 -0.51598316 -0.85479921 -0.055495143 0
-9.6006203 54.417198 372.33499 -0.90723735 0.3220607 0.27055001 0
-9.5885696 55.706902 368.457 -0.33111233 0.63722157 -0.69592619 0
-9.5581102 48.290199 377.80899 -0.8984431 0.26760831 0.34811747 0
-9.5541496 55.034901 368.112 -0.24136288 0.55827379 -0.79377222 0
-9.5495701 50.9109 374.767 -0.9279691 0.25984862 0.26711804 0
-9.5485497 47.724602 378.51901 -0.91482449 0.2934773 0.2774297 0
-9.5355902 46.818501 375.91199 -0.56173712 -0.82351804 -0.079179496 0
-9.5167599 51.717899 367.22299 -0.36249939 0.160256 -0.9181025 0
-9.5142002 50.272099 366.595 -0.47704372 0.31034228 -0.8222633 0
-9.5141096 51.285301 367.16101 -0.43638232 0.27907702 -0.85538673 0
-9.5023804 55.788101 370.60699 -0.85270888 0.41920558 0.31169581 0
-9.5005302 50.6982 366.87399 -0.50015318 0.46976498 -0.72743911 0
-9.4774399 51.2108 374.767 -0.93965739 0.22186306 0.2604242 0
-9.4734297 55.074902 371.77802 -0.84662116 0.44897053 0.28575882 0
-9.4638901 50.385502 375.59201 -0.89396882 0.33388138 0.29890299 0
-9.4611998 54.549 367.85501 -0.14826971 0.41692683 -0.89676535 0
-9.4574804 46.684799 377.16901 -0.62842649 -0.77786165 0.0033748315 0
-9.4542999 54.802101 372.27399 -0.87246323 0.39891437 0.28226796 0
-9.4448404 47.030201 373.681 -0.51340103 -0.85160565 -0.10576955 0
-9.4433699 47.711201 370.64301 -0.49569961 -0.84972447 -0.17958352 0
-9.44174 55.709599 368.36301 -0.33111233 0.63722157 -0.69592619 0
-9.4390297 53.384899 367.401 -0.23728888 0.15826327 -0.95846063 0
-9.4314699 49.938599 376.19501 -0.87162805 0.36685291 0.32508996 0
-9.4209204 47.804901 370.082 -0.54235327 -0.81967193 -0.1843663 0
-9.4099798 47.309799 379.189 -0.9455083 0.030349595 0.32418036 0
-9.4093704 55.564602 371.20801 -0.84494442 0.44585392 0.29543728 0
-9.4063501 56.312099 370.194 -0.91435689 0.30376238 0.26773107 0
-9.4037504 49.374901 376.98099 -0.8691678 0.38259435 0.31331909 0
-9.38731 50.647999 375.55399 -0.90707189 0.27003232 0.32296002 0
-9.3745298 47.4632 379.19501 -0.86522549 0.33826661 0.37008187 0
-9.3678904 46.671101 376.409 -0.6005826 -0.79863572 -0.038490854 0
-9.3666601 53.834499 367.504 -0.098190196 0.3634074 -0.92644143 0
-9.3656197 47.2519 372.35101 -0.44566134 -0.87046438 -0.20899215 0
-9.3415804 48.402802 378.27399 -0.8680566 0.38445345 0.31412312 0
-9.3329201 47.082802 372.96701 -0.47135249 -0.86473989 -0.17335442 0
-9.3119097 49.043201 377.62799 -0.87530786 0.36708456 0.31477788 0
-9.30791 56.274399 370.54999 -0.89535487 0.34385526 0.28302521 0
-9.3014898 49.786999 376.737 -0.87956995 0.36425617 0.3060624 0
-9.2925501 47.4347 371.50601 -0.40307331 -0.88969451 -0.21441923 0
-9.2705698 46.7869 379.79401 -0.97948736 0.12748925 0.15604796 0
-9.2652597 55.936901 371.07501 -0.8887924 0.36230841 0.28067902 0
-9.2603798 50.611599 375.96799 -0.92199749 0.23740795 0.30587262 0
-9.2560501 55.564499 371.63901 -0.85064811 0.43997425 0.28778553 0
-9.2445498 56.9869 370.11801 -0.95535409 0.22183996 0.19515537 0
-9.2197104 46.807899 374.80499 -0.51033902 -0.85270095 -0.11160295 0
-9.2178001 52.787102 367.284 -0.2837314 0.12398186 -0.9508549 0
-9.2139702 46.615398 375.96899 -0.5034582 -0.85803849 -0.10148811 0
-9.2123299 47.197899 379.79199 -0.91831559 0.25584021 0.30206341 0
-9.2115002 57.285702 370.043 -0.97083652 0.19917391 0.13344 0
-9.1801205 56.574699 370.64401 -0.9202373 0.25530663 0.29661742 0
-9.1421804 50.349201 376.56799 -0.90652668 0.30765295 0.28906578 0
-9.1308899 55.383099 372.31201 -0.8464871 0.44476536 0.29264888 0
-9.11444 46.786301 380.27899 -0.91741508 0.20884815 0.33872122 0
-9.1090603 57.733898 370.043 -0.95200431 0.27973154 0.12425001 0
-9.1090403 49.8055 377.271 -0.87923932 0.3721796 0.29735595 0
-9.10497 54.435299 367.75 -0.037849102 0.42708126 -0.90342075 0
-9.1015301 57.808701 369.59698 -0.92959541 0.28607276 -0.23241067 0
-9.0975304 48.7379 378.51901 -0.87236845 0.36567214 0.32443365 0
-9.0862303 48.4636 378.91101 -0.8639338 0.37225229 0.33918521 0
-9.0853701 47.737202 379.58099 -0.86942983 0.34176454 0.35677558 0
-9.0812597 47.085602 380.20401 -0.91600609 0.22380045 0.33293578 0
-9.0799599 48.1189 379.25101 -0.85707712 0.35247496 0.37573957 0
-9.0757799 57.379902 370.40799 -0.93249667 0.19990303 0.3008135 0
-9.0681 46.795898 373.83099 -0.50300801 -0.86090958 -0.076273441 0
-9.0666704 51.8489 367.08899 -0.36649287 0.21309708 -0.905689 0
-9.0662298 50.611698 376.56799 -0.93327492 0.21440636 0.28814548 0
-9.0651999 47.460999 379.923 -0.88585103 0.32056507 0.33541909 0
-9.0528002 56.498299 371.13 -0.9155395 0.28602692 0.28280026 0
-9.0440502 46.224899 380.76901 -0.99114716 0.041732617 0.12603857 0
-9.0398397 45.737999 380.992 -0.97322941 -0.024305798 0.22854695 0
-9.0376501 55.8241 371.918 -0.88004452 0.36246783 0.30682024 0
-9.0235701 45.517899 380.99399 -0.98468071 0.024469778 0.17264175 0
-9.00494 57.706402 370.397 -0.91590786 0.26501846 0.30145976 0
-8.9977198 46.731701 374.31799 -0.50578636 -0.8598755 -0.069240928 0
-8.9944897 56.959702 370.92599 -0.93204898 0.21894322 0.28870153 0
-8.9899797 46.216202 378.63101 -0.72518384 -0.68536276 -0.066228904 0
-8.9764605 50.088001 377.33801 -0.89927691 0.30852699 0.31001952 0
-8.9735498 58.0378 370.12 -0.93562305 0.34797153 0.05937399 0
-8.9629698 57.9548 369.569 -0.92959541 0.28607276 -0.23241067 0
-8.9558496 46.8134 373.26801 -0.48461321 -0.86060607 -0.1565479 0
-8.9549599 55.786499 368.47101 -0.057100106 0.56320345 -0.82434303 0
-8.9530602 46.325699 377.25299 -0.50352448 -0.85510403 -0.1235322 0
-8.9506598 56.198601 371.76801 -0.89891416 0.33364293 0.28396434 0
-8.94977 49.786701 377.76801 -0.89659715 0.32799593 0.29754362 0
-8.9426403 47.387001 380.31799 -0.88511062 0.31788981 0.33989006 0
-8.9379101 46.507 380.92099 -0.92209256 0.19005938 0.33707979 0
-8.9243498 45.391499 380.99799 -0.60147339 -0.76552969 -0.22846034 0
-8.9233198 56.517399 371.543 -0.90985906 0.29295832 0.29382294 0
-8.91714 56.310501 368.798 -0.34057194 0.49419457 -0.79986405 0
-8.9160204 46.201599 378.14401 -0.66765302 -0.74364597 -0.035073195 0
-8.9085903 46.395199 376.582 -0.47359347 -0.87536812 -0.097159281 0
-8.8998003 47.649601 380.16901 -0.88059205 0.34652793 0.32322752 0
-8.89571 58.035999 370.418 -0.8951723 0.35822073 0.26522535 0
-8.8828201 46.0173 379.19501 -0.7410202 -0.6565724 -0.14071855 0
-8.8797197 57.511299 370.905 -0.92168778 0.22898895 0.31313851 0
-8.8713503 46.093899 381.35101 -0.95209181 0.10960366 0.28549647 0
-8.8712101 55.822899 372.423 -0.89437008 0.34641799 0.28301361 0
-8.8668003 49.074902 378.763 -0.87141323 0.35853189 0.33480418 0
-8.8621101 50.0872 377.694 -0.91233838 0.28889477 0.29013538 0
-8.8545599 49.560101 378.29199 -0.89580834 0.32366496 0.30457905 0
-8.8470001 55.638 372.74399 -0.88989246 0.3685939 0.26875636 0
-8.8438702 52.4132 367.14099 -0.30848947 0.1894584 -0.93216938 0
-8.8427601 52.768101 367.22699 -0.10264792 0.27866465 -0.95488715 0
-8.8424997 54.981998 368.03101 -0.0276816 0.48177683 -0.87585664 0
-8.8415203 50.4809 377.39401 -0.90907747 0.2990438 0.29008794 0
-8.8388596 45.672401 380.17001 -0.60121292 -0.74722141 -0.28320155 0
-8.8344898 46.177299 377.76999 -0.56225312 -0.81999201 -0.10716569 0
-8.8333702 54.454399 367.767 -0.007240681 0.43357772 -0.90108711 0
-8.7934799 47.2561 380.82501 -0.88992119 0.26477572 0.37139478 0
-8.7922697 46.479401 375.276 -0.47944832 -0.8676216 -0.13176504 0
-8.7765303 57.952099 370.86801 -0.91770297 0.26937699 0.29198843 0
-8.7670898 46.086899 378.5 -0.47148621 -0.87506479 -0.10937257 0
-8.7664604 46.394001 375.819 -0.43335885 -0.8958984 -0.097806625 0
-8.7649603 46.651699 373.569 -0.42572653 -0.89000982 -0.16321592 0
-8.7495098 58.558998 370.11899 -0.93278867 0.34316915 -0.11018289 0
-8.7443199 45.212002 382.19299 -0.95695424 0.096726872 0.27364671 0
-8.7399702 48.202301 379.953 -0.8646614 0.35745767 0.35296559 0
-8.7360802 48.718102 379.465 -0.86013621 0.36414865 0.35715741 0
-8.7114201 53.930599 367.53 0.022282826 0.35949612 -0.93288052 0
-8.7100601 52.0266 366.99899 -0.36652872 0.25458989 -0.89489704 0
-8.6997805 45.8493 382.02399 -0.94228339 0.16059843 0.29378599 0
-8.6839304 56.433601 372.40601 -0.92666966 0.23974684 0.28949058 0
-8.6702003 47.760201 380.64999 -0.87256962 0.35518101 0.33536357 0
-8.6451702 57.417599 371.73001 -0.93458545 0.22548616 0.27514732 0
-8.63762 45.174301 382.56699 -0.95428318 0.12553477 0.27126482 0
-8.6370096 58.526001 370.75699 -0.93329591 0.28861704 0.2136797 0
-8.6352501 45.666801 379.76599 -0.61489803 -0.75109255 -0.24033388 0
-8.6243095 44.8367 382.79099 -0.96687359 -0.057929151 0.24859539 0
-8.6176395 55.637901 368.39401 0.055547714 0.50182658 -0.86318278 0
-8.6124601 46.7869 381.70599 -0.91968656 0.22509091 0.32173085 0
-8.5998497 46.4767 374.58099 -0.48285303 -0.86817163 -0.11459053 0
-8.5799599 45.499001 380.14999 -0.54979199 -0.7947247 -0.25717965 0
-8.5436401 44.917198 381.51801 -0.7121104 -0.68727601 -0.14335449 0
-8.5414104 59.1558 370.19601 -0.81640542 0.5764668 0.034178603 0
-8.5394897 46.160198 376.94501 -0.43153167 -0.89018446 -0.14612323 0
-8.5376196 47.208302 381.55499 -0.8817631 0.32215914 0.34453931 0
-8.53724 58.403 369.59698 -0.32195321 0.59731269 -0.73454994 0
-8.5197496 56.387299 372.96899 -0.93070614 0.2156115 0.29546195 0
-8.5105495 45.606201 382.71899 -0.93667823 0.16207232 0.31042939 0
-8.4925299 58.890701 370.86899 -0.92407411 0.28708217 0.25233081 0
-8.4877901 44.461399 383.46701 -0.90821481 0.24685565 0.33794704 0
-8.4875803 47.723801 381.17099 -0.86892813 0.35770682 0.34206676 0
-8.4769897 59.233398 370.56699 -0.91052163 0.39310026 0.12815058 0
-8.4674301 53.387798 367.37399 -0.037161384 0.2764135 -0.96032006 0
-8.4662704 46.618301 382.23099 -0.91906321 0.2269733 0.32218924 0
-8.4647903 57.125301 372.62799 -0.93352652 0.22185823 0.28161526 0
-8.4611397 56.7612 372.892 -0.93274391 0.20534159 0.29635048 0
-8.4574099 46.974602 381.96899 -0.88484073 0.31195092 0.34603971 0
-8.4527197 57.5205 372.302 -0.9272939 0.24917753 0.27935031 0
-8.4493399 49.5322 379.39801 -0.87931222 0.31341311 0.3585836 0
-8.4447498 44.780399 383.35501 -0.90681934 0.22482838 0.35655421 0
-8.4358101 45.137901 383.17001 -0.92792928 0.17135222 0.33103728 0
-8.4038801 48.858299 380.14401 -0.87482655 0.33998185 0.34509546 0
-8.3966103 44.367802 383.767 -0.91009337 0.25640249 0.32555765 0
-8.39112 58.5047 371.54199 -0.91602594 0.28509539 0.28216493 0
-8.3833799 44.492802 382.27301 -0.646375 -0.66386151 -0.3761479 0
-8.3782701 46.429901 382.642 -0.91297913 0.22853196 0.3379975 0
-8.3738098 53.7057 367.474 -0.016074041 0.34382904 -0.93889469 0
-8.3537598 46.289902 375.08801 -0.42202097 -0.89906812 -0.11651098 0
-8.3410997 59.257599 370.94501 -0.9139564 0.34565553 0.21261689 0
-8.3215904 48.483501 380.76099 -0.87499738 0.36011741 0.32356617 0
-8.3214302 57.4547 372.81699 -0.92491323 0.24015553 0.29472172 0
-8.3165503 45.962898 377.46899 -0.43636313 -0.88850754 -0.14192079 0
-8.30721 43.563499 384.59201 -0.971461 0.014784235 0.23673816 0
-8.2829199 44.762001 383.76801 -0.91526842 0.20828277 0.34482166 0
-8.28162 57.046799 373.24799 -0.92750835 0.21518859 0.30565038 0
-8.2616701 47.0583 382.39899 -0.88707209 0.31286478 0.33943883 0
-8.24683 45.073002 380.76599 -0.50152928 -0.80314529 -0.32159922 0
-8.2425499 54.963799 368.04401 0.03397166 0.46509218 -0.88461018 0
-8.2407598 44.533001 381.97 -0.662099 -0.66874605 -0.338236 0
-8.2385101 47.498402 382.00699 -0.85637516 0.36277437 0.36744568 0
-8.21136 45.952301 383.39301 -0.91150558 0.2293676 0.34139132 0
-8.1997204 43.976601 384.55801 -0.90918744 0.25154912 0.33181512 0
-8.1884003 59.668701 370.944 -0.88569671 0.42198727 0.19356678 0
-8.1856899 56.722099 368.97699 -0.072316855 0.38665518 -0.9193846 0
-8.1822996 58.189301 372.55801 -0.91916609 0.27440923 0.2825478 0
-8.1819696 44.215801 382.53201 -0.55790335 -0.74015468 -0.37538636 0
-8.1684599 45.748299 378.59299 -0.48340592 -0.8454147 -0.22714037 0
-8.1675901 54.440498 367.78101 0.039708424 0.41778645 -0.90767711 0
-8.1656303 44.367401 382.19501 -0.5491336 -0.75187647 -0.36487544 0
-8.1556501 59.837002 370.79401 -0.88569671 0.42198727 0.19356678 0
-8.1537104 55.624901 368.40601 0.033018705 0.47276482 -0.88056982 0
-8.1403103 43.262901 385.19299 -0.9306913 0.17967418 0.31863913 0
-8.1232004 44.661499 381.517 -0.50600588 -0.78757793 -0.35168037 0
-8.1218204 46.6362 383.11099 -0.87414551 0.30951357 0.37426066 0
-8.1139402 45.3997 383.91901 -0.92369598 0.17218171 0.34225601 0
-8.1013498 44.715401 384.29401 -0.92144454 0.20484027 0.33012179 0
-8.0935402 45.9114 377.168 -0.42445761 -0.89205307 -0.15516795 0
-8.0931797 45.649799 378.81799 -0.48653296 -0.84866959 -0.20747438 0
-8.0926905 58.0923 369.47501 -0.0075628329 0.32988876 -0.94398952 0
-8.0926199 57.286999 369.19101 -0.14155531 0.33473009 -0.93162107 0
-8.0883398 57.812801 373.21301 -0.91811949 0.26180279 0.29751632 0
-8.0706301 45.135601 380.245 -0.50513923 -0.81489056 -0.28423181 0
-8.0613499 45.174999 384.18201 -0.93583101 0.16525075 0.31130767 0
-8.05968 46.107201 375.48099 -0.41423425 -0.9042232 -0.10387659 0
-8.0425596 48.250801 381.707 -0.85982478 0.35017955 0.37158525 0
-8.0360804 58.434799 369.59698 0.0085022617 0.33968556 -0.94050062 0
-8.03193 45.9799 376.61401 -0.42624658 -0.89626855 -0.12254187 0
-8.0306702 44.2369 384.81799 -0.92498386 0.2137406 0.31419718 0
-8.0223103 58.895802 372.379 -0.91254979 0.2932831 0.28502271 0
-8.0206299 44.918201 380.767 -0.51172614 -0.79472631 -0.32641459 0
-8.0026999 46.018299 376.155 -0.42110881 -0.90211827 -0.094074421 0
-7.9833798 43.6273 383.37201 -0.6425873 -0.68547153 -0.34236005 0
-7.9764299 60.023201 371.168 -0.87613446 0.44586632 0.18328032 0
-7.9720502 43.487999 385.57001 -0.93203729 0.20475496 0.29896799 0
-7.9706602 45.6525 384.19901 -0.9240461 0.20942578 0.31981188 0
-7.96696 46.007702 383.97299 -0.90539753 0.24255329 0.34845838 0
-7.95368 43.863499 385.319 -0.93165702 0.21942526 0.28959927 0
-7.9519801 56.1413 368.68701 -0.043384761 0.44849011 -0.89273423 0
-7.9428701 59.612701 370.12799 -0.34533894 0.66447413 -0.66273308 0
-7.9409699 44.747501 384.79001 -0.93901592 0.16536672 0.3015011 0
-7.9368901 45.249001 379.67499 -0.50367475 -0.81319499 -0.29159158 0
-7.92627 43.337898 385.832 -0.95436597 0.11089507 0.27728668 0
-7.9184399 42.885101 386.241 -0.97848141 0.10777339 0.17595161 0
-7.8872099 58.486301 373.211 -0.91115373 0.2826831 0.29981512 0
-7.86865 43.1311 384.19901 -0.65821576 -0.70880187 -0.25367683 0
-7.8675599 58.749802 369.707 0.029790118 0.35598001 -0.93401861 0
-7.8659301 46.561798 383.76801 -0.8634339 0.33771119 0.374744 0
-7.8618102 45.351398 384.72299 -0.93108159 0.19048187 0.31113294 0
-7.8543801 60.361698 370.79401 -0.8661828 0.48980674 0.099079482 0
-7.8394198 47.049099 383.33701 -0.83504009 0.39039969 0.3876805 0
-7.8303299 59.827801 371.93301 -0.8767159 0.38855037 0.2835452 0
-7.8094101 42.507702 386.914 -0.94380659 -0.068328857 0.32335776 0
-7.8073702 47.776001 382.686 -0.84216988 0.35674006 0.40433455 0
-7.7947698 44.5093 385.36301 -0.92140424 0.2151159 0.32363459 0
-7.7912102 57.057499 369.06201 -0.106214 0.35532272 -0.9286896 0
-7.7805901 60.434799 371.20499 -0.85645217 0.49232712 0.15525371 0
-7.7772498 42.061199 387.44101 -0.97009861 0.23566653 0.05805121 0
-7.7698698 41.909801 387.58899 -0.93438238 0.24068765 0.26267657 0
-7.7683301 43.610001 386.00101 -0.9020294 0.27856407 0.32976517 0
-7.7679601 59.508999 372.51901 -0.88728631 0.35050255 0.29978496 0
-7.7609601 59.2355 372.85501 -0.89643353 0.31795523 0.30872542 0
-7.7589102 60.5121 370.793 -0.89448082 0.44451112 0.048103396 0
-7.7537398 45.972698 384.539 -0.8873353 0.28984344 0.35864586 0
-7.7202702 42.812698 386.82501 -0.91058517 0.26720828 0.31533217 0
-7.7194099 58.942001 373.27802 -0.89276308 0.3195422 0.31759545 0
-7.71738 58.184601 369.51401 0.013286971 0.34373081 -0.9389742 0
-7.7170401 45.3396 379.10001 -0.46247727 -0.84226441 -0.27695748 0
-7.71452 42.7356 384.89499 -0.71244115 -0.68626082 -0.14653908 0
-7.7140002 42.898201 384.44501 -0.76883018 -0.61440021 -0.17723587 0
-7.7031999 60.3246 371.647 -0.89486635 0.39134082 0.21463127 0
-7.6427898 59.235199 369.927 -0.00046334803 0.4095208 -0.91230065 0
-7.6406898 46.926201 383.90799 -0.82959086 0.40728271 0.38196838 0
-7.64043 45.649899 377.43201 -0.43108803 -0.88792247 -0.16048922 0
-7.63446 42.603699 387.254 -0.88343924 0.32124987 0.34107718 0
-7.6048899 43.946701 386.20599 -0.91219312 0.22022417 0.3455503 0
-7.5898199 43.541302 382.95099 -0.55858576 -0.72767806 -0.39807862 0
-7.5838599 44.4613 381.164 -0.50815272 -0.77713048 -0.37128016 0
-7.5827599 46.5793 384.405 -0.84176075 0.37457094 0.3887614 0
-7.5677199 56.387199 368.78299 -0.064106368 0.38121849 -0.92225963 0
-7.54811 45.814301 375.96899 -0.43314153 -0.89655155 -0.092648372 0
-7.5336199 46.0369 385.00601 -0.86791575 0.32034573 0.37960622 0
-7.5313001 45.440701 378.36801 -0.47221419 -0.8579793 -0.20220099 0
-7.5303302 59.988701 370.27701 -0.12179324 0.58972389 -0.79836839 0
-7.5121698 45.719299 376.66199 -0.43584341 -0.89429063 -0.101414 0
-7.5008998 42.276901 385.586 -0.63967347 -0.69022799 -0.33823538 0
-7.4912 45.269199 385.68201 -0.89492029 0.27449563 0.35180935 0
-7.48525 42.065701 388.155 -0.88106173 0.29645684 0.36856958 0
-7.4812799 44.6115 386.168 -0.90566272 0.23830312 0.35069463 0
-7.4561 43.104198 383.543 -0.60664433 -0.70585191 -0.36572629 0
-7.4180298 59.689899 370.14499 -0.048713103 0.41034874 -0.91062665 0
-7.4177399 58.617401 369.686 0.0014767909 0.35290274 -0.93565881 0
-7.4001002 43.675098 386.966 -0.91822064 0.22755049 0.32417837 0
-7.3906999 44.2239 386.659 -0.91418886 0.21967989 0.34058693 0
-7.3898001 41.873001 388.55701 -0.90092051 0.24677138 0.35699594 0
-7.3852 41.202702 387.59601 -0.73223031 -0.61247355 -0.29785046 0
-7.3832898 60.213799 372.745 -0.86796623 0.38668966 0.31161782 0
-7.3758998 44.746498 380.17099 -0.48310882 -0.82194996 -0.30166885 0
-7.3671799 40.7742 388.64401 -0.75227815 -0.6376633 -0.16571994 0
-7.3404498 41.948898 385.98199 -0.61366886 -0.71501607 -0.33490679 0
-7.3308902 43.252102 387.48001 -0.9048872 0.27142879 0.32788044 0
-7.32517 40.559399 389.83701 -0.92159581 0.23500684 0.30892223 0
-7.3243899 46.036499 385.45499 -0.85397953 0.33487552 0.39821777 0
-7.3186898 59.5919 373.70801 -0.87807328 0.36183691 0.31314752 0
-7.2980399 44.799 386.487 -0.88706446 0.28167808 0.3657515 0
-7.29562 58.203499 369.51401 -0.017360926 0.37856698 -0.92541105 0
-7.28234 61.334 371.46701 -0.87084574 0.40600052 0.27711242 0
-7.2676802 56.574501 368.82199 -0.1012474 0.33927697 -0.93522197 0
-7.2341399 45.287399 386.24399 -0.87401009 0.30270216 0.38010237 0
-7.2329402 42.699699 388.194 -0.89718395 0.28870618 0.33423001 0
-7.2210798 61.5564 371.39301 -0.87084574 0.40600052 0.27711242 0
-7.21872 42.4175 388.46399 -0.87539786 0.31662303 0.36527866 0
-7.2132702 61.1497 371.965 -0.85593754 0.4288857 0.2888391 0
-7.20433 41.930599 388.90601 -0.87475717 0.30127022 0.37952089 0
-7.1925101 59.385899 370.00101 -0.048713103 0.41034874 -0.91062665 0
-7.18153 44.517101 386.992 -0.88934833 0.28768584 0.35538208 0
-7.13272 43.263199 388.04501 -0.90962571 0.25056657 0.33135703 0
-7.1200299 41.402699 386.69199 -0.55869323 -0.75721568 -0.33835813 0
-7.1194501 42.190498 385.043 -0.59995878 -0.7399112 -0.30427098 0
-7.11516 40.549801 388.68301 -0.57769871 -0.73409629 -0.3568849 0
-7.1062598 45.895699 386.01801 -0.83531833 0.35447055 0.42023078 0
-7.09935 40.185398 390.59 -0.87946922 0.31492981 0.35686561 0
-7.0987101 56.235802 368.69699 -0.086219035 0.29421559 -0.95184213 0
-7.0826998 43.869999 387.75101 -0.90867174 0.25665805 0.32930574 0
-7.07935 41.655701 386.13101 -0.59561646 -0.71962953 -0.35689554 0
-7.0780301 40.8041 388.06299 -0.53999728 -0.77716339 -0.3231408 0
-7.0773602 43.495899 382.327 -0.52523935 -0.74271804 -0.41532338 0
-7.0629601 57.260201 369.056 -0.10773299 0.40098923 -0.9097259 0
-7.0619798 41.005901 389.992 -0.84581536 0.33278918 0.41695052 0
-7.0497198 45.0616 386.84299 -0.86425316 0.3244167 0.38447398 0
-7.0290098 61.664001 371.73999 -0.85153687 0.43097162 0.29857731 0
-7.0286999 44.293301 387.556 -0.89347816 0.27021149 0.35872355 0
-7.0170102 61.129601 372.58801 -0.86005807 0.41650388 0.29466027 0
-7.0131798 41.9212 389.33701 -0.87644887 0.28127894 0.39079341 0
-7.0057201 58.192501 369.49899 -0.027169904 0.40534595 -0.91375953 0
-7.0007901 42.5779 383.79001 -0.56301159 -0.73797762 -0.37203085 0
-6.9664998 40.098499 389.319 -0.57632786 -0.70679998 -0.4102194 0
-6.9632902 42.718899 383.47198 -0.56544888 -0.69972932 -0.43663076 0
-6.9602499 44.649502 387.40601 -0.86414367 0.33254752 0.37771404 0
-6.9559398 43.093102 388.66199 -0.90541679 0.25821814 0.33696264 0
-6.93714 42.465401 389.13101 -0.89554071 0.25158522 0.36703101 0
-6.8934999 59.916 370.19601 -0.040880639 0.34906697 -0.93620563 0
-6.8903198 41.791698 385.53201 -0.57728469 -0.74404448 -0.33636317 0
-6.8764801 43.835899 381.45499 -0.49883893 -0.76403141 -0.40916464 0
-6.8699298 40.7868 390.556 -0.84770507 0.32626638 0.41826594 0
-6.8553901 60.381599 370.35599 -0.08407937 0.37650582 -0.92259091 0
-6.8445101 61.0378 373.17499 -0.85211384 0.4173553 0.31577924 0
-6.8366199 40.854599 387.51801 -0.51655835 -0.7962997 -0.31476063 0
-6.8347402 44.2402 380.63199 -0.46740222 -0.79512507 -0.38640818 0
-6.83111 41.644001 389.96399 -0.88492614 0.28594929 0.36761221 0
-6.82903 42.813099 383.14801 -0.56544888 -0.69972932 -0.43663076 0
-6.8229799 45.987801 386.504 -0.83326316 0.37751356 0.40392584 0
-6.8189602 40.688301 387.92999 -0.49516961 -0.80518013 -0.32633117 0
-6.81391 43.904301 388.40399 -0.89234537 0.29247621 0.34376937 0
-6.8019199 42.119499 389.69501 -0.89162606 0.25512153 0.37405339 0
-6.7964201 39.397598 390.59601 -0.74609017 -0.50039929 -0.43926078 0
-6.7591701 38.686501 392.39099 -0.96497536 0.087593995 0.24728501 0
-6.75845 43.082802 389.186 -0.89035279 0.26092786 0.3730799 0
-6.7582502 61.852001 372.241 -0.8443386 0.45376202 0.28494275 0
-6.72153 38.325401 392.39899 -0.9778102 0.11759288 0.17337568 0
-6.7158599 61.4104 373.04199 -0.84588957 0.44016132 0.30121234 0
-6.7079501 38.460999 392.69 -0.9778102 0.11759288 0.17337568 0
-6.70504 41.0769 386.76801 -0.49739641 -0.79283297 -0.35215437 0
-6.70187 44.704201 379.327 -0.41423234 -0.84756196 -0.33173835 0
-6.6932602 45.290298 387.43301 -0.85220248 0.35484317 0.38449609 0
-6.6917601 62.301201 371.39899 -0.78604203 0.61569715 0.055271503 0
-6.6866598 58.207001 369.48099 -0.076153681 0.45602405 -0.88670325 0
-6.6859598 41.349899 390.51901 -0.87643534 0.27379662 0.39610162 0
-6.6666298 42.148399 384.23801 -0.53041655 -0.79404444 -0.29690364 0
-6.6661301 41.806599 385.11899 -0.52178413 -0.77451771 -0.35758021 0
-6.6635799 44.687901 388.04401 -0.85643536 0.3579964 0.3719638 0
-6.6595201 38.953999 391.19901 -0.74284291 -0.60022861 -0.29649621 0
-6.6588802 62.305801 371.767 -0.84941864 0.52643883 0.036743768 0
-6.6492901 43.485298 389.16599 -0.88256067 0.29271424 0.36797428 0
-6.6422501 39.266701 392.16599 -0.86566848 0.32957324 0.37682828 0
-6.6297302 58.744099 369.73499 -0.040478293 0.40227753 -0.91462249 0
-6.6283498 41.3563 386.06201 -0.50119102 -0.78116441 -0.37227646 0
-6.6061301 40.758202 391.099 -0.87283689 0.27272844 0.40469122 0
-6.6032901 60.965599 373.875 -0.85174137 0.42017296 0.31303573 0
-6.5977602 42.924999 382.71399 -0.52736509 -0.7226342 -0.44686219 0
-6.59338 38.209599 392.31799 -0.7092061 -0.67240542 -0.21189056 0
-6.5893602 39.0331 390.97101 -0.61344403 -0.69452798 -0.37592196 0
-6.5713501 41.067001 390.96701 -0.87283689 0.27272844 0.40469122 0
-6.54737 42.624802 389.99399 -0.89805347 0.24372315 0.36619535 0
-6.5185599 61.341599 370.77301 -0.06973923 0.44773361 -0.89144325 0
-6.5183001 40.0807 388.793 -0.45740286 -0.78760558 -0.41286808 0
-6.5180402 61.639801 370.931 -0.29183456 0.41525993 -0.86162162 0
-6.5153999 39.850601 389.245 -0.45946744 -0.80655318 -0.37196994 0
-6.50808 62.3913 372.10901 -0.86457181 0.4613761 0.19911711 0
-6.4811001 62.035099 372.76001 -0.84106392 0.45374236 0.29449856 0
-6.4804301 40.713001 387.33099 -0.4567613 -0.8245818 -0.3338173 0
-6.45819 42.137001 390.556 -0.8971312 0.25008094 0.36416358 0
-6.4507899 38.835602 392.879 -0.81710547 0.36780572 0.44391173 0
-6.4458199 40.446602 387.966 -0.48379859 -0.82153153 -0.30170333 0
-6.4414301 43.194099 382.082 -0.49167824 -0.75627846 -0.43161955 0
-6.4410901 39.681499 389.564 -0.43276814 -0.83759874 -0.33337685 0
-6.4142499 40.974602 386.61899 -0.44579625 -0.81951451 -0.36008564 0
-6.4031401 41.999001 384.18201 -0.45922568 -0.83609474 -0.30009565 0
-6.38728 36.511799 394.79199 -0.65301061 -0.75151753 0.093800537 0
-6.3807998 37.487301 394.04401 -0.95806366 0.187608 0.21660386 0
-6.3776398 40.749599 391.58701 -0.88163942 0.24286237 0.40463543 0
-6.3675299 42.409 383.24399 -0.51715565 -0.74271071 -0.42535961 0
-6.3671298 60.733799 370.448 -0.0286215 0.39721513 -0.91727912 0
-6.36549 38.510601 391.57001 -0.53438473 -0.73356247 -0.4199037 0
-6.3473601 39.5397 392.505 -0.82479298 0.33832204 0.45305049 0
-6.3204298 62.835201 371.91901 -0.85363179 0.50961751 -0.10771621 0
-6.31636 43.712898 389.73199 -0.87028599 0.29708433 0.39286542 0
-6.30935 37.1077 393.522 -0.695454 -0.69602025 -0.17860454 0
-6.2891698 38.554199 393.366 -0.79364866 0.35946369 0.49082345 0
-6.2869301 62.666698 372.33899 -0.84732014 0.48036551 0.2264896 0
-6.2786298 41.869202 391.164 -0.88405812 0.24876654 0.39567217 0
-6.2572098 41.104198 386.14801 -0.4418872 -0.81736064 -0.36967188 0
-6.2546701 58.072601 369.35501 -0.089680769 0.46170083 -0.88249063 0
-6.25284 61.955299 373.517 -0.84537846 0.42814454 0.31941739 0
-6.2414198 42.835602 390.58401 -0.8826465 0.2907767 0.36930206 0
-6.2342801 39.1301 390.48401 -0.40125737 -0.77303529 -0.49133384 0
-6.22228 41.237999 391.64499 -0.88599837 0.2300455 0.40259904 0
-6.2184801 39.433601 389.992 -0.36517826 -0.83987969 -0.40155569 0
-6.2169199 40.187099 392.28101 -0.87869608 0.27189723 0.39238393 0
-6.2164698 41.511299 385.138 -0.46327779 -0.81797045 -0.34102499 0
-6.2150302 42.0107 383.845 -0.45310339 -0.83017874 -0.32480851 0
-6.20329 58.644501 369.66 -0.082864076 0.46128929 -0.88337177 0
-6.2006502 39.080601 393.10599 -0.80921769 0.33799854 0.48054522 0
-6.18402 37.470501 394.34601 -0.78596836 0.4116213 0.46132597 0
-6.1789198 41.2841 385.62601 -0.43387944 -0.83181387 -0.3461709 0
-6.16957 42.359699 391.11499 -0.86386961 0.28790429 0.41332853 0
-6.1631098 35.312 395.99301 -0.96258104 -0.085615076 0.25711444 0
-6.1379499 36.4617 394.19699 -0.80635011 -0.46825173 -0.361303 0
-6.1329002 36.060001 395.54001 -0.81227726 0.35118568 0.46569768 0
-6.1238399 59.836102 370.15302 -0.028678391 0.29581919 -0.95481336 0
-6.1205301 40.646801 392.207 -0.89113837 0.22971353 0.39128521 0
-6.1202102 37.8979 394.116 -0.79527944 0.35697684 0.4899981 0
-6.1050301 59.387901 370.01199 -0.079475068 0.38444009 -0.9197225 0
-6.0959601 63.039902 372.33899 -0.8669486 0.45604351 0.20105816 0
-6.0949602 61.674301 374.29999 -0.85904521 0.42058736 0.29180071 0
-6.09306 36.657799 395.16299 -0.77421236 0.38679457 0.50098425 0
-6.0774598 38.314201 391.58701 -0.45544162 -0.74351275 -0.48965472 0
-6.0762601 39.6045 392.95401 -0.84496891 0.28833535 0.45043346 0
-6.0685101 38.6367 391.07999 -0.4533768 -0.73042148 -0.51081693 0
-6.06459 42.118198 391.49301 -0.86274284 0.27442175 0.42469692 0
-6.0573401 41.6866 391.755 -0.87888461 0.24313952 0.41042054 0
-6.0486898 36.4384 395.39499 -0.79042351 0.375476 0.48399216 0
-6.0395999 35.688801 395.996 -0.82281941 0.34264126 0.45339295 0
-6.0392399 42.822102 391.026 -0.84583658 0.32684058 0.42158708 0
-6.02637 40.2995 392.61801 -0.89202607 0.23208191 0.38784981 0
-6.0242701 38.6875 393.66901 -0.81846988 0.32693383 0.47246307 0
-6.0089202 35.5383 396.18201 -0.96258104 -0.085615076 0.25711444 0
-6.0064001 62.9884 372.707 -0.85736591 0.43023694 0.2825242 0
-6.0021701 60.395901 370.32599 0.014502115 0.33300927 -0.94281203 0
-5.9974399 35.232601 396.43701 -0.84472042 0.31444427 0.43309605 0
-5.9960098 40.230598 387.89099 -0.41354719 -0.82807589 -0.37850899 0
-5.99229 58.186001 369.38901 -0.087393887 0.47229862 -0.8770954 0
-5.9917498 37.903599 392.13199 -0.4943018 -0.74997967 -0.43954086 0
-5.9916101 41.1082 385.832 -0.39707762 -0.86303669 -0.31224513 0
-5.9911098 40.6703 386.82599 -0.4341704 -0.82924581 -0.35191965 0
-5.97258 34.112 397.19299 -0.90055752 0.32434168 0.28947988 0
-5.9657998 38.986198 393.55499 -0.80363387 0.32790676 0.49663845 0
-5.9200702 39.315399 389.98999 -0.36719799 -0.83494937 -0.40990868 0
-5.91711 62.647202 371.36099 -0.22323394 0.64094847 -0.73440564 0
-5.9169898 39.166199 390.21899 -0.36603642 -0.77127814 -0.52071816 0
-5.9155698 39.6106 389.17001 -0.39054847 -0.85379988 -0.34423488 0
-5.9108801 40.390099 387.40399 -0.41378105 -0.84468949 -0.3395364 0
-5.9050002 62.759701 373.34201 -0.85465401 0.43139103 0.28890887 0
-5.90344 37.637199 394.64401 -0.78395849 0.36545607 0.50184745 0
-5.8983998 41.6875 392.09399 -0.87348485 0.25601107 0.41410446 0
-5.8963099 40.187099 392.97501 -0.88612938 0.22181168 0.40690821 0
-5.8947001 42.285599 391.716 -0.84782368 0.28628829 0.44635636 0
-5.8912802 39.802898 388.67401 -0.41106686 -0.82805634 -0.38124371 0
-5.8867002 63.435001 372.36801 -0.86950052 0.44364122 0.2171436 0
-5.8854699 34.424 396.45001 -0.72847378 -0.56991029 -0.38016862 0
-5.88026 59.387501 370.01801 -0.088859476 0.33869371 -0.93669128 0
-5.8762002 36.217602 394.27301 -0.60746926 -0.67963588 -0.41118875 0
-5.8629699 39.585899 393.367 -0.86079121 0.26613432 0.43383294 0
-5.8600702 41.218899 392.46899 -0.8769784 0.25506523 0.4072476 0
-5.8498302 36.1534 395.93399 -0.79186583 0.38484862 0.47417298 0
-5.8383498 34.488701 397.19601 -0.83380091 0.29529536 0.46645114 0
-5.8341999 35.460701 396.517 -0.79852194 0.38217112 0.4650892 0
-5.82341 40.692299 392.89801 -0.90170997 0.21580006 0.37463248 0
-5.8214898 38.5448 391.009 -0.403988 -0.75284123 -0.51963812 0
-5.8210702 42.622898 391.604 -0.84004939 0.32058105 0.43765828 0
-5.81704 36.504799 393.86801 -0.45400974 -0.70311916 -0.5472647 0
-5.8118401 63.305599 372.81799 -0.86180264 0.42357448 0.27907151 0
-5.80548 33.885799 397.64001 -0.86717081 0.16227517 0.47083074 0
-5.7950802 58.746101 369.672 -0.033984471 0.46596459 -0.88415051 0
-5.79076 62.2155 371.14001 -0.049971431 0.44192642 -0.89565837 0
-5.78265 35.856701 394.647 -0.60672021 -0.66658825 -0.43307117 0
-5.7759099 41.288898 385.11899 -0.42020893 -0.83898371 -0.34573221 0
-5.7628598 34.762199 395.923 -0.82388383 -0.44399232 -0.3522588 0
-5.7441802 61.0639 370.59399 0.0072534108 0.39174736 -0.92004424 0
-5.73312 37.056301 395.38501 -0.76916158 0.4004626 0.49801621 0
-5.72995 59.986 370.20001 -0.061795242 0.32337031 -0.94425261 0
-5.71942 38.9883 393.97101 -0.8464238 0.28252888 0.45138031 0
-5.7168698 38.292999 391.29199 -0.42051312 -0.75002366 -0.51052248 0
-5.7101002 38.816601 390.55801 -0.37313527 -0.74848813 -0.54821128 0
-5.69243 61.7104 370.89001 -0.057964552 0.42526832 -0.90320927 0
-5.6896901 39.981201 393.55701 -0.89123607 0.20431344 0.40491274 0
-5.6725202 36.8592 393.276 -0.45820442 -0.71348435 -0.53008378 0
-5.6152601 33.287601 398.24399 -0.90488875 0.23505114 0.35486245 0
-5.6047301 41.764 392.621 -0.84517884 0.30683738 0.43763402 0
-5.6002698 34.241402 397.75299 -0.79820466 0.33752897 0.49894243 0
-5.58639 39.287102 394.08099 -0.86984354 0.21665223 0.44320878 0
-5.586 36.709301 395.89999 -0.78120631 0.39336127 0.48475114 0
-5.57511 38.3853 394.64099 -0.88918358 0.23068376 0.39514253 0
-5.5718899 37.505402 395.28 -0.82086486 0.33472708 0.46275115 0
-5.56147 60.437401 370.35101 -0.044793278 0.36380112 -0.930399 0
-5.55972 35.262501 397.077 -0.76611251 0.38703963 0.51310033 0
-5.5552602 40.785801 393.479 -0.88630414 0.23707004 0.3978225 0
-5.5483098 35.855099 396.63901 -0.7697382 0.38894087 0.50618982 0
-5.5436101 62.2533 375.146 -0.8536095 0.43919146 0.28011015 0
-5.5304399 32.537399 398.84299 -0.93363047 0.023043647 0.35749561 0
-5.5299001 39.7173 394.04099 -0.89290112 0.18244216 0.41163385 0
-5.5278902 40.308899 393.79999 -0.87034339 0.22201207 0.43956003 0
-5.51265 38.686001 394.56699 -0.87963146 0.2388335 0.41134781 0
-5.5047598 63.018799 374.13 -0.85508072 0.42768455 0.29312599 0
-5.5030098 33.344601 398.43301 -0.8699069 0.24519019 0.427953 0
-5.4864998 63.811199 373.052 -0.85526687 0.44462812 0.26612863 0
-5.46771 59.8372 370.129 -0.13292535 0.33513403 -0.93274653 0
-5.4328799 63.819801 371.94299 -0.36211321 0.52309078 -0.77152449 0
-5.4279099 33.887199 398.24399 -0.798976 0.29686388 0.52298111 0
-5.41993 31.973801 399.36301 -0.83996862 0.25197184 0.48058596 0
-5.4148302 39.043999 394.59799 -0.87963146 0.2388335 0.41134781 0
-5.4063101 38.086102 395.16699 -0.87675434 0.2807709 0.39047346 0
-5.4028902 31.7145 399.444 -0.90759736 0.0040400638 0.41982219 0
-5.3937602 37.1964 392.58499 -0.47239804 -0.71605015 -0.51391858 0
-5.3808899 33.173401 398.767 -0.87187618 0.23923394 0.42731613 0
-5.37257 32.9459 398.91199 -0.87468994 0.23775427 0.42236286 0
-5.3721099 37.8918 391.58899 -0.43199492 -0.74564749 -0.50733644 0
-5.3584299 38.385399 395.091 -0.89070344 0.23338753 0.39009953 0
-5.3565302 38.7854 390.367 -0.44334191 -0.7637037 -0.46925965 0
-5.3555899 33.968601 396.48001 -0.48926777 -0.64912438 -0.58245564 0
-5.3285699 31.7873 399.59201 -0.89205468 -0.012427751 0.45175654 0
-5.3278999 40.369499 394.18301 -0.8793754 0.24004681 0.41118908 0
-5.3178501 61.339802 370.71301 -0.089052156 0.41013435 -0.9076671 0
-5.3155999 38.502102 390.70901 -0.40439844 -0.73307431 -0.54686737 0
-5.3141699 33.417999 397.047 -0.44567734 -0.66007406 -0.6047098 0
-5.3136601 39.1063 389.73401 -0.45306963 -0.78365016 -0.42499453 0
-5.28092 36.595501 396.48001 -0.81333113 0.35438439 0.46141541 0
-5.2681699 32.206699 398.328 -0.69633311 -0.60544151 -0.38543579 0
-5.2652998 35.106499 397.62601 -0.7741226 0.37499958 0.51000929 0
-5.2494502 34.5882 398.035 -0.77581054 0.36590883 0.51403183 0
-5.24406 35.7327 394.35999 -0.45255613 -0.68196398 -0.57455903 0
-5.2428899 60.9832 370.561 -0.10085704 0.39680868 -0.91234356 0
-5.2395401 33.153301 397.272 -0.63045657 -0.55186695 -0.54586387 0
-5.22967 38.479698 395.354 -0.90157801 0.18344961 0.39179501 0
-5.2288399 32.106201 399.59399 -0.83996862 0.25197184 0.48058596 0
-5.2087202 37.787899 395.76999 -0.88070071 0.25307325 0.40039998 0
-5.18153 62.1408 371.078 -0.057140231 0.46565089 -0.88312185 0
-5.1654902 33.6194 396.70901 -0.45060247 -0.65759295 -0.60376233 0
-5.1638098 36.867599 396.48001 -0.83439606 0.29002425 0.46868876 0
-5.1621499 64.189003 373.42001 -0.84260654 0.45087144 0.29449815 0
-5.1451702 36.1021 393.849 -0.44634673 -0.69462806 -0.56415111 0
-5.1395602 62.706001 371.384 -0.030991891 0.48013622 -0.87664628 0
-5.1244798 32.555801 399.51901 -0.83346051 0.2623277 0.48634124 0
-5.12429 38.27 395.72198 -0.90692264 0.1908368 0.3755964 0
-5.12116 35.986198 397.19199 -0.80875039 0.32381219 0.49098724 0
-5.1164999 31.037001 400.19101 -0.93153477 0.12147126 0.34276474 0
-5.10816 64.699303 372.599 -0.74404305 0.66732579 -0.032806352 0
-5.1020899 35.611401 397.49301 -0.78189331 0.36744258 0.50361574 0
-5.0996799 60.091599 370.15799 -0.13868551 0.38796595 -0.9111799 0
-5.08392 39.8218 394.98199 -0.89258677 0.23838089 0.38270533 0
-5.0685401 34.300999 395.86301 -0.47760198 -0.66517162 -0.57397127 0
-5.0675001 31.5984 400.078 -0.91102564 0.058325924 0.40820384 0
-5.0566902 64.526497 373.21399 -0.8467893 0.46484846 0.25858039 0
-5.0534601 38.1054 391.04599 -0.41261563 -0.73736155 -0.53483301 0
-5.0475202 38.854099 395.634 -0.89963734 0.19493207 0.39070973 0
-5.0384898 39.379902 395.35501 -0.90138686 0.22189106 0.37184152 0
-5.0308199 34.224701 398.61899 -0.78678584 0.35338476 0.50605065 0
-5.0280099 37.485401 396.366 -0.89306182 0.220589 0.39214933 0
-5.0166702 63.440701 371.78799 0.080481343 0.47023797 -0.87886232 0
-5.0155401 39.251701 389.021 -0.39744082 -0.83338785 -0.38406444 0
-5.0142798 38.9049 389.771 -0.45293751 -0.80098003 -0.3915081 0
-5.0023298 63.791801 374.496 -0.85543519 0.43077305 0.28751552 0
-4.9885502 36.302399 393.46201 -0.43987688 -0.72388387 -0.53150773 0
-4.9552302 63.307301 375.341 -0.84530717 0.43894747 0.30459958 0
-4.9535298 30.1378 400.793 -0.97000939 -0.034603398 0.24059182 0
-4.9435 35.055599 394.905 -0.47150323 -0.66851765 -0.57512504 0
-4.9344702 36.549099 397.11801 -0.85057867 0.28282982 0.44330937 0
-4.9228301 31.487801 398.90601 -0.56326073 -0.73480898 -0.37787977 0
-4.91748 64.788002 373.19501 -0.81867796 0.52254307 0.23814943 0
-4.91399 30.8862 400.642 -0.89844388 0.14698854 0.41375473 0
-4.91011 64.224098 374.09299 -0.82950795 0.47705436 0.29040611 0
-4.90837 37.327 396.724 -0.88174903 0.2186054 0.41800761 0
-4.9039798 30.1373 400.94199 -0.97000939 -0.034603398 0.24059182 0
-4.8934598 33.6805 399.19901 -0.79149055 0.32831919 0.51550871 0
-4.8896298 37.973202 396.478 -0.90846378 0.17478119 0.37966445 0
-4.8743 39.192501 395.84201 -0.85889882 0.28466997 0.42574152 0
-4.8722501 31.505699 400.418 -0.82880574 0.24526492 0.50291759 0
-4.8660002 37.0368 396.96799 -0.87342858 0.25002921 0.41786113 0
-4.8548899 65.002197 372.97 -0.84540564 0.52993625 -0.066759393 0
-4.8454399 35.087101 398.28101 -0.79872817 0.36201259 0.48060405 0
-4.84273 30.6619 400.86801 -0.86911726 0.17027779 0.46437126 0
-4.8311901 35.5928 397.94299 -0.79841781 0.34764415 0.49160206 0
-4.83007 62.835201 371.45599 -0.028279111 0.51889199 -0.85437196 0
-4.8277998 29.6127 401.31799 -0.96926737 0.064217947 0.23748009 0
-4.81112 36.042702 397.67999 -0.82937831 0.29805985 0.47253782 0
-4.8069601 38.441898 396.478 -0.88363743 0.23315507 0.4059847 0
-4.79844 64.587303 373.82001 -0.8245182 0.47778592 0.30313417 0
-4.7915502 64.709503 372.45001 -0.23069637 0.68549579 -0.69056118 0
-4.7887001 33.407799 396.67401 -0.45060247 -0.65759295 -0.60376233 0
-4.7788301 36.747002 392.66101 -0.44125956 -0.72501934 -0.52880716 0
-4.7554002 60.437401 370.276 -0.21564862 0.36438048 -0.90593737 0
-4.7530699 30.9625 400.86899 -0.84769243 0.22296254 0.48135769 0
-4.73769 64.110603 374.79599 -0.83518076 0.46662113 0.29109755 0
-4.73735 31.9769 398.242 -0.39861071 -0.67376262 -0.62221652 0
-4.7251201 38.839298 389.564 -0.42069298 -0.80958396 -0.40937907 0
-4.7161598 38.3209 390.483 -0.43241197 -0.74164593 -0.51281691 0
-4.7078099 32.308899 400.26199 -0.79158592 0.27575049 0.54530114 0
-4.69841 61.523998 370.72299 -0.13083746 0.44545424 -0.88569301 0
-4.6880102 36.4557 397.681 -0.8925035 0.2302815 0.38782457 0
-4.6862898 33.287701 399.745 -0.79643643 0.30576155 0.52172691 0
-4.6840901 35.685699 398.16599 -0.85369092 0.29626536 0.42829734 0
-4.68367 29.0868 401.84299 -0.91937834 0.20591299 0.3351765 0
-4.6816502 28.637501 401.991 -0.93312359 0.035759509 0.35777315 0
-4.6814699 37.037998 397.383 -0.89421463 0.20833783 0.3962014 0
-4.6384401 30.775499 399.45999 -0.52759272 -0.67549211 -0.51512754 0
-4.6377001 30.511999 401.28101 -0.84232277 0.21384971 0.49473292 0
-4.63205 34.460098 395.33899 -0.41859925 -0.68905509 -0.59158921 0
-4.61092 64.1492 375.08701 -0.83634734 0.45714277 0.30256176 0
-4.6050801 62.836399 371.435 -0.082262464 0.55011284 -0.8310287 0
-4.60149 65.039398 373.60999 -0.79571086 0.52888393 0.29517117 0
-4.59484 34.749001 398.95499 -0.83178627 0.29885137 0.46778142 0
-4.5676398 63.437698 371.82199 0.029436966 0.48624778 -0.87332499 0
-4.5673399 60.9613 370.42899 -0.20291047 0.39816108 -0.89459217 0
-4.5637202 30.010599 400.19101 -0.53735697 -0.65986627 -0.52518946 0
-4.5614901 33.8605 395.996 -0.41050845 -0.69503063 -0.59026712 0
-4.5405798 36.812599 397.841 -0.90903533 0.20217142 0.36439195 0
-4.5401001 29.686701 401.84299 -0.84252715 0.23071049 0.48674503 0
-4.52952 33.980598 399.556 -0.81848133 0.28591427 0.49833861 0
-4.5288 31.368 398.771 -0.37302044 -0.67750567 -0.63390988 0
-4.51893 35.086399 398.88 -0.86731893 0.24540566 0.43305185 0
-4.5144701 27.8876 402.59201 -0.95027542 0.098562241 0.29540154 0
-4.5107198 37.487202 397.569 -0.89152694 0.22323194 0.39414105 0
-4.4937801 29.3641 400.79901 -0.62506521 -0.63242966 -0.45752177 0
-4.4927802 62.218498 371.06201 -0.097545899 0.49912369 -0.86102283 0
-4.4664602 64.223396 375.349 -0.79196966 0.51626295 0.3259702 0
-4.4603 63.849899 375.91699 -0.83794367 0.44475949 0.31628999 0
-4.4556999 62.688599 371.319 -0.073529482 0.50015336 -0.86280936 0
-4.44594 64.106201 372.13901 0.032096688 0.40584144 -0.91337973 0
-4.4390302 32.463902 397.53101 -0.39431596 -0.67561048 -0.62294894 0
-4.4377699 64.552902 374.90399 -0.80865097 0.50547373 0.30096507 0
-4.4288602 36.548901 398.28 -0.90662777 0.21883273 0.36074686 0
-4.4112902 64.899696 374.375 -0.81599516 0.49766362 0.29407969 0
-4.3868399 28.638 402.595 -0.85693204 0.17731325 0.48397058 0
-4.38481 30.268101 401.78699 -0.80942291 0.26327071 0.52490294 0
-4.3804698 35.733799 398.82401 -0.90118217 0.19180724 0.38869092 0
-4.3750901 27.1378 403.19299 -0.99268907 0.062828198 0.10305848 0
-4.3468299 29.5844 402.18201 -0.82018334 0.25054148 0.51432312 0
-4.3427701 63.752899 371.996 0.016173329 0.43704179 -0.89929575 0
-4.3405399 31.6101 398.397 -0.37823051 -0.68555796 -0.62205464 0
-4.3384099 28.9366 402.51801 -0.83381152 0.25165746 0.49135211 0
-4.3376899 27.9419 403.00299 -0.8951593 0.1642798 0.41436934 0
-4.31323 34.522499 399.62701 -0.8468976 0.24660076 0.47111842 0
-4.3045802 33.361599 400.26801 -0.8277725 0.2621924 0.49603215 0
-4.2669101 65.0839 372.599 -0.21284139 0.6100421 -0.76324779 0
-4.2668099 29.861799 400.172 -0.37163323 -0.65041876 -0.66245317 0
-4.2641802 27.3046 403.397 -0.87081432 0.18817183 0.45417371 0
-4.2583199 34.785801 399.591 -0.88414788 0.21626738 0.41413873 0
-4.2533302 30.960899 401.616 -0.79279506 0.2771475 0.54283082 0
-4.2472601 34.111698 399.96799 -0.84496069 0.2559059 0.46963137 0
-4.24472 31.712099 401.24399 -0.80989289 0.26630637 0.52264178 0
-4.2420201 35.2761 399.37201 -0.89703506 0.19325128 0.39746952 0
-4.2316198 27.7563 403.26999 -0.82482338 0.20136981 0.52831483 0
-4.2267599 32.968601 400.60699 -0.81474864 0.26137233 0.51756072 0
-4.2237 65.614098 373.569 -0.78983885 0.57720315 0.20734292 0
-4.2183099 28.7125 402.819 -0.79929054 0.27236503 0.53567892 0
-4.2083402 34.944801 394.45999 -0.41637942 -0.69073725 -0.59119391 0
-4.2074099 26.164 403.94 -0.95073259 -0.10559995 0.29147246 0
-4.2041998 26.424999 403.86899 -0.88168997 0.13302849 0.45268783 0
-4.1928601 26.687599 403.79501 -0.87606168 0.17989652 0.4473848 0
-4.1907802 65.305 372.70499 -0.37279806 0.55598092 -0.74290431 0
-4.1846399 35.088001 399.595 -0.88414788 0.21626738 0.41413873 0
-4.1780601 27.0058 402.69601 -0.76900852 -0.48269901 -0.41907948 0
-4.1726298 65.101799 374.64401 -0.78637034 0.53404355 0.31051448 0
-4.1573601 29.3445 400.61301 -0.40403986 -0.64958876 -0.64403898 0
-4.1424398 34.523602 399.96701 -0.88391536 0.21428004 0.41566536 0
-4.1237898 25.412001 404.39301 -0.88822305 0.16928805 0.42708477 0
-4.1114702 30.0583 402.28601 -0.78545105 0.27445304 0.55474514 0
-4.1083398 64.673599 372.39301 -0.045073256 0.43515584 -0.89922625 0
-4.0812101 27.1369 403.793 -0.85079193 0.22819419 0.47337145 0
-4.05159 65.911003 373.194 -0.7600072 0.64111799 0.10656802 0
-4.04182 34.870499 400.02301 -0.88391536 0.21428004 0.41566536 0
-4.0416498 28.6385 401.17401 -0.46089876 -0.5963245 -0.65724385 0
-4.0387702 28.3431 401.40601 -0.42404291 -0.6012674 -0.67724818 0
-4.0349798 32.162899 401.32001 -0.83022994 0.23835504 0.50389004 0
-4.0333099 25.720501 403.71799 -0.67091101 -0.55372071 -0.4932259 0
-4.0183101 26.124201 404.35501 -0.87697953 0.18369384 0.44403097 0
-4.01724 28.609699 403.17599 -0.79503077 0.27612269 0.5400762 0
-4.0047102 62.948601 371.435 -0.065172113 0.57706368 -0.81409466 0
-3.9976399 27.0336 402.543 -0.53707469 -0.67590052 -0.50468731 0
-3.9942501 31.856899 397.927 -0.37377867 -0.69380319 -0.61557019 0
-3.98527 34.6553 394.64499 -0.38431507 -0.7142309 -0.58495826 0
-3.9754701 26.6868 404.168 -0.83915764 0.23555008 0.49023524 0
-3.97437 65.982399 373.56799 -0.79758745 0.59085447 0.1214298 0
-3.96786 63.5149 371.86099 -0.020276949 0.48165128 -0.87612838 0
-3.9677999 29.583401 400.27701 -0.37163323 -0.65041876 -0.66245317 0
-3.96772 63.961601 372.09299 -0.0045870277 0.41561615 -0.90952855 0
-3.95772 33.8498 400.64401 -0.87168115 0.21022236 0.44269463 0
-3.9570401 27.914801 403.62399 -0.80137372 0.23403136 0.55048114 0
-3.9488101 65.083099 372.59201 -0.08844085 0.64553887 -0.75858933 0
-3.9426301 29.3762 402.862 -0.78100109 0.29624611 0.54979593 0
-3.93135 61.790199 370.75 -0.14363986 0.48037547 -0.86522079 0
-3.9229801 32.536201 401.31699 -0.83136314 0.25494117 0.49380192 0
-3.9028101 27.2118 404.01801 -0.82975399 0.23446894 0.50649053 0
-3.8977301 26.0114 404.617 -0.86804479 0.18044962 0.46253231 0
-3.89574 30.658501 402.28601 -0.78620458 0.27644372 0.55268544 0
-3.89292 30.3713 399.46301 -0.34697384 -0.66944826 -0.65684718 0
-3.89136 29.914301 399.91901 -0.34771657 -0.65871441 -0.66722447 0
-3.8849699 27.6423 401.935 -0.48128358 -0.60320926 -0.63600689 0
-3.8847599 25.187201 404.99399 -0.84603995 0.23484689 0.4786056 0
-3.8828001 65.0672 375.37701 -0.77573806 0.53803635 0.32976872 0
-3.87677 33.502602 400.96201 -0.8667376 0.21477517 0.45015275 0
-3.8685701 65.771301 374.24799 -0.79941404 0.52630907 0.28971702 0
-3.8408401 26.4235 404.504 -0.86036867 0.21047963 0.46418107 0
-3.84003 31.562401 401.91901 -0.80716908 0.25479487 0.53250134 0
-3.8340399 28.2789 403.621 -0.78447855 0.28081974 0.55293185 0
-3.8229401 25.6922 404.87799 -0.81243134 0.23474239 0.53371465 0
-3.77964 62.382 371.05499 -0.3581982 0.51340371 -0.77981448 0
-3.77334 25.4505 405.07101 -0.816351 0.24402919 0.52346998 0
-3.7636099 24.286301 405.591 -0.91965967 0.25760528 0.29642132 0
-3.7575099 30.985201 398.74399 -0.35032594 -0.6837545 -0.64011836 0
-3.7429099 63.738499 371.98499 -0.097381406 0.45281059 -0.88627279 0
-3.7427499 66.363899 373.19299 -0.77577704 0.63097191 0.0066659879 0
-3.7379799 31.2614 402.21701 -0.81444502 0.24676499 0.52515364 0
-3.7239101 62.759701 371.30099 -0.049669355 0.594087 -0.80286586 0
-3.71192 66.282303 373.79199 -0.74488914 0.66255653 0.078479305 0
-3.7099099 30.3995 402.668 -0.78959739 0.25344172 0.55884093 0
-3.7065201 33.5518 395.81799 -0.3685607 -0.70160562 -0.60984635 0
-3.7030799 32.142399 401.879 -0.8448928 0.2158542 0.48945186 0
-3.6963799 34.156898 395.08301 -0.33212602 -0.72731537 -0.60058695 0
-3.6838601 32.876598 396.561 -0.40412599 -0.68694615 -0.60397607 0
-3.6661899 61.9338 370.76001 -0.074032165 0.26546729 -0.96127331 0
-3.6599901 25.8995 405.03101 -0.81243134 0.23474239 0.53371465 0
-3.6580701 24.8234 404.32901 -0.78459543 -0.42490581 -0.45151421 0
-3.6545501 24.249201 405.81799 -0.84736568 0.19058955 0.49562791 0
-3.6175499 28.861099 403.586 -0.7681573 0.30306229 0.56399256 0
-3.61654 24.7377 405.67001 -0.82934576 0.22891395 0.50969011 0
-3.6066201 32.4991 401.927 -0.87175798 0.16280632 0.46209541 0
-3.60572 25.139999 405.48099 -0.81468374 0.25993401 0.51838666 0
-3.5931799 63.589298 371.875 -0.097381406 0.45281059 -0.88627279 0
-3.59268 64.1875 372.17401 -0.11228953 0.43786007 -0.89200318 0
-3.5841801 66.387497 373.18201 -0.77577704 0.63097191 0.0066659879 0
-3.58355 66.514099 373.72 -0.74488914 0.66255653 0.078479305 0
-3.5633199 28.0546 404.082 -0.74666607 0.30814779 0.58952075 0
-3.5610399 29.9217 403.10001 -0.79744232 0.27149758 0.53886437 0
-3.5354199 25.413401 403.703 -0.48314297 -0.59432006 -0.64292812 0
-3.52279 28.254101 401.21201 -0.39197922 -0.59698898 -0.69996887 0
-3.5174799 32.167801 397.26901 -0.39033279 -0.70749366 -0.58914602 0
-3.5145099 24.140699 404.81601 -0.68590415 -0.6355285 -0.35445592 0
-3.50998 23.924299 404.98999 -0.53639758 -0.67459899 -0.50714284 0
-3.4937601 25.617399 405.40399 -0.78750616 0.27874914 0.54966623 0
-3.4791999 30.437401 402.96899 -0.81206989 0.23316279 0.53495574 0
-3.4751599 31.524599 402.51901 -0.85774601 0.16362266 0.48733911 0
-3.46696 24.8521 405.82401 -0.7856347 0.26598796 0.55859512 0
-3.4430201 24.3902 406.08099 -0.82773525 0.21784841 0.51710391 0
-3.4370899 66.4814 374.15302 -0.77533853 0.54834843 0.31331152 0
-3.40785 27.0112 402.21701 -0.47315297 -0.59501195 -0.64968228 0
-3.3978701 31.805799 402.556 -0.86132461 0.15927958 0.4824416 0
-3.39568 62.9683 371.43799 -0.055178456 0.60765547 -0.79228163 0
-3.3840101 27.378 404.651 -0.76202536 0.2991389 0.57431114 0
-3.3814199 65.914001 375.14499 -0.77096844 0.54147822 0.33527452 0
-3.36658 23.086 406.78799 -0.94659048 0.05424561 0.31784245 0
-3.36448 62.363602 370.948 -0.34404719 0.41377401 -0.84286571 0
-3.33916 26.685801 405.07599 -0.78290641 0.28424376 0.55341041 0
-3.3099301 30.7362 403.116 -0.83748442 0.18693285 0.5134939 0
-3.30777 24.7166 404.215 -0.4173429 -0.6002385 -0.68230391 0
-3.2897 31.204399 398.24899 -0.33858195 -0.70367658 -0.62466109 0
-3.24172 26.040501 402.97299 -0.40714845 -0.60491014 -0.68433464 0
-3.21964 31.655899 402.96899 -0.89517903 0.13288699 0.42543575 0
-3.21751 64.557198 372.30499 -0.04545673 0.49900094 -0.86540842 0
-3.21332 66.549004 374.543 -0.77087188 0.52807814 0.35621625 0
-3.21193 29.096701 400.32101 -0.3553254 -0.6366666 -0.68439722 0
-3.19823 63.7346 371.89099 -0.10435771 0.45879126 -0.88239449 0
-3.1886401 27.9632 404.59299 -0.75034279 0.29943615 0.5893417 0
-3.1837499 23.8218 406.72601 -0.83985984 0.18302679 0.5110153 0
-3.14258 30.349199 399.10501 -0.33099532 -0.67099404 -0.66348255 0
-3.1361499 29.9484 403.716 -0.83852762 0.19384642 0.50921017 0
-3.1252899 22.263 407.46899 -0.855147 -0.10340879 0.50796676 0
-3.12518 67.0243 374.01401 -0.77919894 0.58215076 0.23227027 0
-3.1235199 65.202103 372.702 0.026105152 0.46021974 -0.88742113 0
-3.1229 26.1222 405.664 -0.77797395 0.28406593 0.5604133 0
-3.1227 67.0896 373.79501 -0.75889498 0.62086314 0.1964875 0
-3.1217301 25.3741 406.043 -0.77754045 0.2802904 0.56291044 0
-3.11921 30.436899 403.56799 -0.86115652 0.15391678 0.48447815 0
-3.1041999 65.842102 373.00601 0.051300872 0.37884489 -0.92403722 0
-3.1024201 28.376301 404.47198 -0.75057089 0.306692 0.58530623 0
-3.09356 29.535999 403.94101 -0.87103587 0.15045154 0.46761185 0
-3.0682099 29.847601 399.57001 -0.33904693 -0.65163326 -0.67854351 0
-3.0673001 64.9021 372.53201 0.029517161 0.50107992 -0.86489749 0
-3.0606899 22.9727 407.314 -0.79321969 0.2353421 0.56161964 0
-3.00686 28.767401 404.392 -0.83849478 0.21553688 0.50047016 0
-3.0037601 29.311501 404.16699 -0.86557168 0.16302274 0.47350737 0
-2.99809 24.604401 406.59399 -0.77873594 0.28185108 0.56047326 0
-2.9930201 21.9611 407.76199 -0.94538957 -0.024687536 0.32500622 0
-2.98739 22.2244 406.69199 -0.72940123 -0.59825927 -0.33175248 0
-2.9861701 30.061199 403.94101 -0.87272149 0.15938771 0.46146807 0
-2.9819 27.9811 404.84399 -0.80737305 0.31825584 0.49685204 0
-2.95082 23.003599 405.93799 -0.59317774 -0.5694508 -0.56909221 0
-2.94717 25.137899 403.612 -0.43386084 -0.60546803 -0.66721302 0
-2.9361801 67.073402 374.36499 -0.74047524 0.61115026 0.27962795 0
-2.92507 66.553902 375.146 -0.77092171 0.53410852 0.34699833 0
-2.9192801 22.770599 406.11401 -0.56353182 -0.55975914 -0.60753733 0
-2.91798 23.510799 405.12601 -0.38294742 -0.6956256 -0.60782921 0
-2.91573 29.087 404.39301 -0.87184054 0.16301945 0.46186444 0
-2.9108901 27.794399 401.25299 -0.37817913 -0.60260135 -0.70274615 0
-2.8759201 23.6549 404.922 -0.38294742 -0.6956256 -0.60782921 0
-2.82409 66.547501 373.26599 0.04579496 0.46926981 -0.88186657 0
-2.81511 66.371696 375.72 -0.77776414 0.54361188 0.31554577 0
-2.80124 28.6364 404.767 -0.82501417 0.26373294 0.49979654 0
-2.8000801 23.601999 407.37299 -0.78503126 0.26716286 0.55888271 0
-2.7678599 65.990097 373.08099 -0.0051213638 0.35696742 -0.93410277 0
-2.7676899 66.2118 373.15601 -0.0051213638 0.35696742 -0.93410277 0
-2.76265 22.4307 407.918 -0.79253727 0.21781929 0.56959581 0
-2.76073 21.436701 407.39899 -0.66064322 -0.72688657 -0.18758063 0
-2.7317801 30.675301 398.56799 -0.34037814 -0.68548465 -0.64362532 0
-2.7114799 64.001297 371.98001 -0.015924003 0.51892674 -0.85467041 0
-2.6924701 30.1401 399.10501 -0.32769021 -0.67067868 -0.66543913 0
-2.6777899 27.4361 405.59201 -0.90306157 0.18390636 0.38814718 0
-2.67433 66.989403 375.052 -0.77715588 0.52653891 0.34465277 0
-2.6698201 29.3568 399.82401 -0.34567475 -0.62575197 -0.69924492 0
-2.65168 24.2861 407.242 -0.78871709 0.27660519 0.54901266 0
-2.62234 23.0882 407.84601 -0.78317744 0.24054547 0.57338554 0
-2.6191499 25.3414 406.746 -0.79330236 0.26853889 0.54640478 0
-2.6177001 64.7117 372.42801 0.035098553 0.52215618 -0.85212737 0
-2.58813 21.641199 408.43701 -0.79654282 0.20581506 0.56847131 0
-2.5755 26.724199 406.11801 -0.88633806 0.17287527 0.42955676 0
-2.5702 27.961 405.51599 -0.90847665 0.18325906 0.37561455 0
-2.5565 28.374399 405.36801 -0.91830015 0.10516126 0.38166207 0
-2.5522499 25.242901 403.259 -0.43452859 -0.5991196 -0.67248839 0
-2.54422 20.9044 407.992 -0.72106606 -0.60722011 -0.33368778 0
-2.5434201 23.076599 405.36801 -0.50566721 -0.68877202 -0.51951301 0
-2.5422201 67.668999 373.79401 -0.15145248 0.58137232 -0.7994175 0
-2.5132201 24.3936 403.98801 -0.42899752 -0.63966507 -0.63780069 0
-2.5069499 27.286301 405.96701 -0.88859999 0.17287302 0.42485881 0
-2.5062101 67.729301 374.168 -0.28446832 0.95868272 0.0022772159 0
-2.49369 25.8423 406.67899 -0.84471005 0.23897642 0.47891042 0
-2.4861801 65.363503 372.79401 0.0039460263 0.43854859 -0.89869881 0
-2.4807701 21.0975 408.77399 -0.76757991 0.21914034 0.60232764 0
-2.4677501 64.939301 372.578 0.025389146 0.48106593 -0.87631667 0
-2.46697 21.923401 406.569 -0.51170123 -0.64021653 -0.57296133 0
-2.4605501 22.2705 408.38501 -0.80693907 0.20051616 0.55555612 0
-2.44909 67.487297 374.806 -0.77899182 0.54348218 0.31272814 0
-2.43116 24.6805 407.35501 -0.83085942 0.24741025 0.49845836 0
-2.4158001 23.911501 407.767 -0.79613936 0.25630057 0.54815334 0
-2.41166 26.686701 406.418 -0.88633806 0.17287527 0.42955676 0
-2.3959501 26.3305 406.60501 -0.85718453 0.22076902 0.46529105 0
-2.3938601 20.3113 409.18799 -0.93794298 -0.03362358 0.34515563 0
-2.3583801 21.136 407.50201 -0.52332592 -0.71565193 -0.46257138 0
-2.3570199 23.5061 404.772 -0.38512617 -0.65677124 -0.64832813 0
-2.3367701 26.245899 402.228 -0.4288682 -0.59802538 -0.67708027 0
-2.3350301 23.6868 407.99301 -0.81006718 0.24792337 0.5313428 0
-2.33301 25.130301 407.28 -0.8611244 0.21198297 0.46209085 0
-2.3183801 22.8955 405.38699 -0.54350489 -0.63303882 -0.55123883 0
-2.3168001 67.553902 373.755 -0.15145248 0.58137232 -0.7994175 0
-2.3143699 67.045799 375.81799 -0.77786952 0.53244323 0.33380106 0
-2.30686 20.421301 408.452 -0.76188183 -0.60549861 -0.23001634 0
-2.2964101 20.7987 409.116 -0.78003603 0.20384137 0.59160161 0
-2.2842801 24.0243 407.918 -0.85461766 0.17165497 0.4900645 0
-2.27982 22.7491 408.461 -0.81933486 0.20431 0.53567511 0
-2.25945 26.518101 406.793 -0.91100639 0.13692625 0.38899687 0
-2.24575 19.409599 409.78799 -0.93878055 0.1845517 0.29091537 0
-2.2421501 23.2535 404.94901 -0.39152125 -0.66479617 -0.63620532 0
-2.2399099 19.7257 409.19601 -0.76233399 -0.52279103 -0.38149235 0
-2.2258501 25.7868 407.168 -0.83978164 0.23353486 0.49013081 0
-2.2248499 23.902599 404.29501 -0.40240416 -0.65892798 -0.63551933 0
-2.21984 67.786797 374.862 -0.75182289 0.63038337 0.19333678 0
-2.2049899 67.035896 373.513 -0.029754456 0.43031824 -0.90218675 0
-2.19526 19.935801 409.64099 -0.92384285 0.057187699 0.37847587 0
-2.1947701 22.490299 405.729 -0.43786681 -0.65193695 -0.61907262 0
-2.1863301 65.718399 372.94601 0.0024995701 0.398545 -0.91714537 0
-2.1733601 21.1646 409.13599 -0.78215402 0.18311045 0.59557176 0
-2.1712 23.1439 408.483 -0.8592844 0.17602059 0.4802573 0
-2.1679399 64.819 372.50699 0.02697299 0.47702485 -0.87847579 0
-2.16769 66.1726 373.14001 -0.00042968235 0.37583998 -0.9266845 0
-2.1661501 26.086599 407.168 -0.89609665 0.15986608 0.41406962 0
-2.12692 22.1166 406.07901 -0.4416545 -0.67066121 -0.5959487 0
-2.11112 23.4245 408.48099 -0.87254447 0.16954911 0.45816949 0
-2.08567 20.2047 408.52499 -0.60331243 -0.7178604 -0.34740546 0
-2.06776 24.7421 403.35901 -0.44760358 -0.5968861 -0.66586637 0
-2.0627201 24.887699 407.92001 -0.8809827 0.20125073 0.42821449 0
-2.03508 18.438801 410.38501 -0.97496092 -0.014771228 0.22188522 0
-2.0193601 21.6243 406.58499 -0.43779528 -0.70604944 -0.55662328 0
-2.0156 22.598801 405.48401 -0.43786681 -0.65193695 -0.61907262 0
-2.0128901 19.334299 410.237 -0.87125599 0.10370573 0.47974795 0
-2.0044401 20.0312 409.86899 -0.87939197 0.28254345 0.38319573 0
-1.98792 18.5956 409.785 -0.82431352 -0.45544982 -0.33626285 0
-1.98725 18.661301 410.46201 -0.97496092 -0.014771228 0.22188522 0
-1.98637 19.0347 410.38699 -0.87092239 0.11412437 0.47798517 0
-1.9803801 21.981001 409.15701 -0.84925169 0.15313923 0.50529194 0
-1.97799 24.212999 403.797 -0.42851233 -0.64245439 -0.63531846 0
-1.9636 22.7106 409.00101 -0.85728878 0.14534895 0.49389237 0
-1.93986 24.436501 408.42401 -0.88774306 0.1988949 0.41515431 0
-1.92109 20.5881 407.86499 -0.46440116 -0.70553404 -0.53530669 0
-1.90189 68.299797 374.76501 -0.73610234 0.6720503 -0.080633551 0
-1.89002 24.136299 408.66699 -0.88532144 0.16412392 0.43505087 0
-1.88913 23.4631 408.897 -0.87756193 0.15050274 0.45522961 0
-1.88197 21.0249 409.57001 -0.79123586 0.1734992 0.58638197 0
-1.8697799 20.688299 409.72101 -0.78914249 0.24286918 0.56415308 0
-1.86779 64.782997 372.5 -0.003647872 0.45636284 -0.8897863 0
-1.86766 67.787804 373.909 0.0060569472 0.63693434 -0.77089423 0
-1.8674999 65.200996 372.71899 -0.0042550447 0.47378138 -0.88063222 0
-1.85387 17.840799 410.689 -0.97748947 0.015480666 0.21041536 0
-1.84035 21.8496 409.41901 -0.83520991 0.12959482 0.53444326 0
-1.81043 68.232101 375.06601 -0.72341251 0.64875835 0.23619258 0
-1.80726 18.062099 410.76599 -0.94305795 -0.072482295 0.32463527 0
-1.79347 67.034401 373.53699 0.12765145 0.41070366 -0.90278882 0
-1.7789299 23.420601 404.53299 -0.37414712 -0.66864306 -0.6425966 0
-1.7758501 23.8743 409.005 -0.86466098 0.14629047 0.48058346 0
-1.7655801 23.8353 404.073 -0.39344013 -0.67620754 -0.62285489 0
-1.75617 18.8391 410.70901 -0.75419378 0.14979167 0.63933885 0
-1.75173 19.8755 408.672 -0.47314975 -0.66603488 -0.57665139 0
-1.74339 21.3431 409.67999 -0.8291263 0.13634296 0.54218096 0
-1.73965 68.015503 375.58301 -0.73881745 0.58588386 0.33299989 0
-1.73408 22.420601 409.491 -0.85679322 0.13436501 0.49784678 0
-1.72267 17.538799 410.99301 -0.87268293 0.027208479 0.48752865 0
-1.7183501 18.924 409.448 -0.52712494 -0.39127609 -0.75434893 0
-1.6829 17.331699 410.92099 -0.9137308 -0.029521439 0.4052462 0
-1.67802 19.339399 409.177 -0.42153025 -0.50004554 -0.75648314 0
-1.64292 64.788101 372.51099 -0.056042776 0.44748643 -0.89253294 0
-1.63749 18.305799 410.95599 -0.83107823 0.065395497 0.55229735 0
-1.63379 18.058001 409.94 -0.4110913 -0.6083883 -0.67887235 0
-1.63218 21.9993 409.77399 -0.86755079 0.091033064 0.48894647 0
-1.61508 20.292601 410.28 -0.77652889 0.25017229 0.57828772 0
-1.5946701 67.568497 376.69299 -0.75470287 0.5653981 0.332789 0
-1.56804 67.785301 373.939 0.10607246 0.50754857 -0.85506904 0
-1.56784 65.384804 372.82401 -0.052719817 0.54815602 -0.83471286 0
-1.56104 20.1378 408.151 -0.46555728 -0.70871842 -0.53007036 0
-1.55046 24.287001 409.26801 -0.81758606 0.18848723 0.54408234 0
-1.53863 20.8111 407.26401 -0.42296878 -0.71800965 -0.55277437 0
-1.51165 21.225201 406.70901 -0.41057715 -0.71956599 -0.56004566 0
-1.4972399 67.898804 376.33401 -0.72799969 0.60116565 0.32956994 0
-1.49511 22.3097 405.431 -0.43257108 -0.65628147 -0.61820459 0
-1.46681 19.299299 410.87399 -0.71866655 0.27233931 0.63980442 0
-1.4640599 16.716999 411.59201 -0.87667608 0.06162506 0.47711778 0
-1.4518501 17.5926 411.479 -0.85555881 0.16673976 0.49011931 0
-1.44611 17.2369 411.59201 -0.91049433 0.092153654 0.40312251 0
-1.4427299 22.989201 409.79999 -0.84115452 0.15887113 0.51693237 0
-1.42077 18.031601 411.371 -0.85460144 0.13792548 0.50063252 0
-1.42023 20.687 410.39301 -0.79340923 0.14906965 0.59015256 0
-1.41943 23.2344 404.504 -0.4266617 -0.62473607 -0.6539607 0
-1.41642 65.007896 372.59601 -0.095682219 0.47559035 -0.8744477 0
-1.41631 18.138901 409.75601 -0.38071749 -0.58839339 -0.71333539 0
-1.41336 67.312599 373.74301 0.14637789 0.42440534 -0.89356232 0
-1.40791 23.93 409.603 -0.81290007 0.19282362 0.54955667 0
-1.4011101 19.8036 410.742 -0.60809755 0.34226361 0.71629113 0
-1.39537 68.514 375.40399 -0.68541592 0.64034718 0.34664178 0
-1.37687 19.190701 409.08801 -0.48446733 -0.51988775 -0.70356816 0
-1.3697799 21.6894 406.01599 -0.42776534 -0.68802196 -0.58621043 0
-1.3310699 67.570602 377.28 -0.74857426 0.56983042 0.3390131 0
-1.32368 21.286699 410.39001 -0.76175606 0.16127947 0.62746841 0
-1.27713 22.6759 410.20801 -0.83066732 0.17172632 0.52962428 0
-1.2705899 17.6399 411.76199 -0.84572685 0.15737721 0.5098809 0
-1.26862 16.936399 411.965 -0.87667608 0.06162506 0.47711778 0
-1.26648 66.589203 373.47 0.16621129 0.41962573 -0.89234972 0
-1.26302 22.185699 410.384 -0.79523152 0.075638831 0.60156924 0
-1.25869 16.637199 412.039 -0.87262136 -0.025049031 0.48775452 0
-1.24956 65.720001 373.02499 -0.061276402 0.55484319 -0.82969528 0
-1.24742 19.037701 411.22 -0.69500571 0.34221154 0.63234347 0
-1.24519 68.865601 374.99399 -0.73560679 0.66953087 0.1030101 0
-1.23131 21.7181 410.466 -0.65972739 0.0068370784 0.7514739 0
-1.2309 23.371901 404.245 -0.40524697 -0.66647995 -0.62576306 0
-1.2262501 20.8379 410.534 -0.57549882 0.059787199 0.81561428 0
-1.21593 23.7992 409.905 -0.78220731 0.21300693 0.58547401 0
-1.1899199 68.198502 376.465 -0.71585774 0.61904198 0.32300889 0
-1.16541 16.4874 412.19101 -0.84947777 -0.016304139 0.52737242 0
-1.15591 65.086403 372.57599 0.079912879 0.38152561 -0.92089748 0
-1.15466 19.993 410.884 -0.58274388 0.3700929 0.72349209 0
-1.11939 16.936701 412.19199 -0.81938785 0.092254691 0.56576729 0
-1.11883 23.312201 410.207 -0.80843967 0.18917817 0.55734813 0
-1.1178499 18.211599 409.57999 -0.28928992 -0.58227438 -0.75978148 0
-1.11575 18.8894 409.12299 -0.41488439 -0.51123077 -0.7526713 0
-1.1157399 19.2645 408.88501 -0.49126041 -0.55274165 -0.67315668 0
-1.10598 17.837 411.96899 -0.8341943 0.16205584 0.5271222 0
-1.0876499 17.7024 410.03601 -0.29472327 -0.65502197 -0.69576174 0
-1.07895 65.378601 372.806 -0.061276402 0.55484319 -0.82969528 0
-1.0404201 18.9797 411.479 -0.70226222 0.41960585 0.57511628 0
-1.03579 68.955399 375.255 -0.73560679 0.66953087 0.1030101 0
-0.96747202 68.532303 374.332 0.021472653 0.4572162 -0.88909632 0
-0.96746099 65.988403 373.19901 0.0093758423 0.48451969 -0.87473011 0
-0.96744198 67.150002 373.76099 0.11324776 0.39292863 -0.91256893 0
-0.96639597 17.9897 409.70801 -0.29472327 -0.65502197 -0.69576174 0
-0.954651 16.124001 411.56201 -0.7715531 -0.47153431 -0.42703772 0
-0.940418 17.093 410.60999 -0.39867944 -0.66628975 -0.63016874 0
-0.93671799 19.939899 407.88501 -0.4230544 -0.69150144 -0.58553457 0
-0.906551 16.487101 412.56799 -0.82395446 -0.010274146 0.56656289 0
-0.86502498 67.616203 373.96201 0.10948928 0.36901417 -0.92295212 0
-0.856327 20.8328 406.754 -0.40172151 -0.72234005 -0.56288958 0
-0.85342801 19.4137 408.48801 -0.45084354 -0.6760745 -0.58280641 0
-0.85026598 16.8622 412.58801 -0.81498921 0.099363841 0.57089353 0
-0.81420499 16.342699 411.233 -0.52061355 -0.57842737 -0.62799942 0
-0.77975798 69.330101 374.99399 -0.75351292 0.65336221 0.073048495 0
-0.75849199 17.434299 412.60901 -0.82204401 0.11876345 0.5569011 0
-0.74300802 21.811899 410.96899 -0.56290323 -0.18809836 0.80483472 0
-0.74079102 21.513399 410.81699 -0.56776267 -0.210603 0.79579639 0
-0.73936498 68.384903 377.09698 -0.70225269 0.62729418 0.33666489 0
-0.73405099 18.7369 412.043 -0.78767735 0.39506412 0.47274595 0
-0.73082697 18.5874 412.194 -0.8874464 0.27843747 0.36730295 0
-0.72774899 19.259899 411.66501 -0.71897459 0.41505483 0.55749893 0
-0.71847498 19.559999 411.46301 -0.71849132 0.4071013 0.56394929 0
-0.71025503 69.277496 375.29001 -0.68130076 0.68589008 0.25570306 0
-0.70582598 68.383499 374.28101 0.0056518572 0.44177011 -0.89711046 0
-0.69900501 20.0086 411.18399 -0.64143819 0.39653885 0.65674502 0
-0.669209 20.4636 410.923 -0.5608536 0.37090001 0.74018675 0
-0.66774702 66.585197 373.53799 0.026516406 0.46208751 -0.88643783 0
-0.62968397 20.187799 407.39401 -0.38376477 -0.71002257 -0.59041727 0
-0.620956 18.0243 412.71799 -0.84408534 0.14820258 0.51532125 0
-0.618496 15.8874 413.013 -0.84822088 -0.019344682 0.52928925 0
-0.59392202 15.6616 411.81699 -0.63615936 -0.63453925 -0.43893197 0
-0.59148401 19.634899 411.55899 -0.78595138 0.35502893 0.50619644 0
-0.59046602 21.6721 410.979 -0.78686064 -0.2623255 0.5586015 0
-0.58951199 68.940804 376.27499 -0.69630545 0.64689738 0.31093812 0
-0.58664697 69.5075 374.99701 -0.68130076 0.68589008 0.25570306 0
-0.58410603 19.129101 411.966 -0.8550241 0.34594733 0.38633436 0
-0.57498199 18.436001 412.67801 -0.85448378 0.20359021 0.47792104 0
-0.57181901 16.528799 410.96799 -0.33892703 -0.64262545 -0.68713969 0
-0.55594599 18.5483 409.07199 -0.36953858 -0.58852321 -0.71908391 0
-0.51554102 19.218399 408.44601 -0.45809588 -0.59807575 -0.65761203 0
-0.497192 18.8507 412.513 -0.88804638 0.31615657 0.33379436 0
-0.479664 18.804399 408.84201 -0.45520774 -0.59271562 -0.66443515 0
-0.442673 17.435101 410.01801 -0.31853771 -0.6824584 -0.65786344 0
-0.43509701 69.646301 374.996 -0.70156091 0.66866469 0.24637328 0
-0.43412399 15.2551 412.19901 -0.53187114 -0.73135102 -0.42689437 0
-0.386841 66.251503 373.328 -0.0095527209 0.47579584 -0.87950391 0
-0.38638699 69.485397 375.595 -0.71018934 0.66310549 0.23647867 0
-0.36824 65.913002 373.10699 -0.012784854 0.31917596 -0.94760925 0
-0.36783999 16.914499 410.52701 -0.3138279 -0.65440905 -0.68793958 0
-0.367607 66.884804 373.694 0.017557969 0.4623667 -0.88651496 0
-0.36636001 16.226999 411.13101 -0.32032433 -0.61059773 -0.72426701 0
-0.35028499 17.4618 413.16699 -0.80220121 0.087479897 0.59061021 0
-0.29306 68.160202 374.22198 0.053877756 0.37391898 -0.92589515 0
-0.28779599 20.912001 410.99301 -0.7532779 0.084229201 0.65228665 0
-0.287422 19.431299 412.569 -0.91078264 0.28286839 0.30076644 0
-0.28587699 19.7038 412.03699 -0.85594982 0.38020679 0.35041791 0
-0.272064 16.674 413.39099 -0.79750085 0.097686648 0.59535682 0
-0.231148 18.773001 413.11301 -0.81171477 0.19447885 0.55072415 0
-0.22437701 18.184099 413.23199 -0.78454471 0.12284566 0.60778165 0
-0.20733599 15.6729 411.53799 -0.399492 -0.62504148 -0.67061859 0
-0.19481701 18.087601 409.26501 -0.34660602 -0.60673374 -0.71535891 0
-0.182045 15.9617 413.63501 -0.82068497 0.06056479 0.56816202 0
-0.179249 68.915298 374.56601 -0.07631629 0.52641213 -0.84679759 0
-0.163113 20.3859 411.59201 -0.80763334 0.39029512 0.44203857 0
-0.12502301 19.6436 407.70401 -0.39776927 -0.68506247 -0.61030239 0
-0.117222 20.162001 412.11801 -0.96821278 0.202373 0.14700054 0
-0.11692 17.752701 413.431 -0.77012759 0.10770614 0.62873119 0
-0.0871429 14.3871 413.99399 -0.91532671 0.044284295 0.40026984 0
-0.067802399 67.114502 373.802 -0.026739033 0.45794353 -0.88857907 0
-0.056648299 14.8368 413.95499 -0.84626776 0.10694528 0.52191341 0
-0.0443344 15.4371 413.88101 -0.82694888 0.065801539 0.55841351 0
-0.0268059 69.952103 375.44501 -0.71722132 0.64965779 0.25206813 0
-0.0245781 14.0871 414.14401 -0.89352053 0.028476516 0.44811845 0
-0.0131645 13.492 414.14301 -0.84788018 -0.28293854 0.44838041 0
-0.0115585 67.597298 374.013 0.017618405 0.39830905 -0.91708207 0
-0.0066871601 69.883797 375.66699 -0.71722132 0.64965779 0.25206813 0
0.0082397498 15.9997 413.88199 -0.78890175 0.10211447 0.60597575 0
0.0083198501 66.580597 373.483 -0.046003476 0.50219071 -0.86353236 0
0.0131073 14.5582 412.647 -0.558357 -0.62300038 -0.54782116 0
0.087696098 15.1494 411.871 -0.41892809 -0.6807518 -0.60089618 0
0.087810501 17.477699 409.70801 -0.34381929 -0.66437149 -0.66362554 0
0.101154 13.9438 413.233 -0.48696876 -0.66595238 -0.56512725 0
0.105015 14.0117 414.366 -0.87532556 0.041606802 0.48174065 0
0.116184 13.6368 414.439 -0.91120827 -0.0043638316 0.4119229 0
0.117828 14.481 414.29501 -0.82527781 0.10966133 0.55397737 0
0.118637 18.634701 413.51999 -0.72412014 0.15828249 0.67126501 0
0.121677 15.8714 411.19901 -0.33416912 -0.59493297 -0.73101693 0
0.15730301 69.885101 376.061 -0.72446322 0.640239 0.25543502 0
0.199699 69.0821 377.668 -0.68239367 0.63042754 0.36999997 0
0.20958699 17.175699 413.90701 -0.76277196 0.10496679 0.63809162 0
0.232201 68.986298 374.63901 -0.007661738 0.4700073 -0.88262928 0
0.25064799 16.1488 410.93701 -0.34386647 -0.5935601 -0.72762781 0
0.27388 15.3048 414.345 -0.79841942 0.10539095 0.59280622 0
0.30124301 17.981899 413.85101 -0.72857213 0.13301104 0.67193055 0
0.335655 15.4358 411.457 -0.37020406 -0.60066074 -0.70862943 0
0.379215 16.406401 410.65701 -0.36339357 -0.60825545 -0.70567018 0
0.38243499 67.937599 374.16299 0.015046374 0.37796834 -0.92569625 0
0.41400501 16.0455 414.383 -0.77775651 0.12775496 0.61544573 0
0.42009401 13.412 414.96799 -0.84250486 0.069599591 0.53417361 0
0.46103299 17.0536 409.95001 -0.35679379 -0.67110676 -0.64985687 0
0.476051 67.598198 374.01999 0.00048194829 0.42081779 -0.90714502 0
0.49354899 14.2088 412.73801 -0.33749801 -0.67024159 -0.6609624 0
0.49481601 67.0373 373.74399 0.0033230239 0.28701761 -0.95791954 0
0.49531901 69.438698 374.86499 0.1256289 0.35534728 -0.92625356 0
0.50218201 14.48 414.853 -0.80422968 0.16128473 0.57201558 0
0.503281 14.7199 412.13501 -0.36964434 -0.71143931 -0.59767646 0
0.51470202 12.887 415.19299 -0.90846944 -0.17940871 0.3774862 0
0.532139 69.736099 374.98001 -0.39672714 0.39761549 -0.82735091 0
0.539433 13.9044 415.035 -0.82446635 0.12507564 0.55191606 0
0.54122901 70.631599 375.59299 -0.77340502 0.56964272 0.27812207 0
0.59377301 70.556702 375.81601 -0.77340502 0.56964272 0.27812207 0
0.60757101 70.111801 375.12399 -0.37023684 0.41114524 -0.83299714 0
0.64059103 70.739098 375.44501 -0.94894058 0.30919862 -0.062513821 0
0.647888 12.8885 413.92999 -0.39102924 -0.69987845 -0.59771752 0
0.65361398 13.6635 413.20801 -0.33941683 -0.65727556 -0.67289305 0
0.65391499 70.464104 376.10699 -0.71503472 0.62370479 0.31578103 0
0.665371 14.4426 415.078 -0.78319013 0.15717214 0.60158974 0
0.68572199 12.6827 414.14999 -0.63887852 -0.73711866 -0.22020508 0
0.68708801 17.171499 414.46301 -0.73983383 0.14448264 0.65709257 0
0.75117099 14.0473 412.78 -0.32238492 -0.67780316 -0.66079563 0
0.75776702 16.376301 410.47601 -0.38349038 -0.61904919 -0.68535626 0
0.76290101 69.941002 377.25201 -0.71491957 0.61395878 0.33458123 0
0.77761799 13.2471 413.54199 -0.25949031 -0.66919029 -0.69631112 0
0.83209598 67.186401 373.82401 0.1881915 0.19146681 -0.96328831 0
0.83224899 68.087303 374.237 -0.031030547 0.41676813 -0.90848303 0
0.83235902 69.587402 374.95801 0.074868999 0.367856 -0.92686385 0
0.85866201 12.6619 415.71799 -0.8058514 0.072771706 0.58762896 0
0.86715299 16.0331 410.715 -0.39729926 -0.59502274 -0.69864243 0
0.88629502 12.287 415.79501 -0.90503901 -0.098012485 0.41388154 0
0.91616398 11.9949 415.04999 -0.56048834 -0.64516526 -0.51924425 0
0.91950202 71.110298 375.57501 -0.60492653 0.77326804 0.19005381 0
0.942505 14.643 411.965 -0.38166162 -0.70064247 -0.60285527 0
0.96428698 15.1184 415.26901 -0.76129371 0.17340118 0.62479115 0
0.97112697 13.6039 415.65201 -0.77170908 0.14729227 0.61868411 0
0.99769598 70.597702 376.586 -0.72122389 0.60166043 0.34327948 0
1.0161 15.1137 411.38501 -0.3868306 -0.67090845 -0.63264835 0
1.05616 13.8312 412.866 -0.30621922 -0.67231691 -0.6739583 0
1.0762399 68.422203 374.388 -0.032411687 0.43787137 -0.89845318 0
1.12238 12.0238 416.16199 -0.82903033 0.037218187 0.55796367 0
1.1319 67.789001 374.08801 -0.023540037 0.41854519 -0.90789086 0
1.14432 11.5412 416.245 -0.82811755 0.022294533 0.56011093 0
1.15332 71.011902 376.19299 -0.70696688 0.6145885 0.34996966 0
1.16409 13.1032 416.00201 -0.76641357 0.13406514 0.62820125 0
1.19802 12.2146 414.59299 -0.27876428 -0.784473 -0.55397886 0
1.20706 11.5531 415.54901 -0.69066906 -0.6968624 -0.19328476 0
1.2075599 14.4098 415.73499 -0.74978977 0.15966541 0.64212328 0
1.28482 12.1553 416.353 -0.77764255 0.10549511 0.61979264 0
1.3240499 13.8491 412.72601 -0.33024317 -0.77235889 -0.54258746 0
1.3372101 12.6904 416.30099 -0.76635212 0.12640098 0.62986284 0
1.35604 13.2785 413.33401 -0.25145754 -0.71366704 -0.65379548 0
1.36892 14.6453 411.65302 -0.41530895 -0.69839424 -0.58289278 0
1.37253 69.887604 378.57501 -0.71705514 0.60121977 0.3526566 0
1.39737 71.353996 376.04199 -0.74885392 0.66125745 0.044231091 0
1.43222 70.071899 375.172 0.018838225 0.37904653 -0.92518586 0
1.43241 14.889 411.354 -0.37298203 -0.63608974 -0.67548072 0
1.43835 15.2328 411.03699 -0.37642717 -0.62032855 -0.68810982 0
1.44127 13.7485 416.164 -0.74389964 0.15662479 0.64967841 0
1.46972 68.839302 374.58401 -0.036617801 0.4714092 -0.88115406 0
1.51025 71.294502 375.59 -0.010412105 0.69861895 -0.71541816 0
1.53046 71.476501 376.116 -0.83883047 0.53864825 0.078876868 0
1.54889 11.8764 414.966 -0.20449939 -0.79290986 -0.57399821 0
1.56784 11.2821 415.70499 -0.40046433 -0.83298105 -0.38179952 0
1.5830801 68.383598 374.327 -0.12377421 0.50451916 -0.85448253 0
1.58331 12.6466 413.92899 -0.19868155 -0.73635513 -0.64676642 0
1.58497 13.7588 412.685 -0.32755753 -0.77111882 -0.54596877 0
1.59156 12.3417 416.668 -0.74993396 0.13956302 0.64662296 0
1.6114 12.3706 414.26901 -0.15304804 -0.77048904 -0.61880767 0
1.6151201 71.331497 376.60599 -0.72850358 0.6082949 0.31505525 0
1.63032 11.0872 416.991 -0.77504545 -0.090133533 0.62544423 0
1.63468 70.843201 377.478 -0.73328376 0.58218479 0.35122046 0
1.70231 11.7101 416.92599 -0.7321676 0.15254961 0.6638217 0
1.7052 14.066 412.15701 -0.37129647 -0.75485057 -0.54068434 0
1.73252 69.356201 374.841 0.011976777 0.43365782 -0.90099806 0
1.73259 70.638397 375.38 0.00216202 0.32641894 -0.94522274 0
1.73851 71.682297 376.267 -0.76076853 0.56864536 0.31284773 0
1.75317 11.3485 417.06699 -0.73996019 0.088746406 0.66677058 0
1.79698 14.799 416.31601 -0.80982131 0.12290262 0.57365876 0
1.8074501 68.985001 374.64999 -0.12223243 0.51530945 -0.84824252 0
1.80817 12.8023 413.715 -0.21316612 -0.73497337 -0.64371914 0
1.81072 14.5371 416.39401 -0.77285808 0.16389406 0.61304909 0
1.86743 14.4571 411.526 -0.39914745 -0.71662337 -0.57195479 0
1.87103 12.8307 416.862 -0.75354946 0.15541278 0.63875669 0
1.87132 71.903397 376.19299 -0.75133497 0.58718854 0.3011733 0
1.88232 13.5986 412.71799 -0.36254436 -0.77104503 -0.52349895 0
1.88483 10.8127 416.24799 -0.34644493 -0.85761291 -0.38009995 0
1.99579 13.7112 416.802 -0.76413906 0.13014817 0.63178551 0
2.00687 71.559799 377.077 -0.7438243 0.5700264 0.34899178 0
2.0092399 11.4309 415.388 -0.20972547 -0.76561183 -0.60815603 0
2.0288999 71.904602 376.564 -0.74303693 0.58279741 0.32900345 0
2.03234 70.637703 375.38599 -0.017501585 0.325932 -0.9452312 0
2.0323601 68.309196 374.216 0.084964342 -0.047181349 -0.99526626 0
2.0452099 11.7061 417.29599 -0.73532796 0.14046225 0.66299558 0
2.0513599 13.364 412.944 -0.26766989 -0.74583608 -0.60998476 0
2.0903299 12.5337 413.96301 -0.18306495 -0.76967829 -0.61162293 0
2.0922899 10.5617 417.59698 -0.89914531 -0.09718436 0.42672342 0
2.11761 11.8889 414.784 -0.19740382 -0.76636302 -0.61132598 0
2.14485 69.247002 374.78601 -0.033633985 0.49241027 -0.86971307 0
2.1561899 14.5368 416.84299 -0.81168932 0.092098363 0.57678276 0
2.16641 11.3128 417.52301 -0.75282031 0.14268695 0.64257449 0
2.1756999 13.9181 416.99301 -0.81950319 0.10510486 0.56335378 0
2.2012 70.035896 375.14999 -0.019087471 0.37690464 -0.92605537 0
2.2582099 72.375 376.194 -0.69656062 0.66512489 0.26909512 0
2.25927 68.600998 374.30701 0.031770859 0.46958807 -0.88231379 0
2.2699201 14.2747 417.07001 -0.84910333 0.12378266 0.51351857 0
2.27388 71.089897 378.40302 -0.7277655 0.58464748 0.35853124 0
2.2761099 69.681 374.99899 0.0014683087 0.41470787 -0.90995342 0
2.2804899 13.3741 417.254 -0.8420698 0.081469461 0.53318024 0
2.29457 72.162003 376.698 -0.6669572 0.67366332 0.31834859 0
2.32758 12.043 417.55499 -0.77051067 0.1225113 0.62554318 0
2.35144 12.6992 417.479 -0.81695729 0.09683682 0.56850976 0
2.3548 11.0309 417.819 -0.77770245 0.15187638 0.61001021 0
2.37165 12.8975 413.397 -0.26716554 -0.75170302 -0.60296357 0
2.3858399 10.6356 417.961 -0.78430599 0.080065511 0.61518586 0
2.3902099 11.6312 417.70801 -0.7700876 0.13914181 0.62257898 0
2.40571 12.1646 414.345 -0.24471174 -0.7641446 -0.59682429 0
2.44051 71.985901 377.29901 -0.71523207 0.60622752 0.3477518 0
2.4449601 71.797997 377.61801 -0.71185452 0.61008 0.34794471 0
2.4700999 10.3375 418.117 -0.97099239 0.059478387 0.2315948 0
2.4760399 72.405998 376.56601 -0.5842877 0.76775229 0.26299116 0
2.4825201 71.647797 375.70901 -0.16492932 0.50088674 -0.8496533 0
2.5120101 10.1125 418.19101 -0.88521093 -0.1493901 0.44054991 0
2.5590501 72.583504 376.19501 -0.5842877 0.76775229 0.26299116 0
2.5632 13.1206 412.992 -0.33282781 -0.7755478 -0.53642452 0
2.5664799 10.9369 418.11801 -0.83424294 0.13207479 0.53534561 0
2.57512 13.5428 417.72198 -0.86620378 0.07306987 0.49431956 0
2.5760701 69.399803 374.86899 -0.0038634522 0.49115452 -0.87106389 0
2.5820899 11.6871 417.96899 -0.84166861 0.12044433 0.52639067 0
2.5982499 13.112 417.819 -0.85896635 0.073484346 0.50673157 0
2.6319399 68.907501 374.54401 0.12020376 0.49448591 -0.86083376 0
2.6594701 72.022003 377.673 -0.67919803 0.6408065 0.35785064 0
2.6705 10.7647 416.01999 -0.28690803 -0.73521328 -0.6141215 0
2.67309 9.9678297 417.522 -0.32034263 -0.94107443 0.10844155 0
2.6884501 71.349998 375.60699 -0.04730415 0.32714593 -0.94378912 0
2.70753 11.4332 415.15601 -0.26711893 -0.75959098 -0.59301686 0
2.71701 70.991699 375.48401 -0.047877416 0.3244586 -0.94468743 0
2.7274699 11.9562 414.483 -0.2671116 -0.74393308 -0.61254793 0
2.74001 12.4371 418.15701 -0.86515796 0.061156712 0.49775648 0
2.7544501 69.752098 375.017 -0.017979803 0.36604273 -0.93042433 0
2.78233 12.3603 413.918 -0.30450353 -0.76551741 -0.56679869 0
2.7835 72.664299 376.56799 -0.5819689 0.80072981 0.14192939 0
2.7918799 70.570297 375.32901 -0.05517251 0.33315954 -0.94125485 0
2.7983899 9.7421503 418.63901 -0.82055193 -0.21830697 0.52823913 0
2.80408 13.0179 418.20901 -0.86649507 0.071588457 0.49402568 0
2.81549 72.4151 377.242 -0.68044156 0.66611546 0.3054333 0
2.8199301 10.9371 415.71899 -0.40697327 -0.70892859 -0.57601476 0
2.8327301 71.348099 379.108 -0.72707397 0.58775496 0.35483453 0
2.8383 10.3372 418.68201 -0.85074323 0.060299724 0.522111 0
2.8432701 10.2137 416.871 -0.31471357 -0.85533404 -0.41153255 0
2.87076 71.573799 378.81799 -0.71859634 0.60318553 0.34610185 0
2.8908999 12.0617 418.491 -0.87728685 0.070911959 0.4746992 0
2.89727 10.9743 418.67001 -0.86711705 0.085895665 0.4906424 0
2.90362 9.5214996 418.78601 -0.93075448 -0.20224974 0.30461633 0
2.9189899 71.974197 378.224 -0.66824883 0.64775175 0.36587042 0
2.9560699 11.462 418.70001 -0.87663299 0.076756634 0.47499797 0
2.9637001 10.7025 418.849 -0.87671441 0.079348855 0.47442138 0
2.9823301 10.1399 418.95999 -0.86949283 0.03998613 0.49232441 0
3.04708 11.7835 414.522 -0.33395651 -0.75618804 -0.56271905 0
3.07971 72.5495 377.48801 -0.67823654 0.66571939 0.31114766 0
3.08181 72.864403 376.793 -0.6821264 0.72294617 0.10978355 0
3.0840099 71.861397 378.70599 -0.67590863 0.64131427 0.36313012 0
3.0842299 9.7434797 417.67099 -0.31689045 -0.83782768 -0.44455057 0
3.08444 10.8182 415.68399 -0.39462295 -0.72692811 -0.56200379 0
3.1430199 10.665 419.186 -0.86783576 0.066039853 0.49244267 0
3.1572499 11.4891 414.81799 -0.42058054 -0.71492404 -0.55856574 0
3.1573901 70.993103 375.44699 -0.091260545 0.32227924 -0.94223541 0
3.1574099 70.167099 375.16199 -0.061004099 0.34346831 -0.93718088 0
3.1696999 9.2108402 418.64801 -0.62724245 -0.7587564 -0.1756576 0
3.19139 11.8836 419.073 -0.86703557 0.084571183 0.49101636 0
3.20821 9.2524796 419.31601 -0.87908 -0.19337916 0.43568671 0
3.2144699 11.2019 415.12 -0.44591746 -0.6959483 -0.56286192 0
3.23242 71.985298 375.79999 -0.019692322 0.3331686 -0.94266158 0
3.23264 9.5277205 417.96899 -0.59179801 -0.73604709 -0.32864851 0
3.2371199 10.0557 419.39301 -0.85726464 0.016468722 0.51461256 0
3.25963 10.2033 416.57999 -0.34381059 -0.84723288 -0.40495774 0
3.27916 11.3585 419.31601 -0.86117876 0.077606037 0.50234294 0
3.2899499 9.7967596 417.40799 -0.34112695 -0.84161597 -0.4187063 0
3.29231 12.4556 419.16699 -0.85476142 0.086840704 0.51170456 0
3.30777 72.587097 376.008 -0.090315096 0.34310329 -0.93494564 0
3.3443899 69.509697 374.92401 -0.028946942 0.28669241 -0.95758528 0
3.35408 70.506104 375.26199 -0.12512238 0.34354925 -0.93076223 0
3.35447 10.7214 419.52499 -0.83694285 0.054778941 0.5445419 0
3.3654399 10.3713 416.11401 -0.43216434 -0.7875334 -0.43934625 0
3.3864501 9.6807098 419.655 -0.86759156 -0.0012820895 0.49727577 0
3.4393899 9.2871504 419.767 -0.86524558 -0.011599357 0.50121415 0
3.44765 73.249496 376.71899 -0.71134597 0.70189667 -0.036440846 0
3.4921899 8.98874 419.841 -0.90146518 -0.16200405 0.4013916 0
3.52618 12.3721 419.534 -0.81349033 0.092857659 0.57411754 0
3.5294399 73.102898 377.284 -0.67818713 0.6771403 0.28555775 0
3.53216 69.661102 374.96399 -0.11570448 0.22584762 -0.96726692 0
3.5352099 10.5599 415.647 -0.42274439 -0.7855497 -0.45188361 0
3.5420499 11.1241 419.76501 -0.83499676 0.061442368 0.54681379 0
3.5474899 11.6494 419.69299 -0.81625789 0.10047598 0.56888276 0
3.5506201 72.595596 378.24301 -0.66304642 0.65360916 0.36491707 0
3.6020999 9.4183397 419.99399 -0.82529998 0.010108491 0.56460404 0
3.6040101 8.76402 419.991 -0.83810908 -0.31105116 0.44812986 0
3.6150301 73.125603 376.19699 0.053100672 0.60027319 -0.79803032 0
3.6233101 10.5245 419.927 -0.82172716 0.035994343 0.56874329 0
3.6438601 9.78475 417.10501 -0.39444184 -0.82472903 -0.4052625 0
3.6621399 9.3686504 417.92899 -0.38543251 -0.83759242 -0.38714424 0
3.6812699 8.9923401 418.67999 -0.53388768 -0.79054689 -0.29999927 0
3.6819999 70.637802 375.263 -0.15947802 0.35252604 -0.92211288 0
3.71944 69.8871 374.99701 0.022270182 0.078558072 -0.99666077 0
3.72294 10.1463 416.26599 -0.36796495 -0.83398098 -0.4111903 0
3.79457 9.8927002 416.74899 -0.37416998 -0.82821804 -0.41719508 0
3.79493 72.435997 375.987 -0.017386785 0.33694768 -0.9413628 0
3.8322899 71.875099 375.745 -0.050634269 0.40076175 -0.91478205 0
3.83529 10.3235 415.797 -0.37474686 -0.81280202 -0.44600189 0
3.8517499 71.355598 375.50299 -0.11123187 0.37680572 -0.91958952 0
3.90832 70.185799 375.03299 -0.20747454 0.31115371 -0.92743611 0
3.9103401 8.5818796 419.32101 -0.56135523 -0.77722985 -0.28424299 0
3.93419 9.20224 420.47699 -0.79569876 0.061927266 0.60251844 0
3.9451799 9.00529 418.41901 -0.36906621 -0.83806604 -0.40179023 0
3.9651501 9.8493204 420.44199 -0.79841006 0.053963359 0.59969103 0
3.96805 11.8324 420.19101 -0.77448773 0.10402215 0.62397772 0
3.9721701 10.4868 420.40399 -0.78604722 0.070663862 0.61411428 0
3.9751101 9.42801 417.474 -0.40234137 -0.82293952 -0.40111336 0
3.9816 8.53685 420.59698 -0.96047664 0.22198102 0.16795552 0
3.98948 73.523399 377.37299 -0.6635142 0.67667049 0.31916448 0
4.0015898 73.200302 377.99899 -0.65323281 0.6669541 0.35841185 0
4.01685 8.2314701 419.996 -0.63217795 -0.76770765 -0.10476644 0
4.1188002 11.1996 420.48099 -0.77426672 0.095469989 0.62561691 0
4.1400499 8.5010595 420.815 -0.81155151 0.047956835 0.58230942 0
4.2250199 71.654198 375.60699 -0.092617467 0.40609565 -0.90912503 0
4.2660899 9.5238504 416.996 -0.39217275 -0.81248122 -0.43136391 0
4.2821202 70.712303 375.17401 -0.15567924 0.39803082 -0.90406609 0
4.3243299 8.9118299 421.004 -0.7852357 0.057737187 0.61649925 0
4.3397598 9.0510902 417.89899 -0.39302841 -0.83958662 -0.37499726 0
4.3579102 9.35252 421.005 -0.79150707 0.057231706 0.60847443 0
4.4045 73.165901 376.19601 -0.036566611 0.33526349 -0.94141454 0
4.4328399 72.397797 375.918 -0.10395582 0.37411442 -0.92153764 0
4.4330602 9.8324804 416.30099 -0.34232542 -0.83664858 -0.42758909 0
4.4372602 74.000397 377.241 -0.64054465 0.67135048 0.3728151 0
4.4616899 10.3838 421.02399 -0.79404598 0.10370828 0.59894538 0
4.4700198 73.684303 377.918 -0.6249541 0.69275928 0.35988468 0
4.4892101 73.595299 376.34201 -0.29029068 0.48072875 -0.82742447 0
4.54741 74.381699 376.79401 -0.61031532 0.75862205 0.22805206 0
4.55937 73.156799 379.065 -0.65123641 0.66795975 0.36016789 0
4.5796599 8.4310198 419.09 -0.31842604 -0.86579704 -0.38600564 0
4.5832701 71.307198 375.40302 -0.089545116 0.40450013 -0.91014355 0
4.5964899 11.0311 421.08301 -0.79373109 0.094813883 0.60083383 0
4.6005998 8.9871597 421.34601 -0.7937206 0.064121313 0.60489339 0
4.6585598 74.462898 376.793 -0.54231155 0.81770253 0.19303058 0
4.69383 8.0133801 419.88 -0.31840506 -0.89477587 -0.31304049 0
4.7330198 9.0372601 417.51901 -0.37745088 -0.83989525 -0.39000872 0
4.7354598 10.8246 421.30701 -0.8165741 0.10303632 0.56797028 0
4.7430601 8.7795801 418.13901 -0.36501396 -0.85432035 -0.37000203 0
4.7495298 9.4559402 421.51401 -0.80885154 0.029806405 0.58725697 0
4.8041401 74.257698 377.358 -0.61044115 0.68540335 0.39696828 0
4.8137999 74.298599 376.599 -0.1982327 0.45585626 -0.86769748 0
4.8257098 73.752602 376.38599 -0.13373148 0.41475558 -0.90005207 0
4.8461099 8.8559303 421.702 -0.84064001 0.042705379 0.53990799 0
4.85638 8.0868301 421.79599 -0.85516745 -0.069284238 0.51370066 0
4.9264798 10.3277 421.681 -0.83535951 0.083265245 0.54336125 0
4.95717 74.608498 376.793 -0.52787399 0.84851795 0.036964051 0
4.9572001 71.383301 375.42099 0.079924755 0.28132904 -0.95627713 0
4.9763298 71.779297 375.57199 -0.067779668 0.3880102 -0.91915941 0
5.0192199 74.504097 377.245 -0.50900722 0.79010487 0.34153479 0
5.0320501 73.300201 376.198 -0.10053311 0.35116765 -0.93089974 0
5.0324202 72.136703 375.71799 -0.093372457 0.36805132 -0.92510527 0
5.0331302 7.8881202 419.91901 -0.22595954 -0.91426849 -0.33623716 0
5.0345602 7.6907902 420.521 -0.25188878 -0.93633062 -0.24461594 0
5.0362401 9.6622105 421.94601 -0.84961629 0.054463115 0.52458167 0
5.0700302 8.5372801 422.09601 -0.85396647 0.05181561 0.51774156 0
5.0735002 74.341301 377.677 -0.62765676 0.6996451 0.34138495 0
5.1085601 8.1174603 419.32001 -0.28524008 -0.87069303 -0.40066415 0
5.18154 73.8498 378.89401 -0.65206707 0.67843771 0.33842403 0
5.18995 9.1368799 422.242 -0.85055548 0.045438308 0.52391863 0
5.1964002 8.0871601 422.358 -0.8508991 0.016035039 0.52508444 0
5.2561102 8.8776999 417.423 -0.32204077 -0.86066949 -0.39438275 0
5.3112001 10.3414 422.33499 -0.84863067 0.051584553 0.52646464 0
5.3169999 8.4992399 422.513 -0.84815782 0.052250825 0.52716053 0
5.3309598 73.190102 376.112 -0.12391495 0.35326779 -0.92727935 0
5.3607001 74.504997 377.90201 -0.660671 0.66234195 0.35329443 0
5.4180102 7.2904601 422.39301 -0.49377605 -0.8661744 0.076987773 0
5.4635201 74.387604 376.57501 -0.15964635 0.65303904 -0.74030602 0
5.4640198 7.90521 419.61899 -0.13324746 -0.92952263 -0.34385002 0
5.4749498 9.6244001 422.655 -0.83315408 0.04865545 0.55089647 0
5.48276 8.0120201 419.319 -0.13733125 -0.92956811 -0.34211591 0
5.4882398 9.0992403 422.728 -0.8350631 0.051056325 0.54777992 0
5.4918399 7.7996202 419.93701 -0.11070047 -0.94379109 -0.3114543 0
5.5212498 72.695 375.888 -0.094775483 0.35642561 -0.92950439 0
5.5912299 75.054901 377.31799 -0.73708242 0.67161286 0.075137399 0
5.5959001 8.8180799 422.91699 -0.82239532 0.061911058 0.56553769 0
5.6068401 8.2557001 422.99301 -0.83238286 0.029909268 0.55339336 0
5.6182199 10.3206 422.79199 -0.80220681 0.062993713 0.59371376 0
5.6326098 7.6466298 420.36899 -0.11617831 -0.9502638 -0.28896591 0
5.6336899 71.909302 375.608 -0.059265539 0.35596284 -0.93261892 0
5.6343899 7.29457 421.72 -0.23340473 -0.95640719 -0.17552085 0
5.6370602 7.1639299 422.39401 -0.49377605 -0.8661744 0.076987773 0
5.6698399 7.4303498 421.11801 -0.067953087 -0.96265489 -0.26206481 0
5.6912799 73.441597 376.15399 -0.11355165 0.37384853 -0.9205125 0
5.6983199 8.2998104 418.47501 -0.19091778 -0.92354012 -0.33260199 0
5.7708502 74.916199 377.91 -0.67548037 0.6507926 0.34669194 0
5.77911 9.0619497 423.14301 -0.80801654 0.06718643 0.58531636 0
5.8186302 72.289803 375.71799 -0.16425823 0.32309297 -0.93200332 0
5.8214698 71.984398 375.595 -0.136751 0.2910715 -0.94687724 0
5.8586001 74.606796 378.724 -0.6688624 0.66825128 0.32567361 0
5.8879199 8.9869499 423.293 -0.79335701 0.06496954 0.60527974 0
5.8951602 7.9233098 423.409 -0.80720609 0.024190946 0.58977377 0
5.96942 75.286201 377.61499 -0.67610675 0.65159291 0.34395683 0
5.98949 7.2623601 423.59399 -0.97957891 -0.12095523 0.16060808 0
6.0167999 7.6001201 420.48199 -0.045734916 -0.95587474 -0.29019263 0
6.0261202 72.849403 375.88901 -0.11691099 0.3561286 -0.92709452 0
6.02668 7.2441502 421.729 -0.088242799 -0.97318804 -0.21241064 0
6.04286 74.118797 376.40399 -0.083931603 0.3775546 -0.92217571 0
6.0453901 7.1454902 422.17001 -0.26423103 -0.94150019 -0.20918736 0
6.0917702 7.8408198 419.67499 -0.063872717 -0.95871878 -0.27708948 0
6.1765099 7.9353299 419.28299 -0.094985403 -0.96715695 -0.23576508 0
6.1818399 75.175598 378.24399 -0.6724391 0.65456611 0.34549803 0
6.18822 9.9897499 423.56201 -0.78054541 0.076387599 0.6204142 0
6.2134199 7.4706702 420.87299 -0.040714506 -0.95909458 -0.28014269 0
6.2884998 74.987396 376.72501 -0.19894311 0.454862 -0.8680566 0
6.2947502 75.464996 377.91599 -0.65284777 0.67973524 0.33428997 0
6.30826 72.565598 375.724 -0.1239518 0.33557522 -0.93382293 0
6.3263998 8.0513697 418.79401 -0.16781053 -0.94450688 -0.2823939 0
6.3597898 8.7434902 423.91501 -0.77876878 0.065030746 0.62393123 0
6.4551702 7.73106 424.14001 -0.78189635 0.043968435 0.62185597 0
6.4619699 73.327904 376.03 -0.085941292 0.39600039 -0.9142198 0
6.54527 9.6057501 424.06201 -0.77165258 0.073761627 0.63175279 0
6.5504899 7.77425 419.879 -0.087306395 -0.9650985 -0.2469058 0
6.5721598 75.690598 378.00201 -0.65554762 0.67993444 0.32855204 0
6.5915799 75.9291 377.504 -0.68413907 0.68474215 0.25116125 0
6.6086702 6.6234798 423.89301 -0.59248137 -0.78928006 -0.16125382 0
6.61063 75.579597 376.90799 -0.29705307 0.63218993 -0.71560836 0
6.6268902 75.352699 378.76199 -0.65342528 0.67450559 0.3436242 0
6.6448498 7.4684801 420.83701 -0.06482932 -0.95264757 -0.29708543 0
6.6929898 7.31848 424.49399 -0.78873223 0.045409627 0.61305743 0
6.7344398 10.084 424.21301 -0.75987834 0.093315877 0.64333278 0
6.7378502 7.9074402 419.20401 -0.10715026 -0.96455735 -0.24113882 0
6.7575898 73.857399 376.24701 -0.07797274 0.38803253 -0.91834146 0
6.75843 76.115898 377.39301 -0.72984874 0.6172269 0.29385683 0
6.7772799 7.8245902 424.53201 -0.78725356 0.06327457 0.61337435 0
6.8132601 7.1873698 421.77399 -0.095178097 -0.95733589 -0.27285373 0
6.8323798 73.036201 375.86099 -0.09997423 0.40246829 -0.90995848 0
6.8327198 8.7991695 424.48999 -0.75408548 0.07294935 0.65271235 0
6.8329201 6.7449298 423.314 -0.27201474 -0.90868396 -0.31670398 0
6.8330598 7.5652599 420.483 -0.07481987 -0.94890285 -0.30657038 0
6.8332901 75.321198 376.78299 -0.12327771 0.46095151 -0.87882096 0
6.8361602 76.014999 377.84201 -0.65644276 0.69203138 0.30029231 0
6.84448 9.5124102 424.42099 -0.75458318 0.069054663 0.65256089 0
6.9071298 74.725502 376.57501 -0.049519107 0.35061643 -0.93520904 0
6.9795599 7.4635501 424.83099 -0.7560972 0.039206907 0.65328389 0
7.0011101 73.318497 375.996 0.13116065 0.29239771 -0.94725943 0
7.0581198 7.2287402 421.495 -0.14301088 -0.95095819 -0.27427441 0
7.0668201 7.0784798 422.07501 -0.15381064 -0.9546023 -0.2551015 0
7.06744 76.066101 378.18201 -0.65843332 0.67250276 0.33794311 0
7.0760398 6.8520799 422.88101 -0.16840425 -0.94440252 -0.28238964 0
7.0850401 75.786003 378.785 -0.66798013 0.66743428 0.32914132 0
7.20683 6.6167798 423.57401 -0.13749819 -0.95052469 -0.27856243 0
7.20789 7.5185599 420.48199 -0.12621224 -0.95180726 -0.27952364 0
7.2086902 7.3446298 421.047 -0.12358247 -0.95050758 -0.28506619 0
7.2369499 76.369797 377.90799 -0.66498506 0.63903022 0.38656849 0
7.26897 76.768303 377.396 -0.65318996 0.61602134 0.44029605 0
7.2882199 6.7375798 425.24301 -0.70893186 -0.26913145 0.65190786 0
7.3196998 6.8804898 422.63699 -0.17401649 -0.94307595 -0.28341842 0
7.4033399 8.0871401 425.23499 -0.74735856 0.093021981 0.65787697 0
7.4109602 9.0616798 425.10101 -0.73448235 0.1000284 0.6712153 0
7.4331002 76.185097 377.104 -0.34071907 0.28596196 -0.89562058 0
7.45752 6.9106598 425.439 -0.75013649 0.019681511 0.66099012 0
7.4978499 75.397499 376.793 -0.035810094 0.3670646 -0.92950588 0
7.5450001 6.4179301 424.11899 -0.128647 -0.96809691 -0.21503104 0
7.57301 74.667702 376.534 -0.058768921 0.33650801 -0.93984497 0
7.5798998 76.584198 378.18799 -0.67828155 0.65490383 0.33321926 0
7.58041 76.159897 379.077 -0.67658597 0.66191435 0.32264659 0
7.5842099 7.0596099 421.79599 -0.18964304 -0.9431957 -0.27279559 0
7.58886 7.27108 425.55899 -0.75013649 0.019681511 0.66099012 0
7.6567798 7.2170501 421.267 -0.16662692 -0.94344443 -0.28661478 0
7.7156501 76.930901 377.80301 -0.65137285 0.637703 0.4111549 0
7.7276502 76.251503 379.18799 -0.67658597 0.66191435 0.32264659 0
7.7318001 73.634903 376.151 0.30871537 0.1257721 -0.94280231 0
7.7322102 74.239502 376.38699 -0.089747064 0.32731929 -0.94064212 0
7.7460899 6.5509 425.76599 -0.7952742 -0.18479188 0.57740009 0
7.8066301 6.8232999 422.46701 -0.20527585 -0.94404989 -0.25813094 0
7.8261199 74.986504 376.63599 -0.064562827 0.33294973 -0.9407317 0
7.8316302 76.2258 379.45099 -0.67658597 0.66191435 0.32264659 0
7.83535 76.018799 377.02701 -0.049234647 0.27459109 -0.96029979 0
7.8443799 6.6308198 423.10501 -0.18668835 -0.94215959 -0.27835727 0
7.9068398 6.8687601 425.927 -0.73446095 0.023492312 0.67824423 0
7.9568501 75.477203 376.82901 -0.063367225 0.36325586 -0.92953205 0
7.9657998 77.085899 377.99301 -0.67783719 0.65422064 0.33545804 0
7.96945 6.3614202 425.99799 -0.73317194 -0.2063518 0.64797986 0
7.9952598 76.785797 377.15601 -0.27475467 0.31211555 -0.90944695 0
8.0313997 73.711502 376.18701 0.30451918 0.060601369 -0.95057642 0
8.0384398 76.8582 378.59299 -0.6789 0.65497452 0.33181801 0
8.0459003 6.6153598 426.08899 -0.72953981 -0.0058535612 0.68391335 0
8.0509996 6.2458901 424.681 -0.18005419 -0.96823114 -0.17351942 0
8.0820503 8.2001801 425.95999 -0.72698247 0.10917865 0.67792076 0
8.1073799 6.3302002 424.19299 -0.1364412 -0.97546208 -0.17279327 0
8.2203999 6.9397202 421.68201 -0.21357939 -0.93187922 -0.29323184 0
8.2213297 75.244797 376.67999 -0.068517722 0.36942959 -0.92672926 0
8.2573204 77.477203 377.39301 -0.31057447 0.93764108 0.15611771 0
8.25949 6.0434198 425.34 -0.43822533 -0.89727169 -0.05349851 0
8.2627296 76.828102 379.11899 -0.67238635 0.66262424 0.32988733 0
8.2723503 77.421303 377.95901 -0.70168686 0.68737775 0.18747641 0
8.3307104 7.50528 426.327 -0.72403669 0.078947008 0.68522859 0
8.3332796 6.4162102 423.51999 -0.16231395 -0.96201515 -0.21950169 0
8.3340502 74.306999 376.32999 0.32670704 0.35871547 -0.87440592 0
8.3888197 6.81072 421.98099 -0.21509883 -0.94900304 -0.23049027 0
8.4184599 77.3461 378.40399 -0.68954158 0.64207053 0.33507887 0
8.4421501 6.76963 426.509 -0.72196871 0.02951858 0.69129574 0
8.4450798 75.529404 376.79401 -0.057856344 0.37219426 -0.92634988 0
8.4451904 76.092003 377.00299 -0.054348428 0.29834905 -0.95290822 0
8.4811497 6.6714401 422.54199 -0.18379307 -0.95880067 -0.21661341 0
8.5219002 6.0005498 425.323 -0.15902463 -0.94515926 -0.28528088 0
8.5762796 76.655296 377.14801 -0.004095857 0.27100638 -0.96256882 0
8.6330099 6.3689299 423.51999 -0.048192274 -0.973566 -0.22326387 0
8.6331596 77.384697 377.37299 -0.15763797 0.98073512 -0.11536438 0
8.7221298 8.2955999 426.61099 -0.71473879 0.1100908 0.69067252 0
8.7415199 77.835999 378.14301 -0.70195818 0.62555283 0.34049726 0
8.7640696 6.2495799 424.11899 -0.12363771 -0.97880602 -0.16325583 0
8.7684603 6.5048599 422.98401 -0.068319328 -0.96872431 -0.23854914 0
8.87607 6.1542001 424.64301 -0.086440392 -0.97191268 -0.21889216 0
8.9157696 6.40907 427.04199 -0.74631703 0.026504939 0.66506267 0
8.9323702 74.986603 376.53799 -0.027002396 0.15383781 -0.98772711 0
8.9324303 75.5868 376.815 -0.037486251 0.39001277 -0.92004609 0
9.0266504 77.347198 377.31799 -0.05728557 0.27058685 -0.96098965 0
9.0569496 77.669701 379.121 -0.71155035 0.61187166 0.34541163 0
9.1293001 6.2098799 424.17499 -0.086193539 -0.970429 -0.22547334 0
9.1757202 6.0459099 424.905 -0.088514514 -0.96077347 -0.26282984 0
9.1920004 7.55685 427.20401 -0.71256304 0.086937487 0.69620097 0
9.1950302 74.986099 376.52802 0.038856149 0.15218171 -0.98758847 0
9.2326803 75.9599 376.92499 -0.12541179 0.30735365 -0.94329506 0
9.2330399 77.6838 377.39899 -0.12429954 0.46030891 -0.87901384 0
9.2994204 5.8953199 425.27499 -0.14497426 -0.93441761 -0.32534015 0
9.3665199 77.488503 380.07501 -0.68281919 0.64633185 0.34060687 0
9.3884001 78.253799 378.76501 -0.69829172 0.62189096 0.35445774 0
9.3907099 6.1932001 427.58301 -0.71752739 -0.073097065 0.69268405 0
9.3917398 6.3584099 423.51901 0.00012774291 -0.97056204 -0.24085119 0
9.4183998 75.589897 376.79501 -0.12384626 0.37834242 -0.9173435 0
9.4244003 78.693901 378.03201 -0.60174036 0.79550493 -0.071277104 0
9.4388399 5.75353 425.638 -0.12575163 -0.95109433 -0.28214565 0
9.4507103 78.492599 378.49399 -0.70678711 0.62439871 0.33253315 0
9.4549999 8.4250603 427.34698 -0.71272224 0.10595816 0.69339734 0
9.4622202 78.635002 377.82199 -0.52117568 0.85287952 -0.031183304 0
9.5326004 6.0328398 424.79401 -0.11839338 -0.93597114 -0.33157349 0
9.5504198 76.6763 377.09201 -0.13577393 0.27516785 -0.95176053 0
9.6090202 76.034103 376.90601 -0.20907143 0.31775799 -0.92483461 0
9.6093798 78.507103 377.63699 -0.19460309 0.6029802 -0.77365661 0
9.6831598 75.585403 376.703 -0.14912087 0.14214867 -0.97854829 0
9.7734203 78.581398 378.965 -0.68469465 0.63325053 0.36081439 0
9.8313398 76.639 377.04501 -0.16678542 0.28025407 -0.94532549 0
9.8319302 76.937897 377.134 -0.16235813 0.30412799 -0.93869376 0
9.8325901 6.0650101 424.60699 -0.14889885 -0.92499673 -0.34958568 0
9.8326902 5.6509199 425.80701 -0.10887604 -0.95718783 -0.26821163 0
9.8420601 78.962303 378.40201 -0.6852085 0.67474574 0.27423993 0
9.90839 5.84866 425.134 -0.1266574 -0.9378342 -0.32314852 0
9.9267197 77.497398 377.298 -0.075962193 0.32009307 -0.94433582 0
9.9399796 7.37888 427.98401 -0.70399636 0.087774783 0.70475864 0
9.9756804 78.621498 379.24799 -0.673765 0.63971996 0.3698636 0
10.0027 78.212097 379.98199 -0.6828143 0.63594037 0.35964498 0
10.029 5.3852901 427.17401 -0.14642256 -0.98678666 -0.069372401 0
10.0556 79.016098 378.70099 -0.64638519 0.67674839 0.35241708 0
10.0573 6.2568998 423.96799 -0.097741418 -0.94555008 -0.31045398 0
10.0647 5.3108301 427.79001 -0.19062567 -0.96192521 0.19586156 0
10.0658 79.2724 378.14301 0.2727358 0.90814328 0.31763333 0
10.0948 5.5622802 426.14301 -0.087794021 -0.97738004 -0.19240698 0
10.0964 76.034302 376.76901 -0.03629915 0.20605583 -0.97786677 0
10.1325 77.986504 377.45801 -0.061866172 0.31777388 -0.94614607 0
10.1394 6.2778001 428.28299 -0.68885577 0.012188562 0.724796 0
10.2072 6.1921802 424.11801 -0.14315604 -0.94458097 -0.29542026 0
10.235 76.9189 377.05899 -0.14865535 0.31787443 -0.93640667 0
10.282 5.4366102 426.78 -0.060329922 -0.97909522 -0.1942495 0
10.3381 79.0513 379.11301 -0.62927926 0.6841771 0.36865875 0
10.3573 78.436897 377.58499 -0.066884123 0.25918061 -0.96351022 0
10.3763 76.598999 376.92599 -0.11575045 0.32535616 -0.93848026 0
10.4137 5.60566 425.806 -0.039381012 -0.98277783 -0.18054602 0
10.4282 77.567299 377.26501 -0.094259158 0.33170974 -0.93866068 0
10.4338 79.106201 377.716 -0.44501364 0.32040775 -0.83624262 0
10.4881 5.9217801 424.67999 -0.16560052 -0.92394209 -0.34482968 0
10.5194 79.7752 377.99399 -0.55519873 0.82347608 0.11679696 0
10.5809 79.446404 378.72601 -0.60590684 0.72128582 0.33559451 0
10.583 5.3235002 427.15701 -0.07255172 -0.9789958 -0.19053458 0
10.608 5.9113798 428.797 -0.64833236 -0.094246909 0.75550157 0
10.6573 5.5450001 426.14301 -0.022813909 -0.98133695 -0.19093797 0
10.6574 79.872704 377.99301 -0.56532878 0.81758058 0.1093866 0
10.6576 5.7214699 425.16901 -0.10402757 -0.95969015 -0.26109967 0
10.6629 5.2104602 428.39099 -0.46548545 -0.88502389 -0.0074861799 0
10.6724 5.2925301 428.67999 -0.63079882 -0.39862877 0.66572362 0
10.7427 7.0650601 428.82199 -0.70300972 0.044570796 0.70978218 0
10.7511 79.742104 378.38699 -0.58551395 0.72358143 0.36551788 0
10.7606 5.2241998 427.737 -0.11364382 -0.9874562 -0.10961434 0
10.78 6.2871599 428.91299 -0.69227797 0.018390415 0.72139657 0
10.7998 75.965797 376.79001 0.67791814 -0.37560549 -0.63193947 0
10.8048 76.260101 376.793 0.00030420901 0.22976886 -0.9732452 0
10.8107 79.3862 379.267 -0.60136241 0.72120076 0.34384981 0
10.8376 79.621399 378.785 -0.61536849 0.71404433 0.33385968 0
10.8825 5.4193902 426.707 -0.038740959 -0.9705376 -0.23781475 0
10.9208 77.850098 377.341 -0.097911052 0.35547948 -0.92954171 0
10.9284 7.7704601 428.96899 -0.71572995 0.045058217 0.69692206 0
10.9587 79.775597 377.90201 -0.35757363 0.41676962 -0.83572972 0
10.9675 79.161301 379.98499 -0.63228923 0.69142085 0.34949613 0
11.0439 79.825996 378.728 -0.62671691 0.7121098 0.31642625 0
11.07 5.30832 427.121 -0.02401033 -0.97999656 -0.19756059 0
11.088 5.1582499 428.14001 -0.17424648 -0.9845897 0.014875671 0
11.0882 78.400101 377.52802 -0.11796991 0.26682964 -0.95649624 0
11.0884 6.2878499 429.216 -0.69700366 0.00078865606 0.71706712 0
11.1633 5.1815901 427.793 -0.04918519 -0.98556811 -0.16197626 0
11.1683 77.003098 377.01801 0.17689671 0.0050406009 -0.98421651 0
11.1683 5.67839 425.30899 -0.021076802 -0.9746145 -0.22289537 0
11.2109 78.987602 380.77802 -0.61158156 0.71184576 0.34531668 0
11.2198 5.5842099 425.84299 -0.040629633 -0.9850288 -0.16753353 0
11.2414 80.079002 378.59399 -0.6482861 0.7145918 0.26283762 0
11.2599 5.1224699 428.992 -0.49413082 -0.84012449 0.22366396 0
11.2665 5.51928 426.23599 -0.023405226 -0.97959358 -0.1996212 0
11.2713 5.4640999 429.534 -0.80268121 -0.11096765 0.58599412 0
11.28 80.9291 378.30301 -0.50505 0.68531597 0.52465844 0
11.2888 6.7746701 429.392 -0.71468341 0.040686417 0.69826376 0
11.3005 5.3283 429.569 -0.49413082 -0.84012449 0.22366396 0
11.3314 76.710403 376.939 0.43663186 -0.09191975 -0.89493203 0
11.3606 78.980499 377.60001 -0.12340415 0.23124321 -0.96503782 0
11.4262 80.383698 378.44101 -0.93968934 0.095621109 0.32839081 0
11.434 79.994698 379.17499 -0.6554023 0.68399453 0.32031116 0
11.4342 79.658501 377.77399 -0.15934478 0.27960408 -0.94680029 0
11.4505 79.832703 379.565 -0.63749474 0.69406331 0.33447948 0
11.473 5.38837 426.79999 -0.02838809 -0.97246999 -0.23129253 0
11.4776 6.1556802 429.63101 -0.70615971 0.088445075 0.7025069 0
11.4842 5.09584 428.245 -0.19435365 -0.9804163 -0.031789877 0
11.4885 5.1563201 429.552 -0.42264703 -0.86627007 0.26635623 0
11.5565 8.1620598 429.58801 -0.71008646 0.055649828 0.70191187 0
11.5575 78.436798 377.44501 -0.18295601 0.2471205 -0.95155585 0
11.5692 7.4025202 429.65302 -0.71343958 0.040930048 0.69952035 0
11.6321 77.799797 377.241 -0.15543056 0.28903216 -0.94461727 0
11.6508 78.137398 377.34201 -0.19170462 0.28820071 -0.93818426 0
11.679 5.48386 426.31201 -0.060450271 -0.98196739 -0.17912526 0
11.7087 5.0202498 428.91901 -0.26536113 -0.96371406 0.028960135 0
11.7104 79.789497 380.09201 -0.62736589 0.6834327 0.37327176 0
11.7258 80.523399 378.66699 -0.68014628 0.57876253 0.44992775 0
11.7633 5.2424502 427.36099 -0.04606289 -0.97505778 -0.21711873 0
11.7738 79.490097 380.73599 -0.62369263 0.69326437 0.36109841 0
11.7829 79.1856 377.59399 -0.071756467 0.26013228 -0.96290302 0
11.872 80.757896 378.55499 -0.68014628 0.57876253 0.44992775 0
11.9213 5.2378402 430.18701 -0.69196749 -0.18087986 0.69890159 0
11.9338 77.309402 377.039 0.18103914 -0.029479906 -0.98303396 0
11.9356 8.0496998 429.97699 -0.69967508 0.053686243 0.71244127 0
11.9639 5.8376698 430.168 -0.71893084 -0.014913155 0.69492161 0
11.9733 81.060204 378.453 -0.88569963 0.46329293 0.029929459 0
12.003 7.36515 430.08899 -0.69037801 0.049726024 0.72173786 0
12.0069 4.9723902 428.78699 -0.16269417 -0.98086256 -0.10695457 0
12.0075 5.3265901 426.95001 -0.069542497 -0.97379971 -0.21651322 0
12.05 80.916801 378.599 -0.78309906 0.45598134 0.42289108 0
12.0821 5.4389 426.36801 -0.07607384 -0.9805584 -0.18088132 0
12.0898 80.662201 379.09698 -0.65680784 0.66001242 0.36467397 0
12.1093 4.9103599 430.19299 -0.69094574 -0.4218455 0.58706081 0
12.1581 80.439598 379.64499 -0.63200825 0.68333298 0.36554286 0
12.2125 81.4272 378.57599 -0.55219841 0.71168989 0.43425149 0
12.2324 79.073997 377.54001 -0.095317341 0.34738562 -0.93286538 0
12.2329 77.986099 377.159 -0.1963432 0.2787582 -0.94007617 0
12.2696 5.2053499 427.36099 -0.086861119 -0.96364945 -0.2526556 0
12.3091 4.7963901 430.19299 -0.69094574 -0.4218455 0.58706081 0
12.3188 6.1279302 430.48499 -0.67797375 0.064220957 0.73227543 0
12.3263 78.342796 377.26801 -0.17226249 0.32270649 -0.93069124 0
12.3445 4.8586102 429.36801 -0.22830713 -0.97258532 -0.044200417 0
12.3759 5.0402598 427.97299 -0.1266786 -0.97595811 -0.17736493 0
12.3824 80.236397 377.871 -0.028936639 0.21245152 -0.97674304 0
12.4029 6.7462001 430.51501 -0.67675346 0.058193434 0.73390621 0
12.4069 80.124199 380.64099 -0.63606489 0.68040437 0.36396611 0
12.4255 5.6587801 430.642 -0.68542057 0.066365384 0.72511673 0
12.4574 81.062798 377.98401 -0.52412248 0.24056813 -0.81695938 0
12.4638 81.057297 379.039 -0.60995525 0.51880598 0.59899491 0
12.4692 4.74017 430.48801 -0.64250112 -0.48988485 0.58924115 0
12.5323 79.637199 377.70099 -0.029088024 0.27094936 -0.96215403 0
12.5323 80.912598 377.97198 -0.0038591397 0.22170597 -0.97510594 0
12.5323 79.637199 377.70099 -0.029088024 0.27094936 -0.96215403 0
12.5323 80.912598 377.97198 -0.0038591397 0.22170597 -0.97510594 0
12.5341 7.56179 430.55899 -0.67192632 0.059759591 0.73820311 0
12.5594 5.1623998 430.80301 -0.72705531 -0.10524847 0.678464 0
12.5887 4.8252802 430.71301 -0.64250112 -0.48988485 0.58924115 0
12.6683 80.602501 377.93201 -0.035931829 0.14733627 -0.9884336 0
12.6816 81.181602 379.15601 -0.49295744 0.68990982 0.53011072 0
12.6825 81.0998 377.99301 0.15520969 0.31744522 -0.93548834 0
12.7603 80.998596 379.642 -0.63184518 0.68558699 0.36158285 0
12.8163 5.5367498 430.996 -0.64428306 0.063089833 0.76218045 0
12.832 79.638603 377.698 -0.086228341 0.28215978 -0.95548445 0
12.8504 5.2574501 426.98499 -0.060745787 -0.95377141 -0.29432988 0
12.9078 4.7237501 429.58499 -0.20315421 -0.96841806 -0.14455026 0
12.9478 6.1556702 431.05301 -0.64750534 0.078699559 0.75798625 0
12.9777 81.4095 379.23401 -0.62961578 0.68863189 0.35968056 0
12.9927 78.772598 377.30801 -0.15892491 0.36234093 -0.91839641 0
13.0577 4.8210001 428.806 -0.16451396 -0.97201222 -0.16771233 0
13.058 4.4666901 430.793 -0.39193788 -0.91607189 0.084834762 0
13.0748 4.7156 431.36801 -0.77741861 -0.38284028 0.49905267 0
13.0796 81.812401 378.59399 -0.32782 0.93542933 -0.13231044 0
13.0936 81.650497 378.96899 -0.66542315 0.67107499 0.32691041 0
13.1188 5.0404401 431.289 -0.59302437 0.1396461 0.7929824 0
13.1323 78.512001 377.18799 0.039661247 -0.024337433 -0.99891675 0
13.1325 80.236504 377.841 -0.083487503 0.25743604 -0.96268195 0
13.1703 5.01439 427.72 -0.094926022 -0.96109051 -0.25941098 0
13.1715 4.5715299 430.082 -0.26214141 -0.94967699 -0.17145121 0
13.2098 4.4372501 430.71899 -0.54905915 -0.83528179 0.028953692 0
13.2271 5.5369201 431.32599 -0.616023 0.054782297 0.78582096 0
13.2341 81.042198 380.39899 -0.63665068 0.68385261 0.35640076 0
13.2356 4.9292002 428.03699 -0.10241602 -0.97409338 -0.20162612 0
13.283 81.585503 378.12201 -0.06364923 0.73081511 -0.67960137 0
13.3194 81.682098 379.34399 -0.65469337 0.68379641 0.32217863 0
13.361 82.100197 378.591 -0.59132671 0.80454755 -0.055099148 0
13.3914 6.9998798 431.34 -0.63536555 0.074593186 0.76860034 0
13.4279 5.08778 431.508 -0.57900792 0.129712 0.80493766 0
13.4332 79.634804 377.59399 -0.14485304 0.35449374 -0.92377043 0
13.462 80.102798 377.755 -0.13792937 0.3141796 -0.93929052 0
13.5075 6.0619998 431.51501 -0.61595178 0.058409188 0.7856155 0
13.5742 82.032799 379.16501 -0.64556462 0.68067145 0.34631294 0
13.5817 5.4245 431.60501 -0.61157465 0.043277945 0.79000223 0
13.5866 4.2223101 431.39301 -0.54088902 -0.53465253 0.64929634 0
13.6102 4.6354098 429.36301 -0.18606848 -0.96462291 -0.18676491 0
13.6613 4.1918201 431.54099 -0.54088902 -0.53465253 0.64929634 0
13.6619 82.395401 378.59299 -0.63981664 0.7605415 -0.11050452 0
13.7408 82.365402 378.815 -0.63708067 0.68790197 0.34773421 0
13.7512 79.149498 377.32001 -0.027599312 0.22043268 -0.97501165 0
13.77 80.873901 377.94101 -0.094683185 0.25632852 -0.96194118 0
13.7703 4.7971601 428.35699 -0.12530278 -0.96711421 -0.22133529 0
13.7916 4.7589202 431.82999 -0.77012593 -0.11164371 0.62804598 0
13.811 4.1504202 431.32001 0.74762207 -0.53348404 0.39554521 0
13.8149 4.4157701 431.87701 -0.76222932 -0.35790786 0.53935933 0
13.826 81.550102 378.09299 -0.066496976 0.21657971 -0.97399765 0
13.8382 5.1254501 431.82101 -0.61826277 0.070152923 0.78283441 0
13.9199 4.40658 430.06201 -0.20994066 -0.94900036 -0.23520887 0
13.9314 82.366203 379.09799 -0.57735676 0.71572584 0.39293212 0
13.9629 81.2686 381.29001 -0.63808101 0.68275112 0.35595438 0
13.9642 82.673203 378.59399 -0.82589728 0.5604791 -0.061293334 0
13.9732 5.4808302 431.90799 -0.62109053 0.067725755 0.78080714 0
14.0315 79.638802 377.51501 -0.15245308 0.41546732 -0.89674133 0
14.035 82.091499 379.811 -0.60030144 0.71605045 0.35624421 0
14.1072 81.767601 380.56 -0.62170857 0.69881976 0.35373643 0
14.1078 4.1972299 430.71899 -0.27658534 -0.9381901 -0.20808627 0
14.1262 80.799103 377.884 -0.11339044 0.27785644 -0.95390689 0
14.1373 80.363503 377.745 -0.12409161 0.29344267 -0.94788855 0
14.185 82.830597 378.59399 -0.19935469 0.89581931 0.39719698 0
14.2017 81.2108 377.983 -0.10728206 0.2427759 -0.96413195 0
14.269 4.2637701 432.26999 -0.55966717 -0.36275324 0.74510586 0
14.2725 3.83953 431.98999 -0.48616922 -0.76540464 0.42165771 0
14.2932 4.1251302 432.28 -0.55966717 -0.36275324 0.74510586 0
14.3201 6.22085 432.146 -0.61758524 0.044789985 0.7852276 0
14.3322 4.6108398 428.88101 -0.081565343 -0.95713031 -0.27793637 0
14.3327 79.486099 377.38699 -0.018373601 0.21167819 -0.97716671 0
14.3701 4.46807 429.444 -0.18812032 -0.9489634 -0.2531386 0
14.4147 5.27005 432.27899 -0.63412338 0.061728831 0.77076399 0
14.4166 3.7979901 431.99399 -0.5429998 -0.81972247 0.18222575 0
14.4274 79.746803 377.48199 -0.19291005 0.36996666 -0.90879613 0
14.4494 82.654404 379.29999 -0.5558005 0.73788428 0.38290024 0
14.5395 80.159798 377.62 -0.17944567 0.3411234 -0.92273188 0
14.6323 81.136902 377.91599 -0.13268907 0.27055967 -0.95351511 0
14.6325 4.5741601 428.88199 -0.13684733 -0.94118154 -0.3089501 0
14.6505 80.688202 377.78201 -0.12224267 0.28973755 -0.94926757 0
14.652 4.56183 432.548 -0.62415123 0.069312468 0.77822298 0
14.7494 82.142197 380.85901 -0.60045409 0.71583629 0.35641733 0
14.7628 3.9517701 430.961 -0.24785234 -0.9185124 -0.30806515 0
14.8184 4.2175698 430.004 -0.18967956 -0.9382565 -0.28930333 0
14.8574 82.787804 378.29901 -0.2889187 0.30609247 -0.90710163 0
14.8583 4.02038 430.60699 -0.24283956 -0.9273535 -0.28468296 0
14.8604 83.356697 378.59399 -0.99559724 0.087309606 0.034104872 0
14.8625 3.66136 432.591 -0.48941344 -0.84374881 0.22036886 0
14.8959 81.546799 378.005 -0.1183425 0.29200688 -0.9490664 0
14.9323 4.4570198 429.14301 -0.15157871 -0.94965583 -0.27418548 0
14.9324 82.187302 378.17801 -0.069969393 0.24817212 -0.96618575 0
14.935 3.9998901 432.80899 -0.71485329 -0.18123582 0.67538017 0
14.9551 83.121002 379.125 -0.57608318 0.76188385 0.29607633 0
15.0445 82.840797 379.84 -0.55671668 0.74775243 0.36184645 0
15.0483 3.6417301 431.84601 -0.2721774 -0.94959891 -0.15550354 0
15.0825 82.786797 378.28699 -0.097834386 0.31617528 -0.94364274 0
15.1407 5.9211302 432.802 -0.60167402 0.077452242 0.79497766 0
15.1554 4.5153599 432.94901 -0.6025669 0.068643481 0.79511082 0
15.1607 3.4807601 432.59299 -0.69077897 -0.70034355 0.17984228 0
15.1637 83.392998 378.88901 -0.54906362 0.78751898 0.27989826 0
15.2135 4.2740102 429.556 -0.17666176 -0.93821853 -0.2975511 0
15.2695 3.75317 431.13101 -0.29846814 -0.92325157 -0.24191588 0
15.2888 3.66538 433.077 -0.72663897 -0.33191383 0.60152227 0
15.308 81.585999 377.93201 -0.1377344 0.33320132 -0.93274117 0
15.3793 83.428902 379.121 -0.54906362 0.78751898 0.27989826 0
15.3989 4.0844402 430.04001 -0.22436017 -0.92836219 -0.29632097 0
15.4384 3.9603701 430.38101 -0.22302812 -0.92817014 -0.29792386 0
15.4586 3.5836699 431.54401 -0.32235071 -0.91380346 -0.24708951 0
15.465 83.693497 378.595 -0.55082458 0.79176342 0.26401317 0
15.5304 82.115303 378.11899 -0.12335395 0.27379811 -0.95384401 0
15.5337 80.985001 377.69101 -0.18339314 0.36208463 -0.91392654 0
15.5347 4.5616798 433.23001 -0.55941486 0.053457983 0.82716215 0
15.5366 3.96209 433.272 -0.54044551 -0.020664804 0.84112519 0
15.5958 3.5188999 433.327 -0.59292877 -0.46091411 0.66029817 0
15.5963 3.3533001 433.18399 -0.59292877 -0.46091411 0.66029817 0
15.6072 82.637001 378.233 -0.099858634 0.19385554 -0.97593457 0
15.6077 3.6342101 431.16901 -0.30009937 -0.90572238 -0.29934481 0
15.7805 4.9457102 433.36401 -0.55897951 0.03717145 0.82834786 0
15.8292 83.372803 379.94501 -0.56556106 0.74308765 0.35771704 0
15.8319 82.793503 381.242 -0.57103413 0.75961566 0.31129411 0
15.8327 3.8336899 430.45599 -0.26449934 -0.9042868 -0.33512014 0
15.8328 3.48983 431.39401 -0.32538715 -0.91457635 -0.24015257 0
15.833 81.247704 377.72299 -0.11506426 0.40649703 -0.90637761 0
15.8333 80.910103 377.612 -0.16051342 0.37190637 -0.91428721 0
15.8858 4.5246 433.46701 -0.5380978 0.052753024 0.84122998 0
15.9155 3.1022401 433.04199 -0.51324427 -0.85790914 -0.02392178 0
15.9362 83.192596 380.483 -0.56471992 0.7516036 0.340857 0
15.9656 83.907501 379.02399 -0.56810451 0.76485544 0.30373245 0
15.9813 3.16536 432.59299 -0.39374924 -0.91714072 -0.061760738 0
16.056801 3.51193 433.64801 -0.47107092 -0.39765912 0.78737503 0
16.083599 6.1840901 433.46701 -0.57613486 0.064764358 0.81478477 0
16.127501 3.8877299 433.65399 -0.53050804 0.060643192 0.84550792 0
16.132099 3.8670001 430.11801 -0.29748729 -0.89200437 -0.34033743 0
16.17 83.237099 378.302 -0.13395038 0.26894242 -0.95379627 0
16.170601 82.033798 377.94101 -0.12292616 0.28539059 -0.9504953 0
16.171499 3.35973 431.414 -0.30969909 -0.90233487 -0.299797 0
16.1737 2.9852901 433.24899 -0.26589257 -0.85817456 0.43913272 0
16.188601 3.58215 430.793 -0.32858843 -0.88243413 -0.33665961 0
16.202101 4.1873398 433.67999 -0.54312319 0.05343895 0.83795077 0
16.218399 3.36533 433.75101 -0.77328831 -0.24175166 0.58615816 0
16.286699 83.9105 379.56601 -0.57162118 0.74859816 0.33593151 0
16.3577 82.410301 378.065 -0.10341857 0.29128322 -0.95103031 0
16.432301 83.199402 378.28699 -0.083757572 0.24771039 -0.96520686 0
16.4324 83.874298 378.435 -0.23714471 0.20801276 -0.94894314 0
16.4324 81.5112 377.789 -0.065882027 0.33701381 -0.93919182 0
16.4324 83.874298 378.435 -0.23714471 0.20801276 -0.94894314 0
16.452101 3.7367899 433.88101 -0.548581 0.067308955 0.83338368 0
16.4673 3.64869 430.37799 -0.31985819 -0.87783897 -0.35649604 0
16.470699 3.32108 431.16901 -0.32513854 -0.89561158 -0.30358663 0
16.5054 83.734703 380.29099 -0.57702959 0.73710465 0.35172942 0
16.510799 3.1552501 431.733 -0.3188206 -0.92052531 -0.22580214 0
16.525499 4.7214499 433.871 -0.55497015 0.044244781 0.83069277 0
16.5833 2.9098799 432.79099 -0.33266592 -0.92446154 -0.18629062 0
16.646299 83.441902 381.15799 -0.55839837 0.76117432 0.32985595 0
16.67 3.13784 434.13199 -0.56078851 -0.27271017 0.78175789 0
16.6712 84.5401 378.888 -0.38961354 0.91609293 0.094736405 0
16.694799 82.1875 377.98599 -0.065117411 0.2784622 -0.95823717 0
16.7099 84.351097 379.27399 -0.60163695 0.76603979 0.22630955 0
16.813999 84.594902 378.58701 -0.38961354 0.91609293 0.094736405 0
16.843901 81.590202 377.77899 -0.063288435 0.3353793 -0.93995494 0
16.882999 83.385696 378.28799 -0.083757572 0.24771039 -0.96520686 0
16.902 3.7086699 434.18201 -0.55803573 0.091315866 0.82477725 0
16.9564 5.7620902 434.10199 -0.55775839 0.057933956 0.82797903 0
16.974899 2.94471 432.01099 -0.32838929 -0.92091519 -0.20994201 0
16.988001 4.3180499 434.20999 -0.56977868 0.045663379 0.82052857 0
16.994699 83.762199 378.37299 -0.091843687 0.22280638 -0.9705267 0
16.997499 83.934502 380.69199 -0.56137663 0.74650842 0.35718551 0
17.0639 82.780098 378.10101 -0.12268654 0.25687537 -0.95862561 0
17.1077 3.0699899 431.28101 -0.31530663 -0.91237378 -0.26106659 0
17.1455 82.185799 377.936 -0.12603378 0.28205305 -0.95108443 0
17.1786 84.733704 379.16 -0.51953274 0.84979254 0.089097887 0
17.1835 3.5493 434.392 -0.55776113 0.13204975 0.81942993 0
17.184 83.601898 381.742 -0.54921412 0.77384514 0.31547996 0
17.184601 84.284103 380.242 -0.55485022 0.76027548 0.33782002 0
17.185301 5.3115602 434.29501 -0.56400698 0.053789012 0.82401633 0
17.3354 84.664597 379.56699 -0.53727216 0.77747738 0.32690611 0
17.3393 3.0034699 434.60901 -0.81062311 -0.055855043 0.58289826 0
17.3556 84.0327 381.009 -0.50160462 0.78976262 0.35308325 0
17.373699 3.84904 434.51001 -0.57063675 0.090846032 0.81616217 0
17.403999 2.68417 432.44101 -0.36393759 -0.90664566 -0.2134084 0
17.426901 82.372902 377.94601 -0.13195938 0.26458511 -0.95529127 0
17.4471 2.42102 434.168 -0.36984432 -0.92738622 0.056302603 0
17.463699 83.986801 378.36401 -0.11715601 0.25401846 -0.96007764 0
17.516199 84.629997 379.94601 -0.50250596 0.7846877 0.36297798 0
17.5366 2.73979 431.992 -0.31406581 -0.92169654 -0.22767991 0
17.543699 5.71561 434.49399 -0.54843169 0.067545496 0.83346283 0
17.5499 83.928398 381.54501 -0.48480165 0.79645956 0.36141327 0
17.595501 2.3938999 433.569 -0.34117126 -0.93578064 -0.088975951 0
17.613001 4.72087 434.62201 -0.55335557 0.05463893 0.83115113 0
17.6346 84.805496 378.59698 -0.026972687 0.65018582 -0.7592963 0
17.6474 3.34232 434.74799 -0.55253589 0.17602983 0.81468862 0
17.6502 2.4867899 432.89301 -0.38637108 -0.90517139 -0.17715 0
17.6609 84.342003 378.43799 -0.12112787 0.27371293 -0.95415372 0
17.698601 82.841904 378.034 -0.13010158 0.26836446 -0.95449156 0
17.711599 85.108498 379.12 -0.63161975 0.7752468 0.0069904616 0
17.7827 82.186401 377.83401 -0.17121966 0.30331129 -0.93738258 0
17.818899 84.957497 379.66299 -0.52474898 0.77884001 0.34357932 0
17.894899 2.26439 434.168 -0.31528237 -0.94482571 0.08889015 0
17.937099 2.3153701 434.689 -0.39556459 -0.86315155 0.31384397 0
18.0124 85.333298 379.11801 -0.40690804 0.91314864 0.02419536 0
18.026501 84.5485 378.45999 -0.14005476 0.30820358 -0.94095445 0
18.0415 84.671501 380.54599 -0.48692036 0.79179382 0.36874264 0
18.044001 82.788597 377.978 -0.13314374 0.25593215 -0.95748186 0
18.0837 85.045403 379.82999 -0.47294244 0.79084122 0.38845283 0
18.0996 84.445801 381.13501 -0.48904666 0.79815251 0.35183224 0
18.195801 83.535103 378.13901 -0.13696232 0.22618355 -0.96440774 0
18.2304 2.20452 433.19299 -0.35057923 -0.93105328 -0.10116307 0
18.2885 82.974701 377.98901 -0.13784021 0.2399379 -0.96095258 0
18.359699 5.3123798 435.064 -0.54626727 0.062479604 0.83527744 0
18.3846 2.2720399 432.40701 -0.29267636 -0.91723061 -0.27023792 0
18.402599 2.4679 431.81 -0.002607415 -0.85261279 -0.52253675 0
18.4095 85.386497 379.52399 -0.45055291 0.81105411 0.37308615 0
18.4219 4.2055001 435.18301 -0.54073673 0.049699839 0.83972239 0
18.4576 85.186501 378.595 -0.42714578 0.39748842 -0.81212652 0
18.5322 2.08055 434.24301 -0.30393255 -0.95116574 0.053933296 0
18.5327 3.51196 435.29999 -0.53169119 0.057360455 0.84499365 0
18.5345 2.05756 433.60599 -0.33348325 -0.94267118 -0.012647797 0
18.573 84.662003 381.29099 -0.46629649 0.79998922 0.37760404 0
18.6061 84.514397 378.35699 -0.15789239 0.31825155 -0.93476516 0
18.6696 85.346497 379.88101 -0.44401711 0.80932999 0.38449159 0
18.6819 85.112999 378.55801 -0.12895036 0.31976002 -0.93868279 0
18.6873 84.860497 380.98901 -0.45813137 0.81641603 0.35154021 0
18.8328 1.95804 433.64301 -0.32038665 -0.94725549 -0.0077069602 0
18.8381 2.8371 435.54501 -0.46240985 -0.13816673 0.87583506 0
18.8512 83.724297 378.07401 -0.1375567 0.25715768 -0.9565292 0
18.8521 85.295197 378.59299 -0.080812819 0.60074455 -0.79534602 0
18.909201 2.0539999 432.51999 -0.27566174 -0.89075512 -0.36133912 0
18.926001 83.349602 377.98801 -0.12797606 0.22339594 -0.96629 0
18.943001 3.3248501 435.56 -0.5471881 0.070584513 0.83402818 0
18.943701 1.93959 434.16901 -0.344751 -0.93198866 0.11199968 0
18.944799 1.9536901 432.96799 -0.40205717 -0.90706933 -0.12480079 0
18.980101 85.682701 379.53299 -0.42972216 0.82200789 0.37368691 0
18.9856 85.806099 379.272 -0.42972216 0.82200789 0.37368691 0
19.000601 3.66201 435.573 -0.55837435 0.059699763 0.82743824 0
19.0208 2.0486801 434.89899 -0.30205855 -0.91504049 0.26732299 0
19.1373 2.81796 435.75601 -0.47411573 -0.21011724 0.85502338 0
19.1486 84.925102 381.384 -0.45142794 0.81187552 0.37023094 0
19.157801 85.257301 380.642 -0.45258012 0.81223941 0.36801952 0
19.168699 3.9807799 435.677 -0.55191547 0.033921979 0.83320981 0
19.2826 1.80875 432.96799 -0.35874388 -0.91945076 -0.16097553 0
19.351999 85.629799 380.08099 -0.45917004 0.80430198 0.37717527 0
19.394899 1.7715501 434.14999 -0.29812527 -0.93052983 0.21268655 0
19.4324 84.436798 378.17899 -0.11957307 0.30580768 -0.94455487 0
19.4324 83.349503 377.93399 -0.11492094 0.19885206 -0.97326821 0
19.4328 83.7985 378.01501 -0.10456688 0.21687324 -0.9705832 0
19.4333 85.033798 378.41599 -0.090665184 0.39046577 -0.91614211 0
19.4627 4.7586298 435.853 -0.59118783 0.041764386 0.80545187 0
19.5404 3.23154 435.98801 -0.60248971 0.087483287 0.79331762 0
19.5812 3.73701 435.98199 -0.58815539 0.047800258 0.80733413 0
19.582199 1.68116 432.96799 -0.33544046 -0.93243861 -0.13430534 0
19.586201 1.6207 433.56799 -0.41689008 -0.90874058 0.019830329 0
19.6376 1.87721 434.80701 -0.20175104 -0.94109756 0.27135205 0
19.6574 2.5021701 436.19299 -0.58633071 -0.65578479 0.47556555 0
19.725901 85.951302 379.86099 -0.4281556 0.80356824 0.41347414 0
19.7318 85.788002 378.70001 -0.32343119 0.48824635 -0.81056017 0
19.731899 83.537804 377.94199 -0.10428271 0.21806692 -0.97034627 0
19.7323 85.299896 378.505 -0.077093437 0.38642758 -0.91909212 0
19.732401 86.171402 379.45599 -0.41602927 0.82420123 0.38420302 0
19.7701 2.2955401 435.96799 -0.20766142 -0.86178857 0.46281445 0
19.787201 2.6121399 436.48999 -0.61194724 -0.22465824 0.75832003 0
19.808599 1.62648 434.05499 -0.20502324 -0.95347148 0.22103755 0
19.809 1.55093 433.71799 -0.20555851 -0.95628875 0.20798431 0
19.844999 84.811096 378.27899 -0.062344525 0.37904057 -0.92327756 0
19.904699 85.664902 380.70901 -0.45608646 0.8145718 0.35841036 0
19.9454 3.82074 436.263 -0.60963118 0.070076227 0.7895816 0
19.9762 85.522903 378.58701 -0.01648467 0.34872589 -0.93707979 0
20.031601 2.21628 435.97 -0.32986504 -0.86305529 0.38252407 0
20.0327 85.7855 378.67401 -0.011837654 0.45996952 -0.88785577 0
20.039499 1.72542 434.539 -0.18765956 -0.94621426 0.26355731 0
20.073999 85.421303 381.478 -0.45635441 0.80918998 0.37007058 0
20.1106 3.1360199 436.465 -0.44302821 0.18322797 0.87758392 0
20.110901 85.914497 380.39001 -0.42691809 0.83353269 0.35066244 0
20.1472 4.4679899 436.36801 -0.56788337 0.058823984 0.82100439 0
20.1819 1.8408099 434.995 -0.13255697 -0.94418073 0.3015815 0
20.247801 2.03387 435.57501 -0.1699176 -0.92159468 0.34898609 0
20.2637 2.61568 436.74301 -0.45520449 -0.21605268 0.86377668 0
20.323299 86.383598 379.60599 -0.36883003 0.82207233 0.43377587 0
20.332399 84.434402 378.11401 -0.024336277 0.31201515 -0.94976538 0
20.333 86.612099 379.19299 -0.40572584 0.84446728 0.34965912 0
20.333599 86.526703 379.34399 -0.41049439 0.81967068 0.3995426 0
20.3351 2.34269 436.48901 -0.35341066 -0.79025215 0.50060213 0
20.3419 83.967697 377.97601 -0.042878136 0.25630707 -0.96564388 0
20.408899 2.4857299 436.686 -0.48866597 -0.29167798 0.82227093 0
20.4548 3.8604801 436.62701 -0.56272227 0.095910341 0.82106322 0
20.460899 1.5521899 434.164 -0.13158575 -0.95486403 0.26630798 0
20.500299 85.566002 381.66 -0.41091654 0.83364654 0.36902717 0
20.5383 3.05282 436.79599 -0.58403218 0.10096952 0.8054263 0
20.5494 85.907501 380.936 -0.42026886 0.8357724 0.35335329 0
20.6306 86.705902 379.19299 0.076148167 0.98235494 -0.17082216 0
20.632299 85.448196 378.552 0.10299209 0.39606395 -0.91242862 0
20.707899 1.75974 434.91699 -0.11426502 -0.94601345 0.30331838 0
20.7285 86.270103 380.241 -0.371041 0.85125172 0.37107828 0
20.838499 84.549301 378.177 0.13215931 0.32517716 -0.93637264 0
20.869101 2.3240499 436.76999 -0.29499996 -0.7339583 0.61178452 0
20.931 86.272003 378.815 -0.12171105 0.33431882 -0.93456799 0
20.931499 86.5905 379.70099 -0.34820268 0.85193795 0.39109674 0
20.931601 85.147697 378.431 0.25099668 0.40040067 -0.88129449 0
20.931801 85.710999 378.72101 0.1984224 0.29450804 -0.93482274 0
20.932301 2.07671 435.96899 -0.11828701 -0.95005816 0.28878662 0
20.932501 83.838097 377.94299 0.10184429 0.25312099 -0.96205902 0
20.972401 3.0244801 437.10599 -0.53441626 0.18697238 0.82428187 0
21.0093 2.3111401 436.78799 -0.29499996 -0.7339583 0.61178452 0
21.122999 4.4864998 436.99899 -0.53269315 0.079012886 0.84261203 0
21.1579 85.822098 381.76199 -0.38962725 0.84098536 0.37541211 0
21.3109 86.948601 379.19601 -0.81443 0.47707355 -0.33030984 0
21.336599 1.7072901 434.98099 -0.11749817 -0.93903905 0.32310972 0
21.3787 85.108101 378.595 0.21616708 0.35745913 -0.90856743 0
21.381599 2.9865601 437.375 -0.42886284 -0.24860974 0.86848712 0
21.381901 5.1058302 437.10599 -0.50850421 0.090743132 0.85626465 0
21.3827 1.4726599 434.24301 -0.094412826 -0.96733183 0.23527728 0
21.400499 86.778397 379.729 -0.34865084 0.8698554 0.34899029 0
21.4373 1.96077 435.729 -0.088776313 -0.94115609 0.32610419 0
21.456499 86.385597 378.87 0.11644045 0.35147682 -0.92892718 0
21.4589 87.003998 379.19501 -0.24132045 0.93600637 0.25623533 0
21.460899 3.6614399 437.28601 -0.53765637 0.16157608 0.82753778 0
21.4778 84.401604 378.293 0.25791252 0.39850867 -0.88015449 0
21.489799 3.27 437.35599 -0.51391929 0.17054886 0.84071398 0
21.5228 86.391296 380.745 -0.35483298 0.86027455 0.36608908 0
21.532801 85.787804 378.819 0.094587244 0.1622934 -0.9821986 0
21.552799 3.0644701 437.45001 -0.46327403 0.1810392 0.86752635 0
21.5714 2.9135699 437.50201 -0.32228088 -0.19807063 0.92569059 0
21.7386 86.274399 378.892 0.034103218 0.21308391 -0.97643852 0
21.7561 87.089897 379.19299 -0.19260691 0.97045994 0.145293 0
21.7593 86.994698 379.10901 0.79346579 0.15028217 -0.58976883 0
21.8312 86.950401 379.72 -0.34475923 0.90900654 0.23419686 0
21.832199 85.184402 378.707 0.046514928 0.24962021 -0.96722597 0
21.8323 85.787201 378.83099 0.043762699 0.14981283 -0.9877454 0
21.832399 2.39048 436.94199 -0.012387499 -0.9322961 0.36148381 0
21.907499 86.836601 380.056 -0.34824803 0.8622458 0.36777097 0
21.9079 2.09461 436.19101 -0.070259377 -0.92787713 0.36620706 0
21.9081 2.55158 437.39001 -0.34046081 -0.74459934 0.57415873 0
22.0326 3.9569099 437.59698 -0.49958438 0.06635531 0.86372012 0
22.0541 3.2880299 437.67001 -0.48845571 0.16995402 0.8558777 0
22.057199 84.660103 378.58701 0.053888343 0.39671701 -0.91635782 0
22.094101 1.84068 435.59601 -0.1134705 -0.92628211 0.35934097 0
22.1306 87.0411 379.79501 -0.39072025 0.85703647 0.33589613 0
22.132299 84.512901 378.54001 0.053888343 0.39671701 -0.91635782 0
22.1327 2.2539301 436.604 -0.066808991 -0.93050766 0.3601279 0
22.1329 4.7399702 437.59399 -0.49632135 0.088804767 0.86358488 0
22.1348 2.9126699 437.79901 -0.5089609 -0.259886 0.82062054 0
22.226101 86.349602 378.914 0.00051588268 0.12864119 -0.99169105 0
22.3384 2.44419 437.13199 -0.065963455 -0.93717188 0.3425751 0
22.4133 2.2309799 436.608 -0.11916909 -0.91309607 0.38994133 0
22.4319 3.6619899 437.84 -0.49031949 0.16617431 0.85555416 0
22.4324 84.886703 378.58499 -0.12568167 0.20217624 -0.97125119 0
22.4501 87.066101 380.048 -0.37338954 0.84895694 0.37396833 0
22.473801 4.4956198 437.81601 -0.48902059 0.079165228 0.86867237 0
22.503599 5.4440699 437.716 -0.49279732 0.096275255 0.86480165 0
22.5166 87.522003 379.19199 0.55478638 0.16498339 -0.81547076 0
22.566601 86.4291 381.72601 -0.35801217 0.85737425 0.3697792 0
22.601101 86.836899 378.97198 -0.092106126 0.23002958 -0.96881521 0
22.612 87.346497 379.604 -0.28238881 0.8605448 0.42393306 0
22.656601 3.3624301 437.99899 -0.55808747 0.14097711 0.81771868 0
22.6616 2.9460101 438.28799 -0.52859694 0.011393277 0.84879649 0
22.662701 87.605499 379.19501 -0.32202762 0.88158613 0.34511462 0
22.663099 3.0777199 438.15201 -0.52478117 0.030438924 0.85069275 0
22.6943 1.94728 436.04501 -0.12950961 -0.91390043 0.38472489 0
22.722799 2.3873301 437.112 -0.13132139 -0.91787237 0.37451974 0
22.732901 84.586304 378.46301 -0.13766357 0.22417127 -0.96477771 0
22.7705 1.6931 435.479 -0.095604546 -0.92660075 0.36369053 0
22.8186 87.541901 379.12799 -0.32202762 0.88158613 0.34511462 0
22.852699 87.029602 380.561 -0.374764 0.85485834 0.35884422 0
22.912001 85.324799 378.60999 -0.12666263 0.2347945 -0.96375728 0
22.9196 86.350304 378.867 -0.092197888 0.22099231 -0.97090781 0
22.976601 2.1356599 436.60501 -0.13712609 -0.91553271 0.37814856 0
23.0096 4.2806401 438.12299 -0.48802939 0.063099377 0.87054342 0
23.0889 1.67633 435.517 -0.068069346 -0.93910855 0.33681101 0
23.127001 2.3928299 437.27802 -0.13081051 -0.93671292 0.3247422 0
23.128401 3.64271 438.241 -0.48528987 0.14105617 0.86290026 0
23.135401 86.912003 378.96201 -0.088250779 0.23054893 -0.96905059 0
23.184601 86.897301 381.254 -0.36446795 0.85771507 0.36261266 0
23.256599 3.06411 438.436 -0.36033592 -0.17492887 0.91627395 0
23.256701 87.634903 379.569 -0.34676427 0.90691847 0.23927689 0
23.329 87.5597 379.797 -0.27180287 0.92925102 0.25023147 0
23.3326 84.961403 378.47299 -0.18465978 0.21765016 -0.9583993 0
23.334101 87.797302 379.189 -0.34676427 0.90691847 0.23927689 0
23.4634 85.149696 378.508 -0.17702937 0.30861318 -0.93456864 0
23.4809 86.801201 378.90201 -0.10347053 0.20491682 -0.97329491 0
23.482901 2.34846 437.27802 -0.078359939 -0.94621664 0.31390095 0
23.483999 87.686401 379.642 -0.27180287 0.92925102 0.25023147 0
23.500401 1.76594 435.82199 -0.068850093 -0.93710762 0.3421827 0
23.5574 87.776299 379.19299 0.42084369 0.85279179 0.30925196 0
23.633699 86.1595 378.724 -0.10378658 0.22659259 -0.96844417 0
23.643801 3.94297 438.51099 -0.49532032 0.06442976 0.86631787 0
23.670099 1.98554 436.474 -0.095910966 -0.92489123 0.36793655 0
23.6702 85.6362 378.60199 -0.15578967 0.28707752 -0.94515401 0
23.6779 5.4247298 438.38699 -0.49137026 0.089909136 0.86629766 0
23.6912 87.306297 380.79401 -0.37706104 0.85195798 0.36330786 0
23.7062 87.028503 381.44501 -0.36090189 0.85357225 0.3757183 0
23.7145 3.0708599 438.58401 -0.28254744 -0.25958255 0.92346299 0
23.764601 87.678398 380.00299 -0.33198541 0.9231497 0.19385648 0
23.7866 4.63624 438.53 -0.49136177 0.08119183 0.86716288 0
23.854 86.924301 381.82199 -0.36148375 0.85743034 0.36625493 0
23.859501 3.2882099 438.70999 -0.36668304 -0.27129182 0.88991249 0
23.8759 1.80323 436.00699 -0.04676858 -0.94437939 0.32551536 0
23.9142 87.547997 378.995 -0.37019488 0.42584908 -0.82559574 0
23.933599 85.709503 378.59799 -0.10917114 0.3118318 -0.94384456 0
23.950899 2.5842199 437.957 -0.047030985 -0.9141475 0.40264431 0
24.0075 85.186699 378.34698 -0.23225549 0.35597187 -0.90517479 0
24.157499 85.7117 378.57501 -0.1855915 0.34684676 -0.91937649 0
24.1581 87.093697 381.724 -0.38983622 0.84513289 0.36575687 0
24.162901 88.105003 379.198 -0.2927871 0.57740378 -0.76215523 0
24.1761 86.124496 378.65799 -0.14146045 0.21064904 -0.9672724 0
24.2509 2.30898 437.35699 -0.1279587 -0.93069416 0.34268785 0
24.253 87.312698 378.84698 -0.14736271 0.33812594 -0.92949182 0
24.2701 1.92722 436.41599 -0.033121325 -0.94143838 0.33555442 0
24.306101 87.864502 380.17899 -0.4149296 0.81965286 0.3949717 0
24.363899 2.7471099 438.517 -0.26951119 -0.85774612 0.43776166 0
24.3818 2.46561 437.82599 -0.1279587 -0.93069416 0.34268785 0
24.381901 87.616203 380.78799 -0.39507577 0.835428 0.38206699 0
24.3822 86.872101 382.49399 -0.39594328 0.84260172 0.36503595 0
24.384199 3.6245601 438.96701 -0.44331345 -0.086013176 0.89223033 0
24.4555 87.318901 381.51999 -0.40462929 0.83802241 0.36605138 0
24.461201 88.295998 379.19601 -0.55191708 0.83363336 0.021047993 0
24.461901 3.3631799 439.021 -0.43525392 -0.23485059 0.86913705 0
24.462999 88.295403 379.418 -0.55191708 0.83363336 0.021047993 0
24.466101 4.4964199 438.92099 -0.48422891 0.063480832 0.87263542 0
24.494801 1.81815 436.117 -0.00051369064 -0.94494224 0.32723683 0
24.5128 86.987602 378.73099 -0.21045822 0.22311531 -0.9518019 0
24.5306 88.1717 379.79501 -0.53504872 0.79128033 0.29597014 0
24.5357 85.856598 378.51401 -0.21293263 0.24348767 -0.94624174 0
24.567499 6.3062201 438.79099 -0.48166198 0.10592068 0.86993247 0
24.5891 2.31322 437.504 -0.016879121 -0.95589614 0.29321954 0
24.5909 5.3490601 438.922 -0.48229396 0.08768557 0.87160987 0
24.6071 88.111397 379.04999 -0.55191708 0.83363336 0.021047993 0
24.6073 1.9746799 436.548 0.027723432 -0.94055092 0.33851933 0
24.6189 86.165703 384.32901 -0.37984401 0.83994281 0.38757533 0
24.633101 6.9789901 438.74301 -0.48947778 0.12545185 0.86294454 0
24.660601 88.084198 380.09601 -0.42309698 0.81948006 0.38657644 0
24.7181 87.880997 380.58301 -0.42451257 0.82014436 0.38360432 0
24.7391 87.398804 378.78101 -0.21045822 0.22311531 -0.9518019 0
24.756701 3.9902201 439.117 -0.44597432 0.095507868 0.88993549 0
24.8325 2.2629299 437.39301 -0.016879121 -0.95589614 0.29321954 0
24.832701 2.3940001 437.80499 -0.016879121 -0.95589614 0.29321954 0
24.870399 86.8368 378.617 -0.23841226 0.12364029 -0.96326149 0
24.872601 87.747398 381.05701 -0.41811255 0.82604313 0.37793463 0
24.8866 87.3517 381.961 -0.42583299 0.83279997 0.35370961 0
24.9636 86.069397 384.875 -0.40202376 0.82479382 0.39760795 0
24.980101 86.783997 383.33899 -0.40654704 0.83462185 0.3716529 0
25.014099 5.0114102 439.19199 -0.47633338 0.076042257 0.87597036 0
25.0219 86.985802 378.59601 -0.2400658 0.24180222 -0.94015962 0
25.056499 5.5746698 439.14301 -0.46922544 0.09933161 0.87747407 0
25.0574 88.660896 379.19299 -0.26045233 0.81056976 -0.52453911 0
25.058701 3.5125501 439.32199 -0.27327356 -0.20380239 0.940099 0
25.059999 3.6623299 439.302 -0.27327356 -0.20380239 0.940099 0
25.0611 86.385902 378.53101 -0.2330621 0.16243364 -0.95879996 0
25.0763 88.232002 380.24301 -0.39003566 0.82178205 0.41538715 0
25.131901 2.8917501 438.88699 -0.10959406 -0.77377814 0.62390429 0
25.132 2.71962 438.591 -0.013469636 -0.86105531 0.50833291 0
25.1329 85.710701 378.33499 -0.094247013 -0.009937807 -0.99549925 0
25.1504 4.5432501 439.28799 -0.41059208 -0.024263825 0.91149622 0
25.171499 88.5382 379.755 -0.3480913 0.86777431 0.35468325 0
25.210899 7.2986898 439.02701 -0.49783009 0.11184146 0.86003298 0
25.2451 85.761703 385.77399 -0.37964353 0.83297908 0.40251291 0
25.280199 85.588501 386.17001 -0.40857509 0.83311129 0.37281629 0
25.281601 87.138901 378.58899 -0.20131981 0.38066697 -0.90253145 0
25.3018 2.3233099 437.39401 0.099928692 -0.96165675 0.25540277 0
25.302099 88.172096 380.599 -0.40312874 0.83531225 0.37381905 0
25.319901 6.3807602 439.19901 -0.48152873 0.090234943 0.87177277 0
25.394699 86.368103 378.44199 -0.23898339 0.16848777 -0.9562943 0
25.3978 86.907997 378.479 -0.23117453 0.13074391 -0.96408731 0
25.4307 2.89188 438.81299 0.26994619 -0.72432166 0.63441873 0
25.4356 87.453499 382.397 -0.4229694 0.82418847 0.37657702 0
25.506701 2.7353101 438.517 0.19065137 -0.84735352 0.4956249 0
25.5068 3.5159199 439.36301 0.011623882 -0.34270984 0.93936938 0
25.507601 88.186401 378.93701 -0.065427251 0.3916482 -0.91778588 0
25.534599 87.233803 382.96301 -0.37966856 0.83018851 0.40821412 0
25.543301 85.913902 385.776 -0.42004409 0.8158778 0.39737442 0
25.564199 86.593399 384.405 -0.41972706 0.82462096 0.3792485 0
25.583 88.214699 380.80499 -0.21608947 0.92414916 0.31504548 0
25.583 87.511101 378.72601 -0.25772396 0.40208554 -0.87858158 0
25.589199 4.7494502 439.51401 -0.44397885 -0.071846247 0.89315224 0
25.6206 2.37535 437.45099 0.10705235 -0.96867603 0.22406812 0
25.658199 88.7621 379.19699 0.17299731 0.85971057 -0.48059306 0
25.659901 88.516296 380.16299 -0.16250911 0.92570007 0.3415702 0
25.675699 84.801399 388.15601 -0.37840986 0.82695633 0.41587168 0
25.715401 87.798103 381.92899 -0.29869831 0.87252384 0.3866283 0
25.7306 5.15308 439.55499 -0.51249909 0.060329583 0.85656583 0
25.731701 2.24511 436.79199 0.16720997 -0.97610486 0.13878083 0
25.7318 2.5235901 437.992 0.16146266 -0.9259187 0.34147379 0
25.7318 88.6651 379.71799 -0.04412508 0.96832877 0.24574856 0
25.7318 2.5235901 437.992 0.16146266 -0.9259187 0.34147379 0
25.7318 88.6651 379.71799 -0.04412508 0.96832877 0.24574856 0
25.732 5.6120601 439.50201 -0.51998955 0.088161476 0.84961075 0
25.732901 4.1127801 439.45901 -0.19939578 -0.1403614 0.96981442 0
25.733801 7.9369402 439.28201 -0.52148283 0.061805081 0.85102046 0
25.7339 87.658203 382.267 -0.31818339 0.87020797 0.3761614 0
25.7425 7.1118102 439.35901 -0.51212233 0.097272091 0.8533867 0
25.753401 88.016899 381.44101 -0.1983899 0.91646183 0.34747547 0
25.759701 7.56212 439.31 -0.50739527 0.080419935 0.85795259 0
25.806299 86.344597 385.194 -0.4273825 0.81266832 0.39612421 0
25.8069 87.512299 378.686 -0.21652472 0.34757945 -0.9123078 0
25.807699 86.854698 378.39499 -0.15820506 0.29263806 -0.94304514 0
25.814301 87.735497 378.694 -0.41992506 0.17037942 -0.89142233 0
25.8465 6.0055099 439.534 -0.52460343 0.071245275 0.84836042 0
25.880699 3.5151601 439.26999 0.34407809 -0.46512702 0.81563908 0
25.884501 87.556702 382.62201 -0.35382834 0.8468461 0.39706069 0
25.9247 85.3424 387.33099 -0.4007003 0.81913894 0.41042742 0
25.9568 86.995903 383.966 -0.34186247 0.85914487 0.38078877 0
25.9573 88.745903 379.19299 0.4746182 0.87996626 -0.019924639 0
26.0047 2.36516 437.18799 0.13722228 -0.98307592 0.12137443 0
26.0245 87.589203 378.58301 -0.22869237 -0.028533025 -0.97308052 0
26.032101 88.457703 380.354 0.14799674 0.93488061 0.32263789 0
26.0361 85.836601 386.465 -0.41761658 0.81596422 0.39974847 0
26.1066 88.583702 379.71899 0.33964553 0.90836042 0.24397182 0
26.107599 88.114098 381.44199 -0.099807918 0.94059581 0.32452723 0
26.1085 4.71279 439.759 -0.34307131 -0.41741663 0.84146625 0
26.110399 6.6615 439.64899 -0.50960338 0.092863694 0.8553834 0
26.126301 5.3775802 439.76999 -0.53166986 0.10223989 0.84075809 0
26.1413 5.7063198 439.73499 -0.51998955 0.088161476 0.84961075 0
26.1439 8.1055603 439.52399 -0.52469128 0.013475927 0.85118592 0
26.1633 84.462997 389.30899 -0.41438958 0.80743229 0.41992182 0
26.181801 88.218201 381.142 0.24990025 0.9355635 0.24954118 0
26.181999 84.828102 388.60599 -0.42393601 0.81046414 0.40426004 0
26.1856 7.31743 439.60101 -0.54876953 0.10385247 0.82949781 0
26.1992 3.42837 439.01501 0.35717383 -0.68086088 0.63941795 0
26.2208 2.87257 438.37 0.24038842 -0.73886484 0.62951744 0
26.238199 85.120003 388.077 -0.43070945 0.80592251 0.40617523 0
26.256001 88.263496 380.991 0.24990025 0.9355635 0.24954118 0
26.257299 88.397003 378.59299 0.64199567 0.70782328 -0.29466555 0
26.257299 8.6870003 439.59201 -0.57469296 0.030745815 0.81779134 0
26.2582 87.949303 381.96399 -0.17449604 0.91694427 0.35883746 0
26.270901 5.0141802 439.91699 -0.28251159 -0.092034094 0.95483869 0
26.274099 5.9871402 439.80399 -0.52460343 0.071245275 0.84836042 0
26.2778 87.185799 383.879 -0.25767606 0.8968212 0.35960361 0
26.2953 84.291901 389.76801 -0.3770549 0.82805836 0.41490835 0
26.2981 86.447998 385.52802 -0.38891283 0.82750547 0.40494636 0
26.3309 2.6609199 437.991 0.35831717 -0.84132087 0.40470731 0
26.331499 2.4184699 437.31699 0.2388639 -0.96718311 0.086607531 0
26.333 87.667099 382.71701 -0.20608753 0.92506266 0.31904083 0
26.3337 87.504997 383.129 -0.18478264 0.92881328 0.32118735 0
26.334101 87.009697 384.32901 -0.30244568 0.876661 0.37415519 0
26.3347 86.6735 385.09698 -0.35196367 0.8510626 0.38963324 0
26.335699 4.7175002 439.853 -0.28298113 -0.43689933 0.8538388 0
26.3727 88.102898 378.491 -0.72902161 0.67783743 -0.095204383 0
26.3752 86.240898 386.008 -0.38290223 0.82553321 0.41458511 0
26.3972 85.870003 378.27899 0.70157558 -0.65344977 -0.28424484 0
26.403299 88.260498 380.767 0.37883386 0.91268098 0.15329166 0
26.443701 2.9465201 438.30801 0.46640474 -0.68658531 0.55773401 0
26.4786 7.6749301 439.73901 -0.57275677 0.035712402 0.81894708 0
26.479 2.39482 437.09201 0.2472094 -0.96890438 0.010575073 0
26.479 3.3636601 438.73901 0.41193688 -0.66972458 0.61788106 0
26.480801 87.888702 382.116 0.31389645 0.91507471 0.25319415 0
26.4811 88.050499 381.51801 0.090790749 0.95018965 0.29815546 0
26.481899 88.327599 379.75601 0.60515517 0.79537666 0.034105334 0
26.5191 8.1806402 439.77399 -0.58816499 0.0042684563 0.80872971 0
26.521 87.955002 378.535 0.094341971 -0.078793578 -0.99241686 0
26.5469 88.292999 379.19501 0.75165468 0.63664347 -0.17233796 0
26.547899 88.179298 380.767 0.54600781 0.81717384 0.18466836 0
26.5525 8.6124201 439.79901 -0.58216608 0.031369776 0.81246448 0
26.554701 88.223999 380.24301 0.49030119 0.86698455 0.089120656 0
26.556999 4.5679498 439.797 -0.20440154 -0.54291558 0.81453222 0
26.558201 87.600098 383.01599 -0.18478264 0.92881328 0.32118735 0
26.5592 4.7265902 439.92099 -0.28292814 -0.52550852 0.80236679 0
26.630699 83.706497 391.121 -0.38253576 0.80171573 0.45925844 0
26.632 3.1982801 438.422 0.51450956 -0.64167166 0.56880349 0
26.6609 85.874603 387.03 -0.40706652 0.82045197 0.40144166 0
26.678499 88.160797 379.64401 0.77673733 0.62815303 0.045857072 0
26.686199 88.158501 379.194 0.79329169 0.60835761 0.024275776 0
26.697001 84.427399 389.901 -0.42558664 0.79590726 0.43058991 0
26.7087 87.6661 382.79599 0.2330119 0.96338499 0.13264543 0
26.745399 7.7307601 439.95999 -0.65054029 0.035016168 0.75866407 0
26.755501 84.844498 389.19101 -0.43026266 0.80270118 0.41297075 0
26.758301 88.034401 380.31799 0.69972467 0.70795482 0.095840357 0
26.7815 83.443398 391.71899 -0.37502235 0.80901122 0.45261359 0
26.783001 3.9886501 439.19699 0.45601195 -0.61531729 0.64299124 0
26.788099 8.1243601 439.98599 -0.64273387 0.0014895084 0.76608807 0
26.811199 85.660797 387.612 -0.38103339 0.83349794 0.40011835 0
26.8214 85.118103 388.73599 -0.43079343 0.80222279 0.41334689 0
26.8498 85.366203 388.267 -0.42677408 0.81277698 0.39655697 0
26.8549 2.5403099 437.392 0.39702582 -0.91495317 0.072327249 0
26.856001 87.517303 383.315 0.1934337 0.9556374 0.22212748 0
26.8575 87.382599 383.76501 0.09269435 0.93964911 0.32934383 0
26.8615 5.3143401 440.211 -0.073755354 -0.30515072 0.94944364 0
26.8762 86.478798 385.98099 -0.34393749 0.85363001 0.39118129 0
26.8939 87.510498 378.59601 0.84333944 0.35002023 -0.40775537 0
26.9237 86.314301 378.59698 0.83967215 -0.3133418 -0.44358498 0
26.9291 6.9620099 440.21301 -0.64625227 0.023517696 0.76276135 0
26.929399 2.9944 437.923 0.55617726 -0.6051994 0.56956172 0
26.9317 6.5868502 440.24701 -0.60021847 -0.1892916 0.77711415 0
26.931999 87.079102 384.595 -0.096137814 0.96491027 0.24434745 0
26.9335 86.866302 385.15399 -0.23275505 0.90028954 0.36783665 0
26.934099 5.72434 440.21301 -0.21094073 -0.089370146 0.97340482 0
26.944201 87.510399 378.746 0.84333944 0.35002023 -0.40775537 0
26.9702 86.641197 385.71799 -0.24838875 0.87953669 0.40585494 0
26.9704 87.001701 384.81699 -0.022061149 0.95864725 0.28374061 0
26.997 86.912003 378.595 0.9225868 0.044912256 -0.38316634 0
26.9981 86.263496 386.543 -0.30852106 0.8542915 0.418331 0
27.0116 87.662201 379.19299 0.86607081 0.44484454 -0.2281111 0
27.021999 86.315903 378.97101 0.93324101 -0.33696419 -0.12456477 0
27.047501 87.660698 379.41901 0.84782052 0.50626266 -0.15779243 0
27.0599 2.76987 437.543 0.61736882 -0.63212454 0.46826738 0
27.0718 7.4774199 440.28 -0.66727889 0.072977491 0.74122411 0
27.0823 6.2869701 440.32199 -0.38734812 -0.19960213 0.90006691 0
27.082399 4.1412301 439.10001 0.43569458 -0.70635974 0.55787647 0
27.0916 87.266602 379.04599 0.95554268 0.20065837 -0.21604256 0
27.0977 87.662003 380.168 0.7828027 0.62090093 -0.041255064 0
27.106501 87.657898 380.46899 0.73329931 0.67947209 0.024285642 0
27.1194 82.938698 392.88101 -0.3560054 0.79860985 0.48526537 0
27.120399 3.4200399 438.181 0.56101751 -0.62035429 0.54810578 0
27.120899 83.319199 392.242 -0.41806784 0.78450412 0.45800933 0
27.134199 86.837196 379.04501 0.94781393 -0.0041069398 -0.31879747 0
27.1355 87.507797 379.57001 0.94212717 0.31596491 -0.11208294 0
27.231701 85.258499 388.86899 -0.40220231 0.81701481 0.41318291 0
27.232401 86.715401 385.71799 -0.14468084 0.91100878 0.38617408 0
27.232901 86.052002 387.21799 -0.35224468 0.84993631 0.39183155 0
27.233101 85.696198 387.96799 -0.34185067 0.83900887 0.42332283 0
27.2404 3.8182499 438.526 0.52108812 -0.67110711 0.52733517 0
27.2521 84.728897 389.90799 -0.40256089 0.80796063 0.43028399 0
27.261299 85.0326 389.336 -0.40107012 0.81615013 0.41598281 0
27.268101 86.348999 379.71799 0.93520278 -0.15145923 -0.32008728 0
27.2743 7.9741402 440.40799 -0.65673429 0.085119069 0.74930292 0
27.2915 87.363701 380.31799 0.90645939 0.39231816 -0.15626213 0
27.298401 84.140999 390.96799 -0.39545789 0.79300523 0.46341744 0
27.305201 83.740898 391.664 -0.41730487 0.79007369 0.44904363 0
27.316 86.986 379.79501 0.96885794 0.11960764 -0.21681391 0
27.320299 82.340698 394.03601 -0.38092628 0.79753178 0.46780151 0
27.3736 85.862801 380.319 0.81674558 -0.43633422 -0.37754348 0
27.375601 84.548302 390.34698 -0.38907629 0.80480468 0.44822881 0
27.3806 4.7104301 439.577 0.33700171 -0.70801455 0.62060076 0
27.381399 87.102097 384.44299 0.088656336 0.96276778 0.2553786 0
27.382999 86.400497 386.54199 -0.12437257 0.90796357 0.40016699 0
27.386101 6.869 440.633 -0.63264632 -0.018179186 0.77422744 0
27.3873 9.0145102 440.39801 -0.61426216 0.062133476 0.78665203 0
27.417801 3.3476601 437.785 0.60730201 -0.6509304 0.45549294 0
27.437799 82.786903 393.36899 -0.40252182 0.7817325 0.47630921 0
27.442699 86.837601 380.24301 0.94436562 0.14608735 -0.29467273 0
27.447901 87.186096 383.98999 0.30492327 0.93797463 0.16500106 0
27.4552 86.916397 385.18799 -0.034681071 0.95502299 0.29449677 0
27.4573 87.036797 384.668 0.24949263 0.85301507 0.45838711 0
27.459999 5.9893498 440.388 -0.23790357 -0.30644479 0.92167974 0
27.4638 6.59022 440.64401 -0.44048607 -0.26068264 0.85907888 0
27.513399 85.948898 387.66901 -0.20977134 0.91253251 0.35111305 0
27.5291 4.2402301 438.815 0.47961009 -0.72211081 0.498528 0
27.5313 85.445 388.75699 -0.34509069 0.85150695 0.39477631 0
27.5329 86.526299 386.31699 -0.016759653 0.93450499 0.3555553 0
27.533199 4.9787002 439.79501 0.33437446 -0.68593532 0.64628667 0
27.5518 86.362198 386.729 -0.12437257 0.90796357 0.40016699 0
27.5574 7.3923898 440.74301 -0.62950772 0.058325041 0.77480209 0
27.568399 82.318497 394.26999 -0.38508606 0.79352051 0.47120482 0
27.578699 85.487 381.293 0.80325186 -0.44468412 -0.39628586 0
27.5874 85.9366 380.84299 0.92470551 -0.24829012 -0.28856838 0
27.588499 86.837196 380.84299 0.92301697 0.32341024 -0.20843589 0
27.6056 86.884804 385.19199 -0.045817394 0.95559722 0.29109228 0
27.6056 83.391502 392.54501 -0.41373864 0.78117591 0.46753019 0
27.6056 86.884804 385.19199 -0.045817394 0.95559722 0.29109228 0
27.6056 83.391502 392.54501 -0.41373864 0.78117591 0.46753019 0
27.607401 5.8379898 440.39001 -0.18910113 -0.32836086 0.92542958 0
27.664 3.6394801 437.88101 0.58710498 -0.67469382 0.44732088 0
27.6686 86.611298 380.92001 0.95738637 0.045529678 -0.28519887 0
27.6812 3.5074799 437.69299 0.70896512 -0.58470321 0.39432299 0
27.681601 86.705704 385.793 0.2188201 0.93883067 0.26592246 0
27.6838 5.3350801 440.12399 0.33504516 -0.58160931 0.74126607 0
27.6912 86.906898 381.37 0.94969565 0.25413245 -0.18301597 0
27.7024 86.3871 380.992 0.95738637 0.045529678 -0.28519887 0
27.708 85.487396 381.59399 0.85687894 -0.39159852 -0.33527458 0
27.8055 84.3283 391.09799 -0.37845898 0.81161207 0.44503325 0
27.8337 4.1364698 438.37 0.44462314 -0.72240669 0.5295648 0
27.852699 83.745201 392.185 -0.41103989 0.789765 0.45532125 0
27.860701 86.386497 381.595 0.94349593 0.2561717 -0.2102177 0
27.8612 8.0027599 440.91101 -0.63146198 0.11106281 0.76741177 0
27.869499 85.018898 389.88101 -0.31248042 0.85114384 0.42179394 0
27.886499 4.8608699 439.388 0.41369686 -0.74310249 0.52597874 0
27.8897 84.413902 383.32401 0.6500268 -0.65933722 -0.3778089 0
27.891001 7.5248699 440.99701 -0.59050691 0.038063549 0.80613446 0
27.907101 86.496498 386.39301 0.084518068 0.94031739 0.32963604 0
27.9438 81.470398 395.939 -0.36288095 0.78193885 0.50684226 0
27.950899 85.028198 382.621 0.78982592 -0.46872333 -0.39556724 0
27.9543 86.462502 382.11801 0.95496851 0.28388309 -0.086287282 0
27.964199 82.595901 394.155 -0.41633072 0.77286154 0.47890893 0
27.982901 84.036201 391.78299 -0.38970205 0.8035844 0.4498716 0
27.987 86.2743 382.11899 0.97012246 0.051756572 -0.23703088 0
27.988001 85.787003 382.11801 0.93022555 -0.032881755 -0.36551225 0
28.0473 84.631401 383.28601 0.80214763 -0.46154696 -0.3788583 0
28.0509 4.8614602 437.44901 -0.082702205 -0.067352571 -0.99429572 0
28.0534 86.4216 386.54001 0.17723203 0.93456507 0.30850765 0
28.056999 86.098999 387.59201 -0.11203408 0.94472945 0.30811456 0
28.058399 85.819199 388.34 0.0080945939 0.92393798 0.38245669 0
28.0588 85.8843 388.18799 -0.0075459769 0.93214375 0.36200973 0
28.0609 7.1138802 441.10001 -0.45692512 -0.20788375 0.8648721 0
28.098801 83.440697 392.914 -0.40552348 0.78261608 0.47229525 0
28.112801 82.376198 394.64401 -0.42105624 0.76691532 0.48430628 0
28.115601 84.113503 384.21899 0.66161382 -0.65707982 -0.3612662 0
28.121 84.354797 383.83899 0.7166301 -0.58593404 -0.37831551 0
28.122499 85.506798 382.58899 0.93632245 -0.18795034 -0.29660571 0
28.1243 83.117599 393.461 -0.42089108 0.77573049 0.47020522 0
28.128599 8.9876804 440.98599 -0.59186339 0.090074122 0.80098963 0
28.131399 86.2565 386.992 0.15124716 0.95575005 0.25232157 0
28.131901 81.016098 396.78101 -0.35381866 0.80029362 0.48408929 0
28.1329 85.6455 388.754 -0.0048809978 0.9207561 0.3901082 0
28.1343 85.283302 389.54001 -0.18961723 0.901573 0.38885918 0
28.144699 86.3106 382.86899 0.92523211 0.34316301 -0.16181695 0
28.150101 84.601402 390.87601 -0.29759303 0.82737488 0.47632885 0
28.1513 7.9362898 441.14999 -0.47966594 0.012853104 0.87735707 0
28.1532 4.6579299 438.85901 0.42443466 -0.7372461 0.52566469 0
28.1556 10.2611 440.81699 -0.54406095 0.14066131 0.82717109 0
28.170099 84.804497 390.51801 -0.24159759 0.87120235 0.42736053 0
28.1717 86.067596 382.71899 0.96427625 0.059436403 -0.25814459 0
28.173 7.6373 441.18799 -0.45709381 0.0029903492 0.88941348 0
28.1982 85.462997 389.186 -0.1713912 0.9104836 0.37635717 0
28.2054 81.326698 396.34299 -0.39505768 0.77130139 0.49902263 0
28.2066 86.0811 387.51801 -0.11203408 0.94472945 0.30811456 0
28.2066 86.381401 386.31799 0.28091773 0.94421256 0.17189479 0
28.2066 86.0811 387.51801 -0.11203408 0.94472945 0.30811456 0
28.2066 86.381401 386.31799 0.28091773 0.94421256 0.17189479 0
28.2066 86.0811 387.51801 -0.11203408 0.94472945 0.30811456 0
28.2276 85.787102 382.79599 0.94911039 0.087114573 -0.30265585 0
28.241699 5.99435 440.45901 0.20478296 -0.56545633 0.79895127 0
28.262699 84.435402 383.992 0.79893094 -0.48030668 -0.36195973 0
28.2813 82.043602 395.32001 -0.38569632 0.77847326 0.49519461 0
28.2964 5.32833 439.71201 0.40489522 -0.72083008 0.5625512 0
28.2969 86.067101 383.24399 0.95545918 0.22635634 -0.18936887 0
28.3207 4.4384999 438.44501 0.39218995 -0.74445337 0.54034823 0
28.3428 85.1875 383.319 0.88432151 -0.24714184 -0.3961015 0
28.3528 4.9526601 439.14999 0.40105468 -0.74876267 0.52774006 0
28.354401 4.1779499 438.06601 0.35881332 -0.88434911 0.29862958 0
28.354799 85.872299 388.19 0.33636636 0.92717773 0.16492164 0
28.3564 85.8228 388.34201 0.0080945939 0.92393798 0.38245669 0
28.358 83.5672 392.918 -0.35191387 0.8055951 0.47662687 0
28.3652 85.786797 383.319 0.98405719 0.091834895 -0.15230815 0
28.3986 84.436203 384.255 0.85903221 -0.42813665 -0.28064683 0
28.4245 80.930397 397.15399 -0.40566587 0.76413387 0.50153226 0
28.431999 85.660896 388.716 0.23287956 0.91834027 0.32002854 0
28.4331 83.991501 392.242 -0.34044859 0.81742424 0.46466374 0
28.4706 7.1887798 441.228 -0.14312141 -0.33135319 0.93258852 0
28.496599 84.961601 383.918 0.89382768 -0.33149371 -0.30196685 0
28.505501 80.304497 398.19901 -0.359148 0.78577387 0.50355941 0
28.546499 85.206497 383.957 0.89382768 -0.33149371 -0.30196685 0
28.578699 5.4629302 437.65601 0.46963587 -0.19880746 -0.86018473 0
28.581499 8.53724 441.37399 -0.42119673 0.095268689 0.90195185 0
28.582001 85.457603 389.168 0.20616792 0.88594162 0.41545427 0
28.584299 5.9443302 440.26599 0.30568799 -0.73795199 0.60164917 0
28.5858 9.3987303 441.26401 -0.49360284 0.010735987 0.86962116 0
28.6471 85.784897 384.595 0.93147868 0.24420758 -0.26964819 0
28.649799 82.868202 394.341 -0.38843501 0.77024561 0.50580621 0
28.6567 85.242699 389.83899 0.098595686 0.99114609 0.088928632 0
28.6576 85.189003 389.98801 -0.051458634 0.93617302 0.3477529 0
28.6577 81.712097 396.14301 -0.41214561 0.76333797 0.4974446 0
28.658701 84.933098 390.59 -0.21221805 0.88573056 0.41284972 0
28.6598 85.112 384.36801 0.95837247 -0.09682247 -0.26860303 0
28.6766 84.228203 391.98001 -0.2765429 0.87564987 0.39593098 0
28.690901 81.301201 396.79901 -0.42282346 0.76272708 0.48935437 0
28.697701 83.453499 393.38 -0.34935033 0.81703025 0.45871118 0
28.6989 80.764397 397.63501 -0.41466627 0.76077741 0.49926913 0
28.7292 5.2744398 437.733 0.45846605 -0.16848031 -0.87259573 0
28.732401 79.494904 399.59299 -0.36528903 0.76811516 0.52589256 0
28.7327 84.688499 391.11801 -0.20758097 0.86041272 0.4654032 0
28.7334 7.6381302 441.397 -0.16597399 -0.21347478 0.96274668 0
28.7334 84.385002 391.71701 -0.1079246 0.89902532 0.42438871 0
28.7342 8.3117599 441.45599 -0.29770544 -0.01655774 0.95451421 0
28.734501 9.7364798 441.31 -0.4742364 0.077983648 0.87693691 0
28.7353 83.145897 393.965 -0.37080887 0.80560642 0.46205965 0
28.751699 82.417603 395.13 -0.39430073 0.77467692 0.49437097 0
28.757401 83.875999 385.68201 0.72091615 -0.54591858 -0.42691079 0
28.765499 10.7694 441.142 -0.53113687 0.135738 0.83634251 0
28.7675 84.362 385.11801 0.76945621 -0.43829328 -0.46458164 0
28.782301 84.925201 384.78201 0.98313236 0.005787903 -0.18280403 0
28.805201 80.024399 398.84601 -0.39482328 0.76380324 0.51060665 0
28.8053 85.221199 389.84 0.098595686 0.99114609 0.088928632 0
28.822901 85.562103 385.11801 0.95285809 0.19912134 -0.22893713 0
28.840099 84.587898 385.082 0.94737583 -0.15949492 -0.27756149 0
28.8832 6.1546102 440.29199 0.38014284 -0.6534974 0.65454757 0
28.883499 6.4735198 440.63699 0.2166377 -0.66719383 0.71268541 0
28.8841 85.635498 385.60599 0.91940373 0.36287814 -0.15171103 0
28.884899 84.061699 385.71799 0.86024272 -0.39250907 -0.32545215 0
28.9543 83.912598 386.01901 0.84017384 -0.47765508 -0.25681415 0
28.9554 85.149803 389.992 0.29243225 0.92904913 0.22660773 0
28.9566 84.952301 390.59201 0.18788658 0.90174747 0.38929442 0
28.957199 84.722397 391.11499 0.16897373 0.91280127 0.37180868 0
28.9846 83.2836 386.771 0.74899203 -0.53531218 -0.39045078 0
29.0144 4.7121 437.99301 0.80612844 -0.23179224 -0.5444532 0
29.015699 85.560799 386.319 0.95086092 0.26475307 -0.16052833 0
29.031601 83.8302 392.91901 -0.10149018 0.84198397 0.52987051 0
29.0327 84.156502 392.31699 -0.19501373 0.8656804 0.46104997 0
29.0618 85.110603 385.68301 0.96038187 0.13393247 -0.24439478 0
29.067801 5.2055402 438.966 0.41800618 -0.75608796 0.50358891 0
29.163 81.1492 397.44699 -0.41764331 0.75996095 0.49802956 0
29.1647 10.3835 441.47 -0.51393002 0.15052006 0.84452331 0
29.179001 6.8965702 440.95599 0.24603887 -0.67363381 0.69690913 0
29.180099 80.567497 398.32101 -0.40758315 0.75992477 0.50635004 0
29.1814 84.611801 391.30499 0.21461967 0.93523866 0.28154412 0
29.1814 9.7371302 441.582 -0.46854275 0.040769216 0.88249964 0
29.1814 84.611801 391.30499 0.21461967 0.93523866 0.28154412 0
29.1814 9.7371302 441.582 -0.46854275 0.040769216 0.88249964 0
29.181801 9.1744003 441.577 -0.44704753 -0.1082449 0.88793671 0
29.1831 83.190804 394.19199 -0.24804321 0.83620536 0.48911673 0
29.184099 83.449402 393.73999 -0.20106368 0.87597787 0.43844739 0
29.1856 5.9271202 439.798 0.37593067 -0.73991233 0.55785829 0
29.210199 85.261101 386.91901 0.90520883 0.42301336 -0.040702209 0
29.213499 84.362099 386.319 0.92252451 -0.2173599 -0.31890932 0
29.2208 82.649597 395.13 -0.32277194 0.7945708 0.5142718 0
29.238501 83.056 387.52301 0.77712303 -0.46798152 -0.42080057 0
29.250999 84.699402 386.35699 0.9474256 0.19096534 -0.25674307 0
29.2542 9.4365997 441.62799 -0.43806112 -0.0028628428 0.89894062 0
29.256399 8.9865198 441.569 -0.27519158 -0.080468938 0.95801586 0
29.256599 84.450302 391.71701 -0.033299431 0.91222829 0.40832675 0
29.256701 79.224403 400.34399 -0.38534006 0.74602276 0.54310501 0
29.258101 84.011497 392.689 -0.04122499 0.88035542 0.47251964 0
29.259701 81.806 396.51599 -0.40071937 0.77831262 0.48337716 0
29.294001 83.763 386.92001 0.86585075 -0.22661625 -0.44603536 0
29.3137 84.961197 386.91901 0.96316236 0.22569859 -0.14621359 0
29.321899 85.107803 387.96899 0.89225316 0.4477047 -0.058692198 0
29.332899 81.581703 396.92999 -0.38271263 0.77310306 0.50580895 0
29.333599 83.608902 393.51501 -0.13934875 0.90488666 0.40219647 0
29.334101 5.4760098 439.121 0.44714114 -0.73364133 0.51169837 0
29.3517 83.014801 394.60501 -0.18574478 0.86118317 0.47314101 0
29.369301 84.962601 387.51801 0.91555232 0.39702544 -0.06430231 0
29.3743 83.612 387.27499 0.86461735 -0.33803546 -0.37171072 0
29.383499 84.437103 386.84399 0.96634632 0.10142818 -0.23640464 0
29.3881 82.271301 395.88101 -0.36066204 0.800744 0.47825933 0
29.389299 82.832397 394.94199 -0.2463185 0.85022807 0.46523055 0
29.404699 84.612396 390.96701 0.37258285 0.89513022 0.24479368 0
29.406799 84.814003 387.36801 0.92723429 0.36021057 -0.10239597 0
29.407101 8.68682 441.56601 -0.24162363 -0.059789132 0.96852636 0
29.407301 84.130798 392.39401 -0.04122499 0.88035542 0.47251964 0
29.415001 84.962402 388.11801 0.92407942 0.37931564 -0.046870336 0
29.4193 84.512001 386.99301 0.98057562 0.11997654 -0.15516786 0
29.4433 84.385399 391.62299 0.10732765 0.91867989 0.38014209 0
29.4785 84.586502 387.40601 0.95028567 0.25750366 -0.17506842 0
29.4811 84.028603 392.617 -0.04122499 0.88035542 0.47251964 0
29.5023 83.987602 387.37 0.96736878 -0.096390262 -0.2343214 0
29.5683 83.386703 387.96799 0.91488832 -0.31545085 -0.25193274 0
29.594101 11.106 441.59 -0.50390333 0.14844684 0.85090834 0
29.595501 81.7883 396.81799 -0.296087 0.81905121 0.49141392 0
29.597099 81.100601 397.884 -0.37009463 0.78360546 0.4989914 0
29.599899 5.9902501 439.61801 0.39410952 -0.74864793 0.53310788 0
29.602699 84.434998 387.96899 0.94524258 0.32088476 -0.059577148 0
29.623199 84.660599 388.79401 0.87859333 0.47627357 -0.035174094 0
29.631599 6.4951501 440.28 0.35821801 -0.72909987 0.58317518 0
29.6677 78.732597 401.284 -0.39518237 0.73173034 0.55533922 0
29.684299 84.585701 389.24399 0.85917121 0.51156861 -0.011061146 0
29.6887 10.3369 441.78101 -0.43348336 0.1054605 0.8949694 0
29.7003 79.870598 399.75201 -0.40661347 0.75471067 0.51485658 0
29.7036 80.281998 399.14801 -0.37204388 0.76938713 0.51925594 0
29.7048 83.826599 392.98999 0.023538506 0.87456566 0.48433545 0
29.710199 80.759003 398.465 -0.39597943 0.75390601 0.52423853 0
29.721001 83.987396 388.19299 0.9479503 -0.010817413 -0.31823459 0
29.744499 82.740898 395.319 -0.20685786 0.87820238 0.43124288 0
29.777901 7.1199999 440.905 0.33068767 -0.60161924 0.7271176 0
29.7805 83.587997 393.51599 0.1804606 0.9047429 0.3858422 0
29.7829 82.522102 395.73001 -0.14120339 0.8535499 0.50151187 0
29.783001 82.323898 396.06699 -0.17428488 0.86116666 0.47751099 0
29.7836 82.146004 396.366 -0.27639526 0.81196898 0.51411289 0
29.8218 84.061699 388.71899 0.95903474 0.20214483 -0.19846861 0
29.8277 78.441902 401.789 -0.4145048 0.72795063 0.54614437 0
29.830999 82.562202 389.319 0.79795879 -0.39514071 -0.45511058 0
29.8335 84.357101 389.918 0.85713196 0.50866365 0.081154637 0
29.8498 83.9114 388.71899 0.97115844 0.067348234 -0.22872582 0
29.856199 83.420197 393.892 0.37988368 0.8760587 0.297001 0
29.8564 83.300201 394.19101 -0.093545303 0.94248396 0.32089442 0
29.8573 83.110802 394.63699 -0.11440766 0.89006585 0.44124109 0
29.860701 79.334396 400.64001 -0.40807414 0.7282452 0.55057645 0
29.8664 83.388298 388.72101 0.9622094 0.025233878 -0.27113888 0
29.8675 81.294197 397.79199 -0.35182938 0.79239225 0.49832785 0
29.895901 8.9877195 441.75299 -0.28623667 -0.15534438 0.94548225 0
29.8964 9.9245501 441.92499 -0.38154709 -0.11056957 0.91771245 0
29.932501 76.856903 403.98099 -0.35359517 0.74322993 0.56796104 0
29.9328 8.3876305 441.70099 -0.32600334 -0.11262402 0.93863606 0
29.9328 82.812401 395.241 -0.031197753 0.88850063 0.45781359 0
29.9328 8.3876305 441.70099 -0.32600334 -0.11262402 0.93863606 0
29.9328 82.812401 395.241 -0.031197753 0.88850063 0.45781359 0
29.9328 8.3876305 441.70099 -0.32600334 -0.11262402 0.93863606 0
29.9366 9.5894899 441.905 -0.30792889 -0.20232302 0.92964786 0
29.9429 83.986504 389.24399 0.97003561 0.13596459 -0.20135681 0
29.9527 80.958801 398.354 -0.33359909 0.78010654 0.52928764 0
29.9529 82.473099 389.66 0.93036222 -0.21158046 -0.29943258 0
29.9631 82.185204 389.992 0.78323233 -0.47020826 -0.40675703 0
29.988199 78.050598 402.444 -0.36873072 0.76428032 0.52906829 0
29.999201 83.086197 389.27899 0.94821525 -0.16881265 -0.26905417 0
30.005301 6.25911 439.716 0.41953579 -0.74887592 0.51300544 0
30.0065 83.425903 393.668 0.37988368 0.8760587 0.297001 0
30.0082 5.9156799 439.194 0.44302833 -0.75776672 0.47907773 0
30.0109 83.263199 394.19699 0.21245955 0.9191317 0.33174977 0
30.018101 83.7239 389.319 0.97621536 0.062732957 -0.20752877 0
30.0254 77.300697 403.448 -0.36028898 0.73038024 0.58029008 0
30.043501 83.349701 389.319 0.96326947 0.056630552 -0.26249737 0
30.062599 7.1296101 440.742 0.40892953 -0.68953729 0.59775823 0
30.0777 78.997902 401.24899 -0.42180106 0.72203809 0.54840213 0
30.082701 81.877701 396.96799 -0.1732799 0.86910707 0.4632785 0
30.083099 7.7544398 441.44199 0.10906174 -0.63107622 0.76801586 0
30.1168 82.4888 389.995 0.89466286 -0.24912359 -0.37083131 0
30.154301 83.015701 394.789 0.080800362 0.91262633 0.40072989 0
30.155701 11.1624 441.90399 -0.48402503 0.1176463 0.86710966 0
30.1569 82.812103 395.24301 -0.031197753 0.88850063 0.45781359 0
30.194201 83.312202 389.92801 0.95777571 0.18478969 -0.22026913 0
30.2138 78.493698 402.01199 -0.41086271 0.72564578 0.55193299 0
30.2323 80.338898 399.48099 -0.39219707 0.77297843 0.49868408 0
30.250799 80.636497 399.03101 -0.3564699 0.78498769 0.50667894 0
30.2696 6.4968901 439.83099 0.42478937 -0.70458424 0.56843215 0
30.270201 81.4953 397.71701 -0.13332769 0.86537385 0.48306498 0
30.276699 82.187599 390.59399 0.87514865 -0.29563382 -0.38303456 0
30.3099 82.718201 395.397 -0.057274781 0.88481796 0.46240324 0
30.316601 83.235497 390.44501 0.96509659 0.20975511 -0.15681645 0
30.345301 7.4550099 440.88101 0.41239867 -0.690422 0.59434402 0
30.355499 82.749298 390.517 0.93831104 -0.084437005 -0.33532485 0
30.3633 9.26793 441.93799 -0.23801236 -0.24400803 0.94011182 0
30.382099 82.188599 396.517 -0.1071941 0.86449015 0.49108672 0
30.4205 9.9801302 442.14899 -0.31024149 -0.12824042 0.9419685 0
30.420601 81.787598 397.26501 -0.027011804 0.88368726 0.46729776 0
30.4282 81.515198 391.646 0.78160536 -0.41138652 -0.46888608 0
30.429501 82.153 390.97299 0.89928555 -0.29702675 -0.32103047 0
30.4533 81.289001 391.96399 0.7527743 -0.50413638 -0.4232935 0
30.454399 82.449203 395.98801 0.14061961 0.90271848 0.40660235 0
30.4557 82.308899 396.28699 0.16049239 0.89625657 0.41348076 0
30.456699 76.002602 405.44501 -0.33023125 0.75266427 0.56959975 0
30.457899 79.395302 401.01801 -0.38270512 0.74191862 0.55053931 0
30.494301 80.807999 398.91901 -0.21285489 0.81142545 0.54431748 0
30.501699 82.6745 391.026 0.94963872 0.038642049 -0.31095514 0
30.5282 7.9909601 441.582 0.14951752 -0.62711477 0.76444197 0
30.5303 7.0660601 440.32501 0.42341855 -0.69676363 0.57899666 0
30.5322 79.964798 400.26901 -0.28433934 0.79498607 0.53586221 0
30.533001 79.757599 400.56699 -0.35220787 0.75648034 0.55107814 0
30.533501 81.2117 398.31601 -0.16994168 0.88477552 0.43392643 0
30.533701 11.4991 442.069 -0.46468595 0.11560763 0.87789625 0
30.535101 80.1726 399.96399 -0.30857483 0.8009975 0.51301521 0
30.5434 79.120796 401.44699 -0.37908506 0.73918605 0.55668533 0
30.5459 81.738602 391.64499 0.82182175 -0.4022173 -0.40352228 0
30.550699 76.877098 404.328 -0.35595411 0.73784012 0.57348812 0
30.5576 81.007599 392.49799 0.74141568 -0.51106173 -0.43487778 0
30.5695 10.6371 442.19901 -0.46307603 0.079845242 0.88271475 0
30.5711 81.003304 398.65302 -0.1549456 0.85174412 0.50052357 0
30.5844 82.636597 391.38199 0.96113116 0.1272009 -0.24504445 0
30.5907 80.579201 393.061 0.70784712 -0.55322891 -0.43919268 0
30.6059 82.210602 396.44199 0.16049239 0.89625657 0.41348076 0
30.608 82.423302 395.91901 0.14061961 0.90271848 0.40660235 0
30.6602 82.626701 391.75699 0.96188492 0.18468352 -0.20166647 0
30.663401 82.149696 391.71899 0.95169258 -0.091722712 -0.2930328 0
30.663799 11.0963 442.194 -0.46468595 0.11560763 0.87789625 0
30.680401 82.117104 396.59201 0.10643066 0.88310438 0.45694548 0
30.682199 6.90484 440.01801 0.46988609 -0.696513 0.54228842 0
30.694 78.815498 401.953 -0.36847293 0.75014955 0.54909325 0
30.697001 80.915001 392.85501 0.78656691 -0.48234212 -0.38556263 0
30.7374 6.7153401 439.71701 0.55916876 -0.70256692 0.44014776 0
30.766899 7.58113 440.76901 0.4003211 -0.72920406 0.55498153 0
30.8002 82.336502 392.24399 0.972601 0.14728986 -0.1798695 0
30.802999 81.588699 392.39499 0.87635052 -0.22687346 -0.42489782 0
30.8267 82.149498 392.319 0.97791702 0.056034844 -0.20134158 0
30.827299 8.1308899 441.58499 0.3627305 -0.51866305 0.7742191 0
30.8351 11.6861 442.202 -0.4395546 0.11061699 0.89137852 0
30.9065 81.650902 397.492 0.10314813 0.9306699 0.35101852 0
30.9083 78.616501 402.367 -0.35921213 0.7602548 0.54127556 0
30.9086 77.266899 404.09201 -0.39944071 0.71348774 0.5756582 0
30.908701 81.774803 397.19501 0.35977614 0.90956807 0.20795915 0
30.944201 76.740097 404.76901 -0.40650389 0.7114588 0.57321984 0
30.9575 81.391296 392.97601 0.88639957 -0.30734915 -0.34616801 0
30.981501 81.513496 397.75601 0.18602329 0.88926768 0.41784966 0
30.983 8.9872999 442.03601 -0.19950843 -0.14526257 0.96906924 0
30.9916 74.643799 407.45901 -0.33347097 0.72731614 0.59984022 0
31.0191 76.4524 405.18201 -0.38171265 0.72959268 0.56744158 0
31.0411 80.952003 393.521 0.93012756 -0.17661709 -0.3219769 0
31.0539 81.221298 398.38501 0.0070716375 0.86672854 0.49872997 0
31.056801 81.066498 398.69101 0.25786492 0.87382311 0.41223639 0
31.056999 10.487 442.43301 -0.32094607 -0.1112015 0.94054657 0
31.057301 80.908699 398.99399 -0.071295865 0.91630864 0.39407527 0
31.0653 80.705597 393.78101 0.9198122 -0.22913685 -0.3184993 0
31.0968 80.389503 394.121 0.78908396 -0.45414421 -0.41364187 0
31.1318 78.186096 403.082 -0.36525616 0.7420854 0.5620473 0
31.131901 9.2113895 442.10599 -0.076669745 -0.29680303 0.95185596 0
31.132299 80.285202 400.11801 -0.14213733 0.85052478 0.50636411 0
31.132799 79.479897 401.31699 -0.28907374 0.79573011 0.53221232 0
31.133101 80.647102 399.51501 0.086652175 0.89614028 0.43522871 0
31.1334 80.478104 399.814 0.02908292 0.86751634 0.49655777 0
31.133699 9.9268999 442.345 -0.17945036 -0.24372038 0.95309913 0
31.135401 80.127502 394.422 0.77673 -0.4433707 -0.4473398 0
31.1509 76.057602 405.78101 -0.36679626 0.74559748 0.55636758 0
31.1562 11.3282 442.41199 -0.43247458 0.13754112 0.89109379 0
31.169001 7.4137201 440.242 0.44318339 -0.71140176 0.54543197 0
31.1703 79.915497 400.67899 -0.18611945 0.78460157 0.59140503 0
31.172501 77.690598 403.75201 -0.38493052 0.72530675 0.57075268 0
31.1742 81.586899 393.595 0.95505542 -0.0067519187 -0.29635036 0
31.188801 81.137703 393.745 0.92177451 -0.17333224 -0.34682518 0
31.203699 75.362297 406.68701 -0.34215605 0.72646421 0.59596896 0
31.2076 9.5501499 442.233 -0.076669745 -0.29680303 0.95185596 0
31.214701 80.650597 394.12 0.85425067 -0.32197967 -0.40814817 0
31.2799 81.662399 394.11801 0.95948398 0.23364672 -0.15747924 0
31.2824 77.952599 403.49301 -0.33269531 0.74628371 0.57651925 0
31.3459 81.287201 394.194 0.95125276 -0.020402933 -0.30773681 0
31.354601 81.030403 398.54099 0.25786492 0.87382311 0.41223639 0
31.3578 80.851196 398.99399 0.3249858 0.85094422 0.41264775 0
31.3923 81.426399 394.457 0.98233366 0.16783181 -0.082783557 0
31.430799 7.1384702 439.642 0.46734047 -0.78178769 0.41279644 0
31.432301 79.159203 401.918 -0.069838971 0.85213596 0.51863939 0
31.4328 79.8545 400.86499 0.06506902 0.89266151 0.44600606 0
31.433201 78.4226 402.96701 -0.32989442 0.7620194 0.55722177 0
31.443701 80.706398 394.58801 0.8554135 -0.23690084 -0.46059278 0
31.4522 78.680099 402.629 -0.195686 0.79898506 0.56862098 0
31.4674 80.388802 394.79599 0.90279937 -0.16428138 -0.39744797 0
31.483 79.751404 395.32001 0.80430776 -0.39023608 -0.44811255 0
31.487 8.0127802 440.883 0.38875347 -0.76167798 0.51837951 0
31.506599 80.580002 399.59201 0.30031878 0.90493178 0.30150801 0
31.5308 79.937202 395.24399 0.80255067 -0.41005111 -0.43332496 0
31.5812 80.251503 400.19199 0.10611026 0.85525697 0.50722396 0
31.5833 77.580498 404.16699 -0.34457552 0.7499181 0.564704 0
31.583401 7.6300201 440.245 0.37726685 -0.76898098 0.51607937 0
31.5882 8.3973303 441.375 0.40921015 -0.75147837 0.51752037 0
31.618601 75.2024 407.133 -0.36296844 0.71504235 0.59746832 0
31.642099 76.6035 405.436 -0.38794413 0.72165668 0.57333326 0
31.6528 80.405197 399.888 0.29826465 0.88740152 0.35150641 0
31.6569 79.904404 400.79199 0.06506902 0.89266151 0.44600606 0
31.6576 79.552902 401.388 -0.066172324 0.85892946 0.50780064 0
31.6674 80.874199 395.319 0.9352231 0.15905379 -0.31632209 0
31.677601 79.487602 395.91901 0.82278347 -0.37810892 -0.42433593 0
31.678699 80.105904 395.45001 0.93213248 -0.11618925 -0.34297106 0
31.684601 73.584801 409.08301 -0.32101262 0.71625471 0.61962092 0
31.6929 11.5193 442.61801 -0.41794294 0.15843181 0.89455187 0
31.6938 9.2943497 442.18701 0.0074984762 -0.31528649 0.94896692 0
31.6943 12.1934 442.49399 -0.47406766 0.12682953 0.871306 0
31.6961 78.834702 402.51401 -0.08792337 0.80693513 0.58405924 0
31.720501 79.259903 396.216 0.84631503 -0.33755994 -0.41207305 0
31.7297 75.669998 406.647 -0.38402393 0.70748717 0.59328538 0
31.7314 73.088799 409.68301 -0.30757377 0.72992355 0.6104179 0
31.731701 9.9966803 442.392 -0.076251581 -0.30527011 0.94920802 0
31.732599 79.224998 401.918 0.029267838 0.82844758 0.55930138 0
31.733101 7.3751602 439.71899 0.48692614 -0.81349045 0.31801921 0
31.733299 10.7137 442.65302 -0.17580874 -0.25576493 0.95061851 0
31.7337 77.430496 404.466 -0.29708475 0.76786602 0.56755835 0
31.7337 76.957298 405.06699 -0.3574107 0.72773415 0.58537221 0
31.7337 77.430496 404.466 -0.29708475 0.76786602 0.56755835 0
31.7337 76.957298 405.06699 -0.3574107 0.72773415 0.58537221 0
31.7339 78.0289 403.67801 -0.32792112 0.75419831 0.56890476 0
31.735701 77.198799 404.763 -0.30488268 0.75825965 0.57627147 0
31.736601 11.2358 442.70801 -0.43008 0.018443212 0.90260237 0
31.765699 78.928001 396.59698 0.70183057 -0.53800398 -0.46688926 0
31.769899 8.5954199 441.51801 0.28789991 -0.72028869 0.6311084 0
31.770901 12.6993 442.478 -0.475099 0.0959251 0.87468815 0
31.796301 80.762299 395.76801 0.98589993 0.041501828 -0.16210783 0
31.805 74.218498 408.41 -0.33772868 0.7098068 0.61815339 0
31.807699 79.8545 400.79401 0.06506902 0.89266151 0.44600606 0
31.815001 80.2556 399.965 0.25947639 0.86122572 0.43699223 0
31.8435 80.986504 396.59299 0.84732789 0.5297032 -0.038078424 0
31.8526 79.899803 395.99301 0.90211463 -0.26173893 -0.34304807 0
31.8692 80.686401 395.995 0.98561931 0.095966846 -0.13908617 0
31.9382 76.164703 406.194 -0.37880063 0.7128042 0.59027135 0
31.9533 79.513298 401.38699 0.15050705 0.86818045 0.47287455 0
31.9534 79.792503 400.79001 0.15703173 0.8734526 0.46089211 0
32.002102 74.630203 408.04401 -0.37856033 0.70496637 0.59976202 0
32.028801 80.012199 396.51801 0.94535863 -0.12124716 -0.30264851 0
32.030899 11.5379 442.78201 -0.42110497 0.13788664 0.89646965 0
32.031799 9.5143805 442.255 0.086849391 -0.3911064 0.91623849 0
32.0327 77.764801 404.168 -0.1640335 0.76993549 0.61667848 0
32.033001 77.335999 404.767 -0.22997774 0.76048946 0.60726112 0
32.0331 78.060699 403.75299 -0.032981437 0.83102328 0.55525905 0
32.0522 79.787697 396.595 0.93771023 -0.11977427 -0.32611904 0
32.096001 79.038101 397.12 0.83460534 -0.38349953 -0.39542639 0
32.104198 79.225304 401.83899 0.11921082 0.80000174 0.5880357 0
32.133499 80.237801 397.043 0.95032912 0.21061788 -0.22916076 0
32.159 8.9162502 441.66199 0.35152176 -0.69383401 0.62851161 0
32.1777 7.6738601 439.90201 0.58140641 -0.78039366 0.23011369 0
32.178101 13.826 442.50101 -0.45038962 0.19953507 0.87024993 0
32.179901 12.1374 442.76599 -0.47669318 0.12223044 0.87053049 0
32.181702 9.3639898 442.12799 0.22944941 -0.65646631 0.71861327 0
32.189098 8.5440798 441.11499 0.40795642 -0.74418241 0.52892733 0
32.191299 70.972801 412.28 -0.35124925 0.66429991 0.65979511 0
32.197498 79.3936 397.15701 0.96265507 -0.080784447 -0.25839725 0
32.218498 72.844704 410.245 -0.37064978 0.70093971 0.60934573 0
32.250401 80.234703 398.20599 0.88702965 0.46145859 -0.015309719 0
32.2547 78.767899 402.59 0.12335864 0.8960827 0.42640173 0
32.255299 79.100304 401.991 0.27828917 0.85667783 0.43434805 0
32.255402 73.821098 409.12201 -0.36797094 0.69392323 0.61892486 0
32.256401 78.436096 403.189 0.060346965 0.85780841 0.51041448 0
32.256599 11.3118 442.91501 -0.37356761 -0.15101308 0.91522801 0
32.257 78.605698 402.89301 0.31828859 0.84644216 0.42688176 0
32.257599 10.4876 442.629 -0.16993587 -0.32729131 0.92951721 0
32.257801 11.5367 442.90201 -0.42110497 0.13788664 0.89646965 0
32.263699 80.159203 397.71899 0.93094838 0.35075364 -0.10152347 0
32.268101 78.9776 397.57999 0.91494739 -0.20642255 -0.34678671 0
32.2701 77.690399 398.69601 0.66541672 -0.56972468 -0.48232186 0
32.3144 76.001198 406.642 -0.3802523 0.70992398 0.5928036 0
32.320702 79.748398 397.57101 0.96676338 0.078019157 -0.24347818 0
32.3232 73.394096 409.66199 -0.37103361 0.70654106 0.60260588 0
32.333 77.422096 404.76599 -0.16361615 0.82307994 0.54384661 0
32.333199 76.522598 406.004 -0.21864508 0.76832098 0.60156232 0
32.333302 75.599503 407.129 -0.35944799 0.70250469 0.61423475 0
32.333302 10.8267 442.77399 -0.17292728 -0.29820201 0.93870747 0
32.333302 75.599503 407.129 -0.35944799 0.70250469 0.61423475 0
32.333401 77.0047 405.366 -0.18735856 0.79608387 0.57545394 0
32.333698 76.257401 406.341 -0.29333743 0.75486016 0.58663386 0
32.3442 12.7034 442.79599 -0.46216887 0.13585317 0.87632406 0
32.3494 8.0308399 440.27899 0.45039609 -0.74829108 0.48703575 0
32.375 79.785599 397.87 0.9577862 0.26764733 -0.10493111 0
32.3825 77.5345 399.06601 0.76621938 -0.49303111 -0.41210216 0
32.400002 7.7045698 439.79099 0.75491232 -0.63403922 0.16763553 0
32.4072 78.653503 402.668 0.31828859 0.84644216 0.42688176 0
32.4076 78.408096 403.194 0.28561333 0.85259777 0.43760955 0
32.416901 79.863503 398.46799 0.97066444 0.23952736 -0.020907929 0
32.429798 77.8396 398.80801 0.84062535 -0.34383705 -0.41847953 0
32.436798 77.312401 399.36899 0.75290161 -0.49502191 -0.4336963 0
32.483299 79.487198 398.24301 0.96961868 0.18453859 -0.16057742 0
32.495399 79.186996 398.168 0.9634828 0.075154036 -0.25700736 0
32.520699 72.300102 411.048 -0.36839679 0.70116717 0.61044931 0
32.521301 75.047096 407.888 -0.30349737 0.73200351 0.60996735 0
32.572701 79.559601 399.36801 0.9377256 0.34666926 0.022161257 0
32.577801 74.539497 408.51599 -0.35528141 0.71940434 0.59685218 0
32.6147 13.7303 442.755 -0.43703559 0.15672113 0.88568527 0
32.628799 8.9179602 441.30801 0.41348639 -0.74700177 0.52059329 0
32.629299 8.1574202 440.23999 0.55051291 -0.7264058 0.41142458 0
32.631302 78.054298 403.71701 0.31040737 0.82863992 0.46583596 0
32.632 77.694298 404.31699 0.11172234 0.89134884 0.43933517 0
32.632099 9.54317 442.11801 0.2229028 -0.70139676 0.67702067 0
32.632198 77.4422 404.76599 0.11847733 0.87108564 0.4766266 0
32.632599 76.089104 406.71799 -0.27646062 0.75151592 0.5989936 0
32.632702 8.3517103 440.50601 0.45563301 -0.73887366 0.49645171 0
32.6516 79.260002 398.92001 0.970294 0.23185156 -0.069097407 0
32.663399 78.587799 398.771 0.93859971 -0.14633836 -0.31243503 0
32.727501 78.886101 398.996 0.9655813 0.19686843 -0.16998716 0
32.766499 12.4126 443.04901 -0.4168596 0.12840211 0.89985609 0
32.787701 74.467499 408.73499 -0.31068709 0.69064862 0.65305287 0
32.7966 76.650597 405.974 -0.07716357 0.82982767 0.55265886 0
32.8228 77.951599 399.522 0.96004558 -0.063405655 -0.2725659 0
32.824402 76.566299 400.64801 0.6869362 -0.52780956 -0.49953556 0
32.847401 78.959396 400.11801 0.9103815 0.41363338 -0.01063111 0
32.854301 77.287697 404.98499 0.11497005 0.88741368 0.44640657 0
32.858601 10.4895 442.78601 -0.14409675 -0.37273329 0.91668206 0
32.865601 11.6136 443.194 -0.36637664 -0.2211497 0.90380359 0
32.866299 78.662598 399.51801 0.9836731 0.074520208 -0.16381089 0
32.874699 76.880699 400.45599 0.76535469 -0.45290005 -0.45728958 0
32.8769 13.6367 442.89001 -0.35638312 0.16130166 0.92031127 0
32.905102 78.287498 399.59601 0.96102524 -0.033248719 -0.27445409 0
32.913898 77.613602 399.97101 0.95631057 -0.095850699 -0.27619326 0
32.9305 71.171997 412.50299 -0.37246704 0.66687059 0.64540833 0
32.9314 10.7856 442.87701 -0.12223348 -0.38663167 0.91409785 0
32.9319 13.1872 442.98901 -0.36136252 0.12662037 0.92378807 0
32.932098 10.1172 442.64899 -0.080086462 -0.38404244 0.91983563 0
32.9324 77.051498 405.36801 0.28024545 0.83648723 0.47090507 0
32.932598 76.867302 405.66901 0.057794988 0.8736527 0.48310527 0
32.932598 76.285896 406.53101 -0.052097965 0.86945903 0.49125025 0
32.932598 76.867302 405.66901 0.057794988 0.8736527 0.48310527 0
32.932598 76.285896 406.53101 -0.052097965 0.86945903 0.49125025 0
32.932598 76.867302 405.66901 0.057794988 0.8736527 0.48310527 0
32.934399 75.831703 407.16199 -0.22386807 0.74284267 0.63092619 0
32.935799 11.3901 443.147 -0.27635261 -0.37900543 0.88316709 0
32.936298 73.624001 409.78699 -0.34196478 0.72708064 0.59532666 0
32.954399 74.358498 408.96301 -0.28981987 0.73155385 0.61711705 0
32.969898 14.1432 442.836 -0.37244546 0.17783861 0.91085553 0
32.9701 8.7342901 440.76901 0.436836 -0.74106425 0.50990009 0
32.977699 76.297699 401.16699 0.75504607 -0.46240783 -0.46484882 0
32.998798 78.4356 400.04501 0.9796657 0.14207442 -0.14166836 0
33.0014 77.838097 400.04599 0.962295 -0.077603787 -0.26070285 0
33.005299 77.243797 404.98999 0.27946621 0.8517372 0.4432182 0
33.006199 77.597198 404.242 0.37455446 0.83658701 0.39978883 0
33.007301 77.4907 404.46799 0.2600345 0.86632174 0.42646068 0
33.0075 70.654503 413.077 -0.36676356 0.66534936 0.65022665 0
33.008701 73.898903 409.51001 -0.34159267 0.71185726 0.61365604 0
33.032101 78.510101 401.168 0.91059929 0.4126513 -0.022973308 0
33.045601 78.286003 400.19501 0.96801198 0.15576224 -0.19670001 0
33.066601 77.218803 400.569 0.87921685 -0.2962245 -0.37313375 0
33.0779 8.5297003 440.35199 0.5540275 -0.74868631 0.36403608 0
33.082699 75.106697 408.12399 -0.2026474 0.77301639 0.60114866 0
33.155899 10.118 442.61401 0.14156719 -0.52254951 0.84077388 0
33.1562 76.823799 405.66599 0.18398719 0.83304173 0.5217185 0
33.159401 78.0625 400.71799 0.9608742 0.22973916 -0.15472782 0
33.1637 75.9842 401.772 0.78304005 -0.43004847 -0.44934025 0
33.2145 9.3105297 441.40701 0.39291957 -0.7883265 0.47345072 0
33.215 77.687302 400.793 0.96548569 -0.020343624 -0.25966039 0
33.215099 76.786903 401.20599 0.87575668 -0.27013209 -0.40009859 0
33.225498 75.435997 402.405 0.7104919 -0.50125492 -0.49390772 0
33.2309 8.8180199 440.655 0.46515706 -0.7501756 0.46996331 0
33.231201 9.6966 442.04099 0.2442117 -0.78657371 0.56715292 0
33.232201 76.361397 406.38 0.23335996 0.8681801 0.43795711 0
33.2323 75.863701 407.16299 0.11253532 0.84531331 0.52228463 0
33.233601 13.3364 443.06799 -0.33963791 0.15833281 0.92713368 0
33.2342 11.3892 443.26001 -0.28300452 -0.35153192 0.89237535 0
33.234798 72.875397 410.83899 -0.28092182 0.73401999 0.61830223 0
33.270401 74.831497 408.55399 -0.12395389 0.76295596 0.63445544 0
33.3022 77.834503 401.39499 0.94305938 0.32002687 -0.090673968 0
33.306 11.6874 443.39401 -0.47774869 0.069676295 0.87572908 0
33.3074 12.4369 443.24799 -0.35989895 0.20028481 0.91124022 0
33.3074 10.3369 442.737 0.011582526 -0.40413603 0.91462559 0
33.308899 76.909599 405.37 0.28024545 0.83648723 0.47090507 0
33.316502 13.9136 443.00101 -0.34276691 0.15673241 0.92625362 0
33.379601 77.760696 401.91901 0.94323158 0.33201137 0.0090879193 0
33.381199 73.255898 410.47101 -0.29440957 0.73377323 0.61229062 0
33.382099 77.386803 401.39499 0.97651988 -0.0068390779 -0.21531883 0
33.382198 75.635597 407.46799 0.096463367 0.8287437 0.55125195 0
33.382301 75.4207 407.76999 0.038757533 0.80915987 0.58630896 0
33.383301 68.385399 415.53601 -0.35261416 0.65343904 0.66983628 0
33.392899 71.735901 412.19101 -0.33260879 0.69094896 0.64184183 0
33.400799 70.092003 413.866 -0.35936469 0.66273773 0.65698987 0
33.4487 76.421898 406.181 0.27740493 0.81746703 0.50477135 0
33.455101 14.4254 442.965 -0.38633981 0.15755029 0.90880108 0
33.457298 76.638199 401.84601 0.93852168 -0.041019965 -0.34277454 0
33.457401 69.279999 414.70499 -0.35929269 0.65452498 0.66521108 0
33.4575 76.147797 406.64401 0.17704575 0.83319014 0.52387875 0
33.457901 9.4371595 439.72198 0.41148454 0.073309891 -0.9084636 0
33.472801 11.906 443.47501 -0.45912108 0.0734699 0.88533044 0
33.4893 77.237099 401.84399 0.97766882 0.077439591 -0.19536334 0
33.498798 72.815201 411.061 -0.28092182 0.73401999 0.61830223 0
33.508801 75.622498 402.66599 0.85813206 -0.2928026 -0.42175347 0
33.530499 13.1878 443.185 -0.3339943 0.14435284 0.93145591 0
33.532001 72.016701 411.96899 -0.27314833 0.70704758 0.65228343 0
33.533501 75.850304 402.51901 0.85813206 -0.2928026 -0.42175347 0
33.533798 73.616096 410.12701 -0.26078057 0.75870609 0.59695774 0
33.533901 72.564903 411.36499 -0.27463958 0.72629231 0.63013697 0
33.552299 76.712402 402.07001 0.96301275 0.027534723 -0.26804528 0
33.558201 75.363701 402.97 0.7475968 -0.49225596 -0.44585094 0
33.560799 74.545303 408.96701 -0.06259235 0.76270717 0.64370799 0
33.569 9.9811201 439.74301 0.44769555 -0.11572973 -0.88666528 0
33.5695 10.6387 442.86499 -0.0071754484 -0.36114854 0.93248069 0
33.589298 71.413902 412.633 -0.35214341 0.66815645 0.65540975 0
33.640301 76.973602 402.37 0.98205835 0.11499152 -0.14946003 0
33.664299 76.487503 402.44501 0.9345693 -0.14578219 -0.32454246 0
33.674801 67.445999 416.58499 -0.34077865 0.64438903 0.68456751 0
33.681702 75.961601 406.793 0.30122036 0.81310409 0.49812448 0
33.682999 74.029602 409.66 -0.1161003 0.7955609 0.59464574 0
33.6847 12.5856 443.35101 -0.37253493 0.20401081 0.90531611 0
33.6847 72.952797 410.987 -0.25113586 0.76415259 0.59413934 0
33.6847 12.5856 443.35101 -0.37253493 0.20401081 0.90531611 0
33.6847 72.952797 410.987 -0.25113586 0.76415259 0.59413934 0
33.6847 12.5856 443.35101 -0.37253493 0.20401081 0.90531611 0
33.6847 72.952797 410.987 -0.25113586 0.76415259 0.59413934 0
33.693699 74.665199 403.72 0.74994493 -0.37038088 -0.54808813 0
33.718102 14.1813 443.10999 -0.36650577 0.12147288 0.92245209 0
33.7225 66.619698 417.379 -0.34500283 0.63653678 0.68977821 0
33.753399 75.659599 407.314 0.29129082 0.80221957 0.5211463 0
33.756599 10.4895 442.77701 0.20049149 -0.58889002 0.78295064 0
33.813801 9.5705004 441.444 0.33656999 -0.83318943 0.43876651 0
33.831501 75.180496 408.06601 0.3754124 0.83806366 0.39587227 0
33.831799 73.545303 410.32001 -0.044333223 0.76140279 0.64676148 0
33.832699 10.1154 442.41901 0.23968619 -0.72092462 0.65024471 0
33.867599 76.412003 403.11899 0.96037596 0.18490228 -0.20854066 0
33.897598 76.187103 403.194 0.93819612 0.010951256 -0.34593081 0
33.906399 75.289597 407.84201 0.35131171 0.78361517 0.51237422 0
33.936298 72.8088 411.23499 -0.1804412 0.74644434 0.64051682 0
33.972 75.550003 403.569 0.901604 -0.20602475 -0.38034725 0
33.9818 74.485603 409.043 0.13351698 0.80463076 0.57856941 0
33.982498 73.804901 409.979 0.056710109 0.78396118 0.61821425 0
33.983101 13.618 443.29999 -0.43593183 0.11810944 0.89219594 0
33.985901 12.0619 443.62399 -0.40170553 -0.27559629 0.87331516 0
34.002998 9.94664 442.047 0.26820013 -0.84982419 0.45372629 0
34.0145 74.384598 404.39099 0.85699314 -0.28426087 -0.42983544 0
34.019699 69.834198 414.46799 -0.34092605 0.66701406 0.66246635 0
34.02 72.529198 411.59299 -0.17180084 0.76838028 0.61650324 0
34.037201 10.7714 442.87299 0.21824867 -0.5464229 0.80857253 0
34.041 73.8265 404.92099 0.66441721 -0.51868123 -0.5380702 0
34.054199 13.188 443.38501 -0.43020427 0.1413195 0.89160144 0
34.056499 9.7368603 440.05099 0.49436042 -0.3618623 -0.79035652 0
34.056499 71.549896 412.72101 -0.2307197 0.75857085 0.60937566 0
34.057301 11.9119 443.711 -0.26732543 -0.57103461 0.77618074 0
34.073399 75.886902 403.79501 0.96025693 0.084230065 -0.26610512 0
34.077702 14.8272 443.18799 -0.45911017 0.1711264 0.87174171 0
34.090401 74.876297 404.17099 0.83262992 -0.18898429 -0.52058852 0
34.129902 12.963 443.466 -0.46443439 0.17445897 0.86825389 0
34.131302 11.3656 443.246 0.17283221 -0.5891692 0.78930897 0
34.132198 11.5198 443.392 0.11942717 -0.54187006 0.83193392 0
34.132401 9.6403599 441.36899 0.36251065 -0.84789884 0.38685086 0
34.132599 73.287598 410.69 0.054211818 0.77361017 0.63133854 0
34.132599 72.244598 411.96701 -0.20101027 0.74197477 0.63958442 0
34.132599 73.287598 410.69 0.054211818 0.77361017 0.63133854 0
34.132599 72.244598 411.96701 -0.20101027 0.74197477 0.63958442 0
34.133099 71.188202 413.14099 -0.25491247 0.71546781 0.65048093 0
34.170399 70.505501 413.86099 -0.33153519 0.69828475 0.63441533 0
34.1745 9.3660898 440.39801 0.6947062 -0.5860942 -0.41698548 0
34.186699 74.687302 404.46899 0.89830923 -0.24096364 -0.3673923 0
34.1973 75.025299 404.32001 0.92485601 -0.10995536 -0.36407575 0
34.2033 74.089699 404.922 0.76191109 -0.39203888 -0.51555508 0
34.2066 74.419998 409.04199 0.26911277 0.73358202 0.62404788 0
34.235401 75.549599 404.319 0.96418923 -0.056560658 -0.25911388 0
34.264301 70.173203 414.24799 -0.28986946 0.67779213 0.67570221 0
34.2789 74.6595 408.591 0.16726209 0.88139892 0.44176844 0
34.2826 69.504501 414.93201 -0.34766707 0.65888047 0.6670863 0
34.298401 73.782898 405.35001 0.82964355 -0.37585533 -0.41282484 0
34.3503 74.687698 404.845 0.89771241 -0.22902311 -0.3763786 0
34.352699 75.660103 404.91901 0.96383917 0.21404463 -0.1587418 0
34.353901 73.860703 409.78799 0.32138827 0.83452165 0.44753015 0
34.3573 9.4908304 440.39301 0.52603513 -0.70775443 -0.47156194 0
34.3578 68.961899 415.5 -0.30910686 0.66715008 0.67776376 0
34.379902 64.273399 419.83401 -0.33603188 0.61855257 0.71026427 0
34.393101 10.0986 442.11499 0.27795446 -0.85498536 0.43788278 0
34.395199 72.330704 411.927 -0.049761362 0.79752874 0.6012252 0
34.409901 75.062103 404.92001 0.94368917 0.045086041 -0.32774681 0
34.432301 11.3186 443.138 0.15038049 -0.64118606 0.75250661 0
34.432499 72.669296 411.483 0.056233402 0.84452993 0.53254765 0
34.437801 75.511497 405.36899 0.94713277 0.29438987 -0.12756997 0
34.471001 10.785 442.75201 0.20797753 -0.55452305 0.8057602 0
34.508701 71.300201 413.164 -0.16828452 0.74336213 0.64737397 0
34.5457 69.251503 415.31201 -0.30910686 0.66715008 0.67776376 0
34.558601 74.986702 405.444 0.9747988 0.11541253 -0.19091161 0
34.563801 70.6548 413.88 -0.15105374 0.69371897 0.70422781 0
34.579102 73.371597 410.39001 0.28446871 0.85403889 0.43554008 0
34.579399 73.103798 410.83801 0.30601829 0.81787145 0.48727718 0
34.579899 74.386703 405.517 0.89340276 -0.12340494 -0.43197545 0
34.582901 68.705399 415.85501 -0.30354732 0.65546966 0.69153345 0
34.583401 70.331299 414.22299 -0.26840997 0.69772774 0.66417778 0
34.5849 13.5612 443.64499 -0.47591755 0.16579649 0.86372101 0
34.5994 66.543999 417.88 -0.33547103 0.63597828 0.69497544 0
34.615002 9.8178101 441.36401 0.42062423 -0.87929505 0.2234176 0
34.6217 65.772598 418.59698 -0.32782516 0.63556486 0.6989907 0
34.623901 68.055496 416.478 -0.28353241 0.6638335 0.69205093 0
34.6525 73.213799 410.612 0.28446871 0.85403889 0.43554008 0
34.6572 72.015404 412.341 0.1247839 0.82903367 0.5450983 0
34.659401 69.645699 414.96301 -0.25990087 0.69394326 0.67148662 0
34.662201 73.7519 406.047 0.897807 -0.20852013 -0.38789424 0
34.665401 73.486298 406.26801 0.80827415 -0.32946086 -0.4880046 0
34.6936 74.743103 405.95901 0.96480888 0.15058653 -0.21556333 0
34.694698 72.891602 406.724 0.79403031 -0.33021626 -0.51036561 0
34.731499 11.4641 443.23901 0.11301558 -0.76448566 0.63465673 0
34.732101 71.767303 412.63901 -0.038129866 0.7462371 0.66458732 0
34.732399 70.875801 413.694 -0.11477977 0.70778835 0.69703752 0
34.732601 72.553596 411.59399 0.045769718 0.87160569 0.48806623 0
34.733002 71.408897 413.08801 0.062832825 0.78767592 0.61287737 0
34.733799 12.0631 443.97 -0.2115673 -0.12190093 0.96973163 0
34.733799 10.9317 442.77301 0.16695994 -0.58783919 0.79156137 0
34.735901 15.3602 443.44501 -0.39735511 0.18648745 0.89851618 0
34.736698 12.9981 443.862 -0.37270993 0.18457718 0.90940559 0
34.762402 71.705101 407.80499 0.62402481 -0.53750718 -0.56716758 0
34.763699 72.7379 406.94501 0.79403031 -0.33021626 -0.51036561 0
34.7658 67.251297 417.31601 -0.31601477 0.64847803 0.69253945 0
34.774101 74.386703 406.04501 0.96386993 0.022086008 -0.26545611 0
34.789398 14.1148 443.65201 -0.43922222 0.15595524 0.88473827 0
34.791698 73.863297 406.271 0.95693511 -0.14524235 -0.25135601 0
34.794399 72.509499 407.16501 0.78755438 -0.41551596 -0.45508748 0
34.804699 12.5882 443.94901 -0.35454413 0.13688193 0.92496586 0
34.806599 73.486298 406.56699 0.85374635 -0.29003775 -0.43242943 0
34.806999 64.937698 419.43799 -0.3244569 0.63041067 0.70520216 0
34.821499 74.162399 406.19601 0.98472768 -0.11111354 -0.13403405 0
34.844501 74.459198 407.46799 0.87706602 0.47615349 0.063506022 0
34.844799 70.156601 414.49899 -0.13129145 0.74843633 0.65008128 0
34.845798 74.461098 406.71899 0.94339406 0.31104013 -0.11515908 0
34.860802 74.459801 407.168 0.87194574 0.48874778 -0.028917227 0
34.860901 10.0643 441.703 0.37591517 -0.83423162 0.40341717 0
34.866199 74.312103 406.56799 0.99741238 -0.011621538 -0.070946671 0
34.880901 10.2489 442.04099 0.43189439 -0.74782139 0.50421268 0
34.881599 69.1446 415.56 -0.24404539 0.68136609 0.69005948 0
34.939201 74.235199 407.24399 0.95258391 0.30310282 0.026694205 0
34.942402 63.5793 420.685 -0.3277289 0.61171591 0.71999818 0
34.992599 10.7926 442.638 0.19912151 -0.60354882 0.77206177 0
34.995399 67.605904 417.086 -0.28980458 0.66781259 0.68559438 0
35.008202 73.113197 407.17099 0.90750486 -0.21870731 -0.35861126 0
35.0313 71.704102 412.642 0.30443242 0.76958787 0.56129795 0
35.032101 71.160103 413.39001 0.040710889 0.76771849 0.63949269 0
35.032799 11.0098 442.78101 0.19912151 -0.60354882 0.77206177 0
35.033401 11.3881 443.077 0.097694248 -0.68111122 0.72563308 0
35.033798 11.6209 443.396 0.24112682 -0.80832916 0.53708643 0
35.0886 73.487297 407.39301 0.95766932 0.086062312 -0.27470478 0
35.1064 11.9789 443.94101 0.065109521 -0.78617215 0.61456817 0
35.106998 10.1157 441.51801 0.45445505 -0.84527266 0.28104228 0
35.132599 73.636803 407.806 0.92718053 0.37056231 -0.054953437 0
35.1329 71.425697 408.51999 0.69927299 -0.44389769 -0.56033212 0
35.143799 13.4688 443.92499 -0.37798533 0.1779798 0.90854293 0
35.145302 13.1305 443.97699 -0.37270993 0.18457718 0.90940559 0
35.146 73.6371 408.44299 0.93018359 0.35234639 0.10300726 0
35.151901 72.5504 407.76999 0.9153384 -0.13925447 -0.377841 0
35.181099 12.8504 444.03201 -0.3271513 0.15936407 0.93143713 0
35.182499 69.697197 415.07901 -0.18949652 0.71917838 0.668486 0
35.183498 14.5364 443.75 -0.33350572 0.17423889 0.92650676 0
35.183601 68.402496 416.396 -0.26158959 0.6904366 0.67443919 0
35.184101 66.283401 418.39301 -0.30376479 0.64005792 0.70572859 0
35.198799 15.12 443.63699 -0.295661 0.20249914 0.9335838 0
35.210098 62.903198 421.367 -0.33064938 0.60677171 0.72284096 0
35.240398 70.862198 409.11899 0.70330805 -0.46505582 -0.53766245 0
35.249699 71.489403 412.85901 0.30762655 0.7841273 0.53899008 0
35.250401 73.186897 407.99399 0.96101463 0.13328618 -0.24225138 0
35.251999 67.028999 417.74301 -0.26770973 0.63945019 0.72071832 0
35.258099 12.2137 444.181 0.10387242 -0.6662513 0.73845768 0
35.2924 64.416702 420.11499 -0.31729817 0.62499583 0.71323353 0
35.2943 13.8998 443.89499 -0.34942359 0.16921677 0.92155784 0
35.313301 68.109901 416.73099 -0.22992595 0.68059582 0.69564605 0
35.3302 65.991501 418.72699 -0.29670301 0.65011573 0.69951189 0
35.330399 71.688202 408.67001 0.87951314 -0.23700196 -0.4126581 0
35.3316 70.8638 413.69101 0.2439414 0.78585964 0.56825805 0
35.332199 70.214798 414.51501 0.0056258515 0.76721275 0.64136797 0
35.333199 70.635498 413.995 0.22595321 0.77537489 0.58969396 0
35.3339 73.184898 408.96799 0.961191 0.27473187 -0.025184447 0
35.3708 10.2665 441.55701 0.43793365 -0.89220005 0.110423 0
35.389801 72.961098 408.51901 0.98097056 0.16993178 -0.093914278 0
35.396301 70.488098 409.638 0.77538824 -0.42758107 -0.4647015 0
35.3978 72.4375 408.44601 0.95165473 0.019147564 -0.30657232 0
35.400902 72.736702 408.44501 0.968436 0.053923298 -0.24335991 0
35.404202 10.7724 442.48901 0.34701556 -0.61545742 0.70766687 0
35.405499 12.0663 443.98901 0.10387242 -0.6662513 0.73845768 0
35.423801 72.961601 409.11801 0.95149809 0.30755624 -0.0077809286 0
35.441799 11.9711 443.802 0.128333 -0.81584942 0.56384426 0
35.4454 72.5868 408.595 0.980097 0.14368154 -0.13698713 0
35.467701 72.659203 410.16699 0.89633989 0.42379588 0.1302762 0
35.481998 69.651001 415.155 0.11189904 0.74494582 0.65767342 0
35.482201 69.080902 415.79199 0.12060148 0.74052423 0.66111964 0
35.4823 65.124496 419.58099 -0.31465873 0.62677538 0.71284115 0
35.494701 72.7351 409.60599 0.94298559 0.33229062 0.019002696 0
35.531601 72.511299 408.97 0.97929013 0.14815158 -0.1379924 0
35.5653 65.646698 419.151 -0.28264338 0.6561386 0.69971055 0
35.5839 72.433701 410.24301 0.91259289 0.38613522 0.13443887 0
35.597401 71.987 409.194 0.95828873 0.08962547 -0.27138537 0
35.6068 72.397903 409.625 0.98325628 0.18177861 -0.012792404 0
35.626801 10.3999 441.58899 0.50436682 -0.83357537 0.22531356 0
35.6269 71.088203 409.57001 0.87133056 -0.18114336 -0.45603749 0
35.630699 70.1511 414.51501 0.33500606 0.71728629 0.61095935 0
35.631802 68.041298 416.90601 -0.0047184648 0.68895245 0.72479117 0
35.632198 11.3728 442.78201 0.39840174 -0.60490179 0.68947071 0
35.632401 68.531998 416.397 -0.06768728 0.75456297 0.65272748 0
35.632401 11.6969 443.168 0.31791174 -0.79286641 0.51989907 0
35.633301 67.408401 417.54199 -0.047420163 0.65153307 0.7571367 0
35.695999 63.815701 420.82001 -0.32440522 0.62639922 0.70879143 0
35.704899 14.4419 443.94199 -0.31034139 0.18384041 0.93267941 0
35.707001 12.5124 444.24799 0.29475409 -0.57523179 0.76303893 0
35.707298 68.4049 416.539 -0.06768728 0.75456297 0.65272748 0
35.708599 10.7275 442.11899 0.51273298 -0.72332865 0.46249384 0
35.757198 71.687103 409.793 0.96862882 0.040521193 -0.24518615 0
35.765301 15.1173 443.815 -0.30330861 0.1776647 0.93618327 0
35.769001 71.911797 410.168 0.96807879 0.24632384 -0.046346385 0
35.772701 60.109402 423.86899 -0.31124595 0.58231741 0.75102091 0
35.7952 71.8377 410.84399 0.91324943 0.40282139 0.060913447 0
35.824299 70.787498 410.17001 0.94037062 -0.072487772 -0.33233818 0
35.867802 69.961899 410.76801 0.79980129 -0.28678367 -0.52732623 0
35.870201 71.386703 410.17001 0.95195818 0.018820185 -0.30564916 0
35.928799 64.568901 420.26099 -0.31514513 0.62670034 0.71269226 0
35.932301 67.8937 417.07001 0.019691965 0.71948087 0.69423306 0
35.932499 67.313797 417.66101 -0.064774752 0.71479058 0.69633228 0
35.932899 66.285004 418.68301 -0.20282888 0.68714386 0.6976344 0
35.933102 66.870697 418.104 -0.10695963 0.70091051 0.70518374 0
35.933201 13.2241 444.245 -0.14160478 -0.18300685 0.97285998 0
35.952 70.937202 410.46899 0.94345236 -0.08948072 -0.31920344 0
35.953499 68.463898 411.99899 0.69558251 -0.49602303 -0.51973665 0
35.9552 69.439301 411.22198 0.69639891 -0.42950162 -0.5749408 0
35.956402 70.223503 410.767 0.85274893 -0.20892099 -0.47871834 0
35.979301 69.737999 411.07001 0.77835476 -0.33036706 -0.53387403 0
35.9837 61.2672 423.05099 -0.32595682 0.58544499 0.74229801 0
36.008598 65.234299 419.71701 -0.26899886 0.65908378 0.70231628 0
36.009399 70.487 410.76801 0.93410474 -0.15301219 -0.32254547 0
36.009701 11.8583 443.15302 0.41155604 -0.74025953 0.5316366 0
36.030701 71.236 411.44299 0.89100617 0.4525623 -0.035991464 0
36.032501 70.936699 410.76901 0.98807895 0.015457746 -0.15316997 0
36.033901 69.176201 411.521 0.78431916 -0.37542462 -0.49386209 0
36.079102 68.516098 416.31201 0.2605941 0.77642727 0.57380432 0
36.081001 15.0253 443.93799 -0.30517262 0.17992058 0.93514609 0
36.0811 11.3484 442.43201 0.46421152 -0.64922684 0.60250491 0
36.0882 15.655 443.83801 -0.31770036 0.13350645 0.9387452 0
36.134998 70.938202 411.74399 0.8706125 0.46276733 0.16697392 0
36.135601 65.744102 419.27499 -0.19814758 0.6932981 0.69287461 0
36.1534 10.7977 441.741 0.5361672 -0.71859276 0.44288737 0
36.185902 70.787598 411.59299 0.94084227 0.33610314 0.043017454 0
36.1954 67.264397 417.67001 0.14435637 0.74876678 0.64692318 0
36.232498 66.722801 418.26901 0.0068408716 0.72380233 0.68997347 0
36.254002 11.1928 442.13599 0.58712983 -0.63101453 0.50704956 0
36.265499 68.8731 412.117 0.79674375 -0.3799752 -0.46991301 0
36.2696 67.835701 416.99701 0.32581562 0.79466558 0.51220191 0
36.273499 70.186897 411.595 0.94993877 0.060915083 -0.30644029 0
36.2826 70.484299 412.19299 0.97490144 0.21270259 -0.065763332 0
36.310799 70.338097 412.569 0.92194718 0.36968014 0.11554212 0
36.325298 65.051201 420.00601 -0.14737616 0.66660255 0.73069918 0
36.351501 69.437599 411.97 0.935211 -0.12655731 -0.33070168 0
36.363701 66.3918 418.64001 -0.025405012 0.751311 0.65945911 0
36.3829 67.276497 417.595 0.14435637 0.74876678 0.64692318 0
36.384201 64.459602 420.565 -0.20946851 0.67007732 0.7121231 0
36.384602 14.8355 444.08701 -0.32294884 0.21384852 0.92193973 0
36.396702 70.036301 412.194 0.98033231 0.14311635 -0.13589051 0
36.399399 60.5807 423.76199 -0.32024297 0.57587665 0.75220376 0
36.418201 15.1567 444.02301 -0.33365756 0.15955678 0.92909324 0
36.420101 16.2806 443.875 -0.3236661 0.15327227 0.9336744 0
36.4585 63.884602 421.11801 -0.21561848 0.65463287 0.72454435 0
36.462502 67.413399 413.47 0.66931015 -0.43006974 -0.60585803 0
36.476898 63.3228 421.599 -0.20733233 0.63554609 0.74370319 0
36.4781 68.836998 412.56799 0.93171287 -0.016398646 -0.36282533 0
36.483398 62.381302 422.38501 -0.28985411 0.61566865 0.73275965 0
36.489498 69.808197 413.29901 0.87993097 0.47308019 0.043779038 0
36.498699 13.8223 444.38699 -0.33259046 0.14662693 0.93160301 0
36.501499 58.192699 425.625 -0.31707904 0.57489914 0.75428897 0
36.5121 11.7903 442.67899 0.41385722 -0.73544562 0.5365091 0
36.524899 69.586502 412.64401 0.98440909 0.10569932 -0.14059284 0
36.532501 65.449799 419.67499 -0.044570923 0.71095097 0.7018277 0
36.532799 66.760399 418.19601 0.17298809 0.74664086 0.64234149 0
36.534 13.115 444.48599 -0.2734656 0.017060587 0.96173048 0
36.534302 69.662399 412.793 0.95369917 0.29853278 -0.036552135 0
36.5383 13.5222 444.46701 -0.29224882 0.027333597 0.95595163 0
36.5495 68.013 413.17001 0.84963393 -0.26242056 -0.4574469 0
36.550201 67.149399 413.76801 0.70757014 -0.44255528 -0.55089861 0
36.551498 62.986099 421.914 -0.28764606 0.61437255 0.73471498 0
36.569302 66.090202 418.98001 0.020849224 0.71726513 0.69648832 0
36.570702 69.510803 412.86899 0.96813077 0.24510716 -0.051432069 0
36.577099 60.028198 424.26001 -0.32407048 0.57519448 0.75108564 0
36.591999 67.788597 413.396 0.8498553 -0.26735321 -0.4541676 0
36.596401 68.837097 412.86899 0.96537316 0.052173659 -0.2556023 0
36.617901 56.356499 426.99399 -0.28675622 0.54674464 0.78666461 0
36.6586 69.360603 413.39401 0.95796335 0.2853941 -0.029264648 0
36.6763 67.353401 417.36099 0.38771164 0.71464884 0.58219987 0
36.6828 12.5898 443.91901 0.21656848 -0.85837364 0.46507287 0
36.693001 67.3377 413.84399 0.81775516 -0.27674517 -0.50466686 0
36.7019 68.968002 413.22501 0.97520131 0.097808369 -0.19853456 0
36.7351 69.136902 413.76801 0.95122361 0.30721837 -0.028115176 0
36.7393 61.148399 423.479 -0.32036889 0.5859161 0.74435622 0
36.7477 68.387901 413.396 0.96029246 -0.12268344 -0.25057375 0
36.754398 66.6185 418.33801 0.17298809 0.74664086 0.64234149 0
36.820599 68.836403 413.806 0.99372178 0.087740153 -0.069416851 0
36.823799 68.833099 414.44299 0.94178545 0.33186147 0.053927284 0
36.8302 11.6773 442.19101 0.52478099 -0.74793446 0.40644675 0
36.831902 63.625801 421.48001 -0.19422518 0.65022874 0.73449242 0
36.8335 63.283798 421.776 -0.21562824 0.64249057 0.7353301 0
36.850899 62.762299 422.23099 -0.19584756 0.61783308 0.76152873 0
36.875301 67.861702 413.91699 0.93126285 -0.12614156 -0.34181541 0
36.943699 65.533501 419.578 0.11838051 0.76866627 0.62860018 0
36.944901 12.3214 443.319 0.19621044 -0.8632558 0.46507084 0
36.950199 67.114197 414.37299 0.86908323 -0.14909324 -0.47166258 0
36.980499 58.8652 425.32599 -0.32137042 0.57205904 0.75463206 0
36.983002 13.6366 444.599 -0.27940544 0.042492758 0.95923251 0
36.983101 13.4121 444.642 -0.20862542 0.010723195 0.9779368 0
36.992401 68.2379 414.44299 0.97086793 0.20257346 -0.12798205 0
37.0061 65.734398 415.33499 0.65938026 -0.41125858 -0.62935209 0
37.018398 11.9976 442.67899 0.31647703 -0.84309208 0.4347851 0
37.0284 55.019901 428.07101 -0.29927251 0.55835104 0.77374423 0
37.049 66.193604 418.78299 0.36723408 0.70272243 0.60936058 0
37.053299 66.060699 418.93799 0.36851183 0.7521677 0.54629916 0
37.057499 13.114 444.55399 -0.0841695 -0.13342775 0.98747784 0
37.057499 64.267799 420.93301 0.17731076 0.70632988 0.68531674 0
37.058399 15.7367 444.17099 -0.3907156 0.12182467 0.91241443 0
37.059399 14.667 444.37 -0.38686451 0.18625951 0.9031297 0
37.076199 63.005699 422.09 -0.17825286 0.66148436 0.72846711 0
37.084999 67.599602 414.55899 0.95569462 -0.0043603461 -0.29432771 0
37.095299 61.336102 423.483 -0.27734667 0.60596466 0.74557739 0
37.0966 62.0826 422.88901 -0.14506379 0.69866735 0.70058578 0
37.111401 66.5121 414.96799 0.93861812 -0.079743534 -0.33561441 0
37.129398 65.147202 419.987 0.29665047 0.7333371 0.61173129 0
37.131302 64.815002 420.36401 0.29825601 0.72213805 0.62414742 0
37.132099 60.0998 424.45599 -0.33337229 0.56847805 0.75212741 0
37.132099 13.9372 444.573 -0.39457226 0.24308267 0.88612843 0
37.132099 60.0998 424.45599 -0.33337229 0.56847805 0.75212741 0
37.132099 13.9372 444.573 -0.39457226 0.24308267 0.88612843 0
37.132099 60.0998 424.45599 -0.33337229 0.56847805 0.75212741 0
37.132099 13.9372 444.573 -0.39457226 0.24308267 0.88612843 0
37.132401 64.022499 421.17401 0.034564521 0.66545767 0.74563485 0
37.132801 60.736198 423.97198 -0.27617303 0.60021257 0.75064862 0
37.133099 64.5979 420.59601 0.24613053 0.71541482 0.65391237 0
37.133999 12.7357 443.99799 0.1991971 -0.83603942 0.51123244 0
37.134701 15.1359 444.30399 -0.46857032 0.14758879 0.87101054 0
37.1423 54.154701 428.71701 -0.30877635 0.53123951 0.78894979 0
37.142899 67.337402 414.74701 0.94793898 -0.036948603 -0.3163012 0
37.147099 57.0187 426.729 -0.31884086 0.54757929 0.77362615 0
37.1479 55.839901 427.543 -0.32119095 0.53452706 0.78173983 0
37.1759 66.811699 414.96701 0.95507753 -0.097016335 -0.28002638 0
37.190601 66.2145 415.27301 0.82243651 -0.34475279 -0.4524861 0
37.197899 59.5182 424.922 -0.31917793 0.56719458 0.75922048 0
37.205399 65.478897 419.54099 0.30706763 0.73988992 0.5985586 0
37.206799 64.261002 420.93201 0.17731076 0.70632988 0.68531674 0
37.212898 67.561096 415.11899 0.9763155 0.11038971 -0.18607041 0
37.263599 67.186996 415.19299 0.97664332 0.011085398 -0.21458076 0
37.282398 63.431099 421.72 -0.069682822 0.69232124 0.71821696 0
37.309399 12.4517 443.39099 0.22232161 -0.86085081 0.4577215 0
37.316601 67.260101 416.168 0.93189067 0.36115003 0.033918407 0
37.331501 67.261101 415.71899 0.97144872 0.22752437 -0.067230918 0
37.336102 67.069901 415.50299 0.97104502 0.043985881 -0.23481239 0
37.3549 14.5379 444.51999 -0.42848101 0.19122526 0.88308376 0
37.3578 61.3358 423.57401 -0.22686982 0.6504277 0.72489583 0
37.3624 65.219398 416.17001 0.77007884 -0.39422238 -0.50156486 0
37.393398 55.376801 427.96799 -0.33741713 0.54076403 0.77053487 0
37.406799 66.484001 415.70099 0.95375508 -0.0053687422 -0.30053696 0
37.4282 64.870499 420.138 0.29825601 0.72213805 0.62414742 0
37.4324 63.151299 421.987 0.02599596 0.68632042 0.7268346 0
37.432499 59.8367 424.784 -0.29863539 0.5783273 0.75918013 0
37.432701 61.9352 423.10501 -0.027268175 0.69169629 0.72167355 0
37.4328 12.6753 443.76999 0.22232161 -0.86085081 0.4577215 0
37.433201 52.298302 430.01599 -0.32838601 0.49852341 0.80226994 0
37.435101 64.498199 420.59799 0.24613053 0.71541482 0.65391237 0
37.475498 66.736504 416.16901 0.9615463 0.25261304 -0.10777459 0
37.486599 52.846199 429.70599 -0.32838193 0.48949835 0.80780983 0
37.489399 60.097698 424.612 -0.29863539 0.5783273 0.75918013 0
37.505402 65.537804 416.245 0.87588352 -0.16620231 -0.45299542 0
37.506199 63.603199 421.53601 0.28785348 0.66410434 0.69000417 0
37.5256 51.887699 430.30899 -0.31357688 0.50907588 0.80156803 0
37.542301 56.540901 427.233 -0.32459146 0.53689206 0.7787087 0
37.5756 66.435402 416.76801 0.94715762 0.31644857 0.052466102 0
37.582401 62.157902 422.935 -0.034644797 0.64019907 0.76742744 0
37.583 61.259499 423.703 -0.13895045 0.66798055 0.7310915 0
37.583698 15.8115 444.42001 -0.43525022 0.1729361 0.88354421 0
37.590199 15.4344 444.509 -0.45837694 0.16673465 0.87297773 0
37.591301 66.136597 416.39499 0.97603625 0.046729341 -0.21253155 0
37.591801 64.563301 416.92099 0.80547285 -0.24423288 -0.53996646 0
37.595901 63.9566 421.13101 0.34382477 0.72083688 0.6018129 0
37.596699 63.590599 417.52899 0.6449514 -0.4297677 -0.63193148 0
37.608299 53.6152 429.267 -0.34599271 0.51155007 0.78651482 0
37.654499 62.810699 422.31 0.20037211 0.71453857 0.67028779 0
37.6548 11.9792 442.117 0.36115777 -0.9253704 0.11512887 0
37.657398 51.136902 430.82999 -0.32306564 0.49195531 0.80846059 0
37.659801 13.7118 444.931 -0.36530396 -0.15712078 0.91753262 0
37.687401 63.887199 417.46201 0.8663131 -0.24133259 -0.43733302 0
37.6931 62.5266 422.59 0.15989673 0.69777429 0.69824356 0
37.694099 54.625599 428.62799 -0.34486008 0.53672135 0.77006608 0
37.694199 48.981998 432.12701 -0.30170915 0.4843339 0.8212139 0
37.696701 59.683201 425.00601 -0.2913591 0.580513 0.76033843 0
37.732498 65.686699 416.91901 0.97017699 0.017287057 -0.2417803 0
37.7327 14.3118 444.76401 -0.39899793 0.21720847 0.89085418 0
37.7328 54.998901 428.38901 -0.33975387 0.54208857 0.76857483 0
37.733501 60.732498 424.18701 -0.13990252 0.61957914 0.77236581 0
37.733601 59.347 425.27301 -0.24475785 0.61030102 0.75340974 0
37.7337 57.697399 426.50601 -0.31108007 0.54603958 0.77786243 0
37.734901 58.3321 426.05399 -0.24488221 0.57915443 0.77756852 0
37.735199 14.8363 444.67499 -0.41390204 0.13692416 0.89996493 0
37.737598 15.0984 444.651 -0.38793933 0.1555696 0.90846086 0
37.738499 65.162598 416.92001 0.93909413 -0.052323721 -0.33965337 0
37.744598 63.515099 417.74799 0.74619663 -0.34814018 -0.56744075 0
37.751202 65.836197 417.237 0.96533173 0.23331562 -0.11704041 0
37.766899 12.1815 442.564 0.29235071 -0.9092111 0.29642248 0
37.769402 58.937801 425.60101 -0.22216626 0.59421211 0.77301627 0
37.769402 49.993999 431.56 -0.31296837 0.4742749 0.82286942 0
37.769402 58.937801 425.60101 -0.22216626 0.59421211 0.77301627 0
37.769798 62.762199 418.28699 0.63115931 -0.47628635 -0.61220038 0
37.7705 58.6357 425.83701 -0.22893673 0.60514081 0.76249105 0
37.7715 16.242701 444.44901 -0.4075945 0.16995153 0.89720857 0
37.799099 64.712799 417.22 0.94716346 -0.1117731 -0.30064631 0
37.805801 63.017899 422.04099 0.26190314 0.73877311 0.62098396 0
37.811501 63.081501 418.11899 0.67414004 -0.4397496 -0.59342688 0
37.834999 65.536102 417.444 0.98420811 0.11108725 -0.1378188 0
37.849998 65.498901 417.931 0.97021359 0.24079423 -0.026528835 0
37.882801 60.060001 424.77399 -0.24249017 0.62169766 0.74477547 0
37.9006 51.550201 430.681 -0.31873307 0.50554168 0.8017711 0
37.9021 55.8228 427.88901 -0.3313818 0.53478783 0.77729535 0
37.911098 54.248501 428.98999 -0.35515034 0.52370918 0.77433646 0
37.9244 64.862 417.51999 0.95570093 -0.055258363 -0.28910589 0
37.936901 61.751202 423.29999 0.1798899 0.70548356 0.68551624 0
37.951599 62.780701 422.23599 0.39373574 0.6477176 0.65225309 0
37.9608 62.5522 422.46899 0.39373574 0.6477176 0.65225309 0
37.994598 15.7372 444.63699 -0.40288088 0.16294654 0.90063059 0
38.018101 52.3279 430.26001 -0.34875202 0.48831573 0.79994988 0
38.018299 64.861603 418.11899 0.97901183 0.18662953 -0.081885494 0
38.0299 62.047798 422.987 0.1798899 0.70548356 0.68551624 0
38.031799 12.5777 443.24301 0.24737364 -0.87563717 0.41480812 0
38.032001 13.084 444.255 0.23100325 -0.84077621 0.48962528 0
38.0327 59.385502 425.34601 -0.13048032 0.64521837 0.75277364 0
38.032799 16.1493 444.56299 -0.32746679 0.13436916 0.93525958 0
38.033298 58.297199 426.19 -0.25438893 0.58025032 0.77368975 0
38.034199 16.486 444.50601 -0.3919715 0.19742376 0.89854449 0
38.061798 51.106998 431.02399 -0.35104707 0.4833627 0.80195165 0
38.0662 63.962799 418.121 0.86961019 -0.21851785 -0.44275057 0
38.068298 12.2735 442.56699 0.32518357 -0.90429044 0.27661243 0
38.069302 49.656502 431.87299 -0.32463425 0.47865155 0.81578511 0
38.0709 56.835098 427.259 -0.28953916 0.57080805 0.76833928 0
38.0769 64.711304 418.681 0.98072881 0.18241762 0.069962621 0
38.079899 64.2621 418.11899 0.92953444 0.062123992 -0.36346442 0
38.104698 61.868599 423.14001 0.1798899 0.70548356 0.68551624 0
38.105499 61.258499 423.746 0.25904706 0.71251482 0.65208685 0
38.109501 62.688202 418.79599 0.79829484 -0.24441701 -0.55044132 0
38.109699 48.320999 432.668 -0.30081046 0.47872028 0.82482725 0
38.181999 60.060299 424.82401 -0.022695115 0.71817994 0.6954872 0
38.182098 14.8745 444.86099 -0.33714268 0.13477774 0.93175626 0
38.185101 15.1353 444.82199 -0.33893615 0.14883986 0.92896122 0
38.188202 53.000999 429.923 -0.34545285 0.49505493 0.79723454 0
38.2043 63.812099 418.57001 0.97732532 0.1482586 -0.15117721 0
38.236099 64.1847 419.39301 0.92661792 0.36782259 0.078011185 0
38.256302 60.807999 424.16101 0.17767347 0.70905638 0.682401 0
38.258099 63.437199 418.79401 0.91664815 -0.1741993 -0.35973704 0
38.259201 53.684299 429.522 -0.33106697 0.50947446 0.79424834 0
38.261398 14.0886 445.03 -0.18160824 -0.05435124 0.98186779 0
38.2771 12.9402 443.845 0.24834467 -0.86429954 0.43739143 0
38.301498 62.612801 419.17001 0.85825801 -0.050816074 -0.51069647 0
38.321899 17.0364 444.478 -0.27213138 0.18891837 0.94353294 0
38.328899 62.294102 419.358 0.93699908 0.019594787 -0.34878179 0
38.330299 61.262501 419.91901 0.689973 -0.37457815 -0.61937743 0
38.330799 60.614201 424.30701 0.13222633 0.66293156 0.73691112 0
38.331299 13.2741 444.44101 0.14714891 -0.79623735 0.58681619 0
38.332298 59.533901 425.272 -0.07180994 0.68312293 0.72676432 0
38.332298 55.5247 428.28299 -0.29669863 0.55039519 0.78040701 0
38.332298 59.533901 425.272 -0.07180994 0.68312293 0.72676432 0
38.332298 55.5247 428.28299 -0.29669863 0.55039519 0.78040701 0
38.332298 59.533901 425.272 -0.07180994 0.68312293 0.72676432 0
38.332298 55.5247 428.28299 -0.29669863 0.55039519 0.78040701 0
38.3325 57.2868 427.03 -0.13839933 0.56493872 0.81344324 0
38.3326 58.7845 425.888 -0.099784486 0.59182864 0.7998637 0
38.3326 59.084499 425.64099 -0.040074442 0.64688647 0.7615326 0
38.3326 58.7845 425.888 -0.099784486 0.59182864 0.7998637 0
38.3326 59.084499 425.64099 -0.040074442 0.64688647 0.7615326 0
38.332699 56.386299 427.67499 -0.24418586 0.55501634 0.79519188 0
38.333401 57.883598 426.59 -0.18229 0.59070504 0.78602666 0
38.334202 54.883598 428.74301 -0.30144754 0.57329923 0.76187754 0
38.365898 63.5872 419.28101 0.96376175 0.23331752 -0.12933002 0
38.3708 54.2854 429.17099 -0.31116018 0.52807075 0.79013962 0
38.390999 62.0882 419.54599 0.81605226 -0.28689498 -0.50174695 0
38.3993 63.587502 419.69299 0.95818877 0.28612462 -0.0026453193 0
38.406898 60.662899 420.37299 0.60048264 -0.43072641 -0.67371762 0
38.407501 54.5868 428.979 -0.28533882 0.53560084 0.79480404 0
38.4216 50.602402 431.48401 -0.34591505 0.4779366 0.80741525 0
38.431301 13.1311 444.13501 0.26627836 -0.84043211 0.4719848 0
38.4333 12.434 442.66 0.30731887 -0.89099264 0.33419645 0
38.464199 63.2118 419.65601 0.96534532 0.26093271 -0.0047439174 0
38.4753 63.2761 420.20901 0.96935022 0.23787986 0.061427318 0
38.477402 61.543701 419.957 0.8337875 -0.23393933 -0.50007075 0
38.483101 15.0613 444.90701 -0.28057826 0.18125775 0.94256109 0
38.5401 62.985401 419.99399 0.98246026 0.18555957 0.018426085 0
38.548302 53.930099 429.479 -0.28207499 0.53077054 0.79919732 0
38.555599 59.3806 425.375 0.021518454 0.67133164 0.74084467 0
38.594002 58.934299 425.771 0.19369064 0.64992785 0.73489982 0
38.6008 62.387001 419.99399 0.94963712 0.013081247 -0.31307855 0
38.604401 53.368 429.867 -0.28203753 0.50533152 0.81553352 0
38.627998 13.4668 444.58401 0.2648842 -0.75254679 0.60291767 0
38.632099 55.525002 428.383 -0.2055231 0.58771646 0.78252774 0
38.6325 57.473099 426.95801 -0.06357681 0.61890703 0.78288704 0
38.633099 54.8853 428.84399 -0.21979228 0.55372661 0.80316758 0
38.642101 57.097599 427.23199 -0.12024591 0.53411019 0.83681971 0
38.651299 49.223999 432.36401 -0.32746139 0.47149745 0.81881571 0
38.671398 47.234699 433.46899 -0.31453675 0.44652256 0.83766592 0
38.682301 62.462101 420.51801 0.96841568 0.23972276 -0.06858632 0
38.702099 15.7407 444.83099 -0.25933725 0.19654453 0.94557625 0
38.7048 59.425098 425.28601 0.021518454 0.67133164 0.74084467 0
38.707298 49.880798 432.01901 -0.33121902 0.45584652 0.82613432 0
38.707901 52.785999 430.27301 -0.31102386 0.51433647 0.79920095 0
38.7117 62.385201 421.19299 0.96001637 0.27072722 0.071241349 0
38.734501 62.161701 420.51901 0.96841568 0.23972276 -0.06858632 0
38.755901 43.915901 435.28101 -0.30652592 0.41658637 0.85586077 0
38.781502 51.156898 431.315 -0.32728404 0.47806591 0.81506944 0
38.791199 61.786701 420.59601 0.93667185 0.0037871362 -0.35018772 0
38.838299 59.387901 421.64499 0.74204701 -0.32776535 -0.58475304 0
38.849201 60.363201 421.121 0.91422462 -0.12053251 -0.38686594 0
38.854 58.766602 425.88101 0.20832209 0.69408321 0.68909389 0
38.855999 57.8036 426.707 -0.023251742 0.65130538 0.75845939 0
38.856201 57.9575 426.57901 -0.023404744 0.62454253 0.78064001 0
38.8899 61.111698 420.96701 0.9737069 -0.040889833 -0.22410457 0
38.8951 13.1656 443.91901 0.31171674 -0.83328611 0.4565818 0
38.895699 54.022301 429.52701 -0.23735769 0.54783821 0.8022061 0
38.896702 12.8774 443.32101 0.28255159 -0.85983998 0.42525268 0
38.9258 61.410198 422.31799 0.96268445 0.26019081 0.074427254 0
38.929001 61.562099 421.19299 0.98458266 0.11633548 -0.13062544 0
38.932098 56.5364 427.71301 0.040075958 0.58434081 0.81051821 0
38.932598 54.773602 429.005 -0.21979228 0.55372661 0.80316758 0
38.932598 56.198101 427.97 -0.13945703 0.59704942 0.78998971 0
38.932598 54.773602 429.005 -0.21979228 0.55372661 0.80316758 0
38.932598 56.198101 427.97 -0.13945703 0.59704942 0.78998971 0
38.932598 54.773602 429.005 -0.21979228 0.55372661 0.80316758 0
38.932598 56.198101 427.97 -0.13945703 0.59704942 0.78998971 0
38.932899 52.148499 430.76501 -0.24907197 0.53016323 0.81048757 0
38.932899 55.2225 428.68301 -0.082506225 0.60958707 0.78841376 0
38.932899 52.148499 430.76501 -0.24907197 0.53016323 0.81048757 0
38.932899 55.2225 428.68301 -0.082506225 0.60958707 0.78841376 0
38.932899 52.148499 430.76501 -0.24907197 0.53016323 0.81048757 0
38.933201 51.7356 431.02301 -0.27846777 0.50445181 0.81730294 0
38.933201 53.685001 429.76401 -0.21049124 0.54830486 0.80935478 0
38.933201 51.7356 431.02301 -0.27846777 0.50445181 0.81730294 0
38.951801 61.4874 421.79401 0.96583676 0.25832021 0.020737836 0
38.961899 50.366299 431.85699 -0.32184407 0.47356588 0.8198486 0
38.9678 14.5398 445.13599 -0.17543161 0.18837167 0.96630216 0
38.983002 59.913502 421.57101 0.8848896 -0.21533376 -0.41303965 0
38.990898 16.606001 444.73199 -0.26075193 0.18523677 0.9474681 0
38.994701 58.938 422.095 0.72063893 -0.34261748 -0.60273772 0
38.994801 60.3246 421.45599 0.94020212 0.011762322 -0.34041387 0
38.999699 61.186401 421.345 0.98155105 0.13301793 -0.1373454 0
39.001801 46.141399 434.17099 -0.30035248 0.44820273 0.84196359 0
39.004501 57.955799 426.53601 0.28864241 0.63824588 0.71367204 0
39.005299 57.806999 426.67001 0.32870343 0.46614733 0.82137734 0
39.018799 61.262001 421.71899 0.96583676 0.25832021 0.020737836 0
39.026699 13.0154 443.54401 0.32295099 -0.82954538 0.45558438 0
39.043701 57.319801 427.07999 -0.015185758 0.62079304 0.78382736 0
39.0662 61.0369 421.79401 0.95936847 0.28194284 0.010969282 0
39.099899 59.988499 421.798 0.95408839 -0.032778881 -0.29772621 0
39.119499 60.287201 421.79501 0.96746802 0.018762294 -0.25229657 0
39.1255 44.432499 435.15601 -0.29692632 0.44216985 0.84635723 0
39.1558 57.054798 427.29599 0.2795904 0.64408684 0.71202624 0
39.157299 53.415199 429.99701 -0.15180084 0.52830201 0.83537626 0
39.1717 60.660801 422.319 0.97295207 0.22863784 -0.032999333 0
39.1754 47.9505 433.276 -0.30433646 0.44303316 0.84326804 0
39.176899 12.9063 443.207 0.29858974 -0.8770628 0.37630439 0
39.190899 60.511002 422.918 0.95140767 0.2978687 0.078087442 0
39.231602 60.361401 422.319 0.98366272 0.11721511 -0.13663186 0
39.231998 55.8936 428.22299 0.069343321 0.62128615 0.78050947 0
39.232399 54.6991 429.116 -0.021062627 0.63709348 0.77049869 0
39.2328 52.2985 430.76599 -0.20457271 0.52675712 0.82503152 0
39.2328 51.586102 431.22501 -0.2831431 0.50192809 0.81725037 0
39.2328 52.2985 430.76599 -0.20457271 0.52675712 0.82503152 0
39.2328 51.586102 431.22501 -0.2831431 0.50192809 0.81725037 0
39.2328 52.2985 430.76599 -0.20457271 0.52675712 0.82503152 0
39.2799 59.386799 422.392 0.92081594 -0.14763542 -0.36097339 0
39.287498 59.986801 422.39401 0.96136588 0.062713914 -0.26803464 0
39.287601 56.533501 427.70999 0.27935404 0.54079646 0.79341072 0
39.309101 50.3839 431.98001 -0.3081879 0.47738379 0.82287604 0
39.338799 13.6923 444.42899 0.34781718 -0.77013069 0.53471667 0
39.3615 59.855099 423.5 0.94875336 0.29968029 0.10029349 0
39.382702 54.057999 429.599 -0.054658126 0.56484324 0.82338607 0
39.3839 15.7266 445.02301 -0.25110036 0.16092302 0.95449066 0
39.409302 58.449902 422.92001 0.8347047 -0.21071702 -0.50878912 0
39.4095 59.686699 422.84399 0.97584236 0.18665673 -0.11353833 0
39.461201 13.4683 443.99899 0.33089903 -0.78482664 0.52397805 0
39.474602 56.575001 423.96899 0.68352157 -0.34536982 -0.64305365 0
39.4762 57.286701 423.59299 0.80147356 -0.24657865 -0.54482937 0
39.476501 59.386101 422.995 0.96406317 0.21802911 -0.15180738 0
39.504799 58.600101 423.07101 0.94747376 0.028030491 -0.3186028 0
39.5159 37.004299 438.64001 -0.28777024 0.3594625 0.88767958 0
39.519901 55.369598 428.57101 0.12811682 0.5931555 0.79482865 0
39.5308 40.4706 437.134 -0.28559509 0.39210087 0.8744669 0
39.531101 55.030998 428.86499 0.064115398 0.61775255 0.78375441 0
39.531399 49.638802 432.47601 -0.17567596 0.52751392 0.83118409 0
39.531502 38.838299 437.86499 -0.29789427 0.39504391 0.86902201 0
39.532501 53.347801 430.10501 0.054956701 0.63476318 0.77074993 0
39.5327 49.936501 432.30499 -0.17719997 0.51328218 0.8397271 0
39.5327 52.335499 430.815 -0.13154401 0.53259027 0.83608836 0
39.5327 49.936501 432.30499 -0.17719997 0.51328218 0.8397271 0
39.5327 52.335499 430.815 -0.13154401 0.53259027 0.83608836 0
39.5327 51.0238 431.66699 -0.17235643 0.52106839 0.83593124 0
39.5327 52.335499 430.815 -0.13154401 0.53259027 0.83608836 0
39.5327 51.0238 431.66699 -0.17235643 0.52106839 0.83593124 0
39.532902 52.8214 430.47699 -0.10180137 0.56889164 0.81608748 0
39.533001 51.735199 431.21701 -0.17719871 0.51243532 0.84024441 0
39.5336 50.6842 431.87299 -0.19408686 0.49175462 0.84882724 0
39.5341 15.1733 445.15302 -0.28938022 0.16975856 0.94204092 0
39.5704 39.7924 437.45599 -0.2799767 0.39942527 0.87296766 0
39.571201 48.8381 432.95001 -0.25157607 0.48417693 0.83802277 0
39.572399 57.099602 423.819 0.79862452 -0.22696611 -0.55739152 0
39.575802 43.989101 435.51099 -0.2862123 0.41969493 0.86135864 0
39.581402 59.1623 423.59299 0.97025716 0.24187909 0.009772121 0
39.587601 42.9259 436.03699 -0.29346198 0.42571384 0.85594851 0
39.599899 58.037498 423.44501 0.9509986 -0.037876062 -0.30686644 0
39.601799 58.936199 424.34299 0.9220767 0.36438042 0.13038976 0
39.606499 48.438202 433.18201 -0.29047337 0.45846593 0.83990133 0
39.606998 54.734699 429.07901 0.17054109 0.42210707 0.89036024 0
39.619801 58.937099 423.59299 0.98367906 0.078258671 -0.16202174 0
39.6269 13.8535 444.483 0.33117083 -0.77703428 0.53529769 0
39.6273 37.560398 438.44601 -0.29018763 0.36897361 0.88297772 0
39.641499 13.1471 443.35199 0.33219302 -0.83058977 0.44695467 0
39.648998 16.2213 445.00601 -0.25994459 0.17881198 0.94892311 0
39.656502 58.8624 423.81799 0.9894743 0.14430675 -0.010776026 0
39.670101 58.487099 423.59299 0.96948749 0.048476275 -0.24030006 0
39.671501 58.187199 423.595 0.96823329 0.052606739 -0.244452 0
39.6726 58.786301 424.19299 0.94732797 0.31755126 0.04160434 0
39.692402 56.9879 424.04501 0.83208829 -0.22006151 -0.50911885 0
39.694901 55.7897 424.64801 0.7770465 -0.29844606 -0.55419195 0
39.775501 13.6763 444.10501 0.2676388 -0.81649947 0.51156437 0
39.778099 58.335602 424.64301 0.95637202 0.27038378 0.11065815 0
39.7934 57.5872 424.04501 0.93510711 -0.051151894 -0.35065386 0
39.7934 38.838799 437.95001 -0.32958442 0.39834815 0.85597479 0
39.7934 57.5872 424.04501 0.93510711 -0.051151894 -0.35065386 0
39.794201 49.788601 432.46399 -0.17567596 0.52751392 0.83118409 0
39.7948 52.3382 430.85101 0.025910074 0.54100889 0.84061766 0
39.807701 58.1488 424.17499 0.98097819 0.13087936 -0.14336091 0
39.8298 12.9432 442.754 0.39625162 -0.88387293 0.24850209 0
39.829899 54.131599 429.505 0.31165671 0.55479246 0.7714113 0
39.831799 53.384899 430.07199 0.057992864 0.66684031 0.74294066 0
39.832001 15.5872 445.15201 -0.27031741 0.1774209 0.94628239 0
39.8624 58.000099 424.56799 0.98056817 0.19573872 0.013131844 0
39.867901 41.6894 436.70801 -0.3058944 0.40069148 0.86364055 0
39.877102 55.940399 424.79999 0.80900902 -0.31243071 -0.49788696 0
39.9263 36.174198 439.125 -0.36180675 0.36475381 0.85793388 0
39.9338 56.762402 424.57001 0.85926104 -0.13907541 -0.49226874 0
39.940701 57.585899 425.39301 0.94261616 0.32844347 0.059996698 0
39.943298 36.8885 438.832 -0.3599889 0.35495263 0.86279583 0
39.943501 39.138302 437.87799 -0.33779961 0.38216278 0.86014128 0
39.943802 52.856701 430.45999 0.21253547 0.61166674 0.76203179 0
39.9445 37.918499 438.414 -0.37645552 0.35240236 0.85679275 0
39.9739 57.2771 424.75699 0.98448414 0.029635645 -0.17295304 0
39.9799 45.365898 434.931 -0.23128994 0.47053438 0.85152942 0
39.982399 49.861599 432.461 -0.12445121 0.52211136 0.84374857 0
40.016998 37.283001 438.70999 -0.36161909 0.36530876 0.85777688 0
40.019199 16.8999 444.96701 -0.27542871 0.18123452 0.94408321 0
40.019501 51.732201 431.289 0.035866048 0.60152578 0.79804784 0
40.048 38.630699 438.15302 -0.33644661 0.37450325 0.86403179 0
40.055698 53.459099 429.95801 0.23231673 0.67105919 0.70406568 0
40.076698 54.136902 425.99301 0.70610315 -0.27476427 -0.65262771 0
40.094799 52.486801 430.71899 0.1186972 0.55506849 0.82329214 0
40.101101 43.362801 436.00601 -0.29346198 0.42571384 0.85594851 0
40.106201 56.911598 425.61801 0.97215503 0.23290686 -0.025863592 0
40.107498 56.236801 425.09299 0.9251864 -0.020349678 -0.37896705 0
40.111401 41.1646 437.02499 -0.33664727 0.38925123 0.85741013 0
40.119301 34.3689 439.92099 -0.32728943 0.35108554 0.87728024 0
40.127102 55.712299 425.319 0.91658527 -0.10239343 -0.3865062 0
40.130299 15.9256 445.17801 -0.28405476 0.17869523 0.94200897 0
40.130501 39.063702 438 -0.37541294 0.36804244 0.85065264 0
40.131901 13.6808 443.918 0.26983768 -0.85845709 0.43616408 0
40.132099 46.824699 434.21399 -0.183604 0.46993026 0.86339742 0
40.132301 51.136101 431.68799 -0.037337795 0.59618407 0.80197906 0
40.132401 50.795898 431.91101 -0.0811451 0.52310622 0.84839576 0
40.132702 48.248699 433.45999 -0.14457737 0.56055248 0.81540066 0
40.133202 15.3241 445.32501 -0.38221765 0.21274123 0.89925015 0
40.133301 49.296001 432.84399 -0.011593955 0.5347268 0.84494549 0
40.133499 48.883499 433.09399 -0.15564805 0.5007109 0.85150588 0
40.134201 14.9132 445.38901 -0.31935638 -0.26262817 0.91051519 0
40.1343 47.8335 433.686 -0.10013176 0.51212156 0.85305631 0
40.141899 45.924198 434.69199 -0.21400429 0.450995 0.86649042 0
40.145401 56.631199 425.39301 0.97223318 0.14990197 -0.17969981 0
40.1516 39.8116 437.66901 -0.36722568 0.36947381 0.85360086 0
40.169701 51.5877 431.38 0.18666339 0.57224089 0.79855943 0
40.170799 54.963501 425.69699 0.83990932 -0.22585349 -0.49350026 0
40.187302 40.6758 437.28 -0.35011822 0.41755998 0.83848727 0
40.190399 55.2258 425.62201 0.83990932 -0.22585349 -0.49350026 0
40.199402 56.087101 425.40399 0.97639221 0.039502673 -0.21236232 0
40.204201 52.856201 430.38901 0.20391703 0.65813404 0.72476029 0
40.2047 13.1383 442.71701 0.57327336 -0.81572849 0.077101491 0
40.209702 53.459801 429.85901 0.28502762 0.60535562 0.74317145 0
40.212799 56.4244 425.83401 0.98461473 0.15828346 -0.074028552 0
40.251202 56.226898 426.25601 0.97445601 0.22353382 0.021636374 0
40.2817 32.6875 440.577 -0.32621887 0.30487251 0.89478153 0
40.281799 50.460098 432.117 0.19558655 0.47527352 0.85782337 0
40.2943 56.0112 425.76999 0.97715473 0.11699612 -0.17742741 0
40.315399 55.860901 426.81799 0.9417097 0.31049731 0.12951529 0
40.319199 14.1932 444.741 0.10929903 -0.81396383 0.57054061 0
40.319801 49.784599 432.54901 -0.0035021657 0.55247939 0.83351922 0
40.32 35.077499 439.72501 -0.36467472 0.33152577 0.87011665 0
40.3554 51.658501 431.29199 0.37028491 0.58320063 0.72302562 0
40.355598 55.524502 425.91901 0.94517553 -0.080965757 -0.31636646 0
40.3559 51.058102 431.715 0.3249101 0.54261005 0.7746017 0
40.359001 13.5301 443.39499 0.35141692 -0.88168085 0.31487301 0
40.367901 55.187901 425.99799 0.93694723 -0.11343653 -0.33054814 0
40.413601 45.108799 435.21301 -0.21898381 0.4654949 0.85753167 0
40.424702 53.894699 426.55899 0.85100186 -0.22381976 -0.47507948 0
40.428101 52.337002 430.70001 0.43896553 0.57867879 0.68734282 0
40.4291 54.3993 426.36801 0.87570906 -0.10097013 -0.47216383 0
40.432098 13.7633 443.99301 0.25346726 -0.90805447 0.33345383 0
40.4324 50.611301 431.995 0.23855156 0.53846848 0.80817378 0
40.432499 47.9851 433.67401 -0.10013176 0.51212156 0.85305631 0
40.472401 55.261299 426.51901 0.97597486 0.20748422 -0.066508695 0
40.480099 30.108101 441.57199 -0.38289559 0.29735005 0.87462789 0
40.480598 55.187801 427.194 0.96560043 0.24647988 0.082846105 0
40.487301 25.591 442.98401 -0.3337709 0.2352576 0.91282576 0
40.489601 41.1703 437.185 -0.31719685 0.40085393 0.85947794 0
40.4902 32.244999 440.815 -0.34501702 0.31792754 0.88311118 0
40.501099 36.9408 439.08499 -0.36462671 0.36804295 0.85533136 0
40.5061 51.510399 431.32199 0.32234371 0.49190027 0.80878222 0
40.507301 14.536 445.19601 0.043286901 -0.73238611 0.6795122 0
40.507999 16.5616 445.18799 -0.29455185 0.17427984 0.93960935 0
40.5242 54.887501 426.59201 0.98345149 0.10535428 -0.14738931 0
40.535599 36.418098 439.30899 -0.36462986 0.34717688 0.86400998 0
40.545898 15.8864 445.32901 -0.32854593 0.24418998 0.91237539 0
40.554199 43.730701 435.966 -0.23719241 0.4393819 0.86641985 0
40.564701 30.6985 441.40601 -0.35728791 0.29503247 0.88617224 0
40.5658 34.034901 440.23001 -0.32168102 0.35347643 0.87839383 0
40.5816 49.861 432.483 0.1471466 0.63709545 0.75660902 0
40.584801 13.3784 442.68201 0.62481141 -0.77969342 0.041096151 0
40.5994 25.0942 443.14801 -0.35352126 0.24648076 0.90236908 0
40.619999 39.2118 438.17599 -0.35691822 0.37673444 0.85479856 0
40.643398 53.237301 427.194 0.97043663 0.0022584244 -0.24134548 0
40.656101 49.2575 432.901 -0.0088541582 0.59192622 0.80594355 0
40.6562 48.658298 433.285 0.26106837 0.51639056 0.81558818 0
40.6567 48.809601 433.194 0.018849513 0.50577658 0.86245853 0
40.657398 48.2127 433.56299 -0.063565351 0.53817666 0.84043163 0
40.657902 44.835899 435.42999 -0.18569894 0.47518486 0.86006701 0
40.658501 28.711 442.10699 -0.34222528 0.28565085 0.89514548 0
40.658501 14.9154 445.582 -0.12500589 -0.56194597 0.81767368 0
40.661999 35.795502 439.60901 -0.33060393 0.3425146 0.87942296 0
40.663799 15.2099 445.62799 -0.3029153 -0.17991649 0.93588054 0
40.669899 54.286301 427.04501 0.98036194 -0.019566366 -0.19623365 0
40.6712 54.287201 427.79401 0.96800637 0.2460914 0.049017157 0
40.679401 53.987099 427.04599 0.97497654 0.039998099 -0.2186799 0
40.685501 51.822399 427.858 0.82528603 -0.1900465 -0.53177559 0
40.692501 50.987999 428.245 0.75001711 -0.28145844 -0.59854448 0
40.694698 43.224701 436.27399 -0.23644511 0.45656195 0.85769743 0
40.695702 44.4604 435.63599 -0.15818642 0.45716786 0.87519974 0
40.696999 29.797701 441.77701 -0.38158703 0.27399012 0.88279146 0
40.702999 14.0119 444.38199 0.12769565 -0.85507739 0.50253016 0
40.714802 38.4608 438.57999 -0.35298383 0.41766402 0.83723307 0
40.717899 51.2878 428.13501 0.68691593 -0.30452964 -0.65985465 0
40.7248 50.613701 428.46201 0.65792161 -0.32925019 -0.67729867 0
40.7323 47.604698 433.91699 -0.047045108 0.53449982 0.84385824 0
40.732399 47.0858 434.23001 -0.088382095 0.43416727 0.89648616 0
40.732601 42.286701 436.741 -0.14130378 0.44509527 0.88426435 0
40.7327 29.1992 441.98001 -0.2860449 0.28722319 0.91415596 0
40.732899 46.446701 434.595 0.16645721 0.49219048 0.85442412 0
40.733002 45.7351 434.96899 -0.12353124 0.46982405 0.87407404 0
40.733299 42.885399 436.45599 -0.23014715 0.44333723 0.86630499 0
40.733501 38.085899 438.75 -0.25359178 0.38914701 0.88558221 0
40.733601 37.7859 438.87399 -0.26206258 0.37658292 0.88854289 0
40.733799 40.3354 437.702 -0.31701967 0.41976044 0.8504703 0
40.734402 35.347698 439.80301 -0.32763043 0.30636933 0.89375395 0
40.734901 33.697201 440.423 -0.31674132 0.289121 0.90337366 0
40.735001 39.7342 437.98499 -0.31626779 0.39444524 0.86277902 0
40.742699 52.487301 427.64401 0.82724828 -0.16589969 -0.53678447 0
40.751801 41.948399 436.914 -0.28584304 0.41992223 0.86137044 0
40.7644 49.7505 428.953 0.64429855 -0.39476189 -0.65501326 0
40.7714 44.2342 435.77399 -0.1775886 0.45706239 0.87152523 0
40.797199 53.686199 428.09299 0.97527283 0.22100154 0.0011089891 0
40.798901 53.349602 427.56799 0.97062367 0.043052696 -0.23671965 0
40.7994 27.1124 442.67401 -0.33043891 0.28849727 0.89865422 0
40.7994 53.686501 427.79401 0.98837698 0.13470784 -0.070460699 0
40.802799 49.630901 432.565 0.25439182 0.61106652 0.74958819 0
40.804001 49.256199 432.83899 0.29719701 0.58048093 0.75810015 0
40.805801 48.658798 433.23999 0.38891366 0.5103851 0.76697665 0
40.8064 48.2099 433.52899 0.061247826 0.51169467 0.85698146 0
40.806499 50.428398 431.95599 0.40620726 0.59982038 0.68935561 0
40.807301 13.7406 443.46799 0.2526257 -0.95222074 0.17162715 0
40.808102 53.537102 427.64301 0.97927696 0.05001251 -0.19625349 0
40.808998 53.536598 428.50601 0.96145517 0.25108933 0.11206295 0
40.843899 53.461399 428.31799 0.97527283 0.22100154 0.0011089891 0
40.8619 52.786999 427.793 0.96341836 -0.0054156426 -0.26794729 0
40.882999 13.7215 443.20599 0.35258779 -0.90088046 0.25317228 0
40.883099 14.3361 444.82199 0.12016657 -0.81633353 0.56494212 0
40.883301 29.5361 441.93399 -0.28519022 0.32327178 0.90230918 0
40.883999 53.311001 428.16901 0.97527283 0.22100154 0.0011089891 0
40.886101 50.051498 428.92401 0.76995516 -0.28316078 -0.57182956 0
40.921501 41.1222 437.383 -0.22443287 0.42732039 0.87580091 0
40.928501 51.289398 428.39899 0.8550474 -0.17243333 -0.48904061 0
40.931 28.049601 442.42599 -0.32830206 0.27443096 0.9038282 0
40.933601 52.935699 428.99301 0.94766068 0.29545602 0.12101659 0
40.9552 47.757801 433.78699 0.039920542 0.51846081 0.85416901 0
40.955601 47.457901 433.98999 0.2913413 0.501158 0.81483793 0
40.956699 48.660999 433.185 0.38891366 0.5103851 0.76697665 0
40.957298 15.212 445.77301 -0.18451576 0.19486187 0.96331865 0
40.960201 34.033798 440.384 -0.29533803 0.31641576 0.90147465 0
41.001598 52.6367 428.24399 0.96557754 0.048582856 -0.25553808 0
41.028301 52.486301 429.36801 0.93475157 0.3207691 0.1527963 0
41.030998 46.858501 434.345 0.22701433 0.54130411 0.80960137 0
41.0317 46.3344 434.66299 0.28141192 0.45524752 0.84472305 0
41.0322 45.734798 435.009 0.089405708 0.53169352 0.84220463 0
41.033001 38.835999 438.51401 -0.23454966 0.40975377 0.88152611 0
41.042599 19.008101 444.82001 -0.30144423 0.21562506 0.92878264 0
41.051998 26.7894 442.86499 -0.32355338 0.26791722 0.90748751 0
41.053799 17.572701 445.15399 -0.30842784 0.20220974 0.92950714 0
41.061401 29.142401 442.11401 -0.28927854 0.29477736 0.91072732 0
41.062099 52.186901 428.396 0.92260879 -0.097460136 -0.3732219 0
41.070599 36.1362 439.63901 -0.32872039 0.34586141 0.87881899 0
41.1045 52.261902 428.918 0.98193097 0.1888096 -0.012747971 0
41.105598 19.535101 444.71301 -0.30085841 0.2019935 0.93203157 0
41.107201 35.687199 439.81699 -0.30793041 0.32035145 0.8958537 0
41.1078 22.364799 444.077 -0.28715169 0.22188534 0.93183196 0
41.1087 30.848101 441.56699 -0.29815009 0.31100303 0.90243208 0
41.1091 25.293501 443.311 -0.34887227 0.25107241 0.90291238 0
41.126499 51.699699 430.18399 0.91091657 0.32157567 0.25849587 0
41.132401 51.999298 428.76901 0.98193097 0.1888096 -0.012747971 0
41.159698 28.448799 442.371 -0.26979512 0.30061972 0.91478872 0
41.177502 48.507801 433.116 0.49030584 0.46970493 0.73415083 0
41.182701 14.5914 445.12 0.12732832 -0.7914418 0.5978356 0
41.1842 15.8108 445.564 -0.2702578 0.37497845 0.88676482 0
41.1968 50.987 428.99301 0.94012648 0.020480301 -0.34020984 0
41.201401 32.292999 441.07599 -0.29020137 0.33935663 0.89477384 0
41.201599 51.5868 428.99399 0.9451946 0.0078057912 -0.32641426 0
41.219898 14.9746 445.57501 0.044706304 -0.70074594 0.71200877 0
41.2206 21.6427 444.28 -0.26370856 0.21742824 0.93977803 0
41.2211 25.879499 443.18201 -0.31053653 0.26209131 0.91371506 0
41.248299 20.635201 444.517 -0.28780228 0.2265715 0.93050265 0
41.256302 45.8092 434.95999 0.089405708 0.53169352 0.84220463 0
41.256401 16.637699 445.422 -0.31802848 0.19384132 0.92805356 0
41.256599 45.058601 435.42001 -0.10471261 0.47262156 0.87502235 0
41.256802 44.458801 435.77399 -0.13208081 0.46705893 0.87430578 0
41.256901 46.711498 434.366 0.41052783 0.49427745 0.76626152 0
41.256901 51.436501 429.36899 0.98606747 0.14823844 -0.075473875 0
41.256901 46.711498 434.366 0.41052783 0.49427745 0.76626152 0
41.256901 51.436501 429.36899 0.98606747 0.14823844 -0.075473875 0
41.257 43.8619 436.07599 0.046981245 0.45225647 0.89064968 0
41.257099 44.910099 435.51501 0.24656403 0.4954271 0.83292145 0
41.257198 37.337399 439.215 -0.11421004 0.36952239 0.92217636 0
41.257198 37.637402 439.09601 -0.17586008 0.42722893 0.88687581 0
41.257198 37.337399 439.215 -0.11421004 0.36952239 0.92217636 0
41.257198 37.637402 439.09601 -0.17586008 0.42722893 0.88687581 0
41.257198 37.337399 439.215 -0.11421004 0.36952239 0.92217636 0
41.257301 43.372601 436.323 -0.11166812 0.4139092 0.9034431 0
41.257301 43.712601 436.15399 0.19661753 0.44813272 0.87207717 0
41.257301 36.737099 439.461 -0.27046564 0.3573083 0.89396816 0
41.257301 43.372601 436.323 -0.11166812 0.4139092 0.9034431 0
41.257301 43.712601 436.15399 0.19661753 0.44813272 0.87207717 0
41.257301 36.737099 439.461 -0.27046564 0.3573083 0.89396816 0
41.257301 43.372601 436.323 -0.11166812 0.4139092 0.9034431 0
41.257301 43.712601 436.15399 0.19661753 0.44813272 0.87207717 0
41.257301 36.737099 439.461 -0.27046564 0.3573083 0.89396816 0
41.258999 49.224998 429.707 0.77091008 -0.19128346 -0.60754281 0
41.261002 24.884399 443.48001 -0.335816 0.24416929 0.9097302 0
41.266998 31.5994 441.34601 -0.24851525 0.33025843 0.91058749 0
41.275799 30.399799 441.77899 -0.29843298 0.31027833 0.90258801 0
41.279301 50.949699 430.64301 0.91587001 0.35839021 0.18093802 0
41.2883 50.4977 431.186 0.92526746 0.3073692 0.22227091 0
41.290401 34.402199 440.345 -0.27601442 0.33816904 0.89969867 0
41.294899 42.286999 436.879 -0.11172099 0.41717625 0.9019326 0
41.294899 14.1785 444.51901 0.13642254 -0.86741471 0.47851923 0
41.294899 42.286999 436.879 -0.11172099 0.41717625 0.9019326 0
41.294899 14.1785 444.51901 0.13642254 -0.86741471 0.47851923 0
41.294899 42.286999 436.879 -0.11172099 0.41717625 0.9019326 0
41.295601 27.3612 442.771 -0.29614732 0.28944486 0.91022986 0
41.295601 33.923599 440.52399 -0.24219371 0.31611261 0.91728675 0
41.295601 27.3612 442.771 -0.29614732 0.28944486 0.91022986 0
41.295601 33.923599 440.52399 -0.24219371 0.31611261 0.91728675 0
41.295601 27.3612 442.771 -0.29614732 0.28944486 0.91022986 0
41.295601 33.923599 440.52399 -0.24219371 0.31611261 0.91728675 0
41.298401 49.7505 429.55899 0.81466556 -0.19494413 -0.54618388 0
41.306599 51.135799 430.043 0.9640134 0.25343513 0.080304712 0
41.318001 48.8895 429.89999 0.7254017 -0.16608451 -0.6679883 0
41.330399 33.364601 440.72 -0.2392354 0.33301109 0.91206908 0
41.331299 13.9179 443.992 0.14319326 -0.94991219 0.27778134 0
41.331699 13.833 443.24301 0.18887709 -0.96176898 0.19830741 0
41.332199 32.799702 440.92999 -0.23605664 0.33946285 0.91051757 0
41.332199 40.8997 437.59201 -0.16064815 0.42655435 0.89008063 0
41.332199 32.799702 440.92999 -0.23605664 0.33946285 0.91051757 0
41.332199 40.8997 437.59201 -0.16064815 0.42655435 0.89008063 0
41.332199 32.799702 440.92999 -0.23605664 0.33946285 0.91051757 0
41.332401 39.2304 438.39099 -0.19670577 0.44687715 0.87270135 0
41.332699 42.697201 436.677 -0.050136082 0.43440562 0.8993209 0
41.332802 38.648399 438.66901 -0.16749935 0.41309825 0.89515018 0
41.332802 35.986401 439.772 -0.23481901 0.34651333 0.90817869 0
41.332802 38.648399 438.66901 -0.16749935 0.41309825 0.89515018 0
41.333099 24.586399 443.58401 -0.32689458 0.23649004 0.91499311 0
41.333099 37.935501 438.987 -0.17840412 0.39996073 0.8990013 0
41.333099 24.586399 443.58401 -0.32689458 0.23649004 0.91499311 0
41.333099 37.935501 438.987 -0.17840412 0.39996073 0.8990013 0
41.333199 39.921902 438.07001 -0.1404364 0.42697909 0.89328969 0
41.3335 41.533501 437.28799 -0.10840694 0.47667909 0.87236744 0
41.342701 50.387299 429.44501 0.97929698 0.0048688422 -0.20237009 0
41.351799 40.372101 437.849 -0.19289309 0.44093287 0.87656742 0
41.352501 50.686901 429.44601 0.97575444 0.17022604 -0.13757327 0
41.355099 48.513 430.099 0.821733 -0.28693292 -0.49236608 0
41.3773 50.835701 429.96799 0.98790759 0.15372907 -0.020149738 0
41.3839 35.208801 440.07101 -0.2403954 0.34245056 0.90826076 0
41.4035 46.257198 434.56201 0.40034795 0.52724171 0.74949163 0
41.403801 45.7318 434.944 0.089405708 0.53169352 0.84220463 0
41.405102 44.756599 435.56 0.24656403 0.4954271 0.83292145 0
41.4058 44.459202 435.73499 0.24119651 0.22431852 0.94419563 0
41.407398 43.863098 436.06299 0.046981245 0.45225647 0.89064968 0
41.426399 20.0023 444.724 -0.324054 0.20801499 0.92288613 0
41.427299 50.460098 430.71701 0.94870132 0.28625587 0.134251 0
41.4408 27.033199 442.91299 -0.27751341 0.27068645 0.92179996 0
41.4538 50.049801 431.20599 0.92380553 0.31199616 0.22190487 0
41.453899 50.462399 430.11899 0.98551714 0.1545371 -0.069815665 0
41.454399 25.4494 443.38101 -0.26653272 0.2685118 0.92566824 0
41.457901 30.9352 441.642 -0.25590789 0.32737562 0.90958035 0
41.462502 48.887699 430.121 0.88778925 -0.14759967 -0.43594101 0
41.471298 47.237598 430.79501 0.7681281 -0.2662226 -0.58232701 0
41.508499 50.087101 430.043 0.983082 0.049496014 -0.17635182 0
41.5107 50.1605 430.71799 0.96200562 0.25813469 0.088947698 0
41.5364 29.4459 442.14899 -0.26407227 0.29284817 0.91896999 0
41.546501 49.524899 430.121 0.91923445 -0.086869188 -0.38400751 0
41.551998 46.408001 434.33899 0.41052783 0.49427745 0.76626152 0
41.555801 43.4077 436.293 0.29100439 0.41562763 0.86172509 0
41.557301 37.637001 439.14499 -0.099814147 0.37982646 0.91965699 0
41.591702 27.7192 442.73801 -0.26261666 0.30438638 0.91563171 0
41.601299 49.5994 431.168 0.95921189 0.2226083 0.17423582 0
41.612999 23.424999 443.96201 -0.28495517 0.24145631 0.92763108 0
41.622898 39.643299 438.23901 0.0051997527 0.44733632 0.89435071 0
41.6311 42.696301 436.647 0.22309577 0.54216039 0.81011748 0
41.631699 13.987 443.992 0.1728418 -0.94744122 0.26922256 0
41.631802 41.534302 437.30701 0.1794956 0.44853154 0.87555742 0
41.632099 40.336498 437.89899 0.045614067 0.42556387 0.90377802 0
41.632099 40.8601 437.634 0.099199593 0.47567067 0.87401193 0
41.632099 40.336498 437.89899 0.045614067 0.42556387 0.90377802 0
41.632099 40.8601 437.634 0.099199593 0.47567067 0.87401193 0
41.632099 40.336498 437.89899 0.045614067 0.42556387 0.90377802 0
41.632401 38.423901 438.80899 -0.045026232 0.43165568 0.90091401 0
41.633202 14.6556 445.12399 0.083904028 -0.81102055 0.5789696 0
41.6689 14.2397 444.51599 0.20379505 -0.87962192 0.42980555 0
41.669998 13.8824 443.168 0.19923769 -0.97458369 0.10242574 0
41.703098 49.2616 430.71899 0.98198175 0.17300677 -0.076029569 0
41.719299 48.735699 431.84201 0.92205888 0.29094785 0.2552582 0
41.720001 47.1632 431.172 0.84624064 -0.16297476 -0.50726324 0
41.7346 45.438999 431.83401 0.66950738 -0.2462226 -0.70080972 0
41.7421 48.587299 430.797 0.96016562 0.023179518 -0.27846843 0
41.743698 48.8867 430.79501 0.95594621 0.17418969 -0.23627262 0
41.752499 26.1826 443.23901 -0.25098461 0.27144405 0.92915279 0
41.755501 18.642401 445.14401 -0.31068552 0.19631265 0.93001926 0
41.7738 16.5054 445.63501 -0.30140218 0.14045553 0.94309545 0
41.776798 22.5604 444.22 -0.26845953 0.22252716 0.93723589 0
41.777901 48.8494 431.28101 0.99662757 0.081884436 -0.0053332448 0
41.7817 42.061401 436.98599 0.30450386 0.48228514 0.82138813 0
41.782398 34.7118 440.345 -0.1527817 0.33245376 0.93066227 0
41.782902 21.642799 444.42801 -0.27772322 0.22322844 0.93436551 0
41.800598 48.417801 431.918 0.9698441 0.20173925 0.13676153 0
41.8013 24.614901 443.71899 -0.26442632 0.2564972 0.92967087 0
41.801498 36.716499 439.564 -0.10487339 0.39900109 0.91093343 0
41.836899 48.024601 431.16901 0.93657285 -0.053070005 -0.34643164 0
41.854698 41.3829 437.366 0.19625181 0.45464543 0.86878234 0
41.855701 28.864 442.42099 -0.23273386 0.30503908 0.92346418 0
41.857601 15.868 445.75299 -0.21631128 0.20445819 0.95467603 0
41.870201 43.328098 436.19901 0.38498917 0.50749528 0.77086437 0
41.885899 32.2551 441.27899 -0.2285668 0.34197834 0.91148669 0
41.8946 39.1357 438.48901 0.057192169 0.40041021 0.91454947 0
41.897099 47.987 431.39401 0.97832435 0.19649017 -0.065368734 0
41.9025 21.218 444.56699 -0.28569254 0.23572628 0.92887723 0
41.9133 44.350498 432.51801 0.6644702 -0.28599072 -0.69042647 0
41.9146 45.3638 432.073 0.79174292 -0.29189566 -0.53660047 0
41.921902 33.157299 440.94 -0.196126 0.36731854 0.90918189 0
41.922901 47.534801 432.591 0.9371742 0.28040975 0.20754491 0
41.929298 42.3587 436.73401 0.25520468 0.51704818 0.81702614 0
41.931198 28.2635 442.64401 -0.23283838 0.31099376 0.92144948 0
41.931301 14.3851 444.66599 0.15905479 -0.85133487 0.49993056 0
41.932301 37.898499 439.05499 -0.011508718 0.43331185 0.90117055 0
41.932301 37.3727 439.284 -0.033028655 0.35170254 0.93552893 0
41.932301 37.898499 439.05499 -0.011508718 0.43331185 0.90117055 0
41.932301 14.9449 445.48999 -0.073207729 -0.67282945 0.73616654 0
41.9324 36.286499 439.76599 0.0044494946 0.38944867 0.92103744 0
41.932499 15.2128 445.79001 -0.056592263 -0.44335806 0.89455628 0
41.932701 35.685902 440.008 -0.092735685 0.36593994 0.9260065 0
41.932899 16.936701 445.591 -0.26245102 0.22743133 0.93776035 0
41.932899 17.424101 445.466 -0.27908877 0.22989781 0.93233925 0
41.932899 16.936701 445.591 -0.26245102 0.22743133 0.93776035 0
41.932899 17.424101 445.466 -0.27908877 0.22989781 0.93233925 0
41.932899 16.936701 445.591 -0.26245102 0.22743133 0.93776035 0
41.932899 17.424101 445.466 -0.27908877 0.22989781 0.93233925 0
41.932899 16.936701 445.591 -0.26245102 0.22743133 0.93776035 0
41.932899 17.424101 445.466 -0.27908877 0.22989781 0.93233925 0
41.932899 16.936701 445.591 -0.26245102 0.22743133 0.93776035 0
41.933701 20.517099 444.78299 -0.31189284 0.24361421 0.91835451 0
41.9338 30.5851 441.89801 -0.22693194 0.31575257 0.92130464 0
41.935101 15.5125 445.888 -0.28613767 -0.19443612 0.93825358 0
41.936199 15.6606 445.827 -0.30690774 0.097111404 0.94677192 0
41.942299 46.375599 431.772 0.79191625 -0.12480483 -0.5977394 0
41.9506 47.910801 431.76901 0.97832435 0.19649017 -0.065368734 0
41.9585 45.9618 431.918 0.76690936 -0.18263906 -0.6152178 0
41.960899 35.3297 440.147 -0.10623197 0.37141621 0.92236912 0
41.967499 40.182701 437.944 0.12320484 0.44282988 0.88810039 0
41.970402 33.885899 440.68701 -0.1443429 0.35467744 0.92377973 0
41.980499 19.701799 444.98499 -0.31838894 0.20071155 0.92646819 0
41.982101 45.625 432.07001 0.8645106 -0.15478106 -0.47818851 0
41.9874 31.3104 441.64899 -0.21595785 0.33468023 0.91725206 0
41.9893 32.723202 441.12601 -0.19963032 0.36754328 0.90832794 0
41.991199 47.377602 431.72198 0.95162868 0.040728677 -0.30453911 0
41.994301 44.6105 432.51501 0.84419316 -0.087981679 -0.52876949 0
42.005901 13.9334 443.31799 0.18724848 -0.98044032 0.060620196 0
42.0131 47.4608 432.21799 0.98516029 0.16402704 0.050539833 0
42.013302 46.637299 431.845 0.83143395 -0.090279549 -0.54824013 0
42.026199 47.461399 431.99399 0.99627101 0.072247989 -0.047162194 0
42.030701 46.937099 431.845 0.99881983 -0.032593898 -0.036007375 0
42.0453 40.487499 437.74301 0.28182688 0.49485415 0.82200545 0
42.048401 43.149899 436.13699 0.48577017 0.45576817 0.745857 0
42.0504 43.638901 432.97299 0.68507642 -0.28286001 -0.67131257 0
42.077202 44.912201 432.51901 0.87149972 -0.20624167 -0.44491863 0
42.077999 40.932701 437.47101 0.3636702 0.42213258 0.83039033 0
42.0797 16.000799 445.77399 -0.21631128 0.20445819 0.95467603 0
42.082401 31.8619 441.466 -0.22290435 0.33760563 0.91451412 0
42.082901 15.0792 445.64301 0.1207689 -0.43703938 0.89129764 0
42.106701 41.269501 437.25699 0.45499021 0.47410995 0.75379288 0
42.109501 39.604401 438.189 0.32044768 0.49365205 0.80846828 0
42.137501 29.8757 442.177 -0.21242616 0.29171786 0.93261772 0
42.149101 41.322701 434.02301 0.64329612 -0.28449401 -0.71079761 0
42.215099 16.8237 445.70001 -0.26245102 0.22743133 0.93776035 0
42.221001 46.261299 432.51901 0.97924989 0.12440342 -0.15997939 0
42.231499 45.438099 432.59601 0.93420196 -0.11815818 -0.33660862 0
42.232101 36.7356 439.56699 0.081964195 0.4207578 0.90346265 0
42.232201 36.324501 439.76401 0.082386807 0.45442569 0.88696659 0
42.2323 34.786701 440.39001 -0.045834292 0.37917295 0.92418998 0
42.233002 20.311501 444.935 -0.27609798 0.19572935 0.94098878 0
42.233002 37.938202 439.00299 0.37846184 0.38466245 0.84190345 0
42.233002 20.311501 444.935 -0.27609798 0.19572935 0.94098878 0
42.233002 37.938202 439.00299 0.37846184 0.38466245 0.84190345 0
42.2584 45.9613 432.59601 0.97504413 0.093978874 -0.20113905 0
42.2603 44.088902 433.04901 0.87627691 -0.14083566 -0.46076471 0
42.269402 37.6367 439.138 0.22021687 0.3987681 0.89021826 0
42.270302 32.685902 441.194 -0.10793555 0.33760133 0.93508035 0
42.308899 45.662102 432.96799 0.98904914 0.14725123 0.0099459812 0
42.3097 15.6624 445.92999 -0.21879108 0.27579153 0.93598586 0
42.334301 24.644501 443.853 -0.24252962 0.27237511 0.93112361 0
42.336201 45.418301 433.08099 0.99637002 0.082486905 -0.021040531 0
42.337399 42.794498 433.68399 0.80446953 -0.20341219 -0.55807906 0
42.342602 37.3335 439.26801 0.30174598 0.32468703 0.89639705 0
42.3461 14.3451 444.371 0.21555915 -0.89353424 0.39386645 0
42.349098 44.986698 433.793 0.96703851 0.23386431 0.10071728 0
42.367001 44.837002 433.194 0.9835586 0.019978285 -0.17948093 0
42.375801 39.4758 434.944 0.62047535 -0.31082836 -0.71999729 0
42.3815 16.5627 445.80499 -0.26749441 0.2324947 0.93508983 0
42.3978 29.4599 442.367 -0.12940297 0.30641001 0.94306296 0
42.418098 19.263599 445.22101 -0.27363342 0.20656499 0.93939108 0
42.445099 17.7959 445.53201 -0.27488512 0.19218475 0.94207388 0
42.452599 30.090099 442.17801 -0.12859564 0.3202354 0.93856937 0
42.455898 35.456799 440.13501 -0.011767294 0.36695293 0.93016511 0
42.4664 14.9835 445.509 0.023980297 -0.81192994 0.58326209 0
42.466599 27.1369 443.15399 -0.16706976 0.30014798 0.93914795 0
42.4785 31.6129 441.63599 -0.075459436 0.37577257 0.92363459 0
42.480301 40.336601 434.746 0.69710076 -0.22095276 -0.682078 0
42.4813 40.9566 434.508 0.73309338 -0.22709858 -0.64109308 0
42.4902 41.687698 434.245 0.76991343 -0.18921502 -0.60945141 0
42.490398 44.067699 434.18701 0.98502994 0.1719517 0.012193947 0
42.495098 28.974199 442.54599 -0.19209234 0.29110038 0.93720919 0
42.4953 24.0804 444.05301 -0.25338078 0.2402702 0.93705302 0
42.4972 21.378799 444.72699 -0.27997795 0.23094587 0.93181348 0
42.4995 39.138401 435.185 0.66186839 -0.23354481 -0.71231103 0
42.500702 40.0368 434.87399 0.65457743 -0.20499815 -0.72767037 0
42.504002 28.2061 442.80499 -0.1795781 0.31676036 0.93135095 0
42.506001 43.9557 433.74701 0.96145779 0.23341495 -0.1453146 0
42.512402 43.6745 433.72 0.99256361 0.10302026 -0.064840905 0
42.5312 26.5756 443.336 -0.18317349 0.29055056 0.93916339 0
42.531399 34.9352 440.34201 0.0035932697 0.3738113 0.9274978 0
42.531799 25.6376 443.61401 -0.17466664 0.29292241 0.94004685 0
42.531898 34.2593 440.612 0.21615076 0.43401319 0.87459213 0
42.531898 36.1175 439.81201 0.26697713 0.3267332 0.90662485 0
42.531898 34.2593 440.612 0.21615076 0.43401319 0.87459213 0
42.531898 36.1175 439.81201 0.26697713 0.3267332 0.90662485 0
42.5322 14.7416 445.117 0.054575372 -0.89155173 0.44961879 0
42.532299 27.886999 442.923 -0.18897067 0.31313691 0.93071765 0
42.5326 33.286301 440.995 -0.05672593 0.30729905 0.94992077 0
42.5326 33.809502 440.78799 -0.012785785 0.41930214 0.90775669 0
42.5326 33.286301 440.995 -0.05672593 0.30729905 0.94992077 0
42.5326 33.809502 440.78799 -0.012785785 0.41930214 0.90775669 0
42.5327 28.636499 442.66599 -0.14987081 0.30587727 0.94020098 0
42.533001 15.5522 446.00201 -0.21361661 -0.031418499 0.97641224 0
42.533501 26.123301 443.47198 -0.2276776 0.28766572 0.93027484 0
42.5345 20.497601 444.97699 -0.24698624 0.23798366 0.93934101 0
42.5494 23.341499 444.24899 -0.25635362 0.22840935 0.93920815 0
42.557301 43.186699 433.94199 0.96865684 -0.13694933 -0.20724106 0
42.570301 30.885799 441.92999 -0.11488654 0.28584722 0.95136344 0
42.572701 14.2604 443.99701 0.20673157 -0.93428367 0.29047561 0
42.574902 43.561199 434.31799 0.9916923 0.12718511 -0.019242708 0
42.591202 42.137299 434.245 0.88476247 -0.13812512 -0.44510314 0
42.605301 35.4589 440.104 0.15304485 0.5345242 0.83118057 0
42.606499 36.7356 439.466 0.43372095 0.41507366 0.79974997 0
42.606499 22.187599 444.54901 -0.25954071 0.24125028 0.93511331 0
42.606899 43.262001 434.09299 0.98458034 0.1393418 -0.10576116 0
42.611599 43.3367 434.431 0.98924738 0.14405358 -0.025261674 0
42.618698 43.139702 434.77701 0.98161972 0.18727753 0.036741059 0
42.639198 17.1106 445.73199 -0.26120895 0.22621006 0.9384023 0
42.7164 42.7356 434.397 0.98712558 0.15811558 -0.024135267 0
42.717899 42.437801 434.39899 0.98367041 -0.048714038 -0.17326127 0
42.719002 33.7346 440.81 0.24533477 0.39160031 0.88682586 0
42.7519 34.931301 440.29599 0.10096359 0.34090474 0.93466055 0
42.752499 41.087101 434.84399 0.90775865 -0.087012097 -0.41036943 0
42.756901 37.430401 436.05399 0.70509255 -0.22482748 -0.67253035 0
42.766399 40.6381 434.99701 0.84705818 -0.20305716 -0.49118248 0
42.774799 42.437302 434.88199 0.98413193 0.15127495 0.092737153 0
42.832001 31.259399 441.81799 0.15581591 0.37540448 0.91367 0
42.832199 14.9928 445.492 0.088687904 -0.85635245 0.50871891 0
42.8325 30.023701 442.25699 -0.022449756 0.32757357 0.94455892 0
42.841 36.1731 439.59299 0.47091872 0.42131439 0.77506757 0
42.859402 41.462299 434.996 0.92551631 -0.00063459668 -0.37870717 0
42.874199 39.475201 435.521 0.83057791 -0.26662952 -0.48892635 0
42.888599 30.623899 442.04599 0.035253994 0.34479114 0.93801719 0
42.9086 14.5612 444.59698 0.14923508 -0.89920467 0.4112905 0
42.908699 16.486 445.97699 -0.25626764 0.21729517 0.94186503 0
42.944801 18.212 445.603 -0.26459932 0.19255389 0.94493926 0
42.965302 36.287201 436.63599 0.66123921 -0.25991309 -0.70371014 0
42.969398 34.334999 440.48001 0.41539219 0.29228055 0.86140662 0
42.975399 40.786701 435.44501 0.98382235 0.090755664 -0.1544572 0
42.980202 39.7374 435.595 0.8496778 -0.1773379 -0.49658725 0
42.9841 15.8876 446.11301 -0.045537625 -0.10454251 0.99347734 0
42.987499 34.468601 437.33301 0.61989707 -0.24245512 -0.74628627 0
42.992599 38.050999 436.12399 0.880328 -0.079922535 -0.46758425 0
43.001999 14.3107 443.78799 0.24182114 -0.97007954 -0.021638611 0
43.056 33.210201 440.98401 0.27649558 0.41354707 0.86748427 0
43.056499 33.060398 441.064 0.26963508 0.47267386 0.8389734 0
43.0574 29.0107 442.638 -0.083509073 0.34383106 0.9353109 0
43.0672 23.686501 444.29401 -0.17554952 0.23559885 0.95586377 0
43.076801 18.6894 445.54001 -0.23907916 0.23510338 0.94210804 0
43.093102 17.181999 445.85599 -0.26938295 0.21095911 0.93964309 0
43.093899 30.3598 442.134 -0.0034871476 0.30711696 0.9516654 0
43.095001 26.5371 443.461 -0.093626961 0.3787927 0.92073345 0
43.095402 25.335699 443.836 -0.073893249 0.3584384 0.93062437 0
43.112701 21.212999 444.935 -0.19219449 0.2274099 0.95464444 0
43.1134 20.209 445.177 -0.17711343 0.2512759 0.95157301 0
43.114601 23.085501 444.45901 -0.14969757 0.25422359 0.95548993 0
43.114899 22.5979 444.58499 -0.18210083 0.24637865 0.95191222 0
43.117699 33.136398 437.91 0.72101587 -0.16246852 -0.67360234 0
43.124001 34.037701 437.603 0.68887341 -0.21266533 -0.69298404 0
43.124599 34.937199 437.29901 0.72533453 -0.092754364 -0.68211907 0
43.131001 14.7969 445.07599 0.1092012 -0.8956455 0.43115452 0
43.131901 19.6936 445.30499 -0.20503356 0.19602115 0.95892489 0
43.132099 28.4853 442.80899 0.070804648 0.33904865 0.93810058 0
43.132099 28.7864 442.70599 0.070804648 0.33904865 0.93810058 0
43.132099 28.4853 442.80899 0.070804648 0.33904865 0.93810058 0
43.132099 28.7864 442.70599 0.070804648 0.33904865 0.93810058 0
43.132099 28.4853 442.80899 0.070804648 0.33904865 0.93810058 0
43.132099 28.7864 442.70599 0.070804648 0.33904865 0.93810058 0
43.132301 26.761 443.38699 0.10365892 0.31851384 0.94223338 0
43.132301 27.097 443.27701 0.10644747 0.32206124 0.94071543 0
43.132301 26.761 443.38699 0.10365892 0.31851384 0.94223338 0
43.132301 27.097 443.27701 0.10644747 0.32206124 0.94071543 0
43.132301 26.761 443.38699 0.10365892 0.31851384 0.94223338 0
43.132401 27.774599 443.05301 -0.065656327 0.3240698 0.94375211 0
43.132401 15.2127 445.79001 -0.046050418 -0.78000951 0.62407094 0
43.132401 15.5129 446.099 -0.14168423 -0.4604362 0.87631279 0
43.132401 27.774599 443.05301 -0.065656327 0.3240698 0.94375211 0
43.1325 20.799299 445.03799 -0.16926372 0.22454248 0.95965123 0
43.132599 25.0369 443.93701 0.0044995383 0.32578567 0.94543296 0
43.132702 26.1978 443.577 -0.15131083 0.28604022 0.94619554 0
43.132801 22.2614 444.673 -0.14863858 0.25069958 0.95658576 0
43.133499 21.9233 444.76001 -0.22734201 0.23794854 0.9442966 0
43.133598 24.135401 444.207 -0.16653228 0.26419216 0.94998395 0
43.136101 37.187199 436.569 0.77773637 -0.16222633 -0.60729623 0
43.137299 38.012699 436.34601 0.880328 -0.079922535 -0.46758425 0
43.140499 29.5909 442.40799 0.25730625 0.35255483 0.89972138 0
43.159801 39.661301 436.194 0.97191972 0.22342212 -0.073855639 0
43.160198 38.612301 436.26999 0.94988108 -0.066628344 -0.30542856 0
43.166199 35.987499 436.957 0.78552473 -0.18784633 -0.58963096 0
43.167599 39.435398 436.56699 0.98225439 0.17541303 0.066382162 0
43.170399 24.735701 444.04599 -0.014152067 0.29048076 0.9567762 0
43.1726 38.987999 436.19699 0.99707842 0.0042656348 -0.076265514 0
43.179901 32.8368 438.06699 0.75368428 -0.1545607 -0.63880438 0
43.1838 39.436298 436.19501 0.98262221 0.057928629 -0.17634602 0
43.195099 36.4188 436.87 0.82963783 -0.21720442 -0.51431829 0
43.197102 37.787399 436.495 0.87609839 -0.092329599 -0.47320905 0
43.1982 31.6287 441.58099 0.38110179 0.2822513 0.88039517 0
43.203999 31.333799 441.702 0.38110179 0.2822513 0.88039517 0
43.205502 30.659599 442.01001 0.01129532 0.319195 0.94762176 0
43.205601 17.6882 445.776 -0.28008014 0.19953361 0.93901092 0
43.2262 39.060799 436.64301 0.98165339 0.17429423 0.077318117 0
43.273998 37.787102 436.64401 0.97636795 -0.088571802 -0.19713098 0
43.279202 38.237099 436.64401 0.95565933 -0.0062561901 -0.29440808 0
43.279598 38.537201 436.793 0.99138969 0.070751324 -0.11018486 0
43.282101 25.261 443.875 0.13407372 0.38629398 0.91257942 0
43.32 30.136801 442.172 0.25114432 0.289621 0.92360502 0
43.32 26.537399 443.45999 0.21634977 0.2697345 0.93831557 0
43.32 30.136801 442.172 0.25114432 0.289621 0.92360502 0
43.32 26.537399 443.45999 0.21634977 0.2697345 0.93831557 0
43.32 30.136801 442.172 0.25114432 0.289621 0.92360502 0
43.326199 38.085899 437.168 0.99880105 0.045503236 0.018053068 0
43.355999 28.259501 442.884 0.064417124 0.31344771 0.94741803 0
43.356098 26.008699 443.642 0.33888689 0.32587525 0.88258767 0
43.356201 28.935499 442.63 0.094007373 0.36030105 0.92808717 0
43.356602 28.6359 442.75 0.070804648 0.33904865 0.93810058 0
43.374599 27.321899 443.16901 0.30631924 0.26504937 0.91428518 0
43.375 14.5886 444.478 0.16142114 -0.9333517 0.32062107 0
43.375301 14.7254 444.82599 0.12870312 -0.91095531 0.39191312 0
43.4128 29.837799 439.129 0.60214263 -0.23816557 -0.76203763 0
43.428398 31.9006 438.505 0.69970965 -0.15802187 -0.69673204 0
43.4319 27.7369 443.02802 0.4003869 0.2804513 0.87237459 0
43.432098 14.4052 443.806 0.31505832 -0.92525101 0.21130259 0
43.444401 35.8382 437.39801 0.91632396 -0.12785782 -0.37947705 0
43.469398 26.6868 443.366 0.26058069 0.36238936 0.89485848 0
43.470299 14.9545 445.30701 0.080364063 -0.8826642 0.46308267 0
43.484901 32.471802 438.46799 0.7731635 -0.072455242 -0.6300543 0
43.499599 36.736301 437.396 0.95361829 0.043596763 -0.29784468 0
43.502102 34.4496 437.91901 0.84834045 -0.032887481 -0.52842867 0
43.502399 36.512501 437.39801 0.94894582 0.06915471 -0.30776531 0
43.510101 34.187599 437.996 0.86728179 -0.060468055 -0.49413142 0
43.5261 30.082001 439.168 0.67226464 -0.17987363 -0.71812654 0
43.534199 36.286701 437.73099 0.99669057 0.043055143 -0.068950288 0
43.544899 19.8613 445.35001 -0.07025329 0.30076376 0.95110756 0
43.564999 35.8368 437.99301 0.98380232 0.17586184 0.034721859 0
43.581501 24.6597 444.077 0.21021877 0.35678977 0.9102248 0
43.582401 18.2862 445.76199 -0.15387866 0.2466519 0.9568094 0
43.582401 18.6612 445.67001 -0.11382967 0.23545712 0.96519572 0
43.582401 18.2862 445.76199 -0.15387866 0.2466519 0.9568094 0
43.582401 18.6612 445.67001 -0.11382967 0.23545712 0.96519572 0
43.582401 18.2862 445.76199 -0.15387866 0.2466519 0.9568094 0
43.582401 18.6612 445.67001 -0.11382967 0.23545712 0.96519572 0
43.598301 30.615801 439.10199 0.7580812 -0.17563868 -0.62806368 0
43.616402 35.237 437.99399 0.97970706 0.0097341603 -0.20019819 0
43.618698 22.7845 444.586 0.036698822 0.27203777 0.96158653 0
43.646599 27.830099 439.94501 0.66067201 -0.18848397 -0.72662663 0
43.6567 23.086 444.5 0.037030164 0.22115465 0.97453547 0
43.656799 24.135599 444.26001 0.21597238 0.24101357 0.94618624 0
43.6572 21.061199 445.06201 -0.13134477 0.19690707 0.97158438 0
43.657299 21.6607 444.935 0.15690087 0.39537889 0.90501803 0
43.6577 24.8873 443.98199 0.15046959 0.31854942 0.9358874 0
43.657799 17.5362 445.95801 -0.11369929 0.31012654 0.9438718 0
43.658001 19.334299 445.508 -0.078782693 0.28677166 0.95475405 0
43.658699 23.5387 444.38 -0.038698502 0.23643881 0.97087544 0
43.673302 33.588402 438.448 0.96482086 -0.031280413 -0.26104066 0
43.686798 31.825701 438.823 0.78085858 -0.075056933 -0.62018251 0
43.693001 33.155701 438.668 0.90412539 -0.11605333 -0.41120419 0
43.695202 16.3361 446.16 -0.072262578 0.22299112 0.9721384 0
43.705002 26.7069 440.242 0.58498418 -0.23940924 -0.77490437 0
43.708 29.856199 439.42001 0.7422747 -0.15745711 -0.65133363 0
43.7141 16.9736 446.06201 -0.13678408 0.17836308 0.97441095 0
43.7248 34.711601 438.51801 0.99006999 0.1179045 -0.076550484 0
43.725498 28.7876 439.73099 0.62638527 -0.19149321 -0.75562674 0
43.731998 15.2332 445.789 0.019128006 -0.84258527 0.53822321 0
43.7323 15.5121 446.159 -0.044561781 -0.64652753 0.7615881 0
43.732399 20.7985 445.116 -0.094260119 0.14792882 0.98449588 0
43.732498 15.8136 446.26901 -0.17569308 0.0055947583 0.98442912 0
43.750599 31.337099 439.04401 0.78930151 -0.1932276 -0.58280891 0
43.7579 28.282499 439.91199 0.75217849 -0.18997598 -0.63098067 0
43.7589 34.186901 438.59399 0.96417367 -0.040208332 -0.26220676 0
43.768902 22.3354 444.69901 0.016557448 0.29960057 0.95392102 0
43.7794 32.837101 438.896 0.87393951 -0.0068821018 -0.48598599 0
43.788898 29.124599 439.703 0.72726125 -0.19674534 -0.65755785 0
43.7943 30.4368 439.38 0.79059964 -0.12608124 -0.59921259 0
43.804501 23.6854 444.28299 0.53010851 0.18081304 0.8284272 0
43.805099 21.658899 444.896 0.46748251 0.19266507 0.8627516 0
43.806999 21.061399 445.052 0.0864399 0.2356022 0.96799779 0
43.809101 33.886398 438.85599 0.97266501 -0.031874537 -0.23001479 0
43.82 31.6366 439.043 0.88776833 -0.095652312 -0.45024225 0
43.861599 29.4151 439.707 0.79085803 -0.15564182 -0.5918777 0
43.875198 24.2071 444.10901 0.51785165 0.29529804 0.80288774 0
43.880199 22.597401 444.57999 0.28796428 0.30999291 0.90608001 0
43.881401 19.3351 445.49701 0.38260993 0.30562064 0.87189776 0
43.881901 18.1738 445.79901 0.11587901 0.23135757 0.96594292 0
43.890499 33.285198 439.194 0.94237685 0.2464648 -0.2262321 0
43.916302 24.6593 443.90799 0.49759728 0.30192032 0.81316727 0
43.924599 32.762001 439.19299 0.99670321 0.080131024 -0.012717273 0
43.9333 28.1108 440.164 0.75217849 -0.18997598 -0.63098067 0
43.950199 32.311298 439.19601 0.95969629 -0.056233846 -0.27535579 0
43.9552 22.260201 444.68301 0.40771073 0.26344785 0.87428099 0
43.9561 20.535 445.17499 0.089566134 0.23685026 0.96740884 0
43.956902 17.461 445.96201 0.23175183 0.21578136 0.94854075 0
43.957802 22.862101 444.453 0.28796428 0.30999291 0.90608001 0
43.9762 30.0627 439.72198 0.85460991 -0.10582957 -0.50837195 0
44.012299 19.861099 445.32599 0.38065943 0.22608222 0.89665222 0
44.0308 18.6605 445.64801 0.33146182 0.22309868 0.91671157 0
44.031799 16.261 446.186 0.1214752 0.40827301 0.90474135 0
44.045502 30.8498 439.68301 0.9211089 0.013622062 -0.38906661 0
44.071999 31.712299 439.793 0.99893677 0.033168275 -0.032018047 0
44.0774 26.311899 440.69901 0.76821417 -0.096613005 -0.6328609 0
44.1022 23.0135 441.547 0.61687231 -0.1880147 -0.7642768 0
44.103001 20.309401 445.198 0.37951815 0.18377219 0.90674901 0
44.105801 16.935499 446.02701 0.38009262 0.14200136 0.91398317 0
44.138302 21.435801 441.98499 0.57315767 -0.16861616 -0.80190951 0
44.182201 15.5123 446.19299 0.12940322 -0.67611599 0.72534269 0
44.2047 30.4366 440.39301 0.9878493 0.016055865 -0.1545832 0
44.207802 21.7847 441.965 0.60046059 -0.14537136 -0.78632963 0
44.248901 20.988501 442.12601 0.55173707 -0.14013824 -0.82216024 0
44.251202 28.788099 440.39801 0.92096251 -0.17045756 -0.35038868 0
44.251701 29.1628 440.32401 0.98512405 0.014643834 -0.17121956 0
44.251801 29.9119 440.39301 0.9811613 0.10257242 -0.16371149 0
44.252701 17.759899 445.798 0.31965971 0.13689646 0.93759108 0
44.254002 14.55 443.918 0.62663209 -0.72834212 -0.27721834 0
44.257301 15.812 446.362 0.014281851 -0.062122799 0.99796635 0
44.2757 14.6648 444.405 0.077462845 -0.9646374 0.25194085 0
44.2892 20.5762 442.24301 0.64508224 -0.1580199 -0.74759525 0
44.317101 23.8941 441.51501 0.74282128 -0.20035686 -0.6388064 0
44.328899 26.0888 441.00299 0.87687784 0.027244356 -0.47994065 0
44.330299 15.247 445.78299 0.16844735 -0.83177477 0.52893871 0
44.332298 14.8843 444.96799 0.1565326 -0.90181524 0.40277398 0
44.339802 22.8619 441.81799 0.70263296 -0.19639933 -0.68391103 0
44.3489 23.444201 441.67001 0.82404298 -0.16066852 -0.54326677 0
44.3493 19.956301 442.45801 0.611121 -0.17987457 -0.77082831 0
44.354 21.231501 442.20801 0.55607671 -0.14704572 -0.81801975 0
44.382401 24.7362 441.44199 0.93098783 -0.092919886 -0.3530263 0
44.3825 25.4133 441.22299 0.78248614 -0.16032645 -0.60167342 0
44.383598 19.524599 442.55801 0.66721207 -0.11743778 -0.73555177 0
44.384602 26.987 440.99399 0.95370412 -0.077254675 -0.29065481 0
44.389198 27.6625 440.92099 0.99931318 -0.034969762 -0.01225864 0
44.391201 24.399401 441.53201 0.89841682 -0.13825704 -0.416812 0
44.3983 27.2868 440.992 0.99931318 -0.034969762 -0.01225864 0
44.3997 22.319599 442.01199 0.78202581 -0.1388333 -0.60758615 0
44.400501 17.5347 445.74899 0.46174008 0.16503364 0.87152737 0
44.400799 15.8132 446.28101 0.42478234 0.14163907 0.89414674 0
44.4011 29.3109 440.84299 0.95967972 0.27295986 -0.067139432 0
44.4034 15.5187 446.125 0.41768786 -0.61484784 0.66895366 0
44.415501 28.560801 440.99301 0.97586375 0.2175875 0.018591726 0
44.416698 20.9133 444.746 0.55148882 0.31928214 0.77066141 0
44.417301 27.5867 441.591 0.99261665 0.0039997301 0.12122786 0
44.429298 16.186501 443.24701 0.66487366 -0.09818887 -0.7404741 0
44.431999 17.0112 445.83401 0.46891573 0.17960952 0.86478812 0
44.437099 28.187 440.995 0.99964732 -0.010026484 -0.024591506 0
44.467499 24.5874 441.595 0.92549521 -0.076988727 -0.37085223 0
44.4851 18.886801 445.28101 0.65063649 0.21583769 0.7280702 0
44.505901 19.3627 445.103 0.66639882 0.29734713 0.68373775 0
44.511299 21.2861 444.44101 0.88112122 0.21032165 0.42354479 0
44.518101 24.888201 441.59698 0.93098783 -0.092919886 -0.3530263 0
44.531799 26.3857 442.04199 0.97110665 0.21571825 0.10206643 0
44.535198 26.537201 441.59399 0.9611389 0.26987308 0.058142453 0
44.5476 18.2125 445.42001 0.73404181 0.16919515 0.65768957 0
44.547699 18.888901 442.79999 0.73447508 -0.18395084 -0.65322924 0
44.550201 16.7854 445.78799 0.48536089 0.21704043 0.84694642 0
44.553501 17.2157 445.694 0.51824135 0.14961492 0.8420459 0
44.556999 16.6189 443.30099 0.67800677 -0.12237314 -0.72479767 0
44.562801 26.2369 441.44501 0.98370439 0.13989446 -0.11293883 0
44.5672 20.873899 444.479 0.91273761 0.13799445 0.38453552 0
44.580601 16.3349 445.953 0.52780199 0.24465214 0.81336981 0
44.5839 17.124599 443.23001 0.69238043 -0.12003937 -0.71147722 0
44.608898 22.7876 442.19901 0.91951758 -0.042649072 -0.39072809 0
44.6134 25.4879 442.19501 0.99716198 0.0052032322 0.075106181 0
44.619701 25.637199 441.59601 0.9623087 -0.048815101 -0.26754269 0
44.632401 14.9012 444.96899 0.24953857 -0.8371706 0.48669896 0
44.6381 18.587299 445.12 0.88663465 0.1553095 0.43561214 0
44.652699 19.787901 442.77899 0.83711034 -0.12333548 -0.53294903 0
44.662998 23.388 442.19699 0.95058662 -0.020486256 -0.30978289 0
44.664001 19.018299 444.96899 0.88157523 0.11165126 0.45864919 0
44.668999 24.9622 442.11899 0.99566704 0.056656539 -0.073736995 0
44.6796 24.287001 442.194 0.97172153 -0.014175558 -0.23570392 0
44.684799 23.6875 442.198 0.99704295 -0.0035855595 -0.076762661 0
44.6936 24.099501 442.56799 0.98927212 0.099721454 0.10675369 0
44.711201 23.7617 442.569 0.99926621 -0.015691914 0.034939744 0
44.722301 23.3878 442.79401 0.9993183 -0.0026561569 0.03682198 0
44.7234 20.0872 442.79401 0.84265083 -0.22097552 -0.4910289 0
44.758999 17.4063 443.33801 0.69314629 -0.12591496 -0.70971376 0
44.7607 19.8155 444.5 0.91212749 0.18263432 0.36697149 0
44.7859 22.6371 442.64401 0.99077451 0.060762819 -0.12113508 0
44.796001 19.4841 444.58701 0.90951639 0.1606164 0.38338265 0
44.812599 21.886999 442.79401 0.99803483 0.054978341 -0.030063614 0
44.8195 21.587 442.79501 0.90862274 0.045791812 -0.41509971 0
44.821899 15.9599 445.785 0.84579891 0.16213512 0.50826806 0
44.843399 17.9098 444.96399 0.90306121 0.13102306 0.40903962 0
44.8452 20.4618 443.918 0.97453755 0.083634682 0.20804265 0
44.8479 20.688 442.79999 0.87157333 -0.074825399 -0.48452154 0
44.857201 14.7181 444.59299 0.27692908 -0.9161275 0.28986314 0
44.857601 15.6715 443.71399 0.71118188 -0.10517296 -0.69509637 0
44.875702 19.112101 443.16901 0.91905713 -0.11350922 -0.37742504 0
44.903301 20.1434 443.80701 0.97789258 0.064331196 0.19896631 0
44.9053 18.624201 444.517 0.9390465 0.15446158 0.30713719 0
44.908798 19.7875 443.957 0.97264338 0.11737487 0.20046945 0
44.913101 15.058 445.116 0.53244239 -0.67447716 0.51145446 0
44.928101 18.2876 443.396 0.94756424 0.011935305 -0.31934243 0
44.959599 18.343599 444.48199 0.9430654 0.14729445 0.29821461 0
44.9659 17.612 443.54401 0.87888092 -0.076070815 -0.47093683 0
44.975498 20.1619 443.39401 0.99287969 0.03504505 -0.11385001 0
44.985401 17.011 445.11499 0.8740629 0.28266153 0.39511585 0
44.9856 19.7868 443.39499 0.97133923 0.11064846 -0.21037342 0
44.987301 16.7878 443.698 0.77167505 -0.060884353 -0.63309616 0
44.991299 18.1371 443.543 0.94756424 0.011935305 -0.31934243 0
44.992802 17.3493 443.617 0.8038457 -0.099090807 -0.58652633 0
45.003799 19.2241 443.918 0.97679335 0.15936565 0.14309892 0
45.007599 19.1868 443.397 0.99143255 -0.0038535222 -0.13056299 0
45.009701 18.886499 444.06799 0.9591077 0.11966702 0.25650007 0
45.038898 18.2864 444.29199 0.956523 0.13822925 0.25681987 0
45.039299 15.6628 445.48999 0.86191887 0.11286829 0.49432439 0
45.046799 15.513 445.491 0.86191887 0.11286829 0.49432439 0
45.0616 17.6877 444.522 0.96112728 0.072124794 0.26651892 0
45.064999 16.561701 445.11801 0.8612569 0.16392209 0.48100528 0
45.081799 18.736401 443.84399 0.99364781 0.094560109 0.061011501 0
45.0854 18.287201 443.99399 0.99574047 0.08013767 0.045594633 0
45.0886 15.5868 443.98999 0.92738903 -0.096508697 -0.36143556 0
45.0895 17.3305 444.48099 0.98681009 0.044548392 0.15563191 0
45.093201 16.939899 444.82001 0.93929589 0.17882475 0.29282233 0
45.106098 15.8867 445.19199 0.91603106 0.31232938 0.25166926 0
45.118698 16.6738 443.923 0.96903986 0.017310372 -0.24629681 0
45.146099 17.3123 443.99399 0.98245966 -0.090324089 -0.16313969 0
45.1535 16.1875 443.99899 0.94829345 -0.052797101 -0.31297281 0
45.166302 17.836399 443.99399 0.99637729 0.045893282 -0.071596995 0
45.203701 15.5121 445.19299 0.95952106 -0.2488717 0.1318416 0
45.206299 15.737 444.59399 0.99639332 0.083402947 -0.015628669 0
