ply
format ascii 1.0
element vertex 6539
property float x
property float y
property float z
property uchar red
property uchar green
property uchar blue
end_header
142.476 -30.0881 -40.2023 220 45 229
148.664 -28.8629 -46.7534 220 45 229
146.449 -34.2123 -45.8157 220 45 229
148.471 -26.5573 -46.0407 220 45 229
145.213 -26.8819 -42.6356 220 45 229
145.097 -27.3596 -42.603 220 45 229
147.645 -26.6787 -45.1891 220 45 229
144.779 -30.3884 -42.7475 220 45 229
145.752 -27.1718 -43.2658 220 45 229
146.993 -32.6995 -45.9591 220 45 229
148.176 -30.2037 -46.5668 220 45 229
148.825 -29.6426 -47.0689 220 45 229
144.548 -29.1908 -42.3141 220 45 229
146.887 -27.7753 -44.5592 220 45 229
142.902 -29.9554 -40.6285 220 45 229
143.77 -29.4696 -41.4499 220 45 229
147.541 -31.3465 -46.1989 220 45 229
143.745 -28.4625 -41.2317 220 45 229
148.931 -32.7293 -47.9089 220 45 229
147.946 -25.5965 -45.0716 220 45 229
148.019 -28.9152 -46.1303 220 45 229
148.184 -33.2441 -47.3316 220 45 229
143.874 -32.9092 -42.4247 220 45 229
146.35 -30.3115 -44.5609 220 45 229
145.419 -31.4549 -43.7973 220 45 229
143.384 -26.8153 -40.5199 220 45 229
148.064 -34.4396 -47.5397 220 45 229
146.539 -31.6319 -45.1102 220 45 229
145.96 -32.2508 -44.6037 220 45 229
144.104 -30.892 -42.1141 220 45 229
147.628 -27.0296 -45.2259 220 45 229
147.885 -33.6559 -47.1555 220 45 229
147.462 -29.0485 -45.494 220 45 229
146.016 -33.7218 -45.1168 220 45 229
144.249 -32.5529 -42.7565 220 45 229
145.446 -32.5884 -44.1094 220 45 229
145.68 -31.5027 -44.1 220 45 229
144.356 -32.1437 -42.775 220 45 229
145.048 -33.4761 -43.8817 220 45 229
143.396 -28.1807 -40.795 220 45 229
143.66 -28.2285 -41.096 220 45 229
144.331 -27.5449 -41.6707 220 45 229
143.077 -31.4524 -41.1008 220 45 229
144.191 -26.078 -41.2682 220 45 229
143.529 -28.7322 -41.0539 220 45 229
149.423 -29.7108 -47.7695 220 45 229
145.095 -33.2384 -43.8758 220 45 229
144.518 -33.8502 -43.3789 220 45 229
146.364 -29.8545 -44.4613 220 45 229
146.113 -31.3354 -44.5469 220 45 229
148.491 -29.7856 -46.7795 220 45 229
143.633 -31.2117 -41.6686 220 45 229
148.126 -26.828 -45.7211 220 45 229
149.534 -31.5916 -48.1785 220 45 229
145.565 -30.1223 -43.6115 220 45 229
145.876 -32.0463 -44.4577 220 45 229
145.1 -31.3113 -43.4031 220 45 229
143.16 -30.6011 -41.0265 220 45 229
147.191 -33.8286 -46.5076 220 45 229
144.524 -28.4799 -42.1509 220 45 229
149.148 -30.8811 -47.6682 220 45 229
148.829 -33.6589 -48.0068 220 45 229
144.324 -28.0092 -41.754 220 45 229
148.834 -30.6151 -47.3942 220 45 229
144.703 -31.7585 -43.0695 220 45 229
144.686 -32.4687 -43.2265 220 45 229
148.33 -26.1047 -45.6917 220 45 229
146.083 -28.5074 -43.8263 220 45 229
148.016 -27.1798 -45.6589 220 45 229
149.67 -31.4342 -48.2602 220 45 229
143.284 -32.478 -41.6209 220 45 229
149.615 -28.7541 -47.7579 220 45 229
143.548 -33.4424 -42.2457 220 45 229
147.272 -25.341 -44.3084 220 45 229
149.782 -32.793 -48.6119 220 45 229
131.245 -28.7525 -27.8333 220 45 229
131.712 -31.1062 -28.9774 220 45 229
130.938 -32.6617 -28.5235 220 45 229
131.086 -29.9186 -27.9764 220 45 229
129.785 -31.9304 -27.4543 220 45 229
129.495 -31.8603 -26.9986 220 45 229
129.684 -28.5922 -25.9746 220 45 229
130.173 -27.6074 -26.3043 220 45 229
127.425 -30.4616 -23.7486 220 45 229
127.554 -29.817 -23.752 220 45 229
127.362 -29.9378 -23.5259 220 45 229
131.945 -29.9778 -28.7622 220 45 229
127.992 -32.6758 -25.3688 220 45 229
131.96 -32.9088 -29.6532 220 45 229
132.224 -32.4121 -29.8928 220 45 229
129.897 -30.6143 -27.1056 220 45 229
127.258 -31.6264 -23.8578 220 45 229
127.499 -31.698 -24.2866 220 45 229
129.001 -34.2842 -27.2631 220 45 229
127.473 -32.5036 -24.5157 220 45 229
128.839 -29.5286 -25.2386 220 45 229
129.268 -27.9443 -25.2736 220 45 229
128.476 -28.23 -24.4417 220 45 229
128.349 -30.0168 -24.7968 220 45 229
129.515 -28.2059 -25.6527 220 45 229
130.974 -33.451 -28.7915 220 45 229
132.186 -28.8408 -28.7897 220 45 229
130.659 -29.7438 -27.4942 220 45 229
130.147 -31.38 -27.5161 220 45 229
130.588 -29.1451 -27.2092 220 45 229
130.441 -33.0293 -28.1473 220 45 229
130.769 -27.4286 -27.0054 220 45 229
130.332 -30.5943 -27.4039 220 45 229
129.933 -32.6204 -27.7328 220 45 229
129.086 -32.8392 -26.762 220 45 229
132.342 -33.5558 -30.238 220 45 229
130.781 -28.062 -27.2045 220 45 229
129.337 -34.2622 -27.8014 220 45 229
127.505 -34.0626 -25.3989 220 45 229
128.791 -28.6188 -24.9031 220 45 229
128.148 -34.4995 -26.1813 220 45 229
126.801 -31.7713 -23.2532 220 45 229
129.336 -34.3201 -27.6087 220 45 229
137.662 -33.0727 -36.2746 220 45 229
136.717 -33.1379 -35.2978 220 45 229
136.765 -33.4043 -35.5663 220 45 229
151.995 -34.1165 -51.9609 220 45 229
164.54 -27.5729 -64.7809 220 45 229
154.666 14.861 -49.0799 220 45 229
153.044 23.0389 -47.6411 220 45 229
152.22 23.974 -47.0487 220 45 229
153.41 23.2005 -48.0879 220 45 229
153.616 21.9745 -48.2175 220 45 229
152.582 21.8719 -47.0487 220 45 229
152.019 22.1124 -46.4225 220 45 229
153.773 20.6698 -48.3267 220 45 229
152.833 21.2848 -47.3672 220 45 229
152.476 20.9192 -46.8791 220 45 229
152.304 18.3737 -46.3606 220 45 229
154.247 16.9093 -48.6752 220 45 229
153.857 16.5453 -48.0339 220 45 229
154.767 15.9098 -49.2893 220 45 229
153.397 15.3078 -47.6327 220 45 229
155.065 14.888 -49.5559 220 45 229
154.4 13.7809 -48.8545 220 45 229
154.712 13.6191 -49.2087 220 45 229
155.54 11.6525 -50.1825 220 45 229
154.988 12.2525 -49.4619 220 45 229
155.274 11.4191 -49.7524 220 45 229
154.896 11.3534 -49.2826 220 45 229
155.857 9.36936 -51.3158 220 45 229
155.548 9.98478 -50.708 220 45 229
155.274 8.62264 -50.6013 220 45 229
156.442 7.34091 -52.6361 220 45 229
156.491 6.65565 -52.5602 220 45 229
156.197 6.96103 -51.7647 220 45 229
155.86 7.71079 -51.436 220 45 229
143.711 -32.3364 -42.0862 220 45 229
153.335 13.6495 -47.8355 220 45 229
161.248 -5.3431 -58.3705 220 45 229
162.131 -6.16718 -59.3892 220 45 229
160.075 -6.69635 -56.842 220 45 229
159.768 -7.46898 -56.5209 220 45 229
162.416 -6.79543 -59.9872 220 45 229
162.351 -6.61882 -59.6758 220 45 229
162.097 -6.7008 -59.2681 220 45 229
161.756 -6.91607 -58.9056 220 45 229
161.364 -7.21816 -58.4809 220 45 229
162.65 -8.21888 -60.2133 220 45 229
161.615 -8.20669 -58.7448 220 45 229
161.758 -8.16001 -58.9009 220 45 229
161.987 -9.26484 -59.5208 220 45 229
162.849 -9.51901 -60.9666 220 45 229
162.693 -10.9987 -60.5967 220 45 229
162.818 -9.22297 -60.7965 220 45 229
162.12 -9.77676 -59.756 220 45 229
162.218 -11.0374 -60.0784 220 45 229
160.537 -7.19057 -57.6004 220 45 229
160.656 -8.54584 -57.8313 220 45 229
159.649 -10.3122 -56.5401 220 45 229
161.165 -9.76091 -58.4911 220 45 229
160.705 -9.89169 -57.9122 220 45 229
160.512 -10.5586 -57.6832 220 45 229
160.597 -9.93984 -57.7689 220 45 229
161.554 -10.4243 -59.1931 220 45 229
161.691 -11.2817 -59.4663 220 45 229
160.678 -11.0843 -57.9718 220 45 229
160.218 -10.11 -57.2215 220 45 229
159.875 -11.1622 -56.9636 220 45 229
158.613 -10.2096 -55.5749 220 45 229
160.532 -12.1951 -58.0304 220 45 229
160.222 -12.0811 -57.5872 220 45 229
159.644 -12.4384 -56.9622 220 45 229
156.921 2.75013 -52.7523 220 45 229
155.954 5.65417 -51.1814 220 45 229
156.24 3.62956 -51.7134 220 45 229
158.414 -2.68696 -55.1368 220 45 229
157.929 -1.87166 -54.6062 220 45 229
156.744 -1.15616 -53.7146 220 45 229
156.395 -1.00032 -53.7181 220 45 229
157.951 -2.25159 -54.4654 220 45 229
157.943 -2.8057 -54.2513 220 45 229
156.967 -2.28539 -53.1751 220 45 229
157.36 -3.2947 -53.6406 220 45 229
155.96 -0.0477521 -52.8802 220 45 229
160.569 -4.48597 -57.4366 220 45 229
160.738 -5.00225 -57.7619 220 45 229
159.562 -3.37385 -56.4129 220 45 229
159.384 -3.54262 -56.2268 220 45 229
159.017 -2.91592 -55.9717 220 45 229
160.596 -3.81008 -57.4514 220 45 229
159.174 -4.77388 -55.8927 220 45 229
158.824 -3.11795 -55.6623 220 45 229
157.597 -4.00403 -53.9833 220 45 229
157.486 -4.94816 -54.0662 220 45 229
160.295 -5.58858 -57.2199 220 45 229
159.035 -5.32057 -55.6162 220 45 229
158.309 -7.16093 -54.7998 220 45 229
158.783 -5.86621 -55.2482 220 45 229
159.277 -7.87218 -55.9781 220 45 229
159.482 -8.08983 -56.2821 220 45 229
158.364 -8.24739 -54.9735 220 45 229
150.671 20.9546 -45.1222 220 45 229
150.661 20.3549 -45.0907 220 45 229
150.434 20.0264 -44.8688 220 45 229
151.904 19.0419 -46.1002 220 45 229
151.308 18.9144 -45.5786 220 45 229
149.318 18.2936 -43.8623 220 45 229
153.647 18.3346 -48.0283 220 45 229
148.921 20.0211 -43.9549 220 45 229
148.891 19.8529 -43.8969 220 45 229
149.306 18.751 -43.8499 220 45 229
148.214 18.336 -42.7626 220 45 229
152.993 17.1269 -47.0556 220 45 229
152.773 17.9219 -46.9075 220 45 229
152.267 17.4223 -46.2732 220 45 229
153.256 16.7748 -47.3344 220 45 229
151.681 18.2845 -45.7359 220 45 229
151.53 16.8063 -45.5992 220 45 229
150.148 16.8151 -44.403 220 45 229
149.779 18.5018 -44.2607 220 45 229
150.899 16.9264 -45.1019 220 45 229
150.774 15.8123 -44.8449 220 45 229
150.219 16.5458 -44.4911 220 45 229
150.17 15.7532 -44.2812 220 45 229
149.564 16.5319 -43.925 220 45 229
149.806 17.0956 -44.069 220 45 229
152.933 16.2006 -46.8705 220 45 229
151.745 15.6092 -45.733 220 45 229
152.347 14.6367 -46.475 220 45 229
151.316 14.2641 -45.2397 220 45 229
151.608 13.9445 -45.5299 220 45 229
150.872 13.0675 -44.6943 220 45 229
151.014 15.1589 -45.0051 220 45 229
150.243 14.9598 -44.2593 220 45 229
150.653 14.9179 -44.6369 220 45 229
148.495 15.198 -42.7038 220 45 229
149.831 14.8975 -43.907 220 45 229
149.774 14.0616 -43.8078 220 45 229
149.6 13.7219 -43.582 220 45 229
150.035 13.2855 -43.9331 220 45 229
148.96 13.1577 -42.9102 220 45 229
148.515 13.9873 -42.6483 220 45 229
147.259 13.447 -41.3286 220 45 229
147.547 12.3947 -41.7348 220 45 229
148.384 16.5848 -42.8137 220 45 229
147.713 15.5559 -41.9687 220 45 229
147.989 15.7449 -42.2927 220 45 229
131.743 -27.839 -28.0408 220 45 229
146.871 15.9203 -41.1895 220 45 229
129.098 -28.1853 -25.1408 220 45 229
147.212 15.4981 -41.4629 220 45 229
147.512 14.6141 -41.6635 220 45 229
147.111 13.1301 -41.1824 220 45 229
146.648 13.7404 -40.7412 220 45 229
145.984 12.5135 -40.0798 220 45 229
146.256 12.9896 -40.4138 220 45 229
145.829 12.1302 -39.8759 220 45 229
144.421 12.3326 -38.7669 220 45 229
143.61 12.3231 -37.9582 220 45 229
143.738 11.9606 -38.1305 220 45 229
143.003 13.2908 -37.5122 220 45 229
143.541 12.9867 -37.8432 220 45 229
141.289 10.7703 -35.7623 220 45 229
139.763 10.9592 -34.5086 220 45 229
154.257 12.5276 -48.7823 220 45 229
153.814 12.5035 -48.3653 220 45 229
153.769 11.6222 -48.3001 220 45 229
154.364 10.2625 -48.981 220 45 229
152.434 9.75112 -46.9714 220 45 229
153.138 9.07858 -48.19 220 45 229
154.731 7.42073 -50.1482 220 45 229
153.851 8.21682 -49.1478 220 45 229
153.627 8.30888 -48.8818 220 45 229
152.682 8.94513 -47.5129 220 45 229
152.185 7.94857 -46.8475 220 45 229
152.102 7.60229 -46.7469 220 45 229
154.367 5.81417 -49.8597 220 45 229
152.922 6.72292 -47.6459 220 45 229
151.635 6.69493 -46.1855 220 45 229
151.609 5.98429 -46.3161 220 45 229
151.769 4.58882 -46.5084 220 45 229
153.228 14.3052 -47.6021 220 45 229
152.802 13.8077 -47.1762 220 45 229
152.447 13.0843 -46.733 220 45 229
153.222 13.3092 -47.704 220 45 229
153.12 12.7728 -47.5729 220 45 229
153.308 12.679 -47.802 220 45 229
151.131 13.4482 -44.9661 220 45 229
151.31 11.1968 -45.2736 220 45 229
151.546 12.518 -45.5054 220 45 229
151.11 11.9564 -45.0168 220 45 229
152.938 10.8719 -47.4393 220 45 229
151.591 11.1453 -45.572 220 45 229
151.863 10.0487 -45.9956 220 45 229
152.771 10.515 -47.2633 220 45 229
149.631 12.6325 -43.542 220 45 229
149.255 12.6495 -43.1151 220 45 229
148.822 12.4796 -42.7446 220 45 229
149.018 12.1116 -42.918 220 45 229
148.065 12.21 -42.1804 220 45 229
146.811 10.5085 -40.9007 220 45 229
147.845 10.4521 -41.8222 220 45 229
147.395 11.0791 -41.5251 220 45 229
151.117 10.0659 -45.087 220 45 229
150.073 10.0511 -43.9877 220 45 229
149.574 10.4433 -43.4129 220 45 229
150.653 8.46651 -44.9545 220 45 229
149.576 8.49205 -43.5438 220 45 229
149.996 8.74544 -44.1382 220 45 229
149.303 8.88333 -43.1815 220 45 229
148.799 9.25547 -42.6748 220 45 229
148.509 8.4854 -42.5394 220 45 229
148.527 7.84973 -42.638 220 45 229
148.914 10.2549 -42.7903 220 45 229
148.337 10.1973 -42.2712 220 45 229
151.383 8.53511 -45.7717 220 45 229
150.084 7.75619 -44.3889 220 45 229
150.693 7.80014 -44.997 220 45 229
150.849 6.43265 -45.1709 220 45 229
149.983 6.70454 -44.2233 220 45 229
150.156 6.34179 -44.3626 220 45 229
149.05 6.92032 -43.4038 220 45 229
148.313 5.75103 -42.7847 220 45 229
149.819 5.95206 -44.11 220 45 229
150.528 5.61132 -44.879 220 45 229
149.744 4.97089 -44.0776 220 45 229
150.142 4.52984 -44.61 220 45 229
146.732 11.699 -40.7558 220 45 229
147.072 10.6518 -41.1754 220 45 229
145.619 9.89648 -39.7982 220 45 229
147.59 9.14376 -41.5286 220 45 229
146.432 8.52166 -40.3287 220 45 229
146.125 8.6415 -40.1052 220 45 229
146.114 7.19212 -40.1509 220 45 229
145.568 6.81501 -39.7733 220 45 229
145.369 7.38414 -39.5762 220 45 229
145.784 11.3606 -39.831 220 45 229
145.866 10.5612 -39.9937 220 45 229
145.588 10.9671 -39.6913 220 45 229
144.794 11.4495 -39.0136 220 45 229
144.295 9.95167 -38.6156 220 45 229
144.587 11.1944 -38.8511 220 45 229
144.355 10.909 -38.6669 220 45 229
145.134 9.44342 -39.343 220 45 229
145.348 8.87179 -39.6053 220 45 229
143.795 7.94456 -38.3727 220 45 229
144.863 8.12751 -39.2229 220 45 229
145.091 7.75076 -39.4007 220 45 229
142.992 10.2042 -37.5421 220 45 229
142.73 9.42374 -37.3855 220 45 229
142.561 9.46166 -37.2525 220 45 229
142.826 10.8663 -37.367 220 45 229
142.111 10.7734 -36.5484 220 45 229
142.22 9.67274 -36.9345 220 45 229
141.52 10.0401 -36.0724 220 45 229
140.798 11.0518 -35.4682 220 45 229
140.524 10.6079 -35.1343 220 45 229
141.019 9.2194 -35.6726 220 45 229
140.327 9.44077 -34.8261 220 45 229
142.548 8.47295 -37.3019 220 45 229
142.159 8.85279 -36.9252 220 45 229
144.207 7.24565 -38.6537 220 45 229
142.151 7.64002 -37.035 220 45 229
141.445 7.39558 -36.4894 220 45 229
141.055 8.16468 -36.0004 220 45 229
140.662 7.3007 -35.728 220 45 229
140.805 6.96828 -35.9643 220 45 229
146.02 6.25364 -40.3411 220 45 229
145.203 6.4614 -39.5974 220 45 229
145.312 5.75654 -39.9531 220 45 229
146.118 5.57398 -40.7273 220 45 229
147.749 4.71347 -42.5084 220 45 229
147.081 4.39875 -41.9527 220 45 229
148.633 4.35406 -43.5502 220 45 229
148.166 4.07161 -43.1882 220 45 229
146.531 4.19579 -41.5703 220 45 229
146.304 4.33405 -41.3309 220 45 229
145.5 3.55793 -40.6014 220 45 229
146.513 3.22529 -41.7366 220 45 229
146.151 3.06242 -41.3255 220 45 229
144.883 4.14225 -39.9117 220 45 229
144.69 4.03695 -39.6706 220 45 229
144.31 3.25925 -38.9383 220 45 229
144.492 3.47512 -39.2454 220 45 229
143.801 3.60055 -38.5689 220 45 229
145.162 2.67334 -39.7671 220 45 229
144.64 3.07638 -39.2432 220 45 229
144.667 1.83222 -39.014 220 45 229
144.441 2.63612 -38.8071 220 45 229
143.116 3.80665 -37.9729 220 45 229
143.257 3.30582 -37.8211 220 45 229
143.461 2.74169 -37.8252 220 45 229
143.601 1.53068 -37.9216 220 45 229
142.556 2.67488 -36.7889 220 45 229
142.376 2.65806 -36.5992 220 45 229
142.79 6.4133 -37.7727 220 45 229
143.013 5.22697 -38.1073 220 45 229
141.762 5.86154 -36.8361 220 45 229
141.634 4.91569 -36.4199 220 45 229
141.26 4.95198 -35.8947 220 45 229
142.405 4.40668 -37.3381 220 45 229
142.045 4.18647 -36.7642 220 45 229
141.91 4.9812 -36.8292 220 45 229
141.652 4.11362 -36.1904 220 45 229
142.347 3.71092 -36.9617 220 45 229
142.305 3.26669 -36.6621 220 45 229
138.811 9.21974 -33.6073 220 45 229
140.003 8.72123 -34.52 220 45 229
139.724 8.0312 -34.499 220 45 229
138.658 8.47469 -33.6338 220 45 229
138.591 8.14025 -33.6899 220 45 229
138.772 7.78819 -33.8573 220 45 229
140.089 8.13266 -34.7952 220 45 229
139.386 7.54541 -34.3138 220 45 229
139.671 7.14568 -34.6605 220 45 229
139.448 6.00937 -34.1688 220 45 229
139.392 5.76186 -34.0061 220 45 229
137.796 6.84719 -32.6489 220 45 229
137.698 6.46333 -32.2322 220 45 229
138.454 5.36102 -32.8953 220 45 229
138.121 5.18602 -32.5009 220 45 229
140.305 4.707 -34.8475 220 45 229
140.708 4.66806 -35.2216 220 45 229
141.17 3.80154 -35.6933 220 45 229
141.385 3.62476 -35.8929 220 45 229
140.542 3.29051 -35.0142 220 45 229
139.635 5.23567 -34.2036 220 45 229
138.623 4.59413 -33.0608 220 45 229
139.217 3.54714 -33.7029 220 45 229
138.865 3.21139 -33.3567 220 45 229
142.171 3.07979 -36.4326 220 45 229
140.408 2.35577 -34.8428 220 45 229
140.68 2.6366 -35.15 220 45 229
141.829 1.57624 -36.1419 220 45 229
141.226 1.77415 -35.6486 220 45 229
139.495 1.36421 -34.0257 220 45 229
139.201 2.78911 -33.7021 220 45 229
137.56 4.34821 -31.9597 220 45 229
137.942 4.06198 -32.3856 220 45 229
136.626 3.36165 -31.2808 220 45 229
137.01 3.0138 -31.5929 220 45 229
138.111 2.66239 -32.5839 220 45 229
137.999 2.8527 -32.4701 220 45 229
137.33 1.03535 -31.8472 220 45 229
138.592 1.42742 -33.122 220 45 229
137.952 0.271456 -32.5244 220 45 229
136.301 1.26378 -30.9213 220 45 229
163.08 -29.947 -63.9214 220 45 229
135.762 -0.627873 -30.4395 220 45 229
158.786 -12.2783 -55.8517 220 45 229
158.483 -12.5958 -55.5135 220 45 229
155.21 2.98686 -50.7603 220 45 229
154.603 3.73504 -50.1567 220 45 229
153.699 5.00371 -49.0005 220 45 229
153.813 3.25426 -49.2266 220 45 229
153.576 3.0547 -48.9081 220 45 229
153.507 2.31582 -48.817 220 45 229
152.939 4.64023 -47.7739 220 45 229
152.701 3.74593 -47.6198 220 45 229
152.922 2.41772 -48.1016 220 45 229
155.02 1.74099 -50.665 220 45 229
155.929 2.11365 -51.6117 220 45 229
154.412 1.02528 -49.9736 220 45 229
154.203 1.99881 -49.6918 220 45 229
154.289 1.3874 -49.8678 220 45 229
153.649 1.31524 -49.0636 220 45 229
153.217 1.15924 -48.5101 220 45 229
150.919 3.23242 -45.9198 220 45 229
151.877 1.92172 -47.032 220 45 229
151.689 2.65359 -46.7523 220 45 229
151.793 2.31945 -46.8862 220 45 229
150.947 1.67912 -46.1318 220 45 229
150.368 3.27862 -45.3231 220 45 229
152.624 -0.106952 -47.7142 220 45 229
152.447 1.36532 -47.7018 220 45 229
152.604 0.704199 -47.9157 220 45 229
151.323 1.13734 -46.452 220 45 229
151.695 0.894046 -46.8164 220 45 229
151.676 0.639078 -46.7534 220 45 229
151.129 0.771206 -46.1535 220 45 229
150.978 0.29848 -45.7857 220 45 229
150.115 1.46812 -45.2279 220 45 229
150.475 0.832774 -45.4815 220 45 229
151.382 0.0446704 -46.2292 220 45 229
150.331 -1.11411 -44.949 220 45 229
150.992 -0.369764 -45.7157 220 45 229
154.872 -1.67588 -50.8944 220 45 229
155.586 -2.67072 -51.6925 220 45 229
156.66 -3.18055 -52.8341 220 45 229
155.898 -3.71498 -52.1245 220 45 229
155.357 -2.95487 -51.4327 220 45 229
155.152 -2.4674 -51.1931 220 45 229
155.159 -3.31935 -51.1664 220 45 229
154.52 -3.92509 -50.2137 220 45 229
155.423 0.295347 -51.6287 220 45 229
154.983 1.22618 -50.6572 220 45 229
154.929 -0.558256 -50.9494 220 45 229
155.468 -0.218463 -51.9359 220 45 229
154.148 0.0121874 -49.7033 220 45 229
154.597 -0.484004 -50.3746 220 45 229
154.439 -1.06991 -50.2378 220 45 229
154.249 -1.45071 -49.9143 220 45 229
153.862 -1.60402 -49.2844 220 45 229
154.562 -1.79225 -50.4668 220 45 229
154.432 -3.2418 -50.0843 220 45 229
153.902 -2.74172 -49.3239 220 45 229
153.291 -1.52922 -48.4036 220 45 229
152.934 -1.12134 -47.8437 220 45 229
152.418 -1.3325 -47.2204 220 45 229
152.595 -1.986 -47.4288 220 45 229
153.302 -2.57417 -48.4427 220 45 229
152.598 -2.19257 -47.4352 220 45 229
151.244 -3.36622 -46.1556 220 45 229
150.939 -2.66299 -45.6763 220 45 229
152.371 -3.28986 -47.4081 220 45 229
151.984 -3.60981 -47.0031 220 45 229
151.106 -4.44756 -46.1475 220 45 229
151.57 -4.57896 -46.6694 220 45 229
151.587 -5.03129 -46.7657 220 45 229
149.098 2.69478 -44.2575 220 45 229
147.905 -25.9952 -45.2113 220 45 229
145.519 -26.3569 -42.891 220 45 229
159.12 -1.98582 -56.5609 220 45 229
148.68 -26.0951 -46.0878 220 45 229
149.547 1.69764 -44.6066 220 45 229
148.626 -0.718321 -43.3036 220 45 229
149.664 -0.700453 -44.1901 220 45 229
149.388 -0.75062 -43.9383 220 45 229
149.362 -1.58448 -43.982 220 45 229
148.114 -1.32874 -42.8571 220 45 229
150.199 -2.47509 -44.8357 220 45 229
149.491 -2.93384 -44.1865 220 45 229
149.838 -3.37335 -44.58 220 45 229
148.742 -3.34374 -43.5151 220 45 229
150.948 -4.05773 -45.9446 220 45 229
150.893 -5.27884 -46.0138 220 45 229
150.275 -5.68731 -45.4116 220 45 229
149.826 -6.09124 -45.0125 220 45 229
149.815 -4.62201 -44.6443 220 45 229
149.713 -3.57515 -44.4945 220 45 229
148.826 -4.05032 -43.5844 220 45 229
147.839 -5.90255 -43.0033 220 45 229
147.669 -5.07776 -42.6177 220 45 229
146.837 -5.24428 -41.8473 220 45 229
147.144 2.73655 -42.281 220 45 229
149.022 1.87312 -44.0929 220 45 229
148.544 0.918698 -43.2426 220 45 229
146.804 2.21737 -41.7226 220 45 229
147.772 1.49921 -42.4055 220 45 229
147.413 1.2716 -41.9238 220 45 229
147.132 0.698047 -41.461 220 45 229
147.082 0.261336 -41.3846 220 45 229
153.453 23.8679 -48.2214 220 45 229
146.242 0.988025 -40.6462 220 45 229
146.096 0.21066 -40.4264 220 45 229
145.703 1.10343 -40.1978 220 45 229
144.986 -0.0837508 -39.2416 220 45 229
145.244 1.47043 -39.674 220 45 229
143.311 0.0562953 -37.429 220 45 229
153.1 22.0481 -47.6442 220 45 229
145.695 -0.720647 -40.1342 220 45 229
146.695 -1.91374 -41.1824 220 45 229
153.706 21.2072 -48.2709 220 45 229
146.302 -1.66583 -40.7844 220 45 229
145.111 -1.25178 -39.5212 220 45 229
145.218 -2.24538 -39.7374 220 45 229
144.93 -2.83076 -39.4554 220 45 229
144.21 -1.06897 -38.5419 220 45 229
144.344 -1.67964 -38.7831 220 45 229
146.165 -2.91327 -40.7927 220 45 229
147.251 -3.62197 -41.9434 220 45 229
145.488 -3.59714 -40.2927 220 45 229
144.818 -3.97371 -39.6612 220 45 229
143.863 -4.18292 -38.6722 220 45 229
146.287 -5.97889 -41.4833 220 45 229
145.476 -5.68866 -40.5054 220 45 229
144.693 -5.66894 -39.7894 220 45 229
145.503 -6.97258 -40.7489 220 45 229
144.864 -6.63057 -40.0269 220 45 229
157.075 -5.02197 -53.6122 220 45 229
156.912 -5.30208 -53.3936 220 45 229
155.747 -4.08554 -51.9799 220 45 229
156.936 -6.27316 -53.2547 220 45 229
156.148 -6.16879 -52.1314 220 45 229
155.493 -5.28256 -51.6035 220 45 229
157.743 -6.35292 -54.215 220 45 229
157.667 -6.7774 -54.0148 220 45 229
156.409 -7.21789 -52.5827 220 45 229
157.665 -7.93298 -54.0055 220 45 229
157.111 -7.36828 -53.3316 220 45 229
156.47 -7.60948 -52.7267 220 45 229
157.17 -8.31387 -53.5672 220 45 229
156.372 -8.56519 -52.906 220 45 229
155.803 -6.34677 -51.7903 220 45 229
156.077 -7.30951 -52.2647 220 45 229
155.071 -7.00197 -51.2048 220 45 229
154.84 -7.1986 -50.9754 220 45 229
155.186 -7.59241 -51.3609 220 45 229
155.901 -8.18335 -52.2396 220 45 229
155.043 -8.45709 -51.3157 220 45 229
154.372 -5.47337 -50.2659 220 45 229
142.816 -27.422 -39.9999 220 45 229
153.283 -6.18819 -48.8294 220 45 229
154.64 -5.68537 -50.6081 220 45 229
154.03 -6.61225 -49.9073 220 45 229
153.17 -6.95698 -48.8682 220 45 229
153.673 -8.01181 -49.7765 220 45 229
153.239 -8.31744 -49.3257 220 45 229
154.169 -9.20006 -50.4636 220 45 229
152.597 -7.49778 -48.2436 220 45 229
152.816 -8.40924 -48.7664 220 45 229
152.492 -9.68272 -48.6192 220 45 229
152.826 -5.71339 -48.2332 220 45 229
152.167 -6.08075 -47.5643 220 45 229
151.737 -6.65989 -47.1967 220 45 229
152.514 -7.23202 -48.1067 220 45 229
151.715 -8.00727 -47.4398 220 45 229
151.829 -8.23304 -47.5967 220 45 229
151.79 -9.49142 -47.739 220 45 229
158.042 -8.09586 -54.5218 220 45 229
157.994 -8.54397 -54.5839 220 45 229
157.871 -8.93938 -54.5678 220 45 229
156.982 -9.2852 -53.7266 220 45 229
157.303 -9.80598 -54.1937 220 45 229
155.498 -9.99398 -52.2235 220 45 229
156.816 -10.8109 -53.5818 220 45 229
155.986 -11.0455 -52.7178 220 45 229
156.048 -9.01297 -52.657 220 45 229
157.669 -10.5049 -54.5438 220 45 229
157.018 -10.5352 -53.8198 220 45 229
157.836 -11.6931 -54.6159 220 45 229
145.747 -33.5057 -44.6934 220 45 229
156.624 -12.2456 -53.4056 220 45 229
156.26 -12.0081 -53.0535 220 45 229
156.154 -12.7116 -53.0488 220 45 229
154.276 -9.68353 -50.6608 220 45 229
154.959 -10.0975 -51.6157 220 45 229
153.38 -10.0562 -49.7732 220 45 229
154.561 -10.7145 -51.2078 220 45 229
153.85 -11.4556 -50.3649 220 45 229
152.733 -10.0093 -48.9707 220 45 229
153.133 -10.9528 -49.5984 220 45 229
152.335 -9.32997 -48.3283 220 45 229
152.017 -10.1815 -48.0968 220 45 229
152.025 -11.1408 -48.2073 220 45 229
152.076 -11.9771 -48.2361 220 45 229
152.146 -12.1067 -48.3244 220 45 229
155.211 -12.0082 -52.0494 220 45 229
155.545 -12.2409 -52.4084 220 45 229
155.008 -12.2256 -51.832 220 45 229
154.605 -12.5263 -51.4454 220 45 229
154.403 -13.479 -51.2797 220 45 229
154.316 -12.1503 -51.1099 220 45 229
153.453 -13.626 -50.1211 220 45 229
153.703 -14.5 -50.5694 220 45 229
152.793 -13.7027 -49.1733 220 45 229
152.749 -13.5406 -49.0994 220 45 229
153.101 -14.2435 -49.715 220 45 229
150.489 -7.1606 -46.0885 220 45 229
150.063 -6.82149 -45.4919 220 45 229
148.869 -7.37415 -44.2683 220 45 229
148.203 -8.12596 -43.6672 220 45 229
148.552 -7.69967 -43.9667 220 45 229
151.004 -9.01732 -46.806 220 45 229
150.726 -8.7757 -46.4456 220 45 229
150.525 -8.74456 -46.2207 220 45 229
151.27 -9.50459 -47.1719 220 45 229
150.396 -9.89232 -46.0745 220 45 229
150.107 -10.4633 -45.8169 220 45 229
148.823 -10.553 -44.6216 220 45 229
148.348 -9.90729 -44.1451 220 45 229
146.682 -7.94741 -42.0644 220 45 229
147.635 -7.67219 -43.0498 220 45 229
146.07 -7.72534 -41.3627 220 45 229
145.241 -7.87487 -40.5691 220 45 229
145.91 -8.63406 -41.0924 220 45 229
146.698 -9.07995 -42.1401 220 45 229
144.65 -8.73735 -40.0612 220 45 229
144.794 -9.46775 -40.2658 220 45 229
147.953 -11.0404 -43.773 220 45 229
148.257 -10.5967 -44.0841 220 45 229
147.24 -8.70327 -42.6944 220 45 229
147.552 -8.81913 -43.1081 220 45 229
147.242 -12.1648 -43.0927 220 45 229
145.912 -10.1427 -41.3873 220 45 229
145.792 -10.6863 -41.3967 220 45 229
146.364 -11.048 -42.164 220 45 229
145.621 -11.2637 -41.3461 220 45 229
145.928 -11.4286 -41.7148 220 45 229
145.343 -11.3519 -41.0457 220 45 229
151.831 -11.3033 -47.9445 220 45 229
151.712 -11.6461 -47.7904 220 45 229
151.213 -12.955 -47.2335 220 45 229
152.329 -13.3657 -48.5775 220 45 229
151.998 -14.2912 -48.3174 220 45 229
150.883 -13.9494 -47.0223 220 45 229
151.162 -14.1432 -47.3662 220 45 229
151.126 -15.0232 -47.4284 220 45 229
150.158 -13.6621 -46.161 220 45 229
150.326 -15.5036 -46.6766 220 45 229
149.789 -14.4067 -45.8316 220 45 229
149.926 -11.9197 -45.8398 220 45 229
149.688 -11.9088 -45.6045 220 45 229
148.971 -11.3397 -44.7968 220 45 229
149.323 -10.7304 -45.0917 220 45 229
138.698 -33.61 -37.4983 220 45 229
149.567 -12.4573 -45.561 220 45 229
149.28 -12.8209 -45.2555 220 45 229
149.787 -13.9655 -45.7944 220 45 229
148.86 -11.8853 -44.7717 220 45 229
147.744 -12.5681 -43.5634 220 45 229
148.643 -13.0949 -44.5806 220 45 229
147.907 -12.8532 -43.7709 220 45 229
146.786 -12.5226 -42.6194 220 45 229
145.743 -12.0812 -41.606 220 45 229
145.551 -12.6361 -41.465 220 45 229
146.556 -13.7701 -42.4908 220 45 229
156.288 8.42552 -52.3697 220 45 229
148.787 -14.1259 -44.6471 220 45 229
147.925 -14.0415 -43.9206 220 45 229
149.246 -14.7644 -45.1817 220 45 229
148.034 -15.7292 -43.9857 220 45 229
147.51 -14.234 -43.5409 220 45 229
146.735 -14.3283 -42.7021 220 45 229
147.034 -15.0888 -43.1277 220 45 229
147.71 -16.6756 -43.8223 220 45 229
147.302 -16.148 -43.2961 220 45 229
146.952 -16.0004 -43.0158 220 45 229
146.427 -14.4815 -42.3567 220 45 229
146.003 -15.6757 -42.0992 220 45 229
142.744 -1.04042 -37.0007 220 45 229
142.433 -0.0846546 -36.5763 220 45 229
142.426 -0.881915 -36.6959 220 45 229
143.67 -2.29753 -38.1722 220 45 229
140.695 -3.1423 -35.6403 220 45 229
142.345 -3.16222 -37.0154 220 45 229
141.369 0.853377 -35.7068 220 45 229
140.51 0.466527 -35.0093 220 45 229
141.095 -0.308361 -35.3702 220 45 229
140.531 -0.0439476 -35.0132 220 45 229
139.695 -0.0595484 -34.3474 220 45 229
139.662 -0.276655 -34.2766 220 45 229
140.844 -0.865908 -35.178 220 45 229
140.265 -1.7285 -34.6954 220 45 229
140.538 -1.02649 -34.8894 220 45 229
139.726 -2.82772 -34.3226 220 45 229
138.676 -0.534162 -33.2586 220 45 229
138.152 -1.3191 -32.6581 220 45 229
138.899 -2.17154 -33.4219 220 45 229
137.943 -1.7968 -32.522 220 45 229
138.155 -0.28765 -32.6858 220 45 229
137.03 -0.490998 -31.6331 220 45 229
136.518 -1.3677 -31.2142 220 45 229
135.886 -1.90351 -30.6528 220 45 229
135.514 -1.0185 -30.2261 220 45 229
136.943 -1.61809 -31.631 220 45 229
136.998 -2.12051 -31.7213 220 45 229
138.499 -2.72993 -33.2065 220 45 229
139.645 -3.78863 -34.4369 220 45 229
139.366 -3.63611 -34.0876 220 45 229
137.6 -4.52889 -32.5601 220 45 229
137.112 -3.61174 -32.0826 220 45 229
136.489 -3.57701 -31.4391 220 45 229
143.12 -4.38906 -37.9615 220 45 229
142.833 -4.27593 -37.6411 220 45 229
142.066 -5.02949 -37.0531 220 45 229
143.453 -6.24916 -38.6894 220 45 229
141.645 -3.53874 -36.5106 220 45 229
140.089 -4.58559 -35.1473 220 45 229
140.888 -6.2335 -36.1186 220 45 229
143.737 -6.37127 -39.0059 220 45 229
144.29 -8.08065 -39.635 220 45 229
144.274 -7.12526 -39.4734 220 45 229
142.723 -6.21817 -37.8967 220 45 229
142.152 -6.35123 -37.2707 220 45 229
141.19 -7.5639 -36.2356 220 45 229
139.509 -4.74334 -34.4697 220 45 229
139.548 -5.75847 -34.5643 220 45 229
140.113 -6.60217 -35.2303 220 45 229
140.477 -7.21225 -35.5032 220 45 229
139.863 -7.25112 -34.7791 220 45 229
139.459 -7.8112 -34.3653 220 45 229
140.2 -8.62477 -35.112 220 45 229
140.01 -8.35453 -34.8698 220 45 229
138.929 -8.37076 -33.8718 220 45 229
138.862 -4.90577 -33.8566 220 45 229
139.516 -6.55666 -34.4982 220 45 229
139.17 -7.28592 -34.067 220 45 229
136.715 -4.70651 -31.6923 220 45 229
137.297 -6.11312 -32.1886 220 45 229
138.854 -7.05656 -33.7396 220 45 229
138.025 -6.54018 -32.9103 220 45 229
137.437 -7.91458 -32.1827 220 45 229
136.035 -2.51348 -30.9145 220 45 229
134.301 -2.55472 -29.2127 220 45 229
135.554 -4.16341 -30.5436 220 45 229
134.808 -3.25674 -29.8115 220 45 229
134.811 -3.53621 -29.8107 220 45 229
135.589 -4.83429 -30.5354 220 45 229
136.346 -4.80864 -31.3325 220 45 229
136.207 -4.86118 -31.1916 220 45 229
135.038 -4.7283 -29.988 220 45 229
134.004 -3.28434 -29.022 220 45 229
133.593 -3.77298 -28.6252 220 45 229
133.079 -5.26082 -28.0684 220 45 229
134.416 -5.18697 -29.3432 220 45 229
134.531 -4.48943 -29.5324 220 45 229
135.927 -6.03049 -30.7805 220 45 229
134.969 -5.50932 -29.8259 220 45 229
136.258 -6.14169 -31.13 220 45 229
135.333 -7.46605 -30.1847 220 45 229
133.793 -5.82262 -28.7855 220 45 229
133.868 -6.3836 -28.8416 220 45 229
134.209 -7.08636 -29.1889 220 45 229
136.642 -7.5321 -31.4478 220 45 229
137.237 -8.89281 -32.1315 220 45 229
136.643 -8.4367 -31.5606 220 45 229
136.794 -9.07009 -31.7588 220 45 229
137.636 -9.78426 -32.6617 220 45 229
135.594 -9.48228 -30.6747 220 45 229
135.883 -9.65005 -31.0314 220 45 229
134.547 -10.6003 -29.709 220 45 229
135.115 -8.6291 -30.1554 220 45 229
134.143 -8.94731 -29.1836 220 45 229
134.513 -9.77889 -29.578 220 45 229
133.344 -5.94772 -28.3524 220 45 229
132.0 -8.79116 -27.1206 220 45 229
133.55 -9.02895 -28.547 220 45 229
133.326 -9.74449 -28.3939 220 45 229
133.697 -9.98919 -28.7634 220 45 229
132.753 -11.4336 -28.0114 220 45 229
132.409 -9.94463 -27.5542 220 45 229
132.069 -11.4362 -27.3613 220 45 229
144.505 -12.0897 -40.3224 220 45 229
144.943 -12.3957 -40.8038 220 45 229
143.897 -13.424 -39.7913 220 45 229
146.29 -12.9551 -42.1756 220 45 229
144.701 -13.7812 -40.6109 220 45 229
144.974 -14.6537 -40.8639 220 45 229
144.254 -13.9975 -40.0552 220 45 229
144.557 -14.7023 -40.3683 220 45 229
143.734 -14.0533 -39.453 220 45 229
144.222 -14.7328 -39.8209 220 45 229
144.237 -15.3977 -40.188 220 45 229
146.003 -16.8331 -42.0942 220 45 229
145.647 -15.5391 -41.7213 220 45 229
145.192 -17.2171 -41.4549 220 45 229
145.888 -16.2953 -42.0392 220 45 229
144.886 -15.8851 -40.9909 220 45 229
142.808 -15.181 -38.5309 220 45 229
143.045 -16.0527 -38.9134 220 45 229
142.543 -15.8137 -38.3846 220 45 229
143.85 -8.25639 -39.1855 220 45 229
144.158 -8.59076 -39.5463 220 45 229
142.627 -9.42319 -38.0613 220 45 229
142.905 -8.60827 -38.2333 220 45 229
142.486 -9.16342 -37.8839 220 45 229
143.469 -10.0081 -38.9978 220 45 229
142.308 -8.2175 -37.5299 220 45 229
131.564 -31.6015 -28.9909 220 45 229
142.092 -10.2495 -37.5671 220 45 229
142.587 -11.3353 -37.9599 220 45 229
142.265 -10.4163 -37.7314 220 45 229
144.085 -11.9037 -39.8676 220 45 229
143.657 -11.4891 -39.2705 220 45 229
143.902 -12.2544 -39.6499 220 45 229
143.243 -10.4961 -38.7705 220 45 229
143.217 -11.6002 -38.717 220 45 229
142.969 -12.243 -38.4174 220 45 229
142.673 -12.2214 -38.0873 220 45 229
141.11 -10.5848 -36.4857 220 45 229
140.629 -9.10006 -35.6275 220 45 229
141.087 -9.91856 -36.3965 220 45 229
129.858 -31.4467 -27.362 220 45 229
140.493 -10.3032 -35.6649 220 45 229
138.806 -9.67451 -33.809 220 45 229
138.498 -9.57681 -33.5198 220 45 229
138.761 -10.6199 -33.9849 220 45 229
138.321 -10.328 -33.4461 220 45 229
139.912 -10.6958 -35.157 220 45 229
138.994 -11.3029 -34.349 220 45 229
138.229 -10.862 -33.4382 220 45 229
141.294 -10.6362 -36.6856 220 45 229
140.684 -11.1786 -35.9556 220 45 229
140.869 -11.7196 -36.1411 220 45 229
141.735 -13.1139 -37.3162 220 45 229
140.73 -12.7545 -36.1921 220 45 229
141.33 -13.2632 -36.8928 220 45 229
138.532 -12.189 -33.9234 220 45 229
138.98 -12.3687 -34.3364 220 45 229
138.33 -11.7276 -33.6614 220 45 229
128.839 -33.8209 -26.792 220 45 229
139.731 -13.0083 -35.1032 220 45 229
139.267 -13.1787 -34.5512 220 45 229
138.876 -13.4745 -34.1056 220 45 229
143.744 -12.4943 -39.505 220 45 229
143.578 -13.5194 -39.4063 220 45 229
142.6 -13.3293 -38.1512 220 45 229
141.919 -14.0062 -37.5967 220 45 229
140.928 -14.2633 -36.5123 220 45 229
142.154 -14.6014 -37.8846 220 45 229
141.372 -14.8492 -37.096 220 45 229
141.43 -15.9243 -37.1969 220 45 229
140.115 -14.19 -35.5085 220 45 229
140.529 -14.58 -36.1061 220 45 229
140.024 -14.7462 -35.3643 220 45 229
140.496 -15.2131 -36.0965 220 45 229
140.448 -15.574 -36.0508 220 45 229
139.753 -15.6037 -35.1507 220 45 229
139.376 -14.652 -34.514 220 45 229
142.081 -16.3227 -37.9883 220 45 229
141.705 -17.0514 -37.5777 220 45 229
141.418 -18.0094 -37.3202 220 45 229
140.662 -16.964 -36.3562 220 45 229
140.187 -17.4849 -35.8703 220 45 229
139.748 -17.2952 -35.4184 220 45 229
141.102 -18.3174 -36.9613 220 45 229
155.72 1.0639 -51.7289 220 45 229
137.543 -11.2115 -32.5594 220 45 229
137.023 -12.7104 -32.3879 220 45 229
137.452 -14.8775 -32.8569 220 45 229
135.929 -14.9868 -31.6636 220 45 229
137.046 -9.49713 -32.0103 220 45 229
136.208 -10.3184 -31.3829 220 45 229
136.784 -11.1342 -31.8815 220 45 229
135.59 -10.4936 -30.8589 220 45 229
134.988 -10.5046 -30.2088 220 45 229
134.845 -10.7411 -30.0756 220 45 229
136.047 -12.6173 -31.443 220 45 229
136.383 -12.2903 -31.6916 220 45 229
135.111 -12.2308 -30.5252 220 45 229
136.248 -12.8922 -31.658 220 45 229
136.23 -13.7741 -31.713 220 45 229
135.714 -13.9465 -31.2405 220 45 229
134.867 -14.8384 -30.5707 220 45 229
134.05 -11.7574 -29.3529 220 45 229
134.15 -11.9356 -29.5057 220 45 229
133.828 -12.7462 -29.2148 220 45 229
133.88 -11.4148 -29.1038 220 45 229
132.724 -11.7531 -28.0254 220 45 229
133.278 -12.2557 -28.6382 220 45 229
133.302 -12.9578 -28.6692 220 45 229
133.175 -13.5923 -28.5966 220 45 229
131.624 -12.2748 -26.9425 220 45 229
131.311 -11.5906 -26.5653 220 45 229
131.816 -12.5551 -27.113 220 45 229
132.392 -12.8431 -27.7084 220 45 229
131.321 -13.9689 -26.7176 220 45 229
134.267 -14.0007 -29.744 220 45 229
134.156 -13.4565 -29.5261 220 45 229
133.666 -15.3383 -29.1838 220 45 229
133.242 -14.9009 -28.7514 220 45 229
132.377 -15.9136 -27.7935 220 45 229
132.615 -13.826 -28.0446 220 45 229
132.002 -14.3002 -27.4083 220 45 229
132.071 -14.8563 -27.4887 220 45 229
138.254 -16.3277 -33.6729 220 45 229
136.08 -15.4894 -31.82 220 45 229
137.148 -15.9821 -32.5661 220 45 229
136.646 -16.2575 -32.2075 220 45 229
138.302 -18.3426 -33.9735 220 45 229
138.261 -18.4327 -33.9492 220 45 229
139.043 -18.6023 -34.7691 220 45 229
137.79 -17.4912 -33.3467 220 45 229
137.384 -17.3178 -32.9223 220 45 229
136.872 -17.3429 -32.491 220 45 229
135.827 -18.2433 -31.7221 220 45 229
137.882 -18.5607 -33.6457 220 45 229
136.187 -18.8767 -32.1075 220 45 229
134.826 -19.0336 -30.7381 220 45 229
134.908 -19.6061 -30.8956 220 45 229
134.685 -19.4061 -30.6278 220 45 229
135.29 -15.2141 -31.0467 220 45 229
134.421 -15.9369 -30.0915 220 45 229
135.154 -16.0677 -30.8576 220 45 229
135.154 -16.1568 -30.8673 220 45 229
133.991 -16.418 -29.6845 220 45 229
135.123 -17.453 -30.9183 220 45 229
134.832 -16.3473 -30.515 220 45 229
133.538 -16.0485 -29.1131 220 45 229
133.689 -16.8053 -29.4319 220 45 229
132.633 -16.5468 -28.153 220 45 229
133.343 -17.2793 -29.1459 220 45 229
133.326 -17.6671 -29.1638 220 45 229
134.744 -18.408 -30.5827 220 45 229
134.157 -18.1868 -29.9334 220 45 229
133.521 -19.0112 -29.4743 220 45 229
132.9 -18.5022 -28.7886 220 45 229
133.505 -19.7112 -29.529 220 45 229
143.11 0.595174 -37.1593 220 45 229
132.649 -20.4989 -28.773 220 45 229
131.9 -10.496 -26.9843 220 45 229
162.8 -12.2738 -60.9934 220 45 229
161.911 -12.9765 -59.8505 220 45 229
163.767 -13.9166 -62.8567 220 45 229
163.418 -13.9276 -61.9124 220 45 229
162.844 -14.7851 -61.2371 220 45 229
160.96 -11.9593 -58.5378 220 45 229
161.538 -12.1024 -59.3216 220 45 229
161.118 -13.4877 -58.8475 220 45 229
160.663 -12.3034 -58.2113 220 45 229
160.05 -13.0109 -57.5317 220 45 229
160.854 -14.5666 -58.6164 220 45 229
162.028 -14.2369 -60.0884 220 45 229
161.099 -14.4565 -58.9405 220 45 229
160.638 -15.708 -58.5846 220 45 229
159.842 -15.0657 -57.4636 220 45 229
160.177 -16.6403 -58.2029 220 45 229
164.251 -18.3273 -64.9778 220 45 229
164.439 -19.1739 -64.9367 220 45 229
163.899 -18.1384 -63.1866 220 45 229
164.099 -17.5765 -63.9207 220 45 229
163.909 -19.585 -63.3449 220 45 229
163.539 -19.0989 -62.6126 220 45 229
163.222 -19.5586 -62.2931 220 45 229
163.918 -15.5134 -64.013 220 45 229
164.018 -16.1879 -64.0018 220 45 229
163.795 -16.2801 -62.8101 220 45 229
164.048 -16.6644 -63.8553 220 45 229
163.733 -15.3754 -62.9492 220 45 229
162.935 -19.4098 -61.8581 220 45 229
162.941 -18.6345 -61.6379 220 45 229
163.529 -20.051 -62.7827 220 45 229
163.04 -19.8384 -62.0881 220 45 229
162.301 -20.2203 -61.1808 220 45 229
162.256 -20.0995 -61.1015 220 45 229
161.831 -20.5807 -60.6576 220 45 229
161.625 -15.8961 -59.8613 220 45 229
162.683 -18.0009 -61.1402 220 45 229
161.771 -17.5847 -60.2474 220 45 229
162.24 -17.7554 -60.7536 220 45 229
160.537 -17.0134 -58.683 220 45 229
160.193 -17.7161 -58.2001 220 45 229
160.652 -19.635 -59.0558 220 45 229
160.752 -19.6856 -59.178 220 45 229
160.44 -21.144 -58.961 220 45 229
140.379 6.03957 -35.4409 220 45 229
144.434 5.23343 -39.2256 220 45 229
140.806 3.86659 -35.3095 220 45 229
144.04 0.00703462 -38.3157 220 45 229
143.949 -0.597382 -38.2225 220 45 229
143.689 2.04859 -38.0537 220 45 229
164.493 -20.6782 -64.8673 220 45 229
164.268 -20.0477 -64.2174 220 45 229
164.17 -20.3667 -64.0059 220 45 229
164.236 -20.7704 -64.1846 220 45 229
164.569 -21.4664 -64.6879 220 45 229
163.621 -21.1671 -63.1968 220 45 229
164.941 -23.4513 -65.6838 220 45 229
164.623 -23.6665 -64.9933 220 45 229
137.296 4.89335 -31.6824 220 45 229
164.521 -24.3891 -64.8747 220 45 229
164.727 -22.6224 -65.043 220 45 229
164.235 -22.393 -64.1922 220 45 229
164.096 -23.4054 -64.0329 220 45 229
164.224 -24.2103 -64.3166 220 45 229
163.289 -20.5823 -62.567 220 45 229
162.958 -22.0874 -62.4457 220 45 229
161.61 -22.5397 -60.8431 220 45 229
163.642 -24.4223 -63.5385 220 45 229
163.331 -23.8981 -63.1216 220 45 229
162.942 -23.4449 -62.5786 220 45 229
162.337 -23.608 -61.764 220 45 229
161.073 -23.4751 -60.3212 220 45 229
162.317 -24.9078 -61.9212 220 45 229
162.04 -24.7402 -61.5914 220 45 229
161.493 -21.5657 -60.456 220 45 229
160.902 -21.5382 -59.6392 220 45 229
165.021 -25.1097 -66.3667 220 45 229
164.924 -25.725 -66.2449 220 45 229
163.995 -25.0699 -64.044 220 45 229
141.048 0.74991 -35.4879 220 45 229
164.877 -26.7424 -67.4472 220 45 229
164.126 -25.9875 -64.3424 220 45 229
163.534 -26.6624 -63.8183 220 45 229
163.912 -25.5233 -63.9773 220 45 229
163.28 -25.7152 -63.2067 220 45 229
162.761 -27.0645 -62.9327 220 45 229
161.41 -26.6765 -60.9765 220 45 229
162.42 -26.4103 -62.2934 220 45 229
162.359 -27.3504 -62.4641 220 45 229
164.076 -27.6987 -64.3961 220 45 229
162.858 -27.8089 -63.2515 220 45 229
135.809 0.703247 -30.472 220 45 229
162.998 -28.4835 -63.6251 220 45 229
163.763 -29.2549 -64.9435 220 45 229
136.039 -0.105637 -30.6911 220 45 229
163.26 -29.0285 -64.1108 220 45 229
162.922 -28.6761 -63.5772 220 45 229
163.458 -29.239 -64.3973 220 45 229
162.829 -29.602 -63.5531 220 45 229
162.104 -28.6383 -62.415 220 45 229
161.352 -28.1536 -61.1116 220 45 229
161.86 -28.7877 -62.0434 220 45 229
162.369 -29.2888 -63.0305 220 45 229
162.292 -29.3196 -62.911 220 45 229
142.601 11.3732 -37.0455 220 45 229
142.043 11.2418 -36.4388 220 45 229
143.453 9.57685 -37.936 220 45 229
164.737 -21.565 -65.2928 220 45 229
142.825 7.44712 -37.6659 220 45 229
132.85 -19.9572 -28.9847 220 45 229
149.868 20.9196 -44.6311 220 45 229
152.186 19.84 -46.5308 220 45 229
153.281 18.4974 -47.6079 220 45 229
163.593 -30.0464 -65.3046 220 45 229
163.125 -30.3772 -64.3743 220 45 229
162.42 -30.7749 -63.8025 220 45 229
162.585 -30.9267 -64.3395 220 45 229
162.225 -30.1092 -63.12 220 45 229
162.231 -30.5493 -63.4266 220 45 229
134.569 -1.21923 -29.3406 220 45 229
162.105 -30.3461 -62.9712 220 45 229
161.621 -30.5872 -62.5237 220 45 229
136.693 -3.00732 -31.6275 220 45 229
158.557 -13.4939 -55.8613 220 45 229
157.956 -13.3131 -55.007 220 45 229
158.974 -13.6451 -56.3435 220 45 229
157.489 -13.946 -54.7371 220 45 229
157.434 -14.6377 -54.8982 220 45 229
159.189 -14.782 -56.6633 220 45 229
158.102 -16.5067 -55.7465 220 45 229
159.681 -16.4481 -57.5438 220 45 229
159.015 -16.3984 -56.747 220 45 229
157.589 -16.2116 -55.218 220 45 229
157.59 -17.7366 -55.3596 220 45 229
159.396 -17.5059 -57.3301 220 45 229
159.238 -18.514 -57.3091 220 45 229
158.957 -17.8971 -56.9168 220 45 229
158.137 -17.6557 -55.9646 220 45 229
158.96 -18.9513 -57.0268 220 45 229
158.537 -18.2573 -56.4591 220 45 229
158.861 -19.3431 -56.946 220 45 229
157.743 -18.6835 -55.667 220 45 229
157.816 -19.7795 -55.7894 220 45 229
157.122 -19.666 -55.0837 220 45 229
159.583 -20.5739 -57.9451 220 45 229
159.182 -19.7561 -57.3774 220 45 229
159.764 -20.6847 -58.1653 220 45 229
159.806 -21.8172 -58.2554 220 45 229
159.242 -21.8457 -57.6334 220 45 229
158.699 -22.1313 -57.0625 220 45 229
157.858 -21.1714 -56.1271 220 45 229
157.47 -21.9319 -55.6904 220 45 229
155.723 -18.5153 -53.2997 220 45 229
156.481 -18.6643 -54.2431 220 45 229
155.944 -19.0893 -53.6675 220 45 229
156.692 -19.9022 -54.649 220 45 229
156.233 -19.8278 -54.0994 220 45 229
155.975 -20.2635 -53.9002 220 45 229
155.269 -20.7213 -53.1089 220 45 229
155.166 -20.1855 -52.9474 220 45 229
156.619 -20.8089 -54.6862 220 45 229
155.775 -21.3563 -53.7348 220 45 229
156.845 -21.3999 -55.0018 220 45 229
157.039 -22.4778 -55.2511 220 45 229
155.286 -22.0695 -53.2221 220 45 229
155.002 -22.17 -52.9305 220 45 229
155.405 -22.8453 -53.5569 220 45 229
154.597 -22.1109 -52.4933 220 45 229
154.076 -22.6438 -52.0459 220 45 229
159.166 -23.596 -57.8321 220 45 229
160.295 -24.3477 -59.2965 220 45 229
159.548 -24.3512 -58.3861 220 45 229
159.807 -26.1855 -59.0165 220 45 229
160.104 -25.3706 -59.2091 220 45 229
158.912 -25.2942 -57.8942 220 45 229
158.196 -25.079 -56.9475 220 45 229
158.647 -25.8292 -57.6406 220 45 229
157.74 -27.1353 -56.9675 220 45 229
157.884 -25.8899 -56.8573 220 45 229
157.346 -22.7667 -55.7073 220 45 229
156.687 -22.9402 -55.0016 220 45 229
155.819 -23.81 -54.3111 220 45 229
156.34 -24.1281 -54.9417 220 45 229
155.365 -23.5375 -53.7075 220 45 229
157.57 -25.539 -56.4485 220 45 229
156.59 -25.394 -55.3739 220 45 229
157.795 -25.6615 -56.7072 220 45 229
157.17 -26.7347 -56.2807 220 45 229
156.472 -25.2363 -55.1972 220 45 229
154.97 -25.5983 -53.6268 220 45 229
155.917 -28.4557 -55.2701 220 45 229
160.914 -25.9534 -60.3706 220 45 229
160.459 -27.4719 -59.9368 220 45 229
160.173 -26.5845 -59.4728 220 45 229
160.683 -27.5206 -60.2349 220 45 229
160.258 -27.4279 -59.6709 220 45 229
159.696 -27.4577 -59.0511 220 45 229
160.745 -28.1861 -60.3269 220 45 229
160.897 -30.4817 -61.4871 220 45 229
160.84 -29.848 -61.0105 220 45 229
159.999 -30.1961 -60.2093 220 45 229
159.505 -29.4192 -59.3944 220 45 229
159.236 -30.1877 -59.2734 220 45 229
159.619 -30.6341 -59.9373 220 45 229
158.693 -30.388 -58.7731 220 45 229
158.918 -27.891 -58.4076 220 45 229
158.745 -26.724 -57.9247 220 45 229
158.149 -28.0195 -57.6739 220 45 229
158.182 -28.5758 -57.8166 220 45 229
156.618 -27.7617 -55.8929 220 45 229
156.439 -28.9113 -55.9288 220 45 229
156.729 -29.1101 -56.3153 220 45 229
157.358 -29.7647 -57.1183 220 45 229
156.111 -29.1061 -55.6287 220 45 229
155.142 -28.3535 -54.352 220 45 229
155.077 -28.6596 -54.3503 220 45 229
157.773 -29.6055 -57.536 220 45 229
156.719 -29.9583 -56.4963 220 45 229
157.923 -30.3499 -57.816 220 45 229
157.922 -30.4944 -57.8667 220 45 229
157.201 -31.1888 -57.3649 220 45 229
155.244 -30.4789 -54.9333 220 45 229
155.607 -30.593 -55.4063 220 45 229
156.194 -31.1616 -56.1714 220 45 229
155.096 -32.1836 -55.1433 220 45 229
153.665 -24.1008 -51.7956 220 45 229
153.517 -24.7803 -51.8144 220 45 229
154.155 -25.9429 -52.6918 220 45 229
154.016 -25.2047 -52.4582 220 45 229
152.863 -26.1474 -51.2507 220 45 229
154.596 -26.3612 -53.2907 220 45 229
154.477 -27.0791 -53.308 220 45 229
154.053 -28.2029 -53.0655 220 45 229
153.671 -26.9262 -52.3187 220 45 229
153.393 -28.6052 -52.3369 220 45 229
153.1 -27.9893 -51.8883 220 45 229
153.666 -29.2073 -52.7912 220 45 229
153.849 -28.4466 -52.8299 220 45 229
154.1 -29.7271 -53.3763 220 45 229
153.732 -30.011 -53.0139 220 45 229
152.939 -28.8259 -51.801 220 45 229
152.583 -29.7876 -51.5733 220 45 229
152.431 -28.6736 -51.1761 220 45 229
151.898 -29.572 -50.7741 220 45 229
151.519 -28.9857 -50.2787 220 45 229
153.006 -29.8211 -52.1214 220 45 229
152.457 -30.3364 -51.5004 220 45 229
152.543 -30.4819 -51.662 220 45 229
155.087 -31.4148 -54.9549 220 45 229
154.583 -32.3311 -54.3821 220 45 229
154.917 -29.8613 -54.4005 220 45 229
154.755 -30.3558 -54.2843 220 45 229
154.257 -31.4412 -53.8705 220 45 229
153.481 -31.8211 -53.1226 220 45 229
152.518 -31.5115 -51.8859 220 45 229
151.963 -31.7055 -51.2019 220 45 229
152.097 -32.1679 -51.4496 220 45 229
152.835 -31.9999 -52.4589 220 45 229
152.294 -32.412 -51.8103 220 45 229
151.659 -31.0679 -50.7606 220 45 229
151.336 -30.4114 -50.273 220 45 229
151.227 -31.0212 -50.2808 220 45 229
150.984 -32.1555 -50.1771 220 45 229
151.326 -33.137 -50.8674 220 45 229
151.064 -33.0096 -50.5518 220 45 229
157.223 -13.3859 -54.2405 220 45 229
156.864 -13.5559 -53.9188 220 45 229
156.35 -13.3472 -53.3237 220 45 229
155.805 -14.3768 -52.9387 220 45 229
156.766 -15.2711 -54.2286 220 45 229
154.571 -13.6594 -51.4915 220 45 229
154.143 -14.31 -51.0766 220 45 229
154.849 -14.9644 -51.9593 220 45 229
155.627 -15.0513 -52.8606 220 45 229
153.596 -15.0542 -50.4309 220 45 229
155.508 -16.7762 -52.8375 220 45 229
155.558 -17.227 -52.9732 220 45 229
155.282 -16.0122 -52.5529 220 45 229
155.166 -17.344 -52.4714 220 45 229
155.034 -18.1418 -52.41 220 45 229
153.93 -17.138 -51.0825 220 45 229
154.149 -18.4563 -51.4308 220 45 229
155.448 -19.8078 -53.2112 220 45 229
154.667 -19.0884 -52.1761 220 45 229
154.832 -19.7554 -52.506 220 45 229
153.72 -18.9021 -50.9786 220 45 229
153.773 -19.5027 -51.1098 220 45 229
153.707 -19.9035 -51.0343 220 45 229
154.484 -20.0074 -52.0946 220 45 229
154.955 -20.0853 -52.6803 220 45 229
153.477 -21.0428 -51.1092 220 45 229
154.225 -21.0442 -51.9313 220 45 229
153.981 -21.9958 -51.7937 220 45 229
152.419 -14.6517 -48.8835 220 45 229
152.08 -15.1065 -48.531 220 45 229
152.569 -16.3015 -49.3484 220 45 229
151.79 -16.6978 -48.38 220 45 229
150.752 -16.3575 -47.1694 220 45 229
150.883 -16.1807 -47.3305 220 45 229
150.94 -17.0065 -47.39 220 45 229
149.927 -17.0165 -46.321 220 45 229
150.266 -17.4739 -46.6399 220 45 229
152.781 -17.4898 -49.8358 220 45 229
152.528 -18.8094 -49.6106 220 45 229
152.924 -18.5468 -50.056 220 45 229
152.785 -19.1429 -49.9031 220 45 229
152.094 -19.1374 -49.1288 220 45 229
151.929 -19.5869 -48.9729 220 45 229
151.759 -19.3361 -48.7438 220 45 229
151.689 -18.2747 -48.4539 220 45 229
151.054 -18.1503 -47.6693 220 45 229
150.625 -18.6305 -47.2931 220 45 229
151.24 -19.0987 -48.1288 220 45 229
151.008 -19.7598 -48.0141 220 45 229
149.486 -17.5117 -45.7958 220 45 229
149.54 -18.3245 -45.9186 220 45 229
148.928 -18.0779 -45.2412 220 45 229
150.331 -20.0728 -47.1838 220 45 229
149.645 -20.2661 -46.286 220 45 229
149.149 -19.8545 -45.6114 220 45 229
148.244 -18.7465 -44.5931 220 45 229
148.332 -19.5431 -44.7772 220 45 229
147.73 -20.2323 -44.2371 220 45 229
149.036 -16.3605 -45.2619 220 45 229
148.59 -17.0956 -44.8213 220 45 229
148.472 -16.6897 -44.6747 220 45 229
146.976 -17.4221 -43.2213 220 45 229
147.968 -17.7608 -44.1508 220 45 229
146.574 -17.5419 -42.805 220 45 229
146.852 -16.6516 -42.9075 220 45 229
147.531 -17.8327 -43.7791 220 45 229
147.387 -18.9683 -43.8466 220 45 229
147.134 -18.8835 -43.5229 220 45 229
147.415 -20.3637 -43.931 220 45 229
153.214 -19.8775 -50.5274 220 45 229
152.234 -20.7995 -49.6408 220 45 229
151.569 -21.1434 -48.9011 220 45 229
151.363 -21.1215 -48.6062 220 45 229
151.066 -21.5625 -48.3501 220 45 229
150.713 -21.1132 -47.6535 220 45 229
150.716 -21.7738 -47.9814 220 45 229
153.565 -21.4487 -51.2784 220 45 229
152.76 -23.2055 -50.6672 220 45 229
151.744 -22.3241 -49.4953 220 45 229
151.307 -22.4313 -49.0298 220 45 229
151.594 -23.8589 -49.5397 220 45 229
149.726 -20.9058 -46.4878 220 45 229
149.999 -21.4492 -46.9254 220 45 229
149.271 -22.3052 -46.1885 220 45 229
147.698 -22.1413 -44.534 220 45 229
148.565 -22.4913 -45.4206 220 45 229
150.522 -24.5072 -48.2909 220 45 229
150.335 -24.4444 -48.0229 220 45 229
149.916 -22.7737 -47.2441 220 45 229
150.226 -23.388 -47.9165 220 45 229
149.385 -23.9785 -46.7563 220 45 229
147.783 -23.5861 -44.8026 220 45 229
148.181 -24.5025 -45.4485 220 45 229
148.148 -25.1107 -45.4623 220 45 229
148.493 -25.4756 -45.8234 220 45 229
147.612 -24.6155 -44.7561 220 45 229
153.489 -23.8689 -51.5619 220 45 229
153.267 -24.2322 -51.4133 220 45 229
152.976 -24.0999 -51.0344 220 45 229
153.015 -25.1805 -51.34 220 45 229
152.506 -25.7552 -50.7757 220 45 229
152.023 -26.0413 -50.2304 220 45 229
151.593 -27.0373 -49.9961 220 45 229
151.539 -26.7218 -49.8497 220 45 229
152.399 -27.8936 -51.0042 220 45 229
151.686 -28.4613 -50.3643 220 45 229
150.153 -25.7031 -48.0664 220 45 229
149.501 -25.1406 -47.1279 220 45 229
151.47 -25.8451 -49.5671 220 45 229
149.978 -26.5307 -48.0646 220 45 229
150.405 -26.4977 -48.5686 220 45 229
149.607 -26.1602 -47.4625 220 45 229
149.045 -26.7464 -46.7345 220 45 229
149.07 -25.4348 -46.6043 220 45 229
151.368 -28.0859 -49.9142 220 45 229
150.333 -27.5294 -48.731 220 45 229
150.499 -27.1427 -48.8123 220 45 229
149.797 -27.0584 -47.9997 220 45 229
151.248 -28.8731 -49.8438 220 45 229
150.478 -28.9507 -48.8791 220 45 229
150.602 -29.2547 -49.0388 220 45 229
149.506 -27.5318 -47.4635 220 45 229
149.552 -27.9499 -47.8417 220 45 229
149.651 -28.902 -48.1373 220 45 229
151.268 -29.3526 -50.0256 220 45 229
150.97 -29.5642 -49.5502 220 45 229
150.573 -29.9788 -49.1117 220 45 229
151.084 -30.462 -49.9703 220 45 229
150.341 -30.8604 -49.0153 220 45 229
150.573 -31.8461 -49.5264 220 45 229
150.086 -32.1199 -48.979 220 45 229
149.669 -33.5275 -49.2642 220 45 229
146.937 -18.3072 -43.2331 220 45 229
146.17 -18.2445 -42.4011 220 45 229
145.384 -18.7117 -41.7001 220 45 229
145.034 -18.3283 -41.3862 220 45 229
144.366 -17.5053 -40.6918 220 45 229
142.803 -18.4706 -39.003 220 45 229
146.356 -19.8055 -42.7946 220 45 229
146.782 -19.8356 -43.2954 220 45 229
146.914 -20.9008 -43.4814 220 45 229
146.354 -20.0378 -42.8529 220 45 229
145.43 -20.6903 -41.9895 220 45 229
145.155 -20.4902 -41.6567 220 45 229
143.764 -20.8614 -40.3773 220 45 229
142.274 -19.4858 -38.4902 220 45 229
142.453 -19.6817 -38.7441 220 45 229
142.103 -19.9486 -38.3474 220 45 229
141.229 -20.0813 -37.3964 220 45 229
142.376 -20.2505 -38.6991 220 45 229
142.408 -20.6905 -38.7435 220 45 229
143.08 -21.6276 -39.6639 220 45 229
143.126 -22.4157 -39.7824 220 45 229
142.666 -22.5851 -39.2932 220 45 229
141.425 -20.9621 -37.7002 220 45 229
141.696 -21.3059 -38.0836 220 45 229
140.418 -21.896 -36.7686 220 45 229
141.044 -22.4426 -37.5027 220 45 229
150.972 -1.93189 -45.6127 220 45 229
140.155 -23.1209 -36.8332 220 45 229
147.432 -23.4231 -44.4047 220 45 229
147.189 -23.8595 -44.2998 220 45 229
146.733 -24.6249 -43.8264 220 45 229
146.981 -21.2092 -43.5604 220 45 229
146.216 -22.0094 -42.9482 220 45 229
146.133 -23.2048 -43.0587 220 45 229
146.444 -22.9245 -43.3036 220 45 229
145.041 -22.4138 -41.8543 220 45 229
145.246 -25.3009 -42.3579 220 45 229
144.99 -25.0185 -42.0561 220 45 229
144.552 -24.2883 -41.4181 220 45 229
143.918 -23.1735 -40.6915 220 45 229
144.131 -23.77 -40.9307 220 45 229
143.092 -24.4237 -39.9504 220 45 229
143.296 -24.7494 -40.1887 220 45 229
142.531 -23.4546 -39.2926 220 45 229
152.861 -4.153 -48.0895 220 45 229
142.329 -25.1841 -39.2782 220 45 229
142.158 -23.3998 -38.8449 220 45 229
141.347 -23.2672 -37.9934 220 45 229
141.812 -24.7445 -38.7022 220 45 229
144.116 -25.2411 -41.1178 220 45 229
143.084 -25.2647 -40.0387 220 45 229
143.379 -25.5334 -40.3698 220 45 229
142.557 -26.1218 -39.5685 220 45 229
142.297 -26.3027 -39.3105 220 45 229
142.242 -26.8567 -39.3048 220 45 229
141.702 -25.8623 -38.7221 220 45 229
141.636 -25.3755 -38.621 220 45 229
141.97 -26.4416 -39.0021 220 45 229
140.459 -26.3071 -37.4987 220 45 229
141.785 -26.5112 -38.8477 220 45 229
155.795 -0.0320505 -52.4014 220 45 229
157.909 -1.45472 -54.902 220 45 229
140.699 -18.9216 -36.6195 220 45 229
140.146 -18.2474 -35.8336 220 45 229
140.997 -19.349 -37.0444 220 45 229
140.752 -20.0158 -36.8894 220 45 229
140.209 -20.7223 -36.2914 220 45 229
140.304 -21.3242 -36.5333 220 45 229
155.74 -1.71476 -51.8844 220 45 229
156.381 -2.23288 -52.4811 220 45 229
158.201 -4.16832 -54.6087 220 45 229
140.011 -22.7 -36.5893 220 45 229
139.995 -23.465 -36.715 220 45 229
140.281 -24.5894 -37.1126 220 45 229
140.279 -25.7674 -37.2448 220 45 229
139.793 -25.7335 -36.8116 220 45 229
151.091 -4.97793 -46.1735 220 45 229
140.504 -26.4566 -37.5661 220 45 229
140.299 -26.6166 -37.3724 220 45 229
139.636 -26.383 -36.7407 220 45 229
139.438 -27.6024 -36.6705 220 45 229
139.582 -27.6848 -36.827 220 45 229
140.122 -19.7196 -36.1352 220 45 229
139.34 -19.6489 -35.1851 220 45 229
139.162 -19.2409 -34.904 220 45 229
138.187 -19.6169 -34.1558 220 45 229
139.832 -20.6915 -35.9246 220 45 229
139.548 -20.398 -35.6087 220 45 229
139.355 -20.2217 -35.3935 220 45 229
137.731 -19.5863 -33.6756 220 45 229
136.726 -19.9814 -32.6665 220 45 229
137.241 -20.7589 -33.3982 220 45 229
147.189 -0.567254 -41.5533 220 45 229
136.659 -21.5514 -32.8996 220 45 229
138.663 -20.9157 -34.8684 220 45 229
139.275 -21.9575 -35.6871 220 45 229
138.895 -23.0657 -35.5685 220 45 229
139.422 -22.4409 -35.9577 220 45 229
138.024 -21.4528 -34.3156 220 45 229
138.301 -24.0463 -35.0626 220 45 229
137.991 -23.1141 -34.5759 220 45 229
136.973 -23.3568 -33.5003 220 45 229
135.781 -20.797 -31.9283 220 45 229
135.492 -19.7817 -31.538 220 45 229
133.964 -19.8852 -30.019 220 45 229
136.885 -21.9958 -33.1928 220 45 229
134.816 -21.3258 -31.0427 220 45 229
145.142 -0.385088 -39.4368 220 45 229
134.42 -21.5075 -30.6831 220 45 229
133.745 -20.8784 -29.8926 220 45 229
133.572 -21.7136 -29.9139 220 45 229
133.679 -21.9001 -30.0531 220 45 229
136.571 -24.0296 -33.1024 220 45 229
135.411 -22.9305 -31.7863 220 45 229
145.579 -1.43524 -40.1039 220 45 229
135.229 -22.6116 -31.5885 220 45 229
134.092 -22.0377 -30.4605 220 45 229
143.963 -2.15538 -38.4602 220 45 229
133.226 -23.0207 -29.6842 220 45 229
133.547 -23.4959 -30.0392 220 45 229
135.163 -24.0063 -31.5679 220 45 229
134.884 -23.9157 -31.28 220 45 229
133.754 -24.0828 -30.2866 220 45 229
133.4 -24.8955 -29.854 220 45 229
133.167 -20.8588 -29.2982 220 45 229
139.174 -24.2942 -35.9276 220 45 229
148.281 -4.17556 -43.0173 220 45 229
137.703 -24.9571 -34.5078 220 45 229
137.411 -24.3428 -34.1328 220 45 229
138.446 -25.5293 -35.2709 220 45 229
139.09 -26.2828 -36.1049 220 45 229
138.303 -26.7451 -35.2858 220 45 229
137.899 -27.354 -34.9938 220 45 229
137.217 -25.1162 -33.9708 220 45 229
136.67 -24.6129 -33.2474 220 45 229
153.868 18.142 -48.2743 220 45 229
135.683 -25.3312 -32.2974 220 45 229
135.805 -24.9788 -32.383 220 45 229
137.481 -26.5124 -34.4311 220 45 229
137.089 -25.3798 -33.8447 220 45 229
136.676 -26.1691 -33.4506 220 45 229
135.626 -26.5809 -32.459 220 45 229
134.226 -25.8191 -30.8567 220 45 229
135.315 -26.0905 -32.0135 220 45 229
136.828 -26.9325 -33.7895 220 45 229
136.067 -26.0336 -32.8515 220 45 229
135.099 -27.0458 -31.9353 220 45 229
136.104 -29.1025 -33.5825 220 45 229
142.085 -27.6345 -39.3354 220 45 229
142.057 -28.5932 -39.5065 220 45 229
141.612 -28.7646 -39.0818 220 45 229
142.364 -28.3675 -39.7577 220 45 229
141.725 -29.3904 -39.318 220 45 229
140.973 -27.5266 -38.2039 220 45 229
142.091 -29.9381 -39.7687 220 45 229
154.964 -13.0069 -51.858 220 45 229
142.318 -32.3202 -40.7017 220 45 229
141.427 -32.066 -39.5889 220 45 229
142.671 -32.2657 -41.0545 220 45 229
143.224 -32.963 -41.7762 220 45 229
153.68 -11.6213 -50.1977 220 45 229
142.966 -32.9245 -41.5361 220 45 229
153.06 -12.4622 -49.4699 220 45 229
142.239 -33.4492 -40.9066 220 45 229
142.254 -33.6528 -41.1014 220 45 229
156.652 -14.4412 -53.9572 220 45 229
158.254 -15.7985 -55.7701 220 45 229
157.06 -15.7559 -54.6345 220 45 229
156.409 -16.2037 -54.0456 220 45 229
139.69 -27.6097 -36.918 220 45 229
140.521 -28.3319 -37.8558 220 45 229
140.211 -30.317 -38.0545 220 45 229
138.4 -27.8684 -35.6501 220 45 229
139.073 -30.1486 -36.9547 220 45 229
138.581 -30.2649 -36.3191 220 45 229
151.471 -8.72989 -47.2901 220 45 229
141.044 -29.9908 -38.7939 220 45 229
151.214 -10.376 -47.0487 220 45 229
140.762 -31.3001 -38.9033 220 45 229
140.743 -32.1804 -39.0222 220 45 229
139.91 -30.9391 -37.8661 220 45 229
140.112 -31.5724 -38.232 220 45 229
139.487 -30.8927 -37.552 220 45 229
139.211 -31.2629 -37.3977 220 45 229
138.557 -30.9574 -36.6657 220 45 229
139.437 -31.9875 -37.6599 220 45 229
150.045 -11.1845 -45.8017 220 45 229
139.379 -32.4618 -37.7104 220 45 229
138.031 -31.8758 -36.5301 220 45 229
138.021 -29.9593 -35.585 220 45 229
137.265 -31.7283 -35.5278 220 45 229
140.074 -32.5 -38.4488 220 45 229
140.278 -33.045 -38.8052 220 45 229
141.835 -33.4151 -40.4795 220 45 229
140.579 -33.5031 -39.2235 220 45 229
137.823 -27.7497 -34.9783 220 45 229
147.282 -8.05303 -42.7114 220 45 229
136.664 -29.2997 -34.175 220 45 229
137.283 -29.9458 -34.8896 220 45 229
135.689 -30.6487 -33.519 220 45 229
136.097 -29.6401 -33.7297 220 45 229
134.793 -29.5873 -32.195 220 45 229
146.741 -9.76304 -42.3374 220 45 229
136.205 -30.8534 -34.0647 220 45 229
135.255 -30.3778 -32.9744 220 45 229
145.293 -9.26315 -40.6119 220 45 229
134.502 -30.6465 -32.2664 220 45 229
137.078 -31.5851 -35.2774 220 45 229
136.343 -32.7748 -34.7911 220 45 229
135.607 -32.5972 -34.1872 220 45 229
135.578 -31.7436 -33.7759 220 45 229
134.839 -31.5968 -32.9288 220 45 229
136.326 -32.1034 -34.7155 220 45 229
134.866 -32.4728 -33.2754 220 45 229
134.496 -33.6316 -33.4843 220 45 229
153.742 -16.812 -50.8319 220 45 229
150.377 -14.4605 -46.5278 220 45 229
134.952 -33.7103 -34.4986 220 45 229
152.558 -16.5024 -49.3472 220 45 229
160.944 -31.0616 -61.9016 220 45 229
159.775 -31.1885 -60.2223 220 45 229
159.151 -31.7098 -60.1254 220 45 229
158.901 -31.5561 -59.3016 220 45 229
158.482 -31.5812 -58.9736 220 45 229
134.576 -6.76347 -29.496 220 45 229
158.247 -31.2831 -58.5708 220 45 229
157.646 -31.8298 -58.1245 220 45 229
157.177 -31.7032 -57.553 220 45 229
157.086 -31.9321 -57.4602 220 45 229
156.641 -33.0094 -57.5679 220 45 229
154.899 -32.576 -54.8971 220 45 229
155.241 -32.8723 -55.282 220 45 229
154.097 -32.8818 -53.6887 220 45 229
153.922 -33.6023 -53.8947 220 45 229
154.48 -33.7024 -55.0393 220 45 229
153.578 -32.789 -53.436 220 45 229
153.046 -33.7277 -52.9906 220 45 229
151.984 -33.499 -51.6399 220 45 229
151.463 -33.6341 -51.0862 220 45 229
150.603 -33.6693 -50.1217 220 45 229
161.745 -13.223 -59.6298 220 45 229
150.921 -34.4256 -51.0371 220 45 229
135.91 -7.04208 -30.6987 220 45 229
132.732 -8.02852 -27.74 220 45 229
149.177 -34.0595 -48.6537 220 45 229
149.036 -34.292 -48.7137 220 45 229
158.053 -13.3474 -55.148 220 45 229
147.25 -34.6103 -46.9413 220 45 229
160.546 -15.4904 -58.4029 220 45 229
157.919 -15.0752 -55.3876 220 45 229
147.485 -2.70671 -42.2057 220 45 229
146.723 -3.27589 -41.4352 220 45 229
148.862 -5.18657 -43.726 220 45 229
136.388 -32.4944 -34.8559 220 45 229
146.337 -9.53791 -41.7796 220 45 229
135.427 -30.8219 -33.307 220 45 229
154.087 13.3068 -48.6129 220 45 229
150.693 11.9969 -44.5453 220 45 229
143.628 11.0074 -38.035 220 45 229
141.414 9.57259 -36.1034 220 45 229
135.728 -32.8169 -34.4235 220 45 229
144.311 -18.6527 -40.8001 220 45 229
146.325 -19.229 -42.5859 220 45 229
145.387 -19.702 -41.7764 220 45 229
146.211 -20.2779 -42.6977 220 45 229
146.308 8.10784 -40.2001 220 45 229
143.167 -20.1394 -39.6437 220 45 229
151.968 -0.635697 -46.8026 220 45 229
150.88 -1.45785 -45.5722 220 45 229
148.315 0.0989188 -42.8765 220 45 229
149.248 1.05165 -44.1489 220 45 229
138.417 6.05269 -32.9073 220 45 229
130.422 8.87329 -25.6117 220 45 229
129.792 7.99743 -24.7619 220 45 229
158.44 -21.8931 -56.7671 220 45 229
127.251 8.87433 -22.8538 220 45 229
128.212 8.16251 -23.8679 220 45 229
126.686 8.89345 -22.3207 220 45 229
127.382 7.80134 -22.928 220 45 229
125.298 7.95938 -21.1243 220 45 229
125.191 6.99805 -21.1563 220 45 229
157.113 -23.2668 -55.5244 220 45 229
126.12 7.32422 -21.5815 220 45 229
125.444 6.95217 -21.2854 220 45 229
162.785 -22.7007 -62.3398 220 45 229
158.867 -24.5459 -57.5926 220 45 229
161.488 -25.2952 -60.9616 220 45 229
139.089 9.87155 -33.9586 220 45 229
138.593 6.71837 -33.361 220 45 229
137.831 7.54144 -33.5309 220 45 229
132.689 -17.8657 -28.4532 220 45 229
135.775 7.53925 -31.0133 220 45 229
134.609 8.08683 -30.0273 220 45 229
134.914 6.89302 -29.5641 220 45 229
133.702 8.29801 -28.9264 220 45 229
163.923 -22.0635 -63.7128 220 45 229
133.535 7.28687 -28.4388 220 45 229
132.746 8.30929 -27.8841 220 45 229
164.312 -23.1226 -64.3411 220 45 229
136.724 6.42489 -31.1564 220 45 229
135.939 5.97621 -30.5329 220 45 229
135.38 6.94156 -29.9889 220 45 229
135.896 5.23029 -30.5489 220 45 229
135.828 4.66929 -30.4716 220 45 229
135.404 4.27618 -30.0192 220 45 229
134.331 4.60359 -29.1184 220 45 229
134.295 5.33725 -29.0637 220 45 229
134.058 6.17797 -28.8853 220 45 229
144.983 0.172542 -39.2817 220 45 229
146.056 -1.14983 -40.5182 220 45 229
144.856 -1.46431 -39.2581 220 45 229
135.636 3.87668 -30.2659 220 45 229
135.988 3.33347 -30.6441 220 45 229
135.352 3.78591 -29.9781 220 45 229
135.001 2.59024 -29.6707 220 45 229
135.058 1.23668 -29.8047 220 45 229
139.614 3.09515 -34.0979 220 45 229
141.546 0.291291 -35.7936 220 45 229
141.714 -1.11455 -36.0815 220 45 229
142.451 -2.56969 -37.0317 220 45 229
133.22 7.72733 -28.1221 220 45 229
131.9 7.46949 -26.7363 220 45 229
131.815 6.83183 -26.6075 220 45 229
133.621 6.22043 -28.4562 220 45 229
132.616 6.72155 -27.4292 220 45 229
132.337 6.02902 -27.0705 220 45 229
131.44 6.15827 -26.192 220 45 229
134.006 4.54178 -28.8369 220 45 229
133.266 5.57348 -28.0433 220 45 229
133.302 5.40455 -28.0762 220 45 229
132.079 5.90768 -26.7924 220 45 229
133.585 4.3094 -28.3827 220 45 229
132.633 3.76199 -27.2017 220 45 229
131.543 5.16218 -26.2112 220 45 229
131.286 5.24918 -26.0216 220 45 229
131.746 3.50746 -26.445 220 45 229
131.519 3.15171 -26.3454 220 45 229
130.61 3.63433 -25.3746 220 45 229
130.926 3.04713 -25.7821 220 45 229
130.75 7.99896 -25.7262 220 45 229
130.303 7.43746 -25.1082 220 45 229
130.718 6.28361 -25.5043 220 45 229
130.262 6.14072 -25.0303 220 45 229
128.85 6.86796 -23.8922 220 45 229
128.877 6.36883 -23.959 220 45 229
128.954 7.54979 -23.9681 220 45 229
129.04 6.01217 -24.1204 220 45 229
128.06 5.14777 -23.2897 220 45 229
128.028 6.66218 -23.3443 220 45 229
127.623 5.55305 -22.9026 220 45 229
158.242 -23.3619 -56.7745 220 45 229
127.066 7.30688 -22.5124 220 45 229
126.673 5.22954 -21.9663 220 45 229
126.395 4.82359 -21.7556 220 45 229
127.511 4.92768 -22.7894 220 45 229
129.446 4.87861 -24.4921 220 45 229
129.621 3.9591 -24.591 220 45 229
128.236 4.41422 -23.5149 220 45 229
128.892 4.41392 -24.092 220 45 229
128.554 3.51548 -23.7846 220 45 229
127.41 3.96285 -22.7582 220 45 229
128.044 2.43434 -23.2628 220 45 229
134.197 3.70149 -28.9797 220 45 229
132.766 2.77138 -27.4926 220 45 229
134.8 2.8839 -29.4985 220 45 229
135.062 1.62318 -29.7667 220 45 229
134.314 1.97058 -29.1091 220 45 229
133.983 2.51216 -28.7898 220 45 229
132.997 1.84988 -27.7631 220 45 229
132.717 2.12804 -27.4928 220 45 229
131.782 0.788416 -26.6734 220 45 229
134.601 1.15076 -29.3904 220 45 229
133.901 0.84116 -28.7734 220 45 229
134.754 0.0752994 -29.5586 220 45 229
134.046 -0.846032 -28.8793 220 45 229
132.455 0.060354 -27.4037 220 45 229
133.682 -0.582315 -28.6155 220 45 229
133.089 0.947205 -27.9048 220 45 229
133.121 -0.0549226 -28.101 220 45 229
133.01 -1.16861 -28.0735 220 45 229
131.99 0.527423 -26.907 220 45 229
130.772 2.51554 -25.6755 220 45 229
129.651 3.608 -24.5935 220 45 229
129.049 1.8882 -24.1584 220 45 229
130.658 0.923459 -25.6706 220 45 229
128.936 -0.227099 -23.9717 220 45 229
131.235 -0.880211 -26.3082 220 45 229
131.973 -0.883422 -27.0053 220 45 229
129.798 0.833201 -24.7448 220 45 229
130.664 -1.13238 -25.7893 220 45 229
130.461 -0.138793 -25.5769 220 45 229
129.251 -1.17977 -24.3831 220 45 229
129.934 -1.24277 -25.1064 220 45 229
128.147 -1.18371 -23.3286 220 45 229
129.129 -1.77289 -24.3114 220 45 229
129.346 2.9013 -24.3693 220 45 229
129.969 2.19164 -24.9406 220 45 229
127.465 1.29403 -22.9141 220 45 229
127.103 1.41498 -22.6597 220 45 229
127.889 0.498945 -23.0815 220 45 229
128.223 -0.478881 -23.317 220 45 229
138.937 0.575969 -33.5642 220 45 229
164.99 -24.6208 -66.751 220 45 229
137.902 1.53658 -32.3933 220 45 229
137.123 1.659 -31.6888 220 45 229
134.724 3.59689 -29.4373 220 45 229
134.794 0.641859 -29.6041 220 45 229
136.112 0.613627 -30.7391 220 45 229
137.824 -1.49124 -32.3542 220 45 229
140.858 -4.03865 -35.8807 220 45 229
139.366 -4.75133 -34.3265 220 45 229
138.968 -3.66204 -33.7114 220 45 229
134.709 -1.87772 -29.5583 220 45 229
144.082 -22.2842 -40.745 220 45 229
142.759 -21.8067 -39.274 220 45 229
142.161 -24.214 -38.9764 220 45 229
141.658 -22.8082 -38.2506 220 45 229
141.315 -24.1917 -38.1267 220 45 229
143.549 -25.7428 -40.5706 220 45 229
142.419 -24.6162 -39.3165 220 45 229
150.216 -2.85949 -44.8858 220 45 229
139.38 -23.8941 -36.1078 220 45 229
138.962 -25.9549 -35.9058 220 45 229
148.521 -3.4965 -43.2754 220 45 229
140.52 -29.3285 -38.0938 220 45 229
137.929 -26.1913 -34.8557 220 45 229
147.674 -3.89538 -42.4351 220 45 229
135.351 -25.4116 -31.943 220 45 229
135.047 -27.2876 -31.8896 220 45 229
145.565 -4.62692 -40.5093 220 45 229
144.959 -5.81506 -40.0589 220 45 229
134.251 -24.3228 -30.7879 220 45 229
144.153 -3.27675 -38.8181 220 45 229
134.003 -25.0646 -30.5304 220 45 229
141.606 -4.53517 -36.5349 220 45 229
134.521 -28.5966 -31.5261 220 45 229
136.188 -28.3458 -33.4329 220 45 229
132.008 -30.6168 -29.2166 220 45 229
132.42 -0.823667 -27.4434 220 45 229
132.571 -1.24731 -27.5873 220 45 229
160.411 -31.4285 -61.2056 220 45 229
133.028 -2.08116 -28.0613 220 45 229
132.571 -2.25942 -27.5987 220 45 229
133.232 -2.63125 -28.2618 220 45 229
133.24 -3.50262 -28.2628 220 45 229
132.371 -2.69533 -27.3907 220 45 229
131.523 -3.59141 -26.5284 220 45 229
131.662 -3.09924 -26.6352 220 45 229
130.967 -3.88733 -26.0694 220 45 229
130.502 -2.64681 -25.536 220 45 229
130.92 -2.70477 -25.9258 220 45 229
130.434 -3.44912 -25.4762 220 45 229
130.761 -4.02004 -25.8927 220 45 229
130.268 -4.42385 -25.2847 220 45 229
129.468 -2.80036 -24.4622 220 45 229
129.113 -3.51736 -24.0671 220 45 229
128.733 -3.35502 -23.7625 220 45 229
157.551 -32.768 -58.7632 220 45 229
130.204 -3.58445 -25.1872 220 45 229
129.288 -4.78112 -24.2034 220 45 229
132.331 -4.79563 -27.3427 220 45 229
132.463 -5.75274 -27.4568 220 45 229
130.336 -5.30945 -25.4244 220 45 229
129.983 -5.68588 -25.0373 220 45 229
129.622 -5.82684 -24.6578 220 45 229
131.066 -5.67063 -26.0014 220 45 229
130.541 -6.86784 -25.5193 220 45 229
129.63 -4.88278 -24.6522 220 45 229
130.956 -31.8186 -28.3177 220 45 229
131.64 -6.53278 -26.5819 220 45 229
131.085 -6.9785 -26.0525 220 45 229
129.953 -7.30708 -24.9936 220 45 229
131.041 -9.18303 -26.204 220 45 229
131.012 -9.48526 -26.1972 220 45 229
128.7 -29.0552 -24.9252 220 45 229
137.259 -6.67854 -32.0686 220 45 229
137.819 -9.08828 -32.7706 220 45 229
128.064 -32.124 -25.0931 220 45 229
155.882 11.1615 -51.193 220 45 229
156.119 7.99317 -51.8168 220 45 229
154.6 7.04756 -50.0317 220 45 229
152.306 2.19999 -47.4705 220 45 229
117.148 9.78092 -13.6038 220 45 229
120.655 9.8452 -17.1749 220 45 229
121.935 9.24893 -18.3364 220 45 229
124.325 7.92258 -20.6643 220 45 229
123.074 8.91316 -19.973 220 45 229
122.715 8.53183 -19.0195 220 45 229
123.176 8.07335 -19.5945 220 45 229
123.622 7.28813 -20.1624 220 45 229
125.035 6.90979 -21.0743 220 45 229
124.139 7.04709 -20.4792 220 45 229
122.551 7.75418 -18.9176 220 45 229
122.583 7.15178 -19.0019 220 45 229
122.884 6.53077 -19.2882 220 45 229
122.412 6.96406 -18.7678 220 45 229
121.448 8.06592 -17.8141 220 45 229
121.702 7.23502 -18.0172 220 45 229
121.724 8.86887 -18.0258 220 45 229
119.795 9.49586 -16.2544 220 45 229
119.371 8.7101 -15.3733 220 45 229
119.467 8.00419 -15.2935 220 45 229
119.109 8.30195 -14.8477 220 45 229
120.977 8.10561 -17.2468 220 45 229
120.413 7.09579 -16.6398 220 45 229
120.157 7.14349 -16.3001 220 45 229
119.847 7.56275 -15.91 220 45 229
121.088 6.8614 -17.3689 220 45 229
120.884 5.87771 -16.9931 220 45 229
120.451 5.62215 -16.5191 220 45 229
119.201 7.5882 -14.8992 220 45 229
119.601 7.31246 -15.5542 220 45 229
118.485 7.45327 -14.0433 220 45 229
118.785 5.80553 -14.5609 220 45 229
154.395 -23.7971 -52.65 220 45 229
118.752 9.52989 -14.8255 220 45 229
117.49 8.53975 -13.3002 220 45 229
118.828 8.62934 -14.5925 220 45 229
112.431 8.97723 -7.59233 220 45 229
112.26 9.29976 -7.20185 220 45 229
112.121 8.53845 -7.09769 220 45 229
111.718 7.74836 -6.73219 220 45 229
118.051 5.78326 -13.7705 220 45 229
117.664 5.21769 -13.4654 220 45 229
117.339 5.78538 -13.1959 220 45 229
117.145 9.26651 -13.3279 220 45 229
116.618 8.68592 -12.8653 220 45 229
117.279 7.40327 -13.1103 220 45 229
116.633 7.5387 -12.6441 220 45 229
115.786 7.50817 -12.1032 220 45 229
115.041 6.86636 -11.2076 220 45 229
114.824 6.98392 -9.92338 220 45 229
115.315 6.30961 -10.8248 220 45 229
115.403 6.1698 -10.3454 220 45 229
115.448 7.95236 -11.9991 220 45 229
148.173 -25.5027 -45.3579 220 45 229
117.765 7.64641 -13.5156 220 45 229
116.77 6.62445 -12.6852 220 45 229
115.563 5.58575 -10.2742 220 45 229
116.116 5.09393 -11.8541 220 45 229
116.736 4.34067 -12.5672 220 45 229
114.936 5.54477 -9.25645 220 45 229
114.334 5.78849 -9.06401 220 45 229
112.957 7.64139 -8.31734 220 45 229
113.33 5.64703 -8.58384 220 45 229
112.282 7.08857 -7.56659 220 45 229
154.692 -2.21854 -50.6007 220 45 229
112.667 7.07999 -7.99443 220 45 229
154.736 -2.56469 -50.6115 220 45 229
112.959 6.84893 -8.31058 220 45 229
113.158 6.72563 -8.52291 220 45 229
112.448 5.97771 -7.70126 220 45 229
112.19 5.42793 -7.31694 220 45 229
111.989 6.15201 -7.14152 220 45 229
115.333 5.17552 -9.62742 220 45 229
115.585 5.09886 -10.3051 220 45 229
146.697 -27.5167 -44.3191 220 45 229
115.403 3.48782 -10.171 220 45 229
114.634 4.2265 -9.20218 220 45 229
155.279 -5.03838 -51.4286 220 45 229
113.786 4.66007 -8.792 220 45 229
113.411 3.75378 -8.53764 220 45 229
154.038 -5.29252 -49.8322 220 45 229
112.417 3.97827 -7.45957 220 45 229
112.547 4.64875 -7.72498 220 45 229
113.006 3.49067 -8.13613 220 45 229
156.648 -26.2609 -55.5644 220 45 229
125.59 4.45575 -21.2323 220 45 229
125.798 3.76956 -21.3501 220 45 229
155.932 -27.2911 -55.0337 220 45 229
125.17 3.57048 -20.8065 220 45 229
155.414 -26.746 -54.2574 220 45 229
124.464 3.62109 -20.2438 220 45 229
124.652 3.14728 -20.3145 220 45 229
126.157 2.82762 -21.6935 220 45 229
125.124 2.44219 -20.6737 220 45 229
125.347 2.14605 -20.8711 220 45 229
154.79 -27.0798 -53.6613 220 45 229
123.875 3.68165 -19.7677 220 45 229
123.424 2.23074 -18.9415 220 45 229
124.091 2.82526 -19.8057 220 45 229
124.217 1.4062 -19.6496 220 45 229
123.963 1.49633 -19.4136 220 45 229
122.8 0.995847 -17.7919 220 45 229
122.433 1.03318 -17.4303 220 45 229
126.325 1.45044 -21.8892 220 45 229
125.948 1.31086 -21.3446 220 45 229
127.58 -0.194 -22.7125 220 45 229
126.883 0.417265 -22.3068 220 45 229
124.933 0.130664 -20.1758 220 45 229
124.7 1.14955 -20.0773 220 45 229
124.089 0.808363 -19.3909 220 45 229
124.061 -1.19855 -19.0332 220 45 229
124.358 -0.629047 -19.4285 220 45 229
123.88 -1.85621 -18.7654 220 45 229
126.459 -0.170964 -21.8951 220 45 229
126.907 -1.01962 -22.1472 220 45 229
126.523 -1.69569 -21.8498 220 45 229
127.739 -1.61703 -22.9592 220 45 229
127.395 -2.02866 -22.6782 220 45 229
127.1 -2.26596 -22.4211 220 45 229
125.814 -2.42632 -21.0408 220 45 229
125.399 -2.72448 -20.5523 220 45 229
123.168 1.04785 -18.3139 220 45 229
123.93 -0.0398255 -19.029 220 45 229
122.003 0.325205 -16.9596 220 45 229
122.205 -0.504897 -17.0271 220 45 229
122.543 -0.817922 -17.3302 220 45 229
122.007 -1.14007 -16.6994 220 45 229
122.048 -3.06778 -16.7595 220 45 229
122.264 -2.34806 -16.9739 220 45 229
121.474 -1.87571 -16.119 220 45 229
124.221 -3.08104 -19.1347 220 45 229
123.439 -1.6089 -18.3025 220 45 229
123.694 -3.16043 -18.4414 220 45 229
123.09 -3.25385 -17.7121 220 45 229
121.362 -3.19475 -16.0971 220 45 229
122.169 -4.42212 -16.8484 220 45 229
125.047 5.45457 -20.948 220 45 229
124.649 6.39637 -20.8078 220 45 229
123.377 5.80894 -19.7205 220 45 229
123.626 5.35549 -19.8865 220 45 229
123.544 4.59487 -19.5994 220 45 229
122.983 4.58353 -18.9196 220 45 229
122.888 3.87508 -18.6809 220 45 229
122.365 4.38733 -18.0827 220 45 229
123.138 2.86934 -18.7596 220 45 229
131.182 0.102854 -26.155 220 45 229
153.363 -26.4265 -51.9095 220 45 229
122.017 4.89663 -17.7428 220 45 229
121.488 4.97017 -17.2143 220 45 229
122.204 3.85876 -17.7648 220 45 229
152.963 -27.0891 -51.5467 220 45 229
122.063 3.47469 -17.4839 220 45 229
121.133 3.93491 -16.5318 220 45 229
120.591 4.26957 -16.2084 220 45 229
121.362 3.24715 -16.5696 220 45 229
120.49 3.13227 -15.6627 220 45 229
120.011 4.8062 -15.8855 220 45 229
119.447 5.03023 -15.2451 220 45 229
119.557 4.26603 -15.135 220 45 229
122.773 3.42945 -18.4062 220 45 229
122.63 2.58855 -17.9742 220 45 229
122.447 2.44791 -17.7013 220 45 229
152.709 -28.0779 -51.4327 220 45 229
121.914 2.88666 -17.1748 220 45 229
121.355 2.42314 -16.5325 220 45 229
121.937 1.35108 -17.023 220 45 229
121.137 1.83528 -16.2066 220 45 229
120.381 2.28708 -15.3226 220 45 229
120.882 1.13584 -15.8177 220 45 229
121.361 0.744266 -16.2675 220 45 229
131.65 -6.09184 -26.5712 220 45 229
121.667 0.604613 -16.5899 220 45 229
120.902 -0.257809 -15.6259 220 45 229
120.665 -1.00621 -15.4159 220 45 229
156.369 -32.5583 -56.6665 220 45 229
120.562 -2.55977 -15.3131 220 45 229
118.555 3.9624 -14.1738 220 45 229
117.34 4.37943 -13.1952 220 45 229
159.267 -5.94497 -55.7585 220 45 229
117.415 3.5234 -13.0622 220 45 229
117.266 3.23583 -12.822 220 45 229
119.346 2.80662 -14.2932 220 45 229
118.845 3.23254 -14.0938 220 45 229
118.785 2.47433 -13.7827 220 45 229
117.754 2.83385 -12.9884 220 45 229
118.771 -0.490014 -13.6977 220 45 229
118.359 -0.852647 -13.2767 220 45 229
117.766 1.26059 -12.7586 220 45 229
116.887 0.863354 -12.0066 220 45 229
116.72 -0.350504 -11.7218 220 45 229
115.54 1.0131 -10.6065 220 45 229
116.104 -0.443769 -11.0713 220 45 229
115.448 -0.902454 -10.3483 220 45 229
115.053 0.312754 -10.0158 220 45 229
115.59 0.104356 -10.6274 220 45 229
115.941 0.548018 -11.0757 220 45 229
114.44 -0.817894 -9.21355 220 45 229
115.583 3.51369 -10.5038 220 45 229
115.72 2.81105 -10.6592 220 45 229
115.783 2.47101 -10.8421 220 45 229
115.03 2.68017 -9.73614 220 45 229
113.883 2.96594 -8.85218 220 45 229
115.889 1.81275 -11.0157 220 45 229
115.192 1.27868 -10.1177 220 45 229
113.287 1.9934 -8.39133 220 45 229
145.758 -29.32 -43.6129 220 45 229
114.562 1.52162 -9.43125 220 45 229
113.013 1.76833 -8.07891 220 45 229
113.445 0.184632 -8.42964 220 45 229
145.294 -29.937 -43.22 220 45 229
114.056 0.523454 -8.98498 220 45 229
114.217 -0.0806802 -9.08092 220 45 229
114.126 -0.864103 -8.87402 220 45 229
114.202 -1.43383 -8.88839 220 45 229
120.09 -2.15868 -14.8617 220 45 229
119.209 -1.36905 -14.0898 220 45 229
118.138 -2.55439 -13.0484 220 45 229
117.823 -2.59117 -12.7488 220 45 229
117.69 -1.07152 -12.6548 220 45 229
120.538 -3.3085 -15.4273 220 45 229
119.767 -3.07513 -14.7048 220 45 229
117.74 -3.8975 -12.9396 220 45 229
116.675 -0.611511 -11.698 220 45 229
117.005 -1.68768 -12.0811 220 45 229
115.926 -1.99638 -10.9183 220 45 229
116.225 -1.99003 -11.2938 220 45 229
115.821 -2.25375 -10.8239 220 45 229
116.972 -3.10949 -12.0885 220 45 229
116.459 -2.73259 -11.5386 220 45 229
115.476 -1.73187 -10.3719 220 45 229
114.878 -2.03158 -9.71516 220 45 229
115.05 -1.92707 -9.90522 220 45 229
114.612 -2.38599 -9.46815 220 45 229
114.181 -2.5612 -8.94125 220 45 229
115.796 -2.95494 -10.7514 220 45 229
115.808 -3.80965 -10.799 220 45 229
115.133 -2.58152 -10.05 220 45 229
114.511 -2.7082 -9.33813 220 45 229
114.739 -3.03522 -9.56239 220 45 229
115.066 -3.81607 -9.79132 220 45 229
117.598 -3.7107 -12.7566 220 45 229
117.157 -4.69081 -12.4793 220 45 229
116.633 -3.93246 -11.7806 220 45 229
116.249 -4.0803 -11.3377 220 45 229
116.245 -4.93867 -11.3748 220 45 229
115.139 -4.38182 -9.93374 220 45 229
115.513 -5.0528 -10.3948 220 45 229
115.854 -5.35375 -10.8296 220 45 229
115.463 -5.80418 -10.3646 220 45 229
114.882 -5.85494 -9.75695 220 45 229
114.061 -2.21062 -8.83602 220 45 229
128.446 2.7712 -23.6364 220 45 229
124.871 5.21949 -20.8017 220 45 229
155.088 -24.9621 -53.6661 220 45 229
152.336 -22.8936 -50.2249 220 45 229
120.158 7.96609 -16.2768 220 45 229
122.788 5.81619 -19.0019 220 45 229
122.002 5.69166 -18.0268 220 45 229
117.301 6.52241 -13.2008 220 45 229
151.398 -24.1992 -49.3322 220 45 229
151.06 -25.5752 -49.1114 220 45 229
111.073 12.9795 -7.20123 220 45 229
111.03 12.5004 -6.91098 220 45 229
148.287 -21.4742 -45.0854 220 45 229
110.606 12.4737 -6.28062 220 45 229
110.55 9.6072 -5.49877 220 45 229
112.242 10.0043 -7.53739 220 45 229
112.563 9.12507 -8.05292 220 45 229
111.845 9.99975 -6.98859 220 45 229
110.701 9.65997 -5.66399 220 45 229
110.976 8.69153 -5.84537 220 45 229
153.481 -0.393602 -48.819 220 45 229
111.48 9.26666 -6.37703 220 45 229
111.407 7.71782 -6.33967 220 45 229
152.745 -25.3472 -51.0436 220 45 229
151.96 -25.5538 -50.0908 220 45 229
120.913 5.29542 -16.8768 220 45 229
149.871 -25.2069 -47.6147 220 45 229
112.178 7.98771 -11.8624 220 45 229
115.996 5.98125 -11.8861 220 45 229
118.44 6.35509 -14.1236 220 45 229
161.129 -4.46079 -58.314 220 45 229
149.855 -29.5449 -48.2567 220 45 229
118.797 0.971905 -13.7046 220 45 229
119.569 0.257573 -14.3854 220 45 229
119.29 -0.749483 -14.1418 220 45 229
148.337 -27.1469 -46.0019 220 45 229
129.262 0.0296991 -24.281 220 45 229
129.53 -1.0539 -24.6654 220 45 229
128.213 1.41143 -23.4575 220 45 229
125.719 -1.55708 -21.0088 220 45 229
123.542 -1.15217 -18.4815 220 45 229
124.717 -1.84575 -19.7582 220 45 229
162.892 -11.7201 -61.0414 220 45 229
122.299 -3.10696 -16.9726 220 45 229
123.082 0.0231372 -18.0845 220 45 229
120.861 -3.54117 -15.7591 220 45 229
119.423 -3.29096 -14.4499 220 45 229
162.041 -16.0026 -60.3047 220 45 229
110.946 4.51456 -5.9457 220 45 229
153.598 -6.3264 -49.2442 220 45 229
111.715 3.55696 -6.58236 220 45 229
110.516 3.33259 -5.4459 220 45 229
110.993 3.55148 -5.90116 220 45 229
109.948 3.77257 -4.87251 220 45 229
152.101 -6.62788 -47.5791 220 45 229
110.074 2.93034 -4.96706 220 45 229
110.537 2.26542 -5.34231 220 45 229
112.402 0.983648 -7.40431 220 45 229
111.909 0.579109 -7.00594 220 45 229
154.394 -6.94874 -50.4393 220 45 229
112.816 2.41155 -7.84977 220 45 229
111.783 0.9564 -6.75023 220 45 229
110.404 0.971401 -5.22095 220 45 229
109.757 1.41355 -4.52774 220 45 229
151.237 -8.18786 -46.9311 220 45 229
109.561 1.39119 -4.33336 220 45 229
109.257 1.38818 -3.98543 220 45 229
109.372 1.03784 -4.05919 220 45 229
142.426 -30.936 -40.3103 220 45 229
111.07 0.153444 -6.10802 220 45 229
110.384 0.187706 -5.27211 220 45 229
110.107 -0.432516 -4.85215 220 45 229
112.823 0.254966 -7.87758 220 45 229
143.932 -30.2376 -41.8307 220 45 229
112.53 0.176781 -7.62497 220 45 229
153.194 -9.93159 -49.5123 220 45 229
111.699 -0.122239 -6.7968 220 45 229
113.463 -0.610128 -8.34933 220 45 229
113.251 -1.71625 -8.06272 220 45 229
112.26 -2.6652 -7.13258 220 45 229
112.293 -2.02727 -7.26544 220 45 229
111.32 -0.274395 -6.43309 220 45 229
111.189 -1.94153 -6.23287 220 45 229
110.969 -0.485655 -6.03084 220 45 229
110.77 -0.71908 -5.79212 220 45 229
110.601 -1.12698 -5.57507 220 45 229
110.161 -1.17766 -5.03379 220 45 229
109.902 -2.36761 -4.56944 220 45 229
110.271 -2.37732 -5.01267 220 45 229
139.241 -30.7748 -37.3241 220 45 229
108.485 -0.084261 -3.05537 220 45 229
109.333 -0.623303 -3.84014 220 45 229
151.31 -11.0075 -47.1438 220 45 229
109.747 -1.22903 -4.40616 220 45 229
109.526 -1.89026 -4.21451 220 45 229
108.026 -1.71584 -2.47049 220 45 229
108.71 -2.37325 -3.31051 220 45 229
108.741 -3.19998 -3.3236 220 45 229
108.431 -3.70551 -2.90463 220 45 229
107.464 -3.41862 -1.84741 220 45 229
108.317 -4.02805 -2.71645 220 45 229
107.72 -4.19441 -2.01031 220 45 229
107.233 -4.26491 -1.56828 220 45 229
113.295 -4.35261 -8.01899 220 45 229
113.79 -3.93763 -8.52008 220 45 229
114.033 -4.32338 -8.81864 220 45 229
114.27 -5.48858 -9.14324 220 45 229
113.6 -4.82701 -8.41714 220 45 229
113.095 -5.16849 -7.89408 220 45 229
114.423 -6.1879 -9.37882 220 45 229
113.886 -6.46159 -8.86875 220 45 229
113.422 -6.34627 -8.39891 220 45 229
112.985 -6.60394 -7.89988 220 45 229
112.373 -5.12609 -7.16288 220 45 229
112.434 -6.42064 -7.24227 220 45 229
113.629 -2.33088 -8.37422 220 45 229
113.279 -2.66405 -8.05252 220 45 229
111.787 -3.40051 -6.61002 220 45 229
111.197 -3.02182 -6.11236 220 45 229
110.719 -2.93462 -5.60475 220 45 229
112.608 -4.64434 -7.36936 220 45 229
111.791 -3.92555 -6.57002 220 45 229
111.903 -4.4031 -6.67519 220 45 229
111.698 -4.80499 -6.46579 220 45 229
111.772 -5.9448 -6.48636 220 45 229
111.764 -6.48318 -6.53291 220 45 229
111.633 -7.04111 -6.35512 220 45 229
110.427 -4.78541 -5.04743 220 45 229
110.623 -4.5068 -5.2467 220 45 229
109.55 -4.6728 -4.13824 220 45 229
109.727 -3.69229 -4.37176 220 45 229
150.79 -12.4846 -46.6953 220 45 229
109.034 -3.18289 -3.63457 220 45 229
108.966 -4.06266 -3.47835 220 45 229
109.239 -4.71888 -3.79575 220 45 229
108.59 -4.08477 -3.07295 220 45 229
108.96 -6.10609 -3.39355 220 45 229
109.333 -5.69696 -3.79883 220 45 229
110.713 -6.60291 -5.2591 220 45 229
111.051 -5.67986 -5.72841 220 45 229
110.595 -5.72525 -5.21718 220 45 229
109.55 -5.9904 -3.99215 220 45 229
110.025 -6.05502 -4.53279 220 45 229
111.662 -7.32918 -6.39745 220 45 229
110.751 -7.53196 -5.42281 220 45 229
110.184 -7.78999 -4.7128 220 45 229
109.922 -7.06767 -4.34712 220 45 229
109.618 -7.76216 -4.11733 220 45 229
109.448 -7.24803 -3.86923 220 45 229
108.928 -8.40137 -3.44891 220 45 229
108.103 -6.62568 -2.53551 220 45 229
107.404 -2.95136 -1.77059 220 45 229
106.23 -4.04691 -0.41473 220 45 229
107.775 -5.07516 -2.14395 220 45 229
107.358 -4.95047 -1.71198 220 45 229
156.408 6.5994 -52.1476 220 45 229
107.679 -6.31409 -2.09413 220 45 229
107.47 -5.718 -1.85262 220 45 229
106.746 -5.68681 -1.05552 220 45 229
106.609 -6.26939 -0.926893 220 45 229
105.676 -5.80901 0.196006 220 45 229
155.053 7.34143 -50.5401 220 45 229
105.938 -5.89392 -0.120962 220 45 229
105.519 -6.47943 0.337971 220 45 229
105.346 -6.73589 0.521221 220 45 229
108.51 -8.57679 -2.98229 220 45 229
108.152 -7.26406 -2.6187 220 45 229
107.664 -8.22291 -2.06655 220 45 229
107.126 -8.57487 -1.60244 220 45 229
106.141 -7.22866 -0.292191 220 45 229
155.989 4.46089 -51.1961 220 45 229
106.862 -8.7811 -1.36015 220 45 229
105.444 -8.64488 0.254019 220 45 229
109.608 10.0039 -4.58733 220 45 229
109.752 9.68177 -4.61744 220 45 229
108.795 9.06396 -3.77031 220 45 229
109.514 10.685 -4.60719 220 45 229
108.742 11.007 -3.77336 220 45 229
108.943 10.8414 -4.01662 220 45 229
108.405 11.3613 -3.40533 220 45 229
108.18 10.5571 -3.15877 220 45 229
107.746 10.7769 -2.67506 220 45 229
107.955 8.70031 -2.91504 220 45 229
107.428 9.49948 -2.32959 220 45 229
107.8 9.00558 -2.74053 220 45 229
109.906 8.68815 -4.7981 220 45 229
109.562 8.57587 -4.34873 220 45 229
110.983 7.94173 -5.83556 220 45 229
110.546 8.27575 -5.47015 220 45 229
109.887 8.2962 -4.86514 220 45 229
109.418 7.98973 -4.30569 220 45 229
108.656 7.64689 -3.53211 220 45 229
108.18 6.84823 -3.04257 220 45 229
106.142 9.91853 -1.08682 220 45 229
107.021 8.43216 -1.71998 220 45 229
106.893 7.26945 -1.41397 220 45 229
106.725 9.84139 -1.65572 220 45 229
106.011 9.23607 -0.792324 220 45 229
104.842 7.71945 0.731689 220 45 229
107.958 6.6914 -2.78186 220 45 229
107.294 7.66696 -2.0082 220 45 229
106.202 7.5729 -0.682771 220 45 229
106.3 8.13334 -0.877079 220 45 229
107.233 6.64274 -1.86275 220 45 229
106.588 6.06604 -0.992985 220 45 229
106.026 5.95128 -0.370485 220 45 229
105.654 5.96028 0.0341736 220 45 229
105.371 9.80369 -0.208071 220 45 229
104.562 10.5738 0.658371 220 45 229
104.899 9.88257 0.380423 220 45 229
104.871 9.31237 0.492657 220 45 229
104.171 9.45256 1.24472 220 45 229
103.588 8.9622 1.92055 220 45 229
104.366 8.13411 1.18914 220 45 229
110.514 6.90818 -5.37163 220 45 229
110.37 6.19508 -5.28855 220 45 229
109.388 6.8907 -4.34252 220 45 229
109.96 5.69038 -4.76959 220 45 229
109.925 6.14585 -4.78063 220 45 229
109.985 5.16881 -4.87561 220 45 229
108.722 6.01668 -3.6518 220 45 229
108.52 5.34524 -3.51288 220 45 229
109.508 5.52448 -4.36728 220 45 229
109.256 6.10757 -4.16527 220 45 229
108.447 4.75296 -3.54009 220 45 229
108.939 5.8725 -3.91762 220 45 229
109.354 3.95968 -4.30448 220 45 229
108.439 4.12181 -3.5056 220 45 229
109.285 2.73102 -4.06259 220 45 229
108.07 6.38605 -2.88614 220 45 229
108.089 4.50406 -3.16068 220 45 229
107.763 5.25781 -2.5697 220 45 229
107.536 4.09157 -2.45392 220 45 229
107.035 3.3555 -1.6437 220 45 229
107.119 5.88063 -1.70723 220 45 229
106.835 3.42046 -1.34339 220 45 229
106.269 3.60491 -0.486701 220 45 229
106.317 4.96931 -0.65225 220 45 229
106.005 5.06939 -0.254433 220 45 229
137.556 -26.3688 -34.4998 220 45 229
106.311 4.34085 -0.538434 220 45 229
105.458 3.18599 0.351345 220 45 229
137.428 -26.8962 -34.4286 220 45 229
106.355 3.88305 -0.562599 220 45 229
150.305 -7.05191 -45.8432 220 45 229
108.643 2.82748 -3.44211 220 45 229
107.653 3.52808 -2.55584 220 45 229
107.231 2.6286 -1.90139 220 45 229
109.229 2.04451 -3.89693 220 45 229
107.455 2.30202 -2.16177 220 45 229
106.777 2.89825 -1.23758 220 45 229
148.009 -6.95459 -43.2908 220 45 229
106.288 2.19067 -0.568255 220 45 229
107.25 1.73916 -1.77933 220 45 229
137.81 -29.2341 -35.2408 220 45 229
106.815 1.38646 -1.17067 220 45 229
105.754 1.18287 -0.0706293 220 45 229
146.87 -25.8261 -44.1699 220 45 229
114.602 4.89586 -9.10974 220 45 229
145.535 -25.6112 -42.758 220 45 229
145.059 -28.545 -42.7509 220 45 229
155.839 -5.73741 -51.8395 220 45 229
112.365 3.24247 -7.34581 220 45 229
142.936 -28.2487 -40.2907 220 45 229
110.65 1.89342 -5.41851 220 45 229
153.868 -3.66881 -49.2937 220 45 229
111.308 4.89163 -6.35798 220 45 229
146.258 -28.0475 -43.9409 220 45 229
146.809 -29.0428 -44.76 220 45 229
116.679 0.639323 -11.779 220 45 229
114.379 2.0972 -9.20234 220 45 229
114.226 1.57405 -9.10164 220 45 229
144.188 -29.723 -42.0189 220 45 229
142.825 -29.7263 -40.502 220 45 229
103.804 6.50425 1.66748 220 45 229
104.52 5.85217 0.97201 220 45 229
104.382 5.54516 1.08854 220 45 229
103.58 4.95904 1.77483 220 45 229
103.228 9.04435 2.29365 220 45 229
102.835 8.64116 2.70275 220 45 229
104.009 7.34416 1.55465 220 45 229
103.382 7.24885 2.15644 220 45 229
101.725 8.84753 3.80723 220 45 229
102.389 7.80049 3.14817 220 45 229
102.377 6.78944 3.16649 220 45 229
102.097 7.14815 3.41887 220 45 229
101.153 7.23339 4.29359 220 45 229
103.295 6.36438 2.21491 220 45 229
103.224 4.97935 2.15828 220 45 229
102.37 5.61405 3.00484 220 45 229
99.9128 8.27158 5.62884 220 45 229
141.315 -2.41681 -36.0492 220 45 229
99.495 7.37399 6.15474 220 45 229
98.9141 8.53814 6.56236 220 45 229
99.5507 7.04869 6.15134 220 45 229
100.56 7.26447 4.94787 220 45 229
97.1531 7.21126 8.25084 220 45 229
98.1672 6.96114 7.55437 220 45 229
98.4879 7.22127 7.2175 220 45 229
98.0738 6.25894 7.814 220 45 229
101.21 6.39018 4.35088 220 45 229
101.508 4.87073 4.20958 220 45 229
100.673 4.80209 5.12052 220 45 229
99.9153 4.90652 5.85198 220 45 229
141.637 -5.39941 -36.7022 220 45 229
99.8952 4.51326 5.88357 220 45 229
98.6868 5.54821 7.16325 220 45 229
98.9197 5.01194 6.92532 220 45 229
140.886 -4.7817 -35.9372 220 45 229
99.1438 4.84121 6.68302 220 45 229
98.5707 3.92944 7.46055 220 45 229
98.3497 3.90397 7.72985 220 45 229
98.5383 2.98498 7.6427 220 45 229
105.477 4.29293 0.370441 220 45 229
103.701 4.21795 1.79493 220 45 229
104.818 2.75947 0.982049 220 45 229
136.493 -27.6033 -33.5762 220 45 229
105.317 3.11643 0.504319 220 45 229
145.934 -6.79539 -41.2351 220 45 229
104.227 3.07211 1.50814 220 45 229
102.97 3.01712 2.766 220 45 229
103.594 3.26331 2.0948 220 45 229
144.678 -8.08731 -40.0204 220 45 229
103.179 1.60522 2.66178 220 45 229
102.519 2.6794 3.37614 220 45 229
101.969 2.31063 3.98465 220 45 229
105.591 2.13501 0.142956 220 45 229
146.987 -8.17926 -42.4077 220 45 229
105.338 1.14866 0.403808 220 45 229
104.84 1.08439 0.961075 220 45 229
103.835 2.39092 1.92146 220 45 229
146.412 -7.74274 -41.7473 220 45 229
104.645 1.70807 1.09393 220 45 229
104.665 1.03844 1.1299 220 45 229
104.143 1.40148 1.55901 220 45 229
103.38 -0.0898462 2.53863 220 45 229
102.895 4.23187 2.64733 220 45 229
101.88 4.30237 3.86974 220 45 229
101.688 4.04626 4.10975 220 45 229
102.731 1.28483 3.2272 220 45 229
101.773 0.193059 4.27457 220 45 229
102.034 0.471295 4.05411 220 45 229
102.706 -0.0140663 3.24082 220 45 229
103.033 0.502795 2.76861 220 45 229
102.217 -0.161314 3.81456 220 45 229
102.162 -0.616189 3.82858 220 45 229
100.87 -0.260534 5.41424 220 45 229
101.207 -0.788694 4.97022 220 45 229
100.735 3.82594 5.20286 220 45 229
100.115 3.70408 5.82817 220 45 229
101.342 2.38294 4.78056 220 45 229
99.6646 3.20243 6.46381 220 45 229
100.356 2.7227 5.82155 220 45 229
99.6943 2.6615 6.54104 220 45 229
99.4459 2.59836 6.80661 220 45 229
100.921 2.4585 5.32817 220 45 229
100.105 1.05032 6.18993 220 45 229
100.391 1.48467 5.86884 220 45 229
140.843 -8.07573 -35.7961 220 45 229
99.1782 1.45378 7.06531 220 45 229
101.191 1.39777 5.08769 220 45 229
100.654 0.512 5.66558 220 45 229
100.3 -0.0473064 6.11977 220 45 229
130.319 -31.1634 -27.5529 220 45 229
99.6505 -0.415248 6.82829 220 45 229
100.692 -0.611401 5.63546 220 45 229
146.056 -3.60576 -40.8584 220 45 229
140.822 -27.8894 -38.1038 220 45 229
138.313 -28.6497 -35.6745 220 45 229
105.868 1.56927 -0.191644 220 45 229
134.23 -26.349 -30.9012 220 45 229
104.628 2.34263 1.1547 220 45 229
137.189 -28.0507 -34.3528 220 45 229
107.578 -2.38155 -1.94661 220 45 229
155.61 9.67673 -50.6856 220 45 229
154.337 9.80324 -49.2011 220 45 229
154.138 8.77717 -49.3726 220 45 229
138.784 -30.0038 -36.4652 220 45 229
107.636 1.02487 -2.26764 220 45 229
108.024 0.343677 -2.64716 220 45 229
106.876 0.24757 -1.37073 220 45 229
137.365 -31.0073 -35.3777 220 45 229
106.552 -0.580085 -1.10123 220 45 229
106.145 0.421429 -0.533629 220 45 229
108.041 -0.501889 -2.59334 220 45 229
107.072 0.0888392 -1.59597 220 45 229
106.99 -1.70299 -1.44953 220 45 229
114.212 -2.01327 -8.98427 220 45 229
105.535 -0.200473 0.181776 220 45 229
136.897 -30.8821 -34.8096 220 45 229
106.031 -0.127654 -0.487212 220 45 229
105.235 -0.0322911 0.531083 220 45 229
106.509 -2.06552 -0.941195 220 45 229
106.735 -1.48336 -1.2459 220 45 229
105.993 -1.83058 -0.471277 220 45 229
147.137 -11.3884 -43.0564 220 45 229
105.724 -1.63621 -0.186088 220 45 229
104.652 -0.231805 1.24541 220 45 229
104.657 -0.922319 1.37483 220 45 229
104.579 -1.75847 1.31935 220 45 229
103.736 -2.03848 2.51032 220 45 229
103.974 -3.13581 1.95525 220 45 229
104.445 -0.214619 1.45546 220 45 229
103.967 -1.39545 2.23251 220 45 229
106.575 -3.10428 -0.954112 220 45 229
105.29 -2.91699 0.371814 220 45 229
105.411 -2.16478 0.190035 220 45 229
106.188 -3.45139 -0.46363 220 45 229
104.337 -2.71275 1.38088 220 45 229
105.134 -3.59759 0.687942 220 45 229
154.278 8.17625 -49.5776 220 45 229
105.192 -5.12339 0.86339 220 45 229
104.53 -4.39604 1.42731 220 45 229
103.75 -2.5332 2.41372 220 45 229
103.504 -1.60702 2.79136 220 45 229
102.862 -1.53594 3.46811 220 45 229
102.391 -2.40557 4.11287 220 45 229
101.316 -1.16645 4.90726 220 45 229
101.748 -2.18822 4.81115 220 45 229
101.394 -2.37303 5.29567 220 45 229
101.007 -1.02881 5.22092 220 45 229
100.6 -2.01198 5.99728 220 45 229
102.095 -3.3455 4.59433 220 45 229
101.502 -2.78929 5.3156 220 45 229
101.115 -3.85374 5.5005 220 45 229
100.778 -2.92188 5.9316 220 45 229
103.356 -3.54907 2.74951 220 45 229
104.035 -3.813 1.85969 220 45 229
103.411 -4.98864 2.88911 220 45 229
102.076 -4.47336 4.43855 220 45 229
101.315 -5.79779 5.19634 220 45 229
105.316 -5.58723 0.672876 220 45 229
153.782 7.41117 -48.9948 220 45 229
104.985 -5.76414 1.02798 220 45 229
105.09 -6.24512 0.836938 220 45 229
104.683 -5.90376 1.35239 220 45 229
103.51 -6.86819 2.68214 220 45 229
103.269 -5.85268 3.04012 220 45 229
103.595 -5.32697 2.6987 220 45 229
104.953 -7.09584 0.965755 220 45 229
102.964 -6.63031 3.381 220 45 229
102.947 -7.76484 3.06762 220 45 229
101.407 -7.34722 4.70023 220 45 229
101.652 -6.45347 4.68796 220 45 229
103.272 -8.47818 2.5018 220 45 229
143.432 -18.6105 -39.8074 220 45 229
142.619 -17.7425 -38.6981 220 45 229
145.511 -19.9315 -41.9035 220 45 229
111.564 11.0782 -7.28627 220 45 229
145.37 -21.4212 -42.0728 220 45 229
156.46 5.69839 -51.8659 220 45 229
156.794 3.64251 -52.3245 220 45 229
128.041 -2.97158 -23.2223 220 45 229
128.537 -4.81408 -23.529 220 45 229
128.215 -4.70685 -23.2545 220 45 229
127.672 -4.14982 -22.8033 220 45 229
127.737 -3.67577 -22.8865 220 45 229
126.631 -4.82802 -21.7302 220 45 229
126.499 -5.3954 -21.5493 220 45 229
129.26 -6.6319 -24.2409 220 45 229
129.574 -6.6148 -24.571 220 45 229
128.591 -5.08803 -23.5758 220 45 229
128.494 -5.60701 -23.4544 220 45 229
127.767 -6.33627 -22.7923 220 45 229
127.076 -5.61799 -22.1414 220 45 229
128.596 -6.31747 -23.5574 220 45 229
127.797 -7.05843 -22.8144 220 45 229
126.619 -7.10091 -21.5606 220 45 229
127.32 -7.2289 -22.307 220 45 229
126.862 -3.1863 -22.1437 220 45 229
126.278 -3.67851 -21.5089 220 45 229
125.885 -4.18406 -21.0153 220 45 229
125.718 -4.7137 -20.7736 220 45 229
126.384 -5.13284 -21.4478 220 45 229
126.374 -6.79673 -21.3189 220 45 229
126.005 -6.88409 -20.8771 220 45 229
125.666 -7.24977 -20.4445 220 45 229
125.628 -8.15919 -20.3959 220 45 229
125.059 -3.91179 -19.9674 220 45 229
124.531 -4.19532 -19.4134 220 45 229
124.239 -3.91439 -19.144 220 45 229
124.638 -4.95124 -19.4177 220 45 229
124.477 -4.83455 -19.2668 220 45 229
125.412 -4.87341 -20.4132 220 45 229
124.305 -5.94283 -18.9228 220 45 229
123.018 -6.68675 -17.6941 220 45 229
122.869 -4.7673 -17.3621 220 45 229
122.611 -4.92118 -17.154 220 45 229
122.318 -5.3543 -16.9042 220 45 229
163.075 -13.8953 -61.446 220 45 229
124.985 -5.70693 -19.6879 220 45 229
125.036 -6.33354 -19.7326 220 45 229
124.589 -8.59654 -19.3748 220 45 229
124.345 -6.37976 -19.0213 220 45 229
124.262 -7.40396 -19.0296 220 45 229
162.854 -16.3299 -61.4009 220 45 229
124.54 -8.02303 -19.2928 220 45 229
123.577 -7.30045 -18.2462 220 45 229
124.236 -8.56376 -19.0519 220 45 229
123.595 -8.73358 -18.4589 220 45 229
129.823 -8.86537 -24.8223 220 45 229
130.137 -9.0809 -25.141 220 45 229
129.424 -8.13438 -24.4975 220 45 229
128.762 -10.1691 -23.7407 220 45 229
127.706 -7.77024 -22.7224 220 45 229
128.093 -8.00534 -23.1177 220 45 229
127.217 -8.28677 -22.2663 220 45 229
126.827 -9.19753 -21.7967 220 45 229
127.575 -9.2613 -22.6811 220 45 229
130.721 -10.0484 -25.8804 220 45 229
129.964 -10.0086 -24.9763 220 45 229
129.624 -9.60142 -24.6131 220 45 229
129.893 -10.4328 -24.9446 220 45 229
130.762 -10.6093 -25.9274 220 45 229
129.419 -11.4722 -24.5376 220 45 229
129.925 -11.6006 -25.0526 220 45 229
127.665 -11.4689 -22.5696 220 45 229
128.914 -11.5891 -24.0511 220 45 229
128.368 -10.6713 -23.3402 220 45 229
128.555 -11.1623 -23.6048 220 45 229
127.758 -12.9116 -22.86 220 45 229
126.567 -10.1684 -21.5258 220 45 229
126.177 -10.149 -21.0319 220 45 229
163.637 -18.1212 -62.638 220 45 229
125.895 -10.2649 -20.6852 220 45 229
125.148 -10.8674 -20.0452 220 45 229
125.021 -9.91265 -19.7966 220 45 229
123.838 -10.5877 -18.8894 220 45 229
127.375 -12.4177 -22.422 220 45 229
127.058 -12.2051 -22.0463 220 45 229
126.901 -9.92502 -21.8717 220 45 229
126.157 -11.0429 -21.0578 220 45 229
126.7 -11.8746 -21.6668 220 45 229
125.972 -12.371 -21.0163 220 45 229
125.683 -12.1054 -20.6902 220 45 229
124.684 -11.4142 -19.6682 220 45 229
125.101 -12.6286 -20.1191 220 45 229
124.429 -12.2977 -19.4577 220 45 229
161.508 -17.3264 -59.8904 220 45 229
123.464 -9.45749 -18.4354 220 45 229
123.689 -10.1025 -18.7182 220 45 229
133.501 -7.27839 -28.4762 220 45 229
131.089 -8.28028 -26.1288 220 45 229
132.545 -8.61841 -27.5345 220 45 229
131.765 -8.88839 -26.9201 220 45 229
129.681 -8.10906 -24.7407 220 45 229
129.317 -8.93835 -24.3338 220 45 229
128.443 -10.5033 -23.3991 220 45 229
141.223 6.64733 -36.302 220 45 229
140.268 6.92389 -35.3725 220 45 229
138.943 6.20736 -33.6014 220 45 229
137.665 7.23531 -33.0869 220 45 229
121.255 -4.59695 -16.2007 220 45 229
120.803 -4.64462 -15.832 220 45 229
120.741 -5.44216 -15.7514 220 45 229
121.657 -6.95277 -16.4342 220 45 229
122.233 -6.44482 -16.9555 220 45 229
121.167 -6.72535 -16.0033 220 45 229
120.876 -6.02619 -15.8371 220 45 229
119.819 -5.3642 -15.0904 220 45 229
119.353 -6.09957 -14.7004 220 45 229
119.924 -7.2691 -14.9948 220 45 229
122.593 -6.99742 -17.3226 220 45 229
123.03 -7.30704 -17.7135 220 45 229
161.219 -15.5394 -59.2617 220 45 229
122.745 -7.94479 -17.4596 220 45 229
123.055 -8.07505 -17.7834 220 45 229
121.144 -8.75661 -16.1336 220 45 229
121.589 -8.2253 -16.4712 220 45 229
120.888 -7.86743 -15.8825 220 45 229
120.572 -8.0702 -15.5996 220 45 229
119.623 -8.66628 -14.7453 220 45 229
119.5 -7.92913 -14.6071 220 45 229
120.46 -9.34788 -15.548 220 45 229
119.924 -9.22915 -15.052 220 45 229
118.471 -9.7695 -13.8807 220 45 229
124.112 -13.2068 -19.1349 220 45 229
124.005 -14.3059 -19.0921 220 45 229
122.451 -9.91084 -17.3434 220 45 229
122.362 -9.18078 -17.2017 220 45 229
123.174 -10.0099 -18.2218 220 45 229
121.743 -9.1479 -16.6648 220 45 229
123.74 -11.2033 -18.7349 220 45 229
122.225 -12.0471 -17.4124 220 45 229
122.13 -11.3367 -17.2357 220 45 229
121.194 -9.99933 -16.2622 220 45 229
121.114 -10.4784 -16.1721 220 45 229
120.874 -11.3405 -15.9504 220 45 229
120.897 -11.6468 -15.9863 220 45 229
121.374 -12.038 -16.5746 220 45 229
120.625 -10.0795 -15.7403 220 45 229
119.803 -10.2559 -14.9594 220 45 229
123.21 -11.7126 -18.1835 220 45 229
161.256 -20.0539 -59.9133 220 45 229
122.825 -12.298 -17.9053 220 45 229
122.545 -12.6436 -17.7098 220 45 229
120.195 -12.646 -15.4144 220 45 229
121.734 -12.835 -17.0376 220 45 229
122.132 -13.6567 -17.3446 220 45 229
121.273 -13.6371 -16.5825 220 45 229
120.694 -13.0836 -16.0316 220 45 229
120.563 -13.9046 -15.9069 220 45 229
119.709 -11.7532 -14.8764 220 45 229
119.842 -13.761 -15.3667 220 45 229
119.55 -12.758 -14.8798 220 45 229
119.816 -12.9718 -15.1255 220 45 229
119.263 -5.67431 -14.6777 220 45 229
117.738 -6.44289 -13.3974 220 45 229
118.893 -7.00376 -14.1934 220 45 229
128.173 -11.1483 -23.1224 220 45 229
126.608 -12.9814 -21.7761 220 45 229
116.801 -5.80252 -12.2159 220 45 229
118.357 -6.63694 -13.8312 220 45 229
117.375 -7.09152 -12.9268 220 45 229
116.25 -5.96989 -11.4434 220 45 229
116.357 -6.79001 -11.5845 220 45 229
115.724 -6.75779 -10.7841 220 45 229
116.71 -7.61871 -12.0169 220 45 229
115.784 -7.9378 -10.8415 220 45 229
115.593 -6.40748 -10.6192 220 45 229
115.227 -6.91032 -10.2685 220 45 229
118.648 -8.27127 -14.0018 220 45 229
117.792 -8.29298 -13.3014 220 45 229
117.982 -9.28003 -13.5719 220 45 229
117.545 -9.83572 -13.1688 220 45 229
117.828 -10.1594 -13.7898 220 45 229
117.314 -8.50413 -12.7531 220 45 229
116.514 -9.01566 -11.7911 220 45 229
116.278 -8.44722 -11.4521 220 45 229
116.821 -9.98356 -12.3604 220 45 229
115.652 -10.2612 -11.2004 220 45 229
133.091 8.81475 -28.8289 220 45 229
158.911 -22.2065 -57.2827 220 45 229
130.756 7.20703 -25.5078 220 45 229
160.205 -22.4246 -58.8389 220 45 229
162.625 -23.4572 -62.132 220 45 229
127.059 8.46744 -22.4439 220 45 229
160.658 -25.9802 -60.0286 220 45 229
130.178 -12.6984 -25.4596 220 45 229
129.914 -14.312 -25.3607 220 45 229
129.439 -12.572 -24.678 220 45 229
128.685 -12.7256 -23.8757 220 45 229
129.36 -13.0496 -24.6853 220 45 229
128.2 -13.8582 -23.5003 220 45 229
129.057 -13.6788 -24.3833 220 45 229
129.601 -14.8091 -25.1238 220 45 229
128.27 -15.1477 -23.5916 220 45 229
128.985 -15.1126 -24.4929 220 45 229
127.635 -13.7245 -22.875 220 45 229
127.837 -13.5664 -23.0424 220 45 229
125.739 -13.3871 -20.9397 220 45 229
125.514 -13.7421 -20.7327 220 45 229
126.148 -14.9861 -21.5635 220 45 229
125.346 -14.4407 -20.6553 220 45 229
124.598 -15.2474 -19.8442 220 45 229
127.262 -14.6949 -22.6872 220 45 229
126.58 -15.084 -22.0017 220 45 229
126.966 -16.7433 -22.3193 220 45 229
128.162 -16.5758 -23.5035 220 45 229
127.956 -17.4732 -23.3349 220 45 229
127.484 -17.0585 -22.8742 220 45 229
126.05 -16.116 -21.3718 220 45 229
125.505 -15.5267 -20.9221 220 45 229
125.463 -16.2728 -20.8337 220 45 229
126.392 -17.0854 -21.7123 220 45 229
125.742 -17.0173 -21.0855 220 45 229
125.844 -17.6539 -21.1577 220 45 229
126.864 -17.3783 -22.2297 220 45 229
126.562 -18.7786 -21.9226 220 45 229
126.826 -19.291 -22.2328 220 45 229
127.092 -20.1424 -22.7347 220 45 229
126.498 -19.478 -21.9419 220 45 229
125.396 -19.8856 -20.977 220 45 229
126.787 -20.7042 -22.4239 220 45 229
126.479 -20.5433 -22.0344 220 45 229
126.61 -21.5015 -22.3606 220 45 229
100.69 6.7548 4.82159 220 45 229
124.524 -14.6879 -19.6539 220 45 229
123.982 -15.188 -19.2891 220 45 229
123.514 -13.8415 -18.6238 220 45 229
122.935 -15.3068 -18.3194 220 45 229
161.043 -22.5685 -60.051 220 45 229
122.908 -14.6959 -18.1692 220 45 229
123.4 -15.4297 -18.8475 220 45 229
122.714 -16.2799 -18.2676 220 45 229
122.653 -14.9954 -17.9791 220 45 229
125.338 -18.6466 -20.7976 220 45 229
124.125 -17.2485 -19.5269 220 45 229
161.322 -24.3814 -60.736 220 45 229
123.306 -16.2303 -18.836 220 45 229
161.755 -24.5327 -61.2417 220 45 229
123.71 -16.6493 -19.1893 220 45 229
122.67 -17.2322 -18.3608 220 45 229
124.686 -17.0682 -20.0777 220 45 229
122.137 -16.8973 -17.7546 220 45 229
123.263 -18.2949 -18.9165 220 45 229
122.338 -17.7249 -18.091 220 45 229
121.344 -14.7002 -16.6692 220 45 229
121.058 -14.9108 -16.423 220 45 229
122.408 -16.0134 -17.8827 220 45 229
159.848 -24.8968 -58.8445 220 45 229
121.398 -16.6662 -16.9809 220 45 229
121.651 -18.8447 -17.412 220 45 229
120.026 -15.0186 -15.5794 220 45 229
120.43 -15.485 -15.878 220 45 229
120.974 -15.7155 -16.4174 220 45 229
120.237 -16.4708 -15.9154 220 45 229
130.056 4.03457 -24.8836 220 45 229
120.86 -17.1788 -16.5844 220 45 229
120.474 -18.0509 -16.3322 220 45 229
124.738 -18.3419 -20.1659 220 45 229
124.99 -19.9993 -20.613 220 45 229
124.904 -19.6183 -20.4877 220 45 229
124.438 -20.6504 -20.1547 220 45 229
123.014 -19.5563 -18.7437 220 45 229
122.187 -19.6943 -18.0151 220 45 229
122.78 -20.2941 -18.6351 220 45 229
122.709 -20.939 -18.6579 220 45 229
123.945 -20.2144 -19.6413 220 45 229
124.246 -21.743 -20.0857 220 45 229
124.74 -21.5473 -20.5338 220 45 229
125.655 -21.6722 -21.3857 220 45 229
126.245 -22.3777 -22.0712 220 45 229
125.304 -22.7385 -21.1793 220 45 229
124.905 -23.5247 -20.9368 220 45 229
123.614 -22.4947 -19.5277 220 45 229
123.172 -22.2294 -19.1109 220 45 229
124.159 -23.3931 -20.1436 220 45 229
122.67 -21.5431 -18.6624 220 45 229
122.661 -22.3774 -18.6604 220 45 229
121.109 -19.4157 -16.9305 220 45 229
159.776 -29.0307 -59.5634 220 45 229
121.418 -21.0999 -17.4205 220 45 229
120.744 -20.3776 -16.848 220 45 229
121.068 -21.4336 -17.1697 220 45 229
122.066 -22.6004 -18.1001 220 45 229
122.448 -23.5874 -18.5022 220 45 229
121.264 -23.5786 -17.5364 220 45 229
122.166 -21.5318 -18.177 220 45 229
122.119 -20.4849 -18.0558 220 45 229
124.132 -22.4579 -20.021 220 45 229
164.848 -26.7084 -66.8766 220 45 229
126.548 -18.9738 -21.9393 220 45 229
124.255 -18.6823 -19.7265 220 45 229
132.198 2.97233 -26.9285 220 45 229
122.847 -18.221 -18.5783 220 45 229
125.015 -9.75464 -19.7766 220 45 229
162.22 -18.8958 -60.8472 220 45 229
124.349 -9.40288 -19.2152 220 45 229
160.726 -18.3639 -59.1918 220 45 229
122.393 -10.3434 -17.3283 220 45 229
124.413 -11.722 -19.4134 220 45 229
160.098 -19.6279 -58.415 220 45 229
162.386 -21.3339 -61.488 220 45 229
161.732 -20.2918 -60.4926 220 45 229
123.676 -12.0074 -18.6426 220 45 229
123.287 -12.4577 -18.2788 220 45 229
130.49 8.04027 -25.4791 220 45 229
115.08 -8.16779 -10.1094 220 45 229
114.963 -8.61775 -9.95381 220 45 229
115.155 -8.93852 -10.2198 220 45 229
114.61 -7.86269 -9.65515 220 45 229
113.736 -7.44797 -8.77188 220 45 229
113.498 -8.87295 -8.46071 220 45 229
114.622 -8.20705 -9.64898 220 45 229
114.255 -8.72065 -9.33398 220 45 229
113.222 -7.31303 -8.20783 220 45 229
113.18 -7.99295 -8.07942 220 45 229
112.442 -7.77709 -7.31958 220 45 229
111.692 -8.07768 -6.53887 220 45 229
112.733 -8.21156 -7.56535 220 45 229
112.792 -8.9522 -7.72891 220 45 229
112.462 -9.29745 -7.32817 220 45 229
115.687 -8.84847 -10.7716 220 45 229
113.781 -9.40279 -8.77853 220 45 229
113.596 -9.75988 -8.54793 220 45 229
113.091 -10.2435 -7.96371 220 45 229
112.642 -9.71149 -7.48817 220 45 229
111.539 -9.78558 -6.34887 220 45 229
111.306 -10.7235 -6.12378 220 45 229
112.15 -10.8355 -6.98794 220 45 229
112.337 -10.9817 -7.21312 220 45 229
112.001 -10.1264 -6.78666 220 45 229
112.082 -11.673 -7.17817 220 45 229
110.972 -9.6924 -5.8204 220 45 229
111.451 -8.08002 -6.31342 220 45 229
111.15 -8.07815 -5.98176 220 45 229
110.302 -8.57872 -4.98634 220 45 229
109.201 -8.9334 -3.74638 220 45 229
109.79 -10.1567 -4.61453 220 45 229
109.54 -9.72952 -4.22252 220 45 229
153.16 -22.104 -50.9304 220 45 229
109.588 -10.6416 -4.56618 220 45 229
154.998 -21.123 -52.8107 220 45 229
156.71 -24.3776 -55.2935 220 45 229
129.921 4.23939 -24.7754 220 45 229
120.208 9.74215 -16.8424 220 45 229
107.931 -9.1511 -2.33123 220 45 229
107.9 -10.0206 -2.63219 220 45 229
107.708 -9.756 -2.30506 220 45 229
146.778 -19.4854 -43.2078 220 45 229
149.33 -20.4294 -45.944 220 45 229
159.673 -19.8058 -57.961 220 45 229
157.742 -19.4744 -55.726 220 45 229
158.111 -20.8333 -56.4371 220 45 229
158.899 -21.2146 -57.2768 220 45 229
127.57 7.06866 -23.0717 220 45 229
158.86 -22.8317 -57.3646 220 45 229
157.112 -21.3445 -55.2788 220 45 229
152.864 -22.3657 -50.6493 220 45 229
154.383 -21.3223 -52.1545 220 45 229
155.781 -21.5164 -53.7618 220 45 229
159.698 -23.3534 -58.3767 220 45 229
158.428 -24.7003 -57.108 220 45 229
158.381 -23.9923 -57.0062 220 45 229
129.717 5.39638 -24.6594 220 45 229
118.426 8.75495 -14.2151 220 45 229
151.836 -22.7748 -49.7015 220 45 229
156.254 0.986777 -52.9203 220 45 229
155.178 0.789864 -51.0854 220 45 229
147.088 -21.8708 -43.7785 220 45 229
155.989 -0.546238 -53.3226 220 45 229
155.167 -0.348771 -51.408 220 45 229
97.0576 5.47463 9.01289 220 45 229
97.9808 4.2115 8.0615 220 45 229
139.447 -5.23358 -34.4704 220 45 229
97.6516 4.40581 8.40398 220 45 229
139.082 -5.40607 -34.0925 220 45 229
97.4721 4.26598 8.61289 220 45 229
98.3884 1.89911 7.7303 220 45 229
98.8617 0.739641 7.42923 220 45 229
98.5963 1.31527 7.59669 220 45 229
97.9271 2.43724 8.25083 220 45 229
97.6598 0.844041 8.61999 220 45 229
97.0167 1.46401 9.23235 220 45 229
96.0021 2.09343 10.2165 220 45 229
96.1967 1.63867 10.0049 220 45 229
97.4866 0.975506 8.77435 220 45 229
98.3097 -0.294979 8.06909 220 45 229
98.4085 -0.552239 8.00631 220 45 229
99.4495 -1.33844 7.1245 220 45 229
98.5 -1.22693 8.04502 220 45 229
98.4518 -1.81138 8.16525 220 45 229
97.9967 -0.506227 8.3964 220 45 229
97.7499 -0.855201 8.6757 220 45 229
97.1271 -2.18998 9.33226 220 45 229
96.9536 -1.38402 9.58486 220 45 229
97.4479 -0.573356 8.97513 220 45 229
97.2796 -0.737083 9.18461 220 45 229
127.815 -31.628 -24.652 220 45 229
96.9673 -0.996449 9.56476 220 45 229
127.649 -31.5583 -24.4491 220 45 229
96.6703 -0.829346 9.91307 220 45 229
95.8733 -0.132225 10.5886 220 45 229
144.147 13.3122 -38.8945 220 45 229
95.2651 0.20115 11.2372 220 45 229
94.646 -0.68733 11.8825 220 45 229
96.5381 -2.14622 10.0648 220 45 229
96.088 -2.09954 10.5317 220 45 229
94.876 -2.18819 11.4391 220 45 229
95.1809 -2.50409 11.1704 220 45 229
94.9551 -1.44586 11.5394 220 45 229
93.8568 -1.04953 12.5736 220 45 229
94.0777 -2.03737 12.1513 220 45 229
96.661 6.98656 8.91772 220 45 229
96.0605 7.2394 9.10607 220 45 229
97.1597 6.19678 8.85841 220 45 229
95.4002 7.22517 9.56393 220 45 229
95.0306 7.23986 9.88509 220 45 229
95.1167 6.8854 10.0178 220 45 229
96.0709 6.49322 9.40603 220 45 229
137.616 -4.3137 -32.5456 220 45 229
95.8064 5.54075 10.0779 220 45 229
95.1753 6.31093 10.2161 220 45 229
136.886 -4.34498 -31.8505 220 45 229
95.0307 5.42363 10.6701 220 45 229
93.9757 4.81655 11.5124 220 45 229
137.483 -5.90132 -32.4027 220 45 229
95.7407 3.84776 10.347 220 45 229
95.4734 4.10886 10.5368 220 45 229
95.7034 3.27813 10.4196 220 45 229
94.8988 3.47392 11.0646 220 45 229
137.184 -7.0365 -31.965 220 45 229
95.5462 2.62053 10.5675 220 45 229
140.136 -5.02437 -35.2116 220 45 229
129.953 -27.0303 -25.8213 220 45 229
98.1501 3.051 8.08034 220 45 229
147.661 16.3048 -41.9466 220 45 229
97.7453 3.05457 8.51178 220 45 229
152.729 14.2996 -47.0297 220 45 229
103.604 0.310791 2.23594 220 45 229
149.055 14.0996 -43.1923 220 45 229
93.7741 3.48786 12.0571 220 45 229
92.2112 2.72112 13.5909 220 45 229
92.9512 1.47567 13.4213 220 45 229
92.8302 2.1102 13.4383 220 45 229
92.3684 3.21014 13.0733 220 45 229
146.408 14.6853 -40.851 220 45 229
138.777 -7.22266 -33.6414 220 45 229
140.16 -9.70343 -35.195 220 45 229
152.44 10.9059 -46.7727 220 45 229
102.999 -3.61359 3.23947 220 45 229
102.426 -1.6253 3.888 220 45 229
103.878 -3.8804 2.07695 220 45 229
102.368 -4.9119 4.07628 220 45 229
94.4134 1.0275 12.1492 220 45 229
93.7166 0.731934 12.8481 220 45 229
92.043 1.11328 14.0912 220 45 229
94.0746 -0.328438 12.4684 220 45 229
93.4119 -0.363799 13.0635 220 45 229
92.3622 -0.7516 13.6832 220 45 229
93.2608 -1.19085 13.0162 220 45 229
92.1493 -1.39304 13.5997 220 45 229
144.745 9.61643 -38.9753 220 45 229
97.7395 -1.55745 8.72166 220 45 229
139.325 -10.3904 -34.5475 220 45 229
149.341 10.1564 -43.165 220 45 229
95.412 -1.14318 11.2003 220 45 229
90.6932 1.52447 14.3627 220 45 229
93.3214 0.297489 13.1895 220 45 229
91.9266 0.22918 14.0592 220 45 229
90.896 0.485275 14.5899 220 45 229
141.927 10.0739 -36.5204 220 45 229
133.931 -10.851 -29.0815 220 45 229
143.99 9.96259 -38.3615 220 45 229
136.364 -14.4222 -31.9359 220 45 229
100.333 -3.33096 6.28191 220 45 229
99.9591 -3.94509 6.54492 220 45 229
99.5707 -4.23886 6.8952 220 45 229
99.7355 -3.74768 6.76988 220 45 229
100.839 -5.47604 5.73511 220 45 229
99.5284 -6.12276 6.63693 220 45 229
100.272 -2.4525 6.40416 220 45 229
99.8311 -1.51492 6.7062 220 45 229
100.04 -2.81289 6.62355 220 45 229
99.2574 -3.45486 7.28256 220 45 229
99.8894 -3.58822 6.63933 220 45 229
96.8104 -2.67777 9.6992 220 45 229
98.811 -3.72848 7.65393 220 45 229
97.9223 -3.59163 8.49468 220 45 229
98.1964 -4.28865 7.9434 220 45 229
99.033 -4.29711 7.37282 220 45 229
98.6454 -5.03713 7.42732 220 45 229
97.3187 -4.72209 8.51137 220 45 229
97.0281 -3.29593 9.46256 220 45 229
138.37 -14.1902 -33.6134 220 45 229
96.7408 -4.59677 9.23847 220 45 229
95.2907 -3.35284 10.9738 220 45 229
136.021 -13.2157 -31.4544 220 45 229
139.596 -15.8767 -34.9738 220 45 229
100.765 -7.01957 5.33948 220 45 229
109.182 12.318 -4.57486 220 45 229
110.944 11.4779 -6.43325 220 45 229
151.145 4.38843 -45.9317 220 45 229
153.003 5.89624 -47.897 220 45 229
153.764 6.41486 -48.9345 220 45 229
152.084 5.42718 -46.8188 220 45 229
152.388 6.90908 -47.0003 220 45 229
146.686 7.63366 -40.7501 220 45 229
151.324 5.72589 -45.9474 220 45 229
147.307 6.07456 -41.6389 220 45 229
138.925 -16.4209 -34.33 220 45 229
112.329 10.0206 -7.76501 220 45 229
127.574 -33.4967 -25.0449 220 45 229
103.154 7.15373 2.40386 220 45 229
100.951 4.35895 4.83627 220 45 229
99.8808 6.70633 5.81653 220 45 229
151.537 17.7541 -45.5486 220 45 229
151.71 13.2043 -45.6253 220 45 229
154.483 12.6612 -48.9765 220 45 229
154.1 10.4889 -48.5898 220 45 229
125.669 -22.3826 -21.4511 220 45 229
125.05 -24.8218 -21.1687 220 45 229
124.695 -23.922 -20.7511 220 45 229
123.375 -23.9655 -19.4339 220 45 229
125.031 -23.7274 -21.0797 220 45 229
124.332 -25.2609 -20.4987 220 45 229
123.556 -25.5288 -19.77 220 45 229
124.627 -25.823 -20.8758 220 45 229
123.953 -26.6025 -20.3015 220 45 229
123.335 -26.2859 -19.6798 220 45 229
124.544 -27.2706 -21.0039 220 45 229
123.35 -27.6082 -19.9175 220 45 229
93.5719 4.34415 11.9323 220 45 229
122.957 -24.6434 -19.0993 220 45 229
122.934 -25.6419 -19.1529 220 45 229
122.872 -23.64 -18.9044 220 45 229
122.112 -24.4326 -18.298 220 45 229
121.361 -25.7286 -17.9241 220 45 229
131.315 -4.45813 -26.4012 220 45 229
122.339 -27.2678 -18.894 220 45 229
122.4 -26.2275 -18.677 220 45 229
122.127 -27.083 -18.6321 220 45 229
123.307 -28.1729 -19.9029 220 45 229
133.445 -5.07598 -28.4409 220 45 229
91.789 2.66554 13.6465 220 45 229
150.692 11.4913 -44.5495 220 45 229
151.336 10.09 -45.3967 220 45 229
149.659 11.1953 -43.5529 220 45 229
128.192 -31.9022 -25.1808 220 45 229
150.908 9.18135 -45.0868 220 45 229
150.143 9.53729 -44.1379 220 45 229
127.902 -34.2598 -26.0103 220 45 229
122.763 -28.956 -19.5173 220 45 229
123.57 -29.0999 -20.2356 220 45 229
122.409 -28.7746 -19.1664 220 45 229
121.9 -28.4063 -18.6759 220 45 229
122.372 -29.6343 -19.3018 220 45 229
122.699 -30.6206 -19.6736 220 45 229
132.551 -9.57376 -27.6691 220 45 229
122.656 -31.5021 -19.8144 220 45 229
142.354 11.0149 -36.8304 220 45 229
149.08 16.1264 -43.488 220 45 229
108.265 -5.99335 -2.7265 220 45 229
156.331 6.55052 -51.8794 220 45 229
107.382 -6.78516 -1.83135 220 45 229
155.99 6.17939 -51.3287 220 45 229
106.198 -7.68667 -0.4454 220 45 229
152.387 5.91454 -47.1626 220 45 229
105.754 -7.8332 0.0952069 220 45 229
104.848 -8.19876 0.963503 220 45 229
154.257 4.94654 -49.7652 220 45 229
155.583 4.41333 -50.8608 220 45 229
154.51 4.14646 -50.0771 220 45 229
141.632 -16.5074 -37.4359 220 45 229
140.932 -16.7149 -36.6631 220 45 229
151.691 7.91494 -46.154 220 45 229
150.764 6.64741 -44.993 220 45 229
152.611 5.65041 -47.4297 220 45 229
139.655 -16.5889 -35.1839 220 45 229
149.715 4.60823 -44.1273 220 45 229
137.995 -15.6824 -33.346 220 45 229
130.829 -11.5677 -26.0264 220 45 229
131.071 -12.3344 -26.3774 220 45 229
130.788 -12.9729 -26.09 220 45 229
130.378 -14.4282 -25.8336 220 45 229
131.401 -14.8872 -26.85 220 45 229
131.427 -15.1351 -26.8683 220 45 229
131.609 -15.533 -27.045 220 45 229
130.268 -15.3964 -25.7861 220 45 229
130.187 -15.6175 -25.6948 220 45 229
130.112 -16.465 -25.6824 220 45 229
129.715 -15.1546 -25.252 220 45 229
129.473 -16.2587 -24.9473 220 45 229
129.901 -16.8426 -25.5367 220 45 229
128.5 -16.7879 -23.8274 220 45 229
128.832 -15.9848 -24.3077 220 45 229
132.309 -18.3008 -28.1713 220 45 229
131.799 -16.5183 -27.3094 220 45 229
131.867 -17.5792 -27.5638 220 45 229
131.152 -16.6074 -26.7717 220 45 229
130.384 -16.4742 -25.9898 220 45 229
131.35 -17.6584 -27.1379 220 45 229
131.024 -18.5966 -26.8808 220 45 229
130.05 -17.3259 -25.7709 220 45 229
129.26 -16.8369 -24.7929 220 45 229
129.088 -17.411 -24.6641 220 45 229
130.209 -18.8531 -26.0076 220 45 229
130.284 -18.2235 -26.0657 220 45 229
128.877 -18.5841 -24.5231 220 45 229
131.236 -18.8837 -27.127 220 45 229
131.981 -20.1545 -28.0304 220 45 229
131.266 -20.0553 -27.2833 220 45 229
131.276 -21.3817 -27.3656 220 45 229
130.998 -20.9381 -27.0454 220 45 229
130.812 -21.3035 -26.8765 220 45 229
130.335 -19.057 -26.1544 220 45 229
130.89 -20.0446 -26.8758 220 45 229
129.63 -19.5214 -25.4523 220 45 229
129.345 -20.4939 -25.2741 220 45 229
130.606 -20.2122 -26.5936 220 45 229
130.293 -20.8777 -26.3124 220 45 229
130.061 -20.7694 -26.0698 220 45 229
129.664 -21.1407 -25.5959 220 45 229
128.764 -17.2642 -24.2284 220 45 229
128.092 -17.9083 -23.5276 220 45 229
128.003 -18.3054 -23.4567 220 45 229
128.525 -18.7388 -24.1126 220 45 229
127.761 -19.2528 -23.2349 220 45 229
128.889 -20.158 -24.7095 220 45 229
129.168 -20.8195 -25.1089 220 45 229
129.02 -21.3469 -24.9836 220 45 229
128.235 -21.4082 -24.0807 220 45 229
128.18 -22.2801 -24.0619 220 45 229
127.548 -21.8379 -23.3575 220 45 229
126.956 -22.7115 -22.7472 220 45 229
133.008 -23.8187 -29.5158 220 45 229
132.892 -23.9878 -29.388 220 45 229
150.461 18.9652 -44.8795 220 45 229
132.654 -24.9929 -29.0728 220 45 229
132.23 -26.1321 -28.6038 220 45 229
132.163 -21.1006 -28.2787 220 45 229
131.996 -21.7692 -28.2076 220 45 229
131.539 -22.4468 -27.7972 220 45 229
130.167 -22.3375 -26.2704 220 45 229
130.344 -22.6199 -26.4929 220 45 229
130.741 -23.382 -27.0232 220 45 229
150.136 19.3013 -44.5609 220 45 229
132.257 -24.6898 -28.6382 220 45 229
131.154 -23.0528 -27.5172 220 45 229
132.081 -25.272 -28.4002 220 45 229
131.34 -25.3763 -27.7408 220 45 229
130.688 -25.5718 -26.9967 220 45 229
129.655 -22.1885 -25.6596 220 45 229
129.577 -24.0076 -25.5635 220 45 229
129.158 -22.8044 -25.1156 220 45 229
129.06 -23.4225 -25.0028 220 45 229
128.913 -23.9253 -24.8666 220 45 229
128.071 -23.1459 -23.9951 220 45 229
127.897 -22.6665 -23.7581 220 45 229
127.188 -22.964 -22.9706 220 45 229
126.668 -23.2522 -22.5287 220 45 229
126.847 -24.7385 -22.826 220 45 229
130.091 -24.5438 -26.2796 220 45 229
129.25 -24.7608 -25.2643 220 45 229
129.312 -25.2185 -25.4469 220 45 229
129.927 -25.8304 -26.0199 220 45 229
129.187 -26.3668 -25.2308 220 45 229
128.637 -25.1282 -24.7327 220 45 229
128.303 -25.0176 -24.3867 220 45 229
127.946 -25.4536 -24.0564 220 45 229
127.195 -25.0497 -23.1854 220 45 229
127.527 -25.2137 -23.6007 220 45 229
133.201 -25.3912 -29.6653 220 45 229
133.243 -26.6345 -29.836 220 45 229
133.628 -27.5493 -30.383 220 45 229
132.974 -25.9686 -29.4504 220 45 229
131.785 -26.7261 -28.1918 220 45 229
131.511 -26.9026 -27.8611 220 45 229
102.834 2.16337 3.02413 220 45 229
134.124 -28.3382 -31.028 220 45 229
134.198 -28.7658 -31.2091 220 45 229
132.976 -28.9475 -29.8491 220 45 229
132.295 -28.6933 -28.9235 220 45 229
132.523 -29.2209 -29.4478 220 45 229
131.654 -25.7277 -28.0128 220 45 229
129.03 -27.2664 -24.8944 220 45 229
128.707 -27.0456 -24.7382 220 45 229
127.99 -27.0587 -24.1471 220 45 229
127.702 -27.2817 -23.9077 220 45 229
126.275 -24.0517 -22.2558 220 45 229
125.241 -24.4593 -21.3079 220 45 229
126.601 -24.4607 -22.601 220 45 229
126.118 -25.3189 -22.2388 220 45 229
126.444 -25.5085 -22.5684 220 45 229
125.13 -25.9659 -21.371 220 45 229
126.643 -26.4845 -22.9349 220 45 229
125.156 -27.451 -21.5375 220 45 229
127.252 -27.9433 -23.4754 220 45 229
126.923 -27.627 -23.2925 220 45 229
126.624 -26.8902 -22.9771 220 45 229
126.995 -28.3437 -23.2309 220 45 229
126.173 -27.2601 -22.5048 220 45 229
125.691 -27.4221 -22.0771 220 45 229
124.701 -27.8506 -21.1983 220 45 229
124.232 -28.0741 -20.7176 220 45 229
125.64 -28.9167 -22.1255 220 45 229
126.189 -29.6441 -22.6021 220 45 229
93.8522 2.05692 12.4145 220 45 229
125.008 -28.9869 -21.5844 220 45 229
94.1819 1.15685 12.3219 220 45 229
125.164 -29.5347 -21.745 220 45 229
124.264 -29.0326 -20.9113 220 45 229
126.671 -29.7893 -22.8786 220 45 229
135.447 -8.84521 -30.4968 220 45 229
124.845 -30.1438 -21.5623 220 45 229
124.63 -30.2283 -21.4099 220 45 229
135.365 -9.9354 -30.4751 220 45 229
124.79 -31.2605 -21.7793 220 45 229
125.469 -32.1948 -22.6846 220 45 229
124.811 -31.9265 -22.0066 220 45 229
123.556 -30.1231 -20.3269 220 45 229
123.79 -32.0071 -21.0678 220 45 229
144.468 -10.618 -40.1032 220 45 229
133.456 -31.911 -31.3569 220 45 229
133.157 -30.3065 -30.563 220 45 229
133.115 -30.0498 -30.529 220 45 229
133.101 -31.022 -30.5944 220 45 229
132.061 -30.1394 -29.3325 220 45 229
132.268 -31.5034 -30.0089 220 45 229
132.143 -31.7341 -29.7064 220 45 229
132.8 -32.0189 -30.61 220 45 229
133.981 -32.3414 -32.2077 220 45 229
144.496 -11.4651 -40.2188 220 45 229
133.603 -32.5251 -31.8406 220 45 229
134.168 -33.6835 -32.9669 220 45 229
133.488 -34.0221 -32.3246 220 45 229
131.225 -33.3963 -29.3583 220 45 229
131.423 -34.2243 -30.2505 220 45 229
141.92 -12.5437 -37.4481 220 45 229
131.086 -33.6237 -29.4352 220 45 229
130.656 -33.5084 -28.8707 220 45 229
130.085 -34.0513 -28.4578 220 45 229
152.149 8.63754 -46.7293 220 45 229
130.807 -33.9848 -29.5985 220 45 229
130.092 -34.4391 -29.5279 220 45 229
149.727 7.94416 -43.9842 220 45 229
155.508 6.24611 -50.9938 220 45 229
106.915 -7.86721 -1.349 220 45 229
106.547 -7.76312 -0.911702 220 45 229
143.138 -15.3113 -38.9088 220 45 229
144.2 -16.8256 -40.3908 220 45 229
151.426 5.3619 -46.1439 220 45 229
102.013 -7.60256 4.0596 220 45 229
150.868 5.75977 -45.3186 220 45 229
126.448 -32.7002 -23.5384 220 45 229
136.946 -12.0434 -32.1646 220 45 229
126.007 -33.1184 -23.6971 220 45 229
127.006 -33.9202 -24.9364 220 45 229
126.582 -33.1606 -23.9869 220 45 229
137.463 -12.7307 -32.8812 220 45 229
126.596 -33.7009 -24.5059 220 45 229
125.138 -33.4974 -23.569 220 45 229
136.245 -11.35 -31.5321 220 45 229
125.281 -32.7233 -22.9042 220 45 229
125.188 -32.4836 -22.6172 220 45 229
125.071 -33.5685 -23.6061 220 45 229
124.392 -33.7268 -23.4191 220 45 229
150.16 5.79448 -44.3942 220 45 229
100.245 -6.84388 5.78884 220 45 229
124.812 -34.4883 -24.3438 220 45 229
138.758 -15.7304 -34.0992 220 45 229
148.486 5.61638 -42.9837 220 45 229
123.93 -32.9767 -21.6652 220 45 229
140.652 -20.3659 -36.7446 220 45 229
145.884 2.71009 -40.9339 220 45 229
153.188 25.3607 -48.3137 220 45 229
152.435 25.8254 -47.9037 220 45 229
152.52 24.3728 -47.507 220 45 229
146.29 -15.9849 -42.3943 220 45 229
109.551 15.8671 -6.13492 220 45 229
108.916 15.5448 -5.1991 220 45 229
109.906 15.2674 -6.41615 220 45 229
144.178 -17.5524 -40.5016 220 45 229
109.616 14.7243 -5.72404 220 45 229
109.399 14.1843 -5.34639 220 45 229
109.162 15.1019 -5.36872 220 45 229
109.509 13.6095 -5.28309 220 45 229
109.84 11.9745 -5.14985 220 45 229
154.636 5.94792 -50.1932 220 45 229
156.886 3.6214 -52.5306 220 45 229
147.651 -18.1263 -43.9425 220 45 229
108.545 16.988 -5.5656 220 45 229
107.775 16.4539 -4.41212 220 45 229
104.634 -8.66238 1.0022 220 45 229
155.956 2.62497 -51.5693 220 45 229
149.114 -21.2785 -45.9038 220 45 229
108.701 13.9369 -4.45901 220 45 229
108.545 15.0507 -4.58298 220 45 229
107.321 13.7531 -2.84478 220 45 229
107.793 13.5008 -3.30055 220 45 229
107.896 13.3928 -3.36384 220 45 229
108.706 11.9521 -3.90138 220 45 229
108.277 12.2193 -3.36507 220 45 229
108.274 12.5909 -3.48404 220 45 229
107.184 12.8626 -2.49918 220 45 229
107.383 11.8127 -2.44705 220 45 229
107.599 11.7029 -2.56839 220 45 229
107.063 11.0085 -2.13407 220 45 229
107.587 15.8771 -3.6478 220 45 229
142.447 -16.9114 -38.4325 220 45 229
108.028 15.5219 -4.04382 220 45 229
106.739 15.71 -3.06345 220 45 229
108.064 14.8584 -3.9417 220 45 229
107.728 14.583 -3.4588 220 45 229
107.256 14.6209 -2.93285 220 45 229
143.673 -17.629 -39.9209 220 45 229
106.288 14.0614 -1.90655 220 45 229
106.016 14.0956 -1.72509 220 45 229
140.145 -18.7106 -35.9094 220 45 229
105.306 13.8563 -1.06205 220 45 229
149.639 3.64524 -44.5204 220 45 229
106.555 13.3373 -1.9982 220 45 229
107.007 12.104 -2.20724 220 45 229
105.992 12.8286 -1.4003 220 45 229
106.121 12.5598 -1.47775 220 45 229
106.292 11.2966 -1.44262 220 45 229
139.181 -18.4363 -34.8905 220 45 229
104.549 13.5609 -0.235866 220 45 229
148.369 2.80572 -43.5519 220 45 229
138.464 -18.6655 -34.2 220 45 229
103.607 13.5465 0.665137 220 45 229
137.064 -19.1967 -32.8903 220 45 229
102.411 13.0224 1.53003 220 45 229
137.373 -19.4959 -33.2408 220 45 229
102.869 12.8016 1.47562 220 45 229
102.195 13.1069 1.50104 220 45 229
146.364 1.68278 -41.0808 220 45 229
105.515 12.7929 -0.942476 220 45 229
104.955 12.7321 -0.352553 220 45 229
138.702 -19.9769 -34.684 220 45 229
104.327 12.1314 0.55629 220 45 229
105.404 11.6656 -0.613851 220 45 229
106.085 10.5632 -1.162 220 45 229
105.305 10.4972 -0.201712 220 45 229
104.892 11.8171 0.00474359 220 45 229
103.404 12.132 1.48464 220 45 229
104.038 11.8286 0.986508 220 45 229
103.976 10.4321 1.31464 220 45 229
102.983 11.1577 2.24454 220 45 229
104.341 10.8972 0.842017 220 45 229
102.712 11.441 2.36513 220 45 229
154.652 1.23115 -50.2697 220 45 229
144.732 -19.4043 -41.1742 220 45 229
149.57 0.736618 -44.4017 220 45 229
108.725 8.54163 -3.67392 220 45 229
138.536 -20.9257 -34.7545 220 45 229
110.371 7.21412 -5.25436 220 45 229
151.166 -2.74189 -45.9321 220 45 229
103.344 10.0964 2.07132 220 45 229
102.812 10.0523 2.70259 220 45 229
102.159 10.1556 3.33637 220 45 229
102.452 9.56091 3.09414 220 45 229
101.558 11.8969 2.85917 220 45 229
101.86 11.6368 2.80201 220 45 229
101.598 11.3021 3.185 220 45 229
101.425 9.53754 4.07507 220 45 229
99.8008 10.3734 5.36729 220 45 229
100.857 9.35347 4.60782 220 45 229
99.8891 9.99602 5.4281 220 45 229
99.0202 8.90843 6.34923 220 45 229
98.4653 8.93468 6.84403 220 45 229
146.038 1.69909 -40.6875 220 45 229
136.994 -21.3597 -33.2735 220 45 229
139.621 -24.3844 -36.3638 220 45 229
106.127 7.05135 -0.552796 220 45 229
139.313 -24.6515 -36.0749 220 45 229
105.714 6.81304 -0.11209 220 45 229
104.988 6.30016 0.590874 220 45 229
150.851 22.226 -45.5908 220 45 229
143.73 -0.760875 -37.9818 220 45 229
97.5925 8.3454 7.2596 220 45 229
131.6 -23.3433 -28.0124 220 45 229
148.822 19.6608 -43.7382 220 45 229
101.117 6.54801 4.40911 220 45 229
95.7192 8.04052 9.04427 220 45 229
142.476 -30.0881 -40.2023 220 45 229
148.664 -28.8629 -46.7534 220 45 229
148.471 -26.5573 -46.0407 220 45 229
145.213 -26.8819 -42.6356 220 45 229
145.097 -27.3596 -42.603 220 45 229
147.645 -26.6787 -45.1891 220 45 229
144.779 -30.3884 -42.7475 220 45 229
145.752 -27.1718 -43.2658 220 45 229
146.993 -32.6995 -45.9591 220 45 229
148.176 -30.2037 -46.5668 220 45 229
148.825 -29.6426 -47.0689 220 45 229
144.548 -29.1908 -42.3141 220 45 229
146.887 -27.7753 -44.5592 220 45 229
142.902 -29.9554 -40.6285 220 45 229
143.77 -29.4696 -41.4499 220 45 229
147.541 -31.3465 -46.1989 220 45 229
143.745 -28.4625 -41.2317 220 45 229
148.931 -32.7293 -47.9089 220 45 229
147.946 -25.5965 -45.0716 220 45 229
148.019 -28.9152 -46.1303 220 45 229
148.184 -33.2441 -47.3316 220 45 229
143.874 -32.9092 -42.4247 220 45 229
146.35 -30.3115 -44.5609 220 45 229
145.419 -31.4549 -43.7973 220 45 229
143.384 -26.8153 -40.5199 220 45 229
146.539 -31.6319 -45.1102 220 45 229
145.96 -32.2508 -44.6037 220 45 229
144.104 -30.892 -42.1141 220 45 229
147.628 -27.0296 -45.2259 220 45 229
147.462 -29.0485 -45.494 220 45 229
144.249 -32.5529 -42.7565 220 45 229
145.446 -32.5884 -44.1094 220 45 229
145.68 -31.5027 -44.1 220 45 229
144.356 -32.1437 -42.775 220 45 229
145.048 -33.4761 -43.8817 220 45 229
143.396 -28.1807 -40.795 220 45 229
143.66 -28.2285 -41.096 220 45 229
144.331 -27.5449 -41.6707 220 45 229
143.077 -31.4524 -41.1008 220 45 229
144.191 -26.078 -41.2682 220 45 229
143.529 -28.7322 -41.0539 220 45 229
149.423 -29.7108 -47.7695 220 45 229
145.095 -33.2384 -43.8758 220 45 229
144.518 -33.8502 -43.3789 220 45 229
146.364 -29.8545 -44.4613 220 45 229
146.113 -31.3354 -44.5469 220 45 229
148.491 -29.7856 -46.7795 220 45 229
143.633 -31.2117 -41.6686 220 45 229
148.126 -26.828 -45.7211 220 45 229
149.534 -31.5916 -48.1785 220 45 229
145.565 -30.1223 -43.6115 220 45 229
145.876 -32.0463 -44.4577 220 45 229
145.1 -31.3113 -43.4031 220 45 229
143.16 -30.6011 -41.0265 220 45 229
147.191 -33.8286 -46.5076 220 45 229
144.524 -28.4799 -42.1509 220 45 229
149.148 -30.8811 -47.6682 220 45 229
144.324 -28.0092 -41.754 220 45 229
148.834 -30.6151 -47.3942 220 45 229
144.703 -31.7585 -43.0695 220 45 229
144.686 -32.4687 -43.2265 220 45 229
148.33 -26.1047 -45.6917 220 45 229
146.083 -28.5074 -43.8263 220 45 229
148.016 -27.1798 -45.6589 220 45 229
149.67 -31.4342 -48.2602 220 45 229
143.284 -32.478 -41.6209 220 45 229
149.615 -28.7541 -47.7579 220 45 229
147.272 -25.341 -44.3084 220 45 229
149.782 -32.793 -48.6119 220 45 229
131.245 -28.7525 -27.8333 220 45 229
131.712 -31.1062 -28.9774 220 45 229
130.938 -32.6617 -28.5235 220 45 229
131.086 -29.9186 -27.9764 220 45 229
129.785 -31.9304 -27.4543 220 45 229
129.495 -31.8603 -26.9986 220 45 229
129.684 -28.5922 -25.9746 220 45 229
130.173 -27.6074 -26.3043 220 45 229
127.425 -30.4616 -23.7486 220 45 229
131.945 -29.9778 -28.7622 220 45 229
127.992 -32.6758 -25.3688 220 45 229
131.96 -32.9088 -29.6532 220 45 229
132.224 -32.4121 -29.8928 220 45 229
129.897 -30.6143 -27.1056 220 45 229
127.258 -31.6264 -23.8578 220 45 229
127.499 -31.698 -24.2866 220 45 229
127.473 -32.5036 -24.5157 220 45 229
128.839 -29.5286 -25.2386 220 45 229
129.268 -27.9443 -25.2736 220 45 229
128.349 -30.0168 -24.7968 220 45 229
129.515 -28.2059 -25.6527 220 45 229
132.186 -28.8408 -28.7897 220 45 229
130.659 -29.7438 -27.4942 220 45 229
130.147 -31.38 -27.5161 220 45 229
130.588 -29.1451 -27.2092 220 45 229
130.769 -27.4286 -27.0054 220 45 229
130.332 -30.5943 -27.4039 220 45 229
129.933 -32.6204 -27.7328 220 45 229
129.086 -32.8392 -26.762 220 45 229
130.781 -28.062 -27.2045 220 45 229
128.791 -28.6188 -24.9031 220 45 229
126.801 -31.7713 -23.2532 220 45 229
137.662 -33.0727 -36.2746 220 45 229
154.666 14.861 -49.0799 220 45 229
153.044 23.0389 -47.6411 220 45 229
152.582 21.8719 -47.0487 220 45 229
152.019 22.1124 -46.4225 220 45 229
152.833 21.2848 -47.3672 220 45 229
152.476 20.9192 -46.8791 220 45 229
152.304 18.3737 -46.3606 220 45 229
153.857 16.5453 -48.0339 220 45 229
153.397 15.3078 -47.6327 220 45 229
154.4 13.7809 -48.8545 220 45 229
154.988 12.2525 -49.4619 220 45 229
154.896 11.3534 -49.2826 220 45 229
155.274 8.62264 -50.6013 220 45 229
143.711 -32.3364 -42.0862 220 45 229
153.335 13.6495 -47.8355 220 45 229
160.075 -6.69635 -56.842 220 45 229
159.768 -7.46898 -56.5209 220 45 229
161.756 -6.91607 -58.9056 220 45 229
161.364 -7.21816 -58.4809 220 45 229
161.615 -8.20669 -58.7448 220 45 229
161.758 -8.16001 -58.9009 220 45 229
161.987 -9.26484 -59.5208 220 45 229
162.12 -9.77676 -59.756 220 45 229
162.218 -11.0374 -60.0784 220 45 229
160.537 -7.19057 -57.6004 220 45 229
160.656 -8.54584 -57.8313 220 45 229
159.649 -10.3122 -56.5401 220 45 229
161.165 -9.76091 -58.4911 220 45 229
160.705 -9.89169 -57.9122 220 45 229
160.512 -10.5586 -57.6832 220 45 229
160.597 -9.93984 -57.7689 220 45 229
161.554 -10.4243 -59.1931 220 45 229
161.691 -11.2817 -59.4663 220 45 229
160.678 -11.0843 -57.9718 220 45 229
160.218 -10.11 -57.2215 220 45 229
159.875 -11.1622 -56.9636 220 45 229
158.613 -10.2096 -55.5749 220 45 229
160.532 -12.1951 -58.0304 220 45 229
160.222 -12.0811 -57.5872 220 45 229
159.644 -12.4384 -56.9622 220 45 229
157.36 -3.2947 -53.6406 220 45 229
159.562 -3.37385 -56.4129 220 45 229
159.384 -3.54262 -56.2268 220 45 229
159.174 -4.77388 -55.8927 220 45 229
157.597 -4.00403 -53.9833 220 45 229
157.486 -4.94816 -54.0662 220 45 229
160.295 -5.58858 -57.2199 220 45 229
159.035 -5.32057 -55.6162 220 45 229
158.309 -7.16093 -54.7998 220 45 229
158.783 -5.86621 -55.2482 220 45 229
159.277 -7.87218 -55.9781 220 45 229
159.482 -8.08983 -56.2821 220 45 229
158.364 -8.24739 -54.9735 220 45 229
150.671 20.9546 -45.1222 220 45 229
150.661 20.3549 -45.0907 220 45 229
150.434 20.0264 -44.8688 220 45 229
151.904 19.0419 -46.1002 220 45 229
151.308 18.9144 -45.5786 220 45 229
149.318 18.2936 -43.8623 220 45 229
149.306 18.751 -43.8499 220 45 229
152.993 17.1269 -47.0556 220 45 229
152.773 17.9219 -46.9075 220 45 229
152.267 17.4223 -46.2732 220 45 229
153.256 16.7748 -47.3344 220 45 229
151.681 18.2845 -45.7359 220 45 229
151.53 16.8063 -45.5992 220 45 229
150.148 16.8151 -44.403 220 45 229
149.779 18.5018 -44.2607 220 45 229
150.899 16.9264 -45.1019 220 45 229
150.774 15.8123 -44.8449 220 45 229
150.219 16.5458 -44.4911 220 45 229
150.17 15.7532 -44.2812 220 45 229
149.564 16.5319 -43.925 220 45 229
149.806 17.0956 -44.069 220 45 229
152.933 16.2006 -46.8705 220 45 229
151.745 15.6092 -45.733 220 45 229
152.347 14.6367 -46.475 220 45 229
151.316 14.2641 -45.2397 220 45 229
151.608 13.9445 -45.5299 220 45 229
150.872 13.0675 -44.6943 220 45 229
151.014 15.1589 -45.0051 220 45 229
150.243 14.9598 -44.2593 220 45 229
150.653 14.9179 -44.6369 220 45 229
148.495 15.198 -42.7038 220 45 229
149.831 14.8975 -43.907 220 45 229
149.774 14.0616 -43.8078 220 45 229
149.6 13.7219 -43.582 220 45 229
150.035 13.2855 -43.9331 220 45 229
148.96 13.1577 -42.9102 220 45 229
148.515 13.9873 -42.6483 220 45 229
147.259 13.447 -41.3286 220 45 229
147.547 12.3947 -41.7348 220 45 229
148.384 16.5848 -42.8137 220 45 229
147.713 15.5559 -41.9687 220 45 229
147.989 15.7449 -42.2927 220 45 229
131.743 -27.839 -28.0408 220 45 229
129.098 -28.1853 -25.1408 220 45 229
147.512 14.6141 -41.6635 220 45 229
147.111 13.1301 -41.1824 220 45 229
145.984 12.5135 -40.0798 220 45 229
146.256 12.9896 -40.4138 220 45 229
145.829 12.1302 -39.8759 220 45 229
144.421 12.3326 -38.7669 220 45 229
143.61 12.3231 -37.9582 220 45 229
143.738 11.9606 -38.1305 220 45 229
141.289 10.7703 -35.7623 220 45 229
154.257 12.5276 -48.7823 220 45 229
153.814 12.5035 -48.3653 220 45 229
153.769 11.6222 -48.3001 220 45 229
154.364 10.2625 -48.981 220 45 229
152.434 9.75112 -46.9714 220 45 229
153.138 9.07858 -48.19 220 45 229
154.731 7.42073 -50.1482 220 45 229
153.851 8.21682 -49.1478 220 45 229
153.627 8.30888 -48.8818 220 45 229
152.682 8.94513 -47.5129 220 45 229
152.185 7.94857 -46.8475 220 45 229
152.102 7.60229 -46.7469 220 45 229
154.367 5.81417 -49.8597 220 45 229
152.922 6.72292 -47.6459 220 45 229
151.635 6.69493 -46.1855 220 45 229
151.609 5.98429 -46.3161 220 45 229
151.769 4.58882 -46.5084 220 45 229
153.228 14.3052 -47.6021 220 45 229
152.802 13.8077 -47.1762 220 45 229
152.447 13.0843 -46.733 220 45 229
153.222 13.3092 -47.704 220 45 229
153.12 12.7728 -47.5729 220 45 229
153.308 12.679 -47.802 220 45 229
151.131 13.4482 -44.9661 220 45 229
151.31 11.1968 -45.2736 220 45 229
151.546 12.518 -45.5054 220 45 229
151.11 11.9564 -45.0168 220 45 229
152.938 10.8719 -47.4393 220 45 229
151.591 11.1453 -45.572 220 45 229
151.863 10.0487 -45.9956 220 45 229
152.771 10.515 -47.2633 220 45 229
149.631 12.6325 -43.542 220 45 229
149.255 12.6495 -43.1151 220 45 229
148.822 12.4796 -42.7446 220 45 229
149.018 12.1116 -42.918 220 45 229
148.065 12.21 -42.1804 220 45 229
146.811 10.5085 -40.9007 220 45 229
147.845 10.4521 -41.8222 220 45 229
147.395 11.0791 -41.5251 220 45 229
151.117 10.0659 -45.087 220 45 229
150.073 10.0511 -43.9877 220 45 229
149.574 10.4433 -43.4129 220 45 229
150.653 8.46651 -44.9545 220 45 229
149.576 8.49205 -43.5438 220 45 229
149.996 8.74544 -44.1382 220 45 229
149.303 8.88333 -43.1815 220 45 229
148.799 9.25547 -42.6748 220 45 229
148.509 8.4854 -42.5394 220 45 229
148.527 7.84973 -42.638 220 45 229
148.914 10.2549 -42.7903 220 45 229
148.337 10.1973 -42.2712 220 45 229
151.383 8.53511 -45.7717 220 45 229
150.084 7.75619 -44.3889 220 45 229
150.693 7.80014 -44.997 220 45 229
150.849 6.43265 -45.1709 220 45 229
149.983 6.70454 -44.2233 220 45 229
150.156 6.34179 -44.3626 220 45 229
149.05 6.92032 -43.4038 220 45 229
148.313 5.75103 -42.7847 220 45 229
149.819 5.95206 -44.11 220 45 229
150.528 5.61132 -44.879 220 45 229
149.744 4.97089 -44.0776 220 45 229
150.142 4.52984 -44.61 220 45 229
146.732 11.699 -40.7558 220 45 229
147.072 10.6518 -41.1754 220 45 229
145.619 9.89648 -39.7982 220 45 229
147.59 9.14376 -41.5286 220 45 229
146.432 8.52166 -40.3287 220 45 229
146.125 8.6415 -40.1052 220 45 229
146.114 7.19212 -40.1509 220 45 229
145.568 6.81501 -39.7733 220 45 229
145.369 7.38414 -39.5762 220 45 229
145.784 11.3606 -39.831 220 45 229
145.866 10.5612 -39.9937 220 45 229
145.588 10.9671 -39.6913 220 45 229
144.794 11.4495 -39.0136 220 45 229
144.295 9.95167 -38.6156 220 45 229
144.587 11.1944 -38.8511 220 45 229
144.355 10.909 -38.6669 220 45 229
145.134 9.44342 -39.343 220 45 229
145.348 8.87179 -39.6053 220 45 229
143.795 7.94456 -38.3727 220 45 229
144.863 8.12751 -39.2229 220 45 229
145.091 7.75076 -39.4007 220 45 229
142.992 10.2042 -37.5421 220 45 229
142.73 9.42374 -37.3855 220 45 229
142.561 9.46166 -37.2525 220 45 229
142.826 10.8663 -37.367 220 45 229
142.111 10.7734 -36.5484 220 45 229
142.22 9.67274 -36.9345 220 45 229
141.52 10.0401 -36.0724 220 45 229
140.798 11.0518 -35.4682 220 45 229
140.524 10.6079 -35.1343 220 45 229
141.019 9.2194 -35.6726 220 45 229
140.327 9.44077 -34.8261 220 45 229
142.548 8.47295 -37.3019 220 45 229
142.159 8.85279 -36.9252 220 45 229
144.207 7.24565 -38.6537 220 45 229
142.151 7.64002 -37.035 220 45 229
141.445 7.39558 -36.4894 220 45 229
141.055 8.16468 -36.0004 220 45 229
140.662 7.3007 -35.728 220 45 229
140.805 6.96828 -35.9643 220 45 229
146.02 6.25364 -40.3411 220 45 229
145.203 6.4614 -39.5974 220 45 229
145.312 5.75654 -39.9531 220 45 229
146.118 5.57398 -40.7273 220 45 229
147.749 4.71347 -42.5084 220 45 229
147.081 4.39875 -41.9527 220 45 229
148.633 4.35406 -43.5502 220 45 229
148.166 4.07161 -43.1882 220 45 229
146.531 4.19579 -41.5703 220 45 229
146.304 4.33405 -41.3309 220 45 229
145.5 3.55793 -40.6014 220 45 229
146.151 3.06242 -41.3255 220 45 229
144.883 4.14225 -39.9117 220 45 229
144.69 4.03695 -39.6706 220 45 229
144.31 3.25925 -38.9383 220 45 229
144.492 3.47512 -39.2454 220 45 229
143.801 3.60055 -38.5689 220 45 229
145.162 2.67334 -39.7671 220 45 229
144.64 3.07638 -39.2432 220 45 229
144.667 1.83222 -39.014 220 45 229
144.441 2.63612 -38.8071 220 45 229
143.116 3.80665 -37.9729 220 45 229
143.257 3.30582 -37.8211 220 45 229
143.461 2.74169 -37.8252 220 45 229
143.601 1.53068 -37.9216 220 45 229
142.556 2.67488 -36.7889 220 45 229
142.376 2.65806 -36.5992 220 45 229
142.79 6.4133 -37.7727 220 45 229
143.013 5.22697 -38.1073 220 45 229
141.762 5.86154 -36.8361 220 45 229
141.634 4.91569 -36.4199 220 45 229
141.26 4.95198 -35.8947 220 45 229
142.405 4.40668 -37.3381 220 45 229
142.045 4.18647 -36.7642 220 45 229
141.91 4.9812 -36.8292 220 45 229
141.652 4.11362 -36.1904 220 45 229
142.347 3.71092 -36.9617 220 45 229
142.305 3.26669 -36.6621 220 45 229
140.003 8.72123 -34.52 220 45 229
138.772 7.78819 -33.8573 220 45 229
140.089 8.13266 -34.7952 220 45 229
139.386 7.54541 -34.3138 220 45 229
139.671 7.14568 -34.6605 220 45 229
139.448 6.00937 -34.1688 220 45 229
139.392 5.76186 -34.0061 220 45 229
138.454 5.36102 -32.8953 220 45 229
138.121 5.18602 -32.5009 220 45 229
140.305 4.707 -34.8475 220 45 229
140.708 4.66806 -35.2216 220 45 229
141.17 3.80154 -35.6933 220 45 229
141.385 3.62476 -35.8929 220 45 229
140.542 3.29051 -35.0142 220 45 229
139.635 5.23567 -34.2036 220 45 229
138.623 4.59413 -33.0608 220 45 229
139.217 3.54714 -33.7029 220 45 229
138.865 3.21139 -33.3567 220 45 229
142.171 3.07979 -36.4326 220 45 229
140.408 2.35577 -34.8428 220 45 229
140.68 2.6366 -35.15 220 45 229
141.829 1.57624 -36.1419 220 45 229
141.226 1.77415 -35.6486 220 45 229
139.495 1.36421 -34.0257 220 45 229
139.201 2.78911 -33.7021 220 45 229
137.56 4.34821 -31.9597 220 45 229
137.942 4.06198 -32.3856 220 45 229
136.626 3.36165 -31.2808 220 45 229
137.01 3.0138 -31.5929 220 45 229
138.111 2.66239 -32.5839 220 45 229
137.999 2.8527 -32.4701 220 45 229
137.33 1.03535 -31.8472 220 45 229
138.592 1.42742 -33.122 220 45 229
137.952 0.271456 -32.5244 220 45 229
136.301 1.26378 -30.9213 220 45 229
135.762 -0.627873 -30.4395 220 45 229
158.786 -12.2783 -55.8517 220 45 229
158.483 -12.5958 -55.5135 220 45 229
155.21 2.98686 -50.7603 220 45 229
154.603 3.73504 -50.1567 220 45 229
153.699 5.00371 -49.0005 220 45 229
153.813 3.25426 -49.2266 220 45 229
153.576 3.0547 -48.9081 220 45 229
153.507 2.31582 -48.817 220 45 229
152.939 4.64023 -47.7739 220 45 229
152.701 3.74593 -47.6198 220 45 229
152.922 2.41772 -48.1016 220 45 229
155.02 1.74099 -50.665 220 45 229
155.929 2.11365 -51.6117 220 45 229
154.412 1.02528 -49.9736 220 45 229
154.203 1.99881 -49.6918 220 45 229
154.289 1.3874 -49.8678 220 45 229
153.649 1.31524 -49.0636 220 45 229
153.217 1.15924 -48.5101 220 45 229
150.919 3.23242 -45.9198 220 45 229
151.877 1.92172 -47.032 220 45 229
151.689 2.65359 -46.7523 220 45 229
151.793 2.31945 -46.8862 220 45 229
150.947 1.67912 -46.1318 220 45 229
150.368 3.27862 -45.3231 220 45 229
152.624 -0.106952 -47.7142 220 45 229
152.447 1.36532 -47.7018 220 45 229
152.604 0.704199 -47.9157 220 45 229
151.323 1.13734 -46.452 220 45 229
151.695 0.894046 -46.8164 220 45 229
151.676 0.639078 -46.7534 220 45 229
151.129 0.771206 -46.1535 220 45 229
150.978 0.29848 -45.7857 220 45 229
150.115 1.46812 -45.2279 220 45 229
150.475 0.832774 -45.4815 220 45 229
151.382 0.0446704 -46.2292 220 45 229
150.331 -1.11411 -44.949 220 45 229
150.992 -0.369764 -45.7157 220 45 229
154.872 -1.67588 -50.8944 220 45 229
155.586 -2.67072 -51.6925 220 45 229
156.66 -3.18055 -52.8341 220 45 229
155.898 -3.71498 -52.1245 220 45 229
155.357 -2.95487 -51.4327 220 45 229
155.152 -2.4674 -51.1931 220 45 229
155.159 -3.31935 -51.1664 220 45 229
154.52 -3.92509 -50.2137 220 45 229
155.423 0.295347 -51.6287 220 45 229
154.983 1.22618 -50.6572 220 45 229
154.929 -0.558256 -50.9494 220 45 229
155.468 -0.218463 -51.9359 220 45 229
154.148 0.0121874 -49.7033 220 45 229
154.597 -0.484004 -50.3746 220 45 229
154.439 -1.06991 -50.2378 220 45 229
154.249 -1.45071 -49.9143 220 45 229
153.862 -1.60402 -49.2844 220 45 229
154.562 -1.79225 -50.4668 220 45 229
154.432 -3.2418 -50.0843 220 45 229
153.902 -2.74172 -49.3239 220 45 229
153.291 -1.52922 -48.4036 220 45 229
152.934 -1.12134 -47.8437 220 45 229
152.418 -1.3325 -47.2204 220 45 229
152.595 -1.986 -47.4288 220 45 229
153.302 -2.57417 -48.4427 220 45 229
152.598 -2.19257 -47.4352 220 45 229
151.244 -3.36622 -46.1556 220 45 229
150.939 -2.66299 -45.6763 220 45 229
152.371 -3.28986 -47.4081 220 45 229
151.984 -3.60981 -47.0031 220 45 229
151.106 -4.44756 -46.1475 220 45 229
151.57 -4.57896 -46.6694 220 45 229
151.587 -5.03129 -46.7657 220 45 229
147.905 -25.9952 -45.2113 220 45 229
145.519 -26.3569 -42.891 220 45 229
148.68 -26.0951 -46.0878 220 45 229
149.547 1.69764 -44.6066 220 45 229
148.626 -0.718321 -43.3036 220 45 229
149.664 -0.700453 -44.1901 220 45 229
149.388 -0.75062 -43.9383 220 45 229
149.362 -1.58448 -43.982 220 45 229
148.114 -1.32874 -42.8571 220 45 229
150.199 -2.47509 -44.8357 220 45 229
149.491 -2.93384 -44.1865 220 45 229
149.838 -3.37335 -44.58 220 45 229
148.742 -3.34374 -43.5151 220 45 229
150.948 -4.05773 -45.9446 220 45 229
150.893 -5.27884 -46.0138 220 45 229
150.275 -5.68731 -45.4116 220 45 229
149.826 -6.09124 -45.0125 220 45 229
149.815 -4.62201 -44.6443 220 45 229
149.713 -3.57515 -44.4945 220 45 229
148.826 -4.05032 -43.5844 220 45 229
147.839 -5.90255 -43.0033 220 45 229
147.669 -5.07776 -42.6177 220 45 229
146.837 -5.24428 -41.8473 220 45 229
147.144 2.73655 -42.281 220 45 229
149.022 1.87312 -44.0929 220 45 229
148.544 0.918698 -43.2426 220 45 229
146.804 2.21737 -41.7226 220 45 229
147.772 1.49921 -42.4055 220 45 229
147.413 1.2716 -41.9238 220 45 229
147.132 0.698047 -41.461 220 45 229
147.082 0.261336 -41.3846 220 45 229
146.242 0.988025 -40.6462 220 45 229
146.096 0.21066 -40.4264 220 45 229
145.703 1.10343 -40.1978 220 45 229
144.986 -0.0837508 -39.2416 220 45 229
145.244 1.47043 -39.674 220 45 229
143.311 0.0562953 -37.429 220 45 229
153.1 22.0481 -47.6442 220 45 229
145.695 -0.720647 -40.1342 220 45 229
146.695 -1.91374 -41.1824 220 45 229
146.302 -1.66583 -40.7844 220 45 229
145.111 -1.25178 -39.5212 220 45 229
145.218 -2.24538 -39.7374 220 45 229
144.93 -2.83076 -39.4554 220 45 229
144.21 -1.06897 -38.5419 220 45 229
144.344 -1.67964 -38.7831 220 45 229
146.165 -2.91327 -40.7927 220 45 229
147.251 -3.62197 -41.9434 220 45 229
145.488 -3.59714 -40.2927 220 45 229
144.818 -3.97371 -39.6612 220 45 229
143.863 -4.18292 -38.6722 220 45 229
146.287 -5.97889 -41.4833 220 45 229
145.476 -5.68866 -40.5054 220 45 229
144.693 -5.66894 -39.7894 220 45 229
145.503 -6.97258 -40.7489 220 45 229
144.864 -6.63057 -40.0269 220 45 229
157.075 -5.02197 -53.6122 220 45 229
156.912 -5.30208 -53.3936 220 45 229
155.747 -4.08554 -51.9799 220 45 229
156.936 -6.27316 -53.2547 220 45 229
156.148 -6.16879 -52.1314 220 45 229
155.493 -5.28256 -51.6035 220 45 229
157.743 -6.35292 -54.215 220 45 229
157.667 -6.7774 -54.0148 220 45 229
156.409 -7.21789 -52.5827 220 45 229
157.665 -7.93298 -54.0055 220 45 229
157.111 -7.36828 -53.3316 220 45 229
156.47 -7.60948 -52.7267 220 45 229
157.17 -8.31387 -53.5672 220 45 229
156.372 -8.56519 -52.906 220 45 229
155.803 -6.34677 -51.7903 220 45 229
156.077 -7.30951 -52.2647 220 45 229
155.071 -7.00197 -51.2048 220 45 229
154.84 -7.1986 -50.9754 220 45 229
155.186 -7.59241 -51.3609 220 45 229
155.901 -8.18335 -52.2396 220 45 229
155.043 -8.45709 -51.3157 220 45 229
154.372 -5.47337 -50.2659 220 45 229
142.816 -27.422 -39.9999 220 45 229
153.283 -6.18819 -48.8294 220 45 229
154.64 -5.68537 -50.6081 220 45 229
154.03 -6.61225 -49.9073 220 45 229
153.17 -6.95698 -48.8682 220 45 229
153.673 -8.01181 -49.7765 220 45 229
153.239 -8.31744 -49.3257 220 45 229
154.169 -9.20006 -50.4636 220 45 229
152.597 -7.49778 -48.2436 220 45 229
152.816 -8.40924 -48.7664 220 45 229
152.492 -9.68272 -48.6192 220 45 229
152.826 -5.71339 -48.2332 220 45 229
152.167 -6.08075 -47.5643 220 45 229
151.737 -6.65989 -47.1967 220 45 229
152.514 -7.23202 -48.1067 220 45 229
151.715 -8.00727 -47.4398 220 45 229
151.829 -8.23304 -47.5967 220 45 229
151.79 -9.49142 -47.739 220 45 229
158.042 -8.09586 -54.5218 220 45 229
157.994 -8.54397 -54.5839 220 45 229
157.871 -8.93938 -54.5678 220 45 229
156.982 -9.2852 -53.7266 220 45 229
157.303 -9.80598 -54.1937 220 45 229
155.498 -9.99398 -52.2235 220 45 229
156.816 -10.8109 -53.5818 220 45 229
155.986 -11.0455 -52.7178 220 45 229
156.048 -9.01297 -52.657 220 45 229
157.669 -10.5049 -54.5438 220 45 229
157.018 -10.5352 -53.8198 220 45 229
157.836 -11.6931 -54.6159 220 45 229
145.747 -33.5057 -44.6934 220 45 229
156.624 -12.2456 -53.4056 220 45 229
156.26 -12.0081 -53.0535 220 45 229
156.154 -12.7116 -53.0488 220 45 229
154.276 -9.68353 -50.6608 220 45 229
154.959 -10.0975 -51.6157 220 45 229
153.38 -10.0562 -49.7732 220 45 229
154.561 -10.7145 -51.2078 220 45 229
153.85 -11.4556 -50.3649 220 45 229
152.733 -10.0093 -48.9707 220 45 229
153.133 -10.9528 -49.5984 220 45 229
152.335 -9.32997 -48.3283 220 45 229
152.017 -10.1815 -48.0968 220 45 229
152.025 -11.1408 -48.2073 220 45 229
152.076 -11.9771 -48.2361 220 45 229
152.146 -12.1067 -48.3244 220 45 229
155.211 -12.0082 -52.0494 220 45 229
155.545 -12.2409 -52.4084 220 45 229
155.008 -12.2256 -51.832 220 45 229
154.605 -12.5263 -51.4454 220 45 229
154.403 -13.479 -51.2797 220 45 229
154.316 -12.1503 -51.1099 220 45 229
153.453 -13.626 -50.1211 220 45 229
153.703 -14.5 -50.5694 220 45 229
152.793 -13.7027 -49.1733 220 45 229
152.749 -13.5406 -49.0994 220 45 229
153.101 -14.2435 -49.715 220 45 229
150.489 -7.1606 -46.0885 220 45 229
150.063 -6.82149 -45.4919 220 45 229
148.869 -7.37415 -44.2683 220 45 229
148.203 -8.12596 -43.6672 220 45 229
148.552 -7.69967 -43.9667 220 45 229
151.004 -9.01732 -46.806 220 45 229
150.726 -8.7757 -46.4456 220 45 229
150.525 -8.74456 -46.2207 220 45 229
151.27 -9.50459 -47.1719 220 45 229
150.396 -9.89232 -46.0745 220 45 229
150.107 -10.4633 -45.8169 220 45 229
148.823 -10.553 -44.6216 220 45 229
148.348 -9.90729 -44.1451 220 45 229
146.682 -7.94741 -42.0644 220 45 229
147.635 -7.67219 -43.0498 220 45 229
146.07 -7.72534 -41.3627 220 45 229
145.241 -7.87487 -40.5691 220 45 229
145.91 -8.63406 -41.0924 220 45 229
146.698 -9.07995 -42.1401 220 45 229
144.65 -8.73735 -40.0612 220 45 229
144.794 -9.46775 -40.2658 220 45 229
147.953 -11.0404 -43.773 220 45 229
148.257 -10.5967 -44.0841 220 45 229
147.24 -8.70327 -42.6944 220 45 229
147.552 -8.81913 -43.1081 220 45 229
147.242 -12.1648 -43.0927 220 45 229
145.912 -10.1427 -41.3873 220 45 229
145.792 -10.6863 -41.3967 220 45 229
146.364 -11.048 -42.164 220 45 229
145.621 -11.2637 -41.3461 220 45 229
145.928 -11.4286 -41.7148 220 45 229
145.343 -11.3519 -41.0457 220 45 229
151.831 -11.3033 -47.9445 220 45 229
151.712 -11.6461 -47.7904 220 45 229
151.213 -12.955 -47.2335 220 45 229
152.329 -13.3657 -48.5775 220 45 229
151.998 -14.2912 -48.3174 220 45 229
150.883 -13.9494 -47.0223 220 45 229
151.162 -14.1432 -47.3662 220 45 229
151.126 -15.0232 -47.4284 220 45 229
150.158 -13.6621 -46.161 220 45 229
150.326 -15.5036 -46.6766 220 45 229
149.789 -14.4067 -45.8316 220 45 229
149.926 -11.9197 -45.8398 220 45 229
149.688 -11.9088 -45.6045 220 45 229
148.971 -11.3397 -44.7968 220 45 229
149.323 -10.7304 -45.0917 220 45 229
149.567 -12.4573 -45.561 220 45 229
149.28 -12.8209 -45.2555 220 45 229
149.787 -13.9655 -45.7944 220 45 229
148.86 -11.8853 -44.7717 220 45 229
147.744 -12.5681 -43.5634 220 45 229
148.643 -13.0949 -44.5806 220 45 229
147.907 -12.8532 -43.7709 220 45 229
146.786 -12.5226 -42.6194 220 45 229
145.743 -12.0812 -41.606 220 45 229
145.551 -12.6361 -41.465 220 45 229
146.556 -13.7701 -42.4908 220 45 229
148.787 -14.1259 -44.6471 220 45 229
147.925 -14.0415 -43.9206 220 45 229
149.246 -14.7644 -45.1817 220 45 229
148.034 -15.7292 -43.9857 220 45 229
147.51 -14.234 -43.5409 220 45 229
146.735 -14.3283 -42.7021 220 45 229
147.034 -15.0888 -43.1277 220 45 229
147.71 -16.6756 -43.8223 220 45 229
147.302 -16.148 -43.2961 220 45 229
146.952 -16.0004 -43.0158 220 45 229
146.427 -14.4815 -42.3567 220 45 229
146.003 -15.6757 -42.0992 220 45 229
142.744 -1.04042 -37.0007 220 45 229
142.433 -0.0846546 -36.5763 220 45 229
142.426 -0.881915 -36.6959 220 45 229
143.67 -2.29753 -38.1722 220 45 229
140.695 -3.1423 -35.6403 220 45 229
142.345 -3.16222 -37.0154 220 45 229
141.369 0.853377 -35.7068 220 45 229
140.51 0.466527 -35.0093 220 45 229
141.095 -0.308361 -35.3702 220 45 229
140.531 -0.0439476 -35.0132 220 45 229
139.695 -0.0595484 -34.3474 220 45 229
139.662 -0.276655 -34.2766 220 45 229
140.844 -0.865908 -35.178 220 45 229
140.265 -1.7285 -34.6954 220 45 229
140.538 -1.02649 -34.8894 220 45 229
139.726 -2.82772 -34.3226 220 45 229
138.676 -0.534162 -33.2586 220 45 229
138.152 -1.3191 -32.6581 220 45 229
138.899 -2.17154 -33.4219 220 45 229
137.943 -1.7968 -32.522 220 45 229
138.155 -0.28765 -32.6858 220 45 229
137.03 -0.490998 -31.6331 220 45 229
136.518 -1.3677 -31.2142 220 45 229
135.886 -1.90351 -30.6528 220 45 229
135.514 -1.0185 -30.2261 220 45 229
136.943 -1.61809 -31.631 220 45 229
136.998 -2.12051 -31.7213 220 45 229
138.499 -2.72993 -33.2065 220 45 229
139.645 -3.78863 -34.4369 220 45 229
139.366 -3.63611 -34.0876 220 45 229
137.6 -4.52889 -32.5601 220 45 229
137.112 -3.61174 -32.0826 220 45 229
136.489 -3.57701 -31.4391 220 45 229
143.12 -4.38906 -37.9615 220 45 229
142.833 -4.27593 -37.6411 220 45 229
142.066 -5.02949 -37.0531 220 45 229
143.453 -6.24916 -38.6894 220 45 229
141.645 -3.53874 -36.5106 220 45 229
140.089 -4.58559 -35.1473 220 45 229
140.888 -6.2335 -36.1186 220 45 229
143.737 -6.37127 -39.0059 220 45 229
144.29 -8.08065 -39.635 220 45 229
144.274 -7.12526 -39.4734 220 45 229
142.723 -6.21817 -37.8967 220 45 229
142.152 -6.35123 -37.2707 220 45 229
141.19 -7.5639 -36.2356 220 45 229
139.509 -4.74334 -34.4697 220 45 229
139.548 -5.75847 -34.5643 220 45 229
140.113 -6.60217 -35.2303 220 45 229
140.477 -7.21225 -35.5032 220 45 229
139.863 -7.25112 -34.7791 220 45 229
139.459 -7.8112 -34.3653 220 45 229
140.2 -8.62477 -35.112 220 45 229
140.01 -8.35453 -34.8698 220 45 229
138.929 -8.37076 -33.8718 220 45 229
138.862 -4.90577 -33.8566 220 45 229
139.516 -6.55666 -34.4982 220 45 229
139.17 -7.28592 -34.067 220 45 229
136.715 -4.70651 -31.6923 220 45 229
137.297 -6.11312 -32.1886 220 45 229
138.854 -7.05656 -33.7396 220 45 229
138.025 -6.54018 -32.9103 220 45 229
137.437 -7.91458 -32.1827 220 45 229
136.035 -2.51348 -30.9145 220 45 229
134.301 -2.55472 -29.2127 220 45 229
135.554 -4.16341 -30.5436 220 45 229
134.808 -3.25674 -29.8115 220 45 229
134.811 -3.53621 -29.8107 220 45 229
135.589 -4.83429 -30.5354 220 45 229
136.346 -4.80864 -31.3325 220 45 229
136.207 -4.86118 -31.1916 220 45 229
135.038 -4.7283 -29.988 220 45 229
134.004 -3.28434 -29.022 220 45 229
133.593 -3.77298 -28.6252 220 45 229
133.079 -5.26082 -28.0684 220 45 229
134.416 -5.18697 -29.3432 220 45 229
134.531 -4.48943 -29.5324 220 45 229
135.927 -6.03049 -30.7805 220 45 229
134.969 -5.50932 -29.8259 220 45 229
136.258 -6.14169 -31.13 220 45 229
135.333 -7.46605 -30.1847 220 45 229
133.793 -5.82262 -28.7855 220 45 229
133.868 -6.3836 -28.8416 220 45 229
134.209 -7.08636 -29.1889 220 45 229
136.642 -7.5321 -31.4478 220 45 229
137.237 -8.89281 -32.1315 220 45 229
136.643 -8.4367 -31.5606 220 45 229
136.794 -9.07009 -31.7588 220 45 229
137.636 -9.78426 -32.6617 220 45 229
135.594 -9.48228 -30.6747 220 45 229
135.883 -9.65005 -31.0314 220 45 229
134.547 -10.6003 -29.709 220 45 229
135.115 -8.6291 -30.1554 220 45 229
134.143 -8.94731 -29.1836 220 45 229
134.513 -9.77889 -29.578 220 45 229
133.344 -5.94772 -28.3524 220 45 229
132.0 -8.79116 -27.1206 220 45 229
133.55 -9.02895 -28.547 220 45 229
133.326 -9.74449 -28.3939 220 45 229
133.697 -9.98919 -28.7634 220 45 229
132.753 -11.4336 -28.0114 220 45 229
132.409 -9.94463 -27.5542 220 45 229
132.069 -11.4362 -27.3613 220 45 229
144.505 -12.0897 -40.3224 220 45 229
144.943 -12.3957 -40.8038 220 45 229
143.897 -13.424 -39.7913 220 45 229
146.29 -12.9551 -42.1756 220 45 229
144.701 -13.7812 -40.6109 220 45 229
144.974 -14.6537 -40.8639 220 45 229
144.254 -13.9975 -40.0552 220 45 229
144.557 -14.7023 -40.3683 220 45 229
143.734 -14.0533 -39.453 220 45 229
144.222 -14.7328 -39.8209 220 45 229
144.237 -15.3977 -40.188 220 45 229
146.003 -16.8331 -42.0942 220 45 229
145.647 -15.5391 -41.7213 220 45 229
145.192 -17.2171 -41.4549 220 45 229
145.888 -16.2953 -42.0392 220 45 229
144.886 -15.8851 -40.9909 220 45 229
142.808 -15.181 -38.5309 220 45 229
143.045 -16.0527 -38.9134 220 45 229
142.543 -15.8137 -38.3846 220 45 229
143.85 -8.25639 -39.1855 220 45 229
144.158 -8.59076 -39.5463 220 45 229
142.627 -9.42319 -38.0613 220 45 229
142.905 -8.60827 -38.2333 220 45 229
142.486 -9.16342 -37.8839 220 45 229
143.469 -10.0081 -38.9978 220 45 229
142.308 -8.2175 -37.5299 220 45 229
131.564 -31.6015 -28.9909 220 45 229
142.092 -10.2495 -37.5671 220 45 229
142.587 -11.3353 -37.9599 220 45 229
142.265 -10.4163 -37.7314 220 45 229
144.085 -11.9037 -39.8676 220 45 229
143.657 -11.4891 -39.2705 220 45 229
143.902 -12.2544 -39.6499 220 45 229
143.243 -10.4961 -38.7705 220 45 229
143.217 -11.6002 -38.717 220 45 229
142.969 -12.243 -38.4174 220 45 229
142.673 -12.2214 -38.0873 220 45 229
141.11 -10.5848 -36.4857 220 45 229
140.629 -9.10006 -35.6275 220 45 229
141.087 -9.91856 -36.3965 220 45 229
129.858 -31.4467 -27.362 220 45 229
140.493 -10.3032 -35.6649 220 45 229
138.806 -9.67451 -33.809 220 45 229
138.498 -9.57681 -33.5198 220 45 229
138.761 -10.6199 -33.9849 220 45 229
138.321 -10.328 -33.4461 220 45 229
139.912 -10.6958 -35.157 220 45 229
138.994 -11.3029 -34.349 220 45 229
138.229 -10.862 -33.4382 220 45 229
141.294 -10.6362 -36.6856 220 45 229
140.684 -11.1786 -35.9556 220 45 229
140.869 -11.7196 -36.1411 220 45 229
141.735 -13.1139 -37.3162 220 45 229
140.73 -12.7545 -36.1921 220 45 229
141.33 -13.2632 -36.8928 220 45 229
138.532 -12.189 -33.9234 220 45 229
138.98 -12.3687 -34.3364 220 45 229
138.33 -11.7276 -33.6614 220 45 229
139.731 -13.0083 -35.1032 220 45 229
139.267 -13.1787 -34.5512 220 45 229
138.876 -13.4745 -34.1056 220 45 229
143.744 -12.4943 -39.505 220 45 229
143.578 -13.5194 -39.4063 220 45 229
142.6 -13.3293 -38.1512 220 45 229
141.919 -14.0062 -37.5967 220 45 229
140.928 -14.2633 -36.5123 220 45 229
142.154 -14.6014 -37.8846 220 45 229
141.372 -14.8492 -37.096 220 45 229
141.43 -15.9243 -37.1969 220 45 229
140.115 -14.19 -35.5085 220 45 229
140.529 -14.58 -36.1061 220 45 229
140.024 -14.7462 -35.3643 220 45 229
140.496 -15.2131 -36.0965 220 45 229
140.448 -15.574 -36.0508 220 45 229
139.753 -15.6037 -35.1507 220 45 229
139.376 -14.652 -34.514 220 45 229
142.081 -16.3227 -37.9883 220 45 229
141.705 -17.0514 -37.5777 220 45 229
141.418 -18.0094 -37.3202 220 45 229
140.662 -16.964 -36.3562 220 45 229
140.187 -17.4849 -35.8703 220 45 229
139.748 -17.2952 -35.4184 220 45 229
141.102 -18.3174 -36.9613 220 45 229
155.72 1.0639 -51.7289 220 45 229
137.543 -11.2115 -32.5594 220 45 229
137.023 -12.7104 -32.3879 220 45 229
137.452 -14.8775 -32.8569 220 45 229
135.929 -14.9868 -31.6636 220 45 229
137.046 -9.49713 -32.0103 220 45 229
136.208 -10.3184 -31.3829 220 45 229
136.784 -11.1342 -31.8815 220 45 229
135.59 -10.4936 -30.8589 220 45 229
134.988 -10.5046 -30.2088 220 45 229
134.845 -10.7411 -30.0756 220 45 229
136.047 -12.6173 -31.443 220 45 229
136.383 -12.2903 -31.6916 220 45 229
135.111 -12.2308 -30.5252 220 45 229
136.248 -12.8922 -31.658 220 45 229
136.23 -13.7741 -31.713 220 45 229
135.714 -13.9465 -31.2405 220 45 229
134.867 -14.8384 -30.5707 220 45 229
134.05 -11.7574 -29.3529 220 45 229
134.15 -11.9356 -29.5057 220 45 229
133.828 -12.7462 -29.2148 220 45 229
133.88 -11.4148 -29.1038 220 45 229
132.724 -11.7531 -28.0254 220 45 229
133.278 -12.2557 -28.6382 220 45 229
133.302 -12.9578 -28.6692 220 45 229
133.175 -13.5923 -28.5966 220 45 229
131.624 -12.2748 -26.9425 220 45 229
131.311 -11.5906 -26.5653 220 45 229
131.816 -12.5551 -27.113 220 45 229
132.392 -12.8431 -27.7084 220 45 229
131.321 -13.9689 -26.7176 220 45 229
134.267 -14.0007 -29.744 220 45 229
134.156 -13.4565 -29.5261 220 45 229
133.666 -15.3383 -29.1838 220 45 229
133.242 -14.9009 -28.7514 220 45 229
132.377 -15.9136 -27.7935 220 45 229
132.615 -13.826 -28.0446 220 45 229
132.002 -14.3002 -27.4083 220 45 229
132.071 -14.8563 -27.4887 220 45 229
138.254 -16.3277 -33.6729 220 45 229
136.08 -15.4894 -31.82 220 45 229
137.148 -15.9821 -32.5661 220 45 229
136.646 -16.2575 -32.2075 220 45 229
138.302 -18.3426 -33.9735 220 45 229
138.261 -18.4327 -33.9492 220 45 229
139.043 -18.6023 -34.7691 220 45 229
137.79 -17.4912 -33.3467 220 45 229
137.384 -17.3178 -32.9223 220 45 229
136.872 -17.3429 -32.491 220 45 229
135.827 -18.2433 -31.7221 220 45 229
137.882 -18.5607 -33.6457 220 45 229
136.187 -18.8767 -32.1075 220 45 229
134.826 -19.0336 -30.7381 220 45 229
134.908 -19.6061 -30.8956 220 45 229
134.685 -19.4061 -30.6278 220 45 229
135.29 -15.2141 -31.0467 220 45 229
134.421 -15.9369 -30.0915 220 45 229
135.154 -16.0677 -30.8576 220 45 229
135.154 -16.1568 -30.8673 220 45 229
133.991 -16.418 -29.6845 220 45 229
135.123 -17.453 -30.9183 220 45 229
134.832 -16.3473 -30.515 220 45 229
133.538 -16.0485 -29.1131 220 45 229
133.689 -16.8053 -29.4319 220 45 229
132.633 -16.5468 -28.153 220 45 229
133.343 -17.2793 -29.1459 220 45 229
133.326 -17.6671 -29.1638 220 45 229
134.744 -18.408 -30.5827 220 45 229
134.157 -18.1868 -29.9334 220 45 229
133.521 -19.0112 -29.4743 220 45 229
132.9 -18.5022 -28.7886 220 45 229
133.505 -19.7112 -29.529 220 45 229
143.11 0.595174 -37.1593 220 45 229
132.649 -20.4989 -28.773 220 45 229
131.9 -10.496 -26.9843 220 45 229
161.911 -12.9765 -59.8505 220 45 229
162.844 -14.7851 -61.2371 220 45 229
160.96 -11.9593 -58.5378 220 45 229
161.538 -12.1024 -59.3216 220 45 229
161.118 -13.4877 -58.8475 220 45 229
160.663 -12.3034 -58.2113 220 45 229
160.05 -13.0109 -57.5317 220 45 229
160.854 -14.5666 -58.6164 220 45 229
162.028 -14.2369 -60.0884 220 45 229
161.099 -14.4565 -58.9405 220 45 229
160.638 -15.708 -58.5846 220 45 229
159.842 -15.0657 -57.4636 220 45 229
160.177 -16.6403 -58.2029 220 45 229
163.909 -19.585 -63.3449 220 45 229
163.539 -19.0989 -62.6126 220 45 229
163.222 -19.5586 -62.2931 220 45 229
162.935 -19.4098 -61.8581 220 45 229
162.941 -18.6345 -61.6379 220 45 229
163.529 -20.051 -62.7827 220 45 229
163.04 -19.8384 -62.0881 220 45 229
162.301 -20.2203 -61.1808 220 45 229
162.256 -20.0995 -61.1015 220 45 229
161.831 -20.5807 -60.6576 220 45 229
161.625 -15.8961 -59.8613 220 45 229
162.683 -18.0009 -61.1402 220 45 229
161.771 -17.5847 -60.2474 220 45 229
162.24 -17.7554 -60.7536 220 45 229
160.537 -17.0134 -58.683 220 45 229
160.193 -17.7161 -58.2001 220 45 229
160.652 -19.635 -59.0558 220 45 229
160.752 -19.6856 -59.178 220 45 229
160.44 -21.144 -58.961 220 45 229
140.379 6.03957 -35.4409 220 45 229
144.434 5.23343 -39.2256 220 45 229
140.806 3.86659 -35.3095 220 45 229
144.04 0.00703462 -38.3157 220 45 229
143.949 -0.597382 -38.2225 220 45 229
143.689 2.04859 -38.0537 220 45 229
164.17 -20.3667 -64.0059 220 45 229
164.236 -20.7704 -64.1846 220 45 229
164.569 -21.4664 -64.6879 220 45 229
163.621 -21.1671 -63.1968 220 45 229
164.623 -23.6665 -64.9933 220 45 229
137.296 4.89335 -31.6824 220 45 229
164.521 -24.3891 -64.8747 220 45 229
164.235 -22.393 -64.1922 220 45 229
164.096 -23.4054 -64.0329 220 45 229
164.224 -24.2103 -64.3166 220 45 229
163.289 -20.5823 -62.567 220 45 229
162.958 -22.0874 -62.4457 220 45 229
161.61 -22.5397 -60.8431 220 45 229
163.642 -24.4223 -63.5385 220 45 229
163.331 -23.8981 -63.1216 220 45 229
162.942 -23.4449 -62.5786 220 45 229
162.337 -23.608 -61.764 220 45 229
161.073 -23.4751 -60.3212 220 45 229
162.317 -24.9078 -61.9212 220 45 229
162.04 -24.7402 -61.5914 220 45 229
161.493 -21.5657 -60.456 220 45 229
160.902 -21.5382 -59.6392 220 45 229
163.995 -25.0699 -64.044 220 45 229
141.048 0.74991 -35.4879 220 45 229
164.126 -25.9875 -64.3424 220 45 229
163.534 -26.6624 -63.8183 220 45 229
163.912 -25.5233 -63.9773 220 45 229
163.28 -25.7152 -63.2067 220 45 229
162.761 -27.0645 -62.9327 220 45 229
161.41 -26.6765 -60.9765 220 45 229
162.42 -26.4103 -62.2934 220 45 229
162.359 -27.3504 -62.4641 220 45 229
164.076 -27.6987 -64.3961 220 45 229
162.858 -27.8089 -63.2515 220 45 229
135.809 0.703247 -30.472 220 45 229
162.998 -28.4835 -63.6251 220 45 229
136.039 -0.105637 -30.6911 220 45 229
163.26 -29.0285 -64.1108 220 45 229
162.922 -28.6761 -63.5772 220 45 229
162.829 -29.602 -63.5531 220 45 229
162.104 -28.6383 -62.415 220 45 229
161.352 -28.1536 -61.1116 220 45 229
161.86 -28.7877 -62.0434 220 45 229
162.369 -29.2888 -63.0305 220 45 229
162.292 -29.3196 -62.911 220 45 229
142.601 11.3732 -37.0455 220 45 229
142.043 11.2418 -36.4388 220 45 229
143.453 9.57685 -37.936 220 45 229
142.825 7.44712 -37.6659 220 45 229
132.85 -19.9572 -28.9847 220 45 229
152.186 19.84 -46.5308 220 45 229
134.569 -1.21923 -29.3406 220 45 229
136.693 -3.00732 -31.6275 220 45 229
158.557 -13.4939 -55.8613 220 45 229
157.956 -13.3131 -55.007 220 45 229
158.974 -13.6451 -56.3435 220 45 229
157.489 -13.946 -54.7371 220 45 229
157.434 -14.6377 -54.8982 220 45 229
159.189 -14.782 -56.6633 220 45 229
158.102 -16.5067 -55.7465 220 45 229
159.681 -16.4481 -57.5438 220 45 229
159.015 -16.3984 -56.747 220 45 229
157.589 -16.2116 -55.218 220 45 229
157.59 -17.7366 -55.3596 220 45 229
159.396 -17.5059 -57.3301 220 45 229
159.238 -18.514 -57.3091 220 45 229
158.957 -17.8971 -56.9168 220 45 229
158.137 -17.6557 -55.9646 220 45 229
158.96 -18.9513 -57.0268 220 45 229
158.537 -18.2573 -56.4591 220 45 229
158.861 -19.3431 -56.946 220 45 229
157.743 -18.6835 -55.667 220 45 229
157.816 -19.7795 -55.7894 220 45 229
157.122 -19.666 -55.0837 220 45 229
159.583 -20.5739 -57.9451 220 45 229
159.182 -19.7561 -57.3774 220 45 229
159.764 -20.6847 -58.1653 220 45 229
159.806 -21.8172 -58.2554 220 45 229
159.242 -21.8457 -57.6334 220 45 229
158.699 -22.1313 -57.0625 220 45 229
157.858 -21.1714 -56.1271 220 45 229
157.47 -21.9319 -55.6904 220 45 229
155.723 -18.5153 -53.2997 220 45 229
156.481 -18.6643 -54.2431 220 45 229
155.944 -19.0893 -53.6675 220 45 229
156.692 -19.9022 -54.649 220 45 229
156.233 -19.8278 -54.0994 220 45 229
155.975 -20.2635 -53.9002 220 45 229
155.269 -20.7213 -53.1089 220 45 229
155.166 -20.1855 -52.9474 220 45 229
156.619 -20.8089 -54.6862 220 45 229
155.775 -21.3563 -53.7348 220 45 229
156.845 -21.3999 -55.0018 220 45 229
157.039 -22.4778 -55.2511 220 45 229
155.286 -22.0695 -53.2221 220 45 229
155.002 -22.17 -52.9305 220 45 229
155.405 -22.8453 -53.5569 220 45 229
154.597 -22.1109 -52.4933 220 45 229
154.076 -22.6438 -52.0459 220 45 229
159.166 -23.596 -57.8321 220 45 229
160.295 -24.3477 -59.2965 220 45 229
159.548 -24.3512 -58.3861 220 45 229
159.807 -26.1855 -59.0165 220 45 229
160.104 -25.3706 -59.2091 220 45 229
158.912 -25.2942 -57.8942 220 45 229
158.196 -25.079 -56.9475 220 45 229
158.647 -25.8292 -57.6406 220 45 229
157.74 -27.1353 -56.9675 220 45 229
157.884 -25.8899 -56.8573 220 45 229
157.346 -22.7667 -55.7073 220 45 229
156.687 -22.9402 -55.0016 220 45 229
155.819 -23.81 -54.3111 220 45 229
156.34 -24.1281 -54.9417 220 45 229
155.365 -23.5375 -53.7075 220 45 229
157.57 -25.539 -56.4485 220 45 229
156.59 -25.394 -55.3739 220 45 229
157.795 -25.6615 -56.7072 220 45 229
157.17 -26.7347 -56.2807 220 45 229
156.472 -25.2363 -55.1972 220 45 229
154.97 -25.5983 -53.6268 220 45 229
155.917 -28.4557 -55.2701 220 45 229
160.914 -25.9534 -60.3706 220 45 229
160.459 -27.4719 -59.9368 220 45 229
160.173 -26.5845 -59.4728 220 45 229
160.683 -27.5206 -60.2349 220 45 229
160.258 -27.4279 -59.6709 220 45 229
159.696 -27.4577 -59.0511 220 45 229
160.745 -28.1861 -60.3269 220 45 229
160.84 -29.848 -61.0105 220 45 229
159.999 -30.1961 -60.2093 220 45 229
159.505 -29.4192 -59.3944 220 45 229
159.236 -30.1877 -59.2734 220 45 229
159.619 -30.6341 -59.9373 220 45 229
158.693 -30.388 -58.7731 220 45 229
158.918 -27.891 -58.4076 220 45 229
158.745 -26.724 -57.9247 220 45 229
158.149 -28.0195 -57.6739 220 45 229
158.182 -28.5758 -57.8166 220 45 229
156.618 -27.7617 -55.8929 220 45 229
156.439 -28.9113 -55.9288 220 45 229
156.729 -29.1101 -56.3153 220 45 229
157.358 -29.7647 -57.1183 220 45 229
156.111 -29.1061 -55.6287 220 45 229
155.142 -28.3535 -54.352 220 45 229
155.077 -28.6596 -54.3503 220 45 229
157.773 -29.6055 -57.536 220 45 229
156.719 -29.9583 -56.4963 220 45 229
157.923 -30.3499 -57.816 220 45 229
157.922 -30.4944 -57.8667 220 45 229
157.201 -31.1888 -57.3649 220 45 229
155.244 -30.4789 -54.9333 220 45 229
155.607 -30.593 -55.4063 220 45 229
156.194 -31.1616 -56.1714 220 45 229
155.096 -32.1836 -55.1433 220 45 229
153.665 -24.1008 -51.7956 220 45 229
153.517 -24.7803 -51.8144 220 45 229
154.155 -25.9429 -52.6918 220 45 229
154.016 -25.2047 -52.4582 220 45 229
152.863 -26.1474 -51.2507 220 45 229
154.596 -26.3612 -53.2907 220 45 229
154.477 -27.0791 -53.308 220 45 229
154.053 -28.2029 -53.0655 220 45 229
153.671 -26.9262 -52.3187 220 45 229
153.393 -28.6052 -52.3369 220 45 229
153.1 -27.9893 -51.8883 220 45 229
153.666 -29.2073 -52.7912 220 45 229
153.849 -28.4466 -52.8299 220 45 229
154.1 -29.7271 -53.3763 220 45 229
153.732 -30.011 -53.0139 220 45 229
152.939 -28.8259 -51.801 220 45 229
152.583 -29.7876 -51.5733 220 45 229
152.431 -28.6736 -51.1761 220 45 229
151.898 -29.572 -50.7741 220 45 229
151.519 -28.9857 -50.2787 220 45 229
153.006 -29.8211 -52.1214 220 45 229
152.457 -30.3364 -51.5004 220 45 229
152.543 -30.4819 -51.662 220 45 229
155.087 -31.4148 -54.9549 220 45 229
154.583 -32.3311 -54.3821 220 45 229
154.917 -29.8613 -54.4005 220 45 229
154.755 -30.3558 -54.2843 220 45 229
154.257 -31.4412 -53.8705 220 45 229
153.481 -31.8211 -53.1226 220 45 229
152.518 -31.5115 -51.8859 220 45 229
151.963 -31.7055 -51.2019 220 45 229
152.097 -32.1679 -51.4496 220 45 229
152.835 -31.9999 -52.4589 220 45 229
152.294 -32.412 -51.8103 220 45 229
151.659 -31.0679 -50.7606 220 45 229
151.336 -30.4114 -50.273 220 45 229
151.227 -31.0212 -50.2808 220 45 229
150.984 -32.1555 -50.1771 220 45 229
151.326 -33.137 -50.8674 220 45 229
151.064 -33.0096 -50.5518 220 45 229
157.223 -13.3859 -54.2405 220 45 229
156.864 -13.5559 -53.9188 220 45 229
156.35 -13.3472 -53.3237 220 45 229
155.805 -14.3768 -52.9387 220 45 229
156.766 -15.2711 -54.2286 220 45 229
154.571 -13.6594 -51.4915 220 45 229
154.143 -14.31 -51.0766 220 45 229
154.849 -14.9644 -51.9593 220 45 229
155.627 -15.0513 -52.8606 220 45 229
153.596 -15.0542 -50.4309 220 45 229
155.508 -16.7762 -52.8375 220 45 229
155.558 -17.227 -52.9732 220 45 229
155.282 -16.0122 -52.5529 220 45 229
155.166 -17.344 -52.4714 220 45 229
155.034 -18.1418 -52.41 220 45 229
153.93 -17.138 -51.0825 220 45 229
154.149 -18.4563 -51.4308 220 45 229
155.448 -19.8078 -53.2112 220 45 229
154.667 -19.0884 -52.1761 220 45 229
154.832 -19.7554 -52.506 220 45 229
153.72 -18.9021 -50.9786 220 45 229
153.773 -19.5027 -51.1098 220 45 229
153.707 -19.9035 -51.0343 220 45 229
154.484 -20.0074 -52.0946 220 45 229
154.955 -20.0853 -52.6803 220 45 229
153.477 -21.0428 -51.1092 220 45 229
154.225 -21.0442 -51.9313 220 45 229
153.981 -21.9958 -51.7937 220 45 229
152.419 -14.6517 -48.8835 220 45 229
152.08 -15.1065 -48.531 220 45 229
152.569 -16.3015 -49.3484 220 45 229
151.79 -16.6978 -48.38 220 45 229
150.752 -16.3575 -47.1694 220 45 229
150.883 -16.1807 -47.3305 220 45 229
150.94 -17.0065 -47.39 220 45 229
149.927 -17.0165 -46.321 220 45 229
150.266 -17.4739 -46.6399 220 45 229
152.781 -17.4898 -49.8358 220 45 229
152.528 -18.8094 -49.6106 220 45 229
152.924 -18.5468 -50.056 220 45 229
152.785 -19.1429 -49.9031 220 45 229
152.094 -19.1374 -49.1288 220 45 229
151.929 -19.5869 -48.9729 220 45 229
151.759 -19.3361 -48.7438 220 45 229
151.689 -18.2747 -48.4539 220 45 229
151.054 -18.1503 -47.6693 220 45 229
150.625 -18.6305 -47.2931 220 45 229
151.24 -19.0987 -48.1288 220 45 229
151.008 -19.7598 -48.0141 220 45 229
149.486 -17.5117 -45.7958 220 45 229
149.54 -18.3245 -45.9186 220 45 229
148.928 -18.0779 -45.2412 220 45 229
150.331 -20.0728 -47.1838 220 45 229
149.645 -20.2661 -46.286 220 45 229
149.149 -19.8545 -45.6114 220 45 229
148.244 -18.7465 -44.5931 220 45 229
148.332 -19.5431 -44.7772 220 45 229
147.73 -20.2323 -44.2371 220 45 229
149.036 -16.3605 -45.2619 220 45 229
148.59 -17.0956 -44.8213 220 45 229
148.472 -16.6897 -44.6747 220 45 229
146.976 -17.4221 -43.2213 220 45 229
147.968 -17.7608 -44.1508 220 45 229
146.574 -17.5419 -42.805 220 45 229
146.852 -16.6516 -42.9075 220 45 229
147.531 -17.8327 -43.7791 220 45 229
147.387 -18.9683 -43.8466 220 45 229
147.134 -18.8835 -43.5229 220 45 229
147.415 -20.3637 -43.931 220 45 229
153.214 -19.8775 -50.5274 220 45 229
152.234 -20.7995 -49.6408 220 45 229
151.569 -21.1434 -48.9011 220 45 229
151.363 -21.1215 -48.6062 220 45 229
151.066 -21.5625 -48.3501 220 45 229
150.713 -21.1132 -47.6535 220 45 229
150.716 -21.7738 -47.9814 220 45 229
153.565 -21.4487 -51.2784 220 45 229
152.76 -23.2055 -50.6672 220 45 229
151.744 -22.3241 -49.4953 220 45 229
151.307 -22.4313 -49.0298 220 45 229
151.594 -23.8589 -49.5397 220 45 229
149.726 -20.9058 -46.4878 220 45 229
149.999 -21.4492 -46.9254 220 45 229
149.271 -22.3052 -46.1885 220 45 229
147.698 -22.1413 -44.534 220 45 229
148.565 -22.4913 -45.4206 220 45 229
150.522 -24.5072 -48.2909 220 45 229
150.335 -24.4444 -48.0229 220 45 229
149.916 -22.7737 -47.2441 220 45 229
150.226 -23.388 -47.9165 220 45 229
149.385 -23.9785 -46.7563 220 45 229
147.783 -23.5861 -44.8026 220 45 229
148.181 -24.5025 -45.4485 220 45 229
148.148 -25.1107 -45.4623 220 45 229
148.493 -25.4756 -45.8234 220 45 229
147.612 -24.6155 -44.7561 220 45 229
153.489 -23.8689 -51.5619 220 45 229
153.267 -24.2322 -51.4133 220 45 229
152.976 -24.0999 -51.0344 220 45 229
153.015 -25.1805 -51.34 220 45 229
152.506 -25.7552 -50.7757 220 45 229
152.023 -26.0413 -50.2304 220 45 229
151.593 -27.0373 -49.9961 220 45 229
151.539 -26.7218 -49.8497 220 45 229
152.399 -27.8936 -51.0042 220 45 229
151.686 -28.4613 -50.3643 220 45 229
150.153 -25.7031 -48.0664 220 45 229
149.501 -25.1406 -47.1279 220 45 229
151.47 -25.8451 -49.5671 220 45 229
149.978 -26.5307 -48.0646 220 45 229
150.405 -26.4977 -48.5686 220 45 229
149.607 -26.1602 -47.4625 220 45 229
149.045 -26.7464 -46.7345 220 45 229
149.07 -25.4348 -46.6043 220 45 229
151.368 -28.0859 -49.9142 220 45 229
150.333 -27.5294 -48.731 220 45 229
150.499 -27.1427 -48.8123 220 45 229
149.797 -27.0584 -47.9997 220 45 229
151.248 -28.8731 -49.8438 220 45 229
150.478 -28.9507 -48.8791 220 45 229
150.602 -29.2547 -49.0388 220 45 229
149.506 -27.5318 -47.4635 220 45 229
149.552 -27.9499 -47.8417 220 45 229
149.651 -28.902 -48.1373 220 45 229
151.268 -29.3526 -50.0256 220 45 229
150.97 -29.5642 -49.5502 220 45 229
150.573 -29.9788 -49.1117 220 45 229
151.084 -30.462 -49.9703 220 45 229
150.341 -30.8604 -49.0153 220 45 229
150.573 -31.8461 -49.5264 220 45 229
150.086 -32.1199 -48.979 220 45 229
146.937 -18.3072 -43.2331 220 45 229
146.17 -18.2445 -42.4011 220 45 229
145.384 -18.7117 -41.7001 220 45 229
145.034 -18.3283 -41.3862 220 45 229
144.366 -17.5053 -40.6918 220 45 229
142.803 -18.4706 -39.003 220 45 229
146.356 -19.8055 -42.7946 220 45 229
146.782 -19.8356 -43.2954 220 45 229
146.914 -20.9008 -43.4814 220 45 229
146.354 -20.0378 -42.8529 220 45 229
145.43 -20.6903 -41.9895 220 45 229
145.155 -20.4902 -41.6567 220 45 229
143.764 -20.8614 -40.3773 220 45 229
142.274 -19.4858 -38.4902 220 45 229
142.453 -19.6817 -38.7441 220 45 229
142.103 -19.9486 -38.3474 220 45 229
141.229 -20.0813 -37.3964 220 45 229
142.376 -20.2505 -38.6991 220 45 229
142.408 -20.6905 -38.7435 220 45 229
143.08 -21.6276 -39.6639 220 45 229
143.126 -22.4157 -39.7824 220 45 229
142.666 -22.5851 -39.2932 220 45 229
141.425 -20.9621 -37.7002 220 45 229
141.696 -21.3059 -38.0836 220 45 229
140.418 -21.896 -36.7686 220 45 229
141.044 -22.4426 -37.5027 220 45 229
150.972 -1.93189 -45.6127 220 45 229
140.155 -23.1209 -36.8332 220 45 229
147.432 -23.4231 -44.4047 220 45 229
147.189 -23.8595 -44.2998 220 45 229
146.733 -24.6249 -43.8264 220 45 229
146.981 -21.2092 -43.5604 220 45 229
146.216 -22.0094 -42.9482 220 45 229
146.133 -23.2048 -43.0587 220 45 229
146.444 -22.9245 -43.3036 220 45 229
145.041 -22.4138 -41.8543 220 45 229
145.246 -25.3009 -42.3579 220 45 229
144.99 -25.0185 -42.0561 220 45 229
144.552 -24.2883 -41.4181 220 45 229
143.918 -23.1735 -40.6915 220 45 229
144.131 -23.77 -40.9307 220 45 229
143.092 -24.4237 -39.9504 220 45 229
143.296 -24.7494 -40.1887 220 45 229
142.531 -23.4546 -39.2926 220 45 229
152.861 -4.153 -48.0895 220 45 229
142.329 -25.1841 -39.2782 220 45 229
142.158 -23.3998 -38.8449 220 45 229
141.347 -23.2672 -37.9934 220 45 229
141.812 -24.7445 -38.7022 220 45 229
144.116 -25.2411 -41.1178 220 45 229
143.084 -25.2647 -40.0387 220 45 229
143.379 -25.5334 -40.3698 220 45 229
142.557 -26.1218 -39.5685 220 45 229
142.297 -26.3027 -39.3105 220 45 229
142.242 -26.8567 -39.3048 220 45 229
141.702 -25.8623 -38.7221 220 45 229
141.636 -25.3755 -38.621 220 45 229
141.97 -26.4416 -39.0021 220 45 229
140.459 -26.3071 -37.4987 220 45 229
141.785 -26.5112 -38.8477 220 45 229
155.795 -0.0320505 -52.4014 220 45 229
140.699 -18.9216 -36.6195 220 45 229
140.146 -18.2474 -35.8336 220 45 229
140.997 -19.349 -37.0444 220 45 229
140.752 -20.0158 -36.8894 220 45 229
140.209 -20.7223 -36.2914 220 45 229
140.304 -21.3242 -36.5333 220 45 229
155.74 -1.71476 -51.8844 220 45 229
158.201 -4.16832 -54.6087 220 45 229
140.011 -22.7 -36.5893 220 45 229
139.995 -23.465 -36.715 220 45 229
140.281 -24.5894 -37.1126 220 45 229
140.279 -25.7674 -37.2448 220 45 229
139.793 -25.7335 -36.8116 220 45 229
151.091 -4.97793 -46.1735 220 45 229
140.504 -26.4566 -37.5661 220 45 229
140.299 -26.6166 -37.3724 220 45 229
139.636 -26.383 -36.7407 220 45 229
139.438 -27.6024 -36.6705 220 45 229
139.582 -27.6848 -36.827 220 45 229
140.122 -19.7196 -36.1352 220 45 229
139.34 -19.6489 -35.1851 220 45 229
139.162 -19.2409 -34.904 220 45 229
138.187 -19.6169 -34.1558 220 45 229
139.832 -20.6915 -35.9246 220 45 229
139.548 -20.398 -35.6087 220 45 229
139.355 -20.2217 -35.3935 220 45 229
137.731 -19.5863 -33.6756 220 45 229
136.726 -19.9814 -32.6665 220 45 229
137.241 -20.7589 -33.3982 220 45 229
147.189 -0.567254 -41.5533 220 45 229
136.659 -21.5514 -32.8996 220 45 229
138.663 -20.9157 -34.8684 220 45 229
139.275 -21.9575 -35.6871 220 45 229
138.895 -23.0657 -35.5685 220 45 229
139.422 -22.4409 -35.9577 220 45 229
138.024 -21.4528 -34.3156 220 45 229
138.301 -24.0463 -35.0626 220 45 229
137.991 -23.1141 -34.5759 220 45 229
136.973 -23.3568 -33.5003 220 45 229
135.781 -20.797 -31.9283 220 45 229
135.492 -19.7817 -31.538 220 45 229
133.964 -19.8852 -30.019 220 45 229
136.885 -21.9958 -33.1928 220 45 229
134.816 -21.3258 -31.0427 220 45 229
145.142 -0.385088 -39.4368 220 45 229
134.42 -21.5075 -30.6831 220 45 229
133.745 -20.8784 -29.8926 220 45 229
133.572 -21.7136 -29.9139 220 45 229
133.679 -21.9001 -30.0531 220 45 229
136.571 -24.0296 -33.1024 220 45 229
135.411 -22.9305 -31.7863 220 45 229
145.579 -1.43524 -40.1039 220 45 229
135.229 -22.6116 -31.5885 220 45 229
134.092 -22.0377 -30.4605 220 45 229
143.963 -2.15538 -38.4602 220 45 229
133.226 -23.0207 -29.6842 220 45 229
133.547 -23.4959 -30.0392 220 45 229
135.163 -24.0063 -31.5679 220 45 229
134.884 -23.9157 -31.28 220 45 229
133.754 -24.0828 -30.2866 220 45 229
133.4 -24.8955 -29.854 220 45 229
133.167 -20.8588 -29.2982 220 45 229
139.174 -24.2942 -35.9276 220 45 229
148.281 -4.17556 -43.0173 220 45 229
137.703 -24.9571 -34.5078 220 45 229
137.411 -24.3428 -34.1328 220 45 229
138.446 -25.5293 -35.2709 220 45 229
139.09 -26.2828 -36.1049 220 45 229
138.303 -26.7451 -35.2858 220 45 229
137.899 -27.354 -34.9938 220 45 229
137.217 -25.1162 -33.9708 220 45 229
136.67 -24.6129 -33.2474 220 45 229
135.683 -25.3312 -32.2974 220 45 229
135.805 -24.9788 -32.383 220 45 229
137.481 -26.5124 -34.4311 220 45 229
137.089 -25.3798 -33.8447 220 45 229
136.676 -26.1691 -33.4506 220 45 229
135.626 -26.5809 -32.459 220 45 229
134.226 -25.8191 -30.8567 220 45 229
135.315 -26.0905 -32.0135 220 45 229
136.828 -26.9325 -33.7895 220 45 229
136.067 -26.0336 -32.8515 220 45 229
135.099 -27.0458 -31.9353 220 45 229
136.104 -29.1025 -33.5825 220 45 229
142.085 -27.6345 -39.3354 220 45 229
142.057 -28.5932 -39.5065 220 45 229
141.612 -28.7646 -39.0818 220 45 229
142.364 -28.3675 -39.7577 220 45 229
141.725 -29.3904 -39.318 220 45 229
140.973 -27.5266 -38.2039 220 45 229
142.091 -29.9381 -39.7687 220 45 229
154.964 -13.0069 -51.858 220 45 229
142.318 -32.3202 -40.7017 220 45 229
141.427 -32.066 -39.5889 220 45 229
142.671 -32.2657 -41.0545 220 45 229
153.68 -11.6213 -50.1977 220 45 229
142.966 -32.9245 -41.5361 220 45 229
153.06 -12.4622 -49.4699 220 45 229
156.652 -14.4412 -53.9572 220 45 229
158.254 -15.7985 -55.7701 220 45 229
157.06 -15.7559 -54.6345 220 45 229
156.409 -16.2037 -54.0456 220 45 229
139.69 -27.6097 -36.918 220 45 229
140.521 -28.3319 -37.8558 220 45 229
140.211 -30.317 -38.0545 220 45 229
138.4 -27.8684 -35.6501 220 45 229
139.073 -30.1486 -36.9547 220 45 229
138.581 -30.2649 -36.3191 220 45 229
151.471 -8.72989 -47.2901 220 45 229
141.044 -29.9908 -38.7939 220 45 229
151.214 -10.376 -47.0487 220 45 229
140.762 -31.3001 -38.9033 220 45 229
140.743 -32.1804 -39.0222 220 45 229
139.91 -30.9391 -37.8661 220 45 229
140.112 -31.5724 -38.232 220 45 229
139.487 -30.8927 -37.552 220 45 229
139.211 -31.2629 -37.3977 220 45 229
138.557 -30.9574 -36.6657 220 45 229
139.437 -31.9875 -37.6599 220 45 229
150.045 -11.1845 -45.8017 220 45 229
139.379 -32.4618 -37.7104 220 45 229
138.031 -31.8758 -36.5301 220 45 229
138.021 -29.9593 -35.585 220 45 229
137.265 -31.7283 -35.5278 220 45 229
140.074 -32.5 -38.4488 220 45 229
137.823 -27.7497 -34.9783 220 45 229
147.282 -8.05303 -42.7114 220 45 229
136.664 -29.2997 -34.175 220 45 229
137.283 -29.9458 -34.8896 220 45 229
135.689 -30.6487 -33.519 220 45 229
136.097 -29.6401 -33.7297 220 45 229
134.793 -29.5873 -32.195 220 45 229
146.741 -9.76304 -42.3374 220 45 229
136.205 -30.8534 -34.0647 220 45 229
135.255 -30.3778 -32.9744 220 45 229
145.293 -9.26315 -40.6119 220 45 229
134.502 -30.6465 -32.2664 220 45 229
137.078 -31.5851 -35.2774 220 45 229
136.343 -32.7748 -34.7911 220 45 229
135.578 -31.7436 -33.7759 220 45 229
134.839 -31.5968 -32.9288 220 45 229
136.326 -32.1034 -34.7155 220 45 229
134.866 -32.4728 -33.2754 220 45 229
153.742 -16.812 -50.8319 220 45 229
150.377 -14.4605 -46.5278 220 45 229
152.558 -16.5024 -49.3472 220 45 229
159.775 -31.1885 -60.2223 220 45 229
134.576 -6.76347 -29.496 220 45 229
158.247 -31.2831 -58.5708 220 45 229
154.097 -32.8818 -53.6887 220 45 229
161.745 -13.223 -59.6298 220 45 229
135.91 -7.04208 -30.6987 220 45 229
132.732 -8.02852 -27.74 220 45 229
158.053 -13.3474 -55.148 220 45 229
160.546 -15.4904 -58.4029 220 45 229
157.919 -15.0752 -55.3876 220 45 229
147.485 -2.70671 -42.2057 220 45 229
146.723 -3.27589 -41.4352 220 45 229
148.862 -5.18657 -43.726 220 45 229
136.388 -32.4944 -34.8559 220 45 229
146.337 -9.53791 -41.7796 220 45 229
135.427 -30.8219 -33.307 220 45 229
154.087 13.3068 -48.6129 220 45 229
150.693 11.9969 -44.5453 220 45 229
143.628 11.0074 -38.035 220 45 229
141.414 9.57259 -36.1034 220 45 229
144.311 -18.6527 -40.8001 220 45 229
146.325 -19.229 -42.5859 220 45 229
145.387 -19.702 -41.7764 220 45 229
146.211 -20.2779 -42.6977 220 45 229
146.308 8.10784 -40.2001 220 45 229
143.167 -20.1394 -39.6437 220 45 229
151.968 -0.635697 -46.8026 220 45 229
150.88 -1.45785 -45.5722 220 45 229
148.315 0.0989188 -42.8765 220 45 229
149.248 1.05165 -44.1489 220 45 229
158.44 -21.8931 -56.7671 220 45 229
125.191 6.99805 -21.1563 220 45 229
157.113 -23.2668 -55.5244 220 45 229
126.12 7.32422 -21.5815 220 45 229
125.444 6.95217 -21.2854 220 45 229
162.785 -22.7007 -62.3398 220 45 229
158.867 -24.5459 -57.5926 220 45 229
161.488 -25.2952 -60.9616 220 45 229
132.689 -17.8657 -28.4532 220 45 229
163.923 -22.0635 -63.7128 220 45 229
164.312 -23.1226 -64.3411 220 45 229
135.896 5.23029 -30.5489 220 45 229
135.828 4.66929 -30.4716 220 45 229
135.404 4.27618 -30.0192 220 45 229
134.331 4.60359 -29.1184 220 45 229
134.295 5.33725 -29.0637 220 45 229
134.058 6.17797 -28.8853 220 45 229
144.983 0.172542 -39.2817 220 45 229
146.056 -1.14983 -40.5182 220 45 229
144.856 -1.46431 -39.2581 220 45 229
135.636 3.87668 -30.2659 220 45 229
135.988 3.33347 -30.6441 220 45 229
135.352 3.78591 -29.9781 220 45 229
135.001 2.59024 -29.6707 220 45 229
135.058 1.23668 -29.8047 220 45 229
139.614 3.09515 -34.0979 220 45 229
141.546 0.291291 -35.7936 220 45 229
141.714 -1.11455 -36.0815 220 45 229
142.451 -2.56969 -37.0317 220 45 229
131.9 7.46949 -26.7363 220 45 229
131.815 6.83183 -26.6075 220 45 229
133.621 6.22043 -28.4562 220 45 229
132.616 6.72155 -27.4292 220 45 229
132.337 6.02902 -27.0705 220 45 229
131.44 6.15827 -26.192 220 45 229
134.006 4.54178 -28.8369 220 45 229
133.266 5.57348 -28.0433 220 45 229
133.302 5.40455 -28.0762 220 45 229
132.079 5.90768 -26.7924 220 45 229
133.585 4.3094 -28.3827 220 45 229
132.633 3.76199 -27.2017 220 45 229
131.543 5.16218 -26.2112 220 45 229
131.286 5.24918 -26.0216 220 45 229
131.746 3.50746 -26.445 220 45 229
131.519 3.15171 -26.3454 220 45 229
130.61 3.63433 -25.3746 220 45 229
130.926 3.04713 -25.7821 220 45 229
130.303 7.43746 -25.1082 220 45 229
130.718 6.28361 -25.5043 220 45 229
130.262 6.14072 -25.0303 220 45 229
128.85 6.86796 -23.8922 220 45 229
128.877 6.36883 -23.959 220 45 229
128.954 7.54979 -23.9681 220 45 229
129.04 6.01217 -24.1204 220 45 229
128.06 5.14777 -23.2897 220 45 229
128.028 6.66218 -23.3443 220 45 229
127.623 5.55305 -22.9026 220 45 229
158.242 -23.3619 -56.7745 220 45 229
126.673 5.22954 -21.9663 220 45 229
126.395 4.82359 -21.7556 220 45 229
127.511 4.92768 -22.7894 220 45 229
129.446 4.87861 -24.4921 220 45 229
129.621 3.9591 -24.591 220 45 229
128.236 4.41422 -23.5149 220 45 229
128.892 4.41392 -24.092 220 45 229
128.554 3.51548 -23.7846 220 45 229
127.41 3.96285 -22.7582 220 45 229
128.044 2.43434 -23.2628 220 45 229
134.197 3.70149 -28.9797 220 45 229
132.766 2.77138 -27.4926 220 45 229
134.8 2.8839 -29.4985 220 45 229
135.062 1.62318 -29.7667 220 45 229
134.314 1.97058 -29.1091 220 45 229
133.983 2.51216 -28.7898 220 45 229
132.997 1.84988 -27.7631 220 45 229
132.717 2.12804 -27.4928 220 45 229
131.782 0.788416 -26.6734 220 45 229
134.601 1.15076 -29.3904 220 45 229
133.901 0.84116 -28.7734 220 45 229
134.754 0.0752994 -29.5586 220 45 229
134.046 -0.846032 -28.8793 220 45 229
132.455 0.060354 -27.4037 220 45 229
133.682 -0.582315 -28.6155 220 45 229
133.089 0.947205 -27.9048 220 45 229
133.121 -0.0549226 -28.101 220 45 229
133.01 -1.16861 -28.0735 220 45 229
131.99 0.527423 -26.907 220 45 229
130.772 2.51554 -25.6755 220 45 229
129.651 3.608 -24.5935 220 45 229
129.049 1.8882 -24.1584 220 45 229
130.658 0.923459 -25.6706 220 45 229
128.936 -0.227099 -23.9717 220 45 229
131.235 -0.880211 -26.3082 220 45 229
131.973 -0.883422 -27.0053 220 45 229
129.798 0.833201 -24.7448 220 45 229
130.664 -1.13238 -25.7893 220 45 229
130.461 -0.138793 -25.5769 220 45 229
129.251 -1.17977 -24.3831 220 45 229
129.934 -1.24277 -25.1064 220 45 229
128.147 -1.18371 -23.3286 220 45 229
129.129 -1.77289 -24.3114 220 45 229
129.346 2.9013 -24.3693 220 45 229
129.969 2.19164 -24.9406 220 45 229
127.465 1.29403 -22.9141 220 45 229
127.103 1.41498 -22.6597 220 45 229
127.889 0.498945 -23.0815 220 45 229
128.223 -0.478881 -23.317 220 45 229
138.937 0.575969 -33.5642 220 45 229
137.902 1.53658 -32.3933 220 45 229
137.123 1.659 -31.6888 220 45 229
134.724 3.59689 -29.4373 220 45 229
134.794 0.641859 -29.6041 220 45 229
136.112 0.613627 -30.7391 220 45 229
137.824 -1.49124 -32.3542 220 45 229
140.858 -4.03865 -35.8807 220 45 229
139.366 -4.75133 -34.3265 220 45 229
138.968 -3.66204 -33.7114 220 45 229
134.709 -1.87772 -29.5583 220 45 229
144.082 -22.2842 -40.745 220 45 229
142.759 -21.8067 -39.274 220 45 229
142.161 -24.214 -38.9764 220 45 229
141.658 -22.8082 -38.2506 220 45 229
141.315 -24.1917 -38.1267 220 45 229
143.549 -25.7428 -40.5706 220 45 229
142.419 -24.6162 -39.3165 220 45 229
150.216 -2.85949 -44.8858 220 45 229
139.38 -23.8941 -36.1078 220 45 229
138.962 -25.9549 -35.9058 220 45 229
148.521 -3.4965 -43.2754 220 45 229
140.52 -29.3285 -38.0938 220 45 229
137.929 -26.1913 -34.8557 220 45 229
147.674 -3.89538 -42.4351 220 45 229
135.351 -25.4116 -31.943 220 45 229
135.047 -27.2876 -31.8896 220 45 229
145.565 -4.62692 -40.5093 220 45 229
144.959 -5.81506 -40.0589 220 45 229
134.251 -24.3228 -30.7879 220 45 229
144.153 -3.27675 -38.8181 220 45 229
134.003 -25.0646 -30.5304 220 45 229
141.606 -4.53517 -36.5349 220 45 229
134.521 -28.5966 -31.5261 220 45 229
136.188 -28.3458 -33.4329 220 45 229
132.008 -30.6168 -29.2166 220 45 229
132.42 -0.823667 -27.4434 220 45 229
132.571 -1.24731 -27.5873 220 45 229
133.028 -2.08116 -28.0613 220 45 229
132.571 -2.25942 -27.5987 220 45 229
133.232 -2.63125 -28.2618 220 45 229
133.24 -3.50262 -28.2628 220 45 229
132.371 -2.69533 -27.3907 220 45 229
131.523 -3.59141 -26.5284 220 45 229
131.662 -3.09924 -26.6352 220 45 229
130.967 -3.88733 -26.0694 220 45 229
130.502 -2.64681 -25.536 220 45 229
130.92 -2.70477 -25.9258 220 45 229
130.434 -3.44912 -25.4762 220 45 229
130.761 -4.02004 -25.8927 220 45 229
130.268 -4.42385 -25.2847 220 45 229
129.468 -2.80036 -24.4622 220 45 229
129.113 -3.51736 -24.0671 220 45 229
128.733 -3.35502 -23.7625 220 45 229
130.204 -3.58445 -25.1872 220 45 229
129.288 -4.78112 -24.2034 220 45 229
132.331 -4.79563 -27.3427 220 45 229
132.463 -5.75274 -27.4568 220 45 229
130.336 -5.30945 -25.4244 220 45 229
129.983 -5.68588 -25.0373 220 45 229
129.622 -5.82684 -24.6578 220 45 229
131.066 -5.67063 -26.0014 220 45 229
130.541 -6.86784 -25.5193 220 45 229
129.63 -4.88278 -24.6522 220 45 229
130.956 -31.8186 -28.3177 220 45 229
131.64 -6.53278 -26.5819 220 45 229
131.085 -6.9785 -26.0525 220 45 229
129.953 -7.30708 -24.9936 220 45 229
131.041 -9.18303 -26.204 220 45 229
131.012 -9.48526 -26.1972 220 45 229
128.7 -29.0552 -24.9252 220 45 229
137.259 -6.67854 -32.0686 220 45 229
137.819 -9.08828 -32.7706 220 45 229
128.064 -32.124 -25.0931 220 45 229
154.6 7.04756 -50.0317 220 45 229
152.306 2.19999 -47.4705 220 45 229
123.176 8.07335 -19.5945 220 45 229
125.035 6.90979 -21.0743 220 45 229
124.139 7.04709 -20.4792 220 45 229
122.551 7.75418 -18.9176 220 45 229
122.583 7.15178 -19.0019 220 45 229
122.884 6.53077 -19.2882 220 45 229
122.412 6.96406 -18.7678 220 45 229
121.448 8.06592 -17.8141 220 45 229
121.702 7.23502 -18.0172 220 45 229
119.371 8.7101 -15.3733 220 45 229
119.467 8.00419 -15.2935 220 45 229
119.109 8.30195 -14.8477 220 45 229
120.977 8.10561 -17.2468 220 45 229
120.413 7.09579 -16.6398 220 45 229
120.157 7.14349 -16.3001 220 45 229
119.847 7.56275 -15.91 220 45 229
121.088 6.8614 -17.3689 220 45 229
120.884 5.87771 -16.9931 220 45 229
120.451 5.62215 -16.5191 220 45 229
119.201 7.5882 -14.8992 220 45 229
119.601 7.31246 -15.5542 220 45 229
154.395 -23.7971 -52.65 220 45 229
112.121 8.53845 -7.09769 220 45 229
111.718 7.74836 -6.73219 220 45 229
148.173 -25.5027 -45.3579 220 45 229
112.282 7.08857 -7.56659 220 45 229
154.692 -2.21854 -50.6007 220 45 229
112.667 7.07999 -7.99443 220 45 229
154.736 -2.56469 -50.6115 220 45 229
112.448 5.97771 -7.70126 220 45 229
112.19 5.42793 -7.31694 220 45 229
111.989 6.15201 -7.14152 220 45 229
146.697 -27.5167 -44.3191 220 45 229
115.403 3.48782 -10.171 220 45 229
155.279 -5.03838 -51.4286 220 45 229
113.786 4.66007 -8.792 220 45 229
113.411 3.75378 -8.53764 220 45 229
154.038 -5.29252 -49.8322 220 45 229
112.417 3.97827 -7.45957 220 45 229
112.547 4.64875 -7.72498 220 45 229
113.006 3.49067 -8.13613 220 45 229
156.648 -26.2609 -55.5644 220 45 229
125.59 4.45575 -21.2323 220 45 229
125.798 3.76956 -21.3501 220 45 229
155.932 -27.2911 -55.0337 220 45 229
125.17 3.57048 -20.8065 220 45 229
155.414 -26.746 -54.2574 220 45 229
124.464 3.62109 -20.2438 220 45 229
124.652 3.14728 -20.3145 220 45 229
126.157 2.82762 -21.6935 220 45 229
125.124 2.44219 -20.6737 220 45 229
125.347 2.14605 -20.8711 220 45 229
154.79 -27.0798 -53.6613 220 45 229
123.875 3.68165 -19.7677 220 45 229
123.424 2.23074 -18.9415 220 45 229
124.091 2.82526 -19.8057 220 45 229
124.217 1.4062 -19.6496 220 45 229
123.963 1.49633 -19.4136 220 45 229
122.8 0.995847 -17.7919 220 45 229
122.433 1.03318 -17.4303 220 45 229
126.325 1.45044 -21.8892 220 45 229
125.948 1.31086 -21.3446 220 45 229
127.58 -0.194 -22.7125 220 45 229
126.883 0.417265 -22.3068 220 45 229
124.933 0.130664 -20.1758 220 45 229
124.7 1.14955 -20.0773 220 45 229
124.089 0.808363 -19.3909 220 45 229
124.061 -1.19855 -19.0332 220 45 229
124.358 -0.629047 -19.4285 220 45 229
123.88 -1.85621 -18.7654 220 45 229
126.459 -0.170964 -21.8951 220 45 229
126.907 -1.01962 -22.1472 220 45 229
126.523 -1.69569 -21.8498 220 45 229
127.739 -1.61703 -22.9592 220 45 229
127.395 -2.02866 -22.6782 220 45 229
127.1 -2.26596 -22.4211 220 45 229
125.814 -2.42632 -21.0408 220 45 229
125.399 -2.72448 -20.5523 220 45 229
123.168 1.04785 -18.3139 220 45 229
123.93 -0.0398255 -19.029 220 45 229
122.003 0.325205 -16.9596 220 45 229
122.205 -0.504897 -17.0271 220 45 229
122.543 -0.817922 -17.3302 220 45 229
122.007 -1.14007 -16.6994 220 45 229
122.048 -3.06778 -16.7595 220 45 229
122.264 -2.34806 -16.9739 220 45 229
121.474 -1.87571 -16.119 220 45 229
124.221 -3.08104 -19.1347 220 45 229
123.439 -1.6089 -18.3025 220 45 229
123.694 -3.16043 -18.4414 220 45 229
123.09 -3.25385 -17.7121 220 45 229
121.362 -3.19475 -16.0971 220 45 229
122.169 -4.42212 -16.8484 220 45 229
125.047 5.45457 -20.948 220 45 229
124.649 6.39637 -20.8078 220 45 229
123.377 5.80894 -19.7205 220 45 229
123.626 5.35549 -19.8865 220 45 229
123.544 4.59487 -19.5994 220 45 229
122.983 4.58353 -18.9196 220 45 229
122.888 3.87508 -18.6809 220 45 229
122.365 4.38733 -18.0827 220 45 229
123.138 2.86934 -18.7596 220 45 229
131.182 0.102854 -26.155 220 45 229
153.363 -26.4265 -51.9095 220 45 229
122.017 4.89663 -17.7428 220 45 229
121.488 4.97017 -17.2143 220 45 229
122.204 3.85876 -17.7648 220 45 229
152.963 -27.0891 -51.5467 220 45 229
122.063 3.47469 -17.4839 220 45 229
121.133 3.93491 -16.5318 220 45 229
120.591 4.26957 -16.2084 220 45 229
121.362 3.24715 -16.5696 220 45 229
120.49 3.13227 -15.6627 220 45 229
120.011 4.8062 -15.8855 220 45 229
119.447 5.03023 -15.2451 220 45 229
119.557 4.26603 -15.135 220 45 229
122.773 3.42945 -18.4062 220 45 229
122.63 2.58855 -17.9742 220 45 229
122.447 2.44791 -17.7013 220 45 229
152.709 -28.0779 -51.4327 220 45 229
121.914 2.88666 -17.1748 220 45 229
121.355 2.42314 -16.5325 220 45 229
121.937 1.35108 -17.023 220 45 229
121.137 1.83528 -16.2066 220 45 229
120.381 2.28708 -15.3226 220 45 229
120.882 1.13584 -15.8177 220 45 229
121.361 0.744266 -16.2675 220 45 229
131.65 -6.09184 -26.5712 220 45 229
121.667 0.604613 -16.5899 220 45 229
120.902 -0.257809 -15.6259 220 45 229
120.665 -1.00621 -15.4159 220 45 229
120.562 -2.55977 -15.3131 220 45 229
118.555 3.9624 -14.1738 220 45 229
159.267 -5.94497 -55.7585 220 45 229
117.415 3.5234 -13.0622 220 45 229
117.266 3.23583 -12.822 220 45 229
119.346 2.80662 -14.2932 220 45 229
118.845 3.23254 -14.0938 220 45 229
118.785 2.47433 -13.7827 220 45 229
117.754 2.83385 -12.9884 220 45 229
118.771 -0.490014 -13.6977 220 45 229
118.359 -0.852647 -13.2767 220 45 229
117.766 1.26059 -12.7586 220 45 229
116.887 0.863354 -12.0066 220 45 229
116.72 -0.350504 -11.7218 220 45 229
115.54 1.0131 -10.6065 220 45 229
116.104 -0.443769 -11.0713 220 45 229
115.448 -0.902454 -10.3483 220 45 229
115.053 0.312754 -10.0158 220 45 229
115.59 0.104356 -10.6274 220 45 229
115.941 0.548018 -11.0757 220 45 229
114.44 -0.817894 -9.21355 220 45 229
115.583 3.51369 -10.5038 220 45 229
115.72 2.81105 -10.6592 220 45 229
115.783 2.47101 -10.8421 220 45 229
115.03 2.68017 -9.73614 220 45 229
113.883 2.96594 -8.85218 220 45 229
115.889 1.81275 -11.0157 220 45 229
115.192 1.27868 -10.1177 220 45 229
113.287 1.9934 -8.39133 220 45 229
145.758 -29.32 -43.6129 220 45 229
114.562 1.52162 -9.43125 220 45 229
113.013 1.76833 -8.07891 220 45 229
113.445 0.184632 -8.42964 220 45 229
145.294 -29.937 -43.22 220 45 229
114.056 0.523454 -8.98498 220 45 229
114.217 -0.0806802 -9.08092 220 45 229
114.126 -0.864103 -8.87402 220 45 229
114.202 -1.43383 -8.88839 220 45 229
120.09 -2.15868 -14.8617 220 45 229
119.209 -1.36905 -14.0898 220 45 229
118.138 -2.55439 -13.0484 220 45 229
117.823 -2.59117 -12.7488 220 45 229
117.69 -1.07152 -12.6548 220 45 229
120.538 -3.3085 -15.4273 220 45 229
119.767 -3.07513 -14.7048 220 45 229
117.74 -3.8975 -12.9396 220 45 229
116.675 -0.611511 -11.698 220 45 229
117.005 -1.68768 -12.0811 220 45 229
115.926 -1.99638 -10.9183 220 45 229
116.225 -1.99003 -11.2938 220 45 229
115.821 -2.25375 -10.8239 220 45 229
116.972 -3.10949 -12.0885 220 45 229
116.459 -2.73259 -11.5386 220 45 229
115.476 -1.73187 -10.3719 220 45 229
114.878 -2.03158 -9.71516 220 45 229
115.05 -1.92707 -9.90522 220 45 229
114.612 -2.38599 -9.46815 220 45 229
114.181 -2.5612 -8.94125 220 45 229
115.796 -2.95494 -10.7514 220 45 229
115.808 -3.80965 -10.799 220 45 229
115.133 -2.58152 -10.05 220 45 229
114.511 -2.7082 -9.33813 220 45 229
114.739 -3.03522 -9.56239 220 45 229
115.066 -3.81607 -9.79132 220 45 229
117.598 -3.7107 -12.7566 220 45 229
117.157 -4.69081 -12.4793 220 45 229
116.633 -3.93246 -11.7806 220 45 229
116.249 -4.0803 -11.3377 220 45 229
116.245 -4.93867 -11.3748 220 45 229
115.139 -4.38182 -9.93374 220 45 229
115.513 -5.0528 -10.3948 220 45 229
115.854 -5.35375 -10.8296 220 45 229
115.463 -5.80418 -10.3646 220 45 229
114.882 -5.85494 -9.75695 220 45 229
114.061 -2.21062 -8.83602 220 45 229
128.446 2.7712 -23.6364 220 45 229
124.871 5.21949 -20.8017 220 45 229
155.088 -24.9621 -53.6661 220 45 229
152.336 -22.8936 -50.2249 220 45 229
120.158 7.96609 -16.2768 220 45 229
122.788 5.81619 -19.0019 220 45 229
122.002 5.69166 -18.0268 220 45 229
151.398 -24.1992 -49.3322 220 45 229
151.06 -25.5752 -49.1114 220 45 229
148.287 -21.4742 -45.0854 220 45 229
110.55 9.6072 -5.49877 220 45 229
110.701 9.65997 -5.66399 220 45 229
110.976 8.69153 -5.84537 220 45 229
153.481 -0.393602 -48.819 220 45 229
111.48 9.26666 -6.37703 220 45 229
111.407 7.71782 -6.33967 220 45 229
152.745 -25.3472 -51.0436 220 45 229
151.96 -25.5538 -50.0908 220 45 229
120.913 5.29542 -16.8768 220 45 229
149.871 -25.2069 -47.6147 220 45 229
149.855 -29.5449 -48.2567 220 45 229
118.797 0.971905 -13.7046 220 45 229
119.569 0.257573 -14.3854 220 45 229
119.29 -0.749483 -14.1418 220 45 229
148.337 -27.1469 -46.0019 220 45 229
129.262 0.0296991 -24.281 220 45 229
129.53 -1.0539 -24.6654 220 45 229
128.213 1.41143 -23.4575 220 45 229
125.719 -1.55708 -21.0088 220 45 229
123.542 -1.15217 -18.4815 220 45 229
124.717 -1.84575 -19.7582 220 45 229
122.299 -3.10696 -16.9726 220 45 229
123.082 0.0231372 -18.0845 220 45 229
120.861 -3.54117 -15.7591 220 45 229
119.423 -3.29096 -14.4499 220 45 229
162.041 -16.0026 -60.3047 220 45 229
110.946 4.51456 -5.9457 220 45 229
153.598 -6.3264 -49.2442 220 45 229
111.715 3.55696 -6.58236 220 45 229
110.516 3.33259 -5.4459 220 45 229
110.993 3.55148 -5.90116 220 45 229
109.948 3.77257 -4.87251 220 45 229
152.101 -6.62788 -47.5791 220 45 229
110.074 2.93034 -4.96706 220 45 229
110.537 2.26542 -5.34231 220 45 229
112.402 0.983648 -7.40431 220 45 229
111.909 0.579109 -7.00594 220 45 229
154.394 -6.94874 -50.4393 220 45 229
112.816 2.41155 -7.84977 220 45 229
111.783 0.9564 -6.75023 220 45 229
110.404 0.971401 -5.22095 220 45 229
109.757 1.41355 -4.52774 220 45 229
151.237 -8.18786 -46.9311 220 45 229
109.561 1.39119 -4.33336 220 45 229
109.257 1.38818 -3.98543 220 45 229
109.372 1.03784 -4.05919 220 45 229
142.426 -30.936 -40.3103 220 45 229
111.07 0.153444 -6.10802 220 45 229
110.384 0.187706 -5.27211 220 45 229
110.107 -0.432516 -4.85215 220 45 229
112.823 0.254966 -7.87758 220 45 229
143.932 -30.2376 -41.8307 220 45 229
112.53 0.176781 -7.62497 220 45 229
153.194 -9.93159 -49.5123 220 45 229
111.699 -0.122239 -6.7968 220 45 229
113.463 -0.610128 -8.34933 220 45 229
113.251 -1.71625 -8.06272 220 45 229
112.26 -2.6652 -7.13258 220 45 229
112.293 -2.02727 -7.26544 220 45 229
111.32 -0.274395 -6.43309 220 45 229
111.189 -1.94153 -6.23287 220 45 229
110.969 -0.485655 -6.03084 220 45 229
110.77 -0.71908 -5.79212 220 45 229
110.601 -1.12698 -5.57507 220 45 229
110.161 -1.17766 -5.03379 220 45 229
109.902 -2.36761 -4.56944 220 45 229
110.271 -2.37732 -5.01267 220 45 229
139.241 -30.7748 -37.3241 220 45 229
108.485 -0.084261 -3.05537 220 45 229
109.333 -0.623303 -3.84014 220 45 229
151.31 -11.0075 -47.1438 220 45 229
109.747 -1.22903 -4.40616 220 45 229
109.526 -1.89026 -4.21451 220 45 229
108.026 -1.71584 -2.47049 220 45 229
108.71 -2.37325 -3.31051 220 45 229
108.741 -3.19998 -3.3236 220 45 229
108.431 -3.70551 -2.90463 220 45 229
107.464 -3.41862 -1.84741 220 45 229
108.317 -4.02805 -2.71645 220 45 229
107.72 -4.19441 -2.01031 220 45 229
107.233 -4.26491 -1.56828 220 45 229
113.295 -4.35261 -8.01899 220 45 229
113.79 -3.93763 -8.52008 220 45 229
114.033 -4.32338 -8.81864 220 45 229
114.27 -5.48858 -9.14324 220 45 229
113.6 -4.82701 -8.41714 220 45 229
113.095 -5.16849 -7.89408 220 45 229
114.423 -6.1879 -9.37882 220 45 229
113.886 -6.46159 -8.86875 220 45 229
113.422 -6.34627 -8.39891 220 45 229
112.985 -6.60394 -7.89988 220 45 229
112.373 -5.12609 -7.16288 220 45 229
112.434 -6.42064 -7.24227 220 45 229
113.629 -2.33088 -8.37422 220 45 229
113.279 -2.66405 -8.05252 220 45 229
111.787 -3.40051 -6.61002 220 45 229
111.197 -3.02182 -6.11236 220 45 229
110.719 -2.93462 -5.60475 220 45 229
112.608 -4.64434 -7.36936 220 45 229
111.791 -3.92555 -6.57002 220 45 229
111.903 -4.4031 -6.67519 220 45 229
111.698 -4.80499 -6.46579 220 45 229
111.772 -5.9448 -6.48636 220 45 229
111.764 -6.48318 -6.53291 220 45 229
111.633 -7.04111 -6.35512 220 45 229
110.427 -4.78541 -5.04743 220 45 229
110.623 -4.5068 -5.2467 220 45 229
109.55 -4.6728 -4.13824 220 45 229
109.727 -3.69229 -4.37176 220 45 229
150.79 -12.4846 -46.6953 220 45 229
109.034 -3.18289 -3.63457 220 45 229
108.966 -4.06266 -3.47835 220 45 229
109.239 -4.71888 -3.79575 220 45 229
108.59 -4.08477 -3.07295 220 45 229
108.96 -6.10609 -3.39355 220 45 229
109.333 -5.69696 -3.79883 220 45 229
110.713 -6.60291 -5.2591 220 45 229
111.051 -5.67986 -5.72841 220 45 229
110.595 -5.72525 -5.21718 220 45 229
109.55 -5.9904 -3.99215 220 45 229
110.025 -6.05502 -4.53279 220 45 229
111.662 -7.32918 -6.39745 220 45 229
110.751 -7.53196 -5.42281 220 45 229
110.184 -7.78999 -4.7128 220 45 229
109.922 -7.06767 -4.34712 220 45 229
109.618 -7.76216 -4.11733 220 45 229
109.448 -7.24803 -3.86923 220 45 229
108.928 -8.40137 -3.44891 220 45 229
108.103 -6.62568 -2.53551 220 45 229
107.404 -2.95136 -1.77059 220 45 229
106.23 -4.04691 -0.41473 220 45 229
107.775 -5.07516 -2.14395 220 45 229
107.358 -4.95047 -1.71198 220 45 229
107.679 -6.31409 -2.09413 220 45 229
107.47 -5.718 -1.85262 220 45 229
106.746 -5.68681 -1.05552 220 45 229
106.609 -6.26939 -0.926893 220 45 229
105.676 -5.80901 0.196006 220 45 229
155.053 7.34143 -50.5401 220 45 229
105.938 -5.89392 -0.120962 220 45 229
105.519 -6.47943 0.337971 220 45 229
105.346 -6.73589 0.521221 220 45 229
108.51 -8.57679 -2.98229 220 45 229
108.152 -7.26406 -2.6187 220 45 229
107.664 -8.22291 -2.06655 220 45 229
107.126 -8.57487 -1.60244 220 45 229
106.141 -7.22866 -0.292191 220 45 229
155.989 4.46089 -51.1961 220 45 229
109.608 10.0039 -4.58733 220 45 229
109.752 9.68177 -4.61744 220 45 229
108.795 9.06396 -3.77031 220 45 229
109.514 10.685 -4.60719 220 45 229
108.742 11.007 -3.77336 220 45 229
108.943 10.8414 -4.01662 220 45 229
108.405 11.3613 -3.40533 220 45 229
108.18 10.5571 -3.15877 220 45 229
107.746 10.7769 -2.67506 220 45 229
107.955 8.70031 -2.91504 220 45 229
107.428 9.49948 -2.32959 220 45 229
107.8 9.00558 -2.74053 220 45 229
109.906 8.68815 -4.7981 220 45 229
109.562 8.57587 -4.34873 220 45 229
110.983 7.94173 -5.83556 220 45 229
110.546 8.27575 -5.47015 220 45 229
109.887 8.2962 -4.86514 220 45 229
109.418 7.98973 -4.30569 220 45 229
108.656 7.64689 -3.53211 220 45 229
108.18 6.84823 -3.04257 220 45 229
106.142 9.91853 -1.08682 220 45 229
107.021 8.43216 -1.71998 220 45 229
106.893 7.26945 -1.41397 220 45 229
106.725 9.84139 -1.65572 220 45 229
106.011 9.23607 -0.792324 220 45 229
104.842 7.71945 0.731689 220 45 229
107.958 6.6914 -2.78186 220 45 229
107.294 7.66696 -2.0082 220 45 229
106.202 7.5729 -0.682771 220 45 229
106.3 8.13334 -0.877079 220 45 229
107.233 6.64274 -1.86275 220 45 229
106.588 6.06604 -0.992985 220 45 229
106.026 5.95128 -0.370485 220 45 229
105.654 5.96028 0.0341736 220 45 229
105.371 9.80369 -0.208071 220 45 229
104.562 10.5738 0.658371 220 45 229
104.899 9.88257 0.380423 220 45 229
104.871 9.31237 0.492657 220 45 229
104.171 9.45256 1.24472 220 45 229
103.588 8.9622 1.92055 220 45 229
104.366 8.13411 1.18914 220 45 229
110.514 6.90818 -5.37163 220 45 229
110.37 6.19508 -5.28855 220 45 229
109.388 6.8907 -4.34252 220 45 229
109.96 5.69038 -4.76959 220 45 229
109.925 6.14585 -4.78063 220 45 229
109.985 5.16881 -4.87561 220 45 229
108.722 6.01668 -3.6518 220 45 229
108.52 5.34524 -3.51288 220 45 229
109.508 5.52448 -4.36728 220 45 229
109.256 6.10757 -4.16527 220 45 229
108.447 4.75296 -3.54009 220 45 229
108.939 5.8725 -3.91762 220 45 229
109.354 3.95968 -4.30448 220 45 229
108.439 4.12181 -3.5056 220 45 229
109.285 2.73102 -4.06259 220 45 229
108.07 6.38605 -2.88614 220 45 229
108.089 4.50406 -3.16068 220 45 229
107.763 5.25781 -2.5697 220 45 229
107.536 4.09157 -2.45392 220 45 229
107.035 3.3555 -1.6437 220 45 229
107.119 5.88063 -1.70723 220 45 229
106.835 3.42046 -1.34339 220 45 229
106.269 3.60491 -0.486701 220 45 229
106.317 4.96931 -0.65225 220 45 229
106.005 5.06939 -0.254433 220 45 229
137.556 -26.3688 -34.4998 220 45 229
106.311 4.34085 -0.538434 220 45 229
105.458 3.18599 0.351345 220 45 229
137.428 -26.8962 -34.4286 220 45 229
106.355 3.88305 -0.562599 220 45 229
150.305 -7.05191 -45.8432 220 45 229
108.643 2.82748 -3.44211 220 45 229
107.653 3.52808 -2.55584 220 45 229
107.231 2.6286 -1.90139 220 45 229
109.229 2.04451 -3.89693 220 45 229
107.455 2.30202 -2.16177 220 45 229
106.777 2.89825 -1.23758 220 45 229
148.009 -6.95459 -43.2908 220 45 229
106.288 2.19067 -0.568255 220 45 229
107.25 1.73916 -1.77933 220 45 229
137.81 -29.2341 -35.2408 220 45 229
106.815 1.38646 -1.17067 220 45 229
105.754 1.18287 -0.0706293 220 45 229
146.87 -25.8261 -44.1699 220 45 229
114.602 4.89586 -9.10974 220 45 229
145.535 -25.6112 -42.758 220 45 229
145.059 -28.545 -42.7509 220 45 229
155.839 -5.73741 -51.8395 220 45 229
112.365 3.24247 -7.34581 220 45 229
142.936 -28.2487 -40.2907 220 45 229
110.65 1.89342 -5.41851 220 45 229
153.868 -3.66881 -49.2937 220 45 229
111.308 4.89163 -6.35798 220 45 229
146.258 -28.0475 -43.9409 220 45 229
146.809 -29.0428 -44.76 220 45 229
116.679 0.639323 -11.779 220 45 229
114.379 2.0972 -9.20234 220 45 229
114.226 1.57405 -9.10164 220 45 229
144.188 -29.723 -42.0189 220 45 229
142.825 -29.7263 -40.502 220 45 229
103.804 6.50425 1.66748 220 45 229
104.52 5.85217 0.97201 220 45 229
104.382 5.54516 1.08854 220 45 229
103.58 4.95904 1.77483 220 45 229
103.228 9.04435 2.29365 220 45 229
102.835 8.64116 2.70275 220 45 229
104.009 7.34416 1.55465 220 45 229
103.382 7.24885 2.15644 220 45 229
101.725 8.84753 3.80723 220 45 229
102.389 7.80049 3.14817 220 45 229
102.377 6.78944 3.16649 220 45 229
102.097 7.14815 3.41887 220 45 229
101.153 7.23339 4.29359 220 45 229
103.295 6.36438 2.21491 220 45 229
103.224 4.97935 2.15828 220 45 229
102.37 5.61405 3.00484 220 45 229
99.9128 8.27158 5.62884 220 45 229
141.315 -2.41681 -36.0492 220 45 229
99.495 7.37399 6.15474 220 45 229
98.9141 8.53814 6.56236 220 45 229
99.5507 7.04869 6.15134 220 45 229
100.56 7.26447 4.94787 220 45 229
98.1672 6.96114 7.55437 220 45 229
98.4879 7.22127 7.2175 220 45 229
98.0738 6.25894 7.814 220 45 229
101.21 6.39018 4.35088 220 45 229
101.508 4.87073 4.20958 220 45 229
100.673 4.80209 5.12052 220 45 229
99.9153 4.90652 5.85198 220 45 229
141.637 -5.39941 -36.7022 220 45 229
99.8952 4.51326 5.88357 220 45 229
98.6868 5.54821 7.16325 220 45 229
98.9197 5.01194 6.92532 220 45 229
140.886 -4.7817 -35.9372 220 45 229
99.1438 4.84121 6.68302 220 45 229
98.5707 3.92944 7.46055 220 45 229
98.3497 3.90397 7.72985 220 45 229
98.5383 2.98498 7.6427 220 45 229
105.477 4.29293 0.370441 220 45 229
103.701 4.21795 1.79493 220 45 229
104.818 2.75947 0.982049 220 45 229
136.493 -27.6033 -33.5762 220 45 229
105.317 3.11643 0.504319 220 45 229
145.934 -6.79539 -41.2351 220 45 229
104.227 3.07211 1.50814 220 45 229
102.97 3.01712 2.766 220 45 229
103.594 3.26331 2.0948 220 45 229
144.678 -8.08731 -40.0204 220 45 229
103.179 1.60522 2.66178 220 45 229
102.519 2.6794 3.37614 220 45 229
101.969 2.31063 3.98465 220 45 229
105.591 2.13501 0.142956 220 45 229
146.987 -8.17926 -42.4077 220 45 229
105.338 1.14866 0.403808 220 45 229
104.84 1.08439 0.961075 220 45 229
103.835 2.39092 1.92146 220 45 229
146.412 -7.74274 -41.7473 220 45 229
104.645 1.70807 1.09393 220 45 229
104.665 1.03844 1.1299 220 45 229
104.143 1.40148 1.55901 220 45 229
103.38 -0.0898462 2.53863 220 45 229
102.895 4.23187 2.64733 220 45 229
101.88 4.30237 3.86974 220 45 229
101.688 4.04626 4.10975 220 45 229
102.731 1.28483 3.2272 220 45 229
101.773 0.193059 4.27457 220 45 229
102.034 0.471295 4.05411 220 45 229
102.706 -0.0140663 3.24082 220 45 229
103.033 0.502795 2.76861 220 45 229
102.217 -0.161314 3.81456 220 45 229
102.162 -0.616189 3.82858 220 45 229
100.87 -0.260534 5.41424 220 45 229
101.207 -0.788694 4.97022 220 45 229
100.735 3.82594 5.20286 220 45 229
100.115 3.70408 5.82817 220 45 229
101.342 2.38294 4.78056 220 45 229
99.6646 3.20243 6.46381 220 45 229
100.356 2.7227 5.82155 220 45 229
99.6943 2.6615 6.54104 220 45 229
99.4459 2.59836 6.80661 220 45 229
100.921 2.4585 5.32817 220 45 229
100.105 1.05032 6.18993 220 45 229
100.391 1.48467 5.86884 220 45 229
140.843 -8.07573 -35.7961 220 45 229
99.1782 1.45378 7.06531 220 45 229
101.191 1.39777 5.08769 220 45 229
100.654 0.512 5.66558 220 45 229
100.3 -0.0473064 6.11977 220 45 229
130.319 -31.1634 -27.5529 220 45 229
99.6505 -0.415248 6.82829 220 45 229
100.692 -0.611401 5.63546 220 45 229
146.056 -3.60576 -40.8584 220 45 229
140.822 -27.8894 -38.1038 220 45 229
138.313 -28.6497 -35.6745 220 45 229
105.868 1.56927 -0.191644 220 45 229
134.23 -26.349 -30.9012 220 45 229
104.628 2.34263 1.1547 220 45 229
137.189 -28.0507 -34.3528 220 45 229
107.578 -2.38155 -1.94661 220 45 229
154.337 9.80324 -49.2011 220 45 229
154.138 8.77717 -49.3726 220 45 229
138.784 -30.0038 -36.4652 220 45 229
107.636 1.02487 -2.26764 220 45 229
108.024 0.343677 -2.64716 220 45 229
106.876 0.24757 -1.37073 220 45 229
137.365 -31.0073 -35.3777 220 45 229
106.552 -0.580085 -1.10123 220 45 229
106.145 0.421429 -0.533629 220 45 229
108.041 -0.501889 -2.59334 220 45 229
107.072 0.0888392 -1.59597 220 45 229
106.99 -1.70299 -1.44953 220 45 229
114.212 -2.01327 -8.98427 220 45 229
105.535 -0.200473 0.181776 220 45 229
136.897 -30.8821 -34.8096 220 45 229
106.031 -0.127654 -0.487212 220 45 229
105.235 -0.0322911 0.531083 220 45 229
106.509 -2.06552 -0.941195 220 45 229
106.735 -1.48336 -1.2459 220 45 229
105.993 -1.83058 -0.471277 220 45 229
147.137 -11.3884 -43.0564 220 45 229
105.724 -1.63621 -0.186088 220 45 229
104.652 -0.231805 1.24541 220 45 229
104.657 -0.922319 1.37483 220 45 229
104.579 -1.75847 1.31935 220 45 229
103.736 -2.03848 2.51032 220 45 229
103.974 -3.13581 1.95525 220 45 229
104.445 -0.214619 1.45546 220 45 229
103.967 -1.39545 2.23251 220 45 229
106.575 -3.10428 -0.954112 220 45 229
105.29 -2.91699 0.371814 220 45 229
105.411 -2.16478 0.190035 220 45 229
106.188 -3.45139 -0.46363 220 45 229
104.337 -2.71275 1.38088 220 45 229
105.134 -3.59759 0.687942 220 45 229
154.278 8.17625 -49.5776 220 45 229
105.192 -5.12339 0.86339 220 45 229
104.53 -4.39604 1.42731 220 45 229
103.75 -2.5332 2.41372 220 45 229
103.504 -1.60702 2.79136 220 45 229
102.862 -1.53594 3.46811 220 45 229
102.391 -2.40557 4.11287 220 45 229
101.316 -1.16645 4.90726 220 45 229
101.748 -2.18822 4.81115 220 45 229
101.394 -2.37303 5.29567 220 45 229
101.007 -1.02881 5.22092 220 45 229
100.6 -2.01198 5.99728 220 45 229
102.095 -3.3455 4.59433 220 45 229
101.502 -2.78929 5.3156 220 45 229
101.115 -3.85374 5.5005 220 45 229
100.778 -2.92188 5.9316 220 45 229
103.356 -3.54907 2.74951 220 45 229
104.035 -3.813 1.85969 220 45 229
103.411 -4.98864 2.88911 220 45 229
102.076 -4.47336 4.43855 220 45 229
105.316 -5.58723 0.672876 220 45 229
153.782 7.41117 -48.9948 220 45 229
104.985 -5.76414 1.02798 220 45 229
105.09 -6.24512 0.836938 220 45 229
104.683 -5.90376 1.35239 220 45 229
103.51 -6.86819 2.68214 220 45 229
103.269 -5.85268 3.04012 220 45 229
103.595 -5.32697 2.6987 220 45 229
104.953 -7.09584 0.965755 220 45 229
102.964 -6.63031 3.381 220 45 229
143.432 -18.6105 -39.8074 220 45 229
142.619 -17.7425 -38.6981 220 45 229
145.511 -19.9315 -41.9035 220 45 229
145.37 -21.4212 -42.0728 220 45 229
128.041 -2.97158 -23.2223 220 45 229
128.537 -4.81408 -23.529 220 45 229
128.215 -4.70685 -23.2545 220 45 229
127.672 -4.14982 -22.8033 220 45 229
127.737 -3.67577 -22.8865 220 45 229
126.631 -4.82802 -21.7302 220 45 229
126.499 -5.3954 -21.5493 220 45 229
129.26 -6.6319 -24.2409 220 45 229
129.574 -6.6148 -24.571 220 45 229
128.591 -5.08803 -23.5758 220 45 229
128.494 -5.60701 -23.4544 220 45 229
127.767 -6.33627 -22.7923 220 45 229
127.076 -5.61799 -22.1414 220 45 229
128.596 -6.31747 -23.5574 220 45 229
127.797 -7.05843 -22.8144 220 45 229
126.619 -7.10091 -21.5606 220 45 229
127.32 -7.2289 -22.307 220 45 229
126.862 -3.1863 -22.1437 220 45 229
126.278 -3.67851 -21.5089 220 45 229
125.885 -4.18406 -21.0153 220 45 229
125.718 -4.7137 -20.7736 220 45 229
126.384 -5.13284 -21.4478 220 45 229
126.374 -6.79673 -21.3189 220 45 229
126.005 -6.88409 -20.8771 220 45 229
125.666 -7.24977 -20.4445 220 45 229
125.628 -8.15919 -20.3959 220 45 229
125.059 -3.91179 -19.9674 220 45 229
124.531 -4.19532 -19.4134 220 45 229
124.239 -3.91439 -19.144 220 45 229
124.638 -4.95124 -19.4177 220 45 229
124.477 -4.83455 -19.2668 220 45 229
125.412 -4.87341 -20.4132 220 45 229
124.305 -5.94283 -18.9228 220 45 229
123.018 -6.68675 -17.6941 220 45 229
122.869 -4.7673 -17.3621 220 45 229
122.611 -4.92118 -17.154 220 45 229
122.318 -5.3543 -16.9042 220 45 229
124.985 -5.70693 -19.6879 220 45 229
125.036 -6.33354 -19.7326 220 45 229
124.589 -8.59654 -19.3748 220 45 229
124.345 -6.37976 -19.0213 220 45 229
124.262 -7.40396 -19.0296 220 45 229
162.854 -16.3299 -61.4009 220 45 229
124.54 -8.02303 -19.2928 220 45 229
123.577 -7.30045 -18.2462 220 45 229
124.236 -8.56376 -19.0519 220 45 229
123.595 -8.73358 -18.4589 220 45 229
129.823 -8.86537 -24.8223 220 45 229
130.137 -9.0809 -25.141 220 45 229
129.424 -8.13438 -24.4975 220 45 229
128.762 -10.1691 -23.7407 220 45 229
127.706 -7.77024 -22.7224 220 45 229
128.093 -8.00534 -23.1177 220 45 229
127.217 -8.28677 -22.2663 220 45 229
126.827 -9.19753 -21.7967 220 45 229
127.575 -9.2613 -22.6811 220 45 229
130.721 -10.0484 -25.8804 220 45 229
129.964 -10.0086 -24.9763 220 45 229
129.624 -9.60142 -24.6131 220 45 229
129.893 -10.4328 -24.9446 220 45 229
130.762 -10.6093 -25.9274 220 45 229
129.419 -11.4722 -24.5376 220 45 229
129.925 -11.6006 -25.0526 220 45 229
127.665 -11.4689 -22.5696 220 45 229
128.914 -11.5891 -24.0511 220 45 229
128.368 -10.6713 -23.3402 220 45 229
128.555 -11.1623 -23.6048 220 45 229
127.758 -12.9116 -22.86 220 45 229
126.567 -10.1684 -21.5258 220 45 229
126.177 -10.149 -21.0319 220 45 229
163.637 -18.1212 -62.638 220 45 229
125.895 -10.2649 -20.6852 220 45 229
125.148 -10.8674 -20.0452 220 45 229
125.021 -9.91265 -19.7966 220 45 229
123.838 -10.5877 -18.8894 220 45 229
127.375 -12.4177 -22.422 220 45 229
127.058 -12.2051 -22.0463 220 45 229
126.901 -9.92502 -21.8717 220 45 229
126.157 -11.0429 -21.0578 220 45 229
126.7 -11.8746 -21.6668 220 45 229
125.972 -12.371 -21.0163 220 45 229
125.683 -12.1054 -20.6902 220 45 229
124.684 -11.4142 -19.6682 220 45 229
125.101 -12.6286 -20.1191 220 45 229
124.429 -12.2977 -19.4577 220 45 229
161.508 -17.3264 -59.8904 220 45 229
123.464 -9.45749 -18.4354 220 45 229
123.689 -10.1025 -18.7182 220 45 229
133.501 -7.27839 -28.4762 220 45 229
131.089 -8.28028 -26.1288 220 45 229
132.545 -8.61841 -27.5345 220 45 229
131.765 -8.88839 -26.9201 220 45 229
129.681 -8.10906 -24.7407 220 45 229
129.317 -8.93835 -24.3338 220 45 229
128.443 -10.5033 -23.3991 220 45 229
140.268 6.92389 -35.3725 220 45 229
138.943 6.20736 -33.6014 220 45 229
121.255 -4.59695 -16.2007 220 45 229
120.803 -4.64462 -15.832 220 45 229
120.741 -5.44216 -15.7514 220 45 229
121.657 -6.95277 -16.4342 220 45 229
122.233 -6.44482 -16.9555 220 45 229
121.167 -6.72535 -16.0033 220 45 229
120.876 -6.02619 -15.8371 220 45 229
119.819 -5.3642 -15.0904 220 45 229
119.353 -6.09957 -14.7004 220 45 229
119.924 -7.2691 -14.9948 220 45 229
122.593 -6.99742 -17.3226 220 45 229
123.03 -7.30704 -17.7135 220 45 229
161.219 -15.5394 -59.2617 220 45 229
122.745 -7.94479 -17.4596 220 45 229
123.055 -8.07505 -17.7834 220 45 229
121.144 -8.75661 -16.1336 220 45 229
121.589 -8.2253 -16.4712 220 45 229
120.888 -7.86743 -15.8825 220 45 229
120.572 -8.0702 -15.5996 220 45 229
119.623 -8.66628 -14.7453 220 45 229
119.5 -7.92913 -14.6071 220 45 229
120.46 -9.34788 -15.548 220 45 229
119.924 -9.22915 -15.052 220 45 229
124.112 -13.2068 -19.1349 220 45 229
124.005 -14.3059 -19.0921 220 45 229
122.451 -9.91084 -17.3434 220 45 229
122.362 -9.18078 -17.2017 220 45 229
123.174 -10.0099 -18.2218 220 45 229
121.743 -9.1479 -16.6648 220 45 229
123.74 -11.2033 -18.7349 220 45 229
122.225 -12.0471 -17.4124 220 45 229
122.13 -11.3367 -17.2357 220 45 229
121.194 -9.99933 -16.2622 220 45 229
121.114 -10.4784 -16.1721 220 45 229
120.874 -11.3405 -15.9504 220 45 229
120.897 -11.6468 -15.9863 220 45 229
121.374 -12.038 -16.5746 220 45 229
120.625 -10.0795 -15.7403 220 45 229
119.803 -10.2559 -14.9594 220 45 229
123.21 -11.7126 -18.1835 220 45 229
161.256 -20.0539 -59.9133 220 45 229
122.825 -12.298 -17.9053 220 45 229
122.545 -12.6436 -17.7098 220 45 229
121.734 -12.835 -17.0376 220 45 229
122.132 -13.6567 -17.3446 220 45 229
121.273 -13.6371 -16.5825 220 45 229
120.694 -13.0836 -16.0316 220 45 229
120.563 -13.9046 -15.9069 220 45 229
119.263 -5.67431 -14.6777 220 45 229
117.738 -6.44289 -13.3974 220 45 229
118.893 -7.00376 -14.1934 220 45 229
128.173 -11.1483 -23.1224 220 45 229
126.608 -12.9814 -21.7761 220 45 229
116.801 -5.80252 -12.2159 220 45 229
118.357 -6.63694 -13.8312 220 45 229
117.375 -7.09152 -12.9268 220 45 229
116.25 -5.96989 -11.4434 220 45 229
116.357 -6.79001 -11.5845 220 45 229
115.724 -6.75779 -10.7841 220 45 229
116.71 -7.61871 -12.0169 220 45 229
115.784 -7.9378 -10.8415 220 45 229
115.593 -6.40748 -10.6192 220 45 229
115.227 -6.91032 -10.2685 220 45 229
118.648 -8.27127 -14.0018 220 45 229
117.792 -8.29298 -13.3014 220 45 229
117.314 -8.50413 -12.7531 220 45 229
116.278 -8.44722 -11.4521 220 45 229
158.911 -22.2065 -57.2827 220 45 229
130.756 7.20703 -25.5078 220 45 229
160.205 -22.4246 -58.8389 220 45 229
162.625 -23.4572 -62.132 220 45 229
160.658 -25.9802 -60.0286 220 45 229
130.178 -12.6984 -25.4596 220 45 229
129.914 -14.312 -25.3607 220 45 229
129.439 -12.572 -24.678 220 45 229
128.685 -12.7256 -23.8757 220 45 229
129.36 -13.0496 -24.6853 220 45 229
128.2 -13.8582 -23.5003 220 45 229
129.057 -13.6788 -24.3833 220 45 229
129.601 -14.8091 -25.1238 220 45 229
128.27 -15.1477 -23.5916 220 45 229
128.985 -15.1126 -24.4929 220 45 229
127.635 -13.7245 -22.875 220 45 229
127.837 -13.5664 -23.0424 220 45 229
125.739 -13.3871 -20.9397 220 45 229
125.514 -13.7421 -20.7327 220 45 229
126.148 -14.9861 -21.5635 220 45 229
125.346 -14.4407 -20.6553 220 45 229
124.598 -15.2474 -19.8442 220 45 229
127.262 -14.6949 -22.6872 220 45 229
126.58 -15.084 -22.0017 220 45 229
126.966 -16.7433 -22.3193 220 45 229
128.162 -16.5758 -23.5035 220 45 229
127.956 -17.4732 -23.3349 220 45 229
127.484 -17.0585 -22.8742 220 45 229
126.05 -16.116 -21.3718 220 45 229
125.505 -15.5267 -20.9221 220 45 229
125.463 -16.2728 -20.8337 220 45 229
126.392 -17.0854 -21.7123 220 45 229
125.742 -17.0173 -21.0855 220 45 229
125.844 -17.6539 -21.1577 220 45 229
126.864 -17.3783 -22.2297 220 45 229
126.562 -18.7786 -21.9226 220 45 229
126.826 -19.291 -22.2328 220 45 229
127.092 -20.1424 -22.7347 220 45 229
126.498 -19.478 -21.9419 220 45 229
125.396 -19.8856 -20.977 220 45 229
126.787 -20.7042 -22.4239 220 45 229
126.479 -20.5433 -22.0344 220 45 229
126.61 -21.5015 -22.3606 220 45 229
100.69 6.7548 4.82159 220 45 229
124.524 -14.6879 -19.6539 220 45 229
123.982 -15.188 -19.2891 220 45 229
123.514 -13.8415 -18.6238 220 45 229
122.935 -15.3068 -18.3194 220 45 229
161.043 -22.5685 -60.051 220 45 229
122.908 -14.6959 -18.1692 220 45 229
123.4 -15.4297 -18.8475 220 45 229
122.714 -16.2799 -18.2676 220 45 229
122.653 -14.9954 -17.9791 220 45 229
125.338 -18.6466 -20.7976 220 45 229
124.125 -17.2485 -19.5269 220 45 229
161.322 -24.3814 -60.736 220 45 229
123.306 -16.2303 -18.836 220 45 229
161.755 -24.5327 -61.2417 220 45 229
123.71 -16.6493 -19.1893 220 45 229
122.67 -17.2322 -18.3608 220 45 229
124.686 -17.0682 -20.0777 220 45 229
122.137 -16.8973 -17.7546 220 45 229
123.263 -18.2949 -18.9165 220 45 229
122.338 -17.7249 -18.091 220 45 229
121.344 -14.7002 -16.6692 220 45 229
121.058 -14.9108 -16.423 220 45 229
122.408 -16.0134 -17.8827 220 45 229
159.848 -24.8968 -58.8445 220 45 229
121.398 -16.6662 -16.9809 220 45 229
121.651 -18.8447 -17.412 220 45 229
120.974 -15.7155 -16.4174 220 45 229
130.056 4.03457 -24.8836 220 45 229
124.738 -18.3419 -20.1659 220 45 229
124.99 -19.9993 -20.613 220 45 229
124.904 -19.6183 -20.4877 220 45 229
124.438 -20.6504 -20.1547 220 45 229
123.014 -19.5563 -18.7437 220 45 229
122.187 -19.6943 -18.0151 220 45 229
122.78 -20.2941 -18.6351 220 45 229
122.709 -20.939 -18.6579 220 45 229
123.945 -20.2144 -19.6413 220 45 229
124.246 -21.743 -20.0857 220 45 229
124.74 -21.5473 -20.5338 220 45 229
125.655 -21.6722 -21.3857 220 45 229
126.245 -22.3777 -22.0712 220 45 229
125.304 -22.7385 -21.1793 220 45 229
124.905 -23.5247 -20.9368 220 45 229
123.614 -22.4947 -19.5277 220 45 229
123.172 -22.2294 -19.1109 220 45 229
124.159 -23.3931 -20.1436 220 45 229
122.67 -21.5431 -18.6624 220 45 229
122.661 -22.3774 -18.6604 220 45 229
159.776 -29.0307 -59.5634 220 45 229
122.066 -22.6004 -18.1001 220 45 229
122.448 -23.5874 -18.5022 220 45 229
122.166 -21.5318 -18.177 220 45 229
122.119 -20.4849 -18.0558 220 45 229
124.132 -22.4579 -20.021 220 45 229
126.548 -18.9738 -21.9393 220 45 229
124.255 -18.6823 -19.7265 220 45 229
132.198 2.97233 -26.9285 220 45 229
122.847 -18.221 -18.5783 220 45 229
125.015 -9.75464 -19.7766 220 45 229
162.22 -18.8958 -60.8472 220 45 229
124.349 -9.40288 -19.2152 220 45 229
160.726 -18.3639 -59.1918 220 45 229
122.393 -10.3434 -17.3283 220 45 229
124.413 -11.722 -19.4134 220 45 229
160.098 -19.6279 -58.415 220 45 229
162.386 -21.3339 -61.488 220 45 229
161.732 -20.2918 -60.4926 220 45 229
123.676 -12.0074 -18.6426 220 45 229
123.287 -12.4577 -18.2788 220 45 229
115.08 -8.16779 -10.1094 220 45 229
114.963 -8.61775 -9.95381 220 45 229
114.61 -7.86269 -9.65515 220 45 229
113.736 -7.44797 -8.77188 220 45 229
113.498 -8.87295 -8.46071 220 45 229
114.622 -8.20705 -9.64898 220 45 229
114.255 -8.72065 -9.33398 220 45 229
113.222 -7.31303 -8.20783 220 45 229
113.18 -7.99295 -8.07942 220 45 229
112.442 -7.77709 -7.31958 220 45 229
111.692 -8.07768 -6.53887 220 45 229
112.733 -8.21156 -7.56535 220 45 229
112.792 -8.9522 -7.72891 220 45 229
112.462 -9.29745 -7.32817 220 45 229
113.781 -9.40279 -8.77853 220 45 229
113.596 -9.75988 -8.54793 220 45 229
113.091 -10.2435 -7.96371 220 45 229
112.642 -9.71149 -7.48817 220 45 229
111.539 -9.78558 -6.34887 220 45 229
112.15 -10.8355 -6.98794 220 45 229
112.001 -10.1264 -6.78666 220 45 229
110.972 -9.6924 -5.8204 220 45 229
111.451 -8.08002 -6.31342 220 45 229
111.15 -8.07815 -5.98176 220 45 229
110.302 -8.57872 -4.98634 220 45 229
109.201 -8.9334 -3.74638 220 45 229
153.16 -22.104 -50.9304 220 45 229
154.998 -21.123 -52.8107 220 45 229
156.71 -24.3776 -55.2935 220 45 229
129.921 4.23939 -24.7754 220 45 229
146.778 -19.4854 -43.2078 220 45 229
149.33 -20.4294 -45.944 220 45 229
159.673 -19.8058 -57.961 220 45 229
157.742 -19.4744 -55.726 220 45 229
158.111 -20.8333 -56.4371 220 45 229
158.899 -21.2146 -57.2768 220 45 229
127.57 7.06866 -23.0717 220 45 229
158.86 -22.8317 -57.3646 220 45 229
157.112 -21.3445 -55.2788 220 45 229
152.864 -22.3657 -50.6493 220 45 229
154.383 -21.3223 -52.1545 220 45 229
155.781 -21.5164 -53.7618 220 45 229
159.698 -23.3534 -58.3767 220 45 229
158.428 -24.7003 -57.108 220 45 229
158.381 -23.9923 -57.0062 220 45 229
129.717 5.39638 -24.6594 220 45 229
151.836 -22.7748 -49.7015 220 45 229
155.178 0.789864 -51.0854 220 45 229
147.088 -21.8708 -43.7785 220 45 229
155.167 -0.348771 -51.408 220 45 229
97.0576 5.47463 9.01289 220 45 229
97.9808 4.2115 8.0615 220 45 229
139.447 -5.23358 -34.4704 220 45 229
97.6516 4.40581 8.40398 220 45 229
139.082 -5.40607 -34.0925 220 45 229
97.4721 4.26598 8.61289 220 45 229
98.3884 1.89911 7.7303 220 45 229
98.8617 0.739641 7.42923 220 45 229
98.5963 1.31527 7.59669 220 45 229
97.9271 2.43724 8.25083 220 45 229
97.6598 0.844041 8.61999 220 45 229
97.0167 1.46401 9.23235 220 45 229
96.0021 2.09343 10.2165 220 45 229
96.1967 1.63867 10.0049 220 45 229
97.4866 0.975506 8.77435 220 45 229
98.3097 -0.294979 8.06909 220 45 229
98.4085 -0.552239 8.00631 220 45 229
99.4495 -1.33844 7.1245 220 45 229
98.5 -1.22693 8.04502 220 45 229
98.4518 -1.81138 8.16525 220 45 229
97.9967 -0.506227 8.3964 220 45 229
97.7499 -0.855201 8.6757 220 45 229
97.1271 -2.18998 9.33226 220 45 229
96.9536 -1.38402 9.58486 220 45 229
97.4479 -0.573356 8.97513 220 45 229
97.2796 -0.737083 9.18461 220 45 229
127.815 -31.628 -24.652 220 45 229
96.9673 -0.996449 9.56476 220 45 229
127.649 -31.5583 -24.4491 220 45 229
96.6703 -0.829346 9.91307 220 45 229
95.8733 -0.132225 10.5886 220 45 229
95.2651 0.20115 11.2372 220 45 229
94.646 -0.68733 11.8825 220 45 229
96.5381 -2.14622 10.0648 220 45 229
96.088 -2.09954 10.5317 220 45 229
97.1597 6.19678 8.85841 220 45 229
137.616 -4.3137 -32.5456 220 45 229
136.886 -4.34498 -31.8505 220 45 229
137.483 -5.90132 -32.4027 220 45 229
95.7407 3.84776 10.347 220 45 229
95.4734 4.10886 10.5368 220 45 229
95.7034 3.27813 10.4196 220 45 229
94.8988 3.47392 11.0646 220 45 229
137.184 -7.0365 -31.965 220 45 229
95.5462 2.62053 10.5675 220 45 229
140.136 -5.02437 -35.2116 220 45 229
129.953 -27.0303 -25.8213 220 45 229
98.1501 3.051 8.08034 220 45 229
97.7453 3.05457 8.51178 220 45 229
152.729 14.2996 -47.0297 220 45 229
103.604 0.310791 2.23594 220 45 229
149.055 14.0996 -43.1923 220 45 229
138.777 -7.22266 -33.6414 220 45 229
140.16 -9.70343 -35.195 220 45 229
152.44 10.9059 -46.7727 220 45 229
102.999 -3.61359 3.23947 220 45 229
102.426 -1.6253 3.888 220 45 229
103.878 -3.8804 2.07695 220 45 229
102.368 -4.9119 4.07628 220 45 229
94.4134 1.0275 12.1492 220 45 229
93.7166 0.731934 12.8481 220 45 229
94.0746 -0.328438 12.4684 220 45 229
144.745 9.61643 -38.9753 220 45 229
97.7395 -1.55745 8.72166 220 45 229
139.325 -10.3904 -34.5475 220 45 229
149.341 10.1564 -43.165 220 45 229
95.412 -1.14318 11.2003 220 45 229
141.927 10.0739 -36.5204 220 45 229
133.931 -10.851 -29.0815 220 45 229
143.99 9.96259 -38.3615 220 45 229
136.364 -14.4222 -31.9359 220 45 229
100.333 -3.33096 6.28191 220 45 229
99.9591 -3.94509 6.54492 220 45 229
99.5707 -4.23886 6.8952 220 45 229
99.7355 -3.74768 6.76988 220 45 229
100.839 -5.47604 5.73511 220 45 229
100.272 -2.4525 6.40416 220 45 229
99.8311 -1.51492 6.7062 220 45 229
100.04 -2.81289 6.62355 220 45 229
99.2574 -3.45486 7.28256 220 45 229
99.8894 -3.58822 6.63933 220 45 229
96.8104 -2.67777 9.6992 220 45 229
98.811 -3.72848 7.65393 220 45 229
97.9223 -3.59163 8.49468 220 45 229
98.1964 -4.28865 7.9434 220 45 229
99.033 -4.29711 7.37282 220 45 229
138.37 -14.1902 -33.6134 220 45 229
136.021 -13.2157 -31.4544 220 45 229
139.596 -15.8767 -34.9738 220 45 229
109.182 12.318 -4.57486 220 45 229
151.145 4.38843 -45.9317 220 45 229
153.003 5.89624 -47.897 220 45 229
153.764 6.41486 -48.9345 220 45 229
152.084 5.42718 -46.8188 220 45 229
152.388 6.90908 -47.0003 220 45 229
146.686 7.63366 -40.7501 220 45 229
151.324 5.72589 -45.9474 220 45 229
147.307 6.07456 -41.6389 220 45 229
138.925 -16.4209 -34.33 220 45 229
103.154 7.15373 2.40386 220 45 229
100.951 4.35895 4.83627 220 45 229
99.8808 6.70633 5.81653 220 45 229
151.537 17.7541 -45.5486 220 45 229
151.71 13.2043 -45.6253 220 45 229
154.483 12.6612 -48.9765 220 45 229
154.1 10.4889 -48.5898 220 45 229
125.669 -22.3826 -21.4511 220 45 229
125.05 -24.8218 -21.1687 220 45 229
124.695 -23.922 -20.7511 220 45 229
123.375 -23.9655 -19.4339 220 45 229
125.031 -23.7274 -21.0797 220 45 229
124.332 -25.2609 -20.4987 220 45 229
123.556 -25.5288 -19.77 220 45 229
124.627 -25.823 -20.8758 220 45 229
123.953 -26.6025 -20.3015 220 45 229
123.335 -26.2859 -19.6798 220 45 229
124.544 -27.2706 -21.0039 220 45 229
123.35 -27.6082 -19.9175 220 45 229
122.957 -24.6434 -19.0993 220 45 229
122.934 -25.6419 -19.1529 220 45 229
122.872 -23.64 -18.9044 220 45 229
122.112 -24.4326 -18.298 220 45 229
131.315 -4.45813 -26.4012 220 45 229
122.339 -27.2678 -18.894 220 45 229
123.307 -28.1729 -19.9029 220 45 229
133.445 -5.07598 -28.4409 220 45 229
150.692 11.4913 -44.5495 220 45 229
151.336 10.09 -45.3967 220 45 229
149.659 11.1953 -43.5529 220 45 229
128.192 -31.9022 -25.1808 220 45 229
150.908 9.18135 -45.0868 220 45 229
150.143 9.53729 -44.1379 220 45 229
122.763 -28.956 -19.5173 220 45 229
123.57 -29.0999 -20.2356 220 45 229
122.409 -28.7746 -19.1664 220 45 229
132.551 -9.57376 -27.6691 220 45 229
142.354 11.0149 -36.8304 220 45 229
149.08 16.1264 -43.488 220 45 229
108.265 -5.99335 -2.7265 220 45 229
107.382 -6.78516 -1.83135 220 45 229
106.198 -7.68667 -0.4454 220 45 229
152.387 5.91454 -47.1626 220 45 229
105.754 -7.8332 0.0952069 220 45 229
104.848 -8.19876 0.963503 220 45 229
154.257 4.94654 -49.7652 220 45 229
155.583 4.41333 -50.8608 220 45 229
154.51 4.14646 -50.0771 220 45 229
141.632 -16.5074 -37.4359 220 45 229
140.932 -16.7149 -36.6631 220 45 229
151.691 7.91494 -46.154 220 45 229
150.764 6.64741 -44.993 220 45 229
152.611 5.65041 -47.4297 220 45 229
139.655 -16.5889 -35.1839 220 45 229
149.715 4.60823 -44.1273 220 45 229
137.995 -15.6824 -33.346 220 45 229
130.829 -11.5677 -26.0264 220 45 229
131.071 -12.3344 -26.3774 220 45 229
130.788 -12.9729 -26.09 220 45 229
130.378 -14.4282 -25.8336 220 45 229
131.401 -14.8872 -26.85 220 45 229
131.427 -15.1351 -26.8683 220 45 229
131.609 -15.533 -27.045 220 45 229
130.268 -15.3964 -25.7861 220 45 229
130.187 -15.6175 -25.6948 220 45 229
130.112 -16.465 -25.6824 220 45 229
129.715 -15.1546 -25.252 220 45 229
129.473 -16.2587 -24.9473 220 45 229
129.901 -16.8426 -25.5367 220 45 229
128.5 -16.7879 -23.8274 220 45 229
128.832 -15.9848 -24.3077 220 45 229
132.309 -18.3008 -28.1713 220 45 229
131.799 -16.5183 -27.3094 220 45 229
131.867 -17.5792 -27.5638 220 45 229
131.152 -16.6074 -26.7717 220 45 229
130.384 -16.4742 -25.9898 220 45 229
131.35 -17.6584 -27.1379 220 45 229
131.024 -18.5966 -26.8808 220 45 229
130.05 -17.3259 -25.7709 220 45 229
129.26 -16.8369 -24.7929 220 45 229
129.088 -17.411 -24.6641 220 45 229
130.209 -18.8531 -26.0076 220 45 229
130.284 -18.2235 -26.0657 220 45 229
128.877 -18.5841 -24.5231 220 45 229
131.236 -18.8837 -27.127 220 45 229
131.981 -20.1545 -28.0304 220 45 229
131.266 -20.0553 -27.2833 220 45 229
131.276 -21.3817 -27.3656 220 45 229
130.998 -20.9381 -27.0454 220 45 229
130.812 -21.3035 -26.8765 220 45 229
130.335 -19.057 -26.1544 220 45 229
130.89 -20.0446 -26.8758 220 45 229
129.63 -19.5214 -25.4523 220 45 229
129.345 -20.4939 -25.2741 220 45 229
130.606 -20.2122 -26.5936 220 45 229
130.293 -20.8777 -26.3124 220 45 229
130.061 -20.7694 -26.0698 220 45 229
129.664 -21.1407 -25.5959 220 45 229
128.764 -17.2642 -24.2284 220 45 229
128.092 -17.9083 -23.5276 220 45 229
128.003 -18.3054 -23.4567 220 45 229
128.525 -18.7388 -24.1126 220 45 229
127.761 -19.2528 -23.2349 220 45 229
128.889 -20.158 -24.7095 220 45 229
129.168 -20.8195 -25.1089 220 45 229
129.02 -21.3469 -24.9836 220 45 229
128.235 -21.4082 -24.0807 220 45 229
128.18 -22.2801 -24.0619 220 45 229
127.548 -21.8379 -23.3575 220 45 229
126.956 -22.7115 -22.7472 220 45 229
133.008 -23.8187 -29.5158 220 45 229
132.892 -23.9878 -29.388 220 45 229
150.461 18.9652 -44.8795 220 45 229
132.654 -24.9929 -29.0728 220 45 229
132.23 -26.1321 -28.6038 220 45 229
132.163 -21.1006 -28.2787 220 45 229
131.996 -21.7692 -28.2076 220 45 229
131.539 -22.4468 -27.7972 220 45 229
130.167 -22.3375 -26.2704 220 45 229
130.344 -22.6199 -26.4929 220 45 229
130.741 -23.382 -27.0232 220 45 229
150.136 19.3013 -44.5609 220 45 229
132.257 -24.6898 -28.6382 220 45 229
131.154 -23.0528 -27.5172 220 45 229
132.081 -25.272 -28.4002 220 45 229
131.34 -25.3763 -27.7408 220 45 229
130.688 -25.5718 -26.9967 220 45 229
129.655 -22.1885 -25.6596 220 45 229
129.577 -24.0076 -25.5635 220 45 229
129.158 -22.8044 -25.1156 220 45 229
129.06 -23.4225 -25.0028 220 45 229
128.913 -23.9253 -24.8666 220 45 229
128.071 -23.1459 -23.9951 220 45 229
127.897 -22.6665 -23.7581 220 45 229
127.188 -22.964 -22.9706 220 45 229
126.668 -23.2522 -22.5287 220 45 229
126.847 -24.7385 -22.826 220 45 229
130.091 -24.5438 -26.2796 220 45 229
129.25 -24.7608 -25.2643 220 45 229
129.312 -25.2185 -25.4469 220 45 229
129.927 -25.8304 -26.0199 220 45 229
129.187 -26.3668 -25.2308 220 45 229
128.637 -25.1282 -24.7327 220 45 229
128.303 -25.0176 -24.3867 220 45 229
127.946 -25.4536 -24.0564 220 45 229
127.195 -25.0497 -23.1854 220 45 229
127.527 -25.2137 -23.6007 220 45 229
133.201 -25.3912 -29.6653 220 45 229
133.243 -26.6345 -29.836 220 45 229
133.628 -27.5493 -30.383 220 45 229
132.974 -25.9686 -29.4504 220 45 229
131.785 -26.7261 -28.1918 220 45 229
131.511 -26.9026 -27.8611 220 45 229
102.834 2.16337 3.02413 220 45 229
134.124 -28.3382 -31.028 220 45 229
134.198 -28.7658 -31.2091 220 45 229
132.976 -28.9475 -29.8491 220 45 229
132.295 -28.6933 -28.9235 220 45 229
132.523 -29.2209 -29.4478 220 45 229
131.654 -25.7277 -28.0128 220 45 229
129.03 -27.2664 -24.8944 220 45 229
128.707 -27.0456 -24.7382 220 45 229
127.99 -27.0587 -24.1471 220 45 229
127.702 -27.2817 -23.9077 220 45 229
126.275 -24.0517 -22.2558 220 45 229
125.241 -24.4593 -21.3079 220 45 229
126.601 -24.4607 -22.601 220 45 229
126.118 -25.3189 -22.2388 220 45 229
126.444 -25.5085 -22.5684 220 45 229
125.13 -25.9659 -21.371 220 45 229
126.643 -26.4845 -22.9349 220 45 229
125.156 -27.451 -21.5375 220 45 229
127.252 -27.9433 -23.4754 220 45 229
126.923 -27.627 -23.2925 220 45 229
126.624 -26.8902 -22.9771 220 45 229
126.995 -28.3437 -23.2309 220 45 229
126.173 -27.2601 -22.5048 220 45 229
125.691 -27.4221 -22.0771 220 45 229
124.701 -27.8506 -21.1983 220 45 229
124.232 -28.0741 -20.7176 220 45 229
125.64 -28.9167 -22.1255 220 45 229
126.189 -29.6441 -22.6021 220 45 229
125.008 -28.9869 -21.5844 220 45 229
94.1819 1.15685 12.3219 220 45 229
125.164 -29.5347 -21.745 220 45 229
124.264 -29.0326 -20.9113 220 45 229
126.671 -29.7893 -22.8786 220 45 229
135.447 -8.84521 -30.4968 220 45 229
124.845 -30.1438 -21.5623 220 45 229
124.63 -30.2283 -21.4099 220 45 229
135.365 -9.9354 -30.4751 220 45 229
124.79 -31.2605 -21.7793 220 45 229
124.811 -31.9265 -22.0066 220 45 229
123.556 -30.1231 -20.3269 220 45 229
123.79 -32.0071 -21.0678 220 45 229
144.468 -10.618 -40.1032 220 45 229
133.456 -31.911 -31.3569 220 45 229
133.157 -30.3065 -30.563 220 45 229
133.115 -30.0498 -30.529 220 45 229
133.101 -31.022 -30.5944 220 45 229
132.061 -30.1394 -29.3325 220 45 229
132.268 -31.5034 -30.0089 220 45 229
132.143 -31.7341 -29.7064 220 45 229
132.8 -32.0189 -30.61 220 45 229
133.981 -32.3414 -32.2077 220 45 229
144.496 -11.4651 -40.2188 220 45 229
133.603 -32.5251 -31.8406 220 45 229
141.92 -12.5437 -37.4481 220 45 229
152.149 8.63754 -46.7293 220 45 229
149.727 7.94416 -43.9842 220 45 229
106.915 -7.86721 -1.349 220 45 229
106.547 -7.76312 -0.911702 220 45 229
143.138 -15.3113 -38.9088 220 45 229
144.2 -16.8256 -40.3908 220 45 229
151.426 5.3619 -46.1439 220 45 229
150.868 5.75977 -45.3186 220 45 229
136.946 -12.0434 -32.1646 220 45 229
137.463 -12.7307 -32.8812 220 45 229
136.245 -11.35 -31.5321 220 45 229
150.16 5.79448 -44.3942 220 45 229
138.758 -15.7304 -34.0992 220 45 229
148.486 5.61638 -42.9837 220 45 229
140.652 -20.3659 -36.7446 220 45 229
145.884 2.71009 -40.9339 220 45 229
146.29 -15.9849 -42.3943 220 45 229
108.916 15.5448 -5.1991 220 45 229
144.178 -17.5524 -40.5016 220 45 229
109.616 14.7243 -5.72404 220 45 229
109.399 14.1843 -5.34639 220 45 229
109.162 15.1019 -5.36872 220 45 229
109.509 13.6095 -5.28309 220 45 229
109.84 11.9745 -5.14985 220 45 229
154.636 5.94792 -50.1932 220 45 229
147.651 -18.1263 -43.9425 220 45 229
155.956 2.62497 -51.5693 220 45 229
149.114 -21.2785 -45.9038 220 45 229
108.701 13.9369 -4.45901 220 45 229
108.545 15.0507 -4.58298 220 45 229
107.321 13.7531 -2.84478 220 45 229
107.793 13.5008 -3.30055 220 45 229
107.896 13.3928 -3.36384 220 45 229
108.706 11.9521 -3.90138 220 45 229
108.277 12.2193 -3.36507 220 45 229
108.274 12.5909 -3.48404 220 45 229
107.184 12.8626 -2.49918 220 45 229
107.383 11.8127 -2.44705 220 45 229
107.599 11.7029 -2.56839 220 45 229
107.063 11.0085 -2.13407 220 45 229
142.447 -16.9114 -38.4325 220 45 229
108.028 15.5219 -4.04382 220 45 229
108.064 14.8584 -3.9417 220 45 229
107.728 14.583 -3.4588 220 45 229
107.256 14.6209 -2.93285 220 45 229
143.673 -17.629 -39.9209 220 45 229
106.288 14.0614 -1.90655 220 45 229
106.016 14.0956 -1.72509 220 45 229
140.145 -18.7106 -35.9094 220 45 229
149.639 3.64524 -44.5204 220 45 229
106.555 13.3373 -1.9982 220 45 229
107.007 12.104 -2.20724 220 45 229
105.992 12.8286 -1.4003 220 45 229
106.121 12.5598 -1.47775 220 45 229
106.292 11.2966 -1.44262 220 45 229
139.181 -18.4363 -34.8905 220 45 229
148.369 2.80572 -43.5519 220 45 229
138.464 -18.6655 -34.2 220 45 229
137.064 -19.1967 -32.8903 220 45 229
137.373 -19.4959 -33.2408 220 45 229
146.364 1.68278 -41.0808 220 45 229
105.515 12.7929 -0.942476 220 45 229
104.955 12.7321 -0.352553 220 45 229
138.702 -19.9769 -34.684 220 45 229
104.327 12.1314 0.55629 220 45 229
105.404 11.6656 -0.613851 220 45 229
106.085 10.5632 -1.162 220 45 229
105.305 10.4972 -0.201712 220 45 229
104.892 11.8171 0.00474359 220 45 229
104.038 11.8286 0.986508 220 45 229
103.976 10.4321 1.31464 220 45 229
104.341 10.8972 0.842017 220 45 229
154.652 1.23115 -50.2697 220 45 229
144.732 -19.4043 -41.1742 220 45 229
149.57 0.736618 -44.4017 220 45 229
108.725 8.54163 -3.67392 220 45 229
138.536 -20.9257 -34.7545 220 45 229
110.371 7.21412 -5.25436 220 45 229
151.166 -2.74189 -45.9321 220 45 229
103.344 10.0964 2.07132 220 45 229
102.812 10.0523 2.70259 220 45 229
102.452 9.56091 3.09414 220 45 229
101.425 9.53754 4.07507 220 45 229
100.857 9.35347 4.60782 220 45 229
146.038 1.69909 -40.6875 220 45 229
136.994 -21.3597 -33.2735 220 45 229
139.621 -24.3844 -36.3638 220 45 229
106.127 7.05135 -0.552796 220 45 229
139.313 -24.6515 -36.0749 220 45 229
105.714 6.81304 -0.11209 220 45 229
104.988 6.30016 0.590874 220 45 229
143.73 -0.760875 -37.9818 220 45 229
131.6 -23.3433 -28.0124 220 45 229
101.117 6.54801 4.40911 220 45 229
