ply
format ascii 1.0
element vertex 20000
property float x
property float y
property float z
property uchar red
property uchar green
property uchar blue
end_header
-8.08301 357.978 -0.0111253 45 146 229
-8.0822 357.977 -0.00908722 45 146 229
-8.08087 357.978 -0.0127661 45 146 229
-8.06404 357.983 -0.0257613 45 146 229
-8.0927 358.009 -0.0433476 45 146 229
-8.06629 357.981 -0.0212901 45 146 229
-8.0909 357.979 -0.0116327 45 146 229
-8.06539 357.985 -0.0273296 45 146 229
-8.10576 358.0 -0.0402924 45 146 229
-8.10288 357.999 -0.0390486 45 146 229
-8.07213 357.989 -0.0339471 45 146 229
-8.08782 357.985 -0.022324 45 146 229
-8.06706 357.996 -0.0437877 45 146 229
-8.08931 357.993 0.017575 45 146 229
-8.06785 357.966 0.00867331 45 146 229
-8.09018 358.005 -0.0528036 45 146 229
-8.06621 357.983 -0.0252921 45 146 229
-8.05689 357.964 0.0129828 45 146 229
-8.05029 357.955 0.0382098 45 146 229
-8.10467 357.993 -0.02904 45 146 229
-8.08717 357.994 -0.0377502 45 146 229
-8.07888 357.992 -0.0374894 45 146 229
-8.09618 357.99 -0.0275561 45 146 229
-8.04269 357.972 0.00177328 45 146 229
-8.07235 357.969 0.00334692 45 146 229
-8.0706 357.967 0.00731159 45 146 229
-8.04103 357.959 0.0272174 45 146 229
-8.07516 357.987 -0.0298233 45 146 229
-8.06598 357.964 0.0143114 45 146 229
-8.08624 357.981 -0.0163579 45 146 229
-8.09329 358.0 -0.0291701 45 146 229
-8.08159 357.994 -0.0226503 45 146 229
-8.0896 358.009 -0.0453721 45 146 229
-8.067 358.0 -0.0406103 45 146 229
-8.08432 357.978 -0.0100917 45 146 229
-8.09455 357.994 -0.0354932 45 146 229
-8.04885 357.957 0.0321826 45 146 229
-8.04303 357.968 0.00546278 45 146 229
-8.04411 357.976 0.00210733 45 146 229
-8.04162 357.963 0.0173212 45 146 229
-8.03744 357.966 0.0293922 45 146 229
-8.06837 357.985 -0.0269077 45 146 229
-8.10971 357.995 -0.0328841 45 146 229
-8.08072 357.981 -0.0180493 45 146 229
-8.09133 358.006 -0.0386799 45 146 229
-8.06775 358.004 -0.0425373 45 146 229
-8.05088 357.972 0.0149415 45 146 229
-8.0654 357.952 0.0399799 45 146 229
-8.07391 357.973 -0.00383692 45 146 229
-8.06264 357.998 -0.0338537 45 146 229
-8.06083 357.979 -0.0182738 45 146 229
-8.07723 357.975 -0.00784691 45 146 229
-8.08861 358.004 -0.0368325 45 146 229
-8.06277 357.967 0.00586164 45 146 229
-8.06391 357.952 0.0371467 45 146 229
-8.06518 357.966 0.0505658 45 146 229
-8.09373 358.011 -0.0452245 45 146 229
-8.10526 357.985 -0.0212228 45 146 229
-8.08295 358.004 -0.039599 45 146 229
-8.06973 357.963 0.0150987 45 146 229
-8.07743 357.974 -0.00500155 45 146 229
-8.08483 358.003 -0.0363931 45 146 229
-8.11003 358.008 -0.00680856 45 146 229
-8.06103 357.99 -0.0217923 45 146 229
-8.05944 357.97 -0.001743 45 146 229
-8.08126 358.0 -0.0485068 45 146 229
-8.03803 357.957 0.0335232 45 146 229
-8.04883 357.973 0.0126148 45 146 229
-8.07617 357.989 -0.032487 45 146 229
-8.0575 357.978 -0.0177284 45 146 229
-8.04942 357.964 0.0130671 45 146 229
-8.04471 357.97 0.0204101 45 146 229
-8.05822 357.978 -0.0179258 45 146 229
-8.05224 357.959 0.026778 45 146 229
-8.09115 357.984 -0.0193813 45 146 229
-8.07902 357.998 -0.0307834 45 146 229
-8.07827 357.997 -0.0436721 45 146 229
-8.1072 357.999 -0.0376444 45 146 229
-8.09294 358.0 -0.0296014 45 146 229
-8.05615 357.959 0.0250177 45 146 229
-8.12057 358.01 -0.0452146 45 146 229
-8.08817 357.988 -0.0269862 45 146 229
-8.05189 357.973 -0.00730546 45 146 229
-8.04479 357.972 0.0137217 45 146 229
-8.0662 357.977 -0.0157709 45 146 229
-8.11762 357.995 -0.031967 45 146 229
-8.11898 358.003 -0.0385612 45 146 229
-8.06077 357.981 -0.00476484 45 146 229
-8.09336 357.997 -0.0395844 45 146 229
-8.06916 357.955 0.0271525 45 146 229
-8.1201 358.001 -0.0378978 45 146 229
-8.05483 357.963 0.0164825 45 146 229
-8.04241 357.967 0.0276053 45 146 229
-8.04435 357.958 0.0311681 45 146 229
-8.10237 358.007 -0.0376724 45 146 229
-8.10232 357.997 -0.0364336 45 146 229
-8.05618 357.972 0.015877 45 146 229
-8.10721 357.998 -0.0362948 45 146 229
-8.04473 357.973 9.24567e-05 45 146 229
-8.10642 358.007 -0.0360943 45 146 229
-8.07356 357.998 -0.0323258 45 146 229
-8.09918 358.003 -0.0454897 45 146 229
-8.11235 357.989 -0.0255479 45 146 229
-8.06264 357.975 0.00807841 45 146 229
-8.05792 357.979 -0.00219288 45 146 229
-8.0731 357.998 -0.0317663 45 146 229
-8.06229 357.983 -0.00810634 45 146 229
-8.04048 357.968 0.0265118 45 146 229
-8.05888 357.978 -0.016613 45 146 229
-8.07755 357.982 -0.0217061 45 146 229
-8.05218 357.956 0.0348927 45 146 229
-8.08406 357.988 0.0184476 45 146 229
-8.08368 357.991 -0.0334591 45 146 229
-8.07596 357.968 0.00575889 45 146 229
-8.06382 357.976 -0.0131865 45 146 229
-8.10735 357.988 -0.0234357 45 146 229
-8.096 357.997 0.0104362 45 146 229
-8.07965 357.988 -0.0307313 45 146 229
-8.08011 357.969 0.00321792 45 146 229
-8.06575 357.979 -0.0177465 45 146 229
-8.03682 357.957 0.0356859 45 146 229
-8.08 357.964 0.00890259 45 146 229
-8.08609 358.008 -0.0447682 45 146 229
-8.052 357.988 -0.0280527 45 146 229
-8.09031 357.995 0.0208991 45 146 229
-8.03085 357.964 0.0364865 45 146 229
-8.06366 357.988 -0.0371024 45 146 229
-8.07713 357.991 -0.018899 45 146 229
-8.06579 357.983 -0.0247579 45 146 229
-8.05407 357.989 -0.0200159 45 146 229
-8.05499 357.973 -0.00716974 45 146 229
-8.08068 357.996 -0.0429277 45 146 229
-8.04527 357.975 -0.00205558 45 146 229
-8.0994 358.003 -0.0328149 45 146 229
-8.06802 358.001 -0.0453182 45 146 229
-8.0607 357.977 0.00303669 45 146 229
-8.06693 357.997 -0.0435209 45 146 229
-8.06683 357.96 0.0206154 45 146 229
-8.06358 357.964 0.0147226 45 146 229
-8.07764 357.993 -0.0383882 45 146 229
-8.08251 357.976 -0.00692336 45 146 229
-8.06879 357.974 -0.00890602 45 146 229
-8.09623 357.995 -0.036162 45 146 229
-8.08353 357.979 -0.0140331 45 146 229
-8.07825 357.989 -0.0154686 45 146 229
-8.07385 358.006 -0.0429234 45 146 229
-8.07366 357.973 -0.003684 45 146 229
-8.0408 357.963 0.0195302 45 146 229
-8.07433 357.998 -0.0307075 45 146 229
-8.0537 357.962 0.0197542 45 146 229
-8.10469 357.987 -0.0223103 45 146 229
-8.09574 358.007 -0.0396424 45 146 229
-8.06324 357.984 -0.0261811 45 146 229
-8.08878 357.979 -0.0124386 45 146 229
-8.03969 357.961 0.0237833 45 146 229
-8.08593 357.989 -0.0311613 45 146 229
-8.04839 357.976 0.00456157 45 146 229
-8.09014 358.004 -0.0363828 45 146 229
-8.05372 357.981 -0.00408018 45 146 229
-8.12144 358.005 -0.0411715 45 146 229
-8.08308 357.996 -0.0260206 45 146 229
-8.06292 357.958 0.0252192 45 146 229
-8.08569 357.982 -0.0178325 45 146 229
-8.09301 357.992 -0.0330854 45 146 229
-8.07167 357.963 0.0140006 45 146 229
-8.0548 357.976 0.00464117 45 146 229
-8.08057 357.965 0.00881146 45 146 229
-8.04794 357.955 0.0396899 45 146 229
-8.04353 357.971 -0.00279478 45 146 229
-8.03955 357.959 0.0268916 45 146 229
-8.05525 357.958 0.0293885 45 146 229
-8.06749 357.959 0.0211262 45 146 229
-8.06186 357.989 -0.0199833 45 146 229
-8.06844 358.0 -0.0485899 45 146 229
-8.04585 357.964 0.0147095 45 146 229
-8.10028 357.985 -0.0201349 45 146 229
-8.07479 357.963 0.0123272 45 146 229
-8.08797 357.99 0.0142463 45 146 229
-8.05919 357.958 0.0282441 45 146 229
-8.11265 358.008 -0.046373 45 146 229
-8.04716 357.96 0.0262908 45 146 229
-8.07122 358.003 -0.0388702 45 146 229
-8.08718 358.0 -0.045482 45 146 229
-8.02996 357.959 0.0306427 45 146 229
-8.06283 357.958 0.0265114 45 146 229
-8.07864 357.975 -0.00717826 45 146 229
-8.06239 357.985 -0.0276956 45 146 229
-8.06337 357.958 0.024613 45 146 229
-8.07609 357.972 -0.000912192 45 146 229
-8.05864 357.956 0.0321948 45 146 229
-8.1074 357.994 -0.0307797 45 146 229
-8.07536 357.973 -0.00387327 45 146 229
-8.09908 358.002 0.0122687 45 146 229
-8.06323 357.984 -0.0260326 45 146 229
-8.10155 357.992 -0.02939 45 146 229
-8.06416 357.97 0.000973717 45 146 229
-8.10102 357.996 -0.0360492 45 146 229
-8.07118 357.955 0.0257743 45 146 229
-8.1008 358.001 -0.0424932 45 146 229
-8.07779 357.989 -0.0325361 45 146 229
-8.06496 357.953 0.0361374 45 146 229
-8.05846 357.975 -0.0123644 45 146 229
-8.05184 357.962 0.0195165 45 146 229
-8.03892 357.961 0.0207729 45 146 229
-8.0999 357.995 -0.0340029 45 146 229
-8.07153 357.956 0.0254631 45 146 229
-8.0574 357.965 0.00987769 45 146 229
-8.08952 358.007 -0.040758 45 146 229
-8.10144 357.978 -0.0123008 45 146 229
-8.05369 357.971 -0.0027675 45 146 229
-8.06527 357.982 -0.00520543 45 146 229
-8.06655 357.978 0.00233271 45 146 229
-8.0654 357.985 -0.0276347 45 146 229
-8.09723 358.001 0.0168615 45 146 229
-8.0618 357.975 0.00898998 45 146 229
-8.07106 357.967 0.00681767 45 146 229
-8.09581 358.006 -0.0371572 45 146 229
-8.05142 357.973 -0.00721757 45 146 229
-8.07996 357.975 -0.00619098 45 146 229
-8.10151 357.993 -0.0298016 45 146 229
-8.07699 357.978 -0.0133133 45 146 229
-8.07207 358.007 -0.0460614 45 146 229
-8.09204 357.983 -0.0169479 45 146 229
-8.08254 357.98 -0.0156881 45 146 229
-8.04819 357.985 -0.0237932 45 146 229
-8.05683 357.953 0.0393835 45 146 229
-8.06527 357.962 0.0171604 45 146 229
-8.06832 357.971 0.00091478 45 146 229
-8.04451 357.972 -0.0034368 45 146 229
-8.06534 357.985 -0.0115489 45 146 229
-8.07335 357.99 -0.0195369 45 146 229
-8.05318 357.975 -0.0130082 45 146 229
-8.06074 357.964 0.0130777 45 146 229
-8.07302 357.985 -0.0270279 45 146 229
-8.0344 357.963 0.018121 45 146 229
-8.04076 357.958 0.0314387 45 146 229
-8.06946 357.962 0.0164361 45 146 229
-8.046 357.976 -0.00356698 45 146 229
-8.05976 357.965 0.0109696 45 146 229
-8.06133 357.981 -0.00370191 45 146 229
-8.08686 358.008 -0.0539221 45 146 229
-8.1099 357.992 -0.0277988 45 146 229
-8.09862 357.998 -0.0385995 45 146 229
-8.08385 357.985 -0.0242436 45 146 229
-8.08097 357.982 -0.0192552 45 146 229
-8.08068 357.999 -0.0470527 45 146 229
-8.06083 357.96 0.0232708 45 146 229
-8.04379 357.974 -0.00493159 45 146 229
-8.03585 357.963 0.01931 45 146 229
-8.0691 357.986 -0.0291647 45 146 229
-8.084 357.988 0.0237658 45 146 229
-8.09833 357.991 -0.0279509 45 146 229
-8.08932 357.99 -0.0302559 45 146 229
-8.09152 357.994 -0.0361987 45 146 229
-8.06534 357.987 -0.016549 45 146 229
-8.07243 358.002 -0.0373227 45 146 229
-8.09525 357.999 -0.0414847 45 146 229
-8.08646 357.985 -0.0237733 45 146 229
-8.07935 357.994 -0.0238444 45 146 229
-8.09719 357.984 -0.0173769 45 146 229
-8.06787 357.973 -0.00662605 45 146 229
-8.1085 357.994 -0.0308282 45 146 229
-8.08706 358.002 -0.0488476 45 146 229
-8.07721 357.991 -0.0366113 45 146 229
-8.07142 357.983 -0.0232689 45 146 229
-8.06704 357.973 -0.00666149 45 146 229
-8.05155 357.953 0.041556 45 146 229
-8.09492 358.007 -0.0389958 45 146 229
-8.03393 357.964 0.0358522 45 146 229
-8.07918 357.977 -0.00944844 45 146 229
-8.03514 357.963 0.0387795 45 146 229
-8.07055 357.978 -0.0164023 45 146 229
-8.10534 358.0 -0.0400282 45 146 229
-8.06562 357.956 0.0286251 45 146 229
-8.06958 357.962 0.0155068 45 146 229
-8.11834 358.004 -0.0407556 45 146 229
-8.09981 357.999 0.000854157 45 146 229
-8.06928 357.97 0.00173787 45 146 229
-8.05114 357.964 0.0135643 45 146 229
-8.06368 357.97 -0.00131885 45 146 229
-8.10402 358.0 -0.040125 45 146 229
-8.05268 357.968 0.00480606 45 146 229
-8.08613 357.998 -0.0282221 45 146 229
-8.06578 357.978 -0.0165278 45 146 229
-8.05166 357.987 -0.0292559 45 146 229
-8.08076 358.007 -0.0535225 45 146 229
-8.08465 358.0 -0.0469292 45 146 229
-8.06117 357.97 -0.00145938 45 146 229
-8.06376 357.984 -0.00939737 45 146 229
-8.04835 357.962 0.0204751 45 146 229
-8.05884 357.952 0.0405395 45 146 229
-8.03243 357.962 0.0424305 45 146 229
-8.10407 357.988 -0.0233097 45 146 229
-8.03287 357.969 0.0241077 45 146 229
-8.08143 357.963 0.0110543 45 146 229
-8.06929 357.988 -0.0323165 45 146 229
-8.06423 357.971 -0.00298483 45 146 229
-8.08215 357.973 -0.00216448 45 146 229
-8.10937 357.996 -0.0333797 45 146 229
-8.09305 357.992 -0.0330326 45 146 229
-8.05317 357.984 -0.0105023 45 146 229
-8.07655 358.001 -0.0501436 45 146 229
-8.07608 357.98 -0.0175066 45 146 229
-8.08279 357.979 -0.0138715 45 146 229
-8.09041 357.983 -0.0173783 45 146 229
-8.07995 357.961 0.0138209 45 146 229
-8.07276 357.964 0.0122609 45 146 229
-8.06271 357.988 -0.017452 45 146 229
-8.07198 357.984 -0.0254562 45 146 229
-8.04939 357.953 0.0411699 45 146 229
-8.12139 358.011 -0.0452666 45 146 229
-8.04096 357.96 0.025165 45 146 229
-8.05525 357.979 -0.0192993 45 146 229
-8.08519 358.0 -0.0323703 45 146 229
-8.04741 357.974 0.00914274 45 146 229
-8.09996 357.996 -0.0352126 45 146 229
-8.06781 358.0 -0.0430715 45 146 229
-8.07075 357.966 0.00896787 45 146 229
-8.10272 357.996 -0.0355644 45 146 229
-8.03436 357.96 0.0263355 45 146 229
-8.11394 358.003 -0.0415574 45 146 229
-8.09984 357.985 -0.0200468 45 146 229
-8.04755 357.968 0.00352073 45 146 229
-8.05894 357.988 -0.0179522 45 146 229
-8.11067 357.996 -0.032736 45 146 229
-8.10838 358.003 -0.0437744 45 146 229
-8.05227 357.984 -0.0107371 45 146 229
-8.0584 357.954 0.0375219 45 146 229
-8.06138 357.992 -0.0246853 45 146 229
-8.11335 357.999 -0.0360278 45 146 229
-8.04781 357.983 -0.0212759 45 146 229
-8.06388 357.996 -0.0368987 45 146 229
-8.0715 357.998 -0.0484051 45 146 229
-8.06346 357.965 0.0131189 45 146 229
-8.06507 357.979 -0.0182775 45 146 229
-8.08576 357.968 0.00381874 45 146 229
-8.1011 358.002 0.00518897 45 146 229
-8.08699 357.986 -0.023847 45 146 229
-8.02866 357.964 0.0352131 45 146 229
-8.07518 357.994 -0.0238889 45 146 229
-8.05711 357.979 0.000120037 45 146 229
-8.02993 357.963 0.0392853 45 146 229
-8.04072 357.959 0.0270682 45 146 229
-8.09795 358.001 0.0131808 45 146 229
-8.05278 357.966 0.0075657 45 146 229
-8.06279 357.963 0.0156457 45 146 229
-8.07906 357.988 -0.0137497 45 146 229
-8.0669 357.964 0.0143906 45 146 229
-8.09656 357.993 -0.0332415 45 146 229
-8.05947 357.959 0.0258452 45 146 229
-8.06507 357.975 -0.0101908 45 146 229
-8.09414 357.995 -0.0362048 45 146 229
-8.09441 357.99 -0.028119 45 146 229
-8.06229 357.956 0.0303905 45 146 229
-8.06026 357.965 0.012087 45 146 229
-8.09516 357.994 -0.0344838 45 146 229
-8.03881 357.961 0.0218599 45 146 229
-8.048 357.971 -0.00164226 45 146 229
-8.10642 358.004 -0.0447769 45 146 229
-8.07541 357.959 0.0181211 45 146 229
-8.06486 357.958 0.0238293 45 146 229
-8.06008 357.962 0.0184115 45 146 229
-8.0908 357.987 -0.0247587 45 146 229
-8.07048 357.966 0.0094852 45 146 229
-8.06896 357.961 0.0178737 45 146 229
-8.11256 358.002 -0.0407556 45 146 229
-8.08272 357.988 -0.012481 45 146 229
-8.08462 357.981 -0.0158348 45 146 229
-8.06579 357.98 -0.00188576 45 146 229
-8.06639 357.975 -0.0108461 45 146 229
-8.086 358.005 -0.0528174 45 146 229
-8.07069 358.003 -0.0537278 45 146 229
-8.10887 357.998 -0.0361764 45 146 229
-8.06915 357.985 -0.0279183 45 146 229
-8.06733 357.985 -0.0271505 45 146 229
-8.08058 357.979 -0.0134542 45 146 229
-8.06549 357.98 -0.0197746 45 146 229
-8.06529 357.964 0.0135556 45 146 229
-8.11053 357.995 -0.0316243 45 146 229
-8.09053 357.996 -0.0390494 45 146 229
-8.08547 357.982 -0.0165138 45 146 229
-8.09007 357.987 -0.0252651 45 146 229
-8.08814 358.001 -0.0462441 45 146 229
-8.05825 357.993 -0.027506 45 146 229
-8.04351 357.961 0.0225134 45 146 229
-8.08139 357.989 -0.0319559 45 146 229
-8.08265 357.977 -0.00967507 45 146 229
-8.0421 357.961 0.0219193 45 146 229
-8.08665 357.989 0.0141261 45 146 229
-8.04289 357.959 0.0270652 45 146 229
-8.07959 357.993 -0.0377068 45 146 229
-8.08847 357.988 -0.0275457 45 146 229
-8.02765 357.968 0.0140104 45 146 229
-8.07129 357.971 0.000819639 45 146 229
-8.09942 357.994 -0.0335261 45 146 229
-8.05738 357.959 0.0260334 45 146 229
-8.07607 357.971 0.000249048 45 146 229
-8.11164 358.008 -0.0140044 45 146 229
-8.05905 357.987 -0.0172273 45 146 229
-8.05334 357.953 0.0406473 45 146 229
-8.0333 357.964 0.0167018 45 146 229
-8.04652 357.955 0.0405445 45 146 229
-8.0849 358.007 -0.0426405 45 146 229
-8.10705 358.001 -0.0414294 45 146 229
-8.08353 357.986 -0.0251816 45 146 229
-8.06054 357.981 -0.00503366 45 146 229
-8.06293 357.982 -0.0237787 45 146 229
-8.04276 357.956 0.0373269 45 146 229
-8.07141 357.971 -0.00116761 45 146 229
-8.09284 357.998 -0.0273003 45 146 229
-8.1017 357.982 -0.0165467 45 146 229
-8.02957 357.964 0.0355165 45 146 229
-8.02697 357.961 0.0294051 45 146 229
-8.10758 357.999 -0.0379337 45 146 229
-8.10888 357.991 -0.0271435 45 146 229
-8.05466 357.975 0.0087832 45 146 229
-8.05383 357.973 0.0132202 45 146 229
-8.06355 357.958 0.0256118 45 146 229
-8.05824 357.982 -0.00698903 45 146 229
-8.07298 357.967 0.00804638 45 146 229
-8.07345 357.991 -0.0373411 45 146 229
-8.07046 357.959 0.0205712 45 146 229
-8.10814 357.996 -0.0333602 45 146 229
-8.08834 357.982 -0.0159669 45 146 229
-8.10993 358.002 -0.0418761 45 146 229
-8.043 357.959 0.03058 45 146 229
-8.05693 357.977 0.00368591 45 146 229
-8.05647 357.981 -0.0225402 45 146 229
-8.0638 357.978 -0.01634 45 146 229
-8.03619 357.963 0.0371551 45 146 229
-8.03845 357.959 0.0276291 45 146 229
-8.07075 357.959 0.0199308 45 146 229
-8.05789 357.985 -0.0135924 45 146 229
-8.04911 357.967 0.00596597 45 146 229
-8.04158 357.957 0.0340006 45 146 229
-8.06143 357.978 -0.0166538 45 146 229
-8.07417 357.965 0.00961055 45 146 229
-8.08406 357.988 0.0232317 45 146 229
-8.09744 357.992 -0.0311759 45 146 229
-8.10019 357.988 -0.0228923 45 146 229
-8.05274 357.972 0.0154604 45 146 229
-8.04155 357.971 0.0169951 45 146 229
-8.05099 357.977 0.0038639 45 146 229
-8.08657 357.978 -0.0099226 45 146 229
-8.10131 358.002 0.00656709 45 146 229
-8.0318 357.959 0.0292161 45 146 229
-8.05517 357.974 0.00884354 45 146 229
-8.05755 357.98 -0.00234879 45 146 229
-8.04715 357.958 0.0304493 45 146 229
-8.03945 357.97 0.0211634 45 146 229
-8.0468 357.982 -0.000639093 45 146 229
-8.05314 357.975 0.00737708 45 146 229
-8.10368 357.995 -0.0320184 45 146 229
-8.05294 357.981 -0.0211871 45 146 229
-8.04656 357.968 0.00286306 45 146 229
-8.05971 357.964 0.0143914 45 146 229
-8.06122 357.967 0.00715506 45 146 229
-8.0657 357.969 0.00281061 45 146 229
-8.03803 357.968 0.0256909 45 146 229
-8.10441 357.989 -0.0252965 45 146 229
-8.07355 358.001 -0.0353173 45 146 229
-8.07768 357.987 -0.0294555 45 146 229
-8.08874 357.988 -0.0282678 45 146 229
-8.07388 357.975 -0.00941405 45 146 229
-8.05074 357.958 0.0292167 45 146 229
-8.06942 358.001 -0.0517641 45 146 229
-8.06375 357.957 0.0259402 45 146 229
-8.07393 358.005 -0.0414232 45 146 229
-8.07779 357.965 0.00805518 45 146 229
-8.10483 357.987 -0.0225628 45 146 229
-8.04068 357.964 0.0149557 45 146 229
-8.02948 357.965 0.0349145 45 146 229
-8.04371 357.959 0.0309862 45 146 229
-8.06307 357.999 -0.0346238 45 146 229
-8.06516 357.957 0.0252052 45 146 229
-8.04459 357.976 -0.0101817 45 146 229
-8.04484 357.969 0.00387731 45 146 229
-8.07781 357.963 0.0115083 45 146 229
-8.06294 357.978 0.00304782 45 146 229
-8.09347 357.985 -0.0197357 45 146 229
-8.09015 357.982 -0.0153116 45 146 229
-8.07181 357.969 0.00373474 45 146 229
-8.03195 357.963 0.0383287 45 146 229
-8.0857 357.985 -0.0240018 45 146 229
-8.08952 357.995 -0.0217944 45 146 229
-8.06265 357.967 0.00840184 45 146 229
-8.07262 357.96 0.0178393 45 146 229
-8.04826 357.974 0.00900548 45 146 229
-8.05955 357.967 0.00680034 45 146 229
-8.07228 357.969 0.00435742 45 146 229
-8.04484 357.977 0.00100534 45 146 229
-8.08926 357.993 0.0211062 45 146 229
-8.04934 357.965 0.0102138 45 146 229
-8.07335 357.975 -0.00883079 45 146 229
-8.1054 358.006 0.00150468 45 146 229
-8.08554 357.989 -0.0138313 45 146 229
-8.08923 358.001 -0.0466422 45 146 229
-8.09111 357.984 -0.0186577 45 146 229
-8.06114 357.975 0.00885605 45 146 229
-8.05547 357.963 0.0148438 45 146 229
-8.10623 358.006 0.0012436 45 146 229
-8.07486 357.983 -0.0229628 45 146 229
-8.04537 357.962 0.0191867 45 146 229
-8.08213 357.989 -0.0134205 45 146 229
-8.06213 357.958 0.0258793 45 146 229
-8.04118 357.969 0.0239117 45 146 229
-8.05686 357.974 0.0105831 45 146 229
-8.05762 357.952 0.0412364 45 146 229
-8.08633 357.992 -0.0179619 45 146 229
-8.03057 357.966 0.0311282 45 146 229
-8.07415 357.976 -0.0106557 45 146 229
-8.1177 357.994 -0.0298875 45 146 229
-8.11782 357.994 -0.0294464 45 146 229
-8.07918 357.986 -0.0276804 45 146 229
-8.07053 357.963 0.0150744 45 146 229
-8.0707 357.962 0.0160849 45 146 229
-8.06013 357.966 0.00831197 45 146 229
-8.03827 357.97 0.0215654 45 146 229
-8.09387 357.991 -0.0302472 45 146 229
-8.07036 357.965 0.0104296 45 146 229
-8.09491 358.001 -0.0301029 45 146 229
-8.08096 357.987 -0.011272 45 146 229
-8.06808 357.974 -0.00905902 45 146 229
-8.10062 358.002 -0.0444502 45 146 229
-8.07478 357.985 -0.0263763 45 146 229
-8.05054 357.958 0.0290776 45 146 229
-8.0731 357.987 -0.0294253 45 146 229
-8.05196 357.961 0.0213437 45 146 229
-8.05165 357.97 -0.000799856 45 146 229
-8.05584 357.981 -0.00469192 45 146 229
-8.06656 357.969 0.00236871 45 146 229
-8.0775 357.975 -0.00673205 45 146 229
-8.07288 357.973 -0.00400548 45 146 229
-8.06818 357.968 0.00487516 45 146 229
-8.05313 357.954 0.0394794 45 146 229
-8.07157 357.99 -0.0370598 45 146 229
-8.06329 357.963 0.0163469 45 146 229
-8.05723 357.975 -0.0114742 45 146 229
-8.03905 357.965 0.0130153 45 146 229
-8.07485 357.974 -0.0053781 45 146 229
-8.0989 357.988 -0.0239002 45 146 229
-8.09332 357.996 -0.0379017 45 146 229
-8.11369 357.999 -0.036963 45 146 229
-8.0448 357.971 0.0164798 45 146 229
-8.04662 357.958 0.0323998 45 146 229
-8.10551 357.983 -0.0189426 45 146 229
-8.09945 358.001 0.00807119 45 146 229
-8.06945 357.968 0.00490782 45 146 229
-8.05731 357.974 0.0118254 45 146 229
-8.07711 358.005 -0.0408449 45 146 229
-8.03633 357.97 0.0201084 45 146 229
-8.07404 357.966 0.0095933 45 146 229
-8.05696 357.969 0.00171905 45 146 229
-8.06827 357.981 -0.0215536 45 146 229
-8.04912 357.963 0.0152621 45 146 229
-8.05179 357.962 0.018722 45 146 229
-8.04016 357.958 0.0309806 45 146 229
-8.07861 357.978 -0.0136875 45 146 229
-8.0505 357.969 0.00189678 45 146 229
-8.07721 357.962 0.0126095 45 146 229
-8.09467 357.985 -0.0194337 45 146 229
-8.07532 357.967 0.00662416 45 146 229
-8.04374 357.977 0.00568794 45 146 229
-8.07538 357.973 -0.00240636 45 146 229
-8.04633 357.973 0.0117154 45 146 229
-8.06848 357.959 0.0206782 45 146 229
-8.08716 357.997 -0.02661 45 146 229
-8.05466 357.967 0.00470599 45 146 229
-8.08864 357.986 -0.0251385 45 146 229
-8.0555 357.954 0.0383842 45 146 229
-8.06232 357.993 -0.0258066 45 146 229
-8.07713 358.004 -0.0395752 45 146 229
-8.09791 357.993 -0.0325301 45 146 229
-8.09446 358.003 -0.0474733 45 146 229
-8.08719 357.99 0.0147644 45 146 229
-8.07222 357.993 -0.0393132 45 146 229
-8.05099 357.953 0.0424056 45 146 229
-8.06375 357.994 -0.0368013 45 146 229
-8.0641 357.966 0.0104822 45 146 229
-8.10834 357.984 -0.0201798 45 146 229
-8.0921 358.004 -0.0357817 45 146 229
-8.09351 357.996 -0.0375796 45 146 229
-8.07142 357.989 -0.0340455 45 146 229
-8.07916 357.995 -0.0242859 45 146 229
-8.04041 357.957 0.0348643 45 146 229
-8.11756 357.994 -0.0307972 45 146 229
-8.04793 357.983 -0.022153 45 146 229
-8.06608 357.958 0.0233546 45 146 229
-8.06594 357.979 -0.0183932 45 146 229
-8.07991 357.976 -0.00869483 45 146 229
-8.0566 357.965 0.0117688 45 146 229
-8.08797 357.972 -0.00241426 45 146 229
-8.08088 357.977 -0.0108961 45 146 229
-8.10167 357.987 -0.0230233 45 146 229
-8.06501 357.983 -0.0251726 45 146 229
-8.05781 357.993 -0.0243357 45 146 229
-8.07421 357.989 -0.0338618 45 146 229
-8.07702 357.986 -0.0284088 45 146 229
-8.09151 358.008 -0.041533 45 146 229
-8.04044 357.968 0.00687318 45 146 229
-8.05927 357.963 0.0157285 45 146 229
-8.0846 357.989 -0.0304019 45 146 229
-8.04036 357.957 0.0363606 45 146 229
-8.09535 357.997 0.01195 45 146 229
-8.10405 358.009 -0.039931 45 146 229
-8.10036 357.985 -0.0205401 45 146 229
-8.05202 357.981 -0.0222254 45 146 229
-8.06264 357.958 0.0255473 45 146 229
-8.06706 357.999 -0.0468495 45 146 229
-8.07214 357.976 -0.0104782 45 146 229
-8.03889 357.972 0.00908806 45 146 229
-8.10186 358.0 -0.000728144 45 146 229
-8.06084 357.978 -0.016295 45 146 229
-8.0844 357.98 -0.0141422 45 146 229
-8.06836 357.999 -0.0468783 45 146 229
-8.07682 357.986 -0.0277182 45 146 229
-8.07156 357.987 -0.0146308 45 146 229
-8.06023 357.998 -0.0378479 45 146 229
-8.05301 357.954 0.0395929 45 146 229
-8.06602 357.977 -0.015268 45 146 229
-8.0552 357.966 0.00777245 45 146 229
-8.08074 357.982 -0.0207897 45 146 229
-8.10458 357.997 -0.0361031 45 146 229
-8.1063 357.99 -0.0262254 45 146 229
-8.08368 357.994 -0.0227096 45 146 229
-8.04451 357.974 0.000182878 45 146 229
-8.08768 357.979 -0.0119677 45 146 229
-8.06151 357.975 -0.0121963 45 146 229
-8.10826 358.002 -0.0415458 45 146 229
-8.10962 357.994 -0.0306632 45 146 229
-8.03878 357.958 0.0320126 45 146 229
-8.0857 357.999 -0.0296996 45 146 229
-8.04209 357.959 0.0345918 45 146 229
-8.07674 357.963 0.0110335 45 146 229
-8.10763 358.008 0.00188697 45 146 229
-8.10157 358.006 -0.036643 45 146 229
-8.10909 357.993 -0.0299075 45 146 229
-8.05558 357.984 -0.0115946 45 146 229
-8.05413 357.965 0.010157 45 146 229
-8.08108 357.997 -0.0276371 45 146 229
-8.11381 358.007 -0.0455974 45 146 229
-8.05829 357.985 -0.0131679 45 146 229
-8.04212 357.957 0.0343372 45 146 229
-8.07967 357.979 -0.0155236 45 146 229
-8.12032 357.994 -0.0299908 45 146 229
-8.07808 357.961 0.0150003 45 146 229
-8.12192 358.005 -0.0411902 45 146 229
-8.10259 357.989 -0.0244409 45 146 229
-8.06577 357.969 0.00197077 45 146 229
-8.11115 358.0 -0.0384609 45 146 229
-8.08774 357.992 0.0228706 45 146 229
-8.0761 357.964 0.0111645 45 146 229
-8.1121 357.995 -0.0312348 45 146 229
-8.05487 357.962 0.0198057 45 146 229
-8.06809 357.999 -0.0469693 45 146 229
-8.07933 357.991 -0.0350878 45 146 229
-8.07044 357.966 0.00927193 45 146 229
-8.0431 357.961 0.0220746 45 146 229
-8.06806 357.969 0.00337378 45 146 229
-8.03972 357.959 0.0314894 45 146 229
-8.05355 357.958 0.030881 45 146 229
-8.06687 357.978 -0.016946 45 146 229
-8.08327 357.988 0.0242637 45 146 229
-8.06308 357.979 -0.0179787 45 146 229
-8.07779 357.977 -0.0104653 45 146 229
-8.04298 357.958 0.0308018 45 146 229
-8.08045 357.975 -0.00540526 45 146 229
-8.05188 357.971 -0.00416669 45 146 229
-8.08973 357.998 -0.0272686 45 146 229
-8.05133 357.968 0.00376995 45 146 229
-8.10391 357.991 -0.026965 45 146 229
-8.10476 358.003 -0.0449353 45 146 229
-8.06806 357.974 -0.00893498 45 146 229
-8.05997 357.974 -0.0094297 45 146 229
-8.09585 357.992 -0.0315374 45 146 229
-8.05235 357.974 -0.0110658 45 146 229
-8.0279 357.965 0.0335765 45 146 229
-8.02864 357.959 0.0327116 45 146 229
-8.05527 357.958 0.0296856 45 146 229
-8.0714 357.964 0.0128328 45 146 229
-8.08863 357.976 -0.00777718 45 146 229
-8.04015 357.959 0.0274734 45 146 229
-8.06705 357.956 0.0277226 45 146 229
-8.06449 357.991 -0.0224496 45 146 229
-8.05532 357.956 0.0327788 45 146 229
-8.04329 357.973 0.0116042 45 146 229
-8.09866 357.997 -0.0381356 45 146 229
-8.11305 358.001 -0.0393636 45 146 229
-8.12219 358.0 -0.0363291 45 146 229
-8.04657 357.966 0.00883621 45 146 229
-8.02862 357.964 0.036367 45 146 229
-8.08813 357.974 -0.00542655 45 146 229
-8.06309 357.999 -0.0348809 45 146 229
-8.10811 357.986 -0.0224623 45 146 229
-8.07902 357.98 -0.0181589 45 146 229
-8.06644 357.97 -3.47475e-05 45 146 229
-8.06391 357.979 0.000510432 45 146 229
-8.0649 357.956 0.0271636 45 146 229
-8.06916 357.979 -0.0185743 45 146 229
-8.05677 357.958 0.0290966 45 146 229
-8.10559 358.006 -0.0348782 45 146 229
-8.06735 357.985 -0.0271722 45 146 229
-8.08329 358.005 -0.0399759 45 146 229
-8.04152 357.963 0.0176117 45 146 229
-8.07339 357.974 -0.00659439 45 146 229
-8.08296 357.991 -0.0177468 45 146 229
-8.12306 358.012 -0.0442432 45 146 229
-8.09228 358.004 -0.0356042 45 146 229
-8.06812 357.998 -0.048488 45 146 229
-8.06396 357.962 0.0178304 45 146 229
-8.08248 357.981 -0.017667 45 146 229
-8.10571 358.002 -0.0429945 45 146 229
-8.04665 357.964 0.013803 45 146 229
-8.07943 358.001 -0.0493376 45 146 229
-8.05247 357.968 0.00431799 45 146 229
-8.08215 357.993 -0.038206 45 146 229
-8.03053 357.963 0.019633 45 146 229
-8.12003 358.009 -0.0450947 45 146 229
-8.07694 357.994 -0.0248321 45 146 229
-8.06916 357.996 -0.0288475 45 146 229
-8.0779 357.989 -0.0168551 45 146 229
-8.10533 357.994 -0.0304544 45 146 229
-8.0879 357.999 -0.0292278 45 146 229
-8.02566 357.965 0.0352809 45 146 229
-8.05682 357.961 0.0202485 45 146 229
-8.04851 357.963 0.0161807 45 146 229
-8.09326 358.004 -0.0355525 45 146 229
-8.07314 357.983 -0.0230495 45 146 229
-8.09067 357.981 -0.0147419 45 146 229
-8.09707 357.985 -0.019508 45 146 229
-8.06086 357.974 0.0107402 45 146 229
-8.06184 357.957 0.0273596 45 146 229
-8.08945 358.002 -0.0328212 45 146 229
-8.05159 357.965 0.0114583 45 146 229
-8.08177 357.978 -0.0116569 45 146 229
-8.05207 357.968 0.00279478 45 146 229
-8.03778 357.969 0.0226257 45 146 229
-8.11239 357.994 -0.0311283 45 146 229
-8.03694 357.966 0.031011 45 146 229
-8.05223 357.952 0.0437156 45 146 229
-8.11986 358.009 -0.0452369 45 146 229
-8.07202 357.964 0.0114408 45 146 229
-8.08519 358.0 -0.0320675 45 146 229
-8.07636 357.98 -0.0181658 45 146 229
-8.05268 357.964 0.0146197 45 146 229
-8.11665 358.008 -0.04579 45 146 229
-8.10894 358.007 -0.0465911 45 146 229
-8.05241 357.984 -0.0102322 45 146 229
-8.05949 357.972 -0.00541178 45 146 229
-8.04063 357.962 0.0202152 45 146 229
-8.04348 357.958 0.0321724 45 146 229
-8.05725 357.961 0.0218663 45 146 229
-8.07899 357.966 0.00779403 45 146 229
-8.05852 357.963 0.0176222 45 146 229
-8.07324 357.994 -0.0244336 45 146 229
-8.07396 357.971 0.00127751 45 146 229
-8.07149 357.968 0.00503049 45 146 229
-8.08137 357.978 -0.012069 45 146 229
-8.07204 357.988 -0.0316291 45 146 229
-8.09702 357.994 -0.0344737 45 146 229
-8.07796 357.967 0.00710172 45 146 229
-8.06488 357.958 0.0242569 45 146 229
-8.09208 357.984 -0.0183547 45 146 229
-8.09659 357.977 -0.010416 45 146 229
-8.03168 357.964 0.0351133 45 146 229
-8.06719 357.96 0.0211315 45 146 229
-8.06055 357.964 0.0151738 45 146 229
-8.11999 357.996 -0.0319245 45 146 229
-8.04647 357.974 0.00938188 45 146 229
-8.04686 357.965 0.0121548 45 146 229
-8.05757 357.993 -0.0236943 45 146 229
-8.06897 357.973 -0.0064898 45 146 229
-8.07841 357.976 -0.00779966 45 146 229
-8.04739 357.959 0.0264497 45 146 229
-8.0665 357.991 -0.0214101 45 146 229
-8.05962 357.965 0.0109528 45 146 229
-8.0411 357.96 0.0255018 45 146 229
-8.04677 357.955 0.0395838 45 146 229
-8.08055 357.979 -0.0149746 45 146 229
-8.06143 357.969 0.000939524 45 146 229
-8.12164 358.004 -0.0407831 45 146 229
-8.04946 357.959 0.028108 45 146 229
-8.06911 357.964 0.0131939 45 146 229
-8.06714 357.974 -0.0078378 45 146 229
-8.11365 357.995 -0.0328252 45 146 229
-8.06694 357.958 0.0231512 45 146 229
-8.02953 357.966 0.0302584 45 146 229
-8.03762 357.963 0.0376972 45 146 229
-8.06324 357.979 0.000349079 45 146 229
-8.04884 357.968 0.00136109 45 146 229
-8.05703 357.976 0.00451708 45 146 229
-8.04489 357.967 0.00774257 45 146 229
-8.0308 357.963 0.0201066 45 146 229
-8.0572 357.97 -0.00125142 45 146 229
-8.08845 357.988 -0.0282257 45 146 229
-8.10622 358.007 0.00580902 45 146 229
-8.04514 357.974 4.98416e-06 45 146 229
-8.0925 357.988 -0.0251682 45 146 229
-8.07489 357.995 -0.0262839 45 146 229
-8.09032 357.983 -0.0171177 45 146 229
-8.07229 357.967 0.00814623 45 146 229
-8.08688 357.974 -0.00464568 45 146 229
-8.05515 357.972 -0.00655173 45 146 229
-8.05275 357.953 0.0408234 45 146 229
-8.08143 357.986 -0.0265597 45 146 229
-8.04547 357.963 0.0166378 45 146 229
-8.09334 358.003 -0.0336738 45 146 229
-8.08034 357.998 -0.0303701 45 146 229
-8.12503 358.007 -0.0405449 45 146 229
-8.08171 358.0 -0.0320133 45 146 229
-8.076 357.994 -0.0411663 45 146 229
-8.08341 358.001 -0.0326917 45 146 229
-8.07887 357.992 -0.0368983 45 146 229
-8.06661 357.962 0.0171757 45 146 229
-8.09719 358.005 -0.0494557 45 146 229
-8.07981 357.977 -0.00957834 45 146 229
-8.07176 357.991 -0.036124 45 146 229
-8.06677 357.983 -0.024989 45 146 229
-8.04083 357.963 0.0163096 45 146 229
-8.06619 357.976 -0.0139067 45 146 229
-8.07008 357.988 -0.031737 45 146 229
-8.07129 358.007 -0.0536485 45 146 229
-8.08013 357.999 -0.0309734 45 146 229
-8.10112 357.995 -0.0339341 45 146 229
-8.08555 357.978 -0.0107664 45 146 229
-8.03757 357.968 0.0262558 45 146 229
-8.0602 357.959 0.0247577 45 146 229
-8.0586 357.963 0.0157555 45 146 229
-8.05692 357.976 -0.0146765 45 146 229
-8.09965 357.997 -0.0375469 45 146 229
-8.10406 357.995 -0.0333788 45 146 229
-8.10158 357.996 -0.0360138 45 146 229
-8.0638 357.984 -0.0262347 45 146 229
-8.08261 357.993 -0.0212365 45 146 229
-8.07712 357.993 -0.0396414 45 146 229
-8.06918 357.971 -0.000318107 45 146 229
-8.06658 357.959 0.0221411 45 146 229
-8.07102 357.989 -0.0337228 45 146 229
-8.08385 357.995 -0.0392636 45 146 229
-8.04677 357.977 -0.0163507 45 146 229
-8.06177 357.967 0.00591676 45 146 229
-8.11044 358.0 -0.0388365 45 146 229
-8.05802 357.993 -0.0298075 45 146 229
-8.11014 358.001 -0.0401347 45 146 229
-8.07219 357.971 -0.000988714 45 146 229
-8.05532 357.989 -0.0302544 45 146 229
-8.07545 357.962 0.0133696 45 146 229
-8.07786 357.989 -0.0158614 45 146 229
-8.04678 357.964 0.00538656 45 146 229
-8.04777 357.97 0.00337917 45 146 229
-8.09092 357.985 -0.0203036 45 146 229
-8.03902 357.963 0.0175584 45 146 229
-8.07038 357.977 -0.0146671 45 146 229
-8.0572 357.961 0.0224276 45 146 229
-8.07839 357.967 0.00630073 45 146 229
-8.07765 357.964 0.00922495 45 146 229
-8.04327 357.974 0.00885148 45 146 229
-8.05637 357.99 -0.0222118 45 146 229
-8.06236 357.967 0.00771199 45 146 229
-8.07036 357.963 0.0138533 45 146 229
-8.09235 358.008 -0.0416801 45 146 229
-8.07791 357.977 -0.0100635 45 146 229
-8.06575 357.974 -0.00956026 45 146 229
-8.07746 357.983 -0.0232865 45 146 229
-8.08021 357.996 -0.0420504 45 146 229
-8.06887 357.969 0.00249746 45 146 229
-8.06392 357.963 0.0167485 45 146 229
-8.05322 357.961 0.0228726 45 146 229
-8.04203 357.971 0.0180401 45 146 229
-8.03763 357.967 0.00971067 45 146 229
-8.09338 357.994 -0.0350365 45 146 229
-8.0996 357.985 -0.0195836 45 146 229
-8.08241 357.999 -0.0302668 45 146 229
-8.09141 357.986 -0.0219488 45 146 229
-8.07482 357.986 -0.0287179 45 146 229
-8.08929 358.0 -0.0300176 45 146 229
-8.10866 358.007 -0.00554229 45 146 229
-8.04138 357.964 0.0359575 45 146 229
-8.06626 357.983 -0.0255226 45 146 229
-8.05743 357.974 -0.00967838 45 146 229
-8.07412 357.986 -0.0288281 45 146 229
-8.0666 357.972 -0.004515 45 146 229
-8.05031 357.969 0.000898697 45 146 229
-8.06296 357.967 0.00787191 45 146 229
-8.07638 357.999 -0.0319778 45 146 229
-8.06397 357.988 -0.0173566 45 146 229
-8.05945 357.969 0.000603917 45 146 229
-8.08734 357.987 -0.0269712 45 146 229
-8.02828 357.964 0.0183103 45 146 229
-8.05804 357.976 -0.013898 45 146 229
-8.05708 357.978 -0.0169086 45 146 229
-8.07172 357.963 0.0130984 45 146 229
-8.04517 357.961 0.0219572 45 146 229
-8.04541 357.973 -0.00428678 45 146 229
-8.07912 357.992 -0.0213051 45 146 229
-8.09005 357.996 -0.0387912 45 146 229
-8.0772 357.972 -0.00136675 45 146 229
-8.09063 357.994 0.0177417 45 146 229
-8.07627 357.996 -0.0272568 45 146 229
-8.08197 357.981 -0.0184267 45 146 229
-8.0991 357.973 -0.00318393 45 146 229
-8.08025 357.985 0.018846 45 146 229
-8.09473 357.982 -0.0156554 45 146 229
-8.10568 358.006 -0.0471442 45 146 229
-8.06734 357.964 0.0135853 45 146 229
-8.04461 357.96 0.0266346 45 146 229
-8.07271 357.984 -0.0250647 45 146 229
-8.07468 357.979 -0.0168475 45 146 229
-8.08176 357.98 -0.0153708 45 146 229
-8.08269 358.001 -0.0492958 45 146 229
-8.04841 357.984 -0.0233042 45 146 229
-8.04938 357.953 0.0427271 45 146 229
-8.05705 357.973 -0.00770342 45 146 229
-8.05745 357.952 0.0408839 45 146 229
-8.07003 357.985 -0.0277472 45 146 229
-8.06275 357.984 -0.0112367 45 146 229
-8.02834 357.963 0.0380248 45 146 229
-8.09437 357.987 -0.0235918 45 146 229
-8.09397 357.995 0.0110965 45 146 229
-8.07145 357.974 -0.00675281 45 146 229
-8.06435 357.969 0.00325163 45 146 229
-8.07931 357.993 -0.0219816 45 146 229
-8.11202 358.003 -0.0414567 45 146 229
-8.1181 357.996 -0.0328553 45 146 229
-8.08024 357.974 -0.00401783 45 146 229
-8.05957 357.99 -0.0327075 45 146 229
-8.07705 357.963 0.011508 45 146 229
-8.07202 357.958 0.0212328 45 146 229
-8.04993 357.958 0.0280354 45 146 229
-8.08547 357.981 -0.0162688 45 146 229
-8.06731 358.0 -0.0424885 45 146 229
-8.03286 357.965 0.0327338 45 146 229
-8.0496 357.958 0.0308538 45 146 229
-8.07547 357.983 -0.023048 45 146 229
-8.07871 357.97 0.00245303 45 146 229
-8.09572 357.99 -0.0273188 45 146 229
-8.05871 357.982 -0.00753592 45 146 229
-8.0367 357.966 0.0315059 45 146 229
-8.08223 357.989 -0.030783 45 146 229
-8.03631 357.967 0.0101497 45 146 229
-8.06776 358.007 -0.0404239 45 146 229
-8.05516 357.954 0.0381157 45 146 229
-8.05363 357.973 -0.00679084 45 146 229
-8.09355 357.994 -0.0356787 45 146 229
-8.046 357.959 0.0291039 45 146 229
-8.10148 357.992 -0.0294641 45 146 229
-8.09106 357.981 -0.0143108 45 146 229
-8.08804 357.977 -0.00867859 45 146 229
-8.09298 357.996 0.0134414 45 146 229
-8.05546 357.969 0.00192209 45 146 229
-8.06119 357.959 0.0245414 45 146 229
-8.04658 357.962 0.018195 45 146 229
-8.10174 357.994 -0.0322314 45 146 229
-8.05187 357.975 0.00644765 45 146 229
-8.07428 357.988 -0.032008 45 146 229
-8.04166 357.959 0.0291394 45 146 229
-8.0783 357.992 -0.0367994 45 146 229
-8.10544 357.994 -0.0315538 45 146 229
-8.04936 357.959 0.0274177 45 146 229
-8.09948 357.991 -0.0272295 45 146 229
-8.08864 357.985 -0.0218056 45 146 229
-8.10018 358.0 -0.041933 45 146 229
-8.08476 357.996 -0.0252465 45 146 229
-8.06781 357.983 -0.0253019 45 146 229
-8.05161 357.978 0.00153024 45 146 229
-8.0537 357.976 0.00541421 45 146 229
-8.09577 358.007 -0.0385148 45 146 229
-8.07415 357.971 -4.05943e-05 45 146 229
-8.04303 357.97 0.0197469 45 146 229
-8.11795 358.002 -0.0397323 45 146 229
-8.06562 357.963 0.0164903 45 146 229
-8.07601 357.999 -0.0319841 45 146 229
-8.08731 357.989 0.0123716 45 146 229
-8.04892 357.958 0.0316197 45 146 229
-8.07234 358.006 -0.0437714 45 146 229
-8.06706 357.967 0.0478646 45 146 229
-8.10538 358.003 -0.00789384 45 146 229
-8.05961 357.978 -0.0167489 45 146 229
-8.05427 357.964 0.0147886 45 146 229
-8.09798 357.991 -0.0294892 45 146 229
-8.06157 357.978 0.00294866 45 146 229
-8.09289 357.99 -0.0291875 45 146 229
-8.06642 357.971 -0.00210958 45 146 229
-8.09162 357.984 -0.0186222 45 146 229
-8.07097 357.966 0.0101161 45 146 229
-8.06498 357.965 0.0126999 45 146 229
-8.07478 357.974 -0.00581317 45 146 229
-8.04596 357.96 0.027156 45 146 229
-8.05724 357.975 -0.012008 45 146 229
-8.06149 357.969 0.00227692 45 146 229
-8.08646 357.968 0.00509299 45 146 229
-8.03878 357.959 0.0260111 45 146 229
-8.08138 357.983 -0.0207221 45 146 229
-8.03356 357.968 0.0258319 45 146 229
-8.06819 357.995 -0.0276744 45 146 229
-8.0783 358.003 -0.0378971 45 146 229
-8.07374 357.995 -0.0263115 45 146 229
-8.08109 357.979 -0.0135347 45 146 229
-8.07298 357.971 0.000184284 45 146 229
-8.05185 357.957 0.0324356 45 146 229
-8.05178 357.956 0.03505 45 146 229
-8.09309 357.981 -0.0141011 45 146 229
-8.06514 357.96 0.0207617 45 146 229
-8.07919 358.0 -0.0324683 45 146 229
-8.1054 358.0 -0.0402684 45 146 229
-8.07647 357.997 -0.0288876 45 146 229
-8.09043 357.994 -0.0366546 45 146 229
-8.02889 357.968 0.0253878 45 146 229
-8.08887 357.979 -0.0119127 45 146 229
-8.06399 357.979 -0.0189496 45 146 229
-8.04951 357.972 0.0142365 45 146 229
-8.06055 357.985 -0.0121123 45 146 229
-8.05998 357.957 0.0284723 45 146 229
-8.0757 357.993 -0.0390252 45 146 229
-8.0472 357.981 -0.0241566 45 146 229
-8.06317 357.96 0.0226145 45 146 229
-8.05093 357.967 0.0066911 45 146 229
-8.09827 357.987 -0.0227584 45 146 229
-8.05628 357.978 -0.0171214 45 146 229
-8.05684 357.959 0.0258819 45 146 229
-8.04097 357.957 0.0353786 45 146 229
-8.06765 357.989 -0.01889 45 146 229
-8.09461 357.997 -0.039297 45 146 229
-8.06884 357.977 -0.0153465 45 146 229
-8.04332 357.969 0.00464845 45 146 229
-8.08383 357.978 -0.0112338 45 146 229
-8.09545 357.998 -0.0399957 45 146 229
-8.06778 357.995 -0.0466314 45 146 229
-8.11244 358.004 -0.0431892 45 146 229
-8.0539 357.978 0.00032423 45 146 229
-8.07677 357.975 -0.00703016 45 146 229
-8.05709 357.964 0.0135479 45 146 229
-8.06892 357.987 -0.0140874 45 146 229
-8.09511 357.988 -0.0249238 45 146 229
-8.1022 357.984 -0.0185806 45 146 229
-8.08243 357.993 -0.022083 45 146 229
-8.07188 357.985 -0.0273777 45 146 229
-8.04846 357.958 0.0318 45 146 229
-8.04568 357.975 -0.0127307 45 146 229
-8.08946 357.991 0.0116809 45 146 229
-8.1129 358.001 -0.0387149 45 146 229
-8.08319 357.998 -0.0446391 45 146 229
-8.07263 357.962 0.0149782 45 146 229
-8.02679 357.964 0.0354574 45 146 229
-8.03017 357.964 0.0355659 45 146 229
-8.07529 357.964 0.0101578 45 146 229
-8.10624 357.99 -0.0261199 45 146 229
-8.06077 357.966 0.00866841 45 146 229
-8.03216 357.963 0.0189357 45 146 229
-8.0884 357.983 -0.0172716 45 146 229
-8.04729 357.977 -0.014256 45 146 229
-8.09047 357.989 -0.0288096 45 146 229
-8.09608 357.999 0.0151105 45 146 229
-8.08133 357.991 -0.0340318 45 146 229
-8.0623 357.979 -0.0185207 45 146 229
-8.08366 357.984 -0.0230175 45 146 229
-8.08362 357.983 -0.0212733 45 146 229
-8.0845 357.975 -0.00560378 45 146 229
-8.06332 357.959 0.0234498 45 146 229
-8.07586 357.995 -0.0267893 45 146 229
-8.08578 358.006 -0.0531375 45 146 229
-8.05866 357.98 -0.0202598 45 146 229
-8.09486 358.001 -0.0311969 45 146 229
-8.08539 358.0 -0.0315706 45 146 229
-8.05771 357.977 -0.0155586 45 146 229
-8.1158 358.002 -0.0394166 45 146 229
-8.10633 357.985 -0.0216637 45 146 229
-8.05822 357.977 -0.0161078 45 146 229
-8.08458 357.983 -0.0207369 45 146 229
-8.06038 357.984 -0.0117307 45 146 229
-8.09765 358.006 -0.0374419 45 146 229
-8.07248 357.995 -0.041998 45 146 229
-8.03888 357.96 0.0264328 45 146 229
-8.07878 357.975 -0.00574502 45 146 229
-8.04053 357.959 0.0270212 45 146 229
-8.09345 357.995 -0.036241 45 146 229
-8.1164 357.999 -0.0355865 45 146 229
-8.09783 358.002 0.0137572 45 146 229
-8.08117 357.991 -0.0344934 45 146 229
-8.10158 357.989 -0.0248565 45 146 229
-8.03814 357.968 0.00862127 45 146 229
-8.08892 357.983 -0.0185914 45 146 229
-8.05576 357.954 0.0374993 45 146 229
-8.11531 358.003 -0.0409128 45 146 229
-8.08862 357.982 -0.0163936 45 146 229
-8.09515 357.995 -0.0363022 45 146 229
-8.10678 357.993 -0.029923 45 146 229
-8.09348 357.987 -0.0229499 45 146 229
-8.04389 357.972 0.0146947 45 146 229
-8.10071 358.002 -0.0443972 45 146 229
-8.07906 357.981 -0.0186815 45 146 229
-8.12714 358.003 -0.0383109 45 146 229
-8.05477 357.981 -0.0046681 45 146 229
-8.07123 357.979 -0.0169579 45 146 229
-8.07517 357.974 -0.00544302 45 146 229
-8.07047 357.986 -0.0120985 45 146 229
-8.07054 357.994 -0.0258637 45 146 229
-8.05641 357.968 0.00439907 45 146 229
-8.09271 358.011 -0.0464396 45 146 229
-8.04821 357.985 -0.0238163 45 146 229
-8.07489 357.972 -0.001487 45 146 229
-8.08002 357.981 -0.0178895 45 146 229
-8.05899 357.978 -0.0166479 45 146 229
-8.05164 357.963 0.015235 45 146 229
-8.09333 357.996 -0.0380998 45 146 229
-8.12128 358.004 -0.0404831 45 146 229
-8.02701 357.963 0.0406729 45 146 229
-8.0366 357.969 0.0222189 45 146 229
-8.05921 357.962 0.0188713 45 146 229
-8.07917 357.973 -0.00194874 45 146 229
-8.06415 357.968 0.0036875 45 146 229
-8.0699 357.96 0.0199472 45 146 229
-8.06436 357.97 -0.000728908 45 146 229
-8.05601 357.976 -0.013767 45 146 229
-8.04819 357.985 -0.0177676 45 146 229
-8.08438 357.975 -0.00615037 45 146 229
-8.06029 357.959 0.0240748 45 146 229
-8.09642 358.004 -0.034587 45 146 229
-8.07775 357.974 -0.00391167 45 146 229
-8.08674 357.989 0.0131693 45 146 229
-8.08194 357.987 -0.0278911 45 146 229
-8.06042 357.974 0.0119673 45 146 229
-8.10752 357.999 -0.0388451 45 146 229
-8.11178 358.007 -0.0456568 45 146 229
-8.04129 357.957 0.0342738 45 146 229
-8.05195 357.971 -0.00421587 45 146 229
-8.04606 357.962 0.0203041 45 146 229
-8.06133 357.974 -0.00994782 45 146 229
-8.03889 357.956 0.0374099 45 146 229
-8.09138 357.982 -0.0154983 45 146 229
-8.0828 357.995 -0.0407171 45 146 229
-8.08581 357.997 -0.0270844 45 146 229
-8.11794 357.993 -0.0258276 45 146 229
-8.06448 357.963 0.01673 45 146 229
-8.05002 357.974 0.00988251 45 146 229
-8.09225 357.994 -0.0354387 45 146 229
-8.08155 357.991 -0.0339443 45 146 229
-8.08359 357.998 -0.0293673 45 146 229
-8.08106 357.991 -0.0350151 45 146 229
-8.09896 358.008 -0.039275 45 146 229
-8.07226 357.968 0.0052263 45 146 229
-8.07911 357.974 -0.00494933 45 146 229
-8.08515 358.006 -0.0422629 45 146 229
-8.06066 357.974 0.0128271 45 146 229
-8.07761 357.969 0.00420831 45 146 229
-8.1145 357.998 -0.0356568 45 146 229
-8.07807 357.976 -0.00806511 45 146 229
-8.06752 357.99 -0.0399516 45 146 229
-8.07326 357.99 -0.0351726 45 146 229
-8.09187 357.983 -0.0180721 45 146 229
-8.06384 357.957 0.0263257 45 146 229
-8.05873 357.956 0.0314451 45 146 229
-8.09841 357.991 -0.0300569 45 146 229
-8.08843 357.987 -0.0248839 45 146 229
-8.07362 357.977 -0.0119788 45 146 229
-8.09615 357.995 -0.0361045 45 146 229
-8.06288 357.965 0.0540839 45 146 229
-8.06855 357.959 0.0218872 45 146 229
-8.08874 357.988 -0.0278661 45 146 229
-8.10832 357.995 -0.0318061 45 146 229
-8.05499 357.988 -0.0177059 45 146 229
-8.07312 357.998 -0.0309019 45 146 229
-8.07291 357.994 -0.0410401 45 146 229
-8.06738 358.001 -0.0425355 45 146 229
-8.07941 357.986 -0.0273837 45 146 229
-8.06406 358.0 -0.0363209 45 146 229
-8.0454 357.964 0.0154777 45 146 229
-8.05602 357.96 0.0232044 45 146 229
-8.04539 357.978 -0.000371766 45 146 229
-8.06399 357.988 -0.017252 45 146 229
-8.04953 357.962 0.0178346 45 146 229
-8.1187 357.999 -0.0350349 45 146 229
-8.03771 357.964 0.0342101 45 146 229
-8.09577 358.004 -0.0476652 45 146 229
-8.05177 357.971 -0.00214218 45 146 229
-8.04429 357.982 -0.00752936 45 146 229
-8.0846 357.986 -0.0264879 45 146 229
-8.0804 357.965 0.00729936 45 146 229
-8.11013 358.005 -0.0447849 45 146 229
-8.1063 357.995 -0.0323813 45 146 229
-8.0646 357.957 0.0270206 45 146 229
-8.05821 357.965 0.0108941 45 146 229
-8.09555 357.98 -0.0132452 45 146 229
-8.10876 357.989 -0.0251962 45 146 229
-8.06491 357.987 -0.0155815 45 146 229
-8.09609 357.985 -0.0199866 45 146 229
-8.10233 358.0 -0.00410588 45 146 229
-8.0897 357.974 -0.00628511 45 146 229
-8.11602 357.994 -0.0298912 45 146 229
-8.05942 357.961 0.0200367 45 146 229
-8.10121 357.998 -0.0389986 45 146 229
-8.0735 357.981 -0.0201606 45 146 229
-8.05305 357.958 0.0286979 45 146 229
-8.04899 357.985 -0.0209739 45 146 229
-8.07624 357.983 -0.0233062 45 146 229
-8.05947 357.96 0.0229513 45 146 229
-8.09261 358.003 -0.034354 45 146 229
-8.06767 357.985 -0.0103585 45 146 229
-8.05498 357.962 0.0177734 45 146 229
-8.07805 357.978 -0.0122238 45 146 229
-8.0816 357.984 -0.0232328 45 146 229
-8.05834 357.993 -0.0308312 45 146 229
-8.05496 357.963 0.0157566 45 146 229
-8.05348 357.96 0.0245862 45 146 229
-8.08034 357.983 -0.0214072 45 146 229
-8.03659 357.962 0.0201503 45 146 229
-8.09899 357.997 -0.0370401 45 146 229
-8.0421 357.972 0.0149285 45 146 229
-8.07746 357.973 -0.00312166 45 146 229
-8.08905 358.003 -0.0499029 45 146 229
-8.10496 358.006 0.00370062 45 146 229
-8.07709 357.965 0.00821445 45 146 229
-8.03983 357.96 0.0262464 45 146 229
-8.03614 357.968 0.0110482 45 146 229
-8.07826 357.97 0.00334957 45 146 229
-8.07193 357.973 -0.00588305 45 146 229
-8.05232 357.974 0.010661 45 146 229
-8.12589 358.001 -0.0396939 45 146 229
-8.09476 357.992 -0.0318699 45 146 229
-8.09539 357.989 -0.0260782 45 146 229
-8.06914 357.982 -0.0222988 45 146 229
-8.09473 357.99 -0.0279315 45 146 229
-8.0637 357.963 0.0162415 45 146 229
-8.06009 357.979 0.000337146 45 146 229
-8.1126 358.007 -0.0458267 45 146 229
-8.068 357.958 0.023263 45 146 229
-8.05601 357.974 -0.0100821 45 146 229
-8.09202 357.996 0.0196574 45 146 229
-8.06944 357.968 0.00592593 45 146 229
-8.08743 357.988 -0.0280244 45 146 229
-8.08098 357.997 -0.0273891 45 146 229
-8.05055 357.973 0.0109944 45 146 229
-8.05842 357.979 -0.0185259 45 146 229
-8.06643 357.958 0.0243554 45 146 229
-8.09684 357.994 -0.0342685 45 146 229
-8.05389 357.962 0.0204827 45 146 229
-8.10264 358.003 0.00440372 45 146 229
-8.08851 357.991 -0.0330364 45 146 229
-8.07043 358.005 -0.051815 45 146 229
-8.08459 357.979 -0.0125829 45 146 229
-8.09102 357.992 -0.033678 45 146 229
-8.03921 357.959 0.0296637 45 146 229
-8.09617 358.003 -0.033445 45 146 229
-8.05125 357.973 -0.00671067 45 146 229
-8.07134 357.971 -0.000983771 45 146 229
-8.05536 357.99 -0.0290574 45 146 229
-8.06818 357.984 -0.00963087 45 146 229
-8.10124 358.002 0.00656688 45 146 229
-8.05776 357.952 0.0410239 45 146 229
-8.0837 357.992 -0.0207051 45 146 229
-8.11431 357.998 -0.0344644 45 146 229
-8.09719 357.997 -0.0380757 45 146 229
-8.09187 358.002 -0.0333735 45 146 229
-8.02759 357.966 0.0317575 45 146 229
-8.04747 357.959 0.0274252 45 146 229
-8.06925 357.989 -0.0343564 45 146 229
-8.07973 357.983 -0.0215764 45 146 229
-8.08962 358.003 -0.0350718 45 146 229
-8.05126 357.975 0.00818078 45 146 229
-8.12996 358.0 -0.0320267 45 146 229
-8.06834 357.959 0.0208375 45 146 229
-8.06523 357.998 -0.0404823 45 146 229
-8.06833 357.97 0.000980967 45 146 229
-8.09135 357.99 -0.0294991 45 146 229
-8.10247 358.01 -0.0418405 45 146 229
-8.09101 357.986 -0.0232729 45 146 229
-8.05209 357.963 0.0169036 45 146 229
-8.11654 358.007 -0.0449452 45 146 229
-8.07327 357.962 0.0142707 45 146 229
-8.09628 357.991 -0.0290001 45 146 229
-8.05748 357.952 0.0415801 45 146 229
-8.06777 357.988 -0.0323992 45 146 229
-8.08736 357.984 -0.0203413 45 146 229
-8.08233 357.983 -0.0202577 45 146 229
-8.0521 357.968 -0.0014708 45 146 229
-8.04495 357.961 0.0234355 45 146 229
-8.06689 357.968 0.00612337 45 146 229
-8.06424 357.957 0.0262522 45 146 229
-8.06069 357.979 -0.00014144 45 146 229
-8.05619 357.979 -0.0194764 45 146 229
-8.039 357.957 0.0355305 45 146 229
-8.08413 357.995 -0.0242586 45 146 229
-8.05786 357.987 -0.0172138 45 146 229
-8.07139 357.964 0.0118357 45 146 229
-8.09319 358.01 -0.044369 45 146 229
-8.06163 357.986 -0.0147077 45 146 229
-8.06012 357.96 0.0234009 45 146 229
-8.06772 357.983 -0.00630773 45 146 229
-8.10856 357.995 -0.0324944 45 146 229
-8.07546 357.967 0.00749491 45 146 229
-8.04377 357.964 0.014425 45 146 229
-8.05278 357.959 0.026627 45 146 229
-8.10928 357.997 -0.0344578 45 146 229
-8.06181 357.986 -0.0348395 45 146 229
-8.06712 357.984 -0.0262683 45 146 229
-8.04514 357.955 0.0417688 45 146 229
-8.05606 357.969 0.00191217 45 146 229
-8.06662 357.956 0.026758 45 146 229
-8.05307 357.956 0.0342581 45 146 229
-8.08969 358.001 -0.0462045 45 146 229
-8.02872 357.964 0.0376017 45 146 229
-8.09705 358.012 -0.0468064 45 146 229
-8.0317 357.961 0.0245801 45 146 229
-8.0661 357.986 -0.0132206 45 146 229
-8.03071 357.962 0.0229407 45 146 229
-8.05436 357.964 0.0136654 45 146 229
-8.04769 357.97 0.000561733 45 146 229
-8.10104 358.002 0.00580732 45 146 229
-8.05425 357.954 0.0396465 45 146 229
-8.03919 357.97 0.0206866 45 146 229
-8.07623 357.964 0.00982774 45 146 229
-8.06798 358.001 -0.0373269 45 146 229
-8.08453 357.984 -0.0212392 45 146 229
-8.07438 357.963 0.0126792 45 146 229
-8.1086 357.999 -0.0375677 45 146 229
-8.05506 357.953 0.0412974 45 146 229
-8.06805 357.974 -0.00744457 45 146 229
-8.0829 357.986 0.0175592 45 146 229
-8.12083 358.009 -0.0446313 45 146 229
-8.11108 358.003 -0.0423505 45 146 229
-8.11643 358.002 -0.0394655 45 146 229
-8.04522 357.974 -0.00379282 45 146 229
-8.06944 357.981 -0.0215309 45 146 229
-8.07794 357.975 -0.0067602 45 146 229
-8.10821 357.994 -0.0305479 45 146 229
-8.07331 357.99 -0.0187705 45 146 229
-8.07919 357.998 -0.0458913 45 146 229
-8.04798 357.982 -0.0236596 45 146 229
-8.06477 357.965 0.0493183 45 146 229
-8.05439 357.963 0.0164406 45 146 229
-8.07583 357.973 -0.00319395 45 146 229
-8.0495 357.979 -0.00213294 45 146 229
-8.06375 357.969 0.00220504 45 146 229
-8.07822 357.996 -0.0431177 45 146 229
-8.0566 357.977 0.00380046 45 146 229
-8.09117 357.985 -0.0218394 45 146 229
-8.07116 358.005 -0.0536892 45 146 229
-8.09055 357.989 -0.029149 45 146 229
-8.05779 357.989 -0.0310777 45 146 229
-8.08577 357.982 -0.0185344 45 146 229
-8.09255 358.009 -0.0426407 45 146 229
-8.08848 357.984 -0.0199119 45 146 229
-8.04103 357.955 0.0434619 45 146 229
-8.04387 357.969 0.0042732 45 146 229
-8.03527 357.964 0.010299 45 146 229
-8.08997 357.991 0.00785116 45 146 229
-8.04743 357.971 -0.00278392 45 146 229
-8.07652 357.977 -0.0110262 45 146 229
-8.0801 357.965 0.00822558 45 146 229
-8.08329 357.985 -0.0248145 45 146 229
-8.07981 358.005 -0.0414016 45 146 229
-8.06919 358.006 -0.0457987 45 146 229
-8.0807 357.979 -0.0136281 45 146 229
-8.06084 357.96 0.0228101 45 146 229
-8.03039 357.965 0.0342187 45 146 229
-8.04542 357.974 -0.00405957 45 146 229
-8.09378 357.996 -0.0379475 45 146 229
-8.03837 357.958 0.0313889 45 146 229
-8.09362 357.992 -0.0327662 45 146 229
-8.11014 357.995 -0.0325716 45 146 229
-8.0625 357.961 0.0203575 45 146 229
-8.04564 357.977 -0.0129742 45 146 229
-8.10317 357.998 -0.0381517 45 146 229
-8.04143 357.969 0.00657553 45 146 229
-8.10763 357.998 -0.0361441 45 146 229
-8.09787 358.002 -0.0454593 45 146 229
-8.06661 357.997 -0.0393325 45 146 229
-8.04731 357.957 0.0339297 45 146 229
-8.08249 357.983 -0.020352 45 146 229
-8.0904 357.984 -0.0192381 45 146 229
-8.0816 357.988 -0.0122861 45 146 229
-8.07276 357.97 0.00291846 45 146 229
-8.03675 357.964 0.0092579 45 146 229
-8.055 357.96 0.0230023 45 146 229
-8.0653 358.005 -0.0391873 45 146 229
-8.08148 358.005 -0.0416398 45 146 229
-8.07548 357.976 -0.00958734 45 146 229
-8.06163 357.99 -0.0221154 45 146 229
-8.0658 357.986 -0.0136665 45 146 229
-8.10452 358.004 0.0006228 45 146 229
-8.06397 357.973 -0.00637746 45 146 229
-8.06558 357.991 -0.0215838 45 146 229
-8.11355 358.006 -0.0443015 45 146 229
-8.07238 357.98 -0.019625 45 146 229
-8.12351 357.998 -0.0341044 45 146 229
-8.06452 357.973 -0.00779858 45 146 229
-8.07612 357.97 0.00220783 45 146 229
-8.08554 357.985 -0.0236927 45 146 229
-8.03601 357.961 0.0220971 45 146 229
-8.06826 357.983 -0.00580992 45 146 229
-8.09276 357.992 -0.0325707 45 146 229
-8.05581 357.974 -0.0106406 45 146 229
-8.11803 357.994 -0.0304838 45 146 229
-8.07086 357.981 -0.0216037 45 146 229
-8.08057 357.991 -0.0351348 45 146 229
-8.10586 357.996 -0.0330518 45 146 229
-8.10988 358.0 -0.038465 45 146 229
-8.08125 357.993 -0.0373526 45 146 229
-8.04148 357.969 0.00637618 45 146 229
-8.04774 357.962 0.0202769 45 146 229
-8.06476 357.992 -0.0245334 45 146 229
-8.11297 358.004 -0.0421402 45 146 229
-8.08988 357.98 -0.0126078 45 146 229
-8.0857 357.997 -0.0269034 45 146 229
-8.09105 357.987 -0.0254288 45 146 229
-8.11162 358.006 -0.0450262 45 146 229
-8.06463 357.972 -0.00452589 45 146 229
-8.07013 357.987 -0.0313924 45 146 229
-8.08406 357.97 0.00210577 45 146 229
-8.07652 357.962 0.0130111 45 146 229
-8.07475 357.974 -0.00514236 45 146 229
-8.05908 357.975 0.00767716 45 146 229
-8.08662 357.984 -0.0204655 45 146 229
-8.06432 357.995 -0.0383169 45 146 229
-8.09067 357.993 0.015741 45 146 229
-8.06487 357.969 0.00210658 45 146 229
-8.11885 357.999 -0.0355736 45 146 229
-8.05978 357.964 0.0136342 45 146 229
-8.06311 357.968 0.00424988 45 146 229
-8.07795 357.973 -0.00247444 45 146 229
-8.08246 357.984 -0.0234977 45 146 229
-8.06853 357.963 0.01549 45 146 229
-8.05362 357.979 -0.0193152 45 146 229
-8.11345 357.999 -0.0360423 45 146 229
-8.05674 357.958 0.0279381 45 146 229
-8.08714 357.989 -0.0305826 45 146 229
-8.05963 357.976 -0.014893 45 146 229
-8.09553 357.994 -0.0343632 45 146 229
-8.06358 357.992 -0.0373094 45 146 229
-8.07722 357.983 -0.0234991 45 146 229
-8.04904 357.953 0.0429187 45 146 229
-8.11659 358.0 -0.0371511 45 146 229
-8.06913 357.991 -0.0374469 45 146 229
-8.06775 358.001 -0.0422852 45 146 229
-8.079 357.984 -0.0232846 45 146 229
-8.04536 357.973 -0.00533898 45 146 229
-8.08871 357.993 -0.0359556 45 146 229
-8.08041 357.997 -0.0434095 45 146 229
-8.0684 357.985 -0.0118995 45 146 229
-8.0446 357.976 -0.0105846 45 146 229
-8.0348 357.97 0.0119508 45 146 229
-8.06464 358.001 -0.0371875 45 146 229
-8.0592 357.955 0.0344552 45 146 229
-8.04727 357.974 0.00960847 45 146 229
-8.08721 357.972 -0.00201914 45 146 229
-8.04766 357.968 0.00466684 45 146 229
-8.07478 357.994 -0.0405555 45 146 229
-8.04667 357.964 0.0153027 45 146 229
-8.08182 357.98 -0.016018 45 146 229
-8.09288 357.993 -0.0336363 45 146 229
-8.05847 357.994 -0.0233892 45 146 229
-8.06317 357.964 0.0149999 45 146 229
-8.06957 357.961 0.0171313 45 146 229
-8.06925 357.997 -0.0467404 45 146 229
-8.08207 358.003 -0.0376315 45 146 229
-8.03349 357.963 0.0194065 45 146 229
-8.05534 357.954 0.0378173 45 146 229
-8.08189 357.983 -0.0221267 45 146 229
-8.05772 357.96 0.0229457 45 146 229
-8.08199 357.998 -0.0445509 45 146 229
-8.09032 357.996 -0.0393376 45 146 229
-8.06672 357.964 0.0135003 45 146 229
-8.08631 358.0 -0.0459398 45 146 229
-8.04147 357.961 0.0232646 45 146 229
-8.06983 357.967 0.00746286 45 146 229
-8.03658 357.966 0.00977511 45 146 229
-8.08909 358.005 -0.0387534 45 146 229
-8.08797 357.971 -0.00153887 45 146 229
-8.09463 357.977 -0.00991402 45 146 229
-8.11609 357.994 -0.0313304 45 146 229
-8.06757 357.964 0.013728 45 146 229
-8.09632 357.992 -0.0318242 45 146 229
-8.09971 357.986 -0.0209516 45 146 229
-8.03826 357.967 0.0282246 45 146 229
-8.05823 357.987 -0.0162228 45 146 229
-8.02548 357.959 0.0342987 45 146 229
-8.04979 357.974 -0.00928215 45 146 229
-8.07455 357.975 -0.00738427 45 146 229
-8.09754 357.99 -0.0268472 45 146 229
-8.03697 357.957 0.0336783 45 146 229
-8.06143 357.959 0.0253525 45 146 229
-8.05921 357.964 0.0149402 45 146 229
-8.05703 357.959 0.0253662 45 146 229
-8.10712 357.999 -0.0384625 45 146 229
-8.07741 357.975 -0.00638606 45 146 229
-8.05805 357.959 0.0267653 45 146 229
-8.05855 357.993 -0.0265995 45 146 229
-8.07899 357.976 -0.00844425 45 146 229
-8.10439 357.999 -0.0387818 45 146 229
-8.07808 357.998 -0.0299613 45 146 229
-8.03471 357.964 0.00988332 45 146 229
-8.08938 358.001 -0.0321283 45 146 229
-8.04191 357.957 0.0360533 45 146 229
-8.08189 357.981 -0.0179942 45 146 229
-8.06533 357.958 0.0248016 45 146 229
-8.09188 358.009 -0.0437298 45 146 229
-8.11588 358.002 -0.0396987 45 146 229
-8.04368 357.969 0.0238981 45 146 229
-8.08836 357.993 0.0211051 45 146 229
-8.09328 357.997 0.017705 45 146 229
-8.1058 358.005 -0.00314207 45 146 229
-8.06104 357.972 -0.00649181 45 146 229
-8.05215 357.989 -0.0246172 45 146 229
-8.05991 357.967 0.00512606 45 146 229
-8.10637 358.0 -0.0400598 45 146 229
-8.05031 357.957 0.032669 45 146 229
-8.08398 357.991 -0.0182413 45 146 229
-8.07319 357.974 -0.00616204 45 146 229
-8.08144 358.0 -0.0480787 45 146 229
-8.07176 357.969 0.00430717 45 146 229
-8.09569 358.004 -0.0353382 45 146 229
-8.10253 357.993 -0.0298325 45 146 229
-8.092 357.997 0.0217645 45 146 229
-8.04558 357.973 0.0107785 45 146 229
-8.11818 357.998 -0.0347235 45 146 229
-8.09255 357.994 -0.03512 45 146 229
-8.0929 357.996 -0.0379188 45 146 229
-8.09249 357.997 0.0233987 45 146 229
-8.04104 357.97 0.00589232 45 146 229
-8.08891 357.992 0.0162337 45 146 229
-8.05098 357.963 0.017103 45 146 229
-8.05281 357.964 0.0123617 45 146 229
-8.06638 357.964 0.0143469 45 146 229
-8.04965 357.985 -0.0250588 45 146 229
-8.09348 357.998 -0.0260399 45 146 229
-8.0843 357.988 0.0170892 45 146 229
-8.07407 357.991 -0.0366266 45 146 229
-8.06761 357.994 -0.0260027 45 146 229
-8.04816 357.983 -0.00926899 45 146 229
-8.07753 358.002 -0.0360858 45 146 229
-8.0806 357.998 -0.045904 45 146 229
-8.02969 357.964 0.0366571 45 146 229
-8.08728 357.994 -0.022362 45 146 229
-8.05494 357.973 0.0123221 45 146 229
-8.06542 357.986 -0.013064 45 146 229
-8.05542 357.968 0.00355517 45 146 229
-8.07791 357.987 -0.0286435 45 146 229
-8.08274 357.965 0.00973935 45 146 229
-8.03516 357.961 0.0227507 45 146 229
-8.1023 357.986 -0.0231239 45 146 229
-8.07874 357.995 -0.02506 45 146 229
-8.04486 357.965 0.0328408 45 146 229
-8.08457 357.988 0.0137768 45 146 229
-8.09279 358.009 -0.0440644 45 146 229
-8.0799 357.99 -0.016811 45 146 229
-8.05747 357.968 0.00357581 45 146 229
-8.0448 357.954 0.0444763 45 146 229
-8.05801 357.988 -0.0317125 45 146 229
-8.11129 358.001 -0.0404756 45 146 229
-8.0891 357.994 0.0210695 45 146 229
-8.05167 357.958 0.0298069 45 146 229
-8.09403 357.987 -0.0223052 45 146 229
-8.08042 357.969 0.00434388 45 146 229
-8.06741 357.968 0.00605685 45 146 229
-8.10868 357.999 -0.0380627 45 146 229
-8.10337 357.985 -0.0221554 45 146 229
-8.04557 357.972 0.000713961 45 146 229
-8.09617 357.997 -0.0392087 45 146 229
-8.0699 358.003 -0.0529343 45 146 229
-8.08958 357.986 -0.0221028 45 146 229
-8.08563 358.0 -0.0466728 45 146 229
-8.09422 358.004 -0.0357722 45 146 229
-8.08903 357.975 -0.00635014 45 146 229
-8.09226 357.976 -0.00841978 45 146 229
-8.04114 357.96 0.026209 45 146 229
-8.0897 357.992 0.0124443 45 146 229
-8.06612 357.958 0.0247451 45 146 229
-8.09386 357.986 -0.0217791 45 146 229
-8.08153 357.998 -0.0454355 45 146 229
-8.09354 358.007 -0.0402736 45 146 229
-8.06695 357.977 -0.0149804 45 146 229
-8.05797 357.979 -0.0196278 45 146 229
-8.06794 357.995 -0.0424913 45 146 229
-8.06396 357.979 -0.0194958 45 146 229
-8.08848 357.974 -0.00576626 45 146 229
-8.05835 357.977 0.00245753 45 146 229
-8.04914 357.953 0.0427797 45 146 229
-8.06849 357.991 -0.0412064 45 146 229
-8.09098 357.994 -0.0362419 45 146 229
-8.09446 357.99 -0.0285947 45 146 229
-8.04727 357.982 -0.0169527 45 146 229
-8.10005 358.005 -0.0352469 45 146 229
-8.08836 357.984 -0.0209507 45 146 229
-8.0945 357.991 -0.0298527 45 146 229
-8.04069 357.961 0.0217816 45 146 229
-8.06469 357.983 -0.00819216 45 146 229
-8.09529 357.991 -0.0308836 45 146 229
-8.0906 357.994 0.0173519 45 146 229
-8.06237 357.978 -0.01709 45 146 229
-8.03878 357.965 0.0320104 45 146 229
-8.06582 357.969 0.00199587 45 146 229
-8.03312 357.966 0.0310437 45 146 229
-8.08827 357.993 -0.0187185 45 146 229
-8.09616 358.003 -0.0475127 45 146 229
-8.04439 357.959 0.029696 45 146 229
-8.09238 357.997 -0.0403597 45 146 229
-8.03451 357.97 0.0217851 45 146 229
-8.05877 357.985 -0.0131014 45 146 229
-8.11211 357.997 -0.0344853 45 146 229
-8.07864 358.007 -0.0438359 45 146 229
-8.07625 357.972 -0.00166238 45 146 229
-8.07433 357.976 -0.0116546 45 146 229
-8.06272 357.975 -0.0113309 45 146 229
-8.08145 357.979 -0.0133572 45 146 229
-8.02994 357.963 0.02085 45 146 229
-8.0455 357.97 0.00254314 45 146 229
-8.06337 357.965 0.0520442 45 146 229
-8.08725 357.983 -0.0195697 45 146 229
-8.11043 357.996 -0.0334404 45 146 229
-8.06245 357.96 0.022752 45 146 229
-8.10957 358.002 -0.0422754 45 146 229
-8.09159 357.988 -0.0266506 45 146 229
-8.09767 358.006 -0.0504154 45 146 229
-8.08804 357.978 -0.00942726 45 146 229
-8.09652 357.994 -0.0339598 45 146 229
-8.04036 357.96 0.0259516 45 146 229
-8.07756 357.994 -0.0231535 45 146 229
-8.04954 357.986 -0.0224628 45 146 229
-8.05799 357.976 0.00455807 45 146 229
-8.04453 357.974 -0.00195234 45 146 229
-8.04649 357.981 -0.0232871 45 146 229
-8.05578 357.98 -0.00386391 45 146 229
-8.08987 357.99 -0.0308548 45 146 229
-8.06336 357.994 -0.0268707 45 146 229
-8.07378 357.992 -0.0376005 45 146 229
-8.0857 358.008 -0.0536877 45 146 229
-8.07096 357.968 0.00635126 45 146 229
-8.09406 357.978 -0.0105304 45 146 229
-8.06707 357.971 -0.00255203 45 146 229
-8.06972 357.986 -0.0126087 45 146 229
-8.08391 357.996 -0.041551 45 146 229
-8.08806 357.996 -0.0393451 45 146 229
-8.09809 357.978 -0.0108975 45 146 229
-8.08916 357.996 -0.0242501 45 146 229
-8.05568 357.978 -0.0175029 45 146 229
-8.11878 358.004 -0.04207 45 146 229
-8.08663 358.002 -0.0495189 45 146 229
-8.03404 357.962 0.0225571 45 146 229
-8.07181 357.995 -0.0264636 45 146 229
-8.07946 358.008 -0.0468475 45 146 229
-8.06071 357.989 -0.0199745 45 146 229
-8.05047 357.981 -0.00564078 45 146 229
-8.07094 357.956 0.0246317 45 146 229
-8.04455 357.972 -0.00194948 45 146 229
-8.08547 357.981 -0.0168821 45 146 229
-8.0937 357.991 -0.0304803 45 146 229
-8.04563 357.972 -0.00803227 45 146 229
-8.05736 357.973 0.0139078 45 146 229
-8.04836 357.954 0.0410832 45 146 229
-8.075 357.973 -0.00273239 45 146 229
-8.08555 357.979 -0.0117137 45 146 229
-8.03835 357.956 0.0370737 45 146 229
-8.12335 358.007 -0.0418033 45 146 229
-8.07083 357.987 -0.030464 45 146 229
-8.06707 357.966 0.00826299 45 146 229
-8.04614 357.956 0.0357636 45 146 229
-8.05744 357.953 0.0403055 45 146 229
-8.05785 357.971 -0.00469404 45 146 229
-8.05377 357.975 -0.0120787 45 146 229
-8.06215 357.98 -0.019713 45 146 229
-8.0888 357.999 -0.0295003 45 146 229
-8.10544 357.986 -0.0237054 45 146 229
-8.07097 357.966 0.0092611 45 146 229
-8.07612 357.975 -0.00735382 45 146 229
-8.05322 357.962 0.0173082 45 146 229
-8.08661 357.993 -0.0361674 45 146 229
-8.09155 358.003 -0.0488667 45 146 229
-8.1173 357.996 -0.0328272 45 146 229
-8.03589 357.965 0.0325344 45 146 229
-8.05169 357.969 0.00187624 45 146 229
-8.04715 357.96 0.0262133 45 146 229
-8.0766 357.965 0.00906764 45 146 229
-8.06911 357.961 0.0179672 45 146 229
-8.10125 358.013 -0.0458738 45 146 229
-8.07012 357.992 -0.0226317 45 146 229
-8.10143 357.996 -0.0358079 45 146 229
-8.06435 357.995 -0.028233 45 146 229
-8.05548 357.963 0.0159159 45 146 229
-8.0404 357.959 0.0286692 45 146 229
-8.0639 357.995 -0.0292475 45 146 229
-8.07744 357.982 -0.0213049 45 146 229
-8.05905 357.962 0.0193742 45 146 229
-8.03595 357.957 0.0373297 45 146 229
-8.07184 357.969 0.00350219 45 146 229
-8.09147 357.993 -0.034338 45 146 229
-8.03477 357.96 0.0242876 45 146 229
-8.04671 357.981 -0.0146096 45 146 229
-8.10783 358.006 -0.0042808 45 146 229
-8.0526 357.974 0.00914053 45 146 229
-8.06753 357.964 0.0133172 45 146 229
-8.0629 357.976 -0.0129076 45 146 229
-8.09584 358.011 -0.0445234 45 146 229
-8.05288 357.983 -0.00930973 45 146 229
-8.07025 357.968 0.00501043 45 146 229
-8.05071 357.953 0.0416783 45 146 229
-8.06313 357.98 -0.00292789 45 146 229
-8.04966 357.959 0.0270125 45 146 229
-8.0816 357.968 0.00455719 45 146 229
-8.03802 357.97 0.0202353 45 146 229
-8.08068 357.976 -0.00786736 45 146 229
-8.10151 358.003 0.0105521 45 146 229
-8.08919 357.993 0.0173535 45 146 229
-8.08889 357.992 0.0158887 45 146 229
-8.06127 357.963 0.0163999 45 146 229
-8.07942 358.008 -0.0460492 45 146 229
-8.07006 357.985 -0.0101134 45 146 229
-8.11962 358.004 -0.040155 45 146 229
-8.04238 357.973 0.0119895 45 146 229
-8.05409 357.972 -0.00597032 45 146 229
-8.07514 357.978 -0.0143833 45 146 229
-8.08434 357.983 -0.0197948 45 146 229
-8.07637 357.991 -0.0367113 45 146 229
-8.05063 357.956 0.0361803 45 146 229
-8.11239 358.001 -0.0393404 45 146 229
-8.06843 357.965 0.0122637 45 146 229
-8.03492 357.968 0.0268734 45 146 229
-8.05521 357.99 -0.0223434 45 146 229
-8.07761 357.991 -0.0187101 45 146 229
-8.1068 357.998 -0.0364036 45 146 229
-8.11222 358.004 -0.0426737 45 146 229
-8.07363 357.962 0.0152259 45 146 229
-8.08981 357.983 -0.0177498 45 146 229
-8.10823 357.993 -0.0290008 45 146 229
-8.09008 357.983 -0.0172664 45 146 229
-8.05664 357.955 0.0352853 45 146 229
-8.05513 357.984 -0.0107994 45 146 229
-8.08203 357.969 0.000211512 45 146 229
-8.0344 357.966 0.0287618 45 146 229
-8.09952 357.978 -0.0125044 45 146 229
-8.11631 358.005 -0.0437579 45 146 229
-8.1095 357.998 -0.0355527 45 146 229
-8.06962 357.982 -0.022587 45 146 229
-8.06868 357.98 -0.0201485 45 146 229
-8.08271 357.989 -0.0312535 45 146 229
-8.03534 357.956 0.0389383 45 146 229
-8.09597 358.002 -0.0317211 45 146 229
-8.04865 357.954 0.0390273 45 146 229
-8.11499 357.997 -0.0341845 45 146 229
-8.06386 357.974 -0.0103469 45 146 229
-8.08799 358.004 -0.0376064 45 146 229
-8.08825 357.995 -0.0231354 45 146 229
-8.10395 357.984 -0.0198312 45 146 229
-8.04553 357.965 0.0105865 45 146 229
-8.10413 357.996 -0.0353329 45 146 229
-8.08484 357.977 -0.00939301 45 146 229
-8.03388 357.963 0.0175785 45 146 229
-8.10607 358.001 -0.041258 45 146 229
-8.04339 357.968 0.00475911 45 146 229
-8.04637 357.963 0.0173097 45 146 229
-8.05033 357.975 0.0069033 45 146 229
-8.07165 357.992 -0.0378988 45 146 229
-8.04557 357.973 0.0109554 45 146 229
-8.10356 358.005 0.00286183 45 146 229
-8.08744 357.985 -0.022147 45 146 229
-8.07216 357.98 -0.0197625 45 146 229
-8.04057 357.961 0.0236817 45 146 229
-8.11495 358.006 -0.044857 45 146 229
-8.06024 357.978 0.00253595 45 146 229
-8.04962 357.987 -0.0205974 45 146 229
-8.0665 357.967 0.049738 45 146 229
-8.04515 357.955 0.0405721 45 146 229
-8.04913 357.988 -0.010907 45 146 229
-8.09135 357.984 -0.0191965 45 146 229
-8.06001 357.966 0.00885015 45 146 229
-8.04805 357.979 -0.0177373 45 146 229
-8.10463 358.004 -0.00155491 45 146 229
-8.09539 357.99 -0.0277543 45 146 229
-8.0815 357.999 -0.0464485 45 146 229
-8.03498 357.969 0.0226734 45 146 229
-8.04813 357.957 0.0349278 45 146 229
-8.09307 357.991 -0.0308488 45 146 229
-8.08432 357.994 -0.0225804 45 146 229
-8.06882 357.987 -0.0145835 45 146 229
-8.11798 358.004 -0.0424543 45 146 229
-8.09541 357.977 -0.0091901 45 146 229
-8.12526 358.004 -0.0392098 45 146 229
-8.05174 357.984 -0.0117418 45 146 229
-8.05408 357.959 0.027472 45 146 229
-8.07631 357.995 -0.041584 45 146 229
-8.07599 357.986 -0.0116903 45 146 229
-8.04664 357.979 -0.00328478 45 146 229
-8.04943 357.957 0.0336249 45 146 229
-8.07615 357.988 -0.0313791 45 146 229
-8.07861 357.985 -0.0255293 45 146 229
-8.11878 357.996 -0.0325557 45 146 229
-8.03248 357.963 0.0193146 45 146 229
-8.05883 357.994 -0.0248198 45 146 229
-8.04922 357.986 -0.0202288 45 146 229
-8.10337 357.984 -0.0194546 45 146 229
-8.07046 357.964 0.0118383 45 146 229
-8.08139 357.964 0.00898151 45 146 229
-8.06796 357.984 -0.0258157 45 146 229
-8.07626 357.993 -0.0229673 45 146 229
-8.09172 357.993 0.0118804 45 146 229
-8.07671 357.972 -0.00119372 45 146 229
-8.0851 358.002 -0.0352379 45 146 229
-8.07955 357.973 -0.00341784 45 146 229
-8.07019 357.992 -0.0234432 45 146 229
-8.06409 357.99 -0.0359727 45 146 229
-8.07841 357.979 -0.0144565 45 146 229
-8.09983 357.99 -0.0257058 45 146 229
-8.07224 357.995 -0.0269057 45 146 229
-8.09264 357.998 -0.0269942 45 146 229
-8.08112 357.973 -0.00253474 45 146 229
-8.08017 357.974 -0.00439529 45 146 229
-8.07813 357.987 -0.0297511 45 146 229
-8.04717 357.965 0.0124524 45 146 229
-8.06195 357.965 0.0119785 45 146 229
-8.06731 357.988 -0.0320197 45 146 229
-8.03285 357.967 0.0127643 45 146 229
-8.08552 357.982 -0.0173241 45 146 229
-8.06672 357.998 -0.0394509 45 146 229
-8.08193 357.974 -0.00482487 45 146 229
-8.05551 357.956 0.0342985 45 146 229
-8.09204 357.99 -0.0289191 45 146 229
-8.04801 357.958 0.0294219 45 146 229
-8.0664 357.98 -0.020166 45 146 229
-8.08156 358.001 -0.0493442 45 146 229
-8.08845 357.992 0.0190513 45 146 229
-8.12191 358.001 -0.039643 45 146 229
-8.0417 357.971 0.0171153 45 146 229
-8.08973 357.994 -0.0198528 45 146 229
-8.06554 357.965 0.0112786 45 146 229
-8.0509 357.962 0.0193617 45 146 229
-8.07256 357.959 0.0189297 45 146 229
-8.06686 357.965 0.0122854 45 146 229
-8.07835 357.974 -0.00488267 45 146 229
-8.03778 357.966 0.0291164 45 146 229
-8.06858 357.984 -0.0263584 45 146 229
-8.06223 357.983 -0.00937178 45 146 229
-8.06085 357.959 0.0247852 45 146 229
-8.11398 357.989 -0.0250001 45 146 229
-8.08999 357.977 -0.00903667 45 146 229
-8.03484 357.958 0.0299771 45 146 229
-8.1082 357.995 -0.0321957 45 146 229
-8.10164 357.996 -0.0357294 45 146 229
-8.06859 357.986 -0.0136653 45 146 229
-8.09087 357.994 -0.0362072 45 146 229
-8.09155 357.99 -0.0292791 45 146 229
-8.09475 358.0 0.0246974 45 146 229
-8.07253 357.972 -0.00074016 45 146 229
-8.10409 357.988 -0.0239984 45 146 229
-8.07557 357.988 -0.0309696 45 146 229
-8.0264 357.959 0.0353483 45 146 229
-8.09362 357.997 -0.0249988 45 146 229
-8.10959 358.0 -0.0390034 45 146 229
-8.08237 357.989 -0.0147477 45 146 229
-8.08387 357.978 -0.0116602 45 146 229
-8.111 358.003 -0.0417932 45 146 229
-8.11191 357.993 -0.0290996 45 146 229
-8.09695 358.006 -0.0369375 45 146 229
-8.09923 358.004 -0.0339734 45 146 229
-8.09819 357.983 -0.0174847 45 146 229
-8.11637 357.997 -0.0322442 45 146 229
-8.05991 357.961 0.0199291 45 146 229
-8.10974 357.995 -0.0319639 45 146 229
-8.06338 357.952 0.0385664 45 146 229
-8.09333 357.994 -0.0356789 45 146 229
-8.07859 357.979 -0.0150839 45 146 229
-8.11775 358.0 -0.0370388 45 146 229
-8.04809 357.987 -0.0226832 45 146 229
-8.05004 357.969 0.00190312 45 146 229
-8.0717 357.969 0.00404804 45 146 229
-8.07955 358.005 -0.0417476 45 146 229
-8.06442 357.982 -0.0229521 45 146 229
-8.07843 357.981 -0.0185464 45 146 229
-8.06639 357.961 0.0187204 45 146 229
-8.09915 357.996 -0.0360661 45 146 229
-8.11737 357.997 -0.0339857 45 146 229
-8.04134 357.97 0.00583365 45 146 229
-8.05937 357.97 -0.00101085 45 146 229
-8.05365 357.981 -0.0216562 45 146 229
-8.06471 357.971 -0.00131932 45 146 229
-8.053 357.975 0.0077761 45 146 229
-8.05109 357.985 -0.028469 45 146 229
-8.10671 357.994 -0.0302348 45 146 229
-8.11369 357.994 -0.0304437 45 146 229
-8.04541 357.973 -0.00617145 45 146 229
-8.07878 357.978 -0.0126439 45 146 229
-8.04741 357.971 -0.000325204 45 146 229
-8.04831 357.971 -0.00121527 45 146 229
-8.04364 357.978 -0.00988502 45 146 229
-8.10168 358.003 0.00759313 45 146 229
-8.08483 357.997 -0.0272053 45 146 229
-8.05301 357.983 -0.00860903 45 146 229
-8.10868 357.991 -0.026039 45 146 229
-8.03692 357.971 0.0110691 45 146 229
-8.07849 358.003 -0.0379983 45 146 229
-8.0993 358.0 0.00385161 45 146 229
-8.07397 358.003 -0.0394344 45 146 229
-8.07964 358.002 -0.0363511 45 146 229
-8.06548 357.98 -0.0199622 45 146 229
-8.11736 357.998 -0.0337876 45 146 229
-8.07243 357.989 -0.0334035 45 146 229
-8.05726 357.983 -0.0246041 45 146 229
-8.10685 357.999 -0.0379401 45 146 229
-8.04092 357.96 0.0241364 45 146 229
-8.06228 357.962 0.018911 45 146 229
-8.06117 357.959 0.0239239 45 146 229
-8.03915 357.96 0.0250189 45 146 229
-8.05419 357.962 0.018598 45 146 229
-8.09279 357.988 -0.0247962 45 146 229
-8.06493 357.985 -0.0283467 45 146 229
-8.04078 357.959 0.0284972 45 146 229
-8.07775 357.974 -0.00374299 45 146 229
-8.07898 357.978 -0.0114678 45 146 229
-8.06331 357.989 -0.0196274 45 146 229
-8.09583 357.999 0.0131182 45 146 229
-8.03212 357.961 0.0246406 45 146 229
-8.09198 357.985 -0.0207775 45 146 229
-8.09319 358.002 -0.0325796 45 146 229
-8.09175 357.999 -0.0286016 45 146 229
-8.10656 357.998 -0.0377298 45 146 229
-8.05491 357.972 -0.00520787 45 146 229
-8.06147 357.966 0.0091646 45 146 229
-8.03304 357.958 0.0310797 45 146 229
-8.06644 357.958 0.0233223 45 146 229
-8.09694 357.979 -0.0126153 45 146 229
-8.04495 357.974 0.00344551 45 146 229
-8.06644 357.965 0.0126034 45 146 229
-8.05888 357.986 -0.0153229 45 146 229
-8.04233 357.957 0.0344936 45 146 229
-8.09654 357.996 0.00426314 45 146 229
-8.08392 357.978 -0.0114542 45 146 229
-8.09031 358.006 -0.0397474 45 146 229
-8.04539 357.958 0.0315085 45 146 229
-8.09364 357.997 -0.0396534 45 146 229
-8.0883 357.993 -0.0361505 45 146 229
-8.05766 357.978 -0.0172277 45 146 229
-8.04601 357.973 0.0113918 45 146 229
-8.0951 357.984 -0.0183957 45 146 229
-8.0597 357.97 -0.00095384 45 146 229
-8.03465 357.969 0.0235496 45 146 229
-8.04813 357.958 0.0307962 45 146 229
-8.05379 357.965 0.0115899 45 146 229
-8.08732 358.004 -0.0376008 45 146 229
-8.09021 357.984 -0.0193227 45 146 229
-8.06084 357.979 -0.0188021 45 146 229
-8.11899 358.004 -0.0404185 45 146 229
-8.07249 357.988 -0.031498 45 146 229
-8.02914 357.964 0.0353844 45 146 229
-8.10234 357.994 -0.0312221 45 146 229
-8.06227 357.974 0.0110257 45 146 229
-8.07736 357.997 -0.0448725 45 146 229
-8.0723 357.988 -0.0321279 45 146 229
-8.07178 357.987 -0.0302154 45 146 229
-8.10803 357.998 -0.0363714 45 146 229
-8.06497 357.957 0.0262084 45 146 229
-8.08858 357.999 -0.0296426 45 146 229
-8.04051 357.962 0.0209274 45 146 229
-8.0474 357.956 0.0361635 45 146 229
-8.06169 357.96 0.0225008 45 146 229
-8.09336 357.996 0.0142505 45 146 229
-8.05172 357.972 0.0148048 45 146 229
-8.10897 357.994 -0.0309148 45 146 229
-8.05828 357.966 0.00951062 45 146 229
-8.059 357.973 -0.00819515 45 146 229
-8.06799 357.984 -0.0259183 45 146 229
-8.05715 357.953 0.0389957 45 146 229
-8.07002 357.986 -0.0292578 45 146 229
-8.08038 357.979 -0.0148267 45 146 229
-8.08441 357.982 -0.0183192 45 146 229
-8.03379 357.96 0.0252607 45 146 229
-8.10331 358.004 0.00478265 45 146 229
-8.10372 358.003 -0.0448388 45 146 229
-8.10037 357.992 -0.0295625 45 146 229
-8.05124 357.97 -0.00040132 45 146 229
-8.07735 357.988 -0.0145734 45 146 229
-8.04445 357.973 0.00352766 45 146 229
-8.06797 357.989 -0.034835 45 146 229
-8.08944 357.992 -0.0187049 45 146 229
-8.02996 357.96 0.0303677 45 146 229
-8.09203 357.986 -0.0218322 45 146 229
-8.06863 357.979 -0.0180234 45 146 229
-8.09132 358.004 -0.0497652 45 146 229
-8.1123 358.0 -0.0378852 45 146 229
-8.09 358.005 -0.0383064 45 146 229
-8.07515 357.976 -0.0100827 45 146 229
-8.06613 357.994 -0.0273176 45 146 229
-8.08627 357.988 -0.0289894 45 146 229
-8.04972 357.987 -0.0196008 45 146 229
-8.06212 357.976 -0.0140049 45 146 229
-8.03582 357.968 0.0250351 45 146 229
-8.08673 357.976 -0.00690802 45 146 229
-8.10204 357.999 -0.0398811 45 146 229
-8.06638 357.962 0.016999 45 146 229
-8.09086 357.993 0.0155775 45 146 229
-8.05399 357.958 0.030064 45 146 229
-8.07932 357.977 -0.0110288 45 146 229
-8.1087 357.993 -0.0298315 45 146 229
-8.08224 357.983 -0.0214717 45 146 229
-8.07155 357.971 -5.09318e-05 45 146 229
-8.09678 358.005 -0.0354246 45 146 229
-8.07649 357.987 -0.0294211 45 146 229
-8.08498 357.999 -0.0306524 45 146 229
-8.05725 357.979 -0.0183725 45 146 229
-8.08706 357.997 -0.0266413 45 146 229
-8.06327 357.963 0.0160597 45 146 229
-8.05644 357.978 -0.0176953 45 146 229
-8.06075 357.97 -0.00101113 45 146 229
-8.04911 357.984 -0.0245042 45 146 229
-8.09524 357.984 -0.0180764 45 146 229
-8.0602 357.964 0.0142242 45 146 229
-8.08457 357.964 0.0112278 45 146 229
-8.06712 357.992 -0.0234345 45 146 229
-8.06204 357.974 -0.0101945 45 146 229
-8.04907 357.985 -0.0229234 45 146 229
-8.10594 358.0 -0.0424374 45 146 229
-8.06308 357.967 0.00737723 45 146 229
-8.05878 357.976 -0.01341 45 146 229
-8.12012 357.994 -0.0293545 45 146 229
-8.09876 358.011 -0.044242 45 146 229
-8.04518 357.959 0.0307988 45 146 229
-8.09911 357.994 -0.0330923 45 146 229
-8.06172 357.96 0.0225626 45 146 229
-8.04196 357.964 0.0150366 45 146 229
-8.06199 357.977 -0.0155676 45 146 229
-8.05448 357.96 0.0243871 45 146 229
-8.07818 358.009 -0.0483693 45 146 229
-8.09184 357.999 -0.028976 45 146 229
-8.06648 357.974 -0.00812073 45 146 229
-8.08711 357.985 -0.0225145 45 146 229
-8.05203 357.953 0.0418107 45 146 229
-8.07686 357.987 -0.0293065 45 146 229
-8.035 357.969 0.0222524 45 146 229
-8.03377 357.963 0.0181838 45 146 229
-8.04468 357.977 -0.0114153 45 146 229
-8.049 357.971 -0.00282931 45 146 229
-8.08766 358.0 -0.0464035 45 146 229
-8.06405 357.969 0.0015232 45 146 229
-8.04457 357.974 -0.000809266 45 146 229
-8.07925 358.004 -0.0401942 45 146 229
-8.05753 357.978 -0.0171078 45 146 229
-8.0859 357.993 -0.0361819 45 146 229
-8.04981 357.972 0.0141345 45 146 229
-8.05633 357.976 -0.0138164 45 146 229
-8.04046 357.959 0.0291563 45 146 229
-8.09634 357.99 -0.0283037 45 146 229
-8.04473 357.971 0.0180622 45 146 229
-8.04414 357.959 0.0318706 45 146 229
-8.04325 357.962 0.0212875 45 146 229
-8.09148 357.991 -0.0314964 45 146 229
-8.09738 357.995 -0.0357768 45 146 229
-8.0671 357.979 0.00157633 45 146 229
-8.09836 357.988 -0.0228448 45 146 229
-8.06364 357.99 -0.0210684 45 146 229
-8.08676 358.0 -0.0456548 45 146 229
-8.12386 358.005 -0.0400998 45 146 229
-8.08672 357.991 0.0243121 45 146 229
-8.06444 357.975 0.011709 45 146 229
-8.06209 357.988 -0.0175922 45 146 229
-8.04817 357.976 -0.0106541 45 146 229
-8.08141 357.995 -0.0247438 45 146 229
-8.08705 357.999 -0.0446728 45 146 229
-8.10723 357.995 -0.0323759 45 146 229
-8.06617 357.959 0.0219746 45 146 229
-8.06579 357.985 -0.0284027 45 146 229
-8.06891 357.963 0.0149817 45 146 229
-8.0568 357.981 -0.00605389 45 146 229
-8.08927 358.004 -0.0363707 45 146 229
-8.05189 357.959 0.0266977 45 146 229
-8.05246 357.958 0.0289764 45 146 229
-8.03793 357.959 0.0284865 45 146 229
-8.07784 357.977 -0.0107752 45 146 229
-8.06229 357.984 -0.0274955 45 146 229
-8.08551 358.001 -0.0473791 45 146 229
-8.03978 357.96 0.0243674 45 146 229
-8.08846 357.977 -0.00943591 45 146 229
-8.04942 357.958 0.031361 45 146 229
-8.06338 357.964 0.0139217 45 146 229
-8.06949 357.998 -0.031706 45 146 229
-8.106 357.997 -0.035217 45 146 229
-8.07582 357.978 -0.0149598 45 146 229
-8.08606 357.991 -0.0330677 45 146 229
-8.07274 357.981 -0.0214061 45 146 229
-8.04635 357.963 0.0164318 45 146 229
-8.10293 357.986 -0.0212913 45 146 229
-8.10338 358.008 -0.0384126 45 146 229
-8.03381 357.969 0.0231204 45 146 229
-8.07497 357.964 0.011077 45 146 229
-8.09795 357.998 -0.0400957 45 146 229
-8.12729 358.007 -0.0393479 45 146 229
-8.06209 357.959 0.0246317 45 146 229
-8.10505 357.992 -0.0276037 45 146 229
-8.05778 357.954 0.0377996 45 146 229
-8.07242 357.988 -0.0310229 45 146 229
-8.07508 357.971 0.00149135 45 146 229
-8.04949 357.959 0.0261821 45 146 229
-8.04362 357.969 0.00458521 45 146 229
-8.10697 358.009 -0.0382507 45 146 229
-8.0775 357.992 -0.0211786 45 146 229
-8.0867 357.982 -0.0171829 45 146 229
-8.09754 358.002 -0.0447464 45 146 229
-8.05663 357.977 -0.0154967 45 146 229
-8.06267 357.982 -0.0234048 45 146 229
-8.07655 357.992 -0.0210568 45 146 229
-8.03692 357.965 0.00930248 45 146 229
-8.04395 357.959 0.0257133 45 146 229
-8.11185 358.002 -0.0401332 45 146 229
-8.09371 357.986 -0.0216697 45 146 229
-8.0949 358.0 -0.0426304 45 146 229
-8.07744 357.984 -0.0240176 45 146 229
-8.07617 357.988 -0.0321623 45 146 229
-8.07274 357.973 -0.00492213 45 146 229
-8.10199 358.011 -0.042755 45 146 229
-8.08266 357.983 -0.0208151 45 146 229
-8.07055 358.006 -0.0516767 45 146 229
-8.07022 357.969 0.00390724 45 146 229
-8.05924 357.956 0.0306208 45 146 229
-8.08834 357.994 -0.0367774 45 146 229
-8.06726 357.955 0.0295581 45 146 229
-8.06355 357.992 -0.024752 45 146 229
-8.05606 357.954 0.038937 45 146 229
-8.11369 358.003 -0.0407548 45 146 229
-8.07748 357.961 0.0141718 45 146 229
-8.09622 358.003 -0.0465838 45 146 229
-8.1043 357.993 -0.0298932 45 146 229
-8.04758 357.964 0.0149706 45 146 229
-8.09542 357.979 -0.0115126 45 146 229
-8.04888 357.982 -0.0076956 45 146 229
-8.05734 357.967 0.00610127 45 146 229
-8.09188 357.974 -0.00775193 45 146 229
-8.09466 358.002 -0.0328521 45 146 229
-8.04943 357.983 -0.00877674 45 146 229
-8.08457 357.985 -0.0234797 45 146 229
-8.08477 357.989 0.0231602 45 146 229
-8.10059 357.993 -0.0316868 45 146 229
-8.02912 357.97 0.0195606 45 146 229
-8.11344 357.987 -0.0210514 45 146 229
-8.0859 357.971 7.3302e-05 45 146 229
-8.05711 357.963 0.0164437 45 146 229
-8.04604 357.958 0.0300418 45 146 229
-8.05478 357.965 0.0109915 45 146 229
-8.07065 357.969 0.00287357 45 146 229
-8.10127 357.999 -0.039609 45 146 229
-8.07926 357.991 -0.0193971 45 146 229
-8.07385 357.962 0.0150397 45 146 229
-8.04473 357.973 -0.0023283 45 146 229
-8.07316 357.99 -0.0348311 45 146 229
-8.09427 357.984 -0.0185004 45 146 229
-8.07628 357.999 -0.0323678 45 146 229
-8.08354 357.982 -0.0190994 45 146 229
-8.06517 357.957 0.0259209 45 146 229
-8.05361 357.962 0.0191746 45 146 229
-8.06465 357.973 -0.00784706 45 146 229
-8.07058 357.974 -0.00873285 45 146 229
-8.08409 357.978 -0.0114039 45 146 229
-8.07212 357.994 -0.0413675 45 146 229
-8.10206 358.003 -0.0443392 45 146 229
-8.03708 357.958 0.0323694 45 146 229
-8.08061 357.975 -0.00693481 45 146 229
-8.08171 358.009 -0.0469327 45 146 229
-8.05973 357.963 0.0159877 45 146 229
-8.07003 357.966 0.00977055 45 146 229
-8.03571 357.959 0.0293814 45 146 229
-8.06262 357.984 -0.0273208 45 146 229
-8.07327 357.963 0.0131924 45 146 229
-8.07671 357.968 0.00547972 45 146 229
-8.05685 357.99 -0.0217153 45 146 229
-8.07794 358.008 -0.04529 45 146 229
-8.10722 357.999 -0.037687 45 146 229
-8.0756 357.965 0.00941541 45 146 229
-8.09884 357.994 -0.031746 45 146 229
-8.10586 357.993 -0.0301486 45 146 229
-8.09098 357.984 -0.0194363 45 146 229
-8.09414 357.984 -0.0186109 45 146 229
-8.06031 357.969 0.000931583 45 146 229
-8.0663 357.991 -0.0224629 45 146 229
-8.0442 357.972 0.0139966 45 146 229
-8.07353 357.973 -0.00256929 45 146 229
-8.05423 357.957 0.0310671 45 146 229
-8.08566 357.982 -0.0182588 45 146 229
-8.03951 357.971 0.0085162 45 146 229
-8.10828 357.992 -0.0275988 45 146 229
-8.03408 357.965 0.0144603 45 146 229
-8.07477 357.959 0.0180143 45 146 229
-8.07065 357.982 -0.0230275 45 146 229
-8.05614 357.989 -0.0195281 45 146 229
-8.0924 357.972 -0.00244376 45 146 229
-8.05024 357.964 0.0144734 45 146 229
-8.05578 357.982 -0.0241366 45 146 229
-8.0558 357.974 -0.0104698 45 146 229
-8.0869 357.968 0.00515566 45 146 229
-8.10019 358.0 0.00195981 45 146 229
-8.08906 358.0 -0.0299694 45 146 229
-8.07512 358.001 -0.0505038 45 146 229
-8.05441 357.979 -0.0188158 45 146 229
-8.06131 357.977 -0.0155368 45 146 229
-8.04308 357.972 0.0146381 45 146 229
-8.08882 357.992 -0.033777 45 146 229
-8.07595 357.992 -0.0380819 45 146 229
-8.05513 357.963 0.0173337 45 146 229
-8.12091 358.003 -0.0397508 45 146 229
-8.09129 357.978 -0.0108295 45 146 229
-8.10412 358.003 -0.00194168 45 146 229
-8.08398 357.993 -0.0207554 45 146 229
-8.09028 357.995 -0.0373417 45 146 229
-8.11222 358.003 -0.0420747 45 146 229
-8.07 357.974 -0.00659833 45 146 229
-8.11353 357.998 -0.034804 45 146 229
-8.08488 357.981 -0.0158718 45 146 229
-8.0707 357.973 -0.00388003 45 146 229
-8.0859 357.979 -0.0119547 45 146 229
-8.06271 357.961 0.0203683 45 146 229
-8.05367 357.992 -0.025534 45 146 229
-8.07881 357.997 -0.0278335 45 146 229
-8.08777 358.004 -0.0376441 45 146 229
-8.08397 357.988 -0.0296809 45 146 229
-8.04444 357.971 -0.00358727 45 146 229
-8.08763 357.969 -0.00108659 45 146 229
-8.05024 357.986 -0.0237121 45 146 229
-8.05167 357.969 0.00173342 45 146 229
-8.088 357.985 -0.0212191 45 146 229
-8.1112 358.002 -0.0401358 45 146 229
-8.06899 357.983 -0.0251716 45 146 229
-8.04679 357.974 -0.0134883 45 146 229
-8.07512 357.973 -0.00337148 45 146 229
-8.06153 357.96 0.0224262 45 146 229
-8.07173 358.009 -0.0518339 45 146 229
-8.04574 357.982 -0.0187601 45 146 229
-8.10714 357.985 -0.0212965 45 146 229
-8.06663 357.959 0.0216047 45 146 229
-8.08235 357.995 -0.0242062 45 146 229
-8.0789 357.961 0.015638 45 146 229
-8.07327 357.968 0.0055488 45 146 229
-8.06496 357.988 -0.0178974 45 146 229
-8.08433 357.994 -0.037477 45 146 229
-8.07817 357.998 -0.0453826 45 146 229
-8.10051 357.996 -0.0358178 45 146 229
-8.09398 357.974 -0.00700185 45 146 229
-8.07554 358.002 -0.0364966 45 146 229
-8.06708 358.002 -0.0415307 45 146 229
-8.06931 357.956 0.0249318 45 146 229
-8.11694 358.003 -0.039245 45 146 229
-8.05849 357.973 0.0128158 45 146 229
-8.08559 357.982 -0.0170021 45 146 229
-8.03755 357.966 0.00843782 45 146 229
-8.09381 358.0 -0.0296747 45 146 229
-8.10927 358.008 -0.00397986 45 146 229
-8.08882 357.993 0.0239399 45 146 229
-8.04921 357.972 0.0162918 45 146 229
-8.04675 357.973 -0.00847116 45 146 229
-8.08206 358.001 -0.0497426 45 146 229
-8.04603 357.978 -0.0128062 45 146 229
-8.06384 357.969 0.0021347 45 146 229
-8.05305 357.983 -0.00738399 45 146 229
-8.08942 357.988 -0.0280293 45 146 229
-8.07155 357.966 0.0091349 45 146 229
-8.08067 357.995 -0.0249313 45 146 229
-8.05812 357.965 0.0122329 45 146 229
-8.05115 357.955 0.0374617 45 146 229
-8.05142 357.973 -0.00837409 45 146 229
-8.06824 358.002 -0.0420121 45 146 229
-8.08694 358.005 -0.039028 45 146 229
-8.08071 358.007 -0.0436857 45 146 229
-8.03822 357.964 0.0329073 45 146 229
-8.06156 357.984 -0.0261803 45 146 229
-8.03383 357.961 0.024191 45 146 229
-8.05699 357.959 0.0251235 45 146 229
-8.0509 357.957 0.0316861 45 146 229
-8.09262 357.99 -0.02922 45 146 229
-8.10818 357.999 -0.0385688 45 146 229
-8.12711 357.998 -0.0331369 45 146 229
-8.05033 357.962 0.0174807 45 146 229
-8.07157 357.999 -0.0499201 45 146 229
-8.06475 357.998 -0.0412645 45 146 229
-8.03313 357.961 0.0237002 45 146 229
-8.05426 357.957 0.0324569 45 146 229
-8.03511 357.964 0.0104266 45 146 229
-8.09266 357.981 -0.0149667 45 146 229
-8.07101 357.966 0.010159 45 146 229
-8.07228 357.978 -0.0153882 45 146 229
-8.0676 357.962 0.0162363 45 146 229
-8.06968 358.002 -0.050543 45 146 229
-8.10899 357.999 -0.0376029 45 146 229
-8.10054 357.998 -0.0387883 45 146 229
-8.07711 357.975 -0.00695929 45 146 229
-8.09958 358.006 -0.0362504 45 146 229
-8.09538 357.992 -0.0313886 45 146 229
-8.08358 357.985 -0.0249646 45 146 229
-8.04622 357.969 0.0217351 45 146 229
-8.062 357.974 -0.0090846 45 146 229
-8.08855 357.988 -0.0270823 45 146 229
-8.06792 357.982 -0.0227654 45 146 229
-8.0541 357.961 0.0224407 45 146 229
-8.09358 358.002 -0.0326383 45 146 229
-8.09298 357.994 -0.0355087 45 146 229
-8.09826 357.993 -0.0312447 45 146 229
-8.057 357.974 0.0106267 45 146 229
-8.10912 357.993 -0.0290041 45 146 229
-8.08356 357.989 -0.0134553 45 146 229
-8.0691 357.973 -0.00594168 45 146 229
-8.07613 357.99 -0.0179587 45 146 229
-8.0628 357.986 -0.0303481 45 146 229
-8.12174 358.005 -0.0410062 45 146 229
-8.05981 357.988 -0.0180965 45 146 229
-8.07377 357.987 -0.029716 45 146 229
-8.04805 357.967 0.00590329 45 146 229
-8.06721 357.962 0.0173386 45 146 229
-8.06774 357.978 0.00404749 45 146 229
-8.04279 357.96 0.0246797 45 146 229
-8.03729 357.956 0.0379746 45 146 229
-8.04604 357.968 0.0031841 45 146 229
-8.0316 357.963 0.037833 45 146 229
-8.0559 357.969 0.000569326 45 146 229
-8.07275 357.978 -0.0160809 45 146 229
-8.06455 357.976 0.00818618 45 146 229
-8.04693 357.959 0.0285012 45 146 229
-8.07767 357.993 -0.023031 45 146 229
-8.05653 357.955 0.034655 45 146 229
-8.05695 357.958 0.0291887 45 146 229
-8.08514 357.999 -0.0298302 45 146 229
-8.07412 357.962 0.0146302 45 146 229
-8.06926 357.975 -0.00986104 45 146 229
-8.0658 357.984 -0.0262224 45 146 229
-8.06874 357.995 -0.028482 45 146 229
-8.06106 357.966 0.00922377 45 146 229
-8.069 357.989 -0.0343759 45 146 229
-8.04759 357.966 0.00833647 45 146 229
-8.09384 358.001 -0.0452784 45 146 229
-8.09385 358.0 -0.042576 45 146 229
-8.08213 357.986 0.013171 45 146 229
-8.09321 357.983 -0.0172469 45 146 229
-8.10355 357.999 -0.0395787 45 146 229
-8.06453 357.979 -0.0185048 45 146 229
-8.05894 357.953 0.0379101 45 146 229
-8.09032 357.992 0.0124092 45 146 229
-8.06195 357.995 -0.0293046 45 146 229
-8.06149 357.986 -0.0154892 45 146 229
-8.07642 357.999 -0.0317426 45 146 229
-8.10563 357.989 -0.025536 45 146 229
-8.08326 358.003 -0.0364523 45 146 229
-8.04481 357.979 0.00303774 45 146 229
-8.05865 357.963 0.017243 45 146 229
-8.12463 358.013 -0.044153 45 146 229
-8.08099 357.996 -0.026143 45 146 229
-8.0788 357.988 -0.0302179 45 146 229
-8.05579 357.981 -0.0220753 45 146 229
-8.04477 357.973 -0.000630184 45 146 229
-8.08972 357.995 -0.0375729 45 146 229
-8.0808 358.002 -0.0514147 45 146 229
-8.05923 357.979 -0.0183767 45 146 229
-8.04446 357.971 -0.00440116 45 146 229
-8.06709 357.986 -0.0140782 45 146 229
-8.10784 358.0 -0.0394836 45 146 229
-8.08587 357.968 0.00341896 45 146 229
-8.08361 358.005 -0.0410423 45 146 229
-8.05256 357.963 0.015884 45 146 229
-8.09881 358.001 -0.0431796 45 146 229
-8.0904 357.982 -0.0152374 45 146 229
-8.06924 357.964 0.0127536 45 146 229
-8.1109 357.999 -0.0371799 45 146 229
-8.09069 358.006 -0.0394076 45 146 229
-8.08033 357.991 -0.0193711 45 146 229
-8.09462 357.99 -0.0274801 45 146 229
-8.071 357.97 0.00131992 45 146 229
-8.02615 357.965 0.0170096 45 146 229
-8.09412 357.989 -0.0263592 45 146 229
-8.0969 358.001 0.020263 45 146 229
-8.06588 357.975 -0.0120964 45 146 229
-8.09973 358.009 -0.0416616 45 146 229
-8.06582 357.993 -0.0257251 45 146 229
-8.04105 357.963 0.0183147 45 146 229
-8.07133 357.962 0.0147061 45 146 229
-8.05097 357.984 -0.0103238 45 146 229
-8.08785 357.995 -0.0379695 45 146 229
-8.04466 357.974 0.00273351 45 146 229
-8.04303 357.963 0.0175757 45 146 229
-8.09412 357.995 -0.0362264 45 146 229
-8.10867 357.997 -0.0345219 45 146 229
-8.07764 357.991 -0.0186533 45 146 229
-8.04275 357.956 0.0388797 45 146 229
-8.05396 357.975 0.00845865 45 146 229
-8.04536 357.978 -0.00141517 45 146 229
-8.09398 357.992 -0.0323485 45 146 229
-8.08981 357.973 -0.00416305 45 146 229
-8.09112 357.995 -0.0370672 45 146 229
-8.09066 358.005 -0.0511353 45 146 229
-8.08741 357.995 -0.0387362 45 146 229
-8.06749 357.977 -0.0145424 45 146 229
-8.05662 357.972 0.0154322 45 146 229
-8.08777 357.966 0.0117375 45 146 229
-8.03412 357.968 0.0128144 45 146 229
-8.08966 358.005 -0.0528886 45 146 229
-8.06699 357.979 -0.0174678 45 146 229
-8.11033 357.997 -0.0339813 45 146 229
-8.06609 357.956 0.0282483 45 146 229
-8.0552 357.974 0.0105774 45 146 229
-8.09475 357.99 -0.0282046 45 146 229
-8.06584 357.975 -0.0120685 45 146 229
-8.06835 358.001 -0.0459975 45 146 229
-8.04289 357.971 0.00267368 45 146 229
-8.0916 357.986 -0.0227977 45 146 229
-8.11219 358.0 -0.0382746 45 146 229
-8.05809 357.993 -0.0254238 45 146 229
-8.1155 358.005 -0.0423326 45 146 229
-8.07674 357.978 -0.0134057 45 146 229
-8.08238 357.979 -0.0135425 45 146 229
-8.10297 358.004 0.00532212 45 146 229
-8.0575 357.966 0.00853933 45 146 229
-8.09392 357.983 -0.0166782 45 146 229
-8.02917 357.963 0.0146127 45 146 229
-8.03141 357.961 0.0251369 45 146 229
-8.10454 357.984 -0.0189064 45 146 229
-8.05824 357.957 0.0312098 45 146 229
-8.07685 357.971 4.40231e-05 45 146 229
-8.04571 357.959 0.0294285 45 146 229
-8.09428 358.003 -0.0482528 45 146 229
-8.09878 357.985 -0.0196052 45 146 229
-8.08025 357.993 -0.0212804 45 146 229
-8.06775 357.983 -0.0241743 45 146 229
-8.12569 357.997 -0.0330627 45 146 229
-8.1192 357.994 -0.0318104 45 146 229
-8.11292 358.002 -0.0398337 45 146 229
-8.05503 357.961 0.0231545 45 146 229
-8.08541 357.998 -0.0445447 45 146 229
-8.06343 357.966 0.00939008 45 146 229
-8.06576 357.96 0.021616 45 146 229
-8.06455 357.959 0.0243954 45 146 229
-8.06162 357.964 0.0148893 45 146 229
-8.08951 357.986 -0.0229941 45 146 229
-8.05651 357.96 0.0229779 45 146 229
-8.07981 358.005 -0.0411252 45 146 229
-8.07723 357.965 0.00886973 45 146 229
-8.07514 357.962 0.0130468 45 146 229
-8.07245 357.958 0.0215757 45 146 229
-8.07019 357.982 -0.00460535 45 146 229
-8.034 357.969 0.023216 45 146 229
-8.10581 357.99 -0.0259019 45 146 229
-8.0559 357.989 -0.0199983 45 146 229
-8.0635 357.976 -0.0139809 45 146 229
-8.06698 357.985 -0.0118228 45 146 229
-8.10687 357.986 -0.0225742 45 146 229
-8.08132 357.984 -0.0239103 45 146 229
-8.06918 357.965 0.0115578 45 146 229
-8.06476 357.962 0.0188145 45 146 229
-8.04456 357.96 0.0245494 45 146 229
-8.07304 357.972 -0.00115235 45 146 229
-8.08905 357.978 -0.0110976 45 146 229
-8.0588 357.978 0.00223511 45 146 229
-8.06552 357.978 -0.0174093 45 146 229
-8.05695 357.989 -0.0192265 45 146 229
-8.08853 357.977 -0.00833849 45 146 229
-8.06558 357.965 0.0130971 45 146 229
-8.04912 357.985 -0.0223695 45 146 229
-8.09463 358.005 -0.0361792 45 146 229
-8.08491 357.998 -0.0289664 45 146 229
-8.10184 357.993 -0.0303106 45 146 229
-8.06723 358.002 -0.0409374 45 146 229
-8.0687 357.983 -0.0242341 45 146 229
-8.07012 357.985 -0.00983479 45 146 229
-8.09393 357.985 -0.0194069 45 146 229
-8.06477 357.959 0.0227846 45 146 229
-8.09087 357.993 -0.0348035 45 146 229
-8.06149 357.968 0.00444437 45 146 229
-8.08822 357.984 -0.0199301 45 146 229
-8.06708 357.977 -0.0145979 45 146 229
-8.05582 357.975 0.00803806 45 146 229
-8.03762 357.97 0.0205311 45 146 229
-8.10681 357.994 -0.0306175 45 146 229
-8.06955 357.97 0.000879402 45 146 229
-8.04969 357.954 0.0414437 45 146 229
-8.04899 357.97 0.00120058 45 146 229
-8.08325 357.979 -0.013134 45 146 229
-8.03693 357.958 0.0310113 45 146 229
-8.06075 357.979 -0.000106495 45 146 229
-8.07602 357.996 -0.0437272 45 146 229
-8.10736 357.998 -0.0371077 45 146 229
-8.0861 357.974 -0.00412729 45 146 229
-8.04312 357.958 0.032438 45 146 229
-8.05657 357.961 0.0216207 45 146 229
-8.04946 357.972 -0.00411381 45 146 229
-8.11802 358.005 -0.0423196 45 146 229
-8.05004 357.963 0.0164101 45 146 229
-8.10135 357.988 -0.0235863 45 146 229
-8.08227 357.965 0.00872398 45 146 229
-8.07951 357.989 -0.0154748 45 146 229
-8.08745 357.986 -0.0242134 45 146 229
-8.08332 357.997 -0.0258403 45 146 229
-8.09009 357.992 0.0118264 45 146 229
-8.06638 357.966 0.0113527 45 146 229
-8.09257 357.977 -0.00913933 45 146 229
-8.09254 357.988 -0.0249119 45 146 229
-8.10377 357.995 -0.0332331 45 146 229
-8.06698 358.0 -0.0411333 45 146 229
-8.03306 357.957 0.0376337 45 146 229
-8.0505 357.984 -0.0258123 45 146 229
-8.10175 358.001 0.00142704 45 146 229
-8.04864 357.958 0.0305043 45 146 229
-8.0991 357.993 -0.0308581 45 146 229
-8.0892 357.978 -0.0104422 45 146 229
-8.08259 357.968 0.00515657 45 146 229
-8.06546 357.978 0.00253017 45 146 229
-8.07962 357.993 -0.0217267 45 146 229
-8.09176 357.995 0.0155936 45 146 229
-8.06762 357.96 0.0197639 45 146 229
-8.04878 357.957 0.0339385 45 146 229
-8.04837 357.985 -0.0185935 45 146 229
-8.06247 357.964 0.0138575 45 146 229
-8.06968 357.956 0.0252041 45 146 229
-8.1077 357.994 -0.0306998 45 146 229
-8.10241 357.988 -0.024147 45 146 229
-8.08656 357.985 -0.023879 45 146 229
-8.0365 357.964 0.0148816 45 146 229
-8.07386 357.988 -0.0314378 45 146 229
-8.09008 357.976 -0.00806354 45 146 229
-8.08004 357.992 -0.0369833 45 146 229
-8.10843 357.996 -0.0343982 45 146 229
-8.08342 357.999 -0.030272 45 146 229
-8.05555 357.984 -0.0107833 45 146 229
-8.08563 357.996 -0.024694 45 146 229
-8.05463 357.954 0.0390649 45 146 229
-8.06498 357.97 -0.0012046 45 146 229
-8.05709 357.974 0.00945335 45 146 229
-8.07621 358.002 -0.0519855 45 146 229
-8.04516 357.978 0.00136497 45 146 229
-8.08327 357.996 -0.0411566 45 146 229
-8.11368 357.993 -0.0284395 45 146 229
-8.08648 357.99 -0.0312575 45 146 229
-8.03569 357.959 0.0294129 45 146 229
-8.0655 357.972 -0.00391888 45 146 229
-8.06376 358.0 -0.0351294 45 146 229
-8.06598 357.98 -0.0196221 45 146 229
-8.05426 357.963 0.0165665 45 146 229
-8.04651 357.954 0.0424852 45 146 229
-8.08389 357.972 -0.000910735 45 146 229
-8.04424 357.974 -0.000264246 45 146 229
-8.07622 358.0 -0.0336111 45 146 229
-8.05814 357.986 -0.0295743 45 146 229
-8.06691 358.004 -0.0395841 45 146 229
-8.07165 357.958 0.0206652 45 146 229
-8.06835 358.002 -0.0455699 45 146 229
-8.03023 357.964 0.036056 45 146 229
-8.09586 357.999 0.0147208 45 146 229
-8.0839 357.995 -0.0400126 45 146 229
-8.07881 357.998 -0.029968 45 146 229
-8.06588 357.97 0.000493607 45 146 229
-8.10638 357.989 -0.0249837 45 146 229
-8.09572 357.995 -0.0359007 45 146 229
-8.05931 357.994 -0.0268676 45 146 229
-8.07012 357.967 0.0071308 45 146 229
-8.10563 357.983 -0.0186921 45 146 229
-8.0684 357.973 -0.00551233 45 146 229
-8.07398 357.987 -0.0304233 45 146 229
-8.06998 358.006 -0.0491176 45 146 229
-8.05389 357.978 -0.0169437 45 146 229
-8.04407 357.967 0.00546443 45 146 229
-8.08347 357.987 0.0215785 45 146 229
-8.09134 357.995 0.0157441 45 146 229
-8.09542 357.987 -0.0215514 45 146 229
-8.09392 357.989 -0.0276553 45 146 229
-8.07902 357.999 -0.0466489 45 146 229
-8.09913 358.009 -0.0415177 45 146 229
-8.10266 357.996 -0.0353878 45 146 229
-8.08389 358.002 -0.0507073 45 146 229
-8.07821 357.993 -0.0227972 45 146 229
-8.09634 358.004 -0.048039 45 146 229
-8.04414 357.972 -0.00113122 45 146 229
-8.09513 358.0 -0.0292656 45 146 229
-8.05861 357.989 -0.0320227 45 146 229
-8.08245 357.994 -0.0395193 45 146 229
-8.10306 357.999 -0.0398942 45 146 229
-8.06413 357.964 0.0151163 45 146 229
-8.09368 357.991 -0.0301843 45 146 229
-8.06319 357.973 -0.00692952 45 146 229
-8.11667 357.997 -0.0330135 45 146 229
-8.07151 357.986 -0.0280461 45 146 229
-8.08365 357.979 -0.0127537 45 146 229
-8.0477 357.959 0.0273282 45 146 229
-8.06309 357.964 0.0151922 45 146 229
-8.04838 357.953 0.0448583 45 146 229
-8.06057 357.995 -0.0299757 45 146 229
-8.05639 357.967 0.00677509 45 146 229
-8.08588 358.006 -0.0423165 45 146 229
-8.08423 357.969 0.000214507 45 146 229
-8.05814 357.992 -0.0270458 45 146 229
-8.09629 358.005 -0.036311 45 146 229
-8.06157 357.977 -0.0154803 45 146 229
-8.04818 357.97 0.000824823 45 146 229
-8.03873 357.968 0.0084413 45 146 229
-8.05215 357.967 0.00515573 45 146 229
-8.06105 357.954 0.0337407 45 146 229
-8.07874 357.987 -0.0114254 45 146 229
-8.04852 357.964 0.0147346 45 146 229
-8.07066 357.967 0.00823508 45 146 229
-8.04819 357.968 0.0049726 45 146 229
-8.10768 358.0 -0.0393066 45 146 229
-8.06473 357.959 0.0223209 45 146 229
-8.10539 357.996 -0.0342669 45 146 229
-8.05755 357.953 0.0402671 45 146 229
-8.09106 357.987 -0.0240061 45 146 229
-8.07197 357.983 -0.0236042 45 146 229
-8.06751 357.984 -0.0263382 45 146 229
-8.09201 357.987 -0.0246898 45 146 229
-8.04885 357.982 -0.00785853 45 146 229
-8.08671 357.98 -0.0132419 45 146 229
-8.05914 357.982 -0.0230371 45 146 229
-8.09336 357.991 -0.0299464 45 146 229
-8.04559 357.956 0.0384018 45 146 229
-8.03289 357.962 0.0226878 45 146 229
-8.09374 357.995 0.0108856 45 146 229
-8.09319 357.994 -0.0353326 45 146 229
-8.07411 357.962 0.0133225 45 146 229
-8.04233 357.959 0.0291069 45 146 229
-8.08768 357.985 -0.0215851 45 146 229
-8.09181 358.0 -0.0291375 45 146 229
-8.0451 357.965 0.0131311 45 146 229
-8.04251 357.956 0.0380479 45 146 229
-8.08917 357.986 -0.0236302 45 146 229
-8.08925 357.983 -0.0186069 45 146 229
-8.06844 357.976 -0.013768 45 146 229
-8.04543 357.959 0.0297428 45 146 229
-8.05251 357.962 0.0188634 45 146 229
-8.03517 357.964 0.0169089 45 146 229
-8.05218 357.985 -0.0124608 45 146 229
-8.03061 357.966 0.031416 45 146 229
-8.0708 357.97 0.00145874 45 146 229
-8.10028 357.982 -0.0160804 45 146 229
-8.10055 357.995 -0.0335451 45 146 229
-8.06506 357.957 0.0263658 45 146 229
-8.0875 358.004 -0.0368275 45 146 229
-8.09933 358.002 -0.0450193 45 146 229
-8.08157 357.98 -0.0157947 45 146 229
-8.0468 357.957 0.0333548 45 146 229
-8.10896 358.001 -0.0407273 45 146 229
-8.05155 357.964 0.0142331 45 146 229
-8.0465 357.96 0.0266579 45 146 229
-8.09044 357.985 -0.0203828 45 146 229
-8.06752 357.968 0.0495463 45 146 229
-8.05936 357.991 -0.0223484 45 146 229
-8.0602 357.979 -0.0013278 45 146 229
-8.06785 357.997 -0.0487875 45 146 229
-8.04126 357.961 0.0234027 45 146 229
-8.09599 357.981 -0.0144241 45 146 229
-8.12841 358.001 -0.0366498 45 146 229
-8.04537 357.97 0.0215321 45 146 229
-8.08698 357.99 0.0163888 45 146 229
-8.09337 357.98 -0.0124109 45 146 229
-8.05472 357.989 -0.0208753 45 146 229
-8.07078 357.96 0.0188605 45 146 229
-8.04946 357.964 0.0144317 45 146 229
-8.07726 357.996 -0.0280496 45 146 229
-8.06193 357.977 0.00436253 45 146 229
-8.05421 357.959 0.0277961 45 146 229
-8.08716 357.981 -0.0144883 45 146 229
-8.04854 357.954 0.0422652 45 146 229
-8.09478 357.991 -0.0310867 45 146 229
-8.06285 357.981 -0.0036173 45 146 229
-8.06416 357.966 0.0107726 45 146 229
-8.07625 357.97 0.00319172 45 146 229
-8.09856 357.992 -0.0294128 45 146 229
-8.05606 357.974 0.0108295 45 146 229
-8.08598 358.004 -0.037227 45 146 229
-8.06671 357.994 -0.0412793 45 146 229
-8.09087 357.997 -0.0411017 45 146 229
-8.03627 357.966 0.0293003 45 146 229
-8.08105 357.999 -0.0305716 45 146 229
-8.09346 357.996 0.0144015 45 146 229
-8.10304 358.0 -0.0416485 45 146 229
-8.06816 357.966 0.00983307 45 146 229
-8.06884 357.971 -0.000746998 45 146 229
-8.06269 357.965 0.0127018 45 146 229
-8.06019 357.98 -0.0207796 45 146 229
-8.07901 357.977 -0.011026 45 146 229
-8.05855 357.989 -0.0317175 45 146 229
-8.08699 357.989 -0.0303692 45 146 229
-8.04997 357.984 -0.0109665 45 146 229
-8.05689 357.973 -0.00837782 45 146 229
-8.06704 357.965 0.0109864 45 146 229
-8.04507 357.96 0.0266002 45 146 229
-8.07408 357.969 0.00493996 45 146 229
-8.08084 357.99 -0.0326771 45 146 229
-8.09362 357.986 -0.0212514 45 146 229
-8.05801 357.955 0.033837 45 146 229
-8.06647 357.978 -0.0174352 45 146 229
-8.09535 357.988 -0.0238389 45 146 229
-8.07047 357.986 -0.011573 45 146 229
-8.05799 357.955 0.0348437 45 146 229
-8.05595 357.969 0.00138422 45 146 229
-8.07923 357.987 -0.0281725 45 146 229
-8.03252 357.961 0.0252059 45 146 229
-8.07536 357.993 -0.0222739 45 146 229
-8.06997 357.959 0.0199853 45 146 229
-8.09005 358.009 -0.0446582 45 146 229
-8.07664 357.968 0.00631468 45 146 229
-8.08882 358.009 -0.0444571 45 146 229
-8.0874 357.992 -0.0346284 45 146 229
-8.07994 357.989 -0.0151758 45 146 229
-8.10458 357.983 -0.0172447 45 146 229
-8.05146 357.954 0.0385324 45 146 229
-8.1042 357.992 -0.0274789 45 146 229
-8.04964 357.953 0.0434898 45 146 229
-8.09431 358.001 -0.0441462 45 146 229
-8.05523 357.966 0.00862425 45 146 229
-8.0792 357.981 -0.0190177 45 146 229
-8.07921 357.963 0.0109113 45 146 229
-8.08988 357.988 -0.0270095 45 146 229
-8.03808 357.963 0.0390637 45 146 229
-8.06991 357.973 -0.00441434 45 146 229
-8.08806 357.992 0.0235222 45 146 229
-8.08766 357.999 -0.0435576 45 146 229
-8.05788 357.961 0.0209205 45 146 229
-8.07615 358.002 -0.0373946 45 146 229
-8.06181 357.978 -0.0172538 45 146 229
-8.09951 357.994 -0.0328478 45 146 229
-8.0422 357.963 0.0180369 45 146 229
-8.08009 357.974 -0.00410128 45 146 229
-8.08054 357.974 -0.00468993 45 146 229
-8.06014 357.958 0.0263755 45 146 229
-8.07182 357.995 -0.0463011 45 146 229
-8.10002 357.999 -0.00134592 45 146 229
-8.05589 357.978 0.00201835 45 146 229
-8.0803 358.0 -0.0333871 45 146 229
-8.09196 357.996 0.017846 45 146 229
-8.07893 357.991 -0.0190715 45 146 229
-8.06546 357.987 -0.0304355 45 146 229
-8.0541 357.986 -0.0143107 45 146 229
-8.08629 357.982 -0.0168705 45 146 229
-8.07155 357.965 0.0116191 45 146 229
-8.06947 358.0 -0.0531652 45 146 229
-8.0427 357.957 0.03692 45 146 229
-8.0643 357.977 -0.0156419 45 146 229
-8.09208 357.99 -0.0298139 45 146 229
-8.07941 357.971 0.000481616 45 146 229
-8.09321 357.989 -0.0265353 45 146 229
-8.02406 357.966 0.0322216 45 146 229
-8.03764 357.968 0.0256338 45 146 229
-8.12653 357.999 -0.0355184 45 146 229
-8.09589 357.989 -0.0256617 45 146 229
-8.09526 357.997 -0.0231794 45 146 229
-8.06196 357.979 -0.000166329 45 146 229
-8.04061 357.956 0.0399641 45 146 229
-8.03949 357.962 0.0187611 45 146 229
-8.07686 358.005 -0.0412847 45 146 229
-8.09714 357.989 -0.0253061 45 146 229
-8.07721 357.99 -0.033814 45 146 229
-8.08267 357.971 0.000953064 45 146 229
-8.07294 357.995 -0.0267869 45 146 229
-8.04775 357.986 -0.0168738 45 146 229
-8.06497 357.99 -0.0353004 45 146 229
-8.02406 357.965 0.0356084 45 146 229
-8.09184 357.99 -0.0293223 45 146 229
-8.07181 357.969 0.00363288 45 146 229
-8.10409 357.994 -0.031229 45 146 229
-8.0488 357.96 0.0236142 45 146 229
-8.05408 357.959 0.0263321 45 146 229
-8.08546 357.969 0.00249573 45 146 229
-8.04278 357.973 0.0099802 45 146 229
-8.07556 357.992 -0.0385017 45 146 229
-8.08069 357.974 -0.00417048 45 146 229
-8.09387 357.98 -0.0122009 45 146 229
-8.10157 358.002 0.00478143 45 146 229
-8.0716 357.963 0.0132892 45 146 229
-8.06161 357.963 0.0527246 45 146 229
-8.05867 357.994 -0.0279711 45 146 229
-8.0609 357.979 -0.0181402 45 146 229
-8.10411 357.993 -0.0291852 45 146 229
-8.08068 357.992 -0.0373698 45 146 229
-8.09747 357.994 -0.033829 45 146 229
-8.04041 357.968 0.0261406 45 146 229
-8.09783 358.009 -0.0417283 45 146 229
-8.05887 357.966 0.00779582 45 146 229
-8.09142 357.99 -0.0305204 45 146 229
-8.09245 357.984 -0.0191861 45 146 229
-8.05583 357.991 -0.0278187 45 146 229
-8.08943 357.983 -0.016752 45 146 229
-8.02591 357.968 0.0161658 45 146 229
-8.06411 357.977 -0.0152213 45 146 229
-8.05135 357.953 0.0416333 45 146 229
-8.05563 357.957 0.030377 45 146 229
-8.0459 357.953 0.0429444 45 146 229
-8.05601 357.953 0.040799 45 146 229
-8.08678 357.98 -0.013457 45 146 229
-8.10737 358.0 -0.0401548 45 146 229
-8.06354 357.976 0.00738153 45 146 229
-8.0982 357.978 -0.0111779 45 146 229
-8.07243 357.988 -0.0310937 45 146 229
-8.09144 357.972 -0.00268133 45 146 229
-8.08228 357.98 -0.015477 45 146 229
-8.08444 357.978 -0.00906711 45 146 229
-8.06668 358.002 -0.0396535 45 146 229
-8.0746 357.986 -0.0134449 45 146 229
-8.05526 357.953 0.0407319 45 146 229
-8.08994 358.009 -0.0436736 45 146 229
-8.07924 357.986 -0.0270079 45 146 229
-8.04269 357.955 0.0418244 45 146 229
-8.12246 358.001 -0.0373468 45 146 229
-8.07005 357.985 -0.0323351 45 146 229
-8.03925 357.956 0.0376879 45 146 229
-8.05696 357.953 0.0387231 45 146 229
-8.07855 357.968 0.00660751 45 146 229
-8.05543 357.976 0.0060215 45 146 229
-8.11009 358.0 -0.039071 45 146 229
-8.07885 357.975 -0.00664813 45 146 229
-8.06635 357.996 -0.0388024 45 146 229
-8.07387 357.998 -0.0314984 45 146 229
-8.06217 357.994 -0.0337155 45 146 229
-8.06644 357.997 -0.042182 45 146 229
-8.04645 357.954 0.0430483 45 146 229
-8.07255 357.97 0.00320007 45 146 229
-8.0937 357.997 -0.0399561 45 146 229
-8.06248 357.975 -0.0125098 45 146 229
-8.10356 358.005 0.00836143 45 146 229
-8.08787 357.992 0.0246016 45 146 229
-8.09283 358.0 -0.0291271 45 146 229
-8.06987 357.989 -0.0333112 45 146 229
-8.06253 357.953 0.0368498 45 146 229
-8.10485 358.001 -0.0418099 45 146 229
-8.07772 357.983 -0.0226501 45 146 229
-8.08386 357.989 -0.0143739 45 146 229
-8.03544 357.963 0.0377465 45 146 229
-8.07152 357.964 0.0122456 45 146 229
-8.08077 357.97 0.00192194 45 146 229
-8.08161 357.983 -0.0205299 45 146 229
-8.05238 357.956 0.0339988 45 146 229
-8.03841 357.959 0.0286977 45 146 229
-8.09325 357.997 0.0178458 45 146 229
-8.10251 357.997 -0.0369016 45 146 229
-8.05355 357.985 -0.0120766 45 146 229
-8.07564 357.978 -0.0139841 45 146 229
-8.10328 358.005 0.00884643 45 146 229
-8.05631 357.959 0.0263658 45 146 229
-8.07433 357.958 0.0206274 45 146 229
-8.07908 357.966 0.00761056 45 146 229
-8.03818 357.964 0.0351869 45 146 229
-8.06071 357.957 0.0290214 45 146 229
-8.06916 357.987 -0.0302944 45 146 229
-8.06311 357.978 0.00181393 45 146 229
-8.10911 358.006 -0.0451988 45 146 229
-8.02724 357.963 0.0220414 45 146 229
-8.05341 357.979 -0.0181899 45 146 229
-8.09142 357.982 -0.0152619 45 146 229
-8.05697 357.957 0.030177 45 146 229
-8.06532 357.996 -0.0407782 45 146 229
-8.0847 357.976 -0.00822266 45 146 229
-8.05468 357.963 0.0147022 45 146 229
-8.0846 357.994 -0.0221761 45 146 229
-8.04476 357.954 0.0428221 45 146 229
-8.06528 357.974 -0.00904473 45 146 229
-8.04671 357.984 -0.0122194 45 146 229
-8.066 357.962 0.0175109 45 146 229
-8.0807 357.963 0.0107553 45 146 229
-8.06226 357.992 -0.0337851 45 146 229
-8.08745 357.997 -0.0263781 45 146 229
-8.10522 358.008 -0.0377811 45 146 229
-8.09229 357.996 0.0192625 45 146 229
-8.06001 357.979 -0.00150942 45 146 229
-8.0552 357.965 0.0119642 45 146 229
-8.0902 357.995 0.0145009 45 146 229
-8.11576 357.997 -0.0337297 45 146 229
-8.05095 357.97 -0.000764874 45 146 229
-8.08961 357.998 -0.0417811 45 146 229
-8.06321 357.998 -0.0353639 45 146 229
-8.09433 357.997 0.0138477 45 146 229
-8.08975 357.985 -0.022371 45 146 229
-8.07057 357.985 -0.00980943 45 146 229
-8.03809 357.958 0.0313295 45 146 229
-8.05756 357.958 0.0287097 45 146 229
-8.06569 357.957 0.026034 45 146 229
-8.04683 357.956 0.0380109 45 146 229
-8.07093 357.984 -0.00813195 45 146 229
-8.06518 357.983 -0.00900346 45 146 229
-8.04625 357.983 -0.017053 45 146 229
-8.08085 358.0 -0.0319558 45 146 229
-8.09539 358.009 -0.0429372 45 146 229
-8.1131 357.997 -0.0334628 45 146 229
-8.05441 357.958 0.0296257 45 146 229
-8.06576 357.967 0.0515321 45 146 229
-8.03427 357.961 0.0241921 45 146 229
-8.05942 357.979 -0.0184447 45 146 229
-8.06435 357.985 -0.0276152 45 146 229
-8.07845 357.998 -0.0306231 45 146 229
-8.06808 357.984 -0.0258186 45 146 229
-8.11827 357.999 -0.0352136 45 146 229
-8.05003 357.963 0.0164552 45 146 229
-8.051 357.964 0.0126582 45 146 229
-8.08443 357.984 -0.0217828 45 146 229
-8.08257 357.995 -0.0402731 45 146 229
-8.06078 357.985 -0.0122449 45 146 229
-8.06947 357.963 0.0150414 45 146 229
-8.04795 357.974 0.00858421 45 146 229
-8.09665 357.975 -0.00762539 45 146 229
-8.08486 358.004 -0.0384339 45 146 229
-8.08128 357.99 -0.0164524 45 146 229
-8.0696 357.983 -0.0243575 45 146 229
-8.08271 358.008 -0.0455941 45 146 229
-8.05117 357.963 0.0167687 45 146 229
-8.09084 357.981 -0.0141197 45 146 229
-8.05824 357.988 -0.0319792 45 146 229
-8.0904 357.972 -0.00343619 45 146 229
-8.0713 357.964 0.0128107 45 146 229
-8.0535 357.974 0.0111808 45 146 229
-8.06434 357.976 -0.0136701 45 146 229
-8.08314 357.981 -0.0163568 45 146 229
-8.09788 357.989 -0.0246173 45 146 229
-8.05816 357.953 0.0392151 45 146 229
-8.06922 357.983 -0.0244203 45 146 229
-8.04824 357.957 0.0334664 45 146 229
-8.09742 358.003 -0.0467234 45 146 229
-8.08079 357.999 -0.0460887 45 146 229
-8.08247 357.967 0.00571294 45 146 229
-8.06766 358.005 -0.0409659 45 146 229
-8.09375 358.01 -0.0451889 45 146 229
-8.11628 358.003 -0.0405769 45 146 229
-8.06004 357.977 -0.0155888 45 146 229
-8.07207 357.958 0.0213782 45 146 229
-8.06748 357.992 -0.0379496 45 146 229
-8.07376 357.987 -0.0140545 45 146 229
-8.0791 357.988 -0.0298314 45 146 229
-8.10769 357.992 -0.0283085 45 146 229
-8.07171 357.963 0.0134631 45 146 229
-8.07784 357.981 -0.0199232 45 146 229
-8.0883 358.005 -0.0385208 45 146 229
-8.07246 357.964 0.011126 45 146 229
-8.05059 357.983 -0.0259058 45 146 229
-8.09738 358.003 -0.0468163 45 146 229
-8.0959 357.979 -0.012378 45 146 229
-8.05037 357.983 -0.00960278 45 146 229
-8.06277 357.977 0.00464409 45 146 229
-8.06715 357.999 -0.0412155 45 146 229
-8.05972 357.962 0.0178525 45 146 229
-8.06399 357.994 -0.0390252 45 146 229
-8.05828 357.986 -0.0149031 45 146 229
-8.07254 357.989 -0.0338615 45 146 229
-8.11369 358.003 -0.0414671 45 146 229
-8.0548 357.979 -0.000793854 45 146 229
-8.09554 358.004 -0.0486639 45 146 229
-8.05637 357.989 -0.0207271 45 146 229
-8.08308 357.979 -0.0121936 45 146 229
-8.0517 357.966 0.00793775 45 146 229
-8.06823 357.963 0.0163875 45 146 229
-8.03431 357.96 0.0256783 45 146 229
-8.03261 357.962 0.0120383 45 146 229
-8.05918 357.955 0.0336053 45 146 229
-8.02468 357.963 0.0222977 45 146 229
-8.07951 357.993 -0.038269 45 146 229
-8.06713 357.982 -0.0238098 45 146 229
-8.05542 357.984 -0.0118191 45 146 229
-8.08719 357.995 -0.0382502 45 146 229
-8.04895 357.973 0.0113246 45 146 229
-8.06795 357.969 0.049755 45 146 229
-8.037 357.957 0.0340937 45 146 229
-8.06739 357.96 0.0206485 45 146 229
-8.08805 357.985 -0.0223218 45 146 229
-8.11056 358.003 -0.0423531 45 146 229
-8.05904 357.976 -0.0136947 45 146 229
-8.11286 357.994 -0.0310256 45 146 229
-8.06505 357.997 -0.0436104 45 146 229
-8.08754 357.983 -0.0184518 45 146 229
-8.06621 357.971 -0.00163711 45 146 229
-8.07043 357.98 -0.0195187 45 146 229
-8.0852 357.972 0.000266377 45 146 229
-8.1015 357.999 -0.0400829 45 146 229
-8.06296 357.968 0.00348233 45 146 229
-8.05139 357.974 0.00897123 45 146 229
-8.08075 358.004 -0.0399315 45 146 229
-8.09429 357.977 -0.0102777 45 146 229
-8.11626 357.998 -0.0350661 45 146 229
-8.07834 357.992 -0.0201288 45 146 229
-8.05539 357.958 0.0278468 45 146 229
-8.06382 357.991 -0.0222979 45 146 229
-8.03805 357.957 0.0354635 45 146 229
-8.04917 357.958 0.030849 45 146 229
-8.08165 357.986 0.0226413 45 146 229
-8.10905 357.998 -0.0362999 45 146 229
-8.09324 357.997 0.0169334 45 146 229
-8.078 357.983 -0.0233361 45 146 229
-8.07966 357.968 0.00488952 45 146 229
-8.07755 357.992 -0.020365 45 146 229
-8.04998 357.955 0.0386816 45 146 229
-8.08754 357.999 -0.0434152 45 146 229
-8.07054 357.977 -0.0136768 45 146 229
-8.06127 357.968 0.0028066 45 146 229
-8.03166 357.957 0.0351808 45 146 229
-8.05822 357.956 0.0315164 45 146 229
-8.09473 357.989 -0.0256552 45 146 229
-8.08193 357.992 -0.0196233 45 146 229
-8.05877 357.958 0.0288066 45 146 229
-8.09565 358.009 -0.0418303 45 146 229
-8.06411 357.988 -0.0329049 45 146 229
-8.05858 357.954 0.0349206 45 146 229
-8.05475 357.975 0.00711062 45 146 229
-8.06343 357.968 0.0035177 45 146 229
-8.10927 357.997 -0.0355673 45 146 229
-8.096 358.008 -0.0401256 45 146 229
-8.02663 357.966 0.0308188 45 146 229
-8.07135 357.996 -0.0472836 45 146 229
-8.10103 357.994 -0.0325734 45 146 229
-8.08772 358.001 -0.0320548 45 146 229
-8.0695 357.978 -0.0170014 45 146 229
-8.05926 357.962 0.0196152 45 146 229
-8.07571 357.967 0.00709795 45 146 229
-8.04994 357.974 -0.0101378 45 146 229
-8.10779 357.997 -0.0357542 45 146 229
-8.0823 358.0 -0.0319623 45 146 229
-8.05959 357.959 0.0247631 45 146 229
-8.06017 357.964 0.0146758 45 146 229
-8.07895 357.967 0.00612905 45 146 229
-8.06869 357.971 -0.000515266 45 146 229
-8.07893 357.965 0.00849707 45 146 229
-8.07495 357.962 0.0139078 45 146 229
-8.12103 358.007 -0.0433359 45 146 229
-8.06928 357.99 -0.0206756 45 146 229
-8.09199 357.994 -0.0355905 45 146 229
-8.06858 358.0 -0.0486577 45 146 229
-8.06242 357.97 -1.64664e-05 45 146 229
-8.05698 357.967 0.00634194 45 146 229
-8.10928 357.994 -0.0304286 45 146 229
-8.06199 357.962 0.0181513 45 146 229
-8.0599 357.962 0.0189067 45 146 229
-8.05923 357.974 -0.00894272 45 146 229
-8.05898 357.968 0.00311896 45 146 229
-8.08357 357.996 -0.0419309 45 146 229
-8.0922 358.001 -0.0449728 45 146 229
-8.07175 357.998 -0.0491895 45 146 229
-8.07301 357.967 0.00829353 45 146 229
-8.09169 358.005 -0.0374637 45 146 229
-8.05144 357.969 0.00297593 45 146 229
-8.06095 357.969 0.00157165 45 146 229
-8.04722 357.973 0.0119982 45 146 229
-8.08149 357.992 -0.0203123 45 146 229
-8.0668 357.966 0.0103996 45 146 229
-8.07383 358.005 -0.0412594 45 146 229
-8.07099 357.967 0.00772347 45 146 229
-8.10957 357.999 -0.0380527 45 146 229
-8.10452 357.992 -0.0280973 45 146 229
-8.0399 357.97 0.0190844 45 146 229
-8.09107 357.995 0.0187888 45 146 229
-8.11105 358.001 -0.0397073 45 146 229
-8.08555 357.987 -0.026792 45 146 229
-8.04401 357.972 0.00390804 45 146 229
-8.05046 357.968 0.00323662 45 146 229
-8.05688 357.979 -0.00184074 45 146 229
-8.08641 357.986 -0.0242664 45 146 229
-8.0755 357.977 -0.0115242 45 146 229
-8.04124 357.97 0.019319 45 146 229
-8.04244 357.97 0.0217872 45 146 229
-8.0435 357.971 -9.58134e-05 45 146 229
-8.05051 357.972 -0.00563118 45 146 229
-8.05173 357.953 0.0431489 45 146 229
-8.07604 357.971 0.000495774 45 146 229
-8.08139 358.002 -0.0361359 45 146 229
-8.05574 357.973 -0.00698565 45 146 229
-8.06586 358.004 -0.0379313 45 146 229
-8.0385 357.959 0.0266536 45 146 229
-8.085 357.985 -0.0246967 45 146 229
-8.02834 357.962 0.0418366 45 146 229
-8.08375 357.996 -0.02452 45 146 229
-8.0898 357.99 -0.0298866 45 146 229
-8.08513 357.981 -0.0161119 45 146 229
-8.07208 357.963 0.0128982 45 146 229
-8.08167 357.997 -0.0432616 45 146 229
-8.09465 357.998 -0.0404822 45 146 229
-8.09279 357.99 -0.0293459 45 146 229
-8.05921 357.96 0.0228655 45 146 229
-8.05285 357.964 0.013675 45 146 229
-8.03965 357.957 0.0351185 45 146 229
-8.09354 358.001 -0.0455008 45 146 229
-8.10621 358.004 -0.0452314 45 146 229
-8.05742 357.954 0.0369231 45 146 229
-8.0819 357.996 -0.026199 45 146 229
-8.0721 357.997 -0.0446437 45 146 229
-8.09473 357.997 -0.0391519 45 146 229
-8.05273 357.976 -0.0127224 45 146 229
-8.06362 357.999 -0.0360559 45 146 229
-8.0924 357.99 -0.0294867 45 146 229
-8.10332 358.003 0.00193671 45 146 229
-8.095 358.004 -0.0348973 45 146 229
-8.08304 358.002 -0.0362086 45 146 229
-8.07249 357.978 -0.0148476 45 146 229
-8.05946 357.955 0.0335464 45 146 229
-8.05777 357.978 -0.0170933 45 146 229
-8.06713 357.962 0.017707 45 146 229
-8.08677 357.979 -0.0112944 45 146 229
-8.07397 357.97 0.00247686 45 146 229
-8.0736 357.993 -0.0229388 45 146 229
-8.07888 357.987 -0.0124695 45 146 229
-8.12999 358.002 -0.0352394 45 146 229
-8.04477 357.958 0.0307316 45 146 229
-8.0391 357.959 0.0299663 45 146 229
-8.05898 357.954 0.0366351 45 146 229
-8.07203 357.978 -0.015314 45 146 229
-8.05103 357.954 0.0400278 45 146 229
-8.04911 357.958 0.0317965 45 146 229
-8.09306 357.973 -0.00486963 45 146 229
-8.07234 357.982 -0.0222473 45 146 229
-8.07809 357.983 -0.0227818 45 146 229
-8.03666 357.965 0.0337101 45 146 229
-8.06973 357.986 -0.0136316 45 146 229
-8.0964 358.0 0.0154373 45 146 229
-8.08659 358.009 -0.0460336 45 146 229
-8.08764 357.982 -0.0176085 45 146 229
-8.04538 357.962 0.0204956 45 146 229
-8.06346 357.978 0.00166932 45 146 229
-8.10049 358.007 -0.0370867 45 146 229
-8.1041 358.007 -0.0498668 45 146 229
-8.0568 357.964 0.0129497 45 146 229
-8.08729 357.988 -0.0273523 45 146 229
-8.11227 358.001 -0.0401214 45 146 229
-8.11096 357.996 -0.0333397 45 146 229
-8.09097 357.993 -0.0347088 45 146 229
-8.06873 357.972 -0.00263015 45 146 229
-8.06015 357.978 -0.0174085 45 146 229
-8.06669 358.0 -0.0471502 45 146 229
-8.04796 357.957 0.0327292 45 146 229
-8.07058 357.967 0.00824254 45 146 229
-8.04955 357.973 -0.00813608 45 146 229
-8.04969 357.955 0.0387074 45 146 229
-8.10887 357.993 -0.0292819 45 146 229
-8.09877 357.988 -0.023262 45 146 229
-8.06357 357.959 0.0240229 45 146 229
-8.05236 357.96 0.0235504 45 146 229
-8.05675 357.992 -0.0241196 45 146 229
-8.09018 357.973 -0.00452662 45 146 229
-8.03968 357.962 0.0203498 45 146 229
-8.07009 357.987 -0.0308891 45 146 229
-8.07191 357.992 -0.0381223 45 146 229
-8.05146 357.964 0.0131993 45 146 229
-8.09136 357.973 -0.00443496 45 146 229
-8.07297 358.0 -0.0348791 45 146 229
-8.09106 357.996 0.0224079 45 146 229
-8.05825 357.969 0.00225355 45 146 229
-8.04354 357.958 0.02849 45 146 229
-8.09153 357.994 -0.0353584 45 146 229
-8.06009 357.953 0.0378149 45 146 229
-8.0587 357.97 -0.000516602 45 146 229
-8.06121 357.965 0.0111784 45 146 229
-8.05997 357.975 0.00820409 45 146 229
-8.09606 357.992 -0.0319418 45 146 229
-8.07256 358.001 -0.0516486 45 146 229
-8.0604 357.979 -0.000553798 45 146 229
-8.06817 358.0 -0.045301 45 146 229
-8.07121 357.971 0.000282303 45 146 229
-8.09324 357.996 -0.0224508 45 146 229
-8.11992 357.999 -0.0356238 45 146 229
-8.1091 357.994 -0.0304734 45 146 229
-8.05543 357.96 0.0240316 45 146 229
-8.07034 357.99 -0.0360012 45 146 229
-8.1093 357.992 -0.0279412 45 146 229
-8.05989 357.981 -0.0226103 45 146 229
-8.08624 357.969 0.00085308 45 146 229
-8.04382 357.976 0.00289081 45 146 229
-8.03907 357.963 0.0173234 45 146 229
-8.07951 357.992 -0.0374981 45 146 229
-8.07634 357.989 -0.0335771 45 146 229
-8.05117 357.963 0.015773 45 146 229
-8.05602 357.966 0.00752483 45 146 229
-8.04853 357.986 -0.0204384 45 146 229
-8.05076 357.953 0.042726 45 146 229
-8.05028 357.963 0.0155038 45 146 229
-8.10696 358.007 0.00112123 45 146 229
-8.05988 357.988 -0.0179308 45 146 229
-8.11189 358.001 -0.0395675 45 146 229
-8.06537 357.968 0.0041453 45 146 229
-8.08691 357.992 -0.0339503 45 146 229
-8.06879 357.991 -0.0219531 45 146 229
-8.07676 358.0 -0.0483735 45 146 229
-8.05178 357.968 0.00474777 45 146 229
-8.0614 357.963 0.016376 45 146 229
-8.04867 357.982 -0.00738551 45 146 229
-8.07418 358.0 -0.0334865 45 146 229
-8.08759 357.991 -0.0188167 45 146 229
-8.06094 357.985 -0.013452 45 146 229
-8.04735 357.961 0.0203603 45 146 229
-8.08141 357.999 -0.0309063 45 146 229
-8.08424 357.982 -0.017882 45 146 229
-8.10398 358.002 -0.0424942 45 146 229
-8.08993 358.009 -0.0446969 45 146 229
-8.10682 357.998 -0.0370084 45 146 229
-8.05992 357.959 0.0252241 45 146 229
-8.06458 357.965 0.0120259 45 146 229
-8.06825 357.977 -0.0148967 45 146 229
-8.05838 357.982 -0.00697507 45 146 229
-8.06234 357.977 -0.0148613 45 146 229
-8.04656 357.979 -0.00217898 45 146 229
-8.08422 357.968 0.00380545 45 146 229
-8.09632 357.992 -0.0318143 45 146 229
-8.09154 357.992 -0.0336421 45 146 229
-8.09019 357.995 0.0207973 45 146 229
-8.07245 358.002 -0.0378979 45 146 229
-8.0519 357.97 3.13019e-05 45 146 229
-8.06787 357.978 -0.0155423 45 146 229
-8.09326 358.003 -0.0343704 45 146 229
-8.08947 357.985 -0.021088 45 146 229
-8.05013 357.985 -0.0260701 45 146 229
-8.04835 357.959 0.0330533 45 146 229
-8.05324 357.962 0.0185709 45 146 229
-8.0898 357.968 0.00346635 45 146 229
-8.07633 357.998 -0.0463829 45 146 229
-8.05198 357.958 0.0288043 45 146 229
-8.03438 357.964 0.0160349 45 146 229
-8.04662 357.965 0.0114299 45 146 229
-8.07434 358.0 -0.0338354 45 146 229
-8.07358 357.972 -0.00145246 45 146 229
-8.04944 357.954 0.0407567 45 146 229
-8.0788 357.997 -0.0442174 45 146 229
-8.04846 357.985 -0.0202249 45 146 229
-8.06634 358.002 -0.0386625 45 146 229
-8.07661 357.968 0.00612484 45 146 229
-8.05565 357.975 0.00797377 45 146 229
-8.07619 357.963 0.0117412 45 146 229
-8.10814 357.996 -0.0336916 45 146 229
-8.05837 357.97 -0.000454703 45 146 229
-8.07394 357.97 0.00340162 45 146 229
-8.06042 357.967 0.00558791 45 146 229
-8.11437 357.995 -0.0321366 45 146 229
-8.09106 357.988 -0.0261443 45 146 229
-8.05802 357.956 0.0329781 45 146 229
-8.08234 357.995 -0.0257404 45 146 229
-8.03667 357.958 0.0310241 45 146 229
-8.07309 357.991 -0.0360602 45 146 229
-8.03226 357.957 0.0355728 45 146 229
-8.09634 357.981 -0.0143744 45 146 229
-8.09992 357.988 -0.0236456 45 146 229
-8.06146 357.966 0.00886728 45 146 229
-8.09295 357.999 -0.0420332 45 146 229
-8.06664 357.979 -0.0177598 45 146 229
-8.10974 357.999 -0.0367216 45 146 229
-8.07374 357.977 -0.0130806 45 146 229
-8.05565 357.954 0.0389931 45 146 229
-8.09693 358.0 0.0152251 45 146 229
-8.08629 357.988 -0.0288793 45 146 229
-8.10472 358.004 -0.00105133 45 146 229
-8.09041 358.007 -0.0417098 45 146 229
-8.04673 357.957 0.0343941 45 146 229
-8.06501 357.989 -0.0196617 45 146 229
-8.06046 357.958 0.0262922 45 146 229
-8.0538 357.968 0.00324133 45 146 229
-8.06747 358.001 -0.0433451 45 146 229
-8.05487 357.977 0.00408141 45 146 229
-8.07438 357.973 -0.00323099 45 146 229
-8.08266 357.982 -0.0191977 45 146 229
-8.07976 357.963 0.0115362 45 146 229
-8.058 357.954 0.0372444 45 146 229
-8.06818 357.98 -0.000688866 45 146 229
-8.02682 357.958 0.0356497 45 146 229
-8.05343 357.974 0.0103951 45 146 229
-8.10168 358.009 -0.0396873 45 146 229
-8.05679 357.955 0.0348639 45 146 229
-8.08479 357.993 -0.0370052 45 146 229
-8.06206 357.965 0.0127746 45 146 229
-8.09513 357.981 -0.0139179 45 146 229
-8.12453 358.0 -0.0385359 45 146 229
-8.05762 357.994 -0.0286645 45 146 229
-8.03623 357.963 0.0193133 45 146 229
-8.0816 357.993 -0.0212735 45 146 229
-8.05867 357.993 -0.026646 45 146 229
-8.12103 358.004 -0.0410171 45 146 229
-8.11186 357.998 -0.0349801 45 146 229
-8.07503 357.963 0.0129526 45 146 229
-8.05679 357.957 0.0303748 45 146 229
-8.10247 357.999 -0.039887 45 146 229
-8.05725 357.989 -0.0192127 45 146 229
-8.11508 357.993 -0.0288399 45 146 229
-8.07768 358.008 -0.0466305 45 146 229
-8.0479 357.976 -0.0156214 45 146 229
-8.05655 357.974 -0.0104218 45 146 229
-8.06458 357.968 0.0043141 45 146 229
-8.03128 357.962 0.0233458 45 146 229
-8.07371 357.985 -0.0273448 45 146 229
-8.06596 357.975 -0.0108913 45 146 229
-8.05666 357.958 0.0276185 45 146 229
-8.06667 357.983 -0.0241347 45 146 229
-8.06804 357.984 -0.0267258 45 146 229
-8.06122 357.979 0.00045191 45 146 229
-8.06736 357.965 0.0114685 45 146 229
-8.06047 357.964 0.0147129 45 146 229
-8.05991 357.977 0.00440999 45 146 229
-8.08725 358.001 -0.0325833 45 146 229
-8.08098 357.997 -0.0277188 45 146 229
-8.04698 357.984 -0.0147322 45 146 229
-8.02761 357.96 0.0306119 45 146 229
-8.07871 357.975 -0.00728211 45 146 229
-8.09319 358.003 -0.0474697 45 146 229
-8.0993 357.992 -0.0300637 45 146 229
-8.06649 357.958 0.0238682 45 146 229
-8.04733 357.958 0.0241847 45 146 229
-8.03784 357.971 0.0178243 45 146 229
-8.09439 357.997 0.0124859 45 146 229
-8.05993 357.994 -0.0269827 45 146 229
-8.08182 357.976 -0.00846101 45 146 229
-8.0564 357.962 0.0195303 45 146 229
-8.07587 357.969 0.00495812 45 146 229
-8.09414 357.984 -0.0177711 45 146 229
-8.08564 357.968 0.00407724 45 146 229
-8.10387 357.996 -0.0341847 45 146 229
-8.11705 357.996 -0.0327944 45 146 229
-8.06822 357.993 -0.0242399 45 146 229
-8.09405 358.005 -0.0362211 45 146 229
-8.05221 357.979 -0.01922 45 146 229
-8.0643 357.984 -0.0260911 45 146 229
-8.0695 357.995 -0.0278829 45 146 229
-8.08662 358.0 -0.0307089 45 146 229
-8.03668 357.962 0.0194488 45 146 229
-8.0935 358.008 -0.0418421 45 146 229
-8.06366 357.982 -0.0238076 45 146 229
-8.08986 357.986 -0.0230132 45 146 229
-8.05834 357.978 -0.0164588 45 146 229
-8.04317 357.972 0.0137008 45 146 229
-8.03778 357.962 0.0192666 45 146 229
-8.09187 357.995 -0.0373759 45 146 229
-8.082 358.008 -0.0462463 45 146 229
-8.05601 357.963 0.0160727 45 146 229
-8.05047 357.955 0.0371229 45 146 229
-8.07423 357.96 0.0156916 45 146 229
-8.04529 357.959 0.026332 45 146 229
-8.07523 357.979 -0.0176588 45 146 229
-8.11141 358.002 -0.0411123 45 146 229
-8.07153 357.956 0.0252488 45 146 229
-8.05166 357.958 0.0303197 45 146 229
-8.05034 357.969 0.000320628 45 146 229
-8.05378 357.977 0.0039775 45 146 229
-8.04593 357.961 0.0209249 45 146 229
-8.06192 357.965 0.0133467 45 146 229
-8.1065 357.995 -0.0324635 45 146 229
-8.10623 357.984 -0.0202597 45 146 229
-8.04929 357.983 -0.00908829 45 146 229
-8.10344 357.991 -0.0272132 45 146 229
-8.08094 357.999 -0.0312488 45 146 229
-8.0942 358.007 -0.0388966 45 146 229
-8.06817 357.968 0.00538571 45 146 229
-8.09278 357.995 -0.0373468 45 146 229
-8.09161 357.994 0.0160779 45 146 229
-8.06159 357.968 0.00309521 45 146 229
-8.0535 357.98 -0.0200904 45 146 229
-8.12192 357.998 -0.0388291 45 146 229
-8.09122 358.004 -0.0508037 45 146 229
-8.09224 357.998 -0.041517 45 146 229
-8.1052 358.006 -0.0468802 45 146 229
-8.08716 357.995 -0.0235745 45 146 229
-8.06046 357.996 -0.0279074 45 146 229
-8.02988 357.962 0.0220734 45 146 229
-8.07684 357.996 -0.0274595 45 146 229
-8.05487 357.953 0.0413813 45 146 229
-8.10172 357.993 -0.0304392 45 146 229
-8.03539 357.969 0.0240308 45 146 229
-8.08311 357.999 -0.0505943 45 146 229
-8.05514 357.972 -0.00529807 45 146 229
-8.05288 357.973 0.0118669 45 146 229
-8.08397 357.998 -0.029058 45 146 229
-8.06278 357.992 -0.0354572 45 146 229
-8.11034 358.009 -0.00412658 45 146 229
-8.0705 357.983 -0.00663722 45 146 229
-8.12542 358.0 -0.0377332 45 146 229
-8.04878 357.973 -0.00803597 45 146 229
-8.10147 357.983 -0.0176713 45 146 229
-8.08926 357.987 -0.0248675 45 146 229
-8.052 357.974 0.00932759 45 146 229
-8.07812 357.979 -0.0157453 45 146 229
-8.04268 357.959 0.0363419 45 146 229
-8.06013 357.957 0.0280598 45 146 229
-8.04752 357.971 -0.0122332 45 146 229
-8.04602 357.974 -0.0120352 45 146 229
-8.06489 357.996 -0.0407417 45 146 229
-8.07313 357.988 -0.031862 45 146 229
-8.06658 357.984 -0.025769 45 146 229
-8.05229 357.972 -0.0055435 45 146 229
-8.05366 357.954 0.0393502 45 146 229
-8.07093 357.964 0.0124041 45 146 229
-8.10883 357.998 -0.0367468 45 146 229
-8.04586 357.963 0.0169924 45 146 229
-8.05963 357.969 0.0018088 45 146 229
-8.05566 357.965 0.00996647 45 146 229
-8.0635 357.993 -0.025769 45 146 229
-8.06059 357.961 0.0201985 45 146 229
-8.08509 357.98 -0.0145003 45 146 229
-8.05741 357.972 -0.00509857 45 146 229
-8.05091 357.953 0.0435454 45 146 229
-8.05804 357.982 -0.00813812 45 146 229
-8.06349 357.962 0.0186614 45 146 229
-8.08865 357.985 -0.0230617 45 146 229
-8.05399 357.966 0.00754793 45 146 229
-8.07977 357.994 -0.0232222 45 146 229
-8.05151 357.954 0.0392169 45 146 229
-8.07525 357.969 0.00487089 45 146 229
-8.07577 357.987 -0.0131773 45 146 229
-8.08149 357.997 -0.043649 45 146 229
-8.07032 357.966 0.00941324 45 146 229
-8.06591 357.965 0.0116973 45 146 229
-8.08912 357.986 -0.023616 45 146 229
-8.04405 357.971 -0.00158021 45 146 229
-8.05348 357.955 0.0373922 45 146 229
-8.09169 358.002 -0.0471193 45 146 229
-8.0503 357.971 -0.00278161 45 146 229
-8.06274 357.988 -0.0180487 45 146 229
-8.08008 358.0 -0.048512 45 146 229
-8.0854 357.977 -0.0097998 45 146 229
-8.04683 357.952 0.0449992 45 146 229
-8.07323 357.965 0.00948151 45 146 229
-8.06127 357.988 -0.0168116 45 146 229
-8.06755 358.001 -0.0486782 45 146 229
-8.05029 357.96 0.0253742 45 146 229
-8.05705 357.978 -0.0166381 45 146 229
-8.09193 358.0 -0.0292591 45 146 229
-8.09371 357.999 -0.0415471 45 146 229
-8.07997 357.986 -0.0269597 45 146 229
-8.05184 357.964 0.0145415 45 146 229
-8.07013 357.964 0.0126566 45 146 229
-8.08486 357.99 -0.0324618 45 146 229
-8.10325 358.002 -0.00206688 45 146 229
-8.06221 357.958 0.0255658 45 146 229
-8.04271 357.979 -0.00917463 45 146 229
-8.05287 357.99 -0.0271935 45 146 229
-8.08687 357.981 -0.0153567 45 146 229
-8.05044 357.965 0.0114396 45 146 229
-8.07244 357.964 0.0126362 45 146 229
-8.09781 357.999 0.00925084 45 146 229
-8.06678 357.969 0.00370432 45 146 229
-8.11926 358.007 -0.0442698 45 146 229
-8.08474 357.978 -0.0110152 45 146 229
-8.03506 357.957 0.0344847 45 146 229
-8.08822 358.006 -0.0408445 45 146 229
-8.07241 357.99 -0.0353153 45 146 229
-8.06026 357.954 0.0344407 45 146 229
-8.07469 357.97 0.00262093 45 146 229
-8.08825 357.976 -0.00781507 45 146 229
-8.06746 357.982 -0.0230289 45 146 229
-8.06077 357.984 -0.0269999 45 146 229
-8.08531 358.008 -0.0537106 45 146 229
-8.08666 357.984 -0.0216994 45 146 229
-8.06324 357.97 0.000459559 45 146 229
-8.06568 357.97 -0.000367274 45 146 229
-8.07651 357.973 -0.00275788 45 146 229
-8.04753 357.984 -0.0121048 45 146 229
-8.08062 357.978 -0.011001 45 146 229
-8.0391 357.958 0.0318444 45 146 229
-8.06467 357.984 -0.0108357 45 146 229
-8.05354 357.965 0.0111821 45 146 229
-8.03786 357.97 0.0214363 45 146 229
-8.09768 357.99 -0.0273857 45 146 229
-8.0793 357.978 -0.0135806 45 146 229
-8.07921 357.97 0.0019863 45 146 229
-8.09303 357.997 0.0207186 45 146 229
-8.05254 357.966 0.00850413 45 146 229
-8.07025 357.973 -0.00505604 45 146 229
-8.04648 357.96 0.0249525 45 146 229
-8.07035 357.983 -0.00601497 45 146 229
-8.08765 357.986 -0.0241834 45 146 229
-8.04322 357.969 0.0230381 45 146 229
-8.07549 358.0 -0.0488702 45 146 229
-8.09139 357.979 -0.0115893 45 146 229
-8.03768 357.97 0.0214598 45 146 229
-8.04837 357.971 -0.00184725 45 146 229
-8.10194 357.993 -0.0302629 45 146 229
-8.08284 357.997 -0.0432669 45 146 229
-8.06938 357.985 -0.0277089 45 146 229
-8.06106 357.968 0.00473841 45 146 229
-8.0782 357.963 0.0118196 45 146 229
-8.07639 357.974 -0.00538482 45 146 229
-8.09228 357.989 -0.0283036 45 146 229
-8.06248 357.996 -0.0348796 45 146 229
-8.05791 357.979 -0.0185945 45 146 229
-8.05579 357.96 0.0258272 45 146 229
-8.07329 357.976 -0.011693 45 146 229
-8.03439 357.965 0.0112039 45 146 229
-8.05294 357.982 -0.00734541 45 146 229
-8.06702 357.989 -0.018554 45 146 229
-8.09668 357.999 0.0139125 45 146 229
-8.08364 358.001 -0.0489622 45 146 229
-8.05717 357.973 0.0151583 45 146 229
-8.07796 357.987 -0.0286703 45 146 229
-8.09609 357.978 -0.0111348 45 146 229
-8.09643 357.999 -0.0407793 45 146 229
-8.06392 357.966 0.0103219 45 146 229
-8.07328 357.989 -0.034083 45 146 229
-8.0857 357.989 0.0175651 45 146 229
-8.03022 357.958 0.0333205 45 146 229
-8.05959 357.973 0.0143075 45 146 229
-8.07992 357.974 -0.00502722 45 146 229
-8.0791 357.973 -0.00159732 45 146 229
-8.08341 357.984 -0.0230232 45 146 229
-8.08342 357.985 -0.0250536 45 146 229
-8.10972 357.998 -0.0360373 45 146 229
-8.06051 357.964 0.0140268 45 146 229
-8.08611 358.008 -0.0537765 45 146 229
-8.10287 357.994 -0.031755 45 146 229
-8.07137 357.957 0.0227361 45 146 229
-8.05153 357.974 -0.0104505 45 146 229
-8.02972 357.963 0.0378254 45 146 229
-8.11318 358.0 -0.0372946 45 146 229
-8.05167 357.962 0.0185589 45 146 229
-8.05652 357.978 -0.0173422 45 146 229
-8.10411 357.992 -0.0276235 45 146 229
-8.06245 357.985 -0.0129422 45 146 229
-8.04363 357.98 0.0082286 45 146 229
-8.0389 357.966 0.0306083 45 146 229
-8.08454 358.0 -0.031526 45 146 229
-8.06601 357.965 0.0125467 45 146 229
-8.08529 358.004 -0.0385704 45 146 229
-8.04097 357.958 0.0326384 45 146 229
-8.07942 357.968 0.00616224 45 146 229
-8.09834 358.005 -0.0347962 45 146 229
-8.09715 357.981 -0.0153157 45 146 229
-8.05336 357.985 -0.0120938 45 146 229
-8.05319 357.974 0.0103648 45 146 229
-8.06269 357.996 -0.0343975 45 146 229
-8.10949 357.998 -0.0359405 45 146 229
-8.07012 357.965 0.0114186 45 146 229
-8.07222 357.964 0.0113526 45 146 229
-8.03638 357.975 0.0123101 45 146 229
-8.05101 357.985 -0.0127649 45 146 229
-8.04409 357.972 8.75912e-05 45 146 229
-8.04531 357.962 0.0201847 45 146 229
-8.09608 357.98 -0.0140973 45 146 229
-8.08969 357.992 -0.0343894 45 146 229
-8.06772 357.969 0.00329293 45 146 229
-8.07493 357.963 0.0131358 45 146 229
-8.06673 357.964 0.013026 45 146 229
-8.05192 357.987 -0.0264872 45 146 229
-8.04414 357.962 0.0195859 45 146 229
-8.07922 357.99 -0.0169837 45 146 229
-8.09309 357.995 0.0146769 45 146 229
-8.07004 357.989 -0.0182856 45 146 229
-8.04697 357.953 0.0486768 45 146 229
-8.06876 357.999 -0.0502038 45 146 229
-8.08713 357.975 -0.00707666 45 146 229
-8.09979 357.993 -0.0301863 45 146 229
-8.07388 357.988 -0.030996 45 146 229
-8.06651 357.958 0.0237293 45 146 229
-8.07133 357.97 0.00256587 45 146 229
-8.10801 357.996 -0.0337366 45 146 229
-8.07093 357.965 0.0110937 45 146 229
-8.04961 357.957 0.0319947 45 146 229
-8.10417 358.003 -0.00237012 45 146 229
-8.08557 358.003 -0.0368539 45 146 229
-8.05304 357.958 0.0297847 45 146 229
-8.07993 357.997 -0.0442628 45 146 229
-8.09593 357.972 -0.00324302 45 146 229
-8.06348 357.972 -0.0044721 45 146 229
-8.08845 357.987 -0.0257015 45 146 229
-8.03972 357.967 0.0282736 45 146 229
-8.09442 358.009 -0.0422183 45 146 229
-8.08713 357.968 0.00357584 45 146 229
-8.05143 357.952 0.0441216 45 146 229
-8.06589 357.98 -0.0209859 45 146 229
-8.04132 357.967 0.0285478 45 146 229
-8.10125 358.002 0.00785022 45 146 229
-8.09448 357.997 -0.0396627 45 146 229
-8.09214 357.989 -0.0279189 45 146 229
-8.11755 357.996 -0.0326843 45 146 229
-8.06859 357.97 8.32077e-05 45 146 229
-8.06626 357.984 -0.0103717 45 146 229
-8.06303 357.969 0.00163907 45 146 229
-8.085 357.984 -0.0214307 45 146 229
-8.09837 357.999 0.00584063 45 146 229
-8.08781 357.976 -0.0070602 45 146 229
-8.06515 357.957 0.0269349 45 146 229
-8.05551 357.975 -0.0126171 45 146 229
-8.07167 357.991 -0.0368109 45 146 229
-8.10746 357.989 -0.0277703 45 146 229
-8.06036 357.957 0.0285185 45 146 229
-8.08137 357.986 0.0200559 45 146 229
-8.11127 358.0 -0.0382525 45 146 229
-8.06569 357.997 -0.0356155 45 146 229
-8.09536 357.987 -0.0222001 45 146 229
-8.04682 357.97 0.0210173 45 146 229
-8.08759 358.004 -0.0365084 45 146 229
-8.0592 357.964 0.0144373 45 146 229
-8.068 357.983 -0.0253642 45 146 229
-8.05386 357.966 0.00883692 45 146 229
-8.06143 357.968 0.00346571 45 146 229
-8.0799 358.0 -0.0512336 45 146 229
-8.08077 357.999 -0.0473651 45 146 229
-8.06653 357.967 0.00775442 45 146 229
-8.04761 357.955 0.0382676 45 146 229
-8.08602 357.99 0.025273 45 146 229
-8.07405 357.995 -0.0422951 45 146 229
-8.06618 357.957 0.0250592 45 146 229
-8.04742 357.959 0.0292558 45 146 229
-8.03661 357.958 0.0329133 45 146 229
-8.06285 357.979 -0.0194911 45 146 229
-8.05442 357.981 -0.0214567 45 146 229
-8.06829 357.963 0.014454 45 146 229
-8.04843 357.963 0.0152022 45 146 229
-8.04875 357.957 0.0328699 45 146 229
-8.04909 357.959 0.026778 45 146 229
-8.03361 357.957 0.0362369 45 146 229
-8.10198 358.0 -0.0413271 45 146 229
-8.06846 357.978 -0.0170256 45 146 229
-8.09195 357.98 -0.0131524 45 146 229
-8.09543 357.997 -0.0389475 45 146 229
-8.04874 357.987 -0.0242286 45 146 229
-8.09072 357.991 -0.0316164 45 146 229
-8.05362 357.973 0.0124546 45 146 229
-8.05577 357.988 -0.0189325 45 146 229
-8.06475 357.967 0.00825878 45 146 229
-8.06255 357.992 -0.0343747 45 146 229
-8.06662 357.97 0.00190896 45 146 229
-8.08312 357.983 -0.0206382 45 146 229
-8.0635 357.961 0.0201486 45 146 229
-8.08138 357.985 0.0142233 45 146 229
-8.07471 357.977 -0.0141608 45 146 229
-8.11778 357.995 -0.031936 45 146 229
-8.09261 357.994 -0.0348308 45 146 229
-8.07111 358.007 -0.0427634 45 146 229
-8.04105 357.959 0.0314041 45 146 229
-8.10939 358.0 -0.0386272 45 146 229
-8.08933 357.993 0.0221212 45 146 229
-8.05947 357.963 0.015843 45 146 229
-8.03743 357.957 0.0349106 45 146 229
-8.08546 357.968 0.00448389 45 146 229
-8.09578 357.999 0.0160764 45 146 229
-8.09777 358.006 -0.0504291 45 146 229
-8.07509 357.982 -0.0219603 45 146 229
-8.09333 357.996 0.0140434 45 146 229
-8.07001 357.986 -0.0119858 45 146 229
-8.06357 357.978 0.00210727 45 146 229
-8.06351 357.989 -0.0191976 45 146 229
-8.08512 357.98 -0.0134142 45 146 229
-8.08057 357.973 -0.00148476 45 146 229
-8.07078 357.989 -0.0341502 45 146 229
-8.0322 357.964 0.0177706 45 146 229
-8.11239 357.997 -0.0336758 45 146 229
-8.06841 357.962 0.0171468 45 146 229
-8.07066 357.968 0.00575921 45 146 229
-8.05081 357.973 -0.00812507 45 146 229
-8.04487 357.966 0.00471173 45 146 229
-8.0658 357.985 -0.0271983 45 146 229
-8.10391 357.993 -0.0302589 45 146 229
-8.09394 357.989 -0.0267275 45 146 229
-8.08252 358.004 -0.039016 45 146 229
-8.05894 357.963 0.0175701 45 146 229
-8.06057 357.957 0.0283625 45 146 229
-8.06702 357.978 -0.0160628 45 146 229
-8.04427 357.962 0.0188585 45 146 229
-8.05515 357.98 -0.0201773 45 146 229
-8.05252 357.959 0.0276663 45 146 229
-8.02535 357.967 0.0173324 45 146 229
-8.05463 357.956 0.0339701 45 146 229
-8.06693 357.991 -0.0359961 45 146 229
-8.04093 357.97 0.0202885 45 146 229
-8.05628 357.966 0.00805324 45 146 229
-8.04708 357.961 0.0219831 45 146 229
-8.10475 358.004 -0.00128147 45 146 229
-8.0389 357.96 0.024144 45 146 229
-8.05359 357.968 0.00395531 45 146 229
-8.07417 357.959 0.0187147 45 146 229
-8.08108 357.995 -0.0245304 45 146 229
-8.1115 358.004 -0.0433023 45 146 229
-8.08566 357.973 -0.00193183 45 146 229
-8.07305 357.969 0.00358022 45 146 229
-8.07249 357.969 0.00348998 45 146 229
-8.06041 357.968 0.00306174 45 146 229
-8.07186 357.99 -0.0352286 45 146 229
-8.04843 357.959 0.0279321 45 146 229
-8.09524 358.003 -0.0467319 45 146 229
-8.07163 357.99 -0.0185668 45 146 229
-8.09005 357.974 -0.00690032 45 146 229
-8.06766 358.003 -0.0409121 45 146 229
-8.05464 357.98 -0.0028205 45 146 229
-8.10343 357.996 -0.0343016 45 146 229
-8.0695 357.985 -0.0272432 45 146 229
-8.05594 357.96 0.0244232 45 146 229
-8.07593 357.979 -0.0174244 45 146 229
-8.05652 357.96 0.0232429 45 146 229
-8.04626 357.973 0.0112266 45 146 229
-8.07401 357.991 -0.0195001 45 146 229
-8.08089 357.979 -0.0141118 45 146 229
-8.06838 357.961 0.0178293 45 146 229
-8.04416 357.964 0.0137297 45 146 229
-8.06822 357.989 -0.019203 45 146 229
-8.0443 357.97 0.00286294 45 146 229
-8.0821 358.006 -0.0415114 45 146 229
-8.10444 358.007 -0.0368423 45 146 229
-8.04499 357.97 0.00291236 45 146 229
-8.06134 357.989 -0.0195456 45 146 229
-8.09038 357.974 -0.0071871 45 146 229
-8.08943 357.999 -0.0288346 45 146 229
-8.07652 357.977 -0.01343 45 146 229
-8.05263 357.974 -0.00932432 45 146 229
-8.09587 357.991 -0.0301887 45 146 229
-8.03626 357.961 0.0230556 45 146 229
-8.06042 357.978 0.00156963 45 146 229
-8.07535 357.988 -0.0319811 45 146 229
-8.06738 357.99 -0.0351714 45 146 229
-8.08489 357.995 -0.0232713 45 146 229
-8.05012 357.975 0.00746465 45 146 229
-8.07076 357.973 -0.0041128 45 146 229
-8.05766 357.976 -0.0139945 45 146 229
-8.07935 357.979 -0.0156315 45 146 229
-8.07209 357.963 0.0136758 45 146 229
-8.07801 357.995 -0.0412249 45 146 229
-8.05259 357.957 0.0332274 45 146 229
-8.08008 357.987 -0.0292649 45 146 229
-8.0823 357.986 0.0205228 45 146 229
-8.11733 358.0 -0.0367183 45 146 229
-8.07005 357.962 0.0159054 45 146 229
-8.10348 358.004 0.00546719 45 146 229
-8.08354 357.982 -0.018339 45 146 229
-8.08757 357.986 -0.0243733 45 146 229
-8.07224 357.959 0.0196206 45 146 229
-8.04045 357.96 0.0247468 45 146 229
-8.11361 357.994 -0.0310394 45 146 229
-8.03583 357.959 0.0295686 45 146 229
-8.0608 357.957 0.0287444 45 146 229
-8.03473 357.962 0.0420733 45 146 229
-8.04297 357.969 0.0237536 45 146 229
-8.09139 358.003 -0.0487272 45 146 229
-8.08285 357.974 -0.0033031 45 146 229
-8.09992 357.987 -0.0223576 45 146 229
-8.07813 358.004 -0.0396327 45 146 229
-8.11309 357.993 -0.0291103 45 146 229
-8.045 357.964 0.0138225 45 146 229
-8.09796 358.011 -0.0443847 45 146 229
-8.06339 357.985 -0.0122404 45 146 229
-8.07573 357.989 -0.0330935 45 146 229
-8.04448 357.971 0.0183244 45 146 229
-8.06036 357.965 0.0111433 45 146 229
-8.11925 357.994 -0.0292821 45 146 229
-8.07024 357.977 -0.0134374 45 146 229
-8.03685 357.97 0.0100217 45 146 229
-8.04524 357.975 0.00690117 45 146 229
-8.07262 357.958 0.0187683 45 146 229
-8.06789 357.967 0.00732206 45 146 229
-8.03706 357.964 0.0156029 45 146 229
-8.05596 357.962 0.0198524 45 146 229
-8.079 357.979 -0.0144813 45 146 229
-8.08613 358.003 -0.0354938 45 146 229
-8.04292 357.982 -0.0137416 45 146 229
-8.0689 357.984 -0.00937357 45 146 229
-8.11033 358.004 -0.0439581 45 146 229
-8.03196 357.963 0.0378138 45 146 229
-8.08694 357.972 -0.00227018 45 146 229
-8.05899 357.958 0.0283462 45 146 229
-8.0838 357.988 0.0208388 45 146 229
-8.07639 357.976 -0.00966738 45 146 229
-8.04431 357.974 -0.00225878 45 146 229
-8.06216 357.994 -0.0272692 45 146 229
-8.04628 357.963 0.0164642 45 146 229
-8.07208 357.958 0.0175033 45 146 229
-8.06491 357.964 0.015101 45 146 229
-8.04246 357.965 0.013475 45 146 229
-8.03979 357.956 0.0382473 45 146 229
-8.02858 357.963 0.020532 45 146 229
-8.08506 358.005 -0.03957 45 146 229
-8.0698 358.003 -0.0533051 45 146 229
-8.05638 357.969 0.00172696 45 146 229
-8.07611 357.992 -0.0382257 45 146 229
-8.08423 357.976 -0.00776432 45 146 229
-8.05246 357.981 -0.022182 45 146 229
-8.1005 358.001 -0.0426488 45 146 229
-8.0271 357.965 0.033063 45 146 229
-8.09562 357.993 -0.0328837 45 146 229
-8.04885 357.955 0.0392238 45 146 229
-8.09943 357.992 -0.0295482 45 146 229
-8.07281 357.99 -0.0189139 45 146 229
-8.08886 357.991 0.0150756 45 146 229
-8.08045 357.999 -0.0461923 45 146 229
-8.08504 357.991 -0.0340518 45 146 229
-8.06588 357.982 -0.0234714 45 146 229
-8.09384 357.99 -0.0283446 45 146 229
-8.06497 357.979 -0.0191092 45 146 229
-8.09368 358.005 -0.0374118 45 146 229
-8.0606 357.978 0.000892371 45 146 229
-8.05436 357.958 0.0302671 45 146 229
-8.06188 357.97 -0.000741469 45 146 229
-8.04675 357.956 0.0374581 45 146 229
-8.09677 357.997 -0.038627 45 146 229
-8.09089 358.008 -0.042378 45 146 229
-8.10793 358.001 -0.0405022 45 146 229
-8.04726 357.981 -0.0165332 45 146 229
-8.07754 357.981 -0.0199496 45 146 229
-8.09784 357.995 -0.034807 45 146 229
-8.08769 357.999 -0.0452092 45 146 229
-8.04261 357.957 0.0355696 45 146 229
-8.06674 357.988 -0.0167892 45 146 229
-8.11097 358.0 -0.0382534 45 146 229
-8.04685 357.963 0.0175614 45 146 229
-8.04358 357.97 0.0196224 45 146 229
-8.06634 357.97 0.000701983 45 146 229
-8.0938 357.975 -0.00915863 45 146 229
-8.09661 357.993 -0.0333922 45 146 229
-8.07466 357.971 0.00076613 45 146 229
-8.04724 357.971 0.00102822 45 146 229
-8.07759 357.984 -0.0250273 45 146 229
-8.06838 357.972 -0.00357752 45 146 229
-8.09341 357.989 -0.0277064 45 146 229
-8.05329 357.961 0.023202 45 146 229
-8.05387 357.955 0.0375284 45 146 229
-8.08345 357.995 -0.0408327 45 146 229
-8.05018 357.958 0.034729 45 146 229
-8.05407 357.978 -0.0164358 45 146 229
-8.04875 357.962 0.0184178 45 146 229
-8.09275 357.982 -0.0160651 45 146 229
-8.08905 357.992 0.014324 45 146 229
-8.0818 357.983 -0.0220906 45 146 229
-8.04913 357.97 0.000342441 45 146 229
-8.09166 357.986 -0.0228663 45 146 229
-8.06183 357.974 -0.00982691 45 146 229
-8.07475 357.988 -0.0155083 45 146 229
-8.06772 358.008 -0.0399884 45 146 229
-8.05904 357.965 0.0100576 45 146 229
-8.09088 357.999 -0.0281555 45 146 229
-8.05042 357.969 0.00302334 45 146 229
-8.08261 357.987 -0.0273875 45 146 229
-8.05389 357.981 -0.0215833 45 146 229
-8.10941 357.999 -0.0368865 45 146 229
-8.0603 357.961 0.0222061 45 146 229
-8.04045 357.968 0.0266184 45 146 229
-8.07863 357.989 -0.0326476 45 146 229
-8.08916 357.978 -0.0101709 45 146 229
-8.06866 357.957 0.024903 45 146 229
-8.05189 357.988 -0.0260631 45 146 229
-8.09184 358.004 -0.036175 45 146 229
-8.05674 357.974 -0.00962778 45 146 229
-8.11263 357.999 -0.0371923 45 146 229
-8.07667 357.972 -0.000203306 45 146 229
-8.08098 357.974 -0.00449451 45 146 229
-8.10867 357.995 -0.0319499 45 146 229
-8.09221 357.984 -0.0188664 45 146 229
-8.06148 357.978 -0.0175101 45 146 229
-8.07237 357.999 -0.0322578 45 146 229
-8.09931 358.003 -0.0456057 45 146 229
-8.07874 357.974 -0.00450325 45 146 229
-8.06825 357.982 -0.023646 45 146 229
-8.1035 358.004 -0.0460788 45 146 229
-8.05002 357.962 0.0182405 45 146 229
-8.05775 357.959 0.0247991 45 146 229
-8.06427 357.963 0.0171534 45 146 229
-8.0462 357.959 0.0290542 45 146 229
-8.06828 357.984 -0.0259683 45 146 229
-8.07074 358.006 -0.052219 45 146 229
-8.06566 357.974 -0.00876229 45 146 229
-8.0926 357.984 -0.0190057 45 146 229
-8.10133 357.997 -0.0374018 45 146 229
-8.11415 358.001 -0.0386865 45 146 229
-8.0515 357.977 0.00283993 45 146 229
-8.04102 357.971 0.00735351 45 146 229
-8.03166 357.967 0.0280821 45 146 229
-8.07486 358.01 -0.0505744 45 146 229
-8.07227 357.965 0.0115133 45 146 229
-8.07382 357.992 -0.0373689 45 146 229
-8.05266 357.973 -0.00810794 45 146 229
-8.11266 357.995 -0.0320167 45 146 229
-8.08971 357.993 0.0182485 45 146 229
-8.05699 357.962 0.0176246 45 146 229
-8.10463 358.002 -0.0439847 45 146 229
-8.0932 357.998 -0.0266669 45 146 229
-8.10723 357.983 -0.0186563 45 146 229
-8.07668 357.969 0.00424451 45 146 229
-8.10496 358.006 0.00468907 45 146 229
-8.05397 357.972 -0.00567586 45 146 229
-8.06043 357.966 0.00914053 45 146 229
-8.064 357.98 -0.0016329 45 146 229
-8.05096 357.96 0.0262379 45 146 229
-8.09319 357.984 -0.0192973 45 146 229
-8.09256 357.985 -0.021099 45 146 229
-8.08573 357.985 -0.0226696 45 146 229
-8.08192 357.991 -0.0337897 45 146 229
-8.04854 357.972 0.0143709 45 146 229
-8.0832 357.988 -0.0304083 45 146 229
-8.03375 357.968 0.0117089 45 146 229
-8.08048 357.988 -0.0129457 45 146 229
-8.06733 357.957 0.0249778 45 146 229
-8.04357 357.978 -0.0107364 45 146 229
-8.08994 357.994 0.0178638 45 146 229
-8.08849 357.993 0.0208835 45 146 229
-8.0602 357.959 0.0245287 45 146 229
-8.11254 358.0 -0.0380132 45 146 229
-8.06958 357.958 0.0221421 45 146 229
-8.07304 357.966 0.0100196 45 146 229
-8.07941 357.969 0.00479295 45 146 229
-8.05537 357.959 0.026929 45 146 229
-8.05504 357.975 -0.0125219 45 146 229
-8.09086 357.988 -0.0272487 45 146 229
-8.08027 357.991 -0.0355445 45 146 229
-8.11393 357.994 -0.0300448 45 146 229
-8.06748 357.971 0.0548742 45 146 229
-8.10171 357.998 -0.0391817 45 146 229
-8.0661 357.959 0.0228864 45 146 229
-8.05599 357.985 -0.030612 45 146 229
-8.05731 357.958 0.0275816 45 146 229
-8.06485 357.985 -0.0283066 45 146 229
-8.05158 357.961 0.021446 45 146 229
-8.07589 357.969 0.00473895 45 146 229
-8.09452 357.99 -0.028233 45 146 229
-8.08966 357.992 -0.0337239 45 146 229
-8.09369 357.994 0.00815021 45 146 229
-8.06434 357.966 0.0109798 45 146 229
-8.07602 358.003 -0.03798 45 146 229
-8.04035 357.968 0.0264655 45 146 229
-8.07602 357.975 -0.00627691 45 146 229
-8.09171 357.999 -0.04278 45 146 229
-8.08111 357.978 -0.0112863 45 146 229
-8.06598 357.986 -0.0291206 45 146 229
-8.06095 357.957 0.0282606 45 146 229
-8.06801 358.0 -0.0460567 45 146 229
-8.119 357.994 -0.0290562 45 146 229
-8.04802 357.958 0.0295705 45 146 229
-8.07713 357.994 -0.0409859 45 146 229
-8.03959 357.968 0.0250904 45 146 229
-8.03653 357.967 0.0280548 45 146 229
-8.11682 358.004 -0.0417987 45 146 229
-8.03601 357.967 0.0282275 45 146 229
-8.06337 357.957 0.0276699 45 146 229
-8.0531 357.964 0.0118017 45 146 229
-8.08145 358.007 -0.0532437 45 146 229
-8.05719 357.962 0.0190822 45 146 229
-8.09914 357.986 -0.0211534 45 146 229
-8.06001 357.965 0.0123585 45 146 229
-8.04943 357.984 -0.0110411 45 146 229
-8.05775 357.977 0.00371155 45 146 229
-8.06678 358.0 -0.0395842 45 146 229
-8.07018 357.958 0.0226369 45 146 229
-8.08528 357.988 0.0160294 45 146 229
-8.03336 357.961 0.0250143 45 146 229
-8.07801 357.985 -0.007722 45 146 229
-8.0806 357.992 -0.0370804 45 146 229
-8.08494 357.974 -0.00452799 45 146 229
-8.07023 357.984 -0.00838132 45 146 229
-8.06923 357.972 -0.00326831 45 146 229
-8.09631 357.99 -0.0277912 45 146 229
-8.05777 357.979 -0.0191649 45 146 229
-8.08338 357.979 -0.0129945 45 146 229
-8.10429 357.984 -0.0207873 45 146 229
-8.08153 357.971 0.000168047 45 146 229
-8.07032 357.97 0.00157975 45 146 229
-8.09938 357.984 -0.0186338 45 146 229
-8.05622 357.975 -0.0116401 45 146 229
-8.08405 357.996 -0.025896 45 146 229
-8.04474 357.973 0.0126506 45 146 229
-8.06673 357.997 -0.0414377 45 146 229
-8.08912 357.975 -0.00704446 45 146 229
-8.08176 358.009 -0.0468801 45 146 229
-8.07529 357.989 -0.0161913 45 146 229
-8.10578 357.993 -0.0290173 45 146 229
-8.0849 358.005 -0.0393831 45 146 229
-8.05078 357.981 -0.00620789 45 146 229
-8.08256 357.993 -0.0214408 45 146 229
-8.06192 357.981 -0.0217733 45 146 229
-8.03332 357.969 0.0220274 45 146 229
-8.05119 357.985 -0.0263866 45 146 229
-8.0563 357.965 0.0106719 45 146 229
-8.08081 357.989 -0.0316974 45 146 229
-8.06693 357.98 -0.0196638 45 146 229
-8.09275 357.994 -0.0355172 45 146 229
-8.07522 357.975 -0.00723677 45 146 229
-8.0843 357.988 0.0223233 45 146 229
-8.04779 357.963 0.0158703 45 146 229
-8.04241 357.956 0.0387331 45 146 229
-8.05126 357.983 -0.007733 45 146 229
-8.04632 357.973 0.000630928 45 146 229
-8.0934 357.995 -0.036687 45 146 229
-8.10718 357.995 -0.0318438 45 146 229
-8.08034 357.981 -0.0179097 45 146 229
-8.04454 357.954 0.0447451 45 146 229
-8.11101 358.01 -0.00478474 45 146 229
-8.07684 357.997 -0.028722 45 146 229
-8.11142 358.005 -0.0447118 45 146 229
-8.04857 357.985 -0.0208695 45 146 229
-8.06462 357.997 -0.0395384 45 146 229
-8.06504 357.99 -0.0203531 45 146 229
-8.0483 357.988 -0.0254422 45 146 229
-8.06105 357.964 0.0145141 45 146 229
-8.115 357.998 -0.0355186 45 146 229
-8.04371 357.961 0.0220138 45 146 229
-8.07931 357.983 -0.0226435 45 146 229
-8.07378 357.978 -0.0160798 45 146 229
-8.02953 357.966 0.0323094 45 146 229
-8.06588 357.989 -0.0198644 45 146 229
-8.05533 357.956 0.034282 45 146 229
-8.06579 357.97 0.00122569 45 146 229
-8.05934 357.963 0.0157711 45 146 229
-8.03141 357.963 0.0195215 45 146 229
-8.10748 358.009 0.00649489 45 146 229
-8.09675 358.007 -0.0387939 45 146 229
-8.03066 357.966 0.0317683 45 146 229
-8.06403 357.978 0.00215666 45 146 229
-8.03622 357.959 0.026745 45 146 229
-8.0692 357.963 0.0150934 45 146 229
-8.05192 357.966 0.00862848 45 146 229
-8.07907 357.988 -0.0141058 45 146 229
-8.06749 357.963 0.0148929 45 146 229
-8.10752 357.995 -0.0323134 45 146 229
-8.05769 357.993 -0.0235183 45 146 229
-8.07646 357.964 0.0104602 45 146 229
-8.06152 357.977 0.00525362 45 146 229
-8.06514 357.965 0.0126582 45 146 229
-8.07913 357.975 -0.00650736 45 146 229
-8.07722 357.976 -0.00882654 45 146 229
-8.06448 357.963 0.0163362 45 146 229
-8.06059 357.989 -0.0319796 45 146 229
-8.10845 357.995 -0.0315312 45 146 229
-8.09015 358.001 -0.0310765 45 146 229
-8.06941 357.956 0.0251544 45 146 229
-8.0762 357.987 -0.0125166 45 146 229
-8.04954 357.986 -0.0230508 45 146 229
-8.0303 357.96 0.0293672 45 146 229
-8.04906 357.97 0.000116857 45 146 229
-8.096 358.003 -0.0467908 45 146 229
-8.06731 357.965 0.0124206 45 146 229
-8.08381 357.968 0.00365762 45 146 229
-8.03735 357.959 0.0291846 45 146 229
-8.04399 357.973 0.00122899 45 146 229
-8.10377 357.994 -0.0316078 45 146 229
-8.03247 357.962 0.0213348 45 146 229
-8.07663 357.974 -0.00418224 45 146 229
-8.09106 358.001 -0.031226 45 146 229
-8.10511 357.986 -0.0232745 45 146 229
-8.05466 357.985 -0.012694 45 146 229
-8.03463 357.963 0.0185336 45 146 229
-8.05827 357.989 -0.031706 45 146 229
-8.08191 357.981 -0.0172739 45 146 229
-8.07015 357.973 -0.00499639 45 146 229
-8.09346 357.995 -0.0363316 45 146 229
-8.08003 357.983 -0.0219034 45 146 229
-8.09394 357.989 -0.0269951 45 146 229
-8.10391 358.005 0.00972987 45 146 229
-8.04008 357.965 0.0316762 45 146 229
-8.09394 357.988 -0.0247419 45 146 229
-8.05904 357.974 -0.0108216 45 146 229
-8.05213 357.959 0.0274726 45 146 229
-8.07868 357.992 -0.0364743 45 146 229
-8.08875 358.007 -0.0423521 45 146 229
-8.07861 357.988 -0.0135791 45 146 229
-8.11029 357.994 -0.0307108 45 146 229
-8.08875 357.985 -0.0205156 45 146 229
-8.06807 357.979 -0.0187786 45 146 229
-8.07846 357.985 -0.0262997 45 146 229
-8.08487 357.989 0.0216155 45 146 229
-8.10633 358.006 -0.000810213 45 146 229
-8.06937 357.968 0.00517691 45 146 229
-8.08734 357.983 -0.0189547 45 146 229
-8.06279 357.965 0.0129427 45 146 229
-8.10339 358.0 -0.0409393 45 146 229
-8.03946 357.969 0.00794994 45 146 229
-8.09347 357.992 -0.0318499 45 146 229
-8.08872 357.989 -0.029722 45 146 229
-8.10254 358.004 0.00739729 45 146 229
-8.09391 357.974 -0.00645253 45 146 229
-8.05109 357.972 -0.00471656 45 146 229
-8.0636 357.957 0.0259775 45 146 229
-8.07388 357.968 0.00637217 45 146 229
-8.09694 358.011 -0.04397 45 146 229
-8.07766 357.966 0.00875892 45 146 229
-8.09103 357.973 -0.00399996 45 146 229
-8.10113 358.007 -0.0369059 45 146 229
-8.08693 358.005 -0.0397354 45 146 229
-8.08711 357.995 -0.0380516 45 146 229
-8.08453 357.98 -0.0152657 45 146 229
-8.0377 357.963 0.0376174 45 146 229
-8.0892 358.005 -0.0517719 45 146 229
-8.05631 357.954 0.0383566 45 146 229
-8.05672 357.96 0.0240789 45 146 229
-8.11519 358.004 -0.0418114 45 146 229
-8.07466 357.969 0.0033131 45 146 229
-8.08403 358.008 -0.0443984 45 146 229
-8.09546 358.008 -0.0399019 45 146 229
-8.03671 357.955 0.0419313 45 146 229
-8.04632 357.978 -0.00471835 45 146 229
-8.07486 357.97 0.00293751 45 146 229
-8.06716 357.972 -0.0032563 45 146 229
-8.06681 357.982 -0.0234953 45 146 229
-8.06494 357.962 0.019062 45 146 229
-8.06695 357.967 0.00813835 45 146 229
-8.09485 357.99 -0.0275483 45 146 229
-8.06631 357.993 -0.0252584 45 146 229
-8.05279 357.968 0.00321879 45 146 229
-8.04683 357.984 -0.0168249 45 146 229
-8.07063 357.974 -0.00807342 45 146 229
-8.03504 357.968 0.0112863 45 146 229
-8.06633 357.975 -0.0102901 45 146 229
-8.08944 357.982 -0.0153117 45 146 229
-8.07026 357.969 0.00356256 45 146 229
-8.03726 357.969 0.0234 45 146 229
-8.04773 357.984 -0.0194954 45 146 229
-8.06956 357.958 0.022851 45 146 229
-8.07658 357.961 0.0145708 45 146 229
-8.11411 357.993 -0.029028 45 146 229
-8.02724 357.963 0.0399504 45 146 229
-8.09196 357.992 -0.0326586 45 146 229
-8.06639 357.995 -0.0414156 45 146 229
-8.03685 357.96 0.0257108 45 146 229
-8.04743 357.971 0.0165061 45 146 229
-8.06791 357.979 0.0023832 45 146 229
-8.08738 357.989 -0.0304675 45 146 229
-8.06963 357.965 0.0113416 45 146 229
-8.07826 357.988 -0.0138696 45 146 229
-8.05252 357.99 -0.0250643 45 146 229
-8.12503 357.998 -0.0347868 45 146 229
-8.06643 357.994 -0.0266382 45 146 229
-8.03332 357.963 0.0192547 45 146 229
-8.03647 357.962 0.0212905 45 146 229
-8.0568 357.967 0.00637939 45 146 229
-8.038 357.967 0.0280783 45 146 229
-8.056 357.989 -0.0203932 45 146 229
-8.10747 357.998 -0.0363359 45 146 229
-8.06814 357.963 0.0153873 45 146 229
-8.08629 357.995 -0.0391286 45 146 229
-8.09591 358.002 -0.0319675 45 146 229
-8.04847 357.973 0.0115005 45 146 229
-8.08486 357.982 -0.017804 45 146 229
-8.07091 357.978 -0.0161901 45 146 229
-8.06643 357.986 -0.0290841 45 146 229
-8.10712 357.992 -0.027816 45 146 229
-8.04673 357.978 -0.0057756 45 146 229
-8.05679 357.968 0.00339551 45 146 229
-8.0741 357.992 -0.0387275 45 146 229
-8.08467 357.984 -0.0226478 45 146 229
-8.10677 358.009 -0.049105 45 146 229
-8.09451 358.003 -0.0334761 45 146 229
-8.04548 357.958 0.032288 45 146 229
-8.10302 358.003 0.00258459 45 146 229
-8.10475 358.004 -0.000872011 45 146 229
-8.08373 358.0 -0.0315075 45 146 229
-8.07641 357.958 0.0216485 45 146 229
-8.07264 357.986 -0.0279048 45 146 229
-8.07732 357.977 -0.0119339 45 146 229
-8.0602 357.98 -0.00337359 45 146 229
-8.11123 358.007 -0.045604 45 146 229
-8.08559 357.983 -0.0191293 45 146 229
-8.07711 357.988 -0.0314558 45 146 229
-8.0929 358.0 -0.0294612 45 146 229
-8.0672 358.003 -0.041032 45 146 229
-8.11649 358.0 -0.0372381 45 146 229
-8.09624 357.995 -0.0353676 45 146 229
-8.08667 357.996 -0.0257759 45 146 229
-8.04618 357.956 0.0358829 45 146 229
-8.07282 357.971 0.000780884 45 146 229
-8.0601 357.954 0.0322297 45 146 229
-8.05832 357.968 0.00290023 45 146 229
-8.04029 357.972 0.0154786 45 146 229
-8.07312 357.986 -0.0114873 45 146 229
-8.05912 357.955 0.0339854 45 146 229
-8.08215 358.0 -0.0323906 45 146 229
-8.11388 357.999 -0.0371032 45 146 229
-8.10876 358.007 -0.00545878 45 146 229
-8.06017 357.965 0.0117501 45 146 229
-8.04572 357.957 0.0361082 45 146 229
-8.06024 357.971 -0.00265517 45 146 229
-8.1126 357.995 -0.0308203 45 146 229
-8.09572 357.989 -0.0268078 45 146 229
-8.05255 357.958 0.0294031 45 146 229
-8.10972 357.992 -0.0279793 45 146 229
-8.03453 357.964 0.0164043 45 146 229
-8.0885 357.983 -0.0186398 45 146 229
-8.04981 357.976 0.00399557 45 146 229
-8.03512 357.966 0.0317037 45 146 229
-8.07512 357.979 -0.0157677 45 146 229
-8.06259 357.977 0.00367297 45 146 229
-8.08678 357.986 -0.0249899 45 146 229
-8.08592 357.986 -0.0250034 45 146 229
-8.09305 357.991 -0.0307418 45 146 229
-8.11287 358.0 -0.0372224 45 146 229
-8.04364 357.955 0.0406267 45 146 229
-8.04461 357.971 0.0164211 45 146 229
-8.06663 357.999 -0.0418631 45 146 229
-8.05031 357.954 0.0398126 45 146 229
-8.07459 358.007 -0.0446486 45 146 229
-8.07557 357.998 -0.0467886 45 146 229
-8.02772 357.963 0.0403792 45 146 229
-8.05458 357.988 -0.0191229 45 146 229
-8.06311 357.962 0.0174765 45 146 229
-8.09507 357.983 -0.0172506 45 146 229
-8.06909 357.983 -0.0237114 45 146 229
-8.09501 357.981 -0.0149188 45 146 229
-8.05514 357.955 0.0354414 45 146 229
-8.07751 357.971 0.00162949 45 146 229
-8.09212 357.994 0.0143462 45 146 229
-8.06063 357.992 -0.0245586 45 146 229
-8.0485 357.987 -0.0255845 45 146 229
-8.07626 357.992 -0.021289 45 146 229
-8.09664 358.005 -0.0356837 45 146 229
-8.08206 357.998 -0.0288576 45 146 229
-8.04418 357.97 0.00374665 45 146 229
-8.09177 358.001 -0.0306789 45 146 229
-8.09234 358.009 -0.0438376 45 146 229
-8.05425 357.953 0.0414106 45 146 229
-8.04774 357.984 -0.019173 45 146 229
-8.06231 357.992 -0.0338662 45 146 229
-8.08926 357.985 -0.0215344 45 146 229
-8.10702 357.993 -0.0292713 45 146 229
-8.07435 357.999 -0.0323829 45 146 229
-8.07478 357.961 0.0151094 45 146 229
-8.07954 357.997 -0.043668 45 146 229
-8.07498 357.979 -0.016139 45 146 229
-8.08713 357.988 -0.028495 45 146 229
-8.05875 357.974 -0.010215 45 146 229
-8.0411 357.96 0.026415 45 146 229
-8.07803 357.984 -0.0248995 45 146 229
-8.0563 357.958 0.0297071 45 146 229
-8.07888 357.98 -0.0166371 45 146 229
-8.05516 357.971 -0.00337733 45 146 229
-8.05617 357.973 -0.0070127 45 146 229
-8.04974 357.97 -0.00023553 45 146 229
-8.0949 357.99 -0.0287812 45 146 229
-8.09896 357.998 -0.0388203 45 146 229
-8.04962 357.955 0.0395586 45 146 229
-8.07336 357.998 -0.0306341 45 146 229
-8.03148 357.963 0.0200547 45 146 229
-8.0531 357.955 0.0358955 45 146 229
-8.05853 357.994 -0.0241705 45 146 229
-8.08855 357.993 -0.0354293 45 146 229
-8.0535 357.98 -0.0205287 45 146 229
-8.09371 357.973 -0.0035606 45 146 229
-8.06384 357.969 0.00184948 45 146 229
-8.07388 357.993 -0.0402817 45 146 229
-8.099 357.992 -0.0303435 45 146 229
-8.05512 357.978 0.00181438 45 146 229
-8.11371 358.005 -0.043789 45 146 229
-8.0679 357.985 -0.0279026 45 146 229
-8.0721 357.99 -0.034914 45 146 229
-8.09111 357.994 0.015955 45 146 229
-8.05618 357.977 -0.0161975 45 146 229
-8.097 358.0 -0.0282783 45 146 229
-8.0724 357.963 0.0130844 45 146 229
-8.06684 357.974 -0.00971965 45 146 229
-8.08509 357.993 -0.0209996 45 146 229
-8.07033 357.99 -0.0358545 45 146 229
-8.06744 357.967 0.00759992 45 146 229
-8.05858 357.974 0.0105131 45 146 229
-8.0776 357.974 -0.00461933 45 146 229
-8.10714 357.988 -0.0245047 45 146 229
-8.0874 357.979 -0.0112562 45 146 229
-8.10092 357.994 -0.0324275 45 146 229
-8.08813 358.01 -0.0468452 45 146 229
-8.04994 357.972 -0.00567441 45 146 229
-8.03957 357.969 0.00775933 45 146 229
-8.0341 357.969 0.0221925 45 146 229
-8.07703 358.004 -0.0397018 45 146 229
-8.10726 358.004 -0.0449897 45 146 229
-8.05053 357.985 -0.0288671 45 146 229
-8.08704 357.986 -0.0245348 45 146 229
-8.0782 357.968 0.00563705 45 146 229
-8.06131 357.974 -0.00943099 45 146 229
-8.0848 357.985 -0.0240183 45 146 229
-8.02736 357.965 0.0344188 45 146 229
-8.05097 357.955 0.0376408 45 146 229
-8.08646 357.982 -0.0179389 45 146 229
-8.05664 357.968 0.00301092 45 146 229
-8.07206 358.005 -0.0439064 45 146 229
-8.07253 357.976 -0.0107558 45 146 229
-8.05877 357.968 0.00591567 45 146 229
-8.07855 357.994 -0.0403776 45 146 229
-8.05022 357.956 0.0372204 45 146 229
-8.06396 357.967 0.00747959 45 146 229
-8.08281 357.985 -0.0250905 45 146 229
-8.11032 358.009 -0.00371488 45 146 229
-8.09036 357.987 -0.0246831 45 146 229
-8.0836 357.97 0.00215653 45 146 229
-8.08276 357.984 -0.0224371 45 146 229
-8.08652 358.0 -0.0311791 45 146 229
-8.03539 357.969 0.0222084 45 146 229
-8.09782 357.995 -0.0347554 45 146 229
-8.1054 358.006 0.00277624 45 146 229
-8.11343 358.002 -0.0397039 45 146 229
-8.07171 357.966 0.00902438 45 146 229
-8.10497 358.005 0.00024975 45 146 229
-8.07589 357.971 0.000768315 45 146 229
-8.04253 357.971 0.00385772 45 146 229
-8.07013 357.964 0.0117558 45 146 229
-8.04397 357.97 -0.0029908 45 146 229
-8.04734 357.953 0.0435073 45 146 229
-8.07734 357.995 -0.0253161 45 146 229
-8.07824 357.993 -0.0385024 45 146 229
-8.0554 357.964 0.0135096 45 146 229
-8.05771 357.963 0.0152587 45 146 229
-8.08904 357.991 0.0150192 45 146 229
-8.06398 357.984 -0.0104282 45 146 229
-8.0545 357.963 0.0164346 45 146 229
-8.05028 357.954 0.0403942 45 146 229
-8.05211 357.975 0.00723497 45 146 229
-8.11516 357.999 -0.0356811 45 146 229
-8.09296 358.004 -0.0350425 45 146 229
-8.06653 357.986 -0.0139451 45 146 229
-8.10128 358.002 0.00245515 45 146 229
-8.05999 357.983 -0.00849021 45 146 229
-8.03714 357.959 0.0273402 45 146 229
-8.05468 357.976 -0.0133116 45 146 229
-8.08655 358.0 -0.0308082 45 146 229
-8.07969 357.988 -0.0297478 45 146 229
-8.05267 357.961 0.0222019 45 146 229
-8.07909 358.003 -0.0384929 45 146 229
-8.05244 357.981 -0.00504293 45 146 229
-8.04709 357.983 -0.00927085 45 146 229
-8.10405 357.983 -0.0182582 45 146 229
-8.03903 357.968 0.0248292 45 146 229
-8.09562 357.999 -0.0411845 45 146 229
-8.06724 357.958 0.0231326 45 146 229
-8.05818 357.963 0.0150792 45 146 229
-8.06617 357.967 0.0068987 45 146 229
-8.02972 357.963 0.0217442 45 146 229
-8.07391 357.994 -0.0245978 45 146 229
-8.06591 357.969 0.00178525 45 146 229
-8.02972 357.962 0.0423203 45 146 229
-8.06187 357.967 0.00735726 45 146 229
-8.06103 357.976 0.00559508 45 146 229
-8.06205 357.973 -0.00781491 45 146 229
-8.09171 357.997 -0.040073 45 146 229
-8.08996 357.993 0.0158133 45 146 229
-8.08193 357.993 -0.0216901 45 146 229
-8.10097 357.995 -0.0334624 45 146 229
-8.11585 358.005 -0.0427869 45 146 229
-8.10956 357.997 -0.0341216 45 146 229
-8.08708 357.98 -0.0139856 45 146 229
-8.08656 358.002 -0.0488717 45 146 229
-8.11294 358.001 -0.0389759 45 146 229
-8.07865 357.978 -0.0133079 45 146 229
-8.08927 357.995 -0.0232584 45 146 229
-8.03873 357.959 0.027759 45 146 229
-8.04733 357.964 0.0143513 45 146 229
-8.07994 357.973 -0.00285593 45 146 229
-8.10416 358.003 -0.00116914 45 146 229
-8.03596 357.966 0.0305679 45 146 229
-8.07838 357.987 -0.0298675 45 146 229
-8.06971 357.968 0.00564618 45 146 229
-8.09145 358.0 -0.0447092 45 146 229
-8.06324 357.964 0.0148478 45 146 229
-8.08917 357.991 -0.0328146 45 146 229
-8.09403 358.0 -0.0293506 45 146 229
-8.10678 357.985 -0.021604 45 146 229
-8.07807 357.96 0.0181288 45 146 229
-8.06768 358.004 -0.0419981 45 146 229
-8.06898 357.973 -0.0053793 45 146 229
-8.08078 357.98 -0.0162476 45 146 229
-8.09483 357.986 -0.0211081 45 146 229
-8.06335 357.959 0.0235656 45 146 229
-8.06659 357.985 -0.0108042 45 146 229
-8.08554 357.991 -0.0332492 45 146 229
-8.06948 357.969 0.00434086 45 146 229
-8.04423 357.969 0.024512 45 146 229
-8.03494 357.963 0.0374929 45 146 229
-8.0961 358.0 -0.0292399 45 146 229
-8.03887 357.962 0.0203587 45 146 229
-8.09205 357.995 -0.0364004 45 146 229
-8.03828 357.969 0.0215445 45 146 229
-8.06418 357.969 0.00136387 45 146 229
-8.06488 357.961 0.0191632 45 146 229
-8.11587 357.994 -0.0298755 45 146 229
-8.10476 357.989 -0.0249757 45 146 229
-8.0879 357.992 0.0212911 45 146 229
-8.07712 357.992 -0.0371961 45 146 229
-8.07677 357.972 -0.000210441 45 146 229
-8.03301 357.964 0.0155749 45 146 229
-8.10938 357.994 -0.0304785 45 146 229
-8.08525 357.989 0.0220996 45 146 229
-8.06403 357.96 0.0211794 45 146 229
-8.0694 357.966 0.00919645 45 146 229
-8.08231 357.996 -0.0248415 45 146 229
-8.06773 357.999 -0.0433654 45 146 229
-8.11177 358.004 -0.0438608 45 146 229
-8.08424 357.988 0.0161893 45 146 229
-8.06849 357.963 0.0145666 45 146 229
-8.10898 357.999 -0.0374176 45 146 229
-8.0584 357.97 -3.81214e-05 45 146 229
-8.07434 357.986 -0.0277308 45 146 229
-8.09495 357.989 -0.0261253 45 146 229
-8.06889 357.967 0.00832928 45 146 229
-8.05487 357.965 0.0108755 45 146 229
-8.09158 357.992 -0.0329549 45 146 229
-8.08811 357.974 -0.00564689 45 146 229
-8.09946 358.003 -0.0459508 45 146 229
-8.09483 357.981 -0.0152279 45 146 229
-8.11021 358.009 -0.0039066 45 146 229
-8.05941 357.987 -0.0335759 45 146 229
-8.11186 357.993 -0.0291468 45 146 229
-8.05222 357.974 0.0104355 45 146 229
-8.07168 357.981 -0.0215298 45 146 229
-8.06822 357.987 -0.0303193 45 146 229
-8.09192 357.979 -0.0112922 45 146 229
-8.0818 357.979 -0.013926 45 146 229
-8.04465 357.974 -0.000971085 45 146 229
-8.0285 357.965 0.0146042 45 146 229
-8.07727 357.964 0.0101049 45 146 229
-8.10775 357.996 -0.0337226 45 146 229
-8.06553 357.967 0.00801852 45 146 229
-8.10018 357.992 -0.0296641 45 146 229
-8.09557 357.98 -0.0138796 45 146 229
-8.07243 357.976 -0.0101518 45 146 229
-8.08135 357.973 -0.00213467 45 146 229
-8.10397 358.005 0.00729254 45 146 229
-8.05403 357.956 0.0348403 45 146 229
-8.079 357.983 -0.0219383 45 146 229
-8.06977 357.956 0.0252783 45 146 229
-8.06666 358.001 -0.0413347 45 146 229
-8.0654 357.982 -0.0239192 45 146 229
-8.04226 357.958 0.0344861 45 146 229
-8.0618 357.994 -0.0283194 45 146 229
-8.08541 357.975 -0.00592701 45 146 229
-8.07931 357.993 -0.0390895 45 146 229
-8.0354 357.969 0.0234576 45 146 229
-8.05777 357.974 0.00936909 45 146 229
-8.09799 357.973 -0.0039132 45 146 229
-8.08376 357.979 -0.0121246 45 146 229
-8.11186 357.997 -0.0339173 45 146 229
-8.06292 357.981 -0.00319383 45 146 229
-8.07223 357.961 0.0171947 45 146 229
-8.08185 357.994 -0.0226179 45 146 229
-8.05748 357.978 -0.0174025 45 146 229
-8.06024 357.961 0.0204349 45 146 229
-8.11415 358.001 -0.038454 45 146 229
-8.03616 357.972 0.0147438 45 146 229
-8.06554 357.974 -0.00888651 45 146 229
-8.06697 357.985 -0.0110178 45 146 229
-8.09079 357.99 -0.0304506 45 146 229
-8.06254 357.976 0.00570222 45 146 229
-8.07658 357.992 -0.0371464 45 146 229
-8.07679 357.971 0.000649247 45 146 229
-8.06186 357.998 -0.0321816 45 146 229
-8.05957 357.966 0.00773451 45 146 229
-8.06131 357.962 0.0185891 45 146 229
-8.05932 357.979 -0.0192507 45 146 229
-8.07981 357.987 -0.0283482 45 146 229
-8.06835 357.987 -0.0311684 45 146 229
-8.10791 357.995 -0.0315753 45 146 229
-8.08879 357.985 -0.0208239 45 146 229
-8.06644 357.987 -0.0152607 45 146 229
-8.10692 357.997 -0.0359503 45 146 229
-8.06274 357.968 0.00425132 45 146 229
-8.05972 357.961 0.0219625 45 146 229
-8.04792 357.98 -0.0178545 45 146 229
-8.06758 357.966 0.0101992 45 146 229
-8.07206 357.98 -0.0190688 45 146 229
-8.03947 357.959 0.0257534 45 146 229
-8.03989 357.962 0.0200422 45 146 229
-8.04933 357.953 0.0466201 45 146 229
-8.04975 357.97 -0.000721746 45 146 229
-8.0874 357.989 -0.0296441 45 146 229
-8.0677 357.968 0.00448575 45 146 229
-8.10752 357.989 -0.0247032 45 146 229
-8.0467 357.953 0.0459161 45 146 229
-8.05914 357.966 0.00966736 45 146 229
-8.07949 358.0 -0.0339968 45 146 229
-8.09112 357.989 -0.027486 45 146 229
-8.05253 357.96 0.0250992 45 146 229
-8.05108 357.961 0.0207552 45 146 229
-8.06828 357.993 -0.0389619 45 146 229
-8.10151 358.004 -0.0463935 45 146 229
-8.12066 358.001 -0.0381314 45 146 229
-8.09583 357.986 -0.0212132 45 146 229
-8.10516 358.005 -0.000440335 45 146 229
-8.0653 357.984 -0.0107495 45 146 229
-8.06934 357.967 0.00733887 45 146 229
-8.04047 357.959 0.0335143 45 146 229
-8.09386 357.998 0.0164785 45 146 229
-8.054 357.976 0.00584441 45 146 229
-8.11033 357.996 -0.0334046 45 146 229
-8.05459 357.962 0.0184951 45 146 229
-8.07782 357.994 -0.040369 45 146 229
-8.0668 357.997 -0.0417164 45 146 229
-8.0626 357.992 -0.0350765 45 146 229
-8.09647 357.985 -0.0191374 45 146 229
-8.07984 357.969 0.00305684 45 146 229
-8.07937 357.968 0.00615872 45 146 229
-8.10527 357.986 -0.0236754 45 146 229
-8.08917 358.006 -0.0395902 45 146 229
-8.08149 357.983 -0.0218736 45 146 229
-8.05054 357.957 0.0333755 45 146 229
-8.09481 358.005 -0.0365886 45 146 229
-8.04865 357.974 0.0084823 45 146 229
-8.05204 357.971 0.0181316 45 146 229
-8.0667 357.967 0.00793807 45 146 229
-8.08854 357.987 -0.0266548 45 146 229
-8.10059 358.008 -0.0399875 45 146 229
-8.10032 357.995 -0.0348584 45 146 229
-8.03276 357.97 0.0140845 45 146 229
-8.07193 357.97 0.00280843 45 146 229
-8.09529 357.994 -0.035045 45 146 229
-8.10931 357.999 -0.0378658 45 146 229
-8.10505 357.993 -0.0294535 45 146 229
-8.11305 357.991 -0.0297592 45 146 229
-8.06961 357.985 -0.0277616 45 146 229
-8.05336 357.966 0.00701936 45 146 229
-8.04892 357.956 0.0376512 45 146 229
-8.05887 357.962 0.0175796 45 146 229
-8.04525 357.975 -0.011196 45 146 229
-8.07326 357.96 0.0159058 45 146 229
-8.06084 357.967 0.00737844 45 146 229
-8.09841 358.009 -0.0407072 45 146 229
-8.03397 357.959 0.0286273 45 146 229
-8.0275 357.964 0.0163625 45 146 229
-8.03482 357.967 0.01199 45 146 229
-8.11351 358.0 -0.037823 45 146 229
-8.05752 357.977 0.00408799 45 146 229
-8.06042 357.98 -0.0208267 45 146 229
-8.08341 358.009 -0.0474301 45 146 229
-8.05615 357.96 0.0236387 45 146 229
-8.06987 357.958 0.0221969 45 146 229
-8.06745 357.963 0.0160416 45 146 229
-8.06661 357.962 0.0171892 45 146 229
-8.07144 357.999 -0.0328314 45 146 229
-8.05914 357.974 0.0103503 45 146 229
-8.11425 357.995 -0.0316205 45 146 229
-8.04567 357.955 0.0397429 45 146 229
-8.0488 357.984 -0.0117832 45 146 229
-8.04595 357.965 0.0107489 45 146 229
-8.06236 357.968 0.00453485 45 146 229
-8.07342 357.965 0.00944169 45 146 229
-8.07671 357.994 -0.0407848 45 146 229
-8.07864 357.975 -0.00679581 45 146 229
-8.08465 357.977 -0.00869462 45 146 229
-8.06607 357.974 -0.00918207 45 146 229
-8.04499 357.975 0.00767949 45 146 229
-8.09108 357.986 -0.0232099 45 146 229
-8.06981 357.989 -0.0357828 45 146 229
-8.04261 357.97 0.0216016 45 146 229
-8.10083 357.986 -0.022781 45 146 229
-8.10435 357.999 -0.0385517 45 146 229
-8.062 357.976 -0.0136878 45 146 229
-8.07527 357.98 -0.0182382 45 146 229
-8.06649 357.972 -0.00513278 45 146 229
-8.06742 357.968 0.00529748 45 146 229
-8.11517 358.003 -0.0404895 45 146 229
-8.04846 357.968 0.0046312 45 146 229
-8.03108 357.958 0.0326791 45 146 229
-8.06596 357.995 -0.0410198 45 146 229
-8.07226 357.957 0.0237103 45 146 229
-8.08864 357.99 -0.0312025 45 146 229
-8.06856 357.985 -0.0272414 45 146 229
-8.07075 357.993 -0.0391175 45 146 229
-8.08887 357.991 0.0157949 45 146 229
-8.11746 358.0 -0.0363696 45 146 229
-8.0514 357.974 -0.0087593 45 146 229
-8.04962 357.954 0.0410035 45 146 229
-8.06927 357.981 -0.0219836 45 146 229
-8.07829 357.991 -0.0350377 45 146 229
-8.07383 358.006 -0.0429618 45 146 229
-8.09863 358.001 -0.0298004 45 146 229
-8.06566 357.973 -0.00676331 45 146 229
-8.08491 357.981 -0.0166589 45 146 229
-8.05796 357.954 0.0377354 45 146 229
-8.07151 357.984 -0.0257231 45 146 229
-8.107 358.008 0.00436491 45 146 229
-8.05743 357.958 0.0284126 45 146 229
-8.0703 357.973 -0.00619847 45 146 229
-8.06922 357.987 -0.0149962 45 146 229
-8.03815 357.966 0.0092047 45 146 229
-8.09091 357.984 -0.0195872 45 146 229
-8.0577 357.975 -0.0128956 45 146 229
-8.08876 357.993 0.0191654 45 146 229
-8.0773 357.999 -0.0328823 45 146 229
-8.11158 357.998 -0.035551 45 146 229
-8.05562 357.956 0.033807 45 146 229
-8.06366 357.965 0.051761 45 146 229
-8.07653 358.0 -0.0334319 45 146 229
-8.08125 357.981 -0.0176615 45 146 229
-8.07392 357.968 0.00612128 45 146 229
-8.07841 357.98 -0.0176025 45 146 229
-8.06556 357.994 -0.0401312 45 146 229
-8.09167 357.992 -0.0335294 45 146 229
-8.05384 357.972 -0.00441463 45 146 229
-8.07056 357.963 0.0141963 45 146 229
-8.08188 357.962 0.0112148 45 146 229
-8.04567 357.979 -0.000909031 45 146 229
-8.05473 357.98 -0.0208301 45 146 229
-8.08122 357.979 -0.0135512 45 146 229
-8.0877 357.99 -0.0314844 45 146 229
-8.05751 357.959 0.0265621 45 146 229
-8.08074 357.979 -0.0138538 45 146 229
-8.09487 357.979 -0.0127096 45 146 229
-8.08158 357.979 -0.0126283 45 146 229
-8.06461 357.984 -0.0097428 45 146 229
-8.07507 357.988 -0.0310165 45 146 229
-8.06323 357.99 -0.0212172 45 146 229
-8.10751 358.008 0.00271365 45 146 229
-8.04584 357.96 0.0256158 45 146 229
-8.03648 357.967 0.0282299 45 146 229
-8.03811 357.969 0.0242695 45 146 229
-8.06532 358.003 -0.0399442 45 146 229
-8.11002 358.002 -0.0411233 45 146 229
-8.09418 357.993 -0.0336451 45 146 229
-8.08011 358.005 -0.0403917 45 146 229
-8.12543 358.004 -0.0391511 45 146 229
-8.06916 357.959 0.0188619 45 146 229
-8.05719 357.961 0.0209906 45 146 229
-8.08413 357.997 -0.0275896 45 146 229
-8.07606 357.974 -0.00411973 45 146 229
-8.08795 357.994 -0.0222297 45 146 229
-8.077 357.969 0.00401263 45 146 229
-8.074 357.967 0.00825979 45 146 229
-8.05755 357.975 0.00828771 45 146 229
-8.05607 357.975 -0.0130309 45 146 229
-8.08178 357.982 -0.0187469 45 146 229
-8.05593 357.96 0.0247611 45 146 229
-8.09573 357.992 -0.0312136 45 146 229
-8.11304 358.002 -0.0397371 45 146 229
-8.0322 357.963 0.0379115 45 146 229
-8.10567 357.993 -0.0297821 45 146 229
-8.06624 357.968 0.00581478 45 146 229
-8.07976 357.997 -0.0289875 45 146 229
-8.09498 358.005 -0.0366575 45 146 229
-8.07463 358.004 -0.0410269 45 146 229
-8.07301 357.969 0.00320294 45 146 229
-8.03368 357.962 0.0210459 45 146 229
-8.09093 358.007 -0.041322 45 146 229
-8.07284 358.005 -0.0427239 45 146 229
-8.11232 357.995 -0.0320484 45 146 229
-8.07196 357.986 -0.0118736 45 146 229
-8.08284 358.002 -0.0351567 45 146 229
-8.08177 358.0 -0.0474183 45 146 229
-8.05309 357.958 0.0295251 45 146 229
-8.06669 357.97 4.21559e-05 45 146 229
-8.06311 357.991 -0.0229361 45 146 229
-8.04777 357.984 -0.0204058 45 146 229
-8.08656 357.978 -0.00997777 45 146 229
-8.06833 357.957 0.0244111 45 146 229
-8.03814 357.957 0.0351712 45 146 229
-8.08402 357.989 -0.0311457 45 146 229
-8.0664 357.996 -0.0391059 45 146 229
-8.08757 357.985 -0.0227193 45 146 229
-8.08778 357.994 -0.0221294 45 146 229
-8.07802 357.994 -0.0240974 45 146 229
-8.08941 358.004 -0.0515144 45 146 229
-8.08531 357.988 -0.0292439 45 146 229
-8.06494 357.974 -0.00985089 45 146 229
-8.09517 357.998 -0.0403577 45 146 229
-8.0696 357.988 -0.0330473 45 146 229
-8.05454 357.952 0.0448415 45 146 229
-8.09235 357.984 -0.0189143 45 146 229
-8.05395 357.975 0.0072102 45 146 229
-8.08436 357.981 -0.0162967 45 146 229
-8.11118 357.997 -0.0340737 45 146 229
-8.06827 357.959 0.0209368 45 146 229
-8.04658 357.978 -0.013967 45 146 229
-8.03773 357.961 0.0221999 45 146 229
-8.05794 357.979 -0.000961036 45 146 229
-8.07393 358.004 -0.039673 45 146 229
-8.11272 357.997 -0.0343849 45 146 229
-8.09174 357.989 -0.0274465 45 146 229
-8.05709 357.967 0.00605747 45 146 229
-8.07526 358.003 -0.0387218 45 146 229
-8.05303 357.975 0.00772849 45 146 229
-8.08941 357.984 -0.0194585 45 146 229
-8.05959 357.953 0.0392842 45 146 229
-8.09471 357.987 -0.0221136 45 146 229
-8.06679 357.993 -0.0253803 45 146 229
-8.0766 357.991 -0.0363737 45 146 229
-8.06956 357.984 -0.0260354 45 146 229
-8.07408 357.969 0.00358391 45 146 229
-8.1017 357.985 -0.0198734 45 146 229
-8.05872 357.989 -0.0200405 45 146 229
-8.06609 357.97 -0.00071567 45 146 229
-8.07164 357.991 -0.0368929 45 146 229
-8.09683 358.001 0.0116139 45 146 229
-8.11402 358.002 -0.0400764 45 146 229
-8.08372 357.987 0.014222 45 146 229
-8.06331 357.958 0.0245301 45 146 229
-8.07225 357.998 -0.0321329 45 146 229
-8.10597 357.995 -0.0322017 45 146 229
-8.08715 358.001 -0.0325375 45 146 229
-8.08731 358.001 -0.0471936 45 146 229
-8.08789 357.984 -0.0197879 45 146 229
-8.10513 358.004 -0.0456888 45 146 229
-8.07726 357.97 0.00324463 45 146 229
-8.06609 357.984 -0.0271338 45 146 229
-8.10233 358.003 -0.0449061 45 146 229
-8.1243 358.005 -0.0400233 45 146 229
-8.07091 357.975 -0.010418 45 146 229
-8.08336 357.972 -0.00127924 45 146 229
-8.12142 358.008 -0.0432942 45 146 229
-8.06392 357.98 -0.000874646 45 146 229
-8.06534 357.984 -0.0102068 45 146 229
-8.06762 357.957 0.0244984 45 146 229
-8.09826 357.985 -0.0201729 45 146 229
-8.06294 358.0 -0.033094 45 146 229
-8.08176 357.996 -0.041712 45 146 229
-8.10159 357.986 -0.0212965 45 146 229
-8.05975 357.96 0.0233451 45 146 229
-8.05889 357.964 0.0138765 45 146 229
-8.06838 357.963 0.0144186 45 146 229
-8.06757 358.004 -0.0408774 45 146 229
-8.09685 358.008 -0.0398602 45 146 229
-8.08873 357.989 -0.0290882 45 146 229
-8.0713 357.964 0.0124937 45 146 229
-8.05568 357.988 -0.0192552 45 146 229
-8.03918 357.957 0.0367219 45 146 229
-8.09135 358.011 -0.0474273 45 146 229
-8.03858 357.966 0.011737 45 146 229
-8.0802 357.981 -0.0186593 45 146 229
-8.10382 357.985 -0.0215556 45 146 229
-8.05806 357.979 -0.0179813 45 146 229
-8.04394 357.96 0.0261473 45 146 229
-8.06611 357.984 -0.00880338 45 146 229
-8.05941 357.978 0.000697688 45 146 229
-8.06457 357.99 -0.0344052 45 146 229
-8.10541 358.008 -0.0369175 45 146 229
-8.08585 358.01 -0.047164 45 146 229
-8.07028 357.963 0.0135495 45 146 229
-8.07457 357.984 -0.0254852 45 146 229
-8.07973 357.98 -0.0158769 45 146 229
-8.05909 357.98 -0.0022183 45 146 229
-8.08464 358.008 -0.0445966 45 146 229
-8.07877 357.977 -0.00983296 45 146 229
-8.07669 357.984 -0.0245198 45 146 229
-8.08777 358.006 -0.0398827 45 146 229
-8.07114 357.991 -0.0367882 45 146 229
-8.07708 357.988 -0.0305322 45 146 229
-8.10951 357.992 -0.0279244 45 146 229
-8.04957 357.976 0.00401781 45 146 229
-8.08705 358.003 -0.0367544 45 146 229
-8.11059 357.993 -0.0296882 45 146 229
-8.09528 357.994 -0.0344865 45 146 229
-8.06814 357.979 -0.0188944 45 146 229
-8.06687 357.958 0.0239393 45 146 229
-8.04351 357.968 0.00522484 45 146 229
-8.06579 357.958 0.0234041 45 146 229
-8.03751 357.958 0.0312041 45 146 229
-8.05094 357.968 0.00338743 45 146 229
-8.03143 357.97 0.0151111 45 146 229
-8.06483 357.989 -0.0193446 45 146 229
-8.11572 357.994 -0.0296253 45 146 229
-8.07504 357.963 0.0122039 45 146 229
-8.05481 357.97 -0.00011637 45 146 229
-8.08995 357.992 0.0130169 45 146 229
-8.0529 357.985 -0.027878 45 146 229
-8.08365 357.987 0.0175529 45 146 229
-8.08428 357.989 -0.031506 45 146 229
-8.08018 357.964 0.00976801 45 146 229
-8.06061 357.962 0.0208319 45 146 229
-8.0556 357.966 0.00935196 45 146 229
-8.08508 357.968 0.00341249 45 146 229
-8.06353 357.959 0.0235459 45 146 229
-8.06085 357.993 -0.0302902 45 146 229
-8.11026 358.0 -0.0390545 45 146 229
-8.04472 357.977 -0.0118819 45 146 229
-8.04754 357.967 0.00599043 45 146 229
-8.10816 357.999 -0.0384667 45 146 229
-8.06292 357.989 -0.0195903 45 146 229
-8.10947 358.0 -0.0385152 45 146 229
-8.09459 357.996 -0.0376275 45 146 229
-8.08589 357.991 -0.0330794 45 146 229
-8.10942 357.995 -0.0318639 45 146 229
-8.10199 357.989 -0.0247468 45 146 229
-8.0929 357.988 -0.0264812 45 146 229
-8.05516 357.969 0.000370475 45 146 229
-8.09925 357.994 -0.033098 45 146 229
-8.02762 357.964 0.0366565 45 146 229
-8.04411 357.964 0.0143426 45 146 229
-8.10002 357.994 -0.0326743 45 146 229
-8.03866 357.962 0.0197906 45 146 229
-8.06306 357.962 0.0191979 45 146 229
-8.05464 357.954 0.0391933 45 146 229
-8.06425 357.974 -0.0096879 45 146 229
-8.08931 357.991 0.011641 45 146 229
-8.08963 357.989 -0.0290799 45 146 229
-8.05986 357.98 -0.0211948 45 146 229
-8.06315 357.969 0.0026031 45 146 229
-8.06092 357.973 -0.00860981 45 146 229
-8.10567 357.999 -0.038597 45 146 229
-8.05697 357.978 -0.0172957 45 146 229
-8.05469 357.988 -0.0182628 45 146 229
-8.1082 358.001 -0.0407821 45 146 229
-8.07268 357.989 -0.0327652 45 146 229
-8.07905 357.979 -0.0138579 45 146 229
-8.04751 357.956 0.0375378 45 146 229
-8.06767 357.998 -0.0456782 45 146 229
-8.10875 357.995 -0.0324585 45 146 229
-8.06085 357.966 0.00936236 45 146 229
-8.10532 357.992 -0.0270375 45 146 229
-8.06707 357.957 0.0248382 45 146 229
-8.09097 357.992 -0.034009 45 146 229
-8.06349 357.995 -0.0365242 45 146 229
-8.0959 357.985 -0.0197332 45 146 229
-8.11026 357.997 -0.0339901 45 146 229
-8.04744 357.959 0.029411 45 146 229
-8.0612 357.994 -0.0317444 45 146 229
-8.0618 357.956 0.0296989 45 146 229
-8.09118 358.0 -0.0437121 45 146 229
-8.06865 357.969 0.00398206 45 146 229
-8.09152 357.987 -0.0243734 45 146 229
-8.07147 357.971 -0.000695193 45 146 229
-8.08924 357.979 -0.011291 45 146 229
-8.02728 357.964 0.016406 45 146 229
-8.05225 357.961 0.020948 45 146 229
-8.05859 357.974 -0.00917515 45 146 229
-8.08251 357.997 -0.0436365 45 146 229
-8.04884 357.967 0.00701598 45 146 229
-8.08344 357.99 -0.0150914 45 146 229
-8.07279 357.991 -0.037455 45 146 229
-8.07985 357.964 0.00958888 45 146 229
-8.07117 357.969 0.00416144 45 146 229
-8.06793 357.973 -0.00681565 45 146 229
-8.04656 357.974 -0.0138156 45 146 229
-8.12307 357.998 -0.0375249 45 146 229
-8.07415 358.002 -0.0373162 45 146 229
-8.05255 357.97 -0.000120896 45 146 229
-8.10649 357.998 -0.0370807 45 146 229
-8.06787 358.005 -0.0409143 45 146 229
-8.0545 357.984 -0.0292742 45 146 229
-8.09496 357.988 -0.0239596 45 146 229
-8.06591 357.966 0.0493663 45 146 229
-8.03638 357.964 0.0345059 45 146 229
-8.06581 357.966 0.00903525 45 146 229
-8.08393 357.979 -0.0123964 45 146 229
-8.0848 358.003 -0.0521926 45 146 229
-8.09249 357.994 0.0125352 45 146 229
-8.08892 358.003 -0.0355277 45 146 229
-8.0624 357.971 -0.00331658 45 146 229
-8.08906 357.989 -0.0298186 45 146 229
-8.06597 357.967 0.0498335 45 146 229
-8.05872 357.973 0.0139395 45 146 229
-8.06979 357.976 -0.012457 45 146 229
-8.07709 357.979 -0.0152573 45 146 229
-8.06751 357.988 -0.0167384 45 146 229
-8.05769 357.957 0.0310024 45 146 229
-8.05831 357.969 0.0017184 45 146 229
-8.05596 357.971 -0.00346826 45 146 229
-8.11193 358.001 -0.0399029 45 146 229
-8.069 357.997 -0.0466467 45 146 229
-8.07684 357.989 -0.0324869 45 146 229
-8.05407 357.97 0.000229702 45 146 229
-8.07173 357.983 -0.0239994 45 146 229
-8.07681 357.983 -0.0226189 45 146 229
-8.06002 357.96 0.0235601 45 146 229
-8.0636 357.998 -0.0367952 45 146 229
-8.06477 357.969 0.00268428 45 146 229
-8.09351 357.991 -0.0309928 45 146 229
-8.04124 357.97 0.0222689 45 146 229
-8.1108 358.006 -0.0454157 45 146 229
-8.06446 357.979 -0.01773 45 146 229
-8.0865 357.989 0.0159472 45 146 229
-8.1151 358.004 -0.0413921 45 146 229
-8.0726 357.984 -0.0245536 45 146 229
-8.09653 357.979 -0.0118042 45 146 229
-8.0965 357.994 -0.0351176 45 146 229
-8.08372 357.983 -0.0204251 45 146 229
-8.11552 357.999 -0.0369165 45 146 229
-8.09641 358.011 -0.0453259 45 146 229
-8.06622 357.964 0.0138695 45 146 229
-8.10269 357.983 -0.0170834 45 146 229
-8.08903 357.972 -0.0021663 45 146 229
-8.06596 357.955 0.0287111 45 146 229
-8.05499 357.964 0.0133932 45 146 229
-8.0383 357.956 0.0394345 45 146 229
-8.09465 358.006 -0.0383326 45 146 229
-8.08265 357.972 0.000622084 45 146 229
-8.09243 357.991 -0.0314122 45 146 229
-8.07023 357.994 -0.0266231 45 146 229
-8.08885 357.974 -0.00760312 45 146 229
-8.07924 357.977 -0.0110391 45 146 229
-8.06749 358.0 -0.0421666 45 146 229
-8.08541 357.995 -0.0244001 45 146 229
-8.05199 357.961 0.0220922 45 146 229
-8.08851 358.006 -0.0397011 45 146 229
-8.08098 357.997 -0.0280954 45 146 229
-8.11449 358.002 -0.0398618 45 146 229
-8.07406 357.967 0.00728726 45 146 229
-8.08282 357.969 0.00285941 45 146 229
-8.07955 358.006 -0.0429157 45 146 229
-8.0482 357.984 -0.0108747 45 146 229
-8.08744 357.995 -0.0238685 45 146 229
-8.04926 357.986 -0.0247044 45 146 229
-8.04916 357.962 0.0209172 45 146 229
-8.12387 357.999 -0.0342311 45 146 229
-8.09731 357.985 -0.0192652 45 146 229
-8.08529 357.977 -0.00939435 45 146 229
-8.07243 357.972 -0.00176955 45 146 229
-8.02393 357.965 0.0194598 45 146 229
-8.05347 357.981 -0.00583484 45 146 229
-8.09835 357.984 -0.0190723 45 146 229
-8.07044 357.959 0.0203025 45 146 229
-8.07857 357.982 -0.0212374 45 146 229
-8.04082 357.961 0.0210506 45 146 229
-8.09057 358.004 -0.0358599 45 146 229
-8.09837 358.006 -0.0374655 45 146 229
-8.09098 357.998 -0.0413355 45 146 229
-8.05653 357.981 -0.0215845 45 146 229
-8.07918 357.963 0.0116746 45 146 229
-8.11006 357.998 -0.0362825 45 146 229
-8.07242 357.971 0.00102913 45 146 229
-8.05433 357.975 -0.0127304 45 146 229
-8.06217 357.958 0.0268183 45 146 229
-8.07328 357.988 -0.0318265 45 146 229
-8.05078 357.987 -0.0260043 45 146 229
-8.08779 357.984 -0.0203781 45 146 229
-8.07816 357.978 -0.014288 45 146 229
-8.06287 357.958 0.0258506 45 146 229
-8.0497 357.973 -0.00779868 45 146 229
-8.04993 357.959 0.027301 45 146 229
-8.04585 357.978 -0.00143213 45 146 229
-8.06823 357.981 -0.00279968 45 146 229
-8.07035 357.994 -0.0255624 45 146 229
-8.08194 357.969 -0.0026425 45 146 229
-8.04609 357.955 0.0392483 45 146 229
-8.05135 357.984 -0.0102736 45 146 229
-8.11284 358.005 -0.0440867 45 146 229
-8.1234 358.014 -0.0450425 45 146 229
-8.06518 357.962 0.0172076 45 146 229
-8.07808 357.992 -0.0203102 45 146 229
-8.11451 358.001 -0.0390721 45 146 229
-8.08752 357.987 -0.0264038 45 146 229
-8.08746 358.009 -0.045166 45 146 229
-8.06668 357.999 -0.039608 45 146 229
-8.0752 357.995 -0.0419368 45 146 229
-8.08193 357.996 -0.0249903 45 146 229
-8.05982 357.962 0.0189244 45 146 229
-8.06423 357.966 0.010167 45 146 229
-8.02801 357.967 0.0141103 45 146 229
-8.08409 357.982 -0.0178057 45 146 229
-8.08541 357.98 -0.0136251 45 146 229
-8.07041 358.002 -0.0376246 45 146 229
-8.07256 357.974 -0.00674731 45 146 229
-8.10871 357.997 -0.0344334 45 146 229
-8.05269 357.974 -0.00984708 45 146 229
-8.09252 357.988 -0.0246798 45 146 229
-8.06757 357.983 -0.0246219 45 146 229
-8.08874 357.985 -0.0226042 45 146 229
-8.0525 357.961 0.0217135 45 146 229
-8.03768 357.968 0.0257761 45 146 229
-8.06108 357.962 0.0179634 45 146 229
-8.06174 357.972 -0.00690095 45 146 229
-8.07034 357.998 -0.0324999 45 146 229
-8.11374 358.003 -0.0406483 45 146 229
-8.05156 357.983 -0.0267374 45 146 229
-8.0807 357.981 -0.017593 45 146 229
-8.08326 357.984 -0.0222443 45 146 229
-8.12322 357.997 -0.0362744 45 146 229
-8.05258 357.957 0.0309842 45 146 229
-8.08259 357.977 -0.00916089 45 146 229
-8.10487 357.995 -0.033334 45 146 229
-8.06735 358.005 -0.0380374 45 146 229
-8.11206 357.993 -0.0292285 45 146 229
-8.09742 357.992 -0.0305056 45 146 229
-8.04021 357.956 0.0393766 45 146 229
-8.10577 358.005 -0.0461326 45 146 229
-8.09612 357.99 -0.0276013 45 146 229
-8.09157 357.992 -0.0331958 45 146 229
-8.07351 357.974 -0.00657063 45 146 229
-8.12475 358.005 -0.0399568 45 146 229
-8.09539 357.983 -0.0176495 45 146 229
-8.09675 357.983 -0.0175849 45 146 229
-8.11525 357.998 -0.0349291 45 146 229
-8.09056 357.992 0.00976314 45 146 229
-8.05639 357.975 -0.0114353 45 146 229
-8.0916 357.991 -0.0317046 45 146 229
-8.05896 357.968 0.00380494 45 146 229
-8.08673 357.996 -0.0255618 45 146 229
-8.06323 357.967 0.00748764 45 146 229
-8.09637 357.999 0.00869486 45 146 229
-8.05802 357.961 0.0201022 45 146 229
-8.09501 358.006 -0.037763 45 146 229
-8.06809 357.969 0.00406886 45 146 229
-8.0521 357.954 0.0391715 45 146 229
-8.11415 357.994 -0.0299768 45 146 229
-8.06718 357.957 0.026177 45 146 229
-8.11012 357.998 -0.035404 45 146 229
-8.09992 357.982 -0.0169327 45 146 229
-8.087 357.983 -0.0191116 45 146 229
-8.05686 357.978 0.00154869 45 146 229
-8.1035 357.994 -0.0312335 45 146 229
-8.08978 357.994 0.0201369 45 146 229
-8.07711 357.977 -0.0125943 45 146 229
-8.04014 357.965 0.0325262 45 146 229
-8.06193 357.97 -0.000721459 45 146 229
-8.08495 357.979 -0.01169 45 146 229
-8.09319 357.973 -0.00468241 45 146 229
-8.08036 357.995 -0.0404832 45 146 229
-8.09146 357.987 -0.0253761 45 146 229
-8.11379 357.995 -0.0327236 45 146 229
-8.07676 357.973 -0.00194125 45 146 229
-8.06307 357.993 -0.035434 45 146 229
-8.06013 357.963 0.0160812 45 146 229
-8.03818 357.959 0.0266325 45 146 229
-8.11179 358.003 -0.0422359 45 146 229
-8.07994 357.992 -0.0200021 45 146 229
-8.11227 358.006 -0.0453018 45 146 229
-8.06631 357.996 -0.0293812 45 146 229
-8.08562 357.986 -0.0251623 45 146 229
-8.08039 358.004 -0.0387742 45 146 229
-8.04844 357.96 0.0243052 45 146 229
-8.07736 357.972 -0.000384217 45 146 229
-8.06455 357.969 0.00225288 45 146 229
-8.07342 358.005 -0.041745 45 146 229
-8.04418 357.975 -1.41495e-06 45 146 229
-8.0511 357.978 0.00113505 45 146 229
-8.03911 357.968 0.0263697 45 146 229
-8.07532 357.982 -0.0223016 45 146 229
-8.08233 357.993 -0.0215531 45 146 229
-8.0909 358.006 -0.0522905 45 146 229
-8.09679 358.004 -0.0475511 45 146 229
-8.04064 357.961 0.0224355 45 146 229
-8.09008 357.992 -0.0342235 45 146 229
-8.11233 357.998 -0.0359681 45 146 229
-8.03115 357.965 0.0343436 45 146 229
-8.04901 357.957 0.0334091 45 146 229
-8.07126 357.992 -0.0387338 45 146 229
-8.10465 358.004 -0.0457254 45 146 229
-8.11098 358.004 -0.0431691 45 146 229
-8.08783 357.993 -0.0354295 45 146 229
-8.05339 357.974 -0.0105437 45 146 229
-8.04444 357.954 0.0419677 45 146 229
-8.11486 358.0 -0.0368906 45 146 229
-8.04685 357.958 0.0272316 45 146 229
-8.09503 358.009 -0.0431884 45 146 229
-8.09832 357.979 -0.0131583 45 146 229
-8.10593 357.994 -0.0306631 45 146 229
-8.03228 357.959 0.0306801 45 146 229
-8.10317 358.009 -0.0399284 45 146 229
-8.08535 357.994 -0.0376993 45 146 229
-8.11479 358.001 -0.0378513 45 146 229
-8.05193 357.975 0.00828774 45 146 229
-8.04352 357.956 0.0388735 45 146 229
-8.10746 357.996 -0.0340633 45 146 229
-8.07994 357.999 -0.0321623 45 146 229
-8.093 357.992 -0.0331366 45 146 229
-8.0593 357.962 0.0187288 45 146 229
-8.06409 357.983 -0.0243758 45 146 229
-8.06747 358.001 -0.0412243 45 146 229
-8.12033 358.011 -0.0455617 45 146 229
-8.0631 357.956 0.0298105 45 146 229
-8.06923 357.966 0.00995071 45 146 229
-8.091 357.978 -0.0102588 45 146 229
-8.0813 357.989 -0.0315054 45 146 229
-8.06298 357.959 0.0242936 45 146 229
-8.0662 357.984 -0.0259138 45 146 229
-8.06489 357.97 -0.000606995 45 146 229
-8.05537 357.967 0.00686102 45 146 229
-8.09258 357.999 -0.0279082 45 146 229
-8.02745 357.964 0.036383 45 146 229
-8.09603 357.998 -0.0401965 45 146 229
-8.06998 357.959 0.0211277 45 146 229
-8.07645 358.007 -0.0445547 45 146 229
-8.0842 357.977 -0.00914567 45 146 229
-8.08812 357.979 -0.011898 45 146 229
-8.09576 358.005 -0.0353838 45 146 229
-8.06562 357.984 -0.0268787 45 146 229
-8.08378 357.987 0.0168479 45 146 229
-8.06564 357.967 0.00834532 45 146 229
-8.07377 357.972 -0.00202549 45 146 229
-8.0411 357.962 0.0200284 45 146 229
-8.10845 358.001 -0.0409048 45 146 229
-8.06983 357.97 0.000960147 45 146 229
-8.08106 357.976 -0.00895003 45 146 229
-8.05657 357.972 0.01718 45 146 229
-8.08256 357.984 -0.0227203 45 146 229
-8.05041 357.961 0.0248699 45 146 229
-8.06684 357.978 0.00322658 45 146 229
-8.08092 357.976 -0.00711968 45 146 229
-8.08793 357.981 -0.0156403 45 146 229
-8.10525 357.996 -0.0335135 45 146 229
-8.05974 357.969 0.00133198 45 146 229
-8.10248 358.0 -0.0405457 45 146 229
-8.02708 357.96 0.0314193 45 146 229
-8.09118 358.0 -0.0436539 45 146 229
-8.08535 357.989 0.0207953 45 146 229
-8.10494 357.996 -0.0330874 45 146 229
-8.07788 357.969 0.00369701 45 146 229
-8.06259 357.961 0.020262 45 146 229
-8.04395 357.964 0.0143502 45 146 229
-8.0563 357.961 0.0201727 45 146 229
-8.07945 357.972 -0.000382429 45 146 229
-8.07964 357.98 -0.0165335 45 146 229
-8.07714 357.974 -0.00538954 45 146 229
-8.0614 357.965 0.0112302 45 146 229
-8.0436 357.971 0.0166729 45 146 229
-8.05728 357.963 0.0150579 45 146 229
-8.04001 357.959 0.0283028 45 146 229
-8.11734 358.004 -0.041121 45 146 229
-8.10243 357.985 -0.0204329 45 146 229
-8.03992 357.97 0.00492851 45 146 229
-8.05263 357.972 -0.00593164 45 146 229
-8.09624 357.99 -0.026993 45 146 229
-8.08525 357.979 -0.0119861 45 146 229
-8.06384 357.978 -0.0175351 45 146 229
-8.08494 357.983 -0.0197371 45 146 229
-8.10577 357.998 -0.0371626 45 146 229
-8.07756 357.996 -0.0278067 45 146 229
-8.05803 357.958 0.0292862 45 146 229
-8.05387 357.973 0.0114033 45 146 229
-8.05805 357.965 0.011411 45 146 229
-8.078 357.978 -0.0126909 45 146 229
-8.06254 357.972 -0.00463657 45 146 229
-8.07654 357.967 0.00713266 45 146 229
-8.04988 357.974 -0.00864254 45 146 229
-8.09875 357.995 -0.0352834 45 146 229
-8.07203 357.956 0.0252036 45 146 229
-8.09343 358.004 -0.0359928 45 146 229
-8.08632 357.989 0.0156767 45 146 229
-8.08785 357.99 -0.0319967 45 146 229
-8.08706 358.001 -0.0318202 45 146 229
-8.06573 357.959 0.0226674 45 146 229
-8.09036 357.998 -0.0414048 45 146 229
-8.065 357.959 0.0236894 45 146 229
-8.0923 358.002 -0.0466734 45 146 229
-8.07722 357.996 -0.0275359 45 146 229
-8.04552 357.959 0.0301857 45 146 229
-8.09991 357.999 -0.039895 45 146 229
-8.064 357.96 0.0207054 45 146 229
-8.0726 358.004 -0.0395762 45 146 229
-8.05118 357.974 0.00922891 45 146 229
-8.09751 357.985 -0.0201917 45 146 229
-8.03685 357.965 0.0325214 45 146 229
-8.06181 357.956 0.0297354 45 146 229
-8.09152 357.996 0.0197954 45 146 229
-8.11006 358.007 -0.00867077 45 146 229
-8.06046 357.995 -0.02559 45 146 229
-8.04688 357.965 0.0110336 45 146 229
-8.05209 357.959 0.028237 45 146 229
-8.04709 357.965 0.0107857 45 146 229
-8.06572 357.981 -0.00295755 45 146 229
-8.07557 357.973 -0.00376105 45 146 229
-8.11401 358.003 -0.0408403 45 146 229
-8.07839 357.973 -0.00315983 45 146 229
-8.10462 358.0 -0.0406309 45 146 229
-8.0808 357.99 -0.0165403 45 146 229
-8.03807 357.959 0.0297845 45 146 229
-8.07629 357.996 -0.0272733 45 146 229
-8.08775 357.976 -0.00744686 45 146 229
-8.04965 357.963 0.0168373 45 146 229
-8.05741 357.985 -0.0136921 45 146 229
-8.02944 357.966 0.0130729 45 146 229
-8.09097 357.987 -0.0257746 45 146 229
-8.09033 357.994 -0.0361031 45 146 229
-8.11393 358.003 -0.0411916 45 146 229
-8.05171 357.99 -0.0218705 45 146 229
-8.09021 357.982 -0.0148688 45 146 229
-8.08652 358.001 -0.0332905 45 146 229
-8.10484 358.004 0.000127775 45 146 229
-8.07308 357.988 -0.0313802 45 146 229
-8.03622 357.958 0.0323182 45 146 229
-8.07398 358.002 -0.037042 45 146 229
-8.05337 357.964 0.0122025 45 146 229
-8.06724 357.978 0.00274558 45 146 229
-8.07772 357.99 -0.0337745 45 146 229
-8.05478 357.972 -0.00490975 45 146 229
-8.07182 357.962 0.0150799 45 146 229
-8.06119 357.967 0.00713995 45 146 229
-8.04907 357.987 -0.0154154 45 146 229
-8.04161 357.969 0.0237227 45 146 229
-8.10042 357.976 -0.00932846 45 146 229
-8.07901 357.986 -0.0272623 45 146 229
-8.07051 357.957 0.0234377 45 146 229
-8.03946 357.962 0.0192113 45 146 229
-8.05176 357.967 0.00485114 45 146 229
-8.03737 357.961 0.0228545 45 146 229
-8.05902 357.978 -0.0167944 45 146 229
-8.06161 357.972 -0.00525897 45 146 229
-8.09731 358.004 -0.034433 45 146 229
-8.07997 357.978 -0.0127663 45 146 229
-8.05703 357.961 0.0225034 45 146 229
-8.09138 357.995 0.0173386 45 146 229
-8.06326 357.959 0.0234315 45 146 229
-8.07246 358.001 -0.0353081 45 146 229
-8.06771 357.957 0.0244945 45 146 229
-8.10874 357.992 -0.0281039 45 146 229
-8.08401 358.0 -0.0320124 45 146 229
-8.07566 357.975 -0.006313 45 146 229
-8.04301 357.962 0.0208977 45 146 229
-8.04198 357.961 0.0241394 45 146 229
-8.11193 358.003 -0.0413222 45 146 229
-8.07905 357.989 -0.0328286 45 146 229
-8.07261 357.957 0.0229737 45 146 229
-8.03893 357.969 0.00820447 45 146 229
-8.06486 357.956 0.0286873 45 146 229
-8.07093 357.987 -0.030025 45 146 229
-8.08335 357.978 -0.00928216 45 146 229
-8.06986 357.985 -0.026808 45 146 229
-8.09905 357.999 -0.0401096 45 146 229
-8.06433 357.988 -0.018122 45 146 229
-8.0933 357.985 -0.0207672 45 146 229
-8.05692 357.958 0.028474 45 146 229
-8.06577 357.985 -0.0309808 45 146 229
-8.06811 357.963 0.0146417 45 146 229
-8.04946 357.972 0.0141011 45 146 229
-8.06789 357.998 -0.0474429 45 146 229
-8.09302 358.01 -0.0451741 45 146 229
-8.10936 357.985 -0.0217615 45 146 229
-8.05001 357.966 0.00731923 45 146 229
-8.06467 357.978 0.00294858 45 146 229
-8.03401 357.963 0.0381673 45 146 229
-8.1149 357.999 -0.0358975 45 146 229
-8.10249 358.004 0.00942136 45 146 229
-8.05222 357.953 0.0424271 45 146 229
-8.0443 357.976 -1.04204e-05 45 146 229
-8.06871 357.961 0.0178399 45 146 229
-8.07705 357.998 -0.0315104 45 146 229
-8.11729 357.999 -0.0359787 45 146 229
-8.07425 357.98 -0.0191402 45 146 229
-8.05618 357.954 0.0372329 45 146 229
-8.08315 358.003 -0.0376244 45 146 229
-8.08694 357.981 -0.0149207 45 146 229
-8.06702 357.983 -0.0246867 45 146 229
-8.03472 357.963 0.0195565 45 146 229
-8.06829 357.996 -0.0430405 45 146 229
-8.04565 357.956 0.0363234 45 146 229
-8.08911 357.999 -0.0286524 45 146 229
-8.0455 357.978 -0.00161642 45 146 229
-8.0873 357.997 -0.041959 45 146 229
-8.10143 357.998 -0.0384271 45 146 229
-8.09346 357.99 -0.0292705 45 146 229
-8.03839 357.956 0.0403595 45 146 229
-8.06751 357.964 0.013343 45 146 229
-8.05539 357.969 0.00191651 45 146 229
-8.08838 357.984 -0.0207184 45 146 229
-8.1007 358.001 0.00425523 45 146 229
-8.08855 358.008 -0.0435193 45 146 229
-8.0706 357.969 0.00309742 45 146 229
-8.06326 357.994 -0.0276209 45 146 229
-8.06011 357.975 0.00772606 45 146 229
-8.08063 357.995 -0.0244142 45 146 229
-8.08933 357.993 -0.0357365 45 146 229
-8.07429 357.969 0.00527303 45 146 229
-8.05712 357.952 0.0407169 45 146 229
-8.09195 357.987 -0.024405 45 146 229
-8.09287 357.995 0.0143888 45 146 229
-8.11656 358.008 -0.0455292 45 146 229
-8.07764 357.976 -0.00929491 45 146 229
-8.05582 357.952 0.0415092 45 146 229
-8.07557 357.99 -0.0344596 45 146 229
-8.10703 357.992 -0.0283691 45 146 229
-8.07533 357.978 -0.0158834 45 146 229
-8.0524 357.973 0.0113428 45 146 229
-8.03052 357.966 0.0301008 45 146 229
-8.05527 357.96 0.0230304 45 146 229
-8.0589 357.974 -0.011146 45 146 229
-8.06474 357.986 -0.0143383 45 146 229
-8.06747 357.961 0.01797 45 146 229
-8.05782 357.969 0.000458466 45 146 229
-8.04567 357.978 -0.00122844 45 146 229
-8.06994 358.004 -0.041181 45 146 229
-8.08128 357.965 0.00776877 45 146 229
-8.06041 357.951 0.0416016 45 146 229
-8.0569 357.955 0.0343756 45 146 229
-8.10574 357.989 -0.0246136 45 146 229
-8.07081 357.993 -0.0237231 45 146 229
-8.08419 357.981 -0.0168973 45 146 229
-8.05743 357.969 0.000368942 45 146 229
-8.06751 358.002 -0.0405246 45 146 229
-8.05158 357.953 0.045208 45 146 229
-8.06248 357.974 0.0116842 45 146 229
-8.06548 357.97 0.00122509 45 146 229
-8.03705 357.957 0.0351868 45 146 229
-8.09463 357.986 -0.0219204 45 146 229
-8.07995 357.982 -0.0206689 45 146 229
-8.07399 357.983 -0.0232519 45 146 229
-8.07627 357.999 -0.0317935 45 146 229
-8.0376 357.959 0.027198 45 146 229
-8.09251 358.005 -0.037145 45 146 229
-8.07403 357.968 0.00536455 45 146 229
-8.07614 357.973 -0.0039412 45 146 229
-8.10452 357.998 -0.0371102 45 146 229
-8.07474 357.988 -0.0317363 45 146 229
-8.05713 357.953 0.0387644 45 146 229
-8.0727 357.972 -0.000937505 45 146 229
-8.0568 357.987 -0.0164827 45 146 229
-8.06065 357.953 0.0368964 45 146 229
-8.0602 357.985 -0.0131722 45 146 229
-8.06768 358.001 -0.048547 45 146 229
-8.06311 357.967 0.00798014 45 146 229
-8.08068 357.997 -0.0439984 45 146 229
-8.07206 357.991 -0.0372776 45 146 229
-8.05666 357.973 0.0129531 45 146 229
-8.0706 357.988 -0.0327304 45 146 229
-8.05471 357.973 0.0123564 45 146 229
-8.08677 357.985 -0.0215996 45 146 229
-8.11099 358.001 -0.0402699 45 146 229
-8.11178 358.006 -0.0452847 45 146 229
-8.08783 357.992 0.0239444 45 146 229
-8.09723 357.998 -0.0399272 45 146 229
-8.08584 357.977 -0.00911441 45 146 229
-8.0725 357.989 -0.0329951 45 146 229
-8.08964 357.973 -0.003402 45 146 229
-8.05841 357.961 0.0203856 45 146 229
-8.03925 357.958 0.0334071 45 146 229
-8.0945 357.985 -0.0205242 45 146 229
-8.05286 357.957 0.0316083 45 146 229
-8.04372 357.97 0.0215479 45 146 229
-8.07151 357.97 0.00162537 45 146 229
-8.0717 357.984 -0.0255146 45 146 229
-8.05373 357.963 0.016186 45 146 229
-8.07609 357.96 0.0172682 45 146 229
-8.06754 357.997 -0.0458407 45 146 229
-8.11635 358.004 -0.0413656 45 146 229
-8.08891 357.988 -0.0268181 45 146 229
-8.07972 357.981 -0.0176525 45 146 229
-8.10651 358.0 -0.0394265 45 146 229
-8.08886 357.997 -0.0414132 45 146 229
-8.09308 357.995 -0.0371484 45 146 229
-8.04875 357.964 0.0126797 45 146 229
-8.09013 357.987 -0.0245893 45 146 229
-8.08345 357.983 -0.0199263 45 146 229
-8.03054 357.963 0.0200116 45 146 229
-8.0905 357.991 -0.031981 45 146 229
-8.06021 357.963 0.0165666 45 146 229
-8.06299 357.958 0.0252047 45 146 229
-8.06699 357.991 -0.0228035 45 146 229
-8.11316 358.002 -0.040427 45 146 229
-8.0523 357.99 -0.0212876 45 146 229
-8.07018 357.983 -0.0245305 45 146 229
-8.04838 357.964 0.0148062 45 146 229
-8.07606 358.001 -0.0504651 45 146 229
-8.0915 358.003 -0.0348692 45 146 229
-8.05481 357.953 0.0438928 45 146 229
-8.06822 357.975 -0.00974429 45 146 229
-8.06695 357.999 -0.0398372 45 146 229
-8.06905 358.002 -0.0505752 45 146 229
-8.08688 357.987 -0.026649 45 146 229
-8.07269 357.983 -0.023409 45 146 229
-8.07526 357.989 -0.0179734 45 146 229
-8.09076 357.986 -0.0237266 45 146 229
-8.07658 357.974 -0.00493663 45 146 229
-8.08258 358.008 -0.0458103 45 146 229
-8.09542 357.999 0.0175561 45 146 229
-8.10324 358.003 0.00154123 45 146 229
-8.10488 358.004 -0.00124883 45 146 229
-8.04736 357.974 0.00984755 45 146 229
-8.09291 357.983 -0.0173478 45 146 229
-8.11749 357.999 -0.0364254 45 146 229
-8.09843 358.0 0.0106005 45 146 229
-8.07266 357.995 -0.0419471 45 146 229
-8.02481 357.962 0.0264647 45 146 229
-8.04753 357.955 0.0406313 45 146 229
-8.10214 357.999 -0.039656 45 146 229
-8.08918 358.011 -0.0479922 45 146 229
-8.10675 358.006 -0.000471323 45 146 229
-8.05159 357.972 -0.00562726 45 146 229
-8.05852 357.966 0.00736472 45 146 229
-8.0585 357.974 0.0104047 45 146 229
-8.084 358.009 -0.0460342 45 146 229
-8.07612 357.962 0.0132967 45 146 229
-8.07227 357.99 -0.0348877 45 146 229
-8.1009 357.995 -0.0346599 45 146 229
-8.0998 358.0 -0.0420358 45 146 229
-8.09367 357.992 -0.0324504 45 146 229
-8.06406 357.961 0.0202621 45 146 229
-8.0764 357.983 -0.0231253 45 146 229
-8.06234 357.97 -0.0016156 45 146 229
-8.06136 357.963 0.0162559 45 146 229
-8.06547 357.992 -0.0241428 45 146 229
-8.06001 357.98 -0.0203269 45 146 229
-8.03111 357.967 0.0281068 45 146 229
-8.08911 357.986 -0.0243485 45 146 229
-8.05196 357.973 -0.00828767 45 146 229
-8.06996 358.005 -0.0508278 45 146 229
-8.07122 357.988 -0.0318166 45 146 229
-8.05617 357.984 -0.0106505 45 146 229
-8.07827 357.988 -0.0140578 45 146 229
-8.05537 357.984 -0.0262823 45 146 229
-8.06771 358.005 -0.0418089 45 146 229
-8.08021 358.0 -0.0477826 45 146 229
-8.03883 357.97 0.0216071 45 146 229
-8.06234 357.951 0.0399544 45 146 229
-8.07035 357.966 0.00893402 45 146 229
-8.03446 357.969 0.0127007 45 146 229
-8.06965 357.976 -0.0114936 45 146 229
-8.06901 357.989 -0.0339994 45 146 229
-8.06765 357.989 -0.0333833 45 146 229
-8.11365 358.003 -0.0408159 45 146 229
-8.07254 357.964 0.011222 45 146 229
-8.05589 357.98 -0.020488 45 146 229
-8.08285 357.996 -0.0257905 45 146 229
-8.03433 357.97 0.0207 45 146 229
-8.11401 358.005 -0.0434225 45 146 229
-8.0788 357.978 -0.0124243 45 146 229
-8.10106 358.003 0.00890771 45 146 229
-8.05631 357.953 0.0405636 45 146 229
-8.07923 358.0 -0.0481931 45 146 229
-8.09123 357.994 0.0155205 45 146 229
-8.06749 357.986 -0.0325218 45 146 229
-8.03963 357.957 0.0342317 45 146 229
-8.06426 357.995 -0.0377896 45 146 229
-8.07122 357.99 -0.0350359 45 146 229
-8.11062 358.004 -0.0447707 45 146 229
-8.06591 357.982 -0.0238384 45 146 229
-8.11404 357.994 -0.0306577 45 146 229
-8.07311 357.988 -0.0312555 45 146 229
-8.08993 357.999 -0.0430132 45 146 229
-8.09669 357.986 -0.0211162 45 146 229
-8.05896 357.978 0.00141401 45 146 229
-8.07881 357.986 -0.0279754 45 146 229
-8.05159 357.988 -0.0254031 45 146 229
-8.08552 357.969 0.00259573 45 146 229
-8.05305 357.962 0.0185445 45 146 229
-8.04783 357.958 0.0311174 45 146 229
-8.03489 357.969 0.0110916 45 146 229
-8.04739 357.974 0.010689 45 146 229
-8.05731 357.978 -0.0179039 45 146 229
-8.0811 357.998 -0.0289417 45 146 229
-8.11666 357.995 -0.0315119 45 146 229
-8.05489 357.954 0.0378157 45 146 229
-8.04301 357.968 0.0258441 45 146 229
-8.08345 357.985 -0.0249035 45 146 229
-8.0542 357.964 0.0123332 45 146 229
-8.08785 357.984 -0.0206834 45 146 229
-8.09655 358.005 -0.0362576 45 146 229
-8.0633 357.962 0.0185454 45 146 229
-8.05668 357.959 0.0263951 45 146 229
-8.08592 358.002 -0.0513535 45 146 229
-8.04913 357.955 0.0383338 45 146 229
-8.11388 358.005 -0.043697 45 146 229
-8.06625 357.985 -0.0273802 45 146 229
-8.06886 357.968 0.00550373 45 146 229
-8.09143 357.982 -0.0156288 45 146 229
-8.10401 357.99 -0.0253936 45 146 229
-8.07792 357.969 0.0043493 45 146 229
-8.08826 357.978 -0.0104474 45 146 229
-8.07312 357.978 -0.015912 45 146 229
-8.07885 357.962 0.0124525 45 146 229
-8.07615 357.969 0.00450368 45 146 229
-8.09481 357.993 -0.0339673 45 146 229
-8.08883 358.007 -0.0535651 45 146 229
-8.03792 357.969 0.0235632 45 146 229
-8.06237 357.996 -0.0349497 45 146 229
-8.06486 357.98 -0.000593901 45 146 229
-8.05321 357.982 -0.0281918 45 146 229
-8.06941 357.963 0.0146031 45 146 229
-8.05964 357.979 -0.0188135 45 146 229
-8.06325 357.981 -0.00430424 45 146 229
-8.06622 357.96 0.0213075 45 146 229
-8.05399 357.97 -0.000593657 45 146 229
-8.06872 357.972 -0.00321249 45 146 229
-8.02642 357.965 0.0169096 45 146 229
-8.07238 357.959 0.0188017 45 146 229
-8.10379 358.005 0.0047384 45 146 229
-8.11201 358.0 -0.0391248 45 146 229
-8.04699 357.981 -0.0122538 45 146 229
-8.06549 357.994 -0.0265359 45 146 229
-8.04418 357.962 0.0208066 45 146 229
-8.04367 357.97 0.0194906 45 146 229
-8.06342 357.982 -0.0233798 45 146 229
-8.07479 357.963 0.011911 45 146 229
-8.10991 358.007 -0.0106059 45 146 229
-8.08073 357.989 -0.0324586 45 146 229
-8.06442 357.96 0.0211253 45 146 229
-8.08643 357.991 -0.032734 45 146 229
-8.04302 357.956 0.0459243 45 146 229
-8.11653 358.002 -0.0421581 45 146 229
-8.03924 357.969 0.0234779 45 146 229
-8.07774 357.983 -0.0226511 45 146 229
-8.04745 357.952 0.0442115 45 146 229
-8.04988 357.958 0.0295328 45 146 229
-8.08189 357.978 -0.0118202 45 146 229
-8.05463 357.959 0.0255329 45 146 229
-8.06382 357.994 -0.0369094 45 146 229
-8.0975 357.993 -0.0323853 45 146 229
-8.11059 357.986 -0.0211778 45 146 229
-8.05745 357.954 0.0377864 45 146 229
-8.05763 357.973 -0.00836756 45 146 229
-8.091 357.982 -0.0159014 45 146 229
-8.08991 357.997 -0.0408568 45 146 229
-8.07426 357.987 -0.0132213 45 146 229
-8.06871 358.004 -0.0417606 45 146 229
-8.07416 357.99 -0.0345286 45 146 229
-8.06212 357.959 0.024395 45 146 229
-8.04193 357.961 0.0227554 45 146 229
-8.08057 357.975 -0.00566411 45 146 229
-8.10012 357.988 -0.0232641 45 146 229
-8.04071 357.96 0.0244178 45 146 229
-8.06918 357.984 -0.0253268 45 146 229
-8.08565 357.972 -0.00114258 45 146 229
-8.11802 358.001 -0.0366201 45 146 229
-8.05495 357.972 0.0158167 45 146 229
-8.05512 357.969 0.000769765 45 146 229
-8.05016 357.959 0.0269282 45 146 229
-8.08534 357.986 -0.0262409 45 146 229
-8.04608 357.964 0.0146887 45 146 229
-8.07149 357.964 0.0120573 45 146 229
-8.08535 357.989 -0.0302537 45 146 229
-8.11949 357.995 -0.0306403 45 146 229
-8.104 358.004 0.00367757 45 146 229
-8.094 357.984 -0.0180975 45 146 229
-8.10173 357.995 -0.0335445 45 146 229
-8.07452 357.963 0.0130439 45 146 229
-8.11635 358.001 -0.0384506 45 146 229
-8.10963 357.999 -0.0370173 45 146 229
-8.06912 357.981 -0.0207265 45 146 229
-8.07693 357.998 -0.0304097 45 146 229
-8.09401 357.983 -0.0167874 45 146 229
-8.09331 357.985 -0.0202581 45 146 229
-8.09181 357.982 -0.0156111 45 146 229
-8.07876 357.978 -0.012916 45 146 229
-8.10834 357.993 -0.0297377 45 146 229
-8.03976 357.962 0.0401975 45 146 229
-8.06971 357.984 -0.00887717 45 146 229
-8.05695 357.995 -0.03042 45 146 229
-8.11005 357.999 -0.0370729 45 146 229
-8.07979 357.986 -0.00914658 45 146 229
-8.08008 357.963 0.0112671 45 146 229
-8.08866 357.985 -0.02265 45 146 229
-8.05383 357.959 0.0261407 45 146 229
-8.08833 357.983 -0.0177606 45 146 229
-8.08366 357.986 0.0138208 45 146 229
-8.06666 357.957 0.0266699 45 146 229
-8.10597 357.983 -0.0186303 45 146 229
-8.06611 357.989 -0.0339307 45 146 229
-8.05292 357.964 0.0131991 45 146 229
-8.06593 357.964 0.0136403 45 146 229
-8.07748 357.98 -0.0173303 45 146 229
-8.03758 357.959 0.0248575 45 146 229
-8.06126 357.952 0.040389 45 146 229
-8.12439 358.005 -0.0404518 45 146 229
-8.0649 357.99 -0.0202668 45 146 229
-8.05924 357.98 -0.00308018 45 146 229
-8.08674 357.973 -0.00313193 45 146 229
-8.07846 357.999 -0.0471087 45 146 229
-8.04221 357.963 0.0182111 45 146 229
-8.11456 358.001 -0.0385171 45 146 229
-8.0442 357.972 -0.000735843 45 146 229
-8.09306 357.988 -0.0243949 45 146 229
-8.08097 358.003 -0.036939 45 146 229
-8.05246 357.99 -0.0240526 45 146 229
-8.09583 357.985 -0.0202398 45 146 229
-8.06407 357.98 -0.00165422 45 146 229
-8.05214 357.981 -0.00567695 45 146 229
-8.04536 357.977 -0.000428699 45 146 229
-8.07769 357.998 -0.0311229 45 146 229
-8.07922 358.0 -0.0479664 45 146 229
-8.06331 357.977 -0.015692 45 146 229
-8.02883 357.957 0.0380273 45 146 229
-8.05246 357.961 0.0199846 45 146 229
-8.05827 357.974 0.0102964 45 146 229
-8.0888 357.995 -0.0234446 45 146 229
-8.06894 357.954 0.029055 45 146 229
-8.0671 357.97 0.00143155 45 146 229
-8.06819 357.999 -0.0480331 45 146 229
-8.07167 357.976 -0.0115773 45 146 229
-8.10173 358.0 -0.0414944 45 146 229
-8.08295 357.965 0.00950791 45 146 229
-8.06359 357.967 0.00752282 45 146 229
-8.08991 357.993 0.0172624 45 146 229
-8.07363 357.962 0.0148258 45 146 229
-8.05671 357.969 -9.6768e-05 45 146 229
-8.06388 357.979 0.000605945 45 146 229
-8.06466 357.959 0.0231779 45 146 229
-8.06414 357.991 -0.0222077 45 146 229
-8.05685 357.984 -0.0106895 45 146 229
-8.07704 357.988 -0.015011 45 146 229
-8.06201 357.972 -0.00431432 45 146 229
-8.08285 357.993 -0.0370973 45 146 229
-8.08482 357.988 -0.0285976 45 146 229
-8.09781 358.0 0.0161917 45 146 229
-8.10542 357.983 -0.0192121 45 146 229
-8.08168 357.974 -0.0043615 45 146 229
-8.06304 357.969 0.00211432 45 146 229
-8.04563 357.963 0.0179704 45 146 229
-8.07295 357.966 0.00958225 45 146 229
-8.04922 357.96 0.0241398 45 146 229
-8.04865 357.958 0.0294167 45 146 229
-8.08567 357.993 -0.0359893 45 146 229
-8.09236 357.99 -0.0295319 45 146 229
-8.07128 357.996 -0.0432633 45 146 229
-8.05583 357.954 0.0380261 45 146 229
-8.05055 357.986 -0.0248187 45 146 229
-8.02982 357.962 0.0233662 45 146 229
-8.03147 357.967 0.027889 45 146 229
-8.0592 357.978 0.000582952 45 146 229
-8.10675 358.007 0.00204064 45 146 229
-8.07368 357.996 -0.0431523 45 146 229
-8.05851 357.959 0.0264412 45 146 229
-8.08914 357.986 -0.0240081 45 146 229
-8.06643 357.997 -0.0388447 45 146 229
-8.07559 357.971 0.00126003 45 146 229
-8.05744 357.965 0.0122831 45 146 229
-8.06742 357.97 7.5084e-06 45 146 229
-8.05434 357.958 0.0299051 45 146 229
-8.04956 357.984 -0.0114398 45 146 229
-8.09717 358.003 -0.0330283 45 146 229
-8.07216 357.971 0.000992403 45 146 229
-8.04468 357.973 -0.00266916 45 146 229
-8.07371 357.989 -0.0331577 45 146 229
-8.08416 357.977 -0.00996356 45 146 229
-8.04524 357.971 0.00153074 45 146 229
-8.0452 357.96 0.0263107 45 146 229
-8.05634 357.966 0.00884286 45 146 229
-8.05474 357.963 0.0148882 45 146 229
-8.05975 357.967 0.00758915 45 146 229
-8.12166 357.995 -0.0303658 45 146 229
-8.0474 357.963 0.0158799 45 146 229
-8.06626 357.978 -0.0165989 45 146 229
-8.07747 358.004 -0.0403875 45 146 229
-8.10455 358.006 0.00369159 45 146 229
-8.03368 357.964 0.0369916 45 146 229
-8.08125 357.993 -0.021355 45 146 229
-8.04393 357.958 0.0324999 45 146 229
-8.05052 357.957 0.0344649 45 146 229
-8.10557 357.993 -0.0292745 45 146 229
-8.05493 357.963 0.0159406 45 146 229
-8.09523 358.0 -0.0425997 45 146 229
-8.08547 357.991 -0.0173594 45 146 229
-8.08638 357.989 0.0168741 45 146 229
-8.06638 357.982 -0.0234542 45 146 229
-8.08819 358.005 -0.0390671 45 146 229
-8.0677 358.0 -0.0421671 45 146 229
-8.05328 357.98 -0.0195861 45 146 229
-8.0665 357.984 -0.0260767 45 146 229
-8.08125 357.982 -0.0200718 45 146 229
-8.04845 357.985 -0.0217534 45 146 229
-8.04061 357.962 0.0185031 45 146 229
-8.09419 358.005 -0.0363971 45 146 229
-8.10907 357.995 -0.0316489 45 146 229
-8.06885 357.985 -0.0268535 45 146 229
-8.08192 357.983 -0.0216302 45 146 229
-8.06867 358.002 -0.0498312 45 146 229
-8.06463 357.972 -0.00558511 45 146 229
-8.04245 357.971 0.017837 45 146 229
-8.12495 357.997 -0.0325031 45 146 229
-8.11725 358.002 -0.0399969 45 146 229
-8.11904 357.996 -0.031997 45 146 229
-8.0915 357.996 -0.0384056 45 146 229
-8.10629 357.994 -0.0316063 45 146 229
-8.05596 357.963 0.0148116 45 146 229
-8.07396 358.002 -0.0377567 45 146 229
-8.03714 357.964 0.03623 45 146 229
-8.05412 357.984 -0.0105161 45 146 229
-8.09659 358.0 -0.0429649 45 146 229
-8.10679 358.0 -0.0400223 45 146 229
-8.03783 357.964 0.0351426 45 146 229
-8.04365 357.959 0.0299773 45 146 229
-8.09768 357.995 -0.0355508 45 146 229
-8.08346 357.979 -0.0119065 45 146 229
-8.1082 358.002 -0.0422172 45 146 229
-8.07708 357.986 -0.0271733 45 146 229
-8.08284 357.987 -0.0289209 45 146 229
-8.05164 357.976 0.00489522 45 146 229
-8.10133 358.002 0.00609528 45 146 229
-8.08811 357.987 -0.0251372 45 146 229
-8.05798 357.965 0.0128828 45 146 229
-8.08801 357.978 -0.0100568 45 146 229
-8.08196 357.987 -0.0109025 45 146 229
-8.06189 357.972 -0.00459473 45 146 229
-8.08164 357.98 -0.0166494 45 146 229
-8.10038 358.006 -0.0354895 45 146 229
-8.08232 357.996 -0.0261317 45 146 229
-8.08018 357.978 -0.013146 45 146 229
-8.12319 358.007 -0.0415071 45 146 229
-8.05676 357.977 0.0042132 45 146 229
-8.05497 357.974 -0.0107655 45 146 229
-8.05432 357.977 0.00294071 45 146 229
-8.06546 357.976 -0.0138091 45 146 229
-8.11909 357.998 -0.0348943 45 146 229
-8.09205 357.979 -0.0109757 45 146 229
-8.07875 357.97 0.00306558 45 146 229
-8.09583 357.997 -0.0386402 45 146 229
-8.09733 357.984 -0.0185423 45 146 229
-8.10273 357.995 -0.0333044 45 146 229
-8.09749 357.981 -0.0149736 45 146 229
-8.05606 357.956 0.032977 45 146 229
-8.03523 357.966 0.00994307 45 146 229
-8.05764 357.988 -0.0190965 45 146 229
-8.08029 357.973 -0.00195121 45 146 229
-8.11678 357.993 -0.0285764 45 146 229
-8.06099 357.959 0.0253952 45 146 229
-8.06423 357.963 0.0164811 45 146 229
-8.05158 357.972 -0.00608966 45 146 229
-8.06095 357.982 -0.0228486 45 146 229
-8.08183 357.971 -3.90332e-05 45 146 229
-8.11253 357.994 -0.0320951 45 146 229
-8.06532 357.973 -0.00678857 45 146 229
-8.06833 357.979 -0.0182018 45 146 229
-8.10115 358.006 -0.0365662 45 146 229
-8.08877 357.986 -0.0242121 45 146 229
-8.07194 357.988 -0.0314068 45 146 229
-8.09811 357.984 -0.0185526 45 146 229
-8.10983 358.007 -0.0109445 45 146 229
-8.08786 357.989 -0.0305521 45 146 229
-8.07805 357.98 -0.0177469 45 146 229
-8.0715 357.999 -0.0325886 45 146 229
-8.10258 358.003 0.00394667 45 146 229
-8.07068 357.989 -0.0345063 45 146 229
-8.09282 357.999 -0.0276173 45 146 229
-8.03501 357.964 0.0353523 45 146 229
-8.06422 357.99 -0.0339018 45 146 229
-8.09724 357.993 -0.0331027 45 146 229
-8.07188 357.994 -0.0259742 45 146 229
-8.05816 357.973 -0.00897421 45 146 229
-8.04606 357.964 0.0145579 45 146 229
-8.04744 357.96 0.0263037 45 146 229
-8.06612 357.984 -0.0266363 45 146 229
-8.11288 358.005 -0.0437157 45 146 229
-8.0455 357.962 0.0203806 45 146 229
-8.09383 357.993 -0.0338958 45 146 229
-8.06355 357.965 0.0117157 45 146 229
-8.07079 357.974 -0.00802999 45 146 229
-8.05685 357.973 0.01383 45 146 229
-8.03511 357.962 0.0405613 45 146 229
-8.08074 358.004 -0.0524428 45 146 229
-8.03894 357.968 0.02486 45 146 229
-8.0444 357.957 0.0332042 45 146 229
-8.10927 357.996 -0.0328252 45 146 229
-8.08254 357.993 -0.0372727 45 146 229
-8.03221 357.96 0.0282962 45 146 229
-8.08399 357.987 0.0168659 45 146 229
-8.07933 357.984 -0.0243151 45 146 229
-8.048 357.959 0.0281174 45 146 229
-8.0519 357.96 0.0251133 45 146 229
-8.08068 357.975 -0.00602092 45 146 229
-8.06291 357.961 0.0195575 45 146 229
-8.05245 357.978 0.00146668 45 146 229
-8.08788 357.987 -0.027081 45 146 229
-8.04102 357.957 0.0366045 45 146 229
-8.0363 357.969 0.0102734 45 146 229
-8.02868 357.964 0.0373706 45 146 229
-8.08831 357.989 -0.029955 45 146 229
-8.07645 357.979 -0.0171157 45 146 229
-8.09442 357.982 -0.0162106 45 146 229
-8.07129 357.959 0.0194556 45 146 229
-8.06318 357.958 0.0255509 45 146 229
-8.06539 357.979 0.00152019 45 146 229
-8.04571 357.966 0.00475585 45 146 229
-8.05121 357.973 0.0109876 45 146 229
-8.0437 357.962 0.0206375 45 146 229
-8.10191 358.003 -0.0443649 45 146 229
-8.11372 357.999 -0.0357838 45 146 229
-8.06985 357.979 -0.0181263 45 146 229
-8.04849 357.985 -0.0202761 45 146 229
-8.04865 357.956 0.0351162 45 146 229
-8.06219 357.97 -0.0016497 45 146 229
-8.03511 357.968 0.0253751 45 146 229
-8.0647 357.977 -0.015597 45 146 229
-8.09869 357.998 -0.0387558 45 146 229
-8.04185 357.971 0.0160224 45 146 229
-8.04541 357.975 -0.00228878 45 146 229
-8.04845 357.98 -0.00415186 45 146 229
-8.05899 357.955 0.0333236 45 146 229
-8.09795 357.979 -0.0133403 45 146 229
-8.05407 357.972 -0.00493679 45 146 229
-8.0654 357.966 0.0109488 45 146 229
-8.08273 357.993 -0.0217748 45 146 229
-8.03615 357.959 0.0288758 45 146 229
-8.07169 357.964 0.0121585 45 146 229
-8.06203 357.964 0.0135135 45 146 229
-8.06369 357.97 -2.17198e-05 45 146 229
-8.09669 358.003 -0.0332073 45 146 229
-8.10814 358.004 -0.0442372 45 146 229
-8.11203 357.993 -0.0298328 45 146 229
-8.09804 358.0 0.0121184 45 146 229
-8.10884 357.987 -0.0234767 45 146 229
-8.06337 357.977 -0.0155732 45 146 229
-8.05842 357.98 -0.00323056 45 146 229
-8.06889 357.979 -0.0187747 45 146 229
-8.09525 357.999 0.0155534 45 146 229
-8.07201 357.977 -0.0135527 45 146 229
-8.07195 357.988 -0.0316768 45 146 229
-8.05473 357.958 0.0290245 45 146 229
-8.0766 357.985 -0.0266318 45 146 229
-8.05223 357.974 -0.00970691 45 146 229
-8.06151 357.955 0.0332116 45 146 229
-8.06967 358.003 -0.0524457 45 146 229
-8.04197 357.959 0.0319418 45 146 229
-8.05638 357.984 -0.0111709 45 146 229
-8.07292 357.986 -0.0119718 45 146 229
-8.06734 358.004 -0.0412046 45 146 229
-8.09874 358.007 -0.0389896 45 146 229
-8.06695 358.001 -0.041433 45 146 229
-8.03976 357.971 0.0198186 45 146 229
-8.06443 357.975 -0.0119292 45 146 229
-8.06121 357.959 0.0242215 45 146 229
-8.08898 357.991 -0.0331565 45 146 229
-8.09528 357.999 0.016624 45 146 229
-8.07437 357.976 -0.0113494 45 146 229
-8.04855 357.956 0.0372622 45 146 229
-8.07148 357.98 -0.0195093 45 146 229
-8.0288 357.963 0.0389192 45 146 229
-8.07178 357.974 -0.00438548 45 146 229
-8.0698 357.964 0.0121284 45 146 229
-8.06296 357.982 -0.0239869 45 146 229
-8.10197 358.01 -0.0415249 45 146 229
-8.04417 357.974 0.00384109 45 146 229
-8.105 357.991 -0.0262238 45 146 229
-8.07079 357.968 0.00501191 45 146 229
-8.05741 357.978 -0.0178237 45 146 229
-8.05556 357.964 0.0145627 45 146 229
-8.11152 358.003 -0.0426264 45 146 229
-8.06147 357.983 -0.0255469 45 146 229
-8.09359 357.998 -0.0267445 45 146 229
-8.07195 357.986 -0.0284451 45 146 229
-8.05908 357.953 0.0376195 45 146 229
-8.06772 357.978 -0.0166091 45 146 229
-8.04836 357.955 0.0384724 45 146 229
-8.07624 358.0 -0.0330164 45 146 229
-8.08254 357.969 0.00261069 45 146 229
-8.06727 358.001 -0.0410043 45 146 229
-8.07624 357.987 -0.0130662 45 146 229
-8.09192 358.005 -0.0371697 45 146 229
-8.11216 357.995 -0.0319928 45 146 229
-8.09382 357.995 -0.0362138 45 146 229
-8.05266 357.957 0.032426 45 146 229
-8.06429 357.964 0.013856 45 146 229
-8.0255 357.963 0.0242071 45 146 229
-8.06849 357.996 -0.0450445 45 146 229
-8.02703 357.966 0.015715 45 146 229
-8.0485 357.971 -0.00303457 45 146 229
-8.05928 357.96 0.0224523 45 146 229
-8.0771 357.975 -0.0060241 45 146 229
-8.09244 357.984 -0.0188007 45 146 229
-8.05552 357.981 -0.00566714 45 146 229
-8.06249 357.96 0.0225278 45 146 229
-8.05029 357.954 0.0362687 45 146 229
-8.0625 357.974 -0.00986786 45 146 229
-8.03934 357.963 0.0167332 45 146 229
-8.09199 357.968 0.00252499 45 146 229
-8.06577 357.961 0.0187869 45 146 229
-8.09676 357.999 -0.0406066 45 146 229
-8.08253 357.994 -0.0237589 45 146 229
-8.06374 357.972 -0.00445336 45 146 229
-8.07236 358.0 -0.0342728 45 146 229
-8.06322 357.974 -0.00958277 45 146 229
-8.03822 357.965 0.0131788 45 146 229
-8.08278 357.994 -0.0390961 45 146 229
-8.07511 357.969 0.0043666 45 146 229
-8.07053 357.99 -0.019175 45 146 229
-8.05931 357.962 0.0187017 45 146 229
-8.03269 357.963 0.0191941 45 146 229
-8.07704 357.974 -0.00433287 45 146 229
-8.08074 357.979 -0.0149214 45 146 229
-8.04245 357.955 0.0418447 45 146 229
-8.0278 357.965 0.0330109 45 146 229
-8.05028 357.973 -0.0078248 45 146 229
-8.0628 357.984 -0.0260678 45 146 229
-8.10248 357.985 -0.0210529 45 146 229
-8.08504 358.005 -0.0529135 45 146 229
-8.07936 357.985 -0.0260412 45 146 229
-8.05786 357.974 -0.0103511 45 146 229
-8.04477 357.959 0.0304551 45 146 229
-8.11299 357.999 -0.0358909 45 146 229
-8.09026 357.985 -0.0219258 45 146 229
-8.06773 357.996 -0.0296384 45 146 229
-8.05752 357.971 -0.0026754 45 146 229
-8.10415 357.999 -0.0394716 45 146 229
-8.11552 358.004 -0.0411462 45 146 229
-8.05887 357.965 0.0124819 45 146 229
-8.0927 357.991 -0.0318203 45 146 229
-8.07912 357.999 -0.0474701 45 146 229
-8.08185 357.997 -0.0442416 45 146 229
-8.07594 357.96 0.0165652 45 146 229
-8.04759 357.983 -0.0219021 45 146 229
-8.09393 357.999 -0.0422152 45 146 229
-8.06799 358.0 -0.046341 45 146 229
-8.12008 357.997 -0.0392996 45 146 229
-8.04297 357.96 0.0258047 45 146 229
-8.04471 357.977 -0.012304 45 146 229
-8.07105 357.968 0.0058471 45 146 229
-8.04743 357.959 0.0286041 45 146 229
-8.0924 357.984 -0.0186414 45 146 229
-8.06663 358.005 -0.0402168 45 146 229
-8.07116 357.99 -0.0358426 45 146 229
-8.08329 358.003 -0.0369185 45 146 229
-8.08592 357.994 -0.0371105 45 146 229
-8.05864 357.955 0.0337476 45 146 229
-8.0889 357.992 0.0171592 45 146 229
-8.07779 357.97 0.00268632 45 146 229
-8.0344 357.969 0.0236175 45 146 229
-8.04858 357.97 -0.00106913 45 146 229
-8.07299 357.968 0.00521723 45 146 229
-8.07579 357.984 -0.0247107 45 146 229
-8.08048 357.999 -0.0306603 45 146 229
-8.06389 357.983 -0.00771525 45 146 229
-8.05582 357.964 0.0143081 45 146 229
-8.06698 357.997 -0.0409906 45 146 229
-8.05465 357.964 0.0139553 45 146 229
-8.05208 357.97 -0.00012608 45 146 229
-8.06519 357.957 0.0250186 45 146 229
-8.04724 357.958 0.0315633 45 146 229
-8.09963 357.993 -0.0304974 45 146 229
-8.06664 357.97 -0.000478597 45 146 229
-8.08085 357.978 -0.012477 45 146 229
-8.09088 357.992 -0.0339658 45 146 229
-8.08475 357.983 -0.0195883 45 146 229
-8.06362 357.978 -0.0170092 45 146 229
-8.06018 357.98 -0.0206871 45 146 229
-8.1073 357.996 -0.0331361 45 146 229
-8.04976 357.987 -0.0198998 45 146 229
-8.06425 357.997 -0.0344042 45 146 229
-8.05823 357.972 -0.00484644 45 146 229
-8.1055 357.996 -0.0332078 45 146 229
-8.10072 357.983 -0.0180413 45 146 229
-8.09088 357.988 -0.0265488 45 146 229
-8.09671 357.98 -0.013481 45 146 229
-8.05831 357.978 -0.0175721 45 146 229
-8.09789 357.979 -0.0127228 45 146 229
-8.02745 357.965 0.0337716 45 146 229
-8.0898 357.992 0.0160001 45 146 229
-8.07788 357.977 -0.0114932 45 146 229
-8.04439 357.957 0.035095 45 146 229
-8.05173 357.973 0.0119518 45 146 229
-8.11063 357.991 -0.0296102 45 146 229
-8.03279 357.958 0.0308047 45 146 229
-8.06009 357.956 0.0301929 45 146 229
-8.09857 357.999 -0.0401411 45 146 229
-8.05768 357.978 -0.0177255 45 146 229
-8.0745 357.969 0.00399924 45 146 229
-8.07414 357.976 -0.0115189 45 146 229
-8.0994 358.009 -0.0416288 45 146 229
-8.05264 357.984 -0.0110492 45 146 229
-8.09845 357.987 -0.0218566 45 146 229
-8.10343 357.981 -0.0161681 45 146 229
-8.10761 357.996 -0.0334353 45 146 229
-8.10307 357.996 -0.0350782 45 146 229
-8.09837 358.005 -0.0357219 45 146 229
-8.06315 357.961 0.0198333 45 146 229
-8.10692 357.994 -0.0310344 45 146 229
-8.09343 357.991 -0.0298645 45 146 229
-8.06702 357.987 -0.0149524 45 146 229
-8.10487 357.998 -0.037888 45 146 229
-8.11919 357.994 -0.0341668 45 146 229
-8.07435 357.986 -0.0123289 45 146 229
-8.07758 357.961 0.0152854 45 146 229
-8.03663 357.967 0.0275969 45 146 229
-8.10202 358.003 0.0075312 45 146 229
-8.0378 357.958 0.0325783 45 146 229
-8.05976 357.983 -0.00820065 45 146 229
-8.0901 357.972 -0.00216784 45 146 229
-8.06179 357.982 -0.00553866 45 146 229
-8.07898 357.977 -0.0106155 45 146 229
-8.03107 357.964 0.0164889 45 146 229
-8.0633 357.969 0.00275724 45 146 229
-8.10814 357.99 -0.0264624 45 146 229
-8.06749 357.978 -0.0176975 45 146 229
-8.0742 357.971 4.77144e-05 45 146 229
-8.03674 357.964 0.0359459 45 146 229
-8.06194 357.994 -0.0354248 45 146 229
-8.04475 357.972 -0.00146822 45 146 229
-8.03218 357.962 0.0216622 45 146 229
-8.09352 357.993 -0.033499 45 146 229
-8.09753 357.992 -0.0302042 45 146 229
-8.09878 358.003 -0.0456968 45 146 229
-8.07659 358.006 -0.0539627 45 146 229
-8.08091 357.973 -0.00271124 45 146 229
-8.07597 357.979 -0.0167905 45 146 229
-8.06136 357.967 0.00580745 45 146 229
-8.07262 357.974 -0.00547349 45 146 229
-8.10962 358.0 -0.0387092 45 146 229
-8.04464 357.961 0.02267 45 146 229
-8.0879 357.99 0.0136066 45 146 229
-8.05872 357.959 0.0260019 45 146 229
-8.09607 357.972 -0.00205678 45 146 229
-8.05131 357.964 0.0137628 45 146 229
-8.06519 357.966 0.0516546 45 146 229
-8.08124 357.995 -0.0249307 45 146 229
-8.05198 357.962 0.0193944 45 146 229
-8.04502 357.973 0.0116103 45 146 229
-8.09971 357.999 -0.040305 45 146 229
-8.04024 357.957 0.0357008 45 146 229
-8.06648 357.974 -0.00903306 45 146 229
-8.04632 357.959 0.0343527 45 146 229
-8.03819 357.965 0.0132157 45 146 229
-8.08043 358.002 -0.0501667 45 146 229
-8.06083 357.979 8.97549e-05 45 146 229
-8.08957 357.994 0.0213105 45 146 229
-8.08647 358.003 -0.0359753 45 146 229
-8.07987 358.003 -0.0377063 45 146 229
-8.0884 358.003 -0.0361725 45 146 229
-8.06275 357.974 -0.0102922 45 146 229
-8.09351 357.994 -0.03582 45 146 229
-8.08578 357.977 -0.00857072 45 146 229
-8.0631 357.995 -0.0387461 45 146 229
-8.05437 357.984 -0.0291702 45 146 229
-8.07825 358.002 -0.0513764 45 146 229
-8.0633 357.984 -0.0270589 45 146 229
-8.0362 357.962 0.0200094 45 146 229
-8.04427 357.959 0.0298682 45 146 229
-8.07018 357.994 -0.0264325 45 146 229
-8.09837 357.985 -0.0201707 45 146 229
-8.07343 357.988 -0.0316068 45 146 229
-8.07648 357.974 -0.00542206 45 146 229
-8.07002 357.965 0.0112497 45 146 229
-8.10529 357.994 -0.0311521 45 146 229
-8.04524 357.977 0.0011269 45 146 229
-8.05944 357.979 -0.0186998 45 146 229
-8.09206 357.995 -0.037482 45 146 229
-8.08103 357.994 -0.0228645 45 146 229
-8.0734 357.988 -0.0317741 45 146 229
-8.05338 357.99 -0.0217962 45 146 229
-8.07367 357.975 -0.00675226 45 146 229
-8.05379 357.956 0.0353299 45 146 229
-8.05452 357.963 0.0154883 45 146 229
-8.09378 357.989 -0.0260445 45 146 229
-8.10768 358.001 -0.0405924 45 146 229
-8.05136 357.954 0.041209 45 146 229
-8.04457 357.975 -0.00228699 45 146 229
-8.08875 357.988 -0.0267415 45 146 229
-8.0508 357.985 -0.0260636 45 146 229
-8.11032 358.005 -0.0454018 45 146 229
-8.09857 357.998 -0.0396885 45 146 229
-8.04436 357.977 -0.010797 45 146 229
-8.03451 357.956 0.0378493 45 146 229
-8.06448 357.964 0.013765 45 146 229
-8.06909 358.003 -0.0478798 45 146 229
-8.11423 357.998 -0.0346263 45 146 229
-8.06896 357.978 -0.017107 45 146 229
-8.05096 357.96 0.0254551 45 146 229
-8.09414 358.008 -0.0411994 45 146 229
-8.03874 357.963 0.0383522 45 146 229
-8.07875 357.973 -0.00202642 45 146 229
-8.09373 358.001 -0.0314508 45 146 229
-8.06894 357.963 0.0138469 45 146 229
-8.05699 357.974 -0.0100513 45 146 229
-8.11161 357.994 -0.0310028 45 146 229
-8.07889 358.001 -0.0341887 45 146 229
-8.07349 357.978 -0.0151574 45 146 229
-8.06647 357.963 0.0147979 45 146 229
-8.07194 357.975 -0.00816926 45 146 229
-8.03392 357.96 0.0272059 45 146 229
-8.0459 357.983 -0.0112755 45 146 229
-8.1124 358.0 -0.0373247 45 146 229
-8.03521 357.964 0.0157854 45 146 229
-8.05384 357.976 0.00565151 45 146 229
-8.05099 357.973 0.0125222 45 146 229
-8.12768 358.0 -0.0359153 45 146 229
-8.05831 357.952 0.0401904 45 146 229
-8.11793 357.994 -0.0299024 45 146 229
-8.05589 357.954 0.037415 45 146 229
-8.07047 357.958 0.0233913 45 146 229
-8.07283 357.959 0.0199946 45 146 229
-8.08067 357.987 -0.027939 45 146 229
-8.07931 357.98 -0.017925 45 146 229
-8.04442 357.977 -0.0110265 45 146 229
-8.06747 357.961 0.0182193 45 146 229
-8.0867 358.002 -0.0345419 45 146 229
-8.07926 357.98 -0.0160595 45 146 229
-8.06662 357.989 -0.0343261 45 146 229
-8.04495 357.963 0.0167014 45 146 229
-8.06526 357.964 0.0137596 45 146 229
-8.06657 357.969 0.00363219 45 146 229
-8.07787 358.002 -0.0513063 45 146 229
-8.07137 357.969 0.00350639 45 146 229
-8.04142 357.959 0.0291279 45 146 229
-8.11409 357.998 -0.035276 45 146 229
-8.05778 357.974 0.00961649 45 146 229
-8.09352 357.984 -0.0193264 45 146 229
-8.10943 358.006 -0.0455701 45 146 229
-8.06359 357.959 0.0227262 45 146 229
-8.06866 357.97 0.000530229 45 146 229
-8.04805 357.984 -0.0201543 45 146 229
-8.12258 357.999 -0.0386906 45 146 229
-8.04335 357.96 0.0253817 45 146 229
-8.0639 357.993 -0.0247922 45 146 229
-8.04388 357.973 0.0126314 45 146 229
-8.06881 357.99 -0.0356255 45 146 229
-8.06044 357.974 -0.00999219 45 146 229
-8.04811 357.971 -0.00201951 45 146 229
-8.1034 357.994 -0.0310149 45 146 229
-8.0859 357.994 -0.022533 45 146 229
-8.06966 357.987 -0.0309141 45 146 229
-8.06317 357.974 -0.0103418 45 146 229
-8.0887 358.009 -0.0453813 45 146 229
-8.06019 357.957 0.030663 45 146 229
-8.09063 357.988 -0.0270234 45 146 229
-8.10395 357.987 -0.0226496 45 146 229
-8.09658 357.999 0.0129663 45 146 229
-8.04285 357.971 0.0170191 45 146 229
-8.0586 357.954 0.034995 45 146 229
-8.0515 357.97 -0.00112126 45 146 229
-8.07473 357.958 0.0199687 45 146 229
-8.1019 357.987 -0.0231894 45 146 229
-8.05792 357.981 -0.0213696 45 146 229
-8.05162 357.987 -0.0168423 45 146 229
-8.07773 357.99 -0.0342743 45 146 229
-8.09325 358.01 -0.0444357 45 146 229
-8.05844 357.967 0.00481988 45 146 229
-8.02711 357.964 0.0166019 45 146 229
-8.1006 357.984 -0.0189005 45 146 229
-8.10707 357.983 -0.0182223 45 146 229
-8.07015 357.956 0.0248543 45 146 229
-8.06043 357.983 -0.00810083 45 146 229
-8.10962 358.001 -0.0401155 45 146 229
-8.08184 357.996 -0.0420904 45 146 229
-8.0466 357.959 0.0331162 45 146 229
-8.05683 357.978 0.00201201 45 146 229
-8.04449 357.968 0.00442438 45 146 229
-8.07071 357.956 0.0249479 45 146 229
-8.04898 357.963 0.0153271 45 146 229
-8.0965 357.992 -0.0316449 45 146 229
-8.07079 357.957 0.0242078 45 146 229
-8.09352 358.004 -0.0491153 45 146 229
-8.0635 357.97 -0.00112378 45 146 229
-8.03594 357.958 0.0318242 45 146 229
-8.10452 357.995 -0.0330982 45 146 229
-8.0376 357.96 0.0253104 45 146 229
-8.06075 357.961 0.0223317 45 146 229
-8.03192 357.962 0.0232565 45 146 229
-8.05443 357.974 0.00891907 45 146 229
-8.05411 357.976 -0.0138568 45 146 229
-8.05186 357.97 -0.00104301 45 146 229
-8.03027 357.965 0.0341786 45 146 229
-8.06978 357.965 0.0118469 45 146 229
-8.10842 357.995 -0.0325579 45 146 229
-8.06217 357.983 -0.00971761 45 146 229
-8.04491 357.978 0.00513081 45 146 229
-8.06546 357.968 0.00469737 45 146 229
-8.1078 357.999 -0.0380896 45 146 229
-8.08092 357.969 0.00171508 45 146 229
-8.0787 357.971 0.000825894 45 146 229
-8.09475 357.977 -0.010375 45 146 229
-8.12236 358.001 -0.038532 45 146 229
-8.06805 357.969 0.00368067 45 146 229
-8.07707 357.969 0.00432125 45 146 229
-8.0751 357.968 0.006119 45 146 229
-8.05868 357.965 0.0117299 45 146 229
-8.07637 357.978 -0.0153346 45 146 229
-8.0629 357.968 0.00502136 45 146 229
-8.07855 357.996 -0.0425475 45 146 229
-8.07019 357.983 -0.0244967 45 146 229
-8.08763 357.984 -0.0214502 45 146 229
-8.1054 357.996 -0.0332961 45 146 229
-8.08176 357.979 -0.0140288 45 146 229
-8.05566 357.955 0.035994 45 146 229
-8.04881 357.969 0.00213653 45 146 229
-8.04513 357.978 -0.0142692 45 146 229
-8.09361 357.988 -0.0243862 45 146 229
-8.04709 357.972 0.0150023 45 146 229
-8.11977 358.0 -0.0364838 45 146 229
-8.08391 358.0 -0.031925 45 146 229
-8.0705 357.967 0.00669068 45 146 229
-8.07885 357.975 -0.00586669 45 146 229
-8.07101 357.971 -0.000435158 45 146 229
-8.08885 357.993 0.0217604 45 146 229
-8.07117 357.981 -0.0206945 45 146 229
-8.06527 357.967 0.00717103 45 146 229
-8.04872 357.958 0.029996 45 146 229
-8.06753 357.985 -0.0120432 45 146 229
-8.07421 357.967 0.00700646 45 146 229
-8.07005 357.979 -0.0181885 45 146 229
-8.09754 357.994 -0.0332091 45 146 229
-8.08299 357.999 -0.046169 45 146 229
-8.08759 357.98 -0.0138364 45 146 229
-8.11264 358.003 -0.0411869 45 146 229
-8.10035 357.993 -0.03177 45 146 229
-8.09884 358.009 -0.04103 45 146 229
-8.06908 357.993 -0.0250578 45 146 229
-8.08119 358.003 -0.0376386 45 146 229
-8.05291 357.958 0.0310338 45 146 229
-8.06444 357.958 0.0249051 45 146 229
-8.05749 357.965 0.0115936 45 146 229
-8.09925 358.003 -0.0459766 45 146 229
-8.0738 357.97 0.00321846 45 146 229
-8.04542 357.974 -0.00924229 45 146 229
-8.08059 357.997 -0.0274088 45 146 229
-8.07894 357.974 -0.00494968 45 146 229
-8.09939 358.0 0.00529075 45 146 229
-8.10349 357.993 -0.0296063 45 146 229
-8.06203 357.968 0.00303923 45 146 229
-8.04621 357.964 0.0154909 45 146 229
-8.07393 357.963 0.0126863 45 146 229
-8.09406 358.003 -0.0332647 45 146 229
-8.10195 358.002 -0.0430165 45 146 229
-8.04856 357.952 0.0489211 45 146 229
-8.04865 357.962 0.0191964 45 146 229
-8.09146 357.996 0.0232959 45 146 229
-8.04613 357.961 0.0237206 45 146 229
-8.07849 357.969 0.00518036 45 146 229
-8.06755 357.999 -0.0424068 45 146 229
-8.08213 357.999 -0.0309672 45 146 229
-8.08226 357.993 -0.0209349 45 146 229
-8.09416 357.982 -0.0150788 45 146 229
-8.09499 357.997 0.0114783 45 146 229
-8.07394 357.963 0.0136507 45 146 229
-8.04627 357.954 0.0413188 45 146 229
-8.04886 357.985 -0.0236702 45 146 229
-8.05263 357.976 0.00396168 45 146 229
-8.07642 357.969 0.0049587 45 146 229
-8.04628 357.961 0.0246905 45 146 229
-8.10255 357.999 -0.0390552 45 146 229
-8.07642 357.981 -0.0204697 45 146 229
-8.10719 357.994 -0.0310647 45 146 229
-8.06264 357.994 -0.034722 45 146 229
-8.04172 357.957 0.0368793 45 146 229
-8.06318 357.959 0.0236839 45 146 229
-8.07786 357.99 -0.0174884 45 146 229
-8.07477 357.997 -0.0298445 45 146 229
-8.07907 357.992 -0.0376215 45 146 229
-8.05129 357.961 0.0218615 45 146 229
-8.06294 357.96 0.0230956 45 146 229
-8.07234 357.989 -0.0337909 45 146 229
-8.10093 357.994 -0.0322976 45 146 229
-8.04613 357.978 -0.00242043 45 146 229
-8.07616 357.997 -0.0451866 45 146 229
-8.10459 357.996 -0.0355239 45 146 229
-8.07267 357.984 -0.0255766 45 146 229
-8.09555 358.01 -0.0437143 45 146 229
-8.06922 357.971 0.05143 45 146 229
-8.06501 357.977 -0.0159852 45 146 229
-8.05816 357.988 -0.0175635 45 146 229
-8.08113 357.981 -0.0183115 45 146 229
-8.07218 357.966 0.00920078 45 146 229
-8.03404 357.969 0.0221068 45 146 229
-8.0854 358.002 -0.0495494 45 146 229
-8.09252 358.007 -0.0398025 45 146 229
-8.04593 357.959 0.0310621 45 146 229
-8.06442 357.969 0.0028627 45 146 229
-8.07729 357.96 0.0184732 45 146 229
-8.1036 358.004 -0.0456264 45 146 229
-8.08385 357.977 -0.00876285 45 146 229
-8.05385 357.966 0.00803793 45 146 229
-8.06347 357.986 -0.0141641 45 146 229
-8.06794 357.958 0.023728 45 146 229
-8.06981 357.967 0.00836272 45 146 229
-8.09134 357.987 -0.0241534 45 146 229
-8.05433 357.96 0.0249109 45 146 229
-8.075 357.974 -0.00551572 45 146 229
-8.08113 357.994 -0.0225246 45 146 229
-8.04403 357.973 0.00441937 45 146 229
-8.09265 357.999 -0.0284809 45 146 229
-8.03474 357.967 0.0119816 45 146 229
-8.07206 358.003 -0.0537895 45 146 229
-8.05544 357.969 -5.74116e-06 45 146 229
-8.03927 357.957 0.0340792 45 146 229
-8.04813 357.975 0.00704986 45 146 229
-8.05037 357.97 0.000144137 45 146 229
-8.06219 357.987 -0.0160431 45 146 229
-8.07075 357.971 0.0475606 45 146 229
-8.09359 357.977 -0.0102328 45 146 229
-8.08425 357.992 -0.0193792 45 146 229
-8.06283 357.958 0.0258106 45 146 229
-8.10268 358.008 -0.0384489 45 146 229
-8.052 357.967 0.00621832 45 146 229
-8.09405 358.001 -0.0454996 45 146 229
-8.08081 357.985 0.0183738 45 146 229
-8.05674 357.952 0.0412691 45 146 229
-8.06569 357.959 0.0219913 45 146 229
-8.06765 357.983 -0.00632544 45 146 229
-8.07911 357.989 -0.0155787 45 146 229
-8.09005 358.004 -0.0502561 45 146 229
-8.04421 357.964 0.0145566 45 146 229
-8.11099 357.997 -0.0344702 45 146 229
-8.08908 358.0 -0.0299999 45 146 229
-8.07887 357.973 -0.00209 45 146 229
-8.06144 357.968 0.00542315 45 146 229
-8.0559 357.974 -0.0107527 45 146 229
-8.07812 357.973 -0.00315302 45 146 229
-8.09396 357.998 -0.0408018 45 146 229
-8.04205 357.965 0.0126774 45 146 229
-8.05587 357.953 0.0398392 45 146 229
-8.06105 357.964 0.0137139 45 146 229
-8.07901 358.003 -0.05225 45 146 229
-8.06715 357.977 -0.0145182 45 146 229
-8.05003 357.985 -0.0253881 45 146 229
-8.05697 357.963 0.0172822 45 146 229
-8.08201 357.982 -0.0201351 45 146 229
-8.05922 357.954 0.0351206 45 146 229
-8.03496 357.963 0.0378745 45 146 229
-8.08112 357.978 -0.0128976 45 146 229
-8.04349 357.961 0.0237961 45 146 229
-8.11435 357.998 -0.0348881 45 146 229
-8.08274 357.98 -0.0149726 45 146 229
-8.10071 357.998 -0.0393667 45 146 229
-8.0537 357.975 -0.0114562 45 146 229
-8.08826 357.988 -0.0286016 45 146 229
-8.05411 357.961 0.0205481 45 146 229
-8.07474 357.977 -0.011862 45 146 229
-8.04716 357.959 0.0278978 45 146 229
-8.07971 357.978 -0.0131167 45 146 229
-8.09858 357.993 -0.0322307 45 146 229
-8.03041 357.966 0.0319658 45 146 229
-8.04971 357.956 0.0366733 45 146 229
-8.09128 357.978 -0.00969463 45 146 229
-8.07709 357.99 -0.0176528 45 146 229
-8.06943 357.983 -0.0242506 45 146 229
-8.07949 357.977 -0.0101702 45 146 229
-8.05276 357.975 -0.0122486 45 146 229
-8.066 357.963 0.0152708 45 146 229
-8.02552 357.967 0.0170267 45 146 229
-8.04425 357.972 0.00161952 45 146 229
-8.08995 357.995 -0.0383312 45 146 229
-8.08271 358.009 -0.0472594 45 146 229
-8.05165 357.964 0.0141231 45 146 229
-8.05421 357.976 0.00631829 45 146 229
-8.07355 357.972 -0.00182164 45 146 229
-8.11436 357.995 -0.032071 45 146 229
-8.11021 357.989 -0.0263491 45 146 229
-8.07103 357.969 0.0034365 45 146 229
-8.05233 357.964 0.0125112 45 146 229
-8.07066 357.959 0.0201765 45 146 229
-8.07804 357.97 0.00192451 45 146 229
-8.08598 357.993 -0.0360685 45 146 229
-8.05044 357.963 0.0165666 45 146 229
-8.05051 357.968 0.0036205 45 146 229
-8.04687 357.982 -0.0203234 45 146 229
-8.04419 357.974 0.00469099 45 146 229
-8.08816 357.998 -0.0426338 45 146 229
-8.09689 357.996 -0.0377843 45 146 229
-8.03731 357.958 0.0302913 45 146 229
-8.06464 357.983 -0.00864135 45 146 229
-8.08925 357.992 -0.0341911 45 146 229
-8.06775 357.965 0.0118751 45 146 229
-8.04968 357.954 0.0418784 45 146 229
-8.06865 357.979 -0.0181946 45 146 229
-8.06064 357.962 0.0196323 45 146 229
-8.06562 357.993 -0.0249496 45 146 229
-8.05645 357.97 -0.00232049 45 146 229
-8.09243 357.999 -0.0284704 45 146 229
-8.07945 357.977 -0.0111892 45 146 229
-8.0869 357.988 -0.0285263 45 146 229
-8.10213 357.983 -0.0171556 45 146 229
-8.09586 357.985 -0.0191852 45 146 229
-8.03792 357.958 0.0301819 45 146 229
-8.0425 357.978 -0.00743228 45 146 229
-8.0527 357.975 0.00719224 45 146 229
-8.09499 358.007 -0.0387546 45 146 229
-8.05666 357.955 0.0355031 45 146 229
-8.08164 358.0 -0.0481841 45 146 229
-8.04663 357.97 0.000255187 45 146 229
-8.04374 357.959 0.027138 45 146 229
-8.06608 357.999 -0.0397505 45 146 229
-8.09175 358.002 -0.0325777 45 146 229
-8.04605 357.977 2.88685e-05 45 146 229
-8.06377 357.969 0.00260246 45 146 229
-8.07629 357.977 -0.0122073 45 146 229
-8.04855 357.953 0.0487919 45 146 229
-8.1132 358.006 -0.0445797 45 146 229
-8.07042 357.974 -0.00774842 45 146 229
-8.06486 357.959 0.023495 45 146 229
-8.04702 357.963 0.0168748 45 146 229
-8.0701 357.982 -0.0231447 45 146 229
-8.06102 357.956 0.0300232 45 146 229
-8.0573 357.993 -0.0212288 45 146 229
-8.0684 357.987 -0.0335205 45 146 229
-8.05531 357.97 -0.00126035 45 146 229
-8.08765 357.99 0.0125642 45 146 229
-8.06668 357.998 -0.0408455 45 146 229
-8.05982 357.965 0.0129789 45 146 229
-8.09279 357.984 -0.0185198 45 146 229
-8.09229 357.983 -0.0165366 45 146 229
-8.04562 357.969 0.00273868 45 146 229
-8.0578 357.974 0.00972784 45 146 229
-8.09213 357.995 0.0180183 45 146 229
-8.05328 357.973 -0.00699035 45 146 229
-8.07153 357.959 0.0200994 45 146 229
-8.06733 357.97 0.00165139 45 146 229
-8.0434 357.96 0.0256689 45 146 229
-8.11048 357.996 -0.0332863 45 146 229
-8.05925 357.96 0.0229253 45 146 229
-8.0583 357.982 -0.00842219 45 146 229
-8.06457 357.97 0.000127992 45 146 229
-8.09043 357.992 0.0128454 45 146 229
-8.06047 357.979 -0.0184125 45 146 229
-8.1077 357.994 -0.0305559 45 146 229
-8.07167 357.985 -0.0273539 45 146 229
-8.09649 357.993 -0.0323823 45 146 229
-8.09605 357.989 -0.0266164 45 146 229
-8.06995 357.977 -0.0134762 45 146 229
-8.06574 357.961 0.0189149 45 146 229
-8.07736 357.964 0.00973961 45 146 229
-8.04647 357.971 0.00112432 45 146 229
-8.06307 357.967 0.00848848 45 146 229
-8.08076 357.991 -0.0338086 45 146 229
-8.07418 357.975 -0.00833633 45 146 229
-8.04707 357.953 0.0469412 45 146 229
-8.0713 358.0 -0.035433 45 146 229
-8.08145 358.002 -0.0367584 45 146 229
-8.08539 357.979 -0.0126658 45 146 229
-8.07974 358.005 -0.0528054 45 146 229
-8.06098 357.963 0.0160444 45 146 229
-8.08571 357.995 -0.0240114 45 146 229
-8.06907 357.963 0.0143999 45 146 229
-8.07961 357.984 0.0212467 45 146 229
-8.10569 357.985 -0.021758 45 146 229
-8.0906 357.993 0.0149795 45 146 229
-8.05357 357.985 -0.0129974 45 146 229
-8.10955 357.996 -0.0331023 45 146 229
-8.08629 357.987 -0.0267611 45 146 229
-8.07032 357.978 -0.0166493 45 146 229
-8.08074 357.995 -0.0407009 45 146 229
-8.06243 357.961 0.0199319 45 146 229
-8.08053 357.978 -0.011526 45 146 229
-8.06496 357.975 -0.0109591 45 146 229
-8.07084 357.992 -0.0226523 45 146 229
-8.06604 357.971 -0.00223287 45 146 229
-8.07247 357.987 -0.0293948 45 146 229
-8.06233 357.984 -0.0271315 45 146 229
-8.07004 358.003 -0.0535063 45 146 229
-8.04107 357.959 0.0277972 45 146 229
-8.06657 357.969 0.00206714 45 146 229
-8.05871 357.962 0.0177863 45 146 229
-8.04465 357.957 0.0341537 45 146 229
-8.0627 357.995 -0.0346406 45 146 229
-8.05698 357.977 0.00412782 45 146 229
-8.05625 357.954 0.0375372 45 146 229
-8.0735 357.989 -0.0163071 45 146 229
-8.0384 357.96 0.0261602 45 146 229
-8.03343 357.965 0.0326035 45 146 229
-8.04326 357.958 0.0321269 45 146 229
-8.04792 357.972 0.0144113 45 146 229
-8.08215 357.989 -0.0317353 45 146 229
-8.04275 357.977 -0.0067951 45 146 229
-8.06398 357.964 0.014252 45 146 229
-8.07293 357.974 -0.00564211 45 146 229
-8.0507 357.969 0.00216339 45 146 229
-8.04063 357.962 0.0193068 45 146 229
-8.08192 358.004 -0.0397768 45 146 229
-8.08221 358.003 -0.0370824 45 146 229
-8.10635 357.995 -0.0324654 45 146 229
-8.04607 357.973 0.0123816 45 146 229
-8.05205 357.973 -0.00872694 45 146 229
-8.0686 357.974 -0.00916282 45 146 229
-8.05226 357.977 0.00414902 45 146 229
-8.07981 357.982 -0.0200195 45 146 229
-8.10251 357.984 -0.0186017 45 146 229
-8.06007 357.974 0.0126978 45 146 229
-8.07725 357.99 -0.0334438 45 146 229
-8.0532 357.96 0.0241727 45 146 229
-8.07015 357.969 0.00334722 45 146 229
-8.06417 357.969 0.00181609 45 146 229
-8.06984 357.965 0.0117718 45 146 229
-8.04552 357.973 -0.00901345 45 146 229
-8.05878 357.964 0.0137965 45 146 229
-8.09257 357.993 -0.0344446 45 146 229
-8.07517 357.999 -0.0332245 45 146 229
-8.0681 357.97 1.58447e-06 45 146 229
-8.09115 357.992 -0.0335173 45 146 229
-8.05478 357.966 0.00924299 45 146 229
-8.05476 357.984 -0.0106496 45 146 229
-8.05268 357.953 0.0418355 45 146 229
-8.05092 357.977 0.00269683 45 146 229
-8.09154 357.994 -0.0364164 45 146 229
-8.05527 357.953 0.0399369 45 146 229
-8.0599 357.963 0.0168879 45 146 229
-8.05509 357.964 0.0132528 45 146 229
-8.09209 357.986 -0.0203945 45 146 229
-8.04018 357.965 0.0120907 45 146 229
-8.04444 357.972 0.0138348 45 146 229
-8.05248 357.955 0.0380967 45 146 229
-8.06518 357.954 0.030777 45 146 229
-8.0747 357.969 0.00496058 45 146 229
-8.06813 358.0 -0.0461309 45 146 229
-8.06393 357.961 0.0206001 45 146 229
-8.07484 357.963 0.0128033 45 146 229
-8.06712 357.968 0.00470567 45 146 229
-8.12795 357.999 -0.0334765 45 146 229
-8.06375 357.97 -7.66799e-05 45 146 229
-8.06695 357.998 -0.0423318 45 146 229
-8.09888 358.001 0.012963 45 146 229
-8.10393 358.002 -0.0038435 45 146 229
-8.08385 357.964 0.0106259 45 146 229
-8.08122 357.972 -0.00018112 45 146 229
-8.10412 357.995 -0.0329804 45 146 229
-8.06351 357.965 0.0125228 45 146 229
-8.07605 357.983 -0.0230272 45 146 229
-8.05734 357.963 0.0167401 45 146 229
-8.04408 357.962 0.0209033 45 146 229
-8.07885 357.979 -0.0153279 45 146 229
-8.09413 357.994 -0.0352296 45 146 229
-8.06189 357.956 0.0307978 45 146 229
-8.05882 357.989 -0.018795 45 146 229
-8.05753 357.965 0.0121958 45 146 229
-8.04527 357.961 0.0227446 45 146 229
-8.05879 357.994 -0.0278743 45 146 229
-8.08195 357.969 0.00341276 45 146 229
-8.11192 357.987 -0.0218864 45 146 229
-8.0653 357.98 -0.0205892 45 146 229
-8.0681 358.001 -0.0457765 45 146 229
-8.06385 357.977 0.0059185 45 146 229
-8.07034 357.963 0.014413 45 146 229
-8.05188 357.963 0.0165174 45 146 229
-8.10505 357.992 -0.0280727 45 146 229
-8.09677 358.002 -0.0454069 45 146 229
-8.05016 357.959 0.026815 45 146 229
-8.07602 357.971 0.00109422 45 146 229
-8.06112 357.975 -0.0125234 45 146 229
-8.06815 358.005 -0.041261 45 146 229
-8.09296 357.989 -0.0277273 45 146 229
-8.07363 357.963 0.0126873 45 146 229
-8.06849 358.004 -0.041584 45 146 229
-8.08172 357.98 -0.0165517 45 146 229
-8.04211 357.967 0.00758579 45 146 229
-8.09738 357.993 -0.0325055 45 146 229
-8.07154 357.993 -0.040282 45 146 229
-8.06501 357.98 -0.0205024 45 146 229
-8.04348 357.961 0.0217365 45 146 229
-8.08856 357.985 -0.0222997 45 146 229
-8.03772 357.97 0.00955438 45 146 229
-8.06959 357.969 0.00428513 45 146 229
-8.07025 357.982 -0.00520105 45 146 229
-8.07857 357.996 -0.0261912 45 146 229
-8.03887 357.967 0.0272649 45 146 229
-8.05052 357.953 0.0430195 45 146 229
-8.08717 358.004 -0.0375903 45 146 229
-8.06515 357.967 0.00825273 45 146 229
-8.07071 357.985 -0.0102063 45 146 229
-8.09406 358.0 -0.0437604 45 146 229
-8.11157 358.0 -0.0387398 45 146 229
-8.04855 357.961 0.0231553 45 146 229
-8.04837 357.956 0.0368754 45 146 229
-8.08726 357.994 -0.0223764 45 146 229
-8.04808 357.984 -0.0118974 45 146 229
-8.06784 357.98 -0.0195361 45 146 229
-8.05767 357.99 -0.0303649 45 146 229
-8.03069 357.962 0.0228655 45 146 229
-8.07932 357.984 0.0186563 45 146 229
-8.04007 357.958 0.0333305 45 146 229
-8.07189 358.006 -0.0432653 45 146 229
-8.07141 357.98 -0.0194074 45 146 229
-8.0624 357.982 -0.023148 45 146 229
-8.08685 357.98 -0.0134475 45 146 229
-8.06844 357.98 0.000544602 45 146 229
-8.05547 357.963 0.0166103 45 146 229
-8.05195 357.981 -0.00566151 45 146 229
-8.10274 357.994 -0.0321252 45 146 229
-8.09387 357.981 -0.0143214 45 146 229
-8.08046 357.979 -0.0150476 45 146 229
-8.10687 357.991 -0.0271312 45 146 229
-8.05728 357.977 0.00369475 45 146 229
-8.07716 357.987 -0.0137413 45 146 229
-8.04607 357.953 0.0447505 45 146 229
-8.05554 357.991 -0.0242829 45 146 229
-8.07804 358.003 -0.0521819 45 146 229
-8.09506 357.985 -0.0199394 45 146 229
-8.05877 357.992 -0.0291165 45 146 229
-8.04638 357.959 0.0275762 45 146 229
-8.05896 357.972 -0.00588022 45 146 229
-8.09925 357.992 -0.0299759 45 146 229
-8.10983 357.997 -0.0339435 45 146 229
-8.05641 357.98 -0.0208706 45 146 229
-8.05059 357.956 0.0349898 45 146 229
-8.08441 358.001 -0.0489998 45 146 229
-8.09413 357.989 -0.0256311 45 146 229
-8.08184 357.997 -0.0278986 45 146 229
-8.05651 357.96 0.024363 45 146 229
-8.09645 357.994 -0.0343365 45 146 229
-8.11042 357.989 -0.0270272 45 146 229
-8.04608 357.968 0.00390714 45 146 229
-8.11379 358.007 -0.0455884 45 146 229
-8.05065 357.973 -0.00767739 45 146 229
-8.05501 357.953 0.0409933 45 146 229
-8.03621 357.959 0.029058 45 146 229
-8.11249 358.003 -0.0417248 45 146 229
-8.11557 358.0 -0.0369466 45 146 229
-8.03734 357.97 0.0205229 45 146 229
-8.04992 357.981 -0.00572996 45 146 229
-8.08658 357.971 -0.000454543 45 146 229
-8.0783 357.971 0.00155746 45 146 229
-8.09747 357.993 -0.0321584 45 146 229
-8.04496 357.959 0.0307248 45 146 229
-8.10353 357.996 -0.0347654 45 146 229
-8.06689 357.963 0.0151765 45 146 229
-8.04607 357.959 0.0286512 45 146 229
-8.05962 357.997 -0.0370954 45 146 229
-8.05844 357.988 -0.0177849 45 146 229
-8.07895 357.968 0.00523724 45 146 229
-8.06957 357.974 -0.00908378 45 146 229
-8.07291 357.968 0.00551122 45 146 229
-8.05103 357.971 -0.00168537 45 146 229
-8.10221 358.008 -0.0387122 45 146 229
-8.08605 357.987 -0.0263293 45 146 229
-8.0844 357.98 -0.0140744 45 146 229
-8.06287 357.99 -0.0207526 45 146 229
-8.0471 357.955 0.0405545 45 146 229
-8.06917 357.958 0.0219759 45 146 229
-8.10899 357.994 -0.0308873 45 146 229
-8.08137 357.979 -0.0144488 45 146 229
-8.06111 357.992 -0.031929 45 146 229
-8.09779 357.995 -0.0353275 45 146 229
-8.09296 357.988 -0.0257138 45 146 229
-8.04019 357.966 0.0291002 45 146 229
-8.09884 357.988 -0.0234393 45 146 229
-8.04433 357.964 0.0156333 45 146 229
-8.07489 358.003 -0.0391288 45 146 229
-8.09591 357.999 -0.0409002 45 146 229
-8.08801 357.988 -0.0280522 45 146 229
-8.05741 357.956 0.0334275 45 146 229
-8.06744 358.002 -0.0427167 45 146 229
-8.08296 357.978 -0.0120763 45 146 229
-8.06522 357.979 0.00104639 45 146 229
-8.06395 357.973 -0.00739258 45 146 229
-8.06207 357.963 0.0176077 45 146 229
-8.1061 357.995 -0.0316779 45 146 229
-8.07173 357.987 -0.0307201 45 146 229
-8.04604 357.969 0.00290204 45 146 229
-8.06725 357.972 -0.00442901 45 146 229
-8.07763 357.999 -0.0481555 45 146 229
-8.08036 357.971 0.000958342 45 146 229
-8.0939 358.008 -0.0415388 45 146 229
-8.05567 357.968 0.00256388 45 146 229
-8.0983 357.997 -0.0382302 45 146 229
-8.09207 357.99 -0.0292738 45 146 229
-8.05256 357.974 0.00992867 45 146 229
-8.07538 357.974 -0.00447765 45 146 229
-8.07566 357.977 -0.0116949 45 146 229
-8.07951 357.963 0.0108584 45 146 229
-8.02876 357.962 0.0251802 45 146 229
-8.07479 357.966 0.00809102 45 146 229
-8.09154 357.986 -0.023227 45 146 229
-8.07478 357.992 -0.0374793 45 146 229
-8.07387 357.974 -0.00627774 45 146 229
-8.06693 357.988 -0.0164085 45 146 229
-8.06967 357.962 0.0163528 45 146 229
-8.09085 358.001 -0.0318485 45 146 229
-8.09052 357.997 -0.0403323 45 146 229
-8.09247 357.996 -0.0380587 45 146 229
-8.0916 357.994 0.0142167 45 146 229
-8.0968 357.987 -0.0224793 45 146 229
-8.06371 357.969 0.00143193 45 146 229
-8.06969 357.999 -0.0335521 45 146 229
-8.06766 357.97 0.0524531 45 146 229
-8.06906 357.97 0.000804674 45 146 229
-8.03751 357.969 0.00963957 45 146 229
-8.06416 357.966 0.0105447 45 146 229
-8.08321 357.96 0.0126943 45 146 229
-8.05584 357.977 -0.0151295 45 146 229
-8.06443 357.965 0.0514724 45 146 229
-8.1182 357.993 -0.0289297 45 146 229
-8.0655 357.959 0.0234456 45 146 229
-8.08782 357.989 -0.030013 45 146 229
-8.055 357.974 -0.0106801 45 146 229
-8.10263 357.985 -0.0216871 45 146 229
-8.07595 357.974 -0.00473588 45 146 229
-8.05233 357.979 -0.018749 45 146 229
-8.07415 357.987 -0.0303366 45 146 229
-8.09267 358.001 -0.0449704 45 146 229
-8.08204 357.974 -0.00404697 45 146 229
-8.07519 357.966 0.00881065 45 146 229
-8.05552 357.983 -0.00931638 45 146 229
-8.03737 357.968 0.0251653 45 146 229
-8.03001 357.964 0.0371933 45 146 229
-8.05735 357.953 0.0397701 45 146 229
-8.08437 358.002 -0.0499317 45 146 229
-8.09209 357.99 -0.0298459 45 146 229
-8.04241 357.964 0.0165811 45 146 229
-8.04926 357.979 -0.00161833 45 146 229
-8.09369 357.983 -0.016864 45 146 229
-8.07896 357.994 -0.0229867 45 146 229
-8.03452 357.958 0.0312843 45 146 229
-8.08976 357.989 -0.0289337 45 146 229
-8.10722 357.993 -0.0289368 45 146 229
-8.04532 357.975 -0.00264866 45 146 229
-8.05899 357.953 0.0375925 45 146 229
-8.07647 357.987 -0.0286466 45 146 229
-8.10634 357.991 -0.0271661 45 146 229
-8.07766 357.982 -0.0206669 45 146 229
-8.09347 358.003 -0.0482696 45 146 229
-8.08516 357.983 -0.0190592 45 146 229
-8.08058 358.005 -0.0402659 45 146 229
-8.08074 357.977 -0.00964486 45 146 229
-8.09178 358.008 -0.0418643 45 146 229
-8.06707 357.996 -0.0440441 45 146 229
-8.07768 357.978 -0.0126604 45 146 229
-8.12276 358.005 -0.0405674 45 146 229
-8.08061 358.009 -0.0464288 45 146 229
-8.06741 357.998 -0.0431975 45 146 229
-8.0583 357.964 0.0138705 45 146 229
-8.09314 357.991 -0.0307601 45 146 229
-8.11397 358.0 -0.0372903 45 146 229
-8.08571 357.99 -0.0319354 45 146 229
-8.0991 357.975 -0.00723412 45 146 229
-8.06834 358.001 -0.0367576 45 146 229
-8.07925 357.995 -0.0419682 45 146 229
-8.07476 357.962 0.0143816 45 146 229
-8.04604 357.969 0.0229136 45 146 229
-8.06051 357.978 0.00151742 45 146 229
-8.04497 357.958 0.0321578 45 146 229
-8.04735 357.989 -0.0211731 45 146 229
-8.03891 357.961 0.0222593 45 146 229
-8.10561 357.995 -0.0326775 45 146 229
-8.09318 357.989 -0.0282371 45 146 229
-8.04661 357.957 0.0329034 45 146 229
-8.07797 357.975 -0.0068154 45 146 229
-8.04461 357.972 0.00142346 45 146 229
-8.08913 357.981 -0.0147602 45 146 229
-8.08568 357.994 -0.0222945 45 146 229
-8.06112 357.983 -0.0245254 45 146 229
-8.06547 357.971 -0.00294552 45 146 229
-8.05016 357.964 0.0129104 45 146 229
-8.07304 358.004 -0.0399042 45 146 229
-8.07314 357.973 -0.00312907 45 146 229
-8.07673 357.991 -0.0363824 45 146 229
-8.09648 357.983 -0.0171354 45 146 229
-8.09277 358.002 -0.0324617 45 146 229
-8.07263 357.971 0.00109098 45 146 229
-8.0729 357.977 -0.0126224 45 146 229
-8.04251 357.971 0.00342926 45 146 229
-8.11987 357.999 -0.0358476 45 146 229
-8.08835 357.995 -0.0381699 45 146 229
-8.0705 357.958 0.0215118 45 146 229
-8.03385 357.963 0.0184536 45 146 229
-8.07612 358.001 -0.0505037 45 146 229
-8.08784 357.983 -0.0186564 45 146 229
-8.07107 357.986 -0.0280994 45 146 229
-8.04385 357.971 0.017192 45 146 229
-8.07299 357.982 -0.0214926 45 146 229
-8.08628 357.982 -0.017524 45 146 229
-8.04824 357.972 0.0149743 45 146 229
-8.10935 358.004 -0.0442365 45 146 229
-8.07082 357.96 0.0185739 45 146 229
-8.07299 357.983 -0.023819 45 146 229
-8.1071 357.998 -0.0369838 45 146 229
-8.04485 357.976 -0.00183849 45 146 229
-8.03398 357.97 0.0217032 45 146 229
-8.10314 357.993 -0.029855 45 146 229
-8.08292 358.0 -0.0470131 45 146 229
-8.09168 357.994 0.012998 45 146 229
-8.09444 358.003 -0.0473563 45 146 229
-8.08297 357.98 -0.0147174 45 146 229
-8.0399 357.959 0.0274473 45 146 229
-8.06708 357.995 -0.0273776 45 146 229
-8.11276 357.991 -0.0290019 45 146 229
-8.1095 357.996 -0.0343282 45 146 229
-8.03447 357.959 0.0287212 45 146 229
-8.07792 357.981 -0.0191081 45 146 229
-8.05184 357.962 0.0194508 45 146 229
-8.03129 357.965 0.0338725 45 146 229
-8.03485 357.965 0.0331319 45 146 229
-8.0664 357.997 -0.0419375 45 146 229
-8.06534 357.966 0.00895773 45 146 229
-8.08616 358.002 -0.03425 45 146 229
-8.08344 357.997 -0.0424023 45 146 229
-8.07679 358.005 -0.0407839 45 146 229
-8.0612 357.988 -0.0180475 45 146 229
-8.04698 357.964 0.0133651 45 146 229
-8.05143 357.973 0.0137746 45 146 229
-8.07788 357.978 -0.0142877 45 146 229
-8.11157 358.0 -0.0388604 45 146 229
-8.07595 357.959 0.0186229 45 146 229
-8.05086 357.987 -0.0243495 45 146 229
-8.04362 357.963 0.0176031 45 146 229
-8.12095 357.994 -0.028428 45 146 229
-8.04904 357.97 -0.000718732 45 146 229
-8.06247 357.968 0.00556937 45 146 229
-8.09767 357.991 -0.0296437 45 146 229
-8.05923 357.962 0.0180877 45 146 229
-8.07308 357.969 0.00487819 45 146 229
-8.07825 357.964 0.0101163 45 146 229
-8.07307 357.958 0.0201943 45 146 229
-8.03237 357.965 0.015271 45 146 229
-8.05856 357.994 -0.0230053 45 146 229
-8.05324 357.98 -0.020842 45 146 229
-8.05537 357.965 0.010878 45 146 229
-8.07315 357.966 0.00863245 45 146 229
-8.06827 357.977 -0.0146052 45 146 229
-8.0552 357.975 -0.0126407 45 146 229
-8.10095 357.99 -0.0260918 45 146 229
-8.08985 357.987 -0.0254762 45 146 229
-8.09186 357.992 -0.0333125 45 146 229
-8.07509 357.971 0.0016622 45 146 229
-8.08697 358.0 -0.0464244 45 146 229
-8.04719 357.983 -0.0100865 45 146 229
-8.05624 357.956 0.0326912 45 146 229
-8.08821 357.999 -0.0287335 45 146 229
-8.05916 357.959 0.0247501 45 146 229
-8.07383 357.97 0.00302233 45 146 229
-8.09335 358.002 -0.045707 45 146 229
-8.12125 358.005 -0.0409329 45 146 229
-8.06927 357.974 -0.00751492 45 146 229
-8.0303 357.959 0.0299416 45 146 229
-8.03742 357.97 0.021004 45 146 229
-8.04873 357.958 0.0308804 45 146 229
-8.04843 357.982 -0.0259808 45 146 229
-8.09376 357.997 0.0158133 45 146 229
-8.08969 358.004 -0.0362958 45 146 229
-8.0666 357.967 0.00933839 45 146 229
-8.08873 357.99 -0.0315655 45 146 229
-8.07715 357.993 -0.0384757 45 146 229
-8.06878 357.964 0.0141224 45 146 229
-8.08641 357.982 -0.0175972 45 146 229
-8.08395 357.977 -0.00892577 45 146 229
-8.05551 357.969 0.00141569 45 146 229
-8.06728 357.986 -0.029759 45 146 229
-8.09594 357.981 -0.0144501 45 146 229
-8.03673 357.962 0.019419 45 146 229
-8.09999 357.991 -0.0271414 45 146 229
-8.07108 357.994 -0.0254684 45 146 229
-8.08489 357.984 -0.0222521 45 146 229
-8.06517 357.965 0.0118656 45 146 229
-8.09375 357.995 0.0104875 45 146 229
-8.09227 358.009 -0.0440451 45 146 229
-8.05175 357.953 0.0414479 45 146 229
-8.11203 358.004 -0.0420807 45 146 229
-8.08735 358.009 -0.0541549 45 146 229
-8.1191 357.999 -0.0355086 45 146 229
-8.06105 357.968 0.00318469 45 146 229
-8.04455 357.971 0.0185588 45 146 229
-8.08066 357.973 -0.0022563 45 146 229
-8.07844 357.981 -0.0185597 45 146 229
-8.10935 357.991 -0.0272673 45 146 229
-8.10786 358.003 -0.044216 45 146 229
-8.08144 357.979 -0.014115 45 146 229
-8.07262 357.99 -0.0344482 45 146 229
-8.06129 357.962 0.0186371 45 146 229
-8.09233 357.999 -0.0419626 45 146 229
-8.05081 357.983 -0.00863764 45 146 229
-8.07237 357.973 -0.00402632 45 146 229
-8.0725 357.975 -0.0079872 45 146 229
-8.06554 357.971 -0.00273108 45 146 229
-8.08644 358.009 -0.0450421 45 146 229
-8.08934 358.007 -0.0410223 45 146 229
-8.08256 357.998 -0.0282298 45 146 229
-8.10169 357.985 -0.0209832 45 146 229
-8.07926 357.993 -0.0218091 45 146 229
-8.04658 357.97 -0.00785376 45 146 229
-8.06304 357.964 0.0152288 45 146 229
-8.06696 357.965 0.0117352 45 146 229
-8.10637 357.993 -0.03025 45 146 229
-8.09073 357.988 -0.0264369 45 146 229
-8.07813 358.005 -0.0419001 45 146 229
-8.08058 357.99 -0.0328082 45 146 229
-8.06728 358.0 -0.0405521 45 146 229
-8.0812 357.978 -0.0119847 45 146 229
-8.04925 357.969 0.00161592 45 146 229
-8.07096 357.968 0.00605159 45 146 229
-8.04588 357.977 -0.0136102 45 146 229
-8.0511 357.955 0.0384173 45 146 229
-8.02631 357.959 0.0359373 45 146 229
-8.10631 357.997 -0.0349138 45 146 229
-8.03451 357.968 0.0263303 45 146 229
-8.05234 357.972 -0.00490978 45 146 229
-8.07827 358.005 -0.0414021 45 146 229
-8.02517 357.966 0.0327686 45 146 229
-8.05121 357.966 0.0084152 45 146 229
-8.07558 357.969 0.00485833 45 146 229
-8.07477 357.977 -0.0112989 45 146 229
-8.11685 357.997 -0.0331137 45 146 229
-8.08664 358.004 -0.036899 45 146 229
-8.10081 358.005 -0.0340376 45 146 229
-8.05783 357.974 -0.0112435 45 146 229
-8.0876 357.988 -0.0275018 45 146 229
-8.07409 357.99 -0.0354868 45 146 229
-8.08881 357.992 0.0172744 45 146 229
-8.10197 357.995 -0.0332689 45 146 229
-8.03471 357.97 0.0195643 45 146 229
-8.06592 357.953 0.0367895 45 146 229
-8.11763 357.996 -0.0327199 45 146 229
-8.0555 357.981 -0.00506668 45 146 229
-8.07619 357.976 -0.0104955 45 146 229
-8.0827 357.979 -0.013793 45 146 229
-8.06028 357.96 0.0233017 45 146 229
-8.05597 357.956 0.0327384 45 146 229
-8.03138 357.96 0.0271404 45 146 229
-8.03113 357.963 0.0212247 45 146 229
-8.11167 357.999 -0.0369309 45 146 229
-8.07572 357.98 -0.0179011 45 146 229
-8.06113 357.957 0.0280916 45 146 229
-8.0499 357.963 0.016759 45 146 229
-8.10323 358.004 0.00450191 45 146 229
-8.0809 357.995 -0.04135 45 146 229
-8.04875 357.986 -0.0245424 45 146 229
-8.09124 357.973 -0.00425419 45 146 229
-8.06863 357.991 -0.0211244 45 146 229
-8.08022 357.994 -0.0247814 45 146 229
-8.09577 357.98 -0.0139028 45 146 229
-8.07844 357.992 -0.0214192 45 146 229
-8.05806 357.978 -0.0163994 45 146 229
-8.05972 357.957 0.0302807 45 146 229
-8.08686 358.001 -0.0332493 45 146 229
-8.05845 357.953 0.0389455 45 146 229
-8.09842 358.003 -0.0456626 45 146 229
-8.07002 357.971 -0.00104341 45 146 229
-8.06583 357.983 -0.0253695 45 146 229
-8.09403 357.985 -0.0198723 45 146 229
-8.03492 357.963 0.0191373 45 146 229
-8.09033 358.005 -0.0384959 45 146 229
-8.06089 357.955 0.0322873 45 146 229
-8.04932 357.972 -0.00420334 45 146 229
-8.0914 357.993 0.0136329 45 146 229
-8.0746 357.997 -0.044777 45 146 229
-8.04099 357.969 0.00724777 45 146 229
-8.08255 357.974 -0.0032092 45 146 229
-8.05589 357.975 -0.0129047 45 146 229
-8.06258 357.97 -0.0018459 45 146 229
-8.04173 357.959 0.028189 45 146 229
-8.07748 357.994 -0.0398759 45 146 229
-8.05593 357.953 0.039122 45 146 229
-8.06737 357.963 0.0147669 45 146 229
-8.06282 357.978 0.00139491 45 146 229
-8.08018 357.979 -0.014147 45 146 229
-8.08951 357.994 0.0226315 45 146 229
-8.05973 357.974 0.0131759 45 146 229
-8.0649 357.96 0.0213316 45 146 229
-8.06638 358.001 -0.0411626 45 146 229
-8.04083 357.965 0.0334527 45 146 229
-8.06008 357.973 -0.00834293 45 146 229
-8.0606 357.972 -0.00462495 45 146 229
-8.07013 357.986 -0.0120209 45 146 229
-8.08223 357.991 -0.018186 45 146 229
-8.08712 358.005 -0.0390899 45 146 229
-8.05582 357.969 0.00217953 45 146 229
-8.05793 357.987 -0.0169803 45 146 229
-8.06748 358.002 -0.042773 45 146 229
-8.05681 357.959 0.0266876 45 146 229
-8.0752 357.979 -0.0158263 45 146 229
-8.03807 357.958 0.0317495 45 146 229
-8.08383 357.999 -0.0293785 45 146 229
-8.10601 357.994 -0.0312927 45 146 229
-8.08398 357.979 -0.0125921 45 146 229
-8.09563 357.994 -0.0344411 45 146 229
-8.08601 357.989 0.0161291 45 146 229
-8.07872 357.984 -0.0239263 45 146 229
-8.05062 357.961 0.0206647 45 146 229
-8.05614 357.97 -0.000616636 45 146 229
-8.09119 357.998 -0.041031 45 146 229
-8.05739 357.979 0.000177346 45 146 229
-8.05584 357.961 0.0213211 45 146 229
-8.09651 357.988 -0.0239614 45 146 229
-8.09746 357.981 -0.0149814 45 146 229
-8.06743 357.958 0.023341 45 146 229
-8.06903 357.989 -0.0340446 45 146 229
-8.04906 357.973 -0.00757233 45 146 229
-8.07786 358.001 -0.0347618 45 146 229
-8.09047 357.989 -0.028524 45 146 229
-8.04445 357.966 0.00497117 45 146 229
-8.07917 357.972 -0.000484087 45 146 229
-8.04069 357.96 0.0250108 45 146 229
-8.06377 357.966 0.00931636 45 146 229
-8.06528 357.984 -0.0271139 45 146 229
-8.06049 357.98 -0.00140836 45 146 229
-8.10317 357.992 -0.0284317 45 146 229
-8.0936 358.008 -0.0419867 45 146 229
-8.11014 358.001 -0.0398824 45 146 229
-8.10435 358.004 -0.000125449 45 146 229
-8.08666 357.997 -0.0422646 45 146 229
-8.0868 357.988 -0.0282138 45 146 229
-8.07888 357.984 -0.0245486 45 146 229
-8.06207 357.976 -0.01353 45 146 229
-8.06695 357.96 0.0207589 45 146 229
-8.07433 358.008 -0.0472856 45 146 229
-8.05555 357.959 0.0272314 45 146 229
-8.06525 357.961 0.0191982 45 146 229
-8.10777 358.002 -0.0430329 45 146 229
-8.06417 357.959 0.0238973 45 146 229
-8.11073 357.997 -0.0344696 45 146 229
-8.06948 357.959 0.0208125 45 146 229
-8.03244 357.963 0.0384914 45 146 229
-8.07715 357.991 -0.0361506 45 146 229
-8.08074 357.976 -0.00749705 45 146 229
-8.09426 357.984 -0.0183056 45 146 229
-8.07251 357.968 0.00576148 45 146 229
-8.07183 357.973 -0.00406239 45 146 229
-8.10389 358.003 -0.00183531 45 146 229
-8.08327 357.998 -0.0286432 45 146 229
-8.06598 357.986 -0.0299669 45 146 229
-8.07965 357.987 -0.0294251 45 146 229
-8.02534 357.964 0.036081 45 146 229
-8.03931 357.971 0.00496585 45 146 229
-8.05878 357.974 -0.0102233 45 146 229
-8.08703 358.004 -0.0373195 45 146 229
-8.07839 357.994 -0.0399729 45 146 229
-8.05735 357.956 0.0325349 45 146 229
-8.06904 358.003 -0.0476825 45 146 229
-8.0877 357.995 -0.0379626 45 146 229
-8.09726 357.992 -0.0297641 45 146 229
-8.06619 357.986 -0.0138282 45 146 229
-8.06685 357.98 -0.0205311 45 146 229
-8.04209 357.96 0.0275832 45 146 229
-8.05725 357.989 -0.0205763 45 146 229
-8.05025 357.986 -0.0256863 45 146 229
-8.06994 357.981 -0.0216477 45 146 229
-8.11079 357.996 -0.0339397 45 146 229
-8.05443 357.955 0.0357229 45 146 229
-8.10227 357.992 -0.0288326 45 146 229
-8.09176 357.999 -0.0423144 45 146 229
-8.11117 357.996 -0.0332626 45 146 229
-8.05662 357.973 -0.00689385 45 146 229
-8.08254 357.979 -0.0142856 45 146 229
-8.08918 357.993 0.0224765 45 146 229
-8.07831 357.974 -0.00564622 45 146 229
-8.09147 357.986 -0.0231999 45 146 229
-8.09777 357.999 -0.0407847 45 146 229
-8.1001 358.005 -0.0482335 45 146 229
-8.05705 357.967 0.0071486 45 146 229
-8.07872 357.987 -0.0290884 45 146 229
-8.04083 357.959 0.0272025 45 146 229
-8.07728 357.997 -0.0290439 45 146 229
-8.06042 357.963 0.0160305 45 146 229
-8.057 357.954 0.0366705 45 146 229
-8.0825 357.978 -0.0116089 45 146 229
-8.05658 357.954 0.038412 45 146 229
-8.04946 357.973 0.0119656 45 146 229
-8.04802 357.956 0.0354748 45 146 229
-8.10445 357.997 -0.0354195 45 146 229
-8.06834 357.985 -0.0276677 45 146 229
-8.09525 357.999 -0.0417401 45 146 229
-8.0884 358.0 -0.0315471 45 146 229
-8.09384 357.996 0.0151187 45 146 229
-8.11617 357.994 -0.0308092 45 146 229
-8.07803 357.997 -0.0290997 45 146 229
-8.11347 357.997 -0.0335165 45 146 229
-8.06636 357.978 0.0035597 45 146 229
-8.04962 357.981 -0.00619387 45 146 229
-8.05762 357.981 -0.0056249 45 146 229
-8.06656 357.983 -0.0256008 45 146 229
-8.05391 357.973 0.0114712 45 146 229
-8.05346 357.974 0.0112304 45 146 229
-8.09971 358.002 0.00939785 45 146 229
-8.06756 357.994 -0.0269247 45 146 229
-8.08268 357.989 -0.0305851 45 146 229
-8.06737 357.999 -0.0417956 45 146 229
-8.06936 357.97 0.000879933 45 146 229
-8.06466 357.962 0.0179088 45 146 229
-8.0596 357.973 -0.0074912 45 146 229
-8.05026 357.982 -0.00696487 45 146 229
-8.0755 357.999 -0.0329074 45 146 229
-8.07065 357.988 -0.0329831 45 146 229
-8.09587 357.998 -0.0405154 45 146 229
-8.07114 357.984 -0.0254438 45 146 229
-8.06917 357.971 -0.00171145 45 146 229
-8.04978 357.954 0.0416458 45 146 229
-8.10017 357.999 -0.0405914 45 146 229
-8.03507 357.956 0.0388138 45 146 229
-8.02661 357.966 0.0310676 45 146 229
-8.05558 357.959 0.0267362 45 146 229
-8.04874 357.986 -0.0171843 45 146 229
-8.0689 357.963 0.0138785 45 146 229
-8.05803 357.974 0.0113607 45 146 229
-8.04511 357.964 0.0139356 45 146 229
-8.05479 357.964 0.0140065 45 146 229
-8.04619 357.973 -0.00915213 45 146 229
-8.04557 357.955 0.0395333 45 146 229
-8.11219 358.003 -0.0416748 45 146 229
-8.09776 357.999 0.00855743 45 146 229
-8.0834 357.984 -0.0221409 45 146 229
-8.0718 357.966 0.00936654 45 146 229
-8.08866 357.991 0.0130122 45 146 229
-8.09801 358.002 -0.0441537 45 146 229
-8.11613 358.0 -0.037223 45 146 229
-8.05455 357.983 -0.00803002 45 146 229
-8.08661 358.005 -0.0528746 45 146 229
-8.08608 357.969 -0.00155904 45 146 229
-8.08215 358.006 -0.0429087 45 146 229
-8.04331 357.964 0.0137376 45 146 229
-8.06052 357.96 0.0225952 45 146 229
-8.053 357.984 -0.0095745 45 146 229
-8.06993 358.002 -0.0381299 45 146 229
-8.08436 357.986 -0.0254977 45 146 229
-8.11301 357.996 -0.031732 45 146 229
-8.04885 357.972 -0.00427976 45 146 229
-8.04359 357.959 0.0275169 45 146 229
-8.1031 357.993 -0.0296442 45 146 229
-8.05792 357.976 -0.0145488 45 146 229
-8.1219 358.0 -0.0362883 45 146 229
-8.04922 357.964 0.0123743 45 146 229
-8.05808 357.975 0.00810765 45 146 229
-8.07367 357.978 -0.0159308 45 146 229
-8.06346 357.988 -0.0185704 45 146 229
-8.05018 357.963 0.0166102 45 146 229
-8.04571 357.974 -0.0053051 45 146 229
-8.0591 357.987 -0.0167074 45 146 229
-8.05708 357.953 0.040279 45 146 229
-8.04628 357.966 0.0101472 45 146 229
-8.06442 357.984 -0.0263376 45 146 229
-8.0327 357.957 0.0355888 45 146 229
-8.08895 357.996 -0.040042 45 146 229
-8.06517 357.959 0.0226256 45 146 229
-8.06777 357.959 0.0206502 45 146 229
-8.06354 357.987 -0.0164887 45 146 229
-8.03023 357.963 0.0212617 45 146 229
-8.05125 357.959 0.026932 45 146 229
-8.0515 357.969 0.00152941 45 146 229
-8.07884 357.97 0.00199668 45 146 229
-8.07947 357.984 -0.0241199 45 146 229
-8.09356 357.99 -0.0295515 45 146 229
-8.07718 357.977 -0.0107484 45 146 229
-8.08713 358.001 -0.032249 45 146 229
-8.10225 358.004 0.00629252 45 146 229
-8.06055 357.954 0.034047 45 146 229
-8.09965 357.983 -0.0170312 45 146 229
-8.07146 357.963 0.0138562 45 146 229
-8.05154 357.962 0.0172106 45 146 229
-8.04893 357.976 0.00397412 45 146 229
-8.08284 357.999 -0.0310092 45 146 229
-8.10112 358.003 0.00888891 45 146 229
-8.10326 358.0 -0.0404788 45 146 229
-8.06324 357.959 0.0240007 45 146 229
-8.06016 357.97 -0.000319746 45 146 229
-8.0686 357.963 0.0166856 45 146 229
-8.03901 357.958 0.0323755 45 146 229
-8.06926 358.0 -0.0345511 45 146 229
-8.03685 357.966 0.0309151 45 146 229
-8.09329 357.999 -0.0281804 45 146 229
-8.04693 357.957 0.0331057 45 146 229
-8.0953 357.994 -0.0342988 45 146 229
-8.05717 357.977 -0.0163681 45 146 229
-8.07035 358.004 -0.0542887 45 146 229
-8.06035 357.979 -0.000296212 45 146 229
-8.07837 357.998 -0.0306352 45 146 229
-8.0853 357.988 0.0155622 45 146 229
-8.06644 357.998 -0.0394391 45 146 229
-8.09763 358.011 -0.0438722 45 146 229
-8.06903 357.978 -0.0167029 45 146 229
-8.09223 358.005 -0.0366777 45 146 229
-8.09211 357.994 -0.0358384 45 146 229
-8.10264 358.002 0.00193501 45 146 229
-8.0978 357.993 -0.0323868 45 146 229
-8.06409 357.959 0.0238002 45 146 229
-8.08955 358.007 -0.0418478 45 146 229
-8.05647 357.989 -0.0292848 45 146 229
-8.05933 357.979 -0.000571684 45 146 229
-8.08259 357.995 -0.0241737 45 146 229
-8.07739 357.989 -0.0317142 45 146 229
-8.05181 357.981 -0.0270049 45 146 229
-8.08697 357.994 -0.0216658 45 146 229
-8.05339 357.983 -0.0102711 45 146 229
-8.05359 357.954 0.03989 45 146 229
-8.09368 357.998 -0.0404825 45 146 229
-8.07246 357.987 -0.0133342 45 146 229
-8.08729 357.987 -0.0260789 45 146 229
-8.09543 357.982 -0.0162313 45 146 229
-8.03428 357.968 0.0118399 45 146 229
-8.04503 357.975 -0.00968025 45 146 229
-8.02999 357.966 0.0310953 45 146 229
-8.05556 357.973 -0.00756146 45 146 229
-8.06547 357.974 -0.00872165 45 146 229
-8.06335 357.967 0.0074804 45 146 229
-8.08027 357.962 0.0119511 45 146 229
-8.08302 358.001 -0.0328718 45 146 229
-8.08087 357.977 -0.00979828 45 146 229
-8.05909 357.969 0.001212 45 146 229
-8.06384 357.989 -0.0193338 45 146 229
-8.08512 357.984 -0.0208993 45 146 229
-8.07688 358.002 -0.0365319 45 146 229
-8.07547 357.962 0.0141571 45 146 229
-8.08533 357.989 0.0230411 45 146 229
-8.07666 357.997 -0.0291549 45 146 229
-8.05294 357.958 0.0310882 45 146 229
-8.06417 357.971 -0.00288194 45 146 229
-8.09237 357.981 -0.013854 45 146 229
-8.04948 357.959 0.0271501 45 146 229
-8.06566 357.966 0.00996535 45 146 229
-8.0787 357.995 -0.0418021 45 146 229
-8.06358 357.965 0.0131932 45 146 229
-8.09224 357.995 -0.0365197 45 146 229
-8.05538 357.952 0.0418213 45 146 229
-8.07524 357.999 -0.0327536 45 146 229
-8.06806 357.968 0.00455666 45 146 229
-8.08127 357.976 -0.00697385 45 146 229
-8.092 357.997 -0.0398794 45 146 229
-8.11952 358.004 -0.0406725 45 146 229
-8.0702 358.002 -0.0381555 45 146 229
-8.03334 357.965 0.0146981 45 146 229
-8.07379 357.977 -0.0129366 45 146 229
-8.08982 358.003 -0.0352372 45 146 229
-8.09079 357.989 -0.0289454 45 146 229
-8.06728 357.997 -0.0456323 45 146 229
-8.0571 357.986 -0.0152893 45 146 229
-8.08623 357.998 -0.0283399 45 146 229
-8.08366 357.98 -0.0130718 45 146 229
-8.06849 357.965 0.0119611 45 146 229
-8.09973 357.983 -0.0177306 45 146 229
-8.08528 358.005 -0.0397743 45 146 229
-8.05665 357.98 -0.0203261 45 146 229
-8.09899 358.001 0.0138396 45 146 229
-8.06683 357.968 0.00529048 45 146 229
-8.07213 357.981 -0.0214229 45 146 229
-8.07409 357.975 -0.00693783 45 146 229
-8.06262 357.974 -0.00921915 45 146 229
-8.10848 358.0 -0.0393378 45 146 229
-8.06235 357.994 -0.0269683 45 146 229
-8.09325 357.987 -0.0227763 45 146 229
-8.03718 357.957 0.0356269 45 146 229
-8.06499 357.979 0.000931825 45 146 229
-8.04884 357.983 -0.00774854 45 146 229
-8.0493 357.963 0.0165535 45 146 229
-8.04761 357.958 0.0301624 45 146 229
-8.05701 357.987 -0.0310751 45 146 229
-8.05098 357.963 0.0151468 45 146 229
-8.09275 358.004 -0.0351255 45 146 229
-8.11011 357.996 -0.0336903 45 146 229
-8.07201 357.969 0.00364776 45 146 229
-8.09571 358.01 -0.0434809 45 146 229
-8.06895 358.004 -0.0475015 45 146 229
-8.10287 357.993 -0.0293302 45 146 229
-8.09266 357.995 0.014694 45 146 229
-8.05063 357.974 -0.00934761 45 146 229
-8.08964 357.981 -0.0144028 45 146 229
-8.06542 357.974 -0.0081167 45 146 229
-8.11356 357.997 -0.0329496 45 146 229
-8.09936 357.982 -0.0154932 45 146 229
-8.07247 357.97 0.00290859 45 146 229
-8.06931 357.957 0.0237272 45 146 229
-8.08982 358.003 -0.0490089 45 146 229
-8.07954 358.003 -0.0371436 45 146 229
-8.08732 357.998 -0.0280987 45 146 229
-8.0803 357.976 -0.00762976 45 146 229
-8.05718 357.973 -0.00879714 45 146 229
-8.11414 358.001 -0.0390666 45 146 229
-8.06774 357.993 -0.0245243 45 146 229
-8.0868 357.984 -0.0210096 45 146 229
-8.04918 357.956 0.0362041 45 146 229
-8.08888 357.99 -0.0303385 45 146 229
-8.0749 357.964 0.0102864 45 146 229
-8.06576 357.978 -0.0174736 45 146 229
-8.08516 357.987 -0.0272455 45 146 229
-8.05918 357.97 -0.000379106 45 146 229
-8.08483 357.975 -0.00652677 45 146 229
-8.03736 357.968 0.0255626 45 146 229
-8.0871 358.003 -0.0366362 45 146 229
-8.03898 357.971 0.0162987 45 146 229
-8.11204 357.995 -0.0316105 45 146 229
-8.04841 357.959 0.0345663 45 146 229
-8.10957 357.992 -0.0279987 45 146 229
-8.07394 357.988 -0.0316656 45 146 229
-8.03714 357.957 0.0341475 45 146 229
-8.06606 357.984 -0.0271416 45 146 229
-8.07021 357.97 0.00279746 45 146 229
-8.07779 357.977 -0.0118025 45 146 229
-8.05716 357.961 0.0221119 45 146 229
-8.06274 357.995 -0.028356 45 146 229
-8.07865 357.958 0.021458 45 146 229
-8.07549 357.987 -0.0140935 45 146 229
-8.07995 357.994 -0.039067 45 146 229
-8.11076 358.001 -0.0404321 45 146 229
-8.10744 358.002 -0.0418424 45 146 229
-8.11219 358.009 -0.0474114 45 146 229
-8.06894 357.983 -0.024508 45 146 229
-8.06215 357.979 -0.0193151 45 146 229
-8.11018 358.006 -0.0454222 45 146 229
-8.05556 357.958 0.0297322 45 146 229
-8.0842 357.988 0.0202483 45 146 229
-8.07476 357.988 -0.0306707 45 146 229
-8.05577 357.985 -0.0127244 45 146 229
-8.06081 357.968 0.00375553 45 146 229
-8.07463 357.964 0.0104657 45 146 229
-8.07701 357.988 -0.0146421 45 146 229
-8.08518 357.971 0.00021972 45 146 229
-8.09191 357.993 0.0080778 45 146 229
-8.06129 357.964 0.0144497 45 146 229
-8.06498 357.985 -0.0286445 45 146 229
-8.06988 357.975 -0.0103481 45 146 229
-8.09835 357.994 -0.0337783 45 146 229
-8.03847 357.956 0.0375536 45 146 229
-8.04699 357.958 0.0296291 45 146 229
-8.10243 357.999 -0.039392 45 146 229
-8.08999 357.985 -0.0212145 45 146 229
-8.07132 357.977 -0.012716 45 146 229
-8.04749 357.955 0.0380921 45 146 229
-8.08085 357.986 -0.026809 45 146 229
-8.05458 357.955 0.0365432 45 146 229
-8.08017 357.961 0.0144229 45 146 229
-8.08968 357.991 -0.0316824 45 146 229
-8.05778 357.953 0.0381675 45 146 229
-8.05638 357.976 -0.0136512 45 146 229
-8.03743 357.958 0.0314156 45 146 229
-8.05487 357.961 0.0209696 45 146 229
-8.04453 357.956 0.0373605 45 146 229
-8.05458 357.963 0.0155876 45 146 229
-8.06933 357.962 0.0164658 45 146 229
-8.05262 357.964 0.0124214 45 146 229
-8.0685 358.0 -0.0515674 45 146 229
-8.0912 357.987 -0.0257403 45 146 229
-8.08463 357.969 0.00124324 45 146 229
-8.06413 357.955 0.0308395 45 146 229
-8.09367 357.994 -0.0345681 45 146 229
-8.09223 357.983 -0.0172539 45 146 229
-8.0581 357.961 0.0215577 45 146 229
-8.08201 357.967 0.00818318 45 146 229
-8.07916 357.994 -0.039666 45 146 229
-8.04198 357.96 0.0253634 45 146 229
-8.12113 358.009 -0.0440995 45 146 229
-8.07826 357.983 -0.0216815 45 146 229
-8.05979 357.987 -0.016152 45 146 229
-8.11649 357.995 -0.0318707 45 146 229
-8.07502 357.964 0.00978443 45 146 229
-8.04613 357.975 -0.00469816 45 146 229
-8.10639 358.003 -0.0444935 45 146 229
-8.11194 357.993 -0.0295526 45 146 229
-8.10685 358.0 -0.0391403 45 146 229
-8.05171 357.968 0.00479672 45 146 229
-8.02911 357.965 0.0158616 45 146 229
-8.10623 357.999 -0.0388983 45 146 229
-8.05172 357.972 0.0127219 45 146 229
-8.11524 358.004 -0.0415661 45 146 229
-8.07232 358.003 -0.039706 45 146 229
-8.05812 357.969 0.000990666 45 146 229
-8.04915 357.987 -0.0171352 45 146 229
-8.08084 357.979 -0.0144692 45 146 229
-8.08235 357.981 -0.0175293 45 146 229
-8.10999 357.998 -0.0363311 45 146 229
-8.05877 357.992 -0.0309881 45 146 229
-8.03505 357.963 0.0379265 45 146 229
-8.04771 357.982 -0.0244768 45 146 229
-8.11212 357.998 -0.0348353 45 146 229
-8.11462 357.99 -0.0257365 45 146 229
-8.0531 357.973 -0.00803185 45 146 229
-8.07764 357.974 -0.00520415 45 146 229
-8.06122 357.994 -0.0270505 45 146 229
-8.08241 358.006 -0.0424948 45 146 229
-8.07031 357.96 0.0194058 45 146 229
-8.09099 357.976 -0.00882594 45 146 229
-8.04777 357.973 0.0118386 45 146 229
-8.06046 357.987 -0.0174121 45 146 229
-8.11127 358.007 -0.0457757 45 146 229
-8.05539 357.979 -0.00214296 45 146 229
-8.10697 357.992 -0.028704 45 146 229
-8.0595 357.984 -0.0104493 45 146 229
-8.08079 357.993 -0.0222025 45 146 229
-8.09022 358.005 -0.0382003 45 146 229
-8.06822 358.007 -0.0405608 45 146 229
-8.0693 357.971 -0.00197849 45 146 229
-8.02949 357.963 0.0202304 45 146 229
-8.06519 357.958 0.0239235 45 146 229
-8.07885 357.998 -0.0297474 45 146 229
-8.05834 357.955 0.0350296 45 146 229
-8.08631 358.005 -0.0388354 45 146 229
-8.07542 357.974 -0.00519636 45 146 229
-8.05444 357.988 -0.0192601 45 146 229
-8.06412 357.956 0.0285966 45 146 229
-8.05629 357.974 -0.0103405 45 146 229
-8.10246 358.0 -0.0409171 45 146 229
-8.07415 357.978 -0.0138502 45 146 229
-8.08951 357.988 -0.0273969 45 146 229
-8.11216 358.008 -0.0464789 45 146 229
-8.05766 357.969 0.00151565 45 146 229
-8.02609 357.966 0.0321435 45 146 229
-8.08584 357.982 -0.0182274 45 146 229
-8.06145 357.977 0.00357976 45 146 229
-8.04273 357.965 0.0130899 45 146 229
-8.06792 358.002 -0.0496574 45 146 229
-8.07492 357.973 -0.00434136 45 146 229
-8.09877 357.992 -0.030514 45 146 229
-8.07782 357.962 0.012402 45 146 229
-8.05513 357.972 0.0146072 45 146 229
-8.08283 357.99 -0.0325023 45 146 229
-8.09187 357.999 -0.0281716 45 146 229
-8.09752 357.989 -0.0256013 45 146 229
-8.09418 357.976 -0.00862776 45 146 229
-8.06591 357.99 -0.0389588 45 146 229
-8.05457 357.969 0.00153678 45 146 229
-8.04973 357.964 0.0137835 45 146 229
-8.08662 357.985 -0.0221826 45 146 229
-8.06333 357.982 -0.00714912 45 146 229
-8.05334 357.958 0.0288913 45 146 229
-8.07436 357.976 -0.0100395 45 146 229
-8.06442 357.981 -0.0221778 45 146 229
-8.06165 357.98 -0.00239054 45 146 229
-8.04513 357.959 0.0260257 45 146 229
-8.07516 357.987 -0.013189 45 146 229
-8.09972 357.995 -0.034773 45 146 229
-8.04475 357.977 -0.0120299 45 146 229
-8.08328 357.99 -0.0317153 45 146 229
-8.06055 357.963 0.0179359 45 146 229
-8.06951 357.965 0.0107099 45 146 229
-8.10905 357.999 -0.037604 45 146 229
-8.03383 357.968 0.0255678 45 146 229
-8.07758 357.992 -0.0373599 45 146 229
-8.09051 358.0 -0.0300679 45 146 229
-8.05463 357.964 0.0146881 45 146 229
-8.09659 357.999 0.0122362 45 146 229
-8.04804 357.968 0.00217075 45 146 229
-8.08121 357.969 0.00416901 45 146 229
-8.07743 357.979 -0.0161598 45 146 229
-8.10945 358.007 -0.047496 45 146 229
-8.07824 357.988 -0.0149588 45 146 229
-8.04556 357.976 -0.00132335 45 146 229
-8.05668 357.969 0.00204557 45 146 229
-8.1094 357.998 -0.0355507 45 146 229
-8.10747 358.006 -0.00566515 45 146 229
-8.07805 357.963 0.0119476 45 146 229
-8.0926 357.993 -0.0350047 45 146 229
-8.09356 357.997 0.0159262 45 146 229
-8.05133 357.958 0.0319316 45 146 229
-8.05879 357.98 -0.0208241 45 146 229
-8.0709 357.973 -0.00363919 45 146 229
-8.07782 357.972 -0.00156937 45 146 229
-8.04223 357.962 0.018855 45 146 229
-8.08375 357.996 -0.0412358 45 146 229
-8.03338 357.966 0.0305415 45 146 229
-8.0709 357.965 0.0107125 45 146 229
-8.07266 357.986 -0.0280698 45 146 229
-8.04089 357.958 0.0331059 45 146 229
-8.07372 357.996 -0.0287286 45 146 229
-8.08963 357.996 -0.0236209 45 146 229
-8.11381 357.987 -0.0220884 45 146 229
-8.11317 357.997 -0.0333596 45 146 229
-8.10362 357.994 -0.0304995 45 146 229
-8.08744 358.009 -0.045929 45 146 229
-8.08198 357.976 -0.00865074 45 146 229
-8.08876 357.99 -0.0307329 45 146 229
-8.06205 357.98 -0.00178715 45 146 229
-8.08802 357.977 -0.00928169 45 146 229
-8.08209 357.978 -0.0104384 45 146 229
-8.06923 357.983 -0.00742421 45 146 229
-8.08544 357.981 -0.0152601 45 146 229
-8.05653 357.955 0.0349033 45 146 229
-8.07415 357.992 -0.0378207 45 146 229
-8.07671 357.996 -0.026868 45 146 229
-8.07161 357.963 0.0131828 45 146 229
-8.06025 357.958 0.0277128 45 146 229
-8.04251 357.964 0.0143486 45 146 229
-8.05897 357.96 0.0227733 45 146 229
-8.0686 357.967 0.00734855 45 146 229
-8.08408 357.999 -0.029506 45 146 229
-8.09289 357.986 -0.0225723 45 146 229
-8.09953 357.992 -0.0299082 45 146 229
-8.06721 357.994 -0.0272042 45 146 229
-8.06933 357.962 0.0162209 45 146 229
-8.07351 357.999 -0.0333142 45 146 229
-8.07778 357.969 0.00367209 45 146 229
-8.10072 358.002 0.00801336 45 146 229
-8.11282 358.003 -0.0411383 45 146 229
-8.08699 357.982 -0.0178118 45 146 229
-8.06057 357.958 0.0268642 45 146 229
-8.05513 357.975 0.00894784 45 146 229
-8.02814 357.964 0.0357358 45 146 229
-8.08756 357.974 -0.00553356 45 146 229
-8.08321 357.998 -0.0280601 45 146 229
-8.0577 357.975 -0.0129904 45 146 229
-8.07003 357.986 -0.0119718 45 146 229
-8.08806 357.992 -0.0171006 45 146 229
-8.05671 357.962 0.0177838 45 146 229
-8.06127 357.982 -0.00743016 45 146 229
-8.04569 357.958 0.032063 45 146 229
-8.05803 357.959 0.0267002 45 146 229
-8.0738 357.965 0.0119232 45 146 229
-8.08096 357.978 -0.0116946 45 146 229
-8.06266 357.983 -0.0258238 45 146 229
-8.07868 357.978 -0.0128971 45 146 229
-8.06118 357.96 0.022712 45 146 229
-8.09796 358.001 -0.0431141 45 146 229
-8.09727 357.999 -0.0414476 45 146 229
-8.11533 357.994 -0.0312908 45 146 229
-8.0741 357.974 -0.00617493 45 146 229
-8.09156 358.005 -0.03704 45 146 229
-8.07794 357.985 -0.0259328 45 146 229
-8.0946 357.979 -0.0121162 45 146 229
-8.09914 357.983 -0.018281 45 146 229
-8.09059 357.972 -0.00302337 45 146 229
-8.08025 357.99 -0.0336001 45 146 229
-8.05731 357.977 -0.0156887 45 146 229
-8.06502 357.987 -0.016572 45 146 229
-8.05688 357.953 0.0396749 45 146 229
-8.05543 357.989 -0.0200533 45 146 229
-8.09296 358.005 -0.0365326 45 146 229
-8.0468 357.963 0.0175289 45 146 229
-8.07367 357.963 0.0135971 45 146 229
-8.0711 357.988 -0.0314188 45 146 229
-8.04781 357.963 0.0152982 45 146 229
-8.08139 357.987 -0.0287341 45 146 229
-8.06807 358.001 -0.0461009 45 146 229
-8.08367 357.979 -0.0128417 45 146 229
-8.07774 357.961 0.0148844 45 146 229
-8.08149 358.006 -0.0417114 45 146 229
-8.09467 357.992 -0.0312734 45 146 229
-8.08978 357.994 0.0221936 45 146 229
-8.05713 357.954 0.0363429 45 146 229
-8.08089 357.983 -0.0222748 45 146 229
-8.06529 357.969 0.00304191 45 146 229
-8.04238 357.963 0.0161105 45 146 229
-8.03597 357.968 0.0257419 45 146 229
-8.08158 357.995 -0.0249221 45 146 229
-8.06107 357.964 0.0150258 45 146 229
-8.08102 357.979 -0.0145209 45 146 229
-8.07057 357.963 0.0142557 45 146 229
-8.0522 357.973 -0.00711339 45 146 229
-8.05715 357.953 0.0394243 45 146 229
-8.09037 357.989 -0.0286202 45 146 229
-8.11343 358.005 -0.0430558 45 146 229
-8.08722 358.001 -0.0472061 45 146 229
-8.08898 357.984 -0.0198905 45 146 229
-8.0678 357.972 -0.00343028 45 146 229
-8.06301 357.972 -0.00432232 45 146 229
-8.0618 357.961 0.0211478 45 146 229
-8.03746 357.96 0.0255257 45 146 229
-8.04526 357.958 0.0317161 45 146 229
-8.06258 357.957 0.0277113 45 146 229
-8.0859 358.003 -0.0358791 45 146 229
-8.06242 357.978 0.00249353 45 146 229
-8.0483 357.972 -0.00588273 45 146 229
-8.11336 357.994 -0.0304684 45 146 229
-8.06543 357.966 0.0113917 45 146 229
-8.10065 357.982 -0.0174287 45 146 229
-8.06658 357.986 -0.0299397 45 146 229
-8.06565 357.965 0.0122051 45 146 229
-8.10239 357.997 -0.0364393 45 146 229
-8.06836 357.971 -0.00181179 45 146 229
-8.05174 357.975 -0.0120713 45 146 229
-8.07068 357.963 0.0146984 45 146 229
-8.09357 357.998 0.0227614 45 146 229
-8.10659 358.0 -0.0398945 45 146 229
-8.06809 357.976 -0.0134643 45 146 229
-8.02837 357.962 0.0253145 45 146 229
-8.0731 357.966 0.00848989 45 146 229
-8.04494 357.957 0.0345018 45 146 229
-8.07815 357.963 0.0112514 45 146 229
-8.03411 357.967 0.028367 45 146 229
-8.07435 357.963 0.0115357 45 146 229
-8.05269 357.971 -0.00270867 45 146 229
-8.06972 357.974 -0.0075643 45 146 229
-8.05997 357.968 0.00390777 45 146 229
-8.06511 357.994 -0.0399088 45 146 229
-8.08335 357.991 -0.0173616 45 146 229
-8.06987 358.006 -0.0491043 45 146 229
-8.06385 357.976 0.00650211 45 146 229
-8.03798 357.961 0.0219111 45 146 229
-8.07995 357.974 -0.00337721 45 146 229
-8.06737 357.966 0.0105162 45 146 229
-8.07332 357.987 -0.0296543 45 146 229
-8.05532 357.964 0.0146929 45 146 229
-8.07229 357.987 -0.0133111 45 146 229
-8.10795 357.994 -0.030605 45 146 229
-8.09153 357.993 0.0120489 45 146 229
-8.05084 357.956 0.0365129 45 146 229
-8.04174 357.96 0.0251255 45 146 229
-8.08401 357.992 -0.0194214 45 146 229
-8.06832 357.983 -0.0240468 45 146 229
-8.0809 357.971 0.000224314 45 146 229
-8.08235 357.97 0.00141942 45 146 229
-8.07808 357.983 -0.0220005 45 146 229
-8.08861 357.995 -0.0235947 45 146 229
-8.03343 357.966 0.0299991 45 146 229
-8.05484 357.99 -0.0259644 45 146 229
-8.06408 357.976 0.00763773 45 146 229
-8.05911 357.987 -0.0164508 45 146 229
-8.09133 357.991 -0.0310504 45 146 229
-8.0474 357.982 -0.0236752 45 146 229
-8.06971 357.966 0.00936469 45 146 229
-8.0682 357.989 -0.0184453 45 146 229
-8.05844 357.953 0.0389545 45 146 229
-8.08217 357.982 -0.0194271 45 146 229
-8.09013 357.988 -0.0250578 45 146 229
-8.08179 357.986 0.0221278 45 146 229
-8.05754 357.98 -0.0201256 45 146 229
-8.05245 357.968 0.00420318 45 146 229
-8.09854 357.992 -0.0306517 45 146 229
-8.06903 357.966 0.00941577 45 146 229
-8.09236 357.987 -0.0251333 45 146 229
-8.04417 357.963 0.0168418 45 146 229
-8.07658 357.987 -0.0287708 45 146 229
-8.08993 357.984 -0.0194968 45 146 229
-8.039 357.963 0.0391607 45 146 229
-8.10517 357.998 -0.0377703 45 146 229
-8.03265 357.969 0.0244189 45 146 229
-8.05024 357.966 0.00937557 45 146 229
-8.07096 357.987 -0.0306275 45 146 229
-8.05037 357.97 -0.00107849 45 146 229
-8.05791 357.958 0.0289884 45 146 229
-8.09297 357.993 -0.0339499 45 146 229
-8.10076 357.988 -0.0230912 45 146 229
-8.04327 357.975 0.00334545 45 146 229
-8.08506 357.991 -0.0326598 45 146 229
-8.09995 358.002 0.0105786 45 146 229
-8.10881 357.995 -0.0326103 45 146 229
-8.0568 357.981 -0.00548323 45 146 229
-8.05421 357.959 0.0258159 45 146 229
-8.11908 358.008 -0.0452388 45 146 229
-8.06724 358.0 -0.0422241 45 146 229
-8.04727 357.952 0.0445765 45 146 229
-8.09534 358.004 -0.0352973 45 146 229
-8.08369 357.983 -0.021517 45 146 229
-8.09585 357.999 -0.0416404 45 146 229
-8.10753 357.996 -0.0328679 45 146 229
-8.0493 357.957 0.0333334 45 146 229
-8.11307 358.004 -0.0427585 45 146 229
-8.0632 357.975 0.0105779 45 146 229
-8.05783 357.973 0.0128628 45 146 229
-8.06327 357.995 -0.0360194 45 146 229
-8.08001 358.002 -0.0362814 45 146 229
-8.09901 358.009 -0.0411479 45 146 229
-8.08152 357.974 -0.00387652 45 146 229
-8.04325 357.959 0.0301246 45 146 229
-8.05624 357.958 0.0286398 45 146 229
-8.06696 357.963 0.0160686 45 146 229
-8.055 357.967 0.00522178 45 146 229
-8.09066 357.993 -0.034183 45 146 229
-8.08971 357.971 -0.0018512 45 146 229
-8.10409 357.985 -0.0204876 45 146 229
-8.05764 357.964 0.0135969 45 146 229
-8.05626 357.979 -0.018324 45 146 229
-8.05958 357.99 -0.0202232 45 146 229
-8.02683 357.966 0.0158956 45 146 229
-8.08669 358.003 -0.0500956 45 146 229
-8.08354 358.006 -0.0416561 45 146 229
-8.1041 358.003 -0.0451494 45 146 229
-8.08307 357.989 -0.0317524 45 146 229
-8.05373 357.964 0.0129411 45 146 229
-8.05937 357.963 0.0170068 45 146 229
-8.04969 357.967 0.00634684 45 146 229
-8.05035 357.96 0.0247739 45 146 229
-8.08476 358.009 -0.0462946 45 146 229
-8.05581 357.968 0.00281416 45 146 229
-8.07212 357.989 -0.0336685 45 146 229
-8.04597 357.968 0.00282775 45 146 229
-8.05402 357.97 -0.00177476 45 146 229
-8.09145 357.987 -0.0249742 45 146 229
-8.07654 357.971 0.00139923 45 146 229
-8.12214 358.009 -0.0433704 45 146 229
-8.04401 357.955 0.03979 45 146 229
-8.081 357.982 -0.0203372 45 146 229
-8.04464 357.975 -0.00011104 45 146 229
-8.07057 358.005 -0.0530931 45 146 229
-8.06416 357.975 -0.0111441 45 146 229
-8.0691 357.992 -0.0230183 45 146 229
-8.07399 357.974 -0.00604401 45 146 229
-8.06408 357.979 -1.07742e-05 45 146 229
-8.04685 357.954 0.0420874 45 146 229
-8.07786 357.988 -0.0310085 45 146 229
-8.04788 357.957 0.0351373 45 146 229
-8.08028 357.989 -0.0159117 45 146 229
-8.08097 357.982 -0.0189555 45 146 229
-8.06393 357.984 -0.0267817 45 146 229
-8.07792 357.971 0.000275837 45 146 229
-8.08939 357.974 -0.00570709 45 146 229
-8.06108 357.979 -0.000474109 45 146 229
-8.07362 357.987 -0.01305 45 146 229
-8.09388 357.98 -0.0130223 45 146 229
-8.09234 358.003 -0.0340539 45 146 229
-8.06065 357.979 -0.018268 45 146 229
-8.10837 357.997 -0.0355589 45 146 229
-8.08445 358.006 -0.0415347 45 146 229
-8.06763 357.999 -0.0448413 45 146 229
-8.05275 357.985 -0.0137553 45 146 229
-8.08931 358.009 -0.0447699 45 146 229
-8.04529 357.959 0.0341425 45 146 229
-8.07623 357.99 -0.0337902 45 146 229
-8.06158 357.969 0.000591509 45 146 229
-8.05255 357.962 0.0182763 45 146 229
-8.06316 357.958 0.0247929 45 146 229
-8.084 357.994 -0.0232877 45 146 229
-8.09019 358.0 -0.0300574 45 146 229
-8.04693 357.958 0.0285757 45 146 229
-8.11881 357.999 -0.0365554 45 146 229
-8.09908 357.999 -0.0406117 45 146 229
-8.0823 357.981 -0.018594 45 146 229
-8.0491 357.959 0.02789 45 146 229
-8.08381 357.985 -0.0233577 45 146 229
-8.08495 357.99 -0.0141459 45 146 229
-8.07156 357.964 0.0113893 45 146 229
-8.07822 357.989 -0.0327124 45 146 229
-8.05043 357.958 0.032626 45 146 229
-8.05764 357.953 0.0403839 45 146 229
-8.06795 357.973 -0.00629019 45 146 229
-8.07997 357.989 -0.0145407 45 146 229
-8.03044 357.968 0.0248519 45 146 229
-8.0556 357.976 -0.0130453 45 146 229
-8.05848 357.963 0.0173277 45 146 229
-8.06576 357.956 0.0275669 45 146 229
-8.04787 357.981 -0.0183478 45 146 229
-8.04912 357.984 -0.0119496 45 146 229
-8.03577 357.959 0.0297227 45 146 229
-8.0511 357.966 0.00773802 45 146 229
-8.06179 357.991 -0.0347578 45 146 229
-8.07416 357.972 -0.00231347 45 146 229
-8.10928 358.005 -0.045892 45 146 229
-8.08479 357.997 -0.0274121 45 146 229
-8.07236 357.99 -0.0348541 45 146 229
-8.09611 358.01 -0.0441618 45 146 229
-8.07962 357.996 -0.0423317 45 146 229
-8.03758 357.969 0.0222674 45 146 229
-8.10282 357.995 -0.0320682 45 146 229
-8.10108 358.002 0.00797269 45 146 229
-8.03668 357.97 0.0111747 45 146 229
-8.05203 357.973 -0.0084209 45 146 229
-8.04478 357.963 0.0165441 45 146 229
-8.07637 357.994 -0.0242511 45 146 229
-8.08448 357.987 -0.0285374 45 146 229
-8.05357 357.961 0.0216348 45 146 229
-8.04471 357.977 -0.00960522 45 146 229
-8.08908 357.992 0.0164244 45 146 229
-8.06353 357.982 -0.00656617 45 146 229
-8.09378 357.995 -0.0369831 45 146 229
-8.0808 357.979 -0.0125017 45 146 229
-8.08318 357.965 0.00946381 45 146 229
-8.04913 357.956 0.0359054 45 146 229
-8.06071 357.988 -0.0176192 45 146 229
-8.08018 358.003 -0.0380302 45 146 229
-8.08842 357.999 -0.0293043 45 146 229
-8.07636 358.001 -0.0355595 45 146 229
-8.069 358.004 -0.0473065 45 146 229
-8.05506 357.975 -0.0123574 45 146 229
-8.10247 357.995 -0.0332677 45 146 229
-8.10057 358.01 -0.0425669 45 146 229
-8.09107 357.985 -0.0202571 45 146 229
-8.05606 357.974 0.0104959 45 146 229
-8.06355 357.98 -0.019525 45 146 229
-8.09774 358.001 -0.0435153 45 146 229
-8.03995 357.96 0.0237612 45 146 229
-8.0865 357.968 0.00390554 45 146 229
-8.09883 358.003 -0.0457081 45 146 229
-8.05565 357.958 0.0292744 45 146 229
-8.08053 357.983 -0.0224899 45 146 229
-8.06614 357.962 0.0183785 45 146 229
-8.05761 357.985 -0.013636 45 146 229
-8.04843 357.984 -0.022883 45 146 229
-8.08583 357.98 -0.0135148 45 146 229
-8.08188 357.963 0.0107079 45 146 229
-8.06921 357.958 0.0225238 45 146 229
-8.03878 357.957 0.033722 45 146 229
-8.05796 357.969 0.00106666 45 146 229
-8.08816 357.975 -0.00683352 45 146 229
-8.09282 357.997 -0.0399765 45 146 229
-8.0638 357.986 -0.0295637 45 146 229
-8.11732 358.008 -0.045117 45 146 229
-8.0614 357.97 2.71588e-05 45 146 229
-8.06857 357.993 -0.0250656 45 146 229
-8.08385 357.999 -0.0300443 45 146 229
-8.06392 357.97 -0.00031036 45 146 229
-8.04937 357.975 -0.0122154 45 146 229
-8.09951 358.001 0.00914225 45 146 229
-8.0919 357.993 0.0103754 45 146 229
-8.0342 357.961 0.02309 45 146 229
-8.0861 357.983 -0.0202491 45 146 229
-8.07185 357.974 -0.00776045 45 146 229
-8.10222 357.988 -0.0235684 45 146 229
-8.11532 358.0 -0.0368204 45 146 229
-8.07949 358.001 -0.0350383 45 146 229
-8.09894 358.004 -0.0464714 45 146 229
-8.04525 357.976 -0.0130666 45 146 229
-8.08412 357.979 -0.0134915 45 146 229
-8.06008 357.98 -0.00264655 45 146 229
-8.04868 357.969 0.00247084 45 146 229
-8.05075 357.983 -0.00990702 45 146 229
-8.07107 358.0 -0.0497796 45 146 229
-8.07103 357.994 -0.0258213 45 146 229
-8.09299 357.986 -0.0216823 45 146 229
-8.07138 357.983 -0.0236686 45 146 229
-8.05769 357.988 -0.0177958 45 146 229
-8.05602 357.96 0.0225933 45 146 229
-8.07092 357.965 0.0108315 45 146 229
-8.04927 357.958 0.0309257 45 146 229
-8.10546 357.999 -0.0391144 45 146 229
-8.06894 357.97 0.0504038 45 146 229
-8.05522 357.959 0.0270059 45 146 229
-8.12005 357.993 -0.0286764 45 146 229
-8.05536 357.974 -0.0101075 45 146 229
-8.08193 357.968 0.0060843 45 146 229
-8.07377 357.974 -0.00589049 45 146 229
-8.08352 357.982 -0.0191394 45 146 229
-8.07143 357.989 -0.033164 45 146 229
-8.11533 358.003 -0.0416643 45 146 229
-8.10999 357.993 -0.0297361 45 146 229
-8.05725 357.981 -0.0219708 45 146 229
-8.09135 357.996 0.0206785 45 146 229
-8.06489 357.964 0.0142967 45 146 229
-8.05687 357.977 -0.0162742 45 146 229
-8.09873 358.002 -0.0443322 45 146 229
-8.08031 357.989 -0.0313397 45 146 229
-8.06423 357.959 0.0222037 45 146 229
-8.04258 357.962 0.0202313 45 146 229
-8.08781 357.991 0.0198124 45 146 229
-8.0906 357.99 -0.0302665 45 146 229
-8.05669 357.978 -0.0176 45 146 229
-8.03484 357.96 0.0267457 45 146 229
-8.09429 358.009 -0.0423436 45 146 229
-8.03555 357.967 0.0108163 45 146 229
-8.05211 357.989 -0.0249551 45 146 229
-8.07069 357.998 -0.0310867 45 146 229
-8.08435 357.983 -0.0208896 45 146 229
-8.04451 357.954 0.0426089 45 146 229
-8.08165 357.995 -0.0246223 45 146 229
-8.06423 357.978 -0.0167711 45 146 229
-8.11037 357.997 -0.0336931 45 146 229
-8.08139 357.996 -0.0253976 45 146 229
-8.11232 357.989 -0.0248473 45 146 229
-8.03675 357.957 0.0351557 45 146 229
-8.0596 357.981 -0.00452152 45 146 229
-8.07795 357.99 -0.0174877 45 146 229
-8.07603 357.98 -0.0174875 45 146 229
-8.08739 357.986 -0.0237197 45 146 229
-8.05088 357.973 -0.00645103 45 146 229
-8.08823 358.0 -0.0315675 45 146 229
-8.08054 357.961 0.0141729 45 146 229
-8.06979 357.963 0.0144209 45 146 229
-8.0685 357.96 0.0204186 45 146 229
-8.0476 357.956 0.0358108 45 146 229
-8.06884 357.977 0.00746336 45 146 229
-8.04275 357.961 0.0229036 45 146 229
-8.0881 357.985 -0.0222968 45 146 229
-8.04435 357.969 0.00410388 45 146 229
-8.04436 357.965 0.0112516 45 146 229
-8.07886 357.984 0.0198804 45 146 229
-8.05992 357.964 0.0150565 45 146 229
-8.05541 357.978 -0.017048 45 146 229
-8.10961 357.992 -0.0286159 45 146 229
-8.06973 357.957 0.0239324 45 146 229
-8.09346 358.011 -0.046021 45 146 229
-8.06448 357.958 0.0239797 45 146 229
-8.08115 357.993 -0.0378556 45 146 229
-8.09264 358.002 -0.0331308 45 146 229
-8.07597 357.97 0.00217921 45 146 229
-8.08384 357.979 -0.0128179 45 146 229
-8.08383 357.983 -0.0208763 45 146 229
-8.08895 358.01 -0.0459039 45 146 229
-8.07106 357.986 -0.0293187 45 146 229
-8.07285 357.968 0.00619235 45 146 229
-8.08233 357.994 -0.0226821 45 146 229
-8.05011 357.959 0.0285221 45 146 229
-8.0654 357.953 0.0335813 45 146 229
-8.08626 357.986 -0.0248707 45 146 229
-8.05286 357.99 -0.0250727 45 146 229
-8.05168 357.968 0.00327394 45 146 229
-8.05796 357.961 0.0221415 45 146 229
-8.05445 357.953 0.0416502 45 146 229
-8.05012 357.973 0.0126926 45 146 229
-8.05463 357.99 -0.0224122 45 146 229
-8.08155 357.983 -0.0222921 45 146 229
-8.0705 357.975 -0.00971399 45 146 229
-8.06699 357.991 -0.0364504 45 146 229
-8.10818 358.004 -0.0449445 45 146 229
-8.11231 357.998 -0.0356838 45 146 229
-8.06154 357.966 0.00869071 45 146 229
-8.04709 357.962 0.0209916 45 146 229
-8.05447 357.973 -0.00723736 45 146 229
-8.07874 357.985 -0.0261956 45 146 229
-8.06532 357.958 0.0251522 45 146 229
-8.06523 357.994 -0.0266433 45 146 229
-8.05932 357.989 -0.0207201 45 146 229
-8.04871 357.985 -0.0222517 45 146 229
-8.0688 357.978 -0.0160508 45 146 229
-8.07467 358.003 -0.0391867 45 146 229
-8.11118 357.993 -0.0294453 45 146 229
-8.05007 357.984 -0.0102675 45 146 229
-8.10457 357.993 -0.0290353 45 146 229
-8.06018 357.986 -0.0147188 45 146 229
-8.05561 357.969 0.002327 45 146 229
-8.07981 357.963 0.0112012 45 146 229
-8.05869 357.975 0.00839809 45 146 229
-8.09284 357.985 -0.0196003 45 146 229
-8.04509 357.967 0.026173 45 146 229
-8.05539 357.99 -0.0243436 45 146 229
-8.04993 357.973 -0.00716095 45 146 229
-8.11974 358.001 -0.0392432 45 146 229
-8.06058 357.99 -0.0313104 45 146 229
-8.0614 357.985 -0.0135526 45 146 229
-8.06056 357.976 0.00688385 45 146 229
-8.06352 357.969 0.00217171 45 146 229
-8.11369 358.0 -0.0374767 45 146 229
-8.03762 357.968 0.0246499 45 146 229
-8.05591 357.99 -0.0213542 45 146 229
-8.0628 357.953 0.0351805 45 146 229
-8.09908 357.997 -0.0374675 45 146 229
-8.07329 357.969 0.00396396 45 146 229
-8.06725 357.956 0.0260497 45 146 229
-8.08538 357.979 -0.0118536 45 146 229
-8.06193 357.98 -0.00109875 45 146 229
-8.08026 357.987 -0.0122381 45 146 229
-8.08889 357.988 -0.0270275 45 146 229
-8.0308 357.961 0.0253058 45 146 229
-8.06332 357.98 -0.0016242 45 146 229
-8.09915 357.992 -0.0290707 45 146 229
-8.07705 357.991 -0.0188762 45 146 229
-8.09018 357.985 -0.0202365 45 146 229
-8.07645 357.997 -0.0283741 45 146 229
-8.09267 358.01 -0.0444559 45 146 229
-8.04822 357.958 0.031033 45 146 229
-8.0709 357.968 0.00530775 45 146 229
-8.10332 357.997 -0.0347194 45 146 229
-8.05942 357.958 0.0281657 45 146 229
-8.07392 357.988 -0.0320306 45 146 229
-8.03978 357.956 0.0370589 45 146 229
-8.0423 357.956 0.0380588 45 146 229
-8.12351 358.002 -0.0388835 45 146 229
-8.07184 357.973 -0.00450334 45 146 229
-8.08688 357.974 -0.00521169 45 146 229
-8.10811 357.994 -0.0303555 45 146 229
-8.03123 357.958 0.0319082 45 146 229
-8.05661 357.972 0.0158836 45 146 229
-8.07028 357.958 0.0212597 45 146 229
-8.0829 357.987 0.022882 45 146 229
-8.05114 357.96 0.0253671 45 146 229
-8.09945 358.0 0.0105711 45 146 229
-8.05447 357.974 0.0103729 45 146 229
-8.05057 357.988 -0.0211181 45 146 229
-8.07595 357.98 -0.0175272 45 146 229
-8.10081 357.996 -0.0360775 45 146 229
-8.05137 357.984 -0.0265688 45 146 229
-8.06598 357.967 0.0516712 45 146 229
-8.06449 357.966 0.0102326 45 146 229
-8.0552 357.954 0.0392886 45 146 229
-8.05421 357.965 0.0106494 45 146 229
-8.08926 357.979 -0.0105951 45 146 229
-8.0877 357.986 -0.0236421 45 146 229
-8.09088 358.001 -0.0452509 45 146 229
-8.07363 357.964 0.0109318 45 146 229
-8.06187 357.979 0.000875183 45 146 229
-8.05141 357.972 0.0146761 45 146 229
-8.05157 357.977 0.00333781 45 146 229
-8.07565 357.962 0.0134059 45 146 229
-8.0857 357.994 -0.022379 45 146 229
-8.08407 357.98 -0.0145592 45 146 229
-8.05259 357.954 0.0401747 45 146 229
-8.07743 357.991 -0.0357375 45 146 229
-8.0642 357.993 -0.0377863 45 146 229
-8.08894 358.001 -0.0313417 45 146 229
-8.11295 358.004 -0.0422498 45 146 229
-8.0663 357.963 0.0150609 45 146 229
-8.0622 357.965 0.0120561 45 146 229
-8.08876 358.004 -0.0362918 45 146 229
-8.11862 357.994 -0.0299782 45 146 229
-8.04943 357.975 0.0067752 45 146 229
-8.06515 357.982 -0.00603599 45 146 229
-8.05178 357.967 0.00655024 45 146 229
-8.06965 357.968 0.00522389 45 146 229
-8.05072 357.959 0.0234353 45 146 229
-8.04541 357.964 0.0150316 45 146 229
-8.06056 357.989 -0.0202706 45 146 229
-8.08249 357.969 0.00430702 45 146 229
-8.07126 357.998 -0.0309512 45 146 229
-8.05207 357.979 -0.0184904 45 146 229
-8.09242 357.991 -0.0309499 45 146 229
-8.05272 357.974 -0.00896652 45 146 229
-8.05891 357.981 -0.00595381 45 146 229
-8.0781 357.988 -0.0136751 45 146 229
-8.07649 357.99 -0.0341409 45 146 229
-8.11007 358.0 -0.0381485 45 146 229
-8.04299 357.976 -0.00595227 45 146 229
-8.11371 357.996 -0.0325163 45 146 229
-8.04313 357.966 0.00957979 45 146 229
-8.09211 358.001 -0.0318098 45 146 229
-8.07537 357.995 -0.0262034 45 146 229
-8.1089 357.993 -0.0291358 45 146 229
-8.07221 357.957 0.0236947 45 146 229
-8.0471 357.955 0.040743 45 146 229
-8.09467 357.986 -0.0214358 45 146 229
-8.08737 357.974 -0.00523704 45 146 229
-8.07984 357.969 0.00369197 45 146 229
-8.05914 357.974 0.0108163 45 146 229
-8.08204 357.975 -0.0058316 45 146 229
-8.09433 357.995 -0.0360082 45 146 229
-8.07087 358.007 -0.0536051 45 146 229
-8.07675 357.982 -0.0220281 45 146 229
-8.05632 357.962 0.0187258 45 146 229
-8.07249 358.003 -0.0382653 45 146 229
-8.09686 358.006 -0.0506604 45 146 229
-8.10494 358.004 -0.00137921 45 146 229
-8.09058 357.993 0.01424 45 146 229
-8.07185 357.971 0.000808201 45 146 229
-8.06147 357.958 0.0269234 45 146 229
-8.05998 357.952 0.0394181 45 146 229
-8.04684 357.971 0.000577669 45 146 229
-8.0817 357.992 -0.0208865 45 146 229
-8.07929 358.001 -0.0343101 45 146 229
-8.05129 357.958 0.0294131 45 146 229
-8.03548 357.965 0.0110087 45 146 229
-8.10194 357.993 -0.0304453 45 146 229
-8.05161 357.976 0.0060804 45 146 229
-8.1124 358.003 -0.041475 45 146 229
-8.05739 357.961 0.023509 45 146 229
-8.04387 357.974 0.00936774 45 146 229
-8.08347 357.987 0.0198784 45 146 229
-8.08454 357.996 -0.0416083 45 146 229
-8.10942 357.997 -0.0341331 45 146 229
-8.0898 357.994 0.0213721 45 146 229
-8.11054 357.984 -0.0189116 45 146 229
-8.07676 357.994 -0.0246172 45 146 229
-8.04006 357.972 0.0151774 45 146 229
-8.10343 357.998 -0.0380146 45 146 229
-8.04356 357.959 0.033014 45 146 229
-8.10173 357.997 -0.0368648 45 146 229
-8.0556 357.99 -0.0255219 45 146 229
-8.06564 357.968 0.0539489 45 146 229
-8.09678 357.999 -0.0417405 45 146 229
-8.0584 357.959 0.0249982 45 146 229
-8.11676 357.994 -0.0289268 45 146 229
-8.0752 357.992 -0.0377195 45 146 229
-8.08486 357.984 -0.021737 45 146 229
-8.05 357.976 0.00539317 45 146 229
-8.03834 357.957 0.0354875 45 146 229
-8.10045 357.982 -0.0165334 45 146 229
-8.11541 357.993 -0.0294204 45 146 229
-8.04756 357.953 0.0446611 45 146 229
-8.03399 357.964 0.0157437 45 146 229
-8.07107 357.96 0.0190096 45 146 229
-8.06639 357.957 0.0249556 45 146 229
-8.09514 357.979 -0.0125174 45 146 229
-8.05395 357.976 0.00669548 45 146 229
-8.06672 357.996 -0.0402159 45 146 229
-8.08352 357.994 -0.0386116 45 146 229
-8.07032 357.974 -0.00686735 45 146 229
-8.11008 358.009 -0.00414497 45 146 229
-8.10693 357.999 -0.038208 45 146 229
-8.08016 358.004 -0.0401927 45 146 229
-8.0625 357.968 0.00495494 45 146 229
-8.07068 357.962 0.0155857 45 146 229
-8.05698 357.954 0.0371281 45 146 229
-8.08793 358.005 -0.0381588 45 146 229
-8.06458 357.973 -0.00796301 45 146 229
-8.07457 357.959 0.0176837 45 146 229
-8.10339 358.004 0.00325542 45 146 229
-8.05586 357.981 -0.021572 45 146 229
-8.06441 357.969 0.00221349 45 146 229
-8.06204 357.958 0.0263162 45 146 229
-8.08841 357.987 -0.0256295 45 146 229
-8.05393 357.977 -0.0154356 45 146 229
-8.07333 357.99 -0.0349928 45 146 229
-8.06667 357.961 0.0191151 45 146 229
-8.07985 357.999 -0.0466419 45 146 229
-8.10819 358.0 -0.0393185 45 146 229
-8.06704 357.969 0.00259136 45 146 229
-8.0677 358.0 -0.0445063 45 146 229
-8.07574 357.973 -0.00252469 45 146 229
-8.08324 357.992 -0.0361593 45 146 229
-8.0891 358.006 -0.0407127 45 146 229
-8.08639 358.004 -0.0370422 45 146 229
-8.08875 358.001 -0.0323652 45 146 229
-8.08681 357.965 0.0118939 45 146 229
-8.0692 357.963 0.0136753 45 146 229
-8.08434 358.004 -0.038569 45 146 229
-8.07713 357.991 -0.0358181 45 146 229
-8.05758 357.978 -0.0176229 45 146 229
-8.04916 357.962 0.0192901 45 146 229
-8.04447 357.974 -0.0038974 45 146 229
-8.04577 357.963 0.0173779 45 146 229
-8.10826 357.994 -0.0306276 45 146 229
-8.06792 357.956 0.026383 45 146 229
-8.02904 357.959 0.0333062 45 146 229
-8.07515 357.974 -0.00562079 45 146 229
-8.09715 357.993 -0.0324117 45 146 229
-8.04434 357.961 0.0233436 45 146 229
-8.05948 357.965 0.0113677 45 146 229
-8.05896 357.958 0.0287986 45 146 229
-8.06782 357.977 -0.0142684 45 146 229
-8.05354 357.961 0.0213898 45 146 229
-8.08634 357.986 -0.0245046 45 146 229
-8.0672 357.965 0.0112259 45 146 229
-8.08077 357.993 -0.0217127 45 146 229
-8.07271 357.999 -0.0325705 45 146 229
-8.10874 358.001 -0.0402581 45 146 229
-8.09299 357.983 -0.0166526 45 146 229
-8.07277 357.966 0.00824259 45 146 229
-8.10839 358.005 -0.0467798 45 146 229
-8.0903 357.983 -0.017944 45 146 229
-8.08005 357.985 -0.0257959 45 146 229
-8.08153 357.983 -0.0218661 45 146 229
-8.06618 357.97 -0.000479651 45 146 229
-8.10997 357.992 -0.0281776 45 146 229
-8.1028 358.008 -0.038352 45 146 229
-8.06741 357.998 -0.0454131 45 146 229
-8.07932 357.977 -0.0100949 45 146 229
-8.09414 358.003 -0.0476479 45 146 229
-8.04863 357.985 -0.0208218 45 146 229
-8.03831 357.958 0.0310795 45 146 229
-8.09942 357.989 -0.0251641 45 146 229
-8.07656 357.989 -0.0330389 45 146 229
-8.09033 357.999 -0.0432296 45 146 229
-8.08114 357.989 -0.0314092 45 146 229
-8.02776 357.966 0.0149586 45 146 229
-8.11094 357.999 -0.0371977 45 146 229
-8.06806 358.005 -0.0411252 45 146 229
-8.02839 357.963 0.0400366 45 146 229
-8.07698 357.993 -0.0222409 45 146 229
-8.04629 357.976 -0.00466122 45 146 229
-8.03381 357.964 0.0364666 45 146 229
-8.05159 357.956 0.0346261 45 146 229
-8.10035 357.987 -0.0237875 45 146 229
-8.10751 358.005 -0.0458545 45 146 229
-8.04953 357.958 0.0292594 45 146 229
-8.07099 357.994 -0.0257253 45 146 229
-8.06711 357.998 -0.0413865 45 146 229
-8.06448 357.961 0.0198171 45 146 229
-8.06191 357.989 -0.0202412 45 146 229
-8.05439 357.954 0.0388316 45 146 229
-8.07791 357.992 -0.0208698 45 146 229
-8.07349 357.974 -0.00710586 45 146 229
-8.05892 357.963 0.0159612 45 146 229
-8.02993 357.969 0.0229921 45 146 229
-8.11534 358.001 -0.0377788 45 146 229
-8.06691 358.003 -0.039756 45 146 229
-8.06989 357.98 -0.0192311 45 146 229
-8.05508 357.954 0.0390463 45 146 229
-8.09465 358.004 -0.0351644 45 146 229
-8.05118 357.96 0.0265704 45 146 229
-8.05831 357.968 0.00329491 45 146 229
-8.08308 357.972 -0.000568933 45 146 229
-8.09248 357.995 0.0140372 45 146 229
-8.04533 357.983 -0.00967937 45 146 229
-8.09401 357.978 -0.0106838 45 146 229
-8.0667 357.98 -0.0196751 45 146 229
-8.10339 357.986 -0.0225497 45 146 229
-8.06295 357.963 0.0162632 45 146 229
-8.05444 357.982 -0.0229816 45 146 229
-8.05235 357.961 0.0228844 45 146 229
-8.09254 357.991 -0.031588 45 146 229
-8.09384 358.001 -0.0302983 45 146 229
-8.05417 357.987 -0.0162823 45 146 229
-8.08197 357.989 -0.0308672 45 146 229
-8.09986 357.997 -0.0372993 45 146 229
-8.08008 357.985 0.0215746 45 146 229
-8.09348 357.998 0.0225055 45 146 229
-8.09666 357.995 -0.0363563 45 146 229
-8.06963 357.968 0.00542438 45 146 229
-8.08891 357.993 0.02534 45 146 229
-8.02701 357.965 0.0338964 45 146 229
-8.04669 357.971 0.0183085 45 146 229
-8.05358 357.961 0.0222164 45 146 229
-8.03811 357.968 0.0254776 45 146 229
-8.05341 357.963 0.0170154 45 146 229
-8.09033 357.986 -0.0228944 45 146 229
-8.08499 357.979 -0.0115894 45 146 229
-8.07891 358.004 -0.0404283 45 146 229
-8.07874 358.005 -0.0412981 45 146 229
-8.088 358.001 -0.0477488 45 146 229
-8.10278 357.995 -0.0327619 45 146 229
-8.08137 357.986 -0.027158 45 146 229
-8.06573 357.967 0.0511588 45 146 229
-8.06538 357.962 0.0174171 45 146 229
-8.05377 357.968 0.00333249 45 146 229
-8.06646 357.97 -0.000233618 45 146 229
-8.07727 357.969 0.00394395 45 146 229
-8.08578 357.989 -0.030505 45 146 229
-8.08198 357.999 -0.0305108 45 146 229
-8.03822 357.968 0.0252951 45 146 229
-8.10472 357.992 -0.0289547 45 146 229
-8.04794 357.963 0.0182817 45 146 229
-8.11381 357.994 -0.0291926 45 146 229
-8.06582 357.984 -0.0260614 45 146 229
-8.0443 357.971 -0.000286495 45 146 229
-8.07897 357.976 -0.00870585 45 146 229
-8.03831 357.97 0.0204983 45 146 229
-8.09387 358.0 -0.0291471 45 146 229
-8.05685 357.988 -0.0180191 45 146 229
-8.09515 357.981 -0.0143918 45 146 229
-8.11046 358.001 -0.0397512 45 146 229
-8.10944 357.993 -0.0288561 45 146 229
-8.04823 357.978 -0.0179013 45 146 229
-8.09662 357.989 -0.0248091 45 146 229
-8.07454 357.959 0.0191466 45 146 229
-8.06641 357.997 -0.039782 45 146 229
-8.04555 357.964 0.0160173 45 146 229
-8.06225 357.967 0.00759387 45 146 229
-8.06784 358.002 -0.0441022 45 146 229
-8.05394 357.976 0.00541605 45 146 229
-8.05765 357.989 -0.0189965 45 146 229
-8.0619 357.953 0.0364724 45 146 229
-8.11137 358.002 -0.0410237 45 146 229
-8.03077 357.963 0.0403048 45 146 229
-8.04915 357.98 -0.00415639 45 146 229
-8.05138 357.971 -0.00236269 45 146 229
-8.09387 358.009 -0.0420115 45 146 229
-8.07396 357.969 0.00368877 45 146 229
-8.07759 357.984 -0.0243946 45 146 229
-8.033 357.962 0.023042 45 146 229
-8.04523 357.958 0.0329591 45 146 229
-8.06554 357.956 0.0274358 45 146 229
-8.05815 357.963 0.0156412 45 146 229
-8.03221 357.962 0.023093 45 146 229
-8.07788 357.99 -0.0346873 45 146 229
-8.08474 358.002 -0.0505164 45 146 229
-8.11514 358.0 -0.0370849 45 146 229
-8.03954 357.96 0.0265896 45 146 229
-8.0761 357.971 0.00153733 45 146 229
-8.09428 357.975 -0.00668961 45 146 229
-8.09167 357.994 0.0123422 45 146 229
-8.03766 357.962 0.0200154 45 146 229
-8.09121 357.986 -0.0225354 45 146 229
-8.10061 357.997 -0.0374133 45 146 229
-8.06322 357.964 0.0147812 45 146 229
-8.05901 357.953 0.0388982 45 146 229
-8.11005 357.997 -0.0351457 45 146 229
-8.06741 357.97 0.000559187 45 146 229
-8.0988 357.998 -0.0396469 45 146 229
-8.07734 357.988 -0.0312725 45 146 229
-8.04969 357.963 0.0147109 45 146 229
-8.06407 357.963 0.0156776 45 146 229
-8.05566 357.96 0.0246867 45 146 229
-8.08022 357.997 -0.0274739 45 146 229
-8.08634 357.994 -0.0218447 45 146 229
-8.06365 357.963 0.0161419 45 146 229
-8.09541 357.989 -0.0263603 45 146 229
-8.08926 357.99 -0.0304412 45 146 229
-8.08457 357.992 -0.0345378 45 146 229
-8.11489 358.0 -0.0376555 45 146 229
-8.05504 357.954 0.0379978 45 146 229
-8.09506 357.988 -0.0244849 45 146 229
-8.08759 357.989 -0.0301401 45 146 229
-8.05665 357.953 0.0396425 45 146 229
-8.08037 358.002 -0.0367145 45 146 229
-8.06103 357.965 0.0114055 45 146 229
-8.08176 357.987 -0.0280596 45 146 229
-8.07829 357.981 -0.0188643 45 146 229
-8.05209 357.96 0.0237511 45 146 229
-8.08193 357.987 -0.0284844 45 146 229
-8.06624 357.975 -0.0102335 45 146 229
-8.10325 357.992 -0.0288094 45 146 229
-8.11237 357.998 -0.0349854 45 146 229
-8.10794 357.989 -0.0270046 45 146 229
-8.06524 357.979 0.000651524 45 146 229
-8.07966 357.979 -0.0136218 45 146 229
-8.06882 357.959 0.020301 45 146 229
-8.06958 357.979 -0.0178682 45 146 229
-8.06065 357.969 0.00212856 45 146 229
-8.08871 357.982 -0.016951 45 146 229
-8.06546 357.959 0.0232244 45 146 229
-8.04565 357.976 -0.0131767 45 146 229
-8.0568 357.954 0.0382805 45 146 229
-8.06659 357.998 -0.0389117 45 146 229
-8.06597 357.989 -0.0344318 45 146 229
-8.06767 357.978 0.00290779 45 146 229
-8.05927 357.952 0.0401125 45 146 229
-8.08136 357.998 -0.0301108 45 146 229
-8.06317 357.964 0.0150405 45 146 229
-8.04734 357.974 0.0101891 45 146 229
-8.06347 357.98 -0.000827655 45 146 229
-8.08376 357.987 -0.0285802 45 146 229
-8.0942 357.987 -0.0224217 45 146 229
-8.04695 357.956 0.0367204 45 146 229
-8.04601 357.972 0.0158192 45 146 229
-8.09496 357.983 -0.0175527 45 146 229
-8.12232 358.0 -0.0368065 45 146 229
-8.09028 358.005 -0.0383618 45 146 229
-8.07924 357.978 -0.0137857 45 146 229
-8.07601 358.002 -0.0372045 45 146 229
-8.0373 357.958 0.0312007 45 146 229
-8.07226 357.99 -0.0350283 45 146 229
-8.06627 357.984 -0.0101904 45 146 229
-8.07149 357.967 0.00771146 45 146 229
-8.08331 357.986 0.0119298 45 146 229
-8.10313 358.002 -0.00195919 45 146 229
-8.09209 357.977 -0.0100199 45 146 229
-8.05507 357.979 -0.0186859 45 146 229
-8.08467 357.984 -0.021656 45 146 229
-8.05167 357.954 0.0390943 45 146 229
-8.09088 357.988 -0.0265358 45 146 229
-8.04335 357.955 0.0406158 45 146 229
-8.03809 357.96 0.0259086 45 146 229
-8.07792 357.968 0.00568307 45 146 229
-8.06095 357.98 -0.0197945 45 146 229
-8.0625 357.963 0.0171825 45 146 229
-8.10313 358.01 -0.0411555 45 146 229
-8.0508 357.953 0.0424123 45 146 229
-8.04147 357.957 0.037481 45 146 229
-8.07217 357.986 -0.0281919 45 146 229
-8.07412 357.991 -0.0204966 45 146 229
-8.07885 357.969 0.00435226 45 146 229
-8.07195 357.994 -0.0262028 45 146 229
-8.11309 357.999 -0.0370798 45 146 229
-8.05513 357.957 0.032368 45 146 229
-8.08021 357.98 -0.0173418 45 146 229
-8.03243 357.964 0.0179344 45 146 229
-8.05409 357.953 0.0406631 45 146 229
-8.06765 357.968 0.00563244 45 146 229
-8.0868 357.986 -0.0251302 45 146 229
-8.05539 357.958 0.0292755 45 146 229
-8.07302 357.968 0.00500891 45 146 229
-8.05093 357.974 0.009917 45 146 229
-8.04461 357.954 0.042879 45 146 229
-8.09516 357.997 -0.0392082 45 146 229
-8.07683 357.98 -0.0176362 45 146 229
-8.05995 357.958 0.0265191 45 146 229
-8.08593 357.994 -0.0227575 45 146 229
-8.0755 357.997 -0.029264 45 146 229
-8.06085 357.969 0.001158 45 146 229
-8.09131 357.997 -0.0400435 45 146 229
-8.06071 357.962 0.0192089 45 146 229
-8.08258 357.986 -0.0260001 45 146 229
-8.08526 357.982 -0.0177269 45 146 229
-8.05467 357.964 0.0123713 45 146 229
-8.06376 357.985 -0.0118969 45 146 229
-8.0695 357.963 0.01499 45 146 229
-8.11285 357.994 -0.0308787 45 146 229
-8.09164 357.998 -0.0269877 45 146 229
-8.07404 357.99 -0.0344535 45 146 229
-8.09321 357.997 -0.0395178 45 146 229
-8.10048 358.003 0.0098252 45 146 229
-8.03544 357.958 0.0336276 45 146 229
-8.07294 357.987 -0.0306913 45 146 229
-8.05918 357.953 0.0386416 45 146 229
-8.09599 357.997 -0.0388887 45 146 229
-8.06389 357.959 0.0236403 45 146 229
-8.0398 357.958 0.033044 45 146 229
-8.07044 357.981 -0.00201064 45 146 229
-8.08096 357.987 -0.0110967 45 146 229
-8.07648 357.984 -0.0242476 45 146 229
-8.05704 357.973 0.0138275 45 146 229
-8.0517 357.964 0.0126861 45 146 229
-8.06071 357.957 0.0286086 45 146 229
-8.05901 357.954 0.0322815 45 146 229
-8.03133 357.964 0.0347785 45 146 229
-8.07148 357.965 0.011186 45 146 229
-8.03971 357.96 0.0238103 45 146 229
-8.0671 357.982 -0.00441096 45 146 229
-8.05833 357.959 0.0250678 45 146 229
-8.05328 357.955 0.0358574 45 146 229
-8.0959 358.003 -0.0468564 45 146 229
-8.08193 358.002 -0.0359037 45 146 229
-8.06025 357.989 -0.0196651 45 146 229
-8.04648 357.97 0.0206989 45 146 229
-8.06725 357.969 0.00237602 45 146 229
-8.10951 357.999 -0.0369532 45 146 229
-8.05495 357.961 0.022787 45 146 229
-8.04398 357.954 0.0433195 45 146 229
-8.09149 358.003 -0.0343585 45 146 229
-8.06997 357.958 0.022316 45 146 229
-8.05469 357.973 -0.00871787 45 146 229
-8.08046 357.963 0.0106138 45 146 229
-8.06855 357.973 -0.005687 45 146 229
-8.06508 357.959 0.0224524 45 146 229
-8.0686 358.001 -0.0499787 45 146 229
-8.06932 357.96 0.0192621 45 146 229
-8.04465 357.978 0.00564027 45 146 229
-8.08315 357.986 -0.025574 45 146 229
-8.08161 357.99 -0.0331192 45 146 229
-8.09111 358.009 -0.0432608 45 146 229
-8.06127 357.976 -0.0131454 45 146 229
-8.07157 357.965 0.011166 45 146 229
-8.04083 357.956 0.0400423 45 146 229
-8.04781 357.957 0.0344938 45 146 229
-8.07709 357.994 -0.0237276 45 146 229
-8.02962 357.963 0.0201497 45 146 229
-8.07346 357.964 0.0107948 45 146 229
-8.09001 357.994 0.0211976 45 146 229
-8.10145 357.989 -0.0246656 45 146 229
-8.11141 357.995 -0.0328089 45 146 229
-8.03517 357.959 0.0287812 45 146 229
-8.08971 357.982 -0.0159218 45 146 229
-8.07394 357.974 -0.00621778 45 146 229
-8.08131 357.98 -0.0152861 45 146 229
-8.04642 357.976 -0.00534716 45 146 229
-8.05871 357.983 -0.00835142 45 146 229
-8.06639 357.983 -0.00776034 45 146 229
-8.06611 357.964 0.0135783 45 146 229
-8.06531 357.952 0.0347124 45 146 229
-8.06279 357.961 0.0200556 45 146 229
-8.0913 358.001 -0.0316694 45 146 229
-8.08134 357.976 -0.00818133 45 146 229
-8.08292 357.988 -0.0290159 45 146 229
-8.08961 357.991 -0.0329338 45 146 229
-8.10005 358.004 -0.0468034 45 146 229
-8.06438 357.958 0.025299 45 146 229
-8.09117 357.996 0.0223705 45 146 229
-8.07742 357.998 -0.0455488 45 146 229
-8.08931 357.987 -0.0248295 45 146 229
-8.07104 358.002 -0.038533 45 146 229
-8.04244 357.97 0.0213293 45 146 229
-8.08603 357.977 -0.00938777 45 146 229
-8.06812 357.957 0.0246195 45 146 229
-8.09353 357.995 0.0104838 45 146 229
-8.05084 357.975 -0.0112961 45 146 229
-8.06869 357.961 0.0174877 45 146 229
-8.05417 357.979 -0.0187215 45 146 229
-8.0721 357.966 0.00957324 45 146 229
-8.03741 357.962 0.0200578 45 146 229
-8.09399 358.0 -0.0291052 45 146 229
-8.06573 357.961 0.0199277 45 146 229
-8.06027 357.978 0.0012901 45 146 229
-8.07127 357.989 -0.0336599 45 146 229
-8.07688 357.988 -0.0316519 45 146 229
-8.10593 357.995 -0.0319735 45 146 229
-8.04485 357.974 0.000672818 45 146 229
-8.05616 357.973 0.0118935 45 146 229
-8.08788 358.0 -0.0303428 45 146 229
-8.06283 357.995 -0.0290167 45 146 229
-8.07928 357.978 -0.0122255 45 146 229
-8.07674 357.985 -0.0261376 45 146 229
-8.07408 357.983 -0.0236042 45 146 229
-8.0599 357.982 -0.00715468 45 146 229
-8.06719 357.984 -0.0263043 45 146 229
-8.09808 358.001 0.019402 45 146 229
-8.067 357.986 -0.0292832 45 146 229
-8.1002 357.984 -0.0195657 45 146 229
-8.084 357.97 0.00114277 45 146 229
-8.04463 357.963 0.0176485 45 146 229
-8.09346 357.993 -0.0340388 45 146 229
-8.05961 357.96 0.0231815 45 146 229
-8.06458 357.97 -0.000349662 45 146 229
-8.0482 357.954 0.0428127 45 146 229
-8.09373 357.992 -0.0321843 45 146 229
-8.08364 357.978 -0.0113586 45 146 229
-8.06491 357.978 -0.016079 45 146 229
-8.09176 357.973 -0.00324005 45 146 229
-8.09041 357.996 -0.0397233 45 146 229
-8.06391 357.972 -0.00622036 45 146 229
-8.05597 357.953 0.039141 45 146 229
-8.07655 358.006 -0.0424843 45 146 229
-8.0371 357.961 0.0239044 45 146 229
-8.06041 357.969 0.000397288 45 146 229
-8.06752 357.963 0.0152132 45 146 229
-8.04544 357.972 -0.00502152 45 146 229
-8.08489 358.004 -0.0373373 45 146 229
-8.10999 357.999 -0.0380496 45 146 229
-8.12166 358.006 -0.0422218 45 146 229
-8.09607 358.005 -0.0355743 45 146 229
-8.08614 357.999 -0.0297865 45 146 229
-8.03597 357.964 0.0366095 45 146 229
-8.06678 357.989 -0.0186029 45 146 229
-8.07596 357.999 -0.048057 45 146 229
-8.09964 357.991 -0.0282438 45 146 229
-8.06242 357.961 0.0210815 45 146 229
-8.05057 357.972 -0.00539104 45 146 229
-8.05255 357.973 0.011494 45 146 229
-8.07614 357.974 -0.00556827 45 146 229
-8.08575 357.977 -0.00906413 45 146 229
-8.07054 357.99 -0.0353306 45 146 229
-8.08323 358.007 -0.0438941 45 146 229
-8.08877 357.989 -0.0285575 45 146 229
-8.08547 357.995 -0.0237365 45 146 229
-8.11563 358.011 -0.0475655 45 146 229
-8.05937 357.982 -0.0067171 45 146 229
-8.11762 357.995 -0.0318341 45 146 229
-8.06014 357.981 -0.00516926 45 146 229
-8.03559 357.962 0.0209019 45 146 229
-8.07774 357.969 0.00447839 45 146 229
-8.11031 357.994 -0.0302435 45 146 229
-8.07961 358.001 -0.0513725 45 146 229
-8.12107 358.001 -0.0374626 45 146 229
-8.09871 358.0 0.00876614 45 146 229
-8.0501 357.987 -0.0207211 45 146 229
-8.06977 357.972 -0.00335432 45 146 229
-8.09302 357.999 -0.042537 45 146 229
-8.06597 357.973 -0.0073149 45 146 229
-8.07444 358.003 -0.0381086 45 146 229
-8.09237 357.997 -0.0398749 45 146 229
-8.07704 357.998 -0.0462944 45 146 229
-8.07511 357.973 -0.00243166 45 146 229
-8.08359 357.972 -0.00139784 45 146 229
-8.06207 357.97 -0.00150606 45 146 229
-8.05062 357.964 0.0125514 45 146 229
-8.05028 357.974 0.0104613 45 146 229
-8.04498 357.975 -0.0103621 45 146 229
-8.05254 357.98 -0.00416538 45 146 229
-8.06141 357.965 0.0118386 45 146 229
-8.09605 358.0 -0.0419218 45 146 229
-8.10572 357.987 -0.0233863 45 146 229
-8.07602 357.986 -0.027644 45 146 229
-8.07762 357.998 -0.0456785 45 146 229
-8.07674 357.977 -0.0100808 45 146 229
-8.0704 357.977 -0.0142098 45 146 229
-8.08455 358.001 -0.0330562 45 146 229
-8.0918 357.989 -0.0281576 45 146 229
-8.09875 357.985 -0.019649 45 146 229
-8.09524 357.989 -0.0263965 45 146 229
-8.09327 358.007 -0.0398285 45 146 229
-8.0703 357.995 -0.0273233 45 146 229
-8.05157 357.982 -0.00761736 45 146 229
-8.06582 357.99 -0.0199034 45 146 229
-8.07698 357.984 -0.0236726 45 146 229
-8.0933 357.999 -0.0280224 45 146 229
-8.08037 358.0 -0.0327207 45 146 229
-8.09621 357.997 -0.0379955 45 146 229
-8.04323 357.964 0.015622 45 146 229
-8.06704 357.989 -0.0187183 45 146 229
-8.10191 357.996 -0.0356587 45 146 229
-8.05535 357.968 0.00323542 45 146 229
-8.0655 357.96 0.0205866 45 146 229
-8.06578 357.99 -0.0200463 45 146 229
-8.05902 357.954 0.0356068 45 146 229
-8.08201 357.977 -0.00960287 45 146 229
-8.11172 357.998 -0.0362708 45 146 229
-8.04544 357.974 -0.00363115 45 146 229
-8.1066 357.999 -0.0375612 45 146 229
-8.0278 357.966 0.0151361 45 146 229
-8.08265 357.997 -0.0435257 45 146 229
-8.0412 357.96 0.0251344 45 146 229
-8.06668 357.979 -0.0176524 45 146 229
-8.08899 357.998 -0.0279263 45 146 229
-8.04087 357.968 0.0257409 45 146 229
-8.04208 357.957 0.0365342 45 146 229
-8.09164 357.994 0.0155812 45 146 229
-8.06724 358.004 -0.0404313 45 146 229
-8.10977 358.007 -0.00857544 45 146 229
-8.05315 357.982 -0.00816688 45 146 229
-8.09864 357.995 -0.0347107 45 146 229
-8.07098 358.007 -0.0425979 45 146 229
-8.05237 357.971 -0.00233486 45 146 229
-8.11024 357.991 -0.0270965 45 146 229
-8.05082 357.96 0.0250277 45 146 229
-8.07978 357.999 -0.0309056 45 146 229
-8.07213 358.0 -0.0341591 45 146 229
-8.08759 357.98 -0.0132478 45 146 229
-8.06829 357.96 0.0210707 45 146 229
-8.0437 357.972 0.00382684 45 146 229
-8.09192 358.01 -0.0459517 45 146 229
-8.06453 357.975 -0.0119075 45 146 229
-8.04519 357.977 -0.00106318 45 146 229
-8.07237 358.001 -0.0363812 45 146 229
-8.10302 357.998 -0.0386526 45 146 229
-8.05095 357.954 0.0413133 45 146 229
-8.08782 357.989 -0.0301701 45 146 229
-8.09768 358.001 -0.0436879 45 146 229
-8.091 357.996 -0.0245033 45 146 229
-8.0665 357.962 0.0168434 45 146 229
-8.06639 357.986 -0.0297042 45 146 229
-8.103 357.993 -0.0288194 45 146 229
-8.06878 357.985 -0.0277444 45 146 229
-8.02865 357.964 0.0366608 45 146 229
-8.04093 357.96 0.0248906 45 146 229
-8.09228 357.994 0.0139253 45 146 229
-8.1099 357.999 -0.0382431 45 146 229
-8.09682 357.992 -0.0320161 45 146 229
-8.09685 357.994 -0.03459 45 146 229
-8.07748 357.994 -0.0231496 45 146 229
-8.04564 357.955 0.0391939 45 146 229
-8.08929 357.975 -0.00608797 45 146 229
-8.072 357.989 -0.0341241 45 146 229
-8.11603 358.005 -0.0440734 45 146 229
-8.09139 358.001 -0.044997 45 146 229
-8.11905 358.003 -0.0414888 45 146 229
-8.09834 357.993 -0.0316605 45 146 229
-8.07245 357.964 0.0123271 45 146 229
-8.04821 357.972 0.0149061 45 146 229
-8.06358 357.955 0.0297977 45 146 229
-8.08018 358.001 -0.0491801 45 146 229
-8.07553 357.988 -0.0315282 45 146 229
-8.11078 358.0 -0.0384315 45 146 229
-8.05124 357.983 -0.00836882 45 146 229
-8.083 357.992 -0.0352627 45 146 229
-8.04722 357.954 0.0410011 45 146 229
-8.07946 357.999 -0.0321707 45 146 229
-8.0758 357.998 -0.0303953 45 146 229
-8.06746 357.998 -0.045297 45 146 229
-8.06631 357.995 -0.0279061 45 146 229
-8.08106 357.979 -0.0151073 45 146 229
-8.06456 357.975 -0.010569 45 146 229
-8.0727 357.976 -0.0100964 45 146 229
-8.06407 357.993 -0.024867 45 146 229
-8.09579 358.011 -0.0451289 45 146 229
-8.04262 357.964 0.014383 45 146 229
-8.05386 357.98 -0.0197138 45 146 229
-8.08076 357.973 -0.00224433 45 146 229
-8.06338 357.99 -0.0342318 45 146 229
-8.10487 357.996 -0.0342778 45 146 229
-8.05257 357.953 0.0420183 45 146 229
-8.09016 357.99 -0.0310905 45 146 229
-8.02772 357.964 0.0356754 45 146 229
-8.03386 357.962 0.021077 45 146 229
-8.0702 357.97 0.000794846 45 146 229
-8.06811 357.965 0.0123804 45 146 229
-8.07585 357.975 -0.00734056 45 146 229
-8.07821 357.977 -0.010752 45 146 229
-8.03707 357.957 0.0339521 45 146 229
-8.0691 357.963 0.0155721 45 146 229
-8.07801 357.989 -0.0322996 45 146 229
-8.1149 358.005 -0.0438416 45 146 229
-8.04465 357.962 0.0199179 45 146 229
-8.09552 357.981 -0.0153419 45 146 229
-8.09446 357.978 -0.0103712 45 146 229
-8.05313 357.958 0.0307756 45 146 229
-8.10452 357.998 -0.0381671 45 146 229
-8.06334 357.999 -0.0354686 45 146 229
-8.07228 357.986 -0.0122388 45 146 229
-8.10485 357.994 -0.0314336 45 146 229
-8.07022 357.963 0.0142956 45 146 229
-8.06466 357.97 0.000445242 45 146 229
-8.11601 358.004 -0.0415206 45 146 229
-8.06205 357.982 -0.00740906 45 146 229
-8.04498 357.975 -0.00973425 45 146 229
-8.03417 357.96 0.0260294 45 146 229
-8.05703 357.982 -0.00762006 45 146 229
-8.06889 357.99 -0.0201942 45 146 229
-8.06594 357.98 -0.019783 45 146 229
-8.09425 357.984 -0.019305 45 146 229
-8.11128 357.989 -0.0260514 45 146 229
-8.04518 357.973 -0.00165184 45 146 229
-8.0861 357.983 -0.0195397 45 146 229
-8.07644 357.993 -0.0225639 45 146 229
-8.07909 357.974 -0.00448049 45 146 229
-8.05488 357.956 0.033007 45 146 229
-8.08498 357.987 -0.0281159 45 146 229
-8.09347 357.981 -0.0139344 45 146 229
-8.06712 357.979 -0.0182406 45 146 229
-8.09209 357.999 -0.0283774 45 146 229
-8.07215 357.968 0.00570636 45 146 229
-8.05252 357.964 0.0136469 45 146 229
-8.07669 357.968 0.00544435 45 146 229
-8.0905 357.999 -0.0429117 45 146 229
-8.0718 357.963 0.0141917 45 146 229
-8.05781 357.974 -0.0101926 45 146 229
-8.07158 357.975 -0.00943847 45 146 229
-8.04828 357.982 -0.0079769 45 146 229
-8.08062 357.975 -0.00663728 45 146 229
-8.0665 357.997 -0.0386849 45 146 229
-8.10487 358.004 -4.12167e-05 45 146 229
-8.09256 357.991 -0.0307872 45 146 229
-8.04123 357.969 0.023328 45 146 229
-8.04643 357.959 0.029433 45 146 229
-8.06457 357.97 -0.000783999 45 146 229
-8.05333 357.963 0.0161476 45 146 229
-8.07245 357.986 -0.0117036 45 146 229
-8.0832 357.976 -0.00845776 45 146 229
-8.07639 357.978 -0.0147508 45 146 229
-8.08064 357.965 0.00901637 45 146 229
-8.04464 357.959 0.0295875 45 146 229
-8.08667 357.997 -0.0422446 45 146 229
-8.08526 358.002 -0.0341933 45 146 229
-8.04805 357.972 0.0163211 45 146 229
-8.10491 357.989 -0.0248892 45 146 229
-8.11686 357.992 -0.0280752 45 146 229
-8.05218 357.973 0.0125884 45 146 229
-8.08773 357.995 -0.0391557 45 146 229
-8.07591 357.968 0.00472764 45 146 229
-8.05532 357.953 0.039719 45 146 229
-8.07487 357.967 0.00698335 45 146 229
-8.06141 357.965 0.0119878 45 146 229
-8.05269 357.973 0.0119565 45 146 229
-8.06688 357.966 0.0111205 45 146 229
-8.04527 357.959 0.0277979 45 146 229
-8.07646 357.987 -0.0122988 45 146 229
-8.06227 357.98 -0.0013473 45 146 229
-8.08618 357.983 -0.019685 45 146 229
-8.11551 358.002 -0.0397888 45 146 229
-8.08314 357.988 0.0253258 45 146 229
-8.03993 357.959 0.0301126 45 146 229
-8.0766 357.991 -0.0352816 45 146 229
-8.09624 357.987 -0.0220854 45 146 229
-8.06581 357.975 -0.0120163 45 146 229
-8.08404 357.992 -0.0352106 45 146 229
-8.0469 357.975 0.00628991 45 146 229
-8.10784 357.994 -0.0302181 45 146 229
-8.05163 357.97 -0.00183664 45 146 229
-8.09189 357.983 -0.0168914 45 146 229
-8.06299 357.966 0.00927472 45 146 229
-8.03802 357.966 0.0291382 45 146 229
-8.02576 357.963 0.0390923 45 146 229
-8.10615 357.992 -0.0287151 45 146 229
-8.09481 357.999 0.0195864 45 146 229
-8.1013 357.994 -0.0314312 45 146 229
-8.05334 357.956 0.0345313 45 146 229
-8.09084 357.997 -0.0407147 45 146 229
-8.11122 358.003 -0.0418053 45 146 229
-8.03726 357.964 0.0147942 45 146 229
-8.0559 357.961 0.0204253 45 146 229
-8.08909 357.998 -0.0268393 45 146 229
-8.10031 357.998 -0.0385235 45 146 229
-8.0911 358.001 -0.0321879 45 146 229
-8.06495 357.958 0.0251865 45 146 229
-8.07266 357.984 -0.0250718 45 146 229
-8.08678 357.998 -0.0434326 45 146 229
-8.04814 357.96 0.024823 45 146 229
-8.08367 357.995 -0.040326 45 146 229
-8.06676 357.994 -0.026959 45 146 229
-8.0807 357.984 -0.0228545 45 146 229
-8.05082 357.957 0.0317497 45 146 229
-8.06463 357.97 -0.00091527 45 146 229
-8.06777 357.979 -0.0176182 45 146 229
-8.06887 358.0 -0.0489128 45 146 229
-8.08029 357.979 -0.0150046 45 146 229
-8.05792 357.987 -0.0317766 45 146 229
-8.09163 357.983 -0.0180517 45 146 229
-8.08812 357.992 0.023841 45 146 229
-8.09744 357.98 -0.0134239 45 146 229
-8.08576 358.008 -0.0538393 45 146 229
-8.06987 357.985 -0.0113183 45 146 229
-8.08084 357.999 -0.0316034 45 146 229
-8.05979 357.958 0.0280629 45 146 229
-8.09958 357.989 -0.0247004 45 146 229
-8.11077 357.997 -0.0344285 45 146 229
-8.08162 357.978 -0.0112075 45 146 229
-8.05418 357.979 -0.00110492 45 146 229
-8.0623 357.987 -0.0167388 45 146 229
-8.08307 358.003 -0.0523327 45 146 229
-8.07953 357.988 -0.0142591 45 146 229
-8.06666 357.97 -0.000313219 45 146 229
-8.07394 357.972 -0.00211637 45 146 229
-8.08854 357.993 -0.036139 45 146 229
-8.08042 357.962 0.0121722 45 146 229
-8.08876 357.984 -0.0204697 45 146 229
-8.09414 357.994 -0.0358634 45 146 229
-8.09822 358.01 -0.0431973 45 146 229
-8.05767 357.974 -0.010874 45 146 229
-8.04498 357.975 -0.00967734 45 146 229
-8.08543 358.001 -0.0324824 45 146 229
-8.05066 357.975 0.0063653 45 146 229
-8.0339 357.963 0.0390019 45 146 229
-8.05182 357.987 -0.0293474 45 146 229
-8.08007 357.988 -0.01391 45 146 229
-8.08042 357.981 -0.0187303 45 146 229
-8.06861 357.967 0.00829944 45 146 229
-8.07637 357.959 0.0185096 45 146 229
-8.09164 357.986 -0.0227588 45 146 229
-8.0797 357.996 -0.0420245 45 146 229
-8.08982 358.001 -0.0460965 45 146 229
-8.09947 357.984 -0.0188242 45 146 229
-8.07317 357.974 -0.0063633 45 146 229
-8.03481 357.96 0.0259901 45 146 229
-8.08089 357.981 -0.0172731 45 146 229
-8.06427 357.991 -0.0353083 45 146 229
-8.10419 357.99 -0.0259751 45 146 229
-8.04125 357.969 0.00504709 45 146 229
-8.06464 357.967 0.0535258 45 146 229
-8.07368 357.987 -0.0131701 45 146 229
-8.06608 357.974 -0.00904067 45 146 229
-8.06282 357.955 0.0316236 45 146 229
-8.09109 358.01 -0.0453516 45 146 229
-8.07353 357.981 -0.0200412 45 146 229
-8.04056 357.959 0.0289907 45 146 229
-8.03263 357.962 0.0207878 45 146 229
-8.04818 357.973 -0.00643838 45 146 229
-8.06567 357.985 -0.0283819 45 146 229
-8.0568 357.974 -0.011111 45 146 229
-8.07121 357.967 0.00652853 45 146 229
-8.05358 357.974 -0.0103419 45 146 229
-8.05728 357.99 -0.0210797 45 146 229
-8.06938 357.995 -0.0271791 45 146 229
-8.10613 357.991 -0.0273798 45 146 229
-8.04716 357.97 -0.000105975 45 146 229
-8.0594 357.985 -0.0122472 45 146 229
-8.05718 357.983 -0.00890382 45 146 229
-8.11172 358.0 -0.0387664 45 146 229
-8.06119 357.979 0.00012905 45 146 229
-8.07837 358.008 -0.0450161 45 146 229
-8.03524 357.966 0.0306263 45 146 229
-8.06541 357.962 0.0178917 45 146 229
-8.09395 357.996 0.0122644 45 146 229
-8.0738 358.005 -0.0538317 45 146 229
-8.06631 357.99 -0.0358895 45 146 229
-8.11654 358.005 -0.0423518 45 146 229
-8.05686 357.987 -0.0161172 45 146 229
-8.04801 357.955 0.0401439 45 146 229
-8.04823 357.952 0.0473119 45 146 229
-8.04801 357.966 0.00953636 45 146 229
-8.09845 357.998 -0.0392561 45 146 229
-8.09268 357.998 -0.0264381 45 146 229
-8.06298 357.962 0.0175484 45 146 229
-8.09944 358.002 -0.044921 45 146 229
-8.05822 357.971 -0.00358204 45 146 229
-8.09552 358.0 -0.0433377 45 146 229
-8.09427 357.998 -0.0403543 45 146 229
-8.0844 357.998 -0.0450808 45 146 229
-8.07303 357.973 -0.00503617 45 146 229
-8.09031 357.993 0.0168248 45 146 229
-8.03513 357.964 0.0342541 45 146 229
-8.0634 357.968 0.00490304 45 146 229
-8.06375 357.954 0.0317718 45 146 229
-8.04941 357.953 0.0464955 45 146 229
-8.06984 357.964 0.01361 45 146 229
-8.11329 358.0 -0.0382695 45 146 229
-8.10651 357.996 -0.0330828 45 146 229
-8.09545 357.974 -0.00635368 45 146 229
-8.0805 357.989 -0.0313067 45 146 229
-8.05868 357.995 -0.0292942 45 146 229
-8.11463 357.992 -0.0283486 45 146 229
-8.05001 357.972 0.0141001 45 146 229
-8.05534 357.988 -0.0287942 45 146 229
-8.04373 357.972 0.00360308 45 146 229
-8.03015 357.962 0.0223035 45 146 229
-8.04445 357.976 -0.0102233 45 146 229
-8.07277 357.996 -0.0279335 45 146 229
-8.06433 358.006 -0.0532683 45 146 229
-8.07926 357.994 -0.0230696 45 146 229
-8.11536 358.01 -0.048463 45 146 229
-8.07638 357.967 0.00703336 45 146 229
-8.10265 358.0 -0.0413112 45 146 229
-8.10147 358.0 -0.0416624 45 146 229
-8.06018 357.977 -0.0160776 45 146 229
-8.04949 357.966 0.00850701 45 146 229
-8.09779 357.999 -0.0412624 45 146 229
-8.06882 357.971 -0.00122079 45 146 229
-8.06413 357.999 -0.037363 45 146 229
-8.05696 357.984 -0.0117953 45 146 229
-8.06279 357.977 0.00431001 45 146 229
-8.07742 357.988 -0.0149213 45 146 229
-8.05839 357.963 0.0176648 45 146 229
-8.104 358.005 0.00326752 45 146 229
-8.05439 357.983 -0.0093558 45 146 229
-8.10287 358.001 -0.0417541 45 146 229
-8.05922 357.98 -0.0210569 45 146 229
-8.05913 357.957 0.0294666 45 146 229
-8.06956 358.003 -0.0510995 45 146 229
-8.06619 357.975 -0.0105344 45 146 229
-8.0788 357.96 0.0196144 45 146 229
-8.06884 357.959 0.0212171 45 146 229
-8.06096 357.992 -0.0242426 45 146 229
-8.04248 357.966 0.0290602 45 146 229
-8.09616 357.99 -0.0281226 45 146 229
-8.0445 357.954 0.0438452 45 146 229
-8.10262 357.987 -0.0230268 45 146 229
-8.10268 358.006 -0.0361345 45 146 229
-8.03487 357.97 0.0119395 45 146 229
-8.07273 357.964 0.0127999 45 146 229
-8.06585 357.976 -0.0136413 45 146 229
-8.07613 357.995 -0.0264353 45 146 229
-8.09324 357.996 -0.0388761 45 146 229
-8.03345 357.957 0.036137 45 146 229
-8.08251 357.999 -0.0467797 45 146 229
-8.0776 357.99 -0.0340801 45 146 229
-8.10002 358.003 -0.0459882 45 146 229
-8.08377 357.984 -0.0217676 45 146 229
-8.09881 358.001 0.0125209 45 146 229
-8.08373 357.995 -0.0243583 45 146 229
-8.05233 357.97 -0.00126929 45 146 229
-8.1064 358.001 -0.0414765 45 146 229
-8.07178 357.993 -0.0401706 45 146 229
-8.10885 357.998 -0.0366327 45 146 229
-8.06566 357.965 0.0127904 45 146 229
-8.10786 357.998 -0.03606 45 146 229
-8.07196 357.963 0.0126927 45 146 229
-8.07615 357.994 -0.0239366 45 146 229
-8.06546 357.963 0.0170587 45 146 229
-8.09421 357.984 -0.0187626 45 146 229
-8.08901 357.999 -0.0430396 45 146 229
-8.06497 357.968 0.00385189 45 146 229
-8.0787 358.004 -0.0390798 45 146 229
-8.10036 358.002 -0.0439583 45 146 229
-8.09318 357.985 -0.0204642 45 146 229
-8.06479 357.977 0.0044595 45 146 229
-8.09588 357.989 -0.0251137 45 146 229
-8.07103 357.978 -0.0153165 45 146 229
-8.11859 358.0 -0.0369853 45 146 229
-8.09476 357.985 -0.0194538 45 146 229
-8.06439 357.989 -0.0186831 45 146 229
-8.05673 357.953 0.0390266 45 146 229
-8.11042 358.007 -0.0461897 45 146 229
-8.07735 357.988 -0.0303373 45 146 229
-8.03649 357.971 0.0165489 45 146 229
-8.08294 358.006 -0.041479 45 146 229
-8.05966 357.979 -0.00101202 45 146 229
-8.12124 358.009 -0.0442275 45 146 229
-8.05709 357.978 -0.0167623 45 146 229
-8.12183 358.002 -0.0391318 45 146 229
-8.07407 357.997 -0.0301313 45 146 229
-8.10993 358.004 -0.0433053 45 146 229
-8.12218 357.999 -0.0347715 45 146 229
-8.11977 357.999 -0.0347909 45 146 229
-8.09765 358.007 -0.0388494 45 146 229
-8.06414 357.966 0.0104765 45 146 229
-8.04438 357.975 0.00475026 45 146 229
-8.06716 357.983 -0.00650253 45 146 229
-8.05929 357.98 -0.0211521 45 146 229
-8.10664 357.986 -0.0230872 45 146 229
-8.04905 357.959 0.026371 45 146 229
-8.07856 357.989 -0.0165775 45 146 229
-8.05972 357.969 -0.00019455 45 146 229
-8.11473 357.993 -0.0289733 45 146 229
-8.04832 357.981 -0.0197529 45 146 229
-8.10657 357.998 -0.0367886 45 146 229
-8.04987 357.954 0.039663 45 146 229
-8.09407 358.0 -0.0430793 45 146 229
-8.05727 357.973 -0.00741412 45 146 229
-8.08565 357.98 -0.0133237 45 146 229
-8.11428 358.005 -0.0435302 45 146 229
-8.05351 357.976 -0.0135198 45 146 229
-8.07044 357.97 0.00211872 45 146 229
-8.10052 357.985 -0.0203195 45 146 229
-8.09923 357.994 -0.0323443 45 146 229
-8.10587 358.007 0.00711501 45 146 229
-8.05598 357.973 0.0135776 45 146 229
-8.07789 357.985 -0.0262665 45 146 229
-8.05369 357.991 -0.0212649 45 146 229
-8.11664 358.002 -0.03996 45 146 229
-8.10478 357.982 -0.0176982 45 146 229
-8.06324 357.962 0.017621 45 146 229
-8.08475 358.007 -0.0436684 45 146 229
-8.07682 358.003 -0.038334 45 146 229
-8.05441 357.982 -0.00742252 45 146 229
-8.06364 357.967 0.0085934 45 146 229
-8.09286 357.997 -0.0401089 45 146 229
-8.07495 357.999 -0.0324858 45 146 229
-8.11156 357.989 -0.0254717 45 146 229
-8.07862 358.005 -0.0416827 45 146 229
-8.07173 357.965 0.0102756 45 146 229
-8.09996 357.989 -0.0246002 45 146 229
-8.08507 357.989 0.0235171 45 146 229
-8.03241 357.962 0.0222864 45 146 229
-8.07499 357.988 -0.0152605 45 146 229
-8.07108 357.969 0.00344748 45 146 229
-8.0715 357.987 -0.0307137 45 146 229
-8.03232 357.962 0.0217546 45 146 229
-8.09694 357.987 -0.021795 45 146 229
-8.05745 357.985 -0.013698 45 146 229
-8.06707 357.997 -0.0415453 45 146 229
-8.0874 357.986 -0.0248729 45 146 229
-8.04812 357.984 -0.0122375 45 146 229
-8.05242 357.954 0.039581 45 146 229
-8.05447 357.971 -0.00381324 45 146 229
-8.07406 357.972 -0.000776168 45 146 229
-8.07598 357.993 -0.0231539 45 146 229
-8.0812 357.979 -0.0129224 45 146 229
-8.07476 357.96 0.0155937 45 146 229
-8.02649 357.963 0.0387074 45 146 229
-8.05448 357.99 -0.0256723 45 146 229
-8.11153 357.999 -0.0366332 45 146 229
-8.09376 357.998 -0.0412837 45 146 229
-8.06855 357.993 -0.0392614 45 146 229
-8.0798 357.977 -0.00859467 45 146 229
-8.06255 357.958 0.0255465 45 146 229
-8.08476 357.982 -0.0184684 45 146 229
-8.09246 357.996 0.0182312 45 146 229
-8.10348 358.009 -0.0393594 45 146 229
-8.06654 357.971 -0.00128098 45 146 229
-8.0635 357.964 0.0144045 45 146 229
-8.0592 357.964 0.0152414 45 146 229
-8.09611 357.977 -0.0100392 45 146 229
-8.02906 357.962 0.02249 45 146 229
-8.1041 357.982 -0.0179964 45 146 229
-8.03664 357.966 0.0301987 45 146 229
-8.03432 357.969 0.021839 45 146 229
-8.08365 357.989 -0.0300651 45 146 229
-8.07243 357.972 -0.00175196 45 146 229
-8.05815 357.967 0.00682113 45 146 229
-8.08091 357.978 -0.0124419 45 146 229
-8.05294 357.974 -0.0106205 45 146 229
-8.05249 357.96 0.0249327 45 146 229
-8.07609 357.98 -0.0182897 45 146 229
-8.05376 357.979 -0.0187141 45 146 229
-8.05423 357.958 0.0285859 45 146 229
-8.11781 357.995 -0.0317462 45 146 229
-8.09338 357.991 -0.0312688 45 146 229
-8.08942 357.991 0.0124902 45 146 229
-8.08458 357.992 -0.0351641 45 146 229
-8.03545 357.967 0.0289751 45 146 229
-8.075 357.987 -0.0291116 45 146 229
-8.05564 357.99 -0.0215521 45 146 229
-8.0641 357.965 0.0513921 45 146 229
-8.0734 357.976 -0.0114982 45 146 229
-8.11255 358.003 -0.0422676 45 146 229
-8.07674 357.993 -0.02213 45 146 229
-8.06864 357.992 -0.0228431 45 146 229
-8.09516 357.993 -0.0328764 45 146 229
-8.05758 357.964 0.0141783 45 146 229
-8.07553 357.984 -0.0242884 45 146 229
-8.03296 357.958 0.033472 45 146 229
-8.06263 357.962 0.0175458 45 146 229
-8.03004 357.965 0.0344088 45 146 229
-8.0349 357.967 0.0119034 45 146 229
-8.05505 357.984 -0.0116164 45 146 229
-8.0519 357.957 0.0323584 45 146 229
-8.07894 357.972 -0.000154376 45 146 229
-8.05766 357.986 -0.0156849 45 146 229
-8.07532 357.984 -0.0251618 45 146 229
-8.09188 358.003 -0.0478858 45 146 229
-8.03169 357.962 0.0231142 45 146 229
-8.06465 357.953 0.0365321 45 146 229
-8.09348 357.998 -0.0407391 45 146 229
-8.06788 357.995 -0.0423443 45 146 229
-8.09363 357.992 -0.032854 45 146 229
-8.08336 358.004 -0.0380799 45 146 229
-8.08192 357.979 -0.0129393 45 146 229
-8.11392 358.008 -0.0453811 45 146 229
-8.09688 357.99 -0.0281696 45 146 229
-8.05123 357.989 -0.0211766 45 146 229
-8.06056 357.965 0.0128616 45 146 229
-8.07039 357.959 0.0205975 45 146 229
-8.06679 357.968 0.00506885 45 146 229
-8.06287 357.99 -0.0204472 45 146 229
-8.08731 357.995 -0.0383278 45 146 229
-8.08299 357.98 -0.0141943 45 146 229
-8.06454 357.966 0.0113988 45 146 229
-8.05302 357.985 -0.0272053 45 146 229
-8.06807 357.969 0.00328714 45 146 229
-8.06685 357.986 -0.0294493 45 146 229
-8.07628 358.0 -0.0486623 45 146 229
-8.05723 357.958 0.0292111 45 146 229
-8.07342 357.995 -0.0428896 45 146 229
-8.0552 357.969 0.000688744 45 146 229
-8.04504 357.964 0.0134647 45 146 229
-8.0919 357.999 -0.0287587 45 146 229
-8.08255 358.005 -0.0410344 45 146 229
-8.07367 357.971 0.00116206 45 146 229
-8.11216 358.001 -0.0397444 45 146 229
-8.09911 358.002 0.0143557 45 146 229
-8.07999 357.997 -0.0442827 45 146 229
-8.08937 357.988 -0.0271003 45 146 229
-8.0885 358.004 -0.0365005 45 146 229
-8.10501 358.006 0.00529213 45 146 229
-8.04802 357.977 0.00133435 45 146 229
-8.06428 357.953 0.0362983 45 146 229
-8.068 358.001 -0.0367265 45 146 229
-8.05397 357.956 0.0345957 45 146 229
-8.07835 357.986 -0.0280321 45 146 229
-8.07116 357.985 -0.0101778 45 146 229
-8.07399 357.965 0.0105063 45 146 229
-8.12653 357.998 -0.0326374 45 146 229
-8.0581 357.97 -0.00195 45 146 229
-8.09266 358.009 -0.0431377 45 146 229
-8.11257 357.995 -0.0317841 45 146 229
-8.04748 357.97 0.00240502 45 146 229
-8.09064 357.992 0.0107899 45 146 229
-8.07658 357.978 -0.0138654 45 146 229
-8.04189 357.959 0.0287248 45 146 229
-8.04665 357.954 0.0421218 45 146 229
-8.06332 357.983 -0.00778814 45 146 229
-8.07683 358.001 -0.0501145 45 146 229
-8.07444 357.969 0.00469082 45 146 229
-8.06328 357.963 0.016742 45 146 229
-8.06729 357.984 -0.0258638 45 146 229
-8.05705 357.978 -0.0168936 45 146 229
-8.10732 357.996 -0.0330454 45 146 229
-8.06445 357.983 -0.0258029 45 146 229
-8.11364 357.994 -0.0302942 45 146 229
-8.11441 358.006 -0.0444694 45 146 229
-8.03953 357.963 0.0164872 45 146 229
-8.06508 357.96 0.0208048 45 146 229
-8.05569 357.969 1.21824e-05 45 146 229
-8.12086 358.01 -0.0449744 45 146 229
-8.04463 357.969 0.00396015 45 146 229
-8.1145 358.0 -0.0374509 45 146 229
-8.0478 357.951 0.0409914 45 146 229
-8.08679 357.986 -0.0236988 45 146 229
-8.0944 357.997 -0.038895 45 146 229
-8.08409 358.004 -0.0382122 45 146 229
-8.05147 357.963 0.0161806 45 146 229
-8.07718 357.97 0.00268937 45 146 229
-8.04987 357.977 0.00304084 45 146 229
-8.06057 357.953 0.0373525 45 146 229
-8.08553 357.996 -0.0242957 45 146 229
-8.07459 357.975 -0.00681481 45 146 229
-8.10407 357.994 -0.0306016 45 146 229
-8.03843 357.96 0.0245866 45 146 229
-8.08384 357.98 -0.0151727 45 146 229
-8.04049 357.969 0.0220154 45 146 229
-8.09043 357.973 -0.00519625 45 146 229
-8.0475 357.98 -0.0265129 45 146 229
-8.07036 357.968 0.00542187 45 146 229
-8.0311 357.965 0.0158083 45 146 229
-8.07349 357.989 -0.0342561 45 146 229
-8.06696 357.962 0.0173954 45 146 229
-8.0457 357.972 0.0146698 45 146 229
-8.08045 358.003 -0.0374911 45 146 229
-8.05343 357.982 -0.00647675 45 146 229
-8.08404 357.984 -0.0218836 45 146 229
-8.04398 357.97 0.0199374 45 146 229
-8.0918 357.985 -0.0201046 45 146 229
-8.09029 357.972 -0.00337869 45 146 229
-8.09118 358.009 -0.0439465 45 146 229
-8.04791 357.954 0.042857 45 146 229
-8.0897 357.983 -0.0183525 45 146 229
-8.0536 357.982 -0.0228788 45 146 229
-8.08779 357.995 -0.0382529 45 146 229
-8.09079 357.985 -0.0215287 45 146 229
-8.09877 357.985 -0.0193107 45 146 229
-8.04355 357.97 -0.000942757 45 146 229
-8.06076 357.952 0.03876 45 146 229
-8.10997 357.999 -0.0376773 45 146 229
-8.12788 358.001 -0.0367835 45 146 229
-8.03693 357.968 0.0094189 45 146 229
-8.05956 357.954 0.0356876 45 146 229
-8.07446 358.002 -0.0376084 45 146 229
-8.0405 357.958 0.031601 45 146 229
-8.09404 357.974 -0.00571667 45 146 229
-8.11674 358.005 -0.0430451 45 146 229
-8.0747 357.987 -0.0306726 45 146 229
-8.04028 357.965 0.0321533 45 146 229
-8.07756 357.993 -0.0219192 45 146 229
-8.07339 358.003 -0.0391858 45 146 229
-8.05064 357.967 0.0054058 45 146 229
-8.07923 357.987 -0.028829 45 146 229
-8.06667 358.003 -0.0497163 45 146 229
-8.03737 357.97 0.00960412 45 146 229
-8.10705 357.992 -0.0274806 45 146 229
-8.08846 357.998 -0.0429718 45 146 229
-8.0476 357.959 0.0288441 45 146 229
-8.05286 357.975 0.00841541 45 146 229
-8.06795 357.977 -0.0145355 45 146 229
-8.06324 357.959 0.02403 45 146 229
-8.0941 357.995 -0.0359889 45 146 229
-8.09954 357.997 -0.0380214 45 146 229
-8.09093 357.993 -0.0353327 45 146 229
-8.08992 357.984 -0.0188548 45 146 229
-8.07475 358.0 -0.0332939 45 146 229
-8.04704 357.959 0.0312233 45 146 229
-8.10665 357.997 -0.034606 45 146 229
-8.07819 357.991 -0.0351615 45 146 229
-8.11139 358.009 -0.00734383 45 146 229
-8.04605 357.962 0.0201887 45 146 229
-8.07414 357.959 0.0202007 45 146 229
-8.06253 357.992 -0.023041 45 146 229
-8.05173 357.974 -0.0102763 45 146 229
-8.09016 357.994 0.0206263 45 146 229
-8.07381 357.99 -0.034438 45 146 229
-8.091 357.994 -0.0359039 45 146 229
-8.07537 357.992 -0.0375602 45 146 229
-8.08622 357.99 0.021372 45 146 229
-8.04319 357.961 0.0223993 45 146 229
-8.06155 357.967 0.00626568 45 146 229
-8.07642 357.971 0.00089888 45 146 229
-8.0766 357.989 -0.0332179 45 146 229
-8.04337 357.97 0.0203232 45 146 229
-8.05474 357.966 0.00780032 45 146 229
-8.0492 357.955 0.0381096 45 146 229
-8.07037 357.989 -0.0189033 45 146 229
-8.08214 357.998 -0.0448123 45 146 229
-8.05951 357.964 0.0140389 45 146 229
-8.09323 357.992 -0.0331329 45 146 229
-8.07966 357.983 -0.0227933 45 146 229
-8.09722 357.99 -0.0281529 45 146 229
-8.08195 357.997 -0.0280402 45 146 229
-8.06336 357.959 0.0229968 45 146 229
-8.04178 357.964 0.0147615 45 146 229
-8.04204 357.956 0.0379948 45 146 229
-8.10779 357.998 -0.0364077 45 146 229
-8.08864 357.995 -0.0384606 45 146 229
-8.06354 357.959 0.0234558 45 146 229
-8.06769 357.988 -0.0170861 45 146 229
-8.10038 358.002 0.00754767 45 146 229
-8.07284 357.999 -0.033091 45 146 229
-8.0583 357.973 -0.00835206 45 146 229
-8.08558 357.981 -0.0150188 45 146 229
-8.04452 357.972 -0.00100481 45 146 229
-8.0484 357.963 0.016565 45 146 229
-8.12299 357.999 -0.0392613 45 146 229
-8.06712 357.987 -0.0147956 45 146 229
-8.10544 357.992 -0.0277739 45 146 229
-8.08489 357.976 -0.00697605 45 146 229
-8.10081 358.001 0.0042645 45 146 229
-8.03235 357.97 0.0199083 45 146 229
-8.03841 357.968 0.0259147 45 146 229
-8.07464 357.994 -0.0413142 45 146 229
-8.03351 357.972 0.0139027 45 146 229
-8.09784 358.001 0.0148029 45 146 229
-8.04394 357.962 0.01966 45 146 229
-8.05219 357.973 -0.00721406 45 146 229
-8.06528 357.981 -0.00281755 45 146 229
-8.1042 357.994 -0.0306752 45 146 229
-8.07862 357.979 -0.0150354 45 146 229
-8.06981 358.0 -0.035668 45 146 229
-8.0352 357.964 0.0351892 45 146 229
-8.07883 357.963 0.0113902 45 146 229
-8.0532 357.964 0.0139814 45 146 229
-8.07941 357.981 -0.0192161 45 146 229
-8.11805 358.005 -0.0425912 45 146 229
-8.10898 357.993 -0.0295727 45 146 229
-8.08547 358.001 -0.0338187 45 146 229
-8.07525 357.966 0.00881035 45 146 229
-8.08177 357.997 -0.0431744 45 146 229
-8.0656 357.969 0.00371927 45 146 229
-8.07139 357.971 7.3922e-05 45 146 229
-8.10933 358.002 -0.0412006 45 146 229
-8.04734 357.974 0.0107981 45 146 229
-8.07159 357.963 0.0141515 45 146 229
-8.10465 358.004 -0.0454995 45 146 229
-8.06847 357.973 -0.00635992 45 146 229
-8.09767 358.001 0.017146 45 146 229
-8.08216 358.001 -0.0347732 45 146 229
-8.09521 357.996 0.00930431 45 146 229
-8.04446 357.976 0.00512742 45 146 229
-8.06354 357.983 -0.00892025 45 146 229
-8.04232 357.96 0.0250021 45 146 229
-8.08284 357.991 -0.0334481 45 146 229
-8.09131 357.983 -0.0176689 45 146 229
-8.08321 357.978 -0.0111142 45 146 229
-8.07293 357.992 -0.0221919 45 146 229
-8.09567 357.994 -0.0350713 45 146 229
-8.09585 358.009 -0.0413396 45 146 229
-8.09515 357.998 0.0155858 45 146 229
-8.04562 357.973 0.0109955 45 146 229
-8.08468 357.99 -0.0325666 45 146 229
-8.10399 357.998 -0.0374657 45 146 229
-8.10387 358.004 -0.0455796 45 146 229
-8.0579 357.993 -0.0271267 45 146 229
-8.08062 357.973 -0.00236467 45 146 229
-8.08124 357.986 0.0235519 45 146 229
-8.0527 357.974 -0.00934188 45 146 229
-8.06264 357.983 -0.00865835 45 146 229
-8.10187 357.984 -0.0193976 45 146 229
-8.10136 357.991 -0.0273378 45 146 229
-8.05334 357.964 0.014296 45 146 229
-8.08402 357.995 -0.0241177 45 146 229
-8.05206 357.985 -0.0122495 45 146 229
-8.10861 357.999 -0.0383374 45 146 229
-8.09357 357.988 -0.0250924 45 146 229
-8.07097 357.993 -0.0234893 45 146 229
-8.08794 357.983 -0.0178059 45 146 229
-8.02846 357.963 0.0397946 45 146 229
-8.07061 357.969 0.0038847 45 146 229
-8.09692 357.993 -0.0326116 45 146 229
-8.05012 357.985 -0.0144375 45 146 229
-8.06339 357.999 -0.0350802 45 146 229
-8.08137 357.977 -0.00895807 45 146 229
-8.05088 357.986 -0.0261097 45 146 229
-8.06753 358.002 -0.0410982 45 146 229
-8.09415 358.004 -0.0361283 45 146 229
-8.11331 357.994 -0.0312794 45 146 229
-8.07204 357.974 -0.00695405 45 146 229
-8.07942 357.99 -0.0175818 45 146 229
-8.07416 357.972 -0.00198729 45 146 229
-8.05181 357.962 0.0202969 45 146 229
-8.04751 357.983 -0.00956771 45 146 229
-8.10719 358.008 0.0032617 45 146 229
-8.0413 357.958 0.033487 45 146 229
-8.10769 357.994 -0.0307262 45 146 229
-8.05719 357.975 0.00838884 45 146 229
-8.05807 357.965 0.0108997 45 146 229
-8.09166 357.982 -0.0156545 45 146 229
-8.09345 357.994 -0.0357397 45 146 229
-8.07621 357.99 -0.0346266 45 146 229
-8.06624 357.965 0.0126607 45 146 229
-8.03974 357.96 0.0263058 45 146 229
-8.02694 357.959 0.0343901 45 146 229
-8.05314 357.973 0.0125433 45 146 229
-8.06891 357.974 -0.00890803 45 146 229
-8.04705 357.974 0.00859719 45 146 229
-8.05532 357.961 0.0205736 45 146 229
-8.03577 357.967 0.0276461 45 146 229
-8.04681 357.97 -0.00114956 45 146 229
-8.08658 357.978 -0.0106163 45 146 229
-8.04261 357.969 0.00501852 45 146 229
-8.10547 358.005 0.000304168 45 146 229
-8.03744 357.969 0.0234186 45 146 229
-8.05071 357.966 0.00913251 45 146 229
-8.08222 358.005 -0.041339 45 146 229
-8.06224 357.993 -0.0340378 45 146 229
-8.04202 357.958 0.032238 45 146 229
-8.09694 357.99 -0.0283516 45 146 229
-8.09627 358.007 -0.0389117 45 146 229
-8.07055 357.968 0.00630182 45 146 229
-8.0449 357.956 0.0372178 45 146 229
-8.07877 357.994 -0.0399965 45 146 229
-8.07182 357.979 -0.0178969 45 146 229
-8.10295 357.992 -0.0280052 45 146 229
-8.05368 357.972 -0.00482377 45 146 229
-8.07261 358.001 -0.0356995 45 146 229
-8.1127 357.999 -0.0371481 45 146 229
-8.0634 357.979 -0.0181352 45 146 229
-8.06017 357.965 0.0123673 45 146 229
-8.08671 358.003 -0.0363711 45 146 229
-8.02969 357.967 0.0284475 45 146 229
-8.09908 357.989 -0.0251328 45 146 229
-8.061 357.984 -0.0103162 45 146 229
-8.04845 357.978 -0.0182322 45 146 229
-8.09392 357.991 -0.0309624 45 146 229
-8.06111 357.957 0.0272484 45 146 229
-8.05212 357.989 -0.0256787 45 146 229
-8.04736 357.981 -0.005278 45 146 229
-8.06561 357.985 -0.0114088 45 146 229
-8.02719 357.967 0.0297222 45 146 229
-8.07128 357.962 0.015703 45 146 229
-8.08173 357.997 -0.0277567 45 146 229
-8.06927 357.958 0.0225716 45 146 229
-8.06541 357.957 0.0261514 45 146 229
-8.04881 357.972 0.0158418 45 146 229
-8.07561 357.985 -0.0266809 45 146 229
-8.1021 358.0 -0.0411751 45 146 229
-8.06281 357.963 0.015516 45 146 229
-8.04605 357.972 0.00161208 45 146 229
-8.05417 357.964 0.0137781 45 146 229
-8.06937 357.971 0.0007975 45 146 229
-8.12279 358.002 -0.0393354 45 146 229
-8.05697 357.959 0.0257042 45 146 229
-8.08166 357.976 -0.00586159 45 146 229
-8.03087 357.964 0.0362072 45 146 229
-8.09529 357.985 -0.0200788 45 146 229
-8.0567 357.972 -0.00571113 45 146 229
-8.06461 357.968 0.00376412 45 146 229
-8.06813 358.002 -0.0469908 45 146 229
-8.05237 357.959 0.0261404 45 146 229
-8.06124 357.965 0.0121745 45 146 229
-8.08643 357.997 -0.0414366 45 146 229
-8.06647 357.989 -0.0343372 45 146 229
-8.08706 357.981 -0.0144809 45 146 229
-8.11235 358.003 -0.0411364 45 146 229
-8.06816 358.005 -0.0412754 45 146 229
-8.06828 357.968 0.0050531 45 146 229
-8.10384 357.996 -0.035298 45 146 229
-8.09281 357.974 -0.00589379 45 146 229
-8.11454 357.998 -0.0354312 45 146 229
-8.04724 357.957 0.0331649 45 146 229
-8.07645 357.978 -0.0144067 45 146 229
-8.08856 357.972 -0.00226355 45 146 229
-8.11232 358.005 -0.0441519 45 146 229
-8.06453 357.959 0.0235395 45 146 229
-8.04065 357.958 0.0317584 45 146 229
-8.08158 358.004 -0.0394604 45 146 229
-8.10159 358.0 -0.0412519 45 146 229
-8.10516 357.999 -0.0383397 45 146 229
-8.05243 357.954 0.039621 45 146 229
-8.04616 357.958 0.031625 45 146 229
-8.07096 357.986 -0.0127872 45 146 229
-8.08551 357.989 0.0213096 45 146 229
-8.07321 357.989 -0.0336609 45 146 229
-8.0504 357.982 -0.0257667 45 146 229
-8.10039 357.984 -0.0184581 45 146 229
-8.06527 357.964 0.0139444 45 146 229
-8.05181 357.973 -0.00699186 45 146 229
-8.07371 357.973 -0.00438694 45 146 229
-8.05583 357.981 -0.00631203 45 146 229
-8.09226 358.008 -0.0420122 45 146 229
-8.07151 357.957 0.0234325 45 146 229
-8.07315 358.01 -0.0500205 45 146 229
-8.04802 357.978 -0.0169116 45 146 229
-8.08996 357.999 -0.0280773 45 146 229
-8.05064 357.963 0.0152669 45 146 229
-8.06561 357.964 0.0467992 45 146 229
-8.05983 357.954 0.0363268 45 146 229
-8.10468 358.004 0.0005065 45 146 229
-8.05099 357.975 0.00706847 45 146 229
-8.09851 357.998 -0.0397914 45 146 229
-8.06532 357.969 0.00289892 45 146 229
-8.0905 357.975 -0.00753319 45 146 229
-8.08111 357.993 -0.0377521 45 146 229
-8.09179 357.995 0.0157341 45 146 229
-8.05739 357.973 0.0120291 45 146 229
-8.07005 357.957 0.0234686 45 146 229
-8.07966 357.974 -0.00344544 45 146 229
-8.04765 357.954 0.042535 45 146 229
-8.0685 357.957 0.0245051 45 146 229
-8.05779 357.963 0.0173007 45 146 229
-8.06301 357.981 -0.00350249 45 146 229
-8.08339 357.994 -0.022352 45 146 229
-8.03856 357.959 0.0287321 45 146 229
-8.06577 357.983 -0.0258019 45 146 229
-8.05521 357.969 0.00200152 45 146 229
-8.05499 357.976 -0.0141628 45 146 229
-8.07967 357.999 -0.0321786 45 146 229
-8.05125 357.973 0.0126971 45 146 229
-8.0636 357.978 0.00193503 45 146 229
-8.10577 357.989 -0.0257469 45 146 229
-8.06969 357.978 -0.0168431 45 146 229
-8.04979 357.981 -0.0252538 45 146 229
-8.07448 357.984 -0.0254181 45 146 229
-8.09063 357.988 -0.0255837 45 146 229
-8.02503 357.962 0.0272191 45 146 229
-8.06337 357.992 -0.03618 45 146 229
-8.06988 357.988 -0.0164167 45 146 229
-8.05109 357.985 -0.0133325 45 146 229
-8.09185 357.985 -0.0199992 45 146 229
-8.09169 357.993 0.0115918 45 146 229
-8.07229 358.003 -0.0538064 45 146 229
-8.03143 357.963 0.0204953 45 146 229
-8.10086 358.003 0.00961731 45 146 229
-8.08143 357.982 -0.0199988 45 146 229
-8.04336 357.958 0.0284292 45 146 229
-8.06364 357.978 -0.01724 45 146 229
-8.06943 358.0 -0.0490207 45 146 229
-8.08835 358.004 -0.037636 45 146 229
-8.03383 357.967 0.0119791 45 146 229
-8.07116 357.987 -0.0135524 45 146 229
-8.03406 357.964 0.0166803 45 146 229
-8.10026 358.002 0.00955731 45 146 229
-8.04418 357.955 0.0414846 45 146 229
-8.054 357.973 -0.00678609 45 146 229
-8.04603 357.98 -0.0119982 45 146 229
-8.08476 358.004 -0.0526136 45 146 229
-8.07174 357.957 0.022904 45 146 229
-8.05954 357.96 0.0224236 45 146 229
-8.08509 357.993 -0.0365553 45 146 229
-8.08963 357.992 -0.0330037 45 146 229
-8.1144 357.999 -0.0368221 45 146 229
-8.07288 357.968 0.00592685 45 146 229
-8.0483 357.953 0.0432539 45 146 229
-8.08895 357.987 -0.0257724 45 146 229
-8.06585 357.985 -0.0109454 45 146 229
-8.11882 357.995 -0.0311765 45 146 229
-8.06796 358.009 -0.0399511 45 146 229
-8.08364 357.989 -0.0306476 45 146 229
-8.10619 357.993 -0.0289872 45 146 229
-8.06757 357.999 -0.0448436 45 146 229
-8.06553 357.971 -0.00280258 45 146 229
-8.05775 357.963 0.0151892 45 146 229
-8.09935 357.999 -0.0401199 45 146 229
-8.08955 357.993 0.0178939 45 146 229
-8.06522 357.967 0.00676583 45 146 229
-8.06745 357.963 0.0155957 45 146 229
-8.04625 357.959 0.0268371 45 146 229
-8.06005 357.978 -0.0177432 45 146 229
-8.04772 357.953 0.0444123 45 146 229
-8.09027 357.974 -0.00602263 45 146 229
-8.07814 357.981 -0.0198074 45 146 229
-8.08887 358.001 -0.0329098 45 146 229
-8.04607 357.965 0.0131286 45 146 229
-8.10275 357.994 -0.0313236 45 146 229
-8.10211 357.982 -0.0162884 45 146 229
-8.03508 357.964 0.0355314 45 146 229
-8.12268 358.009 -0.0433263 45 146 229
-8.08133 357.982 -0.0196629 45 146 229
-8.04639 357.955 0.0393458 45 146 229
-8.05074 357.964 0.0142477 45 146 229
-8.09432 357.999 0.0228254 45 146 229
-8.05178 357.957 0.0324136 45 146 229
-8.11798 357.999 -0.0363385 45 146 229
-8.0946 357.992 -0.0311455 45 146 229
-8.07882 358.004 -0.0405618 45 146 229
-8.06013 357.974 -0.00914169 45 146 229
-8.07575 357.991 -0.0368602 45 146 229
-8.06596 357.985 -0.0117453 45 146 229
-8.08864 357.993 0.0225118 45 146 229
-8.06135 357.964 0.0142511 45 146 229
-8.07781 357.987 -0.0290904 45 146 229
-8.0877 357.993 -0.0358581 45 146 229
-8.06469 357.986 -0.0135422 45 146 229
-8.08934 357.986 -0.0244316 45 146 229
-8.08008 357.999 -0.0465983 45 146 229
-8.08566 357.984 -0.0218104 45 146 229
-8.07762 357.999 -0.0326665 45 146 229
-8.12158 358.009 -0.0436962 45 146 229
-8.06767 357.966 0.009209 45 146 229
-8.03681 357.958 0.0317468 45 146 229
-8.07187 357.986 -0.0127912 45 146 229
-8.06636 357.962 0.0181239 45 146 229
-8.08119 357.986 -0.0271553 45 146 229
-8.0604 357.977 0.0039341 45 146 229
-8.05319 357.983 -0.0101799 45 146 229
-8.06667 357.989 -0.0183834 45 146 229
-8.03053 357.964 0.0363255 45 146 229
-8.05568 357.972 -0.0045981 45 146 229
-8.09261 357.983 -0.0178903 45 146 229
-8.08049 357.99 -0.0326238 45 146 229
-8.07122 358.005 -0.0536876 45 146 229
-8.0785 358.004 -0.0390955 45 146 229
-8.1029 358.0 -0.0432275 45 146 229
-8.0845 357.988 0.0208905 45 146 229
-8.06456 357.985 -0.0279388 45 146 229
-8.07718 357.962 0.0125523 45 146 229
-8.04995 357.953 0.0420153 45 146 229
-8.06685 357.976 -0.0134752 45 146 229
-8.06968 357.969 0.0465047 45 146 229
-8.07365 357.967 0.00743387 45 146 229
-8.10878 357.999 -0.0371264 45 146 229
-8.08643 357.989 0.013068 45 146 229
-8.08219 357.995 -0.0250379 45 146 229
-8.0455 357.971 0.0179402 45 146 229
-8.05413 357.975 0.00674118 45 146 229
-8.05185 357.963 0.01684 45 146 229
-8.08827 357.991 0.0139292 45 146 229
-8.08057 358.005 -0.0413623 45 146 229
-8.05384 357.982 -0.023448 45 146 229
-8.08453 357.979 -0.0130097 45 146 229
-8.08242 357.987 -0.0278077 45 146 229
-8.05336 357.991 -0.0269172 45 146 229
-8.09019 357.999 -0.0427705 45 146 229
-8.05234 357.966 0.00866718 45 146 229
-8.11377 358.002 -0.0395558 45 146 229
-8.08729 358.002 -0.0333774 45 146 229
-8.10493 358.007 -0.0478468 45 146 229
-8.05637 357.981 -0.00495082 45 146 229
-8.08026 357.982 -0.0209252 45 146 229
-8.05354 357.973 -0.00735096 45 146 229
-8.0766 357.994 -0.0409806 45 146 229
-8.0361 357.968 0.0111385 45 146 229
-8.08234 357.978 -0.0102646 45 146 229
-8.04123 357.956 0.0381049 45 146 229
-8.07252 357.988 -0.0326628 45 146 229
-8.09096 357.994 0.0162152 45 146 229
-8.08005 358.005 -0.0419209 45 146 229
-8.07115 357.997 -0.0298304 45 146 229
-8.03061 357.963 0.0208704 45 146 229
-8.05487 357.973 -0.00680274 45 146 229
-8.04353 357.974 0.00208574 45 146 229
-8.11244 357.997 -0.0345595 45 146 229
-8.04918 357.983 -0.0206968 45 146 229
-8.09096 357.994 -0.0366114 45 146 229
-8.04589 357.976 -0.00344404 45 146 229
-8.10619 357.998 -0.0370862 45 146 229
-8.09056 357.991 -0.031672 45 146 229
-8.07465 357.999 -0.0331731 45 146 229
-8.06682 357.977 -0.0148235 45 146 229
-8.07369 357.968 0.00594722 45 146 229
-8.08115 357.993 -0.0218949 45 146 229
-8.03972 357.968 0.0265153 45 146 229
-8.09517 357.987 -0.02337 45 146 229
-8.06125 357.986 -0.01525 45 146 229
-8.0687 357.979 -0.0172923 45 146 229
-8.07547 357.973 -0.00328421 45 146 229
-8.10615 358.004 -0.00711014 45 146 229
-8.08849 358.0 -0.0304083 45 146 229
-8.10719 357.985 -0.0213744 45 146 229
-8.03191 357.962 0.041371 45 146 229
-8.06548 357.984 -0.0270932 45 146 229
-8.05305 357.974 -0.00911492 45 146 229
-8.08387 357.987 -0.0268974 45 146 229
-8.07436 358.005 -0.0538545 45 146 229
-8.06677 357.98 -0.0201389 45 146 229
-8.06213 357.978 -0.0170972 45 146 229
-8.09822 357.984 -0.0183498 45 146 229
-8.09426 358.008 -0.0414671 45 146 229
-8.05098 357.975 0.00807545 45 146 229
-8.06389 357.97 -0.000807868 45 146 229
-8.0948 357.981 -0.0141296 45 146 229
-8.10651 357.999 -0.0388086 45 146 229
-8.04475 357.955 0.0502394 45 146 229
-8.04555 357.974 0.0099678 45 146 229
-8.03891 357.969 0.00639349 45 146 229
-8.07831 357.975 -0.00653236 45 146 229
-8.08773 357.992 -0.0346536 45 146 229
-8.04965 357.958 0.0296508 45 146 229
-8.03946 357.968 0.0257894 45 146 229
-8.09625 357.999 -0.0414556 45 146 229
-8.11297 358.005 -0.0438324 45 146 229
-8.10573 358.001 -0.0419394 45 146 229
-8.05308 357.975 -0.0124819 45 146 229
-8.05967 357.96 0.0233309 45 146 229
-8.059 357.97 -0.00066433 45 146 229
-8.04894 357.953 0.0447692 45 146 229
-8.04778 357.967 0.00597751 45 146 229
-8.05691 357.974 -0.00921317 45 146 229
-8.07011 357.989 -0.0178819 45 146 229
-8.05404 357.963 0.0156321 45 146 229
-8.09757 357.998 -0.0401254 45 146 229
-8.05525 357.984 -0.0106197 45 146 229
-8.10263 358.009 -0.0395038 45 146 229
-8.03749 357.968 0.00941109 45 146 229
-8.07204 357.976 -0.0131336 45 146 229
-8.07232 357.967 0.00676383 45 146 229
-8.03159 357.963 0.0377798 45 146 229
-8.07877 357.981 -0.0190883 45 146 229
-8.06379 357.959 0.0241914 45 146 229
-8.09806 357.999 0.00723548 45 146 229
-8.06802 357.964 0.0139071 45 146 229
-8.10398 358.001 -0.042167 45 146 229
-8.06224 357.977 -0.0160391 45 146 229
-8.07805 357.979 -0.0150804 45 146 229
-8.07615 357.976 -0.00904017 45 146 229
-8.05773 357.953 0.0386015 45 146 229
-8.09548 358.004 -0.0486023 45 146 229
-8.09362 357.987 -0.0238063 45 146 229
-8.08011 357.989 -0.0149238 45 146 229
-8.0851 358.007 -0.0430953 45 146 229
-8.02753 357.967 0.0148666 45 146 229
-8.06976 357.966 0.00902011 45 146 229
-8.06416 357.988 -0.0182445 45 146 229
-8.04799 357.977 -0.0165461 45 146 229
-8.05183 357.98 -0.0270265 45 146 229
-8.04936 357.959 0.0266392 45 146 229
-8.0837 357.995 -0.039441 45 146 229
-8.05334 357.967 0.00507648 45 146 229
-8.04836 357.978 -0.0180666 45 146 229
-8.06782 357.962 0.0178031 45 146 229
-8.11239 357.994 -0.0298825 45 146 229
-8.11062 358.003 -0.0417804 45 146 229
-8.07895 357.995 -0.0419801 45 146 229
-8.05862 357.978 -0.0172638 45 146 229
-8.10854 357.993 -0.0291627 45 146 229
-8.08944 358.006 -0.0397628 45 146 229
-8.08384 357.983 -0.0201121 45 146 229
-8.07607 357.994 -0.0239638 45 146 229
-8.02802 357.959 0.0340786 45 146 229
-8.09773 357.998 -0.0396311 45 146 229
-8.09677 357.997 -0.0384471 45 146 229
-8.07217 357.988 -0.0158527 45 146 229
-8.10537 357.982 -0.0177043 45 146 229
-8.04636 357.98 -0.00167 45 146 229
-8.06787 357.969 0.0508081 45 146 229
-8.05791 357.965 0.0114076 45 146 229
-8.05971 357.973 -0.00747163 45 146 229
-8.06379 357.959 0.0226244 45 146 229
-8.08933 357.998 -0.0424446 45 146 229
-8.10323 357.993 -0.0293531 45 146 229
-8.06626 357.984 -0.0101776 45 146 229
-8.06601 357.96 0.0216284 45 146 229
-8.03599 357.958 0.0333545 45 146 229
-8.06839 357.969 0.0493823 45 146 229
-8.06265 357.987 -0.0165977 45 146 229
-8.0606 357.959 0.024781 45 146 229
-8.06871 357.956 0.0252017 45 146 229
-8.05667 357.977 -0.0158942 45 146 229
-8.09097 357.972 -0.00238977 45 146 229
-8.05914 357.961 0.0221235 45 146 229
-8.11833 357.994 -0.0287877 45 146 229
-8.07007 357.962 0.0156842 45 146 229
-8.09625 358.002 -0.0450409 45 146 229
-8.09647 357.989 -0.0249885 45 146 229
-8.0433 357.977 -0.00749557 45 146 229
-8.07482 357.967 0.00659871 45 146 229
-8.04404 357.969 0.00379829 45 146 229
-8.05322 357.961 0.0228724 45 146 229
-8.05082 357.974 0.0104504 45 146 229
-8.0823 357.979 -0.0132194 45 146 229
-8.04967 357.964 0.0124428 45 146 229
-8.06098 357.957 0.0296204 45 146 229
-8.10053 357.998 -0.0388541 45 146 229
-8.07812 357.995 -0.0419997 45 146 229
-8.0852 357.99 -0.0321586 45 146 229
-8.09622 357.992 -0.0307928 45 146 229
-8.03514 357.971 0.0182853 45 146 229
-8.11575 358.003 -0.0407275 45 146 229
-8.09228 357.974 -0.0059896 45 146 229
-8.06279 357.97 -0.000547722 45 146 229
-8.06408 357.963 0.016653 45 146 229
-8.09083 357.975 -0.006343 45 146 229
-8.07265 357.977 -0.0133777 45 146 229
-8.07766 357.975 -0.00616212 45 146 229
-8.09959 358.009 -0.0415457 45 146 229
-8.08475 357.998 -0.0444746 45 146 229
-8.11475 357.992 -0.0274826 45 146 229
-8.10772 357.993 -0.0300858 45 146 229
-8.11007 357.994 -0.0298114 45 146 229
-8.04121 357.956 0.0371566 45 146 229
-8.06024 357.956 0.0303865 45 146 229
-8.06596 357.965 0.0119305 45 146 229
-8.06787 357.987 -0.014888 45 146 229
-8.08148 357.967 0.00591171 45 146 229
-8.09995 358.003 -0.0460671 45 146 229
-8.09657 358.004 -0.0485634 45 146 229
-8.0726 357.97 0.00284089 45 146 229
-8.08009 358.001 -0.0347312 45 146 229
-8.11366 358.003 -0.0412595 45 146 229
-8.08148 357.986 0.0192593 45 146 229
-8.05561 357.963 0.015767 45 146 229
-8.04661 357.963 0.0161844 45 146 229
-8.10282 358.004 0.00684194 45 146 229
-8.07114 357.965 0.0111843 45 146 229
-8.10233 357.999 -0.0394421 45 146 229
-8.08203 357.978 -0.0114316 45 146 229
-8.06913 357.953 0.0318489 45 146 229
-8.05723 357.981 -0.00460535 45 146 229
-8.09209 357.988 -0.0253921 45 146 229
-8.0628 357.96 0.0223546 45 146 229
-8.02975 357.971 0.018784 45 146 229
-8.10669 357.988 -0.0241301 45 146 229
-8.08087 358.0 -0.0482565 45 146 229
-8.10552 358.006 0.00357363 45 146 229
-8.07983 358.006 -0.0422265 45 146 229
-8.02944 357.965 0.0342707 45 146 229
-8.11707 358.003 -0.0405126 45 146 229
-8.0816 357.979 -0.0139404 45 146 229
-8.06849 357.988 -0.0161472 45 146 229
-8.09142 358.007 -0.0399232 45 146 229
-8.06051 357.991 -0.022224 45 146 229
-8.06101 357.971 -0.00321118 45 146 229
-8.08023 358.008 -0.0460616 45 146 229
-8.11297 358.002 -0.0403778 45 146 229
-8.0824 357.994 -0.0230665 45 146 229
-8.11706 358.002 -0.0390798 45 146 229
-8.09462 357.997 0.0134693 45 146 229
-8.10997 357.994 -0.0305175 45 146 229
-8.06977 357.985 -0.0111284 45 146 229
-8.06778 357.983 -0.0252211 45 146 229
-8.09919 357.993 -0.0314276 45 146 229
-8.09655 358.01 -0.0440576 45 146 229
-8.07921 357.973 -0.00303311 45 146 229
-8.06205 357.965 0.012914 45 146 229
-8.09519 357.99 -0.028003 45 146 229
-8.04943 357.987 -0.0198434 45 146 229
-8.0536 357.982 -0.00735228 45 146 229
-8.06599 357.979 -0.0183529 45 146 229
-8.07187 357.97 0.00247077 45 146 229
-8.0468 357.972 0.0135762 45 146 229
-8.0895 357.992 -0.0342962 45 146 229
-8.08978 358.005 -0.0382776 45 146 229
-8.04305 357.971 0.00206542 45 146 229
-8.08879 357.993 0.019764 45 146 229
-8.07025 358.002 -0.0372963 45 146 229
-8.07601 357.978 -0.0133157 45 146 229
-8.05703 357.978 0.00152044 45 146 229
-8.05461 357.953 0.0409854 45 146 229
-8.04514 357.952 0.0372284 45 146 229
-8.09735 357.98 -0.0139832 45 146 229
-8.09703 358.003 -0.0468701 45 146 229
-8.07809 357.976 -0.00954236 45 146 229
-8.04719 357.971 0.00229969 45 146 229
-8.04536 357.963 0.0163542 45 146 229
-8.04788 357.969 0.00237121 45 146 229
-8.09907 357.985 -0.0196343 45 146 229
-8.08443 357.982 -0.0182493 45 146 229
-8.0742 357.973 -0.0035942 45 146 229
-8.09468 357.983 -0.0164032 45 146 229
-8.0857 357.99 0.0226746 45 146 229
-8.08719 357.979 -0.0118889 45 146 229
-8.08949 357.991 0.00943745 45 146 229
-8.05934 357.962 0.0177387 45 146 229
-8.07932 357.997 -0.0288135 45 146 229
-8.09476 357.999 0.0154661 45 146 229
-8.04956 357.979 -0.00233532 45 146 229
-8.10365 358.003 -0.000677306 45 146 229
-8.04115 357.963 0.0168578 45 146 229
-8.05163 357.971 -0.00361309 45 146 229
-8.03919 357.963 0.018258 45 146 229
-8.07413 357.985 -0.00942153 45 146 229
-8.06114 357.98 -0.0202248 45 146 229
-8.06395 357.964 0.0146162 45 146 229
-8.09257 357.995 -0.0377081 45 146 229
-8.11111 357.992 -0.0274289 45 146 229
-8.06678 357.997 -0.0418096 45 146 229
-8.0824 357.999 -0.0302091 45 146 229
-8.04974 357.965 0.0116323 45 146 229
-8.05815 357.953 0.0386425 45 146 229
-8.07027 357.964 0.0124759 45 146 229
-8.04731 357.961 0.0225845 45 146 229
-8.0891 357.993 0.0181496 45 146 229
-8.06484 357.985 -0.0126786 45 146 229
-8.06672 357.999 -0.0390112 45 146 229
-8.03083 357.968 0.0263395 45 146 229
-8.09985 358.0 0.00404481 45 146 229
-8.1227 358.004 -0.0399846 45 146 229
-8.06726 357.979 -0.0179549 45 146 229
-8.06271 357.983 -0.0257596 45 146 229
-8.04309 357.976 0.00720726 45 146 229
-8.03706 357.963 0.0185533 45 146 229
-8.10893 357.992 -0.0282268 45 146 229
-8.07395 357.982 -0.0214695 45 146 229
-8.08716 357.979 -0.0124005 45 146 229
-8.07751 357.976 -0.00781459 45 146 229
-8.08939 358.002 -0.0341558 45 146 229
-8.05225 357.968 0.00290171 45 146 229
-8.04344 357.978 -0.0100203 45 146 229
-8.11789 357.993 -0.0291752 45 146 229
-8.10432 358.003 -0.00370272 45 146 229
-8.08934 357.987 -0.0260267 45 146 229
-8.10758 357.999 -0.037774 45 146 229
-8.06344 357.972 -0.00578098 45 146 229
-8.06906 358.002 -0.0380048 45 146 229
-8.06741 357.961 0.0186887 45 146 229
-8.05374 357.974 -0.00935882 45 146 229
-8.08673 357.975 -0.00508505 45 146 229
-8.07247 357.997 -0.0301483 45 146 229
-8.08637 357.989 -0.0309904 45 146 229
-8.04564 357.976 -0.0135579 45 146 229
-8.10814 358.009 0.00278614 45 146 229
-8.04916 357.985 -0.023705 45 146 229
-8.06689 358.005 -0.0404482 45 146 229
-8.07528 357.995 -0.0255478 45 146 229
-8.04827 357.953 0.0417914 45 146 229
-8.10461 357.99 -0.0260647 45 146 229
-8.06423 357.977 -0.0153271 45 146 229
-8.08608 357.989 0.0171574 45 146 229
-8.07215 357.978 -0.0153536 45 146 229
-8.09867 357.996 -0.0357961 45 146 229
-8.09258 357.987 -0.0239375 45 146 229
-8.05164 357.958 0.0288606 45 146 229
-8.09805 357.992 -0.0310748 45 146 229
-8.05198 357.985 -0.0122535 45 146 229
-8.06753 357.999 -0.0451894 45 146 229
-8.08035 357.988 -0.0135022 45 146 229
-8.04552 357.96 0.0250741 45 146 229
-8.04106 357.959 0.0292949 45 146 229
-8.05897 357.986 -0.0154414 45 146 229
-8.07237 357.965 0.0108229 45 146 229
-8.07162 357.994 -0.0403212 45 146 229
-8.08512 358.005 -0.0392197 45 146 229
-8.11652 357.994 -0.0278093 45 146 229
-8.03733 357.972 0.0102436 45 146 229
-8.06826 357.959 0.0216385 45 146 229
-8.09217 357.985 -0.0204717 45 146 229
-8.1026 358.003 0.00624947 45 146 229
-8.09275 357.997 -0.0393241 45 146 229
-8.09196 357.997 0.0195792 45 146 229
-8.04851 357.986 -0.0240564 45 146 229
-8.09464 357.989 -0.0265042 45 146 229
-8.08365 357.988 0.0230301 45 146 229
-8.1016 358.004 0.0117201 45 146 229
-8.06582 357.994 -0.0261512 45 146 229
-8.08577 357.988 0.0138482 45 146 229
-8.0676 357.984 -0.00917926 45 146 229
-8.09021 357.984 -0.0191414 45 146 229
-8.05615 357.982 -0.00709025 45 146 229
-8.06243 357.964 0.0146731 45 146 229
-8.07731 357.996 -0.0433082 45 146 229
-8.04242 357.971 0.0166606 45 146 229
-8.1049 357.999 -0.0415566 45 146 229
-8.07167 357.983 -0.0243518 45 146 229
-8.08707 358.002 -0.0484848 45 146 229
-8.05855 357.989 -0.0200905 45 146 229
-8.06467 357.962 0.0184661 45 146 229
-8.0834 357.986 -0.0270364 45 146 229
-8.09091 357.999 -0.0428724 45 146 229
-8.07889 357.992 -0.0211771 45 146 229
-8.07615 357.978 -0.0144622 45 146 229
-8.03936 357.97 0.0188354 45 146 229
-8.11976 357.994 -0.0283395 45 146 229
-8.03913 357.958 0.0308533 45 146 229
-8.04318 357.973 0.0116184 45 146 229
-8.11194 357.994 -0.0304568 45 146 229
-8.10078 357.989 -0.0253838 45 146 229
-8.03911 357.971 0.00865201 45 146 229
-8.10703 357.998 -0.0360813 45 146 229
-8.10264 357.999 -0.0390627 45 146 229
-8.09312 357.988 -0.0260096 45 146 229
-8.10275 357.999 -0.0401491 45 146 229
-8.10554 357.995 -0.0321509 45 146 229
-8.08377 357.97 0.00208422 45 146 229
-8.0761 357.987 -0.0293445 45 146 229
-8.03822 357.968 0.0249794 45 146 229
-8.05042 357.959 0.0268626 45 146 229
-8.08432 357.999 -0.0304864 45 146 229
-8.04287 357.963 0.0184332 45 146 229
-8.0453 357.954 0.0394402 45 146 229
-8.09256 357.974 -0.00541879 45 146 229
-8.09385 357.999 -0.042016 45 146 229
-8.07986 357.982 -0.0209717 45 146 229
-8.10339 358.009 -0.0403148 45 146 229
-8.02754 357.963 0.0167526 45 146 229
-8.07864 357.971 6.10125e-05 45 146 229
-8.10956 357.996 -0.033 45 146 229
-8.10206 358.0 -0.0415634 45 146 229
-8.07395 357.99 -0.0344744 45 146 229
-8.09839 358.011 -0.0448081 45 146 229
-8.04755 357.98 -0.00469058 45 146 229
-8.07578 357.985 -0.0262148 45 146 229
-8.09679 357.983 -0.0166471 45 146 229
-8.06413 357.959 0.0232985 45 146 229
-8.05032 357.973 0.0109857 45 146 229
-8.08821 357.992 0.0213657 45 146 229
-8.05199 357.973 0.0123936 45 146 229
-8.04551 357.956 0.0383904 45 146 229
-8.09432 357.974 -0.00630215 45 146 229
-8.0396 357.959 0.0273979 45 146 229
-8.03207 357.96 0.0278461 45 146 229
-8.07593 358.003 -0.0379116 45 146 229
-8.08802 358.005 -0.0384376 45 146 229
-8.08673 357.997 -0.0269091 45 146 229
-8.06294 357.961 0.0205885 45 146 229
-8.08118 357.977 -0.00901019 45 146 229
-8.08389 357.975 -0.00562684 45 146 229
-8.08587 357.99 -0.0315048 45 146 229
-8.03892 357.957 0.0365395 45 146 229
-8.07745 357.988 -0.0151666 45 146 229
-8.06273 357.995 -0.0346938 45 146 229
-8.05573 357.978 -0.0178718 45 146 229
-8.08078 358.007 -0.0442621 45 146 229
-8.07153 358.007 -0.0445418 45 146 229
-8.08748 357.991 -0.0326398 45 146 229
-8.0646 357.989 -0.0339334 45 146 229
-8.03169 357.963 0.0392748 45 146 229
-8.07349 357.975 -0.00661763 45 146 229
-8.07284 358.005 -0.0418206 45 146 229
-8.1025 358.004 0.00486393 45 146 229
-8.07158 357.982 -0.023017 45 146 229
-8.08508 357.999 -0.0297676 45 146 229
-8.083 357.971 0.000822001 45 146 229
-8.03891 357.969 0.022777 45 146 229
-8.0805 357.995 -0.0416738 45 146 229
-8.05536 357.972 0.0146937 45 146 229
-8.11407 357.998 -0.0348537 45 146 229
-8.06519 357.963 0.0168845 45 146 229
-8.06756 358.0 -0.0417998 45 146 229
-8.06208 357.957 0.0279896 45 146 229
-8.08743 357.984 -0.0198184 45 146 229
-8.06349 357.956 0.02894 45 146 229
-8.04822 357.968 0.00396455 45 146 229
-8.10941 357.997 -0.0345702 45 146 229
-8.09095 357.993 -0.0346498 45 146 229
-8.03694 357.963 0.0383835 45 146 229
-8.09175 357.98 -0.0124189 45 146 229
-8.05059 357.975 0.00798059 45 146 229
-8.09053 358.0 -0.0440018 45 146 229
-8.02822 357.962 0.0252672 45 146 229
-8.08037 357.988 -0.0305686 45 146 229
-8.09796 358.0 -0.0426384 45 146 229
-8.07672 357.967 0.00807386 45 146 229
-8.05397 357.97 -0.000541717 45 146 229
-8.07654 357.978 -0.0152211 45 146 229
-8.08636 358.003 -0.0352091 45 146 229
-8.11663 358.005 -0.0426219 45 146 229
-8.11596 357.996 -0.033283 45 146 229
-8.05575 357.962 0.0188854 45 146 229
-8.06248 357.959 0.0243132 45 146 229
-8.06463 357.972 -0.00395609 45 146 229
-8.07923 357.98 -0.0173945 45 146 229
-8.07632 357.983 -0.0237262 45 146 229
-8.06798 357.967 0.00727999 45 146 229
-8.09388 358.008 -0.0412484 45 146 229
-8.0785 357.992 -0.0209912 45 146 229
-8.08184 357.976 -0.00806895 45 146 229
-8.0878 357.996 -0.0402543 45 146 229
-8.11395 357.996 -0.0327611 45 146 229
-8.06008 357.958 0.025896 45 146 229
-8.0905 357.996 -0.0392156 45 146 229
-8.05551 357.954 0.0377515 45 146 229
-8.08381 357.983 -0.0209685 45 146 229
-8.07444 357.969 0.00351847 45 146 229
-8.07458 357.995 -0.0265158 45 146 229
-8.05884 357.978 0.000693091 45 146 229
-8.04298 357.959 0.0295202 45 146 229
-8.07409 357.989 -0.0337083 45 146 229
-8.06439 357.999 -0.0376654 45 146 229
-8.06759 357.986 -0.0132067 45 146 229
-8.03123 357.966 0.030499 45 146 229
-8.03794 357.958 0.0329778 45 146 229
-8.1088 358.003 -0.0435874 45 146 229
-8.04748 357.979 -0.0160729 45 146 229
-8.09255 357.988 -0.0258593 45 146 229
-8.10543 357.995 -0.0324521 45 146 229
-8.06949 357.959 0.020149 45 146 229
-8.09187 358.003 -0.0343612 45 146 229
-8.07444 357.992 -0.0381072 45 146 229
-8.06633 357.978 -0.0160263 45 146 229
-8.06901 357.979 -0.0182874 45 146 229
-8.09771 358.003 -0.0325307 45 146 229
-8.07507 357.961 0.0143019 45 146 229
-8.05965 357.956 0.029848 45 146 229
-8.05771 357.958 0.0271392 45 146 229
-8.09778 357.991 -0.0277547 45 146 229
-8.08667 357.977 -0.00826648 45 146 229
-8.04823 357.973 0.0126571 45 146 229
-8.07272 358.005 -0.041532 45 146 229
-8.05166 357.973 0.0136635 45 146 229
-8.08421 357.995 -0.0237141 45 146 229
-8.06429 357.964 0.0147473 45 146 229
-8.05193 357.982 -0.00838209 45 146 229
-8.07158 357.968 0.00634625 45 146 229
-8.05145 357.959 0.0262457 45 146 229
-8.04645 357.983 -0.0151765 45 146 229
-8.1075 357.985 -0.0208372 45 146 229
-8.08238 357.988 -0.0292042 45 146 229
-8.08505 357.989 0.0223173 45 146 229
-8.09395 357.976 -0.00887685 45 146 229
-8.06596 357.966 0.00951119 45 146 229
-8.09547 357.995 -0.0365214 45 146 229
-8.1042 358.003 -0.00126048 45 146 229
-8.08097 357.979 -0.0131587 45 146 229
-8.09761 358.011 -0.0446656 45 146 229
-8.04561 357.975 -0.0125411 45 146 229
-8.09095 357.994 0.0166432 45 146 229
-8.09356 357.995 -0.0367713 45 146 229
-8.03329 357.968 0.0259043 45 146 229
-8.08694 357.988 -0.0289189 45 146 229
-8.08004 357.984 -0.024377 45 146 229
-8.11108 357.991 -0.0269578 45 146 229
-8.05757 357.963 0.0169138 45 146 229
-8.03922 357.959 0.0290263 45 146 229
-8.09587 357.998 -0.0402272 45 146 229
-8.04026 357.97 0.01938 45 146 229
-8.06468 357.993 -0.0392705 45 146 229
-8.06661 357.967 0.00814621 45 146 229
-8.10942 357.995 -0.0318815 45 146 229
-8.10045 358.001 -0.0430877 45 146 229
-8.06451 357.97 -0.000149625 45 146 229
-8.10264 357.995 -0.0326563 45 146 229
-8.08156 357.993 -0.0215447 45 146 229
-8.06556 357.969 0.00331552 45 146 229
-8.10324 358.003 0.00168338 45 146 229
-8.08596 357.968 0.00350744 45 146 229
-8.04724 357.983 -0.00105932 45 146 229
-8.07827 358.0 -0.0482586 45 146 229
-8.08187 357.985 -0.0246867 45 146 229
-8.05433 357.965 0.0121685 45 146 229
-8.08283 357.991 -0.0178084 45 146 229
-8.09564 358.003 -0.0470327 45 146 229
-8.04188 357.969 0.0230049 45 146 229
-8.10459 357.994 -0.0304456 45 146 229
-8.06204 357.985 -0.0126878 45 146 229
-8.03201 357.961 0.0256509 45 146 229
-8.04567 357.955 0.0396555 45 146 229
-8.07233 357.973 -0.00437238 45 146 229
-8.06759 357.99 -0.0359977 45 146 229
-8.05893 357.964 0.0148955 45 146 229
-8.03824 357.966 0.00799195 45 146 229
-8.09373 358.006 -0.0376558 45 146 229
-8.03675 357.966 0.00904354 45 146 229
-8.07046 358.001 -0.05376 45 146 229
-8.02639 357.965 0.033287 45 146 229
-8.04601 357.964 0.0138439 45 146 229
-8.10229 358.002 0.00361102 45 146 229
-8.05396 357.983 -0.00907395 45 146 229
-8.06731 357.984 -0.0266414 45 146 229
-8.05507 357.974 -0.00935726 45 146 229
-8.0678 357.985 -0.0268332 45 146 229
-8.06502 357.981 -0.00326173 45 146 229
-8.06418 357.959 0.0235405 45 146 229
-8.09587 358.005 -0.0492331 45 146 229
-8.06193 357.992 -0.0237933 45 146 229
-8.04031 357.968 0.0250956 45 146 229
-8.0858 357.994 -0.0217673 45 146 229
-8.08218 357.976 -0.00726486 45 146 229
-8.08795 357.987 -0.0267772 45 146 229
-8.08047 357.976 -0.00824481 45 146 229
-8.06857 357.964 0.0128214 45 146 229
-8.03434 357.958 0.0309186 45 146 229
-8.05606 357.979 -0.0183698 45 146 229
-8.07308 357.962 0.0141069 45 146 229
-8.09079 357.989 -0.028682 45 146 229
-8.07402 357.991 -0.0363858 45 146 229
-8.10693 357.997 -0.0357148 45 146 229
-8.09661 357.986 -0.0214778 45 146 229
-8.07562 357.988 -0.0143447 45 146 229
-8.0369 357.965 0.0331841 45 146 229
-8.09729 357.989 -0.0260439 45 146 229
-8.0633 357.959 0.024309 45 146 229
-8.0602 357.97 -0.00209067 45 146 229
-8.03775 357.964 0.015194 45 146 229
-8.06042 357.969 0.00041814 45 146 229
-8.09787 357.994 -0.0334992 45 146 229
-8.06546 357.994 -0.0270667 45 146 229
-8.0696 357.959 0.0205359 45 146 229
-8.08495 358.003 -0.0367957 45 146 229
-8.0905 357.99 -0.029584 45 146 229
-8.08135 357.995 -0.0408024 45 146 229
-8.06682 357.974 -0.00861392 45 146 229
-8.08049 357.973 -0.00243641 45 146 229
-8.04241 357.963 0.0187601 45 146 229
-8.04526 357.965 0.0114059 45 146 229
-8.02667 357.964 0.017031 45 146 229
-8.06195 357.996 -0.0328948 45 146 229
-8.0828 357.989 -0.0312106 45 146 229
-8.08728 357.98 -0.012431 45 146 229
-8.11003 357.991 -0.0275988 45 146 229
-8.07812 357.962 0.0122643 45 146 229
-8.09405 357.972 -0.00251723 45 146 229
-8.0446 357.964 0.0152844 45 146 229
-8.10768 357.994 -0.0308882 45 146 229
-8.07707 358.005 -0.0409167 45 146 229
-8.04582 357.976 -0.00342257 45 146 229
-8.06314 357.979 0.000151125 45 146 229
-8.08423 357.979 -0.0114246 45 146 229
-8.08094 357.997 -0.0436097 45 146 229
-8.0954 357.989 -0.0259373 45 146 229
-8.08356 357.982 -0.0180172 45 146 229
-8.07965 357.977 -0.0108306 45 146 229
-8.07948 357.992 -0.0203119 45 146 229
-8.05114 357.962 0.0175715 45 146 229
-8.06414 357.961 0.0199137 45 146 229
-8.0814 357.963 0.0109001 45 146 229
-8.06591 357.976 -0.014023 45 146 229
-8.08702 357.982 -0.0169039 45 146 229
-8.09388 358.003 -0.0470824 45 146 229
-8.04985 357.965 0.0109525 45 146 229
-8.0563 357.984 -0.0111152 45 146 229
-8.11219 358.0 -0.0392054 45 146 229
-8.03154 357.963 0.0393291 45 146 229
-8.05066 357.986 -0.0254449 45 146 229
-8.0554 357.954 0.0384584 45 146 229
-8.08036 358.0 -0.033273 45 146 229
-8.03595 357.964 0.0355641 45 146 229
-8.0818 357.984 -0.0235547 45 146 229
-8.07866 357.994 -0.0399819 45 146 229
-8.06566 357.961 0.0192456 45 146 229
-8.08334 357.99 -0.0150449 45 146 229
-8.05639 357.962 0.0194988 45 146 229
-8.06701 358.0 -0.0396574 45 146 229
-8.08466 357.988 -0.0287234 45 146 229
-8.08833 357.996 -0.0240645 45 146 229
-8.05422 357.963 0.0159469 45 146 229
-8.04244 357.969 0.00536721 45 146 229
-8.04054 357.962 0.0187986 45 146 229
-8.07836 357.974 -0.00420723 45 146 229
-8.03333 357.97 0.0202567 45 146 229
-8.04833 357.958 0.0312559 45 146 229
-8.07392 357.972 -0.00141841 45 146 229
-8.0607 357.978 -0.0171246 45 146 229
-8.07985 358.008 -0.0458939 45 146 229
-8.05585 357.969 0.000517907 45 146 229
-8.04354 357.958 0.0324635 45 146 229
-8.07127 357.965 0.00976798 45 146 229
-8.09997 357.994 -0.033554 45 146 229
-8.05101 357.961 0.0226394 45 146 229
-8.0336 357.963 0.0192235 45 146 229
-8.0944 357.996 -0.0375897 45 146 229
-8.10426 358.004 0.0024653 45 146 229
-8.06933 357.99 -0.0204863 45 146 229
-8.07196 357.963 0.0138561 45 146 229
-8.08405 357.977 -0.00999505 45 146 229
-8.05489 357.974 0.00957432 45 146 229
-8.05445 357.979 -0.0194134 45 146 229
-8.09365 357.989 -0.0264857 45 146 229
-8.05397 357.977 0.00228908 45 146 229
-8.05866 357.957 0.0303378 45 146 229
-8.12355 358.003 -0.0400227 45 146 229
-8.09793 358.002 -0.0447142 45 146 229
-8.09091 357.995 -0.0377134 45 146 229
-8.07588 357.994 -0.0402905 45 146 229
-8.10704 357.995 -0.031544 45 146 229
-8.06877 357.964 0.0123354 45 146 229
-8.0928 357.989 -0.0277617 45 146 229
-8.05564 357.974 -0.00971646 45 146 229
-8.05392 357.981 -0.00516297 45 146 229
-8.09367 358.007 -0.0396063 45 146 229
-8.04773 357.964 0.0131519 45 146 229
-8.06301 357.989 -0.0193842 45 146 229
-8.07216 357.974 -0.00697701 45 146 229
-8.12003 358.0 -0.0368616 45 146 229
-8.08158 357.989 -0.0145164 45 146 229
-8.06892 357.985 -0.0276097 45 146 229
-8.04588 357.954 0.0432995 45 146 229
-8.06916 358.0 -0.0484507 45 146 229
-8.0814 357.982 -0.0187706 45 146 229
-8.06883 357.973 -0.00553819 45 146 229
-8.03302 357.968 0.0262515 45 146 229
-8.04219 357.962 0.0197112 45 146 229
-8.04389 357.958 0.032385 45 146 229
-8.05538 357.975 0.00829695 45 146 229
-8.09352 357.993 -0.0343796 45 146 229
-8.05419 357.984 -0.0119509 45 146 229
-8.0667 357.996 -0.040347 45 146 229
-8.04184 357.962 0.0207151 45 146 229
-8.04543 357.959 0.0357875 45 146 229
-8.09549 357.992 -0.0310565 45 146 229
-8.08233 357.972 -0.000939271 45 146 229
-8.10182 358.001 0.000961327 45 146 229
-8.07649 357.996 -0.0268623 45 146 229
-8.08125 358.0 -0.048268 45 146 229
-8.06615 357.962 0.0181692 45 146 229
-8.09872 358.004 -0.0476174 45 146 229
-8.08105 357.988 -0.0297976 45 146 229
-8.08249 357.976 -0.00753494 45 146 229
-8.11853 357.999 -0.0355702 45 146 229
-8.06355 357.964 0.0148933 45 146 229
-8.04818 357.956 0.0352354 45 146 229
-8.1139 358.004 -0.0417276 45 146 229
-8.0941 357.98 -0.0130665 45 146 229
-8.0652 357.977 0.00603049 45 146 229
-8.06046 357.954 0.0348732 45 146 229
-8.04596 357.968 0.00455141 45 146 229
-8.06143 357.978 -0.0176772 45 146 229
-8.06617 357.97 0.00179103 45 146 229
-8.08382 357.983 -0.0198955 45 146 229
-8.09657 358.002 -0.0451884 45 146 229
-8.09705 358.008 -0.0401795 45 146 229
-8.08823 357.988 -0.0276293 45 146 229
-8.06805 357.971 -0.000555204 45 146 229
-8.07109 357.986 -0.0295256 45 146 229
-8.07546 358.01 -0.0504053 45 146 229
-8.03275 357.964 0.0171972 45 146 229
-8.08036 358.002 -0.0501846 45 146 229
-8.10584 358.004 -0.0453757 45 146 229
-8.06426 357.996 -0.039646 45 146 229
-8.08166 357.973 -0.0028398 45 146 229
-8.04803 357.964 0.014894 45 146 229
-8.03519 357.971 0.0186928 45 146 229
-8.06553 357.957 0.0253882 45 146 229
-8.07738 357.991 -0.0197405 45 146 229
-8.09044 357.995 0.0202466 45 146 229
-8.07962 357.961 0.0134727 45 146 229
-8.1141 358.002 -0.0400413 45 146 229
-8.08471 357.982 -0.0173293 45 146 229
-8.06143 357.975 0.00894643 45 146 229
-8.07837 357.975 -0.00629862 45 146 229
-8.06856 358.003 -0.0452027 45 146 229
-8.0939 357.987 -0.0228268 45 146 229
-8.04779 357.974 0.00950258 45 146 229
-8.07165 357.968 0.00590675 45 146 229
-8.09264 357.988 -0.0248275 45 146 229
-8.06569 357.969 0.00207179 45 146 229
-8.05918 357.965 0.0114891 45 146 229
-8.08454 357.998 -0.0284215 45 146 229
-8.09901 357.994 -0.0324971 45 146 229
-8.06624 357.985 -0.0121557 45 146 229
-8.06965 357.984 -0.00828825 45 146 229
-8.0812 357.975 -0.00565534 45 146 229
-8.06667 357.997 -0.0394724 45 146 229
-8.08375 357.984 -0.0225978 45 146 229
-8.09728 357.996 -0.0365296 45 146 229
-8.05669 357.984 -0.0106066 45 146 229
-8.09365 357.984 -0.0185327 45 146 229
-8.08805 357.992 0.0211197 45 146 229
-8.10258 358.0 -0.0415568 45 146 229
-8.07618 357.972 -0.00131909 45 146 229
-8.07776 357.98 -0.0178492 45 146 229
-8.03233 357.963 0.0389204 45 146 229
-8.08688 358.004 -0.03772 45 146 229
-8.06355 357.961 0.0201867 45 146 229
-8.05767 357.977 -0.0155979 45 146 229
-8.10355 358.004 0.00574676 45 146 229
-8.05936 357.983 -0.008366 45 146 229
-8.05697 357.963 0.0156504 45 146 229
-8.10542 357.998 -0.0372597 45 146 229
-8.0852 357.965 0.0108531 45 146 229
-8.09534 358.004 -0.0348087 45 146 229
-8.06593 357.985 -0.0127168 45 146 229
-8.06479 357.966 0.0104292 45 146 229
-8.05103 357.967 0.00571986 45 146 229
-8.10026 357.995 -0.0343042 45 146 229
-8.04671 357.973 -0.00843867 45 146 229
-8.06742 357.973 -0.00732374 45 146 229
-8.08675 358.005 -0.0388073 45 146 229
-8.07301 357.973 -0.00422175 45 146 229
-8.05186 357.972 -0.005755 45 146 229
-8.06103 357.961 0.0215661 45 146 229
-8.11203 357.994 -0.0300068 45 146 229
-8.06985 357.994 -0.0258308 45 146 229
-8.05317 357.976 0.00470648 45 146 229
-8.05177 357.97 -0.000346933 45 146 229
-8.05139 357.955 0.0386422 45 146 229
-8.06179 357.988 -0.0182826 45 146 229
-8.0759 357.984 -0.024027 45 146 229
-8.07485 357.988 -0.0309858 45 146 229
-8.04828 357.956 0.0362999 45 146 229
-8.09432 358.004 -0.0351658 45 146 229
-8.09137 357.973 -0.00452933 45 146 229
-8.07095 357.966 0.00976868 45 146 229
-8.02771 357.965 0.0332062 45 146 229
-8.04819 357.98 -0.00388226 45 146 229
-8.0951 357.995 -0.0365791 45 146 229
-8.05808 357.988 -0.0181693 45 146 229
-8.0702 358.002 -0.0381575 45 146 229
-8.08764 357.991 0.0215823 45 146 229
-8.10472 357.984 -0.0204217 45 146 229
-8.09391 357.999 -0.0423176 45 146 229
-8.10514 358.0 -0.0396134 45 146 229
-8.06194 357.994 -0.0270005 45 146 229
-8.05808 357.957 0.0295656 45 146 229
-8.09131 357.976 -0.00877836 45 146 229
-8.07778 357.974 -0.00372153 45 146 229
-8.09489 357.995 -0.0369473 45 146 229
-8.05245 357.959 0.0258749 45 146 229
-8.03635 357.964 0.0157506 45 146 229
-8.08712 357.991 0.0191895 45 146 229
-8.04367 357.97 0.000264398 45 146 229
-8.07874 357.987 -0.0295609 45 146 229
-8.05638 357.989 -0.0194992 45 146 229
-8.08587 357.98 -0.014191 45 146 229
-8.09104 357.99 -0.0303573 45 146 229
-8.05201 357.974 0.00996544 45 146 229
-8.06695 357.962 0.0175949 45 146 229
-8.04103 357.969 0.00651944 45 146 229
-8.08859 358.005 -0.0394327 45 146 229
-8.07542 357.995 -0.0267291 45 146 229
-8.09795 357.999 0.00907458 45 146 229
-8.08184 357.979 -0.0141138 45 146 229
-8.09292 358.0 -0.0292957 45 146 229
-8.07271 357.971 0.00108745 45 146 229
-8.06496 357.983 -0.00828469 45 146 229
-8.07569 357.99 -0.0194954 45 146 229
-8.0557 357.972 0.0184281 45 146 229
-8.07242 357.958 0.0217951 45 146 229
-8.10076 357.991 -0.0277812 45 146 229
-8.0616 357.969 0.000395712 45 146 229
-8.05792 357.98 -0.00324168 45 146 229
-8.10113 357.995 -0.0334941 45 146 229
-8.06704 358.0 -0.0395289 45 146 229
-8.05573 357.953 0.0397069 45 146 229
-8.08362 357.985 -0.0247144 45 146 229
-8.06956 357.965 0.0113285 45 146 229
-8.08589 358.0 -0.0316238 45 146 229
-8.07307 358.001 -0.0357188 45 146 229
-8.07069 357.959 0.0195923 45 146 229
-8.06932 357.97 0.0495661 45 146 229
-8.0709 357.979 -0.0173583 45 146 229
-8.03601 357.968 0.010517 45 146 229
-8.02967 357.963 0.0190871 45 146 229
-8.06332 357.981 -0.00361224 45 146 229
-8.08292 357.994 -0.0230361 45 146 229
-8.0636 357.959 0.0237838 45 146 229
-8.05517 357.959 0.0275393 45 146 229
-8.05301 357.961 0.0232278 45 146 229
-8.09523 358.007 -0.0386443 45 146 229
-8.1077 358.009 0.00499576 45 146 229
-8.09303 357.993 -0.0339901 45 146 229
-8.08968 357.984 -0.0191417 45 146 229
-8.0509 357.976 0.00515866 45 146 229
-8.05443 357.959 0.0263213 45 146 229
-8.07077 357.976 -0.0125692 45 146 229
-8.0763 357.958 0.0210041 45 146 229
-8.05082 357.958 0.0281012 45 146 229
-8.04198 357.963 0.0170651 45 146 229
-8.03471 357.969 0.0240189 45 146 229
-8.07389 357.974 -0.0049538 45 146 229
-8.06415 357.961 0.0202213 45 146 229
-8.07146 357.989 -0.0334912 45 146 229
-8.04994 357.964 0.0125026 45 146 229
-8.08988 357.997 -0.0411261 45 146 229
-8.09483 357.997 -0.0233172 45 146 229
-8.10538 358.005 -0.00111287 45 146 229
-8.08291 357.984 -0.0227081 45 146 229
-8.11916 357.994 -0.0295488 45 146 229
-8.04584 357.957 0.0329469 45 146 229
-8.05321 357.96 0.0243614 45 146 229
-8.07914 357.979 -0.0140902 45 146 229
-8.08109 357.998 -0.0297047 45 146 229
-8.08047 357.999 -0.0316875 45 146 229
-8.07973 358.001 -0.0492647 45 146 229
-8.05226 357.968 0.00420411 45 146 229
-8.09294 357.99 -0.0295672 45 146 229
-8.06769 357.965 0.0123453 45 146 229
-8.03588 357.957 0.036874 45 146 229
-8.0936 357.984 -0.0193658 45 146 229
-8.08145 357.995 -0.0248701 45 146 229
-8.07403 357.997 -0.0297339 45 146 229
-8.06162 357.99 -0.0218799 45 146 229
-8.04549 357.971 0.018238 45 146 229
-8.05626 357.958 0.0290605 45 146 229
-8.05342 357.965 0.0112339 45 146 229
-8.10009 358.0 -0.041856 45 146 229
-8.05593 357.989 -0.0201813 45 146 229
-8.04948 357.975 0.00847014 45 146 229
-8.07339 357.965 0.0103993 45 146 229
-8.07855 358.006 -0.0436109 45 146 229
-8.08021 357.989 -0.0320947 45 146 229
-8.05168 357.989 -0.0209485 45 146 229
-8.05011 357.953 0.0422174 45 146 229
-8.05387 357.964 0.0140475 45 146 229
-8.10192 357.989 -0.0246886 45 146 229
-8.05037 357.958 0.0310826 45 146 229
-8.08245 357.994 -0.0388524 45 146 229
-8.07839 357.964 0.0107403 45 146 229
-8.11041 358.004 -0.0447868 45 146 229
-8.12751 358.002 -0.038687 45 146 229
-8.06437 357.987 -0.0153519 45 146 229
-8.09451 357.988 -0.0246854 45 146 229
-8.09435 357.994 -0.0345303 45 146 229
-8.08249 357.965 0.00941362 45 146 229
-8.05815 357.979 -0.0185249 45 146 229
-8.0753 357.976 -0.0084994 45 146 229
-8.06241 357.963 0.0161716 45 146 229
-8.08365 357.978 -0.0100943 45 146 229
-8.03542 357.969 0.0229346 45 146 229
-8.06892 357.977 -0.0149706 45 146 229
-8.06361 357.953 0.0341889 45 146 229
-8.05604 357.953 0.0405819 45 146 229
-8.11607 358.002 -0.0395722 45 146 229
-8.04518 357.971 0.0166857 45 146 229
-8.04359 357.968 0.00456427 45 146 229
-8.08299 357.978 -0.0118315 45 146 229
-8.05139 357.973 -0.00792251 45 146 229
-8.07802 357.972 -0.000863919 45 146 229
-8.0908 357.983 -0.0182777 45 146 229
-8.04093 357.961 0.0231981 45 146 229
-8.08471 357.983 -0.0194352 45 146 229
-8.053 357.975 -0.0128434 45 146 229
-8.04993 357.983 -0.00985999 45 146 229
-8.09307 357.988 -0.0253683 45 146 229
-8.06396 357.978 0.0029706 45 146 229
-8.07274 357.97 0.00235838 45 146 229
-8.07456 357.973 -0.00438343 45 146 229
-8.06057 357.98 -0.021118 45 146 229
-8.07534 358.005 -0.041346 45 146 229
-8.02752 357.962 0.0253871 45 146 229
-8.08649 357.974 -0.00518068 45 146 229
-8.04729 357.976 -0.0140457 45 146 229
-8.05353 357.973 0.0113776 45 146 229
-8.07945 357.993 -0.0224267 45 146 229
-8.08147 357.981 -0.0172486 45 146 229
-8.10852 358.007 -0.00442986 45 146 229
-8.05828 357.954 0.0373089 45 146 229
-8.06203 357.958 0.0260553 45 146 229
-8.07131 357.997 -0.0301243 45 146 229
-8.08458 357.994 -0.022935 45 146 229
-8.07797 357.989 -0.0165964 45 146 229
-8.07797 357.977 -0.00997523 45 146 229
-8.10845 358.001 -0.0410846 45 146 229
-8.10986 357.994 -0.0311045 45 146 229
-8.06606 357.973 -0.0057216 45 146 229
-8.09857 357.995 -0.0357352 45 146 229
-8.06843 357.959 0.0211578 45 146 229
-8.08511 358.006 -0.041155 45 146 229
-8.08068 357.979 -0.0150575 45 146 229
-8.07891 357.987 -0.0285514 45 146 229
-8.04203 357.972 0.00306754 45 146 229
-8.07963 358.001 -0.048995 45 146 229
-8.08989 357.988 -0.0272645 45 146 229
-8.07319 357.999 -0.032716 45 146 229
-8.0813 357.985 -0.0244488 45 146 229
-8.10485 358.005 0.00245155 45 146 229
-8.04492 357.974 0.00899845 45 146 229
-8.05281 357.963 0.0156221 45 146 229
-8.06321 357.994 -0.0265997 45 146 229
-8.0457 357.974 -0.011183 45 146 229
-8.08358 357.978 -0.0107833 45 146 229
-8.06213 357.984 -0.0274026 45 146 229
-8.074 357.969 0.00393029 45 146 229
-8.09735 358.001 -0.0435089 45 146 229
-8.05375 357.973 -0.00788993 45 146 229
-8.04721 357.964 0.0140889 45 146 229
-8.06793 358.002 -0.0437635 45 146 229
-8.07111 357.992 -0.0218347 45 146 229
-8.04094 357.957 0.0345075 45 146 229
-8.07319 357.962 0.0150832 45 146 229
-8.04919 357.951 0.0441831 45 146 229
-8.07768 357.989 -0.0165419 45 146 229
-8.06807 357.995 -0.0272721 45 146 229
-8.08621 357.984 -0.0223206 45 146 229
-8.06062 357.97 -0.000326167 45 146 229
-8.09314 358.001 -0.0455502 45 146 229
-8.03861 357.971 0.0190053 45 146 229
-8.09166 357.995 -0.0370589 45 146 229
-8.0805 357.994 -0.04026 45 146 229
-8.11427 357.998 -0.0349203 45 146 229
-8.05477 357.976 0.00581637 45 146 229
-8.09509 357.983 -0.0167724 45 146 229
-8.07112 357.977 -0.0145442 45 146 229
-8.06253 357.983 -0.0078294 45 146 229
-8.04378 357.961 0.0217719 45 146 229
-8.06889 357.978 0.00492182 45 146 229
-8.05455 357.979 -0.0180276 45 146 229
-8.07707 357.967 0.00663975 45 146 229
-8.08051 357.999 -0.030504 45 146 229
-8.05373 357.956 0.0350427 45 146 229
-8.05044 357.975 0.00621274 45 146 229
-8.08644 357.976 -0.00776432 45 146 229
-8.07627 358.008 -0.0466973 45 146 229
-8.08085 358.002 -0.0506998 45 146 229
-8.05268 357.973 0.011226 45 146 229
-8.05878 357.96 0.0237184 45 146 229
-8.06371 357.971 -0.00237961 45 146 229
-8.02886 357.965 0.0340052 45 146 229
-8.08074 358.0 -0.0321536 45 146 229
-8.09146 357.99 -0.0299388 45 146 229
-8.05701 357.98 -0.00410244 45 146 229
-8.07988 357.978 -0.0132855 45 146 229
-8.10224 358.003 -0.0443329 45 146 229
-8.10309 357.993 -0.0295441 45 146 229
-8.08586 358.003 -0.035767 45 146 229
-8.06721 358.0 -0.0405581 45 146 229
-8.09206 358.0 -0.0304961 45 146 229
-8.06691 357.958 0.0229643 45 146 229
-8.04678 357.98 -0.0246548 45 146 229
-8.06689 357.964 0.0130838 45 146 229
-8.04609 357.969 0.0021368 45 146 229
-8.06145 357.956 0.0299751 45 146 229
-8.06869 358.004 -0.0418359 45 146 229
-8.07936 357.982 -0.0212012 45 146 229
-8.06222 357.966 0.0102075 45 146 229
-8.08032 357.984 -0.023623 45 146 229
-8.07411 357.969 0.00433317 45 146 229
-8.10125 357.993 -0.0302808 45 146 229
-8.06499 357.961 0.0198306 45 146 229
-8.09578 357.982 -0.0157036 45 146 229
-8.10583 357.996 -0.0340374 45 146 229
-8.07404 357.995 -0.0265337 45 146 229
-8.04859 357.958 0.0325973 45 146 229
-8.0824 357.987 0.0221255 45 146 229
-8.05911 357.994 -0.0250619 45 146 229
-8.04877 357.984 -0.0233465 45 146 229
-8.10225 357.996 -0.0353345 45 146 229
-8.07038 358.003 -0.0394781 45 146 229
-8.0668 357.988 -0.0171062 45 146 229
-8.10622 357.996 -0.0339461 45 146 229
-8.07739 357.992 -0.0367094 45 146 229
-8.05885 357.963 0.0165491 45 146 229
-8.04095 357.969 0.00656975 45 146 229
-8.05994 357.995 -0.0269525 45 146 229
-8.07722 357.972 -0.00150995 45 146 229
-8.04887 357.954 0.0412057 45 146 229
-8.08066 357.977 -0.0102164 45 146 229
-8.0868 357.994 -0.0224647 45 146 229
-8.06718 357.99 -0.0199857 45 146 229
-8.09315 357.996 0.0150483 45 146 229
-8.068 357.969 0.00293475 45 146 229
-8.05614 357.957 0.0313735 45 146 229
-8.07895 357.995 -0.0409353 45 146 229
-8.07485 358.008 -0.0460573 45 146 229
-8.05062 357.969 0.00170417 45 146 229
-8.05441 357.957 0.0310271 45 146 229
-8.07574 357.977 -0.0110892 45 146 229
-8.08738 358.002 -0.0484159 45 146 229
-8.04893 357.954 0.0401671 45 146 229
-8.08562 357.988 0.0151506 45 146 229
-8.04615 357.985 -0.0138923 45 146 229
-8.06499 357.994 -0.0272608 45 146 229
-8.0815 357.997 -0.0271733 45 146 229
-8.07863 357.989 -0.0326431 45 146 229
-8.06962 357.974 -0.00800994 45 146 229
-8.07952 357.981 -0.0179637 45 146 229
-8.07708 357.971 0.000418371 45 146 229
-8.08961 357.989 -0.0283107 45 146 229
-8.06796 357.973 -0.00562668 45 146 229
-8.09287 357.989 -0.025698 45 146 229
-8.07549 358.003 -0.038016 45 146 229
-8.07852 357.977 -0.00996534 45 146 229
-8.08995 357.994 0.0210533 45 146 229
-8.04935 357.983 -0.00821265 45 146 229
-8.10811 357.995 -0.0323897 45 146 229
-8.08542 357.983 -0.018391 45 146 229
-8.06604 357.962 0.0180886 45 146 229
-8.09005 357.994 -0.0361694 45 146 229
-8.08479 357.979 -0.0125835 45 146 229
-8.08734 358.002 -0.0520471 45 146 229
-8.08062 357.996 -0.0429755 45 146 229
-8.12723 358.0 -0.0355706 45 146 229
-8.04458 357.967 0.00726051 45 146 229
-8.05294 357.962 0.0199594 45 146 229
-8.0598 357.959 0.0249081 45 146 229
-8.07998 357.985 0.0209947 45 146 229
-8.0935 357.998 -0.0262617 45 146 229
-8.04594 357.971 0.0171297 45 146 229
-8.05378 357.99 -0.0232353 45 146 229
-8.05164 357.961 0.0236591 45 146 229
-8.07859 357.988 -0.0296969 45 146 229
-8.04659 357.972 0.0145467 45 146 229
-8.06869 357.982 -0.0047767 45 146 229
-8.11008 357.985 -0.0211767 45 146 229
-8.0465 357.975 0.00683032 45 146 229
-8.1099 357.999 -0.0380785 45 146 229
-8.04755 357.969 0.0011185 45 146 229
-8.03533 357.963 0.0193477 45 146 229
-8.09906 357.996 -0.036466 45 146 229
-8.05603 357.991 -0.0234624 45 146 229
-8.07937 357.997 -0.029207 45 146 229
-8.03931 357.97 0.0210212 45 146 229
-8.07731 358.002 -0.0373055 45 146 229
-8.0793 357.96 0.0184188 45 146 229
-8.03791 357.958 0.0318803 45 146 229
-8.06688 357.985 -0.0119883 45 146 229
-8.09116 357.995 0.0164137 45 146 229
-8.04505 357.976 -0.0110488 45 146 229
-8.08238 357.992 -0.0193534 45 146 229
-8.0314 357.959 0.0294904 45 146 229
-8.0509 357.97 -0.00394241 45 146 229
-8.07128 357.987 -0.0310029 45 146 229
-8.06943 357.975 -0.010365 45 146 229
-8.0979 358.003 -0.0460781 45 146 229
-8.05863 357.974 -0.00980046 45 146 229
-8.09767 358.001 -0.0429183 45 146 229
-8.07713 357.963 0.0110392 45 146 229
-8.10087 357.993 -0.0310336 45 146 229
-8.0908 357.992 -0.034078 45 146 229
-8.06735 357.966 0.00945836 45 146 229
-8.07942 357.994 -0.0232194 45 146 229
-8.07734 357.964 0.00968525 45 146 229
-8.06005 357.98 -0.00217362 45 146 229
-8.06186 357.99 -0.0383735 45 146 229
-8.08349 357.984 -0.0233348 45 146 229
-8.07112 357.968 0.00541443 45 146 229
-8.07459 357.968 0.00518453 45 146 229
-8.0652 357.98 -0.00180673 45 146 229
-8.10021 357.984 -0.0191016 45 146 229
-8.06389 357.968 0.00341428 45 146 229
-8.07141 357.968 0.00564676 45 146 229
-8.05444 357.953 0.0416314 45 146 229
-8.07991 357.979 -0.0140988 45 146 229
-8.06532 357.984 -0.00879627 45 146 229
-8.09005 357.995 0.0208732 45 146 229
-8.05974 357.984 -0.0104086 45 146 229
-8.08544 357.994 -0.0223044 45 146 229
-8.05185 357.97 -0.000133716 45 146 229
-8.08192 358.0 -0.0329328 45 146 229
-8.07274 357.971 0.00125989 45 146 229
-8.08746 357.984 -0.0215241 45 146 229
-8.07757 357.973 -0.00310948 45 146 229
-8.06252 357.963 0.0160065 45 146 229
-8.02711 357.966 0.0312349 45 146 229
-8.09307 357.984 -0.0184587 45 146 229
-8.07984 357.962 0.0121029 45 146 229
-8.08064 357.988 -0.0139795 45 146 229
-8.05587 357.976 -0.0135101 45 146 229
-8.0579 357.982 -0.00792824 45 146 229
-8.06221 357.98 -0.00207033 45 146 229
-8.07172 357.957 0.0237873 45 146 229
-8.05016 357.982 -0.00682059 45 146 229
-8.04338 357.962 0.0211975 45 146 229
-8.0616 357.955 0.0324535 45 146 229
-8.05437 357.966 0.00751277 45 146 229
-8.03938 357.957 0.0347708 45 146 229
-8.05057 357.968 0.00449931 45 146 229
-8.077 357.991 -0.0356535 45 146 229
-8.07634 357.978 -0.0145966 45 146 229
-8.05639 357.958 0.0278877 45 146 229
-8.06146 357.967 0.00713489 45 146 229
-8.06741 357.967 0.00773304 45 146 229
-8.08051 357.985 -0.0246814 45 146 229
-8.1071 357.997 -0.0346312 45 146 229
-8.11428 358.004 -0.0418416 45 146 229
-8.07879 357.973 -0.00151504 45 146 229
-8.09538 358.007 -0.0398191 45 146 229
-8.04177 357.959 0.032206 45 146 229
-8.07715 357.961 0.0145248 45 146 229
-8.08412 357.976 -0.00665582 45 146 229
-8.0385 357.965 0.0325062 45 146 229
-8.0643 357.959 0.0226578 45 146 229
-8.08208 357.998 -0.0286448 45 146 229
-8.04618 357.958 0.0279766 45 146 229
-8.04073 357.97 0.0208454 45 146 229
-8.067 357.97 0.00141268 45 146 229
-8.09058 357.995 -0.0376467 45 146 229
-8.10153 358.007 -0.0381587 45 146 229
-8.07226 357.973 -0.002909 45 146 229
-8.09385 358.01 -0.0451265 45 146 229
-8.05056 357.964 0.0137731 45 146 229
-8.10056 358.0 -0.043846 45 146 229
-8.0667 357.969 0.00422054 45 146 229
-8.11396 357.997 -0.0336397 45 146 229
-8.08761 357.974 -0.00494803 45 146 229
-8.09825 357.984 -0.0189696 45 146 229
-8.11129 358.004 -0.0443763 45 146 229
-8.07243 358.0 -0.0344301 45 146 229
-8.03708 357.956 0.0377696 45 146 229
-8.08644 357.989 0.0155814 45 146 229
-8.08102 357.988 -0.0305469 45 146 229
-8.08047 357.989 -0.0142556 45 146 229
-8.03203 357.964 0.0182515 45 146 229
-8.10571 357.992 -0.0274887 45 146 229
-8.06793 357.958 0.0228862 45 146 229
-8.03566 357.965 0.0324791 45 146 229
-8.04131 357.964 0.0147485 45 146 229
-8.05642 357.953 0.0410662 45 146 229
-8.08029 357.986 -0.0102326 45 146 229
-8.07212 357.986 -0.0126709 45 146 229
-8.07475 358.005 -0.0417841 45 146 229
-8.07434 358.002 -0.036927 45 146 229
-8.06719 357.967 0.00868417 45 146 229
-8.07477 357.978 -0.0148487 45 146 229
-8.09703 357.994 -0.0341221 45 146 229
-8.08566 358.003 -0.0368391 45 146 229
-8.07844 357.98 -0.0175143 45 146 229
-8.04815 357.956 0.0364682 45 146 229
-8.08786 357.991 0.0176083 45 146 229
-8.08259 357.975 -0.00517765 45 146 229
-8.07893 357.974 -0.00516303 45 146 229
-8.10919 358.005 -0.0451001 45 146 229
-8.07574 358.009 -0.0538242 45 146 229
-8.08008 357.994 -0.0398799 45 146 229
-8.11584 358.005 -0.0440993 45 146 229
-8.09119 357.993 -0.0351212 45 146 229
-8.05343 357.973 -0.00812993 45 146 229
-8.06069 357.98 -0.0203806 45 146 229
-8.07499 357.989 -0.0331584 45 146 229
-8.04243 357.961 0.0227716 45 146 229
-8.06386 357.994 -0.0271653 45 146 229
-8.06605 357.963 0.0155751 45 146 229
-8.07052 357.975 -0.0102922 45 146 229
-8.08938 357.988 -0.0272648 45 146 229
-8.10055 358.004 -0.0332055 45 146 229
-8.04221 357.96 0.025081 45 146 229
-8.08729 357.99 0.0166622 45 146 229
-8.05115 357.973 -0.00673225 45 146 229
-8.09827 357.991 -0.0280409 45 146 229
-8.09028 357.974 -0.00521062 45 146 229
-8.1149 358.003 -0.0402279 45 146 229
-8.06802 357.983 -0.00590543 45 146 229
-8.07573 357.963 0.0124166 45 146 229
-8.06497 358.003 -0.0364347 45 146 229
-8.07474 357.965 0.00964129 45 146 229
-8.06288 357.976 -0.013101 45 146 229
-8.03913 357.966 0.00766428 45 146 229
-8.06539 357.976 0.00777453 45 146 229
-8.07528 358.003 -0.0384327 45 146 229
-8.06927 358.003 -0.0509362 45 146 229
-8.07732 357.973 -0.00283613 45 146 229
-8.04718 357.981 -0.0120356 45 146 229
-8.05724 357.979 -0.00142534 45 146 229
-8.07367 357.988 -0.0321417 45 146 229
-8.07439 357.958 0.0214807 45 146 229
-8.06604 357.963 0.0165905 45 146 229
-8.06374 357.957 0.0268435 45 146 229
-8.06826 357.993 -0.0247276 45 146 229
-8.07935 357.989 -0.0152055 45 146 229
-8.07028 357.958 0.0217378 45 146 229
-8.04956 357.953 0.046555 45 146 229
-8.06001 357.969 0.000776527 45 146 229
-8.09358 357.98 -0.013586 45 146 229
-8.07829 357.969 0.00505898 45 146 229
-8.09207 357.987 -0.0245 45 146 229
-8.04032 357.96 0.0263052 45 146 229
-8.05384 357.979 -0.0188186 45 146 229
-8.0755 357.977 -0.0136464 45 146 229
-8.06887 357.968 0.00574353 45 146 229
-8.08647 357.996 -0.0259929 45 146 229
-8.0541 357.971 -0.00336579 45 146 229
-8.09049 357.989 -0.0280022 45 146 229
-8.09063 357.969 0.000883038 45 146 229
-8.07302 357.967 0.00684049 45 146 229
-8.07092 357.989 -0.0171767 45 146 229
-8.11364 357.994 -0.0310849 45 146 229
-8.08156 358.0 -0.0324268 45 146 229
-8.03359 357.968 0.0130922 45 146 229
-8.04302 357.963 0.0179142 45 146 229
-8.11653 357.997 -0.0345473 45 146 229
-8.05441 357.965 0.0119089 45 146 229
-8.08008 357.988 -0.0303909 45 146 229
-8.03959 357.965 0.0121541 45 146 229
-8.07121 357.972 -0.0021839 45 146 229
-8.08153 357.986 -0.0264382 45 146 229
-8.05703 357.953 0.0386326 45 146 229
-8.08209 357.986 0.0144678 45 146 229
-8.06418 357.954 0.0320533 45 146 229
-8.07872 357.989 -0.0161642 45 146 229
-8.07352 357.974 -0.00679385 45 146 229
-8.08117 357.972 -0.000578334 45 146 229
-8.08156 357.986 0.0230846 45 146 229
-8.08283 357.978 -0.0107784 45 146 229
-8.06976 357.968 0.00547432 45 146 229
-8.03347 357.968 0.0262107 45 146 229
-8.099 357.992 -0.0293832 45 146 229
-8.06718 357.981 -0.00343947 45 146 229
-8.07698 357.997 -0.0291145 45 146 229
-8.10292 357.978 -0.013357 45 146 229
-8.05508 357.961 0.0225007 45 146 229
-8.06356 357.984 -0.00994027 45 146 229
-8.06152 357.972 -0.00433665 45 146 229
-8.09625 358.004 -0.0351834 45 146 229
-8.08646 357.992 -0.0343359 45 146 229
-8.05702 357.958 0.0274363 45 146 229
-8.04801 357.985 -0.0191664 45 146 229
-8.08117 357.995 -0.0401854 45 146 229
-8.10308 357.996 -0.0343146 45 146 229
-8.11 357.995 -0.0321823 45 146 229
-8.04205 357.961 0.0219498 45 146 229
-8.07956 357.993 -0.0389755 45 146 229
-8.11297 358.003 -0.041939 45 146 229
-8.05993 357.96 0.0237824 45 146 229
-8.06659 357.997 -0.0406804 45 146 229
-8.05858 357.963 0.0175534 45 146 229
-8.05063 357.975 0.00814344 45 146 229
-8.06496 357.963 0.0170651 45 146 229
-8.08896 357.981 -0.0152865 45 146 229
-8.09476 357.999 0.0147226 45 146 229
-8.06197 357.988 -0.0174798 45 146 229
-8.07397 357.989 -0.0329813 45 146 229
-8.09535 358.01 -0.0434019 45 146 229
-8.06493 357.964 0.0150287 45 146 229
-8.06513 357.985 -0.0126722 45 146 229
-8.07324 357.984 -0.0243891 45 146 229
-8.06463 357.968 0.00432386 45 146 229
-8.07566 357.979 -0.0164014 45 146 229
-8.0929 357.999 -0.0426762 45 146 229
-8.09673 357.978 -0.0109845 45 146 229
-8.04672 357.983 -0.0102229 45 146 229
-8.08732 357.971 -0.000911435 45 146 229
-8.09417 357.987 -0.0239944 45 146 229
-8.0717 357.963 0.0132256 45 146 229
-8.1192 358.002 -0.0411748 45 146 229
-8.07717 357.98 -0.0175359 45 146 229
-8.06026 357.977 -0.0155637 45 146 229
-8.07307 357.975 -0.00806055 45 146 229
-8.07566 357.987 -0.0136653 45 146 229
-8.03921 357.96 0.0240463 45 146 229
-8.03837 357.958 0.0318173 45 146 229
-8.08398 357.996 -0.0269803 45 146 229
-8.04788 357.973 0.0125066 45 146 229
-8.05881 357.958 0.0279689 45 146 229
-8.05095 357.973 -0.00747783 45 146 229
-8.06861 357.978 -0.0167883 45 146 229
-8.07892 357.995 -0.0412286 45 146 229
-8.08281 358.004 -0.0394505 45 146 229
-8.07652 357.977 -0.012901 45 146 229
-8.10365 357.997 -0.0369794 45 146 229
-8.11094 357.995 -0.0322712 45 146 229
-8.07733 357.994 -0.0237788 45 146 229
-8.05293 357.957 0.0320333 45 146 229
-8.1069 357.991 -0.0262026 45 146 229
-8.0852 357.985 -0.0237022 45 146 229
-8.1011 358.003 0.00933492 45 146 229
-8.12254 358.011 -0.0428705 45 146 229
-8.05082 357.97 -0.000614437 45 146 229
-8.07715 357.996 -0.0426921 45 146 229
-8.07851 357.998 -0.0308031 45 146 229
-8.03679 357.957 0.0358269 45 146 229
-8.11428 357.99 -0.0258364 45 146 229
-8.0457 357.964 0.0140287 45 146 229
-8.03353 357.965 0.0331338 45 146 229
-8.08423 357.99 -0.0318597 45 146 229
-8.06171 357.967 0.00743533 45 146 229
-8.06212 357.993 -0.0364746 45 146 229
-8.09072 357.993 0.0158355 45 146 229
-8.05662 357.953 0.0402225 45 146 229
-8.10986 358.004 -0.0434041 45 146 229
-8.08705 358.002 -0.0345042 45 146 229
-8.0645 357.962 0.017831 45 146 229
-8.09358 357.997 -0.0240929 45 146 229
-8.11646 357.994 -0.0306893 45 146 229
-8.07235 357.976 -0.0110535 45 146 229
-8.08638 357.984 -0.0211174 45 146 229
-8.05066 357.984 -0.0109 45 146 229
-8.07507 357.969 0.00432375 45 146 229
-8.0955 357.993 -0.0332389 45 146 229
-8.08383 357.977 -0.00894847 45 146 229
-8.0658 357.96 0.0207293 45 146 229
-8.0572 357.967 0.00541779 45 146 229
-8.06572 357.962 0.017776 45 146 229
-8.05155 357.957 0.0326765 45 146 229
-8.07541 357.988 -0.0314915 45 146 229
-8.10716 357.997 -0.0349668 45 146 229
-8.0702 357.967 0.00794688 45 146 229
-8.0779 358.001 -0.0495373 45 146 229
-8.08467 357.987 -0.0273113 45 146 229
-8.07892 357.979 -0.0146878 45 146 229
-8.07791 357.988 -0.0310998 45 146 229
-8.09882 357.985 -0.0197325 45 146 229
-8.07916 357.978 -0.0128994 45 146 229
-8.10231 357.985 -0.0204397 45 146 229
-8.08557 358.008 -0.0438375 45 146 229
-8.0749 357.996 -0.0280419 45 146 229
-8.08873 358.003 -0.0353164 45 146 229
-8.05714 357.976 -0.0143078 45 146 229
-8.04775 357.982 -0.00770062 45 146 229
-8.0655 357.958 0.0239267 45 146 229
-8.04222 357.974 0.00955565 45 146 229
-8.07042 357.981 -0.00315569 45 146 229
-8.08922 357.989 -0.0283538 45 146 229
-8.09744 358.004 -0.0346423 45 146 229
-8.08271 357.997 -0.0428839 45 146 229
-8.11189 358.0 -0.0378155 45 146 229
-8.04149 357.964 0.0139621 45 146 229
-8.0577 357.988 -0.0311215 45 146 229
-8.0724 357.967 0.0072643 45 146 229
-8.08256 357.987 0.0254912 45 146 229
-8.04938 357.983 -0.00968834 45 146 229
-8.08763 357.985 -0.0220105 45 146 229
-8.04599 357.973 -0.00974326 45 146 229
-8.04206 357.959 0.0338512 45 146 229
-8.09507 357.994 -0.034183 45 146 229
-8.08334 357.978 -0.0110713 45 146 229
-8.11711 357.994 -0.0279398 45 146 229
-8.06814 357.961 0.0181112 45 146 229
-8.05823 357.981 -0.0058129 45 146 229
-8.08335 357.985 -0.0243988 45 146 229
-8.06625 357.983 -0.0251626 45 146 229
-8.02607 357.964 0.0178323 45 146 229
-8.04618 357.962 0.0207615 45 146 229
-8.05021 357.986 -0.0235478 45 146 229
-8.06643 357.985 -0.0112501 45 146 229
-8.03936 357.958 0.0301772 45 146 229
-8.08038 357.963 0.010522 45 146 229
-8.08641 357.995 -0.0231414 45 146 229
-8.06523 357.974 -0.00859111 45 146 229
-8.04047 357.957 0.0345079 45 146 229
-8.0568 357.99 -0.0219203 45 146 229
-8.05951 357.984 -0.0107442 45 146 229
-8.04024 357.957 0.0351168 45 146 229
-8.08288 357.999 -0.0300713 45 146 229
-8.04011 357.961 0.0231622 45 146 229
-8.07955 357.989 -0.0316051 45 146 229
-8.09254 357.996 0.0175667 45 146 229
-8.06624 357.959 0.0230136 45 146 229
-8.06656 357.967 0.00678492 45 146 229
-8.06789 357.999 -0.0446702 45 146 229
-8.07136 357.989 -0.0331122 45 146 229
-8.07518 358.008 -0.0460326 45 146 229
-8.06672 357.996 -0.0438383 45 146 229
-8.057 357.968 0.00263554 45 146 229
-8.10237 357.997 -0.036737 45 146 229
-8.08982 357.986 -0.0231561 45 146 229
-8.02854 357.963 0.0391133 45 146 229
-8.06036 357.957 0.0287906 45 146 229
-8.09565 358.011 -0.0446964 45 146 229
-8.05537 357.983 -0.00786583 45 146 229
-8.08586 357.984 -0.020767 45 146 229
-8.08702 357.999 -0.0450688 45 146 229
-8.09659 357.997 -0.0388952 45 146 229
-8.05029 357.971 -0.00241274 45 146 229
-8.12436 357.999 -0.0371634 45 146 229
-8.05657 357.99 -0.0215497 45 146 229
-8.08918 358.002 -0.0334577 45 146 229
-8.09628 357.979 -0.012823 45 146 229
-8.0526 357.965 0.0106232 45 146 229
-8.09818 358.005 -0.0480813 45 146 229
-8.08946 357.984 -0.0199751 45 146 229
-8.07728 357.994 -0.0243735 45 146 229
-8.10717 357.992 -0.0277244 45 146 229
-8.05146 357.958 0.0288654 45 146 229
-8.07187 357.962 0.015377 45 146 229
-8.06917 357.968 0.00556689 45 146 229
-8.05115 357.987 -0.025261 45 146 229
-8.04724 357.981 -0.0123118 45 146 229
-8.05288 357.972 0.0150643 45 146 229
-8.0761 357.985 -0.0260448 45 146 229
-8.07976 357.988 -0.0307529 45 146 229
-8.06212 357.972 -0.00619341 45 146 229
-8.06542 357.974 -0.00950842 45 146 229
-8.05523 357.954 0.0372225 45 146 229
-8.03582 357.967 0.0278898 45 146 229
-8.09145 358.006 -0.0387843 45 146 229
-8.09821 357.98 -0.0131776 45 146 229
-8.05695 357.982 -0.00840287 45 146 229
-8.07161 357.959 0.0182984 45 146 229
-8.09167 357.973 -0.00307361 45 146 229
-8.08617 357.991 -0.0331 45 146 229
-8.06468 357.973 -0.00745724 45 146 229
-8.07054 357.986 -0.0122461 45 146 229
-8.06658 357.982 -0.0238801 45 146 229
-8.03949 357.97 0.0197406 45 146 229
-8.10922 357.996 -0.0335665 45 146 229
-8.04402 357.971 0.00328953 45 146 229
-8.06159 357.993 -0.0267319 45 146 229
-8.09885 358.006 -0.0502812 45 146 229
-8.06475 357.988 -0.0183682 45 146 229
-8.06243 357.961 0.0208241 45 146 229
-8.08362 357.992 -0.0188403 45 146 229
-8.07367 357.987 -0.0302018 45 146 229
-8.05965 357.971 -0.00358286 45 146 229
-8.07801 358.005 -0.0408774 45 146 229
-8.11887 358.006 -0.0440426 45 146 229
-8.05966 357.974 -0.0107481 45 146 229
-8.07175 357.988 -0.0159396 45 146 229
-8.10065 357.992 -0.0293955 45 146 229
-8.04059 357.969 0.024023 45 146 229
-8.05096 357.967 0.00755196 45 146 229
-8.08535 358.0 -0.0461792 45 146 229
-8.04618 357.969 0.00323205 45 146 229
-8.08726 357.991 -0.0324625 45 146 229
-8.09825 357.99 -0.0269352 45 146 229
-8.10799 357.996 -0.0337138 45 146 229
-8.08837 357.99 -0.0310699 45 146 229
-8.07385 357.965 0.00933909 45 146 229
-8.07988 358.007 -0.0443788 45 146 229
-8.0726 357.989 -0.0341805 45 146 229
-8.08209 358.0 -0.032608 45 146 229
-8.06649 357.963 0.0166009 45 146 229
-8.06621 357.96 0.0214303 45 146 229
-8.06926 357.971 -0.000120207 45 146 229
-8.06627 357.973 -0.00588637 45 146 229
-8.06127 357.978 -0.0168877 45 146 229
-8.0627 357.996 -0.0357928 45 146 229
-8.05644 357.956 0.0328023 45 146 229
-8.08596 357.999 -0.0447667 45 146 229
-8.09546 357.994 -0.0345289 45 146 229
-8.05573 357.976 -0.0135491 45 146 229
-8.06568 357.967 0.00807137 45 146 229
-8.05645 357.963 0.016833 45 146 229
-8.0947 358.003 -0.0470591 45 146 229
-8.09331 358.003 -0.034887 45 146 229
-8.10946 357.996 -0.0326986 45 146 229
-8.05037 357.963 0.0148387 45 146 229
-8.09398 357.998 0.0167424 45 146 229
-8.07199 357.965 0.0107867 45 146 229
-8.08194 357.986 0.0168801 45 146 229
-8.04123 357.972 0.015373 45 146 229
-8.07652 357.967 0.00645044 45 146 229
-8.06363 357.963 0.0157767 45 146 229
-8.10145 358.002 0.00499591 45 146 229
-8.04619 357.977 -0.0141195 45 146 229
-8.05433 357.973 -0.00741527 45 146 229
-8.05761 357.962 0.0178099 45 146 229
-8.10034 357.993 -0.0307576 45 146 229
-8.06841 357.973 -0.00547234 45 146 229
-8.06116 357.976 0.00711234 45 146 229
-8.05795 357.964 0.0127585 45 146 229
-8.09785 357.983 -0.016389 45 146 229
-8.10397 357.992 -0.0282954 45 146 229
-8.07316 357.976 -0.0114267 45 146 229
-8.06555 357.966 0.0488351 45 146 229
-8.03726 357.968 0.00957866 45 146 229
-8.0496 357.955 0.039431 45 146 229
-8.08922 357.998 -0.0426174 45 146 229
-8.03361 357.963 0.0199381 45 146 229
-8.05142 357.953 0.0405407 45 146 229
-8.06741 358.002 -0.0404519 45 146 229
-8.05761 357.988 -0.0310587 45 146 229
-8.11206 357.991 -0.0271639 45 146 229
-8.1062 358.007 0.00278861 45 146 229
-8.06425 357.965 0.0131299 45 146 229
-8.10851 357.999 -0.0382436 45 146 229
-8.1058 357.995 -0.0331988 45 146 229
-8.07999 357.974 -0.00409694 45 146 229
-8.03464 357.969 0.0218885 45 146 229
-8.06186 357.96 0.0221843 45 146 229
-8.06582 357.958 0.0237032 45 146 229
-8.06057 357.963 0.0159825 45 146 229
-8.05354 357.955 0.0365172 45 146 229
-8.06756 357.998 -0.0461642 45 146 229
-8.09478 357.987 -0.0222918 45 146 229
-8.08413 358.0 -0.0466901 45 146 229
-8.10651 358.001 -0.0415345 45 146 229
-8.05489 357.989 -0.0206934 45 146 229
-8.09838 358.009 -0.0408388 45 146 229
-8.08623 357.993 -0.0204108 45 146 229
-8.10276 358.004 0.00981263 45 146 229
-8.02613 357.96 0.0192946 45 146 229
-8.05532 357.959 0.0268914 45 146 229
-8.07862 357.984 -0.0242185 45 146 229
-8.04768 357.967 0.00595691 45 146 229
-8.07546 358.003 -0.0382851 45 146 229
-8.06569 357.979 0.000404198 45 146 229
-8.08051 357.995 -0.0415512 45 146 229
-8.05472 357.975 0.00808178 45 146 229
-8.05979 357.963 0.017275 45 146 229
-8.03259 357.965 0.0125384 45 146 229
-8.05351 357.976 0.00569201 45 146 229
-8.07548 357.985 -0.0263644 45 146 229
-8.06423 357.966 0.0108636 45 146 229
-8.04816 357.97 0.000503763 45 146 229
-8.08009 357.967 0.00687718 45 146 229
-8.07925 357.993 -0.0381361 45 146 229
-8.05111 357.969 0.00127193 45 146 229
-8.07538 357.987 -0.0297146 45 146 229
-8.04524 357.98 0.00269026 45 146 229
-8.04533 357.962 0.0213815 45 146 229
-8.11449 357.995 -0.0321083 45 146 229
-8.06135 357.969 0.000417607 45 146 229
-8.11742 358.001 -0.037904 45 146 229
-8.07437 357.986 -0.0275416 45 146 229
-8.1128 357.999 -0.0365899 45 146 229
-8.06916 357.991 -0.021578 45 146 229
-8.05001 357.957 0.0345798 45 146 229
-8.07295 358.001 -0.0358823 45 146 229
-8.05717 357.955 0.0339235 45 146 229
-8.05683 357.99 -0.0213251 45 146 229
-8.07079 357.983 -0.0243128 45 146 229
-8.0517 357.956 0.034289 45 146 229
-8.06976 357.958 0.0176735 45 146 229
-8.06146 357.991 -0.0240547 45 146 229
-8.06185 357.982 -0.0244321 45 146 229
-8.05835 357.964 0.0132559 45 146 229
-8.06433 357.985 -0.011851 45 146 229
-8.04497 357.964 0.0135275 45 146 229
-8.06873 358.0 -0.0347117 45 146 229
-8.0706 357.975 -0.00939239 45 146 229
-8.08672 358.001 -0.0326279 45 146 229
-8.04913 357.983 -0.00954621 45 146 229
-8.09338 357.989 -0.0273665 45 146 229
-8.08943 358.0 -0.0308182 45 146 229
-8.10453 357.984 -0.0202912 45 146 229
-8.06872 357.959 0.0207477 45 146 229
-8.04873 357.976 -0.0184103 45 146 229
-8.05997 357.969 0.000451967 45 146 229
-8.07667 357.998 -0.0315339 45 146 229
-8.0525 357.954 0.0392154 45 146 229
-8.10472 357.979 -0.01372 45 146 229
-8.03475 357.968 0.0114529 45 146 229
-8.10152 358.003 0.00405632 45 146 229
-8.10556 357.993 -0.0299827 45 146 229
-8.08473 357.988 0.0163103 45 146 229
-8.10957 357.997 -0.0351969 45 146 229
-8.09006 357.999 -0.0293631 45 146 229
-8.05494 357.958 0.0289024 45 146 229
-8.11074 358.001 -0.0395053 45 146 229
-8.07712 358.003 -0.0375879 45 146 229
-8.05128 357.956 0.0360235 45 146 229
-8.04721 357.979 -0.00136164 45 146 229
-8.03847 357.973 0.0138816 45 146 229
-8.06043 357.965 0.0125348 45 146 229
-8.08418 357.988 -0.0286656 45 146 229
-8.11165 358.001 -0.0391944 45 146 229
-8.07064 357.984 -0.0259599 45 146 229
-8.06329 357.976 -0.0132701 45 146 229
-8.04039 357.967 0.00685634 45 146 229
-8.05374 357.974 -0.00977412 45 146 229
-8.05977 357.966 0.00891739 45 146 229
-8.05012 357.958 0.0289674 45 146 229
-8.04645 357.968 0.00439922 45 146 229
-8.04336 357.968 0.00514022 45 146 229
-8.07077 357.982 -0.0222954 45 146 229
-8.02579 357.963 0.0182882 45 146 229
-8.08025 357.961 0.0106409 45 146 229
-8.05277 357.963 0.0159082 45 146 229
-8.06067 357.956 0.0309101 45 146 229
-8.10543 358.005 -0.000318627 45 146 229
-8.06491 357.97 -0.000475792 45 146 229
-8.12133 358.007 -0.0420802 45 146 229
-8.03931 357.958 0.031279 45 146 229
-8.08407 358.004 -0.0389426 45 146 229
-8.07916 357.974 -0.00382977 45 146 229
-8.06405 357.996 -0.0372041 45 146 229
-8.05991 357.978 0.000667921 45 146 229
-8.11266 358.0 -0.0391181 45 146 229
-8.07836 357.973 -0.00339562 45 146 229
-8.06309 357.983 -0.00857645 45 146 229
-8.06553 357.97 0.000351222 45 146 229
-8.09403 357.999 0.0196092 45 146 229
-8.10193 358.0 -0.041454 45 146 229
-8.0636 357.964 0.0500273 45 146 229
-8.02992 357.965 0.0336962 45 146 229
-8.08894 358.003 -0.0499324 45 146 229
-8.06374 357.993 -0.0261799 45 146 229
-8.08464 357.993 -0.0215075 45 146 229
-8.05602 357.958 0.0293107 45 146 229
-8.05298 357.954 0.0391246 45 146 229
-8.09444 358.007 -0.0394537 45 146 229
-8.04377 357.975 0.00627429 45 146 229
-8.0967 357.979 -0.0118217 45 146 229
-8.04463 357.955 0.0508493 45 146 229
-8.07108 357.957 0.0237816 45 146 229
-8.10622 357.993 -0.0295956 45 146 229
-8.05472 357.959 0.0261303 45 146 229
-8.05254 357.989 -0.0261761 45 146 229
-8.0793 357.984 0.0263275 45 146 229
-8.05019 357.955 0.0385041 45 146 229
-8.10269 357.993 -0.030505 45 146 229
-8.02958 357.964 0.0189107 45 146 229
-8.07085 357.991 -0.0204981 45 146 229
-8.07519 358.003 -0.0388339 45 146 229
-8.04437 357.976 0.00106824 45 146 229
-8.08024 357.993 -0.0220328 45 146 229
-8.03837 357.968 0.0245721 45 146 229
-8.03439 357.964 0.0354101 45 146 229
-8.04553 357.962 0.0209195 45 146 229
-8.04845 357.958 0.031473 45 146 229
-8.08087 357.987 -0.028043 45 146 229
-8.04524 357.974 0.00865696 45 146 229
-8.05177 357.967 0.00627847 45 146 229
-8.06037 357.976 -0.012931 45 146 229
-8.07295 357.976 -0.0113338 45 146 229
-8.04791 357.972 0.0155692 45 146 229
-8.02785 357.962 0.0250011 45 146 229
-8.10014 358.01 -0.0414393 45 146 229
-8.05376 357.956 0.0350015 45 146 229
-8.06112 357.965 0.0125914 45 146 229
-8.07119 357.974 -0.00781151 45 146 229
-8.06079 357.954 0.0335403 45 146 229
-8.06959 357.978 -0.0169067 45 146 229
-8.04489 357.962 0.0199549 45 146 229
-8.10301 358.007 -0.0375737 45 146 229
-8.08155 357.992 -0.0191156 45 146 229
-8.11047 358.002 -0.0415504 45 146 229
-8.09264 357.992 -0.0324372 45 146 229
-8.05721 357.985 -0.0130258 45 146 229
-8.08088 357.987 -0.0118344 45 146 229
-8.05218 357.96 0.0236728 45 146 229
-8.08444 357.988 0.0196517 45 146 229
-8.04464 357.975 -0.00835093 45 146 229
-8.09986 358.0 0.00582666 45 146 229
-8.08234 357.974 -0.003851 45 146 229
-8.07407 357.979 -0.0169637 45 146 229
-8.05579 357.973 -0.00853739 45 146 229
-8.06542 357.975 -0.011896 45 146 229
-8.06037 357.977 -0.015365 45 146 229
-8.05045 357.974 0.0109311 45 146 229
-8.08169 357.984 -0.0226895 45 146 229
-8.07847 357.963 0.0111244 45 146 229
-8.08486 357.98 -0.0143315 45 146 229
-8.07662 357.972 -0.00111431 45 146 229
-8.0714 357.973 -0.00586675 45 146 229
-8.09202 357.998 -0.0270618 45 146 229
-8.05554 357.959 0.0257447 45 146 229
-8.07142 357.989 -0.033389 45 146 229
-8.06588 357.994 -0.0391305 45 146 229
-8.08409 357.985 -0.0235794 45 146 229
-8.06751 358.002 -0.0421587 45 146 229
-8.10044 358.0 0.0034345 45 146 229
-8.04539 357.957 0.0338915 45 146 229
-8.07093 357.996 -0.0445309 45 146 229
-8.06759 357.968 0.00496582 45 146 229
-8.07291 357.969 0.00372696 45 146 229
-8.08194 357.999 -0.0463818 45 146 229
-8.06794 357.984 -0.00820057 45 146 229
-8.05028 357.958 0.0321702 45 146 229
-8.11476 357.998 -0.0350665 45 146 229
-8.07448 358.008 -0.0537902 45 146 229
-8.07024 358.001 -0.0357554 45 146 229
-8.06233 357.964 0.0142541 45 146 229
-8.0749 357.987 -0.0298585 45 146 229
-8.05888 357.98 -0.0209429 45 146 229
-8.04688 357.963 0.0161704 45 146 229
-8.1124 358.001 -0.0388814 45 146 229
-8.06459 357.978 -0.0168192 45 146 229
-8.05247 357.99 -0.0234014 45 146 229
-8.10325 358.004 0.00394147 45 146 229
-8.06388 357.984 -0.0106379 45 146 229
-8.03511 357.97 0.0207533 45 146 229
-8.06777 357.965 0.0111751 45 146 229
-8.06997 357.958 0.0235973 45 146 229
-8.09626 358.004 -0.0475697 45 146 229
-8.0671 357.97 0.00108007 45 146 229
-8.09843 358.011 -0.0445983 45 146 229
-8.06013 357.954 0.0358388 45 146 229
-8.08128 357.996 -0.0414689 45 146 229
-8.09092 357.989 -0.0278091 45 146 229
-8.04974 357.965 0.0112986 45 146 229
-8.02758 357.962 0.0262205 45 146 229
-8.05579 357.978 -0.0176909 45 146 229
-8.04812 357.964 0.0126196 45 146 229
-8.08999 358.002 -0.0329991 45 146 229
-8.05695 357.975 0.00811379 45 146 229
-8.09539 357.988 -0.0237296 45 146 229
-8.04988 357.962 0.0172559 45 146 229
-8.06829 357.973 -0.00533708 45 146 229
-8.12399 358.004 -0.0396434 45 146 229
-8.10986 357.994 -0.0302788 45 146 229
-8.0893 357.986 -0.022665 45 146 229
-8.04711 357.957 0.0327581 45 146 229
-8.09128 357.996 0.0201271 45 146 229
-8.06198 357.981 -0.022011 45 146 229
-8.03437 357.962 0.0215573 45 146 229
-8.06746 357.997 -0.0440236 45 146 229
-8.07883 357.999 -0.047187 45 146 229
-8.04289 357.959 0.0302635 45 146 229
-8.07551 357.98 -0.0185902 45 146 229
-8.07934 357.995 -0.041714 45 146 229
-8.0947 358.005 -0.0368707 45 146 229
-8.09586 357.989 -0.026081 45 146 229
-8.05976 357.96 0.0233085 45 146 229
-8.06971 357.969 0.002821 45 146 229
-8.07879 357.992 -0.0373694 45 146 229
-8.07291 357.989 -0.0338843 45 146 229
-8.09583 357.998 -0.0403541 45 146 229
-8.08516 357.979 -0.0120905 45 146 229
-8.11197 358.005 -0.0442142 45 146 229
-8.0994 357.989 -0.0243613 45 146 229
-8.06399 357.963 0.0155824 45 146 229
-8.02682 357.959 0.0338183 45 146 229
-8.06282 357.962 0.0175422 45 146 229
-8.03934 357.97 0.0200499 45 146 229
-8.04261 357.969 0.00442406 45 146 229
-8.0719 357.959 0.0191932 45 146 229
-8.06774 358.001 -0.0438119 45 146 229
-8.05104 357.955 0.0369552 45 146 229
-8.06267 357.976 -0.0140539 45 146 229
-8.03082 357.963 0.039107 45 146 229
-8.05106 357.98 -0.00426801 45 146 229
-8.06601 357.975 -0.0109931 45 146 229
-8.06853 358.002 -0.0473995 45 146 229
-8.03896 357.957 0.0351061 45 146 229
-8.07199 357.995 -0.0264754 45 146 229
-8.05993 357.953 0.0381887 45 146 229
-8.06428 357.958 0.0244536 45 146 229
-8.08768 357.991 -0.033013 45 146 229
-8.08558 357.993 -0.0214627 45 146 229
-8.06538 357.967 0.00860762 45 146 229
-8.08339 357.971 0.000117391 45 146 229
-8.10582 357.993 -0.0295739 45 146 229
-8.06766 357.978 -0.0168854 45 146 229
-8.05881 357.959 0.0260273 45 146 229
-8.05514 357.988 -0.0184701 45 146 229
-8.07999 357.974 -0.00501609 45 146 229
-8.06913 357.997 -0.0310964 45 146 229
-8.05991 357.987 -0.0163985 45 146 229
-8.09589 357.997 0.0110431 45 146 229
-8.12227 358.011 -0.0445935 45 146 229
-8.0524 357.974 0.00953822 45 146 229
-8.0365 357.967 0.0100612 45 146 229
-8.05183 357.982 -0.00840701 45 146 229
-8.06385 357.956 0.0286512 45 146 229
-8.04909 357.956 0.0354479 45 146 229
-8.06285 357.968 0.0033811 45 146 229
-8.05699 357.977 -0.0154381 45 146 229
-8.04588 357.974 -0.00365795 45 146 229
-8.0697 358.004 -0.0513962 45 146 229
-8.05063 357.981 -0.0279884 45 146 229
-8.1084 357.989 -0.025472 45 146 229
-8.06753 357.984 -0.026643 45 146 229
-8.09404 357.995 -0.0362955 45 146 229
-8.05239 357.958 0.0298921 45 146 229
-8.093 357.983 -0.01686 45 146 229
-8.10448 357.997 -0.0353427 45 146 229
-8.08954 357.986 -0.0236826 45 146 229
-8.05557 357.954 0.0386846 45 146 229
-8.06466 357.962 0.0175972 45 146 229
-8.10129 357.992 -0.0290627 45 146 229
-8.05902 357.979 -0.0189789 45 146 229
-8.07874 358.001 -0.0348454 45 146 229
-8.11234 357.995 -0.0316343 45 146 229
-8.10342 358.007 -0.0373898 45 146 229
-8.08938 358.006 -0.0389041 45 146 229
-8.07569 357.977 -0.0122359 45 146 229
-8.04371 357.961 0.0237797 45 146 229
-8.07573 357.963 0.0126749 45 146 229
-8.07211 357.981 -0.0199956 45 146 229
-8.06036 357.978 0.000993647 45 146 229
-8.05825 357.975 0.0087027 45 146 229
-8.06449 357.983 -0.025297 45 146 229
-8.09238 357.993 -0.0349784 45 146 229
-8.05277 357.957 0.0325961 45 146 229
-8.08294 357.976 -0.0078891 45 146 229
-8.08898 357.973 -0.00518432 45 146 229
-8.03589 357.969 0.0229661 45 146 229
-8.09339 357.973 -0.00438519 45 146 229
-8.05758 357.988 -0.0187855 45 146 229
-8.06801 357.972 -0.00333589 45 146 229
-8.05744 357.954 0.0376432 45 146 229
-8.07733 357.963 0.0119315 45 146 229
-8.07912 357.993 -0.0227861 45 146 229
-8.08192 357.999 -0.0303427 45 146 229
-8.04702 357.971 0.000293108 45 146 229
-8.05422 357.959 0.0278065 45 146 229
-8.05869 357.98 -0.0206036 45 146 229
-8.07984 357.978 -0.0128256 45 146 229
-8.09307 357.994 -0.0359893 45 146 229
-8.03917 357.965 0.0139713 45 146 229
-8.07976 357.978 -0.0127034 45 146 229
-8.06421 357.97 -0.000199869 45 146 229
-8.05528 357.988 -0.0189345 45 146 229
-8.04613 357.973 0.0113988 45 146 229
-8.11765 357.995 -0.0312368 45 146 229
-8.06786 357.964 0.0137057 45 146 229
-8.08285 357.969 0.00171275 45 146 229
-8.07839 357.975 -0.00715565 45 146 229
-8.09734 357.991 -0.0300464 45 146 229
-8.06174 357.984 -0.0106393 45 146 229
-8.08314 357.98 -0.0151384 45 146 229
-8.04526 357.955 0.041139 45 146 229
-8.05106 357.986 -0.0289935 45 146 229
-8.03977 357.958 0.0311771 45 146 229
-8.07389 357.999 -0.0483014 45 146 229
-8.05 357.958 0.0303368 45 146 229
-8.08732 358.006 -0.0402691 45 146 229
-8.06775 357.997 -0.0451788 45 146 229
-8.04382 357.968 0.00443837 45 146 229
-8.04414 357.959 0.0300623 45 146 229
-8.04358 357.96 0.0246338 45 146 229
-8.08465 357.976 -0.007054 45 146 229
-8.06227 357.978 0.00308478 45 146 229
-8.11305 358.003 -0.0415046 45 146 229
-8.03225 357.964 0.0178506 45 146 229
-8.06103 357.959 0.0250733 45 146 229
-8.05808 357.99 -0.0314636 45 146 229
-8.05737 357.966 0.00791384 45 146 229
-8.06547 357.966 0.0112336 45 146 229
-8.09164 358.0 -0.0305378 45 146 229
-8.05268 357.977 0.00390131 45 146 229
-8.04512 357.959 0.0282025 45 146 229
-8.04416 357.975 0.00176823 45 146 229
-8.07112 357.994 -0.0249354 45 146 229
-8.08289 357.994 -0.0240255 45 146 229
-8.08394 357.994 -0.02288 45 146 229
-8.10769 357.995 -0.0323802 45 146 229
-8.06635 357.977 -0.015798 45 146 229
-8.10991 358.001 -0.0401886 45 146 229
-8.11914 357.994 -0.0267901 45 146 229
-8.04506 357.962 0.0213329 45 146 229
-8.07932 357.986 -0.0094609 45 146 229
-8.08042 357.962 0.012656 45 146 229
-8.09488 357.994 -0.0344095 45 146 229
-8.05237 357.954 0.0408617 45 146 229
-8.07775 357.963 0.0119142 45 146 229
-8.08692 357.991 -0.0169075 45 146 229
-8.05557 357.987 -0.0169521 45 146 229
-8.0828 357.992 -0.0201881 45 146 229
-8.05976 357.961 0.0532534 45 146 229
-8.05935 357.957 0.0294828 45 146 229
-8.06779 357.977 0.00722412 45 146 229
-8.10083 357.997 -0.037462 45 146 229
-8.0614 357.985 -0.012716 45 146 229
-8.09845 358.001 0.0100651 45 146 229
-8.11856 358.003 -0.0393083 45 146 229
-8.08323 357.974 -0.00352607 45 146 229
-8.06792 357.966 0.0103695 45 146 229
-8.06848 357.96 0.0192108 45 146 229
-8.09457 357.988 -0.0227191 45 146 229
-8.09205 357.992 -0.0336217 45 146 229
-8.07853 357.977 -0.0102789 45 146 229
-8.04809 357.958 0.0296929 45 146 229
-8.07821 357.995 -0.0256599 45 146 229
-8.07853 357.998 -0.0457374 45 146 229
-8.07229 357.988 -0.0321324 45 146 229
-8.04321 357.972 0.0152836 45 146 229
-8.05899 357.967 0.00521458 45 146 229
-8.04287 357.959 0.0304295 45 146 229
-8.07162 357.969 0.00483492 45 146 229
-8.08034 357.982 -0.0207411 45 146 229
-8.05407 357.975 -0.0122593 45 146 229
-8.09903 358.011 -0.0439528 45 146 229
-8.04795 357.969 0.0217717 45 146 229
-8.04784 357.96 0.0254504 45 146 229
-8.07571 357.972 -0.00161803 45 146 229
-8.05935 357.987 -0.0170672 45 146 229
-8.05055 357.956 0.0348077 45 146 229
-8.10354 358.005 0.00804549 45 146 229
-8.10412 357.983 -0.0194475 45 146 229
-8.06126 357.96 0.0234571 45 146 229
-8.10618 357.996 -0.0341087 45 146 229
-8.06782 357.962 0.0162318 45 146 229
-8.05488 357.972 -0.00661986 45 146 229
-8.05661 357.952 0.0417845 45 146 229
-8.11225 357.995 -0.0318233 45 146 229
-8.10753 357.994 -0.030955 45 146 229
-8.11964 358.004 -0.0405605 45 146 229
-8.11349 357.999 -0.0357537 45 146 229
-8.05947 357.978 -0.0178177 45 146 229
-8.0899 357.988 -0.0269546 45 146 229
-8.07269 357.992 -0.0379009 45 146 229
-8.09652 358.012 -0.0463239 45 146 229
-8.06467 357.957 0.0263517 45 146 229
-8.11146 358.004 -0.0424433 45 146 229
-8.06467 357.983 -0.025312 45 146 229
-8.05078 357.974 0.0103402 45 146 229
-8.08707 357.973 -0.00399327 45 146 229
-8.11126 358.001 -0.0398753 45 146 229
-8.06123 357.978 -0.0179248 45 146 229
-8.06401 357.977 0.00430542 45 146 229
-8.10749 357.995 -0.0321471 45 146 229
-8.07423 357.991 -0.0369116 45 146 229
-8.03256 357.964 0.0362703 45 146 229
-8.06626 357.969 0.00198645 45 146 229
-8.04494 357.958 0.0327148 45 146 229
-8.08035 357.964 0.00881121 45 146 229
-8.06104 357.968 0.00483557 45 146 229
-8.07415 357.985 -0.00921685 45 146 229
-8.11434 358.005 -0.0431621 45 146 229
-8.10075 357.997 -0.0376031 45 146 229
-8.06084 357.952 0.0394562 45 146 229
-8.06293 357.953 0.0356049 45 146 229
-8.08218 357.98 -0.0161272 45 146 229
-8.08835 357.998 -0.0428518 45 146 229
-8.07497 357.967 0.00707184 45 146 229
-8.07963 357.984 0.0170468 45 146 229
-8.05704 357.981 -0.0227299 45 146 229
-8.04844 357.961 0.0223774 45 146 229
-8.12065 358.003 -0.039847 45 146 229
-8.04604 357.983 -0.00848037 45 146 229
-8.09841 357.984 -0.0183874 45 146 229
-8.04487 357.958 0.0269429 45 146 229
-8.08152 357.989 -0.0138547 45 146 229
-8.03707 357.963 0.018336 45 146 229
-8.06854 357.974 -0.00822686 45 146 229
-8.06583 357.968 0.00566739 45 146 229
-8.07827 357.99 -0.0172482 45 146 229
-8.06135 357.963 0.0163241 45 146 229
-8.05846 357.958 0.0283443 45 146 229
-8.06921 357.963 0.0145371 45 146 229
-8.05921 357.973 0.0151466 45 146 229
-8.09759 358.001 -0.0431267 45 146 229
-8.04561 357.965 0.0105483 45 146 229
-8.09393 357.994 -0.0345821 45 146 229
-8.05704 357.981 -0.0219924 45 146 229
-8.0573 357.951 0.0431759 45 146 229
-8.067 357.961 0.0185596 45 146 229
-8.07879 357.988 -0.0148428 45 146 229
-8.07467 357.997 -0.0304745 45 146 229
-8.06859 357.97 0.000205756 45 146 229
-8.05062 357.953 0.0419372 45 146 229
-8.05905 357.954 0.0365188 45 146 229
-8.07466 357.974 -0.00678641 45 146 229
-8.0506 357.953 0.0429412 45 146 229
-8.05517 357.985 -0.0121878 45 146 229
-8.08561 357.98 -0.0145708 45 146 229
-8.11169 358.007 -0.0464501 45 146 229
-8.03963 357.97 0.0200404 45 146 229
-8.05414 357.983 -0.0251285 45 146 229
-8.09529 357.994 -0.0350945 45 146 229
-8.08154 357.98 -0.0162829 45 146 229
-8.06886 357.963 0.0140201 45 146 229
-8.06133 357.994 -0.0270834 45 146 229
-8.06453 357.982 -0.0237591 45 146 229
-8.04563 357.972 -0.00535508 45 146 229
-8.05304 357.953 0.041377 45 146 229
-8.04919 357.968 0.00490253 45 146 229
-8.08686 357.999 -0.0455129 45 146 229
-8.05979 357.969 0.00070129 45 146 229
-8.07088 357.988 -0.0352627 45 146 229
-8.08361 357.986 -0.0260895 45 146 229
-8.0492 357.963 0.0147987 45 146 229
-8.05816 357.963 0.0176168 45 146 229
-8.05608 357.958 0.0290099 45 146 229
-8.0601 357.99 -0.0323953 45 146 229
-8.06896 358.004 -0.0418861 45 146 229
-8.11025 358.0 -0.0384842 45 146 229
-8.04285 357.958 0.033296 45 146 229
-8.06889 357.985 -0.0275702 45 146 229
-8.03788 357.962 0.0193044 45 146 229
-8.05431 357.968 0.00355613 45 146 229
-8.02692 357.961 0.0277982 45 146 229
-8.09179 357.972 -0.00281136 45 146 229
-8.04731 357.963 0.016105 45 146 229
-8.08154 357.984 -0.0239372 45 146 229
-8.08461 358.003 -0.0359489 45 146 229
-8.09662 357.987 -0.0227381 45 146 229
-8.0633 357.996 -0.0356221 45 146 229
-8.04666 357.965 0.0128745 45 146 229
-8.06668 357.969 0.00194428 45 146 229
-8.0905 357.991 -0.0323958 45 146 229
-8.0677 358.0 -0.0445279 45 146 229
-8.07556 357.991 -0.0365712 45 146 229
-8.07939 357.979 -0.0153577 45 146 229
-8.08562 357.981 -0.0152361 45 146 229
-8.0643 358.004 -0.0388837 45 146 229
-8.06071 357.973 0.0165079 45 146 229
-8.07048 357.984 -0.0253276 45 146 229
-8.04968 357.958 0.0308915 45 146 229
-8.08357 357.989 -0.0307033 45 146 229
-8.03388 357.964 0.0349634 45 146 229
-8.04494 357.958 0.0327953 45 146 229
-8.0832 357.976 -0.00800303 45 146 229
-8.09161 357.994 0.0164868 45 146 229
-8.03051 357.959 0.0300933 45 146 229
-8.09986 357.986 -0.0205725 45 146 229
-8.07931 357.98 -0.0171337 45 146 229
-8.04343 357.979 -0.0108301 45 146 229
-8.10574 358.007 0.00402735 45 146 229
-8.07222 357.96 0.0169328 45 146 229
-8.03777 357.963 0.0182518 45 146 229
-8.08435 357.995 -0.0239515 45 146 229
-8.08538 357.977 -0.00945402 45 146 229
-8.07669 357.999 -0.032847 45 146 229
-8.09155 357.996 -0.0390378 45 146 229
-8.07858 357.98 -0.017999 45 146 229
-8.03589 357.968 0.0101054 45 146 229
-8.06279 357.963 0.017234 45 146 229
-8.07876 357.978 -0.0118931 45 146 229
-8.05417 357.964 0.012465 45 146 229
-8.06569 357.992 -0.0378413 45 146 229
-8.12861 357.998 -0.0338848 45 146 229
-8.08967 357.994 0.0224441 45 146 229
-8.08802 357.999 -0.0434101 45 146 229
-8.07342 357.986 -0.0115271 45 146 229
-8.10939 357.999 -0.0378944 45 146 229
-8.06469 357.971 -0.00118167 45 146 229
-8.08973 357.992 -0.0335151 45 146 229
-8.03485 357.963 0.0377889 45 146 229
-8.12615 357.998 -0.0334803 45 146 229
-8.07489 357.976 -0.0093046 45 146 229
-8.05737 357.959 0.0258877 45 146 229
-8.11341 358.005 -0.0437394 45 146 229
-8.07866 358.008 -0.0457796 45 146 229
-8.09765 357.999 0.00901362 45 146 229
-8.0358 357.969 0.0115188 45 146 229
-8.06225 357.969 0.000968576 45 146 229
-8.05434 357.959 0.0276639 45 146 229
-8.04617 357.974 0.00834953 45 146 229
-8.049 357.96 0.0250517 45 146 229
-8.0619 357.982 -0.00634021 45 146 229
-8.09332 358.004 -0.0361767 45 146 229
-8.06612 357.977 -0.0142964 45 146 229
-8.11231 358.003 -0.0420062 45 146 229
-8.05268 357.959 0.0272111 45 146 229
-8.09976 358.007 -0.0375702 45 146 229
-8.11949 358.003 -0.040106 45 146 229
-8.07205 357.975 -0.00858769 45 146 229
-8.10352 358.005 0.00227145 45 146 229
-8.0889 358.002 -0.034099 45 146 229
-8.10574 358.005 -0.0477685 45 146 229
-8.07497 357.967 0.00753628 45 146 229
-8.04893 357.954 0.0404779 45 146 229
-8.10671 358.0 -0.0398363 45 146 229
-8.09182 357.993 0.010672 45 146 229
-8.07843 358.002 -0.051988 45 146 229
-8.08587 357.98 -0.0140609 45 146 229
-8.06639 357.972 -0.00527657 45 146 229
-8.07135 357.983 -0.0239624 45 146 229
-8.10387 357.992 -0.0283056 45 146 229
-8.05857 357.959 0.0255404 45 146 229
-8.08666 357.986 -0.024771 45 146 229
-8.08191 358.0 -0.0482312 45 146 229
-8.06735 357.999 -0.0431994 45 146 229
-8.10562 357.995 -0.0319765 45 146 229
-8.0674 357.972 -0.00354154 45 146 229
-8.1034 357.983 -0.0183732 45 146 229
-8.11451 358.003 -0.0412488 45 146 229
-8.06629 358.003 -0.0375636 45 146 229
-8.05601 357.961 0.02089 45 146 229
-8.0785 357.989 -0.0329565 45 146 229
-8.08038 357.983 -0.0211212 45 146 229
-8.09859 357.994 -0.0340827 45 146 229
-8.09004 357.987 -0.024694 45 146 229
-8.07749 358.003 -0.0384816 45 146 229
-8.04536 357.956 0.0380396 45 146 229
-8.03821 357.963 0.016992 45 146 229
-8.04956 357.954 0.0413953 45 146 229
-8.05759 357.979 -0.0191319 45 146 229
-8.0932 357.995 -0.0372235 45 146 229
-8.09541 357.992 -0.0311691 45 146 229
-8.08693 357.978 -0.0108956 45 146 229
-8.05752 357.96 0.0231543 45 146 229
-8.081 357.979 -0.0128506 45 146 229
-8.04529 357.96 0.02669 45 146 229
-8.07852 357.992 -0.0376118 45 146 229
-8.05829 357.963 0.0168138 45 146 229
-8.09855 357.989 -0.0259681 45 146 229
-8.03907 357.966 0.0298012 45 146 229
-8.05062 357.988 -0.0200752 45 146 229
-8.06618 357.969 0.0542042 45 146 229
-8.07854 357.96 0.01574 45 146 229
-8.07727 357.985 -0.0263902 45 146 229
-8.05259 357.959 0.028203 45 146 229
-8.10032 358.008 -0.0385539 45 146 229
-8.06992 357.975 -0.0101617 45 146 229
-8.1092 358.008 -0.0467893 45 146 229
-8.08675 357.987 -0.0269136 45 146 229
-8.05527 357.952 0.0435144 45 146 229
-8.09023 358.001 -0.0464551 45 146 229
-8.09151 357.999 -0.042023 45 146 229
-8.06745 357.978 -0.0167251 45 146 229
-8.08495 357.994 -0.0389521 45 146 229
-8.03566 357.964 0.0341995 45 146 229
-8.05647 357.955 0.0344121 45 146 229
-8.0733 357.976 -0.0105254 45 146 229
-8.1119 357.998 -0.035302 45 146 229
-8.10412 357.996 -0.0337726 45 146 229
-8.06762 357.972 -0.00264971 45 146 229
-8.06981 357.959 0.0200459 45 146 229
-8.07694 357.968 0.00578088 45 146 229
-8.05707 357.964 0.0136227 45 146 229
-8.05643 357.976 -0.0143573 45 146 229
-8.04987 357.953 0.0439203 45 146 229
-8.05629 357.958 0.027846 45 146 229
-8.04523 357.981 0.00501396 45 146 229
-8.03411 357.96 0.0264684 45 146 229
-8.04845 357.954 0.0410927 45 146 229
-8.09922 357.998 -0.0388293 45 146 229
-8.08479 357.978 -0.0109799 45 146 229
-8.08167 357.974 -0.00470343 45 146 229
-8.08888 357.993 0.0221322 45 146 229
-8.07649 357.959 0.0200689 45 146 229
-8.08894 357.99 -0.0311521 45 146 229
-8.07461 357.997 -0.0301067 45 146 229
-8.03901 357.963 0.0168673 45 146 229
-8.0718 357.985 -0.0265296 45 146 229
-8.09345 357.974 -0.00788765 45 146 229
-8.0681 358.002 -0.0438122 45 146 229
-8.06972 357.988 -0.0328404 45 146 229
-8.03552 357.956 0.0395678 45 146 229
-8.07335 357.992 -0.0221812 45 146 229
-8.06318 357.964 0.0134463 45 146 229
-8.06683 357.961 0.0186631 45 146 229
-8.106 357.995 -0.0321495 45 146 229
-8.0602 357.98 -0.0208286 45 146 229
-8.08629 357.98 -0.0132606 45 146 229
-8.11524 357.998 -0.0341221 45 146 229
-8.07493 357.973 -0.00396407 45 146 229
-8.06263 357.966 0.0107109 45 146 229
-8.08102 357.982 -0.0200096 45 146 229
-8.07718 357.98 -0.0180683 45 146 229
-8.10825 358.003 -0.043333 45 146 229
-8.09151 357.996 0.0179191 45 146 229
-8.0725 357.997 -0.0301388 45 146 229
-8.06946 358.003 -0.0395572 45 146 229
-8.05073 357.98 -0.00282332 45 146 229
-8.07341 357.994 -0.0410803 45 146 229
-8.06633 357.999 -0.0368463 45 146 229
-8.04832 357.954 0.0425952 45 146 229
-8.11166 358.0 -0.0379747 45 146 229
-8.03389 357.958 0.0319385 45 146 229
-8.064 357.997 -0.0370807 45 146 229
-8.04211 357.964 0.0356205 45 146 229
-8.08764 357.987 -0.0261578 45 146 229
-8.10986 357.992 -0.0285633 45 146 229
-8.07466 357.977 -0.0116448 45 146 229
-8.04337 357.972 0.0141475 45 146 229
-8.07637 357.994 -0.0239834 45 146 229
-8.0771 357.979 -0.015696 45 146 229
-8.07189 357.974 -0.00664831 45 146 229
-8.08899 357.993 0.0220561 45 146 229
-8.07525 357.973 -0.0040558 45 146 229
-8.08359 357.983 -0.0199409 45 146 229
-8.05905 357.964 0.0135632 45 146 229
-8.12022 358.01 -0.0452856 45 146 229
-8.06952 357.99 -0.0360779 45 146 229
-8.04724 357.959 0.0274238 45 146 229
-8.05895 357.967 0.0051367 45 146 229
-8.0396 357.971 0.0158785 45 146 229
-8.05987 357.955 0.0316604 45 146 229
-8.06387 357.966 0.010549 45 146 229
-8.08897 357.987 -0.0252195 45 146 229
-8.08703 358.003 -0.0355532 45 146 229
-8.08702 357.969 0.00124139 45 146 229
-8.06157 357.959 0.0240004 45 146 229
-8.07928 357.999 -0.0322334 45 146 229
-8.09413 358.0 -0.0426891 45 146 229
-8.07769 357.971 0.000406371 45 146 229
-8.0566 357.973 -0.00847666 45 146 229
-8.0621 357.99 -0.0334151 45 146 229
-8.09647 357.985 -0.020179 45 146 229
-8.05423 357.986 -0.0148107 45 146 229
-8.03225 357.968 0.0142385 45 146 229
-8.09535 358.002 -0.0319779 45 146 229
-8.1076 358.001 -0.0410999 45 146 229
-8.06669 357.996 -0.0402519 45 146 229
-8.07348 357.973 -0.00461023 45 146 229
-8.04713 357.981 -0.0245659 45 146 229
-8.06943 357.955 0.027837 45 146 229
-8.08681 357.997 -0.0413849 45 146 229
-8.09803 357.988 -0.0238231 45 146 229
-8.02857 357.965 0.0153293 45 146 229
-8.09212 358.004 -0.0490248 45 146 229
-8.08026 357.97 0.0031663 45 146 229
-8.03963 357.966 0.0311489 45 146 229
-8.08152 357.986 0.0210219 45 146 229
-8.08049 357.964 0.00908658 45 146 229
-8.09513 357.984 -0.0174685 45 146 229
-8.04921 357.954 0.0405507 45 146 229
-8.08316 358.009 -0.047779 45 146 229
-8.11174 357.996 -0.0335369 45 146 229
-8.07114 358.003 -0.0390263 45 146 229
-8.12392 357.998 -0.0359631 45 146 229
-8.03007 357.968 0.0254123 45 146 229
-8.08775 357.987 -0.0255327 45 146 229
-8.07718 357.988 -0.0148875 45 146 229
-8.08923 357.993 0.0202099 45 146 229
-8.0602 357.995 -0.0246696 45 146 229
-8.07875 357.986 -0.0271783 45 146 229
-8.09347 357.986 -0.021119 45 146 229
-8.0457 357.972 0.0147749 45 146 229
-8.06114 357.968 0.00264816 45 146 229
-8.10212 358.001 -0.0427921 45 146 229
-8.09172 357.993 0.010309 45 146 229
-8.07892 357.964 0.00992604 45 146 229
-8.07932 357.962 0.0145044 45 146 229
-8.07977 357.992 -0.0209498 45 146 229
-8.06597 357.98 5.1815e-06 45 146 229
-8.08907 358.004 -0.05255 45 146 229
-8.05786 357.965 0.0123136 45 146 229
-8.05143 357.97 0.000127334 45 146 229
-8.07275 357.994 -0.040896 45 146 229
-8.08902 357.993 0.021162 45 146 229
-8.08005 358.004 -0.0401915 45 146 229
-8.04269 357.965 0.0333789 45 146 229
-8.07061 357.976 -0.0129157 45 146 229
-8.08678 357.983 -0.0190585 45 146 229
-8.08449 358.0 -0.0311983 45 146 229
-8.06281 357.965 0.053818 45 146 229
-8.10221 358.002 0.0135638 45 146 229
-8.08571 358.002 -0.049038 45 146 229
-8.07752 357.999 -0.0315765 45 146 229
-8.04414 357.97 -0.00337946 45 146 229
-8.06979 357.999 -0.034631 45 146 229
-8.05714 357.965 0.0113339 45 146 229
-8.08402 357.99 -0.0322686 45 146 229
-8.09025 357.995 0.0207264 45 146 229
-8.08237 357.984 -0.0234914 45 146 229
-8.06354 357.975 -0.0115274 45 146 229
-8.09304 357.973 -0.00515456 45 146 229
-8.05974 357.955 0.0338582 45 146 229
-8.07328 357.971 0.00102569 45 146 229
-8.08245 357.996 -0.0425028 45 146 229
-8.046 357.972 0.0135639 45 146 229
-8.08934 357.992 -0.0338443 45 146 229
-8.08243 357.998 -0.0292545 45 146 229
-8.08679 358.001 -0.0324194 45 146 229
-8.08314 357.979 -0.0134626 45 146 229
-8.06146 357.958 0.0263098 45 146 229
-8.07092 357.989 -0.0421778 45 146 229
-8.05582 357.982 -0.00821221 45 146 229
-8.09243 357.991 -0.0312851 45 146 229
-8.10379 357.996 -0.0339045 45 146 229
-8.0869 357.991 0.0208004 45 146 229
-8.05492 357.988 -0.0194197 45 146 229
-8.05119 357.972 0.0149288 45 146 229
-8.10353 357.988 -0.024266 45 146 229
-8.06831 358.007 -0.0406448 45 146 229
-8.0683 357.961 0.0189437 45 146 229
-8.04408 357.956 0.038094 45 146 229
-8.11368 357.998 -0.034958 45 146 229
-8.09391 357.981 -0.0148126 45 146 229
-8.08233 357.978 -0.0101964 45 146 229
-8.09352 358.006 -0.0388717 45 146 229
-8.09098 357.996 0.022312 45 146 229
-8.03596 357.966 0.0102985 45 146 229
-8.06966 357.989 -0.0332385 45 146 229
-8.05277 357.955 0.0366791 45 146 229
-8.05826 357.969 0.0015494 45 146 229
-8.07997 357.997 -0.0273704 45 146 229
-8.11228 358.001 -0.0395092 45 146 229
-8.07377 357.968 0.00603818 45 146 229
-8.08204 357.988 -0.0130638 45 146 229
-8.07903 357.986 -0.0279284 45 146 229
-8.06444 357.966 0.00959181 45 146 229
-8.07435 357.97 0.00314955 45 146 229
-8.08916 358.0 -0.0305668 45 146 229
-8.05584 357.96 0.0227328 45 146 229
-8.0726 358.004 -0.0407308 45 146 229
-8.05271 357.981 -0.00540182 45 146 229
-8.06312 357.98 -0.00158557 45 146 229
-8.04858 357.983 -0.00889665 45 146 229
-8.09782 358.0 -0.042744 45 146 229
-8.08537 357.998 -0.0436906 45 146 229
-8.07183 357.975 -0.0100921 45 146 229
-8.07101 357.963 0.0137825 45 146 229
-8.09099 357.982 -0.0158083 45 146 229
-8.05287 357.969 0.000571207 45 146 229
-8.03321 357.968 0.0135197 45 146 229
-8.05895 357.954 0.0373745 45 146 229
-8.06152 357.993 -0.0261141 45 146 229
-8.02595 357.963 0.0229658 45 146 229
-8.0906 357.977 -0.00904676 45 146 229
-8.04939 357.96 0.0260621 45 146 229
-8.09218 358.0 -0.0436776 45 146 229
-8.07222 357.985 -0.00944263 45 146 229
-8.09249 357.985 -0.0202031 45 146 229
-8.07912 357.979 -0.0149106 45 146 229
-8.04081 357.959 0.0321154 45 146 229
-8.10716 357.995 -0.0322798 45 146 229
-8.05073 357.955 0.0376838 45 146 229
-8.09922 357.999 -0.0399305 45 146 229
-8.08259 357.999 -0.0464559 45 146 229
-8.04662 357.973 -0.0123422 45 146 229
-8.04659 357.979 -0.0126498 45 146 229
-8.10372 357.996 -0.034934 45 146 229
-8.04097 357.969 0.0222367 45 146 229
-8.10684 358.0 -0.0398006 45 146 229
-8.07842 357.977 -0.0107188 45 146 229
-8.08489 357.979 -0.0121872 45 146 229
-8.05884 357.993 -0.030954 45 146 229
-8.05108 357.987 -0.0252391 45 146 229
-8.03821 357.965 0.0137621 45 146 229
-8.08027 358.006 -0.0529045 45 146 229
-8.04032 357.969 0.0234111 45 146 229
-8.05807 357.993 -0.0245856 45 146 229
-8.10276 358.003 -0.045057 45 146 229
-8.07968 357.996 -0.042671 45 146 229
-8.06391 357.957 0.0272791 45 146 229
-8.08062 357.979 -0.0151757 45 146 229
-8.05037 357.973 0.0127107 45 146 229
-8.08171 358.0 -0.0325338 45 146 229
-8.0754 357.965 0.00914366 45 146 229
-8.08946 357.999 -0.0281674 45 146 229
-8.06216 357.961 0.0207232 45 146 229
-8.07526 357.974 -0.00590005 45 146 229
-8.06839 357.985 -0.0270526 45 146 229
-8.06129 357.957 0.0284878 45 146 229
-8.09798 358.003 -0.0324406 45 146 229
-8.03498 357.963 0.0182009 45 146 229
-8.07317 358.004 -0.0408231 45 146 229
-8.04925 357.96 0.0259094 45 146 229
-8.0929 357.998 -0.0407799 45 146 229
-8.05511 357.984 -0.0110153 45 146 229
-8.06184 357.984 -0.0262476 45 146 229
-8.04949 357.975 0.00769682 45 146 229
-8.04828 357.982 -0.0257645 45 146 229
-8.05199 357.972 -0.0064485 45 146 229
-8.08816 357.983 -0.0175407 45 146 229
-8.04635 357.98 -0.0131433 45 146 229
-8.06074 357.979 0.000819588 45 146 229
-8.04636 357.974 0.00933019 45 146 229
-8.04646 357.967 0.00723813 45 146 229
-8.05069 357.98 -0.0199332 45 146 229
-8.07596 357.962 0.0138634 45 146 229
-8.05519 357.971 -0.0040091 45 146 229
-8.11108 357.992 -0.0280148 45 146 229
-8.09054 357.986 -0.0231614 45 146 229
-8.04085 357.958 0.0334845 45 146 229
-8.061 357.959 0.0252789 45 146 229
-8.05699 357.98 -0.021103 45 146 229
-8.03826 357.958 0.0316215 45 146 229
-8.06536 357.972 -0.00352139 45 146 229
-8.10804 357.999 -0.0381511 45 146 229
-8.08063 358.004 -0.0395924 45 146 229
-8.06649 357.97 0.00120825 45 146 229
-8.07497 357.974 -0.00601543 45 146 229
-8.08804 357.986 -0.0235643 45 146 229
-8.06464 357.978 0.00233983 45 146 229
-8.06803 357.968 0.00599852 45 146 229
-8.06054 357.966 0.00809202 45 146 229
-8.05519 357.988 -0.0282557 45 146 229
-8.08747 357.993 -0.0198641 45 146 229
-8.09338 357.998 -0.0410824 45 146 229
-8.08091 358.004 -0.0390443 45 146 229
-8.08639 357.989 -0.0296085 45 146 229
-8.04532 357.958 0.0321472 45 146 229
-8.06828 357.973 -0.00607697 45 146 229
-8.07825 357.977 -0.0110751 45 146 229
-8.06073 357.968 0.00472645 45 146 229
-8.0795 358.009 -0.0476574 45 146 229
-8.07737 357.992 -0.0377204 45 146 229
-8.05831 357.975 -0.0125911 45 146 229
-8.08008 357.982 -0.0203239 45 146 229
-8.08711 357.987 -0.0269205 45 146 229
-8.05745 357.964 0.0125421 45 146 229
-8.05044 357.959 0.0272847 45 146 229
-8.09533 357.995 -0.0362897 45 146 229
-8.11115 357.994 -0.0309128 45 146 229
-8.121 358.003 -0.0400501 45 146 229
-8.08537 357.979 -0.0120091 45 146 229
-8.10339 357.998 -0.037502 45 146 229
-8.06536 357.968 0.00500491 45 146 229
-8.06805 357.983 -0.00786934 45 146 229
-8.09639 357.982 -0.0163135 45 146 229
-8.0477 357.975 -0.014883 45 146 229
-8.08204 357.975 -0.00599606 45 146 229
-8.04908 357.973 0.0116179 45 146 229
-8.03323 357.962 0.0224116 45 146 229
-8.05447 357.981 -0.00510366 45 146 229
-8.04973 357.958 0.0261411 45 146 229
-8.06485 357.987 -0.0151384 45 146 229
-8.07721 357.982 -0.0219493 45 146 229
-8.09669 357.974 -0.00721972 45 146 229
-8.09647 357.989 -0.0260886 45 146 229
-8.03385 357.965 0.0337124 45 146 229
-8.04349 357.97 0.0198872 45 146 229
-8.05504 357.961 0.0228408 45 146 229
-8.09237 357.993 -0.0349458 45 146 229
-8.05917 357.994 -0.0318583 45 146 229
-8.04168 357.958 0.0317807 45 146 229
-8.07847 357.973 -0.00211938 45 146 229
-8.0708 357.994 -0.0416824 45 146 229
-8.0648 357.984 -0.0109569 45 146 229
-8.07459 357.97 0.00283346 45 146 229
-8.06673 357.979 -0.0183134 45 146 229
-8.03655 357.962 0.0207257 45 146 229
-8.08739 358.003 -0.0357939 45 146 229
-8.09311 358.007 -0.0405851 45 146 229
-8.08828 358.006 -0.0407782 45 146 229
-8.05965 357.976 -0.013548 45 146 229
-8.11762 357.994 -0.0306205 45 146 229
-8.05305 357.974 -0.0101231 45 146 229
-8.1086 357.998 -0.0360717 45 146 229
-8.06097 357.984 -0.010346 45 146 229
-8.09441 357.994 -0.0355699 45 146 229
-8.10123 357.984 -0.0200457 45 146 229
-8.06584 357.969 0.00203305 45 146 229
-8.0554 357.955 0.0362838 45 146 229
-8.05352 357.956 0.0353216 45 146 229
-8.06599 357.979 -0.0192965 45 146 229
-8.04546 357.974 -0.00170969 45 146 229
-8.07957 357.996 -0.0433906 45 146 229
-8.06775 357.968 0.00643194 45 146 229
-8.08626 357.999 -0.0447899 45 146 229
-8.09023 357.993 -0.0343193 45 146 229
-8.05447 357.982 -0.00716619 45 146 229
-8.07693 357.998 -0.0466798 45 146 229
-8.11336 357.993 -0.0292407 45 146 229
-8.08841 357.984 -0.0196254 45 146 229
-8.06507 357.963 0.015607 45 146 229
-8.07816 358.009 -0.0475998 45 146 229
-8.08371 357.974 -0.00390978 45 146 229
-8.10419 357.995 -0.0336258 45 146 229
-8.04121 357.963 0.0184587 45 146 229
-8.09531 357.998 -0.0405663 45 146 229
-8.05243 357.957 0.0333525 45 146 229
-8.08839 358.004 -0.0365455 45 146 229
-8.04995 357.956 0.0346818 45 146 229
-8.05741 357.974 -0.0100276 45 146 229
-8.06892 357.984 -0.025297 45 146 229
-8.08569 357.989 0.0205353 45 146 229
-8.11471 358.001 -0.038429 45 146 229
-8.10408 358.003 -0.00088219 45 146 229
-8.07806 357.975 -0.0072729 45 146 229
-8.08358 357.976 -0.007066 45 146 229
-8.06936 357.958 0.0229062 45 146 229
-8.05664 357.954 0.0370253 45 146 229
-8.06028 357.955 0.0327518 45 146 229
-8.06233 357.981 -0.0214076 45 146 229
-8.06375 357.974 -0.00911541 45 146 229
-8.08474 357.979 -0.0115769 45 146 229
-8.09952 358.006 -0.0490789 45 146 229
-8.07067 357.957 0.0234145 45 146 229
-8.09463 357.998 0.0138168 45 146 229
-8.04943 357.959 0.0274293 45 146 229
-8.03919 357.957 0.0368162 45 146 229
-8.05341 357.976 -0.0130526 45 146 229
-8.06267 357.964 0.0152257 45 146 229
-8.10323 357.983 -0.0183144 45 146 229
-8.064 357.984 -0.0268295 45 146 229
-8.07031 357.958 0.0219347 45 146 229
-8.09005 357.994 0.0267264 45 146 229
-8.04423 357.977 -0.0108218 45 146 229
-8.08562 357.989 0.0158451 45 146 229
-8.0731 357.972 -0.00145302 45 146 229
-8.08327 357.98 -0.0159038 45 146 229
-8.09966 357.993 -0.0311102 45 146 229
-8.08407 357.979 -0.0120944 45 146 229
-8.08328 357.983 -0.0209846 45 146 229
-8.07709 357.972 -0.00121035 45 146 229
-8.0348 357.962 0.0193513 45 146 229
-8.03988 357.959 0.0291546 45 146 229
-8.09862 357.997 -0.0386004 45 146 229
-8.09274 358.008 -0.0411205 45 146 229
-8.0719 357.966 0.00959829 45 146 229
-8.0324 357.964 0.0161118 45 146 229
-8.08188 358.001 -0.0486428 45 146 229
-8.08065 357.994 -0.0399 45 146 229
-8.06277 357.969 0.000675384 45 146 229
-8.04119 357.965 0.0123778 45 146 229
-8.08855 357.987 -0.0250345 45 146 229
-8.12343 358.0 -0.0354441 45 146 229
-8.0525 357.967 0.00647229 45 146 229
-8.07526 357.988 -0.0316673 45 146 229
-8.103 358.004 0.00598492 45 146 229
-8.07052 357.971 -0.000481408 45 146 229
-8.06222 357.995 -0.0335341 45 146 229
-8.05903 357.994 -0.0283785 45 146 229
-8.06451 357.983 -0.0244985 45 146 229
-8.09102 358.002 -0.0468944 45 146 229
-8.08271 357.963 0.0103914 45 146 229
-8.10163 357.998 -0.0380086 45 146 229
-8.05922 357.99 -0.0321168 45 146 229
-8.04683 357.959 0.0267326 45 146 229
-8.11796 357.994 -0.0304784 45 146 229
-8.08047 357.964 0.00916778 45 146 229
-8.08412 357.992 -0.0351221 45 146 229
-8.02676 357.966 0.0314094 45 146 229
-8.1077 357.996 -0.0338616 45 146 229
-8.08865 357.992 0.0199638 45 146 229
-8.05172 357.982 -0.00715884 45 146 229
-8.05197 357.975 -0.0111229 45 146 229
-8.06712 357.954 0.030816 45 146 229
-8.05552 357.973 0.0118889 45 146 229
-8.10893 357.989 -0.0257353 45 146 229
-8.04003 357.963 0.0163945 45 146 229
-8.06178 357.983 -0.00761345 45 146 229
-8.07161 357.998 -0.0486012 45 146 229
-8.10695 357.997 -0.0361628 45 146 229
-8.06425 357.965 0.0120565 45 146 229
-8.06542 357.959 0.0222729 45 146 229
-8.08718 357.983 -0.0196772 45 146 229
-8.11049 357.997 -0.0339997 45 146 229
-8.08898 357.992 0.0174243 45 146 229
-8.0574 357.954 0.0372526 45 146 229
-8.07655 357.969 0.00357706 45 146 229
-8.07208 357.967 0.00701825 45 146 229
-8.05219 357.982 -0.007542 45 146 229
-8.09258 357.982 -0.0159133 45 146 229
-8.09177 357.99 -0.0299009 45 146 229
-8.1075 357.989 -0.0284369 45 146 229
-8.03648 357.964 0.0341982 45 146 229
-8.08868 358.003 -0.0351144 45 146 229
-8.08794 357.986 -0.025008 45 146 229
-8.09048 358.003 -0.0352248 45 146 229
-8.07605 357.977 -0.0130116 45 146 229
-8.06399 357.972 -0.00492414 45 146 229
-8.06409 357.953 0.0363935 45 146 229
-8.11172 357.994 -0.0310585 45 146 229
-8.05332 357.967 0.00585904 45 146 229
-8.06382 357.966 0.0100665 45 146 229
-8.03723 357.958 0.0335955 45 146 229
-8.05612 357.964 0.0135465 45 146 229
-8.0455 357.975 -0.00307087 45 146 229
-8.04076 357.956 0.0378392 45 146 229
-8.0684 357.969 0.00225072 45 146 229
-8.11566 357.999 -0.035319 45 146 229
-8.0469 357.957 0.0350542 45 146 229
-8.08066 358.005 -0.0403121 45 146 229
-8.06682 357.957 0.0255844 45 146 229
-8.04455 357.972 -0.000357614 45 146 229
-8.08083 357.979 -0.0143432 45 146 229
-8.06623 357.979 0.00138917 45 146 229
-8.08123 357.964 0.00955409 45 146 229
-8.09322 358.0 -0.0432461 45 146 229
-8.10436 357.996 -0.0340638 45 146 229
-8.07957 358.001 -0.0338921 45 146 229
-8.0994 358.002 -0.0449172 45 146 229
-8.04191 357.96 0.0260222 45 146 229
-8.09326 357.991 -0.031449 45 146 229
-8.04816 357.957 0.0341707 45 146 229
-8.08644 357.98 -0.0134594 45 146 229
-8.05781 357.958 0.0270172 45 146 229
-8.05463 357.975 0.00840163 45 146 229
-8.07286 357.989 -0.0330223 45 146 229
-8.06572 357.964 0.0133347 45 146 229
-8.07969 358.003 -0.0383152 45 146 229
-8.10237 357.994 -0.032574 45 146 229
-8.07183 357.976 -0.0103018 45 146 229
-8.05705 357.967 0.0061586 45 146 229
-8.10098 357.996 -0.0356334 45 146 229
-8.04637 357.972 0.0152435 45 146 229
-8.09762 357.992 -0.0300531 45 146 229
-8.06357 357.988 -0.0178519 45 146 229
-8.07446 358.0 -0.0343484 45 146 229
-8.06213 357.971 -0.0021641 45 146 229
-8.08689 358.001 -0.0334094 45 146 229
-8.07885 357.999 -0.0477441 45 146 229
-8.08979 357.996 -0.023779 45 146 229
-8.0278 357.965 0.033317 45 146 229
-8.08718 357.977 -0.00906928 45 146 229
-8.05316 357.973 -0.00679181 45 146 229
-8.065 357.971 -0.00275549 45 146 229
-8.08997 357.974 -0.00550165 45 146 229
-8.08105 357.968 0.00531988 45 146 229
-8.08252 357.983 -0.0204491 45 146 229
-8.06791 357.963 0.0150558 45 146 229
-8.07198 357.988 -0.0159232 45 146 229
-8.04933 357.973 -0.00830592 45 146 229
-8.08754 358.009 -0.0453612 45 146 229
-8.04724 357.965 0.0111904 45 146 229
-8.09761 357.993 -0.031576 45 146 229
-8.06889 357.988 -0.0159227 45 146 229
-8.08982 358.003 -0.0353998 45 146 229
-8.06964 357.989 -0.0337331 45 146 229
-8.08194 357.976 -0.00802967 45 146 229
-8.06955 357.967 0.00785743 45 146 229
-8.06512 357.966 0.0515948 45 146 229
-8.06503 357.977 0.00603621 45 146 229
-8.07781 357.973 -0.00283721 45 146 229
-8.08505 357.998 -0.0283006 45 146 229
-8.10257 357.982 -0.0164304 45 146 229
-8.07448 357.971 -7.07069e-05 45 146 229
-8.02864 357.958 0.0347537 45 146 229
-8.1112 358.001 -0.0408907 45 146 229
-8.07097 357.965 0.0109555 45 146 229
-8.08563 358.004 -0.0378437 45 146 229
-8.09386 358.002 -0.0326583 45 146 229
-8.09054 357.985 -0.021556 45 146 229
-8.08141 357.985 0.0176672 45 146 229
-8.0894 357.987 -0.0264637 45 146 229
-8.05257 357.965 0.010401 45 146 229
-8.06388 357.96 0.0214645 45 146 229
-8.05045 357.954 0.0387594 45 146 229
-8.05569 357.965 0.0112594 45 146 229
-8.09209 357.988 -0.0259855 45 146 229
-8.05167 357.971 -0.00370234 45 146 229
-8.0563 357.99 -0.0289174 45 146 229
-8.06839 357.976 -0.0124008 45 146 229
-8.08888 358.008 -0.0435695 45 146 229
-8.05042 357.954 0.0405746 45 146 229
-8.10742 357.984 -0.019762 45 146 229
-8.05589 357.955 0.0365126 45 146 229
-8.06728 357.991 -0.0217927 45 146 229
-8.05427 357.962 0.0179686 45 146 229
-8.07325 357.971 0.000665226 45 146 229
-8.07921 357.994 -0.0233878 45 146 229
-8.09855 357.983 -0.0175689 45 146 229
-8.03716 357.959 0.029805 45 146 229
-8.08126 357.978 -0.0110607 45 146 229
-8.07154 357.965 0.00992742 45 146 229
-8.05208 357.976 0.00619949 45 146 229
-8.0462 357.96 0.0259417 45 146 229
-8.08804 357.991 0.0153644 45 146 229
-8.07584 357.959 0.0180251 45 146 229
-8.05944 357.988 -0.0330895 45 146 229
-8.05881 357.958 0.0268067 45 146 229
-8.07196 357.961 0.0140006 45 146 229
-8.06684 357.973 -0.00601498 45 146 229
-8.09788 357.999 0.00956376 45 146 229
-8.04202 357.979 -0.007674 45 146 229
-8.03711 357.965 0.0329747 45 146 229
-8.08071 357.979 -0.0146363 45 146 229
-8.05501 357.976 0.00625846 45 146 229
-8.0635 357.985 -0.0278801 45 146 229
-8.06307 357.968 0.00408166 45 146 229
-8.07694 357.964 0.00976286 45 146 229
-8.06173 357.974 -0.00975656 45 146 229
-8.07253 357.968 0.00539228 45 146 229
-8.111 358.002 -0.0411632 45 146 229
-8.05807 357.965 0.0100916 45 146 229
-8.03651 357.969 0.0111091 45 146 229
-8.10604 357.983 -0.0187794 45 146 229
-8.05541 357.978 -0.0167816 45 146 229
-8.08689 358.002 -0.0347524 45 146 229
-8.11153 357.993 -0.0290774 45 146 229
-8.07762 357.991 -0.036311 45 146 229
-8.04649 357.968 0.00297176 45 146 229
-8.07845 357.985 -0.0255772 45 146 229
-8.04019 357.971 0.0189312 45 146 229
-8.08304 357.985 -0.0249147 45 146 229
-8.0874 357.98 -0.0133659 45 146 229
-8.08394 357.998 -0.0280216 45 146 229
-8.08392 357.973 -0.00358804 45 146 229
-8.06582 357.964 0.0136934 45 146 229
-8.07934 357.984 -0.0235781 45 146 229
-8.0319 357.968 0.0254344 45 146 229
-8.075 357.966 0.00853564 45 146 229
-8.05661 357.959 0.0254693 45 146 229
-8.04143 357.959 0.0271872 45 146 229
-8.0937 357.995 -0.0365519 45 146 229
-8.04175 357.97 0.00688173 45 146 229
-8.10244 357.999 -0.0390034 45 146 229
-8.08587 357.985 -0.0236637 45 146 229
-8.06183 357.984 -0.0270471 45 146 229
-8.09239 358.004 -0.0492309 45 146 229
-8.06793 357.963 0.0142597 45 146 229
-8.06005 357.964 0.0139275 45 146 229
-8.07244 357.97 0.0020391 45 146 229
-8.09648 357.999 0.0141352 45 146 229
-8.10947 358.008 -0.00418365 45 146 229
-8.04952 357.964 0.0146244 45 146 229
-8.06397 358.0 -0.035724 45 146 229
-8.10509 358.004 -0.00260224 45 146 229
-8.08022 358.007 -0.0449226 45 146 229
-8.0605 357.986 -0.0148613 45 146 229
-8.07284 357.998 -0.0459349 45 146 229
-8.06514 357.969 0.00354739 45 146 229
-8.0454 357.974 0.0103876 45 146 229
-8.05411 357.955 0.0363582 45 146 229
-8.05425 357.984 -0.00961576 45 146 229
-8.08315 358.004 -0.039246 45 146 229
-8.11344 358.002 -0.0402166 45 146 229
-8.08944 358.003 -0.0352326 45 146 229
-8.05453 357.99 -0.0250277 45 146 229
-8.09543 358.005 -0.0501592 45 146 229
-8.08711 357.976 -0.00805579 45 146 229
-8.09659 358.004 -0.0478744 45 146 229
-8.05318 357.961 0.0217725 45 146 229
-8.06261 357.997 -0.0347952 45 146 229
-8.05819 357.956 0.0312386 45 146 229
-8.06568 357.966 0.0103428 45 146 229
-8.09419 358.009 -0.0435263 45 146 229
-8.08371 357.98 -0.0147056 45 146 229
-8.08668 358.008 -0.0441181 45 146 229
-8.10463 358.005 0.00191393 45 146 229
-8.08363 357.992 -0.018019 45 146 229
-8.06633 357.958 0.0237436 45 146 229
-8.04546 357.976 -0.00053974 45 146 229
-8.06979 357.999 -0.0322996 45 146 229
-8.03322 357.959 0.0290106 45 146 229
-8.04514 357.958 0.0326092 45 146 229
-8.08744 357.983 -0.0184731 45 146 229
-8.09078 357.992 0.0106387 45 146 229
-8.05747 357.979 -0.0183046 45 146 229
-8.03947 357.966 0.0119991 45 146 229
-8.07178 357.966 0.00920795 45 146 229
-8.11327 358.003 -0.0418437 45 146 229
-8.0808 357.975 -0.00519528 45 146 229
-8.04682 357.957 0.0345615 45 146 229
-8.09742 357.995 -0.0363706 45 146 229
-8.05841 357.963 0.0158209 45 146 229
-8.0621 357.964 0.0144906 45 146 229
-8.05713 357.99 -0.0209796 45 146 229
-8.04864 357.972 0.0143062 45 146 229
-8.0648 357.989 -0.0188734 45 146 229
-8.03057 357.964 0.0168482 45 146 229
-8.07302 357.968 0.00615217 45 146 229
-8.08028 357.984 -0.024099 45 146 229
-8.09119 358.01 -0.0447082 45 146 229
-8.09291 357.988 -0.0249869 45 146 229
-8.08918 357.99 -0.0313171 45 146 229
-8.10861 357.996 -0.0341507 45 146 229
-8.06975 357.958 0.0223317 45 146 229
-8.05341 357.96 0.0252137 45 146 229
-8.05558 357.976 0.00651149 45 146 229
-8.06156 357.963 0.0155044 45 146 229
-8.11234 358.005 -0.0447206 45 146 229
-8.05906 357.973 0.013421 45 146 229
-8.08883 357.995 -0.0226656 45 146 229
-8.11215 358.0 -0.0386038 45 146 229
-8.04745 357.956 0.0362921 45 146 229
-8.06437 357.969 0.00269641 45 146 229
-8.05514 357.972 -0.00612536 45 146 229
-8.10157 358.004 0.0119443 45 146 229
-8.10488 358.004 0.0003171 45 146 229
-8.0475 357.981 -0.0132728 45 146 229
-8.0875 357.988 -0.0289451 45 146 229
-8.06887 357.978 -0.0167138 45 146 229
-8.09149 358.002 -0.033308 45 146 229
-8.10609 357.996 -0.0333474 45 146 229
-8.09523 357.997 -0.0383597 45 146 229
-8.04008 357.957 0.0360767 45 146 229
-8.07076 357.988 -0.0326974 45 146 229
-8.09893 358.0 -0.0425652 45 146 229
-8.04251 357.969 0.0050879 45 146 229
-8.09334 357.98 -0.0128815 45 146 229
-8.10604 357.985 -0.0221584 45 146 229
-8.0652 357.976 -0.0123882 45 146 229
-8.11015 357.997 -0.0340302 45 146 229
-8.08586 358.002 -0.0349433 45 146 229
-8.07334 357.964 0.0119358 45 146 229
-8.10666 358.005 -0.00578841 45 146 229
-8.09563 357.979 -0.0128496 45 146 229
-8.07707 357.992 -0.0216785 45 146 229
-8.05732 357.976 -0.0134848 45 146 229
-8.09109 357.999 -0.042756 45 146 229
-8.09096 357.995 0.0199228 45 146 229
-8.04146 357.969 0.0225129 45 146 229
-8.02838 357.96 0.0304107 45 146 229
-8.11485 358.006 -0.0434343 45 146 229
-8.08946 358.0 -0.0455597 45 146 229
-8.07708 357.977 -0.0121979 45 146 229
-8.02913 357.968 0.0249181 45 146 229
-8.03822 357.961 0.0228064 45 146 229
-8.08413 358.004 -0.0521446 45 146 229
-8.10592 358.001 -0.0433699 45 146 229
-8.07314 357.974 -0.00631488 45 146 229
-8.07602 357.979 -0.0171051 45 146 229
-8.08078 357.969 0.000696475 45 146 229
-8.09155 357.997 -0.0393204 45 146 229
-8.08768 357.991 0.0182968 45 146 229
-8.05877 357.966 0.00946947 45 146 229
-8.05438 357.981 -0.00563685 45 146 229
-8.07817 357.987 -0.0288214 45 146 229
-8.04446 357.96 0.02543 45 146 229
-8.06245 357.96 0.0215333 45 146 229
-8.08167 357.98 -0.0151543 45 146 229
-8.05395 357.965 0.0117157 45 146 229
-8.09959 358.0 0.0059011 45 146 229
-8.07581 357.97 0.00261509 45 146 229
-8.087 357.998 -0.0281239 45 146 229
-8.09223 357.99 -0.0291428 45 146 229
-8.07241 357.988 -0.0321412 45 146 229
-8.04374 357.976 0.00376262 45 146 229
-8.08533 357.996 -0.0409861 45 146 229
-8.06797 357.999 -0.0463518 45 146 229
-8.06604 357.963 0.0149599 45 146 229
-8.05976 357.98 -0.0196416 45 146 229
-8.08865 357.986 -0.0242045 45 146 229
-8.08986 357.993 -0.0347987 45 146 229
-8.05614 357.954 0.0382854 45 146 229
-8.08297 357.983 -0.0213404 45 146 229
-8.09436 357.992 -0.0322154 45 146 229
-8.06411 357.979 0.000511266 45 146 229
-8.06922 358.004 -0.0480577 45 146 229
-8.05434 357.979 -0.0187459 45 146 229
-8.07983 357.995 -0.0245648 45 146 229
-8.06295 357.989 -0.0191708 45 146 229
-8.07433 357.977 -0.0129326 45 146 229
-8.09604 357.984 -0.017936 45 146 229
-8.07462 357.986 -0.0278425 45 146 229
-8.04361 357.96 0.0271161 45 146 229
-8.07394 357.999 -0.0326064 45 146 229
-8.07332 357.963 0.0137899 45 146 229
-8.09417 357.996 -0.038515 45 146 229
-8.0846 357.979 -0.0123866 45 146 229
-8.09855 357.993 -0.031477 45 146 229
-8.04319 357.959 0.0281355 45 146 229
-8.06431 357.953 0.0345494 45 146 229
-8.04607 357.964 0.0143796 45 146 229
-8.10991 358.002 -0.041389 45 146 229
-8.06374 357.964 0.0504857 45 146 229
-8.05348 357.97 -0.000472256 45 146 229
-8.04532 357.978 0.000880699 45 146 229
-8.07264 357.975 -0.0078188 45 146 229
-8.06896 357.993 -0.039236 45 146 229
-8.09207 357.986 -0.0217988 45 146 229
-8.07762 357.994 -0.023636 45 146 229
-8.0592 357.979 -0.00160518 45 146 229
-8.04264 357.972 0.00636253 45 146 229
-8.05654 357.975 -0.0114857 45 146 229
-8.09135 357.981 -0.0140067 45 146 229
-8.04694 357.957 0.0327522 45 146 229
-8.07947 357.975 -0.00552285 45 146 229
-8.09098 357.995 0.0181352 45 146 229
-8.09678 357.996 -0.036917 45 146 229
-8.10044 357.983 -0.0178408 45 146 229
-8.05792 357.983 -0.0101382 45 146 229
-8.09399 357.999 -0.0414277 45 146 229
-8.08342 358.004 -0.0526745 45 146 229
-8.09121 358.007 -0.0409464 45 146 229
-8.03622 357.964 0.0352483 45 146 229
-8.05501 357.956 0.0332107 45 146 229
-8.08231 357.989 -0.0313384 45 146 229
-8.03786 357.956 0.0375395 45 146 229
-8.09373 357.985 -0.0205065 45 146 229
-8.05018 357.971 -0.00152295 45 146 229
-8.04589 357.953 0.042749 45 146 229
-8.07574 357.974 -0.00532372 45 146 229
-8.03643 357.962 0.0215616 45 146 229
-8.10838 357.998 -0.036259 45 146 229
-8.08271 358.008 -0.0539236 45 146 229
-8.03943 357.969 0.0217351 45 146 229
-8.06785 357.964 0.0127175 45 146 229
-8.08476 357.989 -0.0305608 45 146 229
-8.03472 357.959 0.0297303 45 146 229
-8.11537 357.998 -0.0350174 45 146 229
-8.07088 357.988 -0.0315061 45 146 229
-8.08822 357.994 -0.0210642 45 146 229
-8.06566 357.971 -0.0028816 45 146 229
-8.08186 357.995 -0.0236985 45 146 229
-8.07718 358.006 -0.0426182 45 146 229
-8.06723 357.999 -0.0426152 45 146 229
-8.0543 357.955 0.0353905 45 146 229
-8.0915 357.987 -0.0239894 45 146 229
-8.05978 357.979 -0.0182539 45 146 229
-8.09984 358.0 0.00316457 45 146 229
-8.08802 357.999 -0.0292052 45 146 229
-8.03162 357.967 0.0300694 45 146 229
-8.07803 357.989 -0.0155766 45 146 229
-8.07768 357.996 -0.0262919 45 146 229
-8.08076 357.967 0.00493421 45 146 229
-8.10069 357.995 -0.0334308 45 146 229
-8.09834 357.976 -0.00854338 45 146 229
-8.10303 358.009 -0.0403863 45 146 229
-8.06812 357.969 0.00345203 45 146 229
-8.07038 357.978 -0.0167655 45 146 229
-8.08962 357.984 -0.0201139 45 146 229
-8.10675 357.999 -0.0376899 45 146 229
-8.03113 357.963 0.0209452 45 146 229
-8.11639 357.994 -0.0294298 45 146 229
-8.0908 357.989 -0.0289243 45 146 229
-8.04943 357.984 -0.024984 45 146 229
-8.09673 358.002 -0.0317945 45 146 229
-8.1054 357.997 -0.0352085 45 146 229
-8.07402 357.973 -0.00280909 45 146 229
-8.06022 357.98 -0.0211943 45 146 229
-8.09392 357.998 -0.0400759 45 146 229
-8.11289 357.996 -0.0325956 45 146 229
-8.05871 357.974 -0.0100937 45 146 229
-8.05523 357.985 -0.0134065 45 146 229
-8.03401 357.959 0.0299396 45 146 229
-8.10679 357.994 -0.0309436 45 146 229
-8.0936 357.979 -0.0120003 45 146 229
-8.05926 357.954 0.0347873 45 146 229
-8.04088 357.958 0.03167 45 146 229
-8.09153 357.996 0.0230177 45 146 229
-8.10192 357.992 -0.0278033 45 146 229
-8.06545 357.965 0.01301 45 146 229
-8.07374 357.963 0.0129484 45 146 229
-8.06503 357.96 0.0206937 45 146 229
-8.09165 357.98 -0.0124261 45 146 229
-8.1157 357.994 -0.0307004 45 146 229
-8.03886 357.963 0.0168087 45 146 229
-8.08185 358.01 -0.0485348 45 146 229
-8.11942 358.007 -0.0445096 45 146 229
-8.06393 357.965 0.0128662 45 146 229
-8.05149 357.975 0.00718991 45 146 229
-8.11914 357.997 -0.0337133 45 146 229
-8.04894 357.973 0.0120828 45 146 229
-8.07178 357.999 -0.0497894 45 146 229
-8.0785 357.977 -0.0104772 45 146 229
-8.05893 357.965 0.0126798 45 146 229
-8.09456 358.002 -0.0467017 45 146 229
-8.08013 357.992 -0.036581 45 146 229
-8.07028 357.971 0.000566991 45 146 229
-8.08284 357.968 0.00501749 45 146 229
-8.05043 357.987 -0.0238862 45 146 229
-8.04247 357.957 0.0348203 45 146 229
-8.03249 357.959 0.0306647 45 146 229
-8.06684 357.98 -0.019665 45 146 229
-8.06929 357.975 -0.0112616 45 146 229
-8.04804 357.956 0.0378078 45 146 229
-8.06575 357.971 -0.00145352 45 146 229
-8.1078 358.001 -0.0403579 45 146 229
-8.07286 357.968 0.00550598 45 146 229
-8.07605 357.988 -0.0306556 45 146 229
-8.08957 357.991 0.0117983 45 146 229
-8.05311 357.963 0.0154647 45 146 229
-8.08372 357.98 -0.0144655 45 146 229
-8.09463 357.993 -0.033703 45 146 229
-8.06438 357.966 0.0100142 45 146 229
-8.05677 357.953 0.0399834 45 146 229
-8.07029 357.963 0.0145161 45 146 229
-8.06683 357.969 0.00399746 45 146 229
-8.11145 358.002 -0.0410786 45 146 229
-8.09554 358.003 -0.0474717 45 146 229
-8.06086 357.963 0.0160947 45 146 229
-8.07683 357.96 0.0166731 45 146 229
-8.06443 357.965 0.0510269 45 146 229
-8.05652 357.959 0.0255571 45 146 229
-8.11689 357.989 -0.0241822 45 146 229
-8.04517 357.955 0.0407717 45 146 229
-8.04979 357.985 -0.0251759 45 146 229
-8.06936 357.969 0.00274781 45 146 229
-8.06042 357.986 -0.0146922 45 146 229
-8.09652 358.007 -0.0518797 45 146 229
-8.09117 358.003 -0.0486212 45 146 229
-8.08361 357.978 -0.0115019 45 146 229
-8.10834 358.008 -0.00189099 45 146 229
-8.11044 357.993 -0.0297432 45 146 229
-8.05383 357.958 0.0292944 45 146 229
-8.07636 357.978 -0.0146883 45 146 229
-8.07697 357.976 -0.0087161 45 146 229
-8.07949 357.978 -0.0117235 45 146 229
-8.06194 357.978 0.00151486 45 146 229
-8.09119 357.972 -0.00276092 45 146 229
-8.06339 357.97 0.000107821 45 146 229
-8.06422 357.979 0.00129899 45 146 229
-8.04577 357.953 0.0449523 45 146 229
-8.09134 358.001 -0.0516123 45 146 229
-8.09242 358.006 -0.0393448 45 146 229
-8.06526 357.957 0.0263731 45 146 229
-8.1113 357.993 -0.0289014 45 146 229
-8.10031 358.01 -0.0415448 45 146 229
-8.03171 357.963 0.0382912 45 146 229
-8.05766 357.955 0.0345216 45 146 229
-8.04361 357.962 0.0203384 45 146 229
-8.08018 358.003 -0.052119 45 146 229
-8.08292 358.001 -0.0492385 45 146 229
-8.05482 357.954 0.0394344 45 146 229
-8.09079 357.987 -0.0257689 45 146 229
-8.07408 357.98 -0.0185384 45 146 229
-8.05043 357.959 0.0278717 45 146 229
-8.05773 357.957 0.029532 45 146 229
-8.08984 357.99 -0.0300621 45 146 229
-8.05458 357.959 0.0266246 45 146 229
-8.09389 357.993 -0.0331388 45 146 229
-8.06649 357.984 -0.0262744 45 146 229
-8.06134 357.989 -0.0197572 45 146 229
-8.09478 357.993 -0.0337932 45 146 229
-8.05338 357.98 -0.0195401 45 146 229
-8.06823 357.954 0.0302169 45 146 229
-8.11269 357.999 -0.0366833 45 146 229
-8.07968 357.999 -0.0464983 45 146 229
-8.06199 357.984 -0.0265687 45 146 229
-8.07688 357.967 0.00659299 45 146 229
-8.04173 357.974 0.0084826 45 146 229
-8.05019 357.975 0.00692446 45 146 229
-8.08944 357.984 -0.0198714 45 146 229
-8.03341 357.963 0.0374068 45 146 229
-8.09258 357.988 -0.0261379 45 146 229
-8.04314 357.963 0.018248 45 146 229
-8.06877 357.961 0.0175635 45 146 229
-8.05655 357.954 0.0373427 45 146 229
-8.07205 357.967 0.00818861 45 146 229
-8.04676 357.963 0.0159854 45 146 229
-8.06914 357.969 0.00370241 45 146 229
-8.05426 357.963 0.0165504 45 146 229
-8.08874 357.986 -0.0243783 45 146 229
-8.1127 358.005 -0.0443217 45 146 229
-8.05253 357.957 0.0319342 45 146 229
-8.07813 357.977 -0.01024 45 146 229
-8.08184 357.975 -0.00633722 45 146 229
-8.08188 357.991 -0.0185724 45 146 229
-8.08551 357.999 -0.0296998 45 146 229
-8.0709 357.968 0.00509873 45 146 229
-8.05387 357.961 0.0211817 45 146 229
-8.07721 357.979 -0.0156593 45 146 229
-8.06654 358.001 -0.0397666 45 146 229
-8.07907 357.974 -0.00484163 45 146 229
-8.08481 357.983 -0.0194238 45 146 229
-8.07283 357.971 0.00122019 45 146 229
-8.04206 357.96 0.0250677 45 146 229
-8.09586 357.987 -0.0227199 45 146 229
-8.07385 357.977 -0.013312 45 146 229
-8.04494 357.978 0.000118727 45 146 229
-8.06306 357.963 0.0168725 45 146 229
-8.09849 358.006 -0.0365043 45 146 229
-8.08515 357.988 0.0165898 45 146 229
-8.04898 357.951 0.0472116 45 146 229
-8.06516 357.966 0.0104355 45 146 229
-8.07104 357.967 0.00679785 45 146 229
-8.05832 357.974 0.0116215 45 146 229
-8.05138 357.959 0.0260101 45 146 229
-8.07365 358.005 -0.0425428 45 146 229
-8.04063 357.958 0.0316534 45 146 229
-8.06856 357.973 -0.0054696 45 146 229
-8.04906 357.959 0.0285641 45 146 229
-8.06371 357.974 -0.00939816 45 146 229
-8.07073 357.96 0.0194444 45 146 229
-8.07849 357.978 -0.0123107 45 146 229
-8.0446 357.974 -0.00704351 45 146 229
-8.05746 357.969 0.000705377 45 146 229
-8.05141 357.977 0.00293537 45 146 229
-8.07403 357.966 0.00854602 45 146 229
-8.0497 357.977 0.00257146 45 146 229
-8.03749 357.963 0.0175356 45 146 229
-8.09176 357.994 0.015682 45 146 229
-8.06301 357.954 0.031804 45 146 229
-8.05221 357.974 -0.00892461 45 146 229
-8.09885 357.993 -0.0311889 45 146 229
-8.09526 358.004 -0.0482758 45 146 229
-8.07788 358.003 -0.0383934 45 146 229
-8.02681 357.963 0.0409755 45 146 229
-8.06561 357.982 -0.00544164 45 146 229
-8.06502 357.958 0.0242129 45 146 229
-8.02973 357.962 0.0232795 45 146 229
-8.09176 357.983 -0.0172639 45 146 229
-8.07385 357.989 -0.0333667 45 146 229
-8.04974 357.987 -0.02127 45 146 229
-8.094 358.002 -0.0326781 45 146 229
-8.11157 357.993 -0.0289529 45 146 229
-8.06191 357.974 0.0110828 45 146 229
-8.06281 357.954 0.0325208 45 146 229
-8.09417 357.982 -0.0159344 45 146 229
-8.055 357.978 -0.0168744 45 146 229
-8.09732 358.011 -0.0449552 45 146 229
-8.09146 357.994 0.014412 45 146 229
-8.04442 357.973 0.000874357 45 146 229
-8.09519 358.011 -0.0446905 45 146 229
-8.06913 357.961 0.0195167 45 146 229
-8.06372 357.98 -0.00251777 45 146 229
-8.02683 357.961 0.0278228 45 146 229
-8.05725 357.974 -0.0100926 45 146 229
-8.06415 357.956 0.0295224 45 146 229
-8.09587 358.0 -0.0425131 45 146 229
-8.0531 357.957 0.0321806 45 146 229
-8.04188 357.957 0.0340526 45 146 229
-8.05277 357.953 0.0432244 45 146 229
-8.08357 357.98 -0.0140371 45 146 229
-8.08799 358.009 -0.0456172 45 146 229
-8.1014 358.006 -0.0367229 45 146 229
-8.06708 357.977 0.00535674 45 146 229
-8.07162 357.992 -0.037539 45 146 229
-8.06465 357.985 -0.0116756 45 146 229
-8.07961 357.996 -0.0427953 45 146 229
-8.095 357.99 -0.0275066 45 146 229
-8.06553 357.983 -0.0248801 45 146 229
-8.04045 357.959 0.0295119 45 146 229
-8.0847 357.998 -0.0447393 45 146 229
-8.11492 358.005 -0.0426695 45 146 229
-8.08625 357.983 -0.0192784 45 146 229
-8.0439 357.969 0.0223046 45 146 229
-8.09117 357.993 0.0103142 45 146 229
-8.05058 357.975 -0.0127085 45 146 229
-8.08264 357.986 -0.0266455 45 146 229
-8.07874 358.002 -0.0368683 45 146 229
-8.072 357.963 0.0133042 45 146 229
-8.07534 357.983 -0.0229456 45 146 229
-8.08163 357.973 -0.00194092 45 146 229
-8.03708 357.969 0.024284 45 146 229
-8.10004 358.001 0.00428071 45 146 229
-8.07214 357.988 -0.0321089 45 146 229
-8.03518 357.965 0.0330975 45 146 229
-8.09417 357.988 -0.0249211 45 146 229
-8.07663 357.975 -0.00724742 45 146 229
-8.07744 357.971 0.000175437 45 146 229
-8.03169 357.964 0.0162231 45 146 229
-8.08665 358.006 -0.0407984 45 146 229
-8.07282 357.997 -0.0293231 45 146 229
-8.0814 357.998 -0.0297737 45 146 229
-8.11498 358.004 -0.0421012 45 146 229
-8.04203 357.959 0.028675 45 146 229
-8.06806 357.973 -0.00643857 45 146 229
-8.10115 358.009 -0.0405719 45 146 229
-8.04949 357.969 0.00217177 45 146 229
-8.05024 357.958 0.0296658 45 146 229
-8.07115 357.956 0.0243666 45 146 229
-8.04691 357.973 0.0124041 45 146 229
-8.08843 358.009 -0.0450483 45 146 229
-8.06575 357.961 0.0191694 45 146 229
-8.06026 357.976 -0.0148648 45 146 229
-8.03818 357.96 0.0259773 45 146 229
-8.07235 357.961 0.0166865 45 146 229
-8.07739 357.984 -0.0236946 45 146 229
-8.06611 357.962 0.0183352 45 146 229
-8.04153 357.963 0.0176934 45 146 229
-8.07283 357.982 -0.0226448 45 146 229
-8.05246 357.958 0.0300157 45 146 229
-8.05524 357.965 0.0111901 45 146 229
-8.05514 357.973 0.0115334 45 146 229
-8.06045 357.988 -0.0185842 45 146 229
-8.05551 357.965 0.0112699 45 146 229
-8.10682 358.007 0.00209724 45 146 229
-8.08897 357.985 -0.0223242 45 146 229
-8.05439 357.967 0.00556776 45 146 229
-8.10821 357.998 -0.036626 45 146 229
-8.09123 358.01 -0.0457655 45 146 229
-8.09263 357.982 -0.0158247 45 146 229
-8.04597 357.978 -0.00442816 45 146 229
-8.0495 357.958 0.0289114 45 146 229
-8.04478 357.963 0.0167062 45 146 229
-8.08985 357.992 0.0127931 45 146 229
-8.05527 357.979 -0.0194733 45 146 229
-8.0604 357.974 -0.00900202 45 146 229
-8.07192 357.985 -0.0277001 45 146 229
-8.06126 357.954 0.0329189 45 146 229
-8.06523 357.967 0.00701918 45 146 229
-8.08107 357.996 -0.026178 45 146 229
-8.06108 357.969 0.000314821 45 146 229
-8.06946 357.964 0.0136067 45 146 229
-8.09699 357.986 -0.0205267 45 146 229
-8.05448 357.984 -0.0119361 45 146 229
-8.08918 358.004 -0.0373704 45 146 229
-8.0619 357.98 -0.00119742 45 146 229
-8.08096 357.992 -0.0207902 45 146 229
-8.05631 357.965 0.0129483 45 146 229
-8.08698 357.996 -0.0249534 45 146 229
-8.06714 357.967 0.00788113 45 146 229
-8.02917 357.959 0.0319874 45 146 229
-8.10814 358.005 -0.0451703 45 146 229
-8.02965 357.958 0.0351485 45 146 229
-8.06592 357.964 0.0129769 45 146 229
-8.10361 357.998 -0.0370617 45 146 229
-8.05315 357.954 0.0389179 45 146 229
-8.05808 357.964 0.0122696 45 146 229
-8.0536 357.956 0.0351936 45 146 229
-8.07398 357.972 -0.00205554 45 146 229
-8.08766 357.984 -0.0198219 45 146 229
-8.0984 357.992 -0.0296355 45 146 229
-8.08711 357.99 -0.0313944 45 146 229
-8.09319 358.002 -0.0327306 45 146 229
-8.10893 357.998 -0.0369887 45 146 229
-8.0876 358.004 -0.0373611 45 146 229
-8.06715 358.004 -0.0402644 45 146 229
-8.05881 357.956 0.0315141 45 146 229
-8.10409 357.993 -0.0294196 45 146 229
-8.06036 357.969 0.000882631 45 146 229
-8.0597 357.965 0.0113183 45 146 229
-8.1143 357.992 -0.0284921 45 146 229
-8.03727 357.957 0.0351267 45 146 229
-8.08518 358.007 -0.0529768 45 146 229
-8.07008 358.003 -0.0391005 45 146 229
-8.09174 357.992 -0.0328391 45 146 229
-8.08437 357.986 -0.0257826 45 146 229
-8.06944 357.987 -0.0307165 45 146 229
-8.03653 357.966 0.0311853 45 146 229
-8.06256 357.995 -0.0344466 45 146 229
-8.09397 357.993 -0.0331972 45 146 229
-8.05589 357.964 0.0140667 45 146 229
-8.08515 357.989 -0.0301158 45 146 229
-8.07244 357.971 -0.000774454 45 146 229
-8.09169 357.997 -0.0394892 45 146 229
-8.06487 357.96 0.021156 45 146 229
-8.09515 358.007 -0.052542 45 146 229
-8.03527 357.966 0.0301881 45 146 229
-8.05835 357.966 0.0084448 45 146 229
-8.11521 357.999 -0.0358579 45 146 229
-8.06637 357.97 -0.000383557 45 146 229
-8.05937 357.989 -0.0191904 45 146 229
-8.07162 357.964 0.0125091 45 146 229
-8.08766 357.985 -0.0225095 45 146 229
-8.04257 357.969 0.0232288 45 146 229
-8.08665 357.98 -0.0133729 45 146 229
-8.08179 357.99 -0.0168165 45 146 229
-8.10229 357.997 -0.0374856 45 146 229
-8.06267 357.984 -0.0273364 45 146 229
-8.05126 357.97 0.000594828 45 146 229
-8.04736 357.964 0.0148452 45 146 229
-8.06677 357.971 0.000334075 45 146 229
-8.0955 357.984 -0.0176214 45 146 229
-8.0935 357.988 -0.0255035 45 146 229
-8.06526 357.957 0.0265264 45 146 229
-8.06186 357.979 -0.000978433 45 146 229
-8.09019 357.994 0.0166688 45 146 229
-8.07741 357.983 -0.0220294 45 146 229
-8.09434 358.004 -0.0484819 45 146 229
-8.0546 357.98 -0.0209654 45 146 229
-8.08498 357.998 -0.0280875 45 146 229
-8.07901 357.98 -0.0174125 45 146 229
-8.10504 357.995 -0.0331686 45 146 229
-8.09205 358.0 -0.0436062 45 146 229
-8.09145 357.993 -0.0350602 45 146 229
-8.057 357.958 0.0285756 45 146 229
-8.06345 357.983 -0.00915561 45 146 229
-8.04609 357.974 -0.00534838 45 146 229
-8.09577 357.998 -0.0406741 45 146 229
-8.06774 357.97 0.05253 45 146 229
-8.0563 357.955 0.034192 45 146 229
-8.07799 357.975 -0.00618522 45 146 229
-8.04699 357.982 -0.000959209 45 146 229
-8.07619 357.976 -0.0103484 45 146 229
-8.07013 357.983 -0.00708341 45 146 229
-8.11032 358.006 -0.0451709 45 146 229
-8.04106 357.96 0.0241591 45 146 229
-8.09167 358.009 -0.0433986 45 146 229
-8.05642 357.954 0.0387501 45 146 229
-8.04349 357.974 -0.00457615 45 146 229
-8.09395 357.986 -0.0214639 45 146 229
-8.0495 357.954 0.0417831 45 146 229
-8.06684 357.998 -0.039885 45 146 229
-8.07517 357.975 -0.00636197 45 146 229
-8.04842 357.974 0.00967834 45 146 229
-8.07366 357.987 -0.0306444 45 146 229
-8.10008 358.004 -0.046764 45 146 229
-8.08671 357.99 0.0185494 45 146 229
-8.09099 358.008 -0.0421723 45 146 229
-8.08336 357.989 -0.031499 45 146 229
-8.03803 357.957 0.0353491 45 146 229
-8.11687 357.999 -0.035549 45 146 229
-8.05078 357.954 0.0414586 45 146 229
-8.08445 357.997 -0.0271464 45 146 229
-8.05598 357.983 -0.0103146 45 146 229
-8.07209 357.968 0.00539234 45 146 229
-8.04165 357.97 0.005355 45 146 229
-8.10425 357.994 -0.0311919 45 146 229
-8.05779 357.966 0.00742763 45 146 229
-8.05645 357.964 0.0136442 45 146 229
-8.09492 357.997 -0.0390251 45 146 229
-8.10549 357.988 -0.0238715 45 146 229
-8.07127 357.967 0.00793074 45 146 229
-8.07215 357.985 -0.0106659 45 146 229
-8.06571 357.971 -0.00133801 45 146 229
-8.089 357.987 -0.0260293 45 146 229
-8.02718 357.964 0.0372964 45 146 229
-8.1065 358.004 -0.044784 45 146 229
-8.08548 357.993 -0.0203592 45 146 229
-8.07071 357.987 -0.0311154 45 146 229
-8.0784 357.989 -0.0155706 45 146 229
-8.10682 358.003 -0.0443736 45 146 229
-8.062 357.958 0.0268947 45 146 229
-8.08191 357.98 -0.0154485 45 146 229
-8.10737 358.004 -0.046715 45 146 229
-8.08431 358.009 -0.0472849 45 146 229
-8.08224 357.997 -0.0262628 45 146 229
-8.06761 357.98 -0.0198302 45 146 229
-8.09007 358.003 -0.0343586 45 146 229
-8.04776 357.954 0.0409969 45 146 229
-8.05639 357.976 -0.0136693 45 146 229
-8.04743 357.972 0.0136275 45 146 229
-8.0948 357.974 -0.00586637 45 146 229
-8.07098 357.963 0.0134171 45 146 229
-8.06951 357.958 0.0225696 45 146 229
-8.05805 357.99 -0.0309247 45 146 229
-8.06832 357.987 -0.0157486 45 146 229
-8.09293 358.0 -0.04412 45 146 229
-8.03079 357.964 0.036687 45 146 229
-8.06358 357.992 -0.036586 45 146 229
-8.04126 357.962 0.0183846 45 146 229
-8.04637 357.975 -0.0143431 45 146 229
-8.09556 357.996 0.00779364 45 146 229
-8.10044 357.99 -0.0261716 45 146 229
-8.03987 357.966 0.0296561 45 146 229
-8.08621 358.004 -0.0377018 45 146 229
-8.06101 357.995 -0.0257606 45 146 229
-8.06051 357.963 0.0169337 45 146 229
-8.1104 358.005 -0.0455018 45 146 229
-8.11872 358.007 -0.04386 45 146 229
-8.08155 357.972 -0.000745416 45 146 229
-8.11914 358.002 -0.0383458 45 146 229
-8.1034 357.984 -0.0194565 45 146 229
-8.07754 357.974 -0.004866 45 146 229
-8.09269 357.974 -0.00761667 45 146 229
-8.05775 357.951 0.0446605 45 146 229
-8.03699 357.963 0.0177208 45 146 229
-8.11543 358.006 -0.0448802 45 146 229
-8.10569 357.987 -0.0228292 45 146 229
-8.08728 358.002 -0.0520824 45 146 229
-8.07653 357.992 -0.0216747 45 146 229
-8.05125 357.957 0.0315016 45 146 229
-8.0654 357.971 -0.00320326 45 146 229
-8.02918 357.963 0.0387824 45 146 229
-8.06748 357.97 0.05341 45 146 229
-8.04351 357.971 0.000595346 45 146 229
-8.05956 357.959 0.0242324 45 146 229
-8.11554 358.0 -0.0376767 45 146 229
-8.0658 357.995 -0.0273299 45 146 229
-8.05593 357.975 -0.0111736 45 146 229
-8.10243 357.987 -0.0223424 45 146 229
-8.0767 357.997 -0.0451461 45 146 229
-8.06904 357.973 -0.00620744 45 146 229
-8.06186 357.982 -0.00789112 45 146 229
-8.04739 357.953 0.0456688 45 146 229
-8.05873 357.989 -0.0201782 45 146 229
-8.06642 357.969 0.0534453 45 146 229
-8.06162 357.978 -0.0175401 45 146 229
-8.05863 357.974 0.0100831 45 146 229
-8.09952 358.0 -0.0419254 45 146 229
-8.08106 357.99 -0.0163702 45 146 229
-8.06561 357.977 -0.0151287 45 146 229
-8.0689 357.969 0.00306614 45 146 229
-8.08148 357.982 -0.019806 45 146 229
-8.08612 357.997 -0.0420386 45 146 229
-8.06072 357.97 -0.000303905 45 146 229
-8.09894 358.0 0.00900834 45 146 229
-8.08681 357.973 -0.00309261 45 146 229
-8.05374 357.974 0.0104777 45 146 229
-8.08822 357.989 -0.0290114 45 146 229
-8.08774 357.99 -0.030939 45 146 229
-8.04851 357.963 0.0153088 45 146 229
-8.07386 357.968 0.00562014 45 146 229
-8.05797 357.979 -0.0187305 45 146 229
-8.09393 357.982 -0.0159748 45 146 229
-8.06095 357.972 -0.00451885 45 146 229
-8.05812 357.984 -0.0115857 45 146 229
-8.09457 358.011 -0.0450146 45 146 229
-8.09642 357.978 -0.0113566 45 146 229
-8.0668 357.979 -0.0179075 45 146 229
-8.10519 357.998 -0.0364346 45 146 229
-8.07445 357.974 -0.00540567 45 146 229
-8.09523 358.0 -0.0428746 45 146 229
-8.08707 357.979 -0.0116339 45 146 229
-8.0733 357.99 -0.0352305 45 146 229
-8.09556 357.979 -0.0112927 45 146 229
-8.09194 357.99 -0.0290202 45 146 229
-8.0382 357.971 0.016126 45 146 229
-8.04481 357.973 -0.0022488 45 146 229
-8.09026 357.994 0.0220694 45 146 229
-8.12231 358.001 -0.0370626 45 146 229
-8.04759 357.973 0.0122948 45 146 229
-8.07589 357.983 -0.0239063 45 146 229
-8.05489 357.978 0.000317321 45 146 229
-8.07608 357.971 0.000832887 45 146 229
-8.03567 357.969 0.0231363 45 146 229
-8.06578 357.989 -0.0190228 45 146 229
-8.08965 357.998 -0.0263252 45 146 229
-8.05584 357.98 -0.00380596 45 146 229
-8.0687 358.008 -0.0435942 45 146 229
-8.12044 357.999 -0.0351216 45 146 229
-8.08046 357.978 -0.0118487 45 146 229
-8.0858 357.987 -0.0271763 45 146 229
-8.04475 357.965 0.0117699 45 146 229
-8.03953 357.963 0.0182085 45 146 229
-8.10022 358.002 0.00790913 45 146 229
-8.05034 357.972 0.0148609 45 146 229
-8.08474 357.984 -0.0213565 45 146 229
-8.06933 358.002 -0.038635 45 146 229
-8.0965 357.994 -0.0346153 45 146 229
-8.09593 357.995 -0.0356138 45 146 229
-8.08384 357.988 -0.0295434 45 146 229
-8.05999 357.954 0.0344689 45 146 229
-8.06945 357.963 0.0150662 45 146 229
-8.08752 358.009 -0.0452103 45 146 229
-8.04199 357.964 0.0153445 45 146 229
-8.04236 357.967 0.028687 45 146 229
-8.03827 357.966 0.0312413 45 146 229
-8.09209 357.98 -0.0129217 45 146 229
-8.06375 357.984 -0.0101641 45 146 229
-8.07138 357.96 0.0142607 45 146 229
-8.05152 357.968 0.00315588 45 146 229
-8.09319 358.009 -0.0426442 45 146 229
-8.08978 357.994 0.0183668 45 146 229
-8.06724 357.992 -0.0379202 45 146 229
-8.08393 357.975 -0.0065798 45 146 229
-8.08294 357.962 0.0124629 45 146 229
-8.05041 357.982 -0.023754 45 146 229
-8.05763 357.956 0.031577 45 146 229
-8.07043 358.001 -0.0439226 45 146 229
-8.09006 357.994 0.023825 45 146 229
-8.03047 357.964 0.0179198 45 146 229
-8.07381 357.984 -0.0247855 45 146 229
-8.05892 357.979 -0.000779348 45 146 229
-8.08202 357.997 -0.0436081 45 146 229
-8.08074 357.969 0.00332917 45 146 229
-8.04865 357.957 0.032431 45 146 229
-8.05684 357.982 -0.023345 45 146 229
-8.08819 357.998 -0.0271299 45 146 229
-8.11472 358.003 -0.0408451 45 146 229
-8.06884 357.961 0.0179472 45 146 229
-8.05918 357.978 -0.0163211 45 146 229
-8.06952 357.985 -0.0278299 45 146 229
-8.07978 357.994 -0.0238336 45 146 229
-8.1108 357.999 -0.0369515 45 146 229
-8.08362 357.99 -0.0323163 45 146 229
-8.0868 357.994 -0.0370762 45 146 229
-8.09158 357.996 0.0196105 45 146 229
-8.0552 357.962 0.0176339 45 146 229
-8.02752 357.97 0.0133901 45 146 229
-8.07347 357.97 0.00307199 45 146 229
-8.09576 358.0 0.0189601 45 146 229
-8.1126 358.005 -0.043734 45 146 229
-8.05542 357.985 -0.0134251 45 146 229
-8.08368 357.975 -0.00592647 45 146 229
-8.03528 357.966 0.0312688 45 146 229
-8.03717 357.968 0.00934677 45 146 229
-8.06715 357.989 -0.03506 45 146 229
-8.08839 358.001 -0.0477978 45 146 229
-8.07623 357.999 -0.0326892 45 146 229
-8.05007 357.963 0.0156527 45 146 229
-8.08226 358.0 -0.0326352 45 146 229
-8.0512 357.972 0.0144646 45 146 229
-8.09288 357.987 -0.0231951 45 146 229
-8.05712 357.964 0.0145527 45 146 229
-8.08126 357.988 -0.0299705 45 146 229
-8.04462 357.974 0.000224291 45 146 229
-8.04439 357.965 0.010168 45 146 229
-8.04384 357.977 0.0066033 45 146 229
-8.03396 357.959 0.0290925 45 146 229
-8.08814 357.973 -0.00396555 45 146 229
-8.0803 357.995 -0.0244916 45 146 229
-8.07247 357.987 -0.0145591 45 146 229
-8.06455 357.962 0.0182953 45 146 229
-8.04698 357.965 0.0118051 45 146 229
-8.07062 357.97 0.00215316 45 146 229
-8.0461 357.983 -0.0138381 45 146 229
-8.05965 357.96 0.0233587 45 146 229
-8.10115 357.994 -0.0313324 45 146 229
-8.06667 357.984 -0.0266588 45 146 229
-8.09087 357.992 -0.034114 45 146 229
-8.04356 357.978 -0.0104335 45 146 229
-8.07287 358.006 -0.042816 45 146 229
-8.07852 357.979 -0.0157155 45 146 229
-8.04546 357.974 -0.00946556 45 146 229
-8.08702 358.003 -0.0522886 45 146 229
-8.08222 358.007 -0.0445666 45 146 229
-8.078 357.975 -0.0067646 45 146 229
-8.08689 357.994 -0.0223176 45 146 229
-8.04706 357.958 0.0316907 45 146 229
-8.07181 358.002 -0.0537994 45 146 229
-8.09972 357.984 -0.0190659 45 146 229
-8.04988 357.981 -0.021963 45 146 229
-8.06523 357.96 0.0218242 45 146 229
-8.06803 357.979 -0.0187032 45 146 229
-8.08926 357.996 -0.0390323 45 146 229
-8.06163 357.97 0.000237298 45 146 229
-8.0836 358.0 -0.0317792 45 146 229
-8.07754 357.979 -0.0147475 45 146 229
-8.05762 357.972 0.0171046 45 146 229
-8.08825 358.0 -0.0299998 45 146 229
-8.09708 357.979 -0.0122108 45 146 229
-8.07836 357.972 -0.000283651 45 146 229
-8.08929 357.979 -0.0116049 45 146 229
-8.10648 357.987 -0.023021 45 146 229
-8.06207 357.975 -0.0124998 45 146 229
-8.06174 357.974 0.0134356 45 146 229
-8.06359 357.968 0.00563799 45 146 229
-8.06255 357.964 0.0150587 45 146 229
-8.08018 357.987 -0.0282827 45 146 229
-8.06755 357.98 -0.0202459 45 146 229
-8.08372 357.999 -0.0307229 45 146 229
-8.09542 357.974 -0.00667415 45 146 229
-8.08032 357.979 -0.0133495 45 146 229
-8.08407 357.97 0.00174532 45 146 229
-8.0903 357.996 -0.0383209 45 146 229
-8.07116 358.0 -0.0349015 45 146 229
-8.09094 357.995 -0.0370539 45 146 229
-8.08236 358.003 -0.0518905 45 146 229
-8.06679 357.974 -0.00957307 45 146 229
-8.06468 357.976 -0.0134976 45 146 229
-8.09253 357.989 -0.0273723 45 146 229
-8.06967 357.972 -0.00417623 45 146 229
-8.09047 357.996 -0.0232244 45 146 229
-8.06482 357.955 0.030171 45 146 229
-8.0812 357.99 -0.0327237 45 146 229
-8.10126 358.007 -0.0377613 45 146 229
-8.06814 357.968 0.00555412 45 146 229
-8.10164 357.991 -0.0269153 45 146 229
-8.07528 357.995 -0.0418419 45 146 229
-8.10338 358.005 0.00754468 45 146 229
-8.10654 358.006 -0.000145831 45 146 229
-8.04859 357.985 -0.0215916 45 146 229
-8.06294 357.968 0.00579603 45 146 229
-8.05968 357.959 0.0241861 45 146 229
-8.05737 357.954 0.0381001 45 146 229
-8.05348 357.973 -0.00866827 45 146 229
-8.10703 358.003 -0.0460153 45 146 229
-8.0778 357.971 0.000457272 45 146 229
-8.05531 357.979 -0.0180905 45 146 229
-8.08401 357.984 -0.0221725 45 146 229
-8.08889 357.976 -0.00742158 45 146 229
-8.0466 357.958 0.0335278 45 146 229
-8.03314 357.964 0.0360316 45 146 229
-8.0572 357.954 0.0360099 45 146 229
-8.08614 357.995 -0.0389837 45 146 229
-8.04791 357.963 0.0176174 45 146 229
-8.06496 357.969 0.00323333 45 146 229
-8.10769 358.001 -0.0402641 45 146 229
-8.05186 357.973 0.0118237 45 146 229
-8.06192 357.979 -1.82837e-05 45 146 229
-8.08292 357.992 -0.0347646 45 146 229
-8.09195 357.995 -0.0369024 45 146 229
-8.06889 357.984 -0.0263465 45 146 229
-8.07589 357.996 -0.0273257 45 146 229
-8.04482 357.959 0.0322405 45 146 229
-8.10604 358.0 -0.0397381 45 146 229
-8.078 357.971 0.000962007 45 146 229
-8.06755 357.979 -0.0176635 45 146 229
-8.06349 357.972 -0.0049897 45 146 229
-8.06066 357.979 -0.00022818 45 146 229
-8.06528 357.964 0.0134545 45 146 229
-8.02594 357.966 0.0312106 45 146 229
-8.08339 357.999 -0.0309329 45 146 229
-8.06128 357.97 -0.00030448 45 146 229
-8.07726 357.981 -0.0190823 45 146 229
-8.0751 357.973 -0.00423159 45 146 229
-8.09721 358.005 -0.0359136 45 146 229
-8.09114 357.982 -0.0148226 45 146 229
-8.03995 357.965 0.00687464 45 146 229
-8.04967 357.964 0.0123983 45 146 229
-8.08695 357.984 -0.0204046 45 146 229
-8.0568 357.978 0.00134596 45 146 229
-8.07576 357.962 0.0132458 45 146 229
-8.06173 357.964 0.014802 45 146 229
-8.08478 357.992 -0.0197663 45 146 229
-8.06965 357.998 -0.0478064 45 146 229
-8.0719 357.976 -0.010682 45 146 229
-8.06183 357.969 0.00100845 45 146 229
-8.05387 357.975 -0.0129561 45 146 229
-8.06174 357.954 0.0337315 45 146 229
-8.09127 357.981 -0.0150507 45 146 229
-8.0844 357.985 -0.0244942 45 146 229
-8.04864 357.964 0.01377 45 146 229
-8.0318 357.96 0.0273012 45 146 229
-8.07953 357.97 0.00298652 45 146 229
-8.07025 357.978 -0.0156667 45 146 229
-8.0845 357.99 -0.032578 45 146 229
-8.04539 357.959 0.0312459 45 146 229
-8.05759 357.98 -0.0199579 45 146 229
-8.05986 357.969 0.000383237 45 146 229
-8.08068 357.985 -0.0256396 45 146 229
-8.06791 357.978 -0.015678 45 146 229
-8.06749 357.985 -0.011786 45 146 229
-8.08237 357.991 -0.0170047 45 146 229
-8.02779 357.961 0.0284386 45 146 229
-8.09534 357.984 -0.0188616 45 146 229
-8.06455 357.982 -0.0059437 45 146 229
-8.04972 357.984 -0.025141 45 146 229
-8.0802 357.978 -0.0132203 45 146 229
-8.07502 357.976 -0.00907269 45 146 229
-8.06654 357.977 -0.0145567 45 146 229
-8.07969 357.977 -0.0105386 45 146 229
-8.05121 357.984 -0.0107111 45 146 229
-8.08668 357.99 0.0201637 45 146 229
-8.04881 357.984 -0.024033 45 146 229
-8.09146 357.99 -0.0295973 45 146 229
-8.06809 357.968 0.00520632 45 146 229
-8.08631 357.979 -0.0116443 45 146 229
-8.11075 357.997 -0.0341547 45 146 229
-8.04434 357.974 0.00875622 45 146 229
-8.06418 357.981 -0.0216509 45 146 229
-8.06476 357.966 0.0514575 45 146 229
-8.08953 357.989 -0.0293132 45 146 229
-8.03007 357.969 0.0236675 45 146 229
-8.08445 357.987 -0.0282647 45 146 229
-8.06143 357.96 0.0222967 45 146 229
-8.12007 358.001 -0.037494 45 146 229
-8.07616 357.97 0.00351819 45 146 229
-8.0698 357.958 0.0220746 45 146 229
-8.0886 357.993 -0.0355484 45 146 229
-8.06074 357.963 0.0170517 45 146 229
-8.04041 357.963 0.017604 45 146 229
-8.07663 358.003 -0.0383518 45 146 229
-8.08661 357.979 -0.0113057 45 146 229
-8.09514 357.998 0.0153278 45 146 229
-8.06405 357.997 -0.037165 45 146 229
-8.07615 357.97 0.00187377 45 146 229
-8.04188 357.974 0.00858754 45 146 229
-8.04653 357.963 0.0165564 45 146 229
-8.06669 357.997 -0.0410154 45 146 229
-8.06676 357.968 0.00490649 45 146 229
-8.09452 357.989 -0.0275272 45 146 229
-8.07307 357.959 0.0196382 45 146 229
-8.07999 357.981 -0.0183467 45 146 229
-8.06709 357.976 -0.0127554 45 146 229
-8.04802 357.984 -0.0218258 45 146 229
-8.0678 357.987 -0.0146189 45 146 229
-8.05988 357.965 0.0110081 45 146 229
-8.08273 357.987 0.018841 45 146 229
-8.04915 357.969 0.00107569 45 146 229
-8.04896 357.972 -0.0056407 45 146 229
-8.08859 357.976 -0.00827734 45 146 229
-8.05492 357.958 0.0284214 45 146 229
-8.04124 357.96 0.0247869 45 146 229
-8.05513 357.99 -0.0216281 45 146 229
-8.05559 357.962 0.0177275 45 146 229
-8.06845 357.987 -0.0152557 45 146 229
-8.06173 357.971 -0.00267564 45 146 229
-8.10053 358.001 0.0138516 45 146 229
-8.11032 357.994 -0.030067 45 146 229
-8.07263 357.988 -0.03251 45 146 229
-8.08887 357.985 -0.0220428 45 146 229
-8.06142 357.971 -0.00400089 45 146 229
-8.03754 357.969 0.021961 45 146 229
-8.09957 357.993 -0.0316756 45 146 229
-8.0391 357.963 0.0373878 45 146 229
-8.07493 357.967 0.00852581 45 146 229
-8.05886 357.977 0.00425132 45 146 229
-8.06455 357.983 -0.0246389 45 146 229
-8.07649 357.983 -0.023686 45 146 229
-8.05044 357.959 0.0275626 45 146 229
-8.04584 357.974 -0.0117107 45 146 229
-8.0905 357.988 -0.0268269 45 146 229
-8.07609 357.976 -0.00821038 45 146 229
-8.11559 358.003 -0.0402124 45 146 229
-8.08944 357.993 0.0176008 45 146 229
-8.03995 357.962 0.019655 45 146 229
-8.06608 357.994 -0.0264921 45 146 229
-8.06216 357.97 -0.00101496 45 146 229
-8.06339 357.986 -0.0141263 45 146 229
-8.06195 357.957 0.0284834 45 146 229
-8.09588 358.0 -0.0277233 45 146 229
-8.07003 357.988 -0.0159446 45 146 229
-8.06219 357.96 0.0218748 45 146 229
-8.07809 357.997 -0.0285949 45 146 229
-8.06036 357.989 -0.0203016 45 146 229
-8.07467 357.989 -0.0334579 45 146 229
-8.06385 357.956 0.0284046 45 146 229
-8.0665 357.986 -0.0288253 45 146 229
-8.08586 357.994 -0.0219359 45 146 229
-8.08781 357.992 0.0224926 45 146 229
-8.0598 357.977 0.00463549 45 146 229
-8.06398 357.966 0.0105992 45 146 229
-8.1041 357.985 -0.0213551 45 146 229
-8.07831 357.995 -0.0253072 45 146 229
-8.08521 357.983 -0.0205441 45 146 229
-8.06511 357.959 0.0222498 45 146 229
-8.09398 358.008 -0.0409041 45 146 229
-8.09801 358.004 -0.0477766 45 146 229
-8.07403 357.963 0.012686 45 146 229
-8.04884 357.975 -0.0107765 45 146 229
-8.07203 357.983 -0.00610704 45 146 229
-8.10708 357.995 -0.0326387 45 146 229
-8.06226 357.97 -0.000151441 45 146 229
-8.08266 357.999 -0.0460581 45 146 229
-8.08028 357.962 0.00981257 45 146 229
-8.05401 357.967 0.00596332 45 146 229
-8.06441 357.99 -0.0217421 45 146 229
-8.07254 357.969 0.0038509 45 146 229
-8.06254 357.974 -0.00965429 45 146 229
-8.0575 357.98 -0.0207899 45 146 229
-8.0381 357.958 0.0305691 45 146 229
-8.09244 357.994 0.00990755 45 146 229
-8.10172 357.996 -0.0350893 45 146 229
-8.08794 357.985 -0.0229777 45 146 229
-8.0975 358.009 -0.0416032 45 146 229
-8.06903 357.965 0.0114096 45 146 229
-8.07299 357.989 -0.0330846 45 146 229
-8.07191 357.958 0.0219114 45 146 229
-8.06442 357.978 -0.0173829 45 146 229
-8.10669 358.008 0.00330804 45 146 229
-8.05097 357.953 0.0406406 45 146 229
-8.05505 357.953 0.0408731 45 146 229
-8.11467 357.997 -0.0338781 45 146 229
-8.05277 357.973 0.0114888 45 146 229
-8.0788 357.975 -0.00650378 45 146 229
-8.05077 357.959 0.0266921 45 146 229
-8.0358 357.961 0.0220808 45 146 229
-8.05534 357.968 0.00379469 45 146 229
-8.05705 357.978 -0.0178506 45 146 229
-8.04614 357.965 0.0124577 45 146 229
-8.0623 357.974 -0.00921193 45 146 229
-8.10872 358.004 -0.044257 45 146 229
-8.08913 357.978 -0.0104877 45 146 229
-8.08094 357.975 -0.00677524 45 146 229
-8.05671 357.973 0.0120326 45 146 229
-8.09923 357.978 -0.011615 45 146 229
-8.10104 358.001 -0.0430654 45 146 229
-8.08477 358.002 -0.0499235 45 146 229
-8.03035 357.965 0.0153041 45 146 229
-8.05448 357.993 -0.0264689 45 146 229
-8.08377 357.998 -0.0287443 45 146 229
-8.08284 357.984 -0.0230909 45 146 229
-8.03233 357.969 0.02464 45 146 229
-8.09887 357.984 -0.0183278 45 146 229
-8.04805 357.962 0.0176312 45 146 229
-8.11417 358.0 -0.0377116 45 146 229
-8.05755 357.962 0.0184905 45 146 229
-8.07639 357.983 -0.0230014 45 146 229
-8.04812 357.962 0.0179713 45 146 229
-8.06744 357.993 -0.023617 45 146 229
-8.09437 357.981 -0.0149729 45 146 229
-8.06428 357.985 -0.0286879 45 146 229
-8.10988 358.004 -0.0450197 45 146 229
-8.08129 357.964 0.00939613 45 146 229
-8.0465 357.972 0.0147276 45 146 229
-8.05871 357.959 0.0257338 45 146 229
-8.07854 357.979 -0.0150467 45 146 229
-8.07087 357.973 -0.00373858 45 146 229
-8.06797 357.971 -0.00195823 45 146 229
-8.06444 357.999 -0.0375422 45 146 229
-8.11015 358.002 -0.040867 45 146 229
-8.05791 357.958 0.0278602 45 146 229
-8.07522 357.993 -0.0234891 45 146 229
-8.04114 357.969 0.00527877 45 146 229
-8.09404 357.973 -0.00524275 45 146 229
-8.0549 357.975 -0.0130647 45 146 229
-8.11667 357.99 -0.0250171 45 146 229
-8.12217 358.004 -0.0405087 45 146 229
-8.06871 357.983 -0.00680271 45 146 229
-8.0948 357.992 -0.0310603 45 146 229
-8.06688 357.973 -0.00580665 45 146 229
-8.06955 357.999 -0.0329938 45 146 229
-8.07284 357.974 -0.00543194 45 146 229
-8.10057 358.001 -0.042242 45 146 229
-8.0953 358.002 -0.0459569 45 146 229
-8.06227 357.962 0.0181216 45 146 229
-8.09633 357.987 -0.0227815 45 146 229
-8.07035 357.988 -0.0323791 45 146 229
-8.10805 358.004 -0.04454 45 146 229
-8.05297 357.957 0.0330828 45 146 229
-8.09037 357.99 -0.0303045 45 146 229
-8.0607 357.975 -0.011504 45 146 229
-8.10265 357.995 -0.0332012 45 146 229
-8.04596 357.963 0.0187378 45 146 229
-8.06797 357.973 -0.00574982 45 146 229
-8.03628 357.97 0.0207513 45 146 229
-8.07496 357.959 0.0195363 45 146 229
-8.05934 357.98 -0.0203073 45 146 229
-8.05674 357.954 0.0363162 45 146 229
-8.09422 357.977 -0.00966157 45 146 229
-8.04379 357.979 -0.0118056 45 146 229
-8.0935 357.996 -0.0382415 45 146 229
-8.09522 357.997 0.0118623 45 146 229
-8.09818 357.999 -0.041236 45 146 229
-8.09138 357.999 -0.0283185 45 146 229
-8.10844 358.002 -0.0431784 45 146 229
-8.06816 357.983 -0.0251941 45 146 229
-8.05542 357.98 -0.0195857 45 146 229
-8.10598 357.993 -0.0294667 45 146 229
-8.10018 357.994 -0.0330857 45 146 229
-8.05121 357.975 0.0068588 45 146 229
-8.07736 358.006 -0.0427465 45 146 229
-8.12603 358.0 -0.0369708 45 146 229
-8.05569 357.966 0.0071827 45 146 229
-8.03937 357.96 0.0264586 45 146 229
-8.09313 358.004 -0.0358982 45 146 229
-8.05746 357.962 0.018729 45 146 229
-8.03812 357.959 0.0252802 45 146 229
-8.05939 357.973 -0.00848336 45 146 229
-8.06077 357.994 -0.0276257 45 146 229
-8.03374 357.964 0.0347489 45 146 229
-8.07929 357.981 -0.0195402 45 146 229
-8.07447 357.994 -0.0405698 45 146 229
-8.06058 357.96 0.0227817 45 146 229
-8.07482 357.981 -0.0206437 45 146 229
-8.05566 357.973 -0.00788037 45 146 229
-8.09245 357.995 0.0165122 45 146 229
-8.03737 357.962 0.0209788 45 146 229
-8.04997 357.983 -0.00924049 45 146 229
-8.05715 357.957 0.0298253 45 146 229
-8.09342 357.983 -0.016864 45 146 229
-8.08899 357.971 -0.000555433 45 146 229
-8.03114 357.963 0.0375846 45 146 229
-8.07948 357.999 -0.0476226 45 146 229
-8.06569 357.958 0.0241949 45 146 229
-8.04496 357.976 -0.000477799 45 146 229
-8.05546 357.956 0.0344299 45 146 229
-8.06989 358.004 -0.0426252 45 146 229
-8.08475 357.999 -0.0292706 45 146 229
-8.06722 357.982 -0.0229523 45 146 229
-8.10217 358.004 -0.0459099 45 146 229
-8.08474 357.999 -0.0462397 45 146 229
-8.05684 357.954 0.0370719 45 146 229
-8.10965 357.992 -0.02841 45 146 229
-8.06681 357.963 0.0151833 45 146 229
-8.08299 357.982 -0.0192803 45 146 229
-8.06124 357.991 -0.0228049 45 146 229
-8.06641 357.976 -0.0120207 45 146 229
-8.10242 357.993 -0.0297453 45 146 229
-8.10319 357.988 -0.0239235 45 146 229
-8.06606 357.963 0.0162509 45 146 229
-8.11602 358.002 -0.0390316 45 146 229
-8.07284 357.969 0.00388554 45 146 229
-8.0998 357.992 -0.0289873 45 146 229
-8.07742 357.957 0.0234384 45 146 229
-8.0664 357.983 -0.0245088 45 146 229
-8.07798 357.996 -0.0277787 45 146 229
-8.05477 357.973 0.0107639 45 146 229
-8.04797 357.958 0.0305493 45 146 229
-8.02753 357.963 0.0219448 45 146 229
-8.05528 357.975 0.00704927 45 146 229
-8.07204 357.988 -0.0158447 45 146 229
-8.07155 357.972 -0.00187629 45 146 229
-8.07643 357.988 -0.0158839 45 146 229
-8.07841 358.004 -0.0397947 45 146 229
-8.02563 357.96 0.0329338 45 146 229
-8.11273 358.002 -0.0404112 45 146 229
-8.09865 358.004 -0.0473652 45 146 229
-8.07966 358.0 -0.0323378 45 146 229
-8.08668 357.975 -0.00532263 45 146 229
-8.06215 357.981 -0.00581211 45 146 229
-8.07881 357.975 -0.00664121 45 146 229
-8.06265 357.992 -0.0244126 45 146 229
-8.06001 357.955 0.0329567 45 146 229
-8.08856 358.002 -0.0486176 45 146 229
-8.10381 358.004 -0.0458265 45 146 229
-8.04042 357.959 0.0271587 45 146 229
-8.06412 357.968 0.00550489 45 146 229
-8.06764 357.971 -0.00243554 45 146 229
-8.06393 357.998 -0.0369886 45 146 229
-8.06028 357.989 -0.0192111 45 146 229
-8.08256 357.969 0.000613589 45 146 229
-8.07443 357.987 -0.0308133 45 146 229
-8.07426 357.998 -0.0472645 45 146 229
-8.06949 358.004 -0.0493844 45 146 229
-8.10914 357.994 -0.0305666 45 146 229
-8.11179 357.994 -0.0309829 45 146 229
-8.0465 357.956 0.0377541 45 146 229
-8.07826 357.981 -0.019523 45 146 229
-8.06289 357.953 0.0366073 45 146 229
-8.06609 357.973 -0.00745365 45 146 229
-8.1183 358.003 -0.0397887 45 146 229
-8.07579 357.99 -0.0359138 45 146 229
-8.06976 357.983 -0.0240851 45 146 229
-8.07822 357.99 -0.0333605 45 146 229
-8.08998 357.984 -0.0204458 45 146 229
-8.02791 357.964 0.0186979 45 146 229
-8.09667 358.0 0.016614 45 146 229
-8.09788 357.992 -0.0300399 45 146 229
-8.07354 357.969 0.0046438 45 146 229
-8.06481 357.964 0.013684 45 146 229
-8.03121 357.962 0.0214422 45 146 229
-8.09555 357.977 -0.00995882 45 146 229
-8.06538 357.975 -0.0113732 45 146 229
-8.08058 357.992 -0.0204141 45 146 229
-8.07162 357.988 -0.0314836 45 146 229
-8.08914 357.997 -0.0266012 45 146 229
-8.03398 357.966 0.0311265 45 146 229
-8.09845 357.996 -0.0366827 45 146 229
-8.07854 357.976 -0.00817544 45 146 229
-8.0676 357.989 -0.0346398 45 146 229
-8.07547 357.967 0.00742909 45 146 229
-8.06465 357.957 0.0271743 45 146 229
-8.06714 357.999 -0.0407459 45 146 229
-8.05875 357.979 -0.0182272 45 146 229
-8.07567 357.985 -0.0263882 45 146 229
-8.0917 357.975 -0.00726101 45 146 229
-8.05324 357.964 0.0135575 45 146 229
-8.09113 357.99 -0.0301473 45 146 229
-8.06915 357.967 0.00746507 45 146 229
-8.04573 357.98 0.000126309 45 146 229
-8.04693 357.959 0.0290862 45 146 229
-8.05879 357.989 -0.0192326 45 146 229
-8.03721 357.963 0.0078897 45 146 229
-8.07384 357.99 -0.0178514 45 146 229
-8.04883 357.958 0.0314284 45 146 229
-8.09116 357.984 -0.0195776 45 146 229
-8.0736 357.995 -0.0423382 45 146 229
-8.10213 357.996 -0.0345421 45 146 229
-8.09149 358.002 -0.047517 45 146 229
-8.02527 357.964 0.0368909 45 146 229
-8.06449 357.978 0.00320601 45 146 229
-8.06396 357.981 -0.00326565 45 146 229
-8.05585 357.982 -0.00798686 45 146 229
-8.05647 357.979 -0.0185535 45 146 229
-8.08387 357.979 -0.0136337 45 146 229
-8.10128 357.994 -0.032258 45 146 229
-8.10461 357.995 -0.0332095 45 146 229
-8.06377 357.964 0.014336 45 146 229
-8.07035 358.002 -0.0376021 45 146 229
-8.03299 357.964 0.0344008 45 146 229
-8.0531 357.97 0.000448001 45 146 229
-8.07881 357.973 -0.0034095 45 146 229
-8.05625 357.971 -0.00335271 45 146 229
-8.08892 357.99 -0.030157 45 146 229
-8.07256 357.962 0.014632 45 146 229
-8.052 357.963 0.017094 45 146 229
-8.09181 357.98 -0.0127811 45 146 229
-8.08247 357.999 -0.0304543 45 146 229
-8.04539 357.957 0.0350074 45 146 229
-8.08568 357.984 -0.0224919 45 146 229
-8.07915 357.973 -0.00179024 45 146 229
-8.0767 357.968 0.00600905 45 146 229
-8.10399 357.995 -0.0318338 45 146 229
-8.10178 357.993 -0.0304148 45 146 229
-8.03953 357.957 0.0363266 45 146 229
-8.06088 357.964 0.0152656 45 146 229
-8.0603 357.958 0.0264818 45 146 229
-8.10701 357.996 -0.0342567 45 146 229
-8.11002 358.001 -0.0406601 45 146 229
-8.09498 358.009 -0.0431182 45 146 229
-8.05942 357.983 -0.0103343 45 146 229
-8.09285 357.984 -0.0183411 45 146 229
-8.09939 358.006 -0.0372764 45 146 229
-8.06701 357.998 -0.0411003 45 146 229
-8.09645 357.989 -0.0267579 45 146 229
-8.04365 357.969 0.00374858 45 146 229
-8.11718 358.005 -0.0419658 45 146 229
-8.08476 357.99 -0.0151204 45 146 229
-8.09008 357.994 -0.0363066 45 146 229
-8.06491 357.991 -0.0227742 45 146 229
-8.07963 357.988 -0.0142379 45 146 229
-8.07141 357.986 -0.0287075 45 146 229
-8.08615 357.986 -0.0256161 45 146 229
-8.09422 358.004 -0.0490988 45 146 229
-8.07803 357.999 -0.0476614 45 146 229
-8.11609 357.998 -0.0352847 45 146 229
-8.05901 357.966 0.00802585 45 146 229
-8.06104 357.994 -0.0279816 45 146 229
-8.08197 357.969 0.00214721 45 146 229
-8.10082 357.982 -0.0165709 45 146 229
-8.08351 357.989 -0.013468 45 146 229
-8.04294 357.958 0.032089 45 146 229
-8.09208 358.0 -0.0439561 45 146 229
-8.0753 357.998 -0.046214 45 146 229
-8.04801 357.971 -0.00232516 45 146 229
-8.06335 357.981 -0.0222889 45 146 229
-8.0922 357.997 0.0250043 45 146 229
-8.07031 357.989 -0.0340912 45 146 229
-8.0592 357.979 -0.0185421 45 146 229
-8.08262 357.965 0.00943501 45 146 229
-8.08734 358.0 -0.0310506 45 146 229
-8.11187 358.01 -0.00837121 45 146 229
-8.05039 357.972 0.0154514 45 146 229
-8.06687 358.0 -0.0418398 45 146 229
-8.05643 357.955 0.0348223 45 146 229
-8.05149 357.962 0.0182626 45 146 229
-8.04614 357.978 -0.00287315 45 146 229
-8.05304 357.962 0.0199958 45 146 229
-8.05528 357.958 0.0295197 45 146 229
-8.0938 357.991 -0.0314875 45 146 229
-8.07194 357.971 -0.000782677 45 146 229
-8.08349 358.004 -0.0530949 45 146 229
-8.06287 357.971 -0.00217224 45 146 229
-8.03951 357.965 0.00672531 45 146 229
-8.07754 357.964 0.00981384 45 146 229
-8.07817 357.982 -0.0214813 45 146 229
-8.07982 357.986 -0.0271847 45 146 229
-8.09001 357.972 -0.0028101 45 146 229
-8.11545 357.995 -0.0320986 45 146 229
-8.08907 358.001 -0.0326808 45 146 229
-8.06675 357.989 -0.0185739 45 146 229
-8.071 357.982 -0.0231736 45 146 229
-8.08942 357.985 -0.0211708 45 146 229
-8.08214 357.98 -0.0147976 45 146 229
-8.0662 357.966 0.0103185 45 146 229
-8.07276 357.976 -0.0103187 45 146 229
-8.06131 357.965 0.0120323 45 146 229
-8.1109 357.989 -0.0263724 45 146 229
-8.081 357.985 -0.0256877 45 146 229
-8.07678 357.979 -0.016004 45 146 229
-8.07055 357.987 -0.0298616 45 146 229
-8.0894 358.009 -0.0444722 45 146 229
-8.10897 358.0 -0.039098 45 146 229
-8.07372 357.959 0.0202616 45 146 229
-8.06976 357.957 0.0231067 45 146 229
-8.06199 357.983 -0.00871855 45 146 229
-8.06881 357.97 0.000949571 45 146 229
-8.10982 358.0 -0.0388619 45 146 229
-8.1026 358.004 0.00775051 45 146 229
-8.07634 358.003 -0.0381907 45 146 229
-8.07887 357.988 -0.0142363 45 146 229
-8.10731 357.999 -0.0379943 45 146 229
-8.08102 358.0 -0.0487101 45 146 229
-8.06985 357.966 0.00965352 45 146 229
-8.03686 357.97 0.0196582 45 146 229
-8.12244 358.004 -0.0403903 45 146 229
-8.08082 357.98 -0.0171375 45 146 229
-8.08471 357.989 -0.0306476 45 146 229
-8.08413 357.998 -0.0435409 45 146 229
-8.05637 357.974 0.0106991 45 146 229
-8.07871 357.992 -0.0197728 45 146 229
-8.0857 357.98 -0.0134419 45 146 229
-8.07649 357.996 -0.0276541 45 146 229
-8.11069 358.005 -0.0442665 45 146 229
-8.11159 357.986 -0.0202668 45 146 229
-8.07432 357.973 -0.00387061 45 146 229
-8.10033 357.993 -0.0311941 45 146 229
-8.08129 357.975 -0.00513701 45 146 229
-8.0935 357.99 -0.0285547 45 146 229
-8.11172 358.006 -0.0449729 45 146 229
-8.08451 358.001 -0.0492331 45 146 229
-8.05503 357.965 0.0106339 45 146 229
-8.06264 357.99 -0.0210861 45 146 229
-8.0959 358.01 -0.0441263 45 146 229
-8.02682 357.964 0.0196058 45 146 229
-8.12063 358.008 -0.0438302 45 146 229
-8.09008 357.985 -0.0214738 45 146 229
-8.08346 357.969 0.0025864 45 146 229
-8.03381 357.964 0.0160266 45 146 229
-8.09441 357.992 -0.0326318 45 146 229
-8.11014 358.008 -0.0472271 45 146 229
-8.06191 357.973 0.0151278 45 146 229
-8.038 357.962 0.0201984 45 146 229
-8.0799 357.987 -0.0285421 45 146 229
-8.08353 357.975 -0.00528471 45 146 229
-8.10028 358.01 -0.0428682 45 146 229
-8.07827 357.99 -0.0333335 45 146 229
-8.06532 357.965 0.0110379 45 146 229
-8.06584 357.963 0.0153408 45 146 229
-8.03944 357.957 0.0345454 45 146 229
-8.05752 357.966 0.00902695 45 146 229
-8.06938 357.965 0.0122706 45 146 229
-8.07748 357.993 -0.0389165 45 146 229
-8.082 357.961 0.0123972 45 146 229
-8.04499 357.977 -0.00123041 45 146 229
-8.1135 357.998 -0.0353639 45 146 229
-8.05875 357.959 0.025049 45 146 229
-8.05061 357.972 -0.00429078 45 146 229
-8.08242 357.98 -0.0165297 45 146 229
-8.07177 357.975 -0.00951751 45 146 229
-8.07737 357.974 -0.00545389 45 146 229
-8.0246 357.97 0.0166415 45 146 229
-8.10118 358.009 -0.0405912 45 146 229
-8.06438 357.966 0.0528188 45 146 229
-8.05091 357.958 0.0305008 45 146 229
-8.03825 357.968 0.0255544 45 146 229
-8.05172 357.958 0.0289426 45 146 229
-8.03005 357.961 0.0254538 45 146 229
-8.0751 357.996 -0.0276938 45 146 229
-8.06343 357.961 0.0199143 45 146 229
-8.07307 357.974 -0.00620551 45 146 229
-8.03751 357.957 0.0351206 45 146 229
-8.08673 357.987 -0.0272272 45 146 229
-8.077 357.984 -0.0240577 45 146 229
-8.11935 358.005 -0.041193 45 146 229
-8.07482 357.994 -0.0412151 45 146 229
-8.04721 357.965 0.0114407 45 146 229
-8.11378 358.005 -0.0430089 45 146 229
-8.10919 358.003 -0.0437279 45 146 229
-8.09172 358.006 -0.0387614 45 146 229
-8.0629 357.991 -0.0224277 45 146 229
-8.06856 357.973 -0.00541553 45 146 229
-8.0542 357.954 0.0389862 45 146 229
-8.10394 357.996 -0.0337675 45 146 229
-8.11156 358.003 -0.0416126 45 146 229
-8.07233 357.984 -0.0078244 45 146 229
-8.11363 358.002 -0.0395221 45 146 229
-8.06827 357.958 0.0234668 45 146 229
-8.04351 357.974 -0.00444538 45 146 229
-8.11326 358.003 -0.041675 45 146 229
-8.09406 357.997 -0.039218 45 146 229
-8.06208 357.96 0.0221809 45 146 229
-8.04317 357.956 0.0397676 45 146 229
-8.10672 357.989 -0.0250024 45 146 229
-8.10048 357.993 -0.0305002 45 146 229
-8.08234 357.981 -0.0179466 45 146 229
-8.03457 357.964 0.0344847 45 146 229
-8.0768 357.99 -0.0181438 45 146 229
-8.10083 357.982 -0.0167306 45 146 229
-8.08989 357.998 -0.0415231 45 146 229
-8.06614 357.998 -0.0378121 45 146 229
-8.07242 357.985 -0.0260285 45 146 229
-8.0574 357.973 -0.00727115 45 146 229
-8.07209 357.983 -0.0234017 45 146 229
-8.09209 357.986 -0.0225519 45 146 229
-8.05723 357.974 -0.00935382 45 146 229
-8.08411 357.984 -0.0228496 45 146 229
-8.11364 358.002 -0.0406376 45 146 229
-8.05557 357.976 -0.0145486 45 146 229
-8.05542 357.953 0.0405799 45 146 229
-8.05943 357.965 0.010285 45 146 229
-8.05987 357.952 0.0407567 45 146 229
-8.10551 357.998 -0.0367482 45 146 229
-8.04928 357.959 0.0282013 45 146 229
-8.08879 357.992 0.0176005 45 146 229
-8.09144 357.994 -0.0353557 45 146 229
-8.07063 357.994 -0.0265112 45 146 229
-8.03375 357.969 0.0220035 45 146 229
-8.05456 357.959 0.0273353 45 146 229
-8.08211 357.986 0.017733 45 146 229
-8.08908 357.993 0.020758 45 146 229
-8.066 357.962 0.0175081 45 146 229
-8.07295 357.97 0.00184209 45 146 229
-8.08374 357.977 -0.00818127 45 146 229
-8.05626 357.977 0.0034826 45 146 229
-8.06368 357.959 0.0232874 45 146 229
-8.07445 357.991 -0.0364509 45 146 229
-8.062 357.968 0.00468202 45 146 229
-8.0614 357.979 0.000590796 45 146 229
-8.05674 357.967 0.00474095 45 146 229
-8.07632 357.958 0.0191599 45 146 229
-8.08807 358.007 -0.0414653 45 146 229
-8.08988 357.999 -0.0290087 45 146 229
-8.09385 357.983 -0.0167319 45 146 229
-8.06204 357.983 -0.0256863 45 146 229
-8.08359 357.979 -0.0133787 45 146 229
-8.06453 357.984 -0.0097867 45 146 229
-8.0684 357.974 -0.0074671 45 146 229
-8.07847 357.995 -0.0250569 45 146 229
-8.05748 357.953 0.0395047 45 146 229
-8.04781 357.957 0.0348915 45 146 229
-8.08374 357.98 -0.0136143 45 146 229
-8.10476 357.994 -0.0311354 45 146 229
-8.08083 358.001 -0.0342073 45 146 229
-8.06845 357.958 0.0223979 45 146 229
-8.10407 357.993 -0.0296797 45 146 229
-8.10521 357.997 -0.0352023 45 146 229
-8.09647 357.991 -0.0290438 45 146 229
-8.09172 358.004 -0.0356562 45 146 229
-8.06312 357.978 -0.0176494 45 146 229
-8.09817 358.008 -0.0406007 45 146 229
-8.0704 357.96 0.0181605 45 146 229
-8.073 357.978 -0.015332 45 146 229
-8.07589 357.989 -0.0331073 45 146 229
-8.05592 357.954 0.0385324 45 146 229
-8.07022 357.999 -0.0489993 45 146 229
-8.09213 358.003 -0.0488798 45 146 229
-8.06955 357.963 0.0137333 45 146 229
-8.05868 357.953 0.0391639 45 146 229
-8.02703 357.963 0.0217316 45 146 229
-8.08197 357.986 0.0205631 45 146 229
-8.04823 357.966 0.00906515 45 146 229
-8.03713 357.967 0.00958947 45 146 229
-8.03823 357.969 0.00877178 45 146 229
-8.06901 357.958 0.0224836 45 146 229
-8.06703 357.977 -0.0139807 45 146 229
-8.05685 357.954 0.0378462 45 146 229
-8.0923 357.994 0.0134852 45 146 229
-8.08384 357.994 -0.0226794 45 146 229
-8.12337 358.011 -0.0436998 45 146 229
-8.03217 357.963 0.0192959 45 146 229
-8.03887 357.97 0.0212029 45 146 229
-8.06704 358.0 -0.0396773 45 146 229
-8.10331 358.006 -0.0472862 45 146 229
-8.06571 357.984 -0.0269142 45 146 229
-8.04973 357.974 0.0102321 45 146 229
-8.09383 358.0 -0.0427904 45 146 229
-8.07733 357.995 -0.0249427 45 146 229
-8.04792 357.966 0.00973317 45 146 229
-8.05316 357.967 0.00615246 45 146 229
-8.04702 357.954 0.0420252 45 146 229
-8.08613 357.986 -0.0247739 45 146 229
-8.09945 357.999 -0.0409522 45 146 229
-8.04357 357.961 0.023234 45 146 229
-8.07049 357.983 -0.00724758 45 146 229
-8.06894 357.956 0.0255197 45 146 229
-8.12122 357.998 -0.0341125 45 146 229
-8.0481 357.965 0.0121297 45 146 229
-8.0476 357.982 -0.0236981 45 146 229
-8.0508 357.96 0.0252739 45 146 229
-8.03559 357.963 0.0397441 45 146 229
-8.04465 357.962 0.0200947 45 146 229
-8.07381 357.968 0.00565069 45 146 229
-8.04761 357.971 -0.012077 45 146 229
-8.07379 357.972 -0.00123841 45 146 229
-8.05959 357.963 0.0169902 45 146 229
-8.06757 357.999 -0.0422085 45 146 229
-8.04453 357.974 0.00210899 45 146 229
-8.0415 357.958 0.0297917 45 146 229
-8.08707 357.979 -0.0110049 45 146 229
-8.08044 357.966 0.00711272 45 146 229
-8.04803 357.956 0.0382231 45 146 229
-8.05274 357.957 0.0317693 45 146 229
-8.06953 357.976 -0.0115519 45 146 229
-8.04472 357.958 0.0305975 45 146 229
-8.11104 358.0 -0.0382049 45 146 229
-8.11998 357.999 -0.035508 45 146 229
-8.03669 357.969 0.0228551 45 146 229
-8.08494 357.981 -0.0166006 45 146 229
-8.0541 357.985 -0.0122332 45 146 229
-8.06537 357.967 0.0521267 45 146 229
-8.0688 357.964 0.0139354 45 146 229
-8.05129 357.958 0.0309874 45 146 229
-8.07266 357.959 0.0189802 45 146 229
-8.03551 357.963 0.0189038 45 146 229
-8.02883 357.964 0.0362535 45 146 229
-8.07523 357.988 -0.0151345 45 146 229
-8.08847 358.001 -0.0323046 45 146 229
-8.03932 357.957 0.0353396 45 146 229
-8.038 357.964 0.0360721 45 146 229
-8.05539 357.967 0.00535778 45 146 229
-8.06798 357.973 -0.00516889 45 146 229
-8.06794 358.002 -0.0432088 45 146 229
-8.05153 357.985 -0.013156 45 146 229
-8.12022 358.002 -0.0407229 45 146 229
-8.06986 357.97 0.00072812 45 146 229
-8.05468 357.972 -0.00457392 45 146 229
-8.06281 357.981 -0.0224016 45 146 229
-8.11268 358.004 -0.0432113 45 146 229
-8.1032 358.008 -0.0483013 45 146 229
-8.09336 357.99 -0.0291091 45 146 229
-8.0389 357.971 0.016317 45 146 229
-8.05526 357.982 -0.0228364 45 146 229
-8.03999 357.965 0.0135896 45 146 229
-8.0792 357.985 -0.0249003 45 146 229
-8.03853 357.963 0.0170638 45 146 229
-8.04426 357.971 -0.00366978 45 146 229
-8.0398 357.959 0.0297043 45 146 229
-8.04641 357.957 0.0343069 45 146 229
-8.08566 357.974 -0.00430301 45 146 229
-8.08643 357.99 0.0188894 45 146 229
-8.05524 357.966 0.0085612 45 146 229
-8.05791 357.961 0.0208092 45 146 229
-8.03517 357.969 0.0236137 45 146 229
-8.03933 357.958 0.0330666 45 146 229
-8.09972 357.997 -0.0378286 45 146 229
-8.08259 357.973 -0.000970514 45 146 229
-8.04556 357.973 -0.00478283 45 146 229
-8.08493 357.999 -0.0449874 45 146 229
-8.06382 357.96 0.0212051 45 146 229
-8.04857 357.973 0.0125863 45 146 229
-8.12186 358.001 -0.038679 45 146 229
-8.12259 358.008 -0.0423909 45 146 229
-8.10655 357.991 -0.0277129 45 146 229
-8.09468 358.004 -0.0487537 45 146 229
-8.07102 357.962 0.0158735 45 146 229
-8.11349 358.002 -0.0405992 45 146 229
-8.06799 357.956 0.0261025 45 146 229
-8.0954 357.998 -0.0407241 45 146 229
-8.10171 357.994 -0.0307969 45 146 229
-8.06771 357.968 0.00591001 45 146 229
-8.07303 357.991 -0.0370228 45 146 229
-8.08356 357.967 0.00557451 45 146 229
-8.06564 357.983 -0.024222 45 146 229
-8.06986 358.0 -0.0349961 45 146 229
-8.07975 357.978 -0.0113795 45 146 229
-8.07145 357.969 0.0045308 45 146 229
-8.0838 357.984 -0.0220078 45 146 229
-8.09602 358.003 -0.0473581 45 146 229
-8.09968 358.001 -0.0446461 45 146 229
-8.06701 357.996 -0.0456191 45 146 229
-8.09888 358.002 0.0113382 45 146 229
-8.02987 357.967 0.0291372 45 146 229
-8.09121 358.009 -0.0438303 45 146 229
-8.0778 357.985 -0.0257173 45 146 229
-8.07888 357.997 -0.0442513 45 146 229
-8.08106 357.999 -0.0304698 45 146 229
-8.07265 357.966 0.0094456 45 146 229
-8.08119 357.998 -0.0295602 45 146 229
-8.11905 358.0 -0.0365724 45 146 229
-8.0615 357.957 0.0278687 45 146 229
-8.06481 357.998 -0.0409129 45 146 229
-8.11162 358.005 -0.0448553 45 146 229
-8.10651 358.006 -0.00221294 45 146 229
-8.05758 357.959 0.0266922 45 146 229
-8.10161 357.992 -0.0289507 45 146 229
-8.05959 357.971 -0.00337761 45 146 229
-8.10269 358.004 0.00828952 45 146 229
-8.04171 357.967 0.0070395 45 146 229
-8.09108 357.997 0.0233167 45 146 229
-8.11302 357.999 -0.0361079 45 146 229
-8.09743 357.998 -0.038987 45 146 229
-8.09379 357.988 -0.0251111 45 146 229
-8.04278 357.967 0.0272153 45 146 229
-8.04195 357.963 0.0165548 45 146 229
-8.03007 357.961 0.0249396 45 146 229
-8.09417 357.993 -0.0343292 45 146 229
-8.10689 357.994 -0.0308325 45 146 229
-8.07572 357.97 0.00264275 45 146 229
-8.06199 357.963 0.0164597 45 146 229
-8.0761 357.98 -0.019105 45 146 229
-8.10326 358.002 -0.00177051 45 146 229
-8.04047 357.968 0.0255494 45 146 229
-8.09132 357.994 0.0143284 45 146 229
-8.05074 357.968 0.00443452 45 146 229
-8.0965 357.987 -0.0220648 45 146 229
-8.08917 358.004 -0.0504166 45 146 229
-8.05011 357.984 -0.0254802 45 146 229
-8.09497 357.991 -0.0297636 45 146 229
-8.07954 357.978 -0.0121943 45 146 229
-8.08499 357.996 -0.0415446 45 146 229
-8.08308 357.982 -0.0188037 45 146 229
-8.03933 357.97 0.0186142 45 146 229
-8.08788 357.99 -0.0306936 45 146 229
-8.08858 357.987 -0.0266371 45 146 229
-8.04463 357.963 0.0178656 45 146 229
-8.08432 357.995 -0.0391255 45 146 229
-8.09049 357.998 -0.041312 45 146 229
-8.07069 357.967 0.00883731 45 146 229
-8.11645 358.002 -0.0386543 45 146 229
-8.05089 357.984 -0.0116518 45 146 229
-8.04699 357.953 0.0436236 45 146 229
-8.04387 357.959 0.0293154 45 146 229
-8.05891 357.975 -0.0115122 45 146 229
-8.08594 357.987 -0.026985 45 146 229
-8.08945 357.985 -0.0226523 45 146 229
-8.04532 357.984 -0.0129628 45 146 229
-8.03825 357.961 0.0235873 45 146 229
-8.08393 357.98 -0.0154179 45 146 229
-8.10739 357.992 -0.0287228 45 146 229
-8.0779 357.988 -0.0312062 45 146 229
-8.05759 357.966 0.00788645 45 146 229
-8.08422 358.008 -0.0451667 45 146 229
-8.0704 357.961 0.017233 45 146 229
-8.08831 358.005 -0.0395388 45 146 229
-8.10135 357.982 -0.0180924 45 146 229
-8.05316 357.954 0.0383785 45 146 229
-8.05076 357.971 -0.00238002 45 146 229
-8.06509 357.984 -0.0271298 45 146 229
-8.06484 357.959 0.0223396 45 146 229
-8.08265 357.996 -0.0261242 45 146 229
-8.05696 357.975 -0.0117127 45 146 229
-8.04765 357.96 0.0261757 45 146 229
-8.10708 357.993 -0.0293613 45 146 229
-8.06157 357.984 -0.0116522 45 146 229
-8.05659 357.959 0.0261674 45 146 229
-8.07118 357.988 -0.0315745 45 146 229
-8.04349 357.961 0.0230379 45 146 229
-8.08932 357.992 0.0147765 45 146 229
-8.10735 358.0 -0.0398985 45 146 229
-8.10308 358.004 0.00581472 45 146 229
-8.10857 357.996 -0.0330684 45 146 229
-8.067 357.998 -0.0469097 45 146 229
-8.09574 357.993 -0.032438 45 146 229
-8.10367 358.004 0.00736297 45 146 229
-8.05183 357.96 0.0260318 45 146 229
-8.07781 357.988 -0.0302967 45 146 229
-8.08624 357.991 -0.0335783 45 146 229
-8.05857 357.954 0.0373447 45 146 229
-8.09294 357.989 -0.0277355 45 146 229
-8.08745 357.995 -0.0389833 45 146 229
-8.06478 357.975 -0.0102552 45 146 229
-8.09112 357.98 -0.0123377 45 146 229
-8.04572 357.976 -0.00090791 45 146 229
-8.06586 357.986 -0.0318509 45 146 229
-8.0838 357.991 -0.0335759 45 146 229
-8.0747 357.994 -0.0405327 45 146 229
-8.05598 357.954 0.0389708 45 146 229
-8.03623 357.967 0.0109275 45 146 229
-8.03088 357.959 0.0274532 45 146 229
-8.03838 357.967 0.00845747 45 146 229
-8.06363 357.994 -0.0365008 45 146 229
-8.08517 358.004 -0.0525064 45 146 229
-8.03076 357.964 0.0353641 45 146 229
-8.04781 357.958 0.0309549 45 146 229
-8.07315 357.986 -0.0113625 45 146 229
-8.05379 357.953 0.0412744 45 146 229
-8.0836 357.974 -0.00473683 45 146 229
-8.07549 358.003 -0.0385222 45 146 229
-8.05667 357.962 0.0183725 45 146 229
-8.09127 357.982 -0.0144779 45 146 229
-8.0607 357.959 0.0249219 45 146 229
-8.07676 357.993 -0.0389022 45 146 229
-8.09893 358.001 0.00926735 45 146 229
-8.08157 357.995 -0.0408265 45 146 229
-8.11811 357.995 -0.0316057 45 146 229
-8.10219 357.999 -0.0397952 45 146 229
-8.08483 357.993 -0.0210781 45 146 229
-8.05076 357.959 0.0269012 45 146 229
-8.06987 357.986 -0.0126175 45 146 229
-8.09178 357.997 -0.0242543 45 146 229
-8.0547 357.972 0.0165996 45 146 229
-8.08969 357.987 -0.0250842 45 146 229
-8.04833 357.974 0.00841012 45 146 229
-8.07016 357.965 0.0106167 45 146 229
-8.09732 357.982 -0.0157614 45 146 229
-8.06712 357.965 0.0122345 45 146 229
-8.09515 357.981 -0.0148575 45 146 229
-8.09378 358.002 -0.033017 45 146 229
-8.08291 357.999 -0.0299289 45 146 229
-8.10313 358.004 0.00794254 45 146 229
-8.06271 357.982 -0.00732608 45 146 229
-8.07945 357.991 -0.0345933 45 146 229
-8.05398 357.972 0.0149954 45 146 229
-8.05382 357.968 0.00355701 45 146 229
-8.07118 357.958 0.0232207 45 146 229
-8.07113 357.963 0.0144376 45 146 229
-8.08231 358.002 -0.050604 45 146 229
-8.06121 357.976 0.0053079 45 146 229
-8.08275 358.001 -0.0335834 45 146 229
-8.08613 357.975 -0.00605158 45 146 229
-8.06761 357.958 0.0224575 45 146 229
-8.05761 357.963 0.0169325 45 146 229
-8.06699 357.969 0.0538845 45 146 229
-8.08775 357.975 -0.00597867 45 146 229
-8.09221 357.993 -0.0346104 45 146 229
-8.06769 357.988 -0.0321598 45 146 229
-8.07821 357.974 -0.00557034 45 146 229
-8.06694 357.987 -0.0331693 45 146 229
-8.09237 357.995 -0.0366501 45 146 229
-8.08788 357.983 -0.0178317 45 146 229
-8.10012 357.993 -0.0304511 45 146 229
-8.02736 357.96 0.0313508 45 146 229
-8.09293 357.984 -0.0184276 45 146 229
-8.08887 357.993 0.0214434 45 146 229
-8.113 357.998 -0.0349708 45 146 229
-8.06775 357.97 0.000208986 45 146 229
-8.06666 357.989 -0.0192723 45 146 229
-8.06691 357.956 0.0273704 45 146 229
-8.0468 357.964 0.0146475 45 146 229
-8.05178 357.963 0.0146747 45 146 229
-8.07344 357.974 -0.00555238 45 146 229
-8.09275 357.987 -0.0247141 45 146 229
-8.07409 357.975 -0.00796874 45 146 229
-8.06796 357.973 -0.00609588 45 146 229
-8.03943 357.957 0.0342499 45 146 229
-8.04913 357.963 0.0148855 45 146 229
-8.06713 357.988 -0.0175282 45 146 229
-8.0462 357.984 -0.0145463 45 146 229
-8.09344 357.989 -0.0264668 45 146 229
-8.06523 357.984 -0.00878563 45 146 229
-8.08177 357.994 -0.0228914 45 146 229
-8.09903 357.978 -0.012088 45 146 229
-8.06099 357.959 0.0244682 45 146 229
-8.09244 357.974 -0.00582342 45 146 229
-8.02787 357.965 0.0327336 45 146 229
-8.05863 357.953 0.0389109 45 146 229
-8.05045 357.968 0.00526311 45 146 229
-8.09355 357.994 -0.0351989 45 146 229
-8.04439 357.977 -0.0104621 45 146 229
-8.07535 357.979 -0.0172076 45 146 229
-8.08193 357.986 0.018971 45 146 229
-8.07814 357.996 -0.0433854 45 146 229
-8.11934 358.006 -0.0428256 45 146 229
-8.06538 357.967 0.00770616 45 146 229
-8.09584 357.979 -0.0125906 45 146 229
-8.04781 357.974 -0.00954817 45 146 229
-8.07891 357.967 0.0053017 45 146 229
-8.08939 357.989 -0.0289214 45 146 229
-8.10373 358.001 -0.0423415 45 146 229
-8.08177 357.968 0.00488021 45 146 229
-8.07231 357.984 -0.00795406 45 146 229
-8.0423 357.958 0.0333466 45 146 229
-8.08417 357.988 0.0244604 45 146 229
-8.08447 357.98 -0.0152453 45 146 229
-8.11149 358.005 -0.0446785 45 146 229
-8.04309 357.968 0.00545702 45 146 229
-8.04516 357.976 -0.0119893 45 146 229
-8.05468 357.96 0.0234255 45 146 229
-8.09507 357.996 -0.0368636 45 146 229
-8.06237 357.965 0.0131687 45 146 229
-8.09287 358.008 -0.0409784 45 146 229
-8.06899 357.971 -0.00282819 45 146 229
-8.07876 357.992 -0.0204503 45 146 229
-8.06842 358.006 -0.0534933 45 146 229
-8.08921 357.987 -0.0249373 45 146 229
-8.05996 357.96 0.0223957 45 146 229
-8.04487 357.958 0.032183 45 146 229
-8.06974 357.968 0.00543015 45 146 229
-8.07392 357.988 -0.0318755 45 146 229
-8.07667 357.986 -0.0114316 45 146 229
-8.08851 357.984 -0.0195229 45 146 229
-8.06919 357.974 -0.00721427 45 146 229
-8.08957 357.988 -0.0277028 45 146 229
-8.05591 357.978 -0.0165296 45 146 229
-8.11221 358.008 -0.046186 45 146 229
-8.0714 357.986 -0.0296514 45 146 229
-8.06757 357.968 0.00472876 45 146 229
-8.05588 357.953 0.0399224 45 146 229
-8.06755 357.973 -0.00614297 45 146 229
-8.05178 357.962 0.0175674 45 146 229
-8.04572 357.979 -0.0104754 45 146 229
-8.04545 357.975 -0.00207798 45 146 229
-8.06505 357.967 0.00967269 45 146 229
-8.06265 358.001 -0.031764 45 146 229
-8.0804 357.995 -0.0404673 45 146 229
-8.04765 357.98 -0.0168025 45 146 229
-8.09035 357.989 -0.0281515 45 146 229
-8.04989 357.953 0.0461911 45 146 229
-8.09343 357.974 -0.00605631 45 146 229
-8.06443 357.964 0.0137707 45 146 229
-8.09201 357.981 -0.0143062 45 146 229
-8.07949 357.997 -0.0282403 45 146 229
-8.09208 357.988 -0.0266057 45 146 229
-8.02673 357.963 0.0224932 45 146 229
-8.09423 357.993 -0.0330487 45 146 229
-8.07168 357.972 -0.000103349 45 146 229
-8.08052 357.994 -0.0404116 45 146 229
-8.05628 357.973 -0.00727903 45 146 229
-8.06927 357.984 -0.0258971 45 146 229
-8.09155 357.994 -0.0191168 45 146 229
-8.05549 357.959 0.0264891 45 146 229
-8.05808 357.99 -0.0310558 45 146 229
-8.08111 357.978 -0.0125733 45 146 229
-8.03065 357.963 0.0392106 45 146 229
-8.08151 357.99 -0.0324677 45 146 229
-8.09907 357.994 -0.0325722 45 146 229
-8.07469 357.998 -0.0312655 45 146 229
-8.05868 357.956 0.0312157 45 146 229
-8.11612 357.997 -0.0339669 45 146 229
-8.05991 357.987 -0.0169215 45 146 229
-8.05308 357.989 -0.0293343 45 146 229
-8.08881 358.004 -0.0374281 45 146 229
-8.05382 357.974 0.00896503 45 146 229
-8.04341 357.954 0.0416501 45 146 229
-8.10483 357.984 -0.0189149 45 146 229
-8.08753 357.994 -0.0209368 45 146 229
-8.06923 358.001 -0.0523614 45 146 229
-8.05918 357.975 0.00796156 45 146 229
-8.07045 357.967 0.00742681 45 146 229
-8.07635 357.989 -0.0160072 45 146 229
-8.06439 357.978 0.0026782 45 146 229
-8.04206 357.971 0.00455086 45 146 229
-8.09434 357.991 -0.0302321 45 146 229
-8.05464 357.975 -0.012638 45 146 229
-8.07692 357.989 -0.0324012 45 146 229
-8.06611 357.97 0.00135225 45 146 229
-8.03837 357.966 0.0294719 45 146 229
-8.04874 357.97 0.00187333 45 146 229
-8.05435 357.978 0.000655597 45 146 229
-8.07855 357.992 -0.0367649 45 146 229
-8.09322 357.997 0.0199928 45 146 229
-8.04788 357.987 -0.0204829 45 146 229
-8.07707 357.991 -0.0365576 45 146 229
-8.07983 357.978 -0.013431 45 146 229
-8.09593 357.985 -0.0196391 45 146 229
-8.06726 358.004 -0.0407492 45 146 229
-8.10455 357.994 -0.0310516 45 146 229
-8.07596 357.966 0.00730628 45 146 229
-8.09295 357.991 -0.0306279 45 146 229
-8.04588 357.974 -0.0110614 45 146 229
-8.07785 357.991 -0.019051 45 146 229
-8.0853 357.976 -0.00774584 45 146 229
-8.0671 357.999 -0.0466788 45 146 229
-8.06288 357.992 -0.024239 45 146 229
-8.05441 357.964 0.0144603 45 146 229
-8.05592 357.953 0.0409118 45 146 229
-8.07011 357.975 -0.0102827 45 146 229
-8.05956 357.982 -0.00613274 45 146 229
-8.03182 357.957 0.0363524 45 146 229
-8.0648 357.965 0.0113807 45 146 229
-8.08966 357.983 -0.0177555 45 146 229
-8.04331 357.959 0.030055 45 146 229
-8.05213 357.972 -0.00569773 45 146 229
-8.09174 357.995 -0.0375111 45 146 229
-8.04631 357.984 -0.0221807 45 146 229
-8.05564 357.958 0.0294361 45 146 229
-8.08317 357.979 -0.0131868 45 146 229
-8.06297 357.965 0.011383 45 146 229
-8.06014 357.954 0.0345098 45 146 229
-8.10139 357.996 -0.0365307 45 146 229
-8.0635 357.986 -0.0298697 45 146 229
-8.06696 357.958 0.0225614 45 146 229
-8.0832 357.976 -0.00697246 45 146 229
-8.07125 357.961 0.0169269 45 146 229
-8.07952 357.994 -0.040293 45 146 229
-8.07514 358.008 -0.0460074 45 146 229
-8.05133 357.958 0.0291723 45 146 229
-8.0581 357.96 0.0244495 45 146 229
-8.07998 358.007 -0.0530985 45 146 229
-8.02737 357.959 0.0324714 45 146 229
-8.06823 357.969 0.00270432 45 146 229
-8.08372 357.976 -0.0074916 45 146 229
-8.06496 357.956 0.0287844 45 146 229
-8.0973 357.998 0.0073024 45 146 229
-8.10432 357.984 -0.0201887 45 146 229
-8.06058 357.973 -0.00742867 45 146 229
-8.0447 357.961 0.0224371 45 146 229
-8.08679 358.005 -0.0527427 45 146 229
-8.06143 357.982 -0.00654392 45 146 229
-8.05509 357.989 -0.0201475 45 146 229
-8.08382 357.999 -0.0308392 45 146 229
-8.06296 357.984 -0.0261519 45 146 229
-8.09712 357.989 -0.0251367 45 146 229
-8.10064 357.982 -0.0160651 45 146 229
-8.11754 357.995 -0.031993 45 146 229
-8.08626 357.99 -0.0316666 45 146 229
-8.0759 357.98 -0.0187739 45 146 229
-8.05266 357.96 0.0245065 45 146 229
-8.04952 357.957 0.0345991 45 146 229
-8.05183 357.959 0.0273803 45 146 229
-8.04366 357.976 -0.00685229 45 146 229
-8.04641 357.956 0.0359127 45 146 229
-8.06999 357.98 -0.0200881 45 146 229
-8.07731 357.978 -0.0134994 45 146 229
-8.04745 357.963 0.0174095 45 146 229
-8.10238 358.0 -0.0429405 45 146 229
-8.06182 357.96 0.0223984 45 146 229
-8.09865 358.004 -0.0472595 45 146 229
-8.03428 357.961 0.0241173 45 146 229
-8.08059 357.98 -0.0154115 45 146 229
-8.06661 357.962 0.0173779 45 146 229
-8.05889 357.973 -0.00799343 45 146 229
-8.05641 357.973 0.0139241 45 146 229
-8.07494 357.993 -0.0389326 45 146 229
-8.10521 357.986 -0.0227944 45 146 229
-8.06323 357.96 0.0220644 45 146 229
-8.06668 357.98 -0.0199502 45 146 229
-8.02723 357.966 0.0155321 45 146 229
-8.06751 357.963 0.0145633 45 146 229
-8.05529 357.962 0.019775 45 146 229
-8.08105 357.994 -0.0237223 45 146 229
-8.06713 357.998 -0.0436706 45 146 229
-8.09568 357.99 -0.0278283 45 146 229
-8.06292 357.963 0.0157328 45 146 229
-8.04821 357.963 0.0188367 45 146 229
-8.08284 357.989 -0.013301 45 146 229
-8.06887 357.954 0.0297233 45 146 229
-8.08825 357.986 -0.0249707 45 146 229
-8.08809 358.006 -0.053309 45 146 229
-8.08169 357.988 -0.0122218 45 146 229
-8.06586 357.995 -0.0371994 45 146 229
-8.07581 357.978 -0.0143035 45 146 229
-8.06793 358.007 -0.0405483 45 146 229
-8.04657 357.97 0.00616021 45 146 229
-8.05524 357.974 0.0104831 45 146 229
-8.11719 357.994 -0.0292179 45 146 229
-8.10833 358.0 -0.0398747 45 146 229
-8.1058 358.007 0.00547077 45 146 229
-8.08247 357.993 -0.0207785 45 146 229
-8.08281 357.976 -0.00717586 45 146 229
-8.03814 357.966 0.0303757 45 146 229
-8.04848 357.955 0.0398348 45 146 229
-8.09547 357.988 -0.0245745 45 146 229
-8.03834 357.969 0.0233521 45 146 229
-8.09444 357.997 0.0157651 45 146 229
-8.03489 357.959 0.0276877 45 146 229
-8.09332 357.973 -0.00474658 45 146 229
-8.06159 357.954 0.0350612 45 146 229
-8.0547 357.971 -0.00433497 45 146 229
-8.08572 357.98 -0.0144309 45 146 229
-8.08429 357.987 -0.0280868 45 146 229
-8.08773 357.987 -0.025402 45 146 229
-8.03343 357.969 0.0134221 45 146 229
-8.08737 357.996 -0.0245556 45 146 229
-8.06364 357.994 -0.036501 45 146 229
-8.06576 357.962 0.0181937 45 146 229
-8.07585 357.996 -0.0269681 45 146 229
-8.0732 357.964 0.0109742 45 146 229
-8.0808 357.975 -0.00667674 45 146 229
-8.05359 357.975 0.00888434 45 146 229
-8.05089 357.985 -0.0129916 45 146 229
-8.10384 358.009 -0.0392007 45 146 229
-8.07194 358.001 -0.0360519 45 146 229
-8.04367 357.959 0.0352156 45 146 229
-8.09099 358.0 -0.0442427 45 146 229
-8.11564 358.0 -0.0378383 45 146 229
-8.05776 357.952 0.0412988 45 146 229
-8.07995 357.999 -0.0323813 45 146 229
-8.04486 357.974 -0.00818888 45 146 229
-8.11032 357.993 -0.0290306 45 146 229
-8.09484 357.998 -0.0258995 45 146 229
-8.07532 357.987 -0.0128018 45 146 229
-8.05243 357.974 -0.010111 45 146 229
-8.10582 358.006 -0.0471042 45 146 229
-8.03588 357.963 0.0392064 45 146 229
-8.03253 357.963 0.0199901 45 146 229
-8.06436 357.957 0.0259216 45 146 229
-8.06462 357.958 0.0253215 45 146 229
-8.09084 357.994 -0.0361125 45 146 229
-8.09803 358.0 0.01135 45 146 229
-8.06744 358.008 -0.0397493 45 146 229
-8.05151 357.959 0.0263499 45 146 229
-8.07107 357.988 -0.032488 45 146 229
-8.04745 357.966 0.00964592 45 146 229
-8.04384 357.978 -0.0106865 45 146 229
-8.06209 357.973 -0.00841153 45 146 229
-8.04702 357.955 0.0397317 45 146 229
-8.06969 357.984 -0.0263572 45 146 229
-8.07391 357.968 0.00525647 45 146 229
-8.06122 357.954 0.0312249 45 146 229
-8.11972 358.001 -0.0407774 45 146 229
-8.08512 357.983 -0.0192922 45 146 229
-8.07691 357.994 -0.0246553 45 146 229
-8.05398 357.967 0.00560184 45 146 229
-8.06104 357.979 -0.0186775 45 146 229
-8.04086 357.969 0.00524377 45 146 229
-8.08589 357.979 -0.0127111 45 146 229
-8.04196 357.964 0.00934827 45 146 229
-8.07727 358.001 -0.035485 45 146 229
-8.10011 358.002 -0.0445514 45 146 229
-8.06112 357.96 0.022995 45 146 229
-8.07139 357.985 -0.0113457 45 146 229
-8.0411 357.963 0.0164473 45 146 229
-8.07598 357.958 0.021014 45 146 229
-8.07644 357.985 -0.0262697 45 146 229
-8.04784 357.976 -0.0154895 45 146 229
-8.03928 357.959 0.0299128 45 146 229
-8.06296 357.984 -0.0272021 45 146 229
-8.04431 357.975 -0.00124399 45 146 229
-8.11015 357.997 -0.0352848 45 146 229
-8.0496 357.956 0.036778 45 146 229
-8.06996 357.973 -0.00659445 45 146 229
-8.0606 357.983 -0.0255133 45 146 229
-8.03472 357.965 0.031861 45 146 229
-8.09491 358.001 -0.0300548 45 146 229
-8.10446 357.997 -0.0352559 45 146 229
-8.07125 357.987 -0.0134167 45 146 229
-8.06176 357.957 0.0277889 45 146 229
-8.066 357.957 0.0250744 45 146 229
-8.07654 357.996 -0.0437467 45 146 229
-8.0554 357.99 -0.020918 45 146 229
-8.04983 357.972 0.0142308 45 146 229
-8.05111 357.975 0.00774225 45 146 229
-8.06726 357.999 -0.0416586 45 146 229
-8.0906 357.99 -0.0311271 45 146 229
-8.07229 357.988 -0.0320792 45 146 229
-8.08111 357.994 -0.0387198 45 146 229
-8.05823 357.976 -0.0136007 45 146 229
-8.08822 358.0 -0.0450814 45 146 229
-8.05773 357.979 -0.0190716 45 146 229
-8.06945 357.992 -0.0229384 45 146 229
-8.10856 358.007 -0.0480709 45 146 229
-8.05397 357.966 0.00776042 45 146 229
-8.05561 357.972 -0.00498626 45 146 229
-8.03868 357.957 0.0351493 45 146 229
-8.1051 357.999 -0.0395932 45 146 229
-8.10192 358.001 0.00126161 45 146 229
-8.08355 357.978 -0.0113344 45 146 229
-8.06054 357.97 -0.000812179 45 146 229
-8.05841 357.972 -0.00663752 45 146 229
-8.06614 357.978 -0.0172222 45 146 229
-8.0452 357.969 0.00314863 45 146 229
-8.06549 357.959 0.0228714 45 146 229
-8.06799 357.974 -0.0095475 45 146 229
-8.08141 357.99 -0.0337002 45 146 229
-8.06668 357.973 -0.00721487 45 146 229
-8.08951 357.984 -0.0201995 45 146 229
-8.03549 357.963 0.00988955 45 146 229
-8.08538 357.984 -0.0217666 45 146 229
-8.05678 357.958 0.0275271 45 146 229
-8.06027 357.961 0.021929 45 146 229
-8.09139 358.002 -0.0331871 45 146 229
-8.10809 357.994 -0.0309088 45 146 229
-8.07861 357.976 -0.00914398 45 146 229
-8.04455 357.972 0.015879 45 146 229
-8.03287 357.959 0.0313108 45 146 229
-8.07343 357.96 0.0152136 45 146 229
-8.06725 357.968 0.00525518 45 146 229
-8.08463 357.996 -0.0402826 45 146 229
-8.0587 357.965 0.0128452 45 146 229
-8.07424 358.002 -0.0368495 45 146 229
-8.06923 357.972 -0.00426029 45 146 229
-8.05314 357.985 -0.0122473 45 146 229
-8.06108 357.983 -0.00949014 45 146 229
-8.12028 358.004 -0.0412717 45 146 229
-8.1044 358.001 -0.0432412 45 146 229
-8.0743 357.975 -0.00766333 45 146 229
-8.0735 357.971 -0.000138382 45 146 229
-8.09077 357.995 0.0177168 45 146 229
-8.04821 357.965 0.0117817 45 146 229
-8.0935 357.982 -0.0155693 45 146 229
-8.04326 357.974 0.00607296 45 146 229
-8.05888 357.969 0.00127068 45 146 229
-8.07563 357.973 -0.00319963 45 146 229
-8.07829 357.991 -0.0363814 45 146 229
-8.09252 357.994 -0.0367245 45 146 229
-8.06655 357.975 -0.0109926 45 146 229
-8.05415 357.958 0.0297083 45 146 229
-8.09578 358.002 -0.0456317 45 146 229
-8.09482 357.989 -0.0263937 45 146 229
-8.09566 358.006 -0.0375099 45 146 229
-8.07918 357.993 -0.0219659 45 146 229
-8.08198 358.0 -0.047589 45 146 229
-8.0794 358.0 -0.0333646 45 146 229
-8.05642 357.965 0.009691 45 146 229
-8.06702 357.985 -0.0271614 45 146 229
-8.08436 358.002 -0.0350125 45 146 229
-8.11419 357.995 -0.0322372 45 146 229
-8.08256 357.986 0.0177063 45 146 229
-8.0973 357.984 -0.0183197 45 146 229
-8.06642 357.986 -0.0292919 45 146 229
-8.07985 357.985 0.0225964 45 146 229
-8.05954 357.978 0.00194171 45 146 229
-8.0661 357.983 -0.024675 45 146 229
-8.03382 357.956 0.0378585 45 146 229
-8.05961 357.989 -0.0199259 45 146 229
-8.08584 357.99 0.0229243 45 146 229
-8.07113 358.007 -0.0534042 45 146 229
-8.09138 358.006 -0.0394398 45 146 229
-8.08658 357.977 -0.00718487 45 146 229
-8.08784 357.998 -0.0284206 45 146 229
-8.07116 357.957 0.0228239 45 146 229
-8.06099 357.969 0.000847269 45 146 229
-8.06021 357.969 0.00187018 45 146 229
-8.05577 357.979 -0.0189029 45 146 229
-8.11421 357.995 -0.0325964 45 146 229
-8.05915 357.955 0.0333785 45 146 229
-8.09425 357.991 -0.0299116 45 146 229
-8.10404 358.005 0.00648527 45 146 229
-8.10188 357.998 -0.038125 45 146 229
-8.06825 357.96 0.0204874 45 146 229
-8.06831 357.959 0.0215368 45 146 229
-8.10631 357.999 -0.0384537 45 146 229
-8.06735 357.961 0.0195287 45 146 229
-8.09384 357.996 0.0123416 45 146 229
-8.08008 357.998 -0.0460718 45 146 229
-8.04194 357.958 0.0321362 45 146 229
-8.05928 357.979 -0.00109318 45 146 229
-8.08321 358.001 -0.0484009 45 146 229
-8.09096 357.983 -0.0183657 45 146 229
-8.07489 357.957 0.0228749 45 146 229
-8.06073 357.974 -0.00940498 45 146 229
-8.07381 357.991 -0.0357027 45 146 229
-8.07333 357.969 0.00388995 45 146 229
-8.05036 357.953 0.0425034 45 146 229
-8.06211 357.985 -0.0118071 45 146 229
-8.08786 357.991 0.0170614 45 146 229
-8.06734 358.0 -0.0425073 45 146 229
-8.04897 357.968 0.00128861 45 146 229
-8.06888 357.983 -0.00561669 45 146 229
-8.06594 357.978 -0.0164053 45 146 229
-8.06423 357.977 0.00475652 45 146 229
-8.0693 357.985 -0.0103402 45 146 229
-8.07378 358.007 -0.0444678 45 146 229
-8.08473 357.969 0.00337401 45 146 229
-8.07687 357.999 -0.0325811 45 146 229
-8.09275 357.993 -0.0345067 45 146 229
-8.11252 357.992 -0.0280493 45 146 229
-8.06733 357.966 0.00943728 45 146 229
-8.04364 357.962 0.0199808 45 146 229
-8.0914 357.979 -0.0119967 45 146 229
-8.09994 357.997 -0.0366812 45 146 229
-8.08284 357.989 -0.0140373 45 146 229
-8.06754 357.974 -0.00759372 45 146 229
-8.09609 357.973 -0.00495636 45 146 229
-8.06141 357.952 0.0394523 45 146 229
-8.10164 357.98 -0.0145081 45 146 229
-8.04835 357.961 0.0212259 45 146 229
-8.07199 357.984 -0.0253065 45 146 229
-8.10058 357.999 -0.0400327 45 146 229
-8.0698 357.974 -0.00859544 45 146 229
-8.09165 357.993 -0.0342485 45 146 229
-8.10394 358.009 -0.0392886 45 146 229
-8.05942 357.98 -0.00332472 45 146 229
-8.11088 358.011 -0.00191277 45 146 229
-8.09835 358.009 -0.0409945 45 146 229
-8.05269 357.972 0.0155389 45 146 229
-8.08016 357.997 -0.0285243 45 146 229
-8.0697 357.967 0.00816657 45 146 229
-8.04645 357.962 0.0185533 45 146 229
-8.09383 357.986 -0.0216915 45 146 229
-8.02719 357.963 0.0204523 45 146 229
-8.05595 357.953 0.0391982 45 146 229
-8.06641 357.96 0.021152 45 146 229
-8.04599 357.956 0.0374967 45 146 229
-8.0718 357.958 0.0209465 45 146 229
-8.0661 357.97 0.00119947 45 146 229
-8.10271 357.994 -0.0312291 45 146 229
-8.04163 357.967 0.0285146 45 146 229
-8.07906 357.974 -0.00408769 45 146 229
-8.07847 357.99 -0.0170764 45 146 229
-8.03852 357.957 0.0339484 45 146 229
-8.04573 357.977 0.000627993 45 146 229
-8.06675 357.968 0.00447979 45 146 229
-8.08739 358.006 -0.0411686 45 146 229
-8.06736 358.005 -0.0400239 45 146 229
-8.06136 357.978 -0.0171607 45 146 229
-8.08119 357.991 -0.0185661 45 146 229
-8.09056 357.995 0.0210607 45 146 229
-8.07917 357.969 0.00365441 45 146 229
-8.0819 357.994 -0.0392801 45 146 229
-8.06459 357.983 -0.0249731 45 146 229
-8.07193 357.969 0.00290207 45 146 229
-8.08133 357.98 -0.0158703 45 146 229
-8.08408 357.997 -0.027169 45 146 229
-8.08697 358.008 -0.0434867 45 146 229
-8.09449 357.997 0.0163046 45 146 229
-8.11487 358.0 -0.0374225 45 146 229
-8.08087 358.008 -0.0457102 45 146 229
-8.05226 357.954 0.038825 45 146 229
-8.03606 357.97 0.021623 45 146 229
-8.08209 357.994 -0.0224336 45 146 229
-8.08833 357.99 -0.0310131 45 146 229
-8.112 357.993 -0.0284837 45 146 229
-8.04949 357.953 0.04123 45 146 229
-8.08034 357.972 -0.00129425 45 146 229
-8.04917 357.962 0.0190815 45 146 229
-8.07606 357.988 -0.0307528 45 146 229
-8.05537 357.964 0.0142278 45 146 229
-8.04229 357.969 0.00452177 45 146 229
-8.05216 357.977 0.0034845 45 146 229
-8.08491 357.984 -0.0228653 45 146 229
-8.0376 357.966 0.00889256 45 146 229
-8.05508 357.958 0.0287698 45 146 229
-8.09591 357.988 -0.0238786 45 146 229
-8.10513 357.992 -0.0284087 45 146 229
-8.09397 358.0 -0.04356 45 146 229
-8.06357 357.992 -0.0365802 45 146 229
-8.05736 357.958 0.0270646 45 146 229
-8.07209 357.992 -0.0387525 45 146 229
-8.07925 357.988 -0.0128148 45 146 229
-8.04235 357.958 0.0304618 45 146 229
-8.0508 357.953 0.0433924 45 146 229
-8.09048 357.984 -0.0198329 45 146 229
-8.10327 357.983 -0.0181794 45 146 229
-8.07027 357.999 -0.0336479 45 146 229
-8.04444 357.964 0.0156607 45 146 229
-8.10125 358.001 0.00201159 45 146 229
-8.08314 357.98 -0.0148143 45 146 229
-8.09881 357.981 -0.0157306 45 146 229
-8.05723 357.976 -0.0135916 45 146 229
-8.0844 357.979 -0.0113703 45 146 229
-8.0543 357.967 0.00700401 45 146 229
-8.08529 357.989 -0.0298784 45 146 229
-8.03785 357.96 0.0248292 45 146 229
-8.06602 357.956 0.0274385 45 146 229
-8.10574 357.995 -0.0317546 45 146 229
-8.10337 357.989 -0.02502 45 146 229
-8.05206 357.973 -0.00837114 45 146 229
-8.04903 357.962 0.0189892 45 146 229
-8.04295 357.97 0.0194882 45 146 229
-8.05955 357.975 -0.0133459 45 146 229
-8.05974 357.952 0.0401179 45 146 229
-8.06569 357.973 -0.00580934 45 146 229
-8.09213 358.0 -0.0443097 45 146 229
-8.07689 357.971 0.000956805 45 146 229
-8.0548 357.969 0.00175253 45 146 229
-8.08097 357.985 -0.0247009 45 146 229
-8.07607 357.992 -0.0384288 45 146 229
-8.06104 357.953 0.0366948 45 146 229
-8.063 357.979 -0.000209429 45 146 229
-8.06455 357.965 0.0118163 45 146 229
-8.06055 357.98 -0.0025662 45 146 229
-8.07467 357.991 -0.0197819 45 146 229
-8.05385 357.957 0.0310645 45 146 229
-8.0772 357.983 -0.0226127 45 146 229
-8.10004 357.984 -0.01895 45 146 229
-8.08985 357.984 -0.01932 45 146 229
-8.04475 357.972 0.0153769 45 146 229
-8.04841 357.959 0.0288742 45 146 229
-8.07087 357.969 0.00331213 45 146 229
-8.06539 357.974 -0.00838655 45 146 229
-8.10086 357.984 -0.018663 45 146 229
-8.08485 357.984 -0.0224341 45 146 229
-8.09211 357.989 -0.0274093 45 146 229
-8.06917 357.996 -0.0294275 45 146 229
-8.10977 358.003 -0.0434365 45 146 229
-8.10083 357.992 -0.0300794 45 146 229
-8.09278 358.009 -0.0440509 45 146 229
-8.1075 358.003 -0.044177 45 146 229
-8.075 357.972 -0.00169661 45 146 229
-8.06223 357.96 0.0226723 45 146 229
-8.03659 357.966 0.0310633 45 146 229
-8.08532 358.002 -0.0356585 45 146 229
-8.05969 357.989 -0.0197826 45 146 229
-8.06809 357.979 0.000759253 45 146 229
-8.08025 357.962 0.0116195 45 146 229
-8.06572 357.984 -0.00952468 45 146 229
-8.10575 357.993 -0.029617 45 146 229
-8.08701 357.997 -0.0419647 45 146 229
-8.08224 357.978 -0.0117604 45 146 229
-8.09153 357.987 -0.0251871 45 146 229
-8.10061 357.993 -0.0311161 45 146 229
-8.07449 357.991 -0.0372088 45 146 229
-8.05189 357.976 0.00572409 45 146 229
-8.11213 358.003 -0.0417752 45 146 229
-8.06727 357.995 -0.0284017 45 146 229
-8.05623 357.973 -0.00840016 45 146 229
-8.07648 358.003 -0.038615 45 146 229
-8.09598 357.989 -0.0263162 45 146 229
-8.04706 357.972 -0.00234123 45 146 229
-8.08706 357.981 -0.0147383 45 146 229
-8.03033 357.97 0.0217011 45 146 229
-8.08119 357.973 -0.00229306 45 146 229
-8.08729 357.988 -0.0277802 45 146 229
-8.06452 357.979 -0.0186031 45 146 229
-8.08741 358.007 -0.042486 45 146 229
-8.09838 357.978 -0.0108452 45 146 229
-8.0506 357.954 0.0412151 45 146 229
-8.07314 357.978 -0.0164252 45 146 229
-8.03726 357.972 0.0103558 45 146 229
-8.09125 357.983 -0.0175821 45 146 229
-8.08496 358.001 -0.0483873 45 146 229
-8.0747 357.976 -0.0115968 45 146 229
-8.07782 357.989 -0.0151805 45 146 229
-8.05203 357.954 0.0392693 45 146 229
-8.0894 357.985 -0.0221953 45 146 229
-8.06809 357.982 -0.00577642 45 146 229
-8.06691 357.982 -0.0232013 45 146 229
-8.04067 357.956 0.0368831 45 146 229
-8.10032 358.001 0.00778859 45 146 229
-8.07185 357.964 0.0118348 45 146 229
-8.05725 357.982 -0.00814744 45 146 229
-8.11025 357.999 -0.0373887 45 146 229
-8.05941 357.977 -0.0161192 45 146 229
-8.06781 357.982 -0.0236057 45 146 229
-8.07976 357.989 -0.0152976 45 146 229
-8.10711 358.006 -0.00197345 45 146 229
-8.06961 357.979 -0.0182444 45 146 229
-8.04854 357.969 0.00484346 45 146 229
-8.07751 357.965 0.00963849 45 146 229
-8.04444 357.959 0.0303105 45 146 229
-8.08535 357.979 -0.012457 45 146 229
-8.05794 357.961 0.0225427 45 146 229
-8.08481 357.985 -0.024095 45 146 229
-8.04795 357.959 0.0274985 45 146 229
-8.10273 358.003 -0.0446121 45 146 229
-8.04924 357.965 0.0106135 45 146 229
-8.10051 357.998 -0.0392331 45 146 229
-8.10603 357.994 -0.0313777 45 146 229
-8.06185 357.963 0.0525156 45 146 229
-8.07617 357.974 -0.00559567 45 146 229
-8.03345 357.958 0.0321716 45 146 229
-8.09201 358.009 -0.0433781 45 146 229
-8.04999 357.983 -0.00807127 45 146 229
-8.09131 357.984 -0.0190993 45 146 229
-8.05705 357.954 0.0373232 45 146 229
-8.04534 357.969 0.023762 45 146 229
-8.05652 357.971 -0.00359219 45 146 229
-8.06059 357.98 -0.00258679 45 146 229
-8.07759 357.986 -0.0275079 45 146 229
-8.09789 357.994 -0.0337452 45 146 229
-8.04424 357.975 -0.00072578 45 146 229
-8.05717 357.99 -0.0211621 45 146 229
-8.04093 357.961 0.0211117 45 146 229
-8.06192 357.995 -0.0285689 45 146 229
-8.08338 357.993 -0.0216635 45 146 229
-8.0542 357.969 0.00199504 45 146 229
-8.04952 357.969 0.000807369 45 146 229
-8.10273 358.003 0.0034495 45 146 229
-8.05252 357.981 -0.00455567 45 146 229
-8.08186 357.999 -0.0464415 45 146 229
-8.04313 357.97 0.0199951 45 146 229
-8.06484 357.991 -0.0224261 45 146 229
-8.03518 357.965 0.013027 45 146 229
-8.08871 358.01 -0.0457986 45 146 229
-8.06684 357.995 -0.0434861 45 146 229
-8.04915 357.972 -0.0061936 45 146 229
-8.08963 357.975 -0.0064024 45 146 229
-8.07328 358.008 -0.0473971 45 146 229
-8.06953 357.97 0.00268712 45 146 229
-8.05159 357.968 0.00298584 45 146 229
-8.09312 357.991 -0.0312431 45 146 229
-8.04909 357.971 -0.00314803 45 146 229
-8.04813 357.986 -0.0201901 45 146 229
-8.04224 357.96 0.0253776 45 146 229
-8.05759 357.984 -0.0104889 45 146 229
-8.10453 357.993 -0.0299675 45 146 229
-8.07398 357.99 -0.0342721 45 146 229
-8.09409 358.003 -0.0345986 45 146 229
-8.0449 357.975 -0.00905406 45 146 229
-8.03904 357.96 0.0250758 45 146 229
-8.10907 358.002 -0.0418425 45 146 229
-8.05411 357.964 0.012372 45 146 229
-8.08998 357.993 0.0172369 45 146 229
-8.04699 357.958 0.0294667 45 146 229
-8.07432 357.996 -0.0434351 45 146 229
-8.10422 357.983 -0.0192879 45 146 229
-8.10053 358.007 -0.0374067 45 146 229
-8.05863 357.979 -0.0181609 45 146 229
-8.06401 357.986 -0.0300712 45 146 229
-8.07023 357.982 -0.0219237 45 146 229
-8.05665 357.979 -0.0195835 45 146 229
-8.07643 357.987 -0.0130511 45 146 229
-8.09747 357.991 -0.0294595 45 146 229
-8.09285 357.989 -0.0266326 45 146 229
-8.08896 357.991 -0.0325008 45 146 229
-8.09684 357.998 -0.0400707 45 146 229
-8.09074 358.007 -0.0408771 45 146 229
-8.04119 357.96 0.0248528 45 146 229
-8.06227 357.956 0.0291844 45 146 229
-8.0759 357.964 0.0110123 45 146 229
-8.07725 357.96 0.00932945 45 146 229
-8.07635 357.974 -0.0045068 45 146 229
-8.06037 357.989 -0.0197336 45 146 229
-8.06054 357.993 -0.0264662 45 146 229
-8.09332 358.0 -0.0292802 45 146 229
-8.08476 358.0 -0.0469757 45 146 229
-8.08123 357.976 -0.00719912 45 146 229
-8.06491 357.98 -0.000329501 45 146 229
-8.06759 357.965 0.0125789 45 146 229
-8.04853 357.989 -0.0240197 45 146 229
-8.04314 357.956 0.0399773 45 146 229
-8.09455 357.986 -0.0210685 45 146 229
-8.06117 357.981 -0.00425295 45 146 229
-8.08491 357.981 -0.0166834 45 146 229
-8.04374 357.956 0.0385885 45 146 229
-8.10786 358.008 -0.0479104 45 146 229
-8.07687 357.971 0.00111686 45 146 229
-8.11071 358.001 -0.0402566 45 146 229
-8.0836 357.995 -0.0256322 45 146 229
-8.09433 357.982 -0.015649 45 146 229
-8.04597 357.979 -0.0112023 45 146 229
-8.06217 357.964 0.0142631 45 146 229
-8.09096 357.985 -0.0206802 45 146 229
-8.03769 357.966 0.0118825 45 146 229
-8.09544 357.987 -0.0233535 45 146 229
-8.11453 357.998 -0.0350016 45 146 229
-8.07468 357.962 0.0146313 45 146 229
-8.05595 357.961 0.0202624 45 146 229
-8.0358 357.971 0.0113929 45 146 229
-8.10131 358.001 -0.0429209 45 146 229
-8.04925 357.975 -0.0112329 45 146 229
-8.05914 357.994 -0.0281413 45 146 229
-8.08644 357.998 -0.0429536 45 146 229
-8.04879 357.963 0.017098 45 146 229
-8.06057 357.975 0.00731407 45 146 229
-8.05772 357.954 0.0376174 45 146 229
-8.07056 357.959 0.0199187 45 146 229
-8.07895 357.988 -0.0300431 45 146 229
-8.07958 358.0 -0.0488763 45 146 229
-8.10956 357.996 -0.0331006 45 146 229
-8.10475 357.985 -0.0219058 45 146 229
-8.056 357.973 0.0131692 45 146 229
-8.10389 357.999 -0.039428 45 146 229
-8.1087 357.996 -0.0338693 45 146 229
-8.08987 357.986 -0.0226565 45 146 229
-8.07056 358.002 -0.0537342 45 146 229
-8.07863 357.999 -0.0469688 45 146 229
-8.07879 357.979 -0.0159031 45 146 229
-8.07924 357.975 -0.00630307 45 146 229
-8.05447 357.963 0.0171673 45 146 229
-8.05691 357.953 0.0385219 45 146 229
-8.08447 357.988 0.0201787 45 146 229
-8.05579 357.953 0.0442359 45 146 229
-8.02845 357.964 0.0172321 45 146 229
-8.06723 357.989 -0.0345368 45 146 229
-8.07111 357.965 0.0109976 45 146 229
-8.09171 357.98 -0.013188 45 146 229
-8.03594 357.958 0.032105 45 146 229
-8.04169 357.974 0.009708 45 146 229
-8.09016 357.995 0.0229746 45 146 229
-8.05645 357.953 0.0390671 45 146 229
-8.06961 357.964 0.0129911 45 146 229
-8.06521 357.983 -0.0249378 45 146 229
-8.07379 357.973 -0.00295143 45 146 229
-8.07708 357.975 -0.00737192 45 146 229
-8.03829 357.957 0.0357045 45 146 229
-8.06317 357.968 0.00473357 45 146 229
-8.0665 357.984 -0.0261723 45 146 229
-8.06006 357.974 -0.00907889 45 146 229
-8.07426 357.99 -0.0355585 45 146 229
-8.04791 357.966 0.00991727 45 146 229
-8.09735 357.982 -0.0158334 45 146 229
-8.05065 357.978 -0.000124519 45 146 229
-8.05287 357.982 -0.023407 45 146 229
-8.04342 357.96 0.0247532 45 146 229
-8.09685 357.995 -0.0352597 45 146 229
-8.09145 358.003 -0.0350094 45 146 229
-8.09354 357.992 -0.0328908 45 146 229
-8.07358 357.977 -0.0123415 45 146 229
-8.09611 357.973 -0.00365408 45 146 229
-8.05175 357.979 -0.0189848 45 146 229
-8.0683 358.002 -0.04569 45 146 229
-8.10187 358.006 -0.047599 45 146 229
-8.09978 357.999 -0.0399796 45 146 229
-8.04937 357.958 0.029686 45 146 229
-8.02794 357.966 0.0320811 45 146 229
-8.07162 357.986 -0.0279772 45 146 229
-8.08302 357.986 -0.0259488 45 146 229
-8.09006 358.004 -0.0358799 45 146 229
-8.04902 357.967 0.00578818 45 146 229
-8.04552 357.954 0.0478813 45 146 229
-8.05712 357.98 -0.00371648 45 146 229
-8.10164 357.983 -0.0170875 45 146 229
-8.06499 357.964 0.0145093 45 146 229
-8.06701 357.983 -0.0245966 45 146 229
-8.10474 357.984 -0.01986 45 146 229
-8.10218 357.993 -0.0295379 45 146 229
-8.05236 357.964 0.0132915 45 146 229
-8.0624 357.983 -0.0095426 45 146 229
-8.06459 357.956 0.0279302 45 146 229
-8.06306 357.996 -0.0351778 45 146 229
-8.08692 357.989 -0.0293878 45 146 229
-8.10594 357.991 -0.0265467 45 146 229
-8.11816 357.995 -0.0310957 45 146 229
-8.06723 357.97 0.00221321 45 146 229
-8.03322 357.964 0.0345444 45 146 229
-8.07167 357.965 0.0103948 45 146 229
-8.07509 357.977 -0.0119683 45 146 229
-8.07615 357.96 0.0167095 45 146 229
-8.10253 357.982 -0.0168485 45 146 229
-8.07708 357.972 -0.000739506 45 146 229
-8.07056 357.99 -0.0193441 45 146 229
-8.06341 357.959 0.0228702 45 146 229
-8.10562 357.998 -0.0372161 45 146 229
-8.06553 357.985 -0.0286392 45 146 229
-8.05035 357.984 -0.010685 45 146 229
-8.115 358.003 -0.0408789 45 146 229
-8.06847 357.988 -0.0173053 45 146 229
-8.1198 357.999 -0.0359185 45 146 229
-8.07951 357.994 -0.0401392 45 146 229
-8.05755 357.962 0.0189837 45 146 229
-8.06387 357.991 -0.0367888 45 146 229
-8.09177 357.99 -0.0304221 45 146 229
-8.06015 357.952 0.0393149 45 146 229
-8.09751 357.982 -0.0157801 45 146 229
-8.10107 358.003 0.00938104 45 146 229
-8.06945 357.985 -0.010467 45 146 229
-8.07047 357.985 -0.0271862 45 146 229
-8.08687 358.005 -0.03936 45 146 229
-8.09183 357.988 -0.0263259 45 146 229
-8.08918 357.996 -0.0240518 45 146 229
-8.04339 357.964 0.0158323 45 146 229
-8.05016 357.983 -0.00861244 45 146 229
-8.05946 357.988 -0.0188979 45 146 229
-8.09904 357.984 -0.018831 45 146 229
-8.09589 358.002 -0.0455024 45 146 229
-8.0934 357.992 -0.0324099 45 146 229
-8.10178 358.003 0.00779722 45 146 229
-8.0706 357.975 -0.0118691 45 146 229
-8.07509 357.983 -0.0232055 45 146 229
-8.05117 357.96 0.0243293 45 146 229
-8.0627 357.97 -0.000409929 45 146 229
-8.09329 357.997 0.0182465 45 146 229
-8.09236 357.995 -0.0379423 45 146 229
-8.08478 357.984 -0.0217287 45 146 229
-8.1003 357.992 -0.0292872 45 146 229
-8.04895 357.967 0.00669695 45 146 229
-8.05483 357.963 0.0150643 45 146 229
-8.08035 357.978 -0.0115432 45 146 229
-8.12201 358.008 -0.0432805 45 146 229
-8.06908 357.999 -0.0335286 45 146 229
-8.04671 357.959 0.0271836 45 146 229
-8.09244 357.977 -0.00899182 45 146 229
-8.03851 357.969 0.00851721 45 146 229
-8.07019 357.97 0.00130994 45 146 229
-8.05852 357.973 0.0135676 45 146 229
-8.07491 357.977 -0.0136503 45 146 229
-8.10288 357.988 -0.0243908 45 146 229
-8.08737 357.983 -0.0168489 45 146 229
-8.0292 357.963 0.0148524 45 146 229
-8.09022 358.0 -0.0301091 45 146 229
-8.03699 357.97 0.0213403 45 146 229
-8.04304 357.959 0.0295122 45 146 229
-8.08098 357.991 -0.0184082 45 146 229
-8.10517 357.998 -0.0372668 45 146 229
-8.06113 357.984 -0.0263449 45 146 229
-8.07501 357.983 -0.00512912 45 146 229
-8.09205 358.002 -0.0331587 45 146 229
-8.03731 357.965 0.0315602 45 146 229
-8.08767 357.991 0.0177114 45 146 229
-8.08265 357.976 -0.00611637 45 146 229
-8.07652 357.978 -0.0143436 45 146 229
-8.0881 357.991 -0.0324508 45 146 229
-8.05726 357.96 0.0246222 45 146 229
-8.04143 357.973 0.0112678 45 146 229
-8.04542 357.973 0.011248 45 146 229
-8.07387 357.979 -0.0178521 45 146 229
-8.09097 357.977 -0.00920288 45 146 229
-8.06559 357.97 0.00107294 45 146 229
-8.0639 357.963 0.0171268 45 146 229
-8.07575 358.009 -0.0492344 45 146 229
-8.05421 357.981 -0.00597817 45 146 229
-8.08553 357.993 -0.0213829 45 146 229
-8.08986 357.994 -0.0366778 45 146 229
-8.10279 357.986 -0.0216517 45 146 229
-8.07459 358.01 -0.0496257 45 146 229
-8.07237 357.995 -0.0265249 45 146 229
-8.07535 357.962 0.0131395 45 146 229
-8.10408 358.002 -0.0444073 45 146 229
-8.03407 357.963 0.037563 45 146 229
-8.07007 357.991 -0.0422057 45 146 229
-8.09391 357.998 0.0177204 45 146 229
-8.07913 357.983 -0.0227026 45 146 229
-8.08956 357.996 -0.0240644 45 146 229
-8.0547 357.988 -0.018911 45 146 229
-8.06484 357.965 0.0122871 45 146 229
-8.07555 357.973 -0.00256397 45 146 229
-8.09132 357.979 -0.0110405 45 146 229
-8.06655 357.974 -0.00910099 45 146 229
-8.06754 357.969 0.00342283 45 146 229
-8.09478 358.003 -0.0338231 45 146 229
-8.06498 357.968 0.00660563 45 146 229
-8.06168 357.973 -0.00843929 45 146 229
-8.06717 357.971 0.0552688 45 146 229
-8.04512 357.973 -0.0081101 45 146 229
-8.07923 357.984 -0.024159 45 146 229
-8.06435 357.982 -0.0236017 45 146 229
-8.08486 358.003 -0.0372135 45 146 229
-8.06484 357.978 -0.0172716 45 146 229
-8.05313 357.978 -0.0177289 45 146 229
-8.07919 357.993 -0.0213014 45 146 229
-8.04582 357.97 0.0192322 45 146 229
-8.11083 357.998 -0.0358542 45 146 229
-8.09578 358.004 -0.0478555 45 146 229
-8.05367 357.972 -0.00575159 45 146 229
-8.04822 357.966 0.0089925 45 146 229
-8.06199 357.994 -0.0333026 45 146 229
-8.06981 357.988 -0.0318733 45 146 229
-8.05177 357.958 0.0336922 45 146 229
-8.08761 358.007 -0.0419772 45 146 229
-8.08398 357.983 -0.0209426 45 146 229
-8.06151 357.962 0.0181558 45 146 229
-8.08529 357.994 -0.0226854 45 146 229
-8.10823 357.999 -0.0371293 45 146 229
-8.09391 357.993 -0.0340229 45 146 229
-8.04252 357.957 0.0347099 45 146 229
-8.09203 357.986 -0.0216476 45 146 229
-8.06788 357.972 -0.0028482 45 146 229
-8.05615 357.962 0.0185566 45 146 229
-8.07837 358.0 -0.0488514 45 146 229
-8.0621 357.977 0.0052324 45 146 229
-8.06938 358.002 -0.0524565 45 146 229
-8.11655 357.998 -0.0346658 45 146 229
-8.11396 358.006 -0.0439932 45 146 229
-8.06894 357.961 0.0180808 45 146 229
-8.04222 357.966 0.00723211 45 146 229
-8.09306 357.988 -0.02602 45 146 229
-8.06654 357.987 -0.0308794 45 146 229
-8.08008 357.989 -0.0319024 45 146 229
-8.07088 357.995 -0.0275825 45 146 229
-8.09224 357.973 -0.00432853 45 146 229
-8.0758 357.958 0.0204363 45 146 229
-8.06882 357.963 0.0139817 45 146 229
-8.08151 358.008 -0.0449958 45 146 229
-8.09392 358.001 -0.0448388 45 146 229
-8.0338 357.965 0.0341035 45 146 229
-8.11599 358.001 -0.0373232 45 146 229
-8.09252 357.989 -0.0275053 45 146 229
-8.08653 357.977 -0.00818065 45 146 229
-8.09718 357.99 -0.0274484 45 146 229
-8.11092 357.999 -0.0377163 45 146 229
-8.04421 357.972 -0.000492158 45 146 229
-8.09501 357.992 -0.0321046 45 146 229
-8.08 357.978 -0.0125114 45 146 229
-8.09272 357.995 -0.0366613 45 146 229
-8.05612 357.96 0.0230453 45 146 229
-8.05863 357.96 0.0243734 45 146 229
-8.03795 357.97 0.0194194 45 146 229
-8.06347 357.959 0.0231234 45 146 229
-8.0585 357.983 -0.00880714 45 146 229
-8.0532 357.962 0.0186976 45 146 229
-8.06018 357.982 -0.00805944 45 146 229
-8.07864 357.981 -0.0185138 45 146 229
-8.07593 357.99 -0.019202 45 146 229
-8.06844 357.983 -0.00746507 45 146 229
-8.0945 357.998 0.0131789 45 146 229
-8.06347 357.984 -0.00977677 45 146 229
-8.06697 357.967 0.00711791 45 146 229
-8.08335 357.984 -0.0226669 45 146 229
-8.06562 358.007 -0.0389568 45 146 229
-8.06277 357.986 -0.0148417 45 146 229
-8.09113 357.983 -0.0178368 45 146 229
-8.07829 357.959 0.0201064 45 146 229
-8.08488 358.003 -0.037566 45 146 229
-8.08125 357.986 0.0209019 45 146 229
-8.03859 357.968 0.00921185 45 146 229
-8.06996 357.985 -0.0114834 45 146 229
-8.06571 357.964 0.0146399 45 146 229
-8.04464 357.959 0.0273106 45 146 229
-8.06961 357.964 0.0145932 45 146 229
-8.0929 357.988 -0.0259823 45 146 229
-8.06231 357.962 0.017768 45 146 229
-8.05813 357.982 -0.00706273 45 146 229
-8.07405 357.972 -0.0021561 45 146 229
-8.06773 357.978 -0.0162781 45 146 229
-8.10868 358.0 -0.038898 45 146 229
-8.05195 357.97 0.000305543 45 146 229
-8.07992 357.999 -0.0312932 45 146 229
-8.09111 357.988 -0.0256409 45 146 229
-8.09746 357.995 -0.0363487 45 146 229
-8.09398 357.974 -0.00748783 45 146 229
-8.08711 358.007 -0.0426077 45 146 229
-8.0791 357.97 0.00227836 45 146 229
-8.06292 357.965 0.0131983 45 146 229
-8.03772 357.971 0.00975677 45 146 229
-8.07321 357.995 -0.041861 45 146 229
-8.04552 357.973 -0.004656 45 146 229
-8.09427 357.996 -0.0378489 45 146 229
-8.04677 357.971 0.000793541 45 146 229
-8.09457 357.98 -0.0127737 45 146 229
-8.03268 357.964 0.0163707 45 146 229
-8.03244 357.958 0.0327109 45 146 229
-8.04146 357.957 0.0474128 45 146 229
-8.06608 357.993 -0.024987 45 146 229
-8.05041 357.956 0.0347776 45 146 229
-8.1006 358.011 -0.0437304 45 146 229
-8.06814 357.968 0.00633936 45 146 229
-8.09132 357.993 -0.0353961 45 146 229
-8.06023 357.969 0.00157014 45 146 229
-8.08626 358.001 -0.0335189 45 146 229
-8.06617 357.987 -0.0302699 45 146 229
-8.08647 358.002 -0.0336931 45 146 229
-8.0525 357.973 0.0115428 45 146 229
-8.07116 357.955 0.0266421 45 146 229
-8.08923 357.992 0.0150139 45 146 229
-8.06826 357.983 -0.0241784 45 146 229
-8.09036 357.99 -0.0299714 45 146 229
-8.10833 357.994 -0.0304744 45 146 229
-8.06256 357.967 0.00827482 45 146 229
-8.11018 358.002 -0.0413164 45 146 229
-8.08075 357.974 -0.00382736 45 146 229
-8.04708 357.981 -0.0242376 45 146 229
-8.07813 357.987 -0.0296111 45 146 229
-8.06496 357.958 0.0250174 45 146 229
-8.08233 357.971 -0.00016023 45 146 229
-8.04977 357.973 0.0122081 45 146 229
-8.08969 357.974 -0.00641755 45 146 229
-8.06279 357.978 -0.0171081 45 146 229
-8.09709 357.978 -0.011135 45 146 229
-8.07152 357.982 -0.0225133 45 146 229
-8.05824 357.987 -0.0159444 45 146 229
-8.11748 358.002 -0.0394215 45 146 229
-8.08832 357.991 0.0170375 45 146 229
-8.03855 357.963 0.0185814 45 146 229
-8.05606 357.975 -0.0114671 45 146 229
-8.11121 357.993 -0.0289983 45 146 229
-8.05643 357.977 -0.0149424 45 146 229
-8.08564 357.997 -0.0268558 45 146 229
-8.07509 357.963 0.0119243 45 146 229
-8.07661 357.991 -0.0361134 45 146 229
-8.09485 357.982 -0.0163068 45 146 229
-8.10653 357.981 -0.0156323 45 146 229
-8.05495 357.961 0.0213497 45 146 229
-8.08329 357.968 0.00508932 45 146 229
-8.08153 357.979 -0.0148923 45 146 229
-8.04532 357.959 0.0340297 45 146 229
-8.06555 357.985 -0.0109848 45 146 229
-8.06693 358.004 -0.039595 45 146 229
-8.05807 357.963 0.0162023 45 146 229
-8.10322 358.0 -0.0407582 45 146 229
-8.04603 357.959 0.0290263 45 146 229
-8.10874 357.996 -0.0328448 45 146 229
-8.05832 357.976 0.00539559 45 146 229
-8.08012 357.974 -0.0036949 45 146 229
-8.07943 357.967 0.00610057 45 146 229
-8.07827 357.981 -0.0200405 45 146 229
-8.08526 357.978 -0.011129 45 146 229
-8.08813 357.997 -0.0413945 45 146 229
-8.10289 357.997 -0.036199 45 146 229
-8.05371 357.971 -0.00262846 45 146 229
-8.08192 357.997 -0.0433203 45 146 229
-8.04386 357.956 0.0395944 45 146 229
-8.06497 357.995 -0.0278618 45 146 229
-8.05342 357.969 0.00073448 45 146 229
-8.06814 357.96 0.0194977 45 146 229
-8.03858 357.966 0.00765697 45 146 229
-8.03979 357.969 0.024552 45 146 229
-8.0813 357.974 -0.00350889 45 146 229
-8.10597 357.996 -0.0341467 45 146 229
-8.09276 357.988 -0.026324 45 146 229
-8.11312 357.998 -0.0355357 45 146 229
-8.06265 357.96 0.0220015 45 146 229
-8.10258 357.99 -0.0257504 45 146 229
-8.08331 357.98 -0.0144533 45 146 229
-8.05691 357.977 -0.0150455 45 146 229
-8.05128 357.982 -0.0234703 45 146 229
-8.03227 357.963 0.0384406 45 146 229
-8.07558 357.971 -0.000142198 45 146 229
-8.10071 358.013 -0.0462109 45 146 229
-8.06535 357.984 -0.00887262 45 146 229
-8.04063 357.959 0.0301409 45 146 229
-8.05585 357.964 0.0131919 45 146 229
-8.05976 357.977 0.00312375 45 146 229
-8.09126 357.992 -0.0334346 45 146 229
-8.04434 357.972 -0.0025413 45 146 229
-8.04829 357.957 0.0349269 45 146 229
-8.05386 357.985 -0.0135848 45 146 229
-8.07509 357.994 -0.0413513 45 146 229
-8.05989 357.974 -0.00879821 45 146 229
-8.09521 357.984 -0.0187977 45 146 229
-8.05636 357.975 -0.012113 45 146 229
-8.07699 357.96 0.0162344 45 146 229
-8.10274 357.997 -0.0374726 45 146 229
-8.07485 357.975 -0.00855165 45 146 229
-8.04351 357.963 0.016486 45 146 229
-8.10996 357.995 -0.0315059 45 146 229
-8.07888 357.979 -0.0156569 45 146 229
-8.06109 357.967 0.00571536 45 146 229
-8.10131 357.993 -0.0306005 45 146 229
-8.10482 357.99 -0.0258354 45 146 229
-8.05527 357.963 0.0148948 45 146 229
-8.04936 357.984 -0.0237534 45 146 229
-8.07443 357.976 -0.00922525 45 146 229
-8.06359 357.959 0.0229889 45 146 229
-8.08599 357.99 -0.0320485 45 146 229
-8.07509 357.979 -0.0166298 45 146 229
-8.06753 357.995 -0.0279717 45 146 229
-8.05973 357.977 0.00469287 45 146 229
-8.06822 357.995 -0.0273295 45 146 229
-8.07579 357.982 -0.0212391 45 146 229
-8.07701 357.992 -0.0216612 45 146 229
-8.05748 357.964 0.0140878 45 146 229
-8.06497 357.973 -0.00745809 45 146 229
-8.06716 357.984 -0.0268186 45 146 229
-8.10798 357.993 -0.0295659 45 146 229
-8.10693 358.007 -0.000169242 45 146 229
-8.06147 357.991 -0.0226631 45 146 229
-8.10596 357.995 -0.0325023 45 146 229
-8.04341 357.977 -0.00856517 45 146 229
-8.04902 357.962 0.020469 45 146 229
-8.0477 357.971 0.000451748 45 146 229
-8.06029 357.953 0.0369263 45 146 229
-8.09229 357.993 -0.0343635 45 146 229
-8.0685 357.961 0.0178014 45 146 229
-8.07557 357.991 -0.0363656 45 146 229
-8.08847 358.004 -0.0365674 45 146 229
-8.06584 358.003 -0.0358613 45 146 229
-8.09354 358.003 -0.0347354 45 146 229
-8.08113 358.001 -0.0340174 45 146 229
-8.04637 357.964 0.00551171 45 146 229
-8.10517 357.993 -0.0290126 45 146 229
-8.1115 357.993 -0.0292892 45 146 229
-8.08441 357.999 -0.0301932 45 146 229
-8.04742 357.958 0.0301068 45 146 229
-8.05178 357.975 -0.0119745 45 146 229
-8.05622 357.964 0.0132376 45 146 229
-8.07558 357.989 -0.032961 45 146 229
-8.06861 357.982 -0.0236201 45 146 229
-8.10703 357.996 -0.0343373 45 146 229
-8.06063 357.954 0.0335775 45 146 229
-8.04713 357.957 0.0332198 45 146 229
-8.11784 358.0 -0.036465 45 146 229
-8.05484 357.98 -0.0203515 45 146 229
-8.03084 357.964 0.0370873 45 146 229
-8.04434 357.963 0.0160647 45 146 229
-8.06011 357.965 0.0123753 45 146 229
-8.07979 358.003 -0.0384995 45 146 229
-8.09098 358.003 -0.0494373 45 146 229
-8.05591 357.99 -0.0283666 45 146 229
-8.04588 357.957 0.0350894 45 146 229
-8.07174 357.959 0.0196569 45 146 229
-8.07115 357.982 -0.0222305 45 146 229
-8.06578 357.973 -0.00734612 45 146 229
-8.05496 357.98 -0.0200352 45 146 229
-8.04416 357.977 -0.0106297 45 146 229
-8.03904 357.96 0.0263719 45 146 229
-8.07126 357.96 0.0181089 45 146 229
-8.07929 357.994 -0.0230579 45 146 229
-8.06739 357.975 -0.00990818 45 146 229
-8.0797 357.99 -0.0330982 45 146 229
-8.0776 357.989 -0.0161045 45 146 229
-8.05951 357.976 0.00530336 45 146 229
-8.07549 357.969 0.00400236 45 146 229
-8.07918 358.004 -0.0391555 45 146 229
-8.10776 357.995 -0.0318826 45 146 229
-8.0632 357.985 -0.0125762 45 146 229
-8.0651 357.969 0.00281688 45 146 229
-8.10644 357.998 -0.037114 45 146 229
-8.0856 357.981 -0.0149761 45 146 229
-8.06683 357.974 -0.00818943 45 146 229
-8.07995 358.005 -0.0527028 45 146 229
-8.07771 357.959 0.0173035 45 146 229
-8.06142 357.986 -0.0152668 45 146 229
-8.09822 358.0 -0.0419917 45 146 229
-8.07436 357.989 -0.0338783 45 146 229
-8.0445 357.975 -0.00920437 45 146 229
-8.06089 357.964 0.0139772 45 146 229
-8.07911 357.989 -0.0324377 45 146 229
-8.04828 357.956 0.036345 45 146 229
-8.04142 357.959 0.03263 45 146 229
-8.04807 357.957 0.033368 45 146 229
-8.05741 357.977 -0.0146912 45 146 229
-8.07855 358.002 -0.0362399 45 146 229
-8.08208 358.007 -0.0440734 45 146 229
-8.06454 357.971 -0.00307035 45 146 229
-8.08082 357.983 -0.0215761 45 146 229
-8.08166 357.998 -0.0292926 45 146 229
-8.05151 357.97 -0.00104389 45 146 229
-8.09063 358.004 -0.0362517 45 146 229
-8.04759 357.962 0.0180475 45 146 229
-8.08738 357.968 0.00567158 45 146 229
-8.06756 357.988 -0.0339849 45 146 229
-8.08612 357.984 -0.0204665 45 146 229
-8.06562 357.959 0.0226267 45 146 229
-8.09199 357.982 -0.015845 45 146 229
-8.08575 357.983 -0.0189677 45 146 229
-8.06032 357.96 0.0227446 45 146 229
-8.05526 357.957 0.0307061 45 146 229
-8.11561 358.008 -0.0456534 45 146 229
-8.03675 357.959 0.0273113 45 146 229
-8.05049 357.973 0.0118646 45 146 229
-8.08745 357.98 -0.0126128 45 146 229
-8.08169 357.979 -0.0142892 45 146 229
-8.05476 357.973 -0.00849891 45 146 229
-8.06986 357.978 -0.0174984 45 146 229
-8.06821 357.976 -0.0120641 45 146 229
-8.09128 358.01 -0.0460439 45 146 229
-8.06438 357.981 -0.0225562 45 146 229
-8.08812 357.969 -0.000306227 45 146 229
-8.03901 357.956 0.037277 45 146 229
-8.09023 357.987 -0.0261118 45 146 229
-8.06939 357.984 -0.025641 45 146 229
-8.06511 357.993 -0.0397306 45 146 229
-8.06611 358.0 -0.0412802 45 146 229
-8.07189 357.965 0.0107922 45 146 229
-8.05825 357.973 0.0143748 45 146 229
-8.10487 357.999 -0.0390822 45 146 229
-8.03508 357.958 0.0307076 45 146 229
-8.04512 357.975 -0.0106698 45 146 229
-8.06282 357.969 0.00130289 45 146 229
-8.05658 357.989 -0.0192447 45 146 229
-8.06046 357.982 -0.00598949 45 146 229
-8.09007 357.989 -0.0284307 45 146 229
-8.06754 357.995 -0.0419514 45 146 229
-8.09581 357.984 -0.0184649 45 146 229
-8.06363 357.975 -0.0105001 45 146 229
-8.08294 357.99 -0.016529 45 146 229
-8.10057 357.99 -0.0264051 45 146 229
-8.05883 357.968 0.00353649 45 146 229
-8.05531 357.983 -0.00913387 45 146 229
-8.05706 357.98 -0.00338064 45 146 229
-8.07246 357.975 -0.00884334 45 146 229
-8.05286 357.96 0.025496 45 146 229
-8.05356 357.969 0.000678212 45 146 229
-8.05762 357.989 -0.0193715 45 146 229
-8.04846 357.986 -0.0240138 45 146 229
-8.07512 357.976 -0.00986091 45 146 229
-8.04026 357.957 0.0344942 45 146 229
-8.05225 357.961 0.0220247 45 146 229
-8.05043 357.958 0.0270739 45 146 229
-8.07172 357.979 -0.0167578 45 146 229
-8.09286 358.003 -0.0482297 45 146 229
-8.05128 357.984 -0.0264971 45 146 229
-8.04524 357.979 0.00219055 45 146 229
-8.09892 357.985 -0.0193542 45 146 229
-8.08845 357.991 -0.0326988 45 146 229
-8.0738 357.967 0.00799707 45 146 229
-8.07813 357.962 0.0123731 45 146 229
-8.09619 357.993 -0.0332561 45 146 229
-8.06891 358.006 -0.0412884 45 146 229
-8.08798 357.981 -0.0154123 45 146 229
-8.04936 357.972 -0.00405067 45 146 229
-8.10456 357.997 -0.0366066 45 146 229
-8.10096 358.01 -0.0424053 45 146 229
-8.05061 357.958 0.031132 45 146 229
-8.0862 358.009 -0.0467347 45 146 229
-8.06476 357.96 0.0221014 45 146 229
-8.05483 357.978 -0.0166497 45 146 229
-8.09622 357.981 -0.0147086 45 146 229
-8.06455 357.962 0.0189011 45 146 229
-8.0865 357.996 -0.0406972 45 146 229
-8.07435 357.991 -0.0359659 45 146 229
-8.06358 357.993 -0.0261404 45 146 229
-8.07421 358.004 -0.0538861 45 146 229
-8.04461 357.973 0.00122572 45 146 229
-8.05508 357.963 0.0162993 45 146 229
-8.11121 358.004 -0.0428539 45 146 229
-8.07036 357.959 0.0202187 45 146 229
-8.07173 357.961 0.0160536 45 146 229
-8.07667 357.965 0.0074635 45 146 229
-8.0776 357.984 -0.0241246 45 146 229
-8.06582 357.958 0.0240497 45 146 229
-8.07915 357.993 -0.0379991 45 146 229
-8.06855 357.97 0.000662203 45 146 229
-8.081 357.979 -0.0134758 45 146 229
-8.09652 357.999 -0.0412512 45 146 229
-8.04694 357.967 0.00740284 45 146 229
-8.09375 358.0 -0.0432343 45 146 229
-8.06672 357.997 -0.0400446 45 146 229
-8.08126 358.004 -0.0389219 45 146 229
-8.06405 357.98 -0.0210327 45 146 229
-8.06699 357.96 0.0209347 45 146 229
-8.0616 357.974 -0.0106689 45 146 229
-8.05385 357.974 0.010146 45 146 229
-8.06135 357.961 0.020005 45 146 229
-8.07637 357.99 -0.0347439 45 146 229
-8.06408 357.957 0.0262585 45 146 229
-8.09374 357.998 0.0175534 45 146 229
-8.05665 357.953 0.0399011 45 146 229
-8.08493 357.993 -0.0200346 45 146 229
-8.02536 357.967 0.0170334 45 146 229
-8.06143 357.957 0.0282063 45 146 229
-8.07774 357.984 -0.0247181 45 146 229
-8.08441 357.982 -0.0179416 45 146 229
-8.06801 358.001 -0.0437374 45 146 229
-8.07475 357.973 -0.00266764 45 146 229
-8.09863 358.004 -0.0474372 45 146 229
-8.04537 357.973 -0.00869064 45 146 229
-8.04917 357.985 -0.022843 45 146 229
-8.04404 357.97 0.0201759 45 146 229
-8.08464 358.007 -0.0534768 45 146 229
-8.07754 357.976 -0.00989628 45 146 229
-8.0871 357.992 -0.0342842 45 146 229
-8.05896 357.953 0.0394438 45 146 229
-8.07806 357.997 -0.0438041 45 146 229
-8.09356 357.991 -0.0309934 45 146 229
-8.06852 357.969 0.00286033 45 146 229
-8.04443 357.972 0.0136894 45 146 229
-8.02952 357.968 0.0272097 45 146 229
-8.07874 357.981 -0.0186473 45 146 229
-8.07391 357.972 -0.00129826 45 146 229
-8.06583 357.977 0.00595757 45 146 229
-8.0632 357.98 -0.0206302 45 146 229
-8.05714 357.964 0.0126877 45 146 229
-8.02889 357.963 0.040589 45 146 229
-8.10982 357.993 -0.0291635 45 146 229
-8.10837 357.995 -0.0315093 45 146 229
-8.07708 357.998 -0.0297871 45 146 229
-8.05114 357.956 0.0369322 45 146 229
-8.05915 357.986 -0.0158271 45 146 229
-8.07907 357.98 -0.0172537 45 146 229
-8.07948 357.978 -0.0137523 45 146 229
-8.0562 357.962 0.0198525 45 146 229
-8.07987 358.003 -0.0384157 45 146 229
-8.0602 357.957 0.0291158 45 146 229
-8.05783 357.973 -0.00819274 45 146 229
-8.05687 357.968 0.00460422 45 146 229
-8.04543 357.978 -0.000575748 45 146 229
-8.04375 357.971 0.00162795 45 146 229
-8.06335 357.984 -0.0266939 45 146 229
-8.05908 357.96 0.0240651 45 146 229
-8.05452 357.973 0.0123106 45 146 229
-8.09785 357.994 -0.033321 45 146 229
-8.06757 358.0 -0.0427034 45 146 229
-8.06242 357.98 -0.0205032 45 146 229
-8.10673 357.996 -0.0343239 45 146 229
-8.07646 357.983 -0.0236856 45 146 229
-8.03135 357.969 0.0233418 45 146 229
-8.09349 357.997 -0.0400439 45 146 229
-8.0574 357.989 -0.030454 45 146 229
-8.07733 358.008 -0.0458228 45 146 229
-8.05711 357.992 -0.0277039 45 146 229
-8.10694 358.007 -0.000209861 45 146 229
-8.05538 357.973 -0.00734481 45 146 229
-8.04207 357.968 0.0064394 45 146 229
-8.06704 358.002 -0.0409398 45 146 229
-8.04444 357.978 -0.00694536 45 146 229
-8.05611 357.989 -0.0292487 45 146 229
-8.08342 357.983 -0.0197946 45 146 229
-8.08169 357.994 -0.0229829 45 146 229
-8.11443 358.001 -0.0384936 45 146 229
-8.05942 357.982 -0.00779663 45 146 229
-8.08729 357.975 -0.00564821 45 146 229
-8.07031 357.985 -0.00983847 45 146 229
-8.05894 357.994 -0.0281177 45 146 229
-8.06266 357.964 0.0151608 45 146 229
-8.06768 357.998 -0.046291 45 146 229
-8.02878 357.966 0.0138432 45 146 229
-8.06061 357.969 0.000747188 45 146 229
-8.04318 357.983 -0.0110983 45 146 229
-8.10855 358.008 -0.00257065 45 146 229
-8.06977 357.985 -0.011559 45 146 229
-8.04607 357.98 -0.000204633 45 146 229
-8.03953 357.962 0.0192965 45 146 229
-8.094 357.995 0.0100882 45 146 229
-8.11926 358.001 -0.0378512 45 146 229
-8.0359 357.97 0.0218039 45 146 229
-8.03915 357.963 0.0182281 45 146 229
-8.096 358.001 -0.0434204 45 146 229
-8.11521 358.003 -0.0413956 45 146 229
-8.07441 357.981 -0.00205944 45 146 229
-8.11186 357.99 -0.0257818 45 146 229
-8.09263 358.008 -0.0415115 45 146 229
-8.06997 357.957 0.024542 45 146 229
-8.08237 357.996 -0.0261046 45 146 229
-8.08341 357.98 -0.0155059 45 146 229
-8.05583 357.963 0.0167319 45 146 229
-8.0664 357.958 0.0233541 45 146 229
-8.03133 357.959 0.0315706 45 146 229
-8.0634 357.962 0.0189656 45 146 229
-8.04012 357.96 0.0255059 45 146 229
-8.07363 357.965 0.0100029 45 146 229
-8.05064 357.976 -0.0130294 45 146 229
-8.10421 358.003 -0.000974528 45 146 229
-8.07267 357.963 0.0127064 45 146 229
-8.07262 357.994 -0.0248963 45 146 229
-8.07692 358.0 -0.0339956 45 146 229
-8.04067 357.966 0.0111478 45 146 229
-8.05392 357.975 -0.0132842 45 146 229
-8.06173 357.994 -0.0328812 45 146 229
-8.04787 357.964 0.0147636 45 146 229
-8.06259 357.954 0.0340718 45 146 229
-8.08813 358.001 -0.0316053 45 146 229
-8.05461 357.984 -0.0121717 45 146 229
-8.08623 357.986 -0.0245855 45 146 229
-8.06393 357.963 0.0161151 45 146 229
-8.0918 357.993 -0.0351736 45 146 229
-8.06516 357.982 -0.0231143 45 146 229
-8.11979 358.0 -0.0361795 45 146 229
-8.11562 357.999 -0.036826 45 146 229
-8.0917 357.984 -0.0182706 45 146 229
-8.08037 357.99 -0.0179523 45 146 229
-8.07627 358.009 -0.0477671 45 146 229
-8.09056 357.994 -0.0360697 45 146 229
-8.1114 357.996 -0.0330161 45 146 229
-8.08924 357.977 -0.00812805 45 146 229
-8.06977 357.985 -0.0105296 45 146 229
-8.08274 357.981 -0.0175687 45 146 229
-8.09629 357.992 -0.0311982 45 146 229
-8.04662 357.973 -0.0120435 45 146 229
-8.07604 357.973 -0.00257812 45 146 229
-8.0353 357.966 0.0120677 45 146 229
-8.06745 357.969 0.00309947 45 146 229
-8.07685 357.996 -0.0264902 45 146 229
-8.08467 357.979 -0.0128249 45 146 229
-8.07881 358.005 -0.0406219 45 146 229
-8.10299 357.993 -0.0295805 45 146 229
-8.08814 357.984 -0.0197732 45 146 229
-8.04581 357.979 -0.00243779 45 146 229
-8.07613 357.995 -0.0415623 45 146 229
-8.06853 357.961 0.0194451 45 146 229
-8.0326 357.968 0.0257194 45 146 229
-8.07753 357.978 -0.0132731 45 146 229
-8.06269 357.96 0.0212538 45 146 229
-8.096 357.98 -0.0138976 45 146 229
-8.07242 357.995 -0.042237 45 146 229
-8.11389 358.001 -0.0392884 45 146 229
-8.09208 358.006 -0.0519178 45 146 229
-8.07124 357.959 0.0202481 45 146 229
-8.06133 357.989 -0.0206227 45 146 229
-8.07082 358.005 -0.0431264 45 146 229
-8.05674 357.957 0.0310367 45 146 229
-8.02994 357.965 0.0132459 45 146 229
-8.04918 357.959 0.0263707 45 146 229
-8.0363 357.962 0.0209729 45 146 229
-8.11517 358.004 -0.0419554 45 146 229
-8.03654 357.959 0.0334261 45 146 229
-8.06437 357.97 -0.00128059 45 146 229
-8.06144 357.961 0.0211713 45 146 229
-8.06699 357.961 0.0185358 45 146 229
-8.064 357.996 -0.0304859 45 146 229
-8.09486 357.986 -0.0205127 45 146 229
-8.07988 358.005 -0.0418542 45 146 229
-8.06527 357.985 -0.0285077 45 146 229
-8.08406 357.998 -0.0290277 45 146 229
-8.05999 357.98 -0.00210138 45 146 229
-8.06567 357.99 -0.0351466 45 146 229
-8.08641 357.99 0.0188611 45 146 229
-8.08095 357.992 -0.0191066 45 146 229
-8.06384 357.995 -0.0372052 45 146 229
-8.08145 357.979 -0.0135043 45 146 229
-8.09315 358.0 -0.0430473 45 146 229
-8.06766 357.974 -0.00940425 45 146 229
-8.07829 357.984 -0.0248536 45 146 229
-8.08741 357.988 -0.0276835 45 146 229
-8.02794 357.962 0.0257555 45 146 229
-8.05927 357.994 -0.0239624 45 146 229
-8.07426 357.977 -0.0134667 45 146 229
-8.07369 357.974 -0.0057019 45 146 229
-8.02931 357.964 0.0363793 45 146 229
-8.0889 358.0 -0.0303414 45 146 229
-8.08146 357.973 -0.00205164 45 146 229
-8.03942 357.968 0.0248341 45 146 229
-8.06889 357.987 -0.030635 45 146 229
-8.10523 358.006 0.00261933 45 146 229
-8.08657 357.989 0.0146584 45 146 229
-8.09317 357.999 -0.0281935 45 146 229
-8.05717 357.952 0.0417936 45 146 229
-8.04797 357.958 0.0346183 45 146 229
-8.1064 358.001 -0.0409762 45 146 229
-8.04868 357.985 -0.0214311 45 146 229
-8.06432 357.963 0.0169658 45 146 229
-8.06741 357.956 0.025971 45 146 229
-8.08493 357.994 -0.0219286 45 146 229
-8.04641 357.969 0.00236536 45 146 229
-8.10716 358.008 0.00420489 45 146 229
-8.05619 357.964 0.0127786 45 146 229
-8.06626 357.982 -0.024123 45 146 229
-8.08136 357.977 -0.0100967 45 146 229
-8.08094 357.998 -0.0290391 45 146 229
-8.04997 357.977 0.00245551 45 146 229
-8.09065 358.0 -0.0307956 45 146 229
-8.08538 357.986 -0.0248242 45 146 229
-8.07589 357.991 -0.0362355 45 146 229
-8.07845 357.986 -0.02686 45 146 229
-8.0719 357.998 -0.0318871 45 146 229
-8.07548 357.972 -0.00195682 45 146 229
-8.05376 357.958 0.0288234 45 146 229
-8.06737 357.978 -0.0160245 45 146 229
-8.0695 357.972 -0.00197059 45 146 229
-8.03782 357.958 0.031689 45 146 229
-8.03723 357.969 0.00983834 45 146 229
-8.06446 357.969 0.0017502 45 146 229
-8.06545 357.979 0.00147242 45 146 229
-8.05635 357.973 0.0120732 45 146 229
-8.05338 357.975 0.00782281 45 146 229
-8.09887 358.007 -0.0382511 45 146 229
-8.10174 358.003 0.00853816 45 146 229
-8.09924 357.98 -0.0147813 45 146 229
-8.08337 357.988 -0.0118547 45 146 229
-8.08535 358.002 -0.0494114 45 146 229
-8.06498 357.958 0.0248011 45 146 229
-8.10535 357.998 -0.0377998 45 146 229
-8.06718 357.964 0.0147772 45 146 229
-8.1056 357.993 -0.0289977 45 146 229
-8.04834 357.985 -0.0187871 45 146 229
-8.08205 357.978 -0.0114121 45 146 229
-8.09363 357.994 -0.0349359 45 146 229
-8.06895 357.98 -0.0189447 45 146 229
-8.07556 357.959 0.018522 45 146 229
-8.09508 357.982 -0.015573 45 146 229
-8.08816 357.972 -0.00238518 45 146 229
-8.07447 357.977 -0.0132294 45 146 229
-8.05219 357.955 0.0366223 45 146 229
-8.10472 357.986 -0.0229209 45 146 229
-8.09499 357.993 -0.0336166 45 146 229
-8.09894 358.0 -0.0419169 45 146 229
-8.09377 357.995 0.0116116 45 146 229
-8.06298 357.956 0.0289008 45 146 229
-8.08179 357.986 0.0199506 45 146 229
-8.07745 357.992 -0.0369709 45 146 229
-8.07308 357.963 0.0124759 45 146 229
-8.07123 358.0 -0.0349539 45 146 229
-8.08522 357.98 -0.0152465 45 146 229
-8.04686 357.966 0.00848245 45 146 229
-8.09739 357.997 -0.0387064 45 146 229
-8.05219 357.972 -0.00439484 45 146 229
-8.08113 357.962 0.0101755 45 146 229
-8.03765 357.958 0.0342542 45 146 229
-8.07262 357.963 0.0134753 45 146 229
-8.07179 357.959 0.0170615 45 146 229
-8.09632 357.987 -0.0218805 45 146 229
-8.11067 358.007 -0.0465546 45 146 229
-8.09089 357.988 -0.0277731 45 146 229
-8.06367 357.995 -0.0365487 45 146 229
-8.0617 357.963 0.0155404 45 146 229
-8.05555 357.979 -0.0188597 45 146 229
-8.08598 358.0 -0.0308222 45 146 229
-8.07382 358.0 -0.0340008 45 146 229
-8.08288 357.962 0.011269 45 146 229
-8.06439 357.974 -0.00830186 45 146 229
-8.05274 357.983 -0.00822263 45 146 229
-8.05754 357.987 -0.0159792 45 146 229
-8.07438 357.988 -0.0319855 45 146 229
-8.09635 357.988 -0.0234785 45 146 229
-8.04355 357.976 0.00675604 45 146 229
-8.05569 357.953 0.0407591 45 146 229
-8.09264 357.996 0.0192274 45 146 229
-8.08117 357.997 -0.0438221 45 146 229
-8.11076 357.994 -0.0314483 45 146 229
-8.09947 358.001 0.00889294 45 146 229
-8.05194 357.962 0.017869 45 146 229
-8.0422 357.966 0.0292717 45 146 229
-8.06606 357.991 -0.0394776 45 146 229
-8.06258 357.954 0.033275 45 146 229
-8.05431 357.959 0.0254254 45 146 229
-8.08468 357.976 -0.00755542 45 146 229
-8.04189 357.957 0.0343781 45 146 229
-8.07907 357.989 -0.0147899 45 146 229
-8.0609 357.974 -0.0105894 45 146 229
-8.08455 357.997 -0.0425499 45 146 229
-8.07909 357.963 0.0105838 45 146 229
-8.04858 357.958 0.0300885 45 146 229
-8.07223 357.964 0.0123974 45 146 229
-8.0752 357.976 -0.0103644 45 146 229
-8.04986 357.959 0.0279902 45 146 229
-8.05791 357.983 -0.0103685 45 146 229
-8.06442 357.976 -0.0137713 45 146 229
-8.07101 357.976 -0.0125415 45 146 229
-8.05574 357.98 -0.0208063 45 146 229
-8.06793 357.971 -0.000929203 45 146 229
-8.09825 358.008 -0.0393102 45 146 229
-8.10983 358.004 -0.0448524 45 146 229
-8.04529 357.976 -0.00317959 45 146 229
-8.0323 357.965 0.0329367 45 146 229
-8.09215 357.986 -0.0226307 45 146 229
-8.10929 357.999 -0.0374972 45 146 229
-8.07035 357.987 -0.029766 45 146 229
-8.04777 357.957 0.0338953 45 146 229
-8.0507 357.975 -0.0113158 45 146 229
-8.06661 357.965 0.012152 45 146 229
-8.04508 357.978 -0.0143473 45 146 229
-8.11748 358.003 -0.0401286 45 146 229
-8.09117 357.996 0.0220909 45 146 229
-8.05526 357.982 -0.0228292 45 146 229
-8.10138 357.99 -0.025444 45 146 229
-8.06995 357.97 0.000891036 45 146 229
-8.0613 357.963 0.0163344 45 146 229
-8.05793 357.975 0.00682943 45 146 229
-8.04581 357.959 0.0344452 45 146 229
-8.03724 357.959 0.0288328 45 146 229
-8.05577 357.979 -0.0182428 45 146 229
-8.04963 357.983 -0.02507 45 146 229
-8.11422 357.994 -0.0294794 45 146 229
-8.10547 357.984 -0.0193192 45 146 229
-8.02915 357.964 0.0375772 45 146 229
-8.03489 357.962 0.0200629 45 146 229
-8.08528 358.003 -0.0359366 45 146 229
-8.05718 357.955 0.0345206 45 146 229
-8.08332 357.962 0.0112211 45 146 229
-8.05688 357.973 -0.00881793 45 146 229
-8.07943 357.979 -0.0136116 45 146 229
-8.04422 357.977 0.0031731 45 146 229
-8.0427 357.959 0.0267868 45 146 229
-8.04571 357.977 -0.0027833 45 146 229
-8.10587 358.007 0.00309462 45 146 229
-8.08362 357.982 -0.0195969 45 146 229
-8.06338 357.99 -0.0219305 45 146 229
-8.09722 357.998 -0.0404059 45 146 229
-8.10946 358.001 -0.0396655 45 146 229
-8.10633 357.997 -0.0345103 45 146 229
-8.04859 357.972 0.0137443 45 146 229
-8.04033 357.959 0.0298008 45 146 229
-8.04012 357.972 0.0144735 45 146 229
-8.04579 357.973 0.00138465 45 146 229
-8.06685 357.996 -0.0426898 45 146 229
-8.0588 357.981 -0.00400536 45 146 229
-8.0508 357.983 -0.026085 45 146 229
-8.08167 357.99 -0.0169897 45 146 229
-8.10507 358.005 0.00083164 45 146 229
-8.08133 357.981 -0.0174126 45 146 229
-8.04857 357.972 -0.00558888 45 146 229
-8.06144 357.981 -0.00537719 45 146 229
-8.06862 358.005 -0.0446855 45 146 229
-8.07215 357.995 -0.042848 45 146 229
-8.05473 357.98 -0.00421661 45 146 229
-8.08316 357.964 0.0100883 45 146 229
-8.09427 358.01 -0.0447755 45 146 229
-8.04657 357.983 -0.0152837 45 146 229
-8.12569 357.999 -0.0364961 45 146 229
-8.07486 357.99 -0.0356533 45 146 229
-8.06541 357.961 0.0201675 45 146 229
-8.04595 357.975 -0.0124765 45 146 229
-8.04776 357.96 0.0266395 45 146 229
-8.06834 357.958 0.0225855 45 146 229
-8.02768 357.964 0.0368794 45 146 229
-8.06279 357.977 0.00394483 45 146 229
-8.04581 357.975 -0.00376757 45 146 229
-8.06656 357.984 -0.00922429 45 146 229
-8.07293 357.965 0.0109315 45 146 229
-8.09843 358.01 -0.0428426 45 146 229
-8.07022 357.964 0.0120048 45 146 229
-8.0806 357.978 -0.0131607 45 146 229
-8.10657 358.006 -0.000758104 45 146 229
-8.05131 357.981 -0.00528511 45 146 229
-8.10368 357.984 -0.0194717 45 146 229
-8.07281 357.972 -0.00260194 45 146 229
-8.10241 357.99 -0.0262496 45 146 229
-8.06632 357.995 -0.0287856 45 146 229
-8.06891 357.984 -0.009267 45 146 229
-8.06288 357.959 0.0234435 45 146 229
-8.07442 357.969 0.00394752 45 146 229
-8.10475 357.988 -0.0236216 45 146 229
-8.05512 357.956 0.0335289 45 146 229
-8.06193 357.967 0.00554223 45 146 229
-8.08697 357.969 0.00266863 45 146 229
-8.06093 357.958 0.0267145 45 146 229
-8.05773 357.974 -0.00907064 45 146 229
-8.06881 357.984 -0.00932019 45 146 229
-8.08542 357.986 -0.0258345 45 146 229
-8.04647 357.964 0.0142558 45 146 229
-8.03154 357.962 0.0432652 45 146 229
-8.0462 357.979 -0.00194492 45 146 229
-8.06424 357.968 0.00490721 45 146 229
-8.06775 357.964 0.0132504 45 146 229
-8.0462 357.959 0.0290504 45 146 229
-8.04108 357.961 0.0226021 45 146 229
-8.06893 357.956 0.0264767 45 146 229
-8.09611 357.976 -0.00843554 45 146 229
-8.09217 357.976 -0.00809904 45 146 229
-8.11016 358.002 -0.0425196 45 146 229
-8.03343 357.972 0.014147 45 146 229
-8.06927 357.961 0.0185468 45 146 229
-8.06813 357.96 0.0202438 45 146 229
-8.03186 357.963 0.0380172 45 146 229
-8.06206 357.994 -0.0281717 45 146 229
-8.07672 357.972 -0.000145653 45 146 229
-8.09031 357.989 -0.0288059 45 146 229
-8.0885 357.997 -0.0261053 45 146 229
-8.07432 358.003 -0.0386973 45 146 229
-8.03999 357.958 0.0327562 45 146 229
-8.04665 357.979 -0.00388333 45 146 229
-8.07694 357.977 -0.012033 45 146 229
-8.07542 357.961 0.0130434 45 146 229
-8.04504 357.973 -0.00301146 45 146 229
-8.06924 358.0 -0.0488751 45 146 229
-8.04206 357.959 0.0299378 45 146 229
-8.08639 357.989 -0.0307208 45 146 229
-8.03829 357.963 0.0372573 45 146 229
-8.08652 357.999 -0.0294449 45 146 229
-8.06647 357.965 0.0122196 45 146 229
-8.04126 357.964 0.015423 45 146 229
-8.04846 357.973 0.0118364 45 146 229
-8.05909 357.97 -0.00163476 45 146 229
-8.07029 357.999 -0.048938 45 146 229
-8.05507 357.96 0.0252035 45 146 229
-8.10679 357.998 -0.0366687 45 146 229
-8.08908 357.986 -0.0231634 45 146 229
-8.11072 357.993 -0.0292681 45 146 229
-8.09813 357.995 -0.0351512 45 146 229
-8.08192 357.984 -0.0240414 45 146 229
-8.03643 357.958 0.0309125 45 146 229
-8.04757 357.959 0.0270457 45 146 229
-8.05095 357.979 -0.000732128 45 146 229
-8.03371 357.964 0.033555 45 146 229
-8.08053 357.965 0.00927143 45 146 229
-8.0971 358.012 -0.045861 45 146 229
-8.1025 358.008 -0.0388562 45 146 229
-8.04404 357.972 0.00197882 45 146 229
-8.07543 357.978 -0.0150933 45 146 229
-8.10739 357.999 -0.038927 45 146 229
-8.09189 357.999 -0.0288597 45 146 229
-8.05474 357.968 0.00316131 45 146 229
-8.11793 357.999 -0.0353088 45 146 229
-8.09478 357.986 -0.0205163 45 146 229
-8.03684 357.964 0.0357121 45 146 229
-8.05363 357.975 0.00861522 45 146 229
-8.08145 357.974 -0.00367218 45 146 229
-8.08322 357.979 -0.0130499 45 146 229
-8.11302 357.994 -0.0307731 45 146 229
-8.05624 357.982 -0.00711414 45 146 229
-8.08859 357.993 0.0210077 45 146 229
-8.05891 357.962 0.0195027 45 146 229
-8.09333 358.002 -0.045717 45 146 229
-8.0435 357.964 0.00657877 45 146 229
-8.04329 357.969 0.00384144 45 146 229
-8.1178 357.995 -0.0309522 45 146 229
-8.04703 357.98 -0.0128236 45 146 229
-8.06658 357.963 0.0154321 45 146 229
-8.0869 357.977 -0.00861317 45 146 229
-8.06458 357.958 0.0239571 45 146 229
-8.0625 357.992 -0.0342647 45 146 229
-8.03074 357.963 0.0391303 45 146 229
-8.0848 357.982 -0.0185835 45 146 229
-8.04382 357.954 0.0402335 45 146 229
-8.07148 357.987 -0.0300392 45 146 229
-8.03156 357.964 0.0351873 45 146 229
-8.06063 357.981 -0.02139 45 146 229
-8.06042 357.979 -0.0182456 45 146 229
-8.06081 357.979 0.000378213 45 146 229
-8.06683 357.959 0.0215261 45 146 229
-8.11522 357.997 -0.0330881 45 146 229
-8.05775 357.979 -0.0192409 45 146 229
-8.03779 357.957 0.0349114 45 146 229
-8.03831 357.956 0.0370956 45 146 229
-8.05667 357.957 0.0317446 45 146 229
-8.06966 357.957 0.0234699 45 146 229
-8.06279 357.961 0.0204822 45 146 229
-8.06698 357.957 0.0251803 45 146 229
-8.08726 357.987 -0.0266868 45 146 229
-8.0797 357.989 -0.0318597 45 146 229
-8.06732 357.984 -0.0256839 45 146 229
-8.0679 357.999 -0.0460344 45 146 229
-8.05798 357.968 0.00356275 45 146 229
-8.0339 357.963 0.0375808 45 146 229
-8.03926 357.969 0.023699 45 146 229
-8.06664 357.98 -0.00112272 45 146 229
-8.10194 358.0 -0.0413496 45 146 229
-8.09642 357.997 -0.0389993 45 146 229
-8.09604 357.997 -0.0393297 45 146 229
-8.05139 357.96 0.0245498 45 146 229
-8.08716 357.991 0.023491 45 146 229
-8.08013 357.988 -0.0302985 45 146 229
-8.10014 358.002 -0.044164 45 146 229
-8.1157 357.994 -0.0315365 45 146 229
-8.07055 358.005 -0.0537582 45 146 229
-8.07226 358.0 -0.0538976 45 146 229
-8.06698 357.956 0.0271734 45 146 229
-8.08089 358.007 -0.043985 45 146 229
-8.09396 357.998 -0.0401613 45 146 229
-8.05453 357.975 0.00732772 45 146 229
-8.09393 357.999 -0.0418085 45 146 229
-8.07761 357.998 -0.0466088 45 146 229
-8.0795 357.985 -0.0263417 45 146 229
-8.0794 357.978 -0.0135794 45 146 229
-8.09792 357.999 -0.0404153 45 146 229
-8.06638 358.001 -0.0362483 45 146 229
-8.0347 357.964 0.0163491 45 146 229
-8.03511 357.967 0.0118201 45 146 229
-8.08403 358.007 -0.0425905 45 146 229
-8.04773 357.964 0.0123491 45 146 229
-8.09275 357.996 0.0157101 45 146 229
-8.09677 358.01 -0.0437082 45 146 229
-8.03886 357.971 0.01578 45 146 229
-8.07117 357.957 0.0236069 45 146 229
-8.10528 357.994 -0.0308352 45 146 229
-8.03504 357.963 0.0385341 45 146 229
-8.07309 357.971 0.00127639 45 146 229
-8.04972 357.983 -0.00972004 45 146 229
-8.05433 357.955 0.0369806 45 146 229
-8.08981 358.0 -0.0443643 45 146 229
-8.04167 357.967 0.00581625 45 146 229
-8.08506 357.983 -0.0199028 45 146 229
-8.05027 357.976 0.00586866 45 146 229
-8.05721 357.992 -0.0291109 45 146 229
-8.06562 357.969 0.00210849 45 146 229
-8.06659 357.959 0.0214736 45 146 229
-8.09481 357.986 -0.0207762 45 146 229
-8.08598 358.003 -0.0359377 45 146 229
-8.08467 358.009 -0.0457505 45 146 229
-8.08399 357.997 -0.026789 45 146 229
-8.07492 358.009 -0.0478315 45 146 229
-8.09401 357.983 -0.017752 45 146 229
-8.06075 357.977 -0.015403 45 146 229
-8.10976 358.005 -0.0446629 45 146 229
-8.08551 358.003 -0.0365691 45 146 229
-8.06281 357.978 0.0013087 45 146 229
-8.03869 357.96 0.0259991 45 146 229
-8.05862 357.973 0.0127453 45 146 229
-8.05728 357.953 0.0390229 45 146 229
-8.11283 357.989 -0.0263478 45 146 229
-8.05477 357.98 -0.002135 45 146 229
-8.05603 357.98 -0.00435105 45 146 229
-8.09225 357.988 -0.0249827 45 146 229
-8.08091 357.996 -0.0422737 45 146 229
-8.05161 357.981 -0.00526797 45 146 229
-8.05529 357.975 -0.0127207 45 146 229
-8.11184 357.999 -0.0366606 45 146 229
-8.05646 357.962 0.0192445 45 146 229
-8.08338 357.969 0.00739385 45 146 229
-8.06897 357.966 0.00865087 45 146 229
-8.08379 357.971 0.000681833 45 146 229
-8.08841 357.992 0.0206315 45 146 229
-8.07105 357.994 -0.025702 45 146 229
-8.05707 357.977 -0.015152 45 146 229
-8.11923 357.999 -0.0359319 45 146 229
-8.08339 357.99 -0.0149101 45 146 229
-8.10264 357.985 -0.0204932 45 146 229
-8.1219 357.995 -0.0337801 45 146 229
-8.07332 357.974 -0.00661197 45 146 229
-8.09156 357.984 -0.0195936 45 146 229
-8.08566 357.987 -0.0272674 45 146 229
-8.11508 358.008 -0.0461145 45 146 229
-8.08193 357.995 -0.0240194 45 146 229
-8.08496 358.002 -0.034534 45 146 229
-8.04427 357.97 0.0193993 45 146 229
-8.0802 357.976 -0.00735632 45 146 229
-8.04875 357.972 0.0164132 45 146 229
-8.10298 358.005 -0.0469142 45 146 229
-8.08157 357.989 -0.0306591 45 146 229
-8.07455 357.976 -0.00949826 45 146 229
-8.08555 357.997 -0.0418576 45 146 229
-8.06661 357.997 -0.0395609 45 146 229
-8.08724 357.968 0.00513607 45 146 229
-8.07923 357.995 -0.0252273 45 146 229
-8.06459 357.967 0.00663702 45 146 229
-8.04542 357.975 -0.000801701 45 146 229
-8.04978 357.958 0.0312056 45 146 229
-8.03712 357.963 0.0168561 45 146 229
-8.08327 357.992 -0.0201613 45 146 229
-8.03641 357.958 0.0317323 45 146 229
-8.06938 357.99 -0.0193992 45 146 229
-8.06404 357.984 -0.00915474 45 146 229
-8.069 357.985 -0.0277782 45 146 229
-8.07744 358.004 -0.0404974 45 146 229
-8.08824 357.992 -0.0340937 45 146 229
-8.07393 357.982 -0.0033772 45 146 229
-8.04578 357.975 -0.00442853 45 146 229
-8.09101 357.972 -0.00310471 45 146 229
-8.03628 357.971 0.0108968 45 146 229
-8.09368 358.009 -0.0428001 45 146 229
-8.09074 357.995 -0.0381016 45 146 229
-8.04856 357.985 -0.0209762 45 146 229
-8.08343 357.962 0.0113375 45 146 229
-8.0606 357.976 -0.0134243 45 146 229
-8.10077 358.007 -0.0373983 45 146 229
-8.05095 357.974 0.00984519 45 146 229
-8.02486 357.964 0.0377324 45 146 229
-8.0391 357.959 0.0284393 45 146 229
-8.09271 357.99 -0.0285824 45 146 229
-8.04612 357.979 -0.00123462 45 146 229
-8.11001 357.995 -0.0321741 45 146 229
-8.07267 357.958 0.0206872 45 146 229
-8.09049 357.985 -0.0220102 45 146 229
-8.04074 357.957 0.0336045 45 146 229
-8.04299 357.959 0.0338048 45 146 229
-8.08774 357.984 -0.0216393 45 146 229
-8.05876 357.954 0.0357511 45 146 229
-8.07632 357.98 -0.018043 45 146 229
-8.08191 357.979 -0.0135894 45 146 229
-8.06277 357.985 -0.0121777 45 146 229
-8.08368 357.984 -0.0232576 45 146 229
-8.09725 358.005 -0.0492544 45 146 229
-8.06121 357.963 0.016384 45 146 229
-8.08578 358.002 -0.0345995 45 146 229
-8.03771 357.968 0.00872921 45 146 229
-8.07467 357.989 -0.0331588 45 146 229
-8.05866 357.979 -0.00124097 45 146 229
-8.05179 357.972 -0.00475564 45 146 229
-8.0577 357.987 -0.0316714 45 146 229
-8.08989 357.998 -0.0421682 45 146 229
-8.11942 357.995 -0.0305148 45 146 229
-8.09796 358.001 0.0167661 45 146 229
-8.06156 357.976 -0.0128146 45 146 229
-8.04023 357.967 0.0272853 45 146 229
-8.1065 357.99 -0.0265219 45 146 229
-8.07217 357.974 -0.00915003 45 146 229
-8.03483 357.965 0.0131233 45 146 229
-8.06809 357.968 0.0495521 45 146 229
-8.1098 357.988 -0.0251756 45 146 229
-8.04885 357.963 0.0163503 45 146 229
-8.07141 357.964 0.0127071 45 146 229
-8.06313 357.972 -0.00493992 45 146 229
-8.08926 357.99 -0.0315252 45 146 229
-8.03988 357.971 0.0171614 45 146 229
-8.11698 357.997 -0.033074 45 146 229
-8.04674 357.976 0.00332949 45 146 229
-8.07132 357.978 -0.0152012 45 146 229
-8.02796 357.964 0.0369878 45 146 229
-8.08611 357.997 -0.02672 45 146 229
-8.05952 357.988 -0.0177034 45 146 229
-8.02897 357.961 0.0280337 45 146 229
-8.07397 357.987 -0.0304756 45 146 229
-8.05962 357.984 -0.0112671 45 146 229
-8.08201 357.96 0.0119111 45 146 229
-8.10194 358.0 -0.0412328 45 146 229
-8.04313 357.975 0.00667859 45 146 229
-8.05615 357.967 0.00645713 45 146 229
-8.05822 357.975 0.0089166 45 146 229
-8.088 357.999 -0.0299041 45 146 229
-8.04933 357.97 0.000790716 45 146 229
-8.10869 357.993 -0.0302525 45 146 229
-8.04884 357.954 0.0407337 45 146 229
-8.08919 357.983 -0.0185213 45 146 229
-8.08531 357.994 -0.0231598 45 146 229
-8.05933 357.96 0.0231207 45 146 229
-8.07692 357.979 -0.0152508 45 146 229
-8.06108 357.977 0.00411991 45 146 229
-8.12347 358.005 -0.0407081 45 146 229
-8.09091 357.978 -0.0101406 45 146 229
-8.08099 358.008 -0.0464356 45 146 229
-8.06307 357.972 -0.00395031 45 146 229
-8.0801 357.98 -0.0173092 45 146 229
-8.08427 357.974 -0.00492991 45 146 229
-8.06887 357.969 0.00463636 45 146 229
-8.05423 357.958 0.0290951 45 146 229
-8.07844 357.971 0.000851971 45 146 229
-8.03059 357.958 0.0331045 45 146 229
-8.09081 357.974 -0.00741947 45 146 229
-8.06309 357.979 0.000158128 45 146 229
-8.04508 357.972 0.00216146 45 146 229
-8.09703 358.001 -0.0439041 45 146 229
-8.05304 357.974 -0.00974519 45 146 229
-8.07799 358.004 -0.0406345 45 146 229
-8.09418 357.984 -0.0183394 45 146 229
-8.10945 357.995 -0.0319369 45 146 229
-8.06976 357.982 -0.0224935 45 146 229
-8.05761 357.979 -0.0186811 45 146 229
-8.09889 358.005 -0.0349775 45 146 229
-8.04782 357.985 -0.0131478 45 146 229
-8.08265 358.001 -0.0330083 45 146 229
-8.04538 357.959 0.0291132 45 146 229
-8.09681 357.984 -0.0174674 45 146 229
-8.09494 357.995 -0.0363528 45 146 229
-8.10075 357.995 -0.0338802 45 146 229
-8.08879 357.971 -0.00134021 45 146 229
-8.05381 357.981 -0.0224143 45 146 229
-8.02931 357.964 0.0381142 45 146 229
-8.08085 357.994 -0.0386982 45 146 229
-8.0444 357.959 0.0293594 45 146 229
-8.07592 357.977 -0.0121294 45 146 229
-8.06891 357.994 -0.0264879 45 146 229
-8.07615 357.97 0.00218662 45 146 229
-8.0592 357.979 -0.0191421 45 146 229
-8.06782 357.963 0.0155263 45 146 229
-8.06036 357.978 -0.0175518 45 146 229
-8.05835 357.977 0.00404035 45 146 229
-8.03971 357.969 0.0058615 45 146 229
-8.05037 357.972 -0.00628877 45 146 229
-8.07349 357.983 -0.0237209 45 146 229
-8.10062 358.004 -0.0464883 45 146 229
-8.08394 358.001 -0.0332192 45 146 229
-8.04105 357.964 0.0156548 45 146 229
-8.03188 357.969 0.0225405 45 146 229
-8.05353 357.967 0.0061835 45 146 229
-8.09358 358.002 -0.0460488 45 146 229
-8.05886 357.988 -0.0176049 45 146 229
-8.07784 357.962 0.0137156 45 146 229
-8.08343 357.979 -0.0130149 45 146 229
-8.08576 357.998 -0.0277663 45 146 229
-8.03883 357.963 0.0184924 45 146 229
-8.05536 357.955 0.0370411 45 146 229
-8.08771 357.984 -0.0202995 45 146 229
-8.06597 357.963 0.0167161 45 146 229
-8.09241 357.99 -0.0289944 45 146 229
-8.09161 357.999 -0.0285079 45 146 229
-8.0659 357.96 0.0211852 45 146 229
-8.12231 358.006 -0.041955 45 146 229
-8.05322 357.96 0.0257195 45 146 229
-8.07315 358.002 -0.0366104 45 146 229
-8.07675 357.995 -0.0412776 45 146 229
-8.05787 357.954 0.036395 45 146 229
-8.05295 357.964 0.0142535 45 146 229
-8.08231 357.997 -0.0276014 45 146 229
-8.09673 357.998 -0.0396011 45 146 229
-8.09462 357.993 -0.0339748 45 146 229
-8.10402 357.987 -0.0228237 45 146 229
-8.06514 357.964 0.0132303 45 146 229
-8.05951 357.986 -0.01574 45 146 229
-8.09682 358.001 -0.0440845 45 146 229
-8.05677 357.977 0.00341519 45 146 229
-8.06952 357.963 0.015171 45 146 229
-8.09116 357.989 -0.0276213 45 146 229
-8.03595 357.96 0.0235756 45 146 229
-8.09766 357.981 -0.0153012 45 146 229
-8.09986 357.998 -0.03962 45 146 229
-8.07039 357.997 -0.0474165 45 146 229
-8.05934 357.978 0.00181631 45 146 229
-8.10309 357.997 -0.0365357 45 146 229
-8.05149 357.96 0.023295 45 146 229
-8.10241 358.0 -0.0404268 45 146 229
-8.0389 357.971 0.0174646 45 146 229
-8.08573 357.977 -0.00860668 45 146 229
-8.06172 357.973 -0.00845718 45 146 229
-8.10656 357.994 -0.0311032 45 146 229
-8.03641 357.959 0.0271191 45 146 229
-8.05597 357.977 -0.014777 45 146 229
-8.10359 358.005 0.00511945 45 146 229
-8.07727 357.987 -0.0284313 45 146 229
-8.05471 357.973 -0.00875319 45 146 229
-8.05082 357.99 -0.0225674 45 146 229
-8.07704 357.996 -0.0272489 45 146 229
-8.05836 357.989 -0.0206472 45 146 229
-8.06831 357.97 0.051698 45 146 229
-8.06009 357.96 0.0237385 45 146 229
-8.10716 357.992 -0.0280578 45 146 229
-8.05347 357.958 0.0304879 45 146 229
-8.09284 357.997 0.0178748 45 146 229
-8.08065 357.997 -0.0276145 45 146 229
-8.08986 358.002 -0.0333003 45 146 229
-8.08037 357.992 -0.0200376 45 146 229
-8.059 357.989 -0.0321559 45 146 229
-8.06112 357.96 0.0231575 45 146 229
-8.1031 358.0 -0.0411909 45 146 229
-8.07004 357.975 -0.00910096 45 146 229
-8.08538 357.992 -0.01789 45 146 229
-8.06459 357.985 -0.0274374 45 146 229
-8.05576 357.962 0.0193986 45 146 229
-8.06688 357.963 0.0156319 45 146 229
-8.07137 357.973 -0.00497196 45 146 229
-8.04982 357.964 0.0127884 45 146 229
-8.04789 357.955 0.0388022 45 146 229
-8.08387 357.997 -0.0277622 45 146 229
-8.07251 357.994 -0.0254202 45 146 229
-8.06754 357.994 -0.0262868 45 146 229
-8.07948 357.981 -0.0177726 45 146 229
-8.04756 357.963 0.015694 45 146 229
-8.08504 357.968 0.00416242 45 146 229
-8.06242 357.962 0.018207 45 146 229
-8.09677 357.999 -0.0413091 45 146 229
-8.04674 357.958 0.030857 45 146 229
-8.06373 357.961 0.0198262 45 146 229
-8.06725 357.969 0.00332859 45 146 229
-8.0771 357.99 -0.0341519 45 146 229
-8.0911 357.999 -0.0283241 45 146 229
-8.03279 357.964 0.0338742 45 146 229
-8.04127 357.961 0.0220114 45 146 229
-8.08244 357.979 -0.0138215 45 146 229
-8.04972 357.981 -0.0208717 45 146 229
-8.07569 357.982 -0.0216188 45 146 229
-8.03634 357.958 0.0315383 45 146 229
-8.08981 357.998 -0.0268886 45 146 229
-8.07126 357.998 -0.031027 45 146 229
-8.10368 357.997 -0.0360148 45 146 229
-8.03911 357.957 0.0342501 45 146 229
-8.08157 357.996 -0.0423848 45 146 229
-8.05082 357.961 0.022316 45 146 229
-8.0792 357.997 -0.0441207 45 146 229
-8.07641 357.998 -0.0455557 45 146 229
-8.10529 358.006 -0.0468032 45 146 229
-8.08237 357.977 -0.0101077 45 146 229
-8.074 357.988 -0.0158335 45 146 229
-8.05304 357.98 -0.00350439 45 146 229
-8.03982 357.966 0.0303073 45 146 229
-8.04787 357.968 0.00211134 45 146 229
-8.04428 357.959 0.0268325 45 146 229
-8.05956 357.974 0.0126604 45 146 229
-8.09162 357.996 -0.0380507 45 146 229
-8.08745 357.991 0.0179028 45 146 229
-8.07457 358.003 -0.0523796 45 146 229
-8.07463 357.967 0.00704044 45 146 229
-8.10808 357.988 -0.0236471 45 146 229
-8.06485 357.968 0.00378231 45 146 229
-8.06114 357.974 0.0115496 45 146 229
-8.06631 357.984 -0.0103427 45 146 229
-8.08489 357.989 0.0238978 45 146 229
-8.08126 358.001 -0.0342713 45 146 229
-8.05702 357.979 -0.0183902 45 146 229
-8.079 357.999 -0.0469494 45 146 229
-8.04484 357.975 -0.000169354 45 146 229
-8.07457 357.978 -0.0146607 45 146 229
-8.05294 357.962 0.0184553 45 146 229
-8.07883 357.998 -0.0457312 45 146 229
-8.08476 358.001 -0.0481645 45 146 229
-8.08866 357.987 -0.0261778 45 146 229
-8.08381 357.979 -0.0117538 45 146 229
-8.09439 357.997 0.0165974 45 146 229
-8.0606 357.983 -0.0257206 45 146 229
-8.08547 358.007 -0.0422867 45 146 229
-8.04063 357.956 0.0382932 45 146 229
-8.08074 357.97 0.00237979 45 146 229
-8.06006 357.978 -0.0178777 45 146 229
-8.10474 358.006 0.00920214 45 146 229
-8.047 357.959 0.0288479 45 146 229
-8.12062 357.998 -0.0348535 45 146 229
-8.06489 357.965 0.012607 45 146 229
-8.09099 357.98 -0.0130868 45 146 229
-8.06098 357.958 0.0269341 45 146 229
-8.06142 357.986 -0.0152951 45 146 229
-8.09019 357.99 -0.0312613 45 146 229
-8.11671 358.001 -0.0378314 45 146 229
-8.05824 357.977 -0.0151734 45 146 229
-8.03761 357.966 0.029359 45 146 229
-8.06784 358.008 -0.0402632 45 146 229
-8.06935 357.978 -0.0162102 45 146 229
-8.0687 357.982 -0.0232325 45 146 229
-8.09144 358.001 -0.0453773 45 146 229
-8.06002 357.963 0.0560898 45 146 229
-8.05932 357.982 -0.0243875 45 146 229
-8.05948 357.982 -0.022991 45 146 229
-8.04696 357.961 0.0234502 45 146 229
-8.08575 357.994 -0.0385471 45 146 229
-8.04423 357.963 0.0163142 45 146 229
-8.076 357.96 0.0158796 45 146 229
-8.04591 357.958 0.0325892 45 146 229
-8.03772 357.961 0.0220086 45 146 229
-8.06218 357.97 0.000179905 45 146 229
-8.06684 357.98 -0.0202968 45 146 229
-8.07628 357.994 -0.0244332 45 146 229
-8.12305 357.999 -0.0388067 45 146 229
-8.10692 357.993 -0.0295566 45 146 229
-8.08192 357.982 -0.0197977 45 146 229
-8.08218 357.992 -0.0360924 45 146 229
-8.0507 357.972 0.014446 45 146 229
-8.04547 357.973 -0.00774155 45 146 229
-8.08287 358.011 -0.0508749 45 146 229
-8.09727 358.0 0.0132201 45 146 229
-8.08678 357.989 0.01507 45 146 229
-8.05438 357.974 -0.0100789 45 146 229
-8.07232 357.999 -0.0334967 45 146 229
-8.08633 358.004 -0.0370935 45 146 229
-8.04701 357.957 0.0339929 45 146 229
-8.05572 357.953 0.040699 45 146 229
-8.0616 357.968 0.00454512 45 146 229
-8.07666 357.995 -0.0263648 45 146 229
-8.10817 357.991 -0.0271755 45 146 229
-8.07221 357.973 -0.00387529 45 146 229
-8.04665 357.956 0.03812 45 146 229
-8.10605 357.995 -0.0316036 45 146 229
-8.06663 357.963 0.0159011 45 146 229
-8.0291 357.965 0.0333493 45 146 229
-8.05344 357.953 0.0404991 45 146 229
-8.10644 357.995 -0.0315839 45 146 229
-8.04989 357.982 -0.00657496 45 146 229
-8.06934 357.983 -0.00710076 45 146 229
-8.05041 357.958 0.0304618 45 146 229
-8.06704 357.985 -0.0276725 45 146 229
-8.06441 357.964 0.0152825 45 146 229
-8.05719 357.985 -0.0132301 45 146 229
-8.06346 357.984 -0.0267109 45 146 229
-8.0632 357.967 0.00867469 45 146 229
-8.09128 357.987 -0.0249667 45 146 229
-8.068 357.966 0.0103233 45 146 229
-8.03473 357.963 0.0379093 45 146 229
-8.03898 357.957 0.0366858 45 146 229
-8.07254 357.978 -0.0162312 45 146 229
-8.08243 357.991 -0.0175118 45 146 229
-8.06956 357.99 -0.0360713 45 146 229
-8.05684 357.979 -0.0195008 45 146 229
-8.10199 357.999 -0.0395629 45 146 229
-8.09895 358.0 0.00855768 45 146 229
-8.06709 358.001 -0.0418435 45 146 229
-8.09136 357.983 -0.0175753 45 146 229
-8.04768 357.96 0.0242001 45 146 229
-8.04476 357.962 0.0190791 45 146 229
-8.06376 357.964 0.0150228 45 146 229
-8.06715 357.994 -0.0384343 45 146 229
-8.10118 358.004 -0.0323577 45 146 229
-8.06482 357.962 0.0179437 45 146 229
-8.06001 357.969 0.00155679 45 146 229
-8.06774 357.99 -0.0210511 45 146 229
-8.04715 357.957 0.0345879 45 146 229
-8.10888 357.999 -0.0372894 45 146 229
-8.04943 357.963 0.0161 45 146 229
-8.07049 357.976 -0.0120929 45 146 229
-8.08024 357.966 0.00764252 45 146 229
-8.10237 357.994 -0.0314027 45 146 229
-8.08237 357.983 -0.0211171 45 146 229
-8.02913 357.963 0.0211836 45 146 229
-8.08051 357.985 -0.0256761 45 146 229
-8.07109 357.968 0.00552604 45 146 229
-8.09409 358.004 -0.0356033 45 146 229
-8.05196 357.98 -0.0209105 45 146 229
-8.0654 357.953 0.033435 45 146 229
-8.06597 357.983 -0.0246516 45 146 229
-8.0634 357.958 0.0244184 45 146 229
-8.07304 357.986 -0.0286574 45 146 229
-8.11213 357.994 -0.0303939 45 146 229
-8.08859 357.986 -0.0248484 45 146 229
-8.0652 357.975 -0.0106988 45 146 229
-8.06376 357.972 -0.00614381 45 146 229
-8.09863 358.004 -0.0471449 45 146 229
-8.11487 358.005 -0.0424586 45 146 229
-8.06473 357.964 0.0149563 45 146 229
-8.08847 357.993 0.0228377 45 146 229
-8.0628 357.967 0.00667522 45 146 229
-8.09254 357.998 -0.0411814 45 146 229
-8.09023 357.984 -0.0189348 45 146 229
-8.11257 357.997 -0.0331328 45 146 229
-8.10571 357.993 -0.0291341 45 146 229
-8.06118 357.98 -0.0197935 45 146 229
-8.03932 357.957 0.0368682 45 146 229
-8.05479 357.958 0.0281619 45 146 229
-8.10102 357.99 -0.0269405 45 146 229
-8.05974 357.975 0.008947 45 146 229
-8.066 357.979 -0.0180557 45 146 229
-8.04417 357.976 -0.00867731 45 146 229
-8.08347 357.972 -0.000591304 45 146 229
-8.05127 357.986 -0.0264456 45 146 229
-8.08191 357.979 -0.0136674 45 146 229
-8.05786 357.991 -0.0228873 45 146 229
-8.05725 357.992 -0.0265949 45 146 229
-8.09046 357.993 -0.0342615 45 146 229
-8.05134 357.975 -0.0116918 45 146 229
-8.04944 357.958 0.0304742 45 146 229
-8.06733 358.002 -0.0397525 45 146 229
-8.09752 358.011 -0.0443972 45 146 229
-8.10703 357.999 -0.0385135 45 146 229
-8.07774 357.981 -0.0185879 45 146 229
-8.0497 357.966 0.00989257 45 146 229
-8.07117 358.007 -0.045473 45 146 229
-8.07527 358.009 -0.0492694 45 146 229
-8.07655 357.971 0.00132434 45 146 229
-8.0837 357.981 -0.0175284 45 146 229
-8.08217 357.973 -0.00233511 45 146 229
-8.09911 357.99 -0.0272828 45 146 229
-8.04809 357.964 0.0148058 45 146 229
-8.06419 357.962 0.0191065 45 146 229
-8.08049 358.006 -0.0434003 45 146 229
-8.09589 357.988 -0.0247647 45 146 229
-8.04299 357.962 0.0198401 45 146 229
-8.06863 357.977 -0.0136932 45 146 229
-8.05044 357.972 0.0139007 45 146 229
-8.11037 357.997 -0.0346528 45 146 229
-8.10864 358.011 0.00654558 45 146 229
-8.05474 357.956 0.0350273 45 146 229
-8.05494 357.965 0.0101183 45 146 229
-8.06398 357.955 0.0299052 45 146 229
-8.06111 357.962 0.0187115 45 146 229
-8.04883 357.984 -0.0105785 45 146 229
-8.03879 357.963 0.0167072 45 146 229
-8.06288 357.965 0.0135336 45 146 229
-8.07274 357.993 -0.0237952 45 146 229
-8.07394 357.971 0.00112599 45 146 229
-8.05415 357.965 0.0110723 45 146 229
-8.0813 357.975 -0.00612355 45 146 229
-8.07707 357.974 -0.00500515 45 146 229
-8.04506 357.976 -0.0117046 45 146 229
-8.06704 357.973 -0.00599816 45 146 229
-8.05734 357.963 0.0168323 45 146 229
-8.08715 357.987 -0.0272479 45 146 229
-8.05592 357.975 -0.0111594 45 146 229
-8.09412 357.981 -0.0148672 45 146 229
-8.06415 357.964 0.0141576 45 146 229
-8.0562 357.964 0.0127902 45 146 229
-8.08374 358.003 -0.0511533 45 146 229
-8.04052 357.961 0.0234072 45 146 229
-8.03648 357.959 0.0267947 45 146 229
-8.08597 357.986 -0.0245463 45 146 229
-8.05917 357.983 -0.00920416 45 146 229
-8.08128 357.98 -0.0160706 45 146 229
-8.10601 357.992 -0.0279094 45 146 229
-8.08303 357.984 -0.0232134 45 146 229
-8.07995 357.963 0.0109439 45 146 229
-8.05754 357.958 0.028784 45 146 229
-8.05873 357.978 0.00121772 45 146 229
-8.07003 358.003 -0.0430803 45 146 229
-8.0679 357.998 -0.04712 45 146 229
-8.07751 357.986 -0.0283129 45 146 229
-8.04094 357.968 0.0263568 45 146 229
-8.04964 357.985 -0.0127238 45 146 229
-8.02886 357.966 0.0304595 45 146 229
-8.06157 357.986 -0.0295631 45 146 229
-8.09224 358.007 -0.04024 45 146 229
-8.07792 357.981 -0.0191866 45 146 229
-8.09575 357.987 -0.0230033 45 146 229
-8.07008 357.965 0.0112512 45 146 229
-8.0545 357.957 0.0310292 45 146 229
-8.07047 358.005 -0.053003 45 146 229
-8.05697 357.978 0.000701056 45 146 229
-8.04494 357.964 0.0137268 45 146 229
-8.06511 357.994 -0.0272912 45 146 229
-8.05337 357.972 -0.00585157 45 146 229
-8.06633 357.987 -0.0154866 45 146 229
-8.10578 357.995 -0.032198 45 146 229
-8.05038 357.986 -0.0255347 45 146 229
-8.07676 358.003 -0.0389743 45 146 229
-8.10169 358.009 -0.0410842 45 146 229
-8.05762 357.983 -0.0101168 45 146 229
-8.08007 357.995 -0.0248467 45 146 229
-8.11051 358.0 -0.0389424 45 146 229
-8.05183 357.984 -0.0111833 45 146 229
-8.10942 357.993 -0.0296697 45 146 229
-8.0493 357.975 -0.0194648 45 146 229
-8.06613 357.959 0.0219618 45 146 229
-8.06977 357.96 0.0191886 45 146 229
-8.06523 357.966 0.0109767 45 146 229
-8.07108 358.01 -0.048426 45 146 229
-8.11131 357.992 -0.0280842 45 146 229
-8.03197 357.961 0.0248765 45 146 229
-8.08086 357.985 0.0205668 45 146 229
-8.05689 357.956 0.0325438 45 146 229
-8.0554 357.974 0.00848364 45 146 229
-8.08278 357.987 -0.0281467 45 146 229
-8.04136 357.964 0.0352379 45 146 229
-8.07414 358.008 -0.0465351 45 146 229
-8.09122 357.998 -0.0412584 45 146 229
-8.09158 358.006 -0.0387172 45 146 229
-8.08077 357.966 0.0073122 45 146 229
-8.10774 357.993 -0.0293206 45 146 229
-8.05064 357.976 0.00572968 45 146 229
-8.07546 357.995 -0.0427089 45 146 229
-8.03878 357.965 0.0142146 45 146 229
-8.08124 357.977 -0.0093695 45 146 229
-8.08411 357.995 -0.0402081 45 146 229
-8.09031 357.997 -0.0263231 45 146 229
-8.08003 357.975 -0.00648603 45 146 229
-8.02717 357.966 0.0314084 45 146 229
-8.05583 357.953 0.0408062 45 146 229
-8.05987 357.964 0.014288 45 146 229
-8.1024 358.003 0.00486748 45 146 229
-8.06071 357.958 0.026311 45 146 229
-8.05934 357.995 -0.0222853 45 146 229
-8.05122 357.953 0.0434679 45 146 229
-8.05664 357.958 0.0278726 45 146 229
-8.06013 357.965 0.0108902 45 146 229
-8.07047 357.971 9.63775e-05 45 146 229
-8.0412 357.959 0.0257157 45 146 229
-8.08747 358.002 -0.0333737 45 146 229
-8.09873 358.003 -0.0454022 45 146 229
-8.03744 357.966 0.0291016 45 146 229
-8.08921 357.993 -0.0352851 45 146 229
-8.03236 357.968 0.0257747 45 146 229
-8.08271 357.994 -0.0226791 45 146 229
-8.10557 357.993 -0.029235 45 146 229
-8.11263 357.998 -0.0355617 45 146 229
-8.04825 357.987 -0.0239724 45 146 229
-8.07704 357.995 -0.0251711 45 146 229
-8.06661 357.96 0.0207318 45 146 229
-8.09149 357.989 -0.0287134 45 146 229
-8.04901 357.983 -0.0189624 45 146 229
-8.07637 357.988 -0.0311957 45 146 229
-8.05806 357.972 -0.00567505 45 146 229
-8.05164 357.984 -0.0268024 45 146 229
-8.03448 357.969 0.0125999 45 146 229
-8.05306 357.968 0.00344862 45 146 229
-8.05611 357.968 0.00354642 45 146 229
-8.08408 357.997 -0.0263677 45 146 229
-8.11395 358.0 -0.0374523 45 146 229
-8.06404 357.98 -0.000845209 45 146 229
-8.0747 357.984 -0.0251784 45 146 229
-8.12431 358.0 -0.0360566 45 146 229
-8.09975 357.997 -0.0380771 45 146 229
-8.06807 357.982 -0.0228208 45 146 229
-8.07755 357.975 -0.00674646 45 146 229
-8.04386 357.958 0.0326943 45 146 229
-8.07759 357.992 -0.0371552 45 146 229
-8.06428 357.959 0.0229387 45 146 229
-8.04122 357.971 0.00412429 45 146 229
-8.04807 357.958 0.0296706 45 146 229
-8.03213 357.961 0.024659 45 146 229
-8.04441 357.973 0.00384828 45 146 229
-8.0597 357.98 -0.0211957 45 146 229
-8.09872 358.004 -0.0332176 45 146 229
-8.09484 357.996 0.010087 45 146 229
-8.06902 357.97 0.00137846 45 146 229
-8.07877 357.993 -0.0384121 45 146 229
-8.09441 358.002 -0.0327845 45 146 229
-8.04659 357.953 0.0465754 45 146 229
-8.09165 357.986 -0.0218912 45 146 229
-8.10963 357.997 -0.034927 45 146 229
-8.06871 357.999 -0.0333381 45 146 229
-8.08077 357.986 -0.0272727 45 146 229
-8.10951 357.994 -0.0307115 45 146 229
-8.07162 357.963 0.014396 45 146 229
-8.05194 357.972 -0.00423524 45 146 229
-8.07446 357.986 -0.0113383 45 146 229
-8.03886 357.969 0.00857659 45 146 229
-8.05724 357.979 -0.0184252 45 146 229
-8.08734 357.982 -0.0164203 45 146 229
-8.05613 357.964 0.0121575 45 146 229
-8.0592 357.981 -0.00446147 45 146 229
-8.0884 357.995 -0.0236587 45 146 229
-8.09728 357.99 -0.0269309 45 146 229
-8.06567 357.989 -0.0192559 45 146 229
-8.06085 357.98 -0.0205668 45 146 229
-8.04947 357.96 0.02535 45 146 229
-8.06736 357.991 -0.0405169 45 146 229
-8.03954 357.968 0.00776795 45 146 229
-8.05497 357.98 -0.00222652 45 146 229
-8.10384 358.005 0.00453756 45 146 229
-8.05457 357.96 0.0232898 45 146 229
-8.0803 357.992 -0.0364599 45 146 229
-8.0611 357.981 -0.00548156 45 146 229
-8.06667 357.961 0.0184837 45 146 229
-8.08171 357.989 -0.0139981 45 146 229
-8.03327 357.969 0.0229774 45 146 229
-8.08454 357.967 0.00538954 45 146 229
-8.02986 357.963 0.038684 45 146 229
-8.05111 357.974 -0.00970335 45 146 229
-8.06611 357.985 -0.0275769 45 146 229
-8.0619 357.993 -0.0307365 45 146 229
-8.05083 357.974 0.0106353 45 146 229
-8.06147 357.977 -0.0155761 45 146 229
-8.03509 357.956 0.0400248 45 146 229
-8.05206 357.956 0.0342551 45 146 229
-8.09485 357.978 -0.0114314 45 146 229
-8.06841 357.972 -0.00341655 45 146 229
-8.09401 357.998 0.0168393 45 146 229
-8.04798 357.985 -0.0189412 45 146 229
-8.0599 357.978 -0.0163447 45 146 229
-8.07022 358.003 -0.0401665 45 146 229
-8.09747 357.999 -0.0402277 45 146 229
-8.05666 357.957 0.0318062 45 146 229
-8.1039 357.993 -0.0298278 45 146 229
-8.08196 357.991 -0.0189186 45 146 229
-8.05393 357.962 0.0201031 45 146 229
-8.05622 357.963 0.0171646 45 146 229
-8.05653 357.974 0.00899438 45 146 229
-8.07421 357.987 -0.0301341 45 146 229
-8.03361 357.969 0.0243453 45 146 229
-8.08048 358.001 -0.0345639 45 146 229
-8.10269 357.997 -0.0366204 45 146 229
-8.06073 357.987 -0.0167143 45 146 229
-8.07652 357.964 0.0104613 45 146 229
-8.09909 358.003 0.0174603 45 146 229
-8.09406 357.998 -0.040546 45 146 229
-8.04677 357.957 0.0348535 45 146 229
-8.06852 357.984 -0.0259368 45 146 229
-8.07586 357.963 0.0123069 45 146 229
-8.0567 357.957 0.0300592 45 146 229
-8.05504 357.953 0.0405838 45 146 229
-8.05072 357.973 0.0130128 45 146 229
-8.0705 357.969 0.00289962 45 146 229
-8.1112 358.009 -0.0478456 45 146 229
-8.06326 357.959 0.0241737 45 146 229
-8.05414 357.975 -0.0115088 45 146 229
-8.06372 357.983 -0.0258731 45 146 229
-8.10218 357.987 -0.0230333 45 146 229
-8.06858 357.967 0.00751753 45 146 229
-8.08285 357.979 -0.0120973 45 146 229
-8.09422 357.993 -0.0343588 45 146 229
-8.07183 357.982 -0.00320137 45 146 229
-8.06501 357.974 -0.0090935 45 146 229
-8.05317 357.96 0.0256625 45 146 229
-8.05534 357.975 -0.0128703 45 146 229
-8.04456 357.965 0.0119906 45 146 229
-8.04026 357.96 0.0263234 45 146 229
-8.07868 357.974 -0.00493616 45 146 229
-8.02704 357.965 0.0351335 45 146 229
-8.06152 357.959 0.0242093 45 146 229
-8.04526 357.973 -0.00463365 45 146 229
-8.09485 358.01 -0.0443134 45 146 229
-8.09451 357.994 -0.0356556 45 146 229
-8.06412 357.956 0.0297701 45 146 229
-8.05956 357.96 0.0241616 45 146 229
-8.0771 357.98 -0.0173696 45 146 229
-8.05729 357.99 -0.0208074 45 146 229
-8.11054 357.992 -0.0282535 45 146 229
-8.07159 357.99 -0.0192797 45 146 229
-8.06907 358.004 -0.047614 45 146 229
-8.05857 357.98 -0.00254606 45 146 229
-8.04124 357.957 0.0358752 45 146 229
-8.08523 358.003 -0.0360311 45 146 229
-8.06853 357.958 0.0220623 45 146 229
-8.04244 357.963 0.016835 45 146 229
-8.04657 357.974 0.00917207 45 146 229
-8.06428 357.993 -0.0379895 45 146 229
-8.04548 357.976 -0.00337214 45 146 229
-8.05516 357.975 0.00724404 45 146 229
-8.03161 357.963 0.0197343 45 146 229
-8.1023 357.998 -0.0380473 45 146 229
-8.08649 357.987 -0.0272763 45 146 229
-8.10419 357.995 -0.0326036 45 146 229
-8.08253 357.973 -0.00241041 45 146 229
-8.0753 357.972 -0.00167179 45 146 229
-8.04989 357.97 -0.00310525 45 146 229
-8.09606 358.006 -0.0503443 45 146 229
-8.09342 358.004 -0.0484274 45 146 229
-8.09162 357.997 -0.0257913 45 146 229
-8.09837 357.99 -0.0263803 45 146 229
-8.07098 358.0 -0.0348002 45 146 229
-8.03613 357.964 0.0162566 45 146 229
-8.03297 357.963 0.0390989 45 146 229
-8.0751 357.994 -0.041208 45 146 229
-8.08599 357.981 -0.0152605 45 146 229
-8.05607 357.963 0.0160054 45 146 229
-8.07436 357.962 0.0143575 45 146 229
-8.05257 357.969 0.0026426 45 146 229
-8.09246 357.995 0.016454 45 146 229
-8.09359 357.992 -0.0329876 45 146 229
-8.04288 357.961 0.0228371 45 146 229
-8.05146 357.967 0.0064002 45 146 229
-8.08693 357.98 -0.0132009 45 146 229
-8.03869 357.97 0.00872111 45 146 229
-8.05876 357.985 -0.0127977 45 146 229
-8.09192 357.989 -0.0280536 45 146 229
-8.04706 357.973 -0.0127488 45 146 229
-8.04544 357.956 0.0361522 45 146 229
-8.04249 357.962 0.0198619 45 146 229
-8.06624 357.97 -0.000298844 45 146 229
-8.067 357.985 -0.0283244 45 146 229
-8.05159 357.967 0.00547039 45 146 229
-8.09621 357.987 -0.0219792 45 146 229
-8.05519 357.962 0.019908 45 146 229
-8.05405 357.984 -0.0106797 45 146 229
-8.06756 357.97 0.0538045 45 146 229
-8.06673 357.969 0.00308486 45 146 229
-8.05189 357.974 0.00991275 45 146 229
-8.07345 357.973 -0.00505527 45 146 229
-8.07524 358.005 -0.0424709 45 146 229
-8.05456 357.98 -0.0208862 45 146 229
-8.07552 357.988 -0.0318442 45 146 229
-8.08833 357.988 -0.0270359 45 146 229
-8.10181 358.006 -0.0362127 45 146 229
-8.09208 357.989 -0.0274011 45 146 229
-8.07575 357.997 -0.0296433 45 146 229
-8.05141 357.966 0.00761968 45 146 229
-8.05611 357.961 0.0203924 45 146 229
-8.07902 357.977 -0.00923764 45 146 229
-8.07421 357.963 0.0130875 45 146 229
-8.06895 357.986 -0.0288011 45 146 229
-8.08249 357.984 -0.0221959 45 146 229
-8.07302 357.965 0.0114492 45 146 229
-8.06633 357.988 -0.01743 45 146 229
-8.08668 357.987 -0.0264794 45 146 229
-8.06448 357.983 -0.0255214 45 146 229
-8.03918 357.956 0.0382147 45 146 229
-8.07253 357.983 -0.0239017 45 146 229
-8.087 357.987 -0.0273589 45 146 229
-8.04808 357.983 -0.0228406 45 146 229
-8.06791 358.006 -0.0534725 45 146 229
-8.04968 357.973 0.0133542 45 146 229
-8.08091 357.997 -0.0270307 45 146 229
-8.12315 358.007 -0.0417467 45 146 229
-8.05428 357.976 0.00568328 45 146 229
-8.10938 357.996 -0.0331633 45 146 229
-8.09741 357.991 -0.0282828 45 146 229
-8.05261 357.962 0.0180024 45 146 229
-8.0579 357.96 0.0248007 45 146 229
-8.04871 357.982 -0.0242937 45 146 229
-8.0801 357.974 -0.00508364 45 146 229
-8.06163 357.99 -0.0221013 45 146 229
-8.09568 358.001 -0.029838 45 146 229
-8.10577 358.005 -0.00247009 45 146 229
-8.10578 358.006 -0.0345672 45 146 229
-8.0462 357.973 -0.00668736 45 146 229
-8.09046 357.974 -0.00620652 45 146 229
-8.03122 357.959 0.0317611 45 146 229
-8.08755 357.981 -0.0151694 45 146 229
-8.07137 357.965 0.0112275 45 146 229
-8.10861 357.998 -0.0360297 45 146 229
-8.06264 357.976 0.00672657 45 146 229
-8.04353 357.97 0.0192729 45 146 229
-8.06143 357.988 -0.0178039 45 146 229
-8.05952 357.966 0.00934338 45 146 229
-8.0927 357.995 0.0127086 45 146 229
-8.07874 357.961 0.0162947 45 146 229
-8.09474 357.975 -0.00728076 45 146 229
-8.06699 357.967 0.0490582 45 146 229
-8.06517 357.96 0.0215131 45 146 229
-8.07207 357.985 -0.0272857 45 146 229
-8.0316 357.963 0.0184831 45 146 229
-8.11136 358.001 -0.0395528 45 146 229
-8.07756 358.004 -0.0524703 45 146 229
-8.09622 357.984 -0.0186766 45 146 229
-8.07187 357.968 0.00544334 45 146 229
-8.09434 357.993 -0.0329896 45 146 229
-8.06586 357.968 0.00558665 45 146 229
-8.05051 357.97 -0.000222452 45 146 229
-8.0682 357.982 -0.0228236 45 146 229
-8.09944 358.001 0.0112126 45 146 229
-8.07804 357.997 -0.0443076 45 146 229
-8.07976 357.984 -0.0245775 45 146 229
-8.08121 357.979 -0.0141176 45 146 229
-8.10074 358.008 -0.0387683 45 146 229
-8.05056 357.957 0.0337219 45 146 229
-8.0627 357.992 -0.0347189 45 146 229
-8.06766 357.969 0.0514406 45 146 229
-8.04407 357.965 0.0136741 45 146 229
-8.10926 358.0 -0.0412616 45 146 229
-8.07701 357.958 0.02148 45 146 229
-8.07016 357.992 -0.0221823 45 146 229
-8.06245 357.991 -0.0233953 45 146 229
-8.07274 357.988 -0.0318176 45 146 229
-8.04989 357.96 0.0245459 45 146 229
-8.08082 357.973 -0.00225948 45 146 229
-8.06478 357.97 0.000627051 45 146 229
-8.08049 357.97 0.00260716 45 146 229
-8.03739 357.964 0.0369341 45 146 229
-8.09671 357.991 -0.0284694 45 146 229
-8.06847 357.969 0.00316764 45 146 229
-8.05662 357.965 0.0107129 45 146 229
-8.09663 358.006 -0.0366663 45 146 229
-8.07807 358.003 -0.0384668 45 146 229
-8.06812 357.964 0.0131565 45 146 229
-8.09391 357.99 -0.0285523 45 146 229
-8.08728 357.985 -0.0233729 45 146 229
-8.09016 357.987 -0.0253583 45 146 229
-8.05569 357.979 -0.0185035 45 146 229
-8.08066 358.009 -0.0476224 45 146 229
-8.10199 358.001 -0.0423851 45 146 229
-8.06704 357.98 -0.0200818 45 146 229
-8.05046 357.973 0.0123565 45 146 229
-8.0812 357.966 0.00647669 45 146 229
-8.05667 357.975 0.00866641 45 146 229
-8.06535 357.967 0.00764077 45 146 229
-8.04927 357.964 0.0143879 45 146 229
-8.09298 357.995 -0.0365888 45 146 229
-8.08792 357.99 -0.0320217 45 146 229
-8.07735 357.994 -0.0244122 45 146 229
-8.03606 357.965 0.0336096 45 146 229
-8.06808 357.985 -0.0117438 45 146 229
-8.08548 357.989 0.0192214 45 146 229
-8.02916 357.965 0.0331903 45 146 229
-8.08431 357.988 0.0185467 45 146 229
-8.04573 357.953 0.0418843 45 146 229
-8.07041 357.958 0.0225987 45 146 229
-8.115 358.003 -0.0407086 45 146 229
-8.04973 357.956 0.0362224 45 146 229
-8.12493 358.008 -0.0409798 45 146 229
-8.11199 357.999 -0.036687 45 146 229
-8.05734 357.99 -0.0209387 45 146 229
-8.10706 358.008 0.00362959 45 146 229
-8.04915 357.971 -0.00391055 45 146 229
-8.06775 357.987 -0.0311263 45 146 229
-8.04396 357.956 0.0376073 45 146 229
-8.11843 358.009 -0.0457702 45 146 229
-8.11066 357.999 -0.0378729 45 146 229
-8.0484 357.961 0.0249048 45 146 229
-8.07167 357.963 0.0143387 45 146 229
-8.10624 357.991 -0.0269209 45 146 229
-8.06423 358.001 -0.0358362 45 146 229
-8.04806 357.958 0.0294479 45 146 229
-8.03039 357.96 0.0275443 45 146 229
-8.08075 357.968 0.00519375 45 146 229
-8.10437 357.988 -0.0240428 45 146 229
-8.09062 358.01 -0.0462017 45 146 229
-8.10064 357.981 -0.0156632 45 146 229
-8.04999 357.959 0.02739 45 146 229
-8.0513 357.974 -0.00948257 45 146 229
-8.05598 357.991 -0.025719 45 146 229
-8.10061 358.001 0.00347589 45 146 229
-8.06969 358.006 -0.0418869 45 146 229
-8.05404 357.966 0.00899177 45 146 229
-8.06542 357.986 -0.0148969 45 146 229
-8.0277 357.968 0.0142057 45 146 229
-8.07685 358.001 -0.0501859 45 146 229
-8.11376 358.004 -0.0428154 45 146 229
-8.03499 357.966 0.0308557 45 146 229
-8.08007 357.972 -0.000923777 45 146 229
-8.06455 357.964 0.0150719 45 146 229
-8.03664 357.961 0.0230679 45 146 229
-8.08795 357.999 -0.0437183 45 146 229
-8.07265 357.965 0.0103626 45 146 229
-8.12044 358.0 -0.0363445 45 146 229
-8.09258 358.003 -0.0480003 45 146 229
-8.10822 357.994 -0.0312757 45 146 229
-8.0409 357.959 0.0281082 45 146 229
-8.05448 357.959 0.0255609 45 146 229
-8.03561 357.963 0.0402269 45 146 229
-8.03792 357.962 0.0195 45 146 229
-8.06885 357.957 0.0243155 45 146 229
-8.07559 357.972 -0.000461288 45 146 229
-8.06626 357.978 0.0032743 45 146 229
-8.04764 357.954 0.0411165 45 146 229
-8.0614 357.988 -0.0188228 45 146 229
-8.0765 357.979 -0.0162493 45 146 229
-8.09058 357.993 -0.0352257 45 146 229
-8.07719 357.997 -0.0453491 45 146 229
-8.06049 357.961 0.0201811 45 146 229
-8.11111 357.998 -0.0363158 45 146 229
-8.09654 357.985 -0.018998 45 146 229
-8.08236 357.984 -0.023794 45 146 229
-8.07158 357.963 0.0130217 45 146 229
-8.07159 357.964 0.012167 45 146 229
-8.06482 357.988 -0.0169041 45 146 229
-8.08366 358.0 -0.0469126 45 146 229
-8.07227 357.981 -0.0201262 45 146 229
-8.06435 357.964 0.015026 45 146 229
-8.06354 357.959 0.0233423 45 146 229
-8.07901 357.987 -0.0283629 45 146 229
-8.1029 358.01 -0.0418393 45 146 229
-8.08908 357.995 -0.0227606 45 146 229
-8.05497 357.972 -0.00455105 45 146 229
-8.07761 357.991 -0.0189678 45 146 229
-8.03453 357.962 0.0212274 45 146 229
-8.07934 357.978 -0.0114921 45 146 229
-8.06984 357.984 -0.00814569 45 146 229
-8.04163 357.959 0.0275577 45 146 229
-8.09098 358.004 -0.0369477 45 146 229
-8.09894 357.999 -0.0410785 45 146 229
-8.09619 357.991 -0.0297512 45 146 229
-8.10652 357.995 -0.0315242 45 146 229
-8.05876 357.99 -0.0219308 45 146 229
-8.04568 357.975 -0.00120445 45 146 229
-8.04708 357.982 -0.00697129 45 146 229
-8.082 357.99 -0.0326478 45 146 229
-8.06043 357.975 -0.0114382 45 146 229
-8.08539 357.981 -0.0153127 45 146 229
-8.06512 357.991 -0.0370417 45 146 229
-8.04561 357.964 0.0154548 45 146 229
-8.04661 357.964 0.0134573 45 146 229
-8.06754 357.998 -0.0447941 45 146 229
-8.08419 357.968 0.00392263 45 146 229
-8.10261 358.003 0.00769461 45 146 229
-8.08271 358.003 -0.0370472 45 146 229
-8.06324 357.978 0.00199652 45 146 229
-8.09092 357.99 -0.0294121 45 146 229
-8.10852 357.993 -0.02922 45 146 229
-8.10328 357.993 -0.0298535 45 146 229
-8.0668 357.998 -0.0398935 45 146 229
-8.07071 358.006 -0.0529741 45 146 229
-8.06671 357.971 -0.000756877 45 146 229
-8.07961 358.006 -0.0421393 45 146 229
-8.07833 357.988 -0.0140586 45 146 229
-8.06399 357.994 -0.0267632 45 146 229
-8.09529 357.997 0.0108381 45 146 229
-8.04718 357.964 0.0139569 45 146 229
-8.05648 357.977 -0.0154656 45 146 229
-8.05027 357.96 0.0234253 45 146 229
-8.06397 357.988 -0.0327916 45 146 229
-8.09294 357.994 0.00821825 45 146 229
-8.06642 357.97 0.000339549 45 146 229
-8.05104 357.984 -0.0262826 45 146 229
-8.03779 357.956 0.0384474 45 146 229
-8.11668 358.003 -0.0406247 45 146 229
-8.05319 357.977 0.00389709 45 146 229
-8.09251 357.998 -0.0259634 45 146 229
-8.02717 357.964 0.0366059 45 146 229
-8.08012 357.989 -0.0314282 45 146 229
-8.08566 357.993 -0.0199159 45 146 229
-8.03602 357.97 0.0192447 45 146 229
-8.08846 357.99 -0.0314209 45 146 229
-8.07571 358.005 -0.0409999 45 146 229
-8.07262 357.966 0.00848763 45 146 229
-8.06351 357.988 -0.0181499 45 146 229
-8.09433 358.003 -0.0331676 45 146 229
-8.10403 358.005 0.00562555 45 146 229
-8.07911 358.004 -0.0400443 45 146 229
-8.06541 357.964 0.0149817 45 146 229
-8.10672 358.003 -0.0437821 45 146 229
-8.04926 357.97 -0.00245191 45 146 229
-8.07706 357.991 -0.0201768 45 146 229
-8.08014 357.994 -0.0237072 45 146 229
-8.06247 357.991 -0.0350921 45 146 229
-8.07948 357.983 -0.0226392 45 146 229
-8.08368 357.979 -0.0125631 45 146 229
-8.05199 357.973 0.0120827 45 146 229
-8.07301 357.988 -0.0319691 45 146 229
-8.07555 357.978 -0.013637 45 146 229
-8.07485 357.997 -0.0295755 45 146 229
-8.08957 357.992 0.0165515 45 146 229
-8.10082 357.995 -0.0333326 45 146 229
-8.08857 357.978 -0.00900985 45 146 229
-8.08296 357.991 -0.0334937 45 146 229
-8.05302 357.971 0.0175614 45 146 229
-8.051 357.986 -0.0273667 45 146 229
-8.09248 357.994 0.0108416 45 146 229
-8.05528 357.958 0.0290801 45 146 229
-8.06638 358.0 -0.0467039 45 146 229
-8.09895 357.989 -0.0250426 45 146 229
-8.08596 357.985 -0.024058 45 146 229
-8.09655 358.005 -0.0356964 45 146 229
-8.06637 357.968 0.00594415 45 146 229
-8.11787 357.997 -0.0345795 45 146 229
-8.03622 357.959 0.0295379 45 146 229
-8.08913 357.998 -0.0422387 45 146 229
-8.08919 357.991 0.0134139 45 146 229
-8.0887 358.003 -0.0347543 45 146 229
-8.06595 358.004 -0.0358267 45 146 229
-8.07166 357.986 -0.0284749 45 146 229
-8.08094 357.983 -0.0214877 45 146 229
-8.07708 358.003 -0.0377494 45 146 229
-8.0862 357.979 -0.0116371 45 146 229
-8.05119 357.956 0.0357022 45 146 229
-8.0861 358.009 -0.0462467 45 146 229
-8.03443 357.962 0.0202906 45 146 229
-8.06826 357.968 0.00650492 45 146 229
-8.05151 357.974 -0.00916473 45 146 229
-8.09276 358.007 -0.0403711 45 146 229
-8.05084 357.969 0.00239664 45 146 229
-8.08262 357.973 -0.00150409 45 146 229
-8.0773 357.97 0.00276166 45 146 229
-8.09669 357.98 -0.0135913 45 146 229
-8.1007 358.003 0.0116831 45 146 229
-8.0537 357.984 -0.00948749 45 146 229
-8.07554 357.972 -0.00177077 45 146 229
-8.05945 357.995 -0.025378 45 146 229
-8.06782 357.983 -0.00692988 45 146 229
-8.07184 357.965 0.0100125 45 146 229
-8.06135 357.965 0.01308 45 146 229
-8.03465 357.962 0.0218486 45 146 229
-8.07375 357.989 -0.0333327 45 146 229
-8.06807 357.964 0.0125872 45 146 229
-8.075 357.995 -0.0422835 45 146 229
-8.06769 357.956 0.0271308 45 146 229
-8.06312 357.953 0.0395764 45 146 229
-8.05521 357.962 0.0188787 45 146 229
-8.05742 357.978 -0.016689 45 146 229
-8.06643 357.96 0.0202254 45 146 229
-8.07424 357.989 -0.0327421 45 146 229
-8.09007 357.984 -0.0184112 45 146 229
-8.05041 357.98 -0.0034665 45 146 229
-8.0872 357.988 -0.0280779 45 146 229
-8.07286 357.964 0.0110934 45 146 229
-8.06586 357.974 -0.00916104 45 146 229
-8.11217 357.999 -0.0367838 45 146 229
-8.07669 357.962 0.0133463 45 146 229
-8.09768 358.01 -0.0424428 45 146 229
-8.10865 357.999 -0.0377115 45 146 229
-8.07114 357.958 0.0216347 45 146 229
-8.06604 357.961 0.0194499 45 146 229
-8.0924 358.0 -0.0302921 45 146 229
-8.12161 358.0 -0.0367119 45 146 229
-8.05354 357.967 0.0054834 45 146 229
-8.0984 357.988 -0.0239349 45 146 229
-8.03893 357.966 0.0308697 45 146 229
-8.1131 358.007 -0.0451546 45 146 229
-8.06657 357.97 0.000965536 45 146 229
-8.07459 357.997 -0.0289008 45 146 229
-8.06676 357.957 0.0247594 45 146 229
-8.09138 357.994 -0.0355761 45 146 229
-8.06266 357.97 -0.00117201 45 146 229
-8.10996 358.005 -0.0457712 45 146 229
-8.11449 358.001 -0.0380244 45 146 229
-8.05622 357.965 0.011332 45 146 229
-8.10625 358.004 -0.00683111 45 146 229
-8.11183 357.999 -0.0361653 45 146 229
-8.09147 357.994 -0.0353835 45 146 229
-8.04912 357.987 -0.0165415 45 146 229
-8.07422 358.001 -0.0363492 45 146 229
-8.0712 357.982 -0.00425853 45 146 229
-8.05739 357.972 -0.00571669 45 146 229
-8.09567 357.984 -0.0188186 45 146 229
-8.06577 357.968 0.00555817 45 146 229
-8.06081 357.989 -0.0208201 45 146 229
-8.07497 357.99 -0.0353911 45 146 229
-8.09669 358.001 -0.0442491 45 146 229
-8.12119 358.002 -0.0403982 45 146 229
-8.10827 357.983 -0.0189283 45 146 229
-8.07759 357.964 0.0101634 45 146 229
-8.07161 357.958 0.0212608 45 146 229
-8.0673 357.969 0.0039918 45 146 229
-8.08047 357.991 -0.035226 45 146 229
-8.06504 357.967 0.00867484 45 146 229
-8.09829 357.984 -0.0190998 45 146 229
-8.07764 358.004 -0.0404019 45 146 229
-8.06319 357.995 -0.0355353 45 146 229
-8.06795 357.959 0.0217038 45 146 229
-8.06725 357.993 -0.0247929 45 146 229
-8.09416 357.985 -0.0199261 45 146 229
-8.1113 357.997 -0.0338949 45 146 229
-8.11407 357.998 -0.0344335 45 146 229
-8.10437 357.994 -0.0318001 45 146 229
-8.08489 358.0 -0.0312054 45 146 229
-8.02774 357.964 0.0188734 45 146 229
-8.09326 358.001 -0.0446144 45 146 229
-8.05312 357.969 0.0019202 45 146 229
-8.02938 357.964 0.0374339 45 146 229
-8.05293 357.961 0.0213543 45 146 229
-8.04917 357.955 0.0384652 45 146 229
-8.04827 357.952 0.047553 45 146 229
-8.05394 357.978 -0.0168352 45 146 229
-8.07601 357.976 -0.0106924 45 146 229
-8.06117 357.98 -0.0199132 45 146 229
-8.06193 357.958 0.0257514 45 146 229
-8.04252 357.959 0.0290856 45 146 229
-8.07543 357.995 -0.0423559 45 146 229
-8.04985 357.982 -0.0236607 45 146 229
-8.04825 357.978 -0.0180355 45 146 229
-8.06108 357.981 -0.022007 45 146 229
-8.0664 357.965 0.0119494 45 146 229
-8.07372 357.969 0.00382087 45 146 229
-8.06597 357.964 0.0147197 45 146 229
-8.06484 358.0 -0.0460116 45 146 229
-8.07551 357.995 -0.0263323 45 146 229
-8.06457 357.962 0.018589 45 146 229
-8.07174 357.967 0.00828363 45 146 229
-8.08337 358.003 -0.0369468 45 146 229
-8.12175 358.001 -0.038621 45 146 229
-8.06442 357.974 -0.00879673 45 146 229
-8.11048 358.001 -0.0395277 45 146 229
-8.06058 357.995 -0.0301102 45 146 229
-8.07543 357.986 -0.0279696 45 146 229
-8.03494 357.965 0.0108633 45 146 229
-8.05942 357.991 -0.0319887 45 146 229
-8.08757 357.986 -0.0235634 45 146 229
-8.08445 358.007 -0.04385 45 146 229
-8.07646 357.97 0.00200565 45 146 229
-8.07501 357.968 0.00516095 45 146 229
-8.09044 357.993 -0.0346208 45 146 229
-8.04508 357.974 0.0091797 45 146 229
-8.06228 357.974 -0.010325 45 146 229
-8.04824 357.968 0.00542596 45 146 229
-8.10582 357.997 -0.0360199 45 146 229
-8.05742 357.984 -0.0108428 45 146 229
-8.09589 357.99 -0.027699 45 146 229
-8.06603 357.973 -0.00782116 45 146 229
-8.04737 357.959 0.0266523 45 146 229
-8.02718 357.965 0.034576 45 146 229
-8.04518 357.973 -0.00489938 45 146 229
-8.07915 357.983 -0.0229925 45 146 229
-8.04147 357.963 0.0175727 45 146 229
-8.06379 357.967 0.0076149 45 146 229
-8.07558 358.005 -0.0408976 45 146 229
-8.06212 357.969 0.00158698 45 146 229
-8.07927 358.0 -0.0484625 45 146 229
-8.05432 357.955 0.0372058 45 146 229
-8.10555 357.999 -0.0392786 45 146 229
-8.06944 358.002 -0.0529989 45 146 229
-8.10589 357.993 -0.0296363 45 146 229
-8.09725 358.001 -0.04318 45 146 229
-8.05158 357.962 0.0200254 45 146 229
-8.0334 357.968 0.0253653 45 146 229
-8.10993 357.996 -0.0331737 45 146 229
-8.08885 357.983 -0.018436 45 146 229
-8.06103 357.967 0.00798812 45 146 229
-8.06336 357.975 -0.0108791 45 146 229
-8.05303 357.969 0.00164101 45 146 229
-8.02238 357.966 0.0320595 45 146 229
-8.04807 357.968 0.00415607 45 146 229
-8.03254 357.964 0.0367365 45 146 229
-8.0791 357.985 -0.0257879 45 146 229
-8.05394 357.979 -0.0188316 45 146 229
-8.07429 357.961 0.0157841 45 146 229
-8.02882 357.96 0.029892 45 146 229
-8.03816 357.962 0.0203987 45 146 229
-8.06846 357.982 -0.0239212 45 146 229
-8.11561 357.994 -0.0309445 45 146 229
-8.053 357.985 -0.0125602 45 146 229
-8.08899 357.99 0.00894583 45 146 229
-8.10686 357.997 -0.0356904 45 146 229
-8.11374 358.002 -0.0399997 45 146 229
-8.06688 357.997 -0.0434519 45 146 229
-8.06631 357.957 0.0256576 45 146 229
-8.07525 358.001 -0.0359525 45 146 229
-8.06097 357.956 0.0303811 45 146 229
-8.06403 357.993 -0.0374727 45 146 229
-8.06109 357.96 0.0220892 45 146 229
-8.05921 357.978 -0.0166073 45 146 229
-8.0843 357.979 -0.0110193 45 146 229
-8.09065 357.986 -0.0225935 45 146 229
-8.04364 357.962 0.0191758 45 146 229
-8.11652 358.008 -0.0455832 45 146 229
-8.06709 357.996 -0.042 45 146 229
-8.09506 357.99 -0.027842 45 146 229
-8.04755 357.954 0.0429209 45 146 229
-8.06255 357.98 -0.0199833 45 146 229
-8.0575 357.957 0.0315854 45 146 229
-8.07121 357.958 0.0216264 45 146 229
-8.07606 357.976 -0.0101358 45 146 229
-8.07658 357.996 -0.0428199 45 146 229
-8.09211 357.998 -0.0405592 45 146 229
-8.07705 357.987 -0.0292737 45 146 229
-8.07799 357.999 -0.0322243 45 146 229
-8.06907 357.968 0.00504541 45 146 229
-8.04175 357.973 0.0106331 45 146 229
-8.1022 358.003 0.0107258 45 146 229
-8.09195 357.985 -0.0204768 45 146 229
-8.08898 357.985 -0.0223086 45 146 229
-8.06567 357.961 0.0185556 45 146 229
-8.08218 357.969 0.00353723 45 146 229
-8.06556 357.994 -0.0403306 45 146 229
-8.05266 357.966 0.00916719 45 146 229
-8.03716 357.966 0.00924437 45 146 229
-8.08915 358.004 -0.0366476 45 146 229
-8.04744 357.982 -0.00682922 45 146 229
-8.03391 357.963 0.019951 45 146 229
-8.06918 357.98 -0.0194275 45 146 229
-8.04526 357.954 0.0456054 45 146 229
-8.06854 357.957 0.0236169 45 146 229
-8.07387 358.003 -0.0391508 45 146 229
-8.04234 357.963 0.0173233 45 146 229
-8.10458 358.01 -0.0408938 45 146 229
-8.09028 357.995 -0.0215204 45 146 229
-8.0935 357.994 -0.03541 45 146 229
-8.07595 357.986 -0.0121197 45 146 229
-8.05991 357.964 0.0146289 45 146 229
-8.07874 357.98 -0.0176622 45 146 229
-8.06655 357.975 -0.00984514 45 146 229
-8.0977 357.984 -0.0180379 45 146 229
-8.05525 357.972 -0.00671699 45 146 229
-8.05414 357.963 0.0172701 45 146 229
-8.08331 357.973 -0.00309342 45 146 229
-8.06721 358.0 -0.0420792 45 146 229
-8.04754 357.964 0.0142483 45 146 229
-8.09514 357.994 -0.0343987 45 146 229
-8.08694 357.991 0.0227512 45 146 229
-8.05878 357.994 -0.0251663 45 146 229
-8.08712 357.974 -0.00538563 45 146 229
-8.11445 358.0 -0.0371766 45 146 229
-8.09445 357.992 -0.0314077 45 146 229
-8.07737 357.995 -0.0418152 45 146 229
-8.06626 357.969 0.00304308 45 146 229
-8.08974 357.993 0.0175734 45 146 229
-8.06864 357.958 0.0232514 45 146 229
-8.08472 358.0 -0.0318203 45 146 229
-8.09646 357.997 -0.0392081 45 146 229
-8.06325 357.969 0.00283918 45 146 229
-8.10601 358.007 0.00372545 45 146 229
-8.07537 357.975 -0.00821614 45 146 229
-8.06041 357.973 -0.00708527 45 146 229
-8.07982 357.995 -0.0241779 45 146 229
-8.05516 357.958 0.0297325 45 146 229
-8.02731 357.965 0.0157439 45 146 229
-8.09081 357.971 -0.00213247 45 146 229
-8.06588 357.959 0.0220799 45 146 229
-8.06664 357.956 0.0271103 45 146 229
-8.02788 357.964 0.0368888 45 146 229
-8.12061 358.004 -0.0406372 45 146 229
-8.06607 357.984 -0.0106635 45 146 229
-8.11006 358.009 -0.00529973 45 146 229
-8.04668 357.959 0.0285922 45 146 229
-8.04382 357.974 0.0102537 45 146 229
-8.11743 358.008 -0.0456222 45 146 229
-8.06359 357.969 0.0015417 45 146 229
-8.08634 357.997 -0.0422128 45 146 229
-8.08742 357.996 -0.0394677 45 146 229
-8.08755 357.994 -0.0209262 45 146 229
-8.10186 357.988 -0.0232212 45 146 229
-8.03958 357.962 0.0184997 45 146 229
-8.03368 357.967 0.0275967 45 146 229
-8.10314 357.995 -0.0320431 45 146 229
-8.06905 357.979 -0.0178519 45 146 229
-8.12097 358.0 -0.0366125 45 146 229
-8.04477 357.975 0.0033998 45 146 229
-8.05921 357.979 -0.0191319 45 146 229
-8.07008 357.969 0.00415703 45 146 229
-8.04054 357.959 0.0272749 45 146 229
-8.10722 357.994 -0.0305795 45 146 229
-8.09996 357.994 -0.0322723 45 146 229
-8.10398 358.0 -0.0399008 45 146 229
-8.07941 357.993 -0.0378859 45 146 229
-8.05581 357.973 -0.00744158 45 146 229
-8.04293 357.967 0.00616334 45 146 229
-8.05582 357.973 0.0119019 45 146 229
-8.06839 357.998 -0.046416 45 146 229
-8.07991 357.979 -0.0146858 45 146 229
-8.08754 357.99 0.0139189 45 146 229
-8.0455 357.962 0.0209908 45 146 229
-8.04941 357.958 0.0316465 45 146 229
-8.05889 357.959 0.0264358 45 146 229
-8.06946 357.976 -0.0126723 45 146 229
-8.11945 357.996 -0.0327469 45 146 229
-8.07214 357.964 0.0123182 45 146 229
-8.05123 357.956 0.0349384 45 146 229
-8.06551 357.962 0.0176281 45 146 229
-8.07918 357.993 -0.0211712 45 146 229
-8.04904 357.956 0.0357061 45 146 229
-8.06426 357.998 -0.0407846 45 146 229
-8.07257 358.007 -0.0446339 45 146 229
-8.10619 357.999 -0.0381617 45 146 229
-8.08279 357.98 -0.0163188 45 146 229
-8.05721 357.954 0.0372474 45 146 229
-8.06865 357.975 -0.00976443 45 146 229
-8.04419 357.964 0.0134707 45 146 229
-8.10778 357.996 -0.0337825 45 146 229
-8.09632 357.998 0.010246 45 146 229
-8.07114 357.994 -0.0254328 45 146 229
-8.06125 357.959 0.0242226 45 146 229
-8.09124 357.992 -0.0325723 45 146 229
-8.08594 357.974 -0.00527005 45 146 229
-8.09759 357.981 -0.0147679 45 146 229
-8.07641 357.963 0.0124878 45 146 229
-8.06561 357.972 -0.00505706 45 146 229
-8.08944 358.002 -0.0486255 45 146 229
-8.04252 357.963 0.018665 45 146 229
-8.06821 357.962 0.0168776 45 146 229
-8.03914 357.959 0.029703 45 146 229
-8.07908 357.97 0.00192574 45 146 229
-8.11125 357.995 -0.0319578 45 146 229
-8.05319 357.959 0.02611 45 146 229
-8.10309 358.004 0.00715158 45 146 229
-8.06936 357.969 0.00433803 45 146 229
-8.04545 357.977 -0.00210489 45 146 229
-8.0898 358.006 -0.0393011 45 146 229
-8.07352 357.977 -0.0134533 45 146 229
-8.11264 357.999 -0.0366136 45 146 229
-8.05815 357.974 -0.0094713 45 146 229
-8.09061 357.986 -0.0233565 45 146 229
-8.08093 357.972 0.000909175 45 146 229
-8.0921 357.979 -0.0113123 45 146 229
-8.04197 357.961 0.0225297 45 146 229
-8.09263 357.986 -0.021879 45 146 229
-8.07936 357.987 -0.0288555 45 146 229
-8.06383 357.96 0.0218105 45 146 229
-8.08451 357.989 -0.0296495 45 146 229
-8.06734 358.002 -0.042031 45 146 229
-8.08264 357.984 -0.0224512 45 146 229
-8.06141 357.977 -0.0157663 45 146 229
-8.08692 357.985 -0.0227175 45 146 229
-8.07489 357.974 -0.00623904 45 146 229
-8.05289 357.975 0.00754503 45 146 229
-8.05011 357.973 0.0111719 45 146 229
-8.09899 358.0 0.00903435 45 146 229
-8.04612 357.954 0.0417447 45 146 229
-8.09866 357.989 -0.024663 45 146 229
-8.05591 357.973 -0.00874907 45 146 229
-8.07741 357.995 -0.0248639 45 146 229
-8.08353 357.98 -0.0145693 45 146 229
-8.03976 357.959 0.0302017 45 146 229
-8.06565 357.986 -0.0143788 45 146 229
-8.05424 357.957 0.0318507 45 146 229
-8.11231 358.007 -0.0461909 45 146 229
-8.06398 357.958 0.0249625 45 146 229
-8.04591 357.957 0.0360215 45 146 229
-8.04851 357.973 -0.00835287 45 146 229
-8.06278 357.965 0.0112432 45 146 229
-8.06396 357.968 0.0049766 45 146 229
-8.08287 358.001 -0.0486658 45 146 229
-8.06265 357.955 0.031616 45 146 229
-8.08422 357.996 -0.0255023 45 146 229
-8.06786 357.961 0.0176615 45 146 229
-8.07797 357.984 -0.0244449 45 146 229
-8.06155 357.98 -0.00265109 45 146 229
-8.03451 357.971 0.0172466 45 146 229
-8.04678 357.963 0.0158565 45 146 229
-8.10835 357.998 -0.036388 45 146 229
-8.07967 357.995 -0.0411549 45 146 229
-8.10565 357.983 -0.0181703 45 146 229
-8.09247 357.996 -0.038768 45 146 229
-8.06161 357.968 0.00442143 45 146 229
-8.10287 357.984 -0.0190532 45 146 229
-8.07564 357.967 0.00765122 45 146 229
-8.05232 357.961 0.0205751 45 146 229
-8.08464 357.993 -0.0375004 45 146 229
-8.05751 357.964 0.0124995 45 146 229
-8.06104 357.958 0.0260428 45 146 229
-8.07874 357.978 -0.0125032 45 146 229
-8.06979 357.967 0.0072813 45 146 229
-8.07272 357.99 -0.0196984 45 146 229
-8.06402 357.977 0.00611237 45 146 229
-8.08708 357.972 -0.00135011 45 146 229
-8.10308 357.995 -0.0334926 45 146 229
-8.08038 357.994 -0.0225702 45 146 229
-8.07998 357.969 0.00371242 45 146 229
-8.06331 357.99 -0.0204935 45 146 229
-8.06106 357.966 0.00922377 45 146 229
-8.07834 357.97 0.00259429 45 146 229
-8.0633 357.965 0.0131683 45 146 229
-8.04369 357.955 0.0400781 45 146 229
-8.05854 357.964 0.0135102 45 146 229
-8.09922 357.997 -0.0372688 45 146 229
-8.08527 357.982 -0.0179696 45 146 229
-8.07093 357.987 -0.0300688 45 146 229
-8.11295 358.002 -0.0399959 45 146 229
-8.06396 357.959 0.0232444 45 146 229
-8.0783 357.977 -0.0101997 45 146 229
-8.03766 357.964 0.0348474 45 146 229
-8.11799 357.996 -0.0324982 45 146 229
-8.03302 357.963 0.0388746 45 146 229
-8.09007 357.983 -0.0166971 45 146 229
-8.09042 358.01 -0.0457615 45 146 229
-8.11215 358.01 -0.00813315 45 146 229
-8.09205 357.988 -0.0254991 45 146 229
-8.06537 357.983 -0.0079301 45 146 229
-8.03824 357.958 0.0318975 45 146 229
-8.10647 357.993 -0.0290527 45 146 229
-8.06149 357.975 0.00962919 45 146 229
-8.08708 358.005 -0.0384334 45 146 229
-8.06816 358.001 -0.0491099 45 146 229
-8.10237 358.003 0.00660726 45 146 229
-8.04589 357.97 -0.0081914 45 146 229
-8.06641 357.954 0.0314144 45 146 229
-8.08355 358.001 -0.0512251 45 146 229
-8.0834 357.981 -0.0166007 45 146 229
-8.10109 357.986 -0.0236338 45 146 229
-8.05192 357.974 0.0100216 45 146 229
-8.0595 357.975 0.00884444 45 146 229
-8.05083 357.962 0.0193844 45 146 229
-8.10165 357.999 -0.0397629 45 146 229
-8.07187 357.97 0.00169238 45 146 229
-8.04486 357.965 0.00550702 45 146 229
-8.09228 357.997 0.0197964 45 146 229
-8.11739 358.002 -0.0392855 45 146 229
-8.05891 357.967 0.00535643 45 146 229
-8.06456 357.982 -0.00647854 45 146 229
-8.11087 357.999 -0.0373256 45 146 229
-8.05208 357.982 -0.00702818 45 146 229
-8.03193 357.963 0.0204649 45 146 229
-8.06387 357.953 0.038227 45 146 229
-8.09156 357.99 -0.0290257 45 146 229
-8.09737 358.0 -0.0424236 45 146 229
-8.05375 357.971 0.0192278 45 146 229
-8.05632 357.962 0.0200156 45 146 229
-8.11352 358.004 -0.0428157 45 146 229
-8.06989 357.972 -0.00392888 45 146 229
-8.05127 357.984 -0.0264835 45 146 229
-8.04642 357.961 0.0244829 45 146 229
-8.05162 357.957 0.0314075 45 146 229
-8.05347 357.976 -0.0142009 45 146 229
-8.08663 357.998 -0.0433776 45 146 229
-8.07828 357.993 -0.0392248 45 146 229
-8.09929 357.987 -0.0221234 45 146 229
-8.06411 357.986 -0.0137638 45 146 229
-8.07984 357.978 -0.0128397 45 146 229
-8.04022 357.963 0.0179583 45 146 229
-8.04944 357.982 -0.0206129 45 146 229
-8.0842 357.98 -0.0149857 45 146 229
-8.10108 357.996 -0.0352581 45 146 229
-8.07379 357.99 -0.0356146 45 146 229
-8.05737 357.967 0.00666704 45 146 229
-8.04193 357.956 0.0373403 45 146 229
-8.06451 357.989 -0.0337609 45 146 229
-8.08821 357.989 0.00906376 45 146 229
-8.06423 357.986 -0.0289131 45 146 229
-8.07718 357.979 -0.0152703 45 146 229
-8.0576 357.964 0.014093 45 146 229
-8.12322 358.007 -0.0417234 45 146 229
-8.07129 357.968 0.00579518 45 146 229
-8.08903 358.001 -0.0323018 45 146 229
-8.04265 357.967 0.00675883 45 146 229
-8.06289 357.956 0.0288272 45 146 229
-8.06938 357.982 -0.00424011 45 146 229
-8.06395 357.961 0.0198549 45 146 229
-8.03687 357.963 0.0187295 45 146 229
-8.08712 357.992 0.0213271 45 146 229
-8.0789 357.994 -0.0237574 45 146 229
-8.08358 358.005 -0.0524641 45 146 229
-8.07739 357.974 -0.00472405 45 146 229
-8.04868 357.98 -0.0203521 45 146 229
-8.08562 357.989 0.0209941 45 146 229
-8.08128 358.008 -0.0451951 45 146 229
-8.04103 357.972 0.0146134 45 146 229
-8.03721 357.965 0.00909782 45 146 229
-8.0626 358.002 -0.0314709 45 146 229
-8.07737 357.966 0.00616216 45 146 229
-8.06385 357.98 -0.00251694 45 146 229
-8.06593 357.984 -0.0262233 45 146 229
-8.0665 358.001 -0.0364803 45 146 229
-8.08157 358.002 -0.0517683 45 146 229
-8.0843 357.997 -0.0426752 45 146 229
-8.09852 358.0 0.0144126 45 146 229
-8.06656 357.967 0.0504332 45 146 229
-8.06665 357.999 -0.0399061 45 146 229
-8.08879 357.997 -0.0259855 45 146 229
-8.07895 357.973 -0.00271631 45 146 229
-8.09646 357.99 -0.02719 45 146 229
-8.0673 358.0 -0.0425381 45 146 229
-8.04302 357.964 0.0150656 45 146 229
-8.04548 357.977 -0.00263706 45 146 229
-8.08684 357.98 -0.0140687 45 146 229
-8.09369 357.991 -0.0312088 45 146 229
-8.06832 358.0 -0.0355647 45 146 229
-8.03603 357.96 0.025668 45 146 229
-8.06406 357.992 -0.038529 45 146 229
-8.06782 357.993 -0.0255689 45 146 229
-8.0828 358.002 -0.0508664 45 146 229
-8.06298 357.958 0.025399 45 146 229
-8.04872 357.954 0.0421843 45 146 229
-8.05802 357.979 -0.00145895 45 146 229
-8.05782 357.957 0.0304104 45 146 229
-8.03867 357.963 0.0178873 45 146 229
-8.07557 358.006 -0.043515 45 146 229
-8.09188 357.994 -0.0358296 45 146 229
-8.07798 357.978 -0.013961 45 146 229
-8.087 358.002 -0.0486998 45 146 229
-8.05601 357.97 -0.000126245 45 146 229
-8.03192 357.96 0.02739 45 146 229
-8.09676 357.983 -0.0165811 45 146 229
-8.07427 357.975 -0.00772539 45 146 229
-8.06338 357.973 -0.00797642 45 146 229
-8.07304 358.004 -0.0399785 45 146 229
-8.03842 357.962 0.0203515 45 146 229
-8.07951 357.988 -0.0301579 45 146 229
-8.1141 358.004 -0.0422967 45 146 229
-8.08694 357.974 -0.00780477 45 146 229
-8.06941 357.965 0.0110636 45 146 229
-8.09041 357.992 -0.0333883 45 146 229
-8.05195 357.961 0.0224334 45 146 229
-8.09292 357.978 -0.011351 45 146 229
-8.05627 357.964 0.0140247 45 146 229
-8.03961 357.957 0.0339472 45 146 229
-8.06904 357.97 0.000421957 45 146 229
-8.0243 357.964 0.0365819 45 146 229
-8.06419 357.965 0.0132862 45 146 229
-8.04644 357.965 0.0112649 45 146 229
-8.05264 357.976 0.00627287 45 146 229
-8.03092 357.962 0.0215142 45 146 229
-8.05093 357.983 -0.0262017 45 146 229
-8.02613 357.964 0.0357939 45 146 229
-8.076 357.967 0.00785804 45 146 229
-8.07042 357.969 0.00335349 45 146 229
-8.05684 357.975 0.00809443 45 146 229
-8.06973 357.984 -0.00940219 45 146 229
-8.099 357.992 -0.0293778 45 146 229
-8.04131 357.968 0.00693188 45 146 229
-8.09671 358.006 -0.0373143 45 146 229
-8.04343 357.97 0.0220858 45 146 229
-8.07627 358.002 -0.0374791 45 146 229
-8.0865 357.993 -0.0354379 45 146 229
-8.04418 357.973 0.00128768 45 146 229
-8.06769 357.999 -0.0455353 45 146 229
-8.07349 357.978 -0.015197 45 146 229
-8.11582 357.999 -0.0362562 45 146 229
-8.05912 357.959 0.0253845 45 146 229
-8.08102 357.999 -0.0316536 45 146 229
-8.07853 357.973 -0.00343229 45 146 229
-8.09538 357.999 -0.0418485 45 146 229
-8.08016 357.981 -0.018802 45 146 229
-8.05777 357.954 0.0379433 45 146 229
-8.09381 357.994 -0.0346785 45 146 229
-8.07221 358.008 -0.0479935 45 146 229
-8.08012 357.994 -0.023872 45 146 229
-8.07919 357.993 -0.0377486 45 146 229
-8.06923 357.962 0.0155519 45 146 229
-8.08087 357.979 -0.0151717 45 146 229
-8.05279 357.96 0.0251626 45 146 229
-8.03839 357.962 0.0205487 45 146 229
-8.05077 357.97 0.000294901 45 146 229
-8.08452 358.009 -0.0461676 45 146 229
-8.0675 358.001 -0.0425111 45 146 229
-8.09663 357.991 -0.0290158 45 146 229
-8.06482 357.964 0.0150744 45 146 229
-8.06085 357.964 0.0141181 45 146 229
-8.07172 357.999 -0.0334614 45 146 229
-8.09047 357.992 0.0103653 45 146 229
-8.12158 358.004 -0.0404392 45 146 229
-8.06723 357.986 -0.0132583 45 146 229
-8.08517 357.998 -0.0284935 45 146 229
-8.06779 357.979 -0.0177164 45 146 229
-8.11975 358.001 -0.0406591 45 146 229
-8.06319 357.96 0.0223472 45 146 229
-8.10383 358.002 -0.00420104 45 146 229
-8.06552 357.984 -0.00912545 45 146 229
-8.07531 358.001 -0.035402 45 146 229
-8.04551 357.973 -0.00794504 45 146 229
-8.1079 358.005 -0.0453333 45 146 229
-8.0667 357.957 0.0249979 45 146 229
-8.07875 357.96 0.0150966 45 146 229
-8.0461 357.981 -5.4922e-05 45 146 229
-8.05637 357.977 -0.015844 45 146 229
-8.04823 357.982 -0.0156399 45 146 229
-8.06003 357.974 -0.0088411 45 146 229
-8.05469 357.954 0.0392488 45 146 229
-8.06398 357.969 0.00236174 45 146 229
-8.08187 357.998 -0.0289298 45 146 229
-8.06349 357.978 -0.0169677 45 146 229
-8.08573 357.981 -0.0149728 45 146 229
-8.0877 358.006 -0.0404105 45 146 229
-8.09102 357.997 -0.0258688 45 146 229
-8.02859 357.966 0.0315518 45 146 229
-8.06448 357.99 -0.0209715 45 146 229
-8.07628 357.977 -0.0124395 45 146 229
-8.09775 358.002 -0.0452842 45 146 229
-8.08731 358.006 -0.0402147 45 146 229
-8.04641 357.964 0.0151442 45 146 229
-8.06583 357.961 0.0200724 45 146 229
-8.08824 357.995 -0.0390146 45 146 229
-8.05434 357.973 -0.00817262 45 146 229
-8.06893 357.991 -0.0221881 45 146 229
-8.05248 357.968 -0.00148484 45 146 229
-8.05866 357.962 0.018183 45 146 229
-8.1158 357.994 -0.0310985 45 146 229
-8.06251 357.967 0.00541504 45 146 229
-8.07098 357.994 -0.0254407 45 146 229
-8.08612 357.989 -0.0295609 45 146 229
-8.06704 357.997 -0.0433262 45 146 229
-8.04603 357.968 0.00462141 45 146 229
-8.06746 357.988 -0.0340509 45 146 229
-8.08867 357.992 0.0164139 45 146 229
-8.06003 357.99 -0.0217148 45 146 229
-8.07477 357.988 -0.0314616 45 146 229
-8.11414 358.007 -0.0457599 45 146 229
-8.08872 358.0 -0.0459049 45 146 229
-8.03407 357.97 0.020168 45 146 229
-8.06621 357.968 0.00552538 45 146 229
-8.06858 357.972 -0.00247926 45 146 229
-8.06451 357.959 0.0237641 45 146 229
-8.06541 357.966 0.00921304 45 146 229
-8.05083 357.963 0.0158652 45 146 229
-8.04575 357.974 -0.00594821 45 146 229
-8.03788 357.968 0.0266108 45 146 229
-8.04237 357.979 -0.0087412 45 146 229
-8.06985 357.962 0.0166427 45 146 229
-8.09434 357.998 0.0180049 45 146 229
-8.04051 357.97 0.0197571 45 146 229
-8.07005 357.959 0.020734 45 146 229
-8.08455 357.996 -0.0250936 45 146 229
-8.10598 357.992 -0.0288604 45 146 229
-8.09666 357.995 -0.0351871 45 146 229
-8.08651 357.99 0.0192282 45 146 229
-8.04512 357.972 -0.00378464 45 146 229
-8.06197 357.962 0.0192914 45 146 229
-8.04738 357.964 0.0143352 45 146 229
-8.07835 357.987 -0.028597 45 146 229
-8.07965 357.98 -0.0165573 45 146 229
-8.04454 357.97 0.0207205 45 146 229
-8.07245 357.973 -0.00422312 45 146 229
-8.09045 357.993 -0.0346516 45 146 229
-8.06737 357.967 0.0482431 45 146 229
-8.10438 357.996 -0.0339796 45 146 229
-8.04753 357.959 0.0279322 45 146 229
-8.07657 357.985 -0.0262513 45 146 229
-8.03693 357.972 0.0113887 45 146 229
-8.04999 357.976 -0.0133627 45 146 229
-8.04167 357.962 0.0196684 45 146 229
-8.06459 357.984 -0.0267306 45 146 229
-8.1112 357.998 -0.0351409 45 146 229
-8.05361 357.953 0.0420605 45 146 229
-8.0646 357.961 0.0202822 45 146 229
-8.06445 357.991 -0.0347681 45 146 229
-8.07025 357.963 0.0145412 45 146 229
-8.05226 357.97 -0.00164855 45 146 229
-8.04935 357.955 0.0397097 45 146 229
-8.03239 357.967 0.0282082 45 146 229
-8.06615 357.995 -0.0386132 45 146 229
-8.08374 357.986 -0.0257034 45 146 229
-8.06068 357.977 -0.0150321 45 146 229
-8.04573 357.959 0.0300003 45 146 229
-8.09216 357.989 -0.0285356 45 146 229
-8.08142 357.99 -0.01595 45 146 229
-8.07066 357.992 -0.0221807 45 146 229
-8.07715 357.991 -0.0350625 45 146 229
-8.09387 357.983 -0.0164853 45 146 229
-8.0614 357.99 -0.0206177 45 146 229
-8.06915 357.958 0.0228643 45 146 229
-8.07881 357.979 -0.0148423 45 146 229
-8.05251 357.974 -0.0105893 45 146 229
-8.10944 358.0 -0.0399328 45 146 229
-8.07101 357.963 0.0132489 45 146 229
-8.06893 357.99 -0.0359857 45 146 229
-8.06476 357.984 -0.0268411 45 146 229
-8.09228 357.998 -0.0414987 45 146 229
-8.05784 357.973 0.0141415 45 146 229
-8.06548 357.996 -0.0292225 45 146 229
-8.0996 357.992 -0.0297422 45 146 229
-8.0741 357.986 -0.0281882 45 146 229
-8.08762 357.999 -0.0293841 45 146 229
-8.09943 357.994 -0.0323336 45 146 229
-8.11426 357.994 -0.029468 45 146 229
-8.09236 357.994 -0.0354283 45 146 229
-8.08134 358.004 -0.0523802 45 146 229
-8.06039 357.956 0.0313259 45 146 229
-8.09463 357.985 -0.0199835 45 146 229
-8.08268 357.996 -0.0257665 45 146 229
-8.02758 357.963 0.0229163 45 146 229
-8.04343 357.981 -0.0139368 45 146 229
-8.0926 357.991 -0.0313379 45 146 229
-8.04655 357.99 -0.0173708 45 146 229
-8.04401 357.955 0.0473627 45 146 229
-8.0792 357.984 -0.0246635 45 146 229
-8.11741 357.993 -0.0291323 45 146 229
-8.06098 357.95 0.043406 45 146 229
-8.04253 357.969 0.00484089 45 146 229
-8.12657 358.001 -0.038187 45 146 229
-8.0732 357.968 0.00676217 45 146 229
-8.05106 357.958 0.0294127 45 146 229
-8.12018 358.001 -0.0403507 45 146 229
-8.04184 357.958 0.0328195 45 146 229
-8.0666 357.969 0.00375171 45 146 229
-8.06656 358.001 -0.039812 45 146 229
-8.06023 357.96 0.0232828 45 146 229
-8.09235 357.997 0.0221959 45 146 229
-8.08979 358.002 -0.0341337 45 146 229
-8.06884 357.96 0.0190992 45 146 229
-8.0624 357.963 0.0173504 45 146 229
-8.05868 357.953 0.0380029 45 146 229
-8.06819 357.964 0.0140368 45 146 229
-8.05639 357.986 -0.0307322 45 146 229
-8.07807 357.991 -0.0353416 45 146 229
-8.09599 357.981 -0.0144631 45 146 229
-8.09819 357.998 -0.039762 45 146 229
-8.09126 357.995 0.0167435 45 146 229
-8.04904 357.983 -0.02751 45 146 229
-8.0777 357.994 -0.040205 45 146 229
-8.06503 357.969 0.00317747 45 146 229
-8.0862 358.004 -0.0525347 45 146 229
-8.07742 357.99 -0.0170697 45 146 229
-8.07391 357.986 -0.0292565 45 146 229
-8.08093 357.985 0.0212302 45 146 229
-8.08408 357.994 -0.0227058 45 146 229
-8.11571 357.995 -0.0316987 45 146 229
-8.05349 357.959 0.0256312 45 146 229
-8.06824 357.959 0.0209826 45 146 229
-8.08249 357.968 0.005669 45 146 229
-8.06704 357.99 -0.0353699 45 146 229
-8.04521 357.973 0.0117969 45 146 229
-8.05421 357.989 -0.0205807 45 146 229
-8.10031 358.001 0.00855882 45 146 229
-8.05572 357.964 0.0139748 45 146 229
-8.07159 357.969 0.00470442 45 146 229
-8.0697 357.966 0.00962894 45 146 229
-8.09404 358.001 -0.0300087 45 146 229
-8.1066 358.002 -0.0433298 45 146 229
-8.10012 357.994 -0.0315689 45 146 229
-8.06694 357.978 0.00247925 45 146 229
-8.06962 357.972 -0.00223608 45 146 229
-8.05366 357.969 0.00147896 45 146 229
-8.05862 357.952 0.0411776 45 146 229
-8.1044 358.011 -0.0420866 45 146 229
-8.08771 357.978 -0.00928494 45 146 229
-8.05854 357.969 0.000783144 45 146 229
-8.06192 357.977 -0.01583 45 146 229
-8.08592 357.989 -0.030902 45 146 229
-8.05271 357.976 0.00483384 45 146 229
-8.08011 357.987 -0.0288041 45 146 229
-8.08624 358.003 -0.0357992 45 146 229
-8.06139 357.982 -0.0234289 45 146 229
-8.03628 357.969 0.0106074 45 146 229
-8.09842 357.976 -0.0117684 45 146 229
-8.07397 357.99 -0.0342245 45 146 229
-8.07904 357.986 -0.0264 45 146 229
-8.07762 357.971 0.00120975 45 146 229
-8.07557 357.985 -0.0270481 45 146 229
-8.06851 357.96 0.0189792 45 146 229
-8.06151 357.978 -0.0164426 45 146 229
-8.10772 357.994 -0.0303648 45 146 229
-8.04674 357.98 -0.0123561 45 146 229
-8.09235 357.994 0.0100574 45 146 229
-8.06376 357.994 -0.0270498 45 146 229
-8.09814 358.001 -0.0447108 45 146 229
-8.0711 357.965 0.0103945 45 146 229
-8.04889 357.975 -0.0113002 45 146 229
-8.04188 357.972 0.0148961 45 146 229
-8.06322 357.986 -0.0143369 45 146 229
-8.11387 357.989 -0.0251959 45 146 229
-8.06805 357.984 -0.00850423 45 146 229
-8.04382 357.955 0.0454192 45 146 229
-8.09497 357.997 0.012693 45 146 229
-8.06873 358.0 -0.0486116 45 146 229
-8.08482 358.007 -0.0439442 45 146 229
-8.05703 357.956 0.0317677 45 146 229
-8.08289 357.98 -0.0153318 45 146 229
-8.08851 357.979 -0.0120541 45 146 229
-8.04518 357.954 0.0422871 45 146 229
-8.08838 358.011 -0.0479031 45 146 229
-8.03165 357.964 0.0183014 45 146 229
-8.06944 358.0 -0.0349668 45 146 229
-8.10317 358.002 0.00050764 45 146 229
-8.10439 358.006 0.00628294 45 146 229
-8.06295 357.98 -0.00214643 45 146 229
-8.03532 357.956 0.0400673 45 146 229
-8.11776 357.994 -0.0290659 45 146 229
-8.0464 357.968 0.00275323 45 146 229
-8.07738 357.985 -0.0254692 45 146 229
-8.08062 357.97 0.002391 45 146 229
-8.06733 357.985 -0.0104827 45 146 229
-8.08519 357.988 0.014294 45 146 229
-8.07818 357.995 -0.0252117 45 146 229
-8.06599 357.955 0.0295272 45 146 229
-8.0285 357.959 0.0330291 45 146 229
-8.05942 357.953 0.0370972 45 146 229
-8.10929 358.0 -0.0384412 45 146 229
-8.0856 357.978 -0.0102721 45 146 229
-8.09937 358.0 -0.0418925 45 146 229
-8.0816 357.983 -0.0220255 45 146 229
-8.0518 357.987 -0.0284822 45 146 229
-8.08854 357.988 -0.0268931 45 146 229
-8.10579 357.999 -0.038102 45 146 229
-8.04768 357.983 -0.0217669 45 146 229
-8.0519 357.955 0.0363846 45 146 229
-8.10311 357.987 -0.0232695 45 146 229
-8.05247 357.973 -0.00780815 45 146 229
-8.07865 357.977 -0.0114045 45 146 229
-8.08908 357.991 0.0128724 45 146 229
-8.1075 357.998 -0.0366217 45 146 229
-8.04593 357.961 0.0221648 45 146 229
-8.11222 358.001 -0.0386599 45 146 229
-8.09211 358.001 -0.0451369 45 146 229
-8.07359 357.969 0.00424327 45 146 229
-8.05873 357.979 -0.0194278 45 146 229
-8.09093 357.974 -0.00574543 45 146 229
-8.06181 357.978 0.00151283 45 146 229
-8.10063 357.977 -0.0107235 45 146 229
-8.10143 357.989 -0.0246611 45 146 229
-8.06466 357.958 0.0245544 45 146 229
-8.09242 357.996 0.0173123 45 146 229
-8.08555 357.994 -0.0222021 45 146 229
-8.0986 357.996 -0.0359392 45 146 229
-8.05831 357.978 -0.0173251 45 146 229
-8.05787 357.973 -0.00894924 45 146 229
-8.07796 357.988 -0.030805 45 146 229
-8.08604 357.981 -0.0152248 45 146 229
-8.04024 357.962 0.0186624 45 146 229
-8.0987 357.984 -0.0191659 45 146 229
-8.04352 357.959 0.0283971 45 146 229
-8.10179 357.999 -0.0404965 45 146 229
-8.09684 357.992 -0.0310032 45 146 229
-8.08847 357.976 -0.00860823 45 146 229
-8.08152 357.981 -0.0175472 45 146 229
-8.09796 357.993 -0.0307356 45 146 229
-8.06085 357.956 0.0309097 45 146 229
-8.09585 358.0 -0.0428031 45 146 229
-8.07786 357.996 -0.0426805 45 146 229
-8.10334 357.998 -0.0369301 45 146 229
-8.11928 358.004 -0.0418304 45 146 229
-8.11532 357.998 -0.0354375 45 146 229
-8.06924 357.961 0.0179227 45 146 229
-8.07116 357.962 0.0148152 45 146 229
-8.04768 357.964 0.0143962 45 146 229
-8.07962 358.006 -0.0429367 45 146 229
-8.04237 357.972 0.00266449 45 146 229
-8.05282 357.971 -0.00423599 45 146 229
-8.06583 357.992 -0.0239404 45 146 229
-8.03957 357.959 0.02792 45 146 229
-8.05238 357.963 0.0171952 45 146 229
-8.0606 357.953 0.0386164 45 146 229
-8.0427 357.972 0.0157426 45 146 229
-8.08491 357.988 0.0176357 45 146 229
-8.08653 357.989 -0.0299079 45 146 229
-8.05462 357.982 -0.0064085 45 146 229
-8.08475 357.987 -0.0265232 45 146 229
-8.11193 357.993 -0.0296856 45 146 229
-8.04359 357.954 0.043163 45 146 229
-8.08642 357.975 -0.00610572 45 146 229
-8.05607 357.961 0.0213536 45 146 229
-8.07035 357.962 0.0160969 45 146 229
-8.09348 357.998 -0.0403698 45 146 229
-8.04266 357.961 0.0219187 45 146 229
-8.10032 357.994 -0.0314336 45 146 229
-8.05511 357.964 0.0121373 45 146 229
-8.05493 357.952 0.042127 45 146 229
-8.06641 357.96 0.0207942 45 146 229
-8.06705 357.959 0.0218269 45 146 229
-8.07631 358.003 -0.0385623 45 146 229
-8.07686 357.987 -0.012929 45 146 229
-8.09284 357.985 -0.0202459 45 146 229
-8.09366 357.985 -0.0200951 45 146 229
-8.09557 357.997 -0.0385642 45 146 229
-8.08525 358.0 -0.0475567 45 146 229
-8.066 357.959 0.0223187 45 146 229
-8.09215 357.977 -0.00930802 45 146 229
-8.06033 357.962 0.0192217 45 146 229
-8.0915 357.991 -0.0308431 45 146 229
-8.09872 357.988 -0.0238968 45 146 229
-8.05695 357.958 0.0288599 45 146 229
-8.08034 357.989 -0.0156912 45 146 229
-8.06376 357.977 0.00585686 45 146 229
-8.06988 357.97 0.00205034 45 146 229
-8.07668 357.97 0.00258676 45 146 229
-8.06861 357.972 -0.00314091 45 146 229
-8.05758 357.954 0.0373384 45 146 229
-8.08471 357.983 -0.0205471 45 146 229
-8.06758 357.958 0.0224792 45 146 229
-8.06649 357.983 -0.00834051 45 146 229
-8.07116 357.968 0.00547539 45 146 229
-8.07298 357.985 -0.0102023 45 146 229
-8.07625 357.961 0.014279 45 146 229
-8.07584 357.991 -0.0363757 45 146 229
-8.05706 357.975 -0.0124552 45 146 229
-8.0632 357.981 -0.00444972 45 146 229
-8.06584 357.968 0.0529104 45 146 229
-8.10334 357.995 -0.0324321 45 146 229
-8.08242 358.0 -0.0479751 45 146 229
-8.051 357.967 0.00634295 45 146 229
-8.09495 357.99 -0.0288039 45 146 229
-8.05319 357.992 -0.0234637 45 146 229
-8.05469 357.985 -0.0141121 45 146 229
-8.05167 357.975 0.00850773 45 146 229
-8.0934 357.976 -0.00790307 45 146 229
-8.08593 357.977 -0.0091295 45 146 229
-8.06895 357.97 0.0496319 45 146 229
-8.10109 358.004 -0.0336246 45 146 229
-8.06635 357.959 0.0212795 45 146 229
-8.04565 357.978 0.00414194 45 146 229
-8.08488 357.977 -0.00928948 45 146 229
-8.0997 358.001 -0.0436037 45 146 229
-8.06234 357.969 0.00138453 45 146 229
-8.06235 357.96 0.0226069 45 146 229
-8.0493 357.976 -0.0200489 45 146 229
-8.09127 357.974 -0.00589602 45 146 229
-8.09495 357.978 -0.0105591 45 146 229
-8.03739 357.966 0.0294719 45 146 229
-8.06802 357.982 -0.02289 45 146 229
-8.08379 357.997 -0.0435961 45 146 229
-8.11572 358.003 -0.0400959 45 146 229
-8.06862 357.969 0.00342711 45 146 229
-8.10803 357.993 -0.0290342 45 146 229
-8.07148 358.004 -0.0537284 45 146 229
-8.05163 357.964 0.0131187 45 146 229
-8.09269 357.994 -0.0348319 45 146 229
-8.08841 357.988 -0.0282142 45 146 229
-8.05714 357.969 0.0023457 45 146 229
-8.05163 357.978 -0.0175226 45 146 229
-8.08053 357.963 0.00949797 45 146 229
-8.05263 357.983 -0.00992974 45 146 229
-8.07407 357.972 -0.00218228 45 146 229
-8.07957 358.003 -0.0385749 45 146 229
-8.06702 357.997 -0.0442437 45 146 229
-8.11057 358.003 -0.0420056 45 146 229
-8.05597 357.974 -0.0101027 45 146 229
-8.06298 357.99 -0.0209777 45 146 229
-8.08614 357.975 -0.00595122 45 146 229
-8.04366 357.959 0.0273462 45 146 229
-8.1017 358.002 0.00295146 45 146 229
-8.05591 357.991 -0.0265857 45 146 229
-8.07952 358.004 -0.0396588 45 146 229
-8.078 357.997 -0.045095 45 146 229
-8.1003 357.99 -0.0264686 45 146 229
-8.08805 358.001 -0.0327514 45 146 229
-8.06854 357.984 -0.0264782 45 146 229
-8.06455 357.966 0.0105229 45 146 229
-8.05727 357.976 0.00450499 45 146 229
-8.06752 357.986 -0.0135284 45 146 229
-8.06225 357.957 0.0271466 45 146 229
-8.06437 357.976 -0.0135349 45 146 229
-8.06042 357.97 -0.00130061 45 146 229
-8.04271 357.961 0.0224999 45 146 229
-8.11166 357.998 -0.0361228 45 146 229
-8.08967 357.994 -0.0361628 45 146 229
-8.05679 357.965 0.00963886 45 146 229
-8.08765 358.003 -0.0523357 45 146 229
-8.07843 357.997 -0.044485 45 146 229
-8.10295 357.996 -0.0345309 45 146 229
-8.07264 357.972 -0.00153558 45 146 229
-8.06753 357.962 0.017391 45 146 229
-8.05201 357.964 0.0149211 45 146 229
-8.08879 357.996 -0.0388622 45 146 229
-8.06473 357.96 0.0219624 45 146 229
-8.05829 357.978 -0.0169418 45 146 229
-8.05355 357.974 -0.0100882 45 146 229
-8.06558 357.99 -0.0203969 45 146 229
-8.09491 357.974 -0.00604819 45 146 229
-8.11375 357.998 -0.0352872 45 146 229
-8.07242 357.973 -0.00412804 45 146 229
-8.04672 357.964 0.0137777 45 146 229
-8.08213 357.988 -0.0302436 45 146 229
-8.07801 357.973 -0.00290869 45 146 229
-8.11978 358.012 -0.0469339 45 146 229
-8.0582 357.977 -0.0150124 45 146 229
-8.06585 357.959 0.0219034 45 146 229
-8.0689 357.987 -0.0337901 45 146 229
-8.0963 357.987 -0.0227826 45 146 229
-8.069 358.005 -0.0535723 45 146 229
-8.09165 358.002 -0.0477189 45 146 229
-8.0825 357.988 -0.0296786 45 146 229
-8.10567 357.996 -0.0337688 45 146 229
-8.05158 357.953 0.0435683 45 146 229
-8.09821 357.983 -0.0165167 45 146 229
-8.05094 357.96 0.0252892 45 146 229
-8.04994 357.969 0.00106995 45 146 229
-8.0621 357.958 0.0251401 45 146 229
-8.07383 357.964 0.0116388 45 146 229
-8.05358 357.954 0.0394098 45 146 229
-8.04571 357.961 0.0223538 45 146 229
-8.10126 358.0 -0.000552086 45 146 229
-8.0488 357.956 0.0378286 45 146 229
-8.03432 357.958 0.0303137 45 146 229
-8.07767 357.988 -0.0306324 45 146 229
-8.09174 358.006 -0.0385512 45 146 229
-8.07869 357.972 -0.00112101 45 146 229
-8.08427 357.979 -0.0116317 45 146 229
-8.05578 357.96 0.0236052 45 146 229
-8.07412 357.97 0.00235963 45 146 229
-8.09183 357.999 -0.0422497 45 146 229
-8.03882 357.962 0.0201581 45 146 229
-8.092 357.988 -0.0259524 45 146 229
-8.09834 357.989 -0.0253658 45 146 229
-8.06167 357.98 -0.0198358 45 146 229
-8.06103 357.969 0.00181325 45 146 229
-8.06819 357.977 0.00613099 45 146 229
-8.05965 357.987 -0.0171863 45 146 229
-8.04224 357.961 0.0217678 45 146 229
-8.05341 357.984 -0.0115811 45 146 229
-8.09009 358.01 -0.0455575 45 146 229
-8.06129 357.959 0.0252727 45 146 229
-8.0906 357.994 0.0171356 45 146 229
-8.05581 357.967 0.00701443 45 146 229
-8.06244 357.958 0.0248535 45 146 229
-8.10289 357.998 -0.037611 45 146 229
-8.09448 357.993 -0.0333696 45 146 229
-8.05688 357.98 -0.0203928 45 146 229
-8.08613 357.994 -0.0383891 45 146 229
-8.07889 357.974 -0.00364923 45 146 229
-8.04975 357.958 0.0293354 45 146 229
-8.11451 357.989 -0.0237618 45 146 229
-8.05992 357.982 -0.00609129 45 146 229
-8.07652 357.959 0.0189964 45 146 229
-8.05009 357.987 -0.0220578 45 146 229
-8.04198 357.968 0.00498366 45 146 229
-8.07242 357.965 0.00981313 45 146 229
-8.08518 358.004 -0.0525962 45 146 229
-8.04335 357.955 0.0467241 45 146 229
-8.07104 357.971 0.000417589 45 146 229
-8.05451 357.954 0.0386692 45 146 229
-8.10038 358.001 -0.0433415 45 146 229
-8.05995 357.953 0.0376392 45 146 229
-8.06222 357.956 0.0299069 45 146 229
-8.09552 358.008 -0.0408902 45 146 229
-8.12027 358.011 -0.0467702 45 146 229
-8.07342 357.975 -0.00950712 45 146 229
-8.10575 357.989 -0.0250262 45 146 229
-8.04767 357.98 -0.0169031 45 146 229
-8.03079 357.964 0.017841 45 146 229
-8.09673 357.979 -0.0122349 45 146 229
-8.06198 357.983 -0.0250095 45 146 229
-8.04722 357.972 -0.00401015 45 146 229
-8.07701 357.988 -0.014545 45 146 229
-8.08818 357.985 -0.0217829 45 146 229
-8.08474 357.982 -0.0178631 45 146 229
-8.02832 357.963 0.0202673 45 146 229
-8.06744 357.979 -0.0188104 45 146 229
-8.0797 357.979 -0.0146156 45 146 229
-8.11332 357.992 -0.0284278 45 146 229
-8.05187 357.989 -0.0234265 45 146 229
-8.07184 357.969 0.00343144 45 146 229
-8.08032 357.981 -0.0175532 45 146 229
-8.0518 357.967 0.00443816 45 146 229
-8.02987 357.963 0.038235 45 146 229
-8.08901 357.995 -0.037611 45 146 229
-8.08245 357.994 -0.0222789 45 146 229
-8.07671 357.964 0.0107115 45 146 229
-8.03841 357.962 0.0190303 45 146 229
-8.04803 357.978 -0.017334 45 146 229
-8.05162 357.975 0.00845439 45 146 229
-8.05241 357.971 -0.00309114 45 146 229
-8.05198 357.975 0.00765501 45 146 229
-8.05712 357.989 -0.0208636 45 146 229
-8.11193 357.989 -0.025034 45 146 229
-8.05018 357.962 0.0190545 45 146 229
-8.07408 357.992 -0.0221404 45 146 229
-8.04236 357.97 0.0197981 45 146 229
-8.04942 357.964 0.0127179 45 146 229
-8.06894 357.957 0.0239065 45 146 229
-8.09559 357.985 -0.0193871 45 146 229
-8.08736 358.003 -0.0360138 45 146 229
-8.08394 357.996 -0.0248343 45 146 229
-8.06656 357.959 0.0216845 45 146 229
-8.09529 358.007 -0.0394238 45 146 229
-8.0855 357.992 -0.0352805 45 146 229
-8.06808 357.956 0.0266197 45 146 229
-8.10764 357.998 -0.0366889 45 146 229
-8.08138 357.992 -0.0359699 45 146 229
-8.07336 357.968 0.00495589 45 146 229
-8.07074 357.955 0.0262184 45 146 229
-8.04647 357.978 -0.00131418 45 146 229
-8.05646 357.957 0.0307512 45 146 229
-8.0654 357.982 -0.00573305 45 146 229
-8.0283 357.963 0.0209886 45 146 229
-8.10514 358.009 -0.0394104 45 146 229
-8.06256 357.982 -0.00674891 45 146 229
-8.08485 357.992 -0.018848 45 146 229
-8.06319 357.959 0.0245787 45 146 229
-8.09624 357.988 -0.02445 45 146 229
-8.06537 357.977 -0.0157901 45 146 229
-8.06055 357.964 0.0142216 45 146 229
-8.11363 357.996 -0.0331343 45 146 229
-8.09038 357.998 -0.0415711 45 146 229
-8.10478 357.996 -0.0341011 45 146 229
-8.11828 358.003 -0.0417282 45 146 229
-8.06764 357.955 0.028532 45 146 229
-8.10092 357.984 -0.0192601 45 146 229
-8.08514 357.971 -0.000358002 45 146 229
-8.08759 357.983 -0.0191567 45 146 229
-8.07653 357.988 -0.0143746 45 146 229
-8.0666 357.979 -0.0191269 45 146 229
-8.11851 358.001 -0.0381396 45 146 229
-8.03838 357.959 0.0272937 45 146 229
-8.06425 357.984 -0.0100225 45 146 229
-8.09446 357.982 -0.0154163 45 146 229
-8.09837 357.991 -0.0288555 45 146 229
-8.05488 357.972 -0.00563501 45 146 229
-8.05373 357.961 0.0217311 45 146 229
-8.05998 357.969 0.000892293 45 146 229
-8.07651 357.984 -0.0246108 45 146 229
-8.04909 357.974 0.00867985 45 146 229
-8.09264 357.997 -0.0391153 45 146 229
-8.07876 357.978 -0.0133675 45 146 229
-8.08462 358.0 -0.0308935 45 146 229
-8.08334 357.979 -0.0121568 45 146 229
-8.09053 357.995 -0.0381388 45 146 229
-8.06465 357.961 0.0195408 45 146 229
-8.08162 357.967 0.00596064 45 146 229
-8.06734 358.004 -0.0384429 45 146 229
-8.08479 358.004 -0.0527206 45 146 229
-8.09172 357.994 -0.0360265 45 146 229
-8.08901 357.993 0.0230663 45 146 229
-8.07703 357.984 -0.02517 45 146 229
-8.05656 357.962 0.0209179 45 146 229
-8.02862 357.967 0.0295935 45 146 229
-8.06406 357.98 -0.00120937 45 146 229
-8.04928 357.962 0.0178474 45 146 229
-8.06614 357.974 -0.0093614 45 146 229
-8.1152 358.001 -0.0381187 45 146 229
-8.02907 357.966 0.0302072 45 146 229
-8.09091 357.977 -0.00992747 45 146 229
-8.07813 357.969 0.00452672 45 146 229
-8.05849 357.963 0.0161699 45 146 229
-8.09237 357.995 0.0147128 45 146 229
-8.05229 357.964 0.0119462 45 146 229
-8.10789 357.997 -0.0355827 45 146 229
-8.04748 357.954 0.0421027 45 146 229
-8.0525 357.98 -0.0194231 45 146 229
-8.10267 357.987 -0.022602 45 146 229
-8.07053 357.983 -0.0233966 45 146 229
-8.05047 357.96 0.0259094 45 146 229
-8.08379 357.979 -0.012831 45 146 229
-8.08106 357.975 -0.0063448 45 146 229
-8.06758 357.963 0.0144664 45 146 229
-8.04864 357.965 0.0113762 45 146 229
-8.02971 357.964 0.0355872 45 146 229
-8.05735 357.989 -0.0206271 45 146 229
-8.03157 357.963 0.019741 45 146 229
-8.08978 358.001 -0.032345 45 146 229
-8.06454 357.998 -0.0380115 45 146 229
-8.05418 357.971 -0.00201578 45 146 229
-8.0618 357.99 -0.0218472 45 146 229
-8.04885 357.969 0.00202562 45 146 229
-8.06924 357.957 0.023604 45 146 229
-8.03934 357.968 0.0258267 45 146 229
-8.03545 357.963 0.0399755 45 146 229
-8.04657 357.965 0.0123973 45 146 229
-8.09476 357.999 0.0186513 45 146 229
-8.09624 357.988 -0.0230907 45 146 229
-8.03688 357.968 0.0260615 45 146 229
-8.08027 357.977 -0.0106356 45 146 229
-8.06341 357.965 0.0126264 45 146 229
-8.06379 357.972 0.0214452 45 146 229
-8.05306 357.981 -0.00569241 45 146 229
-8.07979 357.997 -0.0435329 45 146 229
-8.05688 357.98 -0.0199934 45 146 229
-8.08596 357.988 -0.0281104 45 146 229
-8.07504 357.989 -0.0327109 45 146 229
-8.04788 357.97 -0.000440122 45 146 229
-8.05164 357.989 -0.0242646 45 146 229
-8.08073 357.981 -0.0186794 45 146 229
-8.09583 357.987 -0.0224012 45 146 229
-8.09173 357.996 0.0248618 45 146 229
-8.0701 357.983 -0.023743 45 146 229
-8.02643 357.966 0.0313294 45 146 229
-8.0597 357.961 0.0221489 45 146 229
-8.0377 357.958 0.033518 45 146 229
-8.04369 357.957 0.0349974 45 146 229
-8.04863 357.96 0.0254297 45 146 229
-8.05399 357.954 0.0390284 45 146 229
-8.09603 357.98 -0.013535 45 146 229
-8.05858 357.978 -0.0171468 45 146 229
-8.06618 357.956 0.0267634 45 146 229
-8.0777 357.98 -0.0169058 45 146 229
-8.05426 357.959 0.0281292 45 146 229
-8.11315 358.005 -0.0434445 45 146 229
-8.09333 357.998 -0.040559 45 146 229
-8.06827 358.001 -0.0460242 45 146 229
-8.04474 357.955 0.0403602 45 146 229
-8.06788 357.965 0.0120971 45 146 229
-8.0931 357.992 -0.0327278 45 146 229
-8.06336 357.96 0.0226697 45 146 229
-8.06649 357.975 -0.0112871 45 146 229
-8.0723 357.999 -0.0328455 45 146 229
-8.0394 357.957 0.0346078 45 146 229
-8.09924 358.003 0.0139146 45 146 229
-8.04157 357.961 0.0216249 45 146 229
-8.07213 357.974 -0.00534203 45 146 229
-8.05584 357.96 0.0242146 45 146 229
-8.10861 357.999 -0.0382431 45 146 229
-8.05019 357.956 0.0358963 45 146 229
-8.05942 357.981 -0.00426534 45 146 229
-8.08132 357.982 -0.0206101 45 146 229
-8.06299 357.964 0.0147957 45 146 229
-8.06812 357.96 0.0196436 45 146 229
-8.06618 357.97 0.000253148 45 146 229
-8.06625 357.973 -0.00565413 45 146 229
-8.09393 357.973 -0.00432878 45 146 229
-8.06852 357.962 0.0178274 45 146 229
-8.06404 357.959 0.0230778 45 146 229
-8.1103 358.001 -0.0403131 45 146 229
-8.094 357.999 -0.0425415 45 146 229
-8.09336 357.998 -0.040148 45 146 229
-8.10128 357.99 -0.0254084 45 146 229
-8.07504 357.971 0.00142337 45 146 229
-8.09565 357.993 -0.0336964 45 146 229
-8.08238 357.968 0.00513658 45 146 229
-8.08009 357.999 -0.046795 45 146 229
-8.10117 357.995 -0.0331522 45 146 229
-8.07057 357.965 0.0115931 45 146 229
-8.05333 357.969 0.000807984 45 146 229
-8.06626 357.967 0.00734009 45 146 229
-8.099 357.999 -0.0408372 45 146 229
-8.11704 357.994 -0.0310982 45 146 229
-8.06207 357.993 -0.0253371 45 146 229
-8.08993 357.989 -0.0280755 45 146 229
-8.04815 357.985 -0.0175405 45 146 229
-8.06778 357.986 -0.0287376 45 146 229
-8.07985 357.991 -0.0345778 45 146 229
-8.07583 357.973 -0.00331649 45 146 229
-8.0452 357.977 -0.00117279 45 146 229
-8.07572 357.961 0.0152731 45 146 229
-8.08916 357.993 0.0226398 45 146 229
-8.11055 358.009 -0.005571 45 146 229
-8.10691 357.996 -0.033459 45 146 229
-8.10098 358.012 -0.0452158 45 146 229
-8.06482 357.962 0.0178902 45 146 229
-8.06349 357.971 -0.00155848 45 146 229
-8.05766 357.963 0.0155161 45 146 229
-8.07165 357.977 -0.0142731 45 146 229
-8.07244 357.963 0.0126611 45 146 229
-8.11779 357.996 -0.0335375 45 146 229
-8.04846 357.963 0.0164953 45 146 229
-8.09401 357.999 -0.0281677 45 146 229
-8.09055 357.984 -0.0190192 45 146 229
-8.04855 357.958 0.0302346 45 146 229
-8.05937 357.953 0.0391619 45 146 229
-8.07812 357.977 -0.0103967 45 146 229
-8.05694 357.963 0.0167402 45 146 229
-8.06398 357.992 -0.0374461 45 146 229
-8.09108 358.004 -0.0365529 45 146 229
-8.10859 357.995 -0.032546 45 146 229
-8.07981 357.99 -0.0168496 45 146 229
-8.0406 357.97 0.0199986 45 146 229
-8.0594 357.979 -0.0187865 45 146 229
-8.05133 357.956 0.0352954 45 146 229
-8.04659 357.981 -0.0108856 45 146 229
-8.08667 358.002 -0.0519405 45 146 229
-8.07704 358.002 -0.0365177 45 146 229
-8.07909 357.994 -0.0242599 45 146 229
-8.0687 357.959 0.0212195 45 146 229
-8.05347 357.973 0.0110234 45 146 229
-8.06087 357.959 0.0246702 45 146 229
-8.07823 357.978 -0.0144216 45 146 229
-8.05547 357.972 -0.00459583 45 146 229
-8.06362 357.993 -0.036601 45 146 229
-8.08506 357.985 -0.0229169 45 146 229
-8.09413 357.993 -0.0342208 45 146 229
-8.06579 357.997 -0.0357791 45 146 229
-8.05682 357.972 -0.00596659 45 146 229
-8.04488 357.973 0.000708444 45 146 229
-8.1088 357.998 -0.0356172 45 146 229
-8.1012 357.98 -0.0152134 45 146 229
-8.0847 357.978 -0.0112017 45 146 229
-8.04897 357.984 -0.0213494 45 146 229
-8.07318 357.981 -0.0217383 45 146 229
-8.11163 358.002 -0.0406677 45 146 229
-8.08458 357.984 -0.0215703 45 146 229
-8.08574 357.994 -0.0373804 45 146 229
-8.08932 357.994 -0.0211141 45 146 229
-8.06911 357.975 -0.00966385 45 146 229
-8.06098 357.985 -0.0132239 45 146 229
-8.09771 358.007 -0.051317 45 146 229
-8.08489 357.988 -0.0284815 45 146 229
-8.07518 357.978 -0.0148593 45 146 229
-8.1032 358.0 -0.0410192 45 146 229
-8.07761 357.961 0.014831 45 146 229
-8.03554 357.969 0.0118348 45 146 229
-8.05899 357.965 0.0122567 45 146 229
-8.10323 358.0 -0.040678 45 146 229
-8.04806 357.959 0.0286626 45 146 229
-8.04987 357.973 0.0129742 45 146 229
-8.06756 357.977 -0.0150988 45 146 229
-8.07995 357.976 -0.00902272 45 146 229
-8.12371 358.011 -0.0435674 45 146 229
-8.09083 357.988 -0.027212 45 146 229
-8.09662 357.985 -0.0202632 45 146 229
-8.07447 357.979 -0.0168325 45 146 229
-8.08938 357.996 -0.0393578 45 146 229
-8.10588 358.006 0.00250533 45 146 229
-8.07232 357.977 -0.0145625 45 146 229
-8.10537 357.997 -0.0350011 45 146 229
-8.05751 357.978 -0.017274 45 146 229
-8.05581 357.963 0.0157057 45 146 229
-8.04165 357.964 0.0149368 45 146 229
-8.03664 357.961 0.0231208 45 146 229
-8.05176 357.956 0.0347124 45 146 229
-8.12142 358.002 -0.0393893 45 146 229
-8.04747 357.963 0.0160957 45 146 229
-8.10345 357.999 -0.0389822 45 146 229
-8.11691 357.994 -0.0305526 45 146 229
-8.06078 357.965 0.0112639 45 146 229
-8.09296 357.997 0.02153 45 146 229
-8.09741 357.98 -0.0137657 45 146 229
-8.06274 357.957 0.0273383 45 146 229
-8.07515 357.966 0.00707907 45 146 229
-8.1125 357.992 -0.0285945 45 146 229
-8.09507 357.99 -0.0290483 45 146 229
-8.05839 357.977 -0.0154751 45 146 229
-8.09279 357.975 -0.00862967 45 146 229
-8.05611 357.975 -0.0112616 45 146 229
-8.09109 357.994 0.0181732 45 146 229
-8.02371 357.965 0.035491 45 146 229
-8.07348 357.997 -0.0301567 45 146 229
-8.07092 357.966 0.00947408 45 146 229
-8.0677 357.995 -0.042035 45 146 229
-8.05452 357.972 -0.00456692 45 146 229
-8.10996 358.006 -0.045747 45 146 229
-8.0542 357.959 0.0274096 45 146 229
-8.05025 357.953 0.0423547 45 146 229
-8.08032 357.998 -0.0301222 45 146 229
-8.07062 357.964 0.0130664 45 146 229
-8.10139 357.992 -0.0291762 45 146 229
-8.07117 357.999 -0.0328935 45 146 229
-8.0717 358.003 -0.0392973 45 146 229
-8.05103 357.964 0.0126742 45 146 229
-8.06594 357.958 0.0243939 45 146 229
-8.05404 357.981 -0.00532514 45 146 229
-8.07689 357.991 -0.0359042 45 146 229
-8.0718 357.962 0.0145088 45 146 229
-8.05849 357.965 0.00997494 45 146 229
-8.08612 357.995 -0.0386347 45 146 229
-8.03164 357.961 0.0238225 45 146 229
-8.03801 357.964 0.0146092 45 146 229
-8.04819 357.96 0.0246657 45 146 229
-8.08219 357.965 0.00903394 45 146 229
-8.09206 357.994 -0.0358305 45 146 229
-8.06765 357.97 0.00145445 45 146 229
-8.06034 357.962 0.0181674 45 146 229
-8.08699 357.986 -0.0252558 45 146 229
-8.06459 357.963 0.0168306 45 146 229
-8.04485 357.964 0.0155276 45 146 229
-8.06353 357.956 0.0286198 45 146 229
-8.04625 357.955 0.0390847 45 146 229
-8.10211 357.996 -0.0355889 45 146 229
-8.08138 357.981 -0.0184437 45 146 229
-8.0433 357.964 0.0139799 45 146 229
-8.09313 357.997 -0.0396508 45 146 229
-8.0558 357.961 0.0204748 45 146 229
-8.05476 357.974 0.0103016 45 146 229
-8.06014 357.976 0.00423447 45 146 229
-8.05665 357.954 0.0367409 45 146 229
-8.03318 357.964 0.0175799 45 146 229
-8.05528 357.952 0.0417026 45 146 229
-8.08745 358.002 -0.0488438 45 146 229
-8.06903 357.978 -0.0168872 45 146 229
-8.06258 357.977 -0.0143472 45 146 229
-8.06657 358.002 -0.0395694 45 146 229
-8.07103 357.986 -0.0286293 45 146 229
-8.05235 357.969 0.00181524 45 146 229
-8.07918 357.992 -0.0363387 45 146 229
-8.0727 357.972 -0.00212951 45 146 229
-8.09704 357.999 -0.0411821 45 146 229
-8.05263 357.974 -0.00906112 45 146 229
-8.05882 357.965 0.0121332 45 146 229
-8.07978 357.979 -0.0143188 45 146 229
-8.05683 357.987 -0.0306178 45 146 229
-8.05302 357.972 -0.00673313 45 146 229
-8.07502 357.996 -0.0270934 45 146 229
-8.07231 358.0 -0.0346457 45 146 229
-8.08261 358.005 -0.0408985 45 146 229
-8.06136 357.96 0.0217015 45 146 229
-8.09982 358.001 0.014694 45 146 229
-8.05926 357.976 0.00587581 45 146 229
-8.06171 357.969 0.00136888 45 146 229
-8.09154 357.989 -0.0283404 45 146 229
-8.06712 357.998 -0.0430187 45 146 229
-8.09423 357.997 -0.0391199 45 146 229
-8.08507 357.989 -0.0306141 45 146 229
-8.04728 357.957 0.0349385 45 146 229
-8.08531 357.982 -0.0174112 45 146 229
-8.08506 357.979 -0.0119465 45 146 229
-8.05454 357.958 0.0298485 45 146 229
-8.04442 357.957 0.0359453 45 146 229
-8.0471 357.956 0.0365659 45 146 229
-8.08936 358.002 -0.0481298 45 146 229
-8.05815 357.974 -0.00937315 45 146 229
-8.04931 357.974 0.0105951 45 146 229
-8.06449 357.974 -0.00941007 45 146 229
-8.06979 357.957 0.0243192 45 146 229
-8.07364 357.969 0.00535744 45 146 229
-8.02366 357.964 0.0192709 45 146 229
-8.07374 357.992 -0.0211269 45 146 229
-8.10759 357.998 -0.0368923 45 146 229
-8.10892 357.997 -0.0347436 45 146 229
-8.09082 357.996 -0.0388851 45 146 229
-8.05609 357.979 -0.0188276 45 146 229
-8.04361 357.973 0.0129643 45 146 229
-8.07648 357.977 -0.0106783 45 146 229
-8.10056 358.0 -0.0410639 45 146 229
-8.06276 357.969 0.000716692 45 146 229
-8.08747 357.985 -0.0222762 45 146 229
-8.05363 357.991 -0.0262938 45 146 229
-8.04979 357.972 0.0149457 45 146 229
-8.05988 357.953 0.0378251 45 146 229
-8.08386 357.983 -0.019722 45 146 229
-8.04836 357.958 0.0304194 45 146 229
-8.09923 357.995 -0.0340735 45 146 229
-8.03199 357.961 0.023668 45 146 229
-8.04515 357.964 0.0137872 45 146 229
-8.08387 357.988 0.019364 45 146 229
-8.06518 357.96 0.0209792 45 146 229
-8.07077 357.959 0.0197574 45 146 229
-8.09935 357.994 -0.0332021 45 146 229
-8.07049 357.984 -0.00886134 45 146 229
-8.05809 357.977 -0.0160216 45 146 229
-8.05055 357.954 0.0411807 45 146 229
-8.06809 357.963 0.0150503 45 146 229
-8.08161 357.986 -0.0271375 45 146 229
-8.11152 358.009 -0.00831184 45 146 229
-8.05259 357.982 -0.0276563 45 146 229
-8.04084 357.961 0.0240315 45 146 229
-8.0585 357.968 0.00345071 45 146 229
-8.06613 357.974 -0.00832977 45 146 229
-8.07412 357.959 0.0204613 45 146 229
-8.04352 357.966 0.00891704 45 146 229
-8.06914 357.969 0.00278429 45 146 229
-8.07557 357.992 -0.0218593 45 146 229
-8.03749 357.966 0.0309328 45 146 229
-8.09545 357.997 -0.0392732 45 146 229
-8.05242 357.959 0.0272579 45 146 229
-8.07653 357.985 -0.0258245 45 146 229
-8.05193 357.963 0.0151568 45 146 229
-8.0545 357.96 0.0239166 45 146 229
-8.0647 357.979 -0.0185368 45 146 229
-8.08151 357.997 -0.0281466 45 146 229
-8.08755 357.984 -0.0200049 45 146 229
-8.04863 357.979 -0.0196733 45 146 229
-8.06642 357.961 0.0185663 45 146 229
-8.08396 358.004 -0.0392106 45 146 229
-8.05143 357.972 -0.00630528 45 146 229
-8.0638 357.958 0.0243723 45 146 229
-8.03267 357.965 0.0331805 45 146 229
-8.0457 357.954 0.0482269 45 146 229
-8.08319 357.979 -0.0128331 45 146 229
-8.07137 357.97 0.00366048 45 146 229
-8.05919 357.973 0.0140962 45 146 229
-8.06656 357.974 -0.00824874 45 146 229
-8.10692 358.004 -0.0448368 45 146 229
-8.08437 357.983 -0.0202742 45 146 229
-8.04861 357.983 -0.00924157 45 146 229
-8.08622 357.99 0.0190218 45 146 229
-8.04928 357.984 -0.0245861 45 146 229
-8.05069 357.989 -0.0182771 45 146 229
-8.04967 357.959 0.0287122 45 146 229
-8.04658 357.961 0.0238794 45 146 229
-8.07822 357.972 -0.00119291 45 146 229
-8.07494 357.973 -0.00277958 45 146 229
-8.08299 357.981 -0.0162767 45 146 229
-8.08951 357.995 -0.0374127 45 146 229
-8.04846 357.98 -0.00446989 45 146 229
-8.05932 357.963 0.0175796 45 146 229
-8.06616 357.977 0.00618226 45 146 229
-8.05852 357.978 0.00048438 45 146 229
-8.06802 357.961 0.018926 45 146 229
-8.0854 358.004 -0.037861 45 146 229
-8.0641 357.959 0.022982 45 146 229
-8.07325 357.979 -0.0170691 45 146 229
-8.06774 357.984 -0.0261595 45 146 229
-8.0294 357.965 0.0323763 45 146 229
-8.05401 357.975 -0.0127456 45 146 229
-8.10443 357.998 -0.0370639 45 146 229
-8.06342 357.981 -0.00486923 45 146 229
-8.11593 358.01 -0.0468008 45 146 229
-8.05635 357.963 0.0169585 45 146 229
-8.11326 358.001 -0.0391247 45 146 229
-8.0598 357.958 0.0271274 45 146 229
-8.07162 357.993 -0.0397885 45 146 229
-8.04069 357.96 0.0257271 45 146 229
-8.0819 358.006 -0.0419627 45 146 229
-8.11035 357.995 -0.0315741 45 146 229
-8.11604 357.993 -0.0297444 45 146 229
-8.09991 357.995 -0.034459 45 146 229
-8.03827 357.961 0.0212687 45 146 229
-8.04155 357.956 0.0372381 45 146 229
-8.06728 357.974 -0.0086697 45 146 229
-8.06592 357.964 0.0131711 45 146 229
-8.04712 357.981 -0.0128026 45 146 229
-8.09374 357.994 -0.0355839 45 146 229
-8.04429 357.972 0.00122749 45 146 229
-8.03113 357.968 0.0256302 45 146 229
-8.03997 357.96 0.024544 45 146 229
-8.04536 357.964 0.0155746 45 146 229
-8.05272 357.973 -0.00680065 45 146 229
-8.10305 358.002 0.000590509 45 146 229
-8.06293 357.967 0.00564062 45 146 229
-8.03932 357.96 0.0246035 45 146 229
-8.06795 357.994 -0.0258906 45 146 229
-8.09983 357.982 -0.0167645 45 146 229
-8.09342 357.973 -0.00511292 45 146 229
-8.0783 358.003 -0.0385509 45 146 229
-8.09079 357.994 0.0154627 45 146 229
-8.09138 358.003 -0.0339433 45 146 229
-8.07439 357.982 -0.021111 45 146 229
-8.06304 357.958 0.0257647 45 146 229
-8.08168 357.988 -0.0291403 45 146 229
-8.10823 358.005 -0.0451683 45 146 229
-8.07005 357.975 -0.00986762 45 146 229
-8.05612 357.958 0.0297501 45 146 229
-8.07098 357.965 0.0106041 45 146 229
-8.06055 357.96 0.0228918 45 146 229
-8.05902 357.978 0.00161763 45 146 229
-8.05487 357.979 -0.0191024 45 146 229
-8.0581 357.97 -0.00106574 45 146 229
-8.07555 357.978 -0.0147251 45 146 229
-8.0759 357.985 -0.0256083 45 146 229
-8.04454 357.959 0.0276701 45 146 229
-8.0601 357.978 0.00100555 45 146 229
-8.04865 357.974 0.00909177 45 146 229
-8.0368 357.965 0.0328043 45 146 229
-8.06519 357.964 0.0142939 45 146 229
-8.03733 357.971 0.0109161 45 146 229
-8.06825 357.979 -0.0179836 45 146 229
-8.08022 357.988 -0.0304706 45 146 229
-8.03985 357.971 0.0171509 45 146 229
-8.05793 357.959 0.0258117 45 146 229
-8.08402 357.98 -0.0140606 45 146 229
-8.04584 357.98 -0.00389533 45 146 229
-8.09079 357.996 -0.0388399 45 146 229
-8.07327 357.991 -0.0362889 45 146 229
-8.0854 357.987 -0.0263989 45 146 229
-8.08281 357.981 -0.0163029 45 146 229
-8.06947 357.97 0.0496368 45 146 229
-8.08547 357.976 -0.00721184 45 146 229
-8.06508 357.962 0.0180088 45 146 229
-8.05424 357.955 0.0361963 45 146 229
-8.05546 357.954 0.037606 45 146 229
-8.06019 357.969 0.00118897 45 146 229
-8.06557 357.964 0.0147109 45 146 229
-8.07532 357.999 -0.0327907 45 146 229
-8.03101 357.964 0.0362964 45 146 229
-8.09589 357.982 -0.0157941 45 146 229
-8.08124 357.975 -0.00522702 45 146 229
-8.05257 357.976 0.00405171 45 146 229
-8.06821 358.002 -0.045045 45 146 229
-8.06712 357.986 -0.0125227 45 146 229
-8.08674 357.988 -0.0289329 45 146 229
-8.08535 357.988 0.0148756 45 146 229
-8.07225 357.992 -0.0229902 45 146 229
-8.08922 357.982 -0.015801 45 146 229
-8.0836 357.993 -0.0209647 45 146 229
-8.08521 357.986 -0.0261228 45 146 229
-8.06721 357.962 0.0163977 45 146 229
-8.09504 357.99 -0.0291045 45 146 229
-8.09694 357.992 -0.0307249 45 146 229
-8.1088 357.994 -0.0301851 45 146 229
-8.04038 357.972 0.00827393 45 146 229
-8.06001 357.982 -0.00707398 45 146 229
-8.0793 358.002 -0.050866 45 146 229
-8.05277 357.956 0.0347449 45 146 229
-8.02856 357.965 0.0349948 45 146 229
-8.0584 357.988 -0.019032 45 146 229
-8.07732 357.971 0.00110175 45 146 229
-8.07733 357.973 -0.00268968 45 146 229
-8.09404 357.999 -0.0417666 45 146 229
-8.08832 358.007 -0.0421645 45 146 229
-8.06253 357.994 -0.0342133 45 146 229
-8.09134 357.986 -0.0229339 45 146 229
-8.05885 357.986 -0.0150308 45 146 229
-8.07908 357.964 0.00800749 45 146 229
-8.05875 357.977 -0.015127 45 146 229
-8.10465 357.999 -0.0385922 45 146 229
-8.09096 357.992 -0.0336403 45 146 229
-8.08556 357.995 -0.0393941 45 146 229
-8.08039 358.009 -0.0466621 45 146 229
-8.08851 357.985 -0.0209531 45 146 229
-8.10752 358.0 -0.0396493 45 146 229
-8.09933 358.001 0.00753846 45 146 229
-8.07021 357.962 0.0166808 45 146 229
-8.06834 357.983 -0.0251466 45 146 229
-8.09677 357.991 -0.02927 45 146 229
-8.07474 357.974 -0.005895 45 146 229
-8.08303 357.983 -0.0200497 45 146 229
-8.07896 357.98 -0.0172001 45 146 229
-8.11864 357.999 -0.0358578 45 146 229
-8.04545 357.975 -0.0027106 45 146 229
-8.07901 357.964 0.0093095 45 146 229
-8.06956 357.985 -0.0267253 45 146 229
-8.05961 357.956 0.0301913 45 146 229
-8.09868 357.994 -0.033257 45 146 229
-8.05515 357.99 -0.026028 45 146 229
-8.05328 357.981 -0.0223518 45 146 229
-8.02729 357.964 0.0363003 45 146 229
-8.03635 357.963 0.0167464 45 146 229
-8.05295 357.958 0.0298739 45 146 229
-8.04395 357.962 0.0190987 45 146 229
-8.07633 357.971 0.00108108 45 146 229
-8.05928 357.964 0.0152483 45 146 229
-8.07701 357.983 -0.0220753 45 146 229
-8.06725 357.97 0.000741193 45 146 229
-8.07388 357.976 -0.00975364 45 146 229
-8.10036 358.002 0.0116251 45 146 229
-8.10587 357.996 -0.0346871 45 146 229
-8.08833 357.994 -0.0363201 45 146 229
-8.11071 357.994 -0.031365 45 146 229
-8.08601 358.004 -0.0386912 45 146 229
-8.10406 357.994 -0.0320885 45 146 229
-8.07637 357.97 0.00176538 45 146 229
-8.09272 358.01 -0.0446837 45 146 229
-8.09829 357.998 -0.038745 45 146 229
-8.07953 357.97 0.00219386 45 146 229
-8.05824 357.963 0.0167783 45 146 229
-8.07571 357.99 -0.0343063 45 146 229
-8.04333 357.967 0.0280672 45 146 229
-8.02505 357.963 0.0411505 45 146 229
-8.06728 357.996 -0.0288761 45 146 229
-8.12151 358.004 -0.0404204 45 146 229
-8.09709 357.998 0.00781592 45 146 229
-8.05442 357.975 -0.0123451 45 146 229
-8.09366 357.998 -0.0412474 45 146 229
-8.07451 357.967 0.00739105 45 146 229
-8.11149 357.998 -0.035231 45 146 229
-8.04448 357.975 -0.00831208 45 146 229
-8.0796 357.999 -0.0475577 45 146 229
-8.09132 358.006 -0.039894 45 146 229
-8.08082 358.0 -0.0324834 45 146 229
-8.07686 357.98 -0.0176322 45 146 229
-8.05254 357.989 -0.0273565 45 146 229
-8.06895 357.986 -0.0123984 45 146 229
-8.09259 357.991 -0.0314911 45 146 229
-8.09872 357.98 -0.0141443 45 146 229
-8.06898 357.983 -0.00660258 45 146 229
-8.11335 358.008 -0.0457227 45 146 229
-8.04205 357.956 0.0438027 45 146 229
-8.09851 358.01 -0.0433225 45 146 229
-8.11193 358.01 -0.00641975 45 146 229
-8.10884 357.999 -0.0378782 45 146 229
-8.04578 357.953 0.0449031 45 146 229
-8.05449 357.964 0.0144383 45 146 229
-8.03093 357.963 0.0391685 45 146 229
-8.06895 357.968 0.00765816 45 146 229
-8.04578 357.975 -0.0121145 45 146 229
-8.0944 357.984 -0.0187576 45 146 229
-8.03562 357.967 0.0291317 45 146 229
-8.07471 357.986 -0.0272206 45 146 229
-8.035 357.961 0.0241691 45 146 229
-8.067 357.97 0.00142332 45 146 229
-8.08324 357.997 -0.043316 45 146 229
-8.09293 358.008 -0.04137 45 146 229
-8.04309 357.97 0.0205131 45 146 229
-8.06799 357.956 0.0262377 45 146 229
-8.08115 357.994 -0.039451 45 146 229
-8.08473 357.995 -0.0231343 45 146 229
-8.08993 357.993 0.016241 45 146 229
-8.06588 357.962 0.017016 45 146 229
-8.08379 357.996 -0.041289 45 146 229
-8.0707 357.989 -0.0338454 45 146 229
-8.05384 357.975 -0.0120847 45 146 229
-8.07866 357.976 -0.00768542 45 146 229
-8.07666 357.989 -0.0325069 45 146 229
-8.06385 357.963 0.0168565 45 146 229
-8.05571 357.986 -0.0141692 45 146 229
-8.05926 357.976 -0.0140435 45 146 229
-8.09177 358.001 -0.0315479 45 146 229
-8.09298 357.997 -0.0393423 45 146 229
-8.04263 357.961 0.0232212 45 146 229
-8.05421 357.953 0.0413204 45 146 229
-8.05489 357.962 0.0187494 45 146 229
-8.06862 357.961 0.0178444 45 146 229
-8.08997 358.0 -0.0443943 45 146 229
-8.06742 357.962 0.0187754 45 146 229
-8.09185 358.002 -0.0462343 45 146 229
-8.11287 358.001 -0.0395058 45 146 229
-8.03037 357.961 0.0256133 45 146 229
-8.11141 357.991 -0.0265379 45 146 229
-8.09056 357.993 0.0154145 45 146 229
-8.04816 357.971 -0.000940731 45 146 229
-8.04811 357.954 0.0423754 45 146 229
-8.07205 357.984 -0.00870056 45 146 229
-8.07217 357.977 -0.0143797 45 146 229
-8.09914 357.98 -0.0146411 45 146 229
-8.07297 357.969 0.00322705 45 146 229
-8.04386 357.972 0.0040957 45 146 229
-8.07492 357.957 0.0232227 45 146 229
-8.11787 357.992 -0.0282655 45 146 229
-8.08039 357.994 -0.0390561 45 146 229
-8.10575 357.993 -0.0290945 45 146 229
-8.0873 357.986 -0.0234732 45 146 229
-8.06612 357.964 0.0134153 45 146 229
-8.08048 357.993 -0.0384222 45 146 229
-8.11168 357.994 -0.0303457 45 146 229
-8.07961 357.982 -0.0209182 45 146 229
-8.05721 357.962 0.0192993 45 146 229
-8.05217 357.964 0.0138668 45 146 229
-8.06055 357.975 0.00751047 45 146 229
-8.08252 357.998 -0.0442037 45 146 229
-8.11905 357.999 -0.0379805 45 146 229
-8.0738 357.986 -0.0279734 45 146 229
-8.08808 358.003 -0.0352438 45 146 229
-8.05044 357.969 0.00247654 45 146 229
-8.0764 357.991 -0.0361082 45 146 229
-8.06557 357.992 -0.0243924 45 146 229
-8.12143 358.003 -0.0394588 45 146 229
-8.04405 357.977 -0.00947543 45 146 229
-8.06424 357.974 -0.0099949 45 146 229
-8.05556 357.954 0.0380987 45 146 229
-8.09664 357.992 -0.0312428 45 146 229
-8.05896 357.96 0.0241693 45 146 229
-8.04993 357.953 0.0427832 45 146 229
-8.07166 357.989 -0.0341632 45 146 229
-8.09156 357.996 0.0200307 45 146 229
-8.06546 357.973 -0.00659441 45 146 229
-8.0737 357.99 -0.0182362 45 146 229
-8.0597 357.963 0.0166724 45 146 229
-8.07834 357.967 0.00728235 45 146 229
-8.05425 357.974 0.00871657 45 146 229
-8.0658 358.001 -0.0407347 45 146 229
-8.07845 357.992 -0.0203638 45 146 229
-8.06868 357.977 -0.0151525 45 146 229
-8.06743 357.96 0.0202198 45 146 229
-8.067 358.003 -0.0375747 45 146 229
-8.06566 357.975 -0.0112361 45 146 229
-8.03867 357.957 0.0368011 45 146 229
-8.08098 357.995 -0.0248566 45 146 229
-8.08057 357.998 -0.0294644 45 146 229
-8.08511 357.976 -0.00759242 45 146 229
-8.06636 357.989 -0.0346885 45 146 229
-8.09761 357.999 -0.0412168 45 146 229
-8.09261 357.974 -0.00647204 45 146 229
-8.05162 357.958 0.0298655 45 146 229
-8.10407 358.002 -0.044138 45 146 229
-8.04692 357.959 0.0319355 45 146 229
-8.08735 357.989 -0.0302924 45 146 229
-8.08722 357.989 -0.0292987 45 146 229
-8.08162 357.989 -0.0152087 45 146 229
-8.08569 358.006 -0.0406782 45 146 229
-8.04974 357.956 0.0371877 45 146 229
-8.05996 357.96 0.0229439 45 146 229
-8.05903 357.954 0.031145 45 146 229
-8.06907 358.003 -0.0485151 45 146 229
-8.06624 357.987 -0.0318318 45 146 229
-8.11384 357.999 -0.0365832 45 146 229
-8.07719 357.974 -0.00436224 45 146 229
-8.09355 357.992 -0.0329833 45 146 229
-8.05066 357.963 0.0145584 45 146 229
-8.08035 357.968 0.00437013 45 146 229
-8.06614 357.975 -0.0107141 45 146 229
-8.03155 357.969 0.0227605 45 146 229
-8.09674 357.979 -0.0122996 45 146 229
-8.07124 357.983 -0.0231853 45 146 229
-8.08098 357.98 -0.0156767 45 146 229
-8.1096 358.008 -0.00657111 45 146 229
-8.04859 357.967 0.00726859 45 146 229
-8.07185 357.999 -0.0330399 45 146 229
-8.05491 357.957 0.0320547 45 146 229
-8.04728 357.988 -0.0173352 45 146 229
-8.04985 357.977 0.00250466 45 146 229
-8.08131 357.987 -0.028214 45 146 229
-8.11096 358.0 -0.0382877 45 146 229
-8.05393 357.959 0.0275553 45 146 229
-8.07005 357.984 -0.00786839 45 146 229
-8.05452 357.953 0.0418892 45 146 229
-8.0958 358.002 -0.0451077 45 146 229
-8.02842 357.969 0.024309 45 146 229
-8.09511 358.011 -0.0447695 45 146 229
-8.07278 357.99 -0.0344306 45 146 229
-8.06265 357.98 -0.0013187 45 146 229
-8.05223 357.975 -0.0113601 45 146 229
-8.09947 357.992 -0.0294832 45 146 229
-8.08917 357.992 -0.0331077 45 146 229
-8.06421 357.967 0.00873977 45 146 229
-8.09039 357.985 -0.0220747 45 146 229
-8.06602 357.965 0.0115259 45 146 229
-8.08917 357.998 -0.0273511 45 146 229
-8.06563 357.96 0.0206217 45 146 229
-8.07235 357.989 -0.0166228 45 146 229
-8.0822 358.003 -0.0373462 45 146 229
-8.0451 357.974 -0.00906113 45 146 229
-8.06263 357.974 -0.00889795 45 146 229
-8.04767 357.965 0.0113927 45 146 229
-8.0448 357.975 -0.00358185 45 146 229
-8.06595 357.964 0.0135901 45 146 229
-8.06277 357.983 -0.00848833 45 146 229
-8.06325 357.983 -0.00844292 45 146 229
-8.10796 357.996 -0.03334 45 146 229
-8.06718 357.958 0.0231177 45 146 229
-8.05997 357.981 -0.00461911 45 146 229
-8.05743 357.966 0.0102222 45 146 229
-8.06271 358.0 -0.0340824 45 146 229
-8.08672 357.982 -0.0180612 45 146 229
-8.06074 357.959 0.0239961 45 146 229
-8.107 357.998 -0.0370107 45 146 229
-8.08651 357.989 0.0146487 45 146 229
-8.06963 357.982 -0.00396674 45 146 229
-8.06382 357.969 0.00219038 45 146 229
-8.10306 358.0 -0.041459 45 146 229
-8.06929 357.965 0.0112387 45 146 229
-8.07715 358.0 -0.0481753 45 146 229
-8.05804 357.99 -0.020734 45 146 229
-8.05161 357.97 0.000228222 45 146 229
-8.08443 357.998 -0.028364 45 146 229
-8.09363 358.003 -0.0479915 45 146 229
-8.04866 357.983 -0.0252255 45 146 229
-8.06627 357.958 0.0240449 45 146 229
-8.05465 357.983 -0.00933265 45 146 229
-8.12056 358.0 -0.0369251 45 146 229
-8.04694 357.984 -0.0113032 45 146 229
-8.05772 357.973 -0.00854844 45 146 229
-8.08198 357.97 0.00150876 45 146 229
-8.07647 357.992 -0.0373642 45 146 229
-8.06289 357.979 -0.000570592 45 146 229
-8.06041 357.995 -0.0246451 45 146 229
-8.08998 357.989 -0.0295044 45 146 229
-8.08282 357.986 0.0192906 45 146 229
-8.07675 358.0 -0.0332962 45 146 229
-8.08117 357.984 -0.0227167 45 146 229
-8.05775 357.96 0.0226769 45 146 229
-8.03966 357.959 0.0299212 45 146 229
-8.0367 357.965 0.031789 45 146 229
-8.06851 357.982 -0.0227864 45 146 229
-8.04623 357.963 0.0161534 45 146 229
-8.05148 357.97 0.00049632 45 146 229
-8.06703 357.993 -0.0247144 45 146 229
-8.07199 357.969 0.00448798 45 146 229
-8.04801 357.974 0.00971298 45 146 229
-8.05842 357.968 0.00387801 45 146 229
-8.03694 357.958 0.0302592 45 146 229
-8.11665 358.002 -0.0385784 45 146 229
-8.09094 357.993 0.0111264 45 146 229
-8.05164 357.957 0.0318121 45 146 229
-8.11348 358.007 -0.0449302 45 146 229
-8.05937 357.976 0.00686812 45 146 229
-8.05988 357.967 0.00567235 45 146 229
-8.09447 358.006 -0.0380297 45 146 229
-8.04483 357.962 0.0188839 45 146 229
-8.07599 357.971 0.00177805 45 146 229
-8.07338 357.974 -0.00447048 45 146 229
-8.09586 357.997 0.00912667 45 146 229
-8.08037 358.004 -0.0523357 45 146 229
-8.07019 357.998 -0.047842 45 146 229
-8.0283 357.959 0.0332989 45 146 229
-8.06562 357.965 0.0124676 45 146 229
-8.09667 358.005 -0.0493666 45 146 229
-8.10834 357.993 -0.0297328 45 146 229
-8.08112 357.998 -0.0291434 45 146 229
-8.10629 357.999 -0.0387923 45 146 229
-8.06271 357.962 0.0194451 45 146 229
-8.07927 357.959 0.0215103 45 146 229
-8.10519 357.996 -0.0327911 45 146 229
-8.10018 357.991 -0.0268114 45 146 229
-8.05415 357.973 0.0109436 45 146 229
-8.07524 357.988 -0.0146305 45 146 229
-8.07813 357.976 -0.00844617 45 146 229
-8.07792 358.004 -0.0393066 45 146 229
-8.03862 357.964 0.0153222 45 146 229
-8.04572 357.963 0.0160606 45 146 229
-8.08121 357.992 -0.0209082 45 146 229
-8.06723 357.987 -0.0143622 45 146 229
-8.04167 357.972 0.0150571 45 146 229
-8.05175 357.957 0.0328341 45 146 229
-8.03881 357.97 0.0207699 45 146 229
-8.04601 357.954 0.0416067 45 146 229
-8.04623 357.953 0.0440434 45 146 229
-8.09576 357.996 -0.0367668 45 146 229
-8.08876 357.985 -0.0214079 45 146 229
-8.0788 357.992 -0.037208 45 146 229
-8.08602 357.986 -0.025184 45 146 229
-8.12618 358.001 -0.0387956 45 146 229
-8.07668 357.968 0.00564221 45 146 229
-8.07233 357.985 -0.0262916 45 146 229
-8.10765 358.001 -0.0402673 45 146 229
-8.07119 357.96 0.0191207 45 146 229
-8.09154 357.994 0.0136149 45 146 229
-8.08548 357.988 0.0138365 45 146 229
-8.04518 357.959 0.0307755 45 146 229
-8.10062 358.005 -0.047404 45 146 229
-8.04744 357.984 -0.020314 45 146 229
-8.06451 358.0 -0.037065 45 146 229
-8.07319 357.959 0.0183348 45 146 229
-8.07119 357.96 0.0185936 45 146 229
-8.08993 357.996 -0.0246849 45 146 229
-8.0733 358.003 -0.0382603 45 146 229
-8.05165 357.974 0.00855373 45 146 229
-8.10587 357.984 -0.020272 45 146 229
-8.06045 357.974 -0.00940089 45 146 229
-8.04101 357.959 0.0276857 45 146 229
-8.10131 358.003 0.0106246 45 146 229
-8.07022 357.983 -0.00683059 45 146 229
-8.09064 357.998 -0.0278414 45 146 229
-8.1021 358.004 0.0106854 45 146 229
-8.0793 358.003 -0.0375212 45 146 229
-8.0927 358.001 -0.0449524 45 146 229
-8.1254 358.0 -0.0390135 45 146 229
-8.11716 358.006 -0.0440797 45 146 229
-8.06098 357.98 -0.00179429 45 146 229
-8.09261 357.994 -0.0363055 45 146 229
-8.05928 357.968 0.00436682 45 146 229
-8.06591 357.988 -0.0170964 45 146 229
-8.05992 357.979 -0.000428252 45 146 229
-8.06134 357.976 -0.0131872 45 146 229
-8.05 357.958 0.0287337 45 146 229
-8.06125 357.956 0.0301884 45 146 229
-8.04528 357.96 0.0259031 45 146 229
-8.07639 357.971 0.000498524 45 146 229
-8.06057 357.977 -0.0147236 45 146 229
-8.06567 357.971 -0.00323125 45 146 229
-8.08604 357.989 -0.0304839 45 146 229
-8.07905 357.984 -0.0250472 45 146 229
-8.0924 357.989 -0.0286027 45 146 229
-8.07144 357.972 -0.0029535 45 146 229
-8.06193 357.987 -0.0159674 45 146 229
-8.06384 357.972 -0.00595501 45 146 229
-8.05242 357.976 -0.0129996 45 146 229
-8.09759 358.0 0.0128494 45 146 229
-8.07067 357.972 -0.0025658 45 146 229
-8.0621 357.959 0.0234403 45 146 229
-8.08774 357.991 0.0208011 45 146 229
-8.0679 357.957 0.0238782 45 146 229
-8.08661 357.978 -0.0108072 45 146 229
-8.10946 357.994 -0.0301482 45 146 229
-8.03934 357.958 0.0334165 45 146 229
-8.05239 357.976 0.00567477 45 146 229
-8.07763 357.979 -0.0144054 45 146 229
-8.03248 357.961 0.0257638 45 146 229
-8.10398 358.007 -0.0360089 45 146 229
-8.03801 357.957 0.0354637 45 146 229
-8.07636 357.959 0.0190856 45 146 229
-8.08751 357.981 -0.0153358 45 146 229
-8.08718 357.987 -0.0262805 45 146 229
-8.06912 357.977 -0.0140595 45 146 229
-8.05678 357.981 -0.0219743 45 146 229
-8.06469 357.988 -0.0331123 45 146 229
-8.08849 357.987 -0.0266974 45 146 229
-8.05683 357.981 -0.0220191 45 146 229
-8.08728 357.979 -0.0123181 45 146 229
-8.04506 357.957 0.0338226 45 146 229
-8.10221 357.999 -0.0393257 45 146 229
-8.04609 357.955 0.0404117 45 146 229
-8.06771 358.005 -0.0415965 45 146 229
-8.06856 358.005 -0.0414507 45 146 229
-8.06835 357.984 -0.0258305 45 146 229
-8.10266 357.994 -0.0309094 45 146 229
-8.07834 357.996 -0.0436004 45 146 229
-8.06028 357.962 0.0185565 45 146 229
-8.04172 357.966 0.0315982 45 146 229
-8.08691 357.992 -0.0188133 45 146 229
-8.06183 357.966 0.0114075 45 146 229
-8.06292 357.983 -0.00802855 45 146 229
-8.10055 358.002 0.007949 45 146 229
-8.08713 358.007 -0.0416567 45 146 229
-8.05734 357.981 -0.0219418 45 146 229
-8.07528 357.988 -0.0319134 45 146 229
-8.11118 357.994 -0.0306453 45 146 229
-8.05563 357.962 0.0177391 45 146 229
-8.05613 357.964 0.0129972 45 146 229
-8.06477 357.957 0.0263303 45 146 229
-8.07934 357.982 -0.020564 45 146 229
-8.07575 357.97 0.00246401 45 146 229
-8.05401 357.974 -0.0108236 45 146 229
-8.09802 358.01 -0.0435171 45 146 229
-8.05272 357.984 -0.0108215 45 146 229
-8.07996 357.994 -0.0389819 45 146 229
-8.0663 357.966 0.00900142 45 146 229
-8.08144 358.001 -0.0345885 45 146 229
-8.05215 357.984 -0.0115505 45 146 229
-8.08713 357.996 -0.0259762 45 146 229
-8.0758 357.989 -0.0167147 45 146 229
-8.07942 358.004 -0.0403059 45 146 229
-8.03173 357.962 0.0212842 45 146 229
-8.0645 357.955 0.0294364 45 146 229
-8.06813 357.96 0.02071 45 146 229
-8.05547 357.959 0.0265594 45 146 229
-8.07761 357.99 -0.0333664 45 146 229
-8.07984 357.979 -0.0154476 45 146 229
-8.03687 357.96 0.0265388 45 146 229
-8.05259 357.954 0.0395567 45 146 229
-8.08395 357.976 -0.00712098 45 146 229
-8.1029 357.978 -0.01244 45 146 229
-8.09617 357.991 -0.0286403 45 146 229
-8.05576 357.962 0.0185978 45 146 229
-8.06329 357.969 0.00106761 45 146 229
-8.04723 357.977 -0.0142873 45 146 229
-8.04957 357.956 0.0360906 45 146 229
-8.09545 357.985 -0.0199674 45 146 229
-8.05269 357.97 -0.000493637 45 146 229
-8.05633 357.99 -0.0286886 45 146 229
-8.0537 357.964 0.0141513 45 146 229
-8.05225 357.987 -0.0160015 45 146 229
-8.04666 357.963 0.0182317 45 146 229
-8.07045 357.967 0.007222 45 146 229
-8.07407 357.979 -0.0167626 45 146 229
-8.0333 357.964 0.0364961 45 146 229
-8.0475 357.964 0.0138509 45 146 229
-8.06727 357.971 -0.00155291 45 146 229
-8.05673 357.956 0.0317379 45 146 229
-8.08348 357.973 -0.0019073 45 146 229
-8.06582 357.987 -0.0303355 45 146 229
-8.06159 357.962 0.0185744 45 146 229
-8.05431 357.965 0.0105943 45 146 229
-8.04285 357.968 0.00480248 45 146 229
-8.06449 357.959 0.023635 45 146 229
-8.09185 357.977 -0.010193 45 146 229
-8.07688 357.969 0.00372285 45 146 229
-8.07111 357.965 0.0119902 45 146 229
-8.06646 357.994 -0.026295 45 146 229
-8.09023 358.0 -0.0442462 45 146 229
-8.07531 357.976 -0.00974775 45 146 229
-8.05199 357.975 0.00761808 45 146 229
-8.09842 358.004 -0.0470278 45 146 229
-8.0495 357.96 0.0255907 45 146 229
-8.04966 357.961 0.0210029 45 146 229
-8.03273 357.964 0.0361973 45 146 229
-8.08258 358.004 -0.0385283 45 146 229
-8.07898 358.003 -0.0384396 45 146 229
-8.05834 357.966 0.0076475 45 146 229
-8.03237 357.969 0.0143102 45 146 229
-8.06242 357.967 0.010903 45 146 229
-8.07965 357.991 -0.0193119 45 146 229
-8.11923 358.005 -0.043493 45 146 229
-8.06947 357.989 -0.0333312 45 146 229
-8.09483 357.996 0.00947358 45 146 229
-8.05244 357.977 0.00269333 45 146 229
-8.0718 357.963 0.0141842 45 146 229
-8.10868 358.0 -0.038544 45 146 229
-8.04494 357.958 0.0265837 45 146 229
-8.07971 357.977 -0.0106353 45 146 229
-8.07349 357.989 -0.0335165 45 146 229
-8.08062 357.991 -0.0353224 45 146 229
-8.04782 357.986 -0.0182341 45 146 229
-8.07006 357.984 -0.0093173 45 146 229
-8.03297 357.971 0.0171734 45 146 229
-8.10008 357.996 -0.0367036 45 146 229
-8.06557 357.967 0.0512583 45 146 229
-8.07508 357.995 -0.0260643 45 146 229
-8.05431 357.984 -0.0107546 45 146 229
-8.06646 357.97 0.000685558 45 146 229
-8.08318 358.0 -0.0467696 45 146 229
-8.08471 357.992 -0.0351113 45 146 229
-8.08826 357.992 -0.03435 45 146 229
-8.08921 358.002 -0.0342037 45 146 229
-8.07573 357.964 0.0112329 45 146 229
-8.0477 357.954 0.0423935 45 146 229
-8.06092 357.965 0.0118082 45 146 229
-8.06071 357.987 -0.0167522 45 146 229
-8.09098 357.984 -0.0199855 45 146 229
-8.08759 357.998 -0.0285617 45 146 229
-8.0435 357.972 0.00210728 45 146 229
-8.08755 357.978 -0.00976097 45 146 229
-8.09249 357.992 -0.0333532 45 146 229
-8.07364 358.003 -0.0383653 45 146 229
-8.06773 357.997 -0.0430012 45 146 229
-8.0628 357.994 -0.0347785 45 146 229
-8.05446 357.974 0.00925796 45 146 229
-8.08381 357.994 -0.0231289 45 146 229
-8.07907 357.964 0.0101689 45 146 229
-8.08455 357.98 -0.0141786 45 146 229
-8.06964 357.99 -0.0200991 45 146 229
-8.06367 357.959 0.023411 45 146 229
-8.07632 357.961 0.0150682 45 146 229
-8.11195 358.0 -0.0386579 45 146 229
-8.10865 358.0 -0.0397237 45 146 229
-8.06192 357.981 -0.0223615 45 146 229
-8.05573 357.978 0.00144432 45 146 229
-8.06352 357.993 -0.0370205 45 146 229
-8.11724 358.002 -0.0392528 45 146 229
-8.08268 358.003 -0.0519702 45 146 229
-8.10064 358.001 0.00547051 45 146 229
-8.10149 357.994 -0.0316812 45 146 229
-8.08631 358.002 -0.0518941 45 146 229
-8.07513 358.008 -0.0468933 45 146 229
-8.07357 357.964 0.0116619 45 146 229
-8.10266 357.994 -0.0306539 45 146 229
-8.09165 357.985 -0.0206876 45 146 229
-8.05609 357.981 -0.00533633 45 146 229
-8.04615 357.98 -0.00408598 45 146 229
-8.06488 357.979 -0.0180286 45 146 229
-8.07068 357.984 -0.0253785 45 146 229
-8.03624 357.965 0.0315676 45 146 229
-8.09132 357.983 -0.016729 45 146 229
-8.08968 358.009 -0.0451858 45 146 229
-8.08309 357.984 -0.0232469 45 146 229
-8.10161 358.0 -0.00200858 45 146 229
-8.05517 357.964 0.0146402 45 146 229
-8.06073 357.974 -0.00882531 45 146 229
-8.08743 357.992 -0.0180501 45 146 229
-8.06814 357.979 -0.0184794 45 146 229
-8.05041 357.969 2.68565e-06 45 146 229
-8.08633 357.984 -0.0221782 45 146 229
-8.05989 357.96 0.0240013 45 146 229
-8.04443 357.973 0.00133978 45 146 229
-8.05876 357.966 0.00832248 45 146 229
-8.06559 357.989 -0.0190569 45 146 229
-8.05702 357.978 -0.0167327 45 146 229
-8.06905 357.995 -0.0275026 45 146 229
-8.06545 357.98 -0.019806 45 146 229
-8.11441 358.007 -0.0449233 45 146 229
-8.06986 357.976 -0.0126196 45 146 229
-8.08295 357.979 -0.0121315 45 146 229
-8.08348 357.981 -0.015964 45 146 229
-8.10235 357.984 -0.0188197 45 146 229
-8.04987 357.975 0.00727107 45 146 229
-8.07643 357.972 -0.00139855 45 146 229
-8.08661 358.002 -0.0339907 45 146 229
-8.07972 357.976 -0.00855596 45 146 229
-8.0946 357.973 -0.00434689 45 146 229
-8.07593 357.968 0.00527621 45 146 229
-8.07804 358.0 -0.0336789 45 146 229
-8.0692 357.97 0.000424452 45 146 229
-8.04891 357.985 -0.0233469 45 146 229
-8.07661 357.969 0.00518973 45 146 229
-8.07934 357.989 -0.0164451 45 146 229
-8.06907 357.97 0.00156454 45 146 229
-8.08198 357.991 -0.0348955 45 146 229
-8.0686 357.96 0.0189053 45 146 229
-8.02722 357.964 0.0357819 45 146 229
-8.05981 357.97 -0.00100024 45 146 229
-8.09249 358.012 -0.048282 45 146 229
-8.10454 357.993 -0.0297332 45 146 229
-8.06445 357.97 0.00178557 45 146 229
-8.06908 357.954 0.0287973 45 146 229
-8.07538 357.974 -0.0062291 45 146 229
-8.04313 357.97 0.0211046 45 146 229
-8.09202 357.974 -0.00528273 45 146 229
-8.05103 357.973 0.0112194 45 146 229
-8.1081 357.999 -0.0374429 45 146 229
-8.06593 357.967 0.00857492 45 146 229
-8.06381 357.989 -0.0196852 45 146 229
-8.04672 357.963 0.0153757 45 146 229
-8.07561 357.997 -0.0292929 45 146 229
-8.0531 357.955 0.0363541 45 146 229
-8.06464 357.959 0.0235652 45 146 229
-8.06754 357.959 0.0217698 45 146 229
-8.09177 357.976 -0.00897149 45 146 229
-8.08207 357.961 0.0115399 45 146 229
-8.08828 358.003 -0.0361606 45 146 229
-8.06525 357.985 -0.01124 45 146 229
-8.06663 357.953 0.0337766 45 146 229
-8.0539 357.974 -0.00986309 45 146 229
-8.07733 357.985 -0.0257222 45 146 229
-8.06089 357.953 0.0374758 45 146 229
-8.0768 357.976 -0.00981673 45 146 229
-8.08095 358.01 -0.0489764 45 146 229
-8.06407 357.987 -0.0161083 45 146 229
-8.08498 357.989 0.0238782 45 146 229
-8.03496 357.962 0.0223276 45 146 229
-8.0635 357.98 -0.00101992 45 146 229
-8.09119 357.989 -0.0279957 45 146 229
-8.0798 357.991 -0.0348632 45 146 229
-8.0632 357.972 -0.00487329 45 146 229
-8.09592 357.991 -0.0304703 45 146 229
-8.11477 358.001 -0.0389556 45 146 229
-8.07213 357.96 0.0174072 45 146 229
-8.10121 358.001 0.0116167 45 146 229
-8.0445 357.974 0.0100436 45 146 229
-8.07087 357.981 -0.0201518 45 146 229
-8.05727 357.982 -0.0232581 45 146 229
-8.07962 357.97 0.00328603 45 146 229
-8.04109 357.96 0.0248913 45 146 229
-8.11321 357.989 -0.0251792 45 146 229
-8.04514 357.974 -0.00649546 45 146 229
-8.06823 357.979 -0.0174374 45 146 229
-8.06585 357.966 0.0111639 45 146 229
-8.04392 357.974 0.001135 45 146 229
-8.06301 357.964 0.0152631 45 146 229
-8.07261 357.989 -0.0179525 45 146 229
-8.04087 357.969 0.00698833 45 146 229
-8.06047 357.985 -0.0128169 45 146 229
-8.09365 357.984 -0.0185248 45 146 229
-8.09885 357.999 0.00376284 45 146 229
-8.06316 357.963 0.0168401 45 146 229
-8.06581 357.96 0.0209382 45 146 229
-8.04416 357.972 -0.000582477 45 146 229
-8.06753 358.004 -0.0505667 45 146 229
-8.09646 357.998 -0.0396156 45 146 229
-8.06205 357.971 -0.00308096 45 146 229
-8.08982 357.994 0.0236658 45 146 229
-8.06294 357.966 0.00924195 45 146 229
-8.05538 357.975 -0.0115028 45 146 229
-8.05124 357.959 0.0285435 45 146 229
-8.08247 357.995 -0.0401851 45 146 229
-8.03692 357.97 0.0205328 45 146 229
-8.0591 357.964 0.0139306 45 146 229
-8.09152 357.996 0.0216762 45 146 229
-8.07994 357.993 -0.0381405 45 146 229
-8.08992 357.994 -0.0370204 45 146 229
-8.05756 357.973 -0.00676405 45 146 229
-8.07037 357.961 0.0175525 45 146 229
-8.06676 357.971 -0.00105152 45 146 229
-8.11282 358.001 -0.0392892 45 146 229
-8.04921 357.958 0.0305336 45 146 229
-8.06378 357.959 0.0235821 45 146 229
-8.1027 357.991 -0.0278893 45 146 229
-8.09875 357.984 -0.0183057 45 146 229
-8.04278 357.969 0.00431221 45 146 229
-8.02495 357.965 0.0334092 45 146 229
-8.08268 358.01 -0.0484593 45 146 229
-8.10458 357.994 -0.030374 45 146 229
-8.11209 357.995 -0.0315992 45 146 229
-8.03371 357.962 0.0210029 45 146 229
-8.04841 357.959 0.0275515 45 146 229
-8.03176 357.968 0.0253328 45 146 229
-8.09478 357.989 -0.0267978 45 146 229
-8.05406 357.954 0.0394761 45 146 229
-8.04551 357.974 -0.00172766 45 146 229
-8.04427 357.964 0.0152335 45 146 229
-8.09383 358.011 -0.0457947 45 146 229
-8.09446 358.004 -0.0354235 45 146 229
-8.07631 357.99 -0.018838 45 146 229
-8.10257 357.989 -0.024446 45 146 229
-8.105 357.993 -0.0292375 45 146 229
-8.02943 357.967 0.0277932 45 146 229
-8.08787 357.985 -0.0222128 45 146 229
-8.07699 357.971 4.25597e-05 45 146 229
-8.09419 357.989 -0.0260358 45 146 229
-8.07394 357.989 -0.0327457 45 146 229
-8.05373 357.973 -0.00707654 45 146 229
-8.0745 357.987 -0.029512 45 146 229
-8.06613 357.955 0.0285013 45 146 229
-8.05519 357.957 0.0309373 45 146 229
-8.08584 357.971 5.17762e-05 45 146 229
-8.07899 357.999 -0.0315134 45 146 229
-8.04876 357.984 -0.0243094 45 146 229
-8.05579 357.962 0.0177859 45 146 229
-8.08717 357.984 -0.0202528 45 146 229
-8.10801 357.996 -0.0341003 45 146 229
-8.05778 357.962 0.0193494 45 146 229
-8.07572 357.969 0.00527523 45 146 229
-8.09828 358.005 -0.0359265 45 146 229
-8.08332 357.994 -0.0231212 45 146 229
-8.10876 357.992 -0.0281253 45 146 229
-8.08483 357.986 -0.0251178 45 146 229
-8.04088 357.961 0.0216944 45 146 229
-8.08549 358.007 -0.0424252 45 146 229
-8.03304 357.964 0.0370171 45 146 229
-8.08715 358.001 -0.0327649 45 146 229
-8.08321 357.993 -0.0211124 45 146 229
-8.10777 357.989 -0.0254898 45 146 229
-8.08528 357.99 -0.0317052 45 146 229
-8.06552 357.983 -0.00679453 45 146 229
-8.09735 358.007 -0.0378267 45 146 229
-8.04707 357.973 0.0118096 45 146 229
-8.06827 357.964 0.0139979 45 146 229
-8.08306 357.986 -0.0258809 45 146 229
-8.06101 357.959 0.0241055 45 146 229
-8.10987 357.991 -0.0303966 45 146 229
-8.08312 357.997 -0.0433992 45 146 229
-8.08025 357.987 -0.0122842 45 146 229
-8.06205 357.973 -0.00754368 45 146 229
-8.07401 357.974 -0.00593442 45 146 229
-8.05399 357.974 -0.00914762 45 146 229
-8.07699 358.008 -0.0463292 45 146 229
-8.04231 357.959 0.028427 45 146 229
-8.04582 357.963 0.0161674 45 146 229
-8.07676 357.967 0.00753424 45 146 229
-8.09643 357.973 -0.00327204 45 146 229
-8.08218 357.978 -0.0118769 45 146 229
-8.05945 357.976 0.00592132 45 146 229
-8.05609 357.985 -0.0137922 45 146 229
-8.04005 357.964 0.0348974 45 146 229
-8.07249 358.001 -0.0358157 45 146 229
-8.07031 357.966 0.010286 45 146 229
-8.0706 357.987 -0.0308228 45 146 229
-8.04188 357.957 0.0367033 45 146 229
-8.07071 357.984 -0.00899579 45 146 229
-8.07409 358.007 -0.0450156 45 146 229
-8.04003 357.97 0.0196474 45 146 229
-8.05063 357.955 0.03663 45 146 229
-8.06847 357.986 -0.0292212 45 146 229
-8.06492 357.959 0.0232291 45 146 229
-8.06729 357.969 0.00408433 45 146 229
-8.07501 357.974 -0.00596797 45 146 229
-8.0607 357.988 -0.0182317 45 146 229
-8.06945 357.96 0.0187219 45 146 229
-8.04517 357.974 0.00995706 45 146 229
-8.04385 357.959 0.0292451 45 146 229
-8.08695 358.002 -0.0495281 45 146 229
-8.07262 357.986 -0.0293006 45 146 229
-8.09744 358.002 -0.0452066 45 146 229
-8.08105 357.98 -0.0155576 45 146 229
-8.08782 357.994 -0.0366362 45 146 229
-8.06804 357.994 -0.0265143 45 146 229
-8.07746 357.979 -0.0147425 45 146 229
-8.08959 357.993 -0.0187574 45 146 229
-8.08044 357.998 -0.0287674 45 146 229
-8.04078 357.962 0.0207376 45 146 229
-8.12321 358.005 -0.0404365 45 146 229
-8.09288 358.01 -0.0444102 45 146 229
-8.06723 357.997 -0.0419108 45 146 229
-8.0529 357.973 -0.00726385 45 146 229
-8.09625 357.995 -0.0362318 45 146 229
-8.06102 357.977 0.00373501 45 146 229
-8.07602 357.994 -0.0407295 45 146 229
-8.10757 358.007 -0.00241007 45 146 229
-8.07106 357.985 -0.00954917 45 146 229
-8.04838 357.966 0.00950334 45 146 229
-8.06726 357.993 -0.0244691 45 146 229
-8.04584 357.963 0.0161265 45 146 229
-8.09164 357.981 -0.0148039 45 146 229
-8.07396 357.987 -0.0130071 45 146 229
-8.0846 357.998 -0.0282014 45 146 229
-8.10159 357.999 -0.0393562 45 146 229
-8.05047 357.975 0.00638034 45 146 229
-8.08701 358.002 -0.0341508 45 146 229
-8.08044 357.995 -0.0249134 45 146 229
-8.03796 357.963 0.0372759 45 146 229
-8.04517 357.963 0.0180076 45 146 229
-8.06885 357.972 -0.00260936 45 146 229
-8.12843 358.0 -0.0343591 45 146 229
-8.07865 358.004 -0.0398856 45 146 229
-8.05248 357.974 -0.0104601 45 146 229
-8.04824 357.954 0.0390018 45 146 229
-8.06411 357.986 -0.0290942 45 146 229
-8.05573 357.965 0.0122504 45 146 229
-8.11357 358.003 -0.0409224 45 146 229
-8.0511 357.974 0.0102721 45 146 229
-8.0781 358.008 -0.045228 45 146 229
-8.07576 357.983 -0.0223567 45 146 229
-8.04367 357.97 -2.20807e-05 45 146 229
-8.08238 357.972 -0.00105547 45 146 229
-8.0741 358.004 -0.0538754 45 146 229
-8.07054 357.971 0.000220805 45 146 229
-8.11307 357.997 -0.0333248 45 146 229
-8.03562 357.962 0.0198586 45 146 229
-8.09529 358.004 -0.0349204 45 146 229
-8.08799 357.976 -0.0069234 45 146 229
-8.06671 358.002 -0.0399685 45 146 229
-8.02522 357.966 0.0315483 45 146 229
-8.06124 357.966 0.00959851 45 146 229
-8.06538 357.968 0.0533346 45 146 229
-8.09887 358.011 -0.0441257 45 146 229
-8.10801 358.004 -0.0463722 45 146 229
-8.06743 357.983 -0.0254217 45 146 229
-8.08526 357.969 0.00172859 45 146 229
-8.06959 357.97 0.0034094 45 146 229
-8.07683 357.976 -0.00974541 45 146 229
-8.08098 357.984 -0.023369 45 146 229
-8.08596 357.99 -0.0322437 45 146 229
-8.06853 357.986 -0.029051 45 146 229
-8.0643 357.962 0.0187088 45 146 229
-8.08014 357.979 -0.0143135 45 146 229
-8.06495 357.964 0.0135378 45 146 229
-8.06201 357.968 0.0037218 45 146 229
-8.11586 358.005 -0.0436644 45 146 229
-8.06969 357.973 -0.00464656 45 146 229
-8.07557 357.987 -0.0136063 45 146 229
-8.07852 357.994 -0.0237384 45 146 229
-8.08566 357.976 -0.00789549 45 146 229
-8.07046 357.986 -0.0287139 45 146 229
-8.06233 357.996 -0.0335949 45 146 229
-8.10506 358.005 0.00190619 45 146 229
-8.0924 357.995 -0.0371054 45 146 229
-8.0818 357.994 -0.0393958 45 146 229
-8.06683 357.969 0.0518512 45 146 229
-8.04464 357.956 0.0379342 45 146 229
-8.05602 357.961 0.0216357 45 146 229
-8.08206 357.999 -0.0468619 45 146 229
-8.04401 357.962 0.018894 45 146 229
-8.11386 358.004 -0.0425386 45 146 229
-8.07864 357.995 -0.0252236 45 146 229
-8.06183 357.971 -0.00338639 45 146 229
-8.0861 357.978 -0.0102696 45 146 229
-8.06026 357.989 -0.0197591 45 146 229
-8.08331 357.993 -0.0203001 45 146 229
-8.10786 358.0 -0.0400478 45 146 229
-8.09607 357.992 -0.0319529 45 146 229
-8.11087 358.002 -0.0406975 45 146 229
-8.05716 357.963 0.0171152 45 146 229
-8.05 357.963 0.0153259 45 146 229
-8.09547 357.994 -0.0346953 45 146 229
-8.07854 357.983 -0.0219323 45 146 229
-8.07616 357.989 -0.0326802 45 146 229
-8.09283 357.995 -0.0364957 45 146 229
-8.07808 357.978 -0.0132812 45 146 229
-8.09222 358.004 -0.0492947 45 146 229
-8.04693 357.956 0.0362769 45 146 229
-8.09034 357.984 -0.0191459 45 146 229
-8.07847 357.989 -0.0168612 45 146 229
-8.08803 357.974 -0.0044194 45 146 229
-8.07692 357.978 -0.0143284 45 146 229
-8.06702 357.969 0.00228963 45 146 229
-8.09053 357.988 -0.0264186 45 146 229
-8.06633 357.957 0.0262049 45 146 229
-8.06454 357.99 -0.0201752 45 146 229
-8.07047 357.986 -0.0123794 45 146 229
-8.0445 357.975 0.007133 45 146 229
-8.02893 357.961 0.0283447 45 146 229
-8.06422 357.964 0.0141948 45 146 229
-8.06365 357.958 0.0256372 45 146 229
-8.07031 357.97 0.00176825 45 146 229
-8.0669 357.98 -0.0010398 45 146 229
-8.05615 357.962 0.0180051 45 146 229
-8.05673 357.973 -0.00783828 45 146 229
-8.06259 357.978 -0.0176463 45 146 229
-8.06418 357.982 -0.0231256 45 146 229
-8.07038 357.959 0.0198497 45 146 229
-8.07048 357.968 0.00514871 45 146 229
-8.0887 357.973 -0.00377086 45 146 229
-8.08429 357.975 -0.00595491 45 146 229
-8.03808 357.963 0.0183924 45 146 229
-8.11042 357.999 -0.037297 45 146 229
-8.02584 357.968 0.0161305 45 146 229
-8.05114 357.961 0.0227517 45 146 229
-8.10234 357.996 -0.0356286 45 146 229
-8.0467 357.959 0.0325482 45 146 229
-8.0604 357.958 0.0269599 45 146 229
-8.09482 357.997 0.0126142 45 146 229
-8.05024 357.975 -0.0111302 45 146 229
-8.09051 358.006 -0.0396869 45 146 229
-8.0704 357.969 0.00354238 45 146 229
-8.06354 357.968 0.00473785 45 146 229
-8.062 357.975 -0.0121323 45 146 229
-8.0547 357.967 0.00597838 45 146 229
-8.05467 357.986 -0.0159396 45 146 229
-8.07952 357.972 -0.00170295 45 146 229
-8.07185 357.959 0.0190159 45 146 229
-8.07193 357.998 -0.0320443 45 146 229
-8.04037 357.968 0.0245323 45 146 229
-8.07792 357.974 -0.00422096 45 146 229
-8.0452 357.967 0.00652346 45 146 229
-8.06051 357.985 -0.0124147 45 146 229
-8.06336 357.991 -0.0220813 45 146 229
-8.1003 358.001 0.00573759 45 146 229
-8.06528 357.999 -0.0397891 45 146 229
-8.0637 357.958 0.0249589 45 146 229
-8.08727 357.985 -0.0229524 45 146 229
-8.07023 357.979 -0.0175745 45 146 229
-8.06933 357.958 0.0230687 45 146 229
-8.10132 357.993 -0.0306721 45 146 229
-8.06758 357.99 -0.0196291 45 146 229
-8.07093 357.985 -0.0270984 45 146 229
-8.04199 357.971 0.0167207 45 146 229
-8.06476 357.98 -0.00184205 45 146 229
-8.12396 358.0 -0.0367704 45 146 229
-8.05853 357.965 0.0112018 45 146 229
-8.10581 357.999 -0.0383747 45 146 229
-8.04233 357.96 0.0262607 45 146 229
-8.0622 357.958 0.0265045 45 146 229
-8.07342 357.97 0.00292542 45 146 229
-8.11287 357.999 -0.0363783 45 146 229
-8.05077 357.958 0.0290937 45 146 229
-8.08689 358.004 -0.0383901 45 146 229
-8.08272 357.984 -0.0220258 45 146 229
-8.06834 357.956 0.0265052 45 146 229
-8.07954 358.006 -0.0431825 45 146 229
-8.06265 357.983 -0.00855774 45 146 229
-8.08324 357.992 -0.0354928 45 146 229
-8.07808 358.004 -0.04071 45 146 229
-8.07375 357.965 0.0106194 45 146 229
-8.11583 358.005 -0.0423132 45 146 229
-8.09016 357.994 0.0188291 45 146 229
-8.05201 357.954 0.0400146 45 146 229
-8.06612 357.969 0.00379917 45 146 229
-8.04413 357.968 0.00590072 45 146 229
-8.07979 357.989 -0.0162444 45 146 229
-8.06928 357.992 -0.0231464 45 146 229
-8.06478 357.969 0.00335508 45 146 229
-8.04498 357.974 -0.00140505 45 146 229
-8.04976 357.958 0.0311439 45 146 229
-8.07147 358.003 -0.0387626 45 146 229
-8.11715 357.999 -0.0354174 45 146 229
-8.08475 357.984 -0.0224355 45 146 229
-8.05516 357.959 0.0269927 45 146 229
-8.1027 357.99 -0.0266203 45 146 229
-8.09374 357.988 -0.0253122 45 146 229
-8.04897 357.958 0.0292825 45 146 229
-8.11232 357.989 -0.0248276 45 146 229
-8.11674 358.01 -0.0475572 45 146 229
-8.09081 357.979 -0.0114993 45 146 229
-8.09675 357.978 -0.0112967 45 146 229
-8.07055 357.996 -0.0286789 45 146 229
-8.04528 357.976 -0.0124001 45 146 229
-8.05739 357.981 -0.00474882 45 146 229
-8.10869 357.997 -0.0340915 45 146 229
-8.082 357.982 -0.0191263 45 146 229
-8.05018 357.984 -0.0272532 45 146 229
-8.09474 358.007 -0.0524859 45 146 229
-8.05261 357.968 0.00482298 45 146 229
-8.04538 357.975 -0.00425171 45 146 229
-8.07211 357.963 0.0138069 45 146 229
-8.06344 357.997 -0.0358463 45 146 229
-8.06406 357.978 -0.0160039 45 146 229
-8.08956 358.008 -0.0431362 45 146 229
-8.10696 357.989 -0.0256181 45 146 229
-8.06877 357.968 0.00532142 45 146 229
-8.05113 357.972 -0.00408394 45 146 229
-8.08242 357.98 -0.0154254 45 146 229
-8.06902 357.972 -0.00399791 45 146 229
-8.06049 357.964 0.0142787 45 146 229
-8.05978 357.978 0.00237369 45 146 229
-8.06594 357.965 0.0125844 45 146 229
-8.03242 357.969 0.0233567 45 146 229
-8.07625 357.978 -0.0140607 45 146 229
-8.09556 358.002 -0.0319035 45 146 229
-8.0537 357.969 0.00221481 45 146 229
-8.09553 357.995 -0.0359554 45 146 229
-8.06336 357.968 0.00544945 45 146 229
-8.10049 357.996 -0.0352436 45 146 229
-8.04442 357.955 0.0471339 45 146 229
-8.10596 357.992 -0.0283417 45 146 229
-8.07046 357.964 0.0118067 45 146 229
-8.11037 357.995 -0.0316757 45 146 229
-8.06244 357.984 -0.0272886 45 146 229
-8.0899 358.001 -0.0463382 45 146 229
-8.0738 357.972 -0.00252653 45 146 229
-8.05558 357.953 0.0399172 45 146 229
-8.06157 357.966 0.00923462 45 146 229
-8.04242 357.979 -0.00864353 45 146 229
-8.07893 357.98 -0.0175574 45 146 229
-8.09161 358.01 -0.044516 45 146 229
-8.07187 357.975 -0.00935788 45 146 229
-8.0779 357.979 -0.0161543 45 146 229
-8.11512 358.005 -0.0433011 45 146 229
-8.09126 357.987 -0.0242658 45 146 229
-8.06745 357.985 -0.0274901 45 146 229
-8.10338 358.002 -0.00189519 45 146 229
-8.07264 357.969 0.00440927 45 146 229
-8.07811 357.961 0.0139079 45 146 229
-8.10928 358.004 -0.0453482 45 146 229
-8.05251 357.968 0.00216424 45 146 229
-8.0687 357.966 0.0103153 45 146 229
-8.06966 357.97 0.00172222 45 146 229
-8.04897 357.982 -0.0245242 45 146 229
-8.09724 358.0 -0.0418249 45 146 229
-8.08834 357.995 -0.0230345 45 146 229
-8.05556 357.979 -0.0183188 45 146 229
-8.05305 357.982 -0.0280566 45 146 229
-8.04612 357.977 -5.96323e-05 45 146 229
-8.08268 358.001 -0.0338254 45 146 229
-8.05829 357.953 0.0383848 45 146 229
-8.06992 358.002 -0.0377497 45 146 229
-8.07614 357.988 -0.0318153 45 146 229
-8.04886 357.986 -0.0206262 45 146 229
-8.04768 357.964 0.0130564 45 146 229
-8.06811 357.996 -0.0297426 45 146 229
-8.05048 357.957 0.0317984 45 146 229
-8.05841 357.99 -0.0314146 45 146 229
-8.04852 357.966 0.00315518 45 146 229
-8.08399 357.998 -0.0284485 45 146 229
-8.08176 357.99 -0.0164294 45 146 229
-8.05738 357.987 -0.0162402 45 146 229
-8.06705 357.966 0.00946264 45 146 229
-8.04432 357.974 0.00441397 45 146 229
-8.07103 358.001 -0.0354446 45 146 229
-8.06376 357.969 0.0022208 45 146 229
-8.04092 357.963 0.0182296 45 146 229
-8.09696 357.997 0.00425309 45 146 229
-8.0963 357.989 -0.0265438 45 146 229
-8.03387 357.96 0.0252417 45 146 229
-8.10795 357.991 -0.026771 45 146 229
-8.07976 357.974 -0.00362377 45 146 229
-8.06248 357.98 -0.00231035 45 146 229
-8.10172 358.002 0.00346426 45 146 229
-8.10073 357.996 -0.0341278 45 146 229
-8.04606 357.963 0.0161262 45 146 229
-8.05271 357.957 0.0311792 45 146 229
-8.07882 357.962 0.014502 45 146 229
-8.11142 357.992 -0.0283799 45 146 229
-8.0526 357.955 0.0377292 45 146 229
-8.08755 357.991 0.0211076 45 146 229
-8.05718 357.959 0.0252469 45 146 229
-8.08162 357.988 -0.0302435 45 146 229
-8.07668 357.975 -0.00643086 45 146 229
-8.095 357.992 -0.0315557 45 146 229
-8.11996 358.008 -0.044583 45 146 229
-8.06016 357.958 0.026232 45 146 229
-8.06704 357.975 -0.0116631 45 146 229
-8.053 357.984 -0.0117846 45 146 229
-8.05679 357.991 -0.0290035 45 146 229
-8.07223 357.996 -0.028332 45 146 229
-8.0616 357.978 0.00236586 45 146 229
-8.09996 358.003 -0.031453 45 146 229
-8.12264 358.009 -0.042943 45 146 229
-8.08045 357.996 -0.0422654 45 146 229
-8.08074 357.983 -0.022044 45 146 229
-8.11413 358.001 -0.0388624 45 146 229
-8.12373 357.998 -0.0359184 45 146 229
-8.05463 357.985 -0.029099 45 146 229
-8.10351 358.005 0.00425965 45 146 229
-8.05116 357.98 -0.0206971 45 146 229
-8.10304 357.993 -0.0297233 45 146 229
-8.05299 357.973 -0.00708683 45 146 229
-8.07862 357.974 -0.00528728 45 146 229
-8.122 358.002 -0.0391516 45 146 229
-8.07619 357.99 -0.0345911 45 146 229
-8.09496 357.999 0.0177713 45 146 229
-8.0987 357.99 -0.0263039 45 146 229
-8.04741 357.957 0.0324998 45 146 229
-8.10085 357.996 -0.0349044 45 146 229
-8.07533 357.977 -0.0112416 45 146 229
-8.06127 357.966 0.0112358 45 146 229
-8.09869 357.999 -0.0402919 45 146 229
-8.03765 357.97 0.0207915 45 146 229
-8.0434 357.962 0.0178425 45 146 229
-8.07449 357.966 0.00832308 45 146 229
-8.07169 357.985 -0.0104505 45 146 229
-8.07981 357.988 -0.0296829 45 146 229
-8.08978 357.991 -0.0314606 45 146 229
-8.07695 357.978 -0.0148874 45 146 229
-8.10095 358.003 -0.045675 45 146 229
-8.0608 357.959 0.0238079 45 146 229
-8.08017 358.004 -0.0524381 45 146 229
-8.05973 357.963 0.0172826 45 146 229
-8.08719 358.004 -0.0512066 45 146 229
-8.07344 357.983 -0.0228963 45 146 229
-8.09554 357.997 0.00942701 45 146 229
-8.08348 358.002 -0.0358608 45 146 229
-8.08062 357.974 -0.00491966 45 146 229
-8.06593 358.0 -0.0385932 45 146 229
-8.04985 357.964 0.0141408 45 146 229
-8.07938 357.979 -0.0159007 45 146 229
-8.0868 357.99 0.0207371 45 146 229
-8.09532 357.989 -0.0251726 45 146 229
-8.08904 357.995 -0.0378839 45 146 229
-8.0813 357.995 -0.0404023 45 146 229
-8.06429 357.983 -0.00892982 45 146 229
-8.09331 357.995 0.0100169 45 146 229
-8.0753 357.999 -0.0483114 45 146 229
-8.07993 358.001 -0.0349098 45 146 229
-8.05944 357.963 0.0163496 45 146 229
-8.05013 357.955 0.0380815 45 146 229
-8.11089 357.994 -0.0309323 45 146 229
-8.06872 357.984 -0.0266631 45 146 229
-8.07738 357.995 -0.0420462 45 146 229
-8.07281 357.991 -0.0371774 45 146 229
-8.06868 358.003 -0.0475628 45 146 229
-8.09343 357.998 0.0208077 45 146 229
-8.10063 357.989 -0.024862 45 146 229
-8.03625 357.958 0.031443 45 146 229
-8.11408 358.008 -0.0452472 45 146 229
-8.05643 357.96 0.0245278 45 146 229
-8.04803 357.979 -0.0177166 45 146 229
-8.05778 357.978 0.000819495 45 146 229
-8.04971 357.957 0.0326475 45 146 229
-8.06581 357.985 -0.0274008 45 146 229
-8.05114 357.959 0.0272496 45 146 229
-8.04932 357.959 0.0283384 45 146 229
-8.11224 357.994 -0.0307343 45 146 229
-8.08075 358.003 -0.0368939 45 146 229
-8.09323 357.994 -0.0358955 45 146 229
-8.09963 357.993 -0.0308779 45 146 229
-8.08817 357.973 -0.0030732 45 146 229
-8.08472 358.004 -0.038621 45 146 229
-8.04463 357.976 0.00489557 45 146 229
-8.0478 357.957 0.034187 45 146 229
-8.08833 358.01 -0.0460208 45 146 229
-8.05344 357.963 0.0169239 45 146 229
-8.09641 357.993 -0.0322384 45 146 229
-8.09031 358.01 -0.0464593 45 146 229
-8.05624 357.985 -0.0143263 45 146 229
-8.07901 357.97 0.00173916 45 146 229
-8.0708 357.982 -0.0221042 45 146 229
-8.08726 357.985 -0.023529 45 146 229
-8.10083 357.993 -0.0309172 45 146 229
-8.08477 357.99 -0.0325439 45 146 229
-8.07099 357.991 -0.0214734 45 146 229
-8.05886 357.976 -0.0132018 45 146 229
-8.10861 357.997 -0.0345401 45 146 229
-8.0842 357.996 -0.0248691 45 146 229
-8.06008 357.981 -0.00369815 45 146 229
-8.04852 357.957 0.0328718 45 146 229
-8.05334 357.973 0.0129543 45 146 229
-8.05979 357.964 0.0149975 45 146 229
-8.05844 357.981 -0.00603548 45 146 229
-8.0347 357.963 0.0367445 45 146 229
-8.08887 357.985 -0.0210587 45 146 229
-8.05556 357.967 0.00495315 45 146 229
-8.11569 357.997 -0.034214 45 146 229
-8.06225 357.984 -0.0263958 45 146 229
-8.05785 357.962 0.0175809 45 146 229
-8.08604 357.99 0.0209345 45 146 229
-8.11717 358.003 -0.0397696 45 146 229
-8.08702 357.982 -0.0170225 45 146 229
-8.0799 357.979 -0.0150111 45 146 229
-8.06562 357.981 -0.0222028 45 146 229
-8.05213 357.955 0.0362286 45 146 229
-8.09205 357.998 -0.041386 45 146 229
-8.08029 357.998 -0.0455608 45 146 229
-8.09863 357.989 -0.0245036 45 146 229
-8.08756 357.998 -0.0422138 45 146 229
-8.05405 357.963 0.0155023 45 146 229
-8.08235 358.001 -0.0490452 45 146 229
-8.08749 358.002 -0.0343997 45 146 229
-8.06196 357.96 0.0213966 45 146 229
-8.06795 357.963 0.0143636 45 146 229
-8.09053 357.988 -0.0270066 45 146 229
-8.07605 357.989 -0.0328302 45 146 229
-8.08544 357.995 -0.023691 45 146 229
-8.09912 358.004 -0.0475206 45 146 229
-8.05552 357.962 0.0200925 45 146 229
-8.0241 357.964 0.037716 45 146 229
-8.09301 358.005 -0.0366132 45 146 229
-8.07464 357.974 -0.00664152 45 146 229
-8.09325 358.0 -0.0290205 45 146 229
-8.07436 357.97 0.00229234 45 146 229
-8.07157 357.969 0.00337696 45 146 229
-8.0604 357.962 0.0196021 45 146 229
-8.0346 357.964 0.0350751 45 146 229
-8.06525 357.984 -0.0266984 45 146 229
-8.06947 357.97 0.00172678 45 146 229
-8.05472 357.973 -0.00866845 45 146 229
-8.06857 357.992 -0.0388224 45 146 229
-8.06544 357.992 -0.02335 45 146 229
-8.04202 357.958 0.0312968 45 146 229
-8.08922 358.0 -0.0304743 45 146 229
-8.07477 357.973 -0.00390887 45 146 229
-8.05987 357.974 0.0117218 45 146 229
-8.04545 357.956 0.0384291 45 146 229
-8.10623 358.003 -0.0442593 45 146 229
-8.08823 357.981 -0.0142663 45 146 229
-8.04448 357.968 0.00480262 45 146 229
-8.07988 358.005 -0.0410946 45 146 229
-8.08197 357.969 0.00387826 45 146 229
-8.05713 357.979 -0.0188159 45 146 229
-8.07637 357.975 -0.00644342 45 146 229
-8.06571 357.983 -0.0245641 45 146 229
-8.08008 357.979 -0.0141988 45 146 229
-8.04675 357.958 0.0286193 45 146 229
-8.06944 358.006 -0.0464617 45 146 229
-8.08003 357.977 -0.0103334 45 146 229
-8.07768 357.98 -0.0173842 45 146 229
-8.07395 357.964 0.0107735 45 146 229
-8.05703 357.959 0.0269954 45 146 229
-8.09947 357.986 -0.0215761 45 146 229
-8.04541 357.959 0.0301458 45 146 229
-8.05602 357.977 -0.0160917 45 146 229
-8.1129 357.99 -0.026769 45 146 229
-8.06643 357.985 -0.0106574 45 146 229
-8.06083 357.978 0.0027005 45 146 229
-8.09178 357.986 -0.0239656 45 146 229
-8.08746 357.989 -0.0293949 45 146 229
-8.05316 357.957 0.0317383 45 146 229
-8.08984 357.995 -0.037349 45 146 229
-8.07482 357.975 -0.00834571 45 146 229
-8.09084 357.972 -0.00307307 45 146 229
-8.06982 357.993 -0.0247302 45 146 229
-8.06933 357.972 -0.00436261 45 146 229
-8.11097 357.994 -0.0310012 45 146 229
-8.07102 357.959 0.0202479 45 146 229
-8.06908 357.969 0.00315446 45 146 229
-8.08984 358.007 -0.0408938 45 146 229
-8.09593 357.989 -0.0263759 45 146 229
-8.03933 357.965 0.0128407 45 146 229
-8.06977 357.982 -0.00443661 45 146 229
-8.06364 357.975 -0.0112654 45 146 229
-8.05155 357.973 -0.00655451 45 146 229
-8.05944 357.957 0.0299652 45 146 229
-8.04263 357.963 0.0172942 45 146 229
-8.12185 358.001 -0.0377694 45 146 229
-8.10144 358.006 -0.0360012 45 146 229
-8.06498 357.962 0.0191459 45 146 229
-8.07623 357.987 -0.0286928 45 146 229
-8.05184 357.953 0.0410179 45 146 229
-8.07093 357.99 -0.0353935 45 146 229
-8.06861 357.977 0.0065467 45 146 229
-8.07356 357.986 -0.0115295 45 146 229
-8.0995 357.982 -0.0166221 45 146 229
-8.06823 357.971 -0.00206099 45 146 229
-8.06017 357.985 -0.0138372 45 146 229
-8.06207 357.958 0.0261149 45 146 229
-8.07597 357.964 0.0108316 45 146 229
-8.10314 357.997 -0.036705 45 146 229
-8.0976 358.002 -0.0443415 45 146 229
-8.10923 357.995 -0.0318152 45 146 229
-8.0642 357.977 0.00428294 45 146 229
-8.11213 357.995 -0.032793 45 146 229
-8.10828 357.998 -0.0364672 45 146 229
-8.0635 357.968 0.00521794 45 146 229
-8.09831 357.985 -0.018767 45 146 229
-8.0995 357.999 -0.0401515 45 146 229
-8.08127 357.999 -0.0466644 45 146 229
-8.07874 357.989 -0.0313795 45 146 229
-8.04889 357.971 -0.00386438 45 146 229
-8.05191 357.971 -0.00259343 45 146 229
-8.06068 357.987 -0.0162519 45 146 229
-8.04582 357.976 -0.00294582 45 146 229
-8.08475 357.985 -0.0243809 45 146 229
-8.04641 357.957 0.032635 45 146 229
-8.05595 357.954 0.0376026 45 146 229
-8.075 357.99 -0.0349237 45 146 229
-8.05656 357.99 -0.0296419 45 146 229
-8.06592 357.989 -0.0335828 45 146 229
-8.08232 357.987 -0.0282655 45 146 229
-8.04486 357.97 -0.00502626 45 146 229
-8.05313 357.983 -0.0281038 45 146 229
-8.11444 357.996 -0.0334472 45 146 229
-8.07547 357.969 0.00399784 45 146 229
-8.0912 357.985 -0.0206083 45 146 229
-8.07084 357.996 -0.0470701 45 146 229
-8.08409 358.007 -0.0423947 45 146 229
-8.08623 357.999 -0.0304563 45 146 229
-8.05767 357.953 0.0396607 45 146 229
-8.07386 357.975 -0.00900152 45 146 229
-8.11173 358.007 -0.0455465 45 146 229
-8.07568 357.987 -0.0291501 45 146 229
-8.08688 357.979 -0.0111184 45 146 229
-8.1225 358.001 -0.0370822 45 146 229
-8.05305 357.974 -0.0100243 45 146 229
-8.08023 357.966 0.00773721 45 146 229
-8.05578 357.973 0.0126178 45 146 229
-8.071 357.986 -0.0286334 45 146 229
-8.09698 358.0 0.0147046 45 146 229
-8.05104 357.987 -0.0253919 45 146 229
-8.11137 357.987 -0.0230896 45 146 229
-8.06248 357.965 0.0128806 45 146 229
-8.1101 358.002 -0.0417908 45 146 229
-8.11627 357.993 -0.0262626 45 146 229
-8.0617 357.96 0.0234923 45 146 229
-8.0865 357.992 -0.0342178 45 146 229
-8.04429 357.977 0.00193095 45 146 229
-8.03076 357.964 0.0184405 45 146 229
-8.11397 357.993 -0.0287336 45 146 229
-8.05914 357.979 -0.0189678 45 146 229
-8.07884 357.986 -0.0270895 45 146 229
-8.1064 357.995 -0.0327268 45 146 229
-8.07071 357.968 0.0063325 45 146 229
-8.04141 357.957 0.0361368 45 146 229
-8.08572 357.986 -0.0244461 45 146 229
-8.11413 358.01 -0.0475117 45 146 229
-8.10304 358.004 0.00644407 45 146 229
-8.06709 357.981 -0.021045 45 146 229
-8.04879 357.958 0.0311941 45 146 229
-8.07894 358.008 -0.0466126 45 146 229
-8.06656 357.975 -0.0106705 45 146 229
-8.07487 357.976 -0.00895443 45 146 229
-8.06195 357.987 -0.0171627 45 146 229
-8.06813 357.983 -0.0243457 45 146 229
-8.0807 357.986 -0.0268078 45 146 229
-8.06185 357.956 0.0297623 45 146 229
-8.07744 357.999 -0.0467102 45 146 229
-8.03829 357.964 0.0146788 45 146 229
-8.05814 357.964 0.0147499 45 146 229
-8.10157 358.002 0.00666741 45 146 229
-8.09333 357.994 -0.0355922 45 146 229
-8.09257 358.006 -0.0390214 45 146 229
-8.06657 357.985 -0.028039 45 146 229
-8.08226 357.995 -0.0406454 45 146 229
-8.10812 357.997 -0.0342255 45 146 229
-8.11289 358.001 -0.0395923 45 146 229
-8.05858 357.959 0.0264112 45 146 229
-8.07545 357.978 -0.014901 45 146 229
-8.07642 357.962 0.013122 45 146 229
-8.08573 357.995 -0.0235477 45 146 229
-8.04361 357.978 -0.0103215 45 146 229
-8.06094 357.99 -0.0205316 45 146 229
-8.06629 357.975 -0.0101894 45 146 229
-8.05224 357.988 -0.0277333 45 146 229
-8.0719 357.991 -0.0209584 45 146 229
-8.05477 357.968 0.00388536 45 146 229
-8.03024 357.961 0.025604 45 146 229
-8.05225 357.974 0.0105702 45 146 229
-8.03353 357.957 0.0360559 45 146 229
-8.03788 357.971 0.0179217 45 146 229
-8.04772 357.97 0.000846481 45 146 229
-8.08266 357.987 0.0227629 45 146 229
-8.08959 357.994 -0.0362533 45 146 229
-8.07325 358.0 -0.0516629 45 146 229
-8.06154 357.986 -0.0142169 45 146 229
-8.07798 357.991 -0.0359881 45 146 229
-8.10065 358.003 -0.0457353 45 146 229
-8.07671 357.97 0.00230188 45 146 229
-8.06217 357.961 0.0202708 45 146 229
-8.05862 357.978 -0.0171275 45 146 229
-8.04942 357.972 -0.00460073 45 146 229
-8.06446 357.975 0.00986408 45 146 229
-8.09744 357.996 -0.0375875 45 146 229
-8.10775 357.991 -0.0265979 45 146 229
-8.10216 358.001 -0.0421318 45 146 229
-8.06122 357.975 0.00777109 45 146 229
-8.09082 357.996 -0.0383059 45 146 229
-8.06021 357.988 -0.0174999 45 146 229
-8.07533 358.003 -0.0393007 45 146 229
-8.06842 357.959 0.0222007 45 146 229
-8.07936 357.987 -0.0110077 45 146 229
-8.07533 357.99 -0.0178066 45 146 229
-8.05662 357.957 0.0304851 45 146 229
-8.06752 357.976 -0.0131729 45 146 229
-8.06517 357.993 -0.0255155 45 146 229
-8.05806 357.974 0.0119414 45 146 229
-8.04445 357.957 0.0344857 45 146 229
-8.05872 357.955 0.0341557 45 146 229
-8.10846 357.999 -0.0376921 45 146 229
-8.10601 357.995 -0.031807 45 146 229
-8.09553 357.998 0.0128529 45 146 229
-8.10936 358.001 -0.0404697 45 146 229
-8.07578 357.989 -0.0324404 45 146 229
-8.08935 357.975 -0.00709715 45 146 229
-8.09729 357.986 -0.0215866 45 146 229
-8.04414 357.977 -0.00977683 45 146 229
-8.10304 358.004 0.0121609 45 146 229
-8.06329 357.988 -0.0176787 45 146 229
-8.02716 357.967 0.0289566 45 146 229
-8.10061 357.993 -0.0300817 45 146 229
-8.08143 358.009 -0.0471434 45 146 229
-8.07367 357.971 0.00113517 45 146 229
-8.04968 357.969 0.00110826 45 146 229
-8.09018 357.985 -0.0216004 45 146 229
-8.05054 357.974 0.0107317 45 146 229
-8.08054 357.985 -0.0248742 45 146 229
-8.09888 357.997 -0.0381597 45 146 229
-8.08032 357.978 -0.0129094 45 146 229
-8.10544 358.002 -0.0431323 45 146 229
-8.03825 357.959 0.0287245 45 146 229
-8.06304 357.959 0.0232779 45 146 229
-8.06594 357.957 0.0260912 45 146 229
-8.04788 357.984 -0.0126855 45 146 229
-8.08923 357.999 -0.0288802 45 146 229
-8.06499 357.965 0.0114424 45 146 229
-8.06394 357.984 -0.00995375 45 146 229
-8.07839 357.994 -0.0238593 45 146 229
-8.05545 357.988 -0.0174098 45 146 229
-8.08916 357.992 -0.0345717 45 146 229
-8.0688 357.982 -0.00492652 45 146 229
-8.07091 358.01 -0.053542 45 146 229
-8.05917 357.981 -0.00556239 45 146 229
-8.0906 357.987 -0.0254777 45 146 229
-8.06506 357.982 -0.0232012 45 146 229
-8.06768 357.973 -0.00729855 45 146 229
-8.06914 357.959 0.0202499 45 146 229
-8.04966 357.955 0.0374993 45 146 229
-8.0746 357.98 -0.0190594 45 146 229
-8.06251 357.959 0.0244941 45 146 229
-8.03234 357.968 0.0265439 45 146 229
-8.0735 357.972 -0.00153231 45 146 229
-8.07409 358.001 -0.0361966 45 146 229
-8.03828 357.959 0.0298432 45 146 229
-8.06604 357.999 -0.0358784 45 146 229
-8.06774 358.003 -0.0409047 45 146 229
-8.08481 357.985 -0.0235135 45 146 229
-8.0709 357.96 0.0187823 45 146 229
-8.04071 357.956 0.0389665 45 146 229
-8.08318 357.987 -0.028127 45 146 229
-8.06499 357.976 -0.0135597 45 146 229
-8.09953 357.993 -0.0313447 45 146 229
-8.04932 357.971 0.0166991 45 146 229
-8.08242 357.964 0.0100853 45 146 229
-8.06047 357.975 0.00729838 45 146 229
-8.09229 358.0 -0.0435709 45 146 229
-8.07143 357.986 -0.012006 45 146 229
-8.06896 357.983 -0.00599793 45 146 229
-8.08194 357.99 -0.0325672 45 146 229
-8.07531 357.975 -0.007313 45 146 229
-8.06589 357.969 0.00309805 45 146 229
-8.09626 358.01 -0.0437108 45 146 229
-8.0854 357.973 -0.00328238 45 146 229
-8.0754 358.004 -0.0395402 45 146 229
-8.10026 357.993 -0.0306618 45 146 229
-8.04835 357.955 0.0389749 45 146 229
-8.03722 357.962 0.0191177 45 146 229
-8.0756 357.971 0.00038591 45 146 229
-8.03178 357.957 0.0346755 45 146 229
-8.02918 357.963 0.0386716 45 146 229
-8.05319 357.97 -0.000330929 45 146 229
-8.10679 358.0 -0.0394997 45 146 229
-8.07862 357.99 -0.0175842 45 146 229
-8.09847 358.005 -0.0360333 45 146 229
-8.07996 358.001 -0.0350843 45 146 229
-8.03721 357.969 0.0226928 45 146 229
-8.06764 358.001 -0.0424171 45 146 229
-8.04834 357.957 0.0341263 45 146 229
-8.03073 357.964 0.0362909 45 146 229
-8.0766 358.0 -0.0335663 45 146 229
-8.0929 358.005 -0.0376813 45 146 229
-8.04927 357.968 0.00367356 45 146 229
-8.10954 357.996 -0.0331541 45 146 229
-8.09105 357.996 -0.0386101 45 146 229
-8.07674 357.972 -0.000166473 45 146 229
-8.08856 358.005 -0.0378065 45 146 229
-8.09752 358.001 -0.0430222 45 146 229
-8.02794 357.967 0.0297254 45 146 229
-8.09599 358.002 -0.045034 45 146 229
-8.04286 357.956 0.0462573 45 146 229
-8.12745 358.004 -0.0384303 45 146 229
-8.06023 357.97 -0.000876747 45 146 229
-8.04939 357.972 -0.00539288 45 146 229
-8.07363 357.97 0.00185724 45 146 229
-8.05861 357.964 0.0140256 45 146 229
-8.06057 357.959 0.0249047 45 146 229
-8.06716 357.958 0.0233633 45 146 229
-8.08411 357.999 -0.046497 45 146 229
-8.03894 357.958 0.0320054 45 146 229
-8.09478 357.988 -0.0239193 45 146 229
-8.11209 357.993 -0.0294316 45 146 229
-8.1169 357.999 -0.0360986 45 146 229
-8.07225 357.999 -0.0334682 45 146 229
-8.10457 357.994 -0.0305675 45 146 229
-8.10733 357.996 -0.0337966 45 146 229
-8.08005 357.99 -0.0336168 45 146 229
-8.04125 357.96 0.0257822 45 146 229
-8.10403 357.986 -0.0216116 45 146 229
-8.07816 357.98 -0.0169423 45 146 229
-8.07135 357.968 0.00506371 45 146 229
-8.06241 357.959 0.0241399 45 146 229
-8.07493 357.969 0.00345167 45 146 229
-8.08325 357.992 -0.020534 45 146 229
-8.09784 358.003 -0.03304 45 146 229
-8.09697 358.002 -0.0457183 45 146 229
-8.04784 357.983 -0.0232952 45 146 229
-8.09993 357.992 -0.0296799 45 146 229
-8.0627 357.958 0.025938 45 146 229
-8.08109 357.986 0.0215034 45 146 229
-8.11292 357.997 -0.034274 45 146 229
-8.06552 357.963 0.0152031 45 146 229
-8.03883 357.959 0.0273695 45 146 229
-8.09387 357.982 -0.0153106 45 146 229
-8.10122 357.997 -0.0373178 45 146 229
-8.08749 358.004 -0.0366767 45 146 229
-8.0737 357.987 -0.0306546 45 146 229
-8.05399 357.958 0.029489 45 146 229
-8.06692 358.0 -0.0402228 45 146 229
-8.0812 357.998 -0.0300425 45 146 229
-8.09267 357.981 -0.0144764 45 146 229
-8.03597 357.969 0.0221351 45 146 229
-8.07829 357.971 0.00160725 45 146 229
-8.04425 357.976 -0.00854203 45 146 229
-8.02941 357.965 0.0329093 45 146 229
-8.10545 357.998 -0.0376242 45 146 229
-8.05779 357.965 0.0116671 45 146 229
-8.05707 357.991 -0.0227049 45 146 229
-8.08993 358.0 -0.0304374 45 146 229
-8.08057 357.974 -0.00528488 45 146 229
-8.10519 358.0 -0.0408822 45 146 229
-8.07935 357.993 -0.0215017 45 146 229
-8.0761 357.989 -0.0169312 45 146 229
-8.08774 357.968 0.00425162 45 146 229
-8.05325 357.972 0.0165939 45 146 229
-8.06227 357.96 0.0232841 45 146 229
-8.03894 357.956 0.0372451 45 146 229
-8.10192 357.986 -0.0233269 45 146 229
-8.09939 357.996 -0.0362998 45 146 229
-8.03603 357.958 0.0334214 45 146 229
-8.07117 357.968 0.0064157 45 146 229
-8.08626 357.99 0.021179 45 146 229
-8.03724 357.963 0.0382646 45 146 229
-8.05974 357.985 -0.0138884 45 146 229
-8.05873 357.982 -0.023018 45 146 229
-8.06853 357.985 -0.026911 45 146 229
-8.09739 358.001 0.0103758 45 146 229
-8.08323 358.003 -0.0365091 45 146 229
-8.04905 357.97 -0.000127551 45 146 229
-8.07903 357.971 -1.3145e-05 45 146 229
-8.07808 357.994 -0.0240219 45 146 229
-8.08368 357.995 -0.0392057 45 146 229
-8.10954 358.002 -0.041616 45 146 229
-8.04699 357.965 0.0128747 45 146 229
-8.08221 357.997 -0.0270615 45 146 229
-8.08271 358.006 -0.0531346 45 146 229
-8.07123 357.968 0.00551363 45 146 229
-8.0685 357.963 0.0151291 45 146 229
-8.02835 357.964 0.0169581 45 146 229
-8.0541 357.959 0.0273916 45 146 229
-8.07436 357.993 -0.0234753 45 146 229
-8.10496 357.989 -0.0254922 45 146 229
-8.07186 357.974 -0.00676803 45 146 229
-8.07528 357.989 -0.0160156 45 146 229
-8.07114 357.969 0.00364423 45 146 229
-8.06408 357.962 0.0181392 45 146 229
-8.06899 357.967 0.00772602 45 146 229
-8.08591 358.004 -0.0387776 45 146 229
-8.0919 357.992 -0.0336406 45 146 229
-8.07664 357.988 -0.031061 45 146 229
-8.0845 358.004 -0.0385762 45 146 229
-8.10045 357.998 -0.0391738 45 146 229
-8.0941 358.003 -0.0341144 45 146 229
-8.11826 358.006 -0.043758 45 146 229
-8.08194 357.989 -0.0311232 45 146 229
-8.07976 357.97 0.00245507 45 146 229
-8.05417 357.974 -0.00972153 45 146 229
-8.02796 357.966 0.0145593 45 146 229
-8.07478 357.99 -0.0342478 45 146 229
-8.07543 357.973 -0.00289652 45 146 229
-8.06706 357.984 -0.026524 45 146 229
-8.0718 357.972 -0.00141272 45 146 229
-8.03666 357.967 0.0284073 45 146 229
-8.07795 357.998 -0.0466618 45 146 229
-8.06125 357.97 -0.00202548 45 146 229
-8.05755 357.974 0.0115158 45 146 229
-8.09275 358.008 -0.0424704 45 146 229
-8.06303 357.97 -0.000852265 45 146 229
-8.0559 357.979 -0.0191241 45 146 229
-8.07903 357.971 0.000570146 45 146 229
-8.08473 357.978 -0.0115969 45 146 229
-8.05606 357.979 -0.0186953 45 146 229
-8.09701 358.009 -0.0423595 45 146 229
-8.08777 358.004 -0.0368371 45 146 229
-8.06467 357.983 -0.00858709 45 146 229
-8.07013 357.97 0.00214714 45 146 229
-8.05244 357.975 -0.012649 45 146 229
-8.09903 357.98 -0.0146097 45 146 229
-8.09938 357.992 -0.0295826 45 146 229
-8.03916 357.964 0.0360759 45 146 229
-8.11148 357.984 -0.019111 45 146 229
-8.05743 357.977 -0.0158215 45 146 229
-8.07248 357.985 -0.0270029 45 146 229
-8.04676 357.957 0.0353707 45 146 229
-8.08595 357.996 -0.0255505 45 146 229
-8.04539 357.977 -0.00174411 45 146 229
-8.09218 357.994 -0.0362401 45 146 229
-8.10145 357.991 -0.026963 45 146 229
-8.08686 358.005 -0.03854 45 146 229
-8.07591 357.981 -0.0195897 45 146 229
-8.06364 357.993 -0.0366155 45 146 229
-8.10735 357.998 -0.0366385 45 146 229
-8.05644 357.962 0.0195359 45 146 229
-8.05258 357.984 -0.011103 45 146 229
-8.09131 357.987 -0.0249465 45 146 229
-8.09678 358.004 -0.0480337 45 146 229
-8.09976 358.0 0.00353961 45 146 229
-8.08152 357.986 0.0178551 45 146 229
-8.09321 358.001 -0.0449983 45 146 229
-8.08348 358.005 -0.0401601 45 146 229
-8.06252 357.959 0.0232927 45 146 229
-8.08323 358.001 -0.0336524 45 146 229
-8.06834 357.955 0.0287284 45 146 229
-8.08164 357.972 -0.000540397 45 146 229
-8.06871 357.959 0.0210729 45 146 229
-8.06037 357.964 0.0144731 45 146 229
-8.05483 357.973 -0.00708324 45 146 229
-8.05646 357.955 0.0343043 45 146 229
-8.07285 357.978 0.007271 45 146 229
-8.06089 357.958 0.0254916 45 146 229
-8.03148 357.96 0.0273766 45 146 229
-8.05505 357.979 -0.0188549 45 146 229
-8.10141 357.984 -0.021026 45 146 229
-8.11048 357.997 -0.034802 45 146 229
-8.0958 357.999 0.0149194 45 146 229
-8.04438 357.959 0.0307996 45 146 229
-8.09759 358.0 0.0122125 45 146 229
-8.05839 357.974 -0.00936392 45 146 229
-8.06655 357.967 0.0508907 45 146 229
-8.07534 357.966 0.00890426 45 146 229
-8.0858 358.005 -0.0391816 45 146 229
-8.06072 357.986 -0.0140194 45 146 229
-8.04295 357.965 0.0133313 45 146 229
-8.09503 357.991 -0.0292204 45 146 229
-8.09083 357.978 -0.0103894 45 146 229
-8.05697 357.979 -0.019554 45 146 229
-8.04883 357.969 0.0014856 45 146 229
-8.10531 358.008 0.00848685 45 146 229
-8.0684 358.005 -0.041298 45 146 229
-8.02473 357.966 0.0183922 45 146 229
-8.08575 357.984 -0.0206045 45 146 229
-8.09468 357.994 -0.0352629 45 146 229
-8.08735 357.994 -0.0366236 45 146 229
-8.06213 357.984 -0.0105586 45 146 229
-8.05841 357.97 -0.000216412 45 146 229
-8.03548 357.968 0.0109658 45 146 229
-8.09538 357.999 0.014152 45 146 229
-8.06085 357.993 -0.0256322 45 146 229
-8.10067 357.992 -0.0296685 45 146 229
-8.08324 357.984 -0.0228657 45 146 229
-8.04515 357.959 0.030222 45 146 229
-8.09134 358.001 -0.0324621 45 146 229
-8.04158 357.97 0.0211685 45 146 229
-8.05852 357.981 -0.00448795 45 146 229
-8.0854 357.988 -0.0294373 45 146 229
-8.05389 357.97 0.000147612 45 146 229
-8.08354 358.007 -0.0431185 45 146 229
-8.10756 357.995 -0.0319495 45 146 229
-8.07933 357.978 -0.0117434 45 146 229
-8.04156 357.959 0.0259002 45 146 229
-8.09601 357.995 -0.0361342 45 146 229
-8.08081 357.981 -0.0190026 45 146 229
-8.06996 357.98 -0.0202633 45 146 229
-8.05865 357.953 0.0384488 45 146 229
-8.05699 357.969 0.00149355 45 146 229
-8.06779 357.971 -0.00167359 45 146 229
-8.10435 358.004 -0.00030767 45 146 229
-8.06993 357.97 0.00195389 45 146 229
-8.08559 357.994 -0.0228538 45 146 229
-8.12086 357.993 -0.0287933 45 146 229
-8.08234 357.993 -0.0216645 45 146 229
-8.07759 357.995 -0.042266 45 146 229
-8.10746 357.994 -0.030622 45 146 229
-8.09556 357.999 0.0158395 45 146 229
-8.05442 357.978 -0.0178974 45 146 229
-8.07379 357.999 -0.0338384 45 146 229
-8.04862 357.972 -0.00552493 45 146 229
-8.06626 357.973 -0.00726985 45 146 229
-8.08365 357.995 -0.0395828 45 146 229
-8.07562 357.976 -0.0103406 45 146 229
-8.05469 357.959 0.0265426 45 146 229
-8.08833 357.972 -0.00122093 45 146 229
-8.05943 357.953 0.0372188 45 146 229
-8.11737 357.996 -0.0325878 45 146 229
-8.10082 358.008 -0.0394517 45 146 229
-8.09494 357.995 -0.0363115 45 146 229
-8.07258 357.99 -0.0347424 45 146 229
-8.10845 357.999 -0.0377448 45 146 229
-8.05023 357.96 0.0251549 45 146 229
-8.11642 357.994 -0.0308089 45 146 229
-8.10318 358.0 -0.0416483 45 146 229
-8.05725 357.963 0.016514 45 146 229
-8.12397 358.0 -0.0360369 45 146 229
-8.09507 357.987 -0.0228491 45 146 229
-8.07101 357.961 0.0171214 45 146 229
-8.08463 357.991 -0.0170564 45 146 229
-8.08359 357.983 -0.0208961 45 146 229
-8.08431 357.975 -0.00630785 45 146 229
-8.06458 357.961 0.0195057 45 146 229
-8.06243 357.974 -0.00996664 45 146 229
-8.09327 357.996 -0.0376088 45 146 229
-8.02604 357.966 0.0166426 45 146 229
-8.07834 357.988 -0.029769 45 146 229
-8.09435 357.996 0.0105149 45 146 229
-8.09001 358.006 -0.0397892 45 146 229
-8.07167 357.97 0.00239256 45 146 229
-8.09647 358.005 -0.0366288 45 146 229
-8.07638 357.974 -0.00579053 45 146 229
-8.04175 357.958 0.0309609 45 146 229
-8.04661 357.953 0.0447784 45 146 229
-8.06745 358.0 -0.0429828 45 146 229
-8.10777 357.998 -0.0364829 45 146 229
-8.07776 357.984 -0.0237772 45 146 229
-8.11667 357.996 -0.0335795 45 146 229
-8.06447 357.994 -0.0382679 45 146 229
-8.05718 357.991 -0.0233879 45 146 229
-8.10139 358.002 0.00601669 45 146 229
-8.06975 357.993 -0.040036 45 146 229
-8.06699 357.972 -0.00358855 45 146 229
-8.04892 357.984 -0.0215862 45 146 229
-8.07287 357.965 0.0104048 45 146 229
-8.07639 357.975 -0.00797802 45 146 229
-8.09089 357.972 -0.00284972 45 146 229
-8.08249 357.979 -0.0133685 45 146 229
-8.04144 357.958 0.0327405 45 146 229
-8.04577 357.963 0.0174816 45 146 229
-8.06054 357.965 0.011572 45 146 229
-8.0521 357.954 0.0408468 45 146 229
-8.11111 357.988 -0.0241937 45 146 229
-8.06881 357.989 -0.017935 45 146 229
-8.06724 357.975 -0.0105617 45 146 229
-8.05071 357.953 0.0424686 45 146 229
-8.02995 357.966 0.0313569 45 146 229
-8.07949 357.996 -0.0430559 45 146 229
-8.07301 357.96 0.0174385 45 146 229
-8.07441 358.001 -0.0360815 45 146 229
-8.08084 357.995 -0.0245858 45 146 229
-8.04699 357.964 0.0152255 45 146 229
-8.03621 357.968 0.0249939 45 146 229
-8.04097 357.96 0.0262157 45 146 229
-8.07923 358.004 -0.0391761 45 146 229
-8.05132 357.97 -0.00150217 45 146 229
-8.09448 357.981 -0.0144084 45 146 229
-8.06332 357.978 -0.0178986 45 146 229
-8.04398 357.964 0.00779304 45 146 229
-8.05955 357.965 0.0102646 45 146 229
-8.09326 357.988 -0.0258897 45 146 229
-8.03197 357.961 0.024315 45 146 229
-8.09398 357.997 -0.0391985 45 146 229
-8.04626 357.959 0.0283983 45 146 229
-8.0859 358.003 -0.0361335 45 146 229
-8.03952 357.959 0.0301436 45 146 229
-8.08435 357.987 -0.0273783 45 146 229
-8.04004 357.958 0.0320881 45 146 229
-8.10343 357.995 -0.0318833 45 146 229
-8.05536 357.954 0.0373969 45 146 229
-8.03255 357.957 0.0336904 45 146 229
-8.05349 357.975 0.00646149 45 146 229
-8.0636 357.957 0.0273148 45 146 229
-8.05394 357.954 0.0383998 45 146 229
-8.10135 357.996 -0.0361297 45 146 229
-8.05671 357.986 -0.0309116 45 146 229
-8.06481 357.982 -0.00702157 45 146 229
-8.06334 357.974 -0.0106034 45 146 229
-8.07351 357.976 -0.0117187 45 146 229
-8.05357 357.954 0.0386314 45 146 229
-8.06038 357.954 0.0339035 45 146 229
-8.1037 358.008 -0.0389412 45 146 229
-8.049 357.969 0.00249741 45 146 229
-8.09222 357.989 -0.0286562 45 146 229
-8.06899 357.959 0.0209427 45 146 229
-8.07327 357.968 0.00664625 45 146 229
-8.05006 357.97 -0.000467936 45 146 229
-8.05131 357.956 0.0342114 45 146 229
-8.06892 357.962 0.0162265 45 146 229
-8.10904 357.999 -0.0370301 45 146 229
-8.07663 357.965 0.00968523 45 146 229
-8.08031 357.976 -0.00791795 45 146 229
-8.06152 357.994 -0.0320842 45 146 229
-8.08533 357.983 -0.0196423 45 146 229
-8.0803 358.004 -0.0523597 45 146 229
-8.07256 357.979 -0.0182074 45 146 229
-8.08671 357.979 -0.0114884 45 146 229
-8.08309 357.99 -0.0156653 45 146 229
-8.0504 357.953 0.042568 45 146 229
-8.09893 357.977 -0.011203 45 146 229
-8.04432 357.973 7.44882e-05 45 146 229
-8.08898 357.991 0.0124787 45 146 229
-8.12312 358.005 -0.0403995 45 146 229
-8.05259 357.975 0.00739392 45 146 229
-8.07657 357.977 -0.0117547 45 146 229
-8.07177 357.988 -0.0325113 45 146 229
-8.07723 357.975 -0.0059435 45 146 229
-8.08251 357.999 -0.0300845 45 146 229
-8.07308 357.987 -0.0300575 45 146 229
-8.04965 357.957 0.0336482 45 146 229
-8.08324 357.994 -0.0231063 45 146 229
-8.07541 358.003 -0.0383574 45 146 229
-8.12223 357.999 -0.0346224 45 146 229
-8.04555 357.974 -0.00540524 45 146 229
-8.07426 357.972 -0.00239249 45 146 229
-8.0455 357.957 0.0354348 45 146 229
-8.0829 357.984 -0.0228542 45 146 229
-8.09054 357.99 -0.0300413 45 146 229
-8.07314 357.989 -0.0177865 45 146 229
-8.04555 357.977 -0.0123101 45 146 229
-8.08233 357.982 -0.0191999 45 146 229
-8.04721 357.968 0.00543433 45 146 229
-8.05885 357.966 0.00880212 45 146 229
-8.06931 357.958 0.0230756 45 146 229
-8.07009 357.963 0.0148151 45 146 229
-8.0966 358.001 -0.0433082 45 146 229
-8.0931 357.985 -0.0202033 45 146 229
-8.07691 357.969 0.00359166 45 146 229
-8.06983 357.955 0.0275903 45 146 229
-8.06001 357.986 -0.0153038 45 146 229
-8.08235 358.004 -0.0526148 45 146 229
-8.10715 358.007 0.000486052 45 146 229
-8.0634 357.983 -0.00762385 45 146 229
-8.05004 357.956 0.0365466 45 146 229
-8.11757 357.993 -0.0282464 45 146 229
-8.08957 357.994 -0.0206715 45 146 229
-8.09134 358.006 -0.0393436 45 146 229
-8.0889 357.977 -0.00904162 45 146 229
-8.0513 357.97 0.000235235 45 146 229
-8.05677 357.978 -0.0168506 45 146 229
-8.08081 357.982 -0.0207085 45 146 229
-8.04381 357.963 0.0168466 45 146 229
-8.11132 358.002 -0.0410134 45 146 229
-8.08472 357.983 -0.0207735 45 146 229
-8.10487 357.994 -0.0312898 45 146 229
-8.0556 357.964 0.0135941 45 146 229
-8.04388 357.973 -0.000649526 45 146 229
-8.05634 357.973 -0.0077102 45 146 229
-8.09238 357.994 0.0108586 45 146 229
-8.0783 358.0 -0.0492518 45 146 229
-8.0722 357.976 -0.0109815 45 146 229
-8.08683 358.008 -0.0447942 45 146 229
-8.09844 358.005 -0.0351817 45 146 229
-8.07593 357.967 0.0081769 45 146 229
-8.06105 357.983 -0.00992332 45 146 229
-8.10547 358.003 -0.044534 45 146 229
-8.12209 358.004 -0.0402821 45 146 229
-8.05292 357.954 0.0394778 45 146 229
-8.05269 357.975 0.0071087 45 146 229
-8.09491 358.004 -0.0353563 45 146 229
-8.11052 358.006 -0.0454402 45 146 229
-8.05705 357.991 -0.0233146 45 146 229
-8.07755 358.007 -0.0445142 45 146 229
-8.07309 357.967 0.00738676 45 146 229
-8.07254 357.966 0.00891129 45 146 229
-8.06399 357.968 0.00349226 45 146 229
-8.07169 357.991 -0.0207576 45 146 229
-8.08732 357.984 -0.0205314 45 146 229
-8.06944 357.979 -0.0177793 45 146 229
-8.09701 358.0 0.0150276 45 146 229
-8.06734 357.958 0.0239524 45 146 229
-8.05876 357.981 -0.00393255 45 146 229
-8.07706 357.973 -0.00193798 45 146 229
-8.06848 357.984 -0.00902275 45 146 229
-8.0656 357.98 -0.00167303 45 146 229
-8.06841 357.958 0.0220839 45 146 229
-8.05562 357.963 0.0158144 45 146 229
-8.10632 357.991 -0.0262564 45 146 229
-8.10913 357.995 -0.0320764 45 146 229
-8.09607 358.004 -0.0340995 45 146 229
-8.09246 357.988 -0.0249655 45 146 229
-8.11446 357.999 -0.0363727 45 146 229
-8.06913 357.986 -0.029823 45 146 229
-8.07928 357.987 -0.0121471 45 146 229
-8.07692 357.962 0.0127656 45 146 229
-8.08229 357.999 -0.0458199 45 146 229
-8.09212 358.003 -0.0483186 45 146 229
-8.05361 357.975 -0.0110135 45 146 229
-8.08032 357.969 0.00410435 45 146 229
-8.07532 357.972 -0.00144577 45 146 229
-8.08557 357.992 -0.0191286 45 146 229
-8.09062 357.994 -0.0357243 45 146 229
-8.08144 357.999 -0.046089 45 146 229
-8.05579 357.959 0.0268772 45 146 229
-8.09603 357.975 -0.00759973 45 146 229
-8.0782 357.996 -0.0434273 45 146 229
-8.0698 357.973 -0.00608722 45 146 229
-8.09426 358.002 -0.0457217 45 146 229
-8.07366 357.965 0.00996831 45 146 229
-8.07142 358.0 -0.0346213 45 146 229
-8.09409 357.995 -0.0369859 45 146 229
-8.07492 357.992 -0.0214714 45 146 229
-8.06771 358.006 -0.0534528 45 146 229
-8.077 357.99 -0.0351774 45 146 229
-8.06357 357.966 0.00977685 45 146 229
-8.08034 357.987 -0.0278314 45 146 229
-8.08229 357.996 -0.0267714 45 146 229
-8.08102 357.976 -0.00690868 45 146 229
-8.09244 357.993 0.00819171 45 146 229
-8.04491 357.961 0.0239366 45 146 229
-8.04218 357.97 0.0195576 45 146 229
-8.05508 357.972 0.0151181 45 146 229
-8.07117 357.998 -0.0485374 45 146 229
-8.08258 357.974 -0.00470672 45 146 229
-8.09676 357.997 0.00736017 45 146 229
-8.04304 357.972 0.00545849 45 146 229
-8.06217 357.969 0.00108691 45 146 229
-8.08386 357.981 -0.0168534 45 146 229
-8.09508 357.991 -0.0308187 45 146 229
-8.0624 357.957 0.0266177 45 146 229
-8.06621 357.96 0.0210003 45 146 229
-8.03263 357.96 0.0264758 45 146 229
-8.04064 357.956 0.0410824 45 146 229
-8.11626 358.001 -0.0383131 45 146 229
-8.08244 357.979 -0.0134723 45 146 229
-8.06785 357.984 -0.0266827 45 146 229
-8.04046 357.96 0.0257093 45 146 229
-8.06817 357.992 -0.023709 45 146 229
-8.05195 357.958 0.0295592 45 146 229
-8.08723 357.976 -0.00792913 45 146 229
-8.08852 357.989 -0.0297271 45 146 229
-8.08095 357.98 -0.0157339 45 146 229
-8.11157 358.003 -0.042019 45 146 229
-8.05452 357.957 0.0303603 45 146 229
-8.0562 357.953 0.0393471 45 146 229
-8.06733 357.984 -0.00819459 45 146 229
-8.10155 357.993 -0.0296909 45 146 229
-8.03768 357.965 0.0131158 45 146 229
-8.06005 357.988 -0.0176613 45 146 229
-8.07414 357.994 -0.0248789 45 146 229
-8.06239 357.987 -0.0315955 45 146 229
-8.07755 357.997 -0.0453822 45 146 229
-8.08488 357.988 0.0149844 45 146 229
-8.051 357.987 -0.0252804 45 146 229
-8.07344 357.966 0.00861989 45 146 229
-8.05681 357.975 -0.0111985 45 146 229
-8.04855 357.984 -0.0231554 45 146 229
-8.07218 357.962 0.0143398 45 146 229
-8.08309 358.005 -0.0406387 45 146 229
-8.11345 357.997 -0.0340243 45 146 229
-8.064 357.982 -0.0059395 45 146 229
-8.07659 357.985 -0.0268434 45 146 229
-8.05892 357.987 -0.015608 45 146 229
-8.07642 357.999 -0.0321865 45 146 229
-8.07841 358.008 -0.0467361 45 146 229
-8.05517 357.966 0.00814976 45 146 229
-8.07661 358.009 -0.0474357 45 146 229
-8.0722 357.966 0.0104453 45 146 229
-8.05751 357.981 -0.0222165 45 146 229
-8.0651 357.977 -0.0146808 45 146 229
-8.09193 357.985 -0.019928 45 146 229
-8.09076 357.985 -0.0206248 45 146 229
-8.09116 357.994 -0.0356538 45 146 229
-8.05541 357.975 0.00667783 45 146 229
-8.04864 357.964 0.0136648 45 146 229
-8.05343 357.955 0.0372423 45 146 229
-8.08055 357.972 -0.000451557 45 146 229
-8.0898 358.006 -0.0390258 45 146 229
-8.09856 357.99 -0.0266424 45 146 229
-8.10399 358.003 -0.0452524 45 146 229
-8.09904 357.994 -0.0326252 45 146 229
-8.04209 357.958 0.0334172 45 146 229
-8.08732 357.99 0.0160376 45 146 229
-8.08196 357.979 -0.0125498 45 146 229
-8.06413 357.975 -0.0109517 45 146 229
-8.06305 357.958 0.0248331 45 146 229
-8.05944 357.958 0.0272366 45 146 229
-8.04965 357.957 0.0327487 45 146 229
-8.06849 357.968 0.0055095 45 146 229
-8.06065 357.952 0.0395519 45 146 229
-8.07877 357.973 -0.00279491 45 146 229
-8.04817 357.984 -0.0213733 45 146 229
-8.06825 357.978 -0.0163472 45 146 229
-8.06614 357.981 -0.0213223 45 146 229
-8.04554 357.954 0.0468685 45 146 229
-8.05356 357.962 0.0174964 45 146 229
-8.04575 357.954 0.0490519 45 146 229
-8.06453 357.957 0.0266026 45 146 229
-8.03757 357.958 0.030893 45 146 229
-8.05266 357.982 -0.00596658 45 146 229
-8.06148 357.975 0.00858133 45 146 229
-8.10684 357.993 -0.0301068 45 146 229
-8.0889 357.995 -0.0379668 45 146 229
-8.05963 357.973 -0.00782517 45 146 229
-8.02951 357.964 0.0191997 45 146 229
-8.09149 357.992 -0.0339222 45 146 229
-8.07087 357.961 0.0162902 45 146 229
-8.05925 357.954 0.0356112 45 146 229
-8.04675 357.957 0.0332289 45 146 229
-8.0817 357.985 -0.0251484 45 146 229
-8.03601 357.956 0.037519 45 146 229
-8.06434 357.984 -0.00936 45 146 229
-8.06902 357.989 -0.0180551 45 146 229
-8.09317 357.985 -0.020218 45 146 229
-8.04174 357.965 0.0121696 45 146 229
-8.09498 357.998 0.0156986 45 146 229
-8.04827 357.967 0.00638212 45 146 229
-8.07582 357.994 -0.0241562 45 146 229
-8.09607 357.989 -0.025897 45 146 229
-8.08575 357.999 -0.0443005 45 146 229
-8.12339 357.997 -0.0348991 45 146 229
-8.03669 357.972 0.0133302 45 146 229
-8.0518 357.962 0.0186138 45 146 229
-8.06811 357.973 -0.00514116 45 146 229
-8.08315 357.991 -0.017287 45 146 229
-8.06783 357.976 -0.0133345 45 146 229
-8.0407 357.968 0.00736562 45 146 229
-8.05899 357.961 0.0204181 45 146 229
-8.11395 358.004 -0.0426404 45 146 229
-8.06554 357.968 0.00611473 45 146 229
-8.09217 357.993 -0.0342051 45 146 229
-8.05958 357.979 -0.0185499 45 146 229
-8.05602 357.959 0.025652 45 146 229
-8.1149 357.996 -0.0336438 45 146 229
-8.10427 358.004 0.00129092 45 146 229
-8.08176 358.002 -0.0516534 45 146 229
-8.10494 358.004 -0.000543989 45 146 229
-8.06075 357.964 0.0137207 45 146 229
-8.10552 357.996 -0.0341053 45 146 229
-8.09653 358.006 -0.0372219 45 146 229
-8.04447 357.976 -0.0105461 45 146 229
-8.03698 357.957 0.0347734 45 146 229
-8.10099 357.976 -0.0106075 45 146 229
-8.07607 357.977 -0.0115531 45 146 229
-8.08153 357.993 -0.0373146 45 146 229
-8.05749 357.98 -0.00243983 45 146 229
-8.05026 357.953 0.0447431 45 146 229
-8.0718 357.958 0.0207725 45 146 229
-8.06444 357.979 -0.0182473 45 146 229
-8.05176 357.968 -0.000800407 45 146 229
-8.11109 358.0 -0.0382065 45 146 229
-8.09501 357.999 -0.0417384 45 146 229
-8.03198 357.961 0.0253801 45 146 229
-8.06106 357.986 -0.0147732 45 146 229
-8.07558 357.994 -0.024604 45 146 229
-8.07993 357.999 -0.0467536 45 146 229
-8.05902 357.971 -0.00409154 45 146 229
-8.07281 357.978 -0.0152804 45 146 229
-8.05555 357.976 0.00470566 45 146 229
-8.0899 357.999 -0.0293592 45 146 229
-8.06574 357.975 -0.0120447 45 146 229
-8.0404 357.974 0.00916301 45 146 229
-8.0918 358.001 -0.0316385 45 146 229
-8.10469 358.011 -0.0423227 45 146 229
-8.0843 357.988 0.0205106 45 146 229
-8.09305 357.995 -0.0373877 45 146 229
-8.07811 357.975 -0.00627805 45 146 229
