# .PCD v0.7 - Point Cloud Data file format
VERSION 0.7
FIELDS x y z normal_x normal_y normal_z
SIZE 4 4 4 4 4 4
TYPE F F F F F F
COUNT 1 1 1 1 1 1
WIDTH 8150
HEIGHT 1
VIEWPOINT 0 0 0 1 0 0 0
POINTS 8150
DATA ascii
-0.201655 -0.087489 -1.628215 -0.909687 0.414691 0.022380
-0.200499 -0.086439 -1.628287 -0.909630 0.414665 0.025012
-0.201710 -0.086057 -1.628143 -0.909174 0.415660 0.025072
-0.202099 -0.087605 -1.628219 -0.909687 0.414691 0.022380
-0.200899 -0.087600 -1.628448 -0.909687 0.414691 0.022380
-0.200697 -0.087889 -1.628713 -0.910140 0.413700 0.022327
-0.201480 -0.087652 -1.628268 -0.909687 0.414691 0.022380
-0.201652 -0.088416 -1.628377 -0.910140 0.413700 0.022327
-0.201942 -0.087984 -1.628261 -0.909687 0.414691 0.022380
-0.202796 -0.087104 -1.628254 -0.909687 0.414691 0.022380
-0.203770 -0.086773 -1.628251 -0.909687 0.414691 0.022380
-0.204235 -0.088058 -1.628469 -0.910140 0.413700 0.022327
-0.205069 -0.088352 -1.628534 -0.910190 0.413723 0.019701
-0.205274 -0.087668 -1.628404 -0.909687 0.414691 0.022380
-0.206308 -0.088222 -1.628505 -0.910140 0.413700 0.022327
-0.207717 -0.088279 -1.628551 -0.910190 0.413723 0.019701
-0.206194 -0.097849 -1.627412 -0.910660 0.412989 0.011725
-0.205613 -0.096513 -1.627839 -0.910660 0.412989 0.011725
-0.206382 -0.096659 -1.627892 -0.910660 0.412989 0.011725
-0.205566 -0.095566 -1.628047 -0.911639 0.410824 0.011738
-0.205505 -0.095115 -1.628091 -0.911608 0.410810 0.014346
-0.205865 -0.099215 -1.629942 -0.913002 0.407937 0.003885
-0.205883 -0.098441 -1.627460 -0.910685 0.413000 0.009120
-0.205469 -0.098147 -1.628051 -0.911128 0.412022 0.009098
-0.205461 -0.097795 -1.627845 -0.911128 0.412022 0.009098
-0.205528 -0.097975 -1.627800 -0.911128 0.412022 0.009098
-0.204640 -0.096550 -1.629292 -0.912103 0.409861 0.009108
-0.204644 -0.096494 -1.631118 -0.913002 0.407937 0.003885
-0.205709 -0.098847 -1.628679 -0.911587 0.411057 0.006484
-0.206029 -0.099570 -1.628200 -0.911587 0.411057 0.006484
-0.205573 -0.098546 -1.629342 -0.912557 0.408898 0.006490
-0.205415 -0.098156 -1.631247 -0.913437 0.406977 0.001292
-0.205351 -0.098000 -1.631439 -0.913437 0.406977 0.001292
-0.206227 -0.099936 -1.630730 -0.913437 0.406977 0.001292
-0.205834 -0.099132 -1.630535 -0.913437 0.406977 0.001292
-0.205364 -0.098049 -1.629383 -0.912557 0.408898 0.006490
-0.205162 -0.097646 -1.629270 -0.912557 0.408898 0.006490
-0.204705 -0.096625 -1.631231 -0.913002 0.407937 0.003885
-0.204835 -0.096934 -1.630469 -0.913002 0.407937 0.003885
-0.204701 -0.096592 -1.631873 -0.913437 0.406977 0.001292
-0.200048 -0.087100 -1.629769 -0.910190 0.413723 0.019701
-0.199750 -0.086457 -1.630180 -0.910639 0.412736 0.019654
-0.200282 -0.087391 -1.630860 -0.911128 0.411772 0.016994
-0.202939 -0.090605 -1.628588 -0.910683 0.412755 0.017034
-0.202973 -0.091785 -1.628686 -0.911128 0.411772 0.016994
-0.203226 -0.093224 -1.629065 -0.911608 0.410810 0.014346
-0.203270 -0.092452 -1.628675 -0.911166 0.411789 0.014380
-0.202439 -0.091858 -1.629333 -0.911166 0.411789 0.014380
-0.202658 -0.092458 -1.629779 -0.911639 0.410824 0.011738
-0.204093 -0.092170 -1.628510 -0.911128 0.411772 0.016994
-0.205169 -0.091568 -1.628878 -0.911128 0.411772 0.016994
-0.204379 -0.094142 -1.628169 -0.911166 0.411789 0.014380
-0.203969 -0.093295 -1.628412 -0.911166 0.411789 0.014380
-0.203673 -0.093445 -1.628605 -0.911166 0.411789 0.014380
-0.205159 -0.093879 -1.628263 -0.911166 0.411789 0.014380
-0.204209 -0.095606 -1.629081 -0.912103 0.409861 0.009108
-0.204103 -0.094668 -1.628358 -0.911639 0.410824 0.011738
-0.203717 -0.094464 -1.628960 -0.911639 0.410824 0.011738
-0.203598 -0.094386 -1.629590 -0.912078 0.409850 0.011710
-0.205645 -0.094473 -1.628277 -0.911166 0.411789 0.014380
-0.206604 -0.094906 -1.628566 -0.911639 0.410824 0.011738
-0.204255 -0.092137 -1.628521 -0.911128 0.411772 0.016994
-0.205454 -0.093015 -1.628571 -0.911166 0.411789 0.014380
-0.205176 -0.092759 -1.628575 -0.911166 0.411789 0.014380
-0.205325 -0.092114 -1.628801 -0.911166 0.411789 0.014380
-0.206726 -0.093558 -1.628781 -0.911166 0.411789 0.014380
-0.200811 -0.088517 -1.629124 -0.910639 0.412736 0.019654
-0.200980 -0.088612 -1.628932 -0.910190 0.413723 0.019701
-0.201334 -0.089085 -1.628793 -0.910190 0.413723 0.019701
-0.201771 -0.088886 -1.628479 -0.910190 0.413723 0.019701
-0.201577 -0.090112 -1.629558 -0.911128 0.411772 0.016994
-0.201766 -0.090501 -1.629502 -0.911128 0.411772 0.016994
-0.202729 -0.090564 -1.628599 -0.910683 0.412755 0.017034
-0.202177 -0.089251 -1.628472 -0.910190 0.413723 0.019701
-0.203908 -0.089047 -1.628541 -0.910190 0.413723 0.019701
-0.202808 -0.088982 -1.628391 -0.910190 0.413723 0.019701
-0.200378 -0.087793 -1.629283 -0.910190 0.413723 0.019701
-0.201837 -0.090586 -1.630949 -0.911639 0.410824 0.011738
-0.202044 -0.091097 -1.630109 -0.911608 0.410810 0.014346
-0.202141 -0.091182 -1.631283 -0.912078 0.409850 0.011710
-0.202200 -0.091297 -1.631344 -0.912078 0.409850 0.011710
-0.200756 -0.088234 -1.631628 -0.911608 0.410810 0.014346
-0.200708 -0.088238 -1.630894 -0.911166 0.411789 0.014380
-0.201095 -0.089153 -1.629956 -0.911128 0.411772 0.016994
-0.201173 -0.089006 -1.632196 -0.912078 0.409850 0.011710
-0.201412 -0.089806 -1.629859 -0.911128 0.411772 0.016994
-0.201636 -0.090048 -1.632211 -0.912103 0.409861 0.009108
-0.201504 -0.089760 -1.632102 -0.912078 0.409850 0.011710
-0.204213 -0.089592 -1.628634 -0.910639 0.412736 0.019654
-0.203622 -0.090619 -1.628612 -0.910683 0.412755 0.017034
-0.206207 -0.089037 -1.628647 -0.910190 0.413723 0.019701
-0.206157 -0.089869 -1.628794 -0.910683 0.412755 0.017034
-0.205577 -0.090303 -1.628830 -0.910683 0.412755 0.017034
-0.207542 -0.090042 -1.628887 -0.910683 0.412755 0.017034
-0.207807 -0.090650 -1.628942 -0.910683 0.412755 0.017034
-0.205519 -0.088891 -1.628603 -0.910190 0.413723 0.019701
-0.204788 -0.088718 -1.628584 -0.910190 0.413723 0.019701
-0.207223 -0.089847 -1.628848 -0.910683 0.412755 0.017034
-0.206922 -0.088763 -1.628612 -0.910190 0.413723 0.019701
-0.206781 -0.091418 -1.628987 -0.911128 0.411772 0.016994
-0.203174 -0.093393 -1.630623 -0.912103 0.409861 0.009108
-0.203655 -0.094318 -1.631115 -0.912557 0.408898 0.006490
-0.202948 -0.092864 -1.631181 -0.912103 0.409861 0.009108
-0.203447 -0.093873 -1.631379 -0.912557 0.408898 0.006490
-0.203586 -0.094135 -1.632544 -0.913002 0.407937 0.003885
-0.203689 -0.094351 -1.632246 -0.913002 0.407937 0.003885
-0.203710 -0.094626 -1.629778 -0.912103 0.409861 0.009108
-0.204018 -0.095232 -1.630591 -0.912557 0.408898 0.006490
-0.204214 -0.095617 -1.629433 -0.912103 0.409861 0.009108
-0.204473 -0.096106 -1.631785 -0.913431 0.406974 0.003876
-0.204137 -0.095460 -1.630948 -0.912557 0.408898 0.006490
-0.204023 -0.095080 -1.631657 -0.913002 0.407937 0.003885
-0.202510 -0.091919 -1.631603 -0.912103 0.409861 0.009108
-0.202421 -0.091651 -1.632606 -0.912557 0.408898 0.006490
-0.202446 -0.091628 -1.633510 -0.913002 0.407937 0.003885
-0.201780 -0.090352 -1.632152 -0.912103 0.409861 0.009108
-0.202162 -0.091197 -1.631562 -0.912103 0.409861 0.009108
-0.203137 -0.093228 -1.632292 -0.912990 0.407932 0.006475
-0.202824 -0.092461 -1.633010 -0.913002 0.407937 0.003885
-0.202920 -0.092615 -1.633669 -0.913431 0.406974 0.003876
-0.201346 -0.089347 -1.632697 -0.912103 0.409861 0.009108
-0.201353 -0.089335 -1.633022 -0.912538 0.408890 0.009086
-0.202120 -0.090971 -1.633275 -0.912990 0.407932 0.006475
-0.202331 -0.091390 -1.633506 -0.912990 0.407932 0.006475
-0.201776 -0.090186 -1.634418 -0.913002 0.407937 0.003885
-0.201994 -0.090673 -1.633864 -0.912990 0.407932 0.006475
-0.205559 -0.098487 -1.633631 -0.914390 0.404815 -0.003880
-0.204960 -0.097160 -1.632585 -0.913864 0.406019 -0.001289
-0.205427 -0.098177 -1.632341 -0.913864 0.406019 -0.001289
-0.205756 -0.098917 -1.631229 -0.913437 0.406977 0.001292
-0.206059 -0.099564 -1.631494 -0.913864 0.406019 -0.001289
-0.206035 -0.099527 -1.633235 -0.914390 0.404815 -0.003880
-0.205975 -0.099397 -1.633386 -0.914390 0.404815 -0.003880
-0.205972 -0.099400 -1.633960 -0.914378 0.404810 -0.006467
-0.205866 -0.099136 -1.631976 -0.913437 0.406977 -0.001292
-0.206596 -0.100763 -1.634497 -0.914894 0.403592 -0.009084
-0.206478 -0.100502 -1.634062 -0.915316 0.402635 -0.009063
-0.206254 -0.100004 -1.633293 -0.914378 0.404810 -0.006467
-0.206513 -0.100583 -1.634591 -0.914894 0.403592 -0.009084
-0.206838 -0.101251 -1.635548 -0.915826 0.401405 -0.011691
-0.206322 -0.100150 -1.635106 -0.914894 0.403592 -0.009084
-0.206697 -0.100949 -1.635455 -0.915826 0.401405 -0.011691
-0.206146 -0.099777 -1.636798 -0.915795 0.401391 -0.014289
-0.205936 -0.099336 -1.635992 -0.915826 0.401405 -0.011691
-0.206183 -0.099856 -1.637583 -0.916749 0.399208 -0.014304
-0.205984 -0.099445 -1.637732 -0.916749 0.399208 -0.014304
-0.207118 -0.101796 -1.637000 -0.916295 0.400146 -0.016944
-0.206772 -0.101117 -1.637793 -0.916295 0.400146 -0.016944
-0.203390 -0.093688 -1.633418 -0.913437 0.406977 0.001292
-0.203361 -0.093527 -1.634787 -0.913864 0.406019 -0.001289
-0.203646 -0.094144 -1.635137 -0.914819 0.403862 -0.001290
-0.204619 -0.096397 -1.632277 -0.913437 0.406977 0.001292
-0.204626 -0.096413 -1.632264 -0.913437 0.406977 0.001292
-0.205232 -0.097677 -1.634655 -0.914378 0.404810 -0.006467
-0.204759 -0.096685 -1.632747 -0.913864 0.406019 0.001289
-0.205006 -0.097159 -1.634437 -0.914390 0.404815 -0.003880
-0.204890 -0.096961 -1.633268 -0.913864 0.406019 -0.001289
-0.204697 -0.096543 -1.632767 -0.913864 0.406019 0.001289
-0.204558 -0.096229 -1.633098 -0.913864 0.406019 -0.001289
-0.204532 -0.096116 -1.634363 -0.914813 0.403860 -0.003871
-0.204042 -0.095048 -1.633863 -0.913864 0.406019 -0.001289
-0.203983 -0.094917 -1.634376 -0.913864 0.406019 -0.001289
-0.205902 -0.099263 -1.637037 -0.915795 0.401391 -0.014289
-0.205783 -0.098972 -1.635667 -0.915316 0.402635 -0.009063
-0.205668 -0.098698 -1.635669 -0.915316 0.402635 -0.009063
-0.205792 -0.099002 -1.637316 -0.915795 0.401391 -0.014289
-0.205720 -0.098822 -1.635563 -0.915316 0.402635 -0.009063
-0.204765 -0.096599 -1.636684 -0.915316 0.402635 -0.009063
-0.204770 -0.096610 -1.636593 -0.915316 0.402635 -0.009063
-0.204976 -0.097048 -1.635803 -0.915334 0.402643 -0.006473
-0.203048 -0.092817 -1.634817 -0.913864 0.406019 0.001289
-0.202998 -0.092702 -1.636632 -0.914813 0.403860 -0.003871
-0.202800 -0.092266 -1.635002 -0.913864 0.406019 0.001289
-0.202639 -0.091880 -1.636724 -0.914813 0.403860 -0.003871
-0.202055 -0.090706 -1.635231 -0.913437 0.406977 0.001292
-0.202371 -0.091285 -1.636449 -0.914819 0.403862 -0.001290
-0.202457 -0.091487 -1.636022 -0.913864 0.406019 -0.001289
-0.202011 -0.090536 -1.636549 -0.913864 0.406019 -0.001289
-0.202215 -0.090926 -1.637053 -0.914819 0.403862 -0.001290
-0.203097 -0.092938 -1.637580 -0.915334 0.402643 -0.006473
-0.203140 -0.093017 -1.637118 -0.915334 0.402643 -0.006473
-0.203654 -0.094166 -1.636410 -0.914390 0.404815 -0.003880
-0.203605 -0.094065 -1.636729 -0.915334 0.402643 -0.006473
-0.205738 -0.098869 -1.637828 -0.916749 0.399208 -0.014304
-0.205343 -0.097912 -1.637559 -0.915826 0.401405 -0.011691
-0.204601 -0.096256 -1.636623 -0.915316 0.402635 -0.009063
-0.204958 -0.097081 -1.638316 -0.915795 0.401391 -0.014289
-0.204986 -0.097140 -1.638317 -0.915795 0.401391 -0.014289
-0.204537 -0.096205 -1.638260 -0.915826 0.401405 -0.011691
-0.205716 -0.098863 -1.638445 -0.916712 0.399192 -0.016904
-0.205489 -0.098345 -1.638584 -0.916712 0.399192 -0.016904
-0.204966 -0.097128 -1.638705 -0.916749 0.399208 -0.014304
-0.205265 -0.097838 -1.638752 -0.916749 0.399208 -0.014304
-0.205360 -0.098125 -1.640332 -0.917205 0.397934 -0.019571
-0.205693 -0.098867 -1.640099 -0.917205 0.397934 -0.019571
-0.204099 -0.095230 -1.639645 -0.916749 0.399208 -0.014304
-0.204036 -0.095096 -1.639862 -0.916749 0.399208 -0.014304
-0.203932 -0.094843 -1.638563 -0.916244 0.400452 -0.011664
-0.204020 -0.095012 -1.637206 -0.915316 0.402635 -0.009063
-0.204222 -0.095473 -1.637263 -0.915316 0.402635 -0.009063
-0.204394 -0.095892 -1.638362 -0.915826 0.401405 -0.011691
-0.204470 -0.096088 -1.639750 -0.916749 0.399208 -0.014304
-0.203233 -0.093265 -1.638117 -0.915316 0.402635 -0.009063
-0.202827 -0.092316 -1.637924 -0.915334 0.402643 -0.006473
-0.203061 -0.092853 -1.637515 -0.915334 0.402643 -0.006473
-0.202513 -0.091611 -1.639421 -0.916268 0.400462 -0.009072
-0.202906 -0.092531 -1.639928 -0.916244 0.400452 -0.011664
-0.202573 -0.091755 -1.639768 -0.916268 0.400462 -0.009072
-0.203086 -0.093107 -1.642610 -0.917618 0.396984 -0.019524
-0.203611 -0.094241 -1.642326 -0.917618 0.396984 -0.019524
-0.203267 -0.093441 -1.641796 -0.917661 0.397002 -0.016921
-0.203728 -0.094405 -1.639742 -0.916749 0.399208 -0.014304
-0.204030 -0.095082 -1.639996 -0.916749 0.399208 -0.014304
-0.203884 -0.094755 -1.639704 -0.916749 0.399208 -0.014304
-0.204096 -0.095356 -1.641599 -0.917618 0.396984 -0.019524
-0.203749 -0.094479 -1.640828 -0.916712 0.399192 -0.016904
-0.203895 -0.094851 -1.641181 -0.917661 0.397002 -0.016921
-0.203877 -0.094869 -1.642161 -0.917618 0.396984 -0.019524
-0.204081 -0.095353 -1.641908 -0.917618 0.396984 -0.019524
-0.203451 -0.093841 -1.641321 -0.916712 0.399192 -0.016904
-0.217223 -0.120686 -1.624568 -0.913481 0.406713 -0.011695
-0.217876 -0.122718 -1.624857 -0.913986 0.405492 -0.014342
-0.217680 -0.121531 -1.624586 -0.913018 0.407667 -0.014327
-0.217284 -0.121684 -1.624736 -0.913986 0.405492 -0.014342
-0.216729 -0.120848 -1.624795 -0.913049 0.407681 -0.011722
-0.217118 -0.121369 -1.624753 -0.913986 0.405492 -0.014342
-0.216558 -0.120895 -1.624942 -0.913986 0.405492 -0.014342
-0.216736 -0.122065 -1.625869 -0.913949 0.405475 -0.016949
-0.218341 -0.122863 -1.624791 -0.913986 0.405492 -0.014342
-0.218848 -0.122642 -1.624689 -0.913986 0.405492 -0.014342
-0.219737 -0.123448 -1.625091 -0.913949 0.405475 -0.016949
-0.218068 -0.122290 -1.624659 -0.913986 0.405492 -0.014342
-0.219593 -0.121669 -1.624739 -0.913986 0.405492 -0.014342
-0.219629 -0.122381 -1.624792 -0.913986 0.405492 -0.014342
-0.218643 -0.121609 -1.624612 -0.913986 0.405492 -0.014342
-0.220037 -0.121981 -1.624860 -0.913986 0.405492 -0.014342
-0.220825 -0.121709 -1.625070 -0.913986 0.405492 -0.014342
-0.220049 -0.122433 -1.624895 -0.913986 0.405492 -0.014342
-0.208707 -0.103361 -1.626396 -0.911587 0.411057 0.006484
-0.209004 -0.104571 -1.626557 -0.911599 0.411062 0.003890
-0.208159 -0.103596 -1.626788 -0.911599 0.411062 0.003890
-0.208628 -0.103570 -1.626456 -0.911587 0.411057 0.006484
-0.209145 -0.105070 -1.626651 -0.912036 0.410093 0.003881
-0.207661 -0.103063 -1.627526 -0.912036 0.410093 0.003881
-0.209372 -0.104517 -1.626423 -0.911599 0.411062 0.003890
-0.209546 -0.104025 -1.626345 -0.911587 0.411057 0.006484
-0.210458 -0.104179 -1.626484 -0.911599 0.411062 0.003890
-0.210311 -0.104465 -1.626490 -0.911599 0.411062 0.003890
-0.211161 -0.105248 -1.626840 -0.912036 0.410093 0.003881
-0.212097 -0.103596 -1.626906 -0.911599 0.411062 0.003890
-0.212273 -0.104559 -1.626954 -0.912036 0.410093 0.003881
-0.212673 -0.105486 -1.626953 -0.912042 0.410095 0.001294
-0.213557 -0.104971 -1.626894 -0.912036 0.410093 0.003881
-0.215402 -0.105034 -1.626752 -0.912036 0.410093 0.003881
-0.215865 -0.104848 -1.626695 -0.912036 0.410093 0.003881
-0.216248 -0.105033 -1.626591 -0.912036 0.410093 0.003881
-0.217215 -0.105765 -1.626450 -0.912036 0.410093 0.003881
-0.217490 -0.105291 -1.626413 -0.912036 0.410093 0.003881
-0.211773 -0.111815 -1.625597 -0.912036 0.410093 -0.003881
-0.211926 -0.111982 -1.626377 -0.913002 0.407937 -0.003885
-0.212587 -0.112590 -1.625003 -0.912042 0.410095 -0.001294
-0.212826 -0.112498 -1.624872 -0.912042 0.410095 -0.001294
-0.212171 -0.111966 -1.624862 -0.912042 0.410095 -0.001294
-0.212289 -0.112062 -1.624825 -0.912042 0.410095 -0.001294
-0.212761 -0.112330 -1.624827 -0.912042 0.410095 -0.001294
-0.213459 -0.111735 -1.625382 -0.912042 0.410095 -0.001294
-0.213132 -0.114521 -1.626083 -0.912990 0.407932 -0.006475
-0.214315 -0.114161 -1.625253 -0.913002 0.407937 -0.003885
-0.213989 -0.115875 -1.625447 -0.912538 0.408890 -0.009086
-0.213476 -0.115105 -1.625836 -0.913953 0.405769 -0.006482
-0.214024 -0.115456 -1.625406 -0.912990 0.407932 -0.006475
-0.214304 -0.115555 -1.625241 -0.912990 0.407932 -0.006475
-0.214948 -0.115570 -1.625219 -0.912990 0.407932 -0.006475
-0.213789 -0.114955 -1.625402 -0.912990 0.407932 -0.006475
-0.215015 -0.114984 -1.625266 -0.912990 0.407932 -0.006475
-0.212745 -0.113824 -1.626856 -0.913934 0.405761 -0.009075
-0.212963 -0.113977 -1.625883 -0.912990 0.407932 -0.006475
-0.212312 -0.112824 -1.626924 -0.913953 0.405769 -0.006482
-0.213477 -0.112728 -1.625033 -0.912036 0.410093 -0.003881
-0.213575 -0.112157 -1.625256 -0.912042 0.410095 -0.001294
-0.214676 -0.112360 -1.625816 -0.913002 0.407937 -0.003885
-0.215113 -0.113390 -1.625619 -0.913002 0.407937 -0.003885
-0.215726 -0.111543 -1.626372 -0.913002 0.407937 -0.003885
-0.215658 -0.115190 -1.625433 -0.912990 0.407932 -0.006475
-0.215540 -0.114393 -1.625522 -0.912990 0.407932 -0.006475
-0.215842 -0.115034 -1.625535 -0.912990 0.407932 -0.006475
-0.216021 -0.111771 -1.626384 -0.913002 0.407937 -0.003885
-0.216382 -0.113650 -1.625996 -0.912990 0.407932 -0.006475
-0.217063 -0.113798 -1.626195 -0.912990 0.407932 -0.006475
-0.216267 -0.112626 -1.626190 -0.912990 0.407932 -0.006475
-0.217583 -0.113578 -1.626349 -0.912990 0.407932 -0.006475
-0.217428 -0.112489 -1.626533 -0.912990 0.407932 -0.006475
-0.214820 -0.117119 -1.625194 -0.913506 0.406724 -0.009096
-0.214053 -0.116163 -1.625545 -0.913506 0.406724 -0.009096
-0.214364 -0.116703 -1.625442 -0.913506 0.406724 -0.009096
-0.214725 -0.117937 -1.627410 -0.913986 0.405492 -0.014342
-0.215606 -0.118426 -1.624640 -0.913506 0.406724 -0.009096
-0.215852 -0.117970 -1.624574 -0.912538 0.408890 -0.009086
-0.215980 -0.119784 -1.624779 -0.913481 0.406713 -0.011695
-0.215616 -0.119069 -1.624771 -0.913481 0.406713 -0.011695
-0.215289 -0.118964 -1.625310 -0.913481 0.406713 -0.011695
-0.215252 -0.118952 -1.625418 -0.913481 0.406713 -0.011695
-0.216874 -0.118233 -1.624500 -0.913506 0.406724 -0.009096
-0.217223 -0.119516 -1.624415 -0.913506 0.406724 -0.009096
-0.217278 -0.120190 -1.624491 -0.913481 0.406713 -0.011695
-0.218011 -0.118717 -1.624700 -0.913506 0.406724 -0.009096
-0.215147 -0.116849 -1.625026 -0.912538 0.408890 -0.009086
-0.215849 -0.116424 -1.625103 -0.912557 0.408898 -0.006490
-0.217083 -0.117832 -1.624754 -0.913506 0.406724 -0.009096
-0.217973 -0.117631 -1.625010 -0.913506 0.406724 -0.009096
-0.217318 -0.117196 -1.625087 -0.913506 0.406724 -0.009096
-0.216948 -0.116615 -1.625297 -0.913506 0.406724 -0.009096
-0.218164 -0.116571 -1.625534 -0.913506 0.406724 -0.009096
-0.215857 -0.120272 -1.625662 -0.913986 0.405492 -0.014342
-0.215368 -0.119271 -1.625928 -0.914414 0.404527 -0.014308
-0.214958 -0.118421 -1.626187 -0.914445 0.404541 -0.011707
-0.215553 -0.119581 -1.626935 -0.913949 0.405475 -0.016949
-0.215073 -0.118628 -1.627298 -0.913949 0.405475 -0.016949
-0.216349 -0.121281 -1.626302 -0.913949 0.405475 -0.016949
-0.215792 -0.120127 -1.626117 -0.913986 0.405492 -0.014342
-0.213508 -0.115273 -1.625975 -0.913506 0.406724 -0.009096
-0.213539 -0.115453 -1.626721 -0.913506 0.406724 -0.009096
-0.213745 -0.115833 -1.627170 -0.914445 0.404541 -0.011707
-0.213372 -0.115061 -1.627234 -0.913481 0.406713 -0.011695
-0.212384 -0.112932 -1.627609 -0.913934 0.405761 -0.009075
-0.212450 -0.113033 -1.628233 -0.913481 0.406713 -0.011695
-0.213103 -0.114523 -1.627238 -0.913506 0.406724 -0.009096
-0.213027 -0.114353 -1.627378 -0.913481 0.406713 -0.011695
-0.214150 -0.116655 -1.627269 -0.914414 0.404527 -0.014308
-0.213943 -0.116193 -1.628561 -0.914414 0.404527 -0.014308
-0.213917 -0.116091 -1.627666 -0.914414 0.404527 -0.014308
-0.213459 -0.115096 -1.629188 -0.915375 0.402348 -0.014323
-0.213276 -0.114799 -1.627987 -0.914445 0.404541 -0.011707
-0.213499 -0.115277 -1.627959 -0.914445 0.404541 -0.011707
-0.212292 -0.112719 -1.629777 -0.914414 0.404527 -0.014308
-0.212497 -0.113139 -1.630158 -0.915375 0.402348 -0.014323
-0.214127 -0.116523 -1.629867 -0.914870 0.403274 -0.019576
-0.213241 -0.114640 -1.629489 -0.915337 0.402332 -0.016927
-0.216997 -0.115795 -1.625725 -0.913506 0.406724 -0.009096
-0.217356 -0.116416 -1.625487 -0.913506 0.406724 -0.009096
-0.218757 -0.116147 -1.625892 -0.913506 0.406724 -0.009096
-0.217785 -0.114617 -1.626233 -0.913934 0.405761 -0.009075
-0.218453 -0.115289 -1.626274 -0.913506 0.406724 -0.009096
-0.218957 -0.113605 -1.626745 -0.913934 0.405761 -0.009075
-0.218752 -0.114266 -1.626632 -0.913506 0.406724 -0.009096
-0.211628 -0.110693 -1.625834 -0.912475 0.409130 -0.001291
-0.211829 -0.109772 -1.626014 -0.912475 0.409130 -0.001291
-0.210628 -0.109105 -1.627305 -0.913002 0.407937 -0.003885
-0.211438 -0.108212 -1.626651 -0.912475 0.409130 -0.001291
-0.211880 -0.108177 -1.626622 -0.912475 0.409130 -0.001291
-0.210942 -0.109125 -1.626706 -0.912475 0.409130 -0.001291
-0.210941 -0.108885 -1.626750 -0.912475 0.409130 -0.001291
-0.210850 -0.109289 -1.626892 -0.913431 0.406974 -0.003876
-0.211842 -0.109224 -1.626221 -0.912475 0.409130 -0.001291
-0.212116 -0.109308 -1.626201 -0.912475 0.409130 -0.001291
-0.210883 -0.109715 -1.627887 -0.912990 0.407932 -0.006475
-0.211436 -0.110851 -1.626477 -0.913002 0.407937 -0.003885
-0.211023 -0.110006 -1.628601 -0.913953 0.405769 -0.006482
-0.211699 -0.111385 -1.628018 -0.913934 0.405761 -0.009075
-0.211249 -0.110468 -1.628721 -0.913934 0.405761 -0.009075
-0.210522 -0.108948 -1.627764 -0.913002 0.407937 -0.003885
-0.208882 -0.105523 -1.627595 -0.912475 0.409130 0.001291
-0.208752 -0.105276 -1.628719 -0.913437 0.406977 -0.001292
-0.209093 -0.105994 -1.629515 -0.913431 0.406974 -0.003876
-0.209256 -0.106359 -1.628034 -0.912475 0.409130 -0.001291
-0.208740 -0.105221 -1.629178 -0.913431 0.406974 -0.003876
-0.208605 -0.104935 -1.628825 -0.913437 0.406977 -0.001292
-0.208663 -0.104999 -1.630066 -0.913431 0.406974 -0.003876
-0.209312 -0.106480 -1.632077 -0.914870 0.403581 -0.011679
-0.209514 -0.106540 -1.627528 -0.912475 0.409130 -0.001291
-0.210098 -0.106524 -1.627079 -0.912475 0.409130 0.001291
-0.212171 -0.106717 -1.626921 -0.912475 0.409130 0.001291
-0.212645 -0.106787 -1.626880 -0.912475 0.409130 0.001291
-0.210163 -0.108209 -1.628174 -0.913002 0.407937 -0.003885
-0.209448 -0.106721 -1.629520 -0.913953 0.405769 -0.006482
-0.209328 -0.106487 -1.629936 -0.913953 0.405769 -0.006482
-0.210012 -0.107910 -1.628495 -0.913002 0.407937 -0.003885
-0.210166 -0.108238 -1.628422 -0.913002 0.407937 -0.003885
-0.209530 -0.106905 -1.629896 -0.913953 0.405769 -0.006482
-0.209740 -0.107356 -1.629686 -0.913953 0.405769 -0.006482
-0.209621 -0.107114 -1.630321 -0.913934 0.405761 -0.009075
-0.211864 -0.111732 -1.627825 -0.913934 0.405761 -0.009075
-0.211773 -0.111552 -1.629108 -0.914445 0.404541 -0.011707
-0.212042 -0.112184 -1.629860 -0.914414 0.404527 -0.014308
-0.210482 -0.108937 -1.629523 -0.913934 0.405761 -0.009075
-0.210295 -0.108517 -1.628485 -0.912990 0.407932 -0.006475
-0.210821 -0.109628 -1.629390 -0.913934 0.405761 -0.009075
-0.211000 -0.109970 -1.629037 -0.913934 0.405761 -0.009075
-0.211487 -0.110991 -1.629665 -0.914445 0.404541 -0.011707
-0.211642 -0.111325 -1.631374 -0.915337 0.402332 -0.016927
-0.211295 -0.110616 -1.630638 -0.914414 0.404527 -0.014308
-0.209460 -0.106849 -1.631802 -0.914870 0.403581 -0.011679
-0.210991 -0.110006 -1.630127 -0.914870 0.403581 -0.011679
-0.209992 -0.107971 -1.630825 -0.914894 0.403592 -0.009084
-0.209941 -0.107996 -1.631963 -0.914445 0.404541 -0.011707
-0.209774 -0.107683 -1.633269 -0.915375 0.402348 -0.014323
-0.210876 -0.109773 -1.631252 -0.914414 0.404527 -0.014308
-0.210839 -0.109676 -1.631976 -0.915375 0.402348 -0.014323
-0.211219 -0.110432 -1.632191 -0.915337 0.402332 -0.016927
-0.210909 -0.109836 -1.633447 -0.916251 0.400127 -0.019550
-0.210962 -0.109950 -1.633573 -0.916251 0.400127 -0.019550
-0.210107 -0.108330 -1.633320 -0.915337 0.402332 -0.016927
-0.209975 -0.108094 -1.633611 -0.915337 0.402332 -0.016927
-0.213476 -0.111553 -1.625491 -0.912042 0.410095 -0.001294
-0.213051 -0.110693 -1.625778 -0.912475 0.409130 -0.001291
-0.212703 -0.109552 -1.626237 -0.912475 0.409130 -0.001291
-0.213179 -0.109562 -1.626471 -0.912475 0.409130 -0.001291
-0.213623 -0.109810 -1.626537 -0.912475 0.409130 -0.001291
-0.213661 -0.108912 -1.626718 -0.912475 0.409130 -0.001291
-0.214608 -0.109069 -1.626746 -0.912475 0.409130 -0.001291
-0.215462 -0.109286 -1.626706 -0.912475 0.409130 -0.001291
-0.215236 -0.110945 -1.626491 -0.913002 0.407937 -0.003885
-0.214229 -0.110228 -1.626531 -0.913002 0.407937 -0.003885
-0.215686 -0.110583 -1.626585 -0.913002 0.407937 -0.003885
-0.215834 -0.110310 -1.626607 -0.913002 0.407937 -0.003885
-0.216726 -0.111882 -1.626527 -0.913002 0.407937 -0.003885
-0.217811 -0.111927 -1.626656 -0.912990 0.407932 -0.006475
-0.217738 -0.112367 -1.626613 -0.912990 0.407932 -0.006475
-0.218289 -0.111256 -1.626678 -0.913002 0.407937 -0.003885
-0.218786 -0.111198 -1.626697 -0.913002 0.407937 -0.003885
-0.219031 -0.111758 -1.626770 -0.912990 0.407932 -0.006475
-0.219195 -0.112219 -1.626831 -0.912990 0.407932 -0.006475
-0.216572 -0.109949 -1.626665 -0.913002 0.407937 -0.003885
-0.217004 -0.109519 -1.626634 -0.912475 0.409130 -0.001291
-0.218071 -0.109109 -1.626577 -0.912475 0.409130 -0.001291
-0.219166 -0.110347 -1.626766 -0.913002 0.407937 -0.003885
-0.212649 -0.107736 -1.626731 -0.912475 0.409130 -0.001291
-0.213858 -0.107136 -1.626785 -0.912475 0.409130 0.001291
-0.214254 -0.106539 -1.626816 -0.912475 0.409130 0.001291
-0.213706 -0.108022 -1.626740 -0.912475 0.409130 -0.001291
-0.215012 -0.107637 -1.626760 -0.912475 0.409130 -0.001291
-0.215149 -0.107471 -1.626729 -0.912475 0.409130 0.001291
-0.215369 -0.106538 -1.626614 -0.912042 0.410095 0.001294
-0.215978 -0.107397 -1.626569 -0.912475 0.409130 0.001291
-0.213403 -0.105764 -1.626902 -0.912042 0.410095 0.001294
-0.215504 -0.106188 -1.626636 -0.912042 0.410095 0.001294
-0.216605 -0.107014 -1.626475 -0.912042 0.410095 0.001294
-0.216615 -0.107504 -1.626552 -0.912475 0.409130 0.001291
-0.217189 -0.107882 -1.626595 -0.912475 0.409130 -0.001291
-0.218312 -0.107825 -1.626725 -0.912475 0.409130 -0.001291
-0.217688 -0.106026 -1.626519 -0.912042 0.410095 0.001294
-0.218221 -0.106299 -1.626945 -0.912475 0.409130 0.001291
-0.218675 -0.107100 -1.627196 -0.912475 0.409130 -0.001291
-0.218407 -0.106508 -1.627162 -0.912475 0.409130 0.001291
-0.218597 -0.106775 -1.627308 -0.912475 0.409130 -0.001291
-0.218486 -0.105796 -1.627491 -0.912475 0.409130 0.001291
-0.218525 -0.105705 -1.627808 -0.912475 0.409130 -0.001291
-0.219269 -0.109648 -1.626943 -0.913002 0.407937 -0.003885
-0.219757 -0.109383 -1.627507 -0.913002 0.407937 -0.003885
-0.219323 -0.107946 -1.627735 -0.913431 0.406974 -0.003876
-0.219348 -0.107644 -1.628178 -0.913431 0.406974 -0.003876
-0.218644 -0.105940 -1.628471 -0.913437 0.406977 -0.001292
-0.219877 -0.108470 -1.628394 -0.913002 0.407937 -0.003885
-0.219542 -0.107695 -1.628652 -0.913002 0.407937 -0.003885
-0.218687 -0.106102 -1.629263 -0.913431 0.406974 -0.003876
-0.219163 -0.107063 -1.629477 -0.913953 0.405769 -0.006482
-0.219234 -0.107252 -1.629718 -0.913953 0.405769 -0.006482
-0.219747 -0.108155 -1.629500 -0.913953 0.405769 -0.006482
-0.220296 -0.109717 -1.630136 -0.914870 0.403581 -0.011679
-0.220376 -0.109775 -1.629889 -0.914894 0.403592 -0.009084
-0.219684 -0.108650 -1.631513 -0.914445 0.404541 -0.011707
-0.220041 -0.109617 -1.632155 -0.915375 0.402348 -0.014323
-0.220117 -0.109643 -1.631468 -0.915375 0.402348 -0.014323
-0.220448 -0.110177 -1.630417 -0.914445 0.404541 -0.011707
-0.220100 -0.109372 -1.630424 -0.914870 0.403581 -0.011679
-0.220378 -0.110029 -1.630488 -0.914445 0.404541 -0.011707
-0.220123 -0.110171 -1.633794 -0.915831 0.401085 -0.019597
-0.218252 -0.119908 -1.624575 -0.913481 0.406713 -0.011695
-0.219499 -0.120457 -1.624737 -0.913481 0.406713 -0.011695
-0.219807 -0.119970 -1.624788 -0.913481 0.406713 -0.011695
-0.219596 -0.118623 -1.624796 -0.913506 0.406724 -0.009096
-0.220000 -0.119387 -1.624752 -0.913481 0.406713 -0.011695
-0.218691 -0.117873 -1.624939 -0.913506 0.406724 -0.009096
-0.218802 -0.118967 -1.624743 -0.913506 0.406724 -0.009096
-0.220468 -0.118635 -1.624744 -0.913506 0.406724 -0.009096
-0.221649 -0.119009 -1.624981 -0.913481 0.406713 -0.011695
-0.222130 -0.119034 -1.625121 -0.913481 0.406713 -0.011695
-0.221224 -0.117757 -1.625275 -0.913506 0.406724 -0.009096
-0.221267 -0.121676 -1.625132 -0.913986 0.405492 -0.014342
-0.221044 -0.120628 -1.624965 -0.913049 0.407681 -0.011722
-0.222205 -0.119638 -1.625087 -0.913481 0.406713 -0.011695
-0.222722 -0.120991 -1.625304 -0.913986 0.405492 -0.014342
-0.223013 -0.121730 -1.625520 -0.913949 0.405475 -0.016949
-0.224080 -0.121210 -1.625696 -0.913986 0.405492 -0.014342
-0.224054 -0.120301 -1.625456 -0.913986 0.405492 -0.014342
-0.222968 -0.118972 -1.625363 -0.913481 0.406713 -0.011695
-0.223587 -0.119926 -1.625400 -0.914414 0.404527 -0.014308
-0.222655 -0.118130 -1.625780 -0.913481 0.406713 -0.011695
-0.223046 -0.118158 -1.625956 -0.913481 0.406713 -0.011695
-0.220726 -0.116904 -1.625853 -0.913506 0.406724 -0.009096
-0.219088 -0.116199 -1.625941 -0.913506 0.406724 -0.009096
-0.219452 -0.116382 -1.625929 -0.913506 0.406724 -0.009096
-0.220859 -0.116502 -1.626184 -0.913481 0.406713 -0.011695
-0.222034 -0.117092 -1.626258 -0.913481 0.406713 -0.011695
-0.220971 -0.115868 -1.626556 -0.913481 0.406713 -0.011695
-0.219745 -0.115104 -1.626749 -0.913506 0.406724 -0.009096
-0.220231 -0.114916 -1.626877 -0.913506 0.406724 -0.009096
-0.220457 -0.113917 -1.627030 -0.913506 0.406724 -0.009096
-0.221678 -0.115817 -1.626733 -0.913481 0.406713 -0.011695
-0.222675 -0.115504 -1.628140 -0.914414 0.404527 -0.014308
-0.222732 -0.116847 -1.626908 -0.914445 0.404541 -0.011707
-0.223230 -0.117283 -1.627481 -0.914414 0.404527 -0.014308
-0.223451 -0.117859 -1.627992 -0.914914 0.403293 -0.016967
-0.219878 -0.112102 -1.626997 -0.912990 0.407932 -0.006475
-0.220036 -0.111709 -1.627104 -0.912990 0.407932 -0.006475
-0.220152 -0.111191 -1.627295 -0.912990 0.407932 -0.006475
-0.220278 -0.111025 -1.627509 -0.912990 0.407932 -0.006475
-0.220145 -0.113301 -1.626991 -0.913934 0.405761 -0.009075
-0.220378 -0.112196 -1.627207 -0.913953 0.405769 -0.006482
-0.221458 -0.113027 -1.627780 -0.913506 0.406724 -0.009096
-0.221862 -0.113187 -1.628378 -0.914445 0.404541 -0.011707
-0.220672 -0.110881 -1.628408 -0.913934 0.405761 -0.009075
-0.220984 -0.111617 -1.628404 -0.913934 0.405761 -0.009075
-0.220782 -0.111031 -1.629196 -0.913934 0.405761 -0.009075
-0.221073 -0.111557 -1.629246 -0.914445 0.404541 -0.011707
-0.222152 -0.114363 -1.627804 -0.914445 0.404541 -0.011707
-0.222106 -0.113708 -1.628535 -0.914445 0.404541 -0.011707
-0.222266 -0.114082 -1.628800 -0.914414 0.404527 -0.014308
-0.222596 -0.114954 -1.628800 -0.914414 0.404527 -0.014308
-0.221918 -0.113139 -1.628857 -0.914445 0.404541 -0.011707
-0.220622 -0.110593 -1.629104 -0.913934 0.405761 -0.009075
-0.220502 -0.110100 -1.629915 -0.914870 0.403581 -0.011679
-0.206957 -0.096519 -1.628068 -0.910660 0.412989 0.011725
-0.207508 -0.097151 -1.627768 -0.910660 0.412989 0.011725
-0.208338 -0.097127 -1.627666 -0.910660 0.412989 0.011725
-0.207952 -0.096498 -1.627967 -0.910660 0.412989 0.011725
-0.209375 -0.095914 -1.627977 -0.911639 0.410824 0.011738
-0.209629 -0.096373 -1.627802 -0.910660 0.412989 0.011725
-0.211161 -0.095763 -1.627743 -0.910214 0.413971 0.011753
-0.212344 -0.096456 -1.627424 -0.910660 0.412989 0.011725
-0.213454 -0.096290 -1.627383 -0.910183 0.413957 0.014364
-0.208045 -0.102589 -1.626548 -0.911147 0.412031 0.006499
-0.207728 -0.102539 -1.626807 -0.911587 0.411057 0.006484
-0.208643 -0.102441 -1.626371 -0.911147 0.412031 0.006499
-0.208494 -0.101682 -1.626466 -0.911128 0.412022 0.009098
-0.207666 -0.100455 -1.626674 -0.911128 0.412022 0.009098
-0.206821 -0.101044 -1.627264 -0.911147 0.412031 0.006499
-0.208367 -0.100659 -1.626681 -0.911128 0.412022 0.009098
-0.208701 -0.100948 -1.626621 -0.911128 0.412022 0.009098
-0.208200 -0.100149 -1.626788 -0.911128 0.412022 0.009098
-0.209687 -0.100622 -1.626820 -0.911128 0.412022 0.009098
-0.209306 -0.101087 -1.626647 -0.911128 0.412022 0.009098
-0.207306 -0.102281 -1.628032 -0.912036 0.410093 0.003881
-0.207965 -0.103670 -1.627638 -0.912036 0.410093 0.003881
-0.206667 -0.100914 -1.628102 -0.911587 0.411057 0.006484
-0.207059 -0.101733 -1.627941 -0.911599 0.411062 0.003890
-0.206993 -0.101585 -1.628111 -0.912036 0.410093 0.003881
-0.207034 -0.101721 -1.629556 -0.912475 0.409130 0.001291
-0.207349 -0.102421 -1.629569 -0.912475 0.409130 0.001291
-0.206531 -0.100621 -1.631257 -0.913437 0.406977 -0.001292
-0.206899 -0.101466 -1.630898 -0.913437 0.406977 -0.001292
-0.206794 -0.101210 -1.630665 -0.913437 0.406977 -0.001292
-0.209553 -0.103060 -1.626330 -0.911587 0.411057 0.006484
-0.210186 -0.102922 -1.626453 -0.911587 0.411057 0.006484
-0.209550 -0.101975 -1.626446 -0.911128 0.412022 0.009098
-0.210187 -0.101452 -1.626658 -0.911128 0.412022 0.009098
-0.212242 -0.101664 -1.626559 -0.911128 0.412022 0.009098
-0.209956 -0.100702 -1.626816 -0.911128 0.412022 0.009098
-0.210362 -0.100417 -1.626844 -0.911128 0.412022 0.009098
-0.210638 -0.099166 -1.626945 -0.910660 0.412989 0.011725
-0.211200 -0.099645 -1.626776 -0.910685 0.413000 0.009120
-0.211149 -0.101482 -1.626627 -0.911128 0.412022 0.009098
-0.211356 -0.100979 -1.626547 -0.911128 0.412022 0.009098
-0.212760 -0.100330 -1.626603 -0.911128 0.412022 0.009098
-0.213353 -0.100451 -1.626760 -0.911128 0.412022 0.009098
-0.210581 -0.102875 -1.626558 -0.911587 0.411057 0.006484
-0.211184 -0.102844 -1.626709 -0.911587 0.411057 0.006484
-0.211099 -0.103544 -1.626690 -0.911587 0.411057 0.006484
-0.212098 -0.103249 -1.626894 -0.911587 0.411057 0.006484
-0.211261 -0.102198 -1.626684 -0.911147 0.412031 0.006499
-0.212231 -0.102816 -1.626853 -0.911587 0.411057 0.006484
-0.212735 -0.102059 -1.626710 -0.911147 0.412031 0.006499
-0.206392 -0.098403 -1.627209 -0.910660 0.412989 0.011725
-0.207071 -0.098263 -1.627265 -0.910660 0.412989 0.011725
-0.208702 -0.098559 -1.627260 -0.910660 0.412989 0.011725
-0.209341 -0.098080 -1.627298 -0.910660 0.412989 0.011725
-0.208267 -0.098263 -1.627370 -0.910660 0.412989 0.011725
-0.208106 -0.097523 -1.627592 -0.910660 0.412989 0.011725
-0.209866 -0.097628 -1.627359 -0.910660 0.412989 0.011725
-0.211337 -0.098631 -1.626934 -0.910660 0.412989 0.011725
-0.211696 -0.098758 -1.626877 -0.910660 0.412989 0.011725
-0.213232 -0.098879 -1.626936 -0.910660 0.412989 0.011725
-0.213353 -0.099621 -1.626792 -0.910685 0.413000 0.009120
-0.212818 -0.097930 -1.627121 -0.910660 0.412989 0.011725
-0.210890 -0.097701 -1.627284 -0.910660 0.412989 0.011725
-0.211578 -0.097098 -1.627429 -0.910660 0.412989 0.011725
-0.211839 -0.098191 -1.627039 -0.910660 0.412989 0.011725
-0.213466 -0.101743 -1.626778 -0.911147 0.412031 0.006499
-0.212985 -0.101187 -1.626615 -0.911128 0.412022 0.009098
-0.214030 -0.103531 -1.626934 -0.911599 0.411062 0.003890
-0.214825 -0.102792 -1.626858 -0.911587 0.411057 0.006484
-0.215312 -0.103094 -1.626797 -0.911587 0.411057 0.006484
-0.215520 -0.102822 -1.626798 -0.911587 0.411057 0.006484
-0.213335 -0.103694 -1.626969 -0.911599 0.411062 0.003890
-0.215413 -0.104282 -1.626788 -0.912036 0.410093 0.003881
-0.213914 -0.102261 -1.626933 -0.911587 0.411057 0.006484
-0.214994 -0.102082 -1.626975 -0.911587 0.411057 0.006484
-0.215481 -0.102350 -1.626898 -0.911587 0.411057 0.006484
-0.214646 -0.101302 -1.627115 -0.911147 0.412031 0.006499
-0.216736 -0.101801 -1.627413 -0.911587 0.411057 0.006484
-0.216838 -0.101749 -1.628378 -0.912036 0.410093 0.003881
-0.217103 -0.104528 -1.626405 -0.911599 0.411062 0.003890
-0.217860 -0.104224 -1.627221 -0.912036 0.410093 0.003881
-0.216993 -0.102135 -1.627493 -0.911587 0.411057 0.006484
-0.217245 -0.102723 -1.627896 -0.912036 0.410093 0.003881
-0.213645 -0.098394 -1.627175 -0.910660 0.412989 0.011725
-0.214291 -0.098386 -1.627244 -0.910660 0.412989 0.011725
-0.214885 -0.098845 -1.627123 -0.910660 0.412989 0.011725
-0.215018 -0.100260 -1.627213 -0.911128 0.412022 0.009098
-0.215258 -0.099428 -1.627125 -0.911128 0.412022 0.009098
-0.214434 -0.097969 -1.627294 -0.910660 0.412989 0.011725
-0.216167 -0.100568 -1.629346 -0.912036 0.410093 0.003881
-0.216238 -0.099943 -1.629174 -0.912036 0.410093 0.003881
-0.214859 -0.097513 -1.629415 -0.912557 0.408898 0.006490
-0.214930 -0.097316 -1.628890 -0.912103 0.409861 0.009108
-0.215585 -0.098928 -1.629517 -0.913002 0.407937 0.003885
-0.215999 -0.099715 -1.629429 -0.912036 0.410093 0.003881
-0.208142 -0.095574 -1.628332 -0.911639 0.410824 0.011738
-0.208398 -0.096048 -1.628072 -0.911639 0.410824 0.011738
-0.208384 -0.094592 -1.628704 -0.911639 0.410824 0.011738
-0.207117 -0.094450 -1.628768 -0.911639 0.410824 0.011738
-0.207604 -0.094371 -1.628809 -0.911639 0.410824 0.011738
-0.209536 -0.095165 -1.628211 -0.911639 0.410824 0.011738
-0.210379 -0.095979 -1.627874 -0.910660 0.412989 0.011725
-0.207190 -0.093590 -1.628878 -0.911608 0.410810 0.014346
-0.207648 -0.093138 -1.628939 -0.911166 0.411789 0.014380
-0.208243 -0.093041 -1.628959 -0.911166 0.411789 0.014380
-0.208787 -0.093212 -1.628868 -0.911166 0.411789 0.014380
-0.209372 -0.092702 -1.628873 -0.911166 0.411789 0.014380
-0.210237 -0.092253 -1.628876 -0.911166 0.411789 0.014380
-0.209488 -0.093540 -1.628697 -0.911166 0.411789 0.014380
-0.209800 -0.093146 -1.628764 -0.911166 0.411789 0.014380
-0.211077 -0.093402 -1.628782 -0.911166 0.411789 0.014380
-0.211169 -0.095478 -1.627818 -0.911166 0.411789 0.014380
-0.210831 -0.095327 -1.627987 -0.911639 0.410824 0.011738
-0.211517 -0.094825 -1.627945 -0.911166 0.411789 0.014380
-0.212563 -0.094981 -1.627620 -0.911166 0.411789 0.014380
-0.212375 -0.092990 -1.628382 -0.911166 0.411789 0.014380
-0.211647 -0.093305 -1.628748 -0.911166 0.411789 0.014380
-0.211180 -0.093312 -1.628806 -0.911166 0.411789 0.014380
-0.211569 -0.092484 -1.628990 -0.911166 0.411789 0.014380
-0.208284 -0.090258 -1.629011 -0.910683 0.412755 0.017034
-0.208149 -0.088892 -1.628719 -0.910190 0.413723 0.019701
-0.209370 -0.089857 -1.629320 -0.910683 0.412755 0.017034
-0.209484 -0.088984 -1.629193 -0.910639 0.412736 0.019654
-0.207972 -0.091215 -1.629000 -0.911128 0.411772 0.016994
-0.208485 -0.090741 -1.629070 -0.910683 0.412755 0.017034
-0.209008 -0.091147 -1.629207 -0.911166 0.411789 0.014380
-0.209098 -0.090024 -1.629246 -0.910683 0.412755 0.017034
-0.209691 -0.091845 -1.629025 -0.911166 0.411789 0.014380
-0.209274 -0.091417 -1.629197 -0.911166 0.411789 0.014380
-0.210725 -0.091020 -1.629381 -0.911166 0.411789 0.014380
-0.210979 -0.090878 -1.629392 -0.911166 0.411789 0.014380
-0.210471 -0.089779 -1.629434 -0.910683 0.412755 0.017034
-0.211298 -0.091385 -1.629233 -0.911166 0.411789 0.014380
-0.214210 -0.095907 -1.630754 -0.912557 0.408898 0.006490
-0.214165 -0.096195 -1.631216 -0.913002 0.407937 0.003885
-0.213606 -0.094255 -1.631325 -0.912557 0.408898 0.006490
-0.213604 -0.094767 -1.632309 -0.913002 0.407937 0.003885
-0.211570 -0.090093 -1.632357 -0.912103 0.409861 0.009108
-0.211629 -0.091097 -1.632849 -0.912557 0.408898 0.006490
-0.212614 -0.092387 -1.631011 -0.912103 0.409861 0.009108
-0.212354 -0.092088 -1.631344 -0.912103 0.409861 0.009108
-0.213127 -0.093392 -1.631181 -0.912538 0.408890 0.009086
-0.212140 -0.091978 -1.632012 -0.912538 0.408890 0.009086
-0.212759 -0.093009 -1.631871 -0.912557 0.408898 0.006490
-0.212335 -0.092538 -1.632694 -0.912990 0.407932 0.006475
-0.212702 -0.093062 -1.633427 -0.913431 0.406974 0.003876
-0.211861 -0.091721 -1.632651 -0.912557 0.408898 0.006490
-0.212025 -0.092055 -1.632839 -0.912990 0.407932 0.006475
-0.211685 -0.091218 -1.634002 -0.913002 0.407937 0.003885
-0.214780 -0.097569 -1.629834 -0.912557 0.408898 0.006490
-0.214583 -0.097183 -1.630269 -0.912990 0.407932 0.006475
-0.208101 -0.103888 -1.629021 -0.912475 0.409130 -0.001291
-0.207740 -0.103173 -1.629082 -0.912475 0.409130 0.001291
-0.207559 -0.102853 -1.629353 -0.912475 0.409130 0.001291
-0.207647 -0.103054 -1.629787 -0.913437 0.406977 -0.001292
-0.207382 -0.102558 -1.630466 -0.913437 0.406977 -0.001292
-0.207603 -0.102972 -1.631634 -0.914378 0.404810 -0.006467
-0.207888 -0.103561 -1.630946 -0.914390 0.404815 -0.003880
-0.208247 -0.104191 -1.630028 -0.913431 0.406974 -0.003876
-0.208363 -0.104583 -1.632144 -0.914894 0.403592 -0.009084
-0.208533 -0.104891 -1.631829 -0.913934 0.405761 -0.009075
-0.208378 -0.104469 -1.630589 -0.914390 0.404815 -0.003880
-0.208719 -0.105299 -1.632244 -0.914894 0.403592 -0.009084
-0.208757 -0.105281 -1.631216 -0.913953 0.405769 -0.006482
-0.208748 -0.105277 -1.631372 -0.913934 0.405761 -0.009075
-0.207745 -0.103302 -1.631822 -0.914378 0.404810 -0.006467
-0.207205 -0.102106 -1.632697 -0.914378 0.404810 -0.006467
-0.206795 -0.101147 -1.631753 -0.913431 0.406974 -0.003876
-0.206755 -0.101089 -1.633216 -0.914378 0.404810 -0.006467
-0.206947 -0.101513 -1.633914 -0.914894 0.403592 -0.009084
-0.207055 -0.101775 -1.633996 -0.914894 0.403592 -0.009084
-0.207144 -0.101953 -1.632536 -0.914378 0.404810 -0.006467
-0.207597 -0.102994 -1.633225 -0.914894 0.403592 -0.009084
-0.208609 -0.105113 -1.632682 -0.914870 0.403581 -0.011679
-0.209005 -0.106080 -1.634293 -0.915337 0.402332 -0.016927
-0.208472 -0.104898 -1.633811 -0.915795 0.401391 -0.014289
-0.208034 -0.103972 -1.633995 -0.915826 0.401405 -0.011691
-0.208802 -0.105618 -1.633961 -0.915375 0.402348 -0.014323
-0.209446 -0.106947 -1.633517 -0.915375 0.402348 -0.014323
-0.209363 -0.106669 -1.632801 -0.915795 0.401391 -0.014289
-0.209176 -0.106258 -1.632676 -0.914870 0.403581 -0.011679
-0.208917 -0.105785 -1.633130 -0.915826 0.401405 -0.011691
-0.208354 -0.104639 -1.635092 -0.915337 0.402332 -0.016927
-0.208738 -0.105478 -1.635216 -0.916295 0.400146 -0.016944
-0.207707 -0.103250 -1.634083 -0.914870 0.403581 -0.011679
-0.208662 -0.105233 -1.637309 -0.917155 0.397912 -0.022179
-0.208633 -0.105195 -1.636646 -0.917205 0.397934 -0.019571
-0.208090 -0.104039 -1.635578 -0.916295 0.400146 -0.016944
-0.208780 -0.105542 -1.636007 -0.916251 0.400127 -0.019550
-0.208184 -0.104209 -1.636138 -0.916295 0.400146 -0.016944
-0.207550 -0.102822 -1.634732 -0.915826 0.401405 -0.011691
-0.207343 -0.102454 -1.633769 -0.914894 0.403592 -0.009084
-0.207368 -0.102371 -1.635828 -0.915795 0.401391 -0.014289
-0.207037 -0.101679 -1.635633 -0.915795 0.401391 -0.014289
-0.207256 -0.102143 -1.635610 -0.915795 0.401391 -0.014289
-0.216952 -0.102439 -1.629218 -0.912475 0.409130 0.001291
-0.218243 -0.104730 -1.627303 -0.912042 0.410095 0.001294
-0.218354 -0.104967 -1.628168 -0.912475 0.409130 0.001291
-0.218505 -0.105377 -1.628313 -0.912475 0.409130 -0.001291
-0.217710 -0.103923 -1.628025 -0.912475 0.409130 0.001291
-0.217699 -0.104061 -1.628618 -0.912475 0.409130 0.001291
-0.218079 -0.104643 -1.628638 -0.912475 0.409130 -0.001291
-0.217380 -0.103072 -1.628036 -0.912036 0.410093 0.003881
-0.217545 -0.103892 -1.628902 -0.912475 0.409130 -0.001291
-0.217140 -0.103123 -1.629734 -0.913437 0.406977 -0.001292
-0.216352 -0.101431 -1.629632 -0.912475 0.409130 0.001291
-0.215937 -0.100883 -1.630364 -0.912475 0.409130 0.001291
-0.216509 -0.102103 -1.630987 -0.913431 0.406974 -0.003876
-0.216678 -0.102532 -1.631447 -0.914390 0.404815 -0.003880
-0.216158 -0.101432 -1.631178 -0.913437 0.406977 -0.001292
-0.215996 -0.101080 -1.631084 -0.913437 0.406977 -0.001292
-0.215378 -0.099192 -1.630282 -0.913431 0.406974 0.003876
-0.215777 -0.100526 -1.630326 -0.913437 0.406977 0.001292
-0.215048 -0.098534 -1.630502 -0.913002 0.407937 0.003885
-0.215581 -0.100147 -1.631158 -0.913437 0.406977 -0.001292
-0.215375 -0.099694 -1.631888 -0.913437 0.406977 -0.001292
-0.216339 -0.101797 -1.632179 -0.914378 0.404810 -0.006467
-0.216242 -0.101615 -1.631756 -0.914390 0.404815 -0.003880
-0.216038 -0.100510 -1.634535 -0.914894 0.403592 -0.009084
-0.215452 -0.099564 -1.633275 -0.914390 0.404815 -0.003880
-0.215733 -0.099963 -1.634145 -0.915334 0.402643 -0.006473
-0.215629 -0.100069 -1.632611 -0.914390 0.404815 -0.003880
-0.216313 -0.101489 -1.633791 -0.914894 0.403592 -0.009084
-0.215943 -0.100864 -1.632373 -0.914390 0.404815 -0.003880
-0.217443 -0.104081 -1.631645 -0.913953 0.405769 -0.006482
-0.217212 -0.103572 -1.631368 -0.914378 0.404810 -0.006467
-0.218631 -0.106310 -1.632111 -0.914870 0.403581 -0.011679
-0.218379 -0.105796 -1.631407 -0.913934 0.405761 -0.009075
-0.218642 -0.106185 -1.631014 -0.913934 0.405761 -0.009075
-0.219097 -0.107111 -1.630830 -0.913934 0.405761 -0.009075
-0.219051 -0.106991 -1.630392 -0.913934 0.405761 -0.009075
-0.218193 -0.105293 -1.630135 -0.914390 0.404815 -0.003880
-0.218335 -0.105453 -1.629525 -0.913431 0.406974 -0.003876
-0.217955 -0.105132 -1.631811 -0.914894 0.403592 -0.009084
-0.217658 -0.104363 -1.630591 -0.914390 0.404815 -0.003880
-0.217362 -0.103714 -1.630296 -0.913431 0.406974 -0.003876
-0.217529 -0.103935 -1.629310 -0.913437 0.406977 -0.001292
-0.219401 -0.108060 -1.632346 -0.915375 0.402348 -0.014323
-0.219838 -0.109373 -1.633473 -0.916295 0.400146 -0.016944
-0.219261 -0.107688 -1.632354 -0.915375 0.402348 -0.014323
-0.219800 -0.109277 -1.633514 -0.916295 0.400146 -0.016944
-0.218334 -0.105689 -1.632713 -0.914870 0.403581 -0.011679
-0.218434 -0.105926 -1.632398 -0.914870 0.403581 -0.011679
-0.218040 -0.105173 -1.632758 -0.914870 0.403581 -0.011679
-0.218073 -0.105026 -1.633908 -0.915795 0.401391 -0.014289
-0.217618 -0.104464 -1.632036 -0.913934 0.405761 -0.009075
-0.217699 -0.104633 -1.632001 -0.913934 0.405761 -0.009075
-0.217020 -0.103242 -1.631957 -0.914378 0.404810 -0.006467
-0.217082 -0.103224 -1.633537 -0.914894 0.403592 -0.009084
-0.217853 -0.104924 -1.632275 -0.914894 0.403592 -0.009084
-0.216787 -0.102668 -1.633091 -0.914894 0.403592 -0.009084
-0.217643 -0.104289 -1.634309 -0.915795 0.401391 -0.014289
-0.217293 -0.103569 -1.634374 -0.915826 0.401405 -0.011691
-0.216469 -0.101448 -1.634925 -0.914870 0.403581 -0.011679
-0.217137 -0.103219 -1.634606 -0.915826 0.401405 -0.011691
-0.217008 -0.102890 -1.634639 -0.915826 0.401405 -0.011691
-0.216674 -0.101990 -1.637421 -0.916295 0.400146 -0.016944
-0.216820 -0.102318 -1.636698 -0.916295 0.400146 -0.016944
-0.216914 -0.102491 -1.635166 -0.915795 0.401391 -0.014289
-0.216862 -0.102398 -1.636126 -0.915795 0.401391 -0.014289
-0.217102 -0.102964 -1.635812 -0.915795 0.401391 -0.014289
-0.214596 -0.097658 -1.632804 -0.913864 0.406019 -0.001289
-0.214470 -0.097261 -1.631880 -0.913437 0.406977 0.001292
-0.214465 -0.097254 -1.632599 -0.913864 0.406019 -0.001289
-0.214007 -0.095772 -1.632561 -0.913437 0.406977 0.001292
-0.214234 -0.096505 -1.631957 -0.913437 0.406977 0.001292
-0.214174 -0.096322 -1.633214 -0.913864 0.406019 -0.001289
-0.214135 -0.096197 -1.633341 -0.913864 0.406019 -0.001289
-0.214461 -0.097150 -1.635597 -0.915334 0.402643 -0.006473
-0.214507 -0.097343 -1.634732 -0.914378 0.404810 -0.006467
-0.213638 -0.094858 -1.633314 -0.913437 0.406977 0.001292
-0.213128 -0.093716 -1.633359 -0.913431 0.406974 0.003876
-0.214039 -0.096005 -1.633736 -0.913864 0.406019 -0.001289
-0.214304 -0.096777 -1.633904 -0.914813 0.403860 -0.003871
-0.212584 -0.092832 -1.634416 -0.913864 0.406019 0.001289
-0.212782 -0.093253 -1.635827 -0.914819 0.403862 -0.001290
-0.212613 -0.092955 -1.635595 -0.914819 0.403862 -0.001290
-0.212242 -0.092233 -1.634720 -0.913864 0.406019 0.001289
-0.212418 -0.092679 -1.636128 -0.914819 0.403862 -0.001290
-0.214159 -0.096477 -1.634390 -0.914390 0.404815 -0.003880
-0.213688 -0.095318 -1.635384 -0.914390 0.404815 -0.003880
-0.213964 -0.095965 -1.634551 -0.914813 0.403860 -0.003871
-0.213257 -0.094091 -1.635027 -0.913864 0.406019 -0.001289
-0.214208 -0.096565 -1.635589 -0.915334 0.402643 -0.006473
-0.214194 -0.096607 -1.634898 -0.914390 0.404815 -0.003880
-0.214091 -0.096236 -1.636171 -0.915334 0.402643 -0.006473
-0.213077 -0.093808 -1.635610 -0.914813 0.403860 -0.003871
-0.212680 -0.093203 -1.636619 -0.914813 0.403860 -0.003871
-0.215107 -0.097956 -1.637219 -0.915826 0.401405 -0.011691
-0.214734 -0.097468 -1.636593 -0.915316 0.402635 -0.009063
-0.214953 -0.097933 -1.636337 -0.915316 0.402635 -0.009063
-0.214719 -0.097461 -1.636531 -0.915316 0.402635 -0.009063
-0.215322 -0.098332 -1.637823 -0.915795 0.401391 -0.014289
-0.213748 -0.095409 -1.637107 -0.915316 0.402635 -0.009063
-0.213690 -0.095285 -1.637148 -0.915316 0.402635 -0.009063
-0.213313 -0.094476 -1.636544 -0.915334 0.402643 -0.006473
-0.213502 -0.094914 -1.638109 -0.916268 0.400462 -0.009072
-0.214047 -0.096057 -1.637975 -0.916244 0.400452 -0.011664
-0.213780 -0.095490 -1.638259 -0.916244 0.400452 -0.011664
-0.215033 -0.097932 -1.639058 -0.916712 0.399192 -0.016904
-0.214536 -0.097084 -1.638341 -0.915795 0.401391 -0.014289
-0.214577 -0.097174 -1.639193 -0.916749 0.399208 -0.014304
-0.213757 -0.095443 -1.639868 -0.916749 0.399208 -0.014304
-0.213516 -0.094935 -1.640248 -0.916749 0.399208 -0.014304
-0.214642 -0.097316 -1.640224 -0.917661 0.397002 -0.016921
-0.213630 -0.095175 -1.640625 -0.916712 0.399192 -0.016904
-0.212831 -0.093486 -1.641318 -0.916712 0.399192 -0.016904
-0.213028 -0.093903 -1.641142 -0.916712 0.399192 -0.016904
-0.214668 -0.097771 -1.631198 -0.913437 0.406977 0.001292
-0.214899 -0.098542 -1.632338 -0.913864 0.406019 -0.001289
-0.214685 -0.097818 -1.634246 -0.914390 0.404815 -0.003880
-0.215362 -0.099222 -1.634420 -0.915334 0.402643 -0.006473
-0.214988 -0.098495 -1.634560 -0.914378 0.404810 -0.006467
-0.215397 -0.099302 -1.634303 -0.914378 0.404810 -0.006467
-0.215265 -0.098818 -1.635546 -0.915316 0.402635 -0.009063
-0.215120 -0.098705 -1.634862 -0.915334 0.402643 -0.006473
-0.215366 -0.098658 -1.636583 -0.915826 0.401405 -0.011691
-0.215334 -0.098797 -1.636025 -0.914894 0.403592 -0.009084
-0.216069 -0.100446 -1.636713 -0.915795 0.401391 -0.014289
-0.216123 -0.100582 -1.636038 -0.915826 0.401405 -0.011691
-0.216286 -0.101005 -1.636423 -0.915795 0.401391 -0.014289
-0.216017 -0.100306 -1.635760 -0.915826 0.401405 -0.011691
-0.206936 -0.101508 -1.638217 -0.917205 0.397934 -0.019571
-0.207483 -0.102709 -1.638341 -0.917205 0.397934 -0.019571
-0.207043 -0.101695 -1.637718 -0.916295 0.400146 -0.016944
-0.207221 -0.102185 -1.639456 -0.917155 0.397912 -0.022179
-0.207020 -0.101730 -1.639137 -0.917155 0.397912 -0.022179
-0.206901 -0.101466 -1.639818 -0.918106 0.395713 -0.022202
-0.207304 -0.102447 -1.641158 -0.918526 0.394403 -0.027516
-0.207454 -0.102775 -1.640896 -0.918526 0.394403 -0.027516
-0.207463 -0.102752 -1.640050 -0.917638 0.396639 -0.024872
-0.207808 -0.103547 -1.640287 -0.917575 0.396612 -0.027488
-0.207390 -0.102877 -1.643750 -0.918920 0.393072 -0.032866
-0.207587 -0.103265 -1.643478 -0.918920 0.393072 -0.032866
-0.207560 -0.103156 -1.642713 -0.919328 0.392124 -0.032786
-0.207805 -0.103727 -1.643267 -0.918920 0.393072 -0.032866
-0.205928 -0.099351 -1.638842 -0.916712 0.399192 -0.016904
-0.205926 -0.099376 -1.639735 -0.917205 0.397934 -0.019571
-0.206074 -0.099647 -1.638306 -0.916712 0.399192 -0.016904
-0.205953 -0.099402 -1.638669 -0.916712 0.399192 -0.016904
-0.205997 -0.099499 -1.638820 -0.916712 0.399192 -0.016904
-0.206514 -0.100632 -1.640062 -0.917155 0.397912 -0.022179
-0.206660 -0.101038 -1.641052 -0.918050 0.395688 -0.024812
-0.206346 -0.100303 -1.640450 -0.918106 0.395713 -0.022202
-0.206921 -0.101643 -1.641466 -0.918526 0.394403 -0.027516
-0.207058 -0.102042 -1.642118 -0.918456 0.394373 -0.030135
-0.207252 -0.102460 -1.642190 -0.918456 0.394373 -0.030135
-0.206515 -0.100810 -1.641601 -0.917638 0.396639 -0.024872
-0.206510 -0.100844 -1.642380 -0.918526 0.394403 -0.027516
-0.206214 -0.100146 -1.642104 -0.918526 0.394403 -0.027516
-0.204944 -0.097340 -1.642121 -0.918106 0.395713 -0.022202
-0.205210 -0.097945 -1.642159 -0.918050 0.395688 -0.024812
-0.204888 -0.097307 -1.643006 -0.918050 0.395688 -0.024812
-0.205072 -0.097628 -1.642111 -0.918106 0.395713 -0.022202
-0.205848 -0.099389 -1.642819 -0.918526 0.394403 -0.027516
-0.205720 -0.099120 -1.642824 -0.918934 0.393455 -0.027450
-0.205817 -0.099308 -1.642568 -0.918934 0.393455 -0.027450
-0.205719 -0.099254 -1.644133 -0.919404 0.392157 -0.030166
-0.205959 -0.099661 -1.643388 -0.918526 0.394403 -0.027516
-0.204377 -0.095905 -1.640693 -0.917661 0.397002 -0.016921
-0.204026 -0.095370 -1.644681 -0.918934 0.393455 -0.027450
-0.204012 -0.095347 -1.644829 -0.918934 0.393455 -0.027450
-0.203521 -0.094208 -1.644135 -0.918106 0.395713 -0.022202
-0.203741 -0.094674 -1.644040 -0.918050 0.395688 -0.024812
-0.204478 -0.096377 -1.643616 -0.918050 0.395688 -0.024812
-0.204769 -0.097023 -1.642893 -0.918050 0.395688 -0.024812
-0.204843 -0.097256 -1.643952 -0.918934 0.393455 -0.027450
-0.204814 -0.097190 -1.643973 -0.918934 0.393455 -0.027450
-0.204173 -0.095730 -1.644962 -0.918934 0.393455 -0.027450
-0.204771 -0.096906 -1.641526 -0.917205 0.397934 -0.019571
-0.205093 -0.097621 -1.641530 -0.918106 0.395713 -0.022202
-0.205003 -0.097355 -1.640705 -0.917618 0.396984 -0.019524
-0.206958 -0.101896 -1.642898 -0.919404 0.392157 -0.030166
-0.206531 -0.100936 -1.643234 -0.918456 0.394373 -0.030135
-0.206153 -0.100106 -1.643541 -0.918456 0.394373 -0.030135
-0.206273 -0.100482 -1.644272 -0.919328 0.392124 -0.032786
-0.206956 -0.101928 -1.643962 -0.919328 0.392124 -0.032786
-0.207178 -0.102426 -1.644099 -0.918920 0.393072 -0.032866
-0.207528 -0.103247 -1.645108 -0.919696 0.390772 -0.038156
-0.206444 -0.100870 -1.644376 -0.919328 0.392124 -0.032786
-0.206210 -0.100418 -1.644856 -0.919328 0.392124 -0.032786
-0.206243 -0.100535 -1.645745 -0.919785 0.390810 -0.035528
-0.204589 -0.096685 -1.644959 -0.918526 0.394403 -0.027516
-0.204004 -0.095368 -1.645527 -0.918934 0.393455 -0.027450
-0.204280 -0.096060 -1.646012 -0.919404 0.392157 -0.030166
-0.205424 -0.098269 -1.646395 -0.920272 0.389901 -0.032820
-0.205132 -0.097865 -1.646857 -0.920189 0.389866 -0.035442
-0.204943 -0.097650 -1.647329 -0.920189 0.389866 -0.035442
-0.204478 -0.096593 -1.647742 -0.920189 0.389866 -0.035442
-0.204492 -0.096616 -1.647197 -0.920272 0.389901 -0.032820
-0.205609 -0.099058 -1.644751 -0.919404 0.392157 -0.030166
-0.205272 -0.097968 -1.645063 -0.919404 0.392157 -0.030166
-0.205343 -0.098406 -1.644120 -0.918456 0.394373 -0.030135
-0.205442 -0.098518 -1.644764 -0.919404 0.392157 -0.030166
-0.205713 -0.098978 -1.646812 -0.919785 0.390810 -0.035528
-0.207935 -0.104137 -1.644673 -0.919696 0.390772 -0.038156
-0.207480 -0.103177 -1.645385 -0.919696 0.390772 -0.038156
-0.207596 -0.103462 -1.646146 -0.920544 0.388499 -0.040825
-0.207427 -0.103109 -1.646094 -0.920544 0.388499 -0.040825
-0.207359 -0.103020 -1.646992 -0.920544 0.388499 -0.040825
-0.206092 -0.100219 -1.646097 -0.919785 0.390810 -0.035528
-0.206154 -0.100341 -1.645902 -0.919785 0.390810 -0.035528
-0.206826 -0.101853 -1.645913 -0.919696 0.390772 -0.038156
-0.207041 -0.102397 -1.647677 -0.920982 0.387156 -0.043605
-0.206820 -0.101948 -1.647875 -0.921382 0.386216 -0.043499
-0.206793 -0.101901 -1.648055 -0.920982 0.387156 -0.043605
-0.207764 -0.103895 -1.647300 -0.920982 0.387156 -0.043605
-0.207839 -0.104051 -1.647151 -0.920982 0.387156 -0.043605
-0.208167 -0.104770 -1.647037 -0.920982 0.387156 -0.043605
-0.207840 -0.104122 -1.648235 -0.920873 0.387110 -0.046242
-0.206689 -0.101668 -1.648571 -0.920982 0.387156 -0.043605
-0.205596 -0.099220 -1.649406 -0.921382 0.386216 -0.043499
-0.205624 -0.099281 -1.649860 -0.921382 0.386216 -0.043499
-0.205210 -0.098288 -1.648548 -0.920640 0.388539 -0.038195
-0.205343 -0.098621 -1.649331 -0.921485 0.386259 -0.040867
-0.206097 -0.100216 -1.647355 -0.920640 0.388539 -0.038195
-0.206016 -0.099950 -1.646754 -0.919696 0.390772 -0.038156
-0.205854 -0.099449 -1.647147 -0.919696 0.390772 -0.038156
-0.205990 -0.099940 -1.647602 -0.920640 0.388539 -0.038195
-0.205602 -0.099224 -1.648548 -0.920544 0.388499 -0.040825
-0.205700 -0.099298 -1.648089 -0.920640 0.388539 -0.038195
-0.206502 -0.101336 -1.649770 -0.921813 0.384860 -0.046289
-0.206619 -0.101547 -1.649501 -0.920873 0.387110 -0.046242
-0.205731 -0.099536 -1.650398 -0.921813 0.384860 -0.046289
-0.206317 -0.100948 -1.649249 -0.920982 0.387156 -0.043605
-0.206146 -0.100524 -1.649002 -0.921382 0.386216 -0.043499
-0.207951 -0.104399 -1.648569 -0.921813 0.384860 -0.046289
-0.208031 -0.104698 -1.649460 -0.921298 0.385752 -0.049048
-0.207010 -0.102481 -1.650561 -0.921697 0.384812 -0.048928
-0.206792 -0.101915 -1.649732 -0.921813 0.384860 -0.046289
-0.207006 -0.102464 -1.650492 -0.921697 0.384812 -0.048928
-0.207250 -0.103067 -1.651468 -0.922115 0.383441 -0.051745
-0.207598 -0.103726 -1.650218 -0.922511 0.382504 -0.051618
-0.207479 -0.103557 -1.651432 -0.922115 0.383441 -0.051745
-0.207963 -0.104591 -1.649944 -0.922115 0.383441 -0.051745
-0.207738 -0.104064 -1.650372 -0.922115 0.383441 -0.051745
-0.208320 -0.105401 -1.650790 -0.921985 0.383387 -0.054390
-0.207842 -0.104355 -1.651128 -0.921985 0.383387 -0.054390
-0.206284 -0.100912 -1.651021 -0.921697 0.384812 -0.048928
-0.206158 -0.100661 -1.652223 -0.922511 0.382504 -0.051618
-0.205920 -0.100168 -1.652842 -0.922511 0.382504 -0.051618
-0.205833 -0.099933 -1.652442 -0.922511 0.382504 -0.051618
-0.205948 -0.100183 -1.652276 -0.922511 0.382504 -0.051618
-0.206686 -0.101785 -1.650747 -0.921697 0.384812 -0.048928
-0.206495 -0.101472 -1.652243 -0.922115 0.383441 -0.051745
-0.206596 -0.101726 -1.652879 -0.922921 0.381120 -0.054446
-0.207125 -0.102829 -1.652067 -0.921985 0.383387 -0.054390
-0.208783 -0.106473 -1.651727 -0.922389 0.381999 -0.057233
-0.208638 -0.106223 -1.652521 -0.923181 0.379663 -0.059947
-0.208686 -0.106253 -1.651584 -0.922784 0.381063 -0.057093
-0.208273 -0.105431 -1.652448 -0.922784 0.381063 -0.057093
-0.208658 -0.106313 -1.653085 -0.923181 0.379663 -0.059947
-0.208437 -0.106174 -1.655802 -0.924178 0.375823 -0.068210
-0.208298 -0.105711 -1.654454 -0.923961 0.377318 -0.062664
-0.207932 -0.104893 -1.654822 -0.923961 0.377318 -0.062664
-0.208114 -0.105337 -1.654981 -0.923961 0.377318 -0.062664
-0.208627 -0.106633 -1.656080 -0.924178 0.375823 -0.068210
-0.208846 -0.106914 -1.654501 -0.923804 0.377253 -0.065319
-0.208763 -0.106646 -1.653945 -0.923961 0.377318 -0.062664
-0.207730 -0.104160 -1.651994 -0.922921 0.381120 -0.054446
-0.207958 -0.104763 -1.652772 -0.922784 0.381063 -0.057093
-0.206631 -0.101837 -1.653439 -0.922921 0.381120 -0.054446
-0.207984 -0.104839 -1.652942 -0.922784 0.381063 -0.057093
-0.207735 -0.104368 -1.653691 -0.923181 0.379663 -0.059947
-0.207344 -0.103551 -1.654207 -0.923181 0.379663 -0.059947
-0.207527 -0.104061 -1.654945 -0.923030 0.379601 -0.062601
-0.206895 -0.102496 -1.653915 -0.922784 0.381063 -0.057093
-0.207508 -0.103907 -1.654093 -0.923181 0.379663 -0.059947
-0.206854 -0.102440 -1.654207 -0.923716 0.378790 -0.057151
-0.207825 -0.104644 -1.654641 -0.923030 0.379601 -0.062601
-0.206904 -0.102712 -1.655449 -0.923030 0.379601 -0.062601
-0.206550 -0.101768 -1.654784 -0.923573 0.378731 -0.059800
-0.206656 -0.102129 -1.656180 -0.923961 0.377318 -0.062664
-0.207297 -0.103680 -1.656246 -0.923804 0.377253 -0.065319
-0.207649 -0.104367 -1.655834 -0.923804 0.377253 -0.065319
-0.206660 -0.102209 -1.656920 -0.923804 0.377253 -0.065319
-0.206682 -0.102223 -1.656487 -0.923961 0.377318 -0.062664
-0.206920 -0.102914 -1.657375 -0.924731 0.374963 -0.065385
-0.208968 -0.107352 -1.655641 -0.924178 0.375823 -0.068210
-0.208806 -0.107041 -1.656119 -0.924178 0.375823 -0.068210
-0.209424 -0.108553 -1.656388 -0.924006 0.375753 -0.070872
-0.209254 -0.107968 -1.655385 -0.924178 0.375823 -0.068210
-0.208803 -0.107232 -1.657900 -0.924753 0.373381 -0.073606
-0.208784 -0.107129 -1.657372 -0.924932 0.373453 -0.070943
-0.209097 -0.108062 -1.658562 -0.925104 0.371921 -0.076533
-0.209106 -0.108254 -1.659542 -0.924911 0.371844 -0.079201
-0.208260 -0.105837 -1.656533 -0.924178 0.375823 -0.068210
-0.208023 -0.105275 -1.656482 -0.924178 0.375823 -0.068210
-0.208166 -0.105805 -1.658122 -0.924932 0.373453 -0.070943
-0.207678 -0.104692 -1.658131 -0.924932 0.373453 -0.070943
-0.207592 -0.104541 -1.658482 -0.924932 0.373453 -0.070943
-0.207223 -0.103606 -1.657027 -0.924731 0.374963 -0.065385
-0.207971 -0.105421 -1.658720 -0.924753 0.373381 -0.073606
-0.207875 -0.105306 -1.659428 -0.924753 0.373381 -0.073606
-0.207004 -0.103152 -1.657789 -0.924566 0.374896 -0.068042
-0.207020 -0.103220 -1.658145 -0.924566 0.374896 -0.068042
-0.207684 -0.105101 -1.660900 -0.925104 0.371921 -0.076533
-0.207521 -0.104600 -1.660167 -0.925490 0.370999 -0.076343
-0.208016 -0.106021 -1.661778 -0.925631 0.369447 -0.081950
-0.207610 -0.104916 -1.660814 -0.925104 0.371921 -0.076533
-0.207411 -0.104529 -1.661256 -0.925104 0.371921 -0.076533
-0.209482 -0.108944 -1.658022 -0.925104 0.371921 -0.076533
-0.209246 -0.108632 -1.659786 -0.925832 0.369527 -0.079280
-0.209416 -0.109011 -1.659566 -0.925832 0.369527 -0.079280
-0.208862 -0.107379 -1.657987 -0.924753 0.373381 -0.073606
-0.208621 -0.106958 -1.658827 -0.925490 0.370999 -0.076343
-0.208829 -0.107449 -1.658812 -0.925104 0.371921 -0.076533
-0.208660 -0.107253 -1.660100 -0.924911 0.371844 -0.079201
-0.208575 -0.107056 -1.660224 -0.924911 0.371844 -0.079201
-0.208196 -0.106291 -1.660928 -0.925832 0.369527 -0.079280
-0.208481 -0.107015 -1.661423 -0.925631 0.369447 -0.081950
-0.207450 -0.104735 -1.661977 -0.925832 0.369527 -0.079280
-0.207777 -0.105540 -1.662240 -0.925631 0.369447 -0.081950
-0.208795 -0.107605 -1.661777 -0.925631 0.369447 -0.081950
-0.209322 -0.107827 -1.662072 -0.925958 0.367957 -0.084913
-0.208131 -0.106385 -1.662776 -0.926341 0.367041 -0.084702
-0.208065 -0.106262 -1.663048 -0.926341 0.367041 -0.084702
-0.209779 -0.106752 -1.663166 -0.925958 0.367957 -0.084913
-0.209778 -0.107417 -1.662572 -0.925958 0.367957 -0.084913
-0.210947 -0.107060 -1.662587 -0.926341 0.367041 -0.084702
-0.209089 -0.106588 -1.663599 -0.925958 0.367957 -0.084913
-0.217058 -0.122745 -1.626171 -0.914870 0.403274 -0.019576
-0.216462 -0.121498 -1.626586 -0.914914 0.403293 -0.016967
-0.217519 -0.123705 -1.626399 -0.914443 0.404239 -0.019623
-0.217103 -0.122785 -1.627341 -0.915358 0.402024 -0.022262
-0.217754 -0.124128 -1.627545 -0.915302 0.402000 -0.024879
-0.218070 -0.124703 -1.627897 -0.915302 0.402000 -0.024879
-0.216858 -0.122292 -1.628144 -0.915358 0.402024 -0.022262
-0.217516 -0.123579 -1.630281 -0.916671 0.398496 -0.030249
-0.217253 -0.123085 -1.629166 -0.916264 0.399800 -0.024906
-0.218045 -0.124622 -1.628340 -0.916264 0.399800 -0.024906
-0.218131 -0.124737 -1.629620 -0.915709 0.400705 -0.030217
-0.217566 -0.123672 -1.630654 -0.916671 0.398496 -0.030249
-0.217565 -0.123667 -1.630890 -0.916671 0.398496 -0.030249
-0.218109 -0.124690 -1.631545 -0.917554 0.396246 -0.032911
-0.217634 -0.123797 -1.631029 -0.916671 0.398496 -0.030249
-0.218804 -0.126248 -1.633834 -0.917827 0.394864 -0.040939
-0.218621 -0.125821 -1.633816 -0.917827 0.394864 -0.040939
-0.219154 -0.127090 -1.633301 -0.917827 0.394864 -0.040939
-0.218525 -0.125622 -1.633343 -0.917923 0.394905 -0.038302
-0.218514 -0.125579 -1.633664 -0.917827 0.394864 -0.040939
-0.218884 -0.126424 -1.634027 -0.918783 0.392631 -0.040982
-0.219004 -0.126953 -1.636063 -0.919112 0.391253 -0.046420
-0.218853 -0.126709 -1.636544 -0.918995 0.391203 -0.049066
-0.218490 -0.125987 -1.636889 -0.918995 0.391203 -0.049066
-0.219288 -0.127741 -1.638203 -0.920235 0.387538 -0.054602
-0.218058 -0.124209 -1.625740 -0.914443 0.404239 -0.019623
-0.218748 -0.124214 -1.625455 -0.914870 0.403274 -0.019576
-0.218063 -0.124641 -1.626461 -0.914393 0.404217 -0.022238
-0.219044 -0.124618 -1.625895 -0.914443 0.404239 -0.019623
-0.219381 -0.124710 -1.626093 -0.914393 0.404217 -0.022238
-0.220898 -0.123928 -1.625811 -0.914870 0.403274 -0.019576
-0.220528 -0.124097 -1.625819 -0.914443 0.404239 -0.019623
-0.220681 -0.124974 -1.626775 -0.915358 0.402024 -0.022262
-0.220769 -0.124464 -1.626289 -0.914393 0.404217 -0.022238
-0.221294 -0.124476 -1.626457 -0.914393 0.404217 -0.022238
-0.218117 -0.124833 -1.626990 -0.915358 0.402024 -0.022262
-0.218479 -0.124937 -1.626494 -0.915358 0.402024 -0.022262
-0.218725 -0.125187 -1.626925 -0.915358 0.402024 -0.022262
-0.218826 -0.125488 -1.627332 -0.915302 0.402000 -0.024879
-0.219864 -0.125005 -1.626631 -0.915358 0.402024 -0.022262
-0.219181 -0.125550 -1.627271 -0.915302 0.402000 -0.024879
-0.219298 -0.125805 -1.627652 -0.916264 0.399800 -0.024906
-0.221578 -0.125358 -1.627097 -0.915302 0.402000 -0.024879
-0.221330 -0.125163 -1.627011 -0.915302 0.402000 -0.024879
-0.220333 -0.125353 -1.627102 -0.915302 0.402000 -0.024879
-0.220091 -0.125335 -1.627029 -0.915302 0.402000 -0.024879
-0.219482 -0.125842 -1.627651 -0.916264 0.399800 -0.024906
-0.220968 -0.125970 -1.627718 -0.916201 0.399773 -0.027525
-0.221445 -0.125961 -1.627564 -0.916264 0.399800 -0.024906
-0.221122 -0.125436 -1.627226 -0.915302 0.402000 -0.024879
-0.221689 -0.123645 -1.625819 -0.914870 0.403274 -0.019576
-0.223070 -0.123132 -1.626076 -0.914870 0.403274 -0.019576
-0.225045 -0.122966 -1.626372 -0.914870 0.403274 -0.019576
-0.225266 -0.123136 -1.626417 -0.914870 0.403274 -0.019576
-0.221672 -0.124864 -1.626821 -0.915358 0.402024 -0.022262
-0.222341 -0.125405 -1.627149 -0.915302 0.402000 -0.024879
-0.222851 -0.125651 -1.627361 -0.915302 0.402000 -0.024879
-0.223294 -0.125552 -1.627393 -0.915302 0.402000 -0.024879
-0.223054 -0.124328 -1.626819 -0.915358 0.402024 -0.022262
-0.223713 -0.124706 -1.627105 -0.915358 0.402024 -0.022262
-0.223818 -0.123655 -1.626627 -0.914443 0.404239 -0.019623
-0.223907 -0.123446 -1.626541 -0.914443 0.404239 -0.019623
-0.224654 -0.124297 -1.627146 -0.915358 0.402024 -0.022262
-0.224673 -0.123213 -1.626521 -0.914443 0.404239 -0.019623
-0.224587 -0.124889 -1.627379 -0.915302 0.402000 -0.024879
-0.219773 -0.127882 -1.630186 -0.917053 0.397170 -0.035627
-0.221174 -0.128042 -1.629595 -0.916595 0.398462 -0.032876
-0.221190 -0.128336 -1.629738 -0.917053 0.397170 -0.035627
-0.221533 -0.128784 -1.629824 -0.917053 0.397170 -0.035627
-0.223182 -0.127979 -1.628992 -0.916595 0.398462 -0.032876
-0.222507 -0.128332 -1.629457 -0.916595 0.398462 -0.032876
-0.222141 -0.128466 -1.629581 -0.916173 0.399425 -0.032956
-0.224519 -0.128628 -1.629061 -0.916595 0.398462 -0.032876
-0.223808 -0.129265 -1.629344 -0.917053 0.397170 -0.035627
-0.219140 -0.126342 -1.628656 -0.915709 0.400705 -0.030217
-0.218404 -0.125346 -1.628350 -0.916201 0.399773 -0.027525
-0.218935 -0.126491 -1.629629 -0.916595 0.398462 -0.032876
-0.220024 -0.126223 -1.628160 -0.915778 0.400735 -0.027592
-0.221155 -0.126779 -1.628545 -0.915709 0.400705 -0.030217
-0.221352 -0.127165 -1.628950 -0.916671 0.398496 -0.030249
-0.219227 -0.127245 -1.630437 -0.917471 0.396211 -0.035541
-0.219673 -0.127235 -1.629521 -0.916595 0.398462 -0.032876
-0.218657 -0.125913 -1.630053 -0.916595 0.398462 -0.032876
-0.218203 -0.124884 -1.632348 -0.917471 0.396211 -0.035541
-0.218996 -0.126736 -1.630570 -0.917554 0.396246 -0.032911
-0.218901 -0.126575 -1.631760 -0.917053 0.397170 -0.035627
-0.218461 -0.125505 -1.632264 -0.917053 0.397170 -0.035627
-0.223151 -0.126476 -1.627862 -0.915778 0.400735 -0.027592
-0.223643 -0.126358 -1.627866 -0.915778 0.400735 -0.027592
-0.224311 -0.126296 -1.628007 -0.915778 0.400735 -0.027592
-0.225101 -0.126752 -1.628480 -0.915709 0.400705 -0.030217
-0.225587 -0.127056 -1.628728 -0.916671 0.398496 -0.030249
-0.224895 -0.126485 -1.628299 -0.915778 0.400735 -0.027592
-0.226218 -0.124676 -1.626533 -0.915358 0.402024 -0.022262
-0.225566 -0.123444 -1.626541 -0.914443 0.404239 -0.019623
-0.225597 -0.129512 -1.629656 -0.917053 0.397170 -0.035627
-0.225444 -0.125829 -1.628094 -0.915778 0.400735 -0.027592
-0.226434 -0.126352 -1.628174 -0.915778 0.400735 -0.027592
-0.226172 -0.126859 -1.628756 -0.916671 0.398496 -0.030249
-0.226453 -0.127022 -1.628736 -0.916671 0.398496 -0.030249
-0.226360 -0.127413 -1.629017 -0.916671 0.398496 -0.030249
-0.226746 -0.128013 -1.629216 -0.916595 0.398462 -0.032876
-0.220393 -0.129164 -1.630793 -0.916964 0.397131 -0.038262
-0.220408 -0.129334 -1.631119 -0.917923 0.394905 -0.038302
-0.220571 -0.130037 -1.632176 -0.917306 0.395779 -0.043681
-0.221644 -0.130718 -1.631489 -0.917409 0.395823 -0.041039
-0.220365 -0.129559 -1.631910 -0.917827 0.394864 -0.040939
-0.220827 -0.130657 -1.633227 -0.918156 0.393496 -0.046372
-0.221075 -0.130790 -1.632345 -0.918266 0.393543 -0.043727
-0.221669 -0.131059 -1.632227 -0.918266 0.393543 -0.043727
-0.222009 -0.130198 -1.630536 -0.916964 0.397131 -0.038262
-0.222580 -0.129613 -1.629883 -0.917053 0.397170 -0.035627
-0.223253 -0.129934 -1.629908 -0.917053 0.397170 -0.035627
-0.222801 -0.130325 -1.630343 -0.916964 0.397131 -0.038262
-0.224576 -0.130353 -1.630007 -0.916964 0.397131 -0.038262
-0.225050 -0.130479 -1.630183 -0.916964 0.397131 -0.038262
-0.225079 -0.130741 -1.630486 -0.917923 0.394905 -0.038302
-0.223928 -0.131856 -1.631720 -0.918266 0.393543 -0.043727
-0.224105 -0.131938 -1.632277 -0.918156 0.393496 -0.046372
-0.225131 -0.131533 -1.632339 -0.918266 0.393543 -0.043727
-0.219228 -0.127283 -1.632275 -0.917923 0.394905 -0.038302
-0.219456 -0.127758 -1.632703 -0.917827 0.394864 -0.040939
-0.220040 -0.129114 -1.633069 -0.918266 0.393543 -0.043727
-0.219946 -0.128901 -1.633341 -0.918266 0.393543 -0.043727
-0.219653 -0.128202 -1.633063 -0.918783 0.392631 -0.040982
-0.219768 -0.128496 -1.633841 -0.918266 0.393543 -0.043727
-0.220093 -0.129256 -1.634424 -0.919112 0.391253 -0.046420
-0.220437 -0.130020 -1.634084 -0.919112 0.391253 -0.046420
-0.220943 -0.130544 -1.634151 -0.919112 0.391253 -0.046420
-0.221715 -0.131010 -1.633874 -0.919112 0.391253 -0.046420
-0.221627 -0.130913 -1.634037 -0.918995 0.391203 -0.049066
-0.221249 -0.130648 -1.634924 -0.918995 0.391203 -0.049066
-0.221680 -0.130824 -1.634512 -0.918995 0.391203 -0.049066
-0.222603 -0.131708 -1.632948 -0.918156 0.393496 -0.046372
-0.222214 -0.131458 -1.633433 -0.919112 0.391253 -0.046420
-0.223318 -0.131927 -1.633436 -0.918995 0.391203 -0.049066
-0.223376 -0.131596 -1.634342 -0.918995 0.391203 -0.049066
-0.223967 -0.131871 -1.633288 -0.919112 0.391253 -0.046420
-0.224342 -0.131687 -1.633323 -0.919112 0.391253 -0.046420
-0.224266 -0.131626 -1.633569 -0.919112 0.391253 -0.046420
-0.224344 -0.131317 -1.634066 -0.918995 0.391203 -0.049066
-0.224240 -0.131239 -1.634304 -0.918995 0.391203 -0.049066
-0.224311 -0.131096 -1.634419 -0.918995 0.391203 -0.049066
-0.220361 -0.129879 -1.634119 -0.919112 0.391253 -0.046420
-0.219719 -0.128502 -1.635155 -0.919112 0.391253 -0.046420
-0.220414 -0.129737 -1.635977 -0.919824 0.388901 -0.051765
-0.220703 -0.130144 -1.635923 -0.919414 0.389853 -0.051892
-0.219659 -0.128467 -1.635866 -0.918995 0.391203 -0.049066
-0.219423 -0.127781 -1.634903 -0.919112 0.391253 -0.046420
-0.219437 -0.127941 -1.636024 -0.918995 0.391203 -0.049066
-0.219451 -0.127988 -1.636114 -0.918995 0.391203 -0.049066
-0.219994 -0.129082 -1.636323 -0.919824 0.388901 -0.051765
-0.220709 -0.130089 -1.636139 -0.919414 0.389853 -0.051892
-0.221632 -0.130548 -1.636469 -0.919414 0.389853 -0.051892
-0.222095 -0.130634 -1.636032 -0.919414 0.389853 -0.051892
-0.220777 -0.129930 -1.636927 -0.919284 0.389798 -0.054545
-0.221470 -0.130033 -1.637542 -0.920235 0.387538 -0.054602
-0.219668 -0.128333 -1.638060 -0.920235 0.387538 -0.054602
-0.221093 -0.129486 -1.638139 -0.920235 0.387538 -0.054602
-0.219983 -0.128363 -1.638620 -0.920235 0.387538 -0.054602
-0.220189 -0.128337 -1.638819 -0.920235 0.387538 -0.054602
-0.222329 -0.129807 -1.638030 -0.920235 0.387538 -0.054602
-0.223331 -0.131124 -1.634904 -0.918582 0.392159 -0.049186
-0.225376 -0.130576 -1.633935 -0.919112 0.391253 -0.046420
-0.224606 -0.129987 -1.635622 -0.919947 0.388953 -0.049117
-0.224943 -0.130042 -1.635278 -0.918995 0.391203 -0.049066
-0.225881 -0.129241 -1.635803 -0.918995 0.391203 -0.049066
-0.222392 -0.130733 -1.635535 -0.919414 0.389853 -0.051892
-0.223536 -0.130506 -1.635548 -0.919414 0.389853 -0.051892
-0.223074 -0.130343 -1.636216 -0.919414 0.389853 -0.051892
-0.223448 -0.130154 -1.636493 -0.919414 0.389853 -0.051892
-0.223591 -0.129981 -1.636919 -0.919284 0.389798 -0.054545
-0.223465 -0.129754 -1.637584 -0.920235 0.387538 -0.054602
-0.223989 -0.129269 -1.638033 -0.920235 0.387538 -0.054602
-0.225146 -0.129285 -1.637059 -0.919414 0.389853 -0.051892
-0.224877 -0.129398 -1.637127 -0.919284 0.389798 -0.054545
-0.225410 -0.128954 -1.637425 -0.919284 0.389798 -0.054545
-0.225867 -0.129764 -1.629902 -0.917053 0.397170 -0.035627
-0.226183 -0.129421 -1.629882 -0.917053 0.397170 -0.035627
-0.226333 -0.129121 -1.629759 -0.917053 0.397170 -0.035627
-0.225945 -0.129938 -1.630071 -0.916964 0.397131 -0.038262
-0.226302 -0.130117 -1.630621 -0.917923 0.394905 -0.038302
-0.226041 -0.130240 -1.630470 -0.916964 0.397131 -0.038262
-0.226382 -0.130322 -1.631141 -0.917827 0.394864 -0.040939
-0.226065 -0.130463 -1.630882 -0.917827 0.394864 -0.040939
-0.225503 -0.131107 -1.631678 -0.917306 0.395779 -0.043681
-0.226034 -0.130762 -1.631783 -0.917306 0.395779 -0.043681
-0.225976 -0.130838 -1.632514 -0.918266 0.393543 -0.043727
-0.226325 -0.130517 -1.632378 -0.918266 0.393543 -0.043727
-0.225988 -0.130514 -1.633221 -0.918156 0.393496 -0.046372
-0.226358 -0.129745 -1.633929 -0.918156 0.393496 -0.046372
-0.225843 -0.130177 -1.634059 -0.919112 0.391253 -0.046420
-0.226405 -0.129121 -1.634991 -0.918995 0.391203 -0.049066
-0.226963 -0.128940 -1.634390 -0.919112 0.391253 -0.046420
-0.226631 -0.128858 -1.635211 -0.918995 0.391203 -0.049066
-0.227677 -0.128326 -1.635392 -0.919112 0.391253 -0.046420
-0.226742 -0.128271 -1.636590 -0.919824 0.388901 -0.051765
-0.220764 -0.128480 -1.638963 -0.920098 0.387480 -0.057256
-0.222194 -0.129393 -1.638622 -0.920098 0.387480 -0.057256
-0.221288 -0.128520 -1.639208 -0.920098 0.387480 -0.057256
-0.221722 -0.128555 -1.639404 -0.920098 0.387480 -0.057256
-0.223312 -0.129006 -1.638723 -0.920098 0.387480 -0.057256
-0.215899 -0.120292 -1.627344 -0.914914 0.403293 -0.016967
-0.215577 -0.119667 -1.628017 -0.914870 0.403274 -0.019576
-0.215594 -0.119683 -1.627716 -0.914914 0.403293 -0.016967
-0.216815 -0.122256 -1.628883 -0.915302 0.402000 -0.024879
-0.214913 -0.118297 -1.628028 -0.914914 0.403293 -0.016967
-0.214880 -0.118226 -1.628063 -0.914914 0.403293 -0.016967
-0.215284 -0.119006 -1.629080 -0.915831 0.401085 -0.019597
-0.215847 -0.120195 -1.629870 -0.915302 0.402000 -0.024879
-0.215808 -0.120112 -1.630057 -0.915302 0.402000 -0.024879
-0.216455 -0.121410 -1.629747 -0.916264 0.399800 -0.024906
-0.216065 -0.120650 -1.629563 -0.915302 0.402000 -0.024879
-0.216308 -0.121173 -1.628777 -0.915358 0.402024 -0.022262
-0.216524 -0.121556 -1.629670 -0.916264 0.399800 -0.024906
-0.216733 -0.122001 -1.629738 -0.916264 0.399800 -0.024906
-0.216840 -0.122255 -1.629501 -0.916264 0.399800 -0.024906
-0.214198 -0.116715 -1.629348 -0.914914 0.403293 -0.016967
-0.214360 -0.117081 -1.628980 -0.914914 0.403293 -0.016967
-0.214529 -0.117448 -1.628763 -0.914914 0.403293 -0.016967
-0.214545 -0.117425 -1.629720 -0.915831 0.401085 -0.019597
-0.214635 -0.117615 -1.629681 -0.915831 0.401085 -0.019597
-0.214743 -0.117890 -1.628883 -0.914870 0.403274 -0.019576
-0.214313 -0.116922 -1.630346 -0.915831 0.401085 -0.019597
-0.213930 -0.116112 -1.630277 -0.915831 0.401085 -0.019597
-0.213734 -0.115767 -1.631075 -0.915781 0.401063 -0.022209
-0.213561 -0.115307 -1.631565 -0.915781 0.401063 -0.022209
-0.214438 -0.117258 -1.631473 -0.916264 0.399800 -0.024906
-0.215596 -0.119662 -1.630595 -0.916264 0.399800 -0.024906
-0.215156 -0.118746 -1.631148 -0.916264 0.399800 -0.024906
-0.214921 -0.118305 -1.632301 -0.916201 0.399773 -0.027525
-0.214986 -0.118350 -1.630486 -0.915781 0.401063 -0.022209
-0.214105 -0.116528 -1.632269 -0.916264 0.399800 -0.024906
-0.213981 -0.116253 -1.632101 -0.916683 0.398842 -0.024846
-0.214206 -0.116779 -1.632011 -0.916264 0.399800 -0.024906
-0.214770 -0.117973 -1.632751 -0.917159 0.397567 -0.027554
-0.216740 -0.121986 -1.630962 -0.917159 0.397567 -0.027554
-0.216888 -0.122299 -1.631338 -0.916671 0.398496 -0.030249
-0.215982 -0.120466 -1.630828 -0.916201 0.399773 -0.027525
-0.216183 -0.120869 -1.630893 -0.916201 0.399773 -0.027525
-0.215896 -0.120291 -1.630810 -0.916201 0.399773 -0.027525
-0.216085 -0.120661 -1.631399 -0.916201 0.399773 -0.027525
-0.216527 -0.121567 -1.632087 -0.916671 0.398496 -0.030249
-0.217283 -0.123157 -1.633638 -0.918427 0.393988 -0.035578
-0.217190 -0.122928 -1.631940 -0.916595 0.398462 -0.032876
-0.216844 -0.122240 -1.632544 -0.917554 0.396246 -0.032911
-0.217782 -0.124096 -1.633224 -0.917923 0.394905 -0.038302
-0.217620 -0.123790 -1.632801 -0.917471 0.396211 -0.035541
-0.217430 -0.123460 -1.634445 -0.917923 0.394905 -0.038302
-0.216546 -0.121587 -1.632429 -0.916595 0.398462 -0.032876
-0.216881 -0.122327 -1.633107 -0.917471 0.396211 -0.035541
-0.215667 -0.119799 -1.631302 -0.916201 0.399773 -0.027525
-0.213946 -0.116113 -1.633241 -0.916201 0.399773 -0.027525
-0.213808 -0.115951 -1.635369 -0.918045 0.395324 -0.030207
-0.214369 -0.117283 -1.635781 -0.917554 0.396246 -0.032911
-0.214096 -0.116572 -1.635259 -0.917969 0.395291 -0.032832
-0.214583 -0.117919 -1.636787 -0.918338 0.393950 -0.038209
-0.214219 -0.116789 -1.634710 -0.917090 0.397537 -0.030176
-0.215117 -0.118695 -1.632623 -0.917159 0.397567 -0.027554
-0.215439 -0.119360 -1.633111 -0.917090 0.397537 -0.030176
-0.215454 -0.119562 -1.634752 -0.917471 0.396211 -0.035541
-0.215506 -0.119646 -1.634512 -0.917554 0.396246 -0.032911
-0.215465 -0.119667 -1.635769 -0.918338 0.393950 -0.038209
-0.215551 -0.119733 -1.634476 -0.917554 0.396246 -0.032911
-0.214925 -0.118351 -1.633598 -0.917090 0.397537 -0.030176
-0.214871 -0.118248 -1.634522 -0.917554 0.396246 -0.032911
-0.215323 -0.119411 -1.636174 -0.918338 0.393950 -0.038209
-0.214642 -0.117707 -1.634355 -0.917090 0.397537 -0.030176
-0.214826 -0.118430 -1.636812 -0.918338 0.393950 -0.038209
-0.214967 -0.118614 -1.636079 -0.918427 0.393988 -0.035578
-0.216040 -0.120665 -1.634482 -0.917471 0.396211 -0.035541
-0.212384 -0.112911 -1.631346 -0.915337 0.402332 -0.016927
-0.212216 -0.112552 -1.630408 -0.915375 0.402348 -0.014323
-0.212071 -0.112251 -1.630959 -0.915337 0.402332 -0.016927
-0.212074 -0.112272 -1.630284 -0.915375 0.402348 -0.014323
-0.211937 -0.111962 -1.631052 -0.915337 0.402332 -0.016927
-0.212625 -0.113408 -1.632896 -0.915781 0.401063 -0.022209
-0.212338 -0.112802 -1.633192 -0.915781 0.401063 -0.022209
-0.211195 -0.110422 -1.633344 -0.916251 0.400127 -0.019550
-0.211771 -0.111616 -1.633258 -0.915831 0.401085 -0.019597
-0.211214 -0.110488 -1.633996 -0.915831 0.401085 -0.019597
-0.211516 -0.111086 -1.633305 -0.915831 0.401085 -0.019597
-0.211373 -0.110823 -1.634135 -0.916739 0.398867 -0.022232
-0.212233 -0.112672 -1.634757 -0.916683 0.398842 -0.024846
-0.212125 -0.112439 -1.634693 -0.916683 0.398842 -0.024846
-0.211986 -0.112187 -1.635116 -0.916683 0.398842 -0.024846
-0.212208 -0.112704 -1.635673 -0.917159 0.397567 -0.027554
-0.212543 -0.113393 -1.635626 -0.917159 0.397567 -0.027554
-0.212509 -0.113337 -1.635793 -0.917159 0.397567 -0.027554
-0.210876 -0.109802 -1.634348 -0.915831 0.401085 -0.019597
-0.210125 -0.108362 -1.633462 -0.915337 0.402332 -0.016927
-0.210065 -0.108317 -1.635034 -0.916251 0.400127 -0.019550
-0.210209 -0.108594 -1.635231 -0.916739 0.398867 -0.022232
-0.210673 -0.109451 -1.635010 -0.916739 0.398867 -0.022232
-0.209824 -0.107758 -1.635262 -0.916251 0.400127 -0.019550
-0.211449 -0.111063 -1.635553 -0.916683 0.398842 -0.024846
-0.211502 -0.111334 -1.636809 -0.917159 0.397567 -0.027554
-0.211434 -0.111225 -1.636979 -0.917090 0.397537 -0.030176
-0.210692 -0.109668 -1.636936 -0.917575 0.396612 -0.027488
-0.210687 -0.109586 -1.636228 -0.916683 0.398842 -0.024846
-0.210729 -0.109639 -1.635911 -0.916683 0.398842 -0.024846
-0.212639 -0.113698 -1.637330 -0.917969 0.395291 -0.032832
-0.212815 -0.114005 -1.636323 -0.918045 0.395324 -0.030207
-0.212584 -0.113579 -1.637360 -0.917969 0.395291 -0.032832
-0.212615 -0.113655 -1.637677 -0.917969 0.395291 -0.032832
-0.211906 -0.112178 -1.637157 -0.918045 0.395324 -0.030207
-0.211899 -0.112029 -1.636184 -0.917159 0.397567 -0.027554
-0.211045 -0.110386 -1.638702 -0.917969 0.395291 -0.032832
-0.210751 -0.109774 -1.638262 -0.918045 0.395324 -0.030207
-0.210853 -0.110022 -1.637537 -0.917159 0.397567 -0.027554
-0.211510 -0.111433 -1.637448 -0.918045 0.395324 -0.030207
-0.212034 -0.112526 -1.638923 -0.918838 0.393036 -0.035492
-0.212171 -0.112803 -1.638744 -0.918838 0.393036 -0.035492
-0.212380 -0.113235 -1.639231 -0.918427 0.393988 -0.035578
-0.212500 -0.113565 -1.639576 -0.919289 0.391720 -0.038249
-0.212041 -0.112545 -1.639485 -0.918427 0.393988 -0.035578
-0.211663 -0.111728 -1.638897 -0.918920 0.393072 -0.032866
-0.211583 -0.111556 -1.638788 -0.918920 0.393072 -0.032866
-0.213271 -0.114686 -1.631213 -0.915831 0.401085 -0.019597
-0.213334 -0.114821 -1.631236 -0.915831 0.401085 -0.019597
-0.213057 -0.114254 -1.632254 -0.915781 0.401063 -0.022209
-0.212763 -0.113639 -1.631413 -0.915831 0.401085 -0.019597
-0.213563 -0.115311 -1.633058 -0.916683 0.398842 -0.024846
-0.212861 -0.113914 -1.633402 -0.916683 0.398842 -0.024846
-0.212711 -0.113594 -1.633150 -0.916739 0.398867 -0.022232
-0.220397 -0.110841 -1.634919 -0.916739 0.398867 -0.022232
-0.220449 -0.110924 -1.636372 -0.917575 0.396612 -0.027488
-0.220152 -0.110299 -1.635454 -0.916683 0.398842 -0.024846
-0.213128 -0.114500 -1.634763 -0.917159 0.397567 -0.027554
-0.213016 -0.114255 -1.634317 -0.917159 0.397567 -0.027554
-0.212741 -0.113694 -1.634539 -0.917159 0.397567 -0.027554
-0.212911 -0.114143 -1.635611 -0.917090 0.397537 -0.030176
-0.214274 -0.117193 -1.636775 -0.918427 0.393988 -0.035578
-0.214312 -0.117303 -1.636910 -0.918427 0.393988 -0.035578
-0.213374 -0.115203 -1.636513 -0.917969 0.395291 -0.032832
-0.213682 -0.115879 -1.636786 -0.918427 0.393988 -0.035578
-0.213532 -0.115685 -1.637508 -0.918427 0.393988 -0.035578
-0.213008 -0.114495 -1.637365 -0.917969 0.395291 -0.032832
-0.213494 -0.115618 -1.637741 -0.918427 0.393988 -0.035578
-0.220276 -0.110544 -1.637367 -0.917090 0.397537 -0.030176
-0.220578 -0.111232 -1.637007 -0.917090 0.397537 -0.030176
-0.220689 -0.111497 -1.637215 -0.918045 0.395324 -0.030207
-0.220804 -0.111763 -1.637205 -0.918045 0.395324 -0.030207
-0.220229 -0.110437 -1.637398 -0.917159 0.397567 -0.027554
-0.221248 -0.113100 -1.639123 -0.918427 0.393988 -0.035578
-0.221154 -0.112802 -1.638063 -0.917969 0.395291 -0.032832
-0.221170 -0.112854 -1.638319 -0.918920 0.393072 -0.032866
-0.220867 -0.111955 -1.638283 -0.917969 0.395291 -0.032832
-0.221474 -0.113763 -1.638630 -0.918427 0.393988 -0.035578
-0.220983 -0.112315 -1.639208 -0.918838 0.393036 -0.035492
-0.221129 -0.112743 -1.638940 -0.918427 0.393988 -0.035578
-0.218394 -0.125406 -1.634344 -0.918783 0.392631 -0.040982
-0.217521 -0.123658 -1.634648 -0.917827 0.394864 -0.040939
-0.217598 -0.123805 -1.634514 -0.917827 0.394864 -0.040939
-0.218189 -0.125124 -1.635104 -0.918680 0.392587 -0.043621
-0.218031 -0.124583 -1.633457 -0.917923 0.394905 -0.038302
-0.218041 -0.124845 -1.635371 -0.918680 0.392587 -0.043621
-0.217760 -0.124333 -1.636042 -0.918680 0.392587 -0.043621
-0.217608 -0.124028 -1.636225 -0.918680 0.392587 -0.043621
-0.217715 -0.124243 -1.636101 -0.918680 0.392587 -0.043621
-0.216722 -0.121937 -1.634033 -0.917471 0.396211 -0.035541
-0.216371 -0.121254 -1.634157 -0.917471 0.396211 -0.035541
-0.218516 -0.125881 -1.635936 -0.919112 0.391253 -0.046420
-0.218540 -0.125937 -1.635957 -0.919112 0.391253 -0.046420
-0.216948 -0.122585 -1.635390 -0.917827 0.394864 -0.040939
-0.217092 -0.122851 -1.635227 -0.917827 0.394864 -0.040939
-0.217302 -0.123281 -1.635344 -0.918783 0.392631 -0.040982
-0.215436 -0.119798 -1.638278 -0.918680 0.392587 -0.043621
-0.215389 -0.119677 -1.637881 -0.918783 0.392631 -0.040982
-0.215659 -0.120247 -1.638280 -0.919632 0.390347 -0.043666
-0.215885 -0.120614 -1.637256 -0.918783 0.392631 -0.040982
-0.216060 -0.121206 -1.639749 -0.919947 0.388953 -0.049117
-0.216097 -0.121091 -1.637598 -0.918680 0.392587 -0.043621
-0.215181 -0.119289 -1.638561 -0.918680 0.392587 -0.043621
-0.215126 -0.119175 -1.638594 -0.918680 0.392587 -0.043621
-0.216475 -0.121691 -1.635809 -0.917827 0.394864 -0.040939
-0.216683 -0.122208 -1.637318 -0.919632 0.390347 -0.043666
-0.216349 -0.121428 -1.635721 -0.917923 0.394905 -0.038302
-0.216395 -0.121870 -1.639776 -0.919947 0.388953 -0.049117
-0.216327 -0.121599 -1.638238 -0.919522 0.390301 -0.046307
-0.216293 -0.121371 -1.636464 -0.918783 0.392631 -0.040982
-0.216136 -0.121323 -1.639263 -0.919112 0.391253 -0.046420
-0.216176 -0.121523 -1.640599 -0.919824 0.388901 -0.051765
-0.219085 -0.127399 -1.637666 -0.919824 0.388901 -0.051765
-0.217240 -0.123482 -1.638533 -0.919947 0.388953 -0.049117
-0.217273 -0.123431 -1.637361 -0.919522 0.390301 -0.046307
-0.218241 -0.125468 -1.636990 -0.919112 0.391253 -0.046420
-0.217678 -0.124362 -1.637800 -0.918995 0.391203 -0.049066
-0.218551 -0.126489 -1.639310 -0.920235 0.387538 -0.054602
-0.218384 -0.125945 -1.638115 -0.919824 0.388901 -0.051765
-0.218585 -0.126587 -1.639597 -0.920235 0.387538 -0.054602
-0.218933 -0.127171 -1.639390 -0.920235 0.387538 -0.054602
-0.217475 -0.124223 -1.639663 -0.919824 0.388901 -0.051765
-0.217193 -0.123440 -1.638824 -0.919947 0.388953 -0.049117
-0.217209 -0.123783 -1.640242 -0.920642 0.386590 -0.054468
-0.218011 -0.125535 -1.640605 -0.920098 0.387480 -0.057256
-0.217841 -0.125195 -1.640669 -0.920098 0.387480 -0.057256
-0.218143 -0.125690 -1.639972 -0.920235 0.387538 -0.054602
-0.215604 -0.120333 -1.640477 -0.919947 0.388953 -0.049117
-0.215755 -0.120499 -1.639053 -0.919522 0.390301 -0.046307
-0.215953 -0.121401 -1.642318 -0.920642 0.386590 -0.054468
-0.215972 -0.121314 -1.641740 -0.920642 0.386590 -0.054468
-0.216056 -0.121391 -1.641269 -0.920772 0.386644 -0.051818
-0.215951 -0.121469 -1.642645 -0.921586 0.384327 -0.054524
-0.216260 -0.122029 -1.642261 -0.920642 0.386590 -0.054468
-0.216890 -0.123241 -1.641060 -0.920642 0.386590 -0.054468
-0.216671 -0.122493 -1.639854 -0.919824 0.388901 -0.051765
-0.216952 -0.123054 -1.639440 -0.919947 0.388953 -0.049117
-0.217034 -0.123397 -1.640207 -0.920772 0.386644 -0.051818
-0.216338 -0.122100 -1.641821 -0.920642 0.386590 -0.054468
-0.216814 -0.123163 -1.641586 -0.920235 0.387538 -0.054602
-0.212757 -0.114196 -1.639734 -0.919289 0.391720 -0.038249
-0.213219 -0.115275 -1.640730 -0.919632 0.390347 -0.043666
-0.213016 -0.114756 -1.639936 -0.919193 0.391679 -0.040882
-0.211636 -0.111673 -1.639902 -0.918427 0.393988 -0.035578
-0.211344 -0.111284 -1.642057 -0.920141 0.389443 -0.040924
-0.211604 -0.111646 -1.640271 -0.919289 0.391720 -0.038249
-0.211661 -0.111909 -1.641573 -0.919193 0.391679 -0.040882
-0.211431 -0.111569 -1.642951 -0.920038 0.389399 -0.043560
-0.212002 -0.112774 -1.642306 -0.920038 0.389399 -0.043560
-0.211867 -0.112362 -1.641619 -0.920141 0.389443 -0.040924
-0.213717 -0.116496 -1.642376 -0.920354 0.388005 -0.048997
-0.212805 -0.114365 -1.640366 -0.919193 0.391679 -0.040882
-0.213473 -0.115933 -1.642026 -0.920470 0.388054 -0.046355
-0.212852 -0.114590 -1.643206 -0.920354 0.388005 -0.048997
-0.212479 -0.113606 -1.640885 -0.919193 0.391679 -0.040882
-0.212631 -0.113963 -1.640531 -0.919193 0.391679 -0.040882
-0.211759 -0.112305 -1.642980 -0.920038 0.389399 -0.043560
-0.212148 -0.113109 -1.642893 -0.920470 0.388054 -0.046355
-0.212724 -0.114318 -1.643356 -0.920354 0.388005 -0.048997
-0.212233 -0.113256 -1.642466 -0.919632 0.390347 -0.043666
-0.212564 -0.113923 -1.642657 -0.920470 0.388054 -0.046355
-0.213658 -0.116399 -1.642832 -0.920354 0.388005 -0.048997
-0.213543 -0.116126 -1.642814 -0.920354 0.388005 -0.048997
-0.211870 -0.112564 -1.643667 -0.920470 0.388054 -0.046355
-0.212145 -0.113283 -1.645035 -0.921175 0.385701 -0.051692
-0.211832 -0.112529 -1.644089 -0.920470 0.388054 -0.046355
-0.211862 -0.112658 -1.644717 -0.921298 0.385752 -0.049048
-0.213916 -0.117234 -1.645050 -0.921449 0.384269 -0.057175
-0.213492 -0.116232 -1.644329 -0.920772 0.386644 -0.051818
-0.213030 -0.115188 -1.644607 -0.920772 0.386644 -0.051818
-0.213037 -0.115200 -1.644573 -0.920772 0.386644 -0.051818
-0.213453 -0.116230 -1.645428 -0.921586 0.384327 -0.054524
-0.212921 -0.115074 -1.646013 -0.921586 0.384327 -0.054524
-0.213893 -0.117223 -1.645389 -0.921449 0.384269 -0.057175
-0.212793 -0.114875 -1.646669 -0.921449 0.384269 -0.057175
-0.213015 -0.115296 -1.646089 -0.921449 0.384269 -0.057175
-0.214158 -0.117114 -1.638107 -0.919289 0.391720 -0.038249
-0.214123 -0.117071 -1.638707 -0.919193 0.391679 -0.040882
-0.214336 -0.117575 -1.639390 -0.919632 0.390347 -0.043666
-0.213164 -0.114918 -1.638330 -0.918338 0.393950 -0.038209
-0.213473 -0.115727 -1.639720 -0.919193 0.391679 -0.040882
-0.213047 -0.114718 -1.639115 -0.919289 0.391720 -0.038249
-0.213449 -0.115710 -1.640196 -0.919632 0.390347 -0.043666
-0.213673 -0.116053 -1.638181 -0.918338 0.393950 -0.038209
-0.215382 -0.119720 -1.638870 -0.919632 0.390347 -0.043666
-0.214609 -0.118134 -1.638770 -0.918783 0.392631 -0.040982
-0.214910 -0.118882 -1.639755 -0.919522 0.390301 -0.046307
-0.214638 -0.118285 -1.639500 -0.919632 0.390347 -0.043666
-0.213885 -0.116596 -1.639150 -0.919193 0.391679 -0.040882
-0.214056 -0.116987 -1.639598 -0.919632 0.390347 -0.043666
-0.221424 -0.113713 -1.640684 -0.919193 0.391679 -0.040882
-0.221274 -0.113277 -1.641052 -0.919193 0.391679 -0.040882
-0.215345 -0.119749 -1.639701 -0.919522 0.390301 -0.046307
-0.215407 -0.119917 -1.640348 -0.920354 0.388005 -0.048997
-0.214668 -0.118455 -1.640811 -0.920470 0.388054 -0.046355
-0.214030 -0.117177 -1.642397 -0.920354 0.388005 -0.048997
-0.214167 -0.117393 -1.641658 -0.920354 0.388005 -0.048997
-0.215302 -0.120135 -1.643336 -0.921586 0.384327 -0.054524
-0.215592 -0.121064 -1.644835 -0.921846 0.382879 -0.060033
-0.215386 -0.120489 -1.644309 -0.921046 0.385213 -0.057315
-0.215303 -0.120190 -1.643662 -0.921449 0.384269 -0.057175
-0.214703 -0.118695 -1.642941 -0.920772 0.386644 -0.051818
-0.214231 -0.117641 -1.642657 -0.920772 0.386644 -0.051818
-0.214485 -0.118295 -1.643574 -0.920642 0.386590 -0.054468
-0.214138 -0.117671 -1.644668 -0.921586 0.384327 -0.054524
-0.214801 -0.119068 -1.643696 -0.921586 0.384327 -0.054524
-0.214394 -0.118328 -1.644907 -0.921449 0.384269 -0.057175
-0.224345 -0.120641 -1.629663 -0.915302 0.402000 -0.024879
-0.224774 -0.120578 -1.628962 -0.915358 0.402024 -0.022262
-0.224857 -0.121073 -1.629283 -0.915302 0.402000 -0.024879
-0.223084 -0.116930 -1.629894 -0.915831 0.401085 -0.019597
-0.223044 -0.117050 -1.630253 -0.915831 0.401085 -0.019597
-0.223084 -0.117826 -1.630952 -0.915781 0.401063 -0.022209
-0.223133 -0.117004 -1.629264 -0.914870 0.403274 -0.019576
-0.223017 -0.116618 -1.629706 -0.914870 0.403274 -0.019576
-0.223709 -0.118589 -1.628589 -0.914870 0.403274 -0.019576
-0.223347 -0.117690 -1.628404 -0.914914 0.403293 -0.016967
-0.223112 -0.116822 -1.628515 -0.914914 0.403293 -0.016967
-0.223977 -0.119574 -1.629489 -0.915781 0.401063 -0.022209
-0.224161 -0.119636 -1.629067 -0.915781 0.401063 -0.022209
-0.223110 -0.118148 -1.631468 -0.916264 0.399800 -0.024906
-0.223593 -0.119176 -1.630406 -0.915302 0.402000 -0.024879
-0.223082 -0.117899 -1.631097 -0.916264 0.399800 -0.024906
-0.225822 -0.122931 -1.630100 -0.916201 0.399773 -0.027525
-0.225736 -0.123243 -1.630536 -0.916671 0.398496 -0.030249
-0.224287 -0.121365 -1.631560 -0.917090 0.397537 -0.030176
-0.224335 -0.121377 -1.630904 -0.916201 0.399773 -0.027525
-0.224594 -0.121349 -1.629923 -0.916264 0.399800 -0.024906
-0.225253 -0.123002 -1.630721 -0.916671 0.398496 -0.030249
-0.225092 -0.122881 -1.631109 -0.916671 0.398496 -0.030249
-0.225026 -0.122797 -1.631292 -0.916671 0.398496 -0.030249
-0.225338 -0.123380 -1.631532 -0.916595 0.398462 -0.032876
-0.225872 -0.123722 -1.631083 -0.916671 0.398496 -0.030249
-0.225981 -0.124159 -1.631539 -0.916595 0.398462 -0.032876
-0.224594 -0.122218 -1.632914 -0.917554 0.396246 -0.032911
-0.223293 -0.118915 -1.634281 -0.917554 0.396246 -0.032911
-0.223539 -0.119501 -1.634153 -0.917554 0.396246 -0.032911
-0.223668 -0.119756 -1.631257 -0.916201 0.399773 -0.027525
-0.223207 -0.118705 -1.632300 -0.916201 0.399773 -0.027525
-0.223842 -0.120212 -1.631634 -0.916201 0.399773 -0.027525
-0.223590 -0.119645 -1.631783 -0.916201 0.399773 -0.027525
-0.223936 -0.120454 -1.631758 -0.917159 0.397567 -0.027554
-0.224104 -0.121154 -1.634792 -0.918427 0.393988 -0.035578
-0.223815 -0.120199 -1.633386 -0.917554 0.396246 -0.032911
-0.224170 -0.121242 -1.633249 -0.917554 0.396246 -0.032911
-0.223680 -0.119804 -1.633731 -0.917554 0.396246 -0.032911
-0.223865 -0.120448 -1.634498 -0.917471 0.396211 -0.035541
-0.222675 -0.115196 -1.629539 -0.914914 0.403293 -0.016967
-0.222245 -0.113934 -1.630016 -0.915337 0.402332 -0.016927
-0.222534 -0.114923 -1.630114 -0.914914 0.403293 -0.016967
-0.222162 -0.113603 -1.629845 -0.915375 0.402348 -0.014323
-0.221353 -0.112093 -1.630421 -0.915375 0.402348 -0.014323
-0.221398 -0.112297 -1.630885 -0.915337 0.402332 -0.016927
-0.221372 -0.112417 -1.631595 -0.915337 0.402332 -0.016927
-0.221739 -0.112925 -1.630605 -0.915337 0.402332 -0.016927
-0.222040 -0.113872 -1.631360 -0.915831 0.401085 -0.019597
-0.222597 -0.116038 -1.631409 -0.915781 0.401063 -0.022209
-0.222722 -0.116271 -1.631056 -0.915781 0.401063 -0.022209
-0.222342 -0.114920 -1.631368 -0.915831 0.401085 -0.019597
-0.222278 -0.115103 -1.631902 -0.915781 0.401063 -0.022209
-0.222298 -0.115477 -1.632243 -0.916739 0.398867 -0.022232
-0.220928 -0.111516 -1.631807 -0.915337 0.402332 -0.016927
-0.221579 -0.113054 -1.632548 -0.915831 0.401085 -0.019597
-0.220694 -0.111034 -1.631900 -0.915337 0.402332 -0.016927
-0.220505 -0.110691 -1.632201 -0.915337 0.402332 -0.016927
-0.220654 -0.110845 -1.631376 -0.915375 0.402348 -0.014323
-0.220556 -0.110952 -1.632957 -0.916251 0.400127 -0.019550
-0.220973 -0.111799 -1.632745 -0.915831 0.401085 -0.019597
-0.220990 -0.111960 -1.633445 -0.915781 0.401063 -0.022209
-0.221280 -0.112567 -1.634126 -0.916683 0.398842 -0.024846
-0.221068 -0.112139 -1.633957 -0.916739 0.398867 -0.022232
-0.221118 -0.112263 -1.634450 -0.916683 0.398842 -0.024846
-0.222643 -0.116996 -1.632889 -0.916201 0.399773 -0.027525
-0.222312 -0.116120 -1.634886 -0.917090 0.397537 -0.030176
-0.222753 -0.117316 -1.632356 -0.916264 0.399800 -0.024906
-0.222245 -0.115763 -1.634438 -0.917159 0.397567 -0.027554
-0.222113 -0.115159 -1.634026 -0.917159 0.397567 -0.027554
-0.222191 -0.115483 -1.634106 -0.917159 0.397567 -0.027554
-0.222308 -0.115576 -1.632374 -0.916683 0.398842 -0.024846
-0.222854 -0.117737 -1.634252 -0.917090 0.397537 -0.030176
-0.222627 -0.117140 -1.634338 -0.917090 0.397537 -0.030176
-0.222830 -0.117721 -1.634899 -0.917554 0.396246 -0.032911
-0.223318 -0.119000 -1.634640 -0.917554 0.396246 -0.032911
-0.222121 -0.115652 -1.636081 -0.917969 0.395291 -0.032832
-0.222069 -0.115023 -1.634173 -0.917159 0.397567 -0.027554
-0.221934 -0.114721 -1.635144 -0.917090 0.397537 -0.030176
-0.221983 -0.114675 -1.634109 -0.917159 0.397567 -0.027554
-0.221761 -0.113563 -1.632957 -0.916739 0.398867 -0.022232
-0.221590 -0.113272 -1.633673 -0.916683 0.398842 -0.024846
-0.221706 -0.114251 -1.636385 -0.918045 0.395324 -0.030207
-0.221211 -0.112562 -1.634866 -0.916683 0.398842 -0.024846
-0.221719 -0.114199 -1.636035 -0.918045 0.395324 -0.030207
-0.221520 -0.113490 -1.635308 -0.917159 0.397567 -0.027554
-0.221511 -0.113171 -1.634106 -0.916683 0.398842 -0.024846
-0.221539 -0.113931 -1.638062 -0.918427 0.393988 -0.035578
-0.221513 -0.113870 -1.638376 -0.918427 0.393988 -0.035578
-0.221342 -0.113344 -1.637591 -0.917969 0.395291 -0.032832
-0.221561 -0.113982 -1.637715 -0.918838 0.393036 -0.035492
-0.225895 -0.124401 -1.632691 -0.917471 0.396211 -0.035541
-0.224761 -0.122550 -1.633663 -0.917471 0.396211 -0.035541
-0.225228 -0.123341 -1.633348 -0.917471 0.396211 -0.035541
-0.225658 -0.124203 -1.633697 -0.917923 0.394905 -0.038302
-0.225381 -0.123633 -1.633554 -0.918338 0.393950 -0.038209
-0.225577 -0.124151 -1.634669 -0.917827 0.394864 -0.040939
-0.225576 -0.124170 -1.634873 -0.918783 0.392631 -0.040982
-0.225492 -0.124030 -1.635508 -0.918783 0.392631 -0.040982
-0.225757 -0.124500 -1.635551 -0.918680 0.392587 -0.043621
-0.225807 -0.124520 -1.636039 -0.918680 0.392587 -0.043621
-0.226017 -0.124877 -1.636064 -0.918680 0.392587 -0.043621
-0.224777 -0.122680 -1.635369 -0.917827 0.394864 -0.040939
-0.223719 -0.120223 -1.637118 -0.918783 0.392631 -0.040982
-0.223580 -0.119766 -1.635429 -0.918427 0.393988 -0.035578
-0.223940 -0.120793 -1.635512 -0.918338 0.393950 -0.038209
-0.224888 -0.122864 -1.636092 -0.918783 0.392631 -0.040982
-0.225089 -0.123271 -1.635891 -0.918783 0.392631 -0.040982
-0.225129 -0.123297 -1.636405 -0.918680 0.392587 -0.043621
-0.223854 -0.120480 -1.637734 -0.918680 0.392587 -0.043621
-0.223977 -0.120825 -1.637223 -0.918783 0.392631 -0.040982
-0.224574 -0.122140 -1.637008 -0.918680 0.392587 -0.043621
-0.219497 -0.127732 -1.639148 -0.920235 0.387538 -0.054602
-0.225886 -0.124525 -1.637078 -0.919112 0.391253 -0.046420
-0.225124 -0.128821 -1.638003 -0.920235 0.387538 -0.054602
-0.225851 -0.127926 -1.638773 -0.920235 0.387538 -0.054602
-0.224907 -0.122758 -1.637651 -0.919522 0.390301 -0.046307
-0.224869 -0.122617 -1.639188 -0.919947 0.388953 -0.049117
-0.224977 -0.122892 -1.637721 -0.919522 0.390301 -0.046307
-0.225914 -0.124450 -1.637688 -0.918995 0.391203 -0.049066
-0.224592 -0.122063 -1.638999 -0.918995 0.391203 -0.049066
-0.224393 -0.121614 -1.639176 -0.918995 0.391203 -0.049066
-0.225867 -0.124352 -1.638590 -0.919947 0.388953 -0.049117
-0.225829 -0.123838 -1.639176 -0.919824 0.388901 -0.051765
-0.225730 -0.123673 -1.639755 -0.919824 0.388901 -0.051765
-0.224879 -0.122584 -1.640066 -0.919824 0.388901 -0.051765
-0.225490 -0.123046 -1.640691 -0.920642 0.386590 -0.054468
-0.226560 -0.125431 -1.633184 -0.917923 0.394905 -0.038302
-0.226937 -0.125462 -1.633021 -0.917923 0.394905 -0.038302
-0.226584 -0.125319 -1.635049 -0.918680 0.392587 -0.043621
-0.227772 -0.128006 -1.636412 -0.918995 0.391203 -0.049066
-0.226793 -0.127898 -1.637555 -0.919414 0.389853 -0.051892
-0.227054 -0.127826 -1.637242 -0.919824 0.388901 -0.051765
-0.227929 -0.127493 -1.637583 -0.919824 0.388901 -0.051765
-0.226958 -0.127708 -1.637914 -0.919414 0.389853 -0.051892
-0.227571 -0.127258 -1.638273 -0.919414 0.389853 -0.051892
-0.227724 -0.127319 -1.638008 -0.919824 0.388901 -0.051765
-0.223049 -0.118471 -1.637610 -0.919193 0.391679 -0.040882
-0.222698 -0.117420 -1.635662 -0.917554 0.396246 -0.032911
-0.222747 -0.117623 -1.636825 -0.918338 0.393950 -0.038209
-0.222990 -0.118246 -1.636498 -0.918338 0.393950 -0.038209
-0.223222 -0.118833 -1.636018 -0.918427 0.393988 -0.035578
-0.222837 -0.117870 -1.636956 -0.918338 0.393950 -0.038209
-0.222220 -0.115975 -1.636994 -0.918427 0.393988 -0.035578
-0.222389 -0.116485 -1.637866 -0.918338 0.393950 -0.038209
-0.222153 -0.115741 -1.637572 -0.918427 0.393988 -0.035578
-0.222492 -0.116814 -1.637901 -0.918338 0.393950 -0.038209
-0.222762 -0.117685 -1.637654 -0.919289 0.391720 -0.038249
-0.222606 -0.117203 -1.637106 -0.918338 0.393950 -0.038209
-0.223485 -0.119603 -1.637353 -0.918783 0.392631 -0.040982
-0.223292 -0.119173 -1.638609 -0.918680 0.392587 -0.043621
-0.223192 -0.118905 -1.638493 -0.918680 0.392587 -0.043621
-0.222444 -0.116699 -1.639142 -0.919193 0.391679 -0.040882
-0.222038 -0.115444 -1.638761 -0.919289 0.391720 -0.038249
-0.222161 -0.115833 -1.639028 -0.919193 0.391679 -0.040882
-0.222581 -0.117113 -1.639102 -0.918783 0.392631 -0.040982
-0.222326 -0.116335 -1.639038 -0.919193 0.391679 -0.040882
-0.222603 -0.117202 -1.639446 -0.918680 0.392587 -0.043621
-0.222135 -0.115842 -1.639716 -0.919193 0.391679 -0.040882
-0.222435 -0.116799 -1.639934 -0.919632 0.390347 -0.043666
-0.222189 -0.116116 -1.640224 -0.919632 0.390347 -0.043666
-0.221538 -0.114238 -1.641402 -0.920038 0.389399 -0.043560
-0.221825 -0.115160 -1.640918 -0.919632 0.390347 -0.043666
-0.221745 -0.114918 -1.641128 -0.919632 0.390347 -0.043666
-0.223919 -0.120573 -1.639300 -0.919522 0.390301 -0.046307
-0.223716 -0.120137 -1.638968 -0.919522 0.390301 -0.046307
-0.223781 -0.120251 -1.639529 -0.919522 0.390301 -0.046307
-0.223274 -0.119136 -1.639117 -0.919632 0.390347 -0.043666
-0.224191 -0.121171 -1.640244 -0.919947 0.388953 -0.049117
-0.223970 -0.120679 -1.640571 -0.919947 0.388953 -0.049117
-0.223744 -0.120181 -1.641750 -0.920772 0.386644 -0.051818
-0.223566 -0.119775 -1.640489 -0.920354 0.388005 -0.048997
-0.223819 -0.120341 -1.640558 -0.919947 0.388953 -0.049117
-0.224110 -0.120955 -1.641412 -0.920772 0.386644 -0.051818
-0.224034 -0.120603 -1.642721 -0.920642 0.386590 -0.054468
-0.224454 -0.121367 -1.642393 -0.920642 0.386590 -0.054468
-0.223196 -0.118987 -1.642678 -0.920772 0.386644 -0.051818
-0.223247 -0.119066 -1.640550 -0.920470 0.388054 -0.046355
-0.223114 -0.118746 -1.642860 -0.920772 0.386644 -0.051818
-0.222763 -0.117823 -1.640452 -0.919522 0.390301 -0.046307
-0.222801 -0.117949 -1.640929 -0.920470 0.388054 -0.046355
-0.222317 -0.116593 -1.640794 -0.919522 0.390301 -0.046307
-0.222892 -0.118168 -1.640129 -0.919522 0.390301 -0.046307
-0.222020 -0.115776 -1.641054 -0.919632 0.390347 -0.043666
-0.222199 -0.116280 -1.641132 -0.919522 0.390301 -0.046307
-0.222355 -0.116756 -1.642076 -0.920354 0.388005 -0.048997
-0.222528 -0.117293 -1.643409 -0.920772 0.386644 -0.051818
-0.222214 -0.116357 -1.642014 -0.920470 0.388054 -0.046355
-0.222305 -0.116630 -1.642438 -0.920354 0.388005 -0.048997
-0.221855 -0.115263 -1.643051 -0.920354 0.388005 -0.048997
-0.221485 -0.114095 -1.642725 -0.920470 0.388054 -0.046355
-0.221580 -0.114393 -1.642869 -0.920470 0.388054 -0.046355
-0.222171 -0.116270 -1.643132 -0.920354 0.388005 -0.048997
-0.222481 -0.117080 -1.643859 -0.920772 0.386644 -0.051818
-0.222849 -0.117809 -1.643879 -0.920642 0.386590 -0.054468
-0.222665 -0.117385 -1.644247 -0.920642 0.386590 -0.054468
-0.209720 -0.107523 -1.635022 -0.916251 0.400127 -0.019550
-0.209435 -0.106925 -1.635292 -0.916251 0.400127 -0.019550
-0.209086 -0.106167 -1.636327 -0.917205 0.397934 -0.019571
-0.209266 -0.106536 -1.636210 -0.917205 0.397934 -0.019571
-0.209092 -0.106172 -1.637490 -0.916739 0.398867 -0.022232
-0.209355 -0.106750 -1.637242 -0.916683 0.398842 -0.024846
-0.209450 -0.106937 -1.636760 -0.916739 0.398867 -0.022232
-0.208931 -0.105886 -1.638570 -0.917638 0.396639 -0.024872
-0.208524 -0.105052 -1.639186 -0.917638 0.396639 -0.024872
-0.209119 -0.106343 -1.639116 -0.917575 0.396612 -0.027488
-0.209399 -0.106876 -1.637639 -0.917638 0.396639 -0.024872
-0.209092 -0.106184 -1.637696 -0.916683 0.398842 -0.024846
-0.209473 -0.107089 -1.638325 -0.917575 0.396612 -0.027488
-0.209878 -0.107937 -1.637310 -0.917638 0.396639 -0.024872
-0.207867 -0.103550 -1.637713 -0.917205 0.397934 -0.019571
-0.207653 -0.103058 -1.637719 -0.917205 0.397934 -0.019571
-0.207831 -0.103469 -1.637773 -0.917205 0.397934 -0.019571
-0.207870 -0.103619 -1.639029 -0.918050 0.395688 -0.024812
-0.208491 -0.104922 -1.638524 -0.917638 0.396639 -0.024872
-0.208081 -0.104026 -1.637911 -0.917155 0.397912 -0.022179
-0.208302 -0.104502 -1.638128 -0.917155 0.397912 -0.022179
-0.208292 -0.104431 -1.637293 -0.917205 0.397934 -0.019571
-0.209707 -0.107655 -1.639835 -0.918045 0.395324 -0.030207
-0.210113 -0.108463 -1.637230 -0.917638 0.396639 -0.024872
-0.210035 -0.108329 -1.638585 -0.918456 0.394373 -0.030135
-0.210194 -0.108663 -1.638222 -0.917575 0.396612 -0.027488
-0.209824 -0.107875 -1.638625 -0.917575 0.396612 -0.027488
-0.209571 -0.107411 -1.641213 -0.918920 0.393072 -0.032866
-0.209804 -0.107912 -1.641249 -0.918838 0.393036 -0.035492
-0.209993 -0.108310 -1.641047 -0.918838 0.393036 -0.035492
-0.209906 -0.108114 -1.640811 -0.918920 0.393072 -0.032866
-0.209841 -0.108036 -1.641812 -0.918838 0.393036 -0.035492
-0.209706 -0.107731 -1.641775 -0.918838 0.393036 -0.035492
-0.210233 -0.108757 -1.638711 -0.918045 0.395324 -0.030207
-0.210244 -0.108748 -1.637678 -0.917575 0.396612 -0.027488
-0.210618 -0.109513 -1.638976 -0.918045 0.395324 -0.030207
-0.210608 -0.109472 -1.638223 -0.918045 0.395324 -0.030207
-0.208354 -0.104735 -1.639893 -0.917575 0.396612 -0.027488
-0.209139 -0.106496 -1.641589 -0.918920 0.393072 -0.032866
-0.208770 -0.105640 -1.639999 -0.918526 0.394403 -0.027516
-0.209214 -0.106651 -1.641363 -0.918920 0.393072 -0.032866
-0.208135 -0.104287 -1.640262 -0.918526 0.394403 -0.027516
-0.207855 -0.103734 -1.641905 -0.918456 0.394373 -0.030135
-0.208219 -0.104496 -1.640678 -0.918526 0.394403 -0.027516
-0.208932 -0.106113 -1.642393 -0.918838 0.393036 -0.035492
-0.209115 -0.106477 -1.642194 -0.918838 0.393036 -0.035492
-0.208618 -0.105362 -1.641152 -0.918456 0.394373 -0.030135
-0.208167 -0.104491 -1.643076 -0.918838 0.393036 -0.035492
-0.208873 -0.106021 -1.643114 -0.919785 0.390810 -0.035528
-0.208036 -0.104228 -1.643293 -0.918838 0.393036 -0.035492
-0.219872 -0.109478 -1.634441 -0.915831 0.401085 -0.019597
-0.219095 -0.107250 -1.633231 -0.915375 0.402348 -0.014323
-0.219792 -0.109245 -1.634544 -0.915831 0.401085 -0.019597
-0.219780 -0.109214 -1.634239 -0.916251 0.400127 -0.019550
-0.219056 -0.107110 -1.635627 -0.916251 0.400127 -0.019550
-0.219284 -0.107791 -1.633599 -0.915337 0.402332 -0.016927
-0.219819 -0.109331 -1.633885 -0.916251 0.400127 -0.019550
-0.218488 -0.105787 -1.633817 -0.915375 0.402348 -0.014323
-0.218890 -0.106704 -1.633140 -0.915375 0.402348 -0.014323
-0.218626 -0.106089 -1.634517 -0.915337 0.402332 -0.016927
-0.220106 -0.110174 -1.634987 -0.916739 0.398867 -0.022232
-0.219746 -0.109146 -1.636007 -0.916683 0.398842 -0.024846
-0.219569 -0.108623 -1.635904 -0.916739 0.398867 -0.022232
-0.219314 -0.107867 -1.635744 -0.916739 0.398867 -0.022232
-0.219833 -0.109414 -1.636383 -0.917638 0.396639 -0.024872
-0.219364 -0.108012 -1.635717 -0.916739 0.398867 -0.022232
-0.217262 -0.103307 -1.636532 -0.916295 0.400146 -0.016944
-0.217207 -0.103114 -1.637532 -0.917205 0.397934 -0.019571
-0.217484 -0.103677 -1.637656 -0.917205 0.397934 -0.019571
-0.217097 -0.102923 -1.637050 -0.916295 0.400146 -0.016944
-0.217985 -0.104854 -1.638904 -0.917638 0.396639 -0.024872
-0.217876 -0.104579 -1.638561 -0.917638 0.396639 -0.024872
-0.216925 -0.102568 -1.638906 -0.917155 0.397912 -0.022179
-0.216896 -0.102571 -1.639575 -0.918050 0.395688 -0.024812
-0.218395 -0.105646 -1.635219 -0.916295 0.400146 -0.016944
-0.217873 -0.104625 -1.635107 -0.915337 0.402332 -0.016927
-0.218059 -0.105030 -1.635721 -0.916295 0.400146 -0.016944
-0.218650 -0.106226 -1.637110 -0.916739 0.398867 -0.022232
-0.217862 -0.104636 -1.635636 -0.916295 0.400146 -0.016944
-0.218816 -0.106573 -1.638081 -0.917638 0.396639 -0.024872
-0.218123 -0.105173 -1.636893 -0.917205 0.397934 -0.019571
-0.218456 -0.105849 -1.638147 -0.917638 0.396639 -0.024872
-0.218331 -0.105596 -1.638219 -0.917638 0.396639 -0.024872
-0.218081 -0.105088 -1.637248 -0.917155 0.397912 -0.022179
-0.218626 -0.106194 -1.638881 -0.917575 0.396612 -0.027488
-0.219456 -0.108332 -1.637148 -0.917638 0.396639 -0.024872
-0.219691 -0.109041 -1.637695 -0.917575 0.396612 -0.027488
-0.219318 -0.107967 -1.637677 -0.917575 0.396612 -0.027488
-0.219710 -0.109089 -1.637568 -0.917575 0.396612 -0.027488
-0.218925 -0.106870 -1.638740 -0.917575 0.396612 -0.027488
-0.219753 -0.109209 -1.639516 -0.917969 0.395291 -0.032832
-0.219469 -0.108428 -1.638245 -0.917575 0.396612 -0.027488
-0.219701 -0.109085 -1.638469 -0.918045 0.395324 -0.030207
-0.219485 -0.108442 -1.639712 -0.917969 0.395291 -0.032832
-0.219746 -0.109203 -1.638805 -0.918045 0.395324 -0.030207
-0.219920 -0.109591 -1.640876 -0.918838 0.393036 -0.035492
-0.220147 -0.110245 -1.639490 -0.918920 0.393072 -0.032866
-0.220365 -0.110818 -1.639341 -0.918920 0.393072 -0.032866
-0.220126 -0.110207 -1.639146 -0.917969 0.395291 -0.032832
-0.220146 -0.110233 -1.639665 -0.918920 0.393072 -0.032866
-0.220590 -0.111342 -1.640626 -0.919289 0.391720 -0.038249
-0.220322 -0.110644 -1.640650 -0.918838 0.393036 -0.035492
-0.217505 -0.103820 -1.639941 -0.917638 0.396639 -0.024872
-0.217460 -0.103722 -1.639878 -0.917638 0.396639 -0.024872
-0.217653 -0.104250 -1.640988 -0.918456 0.394373 -0.030135
-0.217890 -0.104673 -1.640145 -0.918526 0.394403 -0.027516
-0.218232 -0.105649 -1.641874 -0.918920 0.393072 -0.032866
-0.218238 -0.105728 -1.642359 -0.918838 0.393036 -0.035492
-0.217565 -0.104175 -1.641928 -0.919404 0.392157 -0.030166
-0.217797 -0.104725 -1.642081 -0.918920 0.393072 -0.032866
-0.218845 -0.106737 -1.639316 -0.918526 0.394403 -0.027516
-0.218356 -0.105679 -1.639846 -0.918526 0.394403 -0.027516
-0.219030 -0.107164 -1.639336 -0.918456 0.394373 -0.030135
-0.218913 -0.107109 -1.642048 -0.918838 0.393036 -0.035492
-0.218565 -0.106269 -1.641680 -0.918920 0.393072 -0.032866
-0.218916 -0.107077 -1.640865 -0.918920 0.393072 -0.032866
-0.219093 -0.107521 -1.641527 -0.918838 0.393036 -0.035492
-0.215548 -0.099084 -1.639022 -0.916712 0.399192 -0.016904
-0.215425 -0.098912 -1.639442 -0.917205 0.397934 -0.019571
-0.215530 -0.099002 -1.638879 -0.916712 0.399192 -0.016904
-0.215106 -0.098094 -1.639177 -0.916712 0.399192 -0.016904
-0.214049 -0.096105 -1.641023 -0.917618 0.396984 -0.019524
-0.214318 -0.096688 -1.640975 -0.917618 0.396984 -0.019524
-0.214287 -0.096614 -1.640917 -0.917618 0.396984 -0.019524
-0.215801 -0.100071 -1.640724 -0.918106 0.395713 -0.022202
-0.215101 -0.098394 -1.640467 -0.917205 0.397934 -0.019571
-0.214989 -0.098195 -1.641748 -0.918106 0.395713 -0.022202
-0.214958 -0.098079 -1.640953 -0.917155 0.397912 -0.022179
-0.214445 -0.097346 -1.642666 -0.918050 0.395688 -0.024812
-0.214376 -0.097189 -1.642704 -0.918050 0.395688 -0.024812
-0.214380 -0.096937 -1.641466 -0.917205 0.397934 -0.019571
-0.214574 -0.097654 -1.643113 -0.918997 0.393482 -0.024838
-0.214656 -0.097663 -1.642172 -0.918106 0.395713 -0.022202
-0.215020 -0.098714 -1.643945 -0.918456 0.394373 -0.030135
-0.214826 -0.098077 -1.642876 -0.918050 0.395688 -0.024812
-0.214722 -0.098149 -1.644344 -0.918456 0.394373 -0.030135
-0.214374 -0.097455 -1.644725 -0.918456 0.394373 -0.030135
-0.214601 -0.097918 -1.644606 -0.919404 0.392157 -0.030166
-0.214875 -0.098459 -1.644223 -0.918456 0.394373 -0.030135
-0.213999 -0.096812 -1.646624 -0.919328 0.392124 -0.032786
-0.215409 -0.099624 -1.644459 -0.919404 0.392157 -0.030166
-0.216434 -0.101397 -1.637622 -0.916295 0.400146 -0.016944
-0.216520 -0.101656 -1.638252 -0.917205 0.397934 -0.019571
-0.215646 -0.099356 -1.636581 -0.915826 0.401405 -0.011691
-0.215869 -0.100054 -1.638524 -0.916295 0.400146 -0.016944
-0.215874 -0.100028 -1.637993 -0.916712 0.399192 -0.016904
-0.215648 -0.099375 -1.638506 -0.916712 0.399192 -0.016904
-0.215551 -0.099067 -1.637732 -0.916749 0.399208 -0.014304
-0.215685 -0.099495 -1.638376 -0.916712 0.399192 -0.016904
-0.216233 -0.101044 -1.639669 -0.917155 0.397912 -0.022179
-0.216506 -0.101686 -1.639528 -0.917155 0.397912 -0.022179
-0.216462 -0.101580 -1.639516 -0.917155 0.397912 -0.022179
-0.216708 -0.102194 -1.640698 -0.917638 0.396639 -0.024872
-0.216927 -0.102686 -1.641104 -0.918526 0.394403 -0.027516
-0.215481 -0.099462 -1.642053 -0.918050 0.395688 -0.024812
-0.215863 -0.100303 -1.641185 -0.918050 0.395688 -0.024812
-0.215451 -0.099464 -1.642464 -0.918934 0.393455 -0.027450
-0.216401 -0.101639 -1.642156 -0.918526 0.394403 -0.027516
-0.216659 -0.102316 -1.642991 -0.919404 0.392157 -0.030166
-0.217249 -0.103684 -1.643543 -0.918838 0.393036 -0.035492
-0.216688 -0.102262 -1.642099 -0.918456 0.394373 -0.030135
-0.217169 -0.103471 -1.643260 -0.918920 0.393072 -0.032866
-0.216579 -0.102055 -1.642345 -0.918456 0.394373 -0.030135
-0.217093 -0.103415 -1.644115 -0.919785 0.390810 -0.035528
-0.216237 -0.101279 -1.642266 -0.918526 0.394403 -0.027516
-0.216199 -0.101122 -1.641644 -0.918526 0.394403 -0.027516
-0.216631 -0.102468 -1.644823 -0.919785 0.390810 -0.035528
-0.216145 -0.101303 -1.644310 -0.919328 0.392124 -0.032786
-0.216604 -0.102290 -1.643804 -0.919328 0.392124 -0.032786
-0.215622 -0.099985 -1.643196 -0.918526 0.394403 -0.027516
-0.215826 -0.100491 -1.643580 -0.919404 0.392157 -0.030166
-0.216581 -0.102255 -1.643957 -0.919328 0.392124 -0.032786
-0.215621 -0.099935 -1.642783 -0.918526 0.394403 -0.027516
-0.215587 -0.099996 -1.644001 -0.919404 0.392157 -0.030166
-0.217583 -0.104392 -1.643158 -0.918838 0.393036 -0.035492
-0.217579 -0.104535 -1.644232 -0.919696 0.390772 -0.038156
-0.217558 -0.104436 -1.643873 -0.919785 0.390810 -0.035528
-0.216838 -0.102977 -1.645239 -0.919696 0.390772 -0.038156
-0.215994 -0.101090 -1.645408 -0.919785 0.390810 -0.035528
-0.210002 -0.108411 -1.642150 -0.919696 0.390772 -0.038156
-0.210153 -0.108737 -1.642384 -0.919289 0.391720 -0.038249
-0.210006 -0.108428 -1.642321 -0.919696 0.390772 -0.038156
-0.209744 -0.107986 -1.643553 -0.920141 0.389443 -0.040924
-0.209599 -0.107769 -1.644244 -0.920141 0.389443 -0.040924
-0.210053 -0.108734 -1.645098 -0.920982 0.387156 -0.043605
-0.210465 -0.109518 -1.644424 -0.920038 0.389399 -0.043560
-0.210056 -0.108774 -1.645644 -0.920873 0.387110 -0.046242
-0.211104 -0.110672 -1.641099 -0.919289 0.391720 -0.038249
-0.210734 -0.109974 -1.641691 -0.919289 0.391720 -0.038249
-0.210676 -0.109694 -1.640324 -0.918838 0.393036 -0.035492
-0.210955 -0.110275 -1.640338 -0.918838 0.393036 -0.035492
-0.211077 -0.110830 -1.643350 -0.920038 0.389399 -0.043560
-0.211225 -0.111181 -1.643723 -0.920982 0.387156 -0.043605
-0.210660 -0.109825 -1.641828 -0.919289 0.391720 -0.038249
-0.210734 -0.110046 -1.643860 -0.920038 0.389399 -0.043560
-0.208862 -0.106160 -1.645245 -0.920141 0.389443 -0.040924
-0.208928 -0.106136 -1.643204 -0.919696 0.390772 -0.038156
-0.208704 -0.105723 -1.644105 -0.919696 0.390772 -0.038156
-0.209305 -0.107114 -1.644642 -0.920141 0.389443 -0.040924
-0.209339 -0.107103 -1.643710 -0.919289 0.391720 -0.038249
-0.209389 -0.107123 -1.642755 -0.919696 0.390772 -0.038156
-0.207941 -0.104137 -1.645063 -0.919696 0.390772 -0.038156
-0.208570 -0.105546 -1.645528 -0.920141 0.389443 -0.040924
-0.209746 -0.108141 -1.645677 -0.920873 0.387110 -0.046242
-0.209224 -0.107001 -1.645871 -0.920982 0.387156 -0.043605
-0.208786 -0.106087 -1.646470 -0.920982 0.387156 -0.043605
-0.208460 -0.105411 -1.647023 -0.920873 0.387110 -0.046242
-0.208804 -0.106151 -1.646835 -0.920873 0.387110 -0.046242
-0.208200 -0.104769 -1.645958 -0.920141 0.389443 -0.040924
-0.210932 -0.110548 -1.644994 -0.920470 0.388054 -0.046355
-0.210928 -0.110557 -1.645187 -0.920470 0.388054 -0.046355
-0.211412 -0.111762 -1.646907 -0.921985 0.383387 -0.054390
-0.210802 -0.110338 -1.645902 -0.921298 0.385752 -0.049048
-0.210710 -0.110095 -1.645347 -0.920470 0.388054 -0.046355
-0.210130 -0.108985 -1.646397 -0.921298 0.385752 -0.049048
-0.210166 -0.109082 -1.646634 -0.921298 0.385752 -0.049048
-0.210825 -0.110497 -1.647215 -0.921175 0.385701 -0.051692
-0.211467 -0.111815 -1.645781 -0.921175 0.385701 -0.051692
-0.211391 -0.111611 -1.644979 -0.920354 0.388005 -0.048997
-0.211546 -0.112003 -1.645917 -0.921175 0.385701 -0.051692
-0.212342 -0.113787 -1.646002 -0.921586 0.384327 -0.054524
-0.212113 -0.113255 -1.645495 -0.921175 0.385701 -0.051692
-0.212062 -0.113149 -1.645707 -0.921175 0.385701 -0.051692
-0.211889 -0.112775 -1.646047 -0.921175 0.385701 -0.051692
-0.209397 -0.107473 -1.647125 -0.921298 0.385752 -0.049048
-0.209558 -0.107876 -1.647800 -0.921298 0.385752 -0.049048
-0.209271 -0.107278 -1.648219 -0.921298 0.385752 -0.049048
-0.208989 -0.106641 -1.647992 -0.921298 0.385752 -0.049048
-0.209150 -0.106990 -1.647915 -0.921298 0.385752 -0.049048
-0.210115 -0.109044 -1.647578 -0.921175 0.385701 -0.051692
-0.209705 -0.108247 -1.648499 -0.922115 0.383441 -0.051745
-0.210477 -0.109832 -1.647916 -0.922115 0.383441 -0.051745
-0.210258 -0.109564 -1.650042 -0.922389 0.381999 -0.057233
-0.210522 -0.110137 -1.650198 -0.922245 0.381940 -0.059886
-0.210416 -0.109911 -1.650167 -0.922389 0.381999 -0.057233
-0.210432 -0.109852 -1.649228 -0.922389 0.381999 -0.057233
-0.209038 -0.106933 -1.650538 -0.922921 0.381120 -0.054446
-0.209176 -0.107177 -1.649495 -0.921985 0.383387 -0.054390
-0.209107 -0.107049 -1.649860 -0.921985 0.383387 -0.054390
-0.209033 -0.106938 -1.650788 -0.922784 0.381063 -0.057093
-0.209986 -0.109005 -1.650431 -0.922389 0.381999 -0.057233
-0.209483 -0.107815 -1.649217 -0.921985 0.383387 -0.054390
-0.209393 -0.107722 -1.650695 -0.922389 0.381999 -0.057233
-0.220305 -0.110573 -1.641327 -0.919289 0.391720 -0.038249
-0.220781 -0.111942 -1.641711 -0.919193 0.391679 -0.040882
-0.220543 -0.111237 -1.641435 -0.919289 0.391720 -0.038249
-0.220069 -0.110094 -1.641961 -0.919289 0.391720 -0.038249
-0.221019 -0.112562 -1.641742 -0.920141 0.389443 -0.040924
-0.220975 -0.112354 -1.641297 -0.919193 0.391679 -0.040882
-0.220777 -0.112143 -1.643591 -0.920470 0.388054 -0.046355
-0.218630 -0.106687 -1.643575 -0.919696 0.390772 -0.038156
-0.218582 -0.106559 -1.643420 -0.919696 0.390772 -0.038156
-0.219423 -0.108319 -1.641772 -0.919785 0.390810 -0.035528
-0.219616 -0.108803 -1.641638 -0.919785 0.390810 -0.035528
-0.219810 -0.109564 -1.642593 -0.919193 0.391679 -0.040882
-0.219493 -0.109126 -1.643912 -0.920038 0.389399 -0.043560
-0.219455 -0.108989 -1.643783 -0.920141 0.389443 -0.040924
-0.219334 -0.108857 -1.644388 -0.920038 0.389399 -0.043560
-0.220071 -0.110590 -1.643842 -0.920038 0.389399 -0.043560
-0.219220 -0.108397 -1.643824 -0.920141 0.389443 -0.040924
-0.218937 -0.107804 -1.644466 -0.920141 0.389443 -0.040924
-0.219235 -0.108567 -1.644269 -0.920038 0.389399 -0.043560
-0.218590 -0.107182 -1.645596 -0.920982 0.387156 -0.043605
-0.218464 -0.106812 -1.645527 -0.920038 0.389399 -0.043560
-0.218483 -0.106800 -1.645314 -0.920038 0.389399 -0.043560
-0.218811 -0.107148 -1.643450 -0.919696 0.390772 -0.038156
-0.220908 -0.112776 -1.644570 -0.920354 0.388005 -0.048997
-0.221972 -0.115804 -1.644184 -0.920772 0.386644 -0.051818
-0.221383 -0.114083 -1.644018 -0.920354 0.388005 -0.048997
-0.221910 -0.115473 -1.643514 -0.921298 0.385752 -0.049048
-0.221726 -0.115136 -1.644328 -0.921175 0.385701 -0.051692
-0.221583 -0.114407 -1.642944 -0.920470 0.388054 -0.046355
-0.221404 -0.114063 -1.643665 -0.920354 0.388005 -0.048997
-0.219645 -0.109879 -1.645164 -0.920470 0.388054 -0.046355
-0.219596 -0.109844 -1.645511 -0.920470 0.388054 -0.046355
-0.220053 -0.110898 -1.645248 -0.920354 0.388005 -0.048997
-0.219766 -0.110171 -1.645147 -0.920470 0.388054 -0.046355
-0.220827 -0.112530 -1.644492 -0.920354 0.388005 -0.048997
-0.222017 -0.115924 -1.644206 -0.920772 0.386644 -0.051818
-0.221710 -0.114967 -1.645185 -0.920642 0.386590 -0.054468
-0.221564 -0.114644 -1.645002 -0.920772 0.386644 -0.051818
-0.221532 -0.114624 -1.644705 -0.921175 0.385701 -0.051692
-0.221975 -0.115662 -1.644991 -0.920642 0.386590 -0.054468
-0.221329 -0.114086 -1.644893 -0.921175 0.385701 -0.051692
-0.222046 -0.115736 -1.645490 -0.921586 0.384327 -0.054524
-0.221047 -0.113305 -1.646205 -0.921586 0.384327 -0.054524
-0.219282 -0.109379 -1.647560 -0.921175 0.385701 -0.051692
-0.219209 -0.109149 -1.647304 -0.921175 0.385701 -0.051692
-0.219506 -0.110022 -1.647855 -0.922115 0.383441 -0.051745
-0.220443 -0.111919 -1.645588 -0.921298 0.385752 -0.049048
-0.220040 -0.111149 -1.646780 -0.921175 0.385701 -0.051692
-0.220035 -0.111113 -1.646638 -0.921175 0.385701 -0.051692
-0.219877 -0.110876 -1.647491 -0.921985 0.383387 -0.054390
-0.219638 -0.110265 -1.647296 -0.921175 0.385701 -0.051692
-0.220745 -0.112780 -1.646592 -0.921586 0.384327 -0.054524
-0.219939 -0.111049 -1.647667 -0.921985 0.383387 -0.054390
-0.215894 -0.100907 -1.646226 -0.919696 0.390772 -0.038156
-0.215601 -0.100374 -1.646666 -0.919696 0.390772 -0.038156
-0.215938 -0.101182 -1.647812 -0.920544 0.388499 -0.040825
-0.215375 -0.100133 -1.648693 -0.921485 0.386259 -0.040867
-0.215684 -0.100866 -1.649212 -0.920982 0.387156 -0.043605
-0.215798 -0.101071 -1.648986 -0.920982 0.387156 -0.043605
-0.215549 -0.100563 -1.649382 -0.920982 0.387156 -0.043605
-0.208816 -0.106308 -1.648480 -0.921298 0.385752 -0.049048
-0.208234 -0.105215 -1.649948 -0.922115 0.383441 -0.051745
-0.215753 -0.101175 -1.650462 -0.921813 0.384860 -0.046289
-0.215319 -0.100316 -1.651062 -0.921697 0.384812 -0.048928
-0.215997 -0.101754 -1.650563 -0.921697 0.384812 -0.048928
-0.215958 -0.101670 -1.650586 -0.921697 0.384812 -0.048928
-0.216154 -0.101997 -1.650145 -0.921697 0.384812 -0.048928
-0.215853 -0.102082 -1.652910 -0.922921 0.381120 -0.054446
-0.215712 -0.101469 -1.652082 -0.922511 0.382504 -0.051618
-0.216261 -0.102743 -1.652417 -0.922921 0.381120 -0.054446
-0.216650 -0.103645 -1.652387 -0.922921 0.381120 -0.054446
-0.216740 -0.103924 -1.652526 -0.922784 0.381063 -0.057093
-0.216185 -0.101535 -1.646402 -0.920640 0.388539 -0.038195
-0.217486 -0.104516 -1.645344 -0.920544 0.388499 -0.040825
-0.218208 -0.106169 -1.645059 -0.920141 0.389443 -0.040924
-0.218146 -0.105942 -1.644618 -0.920544 0.388499 -0.040825
-0.218053 -0.105682 -1.644404 -0.919696 0.390772 -0.038156
-0.218190 -0.106141 -1.645135 -0.920141 0.389443 -0.040924
-0.216839 -0.103071 -1.646134 -0.920544 0.388499 -0.040825
-0.217134 -0.104003 -1.647953 -0.920873 0.387110 -0.046242
-0.216572 -0.102499 -1.646733 -0.920544 0.388499 -0.040825
-0.216898 -0.103135 -1.645499 -0.919696 0.390772 -0.038156
-0.217749 -0.105307 -1.646549 -0.920982 0.387156 -0.043605
-0.217541 -0.104725 -1.645874 -0.920141 0.389443 -0.040924
-0.217516 -0.104665 -1.645875 -0.920141 0.389443 -0.040924
-0.217121 -0.103692 -1.645645 -0.920640 0.388539 -0.038195
-0.217201 -0.103889 -1.645701 -0.920544 0.388499 -0.040825
-0.216141 -0.101746 -1.648608 -0.920982 0.387156 -0.043605
-0.216396 -0.102309 -1.648348 -0.920982 0.387156 -0.043605
-0.216758 -0.103266 -1.649023 -0.921813 0.384860 -0.046289
-0.216700 -0.103019 -1.648299 -0.920982 0.387156 -0.043605
-0.216241 -0.101964 -1.648489 -0.920982 0.387156 -0.043605
-0.217541 -0.105006 -1.648137 -0.921813 0.384860 -0.046289
-0.217470 -0.104934 -1.648871 -0.921697 0.384812 -0.048928
-0.217942 -0.105936 -1.647828 -0.921813 0.384860 -0.046289
-0.217797 -0.105813 -1.649531 -0.922115 0.383441 -0.051745
-0.217396 -0.104780 -1.649057 -0.921697 0.384812 -0.048928
-0.218341 -0.107073 -1.649057 -0.922115 0.383441 -0.051745
-0.218584 -0.107815 -1.650146 -0.922921 0.381120 -0.054446
-0.218533 -0.107497 -1.648730 -0.922115 0.383441 -0.051745
-0.218264 -0.106917 -1.649283 -0.922115 0.383441 -0.051745
-0.218167 -0.106634 -1.648948 -0.921175 0.385701 -0.051692
-0.218727 -0.108072 -1.649459 -0.921985 0.383387 -0.054390
-0.218057 -0.106563 -1.650384 -0.921985 0.383387 -0.054390
-0.217772 -0.105869 -1.650392 -0.921985 0.383387 -0.054390
-0.216959 -0.103749 -1.649377 -0.921697 0.384812 -0.048928
-0.216360 -0.102432 -1.649825 -0.921697 0.384812 -0.048928
-0.216730 -0.103232 -1.649354 -0.921697 0.384812 -0.048928
-0.217366 -0.104820 -1.649979 -0.922115 0.383441 -0.051745
-0.217511 -0.105235 -1.650454 -0.922115 0.383441 -0.051745
-0.216981 -0.103815 -1.649532 -0.921697 0.384812 -0.048928
-0.216810 -0.103525 -1.650615 -0.922115 0.383441 -0.051745
-0.217049 -0.104571 -1.652114 -0.922784 0.381063 -0.057093
-0.217141 -0.104461 -1.651183 -0.921985 0.383387 -0.054390
-0.217256 -0.104763 -1.651175 -0.921985 0.383387 -0.054390
-0.218152 -0.125642 -1.642191 -0.920902 0.385153 -0.059972
-0.218506 -0.126214 -1.640996 -0.921046 0.385213 -0.057315
-0.219443 -0.126723 -1.641504 -0.920902 0.385153 -0.059972
-0.218508 -0.126058 -1.641593 -0.920902 0.385153 -0.059972
-0.219113 -0.126103 -1.642740 -0.921695 0.382817 -0.062691
-0.216562 -0.122739 -1.642782 -0.921046 0.385213 -0.057315
-0.216176 -0.122180 -1.643849 -0.920902 0.385153 -0.059972
-0.216639 -0.123019 -1.643520 -0.920902 0.385153 -0.059972
-0.216119 -0.122098 -1.644399 -0.921846 0.382879 -0.060033
-0.216712 -0.123038 -1.644577 -0.921695 0.382817 -0.062691
-0.216495 -0.122764 -1.644465 -0.921695 0.382817 -0.062691
-0.216818 -0.123048 -1.644814 -0.921695 0.382817 -0.062691
-0.217639 -0.124980 -1.641561 -0.921046 0.385213 -0.057315
-0.216705 -0.123007 -1.642306 -0.921046 0.385213 -0.057315
-0.217428 -0.124541 -1.642239 -0.920902 0.385153 -0.059972
-0.217677 -0.125027 -1.642429 -0.920902 0.385153 -0.059972
-0.216977 -0.123619 -1.643365 -0.921846 0.382879 -0.060033
-0.217937 -0.124754 -1.643768 -0.921695 0.382817 -0.062691
-0.219366 -0.125817 -1.643386 -0.921292 0.383760 -0.062846
-0.219616 -0.126105 -1.643111 -0.921292 0.383760 -0.062846
-0.218874 -0.125075 -1.644082 -0.921292 0.383760 -0.062846
-0.219735 -0.125142 -1.644034 -0.921292 0.383760 -0.062846
-0.217070 -0.123693 -1.644069 -0.921695 0.382817 -0.062691
-0.217429 -0.123946 -1.644375 -0.921695 0.382817 -0.062691
-0.218351 -0.124681 -1.644336 -0.921292 0.383760 -0.062846
-0.217461 -0.122725 -1.645683 -0.922077 0.381411 -0.065576
-0.218176 -0.123568 -1.645337 -0.922077 0.381411 -0.065576
-0.218126 -0.123048 -1.645583 -0.922077 0.381411 -0.065576
-0.218840 -0.123732 -1.645256 -0.922077 0.381411 -0.065576
-0.219085 -0.124332 -1.644837 -0.922077 0.381411 -0.065576
-0.213797 -0.117175 -1.646764 -0.921846 0.382879 -0.060033
-0.214298 -0.118461 -1.647102 -0.921695 0.382817 -0.062691
-0.214379 -0.118689 -1.647787 -0.922476 0.380471 -0.065414
-0.214213 -0.118311 -1.648486 -0.922476 0.380471 -0.065414
-0.213811 -0.117513 -1.648510 -0.922476 0.380471 -0.065414
-0.212997 -0.115737 -1.648875 -0.922634 0.380537 -0.062755
-0.213080 -0.116011 -1.649360 -0.922476 0.380471 -0.065414
-0.213087 -0.116060 -1.649546 -0.922476 0.380471 -0.065414
-0.213835 -0.117614 -1.648831 -0.922476 0.380471 -0.065414
-0.213023 -0.115938 -1.650012 -0.923412 0.378184 -0.065481
-0.214389 -0.118110 -1.649170 -0.923247 0.378117 -0.068141
-0.214082 -0.117378 -1.649865 -0.923247 0.378117 -0.068141
-0.213697 -0.117294 -1.649565 -0.923412 0.378184 -0.065481
-0.213809 -0.117073 -1.650015 -0.923247 0.378117 -0.068141
-0.213613 -0.116604 -1.650305 -0.923247 0.378117 -0.068141
-0.215660 -0.121247 -1.645413 -0.921695 0.382817 -0.062691
-0.215050 -0.119920 -1.645590 -0.921846 0.382879 -0.060033
-0.214859 -0.119258 -1.644062 -0.921449 0.384269 -0.057175
-0.215088 -0.120052 -1.645895 -0.921695 0.382817 -0.062691
-0.214306 -0.118421 -1.646672 -0.921695 0.382817 -0.062691
-0.214218 -0.118017 -1.645524 -0.921449 0.384269 -0.057175
-0.214910 -0.119629 -1.645696 -0.921846 0.382879 -0.060033
-0.214594 -0.119120 -1.646903 -0.922634 0.380537 -0.062755
-0.215483 -0.120883 -1.645855 -0.921695 0.382817 -0.062691
-0.216998 -0.121959 -1.646245 -0.922476 0.380471 -0.065414
-0.217258 -0.121895 -1.646316 -0.922476 0.380471 -0.065414
-0.215244 -0.120378 -1.646319 -0.921695 0.382817 -0.062691
-0.215122 -0.120072 -1.646788 -0.922634 0.380537 -0.062755
-0.215305 -0.120167 -1.647000 -0.922476 0.380471 -0.065414
-0.215253 -0.119639 -1.647649 -0.922476 0.380471 -0.065414
-0.215816 -0.119935 -1.647482 -0.922476 0.380471 -0.065414
-0.216305 -0.121043 -1.646930 -0.922476 0.380471 -0.065414
-0.216918 -0.120273 -1.647281 -0.922476 0.380471 -0.065414
-0.217128 -0.120930 -1.646983 -0.922476 0.380471 -0.065414
-0.217797 -0.122256 -1.645977 -0.922476 0.380471 -0.065414
-0.218613 -0.122540 -1.645830 -0.922476 0.380471 -0.065414
-0.218841 -0.121745 -1.646051 -0.922476 0.380471 -0.065414
-0.218987 -0.121516 -1.646074 -0.922634 0.380537 -0.062755
-0.219808 -0.123278 -1.645362 -0.922077 0.381411 -0.065576
-0.219866 -0.122287 -1.645655 -0.922634 0.380537 -0.062755
-0.217741 -0.120069 -1.647046 -0.922476 0.380471 -0.065414
-0.218955 -0.120635 -1.646337 -0.922634 0.380537 -0.062755
-0.218511 -0.120456 -1.646534 -0.922634 0.380537 -0.062755
-0.219526 -0.120505 -1.646284 -0.922634 0.380537 -0.062755
-0.220885 -0.121617 -1.645870 -0.922634 0.380537 -0.062755
-0.219990 -0.120346 -1.646322 -0.921695 0.382817 -0.062691
-0.220856 -0.120591 -1.646242 -0.922634 0.380537 -0.062755
-0.215516 -0.119098 -1.648322 -0.922476 0.380471 -0.065414
-0.216021 -0.118314 -1.649025 -0.923247 0.378117 -0.068141
-0.217309 -0.119500 -1.647470 -0.922476 0.380471 -0.065414
-0.217508 -0.118318 -1.648350 -0.922476 0.380471 -0.065414
-0.216609 -0.118415 -1.648699 -0.922476 0.380471 -0.065414
-0.218024 -0.119444 -1.647236 -0.922634 0.380537 -0.062755
-0.218434 -0.118771 -1.647569 -0.922634 0.380537 -0.062755
-0.220181 -0.119851 -1.646583 -0.922634 0.380537 -0.062755
-0.219725 -0.119773 -1.646639 -0.922634 0.380537 -0.062755
-0.221117 -0.119653 -1.646641 -0.922634 0.380537 -0.062755
-0.220778 -0.118364 -1.647272 -0.922634 0.380537 -0.062755
-0.219839 -0.118693 -1.647280 -0.922634 0.380537 -0.062755
-0.219117 -0.117388 -1.648566 -0.922476 0.380471 -0.065414
-0.218113 -0.117016 -1.649307 -0.922476 0.380471 -0.065414
-0.219438 -0.117660 -1.648211 -0.922634 0.380537 -0.062755
-0.221636 -0.117758 -1.647365 -0.921695 0.382817 -0.062691
-0.220441 -0.117782 -1.647695 -0.922634 0.380537 -0.062755
-0.221260 -0.116557 -1.648145 -0.922634 0.380537 -0.062755
-0.221872 -0.117042 -1.647676 -0.921695 0.382817 -0.062691
-0.220180 -0.117970 -1.647669 -0.922634 0.380537 -0.062755
-0.214689 -0.117687 -1.649736 -0.923247 0.378117 -0.068141
-0.215301 -0.117898 -1.649557 -0.923247 0.378117 -0.068141
-0.215948 -0.117273 -1.649850 -0.923247 0.378117 -0.068141
-0.216861 -0.117739 -1.649158 -0.923412 0.378184 -0.065481
-0.216478 -0.117583 -1.649424 -0.923412 0.378184 -0.065481
-0.217119 -0.117118 -1.649564 -0.923412 0.378184 -0.065481
-0.220192 -0.127710 -1.639642 -0.920098 0.387480 -0.057256
-0.220306 -0.127589 -1.639862 -0.920098 0.387480 -0.057256
-0.220711 -0.127441 -1.640378 -0.921046 0.385213 -0.057315
-0.221334 -0.127453 -1.640903 -0.920902 0.385153 -0.059972
-0.222813 -0.128465 -1.639583 -0.921046 0.385213 -0.057315
-0.222211 -0.128527 -1.639597 -0.921046 0.385213 -0.057315
-0.221478 -0.127617 -1.640418 -0.920902 0.385153 -0.059972
-0.221967 -0.127566 -1.640790 -0.920902 0.385153 -0.059972
-0.223130 -0.128043 -1.640039 -0.921046 0.385213 -0.057315
-0.220862 -0.127314 -1.641023 -0.920902 0.385153 -0.059972
-0.219728 -0.126898 -1.641268 -0.920902 0.385153 -0.059972
-0.221787 -0.127405 -1.641243 -0.920902 0.385153 -0.059972
-0.222665 -0.127375 -1.641185 -0.920902 0.385153 -0.059972
-0.221885 -0.127047 -1.642211 -0.921292 0.383760 -0.062846
-0.223227 -0.126920 -1.642089 -0.921695 0.382817 -0.062691
-0.222575 -0.126814 -1.642477 -0.921292 0.383760 -0.062846
-0.223803 -0.129145 -1.638299 -0.920235 0.387538 -0.054602
-0.224127 -0.128476 -1.639070 -0.920098 0.387480 -0.057256
-0.224156 -0.128858 -1.638573 -0.920098 0.387480 -0.057256
-0.224372 -0.128614 -1.638826 -0.920098 0.387480 -0.057256
-0.223849 -0.127617 -1.640364 -0.921046 0.385213 -0.057315
-0.225418 -0.127406 -1.639920 -0.920098 0.387480 -0.057256
-0.224339 -0.127414 -1.640461 -0.921046 0.385213 -0.057315
-0.224234 -0.127065 -1.641205 -0.920902 0.385153 -0.059972
-0.224943 -0.126832 -1.640946 -0.920902 0.385153 -0.059972
-0.224743 -0.126642 -1.641375 -0.920902 0.385153 -0.059972
-0.225596 -0.127451 -1.639710 -0.920098 0.387480 -0.057256
-0.225803 -0.126917 -1.640267 -0.921046 0.385213 -0.057315
-0.227257 -0.126791 -1.639402 -0.920235 0.387538 -0.054602
-0.227191 -0.125927 -1.640484 -0.920098 0.387480 -0.057256
-0.223599 -0.126612 -1.642410 -0.921695 0.382817 -0.062691
-0.220682 -0.126049 -1.643413 -0.921292 0.383760 -0.062846
-0.220469 -0.125239 -1.643973 -0.921292 0.383760 -0.062846
-0.220660 -0.124759 -1.644335 -0.921134 0.383694 -0.065509
-0.223577 -0.126454 -1.642624 -0.921292 0.383760 -0.062846
-0.222122 -0.126466 -1.643010 -0.921292 0.383760 -0.062846
-0.223041 -0.126304 -1.642960 -0.921292 0.383760 -0.062846
-0.223011 -0.125264 -1.643692 -0.921292 0.383760 -0.062846
-0.220800 -0.123618 -1.645097 -0.922077 0.381411 -0.065576
-0.221616 -0.123461 -1.645075 -0.922077 0.381411 -0.065576
-0.222318 -0.124587 -1.644349 -0.921292 0.383760 -0.062846
-0.223122 -0.123474 -1.644514 -0.921695 0.382817 -0.062691
-0.223310 -0.124416 -1.643965 -0.921695 0.382817 -0.062691
-0.223871 -0.123738 -1.643903 -0.921695 0.382817 -0.062691
-0.222755 -0.124328 -1.644300 -0.921695 0.382817 -0.062691
-0.225265 -0.125405 -1.642135 -0.920902 0.385153 -0.059972
-0.225869 -0.126160 -1.641003 -0.921046 0.385213 -0.057315
-0.225945 -0.123169 -1.642988 -0.920902 0.385153 -0.059972
-0.226283 -0.124070 -1.642790 -0.920902 0.385153 -0.059972
-0.224117 -0.126263 -1.642450 -0.921695 0.382817 -0.062691
-0.224309 -0.125658 -1.642716 -0.921695 0.382817 -0.062691
-0.224610 -0.125070 -1.642892 -0.921846 0.382879 -0.060033
-0.225065 -0.125457 -1.642239 -0.920902 0.385153 -0.059972
-0.225187 -0.124968 -1.642603 -0.920902 0.385153 -0.059972
-0.223925 -0.124935 -1.643347 -0.921695 0.382817 -0.062691
-0.224677 -0.123456 -1.643642 -0.921846 0.382879 -0.060033
-0.224983 -0.123360 -1.643553 -0.921846 0.382879 -0.060033
-0.225064 -0.124363 -1.643020 -0.921846 0.382879 -0.060033
-0.225702 -0.123871 -1.643088 -0.920902 0.385153 -0.059972
-0.227381 -0.126664 -1.639438 -0.920235 0.387538 -0.054602
-0.223459 -0.119131 -1.643712 -0.921586 0.384327 -0.054524
-0.223698 -0.119610 -1.643701 -0.921449 0.384269 -0.057175
-0.223770 -0.119566 -1.644120 -0.921449 0.384269 -0.057175
-0.224446 -0.121643 -1.644224 -0.921846 0.382879 -0.060033
-0.223571 -0.119404 -1.645249 -0.921846 0.382879 -0.060033
-0.223775 -0.119696 -1.644977 -0.921846 0.382879 -0.060033
-0.221176 -0.123546 -1.645086 -0.922077 0.381411 -0.065576
-0.221418 -0.123282 -1.645194 -0.922476 0.380471 -0.065414
-0.220809 -0.122880 -1.645473 -0.922476 0.380471 -0.065414
-0.221063 -0.122183 -1.645711 -0.922634 0.380537 -0.062755
-0.223323 -0.122324 -1.644808 -0.921695 0.382817 -0.062691
-0.224392 -0.122603 -1.644126 -0.921846 0.382879 -0.060033
-0.223281 -0.121535 -1.645104 -0.921695 0.382817 -0.062691
-0.222884 -0.121526 -1.645285 -0.921695 0.382817 -0.062691
-0.223189 -0.119998 -1.645601 -0.921846 0.382879 -0.060033
-0.223072 -0.119884 -1.645701 -0.921846 0.382879 -0.060033
-0.222040 -0.121948 -1.645611 -0.921695 0.382817 -0.062691
-0.223893 -0.121130 -1.644898 -0.921846 0.382879 -0.060033
-0.224254 -0.121205 -1.644536 -0.921846 0.382879 -0.060033
-0.223329 -0.120195 -1.645483 -0.921846 0.382879 -0.060033
-0.224771 -0.121887 -1.642081 -0.920642 0.386590 -0.054468
-0.224984 -0.122265 -1.643632 -0.920902 0.385153 -0.059972
-0.224783 -0.121748 -1.643470 -0.921046 0.385213 -0.057315
-0.223116 -0.118196 -1.644675 -0.921449 0.384269 -0.057175
-0.223047 -0.117994 -1.645117 -0.921449 0.384269 -0.057175
-0.223242 -0.118672 -1.645558 -0.921846 0.382879 -0.060033
-0.222298 -0.116182 -1.646145 -0.921449 0.384269 -0.057175
-0.222087 -0.115739 -1.645935 -0.921449 0.384269 -0.057175
-0.221791 -0.114676 -1.647600 -0.922245 0.381940 -0.059886
-0.222671 -0.117108 -1.646133 -0.922389 0.381999 -0.057233
-0.222017 -0.120543 -1.645928 -0.921695 0.382817 -0.062691
-0.222327 -0.119385 -1.646312 -0.921695 0.382817 -0.062691
-0.222422 -0.119996 -1.645971 -0.921695 0.382817 -0.062691
-0.222214 -0.118667 -1.646699 -0.921695 0.382817 -0.062691
-0.222917 -0.118779 -1.646092 -0.921846 0.382879 -0.060033
-0.222149 -0.117163 -1.647441 -0.921695 0.382817 -0.062691
-0.211269 -0.112150 -1.652450 -0.923247 0.378117 -0.068141
-0.211942 -0.113674 -1.651674 -0.923247 0.378117 -0.068141
-0.211534 -0.112712 -1.651772 -0.923412 0.378184 -0.065481
-0.211613 -0.112875 -1.651515 -0.923412 0.378184 -0.065481
-0.212470 -0.114226 -1.647357 -0.922389 0.381999 -0.057233
-0.212522 -0.114544 -1.648635 -0.922245 0.381940 -0.059886
-0.212285 -0.114164 -1.649761 -0.922634 0.380537 -0.062755
-0.212825 -0.115008 -1.647048 -0.922389 0.381999 -0.057233
-0.211955 -0.113210 -1.648383 -0.922389 0.381999 -0.057233
-0.212480 -0.114229 -1.647230 -0.921449 0.384269 -0.057175
-0.212141 -0.113828 -1.649742 -0.922634 0.380537 -0.062755
-0.211999 -0.113270 -1.648106 -0.922389 0.381999 -0.057233
-0.212385 -0.113978 -1.646976 -0.921449 0.384269 -0.057175
-0.211342 -0.111815 -1.648581 -0.922389 0.381999 -0.057233
-0.211358 -0.111761 -1.647904 -0.921586 0.384327 -0.054524
-0.211877 -0.113115 -1.648970 -0.922245 0.381940 -0.059886
-0.211659 -0.112478 -1.648017 -0.921449 0.384269 -0.057175
-0.211560 -0.112545 -1.649811 -0.923181 0.379663 -0.059947
-0.212561 -0.114746 -1.649317 -0.922634 0.380537 -0.062755
-0.212407 -0.114484 -1.649873 -0.922634 0.380537 -0.062755
-0.212880 -0.115648 -1.650133 -0.923412 0.378184 -0.065481
-0.211918 -0.113443 -1.650406 -0.922634 0.380537 -0.062755
-0.210729 -0.110682 -1.650544 -0.923181 0.379663 -0.059947
-0.210883 -0.110820 -1.649038 -0.922389 0.381999 -0.057233
-0.211143 -0.111637 -1.650283 -0.923181 0.379663 -0.059947
-0.211274 -0.111812 -1.649388 -0.922245 0.381940 -0.059886
-0.210051 -0.109423 -1.653189 -0.923412 0.378184 -0.065481
-0.210164 -0.109552 -1.652147 -0.923030 0.379601 -0.062601
-0.210321 -0.110031 -1.652944 -0.923412 0.378184 -0.065481
-0.209839 -0.108928 -1.653261 -0.923804 0.377253 -0.065319
-0.210326 -0.110062 -1.653092 -0.923412 0.378184 -0.065481
-0.211075 -0.111615 -1.651675 -0.922476 0.380471 -0.065414
-0.211213 -0.111831 -1.650516 -0.923030 0.379601 -0.062601
-0.211128 -0.111733 -1.651600 -0.922476 0.380471 -0.065414
-0.210591 -0.110391 -1.650802 -0.923181 0.379663 -0.059947
-0.210676 -0.110842 -1.652880 -0.923412 0.378184 -0.065481
-0.210840 -0.111280 -1.653416 -0.923247 0.378117 -0.068141
-0.210895 -0.111351 -1.653069 -0.923247 0.378117 -0.068141
-0.211521 -0.112827 -1.652972 -0.924178 0.375823 -0.068210
-0.211832 -0.113579 -1.652923 -0.924006 0.375753 -0.070872
-0.212857 -0.115579 -1.650789 -0.923247 0.378117 -0.068141
-0.213088 -0.115845 -1.650918 -0.923247 0.378117 -0.068141
-0.212700 -0.115261 -1.650056 -0.922476 0.380471 -0.065414
-0.212810 -0.115473 -1.651168 -0.923247 0.378117 -0.068141
-0.212623 -0.115136 -1.651433 -0.923247 0.378117 -0.068141
-0.213073 -0.115647 -1.651447 -0.923247 0.378117 -0.068141
-0.213281 -0.115335 -1.652060 -0.923613 0.376684 -0.071047
-0.212184 -0.114104 -1.650919 -0.923412 0.378184 -0.065481
-0.212326 -0.114597 -1.652454 -0.924006 0.375753 -0.070872
-0.212286 -0.114502 -1.652632 -0.923613 0.376684 -0.071047
-0.213046 -0.115010 -1.652511 -0.923613 0.376684 -0.071047
-0.212196 -0.114337 -1.652887 -0.923613 0.376684 -0.071047
-0.214646 -0.115261 -1.651518 -0.923247 0.378117 -0.068141
-0.214153 -0.113507 -1.653602 -0.923613 0.376684 -0.071047
-0.214237 -0.113426 -1.653615 -0.923613 0.376684 -0.071047
-0.212273 -0.114323 -1.653739 -0.923434 0.376611 -0.073714
-0.212089 -0.114138 -1.653590 -0.923613 0.376684 -0.071047
-0.212232 -0.114154 -1.654194 -0.924364 0.374307 -0.073788
-0.213182 -0.114195 -1.653886 -0.923434 0.376611 -0.073714
-0.211741 -0.113508 -1.653757 -0.923613 0.376684 -0.071047
-0.211346 -0.112485 -1.653472 -0.924006 0.375753 -0.070872
-0.211233 -0.112352 -1.654175 -0.924006 0.375753 -0.070872
-0.211253 -0.112484 -1.654596 -0.923434 0.376611 -0.073714
-0.209763 -0.109245 -1.655900 -0.924006 0.375753 -0.070872
-0.209670 -0.108965 -1.655529 -0.924006 0.375753 -0.070872
-0.210629 -0.111034 -1.654978 -0.924006 0.375753 -0.070872
-0.209773 -0.109086 -1.654931 -0.924178 0.375823 -0.068210
-0.209724 -0.108852 -1.654261 -0.923412 0.378184 -0.065481
-0.211152 -0.112426 -1.655555 -0.924364 0.374307 -0.073788
-0.211490 -0.112900 -1.655730 -0.924178 0.374232 -0.076456
-0.211498 -0.112953 -1.655424 -0.924364 0.374307 -0.073788
-0.210533 -0.111165 -1.657491 -0.925104 0.371921 -0.076533
-0.209976 -0.109741 -1.656008 -0.924932 0.373453 -0.070943
-0.210158 -0.110291 -1.657138 -0.924178 0.374232 -0.076456
-0.210063 -0.110036 -1.656785 -0.924364 0.374307 -0.073788
-0.210895 -0.111804 -1.655652 -0.924364 0.374307 -0.073788
-0.210812 -0.111661 -1.656106 -0.924364 0.374307 -0.073788
-0.214922 -0.113162 -1.653339 -0.924006 0.375753 -0.070872
-0.215327 -0.112376 -1.654038 -0.924006 0.375753 -0.070872
-0.215422 -0.112763 -1.653501 -0.924006 0.375753 -0.070872
-0.213094 -0.113359 -1.654824 -0.924364 0.374307 -0.073788
-0.214129 -0.113491 -1.653658 -0.923613 0.376684 -0.071047
-0.213826 -0.113533 -1.653931 -0.923613 0.376684 -0.071047
-0.212336 -0.113933 -1.654575 -0.924364 0.374307 -0.073788
-0.212734 -0.113814 -1.654611 -0.924364 0.374307 -0.073788
-0.212504 -0.113496 -1.655114 -0.924364 0.374307 -0.073788
-0.212675 -0.113274 -1.655316 -0.924178 0.374232 -0.076456
-0.213828 -0.112487 -1.655211 -0.924364 0.374307 -0.073788
-0.212921 -0.112613 -1.656163 -0.924178 0.374232 -0.076456
-0.213392 -0.112103 -1.656348 -0.924178 0.374232 -0.076456
-0.214205 -0.111976 -1.655750 -0.924364 0.374307 -0.073788
-0.214138 -0.111442 -1.656577 -0.924178 0.374232 -0.076456
-0.214252 -0.112319 -1.655086 -0.924364 0.374307 -0.073788
-0.215823 -0.111789 -1.654479 -0.924006 0.375753 -0.070872
-0.214690 -0.111668 -1.655805 -0.924364 0.374307 -0.073788
-0.215377 -0.111181 -1.655773 -0.924364 0.374307 -0.073788
-0.221071 -0.113419 -1.646883 -0.921586 0.384327 -0.054524
-0.221058 -0.113248 -1.648216 -0.922389 0.381999 -0.057233
-0.221258 -0.113252 -1.649362 -0.922245 0.381940 -0.059886
-0.218972 -0.116943 -1.648987 -0.922476 0.380471 -0.065414
-0.218802 -0.116289 -1.649469 -0.922476 0.380471 -0.065414
-0.220416 -0.116527 -1.648554 -0.922634 0.380537 -0.062755
-0.220002 -0.116076 -1.649042 -0.922634 0.380537 -0.062755
-0.220706 -0.115275 -1.649406 -0.922634 0.380537 -0.062755
-0.221499 -0.116170 -1.648255 -0.922634 0.380537 -0.062755
-0.221807 -0.115179 -1.648460 -0.921695 0.382817 -0.062691
-0.221244 -0.115850 -1.648612 -0.922634 0.380537 -0.062755
-0.220690 -0.115683 -1.649059 -0.922634 0.380537 -0.062755
-0.219522 -0.115027 -1.650230 -0.922476 0.380471 -0.065414
-0.221566 -0.114570 -1.649172 -0.922634 0.380537 -0.062755
-0.221350 -0.114961 -1.649275 -0.922634 0.380537 -0.062755
-0.221263 -0.114566 -1.649650 -0.922634 0.380537 -0.062755
-0.221129 -0.114490 -1.649948 -0.922634 0.380537 -0.062755
-0.220268 -0.111732 -1.647728 -0.921586 0.384327 -0.054524
-0.220245 -0.111643 -1.648077 -0.921586 0.384327 -0.054524
-0.220543 -0.112201 -1.648337 -0.922389 0.381999 -0.057233
-0.219917 -0.110988 -1.648089 -0.921586 0.384327 -0.054524
-0.220779 -0.112720 -1.647975 -0.922389 0.381999 -0.057233
-0.219839 -0.110908 -1.651214 -0.923030 0.379601 -0.062601
-0.220198 -0.111464 -1.649725 -0.922245 0.381940 -0.059886
-0.220993 -0.112972 -1.648784 -0.922245 0.381940 -0.059886
-0.218974 -0.108745 -1.649633 -0.921985 0.383387 -0.054390
-0.219248 -0.109519 -1.649843 -0.922389 0.381999 -0.057233
-0.218562 -0.107362 -1.647152 -0.921697 0.384812 -0.048928
-0.219422 -0.109850 -1.648392 -0.921985 0.383387 -0.054390
-0.218915 -0.108360 -1.647438 -0.921298 0.385752 -0.049048
-0.218675 -0.107757 -1.647983 -0.921175 0.385701 -0.051692
-0.218989 -0.108708 -1.648851 -0.921985 0.383387 -0.054390
-0.219708 -0.110611 -1.651057 -0.923030 0.379601 -0.062601
-0.219755 -0.110719 -1.650790 -0.923181 0.379663 -0.059947
-0.219616 -0.110377 -1.649117 -0.922389 0.381999 -0.057233
-0.220746 -0.112342 -1.650730 -0.922634 0.380537 -0.062755
-0.220806 -0.112344 -1.651283 -0.922476 0.380471 -0.065414
-0.221225 -0.113224 -1.649999 -0.922634 0.380537 -0.062755
-0.221117 -0.113400 -1.650765 -0.922476 0.380471 -0.065414
-0.221161 -0.113207 -1.650633 -0.922634 0.380537 -0.062755
-0.221059 -0.113041 -1.651041 -0.922476 0.380471 -0.065414
-0.220455 -0.111777 -1.651585 -0.922476 0.380471 -0.065414
-0.219920 -0.110942 -1.651770 -0.922634 0.380537 -0.062755
-0.214884 -0.116210 -1.650719 -0.923247 0.378117 -0.068141
-0.215147 -0.115547 -1.651191 -0.923247 0.378117 -0.068141
-0.216282 -0.115784 -1.650806 -0.923247 0.378117 -0.068141
-0.216049 -0.115473 -1.651005 -0.923247 0.378117 -0.068141
-0.216371 -0.116974 -1.649949 -0.923247 0.378117 -0.068141
-0.217648 -0.116377 -1.649950 -0.923412 0.378184 -0.065481
-0.216993 -0.115790 -1.650534 -0.923247 0.378117 -0.068141
-0.218456 -0.116011 -1.649814 -0.922476 0.380471 -0.065414
-0.215935 -0.115109 -1.651191 -0.923247 0.378117 -0.068141
-0.216050 -0.114127 -1.651786 -0.923247 0.378117 -0.068141
-0.216893 -0.113995 -1.651903 -0.923247 0.378117 -0.068141
-0.217944 -0.114479 -1.651374 -0.923247 0.378117 -0.068141
-0.218478 -0.114628 -1.651290 -0.923247 0.378117 -0.068141
-0.218998 -0.114791 -1.650876 -0.923412 0.378184 -0.065481
-0.219502 -0.114837 -1.650520 -0.923412 0.378184 -0.065481
-0.219384 -0.114176 -1.651910 -0.923247 0.378117 -0.068141
-0.220022 -0.114037 -1.651669 -0.923247 0.378117 -0.068141
-0.216712 -0.113684 -1.652315 -0.923247 0.378117 -0.068141
-0.216359 -0.112410 -1.653684 -0.924006 0.375753 -0.070872
-0.217677 -0.112764 -1.653501 -0.924006 0.375753 -0.070872
-0.219273 -0.113731 -1.652644 -0.924178 0.375823 -0.068210
-0.218954 -0.113734 -1.652666 -0.924178 0.375823 -0.068210
-0.217752 -0.112777 -1.653513 -0.924006 0.375753 -0.070872
-0.218066 -0.113060 -1.653289 -0.924006 0.375753 -0.070872
-0.218088 -0.112983 -1.653372 -0.924006 0.375753 -0.070872
-0.219105 -0.113077 -1.653294 -0.924006 0.375753 -0.070872
-0.216730 -0.111864 -1.654302 -0.924006 0.375753 -0.070872
-0.219545 -0.112181 -1.653948 -0.924006 0.375753 -0.070872
-0.219578 -0.111843 -1.654280 -0.924006 0.375753 -0.070872
-0.220402 -0.113967 -1.651394 -0.923412 0.378184 -0.065481
-0.220621 -0.113493 -1.652002 -0.923247 0.378117 -0.068141
-0.219819 -0.113899 -1.652182 -0.923247 0.378117 -0.068141
-0.220555 -0.111912 -1.651916 -0.923412 0.378184 -0.065481
-0.220348 -0.111525 -1.652412 -0.923412 0.378184 -0.065481
-0.220084 -0.111095 -1.652425 -0.923412 0.378184 -0.065481
-0.219636 -0.112556 -1.653539 -0.924006 0.375753 -0.070872
-0.220291 -0.111485 -1.653591 -0.924178 0.375823 -0.068210
-0.209522 -0.108129 -1.652430 -0.923030 0.379601 -0.062601
-0.209539 -0.108170 -1.652480 -0.923030 0.379601 -0.062601
-0.209963 -0.109073 -1.652090 -0.923030 0.379601 -0.062601
-0.209551 -0.108137 -1.651659 -0.923181 0.379663 -0.059947
-0.209257 -0.107580 -1.652799 -0.923030 0.379601 -0.062601
-0.209541 -0.108196 -1.652794 -0.923030 0.379601 -0.062601
-0.209525 -0.108243 -1.653363 -0.923961 0.377318 -0.062664
-0.209207 -0.107740 -1.654459 -0.923412 0.378184 -0.065481
-0.209555 -0.108596 -1.654941 -0.924178 0.375823 -0.068210
-0.216276 -0.103367 -1.654292 -0.923181 0.379663 -0.059947
-0.216780 -0.104238 -1.653263 -0.922784 0.381063 -0.057093
-0.216691 -0.104086 -1.653453 -0.923573 0.378731 -0.059800
-0.216376 -0.103498 -1.653742 -0.923716 0.378790 -0.057151
-0.216167 -0.103200 -1.655290 -0.923030 0.379601 -0.062601
-0.216080 -0.103069 -1.656219 -0.923961 0.377318 -0.062664
-0.216136 -0.103109 -1.654786 -0.923181 0.379663 -0.059947
-0.216812 -0.104541 -1.655657 -0.923804 0.377253 -0.065319
-0.216104 -0.103111 -1.656080 -0.923961 0.377318 -0.062664
-0.209677 -0.109183 -1.656804 -0.924753 0.373381 -0.073606
-0.216064 -0.111038 -1.655535 -0.924364 0.374307 -0.073788
-0.214857 -0.110981 -1.656552 -0.924364 0.374307 -0.073788
-0.215449 -0.110868 -1.656201 -0.924364 0.374307 -0.073788
-0.214569 -0.110869 -1.656893 -0.924178 0.374232 -0.076456
-0.215398 -0.110448 -1.656717 -0.924364 0.374307 -0.073788
-0.215640 -0.110211 -1.656837 -0.924364 0.374307 -0.073788
-0.216949 -0.104919 -1.656441 -0.924731 0.374963 -0.065385
-0.216975 -0.105044 -1.656754 -0.924178 0.375823 -0.068210
-0.216662 -0.104314 -1.656565 -0.924731 0.374963 -0.065385
-0.216259 -0.103543 -1.657119 -0.924731 0.374963 -0.065385
-0.216811 -0.104775 -1.657191 -0.924178 0.375823 -0.068210
-0.217231 -0.105310 -1.658278 -0.924932 0.373453 -0.070943
-0.217855 -0.106127 -1.650695 -0.921985 0.383387 -0.054390
-0.218594 -0.108127 -1.652710 -0.923030 0.379601 -0.062601
-0.218830 -0.108593 -1.651410 -0.923181 0.379663 -0.059947
-0.218931 -0.108797 -1.651064 -0.922245 0.381940 -0.059886
-0.218130 -0.107126 -1.651978 -0.922245 0.381940 -0.059886
-0.219782 -0.110781 -1.651289 -0.923030 0.379601 -0.062601
-0.219702 -0.110582 -1.651354 -0.923030 0.379601 -0.062601
-0.219170 -0.109264 -1.653135 -0.923804 0.377253 -0.065319
-0.219112 -0.109151 -1.653052 -0.923804 0.377253 -0.065319
-0.218666 -0.108277 -1.653332 -0.923961 0.377318 -0.062664
-0.219031 -0.108997 -1.651876 -0.923181 0.379663 -0.059947
-0.217374 -0.105254 -1.651671 -0.922784 0.381063 -0.057093
-0.217140 -0.104950 -1.652542 -0.922784 0.381063 -0.057093
-0.217356 -0.105529 -1.653957 -0.923030 0.379601 -0.062601
-0.217557 -0.105955 -1.653465 -0.923181 0.379663 -0.059947
-0.217436 -0.105765 -1.654813 -0.923961 0.377318 -0.062664
-0.217414 -0.105645 -1.653695 -0.923181 0.379663 -0.059947
-0.217406 -0.105714 -1.655106 -0.923804 0.377253 -0.065319
-0.217894 -0.106730 -1.654872 -0.923804 0.377253 -0.065319
-0.217635 -0.106215 -1.655281 -0.923804 0.377253 -0.065319
-0.217978 -0.106812 -1.652198 -0.923181 0.379663 -0.059947
-0.219746 -0.110089 -1.654129 -0.924178 0.375823 -0.068210
-0.219329 -0.109355 -1.654678 -0.924178 0.375823 -0.068210
-0.218804 -0.108537 -1.654153 -0.923412 0.378184 -0.065481
-0.219094 -0.108842 -1.655285 -0.924178 0.375823 -0.068210
-0.217132 -0.111281 -1.655377 -0.924364 0.374307 -0.073788
-0.217259 -0.111090 -1.655791 -0.924364 0.374307 -0.073788
-0.217659 -0.110847 -1.656335 -0.924364 0.374307 -0.073788
-0.218477 -0.111764 -1.654862 -0.923613 0.376684 -0.071047
-0.219903 -0.110707 -1.654611 -0.924006 0.375753 -0.070872
-0.218999 -0.111145 -1.655401 -0.924364 0.374307 -0.073788
-0.219510 -0.110804 -1.655250 -0.924006 0.375753 -0.070872
-0.219774 -0.110390 -1.654840 -0.924006 0.375753 -0.070872
-0.218076 -0.111752 -1.654977 -0.923434 0.376611 -0.073714
-0.218495 -0.111225 -1.655640 -0.924364 0.374307 -0.073788
-0.219190 -0.110591 -1.655758 -0.924753 0.373381 -0.073606
-0.217158 -0.109631 -1.657253 -0.924364 0.374307 -0.073788
-0.217979 -0.110346 -1.656847 -0.924364 0.374307 -0.073788
-0.218496 -0.109566 -1.657308 -0.924364 0.374307 -0.073788
-0.219263 -0.110093 -1.655935 -0.924753 0.373381 -0.073606
-0.219281 -0.109167 -1.655342 -0.924006 0.375753 -0.070872
-0.219081 -0.108659 -1.656130 -0.924006 0.375753 -0.070872
-0.219004 -0.108583 -1.656643 -0.924932 0.373453 -0.070943
-0.219107 -0.108778 -1.656473 -0.924932 0.373453 -0.070943
-0.218860 -0.109901 -1.656739 -0.924364 0.374307 -0.073788
-0.219150 -0.108911 -1.656614 -0.924753 0.373381 -0.073606
-0.218656 -0.109095 -1.657511 -0.924364 0.374307 -0.073788
-0.219937 -0.110553 -1.654266 -0.924178 0.375823 -0.068210
-0.218099 -0.106929 -1.655876 -0.924178 0.375823 -0.068210
-0.218310 -0.107113 -1.656562 -0.924006 0.375753 -0.070872
-0.217739 -0.106298 -1.656391 -0.924178 0.375823 -0.068210
-0.218480 -0.107347 -1.657276 -0.924932 0.373453 -0.070943
-0.217774 -0.106340 -1.657381 -0.924932 0.373453 -0.070943
-0.218699 -0.108071 -1.657509 -0.924753 0.373381 -0.073606
-0.218451 -0.107254 -1.657989 -0.924753 0.373381 -0.073606
-0.218558 -0.107672 -1.658060 -0.924753 0.373381 -0.073606
-0.217687 -0.106033 -1.658246 -0.924753 0.373381 -0.073606
-0.217623 -0.106064 -1.657864 -0.924932 0.373453 -0.070943
-0.217449 -0.105001 -1.659997 -0.925490 0.370999 -0.076343
-0.211865 -0.112664 -1.656820 -0.924911 0.371844 -0.079201
-0.212531 -0.112524 -1.656755 -0.925104 0.371921 -0.076533
-0.213045 -0.112012 -1.656831 -0.925104 0.371921 -0.076533
-0.213411 -0.111602 -1.656978 -0.925104 0.371921 -0.076533
-0.209806 -0.109694 -1.658172 -0.925104 0.371921 -0.076533
-0.210025 -0.110158 -1.658129 -0.925104 0.371921 -0.076533
-0.210797 -0.110566 -1.659477 -0.925631 0.369447 -0.081950
-0.211411 -0.110691 -1.659149 -0.925631 0.369447 -0.081950
-0.211361 -0.110073 -1.659940 -0.925631 0.369447 -0.081950
-0.211486 -0.111267 -1.658501 -0.924911 0.371844 -0.079201
-0.212543 -0.111436 -1.657931 -0.924911 0.371844 -0.079201
-0.212834 -0.110621 -1.658560 -0.924911 0.371844 -0.079201
-0.212044 -0.110874 -1.658687 -0.924911 0.371844 -0.079201
-0.209959 -0.109641 -1.659954 -0.925631 0.369447 -0.081950
-0.212250 -0.110488 -1.659009 -0.925832 0.369527 -0.079280
-0.212996 -0.110203 -1.658949 -0.924911 0.371844 -0.079201
-0.212839 -0.109938 -1.659352 -0.925832 0.369527 -0.079280
-0.213110 -0.109578 -1.659595 -0.925832 0.369527 -0.079280
-0.210573 -0.109022 -1.660851 -0.925631 0.369447 -0.081950
-0.210735 -0.108789 -1.661152 -0.925631 0.369447 -0.081950
-0.211359 -0.109646 -1.660407 -0.925631 0.369447 -0.081950
-0.211937 -0.109053 -1.660919 -0.925631 0.369447 -0.081950
-0.214197 -0.111126 -1.656934 -0.924178 0.374232 -0.076456
-0.213319 -0.110535 -1.658304 -0.924911 0.371844 -0.079201
-0.214529 -0.109712 -1.658244 -0.925104 0.371921 -0.076533
-0.214141 -0.109779 -1.658510 -0.924911 0.371844 -0.079201
-0.213441 -0.110032 -1.658808 -0.924911 0.371844 -0.079201
-0.213807 -0.109428 -1.659224 -0.924911 0.371844 -0.079201
-0.213479 -0.109112 -1.659810 -0.925832 0.369527 -0.079280
-0.214962 -0.109686 -1.657827 -0.925104 0.371921 -0.076533
-0.215688 -0.108690 -1.658551 -0.925104 0.371921 -0.076533
-0.216175 -0.108880 -1.658070 -0.925104 0.371921 -0.076533
-0.211302 -0.108127 -1.661832 -0.925958 0.367957 -0.084913
-0.210473 -0.107885 -1.662023 -0.925958 0.367957 -0.084913
-0.213061 -0.108675 -1.660520 -0.925631 0.369447 -0.081950
-0.212504 -0.108464 -1.661210 -0.925631 0.369447 -0.081950
-0.212468 -0.107796 -1.661805 -0.926548 0.367123 -0.082031
-0.213575 -0.107608 -1.661079 -0.925631 0.369447 -0.081950
-0.210728 -0.106554 -1.662880 -0.926341 0.367041 -0.084702
-0.211476 -0.105612 -1.662963 -0.926548 0.367123 -0.082031
-0.214028 -0.107092 -1.661164 -0.925631 0.369447 -0.081950
-0.213096 -0.107083 -1.661965 -0.925631 0.369447 -0.081950
-0.212118 -0.106886 -1.662402 -0.926341 0.367041 -0.084702
-0.212448 -0.106247 -1.662585 -0.926548 0.367123 -0.082031
-0.214648 -0.108717 -1.659291 -0.924911 0.371844 -0.079201
-0.215069 -0.107495 -1.659945 -0.924911 0.371844 -0.079201
-0.215422 -0.108152 -1.659273 -0.925104 0.371921 -0.076533
-0.216223 -0.108245 -1.658941 -0.925104 0.371921 -0.076533
-0.216130 -0.107892 -1.659297 -0.925104 0.371921 -0.076533
-0.215470 -0.106362 -1.660803 -0.925832 0.369527 -0.079280
-0.214924 -0.105918 -1.661974 -0.925631 0.369447 -0.081950
-0.215482 -0.105958 -1.661285 -0.925832 0.369527 -0.079280
-0.215967 -0.106497 -1.660526 -0.924911 0.371844 -0.079201
-0.216868 -0.107300 -1.659787 -0.924911 0.371844 -0.079201
-0.217297 -0.107039 -1.659987 -0.924911 0.371844 -0.079201
-0.216859 -0.106636 -1.660375 -0.924911 0.371844 -0.079201
-0.216694 -0.106181 -1.660759 -0.925832 0.369527 -0.079280
-0.216815 -0.105978 -1.660937 -0.925832 0.369527 -0.079280
-0.217453 -0.106044 -1.660677 -0.924911 0.371844 -0.079201
-0.214318 -0.106433 -1.661889 -0.925631 0.369447 -0.081950
-0.217342 -0.108620 -1.658537 -0.925104 0.371921 -0.076533
-0.217802 -0.108691 -1.658343 -0.925104 0.371921 -0.076533
-0.217937 -0.109044 -1.657853 -0.925104 0.371921 -0.076533
-0.218201 -0.107351 -1.658910 -0.925104 0.371921 -0.076533
-0.218086 -0.106682 -1.659143 -0.925104 0.371921 -0.076533
-0.218005 -0.106230 -1.659433 -0.925490 0.370999 -0.076343
-0.217626 -0.105316 -1.659916 -0.925490 0.370999 -0.076343
-0.218002 -0.106119 -1.659781 -0.925104 0.371921 -0.076533
-0.217719 -0.105657 -1.660348 -0.925104 0.371921 -0.076533
-0.217674 -0.106715 -1.660096 -0.924911 0.371844 -0.079201
-0.217816 -0.106191 -1.660289 -0.925104 0.371921 -0.076533
-0.222507 -0.116669 -1.646242 -0.921449 0.384269 -0.057175
-0.199850 -0.085471 -1.628314 -0.909174 0.415660 0.025072
-0.199562 -0.083746 -1.628697 -0.909111 0.415631 0.027709
-0.199070 -0.083592 -1.629161 -0.909174 0.415660 0.025072
-0.200372 -0.083551 -1.628530 -0.909111 0.415631 0.027709
-0.199326 -0.082727 -1.629407 -0.909174 0.415660 0.025072
-0.199170 -0.085363 -1.629349 -0.909687 0.414691 0.022380
-0.199130 -0.085183 -1.629942 -0.910140 0.413700 0.022327
-0.198151 -0.082807 -1.630789 -0.909687 0.414691 0.022380
-0.198329 -0.083247 -1.630640 -0.910140 0.413700 0.022327
-0.199002 -0.084681 -1.630755 -0.910190 0.413723 0.019701
-0.198567 -0.083827 -1.630581 -0.910140 0.413700 0.022327
-0.198603 -0.083850 -1.630934 -0.910140 0.413700 0.022327
-0.198701 -0.083892 -1.631834 -0.910639 0.412736 0.019654
-0.197572 -0.081391 -1.632126 -0.910140 0.413700 0.022327
-0.197409 -0.080934 -1.632295 -0.910140 0.413700 0.022327
-0.197358 -0.080717 -1.632275 -0.910140 0.413700 0.022327
-0.198245 -0.081975 -1.630385 -0.909630 0.414665 0.025012
-0.198864 -0.081179 -1.630735 -0.909630 0.414665 0.025012
-0.199162 -0.080907 -1.630980 -0.909630 0.414665 0.025012
-0.199814 -0.082167 -1.629680 -0.909174 0.415660 0.025072
-0.199402 -0.081688 -1.630149 -0.909174 0.415660 0.025072
-0.201107 -0.081197 -1.630304 -0.909174 0.415660 0.025072
-0.197892 -0.080255 -1.631774 -0.909630 0.414665 0.025012
-0.198115 -0.080184 -1.631769 -0.909630 0.414665 0.025012
-0.198794 -0.079359 -1.632386 -0.909687 0.414691 0.022380
-0.200916 -0.080410 -1.631099 -0.909630 0.414665 0.025012
-0.200421 -0.079833 -1.631966 -0.909630 0.414665 0.025012
-0.201345 -0.085470 -1.628076 -0.909174 0.415660 0.025072
-0.201942 -0.084926 -1.628232 -0.909174 0.415660 0.025072
-0.201227 -0.084803 -1.628095 -0.909111 0.415631 0.027709
-0.203435 -0.083917 -1.628590 -0.909111 0.415631 0.027709
-0.201865 -0.083487 -1.628806 -0.909111 0.415631 0.027709
-0.201837 -0.083235 -1.628935 -0.909111 0.415631 0.027709
-0.200948 -0.082509 -1.629303 -0.909111 0.415631 0.027709
-0.202687 -0.084192 -1.628498 -0.909174 0.415660 0.025072
-0.203164 -0.084270 -1.628494 -0.909174 0.415660 0.025072
-0.203374 -0.083240 -1.628838 -0.909111 0.415631 0.027709
-0.203616 -0.083303 -1.628744 -0.909111 0.415631 0.027709
-0.204069 -0.083777 -1.628534 -0.909111 0.415631 0.027709
-0.203521 -0.086377 -1.628212 -0.909630 0.414665 0.025012
-0.202991 -0.085611 -1.628174 -0.909174 0.415660 0.025072
-0.203941 -0.085355 -1.628175 -0.909174 0.415660 0.025072
-0.204609 -0.084387 -1.628299 -0.909111 0.415631 0.027709
-0.204849 -0.083679 -1.628465 -0.909111 0.415631 0.027709
-0.207479 -0.084477 -1.628290 -0.909111 0.415631 0.027709
-0.207213 -0.084040 -1.628355 -0.909111 0.415631 0.027709
-0.207214 -0.083424 -1.628598 -0.909111 0.415631 0.027709
-0.204059 -0.086683 -1.628244 -0.909687 0.414691 0.022380
-0.205253 -0.085085 -1.628243 -0.909174 0.415660 0.025072
-0.205807 -0.086156 -1.628279 -0.909630 0.414665 0.025012
-0.206299 -0.084791 -1.628244 -0.909174 0.415660 0.025072
-0.206974 -0.085105 -1.628214 -0.909174 0.415660 0.025072
-0.207818 -0.086188 -1.628280 -0.909630 0.414665 0.025012
-0.207198 -0.086787 -1.628348 -0.909687 0.414691 0.022380
-0.206809 -0.087420 -1.628412 -0.909687 0.414691 0.022380
-0.202803 -0.082123 -1.629638 -0.909174 0.415660 0.025072
-0.201517 -0.081563 -1.629962 -0.909174 0.415660 0.025072
-0.202578 -0.081253 -1.630207 -0.909174 0.415660 0.025072
-0.203449 -0.081736 -1.629686 -0.909111 0.415631 0.027709
-0.203708 -0.081040 -1.630010 -0.909111 0.415631 0.027709
-0.204693 -0.081243 -1.629444 -0.909111 0.415631 0.027709
-0.201724 -0.080078 -1.631282 -0.909630 0.414665 0.025012
-0.202175 -0.080351 -1.631018 -0.909630 0.414665 0.025012
-0.202832 -0.080944 -1.630405 -0.909174 0.415660 0.025072
-0.203112 -0.079916 -1.631209 -0.909630 0.414665 0.025012
-0.204143 -0.081137 -1.629745 -0.909111 0.415631 0.027709
-0.205904 -0.082751 -1.628873 -0.909111 0.415631 0.027709
-0.204559 -0.082495 -1.628827 -0.909111 0.415631 0.027709
-0.205861 -0.081580 -1.629466 -0.909111 0.415631 0.027709
-0.206100 -0.081531 -1.629563 -0.909111 0.415631 0.027709
-0.207178 -0.082455 -1.629138 -0.909111 0.415631 0.027709
-0.205474 -0.080827 -1.629707 -0.909111 0.415631 0.027709
-0.206142 -0.079870 -1.630849 -0.909111 0.415631 0.027709
-0.206479 -0.081135 -1.629962 -0.909111 0.415631 0.027709
-0.197184 -0.078942 -1.633936 -0.911622 0.410558 0.019675
-0.197262 -0.079499 -1.633159 -0.910140 0.413700 0.022327
-0.198410 -0.078232 -1.633862 -0.911127 0.411519 0.022351
-0.198456 -0.078466 -1.633514 -0.911127 0.411519 0.022351
-0.202047 -0.079240 -1.631963 -0.909630 0.414665 0.025012
-0.201605 -0.078293 -1.632842 -0.909630 0.414665 0.025012
-0.200030 -0.076875 -1.634026 -0.911127 0.411519 0.022351
-0.198979 -0.077929 -1.633903 -0.911127 0.411519 0.022351
-0.199253 -0.077659 -1.634001 -0.911127 0.411519 0.022351
-0.199217 -0.076596 -1.634851 -0.911127 0.411519 0.022351
-0.199054 -0.076794 -1.634828 -0.911572 0.410535 0.022297
-0.199821 -0.076991 -1.634078 -0.911127 0.411519 0.022351
-0.200763 -0.078072 -1.633164 -0.911127 0.411519 0.022351
-0.200591 -0.076990 -1.633723 -0.911127 0.411519 0.022351
-0.199025 -0.076331 -1.635219 -0.911622 0.410558 0.019675
-0.199747 -0.076260 -1.634707 -0.911127 0.411519 0.022351
-0.200792 -0.074946 -1.635849 -0.911572 0.410535 0.022297
-0.202015 -0.076134 -1.634253 -0.911127 0.411519 0.022351
-0.200818 -0.075740 -1.634657 -0.911127 0.411519 0.022351
-0.201372 -0.074688 -1.635947 -0.911572 0.410535 0.022297
-0.202308 -0.074524 -1.635862 -0.911572 0.410535 0.022297
-0.201951 -0.074304 -1.636124 -0.911572 0.410535 0.022297
-0.202374 -0.074322 -1.636026 -0.911572 0.410535 0.022297
-0.203758 -0.079316 -1.631371 -0.909174 0.415660 0.025072
-0.203034 -0.078779 -1.632027 -0.909630 0.414665 0.025012
-0.202798 -0.079579 -1.631538 -0.909630 0.414665 0.025012
-0.202521 -0.078051 -1.632610 -0.909630 0.414665 0.025012
-0.204092 -0.078394 -1.632055 -0.909630 0.414665 0.025012
-0.204210 -0.078585 -1.631833 -0.909630 0.414665 0.025012
-0.204816 -0.078541 -1.631808 -0.909630 0.414665 0.025012
-0.201709 -0.077831 -1.633067 -0.910622 0.412481 0.025039
-0.202336 -0.077336 -1.633234 -0.910622 0.412481 0.025039
-0.203070 -0.078039 -1.632519 -0.909630 0.414665 0.025012
-0.202150 -0.077198 -1.633403 -0.910622 0.412481 0.025039
-0.203762 -0.078057 -1.632400 -0.909630 0.414665 0.025012
-0.205339 -0.078054 -1.632586 -0.909630 0.414665 0.025012
-0.204057 -0.077469 -1.632872 -0.910622 0.412481 0.025039
-0.205338 -0.077727 -1.632961 -0.909630 0.414665 0.025012
-0.202227 -0.076686 -1.633839 -0.911070 0.411494 0.024979
-0.203664 -0.076643 -1.633583 -0.910622 0.412481 0.025039
-0.203723 -0.075558 -1.634803 -0.911127 0.411519 0.022351
-0.204683 -0.076511 -1.634254 -0.911127 0.411519 0.022351
-0.204893 -0.076546 -1.634329 -0.911127 0.411519 0.022351
-0.204010 -0.075495 -1.634955 -0.911127 0.411519 0.022351
-0.203325 -0.074395 -1.635970 -0.911572 0.410535 0.022297
-0.195117 -0.075751 -1.637950 -0.912583 0.408639 0.014361
-0.195359 -0.074918 -1.638408 -0.912583 0.408639 0.014361
-0.195334 -0.074711 -1.638526 -0.912583 0.408639 0.014361
-0.194246 -0.074162 -1.639426 -0.913018 0.407667 0.014327
-0.195609 -0.077184 -1.642318 -0.914813 0.403860 0.003871
-0.195281 -0.076132 -1.642710 -0.914813 0.403860 0.003871
-0.195726 -0.076543 -1.642820 -0.914813 0.403860 0.003871
-0.196129 -0.077080 -1.643369 -0.915238 0.402911 0.001287
-0.196209 -0.077219 -1.645397 -0.916180 0.400748 -0.003866
-0.195949 -0.076605 -1.645058 -0.916186 0.400751 -0.001289
-0.199274 -0.085297 -1.630660 -0.910190 0.413723 0.019701
-0.199232 -0.085328 -1.630241 -0.910190 0.413723 0.019701
-0.199496 -0.085599 -1.631292 -0.910683 0.412755 0.017034
-0.199405 -0.085360 -1.632497 -0.911166 0.411789 0.014380
-0.199445 -0.085475 -1.631960 -0.911128 0.411772 0.016994
-0.199569 -0.085745 -1.631670 -0.911128 0.411772 0.016994
-0.200257 -0.086993 -1.633426 -0.912078 0.409850 0.011710
-0.199669 -0.085907 -1.632954 -0.911608 0.410810 0.014346
-0.200589 -0.087839 -1.631995 -0.911608 0.410810 0.014346
-0.200456 -0.087326 -1.633866 -0.912103 0.409861 0.009108
-0.199251 -0.084899 -1.633203 -0.911608 0.410810 0.014346
-0.199267 -0.084981 -1.632963 -0.911608 0.410810 0.014346
-0.199748 -0.085994 -1.633335 -0.911639 0.410824 0.011738
-0.200173 -0.086761 -1.633823 -0.912078 0.409850 0.011710
-0.199507 -0.085493 -1.633354 -0.911608 0.410810 0.014346
-0.197656 -0.081509 -1.633183 -0.910639 0.412736 0.019654
-0.197324 -0.080758 -1.633446 -0.910639 0.412736 0.019654
-0.198294 -0.082340 -1.636635 -0.913506 0.406724 0.009096
-0.198587 -0.083369 -1.633976 -0.911608 0.410810 0.014346
-0.198695 -0.083785 -1.632395 -0.910683 0.412755 0.017034
-0.199131 -0.084441 -1.634309 -0.912078 0.409850 0.011710
-0.198070 -0.082039 -1.635123 -0.912583 0.408639 0.014361
-0.198011 -0.082194 -1.633597 -0.911128 0.411772 0.016994
-0.198088 -0.082406 -1.633359 -0.911128 0.411772 0.016994
-0.198350 -0.082718 -1.634742 -0.911608 0.410810 0.014346
-0.199315 -0.084683 -1.635828 -0.912538 0.408890 0.009086
-0.199176 -0.084431 -1.635377 -0.912538 0.408890 0.009086
-0.198360 -0.082479 -1.636683 -0.913506 0.406724 0.009096
-0.198141 -0.082169 -1.635311 -0.912583 0.408639 0.014361
-0.198699 -0.083491 -1.634671 -0.911639 0.410824 0.011738
-0.201172 -0.088893 -1.633533 -0.912538 0.408890 0.009086
-0.200779 -0.088008 -1.634210 -0.912538 0.408890 0.009086
-0.201198 -0.088860 -1.634978 -0.912990 0.407932 0.006475
-0.201234 -0.088965 -1.634768 -0.912990 0.407932 0.006475
-0.200355 -0.087079 -1.634221 -0.912538 0.408890 0.009086
-0.199644 -0.085470 -1.634830 -0.912538 0.408890 0.009086
-0.199561 -0.085228 -1.635694 -0.912538 0.408890 0.009086
-0.200446 -0.087239 -1.634666 -0.912538 0.408890 0.009086
-0.200286 -0.086759 -1.636343 -0.913431 0.406974 0.003876
-0.200309 -0.086805 -1.636389 -0.913431 0.406974 0.003876
-0.200196 -0.086648 -1.635333 -0.912990 0.407932 0.006475
-0.200124 -0.086312 -1.637512 -0.914813 0.403860 0.003871
-0.200037 -0.086199 -1.636644 -0.913431 0.406974 0.003876
-0.200482 -0.087129 -1.636945 -0.913431 0.406974 0.003876
-0.201043 -0.088377 -1.636603 -0.913864 0.406019 0.001289
-0.200397 -0.086822 -1.638585 -0.915238 0.402911 -0.001287
-0.201277 -0.088925 -1.637359 -0.914819 0.403862 -0.001290
-0.198864 -0.083725 -1.635959 -0.913506 0.406724 0.009096
-0.198722 -0.083293 -1.636837 -0.913506 0.406724 0.009096
-0.198605 -0.083040 -1.636606 -0.913506 0.406724 0.009096
-0.199007 -0.083945 -1.637021 -0.913953 0.405769 0.006482
-0.199572 -0.085204 -1.636436 -0.912990 0.407932 0.006475
-0.199105 -0.083978 -1.639057 -0.914819 0.403862 0.001290
-0.198615 -0.082927 -1.638075 -0.913953 0.405769 0.006482
-0.198906 -0.083626 -1.637754 -0.913953 0.405769 0.006482
-0.208665 -0.083553 -1.635377 -0.912078 0.409850 0.011710
-0.209266 -0.085963 -1.635361 -0.912538 0.408890 0.009086
-0.208785 -0.084966 -1.636232 -0.912990 0.407932 0.006475
-0.208702 -0.084402 -1.636018 -0.912538 0.408890 0.009086
-0.197475 -0.080757 -1.635213 -0.912583 0.408639 0.014361
-0.196332 -0.078515 -1.636307 -0.912583 0.408639 0.014361
-0.196451 -0.078680 -1.636189 -0.912583 0.408639 0.014361
-0.196327 -0.077548 -1.636220 -0.912108 0.409598 0.017012
-0.196702 -0.077416 -1.636009 -0.912108 0.409598 0.017012
-0.196258 -0.076636 -1.637167 -0.912546 0.408622 0.016972
-0.196892 -0.078199 -1.635015 -0.911622 0.410558 0.019675
-0.197751 -0.077479 -1.635168 -0.911622 0.410558 0.019675
-0.196992 -0.077429 -1.635762 -0.912108 0.409598 0.017012
-0.198570 -0.077042 -1.634994 -0.911622 0.410558 0.019675
-0.197436 -0.080535 -1.636427 -0.913049 0.407681 0.011722
-0.197070 -0.079852 -1.636017 -0.912583 0.408639 0.014361
-0.197533 -0.080525 -1.637673 -0.913506 0.406724 0.009096
-0.197123 -0.079821 -1.636899 -0.913049 0.407681 0.011722
-0.197505 -0.080340 -1.638407 -0.913934 0.405761 0.009075
-0.196575 -0.078940 -1.636935 -0.913018 0.407667 0.014327
-0.197080 -0.079583 -1.638144 -0.913506 0.406724 0.009096
-0.196956 -0.076354 -1.636972 -0.912108 0.409598 0.017012
-0.195322 -0.076186 -1.637636 -0.912583 0.408639 0.014361
-0.196068 -0.076336 -1.637463 -0.912546 0.408622 0.016972
-0.196998 -0.076996 -1.636256 -0.912108 0.409598 0.017012
-0.197736 -0.077063 -1.635684 -0.911622 0.410558 0.019675
-0.198057 -0.076565 -1.635888 -0.911622 0.410558 0.019675
-0.198528 -0.075807 -1.636211 -0.911622 0.410558 0.019675
-0.196289 -0.075248 -1.638022 -0.912546 0.408622 0.016972
-0.196627 -0.074846 -1.638163 -0.912546 0.408622 0.016972
-0.197128 -0.075467 -1.637619 -0.912546 0.408622 0.016972
-0.197708 -0.074486 -1.638325 -0.912546 0.408622 0.016972
-0.198058 -0.075200 -1.637578 -0.912108 0.409598 0.017012
-0.198713 -0.074667 -1.637799 -0.912108 0.409598 0.017012
-0.199639 -0.075181 -1.636352 -0.911622 0.410558 0.019675
-0.199613 -0.075241 -1.636278 -0.911622 0.410558 0.019675
-0.200033 -0.074807 -1.636571 -0.911622 0.410558 0.019675
-0.200718 -0.074717 -1.636210 -0.911622 0.410558 0.019675
-0.201218 -0.073890 -1.636937 -0.911622 0.410558 0.019675
-0.198244 -0.082120 -1.637397 -0.913506 0.406724 0.009096
-0.198240 -0.082186 -1.636961 -0.913506 0.406724 0.009096
-0.197866 -0.081043 -1.639252 -0.914378 0.404810 0.006467
-0.198489 -0.082631 -1.638041 -0.913953 0.405769 0.006482
-0.198302 -0.082074 -1.639339 -0.914390 0.404815 0.003880
-0.198043 -0.081447 -1.639428 -0.914390 0.404815 0.003880
-0.197359 -0.080006 -1.638928 -0.913953 0.405769 0.006482
-0.196250 -0.079062 -1.640565 -0.914390 0.404815 0.003880
-0.197521 -0.080260 -1.640123 -0.914390 0.404815 0.003880
-0.197623 -0.080488 -1.639544 -0.914378 0.404810 0.006467
-0.198111 -0.081607 -1.640437 -0.914819 0.403862 0.001290
-0.198018 -0.081396 -1.640358 -0.914819 0.403862 0.001290
-0.197299 -0.079739 -1.641359 -0.914819 0.403862 0.001290
-0.198158 -0.081714 -1.640579 -0.914819 0.403862 0.001290
-0.197385 -0.079924 -1.641459 -0.914819 0.403862 0.001290
-0.198071 -0.081441 -1.641612 -0.915238 0.402911 -0.001287
-0.196253 -0.078813 -1.640861 -0.914390 0.404815 0.003880
-0.196174 -0.077982 -1.641944 -0.914813 0.403860 0.003871
-0.196687 -0.078437 -1.642293 -0.914819 0.403862 0.001290
-0.196834 -0.078771 -1.641731 -0.914813 0.403860 0.003871
-0.206848 -0.079645 -1.637056 -0.913049 0.407681 0.011722
-0.204329 -0.074628 -1.636419 -0.911622 0.410558 0.019675
-0.206382 -0.078675 -1.637548 -0.913049 0.407681 0.011722
-0.206266 -0.078024 -1.637775 -0.913049 0.407681 0.011722
-0.204902 -0.076674 -1.638784 -0.913049 0.407681 0.011722
-0.207893 -0.081799 -1.636366 -0.913049 0.407681 0.011722
-0.208250 -0.082500 -1.635596 -0.913049 0.407681 0.011722
-0.207759 -0.081345 -1.636618 -0.913049 0.407681 0.011722
-0.207672 -0.082147 -1.637367 -0.913506 0.406724 0.009096
-0.207287 -0.080842 -1.637138 -0.913481 0.406713 0.011695
-0.206958 -0.080704 -1.637543 -0.913506 0.406724 0.009096
-0.207452 -0.081725 -1.637741 -0.913934 0.405761 0.009075
-0.207245 -0.081388 -1.637840 -0.913934 0.405761 0.009075
-0.206706 -0.080494 -1.637974 -0.913506 0.406724 0.009096
-0.206015 -0.079379 -1.639317 -0.913953 0.405769 0.006482
-0.206362 -0.079987 -1.638972 -0.913953 0.405769 0.006482
-0.206891 -0.080882 -1.638407 -0.913953 0.405769 0.006482
-0.207941 -0.083055 -1.637588 -0.913953 0.405769 0.006482
-0.207903 -0.082964 -1.637784 -0.913953 0.405769 0.006482
-0.206235 -0.079756 -1.640352 -0.914390 0.404815 0.003880
-0.206397 -0.080050 -1.640268 -0.914390 0.404815 0.003880
-0.205213 -0.077867 -1.639869 -0.913934 0.405761 0.009075
-0.205225 -0.077798 -1.639017 -0.913506 0.406724 0.009096
-0.205822 -0.078962 -1.639089 -0.913934 0.405761 0.009075
-0.204580 -0.076593 -1.639959 -0.913506 0.406724 0.009096
-0.204577 -0.076700 -1.640655 -0.913934 0.405761 0.009075
-0.205080 -0.077185 -1.638649 -0.913049 0.407681 0.011722
-0.205849 -0.079059 -1.640333 -0.914378 0.404810 0.006467
-0.205865 -0.079072 -1.640616 -0.914390 0.404815 0.003880
-0.200938 -0.088050 -1.639286 -0.915765 0.401697 -0.003875
-0.201306 -0.088827 -1.640864 -0.916268 0.400462 -0.009072
-0.201154 -0.088549 -1.639422 -0.915765 0.401697 -0.003875
-0.201040 -0.088298 -1.639130 -0.914813 0.403860 -0.003871
-0.201245 -0.088806 -1.638640 -0.914813 0.403860 -0.003871
-0.200056 -0.086105 -1.638241 -0.914819 0.403862 0.001290
-0.199867 -0.085686 -1.638459 -0.914819 0.403862 0.001290
-0.199608 -0.085118 -1.638903 -0.914819 0.403862 0.001290
-0.199701 -0.085262 -1.640427 -0.914813 0.403860 -0.003871
-0.199744 -0.085372 -1.639865 -0.914819 0.403862 -0.001290
-0.199549 -0.084944 -1.640354 -0.914819 0.403862 -0.001290
-0.199144 -0.083992 -1.640622 -0.915238 0.402911 -0.001287
-0.199021 -0.083719 -1.640157 -0.915238 0.402911 -0.001287
-0.199355 -0.084556 -1.639516 -0.915238 0.402911 0.001287
-0.200508 -0.087088 -1.641604 -0.916683 0.399513 -0.009050
-0.200419 -0.086880 -1.640618 -0.915752 0.401691 -0.006458
-0.201002 -0.088144 -1.640428 -0.915752 0.401691 -0.006458
-0.200955 -0.088051 -1.641033 -0.916683 0.399513 -0.009050
-0.200567 -0.087185 -1.639598 -0.914813 0.403860 -0.003871
-0.201126 -0.088427 -1.641280 -0.916268 0.400462 -0.009072
-0.199806 -0.085476 -1.640694 -0.915765 0.401697 -0.003875
-0.200335 -0.086713 -1.642080 -0.916683 0.399513 -0.009050
-0.199732 -0.085314 -1.641531 -0.915752 0.401691 -0.006458
-0.199872 -0.085640 -1.641685 -0.915752 0.401691 -0.006458
-0.200283 -0.086583 -1.641317 -0.915752 0.401691 -0.006458
-0.201857 -0.090302 -1.644502 -0.917618 0.396984 -0.019524
-0.201833 -0.090217 -1.643818 -0.917661 0.397002 -0.016921
-0.201843 -0.090233 -1.643629 -0.917661 0.397002 -0.016921
-0.201258 -0.088771 -1.642100 -0.916244 0.400452 -0.011664
-0.200797 -0.087778 -1.642923 -0.917193 0.398272 -0.011676
-0.201341 -0.088957 -1.642031 -0.916244 0.400452 -0.011664
-0.200108 -0.086209 -1.643198 -0.916244 0.400452 -0.011664
-0.200215 -0.086446 -1.642909 -0.916268 0.400462 -0.009072
-0.200164 -0.086316 -1.643859 -0.917193 0.398272 -0.011676
-0.200047 -0.086070 -1.643565 -0.917193 0.398272 -0.011676
-0.200410 -0.086920 -1.644289 -0.917162 0.398259 -0.014270
-0.199999 -0.085910 -1.644761 -0.917162 0.398259 -0.014270
-0.199917 -0.085713 -1.645076 -0.918108 0.396072 -0.014285
-0.201670 -0.089805 -1.643089 -0.917162 0.398259 -0.014270
-0.201708 -0.089944 -1.644392 -0.917618 0.396984 -0.019524
-0.200902 -0.088027 -1.642948 -0.917193 0.398272 -0.011676
-0.200936 -0.088111 -1.643146 -0.917193 0.398272 -0.011676
-0.201437 -0.089327 -1.644567 -0.917661 0.397002 -0.016921
-0.200835 -0.087901 -1.643682 -0.917162 0.398259 -0.014270
-0.201003 -0.088318 -1.644357 -0.918071 0.396056 -0.016881
-0.200635 -0.087435 -1.643587 -0.917162 0.398259 -0.014270
-0.201370 -0.089146 -1.637084 -0.913864 0.406019 -0.001289
-0.201517 -0.089503 -1.635738 -0.913431 0.406974 0.003876
-0.202092 -0.090655 -1.637447 -0.914813 0.403860 -0.003871
-0.202184 -0.090847 -1.638511 -0.915752 0.401691 -0.006458
-0.202387 -0.091300 -1.638040 -0.915765 0.401697 -0.003875
-0.202888 -0.092449 -1.637299 -0.914813 0.403860 -0.003871
-0.201538 -0.089361 -1.640711 -0.916268 0.400462 -0.009072
-0.201984 -0.090402 -1.639658 -0.915316 0.402635 -0.009063
-0.201891 -0.090173 -1.640088 -0.916268 0.400462 -0.009072
-0.208392 -0.084116 -1.640951 -0.914819 0.403862 -0.001290
-0.208372 -0.084095 -1.639462 -0.914819 0.403862 0.001290
-0.208647 -0.084626 -1.641029 -0.915765 0.401697 -0.003875
-0.208340 -0.084034 -1.639271 -0.914819 0.403862 0.001290
-0.208258 -0.083872 -1.638909 -0.914819 0.403862 0.001290
-0.208397 -0.084129 -1.640731 -0.915238 0.402911 -0.001287
-0.208593 -0.084542 -1.639115 -0.914819 0.403862 0.001290
-0.208709 -0.084757 -1.640511 -0.914819 0.403862 -0.001290
-0.208451 -0.084269 -1.638188 -0.914390 0.404815 0.003880
-0.208982 -0.085438 -1.637059 -0.914390 0.404815 0.003880
-0.209445 -0.086237 -1.640411 -0.915765 0.401697 -0.003875
-0.209571 -0.086819 -1.636395 -0.913431 0.406974 0.003876
-0.209549 -0.086817 -1.635754 -0.912990 0.407932 0.006475
-0.209174 -0.085800 -1.638049 -0.914819 0.403862 0.001290
-0.209453 -0.086430 -1.638063 -0.914819 0.403862 0.001290
-0.202131 -0.090758 -1.640392 -0.916268 0.400462 -0.009072
-0.201929 -0.090350 -1.641823 -0.917193 0.398272 -0.011676
-0.202373 -0.091363 -1.641674 -0.917162 0.398259 -0.014270
-0.202791 -0.092277 -1.640522 -0.916244 0.400452 -0.011664
-0.201617 -0.089589 -1.641830 -0.917193 0.398272 -0.011676
-0.202794 -0.092316 -1.641209 -0.917162 0.398259 -0.014270
-0.202613 -0.091920 -1.641534 -0.917162 0.398259 -0.014270
-0.198551 -0.082560 -1.641330 -0.915238 0.402911 -0.001287
-0.198867 -0.083222 -1.643063 -0.916701 0.399521 -0.006465
-0.198515 -0.082417 -1.642825 -0.915765 0.401697 -0.003875
-0.197868 -0.080939 -1.642269 -0.915238 0.402911 -0.001287
-0.197972 -0.081167 -1.642604 -0.916186 0.400751 -0.001289
-0.197706 -0.080632 -1.645113 -0.916701 0.399521 -0.006465
-0.197735 -0.080653 -1.643660 -0.916180 0.400748 -0.003866
-0.198376 -0.082168 -1.644021 -0.916701 0.399521 -0.006465
-0.198132 -0.081615 -1.644584 -0.916683 0.399513 -0.009050
-0.199261 -0.084223 -1.641702 -0.915765 0.401697 -0.003875
-0.199080 -0.083761 -1.642328 -0.915752 0.401691 -0.006458
-0.198648 -0.082749 -1.643520 -0.916701 0.399521 -0.006465
-0.198574 -0.082591 -1.643610 -0.916701 0.399521 -0.006465
-0.197228 -0.079514 -1.642201 -0.915238 0.402911 0.001287
-0.197410 -0.079882 -1.642951 -0.916186 0.400751 -0.001289
-0.197079 -0.079121 -1.643745 -0.916186 0.400751 -0.001289
-0.197510 -0.080193 -1.645835 -0.916683 0.399513 -0.009050
-0.197448 -0.080013 -1.645105 -0.916701 0.399521 -0.006465
-0.196940 -0.078816 -1.643596 -0.916186 0.400751 -0.001289
-0.196592 -0.078024 -1.644026 -0.916186 0.400751 -0.001289
-0.196679 -0.078274 -1.645522 -0.917112 0.398576 -0.006449
-0.196528 -0.077922 -1.644934 -0.916180 0.400748 -0.003866
-0.198246 -0.081845 -1.644984 -0.916683 0.399513 -0.009050
-0.196847 -0.078684 -1.645807 -0.916701 0.399521 -0.006465
-0.198762 -0.083034 -1.643908 -0.916683 0.399513 -0.009050
-0.199330 -0.084331 -1.644664 -0.917193 0.398272 -0.011676
-0.199258 -0.084168 -1.645814 -0.918108 0.396072 -0.014285
-0.199073 -0.083734 -1.646136 -0.918108 0.396072 -0.014285
-0.199344 -0.084364 -1.645830 -0.918108 0.396072 -0.014285
-0.199504 -0.084737 -1.645662 -0.918108 0.396072 -0.014285
-0.198650 -0.082789 -1.644957 -0.917628 0.397337 -0.009060
-0.198208 -0.081715 -1.645672 -0.917604 0.397326 -0.011648
-0.199578 -0.084919 -1.646451 -0.918071 0.396056 -0.016881
-0.199432 -0.084579 -1.646876 -0.918071 0.396056 -0.016881
-0.199275 -0.084221 -1.642488 -0.915752 0.401691 -0.006458
-0.199482 -0.084740 -1.643569 -0.916683 0.399513 -0.009050
-0.199225 -0.084083 -1.643678 -0.916683 0.399513 -0.009050
-0.200108 -0.086280 -1.646982 -0.918565 0.394787 -0.019544
-0.200640 -0.087530 -1.645708 -0.917618 0.396984 -0.019524
-0.200046 -0.086123 -1.646957 -0.918565 0.394787 -0.019544
-0.200133 -0.086281 -1.645931 -0.918071 0.396056 -0.016881
-0.199740 -0.085337 -1.646856 -0.919014 0.393863 -0.016898
-0.199971 -0.085970 -1.647654 -0.918565 0.394787 -0.019544
-0.198262 -0.081840 -1.646029 -0.917604 0.397326 -0.011648
-0.198661 -0.082766 -1.647276 -0.918071 0.396056 -0.016881
-0.198180 -0.081656 -1.646439 -0.917604 0.397326 -0.011648
-0.198614 -0.082657 -1.647239 -0.918108 0.396072 -0.014285
-0.197964 -0.081169 -1.647424 -0.918108 0.396072 -0.014285
-0.197938 -0.081112 -1.646342 -0.917604 0.397326 -0.011648
-0.197918 -0.081071 -1.646188 -0.917604 0.397326 -0.011648
-0.196507 -0.077893 -1.646431 -0.916701 0.399521 -0.006465
-0.196450 -0.077679 -1.647724 -0.917628 0.397337 -0.009060
-0.196726 -0.078417 -1.646008 -0.916701 0.399521 -0.006465
-0.197370 -0.079857 -1.646661 -0.917604 0.397326 -0.011648
-0.197286 -0.079617 -1.648570 -0.918108 0.396072 -0.014285
-0.196864 -0.078640 -1.648078 -0.917604 0.397326 -0.011648
-0.197418 -0.079929 -1.648494 -0.918108 0.396072 -0.014285
-0.198267 -0.081890 -1.648908 -0.918970 0.393844 -0.019497
-0.198743 -0.082969 -1.648009 -0.919014 0.393863 -0.016898
-0.208366 -0.084079 -1.637355 -0.913953 0.405769 0.006482
-0.207856 -0.083016 -1.641170 -0.915238 0.402911 -0.001287
-0.208340 -0.084026 -1.637565 -0.914378 0.404810 0.006467
-0.208359 -0.084084 -1.637928 -0.914390 0.404815 0.003880
-0.207740 -0.082688 -1.639682 -0.914819 0.403862 0.001290
-0.207455 -0.082078 -1.640437 -0.914819 0.403862 0.001290
-0.207204 -0.081607 -1.640808 -0.915238 0.402911 0.001287
-0.206963 -0.081092 -1.640404 -0.914813 0.403860 0.003871
-0.207099 -0.081368 -1.640459 -0.914819 0.403862 0.001290
-0.208109 -0.083534 -1.641949 -0.915765 0.401697 -0.003875
-0.208863 -0.085055 -1.641291 -0.915765 0.401697 -0.003875
-0.208981 -0.085247 -1.643087 -0.916683 0.399513 -0.009050
-0.208353 -0.083998 -1.642872 -0.916701 0.399521 -0.006465
-0.208864 -0.085041 -1.641932 -0.915752 0.401691 -0.006458
-0.208842 -0.084965 -1.643244 -0.916683 0.399513 -0.009050
-0.207876 -0.083049 -1.642442 -0.915765 0.401697 -0.003875
-0.208567 -0.084401 -1.643326 -0.916683 0.399513 -0.009050
-0.207988 -0.083269 -1.642581 -0.915752 0.401691 -0.006458
-0.208269 -0.083731 -1.643867 -0.916683 0.399513 -0.009050
-0.206075 -0.079366 -1.641523 -0.914819 0.403862 0.001290
-0.206279 -0.079730 -1.641615 -0.914819 0.403862 0.001290
-0.205791 -0.078615 -1.643373 -0.915238 0.402911 -0.001287
-0.205429 -0.078264 -1.640789 -0.914378 0.404810 0.006467
-0.206145 -0.079340 -1.642794 -0.915238 0.402911 -0.001287
-0.207235 -0.081684 -1.642442 -0.916180 0.400748 -0.003866
-0.207300 -0.081744 -1.643263 -0.915765 0.401697 -0.003875
-0.207291 -0.081810 -1.642374 -0.916180 0.400748 -0.003866
-0.206998 -0.081067 -1.643641 -0.915765 0.401697 -0.003875
-0.207052 -0.081201 -1.643425 -0.915765 0.401697 -0.003875
-0.206323 -0.079629 -1.643705 -0.916180 0.400748 -0.003866
-0.207356 -0.081849 -1.643414 -0.915752 0.401691 -0.006458
-0.206482 -0.080057 -1.642694 -0.915238 0.402911 -0.001287
-0.207113 -0.081227 -1.644571 -0.916701 0.399521 -0.006465
-0.206321 -0.079549 -1.644538 -0.916180 0.400748 -0.003866
-0.206695 -0.080489 -1.642930 -0.916186 0.400751 -0.001289
-0.207035 -0.081056 -1.644644 -0.916701 0.399521 -0.006465
-0.206419 -0.079783 -1.646255 -0.917628 0.397337 -0.009060
-0.206325 -0.079548 -1.645113 -0.916701 0.399521 -0.006465
-0.207235 -0.081493 -1.644969 -0.916683 0.399513 -0.009050
-0.206497 -0.079909 -1.644794 -0.916701 0.399521 -0.006465
-0.206533 -0.080077 -1.647009 -0.917604 0.397326 -0.011648
-0.206863 -0.080727 -1.645989 -0.917628 0.397337 -0.009060
-0.207436 -0.082048 -1.646636 -0.917162 0.398259 -0.014270
-0.207892 -0.083114 -1.647307 -0.918071 0.396056 -0.016881
-0.206575 -0.080174 -1.647061 -0.917604 0.397326 -0.011648
-0.206680 -0.080426 -1.647307 -0.917604 0.397326 -0.011648
-0.206273 -0.079521 -1.647245 -0.917604 0.397326 -0.011648
-0.207464 -0.082068 -1.646094 -0.917604 0.397326 -0.011648
-0.206653 -0.080383 -1.647741 -0.918108 0.396072 -0.014285
-0.207507 -0.082283 -1.647760 -0.918071 0.396056 -0.016881
-0.206636 -0.080347 -1.647954 -0.918108 0.396072 -0.014285
-0.195332 -0.074079 -1.638934 -0.912583 0.408639 0.014361
-0.195625 -0.073390 -1.639289 -0.912583 0.408639 0.014361
-0.194395 -0.072626 -1.640612 -0.913018 0.407667 0.014327
-0.194052 -0.073570 -1.640568 -0.913481 0.406713 0.011695
-0.194038 -0.073752 -1.640914 -0.913481 0.406713 0.011695
-0.195251 -0.072970 -1.639665 -0.912583 0.408639 0.014361
-0.195364 -0.072506 -1.640095 -0.913018 0.407667 0.014327
-0.194586 -0.072415 -1.640673 -0.913018 0.407667 0.014327
-0.194095 -0.072126 -1.641582 -0.913481 0.406713 0.011695
-0.193997 -0.072276 -1.641750 -0.913481 0.406713 0.011695
-0.193950 -0.072477 -1.641957 -0.913506 0.406724 0.009096
-0.194171 -0.071686 -1.641873 -0.913481 0.406713 0.011695
-0.193980 -0.071669 -1.642095 -0.913481 0.406713 0.011695
-0.195892 -0.071897 -1.640784 -0.913018 0.407667 0.014327
-0.194998 -0.071604 -1.641415 -0.913049 0.407681 0.011722
-0.195453 -0.071465 -1.641482 -0.913049 0.407681 0.011722
-0.193104 -0.069041 -1.643482 -0.914445 0.404541 0.011707
-0.192322 -0.068093 -1.644132 -0.914445 0.404541 0.011707
-0.192936 -0.068208 -1.643800 -0.914445 0.404541 0.011707
-0.193791 -0.070334 -1.642850 -0.913481 0.406713 0.011695
-0.194579 -0.070919 -1.642324 -0.913481 0.406713 0.011695
-0.195792 -0.071229 -1.641717 -0.913481 0.406713 0.011695
-0.194719 -0.070663 -1.642504 -0.913481 0.406713 0.011695
-0.196302 -0.070924 -1.642017 -0.913481 0.406713 0.011695
-0.196250 -0.070482 -1.642431 -0.913481 0.406713 0.011695
-0.193354 -0.068836 -1.643489 -0.914445 0.404541 0.011707
-0.194211 -0.069655 -1.643084 -0.914445 0.404541 0.011707
-0.194342 -0.068368 -1.643628 -0.914445 0.404541 0.011707
-0.195392 -0.069172 -1.643286 -0.914445 0.404541 0.011707
-0.196438 -0.068574 -1.643318 -0.914445 0.404541 0.011707
-0.197172 -0.068524 -1.643067 -0.914445 0.404541 0.011707
-0.196281 -0.068773 -1.643280 -0.914445 0.404541 0.011707
-0.194144 -0.074353 -1.641265 -0.913934 0.405761 0.009075
-0.194215 -0.073853 -1.641457 -0.913934 0.405761 0.009075
-0.194042 -0.072841 -1.641804 -0.913506 0.406724 0.009096
-0.193887 -0.072397 -1.642851 -0.913934 0.405761 0.009075
-0.194215 -0.073130 -1.643289 -0.914378 0.404810 0.006467
-0.195259 -0.075446 -1.643254 -0.914813 0.403860 0.003871
-0.195173 -0.075164 -1.643474 -0.914813 0.403860 0.003871
-0.194983 -0.074646 -1.643566 -0.914813 0.403860 0.003871
-0.196003 -0.076751 -1.644042 -0.915238 0.402911 -0.001287
-0.195785 -0.076373 -1.643349 -0.915238 0.402911 0.001287
-0.194489 -0.073526 -1.644506 -0.915765 0.401697 0.003875
-0.194073 -0.072729 -1.644315 -0.915765 0.401697 0.003875
-0.193492 -0.071604 -1.643725 -0.915334 0.402643 0.006473
-0.193442 -0.071465 -1.644262 -0.915334 0.402643 0.006473
-0.193373 -0.071258 -1.644822 -0.915752 0.401691 0.006458
-0.191982 -0.068435 -1.645210 -0.915316 0.402635 0.009063
-0.192673 -0.069916 -1.645153 -0.915334 0.402643 0.006473
-0.192909 -0.070351 -1.644671 -0.915334 0.402643 0.006473
-0.192358 -0.069187 -1.645881 -0.915752 0.401691 0.006458
-0.192253 -0.068998 -1.645658 -0.915334 0.402643 0.006473
-0.192797 -0.070110 -1.645588 -0.915765 0.401697 0.003875
-0.193065 -0.070630 -1.645477 -0.915765 0.401697 0.003875
-0.193075 -0.070624 -1.645720 -0.915765 0.401697 0.003875
-0.192001 -0.068381 -1.646091 -0.915334 0.402643 0.006473
-0.193709 -0.072006 -1.643108 -0.913934 0.405761 0.009075
-0.194214 -0.072872 -1.645565 -0.916186 0.400751 0.001289
-0.193743 -0.071983 -1.645127 -0.915765 0.401697 0.003875
-0.193851 -0.072266 -1.644549 -0.915765 0.401697 0.003875
-0.190118 -0.065780 -1.645736 -0.914894 0.403592 0.009084
-0.190797 -0.062733 -1.647050 -0.914870 0.403581 0.011679
-0.191133 -0.061055 -1.647913 -0.914870 0.403581 0.011679
-0.189549 -0.063801 -1.647114 -0.914894 0.403592 0.009084
-0.189940 -0.063163 -1.647465 -0.914894 0.403592 0.009084
-0.189148 -0.062775 -1.648256 -0.915316 0.402635 0.009063
-0.190558 -0.062537 -1.647484 -0.914870 0.403581 0.011679
-0.189330 -0.062928 -1.648104 -0.915316 0.402635 0.009063
-0.190659 -0.061257 -1.648215 -0.914870 0.403581 0.011679
-0.191912 -0.067858 -1.644558 -0.914894 0.403592 0.009084
-0.191780 -0.066767 -1.644712 -0.914445 0.404541 0.011707
-0.192132 -0.067337 -1.644380 -0.914445 0.404541 0.011707
-0.193453 -0.067443 -1.644050 -0.914445 0.404541 0.011707
-0.192111 -0.066606 -1.644602 -0.914445 0.404541 0.011707
-0.192576 -0.065979 -1.644754 -0.914445 0.404541 0.011707
-0.191829 -0.064617 -1.645313 -0.914445 0.404541 0.011707
-0.192747 -0.065954 -1.644770 -0.914445 0.404541 0.011707
-0.193221 -0.066196 -1.644673 -0.914445 0.404541 0.011707
-0.193792 -0.065967 -1.644769 -0.914445 0.404541 0.011707
-0.193033 -0.065095 -1.645166 -0.914445 0.404541 0.011707
-0.194071 -0.067001 -1.644161 -0.914445 0.404541 0.011707
-0.194717 -0.067546 -1.643830 -0.914445 0.404541 0.011707
-0.195142 -0.067641 -1.643740 -0.914445 0.404541 0.011707
-0.195590 -0.068308 -1.643543 -0.914445 0.404541 0.011707
-0.197190 -0.067381 -1.643537 -0.914414 0.404527 0.014308
-0.196326 -0.068121 -1.643536 -0.914445 0.404541 0.011707
-0.196703 -0.067457 -1.643628 -0.914445 0.404541 0.011707
-0.195971 -0.066334 -1.644099 -0.914414 0.404527 0.014308
-0.197049 -0.067067 -1.643686 -0.914414 0.404527 0.014308
-0.194754 -0.064938 -1.645148 -0.914445 0.404541 0.011707
-0.197649 -0.065751 -1.644295 -0.913986 0.405492 0.014342
-0.195632 -0.065048 -1.644900 -0.914414 0.404527 0.014308
-0.195183 -0.064807 -1.645139 -0.914445 0.404541 0.011707
-0.196002 -0.065413 -1.644600 -0.914414 0.404527 0.014308
-0.196981 -0.065640 -1.644386 -0.914414 0.404527 0.014308
-0.190964 -0.063212 -1.646422 -0.914445 0.404541 0.011707
-0.192335 -0.062569 -1.646459 -0.914445 0.404541 0.011707
-0.192455 -0.064031 -1.645607 -0.914445 0.404541 0.011707
-0.192206 -0.063547 -1.645861 -0.914445 0.404541 0.011707
-0.192752 -0.062879 -1.646293 -0.914445 0.404541 0.011707
-0.192324 -0.060192 -1.647483 -0.914414 0.404527 0.014308
-0.192781 -0.061889 -1.646758 -0.914445 0.404541 0.011707
-0.191335 -0.062560 -1.646750 -0.914445 0.404541 0.011707
-0.191459 -0.061801 -1.647292 -0.914870 0.403581 0.011679
-0.192137 -0.062038 -1.646836 -0.914445 0.404541 0.011707
-0.192466 -0.062392 -1.646551 -0.914445 0.404541 0.011707
-0.192029 -0.060578 -1.647482 -0.914445 0.404541 0.011707
-0.193569 -0.060705 -1.647117 -0.914414 0.404527 0.014308
-0.194281 -0.062838 -1.646250 -0.914445 0.404541 0.011707
-0.193535 -0.061574 -1.646832 -0.914414 0.404527 0.014308
-0.194134 -0.062115 -1.646593 -0.914414 0.404527 0.014308
-0.194195 -0.064846 -1.645290 -0.914445 0.404541 0.011707
-0.196243 -0.064165 -1.645333 -0.914414 0.404527 0.014308
-0.195250 -0.063276 -1.645997 -0.914445 0.404541 0.011707
-0.197236 -0.063924 -1.645257 -0.914414 0.404527 0.014308
-0.197856 -0.064735 -1.644826 -0.914414 0.404527 0.014308
-0.196072 -0.063489 -1.645747 -0.914414 0.404527 0.014308
-0.196681 -0.064353 -1.645123 -0.914414 0.404527 0.014308
-0.198069 -0.063670 -1.645462 -0.914414 0.404527 0.014308
-0.194629 -0.061352 -1.646814 -0.914414 0.404527 0.014308
-0.195221 -0.062887 -1.646186 -0.914445 0.404541 0.011707
-0.195786 -0.062872 -1.646122 -0.914414 0.404527 0.014308
-0.194964 -0.061605 -1.646667 -0.914414 0.404527 0.014308
-0.191745 -0.067813 -1.645051 -0.914894 0.403592 0.009084
-0.191899 -0.068238 -1.645117 -0.914894 0.403592 0.009084
-0.191178 -0.066596 -1.645467 -0.914894 0.403592 0.009084
-0.190872 -0.066556 -1.645990 -0.915316 0.402635 0.009063
-0.191342 -0.067070 -1.645639 -0.914894 0.403592 0.009084
-0.191324 -0.067200 -1.646727 -0.915752 0.401691 0.006458
-0.191728 -0.067848 -1.646175 -0.915334 0.402643 0.006473
-0.191544 -0.067530 -1.647250 -0.915765 0.401697 0.003875
-0.191761 -0.067913 -1.645862 -0.915334 0.402643 0.006473
-0.191957 -0.068236 -1.647085 -0.915765 0.401697 0.003875
-0.198297 -0.062810 -1.646946 -0.914870 0.403581 0.011679
-0.198062 -0.062122 -1.647555 -0.914870 0.403581 0.011679
-0.195135 -0.074937 -1.643901 -0.914819 0.403862 0.001290
-0.194729 -0.074037 -1.644137 -0.914813 0.403860 0.003871
-0.195209 -0.074986 -1.645386 -0.916186 0.400751 -0.001289
-0.195191 -0.074957 -1.645230 -0.916186 0.400751 -0.001289
-0.196382 -0.077621 -1.646054 -0.917112 0.398576 -0.006449
-0.196361 -0.077536 -1.646606 -0.916701 0.399521 -0.006465
-0.195901 -0.076468 -1.646212 -0.917125 0.398582 -0.003870
-0.195678 -0.075884 -1.647038 -0.917112 0.398576 -0.006449
-0.195193 -0.074852 -1.646744 -0.917125 0.398582 -0.003870
-0.195531 -0.075621 -1.646182 -0.916180 0.400748 -0.003866
-0.194950 -0.074376 -1.646074 -0.916186 0.400751 -0.001289
-0.195102 -0.074683 -1.647356 -0.917112 0.398576 -0.006449
-0.195198 -0.074870 -1.647297 -0.917112 0.398576 -0.006449
-0.193358 -0.071102 -1.646321 -0.916186 0.400751 0.001289
-0.193654 -0.071514 -1.647825 -0.916599 0.399807 -0.001286
-0.193527 -0.071303 -1.647449 -0.916599 0.399807 -0.001286
-0.193639 -0.071442 -1.649256 -0.917112 0.398576 -0.006449
-0.193929 -0.072126 -1.648211 -0.917125 0.398582 -0.003870
-0.194087 -0.072467 -1.649574 -0.918054 0.396403 -0.006456
-0.193649 -0.071516 -1.650044 -0.918054 0.396403 -0.006456
-0.193602 -0.071421 -1.650654 -0.918036 0.396395 -0.009038
-0.193978 -0.072223 -1.650642 -0.918036 0.396395 -0.009038
-0.193999 -0.072289 -1.649993 -0.918036 0.396395 -0.009038
-0.194447 -0.073373 -1.647076 -0.916180 0.400748 -0.003866
-0.194343 -0.073167 -1.647187 -0.916180 0.400748 -0.003866
-0.193655 -0.071646 -1.646662 -0.916599 0.399807 0.001286
-0.193856 -0.072111 -1.646741 -0.916599 0.399807 -0.001286
-0.194488 -0.073424 -1.648343 -0.917112 0.398576 -0.006449
-0.194354 -0.073116 -1.648203 -0.917125 0.398582 -0.003870
-0.195955 -0.076505 -1.647726 -0.917628 0.397337 -0.009060
-0.195727 -0.075969 -1.647799 -0.917628 0.397337 -0.009060
-0.195910 -0.076403 -1.648870 -0.917604 0.397326 -0.011648
-0.196408 -0.077553 -1.649252 -0.918515 0.395130 -0.014251
-0.195056 -0.074606 -1.649255 -0.917628 0.397337 -0.009060
-0.195303 -0.075090 -1.650058 -0.918546 0.395143 -0.011660
-0.195722 -0.075968 -1.650689 -0.918515 0.395130 -0.014251
-0.195669 -0.075844 -1.650735 -0.918515 0.395130 -0.014251
-0.195479 -0.075454 -1.649908 -0.918546 0.395143 -0.011660
-0.194700 -0.073902 -1.647856 -0.917112 0.398576 -0.006449
-0.195410 -0.075316 -1.649739 -0.918546 0.395143 -0.011660
-0.195522 -0.075520 -1.647658 -0.917112 0.398576 -0.006449
-0.196471 -0.077727 -1.650812 -0.919014 0.393863 -0.016898
-0.196568 -0.077959 -1.650937 -0.919014 0.393863 -0.016898
-0.196266 -0.077206 -1.651416 -0.919014 0.393863 -0.016898
-0.193692 -0.071579 -1.651969 -0.918546 0.395143 -0.011660
-0.194212 -0.072693 -1.651525 -0.918546 0.395143 -0.011660
-0.194741 -0.073893 -1.650069 -0.917604 0.397326 -0.011648
-0.195274 -0.075007 -1.650375 -0.918546 0.395143 -0.011660
-0.195439 -0.075391 -1.651616 -0.919416 0.392924 -0.016858
-0.195302 -0.075117 -1.651907 -0.919416 0.392924 -0.016858
-0.195254 -0.075003 -1.651490 -0.919454 0.392940 -0.014265
-0.194530 -0.073445 -1.650125 -0.917628 0.397337 -0.009060
-0.194672 -0.073728 -1.651649 -0.918515 0.395130 -0.014251
-0.195326 -0.075230 -1.653077 -0.919910 0.391645 -0.019517
-0.194490 -0.073285 -1.653219 -0.919416 0.392924 -0.016858
-0.194605 -0.073553 -1.651925 -0.918515 0.395130 -0.014251
-0.194284 -0.072838 -1.653077 -0.919416 0.392924 -0.016858
-0.191037 -0.065909 -1.652981 -0.918054 0.396403 -0.006456
-0.191407 -0.066582 -1.652969 -0.918054 0.396403 -0.006456
-0.191058 -0.066002 -1.652515 -0.918054 0.396403 -0.006456
-0.190517 -0.064866 -1.655248 -0.918949 0.394205 -0.011632
-0.190716 -0.065262 -1.655349 -0.918949 0.394205 -0.011632
-0.190802 -0.065427 -1.654946 -0.918949 0.394205 -0.011632
-0.190855 -0.065532 -1.654844 -0.918949 0.394205 -0.011632
-0.191655 -0.067104 -1.655153 -0.919454 0.392940 -0.014265
-0.191680 -0.067152 -1.655166 -0.919454 0.392940 -0.014265
-0.191071 -0.065889 -1.656346 -0.919454 0.392940 -0.014265
-0.191336 -0.066389 -1.656506 -0.919416 0.392924 -0.016858
-0.192443 -0.069114 -1.647812 -0.916599 0.399807 0.001286
-0.192423 -0.069025 -1.648695 -0.916599 0.399807 -0.001286
-0.192564 -0.069296 -1.648704 -0.916599 0.399807 -0.001286
-0.192857 -0.069901 -1.648790 -0.916599 0.399807 -0.001286
-0.193075 -0.070347 -1.648637 -0.917539 0.397643 -0.001287
-0.193347 -0.070836 -1.649932 -0.917112 0.398576 -0.006449
-0.192571 -0.069155 -1.652182 -0.918036 0.396395 -0.009038
-0.192781 -0.069661 -1.650566 -0.918054 0.396403 -0.006456
-0.193170 -0.070430 -1.651559 -0.918036 0.396395 -0.009038
-0.191689 -0.067217 -1.652231 -0.918054 0.396403 -0.006456
-0.192084 -0.068147 -1.651837 -0.918054 0.396403 -0.006456
-0.191911 -0.067662 -1.652459 -0.918036 0.396395 -0.009038
-0.193410 -0.070970 -1.651480 -0.918036 0.396395 -0.009038
-0.193545 -0.071239 -1.652106 -0.918546 0.395143 -0.011660
-0.193133 -0.070246 -1.653375 -0.918515 0.395130 -0.014251
-0.193248 -0.070513 -1.652652 -0.918546 0.395143 -0.011660
-0.194041 -0.072321 -1.653209 -0.919416 0.392924 -0.016858
-0.194352 -0.072986 -1.653676 -0.919416 0.392924 -0.016858
-0.193662 -0.071435 -1.654894 -0.920308 0.390709 -0.019471
-0.193725 -0.071617 -1.652822 -0.919454 0.392940 -0.014265
-0.194205 -0.072716 -1.655447 -0.919860 0.391623 -0.022118
-0.194080 -0.072420 -1.655397 -0.919860 0.391623 -0.022118
-0.192881 -0.069693 -1.654086 -0.919454 0.392940 -0.014265
-0.192928 -0.069812 -1.653781 -0.919454 0.392940 -0.014265
-0.192352 -0.068617 -1.653361 -0.918949 0.394205 -0.011632
-0.192674 -0.069270 -1.656373 -0.920308 0.390709 -0.019471
-0.192822 -0.069523 -1.655145 -0.919416 0.392924 -0.016858
-0.192174 -0.068225 -1.652874 -0.918974 0.394215 -0.009048
-0.192398 -0.068748 -1.652682 -0.918974 0.394215 -0.009048
-0.191513 -0.066798 -1.653463 -0.918974 0.394215 -0.009048
-0.191357 -0.066492 -1.653556 -0.918974 0.394215 -0.009048
-0.192848 -0.069593 -1.654626 -0.919416 0.392924 -0.016858
-0.192446 -0.068747 -1.654476 -0.919454 0.392940 -0.014265
-0.192134 -0.068042 -1.655738 -0.919416 0.392924 -0.016858
-0.192217 -0.068212 -1.655767 -0.919416 0.392924 -0.016858
-0.192534 -0.068951 -1.656411 -0.920308 0.390709 -0.019471
-0.196963 -0.074437 -1.638411 -0.912546 0.408622 0.016972
-0.197340 -0.074070 -1.638719 -0.912546 0.408622 0.016972
-0.198118 -0.074409 -1.638334 -0.912546 0.408622 0.016972
-0.199109 -0.073565 -1.638528 -0.912546 0.408622 0.016972
-0.199812 -0.072017 -1.639134 -0.912108 0.409598 0.017012
-0.199452 -0.071632 -1.639915 -0.912546 0.408622 0.016972
-0.199335 -0.071620 -1.640091 -0.912546 0.408622 0.016972
-0.197157 -0.073532 -1.639169 -0.912583 0.408639 0.014361
-0.196036 -0.072658 -1.639813 -0.912583 0.408639 0.014361
-0.197741 -0.073785 -1.638930 -0.912546 0.408622 0.016972
-0.198208 -0.073167 -1.639457 -0.912583 0.408639 0.014361
-0.198408 -0.073243 -1.639306 -0.912583 0.408639 0.014361
-0.197260 -0.072264 -1.640416 -0.913018 0.407667 0.014327
-0.196150 -0.072143 -1.640438 -0.913018 0.407667 0.014327
-0.197078 -0.071912 -1.640817 -0.913018 0.407667 0.014327
-0.197967 -0.072020 -1.640582 -0.913018 0.407667 0.014327
-0.198141 -0.072468 -1.640159 -0.913018 0.407667 0.014327
-0.198581 -0.072369 -1.640079 -0.913018 0.407667 0.014327
-0.198886 -0.071588 -1.640591 -0.913018 0.407667 0.014327
-0.198778 -0.071953 -1.640346 -0.913018 0.407667 0.014327
-0.199097 -0.072026 -1.639999 -0.912583 0.408639 0.014361
-0.200196 -0.073665 -1.637563 -0.912064 0.409578 0.019628
-0.201100 -0.072835 -1.638002 -0.912064 0.409578 0.019628
-0.200983 -0.072628 -1.638226 -0.912064 0.409578 0.019628
-0.199415 -0.073666 -1.638147 -0.912108 0.409598 0.017012
-0.200503 -0.072489 -1.638463 -0.912064 0.409578 0.019628
-0.201738 -0.073990 -1.636589 -0.911622 0.410558 0.019675
-0.202564 -0.073538 -1.636766 -0.911572 0.410535 0.022297
-0.200747 -0.071956 -1.638813 -0.912064 0.409578 0.019628
-0.200050 -0.072015 -1.638989 -0.912108 0.409598 0.017012
-0.200404 -0.070777 -1.639617 -0.912108 0.409598 0.017012
-0.200656 -0.070876 -1.639467 -0.912108 0.409598 0.017012
-0.200989 -0.071206 -1.639254 -0.912108 0.409598 0.017012
-0.201384 -0.071142 -1.639321 -0.912108 0.409598 0.017012
-0.201721 -0.070863 -1.639515 -0.912108 0.409598 0.017012
-0.202077 -0.072452 -1.638132 -0.912064 0.409578 0.019628
-0.202748 -0.071211 -1.639033 -0.912064 0.409578 0.019628
-0.197570 -0.071187 -1.641608 -0.913049 0.407681 0.011722
-0.198045 -0.070904 -1.641769 -0.913049 0.407681 0.011722
-0.196821 -0.070299 -1.642450 -0.913481 0.406713 0.011695
-0.198210 -0.070557 -1.641989 -0.913481 0.406713 0.011695
-0.198453 -0.070548 -1.641908 -0.913049 0.407681 0.011722
-0.198532 -0.070005 -1.642184 -0.913018 0.407667 0.014327
-0.199814 -0.070657 -1.640339 -0.912546 0.408622 0.016972
-0.199518 -0.070698 -1.640785 -0.912583 0.408639 0.014361
-0.197225 -0.069145 -1.642787 -0.914445 0.404541 0.011707
-0.197895 -0.069901 -1.642358 -0.913481 0.406713 0.011695
-0.198165 -0.069067 -1.642569 -0.913986 0.405492 0.014342
-0.198155 -0.068328 -1.642823 -0.913986 0.405492 0.014342
-0.200256 -0.069443 -1.641547 -0.913018 0.407667 0.014327
-0.199554 -0.068814 -1.642401 -0.913986 0.405492 0.014342
-0.200920 -0.070541 -1.639656 -0.912108 0.409598 0.017012
-0.200595 -0.069849 -1.640549 -0.912546 0.408622 0.016972
-0.201961 -0.071397 -1.639138 -0.912108 0.409598 0.017012
-0.200829 -0.069310 -1.641289 -0.912546 0.408622 0.016972
-0.200905 -0.069006 -1.641594 -0.912546 0.408622 0.016972
-0.203714 -0.072607 -1.643273 -0.914378 0.404810 0.006467
-0.203719 -0.072821 -1.643263 -0.914378 0.404810 0.006467
-0.203500 -0.072654 -1.643887 -0.914378 0.404810 0.006467
-0.203362 -0.072882 -1.644414 -0.915765 0.401697 0.003875
-0.203573 -0.073576 -1.644541 -0.915765 0.401697 0.003875
-0.203764 -0.074040 -1.644441 -0.915238 0.402911 0.001287
-0.203461 -0.071900 -1.643990 -0.915334 0.402643 0.006473
-0.203131 -0.071775 -1.644867 -0.915765 0.401697 0.003875
-0.202968 -0.071186 -1.645491 -0.915765 0.401697 0.003875
-0.203582 -0.073781 -1.636738 -0.911622 0.410558 0.019675
-0.203702 -0.074218 -1.636356 -0.911572 0.410535 0.022297
-0.203590 -0.073217 -1.637231 -0.911622 0.410558 0.019675
-0.204935 -0.075333 -1.638065 -0.912546 0.408622 0.016972
-0.204725 -0.074922 -1.638794 -0.912583 0.408639 0.014361
-0.204414 -0.075043 -1.639575 -0.913049 0.407681 0.011722
-0.204422 -0.073479 -1.640304 -0.913049 0.407681 0.011722
-0.204217 -0.075150 -1.640157 -0.913481 0.406713 0.011695
-0.204137 -0.074687 -1.640423 -0.913481 0.406713 0.011695
-0.204117 -0.075491 -1.640852 -0.913934 0.405761 0.009075
-0.204114 -0.075479 -1.641178 -0.913934 0.405761 0.009075
-0.203995 -0.074364 -1.641094 -0.913506 0.406724 0.009096
-0.203944 -0.074593 -1.641313 -0.913934 0.405761 0.009075
-0.204019 -0.074314 -1.641939 -0.913934 0.405761 0.009075
-0.204089 -0.073369 -1.641915 -0.913934 0.405761 0.009075
-0.204134 -0.075544 -1.642064 -0.914378 0.404810 0.006467
-0.204608 -0.076645 -1.641217 -0.914378 0.404810 0.006467
-0.204655 -0.076780 -1.640981 -0.913953 0.405769 0.006482
-0.204753 -0.076858 -1.641479 -0.914378 0.404810 0.006467
-0.204213 -0.075409 -1.643709 -0.914819 0.403862 0.001290
-0.203754 -0.074040 -1.643288 -0.914378 0.404810 0.006467
-0.204109 -0.074986 -1.644042 -0.915238 0.402911 0.001287
-0.204194 -0.075169 -1.644321 -0.915238 0.402911 0.001287
-0.197847 -0.067823 -1.643118 -0.913986 0.405492 0.014342
-0.197978 -0.067200 -1.643426 -0.913986 0.405492 0.014342
-0.198706 -0.068075 -1.642887 -0.913986 0.405492 0.014342
-0.198200 -0.066580 -1.643809 -0.913986 0.405492 0.014342
-0.198933 -0.066723 -1.643667 -0.913986 0.405492 0.014342
-0.199131 -0.066913 -1.643529 -0.913986 0.405492 0.014342
-0.200477 -0.067954 -1.642611 -0.913986 0.405492 0.014342
-0.200010 -0.067728 -1.642882 -0.913986 0.405492 0.014342
-0.198622 -0.066004 -1.644133 -0.913986 0.405492 0.014342
-0.199160 -0.065655 -1.644302 -0.913986 0.405492 0.014342
-0.199561 -0.066394 -1.643771 -0.913986 0.405492 0.014342
-0.198325 -0.064290 -1.645071 -0.914414 0.404527 0.014308
-0.198628 -0.063708 -1.645751 -0.914445 0.404541 0.011707
-0.199367 -0.064315 -1.645763 -0.914445 0.404541 0.011707
-0.198979 -0.064015 -1.645840 -0.914445 0.404541 0.011707
-0.202891 -0.071017 -1.645796 -0.915765 0.401697 0.003875
-0.199199 -0.064103 -1.646466 -0.914870 0.403581 0.011679
-0.198486 -0.063163 -1.646819 -0.914870 0.403581 0.011679
-0.198934 -0.063818 -1.646944 -0.914894 0.403592 0.009084
-0.198915 -0.063794 -1.647439 -0.915316 0.402635 0.009063
-0.199641 -0.065289 -1.648500 -0.915765 0.401697 0.003875
-0.199667 -0.065205 -1.647977 -0.915752 0.401691 0.006458
-0.200495 -0.066709 -1.648502 -0.916180 0.400748 0.003866
-0.200341 -0.066542 -1.648723 -0.916186 0.400751 0.001289
-0.201014 -0.066774 -1.647574 -0.915765 0.401697 0.003875
-0.199406 -0.065011 -1.649313 -0.916180 0.400748 0.003866
-0.199281 -0.064557 -1.648181 -0.915752 0.401691 0.006458
-0.198974 -0.063915 -1.648152 -0.915334 0.402643 0.006473
-0.199320 -0.064874 -1.649774 -0.916186 0.400751 0.001289
-0.198815 -0.063797 -1.650023 -0.916180 0.400748 0.003866
-0.203485 -0.073393 -1.645527 -0.916186 0.400751 0.001289
-0.203501 -0.073426 -1.645769 -0.916599 0.399807 0.001286
-0.203466 -0.073334 -1.646110 -0.916599 0.399807 -0.001286
-0.203289 -0.072908 -1.645882 -0.916186 0.400751 0.001289
-0.203298 -0.072859 -1.646589 -0.916599 0.399807 -0.001286
-0.204477 -0.075756 -1.651127 -0.919454 0.392940 -0.014265
-0.204081 -0.074797 -1.647816 -0.917112 0.398576 -0.006449
-0.204426 -0.075630 -1.649662 -0.918546 0.395143 -0.011660
-0.204180 -0.075036 -1.648859 -0.917628 0.397337 -0.009060
-0.203890 -0.074339 -1.648196 -0.917112 0.398576 -0.006449
-0.203651 -0.073764 -1.647324 -0.917125 0.398582 -0.003870
-0.204169 -0.075012 -1.649440 -0.917604 0.397326 -0.011648
-0.203818 -0.074168 -1.648306 -0.917112 0.398576 -0.006449
-0.196599 -0.078008 -1.648168 -0.917604 0.397326 -0.011648
-0.196927 -0.078751 -1.648796 -0.918515 0.395130 -0.014251
-0.196773 -0.078343 -1.649754 -0.918071 0.396056 -0.016881
-0.197155 -0.079324 -1.651194 -0.919910 0.391645 -0.019517
-0.197142 -0.079234 -1.649470 -0.918071 0.396056 -0.016881
-0.196948 -0.078795 -1.650496 -0.919014 0.393863 -0.016898
-0.204126 -0.074949 -1.650894 -0.918515 0.395130 -0.014251
-0.203445 -0.073335 -1.648901 -0.918054 0.396403 -0.006456
-0.204244 -0.075225 -1.651075 -0.918515 0.395130 -0.014251
-0.203693 -0.073893 -1.648748 -0.918054 0.396403 -0.006456
-0.204043 -0.074731 -1.649991 -0.918546 0.395143 -0.011660
-0.203402 -0.073296 -1.650522 -0.918546 0.395143 -0.011660
-0.203912 -0.074460 -1.650787 -0.918515 0.395130 -0.014251
-0.203617 -0.073792 -1.650785 -0.918546 0.395143 -0.011660
-0.203843 -0.074249 -1.649194 -0.917628 0.397337 -0.009060
-0.204362 -0.075457 -1.653738 -0.919860 0.391623 -0.022118
-0.204676 -0.076155 -1.654274 -0.920739 0.389393 -0.024744
-0.204476 -0.075709 -1.654039 -0.919860 0.391623 -0.022118
-0.203912 -0.074464 -1.652356 -0.919416 0.392924 -0.016858
-0.204389 -0.075520 -1.653643 -0.919860 0.391623 -0.022118
-0.204520 -0.075813 -1.653669 -0.919860 0.391623 -0.022118
-0.205548 -0.077989 -1.644344 -0.916186 0.400751 -0.001289
-0.205269 -0.077605 -1.643231 -0.915238 0.402911 0.001287
-0.204927 -0.076770 -1.644042 -0.915238 0.402911 -0.001287
-0.205407 -0.077922 -1.643020 -0.915238 0.402911 0.001287
-0.205521 -0.078155 -1.643024 -0.915238 0.402911 0.001287
-0.205022 -0.076999 -1.643835 -0.915238 0.402911 0.001287
-0.204736 -0.076497 -1.643332 -0.915238 0.402911 0.001287
-0.205130 -0.077212 -1.643887 -0.915238 0.402911 -0.001287
-0.205363 -0.077563 -1.645182 -0.916180 0.400748 -0.003866
-0.205400 -0.077635 -1.645109 -0.916180 0.400748 -0.003866
-0.203852 -0.074257 -1.646694 -0.916180 0.400748 -0.003866
-0.204360 -0.075467 -1.647657 -0.917112 0.398576 -0.006449
-0.203968 -0.074554 -1.645911 -0.916186 0.400751 -0.001289
-0.204534 -0.075894 -1.647423 -0.917112 0.398576 -0.006449
-0.203526 -0.073471 -1.646472 -0.916186 0.400751 -0.001289
-0.203670 -0.073811 -1.646783 -0.916180 0.400748 -0.003866
-0.204445 -0.075718 -1.645607 -0.916186 0.400751 -0.001289
-0.204968 -0.076829 -1.646286 -0.917112 0.398576 -0.006449
-0.204800 -0.076540 -1.646966 -0.917112 0.398576 -0.006449
-0.205160 -0.077226 -1.646490 -0.917112 0.398576 -0.006449
-0.205519 -0.077912 -1.645964 -0.917112 0.398576 -0.006449
-0.205831 -0.078528 -1.645882 -0.916701 0.399521 -0.006465
-0.205335 -0.077651 -1.647756 -0.917628 0.397337 -0.009060
-0.206204 -0.079524 -1.648599 -0.918108 0.396072 -0.014285
-0.205732 -0.078525 -1.648389 -0.918546 0.395143 -0.011660
-0.205812 -0.078554 -1.647570 -0.917604 0.397326 -0.011648
-0.205519 -0.078134 -1.648998 -0.918515 0.395130 -0.014251
-0.205979 -0.079091 -1.649915 -0.919014 0.393863 -0.016898
-0.206093 -0.079327 -1.650282 -0.918970 0.393844 -0.019497
-0.201449 -0.068336 -1.648410 -0.916599 0.399807 0.001286
-0.201258 -0.068311 -1.649234 -0.916599 0.399807 -0.001286
-0.202543 -0.070224 -1.647135 -0.916186 0.400751 0.001289
-0.202413 -0.069809 -1.647311 -0.916186 0.400751 0.001289
-0.202587 -0.070999 -1.647760 -0.916599 0.399807 -0.001286
-0.203056 -0.072234 -1.647019 -0.916599 0.399807 -0.001286
-0.202216 -0.069478 -1.647639 -0.916599 0.399807 0.001286
-0.202055 -0.069725 -1.648353 -0.916599 0.399807 -0.001286
-0.202181 -0.070052 -1.648442 -0.916599 0.399807 -0.001286
-0.201567 -0.068802 -1.648858 -0.916599 0.399807 -0.001286
-0.202992 -0.072131 -1.647723 -0.916180 0.400748 -0.003866
-0.203066 -0.072476 -1.649808 -0.918036 0.396395 -0.009038
-0.202494 -0.070861 -1.649032 -0.917125 0.398582 -0.003870
-0.203189 -0.072633 -1.647174 -0.916186 0.400751 -0.001289
-0.202748 -0.071551 -1.649003 -0.917125 0.398582 -0.003870
-0.202817 -0.071680 -1.648126 -0.917125 0.398582 -0.003870
-0.202960 -0.072105 -1.648621 -0.917125 0.398582 -0.003870
-0.202008 -0.069756 -1.649265 -0.917533 0.397641 -0.003861
-0.202512 -0.071067 -1.650134 -0.918054 0.396403 -0.006456
-0.201838 -0.069452 -1.649865 -0.917125 0.398582 -0.003870
-0.202356 -0.070613 -1.649552 -0.917125 0.398582 -0.003870
-0.199774 -0.065738 -1.649373 -0.916186 0.400751 0.001289
-0.200678 -0.067229 -1.649093 -0.916599 0.399807 0.001286
-0.198890 -0.064020 -1.651356 -0.916599 0.399807 -0.001286
-0.198885 -0.064015 -1.651483 -0.917539 0.397643 -0.001287
-0.199125 -0.064504 -1.650872 -0.916599 0.399807 -0.001286
-0.198807 -0.063863 -1.651948 -0.917539 0.397643 -0.001287
-0.201298 -0.068578 -1.651116 -0.918054 0.396403 -0.006456
-0.201396 -0.068698 -1.650799 -0.917112 0.398576 -0.006449
-0.200931 -0.067976 -1.651231 -0.918054 0.396403 -0.006456
-0.200244 -0.066640 -1.649876 -0.916599 0.399807 -0.001286
-0.199910 -0.066044 -1.649740 -0.916599 0.399807 0.001286
-0.200732 -0.067629 -1.651240 -0.917125 0.398582 -0.003870
-0.201675 -0.069231 -1.650598 -0.917112 0.398576 -0.006449
-0.199358 -0.065021 -1.651661 -0.917533 0.397641 -0.003861
-0.199314 -0.064933 -1.651849 -0.917533 0.397641 -0.003861
-0.199404 -0.065160 -1.653348 -0.918054 0.396403 -0.006456
-0.199530 -0.065368 -1.651146 -0.917539 0.397643 -0.001287
-0.200249 -0.066733 -1.651071 -0.917533 0.397641 -0.003861
-0.200480 -0.067164 -1.651005 -0.917533 0.397641 -0.003861
-0.199656 -0.065623 -1.650947 -0.917539 0.397643 -0.001287
-0.199978 -0.066276 -1.652886 -0.918054 0.396403 -0.006456
-0.200055 -0.066361 -1.650632 -0.917539 0.397643 -0.001287
-0.200018 -0.066297 -1.650827 -0.917539 0.397643 -0.001287
-0.201681 -0.069146 -1.650204 -0.917125 0.398582 -0.003870
-0.201686 -0.069161 -1.650222 -0.917125 0.398582 -0.003870
-0.201777 -0.069751 -1.651793 -0.918036 0.396395 -0.009038
-0.202342 -0.070984 -1.651649 -0.918949 0.394205 -0.011632
-0.202293 -0.070933 -1.652566 -0.918546 0.395143 -0.011660
-0.202260 -0.070836 -1.652057 -0.918546 0.395143 -0.011660
-0.201744 -0.069766 -1.653175 -0.918546 0.395143 -0.011660
-0.202001 -0.070272 -1.652014 -0.918949 0.394205 -0.011632
-0.202836 -0.072072 -1.651660 -0.918546 0.395143 -0.011660
-0.201976 -0.070261 -1.652941 -0.918546 0.395143 -0.011660
-0.202283 -0.070956 -1.653442 -0.919454 0.392940 -0.014265
-0.202097 -0.070570 -1.653822 -0.919454 0.392940 -0.014265
-0.202585 -0.071781 -1.655690 -0.919860 0.391623 -0.022118
-0.202204 -0.070796 -1.653660 -0.919454 0.392940 -0.014265
-0.202520 -0.071631 -1.655610 -0.919910 0.391645 -0.019517
-0.202008 -0.070393 -1.654139 -0.919454 0.392940 -0.014265
-0.202495 -0.071434 -1.653536 -0.919454 0.392940 -0.014265
-0.201408 -0.069045 -1.653403 -0.918949 0.394205 -0.011632
-0.200772 -0.067707 -1.653001 -0.918974 0.394215 -0.009048
-0.200415 -0.067173 -1.654126 -0.918949 0.394205 -0.011632
-0.201082 -0.068842 -1.656584 -0.920308 0.390709 -0.019471
-0.200146 -0.066759 -1.654425 -0.918949 0.394205 -0.011632
-0.200279 -0.067026 -1.654586 -0.918949 0.394205 -0.011632
-0.199883 -0.066234 -1.654634 -0.918949 0.394205 -0.011632
-0.200612 -0.067856 -1.656237 -0.920352 0.390728 -0.016875
-0.200500 -0.067584 -1.655519 -0.919454 0.392940 -0.014265
-0.200085 -0.066659 -1.654608 -0.918949 0.394205 -0.011632
-0.201019 -0.068381 -1.654787 -0.919454 0.392940 -0.014265
-0.201138 -0.068796 -1.655742 -0.920352 0.390728 -0.016875
-0.200980 -0.068099 -1.653647 -0.918949 0.394205 -0.011632
-0.191157 -0.060237 -1.648145 -0.914870 0.403581 0.011679
-0.191953 -0.059883 -1.647783 -0.914414 0.404527 0.014308
-0.190470 -0.059879 -1.648675 -0.914870 0.403581 0.011679
-0.190175 -0.058832 -1.649239 -0.914870 0.403581 0.011679
-0.191146 -0.058713 -1.648677 -0.914445 0.404541 0.011707
-0.189659 -0.058666 -1.649715 -0.914894 0.403592 0.009084
-0.190364 -0.058042 -1.649845 -0.914870 0.403581 0.011679
-0.190984 -0.057925 -1.649272 -0.914870 0.403581 0.011679
-0.190600 -0.057886 -1.649754 -0.914870 0.403581 0.011679
-0.191584 -0.057324 -1.649375 -0.914445 0.404541 0.011707
-0.188942 -0.060959 -1.649068 -0.915316 0.402635 0.009063
-0.188150 -0.061149 -1.650033 -0.915752 0.401691 0.006458
-0.188207 -0.060934 -1.650533 -0.915752 0.401691 0.006458
-0.188191 -0.060894 -1.650151 -0.915752 0.401691 0.006458
-0.188367 -0.060086 -1.650547 -0.915752 0.401691 0.006458
-0.188210 -0.060766 -1.650400 -0.915752 0.401691 0.006458
-0.189843 -0.058211 -1.650298 -0.915316 0.402635 0.009063
-0.189221 -0.058659 -1.650632 -0.915316 0.402635 0.009063
-0.188791 -0.059296 -1.650557 -0.915752 0.401691 0.006458
-0.189400 -0.058595 -1.651214 -0.916701 0.399521 0.006465
-0.188253 -0.060869 -1.651048 -0.916180 0.400748 0.003866
-0.188389 -0.060910 -1.651807 -0.916599 0.399807 0.001286
-0.188397 -0.060065 -1.650984 -0.915752 0.401691 0.006458
-0.188701 -0.059916 -1.651880 -0.917125 0.398582 0.003870
-0.189030 -0.059529 -1.652014 -0.917125 0.398582 0.003870
-0.188870 -0.059948 -1.652451 -0.917539 0.397643 0.001287
-0.189507 -0.059810 -1.653718 -0.917945 0.396706 -0.001284
-0.191851 -0.056827 -1.650942 -0.916268 0.400462 0.009072
-0.191349 -0.057230 -1.651129 -0.916268 0.400462 0.009072
-0.191244 -0.057598 -1.651909 -0.916701 0.399521 0.006465
-0.192247 -0.056983 -1.651854 -0.916701 0.399521 0.006465
-0.189998 -0.058444 -1.651868 -0.916701 0.399521 0.006465
-0.190468 -0.058476 -1.652593 -0.917125 0.398582 0.003870
-0.189727 -0.059623 -1.653754 -0.917945 0.396706 -0.001284
-0.190032 -0.059080 -1.653073 -0.917539 0.397643 0.001287
-0.191809 -0.057743 -1.653008 -0.917125 0.398582 0.003870
-0.190539 -0.058695 -1.653176 -0.917539 0.397643 0.001287
-0.190805 -0.058085 -1.652370 -0.917125 0.398582 0.003870
-0.192139 -0.057438 -1.652918 -0.917125 0.398582 0.003870
-0.191906 -0.058183 -1.654302 -0.917945 0.396706 0.001284
-0.193288 -0.058250 -1.647593 -0.913949 0.405475 0.016949
-0.192432 -0.059624 -1.647641 -0.914414 0.404527 0.014308
-0.193845 -0.060675 -1.647107 -0.914414 0.404527 0.014308
-0.193874 -0.059836 -1.647200 -0.914414 0.404527 0.014308
-0.193723 -0.059866 -1.647207 -0.914414 0.404527 0.014308
-0.194350 -0.060200 -1.647114 -0.914414 0.404527 0.014308
-0.195028 -0.060085 -1.646949 -0.913986 0.405492 0.014342
-0.192085 -0.058647 -1.648285 -0.914414 0.404527 0.014308
-0.192463 -0.057888 -1.648284 -0.914414 0.404527 0.014308
-0.192823 -0.057798 -1.647984 -0.913986 0.405492 0.014342
-0.194287 -0.058956 -1.647283 -0.913986 0.405492 0.014342
-0.194717 -0.058183 -1.647507 -0.913949 0.405475 0.016949
-0.195138 -0.058418 -1.647487 -0.913949 0.405475 0.016949
-0.196439 -0.060083 -1.647016 -0.913986 0.405492 0.014342
-0.196842 -0.061280 -1.646611 -0.914414 0.404527 0.014308
-0.196974 -0.061001 -1.646822 -0.914414 0.404527 0.014308
-0.197267 -0.061312 -1.646939 -0.914414 0.404527 0.014308
-0.197395 -0.060703 -1.648208 -0.914870 0.403581 0.011679
-0.196055 -0.059102 -1.647515 -0.914414 0.404527 0.014308
-0.196247 -0.059517 -1.647358 -0.914414 0.404527 0.014308
-0.195446 -0.058144 -1.647884 -0.913986 0.405492 0.014342
-0.196715 -0.059727 -1.648159 -0.914445 0.404541 0.011707
-0.193494 -0.056694 -1.648299 -0.913949 0.405475 0.016949
-0.192154 -0.057173 -1.648891 -0.914414 0.404527 0.014308
-0.191739 -0.057253 -1.649291 -0.914414 0.404527 0.014308
-0.192689 -0.056728 -1.648771 -0.914414 0.404527 0.014308
-0.192852 -0.056397 -1.649234 -0.914414 0.404527 0.014308
-0.193604 -0.056291 -1.648977 -0.914414 0.404527 0.014308
-0.194754 -0.056710 -1.649134 -0.914414 0.404527 0.014308
-0.194905 -0.056837 -1.649169 -0.914414 0.404527 0.014308
-0.195245 -0.057255 -1.649072 -0.914414 0.404527 0.014308
-0.193795 -0.056162 -1.649467 -0.914414 0.404527 0.014308
-0.195269 -0.057638 -1.648329 -0.914414 0.404527 0.014308
-0.195875 -0.058209 -1.649227 -0.914870 0.403581 0.011679
-0.198236 -0.062355 -1.648125 -0.915316 0.402635 0.009063
-0.196693 -0.059714 -1.649858 -0.915316 0.402635 0.009063
-0.196900 -0.060074 -1.650128 -0.915752 0.401691 0.006458
-0.197122 -0.060317 -1.648305 -0.914870 0.403581 0.011679
-0.197315 -0.060610 -1.648618 -0.914894 0.403592 0.009084
-0.198512 -0.063105 -1.649763 -0.916180 0.400748 0.003866
-0.198618 -0.063274 -1.649002 -0.915752 0.401691 0.006458
-0.198299 -0.062664 -1.649942 -0.916180 0.400748 0.003866
-0.197930 -0.061807 -1.649010 -0.915316 0.402635 0.009063
-0.197996 -0.061886 -1.648781 -0.915316 0.402635 0.009063
-0.197496 -0.061186 -1.651444 -0.916180 0.400748 0.003866
-0.197531 -0.061257 -1.651975 -0.916599 0.399807 0.001286
-0.197740 -0.061670 -1.651055 -0.916180 0.400748 0.003866
-0.197196 -0.060591 -1.650232 -0.915752 0.401691 0.006458
-0.195324 -0.057260 -1.651864 -0.916701 0.399521 0.006465
-0.195909 -0.058334 -1.651804 -0.916701 0.399521 0.006465
-0.195597 -0.057628 -1.652480 -0.917112 0.398576 0.006449
-0.192444 -0.056435 -1.650686 -0.915826 0.401405 0.011691
-0.192769 -0.056324 -1.650750 -0.915826 0.401405 0.011691
-0.194002 -0.056413 -1.652344 -0.916701 0.399521 0.006465
-0.194904 -0.056736 -1.650053 -0.914870 0.403581 0.011679
-0.195067 -0.056912 -1.651733 -0.916683 0.399513 0.009050
-0.194291 -0.056164 -1.651741 -0.916268 0.400462 0.009072
-0.192773 -0.057171 -1.653164 -0.917125 0.398582 0.003870
-0.193958 -0.056712 -1.652928 -0.917112 0.398576 0.006449
-0.194686 -0.056876 -1.654646 -0.917539 0.397643 0.001287
-0.194932 -0.056906 -1.654462 -0.917539 0.397643 0.001287
-0.195227 -0.057030 -1.653405 -0.917125 0.398582 0.003870
-0.196073 -0.058636 -1.649990 -0.915316 0.402635 0.009063
-0.196076 -0.058658 -1.650114 -0.915316 0.402635 0.009063
-0.196824 -0.059974 -1.651685 -0.917125 0.398582 0.003870
-0.195995 -0.058529 -1.650309 -0.915316 0.402635 0.009063
-0.196951 -0.060185 -1.651381 -0.916180 0.400748 0.003866
-0.196776 -0.059886 -1.651384 -0.916180 0.400748 0.003866
-0.196467 -0.059329 -1.652009 -0.917125 0.398582 0.003870
-0.196220 -0.058913 -1.651659 -0.916701 0.399521 0.006465
-0.196867 -0.060071 -1.653135 -0.917539 0.397643 0.001287
-0.197103 -0.060482 -1.652951 -0.917539 0.397643 0.001287
-0.189028 -0.060965 -1.655695 -0.918458 0.395465 -0.006441
-0.190557 -0.059299 -1.654357 -0.917945 0.396706 -0.001284
-0.190723 -0.058669 -1.653436 -0.917539 0.397643 0.001287
-0.190875 -0.059193 -1.654758 -0.917539 0.397643 -0.001287
-0.191089 -0.059192 -1.655218 -0.918471 0.395470 -0.003865
-0.189848 -0.060070 -1.655259 -0.918471 0.395470 -0.003865
-0.189281 -0.060848 -1.656500 -0.919374 0.393281 -0.009026
-0.189701 -0.060533 -1.656390 -0.919374 0.393281 -0.009026
-0.190087 -0.060344 -1.656390 -0.919393 0.393289 -0.006447
-0.191389 -0.059367 -1.656089 -0.918458 0.395465 -0.006441
-0.191420 -0.059487 -1.656366 -0.918458 0.395465 -0.006441
-0.190370 -0.064588 -1.656248 -0.919884 0.392018 -0.011644
-0.190010 -0.063884 -1.656982 -0.919853 0.392005 -0.014231
-0.189933 -0.063730 -1.657089 -0.919853 0.392005 -0.014231
-0.190563 -0.064985 -1.657158 -0.919454 0.392940 -0.014265
-0.189637 -0.063295 -1.657848 -0.919853 0.392005 -0.014231
-0.189824 -0.063573 -1.657541 -0.919853 0.392005 -0.014231
-0.189425 -0.062984 -1.658385 -0.920747 0.389796 -0.016835
-0.189367 -0.062851 -1.658527 -0.920747 0.389796 -0.016835
-0.189722 -0.063486 -1.659963 -0.921240 0.388506 -0.019490
-0.189417 -0.060951 -1.657215 -0.918974 0.394215 -0.009048
-0.190661 -0.060267 -1.657651 -0.918949 0.394205 -0.011632
-0.190180 -0.060663 -1.658037 -0.919884 0.392018 -0.011644
-0.191494 -0.059593 -1.657217 -0.919374 0.393281 -0.009026
-0.191675 -0.059468 -1.657352 -0.919374 0.393281 -0.009026
-0.192075 -0.059337 -1.658299 -0.919884 0.392018 -0.011644
-0.193129 -0.058375 -1.658162 -0.919374 0.393281 -0.009026
-0.192547 -0.058998 -1.658589 -0.919884 0.392018 -0.011644
-0.191918 -0.059593 -1.659096 -0.919853 0.392005 -0.014231
-0.191134 -0.059950 -1.658508 -0.919884 0.392018 -0.011644
-0.189270 -0.061687 -1.659012 -0.920784 0.389812 -0.014246
-0.189393 -0.061448 -1.658787 -0.919853 0.392005 -0.014231
-0.189714 -0.061113 -1.658695 -0.919853 0.392005 -0.014231
-0.190880 -0.060115 -1.658342 -0.919884 0.392018 -0.011644
-0.189499 -0.062868 -1.660141 -0.921240 0.388506 -0.019490
-0.190378 -0.060720 -1.659691 -0.920747 0.389796 -0.016835
-0.190336 -0.060840 -1.660084 -0.920747 0.389796 -0.016835
-0.191112 -0.060478 -1.660332 -0.920747 0.389796 -0.016835
-0.191118 -0.060464 -1.660297 -0.920747 0.389796 -0.016835
-0.192186 -0.059616 -1.659748 -0.920784 0.389812 -0.014246
-0.192420 -0.059654 -1.660288 -0.920747 0.389796 -0.016835
-0.192572 -0.059326 -1.659820 -0.920784 0.389812 -0.014246
-0.197479 -0.061159 -1.652392 -0.917539 0.397643 0.001287
-0.198570 -0.063382 -1.652315 -0.917539 0.397643 -0.001287
-0.198557 -0.063367 -1.652584 -0.917533 0.397641 -0.003861
-0.198557 -0.063356 -1.652318 -0.917539 0.397643 -0.001287
-0.197871 -0.062158 -1.654935 -0.918458 0.395465 -0.006441
-0.198685 -0.063697 -1.653788 -0.918458 0.395465 -0.006441
-0.197461 -0.061140 -1.652675 -0.917945 0.396706 0.001284
-0.198332 -0.063072 -1.654763 -0.918458 0.395465 -0.006441
-0.197797 -0.061974 -1.654530 -0.918458 0.395465 -0.006441
-0.197727 -0.061757 -1.653630 -0.917533 0.397641 -0.003861
-0.198139 -0.062534 -1.653020 -0.917539 0.397643 -0.001287
-0.192778 -0.057565 -1.654234 -0.917539 0.397643 0.001287
-0.193397 -0.057360 -1.654569 -0.917945 0.396706 0.001284
-0.194371 -0.056979 -1.655053 -0.917945 0.396706 -0.001284
-0.193131 -0.057728 -1.654981 -0.917945 0.396706 -0.001284
-0.193293 -0.057455 -1.654678 -0.917945 0.396706 0.001284
-0.193302 -0.057792 -1.655424 -0.917945 0.396706 -0.001284
-0.196073 -0.058570 -1.652508 -0.917125 0.398582 0.003870
-0.196418 -0.059221 -1.654584 -0.917539 0.397643 -0.001287
-0.196271 -0.058896 -1.654607 -0.917945 0.396706 -0.001284
-0.197624 -0.061690 -1.655135 -0.918458 0.395465 -0.006441
-0.197267 -0.061011 -1.655095 -0.918458 0.395465 -0.006441
-0.197150 -0.060704 -1.654253 -0.917533 0.397641 -0.003861
-0.196968 -0.060342 -1.654096 -0.917539 0.397643 -0.001287
-0.197186 -0.060863 -1.655137 -0.918458 0.395465 -0.006441
-0.197246 -0.061004 -1.655438 -0.918458 0.395465 -0.006441
-0.197771 -0.062128 -1.656975 -0.919884 0.392018 -0.011644
-0.197742 -0.062070 -1.656930 -0.918949 0.394205 -0.011632
-0.197149 -0.060884 -1.657326 -0.918949 0.394205 -0.011632
-0.195998 -0.058259 -1.655469 -0.918471 0.395470 -0.003865
-0.196561 -0.059542 -1.656163 -0.918458 0.395465 -0.006441
-0.196681 -0.059818 -1.655323 -0.918471 0.395470 -0.003865
-0.199010 -0.064440 -1.654357 -0.918974 0.394215 -0.009048
-0.199003 -0.064439 -1.654481 -0.918974 0.394215 -0.009048
-0.199215 -0.064938 -1.654971 -0.918974 0.394215 -0.009048
-0.198252 -0.063041 -1.656174 -0.918949 0.394205 -0.011632
-0.198880 -0.064346 -1.656026 -0.919884 0.392018 -0.011644
-0.199215 -0.065036 -1.655888 -0.919884 0.392018 -0.011644
-0.199466 -0.065538 -1.656229 -0.919853 0.392005 -0.014231
-0.199360 -0.065316 -1.656464 -0.919853 0.392005 -0.014231
-0.198960 -0.064524 -1.657397 -0.919454 0.392940 -0.014265
-0.198889 -0.064363 -1.656965 -0.919853 0.392005 -0.014231
-0.196904 -0.060476 -1.658972 -0.919853 0.392005 -0.014231
-0.196377 -0.059223 -1.657758 -0.919374 0.393281 -0.009026
-0.196119 -0.058575 -1.656368 -0.918458 0.395465 -0.006441
-0.196847 -0.060331 -1.658579 -0.919884 0.392018 -0.011644
-0.198005 -0.062619 -1.657473 -0.919853 0.392005 -0.014231
-0.196621 -0.059696 -1.656760 -0.919393 0.393289 -0.006447
-0.197096 -0.060888 -1.658841 -0.919853 0.392005 -0.014231
-0.196452 -0.059301 -1.656363 -0.918458 0.395465 -0.006441
-0.192397 -0.060060 -1.661347 -0.921240 0.388506 -0.019490
-0.193708 -0.057425 -1.655574 -0.917945 0.396706 -0.001284
-0.194541 -0.057013 -1.655315 -0.917945 0.396706 -0.001284
-0.194356 -0.057292 -1.656214 -0.918471 0.395470 -0.003865
-0.195226 -0.057092 -1.654112 -0.917539 0.397643 0.001287
-0.193469 -0.057980 -1.656749 -0.918458 0.395465 -0.006441
-0.194273 -0.057453 -1.656974 -0.918471 0.395470 -0.003865
-0.194918 -0.057424 -1.657408 -0.918458 0.395465 -0.006441
-0.195528 -0.057654 -1.656711 -0.918471 0.395470 -0.003865
-0.195806 -0.057981 -1.656811 -0.918458 0.395465 -0.006441
-0.193297 -0.058217 -1.658165 -0.919374 0.393281 -0.009026
-0.193403 -0.058204 -1.658424 -0.919374 0.393281 -0.009026
-0.193695 -0.058183 -1.659128 -0.919884 0.392018 -0.011644
-0.194813 -0.057718 -1.659407 -0.919884 0.392018 -0.011644
-0.196280 -0.059018 -1.658692 -0.919884 0.392018 -0.011644
-0.195607 -0.057939 -1.659338 -0.919884 0.392018 -0.011644
-0.195944 -0.058343 -1.658782 -0.920280 0.391087 -0.011616
-0.193399 -0.058701 -1.659888 -0.919853 0.392005 -0.014231
-0.193782 -0.058477 -1.659945 -0.919853 0.392005 -0.014231
-0.194426 -0.058561 -1.660836 -0.920747 0.389796 -0.016835
-0.195033 -0.058652 -1.661211 -0.920747 0.389796 -0.016835
-0.195259 -0.058392 -1.660804 -0.920784 0.389812 -0.014246
-0.193979 -0.059043 -1.661474 -0.920747 0.389796 -0.016835
-0.196688 -0.059843 -1.660064 -0.920747 0.389796 -0.016835
-0.196491 -0.059505 -1.658864 -0.919884 0.392018 -0.011644
-0.195898 -0.058646 -1.660662 -0.920784 0.389812 -0.014246
-0.196583 -0.059565 -1.660691 -0.920747 0.389796 -0.016835
-0.199536 -0.065526 -1.655028 -0.918949 0.394205 -0.011632
-0.199318 -0.064988 -1.653494 -0.918054 0.396403 -0.006456
-0.199876 -0.066260 -1.655410 -0.919853 0.392005 -0.014231
-0.199781 -0.066122 -1.655921 -0.919853 0.392005 -0.014231
-0.199923 -0.066457 -1.656782 -0.920352 0.390728 -0.016875
-0.208302 -0.086944 -1.628461 -0.909687 0.414691 0.022380
-0.207954 -0.084987 -1.628278 -0.909174 0.415660 0.025072
-0.208427 -0.087462 -1.628626 -0.910140 0.413700 0.022327
-0.211212 -0.089811 -1.633206 -0.912538 0.408890 0.009086
-0.211081 -0.089302 -1.633181 -0.912538 0.408890 0.009086
-0.211048 -0.089515 -1.633383 -0.912538 0.408890 0.009086
-0.210136 -0.087207 -1.633448 -0.912078 0.409850 0.011710
-0.209634 -0.086877 -1.634387 -0.912538 0.408890 0.009086
-0.210277 -0.088130 -1.634190 -0.912538 0.408890 0.009086
-0.210453 -0.088766 -1.634797 -0.912990 0.407932 0.006475
-0.211466 -0.090703 -1.633999 -0.913002 0.407937 0.003885
-0.211105 -0.089794 -1.633481 -0.912557 0.408898 0.006490
-0.211267 -0.090389 -1.634653 -0.913431 0.406974 0.003876
-0.211106 -0.090027 -1.636667 -0.913864 0.406019 -0.001289
-0.210895 -0.089713 -1.634894 -0.913431 0.406974 0.003876
-0.210907 -0.089681 -1.636394 -0.913864 0.406019 0.001289
-0.210253 -0.088284 -1.634703 -0.912990 0.407932 0.006475
-0.208987 -0.084758 -1.634864 -0.912078 0.409850 0.011710
-0.209443 -0.085824 -1.634665 -0.912538 0.408890 0.009086
-0.209230 -0.085777 -1.635228 -0.912538 0.408890 0.009086
-0.212126 -0.092086 -1.636388 -0.914819 0.403862 -0.001290
-0.212239 -0.092331 -1.636021 -0.914819 0.403862 -0.001290
-0.211637 -0.091072 -1.635225 -0.913864 0.406019 0.001289
-0.211529 -0.090843 -1.635298 -0.913437 0.406977 0.001292
-0.211871 -0.091566 -1.635311 -0.913864 0.406019 0.001289
-0.210505 -0.088833 -1.636204 -0.913437 0.406977 0.001292
-0.209980 -0.087800 -1.635517 -0.912990 0.407932 0.006475
-0.210703 -0.089169 -1.636732 -0.913864 0.406019 0.001289
-0.211819 -0.091413 -1.637445 -0.914813 0.403860 -0.003871
-0.211564 -0.090853 -1.637956 -0.914813 0.403860 -0.003871
-0.212223 -0.092250 -1.637647 -0.915752 0.401691 -0.006458
-0.210393 -0.088434 -1.637876 -0.914819 0.403862 -0.001290
-0.210657 -0.088880 -1.639390 -0.915765 0.401697 -0.003875
-0.210634 -0.088741 -1.640837 -0.916268 0.400462 -0.009072
-0.210217 -0.088001 -1.638988 -0.914813 0.403860 -0.003871
-0.210253 -0.088195 -1.637132 -0.913864 0.406019 0.001289
-0.210550 -0.088771 -1.637696 -0.914819 0.403862 -0.001290
-0.210560 -0.088688 -1.639300 -0.915765 0.401697 -0.003875
-0.209726 -0.087186 -1.635907 -0.912990 0.407932 0.006475
-0.210619 -0.088798 -1.639461 -0.915752 0.401691 -0.006458
-0.211267 -0.090243 -1.637779 -0.914813 0.403860 -0.003871
-0.211056 -0.089796 -1.637968 -0.914813 0.403860 -0.003871
-0.210923 -0.089538 -1.637729 -0.914819 0.403862 -0.001290
-0.210216 -0.087921 -1.640054 -0.915752 0.401691 -0.006458
-0.210588 -0.088562 -1.642111 -0.916244 0.400452 -0.011664
-0.209847 -0.087202 -1.639143 -0.914819 0.403862 -0.001290
-0.210130 -0.087677 -1.640848 -0.915752 0.401691 -0.006458
-0.209580 -0.086687 -1.638396 -0.915238 0.402911 0.001287
-0.209758 -0.087189 -1.636830 -0.913431 0.406974 0.003876
-0.210374 -0.088209 -1.640717 -0.915752 0.401691 -0.006458
-0.209851 -0.087323 -1.637667 -0.914819 0.403862 0.001290
-0.211071 -0.089712 -1.640281 -0.916268 0.400462 -0.009072
-0.211193 -0.090008 -1.641741 -0.917193 0.398272 -0.011676
-0.211067 -0.089700 -1.640886 -0.916268 0.400462 -0.009072
-0.210864 -0.089200 -1.641082 -0.916268 0.400462 -0.009072
-0.211704 -0.091125 -1.638684 -0.915334 0.402643 -0.006473
-0.211440 -0.090555 -1.641019 -0.916244 0.400452 -0.011664
-0.211697 -0.091097 -1.639650 -0.916268 0.400462 -0.009072
-0.211329 -0.090320 -1.641580 -0.917193 0.398272 -0.011676
-0.211691 -0.091101 -1.638490 -0.915752 0.401691 -0.006458
-0.212011 -0.091749 -1.641263 -0.917162 0.398259 -0.014270
-0.211885 -0.091476 -1.640859 -0.916244 0.400452 -0.011664
-0.212122 -0.091983 -1.641268 -0.917162 0.398259 -0.014270
-0.211517 -0.090715 -1.641934 -0.917162 0.398259 -0.014270
-0.211930 -0.091604 -1.641939 -0.916749 0.399208 -0.014304
-0.211838 -0.091547 -1.643093 -0.917661 0.397002 -0.016921
-0.211727 -0.091193 -1.642154 -0.917162 0.398259 -0.014270
-0.212893 -0.093619 -1.638469 -0.916268 0.400462 -0.009072
-0.212889 -0.093653 -1.637567 -0.915334 0.402643 -0.006473
-0.212574 -0.092981 -1.637763 -0.915334 0.402643 -0.006473
-0.212672 -0.093148 -1.641324 -0.916749 0.399208 -0.014304
-0.212735 -0.093262 -1.639488 -0.916244 0.400452 -0.011664
-0.212784 -0.093376 -1.640279 -0.917162 0.398259 -0.014270
-0.213137 -0.094129 -1.639944 -0.916749 0.399208 -0.014304
-0.209761 -0.086864 -1.641432 -0.916701 0.399521 -0.006465
-0.209725 -0.086763 -1.642846 -0.916244 0.400452 -0.011664
-0.209913 -0.087164 -1.642140 -0.916268 0.400462 -0.009072
-0.209457 -0.086198 -1.643567 -0.917193 0.398272 -0.011676
-0.209700 -0.086702 -1.643337 -0.917193 0.398272 -0.011676
-0.210211 -0.088051 -1.645148 -0.917661 0.397002 -0.016921
-0.210379 -0.088256 -1.643833 -0.917162 0.398259 -0.014270
-0.210397 -0.088325 -1.644063 -0.918108 0.396072 -0.014285
-0.210102 -0.087551 -1.643107 -0.917193 0.398272 -0.011676
-0.210361 -0.088171 -1.643470 -0.917162 0.398259 -0.014270
-0.209404 -0.086150 -1.644207 -0.917193 0.398272 -0.011676
-0.201573 -0.089682 -1.645504 -0.918565 0.394787 -0.019544
-0.201581 -0.089677 -1.644987 -0.918565 0.394787 -0.019544
-0.201108 -0.088639 -1.646149 -0.918565 0.394787 -0.019544
-0.201342 -0.089240 -1.647564 -0.918997 0.393482 -0.024838
-0.201831 -0.090370 -1.647689 -0.918934 0.393455 -0.027450
-0.201645 -0.089869 -1.646008 -0.918515 0.394766 -0.022149
-0.201872 -0.090426 -1.646610 -0.918997 0.393482 -0.024838
-0.202043 -0.090828 -1.646005 -0.918515 0.394766 -0.022149
-0.202546 -0.092161 -1.648638 -0.919808 0.391213 -0.030093
-0.202114 -0.091056 -1.647348 -0.918934 0.393455 -0.027450
-0.202131 -0.091104 -1.647509 -0.918934 0.393455 -0.027450
-0.202267 -0.091387 -1.646054 -0.918997 0.393482 -0.024838
-0.202227 -0.091490 -1.649818 -0.920272 0.389901 -0.032820
-0.202042 -0.090945 -1.648871 -0.919808 0.391213 -0.030093
-0.202384 -0.091843 -1.650173 -0.920189 0.389866 -0.035442
-0.201418 -0.089443 -1.648989 -0.919877 0.391242 -0.027479
-0.201269 -0.089092 -1.649018 -0.919877 0.391242 -0.027479
-0.201726 -0.090210 -1.649283 -0.919808 0.391213 -0.030093
-0.201866 -0.090504 -1.648781 -0.919808 0.391213 -0.030093
-0.202254 -0.091565 -1.650970 -0.921129 0.387636 -0.035479
-0.201998 -0.090987 -1.650412 -0.920272 0.389901 -0.032820
-0.201580 -0.090025 -1.651188 -0.920189 0.389866 -0.035442
-0.201304 -0.089228 -1.649798 -0.919808 0.391213 -0.030093
-0.201486 -0.089722 -1.650368 -0.920672 0.388961 -0.032741
-0.201567 -0.090027 -1.651600 -0.921129 0.387636 -0.035479
-0.202840 -0.092640 -1.643425 -0.917618 0.396984 -0.019524
-0.203380 -0.093865 -1.643787 -0.918106 0.395713 -0.022202
-0.202327 -0.091415 -1.643699 -0.917618 0.396984 -0.019524
-0.202173 -0.091071 -1.644591 -0.918565 0.394787 -0.019544
-0.202180 -0.091095 -1.644758 -0.918565 0.394787 -0.019544
-0.201941 -0.090526 -1.644948 -0.918565 0.394787 -0.019544
-0.203691 -0.094660 -1.645489 -0.918934 0.393455 -0.027450
-0.203487 -0.094208 -1.645254 -0.918997 0.393482 -0.024838
-0.203201 -0.093582 -1.645659 -0.918997 0.393482 -0.024838
-0.203205 -0.093583 -1.644976 -0.918997 0.393482 -0.024838
-0.202793 -0.092615 -1.645673 -0.918997 0.393482 -0.024838
-0.202775 -0.092636 -1.647259 -0.919877 0.391242 -0.027479
-0.202584 -0.092137 -1.646267 -0.918997 0.393482 -0.024838
-0.202520 -0.092014 -1.646705 -0.918934 0.393455 -0.027450
-0.202775 -0.092636 -1.647249 -0.919877 0.391242 -0.027479
-0.204175 -0.095874 -1.647667 -0.920272 0.389901 -0.032820
-0.203996 -0.095402 -1.646543 -0.919404 0.392157 -0.030166
-0.203729 -0.094770 -1.646174 -0.919808 0.391213 -0.030093
-0.204043 -0.095655 -1.648939 -0.921129 0.387636 -0.035479
-0.204054 -0.095651 -1.648513 -0.920189 0.389866 -0.035442
-0.203979 -0.095508 -1.648944 -0.921129 0.387636 -0.035479
-0.203263 -0.093856 -1.648836 -0.920272 0.389901 -0.032820
-0.203496 -0.094384 -1.648662 -0.920189 0.389866 -0.035442
-0.202901 -0.093022 -1.648864 -0.920272 0.389901 -0.032820
-0.203640 -0.094779 -1.649743 -0.921040 0.387599 -0.038103
-0.203479 -0.094399 -1.649747 -0.921040 0.387599 -0.038103
-0.203747 -0.095035 -1.650180 -0.920640 0.388539 -0.038195
-0.202823 -0.092829 -1.650429 -0.921129 0.387636 -0.035479
-0.199206 -0.084072 -1.647850 -0.918970 0.393844 -0.019497
-0.199447 -0.084757 -1.649559 -0.919402 0.392539 -0.024778
-0.199403 -0.084684 -1.649866 -0.919402 0.392539 -0.024778
-0.199579 -0.085078 -1.649550 -0.919402 0.392539 -0.024778
-0.199733 -0.085500 -1.649793 -0.919402 0.392539 -0.024778
-0.200617 -0.087532 -1.647569 -0.919458 0.392563 -0.022171
-0.200801 -0.087948 -1.646907 -0.918515 0.394766 -0.022149
-0.200989 -0.088390 -1.646817 -0.918515 0.394766 -0.022149
-0.200505 -0.087283 -1.648110 -0.919402 0.392539 -0.024778
-0.200657 -0.087644 -1.648359 -0.919402 0.392539 -0.024778
-0.200784 -0.087943 -1.648055 -0.919402 0.392539 -0.024778
-0.200536 -0.087492 -1.651543 -0.920672 0.388961 -0.032741
-0.200721 -0.087856 -1.650226 -0.919808 0.391213 -0.030093
-0.200603 -0.087612 -1.650816 -0.920748 0.388993 -0.030124
-0.200804 -0.087998 -1.649151 -0.919877 0.391242 -0.027479
-0.199902 -0.085891 -1.649294 -0.919402 0.392539 -0.024778
-0.200081 -0.086342 -1.649788 -0.920278 0.390303 -0.027413
-0.199980 -0.086138 -1.650862 -0.919877 0.391242 -0.027479
-0.199804 -0.085710 -1.650807 -0.919877 0.391242 -0.027479
-0.198888 -0.083439 -1.649083 -0.918565 0.394787 -0.019544
-0.199211 -0.084251 -1.650384 -0.919402 0.392539 -0.024778
-0.199285 -0.084438 -1.650367 -0.919402 0.392539 -0.024778
-0.198410 -0.082214 -1.650504 -0.919458 0.392563 -0.022171
-0.199352 -0.084608 -1.650848 -0.920278 0.390303 -0.027413
-0.198250 -0.081853 -1.649361 -0.918970 0.393844 -0.019497
-0.197803 -0.080884 -1.650373 -0.918970 0.393844 -0.019497
-0.199124 -0.084036 -1.650844 -0.920341 0.390329 -0.024804
-0.198772 -0.083255 -1.651706 -0.920278 0.390303 -0.027413
-0.198118 -0.081598 -1.651146 -0.919458 0.392563 -0.022171
-0.198500 -0.082532 -1.651849 -0.920278 0.390303 -0.027413
-0.200843 -0.088228 -1.651420 -0.920672 0.388961 -0.032741
-0.200994 -0.088482 -1.650022 -0.919808 0.391213 -0.030093
-0.201265 -0.089353 -1.652420 -0.921129 0.387636 -0.035479
-0.201170 -0.088957 -1.650506 -0.920672 0.388961 -0.032741
-0.199914 -0.086014 -1.651580 -0.920748 0.388993 -0.030124
-0.200141 -0.086603 -1.652159 -0.920672 0.388961 -0.032741
-0.200272 -0.086924 -1.652327 -0.920672 0.388961 -0.032741
-0.200374 -0.087314 -1.653854 -0.921040 0.387599 -0.038103
-0.200513 -0.087634 -1.653749 -0.921040 0.387599 -0.038103
-0.201099 -0.089032 -1.653356 -0.921977 0.385363 -0.038142
-0.201268 -0.089420 -1.653108 -0.921040 0.387599 -0.038103
-0.201255 -0.089372 -1.652933 -0.921040 0.387599 -0.038103
-0.199101 -0.084100 -1.653107 -0.920748 0.388993 -0.030124
-0.198857 -0.083504 -1.652236 -0.920278 0.390303 -0.027413
-0.199318 -0.084670 -1.653659 -0.921608 0.386735 -0.032774
-0.199567 -0.085266 -1.653099 -0.920672 0.388961 -0.032741
-0.199310 -0.084624 -1.653148 -0.920672 0.388961 -0.032741
-0.198469 -0.082512 -1.653089 -0.921145 0.388057 -0.030052
-0.198711 -0.083158 -1.654011 -0.920672 0.388961 -0.032741
-0.199656 -0.085429 -1.651829 -0.920748 0.388993 -0.030124
-0.200000 -0.086455 -1.654686 -0.921977 0.385363 -0.038142
-0.200177 -0.086927 -1.655037 -0.921881 0.385323 -0.040768
-0.199851 -0.086050 -1.654223 -0.921129 0.387636 -0.035479
-0.198639 -0.082985 -1.654204 -0.920672 0.388961 -0.032741
-0.198975 -0.083963 -1.655607 -0.921977 0.385363 -0.038142
-0.198921 -0.083803 -1.655368 -0.921526 0.386700 -0.035393
-0.198520 -0.082935 -1.657918 -0.922813 0.383079 -0.040809
-0.198781 -0.083537 -1.656691 -0.921977 0.385363 -0.038142
-0.198523 -0.082828 -1.656196 -0.922370 0.384430 -0.038049
-0.199188 -0.084491 -1.655531 -0.921977 0.385363 -0.038142
-0.199417 -0.085016 -1.655075 -0.921977 0.385363 -0.038142
-0.199151 -0.084446 -1.656085 -0.921977 0.385363 -0.038142
-0.210235 -0.088195 -1.646871 -0.918515 0.394766 -0.022149
-0.210190 -0.088070 -1.647311 -0.919458 0.392563 -0.022171
-0.210020 -0.087649 -1.646932 -0.918515 0.394766 -0.022149
-0.209707 -0.086904 -1.645130 -0.918071 0.396056 -0.016881
-0.209841 -0.087207 -1.646565 -0.918565 0.394787 -0.019544
-0.209014 -0.085365 -1.646093 -0.918071 0.396056 -0.016881
-0.208776 -0.084770 -1.644292 -0.917193 0.398272 -0.011676
-0.209040 -0.085432 -1.646340 -0.918071 0.396056 -0.016881
-0.208348 -0.083894 -1.645178 -0.917193 0.398272 -0.011676
-0.209456 -0.086273 -1.645277 -0.918108 0.396072 -0.014285
-0.208852 -0.085026 -1.646248 -0.918071 0.396056 -0.016881
-0.208383 -0.083961 -1.644981 -0.917193 0.398272 -0.011676
-0.208307 -0.083802 -1.645073 -0.917193 0.398272 -0.011676
-0.208461 -0.084226 -1.646415 -0.918108 0.396072 -0.014285
-0.209378 -0.086217 -1.647424 -0.918565 0.394787 -0.019544
-0.209000 -0.085412 -1.647197 -0.918565 0.394787 -0.019544
-0.209770 -0.087092 -1.648151 -0.919458 0.392563 -0.022171
-0.208966 -0.085392 -1.647803 -0.918565 0.394787 -0.019544
-0.209883 -0.087322 -1.648078 -0.919402 0.392539 -0.024778
-0.208817 -0.084954 -1.646266 -0.918071 0.396056 -0.016881
-0.208790 -0.085046 -1.648102 -0.918565 0.394787 -0.019544
-0.209293 -0.086127 -1.648731 -0.919402 0.392539 -0.024778
-0.209225 -0.085957 -1.648124 -0.918515 0.394766 -0.022149
-0.209548 -0.086636 -1.648242 -0.919458 0.392563 -0.022171
-0.207251 -0.081641 -1.649175 -0.918970 0.393844 -0.019497
-0.206797 -0.080684 -1.648632 -0.918071 0.396056 -0.016881
-0.207494 -0.082196 -1.648792 -0.918970 0.393844 -0.019497
-0.207239 -0.081588 -1.649590 -0.918970 0.393844 -0.019497
-0.207432 -0.082184 -1.651461 -0.920341 0.390329 -0.024804
-0.208230 -0.083879 -1.648549 -0.918565 0.394787 -0.019544
-0.208664 -0.084826 -1.649685 -0.919402 0.392539 -0.024778
-0.208094 -0.083607 -1.650825 -0.920341 0.390329 -0.024804
-0.207573 -0.082490 -1.651532 -0.920341 0.390329 -0.024804
-0.207397 -0.082114 -1.652043 -0.920341 0.390329 -0.024804
-0.207871 -0.083129 -1.651201 -0.920341 0.390329 -0.024804
-0.207626 -0.082600 -1.650951 -0.919402 0.392539 -0.024778
-0.208243 -0.083928 -1.650719 -0.920341 0.390329 -0.024804
-0.207134 -0.081524 -1.652381 -0.920341 0.390329 -0.024804
-0.207836 -0.083002 -1.648106 -0.919014 0.393863 -0.016898
-0.207235 -0.081722 -1.651635 -0.920341 0.390329 -0.024804
-0.210158 -0.087897 -1.649009 -0.919877 0.391242 -0.027479
-0.210170 -0.087911 -1.649786 -0.919877 0.391242 -0.027479
-0.209543 -0.086651 -1.649481 -0.920341 0.390329 -0.024804
-0.209278 -0.086116 -1.649530 -0.919402 0.392539 -0.024778
-0.209158 -0.085875 -1.649569 -0.919402 0.392539 -0.024778
-0.210314 -0.088214 -1.651740 -0.920672 0.388961 -0.032741
-0.209505 -0.086631 -1.651196 -0.920748 0.388993 -0.030124
-0.209802 -0.087162 -1.650502 -0.919808 0.391213 -0.030093
-0.210112 -0.087826 -1.651738 -0.920672 0.388961 -0.032741
-0.207758 -0.082912 -1.652219 -0.920278 0.390303 -0.027413
-0.208610 -0.084721 -1.650411 -0.920341 0.390329 -0.024804
-0.207120 -0.081529 -1.653070 -0.920278 0.390303 -0.027413
-0.207699 -0.082771 -1.652068 -0.920278 0.390303 -0.027413
-0.209037 -0.085750 -1.651787 -0.920748 0.388993 -0.030124
-0.207720 -0.082840 -1.652480 -0.920278 0.390303 -0.027413
-0.207489 -0.082346 -1.653174 -0.921145 0.388057 -0.030052
-0.207927 -0.083310 -1.653207 -0.920748 0.388993 -0.030124
-0.208334 -0.084201 -1.653891 -0.921608 0.386735 -0.032774
-0.208045 -0.083568 -1.653270 -0.920748 0.388993 -0.030124
-0.202878 -0.093202 -1.653124 -0.921382 0.386216 -0.043499
-0.202397 -0.091964 -1.651740 -0.921040 0.387599 -0.038103
-0.202030 -0.091191 -1.652572 -0.921977 0.385363 -0.038142
-0.202714 -0.092581 -1.650652 -0.921129 0.387636 -0.035479
-0.202324 -0.091928 -1.652975 -0.921485 0.386259 -0.040867
-0.202665 -0.092739 -1.653558 -0.922319 0.383970 -0.043543
-0.202765 -0.092990 -1.654099 -0.922209 0.383924 -0.046176
-0.202843 -0.093158 -1.654009 -0.922209 0.383924 -0.046176
-0.202275 -0.091897 -1.653979 -0.922319 0.383970 -0.043543
-0.202983 -0.093491 -1.654406 -0.922209 0.383924 -0.046176
-0.203225 -0.094161 -1.655598 -0.922511 0.382504 -0.051618
-0.202774 -0.093099 -1.655358 -0.923026 0.381623 -0.048858
-0.202478 -0.092638 -1.657910 -0.923313 0.380188 -0.054313
-0.202975 -0.093605 -1.655796 -0.922634 0.382555 -0.048978
-0.203064 -0.093866 -1.656443 -0.923443 0.380241 -0.051670
-0.203050 -0.093823 -1.656323 -0.923443 0.380241 -0.051670
-0.202648 -0.092871 -1.655987 -0.922634 0.382555 -0.048978
-0.202623 -0.092950 -1.657588 -0.923313 0.380188 -0.054313
-0.203244 -0.094402 -1.659119 -0.923573 0.378731 -0.059800
-0.203157 -0.094184 -1.658466 -0.923716 0.378790 -0.057151
-0.203150 -0.094132 -1.657706 -0.924241 0.377918 -0.054367
-0.203015 -0.093844 -1.657699 -0.923313 0.380188 -0.054313
-0.205165 -0.098197 -1.648678 -0.920640 0.388539 -0.038195
-0.205223 -0.098426 -1.650444 -0.921382 0.386216 -0.043499
-0.204802 -0.097388 -1.649097 -0.920640 0.388539 -0.038195
-0.205089 -0.098034 -1.648901 -0.920544 0.388499 -0.040825
-0.203343 -0.094212 -1.652706 -0.922319 0.383970 -0.043543
-0.203278 -0.093919 -1.650487 -0.921040 0.387599 -0.038103
-0.203342 -0.094167 -1.652022 -0.921485 0.386259 -0.040867
-0.203747 -0.095080 -1.651086 -0.921485 0.386259 -0.040867
-0.204142 -0.095949 -1.650206 -0.920544 0.388499 -0.040825
-0.204537 -0.096801 -1.650467 -0.921485 0.386259 -0.040867
-0.204450 -0.096567 -1.649308 -0.920640 0.388539 -0.038195
-0.205110 -0.098222 -1.651647 -0.921813 0.384860 -0.046289
-0.204775 -0.097389 -1.650866 -0.921382 0.386216 -0.043499
-0.204392 -0.096546 -1.651557 -0.921382 0.386216 -0.043499
-0.204346 -0.096519 -1.652673 -0.921813 0.384860 -0.046289
-0.203572 -0.094766 -1.653545 -0.922209 0.383924 -0.046176
-0.203867 -0.095375 -1.651407 -0.921485 0.386259 -0.040867
-0.203861 -0.095465 -1.653894 -0.922634 0.382555 -0.048978
-0.203950 -0.095677 -1.653812 -0.922634 0.382555 -0.048978
-0.204173 -0.096204 -1.653596 -0.922634 0.382555 -0.048978
-0.203088 -0.093562 -1.652319 -0.921485 0.386259 -0.040867
-0.204680 -0.097327 -1.653133 -0.922634 0.382555 -0.048978
-0.205315 -0.098734 -1.652296 -0.921697 0.384812 -0.048928
-0.204684 -0.097374 -1.653907 -0.922511 0.382504 -0.051618
-0.204581 -0.097151 -1.654231 -0.922511 0.382504 -0.051618
-0.204722 -0.097473 -1.654437 -0.922511 0.382504 -0.051618
-0.205590 -0.099492 -1.653754 -0.923313 0.380188 -0.054313
-0.205266 -0.098913 -1.655591 -0.923716 0.378790 -0.057151
-0.205812 -0.100012 -1.653892 -0.922921 0.381120 -0.054446
-0.206177 -0.100856 -1.654020 -0.922921 0.381120 -0.054446
-0.205759 -0.099944 -1.654492 -0.922921 0.381120 -0.054446
-0.206118 -0.100800 -1.655891 -0.923573 0.378731 -0.059800
-0.205901 -0.100305 -1.655163 -0.923716 0.378790 -0.057151
-0.205920 -0.100377 -1.656048 -0.923573 0.378731 -0.059800
-0.205023 -0.098289 -1.655340 -0.922921 0.381120 -0.054446
-0.204987 -0.098116 -1.654443 -0.923443 0.380241 -0.051670
-0.205252 -0.098670 -1.653329 -0.922511 0.382504 -0.051618
-0.205147 -0.098446 -1.653703 -0.922511 0.382504 -0.051618
-0.203932 -0.095685 -1.654311 -0.922634 0.382555 -0.048978
-0.204259 -0.096462 -1.655187 -0.923443 0.380241 -0.051670
-0.204043 -0.095975 -1.655001 -0.922511 0.382504 -0.051618
-0.204223 -0.096488 -1.657229 -0.923716 0.378790 -0.057151
-0.204183 -0.096432 -1.657777 -0.923573 0.378731 -0.059800
-0.204370 -0.096788 -1.656672 -0.923716 0.378790 -0.057151
-0.204091 -0.096155 -1.656806 -0.923716 0.378790 -0.057151
-0.204023 -0.095956 -1.655739 -0.923313 0.380188 -0.054313
-0.203518 -0.094836 -1.655816 -0.923443 0.380241 -0.051670
-0.203723 -0.095395 -1.658043 -0.923716 0.378790 -0.057151
-0.203587 -0.095014 -1.656360 -0.923313 0.380188 -0.054313
-0.200883 -0.088657 -1.654737 -0.921881 0.385323 -0.040768
-0.200970 -0.088808 -1.654218 -0.921881 0.385323 -0.040768
-0.201629 -0.090520 -1.655499 -0.922209 0.383924 -0.046176
-0.201564 -0.090250 -1.654284 -0.921485 0.386259 -0.040867
-0.201617 -0.090485 -1.655410 -0.922209 0.383924 -0.046176
-0.201572 -0.090167 -1.653191 -0.921977 0.385363 -0.038142
-0.201698 -0.090794 -1.656614 -0.923026 0.381623 -0.048858
-0.201333 -0.089895 -1.655985 -0.922209 0.383924 -0.046176
-0.201521 -0.090232 -1.655133 -0.922319 0.383970 -0.043543
-0.202080 -0.091494 -1.654315 -0.922319 0.383970 -0.043543
-0.202041 -0.091489 -1.655618 -0.923142 0.381671 -0.046223
-0.200042 -0.086674 -1.655746 -0.921881 0.385323 -0.040768
-0.200116 -0.086774 -1.655091 -0.921977 0.385363 -0.038142
-0.199856 -0.086297 -1.657724 -0.922209 0.383924 -0.046176
-0.199825 -0.086200 -1.657447 -0.922319 0.383970 -0.043543
-0.199940 -0.086542 -1.658240 -0.923142 0.381671 -0.046223
-0.199892 -0.086421 -1.657319 -0.922319 0.383970 -0.043543
-0.199892 -0.086422 -1.657376 -0.922319 0.383970 -0.043543
-0.200355 -0.087440 -1.655899 -0.922711 0.383037 -0.043437
-0.200522 -0.087946 -1.656725 -0.922209 0.383924 -0.046176
-0.200181 -0.087136 -1.657812 -0.923142 0.381671 -0.046223
-0.200911 -0.088840 -1.655612 -0.922319 0.383970 -0.043543
-0.200517 -0.087853 -1.655776 -0.922711 0.383037 -0.043437
-0.200778 -0.088631 -1.657071 -0.923142 0.381671 -0.046223
-0.201998 -0.091468 -1.657072 -0.922511 0.382504 -0.051618
-0.202356 -0.092189 -1.656353 -0.922634 0.382555 -0.048978
-0.201909 -0.091264 -1.656832 -0.923026 0.381623 -0.048858
-0.201642 -0.090767 -1.657361 -0.922634 0.382555 -0.048978
-0.201093 -0.089372 -1.656447 -0.923142 0.381671 -0.046223
-0.201277 -0.089971 -1.658103 -0.923443 0.380241 -0.051670
-0.200981 -0.089266 -1.658481 -0.923832 0.379313 -0.051544
-0.202104 -0.091759 -1.657642 -0.923443 0.380241 -0.051670
-0.202148 -0.091840 -1.657582 -0.923443 0.380241 -0.051670
-0.202391 -0.092443 -1.658303 -0.923313 0.380188 -0.054313
-0.201331 -0.090148 -1.658738 -0.923443 0.380241 -0.051670
-0.201589 -0.090844 -1.659699 -0.924105 0.377862 -0.057011
-0.201280 -0.090089 -1.659896 -0.924241 0.377918 -0.054367
-0.201579 -0.090816 -1.659669 -0.924105 0.377862 -0.057011
-0.200509 -0.088133 -1.659396 -0.923832 0.379313 -0.051544
-0.200218 -0.087478 -1.660553 -0.924241 0.377918 -0.054367
-0.200085 -0.087095 -1.660186 -0.923832 0.379313 -0.051544
-0.199699 -0.086227 -1.660605 -0.923832 0.379313 -0.051544
-0.199768 -0.086415 -1.660829 -0.923832 0.379313 -0.051544
-0.200509 -0.088339 -1.660887 -0.924241 0.377918 -0.054367
-0.200245 -0.087572 -1.660714 -0.924241 0.377918 -0.054367
-0.201030 -0.089795 -1.662702 -0.924350 0.376390 -0.062510
-0.200942 -0.089474 -1.661615 -0.924886 0.375527 -0.059713
-0.199953 -0.086991 -1.661583 -0.924241 0.377918 -0.054367
-0.199918 -0.086887 -1.661478 -0.924241 0.377918 -0.054367
-0.201207 -0.089951 -1.660390 -0.924105 0.377862 -0.057011
-0.201066 -0.089617 -1.660281 -0.924241 0.377918 -0.054367
-0.201237 -0.090082 -1.660974 -0.924105 0.377862 -0.057011
-0.210209 -0.088286 -1.652632 -0.921129 0.387636 -0.035479
-0.210565 -0.088723 -1.651789 -0.920189 0.389866 -0.035442
-0.210868 -0.089583 -1.652608 -0.921040 0.387599 -0.038103
-0.208548 -0.084804 -1.656442 -0.921881 0.385323 -0.040768
-0.208916 -0.085536 -1.653460 -0.921608 0.386735 -0.032774
-0.208617 -0.084948 -1.656029 -0.921977 0.385363 -0.038142
-0.208907 -0.085478 -1.652522 -0.920672 0.388961 -0.032741
-0.209466 -0.086731 -1.653407 -0.921129 0.387636 -0.035479
-0.210290 -0.088545 -1.654414 -0.921881 0.385323 -0.040768
-0.210078 -0.088051 -1.653068 -0.921129 0.387636 -0.035479
-0.209970 -0.087846 -1.654215 -0.921977 0.385363 -0.038142
-0.208880 -0.085509 -1.655353 -0.921977 0.385363 -0.038142
-0.208976 -0.085727 -1.655657 -0.921977 0.385363 -0.038142
-0.209361 -0.086513 -1.653801 -0.921129 0.387636 -0.035479
-0.209054 -0.085856 -1.654074 -0.921129 0.387636 -0.035479
-0.209656 -0.087136 -1.653123 -0.921129 0.387636 -0.035479
-0.209941 -0.087758 -1.653279 -0.921129 0.387636 -0.035479
-0.210003 -0.087928 -1.654634 -0.921881 0.385323 -0.040768
-0.208871 -0.085515 -1.656300 -0.921881 0.385323 -0.040768
-0.209958 -0.087896 -1.655941 -0.922711 0.383037 -0.043437
-0.210162 -0.088400 -1.656841 -0.923142 0.381671 -0.046223
-0.210256 -0.088519 -1.655310 -0.922711 0.383037 -0.043437
-0.210503 -0.089133 -1.656465 -0.922209 0.383924 -0.046176
-0.209827 -0.087623 -1.656240 -0.922319 0.383970 -0.043543
-0.210090 -0.088189 -1.655926 -0.922319 0.383970 -0.043543
-0.210335 -0.088730 -1.655939 -0.922319 0.383970 -0.043543
-0.209859 -0.087713 -1.656554 -0.922319 0.383970 -0.043543
-0.209488 -0.086912 -1.656899 -0.922319 0.383970 -0.043543
-0.211389 -0.091168 -1.655473 -0.922209 0.383924 -0.046176
-0.210799 -0.089887 -1.657087 -0.923026 0.381623 -0.048858
-0.211466 -0.091494 -1.656974 -0.922634 0.382555 -0.048978
-0.211226 -0.090858 -1.656403 -0.923026 0.381623 -0.048858
-0.211262 -0.090719 -1.653970 -0.921485 0.386259 -0.040867
-0.211266 -0.090841 -1.655173 -0.922209 0.383924 -0.046176
-0.211219 -0.090614 -1.653945 -0.921485 0.386259 -0.040867
-0.210879 -0.089999 -1.658198 -0.923443 0.380241 -0.051670
-0.211322 -0.091111 -1.657444 -0.923443 0.380241 -0.051670
-0.211394 -0.091269 -1.657520 -0.923443 0.380241 -0.051670
-0.211339 -0.091319 -1.658550 -0.923313 0.380188 -0.054313
-0.211206 -0.090912 -1.658551 -0.923313 0.380188 -0.054313
-0.211810 -0.092377 -1.657260 -0.923443 0.380241 -0.051670
-0.211609 -0.092260 -1.658942 -0.924105 0.377862 -0.057011
-0.211744 -0.092573 -1.658611 -0.924241 0.377918 -0.054367
-0.211740 -0.092195 -1.657363 -0.923443 0.380241 -0.051670
-0.209076 -0.086273 -1.658586 -0.923142 0.381671 -0.046223
-0.209850 -0.087915 -1.658371 -0.923026 0.381623 -0.048858
-0.209856 -0.087859 -1.657952 -0.923026 0.381623 -0.048858
-0.209101 -0.086532 -1.659825 -0.923832 0.379313 -0.051544
-0.208872 -0.085645 -1.657477 -0.922711 0.383037 -0.043437
-0.209601 -0.087467 -1.658932 -0.923954 0.379363 -0.048907
-0.209488 -0.087078 -1.658065 -0.923142 0.381671 -0.046223
-0.208923 -0.085797 -1.657719 -0.922711 0.383037 -0.043437
-0.209990 -0.088369 -1.659654 -0.923443 0.380241 -0.051670
-0.209939 -0.088134 -1.658569 -0.923026 0.381623 -0.048858
-0.209622 -0.087648 -1.660027 -0.923443 0.380241 -0.051670
-0.209179 -0.086747 -1.660192 -0.923832 0.379313 -0.051544
-0.210506 -0.089276 -1.658740 -0.923443 0.380241 -0.051670
-0.196775 -0.078395 -1.652003 -0.919860 0.391623 -0.022118
-0.197077 -0.079161 -1.652221 -0.919860 0.391623 -0.022118
-0.196714 -0.078273 -1.652744 -0.919860 0.391623 -0.022118
-0.196765 -0.078372 -1.652195 -0.919860 0.391623 -0.022118
-0.196545 -0.077940 -1.653967 -0.920341 0.390329 -0.024804
-0.196541 -0.077858 -1.652936 -0.919860 0.391623 -0.022118
-0.197106 -0.079306 -1.654519 -0.921215 0.388086 -0.027440
-0.196960 -0.078973 -1.654326 -0.920278 0.390303 -0.027413
-0.196932 -0.078916 -1.654601 -0.921215 0.388086 -0.027440
-0.195573 -0.075808 -1.653086 -0.919910 0.391645 -0.019517
-0.195871 -0.076422 -1.654308 -0.920739 0.389393 -0.024744
-0.195858 -0.076391 -1.654562 -0.920739 0.389393 -0.024744
-0.195990 -0.076592 -1.651634 -0.919014 0.393863 -0.016898
-0.195802 -0.076227 -1.651911 -0.919014 0.393863 -0.016898
-0.196188 -0.077103 -1.652993 -0.919860 0.391623 -0.022118
-0.194843 -0.074166 -1.655356 -0.920795 0.389417 -0.022141
-0.194827 -0.074093 -1.654051 -0.919910 0.391645 -0.019517
-0.196110 -0.076959 -1.654528 -0.920341 0.390329 -0.024804
-0.196205 -0.077162 -1.654304 -0.920341 0.390329 -0.024804
-0.196226 -0.077372 -1.656255 -0.921145 0.388057 -0.030052
-0.196468 -0.077819 -1.654788 -0.920278 0.390303 -0.027413
-0.196208 -0.077247 -1.655274 -0.921215 0.388086 -0.027440
-0.195488 -0.075691 -1.655854 -0.921215 0.388086 -0.027440
-0.194997 -0.074524 -1.655181 -0.920795 0.389417 -0.022141
-0.195242 -0.075109 -1.655668 -0.920739 0.389393 -0.024744
-0.195250 -0.075112 -1.654933 -0.920739 0.389393 -0.024744
-0.195197 -0.075093 -1.657271 -0.921145 0.388057 -0.030052
-0.195965 -0.076844 -1.657258 -0.922002 0.385802 -0.032695
-0.195149 -0.074962 -1.656951 -0.921215 0.388086 -0.027440
-0.197667 -0.080619 -1.655011 -0.920748 0.388993 -0.030124
-0.197568 -0.080369 -1.654825 -0.921145 0.388057 -0.030052
-0.196940 -0.079327 -1.659545 -0.922813 0.383079 -0.040809
-0.197473 -0.080354 -1.656681 -0.921526 0.386700 -0.035393
-0.197195 -0.079653 -1.656162 -0.921608 0.386735 -0.032774
-0.197159 -0.079532 -1.655736 -0.920748 0.388993 -0.030124
-0.197023 -0.079352 -1.657463 -0.921526 0.386700 -0.035393
-0.196728 -0.078697 -1.657963 -0.922459 0.384467 -0.035429
-0.196312 -0.077655 -1.657229 -0.921608 0.386735 -0.032774
-0.196264 -0.077540 -1.657187 -0.922002 0.385802 -0.032695
-0.196788 -0.078971 -1.659582 -0.923203 0.382151 -0.040710
-0.196678 -0.078546 -1.657570 -0.921526 0.386700 -0.035393
-0.195420 -0.075728 -1.658993 -0.921526 0.386700 -0.035393
-0.195959 -0.076881 -1.657917 -0.921608 0.386735 -0.032774
-0.195259 -0.075330 -1.658643 -0.922002 0.385802 -0.032695
-0.195641 -0.076202 -1.658581 -0.921608 0.386735 -0.032774
-0.196223 -0.077606 -1.659258 -0.922370 0.384430 -0.038049
-0.196312 -0.077771 -1.658663 -0.922459 0.384467 -0.035429
-0.196288 -0.077818 -1.659994 -0.923298 0.382190 -0.038088
-0.191132 -0.065971 -1.657260 -0.920352 0.390728 -0.016875
-0.191509 -0.066769 -1.656823 -0.920352 0.390728 -0.016875
-0.191249 -0.066218 -1.657101 -0.920352 0.390728 -0.016875
-0.194467 -0.073244 -1.654144 -0.919910 0.391645 -0.019517
-0.194827 -0.074134 -1.655537 -0.920739 0.389393 -0.024744
-0.192996 -0.070046 -1.656448 -0.919910 0.391645 -0.019517
-0.193033 -0.070165 -1.656751 -0.920795 0.389417 -0.022141
-0.193051 -0.070081 -1.655396 -0.920352 0.390728 -0.016875
-0.193568 -0.071245 -1.655537 -0.919910 0.391645 -0.019517
-0.193505 -0.071077 -1.655117 -0.920308 0.390709 -0.019471
-0.193291 -0.070716 -1.656047 -0.919910 0.391645 -0.019517
-0.193634 -0.071441 -1.656253 -0.920795 0.389417 -0.022141
-0.194880 -0.074309 -1.656479 -0.921215 0.388086 -0.027440
-0.194575 -0.073587 -1.656680 -0.920739 0.389393 -0.024744
-0.194345 -0.073072 -1.657091 -0.921671 0.387180 -0.024769
-0.194215 -0.072794 -1.657283 -0.921609 0.387154 -0.027375
-0.194393 -0.073185 -1.657228 -0.921609 0.387154 -0.027375
-0.193369 -0.071044 -1.658451 -0.921609 0.387154 -0.027375
-0.192091 -0.068101 -1.657820 -0.921190 0.388485 -0.022088
-0.192117 -0.068087 -1.656677 -0.920308 0.390709 -0.019471
-0.192543 -0.069051 -1.657301 -0.920795 0.389417 -0.022141
-0.193208 -0.070735 -1.659727 -0.922078 0.385834 -0.030082
-0.193268 -0.070839 -1.658617 -0.921609 0.387154 -0.027375
-0.192298 -0.068544 -1.657746 -0.920795 0.389417 -0.022141
-0.192308 -0.068613 -1.659261 -0.921671 0.387180 -0.024769
-0.192238 -0.068474 -1.659595 -0.921671 0.387180 -0.024769
-0.192587 -0.069264 -1.660242 -0.921609 0.387154 -0.027375
-0.192800 -0.069736 -1.659332 -0.921609 0.387154 -0.027375
-0.192602 -0.069235 -1.658825 -0.921671 0.387180 -0.024769
-0.192514 -0.069077 -1.659984 -0.921609 0.387154 -0.027375
-0.195112 -0.075062 -1.659207 -0.922002 0.385802 -0.032695
-0.194779 -0.074242 -1.659405 -0.922002 0.385802 -0.032695
-0.194450 -0.073488 -1.659918 -0.922002 0.385802 -0.032695
-0.194495 -0.073420 -1.657110 -0.921215 0.388086 -0.027440
-0.194473 -0.073478 -1.658892 -0.922078 0.385834 -0.030082
-0.194455 -0.073337 -1.657287 -0.921215 0.388086 -0.027440
-0.193918 -0.072153 -1.657548 -0.921671 0.387180 -0.024769
-0.193902 -0.072181 -1.658572 -0.921215 0.388086 -0.027440
-0.194114 -0.072690 -1.659336 -0.922078 0.385834 -0.030082
-0.193638 -0.071637 -1.659094 -0.921145 0.388057 -0.030052
-0.194752 -0.074345 -1.661009 -0.922370 0.384430 -0.038049
-0.194426 -0.073512 -1.660910 -0.922459 0.384467 -0.035429
-0.194671 -0.074116 -1.660751 -0.922459 0.384467 -0.035429
-0.195240 -0.075437 -1.659981 -0.922459 0.384467 -0.035429
-0.195704 -0.076499 -1.660249 -0.922370 0.384430 -0.038049
-0.192520 -0.069103 -1.660354 -0.922537 0.384934 -0.027402
-0.193316 -0.071046 -1.661935 -0.922848 0.383538 -0.035343
-0.193252 -0.070898 -1.661723 -0.922848 0.383538 -0.035343
-0.193234 -0.070869 -1.662032 -0.922848 0.383538 -0.035343
-0.197568 -0.080703 -1.658857 -0.922813 0.383079 -0.040809
-0.197308 -0.080091 -1.658992 -0.922813 0.383079 -0.040809
-0.197156 -0.079705 -1.658599 -0.922370 0.384430 -0.038049
-0.197482 -0.080453 -1.658052 -0.922370 0.384430 -0.038049
-0.197572 -0.080717 -1.658913 -0.922813 0.383079 -0.040809
-0.197859 -0.081653 -1.660588 -0.923531 0.380742 -0.046111
-0.197438 -0.080415 -1.659106 -0.922813 0.383079 -0.040809
-0.197662 -0.081096 -1.660062 -0.923640 0.380787 -0.043481
-0.198044 -0.082018 -1.659989 -0.923640 0.380787 -0.043481
-0.197113 -0.079677 -1.659467 -0.922813 0.383079 -0.040809
-0.197275 -0.080123 -1.659825 -0.922813 0.383079 -0.040809
-0.196132 -0.077483 -1.660508 -0.923203 0.382151 -0.040710
-0.197075 -0.079753 -1.660538 -0.922711 0.383037 -0.043437
-0.197264 -0.080312 -1.661454 -0.923531 0.380742 -0.046111
-0.196884 -0.079280 -1.660476 -0.922711 0.383037 -0.043437
-0.196913 -0.079579 -1.662103 -0.923531 0.380742 -0.046111
-0.196626 -0.078794 -1.661781 -0.923640 0.380787 -0.043481
-0.196788 -0.079165 -1.661311 -0.923640 0.380787 -0.043481
-0.197838 -0.081764 -1.662421 -0.923832 0.379313 -0.051544
-0.197475 -0.081030 -1.663442 -0.924756 0.377046 -0.051596
-0.197600 -0.081248 -1.662896 -0.923832 0.379313 -0.051544
-0.196563 -0.078627 -1.661877 -0.923640 0.380787 -0.043481
-0.196535 -0.078884 -1.664346 -0.924756 0.377046 -0.051596
-0.196968 -0.079894 -1.664254 -0.924756 0.377046 -0.051596
-0.196538 -0.078575 -1.662282 -0.923531 0.380742 -0.046111
-0.197140 -0.080143 -1.662786 -0.923954 0.379363 -0.048907
-0.196899 -0.079581 -1.663116 -0.923954 0.379363 -0.048907
-0.197909 -0.082168 -1.664440 -0.925547 0.374721 -0.054288
-0.198379 -0.083351 -1.664913 -0.925029 0.375586 -0.057068
-0.197266 -0.080892 -1.666151 -0.925029 0.375586 -0.057068
-0.197871 -0.082008 -1.663954 -0.924627 0.376994 -0.054234
-0.197000 -0.080066 -1.664895 -0.924627 0.376994 -0.054234
-0.196802 -0.079592 -1.665169 -0.924627 0.376994 -0.054234
-0.195252 -0.075545 -1.661364 -0.923203 0.382151 -0.040710
-0.195124 -0.075290 -1.661887 -0.923203 0.382151 -0.040710
-0.195230 -0.075640 -1.663700 -0.923531 0.380742 -0.046111
-0.194940 -0.074998 -1.663527 -0.923640 0.380787 -0.043481
-0.195235 -0.075575 -1.662809 -0.923640 0.380787 -0.043481
-0.194457 -0.073834 -1.664161 -0.923640 0.380787 -0.043481
-0.194647 -0.074262 -1.663236 -0.924025 0.379863 -0.043375
-0.194636 -0.074261 -1.663656 -0.924025 0.379863 -0.043375
-0.195532 -0.076156 -1.660800 -0.923298 0.382190 -0.038088
-0.195844 -0.076893 -1.662380 -0.923640 0.380787 -0.043481
-0.195415 -0.075895 -1.660841 -0.923298 0.382190 -0.038088
-0.195496 -0.076091 -1.661652 -0.923203 0.382151 -0.040710
-0.196230 -0.077903 -1.662571 -0.923531 0.380742 -0.046111
-0.196190 -0.077982 -1.663490 -0.924340 0.378439 -0.048788
-0.194116 -0.072811 -1.661576 -0.922459 0.384467 -0.035429
-0.193957 -0.072494 -1.662303 -0.923298 0.382190 -0.038088
-0.194063 -0.072762 -1.662931 -0.923203 0.382151 -0.040710
-0.194041 -0.072758 -1.663809 -0.924128 0.379905 -0.040751
-0.194193 -0.073298 -1.665190 -0.924455 0.378486 -0.046157
-0.194206 -0.073085 -1.662690 -0.923298 0.382190 -0.038088
-0.194254 -0.073221 -1.662852 -0.923203 0.382151 -0.040710
-0.194308 -0.073296 -1.662022 -0.923298 0.382190 -0.038088
-0.193209 -0.070887 -1.663038 -0.923298 0.382190 -0.038088
-0.193126 -0.070734 -1.663273 -0.923298 0.382190 -0.038088
-0.193144 -0.070804 -1.663629 -0.923298 0.382190 -0.038088
-0.193415 -0.071338 -1.663116 -0.923298 0.382190 -0.038088
-0.193499 -0.071665 -1.665016 -0.924025 0.379863 -0.043375
-0.193548 -0.071698 -1.664036 -0.923203 0.382151 -0.040710
-0.194240 -0.073365 -1.664887 -0.923531 0.380742 -0.046111
-0.193765 -0.072464 -1.666327 -0.924455 0.378486 -0.046157
-0.193618 -0.072187 -1.666800 -0.924340 0.378439 -0.048788
-0.195451 -0.076105 -1.663501 -0.923531 0.380742 -0.046111
-0.195525 -0.076448 -1.664439 -0.924340 0.378439 -0.048788
-0.195450 -0.076546 -1.666119 -0.924756 0.377046 -0.051596
-0.195309 -0.076369 -1.667445 -0.925547 0.374721 -0.054288
-0.195628 -0.077083 -1.666918 -0.925547 0.374721 -0.054288
-0.195595 -0.076814 -1.665527 -0.924756 0.377046 -0.051596
-0.195567 -0.076576 -1.664569 -0.924340 0.378439 -0.048788
-0.195707 -0.076703 -1.663238 -0.923531 0.380742 -0.046111
-0.195888 -0.077184 -1.663323 -0.924455 0.378486 -0.046157
-0.196155 -0.078104 -1.664867 -0.924756 0.377046 -0.051596
-0.195891 -0.077605 -1.666184 -0.924627 0.376994 -0.054234
-0.196178 -0.078226 -1.665828 -0.924627 0.376994 -0.054234
-0.196045 -0.078022 -1.666674 -0.925547 0.374721 -0.054288
-0.196349 -0.078608 -1.665768 -0.924627 0.376994 -0.054234
-0.196848 -0.079852 -1.665975 -0.925411 0.374666 -0.056928
-0.196125 -0.078203 -1.666586 -0.925547 0.374721 -0.054288
-0.196366 -0.078949 -1.667179 -0.925411 0.374666 -0.056928
-0.194613 -0.074408 -1.666824 -0.925138 0.376126 -0.051470
-0.194390 -0.073864 -1.666885 -0.925138 0.376126 -0.051470
-0.194333 -0.073702 -1.666290 -0.924340 0.378439 -0.048788
-0.194754 -0.074786 -1.666839 -0.925138 0.376126 -0.051470
-0.194592 -0.074382 -1.667189 -0.925138 0.376126 -0.051470
-0.194902 -0.075213 -1.667124 -0.924756 0.377046 -0.051596
-0.194052 -0.073095 -1.666258 -0.924340 0.378439 -0.048788
-0.194276 -0.073555 -1.665845 -0.924340 0.378439 -0.048788
-0.193890 -0.072791 -1.667153 -0.925260 0.376176 -0.048837
-0.194020 -0.073092 -1.667636 -0.925138 0.376126 -0.051470
-0.193928 -0.073005 -1.668803 -0.925547 0.374721 -0.054288
-0.194607 -0.074555 -1.668262 -0.925547 0.374721 -0.054288
-0.194819 -0.075046 -1.667625 -0.925547 0.374721 -0.054288
-0.194664 -0.074765 -1.668597 -0.925411 0.374666 -0.056928
-0.194610 -0.074798 -1.669350 -0.926327 0.372386 -0.056984
-0.194602 -0.074603 -1.668609 -0.925547 0.374721 -0.054288
-0.193774 -0.072772 -1.669366 -0.925547 0.374721 -0.054288
-0.194236 -0.073813 -1.669078 -0.925547 0.374721 -0.054288
-0.193800 -0.072807 -1.669264 -0.925547 0.374721 -0.054288
-0.194342 -0.074199 -1.669584 -0.926327 0.372386 -0.056984
-0.197698 -0.080605 -1.649510 -0.919014 0.393863 -0.016898
-0.197755 -0.080785 -1.651654 -0.919458 0.392563 -0.022171
-0.197850 -0.080997 -1.651841 -0.919402 0.392539 -0.024778
-0.197839 -0.080957 -1.653419 -0.920278 0.390303 -0.027413
-0.198129 -0.081628 -1.652990 -0.920278 0.390303 -0.027413
-0.197504 -0.080173 -1.652660 -0.920341 0.390329 -0.024804
-0.197945 -0.081195 -1.652443 -0.920341 0.390329 -0.024804
-0.198211 -0.081885 -1.654086 -0.920748 0.388993 -0.030124
-0.197816 -0.080960 -1.654848 -0.920748 0.388993 -0.030124
-0.197975 -0.081396 -1.655076 -0.921608 0.386735 -0.032774
-0.197797 -0.081061 -1.655921 -0.921608 0.386735 -0.032774
-0.197941 -0.081485 -1.657049 -0.922370 0.384430 -0.038049
-0.197898 -0.081369 -1.656862 -0.922459 0.384467 -0.035429
-0.198136 -0.081981 -1.657556 -0.921977 0.385363 -0.038142
-0.206915 -0.080905 -1.649335 -0.919014 0.393863 -0.016898
-0.206311 -0.079754 -1.649697 -0.919014 0.393863 -0.016898
-0.206454 -0.080032 -1.649636 -0.919014 0.393863 -0.016898
-0.206475 -0.080070 -1.650358 -0.918970 0.393844 -0.019497
-0.205347 -0.077731 -1.649928 -0.918108 0.396072 -0.014285
-0.205202 -0.077377 -1.650628 -0.919014 0.393863 -0.016898
-0.204713 -0.076314 -1.650469 -0.918515 0.395130 -0.014251
-0.205167 -0.077312 -1.650393 -0.919014 0.393863 -0.016898
-0.205104 -0.077240 -1.649074 -0.918546 0.395143 -0.011660
-0.205464 -0.077920 -1.651474 -0.918970 0.393844 -0.019497
-0.205959 -0.079007 -1.651326 -0.919910 0.391645 -0.019517
-0.204866 -0.076589 -1.653222 -0.919860 0.391623 -0.022118
-0.205013 -0.076924 -1.652099 -0.918970 0.393844 -0.019497
-0.204880 -0.076627 -1.652528 -0.919910 0.391645 -0.019517
-0.205258 -0.077448 -1.653302 -0.919860 0.391623 -0.022118
-0.205590 -0.078183 -1.652557 -0.919860 0.391623 -0.022118
-0.207056 -0.081289 -1.651670 -0.919402 0.392539 -0.024778
-0.206572 -0.080333 -1.651919 -0.919458 0.392563 -0.022171
-0.206960 -0.081078 -1.651389 -0.919458 0.392563 -0.022171
-0.206108 -0.079307 -1.653671 -0.920278 0.390303 -0.027413
-0.205254 -0.077433 -1.653782 -0.920341 0.390329 -0.024804
-0.205424 -0.077808 -1.653567 -0.920341 0.390329 -0.024804
-0.205891 -0.078840 -1.652805 -0.919402 0.392539 -0.024778
-0.206189 -0.079485 -1.653492 -0.920341 0.390329 -0.024804
-0.206096 -0.079280 -1.653679 -0.920278 0.390303 -0.027413
-0.205403 -0.077760 -1.653685 -0.920341 0.390329 -0.024804
-0.205757 -0.078689 -1.655307 -0.921145 0.388057 -0.030052
-0.206761 -0.080985 -1.655280 -0.921608 0.386735 -0.032774
-0.205330 -0.077658 -1.654879 -0.920278 0.390303 -0.027413
-0.206873 -0.081140 -1.654494 -0.920748 0.388993 -0.030124
-0.206831 -0.080979 -1.653969 -0.921145 0.388057 -0.030052
-0.206264 -0.079722 -1.654303 -0.921215 0.388086 -0.027440
-0.206055 -0.079388 -1.655440 -0.921145 0.388057 -0.030052
-0.206486 -0.080278 -1.654670 -0.921145 0.388057 -0.030052
-0.206998 -0.081380 -1.654233 -0.920748 0.388993 -0.030124
-0.206965 -0.081397 -1.655057 -0.921608 0.386735 -0.032774
-0.207296 -0.082133 -1.655481 -0.921526 0.386700 -0.035393
-0.207566 -0.082601 -1.654559 -0.921608 0.386735 -0.032774
-0.207300 -0.081976 -1.653895 -0.920748 0.388993 -0.030124
-0.207984 -0.083438 -1.654250 -0.921608 0.386735 -0.032774
-0.208494 -0.084683 -1.656340 -0.921881 0.385323 -0.040768
-0.207884 -0.083399 -1.655970 -0.922370 0.384430 -0.038049
-0.205815 -0.078985 -1.656333 -0.921608 0.386735 -0.032774
-0.205046 -0.077198 -1.656037 -0.921145 0.388057 -0.030052
-0.205022 -0.077059 -1.655526 -0.921215 0.388086 -0.027440
-0.205069 -0.077245 -1.656005 -0.921145 0.388057 -0.030052
-0.205528 -0.078299 -1.656104 -0.921145 0.388057 -0.030052
-0.205271 -0.077838 -1.657202 -0.921608 0.386735 -0.032774
-0.205339 -0.077968 -1.656807 -0.922002 0.385802 -0.032695
-0.205174 -0.077622 -1.657189 -0.922002 0.385802 -0.032695
-0.205646 -0.078678 -1.657317 -0.921608 0.386735 -0.032774
-0.206037 -0.079529 -1.656989 -0.921526 0.386700 -0.035393
-0.205219 -0.077809 -1.658811 -0.922459 0.384467 -0.035429
-0.204295 -0.075315 -1.654243 -0.919860 0.391623 -0.022118
-0.203660 -0.073940 -1.654181 -0.919910 0.391645 -0.019517
-0.203904 -0.074440 -1.653359 -0.919910 0.391645 -0.019517
-0.204232 -0.075176 -1.654162 -0.919860 0.391623 -0.022118
-0.203594 -0.073754 -1.652958 -0.919416 0.392924 -0.016858
-0.203144 -0.072852 -1.653778 -0.919416 0.392924 -0.016858
-0.203273 -0.073061 -1.652916 -0.919416 0.392924 -0.016858
-0.203117 -0.072872 -1.655029 -0.919860 0.391623 -0.022118
-0.203008 -0.072691 -1.655702 -0.920795 0.389417 -0.022141
-0.204241 -0.075239 -1.655049 -0.920739 0.389393 -0.024744
-0.204563 -0.075927 -1.654942 -0.920739 0.389393 -0.024744
-0.204073 -0.074946 -1.655888 -0.920341 0.390329 -0.024804
-0.203515 -0.073678 -1.655017 -0.919860 0.391623 -0.022118
-0.203321 -0.073427 -1.656981 -0.921609 0.387154 -0.027375
-0.201745 -0.069889 -1.654930 -0.919416 0.392924 -0.016858
-0.202100 -0.070886 -1.656356 -0.920795 0.389417 -0.022141
-0.202201 -0.070970 -1.655685 -0.919910 0.391645 -0.019517
-0.201672 -0.069877 -1.655684 -0.920308 0.390709 -0.019471
-0.201736 -0.070264 -1.657285 -0.920795 0.389417 -0.022141
-0.202462 -0.071718 -1.657094 -0.920739 0.389393 -0.024744
-0.200393 -0.067675 -1.658895 -0.920795 0.389417 -0.022141
-0.201114 -0.069156 -1.658302 -0.920739 0.389393 -0.024744
-0.200829 -0.068473 -1.657872 -0.920795 0.389417 -0.022141
-0.201426 -0.069714 -1.657777 -0.920795 0.389417 -0.022141
-0.201766 -0.070371 -1.657632 -0.920739 0.389393 -0.024744
-0.201267 -0.069300 -1.657146 -0.920795 0.389417 -0.022141
-0.201812 -0.070626 -1.659031 -0.921609 0.387154 -0.027375
-0.202122 -0.071203 -1.659149 -0.921215 0.388086 -0.027440
-0.202430 -0.071766 -1.658687 -0.921215 0.388086 -0.027440
-0.203026 -0.072919 -1.658138 -0.921215 0.388086 -0.027440
-0.202572 -0.072004 -1.657777 -0.921609 0.387154 -0.027375
-0.203257 -0.073322 -1.657339 -0.921215 0.388086 -0.027440
-0.204754 -0.076350 -1.654912 -0.920341 0.390329 -0.024804
-0.204612 -0.076332 -1.656752 -0.921145 0.388057 -0.030052
-0.204093 -0.075108 -1.656716 -0.921215 0.388086 -0.027440
-0.203914 -0.075167 -1.659772 -0.922459 0.384467 -0.035429
-0.204031 -0.075372 -1.659320 -0.922459 0.384467 -0.035429
-0.204252 -0.075927 -1.660628 -0.923298 0.382190 -0.038088
-0.204521 -0.076418 -1.659884 -0.922370 0.384430 -0.038049
-0.204532 -0.076339 -1.658585 -0.921608 0.386735 -0.032774
-0.204256 -0.075907 -1.660290 -0.922370 0.384430 -0.038049
-0.203754 -0.074644 -1.658677 -0.922002 0.385802 -0.032695
-0.203639 -0.074229 -1.657808 -0.921145 0.388057 -0.030052
-0.203777 -0.074863 -1.659651 -0.922459 0.384467 -0.035429
-0.203806 -0.074923 -1.659602 -0.922459 0.384467 -0.035429
-0.203580 -0.074441 -1.659740 -0.922848 0.383538 -0.035343
-0.202911 -0.072796 -1.658796 -0.922078 0.385834 -0.030082
-0.202999 -0.072949 -1.658599 -0.921145 0.388057 -0.030052
-0.201490 -0.070014 -1.660236 -0.922078 0.385834 -0.030082
-0.201321 -0.069730 -1.659430 -0.921609 0.387154 -0.027375
-0.202279 -0.071577 -1.660194 -0.922002 0.385802 -0.032695
-0.201948 -0.070964 -1.660924 -0.922002 0.385802 -0.032695
-0.201154 -0.069373 -1.661256 -0.922078 0.385834 -0.030082
-0.202030 -0.071171 -1.661365 -0.922931 0.383573 -0.032728
-0.202132 -0.071235 -1.659726 -0.922078 0.385834 -0.030082
-0.201551 -0.070222 -1.661697 -0.922931 0.383573 -0.032728
-0.202790 -0.072670 -1.660487 -0.922931 0.383573 -0.032728
-0.202493 -0.072057 -1.660638 -0.922002 0.385802 -0.032695
-0.202650 -0.072500 -1.661994 -0.922370 0.384430 -0.038049
-0.202502 -0.072121 -1.661178 -0.922848 0.383538 -0.035343
-0.202903 -0.073022 -1.661863 -0.923298 0.382190 -0.038088
-0.202283 -0.071794 -1.662578 -0.923298 0.382190 -0.038088
-0.203104 -0.073363 -1.659586 -0.922002 0.385802 -0.032695
-0.203001 -0.073147 -1.660642 -0.922848 0.383538 -0.035343
-0.203157 -0.073483 -1.659645 -0.922002 0.385802 -0.032695
-0.203548 -0.074389 -1.660439 -0.922459 0.384467 -0.035429
-0.203624 -0.074565 -1.660549 -0.922459 0.384467 -0.035429
-0.198704 -0.083545 -1.659446 -0.923531 0.380742 -0.046111
-0.198860 -0.083908 -1.658821 -0.923640 0.380787 -0.043481
-0.198848 -0.083848 -1.658472 -0.922711 0.383037 -0.043437
-0.198937 -0.084107 -1.658754 -0.923640 0.380787 -0.043481
-0.199542 -0.085634 -1.659196 -0.923026 0.381623 -0.048858
-0.198939 -0.084208 -1.659966 -0.923026 0.381623 -0.048858
-0.198954 -0.084282 -1.660496 -0.923954 0.379363 -0.048907
-0.199371 -0.085206 -1.659089 -0.923142 0.381671 -0.046223
-0.199369 -0.085232 -1.659513 -0.923026 0.381623 -0.048858
-0.199947 -0.086588 -1.658514 -0.923142 0.381671 -0.046223
-0.199720 -0.086145 -1.659570 -0.923954 0.379363 -0.048907
-0.199723 -0.086113 -1.659315 -0.923026 0.381623 -0.048858
-0.198364 -0.082857 -1.660568 -0.923142 0.381671 -0.046223
-0.198518 -0.083247 -1.660794 -0.923954 0.379363 -0.048907
-0.198552 -0.083122 -1.659200 -0.923640 0.380787 -0.043481
-0.198721 -0.083775 -1.661233 -0.923954 0.379363 -0.048907
-0.197966 -0.082060 -1.662495 -0.923832 0.379313 -0.051544
-0.198345 -0.083209 -1.664451 -0.925029 0.375586 -0.057068
-0.198411 -0.083098 -1.662140 -0.923832 0.379313 -0.051544
-0.198490 -0.083459 -1.663523 -0.924241 0.377918 -0.054367
-0.199116 -0.084829 -1.661420 -0.923832 0.379313 -0.051544
-0.199069 -0.084710 -1.661454 -0.923832 0.379313 -0.051544
-0.199187 -0.085177 -1.662312 -0.924241 0.377918 -0.054367
-0.198865 -0.084406 -1.663112 -0.924241 0.377918 -0.054367
-0.199349 -0.085756 -1.663178 -0.925029 0.375586 -0.057068
-0.198887 -0.084613 -1.664060 -0.925029 0.375586 -0.057068
-0.199016 -0.084852 -1.663287 -0.925029 0.375586 -0.057068
-0.199246 -0.085447 -1.663020 -0.924105 0.377862 -0.057011
-0.208256 -0.084221 -1.656521 -0.921881 0.385323 -0.040768
-0.208150 -0.084351 -1.658446 -0.922711 0.383037 -0.043437
-0.207977 -0.083656 -1.656417 -0.921977 0.385363 -0.038142
-0.206954 -0.081483 -1.656754 -0.922459 0.384467 -0.035429
-0.206958 -0.081490 -1.656316 -0.921526 0.386700 -0.035393
-0.206896 -0.081370 -1.657756 -0.922370 0.384430 -0.038049
-0.207410 -0.082526 -1.657466 -0.921881 0.385323 -0.040768
-0.207742 -0.083288 -1.657203 -0.921881 0.385323 -0.040768
-0.207279 -0.082258 -1.657889 -0.922813 0.383079 -0.040809
-0.207193 -0.082086 -1.658205 -0.922813 0.383079 -0.040809
-0.207182 -0.081969 -1.657318 -0.921977 0.385363 -0.038142
-0.207522 -0.082963 -1.659268 -0.923640 0.380787 -0.043481
-0.207079 -0.081840 -1.658457 -0.922813 0.383079 -0.040809
-0.207652 -0.083301 -1.659608 -0.923531 0.380742 -0.046111
-0.205739 -0.078933 -1.658893 -0.922370 0.384430 -0.038049
-0.206423 -0.080379 -1.656852 -0.921526 0.386700 -0.035393
-0.206739 -0.081045 -1.656996 -0.922459 0.384467 -0.035429
-0.206529 -0.080604 -1.656687 -0.921526 0.386700 -0.035393
-0.205451 -0.078322 -1.659118 -0.922370 0.384430 -0.038049
-0.205742 -0.078900 -1.660458 -0.922813 0.383079 -0.040809
-0.205884 -0.079188 -1.660872 -0.923640 0.380787 -0.043481
-0.205740 -0.078890 -1.660645 -0.922711 0.383037 -0.043437
-0.206456 -0.080439 -1.658880 -0.922813 0.383079 -0.040809
-0.207296 -0.082443 -1.659990 -0.923531 0.380742 -0.046111
-0.207274 -0.082361 -1.659251 -0.922711 0.383037 -0.043437
-0.207142 -0.082093 -1.660693 -0.923531 0.380742 -0.046111
-0.207096 -0.081937 -1.659558 -0.922711 0.383037 -0.043437
-0.206992 -0.081713 -1.660395 -0.923531 0.380742 -0.046111
-0.207573 -0.083154 -1.660844 -0.923954 0.379363 -0.048907
-0.206831 -0.081264 -1.658937 -0.922813 0.383079 -0.040809
-0.206681 -0.080959 -1.660328 -0.923640 0.380787 -0.043481
-0.206367 -0.080241 -1.659971 -0.922711 0.383037 -0.043437
-0.206774 -0.081124 -1.658799 -0.922813 0.383079 -0.040809
-0.206423 -0.080421 -1.661778 -0.923531 0.380742 -0.046111
-0.208430 -0.085447 -1.661958 -0.924241 0.377918 -0.054367
-0.208476 -0.085477 -1.661569 -0.924627 0.376994 -0.054234
-0.208461 -0.085313 -1.660842 -0.923832 0.379313 -0.051544
-0.208710 -0.085606 -1.659322 -0.923026 0.381623 -0.048858
-0.208667 -0.085306 -1.658102 -0.922711 0.383037 -0.043437
-0.208415 -0.085097 -1.659933 -0.923954 0.379363 -0.048907
-0.207764 -0.083837 -1.662012 -0.923832 0.379313 -0.051544
-0.208160 -0.084774 -1.661517 -0.923832 0.379313 -0.051544
-0.207090 -0.082066 -1.661851 -0.923954 0.379363 -0.048907
-0.207687 -0.083468 -1.661032 -0.923954 0.379363 -0.048907
-0.207874 -0.084207 -1.662520 -0.924627 0.376994 -0.054234
-0.208128 -0.084689 -1.661494 -0.923832 0.379313 -0.051544
-0.207715 -0.083918 -1.663213 -0.924241 0.377918 -0.054367
-0.207271 -0.082571 -1.662075 -0.923832 0.379313 -0.051544
-0.207752 -0.083911 -1.662621 -0.924627 0.376994 -0.054234
-0.207678 -0.083936 -1.663761 -0.925029 0.375586 -0.057068
-0.206897 -0.081728 -1.662641 -0.923832 0.379313 -0.051544
-0.206634 -0.080998 -1.662323 -0.923954 0.379363 -0.048907
-0.207113 -0.082343 -1.662974 -0.924756 0.377046 -0.051596
-0.206777 -0.081716 -1.664160 -0.924627 0.376994 -0.054234
-0.206783 -0.081745 -1.664288 -0.924627 0.376994 -0.054234
-0.207486 -0.083558 -1.664524 -0.925029 0.375586 -0.057068
-0.206475 -0.081047 -1.664455 -0.924627 0.376994 -0.054234
-0.205090 -0.077559 -1.659191 -0.922370 0.384430 -0.038049
-0.205145 -0.077720 -1.659783 -0.922370 0.384430 -0.038049
-0.204812 -0.076976 -1.659292 -0.922459 0.384467 -0.035429
-0.205073 -0.077546 -1.659502 -0.922370 0.384430 -0.038049
-0.205337 -0.078075 -1.660342 -0.923203 0.382151 -0.040710
-0.204974 -0.077437 -1.661025 -0.923203 0.382151 -0.040710
-0.205046 -0.077570 -1.661383 -0.922711 0.383037 -0.043437
-0.204049 -0.075505 -1.660581 -0.922370 0.384430 -0.038049
-0.203786 -0.074938 -1.661163 -0.923298 0.382190 -0.038088
-0.204390 -0.076279 -1.662168 -0.923640 0.380787 -0.043481
-0.203923 -0.075228 -1.660461 -0.922370 0.384430 -0.038049
-0.204298 -0.076363 -1.664114 -0.924455 0.378486 -0.046157
-0.204641 -0.077150 -1.664200 -0.924340 0.378439 -0.048788
-0.204414 -0.076532 -1.663525 -0.923531 0.380742 -0.046111
-0.204660 -0.076939 -1.662601 -0.923640 0.380787 -0.043481
-0.202404 -0.072178 -1.664007 -0.924128 0.379905 -0.040751
-0.202336 -0.071991 -1.663301 -0.923298 0.382190 -0.038088
-0.202907 -0.073116 -1.662901 -0.923203 0.382151 -0.040710
-0.202622 -0.072651 -1.664535 -0.924025 0.379863 -0.043375
-0.202631 -0.072643 -1.664215 -0.924025 0.379863 -0.043375
-0.202963 -0.073552 -1.665519 -0.924455 0.378486 -0.046157
-0.203346 -0.074119 -1.663568 -0.924025 0.379863 -0.043375
-0.203158 -0.073836 -1.664488 -0.923640 0.380787 -0.043481
-0.203139 -0.073736 -1.664156 -0.924025 0.379863 -0.043375
-0.206574 -0.080842 -1.662255 -0.923954 0.379363 -0.048907
-0.206448 -0.080587 -1.662402 -0.923954 0.379363 -0.048907
-0.205903 -0.079647 -1.663419 -0.923954 0.379363 -0.048907
-0.205849 -0.079511 -1.663323 -0.923954 0.379363 -0.048907
-0.205901 -0.079418 -1.662607 -0.924340 0.378439 -0.048788
-0.205767 -0.079691 -1.664486 -0.924756 0.377046 -0.051596
-0.205276 -0.078106 -1.662309 -0.923531 0.380742 -0.046111
-0.205880 -0.079944 -1.664611 -0.924627 0.376994 -0.054234
-0.204886 -0.077413 -1.662474 -0.923640 0.380787 -0.043481
-0.204929 -0.077677 -1.663478 -0.924455 0.378486 -0.046157
-0.204761 -0.077384 -1.663979 -0.924340 0.378439 -0.048788
-0.204896 -0.077801 -1.664722 -0.924756 0.377046 -0.051596
-0.205114 -0.078137 -1.663797 -0.924340 0.378439 -0.048788
-0.205322 -0.078828 -1.665258 -0.924627 0.376994 -0.054234
-0.205974 -0.080378 -1.665986 -0.925411 0.374666 -0.056928
-0.205471 -0.079294 -1.666404 -0.925411 0.374666 -0.056928
-0.205613 -0.079641 -1.666696 -0.925029 0.375586 -0.057068
-0.204834 -0.077770 -1.665686 -0.924756 0.377046 -0.051596
-0.202618 -0.072918 -1.666048 -0.924455 0.378486 -0.046157
-0.203297 -0.074647 -1.667867 -0.925547 0.374721 -0.054288
-0.202644 -0.073276 -1.667220 -0.925138 0.376126 -0.051470
-0.203071 -0.074074 -1.666859 -0.925138 0.376126 -0.051470
-0.204513 -0.076994 -1.665030 -0.925260 0.376176 -0.048837
-0.203568 -0.074841 -1.664882 -0.924455 0.378486 -0.046157
-0.203613 -0.074726 -1.663526 -0.923640 0.380787 -0.043481
-0.203904 -0.075601 -1.664896 -0.924340 0.378439 -0.048788
-0.203809 -0.075277 -1.664204 -0.924455 0.378486 -0.046157
-0.203856 -0.075557 -1.665307 -0.924340 0.378439 -0.048788
-0.204673 -0.077498 -1.666337 -0.924627 0.376994 -0.054234
-0.204244 -0.076562 -1.666300 -0.924756 0.377046 -0.051596
-0.204010 -0.076005 -1.666008 -0.924756 0.377046 -0.051596
-0.204103 -0.076245 -1.666279 -0.924756 0.377046 -0.051596
-0.204441 -0.077185 -1.667773 -0.925411 0.374666 -0.056928
-0.204479 -0.077161 -1.666903 -0.925547 0.374721 -0.054288
-0.204127 -0.076470 -1.667639 -0.925411 0.374666 -0.056928
-0.204599 -0.097402 -1.656900 -0.923716 0.378790 -0.057151
-0.204731 -0.097712 -1.656761 -0.923716 0.378790 -0.057151
-0.204968 -0.098417 -1.657859 -0.924350 0.376390 -0.062510
-0.204698 -0.097552 -1.656045 -0.922784 0.381063 -0.057093
-0.205554 -0.099709 -1.657018 -0.924501 0.376451 -0.059860
-0.205384 -0.099271 -1.656542 -0.923573 0.378731 -0.059800
-0.205759 -0.100044 -1.656263 -0.923573 0.378731 -0.059800
-0.205823 -0.100421 -1.657886 -0.923804 0.377253 -0.065319
-0.206152 -0.101134 -1.657804 -0.923804 0.377253 -0.065319
-0.206471 -0.101942 -1.658259 -0.924566 0.374896 -0.068042
-0.205037 -0.098578 -1.657812 -0.924350 0.376390 -0.062510
-0.205801 -0.100431 -1.658321 -0.924731 0.374963 -0.065385
-0.205816 -0.100471 -1.658372 -0.924731 0.374963 -0.065385
-0.204921 -0.098345 -1.658255 -0.924350 0.376390 -0.062510
-0.205576 -0.099902 -1.658352 -0.923804 0.377253 -0.065319
-0.205077 -0.099148 -1.661452 -0.925318 0.372531 -0.070767
-0.205387 -0.099631 -1.659780 -0.924566 0.374896 -0.068042
-0.205371 -0.099784 -1.661024 -0.925318 0.372531 -0.070767
-0.205455 -0.099838 -1.660067 -0.924566 0.374896 -0.068042
-0.205734 -0.100434 -1.659616 -0.924566 0.374896 -0.068042
-0.204896 -0.098536 -1.660305 -0.924566 0.374896 -0.068042
-0.204422 -0.097012 -1.658065 -0.924501 0.376451 -0.059860
-0.204520 -0.097300 -1.658201 -0.924501 0.376451 -0.059860
-0.204130 -0.096569 -1.660306 -0.924731 0.374963 -0.065385
-0.203870 -0.095941 -1.660654 -0.924731 0.374963 -0.065385
-0.203770 -0.095634 -1.659809 -0.924350 0.376390 -0.062510
-0.203930 -0.096023 -1.660012 -0.924350 0.376390 -0.062510
-0.205802 -0.100707 -1.660490 -0.924932 0.373453 -0.070943
-0.205677 -0.100571 -1.661650 -0.925676 0.371074 -0.073679
-0.206188 -0.101597 -1.660217 -0.924932 0.373453 -0.070943
-0.206833 -0.103215 -1.661302 -0.925490 0.370999 -0.076343
-0.206590 -0.102620 -1.660978 -0.925676 0.371074 -0.073679
-0.205931 -0.100994 -1.660328 -0.924932 0.373453 -0.070943
-0.206085 -0.101582 -1.661825 -0.925490 0.370999 -0.076343
-0.206009 -0.101194 -1.660395 -0.924932 0.373453 -0.070943
-0.206515 -0.102113 -1.658768 -0.924566 0.374896 -0.068042
-0.207116 -0.103556 -1.659360 -0.924932 0.373453 -0.070943
-0.207128 -0.103632 -1.659731 -0.924753 0.373381 -0.073606
-0.206700 -0.102691 -1.659890 -0.924932 0.373453 -0.070943
-0.204354 -0.097334 -1.661540 -0.925489 0.372600 -0.068110
-0.204414 -0.097480 -1.661471 -0.925489 0.372600 -0.068110
-0.204567 -0.097886 -1.661515 -0.925318 0.372531 -0.070767
-0.204393 -0.097229 -1.660139 -0.924731 0.374963 -0.065385
-0.204377 -0.097243 -1.660515 -0.924731 0.374963 -0.065385
-0.204210 -0.097016 -1.661866 -0.925489 0.372600 -0.068110
-0.203803 -0.096000 -1.661795 -0.925489 0.372600 -0.068110
-0.204029 -0.096564 -1.661832 -0.925489 0.372600 -0.068110
-0.205306 -0.099881 -1.662974 -0.925490 0.370999 -0.076343
-0.205322 -0.099925 -1.663050 -0.925490 0.370999 -0.076343
-0.203556 -0.095131 -1.659733 -0.924350 0.376390 -0.062510
-0.203367 -0.094669 -1.659227 -0.924501 0.376451 -0.059860
-0.201965 -0.091628 -1.658763 -0.924241 0.377918 -0.054367
-0.201813 -0.091295 -1.658748 -0.923313 0.380188 -0.054313
-0.202084 -0.091915 -1.659217 -0.924105 0.377862 -0.057011
-0.202103 -0.092035 -1.660512 -0.924501 0.376451 -0.059860
-0.203454 -0.095219 -1.661647 -0.924731 0.374963 -0.065385
-0.203129 -0.094339 -1.660593 -0.924350 0.376390 -0.062510
-0.202691 -0.093650 -1.662652 -0.924731 0.374963 -0.065385
-0.203234 -0.094920 -1.662950 -0.925489 0.372600 -0.068110
-0.202871 -0.093868 -1.661105 -0.925274 0.374103 -0.062572
-0.202269 -0.092883 -1.664202 -0.925489 0.372600 -0.068110
-0.202092 -0.092527 -1.664600 -0.925318 0.372531 -0.070767
-0.202729 -0.093479 -1.660555 -0.924350 0.376390 -0.062510
-0.202445 -0.092936 -1.661386 -0.924350 0.376390 -0.062510
-0.202846 -0.093983 -1.662495 -0.924731 0.374963 -0.065385
-0.203070 -0.094569 -1.663110 -0.925489 0.372600 -0.068110
-0.202083 -0.092116 -1.661632 -0.924350 0.376390 -0.062510
-0.202002 -0.091855 -1.661107 -0.924501 0.376451 -0.059860
-0.202133 -0.092411 -1.662946 -0.925116 0.374040 -0.065224
-0.201930 -0.092048 -1.663841 -0.925489 0.372600 -0.068110
-0.202549 -0.093565 -1.664419 -0.925318 0.372531 -0.070767
-0.200579 -0.088647 -1.662145 -0.924886 0.375527 -0.059713
-0.200643 -0.088770 -1.661775 -0.925029 0.375586 -0.057068
-0.200243 -0.087852 -1.662162 -0.925029 0.375586 -0.057068
-0.200352 -0.088215 -1.663334 -0.924501 0.376451 -0.059860
-0.200362 -0.088146 -1.662313 -0.924886 0.375527 -0.059713
-0.200179 -0.087689 -1.662027 -0.924105 0.377862 -0.057011
-0.201115 -0.090157 -1.664381 -0.926036 0.371747 -0.065289
-0.201094 -0.090017 -1.663436 -0.925274 0.374103 -0.062572
-0.201383 -0.090805 -1.664361 -0.925871 0.371681 -0.067942
-0.200966 -0.089907 -1.665288 -0.925871 0.371681 -0.067942
-0.201546 -0.091362 -1.665722 -0.926236 0.370227 -0.070838
-0.201122 -0.090409 -1.666308 -0.926236 0.370227 -0.070838
-0.201183 -0.090441 -1.665375 -0.925489 0.372600 -0.068110
-0.201006 -0.090045 -1.665624 -0.925489 0.372600 -0.068110
-0.201773 -0.091591 -1.663181 -0.925116 0.374040 -0.065224
-0.201300 -0.090400 -1.662538 -0.925274 0.374103 -0.062572
-0.202957 -0.094515 -1.664431 -0.926236 0.370227 -0.070838
-0.203079 -0.094872 -1.665285 -0.925676 0.371074 -0.073679
-0.203294 -0.095159 -1.663607 -0.925318 0.372531 -0.070767
-0.203562 -0.095972 -1.665050 -0.925490 0.370999 -0.076343
-0.203523 -0.096071 -1.666363 -0.926214 0.368609 -0.079083
-0.203410 -0.095659 -1.665429 -0.926407 0.368686 -0.076419
-0.203795 -0.096831 -1.667042 -0.926927 0.366210 -0.081827
-0.203264 -0.095311 -1.665469 -0.926407 0.368686 -0.076419
-0.203454 -0.095652 -1.664659 -0.925676 0.371074 -0.073679
-0.202492 -0.093581 -1.665742 -0.926058 0.370156 -0.073497
-0.202681 -0.093889 -1.664505 -0.926236 0.370227 -0.070838
-0.202982 -0.094789 -1.666448 -0.926407 0.368686 -0.076419
-0.202240 -0.093029 -1.665714 -0.926058 0.370156 -0.073497
-0.202582 -0.093907 -1.666467 -0.926407 0.368686 -0.076419
-0.200619 -0.089137 -1.665892 -0.925871 0.371681 -0.067942
-0.200451 -0.088667 -1.665400 -0.926036 0.371747 -0.065289
-0.200497 -0.088795 -1.665529 -0.925871 0.371681 -0.067942
-0.200703 -0.089973 -1.669787 -0.927128 0.366289 -0.079161
-0.200498 -0.089077 -1.667499 -0.926236 0.370227 -0.070838
-0.200527 -0.089135 -1.667439 -0.926236 0.370227 -0.070838
-0.200536 -0.089312 -1.668327 -0.926972 0.367846 -0.073569
-0.200981 -0.090544 -1.669274 -0.927128 0.366289 -0.079161
-0.201377 -0.091416 -1.668954 -0.927128 0.366289 -0.079161
-0.200793 -0.090260 -1.670209 -0.927128 0.366289 -0.079161
-0.201978 -0.092406 -1.665608 -0.926236 0.370227 -0.070838
-0.201830 -0.092037 -1.665612 -0.926236 0.370227 -0.070838
-0.201436 -0.091227 -1.666743 -0.926058 0.370156 -0.073497
-0.201952 -0.092315 -1.665468 -0.926236 0.370227 -0.070838
-0.201673 -0.091951 -1.667822 -0.926407 0.368686 -0.076419
-0.202740 -0.094297 -1.666807 -0.926407 0.368686 -0.076419
-0.202077 -0.092876 -1.667189 -0.926407 0.368686 -0.076419
-0.210762 -0.089922 -1.659355 -0.923313 0.380188 -0.054313
-0.210555 -0.090236 -1.661525 -0.924501 0.376451 -0.059860
-0.210365 -0.089257 -1.659981 -0.924241 0.377918 -0.054367
-0.210651 -0.090685 -1.661972 -0.924501 0.376451 -0.059860
-0.210940 -0.090292 -1.659081 -0.923313 0.380188 -0.054313
-0.210746 -0.090360 -1.660558 -0.924105 0.377862 -0.057011
-0.210885 -0.091235 -1.661682 -0.924501 0.376451 -0.059860
-0.211617 -0.092640 -1.660023 -0.924501 0.376451 -0.059860
-0.210988 -0.091537 -1.661692 -0.924350 0.376390 -0.062510
-0.210656 -0.090230 -1.660863 -0.924105 0.377862 -0.057011
-0.211187 -0.091631 -1.660562 -0.924501 0.376451 -0.059860
-0.209477 -0.088120 -1.662418 -0.924886 0.375527 -0.059713
-0.209814 -0.088365 -1.660958 -0.924241 0.377918 -0.054367
-0.209232 -0.087164 -1.661181 -0.924241 0.377918 -0.054367
-0.209597 -0.087683 -1.660351 -0.923313 0.380188 -0.054313
-0.209854 -0.089091 -1.662754 -0.924501 0.376451 -0.059860
-0.210318 -0.089867 -1.661978 -0.924501 0.376451 -0.059860
-0.210243 -0.089847 -1.662400 -0.924501 0.376451 -0.059860
-0.209954 -0.088637 -1.660851 -0.924241 0.377918 -0.054367
-0.211274 -0.092347 -1.662138 -0.925274 0.374103 -0.062572
-0.210843 -0.091320 -1.662225 -0.925274 0.374103 -0.062572
-0.211743 -0.093483 -1.662169 -0.925116 0.374040 -0.065224
-0.211200 -0.092273 -1.662711 -0.925116 0.374040 -0.065224
-0.211686 -0.093322 -1.662042 -0.925116 0.374040 -0.065224
-0.211070 -0.092114 -1.663706 -0.925489 0.372600 -0.068110
-0.211076 -0.092309 -1.664984 -0.925318 0.372531 -0.070767
-0.211308 -0.092722 -1.663933 -0.925489 0.372600 -0.068110
-0.211099 -0.092281 -1.664390 -0.925489 0.372600 -0.068110
-0.210102 -0.089810 -1.663143 -0.925274 0.374103 -0.062572
-0.210024 -0.089686 -1.663268 -0.925274 0.374103 -0.062572
-0.210116 -0.090137 -1.664251 -0.925116 0.374040 -0.065224
-0.209692 -0.089489 -1.664988 -0.925871 0.371681 -0.067942
-0.210327 -0.090419 -1.663688 -0.925116 0.374040 -0.065224
-0.210012 -0.089907 -1.664072 -0.925116 0.374040 -0.065224
-0.210493 -0.090966 -1.664818 -0.925489 0.372600 -0.068110
-0.210768 -0.091678 -1.665344 -0.926236 0.370227 -0.070838
-0.210635 -0.091101 -1.663890 -0.926036 0.371747 -0.065289
-0.211475 -0.093224 -1.665115 -0.926236 0.370227 -0.070838
-0.211641 -0.093524 -1.664169 -0.925318 0.372531 -0.070767
-0.212065 -0.094560 -1.664564 -0.926058 0.370156 -0.073497
-0.211911 -0.094212 -1.664847 -0.926058 0.370156 -0.073497
-0.210703 -0.091679 -1.666270 -0.926058 0.370156 -0.073497
-0.203899 -0.096903 -1.665820 -0.926214 0.368609 -0.079083
-0.204078 -0.097232 -1.665049 -0.926407 0.368686 -0.076419
-0.204308 -0.097745 -1.664657 -0.926407 0.368686 -0.076419
-0.204109 -0.096999 -1.662905 -0.925318 0.372531 -0.070767
-0.204267 -0.097414 -1.663077 -0.925676 0.371074 -0.073679
-0.204342 -0.097634 -1.663327 -0.925676 0.371074 -0.073679
-0.203987 -0.096786 -1.663512 -0.926058 0.370156 -0.073497
-0.204247 -0.097823 -1.666322 -0.926927 0.366210 -0.081827
-0.204791 -0.098826 -1.664266 -0.926407 0.368686 -0.076419
-0.204230 -0.097788 -1.666354 -0.926927 0.366210 -0.081827
-0.204296 -0.097966 -1.666734 -0.926548 0.367123 -0.082031
-0.207038 -0.104195 -1.664276 -0.926341 0.367041 -0.084702
-0.206615 -0.103240 -1.664344 -0.926341 0.367041 -0.084702
-0.206319 -0.102383 -1.663324 -0.925832 0.369527 -0.079280
-0.206271 -0.102229 -1.663088 -0.925832 0.369527 -0.079280
-0.205669 -0.100784 -1.663285 -0.926407 0.368686 -0.076419
-0.205610 -0.100719 -1.663827 -0.926214 0.368609 -0.079083
-0.206124 -0.102136 -1.664833 -0.926548 0.367123 -0.082031
-0.205829 -0.101314 -1.664169 -0.925832 0.369527 -0.079280
-0.206100 -0.101859 -1.663385 -0.925832 0.369527 -0.079280
-0.205798 -0.101477 -1.665773 -0.926341 0.367041 -0.084702
-0.206528 -0.103095 -1.664650 -0.926341 0.367041 -0.084702
-0.206993 -0.104263 -1.665157 -0.926658 0.365538 -0.087675
-0.206595 -0.103354 -1.665561 -0.927038 0.364626 -0.087456
-0.206438 -0.103039 -1.666085 -0.926658 0.365538 -0.087675
-0.206069 -0.102160 -1.666007 -0.927253 0.364710 -0.084785
-0.206906 -0.103521 -1.662158 -0.925832 0.369527 -0.079280
-0.207123 -0.104056 -1.662450 -0.925832 0.369527 -0.079280
-0.207232 -0.104302 -1.662465 -0.925832 0.369527 -0.079280
-0.207015 -0.104002 -1.663481 -0.926548 0.367123 -0.082031
-0.207190 -0.104469 -1.663898 -0.926341 0.367041 -0.084702
-0.207763 -0.105419 -1.664105 -0.925958 0.367957 -0.084913
-0.207384 -0.104829 -1.664583 -0.925958 0.367957 -0.084913
-0.209542 -0.105374 -1.664482 -0.926658 0.365538 -0.087675
-0.209988 -0.105982 -1.663555 -0.925958 0.367957 -0.084913
-0.210281 -0.105329 -1.663673 -0.926341 0.367041 -0.084702
-0.204995 -0.099327 -1.664568 -0.926214 0.368609 -0.079083
-0.204764 -0.098956 -1.666365 -0.926548 0.367123 -0.082031
-0.205218 -0.100089 -1.666315 -0.926341 0.367041 -0.084702
-0.205182 -0.099881 -1.665488 -0.926548 0.367123 -0.082031
-0.205467 -0.100560 -1.665180 -0.926548 0.367123 -0.082031
-0.205512 -0.100853 -1.666640 -0.927253 0.364710 -0.084785
-0.205436 -0.100679 -1.666969 -0.927038 0.364626 -0.087456
-0.205036 -0.099861 -1.667915 -0.927038 0.364626 -0.087456
-0.207801 -0.104313 -1.666532 -0.926436 0.365450 -0.090351
-0.206998 -0.103701 -1.667211 -0.927347 0.363110 -0.090440
-0.208467 -0.105411 -1.664663 -0.926658 0.365538 -0.087675
-0.208595 -0.105391 -1.664724 -0.926658 0.365538 -0.087675
-0.209178 -0.104713 -1.665837 -0.926658 0.365538 -0.087675
-0.209307 -0.104415 -1.667086 -0.927347 0.363110 -0.090440
-0.208301 -0.104219 -1.666999 -0.927347 0.363110 -0.090440
-0.210208 -0.104183 -1.665372 -0.926658 0.365538 -0.087675
-0.210948 -0.103627 -1.666281 -0.926658 0.365538 -0.087675
-0.211313 -0.103501 -1.666627 -0.926436 0.365450 -0.090351
-0.209539 -0.104521 -1.665915 -0.926658 0.365538 -0.087675
-0.209327 -0.104360 -1.667232 -0.927117 0.363020 -0.093117
-0.208834 -0.104102 -1.667704 -0.927117 0.363020 -0.093117
-0.205882 -0.101906 -1.667507 -0.926436 0.365450 -0.090351
-0.206306 -0.102888 -1.667171 -0.926436 0.365450 -0.090351
-0.204933 -0.099845 -1.669089 -0.927347 0.363110 -0.090440
-0.205412 -0.100768 -1.668136 -0.927347 0.363110 -0.090440
-0.205939 -0.102116 -1.669262 -0.928023 0.360673 -0.093208
-0.207243 -0.103022 -1.669045 -0.928023 0.360673 -0.093208
-0.207725 -0.103160 -1.669030 -0.928023 0.360673 -0.093208
-0.207979 -0.102982 -1.669364 -0.927786 0.360581 -0.095885
-0.208253 -0.102450 -1.669947 -0.927786 0.360581 -0.095885
-0.205553 -0.101440 -1.669734 -0.928023 0.360673 -0.093208
-0.205418 -0.100953 -1.668959 -0.927347 0.363110 -0.090440
-0.205551 -0.101216 -1.668685 -0.927347 0.363110 -0.090440
-0.205696 -0.101266 -1.670757 -0.927786 0.360581 -0.095885
-0.205331 -0.100770 -1.671180 -0.927786 0.360581 -0.095885
-0.206683 -0.102213 -1.670081 -0.927786 0.360581 -0.095885
-0.210796 -0.103480 -1.667269 -0.927347 0.363110 -0.090440
-0.207840 -0.103656 -1.667884 -0.927117 0.363020 -0.093117
-0.209741 -0.102843 -1.669062 -0.928023 0.360673 -0.093208
-0.208018 -0.103306 -1.668851 -0.928023 0.360673 -0.093208
-0.209040 -0.102843 -1.669333 -0.927786 0.360581 -0.095885
-0.210506 -0.103401 -1.667802 -0.927117 0.363020 -0.093117
-0.210468 -0.102718 -1.668671 -0.927117 0.363020 -0.093117
-0.210495 -0.103240 -1.668015 -0.927117 0.363020 -0.093117
-0.211048 -0.102456 -1.668546 -0.927117 0.363020 -0.093117
-0.208947 -0.102243 -1.669876 -0.927786 0.360581 -0.095885
-0.208597 -0.101520 -1.670738 -0.927786 0.360581 -0.095885
-0.209613 -0.102013 -1.669812 -0.927786 0.360581 -0.095885
-0.208901 -0.102055 -1.670061 -0.927786 0.360581 -0.095885
-0.211005 -0.101550 -1.669608 -0.928023 0.360673 -0.093208
-0.203266 -0.095685 -1.667798 -0.926927 0.366210 -0.081827
-0.203433 -0.096156 -1.668547 -0.927253 0.364710 -0.084785
-0.203862 -0.097069 -1.667537 -0.926548 0.367123 -0.082031
-0.204504 -0.098653 -1.667999 -0.927253 0.364710 -0.084785
-0.204146 -0.097700 -1.667320 -0.926548 0.367123 -0.082031
-0.202978 -0.094990 -1.667748 -0.926927 0.366210 -0.081827
-0.202754 -0.094903 -1.670201 -0.927038 0.364626 -0.087456
-0.202110 -0.093651 -1.671854 -0.927945 0.362289 -0.087542
-0.201882 -0.092745 -1.669762 -0.926927 0.366210 -0.081827
-0.201802 -0.092599 -1.670020 -0.927836 0.363884 -0.081907
-0.201883 -0.092999 -1.671223 -0.927038 0.364626 -0.087456
-0.202211 -0.093586 -1.670062 -0.927629 0.363802 -0.084574
-0.202758 -0.094384 -1.667291 -0.926214 0.368609 -0.079083
-0.202522 -0.094103 -1.668825 -0.926927 0.366210 -0.081827
-0.202501 -0.094323 -1.670322 -0.927253 0.364710 -0.084785
-0.202245 -0.093403 -1.668606 -0.926927 0.366210 -0.081827
-0.202328 -0.093850 -1.669977 -0.927253 0.364710 -0.084785
-0.204197 -0.098120 -1.669258 -0.927945 0.362289 -0.087542
-0.204127 -0.098007 -1.669613 -0.927723 0.362203 -0.090214
-0.204360 -0.098367 -1.668331 -0.927038 0.364626 -0.087456
-0.204832 -0.099681 -1.669495 -0.927347 0.363110 -0.090440
-0.204412 -0.098750 -1.670042 -0.927347 0.363110 -0.090440
-0.203290 -0.095970 -1.669524 -0.927038 0.364626 -0.087456
-0.203146 -0.095657 -1.669502 -0.927253 0.364710 -0.084785
-0.203806 -0.097454 -1.671032 -0.927117 0.363020 -0.093117
-0.203437 -0.096528 -1.670864 -0.927723 0.362203 -0.090214
-0.203310 -0.096488 -1.672270 -0.928023 0.360673 -0.093208
-0.203621 -0.096801 -1.669959 -0.927945 0.362289 -0.087542
-0.204034 -0.097862 -1.670194 -0.927723 0.362203 -0.090214
-0.203687 -0.096888 -1.669543 -0.927038 0.364626 -0.087456
-0.204496 -0.099114 -1.670840 -0.928023 0.360673 -0.093208
-0.204811 -0.099920 -1.670935 -0.927786 0.360581 -0.095885
-0.204395 -0.099241 -1.672663 -0.928444 0.358133 -0.098656
-0.204240 -0.098889 -1.673053 -0.928444 0.358133 -0.098656
-0.204107 -0.098303 -1.671736 -0.927786 0.360581 -0.095885
-0.203493 -0.097081 -1.673218 -0.928688 0.358227 -0.095978
-0.203791 -0.097545 -1.671751 -0.928023 0.360673 -0.093208
-0.203549 -0.097222 -1.673273 -0.928688 0.358227 -0.095978
-0.203655 -0.097524 -1.673587 -0.928444 0.358133 -0.098656
-0.203519 -0.096451 -1.669408 -0.927038 0.364626 -0.087456
-0.202990 -0.095698 -1.671976 -0.928626 0.359860 -0.090302
-0.202979 -0.095674 -1.671974 -0.928626 0.359860 -0.090302
-0.201832 -0.093277 -1.673493 -0.928397 0.359771 -0.092974
-0.202422 -0.094300 -1.671268 -0.927945 0.362289 -0.087542
-0.201926 -0.093527 -1.673624 -0.928397 0.359771 -0.092974
-0.202739 -0.095144 -1.672004 -0.927723 0.362203 -0.090214
-0.202625 -0.094794 -1.671388 -0.927723 0.362203 -0.090214
-0.202856 -0.095605 -1.673268 -0.927786 0.360581 -0.095885
-0.202723 -0.095366 -1.673599 -0.927786 0.360581 -0.095885
-0.211933 -0.094490 -1.666202 -0.926407 0.368686 -0.076419
-0.211866 -0.094290 -1.666101 -0.926407 0.368686 -0.076419
-0.211002 -0.092305 -1.666072 -0.926058 0.370156 -0.073497
-0.211431 -0.093987 -1.668784 -0.926927 0.366210 -0.081827
-0.211019 -0.092645 -1.667469 -0.926407 0.368686 -0.076419
-0.211031 -0.092755 -1.667834 -0.926214 0.368609 -0.079083
-0.211633 -0.094007 -1.667082 -0.926407 0.368686 -0.076419
-0.211413 -0.093643 -1.667526 -0.926214 0.368609 -0.079083
-0.211425 -0.094051 -1.669090 -0.926927 0.366210 -0.081827
-0.210718 -0.092072 -1.668250 -0.926214 0.368609 -0.079083
-0.212097 -0.095410 -1.668813 -0.927253 0.364710 -0.084785
-0.212256 -0.095792 -1.669033 -0.927253 0.364710 -0.084785
-0.210713 -0.100723 -1.670663 -0.927786 0.360581 -0.095885
-0.211138 -0.100417 -1.670841 -0.927786 0.360581 -0.095885
-0.212009 -0.099078 -1.671700 -0.927786 0.360581 -0.095885
-0.212424 -0.099296 -1.671312 -0.927786 0.360581 -0.095885
-0.212029 -0.095527 -1.669984 -0.927038 0.364626 -0.087456
-0.211757 -0.094840 -1.669409 -0.927253 0.364710 -0.084785
-0.212287 -0.096099 -1.670703 -0.927723 0.362203 -0.090214
-0.211285 -0.094344 -1.671181 -0.927945 0.362289 -0.087542
-0.211594 -0.095030 -1.671544 -0.927723 0.362203 -0.090214
-0.211902 -0.095416 -1.670739 -0.927945 0.362289 -0.087542
-0.212224 -0.095927 -1.671519 -0.927723 0.362203 -0.090214
-0.212109 -0.095740 -1.671726 -0.927723 0.362203 -0.090214
-0.211721 -0.095225 -1.672518 -0.928397 0.359771 -0.092974
-0.211629 -0.095086 -1.672881 -0.928023 0.360673 -0.093208
-0.212313 -0.095984 -1.671765 -0.927723 0.362203 -0.090214
-0.212244 -0.095711 -1.672765 -0.928023 0.360673 -0.093208
-0.212304 -0.095733 -1.672927 -0.928023 0.360673 -0.093208
-0.211793 -0.095150 -1.673771 -0.927786 0.360581 -0.095885
-0.198446 -0.083873 -1.666871 -0.925274 0.374103 -0.062572
-0.198650 -0.084399 -1.666753 -0.925116 0.374040 -0.065224
-0.198590 -0.084046 -1.665703 -0.925806 0.373244 -0.059772
-0.197576 -0.081637 -1.666187 -0.924886 0.375527 -0.059713
-0.197972 -0.082472 -1.665495 -0.924886 0.375527 -0.059713
-0.198229 -0.083136 -1.665827 -0.925806 0.373244 -0.059772
-0.197917 -0.082620 -1.667244 -0.925655 0.373184 -0.062419
-0.197469 -0.081722 -1.668128 -0.926571 0.370894 -0.062480
-0.197809 -0.082584 -1.668449 -0.926036 0.371747 -0.065289
-0.197351 -0.081334 -1.667536 -0.925655 0.373184 -0.062419
-0.197989 -0.082896 -1.667824 -0.926036 0.371747 -0.065289
-0.197961 -0.082838 -1.667864 -0.926036 0.371747 -0.065289
-0.198893 -0.085092 -1.667353 -0.926036 0.371747 -0.065289
-0.198487 -0.084043 -1.667448 -0.926036 0.371747 -0.065289
-0.198826 -0.084970 -1.667976 -0.925871 0.371681 -0.067942
-0.198526 -0.084338 -1.668278 -0.925871 0.371681 -0.067942
-0.198182 -0.083393 -1.667787 -0.926036 0.371747 -0.065289
-0.198653 -0.084592 -1.668098 -0.925871 0.371681 -0.067942
-0.197739 -0.082626 -1.669581 -0.926786 0.369381 -0.068009
-0.197930 -0.083142 -1.669403 -0.926786 0.369381 -0.068009
-0.198673 -0.085013 -1.669743 -0.926236 0.370227 -0.070838
-0.198671 -0.084883 -1.669102 -0.926615 0.369313 -0.070663
-0.197731 -0.082852 -1.671072 -0.927347 0.366936 -0.073387
-0.198861 -0.085807 -1.671692 -0.927503 0.365380 -0.078965
-0.198811 -0.085677 -1.671669 -0.927696 0.365456 -0.076304
-0.198228 -0.084148 -1.670939 -0.926972 0.367846 -0.073569
-0.198168 -0.084025 -1.671452 -0.926972 0.367846 -0.073569
-0.197953 -0.083438 -1.670856 -0.927347 0.366936 -0.073387
-0.195387 -0.076663 -1.668514 -0.926327 0.372386 -0.056984
-0.195402 -0.076853 -1.669336 -0.925806 0.373244 -0.059772
-0.195316 -0.076936 -1.671022 -0.926414 0.370831 -0.065128
-0.195263 -0.076477 -1.669272 -0.926184 0.372328 -0.059626
-0.196456 -0.079945 -1.672534 -0.927525 0.367006 -0.070732
-0.196430 -0.079887 -1.672544 -0.927525 0.367006 -0.070732
-0.196368 -0.079690 -1.672229 -0.927525 0.367006 -0.070732
-0.196319 -0.079419 -1.671289 -0.926786 0.369381 -0.068009
-0.196229 -0.079353 -1.672237 -0.926615 0.369313 -0.070663
-0.195760 -0.077542 -1.667975 -0.925411 0.374666 -0.056928
-0.195632 -0.077456 -1.669415 -0.925655 0.373184 -0.062419
-0.195631 -0.077440 -1.669330 -0.925806 0.373244 -0.059772
-0.195561 -0.077621 -1.671573 -0.927161 0.368470 -0.067841
-0.195952 -0.078548 -1.671400 -0.926786 0.369381 -0.068009
-0.196074 -0.078581 -1.669725 -0.926571 0.370894 -0.062480
-0.196148 -0.078794 -1.669934 -0.926414 0.370831 -0.065128
-0.196143 -0.078461 -1.667880 -0.925806 0.373244 -0.059772
-0.196072 -0.078261 -1.667755 -0.925411 0.374666 -0.056928
-0.196845 -0.080187 -1.667688 -0.925806 0.373244 -0.059772
-0.196925 -0.080297 -1.667290 -0.925806 0.373244 -0.059772
-0.196884 -0.080130 -1.666907 -0.924886 0.375527 -0.059713
-0.197128 -0.080810 -1.667522 -0.925655 0.373184 -0.062419
-0.196977 -0.080793 -1.669624 -0.926036 0.371747 -0.065289
-0.196922 -0.080710 -1.670188 -0.926786 0.369381 -0.068009
-0.197093 -0.081050 -1.669284 -0.926036 0.371747 -0.065289
-0.195075 -0.076268 -1.670690 -0.926571 0.370894 -0.062480
-0.194148 -0.074115 -1.672004 -0.926571 0.370894 -0.062480
-0.193841 -0.073112 -1.670421 -0.926327 0.372386 -0.056984
-0.194377 -0.074635 -1.671384 -0.926571 0.370894 -0.062480
-0.194496 -0.074874 -1.670801 -0.925655 0.373184 -0.062419
-0.194729 -0.075589 -1.671927 -0.926414 0.370831 -0.065128
-0.197173 -0.081495 -1.671100 -0.926615 0.369313 -0.070663
-0.196983 -0.081165 -1.671930 -0.927347 0.366936 -0.073387
-0.197519 -0.082346 -1.671533 -0.927347 0.366936 -0.073387
-0.196617 -0.080219 -1.671822 -0.926615 0.369313 -0.070663
-0.196526 -0.080097 -1.672426 -0.927525 0.367006 -0.070732
-0.197383 -0.082215 -1.672639 -0.926786 0.367772 -0.076229
-0.197540 -0.082475 -1.672046 -0.926972 0.367846 -0.073569
-0.197585 -0.082563 -1.671918 -0.926972 0.367846 -0.073569
-0.196445 -0.080164 -1.673658 -0.928068 0.364550 -0.076115
-0.196998 -0.081303 -1.672523 -0.927347 0.366936 -0.073387
-0.197031 -0.081606 -1.673733 -0.927696 0.365456 -0.076304
-0.197270 -0.082061 -1.673232 -0.927696 0.365456 -0.076304
-0.197408 -0.082767 -1.674667 -0.928208 0.362979 -0.081704
-0.196289 -0.080204 -1.675256 -0.928408 0.363057 -0.079042
-0.196768 -0.081129 -1.674364 -0.927503 0.365380 -0.078965
-0.197005 -0.081614 -1.674025 -0.927503 0.365380 -0.078965
-0.195337 -0.077309 -1.673068 -0.926615 0.369313 -0.070663
-0.194598 -0.075577 -1.673650 -0.927161 0.368470 -0.067841
-0.195100 -0.076564 -1.672013 -0.927325 0.368535 -0.065192
-0.195199 -0.076735 -1.671571 -0.926414 0.370831 -0.065128
-0.194957 -0.076231 -1.672229 -0.927325 0.368535 -0.065192
-0.194871 -0.076264 -1.673522 -0.926615 0.369313 -0.070663
-0.195292 -0.077159 -1.672770 -0.926786 0.369381 -0.068009
-0.195180 -0.076895 -1.672807 -0.926786 0.369381 -0.068009
-0.196177 -0.079534 -1.673768 -0.927347 0.366936 -0.073387
-0.196401 -0.079996 -1.673503 -0.927347 0.366936 -0.073387
-0.195764 -0.078477 -1.673586 -0.927347 0.366936 -0.073387
-0.195624 -0.077984 -1.673036 -0.927525 0.367006 -0.070732
-0.195630 -0.078349 -1.674599 -0.928253 0.364623 -0.073459
-0.195707 -0.078888 -1.676435 -0.928408 0.363057 -0.079042
-0.195619 -0.078532 -1.675766 -0.927503 0.365380 -0.078965
-0.195544 -0.078388 -1.676106 -0.928408 0.363057 -0.079042
-0.195276 -0.077730 -1.676234 -0.927503 0.365380 -0.078965
-0.195203 -0.077378 -1.675315 -0.928068 0.364550 -0.076115
-0.195313 -0.077745 -1.675842 -0.927696 0.365456 -0.076304
-0.194616 -0.075938 -1.675391 -0.928253 0.364623 -0.073459
-0.194964 -0.077032 -1.676778 -0.928408 0.363057 -0.079042
-0.194669 -0.076242 -1.676505 -0.928068 0.364550 -0.076115
-0.194763 -0.076582 -1.677159 -0.928408 0.363057 -0.079042
-0.198726 -0.085719 -1.672578 -0.927503 0.365380 -0.078965
-0.198946 -0.086470 -1.673244 -0.927836 0.363884 -0.081907
-0.198378 -0.084594 -1.671711 -0.927696 0.365456 -0.076304
-0.198266 -0.084508 -1.672656 -0.927503 0.365380 -0.078965
-0.198238 -0.084603 -1.673461 -0.928208 0.362979 -0.081704
-0.198184 -0.084436 -1.673371 -0.927503 0.365380 -0.078965
-0.199031 -0.086787 -1.673661 -0.927629 0.363802 -0.084574
-0.199252 -0.087378 -1.673866 -0.928533 0.361469 -0.084656
-0.199489 -0.087957 -1.674000 -0.928318 0.361386 -0.087324
-0.198216 -0.084984 -1.675748 -0.928318 0.361386 -0.087324
-0.198940 -0.086778 -1.674688 -0.928318 0.361386 -0.087324
-0.198596 -0.085917 -1.675159 -0.928318 0.361386 -0.087324
-0.199577 -0.088236 -1.674374 -0.928318 0.361386 -0.087324
-0.199810 -0.088718 -1.674075 -0.928318 0.361386 -0.087324
-0.199483 -0.088166 -1.675170 -0.928626 0.359860 -0.090302
-0.199487 -0.088132 -1.674936 -0.927945 0.362289 -0.087542
-0.198687 -0.086417 -1.676462 -0.928626 0.359860 -0.090302
-0.198729 -0.086398 -1.675573 -0.928318 0.361386 -0.087324
-0.198169 -0.084969 -1.676304 -0.928318 0.361386 -0.087324
-0.198185 -0.085103 -1.676665 -0.929218 0.359046 -0.087408
-0.198912 -0.086917 -1.675694 -0.928626 0.359860 -0.090302
-0.199336 -0.088153 -1.676987 -0.929295 0.357421 -0.093064
-0.198654 -0.086401 -1.677054 -0.928626 0.359860 -0.090302
-0.198532 -0.086353 -1.678452 -0.929058 0.357330 -0.095738
-0.198527 -0.086569 -1.679671 -0.929708 0.354881 -0.098503
-0.198366 -0.086420 -1.681044 -0.929980 0.353311 -0.101526
-0.198653 -0.086837 -1.679400 -0.929708 0.354881 -0.098503
-0.198541 -0.086293 -1.678008 -0.929295 0.357421 -0.093064
-0.198437 -0.086311 -1.679509 -0.929952 0.354974 -0.095830
-0.198227 -0.084281 -1.672072 -0.927696 0.365456 -0.076304
-0.197919 -0.083525 -1.672307 -0.927696 0.365456 -0.076304
-0.197522 -0.082982 -1.674374 -0.928208 0.362979 -0.081704
-0.197627 -0.083189 -1.674134 -0.928408 0.363057 -0.079042
-0.197882 -0.084073 -1.674967 -0.927629 0.363802 -0.084574
-0.198056 -0.084314 -1.674196 -0.927836 0.363884 -0.081907
-0.196901 -0.081741 -1.675601 -0.928208 0.362979 -0.081704
-0.196749 -0.081378 -1.675653 -0.928208 0.362979 -0.081704
-0.196394 -0.080500 -1.675476 -0.928408 0.363057 -0.079042
-0.197950 -0.084313 -1.675651 -0.928533 0.361469 -0.084656
-0.198010 -0.084414 -1.675184 -0.928533 0.361469 -0.084656
-0.197005 -0.082181 -1.676931 -0.928533 0.361469 -0.084656
-0.196568 -0.081172 -1.676806 -0.928533 0.361469 -0.084656
-0.196483 -0.081025 -1.677204 -0.928533 0.361469 -0.084656
-0.196152 -0.080049 -1.676630 -0.928208 0.362979 -0.081704
-0.196225 -0.080358 -1.677566 -0.928533 0.361469 -0.084656
-0.196002 -0.079593 -1.676075 -0.928408 0.363057 -0.079042
-0.196197 -0.080489 -1.678431 -0.929218 0.359046 -0.087408
-0.195385 -0.078614 -1.679112 -0.928318 0.361386 -0.087324
-0.195321 -0.078313 -1.678613 -0.928902 0.360569 -0.084446
-0.195771 -0.079222 -1.677724 -0.928902 0.360569 -0.084446
-0.195736 -0.079500 -1.678978 -0.929218 0.359046 -0.087408
-0.195879 -0.079779 -1.678784 -0.929218 0.359046 -0.087408
-0.196002 -0.080225 -1.679209 -0.929218 0.359046 -0.087408
-0.197757 -0.084071 -1.676737 -0.928318 0.361386 -0.087324
-0.197846 -0.084336 -1.676991 -0.929218 0.359046 -0.087408
-0.198012 -0.085003 -1.678345 -0.929295 0.357421 -0.093064
-0.198155 -0.085371 -1.678507 -0.929295 0.357421 -0.093064
-0.197425 -0.083074 -1.675868 -0.928533 0.361469 -0.084656
-0.197485 -0.083318 -1.676352 -0.928533 0.361469 -0.084656
-0.197125 -0.082647 -1.677529 -0.929218 0.359046 -0.087408
-0.197484 -0.083640 -1.677871 -0.928996 0.358961 -0.090076
-0.197220 -0.083094 -1.678420 -0.928996 0.358961 -0.090076
-0.197308 -0.083310 -1.678416 -0.928996 0.358961 -0.090076
-0.197000 -0.082576 -1.678568 -0.928996 0.358961 -0.090076
-0.197811 -0.084539 -1.678517 -0.929295 0.357421 -0.093064
-0.197655 -0.084167 -1.678493 -0.928397 0.359771 -0.092974
-0.196549 -0.081618 -1.679475 -0.928996 0.358961 -0.090076
-0.196556 -0.081662 -1.679615 -0.929890 0.356615 -0.090163
-0.195960 -0.080358 -1.680068 -0.928996 0.358961 -0.090076
-0.195455 -0.079309 -1.681067 -0.929662 0.356527 -0.092832
-0.195487 -0.079109 -1.679959 -0.929218 0.359046 -0.087408
-0.196495 -0.081803 -1.681020 -0.929058 0.357330 -0.095738
-0.196467 -0.081727 -1.680960 -0.929058 0.357330 -0.095738
-0.196273 -0.081284 -1.681052 -0.929295 0.357421 -0.093064
-0.195258 -0.079266 -1.683747 -0.929708 0.354881 -0.098503
-0.195127 -0.078931 -1.683793 -0.929708 0.354881 -0.098503
-0.195569 -0.080168 -1.684260 -0.930345 0.352424 -0.101271
-0.195427 -0.079645 -1.683363 -0.929708 0.354881 -0.098503
-0.195422 -0.079286 -1.681534 -0.929662 0.356527 -0.092832
-0.195979 -0.080673 -1.681809 -0.929952 0.354974 -0.095830
-0.195606 -0.079660 -1.680927 -0.929662 0.356527 -0.092832
-0.195621 -0.080156 -1.683410 -0.929708 0.354881 -0.098503
-0.195389 -0.079392 -1.682504 -0.929952 0.354974 -0.095830
-0.196103 -0.081403 -1.683775 -0.930345 0.352424 -0.101271
-0.196157 -0.081289 -1.682671 -0.929708 0.354881 -0.098503
-0.195533 -0.079743 -1.682511 -0.929952 0.354974 -0.095830
-0.195918 -0.080993 -1.683940 -0.930345 0.352424 -0.101271
-0.196293 -0.081852 -1.683720 -0.929980 0.353311 -0.101526
-0.199366 -0.086107 -1.665768 -0.925116 0.374040 -0.065224
-0.199153 -0.085614 -1.665980 -0.925274 0.374103 -0.062572
-0.199750 -0.086974 -1.665148 -0.925274 0.374103 -0.062572
-0.199158 -0.085592 -1.665612 -0.925274 0.374103 -0.062572
-0.199185 -0.085504 -1.664500 -0.924886 0.375527 -0.059713
-0.198931 -0.084944 -1.665455 -0.925655 0.373184 -0.062419
-0.198926 -0.084763 -1.664346 -0.924886 0.375527 -0.059713
-0.199038 -0.085186 -1.665081 -0.925655 0.373184 -0.062419
-0.198688 -0.084256 -1.665349 -0.925806 0.373244 -0.059772
-0.199466 -0.086431 -1.666619 -0.926036 0.371747 -0.065289
-0.199339 -0.086114 -1.666512 -0.926036 0.371747 -0.065289
-0.199767 -0.086862 -1.663575 -0.924886 0.375527 -0.059713
-0.200253 -0.088051 -1.664070 -0.925274 0.374103 -0.062572
-0.200203 -0.087989 -1.664641 -0.925274 0.374103 -0.062572
-0.200005 -0.087635 -1.665682 -0.926036 0.371747 -0.065289
-0.200411 -0.088508 -1.664864 -0.925116 0.374040 -0.065224
-0.200135 -0.088132 -1.667208 -0.926236 0.370227 -0.070838
-0.200028 -0.087897 -1.667358 -0.926236 0.370227 -0.070838
-0.199696 -0.087048 -1.667030 -0.925871 0.371681 -0.067942
-0.199872 -0.087670 -1.668357 -0.926058 0.370156 -0.073497
-0.199407 -0.086523 -1.668196 -0.926615 0.369313 -0.070663
-0.199199 -0.085949 -1.667789 -0.926786 0.369381 -0.068009
-0.200166 -0.088381 -1.668260 -0.926058 0.370156 -0.073497
-0.199752 -0.087547 -1.669447 -0.926972 0.367846 -0.073569
-0.199993 -0.088158 -1.669508 -0.926786 0.367772 -0.076229
-0.200363 -0.088895 -1.668387 -0.926972 0.367846 -0.073569
-0.199977 -0.087955 -1.668530 -0.926058 0.370156 -0.073497
-0.199982 -0.088275 -1.670289 -0.927503 0.365380 -0.078965
-0.199685 -0.087563 -1.670382 -0.926786 0.367772 -0.076229
-0.200088 -0.088582 -1.670506 -0.927128 0.366289 -0.079161
-0.200170 -0.088809 -1.670616 -0.927128 0.366289 -0.079161
-0.199242 -0.086230 -1.669129 -0.926058 0.370156 -0.073497
-0.198985 -0.085609 -1.669097 -0.926615 0.369313 -0.070663
-0.199216 -0.086630 -1.671364 -0.927503 0.365380 -0.078965
-0.199346 -0.086939 -1.671359 -0.927503 0.365380 -0.078965
-0.199192 -0.086507 -1.671029 -0.927696 0.365456 -0.076304
-0.209294 -0.088271 -1.663976 -0.925274 0.374103 -0.062572
-0.209133 -0.087963 -1.664302 -0.925274 0.374103 -0.062572
-0.208882 -0.087283 -1.664343 -0.925274 0.374103 -0.062572
-0.208595 -0.086689 -1.665296 -0.925274 0.374103 -0.062572
-0.208409 -0.086096 -1.664988 -0.925274 0.374103 -0.062572
-0.208237 -0.085466 -1.664330 -0.924886 0.375527 -0.059713
-0.208626 -0.086614 -1.664495 -0.925655 0.373184 -0.062419
-0.208534 -0.086455 -1.664995 -0.925274 0.374103 -0.062572
-0.209321 -0.087855 -1.662704 -0.924886 0.375527 -0.059713
-0.209222 -0.087498 -1.662285 -0.925029 0.375586 -0.057068
-0.208685 -0.086180 -1.662523 -0.924105 0.377862 -0.057011
-0.209095 -0.087066 -1.661837 -0.924105 0.377862 -0.057011
-0.208722 -0.086547 -1.663654 -0.924886 0.375527 -0.059713
-0.206852 -0.082029 -1.665236 -0.925029 0.375586 -0.057068
-0.208033 -0.085005 -1.664670 -0.924886 0.375527 -0.059713
-0.206936 -0.082717 -1.667305 -0.925655 0.373184 -0.062419
-0.207915 -0.084703 -1.664706 -0.924886 0.375527 -0.059713
-0.207397 -0.083437 -1.665134 -0.924886 0.375527 -0.059713
-0.208032 -0.084937 -1.664384 -0.924886 0.375527 -0.059713
-0.206827 -0.082100 -1.665841 -0.924886 0.375527 -0.059713
-0.207732 -0.084528 -1.666096 -0.925655 0.373184 -0.062419
-0.208073 -0.085260 -1.665376 -0.925655 0.373184 -0.062419
-0.208071 -0.085379 -1.665950 -0.925274 0.374103 -0.062572
-0.207202 -0.083346 -1.667014 -0.925655 0.373184 -0.062419
-0.207904 -0.084989 -1.666167 -0.925274 0.374103 -0.062572
-0.208216 -0.085755 -1.665945 -0.925116 0.374040 -0.065224
-0.207534 -0.084030 -1.666176 -0.925655 0.373184 -0.062419
-0.207727 -0.084678 -1.666853 -0.926036 0.371747 -0.065289
-0.209450 -0.089160 -1.667902 -0.926058 0.370156 -0.073497
-0.209399 -0.089026 -1.667755 -0.926058 0.370156 -0.073497
-0.208604 -0.086974 -1.666838 -0.925871 0.371681 -0.067942
-0.208899 -0.087665 -1.665819 -0.926036 0.371747 -0.065289
-0.208701 -0.087199 -1.666464 -0.925871 0.371681 -0.067942
-0.209054 -0.088045 -1.665606 -0.926036 0.371747 -0.065289
-0.210286 -0.090841 -1.667256 -0.926058 0.370156 -0.073497
-0.209685 -0.089640 -1.667165 -0.926236 0.370227 -0.070838
-0.209700 -0.089683 -1.667319 -0.926058 0.370156 -0.073497
-0.210338 -0.090951 -1.667243 -0.926058 0.370156 -0.073497
-0.209652 -0.089431 -1.665297 -0.925871 0.371681 -0.067942
-0.207159 -0.083601 -1.668759 -0.925871 0.371681 -0.067942
-0.207542 -0.084775 -1.669645 -0.926615 0.369313 -0.070663
-0.207842 -0.085262 -1.668220 -0.926786 0.369381 -0.068009
-0.208014 -0.085597 -1.667678 -0.925871 0.371681 -0.067942
-0.207575 -0.084491 -1.667845 -0.925871 0.371681 -0.067942
-0.207957 -0.085442 -1.667648 -0.925871 0.371681 -0.067942
-0.207336 -0.084182 -1.669357 -0.926615 0.369313 -0.070663
-0.207767 -0.084920 -1.667502 -0.926036 0.371747 -0.065289
-0.208266 -0.086469 -1.669004 -0.926058 0.370156 -0.073497
-0.208827 -0.087734 -1.668491 -0.926058 0.370156 -0.073497
-0.208701 -0.087442 -1.668566 -0.926058 0.370156 -0.073497
-0.208088 -0.086053 -1.669078 -0.926236 0.370227 -0.070838
-0.208213 -0.086227 -1.668343 -0.926615 0.369313 -0.070663
-0.208522 -0.086832 -1.667544 -0.926786 0.369381 -0.068009
-0.208581 -0.087102 -1.668282 -0.926236 0.370227 -0.070838
-0.206532 -0.081296 -1.665157 -0.925411 0.374666 -0.056928
-0.206140 -0.080902 -1.667302 -0.925806 0.373244 -0.059772
-0.205975 -0.080560 -1.667844 -0.925655 0.373184 -0.062419
-0.206107 -0.080834 -1.667409 -0.925806 0.373244 -0.059772
-0.204965 -0.078329 -1.668878 -0.925655 0.373184 -0.062419
-0.204734 -0.077884 -1.668877 -0.925806 0.373244 -0.059772
-0.205606 -0.079693 -1.667674 -0.925806 0.373244 -0.059772
-0.205030 -0.078452 -1.668841 -0.925655 0.373184 -0.062419
-0.205178 -0.078806 -1.669004 -0.925655 0.373184 -0.062419
-0.205360 -0.079176 -1.668342 -0.925806 0.373244 -0.059772
-0.205066 -0.078522 -1.668657 -0.925806 0.373244 -0.059772
-0.205177 -0.078816 -1.670057 -0.926414 0.370831 -0.065128
-0.205593 -0.079746 -1.669809 -0.926414 0.370831 -0.065128
-0.203983 -0.076225 -1.668340 -0.925411 0.374666 -0.056928
-0.204076 -0.076418 -1.668172 -0.925411 0.374666 -0.056928
-0.203628 -0.075442 -1.668527 -0.925411 0.374666 -0.056928
-0.203564 -0.075262 -1.668194 -0.925547 0.374721 -0.054288
-0.203655 -0.075610 -1.669525 -0.926184 0.372328 -0.059626
-0.204456 -0.077354 -1.669111 -0.925806 0.373244 -0.059772
-0.204366 -0.077198 -1.669698 -0.925655 0.373184 -0.062419
-0.204666 -0.077787 -1.669287 -0.925655 0.373184 -0.062419
-0.204640 -0.077777 -1.669782 -0.926571 0.370894 -0.062480
-0.205153 -0.078776 -1.670802 -0.926414 0.370831 -0.065128
-0.204405 -0.077496 -1.671255 -0.926414 0.370831 -0.065128
-0.203798 -0.076412 -1.672107 -0.927325 0.368535 -0.065192
-0.204233 -0.077006 -1.670697 -0.926571 0.370894 -0.062480
-0.203762 -0.076159 -1.671322 -0.926414 0.370831 -0.065128
-0.206199 -0.081366 -1.670953 -0.926615 0.369313 -0.070663
-0.206227 -0.081480 -1.671491 -0.927525 0.367006 -0.070732
-0.206193 -0.081385 -1.671290 -0.926615 0.369313 -0.070663
-0.206276 -0.081450 -1.669966 -0.926786 0.369381 -0.068009
-0.205737 -0.080225 -1.670513 -0.926786 0.369381 -0.068009
-0.205771 -0.080260 -1.670281 -0.926786 0.369381 -0.068009
-0.205616 -0.080448 -1.672425 -0.927347 0.366936 -0.073387
-0.205888 -0.080954 -1.672497 -0.927347 0.366936 -0.073387
-0.205172 -0.078869 -1.671003 -0.927161 0.368470 -0.067841
-0.204760 -0.078495 -1.672132 -0.926786 0.369381 -0.068009
-0.205102 -0.079041 -1.671718 -0.926786 0.369381 -0.068009
-0.205392 -0.079538 -1.671264 -0.926786 0.369381 -0.068009
-0.205330 -0.079575 -1.671695 -0.926615 0.369313 -0.070663
-0.204365 -0.077513 -1.671670 -0.927161 0.368470 -0.067841
-0.204242 -0.077511 -1.672692 -0.926786 0.369381 -0.068009
-0.205174 -0.079880 -1.673735 -0.928253 0.364623 -0.073459
-0.205308 -0.080065 -1.673039 -0.927347 0.366936 -0.073387
-0.204478 -0.078150 -1.673001 -0.927525 0.367006 -0.070732
-0.204522 -0.078884 -1.676230 -0.928408 0.363057 -0.079042
-0.204534 -0.078654 -1.675136 -0.927696 0.365456 -0.076304
-0.205097 -0.079621 -1.673092 -0.927347 0.366936 -0.073387
-0.204267 -0.077760 -1.673451 -0.927525 0.367006 -0.070732
-0.204820 -0.078993 -1.673175 -0.927347 0.366936 -0.073387
-0.204773 -0.078956 -1.673687 -0.927347 0.366936 -0.073387
-0.206364 -0.081305 -1.667020 -0.925806 0.373244 -0.059772
-0.206430 -0.081507 -1.667431 -0.925655 0.373184 -0.062419
-0.206891 -0.083305 -1.671640 -0.926972 0.367846 -0.073569
-0.207209 -0.084123 -1.671222 -0.926972 0.367846 -0.073569
-0.207117 -0.083764 -1.670382 -0.927525 0.367006 -0.070732
-0.206718 -0.082527 -1.669296 -0.926786 0.369381 -0.068009
-0.206548 -0.081994 -1.668777 -0.926036 0.371747 -0.065289
-0.207312 -0.084257 -1.670073 -0.926615 0.369313 -0.070663
-0.206549 -0.082408 -1.671962 -0.926972 0.367846 -0.073569
-0.206593 -0.082208 -1.669487 -0.926786 0.369381 -0.068009
-0.201505 -0.091785 -1.669399 -0.927128 0.366289 -0.079161
-0.201109 -0.091090 -1.670986 -0.927836 0.363884 -0.081907
-0.200383 -0.089767 -1.672763 -0.927629 0.363802 -0.084574
-0.199873 -0.088764 -1.673634 -0.928318 0.361386 -0.087324
-0.199767 -0.088131 -1.672096 -0.927836 0.363884 -0.081907
-0.200002 -0.089008 -1.673296 -0.928533 0.361469 -0.084656
-0.199641 -0.087944 -1.672640 -0.927836 0.363884 -0.081907
-0.201353 -0.091978 -1.672760 -0.927945 0.362289 -0.087542
-0.201617 -0.092092 -1.669676 -0.926927 0.366210 -0.081827
-0.201504 -0.092159 -1.671661 -0.927038 0.364626 -0.087456
-0.200716 -0.090234 -1.671196 -0.927836 0.363884 -0.081907
-0.199463 -0.087646 -1.673105 -0.927629 0.363802 -0.084574
-0.200477 -0.090046 -1.673156 -0.927945 0.362289 -0.087542
-0.200707 -0.090947 -1.675960 -0.929058 0.357330 -0.095738
-0.201304 -0.092035 -1.673739 -0.928626 0.359860 -0.090302
-0.200550 -0.090340 -1.674075 -0.927723 0.362203 -0.090214
-0.200701 -0.090606 -1.673442 -0.927945 0.362289 -0.087542
-0.200258 -0.089775 -1.674641 -0.928626 0.359860 -0.090302
-0.201914 -0.093553 -1.674042 -0.928023 0.360673 -0.093208
-0.201901 -0.093748 -1.675780 -0.928444 0.358133 -0.098656
-0.201748 -0.093170 -1.674278 -0.928023 0.360673 -0.093208
-0.201532 -0.092544 -1.673550 -0.928626 0.359860 -0.090302
-0.201602 -0.092879 -1.674707 -0.928023 0.360673 -0.093208
-0.201080 -0.091665 -1.674845 -0.928397 0.359771 -0.092974
-0.201087 -0.091734 -1.675220 -0.928397 0.359771 -0.092974
-0.201326 -0.092454 -1.676260 -0.928444 0.358133 -0.098656
-0.201374 -0.092345 -1.674752 -0.928397 0.359771 -0.092974
-0.199881 -0.089147 -1.675690 -0.928397 0.359771 -0.092974
-0.199942 -0.089321 -1.675968 -0.928397 0.359771 -0.092974
-0.199934 -0.089356 -1.676288 -0.928397 0.359771 -0.092974
-0.199942 -0.089259 -1.675597 -0.928397 0.359771 -0.092974
-0.200259 -0.090088 -1.676575 -0.929058 0.357330 -0.095738
-0.200144 -0.089988 -1.677397 -0.928688 0.358227 -0.095978
-0.199937 -0.089620 -1.677821 -0.928444 0.358133 -0.098656
-0.200289 -0.090255 -1.677163 -0.928688 0.358227 -0.095978
-0.209835 -0.090030 -1.668156 -0.926786 0.367772 -0.076229
-0.210465 -0.091868 -1.669414 -0.927128 0.366289 -0.079161
-0.210374 -0.091694 -1.669550 -0.926927 0.366210 -0.081827
-0.210039 -0.090785 -1.669283 -0.927128 0.366289 -0.079161
-0.210881 -0.093043 -1.669869 -0.927836 0.363884 -0.081907
-0.210520 -0.091607 -1.668270 -0.926407 0.368686 -0.076419
-0.209754 -0.090661 -1.670726 -0.926927 0.366210 -0.081827
-0.210106 -0.091179 -1.669935 -0.926927 0.366210 -0.081827
-0.210200 -0.091635 -1.670481 -0.927836 0.363884 -0.081907
-0.210162 -0.092069 -1.672348 -0.927945 0.362289 -0.087542
-0.210108 -0.091828 -1.671884 -0.927038 0.364626 -0.087456
-0.210608 -0.092929 -1.671674 -0.927945 0.362289 -0.087542
-0.210165 -0.091879 -1.671557 -0.927253 0.364710 -0.084785
-0.209781 -0.090928 -1.671297 -0.927629 0.363802 -0.084574
-0.209106 -0.088672 -1.669811 -0.926786 0.367772 -0.076229
-0.208919 -0.088253 -1.669997 -0.926786 0.367772 -0.076229
-0.208766 -0.087922 -1.670213 -0.926786 0.367772 -0.076229
-0.208972 -0.088346 -1.669830 -0.926786 0.367772 -0.076229
-0.207836 -0.085718 -1.670616 -0.926786 0.367772 -0.076229
-0.208101 -0.086301 -1.670291 -0.926786 0.367772 -0.076229
-0.209090 -0.088465 -1.669033 -0.926786 0.367772 -0.076229
-0.208200 -0.086643 -1.670746 -0.926786 0.367772 -0.076229
-0.209148 -0.089080 -1.670766 -0.927128 0.366289 -0.079161
-0.209273 -0.089725 -1.671315 -0.927836 0.363884 -0.081907
-0.209189 -0.089460 -1.671260 -0.927836 0.363884 -0.081907
-0.207734 -0.085622 -1.671358 -0.927696 0.365456 -0.076304
-0.207730 -0.085986 -1.673134 -0.927836 0.363884 -0.081907
-0.208120 -0.086845 -1.672428 -0.927836 0.363884 -0.081907
-0.208173 -0.087441 -1.674215 -0.928533 0.361469 -0.084656
-0.208347 -0.087731 -1.673499 -0.927629 0.363802 -0.084574
-0.207643 -0.086033 -1.674333 -0.927629 0.363802 -0.084574
-0.208452 -0.088008 -1.673447 -0.927629 0.363802 -0.084574
-0.208563 -0.088419 -1.673874 -0.928318 0.361386 -0.087324
-0.208263 -0.087026 -1.671570 -0.927503 0.365380 -0.078965
-0.208631 -0.088096 -1.671789 -0.926927 0.366210 -0.081827
-0.208882 -0.088907 -1.672268 -0.927629 0.363802 -0.084574
-0.209957 -0.091878 -1.674480 -0.928397 0.359771 -0.092974
-0.209566 -0.090605 -1.672192 -0.927629 0.363802 -0.084574
-0.210097 -0.092207 -1.674397 -0.928397 0.359771 -0.092974
-0.210058 -0.092114 -1.674415 -0.928397 0.359771 -0.092974
-0.209628 -0.090816 -1.672626 -0.927945 0.362289 -0.087542
-0.209941 -0.092012 -1.675801 -0.928688 0.358227 -0.095978
-0.209577 -0.090897 -1.674178 -0.928626 0.359860 -0.090302
-0.209261 -0.090094 -1.674039 -0.927723 0.362203 -0.090214
-0.209811 -0.091573 -1.674904 -0.928397 0.359771 -0.092974
-0.209658 -0.091210 -1.675031 -0.928397 0.359771 -0.092974
-0.211128 -0.093912 -1.670820 -0.927038 0.364626 -0.087456
-0.210534 -0.092984 -1.672578 -0.927723 0.362203 -0.090214
-0.210892 -0.093857 -1.672831 -0.928626 0.359860 -0.090302
-0.210445 -0.092833 -1.672822 -0.927723 0.362203 -0.090214
-0.211157 -0.094496 -1.673728 -0.928023 0.360673 -0.093208
-0.211219 -0.094610 -1.674014 -0.927786 0.360581 -0.095885
-0.210569 -0.093235 -1.673585 -0.928397 0.359771 -0.092974
-0.210422 -0.093039 -1.674708 -0.927786 0.360581 -0.095885
-0.210449 -0.093122 -1.674858 -0.928688 0.358227 -0.095978
-0.208959 -0.089293 -1.673260 -0.928318 0.361386 -0.087324
-0.208994 -0.089599 -1.675045 -0.928626 0.359860 -0.090302
-0.209230 -0.089735 -1.671815 -0.927629 0.363802 -0.084574
-0.207733 -0.086637 -1.675126 -0.928318 0.361386 -0.087324
-0.207962 -0.087162 -1.674909 -0.928318 0.361386 -0.087324
-0.208295 -0.087968 -1.674682 -0.928318 0.361386 -0.087324
-0.208567 -0.088948 -1.675897 -0.928397 0.359771 -0.092974
-0.208761 -0.089286 -1.675667 -0.928397 0.359771 -0.092974
-0.208662 -0.089172 -1.675999 -0.928397 0.359771 -0.092974
-0.207959 -0.087716 -1.676470 -0.928397 0.359771 -0.092974
-0.207820 -0.087477 -1.676767 -0.928397 0.359771 -0.092974
-0.207722 -0.087088 -1.676201 -0.928626 0.359860 -0.090302
-0.208347 -0.088431 -1.675794 -0.928626 0.359860 -0.090302
-0.205848 -0.081249 -1.673639 -0.927696 0.365456 -0.076304
-0.206086 -0.081508 -1.673051 -0.927696 0.365456 -0.076304
-0.206455 -0.083085 -1.674547 -0.928208 0.362979 -0.081704
-0.206471 -0.083324 -1.675014 -0.927836 0.363884 -0.081907
-0.206759 -0.083634 -1.673807 -0.928408 0.363057 -0.079042
-0.206284 -0.082799 -1.675017 -0.928208 0.362979 -0.081704
-0.206316 -0.082857 -1.674939 -0.928208 0.362979 -0.081704
-0.206979 -0.084907 -1.676176 -0.928318 0.361386 -0.087324
-0.207556 -0.085809 -1.674365 -0.927629 0.363802 -0.084574
-0.206948 -0.084953 -1.676583 -0.929218 0.359046 -0.087408
-0.207172 -0.085121 -1.675277 -0.928533 0.361469 -0.084656
-0.206992 -0.085525 -1.678128 -0.929295 0.357421 -0.093064
-0.206654 -0.083653 -1.674586 -0.927836 0.363884 -0.081907
-0.206544 -0.084134 -1.677099 -0.929218 0.359046 -0.087408
-0.206397 -0.083449 -1.675974 -0.928533 0.361469 -0.084656
-0.206685 -0.084248 -1.676345 -0.928318 0.361386 -0.087324
-0.206497 -0.083711 -1.676047 -0.928533 0.361469 -0.084656
-0.206413 -0.083615 -1.676405 -0.928318 0.361386 -0.087324
-0.205080 -0.079914 -1.675490 -0.928408 0.363057 -0.079042
-0.205658 -0.080921 -1.673957 -0.927696 0.365456 -0.076304
-0.205770 -0.081825 -1.675877 -0.928208 0.362979 -0.081704
-0.205647 -0.080889 -1.673943 -0.927696 0.365456 -0.076304
-0.205017 -0.079835 -1.675746 -0.928408 0.363057 -0.079042
-0.205218 -0.080387 -1.675839 -0.928208 0.362979 -0.081704
-0.205528 -0.081297 -1.676162 -0.928208 0.362979 -0.081704
-0.204801 -0.079705 -1.676970 -0.928208 0.362979 -0.081704
-0.207579 -0.086046 -1.674780 -0.928533 0.361469 -0.084656
-0.207343 -0.086347 -1.677170 -0.928397 0.359771 -0.092974
-0.207324 -0.085966 -1.676542 -0.928626 0.359860 -0.090302
-0.206448 -0.084081 -1.678067 -0.928626 0.359860 -0.090302
-0.206639 -0.084698 -1.678348 -0.929295 0.357421 -0.093064
-0.206951 -0.085663 -1.678779 -0.929058 0.357330 -0.095738
-0.206372 -0.084177 -1.679339 -0.929295 0.357421 -0.093064
-0.205924 -0.082640 -1.677731 -0.929218 0.359046 -0.087408
-0.205211 -0.080823 -1.677384 -0.928533 0.361469 -0.084656
-0.206200 -0.083367 -1.677998 -0.928996 0.358961 -0.090076
-0.205364 -0.081263 -1.677730 -0.928318 0.361386 -0.087324
-0.205186 -0.080749 -1.677316 -0.928533 0.361469 -0.084656
-0.205714 -0.082272 -1.678357 -0.928996 0.358961 -0.090076
-0.205138 -0.080965 -1.678437 -0.929218 0.359046 -0.087408
-0.205624 -0.082196 -1.678747 -0.928996 0.358961 -0.090076
-0.205462 -0.082040 -1.679397 -0.928996 0.358961 -0.090076
-0.204939 -0.080704 -1.679456 -0.928996 0.358961 -0.090076
-0.205278 -0.081642 -1.679563 -0.928996 0.358961 -0.090076
-0.204833 -0.080551 -1.679990 -0.928996 0.358961 -0.090076
-0.205670 -0.083012 -1.680906 -0.929952 0.354974 -0.095830
-0.205527 -0.082332 -1.679797 -0.929295 0.357421 -0.093064
-0.205542 -0.082668 -1.680783 -0.929058 0.357330 -0.095738
-0.206287 -0.083840 -1.679018 -0.929295 0.357421 -0.093064
-0.205087 -0.081283 -1.680000 -0.929662 0.356527 -0.092832
-0.204836 -0.080593 -1.680054 -0.929890 0.356615 -0.090163
-0.207069 -0.083883 -1.671861 -0.926786 0.367772 -0.076229
-0.206991 -0.083983 -1.673031 -0.927503 0.365380 -0.078965
-0.207511 -0.084929 -1.670996 -0.926786 0.367772 -0.076229
-0.206943 -0.083756 -1.672713 -0.927696 0.365456 -0.076304
-0.207647 -0.085627 -1.672407 -0.927503 0.365380 -0.078965
-0.207554 -0.085220 -1.671669 -0.927696 0.365456 -0.076304
-0.207564 -0.085467 -1.672696 -0.927503 0.365380 -0.078965
-0.207326 -0.084707 -1.672129 -0.927696 0.365456 -0.076304
-0.207833 -0.087821 -1.678012 -0.929058 0.357330 -0.095738
-0.207571 -0.087087 -1.677587 -0.929295 0.357421 -0.093064
-0.191191 -0.066183 -1.657865 -0.920308 0.390709 -0.019471
-0.190786 -0.065431 -1.658222 -0.920308 0.390709 -0.019471
-0.190675 -0.065268 -1.658624 -0.920308 0.390709 -0.019471
-0.190998 -0.065935 -1.659531 -0.921190 0.388485 -0.022088
-0.191282 -0.066511 -1.659832 -0.920739 0.389393 -0.024744
-0.190551 -0.065023 -1.658824 -0.920308 0.390709 -0.019471
-0.190462 -0.064840 -1.658659 -0.920308 0.390709 -0.019471
-0.190710 -0.065406 -1.660707 -0.921671 0.387180 -0.024769
-0.190732 -0.065444 -1.660679 -0.921671 0.387180 -0.024769
-0.190479 -0.064985 -1.660928 -0.921671 0.387180 -0.024769
-0.189908 -0.063851 -1.660353 -0.921190 0.388485 -0.022088
-0.190313 -0.064729 -1.661600 -0.921671 0.387180 -0.024769
-0.191359 -0.066703 -1.660617 -0.921671 0.387180 -0.024769
-0.191659 -0.067253 -1.659208 -0.920795 0.389417 -0.022141
-0.191718 -0.067423 -1.660156 -0.921671 0.387180 -0.024769
-0.191515 -0.067053 -1.661725 -0.922468 0.384905 -0.030010
-0.191727 -0.067490 -1.661752 -0.922468 0.384905 -0.030010
-0.191936 -0.067906 -1.661121 -0.922468 0.384905 -0.030010
-0.190643 -0.065343 -1.661441 -0.921609 0.387154 -0.027375
-0.190922 -0.065953 -1.662264 -0.922468 0.384905 -0.030010
-0.190586 -0.065356 -1.662389 -0.922537 0.384934 -0.027402
-0.191244 -0.066517 -1.662053 -0.922468 0.384905 -0.030010
-0.189459 -0.062577 -1.660383 -0.921240 0.388506 -0.019490
-0.189564 -0.062304 -1.661317 -0.921190 0.388485 -0.022088
-0.189781 -0.062100 -1.661880 -0.922118 0.386275 -0.022110
-0.191397 -0.060624 -1.661195 -0.921240 0.388506 -0.019490
-0.189972 -0.061809 -1.661786 -0.921190 0.388485 -0.022088
-0.190242 -0.061486 -1.661546 -0.921190 0.388485 -0.022088
-0.190744 -0.060965 -1.661114 -0.921240 0.388506 -0.019490
-0.191170 -0.061347 -1.662273 -0.922118 0.386275 -0.022110
-0.191982 -0.060554 -1.661639 -0.921240 0.388506 -0.019490
-0.191762 -0.060878 -1.661943 -0.921190 0.388485 -0.022088
-0.193144 -0.061151 -1.663129 -0.922062 0.386252 -0.024710
-0.189798 -0.063763 -1.661746 -0.921671 0.387180 -0.024769
-0.189686 -0.062671 -1.662482 -0.921671 0.387180 -0.024769
-0.189862 -0.063563 -1.663173 -0.922537 0.384934 -0.027402
-0.189763 -0.062826 -1.662789 -0.921671 0.387180 -0.024769
-0.190723 -0.062040 -1.662981 -0.921671 0.387180 -0.024769
-0.191056 -0.062896 -1.664108 -0.922468 0.384905 -0.030010
-0.191621 -0.061571 -1.662985 -0.922062 0.386252 -0.024710
-0.192442 -0.061352 -1.663040 -0.922062 0.386252 -0.024710
-0.192213 -0.061866 -1.663769 -0.922537 0.384934 -0.027402
-0.192397 -0.069044 -1.662224 -0.922931 0.383573 -0.032728
-0.191945 -0.068073 -1.662688 -0.922931 0.383573 -0.032728
-0.192177 -0.068690 -1.663473 -0.922848 0.383538 -0.035343
-0.192234 -0.068745 -1.662835 -0.922931 0.383573 -0.032728
-0.192169 -0.068395 -1.661101 -0.922468 0.384905 -0.030010
-0.190777 -0.065732 -1.662740 -0.922468 0.384905 -0.030010
-0.190501 -0.065222 -1.663455 -0.922468 0.384905 -0.030010
-0.190829 -0.065879 -1.663771 -0.922931 0.383573 -0.032728
-0.190622 -0.065582 -1.664557 -0.922931 0.383573 -0.032728
-0.192651 -0.069491 -1.661254 -0.922078 0.385834 -0.030082
-0.192542 -0.069552 -1.663793 -0.923684 0.381265 -0.037996
-0.192978 -0.070296 -1.662039 -0.922848 0.383538 -0.035343
-0.191590 -0.067410 -1.664038 -0.922848 0.383538 -0.035343
-0.191640 -0.067445 -1.663270 -0.922931 0.383573 -0.032728
-0.191477 -0.067279 -1.665261 -0.923684 0.381265 -0.037996
-0.192293 -0.069046 -1.664302 -0.923684 0.381265 -0.037996
-0.190927 -0.066196 -1.664946 -0.923773 0.381302 -0.035379
-0.191142 -0.066484 -1.663776 -0.922931 0.383573 -0.032728
-0.191320 -0.066944 -1.665322 -0.923684 0.381265 -0.037996
-0.190722 -0.063433 -1.664616 -0.923393 0.382679 -0.030040
-0.191107 -0.063222 -1.664792 -0.923393 0.382679 -0.030040
-0.191600 -0.063307 -1.665583 -0.922931 0.383573 -0.032728
-0.191738 -0.063115 -1.665361 -0.923317 0.382648 -0.032649
-0.193110 -0.061964 -1.664395 -0.922537 0.384934 -0.027402
-0.191762 -0.062657 -1.664589 -0.922468 0.384905 -0.030010
-0.193497 -0.062321 -1.665194 -0.923393 0.382679 -0.030040
-0.190495 -0.065616 -1.666339 -0.923684 0.381265 -0.037996
-0.190388 -0.065387 -1.666565 -0.923684 0.381265 -0.037996
-0.190238 -0.064860 -1.666568 -0.923684 0.381265 -0.037996
-0.190591 -0.063920 -1.666105 -0.923773 0.381302 -0.035379
-0.191056 -0.063663 -1.666181 -0.923773 0.381302 -0.035379
-0.190989 -0.063798 -1.666787 -0.923684 0.381265 -0.037996
-0.191399 -0.063771 -1.667238 -0.923684 0.381265 -0.037996
-0.192011 -0.063493 -1.666706 -0.923773 0.381302 -0.035379
-0.193164 -0.062862 -1.666402 -0.923773 0.381302 -0.035379
-0.192667 -0.063223 -1.666815 -0.923773 0.381302 -0.035379
-0.192174 -0.063493 -1.666976 -0.923684 0.381265 -0.037996
-0.198668 -0.063962 -1.657835 -0.920352 0.390728 -0.016875
-0.198691 -0.064043 -1.658093 -0.920352 0.390728 -0.016875
-0.199473 -0.065734 -1.658554 -0.920308 0.390709 -0.019471
-0.199126 -0.065007 -1.658508 -0.920308 0.390709 -0.019471
-0.198960 -0.064715 -1.659067 -0.921240 0.388506 -0.019490
-0.199010 -0.064796 -1.658821 -0.920308 0.390709 -0.019471
-0.198932 -0.064760 -1.660076 -0.921190 0.388485 -0.022088
-0.199816 -0.066548 -1.660242 -0.921671 0.387180 -0.024769
-0.199922 -0.066806 -1.660806 -0.921609 0.387154 -0.027375
-0.199350 -0.065579 -1.660270 -0.921671 0.387180 -0.024769
-0.199744 -0.066496 -1.661618 -0.922537 0.384934 -0.027402
-0.199756 -0.066483 -1.661277 -0.921609 0.387154 -0.027375
-0.197782 -0.062272 -1.658487 -0.920784 0.389812 -0.014246
-0.197625 -0.061888 -1.657878 -0.919853 0.392005 -0.014231
-0.198640 -0.064158 -1.660114 -0.921190 0.388485 -0.022088
-0.197880 -0.062865 -1.660735 -0.921190 0.388485 -0.022088
-0.197471 -0.061774 -1.658927 -0.920784 0.389812 -0.014246
-0.197994 -0.062894 -1.659775 -0.920308 0.390709 -0.019471
-0.197712 -0.062473 -1.660290 -0.921240 0.388506 -0.019490
-0.197992 -0.062911 -1.659891 -0.921240 0.388506 -0.019490
-0.197130 -0.061024 -1.659418 -0.920747 0.389796 -0.016835
-0.197233 -0.061239 -1.659119 -0.920784 0.389812 -0.014246
-0.197053 -0.060777 -1.660215 -0.920747 0.389796 -0.016835
-0.196968 -0.060541 -1.660025 -0.920747 0.389796 -0.016835
-0.197639 -0.062398 -1.661316 -0.921190 0.388485 -0.022088
-0.197273 -0.061384 -1.661372 -0.921240 0.388506 -0.019490
-0.198104 -0.063376 -1.662319 -0.921671 0.387180 -0.024769
-0.198079 -0.063314 -1.661693 -0.922062 0.386252 -0.024710
-0.199104 -0.065188 -1.661761 -0.921609 0.387154 -0.027375
-0.199634 -0.066300 -1.662372 -0.922468 0.384905 -0.030010
-0.199448 -0.065921 -1.662797 -0.922468 0.384905 -0.030010
-0.198618 -0.064225 -1.661091 -0.922062 0.386252 -0.024710
-0.198329 -0.063780 -1.662401 -0.921609 0.387154 -0.027375
-0.198785 -0.064508 -1.660707 -0.922118 0.386275 -0.022110
-0.197664 -0.062331 -1.662584 -0.922062 0.386252 -0.024710
-0.197576 -0.062225 -1.661851 -0.922118 0.386275 -0.022110
-0.198107 -0.063434 -1.663536 -0.922537 0.384934 -0.027402
-0.197268 -0.061411 -1.662934 -0.922062 0.386252 -0.024710
-0.197889 -0.062865 -1.662710 -0.921671 0.387180 -0.024769
-0.198375 -0.063999 -1.663874 -0.922468 0.384905 -0.030010
-0.198404 -0.064055 -1.663903 -0.922468 0.384905 -0.030010
-0.198329 -0.063945 -1.664206 -0.923393 0.382679 -0.030040
-0.199130 -0.065530 -1.664551 -0.922931 0.383573 -0.032728
-0.198871 -0.065143 -1.665205 -0.922848 0.383538 -0.035343
-0.198764 -0.064925 -1.665152 -0.922848 0.383538 -0.035343
-0.198354 -0.064150 -1.665390 -0.922931 0.383573 -0.032728
-0.192233 -0.060332 -1.661563 -0.921240 0.388506 -0.019490
-0.192812 -0.060701 -1.662332 -0.921190 0.388485 -0.022088
-0.193411 -0.063247 -1.667212 -0.923684 0.381265 -0.037996
-0.194354 -0.059060 -1.661874 -0.921240 0.388506 -0.019490
-0.194732 -0.058903 -1.661710 -0.921632 0.387578 -0.019444
-0.194874 -0.059296 -1.662552 -0.921240 0.388506 -0.019490
-0.195249 -0.059682 -1.663095 -0.922118 0.386275 -0.022110
-0.196676 -0.059848 -1.661474 -0.921240 0.388506 -0.019490
-0.193387 -0.060961 -1.663115 -0.922062 0.386252 -0.024710
-0.194716 -0.060212 -1.663510 -0.922062 0.386252 -0.024710
-0.195170 -0.059940 -1.663444 -0.922062 0.386252 -0.024710
-0.194432 -0.060454 -1.663548 -0.922062 0.386252 -0.024710
-0.194751 -0.060612 -1.663870 -0.922062 0.386252 -0.024710
-0.196567 -0.060325 -1.664245 -0.922924 0.384009 -0.027336
-0.196124 -0.059849 -1.663573 -0.922062 0.386252 -0.024710
-0.197988 -0.063230 -1.664584 -0.923393 0.382679 -0.030040
-0.197594 -0.062266 -1.664027 -0.922537 0.384934 -0.027402
-0.193693 -0.061513 -1.664162 -0.922537 0.384934 -0.027402
-0.194352 -0.061564 -1.664934 -0.922468 0.384905 -0.030010
-0.194691 -0.061316 -1.665127 -0.922468 0.384905 -0.030010
-0.195107 -0.060957 -1.665033 -0.922468 0.384905 -0.030010
-0.194209 -0.062002 -1.665558 -0.923317 0.382648 -0.032649
-0.194617 -0.061463 -1.665496 -0.923393 0.382679 -0.030040
-0.194488 -0.061805 -1.665909 -0.923317 0.382648 -0.032649
-0.194854 -0.061501 -1.666286 -0.923317 0.382648 -0.032649
-0.196768 -0.060700 -1.664641 -0.922537 0.384934 -0.027402
-0.197159 -0.061398 -1.664614 -0.922537 0.384934 -0.027402
-0.195643 -0.061134 -1.666580 -0.923317 0.382648 -0.032649
-0.196163 -0.060614 -1.665801 -0.923393 0.382679 -0.030040
-0.196067 -0.060984 -1.666494 -0.923317 0.382648 -0.032649
-0.196931 -0.061240 -1.665711 -0.923393 0.382679 -0.030040
-0.194581 -0.062472 -1.667121 -0.923773 0.381302 -0.035379
-0.193909 -0.063064 -1.667157 -0.923773 0.381302 -0.035379
-0.195128 -0.062142 -1.667470 -0.923773 0.381302 -0.035379
-0.197384 -0.062001 -1.666108 -0.923317 0.382648 -0.032649
-0.196739 -0.061504 -1.667770 -0.923773 0.381302 -0.035379
-0.197200 -0.061901 -1.667495 -0.923773 0.381302 -0.035379
-0.197334 -0.062157 -1.667825 -0.923684 0.381265 -0.037996
-0.198343 -0.064208 -1.666088 -0.923773 0.381302 -0.035379
-0.198009 -0.063401 -1.665739 -0.922931 0.383573 -0.032728
-0.197735 -0.062735 -1.665916 -0.923317 0.382648 -0.032649
-0.197685 -0.062713 -1.667345 -0.923773 0.381302 -0.035379
-0.197923 -0.063225 -1.667076 -0.923684 0.381265 -0.037996
-0.190866 -0.066140 -1.665526 -0.923684 0.381265 -0.037996
-0.191012 -0.066499 -1.666451 -0.924510 0.378984 -0.040652
-0.191020 -0.066631 -1.667523 -0.924025 0.379863 -0.043375
-0.191689 -0.067817 -1.666019 -0.924128 0.379905 -0.040751
-0.192216 -0.068961 -1.665418 -0.924128 0.379905 -0.040751
-0.192443 -0.069553 -1.666571 -0.924025 0.379863 -0.043375
-0.192102 -0.068758 -1.666187 -0.924128 0.379905 -0.040751
-0.192355 -0.069347 -1.666443 -0.924025 0.379863 -0.043375
-0.192465 -0.069797 -1.668232 -0.925260 0.376176 -0.048837
-0.191681 -0.067870 -1.666543 -0.924128 0.379905 -0.040751
-0.191865 -0.068381 -1.667404 -0.924946 0.377610 -0.043419
-0.191857 -0.068391 -1.667697 -0.924837 0.377565 -0.046045
-0.191410 -0.067644 -1.668846 -0.924837 0.377565 -0.046045
-0.191422 -0.067677 -1.668912 -0.924837 0.377565 -0.046045
-0.191619 -0.067921 -1.667929 -0.924837 0.377565 -0.046045
-0.192160 -0.069196 -1.669147 -0.925260 0.376176 -0.048837
-0.190343 -0.064938 -1.667528 -0.924510 0.378984 -0.040652
-0.190805 -0.066277 -1.667945 -0.924025 0.379863 -0.043375
-0.190596 -0.065652 -1.668486 -0.924946 0.377610 -0.043419
-0.191082 -0.063859 -1.667332 -0.923684 0.381265 -0.037996
-0.191381 -0.063972 -1.667908 -0.924510 0.378984 -0.040652
-0.190674 -0.064416 -1.667860 -0.924510 0.378984 -0.040652
-0.191341 -0.064078 -1.668135 -0.924510 0.378984 -0.040652
-0.192166 -0.063916 -1.667977 -0.924510 0.378984 -0.040652
-0.192733 -0.063801 -1.668233 -0.924510 0.378984 -0.040652
-0.192095 -0.064311 -1.668814 -0.924025 0.379863 -0.043375
-0.191719 -0.068246 -1.668871 -0.925260 0.376176 -0.048837
-0.191831 -0.068426 -1.668576 -0.924837 0.377565 -0.046045
-0.190949 -0.066660 -1.668645 -0.924837 0.377565 -0.046045
-0.190848 -0.066535 -1.669559 -0.925754 0.375306 -0.046090
-0.190884 -0.065188 -1.669144 -0.924946 0.377610 -0.043419
-0.190713 -0.066101 -1.669756 -0.925754 0.375306 -0.046090
-0.191593 -0.064989 -1.669731 -0.924837 0.377565 -0.046045
-0.192483 -0.065001 -1.670718 -0.925639 0.375259 -0.048718
-0.193233 -0.064258 -1.669993 -0.924837 0.377565 -0.046045
-0.192274 -0.069490 -1.669564 -0.925138 0.376126 -0.051470
-0.192396 -0.069823 -1.670032 -0.926054 0.373857 -0.051521
-0.193045 -0.071358 -1.671210 -0.926327 0.372386 -0.056984
-0.193383 -0.071832 -1.669068 -0.925925 0.373804 -0.054155
-0.193255 -0.071559 -1.669189 -0.926054 0.373857 -0.051521
-0.192734 -0.070512 -1.669550 -0.926054 0.373857 -0.051521
-0.192725 -0.070594 -1.670346 -0.925925 0.373804 -0.054155
-0.192857 -0.071114 -1.672514 -0.927096 0.370042 -0.059684
-0.192612 -0.070458 -1.671597 -0.926327 0.372386 -0.056984
-0.191359 -0.067750 -1.670531 -0.925138 0.376126 -0.051470
-0.190948 -0.066787 -1.670680 -0.925260 0.376176 -0.048837
-0.192226 -0.069552 -1.671341 -0.925925 0.373804 -0.054155
-0.191557 -0.068163 -1.670806 -0.926054 0.373857 -0.051521
-0.190868 -0.066381 -1.671027 -0.925138 0.376126 -0.051470
-0.191607 -0.065380 -1.670704 -0.925639 0.375259 -0.048718
-0.192383 -0.065085 -1.670840 -0.925639 0.375259 -0.048718
-0.190956 -0.066677 -1.671458 -0.926054 0.373857 -0.051521
-0.191363 -0.065888 -1.672341 -0.926054 0.373857 -0.051521
-0.191565 -0.065721 -1.672248 -0.926054 0.373857 -0.051521
-0.191781 -0.068709 -1.671450 -0.925925 0.373804 -0.054155
-0.191231 -0.067637 -1.671921 -0.925925 0.373804 -0.054155
-0.191965 -0.069140 -1.671941 -0.926327 0.372386 -0.056984
-0.191860 -0.068959 -1.672192 -0.926327 0.372386 -0.056984
-0.191400 -0.068057 -1.672293 -0.926702 0.371474 -0.056845
-0.191422 -0.068126 -1.672467 -0.926702 0.371474 -0.056845
-0.191622 -0.068635 -1.673819 -0.927096 0.370042 -0.059684
-0.191191 -0.066124 -1.672711 -0.925925 0.373804 -0.054155
-0.191113 -0.067493 -1.673416 -0.926327 0.372386 -0.056984
-0.191043 -0.067322 -1.673922 -0.926184 0.372328 -0.059626
-0.191154 -0.066596 -1.673885 -0.926327 0.372386 -0.056984
-0.193059 -0.070752 -1.665092 -0.924128 0.379905 -0.040751
-0.192890 -0.070511 -1.666577 -0.924837 0.377565 -0.046045
-0.193183 -0.071024 -1.665266 -0.924025 0.379863 -0.043375
-0.193374 -0.071633 -1.667129 -0.924340 0.378439 -0.048788
-0.193261 -0.071254 -1.666169 -0.924837 0.377565 -0.046045
-0.193086 -0.070900 -1.666315 -0.924837 0.377565 -0.046045
-0.198589 -0.064804 -1.666866 -0.923684 0.381265 -0.037996
-0.199401 -0.066402 -1.666971 -0.924128 0.379905 -0.040751
-0.199558 -0.066257 -1.664107 -0.922931 0.383573 -0.032728
-0.199256 -0.065840 -1.665047 -0.923773 0.381302 -0.035379
-0.199601 -0.066521 -1.665312 -0.923684 0.381265 -0.037996
-0.199053 -0.065528 -1.665463 -0.923773 0.381302 -0.035379
-0.199710 -0.066955 -1.666839 -0.924128 0.379905 -0.040751
-0.199172 -0.066021 -1.667671 -0.924128 0.379905 -0.040751
-0.198649 -0.065048 -1.667947 -0.924128 0.379905 -0.040751
-0.198914 -0.065604 -1.668314 -0.924946 0.377610 -0.043419
-0.198905 -0.065676 -1.668662 -0.924946 0.377610 -0.043419
-0.193573 -0.072231 -1.668544 -0.925138 0.376126 -0.051470
-0.201018 -0.070014 -1.669755 -0.926054 0.373857 -0.051521
-0.200701 -0.069239 -1.668947 -0.925260 0.376176 -0.048837
-0.201267 -0.070273 -1.668115 -0.925260 0.376176 -0.048837
-0.201129 -0.070046 -1.668476 -0.925260 0.376176 -0.048837
-0.200277 -0.068271 -1.668319 -0.924837 0.377565 -0.046045
-0.199140 -0.066313 -1.669138 -0.924837 0.377565 -0.046045
-0.199209 -0.066798 -1.671151 -0.926054 0.373857 -0.051521
-0.199515 -0.067058 -1.669402 -0.925754 0.375306 -0.046090
-0.199593 -0.067204 -1.669449 -0.925639 0.375259 -0.048718
-0.199708 -0.067397 -1.669387 -0.925639 0.375259 -0.048718
-0.200131 -0.068307 -1.669884 -0.925138 0.376126 -0.051470
-0.199716 -0.067660 -1.670627 -0.925138 0.376126 -0.051470
-0.200274 -0.068670 -1.670335 -0.926054 0.373857 -0.051521
-0.200215 -0.068582 -1.670454 -0.926054 0.373857 -0.051521
-0.200259 -0.068645 -1.670348 -0.926054 0.373857 -0.051521
-0.199954 -0.067710 -1.668605 -0.924837 0.377565 -0.046045
-0.199843 -0.068026 -1.671456 -0.925925 0.373804 -0.054155
-0.200616 -0.069490 -1.672318 -0.926327 0.372386 -0.056984
-0.200804 -0.069718 -1.670487 -0.925925 0.373804 -0.054155
-0.200371 -0.068950 -1.670842 -0.925925 0.373804 -0.054155
-0.199382 -0.067209 -1.672198 -0.925925 0.373804 -0.054155
-0.199422 -0.067289 -1.672518 -0.926838 0.371528 -0.054209
-0.193852 -0.063370 -1.667937 -0.924605 0.379023 -0.038033
-0.193069 -0.063758 -1.668373 -0.924510 0.378984 -0.040652
-0.193140 -0.063861 -1.668751 -0.924128 0.379905 -0.040751
-0.193825 -0.063816 -1.669614 -0.924946 0.377610 -0.043419
-0.193506 -0.064111 -1.669981 -0.924837 0.377565 -0.046045
-0.193055 -0.064773 -1.670839 -0.925639 0.375259 -0.048718
-0.192332 -0.065404 -1.672115 -0.926054 0.373857 -0.051521
-0.192959 -0.065111 -1.671514 -0.925260 0.376176 -0.048837
-0.193068 -0.065242 -1.672060 -0.926054 0.373857 -0.051521
-0.191516 -0.066095 -1.673743 -0.926702 0.371474 -0.056845
-0.192221 -0.065923 -1.674777 -0.927096 0.370042 -0.059684
-0.193534 -0.065395 -1.673362 -0.926838 0.371528 -0.054209
-0.194005 -0.065438 -1.673728 -0.926838 0.371528 -0.054209
-0.194182 -0.063037 -1.667632 -0.923684 0.381265 -0.037996
-0.194059 -0.063295 -1.668090 -0.924605 0.379023 -0.038033
-0.194401 -0.063193 -1.668667 -0.924510 0.378984 -0.040652
-0.194732 -0.063006 -1.668820 -0.924510 0.378984 -0.040652
-0.196130 -0.062584 -1.668984 -0.924510 0.378984 -0.040652
-0.195998 -0.062817 -1.669271 -0.924510 0.378984 -0.040652
-0.196538 -0.061670 -1.668103 -0.923684 0.381265 -0.037996
-0.197297 -0.062356 -1.668783 -0.924510 0.378984 -0.040652
-0.197604 -0.062631 -1.668111 -0.924605 0.379023 -0.038033
-0.196663 -0.062596 -1.669377 -0.924510 0.378984 -0.040652
-0.197652 -0.063016 -1.669586 -0.924946 0.377610 -0.043419
-0.194864 -0.063541 -1.670159 -0.924946 0.377610 -0.043419
-0.194887 -0.063806 -1.670806 -0.925754 0.375306 -0.046090
-0.196921 -0.062716 -1.669987 -0.924946 0.377610 -0.043419
-0.197647 -0.063062 -1.669982 -0.924946 0.377610 -0.043419
-0.197953 -0.063550 -1.670246 -0.924946 0.377610 -0.043419
-0.198001 -0.063529 -1.668110 -0.924510 0.378984 -0.040652
-0.198567 -0.064892 -1.668244 -0.924128 0.379905 -0.040751
-0.197962 -0.063485 -1.669334 -0.924946 0.377610 -0.043419
-0.197928 -0.063364 -1.668336 -0.924510 0.378984 -0.040652
-0.194817 -0.064815 -1.672568 -0.926054 0.373857 -0.051521
-0.195137 -0.064291 -1.671967 -0.925639 0.375259 -0.048718
-0.196221 -0.063490 -1.671828 -0.925639 0.375259 -0.048718
-0.195637 -0.063719 -1.671542 -0.925639 0.375259 -0.048718
-0.197699 -0.063319 -1.671442 -0.925754 0.375306 -0.046090
-0.197328 -0.063248 -1.671963 -0.925639 0.375259 -0.048718
-0.196701 -0.063830 -1.672913 -0.926054 0.373857 -0.051521
-0.197991 -0.063946 -1.672253 -0.925639 0.375259 -0.048718
-0.197534 -0.063547 -1.672481 -0.926552 0.372993 -0.048766
-0.194321 -0.065268 -1.673416 -0.926838 0.371528 -0.054209
-0.194949 -0.065411 -1.674268 -0.926702 0.371474 -0.056845
-0.195483 -0.065003 -1.674017 -0.926702 0.371474 -0.056845
-0.196289 -0.064675 -1.674395 -0.926702 0.371474 -0.056845
-0.196668 -0.064312 -1.673913 -0.926838 0.371528 -0.054209
-0.198012 -0.064388 -1.673569 -0.925925 0.373804 -0.054155
-0.197247 -0.064588 -1.675114 -0.926702 0.371474 -0.056845
-0.198085 -0.064650 -1.674610 -0.926702 0.371474 -0.056845
-0.197517 -0.064340 -1.674654 -0.926702 0.371474 -0.056845
-0.198792 -0.065569 -1.669518 -0.924837 0.377565 -0.046045
-0.198963 -0.066110 -1.670470 -0.925639 0.375259 -0.048718
-0.198588 -0.065032 -1.669361 -0.924946 0.377610 -0.043419
-0.198851 -0.065826 -1.670487 -0.925639 0.375259 -0.048718
-0.198392 -0.064654 -1.671016 -0.925639 0.375259 -0.048718
-0.198632 -0.065301 -1.671028 -0.925639 0.375259 -0.048718
-0.198813 -0.065788 -1.671188 -0.925260 0.376176 -0.048837
-0.198064 -0.063815 -1.670714 -0.925754 0.375306 -0.046090
-0.199042 -0.066395 -1.672360 -0.925925 0.373804 -0.054155
-0.198318 -0.064832 -1.673914 -0.926838 0.371528 -0.054209
-0.199858 -0.066377 -1.657393 -0.920352 0.390728 -0.016875
-0.199962 -0.066676 -1.658114 -0.920308 0.390709 -0.019471
-0.199919 -0.066665 -1.658753 -0.921190 0.388485 -0.022088
-0.199531 -0.065741 -1.657618 -0.920352 0.390728 -0.016875
-0.200205 -0.067179 -1.658136 -0.921240 0.388506 -0.019490
-0.200603 -0.067889 -1.657065 -0.920308 0.390709 -0.019471
-0.200409 -0.067534 -1.657519 -0.920308 0.390709 -0.019471
-0.200926 -0.068892 -1.660091 -0.921609 0.387154 -0.027375
-0.201132 -0.069327 -1.661191 -0.922078 0.385834 -0.030082
-0.200297 -0.067626 -1.661456 -0.922468 0.384905 -0.030010
-0.200621 -0.068301 -1.661666 -0.922078 0.385834 -0.030082
-0.200616 -0.068290 -1.661646 -0.922078 0.385834 -0.030082
-0.200540 -0.068131 -1.661585 -0.922078 0.385834 -0.030082
-0.201362 -0.070028 -1.662807 -0.922848 0.383538 -0.035343
-0.200538 -0.068147 -1.661884 -0.922078 0.385834 -0.030082
-0.200610 -0.068307 -1.661929 -0.922078 0.385834 -0.030082
-0.199918 -0.066935 -1.663229 -0.922931 0.383573 -0.032728
-0.200879 -0.068978 -1.662663 -0.922931 0.383573 -0.032728
-0.200473 -0.068113 -1.662876 -0.922931 0.383573 -0.032728
-0.199954 -0.067397 -1.666739 -0.924128 0.379905 -0.040751
-0.200579 -0.068444 -1.663913 -0.923773 0.381302 -0.035379
-0.200752 -0.068959 -1.665182 -0.923203 0.382151 -0.040710
-0.200051 -0.067540 -1.666131 -0.924128 0.379905 -0.040751
-0.200067 -0.067573 -1.666122 -0.924128 0.379905 -0.040751
-0.199794 -0.066846 -1.664901 -0.923773 0.381302 -0.035379
-0.200775 -0.068802 -1.663306 -0.922848 0.383538 -0.035343
-0.200931 -0.069326 -1.664994 -0.923203 0.382151 -0.040710
-0.200154 -0.067710 -1.665645 -0.923298 0.382190 -0.038088
-0.199636 -0.066375 -1.663720 -0.922931 0.383573 -0.032728
-0.199712 -0.066576 -1.664063 -0.922931 0.383573 -0.032728
-0.201923 -0.071250 -1.663951 -0.923203 0.382151 -0.040710
-0.202068 -0.071677 -1.666210 -0.924455 0.378486 -0.046157
-0.202237 -0.071981 -1.665798 -0.924455 0.378486 -0.046157
-0.201799 -0.071137 -1.666017 -0.924946 0.377610 -0.043419
-0.201530 -0.070573 -1.665457 -0.924025 0.379863 -0.043375
-0.200758 -0.069059 -1.666212 -0.924025 0.379863 -0.043375
-0.200613 -0.068794 -1.666679 -0.924025 0.379863 -0.043375
-0.201324 -0.070288 -1.667394 -0.924455 0.378486 -0.046157
-0.201110 -0.069724 -1.665464 -0.924128 0.379905 -0.040751
-0.200625 -0.068838 -1.666947 -0.924946 0.377610 -0.043419
-0.200648 -0.068919 -1.667488 -0.924837 0.377565 -0.046045
-0.201359 -0.070159 -1.664393 -0.923203 0.382151 -0.040710
-0.202056 -0.071747 -1.666552 -0.924455 0.378486 -0.046157
-0.202403 -0.072651 -1.666754 -0.924340 0.378439 -0.048788
-0.202398 -0.072550 -1.666477 -0.924340 0.378439 -0.048788
-0.201370 -0.070484 -1.668081 -0.925260 0.376176 -0.048837
-0.201451 -0.070909 -1.669634 -0.925925 0.373804 -0.054155
-0.201489 -0.070829 -1.668644 -0.925138 0.376126 -0.051470
-0.202806 -0.073745 -1.669415 -0.925411 0.374666 -0.056928
-0.201683 -0.071329 -1.669189 -0.926054 0.373857 -0.051521
-0.202043 -0.072037 -1.668856 -0.926054 0.373857 -0.051521
-0.202276 -0.072567 -1.669083 -0.925547 0.374721 -0.054288
-0.202056 -0.072043 -1.668720 -0.925138 0.376126 -0.051470
-0.202114 -0.072141 -1.668563 -0.925138 0.376126 -0.051470
-0.202963 -0.074064 -1.668640 -0.925547 0.374721 -0.054288
-0.202632 -0.073306 -1.668887 -0.925547 0.374721 -0.054288
-0.202771 -0.073616 -1.668282 -0.925547 0.374721 -0.054288
-0.202760 -0.073602 -1.668993 -0.925547 0.374721 -0.054288
-0.201940 -0.071699 -1.667640 -0.925260 0.376176 -0.048837
-0.192813 -0.071361 -1.674389 -0.927325 0.368535 -0.065192
-0.192912 -0.071498 -1.673951 -0.926414 0.370831 -0.065128
-0.193201 -0.072270 -1.674618 -0.927161 0.368470 -0.067841
-0.192454 -0.070220 -1.672516 -0.926184 0.372328 -0.059626
-0.192178 -0.069829 -1.673796 -0.926946 0.369983 -0.062327
-0.192067 -0.069472 -1.673191 -0.927096 0.370042 -0.059684
-0.191965 -0.069277 -1.673391 -0.927096 0.370042 -0.059684
-0.191105 -0.066961 -1.674548 -0.927096 0.370042 -0.059684
-0.191094 -0.067057 -1.675005 -0.927096 0.370042 -0.059684
-0.191206 -0.067820 -1.674301 -0.927096 0.370042 -0.059684
-0.192668 -0.071115 -1.674943 -0.927325 0.368535 -0.065192
-0.192323 -0.070286 -1.674636 -0.927325 0.368535 -0.065192
-0.192628 -0.071051 -1.675255 -0.927161 0.368470 -0.067841
-0.191479 -0.068503 -1.675077 -0.926946 0.369983 -0.062327
-0.192183 -0.070103 -1.675863 -0.927161 0.368470 -0.067841
-0.192209 -0.070178 -1.675989 -0.927161 0.368470 -0.067841
-0.191424 -0.068710 -1.676794 -0.927161 0.368470 -0.067841
-0.191383 -0.068410 -1.675762 -0.927696 0.367628 -0.065032
-0.191547 -0.068803 -1.677879 -0.927897 0.366100 -0.070557
-0.191331 -0.068214 -1.677133 -0.928068 0.366167 -0.067907
-0.193115 -0.072593 -1.677840 -0.928068 0.364550 -0.076115
-0.193088 -0.072345 -1.676651 -0.927525 0.367006 -0.070732
-0.193276 -0.072923 -1.677636 -0.928068 0.364550 -0.076115
-0.193349 -0.072903 -1.676468 -0.927347 0.366936 -0.073387
-0.193626 -0.073419 -1.675740 -0.927525 0.367006 -0.070732
-0.193721 -0.073890 -1.676735 -0.928253 0.364623 -0.073459
-0.192190 -0.070460 -1.677997 -0.928621 0.363721 -0.073277
-0.191966 -0.069952 -1.677643 -0.927897 0.366100 -0.070557
-0.191886 -0.069823 -1.677887 -0.927897 0.366100 -0.070557
-0.192836 -0.071748 -1.676730 -0.927897 0.366100 -0.070557
-0.192626 -0.071204 -1.676736 -0.927897 0.366100 -0.070557
-0.192776 -0.071453 -1.675642 -0.928068 0.366167 -0.067907
-0.191648 -0.068918 -1.678792 -0.928621 0.363721 -0.073277
-0.192447 -0.071127 -1.678324 -0.928253 0.364623 -0.073459
-0.192412 -0.071438 -1.679951 -0.928777 0.362156 -0.078846
-0.192829 -0.072036 -1.678485 -0.928068 0.364550 -0.076115
-0.192935 -0.072424 -1.679154 -0.928777 0.362156 -0.078846
-0.192675 -0.071779 -1.678801 -0.928068 0.364550 -0.076115
-0.191961 -0.070225 -1.679206 -0.928068 0.364550 -0.076115
-0.191858 -0.070039 -1.680069 -0.928969 0.362231 -0.076189
-0.191772 -0.069461 -1.679608 -0.928068 0.364550 -0.076115
-0.193441 -0.072513 -1.672568 -0.926946 0.369983 -0.062327
-0.193898 -0.073345 -1.670991 -0.926184 0.372328 -0.059626
-0.192993 -0.071432 -1.672547 -0.927096 0.370042 -0.059684
-0.193907 -0.073649 -1.672671 -0.926414 0.370831 -0.065128
-0.193445 -0.072247 -1.670933 -0.926327 0.372386 -0.056984
-0.193986 -0.073690 -1.671793 -0.926571 0.370894 -0.062480
-0.193561 -0.072983 -1.673905 -0.927325 0.368535 -0.065192
-0.193840 -0.073665 -1.673974 -0.927161 0.368470 -0.067841
-0.193938 -0.073768 -1.673006 -0.927325 0.368535 -0.065192
-0.193636 -0.073311 -1.674991 -0.928068 0.366167 -0.067907
-0.193843 -0.073526 -1.672901 -0.926414 0.370831 -0.065128
-0.200304 -0.069002 -1.673476 -0.927096 0.370042 -0.059684
-0.199667 -0.067890 -1.674154 -0.927096 0.370042 -0.059684
-0.199454 -0.067398 -1.673193 -0.926327 0.372386 -0.056984
-0.200752 -0.069769 -1.672822 -0.926184 0.372328 -0.059626
-0.199907 -0.068418 -1.674819 -0.926946 0.369983 -0.062327
-0.200660 -0.069649 -1.673278 -0.927096 0.370042 -0.059684
-0.201113 -0.070728 -1.674270 -0.926414 0.370831 -0.065128
-0.200721 -0.069863 -1.673956 -0.926946 0.369983 -0.062327
-0.201049 -0.070921 -1.675637 -0.927161 0.368470 -0.067841
-0.199640 -0.068014 -1.675537 -0.927853 0.367690 -0.062388
-0.200426 -0.069763 -1.675959 -0.927161 0.368470 -0.067841
-0.200628 -0.069998 -1.675380 -0.927325 0.368535 -0.065192
-0.200351 -0.069577 -1.675876 -0.927325 0.368535 -0.065192
-0.200190 -0.069121 -1.675611 -0.927325 0.368535 -0.065192
-0.194078 -0.074329 -1.674302 -0.927161 0.368470 -0.067841
-0.194147 -0.074611 -1.674804 -0.927525 0.367006 -0.070732
-0.194149 -0.074414 -1.673780 -0.927161 0.368470 -0.067841
-0.194375 -0.075404 -1.675812 -0.928253 0.364623 -0.073459
-0.194295 -0.075252 -1.676133 -0.928253 0.364623 -0.073459
-0.194484 -0.075878 -1.677153 -0.928777 0.362156 -0.078846
-0.194190 -0.074827 -1.675286 -0.927525 0.367006 -0.070732
-0.194077 -0.074704 -1.676100 -0.928253 0.364623 -0.073459
-0.193851 -0.074230 -1.676706 -0.928253 0.364623 -0.073459
-0.200797 -0.070596 -1.676147 -0.928068 0.366167 -0.067907
-0.200868 -0.070482 -1.675420 -0.927325 0.368535 -0.065192
-0.200232 -0.069756 -1.677450 -0.927897 0.366100 -0.070557
-0.201104 -0.071647 -1.678483 -0.928068 0.364550 -0.076115
-0.200853 -0.071132 -1.678542 -0.928253 0.364623 -0.073459
-0.200295 -0.069982 -1.678168 -0.928621 0.363721 -0.073277
-0.191689 -0.066141 -1.674574 -0.926184 0.372328 -0.059626
-0.192371 -0.066559 -1.676564 -0.927696 0.367628 -0.065032
-0.192611 -0.066478 -1.676536 -0.927853 0.367690 -0.062388
-0.192794 -0.066243 -1.676090 -0.926946 0.369983 -0.062327
-0.194102 -0.065663 -1.674552 -0.926702 0.371474 -0.056845
-0.194606 -0.065951 -1.676198 -0.926946 0.369983 -0.062327
-0.191605 -0.066868 -1.676251 -0.927853 0.367690 -0.062388
-0.192294 -0.066914 -1.677117 -0.927696 0.367628 -0.065032
-0.192450 -0.066915 -1.677280 -0.927696 0.367628 -0.065032
-0.192791 -0.066843 -1.677485 -0.927325 0.368535 -0.065192
-0.193483 -0.066204 -1.676289 -0.927853 0.367690 -0.062388
-0.192989 -0.066798 -1.677556 -0.927161 0.368470 -0.067841
-0.194472 -0.066527 -1.677752 -0.928068 0.366167 -0.067907
-0.191747 -0.068683 -1.678796 -0.928799 0.363791 -0.070626
-0.192498 -0.068070 -1.679165 -0.928621 0.363721 -0.073277
-0.193183 -0.068002 -1.679615 -0.928621 0.363721 -0.073277
-0.194214 -0.067072 -1.678652 -0.927897 0.366100 -0.070557
-0.195405 -0.067363 -1.679082 -0.928799 0.363791 -0.070626
-0.191819 -0.068988 -1.679309 -0.928253 0.364623 -0.073459
-0.192278 -0.068530 -1.679533 -0.928621 0.363721 -0.073277
-0.192120 -0.069675 -1.681016 -0.928777 0.362156 -0.078846
-0.192308 -0.069002 -1.680327 -0.928969 0.362231 -0.076189
-0.193208 -0.068236 -1.680077 -0.928253 0.364623 -0.073459
-0.192639 -0.068605 -1.680160 -0.928969 0.362231 -0.076189
-0.193487 -0.067833 -1.679582 -0.928621 0.363721 -0.073277
-0.194001 -0.068222 -1.680589 -0.928969 0.362231 -0.076189
-0.193660 -0.068518 -1.680968 -0.928969 0.362231 -0.076189
-0.193762 -0.068630 -1.681376 -0.928777 0.362156 -0.078846
-0.194816 -0.067776 -1.680114 -0.928621 0.363721 -0.073277
-0.194893 -0.065505 -1.674612 -0.926702 0.371474 -0.056845
-0.195704 -0.065231 -1.675132 -0.927096 0.370042 -0.059684
-0.195055 -0.065935 -1.676515 -0.927853 0.367690 -0.062388
-0.197147 -0.064748 -1.675459 -0.927096 0.370042 -0.059684
-0.197300 -0.064702 -1.675493 -0.927096 0.370042 -0.059684
-0.198307 -0.065067 -1.675160 -0.927096 0.370042 -0.059684
-0.197819 -0.065020 -1.676714 -0.926946 0.369983 -0.062327
-0.198041 -0.065011 -1.676358 -0.926946 0.369983 -0.062327
-0.195159 -0.066028 -1.676874 -0.927696 0.367628 -0.065032
-0.194887 -0.066403 -1.677618 -0.927696 0.367628 -0.065032
-0.195423 -0.066245 -1.677441 -0.927696 0.367628 -0.065032
-0.196412 -0.066710 -1.678089 -0.928068 0.366167 -0.067907
-0.196694 -0.066043 -1.677433 -0.927696 0.367628 -0.065032
-0.198559 -0.065628 -1.676346 -0.926946 0.369983 -0.062327
-0.198321 -0.065434 -1.677136 -0.927853 0.367690 -0.062388
-0.196967 -0.066349 -1.677814 -0.928068 0.366167 -0.067907
-0.197607 -0.066077 -1.678047 -0.928068 0.366167 -0.067907
-0.198005 -0.065848 -1.678016 -0.927696 0.367628 -0.065032
-0.198224 -0.065808 -1.677996 -0.927696 0.367628 -0.065032
-0.198782 -0.065914 -1.674424 -0.926327 0.372386 -0.056984
-0.198956 -0.066450 -1.675337 -0.927096 0.370042 -0.059684
-0.198967 -0.066238 -1.673666 -0.926702 0.371474 -0.056845
-0.199009 -0.066375 -1.673936 -0.926702 0.371474 -0.056845
-0.199336 -0.067227 -1.674075 -0.926184 0.372328 -0.059626
-0.198922 -0.066094 -1.673202 -0.926838 0.371528 -0.054209
-0.198491 -0.065142 -1.673614 -0.926838 0.371528 -0.054209
-0.199105 -0.066785 -1.676694 -0.927696 0.367628 -0.065032
-0.198681 -0.065865 -1.676001 -0.926946 0.369983 -0.062327
-0.199485 -0.067668 -1.675897 -0.927853 0.367690 -0.062388
-0.198903 -0.066327 -1.676696 -0.927696 0.367628 -0.065032
-0.194541 -0.067103 -1.678734 -0.927897 0.366100 -0.070557
-0.195443 -0.067093 -1.678690 -0.927897 0.366100 -0.070557
-0.196137 -0.067184 -1.678799 -0.927897 0.366100 -0.070557
-0.198349 -0.065965 -1.678103 -0.928068 0.366167 -0.067907
-0.198696 -0.066373 -1.678522 -0.928068 0.366167 -0.067907
-0.196788 -0.067207 -1.678979 -0.927897 0.366100 -0.070557
-0.194942 -0.067881 -1.680319 -0.928253 0.364623 -0.073459
-0.195252 -0.068134 -1.680727 -0.928969 0.362231 -0.076189
-0.196061 -0.068234 -1.680576 -0.928969 0.362231 -0.076189
-0.198060 -0.067074 -1.679867 -0.928621 0.363721 -0.073277
-0.197559 -0.067943 -1.680330 -0.928253 0.364623 -0.073459
-0.197970 -0.067980 -1.680716 -0.928969 0.362231 -0.076189
-0.199573 -0.067936 -1.676793 -0.927325 0.368535 -0.065192
-0.200190 -0.069726 -1.678070 -0.928799 0.363791 -0.070626
-0.199609 -0.068086 -1.677449 -0.928068 0.366167 -0.067907
-0.198814 -0.066410 -1.678193 -0.928068 0.366167 -0.067907
-0.199155 -0.066910 -1.677929 -0.928068 0.366167 -0.067907
-0.198873 -0.066605 -1.678569 -0.928068 0.366167 -0.067907
-0.198895 -0.066571 -1.678292 -0.928068 0.366167 -0.067907
-0.200182 -0.069721 -1.679073 -0.928253 0.364623 -0.073459
-0.199668 -0.068270 -1.678552 -0.927897 0.366100 -0.070557
-0.199979 -0.069150 -1.678983 -0.928621 0.363721 -0.073277
-0.200400 -0.070201 -1.678851 -0.928253 0.364623 -0.073459
-0.200308 -0.070002 -1.680098 -0.928969 0.362231 -0.076189
-0.200526 -0.070463 -1.679989 -0.928969 0.362231 -0.076189
-0.199421 -0.067561 -1.677628 -0.928068 0.366167 -0.067907
-0.199345 -0.067346 -1.677416 -0.928068 0.366167 -0.067907
-0.200121 -0.069571 -1.680294 -0.928969 0.362231 -0.076189
-0.199163 -0.067392 -1.680165 -0.928621 0.363721 -0.073277
-0.199082 -0.067375 -1.680317 -0.928621 0.363721 -0.073277
-0.199689 -0.068502 -1.680743 -0.928969 0.362231 -0.076189
-0.193782 -0.074278 -1.677795 -0.928969 0.362231 -0.076189
-0.194114 -0.074996 -1.677312 -0.928068 0.364550 -0.076115
-0.193792 -0.074462 -1.678572 -0.928408 0.363057 -0.079042
-0.193776 -0.074590 -1.679392 -0.929109 0.360650 -0.081783
-0.193553 -0.073757 -1.678208 -0.928969 0.362231 -0.076189
-0.193741 -0.074250 -1.678178 -0.928777 0.362156 -0.078846
-0.193491 -0.073715 -1.678797 -0.928777 0.362156 -0.078846
-0.193737 -0.074754 -1.680635 -0.928902 0.360569 -0.084446
-0.194036 -0.075321 -1.679760 -0.928902 0.360569 -0.084446
-0.194048 -0.075432 -1.680089 -0.928902 0.360569 -0.084446
-0.194187 -0.076118 -1.681328 -0.929218 0.359046 -0.087408
-0.194030 -0.075731 -1.681427 -0.929218 0.359046 -0.087408
-0.192886 -0.072610 -1.680597 -0.929109 0.360650 -0.081783
-0.192348 -0.071524 -1.680753 -0.929474 0.359753 -0.081580
-0.192443 -0.071869 -1.681409 -0.929109 0.360650 -0.081783
-0.192223 -0.071268 -1.682004 -0.928902 0.360569 -0.084446
-0.192590 -0.072173 -1.681114 -0.929109 0.360650 -0.081783
-0.193003 -0.072872 -1.680536 -0.929109 0.360650 -0.081783
-0.193033 -0.072941 -1.680508 -0.929109 0.360650 -0.081783
-0.193316 -0.074068 -1.681765 -0.929584 0.358151 -0.087190
-0.193111 -0.073372 -1.681230 -0.928902 0.360569 -0.084446
-0.193704 -0.075175 -1.682226 -0.928996 0.358961 -0.090076
-0.193636 -0.074874 -1.681821 -0.929584 0.358151 -0.087190
-0.193073 -0.073854 -1.682731 -0.929584 0.358151 -0.087190
-0.193082 -0.073844 -1.682653 -0.929584 0.358151 -0.087190
-0.192541 -0.072321 -1.682001 -0.929798 0.358234 -0.084527
-0.192438 -0.072028 -1.682412 -0.929798 0.358234 -0.084527
-0.192681 -0.072912 -1.682865 -0.929584 0.358151 -0.087190
-0.192613 -0.072656 -1.682799 -0.929584 0.358151 -0.087190
-0.193756 -0.075351 -1.682411 -0.929890 0.356615 -0.090163
-0.192988 -0.073778 -1.683124 -0.929890 0.356615 -0.090163
-0.193172 -0.074368 -1.684056 -0.929662 0.356527 -0.092832
-0.193462 -0.075171 -1.684105 -0.930551 0.354175 -0.092920
-0.192876 -0.073553 -1.683207 -0.929890 0.356615 -0.090163
-0.193142 -0.072348 -1.684148 -0.929890 0.356615 -0.090163
-0.193124 -0.072971 -1.684381 -0.929890 0.356615 -0.090163
-0.193713 -0.072229 -1.684537 -0.929890 0.356615 -0.090163
-0.193942 -0.072721 -1.685004 -0.929662 0.356527 -0.092832
-0.193781 -0.075879 -1.684211 -0.930315 0.354085 -0.095590
-0.193583 -0.075730 -1.685025 -0.929952 0.354974 -0.095830
-0.193306 -0.074977 -1.684915 -0.930315 0.354085 -0.095590
-0.193234 -0.074744 -1.685116 -0.930315 0.354085 -0.095590
-0.193881 -0.076402 -1.685051 -0.929708 0.354881 -0.098503
-0.193885 -0.076279 -1.684677 -0.929952 0.354974 -0.095830
-0.193163 -0.073971 -1.684974 -0.930551 0.354175 -0.092920
-0.193260 -0.074334 -1.685379 -0.930315 0.354085 -0.095590
-0.193560 -0.073035 -1.684883 -0.929662 0.356527 -0.092832
-0.193688 -0.073657 -1.685483 -0.930315 0.354085 -0.095590
-0.194113 -0.073366 -1.685593 -0.930315 0.354085 -0.095590
-0.194096 -0.074436 -1.686407 -0.930596 0.352519 -0.098597
-0.194798 -0.076933 -1.678270 -0.929109 0.360650 -0.081783
-0.194563 -0.076366 -1.678410 -0.928208 0.362979 -0.081704
-0.194800 -0.076707 -1.677312 -0.928408 0.363057 -0.079042
-0.195114 -0.077665 -1.677965 -0.929109 0.360650 -0.081783
-0.195188 -0.078135 -1.679345 -0.928533 0.361469 -0.084656
-0.195344 -0.078227 -1.677932 -0.929109 0.360650 -0.081783
-0.194648 -0.076975 -1.680070 -0.929584 0.358151 -0.087190
-0.195062 -0.078082 -1.680384 -0.929218 0.359046 -0.087408
-0.195067 -0.078435 -1.681750 -0.929662 0.356527 -0.092832
-0.194486 -0.076651 -1.680406 -0.929584 0.358151 -0.087190
-0.194356 -0.076492 -1.681088 -0.929218 0.359046 -0.087408
-0.194515 -0.076888 -1.681078 -0.929218 0.359046 -0.087408
-0.195087 -0.078509 -1.681860 -0.929662 0.356527 -0.092832
-0.194740 -0.077833 -1.682992 -0.930551 0.354175 -0.092920
-0.194968 -0.078291 -1.682331 -0.929662 0.356527 -0.092832
-0.201688 -0.073893 -1.683449 -0.929890 0.356615 -0.090163
-0.202089 -0.074914 -1.684108 -0.929662 0.356527 -0.092832
-0.201751 -0.074225 -1.684975 -0.930551 0.354175 -0.092920
-0.193073 -0.069681 -1.682140 -0.929474 0.359753 -0.081580
-0.193322 -0.069065 -1.681732 -0.929674 0.359831 -0.078922
-0.194268 -0.068429 -1.681327 -0.928777 0.362156 -0.078846
-0.194878 -0.068488 -1.681621 -0.928777 0.362156 -0.078846
-0.194474 -0.068648 -1.682096 -0.929674 0.359831 -0.078922
-0.192651 -0.070495 -1.682462 -0.928902 0.360569 -0.084446
-0.193071 -0.071008 -1.683288 -0.929584 0.358151 -0.087190
-0.193079 -0.070248 -1.682621 -0.928902 0.360569 -0.084446
-0.192922 -0.071129 -1.683204 -0.929798 0.358234 -0.084527
-0.193671 -0.070377 -1.683089 -0.929798 0.358234 -0.084527
-0.195053 -0.069673 -1.682924 -0.928902 0.360569 -0.084446
-0.193976 -0.070678 -1.683566 -0.929584 0.358151 -0.087190
-0.194361 -0.070659 -1.683820 -0.929584 0.358151 -0.087190
-0.193184 -0.071394 -1.683648 -0.929584 0.358151 -0.087190
-0.194991 -0.070943 -1.684397 -0.930475 0.355809 -0.087274
-0.195301 -0.070758 -1.684352 -0.930475 0.355809 -0.087274
-0.194173 -0.071711 -1.684521 -0.930253 0.355725 -0.089938
-0.194763 -0.071379 -1.684670 -0.930253 0.355725 -0.089938
-0.195202 -0.073049 -1.686099 -0.930315 0.354085 -0.095590
-0.195538 -0.069038 -1.682080 -0.929474 0.359753 -0.081580
-0.195885 -0.068888 -1.681864 -0.929674 0.359831 -0.078922
-0.196176 -0.068978 -1.681826 -0.929674 0.359831 -0.078922
-0.195957 -0.069122 -1.682085 -0.929474 0.359753 -0.081580
-0.197148 -0.068552 -1.681081 -0.928969 0.362231 -0.076189
-0.197833 -0.068363 -1.681329 -0.928777 0.362156 -0.078846
-0.198472 -0.067998 -1.681208 -0.928969 0.362231 -0.076189
-0.198698 -0.068073 -1.681463 -0.928777 0.362156 -0.078846
-0.197940 -0.068903 -1.682433 -0.929474 0.359753 -0.081580
-0.195199 -0.070250 -1.683772 -0.929584 0.358151 -0.087190
-0.195408 -0.070181 -1.683680 -0.929798 0.358234 -0.084527
-0.196076 -0.069821 -1.683192 -0.929798 0.358234 -0.084527
-0.196275 -0.070317 -1.683888 -0.929584 0.358151 -0.087190
-0.196992 -0.069099 -1.682185 -0.929474 0.359753 -0.081580
-0.196192 -0.069824 -1.683220 -0.929798 0.358234 -0.084527
-0.196557 -0.070017 -1.683540 -0.929798 0.358234 -0.084527
-0.196990 -0.070476 -1.684270 -0.929584 0.358151 -0.087190
-0.197578 -0.069310 -1.682888 -0.929109 0.360650 -0.081783
-0.198598 -0.069347 -1.683476 -0.929798 0.358234 -0.084527
-0.198686 -0.069290 -1.683439 -0.929798 0.358234 -0.084527
-0.199188 -0.069645 -1.684205 -0.929584 0.358151 -0.087190
-0.200906 -0.071305 -1.680573 -0.928777 0.362156 -0.078846
-0.199547 -0.068183 -1.680724 -0.928969 0.362231 -0.076189
-0.200074 -0.069518 -1.680727 -0.928777 0.362156 -0.078846
-0.199440 -0.068868 -1.682493 -0.929474 0.359753 -0.081580
-0.200368 -0.070317 -1.681460 -0.929474 0.359753 -0.081580
-0.200251 -0.070208 -1.682042 -0.929109 0.360650 -0.081783
-0.200508 -0.071066 -1.683359 -0.929584 0.358151 -0.087190
-0.200717 -0.071346 -1.682560 -0.929798 0.358234 -0.084527
-0.201010 -0.071520 -1.680442 -0.928777 0.362156 -0.078846
-0.200798 -0.071134 -1.680938 -0.929474 0.359753 -0.081580
-0.201483 -0.073282 -1.682932 -0.929584 0.358151 -0.087190
-0.201126 -0.072374 -1.682735 -0.929584 0.358151 -0.087190
-0.200774 -0.071354 -1.682053 -0.928902 0.360569 -0.084446
-0.199426 -0.069109 -1.682898 -0.929474 0.359753 -0.081580
-0.196457 -0.070857 -1.684645 -0.930253 0.355725 -0.089938
-0.196274 -0.071445 -1.685314 -0.929890 0.356615 -0.090163
-0.196532 -0.071223 -1.685083 -0.929890 0.356615 -0.090163
-0.198622 -0.070312 -1.684762 -0.930475 0.355809 -0.087274
-0.199097 -0.071144 -1.685793 -0.930551 0.354175 -0.092920
-0.195323 -0.072214 -1.685689 -0.930551 0.354175 -0.092920
-0.195739 -0.071832 -1.685534 -0.930551 0.354175 -0.092920
-0.196737 -0.071743 -1.685818 -0.930551 0.354175 -0.092920
-0.197349 -0.072105 -1.686162 -0.930551 0.354175 -0.092920
-0.195713 -0.073305 -1.686672 -0.931200 0.351727 -0.095680
-0.196442 -0.072843 -1.686618 -0.930315 0.354085 -0.095590
-0.197062 -0.072603 -1.686604 -0.930315 0.354085 -0.095590
-0.197568 -0.072033 -1.686090 -0.930551 0.354175 -0.092920
-0.198467 -0.071557 -1.685883 -0.930551 0.354175 -0.092920
-0.198517 -0.071299 -1.685681 -0.929662 0.356527 -0.092832
-0.199218 -0.071401 -1.686088 -0.930551 0.354175 -0.092920
-0.200820 -0.071861 -1.684031 -0.930253 0.355725 -0.089938
-0.201025 -0.072373 -1.683838 -0.930253 0.355725 -0.089938
-0.201311 -0.073084 -1.684063 -0.929890 0.356615 -0.090163
-0.200994 -0.072333 -1.684316 -0.929890 0.356615 -0.090163
-0.199752 -0.069868 -1.683880 -0.929798 0.358234 -0.084527
-0.200435 -0.071125 -1.685065 -0.929890 0.356615 -0.090163
-0.199644 -0.070099 -1.684681 -0.930475 0.355809 -0.087274
-0.200574 -0.071382 -1.685231 -0.929890 0.356615 -0.090163
-0.199578 -0.070555 -1.685338 -0.930253 0.355725 -0.089938
-0.201105 -0.072928 -1.685963 -0.930315 0.354085 -0.095590
-0.201452 -0.073461 -1.684384 -0.929662 0.356527 -0.092832
-0.201551 -0.073680 -1.684309 -0.929662 0.356527 -0.092832
-0.201162 -0.073169 -1.686393 -0.930315 0.354085 -0.095590
-0.199820 -0.070943 -1.685734 -0.929662 0.356527 -0.092832
-0.200134 -0.071259 -1.686055 -0.930551 0.354175 -0.092920
-0.199279 -0.072114 -1.687176 -0.931200 0.351727 -0.095680
-0.199680 -0.071596 -1.686543 -0.930315 0.354085 -0.095590
-0.200631 -0.071891 -1.686262 -0.930551 0.354175 -0.092920
-0.200881 -0.072513 -1.686508 -0.930315 0.354085 -0.095590
-0.200397 -0.072324 -1.687679 -0.930957 0.351635 -0.098350
-0.202845 -0.074006 -1.670975 -0.926184 0.372328 -0.059626
-0.202962 -0.074221 -1.670513 -0.926184 0.372328 -0.059626
-0.203365 -0.075047 -1.670188 -0.926184 0.372328 -0.059626
-0.201609 -0.071401 -1.671004 -0.926327 0.372386 -0.056984
-0.201464 -0.071049 -1.670375 -0.925547 0.374721 -0.054288
-0.202797 -0.073911 -1.671061 -0.926184 0.372328 -0.059626
-0.203473 -0.075274 -1.670167 -0.926184 0.372328 -0.059626
-0.201875 -0.071942 -1.670730 -0.926327 0.372386 -0.056984
-0.203322 -0.075176 -1.672002 -0.926414 0.370831 -0.065128
-0.203773 -0.076512 -1.673049 -0.926786 0.369381 -0.068009
-0.203655 -0.076187 -1.672925 -0.927161 0.368470 -0.067841
-0.203497 -0.075337 -1.670293 -0.925806 0.373244 -0.059772
-0.201973 -0.072240 -1.672306 -0.926946 0.369983 -0.062327
-0.202247 -0.072851 -1.672846 -0.926571 0.370894 -0.062480
-0.202523 -0.073455 -1.673090 -0.926414 0.370831 -0.065128
-0.202361 -0.073102 -1.673004 -0.926414 0.370831 -0.065128
-0.202048 -0.072397 -1.672207 -0.926946 0.369983 -0.062327
-0.202059 -0.072529 -1.673715 -0.927325 0.368535 -0.065192
-0.202796 -0.074041 -1.672957 -0.927325 0.368535 -0.065192
-0.201768 -0.072247 -1.674737 -0.927161 0.368470 -0.067841
-0.201964 -0.072321 -1.673736 -0.927325 0.368535 -0.065192
-0.201409 -0.071032 -1.672096 -0.926184 0.372328 -0.059626
-0.201344 -0.070962 -1.672917 -0.927096 0.370042 -0.059684
-0.201743 -0.071803 -1.673349 -0.926571 0.370894 -0.062480
-0.201175 -0.070504 -1.671416 -0.926327 0.372386 -0.056984
-0.201534 -0.071394 -1.673390 -0.926946 0.369983 -0.062327
-0.201426 -0.071270 -1.673808 -0.926571 0.370894 -0.062480
-0.201536 -0.071711 -1.674550 -0.927325 0.368535 -0.065192
-0.202478 -0.073830 -1.675192 -0.927897 0.366100 -0.070557
-0.203206 -0.075156 -1.673368 -0.927161 0.368470 -0.067841
-0.202968 -0.074484 -1.673101 -0.927325 0.368535 -0.065192
-0.203164 -0.074928 -1.672927 -0.927325 0.368535 -0.065192
-0.202823 -0.074791 -1.675505 -0.927347 0.366936 -0.073387
-0.203288 -0.075418 -1.673571 -0.927161 0.368470 -0.067841
-0.204083 -0.077700 -1.675325 -0.928068 0.364550 -0.076115
-0.204281 -0.078347 -1.676307 -0.928408 0.363057 -0.079042
-0.203412 -0.076119 -1.675238 -0.927347 0.366936 -0.073387
-0.203523 -0.076566 -1.676232 -0.928068 0.364550 -0.076115
-0.203914 -0.077177 -1.674638 -0.927347 0.366936 -0.073387
-0.203810 -0.077168 -1.675875 -0.928068 0.364550 -0.076115
-0.203183 -0.075592 -1.675279 -0.927347 0.366936 -0.073387
-0.203797 -0.077156 -1.675970 -0.928068 0.364550 -0.076115
-0.202118 -0.073077 -1.675275 -0.927897 0.366100 -0.070557
-0.201832 -0.072547 -1.675491 -0.928068 0.366167 -0.067907
-0.201940 -0.072855 -1.675846 -0.927897 0.366100 -0.070557
-0.202104 -0.073150 -1.675652 -0.927897 0.366100 -0.070557
-0.201194 -0.071648 -1.676949 -0.927897 0.366100 -0.070557
-0.201308 -0.071687 -1.676461 -0.927897 0.366100 -0.070557
-0.201927 -0.073152 -1.677146 -0.928253 0.364623 -0.073459
-0.201940 -0.073141 -1.676746 -0.928253 0.364623 -0.073459
-0.202296 -0.073858 -1.677292 -0.928068 0.364550 -0.076115
-0.202246 -0.073762 -1.677265 -0.928068 0.364550 -0.076115
-0.202866 -0.075407 -1.678727 -0.928208 0.362979 -0.081704
-0.202893 -0.075146 -1.676527 -0.928068 0.364550 -0.076115
-0.202914 -0.075203 -1.677102 -0.928068 0.364550 -0.076115
-0.203228 -0.076018 -1.677404 -0.928408 0.363057 -0.079042
-0.203396 -0.076360 -1.677054 -0.928408 0.363057 -0.079042
-0.203080 -0.075801 -1.678100 -0.928408 0.363057 -0.079042
-0.204556 -0.079163 -1.677052 -0.928208 0.362979 -0.081704
-0.204075 -0.078005 -1.677011 -0.928408 0.363057 -0.079042
-0.204110 -0.078282 -1.678330 -0.928902 0.360569 -0.084446
-0.203845 -0.077693 -1.678640 -0.928902 0.360569 -0.084446
-0.203602 -0.077036 -1.677982 -0.928208 0.362979 -0.081704
-0.203883 -0.077616 -1.677519 -0.928208 0.362979 -0.081704
-0.202519 -0.074344 -1.677519 -0.928068 0.364550 -0.076115
-0.201456 -0.072367 -1.679110 -0.928777 0.362156 -0.078846
-0.202278 -0.073937 -1.678551 -0.928777 0.362156 -0.078846
-0.201917 -0.073343 -1.679390 -0.928777 0.362156 -0.078846
-0.202253 -0.074049 -1.679105 -0.928408 0.363057 -0.079042
-0.202153 -0.074078 -1.680024 -0.929109 0.360650 -0.081783
-0.201453 -0.072558 -1.680446 -0.929109 0.360650 -0.081783
-0.201585 -0.073067 -1.681203 -0.928902 0.360569 -0.084446
-0.201365 -0.072360 -1.680471 -0.929109 0.360650 -0.081783
-0.201574 -0.072792 -1.680267 -0.929109 0.360650 -0.081783
-0.201878 -0.074099 -1.682500 -0.929584 0.358151 -0.087190
-0.202032 -0.073751 -1.679854 -0.929109 0.360650 -0.081783
-0.201880 -0.073469 -1.680130 -0.929109 0.360650 -0.081783
-0.201858 -0.073935 -1.682064 -0.929584 0.358151 -0.087190
-0.202534 -0.075181 -1.680700 -0.929798 0.358234 -0.084527
-0.202598 -0.075429 -1.680834 -0.929798 0.358234 -0.084527
-0.202376 -0.075263 -1.681925 -0.929218 0.359046 -0.087408
-0.204637 -0.079768 -1.678950 -0.929218 0.359046 -0.087408
-0.204617 -0.079729 -1.679001 -0.929218 0.359046 -0.087408
-0.204269 -0.078650 -1.678225 -0.928902 0.360569 -0.084446
-0.203606 -0.077862 -1.680805 -0.928996 0.358961 -0.090076
-0.203900 -0.078462 -1.680568 -0.928996 0.358961 -0.090076
-0.204325 -0.079374 -1.680348 -0.928996 0.358961 -0.090076
-0.204496 -0.079814 -1.680381 -0.928996 0.358961 -0.090076
-0.204274 -0.079621 -1.681073 -0.929662 0.356527 -0.092832
-0.203931 -0.078740 -1.681137 -0.929890 0.356615 -0.090163
-0.203085 -0.076365 -1.680077 -0.928902 0.360569 -0.084446
-0.203356 -0.077662 -1.681886 -0.929890 0.356615 -0.090163
-0.203540 -0.077047 -1.678974 -0.928902 0.360569 -0.084446
-0.203563 -0.077212 -1.679283 -0.928902 0.360569 -0.084446
-0.203562 -0.077488 -1.680053 -0.929218 0.359046 -0.087408
-0.203234 -0.076451 -1.679339 -0.928902 0.360569 -0.084446
-0.202428 -0.075550 -1.682580 -0.929890 0.356615 -0.090163
-0.202446 -0.075611 -1.682718 -0.929890 0.356615 -0.090163
-0.202534 -0.075874 -1.683220 -0.929662 0.356527 -0.092832
-0.202885 -0.076753 -1.683671 -0.930315 0.354085 -0.095590
-0.202547 -0.075850 -1.682701 -0.929890 0.356615 -0.090163
-0.202645 -0.076167 -1.683496 -0.929662 0.356527 -0.092832
-0.203543 -0.078722 -1.684133 -0.929708 0.354881 -0.098503
-0.203171 -0.077828 -1.684805 -0.930596 0.352519 -0.098597
-0.203254 -0.078090 -1.684926 -0.930596 0.352519 -0.098597
-0.203512 -0.078382 -1.683074 -0.929952 0.354974 -0.095830
-0.203372 -0.078430 -1.684950 -0.930596 0.352519 -0.098597
-0.203474 -0.078680 -1.684783 -0.930596 0.352519 -0.098597
-0.204963 -0.100204 -1.671906 -0.928444 0.358133 -0.098656
-0.204664 -0.099722 -1.672257 -0.928444 0.358133 -0.098656
-0.204875 -0.099534 -1.673326 -0.928069 0.359034 -0.098904
-0.204909 -0.099363 -1.673806 -0.928717 0.356573 -0.101684
-0.204739 -0.098530 -1.675122 -0.928717 0.356573 -0.101684
-0.205283 -0.098964 -1.674472 -0.928717 0.356573 -0.101684
-0.202671 -0.095536 -1.675070 -0.928444 0.358133 -0.098656
-0.202379 -0.094811 -1.674921 -0.928444 0.358133 -0.098656
-0.202537 -0.095201 -1.674977 -0.928444 0.358133 -0.098656
-0.202285 -0.095227 -1.678028 -0.929353 0.354104 -0.104467
-0.202562 -0.095712 -1.677657 -0.929353 0.354104 -0.104467
-0.203585 -0.097375 -1.673670 -0.928444 0.358133 -0.098656
-0.203272 -0.096758 -1.673913 -0.928444 0.358133 -0.098656
-0.203022 -0.096025 -1.673388 -0.927786 0.360581 -0.095885
-0.203150 -0.096765 -1.674898 -0.929340 0.355774 -0.098751
-0.203551 -0.097507 -1.675335 -0.928717 0.356573 -0.101684
-0.202722 -0.095742 -1.675603 -0.929089 0.355677 -0.101429
-0.203786 -0.097606 -1.675707 -0.928458 0.356474 -0.104367
-0.203336 -0.097056 -1.676158 -0.928458 0.356474 -0.104367
-0.204080 -0.098056 -1.675270 -0.928717 0.356573 -0.101684
-0.204358 -0.097898 -1.675755 -0.928458 0.356474 -0.104367
-0.205345 -0.098391 -1.675311 -0.928458 0.356474 -0.104367
-0.204943 -0.097596 -1.676267 -0.929353 0.354104 -0.104467
-0.202963 -0.096481 -1.676765 -0.929353 0.354104 -0.104467
-0.203511 -0.096859 -1.677024 -0.929353 0.354104 -0.104467
-0.204306 -0.096617 -1.677340 -0.929353 0.354104 -0.104467
-0.204771 -0.096339 -1.677653 -0.929086 0.354002 -0.107150
-0.206120 -0.096852 -1.677063 -0.929353 0.354104 -0.104467
-0.202912 -0.095829 -1.678403 -0.929086 0.354002 -0.107150
-0.204461 -0.095863 -1.678491 -0.929086 0.354002 -0.107150
-0.205453 -0.100196 -1.672440 -0.928069 0.359034 -0.098904
-0.206127 -0.100351 -1.672181 -0.928069 0.359034 -0.098904
-0.206220 -0.100726 -1.671625 -0.928444 0.358133 -0.098656
-0.206816 -0.100577 -1.671851 -0.928444 0.358133 -0.098656
-0.206864 -0.099851 -1.672680 -0.928069 0.359034 -0.098904
-0.207419 -0.101289 -1.671022 -0.927786 0.360581 -0.095885
-0.207871 -0.100646 -1.671970 -0.928069 0.359034 -0.098904
-0.208092 -0.101256 -1.671181 -0.927786 0.360581 -0.095885
-0.208459 -0.101263 -1.671127 -0.927786 0.360581 -0.095885
-0.208117 -0.100797 -1.671815 -0.928069 0.359034 -0.098904
-0.207395 -0.100093 -1.672505 -0.928069 0.359034 -0.098904
-0.205705 -0.099354 -1.673624 -0.927817 0.358937 -0.101586
-0.206144 -0.099763 -1.672893 -0.928069 0.359034 -0.098904
-0.206812 -0.098469 -1.674897 -0.928717 0.356573 -0.101684
-0.208024 -0.099009 -1.673671 -0.928069 0.359034 -0.098904
-0.209065 -0.099477 -1.673084 -0.928069 0.359034 -0.098904
-0.205821 -0.099060 -1.674074 -0.928717 0.356573 -0.101684
-0.209136 -0.101014 -1.671181 -0.927786 0.360581 -0.095885
-0.208863 -0.100883 -1.671535 -0.928444 0.358133 -0.098656
-0.209591 -0.101117 -1.670703 -0.927786 0.360581 -0.095885
-0.209800 -0.100576 -1.671383 -0.927786 0.360581 -0.095885
-0.210726 -0.100496 -1.670920 -0.927786 0.360581 -0.095885
-0.210455 -0.099520 -1.672513 -0.928444 0.358133 -0.098656
-0.209919 -0.098814 -1.673721 -0.928069 0.359034 -0.098904
-0.210815 -0.098857 -1.673301 -0.928444 0.358133 -0.098656
-0.210524 -0.099916 -1.671850 -0.928688 0.358227 -0.095978
-0.210915 -0.099298 -1.672406 -0.928444 0.358133 -0.098656
-0.211780 -0.098899 -1.672080 -0.927786 0.360581 -0.095885
-0.211034 -0.098817 -1.673138 -0.928444 0.358133 -0.098656
-0.208024 -0.098278 -1.674659 -0.928717 0.356573 -0.101684
-0.206628 -0.098301 -1.675219 -0.928717 0.356573 -0.101684
-0.207212 -0.098704 -1.674296 -0.928717 0.356573 -0.101684
-0.206553 -0.097721 -1.676104 -0.928458 0.356474 -0.104367
-0.206916 -0.098114 -1.675397 -0.928458 0.356474 -0.104367
-0.207318 -0.097631 -1.675938 -0.928458 0.356474 -0.104367
-0.208841 -0.098382 -1.674410 -0.928717 0.356573 -0.101684
-0.208792 -0.097780 -1.675465 -0.928717 0.356573 -0.101684
-0.206924 -0.097186 -1.676613 -0.929353 0.354104 -0.104467
-0.207651 -0.097458 -1.676070 -0.928458 0.356474 -0.104367
-0.207315 -0.096427 -1.677531 -0.929086 0.354002 -0.107150
-0.207666 -0.096944 -1.676807 -0.929353 0.354104 -0.104467
-0.209172 -0.096339 -1.677369 -0.929353 0.354104 -0.104467
-0.209464 -0.098844 -1.673697 -0.928069 0.359034 -0.098904
-0.210834 -0.098378 -1.674024 -0.928069 0.359034 -0.098904
-0.210008 -0.098222 -1.674524 -0.928717 0.356573 -0.101684
-0.212280 -0.098228 -1.672619 -0.928688 0.358227 -0.095978
-0.212853 -0.097648 -1.672624 -0.927786 0.360581 -0.095885
-0.212931 -0.097384 -1.672676 -0.927786 0.360581 -0.095885
-0.211756 -0.097682 -1.674265 -0.928444 0.358133 -0.098656
-0.211949 -0.097281 -1.674709 -0.928717 0.356573 -0.101684
-0.212533 -0.097438 -1.673653 -0.928444 0.358133 -0.098656
-0.212359 -0.095757 -1.673818 -0.928688 0.358227 -0.095978
-0.212105 -0.097104 -1.674701 -0.928444 0.358133 -0.098656
-0.212431 -0.096477 -1.674656 -0.928444 0.358133 -0.098656
-0.212275 -0.095882 -1.675068 -0.928444 0.358133 -0.098656
-0.212413 -0.096089 -1.674579 -0.928444 0.358133 -0.098656
-0.210095 -0.097708 -1.675315 -0.928717 0.356573 -0.101684
-0.210887 -0.097450 -1.675434 -0.928717 0.356573 -0.101684
-0.211148 -0.097754 -1.674766 -0.928717 0.356573 -0.101684
-0.210317 -0.096902 -1.676291 -0.928458 0.356474 -0.104367
-0.209864 -0.096388 -1.677003 -0.929353 0.354104 -0.104467
-0.211713 -0.096780 -1.675670 -0.928717 0.356573 -0.101684
-0.199575 -0.089055 -1.679129 -0.929340 0.355774 -0.098751
-0.199554 -0.089092 -1.679684 -0.929089 0.355677 -0.101429
-0.198836 -0.087629 -1.680977 -0.929980 0.353311 -0.101526
-0.198775 -0.087305 -1.680195 -0.929089 0.355677 -0.101429
-0.198992 -0.087939 -1.680520 -0.929980 0.353311 -0.101526
-0.199169 -0.088258 -1.679848 -0.929089 0.355677 -0.101429
-0.199356 -0.089054 -1.681841 -0.929976 0.351626 -0.107253
-0.199687 -0.090020 -1.682822 -0.930587 0.349140 -0.110040
-0.199713 -0.089893 -1.681863 -0.929976 0.351626 -0.107253
-0.199733 -0.089741 -1.680857 -0.929721 0.353213 -0.104205
-0.199331 -0.088826 -1.680978 -0.929721 0.353213 -0.104205
-0.199251 -0.088928 -1.682426 -0.929976 0.351626 -0.107253
-0.200323 -0.091438 -1.681959 -0.929702 0.351522 -0.109936
-0.200037 -0.090973 -1.683345 -0.930306 0.349034 -0.112723
-0.199945 -0.090208 -1.680595 -0.929353 0.354104 -0.104467
-0.200231 -0.091284 -1.682254 -0.929702 0.351522 -0.109936
-0.200070 -0.091316 -1.684056 -0.930532 0.347417 -0.115806
-0.199655 -0.090743 -1.685352 -0.930235 0.347306 -0.118493
-0.199541 -0.090018 -1.684081 -0.930306 0.349034 -0.112723
-0.198227 -0.085926 -1.680394 -0.929340 0.355774 -0.098751
-0.198180 -0.085636 -1.679560 -0.929058 0.357330 -0.095738
-0.198391 -0.085884 -1.677962 -0.929295 0.357421 -0.093064
-0.197119 -0.083146 -1.680231 -0.929058 0.357330 -0.095738
-0.197303 -0.083547 -1.680008 -0.929058 0.357330 -0.095738
-0.197817 -0.084955 -1.680735 -0.929708 0.354881 -0.098503
-0.197541 -0.084304 -1.680905 -0.929708 0.354881 -0.098503
-0.197528 -0.084145 -1.680370 -0.929952 0.354974 -0.095830
-0.197584 -0.084567 -1.681566 -0.929340 0.355774 -0.098751
-0.198677 -0.087305 -1.681448 -0.929721 0.353213 -0.104205
-0.198512 -0.087090 -1.682736 -0.930342 0.350740 -0.106983
-0.198882 -0.088071 -1.682974 -0.929976 0.351626 -0.107253
-0.199152 -0.088829 -1.683414 -0.930587 0.349140 -0.110040
-0.199309 -0.089162 -1.682970 -0.929702 0.351522 -0.109936
-0.199158 -0.088763 -1.682883 -0.929702 0.351522 -0.109936
-0.198228 -0.086453 -1.683124 -0.930342 0.350740 -0.106983
-0.197959 -0.085834 -1.683257 -0.930608 0.350841 -0.104304
-0.198247 -0.086389 -1.682506 -0.929721 0.353213 -0.104205
-0.198139 -0.085979 -1.681693 -0.929980 0.353311 -0.101526
-0.197218 -0.084161 -1.683984 -0.930608 0.350841 -0.104304
-0.197468 -0.084739 -1.683774 -0.930608 0.350841 -0.104304
-0.197278 -0.084358 -1.684214 -0.930342 0.350740 -0.106983
-0.197280 -0.084062 -1.682774 -0.929980 0.353311 -0.101526
-0.197018 -0.083406 -1.682765 -0.929980 0.353311 -0.101526
-0.198104 -0.085884 -1.681648 -0.929980 0.353311 -0.101526
-0.196430 -0.082560 -1.685406 -0.930342 0.350740 -0.106983
-0.196595 -0.082842 -1.684881 -0.930608 0.350841 -0.104304
-0.196859 -0.083090 -1.683129 -0.929980 0.353311 -0.101526
-0.196871 -0.083108 -1.683083 -0.929980 0.353311 -0.101526
-0.196702 -0.082999 -1.684429 -0.930608 0.350841 -0.104304
-0.199158 -0.088999 -1.683945 -0.930306 0.349034 -0.112723
-0.198985 -0.088668 -1.684278 -0.930306 0.349034 -0.112723
-0.198068 -0.086325 -1.684324 -0.929702 0.351522 -0.109936
-0.197564 -0.085203 -1.684856 -0.930587 0.349140 -0.110040
-0.198130 -0.086594 -1.684760 -0.930587 0.349140 -0.110040
-0.198326 -0.087482 -1.686312 -0.930896 0.346538 -0.115513
-0.197934 -0.085956 -1.684190 -0.929976 0.351626 -0.107253
-0.198688 -0.088477 -1.686416 -0.930532 0.347417 -0.115806
-0.199463 -0.090275 -1.685445 -0.930532 0.347417 -0.115806
-0.198809 -0.088505 -1.685519 -0.930896 0.346538 -0.115513
-0.199370 -0.089690 -1.684470 -0.930306 0.349034 -0.112723
-0.198402 -0.087516 -1.685681 -0.931185 0.346646 -0.112830
-0.198621 -0.087778 -1.684443 -0.930587 0.349140 -0.110040
-0.198530 -0.087792 -1.685426 -0.930306 0.349034 -0.112723
-0.196450 -0.082799 -1.686154 -0.930950 0.348259 -0.109763
-0.196781 -0.083669 -1.686393 -0.930587 0.349140 -0.110040
-0.196552 -0.083204 -1.686762 -0.930587 0.349140 -0.110040
-0.196758 -0.083698 -1.686735 -0.930587 0.349140 -0.110040
-0.196938 -0.084166 -1.686838 -0.930306 0.349034 -0.112723
-0.197425 -0.085864 -1.688353 -0.931113 0.344907 -0.118604
-0.197346 -0.085527 -1.687891 -0.930896 0.346538 -0.115513
-0.197008 -0.084925 -1.688620 -0.931475 0.344034 -0.118304
-0.196361 -0.083667 -1.689822 -0.931475 0.344034 -0.118304
-0.196458 -0.083091 -1.687119 -0.930587 0.349140 -0.110040
-0.196214 -0.082166 -1.685899 -0.930342 0.350740 -0.106983
-0.196616 -0.083899 -1.688615 -0.930896 0.346538 -0.115513
-0.197936 -0.086848 -1.687429 -0.930532 0.347417 -0.115806
-0.197389 -0.084930 -1.685447 -0.930587 0.349140 -0.110040
-0.198203 -0.087304 -1.686772 -0.930896 0.346538 -0.115513
-0.197472 -0.085647 -1.687189 -0.930896 0.346538 -0.115513
-0.200429 -0.092037 -1.684733 -0.930235 0.347306 -0.118493
-0.199021 -0.089607 -1.687188 -0.930809 0.344795 -0.121291
-0.198526 -0.088303 -1.687237 -0.931113 0.344907 -0.118604
-0.199159 -0.090026 -1.687391 -0.930809 0.344795 -0.121291
-0.199198 -0.089806 -1.686238 -0.930235 0.347306 -0.118493
-0.198688 -0.088600 -1.686844 -0.931113 0.344907 -0.118604
-0.199521 -0.090643 -1.686345 -0.931113 0.344907 -0.118604
-0.199967 -0.091045 -1.686400 -0.930809 0.344795 -0.121291
-0.200721 -0.090052 -1.688005 -0.931681 0.342390 -0.121405
-0.200804 -0.090315 -1.687460 -0.930809 0.344795 -0.121291
-0.198349 -0.088273 -1.688358 -0.930809 0.344795 -0.121291
-0.198519 -0.088582 -1.688047 -0.930809 0.344795 -0.121291
-0.199345 -0.089931 -1.688419 -0.931369 0.342275 -0.124092
-0.199456 -0.090102 -1.688148 -0.931369 0.342275 -0.124092
-0.198782 -0.089256 -1.688676 -0.931369 0.342275 -0.124092
-0.198824 -0.089199 -1.689260 -0.931007 0.343146 -0.124408
-0.199185 -0.089451 -1.689185 -0.931007 0.343146 -0.124408
-0.198600 -0.088928 -1.689767 -0.931007 0.343146 -0.124408
-0.200280 -0.089784 -1.688632 -0.931369 0.342275 -0.124092
-0.200121 -0.089126 -1.689566 -0.931007 0.343146 -0.124408
-0.200606 -0.089794 -1.688456 -0.931369 0.342275 -0.124092
-0.198105 -0.088138 -1.689622 -0.931369 0.342275 -0.124092
-0.198019 -0.087188 -1.687777 -0.931113 0.344907 -0.118604
-0.198201 -0.087517 -1.687387 -0.931113 0.344907 -0.118604
-0.196835 -0.084274 -1.688054 -0.930896 0.346538 -0.115513
-0.196903 -0.085204 -1.690250 -0.931681 0.342390 -0.121405
-0.196654 -0.084176 -1.689185 -0.931475 0.344034 -0.118304
-0.196433 -0.084103 -1.690698 -0.931681 0.342390 -0.121405
-0.197572 -0.086345 -1.688653 -0.931113 0.344907 -0.118604
-0.197283 -0.086104 -1.689933 -0.931681 0.342390 -0.121405
-0.197495 -0.086620 -1.689874 -0.931681 0.342390 -0.121405
-0.197557 -0.087413 -1.691311 -0.931557 0.340613 -0.127217
-0.197391 -0.086436 -1.690077 -0.931369 0.342275 -0.124092
-0.197154 -0.085945 -1.690414 -0.931369 0.342275 -0.124092
-0.197117 -0.086085 -1.691024 -0.931369 0.342275 -0.124092
-0.196706 -0.085375 -1.692153 -0.931917 0.339747 -0.126894
-0.196753 -0.085474 -1.692075 -0.931917 0.339747 -0.126894
-0.196917 -0.085350 -1.690542 -0.931681 0.342390 -0.121405
-0.198465 -0.088678 -1.690349 -0.931557 0.340613 -0.127217
-0.199473 -0.088847 -1.690287 -0.931557 0.340613 -0.127217
-0.200380 -0.088447 -1.690615 -0.931557 0.340613 -0.127217
-0.201007 -0.088533 -1.690014 -0.931007 0.343146 -0.124408
-0.201233 -0.088019 -1.691014 -0.931557 0.340613 -0.127217
-0.197742 -0.087844 -1.691730 -0.931229 0.340494 -0.129907
-0.197729 -0.087768 -1.692088 -0.931229 0.340494 -0.129907
-0.198122 -0.087914 -1.692299 -0.932094 0.338072 -0.130028
-0.197488 -0.087410 -1.691784 -0.931557 0.340613 -0.127217
-0.196711 -0.085967 -1.693438 -0.932094 0.338072 -0.130028
-0.196879 -0.086095 -1.692681 -0.931229 0.340494 -0.129907
-0.196956 -0.086951 -1.694094 -0.931759 0.337951 -0.132718
-0.197369 -0.087377 -1.693446 -0.931759 0.337951 -0.132718
-0.196908 -0.086932 -1.694370 -0.931759 0.337951 -0.132718
-0.197915 -0.087457 -1.694032 -0.931759 0.337951 -0.132718
-0.198320 -0.087318 -1.694363 -0.932619 0.335524 -0.132840
-0.198330 -0.088103 -1.691895 -0.931229 0.340494 -0.129907
-0.198852 -0.088335 -1.691389 -0.931557 0.340613 -0.127217
-0.198943 -0.087968 -1.692288 -0.932094 0.338072 -0.130028
-0.200061 -0.087887 -1.692438 -0.932094 0.338072 -0.130028
-0.200370 -0.088233 -1.691183 -0.931557 0.340613 -0.127217
-0.200696 -0.087943 -1.691929 -0.931229 0.340494 -0.129907
-0.201340 -0.087912 -1.691123 -0.931557 0.340613 -0.127217
-0.200258 -0.087540 -1.693069 -0.931759 0.337951 -0.132718
-0.201698 -0.087567 -1.691557 -0.931557 0.340613 -0.127217
-0.200732 -0.087847 -1.692175 -0.931229 0.340494 -0.129907
-0.200968 -0.087401 -1.692854 -0.932094 0.338072 -0.130028
-0.201340 -0.087607 -1.692060 -0.931229 0.340494 -0.129907
-0.202251 -0.086490 -1.693778 -0.931759 0.337951 -0.132718
-0.199034 -0.087450 -1.693734 -0.931759 0.337951 -0.132718
-0.199306 -0.087333 -1.694103 -0.931759 0.337951 -0.132718
-0.200036 -0.087254 -1.693885 -0.931759 0.337951 -0.132718
-0.201951 -0.086599 -1.693881 -0.931759 0.337951 -0.132718
-0.201419 -0.086763 -1.694013 -0.931759 0.337951 -0.132718
-0.201667 -0.093371 -1.676920 -0.929089 0.355677 -0.101429
-0.201591 -0.093212 -1.677006 -0.929089 0.355677 -0.101429
-0.200887 -0.091526 -1.676784 -0.928444 0.358133 -0.098656
-0.200880 -0.091781 -1.678000 -0.929089 0.355677 -0.101429
-0.200461 -0.090672 -1.677342 -0.928444 0.358133 -0.098656
-0.200389 -0.090675 -1.678087 -0.929340 0.355774 -0.098751
-0.200734 -0.091327 -1.677466 -0.929340 0.355774 -0.098751
-0.202337 -0.095350 -1.678591 -0.929086 0.354002 -0.107150
-0.201961 -0.094150 -1.677244 -0.929089 0.355677 -0.101429
-0.201725 -0.094127 -1.679041 -0.929086 0.354002 -0.107150
-0.201697 -0.094223 -1.679565 -0.929976 0.351626 -0.107253
-0.201827 -0.094352 -1.678943 -0.929086 0.354002 -0.107150
-0.201929 -0.094379 -1.678218 -0.929353 0.354104 -0.104467
-0.200343 -0.090730 -1.678824 -0.929089 0.355677 -0.101429
-0.200843 -0.091849 -1.678780 -0.929980 0.353311 -0.101526
-0.200912 -0.091996 -1.678715 -0.929980 0.353311 -0.101526
-0.201360 -0.093160 -1.678936 -0.929353 0.354104 -0.104467
-0.201270 -0.092990 -1.679266 -0.929353 0.354104 -0.104467
-0.200741 -0.091901 -1.680381 -0.929976 0.351626 -0.107253
-0.200725 -0.091890 -1.680466 -0.929976 0.351626 -0.107253
-0.200746 -0.091924 -1.680422 -0.929976 0.351626 -0.107253
-0.201483 -0.093791 -1.680232 -0.929702 0.351522 -0.109936
-0.201119 -0.092903 -1.680616 -0.929702 0.351522 -0.109936
-0.201236 -0.093463 -1.681417 -0.930587 0.349140 -0.110040
-0.201695 -0.094338 -1.680230 -0.929702 0.351522 -0.109936
-0.202723 -0.094647 -1.680664 -0.929702 0.351522 -0.109936
-0.203253 -0.094402 -1.681013 -0.929939 0.349918 -0.113009
-0.201675 -0.093628 -1.682044 -0.929939 0.349918 -0.113009
-0.201923 -0.093856 -1.681882 -0.929939 0.349918 -0.113009
-0.202945 -0.093979 -1.681680 -0.929939 0.349918 -0.113009
-0.203112 -0.095464 -1.679124 -0.929976 0.351626 -0.107253
-0.204089 -0.095044 -1.679658 -0.929702 0.351522 -0.109936
-0.204909 -0.095711 -1.678622 -0.929086 0.354002 -0.107150
-0.205144 -0.095571 -1.678773 -0.929976 0.351626 -0.107253
-0.205026 -0.094938 -1.679581 -0.929702 0.351522 -0.109936
-0.206093 -0.095176 -1.679146 -0.929976 0.351626 -0.107253
-0.206400 -0.095538 -1.678651 -0.929086 0.354002 -0.107150
-0.203565 -0.094586 -1.680660 -0.929702 0.351522 -0.109936
-0.203822 -0.094382 -1.680835 -0.929702 0.351522 -0.109936
-0.204728 -0.094038 -1.680723 -0.929702 0.351522 -0.109936
-0.205905 -0.094026 -1.680545 -0.929702 0.351522 -0.109936
-0.206390 -0.094491 -1.679982 -0.929702 0.351522 -0.109936
-0.205687 -0.093795 -1.680797 -0.929702 0.351522 -0.109936
-0.204230 -0.093867 -1.681256 -0.930306 0.349034 -0.112723
-0.200798 -0.092361 -1.681339 -0.929702 0.351522 -0.109936
-0.200840 -0.092246 -1.680759 -0.929976 0.351626 -0.107253
-0.200387 -0.091491 -1.681579 -0.929702 0.351522 -0.109936
-0.200624 -0.092380 -1.683171 -0.929939 0.349918 -0.113009
-0.200626 -0.092357 -1.683626 -0.930532 0.347417 -0.115806
-0.200913 -0.092350 -1.684286 -0.930532 0.347417 -0.115806
-0.201821 -0.092509 -1.683724 -0.930532 0.347417 -0.115806
-0.201776 -0.093371 -1.682501 -0.929939 0.349918 -0.113009
-0.203073 -0.093317 -1.682591 -0.929939 0.349918 -0.113009
-0.202186 -0.093325 -1.682656 -0.929939 0.349918 -0.113009
-0.203549 -0.092661 -1.683193 -0.929649 0.349809 -0.115696
-0.203242 -0.092488 -1.683487 -0.930532 0.347417 -0.115806
-0.201961 -0.092075 -1.684531 -0.930532 0.347417 -0.115806
-0.203703 -0.091882 -1.683789 -0.930532 0.347417 -0.115806
-0.203827 -0.091294 -1.684224 -0.930532 0.347417 -0.115806
-0.206190 -0.093135 -1.681211 -0.929702 0.351522 -0.109936
-0.206108 -0.092423 -1.681886 -0.930587 0.349140 -0.110040
-0.207114 -0.092568 -1.681426 -0.929702 0.351522 -0.109936
-0.207087 -0.092184 -1.681749 -0.929702 0.351522 -0.109936
-0.204157 -0.093214 -1.682096 -0.929939 0.349918 -0.113009
-0.205409 -0.092642 -1.681954 -0.930306 0.349034 -0.112723
-0.204975 -0.092330 -1.682485 -0.930306 0.349034 -0.112723
-0.204258 -0.091692 -1.683554 -0.929939 0.349918 -0.113009
-0.205510 -0.091357 -1.683053 -0.930306 0.349034 -0.112723
-0.204275 -0.091198 -1.684007 -0.929649 0.349809 -0.115696
-0.206396 -0.091385 -1.682802 -0.930306 0.349034 -0.112723
-0.206775 -0.091093 -1.683062 -0.930306 0.349034 -0.112723
-0.207872 -0.090476 -1.682970 -0.930587 0.349140 -0.110040
-0.207288 -0.090630 -1.683267 -0.930306 0.349034 -0.112723
-0.210063 -0.092211 -1.676969 -0.929340 0.355774 -0.098751
-0.209632 -0.095386 -1.677989 -0.929353 0.354104 -0.104467
-0.210061 -0.093253 -1.679083 -0.929353 0.354104 -0.104467
-0.211060 -0.094337 -1.674441 -0.928688 0.358227 -0.095978
-0.210506 -0.093288 -1.675472 -0.928688 0.358227 -0.095978
-0.211310 -0.094416 -1.675477 -0.928444 0.358133 -0.098656
-0.211689 -0.094840 -1.675979 -0.929340 0.355774 -0.098751
-0.210281 -0.092827 -1.675904 -0.928688 0.358227 -0.095978
-0.211017 -0.093661 -1.676453 -0.929340 0.355774 -0.098751
-0.210379 -0.092822 -1.676277 -0.928444 0.358133 -0.098656
-0.211762 -0.095189 -1.676163 -0.929089 0.355677 -0.101429
-0.211459 -0.095291 -1.676767 -0.928717 0.356573 -0.101684
-0.211465 -0.095150 -1.676894 -0.928717 0.356573 -0.101684
-0.210373 -0.096045 -1.676920 -0.929353 0.354104 -0.104467
-0.211071 -0.095262 -1.677136 -0.928458 0.356474 -0.104367
-0.211191 -0.094925 -1.677304 -0.928458 0.356474 -0.104367
-0.210850 -0.093261 -1.677106 -0.929089 0.355677 -0.101429
-0.211079 -0.093542 -1.677381 -0.929089 0.355677 -0.101429
-0.211078 -0.093820 -1.677774 -0.928458 0.356474 -0.104367
-0.209910 -0.091985 -1.676393 -0.928444 0.358133 -0.098656
-0.208741 -0.089823 -1.677795 -0.928444 0.358133 -0.098656
-0.209176 -0.090215 -1.675925 -0.928397 0.359771 -0.092974
-0.209261 -0.090329 -1.675724 -0.928397 0.359771 -0.092974
-0.209669 -0.091531 -1.677248 -0.929340 0.355774 -0.098751
-0.209782 -0.091654 -1.677531 -0.929340 0.355774 -0.098751
-0.209448 -0.091080 -1.678218 -0.929089 0.355677 -0.101429
-0.209994 -0.091826 -1.678160 -0.929089 0.355677 -0.101429
-0.208363 -0.089130 -1.678797 -0.929340 0.355774 -0.098751
-0.208434 -0.089243 -1.678617 -0.929340 0.355774 -0.098751
-0.208874 -0.090030 -1.678542 -0.929340 0.355774 -0.098751
-0.210032 -0.091824 -1.678708 -0.929980 0.353311 -0.101526
-0.210237 -0.092328 -1.678831 -0.929353 0.354104 -0.104467
-0.209740 -0.091113 -1.679375 -0.929721 0.353213 -0.104205
-0.209813 -0.091252 -1.679482 -0.929721 0.353213 -0.104205
-0.209849 -0.091350 -1.679652 -0.929353 0.354104 -0.104467
-0.209241 -0.090331 -1.679710 -0.929721 0.353213 -0.104205
-0.209203 -0.090463 -1.678973 -0.929089 0.355677 -0.101429
-0.209244 -0.090560 -1.678833 -0.929089 0.355677 -0.101429
-0.209527 -0.090666 -1.679938 -0.929721 0.353213 -0.104205
-0.209582 -0.091006 -1.680312 -0.929353 0.354104 -0.104467
-0.207877 -0.094933 -1.678885 -0.929086 0.354002 -0.107150
-0.208368 -0.094580 -1.679062 -0.929086 0.354002 -0.107150
-0.209132 -0.095030 -1.678479 -0.929086 0.354002 -0.107150
-0.207073 -0.094305 -1.679839 -0.929702 0.351522 -0.109936
-0.207546 -0.093931 -1.680007 -0.929976 0.351626 -0.107253
-0.209553 -0.093480 -1.679232 -0.929086 0.354002 -0.107150
-0.209857 -0.094413 -1.678546 -0.929353 0.354104 -0.104467
-0.207516 -0.092563 -1.681253 -0.929702 0.351522 -0.109936
-0.207606 -0.092577 -1.681192 -0.929702 0.351522 -0.109936
-0.208209 -0.093239 -1.680212 -0.929976 0.351626 -0.107253
-0.208744 -0.092660 -1.680290 -0.929976 0.351626 -0.107253
-0.208675 -0.091998 -1.680898 -0.929976 0.351626 -0.107253
-0.208860 -0.093386 -1.679624 -0.929086 0.354002 -0.107150
-0.209910 -0.093054 -1.679278 -0.929353 0.354104 -0.104467
-0.209572 -0.091867 -1.680176 -0.929086 0.354002 -0.107150
-0.209358 -0.092327 -1.680132 -0.929976 0.351626 -0.107253
-0.209396 -0.092563 -1.679924 -0.929086 0.354002 -0.107150
-0.209087 -0.090477 -1.681407 -0.929976 0.351626 -0.107253
-0.207938 -0.091640 -1.681780 -0.929702 0.351522 -0.109936
-0.208795 -0.091644 -1.681081 -0.929976 0.351626 -0.107253
-0.208006 -0.091443 -1.681922 -0.929702 0.351522 -0.109936
-0.208061 -0.090848 -1.682425 -0.929702 0.351522 -0.109936
-0.208604 -0.091141 -1.681605 -0.929702 0.351522 -0.109936
-0.209296 -0.091561 -1.680666 -0.929976 0.351626 -0.107253
-0.207484 -0.087168 -1.680526 -0.929089 0.355677 -0.101429
-0.207167 -0.086251 -1.679254 -0.929058 0.357330 -0.095738
-0.207588 -0.087342 -1.679701 -0.929340 0.355774 -0.098751
-0.207883 -0.088065 -1.679512 -0.929340 0.355774 -0.098751
-0.207716 -0.087643 -1.679471 -0.929340 0.355774 -0.098751
-0.207172 -0.086446 -1.680482 -0.929340 0.355774 -0.098751
-0.207188 -0.086543 -1.680788 -0.929089 0.355677 -0.101429
-0.206618 -0.084940 -1.679517 -0.929058 0.357330 -0.095738
-0.207363 -0.087139 -1.681449 -0.929721 0.353213 -0.104205
-0.206940 -0.086086 -1.680997 -0.929089 0.355677 -0.101429
-0.206793 -0.085718 -1.680835 -0.929340 0.355774 -0.098751
-0.207563 -0.087520 -1.682330 -0.930608 0.350841 -0.104304
-0.206317 -0.084915 -1.681549 -0.929089 0.355677 -0.101429
-0.205882 -0.083813 -1.681710 -0.929708 0.354881 -0.098503
-0.206266 -0.084663 -1.681273 -0.929708 0.354881 -0.098503
-0.206552 -0.085078 -1.680576 -0.929708 0.354881 -0.098503
-0.206500 -0.085554 -1.681953 -0.929980 0.353311 -0.101526
-0.205211 -0.082172 -1.681609 -0.929952 0.354974 -0.095830
-0.205170 -0.081657 -1.680286 -0.929295 0.357421 -0.093064
-0.205343 -0.081897 -1.679793 -0.929662 0.356527 -0.092832
-0.204976 -0.081776 -1.682195 -0.929708 0.354881 -0.098503
-0.204765 -0.081294 -1.682216 -0.929952 0.354974 -0.095830
-0.205798 -0.084355 -1.683636 -0.930608 0.350841 -0.104304
-0.206232 -0.085076 -1.682492 -0.929980 0.353311 -0.101526
-0.206378 -0.085664 -1.683792 -0.930342 0.350740 -0.106983
-0.205204 -0.082466 -1.682873 -0.930345 0.352424 -0.101271
-0.205584 -0.083588 -1.683148 -0.929980 0.353311 -0.101526
-0.205001 -0.082375 -1.684259 -0.929721 0.353213 -0.104205
-0.204870 -0.082190 -1.684906 -0.930608 0.350841 -0.104304
-0.205062 -0.082666 -1.684708 -0.930608 0.350841 -0.104304
-0.204074 -0.090617 -1.684893 -0.930532 0.347417 -0.115806
-0.206858 -0.086535 -1.683208 -0.930342 0.350740 -0.106983
-0.208114 -0.087635 -1.683622 -0.929702 0.351522 -0.109936
-0.204838 -0.090722 -1.684425 -0.930532 0.347417 -0.115806
-0.205111 -0.090277 -1.685280 -0.930532 0.347417 -0.115806
-0.206467 -0.090360 -1.684073 -0.930306 0.349034 -0.112723
-0.206714 -0.090629 -1.683582 -0.930306 0.349034 -0.112723
-0.207564 -0.089919 -1.683774 -0.930306 0.349034 -0.112723
-0.206725 -0.089982 -1.684481 -0.930306 0.349034 -0.112723
-0.208210 -0.088867 -1.684325 -0.930306 0.349034 -0.112723
-0.208246 -0.087938 -1.685050 -0.930306 0.349034 -0.112723
-0.207165 -0.089338 -1.685016 -0.930896 0.346538 -0.115513
-0.207226 -0.089368 -1.684893 -0.931185 0.346646 -0.112830
-0.207463 -0.088943 -1.685319 -0.930896 0.346538 -0.115513
-0.208151 -0.088259 -1.685080 -0.930306 0.349034 -0.112723
-0.207144 -0.088756 -1.685887 -0.930532 0.347417 -0.115806
-0.207685 -0.088380 -1.685699 -0.930896 0.346538 -0.115513
-0.206334 -0.085785 -1.684976 -0.930587 0.349140 -0.110040
-0.206252 -0.085577 -1.684798 -0.930587 0.349140 -0.110040
-0.206550 -0.086149 -1.684612 -0.930587 0.349140 -0.110040
-0.206425 -0.085960 -1.685044 -0.930587 0.349140 -0.110040
-0.206817 -0.086500 -1.684594 -0.930587 0.349140 -0.110040
-0.205701 -0.084277 -1.684432 -0.930342 0.350740 -0.106983
-0.204992 -0.082603 -1.685323 -0.930342 0.350740 -0.106983
-0.205427 -0.083848 -1.686123 -0.930587 0.349140 -0.110040
-0.204935 -0.082491 -1.685518 -0.930342 0.350740 -0.106983
-0.206722 -0.086082 -1.686673 -0.931185 0.346646 -0.112830
-0.208037 -0.087352 -1.684656 -0.930587 0.349140 -0.110040
-0.207493 -0.086885 -1.685717 -0.930306 0.349034 -0.112723
-0.207721 -0.087867 -1.685960 -0.930896 0.346538 -0.115513
-0.206983 -0.086581 -1.686488 -0.930896 0.346538 -0.115513
-0.205982 -0.085115 -1.685832 -0.930587 0.349140 -0.110040
-0.205588 -0.084314 -1.687230 -0.931185 0.346646 -0.112830
-0.206340 -0.085546 -1.686959 -0.931185 0.346646 -0.112830
-0.206636 -0.085877 -1.687198 -0.930896 0.346538 -0.115513
-0.206784 -0.086128 -1.687073 -0.930896 0.346538 -0.115513
-0.208149 -0.088624 -1.678729 -0.929340 0.355774 -0.098751
-0.207992 -0.088296 -1.679183 -0.929340 0.355774 -0.098751
-0.208197 -0.088754 -1.678922 -0.929340 0.355774 -0.098751
-0.208026 -0.088396 -1.680527 -0.929980 0.353311 -0.101526
-0.208790 -0.089368 -1.681167 -0.929721 0.353213 -0.104205
-0.208971 -0.089691 -1.680798 -0.929721 0.353213 -0.104205
-0.208161 -0.088306 -1.681767 -0.929721 0.353213 -0.104205
-0.208911 -0.089701 -1.681667 -0.929976 0.351626 -0.107253
-0.208977 -0.090183 -1.681799 -0.929976 0.351626 -0.107253
-0.208724 -0.088885 -1.683038 -0.929702 0.351522 -0.109936
-0.208694 -0.089628 -1.682781 -0.929702 0.351522 -0.109936
-0.207967 -0.087931 -1.682365 -0.930342 0.350740 -0.106983
-0.208620 -0.088783 -1.683437 -0.930587 0.349140 -0.110040
-0.208483 -0.087970 -1.684004 -0.930587 0.349140 -0.110040
-0.200978 -0.092266 -1.684506 -0.930235 0.347306 -0.118493
-0.201674 -0.092084 -1.684685 -0.930235 0.347306 -0.118493
-0.201155 -0.091266 -1.686039 -0.931113 0.344907 -0.118604
-0.202351 -0.091731 -1.685027 -0.930235 0.347306 -0.118493
-0.201940 -0.091206 -1.685854 -0.931113 0.344907 -0.118604
-0.201919 -0.090711 -1.686194 -0.931113 0.344907 -0.118604
-0.202622 -0.090386 -1.685877 -0.930235 0.347306 -0.118493
-0.201584 -0.090354 -1.686788 -0.930809 0.344795 -0.121291
-0.201237 -0.089980 -1.687635 -0.930809 0.344795 -0.121291
-0.202711 -0.090534 -1.685707 -0.930235 0.347306 -0.118493
-0.201909 -0.089452 -1.687703 -0.930809 0.344795 -0.121291
-0.202423 -0.089317 -1.687299 -0.931113 0.344907 -0.118604
-0.202916 -0.088528 -1.688075 -0.930809 0.344795 -0.121291
-0.203876 -0.088984 -1.686936 -0.931113 0.344907 -0.118604
-0.204957 -0.089065 -1.686653 -0.931113 0.344907 -0.118604
-0.203685 -0.088693 -1.687367 -0.931113 0.344907 -0.118604
-0.203914 -0.088696 -1.687285 -0.931113 0.344907 -0.118604
-0.201912 -0.088534 -1.688899 -0.931681 0.342390 -0.121405
-0.204761 -0.089939 -1.685704 -0.930532 0.347417 -0.115806
-0.205462 -0.090092 -1.685425 -0.930532 0.347417 -0.115806
-0.206284 -0.089038 -1.686289 -0.930235 0.347306 -0.118493
-0.205136 -0.088961 -1.686744 -0.931113 0.344907 -0.118604
-0.206243 -0.088212 -1.687159 -0.931113 0.344907 -0.118604
-0.206289 -0.088300 -1.687047 -0.931113 0.344907 -0.118604
-0.206766 -0.088942 -1.686021 -0.930532 0.347417 -0.115806
-0.207267 -0.088421 -1.686100 -0.930532 0.347417 -0.115806
-0.203886 -0.088052 -1.688263 -0.930809 0.344795 -0.121291
-0.203768 -0.087992 -1.688398 -0.930809 0.344795 -0.121291
-0.204591 -0.087935 -1.688120 -0.930809 0.344795 -0.121291
-0.204629 -0.087428 -1.688988 -0.930809 0.344795 -0.121291
-0.204988 -0.087544 -1.688554 -0.930809 0.344795 -0.121291
-0.202207 -0.088133 -1.689305 -0.931369 0.342275 -0.124092
-0.203062 -0.087359 -1.690083 -0.931369 0.342275 -0.124092
-0.202696 -0.087394 -1.690623 -0.931369 0.342275 -0.124092
-0.204359 -0.087370 -1.689169 -0.931681 0.342390 -0.121405
-0.203776 -0.086831 -1.690486 -0.931369 0.342275 -0.124092
-0.204821 -0.086676 -1.690025 -0.931369 0.342275 -0.124092
-0.204433 -0.086588 -1.690364 -0.931369 0.342275 -0.124092
-0.206742 -0.087601 -1.687180 -0.930235 0.347306 -0.118493
-0.206775 -0.087266 -1.687396 -0.931113 0.344907 -0.118604
-0.205424 -0.087751 -1.687961 -0.931113 0.344907 -0.118604
-0.205855 -0.087253 -1.688251 -0.931113 0.344907 -0.118604
-0.206928 -0.086710 -1.687211 -0.930896 0.346538 -0.115513
-0.206805 -0.086410 -1.687458 -0.930896 0.346538 -0.115513
-0.206596 -0.085817 -1.687440 -0.930896 0.346538 -0.115513
-0.206576 -0.086009 -1.688114 -0.931113 0.344907 -0.118604
-0.205325 -0.086985 -1.689260 -0.931681 0.342390 -0.121405
-0.205859 -0.086292 -1.689465 -0.930809 0.344795 -0.121291
-0.205796 -0.086140 -1.689704 -0.931681 0.342390 -0.121405
-0.206020 -0.085909 -1.689627 -0.930809 0.344795 -0.121291
-0.202949 -0.087189 -1.690818 -0.931369 0.342275 -0.124092
-0.202435 -0.086713 -1.692603 -0.931229 0.340494 -0.129907
-0.194161 -0.076323 -1.682397 -0.929890 0.356615 -0.090163
-0.194811 -0.078312 -1.684237 -0.929708 0.354881 -0.098503
-0.194236 -0.076510 -1.682460 -0.929890 0.356615 -0.090163
-0.194656 -0.077751 -1.683497 -0.929952 0.354974 -0.095830
-0.194617 -0.078127 -1.685165 -0.930596 0.352519 -0.098597
-0.194758 -0.078545 -1.685625 -0.930345 0.352424 -0.101271
-0.194002 -0.076075 -1.683097 -0.929662 0.356527 -0.092832
-0.194026 -0.076250 -1.683491 -0.929662 0.356527 -0.092832
-0.194283 -0.077620 -1.685947 -0.930345 0.352424 -0.101271
-0.194405 -0.078189 -1.686781 -0.930608 0.350841 -0.104304
-0.194250 -0.078049 -1.687227 -0.930608 0.350841 -0.104304
-0.194238 -0.078071 -1.687415 -0.930608 0.350841 -0.104304
-0.193754 -0.076409 -1.685838 -0.930596 0.352519 -0.098597
-0.193637 -0.076148 -1.685882 -0.930596 0.352519 -0.098597
-0.193545 -0.075821 -1.685720 -0.930596 0.352519 -0.098597
-0.193718 -0.076406 -1.687199 -0.931228 0.350055 -0.101367
-0.193767 -0.075997 -1.687265 -0.931228 0.350055 -0.101367
-0.194023 -0.075316 -1.687154 -0.930345 0.352424 -0.101271
-0.194082 -0.075247 -1.687194 -0.930345 0.352424 -0.101271
-0.194212 -0.074592 -1.686641 -0.930596 0.352519 -0.098597
-0.193943 -0.075708 -1.687436 -0.931228 0.350055 -0.101367
-0.195155 -0.074489 -1.687813 -0.931228 0.350055 -0.101367
-0.193839 -0.077066 -1.687522 -0.930970 0.349958 -0.104042
-0.193974 -0.077389 -1.687164 -0.930970 0.349958 -0.104042
-0.193786 -0.076732 -1.687813 -0.930970 0.349958 -0.104042
-0.193889 -0.077406 -1.689169 -0.930950 0.348259 -0.109763
-0.193906 -0.076357 -1.688113 -0.930970 0.349958 -0.104042
-0.194313 -0.075515 -1.687954 -0.930970 0.349958 -0.104042
-0.195123 -0.075004 -1.688560 -0.930970 0.349958 -0.104042
-0.194175 -0.076321 -1.688838 -0.931223 0.348362 -0.107084
-0.194642 -0.075678 -1.688724 -0.930970 0.349958 -0.104042
-0.195075 -0.075953 -1.689567 -0.931223 0.348362 -0.107084
-0.194664 -0.079315 -1.688827 -0.930950 0.348259 -0.109763
-0.194577 -0.079006 -1.688366 -0.930950 0.348259 -0.109763
-0.194228 -0.078504 -1.689350 -0.930950 0.348259 -0.109763
-0.194335 -0.077011 -1.690534 -0.931545 0.345770 -0.112545
-0.194424 -0.079416 -1.690940 -0.931771 0.344143 -0.115621
-0.193928 -0.077843 -1.691088 -0.931185 0.346646 -0.112830
-0.194638 -0.077320 -1.691697 -0.931771 0.344143 -0.115621
-0.195645 -0.076849 -1.691410 -0.931545 0.345770 -0.112545
-0.195804 -0.076711 -1.691190 -0.931545 0.345770 -0.112545
-0.194540 -0.077898 -1.692988 -0.931475 0.344034 -0.118304
-0.194638 -0.077851 -1.693055 -0.931475 0.344034 -0.118304
-0.195374 -0.077271 -1.692331 -0.931771 0.344143 -0.115621
-0.195187 -0.077706 -1.693555 -0.932344 0.341633 -0.118414
-0.195572 -0.080487 -1.685670 -0.930608 0.350841 -0.104304
-0.195568 -0.080251 -1.684716 -0.930345 0.352424 -0.101271
-0.196049 -0.081749 -1.685939 -0.930342 0.350740 -0.106983
-0.195148 -0.079214 -1.684737 -0.930345 0.352424 -0.101271
-0.195132 -0.079407 -1.685596 -0.930345 0.352424 -0.101271
-0.195616 -0.080868 -1.686739 -0.931223 0.348362 -0.107084
-0.194966 -0.079269 -1.686440 -0.930608 0.350841 -0.104304
-0.195314 -0.080223 -1.686896 -0.930342 0.350740 -0.106983
-0.196463 -0.075530 -1.689787 -0.931223 0.348362 -0.107084
-0.201696 -0.074630 -1.686908 -0.930596 0.352519 -0.098597
-0.202413 -0.075813 -1.685070 -0.929952 0.354974 -0.095830
-0.202486 -0.076874 -1.687140 -0.930970 0.349958 -0.104042
-0.202301 -0.076164 -1.686564 -0.930345 0.352424 -0.101271
-0.202114 -0.075973 -1.687248 -0.931228 0.350055 -0.101367
-0.202126 -0.075566 -1.686312 -0.930596 0.352519 -0.098597
-0.202143 -0.075680 -1.686428 -0.930596 0.352519 -0.098597
-0.202325 -0.076879 -1.687906 -0.930608 0.350841 -0.104304
-0.194864 -0.079401 -1.687425 -0.931223 0.348362 -0.107084
-0.196249 -0.082930 -1.688249 -0.931185 0.346646 -0.112830
-0.195948 -0.081760 -1.687013 -0.930950 0.348259 -0.109763
-0.196263 -0.083344 -1.689581 -0.931475 0.344034 -0.118304
-0.195730 -0.081490 -1.687909 -0.930587 0.349140 -0.110040
-0.195517 -0.081714 -1.690165 -0.931771 0.344143 -0.115621
-0.195327 -0.081237 -1.690069 -0.931771 0.344143 -0.115621
-0.195052 -0.080504 -1.689788 -0.930896 0.346538 -0.115513
-0.194613 -0.079373 -1.689452 -0.931545 0.345770 -0.112545
-0.194899 -0.080340 -1.690377 -0.931771 0.344143 -0.115621
-0.195264 -0.081456 -1.691184 -0.931475 0.344034 -0.118304
-0.195796 -0.076077 -1.690292 -0.930950 0.348259 -0.109763
-0.196599 -0.076066 -1.690820 -0.931826 0.345874 -0.109866
-0.196149 -0.076734 -1.691487 -0.931545 0.345770 -0.112545
-0.195858 -0.077111 -1.692457 -0.931771 0.344143 -0.115621
-0.202053 -0.076350 -1.688351 -0.930608 0.350841 -0.104304
-0.201856 -0.076106 -1.689252 -0.931223 0.348362 -0.107084
-0.202451 -0.077776 -1.689362 -0.930950 0.348259 -0.109763
-0.202670 -0.078847 -1.691008 -0.931771 0.344143 -0.115621
-0.196898 -0.073081 -1.687135 -0.930957 0.351635 -0.098350
-0.197282 -0.073123 -1.687307 -0.930596 0.352519 -0.098597
-0.195592 -0.074282 -1.688087 -0.931228 0.350055 -0.101367
-0.196106 -0.073411 -1.687135 -0.930596 0.352519 -0.098597
-0.197212 -0.073606 -1.688067 -0.930345 0.352424 -0.101271
-0.198529 -0.072816 -1.687579 -0.930596 0.352519 -0.098597
-0.197905 -0.073207 -1.687648 -0.930596 0.352519 -0.098597
-0.197960 -0.073414 -1.688312 -0.931228 0.350055 -0.101367
-0.197543 -0.073601 -1.688399 -0.931228 0.350055 -0.101367
-0.198678 -0.073057 -1.688532 -0.931228 0.350055 -0.101367
-0.196712 -0.074253 -1.688752 -0.930970 0.349958 -0.104042
-0.196574 -0.074847 -1.689110 -0.930970 0.349958 -0.104042
-0.195843 -0.075064 -1.689191 -0.931848 0.347583 -0.104140
-0.198108 -0.074201 -1.690094 -0.931582 0.347484 -0.106814
-0.198270 -0.074206 -1.690302 -0.931223 0.348362 -0.107084
-0.199464 -0.072929 -1.689592 -0.930970 0.349958 -0.104042
-0.198939 -0.073898 -1.690590 -0.931223 0.348362 -0.107084
-0.201251 -0.073463 -1.686704 -0.930957 0.351635 -0.098350
-0.201129 -0.073379 -1.687599 -0.930596 0.352519 -0.098597
-0.200845 -0.072944 -1.688017 -0.930596 0.352519 -0.098597
-0.200696 -0.072679 -1.687859 -0.930596 0.352519 -0.098597
-0.201444 -0.074472 -1.688451 -0.930970 0.349958 -0.104042
-0.200995 -0.073891 -1.689509 -0.930970 0.349958 -0.104042
-0.200756 -0.074396 -1.691154 -0.931826 0.345874 -0.109866
-0.200699 -0.073450 -1.689668 -0.930970 0.349958 -0.104042
-0.197410 -0.074659 -1.689833 -0.931223 0.348362 -0.107084
-0.196775 -0.075751 -1.690479 -0.930950 0.348259 -0.109763
-0.197925 -0.074749 -1.690758 -0.930950 0.348259 -0.109763
-0.199266 -0.073553 -1.690475 -0.931582 0.347484 -0.106814
-0.198267 -0.074912 -1.691847 -0.931545 0.345770 -0.112545
-0.199438 -0.074111 -1.691564 -0.931826 0.345874 -0.109866
-0.197043 -0.076054 -1.691839 -0.931545 0.345770 -0.112545
-0.197371 -0.075890 -1.692421 -0.932128 0.343273 -0.115329
-0.198222 -0.075872 -1.693631 -0.931475 0.344034 -0.118304
-0.198292 -0.075152 -1.692489 -0.931545 0.345770 -0.112545
-0.199193 -0.074441 -1.691992 -0.931545 0.345770 -0.112545
-0.199400 -0.074607 -1.692747 -0.932417 0.343379 -0.112650
-0.198805 -0.075146 -1.693238 -0.931771 0.344143 -0.115621
-0.199269 -0.075287 -1.693978 -0.931475 0.344034 -0.118304
-0.201475 -0.075186 -1.689587 -0.931223 0.348362 -0.107084
-0.201375 -0.074456 -1.688924 -0.930970 0.349958 -0.104042
-0.201933 -0.076603 -1.689971 -0.930950 0.348259 -0.109763
-0.202125 -0.077244 -1.690253 -0.931826 0.345874 -0.109866
-0.201718 -0.076182 -1.690243 -0.930950 0.348259 -0.109763
-0.200904 -0.074621 -1.691003 -0.930950 0.348259 -0.109763
-0.199929 -0.073676 -1.691081 -0.931223 0.348362 -0.107084
-0.201187 -0.075176 -1.691019 -0.931826 0.345874 -0.109866
-0.201216 -0.075340 -1.691639 -0.931545 0.345770 -0.112545
-0.201641 -0.076380 -1.691696 -0.931545 0.345770 -0.112545
-0.202190 -0.077436 -1.690319 -0.931545 0.345770 -0.112545
-0.201638 -0.076276 -1.691215 -0.931545 0.345770 -0.112545
-0.202225 -0.077818 -1.691163 -0.931185 0.346646 -0.112830
-0.201980 -0.077362 -1.691717 -0.931771 0.344143 -0.115621
-0.202182 -0.077984 -1.691805 -0.931771 0.344143 -0.115621
-0.201875 -0.077658 -1.693045 -0.931475 0.344034 -0.118304
-0.200972 -0.075073 -1.692798 -0.932128 0.343273 -0.115329
-0.200168 -0.074659 -1.693323 -0.932128 0.343273 -0.115329
-0.194947 -0.080941 -1.691859 -0.932344 0.341633 -0.118414
-0.194874 -0.080723 -1.691711 -0.931475 0.344034 -0.118304
-0.195382 -0.081866 -1.691601 -0.931681 0.342390 -0.121405
-0.194490 -0.079840 -1.691678 -0.931475 0.344034 -0.118304
-0.194172 -0.079247 -1.692005 -0.931475 0.344034 -0.118304
-0.194337 -0.079931 -1.692901 -0.932040 0.341521 -0.121097
-0.194297 -0.079928 -1.693160 -0.931681 0.342390 -0.121405
-0.194403 -0.080452 -1.694067 -0.932237 0.339864 -0.124207
-0.194848 -0.081435 -1.694005 -0.932237 0.339864 -0.124207
-0.194459 -0.080474 -1.693762 -0.932237 0.339864 -0.124207
-0.194337 -0.078382 -1.693561 -0.932040 0.341521 -0.121097
-0.194154 -0.078875 -1.694009 -0.931681 0.342390 -0.121405
-0.194167 -0.080160 -1.694968 -0.931917 0.339747 -0.126894
-0.193922 -0.079172 -1.695727 -0.931917 0.339747 -0.126894
-0.195347 -0.078233 -1.695286 -0.932237 0.339864 -0.124207
-0.194503 -0.080815 -1.694491 -0.931917 0.339747 -0.126894
-0.194497 -0.080792 -1.694456 -0.931917 0.339747 -0.126894
-0.194583 -0.081684 -1.696770 -0.932619 0.335524 -0.132840
-0.194720 -0.081339 -1.694609 -0.931917 0.339747 -0.126894
-0.194311 -0.080853 -1.696039 -0.932452 0.337212 -0.129697
-0.195101 -0.082850 -1.696215 -0.932619 0.335524 -0.132840
-0.195151 -0.082413 -1.694796 -0.932452 0.337212 -0.129697
-0.195233 -0.083032 -1.695778 -0.931759 0.337951 -0.132718
-0.194871 -0.082648 -1.697255 -0.932276 0.335400 -0.135529
-0.194928 -0.082524 -1.696564 -0.932619 0.335524 -0.132840
-0.193929 -0.080068 -1.696417 -0.932452 0.337212 -0.129697
-0.193952 -0.078798 -1.696988 -0.932452 0.337212 -0.129697
-0.193769 -0.079633 -1.696983 -0.932452 0.337212 -0.129697
-0.194058 -0.080380 -1.696416 -0.932452 0.337212 -0.129697
-0.193984 -0.080349 -1.696946 -0.932094 0.338072 -0.130028
-0.193717 -0.079154 -1.697666 -0.932619 0.335524 -0.132840
-0.194630 -0.082776 -1.698813 -0.932422 0.333695 -0.138696
-0.194447 -0.082297 -1.698849 -0.932780 0.332842 -0.138342
-0.193831 -0.080716 -1.698712 -0.932276 0.335400 -0.135529
-0.194228 -0.081132 -1.697605 -0.932619 0.335524 -0.132840
-0.193714 -0.079887 -1.697469 -0.932619 0.335524 -0.132840
-0.194216 -0.081861 -1.699139 -0.932780 0.332842 -0.138342
-0.194407 -0.081978 -1.698451 -0.933130 0.332967 -0.135653
-0.193633 -0.080451 -1.699266 -0.933130 0.332967 -0.135653
-0.195791 -0.081966 -1.688921 -0.931185 0.346646 -0.112830
-0.195644 -0.082004 -1.690121 -0.931771 0.344143 -0.115621
-0.195820 -0.082061 -1.689001 -0.930896 0.346538 -0.115513
-0.196113 -0.083376 -1.690863 -0.931681 0.342390 -0.121405
-0.196031 -0.083070 -1.690531 -0.931113 0.344907 -0.118604
-0.195708 -0.082476 -1.691083 -0.930809 0.344795 -0.121291
-0.195858 -0.083008 -1.691470 -0.931681 0.342390 -0.121405
-0.202866 -0.079431 -1.691160 -0.931771 0.344143 -0.115621
-0.202607 -0.079359 -1.692566 -0.932344 0.341633 -0.118414
-0.202719 -0.079696 -1.692579 -0.932344 0.341633 -0.118414
-0.202333 -0.079493 -1.694237 -0.932237 0.339864 -0.124207
-0.202263 -0.079127 -1.693928 -0.931681 0.342390 -0.121405
-0.202010 -0.078306 -1.693685 -0.932040 0.341521 -0.121097
-0.202135 -0.078247 -1.692957 -0.932344 0.341633 -0.118414
-0.201817 -0.078810 -1.695498 -0.931917 0.339747 -0.126894
-0.202257 -0.079656 -1.694924 -0.932237 0.339864 -0.124207
-0.196322 -0.084596 -1.692680 -0.931917 0.339747 -0.126894
-0.196019 -0.083755 -1.692471 -0.932237 0.339864 -0.124207
-0.195681 -0.082680 -1.691821 -0.931681 0.342390 -0.121405
-0.196089 -0.084068 -1.692879 -0.931917 0.339747 -0.126894
-0.196304 -0.085113 -1.694309 -0.932094 0.338072 -0.130028
-0.196559 -0.085793 -1.694029 -0.931759 0.337951 -0.132718
-0.195512 -0.082735 -1.693207 -0.932237 0.339864 -0.124207
-0.195435 -0.082398 -1.692786 -0.931369 0.342275 -0.124092
-0.195454 -0.082882 -1.694058 -0.931917 0.339747 -0.126894
-0.195403 -0.082309 -1.692758 -0.931369 0.342275 -0.124092
-0.196113 -0.084480 -1.693935 -0.932094 0.338072 -0.130028
-0.195419 -0.083457 -1.695661 -0.931759 0.337951 -0.132718
-0.195912 -0.084468 -1.695155 -0.931759 0.337951 -0.132718
-0.195760 -0.084190 -1.695388 -0.931759 0.337951 -0.132718
-0.195616 -0.084043 -1.695894 -0.932619 0.335524 -0.132840
-0.195370 -0.083677 -1.696469 -0.932276 0.335400 -0.135529
-0.196518 -0.086264 -1.695533 -0.932276 0.335400 -0.135529
-0.196992 -0.086676 -1.695596 -0.931916 0.336258 -0.135876
-0.196961 -0.086509 -1.695885 -0.931916 0.336258 -0.135876
-0.196325 -0.085841 -1.695461 -0.932276 0.335400 -0.135529
-0.197224 -0.086438 -1.696089 -0.931565 0.336132 -0.138569
-0.195963 -0.084770 -1.695530 -0.932619 0.335524 -0.132840
-0.196171 -0.084977 -1.694794 -0.931759 0.337951 -0.132718
-0.195638 -0.084639 -1.697024 -0.931916 0.336258 -0.135876
-0.200218 -0.087156 -1.694046 -0.931759 0.337951 -0.132718
-0.199581 -0.086949 -1.695226 -0.931916 0.336258 -0.135876
-0.200802 -0.085270 -1.696397 -0.932276 0.335400 -0.135529
-0.201012 -0.086788 -1.694328 -0.931759 0.337951 -0.132718
-0.202379 -0.085828 -1.694833 -0.931759 0.337951 -0.132718
-0.201212 -0.086156 -1.695310 -0.932276 0.335400 -0.135529
-0.201430 -0.086162 -1.695186 -0.932276 0.335400 -0.135529
-0.202791 -0.085219 -1.695100 -0.931759 0.337951 -0.132718
-0.201257 -0.085813 -1.695591 -0.932276 0.335400 -0.135529
-0.202471 -0.085356 -1.695257 -0.932619 0.335524 -0.132840
-0.201834 -0.084837 -1.696087 -0.932276 0.335400 -0.135529
-0.201670 -0.084641 -1.696372 -0.932276 0.335400 -0.135529
-0.202656 -0.084371 -1.696086 -0.932276 0.335400 -0.135529
-0.202899 -0.080760 -1.694061 -0.932237 0.339864 -0.124207
-0.202663 -0.080648 -1.695002 -0.931917 0.339747 -0.126894
-0.202340 -0.080275 -1.695710 -0.932779 0.337330 -0.127011
-0.202937 -0.081367 -1.696317 -0.932094 0.338072 -0.130028
-0.201855 -0.083909 -1.697299 -0.932276 0.335400 -0.135529
-0.202747 -0.083794 -1.696780 -0.932276 0.335400 -0.135529
-0.202569 -0.080941 -1.697112 -0.932619 0.335524 -0.132840
-0.203163 -0.082056 -1.697817 -0.932276 0.335400 -0.135529
-0.194985 -0.078329 -1.696107 -0.931917 0.339747 -0.126894
-0.195772 -0.078125 -1.695722 -0.932237 0.339864 -0.124207
-0.195813 -0.078079 -1.696603 -0.932779 0.337330 -0.127011
-0.193852 -0.078926 -1.698207 -0.932619 0.335524 -0.132840
-0.194550 -0.078551 -1.698599 -0.932619 0.335524 -0.132840
-0.194716 -0.078322 -1.697328 -0.932452 0.337212 -0.129697
-0.196534 -0.077837 -1.698020 -0.932452 0.337212 -0.129697
-0.194872 -0.078319 -1.697795 -0.932452 0.337212 -0.129697
-0.195575 -0.078177 -1.698152 -0.933308 0.334789 -0.129816
-0.194350 -0.078665 -1.698898 -0.932619 0.335524 -0.132840
-0.195188 -0.078422 -1.698669 -0.932619 0.335524 -0.132840
-0.195661 -0.078272 -1.698703 -0.932619 0.335524 -0.132840
-0.195995 -0.078587 -1.699986 -0.933130 0.332967 -0.135653
-0.196757 -0.077972 -1.699261 -0.932619 0.335524 -0.132840
-0.196376 -0.078469 -1.699955 -0.933130 0.332967 -0.135653
-0.196684 -0.077244 -1.693824 -0.932344 0.341633 -0.118414
-0.197500 -0.076744 -1.693970 -0.932344 0.341633 -0.118414
-0.198094 -0.076471 -1.694357 -0.932040 0.341521 -0.121097
-0.198214 -0.076634 -1.695165 -0.932040 0.341521 -0.121097
-0.198523 -0.076367 -1.695158 -0.932040 0.341521 -0.121097
-0.199719 -0.075504 -1.694668 -0.932344 0.341633 -0.118414
-0.199566 -0.075620 -1.694771 -0.932344 0.341633 -0.118414
-0.196467 -0.077636 -1.694463 -0.932040 0.341521 -0.121097
-0.196853 -0.077481 -1.694684 -0.932040 0.341521 -0.121097
-0.197977 -0.076896 -1.695964 -0.932237 0.339864 -0.124207
-0.196338 -0.077905 -1.695829 -0.932237 0.339864 -0.124207
-0.197159 -0.077425 -1.695592 -0.932237 0.339864 -0.124207
-0.197544 -0.077203 -1.696061 -0.932237 0.339864 -0.124207
-0.197934 -0.076947 -1.696172 -0.932237 0.339864 -0.124207
-0.198274 -0.077023 -1.697011 -0.932779 0.337330 -0.127011
-0.199260 -0.076035 -1.695865 -0.932593 0.339001 -0.123892
-0.199306 -0.075970 -1.695603 -0.932904 0.339114 -0.121209
-0.200014 -0.076007 -1.696446 -0.932237 0.339864 -0.124207
-0.201530 -0.076895 -1.694263 -0.932040 0.341521 -0.121097
-0.201576 -0.076789 -1.693325 -0.931475 0.344034 -0.118304
-0.201397 -0.075907 -1.692270 -0.932417 0.343379 -0.112650
-0.201811 -0.077808 -1.693908 -0.932040 0.341521 -0.121097
-0.201051 -0.075640 -1.694719 -0.932344 0.341633 -0.118414
-0.201382 -0.076487 -1.695247 -0.932040 0.341521 -0.121097
-0.200012 -0.075440 -1.694689 -0.932344 0.341633 -0.118414
-0.200732 -0.075528 -1.695044 -0.932040 0.341521 -0.121097
-0.201725 -0.078116 -1.695024 -0.932237 0.339864 -0.124207
-0.201479 -0.077067 -1.695447 -0.932237 0.339864 -0.124207
-0.200697 -0.075775 -1.695787 -0.932904 0.339114 -0.121209
-0.200923 -0.075999 -1.696097 -0.932593 0.339001 -0.123892
-0.196796 -0.077773 -1.696787 -0.932779 0.337330 -0.127011
-0.196452 -0.077901 -1.696808 -0.932779 0.337330 -0.127011
-0.196931 -0.077731 -1.698242 -0.932452 0.337212 -0.129697
-0.197762 -0.077426 -1.697693 -0.932452 0.337212 -0.129697
-0.200359 -0.076528 -1.697506 -0.932779 0.337330 -0.127011
-0.198785 -0.077030 -1.697644 -0.932452 0.337212 -0.129697
-0.199076 -0.077127 -1.698609 -0.933308 0.334789 -0.129816
-0.198337 -0.077483 -1.699222 -0.932619 0.335524 -0.132840
-0.197144 -0.078171 -1.700396 -0.933130 0.332967 -0.135653
-0.196957 -0.078360 -1.700806 -0.932780 0.332842 -0.138342
-0.197830 -0.077721 -1.699673 -0.932276 0.335400 -0.135529
-0.197611 -0.078078 -1.701049 -0.932780 0.332842 -0.138342
-0.199399 -0.077356 -1.699549 -0.932619 0.335524 -0.132840
-0.200166 -0.077256 -1.699476 -0.932619 0.335524 -0.132840
-0.198927 -0.077522 -1.699786 -0.932276 0.335400 -0.135529
-0.200066 -0.077605 -1.700337 -0.933130 0.332967 -0.135653
-0.201662 -0.078367 -1.695907 -0.931917 0.339747 -0.126894
-0.201900 -0.079274 -1.696119 -0.932779 0.337330 -0.127011
-0.201955 -0.079714 -1.696684 -0.932452 0.337212 -0.129697
-0.201856 -0.079693 -1.697276 -0.932094 0.338072 -0.130028
-0.201953 -0.079931 -1.697281 -0.931759 0.337951 -0.132718
-0.200652 -0.076670 -1.697500 -0.932779 0.337330 -0.127011
-0.200843 -0.076878 -1.697528 -0.932779 0.337330 -0.127011
-0.200482 -0.076292 -1.696993 -0.931917 0.339747 -0.126894
-0.201185 -0.077465 -1.697348 -0.932779 0.337330 -0.127011
-0.201465 -0.078549 -1.697573 -0.932452 0.337212 -0.129697
-0.200870 -0.077389 -1.698490 -0.933308 0.334789 -0.129816
-0.200659 -0.077102 -1.698309 -0.932452 0.337212 -0.129697
-0.201768 -0.079521 -1.698995 -0.932276 0.335400 -0.135529
-0.201890 -0.079851 -1.698282 -0.932619 0.335524 -0.132840
-0.202314 -0.080648 -1.697408 -0.932619 0.335524 -0.132840
-0.202495 -0.080818 -1.698027 -0.932276 0.335400 -0.135529
-0.200694 -0.077500 -1.699344 -0.932619 0.335524 -0.132840
-0.201419 -0.078764 -1.698677 -0.932619 0.335524 -0.132840
-0.201651 -0.079282 -1.698931 -0.932276 0.335400 -0.135529
-0.203811 -0.079734 -1.685219 -0.930345 0.352424 -0.101271
-0.204364 -0.080645 -1.683512 -0.930596 0.352519 -0.098597
-0.204490 -0.080755 -1.682662 -0.929708 0.354881 -0.098503
-0.203587 -0.078560 -1.683004 -0.929952 0.354974 -0.095830
-0.203817 -0.079081 -1.682719 -0.929952 0.354974 -0.095830
-0.203581 -0.078386 -1.682410 -0.929662 0.356527 -0.092832
-0.203434 -0.077980 -1.682319 -0.929662 0.356527 -0.092832
-0.203926 -0.079396 -1.682841 -0.929952 0.354974 -0.095830
-0.204686 -0.081828 -1.685278 -0.930608 0.350841 -0.104304
-0.204128 -0.080440 -1.685042 -0.929980 0.353311 -0.101526
-0.204777 -0.081883 -1.684648 -0.930608 0.350841 -0.104304
-0.204277 -0.080952 -1.685587 -0.930608 0.350841 -0.104304
-0.204334 -0.081259 -1.686111 -0.930342 0.350740 -0.106983
-0.202769 -0.077037 -1.685794 -0.930345 0.352424 -0.101271
-0.203286 -0.078453 -1.685725 -0.930345 0.352424 -0.101271
-0.202743 -0.076762 -1.685246 -0.930596 0.352519 -0.098597
-0.202965 -0.077539 -1.685676 -0.930345 0.352424 -0.101271
-0.205065 -0.082894 -1.685877 -0.931223 0.348362 -0.107084
-0.204752 -0.082176 -1.686466 -0.931223 0.348362 -0.107084
-0.205282 -0.083719 -1.687001 -0.930306 0.349034 -0.112723
-0.203791 -0.079985 -1.686154 -0.930608 0.350841 -0.104304
-0.203942 -0.080731 -1.687175 -0.931223 0.348362 -0.107084
-0.203305 -0.078717 -1.686317 -0.930970 0.349958 -0.104042
-0.203396 -0.078962 -1.686312 -0.930608 0.350841 -0.104304
-0.203782 -0.080404 -1.687508 -0.930950 0.348259 -0.109763
-0.204502 -0.081885 -1.687097 -0.930950 0.348259 -0.109763
-0.204939 -0.083156 -1.687926 -0.931185 0.346646 -0.112830
-0.205135 -0.083684 -1.688459 -0.930896 0.346538 -0.115513
-0.205424 -0.084005 -1.687907 -0.930896 0.346538 -0.115513
-0.204644 -0.083146 -1.689165 -0.931771 0.344143 -0.115621
-0.204978 -0.083557 -1.688789 -0.930896 0.346538 -0.115513
-0.203574 -0.080720 -1.689736 -0.930896 0.346538 -0.115513
-0.204238 -0.082150 -1.688858 -0.931185 0.346646 -0.112830
-0.203754 -0.081428 -1.690058 -0.931771 0.344143 -0.115621
-0.203201 -0.079172 -1.688235 -0.930950 0.348259 -0.109763
-0.204159 -0.081766 -1.688494 -0.931185 0.346646 -0.112830
-0.203283 -0.079387 -1.688242 -0.930950 0.348259 -0.109763
-0.203028 -0.078189 -1.686970 -0.930608 0.350841 -0.104304
-0.203161 -0.078867 -1.687762 -0.931223 0.348362 -0.107084
-0.203183 -0.078721 -1.687279 -0.930342 0.350740 -0.106983
-0.202934 -0.078316 -1.687849 -0.931223 0.348362 -0.107084
-0.202601 -0.077975 -1.689008 -0.930950 0.348259 -0.109763
-0.202421 -0.077378 -1.688395 -0.931223 0.348362 -0.107084
-0.203150 -0.079656 -1.689745 -0.931185 0.346646 -0.112830
-0.203074 -0.079530 -1.689954 -0.931185 0.346646 -0.112830
-0.203284 -0.080433 -1.690844 -0.931771 0.344143 -0.115621
-0.203856 -0.081869 -1.690334 -0.931475 0.344034 -0.118304
-0.204300 -0.082584 -1.689528 -0.931771 0.344143 -0.115621
-0.204303 -0.082820 -1.690540 -0.931475 0.344034 -0.118304
-0.204454 -0.083029 -1.690510 -0.931113 0.344907 -0.118604
-0.204847 -0.083506 -1.689915 -0.931475 0.344034 -0.118304
-0.204873 -0.083496 -1.690373 -0.931113 0.344907 -0.118604
-0.205338 -0.083831 -1.690669 -0.931681 0.342390 -0.121405
-0.205544 -0.085894 -1.690194 -0.931681 0.342390 -0.121405
-0.205507 -0.084130 -1.690967 -0.931681 0.342390 -0.121405
-0.204391 -0.086042 -1.691341 -0.932237 0.339864 -0.124207
-0.204257 -0.082707 -1.692271 -0.931369 0.342275 -0.124092
-0.204135 -0.082586 -1.691631 -0.931681 0.342390 -0.121405
-0.203976 -0.082384 -1.691839 -0.931681 0.342390 -0.121405
-0.204962 -0.083464 -1.691407 -0.931681 0.342390 -0.121405
-0.204642 -0.083144 -1.691727 -0.931681 0.342390 -0.121405
-0.204571 -0.083025 -1.692528 -0.931369 0.342275 -0.124092
-0.204801 -0.083284 -1.692057 -0.931369 0.342275 -0.124092
-0.204926 -0.083615 -1.692936 -0.931917 0.339747 -0.126894
-0.205712 -0.084323 -1.688322 -0.930896 0.346538 -0.115513
-0.206108 -0.084695 -1.688651 -0.931475 0.344034 -0.118304
-0.205477 -0.084126 -1.688868 -0.931771 0.344143 -0.115621
-0.205960 -0.084535 -1.689682 -0.931113 0.344907 -0.118604
-0.205930 -0.084660 -1.690067 -0.930809 0.344795 -0.121291
-0.205938 -0.085506 -1.689993 -0.931681 0.342390 -0.121405
-0.205811 -0.085221 -1.690312 -0.931681 0.342390 -0.121405
-0.203604 -0.081372 -1.690975 -0.931475 0.344034 -0.118304
-0.203595 -0.081762 -1.692328 -0.931681 0.342390 -0.121405
-0.203697 -0.082069 -1.692647 -0.931369 0.342275 -0.124092
-0.202905 -0.079981 -1.692155 -0.931475 0.344034 -0.118304
-0.203525 -0.081780 -1.692845 -0.931369 0.342275 -0.124092
-0.203225 -0.081124 -1.692999 -0.931369 0.342275 -0.124092
-0.203387 -0.081672 -1.693461 -0.932237 0.339864 -0.124207
-0.203452 -0.086352 -1.692186 -0.931557 0.340613 -0.127217
-0.203338 -0.085908 -1.693094 -0.931229 0.340494 -0.129907
-0.203884 -0.085781 -1.692683 -0.931557 0.340613 -0.127217
-0.202581 -0.086198 -1.693876 -0.931759 0.337951 -0.132718
-0.202758 -0.086113 -1.693720 -0.932094 0.338072 -0.130028
-0.203826 -0.084870 -1.694151 -0.932094 0.338072 -0.130028
-0.203464 -0.085331 -1.693962 -0.932094 0.338072 -0.130028
-0.203489 -0.085552 -1.693525 -0.932094 0.338072 -0.130028
-0.204398 -0.085662 -1.692093 -0.931917 0.339747 -0.126894
-0.204497 -0.084680 -1.693402 -0.931557 0.340613 -0.127217
-0.204629 -0.083273 -1.693886 -0.931917 0.339747 -0.126894
-0.203504 -0.084918 -1.694585 -0.931759 0.337951 -0.132718
-0.203352 -0.084771 -1.694957 -0.931759 0.337951 -0.132718
-0.203768 -0.084243 -1.695134 -0.931759 0.337951 -0.132718
-0.204205 -0.083876 -1.695019 -0.932094 0.338072 -0.130028
-0.203935 -0.082427 -1.694602 -0.932779 0.337330 -0.127011
-0.203721 -0.082213 -1.694349 -0.931917 0.339747 -0.126894
-0.204368 -0.082917 -1.694552 -0.932094 0.338072 -0.130028
-0.203412 -0.081891 -1.695494 -0.932094 0.338072 -0.130028
-0.202897 -0.083842 -1.696542 -0.932276 0.335400 -0.135529
-0.203338 -0.081820 -1.696486 -0.931759 0.337951 -0.132718
-0.195801 -0.084551 -1.697999 -0.932422 0.333695 -0.138696
-0.194738 -0.083045 -1.698896 -0.932422 0.333695 -0.138696
-0.195601 -0.083556 -1.699485 -0.932915 0.331123 -0.141517
-0.193651 -0.080491 -1.700363 -0.932780 0.332842 -0.138342
-0.193857 -0.081334 -1.700035 -0.932422 0.333695 -0.138696
-0.194433 -0.082569 -1.700174 -0.932915 0.331123 -0.141517
-0.196427 -0.083423 -1.700070 -0.932915 0.331123 -0.141517
-0.194853 -0.082400 -1.701144 -0.932549 0.330993 -0.144209
-0.195039 -0.082565 -1.701110 -0.932549 0.330993 -0.144209
-0.196778 -0.085927 -1.697019 -0.932422 0.333695 -0.138696
-0.198684 -0.086001 -1.696977 -0.932422 0.333695 -0.138696
-0.198787 -0.086431 -1.696336 -0.932422 0.333695 -0.138696
-0.196149 -0.085180 -1.697721 -0.932422 0.333695 -0.138696
-0.197420 -0.085941 -1.696960 -0.932422 0.333695 -0.138696
-0.197123 -0.084760 -1.698638 -0.932064 0.333566 -0.141388
-0.196989 -0.085121 -1.698218 -0.932064 0.333566 -0.141388
-0.197742 -0.084916 -1.698546 -0.932064 0.333566 -0.141388
-0.197124 -0.085302 -1.698048 -0.932064 0.333566 -0.141388
-0.197543 -0.085526 -1.697729 -0.932422 0.333695 -0.138696
-0.198016 -0.085954 -1.696961 -0.932422 0.333695 -0.138696
-0.198715 -0.085502 -1.697775 -0.932064 0.333566 -0.141388
-0.199105 -0.085549 -1.697592 -0.932422 0.333695 -0.138696
-0.199039 -0.085474 -1.697733 -0.932422 0.333695 -0.138696
-0.197666 -0.085195 -1.698221 -0.932064 0.333566 -0.141388
-0.198514 -0.084959 -1.698554 -0.932064 0.333566 -0.141388
-0.200402 -0.085768 -1.696273 -0.931916 0.336258 -0.135876
-0.200101 -0.084984 -1.697660 -0.932422 0.333695 -0.138696
-0.200752 -0.084494 -1.697476 -0.932422 0.333695 -0.138696
-0.200617 -0.084757 -1.697261 -0.932422 0.333695 -0.138696
-0.196111 -0.084146 -1.698756 -0.932064 0.333566 -0.141388
-0.197136 -0.083957 -1.699520 -0.932915 0.331123 -0.141517
-0.198253 -0.084537 -1.699000 -0.932915 0.331123 -0.141517
-0.200123 -0.083046 -1.699768 -0.932915 0.331123 -0.141517
-0.197305 -0.083011 -1.700504 -0.932549 0.330993 -0.144209
-0.196983 -0.083023 -1.700513 -0.932549 0.330993 -0.144209
-0.197489 -0.083439 -1.700042 -0.932915 0.331123 -0.141517
-0.197308 -0.083297 -1.700217 -0.932549 0.330993 -0.144209
-0.197990 -0.083528 -1.699873 -0.932915 0.331123 -0.141517
-0.198668 -0.084003 -1.699413 -0.932915 0.331123 -0.141517
-0.196582 -0.082117 -1.701515 -0.932549 0.330993 -0.144209
-0.197542 -0.082846 -1.700672 -0.932549 0.330993 -0.144209
-0.197246 -0.082020 -1.701479 -0.932549 0.330993 -0.144209
-0.198492 -0.082141 -1.701078 -0.932549 0.330993 -0.144209
-0.198811 -0.081580 -1.701538 -0.932549 0.330993 -0.144209
-0.197627 -0.081450 -1.701887 -0.932549 0.330993 -0.144209
-0.198574 -0.081427 -1.701753 -0.932549 0.330993 -0.144209
-0.199375 -0.083048 -1.699963 -0.932915 0.331123 -0.141517
-0.199360 -0.082549 -1.700432 -0.932915 0.331123 -0.141517
-0.200602 -0.083758 -1.698795 -0.932064 0.333566 -0.141388
-0.199664 -0.084169 -1.698867 -0.932064 0.333566 -0.141388
-0.200345 -0.083411 -1.699306 -0.932064 0.333566 -0.141388
-0.200964 -0.082696 -1.699655 -0.932915 0.331123 -0.141517
-0.201195 -0.083043 -1.699164 -0.932064 0.333566 -0.141388
-0.201552 -0.081910 -1.700034 -0.932915 0.331123 -0.141517
-0.201119 -0.083422 -1.698823 -0.932422 0.333695 -0.138696
-0.202840 -0.082765 -1.698107 -0.932780 0.332842 -0.138342
-0.202455 -0.081649 -1.699276 -0.932780 0.332842 -0.138342
-0.201585 -0.082778 -1.699129 -0.932422 0.333695 -0.138696
-0.200930 -0.081676 -1.700525 -0.932915 0.331123 -0.141517
-0.194791 -0.079052 -1.699996 -0.933130 0.332967 -0.135653
-0.194349 -0.080594 -1.701518 -0.932915 0.331123 -0.141517
-0.195936 -0.078717 -1.700240 -0.933130 0.332967 -0.135653
-0.196374 -0.078655 -1.700630 -0.932780 0.332842 -0.138342
-0.196385 -0.079142 -1.701579 -0.932915 0.331123 -0.141517
-0.194536 -0.080793 -1.701648 -0.932549 0.330993 -0.144209
-0.196738 -0.079034 -1.701693 -0.932915 0.331123 -0.141517
-0.198447 -0.078630 -1.701966 -0.932915 0.331123 -0.141517
-0.199848 -0.078048 -1.701307 -0.932780 0.332842 -0.138342
-0.200513 -0.078192 -1.701298 -0.932780 0.332842 -0.138342
-0.198960 -0.078706 -1.701903 -0.932915 0.331123 -0.141517
-0.199981 -0.078365 -1.701658 -0.933628 0.330403 -0.138468
-0.200198 -0.078312 -1.701541 -0.933628 0.330403 -0.138468
-0.200242 -0.078566 -1.701769 -0.933270 0.330276 -0.141155
-0.197074 -0.080930 -1.702248 -0.933394 0.328544 -0.144339
-0.198340 -0.080996 -1.702093 -0.933394 0.328544 -0.144339
-0.198886 -0.081654 -1.701439 -0.932549 0.330993 -0.144209
-0.199238 -0.080766 -1.702111 -0.932549 0.330993 -0.144209
-0.199492 -0.081015 -1.701872 -0.932549 0.330993 -0.144209
-0.197051 -0.079498 -1.702234 -0.932915 0.331123 -0.141517
-0.197953 -0.080379 -1.702444 -0.933394 0.328544 -0.144339
-0.198617 -0.080436 -1.702294 -0.932549 0.330993 -0.144209
-0.198781 -0.079977 -1.702360 -0.932549 0.330993 -0.144209
-0.198776 -0.079182 -1.702273 -0.932915 0.331123 -0.141517
-0.201832 -0.081571 -1.700074 -0.932064 0.333566 -0.141388
-0.202386 -0.080940 -1.699469 -0.932780 0.332842 -0.138342
-0.202053 -0.079874 -1.699713 -0.932780 0.332842 -0.138342
-0.201634 -0.079149 -1.699739 -0.933130 0.332967 -0.135653
-0.201448 -0.078668 -1.701149 -0.932780 0.332842 -0.138342
-0.201752 -0.079297 -1.701003 -0.932780 0.332842 -0.138342
-0.201529 -0.078797 -1.701086 -0.932780 0.332842 -0.138342
-0.200988 -0.081589 -1.700566 -0.932915 0.331123 -0.141517
-0.200455 -0.081431 -1.701045 -0.932915 0.331123 -0.141517
-0.201276 -0.081213 -1.700766 -0.932915 0.331123 -0.141517
-0.201146 -0.080474 -1.701511 -0.932915 0.331123 -0.141517
-0.212732 -0.093476 -1.642167 -0.917661 0.397002 -0.016921
-0.212571 -0.093272 -1.642982 -0.917618 0.396984 -0.019524
-0.212995 -0.094367 -1.644711 -0.918997 0.393482 -0.024838
-0.212259 -0.092565 -1.643833 -0.918565 0.394787 -0.019544
-0.212605 -0.093425 -1.644764 -0.918050 0.395688 -0.024812
-0.212328 -0.092773 -1.645164 -0.918050 0.395688 -0.024812
-0.212452 -0.093097 -1.645929 -0.918997 0.393482 -0.024838
-0.213388 -0.094849 -1.642171 -0.917618 0.396984 -0.019524
-0.212866 -0.093748 -1.642137 -0.917661 0.397002 -0.016921
-0.213535 -0.095232 -1.642724 -0.918106 0.395713 -0.022202
-0.213128 -0.094634 -1.644539 -0.918997 0.393482 -0.024838
-0.213311 -0.094823 -1.642826 -0.918515 0.394766 -0.022149
-0.213910 -0.096026 -1.642437 -0.918106 0.395713 -0.022202
-0.213870 -0.096224 -1.643954 -0.918997 0.393482 -0.024838
-0.214117 -0.096753 -1.643602 -0.918997 0.393482 -0.024838
-0.213706 -0.095853 -1.644077 -0.918997 0.393482 -0.024838
-0.211892 -0.091701 -1.643818 -0.917618 0.396984 -0.019524
-0.212138 -0.092325 -1.645290 -0.918050 0.395688 -0.024812
-0.211359 -0.090452 -1.646441 -0.919402 0.392539 -0.024778
-0.211342 -0.090412 -1.646797 -0.918997 0.393482 -0.024838
-0.211141 -0.089889 -1.643409 -0.917661 0.397002 -0.016921
-0.211232 -0.090119 -1.643992 -0.917661 0.397002 -0.016921
-0.211218 -0.090077 -1.643019 -0.917162 0.398259 -0.014270
-0.210913 -0.089599 -1.646946 -0.919402 0.392539 -0.024778
-0.211016 -0.089799 -1.647069 -0.918997 0.393482 -0.024838
-0.211201 -0.090065 -1.646370 -0.918515 0.394766 -0.022149
-0.211210 -0.090115 -1.646715 -0.919402 0.392539 -0.024778
-0.210881 -0.089286 -1.644346 -0.917661 0.397002 -0.016921
-0.211627 -0.091100 -1.645829 -0.918515 0.394766 -0.022149
-0.211882 -0.091720 -1.645699 -0.918997 0.393482 -0.024838
-0.211722 -0.091322 -1.644569 -0.918565 0.394787 -0.019544
-0.211584 -0.090996 -1.646011 -0.919402 0.392539 -0.024778
-0.211870 -0.091690 -1.645641 -0.918050 0.395688 -0.024812
-0.211375 -0.090458 -1.642577 -0.917162 0.398259 -0.014270
-0.213077 -0.094631 -1.645935 -0.918934 0.393455 -0.027450
-0.212814 -0.093975 -1.645849 -0.918934 0.393455 -0.027450
-0.213377 -0.095473 -1.647016 -0.919328 0.392124 -0.032786
-0.213085 -0.094675 -1.646208 -0.919808 0.391213 -0.030093
-0.212762 -0.093953 -1.647491 -0.919404 0.392157 -0.030166
-0.212797 -0.094044 -1.648028 -0.920272 0.389901 -0.032820
-0.212614 -0.093568 -1.647203 -0.919808 0.391213 -0.030093
-0.213291 -0.095158 -1.646028 -0.919808 0.391213 -0.030093
-0.213602 -0.095865 -1.645930 -0.919404 0.392157 -0.030166
-0.213712 -0.096045 -1.645305 -0.918934 0.393455 -0.027450
-0.213911 -0.096409 -1.644491 -0.918934 0.393455 -0.027450
-0.213174 -0.094824 -1.645479 -0.918934 0.393455 -0.027450
-0.215029 -0.099060 -1.646215 -0.920189 0.389866 -0.035442
-0.214111 -0.097147 -1.647272 -0.920189 0.389866 -0.035442
-0.214119 -0.097116 -1.646946 -0.920272 0.389901 -0.032820
-0.215529 -0.100076 -1.645472 -0.920189 0.389866 -0.035442
-0.214573 -0.097970 -1.645838 -0.919328 0.392124 -0.032786
-0.215243 -0.099319 -1.644756 -0.919328 0.392124 -0.032786
-0.212078 -0.092291 -1.647628 -0.919808 0.391213 -0.030093
-0.211681 -0.091350 -1.648660 -0.919808 0.391213 -0.030093
-0.211947 -0.091917 -1.647155 -0.918934 0.393455 -0.027450
-0.212072 -0.092251 -1.647324 -0.919877 0.391242 -0.027479
-0.211735 -0.091486 -1.648627 -0.919808 0.391213 -0.030093
-0.212127 -0.092628 -1.650259 -0.921129 0.387636 -0.035479
-0.212308 -0.092862 -1.647525 -0.919808 0.391213 -0.030093
-0.212801 -0.094120 -1.649000 -0.920189 0.389866 -0.035442
-0.212699 -0.093998 -1.650292 -0.921040 0.387599 -0.038103
-0.212507 -0.093343 -1.647816 -0.919404 0.392157 -0.030166
-0.212399 -0.093099 -1.647860 -0.919808 0.391213 -0.030093
-0.210447 -0.088647 -1.647058 -0.919458 0.392563 -0.022171
-0.210846 -0.089437 -1.647535 -0.918997 0.393482 -0.024838
-0.210801 -0.089253 -1.649118 -0.919877 0.391242 -0.027479
-0.210531 -0.088645 -1.650223 -0.919808 0.391213 -0.030093
-0.210535 -0.088697 -1.648896 -0.919877 0.391242 -0.027479
-0.210642 -0.088872 -1.650441 -0.920748 0.388993 -0.030124
-0.210664 -0.088916 -1.650508 -0.920748 0.388993 -0.030124
-0.210545 -0.088660 -1.650668 -0.920672 0.388961 -0.032741
-0.211729 -0.091535 -1.649479 -0.920272 0.389901 -0.032820
-0.212038 -0.092498 -1.651757 -0.921040 0.387599 -0.038103
-0.210852 -0.089339 -1.651375 -0.920272 0.389901 -0.032820
-0.211581 -0.091231 -1.650825 -0.921129 0.387636 -0.035479
-0.211976 -0.092260 -1.650579 -0.921129 0.387636 -0.035479
-0.212071 -0.092534 -1.650967 -0.921040 0.387599 -0.038103
-0.211468 -0.090837 -1.649367 -0.920748 0.388993 -0.030124
-0.211850 -0.091923 -1.650529 -0.921129 0.387636 -0.035479
-0.212203 -0.092921 -1.651553 -0.921040 0.387599 -0.038103
-0.211640 -0.091417 -1.651304 -0.921129 0.387636 -0.035479
-0.213231 -0.095299 -1.649271 -0.921040 0.387599 -0.038103
-0.213025 -0.095008 -1.650883 -0.921485 0.386259 -0.040867
-0.213045 -0.094771 -1.649218 -0.921129 0.387636 -0.035479
-0.212494 -0.093653 -1.651584 -0.921485 0.386259 -0.040867
-0.212881 -0.094648 -1.651127 -0.921485 0.386259 -0.040867
-0.213817 -0.096944 -1.649354 -0.920640 0.388539 -0.038195
-0.214186 -0.097410 -1.647651 -0.920189 0.389866 -0.035442
-0.213742 -0.096624 -1.648710 -0.920640 0.388539 -0.038195
-0.214027 -0.096982 -1.647426 -0.920189 0.389866 -0.035442
-0.214210 -0.097620 -1.648285 -0.920640 0.388539 -0.038195
-0.213813 -0.096660 -1.648170 -0.920189 0.389866 -0.035442
-0.215222 -0.099679 -1.647435 -0.920640 0.388539 -0.038195
-0.214393 -0.098096 -1.648734 -0.920640 0.388539 -0.038195
-0.214671 -0.098626 -1.648287 -0.920640 0.388539 -0.038195
-0.214450 -0.098244 -1.649020 -0.920544 0.388499 -0.040825
-0.214996 -0.099411 -1.649218 -0.921382 0.386216 -0.043499
-0.215192 -0.100097 -1.651161 -0.921697 0.384812 -0.048928
-0.215174 -0.100078 -1.651284 -0.921697 0.384812 -0.048928
-0.214313 -0.098101 -1.650034 -0.921382 0.386216 -0.043499
-0.214383 -0.098230 -1.649917 -0.921382 0.386216 -0.043499
-0.214801 -0.099274 -1.651367 -0.921813 0.384860 -0.046289
-0.213954 -0.097294 -1.649754 -0.921485 0.386259 -0.040867
-0.214292 -0.098197 -1.652308 -0.921697 0.384812 -0.048928
-0.214662 -0.098929 -1.650756 -0.921813 0.384860 -0.046289
-0.214279 -0.098057 -1.650421 -0.921382 0.386216 -0.043499
-0.213332 -0.095863 -1.651757 -0.921382 0.386216 -0.043499
-0.213601 -0.096553 -1.651700 -0.922319 0.383970 -0.043543
-0.213270 -0.095710 -1.651867 -0.921382 0.386216 -0.043499
-0.213371 -0.096057 -1.653142 -0.921813 0.384860 -0.046289
-0.213411 -0.096172 -1.653305 -0.921697 0.384812 -0.048928
-0.213018 -0.095110 -1.652611 -0.922319 0.383970 -0.043543
-0.213151 -0.095415 -1.652043 -0.921382 0.386216 -0.043499
-0.212974 -0.094948 -1.651909 -0.921382 0.386216 -0.043499
-0.213264 -0.095845 -1.654101 -0.922634 0.382555 -0.048978
-0.213890 -0.097208 -1.650822 -0.921382 0.386216 -0.043499
-0.213979 -0.097488 -1.652153 -0.921813 0.384860 -0.046289
-0.213859 -0.097228 -1.652627 -0.921813 0.384860 -0.046289
-0.213744 -0.097002 -1.653717 -0.922634 0.382555 -0.048978
-0.213475 -0.096408 -1.654636 -0.922511 0.382504 -0.051618
-0.211147 -0.090200 -1.652148 -0.921040 0.387599 -0.038103
-0.211681 -0.091673 -1.652615 -0.921881 0.385323 -0.040768
-0.212070 -0.092611 -1.652087 -0.921485 0.386259 -0.040867
-0.211251 -0.090526 -1.652483 -0.921040 0.387599 -0.038103
-0.212568 -0.094046 -1.653834 -0.922209 0.383924 -0.046176
-0.211981 -0.092475 -1.652909 -0.921485 0.386259 -0.040867
-0.212280 -0.093202 -1.652489 -0.921485 0.386259 -0.040867
-0.213186 -0.095663 -1.654355 -0.922634 0.382555 -0.048978
-0.212504 -0.093779 -1.652570 -0.921382 0.386216 -0.043499
-0.212774 -0.094539 -1.653462 -0.922209 0.383924 -0.046176
-0.211377 -0.091020 -1.654076 -0.922319 0.383970 -0.043543
-0.212773 -0.094632 -1.654688 -0.922634 0.382555 -0.048978
-0.211865 -0.092350 -1.655389 -0.923142 0.381671 -0.046223
-0.212841 -0.094840 -1.655227 -0.922511 0.382504 -0.051618
-0.212548 -0.094031 -1.654277 -0.922209 0.383924 -0.046176
-0.212013 -0.092647 -1.654070 -0.922319 0.383970 -0.043543
-0.211436 -0.091200 -1.654565 -0.922319 0.383970 -0.043543
-0.211990 -0.092672 -1.655450 -0.923026 0.381623 -0.048858
-0.211552 -0.091451 -1.653778 -0.921382 0.386216 -0.043499
-0.214797 -0.100292 -1.657058 -0.923961 0.377318 -0.062664
-0.215633 -0.101805 -1.653802 -0.922784 0.381063 -0.057093
-0.214888 -0.100036 -1.654815 -0.922784 0.381063 -0.057093
-0.215304 -0.100998 -1.654131 -0.922784 0.381063 -0.057093
-0.215212 -0.100727 -1.654015 -0.922921 0.381120 -0.054446
-0.215238 -0.100449 -1.652451 -0.922511 0.382504 -0.051618
-0.215354 -0.100854 -1.652881 -0.922115 0.383441 -0.051745
-0.215109 -0.100410 -1.653837 -0.922921 0.381120 -0.054446
-0.215392 -0.101112 -1.653586 -0.922921 0.381120 -0.054446
-0.214366 -0.099162 -1.656997 -0.923573 0.378731 -0.059800
-0.214370 -0.099066 -1.656485 -0.923573 0.378731 -0.059800
-0.214907 -0.099998 -1.654396 -0.922921 0.381120 -0.054446
-0.214296 -0.098284 -1.653625 -0.922511 0.382504 -0.051618
-0.213697 -0.096990 -1.654730 -0.922511 0.382504 -0.051618
-0.214153 -0.098224 -1.655096 -0.922921 0.381120 -0.054446
-0.214724 -0.099284 -1.653205 -0.922511 0.382504 -0.051618
-0.214888 -0.099993 -1.654605 -0.922784 0.381063 -0.057093
-0.214392 -0.098661 -1.654270 -0.923313 0.380188 -0.054313
-0.214745 -0.099552 -1.654243 -0.922921 0.381120 -0.054446
-0.214030 -0.097967 -1.655355 -0.922921 0.381120 -0.054446
-0.214442 -0.098723 -1.653959 -0.922511 0.382504 -0.051618
-0.214186 -0.098358 -1.655329 -0.922921 0.381120 -0.054446
-0.215843 -0.102485 -1.654593 -0.923573 0.378731 -0.059800
-0.215894 -0.102579 -1.654247 -0.923716 0.378790 -0.057151
-0.215776 -0.102406 -1.655878 -0.923961 0.377318 -0.062664
-0.215426 -0.101656 -1.656263 -0.923961 0.377318 -0.062664
-0.215491 -0.101771 -1.655745 -0.923181 0.379663 -0.059947
-0.213616 -0.097131 -1.656467 -0.923716 0.378790 -0.057151
-0.213829 -0.098081 -1.658531 -0.924350 0.376390 -0.062510
-0.213620 -0.097645 -1.659058 -0.924350 0.376390 -0.062510
-0.213661 -0.097285 -1.656671 -0.923716 0.378790 -0.057151
-0.213368 -0.097020 -1.659182 -0.924350 0.376390 -0.062510
-0.213675 -0.097732 -1.658783 -0.924350 0.376390 -0.062510
-0.213819 -0.097875 -1.657609 -0.923573 0.378731 -0.059800
-0.213597 -0.097464 -1.658428 -0.924350 0.376390 -0.062510
-0.212475 -0.093967 -1.656110 -0.923443 0.380241 -0.051670
-0.212515 -0.094277 -1.657114 -0.923313 0.380188 -0.054313
-0.212241 -0.093485 -1.656925 -0.923443 0.380241 -0.051670
-0.213134 -0.095633 -1.655383 -0.923443 0.380241 -0.051670
-0.212958 -0.095331 -1.656292 -0.923313 0.380188 -0.054313
-0.213061 -0.095621 -1.656334 -0.923313 0.380188 -0.054313
-0.213363 -0.096416 -1.656163 -0.923313 0.380188 -0.054313
-0.212735 -0.094968 -1.657558 -0.923716 0.378790 -0.057151
-0.212510 -0.094057 -1.656081 -0.923443 0.380241 -0.051670
-0.213242 -0.096147 -1.656473 -0.923313 0.380188 -0.054313
-0.214115 -0.099040 -1.660914 -0.925318 0.372531 -0.070767
-0.213975 -0.098510 -1.658963 -0.923804 0.377253 -0.065319
-0.214458 -0.099894 -1.661045 -0.924932 0.373453 -0.070943
-0.214293 -0.099419 -1.660323 -0.925489 0.372600 -0.068110
-0.214250 -0.099389 -1.661114 -0.925318 0.372531 -0.070767
-0.213713 -0.097873 -1.659031 -0.923961 0.377318 -0.062664
-0.214425 -0.099862 -1.661545 -0.924932 0.373453 -0.070943
-0.214370 -0.099511 -1.659314 -0.924731 0.374963 -0.065385
-0.215597 -0.102133 -1.658293 -0.924566 0.374896 -0.068042
-0.215433 -0.101790 -1.658701 -0.924566 0.374896 -0.068042
-0.215596 -0.102111 -1.657877 -0.924731 0.374963 -0.065385
-0.215775 -0.102504 -1.657937 -0.924566 0.374896 -0.068042
-0.215939 -0.102860 -1.658729 -0.924178 0.375823 -0.068210
-0.216307 -0.103609 -1.657989 -0.924178 0.375823 -0.068210
-0.214795 -0.100384 -1.658300 -0.924731 0.374963 -0.065385
-0.215329 -0.101712 -1.659611 -0.924932 0.373453 -0.070943
-0.216743 -0.104416 -1.658768 -0.924932 0.373453 -0.070943
-0.216829 -0.104313 -1.659570 -0.924753 0.373381 -0.073606
-0.216719 -0.103938 -1.660064 -0.925676 0.371074 -0.073679
-0.215760 -0.102463 -1.659293 -0.924932 0.373453 -0.070943
-0.216100 -0.103151 -1.659181 -0.924932 0.373453 -0.070943
-0.215911 -0.102791 -1.659635 -0.924932 0.373453 -0.070943
-0.215534 -0.102240 -1.660558 -0.924753 0.373381 -0.073606
-0.215495 -0.102208 -1.661266 -0.925676 0.371074 -0.073679
-0.216508 -0.103523 -1.660628 -0.925676 0.371074 -0.073679
-0.213530 -0.097824 -1.661588 -0.925318 0.372531 -0.070767
-0.213229 -0.097123 -1.661284 -0.924566 0.374896 -0.068042
-0.213949 -0.098727 -1.661658 -0.925318 0.372531 -0.070767
-0.213222 -0.097117 -1.661323 -0.925489 0.372600 -0.068110
-0.214817 -0.100688 -1.660538 -0.924932 0.373453 -0.070943
-0.214666 -0.100196 -1.659049 -0.924731 0.374963 -0.065385
-0.214966 -0.100919 -1.659271 -0.924566 0.374896 -0.068042
-0.214516 -0.099923 -1.659897 -0.924566 0.374896 -0.068042
-0.214679 -0.100477 -1.661714 -0.925676 0.371074 -0.073679
-0.214837 -0.100618 -1.659272 -0.924566 0.374896 -0.068042
-0.215344 -0.101963 -1.661604 -0.925490 0.370999 -0.076343
-0.215262 -0.101777 -1.661317 -0.925676 0.371074 -0.073679
-0.212385 -0.094605 -1.659675 -0.924501 0.376451 -0.059860
-0.212123 -0.093935 -1.659691 -0.924501 0.376451 -0.059860
-0.212788 -0.095302 -1.658496 -0.923573 0.378731 -0.059800
-0.212434 -0.094500 -1.658875 -0.923573 0.378731 -0.059800
-0.212773 -0.095279 -1.658546 -0.923573 0.378731 -0.059800
-0.212734 -0.095128 -1.658374 -0.923716 0.378790 -0.057151
-0.212485 -0.094799 -1.659456 -0.924501 0.376451 -0.059860
-0.212125 -0.094044 -1.660227 -0.924350 0.376390 -0.062510
-0.212878 -0.096050 -1.660696 -0.924731 0.374963 -0.065385
-0.212989 -0.096245 -1.660264 -0.924731 0.374963 -0.065385
-0.212083 -0.094195 -1.661634 -0.925116 0.374040 -0.065224
-0.212003 -0.094156 -1.662437 -0.924566 0.374896 -0.068042
-0.212179 -0.094362 -1.661301 -0.925116 0.374040 -0.065224
-0.212097 -0.094414 -1.662456 -0.924566 0.374896 -0.068042
-0.212189 -0.094478 -1.661799 -0.924731 0.374963 -0.065385
-0.212256 -0.094650 -1.661760 -0.924731 0.374963 -0.065385
-0.212947 -0.096411 -1.661347 -0.924566 0.374896 -0.068042
-0.213056 -0.096810 -1.661948 -0.925489 0.372600 -0.068110
-0.212779 -0.096248 -1.663138 -0.925318 0.372531 -0.070767
-0.212726 -0.095997 -1.662080 -0.925489 0.372600 -0.068110
-0.212866 -0.096665 -1.664896 -0.926407 0.368686 -0.076419
-0.212565 -0.095774 -1.663675 -0.926236 0.370227 -0.070838
-0.213050 -0.096900 -1.662886 -0.925318 0.372531 -0.070767
-0.212956 -0.096586 -1.662182 -0.925489 0.372600 -0.068110
-0.212432 -0.095339 -1.662773 -0.925489 0.372600 -0.068110
-0.212005 -0.094375 -1.664051 -0.925318 0.372531 -0.070767
-0.212372 -0.095415 -1.665204 -0.925490 0.370999 -0.076343
-0.212062 -0.105492 -1.662932 -0.926548 0.367123 -0.082031
-0.212381 -0.105339 -1.663008 -0.926548 0.367123 -0.082031
-0.211369 -0.104711 -1.663490 -0.926548 0.367123 -0.082031
-0.211136 -0.104277 -1.664003 -0.926341 0.367041 -0.084702
-0.211574 -0.104982 -1.663246 -0.926548 0.367123 -0.082031
-0.212545 -0.104607 -1.663672 -0.926341 0.367041 -0.084702
-0.211318 -0.103790 -1.665290 -0.927038 0.364626 -0.087456
-0.211257 -0.103963 -1.664611 -0.926341 0.367041 -0.084702
-0.212119 -0.104361 -1.663826 -0.926341 0.367041 -0.084702
-0.213464 -0.104465 -1.664512 -0.926341 0.367041 -0.084702
-0.215249 -0.103994 -1.664612 -0.926341 0.367041 -0.084702
-0.217430 -0.104849 -1.660627 -0.925490 0.370999 -0.076343
-0.217256 -0.104580 -1.660462 -0.925490 0.370999 -0.076343
-0.217471 -0.105632 -1.660752 -0.924911 0.371844 -0.079201
-0.215575 -0.102311 -1.661689 -0.925490 0.370999 -0.076343
-0.215966 -0.102725 -1.661858 -0.925490 0.370999 -0.076343
-0.215556 -0.102111 -1.662611 -0.926407 0.368686 -0.076419
-0.216334 -0.103207 -1.661333 -0.925490 0.370999 -0.076343
-0.216733 -0.103476 -1.662091 -0.925832 0.369527 -0.079280
-0.216773 -0.103529 -1.662163 -0.925832 0.369527 -0.079280
-0.214990 -0.105785 -1.662081 -0.925631 0.369447 -0.081950
-0.215424 -0.105140 -1.662604 -0.925631 0.369447 -0.081950
-0.215660 -0.104741 -1.663096 -0.926548 0.367123 -0.082031
-0.216031 -0.104700 -1.662823 -0.925631 0.369447 -0.081950
-0.214777 -0.105364 -1.662889 -0.926548 0.367123 -0.082031
-0.214949 -0.104826 -1.663618 -0.926341 0.367041 -0.084702
-0.216576 -0.104669 -1.662367 -0.925832 0.369527 -0.079280
-0.216552 -0.103255 -1.663027 -0.925832 0.369527 -0.079280
-0.216588 -0.103750 -1.663282 -0.925631 0.369447 -0.081950
-0.213966 -0.098928 -1.662643 -0.925676 0.371074 -0.073679
-0.213370 -0.097537 -1.662151 -0.925318 0.372531 -0.070767
-0.214003 -0.099013 -1.662672 -0.925676 0.371074 -0.073679
-0.213980 -0.098954 -1.662548 -0.925676 0.371074 -0.073679
-0.213904 -0.098916 -1.664605 -0.926214 0.368609 -0.079083
-0.214051 -0.099120 -1.662620 -0.925676 0.371074 -0.073679
-0.214412 -0.100112 -1.664055 -0.926214 0.368609 -0.079083
-0.214161 -0.099591 -1.665906 -0.926548 0.367123 -0.082031
-0.214983 -0.100713 -1.665921 -0.926341 0.367041 -0.084702
-0.214906 -0.101016 -1.662325 -0.925490 0.370999 -0.076343
-0.214859 -0.100918 -1.663247 -0.926407 0.368686 -0.076419
-0.215462 -0.101962 -1.663028 -0.926214 0.368609 -0.079083
-0.216309 -0.102757 -1.663341 -0.925832 0.369527 -0.079280
-0.216101 -0.102448 -1.663589 -0.925832 0.369527 -0.079280
-0.215905 -0.103342 -1.664922 -0.926341 0.367041 -0.084702
-0.215153 -0.101084 -1.665256 -0.926548 0.367123 -0.082031
-0.215297 -0.101097 -1.665702 -0.926341 0.367041 -0.084702
-0.215621 -0.101600 -1.665694 -0.926341 0.367041 -0.084702
-0.215506 -0.101364 -1.665671 -0.926341 0.367041 -0.084702
-0.211304 -0.103736 -1.665519 -0.926658 0.365538 -0.087675
-0.211891 -0.103896 -1.664847 -0.926341 0.367041 -0.084702
-0.212028 -0.103725 -1.665811 -0.926658 0.365538 -0.087675
-0.213731 -0.103934 -1.665330 -0.926658 0.365538 -0.087675
-0.213007 -0.103797 -1.665764 -0.926658 0.365538 -0.087675
-0.214664 -0.104119 -1.664746 -0.926341 0.367041 -0.084702
-0.212538 -0.103477 -1.666789 -0.926436 0.365450 -0.090351
-0.213079 -0.102740 -1.667814 -0.927347 0.363110 -0.090440
-0.214713 -0.103339 -1.665666 -0.927038 0.364626 -0.087456
-0.213418 -0.102340 -1.668272 -0.927347 0.363110 -0.090440
-0.214766 -0.102706 -1.666764 -0.926658 0.365538 -0.087675
-0.214773 -0.102400 -1.667333 -0.926436 0.365450 -0.090351
-0.215223 -0.100599 -1.666999 -0.927038 0.364626 -0.087456
-0.215345 -0.100883 -1.667164 -0.927038 0.364626 -0.087456
-0.212765 -0.102022 -1.668849 -0.927117 0.363020 -0.093117
-0.213108 -0.101659 -1.669136 -0.927117 0.363020 -0.093117
-0.213342 -0.102114 -1.668590 -0.927117 0.363020 -0.093117
-0.214138 -0.102137 -1.668121 -0.927347 0.363110 -0.090440
-0.214772 -0.101625 -1.668273 -0.927347 0.363110 -0.090440
-0.215555 -0.102754 -1.665872 -0.927038 0.364626 -0.087456
-0.215495 -0.101502 -1.666282 -0.927253 0.364710 -0.084785
-0.213121 -0.097027 -1.662583 -0.925318 0.372531 -0.070767
-0.213299 -0.097481 -1.663367 -0.925676 0.371074 -0.073679
-0.213614 -0.098233 -1.664205 -0.926407 0.368686 -0.076419
-0.213568 -0.098289 -1.665954 -0.926927 0.366210 -0.081827
-0.213311 -0.097600 -1.664443 -0.926407 0.368686 -0.076419
-0.213178 -0.097065 -1.661627 -0.925489 0.372600 -0.068110
-0.213596 -0.098255 -1.666366 -0.926548 0.367123 -0.082031
-0.212223 -0.095313 -1.666556 -0.926214 0.368609 -0.079083
-0.212278 -0.095226 -1.665603 -0.926407 0.368686 -0.076419
-0.212300 -0.095255 -1.665491 -0.926407 0.368686 -0.076419
-0.213130 -0.097245 -1.666297 -0.927128 0.366289 -0.079161
-0.212661 -0.096315 -1.667014 -0.926927 0.366210 -0.081827
-0.213494 -0.098030 -1.666656 -0.926548 0.367123 -0.082031
-0.214203 -0.099575 -1.666277 -0.926548 0.367123 -0.082031
-0.214574 -0.099977 -1.666717 -0.926341 0.367041 -0.084702
-0.214048 -0.099198 -1.667361 -0.927253 0.364710 -0.084785
-0.213141 -0.097562 -1.667764 -0.926341 0.367041 -0.084702
-0.212552 -0.096242 -1.667778 -0.926927 0.366210 -0.081827
-0.212142 -0.095343 -1.667979 -0.926927 0.366210 -0.081827
-0.212243 -0.095612 -1.668199 -0.926927 0.366210 -0.081827
-0.212889 -0.097055 -1.668009 -0.927253 0.364710 -0.084785
-0.214298 -0.099370 -1.667800 -0.927038 0.364626 -0.087456
-0.215164 -0.100477 -1.668180 -0.926658 0.365538 -0.087675
-0.215031 -0.100228 -1.668309 -0.927038 0.364626 -0.087456
-0.212660 -0.096727 -1.669202 -0.927038 0.364626 -0.087456
-0.213434 -0.097577 -1.670518 -0.927723 0.362203 -0.090214
-0.213357 -0.097666 -1.669931 -0.927723 0.362203 -0.090214
-0.213751 -0.098235 -1.669820 -0.927723 0.362203 -0.090214
-0.213669 -0.101156 -1.669248 -0.927117 0.363020 -0.093117
-0.211848 -0.100982 -1.670006 -0.928023 0.360673 -0.093208
-0.212525 -0.100669 -1.670105 -0.928023 0.360673 -0.093208
-0.213246 -0.100513 -1.669958 -0.928023 0.360673 -0.093208
-0.212868 -0.099356 -1.671111 -0.928023 0.360673 -0.093208
-0.213822 -0.101269 -1.669075 -0.927117 0.363020 -0.093117
-0.214376 -0.100148 -1.669478 -0.927347 0.363110 -0.090440
-0.214021 -0.098549 -1.670081 -0.927347 0.363110 -0.090440
-0.213962 -0.098648 -1.670561 -0.927117 0.363020 -0.093117
-0.213894 -0.099573 -1.670308 -0.928023 0.360673 -0.093208
-0.212774 -0.098467 -1.671962 -0.927786 0.360581 -0.095885
-0.213706 -0.098410 -1.671117 -0.928023 0.360673 -0.093208
-0.213268 -0.097280 -1.670794 -0.927723 0.362203 -0.090214
-0.212714 -0.096591 -1.670930 -0.927723 0.362203 -0.090214
-0.213521 -0.098025 -1.671546 -0.928023 0.360673 -0.093208
-0.213139 -0.098203 -1.671963 -0.927786 0.360581 -0.095885
-0.213041 -0.096889 -1.671798 -0.928023 0.360673 -0.093208
-0.213011 -0.096820 -1.672426 -0.928023 0.360673 -0.093208
-0.195928 -0.077482 -1.642252 -0.914813 0.403860 0.003871
-0.195171 -0.077563 -1.636383 -0.912108 0.409598 0.017012
-0.195843 -0.077604 -1.642099 -0.914813 0.403860 0.003871
-0.194213 -0.075112 -1.639043 -0.913018 0.407667 0.014327
-0.195364 -0.077029 -1.640167 -0.913934 0.405761 0.009075
-0.195110 -0.076731 -1.638557 -0.913049 0.407681 0.011722
-0.195091 -0.076249 -1.637974 -0.912583 0.408639 0.014361
-0.195338 -0.076912 -1.637798 -0.912583 0.408639 0.014361
-0.196074 -0.078510 -1.640704 -0.914378 0.404810 0.006467
-0.194912 -0.076352 -1.638597 -0.913018 0.407667 0.014327
-0.195542 -0.077576 -1.637554 -0.912583 0.408639 0.014361
-0.195542 -0.077772 -1.639458 -0.913506 0.406724 0.009096
-0.196228 -0.079173 -1.639605 -0.913953 0.405769 0.006482
-0.195792 -0.077931 -1.640303 -0.913953 0.405769 0.006482
-0.195331 -0.077370 -1.639017 -0.913481 0.406713 0.011695
-0.195462 -0.077634 -1.639198 -0.913506 0.406724 0.009096
-0.194433 -0.075258 -1.639332 -0.913049 0.407681 0.011722
-0.194164 -0.075014 -1.640988 -0.913934 0.405761 0.009075
-0.195504 -0.077331 -1.640094 -0.913934 0.405761 0.009075
-0.195522 -0.077388 -1.641631 -0.914390 0.404815 0.003880
-0.194122 -0.074435 -1.639339 -0.913018 0.407667 0.014327
-0.195287 -0.077125 -1.638647 -0.913049 0.407681 0.011722
-0.193940 -0.074612 -1.640568 -0.913481 0.406713 0.011695
-0.195493 -0.077271 -1.641767 -0.914390 0.404815 0.003880
-0.195519 -0.078105 -1.637037 -0.912583 0.408639 0.014361
-0.192253 -0.068512 -1.651665 -0.918054 0.396403 -0.006456
-0.190509 -0.066913 -1.646772 -0.915334 0.402643 0.006473
-0.188874 -0.060619 -1.653745 -0.917539 0.397643 -0.001287
-0.188456 -0.060958 -1.652163 -0.917539 0.397643 0.001287
-0.189135 -0.062211 -1.657791 -0.919853 0.392005 -0.014231
-0.189344 -0.062180 -1.655862 -0.918974 0.394215 -0.009048
-0.188992 -0.063333 -1.647640 -0.915316 0.402635 0.009063
-0.191349 -0.067115 -1.649596 -0.916599 0.399807 -0.001286
-0.190613 -0.064935 -1.652161 -0.917533 0.397641 -0.003861
-0.189412 -0.062046 -1.653423 -0.917533 0.397641 -0.003861
-0.191210 -0.066335 -1.651618 -0.917533 0.397641 -0.003861
-0.189745 -0.064174 -1.649499 -0.916180 0.400748 0.003866
-0.190710 -0.066316 -1.647485 -0.915752 0.401691 0.006458
-0.189931 -0.063489 -1.655408 -0.918974 0.394215 -0.009048
-0.189811 -0.063338 -1.656141 -0.918949 0.394205 -0.011632
-0.191160 -0.066222 -1.651700 -0.917533 0.397641 -0.003861
-0.189008 -0.062360 -1.651459 -0.916599 0.399807 0.001286
-0.188769 -0.062099 -1.650650 -0.916180 0.400748 0.003866
-0.190023 -0.063536 -1.652673 -0.917533 0.397641 -0.003861
-0.190828 -0.065480 -1.653209 -0.918054 0.396403 -0.006456
-0.191399 -0.067299 -1.649143 -0.916599 0.399807 0.001286
-0.189397 -0.063899 -1.647761 -0.915316 0.402635 0.009063
-0.189512 -0.061855 -1.654151 -0.918471 0.395470 -0.003865
-0.189222 -0.061192 -1.654122 -0.917533 0.397641 -0.003861
-0.188760 -0.062138 -1.650402 -0.916180 0.400748 0.003866
-0.190546 -0.064862 -1.652565 -0.917533 0.397641 -0.003861
-0.191264 -0.066814 -1.649985 -0.916599 0.399807 -0.001286
-0.189348 -0.062100 -1.656380 -0.918974 0.394215 -0.009048
-0.192436 -0.068951 -1.650011 -0.917125 0.398582 -0.003870
-0.190884 -0.066593 -1.647852 -0.915765 0.401697 0.003875
-0.190578 -0.065900 -1.647908 -0.915765 0.401697 0.003875
-0.189301 -0.062105 -1.652892 -0.917539 0.397643 -0.001287
-0.190562 -0.065909 -1.647757 -0.915752 0.401691 0.006458
-0.190702 -0.065636 -1.650913 -0.917539 0.397643 -0.001287
-0.189672 -0.063770 -1.650689 -0.916599 0.399807 0.001286
-0.190263 -0.064984 -1.650189 -0.916599 0.399807 0.001286
-0.191383 -0.066717 -1.651550 -0.917533 0.397641 -0.003861
-0.190359 -0.064659 -1.651879 -0.917533 0.397641 -0.003861
-0.192261 -0.068567 -1.650531 -0.917125 0.398582 -0.003870
-0.189525 -0.062389 -1.653057 -0.917539 0.397643 -0.001287
-0.188992 -0.061645 -1.652750 -0.917539 0.397643 -0.001287
-0.189852 -0.063295 -1.655179 -0.918974 0.394215 -0.009048
-0.190616 -0.065087 -1.654588 -0.918974 0.394215 -0.009048
-0.190900 -0.065692 -1.652601 -0.918458 0.395465 -0.006441
-0.189725 -0.063974 -1.650222 -0.916186 0.400751 0.001289
-0.189025 -0.062584 -1.650608 -0.916180 0.400748 0.003866
-0.191113 -0.066245 -1.651518 -0.917533 0.397641 -0.003861
-0.191853 -0.067803 -1.650087 -0.917533 0.397641 -0.003861
-0.189363 -0.062800 -1.651955 -0.917539 0.397643 -0.001287
-0.191875 -0.067872 -1.649804 -0.917539 0.397643 -0.001287
-0.192127 -0.068392 -1.649505 -0.917539 0.397643 -0.001287
-0.190271 -0.064420 -1.653447 -0.918458 0.395465 -0.006441
-0.191153 -0.067216 -1.647188 -0.915765 0.401697 0.003875
-0.189164 -0.060987 -1.654586 -0.918471 0.395470 -0.003865
-0.190506 -0.064583 -1.653155 -0.918458 0.395465 -0.006441
-0.190084 -0.063842 -1.655289 -0.918974 0.394215 -0.009048
-0.189898 -0.063365 -1.654369 -0.918458 0.395465 -0.006441
-0.190398 -0.065278 -1.649999 -0.916599 0.399807 0.001286
-0.190566 -0.065683 -1.649540 -0.916599 0.399807 0.001286
-0.189485 -0.063866 -1.648695 -0.915752 0.401691 0.006458
-0.189190 -0.063243 -1.649044 -0.915752 0.401691 0.006458
-0.189867 -0.064556 -1.648765 -0.915765 0.401697 0.003875
-0.189437 -0.064113 -1.647081 -0.914894 0.403592 0.009084
-0.189160 -0.060845 -1.654458 -0.918471 0.395470 -0.003865
-0.189989 -0.064899 -1.647345 -0.915334 0.402643 0.006473
-0.190441 -0.065201 -1.650696 -0.916599 0.399807 -0.001286
-0.190480 -0.065203 -1.651006 -0.917539 0.397643 -0.001287
-0.188592 -0.061558 -1.651582 -0.916599 0.399807 0.001286
-0.188513 -0.061458 -1.651376 -0.916180 0.400748 0.003866
-0.191469 -0.067416 -1.648851 -0.916599 0.399807 0.001286
-0.191208 -0.067159 -1.648284 -0.916186 0.400751 0.001289
-0.190395 -0.065498 -1.648344 -0.915765 0.401697 0.003875
-0.191135 -0.066279 -1.651650 -0.917533 0.397641 -0.003861
-0.190755 -0.066037 -1.649380 -0.916599 0.399807 0.001286
-0.190327 -0.065415 -1.648530 -0.915765 0.401697 0.003875
-0.191115 -0.066658 -1.649386 -0.916599 0.399807 0.001286
-0.189691 -0.062974 -1.655809 -0.918974 0.394215 -0.009048
-0.223709 -0.118445 -1.625777 -0.913481 0.406713 -0.011695
-0.226870 -0.124599 -1.636754 -0.919112 0.391253 -0.046420
-0.226633 -0.124728 -1.641214 -0.921046 0.385213 -0.057315
-0.226633 -0.124992 -1.636536 -0.919112 0.391253 -0.046420
-0.226911 -0.129183 -1.630314 -0.917053 0.397170 -0.035627
-0.226658 -0.125351 -1.634374 -0.918783 0.392631 -0.040982
-0.224805 -0.120934 -1.629079 -0.915358 0.402024 -0.022262
-0.226627 -0.125170 -1.634314 -0.917827 0.394864 -0.040939
-0.225473 -0.122426 -1.631755 -0.916671 0.398496 -0.030249
-0.225250 -0.121858 -1.631034 -0.917159 0.397567 -0.027554
-0.226282 -0.125052 -1.630412 -0.916595 0.398462 -0.032876
-0.224639 -0.120288 -1.629085 -0.915358 0.402024 -0.022262
-0.226674 -0.125429 -1.635227 -0.918680 0.392587 -0.043621
-0.226965 -0.126153 -1.636167 -0.919112 0.391253 -0.046420
-0.227093 -0.126401 -1.636220 -0.919112 0.391253 -0.046420
-0.224109 -0.119018 -1.627270 -0.913949 0.405475 -0.016949
-0.226696 -0.125801 -1.634244 -0.918783 0.392631 -0.040982
-0.224221 -0.119318 -1.627508 -0.914914 0.403293 -0.016967
-0.226305 -0.124593 -1.633368 -0.917923 0.394905 -0.038302
-0.226779 -0.127150 -1.629404 -0.916595 0.398462 -0.032876
-0.226280 -0.125472 -1.627845 -0.916264 0.399800 -0.024906
-0.226894 -0.126383 -1.634106 -0.918783 0.392631 -0.040982
-0.226770 -0.127100 -1.630553 -0.917471 0.396211 -0.035541
-0.225832 -0.123444 -1.632044 -0.917554 0.396246 -0.032911
-0.225369 -0.122191 -1.631063 -0.916671 0.398496 -0.030249
-0.225939 -0.123618 -1.633057 -0.917471 0.396211 -0.035541
-0.226305 -0.125539 -1.628112 -0.916201 0.399773 -0.027525
-0.225653 -0.122937 -1.631894 -0.916595 0.398462 -0.032876
-0.224798 -0.120907 -1.629029 -0.915358 0.402024 -0.022262
-0.226464 -0.124946 -1.637092 -0.919112 0.391253 -0.046420
-0.226919 -0.126829 -1.632858 -0.917827 0.394864 -0.040939
-0.225458 -0.122682 -1.629684 -0.916201 0.399773 -0.027525
-0.224192 -0.119400 -1.626548 -0.913986 0.405492 -0.014342
-0.225234 -0.121786 -1.625846 -0.913949 0.405475 -0.016949
-0.224954 -0.121482 -1.627841 -0.914870 0.403274 -0.019576
-0.224860 -0.121223 -1.627691 -0.914870 0.403274 -0.019576
-0.225948 -0.123333 -1.641188 -0.920642 0.386590 -0.054468
-0.224989 -0.121159 -1.630097 -0.916264 0.399800 -0.024906
-0.227626 -0.128027 -1.634425 -0.918266 0.393543 -0.043727
-0.227809 -0.127982 -1.635772 -0.918995 0.391203 -0.049066
-0.224678 -0.120543 -1.628390 -0.915831 0.401085 -0.019597
-0.226479 -0.124744 -1.633455 -0.917923 0.394905 -0.038302
-0.225274 -0.122450 -1.627867 -0.915358 0.402024 -0.022262
-0.227454 -0.126008 -1.640012 -0.920235 0.387538 -0.054602
-0.224794 -0.120758 -1.625536 -0.913986 0.405492 -0.014342
-0.224403 -0.119510 -1.625425 -0.913481 0.406713 -0.011695
-0.226828 -0.126909 -1.631770 -0.916964 0.397131 -0.038262
-0.227484 -0.128499 -1.632400 -0.917827 0.394864 -0.040939
-0.226466 -0.124128 -1.639456 -0.919824 0.388901 -0.051765
-0.227060 -0.125947 -1.637433 -0.919947 0.388953 -0.049117
-0.226508 -0.124369 -1.638918 -0.919824 0.388901 -0.051765
-0.226140 -0.123426 -1.641725 -0.921046 0.385213 -0.057315
-0.224970 -0.121133 -1.629933 -0.916264 0.399800 -0.024906
-0.224152 -0.118984 -1.625491 -0.913481 0.406713 -0.011695
-0.226769 -0.126908 -1.629439 -0.916595 0.398462 -0.032876
-0.226858 -0.125778 -1.635784 -0.919112 0.391253 -0.046420
-0.226473 -0.124845 -1.634799 -0.918783 0.392631 -0.040982
-0.226552 -0.125511 -1.632431 -0.916964 0.397131 -0.038262
-0.226516 -0.125440 -1.632215 -0.917053 0.397170 -0.035627
-0.226000 -0.124337 -1.629629 -0.915778 0.400735 -0.027592
-0.226493 -0.126018 -1.628610 -0.915778 0.400735 -0.027592
-0.225659 -0.123504 -1.628505 -0.915302 0.402000 -0.024879
-0.226385 -0.125546 -1.629404 -0.916671 0.398496 -0.030249
-0.225726 -0.123258 -1.631004 -0.916671 0.398496 -0.030249
-0.225635 -0.123530 -1.627945 -0.915302 0.402000 -0.024879
-0.226305 -0.125466 -1.628520 -0.915778 0.400735 -0.027592
-0.226539 -0.125012 -1.634991 -0.918680 0.392587 -0.043621
-0.226249 -0.124579 -1.632492 -0.917471 0.396211 -0.035541
-0.227321 -0.125913 -1.639379 -0.920235 0.387538 -0.054602
-0.227683 -0.127914 -1.635004 -0.919112 0.391253 -0.046420
-0.226992 -0.126558 -1.634405 -0.918680 0.392587 -0.043621
-0.226696 -0.125115 -1.640750 -0.920098 0.387480 -0.057256
-0.227000 -0.128366 -1.630077 -0.917053 0.397170 -0.035627
-0.227656 -0.127245 -1.637135 -0.919947 0.388953 -0.049117
-0.227160 -0.126114 -1.637617 -0.919947 0.388953 -0.049117
-0.227227 -0.129636 -1.631452 -0.917827 0.394864 -0.040939
-0.226777 -0.125518 -1.634794 -0.918680 0.392587 -0.043621
-0.226172 -0.123953 -1.631746 -0.917554 0.396246 -0.032911
-0.227363 -0.127766 -1.633738 -0.918680 0.392587 -0.043621
-0.226669 -0.126260 -1.630245 -0.916595 0.398462 -0.032876
-0.225374 -0.122309 -1.630330 -0.916201 0.399773 -0.027525
-0.226171 -0.124681 -1.630609 -0.916595 0.398462 -0.032876
-0.226146 -0.124287 -1.632359 -0.917471 0.396211 -0.035541
-0.225141 -0.121758 -1.629454 -0.916264 0.399800 -0.024906
-0.225810 -0.123354 -1.631894 -0.916595 0.398462 -0.032876
-0.224526 -0.120215 -1.627661 -0.914870 0.403274 -0.019576
-0.224643 -0.120625 -1.627345 -0.914870 0.403274 -0.019576
-0.225173 -0.121721 -1.630208 -0.916201 0.399773 -0.027525
-0.227011 -0.127019 -1.633048 -0.917827 0.394864 -0.040939
-0.227187 -0.125846 -1.638282 -0.919824 0.388901 -0.051765
-0.226025 -0.123293 -1.630235 -0.915778 0.400735 -0.027592
-0.227007 -0.126147 -1.636439 -0.919112 0.391253 -0.046420
-0.201307 -0.068188 -1.642048 -0.912546 0.408622 0.016972
-0.201362 -0.067865 -1.647915 -0.916186 0.400751 0.001289
-0.216619 -0.101208 -1.628503 -0.912036 0.410093 0.003881
-0.204668 -0.074939 -1.636263 -0.911622 0.410558 0.019675
-0.214272 -0.095871 -1.630352 -0.912557 0.408898 0.006490
-0.216511 -0.101027 -1.627678 -0.911587 0.411057 0.006484
-0.205226 -0.076542 -1.634343 -0.911127 0.411519 0.022351
-0.215665 -0.098766 -1.629174 -0.911587 0.411057 0.006484
-0.215095 -0.098023 -1.627976 -0.911128 0.412022 0.009098
-0.208361 -0.084817 -1.628557 -0.909174 0.415660 0.025072
-0.213382 -0.094675 -1.628315 -0.911608 0.410810 0.014346
-0.213224 -0.094148 -1.628763 -0.911639 0.410824 0.011738
-0.205463 -0.076019 -1.638071 -0.912583 0.408639 0.014361
-0.212248 -0.092748 -1.628671 -0.911166 0.411789 0.014380
-0.212063 -0.091888 -1.628966 -0.911166 0.411789 0.014380
-0.211516 -0.091007 -1.629336 -0.911166 0.411789 0.014380
-0.211256 -0.090575 -1.629763 -0.911166 0.411789 0.014380
-0.211238 -0.089796 -1.631349 -0.911639 0.410824 0.011738
-0.199742 -0.064503 -1.645240 -0.914414 0.404527 0.014308
-0.202643 -0.070099 -1.646352 -0.916180 0.400748 0.003866
-0.202459 -0.069725 -1.646128 -0.915765 0.401697 0.003875
-0.200651 -0.065896 -1.646504 -0.915316 0.402635 0.009063
-0.202946 -0.070508 -1.644577 -0.915334 0.402643 0.006473
-0.207814 -0.083147 -1.629123 -0.909174 0.415660 0.025072
-0.208418 -0.083690 -1.631429 -0.910190 0.413723 0.019701
-0.207317 -0.081995 -1.630561 -0.909630 0.414665 0.025012
-0.206903 -0.080814 -1.632019 -0.910140 0.413700 0.022327
-0.204517 -0.075707 -1.634889 -0.911127 0.411519 0.022351
-0.202410 -0.070780 -1.639582 -0.912108 0.409598 0.017012
-0.201769 -0.069261 -1.641123 -0.912546 0.408622 0.016972
-0.203745 -0.073852 -1.636630 -0.911622 0.410558 0.019675
-0.204882 -0.075872 -1.636391 -0.912064 0.409578 0.019628
-0.207680 -0.082288 -1.632395 -0.910639 0.412736 0.019654
-0.206320 -0.078732 -1.634868 -0.911622 0.410558 0.019675
-0.207986 -0.083127 -1.630495 -0.909687 0.414691 0.022380
-0.207860 -0.081347 -1.635730 -0.912583 0.408639 0.014361
-0.208942 -0.085554 -1.629861 -0.910140 0.413700 0.022327
-0.202218 -0.070025 -1.641111 -0.912583 0.408639 0.014361
-0.203038 -0.071064 -1.642817 -0.913934 0.405761 0.009075
-0.203457 -0.072612 -1.639343 -0.912546 0.408622 0.016972
-0.205969 -0.077202 -1.638053 -0.913018 0.407667 0.014327
-0.204521 -0.074977 -1.637370 -0.912108 0.409598 0.017012
-0.202989 -0.071882 -1.639165 -0.912108 0.409598 0.017012
-0.202931 -0.071931 -1.638677 -0.912064 0.409578 0.019628
-0.205254 -0.077248 -1.633852 -0.911127 0.411519 0.022351
-0.202093 -0.068822 -1.646844 -0.915765 0.401697 0.003875
-0.204599 -0.074178 -1.640354 -0.913481 0.406713 0.011695
-0.203081 -0.072481 -1.637958 -0.912064 0.409578 0.019628
-0.200762 -0.067285 -1.643840 -0.914445 0.404541 0.011707
-0.200228 -0.065755 -1.644758 -0.914445 0.404541 0.011707
-0.204991 -0.075808 -1.637220 -0.912108 0.409598 0.017012
-0.200258 -0.066529 -1.643767 -0.913986 0.405492 0.014342
-0.201705 -0.068779 -1.642702 -0.913986 0.405492 0.014342
-0.213340 -0.093605 -1.630462 -0.912103 0.409861 0.009108
-0.214346 -0.095950 -1.629796 -0.912538 0.408890 0.009086
-0.201629 -0.068034 -1.645440 -0.915316 0.402635 0.009063
-0.206194 -0.078873 -1.633682 -0.911127 0.411519 0.022351
-0.212870 -0.093942 -1.628177 -0.911166 0.411789 0.014380
-0.209899 -0.086396 -1.632701 -0.911608 0.410810 0.014346
-0.206692 -0.080169 -1.632417 -0.910140 0.413700 0.022327
-0.208648 -0.082922 -1.635035 -0.912078 0.409850 0.011710
-0.201174 -0.066824 -1.646852 -0.915334 0.402643 0.006473
-0.214083 -0.095647 -1.629296 -0.912103 0.409861 0.009108
-0.206895 -0.081395 -1.630100 -0.909174 0.415660 0.025072
-0.201709 -0.067936 -1.646494 -0.915752 0.401691 0.006458
-0.202453 -0.069910 -1.643434 -0.914894 0.403592 0.009084
-0.206936 -0.081090 -1.631593 -0.909687 0.414691 0.022380
-0.207452 -0.082122 -1.631590 -0.910140 0.413700 0.022327
-0.205899 -0.077597 -1.636307 -0.912108 0.409598 0.017012
-0.205081 -0.076046 -1.636926 -0.912108 0.409598 0.017012
-0.209297 -0.084761 -1.633804 -0.911608 0.410810 0.014346
-0.211122 -0.089869 -1.630740 -0.911608 0.410810 0.014346
-0.207260 -0.082008 -1.629544 -0.909111 0.415631 0.027709
-0.207519 -0.082297 -1.630592 -0.909630 0.414665 0.025012
-0.208283 -0.083331 -1.632215 -0.910639 0.412736 0.019654
-0.206810 -0.079655 -1.634972 -0.912108 0.409598 0.017012
-0.206780 -0.079446 -1.635345 -0.912108 0.409598 0.017012
-0.208976 -0.084575 -1.631911 -0.910683 0.412755 0.017034
-0.202231 -0.069138 -1.646706 -0.915765 0.401697 0.003875
-0.202437 -0.069566 -1.646901 -0.916180 0.400748 0.003866
-0.205003 -0.075141 -1.639907 -0.913481 0.406713 0.011695
-0.202924 -0.071227 -1.641333 -0.913018 0.407667 0.014327
-0.205030 -0.075381 -1.638944 -0.913018 0.407667 0.014327
-0.205388 -0.075962 -1.638867 -0.913049 0.407681 0.011722
-0.213803 -0.094557 -1.630431 -0.912538 0.408890 0.009086
-0.206536 -0.079677 -1.633295 -0.910140 0.413700 0.022327
-0.209957 -0.088325 -1.629580 -0.910639 0.412736 0.019654
-0.209811 -0.087764 -1.629701 -0.910639 0.412736 0.019654
-0.209867 -0.086505 -1.632405 -0.911608 0.410810 0.014346
-0.209119 -0.084899 -1.631918 -0.910683 0.412755 0.017034
-0.200854 -0.066684 -1.645732 -0.914894 0.403592 0.009084
-0.200625 -0.066489 -1.645055 -0.914870 0.403581 0.011679
-0.206365 -0.079579 -1.632516 -0.910140 0.413700 0.022327
-0.207904 -0.081574 -1.635116 -0.912583 0.408639 0.014361
-0.208144 -0.082019 -1.635047 -0.912583 0.408639 0.014361
-0.202731 -0.071232 -1.639013 -0.912064 0.409578 0.019628
-0.200164 -0.065139 -1.645818 -0.914870 0.403581 0.011679
-0.202298 -0.070074 -1.641591 -0.913018 0.407667 0.014327
-0.202656 -0.070727 -1.641488 -0.913018 0.407667 0.014327
-0.204840 -0.074865 -1.639923 -0.913481 0.406713 0.011695
-0.205075 -0.075352 -1.639531 -0.913049 0.407681 0.011722
-0.203204 -0.071723 -1.641318 -0.913049 0.407681 0.011722
-0.209584 -0.086241 -1.631532 -0.911128 0.411772 0.016994
-0.209379 -0.086134 -1.630901 -0.910683 0.412755 0.017034
-0.205891 -0.078588 -1.632924 -0.910140 0.413700 0.022327
-0.203447 -0.073087 -1.637685 -0.912064 0.409578 0.019628
-0.209858 -0.087636 -1.630386 -0.910683 0.412755 0.017034
-0.201913 -0.069547 -1.640974 -0.912546 0.408622 0.016972
-0.205561 -0.077156 -1.635886 -0.912064 0.409578 0.019628
-0.201705 -0.067977 -1.646982 -0.915765 0.401697 0.003875
-0.205364 -0.075911 -1.638864 -0.913018 0.407667 0.014327
-0.211841 -0.091228 -1.630727 -0.911639 0.410824 0.011738
-0.211910 -0.091466 -1.629216 -0.911166 0.411789 0.014380
-0.200419 -0.065355 -1.646878 -0.915316 0.402635 0.009063
-0.212346 -0.091916 -1.630603 -0.911639 0.410824 0.011738
-0.202155 -0.070165 -1.640083 -0.912546 0.408622 0.016972
-0.200925 -0.066398 -1.646722 -0.915334 0.402643 0.006473
-0.200628 -0.066780 -1.644411 -0.914445 0.404541 0.011707
-0.212536 -0.092192 -1.630177 -0.911639 0.410824 0.011738
-0.214346 -0.096477 -1.628229 -0.911639 0.410824 0.011738
-0.214740 -0.097319 -1.627948 -0.910660 0.412989 0.011725
-0.202886 -0.070929 -1.642301 -0.913481 0.406713 0.011695
-0.205474 -0.076147 -1.638483 -0.913018 0.407667 0.014327
-0.205489 -0.077055 -1.635826 -0.912064 0.409578 0.019628
-0.205950 -0.077272 -1.637687 -0.912583 0.408639 0.014361
-0.202326 -0.069932 -1.642353 -0.913481 0.406713 0.011695
-0.202075 -0.068837 -1.645306 -0.915334 0.402643 0.006473
-0.201986 -0.069011 -1.643837 -0.914870 0.403581 0.011679
-0.200604 -0.067065 -1.643659 -0.913986 0.405492 0.014342
-0.204364 -0.073443 -1.640874 -0.913481 0.406713 0.011695
-0.200868 -0.066472 -1.646275 -0.915316 0.402635 0.009063
-0.208596 -0.085227 -1.628749 -0.909630 0.414665 0.025012
-0.215629 -0.098799 -1.628597 -0.911587 0.411057 0.006484
-0.204782 -0.074307 -1.638621 -0.912546 0.408622 0.016972
-0.209884 -0.086015 -1.633630 -0.912078 0.409850 0.011710
-0.211737 -0.090650 -1.631458 -0.912078 0.409850 0.011710
-0.201415 -0.067553 -1.645933 -0.915334 0.402643 0.006473
-0.201733 -0.068177 -1.645606 -0.915334 0.402643 0.006473
-0.202341 -0.069348 -1.645082 -0.915334 0.402643 0.006473
-0.201712 -0.068963 -1.641929 -0.913018 0.407667 0.014327
-0.203528 -0.072218 -1.641674 -0.913481 0.406713 0.011695
-0.207493 -0.080676 -1.635910 -0.912583 0.408639 0.014361
-0.213094 -0.093504 -1.629595 -0.911639 0.410824 0.011738
-0.216237 -0.100389 -1.628145 -0.911587 0.411057 0.006484
-0.211053 -0.088973 -1.632611 -0.912078 0.409850 0.011710
-0.208521 -0.082714 -1.634965 -0.911608 0.410810 0.014346
-0.215017 -0.097654 -1.627861 -0.910685 0.413000 0.009120
-0.212572 -0.093548 -1.628091 -0.911166 0.411789 0.014380
-0.210574 -0.088518 -1.631669 -0.911608 0.410810 0.014346
-0.213417 -0.094380 -1.629109 -0.911639 0.410824 0.011738
-0.211703 -0.090697 -1.631236 -0.911639 0.410824 0.011738
-0.201475 -0.068122 -1.643856 -0.914445 0.404541 0.011707
-0.202219 -0.069540 -1.643279 -0.914445 0.404541 0.011707
-0.203817 -0.073948 -1.636876 -0.911622 0.410558 0.019675
-0.204768 -0.075361 -1.637468 -0.912108 0.409598 0.017012
-0.205070 -0.076207 -1.636317 -0.912064 0.409578 0.019628
-0.204850 -0.076057 -1.635586 -0.911622 0.410558 0.019675
-0.206047 -0.078557 -1.633905 -0.911127 0.411519 0.022351
-0.206179 -0.078744 -1.634030 -0.911622 0.410558 0.019675
-0.206458 -0.078193 -1.637458 -0.913018 0.407667 0.014327
-0.208239 -0.083921 -1.629467 -0.909630 0.414665 0.025012
-0.212847 -0.093591 -1.628766 -0.911166 0.411789 0.014380
-0.199883 -0.066496 -1.643756 -0.913986 0.405492 0.014342
-0.203179 -0.072108 -1.639475 -0.912546 0.408622 0.016972
-0.205248 -0.075669 -1.637797 -0.912546 0.408622 0.016972
-0.204952 -0.074595 -1.638892 -0.912583 0.408639 0.014361
-0.206358 -0.078448 -1.636035 -0.912108 0.409598 0.017012
-0.208968 -0.084315 -1.633305 -0.911608 0.410810 0.014346
-0.204589 -0.074620 -1.636741 -0.911622 0.410558 0.019675
-0.207494 -0.082313 -1.630141 -0.909630 0.414665 0.025012
-0.207677 -0.081778 -1.633155 -0.910639 0.412736 0.019654
-0.207648 -0.081569 -1.633498 -0.910683 0.412755 0.017034
-0.211164 -0.090480 -1.629610 -0.911166 0.411789 0.014380
-0.201128 -0.067562 -1.643975 -0.914445 0.404541 0.011707
-0.201082 -0.066477 -1.647357 -0.915752 0.401691 0.006458
-0.205023 -0.076694 -1.634165 -0.911127 0.411519 0.022351
-0.209321 -0.085374 -1.632049 -0.911128 0.411772 0.016994
-0.209096 -0.085204 -1.631248 -0.910639 0.412736 0.019654
-0.208872 -0.085486 -1.629641 -0.910140 0.413700 0.022327
-0.214199 -0.096036 -1.628869 -0.912103 0.409861 0.009108
-0.214021 -0.095512 -1.629315 -0.912103 0.409861 0.009108
-0.213629 -0.095348 -1.627789 -0.911166 0.411789 0.014380
-0.206532 -0.079748 -1.632993 -0.910140 0.413700 0.022327
-0.207111 -0.080433 -1.634235 -0.911128 0.411772 0.016994
-0.208090 -0.083014 -1.632522 -0.910639 0.412736 0.019654
-0.206804 -0.081099 -1.630985 -0.909630 0.414665 0.025012
-0.207619 -0.082379 -1.631511 -0.910140 0.413700 0.022327
-0.201886 -0.068518 -1.645269 -0.915316 0.402635 0.009063
-0.201841 -0.068673 -1.644220 -0.914894 0.403592 0.009084
-0.201941 -0.068754 -1.644637 -0.914894 0.403592 0.009084
-0.206462 -0.080252 -1.631233 -0.909630 0.414665 0.025012
-0.201268 -0.067357 -1.645306 -0.914894 0.403592 0.009084
-0.208900 -0.083494 -1.634652 -0.911639 0.410824 0.011738
-0.209498 -0.086815 -1.629942 -0.910639 0.412736 0.019654
-0.209674 -0.087040 -1.630147 -0.910639 0.412736 0.019654
-0.207036 -0.079402 -1.636973 -0.913049 0.407681 0.011722
-0.206867 -0.079932 -1.634571 -0.912108 0.409598 0.017012
-0.206702 -0.079668 -1.634299 -0.911622 0.410558 0.019675
