# .PCD v0.7 - Point Cloud Data file format
VERSION 0.7
FIELDS x y z normal_x normal_y normal_z
SIZE 4 4 4 4 4 4
TYPE F F F F F F
COUNT 1 1 1 1 1 1
WIDTH 11915
HEIGHT 1
VIEWPOINT 0 0 0 1 0 0 0
POINTS 11915
DATA ascii
-0.118978 0.102576 -1.44906 0.521698 -0.764617 -0.378407
-0.119846 0.101772 -1.44885 0.572695 -0.663242 -0.481799
-0.119537 0.102477 -1.44935 0.317908 -0.598675 -0.735203
-0.118825 0.10254 -1.44865 0.595231 -0.795681 -0.11221
-0.119576 0.101873 -1.44835 0.678325 -0.734263 -0.0270814
-0.11966 0.101924 -1.44795 0.648592 -0.660656 0.377971
-0.118807 0.102578 -1.4483 0.634256 -0.732234 0.248099
-0.118419 0.102814 -1.44865 0.620978 -0.782007 -0.0533986
-0.117844 0.103419 -1.44877 0.689207 -0.719225 0.0877972
-0.117928 0.103415 -1.44915 0.634004 -0.716295 -0.291479
-0.118375 0.102941 -1.44902 0.588973 -0.736238 -0.333262
-0.118905 0.102986 -1.4496 0.3451 -0.681326 -0.645523
-0.118584 0.103566 -1.44996 0.333633 -0.553574 -0.76305
-0.119024 0.10334 -1.44995 0.103097 -0.550324 -0.828562
-0.11842 0.102865 -1.44837 0.685593 -0.670025 0.284654
-0.118591 0.103027 -1.4479 0.653829 -0.569363 0.498331
-0.117854 0.10356 -1.44839 0.687543 -0.588824 0.424935
-0.1148 0.106177 -1.44919 0.782898 -0.609094 0.12679
-0.114815 0.10629 -1.44949 0.683677 -0.546315 -0.483866
-0.114389 0.106656 -1.44926 0.733813 -0.676168 -0.0656965
-0.114921 0.106344 -1.44878 0.622425 -0.520428 0.584587
-0.114467 0.106709 -1.44956 0.550513 -0.638601 -0.537703
-0.114943 0.106563 -1.44976 0.407084 -0.452481 -0.793438
-0.114087 0.107053 -1.44963 0.553034 -0.750643 -0.361509
-0.114045 0.10704 -1.44931 0.692644 -0.712698 0.110936
-0.114355 0.107163 -1.44991 0.286995 -0.649637 -0.703993
-0.11422 0.106981 -1.44902 0.668865 -0.574364 0.471939
-0.114318 0.107854 -1.44821 0.571334 -0.448471 0.687351
-0.1188 0.103719 -1.45012 0.177307 -0.386367 -0.905142
-0.117477 0.103698 -1.4488 0.694619 -0.718341 0.0386082
-0.117429 0.10389 -1.44918 0.666716 -0.611388 -0.426256
-0.116971 0.104476 -1.44922 0.540071 -0.688881 -0.483494
-0.11685 0.104429 -1.44889 0.686908 -0.723058 -0.0731127
-0.117046 0.10427 -1.4486 0.704354 -0.623561 0.339201
-0.116981 0.104595 -1.44835 0.583717 -0.589702 0.558145
-0.115777 0.105213 -1.44937 0.508649 -0.810232 -0.291204
-0.115762 0.105214 -1.44901 0.619226 -0.746163 0.244541
-0.115331 0.105531 -1.44934 0.667284 -0.732044 -0.137271
-0.115092 0.105828 -1.44912 0.716242 -0.626272 0.307866
-0.116313 0.104862 -1.44898 0.574311 -0.81319 0.0942773
-0.116389 0.104856 -1.44929 0.472406 -0.803118 -0.363089
-0.116721 0.104779 -1.44943 0.392363 -0.741919 -0.543699
-0.116092 0.105595 -1.44988 0.293022 -0.432787 -0.852545
-0.116124 0.105227 -1.44964 0.344996 -0.672632 -0.654633
-0.115623 0.105527 -1.44881 0.628084 -0.529244 0.570448
-0.116082 0.105132 -1.44866 0.59861 -0.686147 0.413364
-0.116516 0.104788 -1.44871 0.636635 -0.711659 0.297048
-0.116204 0.10538 -1.44829 0.604471 -0.492835 0.625882
-0.118172 0.103584 -1.44973 0.521684 -0.625946 -0.579687
-0.118188 0.104007 -1.45006 0.341867 -0.394669 -0.852856
-0.117085 0.104652 -1.44951 0.496769 -0.565363 -0.658472
-0.117856 0.104095 -1.44991 0.572137 -0.442468 -0.690566
-0.119152 0.103699 -1.45014 -0.0681726 -0.327952 -0.942231
-0.1186 0.104869 -1.4504 -0.014292 -0.198576 -0.979981
-0.117491 0.103846 -1.44849 0.63644 -0.603649 0.480158
-0.117535 0.104599 -1.44987 0.551029 -0.369681 -0.748133
-0.117328 0.105267 -1.4501 0.463792 -0.52587 -0.712992
-0.117747 0.105129 -1.45024 0.373746 -0.350656 -0.858694
-0.118229 0.105083 -1.45043 0.207982 -0.218633 -0.953385
-0.11848 0.105235 -1.45047 -0.098148 -0.0601697 -0.993351
-0.119226 0.105243 -1.45028 -0.16692 -0.0544781 -0.984464
-0.115447 0.105618 -1.44962 0.498149 -0.597099 -0.628745
-0.115325 0.10592 -1.44973 0.489917 -0.401898 -0.773602
-0.115037 0.10587 -1.44939 0.746322 -0.587471 -0.31286
-0.1169 0.105485 -1.45004 0.299475 -0.437888 -0.847685
-0.115662 0.106036 -1.44844 0.595826 -0.466895 0.653452
-0.115482 0.106708 -1.44805 0.570104 -0.472435 0.672151
-0.114773 0.107433 -1.45016 0.164962 -0.511903 -0.843056
-0.115695 0.106912 -1.45027 0.275265 -0.393155 -0.877302
-0.11622 0.106408 -1.45019 0.213193 -0.321317 -0.922661
-0.117261 0.107142 -1.45057 0.0831457 -0.263006 -0.961205
-0.116211 0.107426 -1.45058 0.132122 -0.325666 -0.936208
-0.117769 0.105656 -1.4504 0.210751 -0.218653 -0.952772
-0.117371 0.106522 -1.45044 0.172875 -0.185049 -0.967404
-0.118018 0.10597 -1.45049 0.0465152 -0.114941 -0.992283
-0.118779 0.106006 -1.45035 -0.159106 -0.053573 -0.985807
-0.118188 0.107134 -1.45058 0.0219693 -0.299286 -0.95391
-0.11941 0.102433 -1.44755 0.574555 -0.548289 0.607672
-0.118159 0.104113 -1.44754 0.618057 -0.48497 0.618716
-0.120027 0.103195 -1.44665 0.510422 -0.474778 0.716976
-0.119019 0.10464 -1.44641 0.57738 -0.451795 0.680084
-0.116851 0.105281 -1.44784 0.537327 -0.477012 0.695514
-0.117572 0.105268 -1.44726 0.601874 -0.458205 0.654061
-0.116914 0.106234 -1.44729 0.555798 -0.423224 0.715521
-0.118406 0.104881 -1.44673 0.581538 -0.440236 0.684109
-0.117804 0.106076 -1.44657 0.592973 -0.417045 0.688808
-0.119815 0.104706 -1.44568 0.544596 -0.494394 0.677488
-0.118429 0.106339 -1.44586 0.642644 -0.410184 0.647116
-0.119392 0.105864 -1.44521 0.56943 -0.422278 0.705288
-0.118074 0.106746 -1.44599 0.613639 -0.437721 0.657151
-0.119241 0.107123 -1.44469 0.556808 -0.421938 0.715495
-0.116244 0.106289 -1.44768 0.544014 -0.436431 0.716643
-0.11696 0.107107 -1.44658 0.585139 -0.424842 0.69074
-0.116494 0.106811 -1.44723 0.556524 -0.454269 0.695645
-0.116381 0.107401 -1.44696 0.554986 -0.436047 0.708416
-0.116762 0.107828 -1.44638 0.567881 -0.420718 0.707466
-0.116035 0.108178 -1.44667 0.528311 -0.463773 0.711198
-0.117889 0.107252 -1.44577 0.60443 -0.445285 0.660595
-0.116816 0.108801 -1.44573 0.58648 -0.390206 0.709775
-0.118677 0.107622 -1.44477 0.573328 -0.419372 0.703862
-0.118391 0.108161 -1.44475 0.580276 -0.402823 0.707823
-0.117867 0.108377 -1.44503 0.587464 -0.406993 0.699459
-0.119898 0.106656 -1.44448 0.562705 -0.400675 0.723065
-0.119322 0.108348 -1.44395 0.557146 -0.413555 0.720111
-0.118573 0.108863 -1.44417 0.560635 -0.374586 0.738494
-0.11781 0.109048 -1.44474 0.609574 -0.331923 0.719894
-0.118624 0.109216 -1.44399 0.590785 -0.350453 0.726743
-0.118708 0.109567 -1.4437 0.619112 -0.356721 0.699608
-0.119709 0.109212 -1.44302 0.591004 -0.390193 0.706019
-0.112472 0.108788 -1.45081 0.448819 -0.652747 -0.610314
-0.112803 0.108664 -1.45085 0.151402 -0.576626 -0.802858
-0.112112 0.109146 -1.45092 0.635342 -0.593722 -0.493796
-0.112238 0.108849 -1.44982 0.809496 -0.481637 0.33577
-0.112465 0.108822 -1.44949 0.74476 -0.490374 0.452621
-0.11227 0.108734 -1.45044 0.714909 -0.647146 -0.264777
-0.111955 0.109162 -1.45044 0.878701 -0.475689 -0.0400476
-0.113353 0.107647 -1.44998 0.487798 -0.819145 -0.301752
-0.113603 0.10743 -1.44967 0.587509 -0.800787 -0.116504
-0.113009 0.107879 -1.44998 0.622861 -0.772654 -0.122675
-0.112737 0.108215 -1.45035 0.564398 -0.716986 -0.409128
-0.112391 0.108533 -1.45012 0.764035 -0.637488 0.0992934
-0.1132 0.107925 -1.45034 0.363104 -0.732851 -0.5754
-0.113776 0.108037 -1.45059 0.0880932 -0.575655 -0.812933
-0.11381 0.10741 -1.44999 0.376751 -0.793945 -0.477189
-0.113883 0.107587 -1.45023 0.163587 -0.684673 -0.710255
-0.113227 0.107776 -1.44943 0.71469 -0.664007 0.219803
-0.113423 0.107727 -1.4491 0.67714 -0.540772 0.499047
-0.112643 0.109043 -1.44908 0.695117 -0.324404 0.641541
-0.112076 0.109531 -1.45124 0.530226 -0.466232 -0.708158
-0.111952 0.110268 -1.4515 0.613818 -0.371831 -0.696397
-0.111695 0.110016 -1.45109 0.83755 -0.350717 -0.418937
-0.111833 0.110858 -1.45167 0.79724 -0.229138 -0.558483
-0.112356 0.109484 -1.45131 0.280145 -0.526115 -0.802946
-0.11258 0.109859 -1.45152 0.127323 -0.547424 -0.827113
-0.113547 0.110012 -1.45173 0.0220225 -0.531648 -0.846679
-0.112137 0.110546 -1.45187 0.54632 -0.377467 -0.747699
-0.112421 0.110493 -1.452 0.252618 -0.477672 -0.841435
-0.112792 0.110898 -1.45225 0.141092 -0.377322 -0.915271
-0.113967 0.110319 -1.45191 0.0889207 -0.548166 -0.83163
-0.114163 0.110991 -1.45241 0.231966 -0.54752 -0.803999
-0.111892 0.109504 -1.44993 0.913528 -0.272384 0.302114
-0.111577 0.110419 -1.4503 0.962948 -0.175843 0.204475
-0.111679 0.110606 -1.44988 0.915014 -0.0807122 0.395267
-0.112074 0.109719 -1.44943 0.791872 -0.236831 0.562895
-0.111957 0.110243 -1.44956 0.784739 -0.0591803 0.616994
-0.111556 0.110264 -1.45075 0.969161 -0.246306 -0.00777934
-0.111451 0.111029 -1.45058 0.989789 -0.0392246 0.13704
-0.111499 0.110854 -1.45111 0.960446 -0.10172 -0.259223
-0.111736 0.110922 -1.44975 0.80181 0.10874 0.587603
-0.114549 0.109206 -1.45123 0.0574743 -0.540062 -0.83966
-0.116591 0.108948 -1.45122 0.0578818 -0.499173 -0.864567
-0.115705 0.107808 -1.45062 0.150498 -0.401054 -0.903607
-0.114809 0.108289 -1.4507 0.143593 -0.469487 -0.871185
-0.115187 0.108898 -1.45103 0.12106 -0.514936 -0.848637
-0.11585 0.108753 -1.45113 0.117167 -0.475659 -0.871792
-0.117069 0.107765 -1.45075 0.114123 -0.369226 -0.922306
-0.118129 0.108566 -1.45137 0.0647954 -0.438478 -0.896403
-0.116795 0.109744 -1.45177 -0.0521308 -0.565081 -0.823387
-0.117213 0.109173 -1.45146 0.118543 -0.422711 -0.898478
-0.118575 0.109206 -1.45166 0.0338893 -0.473528 -0.880127
-0.117976 0.10939 -1.45166 0.183666 -0.452568 -0.87261
-0.114636 0.109989 -1.45181 0.177718 -0.616986 -0.766645
-0.116123 0.109603 -1.45165 0.0280896 -0.631765 -0.774651
-0.115506 0.109786 -1.45176 0.0829311 -0.63186 -0.770633
-0.115066 0.11034 -1.45229 0.190731 -0.612215 -0.767342
-0.115676 0.110451 -1.45246 0.0171082 -0.579443 -0.814833
-0.116364 0.110445 -1.45236 -0.163583 -0.522379 -0.836876
-0.11749 0.109936 -1.45181 0.0844684 -0.507336 -0.857599
-0.117022 0.110597 -1.45229 -0.0888147 -0.528049 -0.844557
-0.11727 0.111404 -1.45271 -0.068051 -0.391727 -0.917561
-0.117481 0.110762 -1.45241 0.133764 -0.486484 -0.863389
-0.11803 0.11061 -1.45247 0.115665 -0.408853 -0.905241
-0.11815 0.111197 -1.45267 -0.0659248 -0.241119 -0.968254
-0.111766 0.111718 -1.45189 0.838745 -0.0304976 -0.54367
-0.112003 0.111695 -1.45216 0.677645 -0.0760519 -0.731446
-0.112245 0.11163 -1.4523 0.410739 -0.231897 -0.881769
-0.113534 0.111362 -1.45249 0.145961 -0.465205 -0.873086
-0.112795 0.111768 -1.45251 0.21403 -0.365153 -0.90601
-0.112255 0.112363 -1.45236 0.606269 0.0594572 -0.793034
-0.112176 0.112662 -1.45222 0.750757 0.267673 -0.603916
-0.111835 0.112276 -1.45179 0.903617 0.293277 -0.312195
-0.112177 0.112876 -1.45201 0.764641 0.544421 -0.344862
-0.113036 0.113394 -1.45261 0.548423 0.591717 -0.590849
-0.11309 0.112217 -1.45282 0.297348 -0.331887 -0.895229
-0.113382 0.112623 -1.45303 0.284167 -0.0688902 -0.956297
-0.113001 0.11269 -1.45284 0.486395 -0.00814465 -0.873701
-0.112936 0.112925 -1.45276 0.537354 0.239154 -0.808738
-0.111588 0.111627 -1.45142 0.95635 0.0655859 -0.284768
-0.111461 0.11135 -1.45065 0.982812 0.177808 0.0496511
-0.111558 0.111327 -1.4503 0.912214 0.200429 0.357342
-0.111928 0.111616 -1.44985 0.738125 0.360558 0.570237
-0.111695 0.112166 -1.45134 0.941579 0.328698 -0.0733932
-0.111786 0.112255 -1.45071 0.846297 0.458968 0.270426
-0.112504 0.112653 -1.44999 0.630599 0.591304 0.502697
-0.112089 0.112737 -1.45087 0.697064 0.668553 0.259112
-0.112012 0.112801 -1.45155 0.821021 0.568668 -0.0504063
-0.112343 0.113143 -1.45151 0.633942 0.765602 0.109415
-0.112855 0.113254 -1.45062 0.482462 0.824185 0.296564
-0.113808 0.113452 -1.45008 0.418466 0.848807 0.323129
-0.112821 0.113433 -1.45228 0.58723 0.743353 -0.320293
-0.113278 0.113271 -1.45285 0.410766 0.394885 -0.821789
-0.113723 0.113638 -1.45275 0.381508 0.756454 -0.531252
-0.114054 0.113885 -1.45246 0.315701 0.916036 -0.247409
-0.112671 0.113399 -1.45193 0.566969 0.823273 -0.0277078
-0.113644 0.113701 -1.45103 0.371146 0.907852 0.195077
-0.114366 0.111521 -1.4528 0.181853 -0.429015 -0.884803
-0.115062 0.112102 -1.45311 0.0688783 -0.295328 -0.95291
-0.115605 0.111284 -1.45289 0.0455445 -0.376745 -0.925197
-0.114262 0.112696 -1.45316 0.18606 -0.168081 -0.968055
-0.11425 0.11331 -1.45319 0.287499 0.0796177 -0.954466
-0.114973 0.112935 -1.45339 0.0731163 -0.157624 -0.984789
-0.115729 0.11253 -1.45321 -0.0668486 -0.215531 -0.974206
-0.11577 0.112955 -1.45326 -0.125742 0.00881594 -0.992024
-0.116471 0.111448 -1.4529 -0.102611 -0.339372 -0.935039
-0.117133 0.112171 -1.45297 -0.17321 -0.165973 -0.970799
-0.117933 0.111997 -1.45288 -0.227428 -0.0273724 -0.97341
-0.116339 0.112392 -1.45315 -0.114629 -0.160774 -0.980312
-0.116858 0.112766 -1.45311 -0.264109 0.00492684 -0.96448
-0.117381 0.112626 -1.45292 -0.262395 0.0699872 -0.962419
-0.117292 0.113344 -1.45283 -0.359638 0.324527 -0.874839
-0.117836 0.113747 -1.45244 -0.332267 0.487589 -0.807376
-0.114467 0.113705 -1.45316 0.255683 0.512431 -0.819781
-0.114516 0.113953 -1.45294 0.274704 0.829935 -0.485537
-0.114655 0.114048 -1.45277 0.192325 0.936411 -0.293507
-0.114913 0.113663 -1.45324 0.00506357 0.498838 -0.866681
-0.11489 0.113276 -1.4534 0.0480455 0.179142 -0.982649
-0.115954 0.113706 -1.45311 -0.100657 0.464507 -0.87983
-0.115106 0.113939 -1.45303 0.02466 0.72186 -0.691599
-0.115255 0.114099 -1.45284 0.0216206 0.873796 -0.485811
-0.116601 0.11382 -1.45296 -0.263913 0.660341 -0.703064
-0.116597 0.113555 -1.45313 -0.237336 0.281604 -0.929715
-0.113464 0.113785 -1.45229 0.348658 0.925575 -0.147474
-0.115416 0.114254 -1.45133 0.208745 0.977204 0.0387104
-0.114691 0.114109 -1.45217 0.210621 0.972737 -0.0970689
-0.116035 0.11415 -1.45264 -0.0654471 0.890955 -0.449351
-0.115383 0.114208 -1.45245 0.112515 0.980244 -0.162675
-0.116457 0.114379 -1.45203 0.0212002 0.970718 -0.239285
-0.114652 0.113977 -1.45057 0.315752 0.932485 0.175419
-0.116663 0.114142 -1.4525 -0.228984 0.788636 -0.570631
-0.11717 0.114283 -1.45213 -0.15279 0.826455 -0.541874
-0.116829 0.11436 -1.45206 -0.0641878 0.936676 -0.344263
-0.117187 0.113778 -1.45257 -0.287063 0.613447 -0.735716
-0.11676 0.114472 -1.45138 0.0853579 0.994253 -0.0646129
-0.117374 0.114434 -1.45171 -0.0528637 0.965772 -0.253948
-0.117955 0.114398 -1.45165 -0.131793 0.92793 -0.348678
-0.117772 0.114135 -1.4522 -0.280601 0.697287 -0.659586
-0.117537 0.11451 -1.45121 0.0275521 0.990922 -0.131584
-0.118389 0.114625 -1.45074 -0.113741 0.969004 -0.219304
-0.113491 0.108577 -1.44849 0.62061 -0.350984 0.70118
-0.115299 0.108481 -1.44704 0.586786 -0.342416 0.73378
-0.114741 0.109001 -1.44728 0.600738 -0.279653 0.748938
-0.114025 0.108969 -1.44785 0.624849 -0.259229 0.736454
-0.113052 0.109971 -1.44846 0.696423 -0.110619 0.709054
-0.113559 0.110264 -1.44792 0.660092 -0.0470687 0.749708
-0.112471 0.110985 -1.44908 0.734791 0.155918 0.66013
-0.112883 0.110915 -1.44858 0.691497 0.149452 0.70675
-0.112769 0.111473 -1.44891 0.716358 0.304128 0.627963
-0.112878 0.111832 -1.44898 0.674007 0.3744 0.63682
-0.113739 0.111712 -1.44804 0.674387 0.29524 0.676784
-0.115154 0.112985 -1.4475 0.60914 0.581192 0.539596
-0.113967 0.110556 -1.44755 0.670565 0.0125779 0.741744
-0.114873 0.111082 -1.44682 0.668144 0.0415895 0.742868
-0.114961 0.112297 -1.4471 0.654285 0.426128 0.624761
-0.114898 0.110139 -1.4468 0.634679 -0.147263 0.758615
-0.116673 0.109577 -1.44547 0.627127 -0.280005 0.726849
-0.115853 0.109873 -1.44603 0.63232 -0.20526 0.74702
-0.115786 0.111487 -1.44601 0.7107 0.135655 0.690292
-0.115226 0.111942 -1.44666 0.675 0.248329 0.694772
-0.116274 0.111758 -1.44549 0.686693 0.168074 0.707251
-0.1162 0.112291 -1.44585 0.651731 0.37542 0.659019
-0.115992 0.112901 -1.44643 0.599588 0.53366 0.596406
-0.11707 0.110574 -1.44477 0.655767 -0.179697 0.733266
-0.117585 0.110835 -1.44428 0.649155 -0.133965 0.748766
-0.116388 0.110722 -1.4454 0.678941 -0.0558655 0.732064
-0.117152 0.111403 -1.44465 0.691483 0.0396817 0.721302
-0.118001 0.109984 -1.44418 0.637306 -0.257499 0.726316
-0.117851 0.111256 -1.44398 0.657906 0.0636456 0.750405
-0.119054 0.110238 -1.44316 0.659227 -0.236697 0.713719
-0.119457 0.110781 -1.4426 0.667023 -0.162196 0.727168
-0.118704 0.1117 -1.44332 0.688663 0.091475 0.719288
-0.118893 0.111111 -1.44314 0.676293 -0.0992597 0.729915
-0.119651 0.111399 -1.44234 0.699449 -0.0581337 0.712314
-0.119465 0.112506 -1.44268 0.714588 0.173834 0.677603
-0.116702 0.111827 -1.44517 0.6666 0.211866 0.714673
-0.11699 0.112602 -1.44525 0.627389 0.460881 0.627672
-0.116984 0.113216 -1.44588 0.52707 0.621013 0.580121
-0.117429 0.112201 -1.44457 0.644515 0.309365 0.69921
-0.118252 0.112339 -1.44392 0.681876 0.289744 0.671635
-0.118314 0.113162 -1.44438 0.68213 0.535977 0.49742
-0.117699 0.112936 -1.4449 0.579753 0.58711 0.564968
-0.118954 0.113307 -1.44366 0.632997 0.554382 0.540347
-0.118909 0.113679 -1.44425 0.555897 0.737687 0.38314
-0.118949 0.112871 -1.44335 0.703628 0.348115 0.619454
-0.119678 0.113007 -1.44268 0.628962 0.460414 0.626438
-0.112961 0.112411 -1.44933 0.61045 0.542718 0.576895
-0.113814 0.112566 -1.44851 0.62362 0.54063 0.564639
-0.113317 0.113034 -1.44972 0.481222 0.740676 0.468854
-0.113635 0.11285 -1.44907 0.548532 0.699951 0.457362
-0.115738 0.11336 -1.44731 0.521054 0.723828 0.4523
-0.114631 0.11371 -1.44955 0.370999 0.902108 0.220364
-0.116026 0.114286 -1.45022 0.229617 0.966185 0.117311
-0.114855 0.113579 -1.44873 0.458175 0.82202 0.338169
-0.115501 0.113925 -1.44893 0.319459 0.918938 0.231297
-0.116247 0.114102 -1.44885 0.286192 0.940671 0.182297
-0.116885 0.11437 -1.44948 0.235822 0.966609 0.100271
-0.118093 0.114616 -1.44907 0.169384 0.984754 0.0396125
-0.115721 0.113716 -1.44808 0.374537 0.871332 0.31702
-0.116688 0.11358 -1.44659 0.478826 0.744501 0.465235
-0.116609 0.114003 -1.44769 0.384403 0.882151 0.272108
-0.117373 0.114453 -1.44878 0.265358 0.958645 0.102887
-0.118722 0.114709 -1.44816 0.195599 0.978998 0.0574858
-0.117843 0.114398 -1.44742 0.296323 0.935355 0.193142
-0.117068 0.114502 -1.45071 0.134393 0.990833 -0.0137177
-0.118025 0.114677 -1.45 0.136591 0.990626 0.00186875
-0.117898 0.114034 -1.44621 0.411284 0.825191 0.387176
-0.118783 0.113918 -1.44497 0.504969 0.782897 0.363427
-0.118907 0.114592 -1.44685 0.243818 0.949361 0.198155
-0.168715 0.066679 -1.429 0.672348 -0.739991 -0.0190147
-0.168579 0.066841 -1.42934 0.590445 -0.796132 -0.132469
-0.168762 0.06669 -1.42874 0.705755 -0.667365 0.237769
-0.168251 0.067313 -1.42894 0.747139 -0.60899 0.266298
-0.168866 0.066774 -1.42844 0.737792 -0.559023 0.378359
-0.168995 0.067926 -1.4262 0.736687 -0.582589 0.34334
-0.169722 0.066202 -1.42786 0.397367 -0.896467 0.196077
-0.169981 0.066127 -1.42785 0.178563 -0.974902 0.132972
-0.170121 0.066097 -1.42825 0.134459 -0.988717 -0.0660294
-0.170327 0.066109 -1.42779 -0.0383462 -0.993107 0.11076
-0.170546 0.066115 -1.42833 -0.137459 -0.982114 -0.128675
-0.169246 0.06635 -1.42889 0.293771 -0.94568 -0.139243
-0.168991 0.066476 -1.42899 0.532603 -0.843315 -0.0717971
-0.169038 0.066552 -1.42932 0.353145 -0.858356 -0.372174
-0.168822 0.066875 -1.42971 0.25564 -0.843442 -0.472498
-0.169599 0.066914 -1.43002 0.0965234 -0.823541 -0.558985
-0.170018 0.066315 -1.4292 0.0429553 -0.928417 -0.369048
-0.169041 0.066446 -1.42868 0.585925 -0.790356 0.178969
-0.169515 0.066264 -1.42834 0.373303 -0.926923 0.0381919
-0.169086 0.066529 -1.42837 0.656798 -0.696094 0.289948
-0.169154 0.066733 -1.42791 0.756425 -0.545794 0.360459
-0.171499 0.066374 -1.42865 -0.218892 -0.942766 -0.251553
-0.171813 0.066375 -1.42838 -0.289341 -0.955353 -0.0598521
-0.172034 0.066481 -1.42847 -0.478164 -0.862186 -0.167317
-0.172387 0.066768 -1.42834 -0.727123 -0.685595 0.0353769
-0.172321 0.067121 -1.42978 -0.497791 -0.737116 -0.457016
-0.17191 0.067044 -1.42995 -0.193527 -0.828061 -0.526178
-0.171895 0.06679 -1.42948 -0.229508 -0.880212 -0.415395
-0.17205 0.0667 -1.42908 -0.385679 -0.865457 -0.319743
-0.17255 0.067072 -1.42928 -0.625502 -0.742121 -0.24084
-0.173022 0.067573 -1.42918 -0.785754 -0.597077 -0.161522
-0.172753 0.067228 -1.42874 -0.803082 -0.595133 0.0296207
-0.169434 0.066358 -1.42803 0.630603 -0.712761 0.307101
-0.170064 0.066529 -1.42677 0.403517 -0.793178 0.456117
-0.170271 0.066223 -1.42727 0.0914328 -0.939644 0.32971
-0.170773 0.066197 -1.42764 -0.173744 -0.965295 0.194981
-0.171409 0.066306 -1.42786 -0.22865 -0.971654 0.0600623
-0.171304 0.066348 -1.42742 -0.265051 -0.920077 0.288453
-0.170247 0.066886 -1.42615 0.125157 -0.850202 0.511364
-0.169894 0.066955 -1.42629 0.479722 -0.776946 0.407703
-0.170021 0.067159 -1.42572 0.264696 -0.823121 0.502402
-0.170487 0.066462 -1.42678 -0.0832312 -0.877881 0.47159
-0.170596 0.066813 -1.42631 -0.213116 -0.781064 0.586958
-0.170956 0.067158 -1.42615 -0.478199 -0.58808 0.652294
-0.169251 0.067004 -1.4273 0.747918 -0.537696 0.389233
-0.169471 0.066894 -1.42701 0.692119 -0.606243 0.391715
-0.168961 0.067064 -1.42792 0.753798 -0.538816 0.376119
-0.168972 0.067417 -1.4273 0.736841 -0.57836 0.350094
-0.169636 0.067121 -1.42636 0.682986 -0.647328 0.338374
-0.169337 0.067231 -1.4269 0.752848 -0.55633 0.351733
-0.169674 0.067334 -1.42575 0.59409 -0.685583 0.420752
-0.172052 0.066516 -1.42793 -0.508027 -0.845767 0.163053
-0.171844 0.066643 -1.4272 -0.56973 -0.712008 0.41043
-0.172301 0.066836 -1.42775 -0.769156 -0.554282 0.318074
-0.171499 0.066699 -1.42679 -0.37117 -0.713841 0.593855
-0.171749 0.066756 -1.42694 -0.644702 -0.474286 0.59951
-0.172647 0.067111 -1.42831 -0.833079 -0.526293 0.17028
-0.17301 0.067674 -1.42858 -0.858532 -0.454714 0.236976
-0.172705 0.067463 -1.42793 -0.849824 -0.345649 0.397901
-0.17146 0.067641 -1.42617 -0.606135 -0.395312 0.690165
-0.172022 0.066966 -1.42715 -0.783789 -0.340363 0.51945
-0.17188 0.067876 -1.4265 -0.744607 -0.268684 0.611039
-0.172247 0.068739 -1.42672 -0.790681 -0.15243 0.59295
-0.170371 0.067134 -1.42571 -0.169084 -0.783116 0.598448
-0.169797 0.067576 -1.42537 0.447226 -0.623517 0.64126
-0.170051 0.067416 -1.42538 0.15609 -0.704039 0.692795
-0.169538 0.068183 -1.42499 0.43072 -0.635459 0.640838
-0.169132 0.068227 -1.42545 0.699829 -0.590614 0.401765
-0.171031 0.067847 -1.42566 -0.642988 -0.370295 0.670409
-0.170491 0.067589 -1.42532 -0.393316 -0.570511 0.720985
-0.170478 0.068155 -1.42498 -0.478664 -0.364083 0.798952
-0.171078 0.068342 -1.42551 -0.707715 -0.208964 0.674888
-0.17009 0.067857 -1.42503 -0.0141834 -0.56909 0.822153
-0.169792 0.068087 -1.42491 0.217768 -0.563954 0.796576
-0.169291 0.068408 -1.42493 0.515929 -0.677098 0.524743
-0.169558 0.068499 -1.42467 0.227566 -0.585181 0.778316
-0.169829 0.068475 -1.42466 0.0135126 -0.416201 0.909172
-0.170085 0.068451 -1.42469 -0.20121 -0.324664 0.92418
-0.170746 0.068531 -1.42506 -0.671142 -0.159092 0.724057
-0.17147 0.068453 -1.42584 -0.710509 -0.186871 0.678422
-0.158215 0.074378 -1.43689 0.680555 -0.654283 0.329785
-0.157535 0.074697 -1.43807 0.580737 -0.81239 -0.0526027
-0.157866 0.074435 -1.43762 0.683664 -0.718382 0.128572
-0.156832 0.075289 -1.43808 0.635411 -0.75 0.18372
-0.156526 0.075598 -1.43897 0.380717 -0.891016 -0.247274
-0.15612 0.075782 -1.43905 0.344648 -0.919688 -0.188128
-0.157297 0.075162 -1.43886 0.398109 -0.834303 -0.381376
-0.157791 0.075369 -1.43951 0.320677 -0.831387 -0.453831
-0.157122 0.075497 -1.43938 0.321818 -0.864159 -0.386863
-0.156597 0.075482 -1.43864 0.477521 -0.86737 -0.140154
-0.156597 0.075448 -1.43839 0.575141 -0.814452 -0.0766801
-0.157101 0.075162 -1.43781 0.632763 -0.670956 0.386559
-0.156138 0.075736 -1.43868 0.47931 -0.87763 0.0052868
-0.156104 0.07583 -1.43839 0.616034 -0.762452 0.197912
-0.157836 0.074815 -1.43699 0.745923 -0.521303 0.414539
-0.157648 0.075111 -1.437 0.730641 -0.544563 0.411843
-0.158046 0.075421 -1.43599 0.724507 -0.489554 0.485208
-0.15686 0.076051 -1.43712 0.643488 -0.53776 0.544735
-0.157009 0.075664 -1.4373 0.657846 -0.549066 0.515524
-0.157238 0.076435 -1.43622 0.692819 -0.512053 0.507744
-0.152984 0.077238 -1.44067 0.115096 -0.750085 -0.65125
-0.153039 0.077041 -1.44031 0.386617 -0.874594 -0.292595
-0.152815 0.077135 -1.44004 0.589494 -0.636748 0.49704
-0.15312 0.076972 -1.44003 0.561137 -0.804641 0.194109
-0.152303 0.077274 -1.44054 0.415157 -0.901408 0.122914
-0.152682 0.07713 -1.4403 0.329973 -0.943378 -0.0340092
-0.150091 0.078646 -1.44126 0.390726 -0.0172516 -0.920345
-0.150552 0.078395 -1.44144 0.329276 -0.587998 -0.738807
-0.150422 0.078505 -1.44143 0.755307 -0.655193 0.0152817
-0.1506 0.078503 -1.44149 0.212142 -0.12546 -0.969152
-0.150392 0.078641 -1.44144 0.340899 0.0675739 -0.937668
-0.150681 0.078691 -1.44149 0.370407 -0.029151 -0.928412
-0.150331 0.078784 -1.44136 0.345676 -0.0459834 -0.937227
-0.150492 0.078902 -1.44145 0.375473 -0.422954 -0.8247
-0.15151 0.07772 -1.44125 0.183083 -0.822922 -0.537848
-0.151801 0.077628 -1.44116 0.0253588 -0.860055 -0.50957
-0.15143 0.077945 -1.44147 0.335599 -0.51903 -0.786117
-0.15175 0.077795 -1.44151 0.139052 -0.748763 -0.648088
-0.151874 0.077815 -1.44153 -0.33564 -0.670728 -0.661415
-0.151706 0.077924 -1.44159 0.160135 -0.241713 -0.957043
-0.151837 0.077937 -1.4416 -0.129237 -0.238805 -0.962429
-0.151977 0.077994 -1.44154 -0.387771 -0.230343 -0.892511
-0.151848 0.077735 -1.44132 -0.165853 -0.864234 -0.474966
-0.152039 0.077856 -1.44141 -0.432344 -0.63889 -0.636316
-0.152373 0.077813 -1.44122 -0.129048 -0.741869 -0.65801
-0.152278 0.077902 -1.44134 -0.239702 -0.68522 -0.687762
-0.152684 0.077934 -1.44136 0.127259 -0.79378 -0.594743
-0.151434 0.077631 -1.44111 0.407098 -0.891205 -0.200062
-0.15196 0.07755 -1.44099 -0.0817639 -0.837192 -0.540762
-0.15196 0.07737 -1.44066 0.40807 -0.905109 0.1194
-0.152424 0.077429 -1.44075 0.00333968 -0.785309 -0.619095
-0.151872 0.077436 -1.44083 0.0309947 -0.893808 -0.447377
-0.152316 0.077496 -1.44087 -0.0695308 -0.818624 -0.570106
-0.152728 0.077263 -1.44062 0.184157 -0.5666 -0.803151
-0.152771 0.077594 -1.44091 0.0459825 -0.753502 -0.655836
-0.152803 0.077436 -1.44079 0.14243 -0.646867 -0.749184
-0.152999 0.077644 -1.44105 0.180726 -0.827609 -0.531414
-0.15091 0.078024 -1.44124 0.65474 -0.755758 -0.0120274
-0.151687 0.078195 -1.4416 0.028223 -0.298539 -0.95398
-0.151382 0.078409 -1.44168 0.275829 -0.502266 -0.819541
-0.151351 0.078897 -1.44205 0.36214 -0.600449 -0.712963
-0.150888 0.078518 -1.44155 0.246763 -0.612375 -0.75107
-0.150901 0.078612 -1.44161 0.480335 -0.438145 -0.759808
-0.151269 0.07863 -1.44181 0.298963 -0.582482 -0.755868
-0.151006 0.078407 -1.44148 0.256228 -0.547596 -0.796546
-0.150731 0.078516 -1.44151 0.202188 -0.355076 -0.912711
-0.151161 0.078457 -1.4416 0.360767 -0.559167 -0.746444
-0.15081 0.078862 -1.44169 0.588626 -0.485374 -0.646476
-0.151046 0.078868 -1.44187 0.468666 -0.471512 -0.747013
-0.150659 0.078786 -1.44148 0.483911 -0.254899 -0.837172
-0.150826 0.078772 -1.44162 0.682378 -0.360314 -0.63603
-0.151683 0.078521 -1.4418 0.139267 -0.616489 -0.774949
-0.151826 0.078088 -1.44158 -0.148107 -0.0857332 -0.985248
-0.151967 0.078108 -1.44155 -0.183146 -0.255214 -0.949381
-0.152132 0.078027 -1.44147 -0.220681 -0.536189 -0.81474
-0.152117 0.078135 -1.44153 -0.0824175 -0.443315 -0.892569
-0.151968 0.078243 -1.44162 -0.0499426 -0.506566 -0.860754
-0.152344 0.07821 -1.44163 0.087193 -0.707763 -0.701049
-0.152431 0.078529 -1.44207 0.186501 -0.704371 -0.684893
-0.155371 0.076194 -1.43983 0.287747 -0.881698 -0.373913
-0.153196 0.076908 -1.44002 0.520844 -0.831879 0.191569
-0.153402 0.076818 -1.44002 0.223839 -0.972601 0.0627915
-0.153791 0.076735 -1.44005 0.101241 -0.978685 -0.178677
-0.153765 0.076807 -1.44015 0.036982 -0.811796 -0.582769
-0.154099 0.076763 -1.4401 0.104176 -0.955842 -0.274797
-0.153644 0.076857 -1.44021 -0.0480607 -0.863166 -0.502627
-0.154108 0.076837 -1.44025 0.200527 -0.836131 -0.510562
-0.153929 0.077353 -1.44083 0.218725 -0.747675 -0.62701
-0.153327 0.076951 -1.4404 0.202149 -0.666264 -0.717794
-0.153457 0.076961 -1.44043 -0.00334651 -0.66425 -0.747503
-0.153358 0.07686 -1.44028 0.274274 -0.888648 -0.36753
-0.153483 0.076858 -1.44032 -0.0988171 -0.875219 -0.473526
-0.153514 0.077098 -1.44051 -0.0283668 -0.459094 -0.887935
-0.153281 0.077157 -1.44055 0.0474079 -0.645098 -0.762628
-0.153658 0.077106 -1.4405 -0.0438728 -0.690639 -0.721868
-0.15384 0.077051 -1.44047 0.238373 -0.776372 -0.583459
-0.154015 0.077095 -1.44062 0.284938 -0.720042 -0.632732
-0.154604 0.076644 -1.44016 0.341338 -0.895478 -0.285672
-0.15462 0.076791 -1.44049 0.231964 -0.808011 -0.541582
-0.154446 0.077395 -1.44114 0.189649 -0.731464 -0.654977
-0.154603 0.077005 -1.44077 0.188368 -0.754805 -0.62832
-0.154264 0.077015 -1.44062 0.273082 -0.762389 -0.586677
-0.156626 0.076002 -1.44011 0.305488 -0.862039 -0.404433
-0.15745 0.07588 -1.44029 0.288408 -0.867579 -0.405127
-0.157314 0.076247 -1.44104 0.243047 -0.792522 -0.559318
-0.157037 0.076426 -1.4412 0.326116 -0.769383 -0.549271
-0.157216 0.076559 -1.44143 0.0298224 -0.74168 -0.67009
-0.156531 0.076341 -1.44064 0.32723 -0.767873 -0.550719
-0.157099 0.076841 -1.4417 0.104686 -0.616381 -0.780458
-0.156408 0.077183 -1.44167 0.330852 -0.710478 -0.621093
-0.157099 0.077145 -1.44187 0.157078 -0.620044 -0.768682
-0.157224 0.077418 -1.44211 0.193684 -0.589682 -0.784068
-0.1557 0.076819 -1.44087 0.227089 -0.73936 -0.63386
-0.1553 0.077267 -1.44116 0.222739 -0.72142 -0.655699
-0.153274 0.078066 -1.44179 0.0591682 -0.761136 -0.645888
-0.152921 0.078091 -1.44172 0.202149 -0.781933 -0.589675
-0.153717 0.078148 -1.44184 0.0402853 -0.74428 -0.666652
-0.154186 0.077885 -1.44164 0.0823801 -0.700187 -0.709191
-0.154884 0.077976 -1.44185 0.144108 -0.602566 -0.78495
-0.155194 0.077816 -1.44175 0.250089 -0.666242 -0.70255
-0.153001 0.07734 -1.44077 0.105684 -0.644905 -0.75692
-0.153292 0.07751 -1.44092 0.080871 -0.761048 -0.643634
-0.153372 0.077802 -1.44142 0.084967 -0.818794 -0.567765
-0.153824 0.077709 -1.44134 0.137732 -0.794573 -0.591341
-0.153071 0.077808 -1.44135 0.189246 -0.829568 -0.52536
-0.154916 0.077608 -1.4414 0.139002 -0.732907 -0.665977
-0.153142 0.078416 -1.44212 0.128302 -0.699334 -0.703186
-0.153681 0.07867 -1.44241 0.0188638 -0.65026 -0.759477
-0.153238 0.07881 -1.44254 0.0532215 -0.55171 -0.832336
-0.153021 0.078969 -1.4426 0.0970134 -0.619014 -0.779365
-0.154275 0.078202 -1.44193 -0.116213 -0.598041 -0.792996
-0.153979 0.078489 -1.44225 -0.0360357 -0.717587 -0.695536
-0.154583 0.078333 -1.44195 -0.0705823 -0.486444 -0.870856
-0.154669 0.078217 -1.44192 0.133091 -0.377467 -0.916409
-0.154844 0.078212 -1.44198 0.323149 -0.599384 -0.732334
-0.154705 0.078342 -1.44195 0.293881 -0.583417 -0.757139
-0.154827 0.078365 -1.44213 0.534785 -0.643198 -0.547997
-0.154508 0.078554 -1.44219 -0.0599591 -0.757392 -0.650202
-0.154649 0.078573 -1.44225 0.309148 -0.796093 -0.520253
-0.154378 0.078787 -1.44253 0.155273 -0.710729 -0.686116
-0.153874 0.079314 -1.44276 0.126559 -0.465827 -0.875779
-0.154385 0.079047 -1.44272 0.258183 -0.507598 -0.822001
-0.155769 0.077623 -1.44193 0.304793 -0.65274 -0.693565
-0.155593 0.078207 -1.44233 0.280857 -0.633751 -0.720748
-0.156539 0.077541 -1.44205 0.18883 -0.593715 -0.782206
-0.156671 0.078293 -1.4426 0.114419 -0.547111 -0.829203
-0.155573 0.078546 -1.44259 0.181794 -0.680085 -0.710236
-0.155322 0.078469 -1.44246 0.181936 -0.698163 -0.692436
-0.154952 0.078246 -1.44212 0.309035 -0.746791 -0.588897
-0.155189 0.078355 -1.44229 0.20037 -0.725754 -0.658128
-0.155237 0.078204 -1.44211 0.280151 -0.735169 -0.617286
-0.154913 0.078519 -1.44236 0.299222 -0.726929 -0.618094
-0.154948 0.078699 -1.44264 0.175875 -0.705584 -0.686454
-0.155404 0.078846 -1.44283 0.181249 -0.508344 -0.841864
-0.154799 0.078972 -1.44282 0.158347 -0.490197 -0.857108
-0.154974 0.079267 -1.44291 -0.0232797 -0.508034 -0.861023
-0.155992 0.078957 -1.44311 0.166665 -0.587567 -0.791825
-0.156108 0.078255 -1.44248 0.165758 -0.617248 -0.769109
-0.15317 0.077636 -1.43942 0.244812 -0.620356 0.745135
-0.15265 0.077852 -1.439 -0.53836 0.765839 -0.351652
-0.153456 0.078191 -1.43767 0.472279 -0.859165 0.196946
-0.153572 0.078834 -1.43649 -0.664784 -0.624233 0.41036
-0.153554 0.07861 -1.43669 0.570979 -0.707259 0.416855
-0.155621 0.075998 -1.43922 0.40646 -0.910944 0.0705005
-0.154894 0.076339 -1.43953 0.608064 -0.790145 -0.0769967
-0.154684 0.07654 -1.43986 0.481352 -0.873125 -0.0771621
-0.15516 0.07616 -1.43951 0.402597 -0.893566 -0.198634
-0.155004 0.076344 -1.4398 0.454691 -0.854363 -0.251634
-0.155071 0.076186 -1.43932 0.48334 -0.869109 0.105034
-0.155042 0.076416 -1.43891 0.516056 -0.79771 0.312002
-0.154671 0.076589 -1.43921 0.648638 -0.747959 0.140805
-0.154614 0.076687 -1.43891 0.613632 -0.729022 0.303286
-0.154487 0.076713 -1.43942 0.519174 -0.783762 0.340845
-0.154509 0.076795 -1.43893 0.79907 -0.552172 0.237894
-0.155728 0.075969 -1.43888 0.541466 -0.817558 0.195994
-0.155863 0.076305 -1.43795 0.586993 -0.683576 0.433777
-0.155013 0.076835 -1.43814 0.595178 -0.684316 0.421278
-0.154622 0.076923 -1.43853 0.6926 -0.521876 0.497947
-0.154718 0.07699 -1.43836 0.742886 -0.457983 0.488234
-0.15478 0.077122 -1.43809 0.817413 -0.470338 0.332592
-0.153288 0.076999 -1.43978 0.334798 -0.622374 0.707503
-0.153709 0.07683 -1.43979 0.289402 -0.823753 0.487521
-0.153436 0.077026 -1.43972 0.391169 -0.529856 0.752489
-0.153557 0.077087 -1.43957 0.545442 -0.408245 0.732003
-0.15374 0.076951 -1.43955 0.361999 -0.726055 0.584638
-0.153945 0.07676 -1.43986 0.152983 -0.958824 0.239277
-0.154012 0.076862 -1.43955 0.400158 -0.810093 0.428512
-0.153793 0.077185 -1.43937 0.434287 -0.175645 0.883484
-0.154108 0.076951 -1.43932 0.426814 -0.675074 0.601751
-0.154194 0.076996 -1.43922 0.547623 -0.341583 0.763826
-0.154042 0.077036 -1.43932 0.483674 -0.430417 0.762103
-0.154347 0.077028 -1.4391 0.796661 -0.317564 0.51428
-0.1543 0.077168 -1.43914 0.805574 -0.200304 0.55761
-0.154146 0.077233 -1.43927 0.528153 -0.0821132 0.84517
-0.154029 0.077224 -1.43931 0.378132 -0.0212678 0.925507
-0.154224 0.077289 -1.43917 0.760877 -0.20245 0.616507
-0.153151 0.077086 -1.43979 0.512766 -0.621374 0.592423
-0.153412 0.077273 -1.43961 0.32372 -0.399723 0.85757
-0.153143 0.077278 -1.43969 0.419494 -0.469398 0.776975
-0.153708 0.077503 -1.43947 0.360813 -0.205301 0.909761
-0.154011 0.077506 -1.43928 0.401162 -0.101491 0.910368
-0.1539 0.077767 -1.43927 0.302206 -0.489493 0.817966
-0.153724 0.07776 -1.43933 0.109977 -0.620282 0.776631
-0.154269 0.076705 -1.43979 0.291541 -0.955463 0.0457741
-0.154296 0.076706 -1.43956 0.326412 -0.897179 0.297533
-0.154545 0.076657 -1.4396 0.449946 -0.886157 0.110787
-0.154296 0.076807 -1.43942 0.325236 -0.722313 0.610316
-0.154415 0.076843 -1.43935 0.493133 -0.745909 0.447704
-0.154362 0.076924 -1.43917 0.667157 -0.645175 0.37236
-0.154382 0.077146 -1.43887 0.928012 -0.266518 0.26031
-0.154342 0.077406 -1.43884 0.898833 -0.185077 0.397297
-0.154107 0.077534 -1.43923 0.689872 -0.110761 0.715408
-0.154079 0.077659 -1.43926 0.578214 -0.256651 0.774467
-0.154137 0.077704 -1.43913 0.83414 -0.304809 0.459676
-0.15403 0.077867 -1.43911 0.537264 -0.583748 0.608758
-0.154221 0.077708 -1.43895 0.810922 -0.300282 0.502231
-0.154314 0.077768 -1.43879 0.847895 -0.214258 0.484941
-0.154184 0.07793 -1.43888 0.713514 -0.383374 0.586449
-0.154427 0.077837 -1.43825 0.823041 -0.565895 -0.0486469
-0.1544 0.077864 -1.43854 0.902028 -0.392949 0.178707
-0.154654 0.077135 -1.43836 0.807133 -0.242119 0.538436
-0.154462 0.077107 -1.43858 0.859938 -0.251162 0.444324
-0.154503 0.077244 -1.4385 0.758569 -0.0277216 0.651002
-0.154591 0.077386 -1.43842 0.834513 -0.184778 0.519081
-0.15448 0.077464 -1.43854 0.874629 -0.123705 0.468743
-0.154631 0.077387 -1.43829 0.916784 -0.338978 0.21119
-0.154631 0.077395 -1.43814 0.873743 -0.467102 0.135603
-0.154538 0.077566 -1.43835 0.90411 -0.383277 0.188902
-0.155642 0.076034 -1.43956 0.240567 -0.94714 -0.212258
-0.156044 0.076198 -1.44008 0.222796 -0.862612 -0.45416
-0.15497 0.077063 -1.4378 0.6506 -0.603428 0.461079
-0.155162 0.07724 -1.43743 0.610635 -0.562881 0.557037
-0.154771 0.077275 -1.4379 0.765592 -0.512886 0.388351
-0.154231 0.077974 -1.43797 0.555135 -0.83075 -0.0409875
-0.154497 0.077713 -1.43794 0.835313 -0.515628 0.190733
-0.154237 0.077987 -1.43771 0.378388 -0.896005 0.232373
-0.154535 0.077805 -1.4377 0.648857 -0.659108 0.380211
-0.153871 0.078122 -1.43797 0.291119 -0.939121 -0.182485
-0.154176 0.07814 -1.43827 0.503286 -0.845647 -0.17772
-0.153962 0.078091 -1.4377 0.29204 -0.952792 0.0830655
-0.154149 0.078124 -1.43728 0.229857 -0.937792 0.260214
-0.154356 0.078172 -1.43701 0.257046 -0.898637 0.355498
-0.154615 0.078065 -1.43702 0.443209 -0.784291 0.434112
-0.154677 0.077478 -1.43774 0.745366 -0.471411 0.471382
-0.155029 0.077509 -1.4374 0.670895 -0.501131 0.546596
-0.154845 0.077691 -1.43741 0.647139 -0.581102 0.493489
-0.154664 0.077646 -1.43766 0.771923 -0.407075 0.488287
-0.154589 0.07791 -1.43747 0.512209 -0.776114 0.367816
-0.154061 0.078273 -1.4369 0.303223 -0.839201 0.451439
-0.154544 0.078279 -1.43671 0.217696 -0.814514 0.537751
-0.153853 0.078555 -1.43665 0.377162 -0.70964 0.595113
-0.154079 0.078545 -1.4365 0.4063 -0.765934 0.498262
-0.154159 0.07866 -1.43621 0.591091 -0.722809 0.357992
-0.154408 0.078456 -1.43648 0.0931288 -0.847295 0.522895
-0.155077 0.077739 -1.43703 0.55513 -0.640583 0.530551
-0.154909 0.078174 -1.43665 0.440105 -0.64011 0.629735
-0.154624 0.078374 -1.43658 0.124966 -0.702059 0.701068
-0.154948 0.078308 -1.4365 0.626346 -0.513512 0.586512
-0.154816 0.07854 -1.43642 0.26906 -0.799661 0.536794
-0.156274 0.076232 -1.43755 0.584282 -0.598792 0.54778
-0.156253 0.076897 -1.43691 0.559607 -0.588245 0.583787
-0.153207 0.077878 -1.43921 -0.112372 -0.754944 0.64609
-0.153344 0.078181 -1.43878 -0.126941 -0.918778 0.373808
-0.153865 0.078118 -1.43889 0.0545896 -0.809801 0.58416
-0.154041 0.078043 -1.43894 0.408801 -0.630947 0.659385
-0.153227 0.07825 -1.43832 0.437989 -0.847099 0.300979
-0.153693 0.078245 -1.43827 0.14749 -0.979415 -0.137814
-0.153915 0.078239 -1.43858 0.019577 -0.995125 0.096658
-0.154048 0.078233 -1.43873 0.291479 -0.914622 0.280189
-0.154296 0.077991 -1.4387 0.826553 -0.404826 0.391057
-0.154197 0.078129 -1.43872 0.665991 -0.596843 0.447476
-0.154249 0.078114 -1.43857 0.737565 -0.672258 0.0637729
-0.153869 0.078926 -1.43631 0.405472 -0.785592 0.467372
-0.158645 0.075843 -1.43473 0.697078 -0.478082 0.53434
-0.157379 0.077471 -1.43494 0.647977 -0.541568 0.535566
-0.158311 0.076643 -1.43456 0.709535 -0.483266 0.512848
-0.15804 0.077435 -1.43408 0.693218 -0.537969 0.479623
-0.153054 0.081532 -1.43349 0.682703 -0.567925 0.459759
-0.152782 0.081406 -1.43395 0.87873 0.467484 0.0963936
-0.153651 0.081154 -1.43332 0.281251 -0.687631 0.669374
-0.153377 0.081412 -1.43324 0.360079 -0.522172 0.773097
-0.153325 0.081726 -1.43312 0.419156 -0.154138 0.894735
-0.15368 0.081376 -1.43323 -0.138107 -0.354734 0.924711
-0.153901 0.081228 -1.43338 -0.184491 -0.426484 0.88548
-0.153618 0.081713 -1.43311 -0.0348704 -0.235289 0.9713
-0.153887 0.081768 -1.43315 -0.0759851 -0.312937 0.946729
-0.154177 0.078746 -1.43596 0.551915 -0.815159 0.175799
-0.154247 0.078744 -1.43571 0.621963 -0.528195 0.578076
-0.154491 0.078619 -1.43604 0.110767 -0.938441 0.327199
-0.15469 0.078665 -1.43596 -0.06397 -0.914744 0.398938
-0.154544 0.078831 -1.4355 0.172785 -0.780658 0.600599
-0.154794 0.078932 -1.43554 -0.261675 -0.853905 0.449859
-0.155109 0.078329 -1.43629 0.538518 -0.633281 0.555836
-0.155003 0.078544 -1.43615 0.403305 -0.802051 0.440521
-0.155063 0.078971 -1.4355 0.0966442 -0.825746 0.5557
-0.154867 0.079223 -1.43501 -0.173199 -0.816713 0.550438
-0.155596 0.079181 -1.43504 0.358234 -0.723569 0.590013
-0.156604 0.077178 -1.43627 0.620824 -0.577647 0.530001
-0.156082 0.078047 -1.43584 0.541823 -0.62715 0.559562
-0.156812 0.078063 -1.43492 0.599588 -0.584626 0.546541
-0.159147 0.077982 -1.43187 0.69606 -0.547413 0.464585
-0.157895 0.078067 -1.43348 0.666651 -0.574905 0.474405
-0.157997 0.079259 -1.43192 0.684299 -0.535458 0.494994
-0.156049 0.079043 -1.43475 0.556659 -0.616317 0.557032
-0.157008 0.079131 -1.43353 0.638429 -0.599961 0.482136
-0.155713 0.080186 -1.43373 0.521173 -0.625014 0.581151
-0.156597 0.079779 -1.43311 0.605287 -0.621839 0.496934
-0.157391 0.079644 -1.43239 0.635352 -0.58996 0.498272
-0.154018 0.078815 -1.43625 0.626084 -0.65975 0.41563
-0.154032 0.078866 -1.43612 0.643083 -0.742371 0.187964
-0.154024 0.078872 -1.43597 0.568231 -0.711685 0.41306
-0.15389 0.07894 -1.43616 0.423 -0.900223 0.103295
-0.153601 0.078963 -1.43624 -0.875995 0.188645 -0.443899
-0.153731 0.078976 -1.43627 0.0813952 -0.955377 0.283955
-0.153702 0.078995 -1.43611 -0.0185377 -0.980092 -0.197676
-0.154913 0.079637 -1.43449 -0.225939 -0.726413 0.649057
-0.154716 0.079677 -1.43437 0.268673 -0.694609 0.667333
-0.155185 0.079611 -1.43459 -0.0201041 -0.76613 0.642371
-0.155548 0.079703 -1.43439 0.329236 -0.719455 0.611546
-0.154429 0.080325 -1.43397 0.250215 -0.661596 0.706883
-0.155092 0.080045 -1.43419 0.0671303 -0.646794 0.759705
-0.155249 0.080544 -1.43373 0.346529 -0.614327 0.708886
-0.156045 0.080418 -1.43308 0.664648 -0.538372 0.518072
-0.155825 0.081045 -1.43277 0.615578 -0.589053 0.523527
-0.153921 0.080779 -1.43366 0.340388 -0.695419 0.632873
-0.15433 0.08117 -1.43341 0.105773 -0.52788 0.842707
-0.154888 0.081054 -1.4334 0.16249 -0.627473 0.761495
-0.154177 0.081575 -1.43325 0.167542 -0.429963 0.887165
-0.154605 0.081394 -1.43315 0.244317 -0.543914 0.802787
-0.154728 0.081542 -1.43303 0.298576 -0.51694 0.802262
-0.155026 0.081579 -1.43287 0.440815 -0.607016 0.661222
-0.158623 0.07884 -1.43156 0.695361 -0.550989 0.461393
-0.158252 0.079673 -1.4312 0.687541 -0.574432 0.444203
-0.157643 0.079936 -1.43172 0.658404 -0.569743 0.49183
-0.158112 0.080143 -1.43073 0.660799 -0.60328 0.44654
-0.158533 0.080396 -1.4297 0.715999 -0.547019 0.433722
-0.155982 0.081522 -1.43192 0.604586 -0.582723 0.543056
-0.155508 0.083035 -1.43109 0.656518 -0.540402 0.52626
-0.156794 0.08095 -1.43153 0.648377 -0.577052 0.496607
-0.156448 0.082789 -1.43014 0.683313 -0.524835 0.507574
-0.156836 0.08303 -1.42931 0.672265 -0.546505 0.499392
-0.157399 0.081223 -1.43034 0.680984 -0.532543 0.502651
-0.157163 0.082064 -1.42986 0.708534 -0.505399 0.492495
-0.158064 0.081402 -1.42924 0.719624 -0.524116 0.45546
-0.158148 0.081731 -1.42869 0.724964 -0.514804 0.457607
-0.158997 0.08109 -1.42821 0.705759 -0.511845 0.489815
-0.158909 0.081715 -1.42774 0.705324 -0.541301 0.457724
-0.159186 0.08193 -1.42688 0.700729 -0.56571 0.434686
-0.159588 0.081734 -1.42655 0.692328 -0.564457 0.449523
-0.158012 0.082962 -1.42764 0.748895 -0.472119 0.465038
-0.157924 0.082504 -1.42824 0.718568 -0.495375 0.488122
-0.158654 0.083109 -1.42643 0.756831 -0.461986 0.462359
-0.159149 0.082625 -1.42609 0.730533 -0.517318 0.445762
-0.159112 0.083115 -1.42567 0.755547 -0.44276 0.482817
-0.159439 0.083464 -1.42482 0.780992 -0.452 0.430984
-0.158019 0.084764 -1.42552 0.652693 -0.614125 0.443668
-0.158716 0.084147 -1.42549 0.727983 -0.513717 0.454021
-0.15951 0.084372 -1.42371 0.75663 -0.507376 0.412408
-0.159 0.084535 -1.42449 0.711062 -0.583261 0.39268
-0.15866 0.085178 -1.42403 0.664088 -0.604999 0.439275
-0.159538 0.085309 -1.42241 0.706623 -0.578784 0.407054
-0.159977 0.084564 -1.42271 0.754566 -0.507809 0.415644
-0.137997 0.087207 -1.44562 0.574512 -0.818366 -0.0146389
-0.136363 0.088655 -1.44661 0.667775 -0.618988 -0.413438
-0.135734 0.088915 -1.44581 0.58541 -0.801464 -0.122272
-0.137919 0.087578 -1.4468 0.379366 -0.792262 -0.477915
-0.137352 0.087588 -1.44607 0.564733 -0.824185 -0.042373
-0.137388 0.087601 -1.44638 0.463871 -0.842067 -0.27522
-0.137966 0.087334 -1.44636 0.438214 -0.850789 -0.290045
-0.136976 0.087987 -1.44666 0.646419 -0.708013 -0.28436
-0.136846 0.088791 -1.44758 0.644142 -0.573124 -0.506566
-0.137329 0.087929 -1.44704 0.448552 -0.75432 -0.479377
-0.137602 0.088587 -1.44803 0.467446 -0.723413 -0.508102
-0.136483 0.088358 -1.44618 0.653288 -0.74686 -0.124157
-0.13166 0.091913 -1.446 0.537678 -0.840401 0.0680302
-0.131196 0.092362 -1.44681 0.439904 -0.854448 -0.27641
-0.131459 0.092049 -1.44634 0.4771 -0.855188 -0.202557
-0.131057 0.092649 -1.44738 0.312528 -0.848053 -0.42794
-0.132732 0.091493 -1.44607 0.435895 -0.862132 -0.25831
-0.133081 0.091583 -1.44662 0.472603 -0.759658 -0.446728
-0.133456 0.091593 -1.44706 0.508827 -0.679878 -0.528073
-0.131701 0.092103 -1.44671 0.259396 -0.863067 -0.433392
-0.131887 0.091858 -1.44631 0.326691 -0.875758 -0.355416
-0.132915 0.092131 -1.44734 0.337302 -0.728601 -0.596127
-0.137335 0.089275 -1.44887 0.560112 -0.638577 -0.527726
-0.13758 0.08946 -1.44918 0.439536 -0.513812 -0.736753
-0.136911 0.089122 -1.44796 0.713476 -0.515273 -0.474812
-0.136776 0.089694 -1.44853 0.76996 -0.521905 -0.367119
-0.136106 0.090481 -1.44808 0.713158 -0.573969 -0.402449
-0.136739 0.090155 -1.44899 0.689469 -0.525094 -0.498907
-0.137115 0.090783 -1.44961 0.486896 -0.347549 -0.801338
-0.135108 0.089587 -1.44652 0.517958 -0.707572 -0.480688
-0.134201 0.090157 -1.44562 0.659635 -0.751586 5.78306e-05
-0.135678 0.089131 -1.44633 0.572707 -0.742991 -0.346367
-0.134896 0.089578 -1.44614 0.623335 -0.745564 -0.235769
-0.135822 0.089799 -1.44714 0.426443 -0.519714 -0.7403
-0.135513 0.090691 -1.4477 0.452705 -0.584418 -0.673434
-0.134865 0.090433 -1.44724 0.452162 -0.562804 -0.691955
-0.133604 0.090805 -1.44597 0.627081 -0.709117 -0.322369
-0.134659 0.09026 -1.44689 0.615313 -0.624973 -0.480416
-0.136302 0.089224 -1.44715 0.688969 -0.483085 -0.540324
-0.135802 0.089319 -1.44675 0.5206 -0.607468 -0.599966
-0.136285 0.089457 -1.4473 0.680988 -0.390254 -0.619643
-0.136213 0.089794 -1.44738 0.616382 -0.433177 -0.657594
-0.136357 0.089938 -1.44771 0.762435 -0.479063 -0.43496
-0.136049 0.090113 -1.44752 0.536938 -0.598099 -0.594959
-0.134935 0.092275 -1.44889 0.417254 -0.563851 -0.712721
-0.13643 0.090751 -1.44922 0.596499 -0.384264 -0.704649
-0.136174 0.090831 -1.4489 0.74493 -0.482004 -0.46125
-0.135804 0.091356 -1.44887 0.688168 -0.535379 -0.489687
-0.136216 0.09131 -1.44923 0.595168 -0.334777 -0.730547
-0.137275 0.09145 -1.44989 0.47777 -0.246717 -0.843129
-0.135495 0.091876 -1.44894 0.528784 -0.471233 -0.705923
-0.136583 0.092106 -1.44975 0.503238 -0.34253 -0.793363
-0.137157 0.092036 -1.45005 0.35698 -0.326032 -0.875368
-0.136633 0.092645 -1.45007 0.412441 -0.202276 -0.888244
-0.13744 0.092309 -1.45019 0.0711308 -0.107001 -0.991711
-0.137013 0.09241 -1.45015 0.244351 -0.237301 -0.940203
-0.134083 0.09132 -1.44726 0.480781 -0.56571 -0.669941
-0.134866 0.091266 -1.44775 0.486462 -0.537957 -0.688446
-0.135654 0.09116 -1.44826 0.584347 -0.622377 -0.520755
-0.135293 0.09156 -1.44841 0.588392 -0.598013 -0.54422
-0.134032 0.090919 -1.44687 0.585465 -0.60913 -0.534969
-0.13437 0.091853 -1.4478 0.472226 -0.620466 -0.626118
-0.138409 0.086903 -1.44507 0.633711 -0.741192 0.221462
-0.138542 0.08706 -1.44453 0.563198 -0.695921 0.445534
-0.138026 0.08769 -1.44418 0.496377 -0.639292 0.587295
-0.136202 0.088769 -1.44469 0.607232 -0.700887 0.374202
-0.13593 0.088786 -1.44532 0.606055 -0.779519 0.158263
-0.135719 0.089153 -1.44485 0.604337 -0.693865 0.391571
-0.136499 0.088767 -1.44433 0.540992 -0.638741 0.547117
-0.136138 0.089684 -1.44396 0.565663 -0.533652 0.628682
-0.137527 0.08761 -1.44514 0.591084 -0.777262 0.215603
-0.136619 0.088242 -1.44522 0.604906 -0.777017 0.174166
-0.137004 0.08825 -1.44456 0.540775 -0.720356 0.434337
-0.138117 0.088826 -1.44309 0.487397 -0.601708 0.632765
-0.13695 0.089164 -1.44358 0.52922 -0.560676 0.636843
-0.13713 0.090059 -1.44276 0.542341 -0.548153 0.636706
-0.138362 0.089615 -1.44206 0.511387 -0.58205 0.632219
-0.13849 0.090242 -1.44143 0.529619 -0.537725 0.656015
-0.139014 0.090782 -1.44057 0.557822 -0.542806 0.62785
-0.13387 0.090613 -1.44513 0.621576 -0.704096 0.343354
-0.133589 0.09072 -1.44546 0.633441 -0.762409 0.132235
-0.133169 0.091121 -1.44506 0.587766 -0.699493 0.406498
-0.133564 0.091243 -1.44456 0.527158 -0.546631 0.650614
-0.13126 0.092474 -1.44552 0.572236 -0.656181 0.491907
-0.131778 0.092195 -1.44525 0.542946 -0.621371 0.564897
-0.130768 0.092659 -1.44599 0.622237 -0.742576 0.247794
-0.130768 0.092906 -1.44544 0.552146 -0.638165 0.536545
-0.131452 0.092957 -1.44495 0.508379 -0.54952 0.663008
-0.132578 0.091489 -1.44576 0.510628 -0.857686 -0.0602871
-0.132684 0.091415 -1.44548 0.588542 -0.801355 0.106997
-0.132176 0.091737 -1.44553 0.515823 -0.810703 0.276926
-0.132156 0.091683 -1.44582 0.441055 -0.893749 0.0817558
-0.131918 0.091777 -1.44605 0.402649 -0.910023 -0.0986492
-0.131898 0.091916 -1.44552 0.551457 -0.75825 0.347782
-0.132385 0.091732 -1.44523 0.556244 -0.663717 0.500073
-0.133415 0.090872 -1.44572 0.614249 -0.77728 -0.136143
-0.132029 0.093217 -1.44427 0.496765 -0.541936 0.677886
-0.133106 0.091974 -1.44442 0.526727 -0.504019 0.684488
-0.133977 0.092491 -1.44344 0.558241 -0.503628 0.659338
-0.132843 0.093606 -1.44344 0.485562 -0.584472 0.650094
-0.133493 0.093214 -1.44326 0.541526 -0.543899 0.641033
-0.135309 0.089193 -1.44559 0.614642 -0.786932 0.054336
-0.134942 0.089669 -1.445 0.59796 -0.719513 0.353194
-0.135658 0.089441 -1.44454 0.567977 -0.583244 0.580714
-0.134254 0.090168 -1.44526 0.651724 -0.719319 0.240491
-0.134792 0.090216 -1.44451 0.540123 -0.600076 0.590064
-0.136202 0.090098 -1.4435 0.557759 -0.541516 0.629019
-0.134229 0.09031 -1.44499 0.625135 -0.649652 0.432618
-0.134134 0.090671 -1.44467 0.542484 -0.6148 0.572479
-0.134331 0.091393 -1.44393 0.508397 -0.516953 0.688688
-0.135505 0.090523 -1.44371 0.529351 -0.539079 0.655119
-0.13523 0.091888 -1.44294 0.521983 -0.549791 0.652122
-0.136002 0.091772 -1.44227 0.549144 -0.538955 0.638724
-0.136927 0.090899 -1.44222 0.558339 -0.505521 0.657804
-0.134531 0.092452 -1.44291 0.542774 -0.545417 0.638684
-0.133743 0.094015 -1.44227 0.493962 -0.603199 0.626221
-0.134396 0.093709 -1.44198 0.542613 -0.552275 0.632901
-0.133688 0.094469 -1.44191 0.480169 -0.599016 0.640794
-0.135682 0.092692 -1.44173 0.528203 -0.550774 0.646258
-0.136514 0.092788 -1.441 0.553188 -0.553629 0.622477
-0.137563 0.090565 -1.44188 0.554868 -0.510808 0.656656
-0.137525 0.091423 -1.44137 0.542192 -0.519191 0.660658
-0.138623 0.091178 -1.44054 0.569061 -0.547372 0.61364
-0.137841 0.091811 -1.44078 0.549755 -0.582661 0.598561
-0.136643 0.091783 -1.44177 0.527891 -0.549268 0.647794
-0.13728 0.092454 -1.44056 0.538718 -0.584595 0.606657
-0.139398 0.091289 -1.43973 0.573414 -0.55295 0.604519
-0.138079 0.092283 -1.44 0.552286 -0.579394 0.599402
-0.13951 0.092039 -1.43895 0.575385 -0.553562 0.60208
-0.138285 0.093023 -1.43911 0.532809 -0.598629 0.598129
-0.138806 0.092729 -1.43899 0.537357 -0.589886 0.602728
-0.134915 0.092935 -1.4422 0.538273 -0.559052 0.630653
-0.1368 0.093423 -1.44013 0.566016 -0.572461 0.593224
-0.1354 0.094224 -1.4407 0.539565 -0.585266 0.605255
-0.134632 0.094507 -1.4411 0.513431 -0.613324 0.600185
-0.136191 0.094528 -1.4396 0.553777 -0.592702 0.584837
-0.137535 0.094434 -1.4384 0.558846 -0.576873 0.595743
-0.142951 0.08354 -1.44505 0.414743 -0.871023 -0.263261
-0.142261 0.084013 -1.44515 0.555388 -0.782662 -0.281039
-0.142332 0.084574 -1.44597 0.402718 -0.743819 -0.533434
-0.141732 0.084567 -1.44539 0.567131 -0.736506 -0.368675
-0.141413 0.085003 -1.44595 0.498684 -0.79017 -0.356294
-0.143334 0.083482 -1.44528 0.256916 -0.923746 -0.284055
-0.144298 0.083411 -1.44557 -0.0195459 -0.87488 -0.483945
-0.144613 0.083664 -1.44587 -0.218817 -0.768163 -0.601702
-0.142681 0.083909 -1.44551 0.437589 -0.736398 -0.515978
-0.143969 0.083767 -1.44603 0.209739 -0.733522 -0.646495
-0.144272 0.083816 -1.44613 -0.0300592 -0.736998 -0.675226
-0.145085 0.083711 -1.44566 -0.229378 -0.788241 -0.571018
-0.144387 0.084227 -1.44648 -0.0020363 -0.678223 -0.734853
-0.143538 0.084932 -1.44702 0.154644 -0.70462 -0.692529
-0.143527 0.085531 -1.4476 0.129911 -0.732477 -0.668282
-0.14471 0.084486 -1.4467 -0.0806472 -0.760634 -0.644152
-0.144213 0.084938 -1.44713 0.100214 -0.70958 -0.697462
-0.144467 0.085313 -1.44762 0.121554 -0.722655 -0.680437
-0.145701 0.084078 -1.44591 -0.0816204 -0.809461 -0.581474
-0.145782 0.084452 -1.44648 -0.0983448 -0.800501 -0.591207
-0.145975 0.084595 -1.44661 -0.111904 -0.807943 -0.578538
-0.14625 0.084204 -1.44612 -0.17481 -0.794622 -0.581393
-0.146714 0.084136 -1.44571 -0.229128 -0.817591 -0.528248
-0.146739 0.084336 -1.44607 -0.139595 -0.843707 -0.518335
-0.146441 0.084643 -1.44663 -0.0718225 -0.846312 -0.527824
-0.146599 0.08447 -1.44629 -0.138513 -0.831247 -0.53837
-0.146294 0.08444 -1.44637 -0.154547 -0.768016 -0.621504
-0.147248 0.084562 -1.44641 -0.190262 -0.846894 -0.496559
-0.145356 0.084866 -1.44719 -0.0549972 -0.814712 -0.577253
-0.145879 0.085411 -1.44772 -0.2418 -0.5643 -0.789366
-0.14543 0.085175 -1.44763 -0.0770197 -0.721784 -0.687819
-0.146121 0.084989 -1.44722 -0.0969772 -0.792765 -0.601763
-0.146678 0.085085 -1.44725 -0.218065 -0.62365 -0.750672
-0.146348 0.085259 -1.44744 -0.170332 -0.61793 -0.767561
-0.146904 0.085448 -1.4474 -0.404637 -0.499101 -0.766268
-0.146814 0.085771 -1.44773 -0.345213 -0.469429 -0.812689
-0.147395 0.085175 -1.44708 -0.280694 -0.509233 -0.813568
-0.14818 0.08502 -1.44663 -0.270422 -0.705204 -0.655407
-0.147175 0.084736 -1.44679 -0.156349 -0.792007 -0.590153
-0.147421 0.08493 -1.44688 -0.317908 -0.70386 -0.635229
-0.148162 0.085368 -1.44695 -0.417 -0.399548 -0.816377
-0.147133 0.085647 -1.44738 -0.420126 -0.447672 -0.789357
-0.147924 0.085747 -1.44715 -0.346481 -0.398245 -0.849324
-0.148658 0.085001 -1.44641 -0.366206 -0.600149 -0.711136
-0.148488 0.085172 -1.4466 -0.436541 -0.435897 -0.787036
-0.148674 0.085192 -1.44653 -0.470738 -0.363853 -0.803752
-0.14875 0.085468 -1.44657 -0.513888 -0.373242 -0.772405
-0.148372 0.085581 -1.44686 -0.577913 -0.199563 -0.791322
-0.14813 0.086041 -1.44714 -0.60315 -0.105305 -0.790646
-0.148678 0.085609 -1.44668 -0.463644 -0.183902 -0.866726
-0.148656 0.085742 -1.4467 -0.314139 -0.0928584 -0.944825
-0.148457 0.085732 -1.44681 -0.600222 0.0422274 -0.798718
-0.148566 0.085981 -1.4467 -0.365984 0.121611 -0.922641
-0.148342 0.086138 -1.44696 -0.740021 0.0311702 -0.671861
-0.148451 0.085987 -1.44677 -0.70262 0.000578371 -0.711565
-0.148945 0.085702 -1.44658 -0.374763 -0.501692 -0.779652
-0.148955 0.085808 -1.44665 -0.326559 -0.269915 -0.905817
-0.148923 0.085923 -1.44666 -0.244186 0.130334 -0.96093
-0.147885 0.080325 -1.442 0.657921 -0.752303 -0.0343495
-0.147872 0.080819 -1.44237 0.225212 -0.598016 -0.769192
-0.145429 0.082146 -1.4429 0.761893 -0.646586 -0.038025
-0.145491 0.082134 -1.44297 0.173659 -0.662837 -0.728348
-0.145511 0.082057 -1.44289 0.0878925 -0.994796 0.0515436
-0.145517 0.082193 -1.44279 -0.148599 -0.492008 0.857815
-0.145349 0.082267 -1.44293 0.728594 -0.629623 -0.269678
-0.145472 0.082253 -1.44303 0.466018 -0.497088 -0.731937
-0.145301 0.082301 -1.44279 0.715147 -0.6303 0.302137
-0.145375 0.082275 -1.4428 0.334471 -0.765289 0.549966
-0.145735 0.082278 -1.44299 -0.0120729 -0.991427 -0.130102
-0.145601 0.082262 -1.44306 -0.0587756 -0.731765 -0.679018
-0.145644 0.082312 -1.44285 -0.214027 -0.707852 0.673155
-0.145766 0.0823 -1.44286 0.600415 -0.729597 0.3274
-0.145863 0.081836 -1.44273 0.700177 -0.632688 -0.330845
-0.146087 0.081768 -1.44276 0.363363 -0.769786 -0.524782
-0.146381 0.081627 -1.44273 0.369683 -0.760068 -0.534445
-0.147282 0.081546 -1.44285 0.173339 -0.650492 -0.739468
-0.146692 0.081695 -1.44289 0.184442 -0.658157 -0.729939
-0.14591 0.082156 -1.44298 0.619868 -0.550053 -0.559648
-0.145987 0.082241 -1.44312 0.338994 -0.771851 -0.537893
-0.145799 0.08209 -1.44278 0.896534 -0.258406 -0.359796
-0.145797 0.082234 -1.44281 0.899426 -0.314328 -0.303694
-0.14644 0.082083 -1.4431 0.140885 -0.650907 -0.745971
-0.147291 0.08202 -1.44322 0.224611 -0.660898 -0.716076
-0.147593 0.082073 -1.44341 0.206168 -0.717173 -0.665701
-0.147957 0.081965 -1.44339 0.164179 -0.626473 -0.761956
-0.145841 0.081897 -1.44253 0.787543 -0.595353 0.159156
-0.145785 0.082234 -1.44228 0.810176 -0.190973 0.554206
-0.145887 0.082075 -1.44225 0.794058 -0.377339 0.476537
-0.145389 0.082345 -1.44268 0.121294 -0.439195 0.890166
-0.145511 0.082337 -1.44276 -0.305365 -0.50412 0.807846
-0.145742 0.082119 -1.44266 0.888132 -0.396392 -0.232584
-0.14568 0.082241 -1.44269 0.906189 -0.181787 -0.381804
-0.145705 0.082228 -1.44255 0.921669 -0.362337 0.138702
-0.145752 0.082374 -1.44274 0.797001 -0.601919 -0.0498203
-0.145626 0.082401 -1.44259 0.67367 -0.690374 0.263729
-0.145663 0.082395 -1.44263 0.617699 -0.710527 -0.337044
-0.145947 0.082307 -1.44209 0.722778 0.0611101 0.688374
-0.146498 0.081238 -1.44221 0.384799 -0.702595 0.598573
-0.146412 0.081339 -1.44239 0.598604 -0.748811 -0.284527
-0.146878 0.081082 -1.44229 0.45045 -0.875385 -0.17549
-0.148246 0.081001 -1.44258 0.301935 -0.584065 -0.753461
-0.146142 0.081662 -1.44246 0.627527 -0.768771 -0.123288
-0.146114 0.081751 -1.44218 0.806784 -0.553225 0.207465
-0.146062 0.082078 -1.442 0.845817 -0.200242 0.494466
-0.146133 0.081828 -1.44193 0.650105 -0.471456 0.595896
-0.1462 0.081908 -1.44168 -0.171326 -0.591181 0.788132
-0.146216 0.082202 -1.44173 0.877646 0.105728 0.467503
-0.146209 0.082394 -1.44182 0.806265 0.167974 0.567205
-0.146368 0.08237 -1.44156 0.694291 -0.246322 0.676229
-0.146362 0.082759 -1.44169 0.911789 -0.0104435 0.410525
-0.146467 0.082747 -1.44137 0.986903 0.0679014 0.146331
-0.146499 0.083021 -1.44094 0.832825 -0.494627 0.248489
-0.14287 0.083525 -1.44471 0.456229 -0.889748 0.0143004
-0.143209 0.083433 -1.44433 0.405981 -0.898331 0.167873
-0.142861 0.083632 -1.44424 0.501807 -0.786288 0.360474
-0.14304 0.083779 -1.44388 0.454444 -0.747431 0.484589
-0.142882 0.083727 -1.44407 0.568696 -0.671734 0.474719
-0.141102 0.084893 -1.44474 0.634377 -0.772961 -0.00981429
-0.140434 0.085383 -1.44485 0.60494 -0.796157 -0.0134948
-0.140647 0.085321 -1.4444 0.559062 -0.690304 0.45927
-0.141298 0.085692 -1.44344 0.556291 -0.622903 0.550029
-0.141957 0.084155 -1.44485 0.613706 -0.788767 -0.0348209
-0.14194 0.084213 -1.4446 0.585288 -0.754782 0.296215
-0.142534 0.083806 -1.4446 0.624495 -0.721206 0.29978
-0.142697 0.084338 -1.44349 0.549191 -0.664652 0.506583
-0.14141 0.084742 -1.44444 0.582364 -0.694631 0.422304
-0.141625 0.085207 -1.44369 0.586429 -0.62075 0.520357
-0.142281 0.084997 -1.44315 0.576095 -0.611692 0.542168
-0.14313 0.08462 -1.44277 0.525021 -0.59362 0.609892
-0.142952 0.085323 -1.4423 0.543648 -0.588745 0.598185
-0.14223 0.085944 -1.44233 0.53743 -0.579369 0.61278
-0.142998 0.086063 -1.44144 0.576276 -0.573586 0.582156
-0.14522 0.082996 -1.44416 0.0411256 -0.89223 -0.449704
-0.144286 0.083103 -1.44346 0.268933 -0.868776 0.415817
-0.144493 0.083066 -1.44351 0.139484 -0.981978 0.127525
-0.144562 0.083158 -1.44318 0.419304 -0.794092 0.440002
-0.145223 0.082405 -1.44282 0.864277 -0.431551 0.258435
-0.145193 0.082539 -1.44286 0.970648 -0.22682 -0.0799695
-0.145151 0.082778 -1.44299 0.903958 -0.424356 -0.0527393
-0.145549 0.082357 -1.44314 0.367453 -0.668006 -0.647106
-0.145717 0.082324 -1.44314 0.0177615 -0.979063 -0.202782
-0.145299 0.082409 -1.44298 0.756738 -0.439262 -0.484145
-0.145293 0.08265 -1.4432 0.631861 -0.663549 -0.400567
-0.145599 0.082624 -1.44346 0.243796 -0.761953 -0.599993
-0.144725 0.08301 -1.44391 0.171408 -0.985156 0.00935761
-0.144795 0.08301 -1.4435 0.298636 -0.951409 0.0750857
-0.145037 0.082897 -1.44325 0.547639 -0.83659 -0.0144393
-0.145348 0.082909 -1.44404 0.04345 -0.922345 -0.383917
-0.145342 0.082826 -1.44366 0.328654 -0.89456 -0.302901
-0.145539 0.082817 -1.44373 0.0462522 -0.899348 -0.434781
-0.145168 0.082924 -1.44392 0.2332 -0.961022 -0.14851
-0.144987 0.082991 -1.44408 0.0761154 -0.963997 -0.254785
-0.144941 0.083054 -1.44298 0.687193 -0.610027 0.394504
-0.143715 0.083201 -1.44447 0.27974 -0.958249 -0.0592003
-0.143562 0.083307 -1.44406 0.511004 -0.809709 0.288523
-0.143939 0.083152 -1.44377 0.425838 -0.892636 0.147861
-0.144385 0.083089 -1.44409 0.166824 -0.983349 -0.0720733
-0.144074 0.083183 -1.44459 0.163421 -0.974053 -0.156569
-0.144487 0.083118 -1.44479 0.0239907 -0.968429 -0.248131
-0.145011 0.083234 -1.44486 -0.214318 -0.917262 -0.335705
-0.145063 0.083414 -1.44517 -0.192489 -0.872209 -0.449666
-0.144704 0.083045 -1.44419 0.0559691 -0.973331 -0.222473
-0.144933 0.083066 -1.44424 0.0576353 -0.951223 -0.303073
-0.144757 0.082993 -1.44404 0.132783 -0.986609 -0.0947129
-0.145048 0.083095 -1.44443 -0.174616 -0.929128 -0.325929
-0.145385 0.083254 -1.44449 -0.240088 -0.857792 -0.454479
-0.145325 0.083297 -1.44464 -0.277902 -0.930065 -0.240311
-0.145294 0.083507 -1.4453 -0.227582 -0.868232 -0.440886
-0.143713 0.083442 -1.44365 0.553193 -0.654347 0.515565
-0.144063 0.083133 -1.44357 0.474472 -0.769534 0.427427
-0.144221 0.083064 -1.44362 0.197487 -0.97332 0.116824
-0.144239 0.083202 -1.44337 0.490127 -0.613258 0.619427
-0.146566 0.082946 -1.44423 0.182814 -0.825141 -0.534529
-0.146984 0.082964 -1.44434 0.0436493 -0.796609 -0.602917
-0.147044 0.083106 -1.44448 -0.0731335 -0.628404 -0.774442
-0.146134 0.082486 -1.44348 0.16875 -0.720454 -0.672658
-0.146551 0.082695 -1.44381 0.220656 -0.812603 -0.539432
-0.146312 0.082829 -1.44383 0.24521 -0.772559 -0.585683
-0.146461 0.082585 -1.44362 0.124947 -0.74293 -0.657604
-0.146736 0.082378 -1.44337 0.132743 -0.736715 -0.663046
-0.145986 0.082959 -1.44392 0.00457421 -0.866982 -0.498318
-0.147151 0.08244 -1.44364 0.211587 -0.73747 -0.641381
-0.146914 0.082657 -1.44387 0.0741106 -0.799437 -0.596162
-0.14718 0.082669 -1.44387 0.129689 -0.677505 -0.723994
-0.147564 0.082382 -1.44369 0.053188 -0.666013 -0.744042
-0.147423 0.082701 -1.44399 0.225746 -0.573494 -0.787492
-0.147676 0.082856 -1.44413 -0.00731881 -0.650366 -0.759585
-0.147053 0.082339 -1.44344 0.267199 -0.763194 -0.588337
-0.145469 0.083347 -1.44493 -0.41741 -0.858205 -0.298751
-0.145457 0.083156 -1.44432 -0.128344 -0.814175 -0.566257
-0.145744 0.083105 -1.44424 -0.0325669 -0.818846 -0.573089
-0.145716 0.083255 -1.44444 -0.0247383 -0.765642 -0.642791
-0.145537 0.08333 -1.44458 -0.245046 -0.888153 -0.388763
-0.145639 0.083427 -1.44474 -0.566608 -0.71914 -0.402236
-0.14579 0.08343 -1.44462 -0.135865 -0.786247 -0.60279
-0.145985 0.083409 -1.44459 0.176455 -0.797404 -0.577071
-0.146066 0.08317 -1.44438 0.197995 -0.812789 -0.547879
-0.146358 0.083137 -1.44449 0.207487 -0.786512 -0.581677
-0.146485 0.083165 -1.44455 0.0234162 -0.711676 -0.702118
-0.14607 0.083516 -1.44493 0.238519 -0.88717 -0.395016
-0.146274 0.083397 -1.44474 0.0748765 -0.818379 -0.56978
-0.146661 0.083545 -1.44487 -0.186766 -0.852822 -0.487662
-0.145563 0.083564 -1.44521 -0.436059 -0.845129 -0.309208
-0.145604 0.083688 -1.44541 -0.289336 -0.881979 -0.37202
-0.145866 0.083771 -1.44542 -0.08057 -0.977526 -0.194811
-0.145821 0.083648 -1.44507 -0.51217 -0.854801 -0.0836497
-0.145724 0.083612 -1.44493 -0.281534 -0.94618 -0.159628
-0.146292 0.083621 -1.44517 0.0747228 -0.873214 -0.481575
-0.145924 0.08372 -1.44517 -0.0554732 -0.96006 -0.27424
-0.146152 0.083736 -1.44545 0.0152795 -0.935177 -0.353851
-0.146182 0.083706 -1.44531 0.0622091 -0.941174 -0.332147
-0.146348 0.083741 -1.44536 -0.19173 -0.840038 -0.507519
-0.146202 0.083828 -1.44558 -0.158358 -0.871718 -0.463713
-0.145635 0.083526 -1.44489 -0.6714 -0.669445 -0.317908
-0.145743 0.083576 -1.44479 -0.317221 -0.819218 -0.477757
-0.145859 0.083569 -1.44483 0.21197 -0.903349 -0.372867
-0.14668 0.083455 -1.44473 -0.0735644 -0.686377 -0.723516
-0.146943 0.083514 -1.44478 -0.139742 -0.730721 -0.668221
-0.147511 0.083444 -1.44456 -0.0665176 -0.678602 -0.731488
-0.146506 0.083593 -1.4451 -0.200929 -0.855833 -0.476631
-0.146746 0.083759 -1.4452 -0.258155 -0.792781 -0.552137
-0.147192 0.083683 -1.4449 -0.1599 -0.800941 -0.576997
-0.14742 0.083766 -1.44498 0.049371 -0.823957 -0.564498
-0.145223 0.082567 -1.44272 0.741951 -0.310193 0.594382
-0.145159 0.082709 -1.44276 0.950602 -0.186813 0.247906
-0.145226 0.082747 -1.44264 0.587971 -0.113052 0.800943
-0.145146 0.082835 -1.4428 0.888145 -0.194393 0.416425
-0.145211 0.082905 -1.44269 0.685183 -0.0280165 0.727832
-0.145343 0.082469 -1.44271 0.50446 -0.179748 0.844518
-0.145513 0.082405 -1.44272 0.0708019 -0.811934 0.579439
-0.145376 0.082478 -1.44269 0.374502 -0.172876 0.910968
-0.145467 0.082516 -1.44261 0.593722 -0.445011 0.670417
-0.14553 0.082451 -1.44259 0.56324 -0.578692 0.58981
-0.145371 0.082616 -1.44268 0.483222 -0.273481 0.831688
-0.145641 0.082432 -1.44274 0.00872004 -0.902753 0.430071
-0.145369 0.082783 -1.4426 0.515424 -0.194218 0.834636
-0.145461 0.082701 -1.44252 0.638288 -0.169346 0.750939
-0.14553 0.0827 -1.44248 0.560299 -0.221436 0.798142
-0.145564 0.082923 -1.44245 0.64885 -0.191099 0.736529
-0.145358 0.082936 -1.4426 0.553866 -0.0968595 0.826953
-0.145674 0.082617 -1.44237 0.615765 -0.161111 0.771282
-0.145705 0.082498 -1.44235 0.818988 -0.162765 0.550242
-0.145831 0.082546 -1.44225 0.602717 0.211865 0.769315
-0.145845 0.082646 -1.44231 0.438474 0.0439126 0.897671
-0.145673 0.082885 -1.44232 0.706975 -0.130039 0.695181
-0.145759 0.082798 -1.44227 0.432039 -0.254693 0.865144
-0.145707 0.082999 -1.44226 0.575873 -0.327503 0.749074
-0.145042 0.083518 -1.44237 0.504084 -0.698912 0.507367
-0.145127 0.08307 -1.44272 0.627874 -0.370696 0.684367
-0.145292 0.083202 -1.44251 0.530418 -0.504993 0.68091
-0.145524 0.08334 -1.44218 0.603499 -0.666929 0.43703
-0.145525 0.083342 -1.44203 0.45687 -0.889137 0.0265506
-0.145659 0.083217 -1.44215 0.514717 -0.691269 0.507163
-0.145711 0.083281 -1.44201 0.167366 -0.833838 0.526025
-0.145269 0.083529 -1.44205 0.604762 -0.796392 -0.00476701
-0.145111 0.083551 -1.44176 0.82013 -0.553583 -0.144678
-0.145127 0.08359 -1.44163 0.889649 -0.318922 0.326822
-0.145185 0.083508 -1.44176 0.570615 -0.816209 -0.0905578
-0.145207 0.08351 -1.44162 0.498718 -0.838911 0.217964
-0.14533 0.08345 -1.44176 0.433502 -0.863512 0.257726
-0.145338 0.083512 -1.44164 0.0270489 -0.984182 0.175081
-0.145225 0.083497 -1.44148 0.247349 -0.875852 0.414369
-0.145179 0.083631 -1.44151 0.69131 -0.0383748 0.721538
-0.145398 0.08351 -1.44151 -0.254984 -0.83261 0.491674
-0.145093 0.083677 -1.44179 0.988685 0.0244885 0.147996
-0.145203 0.083759 -1.44155 0.928499 -0.0704006 0.3646
-0.145473 0.083312 -1.44173 0.0386564 -0.864123 0.501794
-0.145438 0.083342 -1.44187 0.478608 -0.87048 -0.114887
-0.145579 0.083323 -1.44189 -0.0538826 -0.987787 0.146198
-0.145592 0.0834 -1.44178 -0.37675 -0.709648 0.595365
-0.145932 0.083336 -1.44185 0.376367 -0.695264 0.612337
-0.14572 0.083432 -1.44181 -0.0893408 -0.818583 0.567398
-0.145472 0.083489 -1.44165 -0.0434411 -0.812843 0.580861
-0.1456 0.083555 -1.44159 -0.126902 -0.789957 0.599886
-0.145867 0.083466 -1.44171 0.156032 -0.807752 0.568498
-0.145366 0.083529 -1.44147 0.00336845 -0.254213 0.967142
-0.145365 0.083846 -1.44133 -0.20035 -0.535565 0.820384
-0.145623 0.083883 -1.44132 0.0892536 -0.551669 0.829274
-0.144387 0.083704 -1.44265 0.518906 -0.69093 0.503341
-0.144193 0.083639 -1.44302 0.536953 -0.644744 0.544047
-0.144671 0.083899 -1.44215 0.525057 -0.652594 0.546293
-0.143871 0.084135 -1.44261 0.528333 -0.638563 0.559556
-0.1438 0.084448 -1.44241 0.540371 -0.586469 0.603369
-0.14482 0.084363 -1.44156 0.639552 -0.533832 0.553169
-0.145012 0.083868 -1.44178 0.418321 -0.650628 0.633791
-0.145151 0.083665 -1.44192 0.744242 -0.667888 -0.00548082
-0.145072 0.083802 -1.44183 0.597856 -0.474319 0.646212
-0.145171 0.083842 -1.44176 0.732995 -0.32571 0.597186
-0.145188 0.083904 -1.4416 0.946224 -0.307938 0.0991639
-0.145047 0.08401 -1.44165 0.583738 -0.59906 0.548067
-0.145126 0.083829 -1.44129 0.616187 -0.507644 0.602171
-0.145115 0.083955 -1.44132 0.971291 0.136648 0.194734
-0.145251 0.083873 -1.44119 -0.283883 -0.0286566 0.958431
-0.14523 0.08399 -1.44126 0.316338 0.140267 0.938219
-0.145353 0.083984 -1.44133 -0.336065 -0.123268 0.933737
-0.145163 0.084086 -1.44137 0.863288 -0.276961 0.421931
-0.145223 0.084122 -1.44125 0.559846 -0.549329 0.620331
-0.145352 0.084087 -1.44125 0.148543 -0.718467 0.679515
-0.145236 0.084179 -1.44111 0.425694 -0.736291 0.525985
-0.145027 0.084291 -1.4414 0.740895 -0.540251 0.399004
-0.1451 0.084294 -1.44116 0.733284 -0.532807 0.422387
-0.146012 0.082721 -1.4422 0.55848 -0.0502759 0.827993
-0.146125 0.08274 -1.44209 0.776309 0.0111333 0.630254
-0.145973 0.08318 -1.44197 0.519358 -0.536244 0.665365
-0.146191 0.083403 -1.44154 0.571726 -0.569237 0.590846
-0.146268 0.083009 -1.44181 0.79621 -0.306775 0.521477
-0.146432 0.083273 -1.44138 0.886079 -0.289579 0.361951
-0.146337 0.083499 -1.44133 0.630763 -0.588191 0.506132
-0.145949 0.083689 -1.4414 0.359199 -0.73079 0.580449
-0.146324 0.083588 -1.44122 0.689691 -0.706641 0.158066
-0.146401 0.083464 -1.44121 0.916264 -0.399233 0.0327722
-0.146201 0.083648 -1.44125 0.475574 -0.796067 0.374309
-0.146222 0.083664 -1.44111 0.636171 -0.764966 0.100567
-0.147468 0.084249 -1.44582 -0.103714 -0.849264 -0.517682
-0.144262 0.084763 -1.44161 0.556194 -0.617647 0.556022
-0.14393 0.085247 -1.44145 0.604804 -0.585696 0.539604
-0.143593 0.086053 -1.44084 0.562283 -0.567016 0.601939
-0.142392 0.086589 -1.44158 0.55545 -0.549242 0.624346
-0.143091 0.086865 -1.44069 0.593272 -0.544766 0.592671
-0.143623 0.086872 -1.44011 0.593894 -0.572568 0.565204
-0.145682 0.084034 -1.44114 0.388605 -0.758303 0.523414
-0.146009 0.083866 -1.44108 0.560362 -0.698917 0.444419
-0.145862 0.083992 -1.44102 0.430917 -0.823331 0.369372
-0.14598 0.084052 -1.44078 0.443482 -0.80945 0.384856
-0.145994 0.084063 -1.43897 -0.951096 0.0526776 0.30437
-0.146155 0.084101 -1.43979 0.931859 -0.0446861 -0.360057
-0.146101 0.084323 -1.43996 0.875529 -0.481808 0.0361885
-0.146059 0.084427 -1.43965 0.928044 -0.370033 -0.042546
-0.145415 0.084242 -1.44096 0.332261 -0.751536 0.569909
-0.145042 0.084423 -1.44114 0.819903 -0.348712 0.454047
-0.14523 0.084526 -1.44083 0.596785 -0.549062 0.585132
-0.145663 0.084102 -1.44103 0.414903 -0.815887 0.402721
-0.145487 0.084297 -1.44083 0.507941 -0.694534 0.509528
-0.145775 0.084299 -1.44058 0.558627 -0.623277 0.547231
-0.145666 0.08417 -1.44081 0.494555 -0.757609 0.425962
-0.145842 0.084094 -1.44077 0.332634 -0.837051 0.434396
-0.145856 0.084165 -1.44066 0.427755 -0.753269 0.499612
-0.146013 0.084175 -1.44045 0.526832 -0.709 0.468794
-0.145995 0.084364 -1.44022 0.648413 -0.666047 0.368703
-0.145871 0.084321 -1.44041 0.62418 -0.602363 0.497551
-0.14556 0.084537 -1.44057 0.516649 -0.661713 0.543332
-0.145658 0.084818 -1.44007 0.486554 -0.753269 0.44255
-0.145303 0.084848 -1.4403 0.490071 -0.682234 0.542574
-0.144608 0.085101 -1.44074 0.60862 -0.554773 0.567282
-0.145938 0.084672 -1.43971 0.871926 -0.485863 0.0606767
-0.145817 0.084708 -1.44009 0.59888 -0.677552 0.426926
-0.145929 0.084641 -1.44 0.786345 -0.558877 0.263284
-0.145772 0.084855 -1.43977 0.70806 -0.644419 0.288746
-0.145993 0.084497 -1.43938 0.973923 -0.216904 -0.0665356
-0.145936 0.084763 -1.43939 0.935708 -0.318493 0.151696
-0.145989 0.08457 -1.43912 0.992607 -0.113409 -0.0432439
-0.145955 0.084829 -1.4392 0.973094 -0.228311 0.0310168
-0.145511 0.085034 -1.4399 0.585322 -0.637395 0.501125
-0.145456 0.085391 -1.43956 0.64133 -0.634058 0.432049
-0.145052 0.085347 -1.44006 0.584172 -0.612506 0.532521
-0.146325 0.083295 -1.44047 0.87598 -0.476685 0.0736939
-0.146281 0.083561 -1.44081 0.882793 -0.467695 -0.044029
-0.146248 0.083634 -1.44055 0.97218 -0.233725 0.0154394
-0.146256 0.08364 -1.44 0.99143 0.0751412 -0.106864
-0.146252 0.083709 -1.44029 0.980876 -0.0823105 0.176374
-0.146091 0.083759 -1.44112 0.62645 -0.69958 0.343726
-0.146143 0.083767 -1.44099 0.758244 -0.619124 0.204334
-0.146108 0.083885 -1.44089 0.786673 -0.497405 0.365695
-0.146171 0.083849 -1.44076 0.88321 -0.423689 0.201067
-0.146115 0.083967 -1.44078 0.733355 -0.591424 0.335271
-0.146129 0.083993 -1.44066 0.859337 -0.470089 0.201389
-0.146174 0.08408 -1.44041 0.78622 -0.425128 0.448468
-0.146268 0.084002 -1.44025 0.975148 -0.0757851 0.208191
-0.146264 0.084039 -1.44012 0.982307 -0.165127 -0.0883521
-0.146235 0.084166 -1.44016 0.861684 -0.506695 -0.0275886
-0.146223 0.084155 -1.44029 0.81086 -0.474663 0.342347
-0.145743 0.084757 -1.43859 0.931338 -0.363619 -0.019775
-0.145697 0.085207 -1.43872 0.996318 -0.0639312 -0.0571209
-0.145924 0.084856 -1.43897 0.943463 -0.0973241 -0.316868
-0.145606 0.085447 -1.43914 0.763551 -0.533904 0.363229
-0.145369 0.085667 -1.43919 0.647256 -0.615295 0.449969
-0.145626 0.085672 -1.43892 0.674135 -0.418815 0.608389
-0.145857 0.085121 -1.43915 0.874509 -0.466265 0.133536
-0.145761 0.085265 -1.43903 0.903104 -0.429408 -0.00358161
-0.145834 0.085143 -1.439 0.88292 -0.388716 -0.263348
-0.145749 0.085466 -1.43881 0.944211 0.0274175 0.328199
-0.145753 0.085287 -1.43848 0.948665 0.258159 0.182727
-0.145872 0.085546 -1.43857 0.925135 0.317407 0.208273
-0.145735 0.084941 -1.43802 0.809119 -0.540027 0.231728
-0.145842 0.085339 -1.43798 0.950572 0.309574 -0.024018
-0.145806 0.085067 -1.43814 0.988856 0.145585 0.0311259
-0.145805 0.085369 -1.43762 0.969469 0.21559 0.116839
-0.14593 0.085558 -1.43748 0.816928 0.535687 0.213701
-0.145973 0.085437 -1.43693 0.837874 -0.0835925 0.539425
-0.14605 0.085833 -1.43769 0.916042 0.364433 0.167499
-0.146105 0.086107 -1.43777 0.898685 -0.0626406 0.434098
-0.144117 0.085471 -1.44098 0.65759 -0.476465 0.583573
-0.144503 0.084966 -1.44103 0.586818 -0.656186 0.474409
-0.144233 0.085266 -1.44098 0.660773 -0.511954 0.548892
-0.144649 0.085548 -1.44028 0.639838 -0.56879 0.516803
-0.144081 0.086287 -1.44025 0.62278 -0.524935 0.580162
-0.145096 0.085563 -1.43969 0.584334 -0.623328 0.519631
-0.14409 0.08593 -1.44054 0.602328 -0.579076 0.549428
-0.144394 0.085716 -1.44045 0.644629 -0.570507 0.508896
-0.144482 0.085929 -1.44 0.651777 -0.563796 0.507268
-0.144805 0.086008 -1.43959 0.660413 -0.534746 0.527164
-0.145211 0.0857 -1.43942 0.619467 -0.638805 0.456278
-0.144744 0.086868 -1.43894 0.669369 -0.493694 0.555167
-0.145315 0.086003 -1.43888 0.614319 -0.52705 0.587222
-0.145895 0.085819 -1.43863 0.815829 -0.251116 0.520926
-0.145361 0.086444 -1.43847 0.630127 -0.529626 0.567834
-0.145784 0.086148 -1.43838 0.710955 -0.509292 0.484937
-0.144384 0.086653 -1.43951 0.609355 -0.556065 0.565225
-0.143927 0.087358 -1.43922 0.592845 -0.582582 0.555997
-0.145107 0.087468 -1.43794 0.630586 -0.54192 0.555593
-0.14415 0.08824 -1.43813 0.580379 -0.577706 0.573947
-0.149591 0.080446 -1.44274 0.311849 -0.639223 -0.702954
-0.150138 0.080451 -1.44315 0.30972 -0.625841 -0.715819
-0.152431 0.079568 -1.44292 0.13717 -0.502026 -0.853905
-0.150475 0.080225 -1.44297 -0.0443381 -0.682403 -0.72963
-0.15119 0.080763 -1.44334 0.0379872 -0.543335 -0.838656
-0.151214 0.080274 -1.44291 0.156878 -0.603649 -0.781663
-0.151735 0.079964 -1.44292 0.300096 -0.460221 -0.835547
-0.151902 0.080396 -1.4433 0.180039 -0.473774 -0.862047
-0.149632 0.079312 -1.44148 -0.0956515 -0.114913 -0.98876
-0.148965 0.079546 -1.44166 0.410813 -0.891502 -0.190939
-0.149342 0.079607 -1.44161 -0.0412879 -0.393848 -0.918248
-0.149435 0.079782 -1.4417 0.121708 -0.577824 -0.807036
-0.150174 0.079022 -1.44139 0.0661371 -0.334068 -0.940226
-0.150445 0.079315 -1.44177 0.380023 -0.594727 -0.708437
-0.149873 0.079616 -1.44179 0.385386 -0.622059 -0.681557
-0.149698 0.079622 -1.44169 0.3022 -0.495815 -0.814151
-0.150192 0.079713 -1.44219 0.0961137 -0.881719 -0.461881
-0.149995 0.079638 -1.44192 0.353067 -0.807109 -0.473201
-0.150006 0.07975 -1.44223 0.379547 -0.829818 -0.409078
-0.150375 0.079599 -1.44204 0.228613 -0.811758 -0.537388
-0.148548 0.079873 -1.44179 0.0726417 -0.562817 -0.823383
-0.148286 0.079925 -1.44179 0.552616 -0.724654 0.411694
-0.149066 0.079881 -1.44179 -0.0616081 -0.524622 -0.849103
-0.148712 0.080096 -1.44198 -0.0235654 -0.673897 -0.738449
-0.148961 0.080036 -1.4419 -0.021267 -0.745362 -0.666321
-0.149326 0.079928 -1.44183 0.0996124 -0.734453 -0.67131
-0.149186 0.080134 -1.44209 0.204718 -0.881795 -0.424886
-0.149149 0.080091 -1.44197 0.13386 -0.852596 -0.505135
-0.148506 0.080384 -1.44226 0.217973 -0.689056 -0.691151
-0.148597 0.080645 -1.44253 0.350602 -0.564855 -0.747006
-0.149002 0.080339 -1.44247 0.270035 -0.774082 -0.572606
-0.148782 0.080247 -1.44216 0.138756 -0.823949 -0.549414
-0.148983 0.080456 -1.44259 0.293047 -0.594663 -0.748665
-0.149686 0.079971 -1.44218 0.449726 -0.79977 -0.397637
-0.150058 0.07992 -1.44254 0.131439 -0.846416 -0.516046
-0.14995 0.079998 -1.44259 0.45832 -0.686271 -0.564778
-0.150352 0.079869 -1.44245 0.183933 -0.81092 -0.555497
-0.149642 0.080173 -1.44248 0.394652 -0.706994 -0.586864
-0.150235 0.080054 -1.44278 0.224251 -0.697587 -0.680503
-0.150557 0.079961 -1.44266 0.0583991 -0.794903 -0.603919
-0.149475 0.079914 -1.44184 0.181788 -0.805305 -0.564302
-0.149607 0.079869 -1.44183 0.403672 -0.743211 -0.533559
-0.149417 0.079973 -1.44194 0.276384 -0.868338 -0.411827
-0.151452 0.079236 -1.44247 0.402818 -0.578635 -0.709168
-0.150852 0.079567 -1.44222 0.436351 -0.712771 -0.549141
-0.150875 0.079104 -1.44187 0.500003 -0.363567 -0.786013
-0.150885 0.079259 -1.44193 0.544377 -0.448858 -0.708646
-0.151109 0.079129 -1.44207 0.561382 -0.483174 -0.671858
-0.150861 0.079648 -1.44236 0.244298 -0.762848 -0.59865
-0.150718 0.079735 -1.44249 0.18335 -0.731252 -0.657004
-0.150581 0.079798 -1.44249 0.217878 -0.670568 -0.709132
-0.151175 0.079544 -1.44246 0.461565 -0.524629 -0.715348
-0.151126 0.079754 -1.44256 0.305259 -0.572958 -0.760616
-0.15078 0.079474 -1.44202 0.370532 -0.681378 -0.631213
-0.152204 0.079301 -1.4427 0.192687 -0.568055 -0.800116
-0.152493 0.079236 -1.44269 0.214205 -0.653485 -0.725999
-0.151604 0.079581 -1.44273 0.341748 -0.440033 -0.830409
-0.150814 0.079988 -1.44268 0.00761626 -0.642227 -0.766476
-0.151115 0.079993 -1.44271 0.221876 -0.507198 -0.832779
-0.14881 0.081065 -1.44298 0.360568 -0.669167 -0.649774
-0.148157 0.081574 -1.44311 0.28477 -0.641003 -0.712756
-0.148754 0.08147 -1.44346 0.361423 -0.609156 -0.705905
-0.149265 0.080736 -1.44285 0.295787 -0.616693 -0.72952
-0.149368 0.081087 -1.44328 0.300614 -0.701946 -0.64568
-0.149968 0.080919 -1.44342 0.28517 -0.563634 -0.775238
-0.149719 0.080836 -1.44316 0.440986 -0.617336 -0.651481
-0.149852 0.080805 -1.44326 0.526924 -0.523211 -0.669777
-0.149392 0.081332 -1.44352 0.189524 -0.540206 -0.819914
-0.149972 0.081483 -1.44375 0.15559 -0.433838 -0.887455
-0.148367 0.081983 -1.44352 0.365786 -0.440189 -0.820021
-0.148855 0.081924 -1.44378 0.330761 -0.3907 -0.859041
-0.148596 0.082458 -1.44379 0.374755 -0.3817 -0.844904
-0.149093 0.082084 -1.4439 0.232631 -0.404604 -0.884408
-0.149435 0.082014 -1.44387 0.074751 -0.386501 -0.919255
-0.149672 0.082341 -1.44402 0.189341 -0.513892 -0.836699
-0.150581 0.080672 -1.44328 -0.0092704 -0.594946 -0.803713
-0.150496 0.081296 -1.44376 0.0513042 -0.505089 -0.861541
-0.15061 0.081706 -1.44393 0.122221 -0.4112 -0.903314
-0.15219 0.081049 -1.44359 0.0500642 -0.546646 -0.835866
-0.151481 0.081328 -1.44364 0.0762105 -0.569766 -0.818265
-0.151852 0.08169 -1.44402 0.113907 -0.670152 -0.733432
-0.15198 0.081107 -1.4436 0.170864 -0.505988 -0.845447
-0.151869 0.081454 -1.44382 0.245806 -0.556143 -0.793905
-0.152113 0.081343 -1.44386 0.140605 -0.551529 -0.82222
-0.152147 0.08147 -1.44392 0.122006 -0.520398 -0.845163
-0.150056 0.082043 -1.44394 0.177636 -0.403786 -0.897442
-0.150612 0.082174 -1.44421 0.187072 -0.572169 -0.798515
-0.151115 0.081699 -1.44393 0.0196479 -0.581066 -0.81362
-0.151651 0.08191 -1.44425 0.120682 -0.657802 -0.74346
-0.151765 0.082305 -1.44458 0.0538196 -0.547945 -0.834781
-0.151125 0.08258 -1.44461 0.115691 -0.584758 -0.802916
-0.152645 0.079845 -1.44308 -0.0674035 -0.544427 -0.836096
-0.152394 0.080062 -1.44321 0.0603218 -0.438365 -0.89677
-0.152849 0.080286 -1.44327 -0.210985 -0.254371 -0.943812
-0.152915 0.079967 -1.44319 0.0147302 -0.561556 -0.827308
-0.153126 0.079999 -1.44321 -0.12046 -0.224096 -0.967094
-0.152423 0.080814 -1.44348 0.15296 -0.465655 -0.871647
-0.153162 0.080596 -1.44356 0.0327397 -0.807975 -0.588306
-0.153161 0.080512 -1.44337 -0.022783 -0.828195 -0.559977
-0.153289 0.080613 -1.44356 -0.12097 -0.796507 -0.592404
-0.153342 0.080551 -1.44341 0.0908531 -0.762179 -0.64096
-0.153172 0.080752 -1.4437 0.146556 -0.489245 -0.859744
-0.153284 0.080706 -1.44368 -0.215904 -0.5734 -0.790315
-0.153267 0.080829 -1.44373 -0.0503074 -0.180451 -0.982297
-0.153707 0.079926 -1.44325 0.23959 -0.554572 -0.796898
-0.153485 0.080145 -1.44332 0.39294 -0.291342 -0.872191
-0.153634 0.080279 -1.44338 0.328035 -0.236327 -0.914627
-0.153651 0.080153 -1.44336 0.0916271 -0.316352 -0.944206
-0.153603 0.080414 -1.44341 0.396362 -0.410217 -0.821352
-0.153912 0.080233 -1.44338 -0.0554795 -0.332495 -0.941472
-0.153745 0.080507 -1.44352 0.145498 -0.373744 -0.916049
-0.153604 0.080533 -1.44346 0.254056 -0.60336 -0.755918
-0.153873 0.080552 -1.44353 -0.227917 -0.0261766 -0.973329
-0.153579 0.080641 -1.44356 0.134938 -0.597005 -0.790808
-0.153709 0.080651 -1.44358 -0.159094 -0.322572 -0.933079
-0.153851 0.08066 -1.44352 -0.366777 0.0952597 -0.925419
-0.153448 0.080628 -1.44354 0.0143285 -0.684292 -0.729067
-0.153426 0.080759 -1.44362 -0.174138 -0.561148 -0.80919
-0.153469 0.080871 -1.44368 -0.326451 -0.139538 -0.934858
-0.153571 0.080748 -1.44364 -0.235389 -0.180521 -0.954989
-0.154332 0.080975 -1.44369 0.753965 -0.479124 -0.449418
-0.1558 0.079815 -1.44354 0.277105 -0.584434 -0.762659
-0.156309 0.079813 -1.44366 0.135897 -0.602623 -0.78637
-0.155746 0.080023 -1.44374 0.323532 -0.731617 -0.600053
-0.156261 0.08006 -1.44387 0.155313 -0.655336 -0.739197
-0.154812 0.080334 -1.44361 0.112839 -0.581474 -0.805701
-0.154959 0.08039 -1.44359 -0.245284 -0.394388 -0.885604
-0.154782 0.080484 -1.44367 0.0430242 -0.371567 -0.927409
-0.155455 0.080264 -1.44377 0.666874 -0.564613 -0.486304
-0.154422 0.080601 -1.44356 0.654217 -0.516133 -0.552817
-0.154559 0.080492 -1.44355 0.388685 -0.595449 -0.703111
-0.154482 0.080772 -1.44392 0.625687 -0.555353 -0.547813
-0.15463 0.080617 -1.44371 0.0458741 -0.71408 -0.69856
-0.154372 0.080727 -1.44361 0.831356 -0.310942 -0.460611
-0.154768 0.080614 -1.4437 -0.254289 -0.433582 -0.864491
-0.154899 0.080644 -1.44365 -0.193941 -0.487386 -0.851377
-0.154741 0.08072 -1.4438 -0.34891 -0.600403 -0.719567
-0.154879 0.080745 -1.44377 -0.160078 -0.60217 -0.782155
-0.154569 0.080777 -1.444 0.118657 -0.466341 -0.876611
-0.154586 0.080733 -1.44392 -0.195709 -0.811426 -0.550714
-0.154551 0.081057 -1.44399 0.387893 -0.265408 -0.882665
-0.155154 0.080646 -1.4437 0.417696 -0.456999 -0.785291
-0.155014 0.080765 -1.44376 -0.0174871 -0.623773 -0.78141
-0.155023 0.080673 -1.44367 0.0388494 -0.544383 -0.837937
-0.15515 0.0808 -1.44381 0.305832 -0.553644 -0.774562
-0.155282 0.080572 -1.44377 0.68154 -0.385153 -0.622222
-0.155405 0.080496 -1.44396 0.754559 -0.362346 -0.547126
-0.155383 0.080861 -1.444 0.634671 -0.287583 -0.717278
-0.155264 0.080898 -1.44392 0.45674 -0.50172 -0.734619
-0.155339 0.081045 -1.44411 0.343787 -0.676934 -0.650823
-0.155013 0.081092 -1.44397 0.214876 -0.560189 -0.80001
-0.155666 0.080197 -1.44398 0.318575 -0.752149 -0.576872
-0.155945 0.080239 -1.44407 -0.0240712 -0.74011 -0.672054
-0.15565 0.080445 -1.44418 0.444479 -0.257233 -0.858061
-0.155892 0.080446 -1.44429 0.0140415 -0.314977 -0.948995
-0.156261 0.080252 -1.44404 -0.1705 -0.546564 -0.819877
-0.156488 0.080331 -1.444 -0.446965 -0.0843023 -0.89057
-0.156171 0.080508 -1.4442 -0.359556 -0.228603 -0.904688
-0.1563 0.08055 -1.44412 -0.515258 -0.139093 -0.845673
-0.156467 0.080607 -1.44399 -0.597532 0.110153 -0.794243
-0.155877 0.080736 -1.44424 0.0203782 0.0778124 -0.99676
-0.155574 0.081001 -1.44416 0.216187 -0.439662 -0.871757
-0.155853 0.081038 -1.44422 0.0239744 -0.0782703 -0.996644
-0.156279 0.080896 -1.44419 -0.401677 0.0387355 -0.914962
-0.156164 0.080804 -1.44421 -0.233555 -0.0197803 -0.972142
-0.156397 0.080849 -1.44408 -0.860989 0.0770052 -0.502761
-0.156379 0.080975 -1.44412 -0.872502 0.301726 -0.38432
-0.156393 0.080887 -1.44395 -0.914807 0.300205 -0.270195
-0.15636 0.081011 -1.44399 -0.940541 0.226475 -0.253165
-0.156264 0.081089 -1.44413 -0.570727 0.312498 -0.759352
-0.156348 0.081137 -1.44403 -0.772405 -0.163486 -0.613728
-0.152712 0.07927 -1.44284 0.123825 -0.534624 -0.83597
-0.152894 0.07917 -1.44276 -0.203986 -0.458128 -0.865164
-0.153152 0.079317 -1.44272 -0.134811 -0.336345 -0.93204
-0.152854 0.07936 -1.44288 -0.199821 -0.325545 -0.924171
-0.153297 0.079366 -1.44275 -0.0617276 -0.346009 -0.936199
-0.153123 0.079186 -1.4427 -0.0570985 -0.306619 -0.950118
-0.153532 0.079481 -1.44276 0.0754743 -0.360377 -0.929748
-0.15265 0.079594 -1.44295 -0.0288547 -0.348062 -0.937027
-0.153087 0.079648 -1.44288 -0.082202 -0.480514 -0.873126
-0.152921 0.079636 -1.44291 -0.24448 -0.311498 -0.918258
-0.153499 0.079731 -1.44286 -0.0178192 -0.600585 -0.799362
-0.152947 0.079772 -1.44293 -0.216745 -0.515594 -0.828966
-0.153072 0.079775 -1.44297 0.128406 -0.615514 -0.777596
-0.153228 0.079678 -1.4429 -0.0812673 -0.552974 -0.829226
-0.152927 0.079806 -1.44299 -0.168277 -0.72103 -0.672159
-0.153211 0.079835 -1.44307 -0.00943888 -0.713293 -0.700802
-0.153443 0.079922 -1.44311 0.134136 -0.650854 -0.74726
-0.154043 0.079452 -1.44291 0.21603 -0.660233 -0.719321
-0.154247 0.079683 -1.44316 0.17362 -0.546032 -0.819576
-0.154445 0.079356 -1.4429 0.265268 -0.603979 -0.75156
-0.154717 0.079182 -1.44291 0.13623 -0.470894 -0.871608
-0.153716 0.079699 -1.44294 0.355329 -0.638686 -0.682511
-0.153987 0.079695 -1.44318 0.161858 -0.611266 -0.774697
-0.153947 0.079931 -1.4433 0.0196619 -0.363566 -0.931361
-0.154184 0.079992 -1.44329 0.0393831 -0.297287 -0.953976
-0.153126 0.080282 -1.44316 -0.101663 -0.143052 -0.98448
-0.15298 0.080378 -1.44325 -0.233539 -0.556783 -0.797153
-0.153182 0.080403 -1.44322 0.0322224 -0.63203 -0.774274
-0.153276 0.080155 -1.44319 0.206393 -0.0869943 -0.974594
-0.153263 0.080293 -1.44318 0.349267 -0.174397 -0.920651
-0.153374 0.080416 -1.44329 0.293214 -0.56222 -0.773262
-0.152817 0.080566 -1.44342 0.0170857 -0.610014 -0.792206
-0.154447 0.080249 -1.44338 0.260066 -0.306331 -0.915711
-0.153866 0.080897 -1.44344 -0.333325 -0.00147689 -0.942811
-0.154169 0.080599 -1.44344 0.0192861 -0.0632136 -0.997814
-0.154276 0.080598 -1.44345 0.308999 -0.318347 -0.8962
-0.154256 0.080755 -1.44347 0.506293 -0.204095 -0.837862
-0.153998 0.080735 -1.44342 -0.261731 0.186777 -0.946896
-0.153995 0.080895 -1.44341 -0.0358562 -0.157304 -0.986899
-0.154122 0.080892 -1.44341 0.225851 -0.200576 -0.953289
-0.154253 0.080894 -1.44348 0.586408 -0.238654 -0.774061
-0.154234 0.081012 -1.44352 0.643036 -0.538481 -0.544558
-0.154725 0.079292 -1.44298 0.0782414 -0.679774 -0.729236
-0.154827 0.079406 -1.4431 -0.221404 -0.667009 -0.711393
-0.154801 0.079509 -1.44322 -0.30717 -0.488097 -0.81695
-0.155102 0.079496 -1.44307 -0.027075 -0.471711 -0.881338
-0.155408 0.079302 -1.44304 0.306696 -0.458215 -0.834252
-0.155284 0.079762 -1.44326 0.393857 -0.415962 -0.819666
-0.154663 0.079511 -1.44323 0.128195 -0.57118 -0.810752
-0.154785 0.079633 -1.44326 -0.252955 -0.14592 -0.956411
-0.154626 0.079725 -1.44328 0.0322323 -0.232615 -0.972035
-0.154797 0.079787 -1.44325 -0.300919 -0.20664 -0.930993
-0.154949 0.079592 -1.44316 -0.396773 -0.269182 -0.87756
-0.155046 0.079798 -1.44319 -0.0201689 -0.376637 -0.926141
-0.154915 0.079805 -1.44321 -0.250855 -0.316086 -0.914965
-0.155702 0.079583 -1.44339 0.262617 -0.503997 -0.822812
-0.154739 0.080018 -1.44335 -0.0384879 -0.359612 -0.932308
-0.154862 0.080134 -1.4434 -0.152879 -0.538421 -0.828693
-0.154725 0.080193 -1.44344 0.192711 -0.475853 -0.858153
-0.155256 0.080175 -1.44342 0.497141 -0.487393 -0.717844
-0.155113 0.080188 -1.44337 0.0971972 -0.560729 -0.822275
-0.155277 0.080354 -1.44362 0.534211 -0.525474 -0.66219
-0.155471 0.080045 -1.44355 0.524424 -0.531596 -0.66512
-0.155071 0.08045 -1.44359 0.0881981 -0.476058 -0.87498
-0.156393 0.081051 -1.44386 -0.834841 -0.00338683 -0.550481
-0.156467 0.080929 -1.44384 -0.382733 0.299248 -0.874051
-0.156444 0.081067 -1.44383 -0.397084 -0.272906 -0.876268
-0.152966 0.081047 -1.44379 0.00733828 -0.404925 -0.91432
-0.152893 0.081454 -1.44401 0.0502996 -0.587806 -0.807437
-0.153188 0.0814 -1.44393 -0.271455 -0.583805 -0.765169
-0.152437 0.08135 -1.44383 0.097327 -0.55789 -0.824188
-0.153273 0.080965 -1.44373 -0.240734 0.0185989 -0.970413
-0.153538 0.081044 -1.44359 -0.39442 0.04329 -0.91791
-0.153238 0.081097 -1.44375 -0.413173 -0.281232 -0.866139
-0.15339 0.081146 -1.44365 -0.398991 -0.288507 -0.870385
-0.153577 0.081187 -1.44362 -0.151039 -0.537086 -0.829895
-0.153778 0.08128 -1.4437 0.113671 -0.79193 -0.599938
-0.154306 0.081195 -1.44391 0.428764 -0.719068 -0.546902
-0.153976 0.081403 -1.44399 0.351584 -0.799682 -0.486721
-0.154222 0.081372 -1.44419 0.303234 -0.844529 -0.441384
-0.154048 0.081213 -1.44372 0.400849 -0.802126 -0.442621
-0.153648 0.0816 -1.44412 0.203807 -0.812823 -0.545694
-0.15332 0.081454 -1.44388 -0.419116 -0.59491 -0.685874
-0.153454 0.08148 -1.44386 -0.140419 -0.705151 -0.695014
-0.153614 0.08146 -1.44384 0.135413 -0.792652 -0.594446
-0.153139 0.081621 -1.44414 -0.0523096 -0.700823 -0.711414
-0.15335 0.081581 -1.44405 -0.0956724 -0.808186 -0.581105
-0.153185 0.081795 -1.44434 0.0790378 -0.868304 -0.489696
-0.153355 0.081787 -1.44433 -0.117451 -0.816018 -0.565968
-0.153622 0.081801 -1.44436 0.0357077 -0.545177 -0.83756
-0.153926 0.081595 -1.44424 0.385205 -0.687702 -0.615373
-0.154107 0.081559 -1.44442 0.581076 -0.540229 -0.60869
-0.153887 0.081834 -1.44436 0.27234 -0.253974 -0.928078
-0.152464 0.081828 -1.4442 0.0920044 -0.603375 -0.792132
-0.152991 0.081854 -1.44435 0.278823 -0.624399 -0.729646
-0.15264 0.082435 -1.44461 0.147874 -0.602599 -0.784224
-0.152948 0.082442 -1.44474 0.0110741 -0.809653 -0.586804
-0.152501 0.082586 -1.44474 0.226686 -0.702623 -0.674488
-0.153193 0.081848 -1.44449 0.204983 -0.675727 -0.708078
-0.153324 0.081845 -1.44453 -0.224503 -0.687845 -0.690266
-0.153171 0.081959 -1.44456 0.132399 -0.233515 -0.963297
-0.15329 0.081981 -1.44454 -0.307126 -0.0814723 -0.948175
-0.15345 0.081904 -1.4444 -0.432877 -0.359662 -0.826595
-0.153556 0.082059 -1.44441 -0.209081 -0.121293 -0.970347
-0.153031 0.082138 -1.44453 0.153606 -0.379543 -0.912333
-0.153257 0.082254 -1.44449 -0.281906 -0.205157 -0.937251
-0.154131 0.081858 -1.4445 0.636277 -0.0466248 -0.770051
-0.153566 0.082325 -1.44444 -0.120594 -0.325656 -0.937766
-0.153863 0.082102 -1.44438 0.144416 -0.108061 -0.983599
-0.153832 0.082357 -1.44445 0.0132464 -0.278848 -0.960244
-0.153246 0.082495 -1.44467 -0.377926 -0.72788 -0.572156
-0.153476 0.082558 -1.4446 -0.289988 -0.58796 -0.755123
-0.153032 0.082579 -1.44502 -0.117583 -0.882895 -0.45461
-0.153104 0.082488 -1.44483 -0.35884 -0.841826 -0.403191
-0.153448 0.082853 -1.44497 -0.518048 -0.639332 -0.568227
-0.153793 0.082595 -1.44457 -0.0572919 -0.55869 -0.827395
-0.15375 0.082851 -1.44474 -0.175289 -0.576316 -0.798207
-0.154008 0.082841 -1.44477 -0.0802063 -0.447466 -0.890697
-0.154691 0.080932 -1.444 -0.447893 -0.250072 -0.858403
-0.154656 0.081172 -1.44407 0.0408561 -0.515247 -0.856067
-0.154682 0.081072 -1.44399 -0.311478 -0.351189 -0.882977
-0.154841 0.080985 -1.44388 -0.278863 -0.303272 -0.911187
-0.154536 0.081181 -1.44404 0.230333 -0.585928 -0.776939
-0.154782 0.081227 -1.44409 -0.135139 -0.640999 -0.755551
-0.154502 0.081276 -1.44417 0.00319363 -0.677582 -0.73544
-0.154666 0.081305 -1.44414 -0.00728248 -0.506194 -0.862389
-0.154479 0.081404 -1.44425 -0.241079 -0.84598 -0.475604
-0.154619 0.081418 -1.44421 -0.394019 -0.470985 -0.789254
-0.154753 0.08143 -1.44415 0.292967 -0.178947 -0.939227
-0.154824 0.081107 -1.44392 -0.096348 -0.591248 -0.800714
-0.155006 0.081305 -1.44429 0.477739 -0.571395 -0.667288
-0.154975 0.081227 -1.44409 0.222916 -0.776156 -0.589823
-0.154934 0.081547 -1.44436 0.587041 -0.696999 -0.411796
-0.155008 0.081457 -1.44435 0.765379 -0.488882 -0.418556
-0.154397 0.081532 -1.44467 0.282814 -0.698673 -0.65717
-0.154367 0.081774 -1.44478 0.414082 -0.20397 -0.887092
-0.154361 0.081774 -1.44477 0.668564 -0.15507 -0.727307
-0.154631 0.081655 -1.44482 0.111787 -0.605307 -0.788103
-0.154788 0.081689 -1.44481 -0.0731189 -0.499466 -0.863242
-0.154657 0.081585 -1.44475 -0.075473 -0.80946 -0.582304
-0.154612 0.081775 -1.44488 -0.00392741 -0.149983 -0.988681
-0.15502 0.081695 -1.44485 -0.016234 -0.115174 -0.993213
-0.154798 0.081572 -1.44466 0.00928779 -0.967257 -0.253629
-0.155044 0.081585 -1.44477 0.015876 -0.726554 -0.686926
-0.155186 0.081612 -1.44474 -0.365039 -0.420803 -0.830465
-0.155164 0.081726 -1.44481 -0.389662 -0.150834 -0.908522
-0.15516 0.081882 -1.44478 -0.452993 0.226104 -0.862366
-0.154456 0.081389 -1.44439 -0.0508551 -0.986264 -0.157154
-0.154583 0.081417 -1.44442 -0.371196 -0.926142 -0.066892
-0.154599 0.081471 -1.4443 -0.537043 -0.843316 -0.0200733
-0.154705 0.081497 -1.44446 -0.429094 -0.902838 -0.0276023
-0.154717 0.081545 -1.44434 -0.388163 -0.894118 0.223345
-0.154738 0.081601 -1.44419 -0.318894 -0.808457 -0.494676
-0.154975 0.081521 -1.44451 0.530993 -0.811397 -0.244296
-0.154836 0.081563 -1.44425 0.415123 -0.818895 -0.396339
-0.154847 0.081585 -1.44437 -0.0834868 -0.996506 0.00246792
-0.155076 0.081396 -1.44448 0.628659 -0.635155 -0.448737
-0.155282 0.081296 -1.44447 0.220592 -0.810177 -0.543096
-0.155386 0.08128 -1.4445 0.00370674 -0.750752 -0.660573
-0.155524 0.081329 -1.44449 -0.389926 -0.441121 -0.808313
-0.155229 0.081384 -1.44459 0.146188 -0.717634 -0.680904
-0.155364 0.081405 -1.44458 -0.212018 -0.458674 -0.862941
-0.155827 0.081271 -1.44429 -0.274359 -0.408869 -0.870376
-0.155292 0.081198 -1.44431 0.22959 -0.834151 -0.501479
-0.155423 0.081206 -1.44432 0.058939 -0.820899 -0.568023
-0.155553 0.081214 -1.44435 -0.103627 -0.707711 -0.698861
-0.15604 0.081007 -1.44421 -0.176029 0.10693 -0.97856
-0.155991 0.081222 -1.44422 -0.371921 -0.0974321 -0.923137
-0.156227 0.081277 -1.4441 -0.456751 0.0420725 -0.888599
-0.156119 0.081502 -1.44417 -0.497491 0.00740696 -0.867438
-0.155876 0.081469 -1.44432 -0.485172 -0.0582328 -0.872478
-0.155396 0.081676 -1.44461 -0.594903 -0.0830661 -0.799494
-0.155536 0.082055 -1.44447 -0.555943 0.114525 -0.823293
-0.156043 0.08188 -1.44417 -0.463999 0.0904221 -0.881209
-0.154319 0.082062 -1.44473 0.436529 0.269948 -0.858237
-0.15422 0.08206 -1.44464 0.728548 0.176835 -0.661776
-0.154345 0.082259 -1.44463 0.443665 0.377843 -0.812648
-0.154471 0.082064 -1.44476 0.179878 0.366272 -0.912956
-0.154655 0.082035 -1.44478 -0.0940653 0.413965 -0.90542
-0.154604 0.081922 -1.44486 0.0313215 0.306252 -0.951435
-0.154857 0.0818 -1.4448 -0.0900365 0.194889 -0.976684
-0.154957 0.082194 -1.44471 -0.0472516 0.263099 -0.963611
-0.155025 0.081929 -1.4448 -0.0800137 0.272135 -0.958927
-0.155159 0.082172 -1.44467 -0.33406 0.223734 -0.915613
-0.154119 0.082114 -1.44445 0.618377 0.0669517 -0.783025
-0.154225 0.082235 -1.44456 0.64304 0.273256 -0.715424
-0.154123 0.082265 -1.44447 0.39521 0.0487354 -0.917297
-0.154161 0.082525 -1.44448 0.129836 -0.392628 -0.910487
-0.154509 0.082259 -1.44467 0.14692 0.337378 -0.929834
-0.154337 0.082529 -1.44455 0.232302 -0.088171 -0.968639
-0.154183 0.082645 -1.4446 -0.0389448 -0.545468 -0.837226
-0.154321 0.082654 -1.44459 -0.202041 -0.267718 -0.942075
-0.15429 0.082895 -1.44469 -0.395738 -0.160561 -0.904219
-0.154465 0.082949 -1.4446 -0.428129 -0.000389692 -0.903718
-0.155135 0.082632 -1.44461 -0.286748 0.223469 -0.931578
-0.154787 0.082838 -1.44458 0.0346645 0.329151 -0.943641
-0.154969 0.082596 -1.44465 -0.0332652 0.194377 -0.980363
-0.154575 0.082732 -1.44457 -0.015099 0.0820108 -0.996517
-0.154704 0.083 -1.4445 -0.100559 0.397228 -0.912194
-0.154977 0.083009 -1.44453 -0.0939497 0.367326 -0.925335
-0.155389 0.082673 -1.44448 -0.533428 0.233549 -0.812964
-0.155123 0.083006 -1.4445 -0.388547 0.453842 -0.801909
-0.153771 0.081096 -1.4435 -0.273379 -0.332115 -0.902754
-0.153956 0.081127 -1.4435 -0.0184966 -0.52943 -0.848152
-0.154093 0.081117 -1.44352 0.339734 -0.671419 -0.658618
-0.156494 0.082168 -1.444 -0.440515 0.11195 -0.890738
-0.15583 0.082322 -1.44422 -0.53693 0.243003 -0.807871
-0.156049 0.082402 -1.44408 -0.354347 0.344264 -0.869437
-0.155914 0.08258 -1.44406 -0.519122 0.388536 -0.761283
-0.156262 0.082617 -1.44386 -0.387029 0.584213 -0.713375
-0.155582 0.083002 -1.44413 -0.59357 0.39631 -0.700438
-0.155457 0.083225 -1.44408 -0.556466 0.533839 -0.63668
-0.156019 0.083051 -1.44369 -0.511356 0.533952 -0.673357
-0.15589 0.08346 -1.44343 -0.535364 0.600459 -0.593999
-0.156526 0.083315 -1.44302 -0.531364 0.569984 -0.626714
-0.148182 0.082463 -1.44368 0.0931126 -0.566127 -0.819042
-0.148571 0.082683 -1.44394 0.178677 -0.607067 -0.774302
-0.147728 0.083253 -1.44442 -0.0411078 -0.633293 -0.77282
-0.148999 0.082926 -1.44423 0.167018 -0.546924 -0.820353
-0.150343 0.082693 -1.44456 0.25042 -0.613042 -0.749313
-0.149142 0.083418 -1.44469 0.162019 -0.777768 -0.607311
-0.147866 0.083459 -1.44465 0.0860951 -0.823569 -0.560644
-0.147652 0.083778 -1.44507 0.262745 -0.783101 -0.563665
-0.147854 0.083701 -1.44509 0.176329 -0.770165 -0.612987
-0.148036 0.083656 -1.44504 -0.0472767 -0.846734 -0.529911
-0.14786 0.084026 -1.44545 -0.0101918 -0.777678 -0.62858
-0.148386 0.083994 -1.44529 -0.0745099 -0.710499 -0.699742
-0.147987 0.08375 -1.44517 -0.0374519 -0.700915 -0.712261
-0.148014 0.083892 -1.44528 -0.0367726 -0.671642 -0.739963
-0.148485 0.083752 -1.44504 -0.0315796 -0.80013 -0.598995
-0.14905 0.083632 -1.44504 0.120445 -0.778996 -0.615352
-0.148789 0.083657 -1.44496 0.184509 -0.815383 -0.548732
-0.148877 0.083886 -1.44525 0.057967 -0.686291 -0.725013
-0.149482 0.083659 -1.44507 0.0570859 -0.681265 -0.729808
-0.149139 0.084501 -1.4457 -0.0309899 -0.663416 -0.747609
-0.148413 0.083471 -1.44466 0.0154157 -0.726939 -0.686529
-0.148783 0.083491 -1.44467 0.102627 -0.770313 -0.629354
-0.15023 0.083496 -1.44506 0.222752 -0.575369 -0.786977
-0.150721 0.082909 -1.4449 0.111994 -0.591968 -0.798143
-0.151068 0.083315 -1.44516 0.0970532 -0.544213 -0.833314
-0.151477 0.08307 -1.44494 0.0307725 -0.620288 -0.78377
-0.151446 0.083461 -1.44532 -0.00885574 -0.461426 -0.887134
-0.15171 0.083492 -1.44533 0.109269 -0.435463 -0.89355
-0.151758 0.082808 -1.44481 0.177016 -0.560941 -0.808709
-0.151784 0.083077 -1.44501 0.318618 -0.580782 -0.749116
-0.150368 0.084136 -1.44555 0.036013 -0.494335 -0.868525
-0.151047 0.083678 -1.4454 0.102943 -0.442639 -0.890771
-0.151252 0.08391 -1.44547 -0.0898597 -0.189009 -0.977855
-0.151408 0.083701 -1.44543 -0.0336111 -0.333982 -0.94198
-0.151657 0.084045 -1.44538 -0.357459 -0.138085 -0.923664
-0.150682 0.08425 -1.44559 -0.140706 -0.282604 -0.948861
-0.151149 0.084271 -1.44552 -0.0607688 -0.116857 -0.991288
-0.151212 0.0845 -1.44553 -0.149939 0.336765 -0.929574
-0.151452 0.084364 -1.44557 -0.152797 -0.0317632 -0.987747
-0.151609 0.084405 -1.44549 -0.463039 0.124065 -0.877612
-0.151469 0.084522 -1.44552 -0.242397 0.509766 -0.825459
-0.148682 0.084238 -1.44557 -0.134337 -0.720398 -0.680427
-0.148837 0.084789 -1.44607 -0.264744 -0.685096 -0.678641
-0.149098 0.084904 -1.4461 -0.127129 -0.606004 -0.785237
-0.148987 0.085091 -1.44628 -0.395473 -0.47857 -0.783946
-0.149144 0.085225 -1.44627 -0.0785248 -0.42579 -0.901408
-0.148939 0.085579 -1.44646 -0.426072 -0.429278 -0.796356
-0.149098 0.08561 -1.44645 -0.159706 -0.52969 -0.83302
-0.14918 0.085771 -1.44653 -0.131616 -0.389362 -0.911633
-0.14921 0.085894 -1.44655 -0.318638 0.0843066 -0.94412
-0.149147 0.085988 -1.44658 -0.402352 0.331422 -0.853389
-0.148881 0.086109 -1.44659 -0.318686 0.358645 -0.87739
-0.149995 0.084593 -1.44586 -0.183699 -0.439669 -0.879174
-0.150159 0.084793 -1.44587 -0.392152 0.116445 -0.912501
-0.150474 0.084594 -1.44576 -0.173959 -0.202097 -0.963792
-0.150455 0.084878 -1.44573 -0.0911389 0.271982 -0.957977
-0.149546 0.084891 -1.44615 -0.0310738 -0.549084 -0.835189
-0.149826 0.085064 -1.44615 -0.415984 -0.380165 -0.826094
-0.150124 0.085064 -1.44594 -0.559205 -0.423542 -0.712673
-0.150096 0.085282 -1.44609 -0.42988 -0.357181 -0.829231
-0.150305 0.085011 -1.4457 -0.465874 -0.0617898 -0.882691
-0.150319 0.084925 -1.44573 -0.159886 0.413723 -0.896253
-0.15043 0.085035 -1.44569 0.0467549 -0.198282 -0.979029
-0.150295 0.085121 -1.44578 -0.408228 -0.607364 -0.681512
-0.151036 0.084585 -1.44559 -0.489896 -0.064891 -0.869363
-0.150892 0.084823 -1.44575 -0.276108 -0.0489083 -0.959881
-0.151037 0.084829 -1.44568 -0.698865 -0.075023 -0.711308
-0.150733 0.084885 -1.44576 0.029929 -0.102047 -0.994329
-0.150991 0.08494 -1.44569 -0.537722 0.196265 -0.81996
-0.15117 0.084603 -1.44548 -0.428012 0.397445 -0.811691
-0.151126 0.084878 -1.44555 -0.849267 -0.0459608 -0.525959
-0.151167 0.08504 -1.44553 -0.666683 -0.125174 -0.734755
-0.150441 0.085285 -1.44588 -0.306224 -0.589711 -0.747308
-0.150375 0.085345 -1.446 -0.465516 -0.436651 -0.769825
-0.150559 0.085151 -1.44579 0.0515268 -0.355649 -0.933198
-0.150687 0.085204 -1.44579 -0.330011 -0.0822323 -0.940388
-0.15058 0.085386 -1.44588 -0.540374 -0.178542 -0.822264
-0.151397 0.084671 -1.44537 -0.341486 0.649403 -0.679458
-0.151615 0.084572 -1.44539 -0.28151 0.696005 -0.660552
-0.151447 0.084716 -1.44527 -0.47253 0.478987 -0.739788
-0.151631 0.084623 -1.44527 -0.169844 0.837876 -0.518764
-0.151632 0.084784 -1.44512 -0.133247 0.0470409 -0.989966
-0.151643 0.08471 -1.44516 0.00495532 0.633734 -0.773535
-0.151326 0.084836 -1.44528 -0.485334 0.0437095 -0.873236
-0.151482 0.084882 -1.44523 -0.464037 -0.177568 -0.867836
-0.151627 0.08492 -1.44515 -0.211588 -0.328096 -0.920643
-0.151179 0.084919 -1.44543 -0.786801 -0.201195 -0.583493
-0.151179 0.084774 -1.44542 -0.721002 0.100762 -0.685568
-0.151322 0.08497 -1.44533 -0.48349 -0.421298 -0.767297
-0.151394 0.085096 -1.44537 -0.444654 -0.237074 -0.863758
-0.151594 0.085136 -1.44527 -0.387251 -0.0934829 -0.917223
-0.151041 0.085228 -1.44556 -0.470621 0.21057 -0.856841
-0.150986 0.085519 -1.44555 -0.595781 0.0991565 -0.797002
-0.151288 0.08525 -1.44544 -0.453352 0.139126 -0.880406
-0.151256 0.085553 -1.44536 -0.453904 0.333144 -0.82643
-0.151064 0.085733 -1.44545 -0.595467 0.290185 -0.74914
-0.151435 0.0854 -1.44535 -0.473221 0.210847 -0.855339
-0.151572 0.085444 -1.44524 -0.474909 0.283232 -0.833211
-0.151372 0.085647 -1.44526 -0.451362 0.513402 -0.729857
-0.149649 0.085648 -1.44645 -0.327495 -0.127244 -0.936246
-0.149571 0.085419 -1.44641 -0.19732 -0.362595 -0.910818
-0.150118 0.085539 -1.44619 -0.535557 -0.106115 -0.837806
-0.150035 0.085798 -1.44625 -0.66427 0.224776 -0.712896
-0.149445 0.085763 -1.44653 -0.179336 -0.0507732 -0.982477
-0.149473 0.085925 -1.44648 -0.235587 0.410198 -0.881043
-0.14929 0.08601 -1.44647 -0.407169 0.53721 -0.738661
-0.149307 0.086065 -1.44639 -0.257945 0.649127 -0.71561
-0.149325 0.086303 -1.44619 -0.215717 0.675099 -0.705484
-0.149743 0.086051 -1.44633 -0.383946 0.583277 -0.715803
-0.149915 0.085731 -1.44635 -0.516318 -0.0914912 -0.851496
-0.149722 0.085822 -1.44646 -0.353893 0.158307 -0.921791
-0.149921 0.085882 -1.44632 -0.574987 0.334495 -0.746661
-0.149694 0.086345 -1.44608 -0.466406 0.73279 -0.495464
-0.149744 0.086423 -1.44583 -0.373968 0.85626 -0.356325
-0.150241 0.085881 -1.44602 -0.621629 0.345608 -0.702946
-0.150337 0.086038 -1.44581 -0.57517 0.530803 -0.622437
-0.150053 0.086058 -1.44605 -0.557542 0.575548 -0.59824
-0.149754 0.086236 -1.4461 -0.602077 0.638618 -0.479239
-0.150408 0.085481 -1.44601 -0.523884 -0.0501748 -0.85031
-0.150697 0.085646 -1.44576 -0.579347 0.281894 -0.764783
-0.150408 0.085652 -1.44598 -0.586349 0.267774 -0.764521
-0.150467 0.086403 -1.44536 -0.426991 0.658237 -0.620003
-0.15016 0.086279 -1.44566 -0.444752 0.683663 -0.57862
-0.149803 0.086472 -1.44566 -0.488658 0.72297 -0.488394
-0.149825 0.086663 -1.44544 -0.493914 0.620953 -0.608659
-0.14998 0.086816 -1.44513 -0.412546 0.677531 -0.608899
-0.150654 0.085989 -1.44556 -0.494858 0.553144 -0.670185
-0.150901 0.085877 -1.44549 -0.520881 0.511459 -0.683442
-0.15076 0.086228 -1.44529 -0.53165 0.594446 -0.603309
-0.15128 0.08579 -1.4452 -0.566044 0.531698 -0.629993
-0.151632 0.085853 -1.44494 -0.300068 0.63021 -0.716097
-0.151023 0.086259 -1.44497 -0.571661 0.593571 -0.56646
-0.150647 0.086587 -1.44498 -0.479737 0.638046 -0.602287
-0.150365 0.086632 -1.44515 -0.394585 0.675687 -0.622695
-0.151422 0.086131 -1.44478 -0.413887 0.635056 -0.652228
-0.151617 0.086222 -1.44457 -0.273898 0.654135 -0.705044
-0.151178 0.086402 -1.44465 -0.520868 0.488251 -0.70022
-0.151459 0.086432 -1.44449 -0.375678 0.523146 -0.764973
-0.151729 0.086325 -1.44444 -0.103601 0.613569 -0.782816
-0.150884 0.086536 -1.44485 -0.535277 0.542769 -0.64721
-0.150766 0.086929 -1.44453 -0.364035 0.655414 -0.661748
-0.151067 0.086706 -1.44463 -0.426596 0.540422 -0.725231
-0.151473 0.08669 -1.44434 -0.486995 0.497818 -0.717644
-0.151631 0.086587 -1.44434 -0.286996 0.575563 -0.765742
-0.151645 0.086667 -1.44423 -0.273811 0.75363 -0.597552
-0.151136 0.087034 -1.44431 -0.363005 0.635044 -0.681869
-0.151261 0.087115 -1.44417 -0.248135 0.563764 -0.787781
-0.15142 0.086991 -1.44418 -0.488963 0.456984 -0.743021
-0.15165 0.086898 -1.44401 -0.548042 0.545595 -0.634016
-0.151463 0.087137 -1.44407 -0.587983 0.426594 -0.687236
-0.151626 0.087236 -1.44384 -0.696518 0.285892 -0.658125
-0.152077 0.083012 -1.44515 0.273719 -0.661806 -0.697918
-0.152297 0.083039 -1.44523 0.227797 -0.762155 -0.605994
-0.152861 0.08266 -1.44524 0.268396 -0.83469 -0.480891
-0.152714 0.082791 -1.44528 0.556813 -0.734505 -0.387893
-0.15283 0.082804 -1.4454 0.317675 -0.82805 -0.46197
-0.152679 0.082886 -1.44545 0.4732 -0.828649 -0.299036
-0.152792 0.082893 -1.44559 0.167606 -0.901105 -0.399898
-0.152638 0.082962 -1.44563 0.513794 -0.78813 -0.338919
-0.152768 0.082964 -1.44573 0.163559 -0.752231 -0.638276
-0.152525 0.082996 -1.44536 0.639101 -0.722572 -0.263514
-0.152441 0.083024 -1.44528 0.498105 -0.739083 -0.453485
-0.152614 0.083067 -1.44576 0.561378 -0.348245 -0.75072
-0.152738 0.083067 -1.44581 0.186398 -0.282534 -0.940973
-0.152736 0.083203 -1.44581 0.337427 0.256293 -0.905791
-0.151881 0.083269 -1.44522 0.343531 -0.50239 -0.793468
-0.152253 0.083269 -1.44539 0.446703 -0.406847 -0.796826
-0.152236 0.083402 -1.4454 0.347383 0.119126 -0.930126
-0.152002 0.083387 -1.44532 0.216047 -0.143388 -0.965797
-0.15219 0.083608 -1.44534 0.139745 0.154681 -0.978031
-0.152499 0.083093 -1.44562 0.812711 -0.353178 -0.463429
-0.152434 0.083125 -1.44548 0.790043 -0.390958 -0.472213
-0.152471 0.083276 -1.44553 0.60322 0.193246 -0.77381
-0.152531 0.083224 -1.44566 0.772503 0.268206 -0.575591
-0.152605 0.08321 -1.44574 0.618523 0.258935 -0.741878
-0.152738 0.083459 -1.44562 0.3734 0.561428 -0.738493
-0.152485 0.083594 -1.4454 0.250648 0.372688 -0.893465
-0.153151 0.082792 -1.44527 -0.471521 -0.738977 -0.481228
-0.153387 0.08292 -1.44521 -0.640136 -0.623999 -0.448164
-0.152939 0.082864 -1.44554 -0.151739 -0.847605 -0.50847
-0.153076 0.0829 -1.4455 -0.490621 -0.754329 -0.436209
-0.152893 0.08297 -1.44573 -0.162468 -0.742791 -0.649512
-0.153038 0.082988 -1.44569 -0.41237 -0.696415 -0.58733
-0.15324 0.083062 -1.44557 -0.636267 -0.53643 -0.554443
-0.153351 0.083114 -1.44545 -0.719386 -0.440874 -0.536762
-0.152872 0.08308 -1.44582 -0.103954 -0.395846 -0.912414
-0.152859 0.083216 -1.44583 -0.0298986 0.193874 -0.980571
-0.153008 0.083107 -1.44579 -0.395488 -0.301264 -0.867657
-0.152996 0.083243 -1.4458 -0.149384 0.253019 -0.955859
-0.153277 0.08332 -1.44567 -0.653869 0.0719679 -0.753177
-0.153 0.083562 -1.4457 -0.0810026 0.512479 -0.854871
-0.153285 0.083651 -1.44546 -0.494521 0.530754 -0.688295
-0.15234 0.082852 -1.44492 0.12981 -0.715259 -0.686698
-0.152733 0.082616 -1.44499 0.408767 -0.807837 -0.424628
-0.152496 0.082849 -1.44498 0.470017 -0.740247 -0.480747
-0.153943 0.083097 -1.44484 -0.269464 -0.279971 -0.921415
-0.153864 0.083354 -1.4449 -0.581326 -0.122311 -0.804425
-0.153761 0.083581 -1.44497 -0.70525 0.135694 -0.695852
-0.153758 0.083932 -1.44479 -0.558134 0.486799 -0.671948
-0.153986 0.083697 -1.44477 -0.541869 0.311179 -0.780734
-0.153933 0.083964 -1.44469 -0.455618 0.406227 -0.79208
-0.151876 0.083775 -1.44533 -0.120984 -0.01498 -0.992541
-0.152753 0.083708 -1.44542 0.270817 0.52757 -0.805188
-0.153007 0.083776 -1.44548 0.115804 0.61322 -0.781377
-0.152226 0.083845 -1.4453 -0.0452884 0.237096 -0.97043
-0.152218 0.084145 -1.44522 -0.176452 -0.0104666 -0.984254
-0.152495 0.083885 -1.44528 0.0904505 0.358993 -0.928947
-0.152759 0.083914 -1.44529 0.266499 0.388975 -0.88186
-0.152494 0.084197 -1.44518 -0.0171327 0.0272736 -0.999481
-0.152754 0.084061 -1.44525 0.0188148 0.337263 -0.941222
-0.15275 0.084216 -1.44521 -0.111336 0.0347128 -0.993176
-0.151889 0.084177 -1.44529 -0.280999 -0.0855787 -0.955885
-0.152187 0.084396 -1.4453 -0.135432 -0.450186 -0.882605
-0.151758 0.084473 -1.4454 -0.199819 0.226727 -0.95324
-0.151895 0.084478 -1.44538 -0.032254 -0.202323 -0.978788
-0.151764 0.084626 -1.4453 0.3055 0.624157 -0.719095
-0.151884 0.084612 -1.44537 0.427216 0.0749454 -0.901038
-0.152453 0.084438 -1.44527 -0.137257 -0.37847 -0.91538
-0.152726 0.084487 -1.44522 -0.312055 -0.191256 -0.930614
-0.152451 0.084673 -1.44544 -0.273622 -0.151883 -0.94977
-0.152826 0.084804 -1.44523 -0.501485 0.159001 -0.85043
-0.153093 0.084293 -1.4451 -0.493457 0.300084 -0.816364
-0.153335 0.084469 -1.44459 -0.7236 0.606823 -0.32889
-0.153318 0.084094 -1.44507 -0.462729 0.528816 -0.711502
-0.153514 0.084146 -1.44483 -0.634732 0.596065 -0.491754
-0.153649 0.084185 -1.44459 -0.420617 0.738724 -0.526658
-0.153337 0.08433 -1.44486 -0.557636 0.645977 -0.521302
-0.153138 0.084955 -1.44475 -0.828673 0.172378 -0.532529
-0.154236 0.083444 -1.44472 -0.46998 0.169075 -0.866333
-0.154368 0.08324 -1.44462 -0.533359 0.00732613 -0.845857
-0.15455 0.083323 -1.44449 -0.563844 -0.00190283 -0.825879
-0.1544 0.083482 -1.44464 -0.487092 0.150102 -0.860355
-0.15453 0.083558 -1.44453 -0.591579 0.0979523 -0.800275
-0.15458 0.083039 -1.44452 -0.345379 0.225569 -0.910951
-0.154841 0.08318 -1.44444 -0.0942474 0.416611 -0.904186
-0.154708 0.083275 -1.44441 -0.315992 0.191206 -0.929295
-0.153676 0.084284 -1.44434 -0.409292 0.86108 -0.301699
-0.153968 0.084218 -1.44436 -0.27446 0.895926 -0.349269
-0.153692 0.084343 -1.44409 -0.393601 0.857825 -0.330477
-0.153369 0.0846 -1.44411 -0.77813 0.471673 -0.414775
-0.153766 0.084466 -1.44385 -0.40286 0.557083 -0.726197
-0.154045 0.084341 -1.44385 -0.261576 0.696093 -0.668605
-0.154045 0.084547 -1.44373 -0.288801 0.371556 -0.88235
-0.153475 0.084698 -1.44388 -0.593843 0.315129 -0.7403
-0.154051 0.08484 -1.44366 -0.374096 0.259244 -0.890418
-0.153282 0.084862 -1.44418 -0.955765 0.0794459 -0.283199
-0.1534 0.084952 -1.44391 -0.746285 -0.00527356 -0.665606
-0.153704 0.085044 -1.44373 -0.459801 0.0839622 -0.884044
-0.153602 0.085291 -1.4438 -0.636655 -0.237571 -0.733642
-0.153756 0.084819 -1.44372 -0.332301 0.16895 -0.927918
-0.153978 0.085071 -1.44365 -0.388212 0.228993 -0.892667
-0.153733 0.085207 -1.44368 -0.493093 0.0907581 -0.86523
-0.153727 0.085338 -1.44371 -0.584271 -0.293813 -0.756506
-0.153866 0.085376 -1.44363 -0.650404 -0.0213243 -0.759289
-0.15473 0.083585 -1.44439 -0.54619 0.238786 -0.802906
-0.154841 0.083623 -1.4443 -0.474252 0.433988 -0.765989
-0.154496 0.083659 -1.44452 -0.383592 0.595745 -0.705652
-0.154266 0.08381 -1.44442 -0.602438 0.466229 -0.647841
-0.154221 0.083764 -1.44454 -0.510024 0.495927 -0.702802
-0.154373 0.083809 -1.44436 -0.405898 0.562561 -0.720258
-0.154224 0.083897 -1.44446 -0.701635 0.206724 -0.68189
-0.154092 0.084037 -1.44457 -0.48423 0.526685 -0.698659
-0.154288 0.084147 -1.44419 -0.505564 0.793187 -0.339497
-0.154333 0.083979 -1.44434 -0.702094 0.332686 -0.62959
-0.154414 0.084031 -1.44419 -0.530015 0.635663 -0.561263
-0.154548 0.083872 -1.44427 -0.370593 0.66343 -0.650017
-0.154247 0.084104 -1.44437 -0.620417 0.57411 -0.534303
-0.154335 0.084258 -1.44387 -0.357697 0.764881 -0.535733
-0.154901 0.08409 -1.44374 -0.494121 0.678881 -0.543108
-0.154724 0.084205 -1.4437 -0.433104 0.710551 -0.554562
-0.155106 0.083363 -1.44424 -0.46532 0.500033 -0.730373
-0.155348 0.083576 -1.44384 -0.565756 0.573307 -0.592655
-0.154643 0.084371 -1.44359 -0.49512 0.543734 -0.67765
-0.154752 0.084423 -1.44342 -0.59008 0.593289 -0.547552
-0.155076 0.084209 -1.44338 -0.495557 0.654483 -0.57103
-0.155174 0.085083 -1.44246 -0.546637 0.500727 -0.671164
-0.154473 0.084476 -1.44362 -0.319514 0.529666 -0.785726
-0.154512 0.084701 -1.44348 -0.526459 0.498371 -0.688816
-0.154261 0.084902 -1.44349 -0.616404 0.53347 -0.579186
-0.154374 0.084916 -1.44323 -0.666849 0.587772 -0.45808
-0.154618 0.084746 -1.44322 -0.581939 0.667115 -0.465085
-0.155015 0.084661 -1.44293 -0.490486 0.612868 -0.619529
-0.154016 0.08522 -1.44355 -0.646922 0.27572 -0.710965
-0.154445 0.084994 -1.44309 -0.620032 0.498779 -0.605623
-0.151992 0.08473 -1.44549 0.525446 -0.167651 -0.834146
-0.152112 0.084771 -1.44554 -0.107558 0.118223 -0.987145
-0.152134 0.084625 -1.44548 0.0408607 -0.498402 -0.865983
-0.151879 0.08475 -1.44534 0.752903 0.170782 -0.635586
-0.152008 0.084609 -1.44544 0.256315 -0.406935 -0.876759
-0.151988 0.084882 -1.44546 0.461383 0.478837 -0.746887
-0.152119 0.0849 -1.44545 -0.151864 0.660738 -0.735094
-0.151783 0.084777 -1.44518 0.593902 0.212021 -0.776097
-0.151853 0.084931 -1.44528 0.590914 0.191532 -0.783668
-0.151747 0.085055 -1.44522 0.224264 -0.0931938 -0.970062
-0.151876 0.085019 -1.44527 0.133848 0.366282 -0.920827
-0.151861 0.085206 -1.44519 -0.175004 0.3149 -0.932851
-0.152008 0.084991 -1.4453 0.0900311 0.699801 -0.708642
-0.152115 0.085102 -1.4452 -0.0286367 0.541883 -0.839966
-0.152272 0.084639 -1.44545 -0.270258 -0.264147 -0.925844
-0.152265 0.084826 -1.44542 -0.334795 0.318001 -0.88701
-0.152403 0.084973 -1.44531 -0.207907 0.491778 -0.845535
-0.15267 0.085054 -1.44524 -0.256803 0.475486 -0.841407
-0.151725 0.085301 -1.4452 -0.34671 0.277658 -0.895934
-0.151882 0.085481 -1.44507 -0.278464 0.377448 -0.883171
-0.152123 0.085281 -1.44509 -0.093687 0.383115 -0.918937
-0.152129 0.085573 -1.44501 -0.0164179 0.324572 -0.945718
-0.151991 0.085494 -1.44504 -0.115332 0.366256 -0.923339
-0.151689 0.085603 -1.4451 -0.391453 0.436158 -0.810266
-0.15189 0.085689 -1.44497 -0.155189 0.489974 -0.857812
-0.151869 0.085923 -1.44481 -0.11876 0.706585 -0.697591
-0.152029 0.085694 -1.44496 0.0311793 0.394625 -0.918313
-0.15201 0.085852 -1.44487 0.127554 0.618212 -0.775593
-0.152433 0.085342 -1.44509 0.0273921 0.372941 -0.927451
-0.152691 0.085376 -1.44507 -0.3494 0.285964 -0.892269
-0.152395 0.085915 -1.44492 0.0722825 0.39357 -0.916448
-0.152996 0.085453 -1.44488 -0.731935 0.179679 -0.657257
-0.152667 0.086098 -1.44481 -0.286699 0.409265 -0.866202
-0.153391 0.085435 -1.4442 -0.842285 0.0116192 -0.538907
-0.15335 0.085703 -1.4442 -0.804528 0.412971 -0.426837
-0.15321 0.085949 -1.44423 -0.844986 0.512418 -0.153058
-0.153079 0.085963 -1.44452 -0.769537 0.423899 -0.477623
-0.153064 0.086188 -1.44428 -0.788423 0.571291 -0.228071
-0.152911 0.086158 -1.44368 -0.63829 0.769699 0.0122528
-0.152667 0.08648 -1.44349 -0.553021 0.700165 -0.451593
-0.153788 0.085471 -1.44375 -0.783422 -0.0863409 -0.615463
-0.153692 0.085432 -1.44384 -0.630349 -0.270899 -0.727512
-0.153821 0.085555 -1.44363 -0.7956 0.386314 -0.466671
-0.15374 0.085594 -1.44378 -0.834749 0.23334 -0.498745
-0.153648 0.08555 -1.44389 -0.682867 -0.027784 -0.730014
-0.154134 0.085616 -1.44305 -0.719245 0.464349 -0.516785
-0.153766 0.085718 -1.44347 -0.589782 0.738325 -0.327159
-0.153585 0.085672 -1.44392 -0.550288 0.535939 -0.640275
-0.153684 0.085738 -1.44368 -0.6547 0.739465 -0.156715
-0.153396 0.085814 -1.44395 -0.582798 0.761251 -0.28433
-0.153519 0.085723 -1.44393 -0.649859 0.589428 -0.479853
-0.153542 0.085769 -1.44376 -0.386054 0.885373 -0.258992
-0.153682 0.085724 -1.44382 -0.636521 0.594509 -0.491325
-0.15346 0.085946 -1.4434 -0.361727 0.809489 -0.462474
-0.153905 0.085797 -1.44319 -0.586882 0.640991 -0.494671
-0.153941 0.085992 -1.44283 -0.56226 0.592149 -0.577255
-0.153235 0.08596 -1.44371 -0.564525 0.825381 -0.00763555
-0.153272 0.085912 -1.44397 -0.691234 0.707795 -0.145678
-0.1531 0.086094 -1.44391 -0.678311 0.715385 0.167684
-0.153195 0.086032 -1.4434 -0.498145 0.73756 -0.455913
-0.152949 0.086157 -1.44357 -0.611006 0.760736 -0.218981
-0.153159 0.086006 -1.44354 -0.526304 0.838838 -0.139121
-0.153385 0.085877 -1.44361 -0.440308 0.873671 -0.206949
-0.152807 0.086302 -1.4439 -0.592571 0.754797 0.281321
-0.153234 0.086081 -1.44331 -0.390298 0.656534 -0.64547
-0.153519 0.086103 -1.44317 -0.454318 0.656033 -0.602675
-0.153114 0.086283 -1.44326 -0.536704 0.489433 -0.687317
-0.153237 0.086704 -1.44288 -0.54817 0.513409 -0.660243
-0.151751 0.08607 -1.44467 -0.230106 0.670608 -0.705221
-0.151887 0.086086 -1.44459 -0.0836713 0.515144 -0.85301
-0.152035 0.086062 -1.44462 0.30912 0.557198 -0.770698
-0.152142 0.085993 -1.44479 0.445936 0.581897 -0.680101
-0.152157 0.086094 -1.44467 0.553015 0.360491 -0.751146
-0.151761 0.086221 -1.44456 -0.0873136 0.598059 -0.796681
-0.152027 0.086259 -1.44455 0.340771 0.129338 -0.931207
-0.151919 0.086261 -1.44455 0.275327 0.367208 -0.888456
-0.15215 0.0863 -1.44466 0.543688 0.0427478 -0.838198
-0.152014 0.086393 -1.44456 0.50964 0.0705935 -0.857487
-0.152024 0.086544 -1.44452 0.829693 0.254018 -0.497075
-0.152126 0.086525 -1.44463 0.614764 0.000557739 -0.788711
-0.152304 0.086236 -1.44475 0.53991 0.215135 -0.813765
-0.152409 0.086248 -1.4448 0.0627739 0.333911 -0.940512
-0.152722 0.086391 -1.4446 -0.586072 0.516529 -0.624274
-0.152369 0.086445 -1.44478 0.0594929 0.0666516 -0.996001
-0.152566 0.086586 -1.44462 -0.825263 0.204708 -0.526341
-0.151914 0.086626 -1.44426 0.376634 0.753415 -0.538992
-0.152079 0.086688 -1.44403 0.183879 0.982915 -0.00814204
-0.152641 0.08649 -1.44404 -0.498285 0.843048 0.202439
-0.15267 0.086526 -1.44434 -0.679428 0.727192 -0.0978289
-0.152635 0.086544 -1.44419 -0.54944 0.805602 0.221632
-0.152488 0.08654 -1.44403 -0.549317 0.752647 0.363006
-0.152546 0.086659 -1.44436 -0.848171 0.432816 0.30541
-0.152456 0.086693 -1.44421 -0.714496 0.589127 0.377393
-0.152074 0.086829 -1.44463 0.898327 0.1797 -0.400894
-0.152345 0.086777 -1.44482 -0.0130607 -0.10519 -0.994366
-0.152319 0.087043 -1.44484 0.21476 -0.0441546 -0.975668
-0.152028 0.086747 -1.44431 0.768371 0.638005 0.0505507
-0.151929 0.08668 -1.44413 -0.0511875 0.93153 -0.360045
-0.152054 0.086731 -1.44417 0.48124 0.86503 0.141884
-0.152177 0.086795 -1.44421 0.302445 0.901158 0.310551
-0.151965 0.086775 -1.44391 -0.392992 0.81479 -0.426233
-0.1522 0.086794 -1.44407 0.215622 0.927933 0.304051
-0.152091 0.086841 -1.44449 0.934647 0.355373 -0.0120375
-0.152128 0.086936 -1.44466 0.932695 0.0122629 -0.360458
-0.15213 0.086905 -1.44436 0.668946 0.665632 0.330825
-0.152081 0.08709 -1.44455 0.954427 0.0512505 0.29401
-0.15241 0.086918 -1.44436 -0.27426 0.606545 0.746247
-0.152176 0.086975 -1.44454 0.866248 0.104166 0.488634
-0.152238 0.087017 -1.44442 0.355584 0.438922 0.825171
-0.152118 0.08706 -1.4447 0.823339 0.163822 -0.543393
-0.152206 0.087155 -1.44445 0.406409 0.440187 0.800666
-0.152516 0.086837 -1.44468 -0.700257 -0.126896 -0.702522
-0.152615 0.086882 -1.44457 -0.971201 -0.106965 -0.212902
-0.152518 0.086988 -1.44473 -0.726418 0.0409079 -0.686035
-0.152624 0.08701 -1.44462 -0.92434 0.255332 -0.28355
-0.152577 0.087058 -1.44449 -0.724926 0.442203 0.528147
-0.152522 0.087135 -1.44463 -0.722566 0.691137 0.0151107
-0.152372 0.087156 -1.44448 -0.275727 0.59245 0.756952
-0.152842 0.086024 -1.44476 -0.548747 0.387056 -0.740989
-0.152915 0.086377 -1.44415 -0.631787 0.76156 0.14447
-0.153033 0.086254 -1.44415 -0.800513 0.598637 0.028515
-0.152909 0.086367 -1.44431 -0.657443 0.718577 -0.226749
-0.152237 0.086606 -1.44388 -0.601996 0.734401 0.313458
-0.152214 0.086656 -1.44375 -0.691367 0.664698 -0.283176
-0.1521 0.086736 -1.44389 -0.347451 0.936632 -0.0446965
-0.152228 0.086743 -1.44393 -0.0881939 0.838011 0.538479
-0.152061 0.0868 -1.44374 -0.593462 0.712606 -0.37416
-0.152177 0.086855 -1.44352 -0.61703 0.478578 -0.624689
-0.152657 0.086426 -1.44381 -0.61446 0.787923 0.0402102
-0.152479 0.086513 -1.44372 -0.376859 0.926271 0.000134978
-0.15231 0.086594 -1.44362 -0.581334 0.748526 -0.318999
-0.152313 0.086698 -1.4435 -0.484897 0.488651 -0.725324
-0.152731 0.086727 -1.4433 -0.445537 0.458185 -0.769132
-0.152576 0.087006 -1.4432 -0.537808 0.437228 -0.720829
-0.151783 0.087004 -1.44379 -0.608681 0.544299 -0.577275
-0.152196 0.086872 -1.44395 0.802576 0.47592 0.359683
-0.152205 0.086855 -1.44401 0.28842 0.648348 -0.704598
-0.152226 0.086775 -1.44393 0.219154 -0.211279 0.95254
-0.152224 0.086881 -1.44395 -0.420842 0.850866 0.314514
-0.151968 0.087073 -1.44355 -0.604593 0.407328 -0.684508
-0.151692 0.087489 -1.44362 -0.719169 0.304133 -0.624739
-0.152349 0.086736 -1.44401 -0.489076 0.635657 0.597281
-0.152333 0.086793 -1.44409 -0.429562 0.823818 0.369866
-0.152243 0.087186 -1.4433 -0.5181 0.395668 -0.7583
-0.152302 0.087056 -1.44335 -0.512369 0.390168 -0.765014
-0.152089 0.087231 -1.44343 -0.576241 0.286327 -0.765482
-0.152261 0.087427 -1.44321 -0.64005 0.326067 -0.695712
-0.152138 0.087525 -1.44331 -0.64164 0.289955 -0.710087
-0.152657 0.087047 -1.44309 -0.670982 0.476655 -0.567965
-0.152469 0.087234 -1.44318 -0.539516 0.416754 -0.7316
-0.152919 0.08673 -1.44318 -0.54689 0.510033 -0.663911
-0.155698 0.084767 -1.44238 -0.492317 0.605751 -0.625051
-0.154912 0.084969 -1.44275 -0.526102 0.463993 -0.71269
-0.154469 0.085362 -1.44284 -0.571385 0.430893 -0.698463
-0.154784 0.085318 -1.44267 -0.548452 0.427626 -0.718566
-0.154625 0.085672 -1.44254 -0.559654 0.480535 -0.675184
-0.155125 0.085392 -1.44232 -0.592282 0.486779 -0.642065
-0.155121 0.085541 -1.44218 -0.58122 0.502875 -0.639765
-0.155378 0.085514 -1.44194 -0.598409 0.434626 -0.673059
-0.155789 0.085234 -1.44181 -0.564156 0.533118 -0.630487
-0.155368 0.085866 -1.44176 -0.559754 0.0937234 -0.823342
-0.155118 0.085997 -1.44193 -0.580592 0.352753 -0.733811
-0.156374 0.085541 -1.44106 -0.555688 0.551263 -0.622351
-0.155604 0.085789 -1.44162 -0.585837 0.462685 -0.66537
-0.155921 0.086243 -1.4408 -0.566495 0.550881 -0.612873
-0.156574 0.085953 -1.44038 -0.590564 0.578308 -0.562845
-0.153925 0.086439 -1.44254 -0.534089 0.533976 -0.655453
-0.153651 0.086222 -1.44291 -0.531065 0.539087 -0.653724
-0.154221 0.086737 -1.44198 -0.497283 0.612592 -0.614362
-0.153939 0.086651 -1.4423 -0.5411 0.649944 -0.533652
-0.1529 0.087024 -1.44286 -0.544347 0.563886 -0.621063
-0.152739 0.087145 -1.44288 -0.619444 0.532314 -0.577002
-0.152676 0.087479 -1.4427 -0.548033 0.585577 -0.597293
-0.152378 0.087519 -1.44304 -0.694958 0.505869 -0.511009
-0.152419 0.087564 -1.4429 -0.684832 0.595625 -0.419806
-0.153041 0.0874 -1.44248 -0.548754 0.601314 -0.580767
-0.153539 0.086851 -1.44255 -0.568316 0.572484 -0.590998
-0.153141 0.087257 -1.4425 -0.542705 0.53268 -0.649402
-0.153049 0.087899 -1.44184 -0.5396 0.606951 -0.583474
-0.153792 0.086877 -1.44214 -0.554495 0.61618 -0.559337
-0.153548 0.087168 -1.44214 -0.591538 0.574702 -0.565509
-0.154131 0.087194 -1.44162 -0.560103 0.567369 -0.603637
-0.154248 0.085792 -1.44275 -0.576837 0.493577 -0.650877
-0.154323 0.086009 -1.44258 -0.540432 0.481171 -0.690223
-0.154621 0.086189 -1.44213 -0.551852 0.540805 -0.634814
-0.154747 0.086467 -1.44175 -0.57674 0.634675 -0.514353
-0.155015 0.086595 -1.44126 -0.560524 0.59838 -0.572498
-0.15441 0.086798 -1.44177 -0.587245 0.599167 -0.54419
-0.154659 0.086761 -1.44144 -0.61309 0.587236 -0.528464
-0.154847 0.087131 -1.44099 -0.563181 0.547785 -0.618675
-0.153847 0.087867 -1.44123 -0.529274 0.597279 -0.6026
-0.154643 0.088353 -1.43979 -0.55378 0.608015 -0.568899
-0.154432 0.087776 -1.44074 -0.575029 0.61385 -0.54086
-0.155469 0.087397 -1.44006 -0.5802 0.620421 -0.527679
-0.155666 0.086835 -1.44055 -0.580469 0.567443 -0.584007
-0.141656 0.085965 -1.44797 0.233306 -0.798596 -0.554809
-0.140704 0.086899 -1.44827 0.386009 -0.648516 -0.656067
-0.142021 0.086351 -1.4485 0.172212 -0.736039 -0.654668
-0.1413 0.086405 -1.44829 0.394991 -0.643966 -0.655202
-0.141654 0.086702 -1.4487 0.33616 -0.619636 -0.709258
-0.139799 0.08595 -1.44523 0.545775 -0.817551 -0.183686
-0.140524 0.0862 -1.44691 0.568327 -0.735395 -0.369051
-0.140438 0.086717 -1.44787 0.497636 -0.750596 -0.434701
-0.139508 0.086923 -1.44696 0.446084 -0.809647 -0.381419
-0.138843 0.086783 -1.44614 0.424017 -0.855084 -0.298396
-0.138995 0.086418 -1.44518 0.540635 -0.835168 -0.101039
-0.139634 0.086387 -1.44608 0.505117 -0.788418 -0.351075
-0.141135 0.085597 -1.44671 0.499259 -0.766953 -0.403143
-0.14111 0.086091 -1.44778 0.482961 -0.757358 -0.439496
-0.142748 0.084933 -1.44665 0.293442 -0.745775 -0.59809
-0.141734 0.0853 -1.44668 0.311131 -0.825089 -0.471619
-0.139619 0.087229 -1.44808 0.413267 -0.798971 -0.436871
-0.13968 0.087637 -1.44889 0.321205 -0.780028 -0.537013
-0.13946 0.088088 -1.44929 0.445882 -0.623036 -0.642662
-0.139937 0.088369 -1.44977 0.193335 -0.593022 -0.78163
-0.138741 0.088013 -1.44854 0.527896 -0.709406 -0.466979
-0.138037 0.08847 -1.44834 0.519174 -0.722853 -0.456006
-0.14087 0.08747 -1.4489 0.330696 -0.677113 -0.657387
-0.140426 0.087249 -1.44852 0.192606 -0.768995 -0.609549
-0.141391 0.087706 -1.44946 0.313325 -0.616902 -0.721983
-0.140062 0.088038 -1.44951 0.144819 -0.715909 -0.68301
-0.140847 0.088054 -1.44957 0.159463 -0.684641 -0.711223
-0.140912 0.088244 -1.44974 0.0668486 -0.56241 -0.824152
-0.142099 0.087986 -1.4498 -0.00819748 -0.233569 -0.972306
-0.141527 0.088102 -1.44975 0.176017 -0.443702 -0.878719
-0.141595 0.088505 -1.4499 -0.0324484 -0.208994 -0.977378
-0.138602 0.08703 -1.44649 0.406307 -0.825304 -0.392158
-0.139048 0.087307 -1.44736 0.421093 -0.81785 -0.392175
-0.138321 0.087829 -1.44745 0.492812 -0.763895 -0.416654
-0.14362 0.085975 -1.44819 -0.0134108 -0.742275 -0.669961
-0.144351 0.08588 -1.44808 0.0269225 -0.617423 -0.786171
-0.142329 0.085754 -1.44776 0.12718 -0.824884 -0.55081
-0.143173 0.086104 -1.4484 0.017443 -0.783226 -0.621492
-0.142706 0.086783 -1.44916 0.0815168 -0.662968 -0.744196
-0.143542 0.086366 -1.44863 -0.175851 -0.6683 -0.722808
-0.144192 0.086419 -1.4485 -0.142137 -0.598065 -0.788743
-0.144734 0.086477 -1.44847 -0.121281 -0.480256 -0.868703
-0.144482 0.087425 -1.44912 -0.199623 -0.526818 -0.826204
-0.143109 0.085491 -1.4475 0.11581 -0.778975 -0.616268
-0.143313 0.08518 -1.44725 0.195855 -0.719438 -0.66637
-0.143892 0.085612 -1.44782 0.110287 -0.727856 -0.676803
-0.145185 0.085759 -1.44812 -0.0378923 -0.535724 -0.843542
-0.145036 0.086397 -1.4484 -0.208436 -0.333505 -0.919418
-0.145769 0.086039 -1.44816 -0.255828 -0.306346 -0.916899
-0.146359 0.085891 -1.44783 -0.223559 -0.440332 -0.869557
-0.146813 0.086027 -1.44781 -0.241556 -0.37839 -0.893573
-0.146691 0.086484 -1.448 -0.13203 -0.203519 -0.970128
-0.145608 0.086737 -1.44835 -0.181051 -0.235801 -0.954787
-0.145389 0.086988 -1.44847 -0.46152 -0.298555 -0.835383
-0.145861 0.086606 -1.44825 -0.26962 -0.31558 -0.909788
-0.146348 0.08655 -1.44807 -0.324869 0.000749764 -0.945759
-0.146486 0.086759 -1.44799 -0.417242 0.254953 -0.872301
-0.14671 0.086647 -1.44798 -0.129382 0.298583 -0.945573
-0.146115 0.086779 -1.44821 -0.427183 -0.293572 -0.855179
-0.146287 0.086822 -1.44812 -0.580986 -0.0803572 -0.809937
-0.146075 0.087011 -1.44836 -0.460489 -0.0642223 -0.885339
-0.146565 0.086917 -1.4479 -0.556795 0.152364 -0.816557
-0.146616 0.0868 -1.44791 -0.246545 0.436693 -0.865167
-0.146714 0.086987 -1.4478 -0.425258 0.404206 -0.809798
-0.146447 0.087035 -1.448 -0.698297 0.0544373 -0.713735
-0.146623 0.087104 -1.44783 -0.672109 0.250666 -0.696733
-0.145555 0.086958 -1.44839 -0.151485 -0.0597816 -0.98665
-0.145813 0.086952 -1.44844 -0.0943224 -0.16245 -0.982198
-0.145661 0.087095 -1.44838 -0.102306 0.348201 -0.93182
-0.145898 0.087113 -1.44841 -0.0747508 0.439615 -0.89507
-0.145552 0.087236 -1.44842 -0.693818 -0.131148 -0.708108
-0.145671 0.087271 -1.44828 -0.518469 0.203884 -0.830434
-0.145806 0.087195 -1.4483 0.0655802 0.641401 -0.764398
-0.145657 0.087395 -1.44831 -0.708031 -0.224673 -0.669487
-0.145934 0.087219 -1.44833 0.020183 0.638148 -0.769649
-0.14607 0.087158 -1.44832 -0.427184 0.401018 -0.810369
-0.14619 0.087046 -1.44828 -0.646197 0.0471833 -0.76171
-0.145812 0.087314 -1.4482 -0.173811 0.376804 -0.90984
-0.145782 0.087441 -1.44824 -0.569416 -0.183413 -0.801327
-0.146025 0.08751 -1.44812 -0.545783 0.197707 -0.814269
-0.146094 0.087427 -1.44813 -0.391896 0.537905 -0.746376
-0.146405 0.087147 -1.44803 -0.666099 0.413669 -0.620636
-0.146418 0.087378 -1.44778 -0.654482 0.464689 -0.59642
-0.146543 0.087219 -1.44786 -0.664804 0.440752 -0.603136
-0.146651 0.087172 -1.44775 -0.570228 0.503904 -0.648784
-0.146563 0.087409 -1.44762 -0.543632 0.341306 -0.766795
-0.146781 0.087516 -1.44747 -0.598686 0.37954 -0.705355
-0.146401 0.087663 -1.44772 -0.689297 0.0992215 -0.717653
-0.142482 0.087392 -1.44948 -0.16367 -0.673724 -0.72063
-0.142016 0.087577 -1.44964 0.0823403 -0.495086 -0.864933
-0.142241 0.087184 -1.44933 0.0893006 -0.638281 -0.764606
-0.143228 0.087165 -1.4494 -0.192574 -0.431434 -0.881351
-0.142822 0.087626 -1.4496 -0.125883 -0.475843 -0.870475
-0.143915 0.087131 -1.44907 -0.262631 -0.483355 -0.8351
-0.143742 0.087424 -1.44927 -0.353157 -0.246563 -0.902489
-0.143988 0.087466 -1.44921 -0.175266 -0.265425 -0.948067
-0.143386 0.087733 -1.44951 -0.431033 -0.104613 -0.896251
-0.143622 0.087906 -1.44937 -0.453369 0.0740231 -0.888244
-0.143844 0.087726 -1.44926 -0.272609 -0.00266617 -0.962121
-0.144307 0.087699 -1.44923 -0.139007 -0.0943052 -0.985791
-0.144182 0.08796 -1.4492 -0.0586796 0.179593 -0.981989
-0.14274 0.087998 -1.44974 -0.172112 -0.143902 -0.97451
-0.14239 0.088203 -1.44981 -0.154452 0.0742946 -0.985203
-0.142012 0.088524 -1.44985 -0.212122 0.118058 -0.970086
-0.142557 0.08855 -1.44966 -0.29422 0.422461 -0.857298
-0.142888 0.088392 -1.44969 -0.367818 0.342988 -0.864332
-0.143001 0.088591 -1.44946 -0.386793 0.510359 -0.768066
-0.143172 0.088645 -1.44935 -0.291145 0.373073 -0.880938
-0.142651 0.088835 -1.44945 -0.372736 0.446789 -0.813295
-0.142703 0.089161 -1.44929 -0.313909 0.286765 -0.905112
-0.143107 0.087892 -1.44965 -0.263202 -0.154546 -0.952282
-0.143244 0.088043 -1.44959 -0.435561 0.123512 -0.891645
-0.143304 0.088358 -1.44939 -0.425531 0.338035 -0.839438
-0.143454 0.088167 -1.4494 -0.421385 0.296914 -0.856899
-0.143658 0.088171 -1.44934 -0.351242 0.207658 -0.912966
-0.143935 0.088063 -1.44921 -0.325808 0.16689 -0.93059
-0.143786 0.088356 -1.44923 -0.40293 0.26504 -0.876014
-0.144236 0.088374 -1.44908 -0.0389886 0.318497 -0.947122
-0.143963 0.08846 -1.44908 -0.361837 0.191913 -0.912274
-0.143803 0.088612 -1.44914 -0.304425 0.131071 -0.943476
-0.143378 0.088706 -1.44929 -0.258251 0.209445 -0.943101
-0.143649 0.08859 -1.44918 -0.29106 0.199263 -0.935723
-0.143133 0.088829 -1.44929 -0.122294 0.26856 -0.955468
-0.143346 0.089074 -1.44924 -0.124773 0.146193 -0.981356
-0.143652 0.089129 -1.44915 -0.256242 0.143842 -0.95585
-0.144789 0.087611 -1.44908 -0.361055 -0.290715 -0.886072
-0.14488 0.087385 -1.44894 -0.312152 -0.679976 -0.663471
-0.145189 0.087704 -1.44894 -0.436516 -0.245409 -0.86558
-0.144683 0.087842 -1.44916 -0.291024 -0.0722889 -0.953981
-0.144507 0.088003 -1.44919 -0.0746362 0.16293 -0.983811
-0.14483 0.088254 -1.4491 -0.310807 0.28524 -0.906663
-0.145134 0.08795 -1.449 -0.501797 0.046282 -0.863746
-0.144503 0.088483 -1.44907 -0.044775 0.307085 -0.950628
-0.144093 0.088531 -1.44902 -0.115716 0.135256 -0.98403
-0.144223 0.088667 -1.44903 -0.174338 0.0805531 -0.981385
-0.144031 0.088888 -1.44909 -0.279232 0.0405238 -0.959368
-0.144211 0.088804 -1.44903 -0.395925 0.0443579 -0.917211
-0.144199 0.088938 -1.44904 -0.428429 0.133759 -0.89362
-0.144166 0.089244 -1.44895 -0.536186 0.291802 -0.792058
-0.145046 0.08737 -1.44882 -0.320753 -0.520667 -0.791216
-0.145339 0.08745 -1.44876 -0.46744 -0.342294 -0.815068
-0.14546 0.087451 -1.44868 -0.705633 -0.27392 -0.65349
-0.145449 0.087782 -1.44876 -0.683508 -0.0588682 -0.727565
-0.145367 0.08838 -1.4487 -0.583551 0.378501 -0.718474
-0.14568 0.087642 -1.44842 -0.783031 -0.223368 -0.580491
-0.145755 0.087936 -1.44839 -0.721347 -0.0111977 -0.692484
-0.145923 0.087737 -1.44821 -0.628107 -0.0906087 -0.772833
-0.146172 0.087612 -1.44795 -0.716303 0.124182 -0.68665
-0.146068 0.088124 -1.44807 -0.733552 0.107528 -0.671073
-0.145836 0.088572 -1.44817 -0.650272 0.291188 -0.701681
-0.146653 0.087834 -1.44748 -0.713438 0.19633 -0.672652
-0.146382 0.088225 -1.44765 -0.782091 0.205709 -0.588232
-0.146641 0.08846 -1.44707 -0.871195 0.322533 -0.370123
-0.146527 0.088996 -1.44704 -0.894527 0.16095 -0.417032
-0.144546 0.088782 -1.4489 -0.363539 0.496056 -0.788523
-0.144782 0.088679 -1.44889 -0.400274 0.59559 -0.696458
-0.144812 0.088853 -1.44863 -0.410532 0.610542 -0.677275
-0.145322 0.089058 -1.44821 -0.454923 0.390945 -0.800129
-0.144334 0.088988 -1.44893 -0.633175 0.347747 -0.691492
-0.144456 0.089025 -1.44866 -0.624686 0.457192 -0.633042
-0.144811 0.089504 -1.44828 -0.490437 0.195205 -0.849333
-0.145552 0.08983 -1.44792 -0.519996 0.19674 -0.831202
-0.146006 0.089078 -1.44781 -0.67588 0.245067 -0.695074
-0.146173 0.089603 -1.44746 -0.742132 0.257033 -0.619011
-0.139361 0.088886 -1.44991 0.374632 -0.479441 -0.793591
-0.139849 0.088675 -1.44995 0.162021 -0.444578 -0.880965
-0.139817 0.08908 -1.4501 0.11264 -0.279981 -0.953374
-0.138844 0.089517 -1.44999 0.356995 -0.421499 -0.833602
-0.13928 0.089405 -1.45008 0.156563 -0.216937 -0.963549
-0.138381 0.088605 -1.44883 0.470233 -0.618813 -0.629246
-0.138878 0.08863 -1.44922 0.505783 -0.5455 -0.668291
-0.138179 0.089283 -1.44932 0.378435 -0.557382 -0.738994
-0.13855 0.090038 -1.45012 0.320946 -0.398097 -0.859368
-0.138251 0.090305 -1.45014 0.365306 -0.347851 -0.863453
-0.138789 0.090002 -1.45016 0.143764 -0.296938 -0.944013
-0.139561 0.089826 -1.45015 -0.0632472 0.0523933 -0.996622
-0.139056 0.090025 -1.45019 0.0143497 -0.136117 -0.990589
-0.138614 0.090394 -1.45024 0.0373577 -0.125185 -0.99143
-0.139052 0.090532 -1.45014 -0.241757 0.143236 -0.959707
-0.137987 0.08987 -1.44961 0.4609 -0.497206 -0.73509
-0.141195 0.088857 -1.44997 -0.126836 -0.0778839 -0.988861
-0.14062 0.088551 -1.44993 0.00355111 -0.377012 -0.926202
-0.140144 0.089355 -1.45015 -0.0208997 -0.101806 -0.994585
-0.140327 0.089609 -1.45013 -0.164761 0.126838 -0.978144
-0.14094 0.089583 -1.44998 -0.341118 0.345672 -0.874156
-0.141486 0.088976 -1.44991 -0.273856 0.158988 -0.948539
-0.141775 0.089381 -1.44964 -0.374577 0.290748 -0.880431
-0.142043 0.089197 -1.4496 -0.375057 0.320453 -0.869852
-0.141753 0.089826 -1.44951 -0.350992 0.355741 -0.866171
-0.140152 0.090253 -1.44997 -0.27772 0.333723 -0.900833
-0.140576 0.090866 -1.44939 -0.407113 0.536931 -0.738894
-0.141115 0.090876 -1.44906 -0.302999 0.582762 -0.754043
-0.141832 0.089995 -1.44939 -0.346408 0.547546 -0.761706
-0.141921 0.090117 -1.44919 -0.288292 0.616047 -0.733058
-0.141923 0.090254 -1.4491 -0.22615 0.351385 -0.908507
-0.141568 0.0904 -1.44922 -0.360499 0.471049 -0.80508
-0.141944 0.090482 -1.44905 -0.207445 0.338376 -0.917861
-0.141637 0.090962 -1.44884 -0.150074 0.524932 -0.837809
-0.138136 0.091072 -1.45025 0.171229 -0.062012 -0.983278
-0.137654 0.090864 -1.45002 0.472435 -0.243237 -0.847137
-0.13851 0.091261 -1.45024 -0.210965 0.132469 -0.968476
-0.139442 0.0909 -1.44994 -0.328865 0.303395 -0.894315
-0.138762 0.091365 -1.45009 -0.397204 0.332621 -0.855332
-0.137887 0.091546 -1.4502 0.242119 -0.0203402 -0.970033
-0.138142 0.091654 -1.45022 -0.117696 0.195044 -0.973707
-0.137628 0.091732 -1.45013 0.312016 -0.143424 -0.939189
-0.137851 0.091953 -1.45018 -0.0169785 0.0690962 -0.997465
-0.138078 0.092085 -1.4501 -0.393348 0.307133 -0.866572
-0.137789 0.092447 -1.45015 -0.33881 0.213591 -0.91629
-0.138169 0.092491 -1.44987 -0.538132 0.419485 -0.731059
-0.138721 0.091997 -1.44975 -0.478628 0.447093 -0.75566
-0.13962 0.0913 -1.44968 -0.442723 0.477892 -0.758693
-0.139311 0.092457 -1.449 -0.522135 0.517513 -0.677905
-0.138248 0.093699 -1.44887 -0.550208 0.542812 -0.634528
-0.140634 0.091711 -1.44855 -0.423569 0.578222 -0.697315
-0.141226 0.091812 -1.44825 -0.136783 0.56837 -0.811324
-0.140702 0.092304 -1.44808 -0.299548 0.552501 -0.777827
-0.141332 0.092417 -1.44788 -0.0924157 0.61574 -0.782511
-0.140104 0.09262 -1.44823 -0.499445 0.549867 -0.669478
-0.140988 0.092481 -1.44789 -0.210446 0.605548 -0.767479
-0.141074 0.092861 -1.44753 -0.216633 0.669421 -0.710595
-0.142848 0.089632 -1.44915 -0.143173 0.206847 -0.967841
-0.142313 0.089765 -1.44931 -0.33354 0.318876 -0.887169
-0.142155 0.090002 -1.44925 -0.170138 0.572884 -0.801784
-0.14308 0.089128 -1.44921 -0.0592439 0.200607 -0.977879
-0.143359 0.089359 -1.44919 -0.160106 0.225532 -0.96099
-0.143448 0.089546 -1.44912 -0.165633 0.217612 -0.961879
-0.143641 0.089701 -1.44906 -0.26587 0.214672 -0.939803
-0.143951 0.089367 -1.44902 -0.325642 0.185368 -0.927144
-0.144108 0.089665 -1.44887 -0.526094 0.194109 -0.827978
-0.143542 0.090211 -1.44894 -0.208856 0.29555 -0.932217
-0.14422 0.090553 -1.44857 -0.415226 0.34967 -0.839832
-0.14212 0.090175 -1.44912 -0.0562 0.489931 -0.869948
-0.142136 0.090388 -1.44904 -0.0873329 0.319076 -0.943697
-0.14256 0.090199 -1.4491 -0.125556 0.353019 -0.927153
-0.142233 0.090764 -1.44889 -0.0896508 0.404381 -0.910186
-0.142902 0.090594 -1.44891 -0.107736 0.392733 -0.91332
-0.142436 0.091334 -1.44858 -0.0430138 0.500752 -0.864522
-0.143069 0.091241 -1.44859 -0.180008 0.483542 -0.856612
-0.144178 0.091788 -1.44783 -0.337688 0.467261 -0.817089
-0.144781 0.090061 -1.44833 -0.539592 0.119952 -0.833338
-0.145137 0.090731 -1.44792 -0.539498 0.376918 -0.752911
-0.144186 0.091794 -1.44782 -0.383041 0.527633 -0.75821
-0.14225 0.091992 -1.44816 -0.0278254 0.565037 -0.824596
-0.143072 0.092092 -1.44804 -0.187931 0.596026 -0.780663
-0.147071 0.086089 -1.4477 -0.484341 -0.419648 -0.767665
-0.147355 0.086148 -1.44759 -0.144077 -0.470112 -0.870768
-0.147016 0.086316 -1.44792 -0.457165 -0.381651 -0.803332
-0.147321 0.086354 -1.44766 -0.51224 0.0361293 -0.858082
-0.14702 0.086547 -1.44802 -0.288838 0.186311 -0.939074
-0.147212 0.086641 -1.44777 -0.736375 0.245494 -0.630464
-0.147675 0.085971 -1.44738 -0.378368 -0.463319 -0.801357
-0.147952 0.086049 -1.44728 -0.530698 -0.238001 -0.813459
-0.147753 0.08625 -1.44745 -0.603821 0.0328654 -0.796442
-0.147987 0.08635 -1.44727 -0.653588 0.108124 -0.749087
-0.147333 0.086275 -1.44765 0.135761 -0.320805 -0.937365
-0.147472 0.086311 -1.44761 -0.297666 0.194065 -0.934737
-0.147603 0.08633 -1.44757 -0.463037 0.303417 -0.832787
-0.147601 0.086195 -1.44757 -0.390816 -0.232137 -0.890716
-0.147475 0.086473 -1.44748 -0.373965 0.347389 -0.859925
-0.147631 0.086438 -1.44746 -0.403217 0.338835 -0.850063
-0.147405 0.086617 -1.4475 -0.384063 0.201137 -0.901132
-0.147611 0.086661 -1.44742 -0.430003 0.376573 -0.820542
-0.147379 0.08674 -1.44746 -0.555539 0.418783 -0.71833
-0.147751 0.086678 -1.44729 -0.605844 0.443532 -0.660479
-0.147946 0.086497 -1.44725 -0.609657 0.404105 -0.681922
-0.147829 0.086731 -1.44714 -0.619468 0.60061 -0.505497
-0.147615 0.086874 -1.44725 -0.524215 0.607354 -0.596925
-0.147675 0.086972 -1.447 -0.581356 0.603544 -0.545674
-0.148578 0.08614 -1.44669 -0.585775 -0.0921848 -0.805214
-0.148425 0.086237 -1.44684 -0.661253 0.0441774 -0.748861
-0.148562 0.086284 -1.44674 -0.633347 -0.0580733 -0.771686
-0.148169 0.086403 -1.44705 -0.676495 0.284094 -0.679445
-0.148056 0.086687 -1.44693 -0.594407 0.561009 -0.57615
-0.146973 0.086868 -1.44782 -0.352068 0.556778 -0.75236
-0.146855 0.087198 -1.44761 -0.471217 0.513718 -0.716972
-0.146997 0.087033 -1.44765 -0.524861 0.53225 -0.664252
-0.147376 0.087094 -1.44719 -0.533952 0.648974 -0.541967
-0.147041 0.087289 -1.44737 -0.63394 0.514454 -0.577458
-0.147253 0.087382 -1.44701 -0.600164 0.556929 -0.574137
-0.147296 0.087 -1.44735 -0.563881 0.550251 -0.615842
-0.146958 0.08764 -1.44716 -0.748734 0.451736 -0.48511
-0.146885 0.087933 -1.44701 -0.828221 0.457932 -0.323029
-0.139659 0.086021 -1.44481 0.565181 -0.821269 0.0780183
-0.139361 0.086315 -1.44455 0.5916 -0.695195 0.408305
-0.13993 0.086092 -1.44422 0.532995 -0.59234 0.604193
-0.139132 0.08634 -1.44484 0.582871 -0.783463 0.215515
-0.13952 0.087069 -1.4437 0.521096 -0.600889 0.606129
-0.140574 0.086335 -1.44349 0.545879 -0.58938 0.595523
-0.141052 0.087279 -1.44203 0.528358 -0.590507 0.610032
-0.139573 0.088364 -1.4424 0.526838 -0.597701 0.604314
-0.139881 0.088923 -1.44154 0.520756 -0.588702 0.618258
-0.140814 0.08806 -1.44147 0.542766 -0.575477 0.611745
-0.141227 0.08635 -1.44279 0.556745 -0.587265 0.587499
-0.14677 0.088682 -1.44637 -0.946338 0.189375 -0.26188
-0.146756 0.089244 -1.44627 -0.907439 0.000968842 -0.420182
-0.141356 0.088381 -1.44076 0.521737 -0.591106 0.61513
-0.14181 0.087525 -1.44126 0.530691 -0.592778 0.60579
-0.143228 0.087716 -1.43964 0.584473 -0.588833 0.558271
-0.142887 0.088795 -1.43884 0.573873 -0.579331 0.578831
-0.141832 0.088729 -1.43994 0.55845 -0.59856 0.574334
-0.141818 0.089985 -1.43869 0.559551 -0.59224 0.579788
-0.139461 0.08946 -1.44139 0.51331 -0.592423 0.620925
-0.139965 0.090144 -1.44022 0.546794 -0.575453 0.60817
-0.140826 0.089602 -1.44005 0.545847 -0.594721 0.590218
-0.140458 0.091026 -1.43895 0.563341 -0.572682 0.595552
-0.140426 0.092888 -1.4478 -0.38339 0.609692 -0.693749
-0.140285 0.093549 -1.44721 -0.450161 0.617167 -0.645336
-0.140824 0.093343 -1.44711 -0.251988 0.678746 -0.689787
-0.141481 0.092899 -1.4474 -0.0863638 0.683319 -0.724994
-0.142238 0.092707 -1.4476 -0.0358971 0.675251 -0.736714
-0.141257 0.093476 -1.44689 -0.114806 0.68337 -0.720989
-0.140667 0.094038 -1.44653 -0.317868 0.65482 -0.68569
-0.141751 0.094168 -1.44609 -0.150461 0.754416 -0.63892
-0.142632 0.094308 -1.44562 -0.228642 0.817159 -0.529125
-0.145973 0.091214 -1.44678 -0.694247 0.416544 -0.586951
-0.145129 0.092133 -1.44685 -0.551311 0.580685 -0.59905
-0.145976 0.092869 -1.44519 -0.616187 0.613329 -0.494106
-0.143869 0.092999 -1.4469 -0.332203 0.704991 -0.626601
-0.142591 0.093331 -1.44695 -0.151527 0.73649 -0.659258
-0.144486 0.093671 -1.44554 -0.400532 0.76205 -0.508776
-0.143088 0.094623 -1.44483 -0.256695 0.857235 -0.44638
-0.145523 0.094079 -1.44394 -0.515304 0.751567 -0.411835
-0.146585 0.093244 -1.44373 -0.762176 0.550516 -0.340617
-0.146655 0.093484 -1.44311 -0.979878 0.1932 0.0501287
-0.146926 0.092817 -1.44266 -0.692012 0.717593 -0.078607
-0.147151 0.092791 -1.44299 -0.674998 0.73701 0.034559
-0.147126 0.092736 -1.44267 -0.192652 0.95351 -0.23174
-0.147046 0.092885 -1.44244 -0.498945 0.500295 -0.707643
-0.146827 0.093064 -1.44273 -0.931526 0.34488 -0.115403
-0.146776 0.093644 -1.44262 -0.83467 0.227306 -0.501656
-0.143441 0.095202 -1.44343 -0.261583 0.837582 -0.479615
-0.144754 0.094803 -1.4433 -0.352483 0.824012 -0.443576
-0.144092 0.095243 -1.44299 -0.343272 0.811175 -0.473454
-0.146586 0.094221 -1.442 -0.605322 0.70562 -0.368357
-0.14439 0.095862 -1.4417 -0.458493 0.73205 -0.503872
-0.145828 0.09506 -1.44127 -0.546847 0.737497 -0.396303
-0.147156 0.094481 -1.44046 -0.587146 0.687569 -0.42721
-0.145001 0.095109 -1.44242 -0.469843 0.788882 -0.396122
-0.145224 0.095514 -1.44129 -0.535066 0.721795 -0.438994
-0.145672 0.095651 -1.44063 -0.548029 0.666761 -0.505069
-0.147973 0.086916 -1.44676 -0.57807 0.571687 -0.582245
-0.148513 0.086579 -1.44666 -0.501593 0.58337 -0.638814
-0.148948 0.086278 -1.44646 -0.50265 0.483038 -0.71695
-0.148692 0.086328 -1.44663 -0.539076 0.0415095 -0.841234
-0.148542 0.086431 -1.44675 -0.588362 0.27167 -0.761594
-0.148918 0.08665 -1.44623 -0.510863 0.550404 -0.66036
-0.148369 0.086535 -1.4468 -0.528355 0.489399 -0.693779
-0.148664 0.086687 -1.44643 -0.532734 0.631004 -0.56394
-0.148693 0.086862 -1.44612 -0.437263 0.615872 -0.655365
-0.148388 0.086903 -1.44639 -0.523178 0.628421 -0.575649
-0.148406 0.087138 -1.44613 -0.538353 0.499886 -0.678447
-0.148395 0.087495 -1.44591 -0.538768 0.560459 -0.62898
-0.148889 0.086824 -1.44608 -0.372458 0.552561 -0.745621
-0.148763 0.087066 -1.44598 -0.390383 0.523349 -0.757434
-0.149066 0.087103 -1.44581 -0.483388 0.607179 -0.630611
-0.149135 0.086881 -1.44589 -0.536022 0.512144 -0.67111
-0.148827 0.087283 -1.44574 -0.502505 0.661484 -0.556712
-0.149034 0.087506 -1.4452 -0.516761 0.686998 -0.510874
-0.14882 0.087518 -1.44536 -0.562985 0.670439 -0.48328
-0.149366 0.087492 -1.44491 -0.483205 0.620153 -0.617999
-0.147399 0.08754 -1.44668 -0.572248 0.644311 -0.507341
-0.147678 0.087189 -1.44684 -0.548904 0.582251 -0.599739
-0.147691 0.087498 -1.44644 -0.459775 0.716399 -0.524766
-0.147899 0.087603 -1.44615 -0.252347 0.749933 -0.611491
-0.148026 0.08763 -1.4461 -0.274148 0.738548 -0.615946
-0.147799 0.087731 -1.44601 -0.298113 0.762358 -0.574403
-0.147227 0.087908 -1.44632 -0.655972 0.662656 -0.361369
-0.1473 0.08801 -1.44594 -0.472349 0.725317 -0.500801
-0.146982 0.088104 -1.44645 -0.838784 0.482975 -0.251351
-0.147018 0.088243 -1.44601 -0.740436 0.579787 -0.340003
-0.148114 0.087336 -1.44627 -0.56539 0.516541 -0.643055
-0.14802 0.087484 -1.44622 -0.38251 0.607431 -0.696214
-0.148173 0.087539 -1.4461 -0.497935 0.589055 -0.636456
-0.148198 0.087745 -1.44579 -0.386559 0.738403 -0.552569
-0.147952 0.087877 -1.44574 -0.389454 0.663134 -0.639202
-0.147132 0.088295 -1.44576 -0.545744 0.525052 -0.653057
-0.147379 0.088136 -1.44573 -0.258169 0.519979 -0.81423
-0.14763 0.088227 -1.44568 -0.206828 0.424781 -0.881353
-0.147268 0.088374 -1.44566 -0.210438 0.43816 -0.873917
-0.147594 0.088405 -1.44559 -0.291979 0.603647 -0.741861
-0.147802 0.087993 -1.44575 -0.352099 0.562703 -0.747925
-0.148163 0.087972 -1.44553 -0.473435 0.577286 -0.665282
-0.14791 0.088205 -1.44557 -0.444331 0.527468 -0.724118
-0.147826 0.088488 -1.44534 -0.386868 0.619882 -0.6827
-0.147843 0.088708 -1.44514 -0.24914 0.614419 -0.748611
-0.14868 0.087509 -1.44562 -0.620696 0.618314 -0.482104
-0.148444 0.087764 -1.44558 -0.532926 0.665647 -0.522402
-0.148569 0.087898 -1.44525 -0.600816 0.57866 -0.551519
-0.148713 0.087769 -1.44523 -0.647195 0.610261 -0.456859
-0.14835 0.088074 -1.44528 -0.587282 0.468135 -0.660264
-0.148428 0.087957 -1.44529 -0.578496 0.578425 -0.575124
-0.148638 0.088071 -1.44493 -0.746114 0.312653 -0.587845
-0.148564 0.088094 -1.44507 -0.746086 0.325639 -0.580788
-0.148872 0.087759 -1.44499 -0.501714 0.643272 -0.578346
-0.148234 0.088296 -1.44525 -0.486858 0.42305 -0.764198
-0.148418 0.088217 -1.44516 -0.622614 0.254339 -0.740043
-0.14814 0.088462 -1.44521 -0.305222 0.497345 -0.812088
-0.149452 0.086324 -1.44617 -0.110249 0.704374 -0.701214
-0.149275 0.086423 -1.44607 -0.367141 0.589918 -0.719169
-0.149484 0.086513 -1.44591 -0.396308 0.720569 -0.568965
-0.149193 0.086724 -1.44599 -0.517505 0.524977 -0.675713
-0.149526 0.086739 -1.44562 -0.560576 0.573062 -0.597791
-0.149265 0.087096 -1.44557 -0.561264 0.599787 -0.570296
-0.149648 0.086964 -1.44535 -0.584495 0.634744 -0.505436
-0.14977 0.087007 -1.44512 -0.5679 0.647945 -0.507599
-0.149604 0.087269 -1.44496 -0.475889 0.646863 -0.595901
-0.150194 0.08704 -1.44481 -0.387086 0.649881 -0.654079
-0.148739 0.087953 -1.44491 -0.596512 0.46017 -0.657584
-0.148591 0.088206 -1.44499 -0.730477 0.0863636 -0.677454
-0.148774 0.088155 -1.44483 -0.638836 0.149013 -0.754774
-0.148928 0.087993 -1.44476 -0.507313 0.420321 -0.752306
-0.149017 0.088333 -1.44453 -0.642359 0.370342 -0.670986
-0.149298 0.088472 -1.44418 -0.559419 0.616089 -0.554513
-0.148542 0.088449 -1.44501 -0.629759 0.243142 -0.737757
-0.148837 0.088602 -1.44465 -0.730786 0.295376 -0.61539
-0.148413 0.088749 -1.44496 -0.408337 0.464532 -0.785793
-0.148633 0.089025 -1.4446 -0.620142 0.470508 -0.627731
-0.149019 0.088827 -1.44421 -0.762318 0.427889 -0.485574
-0.149397 0.088636 -1.44384 -0.402633 0.655505 -0.638905
-0.149205 0.08879 -1.44384 -0.665641 0.509308 -0.54546
-0.149289 0.088843 -1.44375 -0.497143 0.511849 -0.700614
-0.149112 0.089107 -1.44377 -0.741541 0.399637 -0.538895
-0.149446 0.089008 -1.44352 -0.52378 0.550877 -0.649761
-0.149242 0.089272 -1.4435 -0.6847 0.448168 -0.574744
-0.150707 0.086767 -1.44477 -0.42899 0.645415 -0.631986
-0.149894 0.087313 -1.44471 -0.367239 0.658075 -0.657322
-0.150136 0.087328 -1.44459 -0.384039 0.64682 -0.658892
-0.150516 0.087411 -1.44423 -0.302086 0.685419 -0.662529
-0.149957 0.087695 -1.44428 -0.456048 0.622959 -0.635564
-0.150564 0.087099 -1.4445 -0.403767 0.629074 -0.664258
-0.150689 0.087268 -1.44429 -0.274935 0.605135 -0.747143
-0.150927 0.087156 -1.44428 -0.337542 0.600088 -0.725231
-0.151079 0.08717 -1.44416 -0.35256 0.631411 -0.690667
-0.151089 0.087263 -1.44406 -0.177682 0.442127 -0.879177
-0.150917 0.087321 -1.44419 -0.392336 0.562613 -0.727695
-0.151023 0.087367 -1.44406 -0.286666 0.409439 -0.866131
-0.1508 0.087479 -1.44408 -0.201243 0.64208 -0.739753
-0.151233 0.087269 -1.44409 -0.0189685 0.378752 -0.925304
-0.151357 0.087229 -1.44408 -0.392635 0.408523 -0.823982
-0.150556 0.087821 -1.44378 -0.270038 0.7338 -0.623391
-0.150361 0.08793 -1.44376 -0.387181 0.696042 -0.604662
-0.150452 0.088056 -1.44354 -0.415169 0.67025 -0.615142
-0.150299 0.088156 -1.44356 -0.518663 0.606102 -0.603017
-0.150512 0.088328 -1.44324 -0.342072 0.688243 -0.639772
-0.15033 0.088471 -1.4432 -0.562849 0.631316 -0.533517
-0.15081 0.087688 -1.44385 -0.0154399 0.756513 -0.653796
-0.151349 0.087433 -1.44403 -0.220394 0.177552 -0.959115
-0.151098 0.087682 -1.44391 0.0612725 0.619192 -0.782845
-0.151332 0.087717 -1.44395 0.0963563 0.686381 -0.720831
-0.151345 0.087799 -1.4437 -0.14866 0.938974 -0.310207
-0.151559 0.087485 -1.44391 -0.83996 -0.0269075 -0.541981
-0.151559 0.087622 -1.44395 -0.666123 0.126888 -0.734969
-0.151605 0.087663 -1.44383 -0.870074 0.405578 -0.28014
-0.151635 0.087576 -1.44367 -0.913639 0.268924 -0.304867
-0.151567 0.08771 -1.4437 -0.716901 0.628137 -0.302484
-0.151485 0.087776 -1.44385 -0.350932 0.889458 -0.292763
-0.151475 0.087691 -1.44396 -0.328775 0.543972 -0.772011
-0.150746 0.087811 -1.44373 -0.0956908 0.762725 -0.639605
-0.151354 0.087791 -1.44384 0.0839136 0.947391 -0.308885
-0.151152 0.087744 -1.44382 0.0959512 0.858342 -0.504027
-0.150622 0.088026 -1.44348 -0.223515 0.740982 -0.633236
-0.150883 0.088175 -1.44327 -0.15815 0.738609 -0.655321
-0.151233 0.088029 -1.44341 -0.0711581 0.821827 -0.565276
-0.15153 0.088059 -1.44339 -0.20207 0.867616 -0.454325
-0.15151 0.088062 -1.44329 -0.229168 0.956337 -0.181385
-0.151264 0.088144 -1.44322 -0.238149 0.806066 -0.541796
-0.151549 0.08791 -1.44349 -0.30115 0.63196 -0.714098
-0.151702 0.087964 -1.44339 -0.417521 0.734454 -0.535026
-0.151747 0.088049 -1.44305 -0.389964 0.830326 -0.398105
-0.149397 0.088122 -1.4444 -0.492166 0.532484 -0.688646
-0.149694 0.088568 -1.44378 -0.481716 0.609371 -0.629775
-0.149985 0.088639 -1.44341 -0.582454 0.557918 -0.591164
-0.149712 0.088764 -1.44355 -0.500796 0.626076 -0.597689
-0.150053 0.088877 -1.44318 -0.610076 0.603743 -0.51313
-0.1502 0.088635 -1.44318 -0.711457 0.562004 -0.421878
-0.149615 0.089048 -1.44332 -0.531945 0.627362 -0.568728
-0.146898 0.088514 -1.44596 -0.887855 0.319028 -0.331564
-0.147045 0.088649 -1.44558 -0.659241 0.459568 -0.595146
-0.147236 0.088545 -1.44557 -0.279999 0.63955 -0.715944
-0.147036 0.08896 -1.44544 -0.831156 0.113678 -0.544295
-0.147225 0.08872 -1.44533 -0.418219 0.494157 -0.762169
-0.147535 0.088617 -1.44536 -0.248202 0.68339 -0.686567
-0.147263 0.088756 -1.44531 -0.392526 0.368272 -0.842793
-0.147513 0.088839 -1.44515 -0.352296 0.616818 -0.703863
-0.14726 0.089069 -1.44518 -0.689301 0.288335 -0.664625
-0.147109 0.089576 -1.44533 -0.926525 0.0376808 -0.374343
-0.146743 0.089728 -1.44636 -0.868447 -0.019837 -0.495386
-0.147117 0.090077 -1.44547 -0.933617 -0.0680288 -0.351754
-0.146576 0.090212 -1.44655 -0.821577 0.176075 -0.542225
-0.147274 0.090797 -1.445 -0.866519 0.17397 -0.467846
-0.14738 0.089155 -1.44494 -0.734326 0.49703 -0.462305
-0.147575 0.089025 -1.44493 -0.375196 0.795265 -0.476217
-0.147445 0.089235 -1.4447 -0.688929 0.559819 -0.460412
-0.14761 0.08911 -1.44468 -0.419829 0.7765 -0.469885
-0.147867 0.088939 -1.44495 -0.0761377 0.798121 -0.597667
-0.148116 0.088939 -1.44493 -0.113686 0.675252 -0.728773
-0.147622 0.089324 -1.44442 -0.362406 0.530766 -0.766126
-0.148009 0.08907 -1.44473 0.208711 0.865439 -0.455473
-0.147901 0.089089 -1.44457 0.0197544 0.864541 -0.502174
-0.148157 0.089162 -1.44465 0.2043 0.712088 -0.671708
-0.147921 0.089201 -1.44445 0.214154 0.562848 -0.798336
-0.147911 0.089368 -1.44438 0.197497 0.539046 -0.818794
-0.148153 0.089415 -1.44447 0.201007 0.616621 -0.761167
-0.147205 0.089679 -1.44478 -0.917878 0.0597239 -0.392344
-0.147414 0.089562 -1.44452 -0.73609 0.142839 -0.661641
-0.147634 0.089652 -1.4443 -0.489697 0.135214 -0.861345
-0.147341 0.089792 -1.4446 -0.763512 -0.190189 -0.617153
-0.147609 0.089907 -1.44438 -0.61677 -0.140506 -0.774502
-0.147916 0.089485 -1.44429 0.0052364 0.47912 -0.877734
-0.148126 0.089537 -1.44433 0.180032 0.584228 -0.79137
-0.148412 0.089073 -1.44472 -0.274261 0.60335 -0.748832
-0.148422 0.089278 -1.44457 -0.226903 0.604075 -0.763942
-0.148447 0.08947 -1.44438 -0.407884 0.576866 -0.707711
-0.147916 0.089726 -1.44418 -0.181647 0.220759 -0.958264
-0.148188 0.08977 -1.44416 0.142838 0.209743 -0.967267
-0.147892 0.090008 -1.44418 -0.359469 0.0361003 -0.932458
-0.148166 0.090046 -1.44414 0.0804802 0.273044 -0.958629
-0.148619 0.089553 -1.44413 -0.702601 0.186374 -0.686744
-0.148729 0.089265 -1.44425 -0.721821 0.460278 -0.516835
-0.148783 0.089648 -1.44386 -0.872522 0.221401 -0.435532
-0.14844 0.089777 -1.44423 -0.166822 0.180076 -0.969404
-0.148549 0.089802 -1.4442 -0.581579 0.0370283 -0.812647
-0.14842 0.090051 -1.44427 -0.105761 0.258302 -0.960258
-0.148613 0.090136 -1.44403 -0.726178 0.506079 -0.465348
-0.14875 0.089892 -1.44397 -0.868742 0.129454 -0.478048
-0.148607 0.09021 -1.44377 -0.646709 0.713616 -0.269295
-0.148798 0.090037 -1.44359 -0.828779 0.401677 -0.389592
-0.148874 0.089645 -1.44369 -0.775885 0.360159 -0.517965
-0.147596 0.090179 -1.44448 -0.730801 -0.21619 -0.647451
-0.147492 0.090348 -1.44474 -0.858152 -0.100447 -0.503474
-0.14797 0.090594 -1.44408 -0.667058 0.199352 -0.717839
-0.148237 0.090755 -1.44369 -0.684271 0.486558 -0.543171
-0.148192 0.090367 -1.44406 -0.390644 0.483739 -0.783194
-0.148433 0.090269 -1.44405 -0.302616 0.753795 -0.583281
-0.152302 0.087331 -1.44481 0.100469 0.486181 -0.868063
-0.152207 0.087242 -1.44463 0.722148 0.681962 0.11589
-0.152241 0.087202 -1.44476 0.803781 0.307423 -0.50934
-0.152346 0.087262 -1.44458 -0.288304 0.674225 0.679927
-0.152317 0.087428 -1.44469 0.437289 0.886555 0.150993
-0.152443 0.087208 -1.44479 -0.729976 0.284082 -0.621637
-0.152453 0.087221 -1.44466 -0.878142 0.47264 0.0740142
-0.152391 0.087373 -1.44469 -0.769407 0.638705 0.00829124
-0.151961 0.087523 -1.44342 -0.490623 0.285437 -0.823295
-0.152109 0.087705 -1.44322 -0.695764 0.520059 -0.495431
-0.151686 0.08762 -1.44354 -0.720373 0.325188 -0.612631
-0.151684 0.087775 -1.44349 -0.526185 0.369897 -0.765706
-0.151886 0.087838 -1.44338 -0.528143 0.420695 -0.737618
-0.151938 0.087897 -1.44326 -0.579856 0.728554 -0.364659
-0.150704 0.08847 -1.44301 -0.166079 0.699405 -0.695162
-0.150915 0.088669 -1.44281 -0.184334 0.642937 -0.743406
-0.151287 0.088329 -1.44301 -0.278993 0.622439 -0.731254
-0.151465 0.088098 -1.4431 -0.350632 0.844664 -0.404475
-0.151579 0.088122 -1.443 -0.368672 0.577812 -0.728158
-0.151578 0.088362 -1.44292 -0.378755 0.538941 -0.752388
-0.151365 0.088557 -1.44277 -0.225041 0.744729 -0.62828
-0.151649 0.088593 -1.44263 -0.420003 0.754997 -0.503565
-0.15181 0.088433 -1.44266 -0.609088 0.569892 -0.551575
-0.151823 0.088594 -1.44234 -0.661032 0.655369 -0.365415
-0.151588 0.088775 -1.44232 -0.440167 0.731802 -0.520307
-0.15036 0.088606 -1.44297 -0.405433 0.717238 -0.56674
-0.150219 0.088708 -1.44298 -0.672538 0.567141 -0.47544
-0.15007 0.088936 -1.44302 -0.699864 0.56141 -0.441598
-0.150082 0.089118 -1.4428 -0.517218 0.567468 -0.640676
-0.150383 0.088795 -1.44276 -0.483597 0.513082 -0.709141
-0.150371 0.089161 -1.44261 -0.322899 0.577485 -0.749831
-0.150538 0.088826 -1.44269 -0.127921 0.576499 -0.807023
-0.150895 0.088972 -1.4426 -0.281322 0.621361 -0.731278
-0.149736 0.089189 -1.44302 -0.511001 0.670402 -0.537996
-0.150094 0.08932 -1.4426 -0.509859 0.655147 -0.557518
-0.14946 0.089393 -1.44304 -0.637554 0.475626 -0.606057
-0.150122 0.089514 -1.44216 -0.644727 0.613477 -0.456041
-0.150442 0.089341 -1.44232 -0.230848 0.829768 -0.508128
-0.150754 0.089149 -1.44246 -0.295792 0.756816 -0.58287
-0.149972 0.089675 -1.44241 -0.772391 0.427195 -0.470018
-0.150156 0.089833 -1.44191 -0.561158 0.330658 -0.758793
-0.150422 0.089608 -1.44187 -0.562322 0.449734 -0.693926
-0.150707 0.089456 -1.44208 -0.176909 0.833316 -0.523725
-0.150491 0.089493 -1.44186 -0.615382 0.734608 -0.285755
-0.150614 0.089443 -1.44187 0.125094 0.963706 -0.235844
-0.150488 0.08949 -1.44202 -0.258714 0.934096 -0.246031
-0.150613 0.089513 -1.44171 -0.290362 0.431331 -0.854192
-0.150716 0.08954 -1.44177 0.599059 0.312042 -0.7374
-0.150747 0.089523 -1.44184 0.485281 0.636461 -0.599516
-0.150633 0.089547 -1.44171 0.175334 -0.20359 -0.963228
-0.15061 0.089661 -1.44179 -0.100379 -0.0340619 -0.994366
-0.150752 0.089655 -1.4418 0.0791925 0.370829 -0.925318
-0.150453 0.089962 -1.44165 -0.408831 0.264257 -0.873513
-0.151225 0.088817 -1.44252 -0.396654 0.698602 -0.595501
-0.151316 0.089229 -1.44191 -0.445726 0.726711 -0.522704
-0.151278 0.089389 -1.44169 -0.442289 0.712432 -0.544813
-0.151168 0.089558 -1.44159 -0.421316 0.546813 -0.723524
-0.151706 0.089095 -1.44181 -0.408558 0.705336 -0.579295
-0.150898 0.089197 -1.4423 -0.404026 0.719802 -0.564489
-0.150863 0.089517 -1.44195 0.391065 0.909084 -0.143647
-0.150886 0.089605 -1.44183 -0.247204 0.745649 -0.618787
-0.150862 0.089685 -1.44171 -0.559765 0.541408 -0.627328
-0.15092 0.089763 -1.4416 -0.603938 0.38296 -0.699
-0.151883 0.089469 -1.44133 -0.411376 0.626063 -0.662431
-0.150744 0.089834 -1.44173 -0.250026 0.550813 -0.796299
-0.150985 0.08995 -1.44146 -0.486998 0.514435 -0.705825
-0.150753 0.089927 -1.44162 -0.251054 0.64395 -0.722703
-0.150729 0.090091 -1.44151 -0.445539 0.386581 -0.807496
-0.151441 0.089801 -1.44127 -0.472342 0.629662 -0.61678
-0.151076 0.090169 -1.44125 -0.451035 0.588166 -0.671289
-0.15156 0.090011 -1.44096 -0.487631 0.572457 -0.659173
-0.151868 0.090839 -1.43997 -0.543464 0.610178 -0.576481
-0.149443 0.089719 -1.44291 -0.731074 0.321878 -0.601603
-0.149809 0.08995 -1.44249 -0.753595 0.376878 -0.538569
-0.148895 0.090537 -1.4431 -0.675723 0.451902 -0.582394
-0.148503 0.090994 -1.44312 -0.670093 0.560982 -0.486081
-0.148365 0.091517 -1.44255 -0.590958 0.679744 -0.434416
-0.149227 0.091098 -1.44219 -0.513017 0.632203 -0.580632
-0.149596 0.091332 -1.44161 -0.491926 0.64781 -0.581679
-0.148831 0.091058 -1.44264 -0.581967 0.611287 -0.536323
-0.149133 0.091365 -1.44191 -0.534579 0.624265 -0.569666
-0.148533 0.091623 -1.44225 -0.482432 0.652962 -0.583866
-0.14879 0.091729 -1.44195 -0.556511 0.575082 -0.599648
-0.149942 0.090077 -1.44197 -0.756239 0.209536 -0.619836
-0.149774 0.090166 -1.4423 -0.83773 0.340442 -0.426976
-0.14989 0.090359 -1.44204 -0.76909 0.161957 -0.61828
-0.150161 0.090331 -1.44177 -0.603783 0.229192 -0.76349
-0.150232 0.090175 -1.44176 -0.51586 0.211581 -0.830134
-0.150566 0.089993 -1.44159 -0.246917 0.502048 -0.828843
-0.150539 0.090274 -1.44156 -0.606294 0.343525 -0.717215
-0.150455 0.090238 -1.44164 -0.531827 0.23058 -0.814857
-0.15043 0.090396 -1.44157 -0.547461 0.484021 -0.682649
-0.149414 0.090452 -1.44258 -0.676616 0.439149 -0.591049
-0.149698 0.090859 -1.44202 -0.58482 0.525475 -0.617949
-0.150076 0.090627 -1.44174 -0.710765 0.358727 -0.605086
-0.149194 0.091939 -1.44135 -0.512856 0.472673 -0.71663
-0.1497 0.091539 -1.44125 -0.548413 0.541145 -0.637499
-0.15074 0.090229 -1.44137 -0.516089 0.584781 -0.625846
-0.1503 0.090495 -1.44158 -0.609686 0.506597 -0.609625
-0.150498 0.090617 -1.44121 -0.567057 0.540385 -0.621635
-0.150203 0.090853 -1.44134 -0.58118 0.494589 -0.646228
-0.150148 0.090943 -1.4413 -0.52551 0.53164 -0.664228
-0.15006 0.091181 -1.44121 -0.515461 0.53072 -0.672782
-0.150656 0.091481 -1.44045 -0.552586 0.581873 -0.596717
-0.150807 0.090422 -1.44116 -0.422599 0.56587 -0.707956
-0.151198 0.090399 -1.44094 -0.467364 0.532579 -0.705641
-0.150644 0.090939 -1.44093 -0.51162 0.506412 -0.694112
-0.14992 0.091154 -1.44154 -0.690291 0.558085 -0.460477
-0.149458 0.092425 -1.4406 -0.55188 0.63267 -0.543283
-0.150215 0.092279 -1.43996 -0.54158 0.664791 -0.514534
-0.152213 0.087767 -1.44297 -0.653521 0.676436 -0.339625
-0.15203 0.087898 -1.44297 -0.598993 0.733444 -0.321352
-0.152297 0.087774 -1.44271 -0.621534 0.670301 -0.405453
-0.152542 0.087967 -1.44221 -0.525297 0.620393 -0.582388
-0.151997 0.088164 -1.44262 -0.671062 0.571272 -0.472573
-0.152044 0.088455 -1.4422 -0.591451 0.588001 -0.551761
-0.152157 0.088617 -1.44203 -0.478062 0.591595 -0.649209
-0.151877 0.088591 -1.4422 -0.703959 0.563554 -0.432259
-0.151896 0.088716 -1.44207 -0.552529 0.588484 -0.590254
-0.152356 0.088533 -1.44191 -0.562808 0.553512 -0.613899
-0.152124 0.088891 -1.4417 -0.511301 0.636627 -0.577302
-0.152234 0.089708 -1.4408 -0.479691 0.609873 -0.630834
-0.152909 0.088824 -1.44103 -0.538352 0.603207 -0.588488
-0.153877 0.088321 -1.44073 -0.560477 0.640525 -0.524969
-0.153366 0.088971 -1.44042 -0.573424 0.618178 -0.537626
-0.153596 0.089745 -1.43942 -0.5599 0.563095 -0.607813
-0.15404 0.088688 -1.43997 -0.574034 0.622455 -0.53201
-0.152227 0.089995 -1.44057 -0.509817 0.569564 -0.644735
-0.146765 0.091603 -1.4454 -0.754661 0.420688 -0.503496
-0.147749 0.091176 -1.44401 -0.771161 0.382047 -0.509265
-0.146941 0.092535 -1.44409 -0.760575 0.50944 -0.402487
-0.147807 0.091784 -1.44317 -0.760997 0.569668 -0.310421
-0.147425 0.092385 -1.44314 -0.806204 0.501073 -0.314579
-0.147983 0.091878 -1.44242 -0.611438 0.681286 -0.402484
-0.148063 0.091933 -1.44227 -0.536879 0.585302 -0.607603
-0.147863 0.092024 -1.44241 -0.706764 0.530366 -0.468184
-0.147799 0.092021 -1.44254 -0.789649 0.54161 -0.288294
-0.147911 0.092077 -1.4423 -0.646562 0.466982 -0.603229
-0.147767 0.092151 -1.44244 -0.801413 0.423812 -0.422044
-0.147814 0.092199 -1.44232 -0.736635 0.400298 -0.545097
-0.148381 0.09203 -1.442 -0.490839 0.53579 -0.687027
-0.148055 0.092093 -1.44215 -0.537358 0.451144 -0.712541
-0.147883 0.092326 -1.44217 -0.669531 0.318721 -0.670929
-0.148211 0.092416 -1.44188 -0.584485 0.429323 -0.68852
-0.147693 0.09226 -1.44248 -0.861123 0.389515 -0.326718
-0.147765 0.092322 -1.44231 -0.799492 0.270449 -0.536348
-0.147403 0.092708 -1.44271 -0.588056 0.720807 -0.366917
-0.147665 0.092413 -1.44244 -0.84057 0.277748 -0.465079
-0.147626 0.092702 -1.44236 -0.718622 0.427745 -0.548285
-0.14785 0.092531 -1.44215 -0.740972 0.267566 -0.61593
-0.148023 0.092637 -1.44192 -0.642165 0.395034 -0.656942
-0.147421 0.092844 -1.44246 -0.298586 0.760532 -0.576573
-0.147445 0.093047 -1.44226 -0.447352 0.529861 -0.720502
-0.147155 0.093249 -1.4423 -0.584364 0.342776 -0.735543
-0.147469 0.093257 -1.44205 -0.648636 0.53545 -0.540893
-0.148022 0.092773 -1.4418 -0.6403 0.539726 -0.546545
-0.148662 0.0924 -1.44146 -0.549403 0.503358 -0.666923
-0.148987 0.092713 -1.4407 -0.571394 0.63591 -0.518775
-0.148252 0.093541 -1.44055 -0.564694 0.643827 -0.51634
-0.147807 0.093331 -1.44126 -0.668047 0.607447 -0.429792
-0.147182 0.093695 -1.442 -0.690097 0.570833 -0.444877
-0.147497 0.093764 -1.44117 -0.658492 0.629679 -0.412181
-0.13858 0.09436 -1.43747 0.562031 -0.592448 0.577171
-0.136312 0.094939 -1.4391 0.543737 -0.593464 0.593424
-0.137616 0.095139 -1.4377 0.561854 -0.584832 0.585057
-0.138026 0.095461 -1.4369 0.568703 -0.598434 0.564317
-0.13905 0.09527 -1.43608 0.602834 -0.574862 0.553285
-0.139607 0.095194 -1.43547 0.579688 -0.594822 0.55691
-0.138358 0.096243 -1.43577 0.599261 -0.561524 0.570593
-0.137503 0.096967 -1.43601 0.574794 -0.566643 0.590362
-0.139408 0.096689 -1.43413 0.613754 -0.532041 0.5833
-0.138367 0.09705 -1.43501 0.619108 -0.541804 0.568466
-0.148832 0.084335 -1.43496 0.618032 -0.545616 0.565986
-0.148509 0.084774 -1.43512 0.497624 0.0107514 0.867326
-0.148324 0.085057 -1.43527 0.514302 0.296973 0.80455
-0.149034 0.084252 -1.43484 0.644218 -0.423018 0.637212
-0.146312 0.085804 -1.43697 0.679544 0.626743 0.381329
-0.146549 0.085712 -1.43646 0.618002 0.371199 0.693026
-0.146476 0.086078 -1.43705 0.793445 0.388734 0.468327
-0.147074 0.085036 -1.43608 -0.0373281 0.522413 0.851875
-0.146908 0.085568 -1.43616 0.441306 0.119979 0.8893
-0.147586 0.084939 -1.43577 0.652852 -0.310144 0.691083
-0.1472 0.085565 -1.43616 0.113363 0.307566 0.94475
-0.147459 0.085555 -1.43613 0.355909 0.201251 0.912594
-0.147937 0.085339 -1.43577 0.461029 0.286127 0.83999
-0.1487 0.085689 -1.43537 0.539348 0.188906 0.820621
-0.148225 0.085885 -1.43574 0.496891 0.00574845 0.867794
-0.148179 0.085598 -1.43571 0.533388 0.289117 0.794927
-0.148714 0.086028 -1.43537 0.638807 -0.142533 0.756049
-0.146901 0.085805 -1.43631 0.299039 0.540187 0.786622
-0.146791 0.085992 -1.43656 0.584646 0.5173 0.624971
-0.14709 0.086049 -1.4364 0.460992 0.261494 0.848002
-0.146974 0.086289 -1.43652 0.69613 0.0925062 0.711931
-0.146476 0.086388 -1.43714 0.804167 -0.0635234 0.591
-0.147416 0.08589 -1.4362 0.425979 0.0779976 0.901365
-0.148123 0.086139 -1.43577 0.493871 -0.0527364 0.867935
-0.147417 0.086319 -1.43614 0.579841 -0.197888 0.790332
-0.146946 0.086634 -1.43648 0.708459 -0.264154 0.654454
-0.148794 0.085148 -1.43512 0.382797 0.24417 0.890981
-0.149031 0.085564 -1.43514 0.547106 0.0169823 0.836891
-0.148943 0.085827 -1.43519 0.669089 -0.0771987 0.739162
-0.148376 0.086442 -1.43551 0.587713 -0.369338 0.719849
-0.147978 0.08739 -1.435 0.603635 -0.551366 0.575864
-0.146171 0.086522 -1.43747 0.710372 -0.410634 0.571621
-0.145609 0.087413 -1.43736 0.666598 -0.506673 0.546745
-0.14583 0.088014 -1.43651 0.640252 -0.492447 0.589554
-0.146386 0.088176 -1.43578 0.631359 -0.509448 0.584679
-0.1468 0.087496 -1.43609 0.618318 -0.510396 0.597644
-0.147552 0.08718 -1.43557 0.587917 -0.492532 0.641689
-0.14687 0.088433 -1.4351 0.616741 -0.525394 0.586166
-0.147188 0.088759 -1.43437 0.59193 -0.560089 0.579585
-0.147979 0.088256 -1.43411 0.584461 -0.572063 0.575456
-0.148972 0.088406 -1.43299 0.603057 -0.576395 0.551445
-0.148986 0.089069 -1.43217 0.600661 -0.610923 0.515732
-0.147041 0.089889 -1.43341 0.59416 -0.566963 0.57055
-0.147667 0.089813 -1.43289 0.587363 -0.582873 0.561484
-0.148405 0.090015 -1.4318 0.612405 -0.598232 0.516796
-0.150983 0.083184 -1.43386 -0.920259 0.115112 0.373995
-0.151251 0.082943 -1.43387 0.369746 -0.543904 0.753297
-0.150999 0.083492 -1.43362 0.0734023 -0.603188 0.794215
-0.15131 0.083497 -1.43361 -0.029564 -0.453922 0.890551
-0.151531 0.083544 -1.43361 -0.0919648 -0.247786 0.96444
-0.15208 0.081608 -1.43442 0.201158 -0.207863 0.957251
-0.152345 0.081635 -1.43434 -0.41663 0.889362 -0.188294
-0.1525 0.081542 -1.43434 0.578766 -0.175575 0.796369
-0.152497 0.081677 -1.43425 0.566438 -0.452603 0.688694
-0.152556 0.081567 -1.43425 -0.273714 0.666805 -0.693146
-0.152669 0.081617 -1.43417 0.00684338 0.556849 0.830585
-0.152375 0.081802 -1.4343 0.406784 -0.366083 0.836965
-0.152418 0.081882 -1.4342 0.57487 -0.541682 0.613273
-0.152688 0.081842 -1.43393 0.586186 -0.635221 0.502873
-0.152613 0.082046 -1.43373 0.635489 -0.552688 0.539156
-0.152077 0.081912 -1.43432 0.539647 -0.65517 0.52871
-0.151929 0.08205 -1.43427 0.48827 -0.618861 0.615308
-0.151796 0.08215 -1.4343 -0.458438 0.578218 0.674906
-0.151655 0.082277 -1.43427 -0.602596 0.469741 0.645152
-0.151813 0.082332 -1.43424 0.266201 -0.444526 0.855297
-0.15212 0.082139 -1.43422 0.410922 -0.426152 0.805939
-0.152359 0.082119 -1.43395 0.618105 -0.604393 0.502649
-0.152425 0.082275 -1.43372 0.513721 -0.333718 0.790394
-0.152229 0.08228 -1.434 0.723826 -0.525028 0.447684
-0.152323 0.082208 -1.43385 0.642949 -0.591098 0.487052
-0.152281 0.082372 -1.43376 0.672641 -0.375092 0.637856
-0.152132 0.082392 -1.43398 0.55485 -0.596502 0.579936
-0.152234 0.082496 -1.43378 0.445489 -0.315149 0.837986
-0.152752 0.081493 -1.43411 0.565327 0.31409 0.762728
-0.152815 0.081535 -1.434 0.964046 0.0854841 0.251609
-0.152824 0.081574 -1.43387 0.750351 -0.48794 0.445969
-0.152785 0.08166 -1.43403 0.851439 -0.301812 0.428906
-0.15285 0.081778 -1.43366 0.811879 -0.382286 0.44126
-0.152434 0.082564 -1.43368 0.41927 -0.250618 0.872584
-0.152951 0.08197 -1.43346 0.671007 -0.285218 0.684398
-0.153057 0.082321 -1.43329 0.539134 -0.0913494 0.837251
-0.15381 0.082201 -1.43308 0.164195 -0.153783 0.974367
-0.152757 0.082678 -1.43342 0.507346 -0.160829 0.846602
-0.153321 0.082443 -1.43316 0.378624 -0.088793 0.921282
-0.153622 0.082704 -1.43298 0.434877 -0.268601 0.859497
-0.151534 0.082456 -1.4341 0.2782 -0.759381 0.588171
-0.151662 0.082477 -1.43414 -0.195286 -0.72508 0.660396
-0.151532 0.082387 -1.43421 -0.290991 -0.568796 0.769282
-0.151791 0.082491 -1.43416 0.110474 -0.723594 0.681328
-0.151668 0.082627 -1.43403 -0.0238311 -0.460072 0.887562
-0.151541 0.082602 -1.43397 -0.123836 -0.53701 0.834437
-0.151808 0.082565 -1.43403 0.166691 -0.677753 0.716146
-0.151876 0.082665 -1.43395 0.465015 -0.391373 0.794096
-0.151921 0.082515 -1.43404 0.502571 -0.609307 0.613325
-0.151954 0.082561 -1.43391 0.631976 -0.536204 0.559547
-0.15209 0.082585 -1.43379 0.412972 -0.572614 0.708215
-0.151987 0.082713 -1.4338 0.64368 -0.50304 0.576738
-0.151545 0.082762 -1.4339 -0.310004 -0.423475 0.851214
-0.151667 0.082836 -1.43397 -0.193351 -0.375628 0.906377
-0.151797 0.082795 -1.43395 0.475463 -0.489605 0.730905
-0.15167 0.082959 -1.43387 0.050433 -0.642728 0.764432
-0.152129 0.082672 -1.4337 0.269567 -0.492879 0.827287
-0.151999 0.082766 -1.4337 0.5367 -0.466005 0.703415
-0.151808 0.082903 -1.43381 0.56768 -0.547123 0.615139
-0.152088 0.083001 -1.43361 0.310409 -0.311459 0.898131
-0.152251 0.08265 -1.4337 0.187208 -0.432445 0.882012
-0.15231 0.0828 -1.43365 0.257185 -0.315223 0.913504
-0.151605 0.083104 -1.43377 0.173474 -0.392806 0.903111
-0.152177 0.083578 -1.43342 0.349029 -0.156838 0.923894
-0.152769 0.083183 -1.43332 0.356646 -0.172027 0.918265
-0.149541 0.083985 -1.43447 0.689351 -0.390257 0.610323
-0.149769 0.084212 -1.43424 0.639884 0.13606 0.75633
-0.149938 0.083906 -1.43412 -0.101874 0.241525 0.965032
-0.150096 0.083812 -1.43404 -0.191797 0.975205 -0.110402
-0.150114 0.083931 -1.43408 0.68337 0.0415817 0.728887
-0.149992 0.08408 -1.43407 0.513602 -0.10628 0.851421
-0.150147 0.083854 -1.43391 0.754362 0.613998 0.23226
-0.150179 0.083984 -1.43396 0.806942 -0.0342038 0.589639
-0.15005 0.084355 -1.43406 0.522032 0.353518 0.776214
-0.150426 0.083823 -1.43367 0.990118 0.0342006 0.136002
-0.150263 0.083901 -1.4338 0.750471 -0.31437 0.581347
-0.15042 0.083868 -1.43368 0.800446 -0.563554 0.204188
-0.150443 0.083845 -1.43353 0.454862 0.503927 0.734273
-0.150436 0.083847 -1.43359 0.866185 -0.496132 0.0598006
-0.150448 0.083873 -1.43351 0.515323 -0.304341 0.801136
-0.150289 0.083987 -1.43352 0.565095 0.330092 0.756113
-0.150303 0.08393 -1.43354 0.592837 -0.684567 0.424161
-0.150431 0.083997 -1.43355 0.264285 0.502348 0.823286
-0.150272 0.083997 -1.4337 0.9321 0.188333 0.309388
-0.150264 0.084062 -1.43387 0.74566 0.255293 0.615481
-0.150413 0.084097 -1.43369 0.498004 0.610447 0.615911
-0.151011 0.083712 -1.43343 -0.10429 -0.406241 0.907795
-0.150563 0.084012 -1.43355 0.262107 0.513837 0.816867
-0.150684 0.083957 -1.43347 0.257634 0.339082 0.904792
-0.151305 0.083808 -1.43351 -0.313513 -0.148782 0.937856
-0.151495 0.084072 -1.43359 -0.137506 -0.0712154 0.987937
-0.150739 0.0838 -1.43341 0.220664 -0.31623 0.922663
-0.151005 0.083834 -1.43341 -0.101297 -0.000776946 0.994856
-0.150986 0.084116 -1.43342 0.106672 0.290509 0.950908
-0.151242 0.084126 -1.43347 -0.311071 0.097817 0.94534
-0.150713 0.084293 -1.43361 0.401934 0.451188 0.796793
-0.150431 0.084427 -1.43388 0.500006 0.454955 0.736892
-0.151059 0.084628 -1.43368 0.388899 0.321958 0.863192
-0.151211 0.08438 -1.43353 0.0631006 0.20079 0.9776
-0.151493 0.084629 -1.43349 0.433176 -0.0243278 0.900981
-0.149743 0.084558 -1.43438 0.529865 0.311398 0.788843
-0.149415 0.084786 -1.43474 0.505404 0.290579 0.812484
-0.149997 0.084567 -1.43426 0.457731 0.483863 0.745895
-0.150371 0.08472 -1.43419 0.452732 0.453096 0.767944
-0.149581 0.085189 -1.4348 0.538462 0.1433 0.830376
-0.150191 0.08513 -1.43438 0.527521 0.143429 0.837347
-0.149894 0.085286 -1.43461 0.573175 0.0137113 0.819319
-0.150904 0.084802 -1.43382 0.57138 0.269465 0.775186
-0.150592 0.084971 -1.43412 0.605737 0.0414265 0.794586
-0.15108 0.085039 -1.43368 0.613863 -0.103128 0.782647
-0.15143 0.085296 -1.43328 0.56554 -0.472391 0.676026
-0.150392 0.085344 -1.43418 0.621619 -0.288691 0.728181
-0.151793 0.083764 -1.43358 0.222652 -0.17744 0.958614
-0.152277 0.084245 -1.43333 0.278042 -0.257759 0.925339
-0.152851 0.08408 -1.43325 0.435131 -0.21006 0.87552
-0.151889 0.084548 -1.43335 0.325543 -0.262467 0.908368
-0.154186 0.082069 -1.43299 0.354143 -0.410525 0.840269
-0.153353 0.083559 -1.43299 0.540958 -0.154588 0.826721
-0.153335 0.083981 -1.43288 0.661678 -0.377531 0.647806
-0.151049 0.086006 -1.43298 0.597841 -0.539236 0.593137
-0.152108 0.084793 -1.4331 0.406475 -0.534449 0.741041
-0.152869 0.084381 -1.43311 0.444232 -0.493721 0.747595
-0.153585 0.084918 -1.43188 0.644565 -0.504351 0.574601
-0.152771 0.084769 -1.43277 0.486351 -0.653725 0.579747
-0.15346 0.085181 -1.43168 0.475084 -0.726779 0.496072
-0.152177 0.08532 -1.43255 0.473984 -0.662937 0.579529
-0.152791 0.085536 -1.43168 0.511904 -0.682318 0.521916
-0.154023 0.085051 -1.43124 0.643557 -0.612943 0.458405
-0.153438 0.085627 -1.43089 0.511936 -0.729208 0.454068
-0.152832 0.086227 -1.43079 0.621053 -0.615187 0.485631
-0.154709 0.082302 -1.43249 0.575063 -0.502577 0.645538
-0.154045 0.083147 -1.43252 0.628896 -0.358705 0.689798
-0.154999 0.083826 -1.43087 0.699631 -0.53 0.479183
-0.154501 0.084105 -1.43128 0.701511 -0.457535 0.546392
-0.154382 0.08496 -1.4307 0.744506 -0.503165 0.438788
-0.155131 0.084726 -1.42963 0.710044 -0.525163 0.469085
-0.154565 0.085337 -1.42979 0.67911 -0.587108 0.440583
-0.153954 0.086049 -1.42957 0.601963 -0.656764 0.454205
-0.149363 0.085459 -1.43499 0.475435 -0.0123908 0.879664
-0.14948 0.085497 -1.4349 0.621157 -0.17019 0.764983
-0.149213 0.086016 -1.43484 0.634851 -0.38197 0.671613
-0.149691 0.085603 -1.43467 0.623953 -0.293696 0.724172
-0.14892 0.087393 -1.43399 0.597924 -0.530948 0.600485
-0.15601 0.087429 -1.43939 -0.589147 0.597279 -0.544209
-0.155668 0.088328 -1.43882 -0.564348 0.60256 -0.564298
-0.157087 0.087505 -1.43823 -0.591556 0.583479 -0.556429
-0.156242 0.088524 -1.43807 -0.569806 0.612222 -0.548184
-0.155872 0.089025 -1.43784 -0.573408 0.602582 -0.555066
-0.156482 0.089598 -1.43666 -0.618621 0.58043 -0.529537
-0.156646 0.090337 -1.43564 -0.648556 0.544536 -0.531842
-0.155867 0.09095 -1.43594 -0.588741 0.618522 -0.520398
-0.150189 0.086236 -1.4337 0.630383 -0.484445 0.606573
-0.150156 0.086697 -1.43341 0.641134 -0.501733 0.580699
-0.150495 0.087077 -1.43262 0.624232 -0.544892 0.559845
-0.151777 0.086223 -1.43211 0.605372 -0.556545 0.569019
-0.149628 0.087223 -1.43343 0.602084 -0.561995 0.567147
-0.150292 0.087793 -1.43206 0.611514 -0.571774 0.546924
-0.151893 0.087723 -1.43019 0.654097 -0.588244 0.475527
-0.151314 0.087331 -1.43148 0.62524 -0.585717 0.515761
-0.150544 0.088254 -1.43133 0.614843 -0.583785 0.530248
-0.150922 0.088622 -1.43044 0.638543 -0.592793 0.490774
-0.152737 0.087194 -1.42965 0.637371 -0.599744 0.483802
-0.149791 0.088832 -1.43159 0.605701 -0.596522 0.526582
-0.149472 0.089831 -1.43075 0.611225 -0.602279 0.513482
-0.15068 0.089327 -1.42985 0.63199 -0.594731 0.496873
-0.157086 0.090702 -1.43485 -0.650626 0.53578 -0.538169
-0.153663 0.086989 -1.42876 0.627404 -0.634828 0.450952
-0.154658 0.08664 -1.42785 0.621059 -0.640172 0.452179
-0.154064 0.087057 -1.42799 0.628205 -0.629852 0.456778
-0.15415 0.087838 -1.42697 0.648591 -0.566096 0.508787
-0.156386 0.083985 -1.42877 0.64696 -0.564436 0.512694
-0.156302 0.084845 -1.42792 0.640942 -0.596329 0.483307
-0.154964 0.085804 -1.4286 0.638222 -0.608631 0.471423
-0.155662 0.085838 -1.42761 0.652496 -0.620889 0.43445
-0.157189 0.083795 -1.42813 0.661369 -0.549834 0.51017
-0.157774 0.083973 -1.42717 0.694975 -0.551779 0.461031
-0.156471 0.085616 -1.42672 0.638286 -0.596144 0.487035
-0.156163 0.085679 -1.42702 0.643745 -0.615158 0.455162
-0.156224 0.086281 -1.42627 0.629145 -0.632012 0.452479
-0.156317 0.086555 -1.42566 0.633948 -0.630897 0.447303
-0.157096 0.084572 -1.42717 0.633866 -0.636922 0.438798
-0.158195 0.083977 -1.42643 0.71014 -0.542592 0.448658
-0.155426 0.086432 -1.42702 0.62033 -0.638201 0.45595
-0.154898 0.087513 -1.42632 0.640011 -0.591054 0.49096
-0.154943 0.087971 -1.42581 0.647439 -0.502582 0.572917
-0.158232 0.086214 -1.42331 0.671368 -0.590972 0.447233
-0.158606 0.085637 -1.42357 0.669151 -0.588384 0.453917
-0.157044 0.086306 -1.42492 0.662533 -0.591496 0.459546
-0.157273 0.086905 -1.42387 0.661504 -0.596662 0.45432
-0.158999 0.086498 -1.42159 0.693866 -0.598267 0.400782
-0.157176 0.087392 -1.42333 0.64502 -0.63824 0.420237
-0.157881 0.087276 -1.42251 0.663386 -0.636776 0.392982
-0.157682 0.08783 -1.42172 0.649498 -0.642186 0.407123
-0.155665 0.087564 -1.42524 0.657935 -0.577239 0.483649
-0.15562 0.087869 -1.42483 0.64704 -0.625004 0.436703
-0.15628 0.088032 -1.42382 0.631931 -0.648368 0.424596
-0.155326 0.087668 -1.42554 0.676856 -0.499725 0.5405
-0.154745 0.088692 -1.42519 0.646003 -0.607682 0.461955
-0.155193 0.088641 -1.42447 0.68075 -0.595169 0.427028
-0.155778 0.088777 -1.42343 0.667217 -0.615029 0.420192
-0.156502 0.088349 -1.42277 0.671755 -0.628581 0.391957
-0.155931 0.089184 -1.42254 0.676578 -0.593148 0.43637
-0.152123 0.088323 -1.42913 0.657256 -0.585238 0.47488
-0.151837 0.089176 -1.42853 0.645707 -0.585032 0.490713
-0.153082 0.088184 -1.42799 0.673861 -0.538286 0.506122
-0.152976 0.08894 -1.42742 0.693206 -0.575917 0.433342
-0.153238 0.088724 -1.42719 0.713996 -0.554847 0.42703
-0.153612 0.088289 -1.42723 0.668942 -0.571234 0.475614
-0.153235 0.089023 -1.42672 0.671889 -0.602082 0.431349
-0.152207 0.089826 -1.42715 0.652148 -0.613033 0.445976
-0.153058 0.090241 -1.42554 0.676577 -0.56195 0.475874
-0.149526 0.090587 -1.42983 0.620666 -0.591784 0.514358
-0.151082 0.090512 -1.42793 0.657088 -0.592017 0.466638
-0.150174 0.09121 -1.4283 0.637259 -0.600874 0.482547
-0.150938 0.091192 -1.42722 0.645537 -0.602794 0.468958
-0.153935 0.08964 -1.42504 0.661167 -0.595858 0.455864
-0.15458 0.089605 -1.42413 0.67099 -0.59164 0.446916
-0.153244 0.090251 -1.4252 0.687781 -0.566719 0.453637
-0.153014 0.090611 -1.4252 0.692575 -0.558586 0.456423
-0.15323 0.09051 -1.42494 0.69749 -0.544302 0.466093
-0.15347 0.090608 -1.42453 0.683922 -0.574057 0.450232
-0.153968 0.090311 -1.42409 0.672742 -0.587561 0.449656
-0.154919 0.090585 -1.42236 0.705487 -0.548912 0.448312
-0.153325 0.091276 -1.42378 0.68522 -0.586484 0.431869
-0.154045 0.090885 -1.4233 0.668377 -0.583157 0.461737
-0.154411 0.091192 -1.42231 0.671142 -0.580692 0.460832
-0.150414 0.092736 -1.42587 0.636766 -0.608572 0.473465
-0.152551 0.091294 -1.42499 0.625892 -0.613081 0.482069
-0.152824 0.092233 -1.4233 0.638363 -0.611124 0.467995
-0.151013 0.092503 -1.42545 0.616534 -0.616217 0.490064
-0.152761 0.091617 -1.42431 0.638097 -0.630713 0.441625
-0.153644 0.092223 -1.42214 0.670692 -0.586884 0.453584
-0.15502 0.089688 -1.42329 0.700212 -0.581363 0.414391
-0.155204 0.08988 -1.42268 0.705978 -0.548697 0.447803
-0.143826 0.089412 -1.43728 0.592202 -0.567223 0.572324
-0.143234 0.089921 -1.43743 0.571647 -0.576293 0.584042
-0.142937 0.0908 -1.43686 0.578105 -0.591403 0.562172
-0.144066 0.090326 -1.43611 0.58746 -0.582959 0.561292
-0.141173 0.091491 -1.43779 0.567865 -0.572153 0.591752
-0.142247 0.092393 -1.43584 0.590575 -0.58103 0.560022
-0.14228 0.090413 -1.43779 0.54679 -0.580674 0.60319
-0.141969 0.09146 -1.43713 0.574946 -0.5815 0.575582
-0.142382 0.091617 -1.43645 0.591778 -0.598523 0.539972
-0.143503 0.091419 -1.43556 0.57076 -0.588577 0.572547
-0.142225 0.093124 -1.43507 0.586626 -0.598664 0.545409
-0.144963 0.088701 -1.43684 0.61163 -0.54817 0.570454
-0.145163 0.089387 -1.43599 0.586318 -0.574492 0.571131
-0.145969 0.089419 -1.43509 0.604165 -0.563672 0.563257
-0.146641 0.089721 -1.43409 0.598045 -0.566427 0.567012
-0.145653 0.090089 -1.43473 0.587422 -0.583183 0.5611
-0.144915 0.090698 -1.43486 0.576728 -0.572274 0.582999
-0.14437 0.091681 -1.4345 0.585725 -0.583133 0.562923
-0.142694 0.093665 -1.43395 0.565649 -0.581598 0.584624
-0.143483 0.092434 -1.43453 0.556925 -0.604618 0.569449
-0.144111 0.092822 -1.43347 0.615267 -0.589312 0.523601
-0.143121 0.094207 -1.43307 0.585863 -0.574133 0.571958
-0.144299 0.093913 -1.43203 0.620407 -0.585162 0.522189
-0.144226 0.09436 -1.43153 0.611713 -0.606618 0.507762
-0.144986 0.094441 -1.43064 0.599826 -0.591518 0.538809
-0.146226 0.090531 -1.43365 0.587466 -0.600176 0.542837
-0.145089 0.091561 -1.4337 0.617671 -0.599276 0.509265
-0.146412 0.092261 -1.43145 0.586431 -0.602976 0.54085
-0.147233 0.09101 -1.43196 0.58093 -0.612254 0.536344
-0.14821 0.091141 -1.43074 0.599872 -0.606774 0.521517
-0.147421 0.091669 -1.43103 0.589947 -0.619214 0.518205
-0.145901 0.091735 -1.43251 0.596341 -0.603783 0.528984
-0.144774 0.093138 -1.43227 0.616457 -0.567792 0.54552
-0.1464 0.093029 -1.43061 0.602583 -0.58433 0.543554
-0.145105 0.093734 -1.43136 0.599952 -0.598917 0.53043
-0.139922 0.093156 -1.43745 0.579144 -0.585196 0.567572
-0.140987 0.092844 -1.43665 0.572203 -0.58684 0.572889
-0.139971 0.094042 -1.43642 0.566649 -0.606067 0.558204
-0.140719 0.09448 -1.43529 0.560215 -0.615421 0.554452
-0.145765 0.09624 -1.43976 -0.542485 0.633063 -0.552215
-0.146264 0.096581 -1.43896 -0.543687 0.618332 -0.567513
-0.147453 0.096733 -1.43756 -0.555059 0.613656 -0.561548
-0.148088 0.097359 -1.43624 -0.546813 0.645337 -0.533418
-0.14142 0.094526 -1.43439 0.578621 -0.593101 0.559848
-0.140808 0.095483 -1.43402 0.558728 -0.617769 0.553339
-0.142132 0.094737 -1.43355 0.544854 -0.61534 0.569641
-0.142532 0.095669 -1.43198 0.546563 -0.650961 0.526801
-0.142104 0.096536 -1.43144 0.600309 -0.56212 0.568902
-0.143621 0.094489 -1.43224 0.618417 -0.598207 0.509616
-0.143383 0.095231 -1.43162 0.568082 -0.637562 0.520383
-0.142646 0.095125 -1.43262 0.556423 -0.638463 0.531751
-0.139919 0.095632 -1.43471 0.582153 -0.594687 0.554478
-0.140192 0.09627 -1.43375 0.588142 -0.557661 0.58575
-0.141409 0.096737 -1.43195 0.624001 -0.526134 0.57776
-0.141264 0.095841 -1.43303 0.582732 -0.605596 0.541919
-0.140117 0.097495 -1.43277 0.610441 -0.543482 0.576185
-0.141097 0.097566 -1.43161 0.62599 -0.528124 0.573778
-0.152354 0.090912 -1.43939 -0.529479 0.60292 -0.596775
-0.151609 0.09192 -1.43902 -0.53474 0.617792 -0.576529
-0.152195 0.091831 -1.43865 -0.494815 0.616024 -0.612921
-0.150083 0.092746 -1.43941 -0.526258 0.663675 -0.531591
-0.15095 0.09213 -1.4395 -0.514535 0.649733 -0.559554
-0.150746 0.092878 -1.4388 -0.492214 0.634323 -0.59612
-0.152664 0.09327 -1.43653 -0.54098 0.653933 -0.528879
-0.153787 0.089982 -1.43906 -0.588208 0.5542 -0.58896
-0.153349 0.090758 -1.43876 -0.555937 0.592092 -0.583405
-0.153497 0.091122 -1.43816 -0.589215 0.593703 -0.548036
-0.154788 0.089453 -1.43857 -0.587932 0.56711 -0.57682
-0.155284 0.089903 -1.43755 -0.581898 0.567822 -0.582214
-0.154332 0.091385 -1.43707 -0.563112 0.619289 -0.547162
-0.155329 0.090924 -1.43661 -0.573761 0.615373 -0.540475
-0.155136 0.091789 -1.43553 -0.55929 0.645036 -0.520695
-0.15315 0.09188 -1.43765 -0.564021 0.620409 -0.544952
-0.152347 0.092686 -1.43761 -0.532815 0.635655 -0.558615
-0.15402 0.092178 -1.43646 -0.574929 0.628226 -0.524203
-0.156138 0.091613 -1.4349 -0.566629 0.61862 -0.54428
-0.157077 0.091426 -1.43399 -0.639099 0.610292 -0.468077
-0.157449 0.091471 -1.43333 -0.716694 0.590651 -0.370784
-0.15772 0.091514 -1.43259 -0.732111 0.586364 -0.346684
-0.15628 0.092471 -1.43361 -0.628434 0.641089 -0.440541
-0.156532 0.092951 -1.43247 -0.674763 0.619841 -0.400613
-0.153755 0.093137 -1.43558 -0.57161 0.64371 -0.508821
-0.154322 0.093056 -1.43503 -0.556507 0.633571 -0.537483
-0.15436 0.093456 -1.43453 -0.542554 0.657454 -0.522866
-0.155302 0.093031 -1.43406 -0.56544 0.643085 -0.516449
-0.152018 0.09439 -1.43582 -0.546238 0.652916 -0.524714
-0.152825 0.094442 -1.43482 -0.554795 0.650985 -0.518093
-0.153447 0.094343 -1.43434 -0.548007 0.645971 -0.531423
-0.154705 0.093881 -1.43357 -0.561712 0.673938 -0.479882
-0.15342 0.09536 -1.43305 -0.577176 0.648088 -0.496841
-0.154934 0.094598 -1.4322 -0.579899 0.666523 -0.46847
-0.149892 0.093337 -1.43893 -0.510647 0.600042 -0.615784
-0.149341 0.093183 -1.43978 -0.576616 0.641304 -0.506204
-0.14891 0.094051 -1.43922 -0.563264 0.617965 -0.5485
-0.150061 0.094027 -1.43821 -0.521176 0.608002 -0.598923
-0.149044 0.09472 -1.43835 -0.51139 0.643419 -0.569643
-0.150074 0.094681 -1.43751 -0.530108 0.651716 -0.542449
-0.150294 0.09538 -1.43629 -0.543251 0.653039 -0.527653
-0.151407 0.093451 -1.43757 -0.534031 0.635233 -0.557934
-0.150975 0.094179 -1.43717 -0.54867 0.643098 -0.534216
-0.147429 0.095163 -1.43935 -0.541894 0.639695 -0.545107
-0.148742 0.096069 -1.43704 -0.539163 0.631997 -0.556672
-0.148568 0.096655 -1.43661 -0.54461 0.620907 -0.563803
-0.151681 0.095583 -1.4347 -0.550678 0.637697 -0.538606
-0.15075 0.095916 -1.43523 -0.547016 0.639641 -0.540031
-0.152299 0.095641 -1.434 -0.571576 0.646575 -0.505214
-0.152321 0.095993 -1.43344 -0.595782 0.629728 -0.498484
-0.151692 0.096595 -1.43352 -0.560621 0.65025 -0.512718
-0.152942 0.096307 -1.43245 -0.588399 0.634152 -0.501635
-0.149701 0.096737 -1.43538 -0.549913 0.641839 -0.534451
-0.1502 0.096933 -1.43459 -0.550023 0.653653 -0.51982
-0.149176 0.097258 -1.43521 -0.545811 0.655227 -0.522272
-0.14855 0.097641 -1.43545 -0.548805 0.657764 -0.515907
-0.148354 0.098197 -1.43489 -0.550968 0.642549 -0.532509
-0.148936 0.098346 -1.43419 -0.5491 0.632867 -0.545865
-0.14936 0.09885 -1.43311 -0.564675 0.633286 -0.529236
-0.151022 0.096725 -1.43399 -0.532385 0.6593 -0.530933
-0.151123 0.097249 -1.43315 -0.528071 0.673883 -0.516742
-0.147708 0.091977 -1.43028 0.602079 -0.600663 0.526028
-0.148776 0.091916 -1.42918 0.605361 -0.619895 0.499268
-0.147989 0.092573 -1.42933 0.633107 -0.593516 0.496905
-0.14752 0.092926 -1.42954 0.620512 -0.599716 0.505278
-0.14996 0.092295 -1.42717 0.637775 -0.613526 0.465648
-0.148314 0.093135 -1.42811 0.627856 -0.616733 0.474802
-0.149105 0.092903 -1.42746 0.601107 -0.627532 0.494848
-0.146322 0.093819 -1.42989 0.598105 -0.60633 0.524056
-0.147121 0.093664 -1.42905 0.622257 -0.61209 0.487999
-0.145517 0.094107 -1.43038 0.608902 -0.597082 0.522237
-0.14624 0.094484 -1.42911 0.60882 -0.619546 0.49548
-0.145762 0.095466 -1.42856 0.620787 -0.598075 0.506882
-0.146968 0.094617 -1.42803 0.617581 -0.578292 0.533078
-0.146418 0.095689 -1.42757 0.610493 -0.599077 0.518078
-0.147831 0.093699 -1.42807 0.637324 -0.589694 0.496064
-0.147433 0.094831 -1.42732 0.63837 -0.582999 0.50259
-0.148274 0.094615 -1.42639 0.62672 -0.589075 0.510111
-0.149364 0.0936 -1.42629 0.632661 -0.597106 0.493158
-0.149948 0.09419 -1.42473 0.646695 -0.591288 0.481835
-0.150207 0.094471 -1.42409 0.639142 -0.598653 0.482817
-0.147038 0.096042 -1.42631 0.628901 -0.608124 0.484426
-0.148418 0.093828 -1.42713 0.621656 -0.602645 0.500363
-0.14864 0.094774 -1.42584 0.614771 -0.607638 0.502825
-0.14788 0.095664 -1.42561 0.626354 -0.591421 0.507841
-0.148505 0.095453 -1.42511 0.639159 -0.583231 0.501316
-0.149405 0.095565 -1.4238 0.680058 -0.547849 0.48722
-0.149559 0.096123 -1.42301 0.693258 -0.532074 0.486097
-0.148628 0.096544 -1.42375 0.64018 -0.577319 0.506826
-0.148003 0.097919 -1.42306 0.623671 -0.565542 0.539627
-0.142578 0.096914 -1.43051 0.60224 -0.568421 0.560539
-0.143859 0.095455 -1.4308 0.59456 -0.604276 0.530423
-0.143939 0.09647 -1.42956 0.60979 -0.586822 0.532725
-0.144235 0.097037 -1.42846 0.650472 -0.559824 0.513306
-0.144666 0.097262 -1.42776 0.672565 -0.503927 0.541953
-0.14242 0.097611 -1.43007 0.613749 -0.569066 0.547244
-0.141444 0.098486 -1.43036 0.62623 -0.558035 0.544456
-0.141989 0.098687 -1.42941 0.635084 -0.571749 0.519396
-0.141911 0.099416 -1.42876 0.611657 -0.5734 0.545058
-0.14263 0.09905 -1.42825 0.615065 -0.564742 0.550237
-0.143023 0.097696 -1.42934 0.596872 -0.619591 0.509756
-0.143495 0.097694 -1.42872 0.628088 -0.575005 0.524285
-0.142811 0.098185 -1.42891 0.602796 -0.605104 0.520083
-0.144028 0.098045 -1.42771 0.646757 -0.539878 0.538737
-0.144961 0.095626 -1.42944 0.613054 -0.598997 0.515138
-0.145405 0.097228 -1.42681 0.637555 -0.556002 0.533278
-0.144235 0.098585 -1.42691 0.651117 -0.541631 0.53168
-0.143332 0.099288 -1.42732 0.629879 -0.568641 0.529055
-0.144312 0.099514 -1.42569 0.625461 -0.57474 0.527705
-0.1458 0.099633 -1.42386 0.636497 -0.565329 0.524666
-0.144245 0.100011 -1.42527 0.641357 -0.555824 0.528887
-0.146318 0.097185 -1.42584 0.625596 -0.571082 0.531503
-0.145807 0.098058 -1.42557 0.633338 -0.573522 0.519573
-0.145101 0.098118 -1.42631 0.64451 -0.550752 0.530358
-0.147948 0.096476 -1.42475 0.640833 -0.57557 0.507988
-0.147738 0.097317 -1.42388 0.629048 -0.578341 0.519443
-0.146798 0.097937 -1.42446 0.63682 -0.577033 0.511364
-0.147396 0.098025 -1.42359 0.638415 -0.567142 0.520361
-0.146204 0.098215 -1.42481 0.633799 -0.573679 0.518837
-0.145198 0.098991 -1.42531 0.627361 -0.570885 0.52963
-0.145815 0.099003 -1.42453 0.64019 -0.539204 0.547189
-0.157575 0.092177 -1.43166 -0.686114 0.627913 -0.367386
-0.157795 0.092345 -1.43112 -0.530452 0.68932 -0.493414
-0.157156 0.092626 -1.43181 -0.728635 0.589014 -0.349505
-0.157436 0.093092 -1.43044 -0.628911 0.625445 -0.461833
-0.158186 0.093873 -1.42881 -0.573196 0.603683 -0.554088
-0.157493 0.094633 -1.42865 -0.567391 0.658742 -0.494091
-0.157448 0.095077 -1.42801 -0.536887 0.729384 -0.423971
-0.155757 0.093836 -1.43236 -0.604742 0.6587 -0.447661
-0.154878 0.095233 -1.43136 -0.599324 0.635404 -0.486901
-0.155596 0.095853 -1.42956 -0.665602 0.612577 -0.426289
-0.154598 0.095954 -1.43084 -0.60931 0.63202 -0.478845
-0.156593 0.093387 -1.43174 -0.697845 0.60907 -0.376889
-0.155613 0.094928 -1.43093 -0.625654 0.643539 -0.440924
-0.156669 0.094539 -1.42981 -0.659403 0.61151 -0.437314
-0.156393 0.094057 -1.43092 -0.697719 0.602678 -0.387257
-0.155934 0.095182 -1.43005 -0.675603 0.620382 -0.398356
-0.15627 0.09531 -1.42918 -0.647525 0.644154 -0.407158
-0.156354 0.095916 -1.42814 -0.661049 0.626506 -0.412921
-0.151113 0.093268 -1.42442 0.633288 -0.604171 0.483657
-0.150531 0.093185 -1.42518 0.621379 -0.601163 0.502484
-0.151199 0.093818 -1.42353 0.643828 -0.610417 0.461385
-0.158366 0.094781 -1.42753 -0.489878 0.741356 -0.458705
-0.157126 0.095574 -1.4275 -0.563944 0.717036 -0.409666
-0.157572 0.095592 -1.42689 -0.533425 0.722996 -0.439016
-0.157051 0.096203 -1.42668 -0.630777 0.614114 -0.474324
-0.155785 0.097186 -1.42739 -0.685038 0.59224 -0.424234
-0.158257 0.096108 -1.42526 -0.547042 0.694848 -0.46683
-0.157635 0.097151 -1.42463 -0.619679 0.631643 -0.465859
-0.156955 0.096699 -1.42624 -0.642028 0.629888 -0.437082
-0.1567 0.097411 -1.42547 -0.638716 0.640159 -0.426893
-0.152704 0.096814 -1.43201 -0.597339 0.656378 -0.46082
-0.151984 0.096988 -1.43267 -0.551004 0.671462 -0.495513
-0.151181 0.09818 -1.43199 -0.566111 0.637679 -0.522383
-0.152723 0.097624 -1.43091 -0.599543 0.625787 -0.498938
-0.14976 0.099532 -1.43192 -0.568826 0.623208 -0.536701
-0.151523 0.098831 -1.43086 -0.594189 0.633832 -0.495174
-0.152624 0.098413 -1.42999 -0.597539 0.647331 -0.47319
-0.151404 0.099959 -1.42946 -0.610365 0.647109 -0.456843
-0.153928 0.095613 -1.43214 -0.60584 0.638363 -0.474816
-0.153743 0.096452 -1.43121 -0.578622 0.653376 -0.488156
-0.153094 0.097048 -1.43115 -0.591982 0.63342 -0.498333
-0.154468 0.097053 -1.42949 -0.613348 0.654846 -0.441566
-0.155534 0.096869 -1.42821 -0.65511 0.614564 -0.43948
-0.155409 0.096638 -1.42884 -0.663967 0.621684 -0.41552
-0.154286 0.097603 -1.42889 -0.627472 0.634304 -0.451594
-0.153525 0.097318 -1.43039 -0.595755 0.638229 -0.487585
-0.152883 0.099153 -1.42863 -0.598778 0.657931 -0.456719
-0.152941 0.099703 -1.42776 -0.593238 0.652792 -0.471095
-0.151822 0.099996 -1.42877 -0.620018 0.638825 -0.4555
-0.151727 0.100779 -1.42793 -0.605607 0.637104 -0.476801
-0.153474 0.099897 -1.42686 -0.614013 0.662214 -0.429488
-0.151802 0.101445 -1.42697 -0.618047 0.650279 -0.441764
-0.152424 0.101812 -1.42543 -0.612573 0.65293 -0.445462
-0.152857 0.100845 -1.42622 -0.619235 0.648619 -0.442541
-0.15527 0.097448 -1.42789 -0.655279 0.612703 -0.44182
-0.153853 0.098235 -1.42868 -0.618761 0.630516 -0.468599
-0.153943 0.098964 -1.42755 -0.617822 0.637072 -0.460906
-0.156087 0.097772 -1.42597 -0.655717 0.647709 -0.387955
-0.155344 0.09816 -1.42659 -0.664776 0.632967 -0.39677
-0.155677 0.098628 -1.4251 -0.648736 0.639323 -0.412805
-0.154574 0.099002 -1.4266 -0.653897 0.638595 -0.405727
-0.154982 0.099088 -1.42569 -0.677169 0.629311 -0.381328
-0.156351 0.098131 -1.42497 -0.611751 0.653837 -0.445262
-0.153923 0.100512 -1.42518 -0.648865 0.626031 -0.432504
-0.160388 0.072893 -1.4362 0.332139 -0.943131 -0.0137074
-0.160517 0.072855 -1.43581 0.470124 -0.86093 0.194378
-0.16153 0.072578 -1.43625 0.12945 -0.94541 -0.299069
-0.162216 0.072675 -1.43653 -0.0621644 -0.953738 -0.294141
-0.161643 0.072488 -1.43586 0.136184 -0.989189 -0.054393
-0.160991 0.072638 -1.43593 0.319996 -0.947239 0.0184454
-0.160938 0.072797 -1.43529 0.501717 -0.83034 0.24252
-0.161985 0.072478 -1.43591 -0.0607012 -0.982722 -0.174851
-0.162113 0.072453 -1.43531 0.108014 -0.992754 -0.0526597
-0.162964 0.072868 -1.43677 -0.142287 -0.942331 -0.302931
-0.163389 0.072774 -1.43581 -0.121897 -0.967613 -0.221056
-0.163859 0.072884 -1.43647 -0.113361 -0.942121 -0.315527
-0.164021 0.072761 -1.43599 -0.00513537 -0.981601 -0.190875
-0.164589 0.072857 -1.43611 -0.153619 -0.932714 -0.326261
-0.165495 0.073044 -1.43596 -0.247337 -0.903889 -0.349012
-0.166025 0.073413 -1.43638 -0.354604 -0.84112 -0.408378
-0.16823 0.073501 -1.43662 -0.1485 -0.878133 -0.454786
-0.168538 0.073707 -1.43675 -0.407447 -0.654517 -0.636863
-0.158245 0.075552 -1.44061 0.0194254 -0.967853 -0.250766
-0.158505 0.075718 -1.44069 -0.304268 -0.547851 -0.779282
-0.158295 0.075558 -1.44033 0.137309 -0.962556 -0.233733
-0.158594 0.0756 -1.44035 -0.253397 -0.870724 -0.421461
-0.158779 0.075799 -1.44053 -0.56949 -0.627798 -0.530613
-0.158357 0.074167 -1.4376 0.520668 -0.842832 -0.136158
-0.158652 0.074113 -1.43798 0.415856 -0.833297 -0.364253
-0.159718 0.073799 -1.43821 0.230778 -0.81923 -0.524979
-0.159885 0.074316 -1.43891 0.157209 -0.783395 -0.601314
-0.160705 0.073307 -1.43749 0.114804 -0.900601 -0.41921
-0.161634 0.073446 -1.43799 0.0973749 -0.854422 -0.510374
-0.160798 0.073816 -1.43846 0.136321 -0.838756 -0.527167
-0.160377 0.073832 -1.43833 0.107356 -0.839704 -0.532326
-0.161434 0.074034 -1.43887 0.051761 -0.783216 -0.619591
-0.161929 0.073949 -1.43875 -0.0708977 -0.733009 -0.676514
-0.159322 0.073404 -1.43687 0.610537 -0.791404 0.0303969
-0.159653 0.073183 -1.43644 0.488872 -0.862458 0.131035
-0.159616 0.073227 -1.43675 0.41861 -0.898375 -0.132995
-0.160007 0.073052 -1.43645 0.378793 -0.925228 -0.0216378
-0.160506 0.072883 -1.43638 0.238044 -0.939564 -0.246079
-0.15988 0.073153 -1.43677 0.209298 -0.942363 -0.261047
-0.160123 0.073345 -1.43753 0.137206 -0.916717 -0.375238
-0.160198 0.073246 -1.43716 0.0933699 -0.946148 -0.309978
-0.159382 0.073431 -1.4363 0.656006 -0.711181 0.252741
-0.160011 0.073078 -1.43614 0.507768 -0.852819 0.12195
-0.159779 0.073275 -1.43602 0.561141 -0.749873 0.350445
-0.159222 0.073499 -1.43726 0.487094 -0.853702 -0.18421
-0.158371 0.074151 -1.43714 0.599542 -0.791051 0.121607
-0.158972 0.073751 -1.43678 0.669145 -0.72463 0.164793
-0.158727 0.074134 -1.4364 0.69947 -0.595858 0.394582
-0.159005 0.07443 -1.43567 0.673764 -0.534639 0.510101
-0.162253 0.072854 -1.4371 -0.0168581 -0.912318 -0.409134
-0.161452 0.072945 -1.43698 0.146212 -0.89909 -0.412624
-0.158587 0.074514 -1.43855 0.303008 -0.81358 -0.49626
-0.159223 0.074727 -1.43922 0.207385 -0.825013 -0.525686
-0.159768 0.074957 -1.43979 0.0207394 -0.830974 -0.555924
-0.15844 0.075253 -1.43983 0.189077 -0.832188 -0.521261
-0.157945 0.075705 -1.44035 0.490875 -0.831449 -0.260259
-0.159012 0.075308 -1.44004 0.21535 -0.749667 -0.625798
-0.159664 0.075173 -1.44012 -0.0104481 -0.688037 -0.725601
-0.159609 0.075531 -1.44039 -0.0432837 -0.550272 -0.833863
-0.158832 0.075611 -1.44028 -0.0748776 -0.640304 -0.764463
-0.159317 0.075414 -1.44027 0.222684 -0.537616 -0.813254
-0.159116 0.075581 -1.44032 0.188605 -0.49719 -0.846894
-0.159204 0.07575 -1.44039 0.243433 -0.498144 -0.832222
-0.159333 0.075782 -1.44047 0.238652 -0.620632 -0.746901
-0.159055 0.075873 -1.44043 0.234495 -0.714902 -0.658732
-0.15958 0.075941 -1.44065 -0.0738806 -0.68043 -0.729079
-0.160279 0.074595 -1.4393 0.138852 -0.669435 -0.729779
-0.160521 0.074765 -1.43947 0.0912163 -0.685301 -0.722525
-0.160037 0.075048 -1.43991 -0.232369 -0.738254 -0.633234
-0.160363 0.074889 -1.43962 0.00895536 -0.753112 -0.657832
-0.160637 0.075011 -1.43977 -0.0440804 -0.594738 -0.80271
-0.16033 0.07509 -1.43984 -0.137334 -0.645715 -0.751127
-0.160868 0.074905 -1.43967 0.0397225 -0.635851 -0.770789
-0.161164 0.075083 -1.43973 -0.0257447 -0.549103 -0.835358
-0.161832 0.075053 -1.43969 -0.104881 -0.684893 -0.721056
-0.161366 0.075187 -1.43984 0.218972 -0.66675 -0.712387
-0.161686 0.075227 -1.43994 -0.0132668 -0.696546 -0.71739
-0.160841 0.074364 -1.43918 0.100923 -0.712663 -0.694209
-0.161431 0.074519 -1.43937 -0.0423546 -0.631907 -0.773886
-0.161778 0.074535 -1.43934 -0.183591 -0.619211 -0.76346
-0.159964 0.075247 -1.44013 -0.202248 -0.60007 -0.773959
-0.160461 0.075561 -1.44022 -0.116092 -0.685653 -0.718611
-0.160558 0.075391 -1.44 -0.116588 -0.633932 -0.76455
-0.15991 0.075508 -1.44025 -0.25279 -0.497334 -0.829914
-0.160254 0.075481 -1.44013 -0.174738 -0.602503 -0.778753
-0.160408 0.075834 -1.44044 -0.0550697 -0.651459 -0.756682
-0.161294 0.075427 -1.44014 0.213374 -0.691451 -0.690194
-0.161536 0.075466 -1.44018 -0.053134 -0.585871 -0.80866
-0.16168 0.075693 -1.44031 -0.0539494 -0.594024 -0.802637
-0.161046 0.075513 -1.44006 0.168445 -0.657322 -0.734543
-0.161882 0.075572 -1.44018 0.0064115 -0.717147 -0.696893
-0.160822 0.075705 -1.44021 -0.0706192 -0.705732 -0.70495
-0.160818 0.075947 -1.44052 0.00257593 -0.736961 -0.67593
-0.161212 0.07574 -1.44033 0.107762 -0.649192 -0.752952
-0.161118 0.076199 -1.44075 -0.123724 -0.688164 -0.714929
-0.161471 0.075901 -1.44045 0.00174854 -0.60086 -0.799353
-0.161691 0.076051 -1.44061 0.154809 -0.594218 -0.789265
-0.161435 0.076391 -1.44084 -0.0426208 -0.665098 -0.745538
-0.162532 0.073703 -1.43843 -0.117113 -0.717529 -0.686612
-0.162536 0.074845 -1.43933 -0.0759587 -0.680852 -0.728472
-0.162811 0.074132 -1.43881 -0.0598896 -0.644469 -0.762282
-0.163187 0.074455 -1.43902 0.00994694 -0.642697 -0.766056
-0.163352 0.074091 -1.43866 -0.204737 -0.725902 -0.656619
-0.163434 0.074563 -1.43916 -0.0605155 -0.669908 -0.739973
-0.163992 0.074838 -1.4391 -0.217995 -0.691124 -0.689076
-0.164249 0.074362 -1.43857 -0.174573 -0.742127 -0.647125
-0.165049 0.074984 -1.43918 -0.248868 -0.693562 -0.676045
-0.165112 0.074662 -1.43866 -0.351132 -0.781979 -0.51499
-0.162446 0.073402 -1.43808 -0.0481873 -0.825551 -0.562266
-0.16315 0.073322 -1.43768 -0.202936 -0.83119 -0.517629
-0.163588 0.073149 -1.43721 -0.182159 -0.881755 -0.435117
-0.164425 0.073493 -1.4374 -0.159257 -0.853392 -0.496346
-0.164269 0.073912 -1.43804 -0.159563 -0.791145 -0.590448
-0.164858 0.073892 -1.43794 -0.213642 -0.734623 -0.643961
-0.165434 0.073965 -1.43771 -0.284029 -0.750762 -0.596392
-0.165227 0.073185 -1.43671 -0.258577 -0.877797 -0.403251
-0.165169 0.073569 -1.43741 -0.248771 -0.793221 -0.5558
-0.166074 0.073783 -1.43704 -0.38649 -0.796896 -0.464309
-0.166165 0.073702 -1.43679 -0.363308 -0.803239 -0.472033
-0.16657 0.073624 -1.43645 -0.175984 -0.825843 -0.535735
-0.166782 0.073913 -1.43676 0.0402541 -0.835433 -0.548117
-0.166509 0.073805 -1.43669 -0.284769 -0.794425 -0.536466
-0.166626 0.073989 -1.43696 -0.300808 -0.841142 -0.449439
-0.16638 0.074077 -1.43729 -0.260701 -0.874738 -0.408496
-0.165703 0.073873 -1.43743 -0.343223 -0.787822 -0.511405
-0.166679 0.074086 -1.43712 -0.107017 -0.920275 -0.376353
-0.165166 0.074441 -1.43834 -0.168528 -0.724231 -0.668646
-0.165344 0.074829 -1.43872 -0.224243 -0.773413 -0.592914
-0.16611 0.074559 -1.4383 -0.189765 -0.766379 -0.61372
-0.166441 0.074293 -1.43773 -0.154489 -0.848218 -0.506615
-0.166539 0.074579 -1.43814 0.0397015 -0.816164 -0.576455
-0.165442 0.074939 -1.43884 -0.185203 -0.759374 -0.62374
-0.16603 0.07485 -1.43865 -0.280117 -0.619425 -0.733381
-0.166455 0.074768 -1.43841 -0.166624 -0.711559 -0.682584
-0.166436 0.074888 -1.4385 -0.238829 -0.459234 -0.855608
-0.162292 0.075356 -1.43996 0.0198599 -0.761126 -0.6483
-0.162295 0.075076 -1.4396 -0.104777 -0.716751 -0.689413
-0.162706 0.075124 -1.43969 0.0128478 -0.837554 -0.546203
-0.162686 0.075315 -1.44007 -0.0100213 -0.766274 -0.642436
-0.163372 0.075237 -1.43976 -0.0721668 -0.747563 -0.660259
-0.163459 0.075545 -1.44004 -0.199814 -0.646111 -0.736624
-0.163632 0.074851 -1.43929 -0.27178 -0.479364 -0.834473
-0.163244 0.074906 -1.43938 0.057542 -0.585285 -0.808783
-0.163358 0.0748 -1.43935 -0.0154423 -0.467021 -0.884111
-0.163375 0.075068 -1.43953 -0.129597 -0.717974 -0.683899
-0.163094 0.075163 -1.43967 -0.0763553 -0.795945 -0.600535
-0.163949 0.075314 -1.43969 -0.128921 -0.731983 -0.669015
-0.164012 0.075555 -1.4399 -0.196679 -0.547168 -0.813587
-0.162169 0.075716 -1.44045 -0.000938208 -0.788778 -0.614677
-0.162539 0.075666 -1.44032 -0.0302668 -0.716391 -0.697042
-0.161975 0.075908 -1.44065 0.189 -0.582793 -0.790336
-0.162238 0.075935 -1.44067 -0.0660521 -0.549217 -0.833065
-0.162456 0.076109 -1.44074 -0.0674357 -0.518758 -0.852257
-0.163669 0.075873 -1.4402 -0.365698 -0.431413 -0.824711
-0.162865 0.07616 -1.44072 -0.157723 -0.561328 -0.812425
-0.163374 0.076214 -1.44057 -0.422972 -0.451999 -0.785361
-0.164524 0.075074 -1.43935 -0.101673 -0.731691 -0.674011
-0.164791 0.075208 -1.43941 -0.273848 -0.587891 -0.761177
-0.165279 0.075073 -1.43913 -0.351514 -0.639307 -0.683904
-0.164342 0.075287 -1.43965 -0.129003 -0.696712 -0.705657
-0.164495 0.075526 -1.43978 -0.299226 -0.438227 -0.847597
-0.165173 0.075793 -1.43955 -0.439976 -0.12473 -0.889305
-0.165701 0.075214 -1.43906 -0.28865 -0.602364 -0.744203
-0.165359 0.075497 -1.43938 -0.374952 -0.387331 -0.84225
-0.164099 0.07592 -1.44004 -0.396936 -0.20875 -0.893793
-0.164662 0.076171 -1.4398 -0.365094 -0.0328328 -0.930392
-0.165059 0.076281 -1.43965 -0.640725 0.247809 -0.726679
-0.164197 0.076373 -1.44001 -0.55407 -0.187564 -0.811065
-0.164489 0.076469 -1.43983 -0.305377 -0.31611 -0.898231
-0.164444 0.076694 -1.43999 -0.530958 -0.370059 -0.762326
-0.164745 0.076724 -1.43998 -0.165602 -0.557908 -0.813212
-0.164759 0.076511 -1.43981 -0.345296 -0.208002 -0.915153
-0.165085 0.076592 -1.43968 0.741361 -0.640969 -0.198854
-0.166359 0.075259 -1.43883 -0.570482 -0.064976 -0.818736
-0.157873 0.07578 -1.44106 0.121994 -0.956224 -0.265995
-0.157884 0.07583 -1.44092 0.378852 -0.893033 0.242823
-0.15778 0.075834 -1.44104 0.6782 -0.714562 -0.171598
-0.157843 0.075971 -1.44117 0.233786 -0.358131 -0.903929
-0.157721 0.075958 -1.44092 0.715608 -0.697026 0.0453934
-0.157678 0.076052 -1.44112 0.623409 -0.429813 -0.653164
-0.157597 0.076083 -1.44096 0.603977 -0.745701 -0.281321
-0.158009 0.075827 -1.44108 -0.387883 -0.660883 -0.64248
-0.158032 0.075824 -1.44094 -0.227378 -0.961777 -0.152591
-0.15793 0.075837 -1.44076 0.483946 -0.868006 -0.111187
-0.157661 0.076008 -1.44079 0.512357 -0.845264 -0.151722
-0.158075 0.075653 -1.44075 0.388514 -0.682635 -0.618923
-0.158043 0.075763 -1.44082 0.284826 -0.754855 -0.59082
-0.158205 0.07566 -1.44079 -0.0880503 -0.573862 -0.814205
-0.15819 0.075789 -1.44082 -0.172779 -0.393825 -0.902801
-0.158168 0.075901 -1.4409 -0.429985 -0.694782 -0.576534
-0.158225 0.076018 -1.44102 -0.571235 -0.568594 -0.591939
-0.15815 0.075935 -1.44099 -0.565645 -0.699314 -0.437042
-0.158292 0.075944 -1.44085 -0.553056 -0.484093 -0.678073
-0.158428 0.076132 -1.44078 -0.239882 -0.693072 -0.679785
-0.158453 0.075974 -1.44077 -0.0131402 -0.13883 -0.990229
-0.158265 0.076141 -1.44107 -0.514994 -0.56929 -0.640851
-0.158406 0.076171 -1.44097 -0.452114 -0.798521 -0.397438
-0.157584 0.076192 -1.4411 0.49969 -0.503058 -0.705154
-0.157628 0.076293 -1.44116 0.198107 -0.391831 -0.898455
-0.157826 0.076311 -1.4412 0.278319 -0.150901 -0.948561
-0.157471 0.07651 -1.44133 -0.167221 -0.609749 -0.774754
-0.157949 0.076095 -1.44122 0.0560531 -0.258768 -0.964312
-0.158105 0.076088 -1.44118 -0.471877 -0.439479 -0.764323
-0.157853 0.076446 -1.44123 0.00532984 -0.190023 -0.981765
-0.158086 0.076232 -1.44124 -0.16552 -0.274226 -0.947314
-0.158337 0.076369 -1.44127 -0.0297596 -0.250428 -0.967678
-0.15802 0.076609 -1.44122 -0.276798 -0.403498 -0.872108
-0.158377 0.07621 -1.44111 -0.236661 -0.799829 -0.551602
-0.158164 0.076628 -1.44119 0.0310787 0.041615 -0.99865
-0.158324 0.076662 -1.44121 0.161138 0.00052731 -0.986932
-0.158717 0.075987 -1.44081 -0.170605 -0.610833 -0.773161
-0.15858 0.075979 -1.44081 0.156269 -0.222105 -0.962419
-0.158603 0.076117 -1.44082 0.305936 -0.533114 -0.788792
-0.15869 0.076108 -1.4409 0.145878 -0.817757 -0.55677
-0.158518 0.076175 -1.44098 0.0540205 -0.918615 -0.391445
-0.158669 0.076163 -1.441 0.041513 -0.805387 -0.591293
-0.15909 0.076217 -1.44104 -0.0579901 -0.757184 -0.650622
-0.159033 0.075973 -1.44055 0.211354 -0.824518 -0.52488
-0.159218 0.076058 -1.44081 0.073096 -0.842059 -0.534409
-0.158994 0.076094 -1.44087 -0.0542518 -0.859139 -0.508859
-0.158624 0.076396 -1.44123 -0.0164864 -0.556367 -0.830773
-0.158868 0.076443 -1.44125 0.0064676 -0.530201 -0.847848
-0.158576 0.076667 -1.44131 0.381039 -0.455982 -0.804295
-0.15883 0.076675 -1.44139 0.0658619 -0.632713 -0.77158
-0.159378 0.076483 -1.44122 -0.143259 -0.643359 -0.752041
-0.157362 0.077041 -1.44185 0.0901734 -0.856152 -0.508795
-0.157523 0.077033 -1.4418 -0.138008 -0.94447 -0.298211
-0.157642 0.077067 -1.44189 -0.326017 -0.829549 -0.453388
-0.157485 0.07706 -1.44195 -0.00961637 -0.772316 -0.635166
-0.157613 0.077176 -1.44198 -0.274115 -0.647516 -0.711044
-0.157565 0.077397 -1.44216 -0.00516925 -0.628141 -0.778083
-0.157839 0.077414 -1.44217 0.116745 -0.693402 -0.711031
-0.158258 0.077212 -1.44213 0.0552719 -0.845711 -0.530771
-0.158239 0.077158 -1.44194 0.116517 -0.89796 -0.424373
-0.158393 0.077236 -1.44213 -0.286564 -0.760925 -0.582129
-0.158425 0.077164 -1.44197 -0.140249 -0.852162 -0.504133
-0.15823 0.077326 -1.44225 0.022751 -0.524486 -0.851115
-0.158367 0.07734 -1.44223 -0.259116 -0.590685 -0.764166
-0.158096 0.077461 -1.44228 0.126156 -0.475884 -0.870413
-0.158627 0.077301 -1.44204 -0.33342 -0.633102 -0.698579
-0.158876 0.077567 -1.44214 -0.275258 -0.427602 -0.86104
-0.157726 0.07687 -1.44151 -0.271008 -0.612486 -0.742573
-0.157489 0.076787 -1.44161 -0.262448 -0.567572 -0.780373
-0.157281 0.076936 -1.44173 -0.126891 -0.656512 -0.743566
-0.157667 0.07702 -1.44164 -0.279533 -0.7826 -0.556236
-0.158248 0.076905 -1.44153 -0.000158717 -0.893177 -0.449705
-0.157934 0.076871 -1.44147 -0.112822 -0.754088 -0.64701
-0.157995 0.07695 -1.4416 0.0871709 -0.794997 -0.600318
-0.157799 0.077045 -1.44165 -0.0264344 -0.783047 -0.6214
-0.158146 0.076771 -1.44124 -0.183932 -0.56623 -0.803463
-0.15831 0.076795 -1.44123 0.00833128 -0.620858 -0.783879
-0.157791 0.077141 -1.44185 -0.329605 -0.809949 -0.485121
-0.158128 0.07706 -1.44174 0.110759 -0.811313 -0.574024
-0.157913 0.077206 -1.4419 0.0079145 -0.856767 -0.515643
-0.158798 0.076898 -1.44159 0.0130074 -0.705438 -0.708652
-0.158521 0.07689 -1.44155 0.161311 -0.814167 -0.557773
-0.158727 0.077095 -1.44181 -0.118134 -0.714231 -0.689869
-0.15849 0.076667 -1.44127 0.266033 0.042139 -0.963042
-0.158471 0.076805 -1.44128 0.378187 -0.552708 -0.742623
-0.159012 0.077449 -1.44203 -0.155901 -0.55541 -0.816832
-0.15993 0.076147 -1.44073 -0.14143 -0.622779 -0.769509
-0.160245 0.076181 -1.44073 0.0347182 -0.758763 -0.650441
-0.160401 0.076382 -1.44107 0.0443102 -0.783748 -0.619496
-0.159874 0.076372 -1.44096 -0.068415 -0.738931 -0.670299
-0.15974 0.076613 -1.44124 -0.0654124 -0.704618 -0.706565
-0.160023 0.076643 -1.4413 0.0357018 -0.680048 -0.732298
-0.160585 0.0766 -1.44129 -0.030095 -0.705753 -0.707819
-0.161773 0.076927 -1.4414 -0.166439 -0.630968 -0.757745
-0.159303 0.077097 -1.44174 -0.0906099 -0.62981 -0.771446
-0.159803 0.077009 -1.44159 -0.0957163 -0.62113 -0.777841
-0.159807 0.077504 -1.44194 -0.0522727 -0.593045 -0.803471
-0.160693 0.077342 -1.44195 -0.0122398 -0.546136 -0.837607
-0.159907 0.077867 -1.44219 -0.0592622 -0.512492 -0.856645
-0.161125 0.077473 -1.44197 -0.259587 -0.360795 -0.895791
-0.161259 0.077094 -1.44167 -0.176337 -0.648186 -0.740784
-0.16079 0.077708 -1.44212 -0.204748 -0.27044 -0.940713
-0.161047 0.077987 -1.44209 -0.422083 0.0763794 -0.903334
-0.16134 0.077664 -1.44193 -0.399934 -0.0381528 -0.91575
-0.157915 0.077608 -1.44236 0.000423933 -0.569377 -0.822076
-0.157602 0.077884 -1.4426 0.024743 -0.532599 -0.846006
-0.157448 0.078562 -1.44288 0.0430068 -0.441991 -0.895988
-0.158468 0.077633 -1.44236 -0.16828 -0.316954 -0.933393
-0.15855 0.077594 -1.44231 -0.341203 -0.398076 -0.851538
-0.158354 0.077813 -1.44242 -0.221504 -0.377382 -0.899177
-0.158705 0.077915 -1.4423 -0.278503 -0.290525 -0.915441
-0.1589 0.077812 -1.44225 -0.0180817 -0.448396 -0.893652
-0.159086 0.078074 -1.44241 0.114425 -0.52973 -0.840413
-0.158311 0.078035 -1.44255 -0.330865 -0.406971 -0.851412
-0.158468 0.078284 -1.44261 -0.235023 -0.652966 -0.72
-0.158659 0.07817 -1.4424 -0.288671 -0.474021 -0.831849
-0.158304 0.078347 -1.4427 -0.166204 -0.459855 -0.872301
-0.158809 0.07818 -1.44241 0.0813043 -0.529022 -0.844705
-0.158664 0.078279 -1.44248 -0.100594 -0.757277 -0.6453
-0.159041 0.078299 -1.44257 0.0487187 -0.702023 -0.710486
-0.158747 0.078388 -1.44268 -0.088501 -0.853913 -0.512835
-0.158907 0.07851 -1.44283 -0.0923489 -0.731656 -0.675389
-0.157512 0.078978 -1.44308 -0.00135972 -0.488656 -0.872475
-0.156982 0.07916 -1.44324 -0.0774931 -0.509261 -0.857116
-0.158601 0.079068 -1.44315 -0.0941365 -0.302968 -0.94834
-0.158223 0.078638 -1.4429 -0.0278346 -0.525614 -0.850268
-0.1589 0.078709 -1.44299 -0.136361 -0.475481 -0.869094
-0.1589 0.079061 -1.44312 -0.296153 -0.113568 -0.948365
-0.159316 0.077854 -1.4423 -0.046274 -0.547077 -0.835802
-0.159353 0.078201 -1.44251 -0.0751782 -0.545688 -0.834609
-0.159829 0.078252 -1.44243 -0.24659 -0.487601 -0.837519
-0.159328 0.078477 -1.4427 -0.135375 -0.581108 -0.802488
-0.15984 0.078615 -1.44265 -0.563515 -0.163701 -0.809724
-0.159658 0.078591 -1.44275 -0.331631 -0.339425 -0.880234
-0.160176 0.078113 -1.44232 -0.125799 -0.307139 -0.943313
-0.160198 0.078507 -1.44239 -0.441017 0.00303146 -0.897494
-0.160473 0.077941 -1.44225 -0.157556 -0.251351 -0.954986
-0.160736 0.078072 -1.4422 -0.356554 0.0325898 -0.933706
-0.16041 0.078367 -1.44232 -0.358774 -0.0214788 -0.933177
-0.161028 0.078474 -1.44188 -0.508295 0.434433 -0.743575
-0.160564 0.078375 -1.44223 -0.491949 0.117391 -0.862673
-0.16064 0.078448 -1.44215 -0.54227 0.341881 -0.767503
-0.160429 0.078571 -1.44227 -0.535363 0.318266 -0.782364
-0.160614 0.07911 -1.44176 -0.499296 0.223086 -0.837219
-0.160568 0.078773 -1.44197 -0.554132 0.444335 -0.703921
-0.15947 0.078817 -1.44286 -0.336198 -0.179195 -0.924587
-0.159197 0.07907 -1.44298 -0.410364 -0.016109 -0.91178
-0.15977 0.078912 -1.4427 -0.576285 0.0689076 -0.814339
-0.159513 0.079244 -1.44281 -0.578324 0.207632 -0.788942
-0.158774 0.07974 -1.4431 -0.493118 0.0769297 -0.866554
-0.160236 0.078893 -1.44223 -0.620588 0.404905 -0.671508
-0.159957 0.078922 -1.4425 -0.703645 0.27646 -0.654563
-0.160183 0.079313 -1.44195 -0.530945 0.345132 -0.773939
-0.15955 0.079639 -1.44257 -0.729763 0.440198 -0.523136
-0.159745 0.079572 -1.44228 -0.695038 0.447269 -0.562915
-0.159852 0.079768 -1.44206 -0.614928 0.432988 -0.659079
-0.160432 0.079242 -1.44186 -0.485368 0.197431 -0.851727
-0.160435 0.079394 -1.44185 -0.409654 0.191805 -0.891849
-0.161825 0.077349 -1.44166 -0.376053 -0.292161 -0.879333
-0.161985 0.077682 -1.44159 -0.567973 0.242854 -0.786402
-0.162172 0.077093 -1.44139 -0.32917 -0.395594 -0.85741
-0.162258 0.077375 -1.44144 -0.469301 -0.0699501 -0.880263
-0.161676 0.077853 -1.44178 -0.503265 0.199478 -0.840793
-0.161478 0.078016 -1.44181 -0.529685 0.406788 -0.744283
-0.158907 0.075962 -1.44051 -0.263 -0.806531 -0.52947
-0.158928 0.075868 -1.4404 -0.209086 -0.603433 -0.769514
-0.160571 0.07617 -1.44077 0.0386155 -0.782104 -0.62195
-0.160435 0.076031 -1.44059 0.00597048 -0.677872 -0.735156
-0.161119 0.078658 -1.44168 -0.537638 0.401533 -0.741428
-0.161297 0.078611 -1.44155 -0.603915 0.372063 -0.70488
-0.161009 0.079034 -1.4416 -0.496359 0.211684 -0.841913
-0.161337 0.078975 -1.44135 -0.640909 0.336633 -0.689865
-0.161203 0.079116 -1.44143 -0.668077 0.245798 -0.702323
-0.160027 0.079836 -1.44185 -0.531638 0.399503 -0.746832
-0.160759 0.079509 -1.44165 -0.479394 0.324506 -0.8154
-0.161125 0.079416 -1.44145 -0.640945 0.326006 -0.694918
-0.160966 0.079673 -1.44136 -0.566752 0.503018 -0.652507
-0.161398 0.079355 -1.44111 -0.659516 0.280586 -0.69736
-0.160356 0.079672 -1.44175 -0.394669 0.396075 -0.829073
-0.16073 0.079956 -1.44139 -0.547245 0.464743 -0.696087
-0.160405 0.080126 -1.44151 -0.45535 0.483352 -0.747682
-0.160092 0.080223 -1.4416 -0.486599 0.407649 -0.772686
-0.16133 0.080429 -1.44055 -0.40934 0.519803 -0.74983
-0.161978 0.076221 -1.44075 0.0665558 -0.454488 -0.888263
-0.161963 0.076598 -1.44103 -0.0545461 -0.665015 -0.744835
-0.162515 0.076774 -1.4411 -0.10525 -0.482052 -0.869798
-0.162643 0.07695 -1.44116 -0.0892034 -0.305253 -0.948084
-0.163106 0.076617 -1.44091 -0.345157 -0.348001 -0.871643
-0.163673 0.076579 -1.44054 -0.536121 -0.271543 -0.799274
-0.163883 0.076318 -1.44025 -0.5547 -0.32141 -0.767466
-0.163789 0.07677 -1.44049 -0.538306 -0.000665323 -0.842749
-0.163816 0.07701 -1.44043 -0.583619 0.290977 -0.758104
-0.163258 0.076868 -1.44089 -0.552922 -0.0331533 -0.832573
-0.163577 0.077139 -1.44063 -0.642809 0.234983 -0.729095
-0.163687 0.077202 -1.44048 -0.674526 0.400037 -0.620472
-0.163324 0.077314 -1.44077 -0.674569 0.158437 -0.721009
-0.163496 0.077443 -1.44053 -0.703311 0.35567 -0.61551
-0.163786 0.077343 -1.44028 -0.53108 0.325801 -0.782182
-0.163648 0.077354 -1.4404 -0.660791 0.390652 -0.640895
-0.163642 0.077675 -1.44027 -0.469023 0.597931 -0.649997
-0.163734 0.077755 -1.44 -0.432488 0.773765 -0.462862
-0.16246 0.077552 -1.44129 -0.549017 0.285485 -0.785544
-0.162559 0.077793 -1.44108 -0.405762 0.366835 -0.837132
-0.161855 0.078296 -1.44139 -0.544035 0.423217 -0.724509
-0.162237 0.078314 -1.44102 -0.529098 0.341105 -0.776983
-0.162523 0.078222 -1.44092 -0.219967 0.273141 -0.936487
-0.162677 0.077192 -1.44122 -0.371929 -0.0892649 -0.923959
-0.16279 0.07745 -1.44112 -0.444771 0.225633 -0.866758
-0.163201 0.077614 -1.44086 -0.729003 0.0183958 -0.684263
-0.163049 0.077495 -1.44097 -0.510755 0.0667596 -0.857131
-0.16294 0.077726 -1.44099 -0.24556 0.175631 -0.953339
-0.16312 0.077801 -1.44094 -0.470166 0.0556105 -0.880824
-0.163361 0.077794 -1.4406 -0.879937 0.0874914 -0.466965
-0.162809 0.078332 -1.44094 -0.053384 0.21889 -0.974288
-0.163114 0.078245 -1.44091 -0.456831 0.173995 -0.872371
-0.163083 0.078528 -1.44083 -0.471005 0.522241 -0.710928
-0.163574 0.077973 -1.43999 -0.847059 0.0820968 -0.52512
-0.163505 0.077746 -1.44031 -0.714638 0.498027 -0.491184
-0.163791 0.07765 -1.44024 -0.522913 0.536842 -0.66209
-0.163808 0.077693 -1.4401 -0.445264 0.820756 -0.35791
-0.163483 0.078213 -1.44039 -0.83416 0.201655 -0.513335
-0.163679 0.077842 -1.43994 -0.557969 0.492951 -0.667585
-0.16385 0.078082 -1.43975 -0.480157 0.141138 -0.865753
-0.163629 0.078257 -1.43999 0.201484 -0.955631 0.214881
-0.163831 0.078339 -1.4398 0.0362745 -0.999117 -0.0211973
-0.163381 0.078272 -1.44062 -0.82838 0.286945 -0.481091
-0.163954 0.076658 -1.44038 -0.5671 -0.236206 -0.789053
-0.163959 0.076792 -1.4404 -0.523586 -0.0712078 -0.848992
-0.164121 0.07671 -1.44025 -0.574662 -0.343503 -0.742812
-0.164274 0.076758 -1.44017 -0.582065 -0.302701 -0.7547
-0.164198 0.076866 -1.44026 -0.558834 -0.140483 -0.817294
-0.164407 0.076934 -1.4401 -0.685389 0.124695 -0.717422
-0.163953 0.076938 -1.44039 -0.432096 0.239979 -0.869312
-0.164149 0.076985 -1.44028 -0.467383 0.231657 -0.853164
-0.163979 0.077125 -1.44027 -0.40114 0.399855 -0.824138
-0.164114 0.077455 -1.44008 -0.599131 0.427781 -0.67679
-0.163939 0.077569 -1.44009 -0.537598 0.564508 -0.626354
-0.164055 0.077719 -1.43985 0.264557 0.594654 -0.759208
-0.163967 0.077644 -1.43998 -0.415558 0.750325 -0.514124
-0.164137 0.077893 -1.43973 0.840149 -0.0204139 0.541972
-0.164243 0.078133 -1.43964 -0.119118 -0.0438907 -0.99191
-0.161645 0.078693 -1.44125 -0.487378 0.44043 -0.753979
-0.162555 0.078757 -1.44075 -0.212583 0.404358 -0.889552
-0.161882 0.07857 -1.4412 -0.466341 0.387565 -0.795186
-0.162254 0.078896 -1.44086 -0.449269 0.34112 -0.825709
-0.161532 0.079156 -1.44108 -0.503888 0.358085 -0.786048
-0.16178 0.079349 -1.44088 -0.464668 0.373389 -0.80291
-0.162543 0.079037 -1.44063 -0.282869 0.342034 -0.896101
-0.162218 0.079311 -1.44063 -0.367153 0.406437 -0.836665
-0.162905 0.078848 -1.4406 -0.507064 0.461439 -0.727983
-0.162819 0.079358 -1.4405 -0.55835 0.37957 -0.73768
-0.16256 0.07953 -1.44047 -0.174391 0.414101 -0.893369
-0.16165 0.079764 -1.44074 -0.470336 0.405561 -0.783776
-0.161293 0.079674 -1.44105 -0.588584 0.435587 -0.681052
-0.161352 0.080007 -1.44078 -0.501869 0.456134 -0.734894
-0.162236 0.07999 -1.44033 -0.323528 0.337711 -0.883901
-0.162012 0.080148 -1.44038 -0.329893 0.337832 -0.881499
-0.162388 0.080115 -1.44026 -0.499067 0.349064 -0.79315
-0.162374 0.080226 -1.44026 -0.689519 0.318539 -0.650459
-0.161989 0.080562 -1.44016 -0.204929 0.544965 -0.813029
-0.162254 0.080441 -1.44019 -0.563627 0.515734 -0.645246
-0.162531 0.079822 -1.4403 -0.183756 0.375504 -0.908422
-0.16266 0.079873 -1.44027 0.343481 0.184011 -0.920956
-0.162224 0.081015 -1.4398 -0.357962 0.534897 -0.765342
-0.167051 0.073698 -1.43665 0.117628 -0.834837 -0.537782
-0.167398 0.073622 -1.43652 0.183569 -0.913927 -0.361993
-0.167325 0.073864 -1.43691 0.200326 -0.742313 -0.639407
-0.167064 0.073928 -1.43691 0.157301 -0.819893 -0.550483
-0.167617 0.07371 -1.43691 0.313328 -0.672828 -0.67017
-0.167768 0.073704 -1.43699 0.140072 -0.524707 -0.83968
-0.16782 0.073632 -1.43692 0.17969 -0.860451 -0.476797
-0.167577 0.073922 -1.43702 0.0599179 -0.611915 -0.788651
-0.167337 0.073733 -1.43673 0.201897 -0.849362 -0.48767
-0.167732 0.073959 -1.43704 0.0457625 -0.523561 -0.850758
-0.166847 0.074164 -1.43739 -0.0214325 -0.915678 -0.401342
-0.167232 0.074109 -1.43722 -0.0740854 -0.793934 -0.603473
-0.166968 0.074243 -1.43752 -0.209987 -0.832611 -0.512508
-0.16722 0.074371 -1.43756 -0.342013 -0.725957 -0.596669
-0.167438 0.074425 -1.43753 -0.180706 -0.595903 -0.782461
-0.167721 0.0745 -1.43754 -0.203278 -0.237762 -0.949814
-0.167966 0.074269 -1.43738 -0.35196 -0.396579 -0.84785
-0.168125 0.073755 -1.43699 -0.158901 -0.439937 -0.883859
-0.168058 0.073632 -1.43691 -0.118315 -0.785266 -0.607749
-0.168398 0.073916 -1.43699 -0.437773 -0.36659 -0.820955
-0.168149 0.073988 -1.43706 -0.0311104 -0.541479 -0.840139
-0.166551 0.075134 -1.43862 -0.118947 -0.79564 -0.593977
-0.166463 0.075059 -1.43856 -0.195883 -0.591486 -0.782159
-0.166776 0.07459 -1.43818 -0.155432 -0.746598 -0.646864
-0.166682 0.074935 -1.43849 -0.168094 -0.499446 -0.849881
-0.167 0.074719 -1.43822 -0.427579 -0.653361 -0.624736
-0.166809 0.075012 -1.4385 -0.439812 -0.238416 -0.865866
-0.167325 0.074897 -1.43808 -0.718847 -0.0582804 -0.692721
-0.167406 0.074661 -1.43774 -0.549115 -0.560303 -0.620108
-0.167703 0.07476 -1.43757 -0.693345 0.170762 -0.700081
-0.16751 0.074942 -1.43784 -0.724388 0.27946 -0.630209
-0.167676 0.075017 -1.43763 -0.711932 0.396203 -0.579807
-0.1665 0.075226 -1.43881 -0.376946 -0.686532 -0.62176
-0.168018 0.06747 -1.43024 0.517826 -0.810276 -0.274424
-0.167388 0.067867 -1.43031 0.59407 -0.770241 -0.231967
-0.167048 0.068228 -1.43036 0.754834 -0.640066 -0.143321
-0.166902 0.068577 -1.43076 0.687908 -0.656292 -0.309941
-0.168421 0.067471 -1.43053 0.295288 -0.766888 -0.569814
-0.167246 0.068193 -1.43068 0.492142 -0.695281 -0.523814
-0.167823 0.068382 -1.43109 0.31195 -0.636218 -0.705631
-0.165866 0.06951 -1.43085 0.719673 -0.684783 0.114647
-0.165842 0.069502 -1.43113 0.563728 -0.822582 -0.0746322
-0.164986 0.070041 -1.43175 0.589202 -0.807054 -0.0388019
-0.165595 0.070517 -1.43294 0.159367 -0.725872 -0.669113
-0.165382 0.069737 -1.43135 0.56019 -0.827217 0.0435738
-0.165786 0.06957 -1.43143 0.338121 -0.89682 -0.285286
-0.165082 0.070024 -1.43137 0.687515 -0.673826 0.270706
-0.167297 0.069225 -1.43178 0.189605 -0.690042 -0.698493
-0.166985 0.069793 -1.43221 0.190725 -0.728165 -0.658331
-0.167115 0.068592 -1.43105 0.406066 -0.71252 -0.572212
-0.166392 0.069073 -1.43083 0.643657 -0.757797 -0.107004
-0.166356 0.06917 -1.43113 0.52758 -0.776814 -0.34383
-0.166429 0.069306 -1.4314 0.372461 -0.784616 -0.495632
-0.168202 0.06912 -1.43184 0.163939 -0.589223 -0.791164
-0.166807 0.070328 -1.43292 0.032646 -0.738341 -0.673637
-0.166272 0.069621 -1.43176 0.194815 -0.819208 -0.539394
-0.167585 0.069991 -1.43251 -0.0255594 -0.646382 -0.762585
-0.167909 0.067438 -1.42951 0.704073 -0.704188 0.0916544
-0.168549 0.066988 -1.42978 0.398799 -0.849513 -0.345379
-0.168278 0.067141 -1.42967 0.602234 -0.780193 -0.169153
-0.167857 0.067511 -1.42999 0.57925 -0.799058 -0.161168
-0.167704 0.067633 -1.42992 0.687998 -0.725526 0.0164678
-0.168071 0.067701 -1.42852 0.759678 -0.552242 0.343394
-0.167721 0.067911 -1.42902 0.783259 -0.534282 0.317881
-0.167893 0.068128 -1.42841 0.811296 -0.492794 0.314566
-0.167167 0.068114 -1.4301 0.749628 -0.633506 0.191647
-0.167522 0.068143 -1.42922 0.791482 -0.552959 0.26037
-0.167201 0.068348 -1.42969 0.736853 -0.552213 0.390012
-0.166874 0.068634 -1.42985 0.745842 -0.544326 0.383965
-0.166727 0.068697 -1.43025 0.779079 -0.625376 0.0440622
-0.167057 0.068553 -1.42962 0.767565 -0.546748 0.334531
-0.166863 0.06893 -1.42956 0.766409 -0.512362 0.38743
-0.16716 0.068782 -1.429 0.796836 -0.486465 0.358337
-0.167452 0.06804 -1.42962 0.75488 -0.560569 0.340468
-0.167433 0.068419 -1.42891 0.786747 -0.515051 0.340224
-0.167546 0.068604 -1.42851 0.790395 -0.49293 0.363725
-0.167227 0.06906 -1.42859 0.775061 -0.509049 0.374367
-0.168112 0.067962 -1.42807 0.778552 -0.524442 0.344699
-0.168499 0.067577 -1.42794 0.698585 -0.616234 0.36364
-0.167978 0.068716 -1.4274 0.801848 -0.463021 0.377692
-0.168316 0.068658 -1.42659 0.80548 -0.464648 0.367837
-0.167756 0.068477 -1.42806 0.801438 -0.505114 0.320245
-0.167042 0.069289 -1.42861 0.777104 -0.513666 0.36367
-0.167432 0.06915 -1.42796 0.790892 -0.488274 0.368888
-0.167707 0.069587 -1.42687 0.80413 -0.504016 0.315186
-0.168143 0.06925 -1.42627 0.815526 -0.492509 0.303897
-0.165689 0.069798 -1.43061 0.737405 -0.606553 0.297199
-0.166082 0.06942 -1.43024 0.759605 -0.575171 0.303609
-0.165617 0.070543 -1.42994 0.763655 -0.479595 0.432226
-0.166634 0.069188 -1.4296 0.732016 -0.551082 0.400576
-0.166903 0.069168 -1.4291 0.776235 -0.513635 0.365564
-0.166429 0.070036 -1.42889 0.762095 -0.514117 0.393567
-0.166525 0.070417 -1.42813 0.771977 -0.535358 0.342701
-0.165829 0.071185 -1.42876 0.797772 -0.468876 0.379098
-0.167403 0.069796 -1.42729 0.739305 -0.549664 0.388969
-0.167134 0.069767 -1.42779 0.772425 -0.526226 0.355594
-0.166745 0.070129 -1.42822 0.762812 -0.552419 0.336082
-0.166861 0.070108 -1.4279 0.769789 -0.564851 0.297266
-0.166923 0.070336 -1.42742 0.76788 -0.538949 0.346258
-0.167172 0.069958 -1.42739 0.719482 -0.577403 0.385942
-0.16675 0.070575 -1.42738 0.796498 -0.51121 0.322887
-0.167212 0.070211 -1.42698 0.744016 -0.579976 0.331765
-0.167148 0.070486 -1.42656 0.759454 -0.573546 0.307042
-0.16335 0.071309 -1.43304 0.505319 -0.854254 -0.122078
-0.163019 0.071525 -1.43333 0.51011 -0.85857 -0.0514359
-0.163296 0.071414 -1.43334 0.297603 -0.877218 -0.376724
-0.162952 0.071695 -1.43365 0.434336 -0.840182 -0.324724
-0.162977 0.071554 -1.43319 0.648156 -0.72817 0.222849
-0.162872 0.071641 -1.43335 0.729178 -0.682535 -0.0494558
-0.162781 0.071765 -1.43336 0.690708 -0.723123 0.00395904
-0.162788 0.071803 -1.4332 0.770079 -0.541599 0.337119
-0.163523 0.071368 -1.43249 0.755538 -0.526162 0.390277
-0.163152 0.071474 -1.43307 0.637398 -0.762394 0.111714
-0.163388 0.071325 -1.4328 0.656452 -0.724091 0.211576
-0.163147 0.071545 -1.43291 0.671102 -0.647134 0.361719
-0.16296 0.071717 -1.43298 0.734862 -0.512335 0.4444
-0.1633 0.072193 -1.43206 0.730643 -0.479665 0.485883
-0.16086 0.073048 -1.43466 0.572263 -0.752987 0.324846
-0.161793 0.072513 -1.43416 0.697976 -0.709737 0.0954055
-0.162005 0.072277 -1.43424 0.537906 -0.829691 -0.149231
-0.162494 0.07246 -1.43535 -0.0202127 -0.969565 -0.243997
-0.162759 0.072267 -1.43467 0.0114199 -0.917468 -0.397646
-0.163227 0.072374 -1.43483 -0.098344 -0.891961 -0.441286
-0.162308 0.072145 -1.43427 0.334235 -0.899139 -0.282554
-0.162163 0.072372 -1.43473 0.290251 -0.929586 -0.227209
-0.161812 0.072632 -1.43378 0.727561 -0.587908 0.353581
-0.162033 0.072233 -1.43387 0.663888 -0.732495 0.150675
-0.162667 0.07185 -1.43366 0.564093 -0.812022 -0.149727
-0.162332 0.072044 -1.43397 0.459173 -0.886317 -0.0600156
-0.162809 0.071852 -1.43396 0.289723 -0.894083 -0.34158
-0.163269 0.071683 -1.43374 0.0592874 -0.832363 -0.55105
-0.16242 0.072054 -1.43359 0.636288 -0.754868 0.159098
-0.161518 0.072652 -1.43456 0.485758 -0.852661 0.192376
-0.16185 0.072514 -1.43489 0.364425 -0.930721 -0.0308792
-0.161116 0.073184 -1.43406 0.6711 -0.605062 0.428398
-0.16256 0.072583 -1.43274 0.697023 -0.532841 0.479833
-0.163808 0.072195 -1.43129 0.764369 -0.460822 0.450979
-0.163115 0.073255 -1.43113 0.740838 -0.519622 0.425619
-0.161794 0.073686 -1.43258 0.698964 -0.487652 0.523111
-0.162195 0.074068 -1.43176 0.712392 -0.517267 0.47427
-0.16364 0.071144 -1.43302 0.445196 -0.863812 -0.235857
-0.163587 0.071329 -1.4333 0.254191 -0.824351 -0.505799
-0.163918 0.07107 -1.43307 0.244773 -0.833865 -0.494727
-0.164216 0.070848 -1.4328 0.223432 -0.833924 -0.504628
-0.164134 0.07173 -1.43386 0.0237562 -0.732784 -0.680046
-0.163909 0.071498 -1.43357 0.109058 -0.766848 -0.632495
-0.164902 0.070953 -1.43317 0.223736 -0.75171 -0.620383
-0.164671 0.071434 -1.43363 0.107816 -0.711542 -0.694322
-0.16534 0.071839 -1.43406 0.0947213 -0.648929 -0.75493
-0.166845 0.070892 -1.43345 -0.0274285 -0.59932 -0.80004
-0.16723 0.071027 -1.43351 -0.174487 -0.590613 -0.787865
-0.1652 0.071264 -1.43355 0.116069 -0.66834 -0.734745
-0.167232 0.071508 -1.43378 -0.162649 -0.534645 -0.829277
-0.167748 0.071698 -1.43379 -0.295421 -0.457403 -0.838754
-0.166345 0.071479 -1.43387 0.0323513 -0.63756 -0.769721
-0.167259 0.072004 -1.43416 -0.144279 -0.701839 -0.697571
-0.164782 0.070281 -1.43211 0.546773 -0.812802 -0.20098
-0.164358 0.070554 -1.4321 0.537763 -0.842469 -0.0325056
-0.164192 0.070675 -1.4324 0.426449 -0.875705 -0.226455
-0.164726 0.070465 -1.43238 0.353257 -0.833553 -0.424734
-0.163746 0.07102 -1.4327 0.639551 -0.768287 -0.0266247
-0.16398 0.07088 -1.43272 0.431451 -0.854697 -0.288693
-0.163871 0.070899 -1.43238 0.663964 -0.74512 0.0628373
-0.165328 0.069868 -1.43189 0.365244 -0.855301 -0.367501
-0.164311 0.070679 -1.43178 0.711676 -0.640909 0.287668
-0.163799 0.071041 -1.43228 0.802229 -0.51131 0.308205
-0.163911 0.071998 -1.43418 -0.0879324 -0.792316 -0.603741
-0.164464 0.072433 -1.43463 -0.0699558 -0.891592 -0.447404
-0.163882 0.072512 -1.43494 -0.0691524 -0.865798 -0.495592
-0.164689 0.072272 -1.43434 0.0225442 -0.742846 -0.669083
-0.163789 0.072708 -1.4353 -0.0213344 -0.953142 -0.301769
-0.164531 0.072692 -1.43553 -0.0655902 -0.966469 -0.248265
-0.164287 0.072597 -1.43512 0.00120777 -0.945626 -0.325253
-0.1652 0.072642 -1.43514 -0.0963825 -0.926977 -0.362525
-0.166375 0.072975 -1.43537 -0.139878 -0.851723 -0.504976
-0.166927 0.072797 -1.43514 -0.00624838 -0.332045 -0.943243
-0.165569 0.072275 -1.43449 0.0785964 -0.737739 -0.670495
-0.165397 0.072121 -1.43431 0.112227 -0.675037 -0.729199
-0.166025 0.072363 -1.4346 -0.0388242 -0.687826 -0.724836
-0.16548 0.072504 -1.43481 -0.0333371 -0.834339 -0.550243
-0.167447 0.072391 -1.43464 -0.0341851 -0.795812 -0.604578
-0.167106 0.072313 -1.43449 0.0406359 -0.782719 -0.621048
-0.167304 0.072508 -1.43474 0.0408 -0.792535 -0.60846
-0.166571 0.072508 -1.43465 -0.0047455 -0.761805 -0.647789
-0.167255 0.072739 -1.43517 -0.0133309 -0.732541 -0.680592
-0.166658 0.072915 -1.43527 -0.0481504 -0.748364 -0.661538
-0.167055 0.073295 -1.43568 -0.137371 -0.824368 -0.549132
-0.162069 0.074515 -1.43138 0.719735 -0.558546 0.412321
-0.162831 0.074229 -1.43044 0.743583 -0.550587 0.379393
-0.163021 0.074145 -1.43011 0.758088 -0.519811 0.393827
-0.162744 0.074484 -1.43021 0.744215 -0.534777 0.400196
-0.162796 0.074979 -1.42952 0.729121 -0.55956 0.394051
-0.16376 0.07414 -1.4288 0.735831 -0.517397 0.436868
-0.163633 0.074567 -1.42853 0.74064 -0.534277 0.407432
-0.163659 0.075126 -1.42784 0.728823 -0.54741 0.41129
-0.162821 0.076224 -1.42766 0.726747 -0.559661 0.398268
-0.164805 0.071076 -1.43061 0.74496 -0.489014 0.453762
-0.164858 0.072289 -1.42925 0.752449 -0.512627 0.413563
-0.166297 0.071359 -1.42752 0.816766 -0.464169 0.342697
-0.164582 0.073125 -1.42865 0.750934 -0.510961 0.418351
-0.165009 0.073306 -1.42764 0.746672 -0.517623 0.417788
-0.164633 0.073551 -1.42809 0.748142 -0.537921 0.388489
-0.163875 0.073041 -1.43005 0.747708 -0.523779 0.408153
-0.163843 0.073428 -1.42958 0.737057 -0.540198 0.406119
-0.164227 0.074527 -1.42748 0.761782 -0.500839 0.410911
-0.164654 0.073752 -1.42762 0.740357 -0.554032 0.380684
-0.16912 0.06778 -1.43119 0.205826 -0.708049 -0.675501
-0.169502 0.067457 -1.43083 0.0371823 -0.785378 -0.617899
-0.17037 0.067607 -1.43094 0.0318588 -0.729204 -0.683555
-0.170167 0.067916 -1.43121 -0.0384297 -0.585119 -0.810036
-0.168933 0.068337 -1.43163 0.188876 -0.557782 -0.808211
-0.169425 0.067913 -1.43135 -0.0595446 -0.622652 -0.78023
-0.16992 0.068291 -1.43146 -0.166013 -0.447039 -0.878974
-0.169357 0.068372 -1.43166 -0.127962 -0.447178 -0.885244
-0.170146 0.069085 -1.43173 -0.191711 -0.358895 -0.913478
-0.170972 0.06757 -1.43099 -0.0521453 -0.718158 -0.693923
-0.170899 0.067874 -1.4312 -0.0533113 -0.474453 -0.878665
-0.171297 0.067553 -1.43088 -0.194476 -0.74473 -0.638402
-0.170669 0.068349 -1.43141 -0.099866 -0.367577 -0.924615
-0.171282 0.067961 -1.43119 -0.258814 -0.431424 -0.864228
-0.171202 0.06914 -1.43157 -0.250217 -0.305377 -0.918769
-0.171748 0.068212 -1.43107 -0.470977 -0.273691 -0.838614
-0.168977 0.068828 -1.43188 0.0800342 -0.412082 -0.907625
-0.168697 0.069409 -1.43209 0.0689772 -0.446259 -0.892241
-0.169316 0.069946 -1.43231 -0.136465 -0.369452 -0.919175
-0.168342 0.069726 -1.43227 -0.0606758 -0.466278 -0.882555
-0.167835 0.070255 -1.43266 -0.211494 -0.563898 -0.798304
-0.168961 0.070749 -1.43262 -0.13201 -0.499992 -0.85591
-0.169532 0.070632 -1.43253 -0.130194 -0.384696 -0.913815
-0.170125 0.070048 -1.43215 -0.26536 -0.336251 -0.903614
-0.171642 0.069323 -1.43147 -0.454562 -0.321343 -0.83073
-0.171685 0.069758 -1.43163 -0.387563 -0.257614 -0.885116
-0.171227 0.070323 -1.4319 -0.287634 -0.322384 -0.901851
-0.17051 0.070701 -1.43222 -0.273025 -0.384379 -0.881878
-0.172028 0.070747 -1.43182 -0.306083 -0.618596 -0.723638
-0.171632 0.070959 -1.43211 -0.154895 -0.564829 -0.81054
-0.171859 0.071081 -1.43219 -0.0145368 -0.772396 -0.634975
-0.172094 0.071122 -1.43224 -0.236902 -0.787281 -0.569268
-0.172457 0.071171 -1.43208 -0.376937 -0.608791 -0.698063
-0.170479 0.06721 -1.43044 -0.039199 -0.825976 -0.56234
-0.171545 0.067272 -1.43035 -0.0375821 -0.874166 -0.484171
-0.173195 0.06807 -1.42967 -0.686915 -0.561736 -0.461086
-0.172722 0.067479 -1.4297 -0.688542 -0.590173 -0.421431
-0.17215 0.06775 -1.43064 -0.528169 -0.503509 -0.683752
-0.172516 0.068624 -1.43066 -0.557301 -0.265761 -0.78663
-0.172679 0.069559 -1.4309 -0.481176 -0.32701 -0.813347
-0.172183 0.069119 -1.43101 -0.545114 -0.266106 -0.795008
-0.173018 0.067965 -1.42827 -0.815903 -0.345783 0.463396
-0.172712 0.068396 -1.42755 -0.819555 -0.20823 0.533826
-0.173166 0.068909 -1.42804 -0.744133 -0.2393 0.623699
-0.172513 0.070175 -1.43117 -0.402074 -0.390059 -0.828366
-0.171872 0.069809 -1.43154 -0.556944 -0.272849 -0.784453
-0.171948 0.070214 -1.43158 -0.501889 -0.298514 -0.811786
-0.172547 0.070523 -1.43135 -0.377715 -0.519922 -0.766167
-0.173516 0.068633 -1.4299 -0.524702 -0.593482 -0.610301
-0.17342 0.068214 -1.42939 -0.740922 -0.639795 -0.204201
-0.173484 0.068309 -1.42891 -0.809065 -0.564522 0.163489
-0.173895 0.06871 -1.42957 -0.774247 -0.588103 -0.23383
-0.173969 0.068826 -1.42925 -0.842221 -0.539118 0.00380303
-0.172932 0.068404 -1.43023 -0.582971 -0.377052 -0.719706
-0.173156 0.069236 -1.4304 -0.463471 -0.367087 -0.8065
-0.173674 0.068637 -1.42973 -0.572373 -0.687628 -0.446717
-0.17378 0.06879 -1.4298 -0.728988 -0.540681 -0.419809
-0.173459 0.069006 -1.43017 -0.411946 -0.389661 -0.82369
-0.173747 0.068878 -1.43001 -0.66626 -0.404726 -0.626334
-0.173808 0.068695 -1.42969 -0.688039 -0.53338 -0.492045
-0.173671 0.069365 -1.43019 -0.562644 -0.27588 -0.779309
-0.173864 0.068973 -1.42984 -0.8234 -0.479076 -0.304135
-0.173866 0.069052 -1.4299 -0.750145 -0.315178 -0.581331
-0.173891 0.068992 -1.4297 -0.854866 -0.432741 -0.286252
-0.173994 0.069123 -1.42981 -0.776314 -0.467223 -0.423131
-0.174001 0.069222 -1.42987 -0.72942 -0.23899 -0.640961
-0.17407 0.069266 -1.42975 -0.891861 -0.211062 -0.400046
-0.17415 0.069347 -1.42951 -0.88987 -0.333108 -0.31172
-0.173851 0.069253 -1.42998 -0.645554 -0.286755 -0.707836
-0.17397 0.069411 -1.42993 -0.767462 -0.216974 -0.603261
-0.174075 0.069554 -1.42984 -0.797135 -0.373569 -0.474366
-0.173646 0.068654 -1.42871 -0.728379 -0.547418 0.412064
-0.173544 0.068942 -1.4284 -0.621497 -0.332751 0.709238
-0.174164 0.069299 -1.42865 -0.651619 -0.467725 0.597181
-0.174138 0.069066 -1.42924 -0.828433 -0.516533 -0.216548
-0.174198 0.069152 -1.4289 -0.792976 -0.595245 0.129893
-0.174366 0.069481 -1.42923 -0.795054 -0.518814 -0.314199
-0.174676 0.069812 -1.42918 -0.785223 -0.581422 -0.213009
-0.174518 0.069674 -1.42882 -0.787645 -0.472892 0.394954
-0.173473 0.069832 -1.42801 -0.643422 -0.248044 0.724211
-0.174419 0.069889 -1.42859 -0.608907 -0.294231 0.736655
-0.173466 0.069945 -1.43062 -0.468953 -0.448767 -0.760717
-0.172996 0.070221 -1.431 -0.325381 -0.477912 -0.815921
-0.173978 0.069907 -1.43023 -0.633881 -0.4936 -0.595444
-0.174137 0.070173 -1.43032 -0.350438 -0.858447 -0.374515
-0.174481 0.070134 -1.42982 -0.728598 -0.564765 -0.387539
-0.174424 0.07023 -1.4301 -0.544123 -0.805178 -0.235837
-0.174659 0.070307 -1.43025 -0.767814 -0.604669 0.211748
-0.174648 0.070234 -1.43042 -0.572873 -0.78874 -0.222949
-0.174572 0.070425 -1.43075 -0.38426 -0.535329 -0.752175
-0.174037 0.070493 -1.43068 -0.192701 -0.673424 -0.713699
-0.174549 0.070679 -1.43083 -0.529826 -0.491704 -0.691022
-0.174616 0.070364 -1.43003 -0.77552 -0.621833 0.109055
-0.174686 0.07056 -1.42997 -0.901448 -0.336661 -0.272122
-0.174654 0.070594 -1.4302 -0.877345 0.192164 0.439703
-0.174601 0.070692 -1.4303 -0.855551 0.443418 0.267231
-0.174632 0.070816 -1.43033 -0.830976 -0.556264 0.00696986
-0.174639 0.070714 -1.43015 -0.893698 -0.258109 -0.366992
-0.173045 0.070606 -1.43126 -0.225077 -0.635681 -0.738411
-0.173422 0.070551 -1.43112 -0.327747 -0.631475 -0.702725
-0.173293 0.071073 -1.43169 -0.268184 -0.628951 -0.729725
-0.172463 0.070872 -1.4317 -0.262496 -0.706448 -0.657288
-0.172932 0.071133 -1.4319 -0.292164 -0.654238 -0.697576
-0.173077 0.071282 -1.43191 -0.589347 -0.408442 -0.697026
-0.173236 0.071322 -1.43185 -0.210699 -0.416063 -0.884589
-0.173754 0.070854 -1.43123 -0.253637 -0.766083 -0.59058
-0.174157 0.071045 -1.4313 -0.263217 -0.663317 -0.700519
-0.173963 0.07082 -1.43104 -0.249685 -0.742052 -0.622106
-0.174499 0.070929 -1.43113 -0.176721 -0.682266 -0.709424
-0.173586 0.071105 -1.43179 0.608582 -0.723592 -0.32564
-0.173656 0.071095 -1.43186 -0.126629 -0.320194 -0.938851
-0.173669 0.071072 -1.43179 -0.27314 -0.959904 0.0630712
-0.173701 0.071114 -1.43181 -0.952171 -0.0172563 -0.305079
-0.173548 0.071138 -1.43166 0.0674542 -0.901527 -0.427434
-0.173608 0.071304 -1.43202 0.104849 -0.78537 -0.610083
-0.173658 0.071158 -1.43182 -0.333207 0.398068 -0.854702
-0.173651 0.071251 -1.43181 -0.329962 -0.679339 -0.655457
-0.17368 0.071149 -1.43167 -0.511494 -0.839333 -0.184103
-0.173789 0.071272 -1.43178 -0.672314 -0.465291 -0.575759
-0.173813 0.071169 -1.4317 -0.411975 -0.580403 -0.702431
-0.173522 0.071257 -1.4318 0.267256 -0.583773 -0.76667
-0.173757 0.071363 -1.43193 -0.727838 -0.499352 -0.469999
-0.173805 0.071415 -1.43178 -0.866895 0.0506223 -0.495913
-0.174194 0.071234 -1.43148 -0.330251 -0.6244 -0.707855
-0.174082 0.071364 -1.4316 -0.403061 -0.198205 -0.893452
-0.174259 0.071408 -1.43157 -0.422551 0.0206024 -0.906105
-0.174077 0.071537 -1.43159 -0.429846 0.430757 -0.793524
-0.174378 0.071302 -1.43147 -0.353494 -0.433394 -0.828982
-0.174381 0.071452 -1.43146 -0.592549 0.535572 -0.601705
-0.174255 0.07149 -1.4313 -0.535611 0.824797 -0.181193
-0.174398 0.071446 -1.43134 -0.553841 0.832617 -0.00307826
-0.174233 0.071567 -1.43147 -0.508108 0.830108 -0.229669
-0.174144 0.071599 -1.43132 -0.727586 0.635636 -0.258042
-0.174341 0.071517 -1.43119 -0.502697 0.618854 -0.603585
-0.174417 0.071434 -1.43117 -0.54991 0.662672 -0.508394
-0.174245 0.07159 -1.4312 -0.595952 0.353962 -0.720799
-0.174388 0.071616 -1.43114 -0.492804 0.273445 -0.826058
-0.17467 0.070458 -1.43021 -0.946953 -0.198402 0.252819
-0.174785 0.070617 -1.43025 -0.67136 0.674471 0.307187
-0.174805 0.070592 -1.43027 -0.826639 -0.163616 0.538421
-0.174719 0.070679 -1.43042 -0.842778 0.528812 0.100417
-0.174759 0.070555 -1.43039 -0.998695 -0.0412083 -0.0301731
-0.174765 0.070539 -1.43052 -0.965572 0.01502 -0.259703
-0.174677 0.070791 -1.43049 -0.896758 -0.419036 0.142249
-0.174858 0.070935 -1.43009 -0.570204 -0.608064 -0.552382
-0.174742 0.070897 -1.4302 -0.654626 -0.745096 -0.127655
-0.174449 0.071101 -1.43126 -0.34277 -0.357653 -0.868673
-0.174478 0.071233 -1.43128 -0.719712 -0.290791 -0.63044
-0.174395 0.071249 -1.43139 -0.446057 -0.77137 -0.453895
-0.174548 0.071336 -1.43145 -0.828872 0.0563902 -0.55659
-0.174498 0.071365 -1.43131 -0.811161 0.581958 -0.0578184
-0.174527 0.071353 -1.43136 -0.991721 0.0573045 0.114918
-0.174833 0.070929 -1.43098 -0.602408 -0.606862 -0.518481
-0.174987 0.071033 -1.43073 -0.857367 -0.473961 -0.200704
-0.174839 0.071186 -1.43107 -0.699252 0.0204822 -0.714582
-0.174987 0.071299 -1.43079 -0.872694 0.205686 -0.44283
-0.175045 0.071124 -1.43047 -0.911645 -0.410904 0.00778598
-0.174734 0.070887 -1.43035 -0.473823 -0.858873 0.194497
-0.17487 0.07102 -1.43027 -0.77008 -0.613334 0.175494
-0.17486 0.070927 -1.43038 -0.614718 -0.755716 0.225865
-0.174866 0.071068 -1.43015 -0.600276 -0.603328 -0.525037
-0.175094 0.071215 -1.43022 -0.803855 -0.475135 -0.357861
-0.17512 0.071452 -1.43031 -0.884208 -0.0451217 -0.46491
-0.174643 0.071465 -1.43105 -0.591868 0.417543 -0.689456
-0.174658 0.07176 -1.43086 -0.66303 0.366196 -0.65291
-0.173775 0.070492 -1.42807 -0.57696 -0.2661 0.77221
-0.174626 0.070869 -1.42849 -0.477428 -0.328978 0.814761
-0.175063 0.071013 -1.42861 -0.343479 -0.49487 0.798202
-0.174301 0.071887 -1.42781 -0.547823 -0.339481 0.764619
-0.174698 0.071623 -1.42818 -0.357441 -0.363009 0.8605
-0.174939 0.070251 -1.42933 -0.715232 -0.591588 -0.372111
-0.175084 0.070724 -1.42977 -0.6258 -0.595758 -0.503435
-0.175159 0.070594 -1.42948 -0.732082 -0.596862 -0.328348
-0.17502 0.07033 -1.4291 -0.800965 -0.55915 0.214022
-0.175341 0.070681 -1.42926 -0.779032 -0.616483 -0.114272
-0.175013 0.070569 -1.42885 -0.602578 -0.458224 0.6534
-0.175338 0.070834 -1.42901 -0.734172 -0.57132 0.366858
-0.175174 0.070974 -1.43009 -0.385045 -0.552878 -0.738963
-0.175227 0.070941 -1.42988 -0.721454 -0.557318 -0.410975
-0.175547 0.070979 -1.42937 -0.796881 -0.594331 -0.108404
-0.175594 0.071054 -1.42913 -0.797074 -0.550711 0.247769
-0.175402 0.07113 -1.42972 -0.722423 -0.54241 -0.428832
-0.175413 0.071158 -1.42873 -0.609619 -0.542578 0.577905
-0.175619 0.071258 -1.42892 -0.817778 -0.439988 0.371012
-0.175689 0.07137 -1.42896 -0.926548 -0.244201 0.286139
-0.175598 0.071436 -1.42874 -0.847582 -0.266365 0.458971
-0.17518 0.071456 -1.42832 -0.312791 -0.437225 0.843206
-0.175413 0.071503 -1.42841 -0.619268 -0.378162 0.688114
-0.175487 0.071353 -1.42987 -0.791462 -0.162972 -0.589091
-0.175339 0.071563 -1.43005 -0.783593 0.224036 -0.579474
-0.175687 0.07122 -1.42947 -0.908643 -0.340088 -0.242299
-0.175718 0.071292 -1.42929 -0.962659 -0.268282 0.0362203
-0.175718 0.071372 -1.42953 -0.924096 -0.183098 -0.335443
-0.175702 0.071491 -1.42936 -0.993158 0.0951735 -0.0676714
-0.175667 0.0716 -1.42959 -0.874918 0.321384 -0.362258
-0.175569 0.071684 -1.42963 -0.749711 0.451376 -0.483934
-0.174996 0.071697 -1.43043 -0.804437 0.296375 -0.514823
-0.175188 0.072197 -1.42972 -0.786565 0.436581 -0.436707
-0.17573 0.071628 -1.42905 -0.997499 0.0447861 0.0546776
-0.17568 0.071699 -1.42878 -0.94319 -0.0894913 0.319976
-0.175672 0.07189 -1.42906 -0.978404 0.195262 -0.0678096
-0.175423 0.072018 -1.4283 -0.6409 -0.190931 0.7435
-0.175653 0.071746 -1.4293 -0.883751 0.382356 -0.269793
-0.175654 0.072042 -1.42858 -0.960405 -0.00544333 0.278553
-0.175584 0.072347 -1.42843 -0.898583 0.151522 0.411814
-0.175623 0.072263 -1.42876 -0.93318 0.329753 -0.142965
-0.17549 0.072597 -1.42848 -0.916552 0.3458 0.200887
-0.167817 0.071967 -1.43387 -0.31116 -0.377936 -0.871977
-0.16755 0.071988 -1.434 -0.451873 -0.502439 -0.737133
-0.167714 0.072086 -1.43393 -0.310832 -0.432721 -0.846249
-0.167543 0.072107 -1.4342 -0.566549 -0.627927 -0.533601
-0.167673 0.072209 -1.43405 -0.440434 -0.703447 -0.557836
-0.168063 0.072239 -1.434 -0.119458 -0.787155 -0.605076
-0.168537 0.070833 -1.43277 -0.264073 -0.592156 -0.761326
-0.16901 0.071047 -1.43286 -0.0417976 -0.715555 -0.697305
-0.167948 0.071001 -1.43324 -0.322715 -0.581665 -0.746674
-0.169438 0.070875 -1.43267 -0.198621 -0.61242 -0.765174
-0.169046 0.071412 -1.4333 -0.0215753 -0.657018 -0.753566
-0.169315 0.071155 -1.43302 -0.179668 -0.72174 -0.668439
-0.169568 0.071204 -1.4329 -0.358929 -0.661293 -0.658682
-0.169487 0.071618 -1.4334 -0.226998 -0.680302 -0.696894
-0.168438 0.071509 -1.4334 -0.186195 -0.579283 -0.793576
-0.168315 0.071989 -1.43367 -0.191364 -0.581708 -0.790567
-0.16877 0.072172 -1.43379 -0.174334 -0.674742 -0.717169
-0.168465 0.072323 -1.43404 -0.1635 -0.86194 -0.479925
-0.169017 0.071989 -1.43366 0.00371675 -0.501589 -0.865098
-0.169447 0.07197 -1.4337 -0.0523849 -0.487624 -0.871481
-0.169344 0.0722 -1.43378 -0.132657 -0.204214 -0.969896
-0.16961 0.072233 -1.43378 0.0967199 -0.205032 -0.973965
-0.170291 0.071297 -1.43269 -0.238839 -0.703951 -0.668886
-0.170245 0.071058 -1.4325 -0.26345 -0.463985 -0.845761
-0.171702 0.071441 -1.43284 0.0265747 -0.784655 -0.619363
-0.171478 0.07126 -1.43237 0.061229 -0.82155 -0.566839
-0.171804 0.071282 -1.43253 -0.00569409 -0.858999 -0.511946
-0.171287 0.071253 -1.43235 -0.052758 -0.739445 -0.671147
-0.171417 0.071608 -1.43289 0.246629 -0.533155 -0.809271
-0.17113 0.071628 -1.43284 -0.0751924 -0.689431 -0.720438
-0.171844 0.071704 -1.43307 -0.4918 -0.516492 -0.700977
-0.171656 0.071735 -1.43311 0.29139 -0.552703 -0.780776
-0.171775 0.071806 -1.43318 -0.166904 -0.49552 -0.85241
-0.16992 0.072027 -1.43363 -0.129988 -0.602109 -0.787761
-0.170712 0.071782 -1.43318 -0.232695 -0.715825 -0.658367
-0.170927 0.071882 -1.43324 -0.237391 -0.768894 -0.593673
-0.169873 0.07226 -1.43381 0.069499 -0.402051 -0.912976
-0.170246 0.07228 -1.43381 -0.168103 -0.571435 -0.803246
-0.17027 0.072543 -1.4339 -0.143599 -0.22668 -0.963325
-0.170533 0.072236 -1.43369 -0.0990434 -0.611458 -0.785054
-0.170701 0.072244 -1.43371 -0.172082 -0.616133 -0.768614
-0.170654 0.072056 -1.43344 -0.0682893 -0.761966 -0.644007
-0.170726 0.072157 -1.43358 -0.141842 -0.718787 -0.680607
-0.170545 0.072358 -1.43377 -0.227831 -0.358017 -0.905493
-0.170695 0.072386 -1.43375 -0.351778 -0.197598 -0.91499
-0.170653 0.072643 -1.43379 -0.427187 -0.219849 -0.877028
-0.171006 0.072109 -1.43348 -0.421847 -0.523428 -0.740317
-0.171134 0.072008 -1.43325 -0.487599 -0.686222 -0.539765
-0.170877 0.072119 -1.43354 -0.128523 -0.671371 -0.729892
-0.171308 0.072147 -1.43332 -0.160648 -0.774396 -0.611967
-0.171582 0.072276 -1.4334 -0.445126 -0.391292 -0.805452
-0.17097 0.072366 -1.4336 -0.292811 -0.250173 -0.922863
-0.170856 0.072293 -1.43364 -0.39062 -0.266099 -0.881253
-0.171127 0.07233 -1.43353 -0.207843 -0.518858 -0.829209
-0.171099 0.072475 -1.43361 -0.143176 -0.13649 -0.98024
-0.170807 0.072566 -1.43364 -0.500186 -0.0894664 -0.861284
-0.170898 0.072654 -1.43363 -0.305524 -0.123361 -0.944159
-0.170803 0.072691 -1.43369 -0.498555 -0.308956 -0.809931
-0.17123 0.072802 -1.43353 -0.379593 0.186414 -0.906178
-0.171387 0.072389 -1.43356 -0.18554 -0.416466 -0.890017
-0.171408 0.072279 -1.43347 -0.194439 -0.659129 -0.726459
-0.171524 0.072419 -1.43351 -0.527819 -0.230628 -0.817446
-0.171366 0.072512 -1.43359 -0.242921 -0.0273962 -0.969659
-0.171525 0.072565 -1.43349 -0.59959 0.191987 -0.776938
-0.171205 0.071993 -1.43311 -0.329209 -0.745908 -0.579002
-0.171101 0.071838 -1.43305 -0.424209 -0.682267 -0.595448
-0.171256 0.071932 -1.43304 -0.101678 -0.600772 -0.792928
-0.171361 0.071963 -1.43307 0.206759 -0.602138 -0.771155
-0.171341 0.07206 -1.43316 0.0156441 -0.794582 -0.606955
-0.171591 0.072082 -1.43327 0.082415 -0.563811 -0.821782
-0.17184 0.072432 -1.43324 -0.653032 0.0360245 -0.756473
-0.17181 0.072674 -1.43322 -0.62813 0.282797 -0.724899
-0.171514 0.072886 -1.43334 -0.571901 0.330936 -0.750607
-0.167395 0.072885 -1.43527 0.0669686 -0.644862 -0.76136
-0.167703 0.072909 -1.4353 0.0357424 -0.810981 -0.58398
-0.167955 0.072911 -1.43532 -0.153025 -0.898357 -0.41175
-0.167466 0.072304 -1.43449 -0.177996 -0.87833 -0.443683
-0.167843 0.072442 -1.43459 -0.142715 -0.899676 -0.412571
-0.168109 0.072524 -1.43469 -0.270417 -0.769784 -0.578193
-0.167466 0.072216 -1.43435 -0.340429 -0.754987 -0.560448
-0.167606 0.072341 -1.43443 -0.338191 -0.904738 -0.25899
-0.167641 0.072318 -1.43423 -0.480171 -0.771622 -0.417176
-0.16788 0.072363 -1.43432 -0.0660224 -0.939576 -0.335913
-0.168145 0.072404 -1.43446 -0.137593 -0.913603 -0.382619
-0.168524 0.072495 -1.43438 -0.307459 -0.722868 -0.618814
-0.167734 0.072642 -1.43489 -0.0918299 -0.814194 -0.573284
-0.168026 0.072777 -1.43501 -0.261726 -0.795313 -0.546788
-0.168261 0.072868 -1.43498 -0.386756 -0.820375 -0.421194
-0.168206 0.072977 -1.43537 -0.25035 -0.931134 -0.265168
-0.168962 0.072519 -1.43422 -0.557164 -0.649887 -0.516928
-0.168967 0.072821 -1.43446 -0.560002 -0.582898 -0.588751
-0.169185 0.073184 -1.43481 -0.232464 -0.902103 -0.363553
-0.168794 0.073147 -1.43503 -0.378547 -0.871426 -0.311959
-0.168538 0.072948 -1.4348 -0.423102 -0.744846 -0.515935
-0.169138 0.07306 -1.43459 -0.343724 -0.795932 -0.498343
-0.169447 0.073096 -1.43448 -0.170857 -0.886744 -0.429526
-0.167436 0.073126 -1.43545 0.162862 -0.718212 -0.676497
-0.167335 0.073317 -1.43568 0.125989 -0.758281 -0.639638
-0.16778 0.073102 -1.43568 0.424439 -0.742399 -0.518359
-0.1679 0.072978 -1.4355 0.0917399 -0.911143 -0.401749
-0.168153 0.073043 -1.43566 -0.154203 -0.933061 -0.32499
-0.167705 0.073005 -1.43543 0.254287 -0.781642 -0.569538
-0.167623 0.073154 -1.43561 0.357141 -0.735501 -0.57575
-0.167686 0.073344 -1.43582 0.346285 -0.773499 -0.530836
-0.167884 0.073318 -1.43603 0.430255 -0.760741 -0.485957
-0.167966 0.073118 -1.43584 0.198053 -0.84442 -0.497724
-0.168129 0.073129 -1.43587 -0.082201 -0.883431 -0.461294
-0.166852 0.073389 -1.43587 -0.0642932 -0.907556 -0.414979
-0.167142 0.073403 -1.43591 -0.141945 -0.979371 -0.143817
-0.167341 0.073412 -1.43601 0.0430026 -0.981533 -0.186399
-0.167618 0.073487 -1.43621 0.138814 -0.949539 -0.281257
-0.167468 0.073366 -1.4358 0.158011 -0.923991 -0.348242
-0.167995 0.073436 -1.43643 0.165462 -0.931535 -0.323828
-0.167666 0.07342 -1.436 0.26624 -0.907367 -0.325271
-0.167847 0.073398 -1.43615 0.320556 -0.887296 -0.331586
-0.168062 0.073318 -1.43613 0.195413 -0.85298 -0.483983
-0.167294 0.073436 -1.43579 0.0339684 -0.940766 -0.337351
-0.168343 0.073257 -1.43606 -0.0972209 -0.905387 -0.413308
-0.168457 0.073075 -1.43544 -0.402762 -0.885786 -0.230578
-0.168571 0.073198 -1.43573 -0.353344 -0.89273 -0.27961
-0.168582 0.073419 -1.43626 -0.350121 -0.822553 -0.448131
-0.168749 0.073209 -1.43524 -0.39938 -0.880568 -0.255138
-0.169071 0.073358 -1.43539 -0.327504 -0.891987 -0.311609
-0.169376 0.073675 -1.436 -0.502735 -0.769413 -0.394032
-0.169681 0.073167 -1.43451 -0.303411 -0.806106 -0.50807
-0.169934 0.073382 -1.43466 -0.598783 -0.6899 -0.406812
-0.169185 0.073833 -1.43635 -0.608604 -0.304545 -0.732703
-0.169547 0.073917 -1.43606 -0.804521 -0.0375702 -0.592734
-0.169521 0.073568 -1.43547 -0.50201 -0.751508 -0.428044
-0.169801 0.073666 -1.43529 -0.678696 -0.517511 -0.521108
-0.169984 0.073598 -1.435 -0.780741 -0.459289 -0.423671
-0.169652 0.07328 -1.43485 -0.310509 -0.890716 -0.331977
-0.169537 0.073435 -1.43528 -0.336651 -0.795025 -0.50458
-0.169713 0.073389 -1.43508 -0.403171 -0.800471 -0.443508
-0.169852 0.073431 -1.435 -0.584062 -0.7222 -0.370539
-0.169783 0.073523 -1.43519 -0.564749 -0.594939 -0.571931
-0.170113 0.073933 -1.43496 -0.863522 -0.216524 -0.455464
-0.170148 0.073691 -1.43469 -0.790443 -0.441959 -0.424114
-0.168866 0.072421 -1.43418 -0.315547 -0.844623 -0.432484
-0.168894 0.072385 -1.43398 -0.372846 -0.828212 -0.418391
-0.169031 0.072407 -1.43391 -0.384266 -0.576602 -0.72102
-0.169158 0.072663 -1.43401 -0.673665 -0.484143 -0.558374
-0.169451 0.072616 -1.43374 -0.239814 -0.204755 -0.948981
-0.169328 0.072541 -1.4338 -0.53056 -0.2595 -0.806948
-0.169291 0.072705 -1.43391 -0.572319 -0.508004 -0.643726
-0.169437 0.072739 -1.43381 -0.239239 -0.584674 -0.775191
-0.169242 0.072841 -1.43409 -0.49872 -0.712289 -0.493884
-0.169586 0.072654 -1.43377 0.373025 -0.283357 -0.883494
-0.16956 0.072778 -1.43382 0.250313 -0.597231 -0.76201
-0.169714 0.072508 -1.43384 0.368012 -0.161228 -0.915736
-0.16982 0.07262 -1.43393 0.20744 -0.339508 -0.917444
-0.169809 0.072727 -1.43399 0.168204 -0.656992 -0.734894
-0.170075 0.072799 -1.43395 -0.258205 -0.399228 -0.879743
-0.16991 0.073058 -1.43423 -0.539892 -0.606244 -0.58394
-0.169743 0.072945 -1.43425 -0.0937252 -0.790995 -0.604601
-0.169761 0.072848 -1.43415 0.0406333 -0.816097 -0.576484
-0.169538 0.072891 -1.43395 0.00365359 -0.858611 -0.512615
-0.169497 0.072957 -1.43415 0.0158248 -0.887197 -0.461119
-0.170271 0.072856 -1.43394 -0.206778 -0.326155 -0.922424
-0.170303 0.073087 -1.43403 -0.274282 -0.564509 -0.778523
-0.169714 0.073048 -1.43437 -0.00670307 -0.753887 -0.656969
-0.169853 0.073055 -1.43438 -0.413932 -0.66007 -0.626872
-0.169847 0.073192 -1.43446 -0.449998 -0.638387 -0.62447
-0.170116 0.073276 -1.43431 -0.481998 -0.600951 -0.637601
-0.17003 0.073024 -1.43411 -0.388614 -0.53291 -0.751656
-0.170556 0.073313 -1.43413 -0.330319 -0.415539 -0.847477
-0.17021 0.073503 -1.43443 -0.646676 -0.491978 -0.582895
-0.170514 0.073595 -1.43426 -0.592298 -0.215159 -0.77646
-0.171164 0.073059 -1.43357 -0.580404 -0.208702 -0.787131
-0.170592 0.072995 -1.43395 -0.282715 -0.426239 -0.859298
-0.170857 0.073051 -1.4338 -0.53921 -0.373089 -0.755021
-0.171166 0.073264 -1.43368 -0.705927 -0.22937 -0.670116
-0.170795 0.073276 -1.43402 -0.490269 -0.359137 -0.794139
-0.170676 0.073389 -1.4341 -0.464302 -0.14482 -0.873757
-0.170888 0.073449 -1.43401 -0.576966 -0.0638806 -0.814266
-0.170803 0.07372 -1.43402 -0.623155 0.107205 -0.774716
-0.171089 0.073673 -1.4338 -0.680354 0.0916554 -0.72713
-0.171393 0.073139 -1.43336 -0.6998 0.0197093 -0.714067
-0.171553 0.073055 -1.43321 -0.608565 0.250643 -0.752879
-0.171813 0.072973 -1.43309 -0.545507 0.193216 -0.81553
-0.171654 0.073139 -1.43313 -0.426498 0.103534 -0.898543
-0.171595 0.073315 -1.43315 -0.609963 0.0166776 -0.792254
-0.171824 0.073244 -1.43307 -0.419267 0.0624078 -0.905715
-0.171822 0.073475 -1.433 -0.599933 0.232645 -0.765478
-0.171604 0.073574 -1.43317 -0.734129 -0.0125811 -0.678893
-0.171717 0.074067 -1.43299 -0.705812 -0.0102575 -0.708325
-0.17029 0.07377 -1.43452 -0.78502 -0.270348 -0.557365
-0.170428 0.073854 -1.4343 -0.801198 -0.0426989 -0.596874
-0.170392 0.074423 -1.43448 -0.806453 0.302566 -0.508023
-0.170603 0.07416 -1.43415 -0.791126 0.145027 -0.594211
-0.170781 0.07426 -1.43385 -0.668874 0.333506 -0.664365
-0.171113 0.074166 -1.43368 -0.514002 0.345937 -0.784939
-0.170831 0.074393 -1.43369 -0.556211 0.60222 -0.572678
-0.171097 0.074449 -1.43351 -0.265918 0.67638 -0.686875
-0.171686 0.074254 -1.43307 -0.742143 0.129087 -0.657693
-0.17143 0.074153 -1.43338 -0.763464 0.0752263 -0.641454
-0.171336 0.074355 -1.43346 -0.667224 0.359548 -0.652332
-0.171233 0.074451 -1.43347 -0.305284 0.623002 -0.720187
-0.171254 0.074584 -1.43332 -0.385513 0.556011 -0.736363
-0.171398 0.074422 -1.43332 -0.686093 0.349088 -0.63829
-0.170575 0.074527 -1.43396 -0.832009 0.38169 -0.402584
-0.170611 0.074604 -1.43371 -0.797728 0.464917 -0.384034
-0.170705 0.074687 -1.43347 -0.665092 0.326609 -0.671549
-0.170825 0.074585 -1.43345 -0.438143 0.617032 -0.653684
-0.170476 0.074773 -1.43402 -0.829071 0.364736 -0.423804
-0.170486 0.074849 -1.43377 -0.936723 0.148846 -0.316852
-0.170618 0.074934 -1.43353 -0.770037 0.10037 -0.630055
-0.170825 0.074726 -1.43339 -0.478248 0.254595 -0.840512
-0.170833 0.075053 -1.43331 -0.666715 0.227065 -0.709882
-0.171113 0.074573 -1.43334 -0.206965 0.60578 -0.768242
-0.171134 0.074884 -1.43319 -0.447428 0.471143 -0.760153
-0.171155 0.074974 -1.43307 -0.505899 0.552889 -0.662103
-0.171451 0.074703 -1.43313 -0.545487 0.460656 -0.700172
-0.172115 0.071245 -1.43245 -0.350654 -0.749182 -0.561933
-0.171999 0.071449 -1.43272 -0.379607 -0.657759 -0.650578
-0.172352 0.071358 -1.43232 -0.601787 -0.59133 -0.536825
-0.172178 0.071423 -1.43257 -0.564966 -0.516584 -0.643393
-0.172443 0.071481 -1.43231 -0.615231 -0.534941 -0.579076
-0.172585 0.071502 -1.43221 -0.43744 -0.47516 -0.763459
-0.172473 0.071617 -1.43244 -0.60907 -0.513658 -0.604308
-0.172185 0.071907 -1.43285 -0.619759 -0.33675 -0.708871
-0.172587 0.071808 -1.43246 -0.647527 -0.309671 -0.696284
-0.172753 0.071803 -1.43231 -0.548464 -0.368758 -0.75047
-0.172791 0.072055 -1.43231 -0.689241 -0.1996 -0.696495
-0.172563 0.072118 -1.43261 -0.659019 -0.267269 -0.703037
-0.1728 0.072211 -1.43242 -0.761527 -0.298351 -0.575381
-0.171901 0.0721 -1.43319 -0.576835 -0.17058 -0.798852
-0.172171 0.072264 -1.43295 -0.638036 0.00500619 -0.76999
-0.172024 0.072585 -1.43302 -0.683599 0.166818 -0.710538
-0.172466 0.072353 -1.43272 -0.556839 0.0374322 -0.829777
-0.172784 0.072315 -1.43247 -0.755483 -0.317533 -0.573078
-0.172337 0.072626 -1.43273 -0.538029 0.154967 -0.828559
-0.172141 0.07284 -1.43282 -0.592425 0.0948228 -0.800026
-0.172401 0.073242 -1.4327 -0.623746 0.11019 -0.773822
-0.172029 0.073047 -1.43291 -0.623448 -0.069714 -0.77875
-0.172057 0.07322 -1.43295 -0.631844 -0.0914245 -0.769685
-0.171948 0.073327 -1.43299 -0.447408 0.179383 -0.876155
-0.171951 0.073499 -1.43287 -0.425716 0.484526 -0.764199
-0.172086 0.073356 -1.43293 -0.633988 -0.203874 -0.745986
-0.171863 0.073618 -1.43288 -0.702406 0.150241 -0.69574
-0.171952 0.073662 -1.43279 -0.451141 0.161355 -0.877745
-0.172218 0.073534 -1.43277 -0.448909 0.391226 -0.803382
-0.17222 0.073401 -1.43287 -0.500447 0.146099 -0.853351
-0.171957 0.073927 -1.43283 -0.593644 0.00319925 -0.804721
-0.171841 0.074163 -1.43291 -0.677725 0.0962412 -0.72899
-0.171676 0.074676 -1.43293 -0.719322 0.341839 -0.604749
-0.171577 0.074904 -1.43288 -0.623804 0.418061 -0.660373
-0.171432 0.074951 -1.43296 -0.409347 0.460056 -0.787898
-0.171418 0.075221 -1.43286 -0.451835 0.433279 -0.779817
-0.171155 0.075114 -1.43297 -0.447724 0.457211 -0.768441
-0.171618 0.075069 -1.43272 -0.824823 0.425673 -0.372113
-0.171439 0.075301 -1.43279 -0.526819 0.627508 -0.57332
-0.171468 0.075371 -1.43262 -0.708771 0.636553 -0.304046
-0.171743 0.074907 -1.43234 -0.847186 0.422982 -0.3215
-0.171613 0.075243 -1.43231 -0.801764 0.515726 -0.301996
-0.173194 0.071632 -1.43193 -0.162101 -0.174551 -0.971213
-0.172772 0.071453 -1.43214 -0.0834511 -0.419012 -0.904137
-0.172757 0.071581 -1.43217 -0.136655 -0.317596 -0.938327
-0.172907 0.071464 -1.43218 -0.0482699 -0.133769 -0.989836
-0.172881 0.071717 -1.43221 -0.502237 -0.129584 -0.854966
-0.172984 0.071619 -1.43214 -0.667646 0.171616 -0.724428
-0.173035 0.071479 -1.43217 -0.441621 -0.187294 -0.877435
-0.173068 0.071507 -1.43214 -0.762364 0.125394 -0.634884
-0.173031 0.071642 -1.43202 -0.772234 0.187834 -0.606937
-0.173097 0.071538 -1.432 -0.754307 -0.00378722 -0.656511
-0.173022 0.071787 -1.43206 -0.693306 -0.0885509 -0.715182
-0.173102 0.072088 -1.43208 -0.459296 -0.105788 -0.881961
-0.172946 0.07229 -1.43221 -0.742761 -0.270351 -0.612549
-0.173115 0.072345 -1.43209 -0.62263 -0.209751 -0.753881
-0.173492 0.071442 -1.43202 0.778938 -0.334098 -0.530693
-0.17359 0.071436 -1.43209 0.164487 -0.292851 -0.941903
-0.173726 0.071471 -1.43203 -0.721559 -0.11173 -0.683278
-0.1735 0.07157 -1.43206 0.669079 0.0679093 -0.740082
-0.173582 0.071597 -1.43211 0.0216057 0.43607 -0.899653
-0.173474 0.071454 -1.43197 0.584514 -0.474111 -0.658455
-0.17346 0.071585 -1.432 0.527419 0.0803265 -0.8458
-0.173729 0.071625 -1.43197 -0.785617 0.454943 -0.419325
-0.173733 0.071659 -1.43184 -0.853843 0.337573 -0.396229
-0.173494 0.071734 -1.43197 -0.217787 0.273753 -0.936818
-0.173572 0.071759 -1.43193 -0.44183 0.54306 -0.714054
-0.173446 0.071816 -1.43201 -0.280904 -0.0644073 -0.957572
-0.173662 0.071844 -1.43188 -0.67418 0.144039 -0.724386
-0.173768 0.071708 -1.43171 -0.762869 0.314391 -0.564968
-0.174023 0.071829 -1.43138 -0.756194 0.298341 -0.582377
-0.174084 0.071622 -1.43147 -0.574925 0.694894 -0.431954
-0.173434 0.072192 -1.43199 -0.503174 0.138911 -0.852947
-0.173249 0.072577 -1.43203 -0.632034 0.03281 -0.774246
-0.173642 0.072336 -1.43171 -0.723059 0.223431 -0.653654
-0.173998 0.072422 -1.43123 -0.719661 0.215104 -0.660165
-0.173021 0.072561 -1.4323 -0.780298 -0.100371 -0.617301
-0.172944 0.072529 -1.43243 -0.702135 -0.147684 -0.69656
-0.17278 0.072978 -1.43249 -0.605583 0.0976139 -0.789773
-0.173282 0.073017 -1.43192 -0.747928 0.252068 -0.614056
-0.174114 0.073293 -1.43059 -0.751218 0.418018 -0.510816
-0.174587 0.073425 -1.42963 -0.790801 0.459422 -0.404432
-0.174894 0.073439 -1.42893 -0.7176 0.501087 -0.483696
-0.173874 0.074597 -1.42956 -0.759188 0.513874 -0.399458
-0.174601 0.074251 -1.42852 -0.686195 0.615723 -0.387326
-0.174709 0.072266 -1.4306 -0.744298 0.342176 -0.573529
-0.175243 0.072785 -1.42906 -0.800492 0.412901 -0.434426
-0.17533 0.0729 -1.42873 -0.942759 0.278913 -0.182794
-0.175371 0.073175 -1.42838 -0.94778 0.0531447 -0.314465
-0.175229 0.073439 -1.42857 -0.801631 0.392852 -0.450616
-0.172091 0.073687 -1.43275 -0.384905 0.153362 -0.910125
-0.172669 0.073398 -1.43247 -0.66155 0.319361 -0.678498
-0.172534 0.073905 -1.43221 -0.620788 0.497906 -0.605567
-0.172326 0.073846 -1.43255 -0.650684 0.381026 -0.656833
-0.172063 0.074244 -1.43267 -0.778868 0.40017 -0.482938
-0.172304 0.074087 -1.43224 -0.616015 0.555363 -0.558657
-0.172138 0.074335 -1.43221 -0.751733 0.474628 -0.457849
-0.172248 0.074287 -1.43212 -0.56173 0.468945 -0.681579
-0.172883 0.073899 -1.43186 -0.707037 0.400632 -0.582745
-0.172662 0.074437 -1.43177 -0.605719 0.476748 -0.637037
-0.173226 0.074241 -1.43113 -0.744348 0.465037 -0.479256
-0.171858 0.074503 -1.43274 -0.813789 0.3684 -0.449476
-0.171778 0.074794 -1.43253 -0.867813 0.459264 -0.189676
-0.171942 0.074649 -1.43225 -0.78386 0.489033 -0.382636
-0.172448 0.074563 -1.43183 -0.518922 0.482402 -0.705697
-0.172137 0.074683 -1.432 -0.606076 0.43387 -0.666655
-0.172543 0.074822 -1.43154 -0.676845 0.494868 -0.544965
-0.171974 0.074895 -1.43197 -0.659965 0.449991 -0.601626
-0.17228 0.075262 -1.43152 -0.618494 0.469219 -0.630316
-0.171924 0.075297 -1.43177 -0.672609 0.427727 -0.60386
-0.1721 0.075518 -1.43149 -0.663755 0.463807 -0.586781
-0.172236 0.075549 -1.4312 -0.782487 0.489424 -0.384939
-0.171729 0.075648 -1.4317 -0.619138 0.465968 -0.632093
-0.173738 0.075085 -1.42912 -0.749043 0.518641 -0.412246
-0.172521 0.075259 -1.43114 -0.714692 0.553422 -0.427713
-0.172974 0.075321 -1.43015 -0.749607 0.532006 -0.393776
-0.172381 0.075465 -1.43104 -0.701554 0.567175 -0.431433
-0.172288 0.07571 -1.43093 -0.736744 0.531872 -0.417517
-0.172557 0.075746 -1.43047 -0.716459 0.557578 -0.419278
-0.172249 0.07631 -1.43019 -0.724202 0.545181 -0.422267
-0.168441 0.068875 -1.42612 0.790331 -0.511366 0.337462
-0.169244 0.068651 -1.42467 0.296653 -0.601557 0.741705
-0.169305 0.068957 -1.42444 0.116874 -0.498518 0.858965
-0.16903 0.068837 -1.42467 0.643577 -0.552879 0.529276
-0.169017 0.06935 -1.42429 0.308206 -0.446229 0.840172
-0.168745 0.069601 -1.42436 0.559164 -0.489546 0.66909
-0.168012 0.0696 -1.426 0.816891 -0.511675 0.26623
-0.167624 0.069975 -1.4264 0.772415 -0.56366 0.292681
-0.167688 0.070213 -1.42576 0.779411 -0.533461 0.328539
-0.16822 0.06938 -1.42569 0.810648 -0.516434 0.275944
-0.167997 0.069862 -1.42555 0.810173 -0.490164 0.321495
-0.168358 0.069959 -1.4245 0.74874 -0.51671 0.41521
-0.169056 0.069674 -1.42415 0.046924 -0.379946 0.923818
-0.169265 0.069609 -1.42418 -0.156351 -0.267714 0.950728
-0.168232 0.070498 -1.42407 0.74503 -0.487116 0.455685
-0.168735 0.069852 -1.42414 0.37906 -0.550083 0.744125
-0.168451 0.070231 -1.42401 0.547102 -0.536613 0.642437
-0.16875 0.070151 -1.42395 0.106031 -0.455244 0.884031
-0.168847 0.070364 -1.42388 -0.20483 -0.325515 0.923084
-0.169057 0.070014 -1.42401 -0.177566 -0.3393 0.923767
-0.168433 0.070673 -1.42373 0.335376 -0.485828 0.807152
-0.168826 0.070983 -1.42363 -0.338833 -0.313911 0.886934
-0.166547 0.071582 -1.42645 0.825751 -0.474113 0.305537
-0.16716 0.070965 -1.42578 0.795763 -0.494581 0.3495
-0.167741 0.070601 -1.42515 0.784959 -0.515313 0.343937
-0.167711 0.070854 -1.42478 0.78632 -0.515957 0.339838
-0.167337 0.071203 -1.42505 0.783125 -0.52728 0.329685
-0.16693 0.071369 -1.42581 0.81514 -0.475205 0.331251
-0.167105 0.071399 -1.42536 0.812272 -0.485742 0.322907
-0.168104 0.070825 -1.42388 0.703241 -0.491559 0.513636
-0.16792 0.070864 -1.42433 0.780367 -0.4943 0.383008
-0.167992 0.071157 -1.42377 0.704915 -0.472441 0.529051
-0.167271 0.071837 -1.42412 0.780145 -0.502513 0.372631
-0.16734 0.072114 -1.42376 0.758094 -0.460662 0.46161
-0.168189 0.071091 -1.4236 0.425693 -0.44842 0.785942
-0.168162 0.071437 -1.42341 0.283345 -0.480177 0.830148
-0.16786 0.071838 -1.42331 0.510551 -0.526646 0.679693
-0.16819 0.071883 -1.42314 0.0932562 -0.499411 0.861331
-0.168465 0.071194 -1.42349 0.108657 -0.375454 0.92045
-0.168576 0.070944 -1.42357 0.00148456 -0.379927 0.925015
-0.168593 0.071526 -1.42338 -0.15514 -0.372018 0.915169
-0.167683 0.07284 -1.42265 0.394939 -0.591316 0.703113
-0.16832 0.072606 -1.42279 -0.260621 -0.469115 0.843805
-0.167926 0.072447 -1.42285 0.151596 -0.553049 0.819241
-0.167394 0.07308 -1.42276 0.720459 -0.489814 0.490938
-0.167721 0.073467 -1.42208 0.220338 -0.582491 0.782403
-0.16415 0.075042 -1.42696 0.738788 -0.544295 0.397411
-0.16362 0.075823 -1.42673 0.700972 -0.578571 0.417005
-0.1642 0.075265 -1.42661 0.731992 -0.534238 0.422822
-0.164133 0.07639 -1.42514 0.731727 -0.561244 0.386756
-0.166562 0.072075 -1.42562 0.825223 -0.463727 0.322434
-0.166367 0.073308 -1.42459 0.817649 -0.425117 0.388233
-0.165319 0.073392 -1.42704 0.767464 -0.501866 0.398911
-0.16475 0.074229 -1.42691 0.734643 -0.536084 0.415829
-0.165559 0.072883 -1.42713 0.785372 -0.487565 0.381405
-0.165503 0.073654 -1.42622 0.742134 -0.532357 0.407226
-0.16509 0.07481 -1.42556 0.754383 -0.511229 0.411766
-0.165632 0.073976 -1.42565 0.781429 -0.500538 0.3726
-0.16642 0.073943 -1.42391 0.782789 -0.463419 0.415313
-0.16682 0.0737 -1.42326 0.813431 -0.437005 0.383871
-0.165431 0.074705 -1.42494 0.808019 -0.472121 0.352429
-0.166115 0.074547 -1.42371 0.78844 -0.476337 0.389186
-0.165746 0.075519 -1.42328 0.771892 -0.502203 0.38984
-0.164545 0.075048 -1.42619 0.758554 -0.504021 0.412988
-0.164541 0.075472 -1.4257 0.726393 -0.544333 0.419588
-0.165129 0.075202 -1.42503 0.77252 -0.520787 0.363309
-0.16524 0.075337 -1.4245 0.753275 -0.546357 0.366157
-0.165596 0.074864 -1.42438 0.797034 -0.471925 0.376859
-0.165663 0.075344 -1.42374 0.77227 -0.505352 0.384991
-0.165254 0.07618 -1.42324 0.720806 -0.57206 0.391389
-0.16439 0.076541 -1.42432 0.745512 -0.562933 0.356818
-0.167167 0.074164 -1.42193 0.676529 -0.502799 0.538054
-0.167215 0.074716 -1.42139 0.552567 -0.628622 0.547269
-0.165844 0.075788 -1.42282 0.756017 -0.526225 0.389263
-0.166889 0.074755 -1.42185 0.781003 -0.490737 0.386279
-0.166809 0.075058 -1.42155 0.753293 -0.53734 0.379231
-0.167431 0.073574 -1.42218 0.508956 -0.56038 0.653405
-0.168546 0.073305 -1.42244 -0.309156 -0.536361 0.785328
-0.167433 0.073947 -1.42187 0.385986 -0.570262 0.725131
-0.167464 0.074381 -1.42153 0.263418 -0.60173 0.754011
-0.167701 0.074019 -1.42175 0.0763562 -0.552858 0.82977
-0.167764 0.074676 -1.42131 -0.158318 -0.641828 0.750328
-0.168211 0.074994 -1.42123 -0.329742 -0.554797 0.763852
-0.167977 0.073459 -1.42209 -0.104094 -0.560462 0.821612
-0.168441 0.07433 -1.42172 -0.205277 -0.530979 0.822145
-0.169094 0.074545 -1.4217 -0.297769 -0.514557 0.804092
-0.167245 0.075113 -1.42072 0.373143 -0.713936 0.592503
-0.167042 0.075507 -1.42051 0.611616 -0.607547 0.506767
-0.167315 0.07555 -1.42032 0.119672 -0.69664 0.70737
-0.167063 0.075915 -1.42001 0.465323 -0.638433 0.613088
-0.166909 0.075911 -1.42019 0.696827 -0.538502 0.47376
-0.167356 0.075918 -1.4199 -0.0143421 -0.725706 0.687856
-0.167111 0.076248 -1.41965 0.355924 -0.690892 0.629274
-0.167509 0.074699 -1.42125 0.0955269 -0.753089 0.650947
-0.167563 0.075161 -1.42066 -0.199734 -0.688739 0.696954
-0.167586 0.075683 -1.42025 -0.280515 -0.671776 0.685586
-0.168006 0.075748 -1.42044 -0.480429 -0.571022 0.665675
-0.168627 0.075586 -1.42102 -0.444153 -0.483357 0.754383
-0.16869 0.076269 -1.42065 -0.546212 -0.479656 0.686718
-0.167778 0.076157 -1.41983 -0.460426 -0.603638 0.650868
-0.166092 0.075938 -1.42201 0.845826 -0.468697 0.254759
-0.165959 0.076406 -1.42147 0.926438 -0.337465 0.166825
-0.165935 0.076651 -1.42125 0.828806 -0.474202 0.297005
-0.166365 0.076062 -1.4213 0.754989 -0.531055 0.384673
-0.166208 0.076584 -1.42079 0.75604 -0.567985 0.325263
-0.166727 0.076246 -1.42012 0.73145 -0.550346 0.402617
-0.166294 0.076726 -1.42029 0.761059 -0.555939 0.334248
-0.166844 0.076645 -1.41934 0.429409 -0.683987 0.58972
-0.165592 0.077398 -1.42078 0.75669 -0.542955 0.36417
-0.165977 0.077487 -1.41983 0.770371 -0.513341 0.378167
-0.16559 0.077759 -1.42033 0.769604 -0.531614 0.353691
-0.16922 0.07675 -1.42069 -0.382333 -0.438053 0.813592
-0.168956 0.077136 -1.42026 -0.577434 -0.412274 0.704699
-0.169076 0.077638 -1.42015 -0.537143 -0.208491 0.817318
-0.170889 0.06879 -1.42521 -0.683641 0.00264664 0.729814
-0.17002 0.068902 -1.42465 -0.305694 -0.055192 0.950529
-0.169521 0.068973 -1.42447 -0.196495 -0.315768 0.928267
-0.170133 0.06922 -1.4247 -0.503662 -0.0912973 0.859063
-0.170401 0.068599 -1.42481 -0.515035 -0.0298268 0.85665
-0.170631 0.069326 -1.42507 -0.661973 0.0310384 0.748884
-0.171691 0.069115 -1.42604 -0.704962 0.0224125 0.708891
-0.171298 0.069758 -1.42579 -0.710199 -0.0559003 0.701778
-0.170378 0.070092 -1.42467 -0.645237 -0.264277 0.716817
-0.171146 0.070556 -1.42531 -0.781942 -0.287646 0.553016
-0.172211 0.070392 -1.42657 -0.672375 -0.0126962 0.740102
-0.172113 0.069663 -1.42641 -0.692933 -0.0089012 0.720947
-0.172779 0.070038 -1.42717 -0.754525 -0.152918 0.638206
-0.171477 0.070281 -1.42591 -0.735947 -0.0483715 0.675309
-0.16997 0.070219 -1.42431 -0.397892 -0.263077 0.878904
-0.169344 0.070275 -1.42413 -0.357406 -0.225169 0.9064
-0.170182 0.070876 -1.42415 -0.41622 -0.386504 0.823029
-0.173349 0.070984 -1.42744 -0.629157 -0.231585 0.741977
-0.171908 0.070962 -1.42631 -0.679239 -0.171956 0.713488
-0.171641 0.071024 -1.426 -0.789027 -0.282633 0.545486
-0.172849 0.071904 -1.42682 -0.61795 -0.22315 0.753884
-0.17243 0.071926 -1.42632 -0.753704 -0.328962 0.568959
-0.172026 0.072123 -1.42556 -0.776738 -0.231217 0.585847
-0.169309 0.071385 -1.42371 -0.291535 -0.339202 0.894399
-0.171041 0.07139 -1.42461 -0.74072 -0.250047 0.623547
-0.170625 0.071263 -1.42427 -0.606113 -0.333351 0.722152
-0.171274 0.072134 -1.42475 -0.735685 -0.178219 0.653457
-0.170163 0.071342 -1.4239 -0.350844 -0.337849 0.873365
-0.169742 0.072016 -1.42361 -0.277973 -0.268552 0.922286
-0.170222 0.071837 -1.42378 -0.458631 -0.209489 0.863581
-0.170482 0.071897 -1.42394 -0.645628 -0.176234 0.743038
-0.169584 0.072619 -1.42334 -0.366767 -0.382725 0.847941
-0.170088 0.072672 -1.42357 -0.45133 -0.289914 0.84395
-0.170558 0.072548 -1.42389 -0.62526 -0.201852 0.753861
-0.171497 0.071527 -1.42525 -0.788046 -0.332707 0.517967
-0.171634 0.072974 -1.42489 -0.733575 -0.258735 0.628429
-0.174134 0.072724 -1.42736 -0.482003 -0.295631 0.824788
-0.175047 0.07288 -1.42781 -0.527509 -0.316389 0.788437
-0.175383 0.072388 -1.42819 -0.784994 0.00182499 0.619501
-0.175392 0.072674 -1.42817 -0.942378 0.00603201 0.334495
-0.169782 0.073191 -1.42309 -0.42745 -0.499384 0.753593
-0.172991 0.073752 -1.42634 -0.666835 -0.402481 0.627168
-0.17196 0.073599 -1.42493 -0.703651 -0.446155 0.553012
-0.172221 0.073174 -1.42558 -0.780477 -0.31768 0.538456
-0.172563 0.074012 -1.42539 -0.768888 -0.391802 0.505274
-0.172212 0.074303 -1.42457 -0.763518 -0.371901 0.527949
-0.170904 0.073555 -1.42375 -0.608832 -0.415256 0.675933
-0.171666 0.074296 -1.42391 -0.659797 -0.441233 0.60826
-0.174986 0.073604 -1.42745 -0.426989 -0.323954 0.844236
-0.172869 0.072825 -1.42668 -0.660392 -0.236493 0.712709
-0.173216 0.073667 -1.42657 -0.506354 -0.350766 0.787762
-0.173653 0.074242 -1.42656 -0.532404 -0.349678 0.77089
-0.174328 0.073642 -1.42713 -0.432433 -0.30081 0.850009
-0.174689 0.074242 -1.42831 -0.508327 0.678196 -0.530711
-0.174763 0.074504 -1.42765 -0.561471 0.788263 -0.251776
-0.174703 0.074411 -1.42809 -0.172707 0.925713 -0.336494
-0.174699 0.074134 -1.42717 -0.477891 -0.353544 0.804131
-0.174346 0.07433 -1.42691 -0.344915 -0.280738 0.895667
-0.174035 0.074658 -1.42667 -0.508794 -0.294913 0.808799
-0.174421 0.074038 -1.42703 -0.436804 -0.376442 0.817003
-0.174628 0.0742 -1.42703 -0.489674 -0.381516 0.784005
-0.174632 0.074342 -1.42699 -0.506922 -0.266866 0.819642
-0.174866 0.074283 -1.42718 -0.647758 -0.0796932 0.757666
-0.174664 0.074612 -1.42696 -0.673402 -0.047335 0.73776
-0.174844 0.074558 -1.42718 -0.895206 0.116673 0.43011
-0.174865 0.074594 -1.4273 -0.868363 0.495918 0.0031934
-0.17441 0.075228 -1.42743 -0.796335 0.523215 -0.303473
-0.174389 0.074717 -1.42679 -0.40368 -0.213047 0.889749
-0.174758 0.074844 -1.42711 -0.884521 0.301604 0.355891
-0.174593 0.074878 -1.42687 -0.758319 0.101206 0.64398
-0.174602 0.075087 -1.42717 -0.893869 0.444205 -0.0606631
-0.174565 0.075153 -1.42691 -0.922485 0.253985 0.290713
-0.175387 0.072974 -1.42803 -0.911661 -0.292507 0.288642
-0.175391 0.072918 -1.42828 -0.997855 0.0144013 -0.0638525
-0.175527 0.073258 -1.42813 -0.976605 -0.21206 -0.0356743
-0.175386 0.073285 -1.42781 -0.66452 -0.344844 0.662945
-0.175479 0.073329 -1.42786 -0.944939 -0.0274841 0.32609
-0.175334 0.073776 -1.42802 -0.830148 0.380617 -0.407414
-0.175403 0.073654 -1.42764 -0.91208 -0.0427497 0.407778
-0.175402 0.073503 -1.42819 -0.886345 0.302082 -0.350912
-0.175471 0.073583 -1.42794 -0.954621 0.266725 0.132502
-0.17541 0.073908 -1.42775 -0.964098 0.244008 -0.10476
-0.175128 0.073988 -1.42737 -0.630938 -0.123202 0.765989
-0.175352 0.073947 -1.42754 -0.807457 0.185724 0.559928
-0.174943 0.074035 -1.42836 -0.625816 0.495974 -0.601967
-0.175236 0.074066 -1.42805 -0.794409 0.442734 -0.415813
-0.175292 0.074118 -1.4278 -0.791156 0.610012 -0.0442557
-0.175002 0.074334 -1.42813 -0.457197 0.738092 -0.496176
-0.175004 0.074357 -1.42793 -0.548657 0.828974 -0.108525
-0.175147 0.074224 -1.42752 -0.785899 0.608853 0.107991
-0.175113 0.074288 -1.42728 -0.705413 0.107753 0.700558
-0.173137 0.074457 -1.42595 -0.722952 -0.396787 0.565598
-0.172669 0.075147 -1.42488 -0.782678 -0.329581 0.528007
-0.173618 0.075333 -1.42598 -0.605332 -0.442833 0.661416
-0.174283 0.075196 -1.42665 -0.679804 -0.106006 0.725693
-0.17406 0.075303 -1.42633 -0.624583 -0.519172 0.5834
-0.174171 0.075331 -1.42802 -0.777135 0.528275 -0.342032
-0.173754 0.075341 -1.42881 -0.660806 0.578686 -0.477973
-0.173622 0.075605 -1.4286 -0.61582 0.591021 -0.521018
-0.173618 0.075792 -1.42844 -0.726163 0.551818 -0.410103
-0.174005 0.075705 -1.42764 -0.788537 0.566723 -0.238818
-0.174351 0.075149 -1.42784 -0.820199 0.511441 -0.256322
-0.174187 0.075558 -1.42732 -0.788677 0.560931 -0.251686
-0.174239 0.075587 -1.42699 -0.763802 0.589501 -0.262858
-0.17449 0.075307 -1.42719 -0.798347 0.533605 -0.279119
-0.174518 0.075409 -1.42698 -0.888146 0.438083 0.138851
-0.174139 0.075907 -1.4269 -0.844369 0.394332 -0.362688
-0.17379 0.076116 -1.4274 -0.793475 0.4966 -0.351833
-0.174015 0.076183 -1.427 -0.849361 0.434072 -0.300279
-0.173374 0.075732 -1.42894 -0.748454 0.518321 -0.413714
-0.173008 0.076982 -1.42809 -0.788913 0.496528 -0.362045
-0.173396 0.076319 -1.42807 -0.794235 0.506979 -0.334908
-0.173491 0.076925 -1.42694 -0.77784 0.494539 -0.38781
-0.173573 0.07627 -1.4278 -0.796456 0.510264 -0.324481
-0.173895 0.076468 -1.42677 -0.796626 0.458951 -0.393384
-0.174401 0.075469 -1.42671 -0.974882 0.0846777 0.205999
-0.174372 0.075551 -1.42644 -0.759004 -0.642596 -0.104806
-0.174289 0.07572 -1.42676 -0.860208 0.246612 -0.446346
-0.174512 0.075818 -1.42652 -0.686245 0.0898062 -0.721805
-0.174061 0.075579 -1.42607 -0.432778 -0.513839 0.740725
-0.174365 0.075625 -1.42618 -0.325916 -0.700332 0.63507
-0.174195 0.075965 -1.42592 -0.470139 -0.274582 0.838793
-0.174635 0.075612 -1.42633 -0.618451 -0.71034 -0.336058
-0.17467 0.075627 -1.42621 -0.785224 -0.465095 0.40879
-0.174677 0.075911 -1.42633 -0.900296 0.321182 -0.293786
-0.174638 0.075941 -1.42616 -0.679982 0.0369288 0.732298
-0.174299 0.076025 -1.42655 -0.653285 0.501252 -0.567419
-0.174006 0.07629 -1.42661 -0.805022 0.433645 -0.404835
-0.174223 0.076289 -1.42637 -0.659429 0.528499 -0.534642
-0.174406 0.076253 -1.42606 -0.861036 0.406511 0.30556
-0.173515 0.075904 -1.42548 -0.57058 -0.554512 0.605769
-0.173223 0.076118 -1.42502 -0.618834 -0.461875 0.635387
-0.173682 0.07608 -1.42539 -0.51721 -0.662148 0.542268
-0.17352 0.076577 -1.42493 -0.60505 -0.394059 0.691833
-0.173723 0.076352 -1.42517 -0.537941 -0.471517 0.698778
-0.173942 0.076282 -1.42546 -0.752447 -0.458368 0.472992
-0.174015 0.076139 -1.42574 -0.682795 -0.320278 0.656668
-0.1742 0.076522 -1.42588 -0.916799 0.255171 0.307194
-0.174106 0.076546 -1.42569 -0.937758 -0.10627 0.330632
-0.174086 0.076597 -1.42635 -0.825376 0.429127 -0.366885
-0.173978 0.077026 -1.42593 -0.827753 0.448534 -0.337109
-0.173916 0.076986 -1.42513 -0.749615 -0.348049 0.562973
-0.173714 0.077477 -1.4257 -0.765379 0.521042 -0.377769
-0.173628 0.077765 -1.42558 -0.783336 0.469728 -0.407111
-0.174098 0.07677 -1.42593 -0.943814 0.324399 -0.063088
-0.174121 0.076856 -1.42568 -0.983101 0.156065 -0.0956904
-0.174094 0.076918 -1.42543 -0.961809 -0.0522681 0.268687
-0.17404 0.077243 -1.42524 -0.990284 0.0155468 0.138186
-0.173777 0.077288 -1.42599 -0.772143 0.533594 -0.34507
-0.174058 0.077181 -1.4256 -0.890892 0.400609 -0.214063
-0.173966 0.077492 -1.42531 -0.853965 0.408536 -0.322244
-0.169862 0.073871 -1.42263 -0.506163 -0.536762 0.675045
-0.171016 0.074604 -1.42311 -0.642016 -0.447906 0.62225
-0.169708 0.075128 -1.42163 -0.281157 -0.50369 0.816852
-0.170294 0.07489 -1.42206 -0.510512 -0.533401 0.674433
-0.170718 0.075075 -1.42241 -0.690845 -0.4747 0.545338
-0.171553 0.076006 -1.42288 -0.744138 -0.359163 0.563259
-0.172146 0.075984 -1.42356 -0.735552 -0.307305 0.603761
-0.172455 0.075417 -1.42431 -0.778784 -0.329291 0.533913
-0.169102 0.075543 -1.42126 -0.249809 -0.44083 0.862128
-0.170372 0.075911 -1.42127 -0.363814 -0.458438 0.810848
-0.169893 0.07656 -1.42093 -0.254569 -0.351987 0.900722
-0.171114 0.076197 -1.42193 -0.774194 -0.450481 0.444623
-0.170655 0.07604 -1.42139 -0.622137 -0.497855 0.604223
-0.172762 0.076564 -1.4241 -0.734045 -0.329841 0.593619
-0.172201 0.077014 -1.42322 -0.775936 -0.289143 0.560642
-0.172532 0.07711 -1.42367 -0.686108 -0.374982 0.623414
-0.173196 0.077623 -1.42379 -0.409005 -0.709217 0.574218
-0.172816 0.077492 -1.42365 -0.528124 -0.561517 0.637012
-0.173007 0.078101 -1.42317 -0.397505 -0.606128 0.688912
-0.170813 0.076553 -1.4212 -0.475515 -0.321467 0.818868
-0.171097 0.076654 -1.42137 -0.732518 -0.313608 0.604208
-0.169593 0.077593 -1.42044 -0.388131 -0.28928 0.875026
-0.170676 0.077271 -1.42098 -0.450958 -0.226514 0.863324
-0.171209 0.077362 -1.42131 -0.714079 -0.206504 0.668915
-0.170532 0.078038 -1.42063 -0.470351 -0.193946 0.860904
-0.171659 0.076779 -1.42246 -0.839574 -0.309914 0.446171
-0.171604 0.077289 -1.42205 -0.854208 -0.270715 0.443895
-0.171935 0.077376 -1.42266 -0.781004 -0.344897 0.520652
-0.172024 0.078468 -1.42194 -0.743551 -0.325779 0.583952
-0.172508 0.077877 -1.42297 -0.638169 -0.479725 0.602166
-0.172361 0.07859 -1.4223 -0.687454 -0.467793 0.555497
-0.1733 0.078508 -1.42298 -0.473885 -0.490445 0.731367
-0.171226 0.078142 -1.42115 -0.643687 -0.144158 0.751589
-0.173118 0.077172 -1.42411 -0.579856 -0.487773 0.652567
-0.173948 0.07739 -1.42479 -0.860077 -0.417022 0.293872
-0.173579 0.077284 -1.42446 -0.57281 -0.610215 0.54729
-0.173972 0.077623 -1.4244 -0.64477 -0.626997 0.437203
-0.174042 0.077783 -1.42427 -0.853529 -0.355558 0.380877
-0.174023 0.077571 -1.42506 -0.976821 0.120671 -0.176804
-0.174062 0.077705 -1.42464 -0.980409 -0.196633 0.0115748
-0.17408 0.078027 -1.42449 -0.976866 0.202981 -0.0673219
-0.173613 0.077762 -1.42396 -0.53891 -0.66793 0.513269
-0.173649 0.077873 -1.42372 -0.591235 -0.639693 0.491155
-0.17402 0.07812 -1.42411 -0.973544 -0.168887 0.153911
-0.174067 0.078199 -1.42382 -0.906053 -0.31463 0.282977
-0.173347 0.077938 -1.4234 -0.302364 -0.623167 0.721276
-0.17354 0.077967 -1.42349 -0.588047 -0.498272 0.637123
-0.173608 0.078234 -1.42351 -0.666634 -0.322362 0.672073
-0.173376 0.078328 -1.42322 -0.540352 -0.5004 0.676476
-0.160396 0.073385 -1.4348 0.660671 -0.644043 0.385646
-0.160005 0.073589 -1.43525 0.667693 -0.598615 0.442545
-0.16063 0.074527 -1.4335 0.694426 -0.516106 0.501405
-0.159648 0.074434 -1.43494 0.686836 -0.5078 0.519996
-0.158691 0.075239 -1.4353 0.688582 -0.512389 0.51314
-0.159359 0.075148 -1.43447 0.672138 -0.535848 0.510977
-0.159559 0.075643 -1.43377 0.688131 -0.521056 0.504952
-0.160607 0.075205 -1.43272 0.68959 -0.535064 0.488028
-0.161302 0.075263 -1.43169 0.70153 -0.551313 0.451564
-0.160433 0.075654 -1.43253 0.700497 -0.531736 0.475983
-0.1614 0.074595 -1.43235 0.697713 -0.526276 0.486036
-0.158843 0.076334 -1.43404 0.716775 -0.497422 0.488676
-0.158863 0.076646 -1.43363 0.715331 -0.520498 0.466244
-0.159544 0.076714 -1.4326 0.70494 -0.520736 0.481553
-0.161105 0.076428 -1.43033 0.725648 -0.54928 0.414398
-0.16214 0.07471 -1.43095 0.729925 -0.54838 0.40803
-0.161856 0.075095 -1.43098 0.737816 -0.526768 0.42207
-0.162042 0.075221 -1.43053 0.723099 -0.55071 0.416948
-0.161293 0.07603 -1.43068 0.691479 -0.60696 0.391735
-0.16148 0.076816 -1.42927 0.760023 -0.513576 0.398251
-0.161656 0.076915 -1.42875 0.746684 -0.52472 0.408817
-0.162459 0.075608 -1.42904 0.713272 -0.576426 0.398717
-0.16219 0.076894 -1.42793 0.733052 -0.531728 0.424147
-0.161267 0.0777 -1.4285 0.747535 -0.528736 0.402032
-0.160658 0.076079 -1.43162 0.704538 -0.560332 0.435494
-0.159834 0.077784 -1.43098 0.723259 -0.545986 0.422842
-0.1607 0.0778 -1.42951 0.738094 -0.532719 0.414038
-0.16119 0.078105 -1.42807 0.743061 -0.496752 0.44844
-0.160713 0.078357 -1.42871 0.737046 -0.535774 0.411958
-0.160848 0.078562 -1.42822 0.753299 -0.515163 0.408838
-0.159781 0.078793 -1.42964 0.699525 -0.566843 0.435148
-0.159934 0.079165 -1.42898 0.696815 -0.568067 0.437891
-0.160512 0.078945 -1.42827 0.714212 -0.561935 0.417289
-0.159751 0.07945 -1.42887 0.707234 -0.552574 0.441001
-0.166849 0.083655 -1.43179 -0.803783 0.594559 0.020798
-0.167272 0.083163 -1.43223 -0.77897 0.501383 -0.376592
-0.167061 0.083395 -1.43126 -0.819527 0.572565 -0.0233334
-0.167035 0.08341 -1.43085 -0.745298 0.643088 -0.17598
-0.166934 0.083563 -1.43066 -0.704953 0.638583 -0.308631
-0.166731 0.083729 -1.43113 -0.77882 0.627232 -0.00440616
-0.170705 0.07527 -1.43337 -0.765894 0.228426 -0.601023
-0.17096 0.075189 -1.43311 -0.689933 0.379845 -0.616207
-0.170544 0.075193 -1.43364 -0.821937 0.182427 -0.539574
-0.170627 0.075706 -1.43334 -0.790567 0.247565 -0.560104
-0.170976 0.075375 -1.43297 -0.717509 0.395099 -0.573653
-0.171131 0.075367 -1.43283 -0.378539 0.599937 -0.704829
-0.171338 0.075468 -1.43261 -0.431362 0.747662 -0.504904
-0.171174 0.075572 -1.4326 -0.553088 0.583541 -0.59462
-0.171045 0.075677 -1.43266 -0.745998 0.373192 -0.551556
-0.17111 0.075838 -1.43246 -0.823009 0.430304 -0.370803
-0.171339 0.075569 -1.43243 -0.680212 0.633195 -0.369292
-0.171317 0.075647 -1.4322 -0.753878 0.561406 -0.341309
-0.170947 0.075757 -1.43281 -0.835669 0.269642 -0.478488
-0.170826 0.076053 -1.43283 -0.820827 0.341594 -0.457773
-0.170967 0.076071 -1.43258 -0.833942 0.407764 -0.371846
-0.171027 0.076126 -1.43223 -0.83991 0.483913 -0.245721
-0.170865 0.076396 -1.43233 -0.881358 0.421734 -0.21295
-0.170726 0.076348 -1.43271 -0.836602 0.406948 -0.36673
-0.171238 0.075952 -1.432 -0.708458 0.525041 -0.471614
-0.171164 0.076227 -1.43179 -0.639055 0.497362 -0.586719
-0.171548 0.075871 -1.43174 -0.617154 0.486031 -0.618785
-0.172012 0.075802 -1.43143 -0.685831 0.465918 -0.559067
-0.171569 0.076119 -1.43154 -0.576202 0.482622 -0.659597
-0.171863 0.076044 -1.43134 -0.652032 0.572188 -0.497449
-0.171633 0.076309 -1.43133 -0.64975 0.512572 -0.561333
-0.170946 0.076307 -1.43205 -0.816673 0.502927 -0.283036
-0.170812 0.07655 -1.4321 -0.902532 0.393682 -0.1745
-0.170911 0.07655 -1.43184 -0.792864 0.441567 -0.419981
-0.171416 0.07647 -1.43144 -0.619301 0.437521 -0.651952
-0.170404 0.077053 -1.43278 -0.744172 0.52083 -0.418262
-0.170396 0.077147 -1.43251 -0.631817 0.693016 -0.347183
-0.170184 0.077313 -1.4328 -0.396277 -0.230339 0.888768
-0.170172 0.077379 -1.43255 -0.875503 0.374656 -0.305168
-0.170595 0.076298 -1.43312 -0.775217 0.380097 -0.504544
-0.170593 0.076862 -1.43258 -0.82865 0.349371 -0.437356
-0.170544 0.077229 -1.4321 -0.842341 0.456875 -0.285879
-0.170271 0.077428 -1.43239 -0.835507 0.291981 -0.465484
-0.170582 0.077327 -1.43173 -0.861807 0.41254 -0.295127
-0.170578 0.077631 -1.43143 -0.749453 0.454685 -0.481229
-0.17075 0.076816 -1.4319 -0.88103 0.392399 -0.264214
-0.170676 0.076913 -1.4323 -0.916996 0.366952 -0.15641
-0.170897 0.076829 -1.43162 -0.680595 0.442116 -0.584229
-0.170594 0.077042 -1.4325 -0.740632 0.535299 -0.406102
-0.170559 0.077121 -1.43227 -0.679458 0.69827 -0.225292
-0.170518 0.077081 -1.43251 -0.544713 0.721842 -0.426885
-0.171815 0.076434 -1.43083 -0.762832 0.561463 -0.320696
-0.171785 0.076709 -1.4305 -0.7251 0.534083 -0.434726
-0.17156 0.07655 -1.4312 -0.752155 0.469829 -0.462086
-0.171399 0.076719 -1.4313 -0.647163 0.468603 -0.601325
-0.17146 0.076784 -1.43116 -0.753198 0.537044 -0.379838
-0.171579 0.076747 -1.43078 -0.773187 0.542966 -0.327673
-0.171555 0.076997 -1.43051 -0.716187 0.529307 -0.454875
-0.171892 0.07708 -1.42993 -0.726119 0.505881 -0.465657
-0.171179 0.076984 -1.43127 -0.640435 0.548415 -0.537666
-0.171385 0.076957 -1.43099 -0.746438 0.566094 -0.349811
-0.171198 0.077577 -1.43043 -0.75228 0.524916 -0.398169
-0.170718 0.077742 -1.43109 -0.727805 0.52021 -0.446858
-0.170814 0.078344 -1.43008 -0.743737 0.485525 -0.459478
-0.170233 0.077848 -1.43244 -0.828533 0.326269 -0.455062
-0.170302 0.0778 -1.43214 -0.898173 0.402522 -0.176811
-0.170096 0.078112 -1.43193 -0.850908 0.525229 -0.0094687
-0.170052 0.078192 -1.43167 -0.822587 0.471115 -0.318434
-0.170046 0.078271 -1.4323 -0.770954 0.499539 -0.395084
-0.169951 0.078417 -1.43175 -0.965651 0.250048 -0.0706721
-0.169959 0.078645 -1.43197 -0.945976 0.318893 -0.0586179
-0.169488 0.079687 -1.43102 -0.909109 0.410761 -0.0692517
-0.169686 0.079907 -1.43007 -0.723441 0.483249 -0.493056
-0.170278 0.077936 -1.43169 -0.785702 0.537694 -0.305872
-0.170188 0.078269 -1.43143 -0.768758 0.486966 -0.414578
-0.170512 0.078146 -1.43101 -0.762153 0.511155 -0.397296
-0.170101 0.078711 -1.43086 -0.740129 0.563969 -0.366261
-0.17004 0.078515 -1.43149 -0.886046 0.361815 -0.289848
-0.169956 0.078907 -1.43088 -0.734941 0.55052 -0.395967
-0.170607 0.078593 -1.43024 -0.746649 0.502288 -0.436143
-0.170734 0.078739 -1.42987 -0.722525 0.47884 -0.498669
-0.170408 0.079122 -1.42994 -0.720372 0.489953 -0.490928
-0.169914 0.07873 -1.4317 -0.941738 0.331922 -0.0543773
-0.169836 0.078893 -1.43194 -0.782614 0.521799 -0.339472
-0.169908 0.078753 -1.43142 -0.801187 0.577327 -0.157458
-0.169718 0.078946 -1.43148 -0.84722 0.531162 -0.00924494
-0.169714 0.079081 -1.43188 -0.787009 0.470118 -0.399507
-0.169757 0.079051 -1.43101 -0.792497 0.540574 -0.282362
-0.169596 0.079289 -1.43125 -0.945877 0.320716 -0.049582
-0.169524 0.079633 -1.43173 -0.825136 0.399282 -0.399656
-0.169517 0.07959 -1.43147 -0.95239 0.304476 -0.0157414
-0.169491 0.07973 -1.43136 -0.922042 0.386656 -0.0183113
-0.16943 0.07982 -1.43152 -0.911376 0.40742 0.0583236
-0.169617 0.079547 -1.43073 -0.827622 0.475121 -0.298833
-0.169877 0.079564 -1.43024 -0.698493 0.53526 -0.474977
-0.172051 0.075875 -1.43124 -0.789011 0.509596 -0.343182
-0.171975 0.076114 -1.43106 -0.754929 0.552886 -0.352703
-0.172117 0.075988 -1.4308 -0.771908 0.54477 -0.327693
-0.168283 0.081758 -1.43197 -0.938931 0.341402 -0.0430381
-0.169322 0.079992 -1.43133 -0.942988 0.307777 0.126677
-0.169352 0.079912 -1.4311 -0.875297 0.482958 -0.0246318
-0.169381 0.079975 -1.43155 -0.949296 0.227011 0.217492
-0.16927 0.080111 -1.43102 -0.878961 0.4742 0.0506164
-0.169278 0.080156 -1.43123 -0.907238 0.34708 0.237602
-0.169156 0.080312 -1.43122 -0.719842 0.650868 0.241243
-0.168981 0.080477 -1.43088 -0.797404 0.594988 -0.100675
-0.169258 0.080307 -1.43136 -0.770441 0.487652 0.410629
-0.169338 0.080313 -1.43169 -0.753202 0.330086 -0.568973
-0.168831 0.080632 -1.43113 -0.772016 0.628426 -0.0952418
-0.168734 0.080734 -1.43129 -0.771057 0.583073 0.255924
-0.168779 0.080878 -1.43148 -0.590658 0.595891 0.544092
-0.169001 0.080591 -1.43145 -0.593912 0.567827 0.569948
-0.169311 0.08036 -1.43152 -0.903474 0.366566 0.222181
-0.169181 0.080577 -1.43161 -0.731607 0.46069 -0.50251
-0.169122 0.080812 -1.43166 -0.700272 0.58328 0.411587
-0.169297 0.080087 -1.43074 -0.842009 0.517976 -0.150735
-0.169483 0.080013 -1.43034 -0.778649 0.506088 -0.370918
-0.168885 0.080817 -1.43044 -0.805086 0.475859 -0.354111
-0.168684 0.080822 -1.43114 -0.860784 0.493303 -0.125315
-0.168586 0.081186 -1.43079 -0.866133 0.44807 -0.221465
-0.168752 0.081064 -1.43175 -0.846134 0.519974 0.116979
-0.16863 0.081095 -1.43153 -0.789212 0.523621 0.320883
-0.168527 0.081182 -1.43125 -0.892302 0.448786 0.0488755
-0.168485 0.081344 -1.43158 -0.799538 0.523741 -0.293996
-0.168396 0.081417 -1.43118 -0.918933 0.393738 0.0230821
-0.168322 0.081633 -1.43081 -0.883422 0.4455 -0.14524
-0.168353 0.081687 -1.43136 -0.952639 0.301661 0.0384598
-0.168264 0.08195 -1.43137 -0.850491 0.516609 -0.0988894
-0.167483 0.082785 -1.43189 -0.586737 0.754099 0.295084
-0.167616 0.082666 -1.43177 -0.74235 0.669358 0.0295995
-0.167956 0.0822 -1.43097 -0.783095 0.617937 -0.0701143
-0.167497 0.082799 -1.4311 -0.660009 0.737192 -0.144694
-0.168066 0.082388 -1.43045 -0.770443 0.550295 -0.321858
-0.1678 0.082533 -1.43071 -0.746132 0.599793 -0.289025
-0.167794 0.082785 -1.43025 -0.757203 0.560077 -0.336092
-0.167299 0.082949 -1.43112 -0.797464 0.60334 0.00559298
-0.16735 0.082879 -1.43106 -0.631177 0.747308 -0.207718
-0.167333 0.082972 -1.43096 -0.724182 0.609278 -0.323017
-0.167505 0.082873 -1.43082 -0.723731 0.622643 -0.29754
-0.167407 0.083149 -1.43053 -0.71427 0.598509 -0.362774
-0.16726 0.083076 -1.43153 -0.809596 0.586196 0.0304903
-0.162358 0.077411 -1.42695 0.734666 -0.535554 0.416471
-0.16317 0.076929 -1.42608 0.734338 -0.531611 0.422064
-0.161659 0.078454 -1.42677 0.753133 -0.517136 0.406647
-0.162497 0.077673 -1.42639 0.730675 -0.545769 0.410183
-0.162355 0.078182 -1.42587 0.739955 -0.53057 0.413476
-0.163508 0.07728 -1.4251 0.73866 -0.554471 0.383331
-0.16397 0.077475 -1.42385 0.722181 -0.611663 0.322991
-0.162933 0.078309 -1.42473 0.761985 -0.517706 0.389051
-0.16158 0.077943 -1.42767 0.737688 -0.543444 0.400606
-0.161394 0.078191 -1.42772 0.742542 -0.518428 0.424104
-0.161541 0.078202 -1.42735 0.754187 -0.526686 0.392178
-0.161073 0.078542 -1.42781 0.743696 -0.519363 0.420925
-0.161304 0.07845 -1.42748 0.766775 -0.517953 0.379184
-0.161041 0.078963 -1.42738 0.736067 -0.530891 0.419954
-0.161322 0.078861 -1.42701 0.763411 -0.506757 0.400501
-0.160011 0.080039 -1.42772 0.733672 -0.508999 0.450161
-0.160961 0.079243 -1.42711 0.725284 -0.558722 0.402236
-0.16129 0.079116 -1.42672 0.727772 -0.539192 0.423816
-0.160995 0.079586 -1.42655 0.712326 -0.567382 0.413122
-0.161817 0.078982 -1.42598 0.755406 -0.51433 0.405989
-0.161307 0.079301 -1.42649 0.706912 -0.565271 0.42514
-0.161528 0.079401 -1.42592 0.724434 -0.59274 0.35193
-0.161475 0.079634 -1.42561 0.723107 -0.567458 0.393836
-0.160714 0.080381 -1.42609 0.769633 -0.47786 0.423457
-0.161809 0.080063 -1.42443 0.744003 -0.524591 0.41384
-0.162295 0.079407 -1.42457 0.726507 -0.544107 0.419686
-0.162582 0.078697 -1.42485 0.753107 -0.489642 0.439409
-0.162456 0.079775 -1.42373 0.757248 -0.551023 0.35064
-0.164371 0.077172 -1.42346 0.733871 -0.562193 0.381278
-0.163773 0.077745 -1.42373 0.732477 -0.578033 0.35966
-0.163748 0.077998 -1.42347 0.732351 -0.544853 0.408408
-0.164891 0.077296 -1.42242 0.728221 -0.56048 0.394406
-0.164038 0.078278 -1.42247 0.744427 -0.529056 0.407343
-0.163198 0.078417 -1.42391 0.773942 -0.509559 0.375983
-0.162951 0.079122 -1.42361 0.789403 -0.500074 0.356046
-0.163513 0.079327 -1.42225 0.754786 -0.535746 0.378517
-0.164495 0.078363 -1.42161 0.749624 -0.543524 0.377684
-0.164619 0.078458 -1.42117 0.75446 -0.532722 0.383403
-0.164782 0.078576 -1.42075 0.753988 -0.530765 0.387028
-0.163621 0.079605 -1.4216 0.762129 -0.521003 0.384337
-0.164093 0.079568 -1.42066 0.765354 -0.513219 0.388382
-0.161906 0.080429 -1.42385 0.762086 -0.52815 0.374543
-0.161507 0.081536 -1.42314 0.781096 -0.486988 0.390809
-0.162881 0.080224 -1.42219 0.763167 -0.52553 0.376025
-0.16221 0.080236 -1.42343 0.76706 -0.545021 0.338483
-0.163294 0.079782 -1.42194 0.751479 -0.545143 0.371616
-0.163649 0.080325 -1.42066 0.78217 -0.512543 0.354274
-0.163811 0.08018 -1.42048 0.788647 -0.494525 0.36535
-0.164225 0.080152 -1.4197 0.769925 -0.507309 0.387108
-0.162817 0.081202 -1.42107 0.760156 -0.519173 0.39067
-0.165287 0.078554 -1.41964 0.753913 -0.543731 0.368743
-0.160097 0.081812 -1.42579 0.738654 -0.503466 0.448233
-0.161078 0.080421 -1.42545 0.778457 -0.464568 0.422115
-0.166913 0.083737 -1.43042 -0.668207 0.526567 -0.525573
-0.16686 0.083937 -1.43034 -0.780743 0.565743 -0.265283
-0.166935 0.083924 -1.42995 -0.661633 0.564324 -0.49374
-0.167198 0.083782 -1.42992 -0.547823 0.68562 -0.47939
-0.166892 0.083843 -1.43017 -0.728317 0.663713 -0.17041
-0.166679 0.083935 -1.43058 -0.702634 0.520834 -0.484807
-0.166514 0.084057 -1.43067 -0.788325 0.556983 -0.26137
-0.166749 0.084083 -1.43034 -0.803773 0.49711 -0.326851
-0.166799 0.084019 -1.43022 -0.864672 0.487059 -0.122944
-0.166733 0.084339 -1.43005 -0.798804 0.421808 -0.428941
-0.166815 0.084095 -1.42996 -0.870082 0.35568 -0.341246
-0.167226 0.084065 -1.42961 -0.628129 0.544272 -0.556078
-0.166967 0.084398 -1.4296 -0.714488 0.495 -0.494451
-0.161221 0.080865 -1.42464 0.792575 -0.474183 0.383373
-0.161276 0.081054 -1.42422 0.798809 -0.488502 0.351098
-0.160572 0.082166 -1.42451 0.7545 -0.537076 0.3772
-0.160121 0.082775 -1.42431 0.728962 -0.550024 0.407539
-0.160686 0.08257 -1.42363 0.766256 -0.516936 0.381613
-0.160763 0.083107 -1.42279 0.766965 -0.485252 0.419876
-0.161516 0.082445 -1.42212 0.797011 -0.452748 0.39974
-0.162146 0.081967 -1.42139 0.787218 -0.480829 0.386124
-0.16061 0.083982 -1.42211 0.784772 -0.460248 0.415097
-0.159616 0.082494 -1.42557 0.695521 -0.554317 0.457147
-0.160283 0.083482 -1.42314 0.767447 -0.47318 0.43258
-0.160147 0.085392 -1.42126 0.721106 -0.551644 0.41916
-0.171475 0.078095 -1.4295 -0.705427 0.509134 -0.493107
-0.171993 0.078072 -1.42869 -0.753323 0.497989 -0.429548
-0.171898 0.078408 -1.42841 -0.767134 0.5011 -0.400505
-0.172595 0.07912 -1.42626 -0.851933 0.440109 -0.283748
-0.170855 0.079109 -1.42932 -0.736912 0.474633 -0.481335
-0.170635 0.079302 -1.42951 -0.697198 0.490942 -0.522389
-0.170726 0.079456 -1.42918 -0.731032 0.517052 -0.445252
-0.171427 0.079415 -1.42815 -0.751878 0.509467 -0.418477
-0.170188 0.079461 -1.42998 -0.725547 0.519646 -0.451165
-0.170172 0.07968 -1.42963 -0.701162 0.529545 -0.477446
-0.169922 0.079893 -1.42981 -0.705651 0.523773 -0.477199
-0.170152 0.080595 -1.42877 -0.721987 0.523471 -0.452452
-0.169962 0.080055 -1.42957 -0.724368 0.492871 -0.482047
-0.169871 0.080316 -1.42941 -0.730189 0.496588 -0.469281
-0.169607 0.080559 -1.42965 -0.78477 0.46674 -0.407787
-0.170206 0.080065 -1.42928 -0.65838 0.527998 -0.536427
-0.170685 0.080155 -1.42834 -0.716656 0.533047 -0.44974
-0.171711 0.079271 -1.42762 -0.789571 0.481928 -0.379898
-0.171312 0.079819 -1.42782 -0.759607 0.502956 -0.41235
-0.171791 0.079824 -1.42684 -0.770276 0.508213 -0.385219
-0.172551 0.079438 -1.42582 -0.817822 0.458793 -0.347386
-0.171709 0.080677 -1.4259 -0.773962 0.495084 -0.394809
-0.171059 0.080567 -1.42739 -0.753684 0.507531 -0.41758
-0.171186 0.080597 -1.42701 -0.784225 0.505334 -0.36004
-0.170133 0.080943 -1.42836 -0.742728 0.489501 -0.456886
-0.171138 0.081175 -1.42639 -0.77001 0.485779 -0.413645
-0.170845 0.081784 -1.42622 -0.75477 0.530279 -0.386169
-0.172742 0.076652 -1.42894 -0.750003 0.504132 -0.42819
-0.172594 0.077399 -1.42836 -0.76874 0.488049 -0.413337
-0.172409 0.07765 -1.42843 -0.777097 0.489845 -0.395187
-0.172369 0.077903 -1.42807 -0.782809 0.519375 -0.342723
-0.172807 0.077675 -1.4275 -0.782833 0.489748 -0.383823
-0.17332 0.077728 -1.42635 -0.799718 0.474652 -0.367637
-0.173506 0.077755 -1.4259 -0.822447 0.478776 -0.307172
-0.173318 0.078512 -1.42529 -0.791004 0.463268 -0.399619
-0.173107 0.078266 -1.42606 -0.82098 0.461834 -0.335709
-0.172838 0.078202 -1.42689 -0.805557 0.462463 -0.370413
-0.17266 0.078726 -1.4266 -0.819109 0.445267 -0.361659
-0.172626 0.079765 -1.42522 -0.843815 0.470203 -0.258621
-0.17263 0.078851 -1.42238 -0.58126 -0.440198 0.68437
-0.172953 0.079355 -1.42241 -0.503582 -0.392606 0.769588
-0.171474 0.078809 -1.42131 -0.636505 -0.160677 0.75435
-0.17243 0.079765 -1.42173 -0.579496 -0.348008 0.736935
-0.173029 0.079643 -1.42228 -0.654862 -0.246611 0.71438
-0.173005 0.080072 -1.42276 -0.78567 0.615568 0.0616408
-0.172923 0.080123 -1.42338 -0.638451 0.64204 -0.424459
-0.172944 0.080225 -1.42308 -0.749821 0.652455 -0.109867
-0.172909 0.080332 -1.4227 -0.879377 0.445605 -0.167729
-0.172166 0.080069 -1.42136 -0.512894 -0.324577 0.794726
-0.173117 0.079979 -1.42226 -0.92963 0.114367 0.350297
-0.172892 0.080187 -1.42184 -0.671797 -0.415076 0.613515
-0.173061 0.080248 -1.42213 -0.986559 0.156308 0.0476368
-0.172481 0.0803 -1.4215 -0.521296 -0.30932 0.795344
-0.173017 0.080322 -1.42186 -0.943565 -0.0246847 0.330266
-0.17289 0.080349 -1.42171 -0.700652 -0.161124 0.695072
-0.172943 0.08045 -1.42232 -0.876529 0.462697 -0.132698
-0.172692 0.080868 -1.42242 -0.835414 0.525257 -0.16183
-0.172795 0.080708 -1.422 -0.791408 0.609202 -0.0504678
-0.172962 0.080572 -1.42193 -0.876671 0.45843 0.145912
-0.172854 0.080635 -1.42167 -0.803343 0.287578 0.521478
-0.172706 0.080881 -1.42171 -0.912105 0.390838 0.123731
-0.172384 0.080255 -1.4252 -0.810842 0.494336 -0.313315
-0.17214 0.080751 -1.4249 -0.800948 0.531981 -0.274734
-0.172656 0.080049 -1.42468 -0.810082 0.521163 -0.26862
-0.172727 0.080308 -1.42377 -0.818413 0.545605 -0.18032
-0.17131 0.081567 -1.42561 -0.761545 0.523538 -0.382044
-0.171247 0.081867 -1.42521 -0.755856 0.528879 -0.385965
-0.171431 0.08115 -1.42593 -0.780576 0.483733 -0.395857
-0.171515 0.081585 -1.42511 -0.789327 0.511254 -0.339974
-0.171529 0.082085 -1.42435 -0.819283 0.484429 -0.306764
-0.172688 0.080576 -1.42292 -0.820535 0.541906 -0.181825
-0.172113 0.081385 -1.42362 -0.855446 0.476832 -0.202097
-0.17229 0.08126 -1.42288 -0.856159 0.48545 -0.177003
-0.172406 0.081293 -1.42217 -0.860368 0.492042 -0.1329
-0.1726 0.081178 -1.42175 -0.904387 0.417502 -0.0881792
-0.171724 0.082563 -1.42281 -0.879636 0.44254 -0.174356
-0.171929 0.08218 -1.42206 -0.872267 0.485779 -0.0562845
-0.173849 0.077774 -1.42523 -0.75728 0.456448 -0.4671
-0.173672 0.078025 -1.42519 -0.709352 0.501489 -0.495306
-0.173988 0.077914 -1.42491 -0.845314 0.362765 -0.392231
-0.173632 0.078521 -1.42483 -0.741197 0.51641 -0.428891
-0.173936 0.078221 -1.42463 -0.846278 0.475837 -0.239568
-0.17359 0.078736 -1.42451 -0.767048 0.505232 -0.395445
-0.173305 0.078976 -1.42481 -0.757432 0.540447 -0.366353
-0.173781 0.078615 -1.42423 -0.853471 0.447506 -0.267071
-0.173997 0.078389 -1.42404 -0.903487 0.336717 -0.265203
-0.17379 0.078585 -1.4234 -0.700432 -0.344554 0.625042
-0.173917 0.078765 -1.42375 -0.84523 0.519152 -0.126759
-0.174064 0.078527 -1.42367 -0.945463 0.237935 0.222458
-0.173619 0.078971 -1.42431 -0.754918 0.508933 -0.413625
-0.173629 0.078998 -1.4242 -0.789041 0.613501 -0.0320893
-0.173621 0.078915 -1.42401 -0.790592 0.599843 -0.123095
-0.173451 0.079156 -1.42414 -0.734619 0.654467 -0.178907
-0.17349 0.07907 -1.42433 -0.600463 0.698483 -0.389316
-0.173714 0.078992 -1.42364 -0.79306 0.541803 -0.278396
-0.172714 0.079499 -1.42544 -0.814392 0.478597 -0.328194
-0.173333 0.079566 -1.42355 -0.789793 0.550584 -0.270339
-0.173101 0.079793 -1.42368 -0.719214 0.656486 -0.227503
-0.173653 0.07865 -1.4231 -0.6121 -0.453001 0.648169
-0.173521 0.079012 -1.42291 -0.656733 -0.258176 0.708553
-0.173857 0.078925 -1.42322 -0.939931 0.109076 0.323469
-0.173496 0.079407 -1.42332 -0.77881 0.547969 -0.305264
-0.173773 0.079169 -1.42328 -0.839643 0.516458 -0.168136
-0.173807 0.079056 -1.42325 -0.964284 0.197552 0.176434
-0.173717 0.079239 -1.42302 -0.95504 0.22738 0.190257
-0.173587 0.079477 -1.42307 -0.884967 0.394032 -0.248139
-0.173317 0.079165 -1.42266 -0.490323 -0.386162 0.781321
-0.173599 0.079298 -1.42277 -0.866687 -0.233378 0.440896
-0.173599 0.079625 -1.42258 -0.690628 0.0103438 0.723137
-0.173652 0.079583 -1.4228 -0.856658 0.507445 -0.0929334
-0.173359 0.07972 -1.42312 -0.749881 0.59444 -0.29038
-0.173167 0.079866 -1.42334 -0.727551 0.548852 -0.41162
-0.173209 0.079943 -1.42317 -0.842397 0.527189 -0.111529
-0.173311 0.079855 -1.42286 -0.665241 0.746456 -0.0160713
-0.173335 0.07979 -1.42259 -0.670011 0.682189 0.292751
-0.173091 0.079879 -1.42341 -0.676006 0.619356 -0.399266
-0.173047 0.080022 -1.42335 -0.58331 0.511934 -0.630613
-0.173152 0.080085 -1.4232 -0.780753 0.577022 -0.239728
-0.173055 0.080155 -1.42321 -0.555126 0.797015 -0.237911
-0.173533 0.079958 -1.42238 0.810791 -0.530853 -0.246603
-0.173614 0.079974 -1.42242 -0.449529 0.237561 -0.861097
-0.173617 0.079929 -1.42238 -0.311756 -0.942331 -0.121737
-0.173627 0.079997 -1.42228 -0.776862 0.255091 0.575686
-0.169704 0.080301 -1.42978 -0.765709 0.449242 -0.460296
-0.169695 0.080869 -1.4292 -0.754249 0.476448 -0.45178
-0.168184 0.082535 -1.42978 -0.75923 0.531484 -0.375626
-0.168672 0.081366 -1.43038 -0.799778 0.449577 -0.397788
-0.169096 0.081422 -1.42963 -0.755262 0.488205 -0.437303
-0.168575 0.081769 -1.43003 -0.769737 0.512555 -0.380516
-0.168976 0.082048 -1.42905 -0.735981 0.516141 -0.438099
-0.169616 0.081233 -1.42887 -0.739122 0.504387 -0.446422
-0.169898 0.081378 -1.42835 -0.763876 0.466934 -0.445496
-0.169938 0.081668 -1.4279 -0.766365 0.478632 -0.42848
-0.169455 0.082435 -1.4279 -0.733192 0.502923 -0.45771
-0.169078 0.082744 -1.42811 -0.717475 0.517624 -0.466149
-0.169479 0.08274 -1.42752 -0.740435 0.509985 -0.437802
-0.169832 0.082407 -1.42726 -0.759287 0.508098 -0.406596
-0.169154 0.083732 -1.4269 -0.738287 0.536993 -0.408131
-0.170454 0.081716 -1.42713 -0.749387 0.512677 -0.419024
-0.167603 0.083349 -1.42994 -0.75524 0.53059 -0.384819
-0.16793 0.082895 -1.42981 -0.768929 0.500611 -0.397665
-0.168356 0.083234 -1.42873 -0.748824 0.516918 -0.414799
-0.167223 0.083556 -1.43027 -0.648677 0.649119 -0.397319
-0.167533 0.083704 -1.42954 -0.718406 0.544694 -0.432668
-0.168558 0.083531 -1.42804 -0.72087 0.525162 -0.452273
-0.168411 0.083362 -1.42841 -0.752181 0.502553 -0.42622
-0.167997 0.083975 -1.42854 -0.740729 0.520736 -0.424447
-0.168143 0.084612 -1.42737 -0.707572 0.549721 -0.444014
-0.167557 0.085805 -1.42683 -0.713368 0.558053 -0.42389
-0.169964 0.0829 -1.42636 -0.750481 0.521945 -0.405403
-0.169902 0.083847 -1.42517 -0.695882 0.609726 -0.37945
-0.170918 0.082125 -1.4256 -0.763979 0.535871 -0.359413
-0.170997 0.082421 -1.42506 -0.768869 0.49934 -0.399375
-0.17102 0.082738 -1.42454 -0.797008 0.4796 -0.3671
-0.169914 0.083552 -1.4257 -0.715729 0.558883 -0.418787
-0.170097 0.084068 -1.4246 -0.696196 0.594005 -0.403075
-0.171135 0.082939 -1.42397 -0.830252 0.468889 -0.301373
-0.171006 0.083828 -1.42297 -0.817625 0.500997 -0.28371
-0.171401 0.083383 -1.42238 -0.892733 0.445879 -0.0649635
-0.170854 0.08311 -1.42449 -0.797338 0.483392 -0.361364
-0.170383 0.084487 -1.42338 -0.782009 0.544231 -0.303768
-0.169495 0.083845 -1.42597 -0.724172 0.543463 -0.424528
-0.169628 0.084058 -1.42552 -0.740952 0.550805 -0.384191
-0.169348 0.08466 -1.4252 -0.749461 0.534955 -0.390041
-0.168567 0.085215 -1.42589 -0.727711 0.557103 -0.400092
-0.169787 0.084351 -1.4247 -0.732445 0.537614 -0.417727
-0.170037 0.084869 -1.42362 -0.765633 0.536024 -0.355646
-0.168319 0.086204 -1.42486 -0.718551 0.561928 -0.409782
-0.16922 0.085905 -1.42373 -0.732695 0.554037 -0.395223
-0.168442 0.086897 -1.42374 -0.707169 0.623162 -0.334039
-0.169418 0.086124 -1.42298 -0.776577 0.54573 -0.314813
-0.156539 0.07993 -1.44387 -0.0908559 -0.550076 -0.830157
-0.156696 0.079865 -1.44378 -0.309322 -0.565544 -0.764513
-0.156627 0.079758 -1.44363 0.0620039 -0.664145 -0.745028
-0.156817 0.079899 -1.44369 -0.549272 -0.135868 -0.824524
-0.156661 0.079979 -1.44385 -0.501945 -0.179482 -0.846071
-0.156654 0.080131 -1.44386 -0.580654 -0.140176 -0.801992
-0.156518 0.080073 -1.44394 -0.217067 -0.35914 -0.90769
-0.156761 0.080415 -1.44385 -0.53835 -0.11462 -0.83489
-0.156428 0.079065 -1.44317 -0.0242255 -0.610819 -0.7914
-0.157033 0.079371 -1.44332 -0.167112 -0.46803 -0.867768
-0.156767 0.079444 -1.44346 -0.0735645 -0.529185 -0.845312
-0.157232 0.079525 -1.4434 -0.0924864 -0.417005 -0.904186
-0.157989 0.079604 -1.44336 -0.149257 -0.249067 -0.956916
-0.156776 0.079705 -1.44361 -0.159514 -0.463917 -0.871399
-0.157109 0.080114 -1.44354 -0.600541 0.236618 -0.763782
-0.15714 0.080145 -1.44341 -0.652595 0.719746 -0.236825
-0.157143 0.080216 -1.44328 -0.807529 -0.0715683 -0.58547
-0.157201 0.080101 -1.44327 -0.529703 0.612197 -0.587052
-0.157024 0.080248 -1.44357 -0.587814 0.0345486 -0.808258
-0.157129 0.080291 -1.44346 -0.803303 -0.0687801 -0.591585
-0.157155 0.079724 -1.44352 -0.213251 -0.406996 -0.888188
-0.157365 0.079815 -1.44348 -0.188849 -0.198205 -0.961796
-0.157282 0.080015 -1.44353 -0.298374 0.577042 -0.76026
-0.157404 0.080041 -1.44349 0.082036 0.323617 -0.942625
-0.157284 0.080062 -1.44341 -0.0229131 0.95483 -0.296268
-0.157319 0.080066 -1.44326 0.487219 0.656896 -0.575418
-0.157401 0.080152 -1.44345 0.633658 0.504635 -0.586362
-0.157416 0.080237 -1.44334 0.692458 -0.0280525 -0.720912
-0.157261 0.080359 -1.44334 -0.270427 -0.376286 -0.886159
-0.157468 0.080358 -1.44339 0.515383 0.103472 -0.85069
-0.157295 0.080238 -1.44325 0.105987 -0.257399 -0.960475
-0.158503 0.079439 -1.44324 -0.275212 -0.143846 -0.950561
-0.158654 0.079504 -1.44318 -0.346849 -0.018915 -0.93773
-0.158337 0.079707 -1.44333 -0.340669 -0.0555847 -0.938539
-0.157749 0.080167 -1.44349 0.12119 0.0278291 -0.992239
-0.157663 0.080421 -1.44347 0.294696 0.0842567 -0.951869
-0.15793 0.080326 -1.44354 -0.020559 0.121432 -0.992387
-0.158167 0.080145 -1.44341 -0.411375 -0.0378361 -0.91068
-0.158057 0.080373 -1.4435 -0.418159 0.106659 -0.90209
-0.158275 0.080509 -1.44331 -0.533086 0.320951 -0.782822
-0.158587 0.080139 -1.4432 -0.490578 0.153817 -0.857714
-0.158767 0.080197 -1.44309 -0.593589 0.241673 -0.767624
-0.158882 0.080211 -1.44296 -0.680717 0.359048 -0.638521
-0.156899 0.080219 -1.44363 -0.605236 -0.155352 -0.78074
-0.156978 0.080409 -1.44363 -0.770929 -0.0816012 -0.631672
-0.156918 0.080462 -1.44376 -0.726722 -0.100952 -0.679474
-0.156948 0.08068 -1.44367 -0.741597 -0.0196139 -0.670559
-0.156742 0.080822 -1.44384 -0.471333 0.140666 -0.870665
-0.157061 0.080807 -1.44357 -0.710471 -0.165532 -0.683981
-0.157104 0.080522 -1.44346 -0.701614 -0.0451644 -0.711124
-0.157181 0.080709 -1.44344 -0.41894 -0.205192 -0.884525
-0.157398 0.080511 -1.44337 0.145277 -0.0658892 -0.987195
-0.157639 0.080653 -1.4434 0.0181263 0.224294 -0.974353
-0.15746 0.080876 -1.44339 -0.224465 -0.0801854 -0.971177
-0.156466 0.080768 -1.44393 -0.654651 0.413521 -0.632798
-0.156595 0.080743 -1.44391 -0.286351 0.243524 -0.92666
-0.156601 0.080943 -1.44384 -0.122355 0.184973 -0.975097
-0.156821 0.081007 -1.44377 -0.363373 0.119797 -0.923909
-0.156739 0.08104 -1.44377 -0.292781 0.0820145 -0.952656
-0.157136 0.081374 -1.44357 -0.511363 0.168252 -0.842733
-0.15708 0.08106 -1.44361 -0.563491 -0.0974143 -0.820359
-0.157332 0.081061 -1.44349 -0.428217 -0.107164 -0.897299
-0.157644 0.080987 -1.44332 -0.363491 0.137052 -0.921461
-0.157575 0.081209 -1.44335 -0.489703 0.116709 -0.864043
-0.157926 0.080824 -1.44331 -0.254494 0.412227 -0.874815
-0.158002 0.081082 -1.44313 -0.499076 0.351691 -0.791982
-0.157628 0.081532 -1.44323 -0.536845 0.335218 -0.774227
-0.158489 0.080745 -1.44296 -0.616097 0.436203 -0.655859
-0.158168 0.081375 -1.44284 -0.623579 0.418107 -0.660557
-0.159159 0.079839 -1.44289 -0.625716 0.330458 -0.706595
-0.159523 0.079978 -1.44217 -0.665635 0.430058 -0.609902
-0.159046 0.080566 -1.44241 -0.703131 0.418908 -0.574563
-0.15643 0.081305 -1.444 -0.533158 -0.308474 -0.787773
-0.156575 0.081213 -1.44387 -0.363185 -0.214651 -0.906654
-0.156702 0.081246 -1.44379 -0.474059 -0.232785 -0.849164
-0.156858 0.081369 -1.44376 -0.440215 -0.0118817 -0.897814
-0.1566 0.0814 -1.44393 -0.51729 -0.088928 -0.851177
-0.156902 0.081635 -1.44367 -0.628081 0.147875 -0.763968
-0.156592 0.08169 -1.4439 -0.50488 0.0127008 -0.863096
-0.157376 0.081961 -1.44316 -0.612159 0.360727 -0.70366
-0.156609 0.082149 -1.44392 -0.697078 0.176329 -0.694975
-0.156757 0.082542 -1.44346 -0.666656 0.455128 -0.590279
-0.156929 0.08213 -1.4435 -0.697906 0.285772 -0.656705
-0.156349 0.082399 -1.44401 -0.316286 0.412273 -0.854397
-0.156484 0.082455 -1.44391 -0.554257 0.483537 -0.677489
-0.156524 0.082672 -1.4436 -0.56606 0.5792 -0.586604
-0.157257 0.082833 -1.44285 -0.622602 0.465712 -0.628872
-0.156418 0.083081 -1.44339 -0.559785 0.552869 -0.617233
-0.156432 0.083746 -1.44275 -0.516293 0.590411 -0.620368
-0.158346 0.082201 -1.44211 -0.660908 0.474146 -0.58171
-0.159839 0.080305 -1.44174 -0.564107 0.327472 -0.757988
-0.159361 0.080633 -1.44208 -0.652894 0.386059 -0.651681
-0.159597 0.080689 -1.44179 -0.601487 0.386393 -0.699223
-0.158912 0.080869 -1.44232 -0.654671 0.478465 -0.585216
-0.159281 0.080904 -1.44191 -0.603467 0.476396 -0.639433
-0.15973 0.08151 -1.44128 -0.574331 0.448946 -0.684537
-0.160574 0.080697 -1.44091 -0.564594 0.477361 -0.673321
-0.160415 0.081376 -1.44058 -0.647885 0.430438 -0.628465
-0.161188 0.080934 -1.44021 -0.484591 0.524102 -0.700348
-0.160823 0.081222 -1.44034 -0.583337 0.411289 -0.700399
-0.160298 0.081823 -1.4404 -0.587734 0.470533 -0.658155
-0.159064 0.081612 -1.44164 -0.630345 0.439331 -0.640042
-0.158968 0.08211 -1.44132 -0.579058 0.499586 -0.644287
-0.15983 0.082013 -1.44083 -0.617319 0.489002 -0.616275
-0.161211 0.081345 -1.43991 -0.518801 0.420896 -0.744104
-0.160839 0.081598 -1.44015 -0.593027 0.390986 -0.703881
-0.16023 0.082544 -1.43981 -0.564607 0.555617 -0.610335
-0.161053 0.081874 -1.43977 -0.529971 0.487021 -0.69422
-0.16142 0.081955 -1.43948 -0.446727 0.482687 -0.753291
-0.161403 0.082189 -1.43932 -0.430083 0.605564 -0.669568
-0.160905 0.082529 -1.43937 -0.487132 0.586991 -0.646641
-0.161293 0.082579 -1.43891 -0.466652 0.647776 -0.602181
-0.16066 0.083134 -1.43897 -0.523108 0.587371 -0.617538
-0.157795 0.082437 -1.44248 -0.663916 0.445665 -0.600498
-0.157907 0.083152 -1.44164 -0.63963 0.544872 -0.542206
-0.158645 0.083329 -1.44083 -0.594811 0.511401 -0.620217
-0.157374 0.083596 -1.44172 -0.598084 0.548611 -0.584227
-0.156937 0.083579 -1.44243 -0.614356 0.614496 -0.494936
-0.156465 0.084259 -1.44215 -0.55513 0.590689 -0.585591
-0.157823 0.083663 -1.44135 -0.591041 0.487089 -0.642973
-0.157628 0.084518 -1.44083 -0.619943 0.548094 -0.561484
-0.158107 0.084232 -1.44052 -0.609159 0.533617 -0.586667
-0.159523 0.082765 -1.44047 -0.597186 0.537048 -0.595776
-0.158998 0.083447 -1.44033 -0.613176 0.533419 -0.582649
-0.158513 0.084518 -1.43992 -0.592565 0.543729 -0.594328
-0.159369 0.084546 -1.43893 -0.617261 0.55059 -0.561996
-0.159207 0.083916 -1.43973 -0.663124 0.502405 -0.554848
-0.159737 0.083295 -1.43963 -0.623847 0.543627 -0.561502
-0.159673 0.083789 -1.4392 -0.634094 0.519461 -0.572787
-0.161914 0.081175 -1.43968 -0.233 0.568315 -0.789132
-0.161998 0.081603 -1.4394 -0.321375 0.502588 -0.802573
-0.162389 0.08169 -1.43927 -0.596874 0.517603 -0.613049
-0.162016 0.081887 -1.43921 -0.319302 0.620439 -0.716311
-0.162343 0.081994 -1.43895 -0.678421 0.497849 -0.540269
-0.162324 0.082347 -1.43868 -0.047497 0.592821 -0.803933
-0.161975 0.082307 -1.43882 -0.29317 0.643768 -0.706834
-0.162602 0.082482 -1.43864 0.984784 -2.656e-06 0.173785
-0.15719 0.084492 -1.44127 -0.558875 0.516438 -0.648807
-0.157671 0.085336 -1.43994 -0.589692 0.580329 -0.561677
-0.156853 0.085228 -1.44096 -0.565451 0.58023 -0.586172
-0.156937 0.086143 -1.43986 -0.5915 0.589033 -0.550607
-0.161296 0.083458 -1.43809 -0.411129 0.63334 -0.655632
-0.160361 0.084 -1.43843 -0.550616 0.563477 -0.615885
-0.161604 0.083882 -1.43748 -0.32931 0.691692 -0.642742
-0.161318 0.084426 -1.43716 -0.489604 0.651665 -0.579328
-0.160372 0.084859 -1.43755 -0.563193 0.61287 -0.554259
-0.161649 0.084589 -1.43672 -0.307627 0.742951 -0.594466
-0.161693 0.085238 -1.43571 -0.395216 0.763973 -0.510048
-0.160071 0.086185 -1.43644 -0.589596 0.611254 -0.527963
-0.160763 0.085235 -1.43667 -0.548982 0.622255 -0.558048
-0.161016 0.085497 -1.43618 -0.567408 0.64196 -0.515689
-0.161681 0.082938 -1.43834 -0.251878 0.653709 -0.713598
-0.162336 0.08296 -1.43824 -0.977045 0.200859 -0.0709885
-0.162138 0.083442 -1.43775 -0.647601 0.529289 -0.548147
-0.162216 0.084168 -1.43698 -0.527609 0.588459 -0.612654
-0.162332 0.084715 -1.43625 -0.334588 0.759986 -0.557201
-0.162385 0.085104 -1.43551 -0.231455 0.842357 -0.486685
-0.163049 0.085148 -1.43522 -0.449477 0.737744 -0.503691
-0.161464 0.085956 -1.43496 -0.545953 0.702425 -0.456655
-0.161356 0.086608 -1.43412 -0.612383 0.619218 -0.491484
-0.161881 0.086823 -1.43328 -0.561025 0.643367 -0.520894
-0.164534 0.086051 -1.43094 -0.583005 0.724164 -0.368364
-0.166283 0.084389 -1.43182 -0.782419 0.6215 -0.0394794
-0.166045 0.084623 -1.43264 -0.719712 0.584696 -0.37436
-0.166182 0.084551 -1.43107 -0.793946 0.605335 -0.0567355
-0.165426 0.08508 -1.43266 -0.511167 0.787245 -0.344897
-0.164625 0.085448 -1.43277 -0.43133 0.846333 -0.312529
-0.165348 0.085372 -1.43115 -0.589158 0.785572 -0.189126
-0.16463 0.085596 -1.43193 -0.469338 0.855113 -0.220236
-0.162257 0.085518 -1.43489 -0.33152 0.819916 -0.466724
-0.162247 0.085896 -1.43405 -0.418833 0.785004 -0.456451
-0.16361 0.085638 -1.43363 -0.417906 0.830315 -0.36869
-0.162773 0.085901 -1.43368 -0.420878 0.765933 -0.486013
-0.163131 0.085714 -1.43378 -0.292712 0.866861 -0.403573
-0.162542 0.086489 -1.43303 -0.54062 0.700445 -0.465947
-0.163144 0.086036 -1.4331 -0.437083 0.812355 -0.386053
-0.163827 0.08587 -1.43245 -0.472425 0.833764 -0.28575
-0.163715 0.086234 -1.43186 -0.595321 0.675986 -0.434321
-0.162032 0.087595 -1.43221 -0.599398 0.61237 -0.515486
-0.163149 0.087199 -1.43142 -0.619495 0.602808 -0.50284
-0.158075 0.085978 -1.43878 -0.59109 0.597296 -0.54208
-0.15922 0.085419 -1.43816 -0.588828 0.595818 -0.546153
-0.158541 0.086185 -1.43808 -0.572697 0.615888 -0.541017
-0.159143 0.086584 -1.43694 -0.583678 0.606102 -0.540333
-0.158209 0.086846 -1.43763 -0.594653 0.595337 -0.540335
-0.157518 0.086757 -1.43858 -0.612686 0.586725 -0.5295
-0.157772 0.087822 -1.43715 -0.603965 0.585732 -0.540504
-0.158194 0.088242 -1.43619 -0.626742 0.645742 -0.436132
-0.159495 0.087552 -1.43541 -0.59864 0.642272 -0.478661
-0.160617 0.086422 -1.4354 -0.616573 0.632335 -0.469031
-0.157579 0.089067 -1.43578 -0.659265 0.604348 -0.447362
-0.15898 0.088348 -1.43484 -0.557698 0.675248 -0.482715
-0.159077 0.088808 -1.43417 -0.542161 0.642693 -0.541301
-0.161196 0.087237 -1.43365 -0.633417 0.600153 -0.488466
-0.160148 0.0876 -1.43455 -0.600004 0.625429 -0.498832
-0.159911 0.088601 -1.43355 -0.586009 0.608133 -0.535507
-0.161271 0.087417 -1.4333 -0.620081 0.605024 -0.499445
-0.160969 0.088701 -1.43226 -0.628494 0.603038 -0.491264
-0.158367 0.088483 -1.43544 -0.628351 0.655074 -0.419586
-0.15839 0.08905 -1.43454 -0.609059 0.611475 -0.505119
-0.157552 0.089623 -1.43517 -0.703883 0.509352 -0.495084
-0.158529 0.089435 -1.43401 -0.588619 0.598693 -0.543226
-0.158275 0.09008 -1.43362 -0.718125 0.516233 -0.46669
-0.157718 0.090449 -1.43424 -0.730486 0.504457 -0.46034
-0.159902 0.089199 -1.43299 -0.583261 0.603587 -0.543589
-0.159798 0.090021 -1.43205 -0.586868 0.673311 -0.44971
-0.158278 0.090527 -1.43307 -0.642516 0.612798 -0.460057
-0.158349 0.090886 -1.43231 -0.615752 0.657138 -0.434763
-0.15955 0.090672 -1.43137 -0.573009 0.64083 -0.510879
-0.165766 0.085098 -1.43064 -0.696228 0.673515 -0.248281
-0.166195 0.084651 -1.43057 -0.760986 0.554002 -0.337612
-0.16635 0.084799 -1.43016 -0.703204 0.577581 -0.414614
-0.166174 0.085407 -1.4294 -0.673282 0.612255 -0.414531
-0.165343 0.085574 -1.43052 -0.651317 0.66053 -0.373478
-0.165084 0.086805 -1.42922 -0.662309 0.589264 -0.462725
-0.167102 0.085235 -1.42824 -0.695523 0.572284 -0.434442
-0.167281 0.085658 -1.42748 -0.698397 0.561043 -0.44438
-0.166099 0.087333 -1.42713 -0.673038 0.594373 -0.44016
-0.166334 0.086156 -1.42827 -0.676907 0.571829 -0.463475
-0.16377 0.08727 -1.43043 -0.652638 0.588775 -0.476872
-0.164122 0.087818 -1.42933 -0.645568 0.60394 -0.467439
-0.16539 0.08846 -1.42654 -0.670289 0.60022 -0.436405
-0.164428 0.088203 -1.42837 -0.660016 0.598061 -0.454645
-0.167441 0.086295 -1.42636 -0.707932 0.578351 -0.405392
-0.16723 0.087336 -1.42517 -0.728758 0.551819 -0.405472
-0.166854 0.087659 -1.42545 -0.705644 0.583692 -0.401708
-0.167761 0.087334 -1.42426 -0.693035 0.656892 -0.296978
-0.167159 0.087733 -1.42481 -0.688645 0.632329 -0.354863
-0.167433 0.087976 -1.42403 -0.69771 0.598684 -0.393419
-0.167847 0.087846 -1.42345 -0.718038 0.591237 -0.367233
-0.164665 0.089211 -1.42671 -0.667645 0.597143 -0.444602
-0.16638 0.087619 -1.42623 -0.672631 0.602923 -0.429013
-0.165476 0.090197 -1.42394 -0.714207 0.621174 -0.32257
-0.165884 0.088998 -1.42511 -0.685706 0.599341 -0.413035
-0.166574 0.088648 -1.42433 -0.684025 0.618864 -0.386156
-0.165979 0.089453 -1.42422 -0.693963 0.619645 -0.366682
-0.165731 0.090022 -1.42361 -0.710326 0.621405 -0.330596
-0.161886 0.088474 -1.4313 -0.59896 0.613828 -0.514259
-0.162254 0.088813 -1.43058 -0.599445 0.646556 -0.471838
-0.161156 0.089567 -1.43085 -0.591048 0.64436 -0.485245
-0.160871 0.089145 -1.43172 -0.614839 0.640948 -0.45952
-0.161754 0.089879 -1.4295 -0.614321 0.644272 -0.455546
-0.16249 0.090098 -1.42835 -0.645251 0.589957 -0.485389
-0.158616 0.091605 -1.43131 -0.538036 0.634869 -0.554489
-0.158773 0.09219 -1.43044 -0.504395 0.688426 -0.521206
-0.159783 0.091008 -1.43066 -0.593743 0.587458 -0.549875
-0.159439 0.091929 -1.4301 -0.533442 0.66179 -0.526758
-0.160036 0.091495 -1.42999 -0.590914 0.577054 -0.563764
-0.159725 0.092587 -1.42883 -0.51912 0.676654 -0.522163
-0.160756 0.090339 -1.43029 -0.63626 0.593591 -0.492771
-0.160615 0.091406 -1.42942 -0.634573 0.592892 -0.495778
-0.16103 0.091569 -1.42855 -0.688568 0.593765 -0.416313
-0.162987 0.088223 -1.4304 -0.630261 0.611042 -0.478955
-0.162637 0.088984 -1.42968 -0.604087 0.660108 -0.446471
-0.16345 0.089091 -1.42858 -0.607296 0.627458 -0.487327
-0.163561 0.089672 -1.42771 -0.605718 0.63971 -0.473157
-0.162859 0.090606 -1.42719 -0.691542 0.54378 -0.475472
-0.161406 0.091268 -1.42831 -0.671866 0.579253 -0.461587
-0.160013 0.092985 -1.42809 -0.587257 0.639197 -0.496544
-0.16178 0.091919 -1.42691 -0.641007 0.616654 -0.456999
-0.162549 0.091831 -1.4261 -0.619965 0.627223 -0.471418
-0.160971 0.09189 -1.42815 -0.669016 0.602301 -0.435489
-0.160831 0.092943 -1.42688 -0.658814 0.627489 -0.414996
-0.163043 0.092604 -1.42408 -0.64697 0.67411 -0.356379
-0.16169 0.092967 -1.42563 -0.624091 0.65811 -0.42119
-0.161213 0.094407 -1.42397 -0.585327 0.730124 -0.352578
-0.164358 0.090364 -1.42556 -0.655101 0.623455 -0.426786
-0.163856 0.09035 -1.42629 -0.637557 0.630531 -0.442664
-0.163102 0.091025 -1.42639 -0.658226 0.590809 -0.466565
-0.165223 0.090156 -1.42446 -0.679571 0.625396 -0.383488
-0.164581 0.091426 -1.4235 -0.670534 0.647501 -0.362113
-0.163518 0.091891 -1.42462 -0.645219 0.654037 -0.394878
-0.157811 0.091622 -1.43225 -0.708865 0.607738 -0.358001
-0.158049 0.091587 -1.43179 -0.637874 0.60999 -0.470138
-0.158088 0.09258 -1.43044 -0.484228 0.719635 -0.497643
-0.158621 0.092795 -1.42967 -0.486941 0.7036 -0.517529
-0.158427 0.093434 -1.42901 -0.532472 0.655896 -0.535046
-0.16048 0.092943 -1.42752 -0.658819 0.618939 -0.427635
-0.159713 0.09399 -1.42711 -0.58512 0.654257 -0.479147
-0.158847 0.094873 -1.42691 -0.523126 0.727034 -0.444703
-0.160514 0.093931 -1.42594 -0.639689 0.662687 -0.389415
-0.160581 0.094412 -1.42482 -0.625353 0.701052 -0.342725
-0.159794 0.094353 -1.4263 -0.627488 0.665099 -0.404847
-0.159708 0.095092 -1.42527 -0.652836 0.682317 -0.329011
-0.159903 0.095059 -1.4248 -0.676612 0.68004 -0.282385
-0.159274 0.09509 -1.42601 -0.58579 0.700452 -0.407697
-0.158784 0.095421 -1.42599 -0.451674 0.789453 -0.415637
-0.159151 0.095695 -1.42502 -0.558168 0.729427 -0.395456
-0.158155 0.095678 -1.4261 -0.492965 0.742023 -0.454298
-0.158836 0.096233 -1.42461 -0.539456 0.715269 -0.444271
-0.128701 0.094168 -1.44685 0.638409 -0.76794 -0.0519789
-0.128692 0.094212 -1.44658 0.623423 -0.747585 0.229041
-0.129421 0.09373 -1.44659 0.615063 -0.766007 0.186895
-0.128457 0.094517 -1.44725 0.659824 -0.638643 -0.395939
-0.128993 0.094044 -1.44718 0.608799 -0.727194 -0.317101
-0.126679 0.09642 -1.44689 0.717401 -0.69666 0.000604527
-0.128429 0.095372 -1.44805 0.541614 -0.622313 -0.565137
-0.128198 0.09472 -1.44661 0.765497 -0.639256 0.073257
-0.127964 0.095197 -1.44724 0.740377 -0.589848 -0.322369
-0.128293 0.094583 -1.44695 0.772623 -0.622833 -0.123014
-0.127127 0.096172 -1.44785 0.568309 -0.670295 -0.47721
-0.127852 0.09558 -1.44766 0.577758 -0.716241 -0.3914
-0.127894 0.096099 -1.44844 0.504373 -0.665309 -0.550429
-0.127452 0.095701 -1.44703 0.727007 -0.68282 -0.0722322
-0.127121 0.0961 -1.44635 0.677168 -0.717733 0.162181
-0.126975 0.096176 -1.44759 0.679237 -0.703608 -0.20874
-0.121957 0.100033 -1.44774 0.398314 -0.913863 -0.07874
-0.122312 0.099869 -1.44755 0.40516 -0.899344 0.164395
-0.124395 0.098505 -1.44727 0.626583 -0.741304 -0.240547
-0.123847 0.099052 -1.44713 0.654607 -0.749019 -0.102274
-0.123948 0.099208 -1.44775 0.548353 -0.760295 -0.348226
-0.123464 0.099316 -1.44723 0.498564 -0.858482 -0.120176
-0.123879 0.099716 -1.44869 0.412478 -0.739322 -0.532227
-0.122724 0.099738 -1.44739 0.48139 -0.869846 0.107849
-0.122776 0.099761 -1.44782 0.349788 -0.88846 -0.29713
-0.122276 0.100136 -1.44695 0.497829 -0.771068 0.397015
-0.123653 0.099522 -1.44811 0.397273 -0.846088 -0.3554
-0.127426 0.096998 -1.44912 0.546714 -0.578411 -0.605429
-0.128423 0.096987 -1.44984 0.51816 -0.59052 -0.618706
-0.128149 0.09757 -1.45008 0.513848 -0.556041 -0.653283
-0.126258 0.097354 -1.44775 0.711774 -0.552473 -0.433764
-0.126338 0.096875 -1.44714 0.779139 -0.586219 -0.222011
-0.125944 0.097239 -1.44685 0.69428 -0.685556 -0.219062
-0.125714 0.09776 -1.44746 0.577523 -0.739517 -0.345806
-0.125302 0.097828 -1.44695 0.576437 -0.792872 -0.197671
-0.125165 0.098114 -1.44762 0.500252 -0.795262 -0.342499
-0.126793 0.096503 -1.44782 0.730522 -0.546446 -0.409554
-0.127136 0.096634 -1.44832 0.653879 -0.536564 -0.533425
-0.1264 0.097964 -1.44857 0.60989 -0.584344 -0.535327
-0.126925 0.098041 -1.44947 0.647238 -0.52527 -0.552426
-0.126073 0.099485 -1.44992 0.650578 -0.485582 -0.583916
-0.127747 0.098212 -1.45035 0.541045 -0.601961 -0.587293
-0.127087 0.098968 -1.45043 0.632623 -0.541131 -0.554045
-0.12765 0.099049 -1.45133 0.549282 -0.444405 -0.707667
-0.127324 0.099435 -1.45125 0.642039 -0.370723 -0.671081
-0.127339 0.099749 -1.45136 0.463212 -0.160681 -0.87156
-0.127636 0.099459 -1.45147 0.400538 -0.108945 -0.90978
-0.126746 0.099788 -1.45079 0.674453 -0.438116 -0.59428
-0.124895 0.098856 -1.44852 0.464386 -0.673763 -0.574796
-0.125042 0.099313 -1.44893 0.324205 -0.488181 -0.810291
-0.126056 0.097782 -1.44802 0.51301 -0.694814 -0.504037
-0.12594 0.099101 -1.44938 0.578378 -0.54579 -0.606293
-0.125546 0.099017 -1.449 0.465842 -0.548202 -0.694598
-0.124295 0.099821 -1.44905 0.299689 -0.550653 -0.779081
-0.125246 0.099954 -1.44936 0.447736 -0.398981 -0.800216
-0.125604 0.099781 -1.44953 0.643344 -0.376716 -0.666478
-0.125497 0.100153 -1.44958 0.573161 -0.374447 -0.728887
-0.132414 0.094096 -1.449 0.194272 -0.555443 -0.808543
-0.132183 0.094798 -1.44938 0.109688 -0.561634 -0.820083
-0.131359 0.092851 -1.44783 0.226029 -0.789591 -0.570488
-0.130625 0.092864 -1.44746 0.454057 -0.75252 -0.477017
-0.129885 0.09326 -1.44667 0.643478 -0.763158 0.059378
-0.130889 0.092503 -1.44647 0.598778 -0.800643 -0.0208583
-0.129818 0.093354 -1.44704 0.603562 -0.766229 -0.220467
-0.130699 0.092705 -1.44717 0.507204 -0.834652 -0.214712
-0.129494 0.093825 -1.44753 0.572853 -0.662642 -0.482437
-0.129635 0.094144 -1.44798 0.54784 -0.572314 -0.610187
-0.130448 0.093519 -1.44805 0.458009 -0.605856 -0.650512
-0.130905 0.093344 -1.44818 0.324316 -0.641412 -0.695277
-0.132179 0.09247 -1.44746 0.184304 -0.785153 -0.591241
-0.131441 0.09308 -1.44814 0.14104 -0.699066 -0.70101
-0.132367 0.093277 -1.44838 0.18813 -0.667413 -0.720532
-0.132299 0.09283 -1.44789 0.278202 -0.69497 -0.663039
-0.133385 0.092875 -1.44841 0.355458 -0.62531 -0.694721
-0.131621 0.093812 -1.44873 0.133478 -0.564681 -0.814444
-0.130769 0.094432 -1.44893 0.269702 -0.601267 -0.752156
-0.1302 0.094833 -1.44898 0.446133 -0.622875 -0.642645
-0.130635 0.095037 -1.44942 0.278191 -0.63482 -0.720842
-0.128912 0.095989 -1.44919 0.501677 -0.651632 -0.568943
-0.129624 0.095923 -1.44975 0.432901 -0.652026 -0.622462
-0.130215 0.095631 -1.44977 0.275147 -0.626673 -0.729092
-0.131497 0.094652 -1.44925 0.0940199 -0.597294 -0.796492
-0.13138 0.095291 -1.44979 0.0963543 -0.605966 -0.789633
-0.131897 0.095835 -1.45017 0.122909 -0.639247 -0.759115
-0.132667 0.0952 -1.44976 0.238753 -0.636789 -0.733142
-0.132597 0.095988 -1.4506 0.185873 -0.614507 -0.766703
-0.129219 0.095363 -1.44869 0.498034 -0.65488 -0.568414
-0.13461 0.093067 -1.44922 0.373237 -0.425382 -0.824466
-0.134179 0.093692 -1.44929 0.325864 -0.359571 -0.874369
-0.13357 0.094072 -1.44933 0.227112 -0.496693 -0.837685
-0.134322 0.094155 -1.4495 0.24294 -0.382766 -0.891331
-0.134753 0.094144 -1.44966 0.276665 -0.278842 -0.919622
-0.134987 0.09355 -1.4496 0.311059 -0.320763 -0.894625
-0.135842 0.092883 -1.44959 0.430182 -0.321339 -0.843614
-0.136105 0.093381 -1.44987 0.423419 -0.192931 -0.885152
-0.137001 0.092733 -1.45019 0.0825226 0.0618229 -0.99467
-0.137476 0.092664 -1.45019 -0.199887 0.295733 -0.934124
-0.136356 0.093695 -1.45002 0.184477 0.0562 -0.981229
-0.136673 0.093317 -1.45009 0.0123906 0.146956 -0.989065
-0.13719 0.093072 -1.45005 -0.22376 0.34416 -0.911858
-0.136001 0.094111 -1.4499 -8.48264e-05 0.18925 -0.981929
-0.135296 0.094592 -1.44986 0.0854267 -0.0857636 -0.992646
-0.135761 0.093824 -1.44987 0.251452 -0.154926 -0.95539
-0.136253 0.094407 -1.44978 -0.257399 0.416932 -0.87173
-0.136704 0.093854 -1.44995 -0.263622 0.382601 -0.885505
-0.133931 0.093001 -1.44884 0.39224 -0.477154 -0.78643
-0.136671 0.094538 -1.44947 -0.460767 0.515815 -0.722239
-0.133506 0.094889 -1.44987 0.100576 -0.519839 -0.848323
-0.134361 0.09458 -1.44972 0.0962089 -0.391733 -0.915035
-0.133095 0.095457 -1.45019 0.0899444 -0.633156 -0.76878
-0.13399 0.095547 -1.45017 -0.199489 -0.2744 -0.940696
-0.134686 0.095181 -1.44992 -0.168246 -0.13365 -0.976643
-0.134891 0.095542 -1.44988 -0.405141 0.16518 -0.899209
-0.133308 0.096185 -1.45065 -0.269707 -0.342516 -0.899967
-0.133746 0.095917 -1.45036 -0.413483 -0.164837 -0.895467
-0.132919 0.096034 -1.45067 -0.0788449 -0.462395 -0.883161
-0.134417 0.095618 -1.45007 -0.309209 -0.076359 -0.947924
-0.134051 0.096063 -1.4502 -0.398207 0.0489929 -0.915986
-0.134034 0.096417 -1.45013 -0.540224 0.212043 -0.814369
-0.135539 0.094993 -1.44976 -0.264426 0.25091 -0.931194
-0.134854 0.096201 -1.44964 -0.527666 0.350786 -0.773639
-0.135584 0.095482 -1.44955 -0.487612 0.423094 -0.763692
-0.13674 0.095554 -1.44857 -0.561342 0.526339 -0.638641
-0.137392 0.095741 -1.44778 -0.577495 0.547019 -0.606028
-0.135684 0.096731 -1.44859 -0.566904 0.525245 -0.634616
-0.12951 0.096963 -1.45081 0.297698 -0.587501 -0.752475
-0.130465 0.096359 -1.45038 0.15932 -0.631626 -0.758726
-0.129553 0.096376 -1.45016 0.381491 -0.657696 -0.649539
-0.128575 0.098088 -1.45092 0.456415 -0.60681 -0.650743
-0.130465 0.097191 -1.45108 0.118854 -0.516007 -0.848299
-0.129956 0.097357 -1.45112 0.195251 -0.447564 -0.872676
-0.13011 0.097867 -1.45141 0.109729 -0.415405 -0.902994
-0.129197 0.097534 -1.45095 0.430231 -0.486198 -0.760601
-0.131555 0.096929 -1.45104 -0.0749688 -0.393207 -0.916389
-0.132238 0.096937 -1.45098 -0.174767 -0.108401 -0.978624
-0.131241 0.096085 -1.4503 0.10637 -0.609682 -0.785476
-0.131088 0.096898 -1.45101 0.110124 -0.596279 -0.795188
-0.132016 0.096509 -1.4508 0.0960569 -0.510964 -0.854218
-0.132659 0.096461 -1.45086 -0.0492157 -0.281945 -0.958167
-0.130992 0.097575 -1.45132 -0.133609 -0.205974 -0.969393
-0.131189 0.097217 -1.45121 -0.0228587 -0.370916 -0.928385
-0.130625 0.097992 -1.45146 -0.145691 -0.0814237 -0.985974
-0.130796 0.098085 -1.45142 -0.298103 0.0921255 -0.950078
-0.131305 0.097845 -1.4512 -0.412583 0.140422 -0.900032
-0.131774 0.097319 -1.45111 -0.290394 -0.0171348 -0.956754
-0.13165 0.097917 -1.451 -0.477668 0.332397 -0.813232
-0.127969 0.09883 -1.45136 0.395194 -0.689066 -0.607462
-0.128308 0.098744 -1.45144 0.285451 -0.697228 -0.657564
-0.128977 0.098561 -1.4515 0.265268 -0.533899 -0.80286
-0.129672 0.098588 -1.45168 0.00901226 -0.158664 -0.987291
-0.130207 0.098255 -1.45155 -0.0878808 -0.213739 -0.97293
-0.128008 0.099089 -1.45155 0.288175 -0.354486 -0.889547
-0.128094 0.099433 -1.45164 0.277733 -0.0858837 -0.956812
-0.129115 0.099056 -1.45167 0.062187 -0.11191 -0.991771
-0.128445 0.099713 -1.45167 0.0515295 0.132177 -0.989886
-0.129504 0.099209 -1.45163 -0.189128 0.217542 -0.957552
-0.129948 0.099529 -1.45129 -0.460682 0.471447 -0.752004
-0.130825 0.098376 -1.45133 -0.400364 0.245719 -0.882797
-0.130085 0.098758 -1.45161 -0.304385 0.170307 -0.937201
-0.130423 0.098966 -1.45134 -0.503907 0.407856 -0.761401
-0.131302 0.099226 -1.45042 -0.55315 0.509764 -0.658912
-0.131925 0.098644 -1.45033 -0.536066 0.474869 -0.697949
-0.132788 0.098436 -1.44978 -0.575427 0.519902 -0.631337
-0.131406 0.100206 -1.44943 -0.561667 0.564897 -0.604501
-0.130538 0.100159 -1.45027 -0.5444 0.568417 -0.616871
-0.132834 0.096788 -1.45083 -0.361725 0.186737 -0.913392
-0.13311 0.09645 -1.45076 -0.286107 -0.101126 -0.952846
-0.1335 0.096469 -1.45058 -0.533858 0.130415 -0.835456
-0.133781 0.096917 -1.45014 -0.573352 0.427159 -0.699144
-0.133264 0.09684 -1.45059 -0.497055 0.385378 -0.777445
-0.132788 0.097348 -1.45057 -0.517976 0.480798 -0.707484
-0.134926 0.096547 -1.44938 -0.561143 0.495541 -0.662991
-0.133957 0.097934 -1.44904 -0.569891 0.548578 -0.611789
-0.13313 0.099164 -1.44873 -0.580631 0.542427 -0.607158
-0.128929 0.094285 -1.44605 0.597556 -0.726869 0.338509
-0.128364 0.094672 -1.44622 0.652779 -0.665755 0.361455
-0.128672 0.094748 -1.44574 0.609826 -0.564448 0.556337
-0.129913 0.094773 -1.44461 0.530916 -0.509048 0.677494
-0.126436 0.096808 -1.446 0.670693 -0.687383 0.278704
-0.126761 0.096652 -1.44569 0.573035 -0.582927 0.576044
-0.127924 0.095275 -1.44599 0.704366 -0.59217 0.391413
-0.127701 0.095378 -1.44648 0.795458 -0.590863 0.134642
-0.127581 0.095659 -1.44613 0.795895 -0.555443 0.240903
-0.1278 0.096115 -1.44538 0.552478 -0.526831 0.645923
-0.127496 0.095912 -1.4459 0.683621 -0.631843 0.36529
-0.128944 0.095925 -1.44449 0.554688 -0.506426 0.660193
-0.127457 0.095757 -1.44638 0.780877 -0.603382 0.161745
-0.127682 0.096732 -1.44503 0.505272 -0.544764 0.669278
-0.127112 0.096982 -1.44522 0.499184 -0.521071 0.692316
-0.128591 0.096985 -1.44407 0.537865 -0.497448 0.680623
-0.124421 0.098466 -1.4467 0.665839 -0.724867 0.17671
-0.124069 0.099016 -1.44641 0.657762 -0.663248 0.357003
-0.124501 0.098844 -1.44602 0.608009 -0.571935 0.55065
-0.123806 0.099105 -1.4468 0.629532 -0.752021 0.195329
-0.123094 0.099565 -1.44682 0.583757 -0.7675 0.2649
-0.123896 0.10031 -1.44542 0.533051 -0.477918 0.698177
-0.122722 0.099851 -1.44695 0.582045 -0.753515 0.305678
-0.1235 0.099663 -1.44616 0.57926 -0.626211 0.52184
-0.122766 0.100029 -1.44658 0.564488 -0.6498 0.509031
-0.123164 0.100504 -1.4458 0.529247 -0.497736 0.687137
-0.124186 0.101181 -1.44461 0.54497 -0.443902 0.711308
-0.124888 0.101399 -1.44397 0.584395 -0.451935 0.673971
-0.126072 0.097084 -1.44656 0.700011 -0.711817 0.0574595
-0.126087 0.097376 -1.44577 0.581941 -0.539134 0.608834
-0.126758 0.097969 -1.44479 0.5457 -0.494707 0.67637
-0.125057 0.097981 -1.44667 0.660662 -0.747336 0.0708114
-0.125118 0.098155 -1.44613 0.635109 -0.627942 0.449807
-0.125626 0.097657 -1.44593 0.658454 -0.603702 0.449424
-0.12485 0.098766 -1.44572 0.574822 -0.529569 0.623808
-0.125351 0.098426 -1.44561 0.585548 -0.515836 0.625337
-0.126031 0.098652 -1.44482 0.549733 -0.490392 0.676247
-0.127237 0.098563 -1.44392 0.551566 -0.515698 0.655614
-0.125947 0.099356 -1.44442 0.552175 -0.486456 0.6771
-0.126486 0.099654 -1.4437 0.593239 -0.50707 0.625257
-0.127691 0.097526 -1.44429 0.524082 -0.529197 0.667299
-0.128225 0.098569 -1.44305 0.528914 -0.540935 0.653941
-0.125151 0.099246 -1.44517 0.569394 -0.471568 0.67336
-0.125152 0.10025 -1.44442 0.571561 -0.465426 0.675793
-0.129226 0.098305 -1.44242 0.55724 -0.539378 0.631312
-0.128287 0.0996 -1.44225 0.540555 -0.490442 0.683569
-0.127953 0.100344 -1.442 0.527873 -0.514692 0.675606
-0.129437 0.099947 -1.44094 0.586644 -0.50329 0.634467
-0.128784 0.100294 -1.44132 0.584521 -0.507288 0.633241
-0.127274 0.099634 -1.44296 0.541192 -0.513436 0.665954
-0.126415 0.100675 -1.44289 0.622313 -0.480187 0.61818
-0.12698 0.101183 -1.44206 0.554354 -0.481522 0.678843
-0.125956 0.100887 -1.44327 0.640122 -0.458272 0.616629
-0.127702 0.102396 -1.44059 0.597758 -0.461931 0.655213
-0.128045 0.101301 -1.44109 0.563438 -0.513004 0.647584
-0.129325 0.101432 -1.4398 0.56053 -0.505281 0.656123
-0.127116 0.101773 -1.44156 0.581726 -0.475468 0.659943
-0.128447 0.102751 -1.43959 0.585269 -0.442095 0.679715
-0.130171 0.093272 -1.44575 0.665734 -0.636839 0.388889
-0.129763 0.093757 -1.44577 0.583493 -0.68896 0.429965
-0.129914 0.094233 -1.44504 0.485487 -0.621084 0.61527
-0.130683 0.093868 -1.44473 0.528618 -0.543421 0.652117
-0.129249 0.094192 -1.44556 0.571883 -0.640271 0.512837
-0.131514 0.094894 -1.44332 0.543392 -0.53391 0.647816
-0.130319 0.094945 -1.4442 0.512091 -0.526761 0.678444
-0.131097 0.094356 -1.44407 0.508852 -0.53696 0.672862
-0.132206 0.094165 -1.44337 0.504594 -0.577312 0.641948
-0.130325 0.095828 -1.44344 0.524019 -0.510644 0.681649
-0.136403 0.097356 -1.44731 -0.59568 0.536901 -0.597414
-0.136708 0.09655 -1.44778 -0.602936 0.535118 -0.591707
-0.137243 0.096642 -1.44709 -0.582646 0.550888 -0.597533
-0.137303 0.097614 -1.44617 -0.595097 0.539542 -0.595612
-0.136639 0.098117 -1.44645 -0.593403 0.534955 -0.601412
-0.132125 0.095405 -1.44229 0.577425 -0.507441 0.639597
-0.131895 0.096039 -1.44203 0.564113 -0.503322 0.654556
-0.133159 0.095376 -1.44145 0.540931 -0.526025 0.656271
-0.133041 0.094557 -1.4422 0.493152 -0.595882 0.633818
-0.134342 0.094972 -1.4408 0.522109 -0.621386 0.584193
-0.132685 0.095958 -1.44145 0.563413 -0.514699 0.646259
-0.134157 0.095534 -1.44043 0.573689 -0.531531 0.623182
-0.134023 0.09611 -1.44012 0.594056 -0.517336 0.616004
-0.13441 0.096199 -1.4396 0.618279 -0.528652 0.5816
-0.13289 0.096574 -1.44071 0.569884 -0.52314 0.633685
-0.133852 0.097324 -1.43922 0.598984 -0.523468 0.60597
-0.13057 0.096305 -1.44295 0.550146 -0.509928 0.661296
-0.13101 0.097301 -1.44176 0.568699 -0.539502 0.620902
-0.131695 0.0977 -1.44076 0.535073 -0.566816 0.626432
-0.129267 0.097575 -1.44313 0.548744 -0.549523 0.630003
-0.130289 0.098068 -1.44181 0.549168 -0.559297 0.620968
-0.13054 0.098344 -1.44128 0.565864 -0.555508 0.609269
-0.12989 0.09889 -1.44132 0.559196 -0.539271 0.629672
-0.131936 0.098934 -1.43949 0.575459 -0.545654 0.609187
-0.131963 0.097087 -1.44112 0.538427 -0.545189 0.642546
-0.132466 0.097522 -1.44039 0.529108 -0.567611 0.630764
-0.132483 0.098019 -1.43983 0.530432 -0.587681 0.610961
-0.134794 0.095482 -1.43987 0.559904 -0.577482 0.594157
-0.135323 0.096089 -1.43879 0.56633 -0.548326 0.615312
-0.13221 0.100356 -1.44851 -0.569032 0.53093 -0.627946
-0.132411 0.101111 -1.44775 -0.555629 0.55627 -0.617933
-0.134466 0.098641 -1.4479 -0.560466 0.547277 -0.621583
-0.134726 0.099542 -1.44694 -0.573988 0.536512 -0.618621
-0.135334 0.098373 -1.44741 -0.551806 0.554808 -0.622654
-0.136509 0.099386 -1.44537 -0.58773 0.558267 -0.585586
-0.136859 0.099689 -1.44471 -0.584113 0.561667 -0.585954
-0.135335 0.09997 -1.44592 -0.593743 0.538699 -0.597723
-0.133522 0.10044 -1.44729 -0.568499 0.532693 -0.626935
-0.134366 0.100194 -1.44675 -0.587348 0.544738 -0.598568
-0.133358 0.101742 -1.44623 -0.577389 0.564107 -0.590258
-0.13558 0.100807 -1.44496 -0.581725 0.560284 -0.589643
-0.134505 0.101105 -1.44566 -0.574374 0.574274 -0.583355
-0.130487 0.099593 -1.44026 0.573462 -0.519058 0.633814
-0.129926 0.100801 -1.43984 0.56722 -0.50333 0.651859
-0.136814 0.10082 -1.44367 -0.586935 0.561868 -0.582933
-0.137589 0.099973 -1.44376 -0.590682 0.563301 -0.577743
-0.137872 0.10032 -1.44309 -0.592193 0.563385 -0.576112
-0.134363 0.102327 -1.44466 -0.580684 0.567821 -0.583425
-0.134936 0.102369 -1.44403 -0.573452 0.574932 -0.583614
-0.136176 0.101892 -1.44334 -0.579996 0.573608 -0.578428
-0.137927 0.101775 -1.44163 -0.576431 0.579582 -0.576031
-0.136489 0.102702 -1.44213 -0.586493 0.57769 -0.567714
-0.136084 0.103805 -1.44147 -0.566455 0.588584 -0.576799
-0.120936 0.100827 -1.44842 0.459464 -0.770595 -0.441674
-0.121393 0.100557 -1.44841 0.342684 -0.766345 -0.5434
-0.121673 0.10079 -1.44883 0.284857 -0.703063 -0.651582
-0.12145 0.100321 -1.44805 0.412839 -0.841991 -0.347297
-0.121325 0.100334 -1.44775 0.568194 -0.820933 0.0567863
-0.12149 0.100292 -1.44753 0.543039 -0.766227 0.343519
-0.120546 0.101221 -1.44876 0.408645 -0.779138 -0.475345
-0.120073 0.10147 -1.44876 0.561673 -0.727921 -0.393262
-0.120537 0.101009 -1.44817 0.599258 -0.787644 -0.143203
-0.121434 0.101377 -1.44927 0.200733 -0.544846 -0.814156
-0.120409 0.101598 -1.44912 0.354458 -0.626218 -0.694414
-0.120388 0.101423 -1.44749 0.629735 -0.571195 0.526469
-0.12026 0.101299 -1.4479 0.686068 -0.66115 0.30363
-0.119881 0.102196 -1.44735 0.607653 -0.532047 0.589647
-0.122575 0.100367 -1.44869 0.286859 -0.742083 -0.605825
-0.122275 0.100798 -1.44898 0.168582 -0.585978 -0.792597
-0.123721 0.100254 -1.44912 0.274684 -0.491861 -0.826209
-0.123216 0.100706 -1.44923 0.151337 -0.416691 -0.896362
-0.121747 0.10102 -1.44911 0.166286 -0.611212 -0.773801
-0.122455 0.101364 -1.44941 0.10059 -0.498705 -0.860915
-0.122979 0.101835 -1.44965 0.0227685 -0.437503 -0.898929
-0.123764 0.102127 -1.44983 0.0726128 -0.412179 -0.908205
-0.120663 0.102102 -1.44954 0.22837 -0.448023 -0.864362
-0.121024 0.102229 -1.44966 0.237911 -0.338767 -0.910294
-0.119414 0.102933 -1.44966 0.0872711 -0.561782 -0.822669
-0.119962 0.102746 -1.44961 0.127977 -0.376761 -0.917427
-0.119721 0.103211 -1.44982 -0.0648679 -0.435456 -0.89787
-0.120972 0.103376 -1.44994 0.203154 -0.221769 -0.953701
-0.121939 0.101836 -1.4497 0.0644201 -0.52231 -0.850319
-0.121671 0.102231 -1.44988 0.18133 -0.376801 -0.908373
-0.121646 0.103161 -1.45013 0.274771 -0.221505 -0.935648
-0.122676 0.102595 -1.45009 0.0238637 -0.38316 -0.923374
-0.123763 0.102622 -1.45001 -0.00904378 -0.295074 -0.955432
-0.122741 0.103341 -1.45035 -0.00626778 -0.278237 -0.960492
-0.12551 0.101015 -1.45008 0.56451 -0.340843 -0.751768
-0.127032 0.099836 -1.45116 0.565788 -0.297802 -0.768894
-0.127623 0.100369 -1.45149 0.191137 0.0108275 -0.981504
-0.126992 0.100663 -1.45138 0.311501 -0.191619 -0.930725
-0.127117 0.100866 -1.45144 0.214678 -0.0350881 -0.976054
-0.126627 0.101089 -1.45127 0.542027 -0.112857 -0.832749
-0.126046 0.101659 -1.4508 0.649534 -0.233242 -0.723674
-0.126776 0.101621 -1.45129 0.275602 0.0683006 -0.958842
-0.127435 0.101327 -1.45141 -0.0317289 0.167499 -0.985362
-0.12692 0.102039 -1.4513 0.0200116 0.199625 -0.979668
-0.127413 0.1018 -1.45133 -0.239323 0.344971 -0.90759
-0.127884 0.101467 -1.45128 -0.329569 0.374739 -0.866576
-0.125059 0.100538 -1.44957 0.359791 -0.383499 -0.850576
-0.125519 0.100499 -1.44983 0.613245 -0.352854 -0.7067
-0.126098 0.100077 -1.45026 0.705799 -0.314935 -0.634558
-0.124402 0.101306 -1.44952 0.26968 -0.365674 -0.890817
-0.125487 0.100725 -1.44989 0.560497 -0.354389 -0.748499
-0.12572 0.100763 -1.45015 0.665254 -0.302481 -0.6826
-0.125511 0.101703 -1.45033 0.547067 -0.308534 -0.778155
-0.125644 0.102389 -1.45073 0.50525 -0.21134 -0.836695
-0.126338 0.101992 -1.45108 0.445104 -0.0422612 -0.894481
-0.126617 0.102547 -1.45118 0.00262117 0.239254 -0.970954
-0.125949 0.103127 -1.45098 0.24821 0.0564617 -0.967059
-0.126355 0.102863 -1.45111 0.0672083 0.152152 -0.986069
-0.127056 0.102325 -1.45117 -0.270172 0.435189 -0.858847
-0.126332 0.103221 -1.45103 -0.0960167 0.286484 -0.953262
-0.124616 0.101983 -1.44994 0.330791 -0.326771 -0.885324
-0.124771 0.103289 -1.45047 0.390027 -0.271586 -0.879841
-0.124334 0.102941 -1.45018 0.261513 -0.327925 -0.907786
-0.124944 0.102511 -1.45033 0.501641 -0.303403 -0.810125
-0.123739 0.103266 -1.45017 0.0167416 -0.30339 -0.952719
-0.124125 0.103952 -1.45052 0.174772 -0.306625 -0.935647
-0.125374 0.10394 -1.45083 0.226801 -0.0864081 -0.9701
-0.127032 0.102644 -1.45099 -0.406109 0.473224 -0.781751
-0.127652 0.102872 -1.45034 -0.538983 0.513648 -0.66758
-0.128618 0.10294 -1.44946 -0.573188 0.517297 -0.635499
-0.125786 0.103513 -1.45092 0.061074 0.119571 -0.990945
-0.126663 0.103152 -1.45094 -0.414104 0.39768 -0.81876
-0.125771 0.103994 -1.45086 -0.093121 0.142787 -0.985363
-0.126046 0.103665 -1.4509 -0.0611474 0.23802 -0.969333
-0.126242 0.103919 -1.45074 -0.345814 0.377504 -0.859013
-0.127466 0.104487 -1.44936 -0.586953 0.46953 -0.659566
-0.119377 0.104335 -1.45022 -0.182089 -0.121828 -0.975706
-0.120109 0.104562 -1.45009 -0.102816 -0.0776507 -0.991665
-0.119841 0.103662 -1.44999 -0.139037 -0.255499 -0.95676
-0.120525 0.103808 -1.44999 0.0115689 -0.246747 -0.969011
-0.120878 0.104536 -1.45013 0.215377 -0.0924188 -0.972148
-0.121536 0.104727 -1.45038 0.358452 -0.135212 -0.923705
-0.1205 0.105252 -1.45003 0.019118 -0.0400004 -0.999017
-0.119735 0.105517 -1.45025 -0.196983 -0.0715025 -0.977796
-0.12106 0.105312 -1.45019 0.370435 -0.0574035 -0.927083
-0.122022 0.103868 -1.45037 0.205892 -0.250512 -0.945966
-0.122763 0.104003 -1.45053 0.00561502 -0.294561 -0.955616
-0.122007 0.10524 -1.45068 0.35107 -0.103679 -0.930592
-0.122624 0.104639 -1.45075 0.105459 -0.227768 -0.967988
-0.122575 0.105803 -1.45087 0.230432 -0.113658 -0.966428
-0.123241 0.105675 -1.45089 -0.0561015 -0.0603512 -0.996599
-0.120224 0.106247 -1.45017 -0.0866034 -0.195301 -0.976912
-0.119498 0.106672 -1.45036 -0.0728785 -0.23244 -0.969876
-0.120739 0.106183 -1.45018 0.218969 -0.199862 -0.955043
-0.119344 0.107004 -1.45047 0.00324682 -0.395537 -0.918444
-0.118823 0.10704 -1.45053 -0.0785922 -0.307876 -0.948175
-0.120775 0.10711 -1.4505 0.0626418 -0.395891 -0.916158
-0.120005 0.107573 -1.4508 -0.0199043 -0.435949 -0.899751
-0.120915 0.107899 -1.45091 0.0838067 -0.401215 -0.912142
-0.121913 0.106404 -1.45071 0.351882 -0.162778 -0.921782
-0.121068 0.106755 -1.45043 0.295825 -0.290606 -0.909965
-0.121193 0.107376 -1.4507 0.268753 -0.361401 -0.892839
-0.122456 0.106506 -1.45095 0.23885 -0.0973085 -0.966169
-0.122892 0.106377 -1.45098 -0.0127484 -0.0340922 -0.999337
-0.122294 0.107189 -1.45094 0.0568431 -0.0821067 -0.995001
-0.123132 0.107036 -1.45089 -0.265418 0.142776 -0.953503
-0.121652 0.107767 -1.45099 0.132728 -0.256141 -0.957484
-0.122105 0.107977 -1.45106 -0.0894613 -0.0959367 -0.991359
-0.122525 0.107653 -1.45096 -0.213978 -0.000668111 -0.976838
-0.122389 0.108242 -1.451 -0.388835 0.182437 -0.903064
-0.122834 0.107832 -1.45084 -0.438363 0.226927 -0.869679
-0.12301 0.108186 -1.45059 -0.522645 0.319151 -0.79056
-0.124237 0.10494 -1.4508 0.0169345 -0.0759325 -0.996969
-0.123719 0.105156 -1.45086 -0.0683393 -0.0386301 -0.996914
-0.125115 0.104579 -1.45088 0.032646 -0.0236243 -0.999188
-0.125055 0.10495 -1.45084 -0.133293 0.223807 -0.965476
-0.125601 0.104548 -1.45079 -0.329699 0.285728 -0.89981
-0.125251 0.105248 -1.45065 -0.402255 0.462514 -0.790109
-0.12453 0.105556 -1.45072 -0.245901 0.267999 -0.931509
-0.124949 0.105811 -1.45038 -0.474818 0.475557 -0.740536
-0.125479 0.106424 -1.44957 -0.546992 0.488352 -0.679935
-0.126435 0.104471 -1.45029 -0.530332 0.45585 -0.714807
-0.126045 0.105676 -1.44972 -0.534588 0.517709 -0.667977
-0.123753 0.106314 -1.45082 -0.246363 0.115034 -0.962327
-0.124035 0.106529 -1.45061 -0.483679 0.342632 -0.805393
-0.123531 0.107198 -1.45067 -0.519144 0.2969 -0.801461
-0.1234 0.108129 -1.45037 -0.567994 0.362684 -0.738812
-0.128074 0.100606 -1.4515 -0.0297807 0.161494 -0.986424
-0.128669 0.100485 -1.45145 -0.274097 0.346084 -0.897272
-0.128244 0.100858 -1.45142 -0.24551 0.340234 -0.907726
-0.128771 0.100907 -1.45113 -0.489319 0.51437 -0.704266
-0.130217 0.101129 -1.44958 -0.546768 0.56895 -0.61428
-0.128008 0.101802 -1.45102 -0.471363 0.522339 -0.710618
-0.129344 0.102055 -1.44958 -0.567357 0.545656 -0.616738
-0.122255 0.100463 -1.44655 0.549385 -0.588939 0.592728
-0.121761 0.100366 -1.44716 0.545773 -0.642019 0.538463
-0.121958 0.101293 -1.44621 0.569887 -0.460124 0.680819
-0.120827 0.101555 -1.44698 0.573773 -0.461496 0.676613
-0.122585 0.101825 -1.44543 0.539674 -0.42747 0.725273
-0.121445 0.102509 -1.44591 0.568283 -0.404831 0.716356
-0.12455 0.102314 -1.44359 0.566316 -0.492213 0.661069
-0.123149 0.102247 -1.44479 0.550204 -0.452969 0.701494
-0.123334 0.103184 -1.44394 0.57181 -0.466261 0.675007
-0.121153 0.103393 -1.44565 0.546562 -0.472493 0.691391
-0.119865 0.10371 -1.44635 0.505299 -0.508929 0.696897
-0.122034 0.103697 -1.4447 0.546899 -0.47567 0.688941
-0.120664 0.104328 -1.44529 0.53461 -0.496716 0.683715
-0.122619 0.104221 -1.44389 0.545163 -0.454052 0.704722
-0.124643 0.104487 -1.442 0.602713 -0.438592 0.666614
-0.121512 0.104971 -1.44418 0.527007 -0.446339 0.723218
-0.122117 0.105316 -1.44357 0.535334 -0.435688 0.723598
-0.123433 0.104322 -1.44316 0.580473 -0.43875 0.685966
-0.123526 0.105309 -1.4424 0.599016 -0.439327 0.669456
-0.122767 0.105817 -1.44277 0.572777 -0.432151 0.696542
-0.12427 0.105313 -1.44173 0.608421 -0.432425 0.665456
-0.124221 0.106813 -1.44087 0.59 -0.437017 0.678908
-0.125651 0.10242 -1.44244 0.615385 -0.471017 0.632016
-0.124523 0.103081 -1.44298 0.59567 -0.461969 0.657086
-0.125412 0.10351 -1.44186 0.612862 -0.422687 0.667635
-0.12635 0.102802 -1.44144 0.599347 -0.446133 0.664642
-0.125497 0.104101 -1.44147 0.606045 -0.432491 0.667579
-0.126622 0.1046 -1.44011 0.597598 -0.438421 0.671315
-0.12542 0.105345 -1.44063 0.594221 -0.423567 0.683734
-0.120489 0.105751 -1.44447 0.542799 -0.415993 0.729602
-0.128467 0.1052 -1.44791 -0.609872 0.494219 -0.619518
-0.127529 0.105476 -1.44861 -0.578301 0.509137 -0.637454
-0.126522 0.106205 -1.44888 -0.561871 0.519597 -0.643677
-0.126439 0.107273 -1.44805 -0.580318 0.487292 -0.652516
-0.127079 0.107331 -1.44748 -0.599812 0.479559 -0.640506
-0.127972 0.107211 -1.44667 -0.61007 0.499344 -0.615199
-0.12826 0.108027 -1.44573 -0.585985 0.494594 -0.641871
-0.124664 0.106918 -1.44993 -0.564228 0.44017 -0.698497
-0.12413 0.107958 -1.44973 -0.615187 0.394993 -0.682294
-0.125397 0.107722 -1.44872 -0.603228 0.449521 -0.658822
-0.12604 0.108547 -1.44751 -0.606764 0.43574 -0.664807
-0.126635 0.108602 -1.44696 -0.625581 0.472259 -0.620983
-0.127472 0.108727 -1.446 -0.627747 0.457514 -0.629773
-0.126026 0.109813 -1.44668 -0.635914 0.456949 -0.621941
-0.126782 0.108954 -1.44649 -0.630471 0.471455 -0.616633
-0.120683 0.106684 -1.44381 0.553869 -0.423557 0.716818
-0.121201 0.105899 -1.4439 0.527158 -0.428757 0.73367
-0.121834 0.106317 -1.4432 0.534466 -0.439486 0.72194
-0.121283 0.107053 -1.4431 0.548996 -0.462313 0.696326
-0.122173 0.106927 -1.44254 0.535604 -0.487126 0.689809
-0.120213 0.107587 -1.44361 0.56346 -0.422786 0.709764
-0.122239 0.107458 -1.44206 0.534709 -0.476108 0.698146
-0.122037 0.108042 -1.44188 0.538901 -0.443033 0.716455
-0.12151 0.108251 -1.44211 0.570402 -0.443646 0.691245
-0.121993 0.109961 -1.4406 0.598134 -0.406617 0.690578
-0.123141 0.106772 -1.44187 0.577225 -0.453429 0.679127
-0.123226 0.10798 -1.44092 0.570912 -0.468451 0.67425
-0.120814 0.107684 -1.44314 0.566455 -0.429631 0.70324
-0.120273 0.108457 -1.44307 0.566162 -0.432751 0.70156
-0.120078 0.109954 -1.44234 0.63667 -0.304595 0.70843
-0.121215 0.109635 -1.44147 0.62975 -0.358708 0.689016
-0.120429 0.110564 -1.44175 0.6824 -0.228439 0.694367
-0.128385 0.108827 -1.44501 -0.623855 0.469785 -0.624585
-0.131431 0.101196 -1.44852 -0.543053 0.562341 -0.623592
-0.132312 0.101903 -1.44704 -0.544511 0.574234 -0.611362
-0.130354 0.102184 -1.44853 -0.553023 0.553563 -0.622683
-0.130487 0.103009 -1.44768 -0.571945 0.533915 -0.622747
-0.132348 0.102729 -1.4463 -0.548001 0.576421 -0.606163
-0.132968 0.103301 -1.4451 -0.575158 0.572707 -0.584124
-0.131331 0.103065 -1.44683 -0.570424 0.549745 -0.610243
-0.131843 0.103841 -1.4456 -0.561457 0.570371 -0.599535
-0.129441 0.104077 -1.44789 -0.605198 0.497267 -0.621659
-0.128309 0.104371 -1.44865 -0.589134 0.47985 -0.650128
-0.129282 0.105126 -1.44709 -0.604922 0.515285 -0.607084
-0.130071 0.104677 -1.44674 -0.616205 0.502393 -0.606542
-0.130915 0.104497 -1.44595 -0.623823 0.500009 -0.600697
-0.133341 0.104141 -1.44391 -0.591345 0.558374 -0.581834
-0.131506 0.104803 -1.44514 -0.615027 0.491855 -0.616296
-0.131869 0.105768 -1.4439 -0.610039 0.513043 -0.603854
-0.132199 0.104721 -1.44449 -0.599757 0.528494 -0.600821
-0.130789 0.105884 -1.44492 -0.614614 0.525497 -0.588305
-0.13109 0.106395 -1.44412 -0.614634 0.504635 -0.606275
-0.132073 0.106343 -1.44326 -0.605252 0.512472 -0.609133
-0.133591 0.105551 -1.44231 -0.611206 0.548237 -0.570845
-0.133066 0.106854 -1.44159 -0.662506 0.52445 -0.534826
-0.134865 0.103193 -1.44331 -0.576695 0.579881 -0.575466
-0.135097 0.104678 -1.4415 -0.598194 0.56311 -0.57015
-0.133886 0.104856 -1.44271 -0.610126 0.546584 -0.573578
-0.128258 0.106142 -1.4473 -0.602281 0.514183 -0.610634
-0.129507 0.105992 -1.44622 -0.620977 0.505386 -0.599143
-0.128984 0.10732 -1.44563 -0.611372 0.487029 -0.62372
-0.130389 0.106931 -1.44447 -0.627598 0.481536 -0.611755
-0.129817 0.106858 -1.44507 -0.638786 0.487543 -0.595193
-0.128887 0.107935 -1.4453 -0.611269 0.486265 -0.624417
-0.130195 0.107906 -1.44382 -0.624852 0.487913 -0.609509
-0.130388 0.108567 -1.44311 -0.634116 0.491009 -0.597334
-0.131799 0.107072 -1.44287 -0.634224 0.486954 -0.60053
-0.131599 0.107792 -1.44255 -0.642924 0.503491 -0.577188
-0.129366 0.108511 -1.44423 -0.644244 0.485363 -0.591078
-0.129547 0.109408 -1.44333 -0.651379 0.46061 -0.602947
-0.12808 0.109882 -1.44462 -0.644284 0.44743 -0.620245
-0.129462 0.110775 -1.4424 -0.675283 0.442292 -0.590229
-0.137445 0.093232 -1.44986 -0.33423 0.436109 -0.835524
-0.137763 0.092799 -1.44999 -0.43408 0.453821 -0.778216
-0.137283 0.093735 -1.44967 -0.444959 0.49625 -0.745484
-0.139331 0.093672 -1.4479 -0.528806 0.57418 -0.625045
-0.138261 0.095222 -1.44749 -0.55369 0.562636 -0.613896
-0.139855 0.094583 -1.44664 -0.516948 0.585749 -0.624229
-0.139822 0.095324 -1.44591 -0.526508 0.588984 -0.613096
-0.140772 0.094537 -1.44595 -0.361691 0.683557 -0.633979
-0.139574 0.096325 -1.44521 -0.562223 0.555594 -0.612552
-0.141656 0.094582 -1.44553 -0.249599 0.787654 -0.563295
-0.142259 0.094691 -1.44509 -0.253513 0.84765 -0.466069
-0.140897 0.095012 -1.44541 -0.413426 0.680543 -0.604929
-0.140427 0.09607 -1.44472 -0.521154 0.589273 -0.617378
-0.141651 0.095056 -1.44486 -0.364971 0.779689 -0.508805
-0.142453 0.095015 -1.44435 -0.263808 0.854126 -0.448191
-0.141987 0.095153 -1.44437 -0.374656 0.79696 -0.4738
-0.138454 0.096446 -1.44621 -0.565458 0.563028 -0.602709
-0.139827 0.097158 -1.44424 -0.55438 0.564073 -0.611951
-0.138468 0.097122 -1.44551 -0.562752 0.571131 -0.597595
-0.141524 0.095527 -1.44428 -0.491016 0.656886 -0.572192
-0.142865 0.097022 -1.44155 -0.501101 0.635621 -0.587268
-0.142749 0.098156 -1.44061 -0.540525 0.610891 -0.578485
-0.140336 0.098009 -1.44302 -0.554495 0.582145 -0.594678
-0.138892 0.098912 -1.4435 -0.57016 0.578849 -0.582968
-0.141522 0.096887 -1.44293 -0.538648 0.597065 -0.594451
-0.139719 0.099234 -1.44228 -0.548475 0.596175 -0.586303
-0.140736 0.098935 -1.44173 -0.55569 0.594178 -0.581516
-0.141719 0.09838 -1.4413 -0.554904 0.594077 -0.58237
-0.142556 0.095443 -1.44352 -0.393707 0.728986 -0.559977
-0.143058 0.095276 -1.44346 -0.257495 0.839544 -0.478396
-0.143574 0.095618 -1.44271 -0.322455 0.783703 -0.530878
-0.143182 0.095967 -1.44252 -0.455745 0.681837 -0.572185
-0.14231 0.096694 -1.44244 -0.505858 0.661266 -0.553927
-0.138057 0.098561 -1.44459 -0.582317 0.553309 -0.595614
-0.139106 0.099955 -1.44218 -0.580548 0.560755 -0.590354
-0.138777 0.100914 -1.44165 -0.578824 0.560834 -0.59197
-0.140424 0.099785 -1.44114 -0.564856 0.576634 -0.59028
-0.128796 0.102829 -1.43929 0.568479 -0.466529 0.67763
-0.130325 0.101459 -1.43903 0.579871 -0.487888 0.652469
-0.130027 0.102255 -1.43862 0.572254 -0.501453 0.648899
-0.129058 0.103534 -1.43853 0.60035 -0.487187 0.634215
-0.129999 0.103022 -1.4381 0.593347 -0.507374 0.624908
-0.134556 0.096918 -1.43881 0.597329 -0.49983 0.627191
-0.132882 0.098659 -1.43886 0.552172 -0.562244 0.61562
-0.13425 0.098187 -1.43816 0.573271 -0.551299 0.60616
-0.1334 0.099863 -1.43732 0.591692 -0.548144 0.591134
-0.134719 0.099339 -1.43643 0.590393 -0.551366 0.589434
-0.134634 0.100608 -1.43551 0.590564 -0.529551 0.608941
-0.13406 0.100123 -1.43642 0.575279 -0.540959 0.613529
-0.136221 0.096256 -1.43781 0.566681 -0.571291 0.593717
-0.136191 0.097437 -1.43679 0.603052 -0.540981 0.586232
-0.135106 0.097354 -1.43803 0.597 -0.514935 0.615169
-0.135075 0.098677 -1.4368 0.587382 -0.587923 0.556173
-0.137393 0.096266 -1.43668 0.572797 -0.552674 0.605355
-0.135776 0.098102 -1.43666 0.62075 -0.554538 0.554217
-0.13566 0.098708 -1.43611 0.607689 -0.571737 0.551208
-0.136694 0.097775 -1.43588 0.583621 -0.585326 0.562833
-0.135202 0.099617 -1.43574 0.617009 -0.519582 0.591046
-0.137491 0.098501 -1.4344 0.579915 -0.595527 0.55592
-0.136129 0.099401 -1.43491 0.610963 -0.54376 0.575369
-0.136909 0.099457 -1.43406 0.602738 -0.536063 0.591053
-0.137457 0.097767 -1.43523 0.555346 -0.600492 0.575326
-0.138176 0.098472 -1.43362 0.57052 -0.580765 0.580705
-0.138769 0.09758 -1.43408 0.584438 -0.566327 0.581125
-0.138796 0.098441 -1.43315 0.551312 -0.584727 0.595104
-0.139317 0.098615 -1.43245 0.575279 -0.565337 0.591142
-0.138153 0.099102 -1.43312 0.594629 -0.517785 0.615073
-0.138044 0.100278 -1.4323 0.606164 -0.498349 0.619849
-0.136008 0.100245 -1.43428 0.627828 -0.505766 0.591636
-0.134932 0.101354 -1.43448 0.590421 -0.490789 0.640725
-0.137766 0.099715 -1.43303 0.589179 -0.518235 0.61992
-0.136957 0.10032 -1.43322 0.597729 -0.496637 0.629343
-0.135761 0.101835 -1.43336 0.6183 -0.464719 0.63383
-0.136931 0.101 -1.4328 0.634286 -0.473242 0.611329
-0.136496 0.101811 -1.43268 0.643832 -0.479375 0.59639
-0.131301 0.099028 -1.44006 0.566151 -0.541517 0.621476
-0.132578 0.099975 -1.438 0.580773 -0.517184 0.628669
-0.131539 0.101399 -1.43786 0.625592 -0.476029 0.618087
-0.131587 0.099896 -1.43894 0.587153 -0.517598 0.622369
-0.132167 0.101404 -1.4372 0.599205 -0.485471 0.636609
-0.131643 0.102095 -1.43719 0.608042 -0.48322 0.629907
-0.132152 0.102149 -1.43675 0.604092 -0.460509 0.650388
-0.133428 0.100651 -1.43649 0.605434 -0.535142 0.589128
-0.132783 0.100844 -1.43712 0.613537 -0.522142 0.592402
-0.133779 0.10143 -1.43552 0.616376 -0.486509 0.619184
-0.13268 0.101475 -1.43665 0.641533 -0.465192 0.609944
-0.132745 0.102182 -1.4361 0.635986 -0.461113 0.618787
-0.131012 0.101927 -1.43802 0.608794 -0.490294 0.623684
-0.130924 0.103309 -1.43693 0.584366 -0.498283 0.640492
-0.131896 0.103383 -1.43599 0.605644 -0.495783 0.62241
-0.13011 0.104053 -1.43708 0.601567 -0.501754 0.621578
-0.138115 0.102723 -1.44047 -0.5584 0.597978 -0.574988
-0.137421 0.103606 -1.44025 -0.59688 0.567308 -0.567358
-0.136708 0.104223 -1.44044 -0.592385 0.573019 -0.56633
-0.138271 0.104007 -1.43895 -0.575805 0.603202 -0.551901
-0.137545 0.104902 -1.43874 -0.614149 0.594899 -0.518571
-0.138404 0.10471 -1.43803 -0.55854 0.620862 -0.550058
-0.134542 0.101758 -1.43451 0.601374 -0.454523 0.657083
-0.133426 0.102697 -1.43504 0.633862 -0.456326 0.624488
-0.134044 0.102983 -1.43416 0.608931 -0.466723 0.641384
-0.13511 0.102559 -1.43347 0.614489 -0.488321 0.619634
-0.134626 0.103467 -1.43316 0.619548 -0.516142 0.591403
-0.132411 0.103583 -1.43531 0.60513 -0.491172 0.626552
-0.131124 0.104428 -1.43592 0.580109 -0.514447 0.63152
-0.131897 0.10564 -1.4341 0.630996 -0.503295 0.590371
-0.133111 0.103842 -1.43448 0.613899 -0.500125 0.610739
-0.133801 0.104645 -1.43296 0.616699 -0.503423 0.605184
-0.132897 0.105154 -1.43352 0.617075 -0.532585 0.579285
-0.133891 0.105213 -1.43244 0.590735 -0.516286 0.620064
-0.132874 0.105611 -1.43309 0.617742 -0.53054 0.58045
-0.136481 0.10246 -1.43212 0.641429 -0.505105 0.577441
-0.13906 0.099652 -1.43175 0.616462 -0.533992 0.578642
-0.139429 0.10099 -1.42996 0.636178 -0.530683 0.560047
-0.140154 0.100136 -1.43002 0.63019 -0.545132 0.552894
-0.138384 0.100629 -1.43164 0.645656 -0.529698 0.550045
-0.137679 0.101901 -1.4312 0.648941 -0.503417 0.57048
-0.13735 0.102537 -1.43107 0.648484 -0.518607 0.557239
-0.138569 0.101005 -1.431 0.666343 -0.512109 0.54197
-0.138578 0.101684 -1.43041 0.666095 -0.503663 0.550127
-0.139101 0.100655 -1.43065 0.653373 -0.529984 0.540574
-0.138941 0.10189 -1.42972 0.667911 -0.484823 0.564661
-0.139878 0.101391 -1.42915 0.63207 -0.523902 0.570977
-0.138231 0.102351 -1.43017 0.649545 -0.504363 0.568955
-0.138589 0.102829 -1.42944 0.653665 -0.482061 0.583387
-0.139095 0.102663 -1.42892 0.670688 -0.477115 0.567925
-0.138629 0.103683 -1.42862 0.650727 -0.512728 0.560057
-0.139568 0.103018 -1.42808 0.678531 -0.507182 0.531378
-0.140348 0.102064 -1.42792 0.661352 -0.52764 0.533112
-0.140282 0.103316 -1.4268 0.67647 -0.491429 0.54853
-0.139434 0.103695 -1.42758 0.682557 -0.491278 0.541074
-0.134872 0.104201 -1.43231 0.618997 -0.514222 0.593648
-0.13419 0.105698 -1.4318 0.60503 -0.507966 0.613114
-0.134874 0.106861 -1.42992 0.595275 -0.574933 0.561338
-0.134658 0.106346 -1.43077 0.588932 -0.573148 0.56979
-0.136452 0.103094 -1.43152 0.640717 -0.52603 0.559261
-0.135498 0.104421 -1.43138 0.635878 -0.503109 0.58527
-0.136649 0.104107 -1.43045 0.643658 -0.493516 0.584933
-0.137644 0.103238 -1.43 0.6379 -0.507189 0.57952
-0.137315 0.104749 -1.4292 0.661681 -0.478519 0.577233
-0.135661 0.105781 -1.43017 0.630474 -0.50972 0.585395
-0.13837 0.105019 -1.42774 0.674726 -0.479855 0.560789
-0.139288 0.104736 -1.42685 0.669444 -0.477402 0.569151
-0.138008 0.104424 -1.42863 0.66267 -0.495629 0.561444
-0.140069 0.104801 -1.42578 0.692277 -0.47179 0.546047
-0.138619 0.105549 -1.42689 0.683981 -0.457392 0.568298
-0.139387 0.105558 -1.4261 0.689561 -0.464801 0.555397
-0.139789 0.106823 -1.42454 0.674646 -0.534888 0.508672
-0.137718 0.105574 -1.428 0.659714 -0.463214 0.591785
-0.137968 0.106059 -1.42738 0.689733 -0.439619 0.575329
-0.137605 0.106399 -1.42754 0.63133 -0.531622 0.564624
-0.135682 0.106602 -1.42939 0.598062 -0.556188 0.577042
-0.136702 0.106601 -1.42834 0.625854 -0.530134 0.57207
-0.136417 0.107267 -1.42789 0.609259 -0.569447 0.551845
-0.137991 0.107159 -1.42622 0.611902 -0.579305 0.538499
-0.136835 0.1088 -1.42585 0.628202 -0.549848 0.550481
-0.13872 0.106615 -1.42605 0.652224 -0.519293 0.552213
-0.139255 0.106731 -1.42524 0.664258 -0.520338 0.536665
-0.138591 0.107418 -1.4252 0.621828 -0.586437 0.519058
-0.125275 0.106491 -1.44015 0.529847 -0.460268 0.712331
-0.127272 0.103999 -1.43991 0.597173 -0.443912 0.668077
-0.128575 0.10429 -1.43839 0.627803 -0.474351 0.617134
-0.128325 0.103937 -1.439 0.626292 -0.450345 0.636355
-0.127597 0.105077 -1.43888 0.627034 -0.464487 0.625364
-0.129337 0.103926 -1.43798 0.597729 -0.489142 0.635186
-0.128808 0.105066 -1.43767 0.628634 -0.463681 0.624355
-0.125988 0.105224 -1.44025 0.598096 -0.418953 0.683198
-0.126249 0.106152 -1.43938 0.628227 -0.44182 0.64041
-0.125927 0.106826 -1.43926 0.629886 -0.462872 0.623694
-0.125291 0.107416 -1.43948 0.30952 -0.573252 0.75867
-0.127025 0.106777 -1.4382 0.400441 -0.090585 0.911834
-0.12642 0.107355 -1.4384 0.547625 -0.345959 0.761853
-0.127769 0.106046 -1.43793 0.574412 -0.359559 0.73537
-0.127581 0.107277 -1.43728 0.641312 -0.483806 0.595525
-0.129893 0.105466 -1.43621 0.630295 -0.474196 0.614708
-0.129771 0.106399 -1.43564 0.624239 -0.498145 0.601811
-0.129113 0.106874 -1.43592 0.660229 -0.48323 0.574967
-0.130601 0.107316 -1.434 0.587148 -0.550418 0.593547
-0.127393 0.108217 -1.43665 0.629706 -0.475005 0.614687
-0.128383 0.107155 -1.4365 0.625093 -0.470837 0.622553
-0.127849 0.107719 -1.43654 0.616733 -0.480161 0.623767
-0.128526 0.108312 -1.43534 0.722953 -0.465941 0.510136
-0.128055 0.108585 -1.43582 0.630338 -0.475844 0.613389
-0.129416 0.107816 -1.43469 0.632733 -0.526215 0.568108
-0.129993 0.108453 -1.43347 0.610086 -0.535964 0.583555
-0.124103 0.107699 -1.4404 0.591768 -0.46808 0.656286
-0.123125 0.109145 -1.44018 0.587371 -0.467272 0.660796
-0.124469 0.109464 -1.43872 0.619192 -0.498891 0.60639
-0.121207 0.110684 -1.44103 0.649345 -0.213943 0.72978
-0.121604 0.110748 -1.44061 0.671189 -0.216034 0.709109
-0.124092 0.109051 -1.43938 0.596563 -0.478082 0.644632
-0.123034 0.110159 -1.43955 0.641049 -0.379154 0.667306
-0.122794 0.110828 -1.4395 0.676587 -0.215451 0.704139
-0.123261 0.110695 -1.4391 0.688364 -0.239172 0.6848
-0.123559 0.11044 -1.43886 0.670029 -0.276953 0.688737
-0.124024 0.110134 -1.4386 0.635892 -0.414591 0.650965
-0.123862 0.111185 -1.43835 0.690928 -0.161376 0.704682
-0.124508 0.11008 -1.43809 0.66312 -0.393564 0.636695
-0.124267 0.111076 -1.43794 0.704509 -0.181358 0.686131
-0.123437 0.111343 -1.43871 0.686113 -0.156564 0.710448
-0.123053 0.112115 -1.43901 0.693626 0.00376368 0.720325
-0.12398 0.112151 -1.43811 0.731835 0.0325166 0.680706
-0.125237 0.108439 -1.43869 0.526457 -0.51504 0.676445
-0.126242 0.108132 -1.43792 0.616138 -0.485883 0.619913
-0.126792 0.108743 -1.43693 0.644792 -0.471581 0.601544
-0.125581 0.110395 -1.43693 0.685318 -0.324165 0.652116
-0.125042 0.111192 -1.43714 0.723414 -0.191758 0.66325
-0.124821 0.112279 -1.43719 0.74732 0.0593442 0.661808
-0.125599 0.109495 -1.43752 0.629725 -0.476019 0.613883
-0.12744 0.108988 -1.43599 0.591174 -0.50617 0.627937
-0.126301 0.110569 -1.43595 0.694004 -0.335864 0.636831
-0.126739 0.110741 -1.43545 0.692487 -0.33822 0.637235
-0.128032 0.109301 -1.43525 0.658401 -0.488974 0.572199
-0.127171 0.109875 -1.43555 0.630633 -0.478761 0.610811
-0.127431 0.110741 -1.43459 0.709052 -0.346924 0.613913
-0.127441 0.111499 -1.43419 0.746433 -0.14188 0.650159
-0.128883 0.109822 -1.43354 0.707177 -0.449135 0.546057
-0.128159 0.110128 -1.43432 0.679137 -0.45287 0.577652
-0.128692 0.110745 -1.43317 0.728397 -0.353654 0.586827
-0.128108 0.111256 -1.43361 0.710419 -0.308746 0.63244
-0.12581 0.111601 -1.43613 0.744583 -0.189093 0.640187
-0.125382 0.11196 -1.43656 0.75846 -0.0399147 0.650497
-0.126307 0.112079 -1.43548 0.775516 0.0158659 0.631128
-0.126486 0.1117 -1.43533 0.738688 -0.174576 0.651048
-0.127602 0.112309 -1.43392 0.664908 -0.0430135 0.745685
-0.126929 0.111914 -1.43478 0.767494 -0.128154 0.628116
-0.127217 0.112275 -1.43441 0.764496 0.0495734 0.64272
-0.126077 0.112641 -1.43588 0.737315 0.187854 0.648905
-0.126621 0.112439 -1.43508 0.769262 0.0715039 0.63492
-0.126378 0.112651 -1.43551 0.774529 0.236676 0.586592
-0.12718 0.113147 -1.43473 0.741518 0.285651 0.607086
-0.130545 0.104894 -1.436 0.578287 -0.523016 0.626129
-0.133274 0.10722 -1.44088 -0.649145 0.5453 -0.530339
-0.132403 0.107128 -1.44216 -0.677937 0.46621 -0.568375
-0.132938 0.107805 -1.44079 -0.686777 0.469314 -0.55505
-0.135006 0.10594 -1.44042 -0.594394 0.556679 -0.580348
-0.134641 0.106774 -1.44 -0.582954 0.560113 -0.588589
-0.136103 0.105191 -1.44 -0.580047 0.574358 -0.577631
-0.137236 0.104959 -1.43908 -0.616353 0.584698 -0.527481
-0.136583 0.106577 -1.43805 -0.624447 0.579286 -0.523921
-0.135747 0.106511 -1.43912 -0.603156 0.567961 -0.560021
-0.133922 0.106834 -1.44061 -0.584775 0.581137 -0.565967
-0.133587 0.107812 -1.43999 -0.622557 0.499783 -0.602196
-0.134814 0.10766 -1.43888 -0.626277 0.553319 -0.549195
-0.135479 0.1078 -1.43796 -0.622805 0.577507 -0.527826
-0.133886 0.10825 -1.43938 -0.648135 0.475672 -0.594691
-0.131506 0.104832 -1.4352 0.58963 -0.513233 0.623641
-0.130737 0.106182 -1.43477 0.589769 -0.49931 0.634714
-0.131356 0.106402 -1.43412 0.601832 -0.506086 0.617799
-0.132208 0.106488 -1.4331 0.633695 -0.52481 0.568335
-0.130269 0.108887 -1.43281 0.609024 -0.552691 0.568878
-0.137345 0.105654 -1.43815 -0.625468 0.579782 -0.522152
-0.138193 0.105622 -1.43714 -0.588997 0.589382 -0.552911
-0.137912 0.106474 -1.4367 -0.611334 0.561894 -0.557266
-0.137392 0.106451 -1.43726 -0.613454 0.564101 -0.552689
-0.137055 0.107411 -1.43658 -0.609687 0.562057 -0.558903
-0.138243 0.107064 -1.43565 -0.614401 0.567066 -0.548586
-0.137381 0.107959 -1.43569 -0.621407 0.529093 -0.577852
-0.135813 0.107 -1.43855 -0.611229 0.594211 -0.522793
-0.136089 0.107841 -1.43718 -0.626057 0.55669 -0.546031
-0.134976 0.108509 -1.43787 -0.669489 0.497913 -0.551241
-0.134449 0.109863 -1.43736 -0.67281 0.452612 -0.585208
-0.135915 0.108956 -1.43644 -0.656399 0.485586 -0.577362
-0.138071 0.108098 -1.43486 -0.62853 0.538604 -0.561119
-0.136603 0.10895 -1.43569 -0.648092 0.505549 -0.569559
-0.136041 0.110208 -1.43528 -0.668117 0.501263 -0.549868
-0.13678 0.109839 -1.43468 -0.673407 0.507018 -0.538011
-0.131185 0.108831 -1.44198 -0.647395 0.49722 -0.577626
-0.13227 0.109122 -1.44054 -0.665635 0.478297 -0.572855
-0.132046 0.108773 -1.44105 -0.657769 0.485649 -0.575748
-0.131248 0.109681 -1.44126 -0.657076 0.472772 -0.587144
-0.131972 0.109715 -1.44036 -0.672872 0.463894 -0.576234
-0.133273 0.109254 -1.43928 -0.660706 0.474159 -0.581929
-0.132723 0.109182 -1.43991 -0.662988 0.465567 -0.586255
-0.132733 0.110065 -1.43927 -0.671077 0.468291 -0.574769
-0.13018 0.109868 -1.44229 -0.659288 0.477802 -0.580555
-0.130253 0.110504 -1.44162 -0.668845 0.441577 -0.598044
-0.130968 0.110624 -1.44083 -0.662984 0.428876 -0.61361
-0.130714 0.111949 -1.4402 -0.693562 0.387027 -0.607604
-0.13176 0.111121 -1.43952 -0.689243 0.434778 -0.579579
-0.131406 0.112013 -1.43936 -0.732911 0.3636 -0.57501
-0.134279 0.109162 -1.4382 -0.669395 0.490008 -0.558393
-0.13322 0.110336 -1.43837 -0.674243 0.4634 -0.575027
-0.133362 0.11162 -1.4374 -0.687382 0.398751 -0.607045
-0.132247 0.112223 -1.43815 -0.698008 0.366226 -0.615357
-0.131439 0.112611 -1.43891 -0.757422 0.339377 -0.557794
-0.133547 0.112713 -1.43643 -0.727008 0.326872 -0.603832
-0.132929 0.112987 -1.43707 -0.703437 0.3106 -0.6393
-0.132827 0.113742 -1.43684 -0.719962 0.367377 -0.588802
-0.13451 0.111064 -1.43644 -0.70666 0.437244 -0.556281
-0.135238 0.110361 -1.43604 -0.681241 0.477211 -0.55514
-0.135723 0.11106 -1.43483 -0.705419 0.451841 -0.546099
-0.135211 0.111093 -1.43546 -0.707886 0.43351 -0.557644
-0.1345 0.111939 -1.4358 -0.716305 0.372801 -0.589853
-0.134931 0.11211 -1.43517 -0.738102 0.371132 -0.563442
-0.129839 0.110121 -1.43211 0.691484 -0.401645 0.600442
-0.12954 0.109971 -1.43263 0.683806 -0.450307 0.574138
-0.128364 0.111914 -1.43312 0.760029 -0.0734349 0.645727
-0.128958 0.111534 -1.43247 0.762502 -0.206556 0.613127
-0.129014 0.111994 -1.43233 0.769862 -0.0186543 0.637938
-0.129448 0.111547 -1.43185 0.722853 -0.181723 0.666678
-0.130644 0.111216 -1.43073 0.713821 -0.270434 0.646007
-0.13014 0.11129 -1.43127 0.712986 -0.235307 0.660517
-0.128102 0.112329 -1.43347 0.750602 0.0626146 0.657781
-0.128317 0.112696 -1.43327 0.78897 0.143818 0.597363
-0.12804 0.112855 -1.43363 0.589722 -0.0723509 0.804359
-0.128683 0.11264 -1.43271 0.790077 0.0679828 0.609226
-0.129111 0.112998 -1.43229 0.746184 0.181459 0.640533
-0.128337 0.113208 -1.43337 0.730198 0.223132 0.645773
-0.128425 0.114007 -1.43379 0.677352 0.493801 0.545302
-0.129075 0.113602 -1.43262 0.705822 0.39824 0.58585
-0.129564 0.112581 -1.43169 0.733363 0.0753164 0.675652
-0.129774 0.113106 -1.43161 0.707571 0.279779 0.648896
-0.131504 0.107803 -1.43254 0.610184 -0.566808 0.553538
-0.132402 0.107409 -1.43195 0.599778 -0.551569 0.579689
-0.133055 0.106654 -1.43194 0.595389 -0.536213 0.598321
-0.133789 0.107077 -1.43084 0.592706 -0.553745 0.584864
-0.133023 0.107602 -1.43121 0.60222 -0.552066 0.576675
-0.133979 0.107606 -1.43011 0.594935 -0.580419 0.556027
-0.13331 0.108463 -1.4299 0.597713 -0.581848 0.551536
-0.132085 0.108863 -1.43085 0.611968 -0.554147 0.564284
-0.130835 0.108879 -1.43214 0.626458 -0.535757 0.566141
-0.13051 0.110189 -1.43142 0.666701 -0.40019 0.628774
-0.132246 0.109365 -1.43014 0.628558 -0.511193 0.586171
-0.131335 0.11012 -1.43053 0.689014 -0.404483 0.601376
-0.13164 0.110898 -1.4297 0.704593 -0.322531 0.632078
-0.138079 0.108951 -1.43396 -0.639596 0.558321 -0.528389
-0.137619 0.109717 -1.43371 -0.666136 0.523173 -0.531557
-0.138451 0.109295 -1.43311 -0.64305 0.549294 -0.533632
-0.137471 0.11067 -1.43305 -0.682827 0.489583 -0.542269
-0.139133 0.110117 -1.43145 -0.681835 0.494554 -0.538996
-0.138713 0.111377 -1.43093 -0.703519 0.415171 -0.576797
-0.134255 0.10861 -1.42874 0.625353 -0.534501 0.568545
-0.134999 0.107828 -1.42886 0.579704 -0.575011 0.577326
-0.133086 0.108939 -1.42969 0.602293 -0.539376 0.588487
-0.133902 0.109359 -1.42855 0.651591 -0.504609 0.566392
-0.13501 0.109135 -1.42753 0.597619 -0.55421 0.579399
-0.134661 0.110225 -1.42689 0.643103 -0.458663 0.613227
-0.13279 0.110023 -1.42902 0.657155 -0.418224 0.627086
-0.132187 0.110802 -1.42918 0.692609 -0.294866 0.658291
-0.132343 0.111552 -1.42866 0.719233 -0.225339 0.657211
-0.133004 0.111665 -1.42792 0.74913 -0.179793 0.637556
-0.13384 0.11003 -1.42797 0.631567 -0.508865 0.584961
-0.133483 0.111029 -1.42762 0.690661 -0.332996 0.641951
-0.134298 0.11109 -1.42674 0.690415 -0.334635 0.641362
-0.133383 0.11184 -1.42737 0.733376 -0.178359 0.65601
-0.133906 0.111742 -1.42692 0.711094 -0.208042 0.671612
-0.134549 0.111769 -1.42611 0.733642 -0.218248 0.643534
-0.135882 0.107835 -1.42797 0.612997 -0.549193 0.567998
-0.136397 0.107999 -1.42719 0.625221 -0.556095 0.547592
-0.136032 0.109246 -1.42635 0.624645 -0.537604 0.566393
-0.135642 0.110086 -1.42602 0.650002 -0.49705 0.574838
-0.131119 0.111584 -1.43008 0.733163 -0.245641 0.634139
-0.130238 0.111971 -1.431 0.743428 -0.0625983 0.66588
-0.130895 0.112613 -1.43017 0.764118 0.156003 0.625929
-0.130279 0.112551 -1.43095 0.735226 0.118242 0.667429
-0.130513 0.11296 -1.43083 0.744096 0.189234 0.640711
-0.13077 0.113276 -1.4306 0.7359 0.247402 0.630272
-0.130412 0.113358 -1.43101 0.709159 0.237493 0.663845
-0.131029 0.114077 -1.43071 0.675137 0.400259 0.619664
-0.129844 0.114507 -1.43255 0.577666 0.670851 0.465039
-0.130232 0.114201 -1.43174 0.66464 0.494697 0.559936
-0.131018 0.11478 -1.43156 0.535256 0.727251 0.429659
-0.131391 0.114413 -1.43058 0.595027 0.596853 0.538247
-0.136212 0.111374 -1.43398 -0.695959 0.449176 -0.560252
-0.136261 0.112781 -1.43288 -0.710741 0.384064 -0.589357
-0.13759 0.111701 -1.43205 -0.711301 0.397026 -0.580019
-0.138333 0.111058 -1.43156 -0.68957 0.444775 -0.571549
-0.136698 0.113548 -1.43198 -0.709403 0.374431 -0.597117
-0.137419 0.112817 -1.43156 -0.736172 0.383759 -0.557476
-0.135325 0.11253 -1.43431 -0.74353 0.39175 -0.541937
-0.135016 0.113506 -1.43401 -0.784308 0.343161 -0.516819
-0.134542 0.113415 -1.43483 -0.765958 0.344449 -0.542828
-0.13453 0.114257 -1.4344 -0.773846 0.365599 -0.517204
-0.134873 0.114541 -1.43358 -0.782162 0.428441 -0.452394
-0.135506 0.114236 -1.43289 -0.704958 0.431051 -0.563231
-0.135013 0.115516 -1.43238 -0.582962 0.65015 -0.487299
-0.136602 0.114576 -1.43142 -0.687213 0.404265 -0.60358
-0.136321 0.115202 -1.43131 -0.594488 0.553444 -0.583339
-0.135623 0.115452 -1.43176 -0.565654 0.621897 -0.541552
-0.131276 0.112269 -1.4297 0.745941 -0.0748658 0.661791
-0.132547 0.112496 -1.42832 0.761053 -0.0501567 0.646748
-0.132448 0.112878 -1.42847 0.758321 0.151895 0.633938
-0.133666 0.112444 -1.427 0.753397 -0.0828844 0.652321
-0.133279 0.112382 -1.42741 0.742382 -0.0187291 0.669715
-0.13346 0.112699 -1.42725 0.765164 0.101241 0.635825
-0.134181 0.112761 -1.42635 0.761698 0.0378212 0.646828
-0.133231 0.113534 -1.42774 0.727326 0.306356 0.614119
-0.133639 0.114184 -1.4277 0.713876 0.416137 0.563215
-0.133633 0.113418 -1.42721 0.747308 0.261625 0.610805
-0.134508 0.114017 -1.42644 0.751472 0.349365 0.559673
-0.135168 0.114691 -1.42603 0.710539 0.488035 0.506908
-0.131671 0.113429 -1.42961 0.732322 0.280928 0.620309
-0.132009 0.114175 -1.42969 0.69131 0.459977 0.557236
-0.132265 0.113752 -1.429 0.718258 0.387353 0.577982
-0.132792 0.114753 -1.42925 0.661962 0.535333 0.524618
-0.13182 0.11456 -1.43029 0.63642 0.572481 0.516949
-0.132212 0.1148 -1.42999 0.645432 0.601294 0.471024
-0.132372 0.115347 -1.43087 0.499497 0.79648 0.340767
-0.132818 0.115115 -1.42971 0.550467 0.735075 0.395793
-0.133786 0.115591 -1.42925 0.532301 0.774705 0.341304
-0.133719 0.115803 -1.43012 0.411841 0.886754 0.209891
-0.133278 0.114707 -1.42854 0.656142 0.575544 0.488085
-0.134176 0.115312 -1.42811 0.573143 0.709658 0.409747
-0.134444 0.115008 -1.42735 0.64637 0.587905 0.486389
-0.135048 0.115653 -1.42758 0.518523 0.767758 0.376405
-0.134443 0.11576 -1.42871 0.458898 0.838207 0.294654
-0.135111 0.115983 -1.42834 0.362078 0.899967 0.242813
-0.139095 0.112056 -1.42998 -0.712604 0.415309 -0.565432
-0.138294 0.112771 -1.43041 -0.713588 0.418884 -0.561541
-0.137905 0.112974 -1.43078 -0.728804 0.392955 -0.560742
-0.139047 0.113767 -1.42881 -0.737957 0.376148 -0.560297
-0.136124 0.115796 -1.43072 -0.452165 0.738642 -0.499955
-0.136645 0.115731 -1.43039 -0.524954 0.682752 -0.508206
-0.136467 0.115887 -1.43029 -0.383052 0.85259 -0.355475
-0.137153 0.113644 -1.43131 -0.730577 0.380055 -0.567289
-0.137808 0.113947 -1.43033 -0.711818 0.347918 -0.610138
-0.137088 0.115248 -1.43035 -0.671882 0.458779 -0.581461
-0.137748 0.114749 -1.42998 -0.728031 0.404983 -0.553136
-0.138429 0.113882 -1.42959 -0.736812 0.359824 -0.572393
-0.137416 0.115524 -1.42974 -0.649107 0.6121 -0.451657
-0.136953 0.115768 -1.42997 -0.546565 0.707377 -0.448201
-0.136195 0.116205 -1.42951 -0.205533 0.966568 -0.153305
-0.136967 0.115918 -1.42962 -0.447227 0.830461 -0.332148
-0.135896 0.116258 -1.42911 0.0839966 0.995789 0.0367133
-0.136678 0.116285 -1.42877 -0.177967 0.95927 -0.219381
-0.135584 0.116094 -1.42806 0.288514 0.935892 0.202152
-0.135964 0.116033 -1.42745 0.343485 0.909272 0.235036
-0.13704 0.116341 -1.42822 -0.0986497 0.991617 -0.0834511
-0.13642 0.116257 -1.42791 0.247853 0.959263 0.135588
-0.137969 0.115077 -1.42932 -0.813216 0.478465 -0.331287
-0.138822 0.11461 -1.42863 -0.730144 0.412826 -0.544485
-0.13818 0.11464 -1.42939 -0.794331 0.438985 -0.419917
-0.137752 0.115506 -1.42917 -0.716859 0.582351 -0.38338
-0.139077 0.115083 -1.42777 -0.689235 0.542653 -0.480086
-0.138486 0.115585 -1.42791 -0.605965 0.68079 -0.4115
-0.137324 0.115957 -1.42903 -0.480959 0.7922 -0.37563
-0.137855 0.115982 -1.42832 -0.562631 0.752237 -0.342908
-0.1374 0.116249 -1.42833 -0.322135 0.915607 -0.240609
-0.137904 0.116219 -1.42737 -0.30554 0.935197 -0.17903
-0.137671 0.116293 -1.42725 -0.231078 0.972096 -0.040394
-0.141352 0.099611 -1.44034 -0.563744 0.595463 -0.572378
-0.143465 0.099048 -1.43894 -0.568306 0.606979 -0.555522
-0.14156 0.100984 -1.43879 -0.57926 0.586203 -0.566413
-0.142635 0.099303 -1.43948 -0.553931 0.609056 -0.567637
-0.143823 0.097081 -1.44072 -0.532859 0.62861 -0.566489
-0.144906 0.09801 -1.43871 -0.551999 0.61431 -0.563845
-0.143929 0.09766 -1.44003 -0.552721 0.629151 -0.546505
-0.144547 0.097552 -1.4395 -0.55152 0.617604 -0.560706
-0.145578 0.097922 -1.43809 -0.545235 0.630518 -0.552418
-0.144133 0.099035 -1.43823 -0.557553 0.616588 -0.555836
-0.144972 0.099559 -1.43688 -0.580211 0.607509 -0.542483
-0.146348 0.09741 -1.43795 -0.546919 0.621327 -0.5611
-0.145893 0.098799 -1.43673 -0.547875 0.630086 -0.550295
-0.143612 0.100101 -1.43766 -0.558979 0.602513 -0.569667
-0.143464 0.101142 -1.43671 -0.5635 0.613376 -0.553387
-0.140036 0.098891 -1.4315 0.61321 -0.56491 0.552132
-0.147206 0.098678 -1.43561 -0.561363 0.630434 -0.536121
-0.14696 0.097886 -1.43683 -0.545256 0.633847 -0.548575
-0.146636 0.09983 -1.43488 -0.554592 0.61625 -0.559164
-0.147379 0.099471 -1.43446 -0.565271 0.61715 -0.547352
-0.147082 0.100438 -1.43373 -0.570102 0.615584 -0.544096
-0.14554 0.099669 -1.43611 -0.56133 0.615599 -0.553124
-0.144596 0.100326 -1.43635 -0.583004 0.608195 -0.538707
-0.144437 0.101454 -1.43538 -0.56155 0.599993 -0.569799
-0.144846 0.101541 -1.43491 -0.571158 0.602287 -0.5577
-0.143339 0.101994 -1.43583 -0.564428 0.604141 -0.562526
-0.144685 0.102722 -1.43366 -0.573783 0.618814 -0.536509
-0.145999 0.10047 -1.43476 -0.562307 0.591361 -0.578016
-0.145806 0.101268 -1.43413 -0.568347 0.610495 -0.551614
-0.139877 0.101183 -1.44029 -0.582693 0.573943 -0.575376
-0.1404 0.102546 -1.4383 -0.585475 0.595712 -0.54986
-0.142579 0.100815 -1.43785 -0.566941 0.601601 -0.562721
-0.140984 0.101939 -1.4384 -0.579637 0.601991 -0.549206
-0.139064 0.102113 -1.44019 -0.572383 0.58716 -0.572383
-0.138687 0.102987 -1.43967 -0.559865 0.601534 -0.569832
-0.138939 0.103851 -1.43849 -0.561102 0.609835 -0.559701
-0.139649 0.10386 -1.43775 -0.583342 0.600791 -0.546592
-0.142407 0.102095 -1.4367 -0.569078 0.600952 -0.561255
-0.14193 0.103066 -1.43621 -0.57788 0.592808 -0.560922
-0.143151 0.103206 -1.4348 -0.571693 0.589875 -0.570275
-0.141504 0.104067 -1.4355 -0.571803 0.59925 -0.560303
-0.142589 0.104083 -1.4345 -0.570876 0.609524 -0.550074
-0.141263 0.10268 -1.43721 -0.578725 0.601064 -0.55118
-0.140787 0.104713 -1.4356 -0.576009 0.6043 -0.550486
-0.138964 0.104843 -1.43738 -0.547288 0.633726 -0.546687
-0.139599 0.104803 -1.4367 -0.57995 0.608172 -0.542019
-0.138962 0.106094 -1.43587 -0.577546 0.604159 -0.549028
-0.140124 0.105926 -1.43495 -0.560729 0.626716 -0.541119
-0.141795 0.104783 -1.43447 -0.566584 0.619831 -0.542947
-0.147939 0.09897 -1.43448 -0.559101 0.61838 -0.552279
-0.148713 0.099833 -1.43264 -0.5687 0.620013 -0.540522
-0.140586 0.09866 -1.43107 0.615591 -0.570523 0.543647
-0.140789 0.099632 -1.42978 0.626722 -0.583344 0.516651
-0.141452 0.100308 -1.42831 0.649436 -0.541454 0.533911
-0.141185 0.099839 -1.42905 0.629062 -0.550091 0.549255
-0.140556 0.100826 -1.42896 0.653896 -0.515186 0.554079
-0.140968 0.101098 -1.42818 0.663924 -0.531703 0.52583
-0.145677 0.103046 -1.43226 -0.56278 0.62794 -0.537559
-0.147131 0.101485 -1.43242 -0.577012 0.600834 -0.553223
-0.146248 0.101987 -1.43285 -0.584111 0.599167 -0.547553
-0.147629 0.101485 -1.43193 -0.567788 0.609079 -0.55375
-0.146741 0.103255 -1.43083 -0.576873 0.63063 -0.519157
-0.147766 0.102247 -1.43097 -0.580854 0.626298 -0.519961
-0.148162 0.102728 -1.42986 -0.588359 0.638719 -0.495855
-0.142308 0.10021 -1.42741 0.617812 -0.565134 0.546747
-0.141086 0.101552 -1.42757 0.659989 -0.523557 0.538798
-0.142027 0.101187 -1.42679 0.65701 -0.536254 0.529876
-0.141547 0.100953 -1.42752 0.663155 -0.515073 0.54307
-0.142034 0.101826 -1.42602 0.656445 -0.518626 0.54782
-0.143001 0.100543 -1.4262 0.640985 -0.56004 0.524874
-0.143229 0.101263 -1.42527 0.651966 -0.518992 0.552799
-0.143146 0.102412 -1.42428 0.65749 -0.498723 0.564785
-0.143729 0.101139 -1.42472 0.66177 -0.513629 0.546119
-0.144573 0.100403 -1.42439 0.642632 -0.551279 0.532086
-0.141175 0.10222 -1.42677 0.658466 -0.518876 0.545151
-0.140687 0.103345 -1.42634 0.665962 -0.482129 0.56925
-0.141777 0.103372 -1.42503 0.669085 -0.495618 0.553794
-0.14208 0.102614 -1.42538 0.664983 -0.491469 0.562366
-0.141992 0.10382 -1.42442 0.670236 -0.497621 0.550596
-0.140868 0.104446 -1.42522 0.669704 -0.490845 0.557286
-0.1473 0.103599 -1.42974 -0.586211 0.621784 -0.519367
-0.147761 0.104297 -1.42839 -0.615153 0.620542 -0.486327
-0.14916 0.105026 -1.42538 -0.629041 0.640976 -0.439838
-0.147833 0.105371 -1.42684 -0.640638 0.631556 -0.436715
-0.143946 0.104392 -1.43255 -0.596134 0.611189 -0.520645
-0.141054 0.107078 -1.43251 -0.58668 0.603342 -0.540171
-0.142727 0.104904 -1.43332 -0.565213 0.646066 -0.512965
-0.14208 0.105908 -1.4327 -0.578909 0.632134 -0.515045
-0.142625 0.10611 -1.43189 -0.567948 0.625965 -0.534419
-0.143483 0.105425 -1.43187 -0.571382 0.636668 -0.517857
-0.142228 0.106898 -1.43148 -0.59109 0.600071 -0.539006
-0.141687 0.106939 -1.43199 -0.586924 0.59943 -0.544246
-0.14268 0.107238 -1.43055 -0.589164 0.611038 -0.528694
-0.144993 0.103417 -1.43251 -0.571437 0.63129 -0.524341
-0.144949 0.103947 -1.43191 -0.570472 0.621291 -0.537177
-0.145269 0.104441 -1.43104 -0.575422 0.61765 -0.536096
-0.146222 0.10488 -1.42945 -0.578228 0.629683 -0.518797
-0.143756 0.106101 -1.43072 -0.571384 0.627781 -0.528594
-0.143769 0.106791 -1.42989 -0.574787 0.626834 -0.526022
-0.143559 0.108221 -1.42847 -0.610427 0.608042 -0.507605
-0.144536 0.108454 -1.42692 -0.621188 0.619759 -0.479608
-0.144813 0.105789 -1.42998 -0.58388 0.630339 -0.511622
-0.146718 0.10574 -1.42788 -0.586577 0.641355 -0.494561
-0.145248 0.106408 -1.42861 -0.587814 0.63459 -0.501767
-0.14675 0.104911 -1.42886 -0.583526 0.619924 -0.524588
-0.146544 0.106752 -1.42662 -0.621407 0.641345 -0.450033
-0.144411 0.106858 -1.42909 -0.600056 0.622718 -0.50215
-0.144745 0.107306 -1.42808 -0.601275 0.626267 -0.496244
-0.145292 0.107649 -1.42702 -0.607734 0.63205 -0.480804
-0.14863 0.100986 -1.43147 -0.577441 0.612941 -0.53932
-0.150829 0.100729 -1.4292 -0.619689 0.631289 -0.466326
-0.149346 0.100883 -1.43075 -0.593433 0.627199 -0.50444
-0.151174 0.101379 -1.42774 -0.608091 0.642725 -0.465972
-0.149554 0.101871 -1.42927 -0.604172 0.635096 -0.481279
-0.149325 0.102545 -1.42871 -0.614938 0.636914 -0.464964
-0.15012 0.102331 -1.42785 -0.614271 0.635922 -0.467198
-0.150575 0.102093 -1.42763 -0.61487 0.637366 -0.464435
-0.150778 0.102995 -1.42606 -0.634188 0.638003 -0.436757
-0.151929 0.10244 -1.42517 -0.625164 0.649567 -0.432703
-0.151386 0.101928 -1.42678 -0.608414 0.654104 -0.449423
-0.149047 0.103069 -1.42831 -0.615604 0.634499 -0.467378
-0.148369 0.10429 -1.42756 -0.635963 0.635903 -0.43724
-0.149808 0.103332 -1.42699 -0.615147 0.639762 -0.460759
-0.14855 0.10444 -1.42702 -0.628434 0.643844 -0.436503
-0.149709 0.104079 -1.42606 -0.619692 0.651112 -0.438217
-0.139943 0.107063 -1.43376 -0.597218 0.594944 -0.537934
-0.139219 0.10705 -1.43454 -0.601067 0.578486 -0.551429
-0.140882 0.106305 -1.43363 -0.580907 0.631402 -0.513691
-0.138969 0.108021 -1.43388 -0.628501 0.553304 -0.546663
-0.140114 0.108165 -1.4324 -0.612249 0.571839 -0.546033
-0.139121 0.108793 -1.43289 -0.627255 0.577419 -0.522627
-0.141487 0.107997 -1.43102 -0.601311 0.595137 -0.533138
-0.14102 0.109109 -1.43033 -0.615518 0.581873 -0.531565
-0.14008 0.109089 -1.4315 -0.609367 0.575237 -0.545687
-0.139035 0.109417 -1.43228 -0.707647 0.507308 -0.491807
-0.139141 0.10964 -1.43186 -0.681231 0.5263 -0.508854
-0.139256 0.110774 -1.43066 -0.672209 0.481475 -0.562421
-0.14028 0.110024 -1.43021 -0.63696 0.54092 -0.549261
-0.141034 0.110199 -1.42919 -0.645221 0.551202 -0.529024
-0.142918 0.108043 -1.42937 -0.592525 0.601841 -0.535446
-0.142118 0.109045 -1.42917 -0.612931 0.584693 -0.531461
-0.142662 0.109639 -1.42782 -0.638314 0.582645 -0.503071
-0.143239 0.110507 -1.42607 -0.671804 0.545529 -0.501077
-0.142085 0.110961 -1.42706 -0.675855 0.531282 -0.510841
-0.14045 0.111212 -1.42891 -0.690328 0.486761 -0.535267
-0.141068 0.110636 -1.42866 -0.654027 0.543056 -0.526631
-0.13973 0.111282 -1.42977 -0.685897 0.446269 -0.574795
-0.141348 0.111027 -1.42797 -0.665312 0.515189 -0.540315
-0.140701 0.111953 -1.4279 -0.735121 0.4474 -0.509343
-0.141068 0.112445 -1.42703 -0.720356 0.457838 -0.521029
-0.13989 0.11225 -1.42883 -0.729647 0.409532 -0.54763
-0.140043 0.1129 -1.42819 -0.750085 0.413793 -0.515895
-0.139685 0.113591 -1.42811 -0.753675 0.408449 -0.514921
-0.140295 0.113791 -1.4271 -0.758586 0.403653 -0.51148
-0.139556 0.114901 -1.4273 -0.720574 0.468865 -0.510822
-0.119324 0.108666 -1.45132 -0.0435875 -0.447903 -0.893019
-0.120811 0.108439 -1.45112 0.000268397 -0.445421 -0.895321
-0.119947 0.109097 -1.45149 -0.0787751 -0.403425 -0.911616
-0.120877 0.109129 -1.45152 -0.113649 -0.258023 -0.959431
-0.120516 0.109605 -1.45161 -0.193277 -0.0659403 -0.978926
-0.120317 0.109955 -1.45171 -0.32433 -0.111042 -0.939404
-0.121342 0.108289 -1.45111 -0.0154942 -0.317802 -0.948031
-0.121748 0.108457 -1.45113 -0.157395 -0.0827575 -0.984062
-0.121262 0.10884 -1.45134 -0.243427 -0.283603 -0.927531
-0.12098 0.108863 -1.4514 -0.0987555 -0.435149 -0.894926
-0.122044 0.108712 -1.451 -0.453898 0.173147 -0.874069
-0.121512 0.108898 -1.45127 -0.330074 -0.107239 -0.937844
-0.122433 0.108794 -1.45071 -0.556367 0.377467 -0.740253
-0.121106 0.109217 -1.45148 -0.351865 -0.0548076 -0.934445
-0.121349 0.10929 -1.45131 -0.526737 0.18758 -0.829073
-0.120767 0.109943 -1.45148 -0.5197 0.248389 -0.817444
-0.12163 0.110164 -1.4506 -0.615449 0.379523 -0.690785
-0.118379 0.110112 -1.45222 0.142062 -0.521438 -0.84138
-0.119053 0.109957 -1.45214 -0.135702 -0.450021 -0.882647
-0.119253 0.110379 -1.45226 -0.349719 -0.205682 -0.913997
-0.118626 0.110574 -1.45247 -0.0538401 -0.247612 -0.967362
-0.118763 0.110758 -1.45248 -0.0584527 0.000814925 -0.99829
-0.11843 0.111293 -1.45264 -0.248678 -0.0951297 -0.963903
-0.118873 0.11103 -1.45245 -0.378337 0.0849508 -0.921762
-0.119651 0.109745 -1.45186 -0.307779 -0.334633 -0.89067
-0.11992 0.110071 -1.45186 -0.41333 -0.122894 -0.90225
-0.120144 0.110354 -1.45175 -0.529952 0.186809 -0.827196
-0.119511 0.110657 -1.45213 -0.525094 0.0900683 -0.846265
-0.118529 0.112609 -1.45245 -0.630531 0.183554 -0.754148
-0.120063 0.111232 -1.45139 -0.613168 0.295045 -0.732784
-0.119337 0.111274 -1.45204 -0.627777 0.251519 -0.736637
-0.119649 0.111927 -1.45152 -0.663796 0.207144 -0.718656
-0.118344 0.112003 -1.45268 -0.42098 0.0405762 -0.906162
-0.120288 0.112702 -1.45077 -0.674482 0.196201 -0.711743
-0.118178 0.113103 -1.45259 -0.45838 0.258388 -0.850367
-0.118695 0.113662 -1.45196 -0.554435 0.482169 -0.678318
-0.119302 0.11351 -1.45148 -0.642189 0.336861 -0.688562
-0.118426 0.114414 -1.45136 -0.384615 0.801589 -0.457741
-0.123547 0.110028 -1.44895 -0.612848 0.412718 -0.673855
-0.122128 0.110816 -1.4498 -0.614536 0.358867 -0.702539
-0.122087 0.112209 -1.44923 -0.646039 0.226983 -0.728774
-0.120736 0.111444 -1.45075 -0.64262 0.31327 -0.699215
-0.12142 0.111903 -1.44982 -0.643247 0.289881 -0.708662
-0.121054 0.112906 -1.44989 -0.667108 0.257611 -0.699002
-0.123324 0.112456 -1.44799 -0.702631 0.252687 -0.665176
-0.122928 0.113784 -1.44795 -0.727929 0.26907 -0.630651
-0.123803 0.109019 -1.4494 -0.6129 0.435495 -0.659316
-0.124687 0.109 -1.44854 -0.625983 0.432211 -0.649105
-0.125623 0.109714 -1.44722 -0.626366 0.458273 -0.630596
-0.125195 0.110491 -1.44701 -0.645907 0.433158 -0.628632
-0.12425 0.110997 -1.44765 -0.652502 0.379596 -0.655857
-0.123301 0.111272 -1.44844 -0.65585 0.336537 -0.675725
-0.123864 0.113218 -1.44701 -0.706413 0.339968 -0.620808
-0.120475 0.111218 -1.44153 0.690036 -0.147466 0.708593
-0.120241 0.111607 -1.4417 0.690646 0.0121398 0.723091
-0.120292 0.112488 -1.44178 0.682832 0.27813 0.675562
-0.120751 0.113186 -1.44177 0.643468 0.47525 0.600072
-0.120965 0.114123 -1.44268 0.413626 0.829737 0.374766
-0.120451 0.114431 -1.44408 0.36548 0.886924 0.282473
-0.11995 0.113903 -1.44331 0.508976 0.723499 0.466362
-0.12576 0.110478 -1.44641 -0.621734 0.465436 -0.629934
-0.125271 0.111216 -1.44642 -0.675294 0.370052 -0.637996
-0.125734 0.112418 -1.44539 -0.716691 0.299807 -0.629659
-0.126645 0.110186 -1.44585 -0.613783 0.452479 -0.646941
-0.127398 0.110205 -1.44505 -0.636348 0.446006 -0.629396
-0.126041 0.111408 -1.44556 -0.648965 0.405979 -0.643448
-0.126898 0.111208 -1.44482 -0.646859 0.440322 -0.622647
-0.126441 0.112078 -1.44473 -0.693297 0.370039 -0.618393
-0.127941 0.111473 -1.44352 -0.655054 0.425902 -0.624109
-0.127058 0.112639 -1.44368 -0.688373 0.350068 -0.635292
-0.124264 0.111867 -1.44721 -0.689831 0.299645 -0.659049
-0.125074 0.113131 -1.44585 -0.707042 0.318959 -0.631155
-0.124425 0.113115 -1.44655 -0.65601 0.331051 -0.678275
-0.123779 0.113759 -1.44679 -0.608062 0.439637 -0.661045
-0.124365 0.114075 -1.44608 -0.622235 0.481223 -0.617452
-0.124801 0.114013 -1.44561 -0.657113 0.480711 -0.580619
-0.12464 0.114634 -1.44516 -0.539743 0.66408 -0.517373
-0.125292 0.114578 -1.44454 -0.564475 0.592423 -0.574807
-0.125925 0.114671 -1.44392 -0.566811 0.634365 -0.525648
-0.125783 0.115258 -1.44299 -0.255053 0.915647 -0.310706
-0.125813 0.113871 -1.44457 -0.69657 0.375538 -0.61136
-0.126537 0.114618 -1.44312 -0.656583 0.520391 -0.545978
-0.126142 0.114975 -1.44315 -0.503701 0.699315 -0.507192
-0.120128 0.113275 -1.4508 -0.690804 0.297932 -0.658807
-0.121012 0.113467 -1.44963 -0.586179 0.491063 -0.6444
-0.119106 0.114199 -1.45095 -0.525812 0.666632 -0.528322
-0.119792 0.113672 -1.45089 -0.601583 0.557374 -0.572217
-0.120459 0.113414 -1.45032 -0.685089 0.450406 -0.572527
-0.119608 0.114603 -1.44956 -0.290036 0.923268 -0.251905
-0.11878 0.114732 -1.44969 -0.00861682 0.997717 -0.0669823
-0.119846 0.114719 -1.44876 -0.171286 0.958572 -0.2276
-0.120118 0.114165 -1.44994 -0.592553 0.637006 -0.493057
-0.120165 0.11445 -1.44938 -0.434229 0.819987 -0.372917
-0.119694 0.114404 -1.45008 -0.463558 0.775793 -0.428087
-0.121823 0.113124 -1.44924 -0.590191 0.331988 -0.735839
-0.122308 0.113302 -1.44872 -0.628946 0.272086 -0.728283
-0.120848 0.114046 -1.4492 -0.473231 0.656941 -0.586925
-0.121522 0.11355 -1.44921 -0.482307 0.505529 -0.715417
-0.119423 0.114796 -1.44852 0.0179944 0.998015 -0.0603568
-0.120641 0.11457 -1.44857 -0.246439 0.864133 -0.438796
-0.120129 0.114877 -1.44789 -0.0214025 0.98409 -0.176379
-0.120877 0.114691 -1.44822 -0.0959965 0.926285 -0.364391
-0.120477 0.114934 -1.44738 0.0376342 0.997621 -0.0577659
-0.12172 0.113815 -1.44891 -0.417407 0.398802 -0.816534
-0.121982 0.114359 -1.44856 -0.276189 0.532954 -0.7998
-0.122352 0.114168 -1.44845 -0.599001 0.374447 -0.707804
-0.122709 0.114235 -1.44794 -0.722709 0.504075 -0.472863
-0.122458 0.114475 -1.4481 -0.555284 0.727364 -0.403238
-0.122496 0.114551 -1.44779 -0.519816 0.808111 -0.277035
-0.123184 0.114001 -1.44749 -0.736382 0.50214 -0.453428
-0.122788 0.114401 -1.44758 -0.636689 0.689084 -0.346106
-0.120876 0.114263 -1.44891 -0.329242 0.739426 -0.587238
-0.121326 0.114193 -1.44881 -0.270086 0.613707 -0.741901
-0.121365 0.114481 -1.44855 -0.122731 0.759315 -0.639044
-0.122027 0.114587 -1.44836 -0.288389 0.747078 -0.598921
-0.121506 0.114765 -1.44791 -0.115763 0.966027 -0.231064
-0.12211 0.114667 -1.44814 -0.239011 0.930427 -0.27781
-0.121091 0.114933 -1.44743 -0.0436119 0.983485 -0.175657
-0.122254 0.114743 -1.44725 -0.285734 0.934493 -0.212317
-0.118963 0.114463 -1.45067 -0.367727 0.857598 -0.359586
-0.118875 0.114627 -1.45028 -0.2188 0.949773 -0.223734
-0.119103 0.114721 -1.44953 -0.147452 0.977475 -0.151001
-0.119541 0.114415 -1.44525 0.362212 0.897156 0.252813
-0.120061 0.114762 -1.446 0.251055 0.95502 0.157821
-0.119065 0.114428 -1.44603 0.314258 0.919073 0.237795
-0.120461 0.114718 -1.44525 0.252116 0.951567 0.175947
-0.119659 0.114864 -1.44774 0.117475 0.992884 0.0195079
-0.122846 0.114557 -1.44697 -0.458154 0.832363 -0.311875
-0.123138 0.114361 -1.44696 -0.573274 0.701731 -0.423001
-0.122136 0.115034 -1.44568 0.0308078 0.998713 -0.0403
-0.121547 0.114949 -1.44492 0.201189 0.972908 0.113901
-0.122493 0.114917 -1.44645 -0.212901 0.946915 -0.240883
-0.123428 0.114773 -1.44603 -0.309666 0.859722 -0.406183
-0.122721 0.115086 -1.44546 -0.0436041 0.98775 -0.149826
-0.121312 0.114998 -1.44632 0.0929683 0.995327 0.0260919
-0.121912 0.114995 -1.44654 -0.112461 0.982737 -0.1469
-0.123044 0.115132 -1.44415 0.140041 0.989812 0.0256913
-0.123168 0.115114 -1.44498 0.0298815 0.994835 -0.097008
-0.123674 0.115204 -1.44455 0.0135939 0.99263 -0.120417
-0.122027 0.114872 -1.44372 0.290377 0.936825 0.195036
-0.122425 0.11487 -1.44307 0.322601 0.920011 0.222504
-0.123825 0.115264 -1.44395 -0.0017684 0.997582 -0.0694758
-0.123415 0.114089 -1.44692 -0.678852 0.512937 -0.525409
-0.123593 0.11457 -1.44626 -0.505507 0.669927 -0.543746
-0.124068 0.11497 -1.44521 -0.373605 0.824591 -0.424817
-0.123846 0.115067 -1.44516 -0.149442 0.955524 -0.254244
-0.124522 0.115197 -1.44417 -0.175891 0.959208 -0.22132
-0.124737 0.114973 -1.44453 -0.420709 0.786906 -0.451422
-0.124811 0.115256 -1.44345 -0.0140186 0.990808 -0.134544
-0.125131 0.115221 -1.44353 -0.146648 0.960793 -0.235313
-0.125084 0.115093 -1.44399 -0.320914 0.872368 -0.368766
-0.120791 0.111102 -1.44126 0.620103 -0.10064 0.778038
-0.12081 0.111556 -1.44125 0.641637 -0.0219454 0.766694
-0.122299 0.111857 -1.43977 0.696717 -0.000470754 0.717346
-0.121477 0.111887 -1.44054 0.698924 -0.00519377 0.715177
-0.121251 0.112426 -1.44084 0.669033 0.180391 0.721009
-0.120835 0.112754 -1.44139 0.675395 0.352391 0.647813
-0.121452 0.113183 -1.44094 0.629828 0.447525 0.634853
-0.122097 0.11245 -1.44008 0.685633 0.204264 0.698701
-0.122657 0.112688 -1.43954 0.697749 0.228874 0.678795
-0.123525 0.112283 -1.4386 0.687965 0.156217 0.708732
-0.123649 0.113091 -1.43881 0.660574 0.334365 0.672193
-0.123292 0.11317 -1.43915 0.638821 0.386765 0.665072
-0.122081 0.113182 -1.44044 0.632368 0.428525 0.645351
-0.124001 0.113602 -1.43877 0.63183 0.49338 0.597802
-0.124125 0.114164 -1.43937 0.475219 0.748175 0.463034
-0.120754 0.113793 -1.44239 0.550421 0.648905 0.525319
-0.121987 0.113738 -1.44099 0.527575 0.664626 0.529091
-0.121884 0.114218 -1.44186 0.45475 0.782075 0.426101
-0.122862 0.114714 -1.44193 0.356446 0.889497 0.285904
-0.123429 0.114507 -1.4408 0.406416 0.842267 0.354136
-0.123883 0.115108 -1.44241 0.207283 0.966085 0.153992
-0.122878 0.11389 -1.44025 0.540246 0.695129 0.474267
-0.123364 0.113944 -1.43974 0.553846 0.647879 0.52298
-0.124115 0.11454 -1.44003 0.406313 0.826247 0.390161
-0.128014 0.11256 -1.44281 -0.664491 0.363874 -0.652724
-0.125556 0.115339 -1.44229 0.074583 0.997148 0.0115545
-0.124391 0.115109 -1.44168 0.241414 0.952196 0.187194
-0.125221 0.115233 -1.44141 0.202557 0.970011 0.134349
-0.127004 0.113577 -1.4433 -0.695086 0.376514 -0.612448
-0.127558 0.114048 -1.44251 -0.650647 0.37295 -0.661488
-0.128518 0.113509 -1.44174 -0.692762 0.339677 -0.63616
-0.127615 0.114873 -1.44192 -0.573986 0.582693 -0.575333
-0.128258 0.114519 -1.44152 -0.658248 0.451808 -0.602146
-0.126779 0.114899 -1.44264 -0.566233 0.567562 -0.597707
-0.126374 0.115214 -1.44262 -0.393262 0.805256 -0.443742
-0.126187 0.115333 -1.44243 -0.153495 0.964678 -0.214094
-0.126954 0.115217 -1.44207 -0.36317 0.829807 -0.423708
-0.126485 0.115426 -1.44167 -0.0451202 0.990387 -0.130762
-0.127043 0.11535 -1.4417 -0.250484 0.933923 -0.255039
-0.127539 0.115118 -1.44169 -0.436082 0.815833 -0.379802
-0.124672 0.114188 -1.43878 0.508906 0.764164 0.396319
-0.124942 0.114655 -1.43961 0.390072 0.856585 0.337797
-0.126244 0.115209 -1.43962 0.225255 0.963615 0.143895
-0.124473 0.114825 -1.44045 0.310068 0.910209 0.274549
-0.125673 0.11512 -1.44008 0.296391 0.933908 0.199922
-0.126539 0.115407 -1.4409 0.133424 0.988435 0.0720673
-0.128166 0.115026 -1.44105 -0.530757 0.745601 -0.402958
-0.128637 0.114983 -1.44039 -0.565375 0.719422 -0.403463
-0.128373 0.115187 -1.44033 -0.432018 0.843496 -0.31918
-0.128659 0.115345 -1.43964 -0.332696 0.892555 -0.304398
-0.128425 0.115462 -1.43939 -0.146204 0.979307 -0.139938
-0.126961 0.115448 -1.4411 -0.0610224 0.99676 -0.0523973
-0.127361 0.115399 -1.4409 -0.23465 0.956896 -0.171144
-0.127664 0.115223 -1.44121 -0.34228 0.892567 -0.293545
-0.127782 0.11535 -1.4407 -0.273264 0.938028 -0.213145
-0.127798 0.115461 -1.43986 0.0191232 0.99959 -0.0213283
-0.127238 0.115442 -1.44042 -0.0451493 0.998546 -0.0294478
-0.128097 0.115399 -1.43999 -0.24144 0.945 -0.220638
-0.125123 0.113112 -1.43717 0.712627 0.33876 0.614332
-0.124352 0.113645 -1.43836 0.61158 0.590752 0.526291
-0.125638 0.112991 -1.43646 0.713888 0.30143 0.632063
-0.125735 0.113458 -1.43664 0.682944 0.469451 0.559645
-0.126214 0.114002 -1.43662 0.636451 0.606052 0.477107
-0.125478 0.114336 -1.43803 0.511537 0.729615 0.453864
-0.125476 0.113965 -1.43751 0.593139 0.633821 0.496443
-0.12687 0.11486 -1.43737 0.434708 0.864824 0.251213
-0.126489 0.114465 -1.437 0.561417 0.74413 0.362051
-0.126362 0.113566 -1.43602 0.704703 0.3978 0.587493
-0.12699 0.114084 -1.43564 0.616319 0.622261 0.482641
-0.127449 0.11469 -1.43605 0.445055 0.812092 0.377402
-0.127754 0.113923 -1.43452 0.671446 0.508386 0.539169
-0.127026 0.114761 -1.43666 0.492625 0.802331 0.337024
-0.127835 0.114967 -1.43636 0.331901 0.904399 0.268149
-0.128115 0.114613 -1.43508 0.505549 0.77479 0.379633
-0.12913 0.115046 -1.43474 0.373392 0.88574 0.275759
-0.129485 0.11536 -1.43557 0.270336 0.950345 0.154153
-0.125776 0.114831 -1.43862 0.405822 0.866094 0.291873
-0.12623 0.114756 -1.43796 0.436861 0.820211 0.369333
-0.127078 0.115257 -1.43867 0.261521 0.950568 0.167416
-0.128795 0.115431 -1.43914 -0.170807 0.965468 -0.196714
-0.128324 0.115491 -1.43874 0.0415916 0.999134 0.00142624
-0.127932 0.115319 -1.43744 0.236843 0.958051 0.161383
-0.128785 0.115368 -1.43679 0.229324 0.963386 0.138914
-0.124326 0.115277 -1.44306 0.0996184 0.99462 0.0284282
-0.125265 0.115328 -1.44305 -0.0483643 0.989711 -0.134657
-0.128943 0.111826 -1.44227 -0.682275 0.390423 -0.618119
-0.129878 0.11175 -1.4413 -0.677112 0.388384 -0.625041
-0.129338 0.112507 -1.44137 -0.678606 0.369204 -0.634966
-0.129965 0.11253 -1.44073 -0.683652 0.361383 -0.634053
-0.129425 0.113666 -1.4407 -0.703705 0.375124 -0.603391
-0.129388 0.114203 -1.44033 -0.7012 0.51372 -0.494378
-0.129686 0.11482 -1.43923 -0.619482 0.590906 -0.51679
-0.130039 0.113873 -1.43976 -0.671799 0.468571 -0.573696
-0.13018 0.114294 -1.4392 -0.621294 0.509716 -0.595133
-0.128555 0.114726 -1.441 -0.659591 0.569553 -0.490458
-0.129467 0.1148 -1.4396 -0.636115 0.624405 -0.453294
-0.13058 0.113523 -1.43947 -0.670805 0.432462 -0.602492
-0.13084 0.114323 -1.43847 -0.638016 0.51269 -0.57453
-0.130256 0.114688 -1.43883 -0.592424 0.630169 -0.501917
-0.130539 0.114747 -1.43832 -0.535667 0.699376 -0.473217
-0.13102 0.114806 -1.43783 -0.507459 0.6664 -0.546257
-0.131215 0.113332 -1.43882 -0.728362 0.369662 -0.576922
-0.132076 0.113615 -1.43764 -0.656803 0.361303 -0.661869
-0.132467 0.113874 -1.43721 -0.656532 0.393639 -0.643439
-0.129045 0.115294 -1.43574 0.315972 0.922896 0.220055
-0.130637 0.115471 -1.43719 -0.28836 0.891558 -0.349247
-0.131188 0.115511 -1.43652 -0.295436 0.898476 -0.324745
-0.129622 0.115545 -1.43679 0.149546 0.987527 0.0492554
-0.13061 0.115684 -1.43605 0.0741399 0.99584 -0.0529716
-0.130394 0.115596 -1.43509 0.283963 0.952533 0.10975
-0.131182 0.115715 -1.43581 -0.0963336 0.977639 -0.186926
-0.133299 0.114082 -1.43608 -0.705849 0.382395 -0.596281
-0.132689 0.114903 -1.43601 -0.446668 0.707262 -0.547967
-0.131682 0.114528 -1.43743 -0.591104 0.536737 -0.602088
-0.131203 0.115157 -1.43718 -0.489337 0.706664 -0.511053
-0.132334 0.114611 -1.43668 -0.571956 0.599025 -0.560389
-0.13159 0.115344 -1.43647 -0.445595 0.771548 -0.454047
-0.132135 0.115656 -1.43537 -0.273392 0.903911 -0.32894
-0.132384 0.11544 -1.4356 -0.390403 0.797724 -0.459588
-0.130046 0.1151 -1.43831 -0.490054 0.787998 -0.372701
-0.12935 0.115329 -1.43893 -0.475285 0.805921 -0.35298
-0.129348 0.115397 -1.43868 -0.2768 0.948776 -0.152332
-0.129018 0.115316 -1.43932 -0.432886 0.819738 -0.37502
-0.129041 0.115479 -1.43884 -0.203489 0.962911 -0.177183
-0.129684 0.115437 -1.43791 -0.300805 0.915043 -0.268725
-0.129 0.115487 -1.43827 -0.0317861 0.999489 -0.00346426
-0.130213 0.115392 -1.43761 -0.343738 0.828186 -0.442665
-0.129487 0.115544 -1.4375 0.0148184 0.99905 -0.0409917
-0.129926 0.115545 -1.43738 -0.124378 0.966449 -0.224735
-0.130349 0.115544 -1.43718 -0.0964 0.979874 -0.174797
-0.128695 0.114429 -1.43394 0.583115 0.68359 0.438955
-0.129155 0.114273 -1.43318 0.637303 0.586563 0.499788
-0.130105 0.114935 -1.43291 0.49766 0.786687 0.36532
-0.129318 0.114895 -1.43413 0.454211 0.836682 0.306033
-0.129803 0.115273 -1.43461 0.378201 0.899975 0.216814
-0.130444 0.115451 -1.43399 0.340435 0.919689 0.195643
-0.131402 0.115798 -1.43494 0.106635 0.994134 0.0180634
-0.131605 0.115715 -1.4339 0.197594 0.974369 0.107527
-0.131939 0.115734 -1.43307 0.260837 0.956404 0.131363
-0.133297 0.115111 -1.4353 -0.539206 0.637622 -0.550177
-0.132117 0.115799 -1.4349 -0.213223 0.965337 -0.150534
-0.132163 0.115803 -1.43432 -0.000470235 0.999808 -0.0195846
-0.131545 0.115687 -1.43574 -0.199405 0.935475 -0.29176
-0.131818 0.115839 -1.43495 -0.0654459 0.990343 -0.122216
-0.133374 0.115415 -1.43478 -0.433595 0.80578 -0.403379
-0.132809 0.115619 -1.4348 -0.279637 0.919074 -0.277679
-0.13329 0.115832 -1.4338 -0.185801 0.953778 -0.23619
-0.130848 0.115038 -1.43227 0.43487 0.833358 0.341178
-0.130919 0.115426 -1.43327 0.332115 0.91145 0.242813
-0.131887 0.115326 -1.43159 0.460108 0.842029 0.28158
-0.132473 0.115763 -1.43224 0.303386 0.940508 0.152976
-0.133658 0.115758 -1.43364 -0.422336 0.845688 -0.326259
-0.134014 0.115854 -1.43293 -0.341914 0.868886 -0.357955
-0.133381 0.115949 -1.43242 0.127046 0.991724 -0.0185174
-0.133623 0.115896 -1.43313 -0.129287 0.974652 -0.182589
-0.13404 0.115982 -1.43256 -0.108536 0.965602 -0.236291
-0.132508 0.115642 -1.43153 0.38831 0.88976 0.239879
-0.134083 0.116098 -1.43199 0.0294624 0.996737 -0.0751463
-0.134156 0.116067 -1.43147 0.130433 0.991119 0.0258946
-0.132799 0.115909 -1.43324 0.080636 0.996586 -0.017749
-0.134492 0.114875 -1.43392 -0.75582 0.498364 -0.424701
-0.134156 0.115135 -1.43417 -0.66515 0.598831 -0.446068
-0.134611 0.115097 -1.43331 -0.703407 0.574162 -0.418994
-0.134188 0.115563 -1.43325 -0.55818 0.710238 -0.428949
-0.13437 0.115921 -1.43251 -0.338851 0.872503 -0.352021
-0.134698 0.11601 -1.43189 -0.322249 0.905081 -0.277461
-0.134462 0.116067 -1.43192 -0.12293 0.98381 -0.13041
-0.133221 0.115817 -1.43127 0.283232 0.948878 0.13932
-0.134824 0.116156 -1.42948 0.277069 0.949902 0.144636
-0.135145 0.115976 -1.43144 -0.429542 0.816126 -0.386564
-0.135095 0.116135 -1.431 -0.150372 0.966859 -0.20633
-0.134585 0.116158 -1.43075 0.12119 0.992423 -0.0202642
-0.135653 0.116213 -1.43027 -0.176194 0.960871 -0.213734
-0.135331 0.116266 -1.43001 0.0217613 0.995909 -0.0876984
-0.1357 0.116093 -1.43062 -0.297732 0.881984 -0.365322
-0.135934 0.116253 -1.42952 -0.121401 0.991182 -0.0531116
-0.160036 0.08624 -1.42038 0.698074 -0.58675 0.410387
-0.158898 0.087222 -1.4207 0.678552 -0.602937 0.419564
-0.160089 0.086575 -1.41975 0.688616 -0.601296 0.405279
-0.159283 0.087143 -1.42012 0.683887 -0.603045 0.410653
-0.157909 0.08835 -1.42073 0.676082 -0.586273 0.446316
-0.158811 0.087754 -1.42013 0.701586 -0.578451 0.416138
-0.159671 0.087534 -1.41901 0.684422 -0.596129 0.419758
-0.160318 0.087526 -1.41792 0.71126 -0.605837 0.356469
-0.15925 0.088461 -1.41841 0.704955 -0.592455 0.389918
-0.159042 0.087868 -1.41957 0.689776 -0.589464 0.420405
-0.159374 0.088928 -1.41744 0.711851 -0.594683 0.373658
-0.157324 0.088564 -1.42125 0.665406 -0.577936 0.472467
-0.15701 0.089126 -1.42107 0.669542 -0.566072 0.480911
-0.156237 0.089905 -1.42119 0.678658 -0.548725 0.488184
-0.157076 0.089934 -1.41997 0.69692 -0.567789 0.438085
-0.157347 0.09028 -1.4191 0.692671 -0.581203 0.427094
-0.158105 0.088898 -1.4196 0.695866 -0.572886 0.433096
-0.158607 0.089186 -1.41849 0.702883 -0.593 0.392818
-0.158665 0.08964 -1.41755 0.70745 -0.587408 0.393022
-0.160243 0.08872 -1.41606 0.715561 -0.582237 0.385968
-0.159767 0.089331 -1.4161 0.714817 -0.589719 0.375856
-0.160275 0.089395 -1.41508 0.710472 -0.584504 0.391898
-0.15836 0.090583 -1.41685 0.728196 -0.558818 0.396803
-0.159121 0.090159 -1.41597 0.723621 -0.572877 0.384947
-0.159624 0.090192 -1.41498 0.715365 -0.582456 0.386002
-0.158588 0.091133 -1.41557 0.726691 -0.573353 0.378401
-0.154682 0.092061 -1.42076 0.665384 -0.614862 0.423331
-0.15553 0.092135 -1.41937 0.684683 -0.599688 0.414228
-0.151531 0.094259 -1.4225 0.627568 -0.615913 0.476245
-0.152778 0.093438 -1.42194 0.656826 -0.588695 0.471187
-0.15372 0.09291 -1.4212 0.694101 -0.572045 0.437022
-0.15333 0.093653 -1.42083 0.685035 -0.577489 0.44411
-0.154367 0.09299 -1.41996 0.691013 -0.569476 0.445194
-0.154647 0.093194 -1.41933 0.695785 -0.574837 0.430635
-0.153727 0.094063 -1.41971 0.688821 -0.579187 0.435968
-0.155567 0.090652 -1.42134 0.685465 -0.543575 0.484421
-0.156071 0.090736 -1.42054 0.676141 -0.575066 0.460578
-0.156422 0.09051 -1.42034 0.689864 -0.571122 0.444868
-0.155239 0.091509 -1.42081 0.663989 -0.611474 0.430371
-0.156147 0.091195 -1.4197 0.677502 -0.616789 0.400703
-0.156535 0.091552 -1.41856 0.690587 -0.600631 0.402904
-0.155022 0.093189 -1.4186 0.70652 -0.593357 0.38569
-0.155457 0.093441 -1.41738 0.687841 -0.599916 0.408626
-0.155536 0.093958 -1.41654 0.689751 -0.584887 0.426791
-0.155002 0.094478 -1.41669 0.716862 -0.579223 0.388085
-0.15435 0.094113 -1.41861 0.717719 -0.574017 0.394187
-0.1535 0.094919 -1.41874 0.651599 -0.619208 0.438178
-0.153883 0.095057 -1.41804 0.676963 -0.494496 0.545155
-0.155072 0.095366 -1.41517 0.703623 -0.602329 0.376981
-0.156149 0.093955 -1.41556 0.682276 -0.618688 0.389517
-0.153459 0.096503 -1.41649 0.683385 -0.614821 0.393675
-0.154665 0.094812 -1.41688 0.720984 -0.585036 0.37137
-0.154302 0.096261 -1.41515 0.718622 -0.595978 0.358318
-0.155117 0.096018 -1.41412 0.700164 -0.613824 0.364679
-0.157248 0.091426 -1.4176 0.683027 -0.594046 0.424952
-0.157459 0.09198 -1.41646 0.700996 -0.599678 0.385992
-0.156225 0.093085 -1.41681 0.657004 -0.629297 0.415127
-0.157435 0.092483 -1.41564 0.687565 -0.620208 0.377619
-0.157963 0.092597 -1.41457 0.695428 -0.608034 0.38298
-0.15723 0.093415 -1.4144 0.678094 -0.62221 0.391207
-0.160759 0.089534 -1.4139 0.728322 -0.571792 0.377626
-0.161041 0.090211 -1.41222 0.720654 -0.594787 0.356211
-0.161303 0.090624 -1.41108 0.736991 -0.588744 0.332001
-0.160505 0.09092 -1.41218 0.773589 -0.512486 0.372717
-0.160916 0.091282 -1.41078 0.741553 -0.59373 0.312382
-0.159025 0.091938 -1.41353 0.71313 -0.59106 0.376953
-0.159968 0.09085 -1.41345 0.733753 -0.566397 0.375234
-0.160162 0.091093 -1.41274 0.773874 -0.51195 0.372862
-0.158247 0.093403 -1.4125 0.710048 -0.614306 0.34418
-0.159065 0.092529 -1.41252 0.706928 -0.621665 0.337322
-0.16081 0.091081 -1.41135 0.7428 -0.570079 0.351082
-0.160084 0.09254 -1.41021 0.719446 -0.611429 0.329473
-0.158823 0.093156 -1.41173 0.716312 -0.613195 0.332999
-0.159849 0.09235 -1.41102 0.715546 -0.611776 0.337231
-0.161381 0.091342 -1.40944 0.742665 -0.56832 0.354206
-0.161453 0.091731 -1.40877 0.741943 -0.575798 0.343478
-0.161053 0.091658 -1.40971 0.756455 -0.562416 0.333863
-0.161527 0.092125 -1.40779 0.70818 -0.617978 0.341444
-0.160493 0.092544 -1.4094 0.708275 -0.628369 0.321713
-0.159443 0.09323 -1.41044 0.735095 -0.601343 0.313086
-0.159548 0.093614 -1.40922 0.732382 -0.605313 0.311789
-0.159392 0.093657 -1.40963 0.750912 -0.606677 0.260909
-0.160307 0.093105 -1.40852 0.711928 -0.614221 0.340428
-0.159763 0.093924 -1.40833 0.722218 -0.611047 0.324072
-0.160887 0.093267 -1.4072 0.705099 -0.624606 0.335711
-0.161208 0.093124 -1.40674 0.696629 -0.629023 0.34502
-0.160085 0.093625 -1.40817 0.718974 -0.602805 0.34598
-0.159864 0.093957 -1.40797 0.71617 -0.633105 0.293733
-0.160425 0.093995 -1.40662 0.692703 -0.642488 0.327676
-0.155824 0.095137 -1.4142 0.695197 -0.612723 0.37586
-0.156671 0.095769 -1.41139 0.706741 -0.626303 0.329031
-0.155392 0.096392 -1.41275 0.688658 -0.630308 0.358416
-0.156091 0.096082 -1.41213 0.679868 -0.636247 0.36465
-0.156231 0.096466 -1.4111 0.701661 -0.632207 0.328612
-0.157708 0.093481 -1.41352 0.694072 -0.619479 0.366757
-0.157024 0.093837 -1.41416 0.67143 -0.628876 0.392043
-0.156601 0.094379 -1.4139 0.676163 -0.622007 0.394855
-0.157066 0.094483 -1.41303 0.674868 -0.624014 0.393903
-0.158234 0.094065 -1.4115 0.725075 -0.60462 0.329698
-0.157458 0.094632 -1.41203 0.699638 -0.626344 0.343802
-0.157265 0.095583 -1.41056 0.700171 -0.627847 0.339955
-0.156725 0.094744 -1.41321 0.677156 -0.608768 0.413353
-0.156686 0.095081 -1.41276 0.67682 -0.626822 0.386018
-0.156024 0.096975 -1.41044 0.704542 -0.630821 0.325092
-0.156282 0.097532 -1.40902 0.721282 -0.599785 0.346424
-0.156665 0.097052 -1.40906 0.715411 -0.615774 0.330165
-0.155667 0.097783 -1.40979 0.707063 -0.609439 0.358672
-0.155921 0.097964 -1.40905 0.721929 -0.595428 0.35254
-0.156799 0.097352 -1.4082 0.718884 -0.608548 0.335968
-0.156385 0.098191 -1.40753 0.70777 -0.638315 0.30268
-0.158853 0.094124 -1.40995 0.716253 -0.610908 0.337303
-0.159191 0.094071 -1.40921 0.76014 -0.584774 0.283245
-0.158198 0.094701 -1.41023 0.709738 -0.621012 0.33259
-0.158663 0.094651 -1.40953 0.729739 -0.597311 0.332716
-0.159019 0.094682 -1.40846 0.728615 -0.606723 0.317817
-0.159295 0.094893 -1.40749 0.727264 -0.60993 0.314758
-0.158179 0.096539 -1.40676 0.708224 -0.632648 0.313331
-0.158744 0.095853 -1.40696 0.721216 -0.630984 0.285845
-0.156665 0.096592 -1.40991 0.701712 -0.631853 0.329184
-0.157034 0.096033 -1.41024 0.709425 -0.627619 0.320641
-0.157664 0.096378 -1.40821 0.70146 -0.631925 0.329583
-0.15744 0.097049 -1.40737 0.725171 -0.616601 0.306481
-0.157031 0.097523 -1.40747 0.727055 -0.61647 0.302252
-0.157216 0.097456 -1.40708 0.726958 -0.627429 0.279043
-0.150596 0.095138 -1.42261 0.661596 -0.586498 0.467237
-0.149901 0.096455 -1.42213 0.691906 -0.549137 0.468737
-0.150858 0.096324 -1.42081 0.677153 -0.571617 0.463377
-0.150426 0.097608 -1.41998 0.69376 -0.560894 0.451768
-0.149769 0.097425 -1.42107 0.68961 -0.554186 0.466171
-0.150926 0.097675 -1.41899 0.704421 -0.579801 0.409416
-0.150362 0.098618 -1.41866 0.712224 -0.585472 0.387246
-0.150692 0.098531 -1.41813 0.719995 -0.589957 0.365456
-0.150905 0.099229 -1.41682 0.697426 -0.592577 0.403051
-0.145151 0.101002 -1.42313 0.654764 -0.521628 0.546981
-0.147845 0.098792 -1.42231 0.65982 -0.555724 0.505775
-0.147136 0.098556 -1.42327 0.624437 -0.559696 0.54481
-0.148838 0.097878 -1.42195 0.668814 -0.570038 0.477226
-0.148444 0.098718 -1.42142 0.66612 -0.558391 0.494452
-0.147772 0.099848 -1.42121 0.674654 -0.527715 0.5161
-0.147548 0.100473 -1.42089 0.687224 -0.537892 0.488258
-0.148189 0.100214 -1.42015 0.729959 -0.545217 0.412186
-0.148774 0.099023 -1.42075 0.684055 -0.548187 0.481206
-0.149614 0.098194 -1.42041 0.694931 -0.559267 0.451985
-0.149077 0.099109 -1.42012 0.707738 -0.577459 0.407
-0.146982 0.099376 -1.42273 0.645904 -0.534336 0.545246
-0.146075 0.100822 -1.42221 0.615239 -0.555629 0.559247
-0.145422 0.101961 -1.422 0.673639 -0.520443 0.524738
-0.146557 0.100309 -1.4223 0.627625 -0.566104 0.534427
-0.147833 0.10077 -1.4201 0.726823 -0.559147 0.398852
-0.146546 0.101363 -1.42124 0.640986 -0.55757 0.527496
-0.147189 0.101434 -1.42024 0.711529 -0.555856 0.429827
-0.150043 0.099731 -1.41748 0.692227 -0.607268 0.389932
-0.14979 0.098965 -1.41913 0.693035 -0.589279 0.415274
-0.150412 0.099059 -1.41788 0.72817 -0.566339 0.386041
-0.148725 0.100206 -1.41911 0.726478 -0.571011 0.382329
-0.150266 0.099936 -1.41669 0.701345 -0.588082 0.402832
-0.151102 0.09957 -1.41591 0.697574 -0.588083 0.409326
-0.149357 0.100862 -1.41713 0.716988 -0.557498 0.418478
-0.149138 0.100503 -1.41802 0.718211 -0.573524 0.394009
-0.150065 0.10092 -1.41585 0.714084 -0.575677 0.398346
-0.148449 0.10135 -1.41796 0.717515 -0.573301 0.395599
-0.148035 0.101485 -1.41858 0.730373 -0.559503 0.391806
-0.14709 0.102246 -1.41938 0.738801 -0.544559 0.397025
-0.147595 0.10189 -1.41882 0.764835 -0.5124 0.390478
-0.147008 0.102837 -1.41867 0.730896 -0.580491 0.358917
-0.147434 0.1022 -1.41877 0.764913 -0.540165 0.350899
-0.147426 0.102367 -1.41846 0.741012 -0.576087 0.344999
-0.147643 0.102186 -1.41833 0.739402 -0.559077 0.375124
-0.14832 0.102229 -1.41702 0.714281 -0.573772 0.400733
-0.147048 0.103573 -1.41743 0.718309 -0.602558 0.347787
-0.147677 0.103169 -1.41679 0.700504 -0.62003 0.353351
-0.14877 0.102158 -1.41643 0.723196 -0.557563 0.407568
-0.152332 0.094456 -1.42125 0.631855 -0.621223 0.46351
-0.151718 0.095033 -1.42123 0.638174 -0.617824 0.459378
-0.152926 0.094748 -1.41999 0.652897 -0.635952 0.41145
-0.152764 0.095318 -1.41921 0.678499 -0.62183 0.391109
-0.151766 0.095853 -1.42015 0.67227 -0.582745 0.456576
-0.152457 0.095561 -1.41944 0.693228 -0.600572 0.398432
-0.158274 0.096963 -1.42397 -0.585644 0.694611 -0.417775
-0.159074 0.097028 -1.42258 -0.63318 0.6859 -0.358643
-0.157491 0.097928 -1.42379 -0.637855 0.646438 -0.418639
-0.156796 0.098812 -1.42336 -0.658659 0.630408 -0.410796
-0.158127 0.097809 -1.42279 -0.652128 0.653644 -0.38403
-0.159228 0.097848 -1.42093 -0.6537 0.656946 -0.375631
-0.157963 0.098569 -1.42186 -0.646187 0.66324 -0.377565
-0.152419 0.095911 -1.41897 0.681141 -0.534399 0.500465
-0.152951 0.096494 -1.41729 0.650546 -0.649242 0.39405
-0.152058 0.096624 -1.41855 0.677104 -0.628446 0.382866
-0.152421 0.096711 -1.41773 0.655028 -0.647115 0.390104
-0.153382 0.095327 -1.41834 0.666682 -0.445577 0.597492
-0.153195 0.095392 -1.41858 0.66153 -0.634644 0.399506
-0.153134 0.097493 -1.41549 0.642097 -0.687459 0.339279
-0.15146 0.097445 -1.41835 0.719638 -0.579846 0.381969
-0.1517 0.097557 -1.41772 0.703957 -0.577089 0.414019
-0.151628 0.098178 -1.41704 0.704371 -0.583862 0.403692
-0.152171 0.09837 -1.41573 0.705782 -0.591691 0.38958
-0.15073 0.098758 -1.41765 0.721609 -0.566665 0.397707
-0.158945 0.098418 -1.42033 -0.653631 0.668734 -0.354346
-0.159355 0.098669 -1.41919 -0.676589 0.656837 -0.332855
-0.158883 0.099377 -1.41866 -0.667072 0.670726 -0.324256
-0.158076 0.100193 -1.41867 -0.675639 0.655324 -0.33773
-0.153319 0.101078 -1.42529 -0.629585 0.644303 -0.434161
-0.154055 0.101262 -1.42383 -0.665939 0.648689 -0.368412
-0.152995 0.10197 -1.42439 -0.63014 0.646668 -0.429818
-0.153777 0.101828 -1.42341 -0.642557 0.648639 -0.407907
-0.153912 0.102275 -1.42243 -0.63983 0.65782 -0.397355
-0.154533 0.102111 -1.42173 -0.662847 0.642835 -0.383924
-0.155142 0.100017 -1.42403 -0.678565 0.63176 -0.374738
-0.155698 0.099356 -1.42411 -0.639436 0.618881 -0.45619
-0.156014 0.09996 -1.42281 -0.644095 0.642034 -0.415853
-0.156296 0.101038 -1.42045 -0.66031 0.654536 -0.368202
-0.157018 0.099157 -1.42238 -0.689096 0.615396 -0.382667
-0.158252 0.098847 -1.42082 -0.659475 0.652915 -0.372551
-0.154501 0.100753 -1.42399 -0.688433 0.649237 -0.323343
-0.155779 0.100818 -1.42176 -0.65002 0.654353 -0.386388
-0.154979 0.101349 -1.42227 -0.655868 0.646541 -0.389643
-0.155556 0.101318 -1.4212 -0.660869 0.655065 -0.366253
-0.154077 0.103139 -1.42082 -0.648082 0.648516 -0.399271
-0.154388 0.103596 -1.41951 -0.64504 0.638022 -0.420536
-0.156651 0.101327 -1.41918 -0.681083 0.635122 -0.364342
-0.157197 0.099595 -1.42139 -0.690991 0.618897 -0.373495
-0.157775 0.099705 -1.42013 -0.660452 0.662481 -0.353444
-0.157075 0.100648 -1.41967 -0.672395 0.652765 -0.348975
-0.156642 0.10219 -1.41777 -0.694319 0.622208 -0.361633
-0.158051 0.100618 -1.41779 -0.683117 0.656457 -0.320024
-0.157116 0.101329 -1.41845 -0.677054 0.640521 -0.362396
-0.155106 0.102215 -1.42052 -0.665895 0.632716 -0.395289
-0.155999 0.102044 -1.41924 -0.688736 0.628835 -0.360846
-0.154963 0.102986 -1.4196 -0.662686 0.636301 -0.394928
-0.155022 0.103326 -1.41889 -0.70091 0.60853 -0.372043
-0.155206 0.103493 -1.4182 -0.709796 0.589775 -0.385169
-0.154939 0.104038 -1.41794 -0.714651 0.579897 -0.391144
-0.151429 0.099621 -1.41529 0.717929 -0.59332 0.364072
-0.150703 0.100899 -1.41462 0.744313 -0.556278 0.36953
-0.150759 0.101302 -1.41394 0.777738 -0.524267 0.346796
-0.149257 0.10158 -1.41628 0.722261 -0.577453 0.380641
-0.14957 0.102007 -1.41507 0.693968 -0.591009 0.411238
-0.150408 0.101591 -1.41426 0.725465 -0.590282 0.353931
-0.15121 0.101249 -1.41297 0.743651 -0.568938 0.351131
-0.151138 0.101668 -1.41244 0.757987 -0.54523 0.358021
-0.150914 0.101971 -1.41253 0.743805 -0.561381 0.362775
-0.150049 0.102408 -1.41337 0.714763 -0.60194 0.356065
-0.150646 0.101881 -1.41316 0.719046 -0.599322 0.351833
-0.150085 0.103107 -1.41228 0.73858 -0.579074 0.345216
-0.148682 0.102723 -1.41571 0.694437 -0.605638 0.388535
-0.148025 0.103257 -1.41592 0.686217 -0.630879 0.362076
-0.14912 0.103477 -1.41381 0.737178 -0.592721 0.324424
-0.148009 0.104111 -1.41457 0.668439 -0.652976 0.356106
-0.149291 0.102072 -1.41541 0.724876 -0.553527 0.410076
-0.149127 0.102329 -1.41541 0.748672 -0.540336 0.384093
-0.149497 0.102918 -1.41373 0.777829 -0.534756 0.33018
-0.149552 0.102392 -1.4145 0.736812 -0.574516 0.356427
-0.148646 0.104321 -1.413 0.661227 -0.671615 0.334234
-0.14844 0.105 -1.41206 0.682625 -0.631509 0.367722
-0.149605 0.103087 -1.41323 0.758445 -0.539694 0.365365
-0.149198 0.103587 -1.41329 0.71975 -0.607085 0.336761
-0.149512 0.103472 -1.41294 0.714494 -0.588217 0.378813
-0.149949 0.10349 -1.41185 0.71915 -0.603711 0.344031
-0.151643 0.101728 -1.41139 0.761242 -0.551474 0.341155
-0.151263 0.102036 -1.41167 0.733992 -0.5744 0.362383
-0.152089 0.102564 -1.40894 0.713146 -0.631744 0.303844
-0.150748 0.102989 -1.41109 0.714493 -0.616792 0.330254
-0.151105 0.103514 -1.40919 0.746415 -0.592974 0.302071
-0.15167 0.103345 -1.40812 0.725367 -0.610804 0.317429
-0.151376 0.102935 -1.40974 0.714658 -0.636389 0.290298
-0.15142 0.103283 -1.40874 0.73444 -0.610582 0.29629
-0.150658 0.104274 -1.40897 0.709888 -0.615752 0.341921
-0.149432 0.104904 -1.41024 0.723888 -0.617833 0.307032
-0.148612 0.105507 -1.41093 0.862276 -0.372017 0.343633
-0.148962 0.105482 -1.41024 0.762832 -0.564671 0.315014
-0.149977 0.103664 -1.41154 0.700406 -0.62397 0.346544
-0.149711 0.104067 -1.41131 0.706627 -0.631598 0.319002
-0.150536 0.103767 -1.40995 0.713032 -0.621507 0.324522
-0.150069 0.10443 -1.40967 0.67995 -0.654946 0.329718
-0.149692 0.105153 -1.40905 0.746186 -0.577662 0.330927
-0.148506 0.106381 -1.40958 0.727097 -0.597211 0.338628
-0.149491 0.105935 -1.4082 0.744278 -0.580864 0.329616
-0.149811 0.104858 -1.40929 0.701638 -0.638303 0.316658
-0.153754 0.097397 -1.41444 0.556479 -0.803405 0.211829
-0.152965 0.09884 -1.4134 0.714794 -0.605344 0.350183
-0.153674 0.09825 -1.41312 0.716805 -0.609845 0.338053
-0.153927 0.09736 -1.41405 0.665519 -0.68235 0.302462
-0.153805 0.098606 -1.41203 0.698317 -0.627065 0.345171
-0.154116 0.098701 -1.4114 0.668681 -0.646619 0.367083
-0.154646 0.097538 -1.41225 0.708388 -0.603721 0.365661
-0.154478 0.09783 -1.41214 0.70993 -0.602757 0.364257
-0.15235 0.09876 -1.41483 0.71798 -0.603256 0.347257
-0.153047 0.098254 -1.41439 0.698133 -0.619536 0.358868
-0.152005 0.099076 -1.41507 0.725571 -0.583965 0.364049
-0.151928 0.099524 -1.41432 0.726047 -0.595606 0.34367
-0.152864 0.099347 -1.41279 0.751628 -0.570234 0.331494
-0.152614 0.099758 -1.41275 0.755013 -0.550608 0.35607
-0.153042 0.099487 -1.4121 0.75309 -0.557456 0.349427
-0.153387 0.099314 -1.41172 0.763687 -0.561248 0.319034
-0.15324 0.099752 -1.41141 0.757025 -0.560296 0.336127
-0.152873 0.099884 -1.41192 0.744162 -0.57421 0.34133
-0.151668 0.100389 -1.41347 0.717184 -0.583187 0.381498
-0.151883 0.101011 -1.41207 0.721094 -0.59975 0.346877
-0.152324 0.100216 -1.41265 0.732242 -0.579301 0.358095
-0.152612 0.100694 -1.41111 0.737435 -0.603332 0.303612
-0.159138 0.100053 -1.41683 -0.660323 0.673792 -0.331628
-0.15952 0.100446 -1.41524 -0.676973 0.655075 -0.335534
-0.15913 0.10179 -1.41364 -0.70309 0.609287 -0.366653
-0.153744 0.099271 -1.41097 0.705112 -0.631339 0.322845
-0.154087 0.09944 -1.40992 0.69574 -0.633194 0.339135
-0.153565 0.100043 -1.40997 0.743398 -0.578087 0.336415
-0.154275 0.099723 -1.40902 0.72352 -0.599402 0.342398
-0.155336 0.098095 -1.40995 0.716443 -0.626938 0.306035
-0.154618 0.098604 -1.41049 0.685882 -0.655966 0.315079
-0.155102 0.098143 -1.41047 0.716309 -0.618353 0.323328
-0.155428 0.097603 -1.41061 0.734447 -0.589533 0.336211
-0.155197 0.098696 -1.40907 0.684572 -0.649344 0.33123
-0.154317 0.100199 -1.40818 0.744526 -0.58395 0.323548
-0.154557 0.099932 -1.408 0.767563 -0.568662 0.295753
-0.154627 0.100069 -1.40765 0.754902 -0.568343 0.327275
-0.15599 0.098207 -1.4085 0.70203 -0.63944 0.313481
-0.155286 0.099126 -1.40786 0.709147 -0.632708 0.311112
-0.155227 0.099601 -1.40715 0.722284 -0.598683 0.346244
-0.155526 0.099329 -1.40697 0.718585 -0.598731 0.353774
-0.154511 0.099901 -1.40823 0.7597 -0.581236 0.291583
-0.155039 0.099909 -1.40693 0.724616 -0.618223 0.304519
-0.153593 0.099695 -1.41044 0.749379 -0.579813 0.319763
-0.153283 0.099905 -1.41093 0.764878 -0.577145 0.286122
-0.15326 0.100554 -1.40969 0.749808 -0.560651 0.351368
-0.152776 0.100763 -1.41044 0.753429 -0.575414 0.318187
-0.152216 0.101292 -1.41083 0.748398 -0.572985 0.334049
-0.152524 0.101852 -1.40928 0.762916 -0.565117 0.314009
-0.153733 0.100543 -1.40879 0.73561 -0.588078 0.336217
-0.153305 0.100901 -1.40919 0.751654 -0.569872 0.332057
-0.153059 0.101354 -1.40881 0.755262 -0.582893 0.299691
-0.154402 0.100638 -1.40721 0.731735 -0.600215 0.322966
-0.153678 0.100977 -1.4079 0.717736 -0.615268 0.326037
-0.153295 0.10159 -1.40773 0.77991 -0.521789 0.345654
-0.152846 0.10172 -1.40864 0.764993 -0.569782 0.300222
-0.153058 0.101638 -1.40828 0.781014 -0.543167 0.308198
-0.153033 0.10189 -1.40793 0.769076 -0.546443 0.331545
-0.158672 0.100879 -1.416 -0.649626 0.660087 -0.377187
-0.15781 0.101391 -1.41681 -0.716231 0.602989 -0.351307
-0.15839 0.10159 -1.41527 -0.607932 0.659917 -0.441507
-0.158234 0.102387 -1.41437 -0.674668 0.601778 -0.427418
-0.157781 0.102432 -1.41509 -0.735071 0.573849 -0.361063
-0.157594 0.102089 -1.41614 -0.730624 0.588446 -0.346296
-0.156109 0.103208 -1.41704 -0.706617 0.595618 -0.38201
-0.156988 0.10262 -1.41643 -0.70445 0.591102 -0.392873
-0.155508 0.103911 -1.4171 -0.722942 0.569991 -0.390467
-0.155328 0.103894 -1.41749 -0.7088 0.585404 -0.393579
-0.15538 0.104436 -1.41659 -0.706888 0.607536 -0.362227
-0.15491 0.105381 -1.4157 -0.692577 0.623374 -0.362963
-0.1573 0.10334 -1.41483 -0.737852 0.548697 -0.393073
-0.15678 0.103789 -1.4151 -0.681649 0.620673 -0.387453
-0.156082 0.104137 -1.41566 -0.687648 0.613732 -0.38791
-0.156688 0.104416 -1.41409 -0.679058 0.623631 -0.387252
-0.155919 0.105141 -1.41438 -0.682966 0.606563 -0.406988
-0.151915 0.101423 -1.41122 0.749219 -0.569141 0.338746
-0.15164 0.102065 -1.41089 0.737995 -0.578133 0.348032
-0.158945 0.102736 -1.41256 -0.712951 0.574602 -0.401913
-0.15975 0.102617 -1.4113 -0.71052 0.568892 -0.414153
-0.158128 0.1036 -1.4128 -0.723849 0.572279 -0.385408
-0.159119 0.103192 -1.41166 -0.710998 0.571981 -0.409048
-0.15997 0.103191 -1.41019 -0.698128 0.573418 -0.428729
-0.160052 0.103492 -1.40964 -0.690393 0.59366 -0.41343
-0.160322 0.103751 -1.40879 -0.731988 0.578936 -0.359204
-0.157456 0.103773 -1.4139 -0.699783 0.607137 -0.376416
-0.157525 0.104282 -1.41294 -0.704372 0.606413 -0.36895
-0.157785 0.104499 -1.4121 -0.690892 0.603367 -0.398266
-0.156739 0.10512 -1.41305 -0.701193 0.593219 -0.395499
-0.15648 0.106389 -1.41154 -0.696202 0.617454 -0.366133
-0.157112 0.105219 -1.41213 -0.708575 0.599641 -0.371957
-0.157811 0.105254 -1.41079 -0.689507 0.610599 -0.389549
-0.157685 0.106375 -1.40931 -0.669424 0.630634 -0.392648
-0.161601 0.093539 -1.40529 0.667475 -0.651667 0.360287
-0.161031 0.094222 -1.40505 0.704196 -0.616591 0.352028
-0.161264 0.09446 -1.40411 0.682226 -0.650989 0.332838
-0.160507 0.094776 -1.40507 0.685505 -0.637998 0.350773
-0.159382 0.095325 -1.40638 0.715508 -0.624535 0.313056
-0.160702 0.094842 -1.40455 0.680114 -0.668925 0.299973
-0.160164 0.095308 -1.40477 0.690288 -0.653226 0.311124
-0.16108 0.094466 -1.40457 0.712457 -0.620075 0.328499
-0.162651 0.093885 -1.4026 0.661813 -0.652342 0.369395
-0.161537 0.095029 -1.40266 0.65942 -0.661146 0.357842
-0.160585 0.095632 -1.40322 0.679457 -0.64301 0.35338
-0.162686 0.094911 -1.40075 0.50231 -0.667806 0.54929
-0.161825 0.095345 -1.40146 0.651802 -0.666445 0.361945
-0.162669 0.095315 -1.4003 0.209686 -0.680301 0.702298
-0.16236 0.095756 -1.40002 0.430444 -0.682955 0.590162
-0.16137 0.095967 -1.40101 0.630138 -0.67991 0.375031
-0.162693 0.095637 -1.39996 0.101171 -0.631458 0.768782
-0.162447 0.095965 -1.39976 0.154898 -0.551066 0.819959
-0.162723 0.095944 -1.39976 -0.0738323 -0.469316 0.879938
-0.161781 0.096343 -1.39981 0.485826 -0.713868 0.504346
-0.16129 0.096922 -1.39941 0.479135 -0.722333 0.498663
-0.161635 0.096659 -1.39946 0.272064 -0.694567 0.666001
-0.16217 0.096107 -1.39976 0.255183 -0.574892 0.77742
-0.161888 0.096478 -1.39956 0.114968 -0.655594 0.74631
-0.16218 0.096384 -1.39957 0.0691746 -0.549167 0.832845
-0.163116 0.096124 -1.39984 -0.490396 -0.148056 0.858831
-0.162365 0.096407 -1.3996 -0.213783 -0.267086 0.939661
-0.162155 0.096723 -1.39944 -0.230538 -0.339196 0.91203
-0.161648 0.097078 -1.39908 0.0100092 -0.678929 0.734136
-0.161928 0.096785 -1.39933 -0.203844 -0.510089 0.835618
-0.161923 0.097302 -1.39901 -0.455226 -0.509438 0.730234
-0.162737 0.097252 -1.39961 -0.506573 -0.241923 0.827561
-0.15674 0.098231 -1.40648 0.6973 -0.647643 0.307136
-0.156341 0.099259 -1.40539 0.694765 -0.652296 0.303003
-0.157006 0.098399 -1.40554 0.699574 -0.642199 0.31333
-0.156916 0.099244 -1.40402 0.694619 -0.666496 0.270717
-0.15665 0.099556 -1.40387 0.694543 -0.678716 0.238651
-0.159175 0.096219 -1.40518 0.729986 -0.609255 0.309725
-0.159721 0.095889 -1.40446 0.710648 -0.635952 0.300907
-0.159682 0.095699 -1.405 0.708649 -0.637881 0.301537
-0.158683 0.096221 -1.40612 0.727718 -0.612387 0.308883
-0.158519 0.096962 -1.4053 0.601382 -0.640242 0.477944
-0.158307 0.097269 -1.40512 0.646394 -0.655113 0.391155
-0.159055 0.096483 -1.40489 0.758162 -0.580921 0.296178
-0.158725 0.096489 -1.40562 0.677271 -0.59879 0.427497
-0.158802 0.096802 -1.40496 0.738593 -0.597559 0.312096
-0.159496 0.096294 -1.40425 0.748568 -0.580004 0.321312
-0.159702 0.096399 -1.40354 0.709134 -0.624592 0.327129
-0.158818 0.097096 -1.4043 0.713307 -0.642734 0.27944
-0.158812 0.097248 -1.4039 0.708611 -0.644478 0.287261
-0.160289 0.096294 -1.4027 0.693541 -0.628683 0.351793
-0.157645 0.097486 -1.40591 0.707519 -0.629216 0.321721
-0.157235 0.097774 -1.40643 0.710766 -0.635782 0.300988
-0.157686 0.097928 -1.40511 0.684715 -0.653099 0.323461
-0.158156 0.098427 -1.40288 0.485304 -0.862024 0.146271
-0.157982 0.098515 -1.40323 0.652026 -0.708544 0.269867
-0.157147 0.099503 -1.40283 0.685253 -0.662994 0.301443
-0.156629 0.100285 -1.40241 0.692044 -0.661682 0.288535
-0.156825 0.100434 -1.40152 0.692534 -0.656082 0.299922
-0.157691 0.100443 -1.39958 0.678238 -0.657885 0.327384
-0.159482 0.09723 -1.40247 0.684584 -0.650329 0.329268
-0.160415 0.096577 -1.40186 0.690347 -0.644538 0.328621
-0.160127 0.097512 -1.40063 0.681133 -0.648266 0.340306
-0.15894 0.097948 -1.40211 0.682397 -0.656282 0.321913
-0.159656 0.098 -1.40068 0.666381 -0.663299 0.340545
-0.161003 0.096956 -1.4 0.669457 -0.659222 0.342422
-0.160153 0.098502 -1.39868 0.635701 -0.669151 0.384864
-0.159438 0.09915 -1.39858 0.626724 -0.68121 0.378378
-0.161155 0.097707 -1.3985 0.344707 -0.678185 0.649032
-0.161393 0.097194 -1.399 0.117008 -0.752602 0.647997
-0.160836 0.097886 -1.39856 0.599564 -0.644983 0.473835
-0.162482 0.097768 -1.39918 -0.656177 -0.338076 0.674638
-0.161755 0.097718 -1.3985 -0.411586 -0.552363 0.724908
-0.16264 0.098585 -1.39889 -0.698422 -0.249837 0.670662
-0.158369 0.098431 -1.40243 0.61977 -0.741396 0.257327
-0.158213 0.099086 -1.4015 0.695 -0.646569 0.314522
-0.159247 0.098771 -1.39989 0.66401 -0.676474 0.318548
-0.158491 0.099819 -1.39931 0.674446 -0.668842 0.312685
-0.158537 0.100503 -1.39782 0.598668 -0.648335 0.470382
-0.157308 0.101811 -1.39804 0.697799 -0.610239 0.37508
-0.158457 0.101025 -1.39723 0.499748 -0.648092 0.574655
-0.158504 0.101297 -1.39693 0.132202 -0.522407 0.842386
-0.1579 0.101583 -1.39722 0.664651 -0.61209 0.428468
-0.158187 0.101472 -1.39694 0.419697 -0.587565 0.691825
-0.157954 0.1019 -1.39677 0.544545 -0.545436 0.637159
-0.158208 0.101736 -1.39674 0.171798 -0.476105 0.862444
-0.160811 0.098205 -1.39824 0.479787 -0.569224 0.667673
-0.160617 0.09904 -1.39804 0.0742358 0.0962013 0.99259
-0.159855 0.098942 -1.39838 0.512114 -0.649589 0.561938
-0.159595 0.099302 -1.39814 0.390853 -0.614501 0.68529
-0.160259 0.098945 -1.39815 0.306084 -0.351613 0.884693
-0.159744 0.099579 -1.39795 -0.0441624 -0.224123 0.97356
-0.160278 0.099328 -1.39805 -0.0595883 -0.0610492 0.996354
-0.160482 0.099517 -1.39809 -0.18149 0.109987 0.977223
-0.161466 0.097665 -1.39845 -0.0378878 -0.659473 0.750773
-0.161214 0.098251 -1.39802 0.0835905 -0.481184 0.872625
-0.160903 0.098476 -1.39801 0.344761 -0.34264 0.873921
-0.161474 0.098283 -1.39804 -0.302058 -0.38112 0.87379
-0.161793 0.098246 -1.39826 -0.581173 -0.163622 0.797161
-0.161222 0.098588 -1.39789 -0.0147489 -0.111105 0.993699
-0.161969 0.098723 -1.39839 -0.511919 0.162382 0.843547
-0.160914 0.09888 -1.39794 0.179014 0.10333 0.978405
-0.161193 0.098919 -1.39795 -0.205538 0.331177 0.920911
-0.161453 0.098663 -1.39796 -0.431986 0.0365869 0.901138
-0.161488 0.099267 -1.39829 -0.41813 0.355637 0.835876
-0.162471 0.098957 -1.39868 -0.588586 0.0326051 0.807777
-0.159129 0.099791 -1.39804 0.542771 -0.638615 0.5455
-0.159503 0.099657 -1.39794 0.0510025 -0.37415 0.925965
-0.159239 0.100033 -1.3978 0.0888675 -0.461956 0.882439
-0.159474 0.100215 -1.39779 -0.335073 -0.252774 0.907652
-0.158953 0.100189 -1.39778 0.285737 -0.591622 0.753882
-0.160028 0.099927 -1.39802 -0.288438 0.0776486 0.954345
-0.159834 0.100327 -1.39794 -0.402669 -0.0758262 0.912199
-0.158972 0.10042 -1.39757 0.149082 -0.651812 0.743583
-0.158717 0.100628 -1.39744 0.185105 -0.671106 0.717881
-0.15902 0.100642 -1.39743 -0.250799 -0.47152 0.84544
-0.159234 0.100355 -1.39765 -0.206275 -0.42876 0.879554
-0.158728 0.100966 -1.39714 -0.0111599 -0.579397 0.814969
-0.158964 0.10104 -1.39718 -0.447304 -0.358468 0.819402
-0.159509 0.100982 -1.39763 -0.532121 -0.197643 0.823276
-0.160505 0.100966 -1.39832 -0.498048 -0.121349 0.858617
-0.160938 0.099524 -1.3982 -0.199988 0.306177 0.930731
-0.160705 0.100452 -1.39843 -0.397969 0.135256 0.907373
-0.162419 0.100241 -1.39892 -0.408572 0.228112 0.883761
-0.161204 0.101594 -1.39859 -0.580247 -0.0697518 0.811448
-0.161477 0.101047 -1.3988 -0.464567 -0.0064959 0.885514
-0.162042 0.101169 -1.39908 -0.470354 0.230411 0.851867
-0.158733 0.101369 -1.39695 -0.329971 -0.304621 0.89349
-0.15209 0.10394 -1.40599 0.742973 -0.604697 0.286937
-0.151929 0.103585 -1.40704 0.730457 -0.606665 0.313672
-0.151194 0.104469 -1.40723 0.729792 -0.611403 0.305924
-0.151869 0.104207 -1.40607 0.76029 -0.595546 0.259391
-0.151479 0.104534 -1.40644 0.725656 -0.632014 0.271996
-0.152236 0.104107 -1.405 0.739238 -0.628652 0.241502
-0.152262 0.104483 -1.40416 0.74192 -0.611804 0.274319
-0.151576 0.104912 -1.40518 0.739311 -0.625344 0.249729
-0.148737 0.107057 -1.40766 0.73579 -0.618907 0.274895
-0.150239 0.105725 -1.40664 0.750701 -0.591386 0.294467
-0.150068 0.10613 -1.40631 0.739223 -0.611382 0.28242
-0.149522 0.106637 -1.40656 0.725609 -0.628061 0.281125
-0.150062 0.105087 -1.40838 0.721618 -0.614356 0.319114
-0.15096 0.105255 -1.40596 0.711364 -0.6469 0.27474
-0.150021 0.105767 -1.40725 0.761759 -0.584039 0.280395
-0.150417 0.1064 -1.40486 0.727585 -0.616023 0.301888
-0.150602 0.106717 -1.40367 0.701705 -0.623992 0.343865
-0.151126 0.105522 -1.40485 0.733172 -0.61634 0.287374
-0.15135 0.105882 -1.40373 0.732561 -0.594635 0.331305
-0.150148 0.106223 -1.40586 0.72875 -0.623798 0.282488
-0.152585 0.104468 -1.40337 0.739769 -0.572987 0.352743
-0.152342 0.104714 -1.40339 0.705349 -0.624002 0.33631
-0.152821 0.104246 -1.40315 0.760111 -0.561524 0.32699
-0.152594 0.104615 -1.40316 0.72303 -0.587087 0.364083
-0.152673 0.104728 -1.40276 0.720345 -0.590965 0.363131
-0.151949 0.105048 -1.40378 0.757316 -0.578668 0.302682
-0.151698 0.105732 -1.40317 0.763069 -0.568703 0.307086
-0.152516 0.105278 -1.40216 0.734584 -0.574439 0.361118
-0.153191 0.104883 -1.40147 0.734718 -0.589788 0.335171
-0.153037 0.105633 -1.40039 0.752295 -0.567988 0.33383
-0.153225 0.10564 -1.39993 0.748381 -0.555123 0.362994
-0.15257 0.105541 -1.40171 0.758518 -0.551835 0.346597
-0.152766 0.105387 -1.40147 0.761259 -0.560605 0.325893
-0.152123 0.106634 -1.40066 0.717612 -0.610376 0.335372
-0.150769 0.107293 -1.40241 0.714365 -0.608984 0.344705
-0.150966 0.10671 -1.4031 0.695336 -0.624055 0.356459
-0.151664 0.105964 -1.40272 0.767856 -0.567297 0.297609
-0.151466 0.106412 -1.40247 0.745323 -0.583837 0.321912
-0.150711 0.108137 -1.40097 0.710389 -0.637421 0.2984
-0.150279 0.109004 -1.40026 0.736037 -0.598313 0.316655
-0.151342 0.106856 -1.40185 0.735472 -0.584634 0.342467
-0.151086 0.107509 -1.40143 0.732308 -0.59991 0.322233
-0.151285 0.107651 -1.40054 0.722617 -0.624238 0.296904
-0.155397 0.099522 -1.40696 0.727314 -0.597875 0.336987
-0.15548 0.09962 -1.40653 0.711403 -0.63525 0.300604
-0.155654 0.099923 -1.40535 0.713277 -0.634064 0.298663
-0.15495 0.100654 -1.4057 0.751307 -0.589638 0.29642
-0.154452 0.10154 -1.40506 0.753212 -0.607111 0.253155
-0.15494 0.101567 -1.40383 0.748844 -0.601127 0.279067
-0.156218 0.099969 -1.40404 0.718208 -0.64601 0.25855
-0.156334 0.09999 -1.40361 0.719298 -0.638358 0.274061
-0.156177 0.100272 -1.40342 0.712834 -0.644819 0.275819
-0.155792 0.100667 -1.40338 0.719294 -0.639393 0.271647
-0.155253 0.101799 -1.40244 0.758766 -0.5667 0.321132
-0.15417 0.101087 -1.40684 0.737065 -0.587958 0.333227
-0.154172 0.101428 -1.40624 0.769041 -0.561791 0.304903
-0.153659 0.101617 -1.40701 0.736674 -0.562501 0.375373
-0.153692 0.102027 -1.40638 0.733343 -0.612891 0.294234
-0.154409 0.101252 -1.40593 0.759773 -0.588599 0.276219
-0.154161 0.101573 -1.40594 0.781878 -0.57251 0.246776
-0.154023 0.101877 -1.4057 0.768467 -0.595887 0.233189
-0.153262 0.101908 -1.40742 0.758893 -0.545597 0.355535
-0.153484 0.102541 -1.40559 0.713984 -0.646695 0.268353
-0.152808 0.103066 -1.40603 0.739415 -0.602048 0.301337
-0.153102 0.102836 -1.40575 0.707301 -0.63478 0.311093
-0.155096 0.101041 -1.40461 0.731671 -0.622639 0.277451
-0.153962 0.102396 -1.40447 0.737174 -0.622097 0.26376
-0.15334 0.1029 -1.40519 0.72229 -0.633363 0.277755
-0.153557 0.10295 -1.4043 0.726181 -0.639427 0.252575
-0.155014 0.102185 -1.40237 0.728951 -0.603499 0.32314
-0.155868 0.10112 -1.40227 0.71836 -0.61494 0.325282
-0.156221 0.100889 -1.40191 0.720733 -0.622678 0.304658
-0.156306 0.101503 -1.40056 0.74102 -0.597149 0.307088
-0.155615 0.101964 -1.40151 0.7497 -0.564144 0.345965
-0.15581 0.102711 -1.39961 0.731014 -0.594451 0.335032
-0.156828 0.101337 -1.39963 0.710833 -0.612081 0.346516
-0.15464 0.102882 -1.40174 0.703024 -0.630689 0.328616
-0.153364 0.103712 -1.403 0.722602 -0.608312 0.328333
-0.154325 0.10286 -1.40262 0.71908 -0.629037 0.295359
-0.154257 0.103564 -1.40133 0.717876 -0.615892 0.324548
-0.15532 0.102632 -1.40097 0.712194 -0.62062 0.32804
-0.154582 0.103922 -1.39983 0.717069 -0.60797 0.340857
-0.153766 0.10458 -1.40061 0.748726 -0.579515 0.321824
-0.152748 0.102743 -1.40695 0.71278 -0.631451 0.305311
-0.152892 0.103217 -1.40559 0.726131 -0.61678 0.303835
-0.160718 0.103475 -1.40831 -0.724281 0.590612 -0.355801
-0.160269 0.104318 -1.40793 -0.73312 0.576777 -0.360366
-0.160785 0.104083 -1.40731 -0.741109 0.574723 -0.34706
-0.160554 0.104333 -1.4074 -0.72925 0.585329 -0.354379
-0.159556 0.104275 -1.40942 -0.6986 0.584165 -0.413171
-0.159364 0.10547 -1.40784 -0.710915 0.605555 -0.357634
-0.160116 0.105044 -1.40704 -0.733803 0.591317 -0.334482
-0.160952 0.104343 -1.40642 -0.737292 0.600846 -0.308846
-0.160392 0.105288 -1.40587 -0.761624 0.576401 -0.296127
-0.161074 0.104793 -1.40521 -0.748634 0.563608 -0.349133
-0.160076 0.105587 -1.40621 -0.757418 0.579537 -0.300759
-0.158717 0.105819 -1.40849 -0.677152 0.630263 -0.379782
-0.158492 0.10649 -1.40769 -0.665925 0.642811 -0.378599
-0.157372 0.107502 -1.40792 -0.653537 0.666815 -0.358117
-0.159796 0.104466 -1.40874 -0.716027 0.594436 -0.365995
-0.158858 0.106027 -1.40782 -0.675277 0.632721 -0.379032
-0.159031 0.10713 -1.40557 -0.679256 0.638556 -0.361742
-0.158827 0.107556 -1.40526 -0.67497 0.657871 -0.334098
-0.159066 0.106494 -1.40678 -0.678424 0.633561 -0.371943
-0.159663 0.106143 -1.40612 -0.741701 0.592125 -0.315068
-0.153747 0.105259 -1.39954 0.737987 -0.542789 0.400943
-0.161415 0.105478 -1.40339 -0.773168 0.535987 -0.339013
-0.161251 0.1059 -1.40317 -0.771938 0.54985 -0.319025
-0.159991 0.106242 -1.40521 -0.722373 0.589829 -0.360941
-0.160884 0.106115 -1.40388 -0.767617 0.555518 -0.319631
-0.161125 0.106657 -1.40158 -0.740813 0.669244 -0.057523
-0.161197 0.106386 -1.40241 -0.747832 0.616265 -0.246912
-0.16073 0.106728 -1.40283 -0.715984 0.65315 -0.2465
-0.158573 0.108435 -1.40385 -0.648112 0.691081 -0.319933
-0.157752 0.108811 -1.40457 -0.610652 0.731886 -0.302402
-0.159343 0.107015 -1.4052 -0.705586 0.630012 -0.324397
-0.159133 0.107696 -1.40432 -0.677112 0.66392 -0.317379
-0.159368 0.107119 -1.4049 -0.719077 0.625563 -0.302652
-0.16003 0.107103 -1.40374 -0.676275 0.666067 -0.314653
-0.158355 0.109066 -1.40298 -0.607956 0.747422 -0.267863
-0.158809 0.108532 -1.40311 -0.677677 0.679895 -0.280172
-0.159646 0.108068 -1.40229 -0.681184 0.69628 -0.226235
-0.158658 0.108914 -1.40245 -0.64478 0.734548 -0.211421
-0.159626 0.107706 -1.40313 -0.670746 0.685934 -0.282126
-0.16043 0.107463 -1.40159 -0.741961 0.664782 -0.0869412
-0.153236 0.105957 -1.39945 0.736468 -0.530997 0.419114
-0.153091 0.106351 -1.39926 0.746038 -0.557055 0.364851
-0.153617 0.106265 -1.39825 0.740558 -0.600513 0.301593
-0.154153 0.106623 -1.39629 0.732933 -0.597976 0.324397
-0.153277 0.107224 -1.39689 0.703385 -0.640622 0.307983
-0.152517 0.107121 -1.3989 0.696299 -0.647956 0.308741
-0.151407 0.108262 -1.39903 0.718704 -0.616782 0.321004
-0.150482 0.110643 -1.39633 0.713648 -0.631501 0.303172
-0.152304 0.107951 -1.39767 0.716072 -0.621451 0.317867
-0.152338 0.108786 -1.39597 0.726098 -0.620402 0.296451
-0.151624 0.108614 -1.39795 0.709719 -0.626643 0.321898
-0.151338 0.109483 -1.39686 0.693593 -0.639306 0.331989
-0.154174 0.107604 -1.39438 0.555113 -0.568026 0.607615
-0.153148 0.108349 -1.39489 0.675366 -0.646767 0.354363
-0.154113 0.107911 -1.39417 0.420472 -0.454313 0.785368
-0.153822 0.108184 -1.39422 0.540192 -0.444566 0.71453
-0.154107 0.108298 -1.39402 0.150859 -0.203055 0.967476
-0.153472 0.108328 -1.39448 0.600485 -0.587719 0.542221
-0.153812 0.108568 -1.39403 0.30189 -0.143319 0.942508
-0.154089 0.108621 -1.39402 -0.102946 0.132365 0.985841
-0.151215 0.110097 -1.39569 0.695623 -0.657447 0.289607
-0.151832 0.109377 -1.39599 0.711575 -0.641694 0.286165
-0.152711 0.108541 -1.39553 0.717545 -0.633076 0.290419
-0.152812 0.108811 -1.3946 0.640074 -0.603245 0.475817
-0.152468 0.109266 -1.39456 0.692413 -0.548751 0.46844
-0.152871 0.109091 -1.39433 0.460652 -0.47973 0.746766
-0.152254 0.109345 -1.39488 0.757237 -0.561536 0.33357
-0.152247 0.109194 -1.39522 0.737142 -0.620534 0.267506
-0.152409 0.109641 -1.39422 0.50159 -0.506332 0.701452
-0.15283 0.109416 -1.39416 0.259854 -0.405255 0.876496
-0.153435 0.108626 -1.39426 0.541976 -0.444524 0.713204
-0.153397 0.109055 -1.39415 0.261159 -0.230598 0.937347
-0.152009 0.109583 -1.39507 0.741613 -0.586569 0.325494
-0.152018 0.109932 -1.39443 0.656346 -0.563763 0.501379
-0.151755 0.110595 -1.39406 0.486753 -0.390394 0.78145
-0.152684 0.109908 -1.39397 0.0379702 -0.272174 0.961499
-0.153668 0.109204 -1.39412 -0.0486193 0.0376468 0.998108
-0.153178 0.109671 -1.39403 -0.033876 -0.143319 0.989097
-0.15388 0.109801 -1.39414 -0.276237 0.0356875 0.960427
-0.152336 0.110106 -1.39397 0.373758 -0.347625 0.85992
-0.152128 0.110725 -1.39393 0.173318 -0.0900486 0.980741
-0.152643 0.110463 -1.39385 0.0369208 -0.06886 0.996943
-0.153475 0.110349 -1.39407 -0.227813 -0.00155222 0.973704
-0.152977 0.110707 -1.3939 -0.200876 0.0230955 0.979344
-0.153215 0.111382 -1.39407 -0.194469 0.0747841 0.978054
-0.155854 0.10334 -1.39828 0.713504 -0.605663 0.352255
-0.15684 0.101971 -1.39858 0.721317 -0.590502 0.361951
-0.15746 0.102269 -1.39692 0.627319 -0.628102 0.46039
-0.155921 0.10307 -1.39875 0.717689 -0.623217 0.310682
-0.156268 0.102963 -1.39811 0.704235 -0.611557 0.360626
-0.156543 0.102995 -1.39759 0.703158 -0.620897 0.346491
-0.156312 0.103851 -1.39639 0.665773 -0.609276 0.430732
-0.157389 0.102896 -1.39627 0.302379 -0.597983 0.742283
-0.157943 0.102189 -1.39657 0.29468 -0.502899 0.812561
-0.157636 0.102383 -1.39659 0.41839 -0.601373 0.680662
-0.158457 0.101674 -1.39677 -0.172984 -0.330872 0.927685
-0.157807 0.102546 -1.39643 0.120399 -0.507564 0.85316
-0.158147 0.102591 -1.39644 -0.229149 -0.327061 0.9168
-0.15785 0.103228 -1.39608 -0.237289 -0.300981 0.923636
-0.157216 0.102728 -1.39655 0.565249 -0.64418 0.515292
-0.157039 0.103183 -1.39622 0.463967 -0.570703 0.67752
-0.156977 0.103456 -1.39604 0.395026 -0.561803 0.726864
-0.157502 0.103191 -1.39605 0.091777 -0.45922 0.883569
-0.157098 0.103772 -1.39583 0.0235141 -0.421796 0.906386
-0.156566 0.103967 -1.39589 0.526079 -0.606258 0.5964
-0.156687 0.104159 -1.39567 0.276332 -0.455686 0.846163
-0.15684 0.10422 -1.39561 0.119096 -0.246131 0.961892
-0.158146 0.103376 -1.39617 -0.514193 -0.178085 0.838982
-0.158461 0.102956 -1.39651 -0.562773 -0.15239 0.812443
-0.157443 0.103783 -1.39586 -0.218389 -0.252176 0.942716
-0.158057 0.104091 -1.39604 -0.480367 -0.106982 0.870518
-0.155361 0.103417 -1.39926 0.729105 -0.602213 0.325186
-0.155327 0.103782 -1.39856 0.746809 -0.57628 0.331932
-0.155197 0.104064 -1.39847 0.746607 -0.561733 0.356419
-0.155708 0.103879 -1.39763 0.723739 -0.605216 0.331535
-0.154865 0.104463 -1.39855 0.761044 -0.511602 0.398842
-0.154559 0.105416 -1.39738 0.739442 -0.592055 0.320462
-0.154165 0.105451 -1.39833 0.74496 -0.58391 0.32262
-0.155251 0.104594 -1.39745 0.743087 -0.580107 0.333614
-0.155551 0.104462 -1.39691 0.745443 -0.581787 0.32533
-0.155374 0.104698 -1.39686 0.781483 -0.538 0.315975
-0.156045 0.1045 -1.39581 0.617831 -0.599579 0.508714
-0.156303 0.104566 -1.39553 0.295116 -0.535576 0.791243
-0.155632 0.105202 -1.39555 0.656837 -0.59222 0.466734
-0.154991 0.105378 -1.39655 0.702611 -0.630354 0.330139
-0.155234 0.104808 -1.39713 0.762538 -0.572605 0.301095
-0.155368 0.104953 -1.39655 0.741155 -0.568876 0.356468
-0.154912 0.105632 -1.39619 0.711594 -0.623158 0.324511
-0.155064 0.105922 -1.39541 0.689421 -0.593228 0.415668
-0.156562 0.104651 -1.39544 -0.0249343 -0.371544 0.92808
-0.157711 0.10466 -1.39576 -0.470953 -0.0751928 0.878948
-0.156998 0.104425 -1.39557 -0.135792 -0.224345 0.965003
-0.15818 0.104737 -1.39609 -0.642937 0.0213809 0.76562
-0.157668 0.105417 -1.39574 -0.594262 -0.0727911 0.800971
-0.158065 0.105588 -1.39609 -0.67798 0.0389207 0.73405
-0.158665 0.105343 -1.39667 -0.757951 0.0758051 0.647892
-0.159443 0.102169 -1.39737 -0.629834 -0.0287486 0.776197
-0.160038 0.102011 -1.39782 -0.487603 -0.0692428 0.870316
-0.160068 0.103012 -1.39784 -0.447185 0.0964047 0.889231
-0.160599 0.102708 -1.39804 -0.455921 0.0804709 0.886375
-0.162006 0.101748 -1.39914 -0.561744 0.129909 0.817048
-0.16165 0.102178 -1.39899 -0.652191 0.115944 0.749136
-0.160751 0.10209 -1.39814 -0.502187 -0.134383 0.854254
-0.160896 0.102561 -1.3982 -0.640394 0.0957963 0.762049
-0.161546 0.103075 -1.39902 -0.621856 0.0562869 0.781106
-0.162195 0.103304 -1.39957 -0.685446 0.0428404 0.726862
-0.161795 0.103933 -1.39914 -0.583379 0.00725384 0.812168
-0.161193 0.103155 -1.39872 -0.634931 0.207616 0.744149
-0.160211 0.103561 -1.39804 -0.600148 0.196302 0.775428
-0.158833 0.102101 -1.39688 -0.560557 -0.117184 0.819783
-0.158779 0.103029 -1.39679 -0.692913 -0.0234255 0.720641
-0.159275 0.103372 -1.39737 -0.696115 0.0314178 0.717242
-0.159378 0.104423 -1.39747 -0.700567 0.0771107 0.709408
-0.159637 0.103511 -1.39764 -0.559825 0.0582359 0.826562
-0.16074 0.103884 -1.39864 -0.57343 0.177873 0.799712
-0.161238 0.103614 -1.39884 -0.475811 0.113974 0.872132
-0.160573 0.104469 -1.39858 -0.636294 0.159681 0.754739
-0.160907 0.104933 -1.3989 -0.496947 0.175409 0.849868
-0.162152 0.10443 -1.39947 -0.690825 -0.0268884 0.722522
-0.16177 0.104632 -1.3992 -0.493616 0.185352 0.849699
-0.162122 0.10559 -1.40015 -0.636508 0.709488 0.302463
-0.160477 0.10507 -1.39867 -0.646875 0.101711 0.755783
-0.160631 0.105691 -1.39886 -0.668846 0.200895 0.715742
-0.161179 0.105521 -1.39925 -0.548962 0.371963 0.748522
-0.161899 0.105185 -1.39951 -0.532556 0.421871 0.733763
-0.161143 0.10601 -1.39957 -0.641717 0.566527 0.516959
-0.158502 0.10401 -1.39639 -0.704995 -0.0394319 0.708115
-0.159191 0.105556 -1.39742 -0.735969 0.0457109 0.675471
-0.159391 0.10608 -1.39762 -0.684373 0.0535339 0.727165
-0.158566 0.106367 -1.39668 -0.759164 0.0238042 0.650464
-0.156008 0.10501 -1.39535 0.443232 -0.542837 0.713354
-0.156128 0.105274 -1.39518 0.0684708 -0.435044 0.897802
-0.155146 0.106395 -1.39477 0.487258 -0.632562 0.602034
-0.155611 0.105515 -1.39522 0.472114 -0.582822 0.661382
-0.155495 0.106061 -1.39483 0.234708 -0.544413 0.805312
-0.155768 0.105723 -1.39497 0.127155 -0.508249 0.851771
-0.156195 0.105638 -1.39505 -0.188701 -0.354563 0.915793
-0.1552 0.106616 -1.3945 0.147195 -0.552789 0.820218
-0.155505 0.106599 -1.39449 0.0137307 -0.472856 0.881033
-0.155735 0.106514 -1.39457 -0.164012 -0.374726 0.912513
-0.156422 0.106482 -1.39482 -0.395989 -0.159282 0.904335
-0.156622 0.105233 -1.39529 -0.23661 -0.281897 0.929812
-0.157229 0.105285 -1.39551 -0.399125 -0.184302 0.898183
-0.156732 0.105917 -1.39509 -0.327192 -0.27871 0.902921
-0.157295 0.106573 -1.39533 -0.61351 0.00832826 0.789643
-0.157112 0.105954 -1.39526 -0.489013 -0.166206 0.856296
-0.157665 0.106159 -1.39567 -0.703731 0.00630555 0.710438
-0.153999 0.105135 -1.3993 0.731111 -0.509826 0.453382
-0.153504 0.10587 -1.39916 0.730009 -0.555084 0.398708
-0.153684 0.10643 -1.39767 0.718453 -0.629072 0.296806
-0.154715 0.106422 -1.39544 0.703185 -0.605895 0.372051
-0.161577 0.10611 -1.40064 -0.660794 0.740585 0.122005
-0.161469 0.106071 -1.40019 -0.629288 0.715748 0.302824
-0.161295 0.106329 -1.40033 -0.7565 0.623829 0.196328
-0.16104 0.106647 -1.40011 -0.765162 0.578182 0.283254
-0.16078 0.106214 -1.39931 -0.736356 0.389391 0.553312
-0.160715 0.106851 -1.39984 -0.772885 0.514597 0.371267
-0.160373 0.106793 -1.39905 -0.831242 0.370088 0.414815
-0.16069 0.107103 -1.40044 -0.789408 0.609037 0.0768641
-0.160506 0.107261 -1.39987 -0.834093 0.489474 0.254372
-0.160059 0.107666 -1.39934 -0.854265 0.463259 0.235846
-0.16026 0.107681 -1.40006 -0.793015 0.600789 0.100889
-0.159541 0.107129 -1.39789 -0.763125 0.0605554 0.643407
-0.159011 0.106884 -1.39728 -0.759594 0.00271047 0.650392
-0.159818 0.107343 -1.39831 -0.84637 0.148153 0.511575
-0.159631 0.108088 -1.39819 -0.895616 0.264295 0.357798
-0.158758 0.107519 -1.39689 -0.774741 0.0325408 0.631441
-0.160035 0.106111 -1.39819 -0.767301 0.142994 0.625141
-0.160073 0.107214 -1.39873 -0.891302 0.262837 0.369455
-0.15936 0.108718 -1.4006 -0.753492 0.648892 -0.10578
-0.15888 0.109054 -1.40124 -0.683006 0.705217 -0.190188
-0.15877 0.109431 -1.40034 -0.749187 0.627776 -0.211225
-0.158842 0.109534 -1.39971 -0.805286 0.551737 -0.217025
-0.159056 0.109331 -1.39953 -0.803732 0.560245 -0.200349
-0.159568 0.10843 -1.40085 -0.737556 0.66891 -0.0925812
-0.159356 0.108735 -1.4003 -0.785143 0.613022 -0.0880621
-0.160142 0.107795 -1.40041 -0.762162 0.647108 -0.0189865
-0.159768 0.108217 -1.39968 -0.820264 0.570168 0.0455515
-0.159897 0.10786 -1.39885 -0.901174 0.402589 0.160646
-0.159332 0.108726 -1.39807 -0.883677 0.410896 0.224233
-0.159228 0.10918 -1.3991 -0.865071 0.501422 -0.0150939
-0.158802 0.109907 -1.39872 -0.860561 0.489499 0.140806
-0.158925 0.108864 -1.39724 -0.72386 0.235759 0.648417
-0.158595 0.109153 -1.39705 -0.55464 0.494659 0.669094
-0.159372 0.108266 -1.39773 -0.854518 0.181309 0.48675
-0.158932 0.109215 -1.39749 -0.791135 0.473954 0.386616
-0.158647 0.109848 -1.39802 -0.806089 0.495372 0.323771
-0.158386 0.109964 -1.39768 -0.6653 0.463515 0.58526
-0.157908 0.11015 -1.39733 -0.506212 0.319453 0.801062
-0.154585 0.107026 -1.39454 0.570016 -0.625319 0.532971
-0.153851 0.10725 -1.39558 0.689057 -0.646351 0.327765
-0.155234 0.106932 -1.39432 -0.0915838 -0.334647 0.937883
-0.154888 0.107108 -1.39429 0.242843 -0.42127 0.873819
-0.154616 0.107666 -1.39414 0.0256541 -0.173836 0.98444
-0.154433 0.107759 -1.39414 0.0726422 -0.297055 0.952093
-0.155048 0.107443 -1.39421 -0.164409 -0.103032 0.980997
-0.155581 0.10699 -1.39441 -0.292797 -0.1708 0.940796
-0.155431 0.107538 -1.39432 -0.388002 0.148066 0.909687
-0.154373 0.10836 -1.39405 -0.294597 0.0833229 0.951982
-0.154736 0.10813 -1.39419 -0.316713 0.124456 0.940321
-0.156657 0.10725 -1.39496 -0.513676 0.0597282 0.855903
-0.157789 0.106849 -1.39588 -0.698127 0.0215621 0.71565
-0.157268 0.107501 -1.39543 -0.612645 0.0591488 0.788142
-0.15792 0.107846 -1.3959 -0.694357 0.075125 0.715699
-0.157499 0.108415 -1.39568 -0.54426 0.239034 0.804142
-0.156836 0.108277 -1.39529 -0.466637 0.219433 0.856796
-0.156269 0.109106 -1.39517 -0.494139 0.275337 0.824631
-0.154176 0.109287 -1.39422 -0.301426 0.163518 0.939364
-0.154756 0.109413 -1.39451 -0.436714 0.143437 0.888091
-0.155539 0.108848 -1.39477 -0.416297 0.214614 0.883537
-0.15586 0.109569 -1.39505 -0.496132 0.314364 0.809338
-0.156134 0.110189 -1.39579 -0.675422 0.498836 0.543109
-0.155208 0.109804 -1.39483 -0.49656 0.195343 0.845736
-0.155637 0.10997 -1.39513 -0.574284 0.379527 0.725367
-0.155403 0.110511 -1.39511 -0.696021 0.272237 0.664411
-0.155938 0.110559 -1.39585 -0.769443 0.388946 0.506634
-0.157791 0.108543 -1.39598 -0.655166 0.389339 0.647435
-0.156849 0.109544 -1.39589 -0.587206 0.507724 0.630401
-0.156317 0.11075 -1.39668 -0.733011 0.360724 0.576692
-0.156982 0.11012 -1.39679 -0.557094 0.566715 0.607026
-0.157918 0.10973 -1.39711 -0.483074 0.527826 0.698598
-0.157212 0.110183 -1.39701 -0.439366 0.405174 0.801743
-0.157231 0.110652 -1.39715 -0.405629 0.147866 0.901998
-0.156646 0.110757 -1.39696 -0.496563 0.308794 0.811216
-0.154709 0.110868 -1.39458 -0.57161 0.161392 0.804497
-0.1583 0.108459 -1.39655 -0.717468 0.236437 0.655239
-0.158041 0.10883 -1.39649 -0.609441 0.398074 0.685652
-0.157866 0.109252 -1.39668 -0.528569 0.560547 0.637496
-0.167392 0.076397 -1.41943 -0.141563 -0.642583 0.753025
-0.166887 0.076872 -1.41906 0.203995 -0.585858 0.784319
-0.167142 0.076568 -1.41928 0.0607676 -0.664756 0.744585
-0.167155 0.076791 -1.41909 -0.00925181 -0.592762 0.805324
-0.166903 0.077158 -1.41888 0.100825 -0.431779 0.896327
-0.167159 0.077106 -1.41894 -0.158884 -0.404811 0.900491
-0.166592 0.077149 -1.41903 0.612697 -0.529432 0.586774
-0.166618 0.077718 -1.4187 0.233083 -0.290966 0.927907
-0.167558 0.076895 -1.41916 -0.361854 -0.409223 0.837614
-0.167063 0.077753 -1.4187 -0.270794 -0.17736 0.946158
-0.166256 0.078007 -1.41878 0.539211 -0.437594 0.719558
-0.166047 0.078391 -1.41871 0.517891 -0.500226 0.693948
-0.166165 0.078576 -1.41855 0.165524 -0.424873 0.889991
-0.165733 0.078749 -1.41863 0.513105 -0.592767 0.620766
-0.166676 0.078281 -1.41863 -0.0335073 -0.156909 0.987044
-0.166565 0.078777 -1.41852 -0.227252 -0.267489 0.936379
-0.167275 0.078711 -1.41877 -0.326301 -0.108376 0.939033
-0.16775 0.076699 -1.41937 -0.533821 -0.416361 0.735988
-0.168155 0.077616 -1.4194 -0.602127 -0.168891 0.780333
-0.168612 0.077424 -1.41979 -0.633076 -0.204738 0.746523
-0.168809 0.078187 -1.4199 -0.600141 -0.114464 0.791662
-0.170184 0.079249 -1.42031 -0.395365 -0.192392 0.898149
-0.164759 0.079323 -1.41975 0.777191 -0.516502 0.359445
-0.164986 0.079408 -1.41906 0.780208 -0.529288 0.33336
-0.164227 0.080822 -1.41877 0.773501 -0.532194 0.344189
-0.165049 0.079733 -1.41842 0.763312 -0.52276 0.379574
-0.164847 0.080363 -1.41795 0.780361 -0.505111 0.368645
-0.164684 0.080488 -1.41824 0.800577 -0.509575 0.315292
-0.165205 0.079891 -1.41799 0.554567 -0.605536 0.570773
-0.165254 0.080374 -1.41749 0.227235 -0.63909 0.734798
-0.164947 0.080395 -1.41772 0.630342 -0.595237 0.49836
-0.164859 0.080755 -1.41743 0.741666 -0.525213 0.417232
-0.164998 0.080654 -1.41735 0.454701 -0.648422 0.61057
-0.164713 0.081241 -1.41703 0.684747 -0.584482 0.435318
-0.165037 0.081073 -1.41688 0.314752 -0.686346 0.655638
-0.165272 0.08088 -1.41705 -0.0570399 -0.658149 0.750724
-0.165085 0.081711 -1.41623 0.0311908 -0.74697 0.664126
-0.163306 0.081149 -1.42018 0.760374 -0.516349 0.393972
-0.163515 0.081435 -1.41932 0.759167 -0.545968 0.354378
-0.163674 0.08057 -1.42018 0.767983 -0.52113 0.372324
-0.162952 0.081975 -1.41979 0.786633 -0.495856 0.36788
-0.162672 0.081874 -1.4204 0.768845 -0.502304 0.395687
-0.163151 0.081978 -1.41921 0.784647 -0.512986 0.348101
-0.164426 0.080756 -1.41834 0.770157 -0.544314 0.332535
-0.164449 0.081269 -1.41764 0.782832 -0.516256 0.347354
-0.164118 0.082181 -1.41689 0.795465 -0.513578 0.321673
-0.164488 0.081802 -1.41665 0.75504 -0.548514 0.359231
-0.164783 0.081545 -1.41655 0.504795 -0.660376 0.555955
-0.163764 0.082514 -1.4173 0.795206 -0.508484 0.330291
-0.163604 0.082002 -1.41835 0.782407 -0.504984 0.364459
-0.163794 0.08305 -1.41649 0.809393 -0.486577 0.328824
-0.165428 0.078881 -1.41891 0.705515 -0.556818 0.438409
-0.16542 0.07937 -1.41831 0.552478 -0.577256 0.601285
-0.165751 0.079089 -1.41832 0.271086 -0.54476 0.793567
-0.166087 0.079085 -1.41832 -0.0874296 -0.470616 0.877996
-0.167313 0.079301 -1.41869 -0.3496 -0.278375 0.894588
-0.1664 0.079534 -1.41816 -0.351646 -0.413669 0.839775
-0.16684 0.080039 -1.41814 -0.393153 -0.422386 0.816713
-0.168878 0.079334 -1.41969 -0.52758 -0.250124 0.811849
-0.167682 0.079245 -1.41882 -0.349399 -0.244381 0.904543
-0.168166 0.078946 -1.41913 -0.509954 -0.180215 0.841112
-0.16796 0.079918 -1.4187 -0.465946 -0.358161 0.809083
-0.168793 0.080545 -1.41904 -0.525442 -0.42527 0.736923
-0.165643 0.079697 -1.41796 0.186394 -0.581435 0.791954
-0.165511 0.08019 -1.4176 0.0186374 -0.550806 0.834425
-0.166108 0.079992 -1.41773 -0.210333 -0.490532 0.845659
-0.165679 0.080589 -1.41737 -0.157615 -0.526838 0.835224
-0.166212 0.08089 -1.41737 -0.361698 -0.452535 0.815099
-0.166132 0.081355 -1.41702 -0.35586 -0.568371 0.741834
-0.166914 0.080999 -1.41766 -0.355612 -0.483533 0.799835
-0.167398 0.081242 -1.41771 -0.383093 -0.469816 0.795307
-0.167564 0.080446 -1.41819 -0.372007 -0.442849 0.815779
-0.168175 0.081125 -1.41819 -0.494188 -0.427716 0.75686
-0.16541 0.081537 -1.41649 -0.249159 -0.682718 0.686889
-0.167014 0.082028 -1.417 -0.435141 -0.523561 0.732486
-0.167583 0.082743 -1.41692 -0.535754 -0.45835 0.709143
-0.168224 0.0819 -1.41774 -0.492616 -0.427173 0.75819
-0.168954 0.081937 -1.41824 -0.442302 -0.450015 0.775793
-0.168507 0.082911 -1.41751 -0.482283 -0.469539 0.739552
-0.164556 0.082394 -1.41577 0.637444 -0.630712 0.442569
-0.165158 0.082213 -1.41562 -0.00762838 -0.81537 0.57889
-0.165544 0.08215 -1.41585 -0.319465 -0.760779 0.564941
-0.164248 0.082367 -1.41645 0.786516 -0.496278 0.36756
-0.164903 0.082352 -1.41551 0.287405 -0.785842 0.547587
-0.164735 0.082926 -1.4147 0.471539 -0.691926 0.546709
-0.165232 0.082674 -1.41487 -0.140245 -0.802112 0.580472
-0.165029 0.082834 -1.41464 0.0715854 -0.757307 0.649123
-0.165511 0.082664 -1.41506 -0.463918 -0.675247 0.57343
-0.164191 0.08295 -1.41553 0.767252 -0.525597 0.367522
-0.163661 0.083719 -1.4158 0.821813 -0.456756 0.340585
-0.165035 0.083173 -1.41433 0.0196081 -0.663067 0.748303
-0.165306 0.083035 -1.41454 -0.370555 -0.614489 0.696486
-0.164492 0.083539 -1.41428 0.666571 -0.574476 0.475036
-0.164512 0.083889 -1.41391 0.431114 -0.571508 0.698226
-0.164224 0.08433 -1.41381 0.709533 -0.475664 0.519911
-0.164536 0.084188 -1.41366 0.333517 -0.495637 0.801942
-0.164772 0.08334 -1.41422 0.311146 -0.706929 0.635169
-0.164609 0.083461 -1.41421 0.57836 -0.633845 0.513556
-0.164768 0.083739 -1.41389 0.302211 -0.563591 0.768787
-0.164793 0.084182 -1.41362 0.0114162 -0.459239 0.888239
-0.16508 0.083648 -1.41397 -0.313256 -0.509628 0.801343
-0.165065 0.084437 -1.41357 -0.338783 -0.357199 0.870422
-0.166171 0.082141 -1.41636 -0.457814 -0.635246 0.621988
-0.167103 0.083255 -1.41608 -0.584144 -0.547478 0.599202
-0.16604 0.082633 -1.41561 -0.531477 -0.650619 0.542427
-0.165851 0.083199 -1.41484 -0.538011 -0.557428 0.632312
-0.16679 0.083391 -1.41555 -0.6325 -0.537031 0.558159
-0.167818 0.08342 -1.41661 -0.5022 -0.513577 0.695726
-0.168708 0.083822 -1.41685 -0.412692 -0.588729 0.695042
-0.167368 0.084387 -1.41557 -0.630542 -0.446301 0.635005
-0.166279 0.083606 -1.41483 -0.579454 -0.42944 0.692686
-0.165688 0.084057 -1.41422 -0.503821 -0.42814 0.750241
-0.162009 0.083063 -1.42034 0.803534 -0.447133 0.392944
-0.162076 0.083333 -1.4199 0.795732 -0.472739 0.378587
-0.161866 0.083413 -1.42027 0.803795 -0.464851 0.371252
-0.161577 0.083939 -1.42015 0.800966 -0.460659 0.382422
-0.162139 0.084023 -1.41891 0.808856 -0.451263 0.37698
-0.161689 0.084488 -1.41937 0.816609 -0.418375 0.397633
-0.163343 0.083228 -1.41723 0.814075 -0.468079 0.343777
-0.162878 0.084699 -1.41646 0.824547 -0.448534 0.344877
-0.162356 0.084924 -1.41741 0.814756 -0.454899 0.359499
-0.162885 0.08367 -1.41783 0.81576 -0.460777 0.349601
-0.160794 0.084682 -1.42096 0.783253 -0.47004 0.406911
-0.160963 0.085222 -1.42006 0.766694 -0.501377 0.401001
-0.161656 0.085186 -1.41867 0.813114 -0.458781 0.358281
-0.160886 0.086461 -1.41854 0.741347 -0.556681 0.374848
-0.161802 0.085392 -1.41799 0.807397 -0.461201 0.367971
-0.161747 0.086253 -1.41713 0.770304 -0.51619 0.374404
-0.162647 0.085838 -1.4156 0.824116 -0.432504 0.365751
-0.163795 0.084065 -1.41513 0.803632 -0.457843 0.380205
-0.162691 0.086633 -1.41447 0.81178 -0.486836 0.322497
-0.163267 0.085086 -1.41496 0.823387 -0.429571 0.370814
-0.163406 0.085505 -1.41428 0.823257 -0.440175 0.358461
-0.164539 0.08488 -1.41335 0.0842648 -0.407381 0.909362
-0.164247 0.084876 -1.41343 0.45163 -0.446909 0.772206
-0.163979 0.085036 -1.41356 0.655365 -0.476925 0.585695
-0.164242 0.085393 -1.41314 0.338659 -0.44504 0.829005
-0.164969 0.084853 -1.4134 -0.234292 -0.327354 0.915394
-0.165377 0.084732 -1.41364 -0.478067 -0.352122 0.80465
-0.165323 0.086063 -1.41306 -0.417519 -0.391725 0.819896
-0.163578 0.085777 -1.41337 0.69279 -0.493741 0.525606
-0.163906 0.085685 -1.41314 0.417655 -0.470168 0.7775
-0.161997 0.086521 -1.41615 0.79741 -0.479865 0.365878
-0.160567 0.087519 -1.41734 0.712515 -0.605197 0.355048
-0.161525 0.087378 -1.41589 0.720043 -0.583841 0.375056
-0.162289 0.086828 -1.41518 0.780897 -0.516379 0.351501
-0.162076 0.087395 -1.41466 0.752649 -0.569991 0.329589
-0.162666 0.087427 -1.41322 0.77599 -0.526519 0.347301
-0.168906 0.084723 -1.41629 -0.369928 -0.511612 0.775504
-0.169231 0.085756 -1.41602 -0.55042 -0.272963 0.789005
-0.166889 0.08491 -1.41474 -0.58573 -0.430955 0.686439
-0.166615 0.085796 -1.41405 -0.53915 -0.379741 0.751741
-0.165846 0.086523 -1.41319 -0.465198 -0.451617 0.761336
-0.16667 0.086804 -1.41351 -0.460183 -0.523574 0.717008
-0.167583 0.085698 -1.41476 -0.550216 -0.406429 0.729437
-0.167087 0.086581 -1.41398 -0.484993 -0.5301 0.69554
-0.1686 0.086305 -1.41521 -0.564335 -0.506619 0.651815
-0.168317 0.085223 -1.41566 -0.520779 -0.434869 0.734628
-0.167826 0.086277 -1.41466 -0.524598 -0.45071 0.722259
-0.169124 0.086238 -1.41573 -0.588128 -0.405413 0.699818
-0.167709 0.087246 -1.41381 -0.434476 -0.637968 0.635789
-0.169485 0.086789 -1.41566 -0.61997 -0.485992 0.615995
-0.169109 0.087398 -1.41459 -0.577359 -0.530434 0.620723
-0.169638 0.088267 -1.41463 -0.549759 -0.555155 0.624153
-0.169584 0.079755 -1.41988 -0.437758 -0.312636 0.842987
-0.170652 0.079658 -1.42048 -0.539398 -0.224862 0.811472
-0.170687 0.080538 -1.42012 -0.532447 -0.368821 0.761886
-0.16959 0.08047 -1.41955 -0.434215 -0.463889 0.772182
-0.170797 0.081378 -1.41971 -0.574037 -0.446082 0.686653
-0.171707 0.079917 -1.42116 -0.519995 -0.304288 0.798132
-0.171729 0.080589 -1.42097 -0.532673 -0.281639 0.798084
-0.171692 0.081308 -1.42064 -0.524921 -0.452654 0.720806
-0.172635 0.080662 -1.42148 -0.728141 -0.0261465 0.684928
-0.17261 0.080993 -1.42143 -0.920375 0.0457291 0.388353
-0.172382 0.080952 -1.42121 -0.601877 -0.278494 0.748455
-0.172237 0.081302 -1.42092 -0.638065 -0.322924 0.698995
-0.172146 0.081729 -1.42061 -0.684628 -0.342535 0.643392
-0.172071 0.081983 -1.42117 -0.836652 0.533433 -0.124345
-0.172509 0.08127 -1.42124 -0.865245 0.15127 0.477984
-0.172605 0.081203 -1.42149 -0.936216 0.332996 0.112308
-0.172377 0.08151 -1.42132 -0.85759 0.514333 0.000195128
-0.172385 0.081305 -1.42106 -0.848826 -0.0138798 0.52849
-0.172246 0.081653 -1.42076 -0.909903 0.12215 0.396429
-0.172376 0.081597 -1.42102 -0.937155 0.186459 0.294911
-0.172252 0.081654 -1.42182 -0.850801 0.518788 -0.083648
-0.172216 0.081831 -1.42109 -0.845165 0.531472 -0.0568658
-0.172194 0.081904 -1.42083 -0.949733 0.312868 0.0109523
-0.171692 0.081597 -1.42038 -0.555914 -0.466757 0.687821
-0.172193 0.082004 -1.42044 -0.919447 0.0325132 0.391868
-0.172079 0.082218 -1.42068 -0.871218 0.470831 -0.138915
-0.172052 0.082297 -1.42037 -0.940777 0.25126 0.22761
-0.171765 0.082065 -1.4202 -0.572855 -0.387899 0.722061
-0.171918 0.08236 -1.42012 -0.870048 -0.246716 0.426787
-0.171715 0.082554 -1.4213 -0.881745 0.470038 -0.0398803
-0.171974 0.082208 -1.42158 -0.845191 0.533939 -0.0237116
-0.171726 0.08273 -1.42074 -0.83915 0.490718 -0.234571
-0.171944 0.082543 -1.42044 -0.951406 0.285611 -0.115122
-0.17197 0.08262 -1.42018 -0.971214 0.22413 -0.0806747
-0.171934 0.082695 -1.41992 -0.910946 -0.159908 0.380272
-0.171851 0.082894 -1.42009 -0.848071 0.460828 -0.261561
-0.171237 0.083903 -1.42061 -0.899236 0.43576 -0.038568
-0.171486 0.083514 -1.41973 -0.809814 0.584794 -0.0471014
-0.171641 0.083243 -1.4199 -0.661978 0.652385 -0.369025
-0.169634 0.0815 -1.41882 -0.395862 -0.483807 0.780528
-0.170217 0.081752 -1.41899 -0.526532 -0.412997 0.7431
-0.171437 0.082343 -1.41971 -0.568805 -0.403865 0.716487
-0.170972 0.083203 -1.41894 -0.562292 -0.289637 0.774557
-0.171238 0.083406 -1.41902 -0.6297 -0.0611039 0.774431
-0.169601 0.082983 -1.41804 -0.463215 -0.418886 0.781004
-0.169312 0.083565 -1.41748 -0.466736 -0.576842 0.670381
-0.170617 0.084038 -1.41805 -0.602585 -0.559824 0.56876
-0.170669 0.083457 -1.4186 -0.599871 -0.40947 0.687378
-0.170967 0.083753 -1.41872 -0.734872 -0.298638 0.608916
-0.171203 0.083695 -1.41901 -0.83253 0.107207 0.543508
-0.171683 0.0828 -1.41964 -0.501041 -0.470943 0.726065
-0.171458 0.083067 -1.41938 -0.500425 -0.386688 0.774627
-0.17167 0.08311 -1.41946 -0.365376 -0.157497 0.91744
-0.171938 0.083019 -1.41975 -0.929259 -0.0822346 -0.360159
-0.171778 0.083084 -1.41946 -0.0857558 -0.443613 0.892106
-0.172198 0.083049 -1.41976 0.0745823 -0.872227 -0.483381
-0.172072 0.083058 -1.41951 0.0327388 -0.954391 0.29676
-0.172089 0.083148 -1.41938 0.190958 0.134081 0.972398
-0.172239 0.083055 -1.41952 0.198859 -0.973227 0.115255
-0.172258 0.083085 -1.41939 0.243626 -0.670857 0.700427
-0.172423 0.0832 -1.41935 0.129451 0.477027 0.869303
-0.171685 0.083355 -1.41953 -0.646879 0.705182 0.290285
-0.171951 0.083252 -1.41954 -0.180291 0.924542 0.335735
-0.172211 0.083268 -1.41958 0.207575 0.959398 -0.190965
-0.171465 0.083405 -1.41922 -0.766656 0.193162 0.612313
-0.171394 0.083639 -1.41931 -0.829018 0.44127 0.343525
-0.172461 0.083077 -1.41978 -0.127462 -0.327332 -0.936273
-0.172336 0.083033 -1.41938 0.390332 -0.744871 0.541117
-0.172365 0.08303 -1.41951 0.239862 -0.965809 -0.0983864
-0.172514 0.082959 -1.41953 0.307356 -0.934539 -0.179359
-0.172538 0.082945 -1.41939 0.101352 -0.901884 0.419921
-0.172538 0.083082 -1.41933 0.0453127 -0.258009 0.965079
-0.172646 0.082947 -1.41955 -0.236994 -0.931032 -0.277511
-0.172669 0.082952 -1.41941 -0.491734 -0.75148 0.439859
-0.172707 0.08303 -1.41958 -0.689467 -0.560804 -0.458403
-0.172788 0.083073 -1.41946 -0.929126 -0.364188 0.0639662
-0.172672 0.0831 -1.41932 -0.411477 -0.0261718 0.911044
-0.172746 0.083166 -1.41961 -0.741516 0.217971 -0.634541
-0.172656 0.083227 -1.41936 -0.271192 0.692614 0.668386
-0.172798 0.08322 -1.4195 -0.828394 0.527145 0.189427
-0.172599 0.083274 -1.41964 -0.471432 0.795591 -0.380508
-0.172489 0.083292 -1.41953 -0.0548657 0.92718 0.370578
-0.172626 0.083282 -1.41951 -0.221011 0.973631 0.0565475
-0.17246 0.083372 -1.41965 -0.115886 0.948146 -0.295955
-0.169879 0.084419 -1.41693 -0.433238 -0.62126 0.652948
-0.170867 0.084647 -1.42134 -0.862801 0.498335 -0.0850689
-0.171285 0.083596 -1.42191 -0.9067 0.419096 -0.0474717
-0.170786 0.084465 -1.42229 -0.830713 0.526382 -0.181213
-0.1705 0.084997 -1.42193 -0.803836 0.554595 -0.215112
-0.171143 0.084122 -1.41909 -0.960805 0.274799 -0.0365854
-0.171211 0.083893 -1.41944 -0.863464 0.502115 0.0480589
-0.17085 0.084536 -1.4193 -0.885039 0.444386 -0.138663
-0.171103 0.084019 -1.41882 -0.929023 -0.120952 0.349695
-0.171112 0.084349 -1.41864 -0.99956 0.0187098 -0.0230105
-0.170983 0.084174 -1.4184 -0.840274 -0.401814 0.363985
-0.171091 0.084422 -1.41838 -0.976035 -0.209965 -0.057181
-0.17104 0.084579 -1.41869 -0.908377 0.056788 -0.414279
-0.170897 0.084788 -1.41883 -0.847716 0.277988 -0.451774
-0.17125 0.084757 -1.41823 -0.973789 -0.176224 0.143805
-0.171152 0.085011 -1.41829 -0.837887 0.523819 -0.153488
-0.17078 0.084768 -1.42035 -0.883071 0.469139 0.00973545
-0.170708 0.084964 -1.41905 -0.86663 0.370755 -0.333907
-0.170539 0.085301 -1.41952 -0.909913 0.408909 -0.0696527
-0.171099 0.084944 -1.41854 -0.815901 0.363317 -0.449784
-0.170551 0.085484 -1.41871 -0.809854 0.559388 -0.176695
-0.169906 0.085573 -1.42265 -0.801192 0.537363 -0.263309
-0.17006 0.085592 -1.42215 -0.79647 0.577612 -0.178885
-0.169688 0.086194 -1.42142 -0.800196 0.584531 -0.134202
-0.168952 0.086792 -1.42295 -0.75256 0.58751 -0.297466
-0.169247 0.08673 -1.42202 -0.801518 0.576784 -0.157763
-0.169675 0.086036 -1.42233 -0.807097 0.556636 -0.196855
-0.169419 0.086449 -1.42235 -0.802946 0.567292 -0.182913
-0.17029 0.085568 -1.42072 -0.832075 0.544094 -0.107762
-0.170169 0.086044 -1.4196 -0.858271 0.506091 -0.0851009
-0.16984 0.0866 -1.41876 -0.859303 0.497573 -0.118406
-0.169593 0.086829 -1.41995 -0.805626 0.572313 -0.153049
-0.168964 0.087421 -1.42046 -0.782714 0.585397 -0.21135
-0.169007 0.087193 -1.42093 -0.814484 0.566362 -0.125897
-0.169224 0.087062 -1.42056 -0.752656 0.618068 -0.226937
-0.169316 0.087462 -1.41895 -0.823081 0.543365 -0.165202
-0.169111 0.087611 -1.41947 -0.781434 0.590509 -0.201645
-0.170363 0.084448 -1.41734 -0.655411 -0.472621 0.589124
-0.170965 0.084859 -1.41778 -0.824673 -0.222238 0.520119
-0.171107 0.085082 -1.41803 -0.912092 0.349285 0.214682
-0.17102 0.085144 -1.41778 -0.922783 0.268341 0.276524
-0.17051 0.085371 -1.41685 -0.748893 -0.208407 0.629068
-0.170856 0.085206 -1.41746 -0.893472 -0.0502385 0.446299
-0.16981 0.084757 -1.41661 -0.455871 -0.446819 0.769762
-0.169865 0.08516 -1.41646 -0.474697 -0.24605 0.845057
-0.170683 0.085543 -1.41785 -0.68026 0.685144 -0.260429
-0.170942 0.085266 -1.41814 -0.704876 0.693976 -0.14679
-0.17079 0.085511 -1.41738 -0.934297 0.216867 0.282945
-0.170789 0.085548 -1.41765 -0.845481 0.527911 -0.0804449
-0.170282 0.086069 -1.41787 -0.796696 0.577541 -0.178107
-0.170375 0.085664 -1.41668 -0.673202 -0.00731202 0.739423
-0.169388 0.085244 -1.41626 -0.425327 -0.237227 0.873396
-0.170118 0.085678 -1.41651 -0.496789 -0.013905 0.86776
-0.170105 0.086175 -1.41651 -0.707333 0.0620359 0.704154
-0.17036 0.085928 -1.41673 -0.815777 0.346547 0.463047
-0.170191 0.086335 -1.41689 -0.94083 0.2836 0.185496
-0.170231 0.086232 -1.41723 -0.870282 0.492511 -0.00642795
-0.169723 0.086257 -1.41625 -0.601379 -0.282137 0.74749
-0.170094 0.08648 -1.41659 -0.927945 0.0492625 0.369448
-0.170586 0.085587 -1.41697 -0.869245 0.179987 0.460455
-0.170607 0.085879 -1.41737 -0.819624 0.564848 0.0957298
-0.169843 0.086527 -1.41625 -0.727094 -0.294873 0.619987
-0.170473 0.086634 -1.41577 0.828378 -0.366747 0.423422
-0.170563 0.086628 -1.41583 -0.0241176 -0.442987 -0.896204
-0.170573 0.08661 -1.41577 -0.243498 -0.906598 0.344656
-0.170624 0.086646 -1.41579 -0.992932 -0.114745 0.0303149
-0.170573 0.086652 -1.41575 -0.260992 0.152191 0.953269
-0.170561 0.086701 -1.4158 -0.0780314 0.975874 -0.203915
-0.170084 0.086491 -1.41755 -0.926753 0.343913 -0.15117
-0.170109 0.086655 -1.4168 -0.993276 0.112025 0.0292123
-0.170075 0.086937 -1.41688 -0.958063 0.184877 -0.218944
-0.170042 0.086811 -1.41636 -0.895085 -0.328046 0.302009
-0.170157 0.087058 -1.41655 -0.994705 -0.0599715 -0.0834613
-0.169963 0.087072 -1.41737 -0.884474 0.402696 -0.235673
-0.169985 0.0872 -1.41691 -0.845145 0.441312 -0.301619
-0.169789 0.087127 -1.4177 -0.852827 0.459415 -0.248241
-0.170109 0.087312 -1.41658 -0.899644 0.257414 -0.352673
-0.169402 0.087663 -1.41816 -0.827922 0.501763 -0.250559
-0.169219 0.088325 -1.41755 -0.780532 0.577091 -0.24028
-0.169249 0.088473 -1.41686 -0.776404 0.591974 -0.216252
-0.169882 0.086907 -1.4159 -0.695065 -0.472548 0.541833
-0.170177 0.087135 -1.4163 -0.973522 -0.224152 0.0448347
-0.17011 0.087208 -1.41599 -0.786347 -0.448933 0.424404
-0.170259 0.087492 -1.41609 -0.920123 -0.233945 -0.314074
-0.169878 0.08741 -1.41559 -0.514488 -0.554828 0.65381
-0.170104 0.087375 -1.4158 -0.480605 -0.818945 0.313605
-0.170129 0.087536 -1.41558 -0.0945799 -0.80675 0.583275
-0.170338 0.087715 -1.41595 -0.594834 0.441438 -0.671792
-0.170599 0.087482 -1.41577 0.310996 -0.860378 -0.403771
-0.170646 0.087483 -1.41579 -0.472649 -0.462861 -0.749908
-0.170685 0.087477 -1.41552 -0.117879 -0.954679 0.273298
-0.170375 0.087473 -1.41573 -0.203689 -0.971818 0.118663
-0.170525 0.087521 -1.41563 0.0462456 -0.987137 0.153043
-0.170455 0.087571 -1.41589 -0.706593 -0.126264 -0.696265
-0.170495 0.087527 -1.41577 -0.317409 -0.873248 -0.369716
-0.17056 0.087607 -1.4158 -0.440588 -0.0936754 -0.892808
-0.170662 0.087791 -1.41559 -0.753203 0.538858 -0.377251
-0.170548 0.087765 -1.41576 -0.631449 0.403491 -0.662169
-0.170479 0.087891 -1.41568 -0.548929 0.700362 -0.456256
-0.169881 0.087859 -1.41527 -0.395312 -0.56445 0.724655
-0.170121 0.087697 -1.41545 0.115761 -0.619158 0.776687
-0.170274 0.088033 -1.41521 0.147353 -0.325125 0.93412
-0.170388 0.087498 -1.41555 -0.00610686 -0.910135 0.414266
-0.170697 0.087564 -1.41539 -0.173684 -0.410215 0.895297
-0.170554 0.087617 -1.41539 -0.0781102 -0.753636 0.652634
-0.170429 0.087605 -1.41536 0.0879494 -0.748661 0.657093
-0.170811 0.087569 -1.41558 -0.973337 -0.199096 -0.113909
-0.170767 0.087608 -1.41541 -0.761434 -0.0595844 0.645498
-0.170609 0.08788 -1.41539 -0.839655 0.530718 0.115407
-0.170475 0.087979 -1.41545 -0.649204 0.715318 -0.258561
-0.170678 0.087735 -1.4154 -0.460968 -0.0224679 0.887132
-0.170437 0.087753 -1.41525 0.253088 -0.554939 0.792458
-0.170582 0.087802 -1.41517 -0.545146 -0.370792 0.751884
-0.170438 0.087922 -1.41515 0.046411 0.0861563 0.9952
-0.170608 0.087932 -1.41518 -0.80999 0.442772 0.384538
-0.17043 0.08806 -1.41521 -0.333062 0.533278 0.777614
-0.170555 0.08801 -1.41523 -0.54135 0.750771 0.378527
-0.169765 0.087723 -1.41676 -0.802113 0.508304 -0.313435
-0.170112 0.087713 -1.4162 -0.720523 0.487985 -0.492663
-0.169905 0.088408 -1.41556 -0.597376 0.645339 -0.476109
-0.169885 0.088049 -1.41595 -0.59322 0.633474 -0.49679
-0.16945 0.088639 -1.41595 -0.747175 0.563061 -0.353118
-0.170153 0.088068 -1.41519 -0.364546 -0.380771 0.849776
-0.170232 0.088277 -1.41526 -0.854278 0.518964 0.0297662
-0.170079 0.088502 -1.4153 -0.72157 0.57187 -0.390259
-0.169918 0.088212 -1.41492 -0.419818 -0.717933 0.55527
-0.170184 0.08834 -1.41498 -0.96839 -0.155167 0.195307
-0.17018 0.088425 -1.41475 -0.780927 -0.253598 0.570825
-0.170121 0.088593 -1.41508 -0.816275 0.558218 -0.148621
-0.170033 0.088665 -1.4148 -0.832732 0.505294 0.226352
-0.169814 0.088763 -1.41511 -0.493605 0.761866 -0.419422
-0.169447 0.089072 -1.41523 -0.717682 0.517146 -0.466361
-0.169907 0.088905 -1.41485 -0.805136 0.547919 -0.227026
-0.163411 0.086205 -1.41324 0.771962 -0.474587 0.422898
-0.163584 0.086668 -1.41262 0.569591 -0.614226 0.546161
-0.163998 0.086396 -1.41267 0.217075 -0.66189 0.717482
-0.16434 0.086196 -1.41278 0.000319248 -0.468251 0.883596
-0.164346 0.086685 -1.4124 -0.129362 -0.693548 0.708701
-0.16498 0.085376 -1.41322 -0.273979 -0.369738 0.887823
-0.164763 0.086565 -1.4126 -0.225433 -0.555382 0.800457
-0.163777 0.086955 -1.41202 0.289418 -0.783837 0.549396
-0.16405 0.087118 -1.41178 -0.109827 -0.813946 0.570465
-0.164451 0.0872 -1.41186 -0.306623 -0.735784 0.603824
-0.165138 0.086932 -1.41249 -0.415317 -0.584151 0.697337
-0.162747 0.087709 -1.41268 0.733383 -0.544368 0.407201
-0.161904 0.088824 -1.41268 0.743648 -0.557196 0.369487
-0.163859 0.087321 -1.41144 0.185491 -0.858244 0.478551
-0.16597 0.087901 -1.41208 -0.373465 -0.687035 0.623303
-0.165686 0.087259 -1.41263 -0.424117 -0.594545 0.683111
-0.163527 0.087509 -1.41147 0.661508 -0.638111 0.393983
-0.163415 0.088126 -1.41066 0.764775 -0.536211 0.357207
-0.163638 0.087909 -1.41049 0.449755 -0.735756 0.506343
-0.163235 0.088448 -1.41054 0.746166 -0.580638 0.325723
-0.163731 0.088179 -1.41013 0.154952 -0.771291 0.617333
-0.163587 0.088248 -1.41018 0.596951 -0.656328 0.461392
-0.163285 0.088745 -1.4098 0.707277 -0.614521 0.349461
-0.163793 0.08858 -1.40955 0.0449394 -0.781378 0.622438
-0.163533 0.088793 -1.40935 0.325577 -0.736989 0.592323
-0.162759 0.088963 -1.4108 0.750243 -0.569186 0.336397
-0.162432 0.089071 -1.41126 0.736419 -0.574662 0.357002
-0.16392 0.087575 -1.4109 -0.0174404 -0.852612 0.522254
-0.16415 0.087549 -1.41105 -0.316633 -0.800034 0.509597
-0.164625 0.087591 -1.41147 -0.459473 -0.679381 0.572124
-0.165297 0.088527 -1.41104 -0.451041 -0.65649 0.604634
-0.163988 0.08803 -1.41031 -0.192122 -0.771458 0.606582
-0.164426 0.088287 -1.41033 -0.51369 -0.677483 0.526441
-0.164087 0.088646 -1.40961 -0.394207 -0.668774 0.630351
-0.165598 0.089181 -1.41045 -0.398638 -0.675881 0.619897
-0.167316 0.087637 -1.41314 -0.424953 -0.650737 0.62925
-0.166185 0.087269 -1.41285 -0.362758 -0.630462 0.686239
-0.167218 0.08855 -1.41194 -0.42006 -0.665638 0.616827
-0.168408 0.087502 -1.41399 -0.456186 -0.624549 0.633903
-0.168811 0.087917 -1.41396 -0.60358 -0.497264 0.623233
-0.168954 0.088725 -1.41347 -0.652906 -0.365225 0.663569
-0.169488 0.08878 -1.41398 -0.674295 -0.43906 0.593761
-0.169731 0.089397 -1.4139 -0.683843 -0.258114 0.682448
-0.168775 0.089977 -1.41259 -0.664791 -0.519234 0.537075
-0.168624 0.089322 -1.41286 -0.690753 -0.36345 0.625111
-0.169191 0.089345 -1.4135 -0.686622 -0.328648 0.648491
-0.165818 0.088674 -1.41122 -0.259762 -0.711809 0.652573
-0.166203 0.0884 -1.4116 -0.266361 -0.715821 0.645486
-0.167896 0.088443 -1.41268 -0.557936 -0.56614 0.606789
-0.166789 0.088838 -1.4114 -0.339885 -0.679796 0.649889
-0.16703 0.089464 -1.41092 -0.440346 -0.633313 0.636404
-0.168132 0.088963 -1.41249 -0.692476 -0.440163 0.571606
-0.167868 0.089742 -1.41148 -0.626442 -0.559558 0.542646
-0.168358 0.089913 -1.41192 -0.711286 -0.511186 0.482454
-0.163833 0.088908 -1.40923 -0.194906 -0.675081 0.711532
-0.163356 0.089976 -1.4082 0.0904133 -0.792907 0.602598
-0.163591 0.08919 -1.40892 0.0340797 -0.672208 0.739578
-0.163606 0.089762 -1.40844 -0.0283301 -0.711349 0.702268
-0.163887 0.089681 -1.40861 -0.368769 -0.634028 0.679718
-0.163248 0.089335 -1.40896 0.549753 -0.65711 0.51573
-0.163782 0.090143 -1.40804 -0.263812 -0.790011 0.553431
-0.164686 0.089507 -1.40937 -0.522194 -0.581338 0.623987
-0.165416 0.089747 -1.40981 -0.468423 -0.628806 0.620631
-0.16555 0.090488 -1.40911 -0.424303 -0.692802 0.583089
-0.164972 0.090328 -1.40874 -0.482735 -0.706511 0.517503
-0.163261 0.090721 -1.40695 0.302603 -0.853918 0.423385
-0.163647 0.090739 -1.40685 -0.0574902 -0.895696 0.440935
-0.166475 0.090085 -1.41002 -0.356721 -0.656272 0.664874
-0.169947 0.08842 -1.41465 -0.546067 -0.212925 0.810231
-0.1697 0.088586 -1.41445 -0.601046 -0.45031 0.660276
-0.169917 0.088728 -1.41456 -0.892094 -0.20601 0.402153
-0.169987 0.089036 -1.41433 -0.960109 -0.128542 0.248328
-0.169975 0.089016 -1.41463 -0.819966 0.383232 -0.425193
-0.169919 0.08931 -1.41442 -0.918945 0.330552 -0.215119
-0.169779 0.089004 -1.41414 -0.686744 -0.405727 0.603132
-0.169876 0.089683 -1.414 -0.949285 0.184816 0.254362
-0.163993 0.091213 -1.40546 -0.0230199 -0.977592 0.209245
-0.164265 0.091342 -1.40465 -0.0677131 -0.969084 0.237258
-0.163864 0.091421 -1.40466 0.417401 -0.847691 0.327409
-0.164114 0.091498 -1.40419 0.230805 -0.887103 0.399722
-0.164303 0.091782 -1.40358 0.161966 -0.856664 0.489789
-0.164766 0.091421 -1.40492 -0.418795 -0.893721 0.160855
-0.164954 0.091832 -1.40378 -0.427968 -0.843564 0.324411
-0.164546 0.091682 -1.40379 -0.159162 -0.899411 0.407095
-0.16821 0.087806 -1.42267 -0.747641 0.566741 -0.346175
-0.167783 0.088469 -1.42257 -0.710253 0.618324 -0.336476
-0.167341 0.088959 -1.42237 -0.643235 0.727908 -0.237484
-0.168367 0.08825 -1.42126 -0.795988 0.597981 -0.093925
-0.16786 0.088703 -1.42189 -0.686008 0.693678 -0.219556
-0.167747 0.088946 -1.42124 -0.716729 0.668599 -0.198177
-0.168337 0.088386 -1.42028 -0.852259 0.500142 -0.153338
-0.168132 0.088574 -1.42081 -0.802919 0.577005 -0.149622
-0.167332 0.089537 -1.4209 -0.697713 0.668902 -0.256452
-0.168312 0.088616 -1.4199 -0.872175 0.460426 -0.165286
-0.168278 0.088926 -1.41929 -0.822508 0.550323 -0.143615
-0.167831 0.089275 -1.42 -0.761039 0.624031 -0.177215
-0.168023 0.089144 -1.41952 -0.757278 0.629568 -0.173707
-0.166835 0.089233 -1.42308 -0.694696 0.655642 -0.295856
-0.16707 0.089382 -1.42166 -0.674185 0.69542 -0.248729
-0.165978 0.090161 -1.42294 -0.687854 0.645065 -0.332789
-0.166271 0.090271 -1.4219 -0.748425 0.621217 -0.23227
-0.165809 0.091116 -1.42092 -0.771731 0.594953 -0.224635
-0.166564 0.090161 -1.42119 -0.704043 0.662557 -0.255622
-0.166541 0.090336 -1.42076 -0.709087 0.658381 -0.252449
-0.166943 0.090223 -1.42009 -0.707972 0.662524 -0.244615
-0.166578 0.090472 -1.42031 -0.724451 0.600752 -0.338035
-0.166637 0.090603 -1.42004 -0.713558 0.623748 -0.319018
-0.166441 0.090593 -1.42044 -0.734077 0.613151 -0.291849
-0.166129 0.090756 -1.42094 -0.747788 0.63415 -0.196637
-0.16638 0.091069 -1.41945 -0.755522 0.610386 -0.237939
-0.166321 0.090917 -1.42001 -0.721253 0.632441 -0.282512
-0.160601 0.088048 -1.41645 0.70125 -0.59886 0.386802
-0.161027 0.088632 -1.41475 0.726945 -0.579812 0.367925
-0.16856 0.088739 -1.41844 -0.780036 0.594891 -0.194032
-0.168753 0.088665 -1.41798 -0.777639 0.565903 -0.273919
-0.168972 0.088885 -1.41667 -0.805783 0.524664 -0.274666
-0.167454 0.090116 -1.41844 -0.802786 0.506716 -0.314282
-0.168301 0.088983 -1.41871 -0.732987 0.673552 -0.0951693
-0.168388 0.089491 -1.41741 -0.79121 0.530837 -0.303642
-0.169091 0.089926 -1.41495 -0.656594 0.524228 -0.542282
-0.169346 0.089455 -1.41505 -0.632145 0.414779 -0.654485
-0.168179 0.09051 -1.41654 -0.820103 0.444121 -0.360815
-0.16862 0.090133 -1.4158 -0.838322 0.450938 -0.306384
-0.166193 0.091544 -1.41885 -0.766187 0.548045 -0.335565
-0.165914 0.092085 -1.41877 -0.821436 0.489986 -0.291815
-0.167465 0.089856 -1.41896 -0.7492 0.633036 -0.194847
-0.167266 0.090226 -1.41884 -0.788827 0.532299 -0.307262
-0.167642 0.091071 -1.41694 -0.775203 0.453445 -0.439826
-0.167397 0.090575 -1.41801 -0.776698 0.493538 -0.391359
-0.166947 0.091523 -1.41766 -0.732401 0.505546 -0.456083
-0.166232 0.092168 -1.41796 -0.733579 0.521321 -0.435989
-0.167852 0.091278 -1.41642 -0.800332 0.443453 -0.403506
-0.167713 0.09193 -1.41589 -0.812988 0.48039 -0.329053
-0.167091 0.092807 -1.41595 -0.72882 0.599386 -0.330997
-0.16677 0.092662 -1.41674 -0.719442 0.541423 -0.435046
-0.163091 0.093091 -1.42301 -0.6377 0.684615 -0.353045
-0.162319 0.093789 -1.42296 -0.629721 0.695483 -0.346055
-0.16345 0.093157 -1.42236 -0.642938 0.67001 -0.371103
-0.163043 0.093955 -1.42155 -0.647713 0.652567 -0.393221
-0.161816 0.093753 -1.42418 -0.628716 0.687104 -0.364148
-0.161498 0.094902 -1.42232 -0.606139 0.693711 -0.389051
-0.16323 0.094391 -1.42062 -0.663713 0.645318 -0.378219
-0.161819 0.095212 -1.42142 -0.606809 0.68217 -0.407954
-0.162453 0.095669 -1.4196 -0.641667 0.682326 -0.350279
-0.165177 0.09082 -1.42337 -0.701705 0.624235 -0.343426
-0.165344 0.091198 -1.42243 -0.705002 0.62812 -0.329298
-0.163914 0.0922 -1.42317 -0.645477 0.680153 -0.347494
-0.164506 0.091838 -1.42287 -0.658111 0.671838 -0.339887
-0.165359 0.091545 -1.42165 -0.755496 0.626933 -0.190214
-0.165435 0.091539 -1.42126 -0.783455 0.589314 -0.197249
-0.165529 0.091619 -1.42078 -0.780876 0.556698 -0.283408
-0.165827 0.091595 -1.42 -0.797367 0.541628 -0.266166
-0.16525 0.09258 -1.41977 -0.76212 0.551415 -0.339286
-0.164861 0.092285 -1.42111 -0.696881 0.649728 -0.303662
-0.16402 0.093609 -1.42035 -0.696796 0.611142 -0.375475
-0.164248 0.094338 -1.41876 -0.697025 0.613568 -0.371068
-0.163397 0.095095 -1.41883 -0.643127 0.688787 -0.334606
-0.162962 0.095637 -1.41848 -0.646097 0.681277 -0.344124
-0.163225 0.095859 -1.4177 -0.639402 0.683536 -0.352056
-0.162248 0.096522 -1.41822 -0.655548 0.682545 -0.323091
-0.164299 0.095362 -1.41654 -0.658487 0.679595 -0.323336
-0.165639 0.092394 -1.41912 -0.838596 0.438147 -0.323704
-0.165426 0.092735 -1.41911 -0.786739 0.564871 -0.248921
-0.165645 0.092731 -1.41836 -0.762415 0.517442 -0.388558
-0.165244 0.093093 -1.41877 -0.761708 0.572974 -0.302494
-0.165045 0.093919 -1.41794 -0.745803 0.514673 -0.422953
-0.165933 0.093406 -1.4171 -0.733286 0.538737 -0.414793
-0.166031 0.093732 -1.41633 -0.698053 0.638464 -0.32417
-0.165554 0.093842 -1.41724 -0.721857 0.569796 -0.392753
-0.168509 0.087885 -1.42195 -0.774936 0.571151 -0.270667
-0.168805 0.087464 -1.42191 -0.81627 0.550197 -0.176031
-0.168994 0.087569 -1.41993 -0.776543 0.586971 -0.229009
-0.168908 0.088071 -1.41882 -0.805867 0.555309 -0.205451
-0.168901 0.088725 -1.4174 -0.768366 0.601793 -0.217851
-0.161388 0.089597 -1.41259 0.730357 -0.577166 0.36532
-0.161224 0.090954 -1.41054 0.755275 -0.585068 0.29539
-0.161966 0.090316 -1.41004 0.731705 -0.599422 0.324502
-0.169189 0.09032 -1.41446 -0.736157 0.582615 -0.344431
-0.169381 0.090012 -1.41445 -0.705566 0.591661 -0.390019
-0.169329 0.090294 -1.41399 -0.698741 0.644124 -0.311233
-0.169673 0.0898 -1.41372 -0.875932 -0.124291 0.466149
-0.169258 0.089965 -1.41321 -0.644523 -0.549764 0.531366
-0.16945 0.089829 -1.41346 -0.617346 -0.501274 0.606307
-0.169112 0.089907 -1.41295 -0.707951 -0.464863 0.531703
-0.169539 0.090219 -1.4131 -0.698572 -0.545246 0.463361
-0.169441 0.090288 -1.41383 -0.614084 0.61663 -0.492613
-0.16913 0.090588 -1.41376 -0.645218 0.673365 -0.360934
-0.169609 0.090376 -1.41357 -0.757944 0.518506 -0.39582
-0.169483 0.090725 -1.41321 -0.734249 0.584293 -0.34566
-0.168937 0.090549 -1.41451 -0.647188 0.621101 -0.442019
-0.168761 0.091159 -1.41348 -0.691666 0.650819 -0.313101
-0.168691 0.091005 -1.41427 -0.774561 0.557047 -0.29959
-0.168821 0.090442 -1.41198 -0.627541 -0.62629 0.46255
-0.169307 0.090266 -1.4128 -0.590781 -0.629616 0.504541
-0.16962 0.090598 -1.41274 -0.962791 -0.128524 0.23773
-0.169484 0.090668 -1.41253 -0.764848 -0.440135 0.470413
-0.169355 0.090705 -1.41227 -0.737149 -0.515368 0.437044
-0.169505 0.090976 -1.41236 -0.996459 0.0175595 0.0822297
-0.169557 0.090905 -1.41262 -0.944024 0.313606 0.102323
-0.16938 0.090936 -1.41205 -0.704263 -0.594357 0.38827
-0.168967 0.091154 -1.41109 -0.727992 -0.539434 0.42313
-0.168638 0.091329 -1.41058 -0.551832 -0.513699 0.656959
-0.168908 0.090824 -1.41152 -0.621401 -0.654642 0.43047
-0.169246 0.091193 -1.4115 -0.735631 -0.331679 0.590623
-0.169442 0.09111 -1.41182 -0.831836 -0.460772 0.309416
-0.169128 0.091245 -1.41128 -0.926868 -0.11759 0.356496
-0.168391 0.09189 -1.41244 -0.716197 0.681244 -0.151552
-0.169333 0.091099 -1.41278 -0.649626 0.693276 -0.312016
-0.169555 0.090826 -1.41289 -0.867458 0.439725 -0.23272
-0.168909 0.091493 -1.41257 -0.526043 0.803339 -0.279151
-0.169357 0.09122 -1.41242 -0.685956 0.597027 -0.415961
-0.169475 0.091302 -1.41218 -0.882472 0.280659 -0.377456
-0.169048 0.091559 -1.41209 -0.139108 0.986455 -0.0869225
-0.169317 0.091425 -1.4122 -0.475992 0.735292 -0.48247
-0.168784 0.09162 -1.4121 -0.516015 0.849613 -0.109028
-0.168574 0.091943 -1.41179 -0.68377 0.714322 -0.149007
-0.168314 0.092125 -1.41189 -0.718837 0.683434 -0.127244
-0.168852 0.091661 -1.4114 -0.604803 0.788612 -0.110928
-0.168655 0.09188 -1.41112 -0.560731 0.823012 -0.0907292
-0.169194 0.091475 -1.41147 -0.604673 0.707944 0.364947
-0.169584 0.091385 -1.41194 -0.920466 0.336017 -0.19959
-0.169342 0.091587 -1.41197 -0.340801 0.913819 -0.220885
-0.169446 0.091482 -1.41159 -0.625904 0.51102 0.589154
-0.169125 0.091499 -1.41135 -0.783691 0.61633 -0.0772414
-0.169188 0.091579 -1.41111 -0.955207 0.206574 -0.211914
-0.168861 0.091849 -1.41088 -0.426655 0.877376 -0.219492
-0.16817 0.091744 -1.41469 -0.851503 0.490187 -0.186171
-0.168444 0.091679 -1.41316 -0.767478 0.614712 -0.181952
-0.167772 0.092255 -1.41522 -0.828068 0.521136 -0.206689
-0.167732 0.092406 -1.41474 -0.841864 0.522824 -0.133864
-0.16748 0.092683 -1.41517 -0.779852 0.580586 -0.233991
-0.167497 0.092864 -1.41455 -0.795445 0.565154 -0.218789
-0.166943 0.094318 -1.4127 -0.844939 0.524726 -0.103634
-0.167864 0.092666 -1.41107 -0.855949 0.516987 0.00871073
-0.168077 0.092429 -1.41128 -0.738825 0.669949 0.0728395
-0.1677 0.092942 -1.41228 -0.831749 0.553846 -0.0380594
-0.167497 0.093353 -1.41184 -0.893754 0.445859 -0.0491311
-0.167845 0.092595 -1.4131 -0.853413 0.513152 -0.0914398
-0.167156 0.093735 -1.41372 -0.799724 0.563012 -0.208468
-0.167476 0.093375 -1.41099 -0.898947 0.434554 -0.0552843
-0.163021 0.089929 -1.40844 0.51531 -0.718778 0.466706
-0.162929 0.090755 -1.40732 0.646204 -0.659317 0.384347
-0.161929 0.090904 -1.40912 0.729203 -0.590931 0.345057
-0.162016 0.09141 -1.408 0.728828 -0.572982 0.374835
-0.166131 0.091705 -1.40785 -0.512315 -0.732735 0.447921
-0.163009 0.090949 -1.40674 0.608413 -0.706081 0.36233
-0.162607 0.091263 -1.40701 0.77237 -0.560196 0.299375
-0.162295 0.091515 -1.40733 0.707805 -0.600031 0.372793
-0.162485 0.091263 -1.4074 0.727004 -0.599507 0.334749
-0.162437 0.091523 -1.40708 0.763284 -0.543951 0.348588
-0.162734 0.091387 -1.40655 0.7519 -0.545078 0.370858
-0.163074 0.091395 -1.40596 0.665899 -0.63206 0.396331
-0.163763 0.091045 -1.40604 0.0399592 -0.946508 0.320196
-0.163334 0.09113 -1.40608 0.39968 -0.827389 0.394567
-0.162076 0.091626 -1.40764 0.725921 -0.578381 0.372175
-0.162273 0.092062 -1.40654 0.715349 -0.587773 0.377887
-0.164234 0.090738 -1.40728 -0.337072 -0.872074 0.35478
-0.165802 0.09178 -1.40718 -0.594359 -0.752459 0.283799
-0.164843 0.091147 -1.40713 -0.509718 -0.818762 0.264228
-0.165274 0.091602 -1.40624 -0.626972 -0.764334 0.150662
-0.164451 0.091221 -1.40574 -0.270583 -0.946822 0.174105
-0.164882 0.091388 -1.40583 -0.493852 -0.861828 0.115598
-0.166874 0.090772 -1.40958 -0.433747 -0.652134 0.621759
-0.167715 0.090205 -1.41073 -0.545158 -0.599429 0.586077
-0.167589 0.091211 -1.40972 -0.578936 -0.591633 0.561073
-0.166596 0.091296 -1.40878 -0.425299 -0.701688 0.571625
-0.167463 0.091742 -1.40891 -0.532473 -0.653328 0.538178
-0.168344 0.090739 -1.41086 -0.602116 -0.587211 0.540962
-0.168212 0.091569 -1.41009 -0.55979 -0.603731 0.567577
-0.168729 0.091735 -1.41037 -0.580235 -0.0541973 0.812644
-0.168685 0.09193 -1.4106 -0.39024 0.863938 0.318312
-0.168212 0.091957 -1.41026 -0.592043 0.804969 0.0388577
-0.168303 0.091968 -1.40998 -0.851552 0.509912 -0.121858
-0.168496 0.091746 -1.41021 -0.788863 0.239322 0.566056
-0.16815 0.092118 -1.4107 -0.843897 0.485237 0.228871
-0.168114 0.092254 -1.41088 -0.918912 0.394461 0.000612556
-0.16809 0.092405 -1.41065 -0.891788 0.441589 0.098561
-0.168408 0.092025 -1.41087 -0.430245 0.893426 0.129149
-0.167969 0.092229 -1.41025 -0.934532 0.330055 0.13309
-0.167915 0.092295 -1.41001 -0.983772 -0.114321 -0.138286
-0.168016 0.092153 -1.41 -0.682313 0.684437 -0.256895
-0.167954 0.092467 -1.41036 -0.992068 0.124828 0.0148088
-0.167982 0.092421 -1.41008 -0.902371 -0.420291 -0.0953034
-0.168181 0.092617 -1.41 -0.914382 -0.19762 -0.353344
-0.16901 0.091517 -1.41078 -0.557101 -0.65394 0.51186
-0.169236 0.091619 -1.41099 -0.981252 -0.0747937 -0.177626
-0.169056 0.09172 -1.41057 -0.692226 0.370895 0.61908
-0.169293 0.091665 -1.41087 -0.981692 0.0983888 0.163099
-0.168322 0.091893 -1.40968 -0.922071 -0.286166 0.260565
-0.16811 0.091948 -1.40942 -0.560943 -0.664144 0.494223
-0.168297 0.092133 -1.40973 -0.714038 0.458336 -0.529224
-0.168374 0.092128 -1.40948 -0.174594 -0.970545 0.166008
-0.168527 0.091976 -1.40946 0.528704 -0.839996 0.121977
-0.168625 0.091921 -1.40972 -0.0910648 -0.888621 -0.449512
-0.168691 0.091951 -1.40946 -0.328975 -0.646505 0.688337
-0.168825 0.092 -1.40951 -0.728926 -0.647111 0.223415
-0.168439 0.092149 -1.40978 0.70126 -0.239404 -0.671506
-0.168577 0.092131 -1.40984 -0.165499 -0.0372686 -0.985506
-0.168926 0.092252 -1.40958 -0.992443 -0.102325 0.0677177
-0.168155 0.092153 -1.40918 -0.395079 -0.803861 0.444657
-0.168416 0.092158 -1.40922 -0.120986 -0.823271 0.554605
-0.16847 0.092371 -1.40901 -0.555742 -0.484475 0.675599
-0.168626 0.092309 -1.4093 -0.806173 -0.142522 0.574258
-0.168078 0.092452 -1.40956 -0.663974 0.0360658 -0.746885
-0.16835 0.092315 -1.40954 0.259876 0.440964 -0.859078
-0.168284 0.092728 -1.40964 -0.54698 -0.0273958 -0.836697
-0.168368 0.092461 -1.40955 0.407365 -0.0351539 -0.912588
-0.168578 0.092464 -1.40971 0.244006 0.292255 -0.924688
-0.168847 0.092463 -1.40965 -0.808516 0.492444 -0.32218
-0.168536 0.092726 -1.40967 -0.031286 0.0364137 -0.998847
-0.168625 0.092568 -1.40938 -0.965251 -0.2474 0.0841659
-0.168668 0.092634 -1.40912 -0.789191 -0.400361 0.465714
-0.168837 0.092803 -1.40962 -0.576268 -0.0981141 -0.81135
-0.168873 0.092691 -1.40945 -0.658255 -0.725882 -0.199489
-0.168929 0.09291 -1.40923 -0.938608 0.0541976 0.340701
-0.167007 0.092417 -1.40769 -0.581818 -0.66173 0.472865
-0.168059 0.09234 -1.40886 -0.474655 -0.636437 0.60799
-0.167326 0.09233 -1.40812 -0.539616 -0.621066 0.568412
-0.168143 0.092988 -1.40831 -0.697278 -0.455227 0.553689
-0.166885 0.092534 -1.40735 -0.632834 -0.671013 0.386345
-0.166134 0.092282 -1.40674 -0.592044 -0.756989 0.276499
-0.166512 0.092504 -1.40675 -0.601286 -0.754054 0.264307
-0.166639 0.09296 -1.40599 -0.78052 -0.526718 0.336683
-0.167273 0.093167 -1.40713 -0.759493 -0.503548 0.411838
-0.167811 0.093181 -1.40785 -0.676679 -0.484571 0.554344
-0.168425 0.092699 -1.40884 -0.624937 -0.202342 0.753997
-0.168216 0.09273 -1.4087 -0.597673 -0.390408 0.700263
-0.168398 0.092985 -1.40878 -0.897285 -0.0722147 0.435505
-0.16756 0.093336 -1.4105 -0.929235 0.309113 -0.202412
-0.167789 0.093342 -1.40922 -0.834492 0.413026 -0.364735
-0.16774 0.093537 -1.40949 -0.921081 0.389255 -0.00946672
-0.167668 0.093874 -1.40935 -0.794027 0.0584039 -0.60507
-0.16728 0.094017 -1.41109 -0.929815 0.32706 -0.16875
-0.167439 0.094071 -1.41044 -0.917352 0.340466 -0.206271
-0.167562 0.093764 -1.41016 -0.924076 0.310314 -0.223136
-0.167787 0.093479 -1.40985 -0.907209 0.404783 -0.114557
-0.167557 0.093932 -1.40963 -0.943685 0.256173 -0.209368
-0.167407 0.094325 -1.41003 -0.921236 0.257723 -0.29138
-0.16754 0.094824 -1.40948 -0.896769 0.323272 -0.302161
-0.167814 0.092659 -1.41042 -0.825584 0.507424 -0.246845
-0.167721 0.09303 -1.41095 -0.891979 0.449589 0.0473644
-0.167667 0.092909 -1.41045 -0.921861 0.323207 -0.213797
-0.167759 0.093367 -1.41009 -0.906229 0.258687 -0.334409
-0.168127 0.092887 -1.40997 -0.724956 0.531766 -0.437795
-0.168165 0.092965 -1.40972 -0.784021 0.498748 -0.369543
-0.167846 0.09311 -1.41002 -0.791119 0.441499 -0.423332
-0.167909 0.093229 -1.40951 -0.756567 0.636169 -0.151311
-0.168312 0.092991 -1.40946 -0.196307 0.801077 -0.565455
-0.168337 0.093076 -1.40921 0.246326 0.968812 -0.0269607
-0.168079 0.093153 -1.40919 -0.509609 0.847153 -0.150439
-0.168546 0.093081 -1.40955 0.266388 0.651422 -0.710413
-0.168815 0.093101 -1.40961 -0.604384 0.463419 -0.648046
-0.168585 0.093252 -1.40931 0.205591 0.978446 -0.0193825
-0.168859 0.093196 -1.40931 -0.45699 0.888141 0.0486452
-0.168221 0.093628 -1.40937 0.850902 -0.346256 0.395061
-0.168147 0.09375 -1.4094 0.986267 0.157759 0.0488815
-0.168264 0.093612 -1.40945 0.472599 -0.728324 -0.49618
-0.168242 0.093721 -1.40954 0.481142 0.1302 -0.86692
-0.16825 0.093811 -1.40943 0.245289 0.964202 -0.100733
-0.168367 0.093733 -1.40958 -0.380038 0.361816 -0.85127
-0.168391 0.093616 -1.40949 -0.316485 -0.598472 -0.735981
-0.168488 0.093649 -1.40942 -0.880404 -0.265788 -0.39274
-0.168437 0.093773 -1.40945 -0.674425 0.544486 -0.498683
-0.168383 0.093801 -1.40945 -0.082786 0.955373 -0.283565
-0.167758 0.093602 -1.40926 -0.685765 -0.112279 -0.71911
-0.168013 0.093581 -1.40778 -0.792702 -0.346017 0.501892
-0.167532 0.093672 -1.40709 -0.785917 -0.350831 0.509168
-0.168073 0.094128 -1.40751 -0.744875 -0.405139 0.530116
-0.167849 0.094192 -1.40723 -0.706393 -0.229685 0.669518
-0.16802 0.094476 -1.40727 -0.497937 -0.149522 0.854226
-0.167731 0.094561 -1.40876 -0.900476 0.372069 -0.225184
-0.167697 0.094465 -1.40932 -0.914543 0.138203 -0.380145
-0.167734 0.094517 -1.40901 -0.876561 0.438229 -0.198989
-0.1676 0.095033 -1.4089 -0.926615 0.279699 -0.251303
-0.167782 0.094702 -1.40854 -0.847115 0.236892 -0.475687
-0.168084 0.093151 -1.40892 -0.593041 0.519038 -0.61555
-0.168398 0.093023 -1.40893 -0.412288 0.906889 0.0870127
-0.168422 0.093268 -1.40876 -0.802854 0.0955215 -0.588474
-0.167947 0.093427 -1.40899 -0.780128 0.0950477 -0.618358
-0.168104 0.093486 -1.40886 -0.362021 -0.368158 -0.856388
-0.168598 0.092954 -1.40896 -0.623463 0.298405 0.722668
-0.168613 0.093182 -1.40917 -0.146523 0.768002 0.623462
-0.168219 0.09342 -1.40819 -0.798008 -0.198933 0.568866
-0.168484 0.09336 -1.40847 -0.934952 -0.0771423 0.346286
-0.168259 0.093677 -1.40827 -0.868655 0.257327 0.423345
-0.168427 0.093702 -1.40858 -0.984002 0.165545 0.0658422
-0.16803 0.093691 -1.40905 -0.481097 -0.266112 -0.835302
-0.167924 0.093934 -1.40914 -0.670385 0.205043 -0.713121
-0.168307 0.093674 -1.40926 0.830129 -0.129509 0.542322
-0.168266 0.093778 -1.40935 0.424886 0.690933 0.584879
-0.16805 0.094009 -1.40891 -0.459272 0.651254 -0.6041
-0.168189 0.09372 -1.40904 0.0517094 -0.481191 -0.87509
-0.168041 0.093832 -1.40907 -0.18679 0.0800087 -0.979136
-0.168174 0.093849 -1.40907 0.294334 -0.0507443 -0.954354
-0.168337 0.093731 -1.40911 0.495212 -0.850387 -0.177781
-0.168319 0.093842 -1.40915 0.719638 0.228189 -0.655783
-0.16804 0.093945 -1.40902 -0.197664 0.70263 -0.68355
-0.168172 0.093936 -1.40904 0.322862 0.578812 -0.748823
-0.16829 0.094004 -1.40908 0.312526 0.672319 -0.671055
-0.168189 0.094016 -1.40892 0.155352 0.837987 -0.52311
-0.168284 0.093546 -1.40935 0.432214 -0.871316 0.232378
-0.168414 0.093558 -1.40938 -0.317676 -0.912772 -0.256767
-0.168432 0.0936 -1.40925 -0.272511 -0.878136 0.39321
-0.168536 0.093691 -1.40929 -0.941802 -0.283866 -0.180079
-0.168447 0.093661 -1.40913 -0.216286 -0.780838 0.586099
-0.168516 0.093727 -1.40916 -0.805149 -0.449216 0.387221
-0.168382 0.093535 -1.40881 -0.825357 -0.350955 -0.442285
-0.168427 0.093667 -1.40885 -0.86999 -0.466637 -0.159269
-0.168345 0.093625 -1.40895 -0.412361 -0.708315 -0.57293
-0.168432 0.093771 -1.40903 -0.865619 -0.466625 0.18156
-0.168465 0.093807 -1.40891 -0.913623 -0.250215 -0.320447
-0.168394 0.093826 -1.40932 0.322945 0.894372 -0.309525
-0.168463 0.093812 -1.40932 -0.548582 0.555384 -0.624986
-0.168412 0.093965 -1.40922 -0.0690091 0.862641 -0.501088
-0.168573 0.093874 -1.40922 -0.96534 0.260919 0.00635862
-0.168481 0.093889 -1.40907 -0.930984 0.270228 0.245451
-0.16847 0.093939 -1.40894 -0.940442 0.27959 -0.193389
-0.168346 0.094005 -1.40909 0.357249 0.689475 -0.630078
-0.168318 0.094059 -1.40896 0.0116075 0.938957 -0.343839
-0.168164 0.093933 -1.40834 -0.912252 0.40809 0.0354738
-0.168382 0.093848 -1.40862 -0.802063 0.335432 0.494146
-0.168285 0.093996 -1.40866 -0.483268 0.695076 0.53228
-0.168328 0.094084 -1.40883 -0.202412 0.979286 0.00537126
-0.167969 0.094328 -1.40849 -0.843766 0.443758 -0.301891
-0.168421 0.093704 -1.40872 -0.900648 -0.302692 0.311786
-0.168501 0.093776 -1.40876 -0.824426 -0.529465 0.199972
-0.168549 0.093842 -1.40878 -0.981761 -0.180378 0.060084
-0.168502 0.093856 -1.40871 -0.70396 0.057705 0.707892
-0.168513 0.093988 -1.40882 -0.823242 0.566893 0.0301039
-0.168202 0.093766 -1.40806 -0.97801 -0.0914233 0.187451
-0.168241 0.094005 -1.40809 -0.988886 0.0333682 -0.144881
-0.168232 0.094078 -1.40783 -0.974795 -0.16439 0.150834
-0.168163 0.094256 -1.40816 -0.923192 0.164449 -0.347379
-0.168269 0.094408 -1.40766 -0.992045 -0.0458526 -0.117235
-0.168343 0.094509 -1.40739 -0.877448 -0.124207 0.463311
-0.167817 0.09418 -1.4092 -0.776988 0.228558 -0.586558
-0.167952 0.094266 -1.40897 -0.824891 0.412845 -0.386153
-0.168067 0.094151 -1.40878 -0.590063 0.785349 -0.187223
-0.168251 0.094348 -1.4079 -0.974777 0.14832 -0.166766
-0.167993 0.09477 -1.40829 -0.818222 0.203131 -0.53782
-0.168061 0.094886 -1.40809 -0.949846 0.216486 -0.225668
-0.168037 0.094893 -1.40777 -0.947628 0.285963 -0.14222
-0.168283 0.094762 -1.40749 -0.787338 0.614386 -0.0512706
-0.168057 0.094978 -1.40753 -0.865442 0.480657 0.141347
-0.168035 0.095176 -1.40786 -0.975898 0.21383 -0.0435798
-0.162771 0.09684 -1.41644 -0.642059 0.696899 -0.319517
-0.163867 0.096777 -1.4145 -0.644125 0.694486 -0.320612
-0.164699 0.096651 -1.41301 -0.664305 0.681374 -0.307292
-0.163175 0.097899 -1.41331 -0.641115 0.685472 -0.345109
-0.166807 0.093454 -1.41512 -0.714345 0.638669 -0.28603
-0.165462 0.094981 -1.41496 -0.677909 0.657887 -0.32806
-0.166444 0.094307 -1.41423 -0.70636 0.640483 -0.301391
-0.166667 0.094628 -1.41287 -0.771332 0.602085 -0.206252
-0.16696 0.094472 -1.41176 -0.860743 0.480804 -0.167178
-0.166667 0.094897 -1.41192 -0.832483 0.504187 -0.229712
-0.166521 0.09513 -1.41192 -0.778427 0.580333 -0.239301
-0.165515 0.095556 -1.41373 -0.687738 0.659355 -0.303755
-0.166168 0.095311 -1.41266 -0.730098 0.634063 -0.254797
-0.166301 0.095528 -1.41164 -0.75623 0.60852 -0.240457
-0.164531 0.096153 -1.41445 -0.658838 0.67812 -0.325709
-0.164576 0.09746 -1.41163 -0.673738 0.646917 -0.357176
-0.163454 0.098466 -1.41195 -0.660331 0.651485 -0.373538
-0.164857 0.098141 -1.40998 -0.686084 0.623217 -0.375352
-0.165349 0.09801 -1.40922 -0.701566 0.615494 -0.359128
-0.164936 0.098842 -1.40859 -0.689653 0.637681 -0.343136
-0.167118 0.094641 -1.41052 -0.873713 0.394257 -0.284933
-0.166735 0.095495 -1.41051 -0.819664 0.497997 -0.283107
-0.166654 0.095093 -1.41165 -0.781721 0.556307 -0.281843
-0.166637 0.095301 -1.41119 -0.738249 0.613163 -0.281105
-0.167259 0.095077 -1.40983 -0.836174 0.407326 -0.367286
-0.165727 0.096257 -1.41154 -0.722078 0.617856 -0.311219
-0.166238 0.096222 -1.41053 -0.769814 0.560704 -0.304954
-0.165842 0.096707 -1.41059 -0.724097 0.600397 -0.339423
-0.16632 0.096308 -1.41012 -0.767885 0.548284 -0.331266
-0.16742 0.09555 -1.40881 -0.824534 0.432766 -0.364495
-0.167585 0.09542 -1.40862 -0.792584 0.344649 -0.503018
-0.167052 0.095773 -1.40929 -0.798512 0.468397 -0.378131
-0.166886 0.095824 -1.4097 -0.791278 0.517004 -0.326474
-0.16721 0.095747 -1.40903 -0.803718 0.432354 -0.408788
-0.167846 0.095537 -1.40819 -0.868191 0.272359 -0.414807
-0.167615 0.096145 -1.40798 -0.811639 0.511822 -0.281567
-0.167148 0.096104 -1.40869 -0.77589 0.463784 -0.427666
-0.167829 0.095775 -1.40805 -0.882942 0.400822 -0.244449
-0.167743 0.095971 -1.40779 -0.897343 0.428266 0.106601
-0.166394 0.096681 -1.40943 -0.736474 0.570783 -0.363061
-0.166841 0.096362 -1.40903 -0.782319 0.480861 -0.395917
-0.167038 0.096623 -1.40832 -0.730109 0.561688 -0.389163
-0.167864 0.09562 -1.40772 -0.917227 0.367218 0.154421
-0.165039 0.097557 -1.41056 -0.687388 0.630994 -0.359645
-0.165994 0.098027 -1.40787 -0.706391 0.621047 -0.339576
-0.169831 0.089604 -1.41426 -0.800447 0.484112 -0.353441
-0.169581 0.08961 -1.41476 -0.688071 0.517091 -0.509093
-0.169682 0.089946 -1.41403 -0.800133 0.563886 -0.204498
-0.16968 0.090039 -1.41378 -0.896892 0.359453 -0.25764
-0.169693 0.090106 -1.41352 -0.973968 -0.124419 0.189492
-0.169661 0.090439 -1.4133 -0.981821 0.189199 -0.0152069
-0.160299 0.094872 -1.42429 -0.616729 0.70985 -0.340232
-0.159355 0.096317 -1.42357 -0.667997 0.660413 -0.342979
-0.160406 0.095571 -1.42277 -0.631672 0.676216 -0.379107
-0.159918 0.096308 -1.42238 -0.649629 0.669327 -0.360533
-0.160914 0.094883 -1.42335 -0.55446 0.754959 -0.350159
-0.160365 0.096177 -1.42192 -0.605378 0.685685 -0.40417
-0.160028 0.097017 -1.42087 -0.637395 0.66592 -0.387658
-0.158892 0.096558 -1.42392 -0.580427 0.729636 -0.361574
-0.160986 0.096294 -1.42065 -0.60339 0.678742 -0.418605
-0.16093 0.096844 -1.41998 -0.592668 0.667898 -0.450176
-0.161248 0.09698 -1.41929 -0.617415 0.687591 -0.382122
-0.160284 0.09731 -1.42004 -0.597383 0.692605 -0.404268
-0.160975 0.097654 -1.41833 -0.612177 0.718948 -0.32917
-0.161539 0.097472 -1.41755 -0.627452 0.719222 -0.29837
-0.159735 0.098255 -1.41919 -0.660757 0.665753 -0.34666
-0.160077 0.098476 -1.41819 -0.636245 0.699641 -0.325106
-0.159782 0.099153 -1.41731 -0.681124 0.657201 -0.322735
-0.160453 0.098739 -1.41664 -0.656487 0.679511 -0.327551
-0.161186 0.09844 -1.41596 -0.631391 0.699313 -0.335121
-0.161812 0.098398 -1.41488 -0.62525 0.708221 -0.32785
-0.162815 0.097741 -1.41449 -0.644547 0.698313 -0.311317
-0.162379 0.098513 -1.4135 -0.635149 0.677389 -0.371119
-0.162343 0.0994 -1.41215 -0.629359 0.672148 -0.390032
-0.160272 0.099258 -1.41611 -0.677437 0.653057 -0.338518
-0.161445 0.099489 -1.41339 -0.627803 0.683404 -0.372588
-0.160661 0.100141 -1.41345 -0.65899 0.655723 -0.368457
-0.160329 0.099928 -1.41452 -0.664648 0.668754 -0.333183
-0.162286 0.09994 -1.41125 -0.634354 0.676039 -0.374922
-0.163633 0.098907 -1.4108 -0.653809 0.656611 -0.376026
-0.163107 0.100375 -1.40911 -0.642307 0.669988 -0.372233
-0.163951 0.099669 -1.40895 -0.6644 0.652629 -0.36421
-0.160236 0.101152 -1.41253 -0.689962 0.604567 -0.398059
-0.161214 0.100757 -1.41158 -0.640165 0.656923 -0.398298
-0.162174 0.100608 -1.41023 -0.654118 0.642748 -0.398753
-0.161771 0.101558 -1.40945 -0.693136 0.604754 -0.392219
-0.16081 0.101765 -1.41075 -0.686594 0.592054 -0.421972
-0.162821 0.092343 -1.40495 0.698109 -0.604897 0.383071
-0.163341 0.09134 -1.40553 0.569149 -0.736759 0.365042
-0.163759 0.091292 -1.40522 0.268593 -0.918947 0.28878
-0.163541 0.091558 -1.40489 0.585324 -0.712536 0.386897
-0.163895 0.091774 -1.40398 0.581725 -0.697377 0.418643
-0.163384 0.092448 -1.40384 0.692933 -0.612664 0.380114
-0.162269 0.092717 -1.40546 0.707806 -0.60615 0.362758
-0.162166 0.093697 -1.40398 0.687298 -0.638129 0.347005
-0.165209 0.091673 -1.40532 -0.624536 -0.770074 0.13016
-0.165623 0.092029 -1.40571 -0.670336 -0.729644 0.135164
-0.165898 0.092342 -1.40513 -0.724687 -0.667011 0.172986
-0.165299 0.092011 -1.40395 -0.669892 -0.689179 0.276182
-0.165577 0.092164 -1.40463 -0.69763 -0.701058 0.147749
-0.16575 0.092511 -1.40406 -0.799612 -0.527155 0.287626
-0.166234 0.092883 -1.40499 -0.834078 -0.483974 0.264732
-0.166257 0.092478 -1.40619 -0.619586 -0.756883 0.207945
-0.162681 0.093281 -1.40363 0.690269 -0.627531 0.360187
-0.164021 0.09202 -1.40336 0.478606 -0.762058 0.436124
-0.16436 0.092179 -1.40292 -0.0581045 -0.78865 0.612091
-0.164108 0.092282 -1.40284 0.355971 -0.754903 0.550823
-0.163828 0.092479 -1.40288 0.657892 -0.624534 0.420875
-0.164622 0.092085 -1.40313 -0.254007 -0.79169 0.555615
-0.164848 0.092631 -1.40269 -0.40806 -0.636441 0.654546
-0.16445 0.092989 -1.40212 -0.377212 -0.586586 0.716679
-0.163883 0.092785 -1.40241 0.566116 -0.645118 0.513162
-0.164179 0.092854 -1.40217 0.061048 -0.709233 0.702326
-0.163924 0.093249 -1.40184 0.280243 -0.707799 0.648448
-0.163503 0.09328 -1.40226 0.588766 -0.669641 0.452698
-0.165044 0.092141 -1.40333 -0.54089 -0.66254 0.518149
-0.165522 0.092598 -1.40348 -0.745967 -0.490924 0.450029
-0.16513 0.092975 -1.40261 -0.636346 -0.432204 0.638955
-0.165369 0.093049 -1.40286 -0.786915 -0.300753 0.538807
-0.164647 0.093505 -1.40194 -0.602314 -0.399256 0.69124
-0.165874 0.093124 -1.4037 -0.839975 -0.266682 0.472571
-0.166311 0.093652 -1.40414 -0.871953 -0.250058 0.420914
-0.16641 0.094229 -1.40418 -0.866443 0.00996493 0.499176
-0.165415 0.093966 -1.40265 -0.807819 -0.0788955 0.584126
-0.165508 0.094645 -1.4029 -0.831357 0.148619 0.535498
-0.165977 0.094171 -1.40359 -0.830589 0.0273333 0.556215
-0.165776 0.095503 -1.40368 -0.819525 0.228721 0.525419
-0.166452 0.095643 -1.40476 -0.829937 0.223179 0.511268
-0.165035 0.095901 -1.4027 -0.860489 0.265842 0.434611
-0.165656 0.096336 -1.40395 -0.815288 0.210963 0.539259
-0.166421 0.092735 -1.40591 -0.715269 -0.661677 0.224887
-0.1671 0.093392 -1.40643 -0.820616 -0.409656 0.398461
-0.166799 0.094116 -1.40514 -0.908701 -0.240536 0.341182
-0.167159 0.094629 -1.40603 -0.947271 0.0368986 0.318301
-0.167501 0.094184 -1.40677 -0.837667 -0.096732 0.537547
-0.167765 0.094545 -1.40711 -0.674388 0.0742465 0.734635
-0.167019 0.093974 -1.40583 -0.902521 -0.194947 0.383995
-0.166905 0.094412 -1.4053 -0.939748 -0.0203961 0.341258
-0.167029 0.094607 -1.40554 -0.920805 0.0332383 0.388604
-0.166871 0.094646 -1.4053 -0.925492 0.0915942 0.367526
-0.166806 0.094524 -1.40503 -0.918158 0.0267089 0.395314
-0.166843 0.094757 -1.40519 -0.972348 0.0212631 0.232566
-0.166862 0.095 -1.40523 -0.937874 0.140621 0.317203
-0.168003 0.094773 -1.40726 -0.601072 0.404743 0.689127
-0.167741 0.095202 -1.40722 -0.721576 0.205754 0.661054
-0.16801 0.095212 -1.40756 -0.921499 0.277449 0.271777
-0.167604 0.094898 -1.40703 -0.760609 0.103751 0.640867
-0.167396 0.094581 -1.40663 -0.878909 0.0722296 0.47149
-0.16745 0.094926 -1.40684 -0.821437 0.147556 0.55088
-0.167752 0.095633 -1.40742 -0.858903 0.287715 0.423681
-0.16734 0.095375 -1.40671 -0.882745 0.109654 0.456878
-0.166935 0.094961 -1.40548 -0.927696 0.156901 0.338767
-0.166983 0.095865 -1.40604 -0.904888 0.217176 0.366077
-0.166843 0.095685 -1.40564 -0.9169 0.165504 0.363184
-0.16669 0.095898 -1.40529 -0.892265 0.177176 0.415298
-0.168249 0.094764 -1.4074 -0.55487 0.482972 0.677391
-0.166582 0.094179 -1.40456 -0.91318 -0.10714 0.393221
-0.166428 0.094953 -1.40441 -0.842581 0.174447 0.509535
-0.166709 0.095235 -1.40509 -0.887771 0.210152 0.409509
-0.16421 0.093413 -1.4017 -0.234683 -0.628313 0.741719
-0.163547 0.093644 -1.40161 0.415869 -0.728792 0.54398
-0.163726 0.094007 -1.40106 0.0810726 -0.722496 0.686606
-0.162776 0.094315 -1.4016 0.608947 -0.677868 0.411921
-0.163973 0.093662 -1.40142 0.0405898 -0.720597 0.692165
-0.164045 0.094042 -1.40107 -0.358018 -0.555581 0.750435
-0.164425 0.094109 -1.40137 -0.717357 -0.251276 0.649815
-0.164491 0.094549 -1.40131 -0.791558 -0.0513319 0.608935
-0.163459 0.094247 -1.40087 0.347401 -0.68003 0.645656
-0.163242 0.09446 -1.4008 0.377541 -0.623565 0.684565
-0.16375 0.094272 -1.40082 -0.136115 -0.557286 0.819088
-0.163491 0.094651 -1.40058 0.00891756 -0.424591 0.905341
-0.163751 0.094634 -1.40062 -0.365502 -0.274552 0.889398
-0.163999 0.09448 -1.40083 -0.573449 -0.284851 0.768125
-0.164833 0.094386 -1.40187 -0.844652 -0.00156053 0.535314
-0.162963 0.094852 -1.4006 0.283027 -0.573367 0.76886
-0.163215 0.095044 -1.40045 -0.035602 -0.474912 0.879313
-0.162944 0.095153 -1.40037 0.162083 -0.60546 0.779197
-0.163699 0.09527 -1.40052 -0.484184 -0.149378 0.862121
-0.163509 0.095243 -1.40043 -0.381551 -0.306846 0.871932
-0.164003 0.094876 -1.40075 -0.672564 -0.0643347 0.737237
-0.16392 0.095776 -1.40064 -0.746708 0.00774842 0.665107
-0.164265 0.095787 -1.40115 -0.809932 0.115401 0.575059
-0.163809 0.096647 -1.40066 -0.836219 0.133572 0.531879
-0.164385 0.09649 -1.40163 -0.852914 0.250471 0.458042
-0.164154 0.097094 -1.40146 -0.894295 0.0789325 0.440462
-0.165179 0.094906 -1.40252 -0.847178 0.142445 0.511859
-0.165047 0.09524 -1.40232 -0.894727 0.112127 0.432309
-0.164841 0.095888 -1.40214 -0.898318 0.22278 0.378674
-0.164872 0.095265 -1.40199 -0.883868 0.0736975 0.461894
-0.164682 0.095747 -1.40168 -0.851422 0.162717 0.498602
-0.16512 0.095519 -1.40262 -0.883201 0.210722 0.41899
-0.165059 0.096527 -1.40312 -0.871846 0.155833 0.464328
-0.163093 0.095533 -1.40012 -0.206131 -0.51428 0.832482
-0.163378 0.095695 -1.40018 -0.507305 -0.306249 0.805514
-0.163617 0.095927 -1.40031 -0.678995 -0.0868149 0.728991
-0.163053 0.096869 -1.39985 -0.548198 -0.0603569 0.834168
-0.166086 0.096943 -1.40474 -0.808791 0.253616 0.5306
-0.165367 0.097281 -1.40368 -0.87512 0.0874301 0.475941
-0.165732 0.096813 -1.4042 -0.842601 0.184042 0.506115
-0.165333 0.097986 -1.40372 -0.918186 0.181805 0.351967
-0.165779 0.097396 -1.40454 -0.835891 0.338942 0.431747
-0.165552 0.097561 -1.40415 -0.902675 0.205698 0.377977
-0.165516 0.098372 -1.40486 -0.892618 0.365765 0.263533
-0.165456 0.098863 -1.40743 -0.707968 0.653501 -0.267803
-0.164647 0.099746 -1.40735 -0.71176 0.642597 -0.283667
-0.165416 0.099216 -1.4064 -0.776423 0.626978 -0.0637639
-0.165383 0.098825 -1.40532 -0.851443 0.491607 0.182667
-0.164912 0.099333 -1.40371 -0.92842 0.351711 0.119729
-0.165008 0.099517 -1.40555 -0.822761 0.558199 0.107139
-0.167651 0.096036 -1.40741 -0.894162 0.344312 0.286223
-0.167287 0.09598 -1.40686 -0.844484 0.24534 0.476084
-0.167594 0.096298 -1.40759 -0.889784 0.452622 0.058462
-0.167429 0.096467 -1.40734 -0.841802 0.433566 0.321543
-0.167014 0.09675 -1.40683 -0.847861 0.375976 0.373863
-0.166774 0.096306 -1.40585 -0.92348 0.21784 0.315802
-0.166885 0.096428 -1.40621 -0.903222 0.242683 0.35397
-0.166756 0.096066 -1.40557 -0.927689 0.204273 0.312515
-0.166888 0.0967 -1.40637 -0.864797 0.390041 0.31622
-0.166656 0.096686 -1.40573 -0.894533 0.246762 0.37272
-0.166729 0.096807 -1.40595 -0.921623 0.265608 0.282955
-0.166783 0.096738 -1.40616 -0.917506 0.323209 0.231774
-0.16662 0.096965 -1.40582 -0.873031 0.332793 0.356462
-0.166274 0.098053 -1.407 -0.811097 0.579786 0.0772632
-0.167359 0.096621 -1.40765 -0.776574 0.606303 -0.17126
-0.167244 0.096827 -1.40742 -0.826005 0.544404 0.14608
-0.166556 0.0976 -1.40739 -0.77314 0.629216 -0.0796381
-0.16676 0.0972 -1.40691 -0.801239 0.535819 0.266295
-0.167084 0.096952 -1.40719 -0.773088 0.555574 0.30606
-0.16661 0.097125 -1.40604 -0.873703 0.46321 0.148594
-0.166474 0.097393 -1.40645 -0.847075 0.49222 0.200458
-0.166393 0.09667 -1.40512 -0.845063 0.28449 0.452696
-0.166623 0.096328 -1.40534 -0.891209 0.235709 0.38754
-0.16639 0.097307 -1.40559 -0.84476 0.39376 0.362399
-0.166036 0.097796 -1.4055 -0.833804 0.486953 0.260092
-0.166116 0.09816 -1.40741 -0.738955 0.630498 -0.237522
-0.166006 0.098084 -1.40595 -0.848739 0.485669 0.209205
-0.165663 0.098739 -1.40708 -0.773974 0.626138 -0.094419
-0.165909 0.09843 -1.40663 -0.807187 0.587466 0.0577406
-0.165952 0.098309 -1.40636 -0.840765 0.513114 0.172709
-0.165656 0.098825 -1.40637 -0.846181 0.522697 0.103757
-0.164163 0.098335 -1.40143 -0.907409 -0.00107326 0.420247
-0.164416 0.09747 -1.40209 -0.8901 -0.000502442 0.455765
-0.164737 0.098192 -1.40257 -0.891712 0.0581292 0.448855
-0.163531 0.097278 -1.40032 -0.788456 -0.0268308 0.614506
-0.163802 0.098047 -1.40064 -0.887325 -0.0331742 0.459949
-0.16306 0.097813 -1.39973 -0.665514 -0.160115 0.729009
-0.163261 0.09845 -1.39977 -0.772962 -0.167624 0.611908
-0.163585 0.098289 -1.40023 -0.842575 -0.0514102 0.53612
-0.164104 0.099789 -1.40129 -0.931678 -0.0231551 0.362545
-0.163522 0.098819 -1.40012 -0.881885 -0.0488629 0.468926
-0.163074 0.099178 -1.39926 -0.793477 -0.0912936 0.601713
-0.162988 0.099488 -1.39916 -0.642581 0.0416523 0.765085
-0.164959 0.098968 -1.40347 -0.935777 0.197962 0.291775
-0.164642 0.099808 -1.40268 -0.971329 0.111972 0.20972
-0.164555 0.099092 -1.40237 -0.932073 0.0424968 0.359769
-0.164636 0.099972 -1.40431 -0.875818 0.48239 -0.0155512
-0.164661 0.100076 -1.40314 -0.962056 0.272852 0.000353696
-0.164551 0.100291 -1.40342 -0.789829 0.568241 -0.230806
-0.164518 0.100586 -1.40298 -0.811272 0.542899 -0.217021
-0.164577 0.100384 -1.4025 -0.974781 0.170526 0.143955
-0.164433 0.100613 -1.40208 -0.940614 0.174613 0.291129
-0.16446 0.100772 -1.40265 -0.867621 0.477761 -0.137762
-0.164203 0.101544 -1.40234 -0.954524 0.297913 -0.0114286
-0.16416 0.10003 -1.40151 -0.932712 0.069055 0.353949
-0.163926 0.100072 -1.40072 -0.93873 0.0209906 0.344014
-0.163242 0.099854 -1.39944 -0.801267 0.0998179 0.589922
-0.163174 0.100507 -1.39968 -0.766302 0.232395 0.598977
-0.163653 0.099763 -1.40015 -0.883368 -0.00237538 0.468675
-0.163783 0.100529 -1.40047 -0.882873 0.149278 0.445254
-0.164093 0.100923 -1.40152 -0.914765 0.152625 0.374046
-0.163816 0.101812 -1.40123 -0.919531 0.214411 0.329378
-0.163307 0.10124 -1.40004 -0.712812 0.219185 0.666225
-0.163651 0.101169 -1.40055 -0.875173 0.107112 0.471805
-0.164141 0.101667 -1.40209 -0.945373 0.243364 0.216897
-0.162998 0.099999 -1.39919 -0.651139 0.215898 0.727603
-0.162748 0.100488 -1.39918 -0.534487 0.334303 0.776251
-0.162797 0.101554 -1.39973 -0.617572 0.238 0.74964
-0.162871 0.100998 -1.39957 -0.624653 0.321509 0.711646
-0.162667 0.101206 -1.40835 -0.689556 0.671313 -0.271755
-0.163058 0.100951 -1.40809 -0.598794 0.752781 -0.273434
-0.162812 0.101404 -1.40715 -0.768458 0.56802 -0.294663
-0.162726 0.101647 -1.40701 -0.82196 0.50138 -0.270186
-0.162838 0.101617 -1.40666 -0.789409 0.558079 -0.255696
-0.164145 0.100525 -1.40695 -0.646053 0.744162 -0.169818
-0.163739 0.100707 -1.40744 -0.616291 0.730596 -0.293963
-0.162952 0.101195 -1.40735 -0.590725 0.783545 -0.192618
-0.163549 0.10104 -1.40635 -0.653427 0.736453 -0.175129
-0.163176 0.101499 -1.40593 -0.73926 0.640733 -0.207257
-0.163924 0.100873 -1.40532 -0.731829 0.668198 -0.133932
-0.163344 0.101743 -1.40463 -0.784445 0.585954 -0.203234
-0.163133 0.101913 -1.40491 -0.77553 0.589617 -0.225621
-0.164528 0.100171 -1.40658 -0.735054 0.675145 -0.0622467
-0.164484 0.10022 -1.40534 -0.794331 0.607125 -0.0208876
-0.163983 0.100997 -1.40442 -0.813477 0.567716 -0.126308
-0.161782 0.102216 -1.40842 -0.759121 0.558977 -0.333588
-0.16241 0.101784 -1.4076 -0.795188 0.506128 -0.333933
-0.162123 0.10219 -1.40754 -0.771483 0.551071 -0.318017
-0.162532 0.102032 -1.4068 -0.797596 0.523155 -0.30025
-0.162079 0.102598 -1.40706 -0.779839 0.520347 -0.347979
-0.160713 0.102964 -1.40937 -0.702026 0.601527 -0.381214
-0.161475 0.103004 -1.40767 -0.731399 0.58123 -0.35669
-0.161884 0.102909 -1.40701 -0.756005 0.576464 -0.310075
-0.162475 0.102382 -1.40641 -0.800282 0.549654 -0.239644
-0.162724 0.102139 -1.40592 -0.803594 0.561474 -0.197441
-0.162268 0.102756 -1.40604 -0.804737 0.562703 -0.189109
-0.162482 0.102762 -1.40499 -0.810261 0.541411 -0.224389
-0.162708 0.102581 -1.40473 -0.777889 0.5605 -0.284127
-0.161637 0.103192 -1.40705 -0.752116 0.596391 -0.280427
-0.162132 0.103236 -1.40529 -0.830808 0.500836 -0.242737
-0.161547 0.104195 -1.4052 -0.770109 0.554889 -0.314691
-0.163283 0.102134 -1.40389 -0.803478 0.50748 -0.311266
-0.1634 0.102495 -1.40325 -0.76622 0.499109 -0.404718
-0.164004 0.10221 -1.40239 -0.93158 0.353189 -0.0861138
-0.164083 0.101451 -1.40311 -0.85612 0.417733 -0.304232
-0.164072 0.101109 -1.40372 -0.837991 0.498695 -0.221529
-0.163946 0.102328 -1.40191 -0.903051 0.385741 0.188949
-0.163044 0.102036 -1.40013 -0.698665 0.263107 0.665313
-0.162885 0.102829 -1.40012 -0.73254 0.184405 0.655271
-0.163247 0.102636 -1.40053 -0.844201 0.228889 0.4847
-0.16363 0.101589 -1.40053 -0.864681 0.203012 0.45947
-0.163736 0.101897 -1.40092 -0.920263 0.298402 0.253123
-0.163487 0.10159 -1.40032 -0.767785 0.214224 0.603833
-0.163525 0.102257 -1.40077 -0.850408 0.337321 0.403758
-0.163576 0.102926 -1.40179 -0.883971 0.442914 0.149739
-0.163735 0.102721 -1.40239 -0.829704 0.509517 -0.228001
-0.163684 0.102838 -1.40208 -0.834755 0.549498 0.0351431
-0.163423 0.103294 -1.4019 -0.905432 0.423923 -0.0219437
-0.163493 0.102446 -1.40111 -0.902471 0.350481 0.250419
-0.163565 0.102549 -1.40132 -0.875789 0.304527 0.374509
-0.163452 0.103021 -1.40139 -0.930289 0.283089 0.233288
-0.163353 0.102814 -1.40097 -0.920817 0.246968 0.301831
-0.163298 0.103388 -1.40109 -0.950307 0.230165 0.209619
-0.16311 0.103534 -1.40076 -0.852055 0.166977 0.496106
-0.163054 0.102339 -1.40427 -0.804979 0.530563 -0.265542
-0.162486 0.103054 -1.40445 -0.805625 0.48948 -0.333733
-0.16276 0.102866 -1.40418 -0.80127 0.490025 -0.343282
-0.163097 0.103068 -1.40314 -0.811779 0.466345 -0.351478
-0.162734 0.10378 -1.40315 -0.814607 0.462313 -0.35026
-0.162107 0.103814 -1.40442 -0.805126 0.479968 -0.348429
-0.162235 0.104267 -1.4036 -0.770216 0.52464 -0.362658
-0.163404 0.103193 -1.40226 -0.815839 0.538051 -0.211914
-0.163198 0.103746 -1.40162 -0.932113 0.348648 -0.0980244
-0.162481 0.10446 -1.40272 -0.807691 0.495075 -0.320214
-0.162699 0.104412 -1.40216 -0.808472 0.528913 -0.258117
-0.163071 0.10377 -1.40216 -0.841434 0.461735 -0.280694
-0.163062 0.104062 -1.40181 -0.88483 0.442834 -0.144823
-0.162909 0.104211 -1.40048 -0.878887 0.156509 0.450624
-0.163137 0.104017 -1.40094 -0.941215 0.220639 0.255798
-0.163142 0.104071 -1.4013 -0.927839 0.365263 -0.0754798
-0.163038 0.104357 -1.40102 -0.921943 0.387145 0.0118317
-0.16283 0.104731 -1.40108 -0.83497 0.548741 -0.0413491
-0.16277 0.104482 -1.40173 -0.860527 0.445866 -0.246367
-0.162364 0.104905 -1.40238 -0.813959 0.533942 -0.228859
-0.162749 0.10462 -1.40166 -0.962525 0.194268 -0.189221
-0.162782 0.104717 -1.40146 -0.88921 0.41744 -0.187215
-0.1625 0.104764 -1.40203 -0.81358 0.532475 -0.233574
-0.162566 0.104802 -1.40182 -0.688396 0.493949 -0.531155
-0.162726 0.104745 -1.40169 -0.87039 0.332072 -0.363524
-0.162638 0.104862 -1.4017 -0.699519 0.558101 -0.446315
-0.162665 0.104913 -1.40159 -0.672052 0.692929 -0.261144
-0.162843 0.104638 -1.40063 -0.901416 0.368942 0.226565
-0.16244 0.104949 -1.40178 -0.673966 0.651877 -0.347601
-0.162489 0.105024 -1.40154 -0.630581 0.736884 -0.24366
-0.162156 0.105387 -1.40171 -0.770096 0.601086 -0.213652
-0.162532 0.105049 -1.4012 -0.754468 0.646875 -0.111043
-0.162366 0.105269 -1.40127 -0.784454 0.601461 -0.151248
-0.162911 0.104303 -1.40186 -0.80373 0.554543 -0.215639
-0.161157 0.103619 -1.40735 -0.709862 0.608658 -0.354446
-0.160979 0.103943 -1.40707 -0.72051 0.618336 -0.31389
-0.161726 0.103691 -1.4057 -0.789625 0.558663 -0.25375
-0.161395 0.104716 -1.40466 -0.757852 0.537366 -0.369998
-0.161242 0.105062 -1.40453 -0.766277 0.508549 -0.392679
-0.161604 0.104907 -1.40395 -0.773456 0.532093 -0.344446
-0.161614 0.10516 -1.40351 -0.738165 0.570399 -0.360217
-0.161789 0.105244 -1.40304 -0.74837 0.564074 -0.348944
-0.161913 0.105808 -1.40127 -0.727913 0.679085 -0.0947963
-0.162545 0.102388 -1.39974 -0.643426 0.152179 0.750229
-0.162572 0.103461 -1.39998 -0.779188 0.0803375 0.62162
-0.162535 0.104012 -1.39996 -0.816671 -0.0369109 0.575922
-0.162711 0.104629 -1.40029 -0.892909 0.206731 0.399969
-0.162409 0.10464 -1.39966 -0.715485 0.1807 0.674855
-0.162567 0.104651 -1.3999 -0.885484 0.199695 0.419571
-0.162651 0.105016 -1.40056 -0.851513 0.512389 0.111274
-0.162406 0.105224 -1.40012 -0.792186 0.504761 0.343014
-0.162183 0.105302 -1.39983 -0.651234 0.52104 0.551735
-0.162149 0.105655 -1.40053 -0.729198 0.68306 0.0412367
-0.140882 0.106754 -1.42303 0.709603 -0.535975 0.457378
-0.140039 0.107798 -1.42283 0.683411 -0.547198 0.483243
-0.140286 0.107213 -1.42321 0.656893 -0.598291 0.458847
-0.138611 0.108632 -1.42395 0.673877 -0.562349 0.479221
-0.139287 0.107448 -1.42435 0.642462 -0.578501 0.502572
-0.139567 0.108077 -1.42326 0.687674 -0.562669 0.458812
-0.14018 0.108086 -1.42235 0.669478 -0.568588 0.478023
-0.139137 0.108798 -1.42288 0.688648 -0.569011 0.449434
-0.139176 0.109141 -1.42242 0.698736 -0.510043 0.501622
-0.138684 0.109404 -1.42294 0.668086 -0.529933 0.522333
-0.139496 0.109277 -1.42188 0.700598 -0.547059 0.458135
-0.140904 0.10897 -1.41987 0.668671 -0.640727 0.37729
-0.139434 0.109715 -1.42134 0.70473 -0.582173 0.405501
-0.14068 0.108901 -1.42046 0.691997 -0.601321 0.399441
-0.139597 0.110351 -1.42015 0.720006 -0.579793 0.381354
-0.140302 0.110181 -1.41908 0.737316 -0.553585 0.387182
-0.14076 0.109352 -1.4195 0.706264 -0.613823 0.35272
-0.140878 0.110271 -1.41785 0.730271 -0.561575 0.389022
-0.13983 0.110559 -1.41939 0.718675 -0.568917 0.399799
-0.140181 0.110467 -1.41885 0.726891 -0.581761 0.364944
-0.140117 0.110404 -1.41914 0.72147 -0.578886 0.379965
-0.141414 0.110419 -1.41663 0.722945 -0.603567 0.336241
-0.141564 0.110562 -1.41596 0.721851 -0.616206 0.314993
-0.140878 0.111205 -1.41641 0.775905 -0.559263 0.291882
-0.140968 0.110937 -1.41673 0.771516 -0.550162 0.319507
-0.140644 0.111289 -1.41698 0.770219 -0.537334 0.343562
-0.141426 0.111175 -1.4152 0.767837 -0.525563 0.366346
-0.141498 0.111696 -1.41441 0.819239 -0.439066 0.368874
-0.141714 0.111238 -1.41455 0.748631 -0.550345 0.369692
-0.141137 0.111843 -1.415 0.818931 -0.426248 0.384272
-0.142263 0.111781 -1.41263 0.790682 -0.492752 0.363343
-0.141778 0.111435 -1.41408 0.763927 -0.535894 0.35949
-0.141639 0.112208 -1.41345 0.840002 -0.397202 0.369631
-0.14203 0.112349 -1.4125 0.846839 -0.381137 0.370943
-0.141641 0.113202 -1.41257 0.895813 -0.263161 0.35814
-0.142092 0.112884 -1.41171 0.865701 -0.32822 0.377933
-0.13557 0.110968 -1.42548 0.705325 -0.389654 0.592188
-0.135457 0.111695 -1.42519 0.729893 -0.2684 0.628663
-0.135139 0.112621 -1.42526 0.769219 -0.0715173 0.63497
-0.135843 0.112835 -1.42434 0.804649 -0.0123419 0.593623
-0.136367 0.110173 -1.42498 0.656076 -0.499724 0.565544
-0.137459 0.108827 -1.42518 0.629571 -0.557063 0.541591
-0.137079 0.109505 -1.42489 0.626978 -0.550737 0.550988
-0.137616 0.109965 -1.42373 0.674864 -0.538117 0.504964
-0.136782 0.110457 -1.42434 0.648974 -0.492619 0.579792
-0.138249 0.110068 -1.42268 0.594908 -0.55095 0.585268
-0.138102 0.110568 -1.42241 0.695145 -0.493977 0.522264
-0.137559 0.111401 -1.42239 0.7568 -0.386598 0.527064
-0.137881 0.111503 -1.42189 0.789677 -0.38421 0.478323
-0.136295 0.11128 -1.42425 0.741996 -0.352492 0.570256
-0.136733 0.111655 -1.42346 0.797878 -0.267923 0.540007
-0.137495 0.112164 -1.42208 0.825407 -0.25034 0.505998
-0.136643 0.112723 -1.42327 0.832828 -0.080907 0.547587
-0.13674 0.113398 -1.42309 0.836532 0.0919357 0.54015
-0.137399 0.113507 -1.422 0.871222 0.0813323 0.484105
-0.138286 0.110938 -1.42165 0.752039 -0.495838 0.43426
-0.138235 0.11197 -1.42085 0.833422 -0.323272 0.448221
-0.138844 0.11102 -1.42067 0.77009 -0.488753 0.409978
-0.139087 0.110314 -1.42112 0.724531 -0.546688 0.419746
-0.139361 0.110654 -1.4201 0.736284 -0.566393 0.370251
-0.139469 0.111019 -1.41944 0.76995 -0.50012 0.396304
-0.139364 0.111779 -1.41879 0.836835 -0.396042 0.377966
-0.139705 0.111255 -1.41868 0.782821 -0.488564 0.385353
-0.140036 0.111165 -1.41813 0.753122 -0.512653 0.412303
-0.139691 0.112095 -1.4177 0.824434 -0.40476 0.395574
-0.138919 0.112003 -1.41954 0.848089 -0.337217 0.408692
-0.13886 0.112824 -1.41918 0.897795 -0.169462 0.406507
-0.138319 0.113023 -1.42008 0.891196 -0.111634 0.439667
-0.13796 0.112891 -1.42097 0.884086 -0.149886 0.442635
-0.137417 0.112737 -1.422 0.862674 -0.109293 0.49381
-0.137452 0.114221 -1.42217 0.824939 0.258253 0.502774
-0.137935 0.113531 -1.4209 0.896116 0.0797619 0.436594
-0.138662 0.1134 -1.4194 0.912008 -0.0125572 0.409981
-0.138512 0.113956 -1.41983 0.908987 0.119808 0.399234
-0.139196 0.112855 -1.41824 0.901215 -0.195188 0.386927
-0.138959 0.113623 -1.41864 0.922161 -0.0293759 0.385689
-0.138773 0.115136 -1.41999 0.829929 0.434802 0.349521
-0.139006 0.114684 -1.419 0.867343 0.3512 0.352668
-0.134544 0.112605 -1.42595 0.749181 -0.0525159 0.66028
-0.135088 0.113481 -1.42542 0.76472 0.120342 0.633025
-0.134687 0.113036 -1.42581 0.75902 0.0901598 0.644794
-0.134329 0.113232 -1.42627 0.765812 0.167186 0.620951
-0.135523 0.113895 -1.425 0.764227 0.263364 0.588724
-0.135062 0.11386 -1.42554 0.755056 0.279562 0.593074
-0.13599 0.114279 -1.4246 0.761913 0.395806 0.512666
-0.135753 0.114988 -1.42548 0.712403 0.471167 0.520081
-0.136578 0.115387 -1.42478 0.670136 0.607957 0.425801
-0.136131 0.113907 -1.42418 0.807857 0.213249 0.549448
-0.13696 0.114223 -1.42303 0.828344 0.277303 0.486775
-0.137313 0.115375 -1.42349 0.743504 0.529568 0.408362
-0.137785 0.11594 -1.42367 0.58247 0.745455 0.324077
-0.135262 0.115313 -1.42664 0.619197 0.671254 0.407447
-0.135601 0.115767 -1.42709 0.456154 0.834394 0.309372
-0.135813 0.115672 -1.42638 0.508622 0.801454 0.314603
-0.13635 0.11581 -1.42597 0.496681 0.812294 0.305757
-0.135935 0.115331 -1.42564 0.627149 0.654272 0.422625
-0.137104 0.116194 -1.42583 0.382663 0.910795 0.15499
-0.136707 0.116341 -1.4281 0.0901366 0.995861 0.0116631
-0.136574 0.116059 -1.42642 0.410111 0.887253 0.211165
-0.139023 0.115577 -1.42732 -0.611128 0.637033 -0.4698
-0.139216 0.115708 -1.42683 -0.569548 0.657992 -0.492606
-0.138914 0.116244 -1.42631 -0.419327 0.822435 -0.384403
-0.139481 0.116202 -1.42594 -0.421236 0.832646 -0.359529
-0.137468 0.11633 -1.42674 0.0537042 0.998544 -0.00501717
-0.138121 0.116087 -1.42749 -0.440328 0.824732 -0.354863
-0.138071 0.116508 -1.42569 0.189826 0.981733 0.0129069
-0.138234 0.116473 -1.4263 -0.112162 0.973667 -0.198475
-0.138582 0.116344 -1.42645 -0.316977 0.901925 -0.293355
-0.137298 0.116034 -1.42488 0.543201 0.784311 0.299646
-0.13867 0.116552 -1.42524 0.0168776 0.998503 -0.0520197
-0.139218 0.116543 -1.42497 -0.162615 0.96925 -0.184693
-0.138874 0.116486 -1.42547 -0.247725 0.943021 -0.222134
-0.139626 0.116291 -1.42531 -0.432081 0.852996 -0.292753
-0.138046 0.116385 -1.42457 0.358243 0.916443 0.178311
-0.138918 0.116492 -1.42363 0.350564 0.91769 0.18695
-0.138925 0.116588 -1.42428 0.12265 0.991986 0.0303408
-0.139329 0.1166 -1.42449 -0.101383 0.98842 -0.112907
-0.139659 0.116612 -1.42393 -0.0853768 0.993914 -0.0696068
-0.13749 0.114689 -1.42238 0.765091 0.382392 0.518085
-0.138116 0.114707 -1.42102 0.852854 0.334967 0.400546
-0.137682 0.115117 -1.42246 0.747858 0.508065 0.427291
-0.138509 0.114875 -1.42035 0.881634 0.236073 0.408646
-0.138022 0.115618 -1.42263 0.663729 0.673303 0.325771
-0.138532 0.115584 -1.42137 0.693898 0.646042 0.318019
-0.138455 0.116036 -1.42279 0.521747 0.815532 0.250373
-0.138934 0.116135 -1.42198 0.489391 0.843213 0.222459
-0.138485 0.115847 -1.42198 0.635471 0.717423 0.285448
-0.139134 0.116034 -1.42112 0.551001 0.796523 0.248898
-0.139592 0.116377 -1.42149 0.444389 0.876317 0.185975
-0.1402 0.116605 -1.42126 0.232928 0.970196 0.0668178
-0.139225 0.11583 -1.42034 0.630959 0.735625 0.246469
-0.139473 0.115636 -1.41905 0.749532 0.587549 0.304938
-0.13962 0.115415 -1.41836 0.796825 0.518696 0.309878
-0.139711 0.115935 -1.41922 0.602882 0.767372 0.218342
-0.139742 0.116169 -1.4202 0.510529 0.843633 0.166261
-0.140483 0.116443 -1.41924 0.469836 0.874442 0.120854
-0.139595 0.116544 -1.42274 0.222313 0.970282 0.0955464
-0.139778 0.116608 -1.42334 0.0368149 0.998058 0.0502385
-0.140286 0.111799 -1.41693 0.781855 -0.502987 0.368385
-0.140344 0.112786 -1.41562 0.858847 -0.286686 0.424492
-0.140496 0.111942 -1.41616 0.807752 -0.466225 0.360793
-0.139953 0.112479 -1.41684 0.865208 -0.326818 0.38027
-0.140184 0.11315 -1.4158 0.917411 -0.0899577 0.38764
-0.139843 0.113536 -1.41667 0.92391 -0.0166384 0.382247
-0.140703 0.112824 -1.41497 0.859126 -0.299553 0.414935
-0.141049 0.112554 -1.41439 0.837669 -0.380647 0.391687
-0.140326 0.114016 -1.41557 0.917008 0.108562 0.38381
-0.140699 0.113313 -1.41475 0.900494 -0.104008 0.422247
-0.140865 0.113967 -1.41427 0.92572 0.0362328 0.37647
-0.139455 0.11352 -1.41756 0.911697 0.0368739 0.409205
-0.138898 0.114144 -1.41891 0.908812 0.175617 0.378444
-0.140044 0.11456 -1.41647 0.900618 0.195179 0.388321
-0.139729 0.114976 -1.41754 0.866734 0.352157 0.353212
-0.140228 0.115288 -1.41657 0.834584 0.421707 0.354446
-0.140503 0.115183 -1.41587 0.852654 0.379172 0.359459
-0.140748 0.114797 -1.41488 0.893731 0.262837 0.363541
-0.140657 0.115821 -1.41647 0.72781 0.60981 0.313727
-0.140854 0.115523 -1.41547 0.779216 0.551156 0.298414
-0.141441 0.11613 -1.41528 0.692082 0.678555 0.246142
-0.141314 0.115737 -1.41461 0.810207 0.497185 0.310438
-0.141353 0.112943 -1.41347 0.875787 -0.291159 0.384997
-0.141082 0.113462 -1.4138 0.911193 -0.144313 0.385877
-0.141494 0.113692 -1.41271 0.924872 -0.0478243 0.377258
-0.141785 0.113618 -1.41199 0.905638 -0.0986687 0.412412
-0.14121 0.114487 -1.41356 0.901378 0.226122 0.369306
-0.141783 0.115168 -1.4127 0.872291 0.366952 0.323195
-0.14003 0.115991 -1.41862 0.647535 0.72702 0.228345
-0.140115 0.115837 -1.41775 0.734511 0.621483 0.272494
-0.140592 0.116343 -1.4182 0.545967 0.81752 0.18325
-0.140544 0.115936 -1.417 0.610804 0.75314 0.244334
-0.144268 0.101862 -1.4235 0.661448 -0.500226 0.558802
-0.144197 0.102467 -1.42296 0.644465 -0.523283 0.557531
-0.144942 0.102064 -1.42257 0.659548 -0.5054 0.556388
-0.144083 0.103156 -1.4225 0.665795 -0.528069 0.527124
-0.145801 0.102475 -1.42094 0.655457 -0.542399 0.525527
-0.145642 0.103113 -1.4205 0.65527 -0.570634 0.494973
-0.144099 0.103582 -1.42207 0.653337 -0.559963 0.509501
-0.144501 0.103522 -1.42151 0.675107 -0.561388 0.478618
-0.143102 0.103223 -1.42366 0.657668 -0.519444 0.545573
-0.142056 0.104267 -1.42386 0.693667 -0.510152 0.508499
-0.141687 0.104661 -1.42404 0.684889 -0.504374 0.525865
-0.142038 0.105039 -1.42314 0.684891 -0.526335 0.50388
-0.143134 0.104141 -1.4226 0.659051 -0.553018 0.509728
-0.14288 0.104855 -1.42219 0.683531 -0.5403 0.490776
-0.142722 0.105565 -1.4216 0.704041 -0.558228 0.438985
-0.143785 0.104218 -1.42171 0.658795 -0.614715 0.433721
-0.143527 0.104496 -1.42168 0.659061 -0.584607 0.473152
-0.143942 0.104345 -1.4212 0.659836 -0.617718 0.427834
-0.143827 0.105189 -1.42023 0.683623 -0.585811 0.4353
-0.146569 0.102332 -1.4202 0.681157 -0.550741 0.482399
-0.147959 0.106662 -1.42471 -0.630956 0.631539 -0.450614
-0.146136 0.103225 -1.41964 0.687027 -0.589952 0.424205
-0.14474 0.104161 -1.42046 0.633014 -0.631827 0.447312
-0.14562 0.10445 -1.4186 0.652058 -0.662919 0.367912
-0.14566 0.103871 -1.41952 0.659978 -0.617289 0.428233
-0.146166 0.104581 -1.41726 0.684812 -0.63457 0.358264
-0.145801 0.105322 -1.41676 0.690336 -0.622397 0.368861
-0.144514 0.104767 -1.41981 0.653277 -0.630651 0.418937
-0.144587 0.105071 -1.41914 0.664918 -0.634303 0.394391
-0.14467 0.106066 -1.41761 0.692028 -0.609988 0.38602
-0.14354 0.106079 -1.41951 0.711086 -0.572979 0.407494
-0.143491 0.10654 -1.4189 0.716064 -0.593831 0.366902
-0.143563 0.106964 -1.41807 0.701738 -0.591606 0.396946
-0.143845 0.107219 -1.41723 0.715932 -0.588433 0.375748
-0.144948 0.105446 -1.418 0.675391 -0.619586 0.399951
-0.144714 0.106558 -1.41653 0.701789 -0.60198 0.380936
-0.146152 0.10354 -1.41916 0.718503 -0.553999 0.420523
-0.146523 0.103426 -1.41864 0.749532 -0.552492 0.364631
-0.146265 0.104035 -1.41811 0.703757 -0.62646 0.335072
-0.146286 0.103669 -1.41882 0.722641 -0.573476 0.385895
-0.140644 0.105487 -1.42449 0.685291 -0.480285 0.547451
-0.140826 0.105817 -1.42399 0.717638 -0.468119 0.515616
-0.140732 0.106215 -1.42379 0.741847 -0.451148 0.496113
-0.141578 0.106185 -1.42253 0.694918 -0.53474 0.480772
-0.141882 0.107125 -1.42103 0.699129 -0.556194 0.449297
-0.141157 0.107542 -1.42153 0.674363 -0.580363 0.456523
-0.146842 0.106913 -1.42591 -0.640867 0.633861 -0.433024
-0.147758 0.107508 -1.42388 -0.649285 0.621548 -0.4383
-0.149156 0.106237 -1.42362 -0.63377 0.641359 -0.432428
-0.148815 0.10791 -1.42171 -0.652176 0.616534 -0.441079
-0.146611 0.107749 -1.4251 -0.633517 0.617319 -0.466449
-0.145405 0.108481 -1.42568 -0.623246 0.625548 -0.469311
-0.146481 0.109668 -1.42261 -0.667454 0.598692 -0.442801
-0.147077 0.108565 -1.42339 -0.645107 0.623125 -0.442213
-0.142702 0.106257 -1.42065 0.726639 -0.537899 0.427388
-0.142638 0.106993 -1.41996 0.722717 -0.548982 0.419878
-0.142483 0.10763 -1.41928 0.711158 -0.608361 0.352351
-0.14115 0.108389 -1.42046 0.677118 -0.620816 0.395093
-0.141637 0.108366 -1.41948 0.696573 -0.63703 0.330119
-0.142861 0.107724 -1.41824 0.711932 -0.596613 0.370413
-0.143278 0.107849 -1.41737 0.708 -0.594357 0.381413
-0.142152 0.108339 -1.41864 0.692821 -0.627453 0.35539
-0.141707 0.109121 -1.4181 0.698345 -0.604344 0.383514
-0.141118 0.1089 -1.41965 0.685063 -0.642804 0.34277
-0.141718 0.109386 -1.41772 0.698583 -0.600537 0.389021
-0.149073 0.107009 -1.42248 -0.642077 0.635695 -0.428519
-0.149553 0.107297 -1.42138 -0.657777 0.616948 -0.432093
-0.14802 0.108619 -1.42181 -0.64992 0.626786 -0.429817
-0.148595 0.108638 -1.42092 -0.649189 0.639043 -0.412527
-0.14992 0.108344 -1.41923 -0.645818 0.646585 -0.406014
-0.147449 0.110154 -1.42037 -0.683661 0.60318 -0.41083
-0.146468 0.110331 -1.4218 -0.693241 0.576561 -0.432429
-0.148154 0.109425 -1.42035 -0.64572 0.643805 -0.410563
-0.146733 0.111162 -1.42021 -0.723884 0.54996 -0.416578
-0.14745 0.11081 -1.41945 -0.702578 0.555162 -0.445174
-0.148381 0.109784 -1.41943 -0.652551 0.621085 -0.434087
-0.149035 0.109587 -1.41878 -0.656085 0.622059 -0.42731
-0.151281 0.103114 -1.42517 -0.641931 0.641305 -0.4203
-0.151798 0.103675 -1.4236 -0.639731 0.634241 -0.434146
-0.152998 0.102528 -1.4235 -0.632809 0.650092 -0.420634
-0.15159 0.103358 -1.42427 -0.640285 0.630213 -0.439165
-0.152908 0.103257 -1.42246 -0.659485 0.640869 -0.392895
-0.152581 0.103974 -1.42191 -0.685561 0.603531 -0.407132
-0.153084 0.103377 -1.42192 -0.6654 0.634192 -0.393756
-0.15212 0.103992 -1.42255 -0.643554 0.627503 -0.438268
-0.151609 0.10498 -1.42202 -0.633658 0.636292 -0.440011
-0.15056 0.103965 -1.42492 -0.635783 0.638599 -0.433557
-0.150267 0.104845 -1.42407 -0.632206 0.643692 -0.43125
-0.15092 0.10504 -1.42282 -0.629522 0.627661 -0.457978
-0.150491 0.105816 -1.42233 -0.61857 0.663578 -0.420756
-0.153447 0.103892 -1.42058 -0.662033 0.625058 -0.413539
-0.153851 0.103936 -1.41977 -0.682324 0.605396 -0.409792
-0.153286 0.104421 -1.42016 -0.694755 0.594988 -0.404109
-0.152704 0.104313 -1.42114 -0.693441 0.592785 -0.409568
-0.152199 0.104877 -1.42123 -0.680125 0.615858 -0.397681
-0.152743 0.104719 -1.42054 -0.666426 0.620507 -0.413337
-0.152419 0.105212 -1.42027 -0.663295 0.637712 -0.391616
-0.152504 0.10554 -1.41963 -0.65134 0.646121 -0.39785
-0.153554 0.104585 -1.41938 -0.657409 0.623178 -0.42363
-0.154094 0.104424 -1.41886 -0.667295 0.613549 -0.422226
-0.154447 0.104916 -1.41746 -0.683655 0.611732 -0.397994
-0.153216 0.10562 -1.41837 -0.639694 0.642626 -0.421691
-0.151517 0.106 -1.42052 -0.637456 0.657404 -0.401833
-0.150612 0.106222 -1.4214 -0.618169 0.661365 -0.42481
-0.149809 0.107759 -1.42036 -0.642335 0.640791 -0.420468
-0.151023 0.106726 -1.4201 -0.636319 0.648207 -0.418241
-0.151884 0.106221 -1.41949 -0.654316 0.650535 -0.385584
-0.152201 0.106518 -1.41845 -0.647323 0.65175 -0.395215
-0.151182 0.107222 -1.41908 -0.65226 0.642341 -0.402436
-0.153068 0.106476 -1.4172 -0.636966 0.668642 -0.383657
-0.150128 0.108739 -1.41824 -0.649118 0.629092 -0.427655
-0.146389 0.105542 -1.41506 0.701962 -0.626062 0.339551
-0.146898 0.105681 -1.41381 0.695004 -0.636082 0.335215
-0.145598 0.107063 -1.41404 0.72256 -0.591788 0.357343
-0.145615 0.106219 -1.41551 0.707233 -0.605586 0.364811
-0.145116 0.10659 -1.41586 0.702559 -0.586371 0.403212
-0.144246 0.107303 -1.4163 0.701795 -0.591917 0.396382
-0.144676 0.107551 -1.41505 0.711611 -0.598587 0.367836
-0.145423 0.107759 -1.41333 0.703782 -0.600262 0.37997
-0.146139 0.10719 -1.41278 0.700914 -0.604226 0.378986
-0.14507 0.107848 -1.41383 0.713265 -0.585392 0.385447
-0.144944 0.107824 -1.41419 0.722644 -0.596053 0.350011
-0.145179 0.108116 -1.41315 0.696753 -0.610739 0.376209
-0.14703 0.104132 -1.41646 0.698489 -0.615371 0.365283
-0.147812 0.104711 -1.41371 0.665936 -0.663205 0.341597
-0.147212 0.105748 -1.41301 0.700543 -0.60472 0.378883
-0.146704 0.106998 -1.41209 0.669526 -0.648314 0.362525
-0.146218 0.107652 -1.41192 0.717471 -0.594313 0.363355
-0.145302 0.108546 -1.41227 0.696994 -0.613286 0.371589
-0.145502 0.108776 -1.41152 0.71452 -0.61247 0.338144
-0.146964 0.107786 -1.41016 0.71756 -0.599216 0.355032
-0.145844 0.108571 -1.41109 0.70851 -0.611243 0.352697
-0.146422 0.108689 -1.40988 0.718718 -0.568561 0.400229
-0.147082 0.108156 -1.40939 0.712965 -0.587029 0.383508
-0.147009 0.108656 -1.40866 0.739557 -0.601844 0.301397
-0.146624 0.108694 -1.40942 0.759221 -0.531776 0.375231
-0.145857 0.109481 -1.40959 0.651815 -0.671797 0.351889
-0.146179 0.109816 -1.4082 0.68487 -0.661766 0.304988
-0.146388 0.109052 -1.40949 0.733304 -0.591497 0.335255
-0.146396 0.10911 -1.4093 0.71769 -0.615919 0.324907
-0.148501 0.10547 -1.4113 0.790962 -0.48421 0.374057
-0.148769 0.105621 -1.41048 0.841181 -0.421418 0.338854
-0.147103 0.106739 -1.41187 0.687145 -0.622708 0.374255
-0.147705 0.106223 -1.41147 0.69883 -0.592701 0.400427
-0.147389 0.107028 -1.41078 0.694868 -0.630842 0.34525
-0.148654 0.106496 -1.40913 0.734556 -0.5935 0.328916
-0.147665 0.107934 -1.40857 0.727331 -0.606901 0.320406
-0.143743 0.108376 -1.41561 0.688901 -0.611103 0.389831
-0.142464 0.109131 -1.41667 0.704713 -0.607945 0.365763
-0.1431 0.109166 -1.41543 0.683634 -0.623962 0.378571
-0.142174 0.109875 -1.41607 0.704049 -0.623511 0.339925
-0.14413 0.108836 -1.41402 0.688599 -0.612481 0.3882
-0.14319 0.109559 -1.41458 0.681675 -0.63695 0.36002
-0.143026 0.11016 -1.41382 0.697301 -0.623827 0.353004
-0.144446 0.108616 -1.41387 0.677998 -0.583516 0.44702
-0.14212 0.110456 -1.41497 0.69932 -0.620603 0.354688
-0.142572 0.110986 -1.41331 0.753347 -0.572822 0.323023
-0.149901 0.109905 -1.41692 -0.678344 0.59873 -0.425878
-0.150084 0.110209 -1.41625 -0.680461 0.604717 -0.413873
-0.148283 0.110766 -1.41828 -0.672017 0.587815 -0.450407
-0.148711 0.111052 -1.41726 -0.688684 0.590956 -0.4201
-0.147812 0.111969 -1.41752 -0.726185 0.533954 -0.433068
-0.147717 0.112892 -1.41662 -0.735086 0.527395 -0.426032
-0.14943 0.111179 -1.41584 -0.686408 0.5961 -0.416544
-0.14938 0.111598 -1.41538 -0.699311 0.583226 -0.413293
-0.148726 0.111653 -1.41635 -0.710435 0.562335 -0.423156
-0.148681 0.112175 -1.41577 -0.722499 0.560439 -0.40485
-0.148837 0.112557 -1.41491 -0.729972 0.537043 -0.422759
-0.14321 0.110827 -1.41227 0.749538 -0.585976 0.307936
-0.144759 0.108912 -1.41275 0.698954 -0.620451 0.355673
-0.144998 0.109736 -1.41074 0.683222 -0.647091 0.33835
-0.144375 0.110209 -1.41105 0.680713 -0.656825 0.324362
-0.143345 0.111163 -1.41132 0.697881 -0.620567 0.357573
-0.144199 0.11071 -1.41038 0.695366 -0.639821 0.327254
-0.14421 0.111332 -1.40907 0.738896 -0.594927 0.316378
-0.143503 0.111789 -1.40991 0.788777 -0.525114 0.319509
-0.144938 0.110119 -1.41004 0.662827 -0.66961 0.335085
-0.142795 0.110755 -1.41312 0.734212 -0.59327 0.330097
-0.142773 0.111025 -1.41275 0.740705 -0.573973 0.349158
-0.143045 0.111546 -1.41123 0.930322 -0.310107 0.195793
-0.143085 0.111712 -1.41097 0.809629 -0.476251 0.343053
-0.142502 0.112612 -1.41106 0.855534 -0.339074 0.391267
-0.143545 0.111574 -1.41021 0.762639 -0.55513 0.331982
-0.143257 0.112072 -1.41018 0.817393 -0.456856 0.350929
-0.142926 0.112851 -1.41 0.845898 -0.355829 0.397294
-0.142603 0.113093 -1.41043 0.897424 -0.196293 0.395094
-0.142851 0.113377 -1.40983 0.894434 -0.184167 0.407518
-0.142955 0.1142 -1.40937 0.920319 -0.00458679 0.391142
-0.149668 0.111761 -1.41457 -0.709452 0.582062 -0.397343
-0.150141 0.112149 -1.41315 -0.725147 0.550282 -0.413946
-0.149102 0.113103 -1.41386 -0.736222 0.528027 -0.423279
-0.149696 0.112814 -1.41316 -0.743711 0.522651 -0.41681
-0.150532 0.112378 -1.4122 -0.721825 0.632531 -0.280844
-0.149949 0.112964 -1.41252 -0.737192 0.659646 -0.146339
-0.150533 0.112979 -1.41155 -0.713727 0.536467 -0.45033
-0.150306 0.113935 -1.41075 -0.741597 0.499702 -0.447585
-0.149201 0.113989 -1.41249 -0.740799 0.509165 -0.438141
-0.154636 0.105237 -1.41655 -0.682446 0.638637 -0.355542
-0.153825 0.105608 -1.41751 -0.664114 0.644572 -0.378786
-0.153613 0.106337 -1.41641 -0.658685 0.654177 -0.371735
-0.15409 0.106409 -1.41559 -0.668668 0.630502 -0.394145
-0.155475 0.106078 -1.41381 -0.673911 0.614328 -0.41042
-0.154558 0.106543 -1.41454 -0.666591 0.627885 -0.401768
-0.151929 0.107826 -1.41677 -0.662474 0.623675 -0.414919
-0.152666 0.10741 -1.41628 -0.646476 0.649428 -0.400389
-0.151152 0.107945 -1.41797 -0.654057 0.646703 -0.392409
-0.151243 0.108488 -1.41696 -0.651563 0.607515 -0.454303
-0.152817 0.10786 -1.4153 -0.652781 0.644616 -0.397928
-0.152185 0.108633 -1.41506 -0.660481 0.63504 -0.400611
-0.152997 0.108274 -1.41435 -0.658079 0.637932 -0.399968
-0.153823 0.107493 -1.41427 -0.656826 0.638898 -0.400486
-0.155019 0.107864 -1.41171 -0.642198 0.681828 -0.350275
-0.155229 0.108107 -1.41078 -0.641605 0.676979 -0.360613
-0.155421 0.108312 -1.41009 -0.660448 0.66349 -0.351553
-0.154424 0.108674 -1.41092 -0.648712 0.665223 -0.369663
-0.15454 0.107662 -1.41278 -0.654909 0.645756 -0.392548
-0.153643 0.108392 -1.41303 -0.659531 0.649704 -0.378025
-0.15367 0.108873 -1.41215 -0.677669 0.643143 -0.356555
-0.153505 0.109567 -1.41133 -0.712985 0.596004 -0.369367
-0.153672 0.109776 -1.4106 -0.700514 0.603681 -0.380591
-0.15387 0.1093 -1.41097 -0.730949 0.58629 -0.349253
-0.155859 0.106222 -1.4129 -0.670221 0.633042 -0.387377
-0.156629 0.10678 -1.41048 -0.681184 0.632597 -0.368523
-0.150726 0.10869 -1.41737 -0.65982 0.624552 -0.417819
-0.149918 0.109409 -1.41765 -0.671324 0.613678 -0.4156
-0.151182 0.109005 -1.41621 -0.665947 0.627141 -0.403991
-0.1512 0.10974 -1.415 -0.67778 0.610172 -0.410249
-0.150559 0.110706 -1.41468 -0.683903 0.609455 -0.40105
-0.151517 0.110132 -1.41394 -0.678799 0.61462 -0.401838
-0.152425 0.109586 -1.41319 -0.681403 0.622894 -0.384308
-0.151926 0.110728 -1.4123 -0.677678 0.620108 -0.395244
-0.151947 0.111157 -1.41154 -0.683644 0.609148 -0.401957
-0.152446 0.110712 -1.41148 -0.682635 0.62489 -0.378843
-0.152327 0.111171 -1.4109 -0.693411 0.604934 -0.391454
-0.151338 0.111484 -1.4121 -0.69117 0.587195 -0.421291
-0.151646 0.112371 -1.41045 -0.738933 0.53303 -0.412137
-0.14375 0.109898 -1.42602 -0.644946 0.581641 -0.495719
-0.143523 0.111488 -1.4246 -0.67446 0.555344 -0.486515
-0.144909 0.109549 -1.42504 -0.636409 0.594645 -0.491306
-0.144033 0.111609 -1.42368 -0.670817 0.539922 -0.508418
-0.141111 0.11308 -1.42639 -0.762362 0.400517 -0.508321
-0.141772 0.113332 -1.42521 -0.742213 0.437286 -0.50784
-0.142435 0.111657 -1.42591 -0.692087 0.509323 -0.511474
-0.142715 0.112409 -1.42479 -0.708008 0.502045 -0.496664
-0.1433 0.112495 -1.42383 -0.708429 0.489558 -0.508392
-0.143793 0.11247 -1.42323 -0.715955 0.486265 -0.500955
-0.142241 0.113556 -1.42432 -0.731043 0.444618 -0.517582
-0.142973 0.113455 -1.42344 -0.722619 0.458185 -0.517579
-0.145236 0.110136 -1.42389 -0.658234 0.598026 -0.457266
-0.144799 0.11124 -1.42315 -0.666868 0.576395 -0.472288
-0.144563 0.112432 -1.42197 -0.729533 0.505184 -0.461054
-0.143617 0.113227 -1.42275 -0.723379 0.503027 -0.472955
-0.144114 0.113377 -1.42183 -0.758864 0.446386 -0.474199
-0.143388 0.113512 -1.42277 -0.726716 0.455297 -0.514381
-0.142844 0.114144 -1.42302 -0.735183 0.442669 -0.513372
-0.14288 0.114381 -1.42273 -0.729826 0.479395 -0.487375
-0.143088 0.114119 -1.42275 -0.721998 0.475074 -0.503014
-0.143257 0.114272 -1.42227 -0.736217 0.487619 -0.469268
-0.143702 0.113535 -1.42227 -0.749337 0.456108 -0.480062
-0.143385 0.114752 -1.42166 -0.747199 0.445838 -0.492871
-0.143152 0.114612 -1.42207 -0.758827 0.447665 -0.473052
-0.143008 0.11467 -1.42231 -0.767525 0.446957 -0.459495
-0.144246 0.113881 -1.42105 -0.776079 0.444732 -0.447119
-0.144423 0.114216 -1.42041 -0.771282 0.446148 -0.453956
-0.143409 0.115866 -1.42048 -0.669859 0.62041 -0.407898
-0.144562 0.114976 -1.41946 -0.778468 0.462571 -0.424283
-0.145384 0.111437 -1.42203 -0.679331 0.57399 -0.457215
-0.146205 0.112187 -1.41984 -0.714082 0.543152 -0.44167
-0.145127 0.11283 -1.42068 -0.720532 0.514958 -0.464384
-0.141159 0.113713 -1.42588 -0.774388 0.375054 -0.509567
-0.140931 0.115127 -1.4251 -0.753485 0.456303 -0.473337
-0.140423 0.114638 -1.42626 -0.735956 0.423682 -0.528074
-0.139515 0.115243 -1.42698 -0.686862 0.530291 -0.497003
-0.140737 0.114872 -1.42568 -0.750382 0.426222 -0.505234
-0.141348 0.115328 -1.4243 -0.709378 0.534896 -0.458987
-0.14189 0.114637 -1.42404 -0.758314 0.412738 -0.504586
-0.142023 0.115644 -1.42291 -0.724382 0.54158 -0.426571
-0.140552 0.115866 -1.42485 -0.650648 0.631288 -0.422056
-0.140873 0.116282 -1.42343 -0.490554 0.807745 -0.326962
-0.139809 0.115991 -1.42585 -0.6129 0.662988 -0.429883
-0.140246 0.115586 -1.4257 -0.707239 0.50662 -0.493102
-0.140734 0.116078 -1.42427 -0.576385 0.734558 -0.358058
-0.140013 0.116456 -1.42427 -0.330802 0.91396 -0.235047
-0.140185 0.116607 -1.42331 -0.0846723 0.993991 -0.0693789
-0.142465 0.114984 -1.42288 -0.76105 0.467529 -0.449688
-0.142036 0.115859 -1.42254 -0.738221 0.532418 -0.414199
-0.141279 0.115943 -1.4235 -0.601081 0.693996 -0.396322
-0.140933 0.116682 -1.42238 -0.227147 0.942089 -0.246725
-0.140841 0.116726 -1.42209 0.02645 0.998153 -0.0546969
-0.141232 0.11671 -1.4218 -0.153877 0.97933 -0.131278
-0.141906 0.116227 -1.42227 -0.574802 0.714053 -0.399663
-0.141551 0.116556 -1.42201 -0.349328 0.888832 -0.296558
-0.142677 0.115122 -1.42235 -0.718476 0.48256 -0.500926
-0.142939 0.115031 -1.42208 -0.752356 0.405539 -0.519132
-0.143009 0.115283 -1.42181 -0.731425 0.461232 -0.502277
-0.142355 0.115958 -1.42199 -0.668016 0.594608 -0.447432
-0.141239 0.116745 -1.42112 0.0864956 0.995991 -0.0228308
-0.140613 0.116622 -1.42042 0.314532 0.94485 0.0912566
-0.142222 0.116605 -1.421 -0.499282 0.805566 -0.319031
-0.141549 0.116751 -1.42124 -0.0839101 0.98409 -0.156607
-0.141872 0.116734 -1.42105 -0.277282 0.93003 -0.241161
-0.141283 0.116743 -1.4194 0.285071 0.958128 0.0269215
-0.141778 0.116887 -1.42003 0.143005 0.989272 -0.0298365
-0.14238 0.116862 -1.41988 -0.345836 0.910322 -0.227399
-0.142036 0.116885 -1.4202 -0.155296 0.974927 -0.159376
-0.143526 0.115118 -1.42107 -0.76057 0.460591 -0.45759
-0.143051 0.115576 -1.42137 -0.724533 0.532622 -0.437453
-0.142704 0.116089 -1.42119 -0.63633 0.656402 -0.405242
-0.14262 0.116594 -1.4203 -0.523789 0.787456 -0.324896
-0.143226 0.116508 -1.41962 -0.531464 0.776595 -0.338299
-0.140468 0.116557 -1.42327 -0.287487 0.92878 -0.233921
-0.140813 0.116524 -1.42301 -0.362048 0.875563 -0.31986
-0.140448 0.11665 -1.42259 0.00211534 0.995412 -0.0956539
-0.145106 0.114002 -1.41951 -0.754178 0.480076 -0.448043
-0.144846 0.114895 -1.41894 -0.775578 0.464733 -0.427203
-0.144931 0.115307 -1.41838 -0.77085 0.480514 -0.418207
-0.14382 0.116102 -1.41934 -0.691981 0.609468 -0.386925
-0.144718 0.115611 -1.41846 -0.756765 0.510288 -0.408549
-0.144524 0.116424 -1.41775 -0.663497 0.640003 -0.387515
-0.141277 0.116365 -1.41633 0.601328 0.767238 0.223051
-0.141694 0.116205 -1.41459 0.700377 0.676935 0.226341
-0.14526 0.116103 -1.41674 -0.706128 0.558339 -0.435477
-0.144773 0.116821 -1.41649 -0.595369 0.708482 -0.378932
-0.145189 0.116619 -1.4162 -0.638863 0.659561 -0.396022
-0.14725 0.112487 -1.41786 -0.711474 0.53695 -0.453308
-0.146864 0.112259 -1.41867 -0.714992 0.524389 -0.462389
-0.146525 0.113023 -1.41835 -0.718344 0.531674 -0.448669
-0.145927 0.114001 -1.41814 -0.737119 0.516227 -0.436079
-0.146876 0.113374 -1.41728 -0.711001 0.544488 -0.444984
-0.147447 0.113661 -1.41605 -0.736038 0.537135 -0.411986
-0.146973 0.114892 -1.41536 -0.747611 0.504109 -0.43238
-0.148118 0.112555 -1.41625 -0.747384 0.520801 -0.412533
-0.148045 0.113446 -1.41522 -0.746865 0.526729 -0.405893
-0.14544 0.114192 -1.41878 -0.747924 0.49211 -0.445463
-0.145796 0.114809 -1.41736 -0.745864 0.503489 -0.436103
-0.145814 0.115161 -1.41696 -0.745 0.504891 -0.435959
-0.146132 0.114768 -1.41688 -0.72508 0.51949 -0.452094
-0.146215 0.11537 -1.41609 -0.73112 0.503104 -0.460814
-0.146015 0.116063 -1.41567 -0.697494 0.565161 -0.440562
-0.146324 0.116045 -1.41514 -0.759883 0.484139 -0.433807
-0.142518 0.113904 -1.41043 0.925999 -0.0504628 0.374139
-0.142394 0.11486 -1.41092 0.911829 0.162372 0.377099
-0.142324 0.115442 -1.41149 0.876093 0.347178 0.334558
-0.141888 0.116048 -1.41373 0.7592 0.591359 0.271863
-0.142437 0.116285 -1.41268 0.691625 0.6837 0.232829
-0.142539 0.116695 -1.41378 0.541897 0.824708 0.161876
-0.143328 0.117021 -1.41306 0.423313 0.902206 0.0826529
-0.14383 0.117284 -1.41475 0.255161 0.966892 0.00369963
-0.14537 0.117021 -1.41503 -0.525187 0.7696 -0.363174
-0.145587 0.117302 -1.41423 -0.375562 0.873103 -0.310878
-0.145424 0.117374 -1.41417 -0.157111 0.970057 -0.185217
-0.145511 0.117517 -1.41314 -0.0671446 0.993924 -0.0872167
-0.14225 0.115929 -1.41237 0.809097 0.516776 0.279831
-0.142792 0.116229 -1.41152 0.706128 0.665853 0.240881
-0.143489 0.116913 -1.41168 0.545775 0.817328 0.184674
-0.14367 0.116859 -1.41111 0.50745 0.842431 0.181121
-0.143181 0.116791 -1.41224 0.598729 0.778536 0.188162
-0.144367 0.117373 -1.41276 0.213753 0.976842 0.00945765
-0.144347 0.117259 -1.41126 0.401105 0.909308 0.110787
-0.145994 0.117438 -1.41314 -0.267213 0.94455 -0.190845
-0.145578 0.117538 -1.41247 0.0130287 0.996984 -0.0765088
-0.145368 0.117565 -1.41098 0.252025 0.967487 0.0212722
-0.146436 0.117591 -1.4117 -0.202778 0.96321 -0.176374
-0.145663 0.117607 -1.41193 0.0381875 0.996713 -0.0714487
-0.147669 0.114311 -1.4148 -0.74384 0.501565 -0.44174
-0.147598 0.114712 -1.4145 -0.746413 0.501925 -0.436965
-0.148051 0.115016 -1.41332 -0.753364 0.517509 -0.405744
-0.147687 0.115019 -1.41394 -0.755788 0.496666 -0.426741
-0.148476 0.113745 -1.41414 -0.738553 0.517997 -0.431531
-0.149062 0.11381 -1.41297 -0.747025 0.601153 -0.283846
-0.147987 0.11559 -1.41272 -0.757691 0.483362 -0.438481
-0.148316 0.114946 -1.41288 -0.745588 0.50033 -0.440192
-0.148205 0.115826 -1.41217 -0.733871 0.50313 -0.456392
-0.149292 0.114749 -1.41145 -0.747714 0.477612 -0.461314
-0.148961 0.114831 -1.41202 -0.768238 0.467873 -0.436928
-0.146504 0.116364 -1.41452 -0.711702 0.560344 -0.42367
-0.146695 0.116667 -1.4137 -0.676052 0.587529 -0.444706
-0.147411 0.115704 -1.41369 -0.755416 0.4962 -0.427941
-0.145961 0.116892 -1.41451 -0.578398 0.703055 -0.413726
-0.146158 0.117166 -1.41369 -0.547634 0.748297 -0.374365
-0.14741 0.116301 -1.41303 -0.732609 0.540718 -0.413411
-0.147611 0.115916 -1.41308 -0.78285 0.461458 -0.417376
-0.147727 0.116429 -1.41231 -0.729391 0.540177 -0.419759
-0.148025 0.11688 -1.41113 -0.633606 0.660857 -0.402258
-0.146708 0.116972 -1.41331 -0.638569 0.651299 -0.409926
-0.146719 0.117153 -1.4129 -0.527279 0.790459 -0.311692
-0.146473 0.117443 -1.41226 -0.436278 0.87466 -0.21126
-0.14723 0.117252 -1.41184 -0.587018 0.741943 -0.323929
-0.146954 0.117497 -1.41159 -0.382343 0.889608 -0.249822
-0.141688 0.116847 -1.41828 0.234056 0.971987 0.0214095
-0.14242 0.11701 -1.41712 0.284432 0.957685 0.0440153
-0.141421 0.116689 -1.41761 0.443862 0.884181 0.145635
-0.142947 0.117086 -1.418 0.0463557 0.989798 -0.134727
-0.141237 0.116737 -1.41853 0.36424 0.928459 0.0727512
-0.142434 0.116958 -1.41891 -0.0317936 0.995851 -0.0852678
-0.143165 0.116999 -1.41829 -0.264505 0.922008 -0.282734
-0.144012 0.116325 -1.41859 -0.635618 0.664433 -0.393089
-0.143591 0.116782 -1.41837 -0.497312 0.786539 -0.366111
-0.1433 0.117222 -1.4173 0.0517206 0.994454 -0.0915762
-0.143906 0.116932 -1.41768 -0.444504 0.832997 -0.329442
-0.142953 0.116805 -1.41924 -0.287813 0.928444 -0.234852
-0.141702 0.116576 -1.41608 0.505816 0.849029 0.152645
-0.142627 0.11702 -1.41617 0.315713 0.944419 0.0916432
-0.142467 0.116821 -1.41508 0.347726 0.932479 0.0978205
-0.143529 0.117198 -1.41739 -0.213317 0.96208 -0.169997
-0.144039 0.117077 -1.417 -0.360004 0.904095 -0.230239
-0.144604 0.117097 -1.41611 -0.34596 0.903843 -0.251755
-0.14418 0.11725 -1.41568 -0.0249785 0.994543 -0.10129
-0.144365 0.117343 -1.41502 -0.00895301 0.993218 -0.115924
-0.143476 0.117189 -1.41608 0.121534 0.992362 0.0211654
-0.143967 0.117194 -1.41656 -0.16395 0.980242 -0.110663
-0.144928 0.117114 -1.41562 -0.499311 0.812 -0.302232
-0.143785 0.117245 -1.41399 0.288025 0.957213 0.027999
-0.144728 0.117436 -1.41356 0.0894641 0.995258 -0.0381857
-0.145002 0.117353 -1.41455 -0.221013 0.94938 -0.223228
-0.147475 0.108856 -1.40719 0.746225 -0.57757 0.330999
-0.147313 0.10924 -1.40687 0.726208 -0.631795 0.27103
-0.147261 0.109172 -1.4072 0.721735 -0.580455 0.377056
-0.146912 0.109411 -1.4074 0.685812 -0.636213 0.353406
-0.14646 0.109921 -1.40728 0.664382 -0.687365 0.293472
-0.147845 0.10903 -1.40593 0.742455 -0.587306 0.322231
-0.14728 0.109641 -1.40602 0.691276 -0.653416 0.308521
-0.148079 0.109547 -1.40459 0.742864 -0.593697 0.309317
-0.146698 0.110567 -1.40536 0.670211 -0.663871 0.331802
-0.146013 0.110772 -1.40621 0.676546 -0.668447 0.308972
-0.146044 0.111293 -1.40521 0.668548 -0.666974 0.328923
-0.148717 0.107446 -1.40678 0.731871 -0.623132 0.275811
-0.14913 0.107035 -1.4067 0.717927 -0.634306 0.286771
-0.147978 0.107872 -1.40784 0.74898 -0.600697 0.279627
-0.148333 0.107237 -1.40843 0.736124 -0.619548 0.272546
-0.1481 0.108143 -1.40705 0.74986 -0.595226 0.288817
-0.147844 0.10855 -1.40677 0.731481 -0.611849 0.300959
-0.148807 0.107791 -1.4058 0.721252 -0.621239 0.30636
-0.149289 0.107178 -1.406 0.726406 -0.615883 0.304998
-0.149453 0.107568 -1.40477 0.735801 -0.607331 0.299577
-0.148498 0.108624 -1.40511 0.760831 -0.56154 0.325282
-0.14922 0.10754 -1.40552 0.701284 -0.647583 0.298054
-0.147328 0.110407 -1.40432 0.690983 -0.649654 0.317005
-0.148226 0.109938 -1.40335 0.737706 -0.607319 0.294879
-0.14742 0.110822 -1.40328 0.713696 -0.629047 0.30812
-0.146899 0.111213 -1.40374 0.691501 -0.639601 0.335763
-0.1483 0.110223 -1.40246 0.721956 -0.611249 0.324276
-0.146504 0.112221 -1.4026 0.719433 -0.593193 0.3613
-0.147873 0.111157 -1.40186 0.68954 -0.620168 0.374068
-0.147263 0.111558 -1.40223 0.703001 -0.612579 0.361299
-0.147113 0.112416 -1.40113 0.754256 -0.533197 0.383144
-0.148808 0.108766 -1.40407 0.760668 -0.570657 0.309411
-0.149845 0.107755 -1.40355 0.736771 -0.592935 0.324956
-0.149288 0.108058 -1.40427 0.744992 -0.587158 0.316593
-0.14914 0.109068 -1.40268 0.752975 -0.575339 0.319396
-0.149876 0.108305 -1.40239 0.728307 -0.597833 0.33491
-0.149389 0.108494 -1.40323 0.739462 -0.599946 0.305386
-0.148504 0.10929 -1.40386 0.734346 -0.592689 0.33084
-0.148274 0.109519 -1.40407 0.8004 -0.546035 0.247397
-0.148342 0.109555 -1.40373 0.76036 -0.572643 0.306485
-0.148524 0.109555 -1.4034 0.718968 -0.605952 0.340451
-0.148638 0.109324 -1.40357 0.751391 -0.572534 0.328048
-0.148725 0.109511 -1.40294 0.761646 -0.584422 0.279904
-0.148497 0.10982 -1.40294 0.754169 -0.603188 0.259604
-0.149396 0.10915 -1.40206 0.742892 -0.579949 0.334321
-0.15021 0.108444 -1.40154 0.702629 -0.636091 0.318905
-0.149718 0.108875 -1.40175 0.7377 -0.601442 0.306702
-0.150192 0.10871 -1.4009 0.715536 -0.624158 0.313744
-0.148964 0.109976 -1.40152 0.747094 -0.57406 0.33512
-0.149386 0.110196 -1.40023 0.774267 -0.560834 0.293217
-0.148826 0.110621 -1.40084 0.721841 -0.614973 0.317418
-0.144966 0.110588 -1.40913 0.662036 -0.681644 0.31156
-0.144626 0.111182 -1.40837 0.698587 -0.644893 0.309981
-0.144707 0.111421 -1.40777 0.735938 -0.565229 0.372709
-0.144299 0.112358 -1.40742 0.795656 -0.460132 0.393967
-0.143973 0.112234 -1.40811 0.807919 -0.466168 0.360491
-0.145785 0.110346 -1.40781 0.65423 -0.689408 0.310966
-0.145217 0.111138 -1.4073 0.649954 -0.664933 0.367999
-0.145181 0.111674 -1.40624 0.76106 -0.567711 0.313835
-0.145103 0.111521 -1.40684 0.731055 -0.600506 0.323962
-0.144878 0.112033 -1.40649 0.82431 -0.472483 0.311887
-0.145086 0.112087 -1.40589 0.816824 -0.459033 0.34941
-0.144546 0.113039 -1.40595 0.860101 -0.379083 0.341354
-0.145409 0.111822 -1.40551 0.785376 -0.53206 0.31638
-0.143507 0.112386 -1.40916 0.833407 -0.431508 0.345303
-0.143809 0.113159 -1.40757 0.863318 -0.306753 0.40073
-0.14323 0.113284 -1.4089 0.907242 -0.21411 0.362034
-0.143361 0.114406 -1.4084 0.938529 0.0484321 0.341785
-0.143713 0.114056 -1.40739 0.934318 -0.0421957 0.353933
-0.144213 0.113081 -1.40684 0.851131 -0.372591 0.3698
-0.144071 0.113692 -1.40669 0.902927 -0.226701 0.365143
-0.144347 0.114292 -1.40568 0.936588 -0.0166341 0.350036
-0.144089 0.114948 -1.40656 0.929349 0.144318 0.339827
-0.150034 0.114248 -1.41089 -0.733872 0.472299 -0.488227
-0.151204 0.114765 -1.40825 -0.750761 0.517096 -0.411059
-0.145098 0.112815 -1.40483 0.854899 -0.381924 0.351115
-0.145165 0.11372 -1.40399 0.901637 -0.191832 0.387621
-0.145453 0.113343 -1.4035 0.852126 -0.368762 0.371343
-0.146126 0.111691 -1.40424 0.679625 -0.632215 0.372041
-0.145533 0.111839 -1.40507 0.751535 -0.574426 0.324393
-0.145667 0.112166 -1.4044 0.770854 -0.498773 0.396244
-0.146264 0.11209 -1.40336 0.739631 -0.571786 0.354973
-0.145909 0.11309 -1.40274 0.839021 -0.383132 0.386333
-0.146487 0.11264 -1.40207 0.75998 -0.524014 0.384499
-0.146228 0.112412 -1.40287 0.790027 -0.505411 0.347012
-0.146464 0.113078 -1.40152 0.827663 -0.376035 0.416619
-0.144713 0.114037 -1.40477 0.904916 -0.112225 0.410526
-0.145107 0.114353 -1.40396 0.91884 0.0104777 0.394492
-0.14463 0.114702 -1.405 0.903432 0.0895691 0.419271
-0.144368 0.115107 -1.40578 0.919275 0.204353 0.336413
-0.144901 0.115362 -1.40469 0.889419 0.205661 0.408212
-0.145577 0.114206 -1.40276 0.90593 -0.121426 0.405644
-0.145371 0.115716 -1.40378 0.855621 0.372005 0.359896
-0.145562 0.115351 -1.40303 0.901423 0.191293 0.388386
-0.145771 0.116034 -1.40315 0.824147 0.431337 0.367057
-0.146664 0.116671 -1.4021 0.786647 0.532683 0.312147
-0.151401 0.115599 -1.40665 -0.757728 0.526304 -0.385814
-0.151747 0.115484 -1.40617 -0.787339 0.498364 -0.362948
-0.154993 0.108803 -1.40993 -0.655288 0.656692 -0.3733
-0.155821 0.108727 -1.4084 -0.709181 0.684078 -0.170583
-0.155606 0.108956 -1.40828 -0.78634 0.614979 0.0589072
-0.155825 0.109034 -1.40784 -0.623193 0.673833 -0.396963
-0.155693 0.110097 -1.4061 -0.670466 0.673675 -0.310866
-0.153392 0.11075 -1.40956 -0.696108 0.599707 -0.394696
-0.154389 0.109874 -1.4092 -0.68376 0.625239 -0.37623
-0.155024 0.109848 -1.40783 -0.702308 0.61815 -0.353063
-0.155341 0.109331 -1.40813 -0.762004 0.621633 -0.181445
-0.154183 0.110524 -1.4085 -0.670271 0.641061 -0.373868
-0.154056 0.110785 -1.40826 -0.693995 0.616744 -0.37148
-0.15386 0.111418 -1.40767 -0.735189 0.568971 -0.368468
-0.154234 0.11147 -1.40687 -0.743614 0.573456 -0.343782
-0.157358 0.107187 -1.40856 -0.668856 0.646029 -0.367802
-0.157126 0.107645 -1.40816 -0.662534 0.67525 -0.32417
-0.157164 0.10789 -1.4075 -0.635314 0.68872 -0.349345
-0.156297 0.108109 -1.40879 -0.645506 0.676406 -0.354679
-0.156399 0.108894 -1.40709 -0.654303 0.666664 -0.356998
-0.157304 0.108251 -1.40665 -0.622927 0.689544 -0.369447
-0.157995 0.107953 -1.40612 -0.637529 0.685351 -0.351924
-0.156247 0.110021 -1.40492 -0.697246 0.644976 -0.312817
-0.156227 0.110404 -1.40426 -0.714516 0.622994 -0.318348
-0.154779 0.111124 -1.40616 -0.747041 0.573461 -0.336262
-0.155221 0.111122 -1.4052 -0.730602 0.604154 -0.31815
-0.155545 0.111078 -1.4045 -0.730188 0.596267 -0.333603
-0.15547 0.111407 -1.40413 -0.751281 0.578479 -0.317708
-0.154726 0.111861 -1.40495 -0.748141 0.573304 -0.334077
-0.155119 0.112011 -1.4039 -0.762931 0.56692 -0.310706
-0.154361 0.112709 -1.40438 -0.761158 0.555869 -0.334138
-0.156112 0.111389 -1.40251 -0.780048 0.53968 -0.316656
-0.156315 0.111382 -1.4021 -0.763982 0.558703 -0.322773
-0.155915 0.111627 -1.40264 -0.765293 0.552484 -0.330285
-0.156346 0.110861 -1.40298 -0.737578 0.604418 -0.301095
-0.155037 0.112337 -1.40342 -0.784823 0.536115 -0.31086
-0.155451 0.112218 -1.40262 -0.766961 0.543801 -0.340662
-0.154835 0.112848 -1.40319 -0.783531 0.508549 -0.35701
-0.15504 0.112955 -1.4025 -0.798479 0.517674 -0.307317
-0.157332 0.108978 -1.40513 -0.641565 0.709774 -0.290888
-0.156686 0.109777 -1.40454 -0.670818 0.687503 -0.278105
-0.157369 0.109287 -1.404 -0.608685 0.741325 -0.282736
-0.157879 0.109454 -1.40268 -0.594762 0.762665 -0.254168
-0.157951 0.109743 -1.4017 -0.651025 0.710493 -0.267145
-0.157073 0.109991 -1.40314 -0.679578 0.673471 -0.29088
-0.153128 0.111418 -1.40906 -0.715087 0.571034 -0.403199
-0.153439 0.111206 -1.40886 -0.703547 0.598292 -0.383494
-0.152794 0.111913 -1.40894 -0.688083 0.602239 -0.404783
-0.152977 0.111843 -1.4088 -0.675674 0.622574 -0.394798
-0.152152 0.112486 -1.40933 -0.732577 0.548548 -0.403021
-0.152298 0.112688 -1.40877 -0.743636 0.544363 -0.388168
-0.152498 0.112501 -1.40872 -0.726902 0.563433 -0.392627
-0.1532 0.112002 -1.40799 -0.72747 0.582616 -0.362418
-0.15382 0.112076 -1.40661 -0.751309 0.562048 -0.345886
-0.153506 0.11216 -1.40714 -0.742775 0.56042 -0.366353
-0.153218 0.112618 -1.40715 -0.765585 0.531417 -0.362595
-0.152567 0.113754 -1.4068 -0.788934 0.511369 -0.340712
-0.15124 0.113048 -1.41027 -0.692589 0.57528 -0.435171
-0.151437 0.113033 -1.41001 -0.709097 0.576891 -0.405435
-0.151479 0.11322 -1.40962 -0.733739 0.544992 -0.405723
-0.151779 0.113647 -1.40866 -0.756644 0.508288 -0.411258
-0.152418 0.11374 -1.40722 -0.77458 0.51096 -0.372754
-0.152276 0.114108 -1.40699 -0.77564 0.515205 -0.364618
-0.151805 0.114713 -1.40707 -0.760126 0.543254 -0.356487
-0.151478 0.114826 -1.40761 -0.761685 0.522873 -0.382674
-0.151714 0.114642 -1.40744 -0.750609 0.543779 -0.375355
-0.154086 0.112972 -1.40451 -0.769911 0.561123 -0.303938
-0.153894 0.113095 -1.4049 -0.768855 0.579222 -0.270859
-0.153817 0.113293 -1.40469 -0.793064 0.510285 -0.332654
-0.1535 0.112863 -1.40612 -0.773653 0.531486 -0.344939
-0.153309 0.113627 -1.40532 -0.775281 0.528695 -0.345574
-0.15302 0.114119 -1.40525 -0.793779 0.469901 -0.386144
-0.153154 0.114174 -1.40495 -0.79755 0.474667 -0.372298
-0.154225 0.113261 -1.40388 -0.74856 0.548108 -0.373143
-0.154055 0.113249 -1.40424 -0.778633 0.498522 -0.38106
-0.153609 0.114103 -1.40403 -0.690074 0.619974 -0.373403
-0.153489 0.113978 -1.40453 -0.751319 0.55626 -0.355099
-0.153486 0.114086 -1.40423 -0.689813 0.631087 -0.354806
-0.153509 0.114437 -1.40378 -0.778915 0.4833 -0.39964
-0.154301 0.113801 -1.40297 -0.794467 0.486474 -0.363545
-0.154591 0.112835 -1.40367 -0.779125 0.517035 -0.354455
-0.154362 0.113254 -1.40366 -0.745661 0.572158 -0.341504
-0.154385 0.113381 -1.40331 -0.755895 0.55129 -0.353131
-0.154585 0.113262 -1.4031 -0.763177 0.52379 -0.378424
-0.152611 0.114464 -1.40567 -0.784077 0.50068 -0.366801
-0.151839 0.114961 -1.40669 -0.757651 0.521717 -0.392143
-0.152629 0.114056 -1.40629 -0.781519 0.510794 -0.358214
-0.152521 0.115015 -1.40523 -0.78353 0.492026 -0.379463
-0.152924 0.114469 -1.4051 -0.804617 0.46493 -0.369366
-0.151842 0.115476 -1.40592 -0.794564 0.485292 -0.36491
-0.151794 0.115825 -1.40558 -0.793668 0.469323 -0.387075
-0.151713 0.116393 -1.40514 -0.759047 0.495453 -0.422343
-0.152951 0.114667 -1.40465 -0.801907 0.504326 -0.320313
-0.152467 0.115855 -1.40421 -0.797943 0.465439 -0.382954
-0.152949 0.115721 -1.40343 -0.785572 0.492234 -0.374943
-0.153 0.115977 -1.40296 -0.783289 0.530466 -0.324135
-0.153583 0.114697 -1.40338 -0.785826 0.469504 -0.402546
-0.153245 0.115164 -1.40347 -0.7861 0.465373 -0.406786
-0.153634 0.11497 -1.40291 -0.81774 0.482671 -0.313575
-0.152466 0.116234 -1.40377 -0.806493 0.481238 -0.34348
-0.15267 0.116135 -1.40339 -0.782716 0.506159 -0.362158
-0.152583 0.116598 -1.40296 -0.781313 0.571266 -0.251407
-0.148657 0.111107 -1.40013 0.734752 -0.618676 0.278172
-0.148538 0.111611 -1.39925 0.793293 -0.546576 0.268218
-0.148217 0.111808 -1.39992 0.774498 -0.559634 0.294893
-0.148283 0.112015 -1.39934 0.806116 -0.509285 0.301339
-0.14872 0.111633 -1.39871 0.81365 -0.511541 0.276225
-0.148526 0.111978 -1.39872 0.819267 -0.491817 0.294817
-0.148264 0.11122 -1.40092 0.730258 -0.60437 0.318528
-0.147606 0.1124 -1.4002 0.719436 -0.591265 0.364441
-0.147546 0.112882 -1.3996 0.783265 -0.515469 0.347545
-0.148215 0.11224 -1.39914 0.783587 -0.550312 0.288356
-0.148268 0.112298 -1.39884 0.784835 -0.542679 0.299221
-0.14854 0.112191 -1.39835 0.806689 -0.502293 0.311376
-0.148831 0.112138 -1.39772 0.803533 -0.522035 0.286032
-0.14857 0.112463 -1.39776 0.812365 -0.502242 0.296337
-0.148129 0.112893 -1.39825 0.819783 -0.459058 0.342376
-0.14826 0.113332 -1.39747 0.870468 -0.331864 0.363526
-0.149588 0.11011 -1.39976 0.763002 -0.594827 0.252999
-0.150194 0.109834 -1.39869 0.737399 -0.606052 0.298235
-0.150765 0.109075 -1.39897 0.726309 -0.617192 0.302572
-0.14913 0.110668 -1.4 0.75275 -0.608047 0.252281
-0.149791 0.110391 -1.39861 0.735336 -0.613891 0.287088
-0.150386 0.110088 -1.39782 0.732845 -0.61031 0.300766
-0.15001 0.111044 -1.39655 0.728636 -0.600748 0.328926
-0.150831 0.109812 -1.39721 0.716236 -0.620401 0.319544
-0.149965 0.110682 -1.39746 0.715239 -0.639777 0.28128
-0.149017 0.111557 -1.39805 0.795593 -0.513017 0.32225
-0.149504 0.111276 -1.39739 0.76047 -0.581929 0.288172
-0.149487 0.1115 -1.39697 0.773063 -0.549305 0.317234
-0.148562 0.110994 -1.40054 0.722341 -0.630383 0.284325
-0.149013 0.11113 -1.39904 0.742899 -0.627066 0.234285
-0.148654 0.111318 -1.39963 0.741298 -0.621299 0.253899
-0.148999 0.111283 -1.39853 0.76576 -0.590317 0.25522
-0.149123 0.111874 -1.3973 0.799834 -0.52807 0.28532
-0.148859 0.112507 -1.39676 0.831728 -0.460132 0.310657
-0.148356 0.114017 -1.39676 0.901748 -0.23543 0.362523
-0.148973 0.113057 -1.39587 0.858908 -0.36388 0.360373
-0.14942 0.114779 -1.39414 0.855181 0.0223352 0.517848
-0.150443 0.111075 -1.3955 0.743364 -0.578232 0.336241
-0.151481 0.110382 -1.39456 0.680341 -0.593719 0.42969
-0.149809 0.111621 -1.39609 0.754808 -0.548889 0.359145
-0.150015 0.111517 -1.39577 0.778242 -0.509116 0.367613
-0.149802 0.111859 -1.39576 0.781871 -0.46717 0.412831
-0.150044 0.111983 -1.39528 0.773225 -0.479498 0.414976
-0.150505 0.111621 -1.39466 0.749818 -0.457021 0.478441
-0.150045 0.112188 -1.39495 0.737797 -0.530179 0.417811
-0.150193 0.112338 -1.39453 0.676872 -0.48675 0.552195
-0.151684 0.111129 -1.39395 0.235773 -0.201552 0.950678
-0.15118 0.11124 -1.39418 0.594101 -0.383549 0.70706
-0.151228 0.111499 -1.39401 0.437265 -0.282006 0.853975
-0.151489 0.11191 -1.39384 0.0833989 -0.113248 0.99006
-0.150291 0.113015 -1.39384 0.478309 -0.461091 0.747406
-0.150522 0.11232 -1.39422 0.57061 -0.422259 0.704345
-0.151099 0.112314 -1.39386 0.195657 -0.217597 0.956227
-0.150844 0.112215 -1.39403 0.528136 -0.323121 0.78528
-0.150861 0.112656 -1.39382 0.295081 -0.388478 0.872933
-0.151464 0.112826 -1.39383 -0.170589 -0.0957781 0.980676
-0.152133 0.111305 -1.39395 -0.0941176 0.0499406 0.994308
-0.152425 0.111752 -1.39404 -0.142507 0.0426075 0.988876
-0.153451 0.112259 -1.39412 -0.219021 -0.0289375 0.975291
-0.154166 0.111277 -1.39437 -0.417561 0.0706155 0.905901
-0.152479 0.112566 -1.39405 -0.142345 -0.0291401 0.989388
-0.149307 0.112022 -1.39652 0.782008 -0.504084 0.366557
-0.149416 0.112794 -1.3951 0.773996 -0.465911 0.428785
-0.149906 0.112898 -1.39433 0.688641 -0.475733 0.547222
-0.149919 0.113724 -1.39374 0.601292 -0.37832 0.703791
-0.150256 0.113678 -1.39357 0.242418 -0.330623 0.912098
-0.150642 0.113517 -1.39358 -0.0453604 -0.213071 0.975983
-0.150738 0.113037 -1.39367 0.112476 -0.307328 0.944933
-0.151106 0.112775 -1.39377 -0.0858203 -0.216886 0.972417
-0.150552 0.114235 -1.39339 -0.101134 -0.154431 0.982814
-0.151634 0.113793 -1.39374 -0.257678 -0.0440447 0.965227
-0.14966 0.113958 -1.3939 0.792754 -0.242029 0.559431
-0.149021 0.114032 -1.39507 0.894685 -0.169781 0.413174
-0.14995 0.114194 -1.39349 0.554046 -0.262534 0.790006
-0.149929 0.114525 -1.39346 0.630998 0.0283832 0.775265
-0.15023 0.114314 -1.39334 0.196218 -0.165516 0.96649
-0.149702 0.115589 -1.39392 0.748696 0.216859 0.62644
-0.150209 0.11465 -1.39334 0.178814 0.127665 0.975565
-0.151012 0.113992 -1.39352 -0.241117 -0.107105 0.964568
-0.150467 0.114775 -1.39335 -0.133921 0.122606 0.983378
-0.151077 0.114845 -1.39355 -0.271274 0.0590876 0.960687
-0.150745 0.115712 -1.39364 -0.0717514 0.148355 0.986328
-0.152627 0.113791 -1.39393 -0.173634 -0.00646354 0.984789
-0.15339 0.112997 -1.39407 -0.298434 -0.00582832 0.954412
-0.153159 0.113888 -1.39404 -0.253041 0.112088 0.960941
-0.153902 0.113797 -1.39429 -0.456546 0.0460633 0.888507
-0.15357 0.115125 -1.39437 -0.30298 0.0816398 0.949493
-0.152132 0.114697 -1.39388 -0.276197 0.0217565 0.960855
-0.151714 0.115188 -1.39374 -0.292443 0.0493217 0.95501
-0.152985 0.114749 -1.39416 -0.273745 0.0831689 0.9582
-0.146924 0.113168 -1.40064 0.837993 -0.361919 0.408389
-0.147328 0.114214 -1.39896 0.898541 -0.147293 0.413435
-0.146542 0.113973 -1.40089 0.888053 -0.185959 0.420453
-0.146309 0.114623 -1.40122 0.912957 -0.0146901 0.407792
-0.146665 0.114631 -1.40039 0.915874 -0.0318371 0.400201
-0.147074 0.115102 -1.39952 0.911464 0.112848 0.395599
-0.147451 0.11468 -1.3986 0.902838 -0.0684904 0.424492
-0.147765 0.113479 -1.39847 0.868197 -0.295196 0.398865
-0.147911 0.114228 -1.39772 0.914921 -0.128067 0.382778
-0.147987 0.114982 -1.39745 0.94257 -0.0456991 0.330868
-0.147781 0.11543 -1.39796 0.919122 0.11406 0.377101
-0.146327 0.115081 -1.40121 0.909911 0.148666 0.387247
-0.146651 0.115905 -1.40093 0.86666 0.341241 0.363943
-0.146347 0.115919 -1.40181 0.857282 0.38126 0.34599
-0.14703 0.11686 -1.40125 0.769341 0.573811 0.280813
-0.147279 0.116712 -1.40051 0.801218 0.517217 0.300892
-0.147164 0.115849 -1.39978 0.886904 0.297329 0.35355
-0.147657 0.115926 -1.39848 0.882726 0.283686 0.374589
-0.147745 0.116505 -1.39888 0.819457 0.458877 0.343397
-0.147653 0.116872 -1.39968 0.734151 0.610266 0.297654
-0.147861 0.117351 -1.40025 0.624123 0.750078 0.218754
-0.148322 0.117455 -1.39965 0.606362 0.75407 0.252394
-0.148096 0.117031 -1.39898 0.707275 0.645501 0.288255
-0.148508 0.117208 -1.39833 0.691974 0.659727 0.293143
-0.148636 0.116758 -1.39734 0.778148 0.544737 0.312645
-0.148277 0.114783 -1.39662 0.930754 -0.0119541 0.365449
-0.148854 0.115103 -1.39533 0.904392 0.0551833 0.423119
-0.148679 0.115879 -1.39594 0.879469 0.256775 0.40075
-0.148121 0.116018 -1.39761 0.85195 0.381551 0.35861
-0.148556 0.116141 -1.39643 0.876411 0.346106 0.334834
-0.149382 0.115588 -1.39442 0.854793 0.194331 0.48121
-0.149939 0.115661 -1.39374 0.520477 0.301414 0.798908
-0.150216 0.116024 -1.39375 0.246461 0.279974 0.927832
-0.150823 0.116428 -1.39371 0.085867 0.206109 0.974754
-0.149693 0.116521 -1.39442 0.730643 0.429732 0.530557
-0.149806 0.116861 -1.39465 0.694629 0.58191 0.422932
-0.150585 0.116615 -1.39381 0.244334 0.386707 0.889246
-0.150285 0.116843 -1.39408 0.460646 0.52171 0.71807
-0.151554 0.115773 -1.39375 -0.248827 0.0225156 0.968286
-0.152383 0.11605 -1.39404 -0.316063 -0.00917919 0.948694
-0.149196 0.116849 -1.39592 0.759429 0.557558 0.335255
-0.149458 0.117588 -1.3969 0.624401 0.741876 0.244425
-0.149022 0.117645 -1.39838 0.594388 0.776948 0.207497
-0.149121 0.117448 -1.39754 0.701542 0.655034 0.280657
-0.149107 0.117895 -1.39935 0.458936 0.874325 0.1579
-0.149592 0.117934 -1.39801 0.446566 0.881007 0.156222
-0.150062 0.117847 -1.39642 0.462084 0.857935 0.224557
-0.150326 0.118223 -1.39779 0.308566 0.943293 0.122416
-0.152641 0.118482 -1.39735 -0.178793 0.979661 -0.0910897
-0.150709 0.11824 -1.3973 0.252774 0.960125 0.119438
-0.15181 0.118488 -1.39808 0.0682705 0.997667 0.000617547
-0.152441 0.118498 -1.3966 0.0675534 0.997246 0.0306041
-0.149699 0.117346 -1.39584 0.636502 0.70752 0.30705
-0.150656 0.117693 -1.39481 0.44573 0.80945 0.382251
-0.15064 0.117947 -1.39575 0.368617 0.905648 0.209577
-0.150229 0.117305 -1.39465 0.585823 0.680018 0.440893
-0.150854 0.117577 -1.39452 0.377833 0.703326 0.602142
-0.151538 0.117792 -1.39437 0.24069 0.725445 0.644824
-0.151415 0.117999 -1.39473 0.304657 0.861372 0.406476
-0.152653 0.118181 -1.39456 0.0629805 0.795798 0.602278
-0.153077 0.118239 -1.39465 -0.168141 0.818687 0.549072
-0.151182 0.118307 -1.39659 0.25759 0.959908 0.110561
-0.15178 0.118328 -1.39559 0.252682 0.955533 0.152016
-0.15271 0.118452 -1.39503 0.0717685 0.960806 0.26777
-0.153058 0.11842 -1.39501 -0.159346 0.963044 0.217154
-0.156821 0.110767 -1.40197 -0.744367 0.594308 -0.304493
-0.157266 0.110805 -1.40077 -0.718339 0.621317 -0.312976
-0.156658 0.111939 -1.4002 -0.757968 0.570163 -0.316857
-0.156843 0.112481 -1.39881 -0.772541 0.602895 -0.199244
-0.157267 0.111939 -1.39848 -0.791273 0.602524 -0.104171
-0.15734 0.111915 -1.39795 -0.803393 0.59515 0.0188672
-0.155446 0.112465 -1.40225 -0.778176 0.54247 -0.316492
-0.15629 0.112059 -1.40104 -0.753551 0.584146 -0.301554
-0.155957 0.112055 -1.40169 -0.756898 0.567081 -0.324845
-0.155975 0.11241 -1.4011 -0.76343 0.571687 -0.30058
-0.156159 0.112388 -1.40059 -0.767539 0.565265 -0.302257
-0.156459 0.112383 -1.39992 -0.757666 0.576057 -0.306758
-0.156197 0.112543 -1.40031 -0.757519 0.569031 -0.31995
-0.155929 0.112645 -1.40073 -0.771996 0.575617 -0.269607
-0.155766 0.112893 -1.40059 -0.756996 0.583447 -0.294189
-0.155853 0.113072 -1.40014 -0.768543 0.561333 -0.306996
-0.155295 0.113442 -1.40088 -0.797627 0.531641 -0.284867
-0.156737 0.112459 -1.39914 -0.737605 0.613522 -0.282011
-0.156199 0.112741 -1.39983 -0.755006 0.590593 -0.284894
-0.156363 0.112937 -1.39906 -0.779204 0.56125 -0.278997
-0.156724 0.112677 -1.39858 -0.782793 0.598994 -0.168645
-0.156218 0.113264 -1.39893 -0.780138 0.545138 -0.306935
-0.156371 0.11328 -1.39834 -0.827551 0.532386 -0.178113
-0.156058 0.11323 -1.39926 -0.76712 0.559196 -0.314367
-0.156389 0.113108 -1.39864 -0.800741 0.546152 -0.246032
-0.156015 0.113585 -1.39878 -0.78013 0.561305 -0.276286
-0.157835 0.110596 -1.40005 -0.708523 0.631563 -0.314838
-0.157361 0.110166 -1.40201 -0.686263 0.66955 -0.284157
-0.158738 0.110022 -1.39912 -0.828493 0.538296 -0.15439
-0.157356 0.111574 -1.39921 -0.763225 0.590517 -0.262254
-0.158129 0.110783 -1.39897 -0.733547 0.640493 -0.227327
-0.158137 0.110786 -1.39788 -0.798332 0.492744 0.346221
-0.157764 0.111095 -1.39764 -0.778607 0.444094 0.443342
-0.158322 0.110681 -1.39841 -0.808796 0.587892 0.0152074
-0.157736 0.111316 -1.39796 -0.812816 0.558903 0.164185
-0.157737 0.111368 -1.39839 -0.779273 0.624935 -0.0467887
-0.155674 0.111359 -1.39592 -0.794418 0.176714 0.581096
-0.155094 0.111494 -1.39516 -0.723939 0.207927 0.657784
-0.155591 0.11228 -1.39599 -0.706343 0.0157893 0.707694
-0.156143 0.111254 -1.39659 -0.801074 0.0447793 0.596888
-0.156365 0.111136 -1.39686 -0.637032 0.0095262 0.770778
-0.156648 0.111804 -1.39685 -0.51401 -0.12006 0.849341
-0.15738 0.111262 -1.39729 -0.609703 0.153272 0.77767
-0.157687 0.110913 -1.39743 -0.633153 0.276774 0.722851
-0.156621 0.111074 -1.39701 -0.392984 -0.0173333 0.919382
-0.157107 0.111548 -1.39711 -0.535679 0.0523268 0.842799
-0.157413 0.111519 -1.39741 -0.743915 0.30648 0.593852
-0.157078 0.111881 -1.39714 -0.73263 0.158693 0.661869
-0.157366 0.111827 -1.39764 -0.82644 0.488479 0.279974
-0.156828 0.111905 -1.39692 -0.533967 -0.0709175 0.842526
-0.156826 0.112175 -1.39697 -0.641476 0.188994 0.743499
-0.156892 0.112281 -1.39712 -0.831996 0.331725 0.444681
-0.156739 0.112773 -1.39718 -0.944067 0.284307 0.167056
-0.156543 0.112794 -1.39679 -0.823311 0.109331 0.556961
-0.156083 0.111934 -1.39641 -0.681604 -0.0688527 0.728474
-0.156362 0.112584 -1.39659 -0.673383 -0.00279264 0.739289
-0.154557 0.111452 -1.39464 -0.601232 0.153988 0.784097
-0.154717 0.112525 -1.39494 -0.694563 0.0637155 0.716605
-0.154192 0.112044 -1.39446 -0.567888 0.104185 0.816486
-0.153699 0.112759 -1.39421 -0.481209 0.0219373 0.876331
-0.155412 0.113033 -1.39576 -0.668234 -0.0535955 0.742018
-0.156891 0.112474 -1.39754 -0.854768 0.518257 0.0279454
-0.156551 0.113142 -1.39763 -0.89315 0.416923 -0.168696
-0.156617 0.112983 -1.39694 -0.92422 0.168801 0.342526
-0.156624 0.113163 -1.39728 -0.959318 0.278479 -0.0464709
-0.156598 0.113274 -1.39703 -0.933565 0.254843 0.252017
-0.156438 0.113658 -1.3972 -0.90626 0.388417 -0.166806
-0.156028 0.113381 -1.39618 -0.733275 -0.130037 0.667381
-0.156281 0.113423 -1.39648 -0.792225 -0.269946 0.547274
-0.156464 0.113446 -1.39678 -0.932184 0.0237105 0.361209
-0.156427 0.113824 -1.3969 -0.955369 0.278352 0.0989512
-0.156185 0.113853 -1.3975 -0.793615 0.496886 -0.351111
-0.156335 0.114043 -1.39701 -0.85493 0.494772 -0.155872
-0.15616 0.113722 -1.39781 -0.824964 0.512426 -0.238442
-0.155971 0.114475 -1.39709 -0.828864 0.516107 -0.215913
-0.155798 0.114071 -1.39598 -0.705132 0.0908054 0.703237
-0.156227 0.114112 -1.3966 -0.861934 0.365039 0.351876
-0.156014 0.114507 -1.39675 -0.866274 0.497665 -0.0435823
-0.154266 0.11427 -1.39457 -0.61179 0.0106537 0.790949
-0.154928 0.113882 -1.39522 -0.710882 -0.0328312 0.702544
-0.15545 0.114297 -1.3957 -0.721452 0.0174568 0.692245
-0.15552 0.114664 -1.39586 -0.831738 0.23115 0.504759
-0.155199 0.115246 -1.39545 -0.85554 0.0943098 0.509074
-0.154737 0.115186 -1.39488 -0.669176 -0.0271781 0.742607
-0.155562 0.114944 -1.39618 -0.89178 0.331444 0.308016
-0.154263 0.11427 -1.40225 -0.807942 0.511541 -0.292499
-0.154821 0.113546 -1.402 -0.80541 0.514731 -0.293881
-0.154667 0.11404 -1.40162 -0.803759 0.50375 -0.316554
-0.154679 0.114705 -1.40053 -0.813425 0.492728 -0.309126
-0.154691 0.115158 -1.39968 -0.819644 0.495142 -0.28813
-0.153984 0.116037 -1.40026 -0.783364 0.549429 -0.290635
-0.154261 0.116268 -1.39899 -0.797583 0.530568 -0.286983
-0.155547 0.114159 -1.399 -0.812681 0.514157 -0.274212
-0.155093 0.114945 -1.39898 -0.827771 0.488084 -0.276711
-0.153405 0.115791 -1.402 -0.815765 0.504838 -0.282251
-0.153252 0.116117 -1.40186 -0.772271 0.515089 -0.37186
-0.153293 0.115775 -1.40254 -0.812787 0.519738 -0.263154
-0.153549 0.115864 -1.4016 -0.807132 0.480474 -0.343049
-0.15395 0.115451 -1.4011 -0.804186 0.494618 -0.329603
-0.153397 0.116152 -1.40152 -0.786461 0.52992 -0.317277
-0.153022 0.116164 -1.40247 -0.781406 0.589534 -0.204584
-0.152748 0.11645 -1.40262 -0.789961 0.582606 -0.191134
-0.152849 0.116563 -1.40209 -0.736019 0.633054 -0.23983
-0.15252 0.116783 -1.40267 -0.619243 0.784048 -0.0425023
-0.152735 0.117131 -1.40131 -0.728106 0.625888 -0.279511
-0.15371 0.116455 -1.40008 -0.78689 0.566573 -0.24454
-0.153517 0.116683 -1.40024 -0.787796 0.544496 -0.287927
-0.153778 0.11659 -1.39965 -0.792095 0.540278 -0.284051
-0.153874 0.116705 -1.39913 -0.78611 0.542793 -0.295648
-0.153347 0.117469 -1.3992 -0.734455 0.609765 -0.29793
-0.152775 0.118098 -1.39896 -0.621233 0.740356 -0.256792
-0.154959 0.115811 -1.39786 -0.822889 0.499077 -0.271617
-0.155077 0.116152 -1.39667 -0.865583 0.450377 -0.218922
-0.154401 0.117214 -1.39692 -0.808921 0.524399 -0.265804
-0.155471 0.114557 -1.39838 -0.825814 0.508126 -0.244619
-0.155459 0.115378 -1.39697 -0.858989 0.486066 -0.160863
-0.155569 0.115202 -1.39659 -0.885946 0.448936 0.116434
-0.155296 0.115682 -1.39594 -0.943228 0.161942 0.289991
-0.154936 0.115621 -1.3951 -0.834351 0.00549657 0.551207
-0.155091 0.115858 -1.39541 -0.927481 0.0606193 0.368923
-0.15529 0.115898 -1.39615 -0.952085 0.304131 0.0322159
-0.155265 0.115858 -1.39585 -0.963862 0.115915 0.239863
-0.15417 0.11494 -1.39456 -0.443112 0.0393461 0.895602
-0.152882 0.116377 -1.39417 -0.291217 -0.0359976 0.955979
-0.154415 0.116092 -1.39463 -0.446672 0.00399034 0.894689
-0.15505 0.116578 -1.39529 -0.925907 0.0725817 0.370712
-0.155121 0.116419 -1.39612 -0.913431 0.373742 -0.161122
-0.155137 0.116302 -1.39568 -0.978639 0.156063 0.133828
-0.155102 0.116554 -1.39576 -0.960428 0.273746 -0.0513986
-0.15482 0.117281 -1.39552 -0.887923 0.459329 -0.0246946
-0.154618 0.117229 -1.39623 -0.806907 0.502429 -0.31059
-0.154127 0.116902 -1.39451 -0.421095 0.120327 0.899
-0.15382 0.117152 -1.39443 -0.417923 0.227439 0.879552
-0.154285 0.117253 -1.39473 -0.553941 0.394284 0.733273
-0.154856 0.116572 -1.39497 -0.725042 0.0655549 0.685577
-0.155038 0.11684 -1.3954 -0.951332 0.277801 0.133392
-0.154432 0.116894 -1.3947 -0.577074 0.191202 0.793994
-0.1549 0.116949 -1.39513 -0.784256 0.349681 0.512509
-0.154527 0.11761 -1.39527 -0.707115 0.609736 0.358065
-0.153771 0.117054 -1.39884 -0.794469 0.51792 -0.31714
-0.153941 0.117034 -1.39846 -0.810965 0.499741 -0.304295
-0.154242 0.116697 -1.39817 -0.805554 0.519295 -0.285333
-0.154089 0.11707 -1.39796 -0.823206 0.482393 -0.299381
-0.15386 0.117409 -1.39812 -0.805782 0.510368 -0.300398
-0.154145 0.117539 -1.397 -0.76215 0.608689 -0.220511
-0.153971 0.117416 -1.39775 -0.796586 0.532495 -0.286181
-0.153883 0.117718 -1.39746 -0.73069 0.641983 -0.232272
-0.153422 0.117922 -1.3982 -0.680955 0.677108 -0.278972
-0.153614 0.117865 -1.3978 -0.631072 0.7406 -0.23078
-0.153136 0.118366 -1.39701 -0.438883 0.881713 -0.173101
-0.15286 0.11833 -1.39793 -0.462811 0.868571 -0.177175
-0.154061 0.117895 -1.39629 -0.713 0.638398 -0.289963
-0.15386 0.11827 -1.39593 -0.571908 0.783481 -0.243061
-0.154628 0.117507 -1.39588 -0.746214 0.606446 -0.27457
-0.154398 0.117698 -1.39598 -0.617296 0.755618 -0.219058
-0.154238 0.117648 -1.39628 -0.740411 0.595076 -0.312532
-0.154228 0.11782 -1.39595 -0.750197 0.632025 -0.194289
-0.154122 0.117676 -1.3949 -0.569413 0.524955 0.632607
-0.154231 0.117915 -1.39532 -0.710982 0.659367 0.244415
-0.153442 0.118157 -1.39473 -0.431136 0.672334 0.601739
-0.153971 0.118119 -1.39522 -0.568692 0.745821 0.346902
-0.154139 0.118084 -1.39576 -0.76572 0.634735 -0.10385
-0.153427 0.118368 -1.39515 -0.323247 0.892224 0.315353
-0.154654 0.117573 -1.39557 -0.717907 0.691179 -0.0829558
-0.154343 0.11774 -1.39572 -0.634883 0.754058 -0.168285
-0.15426 0.117879 -1.39561 -0.761499 0.639989 -0.102631
-0.153485 0.118187 -1.39688 -0.548187 0.802614 -0.235161
-0.153237 0.118478 -1.39611 -0.206267 0.97569 -0.0740464
-0.153491 0.118355 -1.39636 -0.34969 0.911282 -0.217446
-0.153827 0.118329 -1.39567 -0.401459 0.915584 0.0231453
-0.143341 0.115225 -1.40873 0.930248 0.215806 0.296759
-0.143516 0.115312 -1.40813 0.925027 0.205759 0.319356
-0.14289 0.115299 -1.40995 0.896256 0.27422 0.34861
-0.142997 0.116014 -1.41051 0.796044 0.525712 0.299902
-0.143759 0.115954 -1.40824 0.8493 0.434365 0.300028
-0.143547 0.116224 -1.4094 0.78981 0.549999 0.271479
-0.143733 0.115059 -1.40747 0.914209 0.165288 0.370002
-0.14414 0.115708 -1.40702 0.873221 0.364952 0.322948
-0.144347 0.116544 -1.40782 0.752401 0.599127 0.273752
-0.144561 0.11633 -1.40667 0.786223 0.563458 0.253709
-0.144631 0.116912 -1.4081 0.626472 0.752177 0.204359
-0.145356 0.117165 -1.40684 0.576928 0.796983 0.178807
-0.143436 0.116556 -1.41049 0.649309 0.724996 0.229735
-0.144224 0.117038 -1.40997 0.546206 0.823188 0.154987
-0.143735 0.116519 -1.40958 0.70727 0.669683 0.226482
-0.144085 0.116733 -1.40904 0.657666 0.724059 0.207882
-0.144457 0.117043 -1.40932 0.484127 0.862354 0.14821
-0.144468 0.117216 -1.41034 0.375278 0.919608 0.116132
-0.144907 0.117316 -1.40991 0.403778 0.911469 0.0786573
-0.145504 0.117596 -1.40953 0.368208 0.928698 0.0440718
-0.146237 0.117635 -1.41124 0.0423783 0.9959 -0.0799231
-0.146304 0.117837 -1.40956 0.0940671 0.994615 -0.0435022
-0.145241 0.117368 -1.40826 0.475794 0.872173 0.113727
-0.146714 0.11785 -1.40872 0.0392067 0.998127 -0.0469718
-0.146511 0.117837 -1.40792 0.253631 0.966865 0.0290267
-0.145709 0.11745 -1.40711 0.455691 0.881454 0.124033
-0.149532 0.115088 -1.41063 -0.765457 0.478273 -0.430501
-0.148943 0.116558 -1.41008 -0.730953 0.522733 -0.438701
-0.149946 0.115696 -1.40933 -0.761018 0.487743 -0.427736
-0.150036 0.115039 -1.40987 -0.732395 0.50574 -0.455878
-0.150337 0.115265 -1.4091 -0.758704 0.498554 -0.419301
-0.150285 0.115062 -1.40947 -0.762293 0.48942 -0.42353
-0.149308 0.116288 -1.4098 -0.747168 0.496403 -0.441955
-0.150655 0.115838 -1.40795 -0.750833 0.534028 -0.388669
-0.150204 0.116195 -1.40825 -0.747272 0.524281 -0.408306
-0.148939 0.117416 -1.4087 -0.537127 0.794595 -0.283043
-0.149374 0.116889 -1.40891 -0.706088 0.594655 -0.384481
-0.149708 0.117116 -1.40785 -0.663635 0.65412 -0.362926
-0.149357 0.117484 -1.40781 -0.559593 0.734879 -0.383157
-0.147473 0.117318 -1.41111 -0.496274 0.82109 -0.281997
-0.147482 0.117592 -1.41046 -0.3454 0.87409 -0.341563
-0.147644 0.117786 -1.40976 -0.126982 0.974984 -0.182432
-0.148457 0.117096 -1.4102 -0.655387 0.636421 -0.40674
-0.148604 0.117246 -1.40967 -0.643106 0.676446 -0.358937
-0.147268 0.117752 -1.4101 -0.114162 0.982238 -0.148917
-0.148004 0.117721 -1.40962 -0.368369 0.909841 -0.191035
-0.147994 0.117639 -1.40991 -0.472468 0.809596 -0.348322
-0.146928 0.117734 -1.41058 -0.18448 0.963701 -0.192997
-0.148484 0.117512 -1.40927 -0.527401 0.810829 -0.253781
-0.147861 0.117872 -1.40873 -0.15945 0.983048 -0.0905089
-0.146991 0.117911 -1.40814 0.0533278 0.996612 -0.0626145
-0.147303 0.118014 -1.40703 0.0907509 0.994194 -0.0578071
-0.148515 0.117752 -1.4081 -0.320487 0.919391 -0.228052
-0.14884 0.11764 -1.40809 -0.419426 0.834709 -0.356852
-0.148058 0.117893 -1.40794 -0.106424 0.986292 -0.126102
-0.149173 0.117393 -1.40823 -0.549005 0.773845 -0.315845
-0.149043 0.117708 -1.40779 -0.374401 0.862338 -0.340876
-0.144681 0.116088 -1.40585 0.849854 0.457111 0.262294
-0.145401 0.116459 -1.40452 0.812861 0.42823 0.394811
-0.144949 0.116204 -1.40514 0.854335 0.383132 0.351172
-0.145054 0.116735 -1.40615 0.703437 0.684405 0.191745
-0.145251 0.116653 -1.4051 0.764748 0.581944 0.276589
-0.145875 0.117336 -1.40594 0.52942 0.840028 0.118604
-0.147108 0.117944 -1.40597 0.336972 0.939193 0.0660729
-0.145537 0.117065 -1.40545 0.636155 0.74891 0.185581
-0.146224 0.117428 -1.40482 0.539909 0.824716 0.16835
-0.146647 0.117667 -1.40496 0.427221 0.898536 0.100578
-0.145756 0.116705 -1.40413 0.74814 0.575756 0.329836
-0.146243 0.117081 -1.4037 0.670872 0.681515 0.292348
-0.14634 0.116729 -1.40286 0.731084 0.590391 0.341987
-0.146998 0.117409 -1.40299 0.556465 0.787459 0.265056
-0.147433 0.117678 -1.40296 0.410039 0.897367 0.163095
-0.147251 0.117832 -1.40433 0.346173 0.930825 0.11717
-0.148173 0.118132 -1.40605 0.0833907 0.996211 -0.0246722
-0.149183 0.118185 -1.40511 -0.117317 0.985441 -0.123059
-0.151115 0.116628 -1.40596 -0.746605 0.539267 -0.38958
-0.150765 0.1162 -1.40707 -0.767065 0.52047 -0.375128
-0.151565 0.116377 -1.40539 -0.748216 0.53094 -0.397837
-0.150915 0.11715 -1.40548 -0.695325 0.613036 -0.375113
-0.150232 0.116991 -1.4071 -0.723333 0.577499 -0.378529
-0.150258 0.117329 -1.4065 -0.657923 0.674498 -0.334947
-0.149442 0.117764 -1.40698 -0.522204 0.797592 -0.301911
-0.149861 0.117554 -1.40681 -0.607226 0.71928 -0.337511
-0.149831 0.117818 -1.40611 -0.41429 0.878593 -0.237567
-0.150198 0.117876 -1.40538 -0.507289 0.80303 -0.312732
-0.149771 0.118121 -1.40506 -0.220382 0.958771 -0.179416
-0.148544 0.118186 -1.40512 0.08556 0.996077 -0.0225919
-0.149431 0.118218 -1.40429 -0.035741 0.995998 -0.0819179
-0.148511 0.118152 -1.40357 0.2045 0.977299 0.0553753
-0.151471 0.117265 -1.40423 -0.678545 0.66492 -0.312183
-0.150199 0.118051 -1.40477 -0.32729 0.917099 -0.227618
-0.150823 0.1176 -1.40496 -0.603836 0.724231 -0.332972
-0.149891 0.118316 -1.40344 0.0247011 0.999007 -0.037077
-0.150228 0.118188 -1.40421 -0.186615 0.968332 -0.165855
-0.150667 0.118072 -1.40401 -0.485126 0.851452 -0.199202
-0.149141 0.118 -1.40667 -0.309891 0.92842 -0.204951
-0.148627 0.117993 -1.40717 -0.120861 0.975006 -0.186431
-0.149081 0.118101 -1.40598 -0.14542 0.983343 -0.109036
-0.151794 0.116621 -1.40469 -0.739869 0.549536 -0.388079
-0.151971 0.117068 -1.40359 -0.670707 0.693005 -0.26438
-0.147003 0.117036 -1.40199 0.653602 0.71636 0.244199
-0.147766 0.117388 -1.40088 0.613815 0.765033 0.194822
-0.147949 0.117819 -1.40246 0.464147 0.865022 0.190538
-0.148332 0.117746 -1.40102 0.440425 0.88802 0.132082
-0.14919 0.118103 -1.40072 0.341046 0.935186 0.0954738
-0.149661 0.11828 -1.40132 0.200017 0.978908 0.0416317
-0.148777 0.118101 -1.40244 0.270357 0.960355 0.0680138
-0.150038 0.118332 -1.40177 0.074119 0.997025 -0.0211745
-0.151685 0.117655 -1.40287 -0.581393 0.760522 -0.289116
-0.151206 0.117798 -1.40337 -0.562615 0.788846 -0.247358
-0.151411 0.118052 -1.40217 -0.428237 0.869461 -0.246274
-0.150863 0.118372 -1.40119 -0.145587 0.984836 -0.0943501
-0.151807 0.11797 -1.40178 -0.53622 0.812617 -0.2283
-0.151949 0.117961 -1.40125 -0.607689 0.769648 -0.195845
-0.151468 0.118275 -1.40104 -0.343742 0.921292 -0.18183
-0.150683 0.118193 -1.40289 -0.388557 0.909921 -0.145148
-0.150543 0.118294 -1.40248 -0.197202 0.976562 -0.0862401
-0.149735 0.11816 -1.39963 0.281378 0.956525 0.0767238
-0.150621 0.118354 -1.39922 0.146533 0.988971 0.0215613
-0.15066 0.118396 -1.40059 0.0894693 0.995921 0.011659
-0.151976 0.118149 -1.40068 -0.503859 0.827287 -0.248441
-0.152555 0.118125 -1.39957 -0.549319 0.803242 -0.230327
-0.151403 0.118394 -1.39958 -0.0467111 0.997585 -0.0513972
-0.15197 0.118289 -1.39992 -0.251675 0.958947 -0.130688
-0.152192 0.118369 -1.39903 -0.216682 0.967208 -0.132507
-0.152196 0.117589 -1.4019 -0.682599 0.68283 -0.260389
-0.151404 0.116511 -1.39374 -0.0901386 0.123437 0.98825
-0.151164 0.116781 -1.3938 0.109745 0.336485 0.935272
-0.151551 0.117136 -1.39386 0.0468768 0.357108 0.932886
-0.151414 0.117383 -1.39405 0.219948 0.564652 0.795482
-0.151945 0.1174 -1.39399 0.0196331 0.455878 0.889826
-0.152207 0.117284 -1.39397 -0.169296 0.166464 0.971406
-0.152986 0.11744 -1.39414 -0.276602 0.173691 0.945158
-0.152627 0.117855 -1.39421 -0.013921 0.523827 0.851711
-0.152938 0.117851 -1.39426 -0.245505 0.538335 0.806178
-0.153621 0.117685 -1.39451 -0.467792 0.392889 0.791712
-0.157592 0.074904 -1.43753 0.70063 -0.63719 0.321101
-0.150396 0.080852 -1.43781 0.617252 -0.645506 0.449801
-0.149871 0.08118 -1.4381 0.680491 -0.617039 0.395215
-0.149627 0.08142 -1.4382 0.686299 -0.616069 0.386591
-0.152018 0.079641 -1.43749 0.496114 -0.701305 0.511901
-0.15219 0.079593 -1.43743 0.444268 -0.725338 0.525843
-0.148373 0.0809 -1.44095 0.715274 -0.658538 0.233904
-0.147578 0.083815 -1.43772 0.605765 -0.684826 0.405046
-0.14846 0.080763 -1.44118 0.660529 -0.619391 0.424329
-0.152652 0.080081 -1.43632 0.646931 -0.646082 0.405041
-0.147287 0.084546 -1.43677 0.501231 -0.797962 0.3347
-0.151178 0.079111 -1.43924 0.613229 -0.645939 0.454657
-0.149614 0.082594 -1.43639 0.613282 -0.647004 0.453068
-0.150391 0.079602 -1.43967 0.680606 -0.616947 0.395161
-0.149352 0.082757 -1.43653 0.677231 -0.618797 0.398056
-0.150653 0.079438 -1.43953 0.636698 -0.638998 0.431621
-0.147976 0.082357 -1.43934 0.649007 -0.637545 0.415122
-0.150024 0.079963 -1.43981 0.690815 -0.613252 0.38301
-0.149229 0.082877 -1.43658 0.681995 -0.618431 0.390417
-0.147283 0.084638 -1.43649 0.528444 -0.756652 0.385001
-0.147732 0.081283 -1.4413 0.430866 -0.465939 0.772823
-0.152816 0.080261 -1.43551 0.686766 -0.600352 0.409793
-0.150146 0.079842 -1.43976 0.722394 -0.592282 0.356858
-0.153189 0.080092 -1.43528 0.548384 -0.643185 0.534404
-0.150455 0.083124 -1.43464 0.582457 -0.651042 0.486711
-0.151236 0.081382 -1.43607 0.583852 -0.654489 0.480376
-0.151989 0.078505 -1.43908 0.518148 -0.69099 0.504038
-0.152048 0.080777 -1.43591 0.529745 -0.684762 0.500472
-0.152134 0.080753 -1.43588 0.465268 -0.717455 0.518443
-0.152247 0.078434 -1.43898 0.458428 -0.720244 0.520666
-0.150555 0.083082 -1.43458 0.609781 -0.718577 0.334388
-0.152161 0.078458 -1.43901 0.401351 -0.740827 0.538602
-0.150481 0.083151 -1.43455 0.614424 -0.730898 0.297105
-0.147393 0.081473 -1.44136 0.613349 -0.517034 0.597058
-0.153424 0.080223 -1.43492 0.529003 -0.655053 0.539502
-0.150846 0.082253 -1.43536 0.583864 -0.654137 0.480841
-0.147192 0.081673 -1.44147 0.631163 -0.542708 0.554167
-0.147349 0.082097 -1.44071 0.705715 -0.656673 0.265983
-0.148603 0.082617 -1.43796 0.648892 -0.637504 0.415365
-0.149397 0.079703 -1.44119 0.705769 -0.656827 0.265459
-0.150284 0.083354 -1.43447 0.612915 -0.720986 0.323286
-0.146951 0.083555 -1.4391 0.605627 -0.6852 0.40462
-0.149 0.08116 -1.43957 0.648204 -0.637854 0.415902
-0.148205 0.084075 -1.43634 0.605263 -0.68542 0.404791
-0.147479 0.081892 -1.44106 0.663607 -0.621708 0.41606
-0.149441 0.079634 -1.44131 0.562165 -0.554621 0.613487
-0.153973 0.079826 -1.43482 0.437472 -0.703184 0.560491
-0.14666 0.08494 -1.4369 0.58049 -0.659592 0.477461
-0.147436 0.08196 -1.44095 0.744829 -0.658083 0.110257
-0.152365 0.080996 -1.43532 0.668605 -0.634369 0.388
-0.152939 0.079165 -1.43732 0.64684 -0.64601 0.405301
-0.152765 0.077762 -1.43943 0.367213 -0.784832 0.499193
-0.147127 0.081348 -1.44178 0.558197 -0.54866 0.622406
-0.150537 0.083221 -1.43429 0.595983 -0.667027 0.447079
-0.154227 0.079599 -1.43497 0.449843 -0.677215 0.582255
-0.146034 0.084026 -1.43953 0.927257 -0.374401 0.0043491
-0.14806 0.084441 -1.43587 0.507546 -0.791411 0.340685
-0.146515 0.084652 -1.43768 0.501027 -0.79799 0.33494
-0.151569 0.078241 -1.43995 0.610015 -0.647227 0.457142
-0.149223 0.083464 -1.43568 0.611093 -0.647344 0.455534
-0.150787 0.079982 -1.43852 0.609538 -0.648012 0.456666
-0.150005 0.081723 -1.4371 0.610144 -0.64743 0.456682
-0.151627 0.080512 -1.43678 0.58393 -0.654618 0.480104
-0.151044 0.078568 -1.44024 0.635954 -0.639521 0.431944
-0.149092 0.083546 -1.43575 0.673787 -0.620672 0.40097
-0.15065 0.078813 -1.44045 0.68109 -0.616578 0.394903
-0.149611 0.081968 -1.43732 0.680531 -0.616916 0.395338
-0.150131 0.080391 -1.43889 0.681073 -0.617067 0.394167
-0.150393 0.080227 -1.43874 0.63685 -0.63905 0.431321
-0.146661 0.084286 -1.43815 0.559627 -0.729539 0.393181
-0.150524 0.080145 -1.43867 0.636271 -0.639249 0.431881
-0.150781 0.078731 -1.44038 0.636368 -0.639168 0.431856
-0.149742 0.081887 -1.43725 0.635697 -0.639397 0.432505
-0.149199 0.080431 -1.44038 0.649029 -0.637429 0.415265
-0.148801 0.081889 -1.43877 0.6487 -0.6377 0.415363
-0.14715 0.082826 -1.43991 0.648465 -0.637578 0.415918
-0.148404 0.083346 -1.43715 0.64856 -0.637372 0.416086
-0.150223 0.079234 -1.44062 0.673837 -0.623493 0.396485
-0.149031 0.083606 -1.43577 0.666289 -0.627923 0.402209
-0.148174 0.081629 -1.44014 0.649024 -0.637437 0.415262
-0.147777 0.083086 -1.43853 0.648722 -0.637247 0.416023
-0.149826 0.080691 -1.43901 0.681696 -0.618851 0.390274
-0.149428 0.082149 -1.43739 0.673063 -0.623869 0.397207
-0.148058 0.084486 -1.43573 0.548847 -0.728024 0.41079
-0.146509 0.084789 -1.43726 0.538263 -0.74261 0.398502
-0.147115 0.082152 -1.44112 0.431448 -0.466755 0.772005
-0.148349 0.080415 -1.44148 0.430726 -0.466067 0.772824
-0.152446 0.081087 -1.43491 0.697631 -0.596686 0.396581
-0.153185 0.079436 -1.4361 0.711673 -0.590666 0.38031
-0.150009 0.080511 -1.43893 0.721804 -0.592986 0.356885
-0.149489 0.082089 -1.43737 0.724167 -0.591134 0.355167
-0.150284 0.079174 -1.4406 0.722032 -0.59278 0.356766
-0.149948 0.080571 -1.43896 0.721544 -0.593209 0.357039
-0.15282 0.080917 -1.43469 0.592179 -0.627517 0.505516
-0.150396 0.083464 -1.43417 0.568323 -0.61304 0.548809
-0.153372 0.079351 -1.43598 0.543306 -0.645333 0.536995
-0.153007 0.080833 -1.43457 0.544003 -0.644907 0.536802
-0.150406 0.079054 -1.44055 0.722492 -0.592307 0.356621
-0.149643 0.083729 -1.4348 0.581845 -0.651477 0.486861
-0.151207 0.080247 -1.43765 0.583965 -0.655102 0.479402
-0.150425 0.081988 -1.43623 0.583652 -0.65484 0.48014
-0.146779 0.085188 -1.43635 0.609106 -0.441672 0.658722
-0.146511 0.084744 -1.4374 0.436586 -0.857614 0.271829
-0.151657 0.081647 -1.4352 0.583168 -0.655069 0.480417
-0.151598 0.079376 -1.43836 0.583403 -0.654879 0.48039
-0.150816 0.081117 -1.43694 0.584141 -0.654915 0.479443
-0.150034 0.082859 -1.43552 0.583675 -0.65485 0.4801
-0.151974 0.077938 -1.43987 0.518501 -0.690137 0.504845
-0.152033 0.080209 -1.4367 0.539204 -0.679773 0.49716
-0.152004 0.079073 -1.43828 0.540649 -0.679066 0.496556
-0.152218 0.079013 -1.43821 0.459797 -0.71986 0.519988
-0.152146 0.07789 -1.43981 0.403486 -0.740005 0.538137
-0.15437 0.079275 -1.43517 0.568273 -0.611023 0.551105
-0.152709 0.078922 -1.43788 0.478399 -0.712621 0.513133
-0.147839 0.080699 -1.44158 0.593589 -0.51265 0.620357
-0.146946 0.082247 -1.44115 0.618651 -0.518482 0.590294
-0.153124 0.080898 -1.43439 0.535217 -0.654453 0.534073
-0.153724 0.079548 -1.43545 0.52947 -0.65498 0.539131
-0.149693 0.079026 -1.44155 0.430146 -0.716472 -0.549219
-0.146347 0.084156 -1.43884 0.559926 -0.729527 0.392776
-0.153103 0.079346 -1.4365 0.78642 -0.551255 0.278678
-0.153391 0.07843 -1.43751 0.823309 -0.497361 0.273486
-0.151461 0.082082 -1.43484 0.583848 -0.654418 0.480478
-0.149839 0.083294 -1.43516 0.583665 -0.654589 0.480467
-0.15023 0.082423 -1.43587 0.583552 -0.654765 0.480364
-0.151403 0.079811 -1.43801 0.583902 -0.654765 0.479939
-0.151012 0.080682 -1.4373 0.584116 -0.654491 0.480053
-0.150621 0.081553 -1.43658 0.584004 -0.654692 0.479915
-0.153607 0.079482 -1.43562 0.492468 -0.660135 0.567184
-0.147539 0.080999 -1.44174 0.64384 -0.54268 0.539414
-0.146845 0.082347 -1.44121 0.603232 -0.540998 0.586031
-0.148209 0.084637 -1.43537 0.626184 -0.383872 0.678628
-0.148717 0.083476 -1.43646 0.648661 -0.637774 0.415312
-0.149115 0.082019 -1.43808 0.648965 -0.637577 0.415139
-0.146837 0.082696 -1.44059 0.705852 -0.656606 0.265785
-0.148488 0.081759 -1.43946 0.648493 -0.637556 0.415908
-0.147861 0.081499 -1.44083 0.705464 -0.656822 0.266282
-0.148885 0.080301 -1.44107 0.689034 -0.652113 0.316198
-0.149512 0.080561 -1.43969 0.64866 -0.637297 0.416044
-0.14809 0.083216 -1.43784 0.648737 -0.63775 0.415229
-0.147464 0.082956 -1.43922 0.649162 -0.637362 0.415162
-0.150909 0.082905 -1.43429 0.613337 -0.722259 0.319624
-0.149659 0.083803 -1.43465 0.613662 -0.722306 0.318892
-0.146623 0.081726 -1.44192 0.320899 -0.558561 0.764874
-0.148009 0.080604 -1.44154 0.396401 -0.447935 0.801386
-0.148289 0.082487 -1.43865 0.64866 -0.63731 0.416024
-0.149711 0.079833 -1.4405 0.648599 -0.637511 0.415812
-0.147662 0.082227 -1.44002 0.649022 -0.637447 0.415248
-0.148687 0.08103 -1.44026 0.648102 -0.638414 0.415201
-0.147265 0.083685 -1.43841 0.605392 -0.685059 0.40521
-0.146638 0.083425 -1.43979 0.605618 -0.684908 0.405127
-0.149313 0.08129 -1.43888 0.648458 -0.638058 0.415193
-0.148519 0.084205 -1.43565 0.605972 -0.685153 0.404182
-0.147892 0.083945 -1.43703 0.605649 -0.684999 0.404927
-0.148916 0.082747 -1.43727 0.648622 -0.637309 0.416085
-0.14797 0.081327 -1.44112 0.667292 -0.623794 0.406944
-0.148951 0.080198 -1.44125 0.592966 -0.575569 0.563127
-0.146989 0.082456 -1.441 0.616374 -0.591222 0.520135
-0.153999 0.079349 -1.4354 0.41946 -0.708614 0.567379
-0.153947 0.080302 -1.43424 0.438358 -0.702799 0.560281
-0.151239 0.078132 -1.44059 0.636523 -0.638923 0.431991
-0.153673 0.080501 -1.43429 0.565379 -0.648567 0.509616
-0.150958 0.082603 -1.43474 0.583269 -0.654899 0.480524
-0.152737 0.077455 -1.43998 0.487593 -0.645402 0.58797
-0.147123 0.084939 -1.43633 0.58664 -0.651095 0.48159
-0.146197 0.08494 -1.43746 0.575314 -0.667539 0.472658
-0.145949 0.084429 -1.43919 0.90982 0.142475 -0.38978
-0.15463 0.079254 -1.43493 0.247471 -0.758746 0.602547
-0.147905 0.08143 -1.44095 0.745035 -0.658359 0.107176
-0.147639 0.080899 -1.44168 0.747884 -0.537234 0.389934
-0.148713 0.080154 -1.44142 0.464473 -0.482923 0.742327
-0.152221 0.081454 -1.43482 0.678101 -0.628794 0.380521
-0.152796 0.079623 -1.43682 0.646951 -0.645864 0.405357
-0.152508 0.080539 -1.43582 0.669174 -0.633762 0.388011
-0.153083 0.078708 -1.43782 0.669575 -0.63366 0.387484
-0.151518 0.082258 -1.43453 0.583911 -0.655145 0.479409
-0.150757 0.083422 -1.43384 0.616622 -0.663763 0.423316
-0.150986 0.082691 -1.43459 0.582625 -0.653125 0.483711
-0.153373 0.081176 -1.43377 0.585182 -0.705472 0.39984
-0.151435 0.077697 -1.44095 0.632671 -0.668833 0.390371
-0.147047 0.084233 -1.4377 0.560195 -0.729594 0.392268
-0.147926 0.081396 -1.44101 0.744457 -0.658155 0.112323
-0.151007 0.082803 -1.43433 0.612499 -0.723428 0.318587
-0.146433 0.081804 -1.44188 0.104446 -0.501819 0.858643
-0.152996 0.078006 -1.43888 0.393468 -0.769223 0.503468
-0.152421 0.079837 -1.43688 0.478694 -0.711462 0.514465
-0.152277 0.080295 -1.43638 0.479368 -0.711251 0.514128
-0.152534 0.077518 -1.43998 0.377854 -0.778463 0.501219
-0.15239 0.077976 -1.43948 0.481112 -0.710677 0.513292
-0.147506 0.080836 -1.44189 0.554245 -0.546766 0.627582
-0.146747 0.081859 -1.44167 0.554881 -0.546568 0.627193
-0.147381 0.080704 -1.44214 0.601166 -0.799123 -0.00121877
-0.150849 0.083408 -1.43369 0.383464 -0.603102 0.699445
-0.146924 0.082559 -1.44083 0.744881 -0.658259 0.108843
-0.152723 0.078632 -1.43826 0.478541 -0.711397 0.514698
-0.151036 0.082838 -1.4342 0.589574 -0.656793 0.470133
-0.150039 0.083603 -1.43438 0.594836 -0.66693 0.448748
-0.152234 0.079944 -1.4369 0.47986 -0.711175 0.513774
-0.152347 0.077625 -1.44001 0.479655 -0.711111 0.514055
-0.152177 0.081103 -1.43535 0.478806 -0.711708 0.51402
-0.153199 0.077943 -1.43887 0.812044 -0.488918 0.318659
-0.154125 0.079235 -1.43547 0.450365 -0.677363 0.58168
-0.154328 0.079962 -1.43447 0.470079 -0.66658 0.578529
-0.146179 0.083661 -1.44 0.890391 -0.449324 0.0728871
-0.146806 0.083921 -1.43862 0.559879 -0.729892 0.392165
-0.147433 0.084181 -1.43725 0.559985 -0.729772 0.392236
-0.145888 0.084392 -1.43906 0.891265 -0.447522 0.0732826
-0.145854 0.085189 -1.43748 0.787389 -0.478846 0.388233
-0.14644 0.085502 -1.43655 0.626001 -0.082034 0.775495
-0.152635 0.08133 -1.43439 0.592351 -0.62675 0.506266
-0.150263 0.080622 -1.43835 0.635495 -0.639178 0.433125
-0.152737 0.078342 -1.43865 0.478944 -0.711354 0.514381
-0.146901 0.084599 -1.43723 0.510198 -0.788509 0.34344
-0.147674 0.084493 -1.43632 0.501918 -0.797761 0.334148
-0.146129 0.084705 -1.43813 0.501947 -0.797915 0.333737
-0.148446 0.084388 -1.43542 0.513118 -0.785395 0.346215
-0.151468 0.082427 -1.4343 0.613105 -0.724563 0.314817
-0.151764 0.077805 -1.4403 0.613525 -0.64679 0.453046
-0.151823 0.080076 -1.43714 0.582928 -0.655556 0.480042
-0.149809 0.082158 -1.43675 0.606789 -0.648357 0.459827
-0.150982 0.079546 -1.43888 0.606609 -0.648608 0.45971
-0.149028 0.0839 -1.43532 0.602403 -0.649481 0.463989
-0.151373 0.078676 -1.43959 0.606087 -0.649302 0.459419
-0.149418 0.083029 -1.43603 0.607738 -0.647594 0.459649
-0.15065 0.082688 -1.435 0.583453 -0.655367 0.479663
-0.151794 0.078941 -1.43872 0.584244 -0.654215 0.480272
-0.150848 0.079003 -1.43988 0.636935 -0.638201 0.432451
-0.151432 0.080947 -1.43642 0.583479 -0.654829 0.480366
-0.1502 0.081288 -1.43746 0.60625 -0.648678 0.460084
-0.150591 0.080417 -1.43817 0.606797 -0.647809 0.460587
-0.151041 0.081818 -1.43571 0.583288 -0.65545 0.47975
-0.151852 0.081212 -1.43555 0.583849 -0.65425 0.480705
-0.151965 0.081562 -1.43494 0.585623 -0.653444 0.479643
-0.152006 0.081169 -1.43542 0.584022 -0.654566 0.480064
-0.153488 0.081156 -1.43358 0.585551 -0.745479 0.318421
-0.153655 0.078373 -1.43716 0.352613 -0.82958 0.432968
-0.15072 0.07971 -1.43903 0.636644 -0.638644 0.432225
-0.150977 0.078296 -1.44074 0.63653 -0.638687 0.432329
-0.151111 0.078839 -1.43974 0.636172 -0.639472 0.431694
-0.149938 0.081451 -1.4376 0.635992 -0.639478 0.431952
-0.150261 0.079996 -1.43928 0.680496 -0.6167 0.395735
-0.149481 0.082363 -1.43693 0.672293 -0.621209 0.402643
-0.15052 0.079208 -1.44006 0.680102 -0.617159 0.395696
-0.149222 0.083152 -1.43614 0.67243 -0.621272 0.402316
-0.150523 0.079833 -1.43913 0.63675 -0.638983 0.431567
-0.15078 0.078419 -1.44085 0.687157 -0.613665 0.388883
-0.150001 0.080785 -1.43849 0.666889 -0.624067 0.407185
-0.149741 0.081574 -1.43771 0.679673 -0.617898 0.395282
-0.148047 0.084857 -1.43545 0.581317 -0.0571949 0.811665
-0.14604 0.084478 -1.43938 -0.801441 0.536412 -0.264488
-0.150027 0.078909 -1.44145 -0.312508 0.249493 -0.916565
-0.150392 0.079915 -1.43921 0.636833 -0.6388 0.431716
-0.149613 0.082281 -1.43685 0.6361 -0.6391 0.43235
-0.150652 0.079126 -1.43999 0.637132 -0.638332 0.431966
-0.150395 0.08054 -1.43828 0.636928 -0.638462 0.432075
-0.147746 0.084311 -1.43656 0.560466 -0.7295 0.392056
-0.146202 0.084522 -1.43837 0.560211 -0.729485 0.392449
-0.147119 0.084051 -1.43794 0.560253 -0.729329 0.392677
-0.146493 0.083791 -1.43931 0.559922 -0.729863 0.392157
-0.150589 0.079792 -1.4391 0.636856 -0.638996 0.431391
-0.15046 0.080499 -1.43824 0.637057 -0.638197 0.432278
-0.149287 0.083111 -1.43611 0.638157 -0.638097 0.430798
-0.150846 0.078378 -1.44081 0.636786 -0.639066 0.431391
-0.149678 0.08224 -1.43682 0.636926 -0.638486 0.432044
-0.149807 0.081533 -1.43767 0.63611 -0.63939 0.431907
-0.150717 0.079085 -1.43995 0.637019 -0.638259 0.43224
-0.148587 0.081394 -1.43986 0.648449 -0.637574 0.415949
-0.147563 0.082592 -1.43962 0.64869 -0.637291 0.416006
-0.148388 0.082123 -1.43905 0.648167 -0.638492 0.414978
-0.148786 0.080666 -1.44067 0.648586 -0.637461 0.415907
-0.147762 0.081863 -1.44043 0.648506 -0.638144 0.414984
-0.149413 0.080926 -1.43929 0.648797 -0.637647 0.415294
-0.14819 0.082852 -1.43824 0.64859 -0.637502 0.415839
-0.147364 0.083321 -1.43881 0.648831 -0.637631 0.415266
-0.14981 0.079468 -1.44091 0.648998 -0.637541 0.415142
-0.150116 0.078987 -1.44117 0.64861 -0.63859 0.414134
-0.149611 0.080197 -1.4401 0.648266 -0.638328 0.415077
-0.148618 0.083841 -1.43606 0.648684 -0.637197 0.41616
-0.147991 0.083581 -1.43744 0.648608 -0.637446 0.415897
-0.149214 0.081654 -1.43848 0.648609 -0.637334 0.416068
-0.148817 0.083112 -1.43686 0.648913 -0.6375 0.415338
-0.146737 0.083061 -1.44019 0.649028 -0.637428 0.415269
-0.149015 0.082383 -1.43767 0.648525 -0.638012 0.415158
-0.148274 0.081264 -1.44055 0.648971 -0.637459 0.41531
-0.14725 0.082462 -1.44031 0.64868 -0.637768 0.415291
-0.148305 0.083711 -1.43675 0.648616 -0.637916 0.415165
-0.148901 0.081524 -1.43917 0.649171 -0.637346 0.415172
-0.149329 0.082513 -1.43699 0.673283 -0.623956 0.396697
-0.149925 0.080327 -1.43941 0.673872 -0.623391 0.396586
-0.147678 0.083451 -1.43812 0.64907 -0.637408 0.415234
-0.150124 0.079598 -1.44022 0.675448 -0.622279 0.39565
-0.148702 0.082253 -1.43836 0.648073 -0.637948 0.415961
-0.149298 0.080067 -1.44079 0.648153 -0.638003 0.415752
-0.148075 0.081993 -1.43974 0.648188 -0.637888 0.415875
-0.149099 0.080796 -1.43998 0.648985 -0.63746 0.415286
-0.147051 0.083191 -1.4395 0.648473 -0.637573 0.415911
-0.147876 0.082722 -1.43893 0.649016 -0.637529 0.415132
-0.149726 0.081056 -1.4386 0.681415 -0.618711 0.390986
-0.148503 0.082982 -1.43755 0.648652 -0.63764 0.415531
-0.146122 0.084865 -1.43764 0.538231 -0.743377 0.397113
-0.147671 0.084562 -1.43611 0.55097 -0.723717 0.41553
-0.146896 0.084714 -1.43688 0.539393 -0.74112 0.399746
-0.153523 0.080839 -1.43403 0.565056 -0.648482 0.510081
-0.154201 0.080075 -1.43439 0.298738 -0.743063 0.598843
-0.14678 0.082021 -1.44152 0.521026 -0.530883 0.668353
-0.147424 0.081718 -1.44121 0.431641 -0.466536 0.77203
-0.14804 0.080849 -1.44139 0.431274 -0.466131 0.772479
-0.146807 0.082586 -1.44103 0.43372 -0.468065 0.769937
-0.148657 0.07998 -1.44157 0.430494 -0.465401 0.773354
-0.152262 0.081499 -1.43462 0.683548 -0.601644 0.413263
-0.15337 0.079023 -1.43639 0.697109 -0.596608 0.397615
-0.153005 0.080505 -1.43498 0.591919 -0.627102 0.506335
-0.153 0.079848 -1.4358 0.711523 -0.590813 0.380362
-0.152631 0.080674 -1.43521 0.697659 -0.595986 0.397583
-0.150078 0.080177 -1.43935 0.72139 -0.593008 0.357685
-0.153505 0.078401 -1.43718 0.659764 -0.665804 0.348448
-0.14624 0.083698 -1.44013 0.467935 0.512259 -0.720158
-0.151599 0.077751 -1.44063 0.636048 -0.639086 0.432449
-0.152822 0.081245 -1.43428 0.59245 -0.626884 0.505984
-0.152818 0.080589 -1.4351 0.592852 -0.626369 0.506151
-0.153187 0.079764 -1.43569 0.591709 -0.627443 0.506158
-0.150536 0.078659 -1.44094 0.722112 -0.592813 0.356548
-0.149969 0.083725 -1.43432 0.568285 -0.612974 0.548922
-0.150824 0.083204 -1.43402 0.567945 -0.611219 0.551226
-0.153247 0.078888 -1.43701 0.786525 -0.551129 0.278633
-0.153463 0.078981 -1.43633 0.526524 -0.649997 0.547974
-0.152915 0.081203 -1.43422 0.533311 -0.64826 0.54345
-0.15328 0.079722 -1.43563 0.533508 -0.647951 0.543626
-0.153098 0.080462 -1.43493 0.536088 -0.647117 0.542079
-0.150139 0.080117 -1.43933 0.722636 -0.591734 0.35728
-0.150414 0.078779 -1.44099 0.722456 -0.592255 0.356778
-0.150398 0.079328 -1.44011 0.722613 -0.592234 0.356496
-0.149619 0.081694 -1.43776 0.724051 -0.591301 0.355125
-0.149848 0.080935 -1.43855 0.722255 -0.592449 0.356865
-0.150337 0.079388 -1.44013 0.723119 -0.59157 0.356572
-0.149629 0.083161 -1.4356 0.583658 -0.654683 0.480347
-0.151192 0.079679 -1.43844 0.583955 -0.654117 0.480757
-0.15002 0.082291 -1.43631 0.584011 -0.654586 0.480049
-0.151613 0.079944 -1.43757 0.583975 -0.654877 0.479698
-0.149238 0.084032 -1.43488 0.582301 -0.649046 0.489555
-0.15044 0.082556 -1.43544 0.583219 -0.65527 0.48008
-0.151583 0.078808 -1.43916 0.583541 -0.654554 0.480665
-0.151642 0.081079 -1.43599 0.583344 -0.655433 0.479706
-0.150411 0.08142 -1.43702 0.584089 -0.654689 0.479814
-0.151251 0.08195 -1.43528 0.583694 -0.654818 0.48012
-0.150831 0.081685 -1.43615 0.583636 -0.654674 0.480386
-0.150801 0.08055 -1.43773 0.583921 -0.654634 0.480094
-0.151222 0.080814 -1.43686 0.583548 -0.655348 0.479573
-0.147182 0.085063 -1.43606 0.604869 -0.473483 0.640271
-0.146376 0.085312 -1.43664 0.598631 -0.513409 0.61486
-0.147672 0.084539 -1.43618 0.436514 -0.857229 0.273156
-0.146899 0.084645 -1.43709 0.436527 -0.85762 0.271906
-0.146123 0.084842 -1.43771 0.436631 -0.857323 0.272674
-0.149757 0.079345 -1.44118 0.648782 -0.637865 0.414982
-0.147167 0.08439 -1.43724 0.560058 -0.729731 0.392209
-0.151867 0.08178 -1.43476 0.583324 -0.655352 0.479839
-0.151838 0.080644 -1.43634 0.584144 -0.653958 0.480744
-0.151779 0.078373 -1.43951 0.583322 -0.655136 0.480138
-0.149824 0.082726 -1.43595 0.583417 -0.654891 0.480356
-0.150244 0.082991 -1.43508 0.583995 -0.654107 0.480721
-0.150606 0.080985 -1.43738 0.583739 -0.654902 0.479951
-0.151026 0.08125 -1.4365 0.583587 -0.654699 0.480412
-0.151808 0.079509 -1.43793 0.584433 -0.654662 0.479432
-0.151388 0.079244 -1.4388 0.583346 -0.655422 0.479719
-0.150635 0.08212 -1.43579 0.583635 -0.654722 0.480323
-0.150997 0.080114 -1.43809 0.583102 -0.65534 0.480127
-0.151417 0.080379 -1.43722 0.584183 -0.654233 0.480322
-0.150215 0.081856 -1.43666 0.583673 -0.655347 0.479423
-0.149433 0.083597 -1.43524 0.583444 -0.655068 0.480082
-0.151447 0.081515 -1.43563 0.583866 -0.654468 0.480388
-0.147247 0.085253 -1.43597 0.718118 -0.44216 0.537402
-0.152139 0.077606 -1.4402 0.403438 -0.740176 0.537937
-0.153758 0.078232 -1.43728 0.373884 -0.845934 0.380271
-0.149902 0.083943 -1.43414 0.666058 -0.301765 0.682132
-0.151982 0.078222 -1.43947 0.496322 -0.701267 0.511752
-0.152026 0.079925 -1.4371 0.513639 -0.692848 0.506099
-0.151996 0.078789 -1.43868 0.514001 -0.69236 0.506399
-0.151967 0.077654 -1.44027 0.513867 -0.692923 0.505766
-0.149912 0.08367 -1.43447 0.612432 -0.720031 0.326316
-0.152204 0.079303 -1.43782 0.448791 -0.72399 0.523856
-0.152068 0.078198 -1.43944 0.403977 -0.740179 0.537528
-0.154197 0.079073 -1.43557 0.566121 -0.613752 0.550286
-0.154543 0.079476 -1.43477 0.569355 -0.611133 0.549866
-0.152393 0.080417 -1.4361 0.479711 -0.7112 0.513879
-0.152449 0.079257 -1.43765 0.478477 -0.712073 0.51382
-0.152506 0.078098 -1.43921 0.479141 -0.711447 0.51407
-0.152968 0.078586 -1.4381 0.479731 -0.71133 0.513681
-0.146898 0.084668 -1.43702 0.437611 -0.856397 0.274007
-0.152451 0.081743 -1.4341 0.500053 0.0621634 0.863761
-0.147169 0.08186 -1.44126 0.555357 -0.502068 0.662952
-0.148063 0.080312 -1.44168 0.557049 -0.50232 0.66134
-0.147616 0.081086 -1.44147 0.594746 -0.512033 0.619757
-0.153874 0.07921 -1.43571 0.529581 -0.654868 0.539158
-0.152974 0.081236 -1.43413 0.541635 -0.652517 0.529956
-0.146433 0.082695 -1.44125 0.866057 -0.241917 0.437517
-0.153274 0.080561 -1.43466 0.534431 -0.654206 0.535161
-0.153574 0.079885 -1.43518 0.534403 -0.654569 0.534746
-0.149329 0.079286 -1.4416 0.590161 -0.779716 0.209169
-0.150058 0.078765 -1.44149 0.42998 -0.718626 -0.546529
-0.149749 0.0792 -1.4414 0.465848 -0.483709 0.740953
-0.148096 0.081023 -1.44124 0.464538 -0.483658 0.741808
-0.146125 0.084796 -1.43785 0.437415 -0.857011 0.272397
-0.153789 0.078741 -1.43633 -0.622909 -0.77171 -0.12825
-0.146336 0.083726 -1.43966 0.559181 -0.729763 0.393398
-0.146963 0.083986 -1.43828 0.559798 -0.729748 0.392549
-0.146045 0.084457 -1.43871 0.560833 -0.728934 0.392583
-0.146649 0.083856 -1.43897 0.559738 -0.729773 0.392587
-0.14759 0.084246 -1.4369 0.559039 -0.730157 0.39287
-0.152485 0.078533 -1.43862 0.478357 -0.712043 0.513974
-0.15259 0.080629 -1.43542 0.786232 -0.551449 0.278824
-0.153329 0.078978 -1.4366 0.786557 -0.551084 0.278632
-0.152878 0.079713 -1.43641 0.786435 -0.551211 0.278722
-0.153165 0.078798 -1.43742 0.786118 -0.551784 0.278484
-0.152993 0.077386 -1.43973 0.636694 -0.382472 0.669579
-0.150894 0.083082 -1.43408 0.565874 -0.600173 0.565314
-0.152565 0.079379 -1.43738 0.478994 -0.711219 0.514522
-0.152621 0.07822 -1.43893 0.479333 -0.711766 0.513449
-0.152919 0.079758 -1.43621 0.786534 -0.551556 0.277758
-0.153686 0.080263 -1.43458 0.565129 -0.648629 0.509814
-0.152493 0.079608 -1.43713 0.478802 -0.711736 0.513985
-0.153309 0.07834 -1.43791 0.820824 -0.500898 0.274497
-0.153472 0.07852 -1.4371 0.820649 -0.501586 0.273764
-0.152734 0.080171 -1.43591 0.786695 -0.550892 0.278621
-0.153021 0.079256 -1.43692 0.786483 -0.551038 0.278927
-0.146316 0.085188 -1.43691 0.5388 -0.717117 0.442083
-0.147434 0.084788 -1.43613 0.619248 -0.597249 0.50973
-0.151769 0.081997 -1.43458 0.58357 -0.654788 0.480311
-0.151486 0.079026 -1.43898 0.583682 -0.653958 0.481306
-0.150342 0.082773 -1.43526 0.583661 -0.655313 0.479484
-0.150929 0.081467 -1.43633 0.584403 -0.654528 0.479652
-0.150704 0.080767 -1.43755 0.583379 -0.65478 0.480554
-0.151095 0.079897 -1.43827 0.583902 -0.654627 0.480127
-0.15171 0.079726 -1.43775 0.583937 -0.655213 0.479285
-0.150538 0.082338 -1.43561 0.583701 -0.653926 0.481326
-0.149922 0.082508 -1.43613 0.583547 -0.655422 0.479473
-0.150147 0.083209 -1.4349 0.583467 -0.654708 0.480546
-0.149531 0.083379 -1.43542 0.583366 -0.65469 0.480693
-0.151349 0.081732 -1.43545 0.583638 -0.655314 0.47951
-0.151544 0.081297 -1.43581 0.583748 -0.653922 0.481273
-0.150508 0.081203 -1.4372 0.584382 -0.654508 0.479706
-0.149726 0.082944 -1.43577 0.583335 -0.654761 0.480633
-0.151681 0.078591 -1.43933 0.583654 -0.655305 0.479503
-0.149335 0.083814 -1.43506 0.584247 -0.654671 0.479647
-0.15129 0.079461 -1.43862 0.583037 -0.655538 0.479935
-0.150117 0.082073 -1.43649 0.583673 -0.654723 0.480274
-0.151515 0.080161 -1.43739 0.584054 -0.655205 0.479153
-0.151124 0.081032 -1.43668 0.583172 -0.654822 0.480748
-0.150313 0.081638 -1.43684 0.583585 -0.655161 0.479783
-0.15132 0.080597 -1.43704 0.584353 -0.654554 0.479678
-0.151153 0.082168 -1.4351 0.584304 -0.65432 0.480057
-0.150733 0.081903 -1.43597 0.583023 -0.655523 0.479973
-0.15174 0.080862 -1.43617 0.58303 -0.655531 0.479954
-0.150899 0.080332 -1.43791 0.583316 -0.654715 0.480718
-0.153816 0.079177 -1.4358 0.492922 -0.660843 0.565963
-0.153215 0.080528 -1.43475 0.492185 -0.659613 0.568036
-0.153398 0.079787 -1.43545 0.492752 -0.660209 0.566851
-0.153698 0.079112 -1.43598 0.493327 -0.660229 0.566328
-0.152356 0.081621 -1.43436 0.592161 -0.62681 0.506413
-0.147712 0.080662 -1.44187 0.64495 -0.542655 0.538113
-0.147019 0.08201 -1.44134 0.642618 -0.543463 0.540084
-0.147365 0.081336 -1.4416 0.665779 -0.544228 0.510445
-0.154791 0.07945 -1.43469 -0.137171 -0.794406 0.591696
-0.146972 0.084789 -1.4367 0.61924 -0.59834 0.50846
-0.14852 0.084486 -1.43517 0.626116 -0.384881 0.678119
-0.147897 0.084788 -1.43557 0.629764 -0.429724 0.647097
-0.148148 0.083646 -1.43709 0.648452 -0.637652 0.415826
-0.146581 0.082996 -1.44053 0.715484 -0.657951 0.23491
-0.149172 0.082448 -1.43733 0.647776 -0.638076 0.416226
-0.14718 0.08226 -1.44089 0.744699 -0.658947 0.105886
-0.149371 0.081719 -1.43814 0.648748 -0.637728 0.415245
-0.149399 0.081934 -1.43776 0.648423 -0.637683 0.415822
-0.148461 0.083776 -1.4364 0.649177 -0.637352 0.415152
-0.14843 0.081329 -1.4402 0.648556 -0.638031 0.415079
-0.147406 0.082527 -1.43997 0.649301 -0.637276 0.415076
-0.148744 0.081459 -1.43951 0.64874 -0.637265 0.415969
-0.148859 0.082318 -1.43802 0.648673 -0.637948 0.415024
-0.148973 0.083177 -1.43652 0.647697 -0.637837 0.416718
-0.149002 0.083392 -1.43615 0.647334 -0.638754 0.415876
-0.149057 0.081589 -1.43883 0.648901 -0.637276 0.415701
-0.148775 0.083906 -1.43571 0.649777 -0.637457 0.414051
-0.148803 0.08412 -1.43534 0.649603 -0.637203 0.414715
-0.149768 0.080262 -1.43975 0.648331 -0.637805 0.415779
-0.149141 0.080002 -1.44113 0.714957 -0.658913 0.233816
-0.148117 0.081199 -1.44089 0.706396 -0.656555 0.264462
-0.148232 0.082058 -1.43939 0.648613 -0.637988 0.415058
-0.147605 0.081798 -1.44077 0.714505 -0.658399 0.236629
-0.148347 0.082917 -1.4379 0.648515 -0.638065 0.415093
-0.148943 0.080731 -1.44032 0.649125 -0.637375 0.4152
-0.146894 0.083126 -1.43984 0.648804 -0.637204 0.415962
-0.147521 0.083386 -1.43847 0.648909 -0.637134 0.415906
-0.147208 0.083256 -1.43916 0.648843 -0.637843 0.414921
-0.148629 0.080601 -1.44101 0.715334 -0.658219 0.234617
-0.149967 0.079533 -1.44056 0.648895 -0.63717 0.415872
-0.148545 0.082188 -1.43871 0.648377 -0.637777 0.415751
-0.147093 0.082397 -1.44065 0.715004 -0.657756 0.23691
-0.149569 0.080991 -1.43895 0.648329 -0.638355 0.414937
-0.148033 0.082787 -1.43859 0.64827 -0.637496 0.416347
-0.147918 0.081928 -1.44008 0.648123 -0.638248 0.415424
-0.14866 0.083047 -1.43721 0.648701 -0.637301 0.415975
-0.149455 0.080132 -1.44044 0.648098 -0.638273 0.415424
-0.14772 0.082657 -1.43928 0.648915 -0.63769 0.415043
-0.147834 0.083516 -1.43778 0.648532 -0.637708 0.415614
-0.149256 0.080861 -1.43963 0.64821 -0.637535 0.416381
-0.146261 0.085574 -1.43669 0.683394 0.284596 0.672292
-0.150596 0.083129 -1.43438 0.613044 -0.722348 0.319985
-0.149971 0.083578 -1.43456 0.612678 -0.722058 0.321339
-0.148626 0.079735 -1.44172 0.477448 -0.876511 -0.0614197
-0.154471 0.079638 -1.43467 0.587013 -0.594793 0.549214
-0.14675 0.081404 -1.44211 0.416275 -0.566033 0.711563
-0.146495 0.082048 -1.44174 0.320696 -0.557514 0.765723
-0.147192 0.080959 -1.44209 0.587018 -0.561175 0.583518
-0.153457 0.07982 -1.43536 0.493267 -0.66084 0.565666
-0.148958 0.079872 -1.44145 0.464174 -0.483445 0.742175
-0.147254 0.081812 -1.44124 0.393303 -0.447453 0.80318
-0.148148 0.080265 -1.44167 0.397092 -0.447641 0.801209
-0.147871 0.080944 -1.44142 0.394668 -0.447549 0.802457
-0.148132 0.082422 -1.43899 0.648823 -0.637748 0.415099
-0.149669 0.080626 -1.43935 0.648824 -0.637198 0.41594
-0.149042 0.080366 -1.44073 0.648789 -0.637238 0.415934
-0.147307 0.082891 -1.43956 0.648725 -0.637275 0.415975
-0.146795 0.08349 -1.43944 0.59678 -0.694132 0.402536
-0.148874 0.083541 -1.43612 0.647972 -0.638222 0.415698
-0.148958 0.081954 -1.43842 0.648455 -0.63763 0.415853
-0.147819 0.082292 -1.43968 0.648129 -0.63763 0.416362
-0.149554 0.079768 -1.44085 0.648371 -0.637671 0.415922
-0.147934 0.083151 -1.43818 0.648652 -0.637627 0.415551
-0.148018 0.081564 -1.44049 0.649003 -0.637628 0.415002
-0.147735 0.08388 -1.43737 0.596817 -0.694008 0.402694
-0.148675 0.08427 -1.43531 0.607141 -0.683785 0.404744
-0.147506 0.082162 -1.44037 0.649294 -0.637269 0.415096
-0.147422 0.08375 -1.43806 0.59641 -0.694592 0.40229
-0.148446 0.082552 -1.4383 0.648778 -0.637253 0.415927
-0.14853 0.080965 -1.44061 0.648204 -0.637854 0.415902
-0.148843 0.081095 -1.43992 0.648698 -0.637923 0.415024
-0.14762 0.083021 -1.43887 0.649093 -0.637393 0.415221
-0.147108 0.08362 -1.43875 0.597235 -0.693684 0.402632
-0.148331 0.081694 -1.4398 0.648828 -0.637203 0.415927
-0.148645 0.081824 -1.43911 0.648713 -0.637913 0.415017
-0.146504 0.084221 -1.4385 0.560367 -0.729283 0.3926
-0.149157 0.081225 -1.43923 0.648438 -0.638263 0.414908
-0.149868 0.079898 -1.44016 0.648705 -0.63793 0.415003
-0.149355 0.080496 -1.44004 0.648549 -0.637699 0.4156
-0.146993 0.082761 -1.44025 0.648652 -0.637952 0.415051
-0.14619 0.084091 -1.43919 0.559498 -0.73013 0.392265
-0.148247 0.083281 -1.43749 0.648934 -0.637135 0.415865
-0.148048 0.08401 -1.43669 0.59695 -0.694133 0.402281
-0.148362 0.08414 -1.436 0.596321 -0.694098 0.403272
-0.146481 0.08336 -1.44013 0.596749 -0.69422 0.402428
-0.14947 0.081355 -1.43854 0.648102 -0.637702 0.416293
-0.148759 0.082682 -1.43761 0.649258 -0.637283 0.41513
-0.149073 0.082812 -1.43693 0.648543 -0.637693 0.41562
-0.148561 0.083411 -1.43681 0.649209 -0.637334 0.415131
-0.149271 0.082084 -1.43773 0.648574 -0.637674 0.4156
-0.146085 0.085189 -1.43719 0.539215 -0.716714 0.442232
-0.149196 0.079916 -1.44128 0.646699 -0.611277 0.456202
-0.147725 0.081609 -1.44109 0.646548 -0.610878 0.456951
-0.148215 0.081045 -1.44115 0.675431 -0.628392 0.385897
-0.147234 0.082174 -1.44103 0.647247 -0.611397 0.455264
-0.153986 0.079587 -1.43511 0.46408 -0.692805 0.551952
-0.15396 0.080064 -1.43453 0.438934 -0.703209 0.559316
-0.154011 0.079111 -1.43568 0.410506 -0.712382 0.569206
-0.153934 0.080541 -1.43395 0.464164 -0.693022 0.551608
-0.146315 0.081533 -1.44207 0.520579 -0.606423 0.601039
-0.150818 0.079492 -1.4392 0.636132 -0.639232 0.43211
-0.151013 0.079057 -1.43956 0.636868 -0.638718 0.431784
-0.151075 0.078078 -1.44092 0.636147 -0.639281 0.432015
-0.151404 0.078186 -1.44027 0.636495 -0.638857 0.43213
-0.150036 0.081234 -1.43778 0.636306 -0.63904 0.432138
-0.151209 0.078622 -1.43991 0.636065 -0.639332 0.43206
-0.153248 0.081037 -1.43408 0.564815 -0.648568 0.510239
-0.153797 0.08064 -1.43398 0.566083 -0.647959 0.509607
-0.153549 0.080362 -1.43461 0.564158 -0.649184 0.510182
-0.153849 0.079687 -1.43513 0.564964 -0.648437 0.51024
-0.149895 0.083469 -1.43485 0.583218 -0.655638 0.479578
-0.150706 0.082863 -1.43469 0.582944 -0.653704 0.482543
-0.15121 0.082343 -1.43479 0.583176 -0.655178 0.480258
-0.149299 0.079429 -1.44157 -0.268819 0.00836548 -0.963154
-0.152954 0.077545 -1.4397 0.475624 -0.660325 0.581165
-0.15252 0.077365 -1.44026 0.519406 -0.607628 0.600838
-0.147354 0.084939 -1.43605 0.580695 -0.65865 0.478512
-0.148289 0.084486 -1.43545 0.619582 -0.598032 0.508406
-0.145966 0.084941 -1.43774 0.573072 -0.671389 0.46992
-0.146429 0.08494 -1.43718 0.572426 -0.67114 0.471062
-0.146891 0.08494 -1.43662 0.572784 -0.671865 0.469591
-0.153352 0.081343 -1.43341 0.571241 -0.733609 0.368105
-0.150067 0.080901 -1.43823 0.636444 -0.639194 0.431707
-0.152559 0.077205 -1.44029 0.631191 -0.60645 0.483545
-0.151909 0.081387 -1.43525 0.585077 -0.653628 0.480058
-0.152021 0.081737 -1.43463 0.585562 -0.653543 0.479582
-0.150902 0.082428 -1.43505 0.58419 -0.654924 0.479372
-0.145846 0.084593 -1.43889 0.910067 0.142201 -0.389303
-0.146052 0.084265 -1.43949 0.909943 0.143357 -0.389169
-0.154673 0.079465 -1.43465 0.247198 -0.758848 0.60253
-0.154587 0.079042 -1.43522 0.246839 -0.759186 0.602251
-0.145889 0.085403 -1.43727 0.964358 0.147013 0.220001
-0.150666 0.078265 -1.44133 0.721223 -0.679641 0.133884
-0.149116 0.083135 -1.43636 0.650622 -0.636196 0.414664
-0.148917 0.083863 -1.43555 0.648869 -0.637969 0.414687
-0.149513 0.081677 -1.43798 0.647121 -0.638596 0.416448
-0.14767 0.081695 -1.44095 0.744182 -0.659384 0.106797
-0.154705 0.079027 -1.43526 -0.243524 -0.830127 0.501583
-0.154284 0.078852 -1.43574 0.671304 -0.143807 0.727098
-0.147516 0.081186 -1.44152 0.747964 -0.537263 0.389742
-0.147762 0.080612 -1.44184 0.747987 -0.536984 0.390081
-0.148586 0.080459 -1.44131 0.465145 -0.48402 0.741192
-0.147606 0.081587 -1.44118 0.465947 -0.484047 0.74067
-0.149567 0.07933 -1.44143 0.465773 -0.484098 0.740746
-0.148839 0.07985 -1.44154 0.464281 -0.482906 0.742459
-0.14625 0.082099 -1.44174 -0.412331 -0.626759 0.661177
-0.152349 0.080066 -1.43663 0.477952 -0.71227 0.514036
-0.152149 0.081683 -1.43457 0.613357 -0.662604 0.429825
-0.152868 0.079394 -1.43707 0.615146 -0.661169 0.429478
-0.152206 0.080524 -1.43613 0.481173 -0.710419 0.513593
-0.152293 0.081225 -1.43507 0.614785 -0.661523 0.429449
-0.152436 0.080768 -1.43557 0.614976 -0.661848 0.428673
-0.152319 0.078205 -1.43923 0.479933 -0.711199 0.513674
-0.153319 0.078659 -1.43726 0.787055 -0.550803 0.277777
-0.153011 0.078937 -1.43757 0.61451 -0.662649 0.428104
-0.15258 0.08031 -1.43607 0.646875 -0.645853 0.405496
-0.153175 0.079117 -1.43675 0.786295 -0.551479 0.278589
-0.152724 0.079852 -1.43657 0.615517 -0.66106 0.429115
-0.153155 0.078479 -1.43807 0.647852 -0.645373 0.4047
-0.152462 0.077747 -1.43973 0.480019 -0.711469 0.513219
-0.153798 0.078853 -1.43623 -0.564734 0.628514 -0.534833
-0.152352 0.078773 -1.43842 0.476728 -0.712112 0.515389
-0.151797 0.082085 -1.43443 0.584046 -0.655027 0.479405
-0.151238 0.08243 -1.43464 0.582873 -0.654454 0.481611
-0.150175 0.083296 -1.43475 0.58321 -0.655386 0.479933
-0.150601 0.078462 -1.44114 0.721914 -0.593041 0.35657
-0.151004 0.083183 -1.43385 0.61959 -0.665354 0.416428
-0.15051 0.083661 -1.43382 0.610992 -0.658405 0.439535
-0.151252 0.082474 -1.43456 0.583195 -0.655247 0.480141
-0.153398 0.0807 -1.43434 0.564771 -0.64862 0.510221
-0.153647 0.080978 -1.43371 0.589998 -0.715883 0.373382
-0.153098 0.081375 -1.43382 0.586088 -0.705433 0.398579
-0.153699 0.080024 -1.43487 0.564578 -0.648054 0.511153
-0.151172 0.077861 -1.44109 0.629284 -0.683797 0.369356
-0.151502 0.077969 -1.44045 0.63596 -0.639135 0.432507
-0.151306 0.078404 -1.44009 0.636063 -0.638438 0.433384
-0.150133 0.081016 -1.43796 0.636755 -0.63843 0.432378
-0.150915 0.079275 -1.43938 0.636107 -0.639007 0.43248
-0.151697 0.077533 -1.4408 0.629111 -0.684914 0.367575
-0.152373 0.081764 -1.43425 -0.478575 0.645735 -0.594973
-0.150723 0.083682 -1.43356 0.237973 -0.576847 0.78142
-0.153083 0.077821 -1.43915 0.274584 -0.832303 0.481535
-0.146781 0.084443 -1.43769 0.56009 -0.729865 0.391914
-0.146395 0.084495 -1.43814 0.560025 -0.729928 0.391889
-0.147939 0.084284 -1.43633 0.560246 -0.729395 0.392564
-0.147313 0.084024 -1.43771 0.559938 -0.729285 0.393208
-0.153744 0.078926 -1.43615 0.493917 -0.659089 0.56714
-0.152826 0.079965 -1.43606 0.786808 -0.55103 0.278028
-0.14815 0.081148 -1.44098 0.745296 -0.657374 0.111322
-0.147703 0.081644 -1.44104 0.744705 -0.658077 0.111129
-0.151271 0.08263 -1.43421 0.61221 -0.723892 0.318085
-0.150744 0.082977 -1.43444 0.613582 -0.723666 0.315951
-0.152299 0.078603 -1.4387 0.478269 -0.712303 0.513695
-0.147822 0.084713 -1.43575 0.620601 -0.597426 0.507876
-0.1464 0.082087 -1.44172 0.0937666 -0.501492 0.860066
-0.146466 0.081521 -1.44204 0.0939623 -0.501617 0.859972
-0.147786 0.080991 -1.44144 0.392785 -0.447611 0.803346
-0.151125 0.083218 -1.43374 -0.380908 -0.226995 0.896316
-0.152537 0.079959 -1.4366 0.478683 -0.711762 0.514059
-0.152306 0.079715 -1.43715 0.478801 -0.711726 0.514001
-0.152824 0.079043 -1.4376 0.478331 -0.712986 0.51269
-0.15268 0.079501 -1.4371 0.478794 -0.711717 0.514019
-0.153111 0.078128 -1.4386 0.37923 -0.777549 0.5016
-0.152419 0.077396 -1.44026 0.376423 -0.779256 0.501065
-0.15265 0.07764 -1.43971 0.355614 -0.79074 0.498266
-0.15288 0.077884 -1.43915 0.399621 -0.765283 0.504623
-0.152249 0.080875 -1.4356 0.478147 -0.71287 0.513022
-0.146937 0.081603 -1.44173 0.560933 -0.551319 0.617577
-0.147316 0.081092 -1.44184 0.5544 -0.545259 0.628756
-0.147696 0.080581 -1.44195 0.560967 -0.549831 0.618871
-0.146558 0.082115 -1.44161 0.554424 -0.546387 0.627754
-0.147633 0.080514 -1.44207 0.570465 -0.809695 -0.137708
-0.14713 0.080893 -1.44221 0.569636 -0.810122 -0.138625
-0.147501 0.080856 -1.44229 0.220474 -0.586023 -0.779723
-0.146875 0.081537 -1.44185 0.585925 -0.562075 0.58375
-0.146306 0.081495 -1.44219 0.789489 -0.597578 0.140028
-0.150649 0.08364 -1.4336 0.477898 -0.643842 0.597562
-0.15105 0.083176 -1.43378 0.423644 -0.62125 0.659222
-0.150603 0.083647 -1.43367 0.644984 -0.686933 0.334842
-0.147136 0.082328 -1.44077 0.744758 -0.658454 0.108505
-0.148673 0.080532 -1.44113 0.744818 -0.658316 0.108928
-0.147648 0.081729 -1.44089 0.744384 -0.658708 0.109526
-0.146711 0.08279 -1.44088 0.744725 -0.658725 0.107081
-0.152456 0.079112 -1.43785 0.477723 -0.713225 0.512924
-0.152471 0.078823 -1.43824 0.47786 -0.71194 0.51458
-0.152975 0.078441 -1.4383 0.478657 -0.711435 0.514536
-0.150786 0.083029 -1.43424 0.596144 -0.66907 0.443799
-0.150288 0.083412 -1.43433 0.595997 -0.667601 0.446203
-0.151285 0.082647 -1.43415 0.589987 -0.656287 0.470322
-0.152369 0.077801 -1.43975 0.482479 -0.710356 0.512454
-0.152256 0.080119 -1.43664 0.481001 -0.710602 0.513501
-0.152199 0.081279 -1.43509 0.477592 -0.711912 0.514866
-0.153213 0.078096 -1.4386 0.991185 0.130578 -0.0223895
-0.152932 0.077974 -1.4388 0.0269255 0.87234 -0.488158
-0.152751 0.077609 -1.4397 0.273272 -0.832816 0.481395
-0.153184 0.077789 -1.43914 0.990851 0.133165 -0.0219503
-0.150269 0.078746 -1.4413 0.648686 -0.637311 0.415982
-0.150246 0.07899 -1.44096 0.647073 -0.639192 0.415608
-0.149963 0.079227 -1.44104 0.649685 -0.637505 0.414123
-0.154176 0.079417 -1.43522 0.450016 -0.675797 0.583767
-0.154378 0.080144 -1.43422 0.447841 -0.678061 0.582814
-0.154075 0.079054 -1.43572 0.45014 -0.677544 0.581643
-0.154277 0.07978 -1.43472 0.45066 -0.677282 0.581545
-0.151985 0.081366 -1.43518 0.587322 -0.652446 0.478922
-0.147002 0.081215 -1.44203 0.585764 -0.561213 0.584739
-0.147466 0.081236 -1.44155 0.746196 -0.538215 0.391811
-0.150116 0.083813 -1.43406 0.570399 -0.621719 0.536759
-0.150242 0.079615 -1.43995 0.720798 -0.593899 0.357399
-0.147192 0.083868 -1.43817 0.559853 -0.729704 0.392552
-0.146879 0.083738 -1.43886 0.560584 -0.728911 0.392981
-0.146106 0.083843 -1.43977 0.927137 -0.374692 0.00489112
-0.146565 0.083608 -1.43955 0.560733 -0.72881 0.392956
-0.146588 0.084469 -1.43792 0.55887 -0.730101 0.393214
-0.14736 0.084363 -1.43701 0.559074 -0.730598 0.391999
-0.145816 0.084575 -1.43882 0.928305 -0.371813 0.00230021
-0.146974 0.084416 -1.43746 0.560444 -0.729442 0.392196
-0.14642 0.083973 -1.43908 0.559411 -0.730389 0.391908
-0.148132 0.084258 -1.43611 0.559195 -0.729501 0.393864
-0.145961 0.084209 -1.43929 0.927758 -0.373177 0.00214343
-0.147506 0.083998 -1.43748 0.560745 -0.728819 0.392922
-0.146733 0.084103 -1.43839 0.559338 -0.73001 0.392717
-0.146252 0.083478 -1.44024 0.927777 -0.373128 0.00233205
-0.146274 0.084339 -1.43861 0.560717 -0.728847 0.392912
-0.147819 0.084128 -1.43679 0.561229 -0.72878 0.392303
-0.149767 0.084032 -1.43427 0.664688 -0.0262532 0.74666
-0.148171 0.081114 -1.44104 0.744902 -0.657727 0.111875
-0.145913 0.085313 -1.4372 0.8226 -0.428901 0.373326
-0.145794 0.085065 -1.43775 0.82217 -0.429483 0.373607
-0.14672 0.085064 -1.43662 0.539041 -0.716838 0.442243
-0.146257 0.085064 -1.43719 0.538362 -0.717257 0.442389
-0.151392 0.0827 -1.43398 0.505333 -0.59666 0.623406
-0.150169 0.07911 -1.44089 0.646812 -0.639587 0.415408
-0.146674 0.085535 -1.43635 0.626324 -0.0811492 0.775328
-0.146206 0.08547 -1.43674 0.626201 -0.0821733 0.775319
-0.15273 0.081452 -1.43413 0.59277 -0.626269 0.50637
-0.152541 0.081208 -1.43465 0.592249 -0.627324 0.505674
-0.152726 0.080796 -1.43495 0.594052 -0.625877 0.505352
-0.15291 0.080383 -1.43524 0.590996 -0.627296 0.507172
-0.153095 0.07997 -1.43554 0.591489 -0.627365 0.506512
-0.149203 0.07959 -1.44149 0.464237 -0.483662 0.741994
-0.150327 0.080112 -1.43901 0.636787 -0.639087 0.431358
-0.150197 0.080506 -1.43862 0.637259 -0.638634 0.431331
-0.150457 0.079717 -1.4394 0.637418 -0.638043 0.431971
-0.15033 0.080737 -1.43808 0.635535 -0.63976 0.432207
-0.150587 0.079323 -1.43979 0.635926 -0.639426 0.432126
-0.149548 0.082478 -1.43666 0.635627 -0.639502 0.432452
-0.152463 0.078968 -1.43804 0.476897 -0.713671 0.513072
-0.152492 0.078388 -1.43882 0.479774 -0.710999 0.514099
-0.152751 0.078052 -1.43904 0.479242 -0.711814 0.513467
-0.152694 0.079211 -1.43749 0.478885 -0.711627 0.514059
-0.152982 0.078296 -1.43849 0.479051 -0.711177 0.514526
-0.146708 0.084625 -1.43746 0.501822 -0.797767 0.33428
-0.147867 0.084467 -1.4361 0.501773 -0.797064 0.336024
-0.14724 0.084207 -1.43747 0.559357 -0.729877 0.392937
-0.146322 0.084678 -1.43791 0.501734 -0.797836 0.334246
-0.146854 0.08426 -1.43793 0.560805 -0.728931 0.392628
-0.148253 0.084414 -1.43564 0.50072 -0.798854 0.333335
-0.145936 0.084731 -1.43836 0.500812 -0.798121 0.334947
-0.147094 0.084573 -1.437 0.500745 -0.798863 0.333277
-0.147481 0.08452 -1.43655 0.50087 -0.797991 0.33517
-0.151238 0.082615 -1.43431 0.612554 -0.72508 0.314702
-0.151877 0.078155 -1.43969 0.583257 -0.654829 0.480635
-0.151862 0.077588 -1.44048 0.609085 -0.648334 0.456813
-0.151337 0.077915 -1.44077 0.636772 -0.639497 0.430773
-0.151666 0.078023 -1.44013 0.610131 -0.646631 0.45783
-0.150879 0.078514 -1.44056 0.635386 -0.639886 0.43224
-0.151755 0.081429 -1.43537 0.583257 -0.654833 0.480631
-0.151696 0.079158 -1.43854 0.5836 -0.655374 0.479475
-0.151471 0.078458 -1.43977 0.610328 -0.648005 0.45562
-0.151275 0.078893 -1.43941 0.610559 -0.647185 0.456475
-0.150885 0.079764 -1.4387 0.61101 -0.646432 0.456938
-0.150718 0.081335 -1.43676 0.584694 -0.653668 0.48047
-0.151906 0.079291 -1.43811 0.584775 -0.654325 0.479475
-0.151962 0.079466 -1.4378 0.585336 -0.654238 0.478909
-0.151305 0.080029 -1.43783 0.583702 -0.654677 0.480302
-0.149321 0.083247 -1.43585 0.610501 -0.647324 0.456356
-0.151891 0.078723 -1.4389 0.58433 -0.653931 0.480554
-0.151921 0.079859 -1.43731 0.583857 -0.654683 0.480106
-0.151142 0.07835 -1.44042 0.637227 -0.637977 0.432351
-0.149937 0.083076 -1.43534 0.583777 -0.654699 0.480181
-0.149741 0.083512 -1.43498 0.583399 -0.655499 0.479549
-0.151334 0.081165 -1.43625 0.583704 -0.655279 0.479478
-0.150327 0.082206 -1.43605 0.584445 -0.654569 0.479546
-0.150748 0.082471 -1.43518 0.583481 -0.655457 0.479505
-0.15108 0.079329 -1.43906 0.609633 -0.648159 0.45633
-0.1515 0.079594 -1.43819 0.583349 -0.654774 0.480599
-0.149516 0.082811 -1.43621 0.610655 -0.64778 0.455502
-0.150494 0.080635 -1.43799 0.609557 -0.647556 0.457287
-0.151559 0.081865 -1.43502 0.582919 -0.655618 0.47997
-0.150946 0.078785 -1.44006 0.635349 -0.639949 0.432199
-0.150552 0.082906 -1.43482 0.584447 -0.653722 0.480697
-0.150298 0.08107 -1.43763 0.610573 -0.647248 0.456366
-0.150132 0.082641 -1.43569 0.583281 -0.654757 0.480705
-0.149907 0.081941 -1.43692 0.609703 -0.648127 0.456283
-0.151139 0.0816 -1.43589 0.583691 -0.654018 0.481213
-0.149712 0.082376 -1.43657 0.609972 -0.64717 0.457279
-0.150914 0.0809 -1.43712 0.583818 -0.655842 0.478569
-0.149125 0.083682 -1.4355 0.612362 -0.646013 0.455719
-0.151725 0.080294 -1.43696 0.583411 -0.654712 0.480609
-0.151935 0.080426 -1.43652 0.583547 -0.654672 0.480498
-0.151992 0.080601 -1.43622 0.582376 -0.654977 0.481501
-0.151056 0.082385 -1.43492 0.583424 -0.654799 0.480474
-0.150622 0.079928 -1.43885 0.635599 -0.639774 0.432091
-0.14984 0.081669 -1.43742 0.636624 -0.638749 0.432099
-0.150751 0.079221 -1.4397 0.635896 -0.639221 0.432472
-0.150689 0.080199 -1.43835 0.609398 -0.648174 0.456623
-0.150523 0.08177 -1.43641 0.583522 -0.655372 0.479573
-0.15195 0.080994 -1.43573 0.582983 -0.655534 0.480007
-0.150103 0.081505 -1.43728 0.609764 -0.647463 0.457142
-0.151109 0.080464 -1.43747 0.584276 -0.654551 0.479776
-0.15153 0.080729 -1.4366 0.583375 -0.65475 0.4806
-0.150943 0.082035 -1.43553 0.583217 -0.654841 0.480668
-0.152317 0.08174 -1.43429 -0.451877 0.459558 -0.7646
-0.146607 0.082358 -1.44138 0.521612 -0.530962 0.667833
-0.154547 0.07991 -1.43429 0.586669 -0.594343 0.550069
-0.151731 0.082253 -1.43419 -0.426395 -0.6396 -0.639608
-0.146017 0.084271 -1.43917 -0.976605 0.0862754 0.196976
-0.146086 0.084186 -1.43948 -0.977043 0.0848265 0.195429
-0.14597 0.084563 -1.43907 -0.976616 0.0862742 0.196923
-0.15033 0.083682 -1.43399 0.570774 -0.621124 0.537049
-0.146668 0.082858 -1.44077 0.745275 -0.657625 0.109975
-0.147045 0.085316 -1.43611 0.609604 -0.181151 0.77173
-0.153704 0.080967 -1.43362 0.586227 -0.745559 0.316987
-0.153271 0.081344 -1.43353 0.584288 -0.746328 0.31875
-0.154457 0.079053 -1.43534 0.550186 -0.627638 0.550786
-0.166028 0.080538 -1.43542 -0.709784 0.415838 -0.568582
-0.165933 0.080813 -1.43534 -0.699408 0.463964 -0.543659
-0.165831 0.081538 -1.43474 -0.693463 0.428836 -0.578972
-0.16566 0.08201 -1.43468 -0.676241 0.497937 -0.542916
-0.165312 0.082393 -1.43467 -0.669622 0.545957 -0.503524
-0.164926 0.078468 -1.43839 -0.748447 0.474926 -0.462895
-0.16535 0.082756 -1.43428 -0.696421 0.36088 -0.620294
-0.164949 0.078316 -1.43855 -0.719445 0.430768 -0.544828
-0.168612 0.077011 -1.43486 -0.657649 0.48257 -0.578467
-0.164374 0.078475 -1.43905 -0.676551 0.37436 -0.63414
-0.168695 0.077049 -1.43475 -0.53053 0.592058 -0.606634
-0.168769 0.076827 -1.43476 -0.714447 0.40637 -0.569587
-0.168756 0.076955 -1.43479 -0.799132 0.309933 -0.515102
-0.164744 0.083666 -1.4346 -0.672742 0.375605 -0.637447
-0.168874 0.076516 -1.43493 -0.614997 0.501894 -0.608179
-0.168968 0.076304 -1.435 -0.684545 0.423859 -0.593078
-0.166769 0.07774 -1.43663 -0.707425 0.4306 -0.560475
-0.163724 0.078986 -1.43946 -0.717503 0.394722 -0.57392
-0.169053 0.075907 -1.43517 -0.687905 0.422757 -0.589968
-0.165161 0.084156 -1.43372 -0.64786 0.418084 -0.636776
-0.169149 0.075529 -1.43534 -0.728988 0.342707 -0.592561
-0.164186 0.081266 -1.43718 -0.709284 0.418815 -0.567018
-0.167871 0.079809 -1.43365 -0.709163 0.418132 -0.567673
-0.164138 0.081404 -1.43714 -0.692347 0.492434 -0.527413
-0.167729 0.080223 -1.43353 -0.70112 0.456819 -0.547492
-0.169165 0.075233 -1.43546 -0.773404 0.235627 -0.588495
-0.164036 0.082128 -1.43654 -0.684863 0.519184 -0.511284
-0.167776 0.080085 -1.43357 -0.710998 0.405694 -0.574363
-0.163985 0.08249 -1.43624 -0.693508 0.429672 -0.578298
-0.167677 0.080585 -1.43323 -0.692875 0.439957 -0.571281
-0.16742 0.081293 -1.43314 -0.680582 0.474047 -0.558648
-0.163899 0.082726 -1.43621 -0.677937 0.488737 -0.549124
-0.169123 0.074976 -1.4356 -0.751503 0.316047 -0.5791
-0.167506 0.081057 -1.43317 -0.693226 0.333229 -0.639058
-0.163251 0.079573 -1.43967 -0.74755 0.405187 -0.526301
-0.163725 0.082918 -1.43621 -0.670326 0.543637 -0.505096
-0.166898 0.081869 -1.43313 -0.668306 0.550078 -0.500781
-0.169089 0.074767 -1.43579 -0.68841 0.484604 -0.539676
-0.163635 0.080231 -1.43867 -0.74011 0.466363 -0.484502
-0.166218 0.076705 -1.43812 -0.730613 0.456196 -0.508025
-0.16732 0.078774 -1.43514 -0.707253 0.430652 -0.560653
-0.166918 0.08205 -1.43293 -0.696628 0.345466 -0.628779
-0.163783 0.083462 -1.43563 -0.696234 0.361462 -0.620164
-0.163669 0.080003 -1.43891 -0.704329 0.412403 -0.577792
-0.166229 0.076629 -1.43819 -0.694216 0.400509 -0.598044
-0.163764 0.083281 -1.43582 -0.683565 0.497077 -0.534465
-0.167072 0.081677 -1.43313 -0.649674 0.601936 -0.464324
-0.163658 0.080079 -1.43883 -0.774527 0.507847 -0.377094
-0.169047 0.074592 -1.43603 -0.668002 0.527586 -0.524811
-0.164547 0.084886 -1.43393 -0.595244 0.559006 -0.577233
-0.162936 0.079952 -1.43983 -0.762612 0.404123 -0.505082
-0.168061 0.075976 -1.43635 -0.657698 0.482487 -0.578481
-0.165477 0.079503 -1.4369 -0.707626 0.430351 -0.560413
-0.163381 0.080083 -1.43916 -0.681671 0.37818 -0.626342
-0.165366 0.076867 -1.43894 -0.676245 0.373689 -0.634862
-0.168236 0.075794 -1.43616 -0.758965 0.353039 -0.547116
-0.16348 0.083917 -1.43579 -0.675441 0.359659 -0.643758
-0.166008 0.083414 -1.43342 -0.675594 0.359726 -0.643561
-0.164237 0.085114 -1.43394 -0.482794 0.764049 -0.427947
-0.165654 0.076787 -1.43869 -0.662868 0.36424 -0.654168
-0.16946 0.077394 -1.43362 -0.599955 0.516326 -0.611114
-0.168289 0.075638 -1.43625 -0.611231 0.505572 -0.608929
-0.1696 0.077076 -1.43372 -0.67952 0.430094 -0.594367
-0.168335 0.075532 -1.43629 -0.691443 0.41527 -0.591149
-0.167139 0.076341 -1.43723 -0.707649 0.430154 -0.560535
-0.164556 0.079867 -1.43779 -0.707292 0.430228 -0.560929
-0.168241 0.07841 -1.43425 -0.707829 0.43029 -0.560203
-0.166399 0.079139 -1.43602 -0.707689 0.430426 -0.560276
-0.169554 0.077182 -1.43369 -0.637744 0.479093 -0.603119
-0.169408 0.077549 -1.43353 -0.566084 0.547009 -0.61671
-0.164391 0.077633 -1.43955 -0.720768 0.396377 -0.568664
-0.163056 0.080338 -1.43936 -0.717362 0.395083 -0.573847
-0.168378 0.075333 -1.43637 -0.685291 0.425875 -0.590767
-0.169729 0.07648 -1.43397 -0.690405 0.418444 -0.590123
-0.163837 0.085298 -1.43399 -0.457797 0.797963 -0.392017
-0.163138 0.082423 -1.43745 -0.684814 0.519476 -0.511051
-0.168978 0.078746 -1.43307 -0.707448 0.430111 -0.560823
-0.166311 0.08296 -1.43325 -0.690721 0.21564 -0.690221
-0.164105 0.084652 -1.43447 -0.647561 0.416176 -0.638328
-0.166216 0.08366 -1.43298 -0.647482 0.426344 -0.631662
-0.169872 0.075914 -1.43423 -0.717276 0.366261 -0.592763
-0.168426 0.075145 -1.43646 -0.723554 0.353875 -0.592657
-0.169686 0.076679 -1.43389 -0.703509 0.399883 -0.58751
-0.162604 0.080524 -1.43988 -0.610421 0.456598 -0.647228
-0.168792 0.079445 -1.43276 -0.708849 0.421262 -0.565749
-0.16695 0.080173 -1.43453 -0.709509 0.417637 -0.567605
-0.165107 0.080902 -1.4363 -0.708378 0.42232 -0.565549
-0.16769 0.077375 -1.43574 -0.707395 0.430692 -0.560443
-0.165848 0.078104 -1.43751 -0.707725 0.430125 -0.560462
-0.168626 0.079928 -1.43263 -0.694517 0.483208 -0.533063
-0.166831 0.080518 -1.43444 -0.699641 0.46278 -0.544368
-0.165036 0.081109 -1.43624 -0.694919 0.483095 -0.532641
-0.164933 0.081833 -1.43564 -0.685004 0.51947 -0.510803
-0.169896 0.07547 -1.4344 -0.772052 0.241107 -0.588049
-0.168434 0.074997 -1.43651 -0.774809 0.232361 -0.587945
-0.16678 0.08088 -1.43413 -0.684426 0.520395 -0.510637
-0.163087 0.082785 -1.43715 -0.684964 0.519138 -0.511195
-0.164985 0.081471 -1.43594 -0.684946 0.519619 -0.510731
-0.169824 0.076102 -1.43415 -0.675285 0.440571 -0.591513
-0.166902 0.080311 -1.43449 -0.710528 0.40788 -0.573396
-0.164908 0.082014 -1.43549 -0.692598 0.441979 -0.570056
-0.166754 0.081061 -1.43398 -0.69315 0.430034 -0.578458
-0.168601 0.080109 -1.43248 -0.693314 0.428651 -0.579288
-0.163061 0.082966 -1.437 -0.692478 0.443603 -0.568939
-0.166878 0.08038 -1.43447 -0.711566 0.4032 -0.575416
-0.168697 0.079721 -1.43269 -0.711513 0.403158 -0.575511
-0.168625 0.074339 -1.43682 -0.680056 0.266817 -0.682885
-0.168795 0.077878 -1.43396 -0.707597 0.430075 -0.560661
-0.169254 0.07848 -1.43292 -0.707408 0.430145 -0.560847
-0.169888 0.075618 -1.43434 -0.765296 0.261632 -0.588108
-0.16654 0.081652 -1.43391 -0.677122 0.494294 -0.545141
-0.164779 0.082368 -1.43545 -0.676812 0.49491 -0.544967
-0.163019 0.083084 -1.43698 -0.672031 0.518099 -0.529101
-0.168301 0.080935 -1.43237 -0.672241 0.518114 -0.528819
-0.169834 0.075085 -1.43462 -0.754927 0.307212 -0.579402
-0.168413 0.074868 -1.43659 -0.744415 0.339399 -0.575025
-0.164716 0.077378 -1.43935 -0.689158 0.382998 -0.615121
-0.166668 0.081297 -1.43395 -0.693354 0.332976 -0.639052
-0.164822 0.08225 -1.43546 -0.692943 0.334138 -0.638892
-0.168343 0.080817 -1.43239 -0.693176 0.332509 -0.639488
-0.163897 0.084407 -1.43491 -0.644832 0.495233 -0.582182
-0.163683 0.078514 -1.43987 -0.747226 0.404776 -0.527076
-0.16282 0.080632 -1.43947 -0.747379 0.405614 -0.526215
-0.169854 0.075213 -1.43455 -0.780352 0.215079 -0.587189
-0.167878 0.082254 -1.43191 -0.833853 0.434764 -0.340101
-0.164518 0.082656 -1.43544 -0.668307 0.549572 -0.501334
-0.166105 0.082131 -1.4339 -0.667857 0.551656 -0.499643
-0.162932 0.08318 -1.43698 -0.673701 0.533092 -0.511801
-0.167692 0.081607 -1.43235 -0.668049 0.552082 -0.498914
-0.166626 0.081415 -1.43394 -0.693502 0.331709 -0.63955
-0.169783 0.07477 -1.43491 -0.693155 0.473715 -0.543259
-0.168396 0.074764 -1.43668 -0.686368 0.489024 -0.538289
-0.168429 0.080581 -1.43242 -0.692807 0.334011 -0.639105
-0.162989 0.081113 -1.43881 -0.740523 0.466384 -0.483851
-0.164832 0.080384 -1.43704 -0.708028 0.430147 -0.560062
-0.167415 0.076858 -1.43649 -0.707332 0.429817 -0.561193
-0.166123 0.078621 -1.43676 -0.707669 0.429734 -0.560833
-0.167966 0.077893 -1.435 -0.707528 0.429827 -0.56094
-0.166674 0.079656 -1.43528 -0.70779 0.429689 -0.560714
-0.165572 0.077586 -1.43825 -0.729955 0.454301 -0.510663
-0.164281 0.079349 -1.43853 -0.730323 0.454125 -0.510292
-0.166134 0.082403 -1.43361 -0.695595 0.375891 -0.612253
-0.164567 0.083109 -1.43495 -0.696406 0.340254 -0.631859
-0.162999 0.083815 -1.4363 -0.69659 0.361055 -0.620001
-0.167701 0.081697 -1.43226 -0.696651 0.31466 -0.644722
-0.162632 0.084658 -1.4361 -0.577939 0.564832 -0.589026
-0.164309 0.07916 -1.43873 -0.702904 0.410356 -0.580977
-0.168444 0.074297 -1.43696 -0.645267 0.0316062 -0.763303
-0.166124 0.082313 -1.4337 -0.683455 0.496657 -0.534996
-0.164538 0.082837 -1.43524 -0.683712 0.498466 -0.532981
-0.16299 0.083724 -1.4364 -0.683615 0.497577 -0.533936
-0.169622 0.078221 -1.43274 -0.567844 0.545311 -0.616594
-0.164605 0.08256 -1.43544 -0.650146 0.601528 -0.464192
-0.166366 0.081843 -1.4339 -0.649798 0.602797 -0.463032
-0.167779 0.081511 -1.43236 -0.649179 0.602865 -0.46381
-0.16297 0.083543 -1.43659 -0.683483 0.497035 -0.534609
-0.164547 0.082928 -1.43515 -0.683766 0.497645 -0.533679
-0.1698 0.074875 -1.43481 -0.722495 0.397264 -0.565846
-0.16972 0.074507 -1.43526 -0.667829 0.527792 -0.524825
-0.168375 0.074676 -1.4368 -0.668139 0.527611 -0.524611
-0.163587 0.081189 -1.438 -0.707459 0.429858 -0.561002
-0.163012 0.080961 -1.43897 -0.774993 0.507851 -0.37613
-0.165296 0.084754 -1.43328 -0.593295 0.56418 -0.574197
-0.163798 0.085017 -1.43457 -0.593578 0.565054 -0.573043
-0.166279 0.081939 -1.4339 -0.649721 0.602539 -0.463475
-0.163209 0.079082 -1.44011 -0.76056 0.403957 -0.508298
-0.162662 0.080821 -1.43955 -0.762815 0.403879 -0.50497
-0.165753 0.08002 -1.43616 -0.707448 0.429819 -0.561046
-0.167596 0.079292 -1.43439 -0.707917 0.42969 -0.560553
-0.167045 0.078257 -1.43588 -0.707934 0.429735 -0.560497
-0.167785 0.075459 -1.43709 -0.640091 0.499044 -0.584157
-0.165202 0.078985 -1.43765 -0.707322 0.430306 -0.560832
-0.166494 0.077222 -1.43737 -0.707867 0.42969 -0.560616
-0.16391 0.080748 -1.43793 -0.707468 0.430266 -0.560679
-0.162885 0.080886 -1.43921 -0.680101 0.376836 -0.628854
-0.165862 0.076063 -1.43888 -0.675112 0.37346 -0.6362
-0.16487 0.077671 -1.43899 -0.676255 0.374297 -0.634493
-0.163877 0.079279 -1.4391 -0.673996 0.373702 -0.637241
-0.162241 0.082718 -1.43835 -0.973027 0.212337 -0.090178
-0.167953 0.081319 -1.43236 -0.649234 0.602355 -0.464396
-0.169741 0.074595 -1.43514 -0.665489 0.532707 -0.522827
-0.162388 0.080903 -1.43976 -0.457664 0.473584 -0.752504
-0.16997 0.07417 -1.43527 -0.820622 0.241921 -0.517739
-0.165709 0.07577 -1.43924 -0.616255 0.167553 -0.769516
-0.162965 0.081592 -1.43847 -0.70752 0.430452 -0.56047
-0.163575 0.081429 -1.43783 -0.707121 0.430441 -0.560981
-0.162741 0.082209 -1.4382 -0.685113 0.519497 -0.51063
-0.163439 0.081806 -1.43767 -0.684415 0.520651 -0.510391
-0.164112 0.083791 -1.4352 -0.672696 0.378898 -0.635544
-0.16664 0.083289 -1.43282 -0.675597 0.360503 -0.643122
-0.162848 0.084042 -1.43638 -0.667357 0.405586 -0.624607
-0.165376 0.08354 -1.43401 -0.675599 0.359684 -0.643579
-0.164832 0.085097 -1.4333 -0.490542 0.755109 -0.434948
-0.163643 0.085131 -1.43458 -0.482539 0.765228 -0.426125
-0.163919 0.07822 -1.43977 -0.744002 0.404885 -0.531535
-0.162891 0.0819 -1.43831 -0.684974 0.519599 -0.510713
-0.166006 0.076023 -1.43876 -0.663028 0.365156 -0.653494
-0.165302 0.077552 -1.43862 -0.662078 0.364847 -0.654629
-0.164021 0.079239 -1.43898 -0.663708 0.365364 -0.652688
-0.169167 0.076955 -1.43428 -0.603586 0.512429 -0.61082
-0.168576 0.074051 -1.43686 -0.637997 -0.0207316 -0.76976
-0.168424 0.079278 -1.43336 -0.707772 0.430129 -0.5604
-0.169284 0.07669 -1.43436 -0.67675 0.433645 -0.594947
-0.16805 0.082005 -1.43168 -0.824474 0.506661 -0.252066
-0.166954 0.07704 -1.43693 -0.707765 0.429734 -0.560712
-0.166033 0.077404 -1.43781 -0.707246 0.429873 -0.56126
-0.166214 0.079838 -1.43572 -0.707842 0.429765 -0.560591
-0.164741 0.079167 -1.43809 -0.707553 0.430389 -0.560477
-0.168427 0.077711 -1.43456 -0.707972 0.429856 -0.560357
-0.164371 0.080566 -1.43748 -0.707319 0.430329 -0.560818
-0.167325 0.075641 -1.43754 -0.707932 0.429545 -0.560646
-0.166771 0.076173 -1.43782 -0.708449 0.430306 -0.559407
-0.165663 0.078803 -1.43721 -0.707851 0.429851 -0.560513
-0.167505 0.078075 -1.43544 -0.707404 0.429845 -0.561081
-0.167135 0.079474 -1.43483 -0.707308 0.42956 -0.561421
-0.166584 0.078439 -1.43632 -0.707376 0.429871 -0.561098
-0.168056 0.07911 -1.43395 -0.707668 0.429741 -0.560829
-0.167876 0.076676 -1.43605 -0.70757 0.429817 -0.560894
-0.165292 0.080202 -1.4366 -0.70748 0.429641 -0.561142
-0.164586 0.076868 -1.43986 -0.758175 0.431388 -0.488954
-0.169088 0.077188 -1.43414 -0.565639 0.547299 -0.616859
-0.163367 0.078893 -1.44003 -0.748731 0.40594 -0.524037
-0.164986 0.084983 -1.43329 -0.533562 0.699711 -0.475096
-0.165158 0.077591 -1.43874 -0.662637 0.365125 -0.653908
-0.166934 0.0751 -1.43833 -0.664131 0.348155 -0.661602
-0.166582 0.075864 -1.43826 -0.662831 0.364086 -0.654291
-0.166294 0.075944 -1.43851 -0.662804 0.364627 -0.654017
-0.162722 0.081014 -1.43931 -0.723259 0.396133 -0.565663
-0.164057 0.078309 -1.4395 -0.717809 0.39442 -0.573744
-0.164725 0.076957 -1.4396 -0.722003 0.395932 -0.567406
-0.16339 0.079662 -1.43941 -0.721301 0.396419 -0.567958
-0.169391 0.076193 -1.43457 -0.690021 0.419824 -0.589591
-0.16804 0.075047 -1.43697 -0.690551 0.419728 -0.589039
-0.170066 0.076766 -1.43338 -0.688717 0.42149 -0.589929
-0.168716 0.07562 -1.43577 -0.689031 0.420983 -0.589924
-0.165766 0.075526 -1.43919 -0.464878 -0.144228 -0.873548
-0.169846 0.077621 -1.43303 -0.635732 0.481305 -0.603482
-0.165603 0.084389 -1.43318 -0.645572 0.353693 -0.67686
-0.163443 0.085223 -1.43461 -0.456067 0.799578 -0.39074
-0.164231 0.085373 -1.43338 -0.455504 0.79986 -0.390821
-0.162638 0.082933 -1.4376 -0.684677 0.519208 -0.511508
-0.165433 0.081323 -1.43549 -0.684993 0.519791 -0.510491
-0.164536 0.081618 -1.43639 -0.684662 0.520047 -0.510675
-0.163638 0.081913 -1.43729 -0.684522 0.519977 -0.510934
-0.166331 0.081028 -1.43459 -0.684747 0.519749 -0.510864
-0.169346 0.078913 -1.43247 -0.707507 0.430504 -0.560446
-0.168609 0.078578 -1.43366 -0.707411 0.429861 -0.561061
-0.168244 0.076844 -1.43545 -0.708089 0.430145 -0.559987
-0.167141 0.075557 -1.43783 -0.708363 0.430489 -0.559376
-0.163264 0.084532 -1.4355 -0.644788 0.494988 -0.582438
-0.164263 0.083564 -1.43511 -0.69072 0.215751 -0.690187
-0.166792 0.083062 -1.43274 -0.690872 0.215814 -0.690015
-0.165831 0.082858 -1.43377 -0.690536 0.215859 -0.690336
-0.167398 0.082152 -1.43242 -0.691141 0.215371 -0.689884
-0.165688 0.083908 -1.43335 -0.647684 0.415598 -0.63858
-0.164633 0.084404 -1.4341 -0.647265 0.42612 -0.632036
-0.163577 0.0849 -1.43484 -0.647923 0.425998 -0.631444
-0.166744 0.083411 -1.4326 -0.647771 0.427365 -0.630676
-0.166395 0.084017 -1.43262 -0.645964 0.354271 -0.676183
-0.170234 0.076106 -1.43368 -0.723546 0.353648 -0.592802
-0.168787 0.075337 -1.4359 -0.71516 0.370136 -0.592913
-0.169511 0.075721 -1.43479 -0.723957 0.352691 -0.592871
-0.169327 0.076492 -1.43445 -0.702987 0.399735 -0.588236
-0.170045 0.076866 -1.43333 -0.704289 0.398245 -0.587688
-0.168694 0.075719 -1.43573 -0.702002 0.402026 -0.587851
-0.167046 0.075403 -1.43805 -0.662604 0.364245 -0.654432
-0.165766 0.07709 -1.43841 -0.663339 0.365049 -0.653239
-0.167095 0.082607 -1.43258 -0.691266 0.215616 -0.689682
-0.162496 0.081107 -1.43957 -0.572436 0.464298 -0.675828
-0.162712 0.079941 -1.44019 -0.610743 0.456892 -0.646717
-0.163151 0.078785 -1.44045 -0.678287 0.329783 -0.656635
-0.168332 0.079627 -1.43321 -0.709404 0.418808 -0.566873
-0.165938 0.079321 -1.43646 -0.707397 0.430698 -0.560435
-0.16723 0.077558 -1.43618 -0.707758 0.430405 -0.560206
-0.164646 0.081084 -1.43674 -0.709402 0.419258 -0.566544
-0.16741 0.079991 -1.43409 -0.709442 0.419201 -0.566536
-0.166679 0.076523 -1.43767 -0.707749 0.430589 -0.560076
-0.166489 0.080356 -1.43497 -0.708869 0.422064 -0.565125
-0.169253 0.079263 -1.43232 -0.709161 0.418513 -0.567396
-0.168151 0.077193 -1.4353 -0.707633 0.430389 -0.560375
-0.166859 0.078957 -1.43558 -0.707744 0.430379 -0.560243
-0.167781 0.078592 -1.4347 -0.707792 0.430416 -0.560154
-0.164095 0.080049 -1.43823 -0.707782 0.429942 -0.560531
-0.165017 0.079685 -1.43735 -0.707708 0.42998 -0.560594
-0.166308 0.077922 -1.43707 -0.7077 0.430007 -0.560585
-0.165387 0.078286 -1.43795 -0.707319 0.430166 -0.560943
-0.165568 0.08072 -1.43586 -0.709088 0.419729 -0.566588
-0.1676 0.076158 -1.43679 -0.707207 0.430733 -0.560649
-0.168237 0.079903 -1.43313 -0.711791 0.402554 -0.57559
-0.167229 0.080733 -1.43368 -0.684438 0.520787 -0.51022
-0.165382 0.081685 -1.43519 -0.684845 0.51903 -0.511463
-0.162689 0.082571 -1.4379 -0.684961 0.519813 -0.510513
-0.164587 0.081256 -1.43669 -0.696473 0.476032 -0.536954
-0.16728 0.080371 -1.43398 -0.697126 0.472958 -0.538819
-0.168177 0.080075 -1.43308 -0.696832 0.475144 -0.537275
-0.163587 0.082275 -1.437 -0.684633 0.519667 -0.5111
-0.164485 0.08198 -1.43609 -0.684791 0.519372 -0.511189
-0.166382 0.080666 -1.43489 -0.699058 0.464447 -0.543697
-0.163536 0.082638 -1.4367 -0.684222 0.520287 -0.51102
-0.16953 0.075352 -1.43493 -0.772699 0.239432 -0.587885
-0.168799 0.075115 -1.43598 -0.773163 0.237073 -0.588231
-0.170261 0.075588 -1.43387 -0.775035 0.231104 -0.588143
-0.162613 0.083114 -1.43745 -0.68456 0.520364 -0.510489
-0.167254 0.080552 -1.43383 -0.68443 0.520029 -0.511004
-0.164459 0.082161 -1.43594 -0.684953 0.519054 -0.511295
-0.165459 0.081142 -1.43564 -0.68516 0.519383 -0.510683
-0.163561 0.082457 -1.43684 -0.684677 0.518252 -0.512477
-0.16451 0.081799 -1.43624 -0.684612 0.519809 -0.510984
-0.166305 0.081209 -1.43444 -0.685045 0.519608 -0.510608
-0.168152 0.080256 -1.43293 -0.684415 0.518856 -0.512216
-0.17021 0.0762 -1.43363 -0.675538 0.440819 -0.591039
-0.169439 0.076005 -1.43466 -0.675581 0.440382 -0.591315
-0.168764 0.075431 -1.43586 -0.677024 0.437502 -0.591803
-0.169348 0.076392 -1.43449 -0.704535 0.397177 -0.588116
-0.167339 0.080198 -1.43403 -0.71099 0.405306 -0.574648
-0.169024 0.078179 -1.43344 -0.707368 0.430118 -0.560918
-0.166833 0.08359 -1.43242 -0.645313 0.353919 -0.676988
-0.169158 0.079539 -1.43225 -0.711702 0.403101 -0.575318
-0.166293 0.081299 -1.43436 -0.693625 0.429658 -0.578168
-0.165369 0.081776 -1.43511 -0.694214 0.409163 -0.59216
-0.169062 0.079871 -1.4321 -0.694609 0.397379 -0.599673
-0.164446 0.082252 -1.43587 -0.693515 0.429107 -0.578709
-0.167216 0.080823 -1.43361 -0.694142 0.411643 -0.590522
-0.163523 0.082728 -1.43662 -0.692881 0.43189 -0.577397
-0.168139 0.080347 -1.43286 -0.693536 0.410749 -0.591855
-0.164431 0.085281 -1.43335 -0.429959 0.820379 -0.376979
-0.167363 0.080129 -1.43405 -0.711716 0.403259 -0.575188
-0.169111 0.079677 -1.43221 -0.711851 0.40125 -0.576426
-0.168284 0.079765 -1.43317 -0.711299 0.405089 -0.574419
-0.16552 0.080858 -1.43582 -0.710848 0.406649 -0.573874
-0.165679 0.083085 -1.43385 -0.69082 0.215484 -0.69017
-0.16643 0.080528 -1.43492 -0.711565 0.404133 -0.574762
-0.169086 0.074128 -1.43644 -0.683507 0.359591 -0.635227
-0.168152 0.07641 -1.4359 -0.707621 0.429881 -0.560781
-0.168333 0.078844 -1.4338 -0.707865 0.429459 -0.560795
-0.168703 0.077445 -1.43441 -0.707822 0.429861 -0.560542
-0.168886 0.078312 -1.43351 -0.707404 0.430182 -0.560823
-0.169463 0.07591 -1.4347 -0.675888 0.439642 -0.591515
-0.169518 0.075574 -1.43484 -0.764931 0.261844 -0.588488
-0.170002 0.077065 -1.43325 -0.702982 0.400001 -0.588061
-0.16983 0.073925 -1.43551 -0.869287 -0.217673 -0.443799
-0.170162 0.076389 -1.43355 -0.676392 0.440128 -0.590577
-0.16786 0.081114 -1.43276 -0.674988 0.50176 -0.540951
-0.16698 0.081472 -1.43353 -0.675758 0.501414 -0.54031
-0.1661 0.081831 -1.43429 -0.684542 0.447039 -0.575812
-0.164339 0.082547 -1.43583 -0.675631 0.50176 -0.540148
-0.162574 0.083674 -1.43698 -0.683702 0.497506 -0.533891
-0.169479 0.075031 -1.43511 -0.748926 0.324108 -0.577982
-0.169522 0.0755 -1.43487 -0.764542 0.263981 -0.588038
-0.162339 0.082477 -1.4386 -0.326079 -0.55723 0.763654
-0.164887 0.076829 -1.4395 -0.689277 0.383609 -0.614606
-0.163552 0.079534 -1.43931 -0.689554 0.383702 -0.614237
-0.164545 0.077926 -1.4392 -0.688403 0.383768 -0.615486
-0.170249 0.07581 -1.43379 -0.764859 0.262853 -0.588132
-0.164424 0.084159 -1.43454 -0.644951 0.495288 -0.582003
-0.163611 0.08071 -1.43833 -0.707872 0.430186 -0.560229
-0.167087 0.081177 -1.43356 -0.692729 0.334244 -0.639068
-0.16432 0.084036 -1.43476 -0.645038 0.494899 -0.582238
-0.163473 0.084778 -1.43507 -0.644638 0.495019 -0.582579
-0.165584 0.083785 -1.43357 -0.645156 0.495357 -0.581717
-0.163056 0.084287 -1.43594 -0.644789 0.495654 -0.581872
-0.165859 0.075378 -1.4391 -0.378548 -0.37394 -0.846682
-0.163467 0.079043 -1.43977 -0.746632 0.405582 -0.527299
-0.163036 0.080102 -1.43957 -0.747862 0.405273 -0.525792
-0.163898 0.077984 -1.43997 -0.746296 0.404973 -0.528242
-0.162604 0.081161 -1.43937 -0.747004 0.404966 -0.527245
-0.170118 0.077457 -1.43284 -0.703299 0.400011 -0.587676
-0.168891 0.080343 -1.43204 -0.693323 0.33332 -0.638906
-0.16951 0.075223 -1.435 -0.780235 0.215253 -0.587282
-0.166614 0.082505 -1.43309 -0.690368 0.216084 -0.690435
-0.168182 0.081799 -1.43175 -0.823832 0.411066 -0.39029
-0.167575 0.082709 -1.43207 -0.805347 0.373158 -0.460619
-0.165047 0.083211 -1.43444 -0.69098 0.215898 -0.68988
-0.166502 0.082 -1.43351 -0.668016 0.550895 -0.500269
-0.164122 0.082787 -1.43582 -0.671457 0.540676 -0.506769
-0.165708 0.082262 -1.43428 -0.668025 0.550693 -0.50048
-0.167295 0.081738 -1.43274 -0.667992 0.550413 -0.500831
-0.163328 0.083049 -1.43659 -0.671092 0.541155 -0.506741
-0.165461 0.076172 -1.43927 -0.688766 0.38404 -0.61491
-0.168743 0.074765 -1.43624 -0.695165 0.469092 -0.5447
-0.169436 0.074768 -1.43535 -0.689607 0.481146 -0.54124
-0.165284 0.082012 -1.43509 -0.69301 0.333005 -0.639409
-0.168805 0.080579 -1.43201 -0.692764 0.334132 -0.639088
-0.16713 0.081059 -1.43358 -0.692834 0.333804 -0.639183
-0.163357 0.083321 -1.4363 -0.683673 0.496688 -0.534688
-0.168053 0.080583 -1.43283 -0.692955 0.333687 -0.639114
-0.162666 0.081553 -1.43888 -0.745302 0.472468 -0.470423
-0.166816 0.076781 -1.4373 -0.70746 0.43024 -0.560708
-0.164233 0.080308 -1.43786 -0.707882 0.429909 -0.560429
-0.164879 0.079426 -1.43772 -0.707884 0.429684 -0.5606
-0.165525 0.078545 -1.43758 -0.707805 0.429853 -0.56057
-0.167367 0.077816 -1.43581 -0.707686 0.429768 -0.560785
-0.167273 0.079733 -1.43446 -0.707444 0.430696 -0.560378
-0.16543 0.080461 -1.43623 -0.708003 0.429702 -0.560436
-0.166076 0.079579 -1.43609 -0.707379 0.430024 -0.560976
-0.163958 0.07979 -1.4386 -0.738473 0.464006 -0.489239
-0.166722 0.078698 -1.43595 -0.707354 0.430269 -0.56082
-0.166997 0.079215 -1.43521 -0.708063 0.429848 -0.560247
-0.165249 0.078027 -1.43832 -0.738019 0.463655 -0.490257
-0.166351 0.080097 -1.43535 -0.707524 0.430204 -0.560656
-0.168289 0.077452 -1.43493 -0.707678 0.429707 -0.560842
-0.164509 0.080825 -1.43711 -0.7077 0.430077 -0.56053
-0.167643 0.078334 -1.43507 -0.707618 0.430184 -0.560551
-0.166446 0.07818 -1.4367 -0.707965 0.430143 -0.560145
-0.166171 0.077663 -1.43744 -0.707688 0.430126 -0.560507
-0.1658 0.079062 -1.43684 -0.70728 0.430181 -0.560981
-0.167738 0.076417 -1.43642 -0.707235 0.429901 -0.561252
-0.167092 0.077299 -1.43656 -0.708001 0.429684 -0.560451
-0.163312 0.080672 -1.43874 -0.745378 0.470977 -0.471798
-0.165154 0.079944 -1.43697 -0.708135 0.430051 -0.560001
-0.167918 0.078851 -1.43432 -0.707686 0.429485 -0.561002
-0.167462 0.0759 -1.43716 -0.707655 0.430403 -0.560337
-0.16801 0.080701 -1.43281 -0.693012 0.333381 -0.639211
-0.166185 0.081595 -1.43432 -0.693164 0.332632 -0.639438
-0.166526 0.082227 -1.43327 -0.696156 0.360902 -0.620578
-0.164175 0.083285 -1.43529 -0.695051 0.390266 -0.603818
-0.163391 0.083638 -1.43596 -0.696146 0.361716 -0.620114
-0.164959 0.082933 -1.43462 -0.695104 0.389046 -0.604544
-0.167309 0.081874 -1.4326 -0.696766 0.363221 -0.618537
-0.162424 0.084413 -1.43654 -0.563721 0.578452 -0.589586
-0.163688 0.084162 -1.43535 -0.644273 0.495855 -0.582272
-0.164952 0.083911 -1.43416 -0.644935 0.495252 -0.582052
-0.162841 0.084903 -1.43566 -0.563847 0.577769 -0.590136
-0.169859 0.077266 -1.43328 -0.702399 0.4006 -0.588349
-0.164629 0.078738 -1.43864 -0.709111 0.417271 -0.568372
-0.163527 0.085431 -1.43412 -0.493412 0.766668 -0.41081
-0.164939 0.082751 -1.43481 -0.68322 0.49646 -0.53548
-0.168814 0.074065 -1.43666 -0.643659 0.0272002 -0.764829
-0.163377 0.083502 -1.43611 -0.683822 0.497522 -0.533722
-0.164151 0.083059 -1.43553 -0.683208 0.496166 -0.535766
-0.165737 0.082534 -1.43399 -0.683781 0.497901 -0.533421
-0.166511 0.082091 -1.43341 -0.68347 0.496771 -0.534871
-0.162603 0.083946 -1.43669 -0.683413 0.496955 -0.534774
-0.167425 0.081594 -1.43274 -0.650175 0.601215 -0.464556
-0.169515 0.077885 -1.43313 -0.564718 0.548138 -0.616958
-0.164252 0.082643 -1.43583 -0.650366 0.601314 -0.464161
-0.166719 0.08176 -1.43352 -0.649436 0.603076 -0.463177
-0.165728 0.082444 -1.43409 -0.683444 0.498471 -0.533321
-0.162593 0.083855 -1.43678 -0.683705 0.497354 -0.534029
-0.164141 0.082968 -1.43563 -0.683227 0.496102 -0.535802
-0.163348 0.08323 -1.4364 -0.683766 0.496912 -0.534362
-0.164165 0.083195 -1.43539 -0.683594 0.498164 -0.533415
-0.164929 0.082661 -1.43491 -0.683392 0.499319 -0.532594
-0.169462 0.074926 -1.43521 -0.722212 0.396218 -0.56694
-0.16794 0.082308 -1.43157 -0.783067 0.571954 -0.244286
-0.17022 0.075331 -1.43402 -0.780426 0.21375 -0.587576
-0.167335 0.082658 -1.43232 -0.690561 0.215703 -0.690361
-0.166855 0.082556 -1.43284 -0.690565 0.215597 -0.69039
-0.168833 0.080961 -1.43159 -0.283648 0.285045 -0.915583
-0.166131 0.084141 -1.43281 -0.645615 0.354049 -0.676632
-0.163798 0.077834 -1.44023 0.783953 -0.614968 0.0850459
-0.164733 0.076608 -1.43988 -0.380524 0.753855 0.535635
-0.169384 0.074549 -1.43564 -0.668644 0.526259 -0.525325
-0.168711 0.074634 -1.43641 -0.669036 0.525753 -0.525333
-0.162306 0.080565 -1.44003 -0.591101 0.446418 -0.671796
-0.168792 0.073875 -1.43667 -0.593283 -0.244592 -0.766936
-0.169633 0.074212 -1.43566 -0.669715 0.523299 -0.526915
-0.163887 0.081228 -1.43759 -0.70741 0.429874 -0.561052
-0.163288 0.081151 -1.4384 -0.707848 0.430482 -0.560032
-0.169352 0.080105 -1.43167 -0.221431 0.20212 -0.954
-0.163323 0.080596 -1.43882 -0.7747 0.507941 -0.376612
-0.164922 0.08482 -1.4336 -0.610353 0.513661 -0.603011
-0.164173 0.084951 -1.43425 -0.602056 0.539284 -0.588813
-0.165671 0.084689 -1.43296 -0.613528 0.502606 -0.609073
-0.163424 0.085083 -1.4349 -0.589083 0.576321 -0.566423
-0.169946 0.077946 -1.43267 -0.638138 0.478519 -0.603158
-0.166589 0.081904 -1.43351 -0.649931 0.601905 -0.464004
-0.165969 0.081975 -1.43429 -0.649038 0.603937 -0.462613
-0.164382 0.078054 -1.4393 -0.688453 0.383796 -0.615413
-0.164854 0.084521 -1.43383 -0.645391 0.35482 -0.676441
-0.16591 0.084024 -1.43308 -0.645227 0.353951 -0.677052
-0.168831 0.076012 -1.43537 -0.703905 0.398828 -0.587754
-0.165212 0.076574 -1.43929 -0.689028 0.38378 -0.614779
-0.167159 0.074977 -1.43817 -0.640631 0.435671 -0.632283
-0.163789 0.081605 -1.43741 -0.684234 0.521671 -0.509591
-0.16309 0.082007 -1.43793 -0.68544 0.519188 -0.510505
-0.163346 0.078647 -1.44025 -0.758651 0.404962 -0.510348
-0.162799 0.080386 -1.43969 -0.759762 0.404697 -0.508902
-0.163073 0.079517 -1.43997 -0.76569 0.402839 -0.501438
-0.162689 0.081402 -1.43904 -0.774542 0.508961 -0.375558
-0.166907 0.077998 -1.43625 -0.707417 0.429951 -0.560984
-0.167733 0.079551 -1.43402 -0.707269 0.430735 -0.560569
-0.166261 0.07888 -1.43639 -0.707893 0.429763 -0.560528
-0.167553 0.077117 -1.43612 -0.707354 0.430446 -0.560683
-0.164969 0.080643 -1.43667 -0.707063 0.430325 -0.561144
-0.165615 0.079761 -1.43653 -0.70741 0.430323 -0.560708
-0.167647 0.0752 -1.43747 -0.625974 0.512601 -0.587705
-0.167277 0.076599 -1.43686 -0.708066 0.42995 -0.560166
-0.164048 0.081007 -1.43755 -0.708274 0.428916 -0.560695
-0.166356 0.076963 -1.43774 -0.707385 0.430285 -0.560768
-0.168104 0.078152 -1.43463 -0.707472 0.430703 -0.560338
-0.166631 0.077481 -1.437 -0.707266 0.430227 -0.560963
-0.165064 0.078727 -1.43802 -0.707777 0.429957 -0.560525
-0.167458 0.079033 -1.43476 -0.707204 0.429886 -0.561303
-0.167182 0.078516 -1.43551 -0.707604 0.430402 -0.560403
-0.166812 0.079915 -1.4349 -0.707762 0.429997 -0.560513
-0.16571 0.077845 -1.43788 -0.707714 0.429815 -0.560714
-0.164694 0.080126 -1.43742 -0.707372 0.43002 -0.560988
-0.166536 0.079397 -1.43565 -0.707737 0.429835 -0.560669
-0.164418 0.079608 -1.43816 -0.707506 0.43017 -0.560704
-0.165985 0.078362 -1.43714 -0.707342 0.430305 -0.560807
-0.167828 0.077634 -1.43537 -0.707645 0.42974 -0.560859
-0.163772 0.08049 -1.4383 -0.707236 0.430518 -0.560777
-0.165891 0.080279 -1.43579 -0.707376 0.430245 -0.560811
-0.16534 0.079244 -1.43728 -0.70761 0.430189 -0.560558
-0.163133 0.080484 -1.43918 -0.675896 0.374834 -0.634559
-0.163629 0.079681 -1.43913 -0.674408 0.372004 -0.637798
-0.166111 0.075661 -1.43886 -0.676743 0.374849 -0.633646
-0.165614 0.076465 -1.43891 -0.676243 0.37465 -0.634297
-0.165118 0.077269 -1.43896 -0.676316 0.373744 -0.634754
-0.164126 0.078877 -1.43907 -0.677917 0.374933 -0.63234
-0.164622 0.078073 -1.43902 -0.671715 0.371851 -0.640723
-0.162189 0.08308 -1.43805 -0.983798 0.174474 -0.0412353
-0.165882 0.081175 -1.43504 -0.684393 0.519611 -0.511478
-0.164087 0.081766 -1.43684 -0.684581 0.519627 -0.511211
-0.165045 0.082381 -1.43506 -0.650003 0.601828 -0.464002
-0.167686 0.081306 -1.43275 -0.649114 0.602515 -0.464356
-0.166806 0.081664 -1.43352 -0.649383 0.603259 -0.463013
-0.168219 0.081332 -1.43197 -0.649944 0.602965 -0.462608
-0.168567 0.080948 -1.43198 -0.649094 0.603414 -0.463216
-0.170067 0.074509 -1.43481 -0.666275 0.533516 -0.520996
-0.169415 0.074681 -1.43547 -0.665088 0.53391 -0.52211
-0.170155 0.074929 -1.43432 -0.722752 0.396076 -0.566351
-0.162388 0.081297 -1.43951 -0.45779 0.473635 -0.752395
-0.162388 0.080509 -1.44001 -0.457919 0.473488 -0.752409
-0.170181 0.074296 -1.43488 -0.842043 0.179808 -0.50856
-0.169758 0.074043 -1.43567 -0.820713 0.24187 -0.517619
-0.168836 0.074465 -1.43642 -0.669614 0.524086 -0.526261
-0.163769 0.077966 -1.44012 0.780885 -0.511936 0.357965
-0.164049 0.07873 -1.43925 -0.689293 0.382476 -0.615294
-0.166034 0.075514 -1.43903 -0.616788 0.167383 -0.769127
-0.165384 0.076025 -1.43944 -0.615849 0.166911 -0.769981
-0.165041 0.077122 -1.43914 -0.688818 0.382939 -0.615538
-0.162356 0.083558 -1.43736 -0.682909 0.497207 -0.535182
-0.168393 0.08114 -1.43198 -0.650184 0.60251 -0.462864
-0.165882 0.08207 -1.43429 -0.648121 0.605047 -0.462447
-0.162878 0.079655 -1.44017 -0.774806 0.401865 -0.488038
-0.162604 0.079737 -1.44038 -0.779542 0.265961 0.567079
-0.16327 0.08151 -1.43815 -0.707688 0.428869 -0.56147
-0.164688 0.084035 -1.43435 -0.645158 0.495131 -0.581907
-0.167599 0.081402 -1.43275 -0.649684 0.60201 -0.464214
-0.163194 0.078531 -1.4405 -0.725668 0.511091 -0.460642
-0.163276 0.08139 -1.43823 -0.707772 0.429773 -0.560673
-0.162654 0.081793 -1.43871 -0.70761 0.428981 -0.561483
-0.1633 0.080911 -1.43857 -0.708013 0.429743 -0.560391
-0.170318 0.077451 -1.43261 -0.74388 -0.117815 0.657847
-0.162939 0.082316 -1.43782 -0.685171 0.519747 -0.510297
-0.166132 0.080921 -1.43496 -0.684477 0.519576 -0.511401
-0.163837 0.082021 -1.43692 -0.684393 0.51957 -0.51152
-0.164337 0.081511 -1.43677 -0.684612 0.519884 -0.510909
-0.165632 0.08143 -1.43511 -0.684824 0.518999 -0.511524
-0.162542 0.082101 -1.43857 -0.684508 0.519481 -0.511456
-0.162439 0.082826 -1.43797 -0.684646 0.519997 -0.510747
-0.162532 0.084105 -1.43668 -0.675904 0.358567 -0.643882
-0.164428 0.083728 -1.4349 -0.675539 0.358864 -0.644099
-0.166324 0.083352 -1.43312 -0.675409 0.359694 -0.643772
-0.16358 0.08447 -1.43521 -0.64413 0.494679 -0.583429
-0.163796 0.083854 -1.43549 -0.675589 0.359726 -0.643565
-0.166956 0.083226 -1.43253 -0.675795 0.361269 -0.642484
-0.16506 0.083603 -1.43431 -0.676021 0.359639 -0.643161
-0.165692 0.083477 -1.43371 -0.675602 0.359682 -0.643577
-0.163164 0.083979 -1.43609 -0.676032 0.359014 -0.643498
-0.162948 0.084595 -1.4358 -0.645046 0.494672 -0.582422
-0.164535 0.085105 -1.43362 -0.482826 0.764045 -0.427918
-0.16394 0.085122 -1.43426 -0.492881 0.752304 -0.437157
-0.165129 0.085088 -1.43298 -0.494773 0.750436 -0.43823
-0.163346 0.08514 -1.4349 -0.480798 0.766892 -0.4251
-0.169122 0.080224 -1.43185 -0.693819 0.332647 -0.638719
-0.164746 0.076763 -1.43989 0.448005 -0.894026 -0.00297778
-0.16647 0.075562 -1.43855 -0.66304 0.364541 -0.653826
-0.166118 0.076326 -1.43848 -0.662911 0.364469 -0.653996
-0.1705 0.076676 -1.43295 -0.739928 0.423671 -0.522503
-0.163821 0.078603 -1.43961 -0.744199 0.403939 -0.531979
-0.164016 0.077838 -1.43992 -0.743111 0.404926 -0.532748
-0.164489 0.077251 -1.43971 -0.744581 0.404224 -0.531227
-0.163154 0.079955 -1.43951 -0.744975 0.404728 -0.53029
-0.163165 0.081853 -1.43799 -0.684344 0.522139 -0.508964
-0.166183 0.075641 -1.43879 -0.663381 0.365541 -0.652921
-0.166406 0.076247 -1.43823 -0.662688 0.364745 -0.654068
-0.163845 0.079621 -1.43894 -0.661127 0.364384 -0.655847
-0.165125 0.077934 -1.43859 -0.662888 0.365744 -0.653308
-0.164197 0.078857 -1.43901 -0.665195 0.365608 -0.651035
-0.16583 0.076405 -1.43872 -0.663058 0.364559 -0.653798
-0.165478 0.07717 -1.43866 -0.662539 0.363919 -0.654679
-0.166758 0.075482 -1.4383 -0.662768 0.364421 -0.654168
-0.169314 0.077174 -1.43395 -0.603591 0.512508 -0.610749
-0.169297 0.074254 -1.43605 -0.670041 0.523481 -0.526321
-0.165363 0.083148 -1.43414 -0.690678 0.215751 -0.690228
-0.17035 0.075061 -1.43398 -0.722677 0.396926 -0.565851
-0.16888 0.073942 -1.43661 -0.638635 -0.0189818 -0.769276
-0.168271 0.07416 -1.43712 -0.638129 -0.0220979 -0.769612
-0.168701 0.079012 -1.43321 -0.707431 0.430432 -0.560598
-0.168518 0.078144 -1.43411 -0.707443 0.430763 -0.560328
-0.167048 0.075907 -1.43768 -0.707025 0.430883 -0.560764
-0.166495 0.076439 -1.43797 -0.708218 0.430386 -0.559639
-0.168148 0.079543 -1.4335 -0.708012 0.429975 -0.560214
-0.167967 0.07711 -1.4356 -0.707343 0.431222 -0.560102
-0.169069 0.079179 -1.43262 -0.707314 0.431096 -0.560235
-0.170087 0.074596 -1.4347 -0.666147 0.533748 -0.520923
-0.169126 0.076497 -1.43468 -0.669678 0.442288 -0.596585
-0.165352 0.082195 -1.43487 -0.648991 0.60349 -0.463261
-0.168874 0.080763 -1.4318 -0.649256 0.602806 -0.463779
-0.170282 0.074685 -1.43436 -0.666377 0.531177 -0.523252
-0.167833 0.082335 -1.43172 -0.824826 0.505415 -0.253412
-0.162644 0.083369 -1.43717 -0.683382 0.496505 -0.535231
-0.16491 0.077993 -1.43877 -0.6635 0.365289 -0.652941
-0.166767 0.079306 -1.43543 -0.707533 0.430155 -0.560681
-0.166582 0.080006 -1.43512 -0.707568 0.429821 -0.560894
-0.167873 0.078243 -1.43485 -0.707605 0.430203 -0.560554
-0.168058 0.077543 -1.43515 -0.707631 0.429703 -0.560905
-0.168702 0.078228 -1.43381 -0.707314 0.430509 -0.560686
-0.164924 0.080035 -1.43719 -0.708232 0.430079 -0.559856
-0.164739 0.080734 -1.43689 -0.708168 0.430336 -0.55974
-0.168885 0.079095 -1.43292 -0.707265 0.431069 -0.560317
-0.16548 0.077936 -1.4381 -0.707488 0.429833 -0.560985
-0.167322 0.077208 -1.43634 -0.707431 0.429804 -0.56108
-0.167507 0.076508 -1.43664 -0.707413 0.429858 -0.56106
-0.167417 0.075291 -1.43769 -0.708322 0.430014 -0.559793
-0.166031 0.078971 -1.43661 -0.707568 0.429721 -0.56097
-0.166216 0.078271 -1.43692 -0.707393 0.430311 -0.560739
-0.164188 0.079699 -1.43838 -0.708003 0.430527 -0.559802
-0.166862 0.07739 -1.43678 -0.707486 0.429806 -0.561008
-0.167413 0.078425 -1.43529 -0.706879 0.430353 -0.561354
-0.167227 0.079124 -1.43499 -0.706982 0.429914 -0.561561
-0.166121 0.080188 -1.43557 -0.708045 0.430497 -0.559771
-0.168519 0.077361 -1.43471 -0.708203 0.429677 -0.560202
-0.167968 0.076326 -1.4362 -0.707663 0.429767 -0.560815
-0.164834 0.078818 -1.43824 -0.707627 0.430301 -0.560451
-0.164557 0.079084 -1.43839 -0.707333 0.430355 -0.560781
-0.165385 0.079852 -1.43675 -0.707228 0.430302 -0.560953
-0.164278 0.080916 -1.43733 -0.707583 0.42978 -0.560906
-0.166125 0.077054 -1.43796 -0.70764 0.430194 -0.560517
-0.165849 0.07732 -1.43811 -0.7076 0.43025 -0.560525
-0.166676 0.078089 -1.43648 -0.707463 0.430233 -0.56071
-0.167964 0.07946 -1.4338 -0.707178 0.430352 -0.560978
-0.16557 0.079153 -1.43705 -0.707605 0.430528 -0.560304
-0.164649 0.079517 -1.43794 -0.707451 0.429776 -0.561076
-0.16594 0.077754 -1.43766 -0.707551 0.429775 -0.56095
-0.166586 0.076872 -1.43752 -0.7076 0.43025 -0.560525
-0.165755 0.078453 -1.43736 -0.708158 0.430105 -0.559931
-0.167047 0.07669 -1.43708 -0.707535 0.430281 -0.560583
-0.164463 0.080217 -1.43764 -0.707399 0.429799 -0.561124
-0.168334 0.078061 -1.4344 -0.708122 0.430923 -0.559347
-0.167042 0.079824 -1.43468 -0.706964 0.430393 -0.561216
-0.166491 0.078789 -1.43617 -0.707555 0.429828 -0.560904
-0.167783 0.077026 -1.43589 -0.707063 0.431183 -0.560485
-0.1652 0.080552 -1.43645 -0.706882 0.429954 -0.561656
-0.168149 0.07876 -1.4341 -0.707716 0.42916 -0.561213
-0.166306 0.079488 -1.43587 -0.708294 0.429471 -0.560245
-0.167598 0.077725 -1.43559 -0.706927 0.429951 -0.561602
-0.167232 0.075991 -1.43738 -0.707338 0.430633 -0.56056
-0.165294 0.078636 -1.4378 -0.707577 0.429601 -0.561051
-0.164003 0.080399 -1.43808 -0.707438 0.430208 -0.56076
-0.167693 0.075809 -1.43694 -0.707223 0.430349 -0.560924
-0.165109 0.079335 -1.4375 -0.707503 0.429852 -0.560952
-0.166401 0.077572 -1.43722 -0.707732 0.430479 -0.560181
-0.16566 0.08037 -1.43601 -0.707583 0.42978 -0.560906
-0.166952 0.078607 -1.43573 -0.707951 0.43055 -0.55985
-0.167503 0.079642 -1.43424 -0.70794 0.430969 -0.559542
-0.165845 0.07967 -1.43631 -0.70749 0.430284 -0.560637
-0.168517 0.078928 -1.43351 -0.707563 0.429808 -0.56091
-0.167688 0.078942 -1.43454 -0.708292 0.42967 -0.560094
-0.167137 0.077907 -1.43603 -0.708234 0.429555 -0.560257
-0.164823 0.076574 -1.43975 -0.755133 0.427293 -0.497187
-0.163488 0.079279 -1.43956 -0.743755 0.405257 -0.531596
-0.164155 0.077927 -1.43966 -0.744775 0.405148 -0.530251
-0.16435 0.077161 -1.43997 -0.758147 0.430284 -0.489968
-0.169248 0.077369 -1.43384 -0.564183 0.547958 -0.617609
-0.162878 0.080292 -1.43965 -0.749546 0.406098 -0.522747
-0.163425 0.078553 -1.44021 -0.748223 0.406249 -0.524523
-0.164767 0.084934 -1.43361 -0.533042 0.69994 -0.475343
-0.164018 0.085065 -1.43426 -0.531467 0.701814 -0.474342
-0.163309 0.079233 -1.43985 -0.749061 0.406392 -0.523215
-0.165206 0.085031 -1.43297 -0.53356 0.699262 -0.475758
-0.165758 0.076425 -1.43879 -0.663972 0.364598 -0.652847
-0.165053 0.077954 -1.43865 -0.664254 0.365102 -0.652279
-0.165262 0.077229 -1.43884 -0.663153 0.364216 -0.653893
-0.163773 0.079641 -1.439 -0.6613 0.36465 -0.655525
-0.169465 0.074233 -1.43585 -0.669938 0.523491 -0.526441
-0.165942 0.076708 -1.43844 -0.663047 0.364537 -0.653821
-0.164661 0.078395 -1.4388 -0.663374 0.364474 -0.653524
-0.167222 0.075021 -1.43808 -0.664414 0.345397 -0.662763
-0.166646 0.075179 -1.43858 -0.664975 0.346927 -0.6614
-0.165413 0.076519 -1.4391 -0.688622 0.384398 -0.614847
-0.166326 0.075601 -1.43867 -0.662785 0.365391 -0.65361
-0.165334 0.077209 -1.43878 -0.663602 0.363426 -0.653877
-0.164341 0.078817 -1.43889 -0.662854 0.364602 -0.653979
-0.166262 0.076286 -1.43835 -0.663275 0.364475 -0.653625
-0.165228 0.084455 -1.4335 -0.645369 0.354805 -0.67647
-0.164224 0.077971 -1.43953 -0.71827 0.395398 -0.572493
-0.164558 0.077295 -1.43958 -0.718606 0.394839 -0.572457
-0.163557 0.079324 -1.43943 -0.718092 0.395305 -0.572781
-0.163223 0.08 -1.43938 -0.717132 0.394791 -0.574336
-0.162889 0.080676 -1.43934 -0.717951 0.394489 -0.57352
-0.163891 0.078648 -1.43948 -0.717216 0.393562 -0.575074
-0.164892 0.076619 -1.43962 -0.717903 0.395372 -0.572971
-0.169388 0.079448 -1.43202 -0.710966 0.404509 -0.575238
-0.170331 0.076532 -1.43325 -0.675925 0.4392 -0.5918
-0.163143 0.07856 -1.44061 -0.746044 0.623172 -0.234679
-0.169941 0.078582 -1.43212 -0.725565 0.510185 -0.461807
-0.169781 0.078402 -1.43243 -0.567511 0.54561 -0.616637
-0.169222 0.07605 -1.43487 -0.689694 0.420158 -0.589737
-0.16956 0.076336 -1.43427 -0.690213 0.418679 -0.590182
-0.169898 0.076623 -1.43368 -0.690358 0.420162 -0.588956
-0.168209 0.07519 -1.43667 -0.689925 0.419952 -0.589613
-0.168547 0.075477 -1.43607 -0.689754 0.419334 -0.590253
-0.16547 0.075659 -1.43937 -0.46445 -0.143255 -0.873936
-0.169653 0.077507 -1.43332 -0.637982 0.479106 -0.602857
-0.165382 0.084273 -1.43345 -0.64565 0.354475 -0.676375
-0.164326 0.084769 -1.4342 -0.645409 0.35418 -0.67676
-0.165824 0.084506 -1.43291 -0.645954 0.353002 -0.676855
-0.170253 0.074178 -1.43472 -0.891858 -0.0744819 -0.446141
-0.165127 0.076848 -1.43922 -0.688896 0.383348 -0.615196
-0.165247 0.081125 -1.43594 -0.68529 0.519086 -0.510811
-0.162286 0.083863 -1.43717 -0.682967 0.497169 -0.535144
