####
#
# OBJ File Generated by Meshlab
#
####
# Object 20-0610-08-10_DS.obj
#
# Vertices: 3642
# Faces: 7280
#
####
mtllib ./20-0610-08-10_DS.obj.mtl

vn 0.148254 -0.019277 -0.988761
v 2.055652 -0.688282 438.654938 0.752941 0.752941 0.752941
vn -0.242531 -0.064274 -0.968012
v 1.126131 -0.917964 438.494171 0.752941 0.752941 0.752941
vn -0.118032 0.346445 -0.930615
v 1.371256 -0.448896 438.549896 0.752941 0.752941 0.752941
vn -0.229021 -0.443552 -0.866493
v 1.180998 -1.398401 438.634552 0.752941 0.752941 0.752941
vn -0.039465 0.064937 -0.997109
v 3.179931 0.046679 438.615601 0.752941 0.752941 0.752941
vn -0.125062 0.392852 -0.911058
v 1.847161 0.006196 438.764862 0.752941 0.752941 0.752941
vn 0.058477 0.190914 -0.979863
v 3.721383 0.316664 438.612823 0.752941 0.752941 0.752941
vn 0.273703 -0.320836 -0.906725
v 1.625819 -1.075259 438.586060 0.752941 0.752941 0.752941
vn 0.329301 -0.446752 -0.831850
v 2.383942 -0.806813 438.771454 0.752941 0.752941 0.752941
vn 0.221497 -0.543438 -0.809700
v 1.401265 -1.530652 438.730408 0.752941 0.752941 0.752941
vn 0.069377 -0.331668 -0.940842
v 2.805840 -0.451983 438.735504 0.752941 0.752941 0.752941
vn -0.718223 0.043324 0.694463
v 29.582188 20.989803 475.949677 0.752941 0.752941 0.752941
vn -0.102072 0.412308 -0.905309
v 2.900966 0.661273 438.754089 0.752941 0.752941 0.752941
vn -0.133244 0.150235 -0.979630
v 2.401673 0.086356 438.696442 0.752941 0.752941 0.752941
vn -0.228069 0.531670 -0.815667
v 1.487283 -0.044130 438.783875 0.752941 0.752941 0.752941
vn -0.642470 0.226575 -0.732049
v 0.797583 -0.592682 438.768890 0.752941 0.752941 0.752941
vn 0.342404 -0.010730 -0.939492
v 4.309852 0.513765 438.794128 0.752941 0.752941 0.752941
vn -0.064750 0.495006 -0.866474
v 3.332941 0.860674 438.894165 0.752941 0.752941 0.752941
vn 0.009180 -0.377282 0.926053
v 29.903244 20.358713 475.919342 0.752941 0.752941 0.752941
vn 0.108894 0.122580 0.986467
v 29.974043 21.018322 476.128571 0.752941 0.752941 0.752941
vn 0.322123 0.002932 -0.946693
v 4.656354 0.808442 438.923950 0.752941 0.752941 0.752941
vn 0.626178 -0.255644 0.736578
v 30.280214 20.673944 475.882080 0.752941 0.752941 0.752941
vn 0.226414 -0.674883 -0.702331
v 1.577650 -2.074795 439.199982 0.752941 0.752941 0.752941
vn 0.238259 -0.340721 -0.909473
v 3.527392 -0.359794 438.670929 0.752941 0.752941 0.752941
vn -0.238857 0.556551 -0.795738
v 2.771526 0.750595 438.857727 0.752941 0.752941 0.752941
vn 0.111790 0.371055 0.921857
v 30.363451 21.768705 475.642700 0.752941 0.752941 0.752941
vn -0.333998 -0.645566 -0.686797
v 1.155147 -1.779478 438.953796 0.752941 0.752941 0.752941
vn -0.293622 0.480033 0.826653
v 29.830194 21.408522 475.925751 0.752941 0.752941 0.752941
vn 0.539327 -0.341264 -0.769848
v 5.207787 0.581978 439.323639 0.752941 0.752941 0.752941
vn 0.352714 -0.061353 -0.933718
v 5.324112 1.148990 439.167694 0.752941 0.752941 0.752941
vn -0.017932 0.449841 -0.892929
v 3.726896 1.024957 438.939301 0.752941 0.752941 0.752941
vn -0.020464 0.439352 -0.898082
v 4.717103 1.593855 439.186218 0.752941 0.752941 0.752941
vn 0.387679 -0.578431 -0.717721
v 2.359141 -1.642928 439.431549 0.752941 0.752941 0.752941
vn -0.182476 0.622141 -0.761343
v 3.788060 2.029416 439.672485 0.752941 0.752941 0.752941
vn 0.014639 -0.500165 0.865806
v 29.835186 19.819231 475.649872 0.752941 0.752941 0.752941
vn -0.089563 0.459659 0.883568
v 30.267057 22.365013 475.547333 0.752941 0.752941 0.752941
vn 0.720623 -0.223939 0.656166
v 30.475641 20.553959 475.538055 0.752941 0.752941 0.752941
vn 0.004523 0.392042 -0.919936
v 5.200755 1.888865 439.291168 0.752941 0.752941 0.752941
vn -0.833763 -0.320227 -0.449772
v 0.737600 -1.177523 438.929474 0.752941 0.752941 0.752941
vn -0.308223 0.586526 -0.748990
v 1.113243 1.073719 439.723907 0.752941 0.752941 0.752941
vn 0.190036 -0.588766 -0.785647
v 2.730433 -0.918380 439.029327 0.752941 0.752941 0.752941
vn -0.906944 -0.077411 -0.414076
v 0.460014 -0.342497 439.424591 0.752941 0.752941 0.752941
vn 0.070171 -0.593921 -0.801457
v 3.410060 -0.901405 438.985748 0.752941 0.752941 0.752941
vn -0.475643 0.501002 0.723022
v 29.893726 22.013889 475.507843 0.752941 0.752941 0.752941
vn 0.282851 -0.583866 -0.760983
v 3.880779 -1.356559 439.497345 0.752941 0.752941 0.752941
vn -0.597515 -0.370498 0.711130
v 29.505543 20.055269 475.635620 0.752941 0.752941 0.752941
vn -0.599131 0.382916 -0.703148
v 0.649956 0.436249 439.323853 0.752941 0.752941 0.752941
vn 0.641949 -0.258794 -0.721753
v 6.260181 1.238933 439.844208 0.752941 0.752941 0.752941
vn 0.393025 0.045507 -0.918401
v 5.729052 1.585447 439.273529 0.752941 0.752941 0.752941
vn -0.046455 -0.602356 0.796875
v 29.934956 19.185799 475.235626 0.752941 0.752941 0.752941
vn 0.590996 0.059584 -0.804471
v 6.069818 1.809605 439.498474 0.752941 0.752941 0.752941
vn -0.558468 0.741405 0.372064
v 29.956051 22.467945 475.158142 0.752941 0.752941 0.752941
vn -0.766004 0.524813 0.371228
v 29.492317 21.821852 475.151642 0.752941 0.752941 0.752941
vn -0.913903 -0.065754 -0.400573
v 0.230820 0.023029 439.747894 0.752941 0.752941 0.752941
vn 0.108381 0.436646 -0.893081
v 5.810733 2.335498 439.554993 0.752941 0.752941 0.752941
vn -0.768107 0.288684 -0.571553
v 0.214832 0.630721 439.952820 0.752941 0.752941 0.752941
vn -0.186308 0.626761 -0.756611
v 4.832449 2.625697 439.934906 0.752941 0.752941 0.752941
vn 0.488627 -0.346895 -0.800567
v 4.723362 -0.438041 439.438690 0.752941 0.752941 0.752941
vn -0.735743 0.420877 0.530608
v 29.537369 21.488644 475.622192 0.752941 0.752941 0.752941
vn 0.396133 0.212532 -0.893257
v 6.248968 2.529463 439.774048 0.752941 0.752941 0.752941
vn 0.605030 -0.280952 -0.744986
v 5.459555 0.182203 439.726044 0.752941 0.752941 0.752941
vn 0.580268 0.106702 0.807406
v 30.765717 21.776114 475.511719 0.752941 0.752941 0.752941
vn -0.517981 -0.712556 -0.473244
v 1.259495 -2.448195 439.647766 0.752941 0.752941 0.752941
vn -0.881505 -0.426637 -0.202312
v 0.875392 -2.039897 440.209045 0.752941 0.752941 0.752941
vn -0.670423 -0.489101 0.557955
v 29.353125 19.407448 474.963135 0.752941 0.752941 0.752941
vn -0.244910 0.605815 -0.756972
v 2.512281 1.092206 439.309357 0.752941 0.752941 0.752941
vn 0.120457 0.482696 -0.867464
v 6.027142 2.827112 439.834351 0.752941 0.752941 0.752941
vn 0.267628 0.724171 0.635572
v 30.717020 22.754042 475.179779 0.752941 0.752941 0.752941
vn -0.938298 -0.297853 -0.175726
v 0.336649 -0.436230 440.134888 0.752941 0.752941 0.752941
vn 0.594031 -0.359264 -0.719762
v 6.084949 0.446133 440.060638 0.752941 0.752941 0.752941
vn -0.851524 0.283805 0.440865
v 29.037878 21.236477 474.671051 0.752941 0.752941 0.752941
vn 0.533285 -0.391197 0.750048
v 30.268953 19.842966 475.448425 0.752941 0.752941 0.752941
vn 0.626560 -0.105825 -0.772155
v 6.414982 2.034688 439.871704 0.752941 0.752941 0.752941
vn 0.287883 0.351921 -0.890660
v 6.750597 2.933749 440.068787 0.752941 0.752941 0.752941
vn -0.236963 0.647217 -0.724540
v 2.139845 2.280520 440.399567 0.752941 0.752941 0.752941
vn 0.116206 -0.678578 -0.725278
v 3.045379 -1.613203 439.641663 0.752941 0.752941 0.752941
vn 0.666761 -0.207712 -0.715741
v 5.805475 -0.394645 440.093719 0.752941 0.752941 0.752941
vn 0.136914 -0.715848 -0.684702
v 3.745683 -1.956708 440.043335 0.752941 0.752941 0.752941
vn 0.275184 -0.654104 -0.704572
v 4.825468 -1.856856 440.312622 0.752941 0.752941 0.752941
vn 0.506100 -0.022948 -0.862170
v 6.901690 2.545330 440.049469 0.752941 0.752941 0.752941
vn -0.356236 -0.677252 0.643758
v 29.867275 18.998508 475.046265 0.752941 0.752941 0.752941
vn 0.636484 -0.211413 -0.741750
v 6.734998 1.394945 440.246918 0.752941 0.752941 0.752941
vn 0.114961 0.561757 -0.819276
v 6.333019 3.038030 440.016174 0.752941 0.752941 0.752941
vn 0.063442 -0.826167 -0.559843
v 1.707777 -2.816739 440.112274 0.752941 0.752941 0.752941
vn -0.465910 -0.708790 0.529665
v 29.733044 18.791506 474.677002 0.752941 0.752941 0.752941
vn 0.387857 -0.477411 -0.788445
v 4.650818 -1.356071 439.859528 0.752941 0.752941 0.752941
vn 0.626850 -0.208053 0.750849
v 31.286366 20.608223 474.887878 0.752941 0.752941 0.752941
vn -0.137462 0.625405 -0.768097
v 5.713595 3.084817 440.054047 0.752941 0.752941 0.752941
vn 0.377640 -0.696907 -0.609679
v 2.270862 -2.451110 440.099884 0.752941 0.752941 0.752941
vn -0.237097 0.632321 -0.737534
v 1.624947 1.715799 440.027283 0.752941 0.752941 0.752941
vn -0.529757 0.837169 0.136034
v 29.709335 22.445354 474.077698 0.752941 0.752941 0.752941
vn -0.001568 0.592641 -0.805465
v 6.325027 3.512212 440.349945 0.752941 0.752941 0.752941
vn -0.867536 -0.025285 0.496732
v 28.796677 20.425636 474.523041 0.752941 0.752941 0.752941
vn 0.202413 -0.712928 -0.671389
v 2.951299 -2.214832 440.251495 0.752941 0.752941 0.752941
vn 0.663636 -0.022680 -0.747712
v 7.262899 3.001494 440.311127 0.752941 0.752941 0.752941
vn 0.640887 0.361107 0.677396
v 31.297903 22.462265 474.831879 0.752941 0.752941 0.752941
vn 0.559532 -0.362225 -0.745464
v 5.707880 -1.199550 440.335693 0.752941 0.752941 0.752941
vn -0.015552 -0.673636 0.738900
v 30.173990 18.618948 474.661377 0.752941 0.752941 0.752941
vn -0.633947 -0.700395 -0.327959
v 1.276029 -2.773340 440.326721 0.752941 0.752941 0.752941
vn -0.963643 -0.200817 -0.176254
v -0.017460 0.540399 440.560425 0.752941 0.752941 0.752941
vn 0.137002 0.651834 -0.745884
v 6.849706 3.822354 440.539429 0.752941 0.752941 0.752941
vn 0.729319 0.290844 0.619277
v 32.074810 22.125137 474.247894 0.752941 0.752941 0.752941
vn -0.240310 0.651016 -0.720020
v 2.897817 3.184982 440.905182 0.752941 0.752941 0.752941
vn 0.414842 0.393321 -0.820490
v 7.343410 3.437421 440.432434 0.752941 0.752941 0.752941
vn 0.676751 -0.314338 -0.665733
v 6.899512 0.799552 440.564209 0.752941 0.752941 0.752941
vn -0.168210 -0.856380 -0.488179
v 1.626046 -3.268244 440.821930 0.752941 0.752941 0.752941
vn 0.764161 -0.221019 -0.605977
v 7.126706 1.943343 440.435852 0.752941 0.752941 0.752941
vn 0.777540 -0.301886 -0.551630
v 5.855322 -1.247648 440.523651 0.752941 0.752941 0.752941
vn -0.833437 -0.182966 0.521447
v 29.087671 20.092365 474.879059 0.752941 0.752941 0.752941
vn 0.146022 -0.726444 -0.671533
v 4.013608 -2.473575 440.702789 0.752941 0.752941 0.752941
vn 0.443964 -0.345465 0.826771
v 30.569767 18.981220 474.771698 0.752941 0.752941 0.752941
vn -0.795721 -0.341717 0.500057
v 28.996170 19.572910 474.576416 0.752941 0.752941 0.752941
vn -0.212750 0.641705 -0.736853
v 3.447704 2.332145 440.069916 0.752941 0.752941 0.752941
vn 0.555593 -0.481843 -0.677602
v 5.719341 -1.819772 440.693329 0.752941 0.752941 0.752941
vn -0.788026 -0.550608 -0.275401
v 1.193717 -2.900158 441.018890 0.752941 0.752941 0.752941
vn -0.209110 0.660703 -0.720933
v 5.360638 3.496126 440.582275 0.752941 0.752941 0.752941
vn 0.270119 -0.838674 -0.472929
v 4.628125 -2.966459 441.421631 0.752941 0.752941 0.752941
vn 0.465483 0.835936 0.290751
v 31.340546 22.724524 474.528229 0.752941 0.752941 0.752941
vn 0.719856 -0.327687 -0.611906
v 6.203826 -0.200492 440.556183 0.752941 0.752941 0.752941
vn -0.908059 0.056219 -0.415051
v -0.262047 1.313789 440.963074 0.752941 0.752941 0.752941
vn 0.212800 -0.902823 -0.373666
v 2.252789 -3.627141 441.604340 0.752941 0.752941 0.752941
vn -0.006671 0.700388 -0.713731
v 6.538979 4.139287 440.894714 0.752941 0.752941 0.752941
vn 0.402457 0.547094 -0.733973
v 7.393914 3.885329 440.862366 0.752941 0.752941 0.752941
vn 0.192643 -0.364002 0.911258
v 31.085136 18.336153 474.411072 0.752941 0.752941 0.752941
vn 0.221299 -0.703893 -0.674953
v 3.095377 -2.693516 440.830872 0.752941 0.752941 0.752941
vn -0.075936 0.994798 0.067902
v 30.775007 22.910770 474.731750 0.752941 0.752941 0.752941
vn -0.477437 0.514364 -0.712379
v 0.155790 1.852095 440.689545 0.752941 0.752941 0.752941
vn 0.726818 -0.353507 -0.588871
v 5.887866 -2.226294 441.239807 0.752941 0.752941 0.752941
vn -0.149104 0.705048 -0.693308
v 4.715426 4.379526 441.497955 0.752941 0.752941 0.752941
vn 0.820332 -0.290305 -0.492726
v 7.484387 2.345313 440.844452 0.752941 0.752941 0.752941
vn 0.755776 0.025450 -0.654335
v 7.891997 3.347763 441.000122 0.752941 0.752941 0.752941
vn 0.222014 0.498832 -0.837781
v 7.449387 4.249313 441.103790 0.752941 0.752941 0.752941
vn 0.219157 0.952918 -0.209566
v 31.255196 22.718357 474.090851 0.752941 0.752941 0.752941
vn -0.841100 -0.177357 0.510975
v 28.638287 19.849480 474.053375 0.752941 0.752941 0.752941
vn -0.922971 -0.354520 -0.149800
v 0.688769 -2.382848 441.685455 0.752941 0.752941 0.752941
vn 0.824764 -0.329828 -0.459323
v 7.027715 0.539036 440.900879 0.752941 0.752941 0.752941
vn -0.077716 0.664705 -0.743053
v 6.687327 4.571811 441.325928 0.752941 0.752941 0.752941
vn -0.153650 0.711385 -0.685801
v 5.704707 4.124458 441.079987 0.752941 0.752941 0.752941
vn -0.842539 0.191442 0.503467
v 28.245277 21.076830 473.401398 0.752941 0.752941 0.752941
vn 0.412299 -0.689376 -0.595626
v 5.723941 -2.599965 441.374603 0.752941 0.752941 0.752941
vn -0.285553 0.648622 -0.705514
v 2.146279 3.139743 441.220245 0.752941 0.752941 0.752941
vn -0.212103 0.700528 -0.681376
v 4.000502 4.001808 441.302460 0.752941 0.752941 0.752941
vn 0.623900 -0.002242 -0.781501
v 8.298315 3.969485 441.444550 0.752941 0.752941 0.752941
vn 0.885815 -0.335575 -0.320502
v 6.459428 -1.808977 441.913727 0.752941 0.752941 0.752941
vn -0.165775 0.624279 -0.763410
v 4.222864 3.586083 440.972473 0.752941 0.752941 0.752941
vn 0.072360 -0.426987 0.901358
v 31.494680 17.858551 474.200409 0.752941 0.752941 0.752941
vn 0.523962 -0.086526 0.847335
v 32.469875 18.949986 473.845673 0.752941 0.752941 0.752941
vn -0.230305 0.718439 -0.656357
v 3.477765 4.227279 441.833405 0.752941 0.752941 0.752941
vn 0.413793 -0.082937 0.906585
v 31.806787 18.850969 474.079041 0.752941 0.752941 0.752941
vn -0.822613 0.278286 0.495848
v 28.722525 21.114422 474.269684 0.752941 0.752941 0.752941
vn 0.173187 -0.748453 -0.640176
v 2.834505 -3.290959 441.343353 0.752941 0.752941 0.752941
vn -0.947981 -0.284219 -0.143360
v 0.259395 -0.891174 441.060272 0.752941 0.752941 0.752941
vn 0.673018 0.009985 0.739559
v 31.703568 21.403139 474.668396 0.752941 0.752941 0.752941
vn 0.334289 0.203845 -0.920162
v 8.199418 4.491502 441.433868 0.752941 0.752941 0.752941
vn -0.758701 0.331861 -0.560572
v -0.319373 2.286446 441.376312 0.752941 0.752941 0.752941
vn -0.286795 -0.710463 0.642644
v 30.360117 18.113796 474.190399 0.752941 0.752941 0.752941
vn -0.749360 -0.398648 0.528715
v 28.754940 19.300589 473.893341 0.752941 0.752941 0.752941
vn -0.973315 -0.147267 -0.175985
v -0.339395 1.264000 441.353882 0.752941 0.752941 0.752941
vn -0.255182 0.652175 -0.713827
v 0.862113 2.627709 441.201263 0.752941 0.752941 0.752941
vn 0.129472 0.432605 -0.892239
v 7.905758 4.767468 441.435883 0.752941 0.752941 0.752941
vn 0.243866 -0.969633 0.018496
v 3.632662 -3.449819 441.764801 0.752941 0.752941 0.752941
vn -0.182237 0.690669 -0.699833
v 5.923191 5.157444 442.090942 0.752941 0.752941 0.752941
vn 0.271960 -0.858657 -0.434449
v 4.141978 -3.241792 441.575958 0.752941 0.752941 0.752941
vn 0.181244 -0.309854 0.933350
v 31.730951 17.526287 474.001099 0.752941 0.752941 0.752941
vn 0.067474 -0.996922 0.039929
v 1.950621 -3.780809 441.850250 0.752941 0.752941 0.752941
vn -0.123322 -0.544630 0.829560
v 31.734488 17.224974 473.860413 0.752941 0.752941 0.752941
vn 0.739971 -0.521778 -0.424489
v 6.131510 -2.502132 441.594604 0.752941 0.752941 0.752941
vn 0.265328 0.381398 -0.885515
v 8.350841 4.967420 441.709442 0.752941 0.752941 0.752941
vn -0.116957 0.657016 -0.744749
v 6.977994 4.962267 441.617401 0.752941 0.752941 0.752941
vn -0.381246 -0.630393 0.676208
v 31.289766 17.387674 473.693756 0.752941 0.752941 0.752941
vn -0.458425 0.570351 -0.681576
v -0.175085 2.718893 441.593048 0.752941 0.752941 0.752941
vn 0.650210 -0.046972 -0.758301
v 8.856782 4.705053 441.864746 0.752941 0.752941 0.752941
vn -0.986278 -0.053897 -0.156045
v -0.530486 2.035365 441.868652 0.752941 0.752941 0.752941
vn 0.440690 0.280286 -0.852779
v 8.806645 5.045708 441.844116 0.752941 0.752941 0.752941
vn 0.576004 0.806168 0.135323
v 31.864786 22.549803 474.173584 0.752941 0.752941 0.752941
vn 0.732005 0.658521 0.174693
v 32.377369 22.093826 473.714966 0.752941 0.752941 0.752941
vn 0.544803 -0.139762 0.826835
v 31.898922 20.064972 474.234375 0.752941 0.752941 0.752941
vn 0.206500 -0.892985 0.399920
v 2.871279 -3.425564 442.098175 0.752941 0.752941 0.752941
vn 0.892109 -0.323661 -0.315256
v 7.146520 0.072231 441.608307 0.752941 0.752941 0.752941
vn 0.824924 -0.532724 0.188958
v 6.257333 -2.381696 442.035980 0.752941 0.752941 0.752941
vn -0.251049 0.668290 -0.700259
v 2.107515 4.032125 442.023560 0.752941 0.752941 0.752941
vn -0.377139 0.640052 -0.669402
v -0.092607 3.540085 442.313568 0.752941 0.752941 0.752941
vn -0.971996 -0.230030 -0.048052
v -0.271915 0.942763 442.123474 0.752941 0.752941 0.752941
vn 0.205833 -0.743838 0.635876
v 4.632975 -2.833157 442.237183 0.752941 0.752941 0.752941
vn 0.814454 -0.377026 -0.441041
v 6.691910 -1.029982 441.787994 0.752941 0.752941 0.752941
vn 0.887133 -0.282169 -0.365206
v 7.463378 1.058225 441.883514 0.752941 0.752941 0.752941
vn -0.634661 -0.748711 -0.191410
v 1.289918 -3.636622 441.834442 0.752941 0.752941 0.752941
vn -0.023845 0.625815 -0.779607
v 7.748074 5.327468 441.834656 0.752941 0.752941 0.752941
vn 0.450199 0.110146 0.886109
v 32.843655 17.837313 473.377777 0.752941 0.752941 0.752941
vn 0.824852 -0.294166 -0.482790
v 8.224658 2.903695 441.695099 0.752941 0.752941 0.752941
vn -0.740747 0.557054 0.375480
v 28.995552 21.877716 473.989868 0.752941 0.752941 0.752941
vn 0.809978 -0.389934 -0.438049
v 7.837141 1.682567 442.119476 0.752941 0.752941 0.752941
vn -0.952384 -0.304045 -0.022836
v 0.133173 -0.572899 442.156830 0.752941 0.752941 0.752941
vn 0.433666 -0.897326 0.082097
v 5.933938 -2.755296 441.897888 0.752941 0.752941 0.752941
vn 0.260097 -0.919605 0.294410
v 4.642202 -3.039302 441.820404 0.752941 0.752941 0.752941
vn 0.479010 0.335328 -0.811236
v 8.968322 5.138329 442.003937 0.752941 0.752941 0.752941
vn -0.292376 -0.754558 0.587501
v 30.935743 17.574116 473.758392 0.752941 0.752941 0.752941
vn 0.293514 -0.760036 0.579823
v 3.983995 -3.090696 442.176941 0.752941 0.752941 0.752941
vn 0.063658 -0.756273 0.651152
v 5.147078 -2.679593 442.242218 0.752941 0.752941 0.752941
vn -0.174297 0.705252 -0.687198
v 7.434188 5.950369 442.415009 0.752941 0.752941 0.752941
vn 0.114131 -0.672109 0.731603
v 5.510434 -2.485456 442.486053 0.752941 0.752941 0.752941
vn 0.673432 -0.037835 0.738281
v 32.446701 20.813391 473.911499 0.752941 0.752941 0.752941
vn 0.670067 -0.008328 -0.742254
v 9.255264 5.194763 442.246460 0.752941 0.752941 0.752941
vn -0.028656 -0.829685 0.557496
v 1.767227 -3.605857 442.373901 0.752941 0.752941 0.752941
vn 0.874982 -0.364395 -0.318782
v 7.126000 -0.512881 442.303680 0.752941 0.752941 0.752941
vn 0.234031 -0.748709 0.620212
v 2.378578 -3.411165 442.371368 0.752941 0.752941 0.752941
vn 0.146631 -0.715668 0.682876
v 3.459655 -3.140453 442.428345 0.752941 0.752941 0.752941
vn 0.183592 -0.171470 0.967932
v 32.311787 17.276840 473.730957 0.752941 0.752941 0.752941
vn -0.062926 0.697785 -0.713538
v 8.153394 6.048909 442.526703 0.752941 0.752941 0.752941
vn 0.320735 0.046834 0.946010
v 32.860119 17.121414 473.652374 0.752941 0.752941 0.752941
vn -0.223328 0.665749 -0.711971
v 0.767620 3.458970 441.998108 0.752941 0.752941 0.752941
vn -0.184354 0.714242 -0.675183
v 4.709528 4.673206 441.915894 0.752941 0.752941 0.752941
vn 0.496227 -0.595892 0.631404
v 5.975741 -2.434410 442.319641 0.752941 0.752941 0.752941
vn 0.713617 -0.578047 0.395744
v 6.456552 -1.692991 442.421936 0.752941 0.752941 0.752941
vn 0.140779 0.540092 -0.829748
v 8.420124 5.535807 442.015411 0.752941 0.752941 0.752941
vn 0.349979 0.238958 -0.905767
v 9.279667 5.699927 442.320007 0.752941 0.752941 0.752941
vn -0.167639 -0.667463 0.725528
v 32.170643 16.718531 473.457733 0.752941 0.752941 0.752941
vn -0.288569 -0.869884 0.400038
v 1.455877 -3.643261 442.109741 0.752941 0.752941 0.752941
vn 0.789168 -0.361143 -0.496779
v 8.532733 2.209458 442.805725 0.752941 0.752941 0.752941
vn 0.854937 -0.492962 -0.161464
v 6.964439 -0.976449 442.331818 0.752941 0.752941 0.752941
vn 0.807439 0.501516 0.310683
v 33.012054 21.516972 473.350067 0.752941 0.752941 0.752941
vn -0.235783 0.692595 -0.681703
v 2.928966 4.943334 442.682434 0.752941 0.752941 0.752941
vn -0.775479 -0.214648 0.593767
v 28.192877 19.470339 473.211792 0.752941 0.752941 0.752941
vn -0.177632 0.720542 -0.670273
v 6.875376 5.817399 442.513245 0.752941 0.752941 0.752941
vn -0.065676 0.567375 -0.820836
v 8.992178 6.293413 442.592346 0.752941 0.752941 0.752941
vn -0.924519 0.209854 -0.318162
v -0.524633 2.835822 442.157227 0.752941 0.752941 0.752941
vn 0.027846 -0.446932 0.894134
v 32.682941 16.772995 473.611603 0.752941 0.752941 0.752941
vn -0.190703 0.698894 -0.689333
v 5.557806 5.755972 442.779663 0.752941 0.752941 0.752941
vn 0.230538 -0.644853 0.728709
v 4.205568 -2.369325 442.672485 0.752941 0.752941 0.752941
vn -0.249138 0.711760 -0.656755
v 1.914587 4.598208 442.632141 0.752941 0.752941 0.752941
vn 0.096687 -0.635961 0.765640
v 3.090455 -3.162317 442.390594 0.752941 0.752941 0.752941
vn 0.395241 0.281574 -0.874357
v 9.762820 6.130984 442.526001 0.752941 0.752941 0.752941
vn -0.550713 -0.695157 0.462031
v 1.040201 -3.333882 442.404907 0.752941 0.752941 0.752941
vn -0.175745 0.730560 -0.659846
v 4.516864 5.229635 442.437408 0.752941 0.752941 0.752941
vn 0.695963 -0.188619 -0.692862
v 9.762617 5.755925 442.567535 0.752941 0.752941 0.752941
vn 0.704153 -0.086799 -0.704723
v 10.072166 6.132362 442.844482 0.752941 0.752941 0.752941
vn 0.778937 0.477462 0.406556
v 32.670841 21.787670 473.663422 0.752941 0.752941 0.752941
vn 0.806923 -0.590215 0.022814
v 7.162408 -0.829033 442.893066 0.752941 0.752941 0.752941
vn 0.850895 -0.494514 -0.177295
v 7.451248 -0.335398 442.922913 0.752941 0.752941 0.752941
vn 0.873991 -0.308137 -0.375755
v 7.406163 -0.038220 442.590515 0.752941 0.752941 0.752941
vn 0.146532 -0.576647 0.803745
v 3.358186 -2.388513 442.874451 0.752941 0.752941 0.752941
vn -0.628711 0.555198 -0.544498
v -0.390055 4.047416 443.031677 0.752941 0.752941 0.752941
vn 0.013951 0.644320 -0.764629
v 9.356688 6.599938 442.716400 0.752941 0.752941 0.752941
vn 0.104522 -0.610791 0.784862
v 5.111139 -2.368253 442.564758 0.752941 0.752941 0.752941
vn 0.213394 -0.593354 0.776141
v 2.629658 -2.959778 442.663025 0.752941 0.752941 0.752941
vn 0.175639 -0.566441 0.805168
v 3.638093 -2.728165 442.672852 0.752941 0.752941 0.752941
vn 0.607654 -0.754634 0.247556
v 6.872215 -1.095480 442.865387 0.752941 0.752941 0.752941
vn 0.811451 -0.302145 -0.500256
v 8.955835 3.850662 442.428619 0.752941 0.752941 0.752941
vn 0.788155 -0.369234 -0.492421
v 7.993790 1.170208 442.874268 0.752941 0.752941 0.752941
vn -0.260314 0.708010 -0.656474
v 0.188353 4.263197 442.919159 0.752941 0.752941 0.752941
vn -0.380270 -0.727114 0.571577
v 31.722099 16.963724 473.606232 0.752941 0.752941 0.752941
vn -0.604089 -0.659395 0.447521
v 29.331312 18.663385 473.910736 0.752941 0.752941 0.752941
vn -0.240172 0.691515 -0.681267
v 0.814523 4.433509 442.943481 0.752941 0.752941 0.752941
vn -0.185931 0.725716 -0.662395
v 3.882657 5.244003 442.640564 0.752941 0.752941 0.752941
vn -0.187276 0.717770 -0.670622
v 5.910051 6.030419 442.919647 0.752941 0.752941 0.752941
vn 0.305991 -0.541883 0.782773
v 6.019866 -1.774136 442.711609 0.752941 0.752941 0.752941
vn -0.995818 -0.086703 -0.028799
v -0.583026 2.460227 442.725922 0.752941 0.752941 0.752941
vn 0.803978 -0.302766 -0.511813
v 9.476925 4.868959 442.722656 0.752941 0.752941 0.752941
vn -0.068168 -0.665369 0.743396
v 1.705750 -3.100842 442.810333 0.752941 0.752941 0.752941
vn 0.417370 0.440991 -0.794563
v 9.870643 6.407521 442.784515 0.752941 0.752941 0.752941
vn -0.113953 0.792725 -0.598833
v 6.003364 6.248356 443.217651 0.752941 0.752941 0.752941
vn -0.919514 -0.391354 -0.036539
v 0.748040 -2.885342 442.123779 0.752941 0.752941 0.752941
vn -0.474521 -0.757685 0.448043
v 30.097582 17.996382 473.798767 0.752941 0.752941 0.752941
vn 0.296628 -0.716460 0.631425
v 6.393232 -1.189977 443.097504 0.752941 0.752941 0.752941
vn 0.309279 -0.513292 0.800548
v 33.483089 16.568546 473.290924 0.752941 0.752941 0.752941
vn 0.094296 -0.618505 0.780102
v 3.758449 -1.796692 443.231262 0.752941 0.752941 0.752941
vn 0.206621 -0.612599 0.762909
v 4.627782 -1.918758 443.012238 0.752941 0.752941 0.752941
vn -0.820782 -0.468342 0.327066
v 0.726526 -2.144377 443.165497 0.752941 0.752941 0.752941
vn -0.192000 0.760168 -0.620710
v 4.409729 5.583504 442.979584 0.752941 0.752941 0.752941
vn -0.112995 0.984666 -0.132906
v 30.249819 22.668100 473.608398 0.752941 0.752941 0.752941
vn 0.779665 -0.357571 -0.514067
v 9.913324 5.475564 443.033173 0.752941 0.752941 0.752941
vn -0.464170 -0.779319 0.420961
v 30.950247 17.183907 473.180817 0.752941 0.752941 0.752941
vn 0.182353 -0.630353 0.754588
v 4.046156 -2.154416 442.971436 0.752941 0.752941 0.752941
vn -0.092763 -0.652603 0.752001
v 1.542558 -2.438307 443.360413 0.752941 0.752941 0.752941
vn 0.656893 0.006483 0.753956
v 33.308113 20.303797 473.182617 0.752941 0.752941 0.752941
vn -0.986022 0.088520 -0.141154
v -0.602298 3.244416 442.778503 0.752941 0.752941 0.752941
vn -0.816728 0.399732 -0.416137
v -0.525337 3.437215 442.598419 0.752941 0.752941 0.752941
vn 0.422976 -0.690605 0.586648
v 6.929388 -0.892685 443.272766 0.752941 0.752941 0.752941
vn 0.461857 0.096444 -0.881695
v 10.697830 6.759654 443.255859 0.752941 0.752941 0.752941
vn 0.817573 -0.472618 -0.328949
v 7.966081 0.374467 443.328918 0.752941 0.752941 0.752941
vn 0.438532 0.201799 -0.875767
v 10.381684 6.612256 443.096375 0.752941 0.752941 0.752941
vn -0.366072 -0.615923 0.697589
v 1.071370 -2.493402 443.127930 0.752941 0.752941 0.752941
vn -0.973899 -0.205042 -0.097357
v -0.321083 0.505120 443.284851 0.752941 0.752941 0.752941
vn -0.123504 -0.792816 0.596816
v 32.631958 16.374910 473.250793 0.752941 0.752941 0.752941
vn -0.268939 0.732708 -0.625149
v 2.523746 5.432580 443.445404 0.752941 0.752941 0.752941
vn -0.152107 0.741526 -0.653455
v 8.744469 6.780581 443.158844 0.752941 0.752941 0.752941
vn 0.093394 0.595367 -0.798007
v 10.031430 7.124211 443.321381 0.752941 0.752941 0.752941
vn 0.707775 -0.694452 0.129581
v 7.799193 0.080882 443.500671 0.752941 0.752941 0.752941
vn 0.168083 -0.613423 0.771661
v 4.071843 -1.543044 443.453308 0.752941 0.752941 0.752941
vn -0.162300 0.743120 -0.649177
v 7.735745 6.808780 443.311401 0.752941 0.752941 0.752941
vn 0.534317 0.030509 0.844734
v 33.141834 18.518034 473.199158 0.752941 0.752941 0.752941
vn -0.943019 -0.322278 -0.082772
v -0.230415 -0.443725 443.778473 0.752941 0.752941 0.752941
vn 0.231664 -0.623206 0.746958
v 2.051513 -2.204625 443.401642 0.752941 0.752941 0.752941
vn -0.892571 -0.450302 -0.023364
v 0.365819 -1.194789 443.052551 0.752941 0.752941 0.752941
vn -0.197931 0.702393 -0.683716
v 4.186192 6.106214 443.681732 0.752941 0.752941 0.752941
vn 0.199920 0.474531 -0.857235
v 10.842154 7.217925 443.415039 0.752941 0.752941 0.752941
vn -0.168675 0.753418 -0.635539
v 9.741484 7.510908 443.813660 0.752941 0.752941 0.752941
vn 0.824541 -0.290777 -0.485366
v 8.901670 2.949006 442.921051 0.752941 0.752941 0.752941
vn -0.535036 0.815843 0.219399
v 28.896408 22.175692 472.930145 0.752941 0.752941 0.752941
vn 0.232655 0.926393 -0.296087
v 30.679585 22.317495 472.346466 0.752941 0.752941 0.752941
vn -0.754052 0.488133 0.439467
v 28.047136 21.513851 472.718079 0.752941 0.752941 0.752941
vn 0.766417 -0.589736 -0.254593
v 8.625196 1.013849 443.812897 0.752941 0.752941 0.752941
vn 0.199507 -0.632467 0.748454
v 5.694336 -0.530248 443.864197 0.752941 0.752941 0.752941
vn 0.268602 -0.677126 0.685094
v 7.049670 -0.066567 443.891205 0.752941 0.752941 0.752941
vn -0.998485 0.027305 -0.047763
v -0.651370 3.719391 443.661346 0.752941 0.752941 0.752941
vn 0.196508 -0.618429 0.760874
v 5.281604 -1.306406 443.251068 0.752941 0.752941 0.752941
vn -0.441976 -0.635067 0.633520
v 0.783387 -1.926376 443.553436 0.752941 0.752941 0.752941
vn 0.187980 -0.657988 0.729188
v 3.549899 -1.128437 443.948029 0.752941 0.752941 0.752941
vn -0.339498 -0.671861 0.658289
v 0.976001 -2.112235 443.414398 0.752941 0.752941 0.752941
vn -0.249545 0.725280 -0.641635
v 3.141484 5.783773 443.496460 0.752941 0.752941 0.752941
vn 0.674833 -0.293265 -0.677197
v 10.720071 6.560757 443.342438 0.752941 0.752941 0.752941
vn 0.212891 -0.635915 0.741814
v 2.774998 -1.507918 443.775360 0.752941 0.752941 0.752941
vn -0.109346 0.730526 -0.674074
v 5.542520 6.717556 443.940979 0.752941 0.752941 0.752941
vn 0.809670 -0.374956 -0.451489
v 9.964742 4.700400 443.685394 0.752941 0.752941 0.752941
vn -0.741251 -0.300100 0.600405
v 27.996788 19.399355 472.963013 0.752941 0.752941 0.752941
vn -0.710735 -0.537565 0.453738
v 0.649109 -1.659581 443.636719 0.752941 0.752941 0.752941
vn 0.187133 -0.635137 0.749388
v 6.248191 -0.081564 444.016602 0.752941 0.752941 0.752941
vn -0.390167 -0.827817 0.403100
v 31.827135 16.643379 473.087341 0.752941 0.752941 0.752941
vn -0.013929 0.719127 -0.694739
v 10.665169 7.617332 443.692444 0.752941 0.752941 0.752941
vn -0.333845 -0.662934 0.670123
v 1.247222 -1.736279 443.855865 0.752941 0.752941 0.752941
vn 0.855653 -0.296306 -0.424335
v 9.561822 3.952310 443.505676 0.752941 0.752941 0.752941
vn 0.640668 -0.742003 0.197423
v 8.260405 0.585909 443.876984 0.752941 0.752941 0.752941
vn 0.524244 0.021128 0.851306
v 33.879917 17.186575 473.102020 0.752941 0.752941 0.752941
vn -0.091529 0.748618 -0.656654
v 10.348194 7.672132 443.827972 0.752941 0.752941 0.752941
vn -0.799338 -0.534967 0.273621
v -0.057883 -0.718949 444.418854 0.752941 0.752941 0.752941
vn -0.487803 -0.772916 0.405769
v 0.548719 -1.356655 443.992798 0.752941 0.752941 0.752941
vn 0.556955 0.805860 -0.200973
v 32.487247 21.960369 473.251099 0.752941 0.752941 0.752941
vn 0.802667 -0.315007 -0.506455
v 9.730616 3.526885 444.135223 0.752941 0.752941 0.752941
vn -0.576347 -0.638909 0.509528
v 28.268946 18.746866 472.689117 0.752941 0.752941 0.752941
vn 0.749306 -0.399508 -0.528142
v 10.477061 5.853674 443.486542 0.752941 0.752941 0.752941
vn 0.857243 -0.266719 -0.440448
v 9.357553 2.568959 443.897614 0.752941 0.752941 0.752941
vn 0.017521 -0.673786 0.738718
v 1.505211 -1.888439 443.882355 0.752941 0.752941 0.752941
vn 0.831528 -0.397360 -0.388157
v 9.105996 1.733711 443.887329 0.752941 0.752941 0.752941
vn 0.678275 -0.172365 -0.714306
v 11.241589 6.973953 443.653748 0.752941 0.752941 0.752941
vn 0.524262 0.234927 -0.818510
v 11.172781 7.301207 443.684021 0.752941 0.752941 0.752941
vn 0.645348 -0.672083 0.363084
v 7.396890 -0.345006 443.294403 0.752941 0.752941 0.752941
vn 0.828628 -0.277689 -0.486071
v 9.891271 4.137456 444.098511 0.752941 0.752941 0.752941
vn -0.886892 0.306009 -0.346094
v -0.639285 4.525774 443.814423 0.752941 0.752941 0.752941
vn -0.251971 0.731081 -0.634059
v 0.534406 5.027537 443.691284 0.752941 0.752941 0.752941
vn 0.674734 -0.248181 -0.695082
v 11.639164 7.213971 444.017670 0.752941 0.752941 0.752941
vn 0.382231 0.230695 -0.894807
v 11.795009 7.630035 444.082581 0.752941 0.752941 0.752941
vn 0.174923 -0.651528 0.738182
v 5.113663 -0.422472 444.102844 0.752941 0.752941 0.752941
vn 0.181014 0.681405 -0.709169
v 11.037531 7.678392 443.859619 0.752941 0.752941 0.752941
vn -0.187764 0.768218 -0.612034
v 3.693083 6.702792 444.322571 0.752941 0.752941 0.752941
vn 0.082220 0.572881 -0.815504
v 11.894870 8.128017 444.293610 0.752941 0.752941 0.752941
vn 0.198161 -0.664541 0.720498
v 2.390732 -0.895983 444.365692 0.752941 0.752941 0.752941
vn -0.236405 -0.829125 0.506621
v 32.704521 16.230516 472.994751 0.752941 0.752941 0.752941
vn 0.843296 0.324610 0.428346
v 33.479725 20.711725 472.961121 0.752941 0.752941 0.752941
vn -0.176904 0.736739 -0.652626
v 4.867866 6.498581 443.732269 0.752941 0.752941 0.752941
vn 0.220643 -0.653669 0.723902
v 3.840510 -0.418986 444.353729 0.752941 0.752941 0.752941
vn -0.040418 0.766444 -0.641038
v 10.697861 8.073092 444.351257 0.752941 0.752941 0.752941
vn -0.789626 -0.077746 0.608643
v 28.010342 20.080881 473.220154 0.752941 0.752941 0.752941
vn -0.166172 0.768571 -0.617807
v 7.829759 7.349464 443.965210 0.752941 0.752941 0.752941
vn -0.982941 0.130144 -0.129957
v -0.696921 4.859631 444.475403 0.752941 0.752941 0.752941
vn -0.174600 0.757548 -0.628996
v 5.408255 7.162303 444.354248 0.752941 0.752941 0.752941
vn -0.297967 0.954467 0.014457
v 29.447405 22.420315 472.901031 0.752941 0.752941 0.752941
vn 0.456589 -0.824313 0.334715
v 8.387724 0.805635 444.200714 0.752941 0.752941 0.752941
vn -0.170576 0.743437 -0.646688
v 6.476544 6.977867 443.965210 0.752941 0.752941 0.752941
vn -0.093643 -0.733367 0.673352
v 1.302512 -1.293718 444.417419 0.752941 0.752941 0.752941
vn -0.259119 0.745408 -0.614186
v 7.321280 6.807942 443.540192 0.752941 0.752941 0.752941
vn 0.373859 -0.586177 0.718767
v 34.066887 16.022213 472.646423 0.752941 0.752941 0.752941
vn -0.204321 0.724517 -0.658277
v 4.280517 6.598654 444.081055 0.752941 0.752941 0.752941
vn -0.629637 0.565917 -0.532255
v -0.468850 4.816996 443.882690 0.752941 0.752941 0.752941
vn 0.771582 -0.439628 -0.459771
v 10.409807 5.073421 444.141907 0.752941 0.752941 0.752941
vn -0.518506 -0.763869 0.384260
v 29.668344 18.054243 473.228210 0.752941 0.752941 0.752941
vn -0.362881 -0.777918 0.512992
v 0.376807 -1.025656 444.479950 0.752941 0.752941 0.752941
vn 0.695729 -0.487903 -0.527174
v 11.730812 6.828867 444.522766 0.752941 0.752941 0.752941
vn 0.371021 -0.733774 0.569140
v 7.648866 0.364908 444.179230 0.752941 0.752941 0.752941
vn 0.758169 0.159115 0.632347
v 33.787224 19.905514 472.766418 0.752941 0.752941 0.752941
vn 0.048480 0.640485 -0.766439
v 11.409657 7.953279 444.143646 0.752941 0.752941 0.752941
vn -0.192357 0.807566 -0.557526
v 4.179506 6.814541 444.405731 0.752941 0.752941 0.752941
vn -0.992069 -0.080943 0.096164
v -0.409034 1.356129 443.875458 0.752941 0.752941 0.752941
vn -0.151670 -0.782222 0.604256
v 32.927238 15.947790 472.754913 0.752941 0.752941 0.752941
vn 0.319557 -0.761936 0.563327
v 8.022376 0.777560 444.422760 0.752941 0.752941 0.752941
vn -0.242670 0.748599 -0.617018
v 1.586918 6.058773 444.481262 0.752941 0.752941 0.752941
vn -0.047280 0.763439 -0.644147
v 11.803795 8.609989 444.855469 0.752941 0.752941 0.752941
vn 0.559811 0.108332 0.821508
v 34.469166 18.305960 472.698456 0.752941 0.752941 0.752941
vn -0.983637 -0.118230 0.135942
v -0.337990 0.386461 444.374695 0.752941 0.752941 0.752941
vn 0.146778 -0.722071 0.676069
v 33.441803 15.897493 472.596191 0.752941 0.752941 0.752941
vn -0.277154 0.744087 -0.607881
v 2.714965 6.481828 444.566559 0.752941 0.752941 0.752941
vn 0.773648 -0.213553 -0.596543
v 10.293373 4.261250 444.718536 0.752941 0.752941 0.752941
vn -0.062723 0.852367 -0.519169
v 9.866252 8.534034 445.154327 0.752941 0.752941 0.752941
vn 0.237769 0.422806 -0.874472
v 12.508666 8.356112 444.543427 0.752941 0.752941 0.752941
vn -0.983073 -0.132161 0.126887
v -0.562693 4.045287 444.671661 0.752941 0.752941 0.752941
vn 0.848577 -0.520181 0.096582
v 9.296904 1.772008 444.629150 0.752941 0.752941 0.752941
vn -0.877317 -0.263582 0.401047
v -0.116252 0.070297 445.018677 0.752941 0.752941 0.752941
vn 0.161558 -0.688533 0.706980
v 6.710554 0.608151 444.612793 0.752941 0.752941 0.752941
vn 0.593109 -0.294009 -0.749520
v 12.456820 7.771794 444.487274 0.752941 0.752941 0.752941
vn -0.190977 0.789480 -0.583309
v 7.191407 7.956858 444.910980 0.752941 0.752941 0.752941
vn 0.212354 -0.763038 0.610474
v 8.146642 1.003072 444.680267 0.752941 0.752941 0.752941
vn -0.046730 -0.773761 0.631752
v 0.942078 -0.859069 444.941315 0.752941 0.752941 0.752941
vn 0.667803 -0.480220 -0.568707
v 12.224015 6.160583 445.653809 0.752941 0.752941 0.752941
vn -0.965400 -0.126833 0.227854
v -0.382674 2.363766 444.683014 0.752941 0.752941 0.752941
vn -0.725937 -0.049320 0.685990
v 27.237524 20.085697 472.216370 0.752941 0.752941 0.752941
vn 0.727176 -0.674037 0.129961
v 9.015226 1.241624 444.586334 0.752941 0.752941 0.752941
vn 0.591186 -0.021239 -0.806256
v 13.085999 8.235237 444.710114 0.752941 0.752941 0.752941
vn 0.250760 0.633065 -0.732358
v 12.888068 8.666113 444.855896 0.752941 0.752941 0.752941
vn 0.594087 0.328169 0.734415
v 34.060631 19.706976 472.525085 0.752941 0.752941 0.752941
vn -0.243066 0.782455 -0.573309
v 4.966660 7.312113 444.829468 0.752941 0.752941 0.752941
vn -0.174194 0.782323 -0.598020
v 7.658182 8.021894 444.842926 0.752941 0.752941 0.752941
vn 0.220161 -0.666931 0.711851
v 2.931600 0.282664 445.319031 0.752941 0.752941 0.752941
vn 0.115620 -0.730623 0.672921
v 7.431257 1.352706 445.131592 0.752941 0.752941 0.752941
vn -0.133890 0.772756 -0.620420
v 9.827517 8.160152 444.506592 0.752941 0.752941 0.752941
vn 0.748001 -0.189443 -0.636086
v 10.401644 3.644857 444.804260 0.752941 0.752941 0.752941
vn -0.200482 0.759343 -0.619035
v 0.122232 5.766756 444.739410 0.752941 0.752941 0.752941
vn 0.235487 -0.672555 0.701581
v 4.556003 0.271709 444.849091 0.752941 0.752941 0.752941
vn -0.114234 0.818414 -0.563160
v 11.045394 8.595810 444.915009 0.752941 0.752941 0.752941
vn -0.860520 0.393535 -0.323475
v -0.651728 5.444833 444.828949 0.752941 0.752941 0.752941
vn -0.422580 0.711529 -0.561385
v -0.429529 5.588597 444.648499 0.752941 0.752941 0.752941
vn 0.142286 -0.719637 0.679615
v 7.949430 1.550933 445.339050 0.752941 0.752941 0.752941
vn 0.669004 -0.718365 0.190750
v 9.524190 2.182672 445.241638 0.752941 0.752941 0.752941
vn 0.178272 -0.701046 0.690473
v 3.611253 0.109285 445.065796 0.752941 0.752941 0.752941
vn -0.229575 0.759403 -0.608771
v 0.211595 6.206084 445.232697 0.752941 0.752941 0.752941
vn -0.149100 0.763624 -0.628209
v 6.243587 7.376937 444.447754 0.752941 0.752941 0.752941
vn -0.806300 0.197950 0.557401
v 27.702444 20.606279 472.755585 0.752941 0.752941 0.752941
vn -0.181061 0.728233 -0.660979
v 9.089213 8.120181 444.761841 0.752941 0.752941 0.752941
vn -0.142727 0.825446 -0.546140
v 10.648305 8.711044 445.263062 0.752941 0.752941 0.752941
vn -0.220212 0.749669 -0.624101
v 8.378897 8.566870 445.419342 0.752941 0.752941 0.752941
vn 0.505413 0.310802 -0.804960
v 13.295133 8.509910 445.013275 0.752941 0.752941 0.752941
vn 0.178277 -0.692866 0.698680
v 5.958451 1.074017 445.219818 0.752941 0.752941 0.752941
vn 0.337684 0.877274 -0.341115
v 31.450975 22.191486 472.748993 0.752941 0.752941 0.752941
vn 0.841291 -0.446261 -0.305090
v 9.650531 2.446872 444.733978 0.752941 0.752941 0.752941
vn -0.132278 0.819095 -0.558198
v 11.131705 8.915958 445.411774 0.752941 0.752941 0.752941
vn -0.465525 -0.785514 0.407743
v 30.511515 17.193169 472.480865 0.752941 0.752941 0.752941
vn 0.674332 -0.280304 -0.683159
v 13.483233 8.214822 445.189362 0.752941 0.752941 0.752941
vn 0.199671 -0.654565 0.729161
v 5.672773 0.299946 444.545837 0.752941 0.752941 0.752941
vn -0.198103 0.787681 -0.583364
v 3.410881 7.096091 445.103760 0.752941 0.752941 0.752941
vn -0.253521 0.734270 -0.629742
v 1.425408 6.669444 445.356598 0.752941 0.752941 0.752941
vn 0.211865 -0.684772 0.697281
v 2.701979 -0.463126 444.809906 0.752941 0.752941 0.752941
vn 0.722519 -0.332619 -0.606078
v 11.500283 5.118910 445.624664 0.752941 0.752941 0.752941
vn -0.092662 0.811977 -0.576287
v 11.633270 8.835572 445.146606 0.752941 0.752941 0.752941
vn -0.222546 0.764516 -0.604970
v 4.158813 7.293221 445.069580 0.752941 0.752941 0.752941
vn 0.233006 0.412034 -0.880872
v 13.366769 8.928356 445.163635 0.752941 0.752941 0.752941
vn -0.436532 -0.651419 0.620558
v 0.251126 -0.564120 445.036804 0.752941 0.752941 0.752941
vn 0.345913 -0.739154 0.577924
v 8.728965 1.297184 444.895538 0.752941 0.752941 0.752941
vn 0.718346 -0.280543 -0.636611
v 10.705535 4.589912 445.024292 0.752941 0.752941 0.752941
vn 0.729802 -0.449306 -0.515279
v 11.188643 5.937607 444.540497 0.752941 0.752941 0.752941
vn 0.676320 -0.736580 -0.006378
v 10.224728 2.782730 445.473511 0.752941 0.752941 0.752941
vn 0.145326 -0.722838 0.675563
v 8.467937 2.140011 445.748627 0.752941 0.752941 0.752941
vn 0.234009 -0.753094 0.614889
v 1.718714 -0.297476 445.181885 0.752941 0.752941 0.752941
vn 0.199111 -0.654422 0.729442
v 4.010732 0.670353 445.419159 0.752941 0.752941 0.752941
vn -0.957231 -0.042579 0.286173
v -0.178748 1.231655 445.069672 0.752941 0.752941 0.752941
vn -0.274709 0.745659 -0.607065
v 0.781452 6.778874 445.689209 0.752941 0.752941 0.752941
vn -0.314304 -0.683734 0.658575
v 0.750618 -0.454890 445.319763 0.752941 0.752941 0.752941
vn -0.006910 -0.735384 0.677616
v 0.909529 -0.570378 445.311584 0.752941 0.752941 0.752941
vn -0.248893 0.758746 -0.601961
v 2.289727 6.968648 445.272064 0.752941 0.752941 0.752941
vn -0.165313 0.752194 -0.637868
v 9.002376 8.551950 445.158539 0.752941 0.752941 0.752941
vn -0.577464 -0.479358 0.660872
v 27.521477 18.838745 472.020508 0.752941 0.752941 0.752941
vn 0.124689 0.613376 -0.779886
v 13.696731 9.402652 445.558167 0.752941 0.752941 0.752941
vn 0.634431 0.463362 0.618702
v 34.700756 19.506229 472.164459 0.752941 0.752941 0.752941
vn 0.315839 -0.750953 0.579928
v 9.240951 2.219475 445.680176 0.752941 0.752941 0.752941
vn 0.241161 -0.677386 0.694974
v 1.836406 -0.013681 445.545563 0.752941 0.752941 0.752941
vn -0.197882 0.810304 -0.551589
v 7.104945 8.135927 445.237335 0.752941 0.752941 0.752941
vn -0.003011 0.983355 -0.181669
v 29.807777 22.423464 472.248962 0.752941 0.752941 0.752941
vn 0.781996 -0.451676 -0.429500
v 10.412968 3.299047 445.115784 0.752941 0.752941 0.752941
vn 0.639530 -0.546051 -0.541138
v 12.567725 7.391580 445.069458 0.752941 0.752941 0.752941
vn 0.392928 0.160266 -0.905496
v 13.716664 8.976074 445.386169 0.752941 0.752941 0.752941
vn 0.230254 -0.713879 0.661332
v 5.101283 1.130468 445.465637 0.752941 0.752941 0.752941
vn 0.277637 0.203979 -0.938781
v 14.064006 9.028181 445.421082 0.752941 0.752941 0.752941
vn 0.475657 -0.306996 -0.824320
v 13.940598 8.512166 445.456085 0.752941 0.752941 0.752941
vn 0.532849 -0.513292 -0.672758
v 14.419772 8.350592 445.924164 0.752941 0.752941 0.752941
vn 0.744904 -0.344208 -0.571524
v 11.000825 4.305567 445.382080 0.752941 0.752941 0.752941
vn 0.645729 -0.173553 0.743582
v 34.872257 16.542809 472.078583 0.752941 0.752941 0.752941
vn 0.578527 -0.531369 -0.618833
v 13.577850 7.759855 445.814789 0.752941 0.752941 0.752941
vn -0.289539 0.779341 -0.555692
v -0.098923 6.057254 445.141327 0.752941 0.752941 0.752941
vn 0.504256 0.786797 -0.355916
v 33.025265 21.103043 472.076721 0.752941 0.752941 0.752941
vn 0.005201 0.699272 -0.714837
v 12.974236 8.934876 445.187836 0.752941 0.752941 0.752941
vn 0.376135 0.492387 -0.784906
v 14.352789 9.252088 445.665497 0.752941 0.752941 0.752941
vn 0.696438 0.037210 0.716651
v 35.423454 18.071835 471.828705 0.752941 0.752941 0.752941
vn 0.170708 -0.752522 0.636057
v 6.409711 1.689948 445.704254 0.752941 0.752941 0.752941
vn -0.196166 0.785521 -0.586921
v 5.651457 7.849657 445.185669 0.752941 0.752941 0.752941
vn -0.117491 0.787674 -0.604785
v 6.587201 8.456879 445.857086 0.752941 0.752941 0.752941
vn 0.720047 -0.296527 -0.627379
v 11.594278 4.588969 445.885223 0.752941 0.752941 0.752941
vn -0.701240 0.576099 -0.419966
v -0.571805 5.923247 445.383972 0.752941 0.752941 0.752941
vn 0.206798 -0.697437 0.686161
v 4.606167 1.002462 445.566986 0.752941 0.752941 0.752941
vn -0.443804 -0.809157 0.385102
v 31.283867 16.505672 472.065521 0.752941 0.752941 0.752941
vn -0.134107 0.811169 -0.569228
v 8.612213 8.779360 445.553802 0.752941 0.752941 0.752941
vn -0.205394 0.776809 -0.595299
v 4.514536 7.607127 445.306610 0.752941 0.752941 0.752941
vn 0.193054 -0.731372 0.654084
v 5.950523 1.848403 446.063354 0.752941 0.752941 0.752941
vn -0.429300 -0.816028 0.387039
v 32.639809 15.795767 471.986328 0.752941 0.752941 0.752941
vn -0.129128 0.801497 -0.583891
v 6.303034 8.060943 445.377106 0.752941 0.752941 0.752941
vn -0.258835 0.776363 -0.574686
v 5.309962 8.027067 445.649506 0.752941 0.752941 0.752941
vn -0.638945 -0.247065 0.728497
v 27.233002 19.440269 472.100250 0.752941 0.752941 0.752941
vn -0.824140 -0.272778 0.496372
v 0.195429 0.713558 446.078766 0.752941 0.752941 0.752941
vn 0.161527 -0.716550 0.678575
v 7.646488 2.372359 446.155609 0.752941 0.752941 0.752941
vn -0.637612 -0.499759 0.586253
v 0.214794 0.034036 445.510986 0.752941 0.752941 0.752941
vn -0.275917 -0.621402 0.733300
v 0.510267 -0.113163 445.531952 0.752941 0.752941 0.752941
vn -0.107109 -0.600510 0.792411
v 0.868772 -0.116804 445.654480 0.752941 0.752941 0.752941
vn -0.226599 0.776362 -0.588145
v 1.688687 7.234787 445.868164 0.752941 0.752941 0.752941
vn 0.661659 0.729490 -0.173355
v 33.473404 20.895369 472.259277 0.752941 0.752941 0.752941
vn -0.999863 0.016502 0.000862
v -0.726116 5.633985 445.549683 0.752941 0.752941 0.752941
vn 0.667207 -0.729015 -0.152881
v 10.867125 3.420129 446.203552 0.752941 0.752941 0.752941
vn -0.481011 0.846285 0.228975
v 27.788946 21.880751 471.433472 0.752941 0.752941 0.752941
vn -0.770648 0.301209 0.561581
v 27.389965 20.861635 472.184753 0.752941 0.752941 0.752941
vn -0.251254 0.797221 -0.548918
v 2.269682 7.313659 445.826874 0.752941 0.752941 0.752941
vn -0.464254 -0.590807 0.659860
v 0.352491 0.220650 445.815308 0.752941 0.752941 0.752941
vn -0.185950 0.780435 -0.596946
v 3.464581 7.635406 445.765167 0.752941 0.752941 0.752941
vn -0.104659 -0.662808 0.741439
v 0.921238 0.157313 445.823669 0.752941 0.752941 0.752941
vn 0.589587 -0.076762 -0.804049
v 14.666424 8.950619 445.732452 0.752941 0.752941 0.752941
vn 0.406618 0.831982 -0.377449
v 32.063370 21.706060 472.229340 0.752941 0.752941 0.752941
vn 0.252547 -0.715141 0.651761
v 2.404409 1.133636 446.360718 0.752941 0.752941 0.752941
vn -0.087529 0.803482 -0.588859
v 13.527864 9.739690 446.041046 0.752941 0.752941 0.752941
vn -0.459621 -0.743499 0.485755
v 28.240768 17.996258 471.659790 0.752941 0.752941 0.752941
vn -0.098852 0.807424 -0.581631
v 12.208261 9.221166 445.610565 0.752941 0.752941 0.752941
vn 0.645879 -0.594713 -0.478704
v 11.422450 4.074132 446.123199 0.752941 0.752941 0.752941
vn -0.439243 -0.801176 0.406427
v 30.407148 16.732563 471.636017 0.752941 0.752941 0.752941
vn -0.140902 0.830432 -0.539008
v 8.921528 9.140535 446.082184 0.752941 0.752941 0.752941
vn 0.195672 -0.686241 0.700561
v 1.506162 0.216240 445.859161 0.752941 0.752941 0.752941
vn 0.201264 0.703115 -0.681998
v 14.117855 9.566187 445.828003 0.752941 0.752941 0.752941
vn 0.423421 -0.471085 0.773818
v 34.542271 15.724857 472.077087 0.752941 0.752941 0.752941
vn 0.313273 -0.652425 0.690074
v 1.967442 0.595076 445.979095 0.752941 0.752941 0.752941
vn 0.167580 -0.738821 0.652733
v 6.850590 2.056882 446.103271 0.752941 0.752941 0.752941
vn 0.216617 -0.706050 0.674219
v 3.787993 1.208292 445.969452 0.752941 0.752941 0.752941
vn -0.242612 0.782171 -0.573888
v 2.828763 7.538995 445.778748 0.752941 0.752941 0.752941
vn -0.207283 0.791889 -0.574410
v 4.623137 8.153076 446.041382 0.752941 0.752941 0.752941
vn -0.188041 0.769936 -0.609786
v 7.246019 8.877860 446.193665 0.752941 0.752941 0.752941
vn -0.076675 0.794699 -0.602141
v 9.576396 9.172074 446.057709 0.752941 0.752941 0.752941
vn 0.211690 -0.660037 0.720790
v 34.014515 15.485577 471.975983 0.752941 0.752941 0.752941
vn -0.954941 -0.215804 0.203756
v -0.304657 3.546131 445.855438 0.752941 0.752941 0.752941
vn 0.325460 -0.678424 0.658648
v 1.804904 0.777118 446.267303 0.752941 0.752941 0.752941
vn 0.126207 -0.735907 0.665217
v 8.745188 2.575379 446.257935 0.752941 0.752941 0.752941
vn -0.116728 -0.762355 0.636545
v 33.469193 15.424587 472.114441 0.752941 0.752941 0.752941
vn -0.461221 -0.770283 0.440385
v 29.301369 17.543201 471.977417 0.752941 0.752941 0.752941
vn -0.019078 -0.789550 0.613389
v 1.073354 0.456305 446.218384 0.752941 0.752941 0.752941
vn -0.142122 0.775702 -0.614888
v 12.606376 9.655150 446.170776 0.752941 0.752941 0.752941
vn 0.394542 -0.817414 0.419727
v 9.895817 2.793979 446.107422 0.752941 0.752941 0.752941
vn -0.268124 0.963082 0.024123
v 28.727852 22.250521 471.829803 0.752941 0.752941 0.752941
vn -0.387042 -0.638373 0.665341
v 0.464525 0.649906 446.254852 0.752941 0.752941 0.752941
vn 0.238720 -0.727973 0.642704
v 3.355033 1.435445 446.424286 0.752941 0.752941 0.752941
vn 0.142727 -0.721214 0.677849
v 4.618907 1.687612 446.223999 0.752941 0.752941 0.752941
vn 0.325464 0.434654 -0.839732
v 14.851903 9.440799 446.086823 0.752941 0.752941 0.752941
vn 0.100134 -0.784037 0.612584
v 6.278371 2.136181 446.332306 0.752941 0.752941 0.752941
vn -0.158100 0.799879 -0.578963
v 6.334610 9.128528 446.743286 0.752941 0.752941 0.752941
vn -0.060383 -0.786794 0.614255
v 33.717442 15.185578 471.946014 0.752941 0.752941 0.752941
vn 0.710026 -0.266842 -0.651658
v 11.929830 5.182138 446.184570 0.752941 0.752941 0.752941
vn -0.080729 0.786290 -0.612562
v 10.164239 9.463542 446.356628 0.752941 0.752941 0.752941
vn 0.175929 -0.762733 0.622324
v 9.276320 2.697022 446.210571 0.752941 0.752941 0.752941
vn 0.522106 -0.521215 -0.675085
v 14.050392 7.164814 446.625946 0.752941 0.752941 0.752941
vn 0.495697 0.007851 -0.868460
v 15.123321 9.173600 446.156738 0.752941 0.752941 0.752941
vn 0.260401 -0.701652 0.663232
v 3.659674 1.742811 446.606750 0.752941 0.752941 0.752941
vn 0.266279 -0.697057 0.665739
v 1.319228 0.639719 446.384125 0.752941 0.752941 0.752941
vn 0.179682 -0.741298 0.646677
v 5.098659 1.737671 446.254089 0.752941 0.752941 0.752941
vn -0.823442 -0.422751 0.378451
v 0.351312 1.264332 446.577454 0.752941 0.752941 0.752941
vn 0.257961 -0.715464 0.649282
v 7.130945 2.436749 446.334991 0.752941 0.752941 0.752941
vn -0.127652 0.770005 -0.625138
v 11.974528 9.638113 446.279205 0.752941 0.752941 0.752941
vn -0.175611 0.805273 -0.566301
v 8.132621 8.939995 445.984436 0.752941 0.752941 0.752941
vn 0.446182 0.210831 -0.869754
v 15.599099 9.693164 446.348511 0.752941 0.752941 0.752941
vn 0.216205 0.577486 -0.787252
v 15.409781 10.093804 446.452240 0.752941 0.752941 0.752941
vn 0.589732 -0.190783 -0.784741
v 15.536922 9.318788 446.329437 0.752941 0.752941 0.752941
vn 0.632380 0.759577 0.152113
v 33.978531 20.382526 471.865845 0.752941 0.752941 0.752941
vn 0.211084 -0.736321 0.642865
v 2.871541 1.310645 446.413879 0.752941 0.752941 0.752941
vn -0.195215 0.797200 -0.571281
v 3.070615 8.056959 446.427704 0.752941 0.752941 0.752941
vn -0.954841 0.221499 -0.198032
v -0.777113 6.620787 446.450104 0.752941 0.752941 0.752941
vn -0.687212 -0.316378 0.653945
v 27.033840 19.117670 471.643311 0.752941 0.752941 0.752941
vn -0.617038 0.608889 -0.498517
v -0.632525 6.628555 446.170258 0.752941 0.752941 0.752941
vn -0.300598 0.755714 -0.581839
v 0.176212 6.757944 446.016418 0.752941 0.752941 0.752941
vn 0.059087 0.749052 -0.659871
v 14.229788 9.891168 446.202728 0.752941 0.752941 0.752941
vn 0.602144 -0.482707 -0.635938
v 14.934763 8.219386 446.493530 0.752941 0.752941 0.752941
vn -0.973072 -0.210190 0.094615
v -0.403116 5.051841 446.946533 0.752941 0.752941 0.752941
vn 0.172858 -0.724933 0.666777
v 6.503783 2.370829 446.632599 0.752941 0.752941 0.752941
vn 0.618288 -0.380415 -0.687753
v 15.324740 8.889012 446.371582 0.752941 0.752941 0.752941
vn -0.342155 0.752177 -0.563169
v -0.094686 7.136284 446.587646 0.752941 0.752941 0.752941
vn -0.259809 0.774797 -0.576358
v 5.431869 8.972479 446.749023 0.752941 0.752941 0.752941
vn 0.669499 -0.343825 -0.658450
v 12.432755 5.498335 446.501587 0.752941 0.752941 0.752941
vn 0.667407 -0.106538 0.737033
v 34.726658 17.542959 472.389282 0.752941 0.752941 0.752941
vn 0.554965 0.779728 0.289892
v 34.541340 20.039856 471.737396 0.752941 0.752941 0.752941
vn 0.074392 -0.792339 0.605528
v 9.871690 3.147019 446.630798 0.752941 0.752941 0.752941
vn -0.270999 0.780366 -0.563550
v 0.694075 7.268437 446.377075 0.752941 0.752941 0.752941
vn -0.198465 0.787100 -0.584025
v 3.801805 8.074806 446.265259 0.752941 0.752941 0.752941
vn 0.137542 -0.780463 0.609884
v 34.145706 14.945799 471.457611 0.752941 0.752941 0.752941
vn -0.111166 0.784931 -0.609528
v 11.558008 9.941999 446.678741 0.752941 0.752941 0.752941
vn -0.106256 0.785954 -0.609087
v 12.473369 9.899039 446.457520 0.752941 0.752941 0.752941
vn -0.185956 0.793169 -0.579917
v 3.468253 8.521544 447.001740 0.752941 0.752941 0.752941
vn -0.209804 0.787654 -0.579295
v 5.842308 8.660574 446.159332 0.752941 0.752941 0.752941
vn -0.233096 0.798294 -0.555331
v 1.893037 7.746184 446.537415 0.752941 0.752941 0.752941
vn -0.146323 -0.760765 0.632318
v 0.888600 0.918685 446.852753 0.752941 0.752941 0.752941
vn 0.133472 -0.741151 0.657937
v 8.120592 2.635684 446.340790 0.752941 0.752941 0.752941
vn 0.027336 0.693877 -0.719575
v 14.664653 9.964921 446.355194 0.752941 0.752941 0.752941
vn 0.428276 0.548560 -0.718096
v 15.778843 10.191041 446.777435 0.752941 0.752941 0.752941
vn 0.277537 -0.873556 0.399842
v 10.292007 3.164117 446.589569 0.752941 0.752941 0.752941
vn -0.105476 0.757404 -0.644371
v 10.943671 9.722239 446.583008 0.752941 0.752941 0.752941
vn -0.433836 -0.820308 0.372668
v 31.035074 16.163401 471.068451 0.752941 0.752941 0.752941
vn -0.593133 -0.669484 0.447196
v 0.577696 1.222218 447.023987 0.752941 0.752941 0.752941
vn 0.321030 -0.689010 0.649773
v 1.418528 1.254185 446.899078 0.752941 0.752941 0.752941
vn 0.134961 -0.792591 0.594631
v 4.090284 2.031480 446.738586 0.752941 0.752941 0.752941
vn 0.213127 -0.730160 0.649186
v 5.052032 2.518356 447.013397 0.752941 0.752941 0.752941
vn -0.655751 0.632713 0.411904
v 27.573303 21.519302 471.901306 0.752941 0.752941 0.752941
vn 0.654950 -0.246242 -0.714427
v 12.170970 4.866633 446.419342 0.752941 0.752941 0.752941
vn -0.755708 0.063880 0.651785
v 26.698236 20.141375 471.560883 0.752941 0.752941 0.752941
vn -0.112883 0.798378 -0.591481
v 9.907372 9.951528 446.952728 0.752941 0.752941 0.752941
vn -0.230462 0.794449 -0.561905
v 0.807377 7.704460 446.994415 0.752941 0.752941 0.752941
vn -0.145586 0.801644 -0.579803
v 8.629461 9.587385 446.853668 0.752941 0.752941 0.752941
vn 0.119222 -0.752508 0.647702
v 5.682039 2.417203 446.687225 0.752941 0.752941 0.752941
vn 0.747259 0.258470 0.612206
v 36.003815 18.507706 471.153076 0.752941 0.752941 0.752941
vn -0.975534 -0.215473 0.043651
v -0.015701 3.413757 446.953430 0.752941 0.752941 0.752941
vn 0.265833 -0.722804 0.637877
v 1.960754 1.508172 446.967041 0.752941 0.752941 0.752941
vn 0.229682 -0.729572 0.644182
v 2.427223 1.659407 446.974335 0.752941 0.752941 0.752941
vn -0.850149 0.414950 -0.324136
v -0.735921 6.976588 446.957458 0.752941 0.752941 0.752941
vn 0.629712 -0.381137 -0.676903
v 13.206867 5.797305 447.131348 0.752941 0.752941 0.752941
vn 0.608741 -0.587116 -0.533600
v 12.126720 4.297254 446.755676 0.752941 0.752941 0.752941
vn 0.115505 -0.736960 0.665995
v 8.969638 3.036763 446.653717 0.752941 0.752941 0.752941
vn 0.033830 -0.811781 0.582981
v 9.525112 3.360363 446.943390 0.752941 0.752941 0.752941
vn 0.708967 -0.403470 -0.578427
v 16.056793 9.151403 446.888763 0.752941 0.752941 0.752941
vn 0.106460 0.748802 -0.654188
v 15.344851 10.382491 446.795807 0.752941 0.752941 0.752941
vn -0.145472 0.800685 -0.581155
v 7.406353 9.350963 446.694122 0.752941 0.752941 0.752941
vn -0.097701 0.822205 -0.560744
v 11.296075 10.293319 447.315857 0.752941 0.752941 0.752941
vn -0.963720 -0.227200 0.140084
v -0.598632 5.752222 446.242371 0.752941 0.752941 0.752941
vn -0.076512 0.804145 -0.589489
v 12.383252 10.252569 447.006683 0.752941 0.752941 0.752941
vn 0.377400 0.838320 -0.393433
v 31.520739 21.487740 471.168335 0.752941 0.752941 0.752941
vn 0.146219 -0.739932 0.656598
v 7.210685 2.863659 446.876129 0.752941 0.752941 0.752941
vn 0.299623 0.942048 -0.150899
v 34.610981 20.034306 471.199982 0.752941 0.752941 0.752941
vn 0.635410 -0.464215 -0.617057
v 12.714166 4.530194 447.045715 0.752941 0.752941 0.752941
vn -0.110071 0.824433 -0.555153
v 8.212962 9.326593 446.605804 0.752941 0.752941 0.752941
vn -0.281485 0.780915 -0.557618
v 2.548324 7.923068 446.508667 0.752941 0.752941 0.752941
vn 0.578178 -0.548166 -0.604338
v 13.273733 6.385301 446.564301 0.752941 0.752941 0.752941
vn 0.529777 -0.213136 0.820920
v 35.568089 15.664937 471.357758 0.752941 0.752941 0.752941
vn -0.207169 0.791945 -0.574373
v 4.090408 8.481810 446.690521 0.752941 0.752941 0.752941
vn -0.264842 0.764891 -0.587197
v 2.002760 8.290405 447.285126 0.752941 0.752941 0.752941
vn -0.997660 -0.020042 -0.065367
v -0.732576 6.048544 446.005157 0.752941 0.752941 0.752941
vn 0.473595 -0.866897 -0.155556
v 11.793713 3.983301 446.926331 0.752941 0.752941 0.752941
vn -0.183128 0.772841 -0.607603
v 6.949021 9.079177 446.528076 0.752941 0.752941 0.752941
vn 0.200650 -0.645741 0.736721
v 34.539711 15.334052 471.836334 0.752941 0.752941 0.752941
vn 0.166553 -0.729651 0.663226
v 6.176512 2.662037 446.951355 0.752941 0.752941 0.752941
vn -0.103866 0.821858 -0.560145
v 13.759508 10.152201 446.734528 0.752941 0.752941 0.752941
vn -0.287059 0.754148 -0.590642
v 5.235689 8.667048 446.533905 0.752941 0.752941 0.752941
vn -0.252887 0.749300 -0.612044
v 4.725138 9.057436 447.288147 0.752941 0.752941 0.752941
vn 0.254039 -0.716170 0.650050
v 4.085460 2.833978 447.714966 0.752941 0.752941 0.752941
vn -0.144766 0.811319 -0.566396
v 8.488372 9.860091 447.309967 0.752941 0.752941 0.752941
vn 0.233037 -0.722951 0.650412
v 2.777580 1.857076 447.062561 0.752941 0.752941 0.752941
vn 0.257232 -0.854198 0.451860
v 10.897872 3.441494 446.982086 0.752941 0.752941 0.752941
vn -0.268524 0.961632 0.056201
v 28.058058 22.095760 471.006287 0.752941 0.752941 0.752941
vn -0.111645 0.779241 -0.616700
v 12.381236 10.514061 447.306976 0.752941 0.752941 0.752941
vn 0.748451 -0.247133 -0.615424
v 16.175140 9.488895 446.895721 0.752941 0.752941 0.752941
vn 0.240711 0.909667 -0.338474
v 30.434111 22.119944 471.555542 0.752941 0.752941 0.752941
vn 0.201030 -0.756347 0.622516
v 1.226144 1.559999 447.387360 0.752941 0.752941 0.752941
vn 0.674121 -0.421187 -0.606764
v 13.311627 4.827053 447.530090 0.752941 0.752941 0.752941
vn 0.459928 0.804162 -0.376549
v 33.046303 20.548283 471.101929 0.752941 0.752941 0.752941
vn 0.550134 0.210047 -0.808228
v 16.593868 10.129672 447.278351 0.752941 0.752941 0.752941
vn -0.090589 0.800561 -0.592365
v 14.374468 10.574352 447.095123 0.752941 0.752941 0.752941
vn 0.187829 -0.791854 0.581109
v 3.555488 2.212901 447.171265 0.752941 0.752941 0.752941
vn 0.163294 -0.776874 0.608113
v 8.356050 3.253196 447.014252 0.752941 0.752941 0.752941
vn 0.009849 -0.709248 0.704890
v 0.864829 1.200377 447.154480 0.752941 0.752941 0.752941
vn 0.203933 -0.763925 0.612233
v 5.970401 2.899709 447.340851 0.752941 0.752941 0.752941
vn 0.679749 -0.300727 -0.668958
v 13.011948 4.705670 447.325714 0.752941 0.752941 0.752941
vn 0.562075 -0.470410 -0.680284
v 14.944673 7.548509 446.981476 0.752941 0.752941 0.752941
vn 0.661874 0.092175 -0.743926
v 16.157864 9.850385 446.813873 0.752941 0.752941 0.752941
vn 0.189095 -0.776065 0.601636
v 7.827208 3.226643 447.148804 0.752941 0.752941 0.752941
vn -0.990055 -0.099703 -0.099251
v -0.821824 6.873325 447.456451 0.752941 0.752941 0.752941
vn 0.145937 -0.739034 0.657671
v 7.515975 3.034827 447.043427 0.752941 0.752941 0.752941
vn 0.244406 0.589550 -0.769868
v 15.961596 10.655786 447.224640 0.752941 0.752941 0.752941
vn 0.136393 -0.769963 0.623342
v 8.002192 3.422209 447.412201 0.752941 0.752941 0.752941
vn -0.487157 0.615738 -0.619310
v -0.402865 7.420228 447.151367 0.752941 0.752941 0.752941
vn -0.170203 0.816998 -0.550949
v 5.849356 9.277352 447.192505 0.752941 0.752941 0.752941
vn -0.225226 0.766633 -0.601288
v 2.932812 8.495762 447.096466 0.752941 0.752941 0.752941
vn 0.806612 0.150847 0.571508
v 36.289627 18.064579 470.926086 0.752941 0.752941 0.752941
vn 0.102684 -0.836497 0.538264
v 8.842912 3.689468 447.456635 0.752941 0.752941 0.752941
vn -0.017945 0.766613 -0.641859
v 12.880773 10.656760 447.483948 0.752941 0.752941 0.752941
vn 0.188872 -0.765081 0.615612
v 4.279558 2.243602 447.081970 0.752941 0.752941 0.752941
vn 0.441743 -0.555022 -0.704850
v 14.227873 6.575201 447.213684 0.752941 0.752941 0.752941
vn 0.287889 -0.762336 0.579625
v 2.212207 2.116828 447.548309 0.752941 0.752941 0.752941
vn -0.159302 0.828409 -0.536993
v 9.448643 9.954152 447.170044 0.752941 0.752941 0.752941
vn 0.233867 -0.786803 0.571180
v 3.001284 2.395444 447.612579 0.752941 0.752941 0.752941
vn 0.117686 -0.701448 0.702937
v 34.712318 14.878444 471.141479 0.752941 0.752941 0.752941
vn -0.714656 0.475643 0.512865
v 26.995148 21.195932 471.483276 0.752941 0.752941 0.752941
vn -0.400026 -0.721885 0.564679
v 0.427136 1.741278 447.522430 0.752941 0.752941 0.752941
vn -0.272087 0.793101 -0.544940
v 0.215072 7.599475 447.074432 0.752941 0.752941 0.752941
vn 0.567111 -0.784204 -0.251812
v 12.887659 4.331856 447.446533 0.752941 0.752941 0.752941
vn -0.119837 0.822308 -0.556282
v 10.470942 10.133455 447.091858 0.752941 0.752941 0.752941
vn -0.295257 -0.882989 0.364903
v 33.461731 15.028761 471.318115 0.752941 0.752941 0.752941
vn 0.459751 0.103284 -0.882021
v 16.839945 10.164176 447.459869 0.752941 0.752941 0.752941
vn 0.079268 -0.777856 0.623423
v 10.005452 3.485964 447.162659 0.752941 0.752941 0.752941
vn -0.976951 -0.136278 0.164303
v 0.260121 2.385580 446.250793 0.752941 0.752941 0.752941
vn -0.571990 0.481934 -0.663752
v -0.662175 7.466391 447.384125 0.752941 0.752941 0.752941
vn -0.187927 0.837057 -0.513828
v 6.553304 9.562054 447.285797 0.752941 0.752941 0.752941
vn -0.439595 -0.802725 0.402974
v 31.864292 15.714773 471.113373 0.752941 0.752941 0.752941
vn 0.173137 -0.816416 0.550897
v 8.515361 3.655410 447.532410 0.752941 0.752941 0.752941
vn -0.173170 0.782674 -0.597857
v 12.047533 10.597844 447.574127 0.752941 0.752941 0.752941
vn 0.400966 -0.539245 -0.740568
v 14.504268 6.366844 447.468567 0.752941 0.752941 0.752941
vn 0.620412 -0.239830 -0.746707
v 16.648746 9.717093 447.394440 0.752941 0.752941 0.752941
vn 0.417921 0.008775 -0.908441
v 17.033367 10.147182 447.519318 0.752941 0.752941 0.752941
vn -0.181465 0.757664 -0.626909
v 3.687614 8.815266 447.296143 0.752941 0.752941 0.752941
vn 0.119835 -0.744685 0.656569
v 7.072370 3.285264 447.339417 0.752941 0.752941 0.752941
vn -0.212488 0.813308 -0.541645
v 5.019198 9.457564 447.623413 0.752941 0.752941 0.752941
vn -0.170971 0.824471 -0.539459
v 5.722363 9.917858 448.064117 0.752941 0.752941 0.752941
vn -0.439321 -0.791932 0.424076
v 29.359678 17.151684 471.192902 0.752941 0.752941 0.752941
vn 0.701120 -0.433879 -0.565844
v 15.633810 8.354912 447.199615 0.752941 0.752941 0.752941
vn -0.159955 0.873576 -0.459652
v 6.897858 9.723589 447.556946 0.752941 0.752941 0.752941
vn -0.154067 0.835838 -0.526914
v 7.474169 9.834703 447.445831 0.752941 0.752941 0.752941
vn -0.908535 -0.392344 0.143634
v 0.198796 1.874383 447.172211 0.752941 0.752941 0.752941
vn 0.246667 -0.874236 0.418170
v 11.278997 3.776888 447.351532 0.752941 0.752941 0.752941
vn 0.135402 -0.788641 0.599759
v 5.244430 2.889836 447.437683 0.752941 0.752941 0.752941
vn 0.684613 -0.054669 0.726854
v 36.099049 17.030478 471.040619 0.752941 0.752941 0.752941
vn -0.272515 0.784778 -0.556650
v 1.722946 8.644154 447.810181 0.752941 0.752941 0.752941
vn 0.253845 0.596866 -0.761126
v 16.480253 11.053418 447.507507 0.752941 0.752941 0.752941
vn 0.310306 0.352779 -0.882756
v 16.539810 10.789376 447.428131 0.752941 0.752941 0.752941
vn 0.251860 -0.761413 0.597341
v 1.640990 1.936576 447.712982 0.752941 0.752941 0.752941
vn -0.093471 0.821458 -0.562557
v 14.742259 10.900054 447.507477 0.752941 0.752941 0.752941
vn 0.574349 -0.363709 -0.733375
v 13.668307 5.688433 447.588898 0.752941 0.752941 0.752941
vn -0.517570 0.786035 0.338039
v 27.170847 21.722242 470.826263 0.752941 0.752941 0.752941
vn 0.684008 -0.535666 -0.495172
v 16.545311 9.112603 447.808258 0.752941 0.752941 0.752941
vn 0.261113 0.251259 -0.932035
v 17.271257 10.577978 447.705536 0.752941 0.752941 0.752941
vn 0.230985 -0.696258 0.679611
v 6.575554 2.965089 447.083466 0.752941 0.752941 0.752941
vn 0.107584 -0.840021 0.531780
v 11.877344 4.132089 447.743530 0.752941 0.752941 0.752941
vn -0.656663 -0.235019 0.716631
v 26.390982 19.310907 471.203461 0.752941 0.752941 0.752941
vn 0.069275 -0.776503 0.626294
v 7.853455 3.779916 447.765289 0.752941 0.752941 0.752941
vn 0.106247 -0.795794 0.596174
v 9.505383 3.669084 447.421600 0.752941 0.752941 0.752941
vn -0.100834 0.797404 -0.594961
v 12.528485 10.798009 447.619324 0.752941 0.752941 0.752941
vn -0.107606 0.812732 -0.572615
v 13.926713 10.736525 447.467163 0.752941 0.752941 0.752941
vn 0.273030 0.891012 -0.362703
v 30.220594 21.853979 470.813934 0.752941 0.752941 0.752941
vn 0.183612 -0.772237 0.608225
v 5.441471 3.262177 447.938965 0.752941 0.752941 0.752941
vn 0.534657 -0.844966 0.013219
v 13.669866 4.768794 448.173492 0.752941 0.752941 0.752941
vn -0.029757 0.762402 -0.646419
v 15.638999 11.023244 447.593597 0.752941 0.752941 0.752941
vn -0.219221 0.808869 -0.545595
v 3.355223 9.058088 447.656372 0.752941 0.752941 0.752941
vn 0.031920 -0.724277 0.688770
v 10.760104 3.805211 447.297150 0.752941 0.752941 0.752941
vn 0.458193 0.383245 -0.801987
v 16.839575 10.772161 447.598816 0.752941 0.752941 0.752941
vn -0.960612 -0.243494 -0.133920
v -0.994714 7.400089 448.060303 0.752941 0.752941 0.752941
vn 0.099728 0.763914 -0.637565
v 16.599466 11.269041 447.919647 0.752941 0.752941 0.752941
vn -0.413229 -0.812875 0.410458
v 30.055632 16.518225 470.734802 0.752941 0.752941 0.752941
vn -0.253359 0.783281 -0.567697
v 1.195807 8.264904 447.599884 0.752941 0.752941 0.752941
vn 0.211684 -0.731669 0.647958
v 1.330530 2.245924 448.125549 0.752941 0.752941 0.752941
vn 0.408933 0.351271 -0.842248
v 17.549040 11.060506 447.838257 0.752941 0.752941 0.752941
vn -0.381314 -0.831771 0.403430
v 32.781151 15.235436 471.077454 0.752941 0.752941 0.752941
vn -0.117045 0.766100 -0.631974
v 8.358776 10.258957 447.897980 0.752941 0.752941 0.752941
vn -0.132622 0.834434 -0.534913
v 6.067152 9.811837 447.818420 0.752941 0.752941 0.752941
vn -0.122176 0.793869 -0.595689
v 9.148233 10.389094 447.853729 0.752941 0.752941 0.752941
vn -0.145172 0.818188 -0.556322
v 9.758206 10.361445 447.734650 0.752941 0.752941 0.752941
vn 0.570184 0.567732 0.593776
v 35.583363 19.467731 471.092651 0.752941 0.752941 0.752941
vn 0.576350 -0.457587 -0.677078
v 17.115862 9.696798 447.734528 0.752941 0.752941 0.752941
vn -0.253016 0.827160 -0.501786
v 2.496135 8.798717 447.674896 0.752941 0.752941 0.752941
vn 0.089004 0.532494 -0.841742
v 17.170610 11.166643 447.822510 0.752941 0.752941 0.752941
vn 0.039123 -0.760716 0.647905
v 10.773356 4.142842 447.729950 0.752941 0.752941 0.752941
vn 0.365735 0.921478 0.130826
v 35.276413 19.808123 470.772919 0.752941 0.752941 0.752941
vn 0.584101 -0.367074 -0.723935
v 13.833171 5.194032 447.917389 0.752941 0.752941 0.752941
vn 0.225372 -0.738451 0.635529
v 3.519855 2.560259 447.725311 0.752941 0.752941 0.752941
vn 0.040855 0.819964 -0.570955
v 17.102049 11.374228 448.026062 0.752941 0.752941 0.752941
vn 0.170764 -0.771029 0.613477
v 9.793889 4.088896 447.761475 0.752941 0.752941 0.752941
vn -0.242903 0.794151 -0.557066
v 0.772159 8.177478 447.626953 0.752941 0.752941 0.752941
vn -0.395702 0.741460 -0.541902
v -0.673256 8.023539 448.076141 0.752941 0.752941 0.752941
vn 0.092045 -0.753464 0.651014
v 8.469925 4.084476 448.165771 0.752941 0.752941 0.752941
vn 0.112880 -0.805551 0.581675
v 8.687722 3.904127 447.935516 0.752941 0.752941 0.752941
vn -0.280630 0.785486 -0.551596
v 0.173927 7.988612 447.710541 0.752941 0.752941 0.752941
vn 0.429129 -0.526636 -0.733828
v 13.952316 5.932046 447.657654 0.752941 0.752941 0.752941
vn 0.224552 -0.779708 0.584492
v 2.004594 2.376565 448.092957 0.752941 0.752941 0.752941
vn 0.279146 -0.725155 0.629467
v 3.527771 2.955902 448.082123 0.752941 0.752941 0.752941
vn 0.571256 -0.122887 -0.811521
v 17.597178 10.374655 447.818176 0.752941 0.752941 0.752941
vn 0.295469 -0.711937 0.637059
v 5.888912 3.389758 447.879364 0.752941 0.752941 0.752941
vn 0.115007 -0.787995 0.604845
v 9.094625 3.886451 447.815948 0.752941 0.752941 0.752941
vn -0.030864 -0.796902 0.603319
v 0.787419 1.900197 447.865997 0.752941 0.752941 0.752941
vn -0.097152 -0.826485 0.554513
v 34.142937 14.760031 471.203613 0.752941 0.752941 0.752941
vn 0.145485 -0.897129 0.417126
v 12.569513 4.316462 447.939545 0.752941 0.752941 0.752941
vn 0.764463 -0.337491 -0.549268
v 15.927278 7.474572 447.966064 0.752941 0.752941 0.752941
vn -0.678452 0.444016 0.585280
v 26.507540 21.065002 470.918243 0.752941 0.752941 0.752941
vn -0.697890 0.107844 0.708039
v 26.024647 20.057842 470.865997 0.752941 0.752941 0.752941
vn -0.126263 0.799005 -0.587919
v 10.687816 10.655107 447.846466 0.752941 0.752941 0.752941
vn 0.122335 -0.743186 0.657806
v 1.666568 2.515239 448.288177 0.752941 0.752941 0.752941
vn -0.785885 -0.541591 0.298435
v 0.118132 2.270235 448.008392 0.752941 0.752941 0.752941
vn 0.644001 -0.700546 -0.307406
v 13.914840 5.026238 448.126282 0.752941 0.752941 0.752941
vn 0.282328 -0.719919 0.634040
v 3.060450 2.871574 448.220490 0.752941 0.752941 0.752941
vn 0.291557 0.911814 -0.289120
v 33.817432 20.231846 471.132660 0.752941 0.752941 0.752941
vn 0.597810 -0.540321 -0.592180
v 15.363398 6.675404 448.039703 0.752941 0.752941 0.752941
vn 0.786626 -0.449982 -0.422772
v 16.519547 8.452764 448.554901 0.752941 0.752941 0.752941
vn 0.039316 -0.780813 0.623526
v 11.373340 4.411515 448.021759 0.752941 0.752941 0.752941
vn -0.212114 0.796684 -0.565953
v 7.062002 10.198106 448.213837 0.752941 0.752941 0.752941
vn -0.170413 0.798368 -0.577553
v 7.869916 10.572545 448.313599 0.752941 0.752941 0.752941
vn -0.120142 0.813396 -0.569168
v 9.252008 10.776222 448.378754 0.752941 0.752941 0.752941
vn 0.175160 0.778219 -0.603071
v 17.566130 11.497524 448.318848 0.752941 0.752941 0.752941
vn -0.245547 0.834861 -0.492660
v 4.966496 9.787129 448.324005 0.752941 0.752941 0.752941
vn 0.340821 -0.706984 0.619690
v 2.730780 2.750187 448.278931 0.752941 0.752941 0.752941
vn 0.242427 -0.764164 0.597731
v 5.968968 3.695495 448.218140 0.752941 0.752941 0.752941
vn 0.135616 -0.765005 0.629584
v 9.435993 4.109925 447.977417 0.752941 0.752941 0.752941
vn -0.110929 0.812678 -0.572058
v 11.666994 10.945683 448.078674 0.752941 0.752941 0.752941
vn 0.126852 -0.733560 0.667681
v 9.131925 4.371777 448.263428 0.752941 0.752941 0.752941
vn -0.017093 0.849258 -0.527701
v 13.079206 10.957699 447.836365 0.752941 0.752941 0.752941
vn 0.167099 -0.573672 0.801859
v 35.276932 14.899491 471.183228 0.752941 0.752941 0.752941
vn 0.130824 -0.836811 0.531632
v 7.932274 4.201052 448.347015 0.752941 0.752941 0.752941
vn -0.245404 0.803570 -0.542267
v 0.815042 8.973510 448.855469 0.752941 0.752941 0.752941
vn 0.713920 -0.442761 -0.542476
v 17.726353 9.837913 448.268158 0.752941 0.752941 0.752941
vn -0.308823 -0.880251 0.360259
v 33.221134 14.911016 470.636505 0.752941 0.752941 0.752941
vn 0.747635 -0.139076 -0.649384
v 18.088242 10.787038 448.211517 0.752941 0.752941 0.752941
vn -0.019830 -0.776334 0.630009
v 12.058344 4.657173 448.308350 0.752941 0.752941 0.752941
vn 0.820451 -0.326958 -0.468998
v 16.000483 8.187787 447.805054 0.752941 0.752941 0.752941
vn 0.658043 0.479745 0.580365
v 35.833923 19.467173 470.919739 0.752941 0.752941 0.752941
vn -0.112568 0.787170 -0.606376
v 8.379381 10.533031 448.182220 0.752941 0.752941 0.752941
vn -0.150516 0.798832 -0.582420
v 10.016089 10.841971 448.312744 0.752941 0.752941 0.752941
vn 0.222086 -0.805165 0.549897
v 5.302336 3.708099 448.553284 0.752941 0.752941 0.752941
vn -0.251137 0.835958 -0.487960
v 3.102766 9.238875 448.205872 0.752941 0.752941 0.752941
vn -0.562329 -0.524380 0.639384
v 26.549122 18.539108 470.818237 0.752941 0.752941 0.752941
vn 0.161326 -0.815418 0.555939
v 7.169781 3.967623 448.170166 0.752941 0.752941 0.752941
vn 0.147677 -0.879936 0.451557
v 12.937297 4.581022 448.268616 0.752941 0.752941 0.752941
vn 0.780064 0.227780 0.582767
v 36.114101 18.730274 470.854706 0.752941 0.752941 0.752941
vn 0.695493 -0.562270 -0.447373
v 16.111761 6.261406 449.165527 0.752941 0.752941 0.752941
vn -0.073809 0.824198 -0.561471
v 13.401444 11.058295 448.051300 0.752941 0.752941 0.752941
vn 0.074432 -0.697183 0.713019
v 35.188278 14.487983 470.799988 0.752941 0.752941 0.752941
vn -0.335219 0.778670 -0.530378
v -0.327141 8.367868 448.448822 0.752941 0.752941 0.752941
vn 0.138000 -0.817480 0.559180
v 4.834672 3.476034 448.303741 0.752941 0.752941 0.752941
vn -0.931441 -0.341056 0.126880
v 0.010653 2.960460 448.537231 0.752941 0.752941 0.752941
vn 0.017048 -0.809030 0.587520
v 9.483981 4.757027 448.758270 0.752941 0.752941 0.752941
vn 0.123137 -0.804855 0.580556
v 0.732050 2.681353 448.910614 0.752941 0.752941 0.752941
vn -0.895910 0.143416 -0.420449
v -0.906690 7.509067 447.771729 0.752941 0.752941 0.752941
vn 0.049594 0.976178 -0.211227
v 29.022676 22.204735 471.116180 0.752941 0.752941 0.752941
vn 0.529090 -0.638494 -0.558918
v 14.331404 5.396297 448.097260 0.752941 0.752941 0.752941
vn 0.614664 -0.661037 -0.430369
v 17.492594 9.238832 448.656616 0.752941 0.752941 0.752941
vn -0.323984 0.783224 -0.530655
v -0.244570 8.837171 449.028778 0.752941 0.752941 0.752941
vn 0.113319 -0.832073 0.542967
v 9.847910 4.519360 448.476532 0.752941 0.752941 0.752941
vn 0.113462 -0.837766 0.534111
v 10.372437 4.510576 448.261963 0.752941 0.752941 0.752941
vn -0.153314 0.815316 -0.558350
v 10.498412 10.930468 448.257111 0.752941 0.752941 0.752941
vn -0.045323 0.837303 -0.544857
v 15.410170 11.509585 448.343414 0.752941 0.752941 0.752941
vn -0.085386 0.825212 -0.558332
v 6.044835 10.234127 448.563477 0.752941 0.752941 0.752941
vn 0.849571 -0.220427 -0.479209
v 16.441797 7.366246 449.235107 0.752941 0.752941 0.752941
vn -0.245510 0.829079 -0.502348
v 1.747614 8.948174 448.360138 0.752941 0.752941 0.752941
vn 0.182947 -0.813275 0.552372
v 6.965786 4.190320 448.573456 0.752941 0.752941 0.752941
vn 0.139392 -0.859632 0.491531
v 6.965232 4.544382 449.082642 0.752941 0.752941 0.752941
vn 0.028725 0.867014 -0.497455
v 16.912073 11.615381 448.539795 0.752941 0.752941 0.752941
vn 0.343975 -0.696789 0.629418
v 2.620047 2.976197 448.507019 0.752941 0.752941 0.752941
vn -0.441258 -0.714287 0.543218
v 27.117062 18.104843 470.859131 0.752941 0.752941 0.752941
vn 0.201310 -0.773540 0.600925
v 8.227612 4.402500 448.562805 0.752941 0.752941 0.752941
vn -0.082648 -0.806611 0.585276
v 0.722631 2.271506 448.415894 0.752941 0.752941 0.752941
vn -0.084297 0.819299 -0.567136
v 12.305143 11.175514 448.369354 0.752941 0.752941 0.752941
vn -0.400941 -0.776457 0.486169
v 28.379871 17.325325 470.614319 0.752941 0.752941 0.752941
vn -0.958823 -0.281821 0.035158
v -0.722560 6.705124 448.184174 0.752941 0.752941 0.752941
vn -0.206852 0.807008 -0.553128
v 4.175067 9.310059 447.714539 0.752941 0.752941 0.752941
vn -0.225094 0.799364 -0.557090
v 7.251621 10.584842 448.599060 0.752941 0.752941 0.752941
vn -0.119947 -0.785694 0.606875
v 34.487297 14.538559 470.988037 0.752941 0.752941 0.752941
vn 0.368241 -0.846426 0.384658
v 13.911552 5.062087 448.755981 0.752941 0.752941 0.752941
vn -0.975092 -0.220428 -0.024641
v -0.327495 4.948122 448.206360 0.752941 0.752941 0.752941
vn 0.485537 -0.860890 -0.152059
v 15.392507 5.871277 449.039459 0.752941 0.752941 0.752941
vn -0.802824 0.524995 -0.282585
v -1.070274 8.051702 448.466370 0.752941 0.752941 0.752941
vn 0.082250 -0.800976 0.593020
v 11.477995 4.818383 448.544952 0.752941 0.752941 0.752941
vn 0.153955 -0.736953 0.658178
v 2.168620 2.719848 448.560760 0.752941 0.752941 0.752941
vn 0.624838 -0.661584 -0.414588
v 17.312506 8.822454 449.341431 0.752941 0.752941 0.752941
vn -0.212270 0.796939 -0.565534
v 5.625733 10.317247 448.682526 0.752941 0.752941 0.752941
vn -0.019689 -0.744716 0.667091
v 2.061757 2.966556 448.774780 0.752941 0.752941 0.752941
vn 0.118994 -0.817322 0.563760
v 10.847687 4.800496 448.663513 0.752941 0.752941 0.752941
vn -0.017538 -0.776119 0.630342
v 12.616785 4.589565 448.310364 0.752941 0.752941 0.752941
vn -0.091925 0.807595 -0.582529
v 13.777871 11.325316 448.301117 0.752941 0.752941 0.752941
vn 0.706600 -0.179084 -0.684577
v 18.479042 10.980527 448.617554 0.752941 0.752941 0.752941
vn 0.435072 -0.891763 0.124382
v 14.722207 5.497047 449.089172 0.752941 0.752941 0.752941
vn -0.252084 0.817157 -0.518371
v 1.592819 9.386319 449.033051 0.752941 0.752941 0.752941
vn -0.131733 0.821010 -0.555508
v 10.406100 11.178936 448.689362 0.752941 0.752941 0.752941
vn 0.050827 -0.820992 0.568673
v 11.646762 5.036490 448.834412 0.752941 0.752941 0.752941
vn 0.033749 -0.838384 0.544034
v 34.929207 14.267810 470.682404 0.752941 0.752941 0.752941
vn 0.025474 0.832822 -0.552955
v 16.593176 11.877675 448.869629 0.752941 0.752941 0.752941
vn 0.199383 -0.798790 0.567610
v 4.216887 3.369310 448.378113 0.752941 0.752941 0.752941
vn 0.140989 -0.821385 0.552674
v 8.678296 4.792461 448.946686 0.752941 0.752941 0.752941
vn -0.125461 0.805017 -0.579834
v 11.623377 11.511082 448.890289 0.752941 0.752941 0.752941
vn 0.156297 -0.836545 0.525132
v 10.259913 4.758848 448.750305 0.752941 0.752941 0.752941
vn 0.151760 0.749763 -0.644069
v 18.195784 11.810154 448.856018 0.752941 0.752941 0.752941
vn -0.109738 -0.672658 0.731771
v 35.465019 14.158180 470.395935 0.752941 0.752941 0.752941
vn 0.508216 0.391741 -0.766978
v 18.086889 11.244330 448.368927 0.752941 0.752941 0.752941
vn -0.992684 -0.077729 -0.092396
v -1.200771 7.693799 448.696625 0.752941 0.752941 0.752941
vn 0.210741 -0.779741 0.589569
v 2.324244 3.198736 449.059235 0.752941 0.752941 0.752941
vn -0.463508 -0.780735 0.419063
v 0.266113 2.704155 448.777161 0.752941 0.752941 0.752941
vn 0.210617 0.922526 -0.323398
v 29.296978 21.973186 470.441345 0.752941 0.752941 0.752941
vn -0.218161 0.830889 -0.511889
v 3.399666 10.068113 449.295471 0.752941 0.752941 0.752941
vn 0.099071 -0.829604 0.549493
v 13.298499 4.874581 448.833984 0.752941 0.752941 0.752941
vn -0.076860 0.788187 -0.610618
v 12.529434 11.586622 448.833832 0.752941 0.752941 0.752941
vn -0.097717 0.783744 -0.613349
v 13.044067 11.451053 448.546204 0.752941 0.752941 0.752941
vn -0.007938 0.851403 -0.524453
v 15.835332 11.949159 449.018127 0.752941 0.752941 0.752941
vn -0.156431 0.807125 -0.569279
v 6.398120 10.659925 449.026398 0.752941 0.752941 0.752941
vn 0.051725 0.798976 -0.599134
v 17.244659 11.907429 449.021637 0.752941 0.752941 0.752941
vn 0.238432 -0.819187 0.521615
v 3.496723 3.692605 449.095490 0.752941 0.752941 0.752941
vn 0.188445 -0.824737 0.533195
v 7.871123 4.337497 448.668579 0.752941 0.752941 0.752941
vn 0.239365 -0.789218 0.565543
v 7.931592 4.685663 449.023682 0.752941 0.752941 0.752941
vn 0.314164 -0.802817 0.506741
v 5.405248 4.201129 449.140808 0.752941 0.752941 0.752941
vn -0.411400 -0.838657 0.356937
v 32.025986 15.177320 470.250244 0.752941 0.752941 0.752941
vn 0.186798 -0.834359 0.518606
v 6.213070 4.217741 448.834503 0.752941 0.752941 0.752941
vn 0.762339 -0.508835 -0.399908
v 18.076881 9.746110 448.952454 0.752941 0.752941 0.752941
vn -0.027623 -0.847270 0.530444
v 12.321381 5.224090 449.075653 0.752941 0.752941 0.752941
vn -0.065125 0.815061 -0.575703
v 12.983680 11.912010 449.236206 0.752941 0.752941 0.752941
vn -0.266210 0.826349 -0.496266
v 2.483270 9.896034 449.504120 0.752941 0.752941 0.752941
vn 0.425291 0.872825 0.239382
v 35.783478 19.675982 470.644409 0.752941 0.752941 0.752941
vn -0.099537 0.815901 -0.569559
v 8.548418 11.021678 448.912323 0.752941 0.752941 0.752941
vn -0.103678 -0.809758 0.577531
v 12.725820 4.983044 448.754700 0.752941 0.752941 0.752941
vn 0.140873 -0.821919 0.551910
v 10.857403 5.072642 449.018066 0.752941 0.752941 0.752941
vn 0.655318 -0.201222 -0.728058
v 18.904940 11.229436 448.936401 0.752941 0.752941 0.752941
vn -0.123314 0.809092 -0.574599
v 9.668057 11.464098 449.235657 0.752941 0.752941 0.752941
vn -0.023463 -0.885500 0.464047
v 0.453457 2.801864 449.170654 0.752941 0.752941 0.752941
vn -0.652365 -0.662418 0.368268
v 0.075383 3.127960 449.565643 0.752941 0.752941 0.752941
vn 0.144157 0.963949 -0.223654
v 34.798714 19.762247 470.265228 0.752941 0.752941 0.752941
vn -0.311514 0.767959 -0.559641
v 5.132013 10.332156 449.066315 0.752941 0.752941 0.752941
vn 0.029612 -0.823469 0.566589
v 9.737252 5.156723 449.327454 0.752941 0.752941 0.752941
vn 0.190833 -0.806745 0.559236
v 1.711695 3.146685 449.069519 0.752941 0.752941 0.752941
vn 0.800538 0.148774 0.580522
v 36.559769 18.323694 470.163788 0.752941 0.752941 0.752941
vn 0.057869 -0.870529 0.488703
v 14.273881 5.506583 449.372894 0.752941 0.752941 0.752941
vn -0.098464 0.797261 -0.595549
v 12.117788 11.722242 449.023315 0.752941 0.752941 0.752941
vn 0.150207 -0.857200 0.492591
v 4.462459 4.024101 449.201782 0.752941 0.752941 0.752941
vn 0.510476 -0.265724 0.817805
v 36.270256 15.011753 470.901459 0.752941 0.752941 0.752941
vn 0.342213 0.404637 -0.848032
v 18.921089 11.739494 449.101563 0.752941 0.752941 0.752941
vn 0.239303 0.659570 -0.712532
v 19.215097 12.198183 449.446106 0.752941 0.752941 0.752941
vn 0.586751 -0.218240 -0.779804
v 19.386292 11.443392 449.259064 0.752941 0.752941 0.752941
vn 0.727152 -0.514104 -0.454914
v 16.330359 6.359679 449.453247 0.752941 0.752941 0.752941
vn 0.151056 -0.837353 0.525378
v 7.481744 4.530667 449.031708 0.752941 0.752941 0.752941
vn 0.240879 -0.771377 0.589028
v 0.828639 3.269927 449.802338 0.752941 0.752941 0.752941
vn -0.251720 0.801708 -0.542127
v 5.390501 10.759219 449.429016 0.752941 0.752941 0.752941
vn 0.009170 -0.796248 0.604900
v 12.609367 5.330877 449.341156 0.752941 0.752941 0.752941
vn 0.026520 0.787945 -0.615174
v 17.008595 12.125850 449.199585 0.752941 0.752941 0.752941
vn -0.371831 -0.796403 0.476953
v 29.013559 16.595123 470.023285 0.752941 0.752941 0.752941
vn -0.238343 0.837399 -0.491889
v 0.764692 9.264025 449.266174 0.752941 0.752941 0.752941
vn 0.138944 -0.857712 0.494999
v 9.198892 5.410010 449.843719 0.752941 0.752941 0.752941
vn 0.109264 0.721555 -0.683681
v 18.680952 12.073680 449.296448 0.752941 0.752941 0.752941
vn 0.323129 0.879629 -0.349056
v 33.059895 20.102253 470.138458 0.752941 0.752941 0.752941
vn 0.079159 0.766860 -0.636914
v 17.691820 12.184649 449.378204 0.752941 0.752941 0.752941
vn -0.141559 -0.787283 0.600122
v 0.283824 3.115578 449.722443 0.752941 0.752941 0.752941
vn 0.023836 -0.767949 0.640067
v 35.113590 14.156374 470.422211 0.752941 0.752941 0.752941
vn 0.270796 -0.779819 0.564403
v 2.607128 3.874093 449.903015 0.752941 0.752941 0.752941
vn 0.837978 -0.337922 -0.428487
v 16.654942 7.813366 449.335297 0.752941 0.752941 0.752941
vn 0.175589 -0.840763 0.512138
v 6.264011 4.547330 449.487305 0.752941 0.752941 0.752941
vn -0.946782 -0.315564 -0.063437
v -0.781679 6.780096 449.156769 0.752941 0.752941 0.752941
vn 0.153687 -0.852091 0.500321
v 6.959362 4.737757 449.493958 0.752941 0.752941 0.752941
vn 0.011461 0.835046 -0.550060
v 17.611696 12.458097 449.668701 0.752941 0.752941 0.752941
vn -0.088987 0.804277 -0.587554
v 13.534125 12.171248 449.509125 0.752941 0.752941 0.752941
vn 0.175989 -0.852353 0.492466
v 8.309531 5.024268 449.443909 0.752941 0.752941 0.752941
vn -0.615777 0.526880 0.585847
v 25.979179 20.980503 470.458191 0.752941 0.752941 0.752941
vn 0.226682 -0.810898 0.539499
v 4.244855 4.154728 449.581390 0.752941 0.752941 0.752941
vn 0.480287 0.205111 -0.852792
v 19.372467 11.755099 449.252777 0.752941 0.752941 0.752941
vn 0.040479 -0.573948 0.817891
v 35.907001 14.261970 470.670135 0.752941 0.752941 0.752941
vn 0.236618 -0.819541 0.521885
v 5.060155 4.186358 449.451569 0.752941 0.752941 0.752941
vn 0.799453 0.257355 0.542810
v 36.249241 19.113358 470.573822 0.752941 0.752941 0.752941
vn -0.116983 0.817885 -0.563365
v 10.497214 11.619905 449.299957 0.752941 0.752941 0.752941
vn 0.732336 -0.519068 -0.440740
v 18.321049 9.641645 449.591553 0.752941 0.752941 0.752941
vn 0.780169 0.169429 0.602188
v 36.859558 17.568928 470.203613 0.752941 0.752941 0.752941
vn 0.327650 0.331644 -0.884679
v 19.988573 12.050030 449.784882 0.752941 0.752941 0.752941
vn 0.101292 -0.772217 0.627232
v 12.835445 5.685431 449.639496 0.752941 0.752941 0.752941
vn -0.894862 0.415483 -0.163080
v -0.848378 8.398924 449.447784 0.752941 0.752941 0.752941
vn 0.226863 -0.769382 0.597147
v 1.612007 3.499125 449.703552 0.752941 0.752941 0.752941
vn 0.214458 -0.797813 0.563474
v 2.317953 3.528853 449.540192 0.752941 0.752941 0.752941
vn -0.126292 -0.769329 0.626245
v 35.838501 13.595966 470.208160 0.752941 0.752941 0.752941
vn 0.274972 -0.827905 0.488839
v 2.987889 3.683426 449.279022 0.752941 0.752941 0.752941
vn -0.287069 -0.785462 0.548306
v 35.381481 13.734849 470.109650 0.752941 0.752941 0.752941
vn 0.049305 -0.817819 0.573359
v 10.207054 5.090837 449.281128 0.752941 0.752941 0.752941
vn 0.744869 -0.454943 -0.488055
v 18.522953 10.644398 449.016479 0.752941 0.752941 0.752941
vn 0.218580 0.952633 -0.211454
v 35.532059 19.708822 470.319794 0.752941 0.752941 0.752941
vn -0.210740 0.831460 -0.514065
v 0.492073 9.353453 449.648956 0.752941 0.752941 0.752941
vn 0.089163 -0.835993 0.541448
v 10.506961 5.393802 449.670624 0.752941 0.752941 0.752941
vn -0.039193 0.867723 -0.495501
v 16.480389 12.224878 449.502899 0.752941 0.752941 0.752941
vn 0.760375 -0.318763 -0.565880
v 16.886091 7.595805 449.950623 0.752941 0.752941 0.752941
vn 0.020073 0.848794 -0.528343
v 15.893837 12.395680 449.725403 0.752941 0.752941 0.752941
vn 0.095380 -0.751551 0.652743
v 13.432743 5.376595 449.221069 0.752941 0.752941 0.752941
vn -0.225444 0.973759 0.031110
v 27.150194 21.914272 469.957855 0.752941 0.752941 0.752941
vn -0.214936 0.819003 -0.532012
v 7.542056 10.994431 449.194977 0.752941 0.752941 0.752941
vn -0.580919 -0.311564 0.751971
v 25.365835 18.702370 469.953949 0.752941 0.752941 0.752941
vn 0.234951 0.501135 -0.832864
v 19.798527 12.273518 449.905487 0.752941 0.752941 0.752941
vn -0.439391 -0.724594 0.530942
v 26.894880 17.902788 470.431427 0.752941 0.752941 0.752941
vn -0.204555 0.818342 -0.537097
v 3.861116 10.325568 449.583405 0.752941 0.752941 0.752941
vn -0.926856 -0.367808 0.075201
v -0.180325 4.046419 449.980957 0.752941 0.752941 0.752941
vn 0.061773 -0.871892 0.485786
v 11.510142 5.499015 449.558624 0.752941 0.752941 0.752941
vn -0.959257 0.281936 -0.018387
v -1.115895 7.852429 449.510498 0.752941 0.752941 0.752941
vn 0.205155 -0.825098 0.526426
v 5.788865 4.473735 449.447998 0.752941 0.752941 0.752941
vn 0.609240 -0.251722 -0.751973
v 19.744480 11.576362 449.561768 0.752941 0.752941 0.752941
vn 0.612751 -0.499132 -0.612702
v 17.841417 8.919953 449.798584 0.752941 0.752941 0.752941
vn 0.464396 -0.885210 -0.027203
v 16.403309 6.249413 449.952637 0.752941 0.752941 0.752941
vn 0.715879 -0.087036 -0.692778
v 17.040915 7.281549 450.258453 0.752941 0.752941 0.752941
vn -0.137328 0.824825 -0.548457
v 11.674702 12.435443 450.249512 0.752941 0.752941 0.752941
vn 0.192979 -0.782827 0.591558
v 3.140261 3.925256 449.701599 0.752941 0.752941 0.752941
vn 0.232148 -0.818243 0.525914
v 6.590521 5.081123 450.090118 0.752941 0.752941 0.752941
vn -0.033775 0.827153 -0.560961
v 14.959096 12.108560 449.307373 0.752941 0.752941 0.752941
vn 0.091924 0.704309 -0.703916
v 19.514036 12.471335 449.903229 0.752941 0.752941 0.752941
vn 0.111270 -0.827584 0.550204
v 5.758558 4.779423 449.866089 0.752941 0.752941 0.752941
vn 0.747337 -0.391676 -0.536728
v 16.724463 6.513041 449.831665 0.752941 0.752941 0.752941
vn -0.244518 0.833610 -0.495283
v 1.862318 10.033337 450.156616 0.752941 0.752941 0.752941
vn 0.205192 -0.882637 0.422904
v 14.886781 5.746105 449.777954 0.752941 0.752941 0.752941
vn 0.023639 -0.838577 0.544270
v 10.152044 5.537638 449.858795 0.752941 0.752941 0.752941
vn 0.622872 -0.495587 -0.605330
v 17.056675 8.408167 449.596802 0.752941 0.752941 0.752941
vn -0.266760 0.831955 -0.486508
v -0.075111 9.304976 449.712982 0.752941 0.752941 0.752941
vn 0.208067 -0.837148 0.505857
v 3.642050 3.989005 449.674347 0.752941 0.752941 0.752941
vn -0.055450 0.830943 -0.553587
v 14.061808 12.369441 449.658905 0.752941 0.752941 0.752941
vn 0.019880 -0.816133 0.577522
v 14.105074 5.871722 450.010498 0.752941 0.752941 0.752941
vn 0.148695 -0.837228 0.526250
v 7.863490 5.184483 449.917175 0.752941 0.752941 0.752941
vn 0.173804 -0.784935 0.594701
v 2.076936 3.908516 450.038086 0.752941 0.752941 0.752941
vn 0.127086 -0.798836 0.587971
v 12.237326 5.652552 449.769531 0.752941 0.752941 0.752941
vn -0.309614 -0.847803 0.430546
v 33.647427 14.534951 470.168671 0.752941 0.752941 0.752941
vn -0.659950 0.454107 0.598542
v 25.617598 20.879232 470.165039 0.752941 0.752941 0.752941
vn 0.205072 -0.823004 0.529727
v 4.520108 4.667433 450.174377 0.752941 0.752941 0.752941
vn 0.666396 -0.601299 -0.440858
v 19.284046 11.026152 449.675995 0.752941 0.752941 0.752941
vn 0.055030 0.815189 -0.576574
v 18.304989 12.353226 449.690430 0.752941 0.752941 0.752941
vn 0.432329 0.282585 -0.856293
v 20.517252 12.319747 449.946625 0.752941 0.752941 0.752941
vn -0.590612 0.683813 -0.428459
v -0.536700 8.837460 449.367401 0.752941 0.752941 0.752941
vn 0.162790 -0.806985 0.567693
v 7.072801 5.006265 449.853882 0.752941 0.752941 0.752941
vn -0.491805 -0.707960 0.506873
v 0.157429 3.621572 450.168152 0.752941 0.752941 0.752941
vn -0.417120 0.768603 -0.485036
v 0.005766 9.666042 450.155121 0.752941 0.752941 0.752941
vn 0.788492 -0.437363 -0.432428
v 18.609501 9.555737 450.126526 0.752941 0.752941 0.752941
vn 0.209677 -0.778076 0.592143
v 3.722519 4.216145 449.915863 0.752941 0.752941 0.752941
vn 0.101334 -0.837439 0.537054
v 11.510958 5.682673 450.015198 0.752941 0.752941 0.752941
vn 0.591595 -0.603066 -0.535095
v 20.590517 11.676260 450.204071 0.752941 0.752941 0.752941
vn 0.018416 0.735886 -0.676855
v 18.926554 12.566021 450.041901 0.752941 0.752941 0.752941
vn 0.515163 -0.155335 -0.842898
v 20.430220 11.881801 449.924652 0.752941 0.752941 0.752941
vn -0.168416 0.817155 -0.551266
v 8.215451 11.513357 449.611877 0.752941 0.752941 0.752941
vn 0.046709 -0.869507 0.491707
v 10.680454 5.674724 450.091675 0.752941 0.752941 0.752941
vn -0.331549 -0.870880 0.362826
v 32.775520 14.908071 470.403961 0.752941 0.752941 0.752941
vn -0.032058 -0.863164 0.503905
v 13.645517 5.887186 449.897461 0.752941 0.752941 0.752941
vn 0.728326 -0.412456 -0.547193
v 18.574884 9.213499 450.400452 0.752941 0.752941 0.752941
vn -0.103523 0.838517 -0.534950
v 17.520061 12.876960 450.559509 0.752941 0.752941 0.752941
vn 0.190103 -0.838356 0.510901
v 1.869892 4.152374 450.442352 0.752941 0.752941 0.752941
vn -0.000701 0.803099 -0.595845
v 18.093023 12.740024 450.163544 0.752941 0.752941 0.752941
vn -0.994557 -0.022252 0.101789
v -1.067265 7.488870 449.739349 0.752941 0.752941 0.752941
vn 0.208971 -0.787866 0.579309
v 5.091623 4.626004 449.900848 0.752941 0.752941 0.752941
vn -0.521429 0.733059 0.436734
v 25.931849 21.355406 469.841522 0.752941 0.752941 0.752941
vn -0.032874 0.873008 -0.486598
v 14.178629 13.125154 451.028351 0.752941 0.752941 0.752941
vn 0.136514 -0.820071 0.555740
v 12.326633 5.974150 450.136597 0.752941 0.752941 0.752941
vn 0.320208 -0.798858 0.509208
v 3.979850 4.470402 450.081024 0.752941 0.752941 0.752941
vn 0.167927 -0.847277 0.503907
v 6.233778 4.980119 450.167175 0.752941 0.752941 0.752941
vn 0.727677 -0.583192 -0.361073
v 16.974728 6.595504 450.086121 0.752941 0.752941 0.752941
vn 0.143288 -0.837611 0.527139
v 7.481066 5.292180 450.159943 0.752941 0.752941 0.752941
vn 0.101547 -0.898507 0.427051
v 9.751593 5.838385 450.432129 0.752941 0.752941 0.752941
vn -0.908940 0.344265 0.235179
v -0.596279 8.220606 450.578796 0.752941 0.752941 0.752941
vn 0.273005 -0.748349 0.604518
v 2.955917 4.203682 450.031982 0.752941 0.752941 0.752941
vn 0.070937 -0.761803 0.643914
v 14.550577 6.031116 450.124176 0.752941 0.752941 0.752941
vn 0.115809 -0.783659 0.610301
v 0.602810 3.591177 450.221588 0.752941 0.752941 0.752941
vn 0.064844 0.792234 -0.606763
v 19.170822 12.931840 450.356995 0.752941 0.752941 0.752941
vn 0.084794 -0.845225 0.527640
v 10.618864 5.838999 450.384613 0.752941 0.752941 0.752941
vn -0.254845 0.829980 -0.496172
v 3.088252 10.546653 450.214081 0.752941 0.752941 0.752941
vn -0.256086 0.804165 -0.536413
v 4.378172 10.651616 449.820862 0.752941 0.752941 0.752941
vn 0.163113 0.611929 -0.773910
v 20.184832 12.606370 450.023285 0.752941 0.752941 0.752941
vn -0.080580 0.837309 -0.540759
v 12.459852 12.439772 450.058746 0.752941 0.752941 0.752941
vn -0.841977 -0.506130 0.186833
v -0.547117 4.760803 451.468475 0.752941 0.752941 0.752941
vn 0.786490 0.350153 0.508750
v 36.770542 18.811642 469.956299 0.752941 0.752941 0.752941
vn -0.975343 -0.213984 -0.054000
v -0.766231 5.974108 450.387390 0.752941 0.752941 0.752941
vn 0.800301 -0.470038 -0.372267
v 18.909887 10.316268 450.038239 0.752941 0.752941 0.752941
vn 0.253159 -0.844179 0.472517
v 3.782689 4.605904 450.554108 0.752941 0.752941 0.752941
vn 0.185992 0.820511 -0.540526
v 20.351578 12.722473 450.310730 0.752941 0.752941 0.752941
vn 0.465842 -0.371654 -0.803034
v 17.188892 7.459726 450.288025 0.752941 0.752941 0.752941
vn 0.307697 -0.672917 0.672685
v 36.126572 13.644027 470.220032 0.752941 0.752941 0.752941
vn -0.188267 0.823203 -0.535624
v 7.017050 11.726590 450.353607 0.752941 0.752941 0.752941
vn -0.002621 0.714784 -0.699341
v 18.661987 12.809113 450.266998 0.752941 0.752941 0.752941
vn -0.225767 0.824697 -0.518559
v 0.770089 9.805855 450.134399 0.752941 0.752941 0.752941
vn 0.060915 -0.893635 0.444641
v 12.805552 6.242267 450.476105 0.752941 0.752941 0.752941
vn 0.646377 -0.113447 -0.754537
v 21.044210 12.156654 450.337463 0.752941 0.752941 0.752941
vn 0.067208 0.820722 -0.567361
v 19.581465 12.802081 450.273132 0.752941 0.752941 0.752941
vn -0.084056 0.858050 -0.506640
v 13.669232 12.694051 450.294281 0.752941 0.752941 0.752941
vn -0.154426 0.839189 -0.521454
v 0.736308 10.140580 450.784760 0.752941 0.752941 0.752941
vn 0.118309 -0.861311 0.494111
v 5.757948 5.051655 450.316864 0.752941 0.752941 0.752941
vn 0.031352 -0.819886 0.571667
v 15.169515 6.268721 450.409851 0.752941 0.752941 0.752941
vn 0.571401 -0.398969 -0.717164
v 17.859419 7.917842 450.226746 0.752941 0.752941 0.752941
vn 0.097268 -0.885412 0.454515
v 9.083375 5.816164 450.697540 0.752941 0.752941 0.752941
vn 0.118080 -0.875900 0.467820
v 6.085001 5.217291 450.634186 0.752941 0.752941 0.752941
vn 0.149725 -0.844510 0.514185
v 3.209109 4.555061 450.474243 0.752941 0.752941 0.752941
vn 0.095829 -0.766971 0.634486
v 14.149963 6.263821 450.429077 0.752941 0.752941 0.752941
vn 0.081928 -0.818243 0.569004
v 13.709990 6.135954 450.430420 0.752941 0.752941 0.752941
vn 0.190771 -0.904252 0.382014
v 15.583829 5.996762 449.944458 0.752941 0.752941 0.752941
vn -0.002230 -0.850558 0.525877
v 13.191064 5.937948 450.031708 0.752941 0.752941 0.752941
vn 0.258081 -0.746331 0.613502
v 1.133822 3.639781 450.033691 0.752941 0.752941 0.752941
vn -0.011675 0.861197 -0.508137
v 15.215130 12.747143 450.272736 0.752941 0.752941 0.752941
vn -0.450019 -0.794090 0.408538
v 31.360844 15.677531 470.368805 0.752941 0.752941 0.752941
vn 0.068571 -0.820166 0.568001
v 11.408990 6.098453 450.486786 0.752941 0.752941 0.752941
vn 0.138122 -0.879532 0.455352
v 16.016985 6.255455 450.323822 0.752941 0.752941 0.752941
vn 0.719665 0.019317 0.694052
v 36.739906 16.157553 470.542755 0.752941 0.752941 0.752941
vn -0.377908 -0.786681 0.488179
v 27.749550 16.739796 469.274139 0.752941 0.752941 0.752941
vn -0.347423 0.920033 0.181212
v 26.439301 21.715870 469.688721 0.752941 0.752941 0.752941
vn -0.997105 0.039286 0.065103
v -0.984280 7.108781 450.750061 0.752941 0.752941 0.752941
vn 0.446138 0.786524 -0.427014
v 32.106617 20.814779 470.393494 0.752941 0.752941 0.752941
vn 0.450608 0.536216 -0.713741
v 20.740679 12.437529 450.219177 0.752941 0.752941 0.752941
vn 0.197838 0.752237 -0.628490
v 20.846180 12.883029 450.595154 0.752941 0.752941 0.752941
vn 0.067863 -0.853739 0.516259
v 11.873185 6.064600 450.483551 0.752941 0.752941 0.752941
vn 0.051693 -0.810993 0.582768
v 15.918544 6.529704 450.734039 0.752941 0.752941 0.752941
vn 0.597034 -0.575116 -0.559278
v 17.306005 6.811175 450.473450 0.752941 0.752941 0.752941
vn 0.207572 -0.836906 0.506461
v 4.807829 4.968894 450.575806 0.752941 0.752941 0.752941
vn 0.119829 -0.794317 0.595568
v 11.022317 5.788332 450.247528 0.752941 0.752941 0.752941
vn 0.045968 0.875514 -0.481001
v 17.716646 13.346106 451.098419 0.752941 0.752941 0.752941
vn -0.044312 0.847027 -0.529699
v 18.219799 13.003686 450.492523 0.752941 0.752941 0.752941
vn 0.206903 -0.922389 0.326175
v 16.836857 6.609009 450.747192 0.752941 0.752941 0.752941
vn -0.232919 0.836307 -0.496327
v 1.852094 10.649854 451.065430 0.752941 0.752941 0.752941
vn 0.567306 0.823201 0.022471
v 36.248749 19.402334 470.217987 0.752941 0.752941 0.752941
vn 0.253814 0.913453 -0.318091
v 35.494350 19.384714 469.515503 0.752941 0.752941 0.752941
vn 0.296279 -0.835754 0.462313
v 4.247591 4.824489 450.572723 0.752941 0.752941 0.752941
vn 0.110965 -0.879084 0.463570
v 5.480889 5.317861 450.862610 0.752941 0.752941 0.752941
vn 0.216304 0.930472 -0.295693
v 35.086140 19.641222 469.820129 0.752941 0.752941 0.752941
vn 0.019402 0.863787 -0.503484
v 16.339899 12.812728 450.465363 0.752941 0.752941 0.752941
vn -0.632920 -0.739267 0.229994
v -0.254719 4.296581 450.836700 0.752941 0.752941 0.752941
vn 0.417413 -0.906899 0.057455
v 17.489834 6.790656 450.850861 0.752941 0.752941 0.752941
vn -0.063800 -0.906410 0.417554
v 36.144001 13.390257 469.788910 0.752941 0.752941 0.752941
vn -0.357605 0.788466 -0.500440
v 0.153418 10.401343 451.179260 0.752941 0.752941 0.752941
vn 0.190949 -0.847725 0.494874
v 3.887237 4.861815 450.954834 0.752941 0.752941 0.752941
vn -0.331200 -0.913646 0.235708
v 34.908363 13.742409 469.617828 0.752941 0.752941 0.752941
vn -0.667729 0.263541 0.696193
v 25.408720 20.303062 470.184357 0.752941 0.752941 0.752941
vn -0.179112 0.841149 -0.510281
v 8.171991 12.376542 451.088989 0.752941 0.752941 0.752941
vn 0.514245 -0.118803 -0.849375
v 21.837519 12.353223 450.946686 0.752941 0.752941 0.752941
vn -0.912223 0.407991 0.037333
v -0.309717 9.314970 450.356873 0.752941 0.752941 0.752941
vn 0.249231 -0.831131 0.497096
v 1.188813 4.101130 450.716858 0.752941 0.752941 0.752941
vn 0.173664 -0.785388 0.594143
v 10.596476 6.027740 450.612396 0.752941 0.752941 0.752941
vn -0.233845 0.826795 -0.511592
v 5.499425 11.246765 450.236023 0.752941 0.752941 0.752941
vn 0.754620 -0.376680 -0.537272
v 18.243870 7.539369 450.825043 0.752941 0.752941 0.752941
vn -0.612891 -0.051778 0.788469
v 25.192423 19.403530 470.026520 0.752941 0.752941 0.752941
vn 0.103508 0.869158 -0.483582
v 19.808174 12.931998 450.646240 0.752941 0.752941 0.752941
vn 0.251918 -0.829309 0.498783
v 2.468389 4.304405 450.572510 0.752941 0.752941 0.752941
vn 0.729315 -0.558739 -0.394855
v 19.398247 10.247310 451.148621 0.752941 0.752941 0.752941
vn 0.571703 -0.717634 -0.397691
v 19.870176 10.918659 450.903778 0.752941 0.752941 0.752941
vn 0.240382 -0.858785 0.452444
v 6.480490 5.648756 451.136200 0.752941 0.752941 0.752941
vn 0.460982 -0.494501 0.736861
v 36.601498 13.896895 470.072418 0.752941 0.752941 0.752941
vn 0.217800 0.937602 -0.271044
v 34.017662 20.009420 470.532562 0.752941 0.752941 0.752941
vn -0.369521 -0.853674 0.367009
v 33.567825 14.255170 469.624146 0.752941 0.752941 0.752941
vn 0.178102 -0.846155 0.502296
v 1.961056 4.523337 451.144592 0.752941 0.752941 0.752941
vn 0.231266 0.901101 -0.366787
v 29.083427 21.760759 469.757172 0.752941 0.752941 0.752941
vn 0.084574 -0.824222 0.559916
v 13.321355 6.371371 450.808197 0.752941 0.752941 0.752941
vn 0.450705 0.844288 -0.289902
v 32.507923 20.185835 469.747009 0.752941 0.752941 0.752941
vn 0.013134 -0.843870 0.536388
v 16.152975 6.886973 451.181091 0.752941 0.752941 0.752941
vn 0.016284 -0.812995 0.582043
v 14.594733 6.517304 450.766144 0.752941 0.752941 0.752941
vn -0.497341 -0.493445 0.713558
v 24.822214 18.472807 469.481964 0.752941 0.752941 0.752941
vn -0.049637 -0.882704 0.467301
v 0.375262 4.014106 450.960022 0.752941 0.752941 0.752941
vn 0.125219 -0.833860 0.537585
v 10.939243 6.219418 450.803223 0.752941 0.752941 0.752941
vn 0.874888 -0.264403 -0.405785
v 18.776693 8.768995 451.140991 0.752941 0.752941 0.752941
vn -0.933335 0.325322 -0.151829
v -0.173352 9.843635 450.851959 0.752941 0.752941 0.752941
vn -0.118911 0.826904 -0.549627
v 10.488454 12.368418 450.395355 0.752941 0.752941 0.752941
vn 0.037061 -0.824428 0.564753
v 14.322058 6.661914 450.973358 0.752941 0.752941 0.752941
vn 0.613953 -0.654053 -0.441901
v 17.794338 7.010528 450.783020 0.752941 0.752941 0.752941
vn 0.245647 -0.835879 0.490882
v 6.592878 5.391095 450.645813 0.752941 0.752941 0.752941
vn 0.160656 -0.857139 0.489390
v 7.305207 5.593523 450.708771 0.752941 0.752941 0.752941
vn 0.026571 -0.814832 0.579088
v 15.074862 6.790112 451.154175 0.752941 0.752941 0.752941
vn 0.182738 -0.850091 0.493915
v 10.102797 5.997906 450.782745 0.752941 0.752941 0.752941
vn -0.149643 0.837504 -0.525541
v 8.883977 12.200053 450.500336 0.752941 0.752941 0.752941
vn -0.106193 0.812358 -0.573409
v 17.183599 13.267536 451.137085 0.752941 0.752941 0.752941
vn -0.357315 -0.887788 0.290101
v 32.150620 15.045507 469.896423 0.752941 0.752941 0.752941
vn -0.002937 0.874537 -0.484950
v 19.374331 13.336058 451.184540 0.752941 0.752941 0.752941
vn 0.132105 -0.773348 0.620066
v 13.799146 6.503793 450.790375 0.752941 0.752941 0.752941
vn -0.928675 0.353436 0.112453
v -0.876291 7.578289 450.834991 0.752941 0.752941 0.752941
vn 0.533590 -0.664614 -0.523039
v 21.180428 11.843216 450.783936 0.752941 0.752941 0.752941
vn -0.311859 -0.850233 0.424085
v 34.592003 14.187731 470.282837 0.752941 0.752941 0.752941
vn 0.447916 0.434073 -0.781634
v 21.458038 12.636544 450.742950 0.752941 0.752941 0.752941
vn 0.687789 -0.126955 0.714723
v 37.198399 14.772762 469.897705 0.752941 0.752941 0.752941
vn 0.035092 -0.835123 0.548943
v 11.758332 6.454361 450.975586 0.752941 0.752941 0.752941
vn 0.057780 -0.868790 0.491798
v 8.704120 5.856892 450.731873 0.752941 0.752941 0.752941
vn 0.271198 -0.877710 0.395065
v 2.897937 4.727750 450.926788 0.752941 0.752941 0.752941
vn 0.233651 -0.844031 0.482721
v 4.757185 5.187378 450.951172 0.752941 0.752941 0.752941
vn 0.158665 0.502041 -0.850165
v 21.591133 13.053843 451.031586 0.752941 0.752941 0.752941
vn 0.296759 0.477868 -0.826787
v 22.059204 13.155866 451.084198 0.752941 0.752941 0.752941
vn 0.016265 0.981293 -0.191833
v 28.196960 22.056644 470.225494 0.752941 0.752941 0.752941
vn 0.106629 -0.867129 0.486536
v 0.338781 4.259454 451.370667 0.752941 0.752941 0.752941
vn -0.376735 -0.827605 0.416102
v 31.008749 15.269033 469.331543 0.752941 0.752941 0.752941
vn 0.021937 -0.852698 0.521944
v 12.328945 6.369752 450.929352 0.752941 0.752941 0.752941
vn -0.287290 -0.919901 0.266921
v 35.253380 13.641643 469.477875 0.752941 0.752941 0.752941
vn -0.915609 0.399356 -0.046639
v -0.281278 8.596381 451.400574 0.752941 0.752941 0.752941
vn 0.180023 -0.829061 0.529385
v 17.315140 6.871637 451.215973 0.752941 0.752941 0.752941
vn 0.447401 -0.835314 0.319503
v 18.177097 7.373266 451.494629 0.752941 0.752941 0.752941
vn 0.226687 -0.830115 0.509433
v 10.112840 6.351981 451.215454 0.752941 0.752941 0.752941
vn 0.231341 -0.842408 0.486653
v 3.194085 4.889622 451.211670 0.752941 0.752941 0.752941
vn -0.440247 -0.644342 0.625305
v 25.806290 18.214178 469.954346 0.752941 0.752941 0.752941
vn 0.066136 -0.806635 0.587339
v 16.802753 7.042080 451.499176 0.752941 0.752941 0.752941
vn 0.052580 -0.818409 0.572226
v 12.449417 6.811502 451.501770 0.752941 0.752941 0.752941
vn 0.090511 -0.842502 0.531036
v 12.811743 6.444170 451.036163 0.752941 0.752941 0.752941
vn 0.097389 0.754615 -0.648900
v 21.070765 13.149187 451.064545 0.752941 0.752941 0.752941
vn 0.805957 0.050381 0.589826
v 37.538349 16.181755 469.489960 0.752941 0.752941 0.752941
vn 0.122259 -0.905293 0.406815
v 7.914986 6.010514 451.268433 0.752941 0.752941 0.752941
vn 0.475859 0.313211 -0.821862
v 22.581573 13.038574 451.405853 0.752941 0.752941 0.752941
vn -0.266162 0.831123 -0.488254
v 3.490973 11.284471 451.326691 0.752941 0.752941 0.752941
vn -0.081694 0.843948 -0.530167
v 12.091133 13.224249 451.348450 0.752941 0.752941 0.752941
vn 0.227519 -0.832637 0.504927
v 2.419235 4.610575 451.213135 0.752941 0.752941 0.752941
vn -0.557631 -0.261578 0.787797
v 24.344994 18.815914 469.310638 0.752941 0.752941 0.752941
vn 0.218801 -0.806827 0.548777
v 1.171124 4.411417 451.372406 0.752941 0.752941 0.752941
vn 0.213460 -0.872556 0.439411
v 4.696983 5.617433 451.772400 0.752941 0.752941 0.752941
vn 0.207404 0.887039 -0.412486
v 17.968264 13.360019 451.324310 0.752941 0.752941 0.752941
vn 0.043394 0.913498 -0.404522
v 18.317978 13.236455 451.129761 0.752941 0.752941 0.752941
vn -0.219032 0.841008 -0.494702
v 5.882042 11.874529 451.035309 0.752941 0.752941 0.752941
vn 0.014036 -0.848997 0.528211
v 15.263878 7.225262 451.746063 0.752941 0.752941 0.752941
vn 0.422714 -0.727071 -0.541000
v 21.313473 10.975711 452.284668 0.752941 0.752941 0.752941
vn 0.364421 0.854464 -0.370254
v 31.756027 20.463173 469.511017 0.752941 0.752941 0.752941
vn 0.050507 0.803840 -0.592698
v 21.743771 13.367360 451.321991 0.752941 0.752941 0.752941
vn 0.772763 0.361596 0.521619
v 37.431419 18.442347 469.278107 0.752941 0.752941 0.752941
vn 0.124111 -0.871085 0.475192
v 8.755525 6.162766 451.429504 0.752941 0.752941 0.752941
vn 0.123984 -0.844082 0.521683
v 9.367930 6.129458 451.314453 0.752941 0.752941 0.752941
vn 0.151320 -0.826451 0.542292
v 13.288746 6.759800 451.259491 0.752941 0.752941 0.752941
vn -0.391358 -0.768617 0.506031
v 26.918903 17.289734 469.391174 0.752941 0.752941 0.752941
vn 0.051144 -0.835106 0.547707
v 14.302414 6.989077 451.461639 0.752941 0.752941 0.752941
vn -0.393556 -0.863219 0.316176
v 32.850891 14.589363 469.497131 0.752941 0.752941 0.752941
vn -0.987600 0.128231 0.090566
v -0.101630 9.174460 451.226715 0.752941 0.752941 0.752941
vn -0.345293 -0.796151 0.496907
v 29.916811 15.864976 469.366791 0.752941 0.752941 0.752941
vn -0.379219 -0.687149 0.619693
v 25.233772 17.944059 469.282288 0.752941 0.752941 0.752941
vn -0.148409 0.835014 -0.529835
v 9.772348 12.763026 451.167114 0.752941 0.752941 0.752941
vn 0.551248 -0.148951 -0.820938
v 22.260330 12.556025 451.138153 0.752941 0.752941 0.752941
vn 0.172344 -0.871130 0.459814
v 5.907506 5.474866 451.178711 0.752941 0.752941 0.752941
vn 0.126298 -0.910664 0.393370
v 7.327843 6.193647 451.861237 0.752941 0.752941 0.752941
vn 0.148264 -0.881212 0.448870
v 10.827110 6.671134 451.585632 0.752941 0.752941 0.752941
vn 0.852612 -0.395271 -0.341779
v 19.067570 9.550188 451.419006 0.752941 0.752941 0.752941
vn 0.051128 0.829182 -0.556635
v 20.457317 13.365215 451.359589 0.752941 0.752941 0.752941
vn -0.034268 0.858895 -0.511004
v 16.142336 13.232351 451.182098 0.752941 0.752941 0.752941
vn -0.032533 0.866224 -0.498595
v 12.819221 13.177612 451.270630 0.752941 0.752941 0.752941
vn 0.189107 -0.809567 0.555734
v 1.833973 4.814649 451.530396 0.752941 0.752941 0.752941
vn 0.165858 -0.875239 0.454365
v 5.987631 5.785892 451.784088 0.752941 0.752941 0.752941
vn 0.500952 0.862357 -0.073399
v 36.940449 18.914124 469.364838 0.752941 0.752941 0.752941
vn -0.211625 0.850944 -0.480738
v 6.241879 12.557436 452.131805 0.752941 0.752941 0.752941
vn -0.194492 0.848170 -0.492728
v 7.209378 12.520819 451.656311 0.752941 0.752941 0.752941
vn -0.311315 -0.887727 0.339152
v 34.536228 13.845463 469.417664 0.752941 0.752941 0.752941
vn -0.329189 -0.856927 0.396624
v -0.060945 4.335822 451.520752 0.752941 0.752941 0.752941
vn 0.253791 -0.842574 0.475035
v 4.082466 5.256109 451.466888 0.752941 0.752941 0.752941
vn -0.981189 -0.179301 0.071553
v -0.882509 6.508151 452.021637 0.752941 0.752941 0.752941
vn -0.957138 0.281319 -0.068898
v -0.855985 7.461079 451.634094 0.752941 0.752941 0.752941
vn 0.146771 -0.741646 0.654538
v 16.736666 7.369667 451.825012 0.752941 0.752941 0.752941
vn 0.496000 -0.603037 -0.624764
v 22.994709 11.971581 452.133728 0.752941 0.752941 0.752941
vn 0.526669 -0.667367 -0.526536
v 20.388325 10.596885 451.949860 0.752941 0.752941 0.752941
vn -0.594377 -0.042189 0.803079
v 24.689699 19.607359 469.726532 0.752941 0.752941 0.752941
vn 0.080790 0.853987 -0.513984
v 18.040455 13.679648 451.918213 0.752941 0.752941 0.752941
vn 0.125803 -0.826358 0.548914
v 9.168034 6.453150 451.712067 0.752941 0.752941 0.752941
vn 0.064063 -0.829221 0.555238
v 12.957871 6.840104 451.520172 0.752941 0.752941 0.752941
vn 0.321373 -0.776627 0.541821
v 36.957348 13.140675 469.297028 0.752941 0.752941 0.752941
vn -0.013547 -0.851507 0.524168
v 36.641075 13.210876 469.545807 0.752941 0.752941 0.752941
vn -0.944036 0.160361 -0.288237
v -0.163474 9.242638 452.063293 0.752941 0.752941 0.752941
vn -0.605067 0.512140 0.609595
v 25.121828 20.866804 469.548096 0.752941 0.752941 0.752941
vn -0.356225 -0.815632 0.455903
v 28.610798 16.410213 469.300018 0.752941 0.752941 0.752941
vn -0.087209 0.808307 -0.582267
v 0.669423 10.652542 451.575256 0.752941 0.752941 0.752941
vn 0.143782 -0.852011 0.503393
v 14.045297 7.179369 451.811493 0.752941 0.752941 0.752941
vn -0.003426 0.876263 -0.481821
v 14.999743 13.126645 450.980438 0.752941 0.752941 0.752941
vn 0.076320 -0.847369 0.525490
v 0.277254 4.401988 451.708008 0.752941 0.752941 0.752941
vn -0.232951 0.837707 -0.493944
v 2.541073 11.029286 451.479889 0.752941 0.752941 0.752941
vn 0.070653 -0.866514 0.494127
v 11.857035 6.695475 451.403442 0.752941 0.752941 0.752941
vn -0.621813 0.100097 0.776743
v 24.207394 19.733418 469.273834 0.752941 0.752941 0.752941
vn 0.806028 -0.567822 -0.167022
v 18.455544 7.535769 451.235992 0.752941 0.752941 0.752941
vn 0.266960 -0.808681 0.524182
v 2.668332 5.044723 451.623749 0.752941 0.752941 0.752941
vn 0.164641 -0.901646 0.399909
v 8.303562 6.208040 451.688538 0.752941 0.752941 0.752941
vn -0.988534 -0.021817 -0.149416
v -0.177312 9.802886 451.624695 0.752941 0.752941 0.752941
vn -0.277732 0.780416 -0.560194
v 0.239285 10.797525 451.759430 0.752941 0.752941 0.752941
vn -0.209836 0.820519 -0.531712
v 1.185693 10.706890 451.451599 0.752941 0.752941 0.752941
vn -0.270522 0.832128 -0.484130
v 3.579424 11.827543 452.159027 0.752941 0.752941 0.752941
vn 0.293763 0.918799 -0.263650
v 36.333790 19.292631 469.810638 0.752941 0.752941 0.752941
vn -0.056047 0.868560 -0.492405
v 17.203476 13.676255 451.752472 0.752941 0.752941 0.752941
vn -0.330737 -0.862604 0.382790
v 31.750204 14.811176 468.954620 0.752941 0.752941 0.752941
vn -0.019724 0.878790 -0.476800
v 15.417036 13.748792 452.106781 0.752941 0.752941 0.752941
vn 0.171290 -0.849543 0.498936
v 9.856537 6.496013 451.700256 0.752941 0.752941 0.752941
vn 0.664561 -0.603220 -0.441004
v 19.558249 9.731437 452.165192 0.752941 0.752941 0.752941
vn 0.235287 -0.786250 0.571359
v 0.906679 4.498496 451.557312 0.752941 0.752941 0.752941
vn -0.059945 0.887171 -0.457530
v 11.900245 13.612789 452.020477 0.752941 0.752941 0.752941
vn 0.177558 0.822834 -0.539831
v 22.163866 13.423492 451.576416 0.752941 0.752941 0.752941
vn 0.567566 -0.335680 -0.751789
v 22.987602 12.484180 451.743927 0.752941 0.752941 0.752941
vn 0.218798 -0.850654 0.478032
v 2.301821 5.100113 452.103760 0.752941 0.752941 0.752941
vn -0.616904 0.226506 0.753740
v 24.892172 20.305214 469.743927 0.752941 0.752941 0.752941
vn -0.999992 0.004067 -0.000569
v -0.944057 7.013081 451.504608 0.752941 0.752941 0.752941
vn 0.200883 -0.875255 0.439970
v 4.553276 5.732326 452.161438 0.752941 0.752941 0.752941
vn 0.251677 -0.815981 0.520417
v 0.973456 4.743906 451.853699 0.752941 0.752941 0.752941
vn -0.916450 0.307407 -0.256164
v -0.825024 8.209468 452.424255 0.752941 0.752941 0.752941
vn 0.890301 -0.403035 -0.211960
v 18.778841 8.081952 451.595581 0.752941 0.752941 0.752941
vn 0.042408 -0.848530 0.527445
v 12.869979 7.205405 452.043121 0.752941 0.752941 0.752941
vn 0.513836 -0.428176 0.743396
v 37.208897 13.581732 469.549072 0.752941 0.752941 0.752941
vn -0.021945 0.874645 -0.484267
v 19.296148 13.977844 452.214355 0.752941 0.752941 0.752941
vn 0.050500 0.879167 -0.473831
v 22.236343 13.808702 452.308685 0.752941 0.752941 0.752941
vn 0.213913 0.707016 -0.674070
v 22.564896 13.467461 451.681915 0.752941 0.752941 0.752941
vn 0.062168 0.863084 -0.501219
v 20.990282 13.678276 451.851166 0.752941 0.752941 0.752941
vn 0.136770 -0.876359 0.461832
v 12.135889 7.129435 452.116028 0.752941 0.752941 0.752941
vn 0.627065 -0.753461 0.197703
v 18.656034 7.864685 451.916626 0.752941 0.752941 0.752941
vn 0.181205 -0.885332 0.428197
v 8.050021 6.323363 452.098663 0.752941 0.752941 0.752941
vn 0.129080 -0.866455 0.482280
v 10.994424 7.055230 452.384796 0.752941 0.752941 0.752941
vn -0.118066 0.811302 -0.572581
v 1.092353 11.054802 451.986755 0.752941 0.752941 0.752941
vn 0.788416 -0.027238 0.614539
v 37.770863 14.720277 469.303497 0.752941 0.752941 0.752941
vn -0.128300 0.870144 -0.475802
v 10.803794 13.334432 451.813049 0.752941 0.752941 0.752941
vn 0.481932 -0.687310 0.543458
v 37.458443 13.342102 469.173676 0.752941 0.752941 0.752941
vn -0.107066 0.841379 -0.529734
v 16.768578 13.980978 452.479645 0.752941 0.752941 0.752941
vn 0.337702 0.844054 -0.416570
v 30.226809 21.477242 469.992401 0.752941 0.752941 0.752941
vn -0.993842 0.090121 -0.064465
v -0.917304 7.582203 452.191437 0.752941 0.752941 0.752941
vn 0.163869 -0.855115 0.491859
v 1.650902 5.178778 452.298187 0.752941 0.752941 0.752941
vn 0.261513 0.904854 -0.335933
v 34.840900 19.399817 469.035675 0.752941 0.752941 0.752941
vn -0.933651 0.160256 -0.320333
v -0.379595 10.080963 452.440643 0.752941 0.752941 0.752941
vn 0.138379 -0.868673 0.475667
v 10.196250 6.753225 452.033813 0.752941 0.752941 0.752941
vn -0.395670 -0.770383 0.499956
v -0.158337 4.810023 452.177063 0.752941 0.752941 0.752941
vn -0.247116 0.840263 -0.482589
v 5.211483 12.010944 451.611664 0.752941 0.752941 0.752941
vn -0.087841 0.841066 -0.533753
v 19.085777 13.611325 451.740265 0.752941 0.752941 0.752941
vn 0.069641 -0.860494 0.504678
v 13.304171 7.062939 451.907257 0.752941 0.752941 0.752941
vn 0.269334 -0.851886 0.449166
v 8.430685 6.443988 452.018982 0.752941 0.752941 0.752941
vn 0.063598 -0.816718 0.573522
v 16.109516 7.276834 451.930084 0.752941 0.752941 0.752941
vn 0.370626 0.485838 -0.791579
v 23.121941 13.270389 451.840240 0.752941 0.752941 0.752941
vn -0.556401 0.605738 0.568770
v 25.187326 21.058182 469.452301 0.752941 0.752941 0.752941
vn 0.185255 -0.831671 0.523454
v 3.366895 5.232198 451.599182 0.752941 0.752941 0.752941
vn 0.236617 -0.882801 0.405801
v 6.666764 6.229442 452.196533 0.752941 0.752941 0.752941
vn -0.595111 0.475527 0.647855
v 24.699860 20.591139 469.400116 0.752941 0.752941 0.752941
vn -0.182535 0.836037 -0.517420
v 8.712552 13.003953 451.856506 0.752941 0.752941 0.752941
vn 0.103522 -0.796771 0.595348
v 16.104885 7.618019 452.345123 0.752941 0.752941 0.752941
vn 0.165145 -0.872525 0.459812
v 6.082780 5.935496 452.030823 0.752941 0.752941 0.752941
vn -0.034337 0.881110 -0.471662
v 13.726835 13.786761 452.281799 0.752941 0.752941 0.752941
vn 0.521365 -0.069269 -0.850518
v 23.494658 12.903902 451.885712 0.752941 0.752941 0.752941
vn 0.038599 -0.833460 0.551230
v 15.404638 7.559197 452.337921 0.752941 0.752941 0.752941
vn 0.872055 -0.484480 -0.069278
v 19.062269 8.349277 452.249023 0.752941 0.752941 0.752941
vn -0.837127 0.476562 -0.268527
v -0.094596 10.505293 451.779236 0.752941 0.752941 0.752941
vn 0.189415 -0.864934 0.464770
v 6.178602 6.447910 452.974670 0.752941 0.752941 0.752941
vn 0.518398 0.287376 -0.805406
v 23.895449 13.342965 452.182251 0.752941 0.752941 0.752941
vn 0.658102 -0.167207 -0.734128
v 24.059240 13.015546 452.279083 0.752941 0.752941 0.752941
vn 0.078613 0.967352 -0.240935
v 27.652472 21.918821 469.461426 0.752941 0.752941 0.752941
vn 0.867480 -0.456378 -0.197982
v 19.282396 8.772813 452.756805 0.752941 0.752941 0.752941
vn 0.144821 -0.856676 0.495109
v 13.911464 7.518022 452.416016 0.752941 0.752941 0.752941
vn 0.808802 0.108577 0.577970
v 37.532150 17.186356 469.414001 0.752941 0.752941 0.752941
vn 0.107543 -0.873244 0.475268
v 5.571270 6.058870 452.261749 0.752941 0.752941 0.752941
vn -0.188883 0.839627 -0.509264
v 2.057861 11.554751 452.504333 0.752941 0.752941 0.752941
vn 0.186622 -0.860694 0.473685
v 0.590483 5.033224 452.567139 0.752941 0.752941 0.752941
vn -0.320813 -0.754445 0.572618
v 25.757875 17.666134 469.223358 0.752941 0.752941 0.752941
vn 0.098173 -0.825790 0.555368
v 13.645258 7.395846 452.359436 0.752941 0.752941 0.752941
vn 0.226418 0.677358 -0.699944
v 23.520586 13.661718 452.197601 0.752941 0.752941 0.752941
vn 0.372346 0.852304 -0.367338
v 32.420174 20.169344 469.056946 0.752941 0.752941 0.752941
vn -0.037095 0.860599 -0.507930
v 13.056117 14.020598 452.847961 0.752941 0.752941 0.752941
vn 0.068828 -0.844637 0.530897
v 0.287496 4.749396 452.190094 0.752941 0.752941 0.752941
vn -0.440279 -0.569394 0.694223
v 24.666946 18.062840 469.047913 0.752941 0.752941 0.752941
vn 0.068236 -0.882000 0.466283
v 14.477718 7.544770 452.303833 0.752941 0.752941 0.752941
vn 0.111397 -0.802961 0.585529
v 16.683329 7.626426 452.171906 0.752941 0.752941 0.752941
vn 0.227510 -0.839770 0.492976
v 18.023441 7.666855 452.170898 0.752941 0.752941 0.752941
vn 0.485181 -0.598846 -0.637168
v 22.069759 11.908298 451.387787 0.752941 0.752941 0.752941
vn -0.543418 0.721590 -0.428957
v 0.212397 11.174116 452.306122 0.752941 0.752941 0.752941
vn 0.269638 -0.826240 0.494593
v 2.520663 5.431491 452.413483 0.752941 0.752941 0.752941
vn -0.388073 0.776241 -0.496838
v 0.364670 11.485480 452.656708 0.752941 0.752941 0.752941
vn 0.112867 -0.822219 0.557868
v 16.838373 8.009645 452.693237 0.752941 0.752941 0.752941
vn 0.259080 -0.835572 0.484454
v 18.407127 7.926300 452.406982 0.752941 0.752941 0.752941
vn 0.087165 -0.812756 0.576047
v 17.623545 7.421522 451.832550 0.752941 0.752941 0.752941
vn 0.763003 -0.563672 -0.316385
v 19.512741 9.098273 452.940857 0.752941 0.752941 0.752941
vn 0.438044 0.508723 -0.741160
v 24.159012 13.733219 452.603302 0.752941 0.752941 0.752941
vn -0.014150 0.894518 -0.446807
v 20.119650 13.903499 452.245636 0.752941 0.752941 0.752941
vn 0.012057 0.862984 -0.505087
v 20.483381 13.857674 452.036499 0.752941 0.752941 0.752941
vn -0.236577 -0.827735 0.508809
v 0.015982 5.121534 452.817413 0.752941 0.752941 0.752941
vn -0.247878 0.842421 -0.478418
v 5.033510 12.864758 453.235260 0.752941 0.752941 0.752941
vn 0.215299 -0.868944 0.445626
v 8.421629 6.732931 452.691650 0.752941 0.752941 0.752941
vn 0.343332 -0.847438 0.404934
v 37.137691 13.114691 468.894470 0.752941 0.752941 0.752941
vn 0.056229 -0.804806 0.590869
v 17.695717 7.988300 452.607025 0.752941 0.752941 0.752941
vn 0.209059 -0.876158 0.434328
v 8.903311 6.801547 452.508057 0.752941 0.752941 0.752941
vn -0.920402 0.133609 -0.367435
v -0.739519 8.981553 452.944916 0.752941 0.752941 0.752941
vn -0.285110 -0.903634 0.319620
v 35.974442 13.308413 469.327850 0.752941 0.752941 0.752941
vn -0.106734 0.793464 -0.599186
v 16.900568 14.282858 452.802063 0.752941 0.752941 0.752941
vn -0.747519 -0.587550 0.309839
v -0.446666 5.624859 452.953491 0.752941 0.752941 0.752941
vn 0.081402 -0.862713 0.499099
v 13.189657 7.485972 452.490417 0.752941 0.752941 0.752941
vn -0.040184 0.836045 -0.547187
v 17.351534 13.996340 452.298187 0.752941 0.752941 0.752941
vn 0.144543 0.784238 -0.603389
v 23.068899 13.688153 452.147552 0.752941 0.752941 0.752941
vn 0.448022 -0.659763 -0.603315
v 21.141548 10.069097 453.158386 0.752941 0.752941 0.752941
vn -0.272736 0.843315 -0.463070
v 3.884518 12.349479 452.941223 0.752941 0.752941 0.752941
vn 0.020714 0.854506 -0.519028
v 18.411066 14.089440 452.471741 0.752941 0.752941 0.752941
vn -0.173700 0.880930 -0.440216
v 10.890796 13.472559 452.140808 0.752941 0.752941 0.752941
vn -0.896623 -0.026082 -0.442026
v -0.419487 9.653791 452.595215 0.752941 0.752941 0.752941
vn -0.050530 0.838353 -0.542781
v 0.894100 11.714302 453.056458 0.752941 0.752941 0.752941
vn 0.078376 -0.857863 0.507867
v 13.253059 7.753626 452.930817 0.752941 0.752941 0.752941
vn 0.516532 -0.797132 0.312690
v 18.882185 8.302340 452.754059 0.752941 0.752941 0.752941
vn 0.160516 -0.850003 0.501727
v 10.768694 7.510007 453.191101 0.752941 0.752941 0.752941
vn -0.901022 0.136809 -0.411635
v -0.805879 9.597526 453.151031 0.752941 0.752941 0.752941
vn 0.156522 0.960014 -0.232109
v 33.596729 19.669666 469.150177 0.752941 0.752941 0.752941
vn 0.768919 0.122428 0.627515
v 37.468296 17.833750 469.283478 0.752941 0.752941 0.752941
vn -0.818744 0.486663 -0.304660
v 0.090758 11.094155 452.715454 0.752941 0.752941 0.752941
vn 0.121190 -0.870077 0.477786
v 4.202905 5.934936 452.575867 0.752941 0.752941 0.752941
vn 0.203823 -0.922461 0.327906
v 5.526452 6.252094 452.638489 0.752941 0.752941 0.752941
vn -0.560860 0.610758 0.558937
v 24.694691 20.920904 469.100464 0.752941 0.752941 0.752941
vn 0.134672 -0.910249 0.391550
v 4.921329 6.144739 452.867767 0.752941 0.752941 0.752941
vn 0.132879 -0.875893 0.463848
v 0.645579 5.511668 453.388733 0.752941 0.752941 0.752941
vn 0.474790 -0.718776 -0.507873
v 20.394381 9.833576 452.720917 0.752941 0.752941 0.752941
vn 0.131822 0.670009 -0.730555
v 24.674532 14.100362 453.086823 0.752941 0.752941 0.752941
vn -0.593080 0.346977 0.726542
v 24.176296 20.304899 469.081909 0.752941 0.752941 0.752941
vn -0.161738 0.862571 -0.479387
v 8.457342 13.701030 453.193512 0.752941 0.752941 0.752941
vn 0.028795 0.890742 -0.453596
v 19.117844 14.274964 452.920837 0.752941 0.752941 0.752941
vn -0.260363 0.846414 -0.464537
v 3.100300 12.011167 452.829163 0.752941 0.752941 0.752941
vn 0.725598 -0.311759 0.613444
v 37.728733 13.725389 469.175049 0.752941 0.752941 0.752941
vn -0.060592 0.850362 -0.522698
v 14.395772 14.262835 453.097076 0.752941 0.752941 0.752941
vn 0.014090 -0.839989 0.542420
v 0.288852 5.269836 453.134766 0.752941 0.752941 0.752941
vn 0.055177 -0.811495 0.581748
v 17.413450 8.252065 453.001953 0.752941 0.752941 0.752941
vn 0.521691 -0.541738 -0.659059
v 23.734831 12.121206 452.588043 0.752941 0.752941 0.752941
vn -0.055471 0.806585 -0.588510
v 15.894639 14.079592 452.711761 0.752941 0.752941 0.752941
vn 0.605473 -0.358115 -0.710743
v 24.490631 12.793983 452.898041 0.752941 0.752941 0.752941
vn 0.506753 0.052351 -0.860500
v 24.658617 13.375082 452.773468 0.752941 0.752941 0.752941
vn 0.569229 -0.459973 -0.681471
v 24.147549 12.053818 453.005463 0.752941 0.752941 0.752941
vn 0.132110 -0.845569 0.517262
v 12.421679 7.508185 452.826263 0.752941 0.752941 0.752941
vn -0.403447 -0.790196 0.461325
v 29.352463 15.925823 469.203278 0.752941 0.752941 0.752941
vn 0.624139 -0.781206 -0.012937
v 19.390602 8.809809 453.268951 0.752941 0.752941 0.752941
vn -0.611863 0.041887 0.789853
v 23.577169 19.365189 468.913422 0.752941 0.752941 0.752941
vn 0.151622 -0.877777 0.454444
v 7.007682 6.443280 452.590790 0.752941 0.752941 0.752941
vn 0.116586 -0.870448 0.478255
v 7.904593 6.827748 452.931824 0.752941 0.752941 0.752941
vn -0.050533 0.824512 -0.563583
v 14.945825 14.133884 452.851288 0.752941 0.752941 0.752941
vn -0.128333 0.878503 -0.460177
v 9.579650 13.275846 452.017944 0.752941 0.752941 0.752941
vn 0.175255 -0.865354 0.469519
v 1.649254 5.450900 452.792786 0.752941 0.752941 0.752941
vn -0.019303 0.918540 -0.394857
v 17.251169 14.405633 452.947845 0.752941 0.752941 0.752941
vn -0.015384 0.886339 -0.462781
v 11.921850 13.937249 452.751617 0.752941 0.752941 0.752941
vn 0.127422 -0.825816 0.549355
v 14.643451 7.795448 452.855896 0.752941 0.752941 0.752941
vn -0.444639 -0.834369 0.325766
v 33.596939 13.959086 468.714539 0.752941 0.752941 0.752941
vn 0.354928 0.330718 -0.874444
v 24.979155 13.890738 452.960602 0.752941 0.752941 0.752941
vn -0.104735 -0.761031 0.640205
v 16.053156 8.270115 453.212402 0.752941 0.752941 0.752941
vn 0.129148 -0.817330 0.561510
v 18.430370 8.290572 452.941620 0.752941 0.752941 0.752941
vn 0.343048 0.924117 -0.168305
v 33.018059 19.691603 468.922668 0.752941 0.752941 0.752941
vn 0.242226 -0.855122 0.458359
v 5.531647 6.397491 453.281555 0.752941 0.752941 0.752941
vn -0.045013 0.914293 -0.402544
v 11.659307 14.259750 453.402161 0.752941 0.752941 0.752941
vn -0.468552 0.780471 0.413914
v 25.080048 21.300686 468.994019 0.752941 0.752941 0.752941
vn 0.072618 -0.775237 0.627482
v 15.525031 8.113982 453.006775 0.752941 0.752941 0.752941
vn -0.987756 -0.122822 0.096187
v -0.910080 7.670945 453.515442 0.752941 0.752941 0.752941
vn -0.996127 0.039814 -0.078398
v -0.934832 8.789179 453.772614 0.752941 0.752941 0.752941
vn 0.045311 -0.879918 0.472959
v 13.683866 7.824150 453.132904 0.752941 0.752941 0.752941
vn 0.049418 0.869061 -0.492230
v 22.720936 14.295343 453.200592 0.752941 0.752941 0.752941
vn 0.103775 -0.920930 0.375657
v 4.362701 6.270976 453.167755 0.752941 0.752941 0.752941
vn 0.134269 -0.776945 0.615084
v 13.927130 7.973590 453.306580 0.752941 0.752941 0.752941
vn 0.374737 0.805917 -0.458333
v 30.876333 20.615067 468.938965 0.752941 0.752941 0.752941
vn 0.113011 -0.832460 0.542437
v 16.401928 8.109941 453.052887 0.752941 0.752941 0.752941
vn -0.261002 0.826883 -0.498139
v 10.737894 14.043301 453.218903 0.752941 0.752941 0.752941
vn -0.127015 0.872973 -0.470941
v 11.196693 14.064658 452.939178 0.752941 0.752941 0.752941
vn 0.532901 -0.203913 -0.821240
v 25.287186 13.375556 453.240662 0.752941 0.752941 0.752941
vn 0.118149 0.857750 -0.500306
v 21.486868 13.958656 452.485779 0.752941 0.752941 0.752941
vn -0.254884 -0.829520 0.496922
v 0.048403 5.500281 453.375916 0.752941 0.752941 0.752941
vn 0.156046 -0.871252 0.465371
v 8.572225 7.193463 453.490326 0.752941 0.752941 0.752941
vn 0.138705 -0.801121 0.582208
v 14.850915 8.164591 453.210846 0.752941 0.752941 0.752941
vn 0.057810 -0.859003 0.508697
v 17.893270 8.646270 453.486603 0.752941 0.752941 0.752941
vn 0.404663 -0.561466 -0.721806
v 23.743467 11.614240 453.057068 0.752941 0.752941 0.752941
vn 0.168127 -0.876488 0.451112
v 2.165870 5.677288 453.118073 0.752941 0.752941 0.752941
vn -0.057551 0.838854 -0.541306
v 15.546199 14.422269 453.127014 0.752941 0.752941 0.752941
vn 0.059611 -0.861479 0.504282
v 12.987384 7.970659 453.331543 0.752941 0.752941 0.752941
vn 0.378075 -0.680295 -0.627900
v 22.905127 11.305674 452.856537 0.752941 0.752941 0.752941
vn 0.196252 0.767481 -0.610293
v 25.200562 14.231659 453.348236 0.752941 0.752941 0.752941
vn 0.009494 0.867823 -0.496782
v 16.534710 14.542994 453.211823 0.752941 0.752941 0.752941
vn 0.281293 0.852481 -0.440625
v 31.446470 20.263918 468.746979 0.752941 0.752941 0.752941
vn 0.199594 -0.885725 0.419109
v 18.861830 8.571948 453.244019 0.752941 0.752941 0.752941
vn 0.004316 0.890759 -0.454456
v 18.121311 14.574307 453.269623 0.752941 0.752941 0.752941
vn -0.623950 0.279947 0.729600
v 23.541767 20.205685 468.682648 0.752941 0.752941 0.752941
vn 0.134318 -0.916461 0.376906
v 5.138712 6.291305 453.225189 0.752941 0.752941 0.752941
vn 0.374185 -0.674646 -0.636269
v 21.893078 10.523913 453.233948 0.752941 0.752941 0.752941
vn 0.141167 -0.903248 0.405235
v 1.816010 5.852834 453.498352 0.752941 0.752941 0.752941
vn -0.034128 0.902579 -0.429170
v 14.245108 14.561226 453.670776 0.752941 0.752941 0.752941
vn -0.235605 0.771363 -0.591176
v 0.382782 11.939359 453.418213 0.752941 0.752941 0.752941
vn -0.295616 -0.898564 0.324336
v 34.155220 13.625131 468.795227 0.752941 0.752941 0.752941
vn -0.052635 0.887441 -0.457906
v 20.469643 14.466393 453.256042 0.752941 0.752941 0.752941
vn -0.680292 0.551867 -0.482333
v 0.051755 11.690415 453.340454 0.752941 0.752941 0.752941
vn -0.004523 -0.806602 0.591077
v 16.543934 8.447895 453.554077 0.752941 0.752941 0.752941
vn -0.840244 0.420087 -0.342808
v -0.279648 10.629051 452.937653 0.752941 0.752941 0.752941
vn 0.755003 -0.336412 0.562847
v 38.034180 13.417071 468.486847 0.752941 0.752941 0.752941
vn -0.356841 -0.806229 0.471868
v 28.113934 16.378973 468.943542 0.752941 0.752941 0.752941
vn -0.069472 0.885684 -0.459061
v 20.663458 14.661344 453.645050 0.752941 0.752941 0.752941
vn -0.392257 -0.790501 0.470364
v 28.979437 15.834350 468.512238 0.752941 0.752941 0.752941
vn 0.515254 -0.371288 -0.772437
v 25.278860 12.591597 453.560669 0.752941 0.752941 0.752941
vn 0.521234 0.289822 -0.802695
v 26.156450 14.048249 453.698700 0.752941 0.752941 0.752941
vn 0.180374 -0.854223 0.487615
v 6.956450 6.831819 453.184235 0.752941 0.752941 0.752941
vn 0.161124 -0.865400 0.474469
v 17.003693 8.590552 453.514862 0.752941 0.752941 0.752941
vn -0.003998 0.902002 -0.431713
v 16.323092 14.809549 453.717255 0.752941 0.752941 0.752941
vn -0.080312 0.874337 -0.478627
v 12.695119 14.471134 453.488861 0.752941 0.752941 0.752941
vn 0.087321 0.862314 -0.498789
v 18.579926 14.555486 453.384644 0.752941 0.752941 0.752941
vn 0.230325 -0.876060 0.423638
v 2.993816 5.889376 452.977539 0.752941 0.752941 0.752941
vn 0.450445 -0.798969 -0.398432
v 19.944399 9.304671 453.318756 0.752941 0.752941 0.752941
vn 0.107939 -0.843528 0.526127
v 12.069409 7.729602 453.120880 0.752941 0.752941 0.752941
vn 0.180098 -0.727476 0.662075
v 13.695420 8.192336 453.574280 0.752941 0.752941 0.752941
vn -0.204042 -0.872393 0.444182
v 36.597046 12.908693 468.868103 0.752941 0.752941 0.752941
vn -0.094332 0.876935 -0.471260
v 14.897668 14.546214 453.360382 0.752941 0.752941 0.752941
vn 0.018463 0.868342 -0.495621
v 13.903480 14.447996 453.376648 0.752941 0.752941 0.752941
vn 0.127543 -0.875550 0.465988
v 12.529302 8.106906 453.763885 0.752941 0.752941 0.752941
vn 0.013869 -0.870598 0.491800
v 16.694681 8.690688 453.907166 0.752941 0.752941 0.752941
vn 0.262640 -0.830807 0.490693
v 6.005409 6.749165 453.446991 0.752941 0.752941 0.752941
vn 0.196464 0.926189 -0.321832
v 34.335533 19.576370 469.033630 0.752941 0.752941 0.752941
vn -0.948862 -0.290389 0.123837
v -0.665939 6.160686 452.884735 0.752941 0.752941 0.752941
vn -0.028735 0.872506 -0.487757
v 18.311081 14.904222 453.833130 0.752941 0.752941 0.752941
vn -0.523105 -0.317552 0.790900
v 23.507196 18.551226 468.655823 0.752941 0.752941 0.752941
vn 0.157200 -0.807707 0.568241
v 13.241528 8.128444 453.665497 0.752941 0.752941 0.752941
vn 0.063783 0.869971 -0.488961
v 21.299791 14.677091 453.507813 0.752941 0.752941 0.752941
vn -0.105422 0.915782 -0.387595
v 17.664238 14.549480 453.445618 0.752941 0.752941 0.752941
vn 0.461651 0.283727 -0.840463
v 25.480652 14.004992 453.302795 0.752941 0.752941 0.752941
vn -0.321376 -0.737564 0.593900
v 24.547028 17.640087 468.504486 0.752941 0.752941 0.752941
vn 0.267335 0.911693 -0.312007
v 32.628906 19.854330 468.644165 0.752941 0.752941 0.752941
vn -0.216372 0.849165 -0.481769
v 6.100110 13.293035 453.438446 0.752941 0.752941 0.752941
vn 0.134610 -0.804231 0.578873
v 14.235426 8.496129 453.830627 0.752941 0.752941 0.752941
vn -0.006582 0.904725 -0.425945
v 11.225909 14.402639 453.829681 0.752941 0.752941 0.752941
vn 0.798855 0.022865 0.601089
v 37.899311 15.208869 469.080200 0.752941 0.752941 0.752941
vn -0.340832 -0.834834 0.432302
v 30.043060 15.207768 468.531799 0.752941 0.752941 0.752941
vn -0.113240 0.877259 -0.466469
v 9.405597 13.891542 453.382538 0.752941 0.752941 0.752941
vn 0.310774 -0.945827 0.093968
v 19.940395 9.199963 453.829163 0.752941 0.752941 0.752941
vn 0.159008 -0.865145 0.475647
v 4.196984 6.411577 453.685364 0.752941 0.752941 0.752941
vn -0.555156 0.483565 -0.676732
v -0.123613 12.030206 453.926453 0.752941 0.752941 0.752941
vn 0.500188 -0.375425 -0.780300
v 24.623741 11.545804 453.628784 0.752941 0.752941 0.752941
vn -0.227960 -0.913068 0.338143
v 34.767117 13.522276 468.688873 0.752941 0.752941 0.752941
vn 0.565937 -0.153037 -0.810121
v 26.021128 13.448840 453.589783 0.752941 0.752941 0.752941
vn 0.603718 0.796072 0.042365
v 37.523544 18.537716 468.790894 0.752941 0.752941 0.752941
vn 0.271436 -0.648193 -0.711455
v 22.703266 10.585354 453.529327 0.752941 0.752941 0.752941
vn -0.048601 -0.797851 0.600893
v 16.163624 8.479642 453.441742 0.752941 0.752941 0.752941
vn 0.353789 0.639268 -0.682766
v 25.908352 14.398787 453.819611 0.752941 0.752941 0.752941
vn 0.248787 0.881378 -0.401594
v 28.178322 21.521797 468.635284 0.752941 0.752941 0.752941
vn 0.176529 -0.831153 0.527278
v 5.200602 6.626634 453.688477 0.752941 0.752941 0.752941
vn 0.331703 -0.770930 -0.543728
v 21.125263 9.537292 453.590668 0.752941 0.752941 0.752941
vn 0.816820 -0.076825 0.571755
v 38.528198 14.622369 468.233398 0.752941 0.752941 0.752941
vn 0.089473 0.918923 -0.384154
v 16.982290 14.576352 453.541382 0.752941 0.752941 0.752941
vn 0.164510 -0.871621 0.461750
v 19.376228 8.974300 453.940674 0.752941 0.752941 0.752941
vn 0.149479 -0.983839 -0.098574
v 20.495415 9.213273 453.935455 0.752941 0.752941 0.752941
vn 0.055927 0.866148 -0.496649
v 23.557545 14.480358 453.572357 0.752941 0.752941 0.752941
vn 0.087348 0.833154 -0.546099
v 24.046932 14.194246 453.163147 0.752941 0.752941 0.752941
vn 0.296048 -0.910176 0.289716
v 19.158577 8.723162 453.504181 0.752941 0.752941 0.752941
vn 0.205078 -0.843455 0.496514
v 10.480964 7.802703 453.803101 0.752941 0.752941 0.752941
vn 0.211229 -0.870799 0.443950
v 9.458904 7.398221 453.436371 0.752941 0.752941 0.752941
vn -0.201966 0.849633 -0.487170
v 7.129051 13.502032 453.407623 0.752941 0.752941 0.752941
vn 0.100946 -0.839634 0.533690
v 14.521260 8.687671 454.101746 0.752941 0.752941 0.752941
vn 0.251886 0.851036 -0.460750
v 32.101635 19.919039 468.594513 0.752941 0.752941 0.752941
vn -0.306125 -0.869382 0.387895
v 36.229614 13.066709 468.891815 0.752941 0.752941 0.752941
vn -0.889136 0.176753 -0.422133
v -0.915981 10.941125 454.216339 0.752941 0.752941 0.752941
vn 0.076195 0.858856 -0.506518
v 18.988136 14.731411 453.739441 0.752941 0.752941 0.752941
vn 0.198965 -0.887511 0.415616
v 1.100625 5.817317 453.749847 0.752941 0.752941 0.752941
vn 0.062514 0.865816 -0.496442
v 24.720795 14.432495 453.572754 0.752941 0.752941 0.752941
vn 0.237578 -0.685907 -0.687814
v 23.435596 10.317275 453.877502 0.752941 0.752941 0.752941
vn 0.283730 -0.572896 -0.768952
v 23.908579 10.887515 453.665405 0.752941 0.752941 0.752941
vn 0.054514 -0.847509 0.527974
v 18.356796 8.777862 453.751099 0.752941 0.752941 0.752941
vn 0.197988 -0.867579 0.456187
v 3.316813 6.326727 453.912231 0.752941 0.752941 0.752941
vn 0.158661 -0.888581 0.430407
v 1.537426 6.021644 454.159485 0.752941 0.752941 0.752941
vn 0.128328 -0.900815 0.414806
v 11.340318 8.085112 453.944763 0.752941 0.752941 0.752941
vn 0.000355 0.981425 -0.191844
v 26.604315 21.773598 468.625610 0.752941 0.752941 0.752941
vn -0.110984 0.881951 -0.458088
v 10.775781 14.426871 453.761505 0.752941 0.752941 0.752941
vn -0.015012 0.891249 -0.453265
v 13.452731 14.689460 453.826050 0.752941 0.752941 0.752941
vn 0.565444 -0.459104 -0.685198
v 25.241488 11.194787 454.124268 0.752941 0.752941 0.752941
vn 0.537534 0.328774 -0.776508
v 26.566523 14.232270 454.070038 0.752941 0.752941 0.752941
vn -0.082640 0.692008 -0.717144
v 0.202087 12.412480 453.929871 0.752941 0.752941 0.752941
vn 0.210837 -0.867688 0.450183
v 2.263352 6.114114 453.949463 0.752941 0.752941 0.752941
vn 0.149575 -0.832245 0.533849
v 13.634109 8.688624 454.295746 0.752941 0.752941 0.752941
vn -0.107699 0.889556 -0.443949
v 12.166170 14.626329 454.006287 0.752941 0.752941 0.752941
vn 0.096207 -0.837382 0.538085
v 17.769156 8.830412 453.891235 0.752941 0.752941 0.752941
vn 0.404004 -0.497506 -0.767638
v 24.512548 11.059309 453.774384 0.752941 0.752941 0.752941
vn -0.616536 0.105982 0.780161
v 23.255907 19.699366 468.563232 0.752941 0.752941 0.752941
vn -0.331019 -0.855044 0.399157
v 35.202843 13.136160 468.233215 0.752941 0.752941 0.752941
vn 0.546889 -0.421117 -0.723584
v 25.615829 12.096107 454.016266 0.752941 0.752941 0.752941
vn 0.545282 -0.262296 -0.796159
v 26.330593 13.243488 453.947174 0.752941 0.752941 0.752941
vn -0.168086 0.885829 -0.432498
v 10.468742 14.713820 454.386475 0.752941 0.752941 0.752941
vn 0.121869 -0.883190 0.452905
v 0.437847 5.768435 454.119507 0.752941 0.752941 0.752941
vn 0.170198 -0.852346 0.494508
v 4.618167 6.741263 454.019928 0.752941 0.752941 0.752941
vn -0.004063 -0.877327 0.479877
v 16.017529 8.890614 454.116486 0.752941 0.752941 0.752941
vn 0.173971 -0.855367 0.487935
v 9.268526 7.782788 454.352173 0.752941 0.752941 0.752941
vn 0.580030 -0.135766 -0.803201
v 26.733606 13.469678 454.129517 0.752941 0.752941 0.752941
vn -0.232782 -0.853815 0.465632
v 31.135298 14.572898 467.922516 0.752941 0.752941 0.752941
vn -0.077087 0.834816 -0.545105
v 1.549452 12.577747 454.266052 0.752941 0.752941 0.752941
vn 0.236174 -0.845708 -0.478540
v 22.977045 9.908230 454.331879 0.752941 0.752941 0.752941
vn -0.733375 0.385293 -0.560098
v -0.144407 11.528271 453.579437 0.752941 0.752941 0.752941
vn -0.027310 -0.821507 0.569544
v 18.801542 9.253572 454.277008 0.752941 0.752941 0.752941
vn 0.044302 0.868075 -0.494452
v 22.940062 14.572536 453.711212 0.752941 0.752941 0.752941
vn 0.109146 -0.911834 0.395785
v 11.926454 8.099183 453.850983 0.752941 0.752941 0.752941
vn 0.179251 -0.820215 0.543246
v 17.223703 8.823803 454.036316 0.752941 0.752941 0.752941
vn 0.075816 0.866099 -0.494089
v 17.068937 14.974520 454.231628 0.752941 0.752941 0.752941
vn 0.754534 -0.023154 0.655853
v 38.340954 17.085194 468.191498 0.752941 0.752941 0.752941
vn 0.080986 -0.790263 0.607392
v 18.156221 9.224624 454.308777 0.752941 0.752941 0.752941
vn 0.202076 -0.977903 0.053577
v 21.277105 9.371202 454.185822 0.752941 0.752941 0.752941
vn 0.220015 0.921447 -0.320202
v 33.898350 19.410212 468.402924 0.752941 0.752941 0.752941
vn 0.318939 -0.884086 -0.341571
v 22.224028 9.658047 454.128326 0.752941 0.752941 0.752941
vn -0.419064 0.813102 0.404042
v 24.717844 21.403967 468.360321 0.752941 0.752941 0.752941
vn 0.201125 -0.894255 0.399821
v 6.397044 7.015481 453.846680 0.752941 0.752941 0.752941
vn -0.296898 -0.871773 0.389695
v -0.092767 5.768273 454.018219 0.752941 0.752941 0.752941
vn -0.220129 0.835368 -0.503690
v 10.131809 14.365469 454.032684 0.752941 0.752941 0.752941
vn -0.129671 0.898686 -0.418985
v 12.996289 14.769063 454.127136 0.752941 0.752941 0.752941
vn 0.297094 -0.764997 0.571415
v 37.157413 12.929431 468.559723 0.752941 0.752941 0.752941
vn 0.237436 0.813832 -0.530378
v 26.181709 14.646120 454.271454 0.752941 0.752941 0.752941
vn -0.982189 -0.136925 0.128671
v -0.630419 7.127810 454.645477 0.752941 0.752941 0.752941
vn 0.105533 -0.836170 0.538221
v 15.097541 8.652154 453.941437 0.752941 0.752941 0.752941
vn 0.143749 -0.862149 0.485834
v 9.009475 7.511894 453.992462 0.752941 0.752941 0.752941
vn 0.124519 -0.870295 0.476531
v 36.733723 12.750278 468.653290 0.752941 0.752941 0.752941
vn 0.082569 0.890238 -0.447949
v 13.784980 14.847699 454.223328 0.752941 0.752941 0.752941
vn -0.575994 0.468771 0.669689
v 23.497391 20.479151 468.488312 0.752941 0.752941 0.752941
vn 0.008295 0.876727 -0.480918
v 21.350075 15.038297 454.143250 0.752941 0.752941 0.752941
vn 0.225511 -0.840254 0.493070
v 1.804702 6.252842 454.412079 0.752941 0.752941 0.752941
vn -0.200007 0.839914 -0.504522
v 3.015576 12.857319 454.292053 0.752941 0.752941 0.752941
vn -0.987551 -0.121001 0.100505
v -0.896576 8.736299 454.419739 0.752941 0.752941 0.752941
vn 0.200835 -0.831908 0.517295
v 3.648381 6.604672 454.177429 0.752941 0.752941 0.752941
vn -0.990766 -0.003837 -0.135530
v -1.027054 9.806030 454.017792 0.752941 0.752941 0.752941
vn -0.449481 -0.366737 0.814537
v 22.992441 18.449203 468.290253 0.752941 0.752941 0.752941
vn 0.195739 -0.784954 0.587820
v 13.382750 8.399182 453.929291 0.752941 0.752941 0.752941
vn 0.065246 -0.864310 0.498710
v 15.335970 8.983078 454.400360 0.752941 0.752941 0.752941
vn 0.164937 -0.766116 0.621178
v 17.265085 9.159348 454.363037 0.752941 0.752941 0.752941
vn 0.422134 -0.719914 0.550932
v 37.597187 13.096778 468.724152 0.752941 0.752941 0.752941
vn 0.061999 0.863766 -0.500065
v 24.195185 14.632106 453.962585 0.752941 0.752941 0.752941
vn 0.147810 -0.879119 0.453102
v 19.774323 9.226019 454.202545 0.752941 0.752941 0.752941
vn 0.207805 -0.803871 0.557323
v 12.839455 8.569007 454.361145 0.752941 0.752941 0.752941
vn 0.794918 0.287441 0.534306
v 38.070873 17.919022 468.605621 0.752941 0.752941 0.752941
vn 0.159510 -0.855109 0.493300
v 0.957348 6.203668 454.567139 0.752941 0.752941 0.752941
vn 0.115186 -0.881500 0.457919
v 11.448343 8.192342 454.387360 0.752941 0.752941 0.752941
vn 0.008689 0.872692 -0.488194
v 19.748528 14.652418 453.570251 0.752941 0.752941 0.752941
vn 0.036495 0.806783 -0.589719
v 0.784687 12.432886 454.084473 0.752941 0.752941 0.752941
vn -0.040668 0.900403 -0.433152
v 14.583416 14.812829 454.225494 0.752941 0.752941 0.752941
vn -0.114959 0.871212 -0.477256
v 8.770720 14.502832 454.523041 0.752941 0.752941 0.752941
vn -0.075821 0.888029 -0.453492
v 21.093018 15.201683 454.582367 0.752941 0.752941 0.752941
vn -0.033648 0.899641 -0.435332
v 16.629955 15.119055 454.320007 0.752941 0.752941 0.752941
vn -0.012997 -0.858348 0.512904
v 0.210533 5.968425 454.445984 0.752941 0.752941 0.752941
vn 0.041738 -0.924671 0.378471
v 20.373461 9.282637 454.291809 0.752941 0.752941 0.752941
vn -0.482727 0.678818 0.553335
v 23.989208 20.854906 468.453888 0.752941 0.752941 0.752941
vn 0.420215 -0.684857 -0.595307
v 24.716473 10.604479 454.263947 0.752941 0.752941 0.752941
vn 0.093147 -0.854845 0.510455
v 8.812260 7.890159 454.552338 0.752941 0.752941 0.752941
vn -0.350964 0.298142 -0.887658
v -0.337694 12.730571 454.321991 0.752941 0.752941 0.752941
vn 0.121588 -0.912705 0.390110
v 10.624097 8.102176 454.210876 0.752941 0.752941 0.752941
vn -0.185736 0.857148 -0.480415
v 7.835270 14.331079 454.525421 0.752941 0.752941 0.752941
vn 0.834519 -0.133660 0.534522
v 38.131569 14.116790 468.662018 0.752941 0.752941 0.752941
vn 0.195963 -0.887231 0.417636
v 5.703393 6.906817 454.084167 0.752941 0.752941 0.752941
vn 0.174349 -0.873499 0.454535
v 5.894805 7.318981 454.794678 0.752941 0.752941 0.752941
vn -0.363656 -0.828637 0.425576
v 32.876038 14.003650 468.134827 0.752941 0.752941 0.752941
vn 0.561156 -0.360028 -0.745308
v 26.833057 12.759657 454.473022 0.752941 0.752941 0.752941
vn -0.479706 0.259732 0.838106
v 22.933743 19.814863 468.356232 0.752941 0.752941 0.752941
vn 0.063647 -0.813348 0.578285
v 16.602564 8.926132 454.329529 0.752941 0.752941 0.752941
vn -0.070893 0.916207 -0.394383
v 15.382994 14.817647 454.082245 0.752941 0.752941 0.752941
vn 0.359930 0.725711 -0.586339
v 26.773855 14.529078 454.493988 0.752941 0.752941 0.752941
vn -0.070684 0.049468 -0.996271
v -1.248344 13.749614 454.316223 0.752941 0.752941 0.752941
vn 0.215977 0.544755 -0.810306
v -0.255631 13.077800 454.473663 0.752941 0.752941 0.752941
vn 0.107199 0.846335 -0.521752
v 24.323195 14.986217 454.494965 0.752941 0.752941 0.752941
vn -0.654599 0.175848 -0.735240
v -1.170044 12.231384 454.621246 0.752941 0.752941 0.752941
vn 0.050824 -0.867839 0.494240
v 15.901875 9.194631 454.789063 0.752941 0.752941 0.752941
vn 0.156377 0.911198 -0.381136
v 27.526012 21.612686 468.488556 0.752941 0.752941 0.752941
vn 0.134223 -0.858644 0.494686
v 11.166621 8.254848 454.522095 0.752941 0.752941 0.752941
vn 0.052317 -0.827696 0.558733
v 19.290380 9.257589 454.411926 0.752941 0.752941 0.752941
vn 0.187151 0.678360 -0.710494
v 0.190064 12.848566 454.417389 0.752941 0.752941 0.752941
vn -0.372407 -0.618762 0.691698
v 23.814140 17.924725 468.453552 0.752941 0.752941 0.752941
vn 0.277186 -0.758988 0.589156
v 37.204205 12.580863 468.197327 0.752941 0.752941 0.752941
vn 0.183533 -0.731214 0.656994
v 11.735298 8.476182 454.597931 0.752941 0.752941 0.752941
vn -0.284793 -0.880018 0.380081
v 36.262405 12.789587 468.363098 0.752941 0.752941 0.752941
vn 0.192794 0.834154 -0.516737
v 21.857979 15.143788 454.568756 0.752941 0.752941 0.752941
vn -0.230327 -0.902284 0.364464
v 34.533813 13.440275 468.369781 0.752941 0.752941 0.752941
vn 0.262957 0.917586 -0.298144
v 35.926773 18.950129 468.467712 0.752941 0.752941 0.752941
vn 0.467226 0.327768 -0.821139
v -0.794255 13.904107 454.543884 0.752941 0.752941 0.752941
vn 0.006143 0.878897 -0.476972
v 18.536161 15.244851 454.474701 0.752941 0.752941 0.752941
vn 0.186468 -0.732942 0.654237
v 17.010689 9.185749 454.521454 0.752941 0.752941 0.752941
vn 0.135683 -0.336096 -0.932003
v -0.789559 13.538534 454.532928 0.752941 0.752941 0.752941
vn 0.193535 0.263427 -0.945066
v -0.577688 13.370935 454.564270 0.752941 0.752941 0.752941
vn -0.247058 0.842614 -0.478503
v 4.873689 13.821964 454.993042 0.752941 0.752941 0.752941
vn -0.470307 -0.112952 0.875244
v 22.744005 18.926811 468.305908 0.752941 0.752941 0.752941
vn -0.210020 -0.241243 -0.947467
v -0.979699 13.218092 454.747772 0.752941 0.752941 0.752941
vn 0.177195 -0.807403 0.562763
v 12.303652 8.443498 454.462646 0.752941 0.752941 0.752941
vn 0.599503 0.258210 -0.757577
v 27.383595 14.193936 454.613647 0.752941 0.752941 0.752941
vn -0.768295 0.343879 -0.539879
v -1.568651 13.913777 454.614960 0.752941 0.752941 0.752941
vn -0.527958 -0.358897 -0.769710
v -1.541148 13.190325 454.674744 0.752941 0.752941 0.752941
vn -0.033187 0.746744 -0.664283
v -1.182005 14.035447 454.456390 0.752941 0.752941 0.752941
vn -0.981829 -0.097314 -0.162917
v -1.043137 11.137046 454.757141 0.752941 0.752941 0.752941
vn 0.113040 -0.972773 0.202322
v 22.366192 9.673867 454.884094 0.752941 0.752941 0.752941
vn 0.094697 -0.995311 -0.019683
v 23.531776 9.734113 454.983124 0.752941 0.752941 0.752941
vn -0.024864 0.902246 -0.430503
v 13.424416 14.982349 454.359741 0.752941 0.752941 0.752941
vn -0.054896 0.878590 -0.474411
v 15.399406 15.165206 454.734467 0.752941 0.752941 0.752941
vn 0.132966 -0.877689 0.460415
v 5.196371 7.041912 454.428925 0.752941 0.752941 0.752941
vn -0.035154 0.890077 -0.454453
v 11.126355 14.735594 454.388824 0.752941 0.752941 0.752941
vn 0.045415 -0.903580 0.426004
v 21.292757 9.489899 454.554291 0.752941 0.752941 0.752941
vn 0.183690 -0.832820 0.522178
v 10.945309 8.289171 454.689789 0.752941 0.752941 0.752941
vn 0.140022 -0.986994 -0.078970
v 22.956921 9.810927 454.700653 0.752941 0.752941 0.752941
vn 0.160988 -0.835289 0.525715
v 13.802764 9.027116 454.760681 0.752941 0.752941 0.752941
vn 0.036539 0.885435 -0.463324
v 20.867979 15.385471 454.938416 0.752941 0.752941 0.752941
vn -0.184873 -0.067993 0.980408
v 3.728218 17.530909 468.230011 0.752941 0.752941 0.752941
vn 0.171574 -0.854716 0.489921
v 13.083298 8.890799 454.785614 0.752941 0.752941 0.752941
vn -0.858592 -0.464059 0.217874
v -0.509417 6.274515 454.294220 0.752941 0.752941 0.752941
vn 0.233408 -0.846328 0.478800
v 2.434500 6.499944 454.458527 0.752941 0.752941 0.752941
vn 0.309867 0.845508 -0.434855
v 28.988821 21.342665 468.875458 0.752941 0.752941 0.752941
vn 0.145433 -0.779645 0.609100
v 16.570883 9.434353 454.837982 0.752941 0.752941 0.752941
vn 0.133075 -0.828405 0.544092
v 16.748877 9.606371 455.092590 0.752941 0.752941 0.752941
vn 0.019562 -0.840908 0.540825
v 18.298103 9.647554 454.912933 0.752941 0.752941 0.752941
vn 0.142820 0.857906 -0.493558
v 26.279255 14.874903 454.781921 0.752941 0.752941 0.752941
vn 0.287263 0.904283 -0.315836
v 36.927662 18.465927 468.002747 0.752941 0.752941 0.752941
vn -0.058686 0.890539 -0.451105
v 16.670761 15.310561 454.719635 0.752941 0.752941 0.752941
vn 0.111511 0.872504 -0.475712
v 24.161898 15.416170 455.101440 0.752941 0.752941 0.752941
vn -0.006647 -0.812506 0.582915
v 20.296223 9.466638 454.532867 0.752941 0.752941 0.752941
vn -0.340549 -0.790712 0.508725
v 26.920227 16.823215 468.709351 0.752941 0.752941 0.752941
vn -0.023883 0.867794 -0.496350
v 14.554654 15.209091 454.904907 0.752941 0.752941 0.752941
vn 0.365268 0.680157 -0.635583
v 0.151440 13.169596 454.777496 0.752941 0.752941 0.752941
vn 0.041038 0.878556 -0.475873
v 21.538319 15.371735 454.763306 0.752941 0.752941 0.752941
vn -0.256052 0.838323 -0.481302
v 4.028100 13.069937 454.158051 0.752941 0.752941 0.752941
vn -0.929515 -0.283599 -0.235739
v -1.368627 12.058330 454.952301 0.752941 0.752941 0.752941
vn -0.411524 0.177141 -0.894018
v -0.661405 12.546399 454.701904 0.752941 0.752941 0.752941
vn -0.475187 -0.136784 -0.869188
v -1.405552 12.844336 454.763672 0.752941 0.752941 0.752941
vn -0.863576 -0.418769 0.280838
v -0.535308 6.758250 455.367859 0.752941 0.752941 0.752941
vn -0.213834 0.850983 -0.479690
v 6.211400 13.847567 454.411530 0.752941 0.752941 0.752941
vn 0.194719 -0.882818 0.427455
v 1.898558 6.476526 454.814423 0.752941 0.752941 0.752941
vn -0.162152 0.900465 -0.403570
v 16.212317 15.050394 454.438019 0.752941 0.752941 0.752941
vn 0.113019 0.923081 -0.367626
v 32.317719 19.753853 468.249847 0.752941 0.752941 0.752941
vn 0.055185 -0.929768 0.363987
v 21.761627 9.596730 454.773102 0.752941 0.752941 0.752941
vn 0.273315 -0.860167 0.430593
v 9.980604 8.309422 455.096069 0.752941 0.752941 0.752941
vn 0.150712 0.788350 -0.596482
v 0.755484 12.861697 454.693817 0.752941 0.752941 0.752941
vn 0.166229 -0.789833 0.590367
v 11.381467 8.688664 454.917450 0.752941 0.752941 0.752941
vn -0.525856 0.598396 0.604481
v 23.186430 20.585106 468.091187 0.752941 0.752941 0.752941
vn 0.853298 0.021492 0.520981
v 38.813377 14.932902 467.780823 0.752941 0.752941 0.752941
vn 0.173686 0.835462 -0.521380
v 24.788771 15.056878 454.865326 0.752941 0.752941 0.752941
vn -0.373563 -0.825886 0.422331
v -0.168794 6.169953 454.666870 0.752941 0.752941 0.752941
vn 0.176495 -0.983832 0.030403
v 24.049341 9.895028 455.120544 0.752941 0.752941 0.752941
vn 0.229631 -0.870598 0.435120
v 6.586346 7.543021 454.879944 0.752941 0.752941 0.752941
vn 0.092118 -0.822870 0.560713
v 15.302872 9.377866 455.140442 0.752941 0.752941 0.752941
vn 0.127121 -0.775692 0.618176
v 15.736571 9.307567 455.023804 0.752941 0.752941 0.752941
vn 0.350558 -0.843252 -0.407473
v 24.461775 10.015458 454.893372 0.752941 0.752941 0.752941
vn 0.179301 -0.881794 0.436223
v 3.800576 6.807409 454.508240 0.752941 0.752941 0.752941
vn 0.116448 -0.910245 0.397358
v 9.219316 8.202192 455.075378 0.752941 0.752941 0.752941
vn -0.353737 -0.878741 0.320445
v 34.013012 13.551164 468.334290 0.752941 0.752941 0.752941
vn -0.165946 0.863002 -0.477168
v 10.250033 14.812816 454.735535 0.752941 0.752941 0.752941
vn 0.031039 0.858496 -0.511879
v 21.660978 15.757939 455.579193 0.752941 0.752941 0.752941
vn 0.143583 -0.835453 0.530474
v 11.233141 8.995026 455.467529 0.752941 0.752941 0.752941
vn -0.226019 0.280738 0.932792
v 3.863498 18.148247 468.131317 0.752941 0.752941 0.752941
vn -0.067794 0.865187 -0.496845
v 10.869448 14.962705 454.932648 0.752941 0.752941 0.752941
vn 0.025614 0.883097 -0.468491
v 14.016986 15.104620 454.743835 0.752941 0.752941 0.752941
vn 0.301056 0.686994 -0.661365
v 27.115215 14.772252 455.012390 0.752941 0.752941 0.752941
vn 0.057835 0.869824 -0.489961
v 19.063786 15.234674 454.589569 0.752941 0.752941 0.752941
vn -0.006016 -0.854164 0.519969
v 20.265778 9.994512 455.292480 0.752941 0.752941 0.752941
vn -0.071931 0.864490 -0.497477
v 12.277643 15.170707 455.053802 0.752941 0.752941 0.752941
vn 0.009638 0.892185 -0.451567
v 16.948931 15.715075 455.476471 0.752941 0.752941 0.752941
vn 0.020936 -0.840348 0.541643
v 19.135252 9.565539 454.844604 0.752941 0.752941 0.752941
vn 0.294489 0.836908 -0.461370
v 28.400499 20.984592 467.752625 0.752941 0.752941 0.752941
vn 0.389057 0.845218 -0.366389
v -0.623601 14.163640 455.033417 0.752941 0.752941 0.752941
vn -0.151815 0.845752 -0.511522
v 2.615976 13.450510 455.453552 0.752941 0.752941 0.752941
vn 0.111223 0.870500 -0.479437
v 22.122940 15.333621 454.938568 0.752941 0.752941 0.752941
vn 0.492865 0.622989 -0.607428
v 0.305968 13.562355 455.391266 0.752941 0.752941 0.752941
vn 0.238605 -0.878309 0.414297
v 10.033973 8.258299 454.833435 0.752941 0.752941 0.752941
vn 0.157759 -0.820649 0.549224
v 12.286218 8.821198 454.935944 0.752941 0.752941 0.752941
vn 0.372016 0.800425 -0.470024
v 29.994688 20.823631 468.584137 0.752941 0.752941 0.752941
vn -0.484479 -0.024841 0.874450
v 22.386572 19.132244 468.145081 0.752941 0.752941 0.752941
vn 0.055386 0.877643 -0.476105
v 17.401112 15.275256 454.772675 0.752941 0.752941 0.752941
vn -0.028319 -0.835437 0.548857
v 20.952988 9.790336 455.012634 0.752941 0.752941 0.752941
vn 0.130868 -0.833998 0.536024
v 17.219421 9.737968 455.168274 0.752941 0.752941 0.752941
vn 0.178673 -0.865370 0.468199
v 7.735099 7.582802 454.451080 0.752941 0.752941 0.752941
vn 0.164758 -0.850554 0.499412
v 12.978965 9.050126 455.163177 0.752941 0.752941 0.752941
vn 0.263057 0.823401 -0.502805
v 31.656105 19.996668 468.391541 0.752941 0.752941 0.752941
vn -0.974746 -0.145054 0.169794
v -0.547090 8.093766 455.917023 0.752941 0.752941 0.752941
vn -0.348039 -0.835757 0.424710
v 32.105171 13.976321 467.398132 0.752941 0.752941 0.752941
vn -0.370884 -0.587495 0.719232
v 23.041101 17.814955 467.949280 0.752941 0.752941 0.752941
vn 0.097725 -0.808574 0.580222
v 16.226377 9.647231 455.273895 0.752941 0.752941 0.752941
vn -0.319296 -0.774670 0.545836
v 25.694595 17.130119 468.501373 0.752941 0.752941 0.752941
vn 0.641232 -0.284925 -0.712488
v 27.335861 12.718402 454.941986 0.752941 0.752941 0.752941
vn 0.205880 -0.416119 0.885697
v 3.797704 17.216618 468.134308 0.752941 0.752941 0.752941
vn -0.318841 -0.858917 0.400752
v 33.633457 13.617850 468.030731 0.752941 0.752941 0.752941
vn 0.572253 -0.556683 -0.602188
v 25.662256 11.035221 454.867615 0.752941 0.752941 0.752941
vn -0.569010 0.822235 -0.012542
v -1.446103 14.171106 454.889557 0.752941 0.752941 0.752941
vn -0.976992 -0.176422 0.119841
v -1.005040 11.094742 456.067230 0.752941 0.752941 0.752941
vn 0.526102 -0.464685 -0.712239
v 26.908587 12.145171 454.915100 0.752941 0.752941 0.752941
vn 0.003402 0.832638 -0.553807
v 1.522152 13.231356 455.245453 0.752941 0.752941 0.752941
vn 0.657629 -0.310734 -0.686272
v 27.811010 12.816815 455.319122 0.752941 0.752941 0.752941
vn 0.091974 -0.822791 0.560853
v 16.667822 9.829430 455.549377 0.752941 0.752941 0.752941
vn 0.085965 -0.841412 0.533512
v 19.025278 9.794042 455.232727 0.752941 0.752941 0.752941
vn 0.112782 -0.810328 0.575020
v 19.623323 9.732442 454.935852 0.752941 0.752941 0.752941
vn 0.171347 -0.847481 0.502410
v 9.170428 8.316527 455.391571 0.752941 0.752941 0.752941
vn -0.493343 0.286288 0.821372
v 22.605297 19.908918 468.167572 0.752941 0.752941 0.752941
vn -0.041657 -0.873398 0.485222
v 22.096828 9.863450 455.235443 0.752941 0.752941 0.752941
vn -0.041184 -0.951858 0.303761
v 22.864944 9.841232 455.317810 0.752941 0.752941 0.752941
vn -0.069863 0.882647 -0.464815
v 13.320610 15.128113 454.792023 0.752941 0.752941 0.752941
vn 0.171701 -0.892577 -0.416924
v 25.611248 10.068488 455.564789 0.752941 0.752941 0.752941
vn 0.470222 0.446294 -0.761389
v 27.768122 14.572989 455.092316 0.752941 0.752941 0.752941
vn 0.235350 -0.878461 0.415833
v 2.817978 6.952233 455.195862 0.752941 0.752941 0.752941
vn 0.123414 -0.801532 0.585078
v 12.563820 9.224163 455.415741 0.752941 0.752941 0.752941
vn -0.234103 0.963900 0.126859
v 25.507277 21.642160 468.483246 0.752941 0.752941 0.752941
vn -0.062336 -0.863125 0.501128
v 18.432566 10.073976 455.568237 0.752941 0.752941 0.752941
vn -0.038771 -0.871578 0.488722
v 21.200687 10.164740 455.649994 0.752941 0.752941 0.752941
vn -0.122640 0.869495 -0.478475
v 8.850535 14.870794 455.200470 0.752941 0.752941 0.752941
vn -0.163813 0.851427 -0.498235
v 9.648364 14.866257 455.066437 0.752941 0.752941 0.752941
vn 0.185232 -0.873754 0.449715
v 4.461487 7.405151 455.470459 0.752941 0.752941 0.752941
vn 0.833568 0.063685 0.548734
v 38.353531 15.792962 468.370361 0.752941 0.752941 0.752941
vn 0.223960 0.926935 -0.301055
v 34.780884 19.128557 468.084198 0.752941 0.752941 0.752941
vn 0.463041 -0.529696 -0.710645
v 26.464195 11.435162 455.243622 0.752941 0.752941 0.752941
vn 0.137877 -0.894484 0.425311
v 8.489712 8.167317 455.195984 0.752941 0.752941 0.752941
vn 0.101648 0.871143 -0.480394
v 25.316710 14.918533 454.723816 0.752941 0.752941 0.752941
vn 0.215946 0.786189 -0.579028
v 0.733873 13.350763 455.330170 0.752941 0.752941 0.752941
vn 0.652953 -0.085628 -0.752542
v 27.914303 13.936005 455.162231 0.752941 0.752941 0.752941
vn 0.004832 0.859306 -0.511439
v 23.362968 15.326710 455.055145 0.752941 0.752941 0.752941
vn 0.019514 0.841614 -0.539727
v 20.527367 15.894804 455.890228 0.752941 0.752941 0.752941
vn -0.968380 -0.152239 -0.197646
v -1.743818 13.203186 455.173828 0.752941 0.752941 0.752941
vn -0.976231 0.188609 -0.106765
v -1.717675 13.649627 454.999542 0.752941 0.752941 0.752941
vn 0.393954 0.687932 -0.609549
v 28.083668 14.885512 455.522003 0.752941 0.752941 0.752941
vn 0.581620 0.245925 -0.775396
v 28.526875 14.509356 455.601288 0.752941 0.752941 0.752941
vn 0.009783 0.885772 -0.464017
v 19.934214 15.569406 455.176605 0.752941 0.752941 0.752941
vn 0.095899 0.876801 -0.471194
v 25.933771 15.323325 455.513824 0.752941 0.752941 0.752941
vn 0.094242 0.842695 -0.530079
v 22.215109 15.559132 455.423279 0.752941 0.752941 0.752941
vn 0.266907 -0.853152 0.448211
v 13.527561 9.341421 455.356934 0.752941 0.752941 0.752941
vn 0.050521 -0.860889 0.506279
v 14.731038 9.342716 455.054077 0.752941 0.752941 0.752941
vn 0.080506 -0.809692 0.581307
v 16.956278 10.027491 455.709198 0.752941 0.752941 0.752941
vn 0.279879 -0.790521 0.544742
v 10.370521 8.704967 455.393463 0.752941 0.752941 0.752941
vn 0.045115 0.855632 -0.515614
v 13.820458 15.456752 455.330841 0.752941 0.752941 0.752941
vn -0.014173 0.881714 -0.471571
v 14.542788 15.568663 455.543182 0.752941 0.752941 0.752941
vn -0.459944 0.574410 0.677129
v 22.654900 20.338543 467.923492 0.752941 0.752941 0.752941
vn -0.122794 0.875482 -0.467390
v 16.632725 15.805180 455.824707 0.752941 0.752941 0.752941
vn 0.435414 -0.450326 -0.779501
v 25.862020 10.498293 455.474854 0.752941 0.752941 0.752941
vn 0.048410 -0.890857 0.451697
v 0.279421 6.441185 455.292358 0.752941 0.752941 0.752941
vn -0.057866 0.870321 -0.489074
v 13.501994 15.625399 455.558105 0.752941 0.752941 0.752941
vn 0.071484 -0.841466 0.535560
v 17.704100 9.828673 455.262146 0.752941 0.752941 0.752941
vn 0.046826 -0.856016 0.514824
v 18.961899 10.033185 455.642883 0.752941 0.752941 0.752941
vn 0.499561 -0.334448 -0.799114
v 27.537081 11.282443 455.837952 0.752941 0.752941 0.752941
vn 0.141955 -0.870699 0.470885
v 5.559371 7.489005 455.166870 0.752941 0.752941 0.752941
vn 0.085082 -0.854691 0.512117
v 19.601788 10.054585 455.398407 0.752941 0.752941 0.752941
vn -0.180381 0.434102 0.882620
v 3.981749 18.599421 467.994446 0.752941 0.752941 0.752941
vn -0.989042 -0.116053 0.091256
v -0.984677 9.498020 454.849304 0.752941 0.752941 0.752941
vn 0.198916 0.929504 -0.310570
v -0.200329 14.115918 455.431091 0.752941 0.752941 0.752941
vn -0.053254 0.870361 -0.489525
v 21.150270 15.752852 455.698334 0.752941 0.752941 0.752941
vn 0.297115 -0.868328 -0.397151
v 24.925724 10.023904 455.195648 0.752941 0.752941 0.752941
vn -0.134469 0.848275 -0.512199
v 10.124296 15.197146 455.319336 0.752941 0.752941 0.752941
vn -0.067026 0.873848 -0.481557
v 11.513811 15.385650 455.393982 0.752941 0.752941 0.752941
vn 0.201409 -0.891096 0.406672
v 7.383531 8.242161 455.751068 0.752941 0.752941 0.752941
vn 0.431931 -0.420303 -0.797986
v 26.265182 10.756784 455.565857 0.752941 0.752941 0.752941
vn 0.305095 -0.752518 0.583637
v 37.618305 12.694842 468.090363 0.752941 0.752941 0.752941
vn 0.124741 -0.821675 0.556139
v 19.308821 10.255546 455.823944 0.752941 0.752941 0.752941
vn -0.519537 -0.002439 0.854444
v 21.937780 19.125967 467.868774 0.752941 0.752941 0.752941
vn 0.133855 -0.838066 0.528893
v 11.705499 8.958380 455.348389 0.752941 0.752941 0.752941
vn -0.607614 0.709388 0.357176
v -1.255094 13.928682 455.990265 0.752941 0.752941 0.752941
vn -0.187546 0.958289 0.215657
v -1.029954 14.168234 455.733337 0.752941 0.752941 0.752941
vn -0.327577 -0.829869 0.451676
v -0.245594 6.637348 455.601257 0.752941 0.752941 0.752941
vn 0.157540 0.833921 -0.528920
v 26.588408 15.163514 455.285095 0.752941 0.752941 0.752941
vn 0.218980 0.800096 -0.558475
v 27.265671 15.081824 455.364197 0.752941 0.752941 0.752941
vn -0.138737 0.850083 -0.508046
v 9.033843 15.340248 455.975403 0.752941 0.752941 0.752941
vn 0.151495 -0.881551 0.447121
v 14.047800 9.622495 455.616058 0.752941 0.752941 0.752941
vn 0.100330 0.886754 -0.451222
v 25.558735 15.698118 456.180359 0.752941 0.752941 0.752941
vn 0.126866 -0.812771 0.568602
v 14.833673 9.700613 455.742554 0.752941 0.752941 0.752941
vn -0.011426 -0.930086 0.367164
v 23.392996 9.874783 455.546448 0.752941 0.752941 0.752941
vn -0.235027 0.842476 -0.484765
v 5.570677 15.042957 456.765900 0.752941 0.752941 0.752941
vn 0.077395 -0.765966 0.638205
v 15.829576 9.779379 455.431366 0.752941 0.752941 0.752941
vn -0.006933 -0.892112 0.451761
v 0.125606 6.686032 455.805084 0.752941 0.752941 0.752941
vn 0.155096 -0.842381 0.516081
v 13.310074 9.351051 455.571594 0.752941 0.752941 0.752941
vn 0.304527 -0.704525 -0.641021
v 26.198845 10.105695 455.762848 0.752941 0.752941 0.752941
vn -0.513593 0.594797 0.618417
v 23.335531 20.792528 467.996155 0.752941 0.752941 0.752941
vn 0.700376 -0.175744 -0.691800
v 28.478529 13.449001 455.744934 0.752941 0.752941 0.752941
vn 0.085177 -0.802364 0.590726
v 16.322058 10.125749 455.919556 0.752941 0.752941 0.752941
vn 0.658763 -0.360339 -0.660445
v 27.444962 12.092619 455.391266 0.752941 0.752941 0.752941
vn -0.292942 -0.792079 0.535533
v 25.371931 16.910194 467.936279 0.752941 0.752941 0.752941
vn 0.129264 0.865274 -0.484346
v 24.831665 15.375111 455.290710 0.752941 0.752941 0.752941
vn 0.061223 0.882952 -0.465455
v 19.195023 15.739433 455.558289 0.752941 0.752941 0.752941
vn 0.181128 -0.872285 0.454216
v 2.021883 6.865458 455.636108 0.752941 0.752941 0.752941
vn 0.374794 -0.054398 0.925511
v 4.295509 17.961271 468.121582 0.752941 0.752941 0.752941
vn 0.152244 -0.812532 0.562684
v 11.688041 9.230752 455.748322 0.752941 0.752941 0.752941
vn -0.923240 0.267054 0.276242
v -1.652333 13.441846 455.793152 0.752941 0.752941 0.752941
vn 0.172701 -0.868543 0.464551
v 6.491277 7.993375 455.842926 0.752941 0.752941 0.752941
vn -0.095264 -0.909813 0.403936
v 36.954159 12.550845 468.208008 0.752941 0.752941 0.752941
vn 0.355635 0.758883 -0.545546
v 0.618182 13.868021 455.948029 0.752941 0.752941 0.752941
vn 0.312604 0.924453 -0.218322
v 33.274956 19.630978 468.400665 0.752941 0.752941 0.752941
vn 0.056796 0.875417 -0.480021
v 17.361418 15.555491 455.325714 0.752941 0.752941 0.752941
vn -0.114366 0.885631 -0.450086
v 18.120300 15.321228 454.811462 0.752941 0.752941 0.752941
vn -0.013416 0.859748 -0.510542
v 18.717163 15.911935 455.721802 0.752941 0.752941 0.752941
vn 0.423501 0.754523 -0.501341
v 29.816496 20.252529 467.535309 0.752941 0.752941 0.752941
vn 0.014419 -0.986792 0.161352
v 24.760233 9.949246 455.881958 0.752941 0.752941 0.752941
vn -0.916716 -0.289679 0.275169
v -1.172764 12.012668 456.229980 0.752941 0.752941 0.752941
vn -0.464027 -0.301704 0.832859
v 22.247335 18.354570 467.884125 0.752941 0.752941 0.752941
vn -0.564207 0.159485 0.810083
v 3.530414 17.642035 468.148315 0.752941 0.752941 0.752941
vn -0.954039 -0.241193 0.177864
v -1.659396 12.655300 455.697998 0.752941 0.752941 0.752941
vn 0.057712 -0.838343 0.542079
v 13.756949 9.743143 456.052185 0.752941 0.752941 0.752941
vn 0.362927 0.780324 -0.509292
v 30.772831 20.241690 468.322327 0.752941 0.752941 0.752941
vn -0.209958 0.847752 -0.487066
v 6.684221 14.721038 455.709259 0.752941 0.752941 0.752941
vn 0.089016 0.854678 -0.511471
v 14.206061 15.818135 456.038879 0.752941 0.752941 0.752941
vn 0.237863 0.854401 -0.461974
v 27.536257 15.246463 455.851898 0.752941 0.752941 0.752941
vn 0.041681 0.873785 -0.484523
v 23.572739 15.697332 455.680908 0.752941 0.752941 0.752941
vn 0.054317 -0.837993 0.542971
v 17.512993 10.253662 456.022400 0.752941 0.752941 0.752941
vn 0.000403 -0.870432 0.492288
v 18.134390 10.301874 455.939026 0.752941 0.752941 0.752941
vn -0.086335 0.859902 -0.503105
v 18.208769 15.922193 455.965057 0.752941 0.752941 0.752941
vn -0.042031 0.881743 -0.469854
v 15.504722 15.800675 455.918427 0.752941 0.752941 0.752941
vn 0.185611 -0.779795 0.597887
v 15.202537 9.890925 455.801117 0.752941 0.752941 0.752941
vn 0.194283 -0.836511 0.512351
v 8.546233 8.435382 455.791504 0.752941 0.752941 0.752941
vn -0.250749 -0.782869 0.569421
v 24.207672 16.760136 467.226349 0.752941 0.752941 0.752941
vn 0.082844 -0.804226 0.588521
v 13.038598 9.723538 456.004425 0.752941 0.752941 0.752941
vn -0.489730 0.629342 0.603401
v 22.815954 20.581482 467.704742 0.752941 0.752941 0.752941
vn 0.045598 0.844004 -0.534395
v 17.285059 16.024374 456.076630 0.752941 0.752941 0.752941
vn 0.028767 -0.829364 0.557967
v 18.763464 10.198024 455.926056 0.752941 0.752941 0.752941
vn 0.026861 0.843244 -0.536859
v 21.817944 15.927140 455.830444 0.752941 0.752941 0.752941
vn 0.114819 -0.867352 0.484270
v 1.827980 7.024469 455.981110 0.752941 0.752941 0.752941
vn 0.107686 -0.889623 0.443818
v 1.507027 6.699116 455.290039 0.752941 0.752941 0.752941
vn 0.200201 -0.866492 0.457286
v 3.662271 7.690843 456.366669 0.752941 0.752941 0.752941
vn -0.006442 -0.863256 0.504725
v 20.091164 10.266868 455.844818 0.752941 0.752941 0.752941
vn 0.483802 0.752936 -0.446121
v 0.197334 14.147312 455.719727 0.752941 0.752941 0.752941
vn 0.160548 -0.834706 0.526774
v 12.052610 9.647411 456.218048 0.752941 0.752941 0.752941
vn 0.175011 -0.869728 0.461458
v 5.769004 8.031340 456.100128 0.752941 0.752941 0.752941
vn -0.771703 0.333497 0.541530
v 3.530002 18.107758 467.931702 0.752941 0.752941 0.752941
vn -0.854418 -0.246507 0.457388
v -1.458005 12.581710 456.201172 0.752941 0.752941 0.752941
vn -0.002151 -0.967747 0.251916
v 24.202614 9.927861 455.686768 0.752941 0.752941 0.752941
vn 0.659823 -0.278126 -0.698054
v 28.693394 13.061005 456.085358 0.752941 0.752941 0.752941
vn 0.292351 0.919608 -0.262398
v 33.059937 19.669920 468.108185 0.752941 0.752941 0.752941
vn 0.030214 0.841635 -0.539200
v 23.019846 15.635876 455.598969 0.752941 0.752941 0.752941
vn 0.135298 0.904644 -0.404120
v 24.107367 15.636044 455.740997 0.752941 0.752941 0.752941
vn 0.262547 -0.849786 0.457092
v 7.736806 8.437722 456.136688 0.752941 0.752941 0.752941
vn 0.171325 -0.982898 -0.067526
v 26.353685 10.024603 456.163483 0.752941 0.752941 0.752941
vn 0.232705 -0.765886 0.599389
v 8.801798 8.703655 456.000092 0.752941 0.752941 0.752941
vn 0.197167 -0.834755 0.514110
v 12.527861 9.764782 456.275879 0.752941 0.752941 0.752941
vn 0.161963 -0.891247 0.423611
v 1.232669 7.277644 456.537079 0.752941 0.752941 0.752941
vn 0.577189 -0.379103 -0.723280
v 27.923914 10.769493 456.248932 0.752941 0.752941 0.752941
vn -0.169797 0.862097 -0.477449
v 7.878958 15.215259 456.119476 0.752941 0.752941 0.752941
vn -0.128015 -0.866779 0.481981
v 22.502615 10.304695 456.033661 0.752941 0.752941 0.752941
vn -0.016916 -0.852331 0.522729
v 23.470781 10.311014 456.225159 0.752941 0.752941 0.752941
vn 0.017370 -0.997251 -0.072029
v 25.861532 9.932669 456.084473 0.752941 0.752941 0.752941
vn 0.162215 -0.873436 0.459125
v 0.768012 6.903380 456.068542 0.752941 0.752941 0.752941
vn 0.224216 -0.784312 0.578430
v 9.756276 8.861748 455.845612 0.752941 0.752941 0.752941
vn -0.492615 0.384852 0.780525
v 22.082176 19.985796 467.747986 0.752941 0.752941 0.752941
vn -0.015229 -0.789412 0.613674
v 17.245396 10.383465 456.174896 0.752941 0.752941 0.752941
vn 0.189668 -0.848469 0.494092
v 14.442952 9.808002 455.970428 0.752941 0.752941 0.752941
vn -0.127209 -0.863041 0.488854
v 24.322420 10.343704 456.494904 0.752941 0.752941 0.752941
vn -0.892691 0.010061 0.450556
v -1.533359 13.089900 456.174866 0.752941 0.752941 0.752941
vn 0.036591 -0.842090 0.538095
v 18.575317 10.421253 456.229614 0.752941 0.752941 0.752941
vn -0.078364 -0.932326 0.353026
v 25.990797 10.019546 456.550232 0.752941 0.752941 0.752941
vn 0.064636 0.853473 -0.517113
v 19.300806 15.988524 456.047882 0.752941 0.752941 0.752941
vn -0.016695 0.861064 -0.508222
v 21.053123 16.085869 456.164703 0.752941 0.752941 0.752941
vn 0.093590 0.882203 -0.461474
v 26.478237 15.499339 456.018066 0.752941 0.752941 0.752941
vn -0.394481 -0.853923 0.339411
v 29.954182 15.059923 467.914337 0.752941 0.752941 0.752941
vn 0.192372 -0.826073 0.529714
v 10.896069 9.281751 456.024109 0.752941 0.752941 0.752941
vn -0.370679 -0.826048 0.424550
v 29.272585 15.422956 468.143677 0.752941 0.752941 0.752941
vn -0.142415 0.860593 -0.488976
v 9.760343 15.499949 456.020050 0.752941 0.752941 0.752941
vn -0.339844 -0.800298 0.493994
v 28.460703 15.855185 468.294006 0.752941 0.752941 0.752941
vn -0.040303 -0.849807 0.525550
v 20.784760 10.350987 455.997894 0.752941 0.752941 0.752941
vn 0.611450 -0.404592 -0.680025
v 28.340134 12.521029 456.141541 0.752941 0.752941 0.752941
vn 0.158341 -0.891817 0.423781
v 1.911637 7.401605 456.517578 0.752941 0.752941 0.752941
vn -0.030891 -0.846525 0.531452
v 18.043539 10.547766 456.432678 0.752941 0.752941 0.752941
vn -0.031879 0.999386 0.014532
v 0.192642 14.237468 456.266907 0.752941 0.752941 0.752941
vn 0.258667 -0.776972 0.573939
v 14.637485 10.140661 456.254456 0.752941 0.752941 0.752941
vn 0.219963 -0.806300 0.549088
v 11.078934 9.647246 456.594879 0.752941 0.752941 0.752941
vn 0.027713 0.802865 -0.595516
v 17.706753 16.119585 456.329681 0.752941 0.752941 0.752941
vn 0.048657 0.866579 -0.496663
v 13.925121 16.032167 456.252411 0.752941 0.752941 0.752941
vn 0.228414 0.879904 -0.416649
v 27.665281 21.270248 467.857819 0.752941 0.752941 0.752941
vn 0.166568 0.858048 -0.485808
v 28.019180 15.421118 456.335449 0.752941 0.752941 0.752941
vn -0.042958 -0.855245 0.516440
v 21.963394 10.283834 455.998627 0.752941 0.752941 0.752941
vn -0.089292 0.903359 -0.419487
v 11.794713 15.640206 456.037689 0.752941 0.752941 0.752941
vn 0.052979 0.854402 -0.516905
v 19.146559 16.215425 456.316711 0.752941 0.752941 0.752941
vn -0.231370 -0.897073 0.376468
v 36.571255 12.413199 467.589081 0.752941 0.752941 0.752941
vn 0.596373 -0.228141 -0.769604
v 28.135067 11.901633 456.279755 0.752941 0.752941 0.752941
vn -0.611244 -0.593658 0.523403
v -0.265861 7.253487 456.463745 0.752941 0.752941 0.752941
vn -0.812279 0.054987 0.580672
v 3.265798 17.079475 467.891113 0.752941 0.752941 0.752941
vn 0.060361 0.961235 -0.269042
v 26.065668 21.601746 467.827332 0.752941 0.752941 0.752941
vn 0.144218 0.914314 -0.378459
v 32.809502 19.470806 467.579102 0.752941 0.752941 0.752941
vn -0.249130 0.838709 -0.484253
v 3.961370 14.187117 456.163391 0.752941 0.752941 0.752941
vn -0.299544 -0.731243 0.612827
v 23.646345 17.333527 467.707764 0.752941 0.752941 0.752941
vn 0.198391 0.796674 -0.570922
v 1.152247 13.807111 456.107117 0.752941 0.752941 0.752941
vn 0.538677 0.385689 -0.749046
v 29.729166 15.057312 456.624573 0.752941 0.752941 0.752941
vn -0.039431 -0.850371 0.524704
v 21.393051 10.454727 456.198029 0.752941 0.752941 0.752941
vn 0.005967 -0.828577 0.559843
v 19.735443 10.735978 456.509491 0.752941 0.752941 0.752941
vn -0.105657 -0.854478 0.508629
v 0.188941 7.066473 456.519653 0.752941 0.752941 0.752941
vn -0.069570 0.894459 -0.441705
v 10.939775 15.612911 456.105560 0.752941 0.752941 0.752941
vn -0.360915 -0.331314 0.871763
v 3.429264 16.993208 468.003571 0.752941 0.752941 0.752941
vn 0.744949 0.225779 0.627753
v 38.720921 17.418943 467.988403 0.752941 0.752941 0.752941
vn 0.204342 -0.779500 0.592135
v 12.427900 10.218246 456.969025 0.752941 0.752941 0.752941
vn 0.052896 -0.774954 0.629800
v 13.558096 10.078831 456.384583 0.752941 0.752941 0.752941
vn 0.466388 -0.094903 0.879474
v 5.088659 17.879227 467.615234 0.752941 0.752941 0.752941
vn 0.565743 -0.200812 -0.799755
v 28.562782 11.692416 456.548767 0.752941 0.752941 0.752941
vn -0.076914 0.881979 -0.464971
v 11.987171 16.159618 456.898438 0.752941 0.752941 0.752941
vn 0.141486 -0.888058 0.437418
v 6.226769 8.339511 456.458099 0.752941 0.752941 0.752941
vn 0.139759 -0.789214 0.598004
v 18.938015 10.651670 456.395844 0.752941 0.752941 0.752941
vn 0.305787 -0.778319 -0.548375
v 26.774651 10.124811 456.023560 0.752941 0.752941 0.752941
vn 0.426984 -0.590159 -0.685125
v 27.432728 10.380311 456.171814 0.752941 0.752941 0.752941
vn -0.050855 -0.853437 0.518709
v 20.448822 10.864840 456.688660 0.752941 0.752941 0.752941
vn 0.118701 -0.811489 0.572185
v 15.766729 10.374903 456.364594 0.752941 0.752941 0.752941
vn -0.078580 -0.520662 0.850139
v 3.410534 16.572481 467.744965 0.752941 0.752941 0.752941
vn 0.718860 -0.172729 0.673354
v 38.731010 16.457067 467.714294 0.752941 0.752941 0.752941
vn 0.295741 0.810917 -0.504926
v 0.980163 14.187037 456.466064 0.752941 0.752941 0.752941
vn 0.574808 -0.387805 0.720558
v 38.745754 12.768666 467.393646 0.752941 0.752941 0.752941
vn -0.338265 -0.807496 0.483247
v 27.270494 16.137352 467.783051 0.752941 0.752941 0.752941
vn 0.499604 -0.580146 0.643293
v 38.097328 12.860712 468.011200 0.752941 0.752941 0.752941
vn 0.033846 0.878252 -0.476998
v 20.345264 16.175083 456.265076 0.752941 0.752941 0.752941
vn 0.015686 0.908183 -0.418280
v 22.044529 16.467316 456.984283 0.752941 0.752941 0.752941
vn -0.319482 -0.900631 0.294609
v 35.991875 12.566546 467.548859 0.752941 0.752941 0.752941
vn 0.083005 0.886599 -0.455030
v 22.855776 16.242275 456.405548 0.752941 0.752941 0.752941
vn 0.183970 0.855467 -0.484077
v 27.263433 15.902479 457.051849 0.752941 0.752941 0.752941
vn -0.284944 -0.896017 0.340531
v 34.117615 13.168816 467.284088 0.752941 0.752941 0.752941
vn 0.016583 0.896822 -0.442081
v 18.648296 16.259956 456.252747 0.752941 0.752941 0.752941
vn 0.721992 -0.175301 -0.669326
v 29.359606 14.092025 456.640076 0.752941 0.752941 0.752941
vn 0.169681 -0.815780 0.552912
v 11.661163 9.667397 456.340698 0.752941 0.752941 0.752941
vn -0.425866 -0.707963 0.563406
v 0.100928 7.446955 456.971802 0.752941 0.752941 0.752941
vn 0.230653 0.836817 -0.496524
v 1.184385 14.175799 456.655029 0.752941 0.752941 0.752941
vn -0.033001 0.849225 -0.526999
v 1.885688 13.860379 456.228027 0.752941 0.752941 0.752941
vn -0.877447 -0.342898 0.335422
v -0.300923 7.718883 456.740753 0.752941 0.752941 0.752941
vn 0.243948 -0.841888 0.481368
v 9.096372 9.123538 456.489349 0.752941 0.752941 0.752941
vn -0.934483 0.254618 0.248819
v 3.410863 18.224720 467.154205 0.752941 0.752941 0.752941
vn -0.086230 0.879404 -0.468201
v 12.779107 15.609538 455.693695 0.752941 0.752941 0.752941
vn 0.027490 0.865890 -0.499478
v 17.817692 16.401508 456.651886 0.752941 0.752941 0.752941
vn 0.116245 -0.765382 0.632991
v 14.165643 9.960233 456.402954 0.752941 0.752941 0.752941
vn -0.011158 0.926081 -0.377161
v 19.422417 16.357023 456.570251 0.752941 0.752941 0.752941
vn 0.242710 0.701485 -0.670082
v 28.914104 15.224629 456.370850 0.752941 0.752941 0.752941
vn 0.682322 -0.229781 -0.694001
v 29.212051 14.528243 456.264252 0.752941 0.752941 0.752941
vn -0.210188 0.843770 -0.493836
v 3.639430 14.532396 456.923126 0.752941 0.752941 0.752941
vn 0.293273 -0.816064 0.498027
v 8.168437 8.844313 456.420380 0.752941 0.752941 0.752941
vn 0.710527 -0.274167 -0.648061
v 28.604227 11.319363 456.713745 0.752941 0.752941 0.752941
vn -0.033501 0.900285 -0.434009
v 17.278721 16.471684 456.706207 0.752941 0.752941 0.752941
vn 0.051884 -0.828440 0.557669
v 18.307348 10.607052 456.580414 0.752941 0.752941 0.752941
vn -0.705772 0.455203 0.542840
v -0.977128 13.595697 456.934418 0.752941 0.752941 0.752941
vn 0.151113 -0.825828 0.543298
v 12.221448 10.007690 456.775543 0.752941 0.752941 0.752941
vn 0.653855 -0.250250 -0.714037
v 28.322275 11.076395 456.503021 0.752941 0.752941 0.752941
vn 0.058395 0.859641 -0.507550
v 14.539708 16.019789 456.409912 0.752941 0.752941 0.752941
vn 0.134260 -0.904981 0.403713
v 4.973001 8.465987 457.222382 0.752941 0.752941 0.752941
vn -0.149313 -0.953405 0.262152
v 25.440184 10.043696 456.221375 0.752941 0.752941 0.752941
vn 0.025401 -0.854102 0.519484
v 0.524734 7.283771 456.956085 0.752941 0.752941 0.752941
vn -0.446834 0.645527 0.619383
v 22.701771 20.927441 467.401154 0.752941 0.752941 0.752941
vn 0.211045 -0.825208 0.523920
v 10.275179 9.417453 456.491058 0.752941 0.752941 0.752941
vn -0.047093 -0.849415 0.525620
v 20.930553 10.919670 456.887756 0.752941 0.752941 0.752941
vn -0.064047 -0.871423 0.486334
v 23.455494 10.676258 456.804962 0.752941 0.752941 0.752941
vn -0.512097 0.433673 0.741407
v 3.848377 19.193485 467.544220 0.752941 0.752941 0.752941
vn -0.438191 0.586409 0.681258
v 22.186831 20.314999 467.581207 0.752941 0.752941 0.752941
vn 0.019711 0.900956 -0.433463
v 20.578527 16.400982 456.841156 0.752941 0.752941 0.752941
vn 0.210465 0.874017 -0.437948
v 27.059649 15.613646 456.293304 0.752941 0.752941 0.752941
vn 0.307025 0.528114 0.791727
v 4.820217 19.318300 467.377106 0.752941 0.752941 0.752941
vn 0.220577 -0.794248 0.566142
v 10.450850 9.926620 457.170593 0.752941 0.752941 0.752941
vn -0.100145 0.893148 -0.438471
v 13.456008 16.108444 456.632538 0.752941 0.752941 0.752941
vn -0.048012 -0.835688 0.547102
v 17.752987 10.804234 456.721313 0.752941 0.752941 0.752941
vn -0.218499 0.932220 0.288486
v -0.730084 13.998534 456.389954 0.752941 0.752941 0.752941
vn -0.083582 0.864737 -0.495222
v 18.362631 16.372959 456.546570 0.752941 0.752941 0.752941
vn -0.364634 -0.850720 0.378573
v 33.025887 13.501950 467.502533 0.752941 0.752941 0.752941
vn 0.270788 0.796759 -0.540230
v 29.355637 15.448453 456.749359 0.752941 0.752941 0.752941
vn -0.025212 0.853178 -0.521010
v 15.113054 16.410883 457.139404 0.752941 0.752941 0.752941
vn 0.667546 -0.139126 -0.731455
v 29.982389 14.814677 456.810425 0.752941 0.752941 0.752941
vn 0.138802 -0.863285 0.485256
v 2.099887 7.569016 457.033691 0.752941 0.752941 0.752941
vn -0.088784 0.887972 -0.451247
v 16.897764 16.495907 456.910950 0.752941 0.752941 0.752941
vn -0.180410 0.848143 -0.498102
v 7.074793 15.845950 457.490021 0.752941 0.752941 0.752941
vn 0.211286 -0.819199 0.533171
v 6.927296 8.488854 456.682037 0.752941 0.752941 0.752941
vn 0.752071 -0.203687 0.626818
v 38.576172 13.689908 467.959900 0.752941 0.752941 0.752941
vn -0.329222 -0.885630 0.327524
v 35.559097 12.757648 467.829559 0.752941 0.752941 0.752941
vn 0.162528 -0.848100 0.504292
v 15.383712 10.695632 456.931702 0.752941 0.752941 0.752941
vn -0.007807 -0.722607 0.691215
v 14.220034 10.429371 456.785034 0.752941 0.752941 0.752941
vn 0.296399 0.758599 -0.580237
v 28.462727 15.153949 456.135193 0.752941 0.752941 0.752941
vn -0.407321 0.770391 0.490497
v 23.552896 21.135826 467.812439 0.752941 0.752941 0.752941
vn 0.342547 0.829380 -0.441350
v 30.785131 19.627029 467.334106 0.752941 0.752941 0.752941
vn -0.026660 -0.974897 0.221055
v 26.981041 10.149971 457.026886 0.752941 0.752941 0.752941
vn 0.108392 -0.823902 0.556270
v 16.073784 10.697158 456.750366 0.752941 0.752941 0.752941
vn 0.243017 -0.933254 -0.264536
v 27.597836 10.146338 456.690643 0.752941 0.752941 0.752941
vn -0.321348 -0.888637 0.327199
v 34.654766 13.190001 467.926208 0.752941 0.752941 0.752941
vn -0.386999 -0.478493 0.788211
v 21.591423 17.961067 467.307159 0.752941 0.752941 0.752941
vn 0.190527 -0.866071 0.462192
v 4.798834 8.096278 456.576294 0.752941 0.752941 0.752941
vn 0.642912 -0.255701 -0.721998
v 29.887184 14.266056 457.104156 0.752941 0.752941 0.752941
vn 0.361066 0.809465 -0.463032
v 29.444193 20.585691 467.720062 0.752941 0.752941 0.752941
vn -0.066968 -0.865812 0.495868
v 22.870783 10.427047 456.524261 0.752941 0.752941 0.752941
vn -0.144530 -0.858705 0.491668
v 22.193632 10.781507 456.731354 0.752941 0.752941 0.752941
vn -0.040729 0.964483 -0.260985
v 0.739744 14.309681 456.612762 0.752941 0.752941 0.752941
vn 0.069821 0.942913 -0.325638
v 32.104946 19.263382 466.964447 0.752941 0.752941 0.752941
vn 0.213740 -0.741134 0.636425
v 7.451022 8.865232 456.810364 0.752941 0.752941 0.752941
vn 0.241211 -0.825309 0.510570
v 7.812314 8.778263 456.651031 0.752941 0.752941 0.752941
vn 0.680508 -0.250089 -0.688742
v 29.584475 12.848235 456.985291 0.752941 0.752941 0.752941
vn 0.268069 0.834401 -0.481575
v 31.028805 19.786045 467.854401 0.752941 0.752941 0.752941
vn 0.147729 -0.797316 0.585204
v 13.385338 10.264427 456.694550 0.752941 0.752941 0.752941
vn 0.145535 -0.761512 0.631600
v 14.506849 10.376033 456.758881 0.752941 0.752941 0.752941
vn 0.010342 0.912262 -0.409476
v 20.157768 16.549911 457.130707 0.752941 0.752941 0.752941
vn 0.098247 -0.817694 0.567207
v 18.846481 10.943061 456.839203 0.752941 0.752941 0.752941
vn 0.577371 0.814192 0.061103
v 38.692757 17.700905 467.532318 0.752941 0.752941 0.752941
vn -0.032609 -0.858854 0.511181
v 19.892326 11.087813 457.052338 0.752941 0.752941 0.752941
vn 0.171721 -0.814749 0.553801
v 7.523073 9.258422 457.406555 0.752941 0.752941 0.752941
vn -0.527877 0.845908 -0.076070
v 0.924055 14.409805 457.252899 0.752941 0.752941 0.752941
vn 0.185805 -0.878053 0.441022
v 5.998626 8.503286 457.008209 0.752941 0.752941 0.752941
vn 0.103599 0.875006 -0.472897
v 24.570223 16.264141 457.040100 0.752941 0.752941 0.752941
vn 0.051723 0.875664 -0.480143
v 14.441609 16.325687 456.862579 0.752941 0.752941 0.752941
vn 0.055704 -0.819989 0.569663
v 16.979448 10.666724 456.559967 0.752941 0.752941 0.752941
vn -0.089916 0.858678 -0.504566
v 15.842549 16.284939 456.778595 0.752941 0.752941 0.752941
vn -0.315731 0.920997 0.228207
v -0.110155 13.914837 456.865417 0.752941 0.752941 0.752941
vn -0.127787 0.921757 -0.366107
v 0.953604 14.427958 456.939880 0.752941 0.752941 0.752941
vn -0.495374 0.188253 0.848036
v 21.468618 19.566744 467.575256 0.752941 0.752941 0.752941
vn -0.036824 0.873020 -0.486292
v 14.133615 16.467064 457.064819 0.752941 0.752941 0.752941
vn -0.049440 0.891688 -0.449942
v 18.143671 16.789776 457.542023 0.752941 0.752941 0.752941
vn 0.074878 0.849040 -0.522996
v 1.700993 14.421989 457.132019 0.752941 0.752941 0.752941
vn 0.236085 -0.874494 0.423702
v 2.584208 7.481935 456.437408 0.752941 0.752941 0.752941
vn 0.037679 0.919398 -0.391518
v 18.877850 16.501562 457.016846 0.752941 0.752941 0.752941
vn -0.353020 -0.892703 0.280105
v 35.175755 12.806303 467.246063 0.752941 0.752941 0.752941
vn 0.163913 0.862475 -0.478820
v 28.432896 15.829403 457.188171 0.752941 0.752941 0.752941
vn 0.235454 -0.963062 -0.130666
v 27.995384 10.166249 457.038086 0.752941 0.752941 0.752941
vn 0.528094 -0.672046 -0.519105
v 28.099306 10.317031 456.784821 0.752941 0.752941 0.752941
vn 0.146120 -0.841054 0.520844
v 16.056307 11.047114 457.293762 0.752941 0.752941 0.752941
vn 0.125012 -0.854460 0.504253
v 1.727775 7.563299 457.035675 0.752941 0.752941 0.752941
vn -0.139800 0.872820 -0.467592
v 9.269331 15.903266 456.842682 0.752941 0.752941 0.752941
vn -0.445685 -0.222758 0.867031
v 21.547667 18.553989 467.520203 0.752941 0.752941 0.752941
vn -0.390296 0.913006 0.118695
v 0.370111 14.153115 456.734802 0.752941 0.752941 0.752941
vn -0.322575 -0.852951 0.410389
v 30.908180 14.453012 467.675110 0.752941 0.752941 0.752941
vn -0.019617 -0.844304 0.535505
v 23.039165 11.012776 457.363617 0.752941 0.752941 0.752941
vn 0.188366 0.835480 -0.516227
v 27.089151 16.113379 457.406342 0.752941 0.752941 0.752941
vn 0.314041 0.794238 -0.520158
v 29.752855 15.445479 457.017792 0.752941 0.752941 0.752941
vn 0.023472 -0.809989 0.585976
v 14.730656 10.675038 457.062073 0.752941 0.752941 0.752941
vn 0.095270 0.903058 -0.418820
v 32.141178 19.554150 467.837799 0.752941 0.752941 0.752941
vn -0.969432 -0.160320 0.185740
v -0.609058 9.662690 457.233856 0.752941 0.752941 0.752941
vn -0.367065 -0.820821 0.437624
v 30.446003 14.447901 467.096069 0.752941 0.752941 0.752941
vn -0.069393 -0.896585 0.437402
v 26.083036 10.583373 457.592957 0.752941 0.752941 0.752941
vn 0.115881 0.897793 -0.424900
v 23.405293 16.339724 456.959412 0.752941 0.752941 0.752941
vn -0.036836 -0.857691 0.512845
v 17.367645 11.176209 457.349945 0.752941 0.752941 0.752941
vn -0.566433 0.697553 0.438833
v -0.665787 13.680615 457.142822 0.752941 0.752941 0.752941
vn 0.052873 0.857889 -0.511108
v 18.656256 16.865538 457.655060 0.752941 0.752941 0.752941
vn 0.715190 -0.430646 -0.550498
v 29.638371 12.112887 457.480499 0.752941 0.752941 0.752941
vn 0.604553 -0.320152 -0.729396
v 28.892052 12.305900 456.593964 0.752941 0.752941 0.752941
vn 0.032717 0.890622 -0.453566
v 26.317480 16.334194 457.300507 0.752941 0.752941 0.752941
vn 0.131395 0.839765 -0.526811
v 26.565489 16.095495 457.036774 0.752941 0.752941 0.752941
vn 0.195854 0.893576 -0.403934
v 29.297762 15.624910 457.202484 0.752941 0.752941 0.752941
vn -0.129150 0.856536 -0.499666
v 3.020955 14.871717 457.765808 0.752941 0.752941 0.752941
vn 0.177484 -0.840439 0.512018
v 1.702319 7.974167 457.600311 0.752941 0.752941 0.752941
vn 0.061129 -0.837935 0.542336
v 16.670996 10.903036 456.989960 0.752941 0.752941 0.752941
vn -0.120266 -0.838894 0.530841
v 22.533150 10.930440 457.341461 0.752941 0.752941 0.752941
vn 0.820075 0.431659 0.375697
v 39.457760 17.128199 467.147736 0.752941 0.752941 0.752941
vn 0.070417 -0.812331 0.578930
v 18.164616 10.996406 457.145416 0.752941 0.752941 0.752941
vn -0.118098 -0.886930 0.446552
v 24.320215 10.780620 457.237549 0.752941 0.752941 0.752941
vn 0.058152 0.907931 -0.415065
v 16.184156 16.666058 457.274170 0.752941 0.752941 0.752941
vn 0.045950 -0.829436 0.556708
v 14.367142 10.837292 457.263916 0.752941 0.752941 0.752941
vn 0.226514 -0.804682 0.548797
v 9.869006 9.701412 457.152435 0.752941 0.752941 0.752941
vn -0.191067 0.857112 -0.478385
v 8.849404 15.922845 457.101959 0.752941 0.752941 0.752941
vn 0.049186 0.897644 -0.437967
v 21.635166 16.789640 457.572021 0.752941 0.752941 0.752941
vn 0.086535 0.506659 0.857793
v 4.278597 19.206215 467.602478 0.752941 0.752941 0.752941
vn -0.111661 0.793442 -0.598316
v 15.717384 16.399197 456.985413 0.752941 0.752941 0.752941
vn -0.014475 0.948383 -0.316796
v 17.542227 16.615065 457.308350 0.752941 0.752941 0.752941
vn -0.010538 0.921890 -0.387309
v 19.598238 16.515318 457.076324 0.752941 0.752941 0.752941
vn 0.062332 0.871443 -0.486521
v 1.799340 14.648951 457.553131 0.752941 0.752941 0.752941
vn -0.478128 -0.023128 0.877986
v 21.445566 19.075468 467.548218 0.752941 0.752941 0.752941
vn 0.178413 -0.782522 0.596514
v 11.731159 10.237628 457.226807 0.752941 0.752941 0.752941
vn 0.161664 -0.816405 0.554390
v 11.413919 10.029723 456.924988 0.752941 0.752941 0.752941
vn 0.031850 -0.839879 0.541838
v 17.912256 11.222317 457.495819 0.752941 0.752941 0.752941
vn -0.186469 -0.868180 0.459884
v 21.921988 11.229166 457.555969 0.752941 0.752941 0.752941
vn 0.074084 0.882491 -0.464458
v 25.551294 16.234676 457.131317 0.752941 0.752941 0.752941
vn 0.167954 0.856829 -0.487480
v 27.530880 15.769958 456.956207 0.752941 0.752941 0.752941
vn 0.300431 -0.801947 0.516355
v 9.050651 9.692594 457.393738 0.752941 0.752941 0.752941
vn 0.109064 -0.842838 0.527000
v 15.161160 10.889055 457.490234 0.752941 0.752941 0.752941
vn 0.690842 -0.537138 -0.483963
v 28.944481 10.499034 457.530121 0.752941 0.752941 0.752941
vn 0.054285 -0.857721 0.511242
v 37.423859 12.186838 467.546204 0.752941 0.752941 0.752941
vn 0.212700 -0.860910 0.462160
v 5.401177 8.556729 457.375580 0.752941 0.752941 0.752941
vn -0.073159 -0.855275 0.512984
v 21.162275 11.245291 457.396271 0.752941 0.752941 0.752941
vn -0.086199 -0.873597 0.478956
v 26.266890 10.358705 457.116058 0.752941 0.752941 0.752941
vn -0.253208 0.837751 -0.483796
v 4.705988 15.148357 457.363464 0.752941 0.752941 0.752941
vn 0.213139 -0.775835 0.593845
v 11.770694 10.562321 457.557129 0.752941 0.752941 0.752941
vn 0.242297 -0.843632 0.479143
v 2.718140 7.960098 457.311249 0.752941 0.752941 0.752941
vn 0.102586 0.836266 -0.538642
v 14.444656 16.495859 457.231842 0.752941 0.752941 0.752941
vn 0.189238 -0.874895 0.445812
v 3.634794 8.374983 457.583527 0.752941 0.752941 0.752941
vn -0.301710 -0.852900 0.426066
v 29.305176 15.149209 467.552948 0.752941 0.752941 0.752941
vn 0.007318 0.877191 -0.480085
v 21.234617 16.791498 457.580322 0.752941 0.752941 0.752941
vn -0.078054 0.888307 -0.452569
v 10.932417 16.540718 457.766571 0.752941 0.752941 0.752941
vn 0.138507 -0.988165 0.065919
v 28.453428 10.247113 457.561829 0.752941 0.752941 0.752941
vn 0.641050 -0.193018 -0.742832
v 30.350973 14.075018 457.490143 0.752941 0.752941 0.752941
vn 0.161684 -0.821652 0.546577
v 2.718787 8.204009 457.844543 0.752941 0.752941 0.752941
vn -0.895350 0.205565 0.395083
v -0.560018 12.813162 457.913208 0.752941 0.752941 0.752941
vn 0.171226 -0.807322 0.564724
v 13.233892 10.555123 457.142517 0.752941 0.752941 0.752941
vn -0.075471 -0.948689 0.307073
v 27.770906 10.178166 457.407806 0.752941 0.752941 0.752941
vn 0.139390 -0.828488 0.542382
v 13.460394 10.983634 457.715851 0.752941 0.752941 0.752941
vn 0.043799 0.943601 -0.328175
v 16.478182 16.689619 457.491943 0.752941 0.752941 0.752941
vn -0.044283 -0.862789 0.503621
v 20.421146 11.082358 457.148590 0.752941 0.752941 0.752941
vn -0.817558 0.328761 0.472774
v 3.664587 18.797693 467.606506 0.752941 0.752941 0.752941
vn -0.217748 -0.865268 0.451550
v 25.339201 10.445569 456.929199 0.752941 0.752941 0.752941
vn -0.562522 -0.705961 0.430335
v -0.099448 8.013070 457.643677 0.752941 0.752941 0.752941
vn 0.411668 -0.910783 -0.031666
v 28.980057 10.371386 457.848969 0.752941 0.752941 0.752941
vn 0.781271 -0.293446 -0.550913
v 29.389034 11.317300 457.962921 0.752941 0.752941 0.752941
vn -0.213149 -0.433611 0.875528
v 3.100099 16.204201 467.506348 0.752941 0.752941 0.752941
vn 0.783064 -0.365326 -0.503337
v 29.144501 11.339822 457.396362 0.752941 0.752941 0.752941
vn 0.089133 -0.808329 0.581945
v 2.156411 7.965817 457.437561 0.752941 0.752941 0.752941
vn -0.384153 0.668355 0.636968
v 21.683334 20.757130 466.869293 0.752941 0.752941 0.752941
vn 0.208955 -0.805088 0.555131
v 11.301432 10.484886 457.697327 0.752941 0.752941 0.752941
vn -0.448026 0.510366 0.734030
v 21.564400 20.128443 467.360077 0.752941 0.752941 0.752941
vn -0.025546 -0.857726 0.513471
v 20.506264 11.427551 457.656128 0.752941 0.752941 0.752941
vn 0.157593 -0.827899 0.538282
v 1.100564 7.743594 457.413055 0.752941 0.752941 0.752941
vn 0.015671 0.875167 -0.483567
v 25.934914 16.330063 457.384247 0.752941 0.752941 0.752941
vn 0.196656 0.890707 -0.409838
v 28.597824 15.975998 457.599243 0.752941 0.752941 0.752941
vn 0.262033 -0.770179 0.581517
v 6.646750 8.897875 457.259705 0.752941 0.752941 0.752941
vn 0.285253 -0.798504 0.530115
v 9.810938 10.668447 458.423645 0.752941 0.752941 0.752941
vn 0.222921 -0.881078 0.417143
v 3.269767 8.464141 457.882111 0.752941 0.752941 0.752941
vn 0.082078 -0.864164 0.496472
v 16.756834 11.288745 457.532043 0.752941 0.752941 0.752941
vn -0.955844 -0.078898 0.283085
v -0.431624 10.286153 458.393463 0.752941 0.752941 0.752941
vn 0.191872 0.900431 -0.390396
v 26.739857 21.469259 467.673645 0.752941 0.752941 0.752941
vn -0.367001 0.601934 0.709215
v 3.840653 19.785879 467.259613 0.752941 0.752941 0.752941
vn -0.152035 0.844458 -0.513591
v 7.801548 16.188652 457.907135 0.752941 0.752941 0.752941
vn -0.028555 0.891575 -0.451972
v 15.050038 16.805576 457.661499 0.752941 0.752941 0.752941
vn 0.073591 0.875346 -0.477864
v 25.135374 16.531445 457.708160 0.752941 0.752941 0.752941
vn -0.193834 -0.918147 0.345592
v 25.340912 10.896584 457.796875 0.752941 0.752941 0.752941
vn 0.147873 0.880435 -0.450520
v 26.757065 16.386129 457.627472 0.752941 0.752941 0.752941
vn -0.039770 -0.831319 0.554370
v 22.470728 11.149550 457.603210 0.752941 0.752941 0.752941
vn 0.175304 0.843153 -0.508293
v 27.775278 16.142448 457.497437 0.752941 0.752941 0.752941
vn 0.171576 0.868814 -0.464461
v 29.392269 16.004995 457.973297 0.752941 0.752941 0.752941
vn 0.226557 0.868040 -0.441790
v 26.665695 21.183306 467.126495 0.752941 0.752941 0.752941
vn -0.044785 0.893298 -0.447228
v 13.001617 16.536795 457.475739 0.752941 0.752941 0.752941
vn 0.706389 -0.210913 -0.675670
v 30.339056 13.075985 457.651001 0.752941 0.752941 0.752941
vn -0.147419 -0.873697 0.463596
v 23.532713 10.925452 457.421112 0.752941 0.752941 0.752941
vn 0.209963 -0.796785 0.566612
v 8.359094 9.444775 457.520905 0.752941 0.752941 0.752941
vn 0.138126 0.843370 -0.519276
v 24.922567 16.708065 457.937042 0.752941 0.752941 0.752941
vn -0.327349 -0.733524 0.595639
v 25.200739 16.267544 466.894409 0.752941 0.752941 0.752941
vn 0.173140 -0.893103 0.415198
v 4.388505 8.513562 457.575104 0.752941 0.752941 0.752941
vn 0.156755 -0.805970 0.570823
v 12.507589 10.763528 457.685028 0.752941 0.752941 0.752941
vn -0.090271 0.834993 -0.542806
v 13.385640 16.771605 457.913177 0.752941 0.752941 0.752941
vn -0.014501 -0.840312 0.541909
v 17.566891 11.381594 457.778748 0.752941 0.752941 0.752941
vn -0.627013 0.686219 -0.368725
v 1.169519 14.747122 458.069611 0.752941 0.752941 0.752941
vn -0.253019 0.908958 -0.331325
v 1.329559 14.783303 457.599518 0.752941 0.752941 0.752941
vn -0.130542 0.871468 -0.472761
v 8.784551 16.258741 457.679962 0.752941 0.752941 0.752941
vn -0.172837 -0.921767 0.347092
v 24.464058 11.027961 457.809143 0.752941 0.752941 0.752941
vn 0.061596 0.896635 -0.438466
v 24.037527 16.651789 457.602112 0.752941 0.752941 0.752941
vn -0.204853 -0.868364 0.451639
v 27.516356 10.438618 457.751099 0.752941 0.752941 0.752941
vn 0.137714 0.904248 -0.404191
v 25.833982 16.706278 458.024170 0.752941 0.752941 0.752941
vn -0.005320 -0.853018 0.521854
v 19.238480 11.459930 457.635071 0.752941 0.752941 0.752941
vn -0.144025 0.865568 -0.479634
v 13.837790 16.578140 457.572144 0.752941 0.752941 0.752941
vn 0.180163 -0.787621 0.589233
v 7.731823 9.541425 457.737427 0.752941 0.752941 0.752941
vn -0.003292 0.893626 -0.448799
v 14.544218 16.875368 457.728607 0.752941 0.752941 0.752941
vn 0.381276 0.731245 -0.565606
v 30.295399 15.545156 457.490265 0.752941 0.752941 0.752941
vn -0.849534 0.089339 0.519914
v -0.907244 13.007750 457.102142 0.752941 0.752941 0.752941
vn -0.774116 0.503648 0.383513
v -0.314326 13.690907 457.773376 0.752941 0.752941 0.752941
vn -0.291826 -0.882861 0.367960
v 34.644341 12.742494 466.696442 0.752941 0.752941 0.752941
vn -0.090441 -0.873320 0.478678
v 0.624207 8.032992 458.164398 0.752941 0.752941 0.752941
vn -0.232579 0.839980 -0.490246
v 5.807116 15.943669 458.265564 0.752941 0.752941 0.752941
vn 0.391223 0.372544 0.841520
v 5.033341 18.914677 467.549683 0.752941 0.752941 0.752941
vn 0.332768 0.805337 -0.490609
v 30.095268 19.687485 466.929413 0.752941 0.752941 0.752941
vn 0.074465 -0.835681 0.544143
v 16.170490 11.352654 457.849152 0.752941 0.752941 0.752941
vn -0.084374 0.848115 -0.523051
v 12.496985 16.763451 458.087708 0.752941 0.752941 0.752941
vn 0.374923 -0.533563 0.758118
v 4.176527 16.867044 467.726227 0.752941 0.752941 0.752941
vn -0.045192 -0.884991 0.463409
v 17.291515 11.545280 457.948273 0.752941 0.752941 0.752941
vn 0.123708 -0.808829 0.574884
v 18.250895 11.503277 457.738678 0.752941 0.752941 0.752941
vn -0.400227 -0.754661 0.519908
v 27.958321 15.565869 467.347260 0.752941 0.752941 0.752941
vn 0.196068 -0.834756 0.514529
v 4.367025 8.648989 457.891327 0.752941 0.752941 0.752941
vn -0.294100 -0.898699 0.325341
v 33.302727 13.289526 467.114746 0.752941 0.752941 0.752941
vn 0.254536 0.865339 -0.431740
v 28.029749 16.168058 457.803284 0.752941 0.752941 0.752941
vn -0.057351 -0.847268 0.528060
v 0.556414 7.720845 457.548248 0.752941 0.752941 0.752941
vn 0.011008 -0.857180 0.514899
v 18.657236 11.624187 457.917816 0.752941 0.752941 0.752941
vn -0.011827 0.891439 -0.452985
v 15.799961 16.793892 457.411438 0.752941 0.752941 0.752941
vn -0.388606 -0.890635 0.236125
v 35.121979 12.898675 467.646057 0.752941 0.752941 0.752941
vn 0.142166 -0.845787 0.514231
v 4.903259 8.712133 457.813110 0.752941 0.752941 0.752941
vn 0.105745 0.939960 -0.324489
v 26.470743 16.466927 457.826172 0.752941 0.752941 0.752941
vn 0.200694 0.863612 -0.462488
v 29.978014 15.693610 457.578918 0.752941 0.752941 0.752941
vn 0.671089 -0.178140 -0.719657
v 30.706648 14.790648 457.531494 0.752941 0.752941 0.752941
vn -0.562421 0.822224 0.087347
v 0.050234 13.970729 457.835480 0.752941 0.752941 0.752941
vn 0.112832 0.892718 -0.436261
v 16.327677 16.856621 457.890381 0.752941 0.752941 0.752941
vn -0.072976 0.905847 -0.417271
v 13.987835 16.988567 458.068451 0.752941 0.752941 0.752941
vn -0.232572 -0.908792 0.346421
v 27.939466 10.477388 458.058960 0.752941 0.752941 0.752941
vn -0.013186 0.908432 -0.417826
v 20.028133 16.824535 457.659302 0.752941 0.752941 0.752941
vn 0.291489 -0.780434 0.553133
v 5.837458 8.915494 457.611542 0.752941 0.752941 0.752941
vn -0.873935 0.455566 0.169404
v 0.205413 13.929595 458.533569 0.752941 0.752941 0.752941
vn -0.049389 -0.859613 0.508552
v 19.849401 11.544288 457.821014 0.752941 0.752941 0.752941
vn 0.365320 0.621005 0.693465
v 5.016920 19.726431 466.977875 0.752941 0.752941 0.752941
vn 0.150910 -0.818609 0.554171
v 13.201691 11.119702 457.991608 0.752941 0.752941 0.752941
vn 0.043062 -0.608477 0.792402
v 3.057342 15.634201 467.168976 0.752941 0.752941 0.752941
vn 0.412697 0.269709 0.870022
v 5.709558 18.688456 467.212769 0.752941 0.752941 0.752941
vn 0.207584 0.904809 -0.371792
v 25.957859 16.805452 458.493774 0.752941 0.752941 0.752941
vn 0.657494 0.340536 -0.672114
v 30.758024 15.277963 457.645203 0.752941 0.752941 0.752941
vn 0.725226 -0.406900 -0.555409
v 30.449066 12.832636 457.944824 0.752941 0.752941 0.752941
vn 0.196072 0.841995 -0.502593
v 29.036543 16.347208 458.454742 0.752941 0.752941 0.752941
vn 0.187427 -0.789623 0.584265
v 8.184613 9.994856 458.178070 0.752941 0.752941 0.752941
vn 0.243171 -0.797877 0.551597
v 9.052885 10.181611 458.235870 0.752941 0.752941 0.752941
vn 0.110313 -0.881527 0.459066
v 2.462165 8.406022 458.097626 0.752941 0.752941 0.752941
vn 0.042027 0.900260 -0.433319
v 18.839388 17.174124 458.157776 0.752941 0.752941 0.752941
vn 0.194347 -0.887580 0.417649
v 2.977579 8.494358 458.310333 0.752941 0.752941 0.752941
vn 0.069229 0.882046 -0.466049
v 19.305458 16.889685 457.848511 0.752941 0.752941 0.752941
vn -0.026088 -0.891569 0.452133
v 26.093010 10.988461 458.419098 0.752941 0.752941 0.752941
vn 0.000911 0.856214 -0.516620
v 21.258526 17.076992 457.978088 0.752941 0.752941 0.752941
vn 0.012953 -0.852073 0.523263
v 16.843706 11.598673 458.169495 0.752941 0.752941 0.752941
vn -0.322122 -0.823805 0.466457
v 28.465155 15.354137 467.469269 0.752941 0.752941 0.752941
vn -0.348147 -0.807196 0.476684
v 28.094013 15.237761 467.051666 0.752941 0.752941 0.752941
vn 0.087054 -0.851224 0.517532
v 13.990438 11.207847 457.940979 0.752941 0.752941 0.752941
vn 0.197291 0.690701 0.695707
v 4.334622 19.851948 467.185730 0.752941 0.752941 0.752941
vn 0.185454 -0.795565 0.576786
v 15.427550 11.311880 457.852692 0.752941 0.752941 0.752941
vn -0.135918 0.908013 -0.396281
v 17.872660 17.152386 458.208160 0.752941 0.752941 0.752941
vn -0.819503 0.404692 0.405757
v 3.644709 19.746536 466.931580 0.752941 0.752941 0.752941
vn 0.712342 -0.484167 -0.508086
v 29.874184 11.977703 458.090118 0.752941 0.752941 0.752941
vn -0.933725 -0.266177 0.239391
v -0.260050 8.641068 458.100739 0.752941 0.752941 0.752941
vn 0.177017 -0.806703 0.563821
v 8.603723 10.298013 458.475983 0.752941 0.752941 0.752941
vn 0.079743 0.909080 -0.408919
v 22.460999 16.737934 457.705811 0.752941 0.752941 0.752941
vn -0.079496 0.878689 -0.470729
v 15.988689 17.208004 458.373260 0.752941 0.752941 0.752941
vn 0.381805 0.792746 -0.475161
v 29.255520 20.210503 466.952972 0.752941 0.752941 0.752941
vn 0.863746 -0.018982 0.503570
v 39.055004 15.857253 467.151276 0.752941 0.752941 0.752941
vn 0.185101 -0.858262 0.478669
v 1.131458 8.081525 458.051727 0.752941 0.752941 0.752941
vn -0.212730 0.867192 -0.450248
v 6.322219 16.428219 458.711334 0.752941 0.752941 0.752941
vn 0.196931 0.874909 -0.442439
v 27.705891 16.477877 458.091614 0.752941 0.752941 0.752941
vn 0.079869 -0.865655 0.494229
v 17.494526 11.624024 458.144592 0.752941 0.752941 0.752941
vn -0.215444 0.855241 -0.471325
v 1.426923 14.942129 457.983826 0.752941 0.752941 0.752941
vn -0.214773 -0.882365 0.418694
v 37.039913 12.107040 467.143463 0.752941 0.752941 0.752941
vn 0.237225 -0.713694 0.659064
v 38.347282 12.278111 467.356873 0.752941 0.752941 0.752941
vn 0.199810 0.860679 -0.468302
v 30.134912 16.114706 458.428925 0.752941 0.752941 0.752941
vn 0.194900 0.929432 -0.313322
v 34.156197 18.982996 467.218445 0.752941 0.752941 0.752941
vn 0.101399 0.904802 -0.413583
v 21.774876 17.086016 458.234955 0.752941 0.752941 0.752941
vn 0.064265 -0.850426 0.522155
v 0.541942 8.268986 458.552277 0.752941 0.752941 0.752941
vn 0.008710 -0.873964 0.485912
v 14.326012 11.235198 457.973480 0.752941 0.752941 0.752941
vn -0.093879 0.797347 -0.596175
v 11.649794 16.908234 458.434753 0.752941 0.752941 0.752941
vn 0.154210 -0.782975 0.602635
v 14.968628 11.326685 458.094604 0.752941 0.752941 0.752941
vn 0.166381 0.922062 -0.349455
v 31.503862 19.402124 467.244415 0.752941 0.752941 0.752941
vn -0.954334 -0.031695 0.297054
v -0.821178 11.637369 457.550293 0.752941 0.752941 0.752941
vn -0.049460 0.891212 -0.450882
v 13.309614 16.979837 458.224304 0.752941 0.752941 0.752941
vn -0.854362 0.329914 0.401525
v -0.167100 13.231874 458.405182 0.752941 0.752941 0.752941
vn -0.097833 0.930035 -0.354208
v 15.424715 16.898779 458.025452 0.752941 0.752941 0.752941
vn 0.048256 0.915094 -0.400342
v 19.271429 17.234686 458.444244 0.752941 0.752941 0.752941
vn -0.029705 0.870556 -0.491172
v 20.123760 17.087521 458.313873 0.752941 0.752941 0.752941
vn -0.077664 0.891478 -0.446358
v 17.377623 16.961536 458.064514 0.752941 0.752941 0.752941
vn 0.239288 -0.785173 0.571179
v 5.519184 9.070789 458.136932 0.752941 0.752941 0.752941
vn -0.405891 -0.095825 0.908884
v 20.789465 18.831917 467.305634 0.752941 0.752941 0.752941
vn 0.704793 -0.046464 -0.707890
v 31.332714 14.859244 458.156342 0.752941 0.752941 0.752941
vn -0.040875 -0.856371 0.514740
v 19.551435 11.825070 458.270905 0.752941 0.752941 0.752941
vn -0.116821 -0.887069 0.446611
v 26.588369 10.827960 458.162048 0.752941 0.752941 0.752941
vn -0.223884 -0.872221 0.434864
v 25.782684 10.821119 458.061218 0.752941 0.752941 0.752941
vn -0.107886 -0.929653 0.352287
v 28.315117 10.448634 458.310059 0.752941 0.752941 0.752941
vn 0.270473 -0.597616 0.754784
v 3.197262 15.939399 467.333954 0.752941 0.752941 0.752941
vn -0.371817 -0.891447 0.258988
v 35.472725 12.626221 467.062653 0.752941 0.752941 0.752941
vn -0.708307 -0.088557 0.700328
v 2.810576 16.248711 467.359192 0.752941 0.752941 0.752941
vn 0.724182 -0.243459 -0.645203
v 30.843910 13.700161 458.096436 0.752941 0.752941 0.752941
vn 0.721351 -0.177642 0.669400
v 39.307964 16.857372 467.413818 0.752941 0.752941 0.752941
vn 0.182337 -0.803901 0.566124
v 12.137445 11.063876 458.210724 0.752941 0.752941 0.752941
vn -0.111840 0.855913 -0.504882
v 20.704403 16.990511 458.050842 0.752941 0.752941 0.752941
vn -0.145816 -0.838172 0.525553
v 21.965807 11.484553 458.119720 0.752941 0.752941 0.752941
vn -0.097287 -0.853815 0.511405
v 23.068895 11.406752 458.027435 0.752941 0.752941 0.752941
vn -0.726550 0.648238 -0.227843
v 0.553751 14.441952 458.495880 0.752941 0.752941 0.752941
vn 0.041892 -0.887481 0.458936
v 19.013470 11.994320 458.528503 0.752941 0.752941 0.752941
vn 0.154830 0.877316 -0.454252
v 25.452496 16.884344 458.341217 0.752941 0.752941 0.752941
vn 0.174655 -0.782537 0.597605
v 4.950156 9.137743 458.268890 0.752941 0.752941 0.752941
vn -0.441930 0.342759 0.828984
v 20.834885 19.784521 467.130859 0.752941 0.752941 0.752941
vn -0.033544 0.934165 -0.355260
v 17.939960 17.286009 458.626404 0.752941 0.752941 0.752941
vn 0.021526 0.898718 -0.437997
v 24.621124 16.850023 458.092804 0.752941 0.752941 0.752941
vn -0.147923 -0.892928 0.425203
v 25.284422 11.040624 458.150696 0.752941 0.752941 0.752941
vn 0.124295 0.895624 -0.427093
v 25.130987 17.065990 458.520050 0.752941 0.752941 0.752941
vn -0.153617 -0.912510 0.379114
v 24.761093 10.993953 458.061462 0.752941 0.752941 0.752941
vn 0.362841 0.058486 0.930014
v 6.225911 18.305971 467.087433 0.752941 0.752941 0.752941
vn -0.398379 -0.198652 0.895451
v 20.121477 18.726683 466.916931 0.752941 0.752941 0.752941
vn 0.029075 -0.778046 0.627534
v 16.226665 11.585047 458.117950 0.752941 0.752941 0.752941
vn 0.262635 -0.811011 0.522765
v 6.161717 9.413919 458.215942 0.752941 0.752941 0.752941
vn 0.129882 -0.793738 0.594231
v 14.357598 11.460319 458.400146 0.752941 0.752941 0.752941
vn 0.165601 -0.760833 0.627463
v 14.990213 11.624543 458.394226 0.752941 0.752941 0.752941
vn -0.176926 -0.868019 0.463939
v 21.650759 11.589786 458.147675 0.752941 0.752941 0.752941
vn -0.250665 -0.865214 0.434249
v 27.841648 10.685999 458.617584 0.752941 0.752941 0.752941
vn -0.001026 0.949489 -0.313798
v 14.441216 17.019629 458.375488 0.752941 0.752941 0.752941
vn 0.107138 0.899174 -0.424272
v 16.394800 17.469530 458.775635 0.752941 0.752941 0.752941
vn 0.046525 -0.858756 0.510268
v 18.612791 12.142061 459.002319 0.752941 0.752941 0.752941
vn -0.147362 0.877964 -0.455482
v 7.378232 16.519499 458.533783 0.752941 0.752941 0.752941
vn 0.040884 0.898520 -0.437025
v 22.253029 17.310207 458.717041 0.752941 0.752941 0.752941
vn 0.012660 0.922366 -0.386110
v 24.010130 16.855135 458.171967 0.752941 0.752941 0.752941
vn 0.654426 -0.279921 -0.702403
v 31.555120 14.397619 458.640533 0.752941 0.752941 0.752941
vn -0.298824 -0.831324 0.468620
v 31.319046 14.036561 467.081177 0.752941 0.752941 0.752941
vn 0.216484 -0.846738 0.485973
v 3.652698 8.622999 458.131866 0.752941 0.752941 0.752941
vn 0.753052 -0.474134 -0.456191
v 29.458706 10.795414 458.152924 0.752941 0.752941 0.752941
vn 0.239094 -0.756338 0.608923
v 3.414662 8.859534 458.519348 0.752941 0.752941 0.752941
vn 0.150460 -0.872740 0.464421
v 1.745385 8.412638 458.376556 0.752941 0.752941 0.752941
vn 0.058794 0.883170 -0.465353
v 16.927851 17.366575 458.683228 0.752941 0.752941 0.752941
vn 0.402370 -0.489340 0.773722
v 5.039556 16.791132 467.218323 0.752941 0.752941 0.752941
vn 0.563366 0.439290 -0.699745
v 31.266905 15.478576 458.352051 0.752941 0.752941 0.752941
vn 0.536768 -0.102707 -0.837455
v 32.034508 15.054655 458.703125 0.752941 0.752941 0.752941
vn -0.045454 -0.848094 0.527893
v 22.249016 11.678419 458.395752 0.752941 0.752941 0.752941
vn 0.696343 -0.415359 -0.585306
v 30.755289 12.683908 458.431976 0.752941 0.752941 0.752941
vn -0.895963 0.193400 0.399809
v -0.347119 12.606544 458.566803 0.752941 0.752941 0.752941
vn 0.183510 -0.800080 0.571136
v 10.674534 10.632431 458.100983 0.752941 0.752941 0.752941
vn 0.214387 -0.786645 0.578988
v 10.895071 11.231060 458.871246 0.752941 0.752941 0.752941
vn 0.046568 -0.772948 0.632758
v 17.364397 11.852146 458.591705 0.752941 0.752941 0.752941
vn -0.411999 0.751190 -0.515723
v 1.247540 15.168713 458.395660 0.752941 0.752941 0.752941
vn -0.246017 0.833678 -0.494425
v 4.297224 15.546264 458.297089 0.752941 0.752941 0.752941
vn -0.060766 0.903888 -0.423432
v 14.987324 17.050724 458.360626 0.752941 0.752941 0.752941
vn 0.711634 -0.378645 0.591782
v 39.089298 16.335848 467.285553 0.752941 0.752941 0.752941
vn 0.233932 -0.790767 0.565654
v 4.307103 9.057604 458.435822 0.752941 0.752941 0.752941
vn -0.065435 0.880135 -0.470192
v 2.110723 15.450819 458.871490 0.752941 0.752941 0.752941
vn -0.134277 0.872369 -0.470045
v 8.041468 16.745663 458.789520 0.752941 0.752941 0.752941
vn 0.069212 -0.869642 0.488807
v 17.969147 11.830704 458.303314 0.752941 0.752941 0.752941
vn 0.118661 -0.808000 0.577109
v 15.629786 11.680943 458.332153 0.752941 0.752941 0.752941
vn -0.150748 -0.880658 0.449128
v 21.383417 11.688870 458.199158 0.752941 0.752941 0.752941
vn -0.037614 -0.776784 0.628643
v 16.870913 11.934653 458.604858 0.752941 0.752941 0.752941
vn -0.159025 -0.861632 0.481977
v 23.672079 11.527229 458.395355 0.752941 0.752941 0.752941
vn -0.311169 -0.680998 0.662885
v 22.025171 17.515583 467.149841 0.752941 0.752941 0.752941
vn -0.405981 0.841644 -0.356112
v 1.179765 15.327571 458.753754 0.752941 0.752941 0.752941
vn 0.536668 0.841578 -0.061106
v 38.127567 18.104280 468.048584 0.752941 0.752941 0.752941
vn 0.139928 -0.907178 0.396797
v 1.434458 8.460325 458.553345 0.752941 0.752941 0.752941
vn -0.043896 -0.853490 0.519257
v 20.214678 11.842611 458.408295 0.752941 0.752941 0.752941
vn 0.153798 0.896027 -0.416511
v 28.757141 16.585239 458.702301 0.752941 0.752941 0.752941
vn 0.425797 0.714019 -0.555765
v 30.738235 15.830066 458.171936 0.752941 0.752941 0.752941
vn -0.024329 -0.817923 0.574813
v 17.739214 12.115895 458.806824 0.752941 0.752941 0.752941
vn 0.715717 -0.411864 -0.564019
v 30.190720 11.554729 458.680023 0.752941 0.752941 0.752941
vn -0.067120 0.863733 -0.499460
v 20.027475 17.353533 458.719452 0.752941 0.752941 0.752941
vn 0.095763 0.902138 -0.420685
v 20.516636 17.507507 458.937134 0.752941 0.752941 0.752941
vn -0.011233 0.900622 -0.434458
v 20.899933 17.234890 458.323761 0.752941 0.752941 0.752941
vn 0.207046 -0.819131 0.534935
v 2.190531 8.660795 458.770264 0.752941 0.752941 0.752941
vn 0.834189 -0.022519 0.551018
v 39.186165 13.777263 467.176056 0.752941 0.752941 0.752941
vn 0.000001 -0.942673 0.333719
v 29.015879 10.654539 458.928650 0.752941 0.752941 0.752941
vn -0.025105 0.866135 -0.499178
v 12.823415 17.137766 458.513306 0.752941 0.752941 0.752941
vn 0.167912 -0.813182 0.557261
v 2.587686 8.592972 458.578888 0.752941 0.752941 0.752941
vn -0.264414 -0.750343 0.605863
v 22.338079 16.956182 466.592773 0.752941 0.752941 0.752941
vn -0.073170 0.845991 -0.528153
v 8.840831 16.779394 458.747986 0.752941 0.752941 0.752941
vn -0.041968 0.933194 -0.356914
v 11.870558 17.195969 458.709747 0.752941 0.752941 0.752941
vn -0.092610 0.834376 -0.543360
v 12.256124 17.042665 458.443024 0.752941 0.752941 0.752941
vn -0.709766 0.590568 -0.384009
v 0.697650 14.886616 458.755554 0.752941 0.752941 0.752941
vn 0.503221 0.681122 -0.531828
v 29.547525 19.869307 466.768372 0.752941 0.752941 0.752941
vn -0.212547 -0.875294 0.434378
v 27.382126 10.952213 458.779602 0.752941 0.752941 0.752941
vn 0.170393 0.861055 -0.479114
v 26.104872 17.088022 459.077026 0.752941 0.752941 0.752941
vn 0.410505 -0.911845 -0.004873
v 29.428925 10.643695 458.479645 0.752941 0.752941 0.752941
vn 0.098779 0.922204 -0.373875
v 27.710627 16.651745 458.620148 0.752941 0.752941 0.752941
vn 0.113054 0.927382 -0.356624
v 25.223257 17.144699 458.799347 0.752941 0.752941 0.752941
vn 0.745143 -0.378657 -0.548981
v 31.447477 13.339616 458.808014 0.752941 0.752941 0.752941
vn 0.079994 -0.863229 0.498434
v 13.185667 11.533741 458.600098 0.752941 0.752941 0.752941
vn 0.132444 -0.795104 0.591835
v 13.465305 11.721516 458.984955 0.752941 0.752941 0.752941
vn -0.114609 0.876657 -0.467266
v 9.987191 16.653671 458.298279 0.752941 0.752941 0.752941
vn -0.108301 0.840671 -0.530607
v 10.712983 16.905289 458.544037 0.752941 0.752941 0.752941
vn 0.236136 -0.732503 0.638497
v 2.703998 8.896148 458.812012 0.752941 0.752941 0.752941
vn 0.151179 0.928852 -0.338200
v 25.800667 21.449265 467.227325 0.752941 0.752941 0.752941
vn 0.157196 -0.813276 0.560243
v 5.545506 9.616812 458.786163 0.752941 0.752941 0.752941
vn 0.433557 0.570990 -0.697136
v 31.693481 15.540764 458.754211 0.752941 0.752941 0.752941
vn -0.921709 0.039614 0.385854
v -0.121460 11.620644 459.262787 0.752941 0.752941 0.752941
vn -0.100437 0.820257 -0.563108
v 9.432416 16.799614 458.687164 0.752941 0.752941 0.752941
vn 0.231598 -0.856692 0.460914
v 1.643733 8.650939 459.062653 0.752941 0.752941 0.752941
vn 0.311338 -0.776869 0.547306
v 2.210925 9.058537 459.228424 0.752941 0.752941 0.752941
vn 0.018063 -0.823814 0.566573
v 16.387924 11.924407 458.557953 0.752941 0.752941 0.752941
vn 0.215597 -0.796277 0.565209
v 8.435878 10.464469 458.812469 0.752941 0.752941 0.752941
vn 0.156743 0.874137 -0.459692
v 29.657494 16.695208 459.301361 0.752941 0.752941 0.752941
vn -0.150134 -0.879328 0.451932
v 20.734846 12.153635 458.872070 0.752941 0.752941 0.752941
vn -0.207696 0.970050 0.125959
v 23.780678 21.424788 467.197754 0.752941 0.752941 0.752941
vn -0.232333 -0.867150 0.440536
v 23.956053 11.780357 459.032043 0.752941 0.752941 0.752941
vn -0.199980 -0.859036 0.471237
v 24.297100 11.320538 458.316620 0.752941 0.752941 0.752941
vn 0.366594 0.402601 -0.838761
v 32.083633 15.363338 458.768005 0.752941 0.752941 0.752941
vn -0.090654 0.808606 -0.581325
v 9.891971 17.004810 458.867737 0.752941 0.752941 0.752941
vn -0.129962 -0.899290 0.417598
v 26.511820 11.140688 458.713562 0.752941 0.752941 0.752941
vn -0.236123 0.862051 -0.448458
v 5.405817 16.574686 459.601532 0.752941 0.752941 0.752941
vn 0.279402 0.808591 -0.517799
v 30.939220 16.331972 459.241516 0.752941 0.752941 0.752941
vn -0.929535 0.252701 0.268528
v 0.114116 13.419695 458.972717 0.752941 0.752941 0.752941
vn 0.027187 -0.896534 0.442141
v 0.790243 8.513261 458.943878 0.752941 0.752941 0.752941
vn 0.214711 -0.807204 0.549838
v 4.931994 9.424501 458.766663 0.752941 0.752941 0.752941
vn 0.191668 -0.829333 0.524852
v 5.852160 9.779057 459.072388 0.752941 0.752941 0.752941
vn -0.013148 0.924048 -0.382051
v 11.156285 17.316591 459.238770 0.752941 0.752941 0.752941
vn 0.191816 -0.779843 0.595862
v 8.227210 10.706187 459.155182 0.752941 0.752941 0.752941
vn -0.110431 -0.889354 0.443682
v 21.560125 11.813068 458.738129 0.752941 0.752941 0.752941
vn 0.099829 -0.840619 0.532347
v 16.126444 12.202916 459.049072 0.752941 0.752941 0.752941
vn 0.020911 0.919272 -0.393066
v 24.426594 17.160997 458.851257 0.752941 0.752941 0.752941
vn 0.010735 -0.745833 0.666047
v 17.332481 12.114806 458.792572 0.752941 0.752941 0.752941
vn 0.622106 -0.387450 -0.680343
v 32.069839 14.395523 459.037872 0.752941 0.752941 0.752941
vn 0.314028 0.436449 0.843148
v 6.411301 18.999521 466.816132 0.752941 0.752941 0.752941
vn 0.212535 -0.795885 0.566917
v 3.040567 9.245178 459.199371 0.752941 0.752941 0.752941
vn 0.231105 -0.778404 0.583676
v 3.874663 9.293467 458.997009 0.752941 0.752941 0.752941
vn 0.036032 0.936650 -0.348408
v 13.451571 17.105089 458.599304 0.752941 0.752941 0.752941
vn 0.261400 -0.780721 0.567579
v 9.435948 10.688023 458.810669 0.752941 0.752941 0.752941
vn 0.109131 -0.851196 0.513377
v 12.067592 11.648787 459.024231 0.752941 0.752941 0.752941
vn 0.235519 -0.794654 0.559514
v 7.524741 9.880317 458.341064 0.752941 0.752941 0.752941
vn -0.852558 0.358645 0.380156
v 3.130466 17.552696 466.928589 0.752941 0.752941 0.752941
vn -0.049568 0.917077 -0.395617
v 16.184713 17.711899 459.234650 0.752941 0.752941 0.752941
vn -0.790073 -0.487757 0.371319
v -0.116895 8.592998 458.526306 0.752941 0.752941 0.752941
vn 0.730756 -0.591327 -0.341069
v 30.755251 11.322753 459.769531 0.752941 0.752941 0.752941
vn 0.217753 -0.782215 0.583715
v 4.313065 9.571500 459.147278 0.752941 0.752941 0.752941
vn -0.200630 -0.764881 0.612131
v 0.506127 8.640540 459.178467 0.752941 0.752941 0.752941
vn 0.134876 -0.832332 0.537617
v 12.902590 11.807061 459.203522 0.752941 0.752941 0.752941
vn -0.106911 0.827937 -0.550536
v 11.370326 17.123625 458.702209 0.752941 0.752941 0.752941
vn 0.096480 0.849233 -0.519130
v 23.461447 17.322269 459.071289 0.752941 0.752941 0.752941
vn 0.166535 -0.808967 0.563772
v 11.563092 11.581676 459.085205 0.752941 0.752941 0.752941
vn -0.004435 -0.893696 0.448651
v 19.921402 12.252430 458.990356 0.752941 0.752941 0.752941
vn 0.044731 -0.831910 0.553104
v 17.122660 12.380526 459.191101 0.752941 0.752941 0.752941
vn -0.040521 0.859881 -0.508884
v 14.645478 17.371428 459.062714 0.752941 0.752941 0.752941
vn -0.005649 -0.845593 0.533799
v 21.944904 12.111380 459.050171 0.752941 0.752941 0.752941
vn 0.069899 0.934103 -0.350093
v 24.947554 17.252609 459.230347 0.752941 0.752941 0.752941
vn -0.093113 -0.869441 0.485183
v 17.932772 12.055841 458.743408 0.752941 0.752941 0.752941
vn 0.220682 0.784439 -0.579616
v 31.812237 15.891404 459.186310 0.752941 0.752941 0.752941
vn -0.093666 -0.875046 0.474890
v 24.868355 11.779724 459.296997 0.752941 0.752941 0.752941
vn -0.061423 0.822571 -0.565335
v 9.505549 17.219666 459.142822 0.752941 0.752941 0.752941
vn 0.778481 -0.464675 -0.421952
v 30.690531 12.082392 458.911133 0.752941 0.752941 0.752941
vn 0.445554 0.660645 -0.604177
v 31.568426 15.773865 458.804291 0.752941 0.752941 0.752941
vn 0.276370 0.641848 -0.715297
v 32.447163 15.743796 459.113403 0.752941 0.752941 0.752941
vn 0.251886 0.681806 -0.686799
v 32.042316 15.783154 459.083710 0.752941 0.752941 0.752941
vn -0.204446 0.869706 -0.449236
v 4.967085 16.370152 459.293030 0.752941 0.752941 0.752941
vn -0.164260 -0.864275 0.475445
v 24.346647 11.833948 459.418030 0.752941 0.752941 0.752941
vn 0.130282 -0.792190 0.596206
v 5.315349 9.977637 459.365356 0.752941 0.752941 0.752941
vn 0.166328 -0.765639 0.621395
v 13.831411 12.054675 459.207336 0.752941 0.752941 0.752941
vn 0.135244 -0.765239 0.629380
v 14.301610 11.997218 458.977264 0.752941 0.752941 0.752941
vn -0.292381 -0.892070 0.344564
v 36.345440 12.141418 466.906097 0.752941 0.752941 0.752941
vn 0.346708 0.872643 -0.343929
v 33.256905 19.209604 467.520508 0.752941 0.752941 0.752941
vn 0.082674 -0.804677 0.587929
v 15.021655 12.007854 458.939148 0.752941 0.752941 0.752941
vn -0.243359 -0.885317 0.396220
v 32.099102 13.632355 466.807770 0.752941 0.752941 0.752941
vn -0.180795 0.863776 -0.470323
v 3.296423 15.861208 459.300385 0.752941 0.752941 0.752941
vn 0.053289 -0.831768 0.552560
v 16.669191 12.192380 459.002960 0.752941 0.752941 0.752941
vn -0.153697 0.809615 -0.566481
v 8.829582 17.047760 459.091003 0.752941 0.752941 0.752941
vn -0.314480 -0.810275 0.494527
v 0.260170 8.427049 458.703644 0.752941 0.752941 0.752941
vn -0.063192 0.867382 -0.493615
v 10.408537 17.278410 459.200378 0.752941 0.752941 0.752941
vn 0.381537 -0.769771 0.511744
v 6.454586 10.094910 459.085480 0.752941 0.752941 0.752941
vn 0.583985 0.178879 -0.791810
v 32.697990 15.348969 459.036621 0.752941 0.752941 0.752941
vn 0.366322 0.565028 0.739291
v 5.486568 19.527245 466.895233 0.752941 0.752941 0.752941
vn -0.870287 0.294615 0.394719
v 2.989269 16.971289 467.183685 0.752941 0.752941 0.752941
vn -0.275089 0.884135 -0.377665
v 1.459225 15.657302 459.450989 0.752941 0.752941 0.752941
vn -0.948591 -0.143341 0.282184
v -0.221703 9.394313 458.899017 0.752941 0.752941 0.752941
vn -0.135049 -0.737363 0.661859
v 0.786153 8.711337 459.377930 0.752941 0.752941 0.752941
vn 0.118332 -0.843329 0.524208
v 1.219120 8.693861 459.251953 0.752941 0.752941 0.752941
vn -0.003414 0.873070 -0.487582
v 12.815521 17.328371 458.943542 0.752941 0.752941 0.752941
vn -0.278993 -0.782127 0.557172
v 26.013847 16.436222 467.595551 0.752941 0.752941 0.752941
vn -0.063623 0.823616 -0.563568
v 12.952302 17.711674 459.393494 0.752941 0.752941 0.752941
vn -0.025521 -0.833085 0.552557
v 18.188560 12.481696 459.479645 0.752941 0.752941 0.752941
vn 0.030538 -0.866738 0.497828
v 19.101879 12.258870 459.075562 0.752941 0.752941 0.752941
vn -0.149233 -0.868127 0.473375
v 26.085093 11.277513 459.001282 0.752941 0.752941 0.752941
vn -0.191556 -0.843464 0.501872
v 28.281590 10.887490 459.010529 0.752941 0.752941 0.752941
vn 0.005044 0.910835 -0.412739
v 18.540033 17.525259 459.151306 0.752941 0.752941 0.752941
vn 0.141084 0.901033 -0.410164
v 25.995255 17.339266 459.427124 0.752941 0.752941 0.752941
vn 0.603791 -0.176097 -0.777448
v 32.614941 15.151428 458.984619 0.752941 0.752941 0.752941
vn 0.383811 -0.651833 0.654066
v 3.559406 15.722750 466.879608 0.752941 0.752941 0.752941
vn 0.070331 0.937474 -0.340875
v 21.299133 17.327845 458.821289 0.752941 0.752941 0.752941
vn -0.258715 -0.834101 0.487178
v 28.457966 15.029016 466.798584 0.752941 0.752941 0.752941
vn -0.906927 0.180150 0.380827
v 0.030401 12.464624 459.381989 0.752941 0.752941 0.752941
vn 0.243756 -0.765655 0.595278
v 37.925022 12.193925 467.309723 0.752941 0.752941 0.752941
vn 0.254934 -0.784541 0.565247
v 7.336745 10.616955 459.399780 0.752941 0.752941 0.752941
vn 0.206607 -0.813211 0.544060
v 4.701482 10.160329 459.878235 0.752941 0.752941 0.752941
vn 0.698527 -0.496134 -0.515665
v 32.013325 13.715502 459.529419 0.752941 0.752941 0.752941
vn 0.151654 0.896132 -0.417071
v 26.966343 17.149931 459.481995 0.752941 0.752941 0.752941
vn -0.087170 0.786938 -0.610843
v 14.625463 17.955223 459.792389 0.752941 0.752941 0.752941
vn 0.141862 0.898171 -0.416131
v 23.864206 17.670647 459.615479 0.752941 0.752941 0.752941
vn 0.137267 0.915136 -0.379057
v 16.710630 17.564419 459.306366 0.752941 0.752941 0.752941
vn -0.007402 0.900021 -0.435783
v 18.283167 17.754477 459.617523 0.752941 0.752941 0.752941
vn -0.136400 -0.866804 0.479631
v 22.908787 12.052510 459.176849 0.752941 0.752941 0.752941
vn -0.032766 0.915631 -0.400681
v 19.465929 17.393412 458.912537 0.752941 0.752941 0.752941
vn -0.079823 -0.860234 0.503612
v 21.114077 12.315591 459.464844 0.752941 0.752941 0.752941
vn 0.087480 -0.866504 0.491445
v 15.685357 12.269838 459.289795 0.752941 0.752941 0.752941
vn -0.235846 0.851713 -0.467934
v 7.305755 17.250212 459.904205 0.752941 0.752941 0.752941
vn 0.207617 -0.767893 0.606000
v 13.187779 12.265854 459.585724 0.752941 0.752941 0.752941
vn -0.642464 0.706895 -0.295872
v 0.840164 15.193761 459.177826 0.752941 0.752941 0.752941
vn -0.172931 0.863353 -0.474042
v 12.440635 17.375376 459.293610 0.752941 0.752941 0.752941
vn 0.119489 0.915930 -0.383138
v 28.858362 16.800364 459.298462 0.752941 0.752941 0.752941
vn 0.508818 0.415909 -0.753740
v 32.957176 15.679667 459.396637 0.752941 0.752941 0.752941
vn -0.504033 -0.644090 0.575412
v 0.074151 9.177455 459.592865 0.752941 0.752941 0.752941
vn 0.211561 -0.856722 0.470393
v 10.917142 11.884762 459.683472 0.752941 0.752941 0.752941
vn 0.110241 -0.871535 0.477780
v 11.369121 11.866079 459.570770 0.752941 0.752941 0.752941
vn -0.181193 0.891393 -0.415438
v 6.793991 16.717186 459.342102 0.752941 0.752941 0.752941
vn 0.046267 0.862716 -0.503567
v 13.488125 17.341391 459.126801 0.752941 0.752941 0.752941
vn -0.188824 0.869408 -0.456592
v 15.722303 17.608490 459.493164 0.752941 0.752941 0.752941
vn 0.354209 -0.395101 0.847603
v 5.778505 16.950085 466.941101 0.752941 0.752941 0.752941
vn 0.005273 -0.944618 0.328129
v 29.521595 10.787011 459.396240 0.752941 0.752941 0.752941
vn -0.238068 -0.626752 0.741961
v 0.595365 8.933841 459.415253 0.752941 0.752941 0.752941
vn 0.216551 -0.777977 0.589795
v 1.683670 8.874078 459.383881 0.752941 0.752941 0.752941
vn -0.252995 -0.891987 0.374638
v 37.209923 11.825741 466.667999 0.752941 0.752941 0.752941
vn 0.059943 -0.878101 0.474705
v 15.537690 12.357151 459.536407 0.752941 0.752941 0.752941
vn 0.176753 -0.780084 0.600189
v 8.856165 10.682804 458.953674 0.752941 0.752941 0.752941
vn -0.018589 -0.887295 0.460827
v 19.678150 12.344263 459.266052 0.752941 0.752941 0.752941
vn 0.275921 0.808991 -0.519038
v 28.615427 20.120953 466.457672 0.752941 0.752941 0.752941
vn -0.252933 -0.865375 0.432610
v 26.576435 11.460299 459.522827 0.752941 0.752941 0.752941
vn 0.220579 -0.794863 0.565277
v 3.553388 10.018640 460.122406 0.752941 0.752941 0.752941
vn 0.236401 0.926367 -0.293188
v 33.520390 18.879969 466.558746 0.752941 0.752941 0.752941
vn -0.950266 0.027614 0.310213
v -0.012563 10.786384 459.544586 0.752941 0.752941 0.752941
vn 0.088705 -0.877611 0.471095
v 11.914887 11.935766 459.547241 0.752941 0.752941 0.752941
vn 0.146658 -0.814592 0.561187
v 16.015869 12.716895 459.834534 0.752941 0.752941 0.752941
vn 0.321553 -0.654487 0.684288
v 3.939137 16.131630 467.117676 0.752941 0.752941 0.752941
vn -0.046594 0.896821 -0.439933
v 11.804522 17.320532 459.355469 0.752941 0.752941 0.752941
vn 0.177385 -0.786306 0.591826
v 6.108029 10.158479 459.464691 0.752941 0.752941 0.752941
vn -0.200662 0.839079 -0.505650
v 8.296450 17.148647 459.542053 0.752941 0.752941 0.752941
vn -0.078673 0.865873 -0.494039
v 14.116254 17.306751 459.048950 0.752941 0.752941 0.752941
vn -0.173288 0.859374 -0.481090
v 19.665199 17.688013 459.443420 0.752941 0.752941 0.752941
vn 0.039283 0.804519 -0.592627
v 13.074915 17.795862 459.582153 0.752941 0.752941 0.752941
vn 0.018624 0.919954 -0.391584
v 20.115330 17.799765 459.340912 0.752941 0.752941 0.752941
vn -0.862337 0.037140 0.504972
v 2.548331 15.919528 466.961975 0.752941 0.752941 0.752941
vn 0.883927 0.087109 0.459441
v 39.269764 14.627446 466.985596 0.752941 0.752941 0.752941
vn 0.018245 -0.853371 0.520984
v 18.266331 12.756342 459.909424 0.752941 0.752941 0.752941
vn -0.018507 0.779084 -0.626647
v 15.667510 17.947573 459.940613 0.752941 0.752941 0.752941
vn -0.121642 0.841243 -0.526796
v 9.097696 17.503002 459.672943 0.752941 0.752941 0.752941
vn -0.015494 0.903598 -0.428101
v 17.439936 17.756355 459.664429 0.752941 0.752941 0.752941
vn 0.571464 -0.073185 -0.817357
v 33.377399 15.372825 459.575012 0.752941 0.752941 0.752941
vn 0.457338 0.423548 -0.781952
v 33.323349 15.804171 459.612152 0.752941 0.752941 0.752941
vn -0.144876 -0.871240 0.468990
v 27.655136 11.347686 459.596497 0.752941 0.752941 0.752941
vn -0.465679 -0.496139 0.732795
v 2.627782 15.438195 466.911682 0.752941 0.752941 0.752941
vn -0.074474 -0.725083 0.684623
v 0.924479 9.119859 459.710052 0.752941 0.752941 0.752941
vn 0.017276 0.861101 -0.508141
v 16.272097 17.893448 459.713531 0.752941 0.752941 0.752941
vn -0.139555 -0.879418 0.455136
v 27.031122 11.339423 459.558929 0.752941 0.752941 0.752941
vn -0.079973 -0.909313 0.408355
v 20.510597 12.516028 459.604462 0.752941 0.752941 0.752941
vn 0.592332 -0.493226 -0.637080
v 32.982155 14.754883 459.652100 0.752941 0.752941 0.752941
vn 0.252966 0.773604 -0.580985
v 32.479134 16.142925 459.616211 0.752941 0.752941 0.752941
vn 0.273706 -0.803856 0.528110
v 2.058662 9.493948 460.024658 0.752941 0.752941 0.752941
vn -0.910502 0.384434 -0.152306
v 0.407370 14.594446 459.139832 0.752941 0.752941 0.752941
vn 0.195086 -0.741302 0.642194
v 9.272744 11.291187 459.528107 0.752941 0.752941 0.752941
vn 0.160931 -0.789603 0.592139
v 9.589191 11.626841 459.791565 0.752941 0.752941 0.752941
vn -0.030275 0.910259 -0.412931
v 23.104908 17.755508 460.018250 0.752941 0.752941 0.752941
vn 0.219902 0.916098 -0.335273
v 32.813244 19.230764 466.905762 0.752941 0.752941 0.752941
vn -0.087756 0.869752 -0.485623
v 19.283915 17.789993 459.718903 0.752941 0.752941 0.752941
vn -0.159245 0.783890 -0.600131
v 12.078753 17.636589 459.691010 0.752941 0.752941 0.752941
vn 0.116113 0.939273 -0.322931
v 20.044067 17.904043 459.740143 0.752941 0.752941 0.752941
vn 0.192940 0.750198 -0.632437
v 13.431692 17.650400 459.565186 0.752941 0.752941 0.752941
vn -0.218068 -0.831663 0.510669
v 25.603771 11.479866 458.993317 0.752941 0.752941 0.752941
vn -0.224730 0.879681 -0.419115
v 6.637298 17.038481 460.046814 0.752941 0.752941 0.752941
vn -0.367562 -0.706326 0.604980
v 25.497341 16.137836 466.977875 0.752941 0.752941 0.752941
vn -0.093465 0.740889 -0.665092
v 11.944078 17.895802 460.053345 0.752941 0.752941 0.752941
vn 0.121483 0.723560 -0.679487
v 13.459547 18.062122 459.970154 0.752941 0.752941 0.752941
vn -0.095107 -0.898184 0.429209
v 22.291590 12.656159 460.087952 0.752941 0.752941 0.752941
vn 0.217379 -0.778733 0.588490
v 10.000735 11.443831 459.560272 0.752941 0.752941 0.752941
vn 0.069178 -0.829858 0.553669
v 18.644297 12.626534 459.567108 0.752941 0.752941 0.752941
vn 0.294712 -0.732034 0.614224
v 6.376498 10.913580 460.324036 0.752941 0.752941 0.752941
vn 0.278883 -0.766417 0.578645
v 7.240375 11.066669 460.069672 0.752941 0.752941 0.752941
vn 0.120955 -0.810148 0.573611
v 14.332006 12.596035 459.824982 0.752941 0.752941 0.752941
vn 0.061343 -0.837124 0.543563
v 16.811356 12.589783 459.565613 0.752941 0.752941 0.752941
vn 0.523198 -0.148257 -0.839216
v 33.750984 15.363242 459.832367 0.752941 0.752941 0.752941
vn 0.003722 0.920629 -0.390421
v 23.417633 17.693537 459.534973 0.752941 0.752941 0.752941
vn -0.148966 -0.777884 0.610497
v 0.714164 9.247371 459.792847 0.752941 0.752941 0.752941
vn 0.092857 -0.813013 0.574793
v 1.678236 9.291718 459.897919 0.752941 0.752941 0.752941
vn -0.378618 -0.877907 0.293133
v 32.778786 13.521535 467.097809 0.752941 0.752941 0.752941
vn 0.167046 0.924896 -0.341560
v 20.518461 17.765961 459.826904 0.752941 0.752941 0.752941
vn -0.029778 -0.870205 0.491789
v 21.691898 12.416121 459.575684 0.752941 0.752941 0.752941
vn -0.148204 0.885183 -0.441006
v 2.418154 16.307964 460.604309 0.752941 0.752941 0.752941
vn 0.005193 -0.940793 0.338941
v 29.775518 11.004013 459.911163 0.752941 0.752941 0.752941
vn 0.524737 -0.846677 -0.088257
v 30.163771 10.930766 459.240234 0.752941 0.752941 0.752941
vn 0.286913 0.834730 -0.470008
v 27.627083 20.805201 466.936859 0.752941 0.752941 0.752941
vn 0.224576 -0.785191 0.577097
v 8.820524 11.434798 459.918976 0.752941 0.752941 0.752941
vn 0.167050 -0.852805 0.494790
v 10.311128 11.858144 460.069977 0.752941 0.752941 0.752941
vn 0.136512 -0.805920 0.576071
v 12.071394 12.049623 459.776855 0.752941 0.752941 0.752941
vn 0.253982 -0.811331 0.526531
v 13.202882 12.498824 459.966522 0.752941 0.752941 0.752941
vn -0.066297 -0.838635 0.540644
v 17.614445 12.701559 459.678864 0.752941 0.752941 0.752941
vn -0.028301 0.806922 -0.589979
v 11.289832 17.648832 459.839905 0.752941 0.752941 0.752941
vn 0.109341 -0.818826 0.563532
v 5.778265 10.369538 459.722717 0.752941 0.752941 0.752941
vn 0.225335 -0.771215 0.595358
v 8.236022 10.962268 459.518555 0.752941 0.752941 0.752941
vn 0.120316 -0.796572 0.592450
v 12.472071 12.016458 459.672211 0.752941 0.752941 0.752941
vn 0.757366 -0.128216 0.640279
v 39.232353 12.949115 467.023804 0.752941 0.752941 0.752941
vn 0.140101 0.783790 -0.605017
v 16.826672 17.850929 459.861694 0.752941 0.752941 0.752941
vn 0.344795 0.654067 -0.673285
v 33.541534 15.994880 459.917908 0.752941 0.752941 0.752941
vn -0.054251 -0.826596 0.560176
v 15.094831 12.447194 459.529755 0.752941 0.752941 0.752941
vn 0.182861 -0.816376 0.547807
v 11.810214 12.138453 459.993317 0.752941 0.752941 0.752941
vn 0.025699 -0.755650 0.654471
v 12.875162 12.536438 460.233704 0.752941 0.752941 0.752941
vn -0.036166 -0.841777 0.538612
v 19.506382 12.775096 459.869659 0.752941 0.752941 0.752941
vn -0.134833 -0.874558 0.465799
v 22.930077 12.390111 459.785828 0.752941 0.752941 0.752941
vn -0.179685 0.809810 -0.558499
v 7.685182 17.502041 460.350647 0.752941 0.752941 0.752941
vn -0.211994 -0.865717 0.453423
v 23.808105 12.118150 459.593353 0.752941 0.752941 0.752941
vn 0.178265 0.904776 -0.386784
v 30.284359 16.950920 459.865540 0.752941 0.752941 0.752941
vn -0.255407 -0.867728 0.426398
v 25.800909 12.086977 460.230927 0.752941 0.752941 0.752941
vn 0.039827 0.774245 -0.631631
v 17.613029 17.979115 460.146698 0.752941 0.752941 0.752941
vn -0.207328 -0.866499 0.454087
v 27.877857 11.697939 460.405304 0.752941 0.752941 0.752941
vn -0.210509 -0.872748 0.440452
v 28.723688 11.322271 460.083282 0.752941 0.752941 0.752941
vn -0.238228 0.857472 -0.456059
v 4.130894 16.310173 459.666443 0.752941 0.752941 0.752941
vn 0.731278 -0.515421 -0.446737
v 31.621109 13.113693 459.624634 0.752941 0.752941 0.752941
vn 0.091932 -0.786959 0.610118
v 38.228619 11.948055 466.817993 0.752941 0.752941 0.752941
vn 0.303211 -0.696894 0.649924
v 4.393236 15.454424 466.264740 0.752941 0.752941 0.752941
vn -0.206098 0.784624 -0.584712
v 12.721666 17.902634 459.931274 0.752941 0.752941 0.752941
vn -0.006272 0.849414 -0.527690
v 19.525198 18.166794 460.162292 0.752941 0.752941 0.752941
vn 0.121051 -0.810354 0.573300
v 13.688562 12.567636 459.950195 0.752941 0.752941 0.752941
vn -0.319232 -0.795960 0.514333
v 27.258045 15.403335 466.651581 0.752941 0.752941 0.752941
vn -0.385066 0.539139 0.749035
v 21.099020 20.323708 466.881073 0.752941 0.752941 0.752941
vn 0.177618 -0.744303 0.643790
v 3.094001 15.351846 466.823364 0.752941 0.752941 0.752941
vn -0.375020 -0.441708 0.815018
v 20.658037 18.043095 466.958466 0.752941 0.752941 0.752941
vn 0.532800 -0.829668 -0.166659
v 31.170870 11.399267 460.449524 0.752941 0.752941 0.752941
vn -0.066092 -0.841172 0.536714
v 20.371994 13.098733 460.471375 0.752941 0.752941 0.752941
vn -0.087710 0.798895 -0.595041
v 19.075264 18.039896 460.201294 0.752941 0.752941 0.752941
vn -0.087221 -0.848771 0.521518
v 20.879484 12.672648 460.009399 0.752941 0.752941 0.752941
vn 0.213926 -0.778126 0.590556
v 8.236950 11.341457 459.963593 0.752941 0.752941 0.752941
vn -0.965870 0.055942 0.252915
v 0.223900 11.536201 460.090515 0.752941 0.752941 0.752941
vn -0.912343 0.399121 -0.091286
v 0.432234 15.152252 459.972900 0.752941 0.752941 0.752941
vn 0.259466 0.785575 -0.561738
v 33.272041 16.107100 459.915588 0.752941 0.752941 0.752941
vn -0.014953 0.839813 -0.542669
v 9.907911 17.511505 459.778229 0.752941 0.752941 0.752941
vn -0.299285 -0.412787 0.860253
v 19.607502 17.978304 466.490845 0.752941 0.752941 0.752941
vn 0.264741 -0.790569 0.552189
v 6.280315 10.503626 459.941406 0.752941 0.752941 0.752941
vn -0.049112 0.761177 -0.646682
v 14.129117 17.869085 459.902649 0.752941 0.752941 0.752941
vn 0.253267 -0.829386 0.497971
v 10.808108 11.977189 460.044189 0.752941 0.752941 0.752941
vn 0.058875 0.714982 -0.696660
v 16.461519 18.060692 459.954590 0.752941 0.752941 0.752941
vn -0.308110 -0.526951 0.792080
v 20.156099 17.840612 466.609375 0.752941 0.752941 0.752941
vn 0.794733 -0.404350 -0.452658
v 31.121391 12.081579 459.892853 0.752941 0.752941 0.752941
vn -0.057165 -0.867745 0.493711
v 20.301546 12.521784 459.628235 0.752941 0.752941 0.752941
vn 0.174336 0.889128 -0.423152
v 20.208977 18.019121 460.337860 0.752941 0.752941 0.752941
vn -0.297660 -0.711668 0.636338
v 0.308907 9.368781 459.996796 0.752941 0.752941 0.752941
vn -0.114438 0.750310 -0.651106
v 13.063807 18.090160 459.934753 0.752941 0.752941 0.752941
vn 0.054406 -0.814028 0.578272
v 14.989015 12.927038 460.176666 0.752941 0.752941 0.752941
vn -0.298690 -0.789489 0.536182
v 29.244774 14.672688 466.667755 0.752941 0.752941 0.752941
vn 0.005335 0.879140 -0.476534
v 20.648161 18.082321 460.398621 0.752941 0.752941 0.752941
vn 0.035754 0.898064 -0.438410
v 21.063902 17.813187 459.938049 0.752941 0.752941 0.752941
vn 0.000482 0.806536 -0.591185
v 18.120457 17.994671 460.147156 0.752941 0.752941 0.752941
vn 0.519925 -0.131699 -0.843999
v 34.178181 15.362998 460.088898 0.752941 0.752941 0.752941
vn 0.108798 0.924383 -0.365621
v 23.437674 17.952860 460.392273 0.752941 0.752941 0.752941
vn 0.042498 0.870801 -0.489795
v 26.240179 17.620024 460.048950 0.752941 0.752941 0.752941
vn 0.493003 0.390418 -0.777510
v 34.077248 15.917589 460.083435 0.752941 0.752941 0.752941
vn 0.079339 0.905109 -0.417711
v 29.360939 17.190323 460.354034 0.752941 0.752941 0.752941
vn 0.016768 -0.790903 0.611711
v 15.625289 12.684963 459.993561 0.752941 0.752941 0.752941
vn 0.097699 -0.828032 0.552103
v 1.621406 9.447225 460.163696 0.752941 0.752941 0.752941
vn -0.158899 -0.704093 0.692101
v 0.786079 9.670135 460.304474 0.752941 0.752941 0.752941
vn -0.083403 -0.868080 0.489368
v 24.350073 12.197374 459.973389 0.752941 0.752941 0.752941
vn -0.865036 -0.254716 0.432240
v 0.108226 9.877981 460.157745 0.752941 0.752941 0.752941
vn 0.168883 -0.803643 0.570646
v 9.324604 11.960602 460.489899 0.752941 0.752941 0.752941
vn 0.203920 -0.792068 0.575365
v 5.650757 10.620370 460.224457 0.752941 0.752941 0.752941
vn -0.102356 -0.912692 0.395621
v 22.643757 12.769729 460.486298 0.752941 0.752941 0.752941
vn -0.126538 -0.895840 0.425980
v 23.174276 12.758554 460.588837 0.752941 0.752941 0.752941
vn -0.207176 -0.862095 0.462460
v 23.450041 12.506922 460.187042 0.752941 0.752941 0.752941
vn 0.054826 -0.810720 0.582861
v 18.542385 12.969531 460.172241 0.752941 0.752941 0.752941
vn 0.135775 -0.820989 0.554565
v 11.186502 12.064648 460.014313 0.752941 0.752941 0.752941
vn 0.268267 -0.762353 0.588940
v 7.562376 11.358870 460.289398 0.752941 0.752941 0.752941
vn 0.323043 -0.942916 0.080944
v 30.365345 11.097911 459.819275 0.752941 0.752941 0.752941
vn 0.181261 -0.733045 0.655584
v 12.327882 12.554262 460.173706 0.752941 0.752941 0.752941
vn -0.252337 0.815688 -0.520556
v 5.045154 17.165070 460.778931 0.752941 0.752941 0.752941
vn -0.340945 0.774205 -0.533257
v 6.821159 17.250679 460.377686 0.752941 0.752941 0.752941
vn 0.002656 0.930400 -0.366536
v 22.218746 17.627861 459.660919 0.752941 0.752941 0.752941
vn -0.117896 -0.822907 0.555810
v 17.649843 13.095261 460.267181 0.752941 0.752941 0.752941
vn 0.212167 -0.818409 0.534033
v 4.182064 10.323854 460.281250 0.752941 0.752941 0.752941
vn 0.199898 0.741749 -0.640195
v 16.504713 18.313087 460.281464 0.752941 0.752941 0.752941
vn -0.078003 0.791700 -0.605910
v 10.495442 17.702291 459.910492 0.752941 0.752941 0.752941
vn -0.209455 -0.711809 0.670415
v 1.058414 9.640674 460.440094 0.752941 0.752941 0.752941
vn 0.208768 -0.808444 0.550304
v 8.130320 11.810020 460.676849 0.752941 0.752941 0.752941
vn -0.148768 0.882361 -0.446438
v 5.891085 16.823042 459.754547 0.752941 0.752941 0.752941
vn -0.156451 0.824217 -0.544232
v 6.308713 17.231661 460.582642 0.752941 0.752941 0.752941
vn -0.199188 -0.864618 0.461259
v 23.946304 12.442637 460.421143 0.752941 0.752941 0.752941
vn 0.646406 -0.518175 0.560048
v 39.448677 11.917453 466.450409 0.752941 0.752941 0.752941
vn 0.263179 0.831456 -0.489304
v 34.082500 16.316994 460.527893 0.752941 0.752941 0.752941
vn 0.052955 -0.745826 0.664032
v 13.291059 13.167697 460.947845 0.752941 0.752941 0.752941
vn -0.041235 -0.839069 0.542461
v 19.260206 13.077578 460.353699 0.752941 0.752941 0.752941
vn -0.169282 -0.885571 0.432560
v 29.469118 11.334276 460.412598 0.752941 0.752941 0.752941
vn -0.070245 0.721869 -0.688455
v 11.374019 18.217806 460.437744 0.752941 0.752941 0.752941
vn 0.069077 0.669035 -0.740014
v 17.615372 18.295853 460.377258 0.752941 0.752941 0.752941
vn 0.011680 -0.793214 0.608831
v 16.716772 13.077024 460.258911 0.752941 0.752941 0.752941
vn 0.108110 -0.796165 0.595343
v 14.334147 12.991188 460.403961 0.752941 0.752941 0.752941
vn 0.263958 0.907668 -0.326289
v 35.538624 18.521248 466.945435 0.752941 0.752941 0.752941
vn 0.076787 -0.807097 0.585404
v 18.430361 13.334989 460.659943 0.752941 0.752941 0.752941
vn 0.167602 0.857158 -0.487021
v 26.407078 17.388567 459.809326 0.752941 0.752941 0.752941
vn 0.000285 -0.947035 0.321131
v 30.298336 11.203645 460.586060 0.752941 0.752941 0.752941
vn 0.026243 -0.812257 0.582709
v 17.132904 12.993579 460.167755 0.752941 0.752941 0.752941
vn -0.022327 -0.855126 0.517940
v 37.879257 11.614664 466.592773 0.752941 0.752941 0.752941
vn -0.518569 0.816887 -0.252553
v 1.082365 15.775355 459.976074 0.752941 0.752941 0.752941
vn -0.805263 0.505198 0.310364
v 3.487468 20.101091 466.100647 0.752941 0.752941 0.752941
vn 0.237234 -0.679115 0.694639
v 10.334324 12.377016 460.588959 0.752941 0.752941 0.752941
vn -0.952884 0.300304 0.042763
v 0.438696 15.101847 460.230774 0.752941 0.752941 0.752941
vn 0.026884 0.925743 -0.377197
v 26.077070 17.611317 460.082550 0.752941 0.752941 0.752941
vn 0.185207 -0.849703 0.493663
v 4.568218 10.537986 460.461121 0.752941 0.752941 0.752941
vn 0.147638 0.897810 -0.414897
v 27.565056 17.483364 460.426880 0.752941 0.752941 0.752941
vn -0.114694 -0.868608 0.482042
v 21.833784 12.792396 460.354218 0.752941 0.752941 0.752941
vn 0.136423 0.909716 -0.392180
v 26.636507 17.704695 460.494263 0.752941 0.752941 0.752941
vn -0.296099 0.433364 0.851188
v 19.359764 19.833853 466.463043 0.752941 0.752941 0.752941
vn 0.234931 -0.789194 0.567433
v 5.184741 10.663846 460.510193 0.752941 0.752941 0.752941
vn -0.212822 0.883223 0.417881
v 4.004257 20.256456 466.626495 0.752941 0.752941 0.752941
vn 0.232210 -0.721562 0.652248
v 10.350951 12.012117 460.320679 0.752941 0.752941 0.752941
vn 0.188661 -0.696327 0.692485
v 11.108618 12.373731 460.329895 0.752941 0.752941 0.752941
vn -0.091773 0.670081 -0.736593
v 15.729073 18.402311 460.355865 0.752941 0.752941 0.752941
vn -0.047536 0.845119 -0.532460
v 9.476347 17.777853 460.043732 0.752941 0.752941 0.752941
vn -0.204668 -0.857318 0.472353
v 26.507174 11.790151 460.183258 0.752941 0.752941 0.752941
vn -0.096894 -0.698573 0.708948
v 12.589889 12.552932 460.173950 0.752941 0.752941 0.752941
vn -0.307232 -0.030243 0.951154
v 19.146877 18.843031 466.583588 0.752941 0.752941 0.752941
vn 0.214590 0.763247 -0.609430
v 19.596659 18.400057 460.625488 0.752941 0.752941 0.752941
vn -0.186046 0.780486 -0.596849
v 5.643972 17.526264 461.066132 0.752941 0.752941 0.752941
vn 0.021648 0.937251 -0.347983
v 26.053011 17.773985 460.687164 0.752941 0.752941 0.752941
vn -0.082152 -0.789458 0.608283
v 15.499891 13.113442 460.451111 0.752941 0.752941 0.752941
vn -0.235864 -0.864622 0.443617
v 23.490494 12.625024 460.402740 0.752941 0.752941 0.752941
vn -0.215801 -0.901661 0.374749
v 33.843014 13.073155 466.871307 0.752941 0.752941 0.752941
vn -0.189040 -0.869058 0.457168
v 29.170542 11.578883 460.881042 0.752941 0.752941 0.752941
vn 0.604660 -0.078999 -0.792556
v 34.579624 15.277592 460.356018 0.752941 0.752941 0.752941
vn 0.437800 0.753980 -0.489740
v 34.498379 16.261917 460.835907 0.752941 0.752941 0.752941
vn 0.095956 -0.794643 0.599446
v 15.770822 13.029932 460.398193 0.752941 0.752941 0.752941
vn -0.046389 0.709554 -0.703122
v 18.881004 18.606047 460.790436 0.752941 0.752941 0.752941
vn -0.345224 0.599696 0.721931
v 20.878626 20.557945 466.654083 0.752941 0.752941 0.752941
vn -0.279033 -0.882065 0.379606
v 31.557957 13.625477 466.570831 0.752941 0.752941 0.752941
vn -0.230817 0.870928 -0.433829
v 1.836021 16.026773 460.109253 0.752941 0.752941 0.752941
vn -0.073994 0.782177 -0.618646
v 9.876284 17.991547 460.376465 0.752941 0.752941 0.752941
vn 0.044637 0.698029 -0.714677
v 16.192488 18.372623 460.185333 0.752941 0.752941 0.752941
vn 0.184215 -0.754434 0.629995
v 11.862783 12.608448 460.512421 0.752941 0.752941 0.752941
vn -0.229918 -0.822647 0.519990
v 26.096552 15.623568 466.492645 0.752941 0.752941 0.752941
vn -0.237810 -0.806912 0.540684
v 25.878717 15.817199 466.718170 0.752941 0.752941 0.752941
vn 0.215176 0.908961 -0.357056
v 30.687822 19.360132 466.661560 0.752941 0.752941 0.752941
vn 0.276707 -0.702186 0.656024
v 5.649776 11.116351 460.777985 0.752941 0.752941 0.752941
vn -0.008654 0.725769 -0.687884
v 14.224492 18.345179 460.330017 0.752941 0.752941 0.752941
vn -0.984916 0.092261 0.146387
v 0.339942 11.579560 461.039001 0.752941 0.752941 0.752941
vn 0.378421 0.782107 -0.495083
v 29.636013 19.617472 466.555054 0.752941 0.752941 0.752941
vn -0.243501 0.938785 0.243701
v 22.458546 21.254826 466.579956 0.752941 0.752941 0.752941
vn -0.133462 -0.813498 0.566046
v 20.987862 13.065659 460.514282 0.752941 0.752941 0.752941
vn -0.246287 0.785451 -0.567812
v 7.126384 17.619648 460.597900 0.752941 0.752941 0.752941
vn 0.128024 0.905680 -0.404171
v 28.023468 17.168509 459.843292 0.752941 0.752941 0.752941
vn 0.164472 0.918998 -0.358317
v 29.861382 17.209410 460.459015 0.752941 0.752941 0.752941
vn -0.293100 -0.670692 0.681369
v 0.976568 9.815668 460.492462 0.752941 0.752941 0.752941
vn -0.163314 -0.892772 0.419865
v 23.582674 12.833842 460.943726 0.752941 0.752941 0.752941
vn -0.401607 0.218252 0.889426
v 20.330000 19.383387 467.000610 0.752941 0.752941 0.752941
vn -0.004198 0.986640 -0.162861
v 24.752228 21.519394 467.265533 0.752941 0.752941 0.752941
vn -0.085483 -0.848209 0.522718
v 23.968948 12.678206 460.793121 0.752941 0.752941 0.752941
vn 0.203321 -0.774630 0.598839
v 12.298751 12.841058 460.589569 0.752941 0.752941 0.752941
vn 0.220538 0.890287 -0.398438
v 31.148846 16.863333 460.317261 0.752941 0.752941 0.752941
vn 0.179882 -0.789141 0.587281
v 13.736114 13.145598 460.695770 0.752941 0.752941 0.752941
vn 0.251601 0.706072 0.661936
v 6.421731 19.789337 466.256165 0.752941 0.752941 0.752941
vn 0.844732 -0.201237 0.495914
v 39.439808 15.841957 466.335907 0.752941 0.752941 0.752941
vn -0.199173 -0.767431 0.609410
v 1.227072 9.753061 460.574341 0.752941 0.752941 0.752941
vn 0.235678 0.921733 -0.308001
v 30.398966 17.087883 460.580261 0.752941 0.752941 0.752941
vn -0.987253 -0.140203 0.075324
v 0.503675 14.806547 461.102600 0.752941 0.752941 0.752941
vn 0.180972 -0.756089 0.628950
v 6.127512 11.254900 460.711182 0.752941 0.752941 0.752941
vn -0.227505 0.878056 -0.421023
v 3.269933 16.747505 460.891388 0.752941 0.752941 0.752941
vn -0.848388 -0.067534 0.525050
v 2.343547 15.491291 466.614899 0.752941 0.752941 0.752941
vn 0.207868 -0.798683 0.564710
v 1.965105 9.902648 460.766907 0.752941 0.752941 0.752941
vn 0.113002 -0.807374 0.579118
v 16.278873 13.210210 460.473969 0.752941 0.752941 0.752941
vn 0.052945 0.670025 -0.740448
v 18.484968 18.444651 460.620575 0.752941 0.752941 0.752941
vn -0.098165 -0.814177 0.572258
v 17.450176 13.539162 460.887146 0.752941 0.752941 0.752941
vn 0.329584 -0.238522 0.913500
v 6.406605 17.576307 466.956146 0.752941 0.752941 0.752941
vn -0.142354 0.832108 -0.536033
v 9.026360 17.800106 460.287231 0.752941 0.752941 0.752941
vn -0.390104 -0.620645 0.680161
v 0.355498 9.914759 460.527557 0.752941 0.752941 0.752941
vn -0.992589 0.022464 0.119424
v 0.520728 14.245872 460.115143 0.752941 0.752941 0.752941
vn 0.305418 -0.760429 0.573121
v 7.060335 11.342629 460.527039 0.752941 0.752941 0.752941
vn 0.305683 0.019438 0.951935
v 7.267935 18.249798 466.643250 0.752941 0.752941 0.752941
vn 0.286161 -0.358830 0.888456
v 7.862120 17.363615 466.301910 0.752941 0.752941 0.752941
vn -0.212148 0.796225 -0.566585
v 8.249413 17.733679 460.304840 0.752941 0.752941 0.752941
vn 0.471205 -0.529395 -0.705483
v 34.364948 14.792591 460.442932 0.752941 0.752941 0.752941
vn -0.122764 0.726052 -0.676592
v 9.720381 18.559443 460.972931 0.752941 0.752941 0.752941
vn -0.242538 -0.854342 0.459648
v 28.558184 11.838483 460.968872 0.752941 0.752941 0.752941
vn 0.024630 -0.811342 0.584053
v 15.833065 13.470819 460.982849 0.752941 0.752941 0.752941
vn -0.067975 0.735519 -0.674086
v 13.168700 18.896509 460.963440 0.752941 0.752941 0.752941
vn 0.118771 -0.817943 0.562906
v 16.382914 13.562717 460.935883 0.752941 0.752941 0.752941
vn -0.319825 -0.839650 0.438976
v 1.035559 10.042037 460.880188 0.752941 0.752941 0.752941
vn -0.065319 -0.831424 0.551785
v 18.005604 13.155112 460.551666 0.752941 0.752941 0.752941
vn -0.021039 0.749675 -0.661472
v 14.186271 19.232286 461.240936 0.752941 0.752941 0.752941
vn -0.111037 -0.850732 0.513736
v 27.029312 11.816379 460.255249 0.752941 0.752941 0.752941
vn 0.100730 -0.786163 0.609755
v 11.327593 12.846869 460.832092 0.752941 0.752941 0.752941
vn 0.051103 0.695459 -0.716746
v 16.870783 18.590935 460.657013 0.752941 0.752941 0.752941
vn -0.037806 -0.744445 0.666613
v 12.741060 12.887550 460.553711 0.752941 0.752941 0.752941
vn -0.017341 0.771480 -0.636017
v 13.195720 18.420774 460.380493 0.752941 0.752941 0.752941
vn 0.196589 -0.770723 0.606084
v 6.604112 11.485584 460.971649 0.752941 0.752941 0.752941
vn 0.133857 0.865792 -0.482168
v 23.138742 18.168322 460.629608 0.752941 0.752941 0.752941
vn 0.215819 -0.742553 0.634065
v 9.717836 12.093823 460.567566 0.752941 0.752941 0.752941
vn 0.024101 -0.804855 0.592983
v 17.950674 13.511147 461.092957 0.752941 0.752941 0.752941
vn 0.079570 -0.821292 0.564931
v 18.315147 13.863611 461.392914 0.752941 0.752941 0.752941
vn 0.240322 -0.795374 0.556440
v 4.515101 10.710396 460.848083 0.752941 0.752941 0.752941
vn -0.070714 0.725945 -0.684107
v 10.523650 18.681116 461.047485 0.752941 0.752941 0.752941
vn 0.822030 -0.467318 -0.325392
v 32.293179 12.749177 460.889069 0.752941 0.752941 0.752941
vn 0.181806 0.891136 -0.415720
v 34.164124 16.501095 461.065887 0.752941 0.752941 0.752941
vn -0.115682 -0.837607 0.533884
v 20.439398 13.627224 461.355194 0.752941 0.752941 0.752941
vn -0.194135 -0.870773 0.451736
v 22.385851 12.926744 460.809540 0.752941 0.752941 0.752941
vn -0.243153 -0.772769 0.586264
v 0.595780 10.005655 460.673798 0.752941 0.752941 0.752941
vn 0.212850 -0.790596 0.574154
v 8.583074 11.884168 460.624878 0.752941 0.752941 0.752941
vn 0.240717 -0.802197 0.546383
v 2.775014 9.936770 460.294952 0.752941 0.752941 0.752941
vn 0.080084 0.751067 -0.655351
v 18.170988 18.757500 460.833588 0.752941 0.752941 0.752941
vn 0.205415 -0.723650 0.658890
v 9.527555 12.411670 461.027466 0.752941 0.752941 0.752941
vn 0.703232 -0.539361 -0.463201
v 32.513435 13.583095 460.178070 0.752941 0.752941 0.752941
vn 0.803675 0.594875 0.015148
v 39.761700 16.917461 466.315247 0.752941 0.752941 0.752941
vn 0.648494 0.419222 -0.635381
v 34.698532 15.910768 460.569519 0.752941 0.752941 0.752941
vn 0.365266 -0.930461 0.028690
v 31.555424 11.493580 461.113281 0.752941 0.752941 0.752941
vn 0.220115 -0.766947 0.602779
v 5.871680 11.478383 461.142822 0.752941 0.752941 0.752941
vn 0.485686 0.863880 -0.133496
v 39.351143 17.291719 466.933319 0.752941 0.752941 0.752941
vn 0.294271 0.821818 -0.487873
v 26.345299 20.653690 465.980530 0.752941 0.752941 0.752941
vn 0.044186 0.749796 -0.660192
v 16.671680 19.006624 461.000549 0.752941 0.752941 0.752941
vn -0.176200 -0.866892 0.466317
v 25.073544 12.599430 460.916077 0.752941 0.752941 0.752941
vn 0.450806 -0.737569 -0.502759
v 33.557476 14.570239 460.345184 0.752941 0.752941 0.752941
vn 0.066957 0.741114 -0.668033
v 19.145763 18.819992 460.872986 0.752941 0.752941 0.752941
vn -0.170594 0.763078 -0.623386
v 8.928098 18.096119 460.692902 0.752941 0.752941 0.752941
vn 0.234554 0.733760 -0.637637
v 19.797354 18.682346 461.077332 0.752941 0.752941 0.752941
vn -0.343061 -0.867060 0.361270
v 35.720810 12.313913 466.496368 0.752941 0.752941 0.752941
vn 0.141351 -0.790514 0.595909
v 14.280051 13.546947 461.068848 0.752941 0.752941 0.752941
vn -0.207939 -0.885197 0.416158
v 28.183006 14.763150 466.274475 0.752941 0.752941 0.752941
vn 0.079049 0.915437 -0.394621
v 26.687611 17.918198 460.893127 0.752941 0.752941 0.752941
vn 0.192257 0.908911 -0.370025
v 29.563375 17.539902 461.045227 0.752941 0.752941 0.752941
vn 0.720634 -0.119129 -0.683005
v 35.161861 15.248161 460.886627 0.752941 0.752941 0.752941
vn 0.259353 -0.807981 0.529059
v 2.555665 10.435867 461.065399 0.752941 0.752941 0.752941
vn 0.740344 -0.542628 -0.396794
v 31.897177 11.761936 461.232300 0.752941 0.752941 0.752941
vn -0.070036 0.861129 -0.503539
v 22.482323 17.986292 460.397766 0.752941 0.752941 0.752941
vn 0.149147 0.921809 -0.357803
v 24.192299 17.853645 460.456421 0.752941 0.752941 0.752941
vn 0.050270 0.721523 -0.690563
v 17.661884 18.806555 460.839844 0.752941 0.752941 0.752941
vn 0.127665 0.794443 -0.593770
v 20.276196 18.340357 460.870239 0.752941 0.752941 0.752941
vn 0.399706 0.756369 -0.517824
v 29.156534 20.020842 466.501678 0.752941 0.752941 0.752941
vn 0.276973 -0.677936 0.680946
v 4.939992 10.859912 460.843445 0.752941 0.752941 0.752941
vn -0.379486 0.806874 -0.452708
v 1.496420 16.435703 460.939880 0.752941 0.752941 0.752941
vn -0.123449 0.720794 -0.682067
v 12.329388 18.424383 460.510284 0.752941 0.752941 0.752941
vn 0.020361 -0.794498 0.606925
v 15.050264 13.239864 460.625214 0.752941 0.752941 0.752941
vn 0.260124 -0.803835 0.534963
v 2.080310 10.280233 461.182922 0.752941 0.752941 0.752941
vn 0.126179 -0.791160 0.598453
v 11.690319 12.995688 461.071686 0.752941 0.752941 0.752941
vn -0.291409 0.828330 0.478488
v 20.679728 20.848989 466.169708 0.752941 0.752941 0.752941
vn -0.133225 -0.875649 0.464209
v 22.997065 13.032438 461.156708 0.752941 0.752941 0.752941
vn -0.089049 -0.779182 0.620440
v 15.600543 13.809019 461.353760 0.752941 0.752941 0.752941
vn -0.194593 0.692407 -0.694770
v 7.297043 18.382196 461.404510 0.752941 0.752941 0.752941
vn -0.199718 0.739339 -0.643033
v 7.399089 18.003788 461.047424 0.752941 0.752941 0.752941
vn 0.129901 0.758613 -0.638461
v 21.622240 18.581270 461.389038 0.752941 0.752941 0.752941
vn -0.863192 -0.299793 0.406231
v 0.328433 10.397017 460.877655 0.752941 0.752941 0.752941
vn 0.857346 0.099069 0.505117
v 39.568119 14.186971 466.551758 0.752941 0.752941 0.752941
vn 0.057189 0.752860 -0.655692
v 16.132299 18.974012 460.927582 0.752941 0.752941 0.752941
vn -0.323919 -0.563897 0.759669
v 2.410305 15.063420 466.423553 0.752941 0.752941 0.752941
vn 0.243096 -0.741836 0.624967
v 12.180839 13.074637 460.918121 0.752941 0.752941 0.752941
vn 0.939212 -0.054949 0.338913
v 39.931396 13.260677 466.094238 0.752941 0.752941 0.752941
vn -0.195676 -0.862445 0.466797
v 25.758642 12.508916 461.140503 0.752941 0.752941 0.752941
vn -0.043671 0.844992 -0.532993
v 22.071615 18.203438 460.954834 0.752941 0.752941 0.752941
vn -0.112659 -0.871484 0.477309
v 1.190904 9.992831 460.967438 0.752941 0.752941 0.752941
vn -0.371718 -0.790295 0.487093
v 0.642414 10.439654 461.548157 0.752941 0.752941 0.752941
vn 0.015276 0.871049 -0.490958
v 22.631559 18.462109 461.086029 0.752941 0.752941 0.752941
vn 0.243951 -0.800714 0.547124
v 3.686724 10.780582 461.297699 0.752941 0.752941 0.752941
vn -0.052776 0.769069 -0.636983
v 18.889511 19.034002 461.233459 0.752941 0.752941 0.752941
vn -0.968448 0.122631 0.216955
v 0.376860 12.887165 460.220154 0.752941 0.752941 0.752941
vn 0.226088 0.870483 -0.437200
v 32.413368 16.665815 460.635132 0.752941 0.752941 0.752941
vn -0.058245 -0.977805 0.201260
v 30.560921 11.359480 460.987885 0.752941 0.752941 0.752941
vn 0.179574 0.880062 -0.439596
v 33.512039 16.486347 460.849792 0.752941 0.752941 0.752941
vn 0.194148 0.891071 -0.410242
v 27.312035 17.908642 461.251831 0.752941 0.752941 0.752941
vn 0.090445 0.926620 -0.364960
v 24.980394 18.032324 461.029510 0.752941 0.752941 0.752941
vn 0.198566 -0.849589 0.488640
v 3.631218 10.598004 460.888855 0.752941 0.752941 0.752941
vn 0.120646 0.722268 -0.681009
v 20.855574 18.670368 461.274963 0.752941 0.752941 0.752941
vn -0.140985 -0.863021 0.485096
v 24.652773 12.800587 461.110535 0.752941 0.752941 0.752941
vn 0.185769 0.902035 -0.389643
v 31.623913 17.094818 461.066956 0.752941 0.752941 0.752941
vn 0.491644 0.481990 -0.725239
v 35.604095 16.092230 461.669708 0.752941 0.752941 0.752941
vn -0.063906 -0.855490 0.513861
v 17.048893 13.832267 461.268524 0.752941 0.752941 0.752941
vn -0.763343 0.606033 -0.223679
v 1.229126 16.182306 461.034637 0.752941 0.752941 0.752941
vn 0.292123 -0.708486 0.642426
v 9.988284 12.669728 461.053101 0.752941 0.752941 0.752941
vn 0.328983 -0.736650 0.590861
v 4.316572 11.404053 461.681305 0.752941 0.752941 0.752941
vn 0.044449 0.762869 -0.645024
v 17.082140 19.471434 461.570862 0.752941 0.752941 0.752941
vn 0.220494 -0.694016 0.685365
v 38.811924 11.865230 466.804382 0.752941 0.752941 0.752941
vn -0.917100 0.231565 0.324508
v 3.353762 18.870102 466.475464 0.752941 0.752941 0.752941
vn 0.261209 0.868531 -0.421217
v 34.358513 16.754845 461.593842 0.752941 0.752941 0.752941
vn 0.209519 -0.770215 0.602387
v 10.518440 12.863779 461.082672 0.752941 0.752941 0.752941
vn 0.322599 -0.637377 0.699772
v 5.342310 16.148804 466.503326 0.752941 0.752941 0.752941
vn 0.165892 0.908778 -0.382887
v 30.672476 17.361580 461.319183 0.752941 0.752941 0.752941
vn 0.068332 -0.746273 0.662123
v 12.996707 13.364226 461.079590 0.752941 0.752941 0.752941
vn 0.556815 0.632859 -0.538002
v 34.933628 16.214836 461.238373 0.752941 0.752941 0.752941
vn 0.282472 -0.739994 0.610425
v 8.312981 12.117282 461.097687 0.752941 0.752941 0.752941
vn -0.325398 -0.821786 0.467743
v 30.328730 14.077921 466.470184 0.752941 0.752941 0.752941
vn 0.160249 0.715919 -0.679544
v 20.073753 19.073635 461.572479 0.752941 0.752941 0.752941
vn -0.012033 -0.825424 0.564385
v 17.909056 13.784825 461.429199 0.752941 0.752941 0.752941
vn -0.123230 -0.841156 0.526566
v 23.522400 12.981101 461.310944 0.752941 0.752941 0.752941
vn -0.012016 0.734804 -0.678173
v 15.153097 19.046707 461.013458 0.752941 0.752941 0.752941
vn 0.091085 -0.813899 0.573823
v 14.489141 13.776686 461.328644 0.752941 0.752941 0.752941
vn 0.105387 0.831426 -0.545550
v 21.226475 18.325630 460.950226 0.752941 0.752941 0.752941
vn 0.086613 0.795924 -0.599169
v 17.638340 18.977331 461.117737 0.752941 0.752941 0.752941
vn 0.183059 -0.740617 0.646510
v 12.172286 13.532394 461.484863 0.752941 0.752941 0.752941
vn -0.076132 0.746719 -0.660768
v 10.181804 18.966433 461.342865 0.752941 0.752941 0.752941
vn -0.987310 0.129749 0.091570
v 0.532368 14.926907 461.649109 0.752941 0.752941 0.752941
vn 0.242364 0.899493 -0.363553
v 29.850828 19.354700 466.114044 0.752941 0.752941 0.752941
vn 0.264127 0.910497 -0.318170
v 29.724592 17.585367 461.423859 0.752941 0.752941 0.752941
vn 0.148729 0.911417 -0.383665
v 33.982620 16.772873 461.579559 0.752941 0.752941 0.752941
vn 0.017356 -0.947796 0.318403
v 30.895403 11.367507 461.451965 0.752941 0.752941 0.752941
vn 0.205313 -0.730272 0.651574
v 9.654349 12.844918 461.395233 0.752941 0.752941 0.752941
vn 0.031874 0.772146 -0.634645
v 16.300617 19.503771 461.647186 0.752941 0.752941 0.752941
vn 0.201500 -0.742006 0.639394
v 11.374254 13.344831 461.571381 0.752941 0.752941 0.752941
vn 0.201132 0.900694 -0.385094
v 23.414068 18.262203 461.103424 0.752941 0.752941 0.752941
vn 0.225707 0.892833 -0.389751
v 33.500298 16.883219 461.551239 0.752941 0.752941 0.752941
vn -0.225321 -0.887731 0.401453
v 24.960316 12.836349 461.314362 0.752941 0.752941 0.752941
vn -0.110735 -0.857433 0.502539
v 24.088758 13.012699 461.376862 0.752941 0.752941 0.752941
vn 0.195816 0.746148 -0.636333
v 21.242933 18.973265 461.688507 0.752941 0.752941 0.752941
vn 0.276834 -0.806463 0.522476
v 7.458903 11.914636 461.071320 0.752941 0.752941 0.752941
vn -0.188388 -0.866098 0.463016
v 27.495209 12.198087 461.159210 0.752941 0.752941 0.752941
vn 0.176698 0.811559 -0.556911
v 22.412584 18.853935 461.758881 0.752941 0.752941 0.752941
vn -0.245718 -0.781801 0.573071
v 22.707827 16.143288 465.792847 0.752941 0.752941 0.752941
vn 0.111992 -0.828220 0.549098
v 11.005145 13.126126 461.284454 0.752941 0.752941 0.752941
vn -0.245408 -0.839023 0.485609
v 22.035500 13.207543 461.025391 0.752941 0.752941 0.752941
vn -0.307182 0.848322 -0.431264
v 3.502264 17.090185 461.592194 0.752941 0.752941 0.752941
vn 0.057892 0.932638 -0.356140
v 26.714373 18.061201 461.343262 0.752941 0.752941 0.752941
vn -0.281582 0.832695 -0.476792
v 4.096264 17.065132 461.133057 0.752941 0.752941 0.752941
vn -0.159679 -0.835139 0.526351
v 22.252464 13.366820 461.558197 0.752941 0.752941 0.752941
vn -0.248690 0.706375 -0.662713
v 6.618741 17.667763 460.906189 0.752941 0.752941 0.752941
vn 0.256601 -0.777366 0.574333
v 5.650154 11.785116 461.612305 0.752941 0.752941 0.752941
vn 0.236612 0.899079 -0.368337
v 33.101967 17.027975 461.653351 0.752941 0.752941 0.752941
vn 0.375138 -0.686619 0.622756
v 8.084954 12.391656 461.422913 0.752941 0.752941 0.752941
vn 0.116127 -0.790139 0.601827
v 6.679624 12.020004 461.512024 0.752941 0.752941 0.752941
vn 0.221280 -0.785735 0.577630
v 7.008684 11.810325 461.252380 0.752941 0.752941 0.752941
vn 0.039544 -0.813263 0.580551
v 15.967412 13.654268 461.263611 0.752941 0.752941 0.752941
vn -0.975014 -0.045841 0.217363
v 0.392778 11.036689 461.499786 0.752941 0.752941 0.752941
vn -0.800129 0.385053 0.459921
v 3.023824 17.967712 466.325714 0.752941 0.752941 0.752941
vn -0.227521 -0.472896 0.851236
v 18.785870 17.963013 466.211884 0.752941 0.752941 0.752941
vn 0.046982 -0.799143 0.599303
v 14.927611 13.869761 461.440216 0.752941 0.752941 0.752941
vn 0.372308 -0.818482 -0.437578
v 34.395821 14.228560 461.976105 0.752941 0.752941 0.752941
vn 0.425788 -0.783797 -0.452070
v 34.703644 14.668943 460.933838 0.752941 0.752941 0.752941
vn 0.074881 -0.760234 0.645319
v 16.270895 14.112846 461.792114 0.752941 0.752941 0.752941
vn 0.213258 -0.730603 0.648645
v 8.942698 12.338486 461.027863 0.752941 0.752941 0.752941
vn -0.036104 0.773834 -0.632358
v 22.089993 18.520161 461.341217 0.752941 0.752941 0.752941
vn -0.253507 -0.870976 0.420875
v 28.277077 12.369301 461.819214 0.752941 0.752941 0.752941
vn 0.026389 0.757141 -0.652718
v 18.410372 19.029346 461.268372 0.752941 0.752941 0.752941
vn -0.134800 -0.807669 0.574021
v 23.031475 13.450089 461.701447 0.752941 0.752941 0.752941
vn 0.267859 -0.718370 0.642025
v 4.747658 11.252548 461.257813 0.752941 0.752941 0.752941
vn 0.606290 0.084877 -0.790701
v 35.790882 15.574467 461.682861 0.752941 0.752941 0.752941
vn 0.029232 -0.775083 0.631183
v 18.162678 14.067168 461.761688 0.752941 0.752941 0.752941
vn 0.257489 -0.741096 0.620062
v 2.346130 10.742224 461.741791 0.752941 0.752941 0.752941
vn 0.271225 -0.717012 0.642130
v 7.757647 12.280360 461.561798 0.752941 0.752941 0.752941
vn -0.992318 -0.052127 0.112194
v 0.664428 14.080704 461.145355 0.752941 0.752941 0.752941
vn -0.506497 0.809113 -0.297989
v 1.316038 16.621447 461.547516 0.752941 0.752941 0.752941
vn -0.279200 -0.695341 0.662229
v 21.017944 17.300077 466.469391 0.752941 0.752941 0.752941
vn 0.163827 0.765887 -0.621754
v 22.271502 19.107613 462.003448 0.752941 0.752941 0.752941
vn 0.636246 -0.640179 -0.430537
v 33.323479 13.973864 461.439636 0.752941 0.752941 0.752941
vn -0.228163 -0.883454 0.409207
v 29.588451 11.818591 461.413422 0.752941 0.752941 0.752941
vn -0.047409 -0.772678 0.633025
v 15.983767 13.988732 461.685852 0.752941 0.752941 0.752941
vn -0.048325 -0.711901 0.700615
v 1.220407 10.419640 461.765533 0.752941 0.752941 0.752941
vn 0.229302 -0.785382 0.574975
v 1.437610 10.285408 461.494019 0.752941 0.752941 0.752941
vn -0.291503 -0.880575 0.373649
v 31.200996 13.650941 466.225616 0.752941 0.752941 0.752941
vn 0.189210 -0.735561 0.650500
v 3.331064 10.936665 461.647430 0.752941 0.752941 0.752941
vn 0.156441 0.783619 -0.601221
v 19.382753 19.103262 461.432007 0.752941 0.752941 0.752941
vn -0.256816 -0.837965 0.481519
v 27.881481 14.746355 466.172516 0.752941 0.752941 0.752941
vn 0.839729 -0.242240 0.485978
v 39.693459 16.535810 466.809265 0.752941 0.752941 0.752941
vn 0.148530 -0.771556 0.618579
v 10.485868 13.210382 461.605927 0.752941 0.752941 0.752941
vn 0.027545 0.774645 -0.631797
v 15.652208 19.551916 461.608917 0.752941 0.752941 0.752941
vn 0.082614 -0.773208 0.628748
v 13.716111 13.684872 461.454193 0.752941 0.752941 0.752941
vn 0.184673 -0.709609 0.679964
v 10.126171 13.380796 461.860504 0.752941 0.752941 0.752941
vn 0.238288 0.809568 -0.536487
v 23.740597 18.621326 461.990967 0.752941 0.752941 0.752941
vn -0.129536 0.770710 -0.623880
v 9.117421 19.266762 461.905762 0.752941 0.752941 0.752941
vn 0.229791 -0.751266 0.618705
v 7.837135 12.495491 461.790924 0.752941 0.752941 0.752941
vn 0.180223 0.895373 -0.407219
v 32.201088 17.211861 461.591949 0.752941 0.752941 0.752941
vn -0.261748 -0.876560 0.403895
v 30.114693 11.726343 461.752899 0.752941 0.752941 0.752941
vn 0.224058 -0.735226 0.639719
v 9.139764 12.857268 461.576508 0.752941 0.752941 0.752941
vn -0.217022 -0.840279 0.496823
v 26.359133 12.907553 462.051819 0.752941 0.752941 0.752941
vn -0.983672 0.115473 0.138038
v 0.611328 12.641431 461.684814 0.752941 0.752941 0.752941
vn 0.177847 -0.796005 0.578572
v 2.933314 10.704154 461.473328 0.752941 0.752941 0.752941
vn -0.028784 -0.732159 0.680526
v 13.360171 13.718376 461.430786 0.752941 0.752941 0.752941
vn 0.007081 -0.805303 0.592821
v 15.192063 14.256886 461.881195 0.752941 0.752941 0.752941
vn 0.239975 0.847680 -0.473129
v 23.049408 18.553022 461.567474 0.752941 0.752941 0.752941
vn 0.238066 0.788795 -0.566681
v 23.346596 18.736494 461.948090 0.752941 0.752941 0.752941
vn -0.871912 0.247033 0.422782
v 3.230871 19.168482 465.944092 0.752941 0.752941 0.752941
vn -0.071306 -0.753530 0.653535
v 17.180687 14.043226 461.680756 0.752941 0.752941 0.752941
vn 0.156835 0.903943 -0.397857
v 31.440231 17.421843 461.855225 0.752941 0.752941 0.752941
vn -0.114263 0.783619 -0.610644
v 9.985113 19.431543 461.967712 0.752941 0.752941 0.752941
vn 0.208085 0.911179 -0.355604
v 33.524124 17.048561 462.086243 0.752941 0.752941 0.752941
vn -0.311106 0.750763 -0.582724
v 4.520100 17.468248 461.481201 0.752941 0.752941 0.752941
vn 0.095259 -0.773431 0.626682
v 12.992001 13.935565 461.762451 0.752941 0.752941 0.752941
vn -0.063148 -0.780971 0.621367
v 17.625992 13.958143 461.688965 0.752941 0.752941 0.752941
vn 0.219208 -0.725771 0.652077
v 9.491175 13.538118 462.205170 0.752941 0.752941 0.752941
vn -0.091755 0.735301 -0.671500
v 11.467915 19.172897 461.408234 0.752941 0.752941 0.752941
vn 0.018927 0.977341 -0.210824
v 23.441078 21.335379 466.181366 0.752941 0.752941 0.752941
vn 0.224021 -0.730478 0.645149
v 7.229583 12.169322 461.657501 0.752941 0.752941 0.752941
vn 0.198628 -0.706420 0.679351
v 8.117975 12.845709 462.094666 0.752941 0.752941 0.752941
vn 0.161363 -0.710792 0.684644
v 11.004627 13.593231 461.976166 0.752941 0.752941 0.752941
vn 0.225739 0.219773 0.949074
v 8.315628 18.711750 466.346283 0.752941 0.752941 0.752941
vn 0.098326 0.899538 -0.425632
v 28.582352 17.837717 461.539001 0.752941 0.752941 0.752941
vn -0.255430 0.369922 0.893260
v 18.584879 19.891750 466.184418 0.752941 0.752941 0.752941
vn 0.224824 0.906375 -0.357685
v 29.126753 17.911573 461.808716 0.752941 0.752941 0.752941
vn -0.261624 0.220771 0.939581
v 17.973181 19.591915 466.095581 0.752941 0.752941 0.752941
vn -0.041100 0.805915 -0.590603
v 12.676971 19.536463 461.746216 0.752941 0.752941 0.752941
vn 0.107199 -0.917137 0.383884
v 31.060007 11.531833 461.713287 0.752941 0.752941 0.752941
vn -0.048310 0.813420 -0.579667
v 13.507192 19.784521 461.972839 0.752941 0.752941 0.752941
vn -0.374634 0.721248 -0.582624
v 3.957518 17.460140 461.823639 0.752941 0.752941 0.752941
vn -0.046250 0.776050 -0.628974
v 13.292461 19.329800 461.386810 0.752941 0.752941 0.752941
vn 0.312800 -0.744437 0.589890
v 8.405089 12.731158 461.733368 0.752941 0.752941 0.752941
vn 0.324318 -0.744633 0.583386
v 3.605982 11.037788 461.633118 0.752941 0.752941 0.752941
vn 0.227709 -0.779314 0.583796
v 5.417815 11.931572 461.940796 0.752941 0.752941 0.752941
vn 0.209328 -0.781156 0.588198
v 6.147011 11.957046 461.583466 0.752941 0.752941 0.752941
vn -0.077792 -0.660437 0.746841
v 0.800049 10.598874 461.869476 0.752941 0.752941 0.752941
vn -0.250973 0.740780 -0.623103
v 5.272800 17.851191 461.604218 0.752941 0.752941 0.752941
vn -0.075506 -0.570791 0.817616
v 1.052612 10.696903 461.877289 0.752941 0.752941 0.752941
vn 0.578916 -0.326776 -0.747043
v 35.935619 14.999145 461.862213 0.752941 0.752941 0.752941
vn -0.073883 -0.831282 0.550919
v 19.370293 13.706370 461.320435 0.752941 0.752941 0.752941
vn 0.320440 0.435571 -0.841187
v 36.089897 16.160948 461.940216 0.752941 0.752941 0.752941
vn 0.213285 -0.687680 0.693978
v 2.748348 11.032631 461.779724 0.752941 0.752941 0.752941
vn 0.059409 -0.722229 0.689098
v 1.336507 10.816816 462.020355 0.752941 0.752941 0.752941
vn -0.087340 -0.813127 0.575496
v 18.989389 14.185992 462.014038 0.752941 0.752941 0.752941
vn 0.118532 -0.754034 0.646051
v 14.354403 14.062965 461.830292 0.752941 0.752941 0.752941
vn 0.252577 -0.106591 0.961688
v 8.201117 18.056564 466.388611 0.752941 0.752941 0.752941
vn 0.072671 0.772380 -0.630990
v 18.545332 19.430275 461.666229 0.752941 0.752941 0.752941
vn 0.156443 -0.734560 0.660263
v 12.010992 14.083904 462.104156 0.752941 0.752941 0.752941
vn -0.050627 0.774122 -0.631009
v 12.191564 19.434797 461.610596 0.752941 0.752941 0.752941
vn -0.202862 -0.851779 0.483032
v 21.174904 14.204703 462.429413 0.752941 0.752941 0.752941
vn 0.101761 0.929097 -0.355561
v 26.173910 18.411880 462.290039 0.752941 0.752941 0.752941
vn 0.460477 -0.288242 -0.839570
v 36.540585 15.340273 462.197723 0.752941 0.752941 0.752941
vn -0.200723 -0.892067 0.404879
v 28.392782 14.601667 465.906036 0.752941 0.752941 0.752941
vn 0.164549 0.934185 -0.316578
v 30.683395 19.135185 466.059601 0.752941 0.752941 0.752941
vn -0.175372 0.709706 -0.682321
v 8.556373 18.609915 461.306091 0.752941 0.752941 0.752941
vn 0.230200 -0.746057 0.624826
v 3.764109 11.414504 462.071564 0.752941 0.752941 0.752941
vn -0.254419 0.709654 -0.657010
v 5.654697 18.530893 462.208954 0.752941 0.752941 0.752941
vn 0.080842 -0.717282 0.692078
v 13.681769 14.186755 462.046722 0.752941 0.752941 0.752941
vn 0.720773 -0.452947 -0.524714
v 32.695515 12.757149 461.878418 0.752941 0.752941 0.752941
vn 0.336120 0.787640 -0.516379
v 28.128546 20.293045 466.424805 0.752941 0.752941 0.752941
vn 0.448329 -0.047639 -0.892598
v 36.217918 15.736994 461.935394 0.752941 0.752941 0.752941
vn 0.185953 -0.778663 0.599253
v 6.672870 12.192488 461.826355 0.752941 0.752941 0.752941
vn -0.033096 0.821559 -0.569162
v 14.207939 20.088850 462.326599 0.752941 0.752941 0.752941
vn -0.569818 -0.485181 0.663255
v 0.527565 10.878987 461.907715 0.752941 0.752941 0.752941
vn 0.120046 -0.724899 0.678315
v 10.500200 13.769536 462.137909 0.752941 0.752941 0.752941
vn -0.791038 -0.322374 0.519937
v 0.599970 11.222929 462.167725 0.752941 0.752941 0.752941
vn -0.995956 0.036888 0.081925
v 0.741127 13.359839 462.371704 0.752941 0.752941 0.752941
vn -0.283309 -0.890424 0.356204
v 37.540894 11.528557 466.215576 0.752941 0.752941 0.752941
vn 0.222428 0.894879 -0.386934
v 29.476604 17.895844 462.084534 0.752941 0.752941 0.752941
vn -0.926645 0.371725 0.056119
v 0.869231 15.720362 462.417419 0.752941 0.752941 0.752941
vn -0.024277 -0.761314 0.647928
v 14.471122 14.489465 462.235352 0.752941 0.752941 0.752941
vn -0.097088 -0.858118 0.504189
v 19.703543 14.169034 462.063354 0.752941 0.752941 0.752941
vn -0.097504 -0.863118 0.495501
v 20.456749 14.087928 462.046936 0.752941 0.752941 0.752941
vn 0.037819 -0.721752 0.691118
v 15.753641 14.358124 462.090088 0.752941 0.752941 0.752941
vn 0.252591 0.905440 -0.341140
v 32.994827 17.214209 462.263397 0.752941 0.752941 0.752941
vn -0.254302 -0.727050 0.637753
v 19.833174 17.211426 465.921570 0.752941 0.752941 0.752941
vn -0.905649 0.223282 0.360478
v 2.488851 16.231525 466.525299 0.752941 0.752941 0.752941
vn 0.262147 0.790337 -0.553757
v 35.969204 16.371876 462.098785 0.752941 0.752941 0.752941
vn 0.128467 0.863188 -0.488265
v 24.389841 18.430691 461.958252 0.752941 0.752941 0.752941
vn -0.924652 0.174698 0.338379
v 2.111525 15.250861 466.100708 0.752941 0.752941 0.752941
vn -0.207006 0.863573 -0.459772
v 2.625377 17.005817 461.989655 0.752941 0.752941 0.752941
vn -0.215842 -0.846177 0.487235
v 24.364885 13.229428 461.873230 0.752941 0.752941 0.752941
vn 0.116326 0.919507 -0.375467
v 27.278746 18.206791 461.809631 0.752941 0.752941 0.752941
vn 0.087158 -0.957898 0.273558
v 31.517618 11.675700 462.119232 0.752941 0.752941 0.752941
vn -0.087765 0.757738 -0.646630
v 10.593712 19.224634 461.606506 0.752941 0.752941 0.752941
vn 0.138313 0.933959 -0.329531
v 32.892872 18.985819 466.377319 0.752941 0.752941 0.752941
vn 0.259558 -0.681983 0.683761
v 5.817102 15.539083 465.677338 0.752941 0.752941 0.752941
vn -0.008327 -0.772449 0.635022
v 14.904799 14.512167 462.386169 0.752941 0.752941 0.752941
vn -0.024247 -0.739739 0.672457
v 17.112427 14.459088 462.062866 0.752941 0.752941 0.752941
vn -0.311706 -0.842236 0.439861
v 28.891376 14.530046 466.335846 0.752941 0.752941 0.752941
vn -0.196856 -0.814269 0.546090
v 19.462339 14.395601 462.401459 0.752941 0.752941 0.752941
vn 0.422241 -0.583538 -0.693683
v 36.346264 14.650778 462.383087 0.752941 0.752941 0.752941
vn 0.061810 0.759797 -0.647216
v 17.643408 19.681711 461.907593 0.752941 0.752941 0.752941
vn -0.973810 0.058347 0.219749
v 0.729315 14.533887 462.810211 0.752941 0.752941 0.752941
vn -0.298886 0.693917 -0.655093
v 4.779578 18.478041 462.459595 0.752941 0.752941 0.752941
vn 0.234207 0.908296 -0.346621
v 32.383217 17.406420 462.115997 0.752941 0.752941 0.752941
vn -0.328309 0.729792 -0.599681
v 3.154392 17.260971 462.157440 0.752941 0.752941 0.752941
vn -0.239480 -0.860442 0.449766
v 28.924938 12.329885 462.252625 0.752941 0.752941 0.752941
vn -0.201676 0.754310 -0.624774
v 7.398210 19.135643 462.200592 0.752941 0.752941 0.752941
vn -0.002025 0.980050 -0.198739
v 22.195091 21.227503 465.517609 0.752941 0.752941 0.752941
vn -0.123876 -0.876063 0.466014
v 25.680470 12.996818 461.846497 0.752941 0.752941 0.752941
vn -0.243814 -0.864699 0.439148
v 27.426937 12.859320 462.405884 0.752941 0.752941 0.752941
vn 0.130298 0.754066 -0.643745
v 19.968643 19.446548 461.911255 0.752941 0.752941 0.752941
vn -0.786248 -0.152505 0.598796
v 1.938089 14.721436 465.887451 0.752941 0.752941 0.752941
vn 0.259665 -0.684412 0.681289
v 11.422063 13.884861 462.041412 0.752941 0.752941 0.752941
vn -0.043049 -0.768729 0.638124
v 17.366751 14.853094 462.613800 0.752941 0.752941 0.752941
vn 0.235162 -0.792146 0.563209
v 5.013693 11.730875 461.782806 0.752941 0.752941 0.752941
vn 0.240863 -0.785758 0.569709
v 5.718398 12.291482 462.282532 0.752941 0.752941 0.752941
vn -0.183151 -0.840068 0.510628
v 24.967525 13.077072 461.988922 0.752941 0.752941 0.752941
vn 0.285681 0.164209 -0.944151
v 36.758636 16.162813 462.100189 0.752941 0.752941 0.752941
vn 0.088759 0.910059 -0.404863
v 25.485638 18.309011 461.822662 0.752941 0.752941 0.752941
vn 0.014752 0.891539 -0.452703
v 16.970802 20.458204 462.959534 0.752941 0.752941 0.752941
vn 0.243895 0.409119 0.879282
v 7.684659 19.289942 466.255402 0.752941 0.752941 0.752941
vn -0.819714 0.572285 -0.023659
v 1.283406 16.658737 462.334686 0.752941 0.752941 0.752941
vn 0.190063 0.799609 -0.569651
v 24.011021 18.795076 462.326630 0.752941 0.752941 0.752941
vn 0.180068 0.098233 0.978737
v 9.260348 18.616068 466.121582 0.752941 0.752941 0.752941
vn 0.185402 0.116755 0.975702
v 9.661501 18.618713 466.101471 0.752941 0.752941 0.752941
vn 0.146387 0.760721 -0.632356
v 20.415358 19.475552 462.073486 0.752941 0.752941 0.752941
vn 0.148550 0.871676 -0.467026
v 27.923840 18.090923 461.966858 0.752941 0.752941 0.752941
vn 0.182470 -0.746171 0.640260
v 3.357809 11.645470 462.376068 0.752941 0.752941 0.752941
vn 0.120964 -0.678037 0.725006
v 13.935107 14.396824 462.124359 0.752941 0.752941 0.752941
vn 0.117956 -0.658442 0.743331
v 7.509608 12.622217 461.886078 0.752941 0.752941 0.752941
vn 0.311290 0.503630 -0.805888
v 37.078720 16.263947 462.233643 0.752941 0.752941 0.752941
vn 0.270246 -0.687781 0.673739
v 6.851733 12.635117 462.136902 0.752941 0.752941 0.752941
vn 0.131776 -0.624073 0.770174
v 8.129281 13.146103 462.381165 0.752941 0.752941 0.752941
vn 0.142088 0.860065 -0.490000
v 24.795952 18.694502 462.357300 0.752941 0.752941 0.752941
vn 0.372880 0.774799 -0.510536
v 35.240089 16.380079 461.734161 0.752941 0.752941 0.752941
vn 0.125487 0.870377 -0.476128
v 36.736797 16.350422 462.313629 0.752941 0.752941 0.752941
vn -0.397257 0.851505 -0.342237
v 1.652031 16.882872 462.092682 0.752941 0.752941 0.752941
vn -0.179083 -0.876599 0.446657
v 25.704580 13.256021 462.598114 0.752941 0.752941 0.752941
vn 0.358343 -0.376849 -0.854152
v 37.025311 15.560879 462.293488 0.752941 0.752941 0.752941
vn 0.098802 0.798213 -0.594217
v 18.701136 19.806767 462.251801 0.752941 0.752941 0.752941
vn -0.080344 -0.832572 0.548059
v 22.417368 13.850018 462.207764 0.752941 0.752941 0.752941
vn 0.293892 -0.744198 0.599831
v 2.230876 11.006779 462.069397 0.752941 0.752941 0.752941
vn 0.308015 -0.760843 0.571178
v 2.599275 11.443135 462.346497 0.752941 0.752941 0.752941
vn 0.243927 0.829570 0.502308
v 5.663685 20.027138 466.228760 0.752941 0.752941 0.752941
vn 0.012139 -0.979684 0.200180
v 31.907919 11.805853 462.588776 0.752941 0.752941 0.752941
vn -0.039328 -0.713975 0.699066
v 17.988224 14.322602 462.025909 0.752941 0.752941 0.752941
vn 0.284458 -0.760720 0.583428
v 4.698969 12.073544 462.383942 0.752941 0.752941 0.752941
vn 0.533992 -0.357135 -0.766360
v 36.473679 14.987956 462.291290 0.752941 0.752941 0.752941
vn 0.070471 -0.729553 0.680284
v 16.027246 14.665427 462.295319 0.752941 0.752941 0.752941
vn 0.001290 0.846671 -0.532115
v 15.164549 20.211275 462.486725 0.752941 0.752941 0.752941
vn -0.086478 0.817953 -0.568749
v 11.649447 19.973032 462.354919 0.752941 0.752941 0.752941
vn 0.290165 0.903999 -0.313990
v 39.035122 16.890238 465.537689 0.752941 0.752941 0.752941
vn 0.149542 0.918482 -0.366098
v 28.553238 18.298302 462.362244 0.752941 0.752941 0.752941
vn 0.873108 0.129077 0.470129
v 39.718586 15.031895 465.877625 0.752941 0.752941 0.752941
vn -0.234398 -0.887913 0.395812
v 34.078259 12.744811 466.185944 0.752941 0.752941 0.752941
vn -0.185708 -0.862670 0.470439
v 31.121645 11.972724 462.495148 0.752941 0.752941 0.752941
vn -0.196903 -0.845908 0.495651
v 25.281004 13.251494 462.286133 0.752941 0.752941 0.752941
vn -0.135196 -0.883604 0.448292
v 26.293591 13.245486 462.570831 0.752941 0.752941 0.752941
vn -0.170021 -0.839935 0.515366
v 21.732101 13.995064 462.409058 0.752941 0.752941 0.752941
vn 0.222142 0.911157 -0.347052
v 36.114124 16.517187 462.556519 0.752941 0.752941 0.752941
vn -0.287306 -0.872181 0.395925
v 33.639198 12.754225 466.079529 0.752941 0.752941 0.752941
vn 0.029647 0.803804 -0.594155
v 16.433691 19.950361 462.142944 0.752941 0.752941 0.752941
vn 0.128434 -0.709349 0.693058
v 7.574104 12.899626 462.159576 0.752941 0.752941 0.752941
vn 0.048574 -0.816632 0.575111
v 38.419456 11.377648 466.214783 0.752941 0.752941 0.752941
vn -0.904541 0.226515 0.361243
v 0.732955 15.167321 462.604614 0.752941 0.752941 0.752941
vn 0.714748 -0.475736 -0.512651
v 33.011433 12.690486 462.270020 0.752941 0.752941 0.752941
vn -0.349156 0.594902 0.724004
v 20.049753 20.441072 466.305695 0.752941 0.752941 0.752941
vn -0.357136 -0.879369 0.314904
v 32.988468 13.274921 466.529694 0.752941 0.752941 0.752941
vn 0.220353 -0.807738 0.546812
v 5.057376 12.332068 462.526642 0.752941 0.752941 0.752941
vn 0.078570 -0.775973 0.625853
v 12.696403 14.244037 462.198639 0.752941 0.752941 0.752941
vn 0.204598 -0.731317 0.650627
v 4.064081 12.035289 462.650513 0.752941 0.752941 0.752941
vn 0.160692 0.756829 -0.633552
v 21.314692 19.346699 462.184906 0.752941 0.752941 0.752941
vn -0.178374 0.766018 -0.617575
v 8.013473 19.418587 462.341248 0.752941 0.752941 0.752941
vn 0.614875 -0.756557 -0.222599
v 32.239529 11.904214 461.787933 0.752941 0.752941 0.752941
vn -0.197908 -0.829495 0.522274
v 29.053368 12.564495 462.588287 0.752941 0.752941 0.752941
vn 0.574177 -0.610634 -0.545387
v 33.738724 13.527737 462.212830 0.752941 0.752941 0.752941
vn 0.064389 0.827310 -0.558044
v 17.699638 20.154005 462.507813 0.752941 0.752941 0.752941
vn 0.217384 -0.733663 0.643803
v 9.246948 13.790394 462.585297 0.752941 0.752941 0.752941
vn 0.159629 -0.704959 0.691051
v 10.933691 14.391074 462.822510 0.752941 0.752941 0.752941
vn 0.172163 0.908159 -0.381585
v 30.271744 17.893476 462.385895 0.752941 0.752941 0.752941
vn 0.343487 -0.685058 0.642426
v 3.694570 15.199027 466.310486 0.752941 0.752941 0.752941
vn -0.275721 -0.783939 0.556253
v 24.952446 15.944388 466.379181 0.752941 0.752941 0.752941
vn 0.201557 0.783880 -0.587287
v 22.165409 19.418530 462.417358 0.752941 0.752941 0.752941
vn 0.616594 -0.691225 -0.376857
v 32.694515 11.963802 462.291718 0.752941 0.752941 0.752941
vn -0.294682 -0.900152 0.320764
v 36.486004 11.926591 466.222992 0.752941 0.752941 0.752941
vn -0.235787 -0.767143 0.596570
v 23.387749 16.278328 466.121063 0.752941 0.752941 0.752941
vn 0.437591 -0.471480 -0.765650
v 37.342117 15.230988 462.716461 0.752941 0.752941 0.752941
vn -0.078160 0.889256 -0.450682
v 12.778152 20.373018 462.934753 0.752941 0.752941 0.752941
vn 0.259027 0.885875 -0.384877
v 35.170460 17.056562 462.948395 0.752941 0.752941 0.752941
vn 0.170497 0.891439 -0.419841
v 30.952751 17.709370 462.236450 0.752941 0.752941 0.752941
vn -0.262448 0.653690 0.709796
v 19.270634 20.338472 466.065948 0.752941 0.752941 0.752941
vn 0.197355 -0.266518 0.943408
v 9.331474 17.666750 465.993713 0.752941 0.752941 0.752941
vn 0.441484 -0.111018 -0.890375
v 37.421360 15.866454 462.362030 0.752941 0.752941 0.752941
vn 0.605582 0.215076 -0.766168
v 37.570889 16.144173 462.451416 0.752941 0.752941 0.752941
vn -0.242879 0.719674 -0.650445
v 6.332369 18.974401 462.377258 0.752941 0.752941 0.752941
vn -0.212964 -0.738379 0.639877
v 1.127694 11.055666 462.366760 0.752941 0.752941 0.752941
vn 0.291776 -0.716539 0.633592
v 8.661526 13.508774 462.464996 0.752941 0.752941 0.752941
vn -0.904375 0.307612 0.295771
v 1.192190 16.245621 462.834656 0.752941 0.752941 0.752941
vn 0.187644 0.670559 0.717733
v 7.280273 19.741953 466.033447 0.752941 0.752941 0.752941
vn 0.201927 0.911763 -0.357651
v 30.967367 18.110088 463.031097 0.752941 0.752941 0.752941
vn 0.173456 0.924317 -0.339927
v 34.165222 17.086103 462.577820 0.752941 0.752941 0.752941
vn 0.268297 0.897254 -0.350644
v 37.383003 17.614456 466.050415 0.752941 0.752941 0.752941
vn -0.209925 -0.833452 0.511165
v 29.974854 12.185646 462.391754 0.752941 0.752941 0.752941
vn 0.176235 0.778139 -0.602860
v 20.971611 19.808811 462.581726 0.752941 0.752941 0.752941
vn 0.320828 0.835101 -0.446850
v 37.453148 16.355406 462.534546 0.752941 0.752941 0.752941
vn 0.242198 -0.781251 0.575315
v 8.272747 13.517090 462.753540 0.752941 0.752941 0.752941
vn -0.103777 -0.744075 0.659987
v 18.418604 14.436834 462.156433 0.752941 0.752941 0.752941
vn -0.328786 0.802305 -0.498203
v 1.981792 17.279041 462.593018 0.752941 0.752941 0.752941
vn 0.017288 -0.802523 0.596370
v 14.012614 14.755524 462.544098 0.752941 0.752941 0.752941
vn -0.250165 -0.807521 0.534161
v 24.900274 13.499498 462.441315 0.752941 0.752941 0.752941
vn 0.037272 -0.682646 0.729798
v 14.887872 15.042594 462.814270 0.752941 0.752941 0.752941
vn -0.218774 -0.847987 0.482758
v 27.693111 12.982568 462.900940 0.752941 0.752941 0.752941
vn -0.041495 -0.773424 0.632530
v 20.064770 14.614950 462.753906 0.752941 0.752941 0.752941
vn 0.298707 -0.741557 0.600723
v 5.795127 12.432787 462.486877 0.752941 0.752941 0.752941
vn 0.246375 0.775998 -0.580626
v 22.670614 19.235401 462.433594 0.752941 0.752941 0.752941
vn -0.316601 -0.818744 0.478979
v 27.256838 14.931477 465.891541 0.752941 0.752941 0.752941
vn 0.141770 -0.801281 0.581248
v 1.936403 11.193133 462.455017 0.752941 0.752941 0.752941
vn 0.174025 -0.733654 0.656862
v 10.142804 14.101962 462.659943 0.752941 0.752941 0.752941
vn -0.353527 0.646127 -0.676416
v 3.361570 17.818525 462.496277 0.752941 0.752941 0.752941
vn -0.162611 0.813699 -0.558079
v 8.238665 19.784422 462.778381 0.752941 0.752941 0.752941
vn -0.205114 0.770043 -0.604121
v 6.701595 19.433933 462.793152 0.752941 0.752941 0.752941
vn 0.088910 -0.733943 0.673367
v 14.271321 14.960905 462.856018 0.752941 0.752941 0.752941
vn -0.239947 -0.891755 0.383664
v 26.962334 13.259949 462.846863 0.752941 0.752941 0.752941
vn 0.245060 0.913465 -0.324851
v 31.665571 17.934942 463.182892 0.752941 0.752941 0.752941
vn 0.154466 0.797745 -0.582874
v 21.378208 19.839701 462.792938 0.752941 0.752941 0.752941
vn 0.167094 -0.735625 0.656456
v 7.844072 13.310266 462.520569 0.752941 0.752941 0.752941
vn -0.072206 -0.764083 0.641064
v 17.989117 14.855153 462.610382 0.752941 0.752941 0.752941
vn 0.899392 -0.238578 0.366298
v 39.771877 12.517062 466.331482 0.752941 0.752941 0.752941
vn -0.111249 0.812982 -0.571563
v 10.171054 19.927813 462.553680 0.752941 0.752941 0.752941
vn 0.513750 -0.375309 -0.771494
v 37.647034 15.573730 462.600403 0.752941 0.752941 0.752941
vn -0.797103 0.401535 0.450995
v 2.504569 17.697866 465.900024 0.752941 0.752941 0.752941
vn 0.232034 0.816520 -0.528636
v 24.664198 18.902664 462.735199 0.752941 0.752941 0.752941
vn 0.104302 0.963143 -0.247943
v 28.961836 18.342819 462.957336 0.752941 0.752941 0.752941
vn -0.145332 -0.868889 0.473192
v 26.176977 13.394561 462.898254 0.752941 0.752941 0.752941
vn 0.050207 0.863542 -0.501772
v 18.488981 20.473866 463.102753 0.752941 0.752941 0.752941
vn 0.244471 0.909767 -0.335496
v 33.864861 18.634521 466.046295 0.752941 0.752941 0.752941
vn 0.092482 -0.732154 0.674831
v 12.058176 14.829082 462.972748 0.752941 0.752941 0.752941
vn 0.252682 -0.763297 0.594584
v 2.138363 11.660276 462.988190 0.752941 0.752941 0.752941
vn 0.139301 -0.694006 0.706365
v 12.409827 15.031186 463.178436 0.752941 0.752941 0.752941
vn 0.361474 -0.709054 -0.605457
v 34.585747 13.741309 462.901947 0.752941 0.752941 0.752941
vn -0.032772 -0.755406 0.654437
v 16.783094 14.910273 462.612823 0.752941 0.752941 0.752941
vn -0.172492 -0.841772 0.511533
v 23.239979 13.951317 462.703094 0.752941 0.752941 0.752941
vn -0.085540 0.932677 -0.350424
v 10.487179 20.328457 463.189667 0.752941 0.752941 0.752941
vn 0.193515 0.895948 -0.399786
v 31.327591 17.890427 462.730469 0.752941 0.752941 0.752941
vn 0.198740 0.939326 -0.279585
v 37.420715 16.469530 463.110565 0.752941 0.752941 0.752941
vn -0.222109 0.657088 0.720349
v 18.573809 20.248417 465.931244 0.752941 0.752941 0.752941
vn 0.296245 -0.699537 0.650298
v 4.398492 14.971379 465.661926 0.752941 0.752941 0.752941
vn -0.100534 -0.843969 0.526887
v 19.800406 14.296977 462.373749 0.752941 0.752941 0.752941
vn 0.249447 0.892372 -0.376096
v 29.794577 18.102612 462.664398 0.752941 0.752941 0.752941
vn 0.178088 0.896374 -0.405954
v 25.289820 18.621788 462.461365 0.752941 0.752941 0.752941
vn -0.279600 -0.881844 0.379705
v 32.215275 13.295068 465.938263 0.752941 0.752941 0.752941
vn -0.297956 0.952669 0.060366
v 3.849499 20.381571 466.152252 0.752941 0.752941 0.752941
vn -0.028635 0.921318 -0.387755
v 14.085987 20.397837 462.866119 0.752941 0.752941 0.752941
vn 0.072600 -0.732281 0.677122
v 15.360559 14.602650 462.385559 0.752941 0.752941 0.752941
vn 0.301705 -0.706470 0.640214
v 6.353459 13.035298 462.767059 0.752941 0.752941 0.752941
vn 0.196408 -0.751527 0.629787
v 7.340655 13.560192 462.994019 0.752941 0.752941 0.752941
vn -0.270945 0.002810 0.962591
v 17.672117 18.832888 466.162262 0.752941 0.752941 0.752941
vn -0.215958 -0.915768 0.338721
v 36.353210 11.777433 465.679871 0.752941 0.752941 0.752941
vn 0.195772 0.924599 -0.326787
v 29.387663 18.266254 462.742065 0.752941 0.752941 0.752941
vn 0.480318 -0.460230 -0.746648
v 37.255634 14.670487 462.982910 0.752941 0.752941 0.752941
vn 0.224936 0.944514 -0.239369
v 28.228455 18.442774 462.712433 0.752941 0.752941 0.752941
vn 0.313192 -0.745720 0.588058
v 2.701202 11.924538 463.009674 0.752941 0.752941 0.752941
vn 0.170066 -0.700372 0.693222
v 2.933010 14.875840 466.281097 0.752941 0.752941 0.752941
vn -0.005204 0.939752 -0.341816
v 27.371962 18.425879 462.691772 0.752941 0.752941 0.752941
vn 0.071156 0.922960 -0.378261
v 27.904024 18.441677 462.523376 0.752941 0.752941 0.752941
vn 0.612656 -0.155236 -0.774954
v 38.276581 15.704468 463.070465 0.752941 0.752941 0.752941
vn 0.282238 0.815122 -0.505882
v 27.423090 20.538677 466.341614 0.752941 0.752941 0.752941
vn 0.022237 -0.728980 0.684174
v 15.987900 15.053398 462.833069 0.752941 0.752941 0.752941
vn -0.066132 0.925061 -0.374018
v 11.290936 20.354546 463.088593 0.752941 0.752941 0.752941
vn -0.148393 -0.829686 0.538145
v 20.563740 14.373307 462.581390 0.752941 0.752941 0.752941
vn 0.382073 -0.748333 -0.542234
v 35.715378 14.577546 462.118866 0.752941 0.752941 0.752941
vn 0.127069 -0.732442 0.668867
v 13.164633 14.503060 462.476929 0.752941 0.752941 0.752941
vn 0.026023 -0.733518 0.679172
v 13.715332 15.148888 463.159851 0.752941 0.752941 0.752941
vn -0.079766 -0.731379 0.677291
v 1.421899 11.595200 463.075928 0.752941 0.752941 0.752941
vn 0.009440 0.892453 -0.451041
v 15.946487 20.338200 462.763855 0.752941 0.752941 0.752941
vn -0.962354 -0.059642 0.265174
v 0.620707 11.961962 462.533051 0.752941 0.752941 0.752941
vn 0.516186 -0.513830 -0.685224
v 37.739578 15.069055 463.030487 0.752941 0.752941 0.752941
vn 0.862444 -0.505863 -0.017106
v 39.533035 11.808046 466.096680 0.752941 0.752941 0.752941
vn 0.528565 0.669847 -0.521462
v 37.973095 16.280954 462.990997 0.752941 0.752941 0.752941
vn 0.366591 -0.878937 0.305090
v 39.074554 11.403194 466.126801 0.752941 0.752941 0.752941
vn 0.436901 -0.894689 -0.093002
v 33.038502 12.067290 462.943420 0.752941 0.752941 0.752941
vn 0.329916 -0.690864 0.643322
v 5.795684 12.956844 462.973969 0.752941 0.752941 0.752941
vn -0.220417 -0.789702 0.572526
v 18.971708 15.026039 463.023834 0.752941 0.752941 0.752941
vn 0.092480 -0.720119 0.687660
v 13.364781 14.885735 462.798737 0.752941 0.752941 0.752941
vn -0.284967 0.713778 -0.639778
v 3.697783 19.277916 463.785309 0.752941 0.752941 0.752941
vn -0.204982 0.790681 -0.576893
v 5.824942 19.580269 463.284821 0.752941 0.752941 0.752941
vn -0.589790 -0.516215 0.621023
v 0.801580 11.656110 462.793304 0.752941 0.752941 0.752941
vn 0.148235 -0.677287 0.720631
v 14.295121 15.337941 463.142120 0.752941 0.752941 0.752941
vn 0.166754 0.458594 0.872860
v 9.086486 19.391775 465.858612 0.752941 0.752941 0.752941
vn 0.235879 -0.759022 0.606833
v 5.853716 13.326460 463.443878 0.752941 0.752941 0.752941
vn 0.235234 -0.719796 0.653115
v 7.016870 13.144809 462.660614 0.752941 0.752941 0.752941
vn -0.203322 -0.797447 0.568100
v 20.357811 14.975642 463.322845 0.752941 0.752941 0.752941
vn 0.323311 0.841998 -0.431867
v 35.613724 16.918163 463.036407 0.752941 0.752941 0.752941
vn 0.147829 -0.769873 0.620840
v 4.517656 12.384446 462.899475 0.752941 0.752941 0.752941
vn 0.316762 -0.692735 0.647905
v 5.463660 12.700892 462.979279 0.752941 0.752941 0.752941
vn 0.522749 -0.707065 -0.476227
v 33.637394 12.423575 463.493744 0.752941 0.752941 0.752941
vn -0.312727 0.713920 -0.626514
v 2.357340 17.403551 462.603943 0.752941 0.752941 0.752941
vn 0.180069 0.785310 -0.592337
v 22.006079 19.893139 462.947784 0.752941 0.752941 0.752941
vn -0.671126 -0.492822 0.553820
v 0.895965 12.064550 463.213776 0.752941 0.752941 0.752941
vn 0.238952 0.936227 -0.257646
v 28.325495 18.572868 463.477295 0.752941 0.752941 0.752941
vn 0.165888 0.912612 -0.373658
v 30.355310 18.481638 463.581390 0.752941 0.752941 0.752941
vn -0.482531 0.684159 -0.546891
v 1.886713 17.513103 463.061096 0.752941 0.752941 0.752941
vn -0.183550 -0.810243 0.556611
v 21.056143 14.469043 462.968811 0.752941 0.752941 0.752941
vn 0.287097 0.726938 -0.623809
v 24.935486 19.118387 463.101837 0.752941 0.752941 0.752941
vn -0.089939 -0.781809 0.616997
v 18.115559 15.344782 463.196381 0.752941 0.752941 0.752941
vn -0.118016 0.931237 -0.344774
v 8.289177 20.257931 463.566406 0.752941 0.752941 0.752941
vn 0.270815 -0.786852 0.554548
v 3.251426 12.517871 463.431061 0.752941 0.752941 0.752941
vn -0.868445 0.219245 0.444675
v 1.322002 15.491189 463.296570 0.752941 0.752941 0.752941
vn -0.063109 0.855162 -0.514505
v 12.399634 20.130795 462.518158 0.752941 0.752941 0.752941
vn 0.234154 -0.763725 -0.601579
v 36.053383 14.126843 462.971588 0.752941 0.752941 0.752941
vn 0.228290 -0.614502 -0.755163
v 36.866283 14.241926 463.087982 0.752941 0.752941 0.752941
vn 0.217524 0.911519 -0.349023
v 33.173450 18.718983 465.715332 0.752941 0.752941 0.752941
vn -0.901388 0.167150 0.399450
v 2.344074 16.894367 465.959534 0.752941 0.752941 0.752941
vn 0.128951 0.925479 -0.356174
v 24.780226 21.309174 466.491669 0.752941 0.752941 0.752941
vn -0.245644 -0.854128 0.458393
v 30.140909 12.727589 463.484222 0.752941 0.752941 0.752941
vn 0.237441 0.760136 -0.604827
v 23.748121 19.119827 462.638336 0.752941 0.752941 0.752941
vn 0.021873 0.998545 0.049293
v 4.890084 20.379200 465.536774 0.752941 0.752941 0.752941
vn 0.338524 -0.640108 0.689683
v 8.669190 14.334380 463.321381 0.752941 0.752941 0.752941
vn 0.104482 -0.751360 0.651569
v 4.757091 12.552402 463.121063 0.752941 0.752941 0.752941
vn -0.077926 -0.728825 0.680252
v 16.173199 15.613270 463.351959 0.752941 0.752941 0.752941
vn -0.033976 -0.773476 0.632914
v 16.704155 15.197785 462.954041 0.752941 0.752941 0.752941
vn -0.116385 0.848944 -0.515508
v 9.244925 20.045807 462.936066 0.752941 0.752941 0.752941
vn 0.027798 0.891706 -0.451761
v 17.868237 20.445444 463.050140 0.752941 0.752941 0.752941
vn -0.857409 0.248510 0.450657
v 0.876167 14.774790 463.051086 0.752941 0.752941 0.752941
vn -0.150119 -0.809894 0.567042
v 21.968576 14.541718 463.214355 0.752941 0.752941 0.752941
vn -0.148537 -0.770901 0.619394
v 20.751308 14.994058 463.562225 0.752941 0.752941 0.752941
vn -0.188495 -0.836263 0.514911
v 24.513067 14.400745 463.981628 0.752941 0.752941 0.752941
vn -0.186822 -0.141492 0.972151
v 16.782593 18.548941 465.918304 0.752941 0.752941 0.752941
vn 0.209744 0.896784 -0.389598
v 32.587048 17.607748 462.826416 0.752941 0.752941 0.752941
vn 0.101695 0.819840 -0.563490
v 19.455107 20.157570 462.778564 0.752941 0.752941 0.752941
vn 0.194964 0.802747 -0.563547
v 22.664278 19.987165 463.379425 0.752941 0.752941 0.752941
vn 0.224023 -0.695660 0.682547
v 7.403134 13.927874 463.445892 0.752941 0.752941 0.752941
vn 0.281245 -0.675749 0.681370
v 8.852830 14.052334 463.040283 0.752941 0.752941 0.752941
vn -0.236201 -0.301851 0.923631
v 17.769989 18.184958 466.054596 0.752941 0.752941 0.752941
vn 0.217622 -0.676427 0.703624
v 9.520187 14.861063 463.549011 0.752941 0.752941 0.752941
vn -0.460677 0.633000 -0.622163
v 2.067368 17.850685 463.228729 0.752941 0.752941 0.752941
vn -0.200755 -0.476488 0.855953
v 17.561621 17.833855 465.835175 0.752941 0.752941 0.752941
vn 0.175439 -0.676009 0.715704
v 10.368741 14.576466 463.077118 0.752941 0.752941 0.752941
vn 0.165672 -0.787931 0.593058
v 3.737528 12.540270 463.259583 0.752941 0.752941 0.752941
vn -0.257827 0.735002 -0.627134
v 4.841646 19.387083 463.412079 0.752941 0.752941 0.752941
vn -0.151440 -0.787233 0.597771
v 19.565084 14.675735 462.888245 0.752941 0.752941 0.752941
vn 0.082039 0.039707 0.995838
v 11.422541 18.607424 465.846558 0.752941 0.752941 0.752941
vn -0.211148 -0.825186 0.523913
v 25.430910 13.647487 463.040344 0.752941 0.752941 0.752941
vn 0.197398 0.791388 -0.578566
v 26.423241 18.953871 463.521973 0.752941 0.752941 0.752941
vn 0.117043 0.867444 -0.483572
v 26.737534 18.804865 463.385956 0.752941 0.752941 0.752941
vn -0.196017 -0.818904 0.539419
v 25.956886 13.825450 463.413818 0.752941 0.752941 0.752941
vn 0.208916 -0.586141 0.782811
v 9.216938 16.713993 465.501160 0.752941 0.752941 0.752941
vn -0.068673 0.965400 -0.251568
v 12.833835 20.520632 463.330231 0.752941 0.752941 0.752941
vn -0.699978 0.581054 -0.415219
v 1.883541 17.873077 463.466492 0.752941 0.752941 0.752941
vn -0.223559 0.551343 0.803767
v 17.938295 20.038332 465.945648 0.752941 0.752941 0.752941
vn 0.197329 -0.662079 0.722989
v 4.830126 13.148269 463.540833 0.752941 0.752941 0.752941
vn -0.325152 0.654929 -0.682161
v 3.250654 18.401823 463.161926 0.752941 0.752941 0.752941
vn 0.217443 0.138273 0.966229
v 10.098506 18.656540 465.933990 0.752941 0.752941 0.752941
vn -0.012538 0.934474 -0.355809
v 15.316808 20.563517 463.212585 0.752941 0.752941 0.752941
vn 0.252929 -0.749591 0.611670
v 6.926580 13.632982 463.196594 0.752941 0.752941 0.752941
vn -0.155176 0.332103 0.930391
v 16.769693 19.749187 465.773621 0.752941 0.752941 0.752941
vn 0.247726 -0.747298 0.616585
v 2.161578 12.016989 463.438446 0.752941 0.752941 0.752941
vn -0.104143 -0.756692 0.645424
v 19.533308 14.979518 463.208679 0.752941 0.752941 0.752941
vn 0.141300 -0.710435 0.689432
v 7.820930 13.932858 463.330231 0.752941 0.752941 0.752941
vn 0.354857 -0.696598 0.623561
v 6.587307 13.821045 463.632141 0.752941 0.752941 0.752941
vn -0.100354 -0.764454 0.636820
v 21.323019 14.774277 463.307190 0.752941 0.752941 0.752941
vn 0.238253 0.799673 -0.551143
v 25.467087 18.918615 463.164703 0.752941 0.752941 0.752941
vn 0.155407 0.874887 -0.458717
v 25.810808 18.780922 462.996490 0.752941 0.752941 0.752941
vn -0.027848 -0.782453 0.622087
v 17.548136 15.485960 463.357819 0.752941 0.752941 0.752941
vn 0.336092 -0.583069 -0.739643
v 34.229206 12.888093 463.512451 0.752941 0.752941 0.752941
vn 0.287860 0.856344 -0.428733
v 36.482628 16.856590 463.622192 0.752941 0.752941 0.752941
vn 0.052143 -0.670435 0.740134
v 2.524714 14.430742 466.023163 0.752941 0.752941 0.752941
vn 0.118680 0.877437 0.464779
v 6.652913 20.174610 465.587189 0.752941 0.752941 0.752941
vn 0.245642 0.784255 -0.569741
v 24.606302 19.860159 463.868439 0.752941 0.752941 0.752941
vn -0.133176 -0.750434 0.647389
v 1.555176 11.909790 463.386108 0.752941 0.752941 0.752941
vn -0.045899 0.997795 -0.047942
v 14.528477 20.656483 463.759766 0.752941 0.752941 0.752941
vn 0.210823 0.912985 -0.349303
v 30.761362 18.302813 463.461487 0.752941 0.752941 0.752941
vn 0.292750 0.874184 -0.387427
v 38.162567 16.420361 463.575806 0.752941 0.752941 0.752941
vn 0.439074 -0.233219 -0.867654
v 37.819599 14.085796 463.641937 0.752941 0.752941 0.752941
vn 0.180919 -0.705805 0.684914
v 5.618438 13.323765 463.445129 0.752941 0.752941 0.752941
vn -0.162109 0.874621 -0.456902
v 6.535338 20.051054 463.691742 0.752941 0.752941 0.752941
vn -0.219679 -0.829460 0.513554
v 25.067482 15.384201 465.589539 0.752941 0.752941 0.752941
vn 0.481524 -0.422442 -0.767905
v 38.102173 14.700644 463.713470 0.752941 0.752941 0.752941
vn 0.225708 0.900220 -0.372372
v 33.191242 17.618010 463.190155 0.752941 0.752941 0.752941
vn 0.502382 0.510835 -0.697610
v 38.542358 16.052113 463.308411 0.752941 0.752941 0.752941
vn -0.564215 -0.567356 0.599807
v 1.119745 12.449668 463.814056 0.752941 0.752941 0.752941
vn 0.046644 -0.647356 0.760759
v 13.749123 15.639798 463.626953 0.752941 0.752941 0.752941
vn -0.222435 -0.847293 0.482305
v 24.351067 14.058597 463.228546 0.752941 0.752941 0.752941
vn -0.947347 0.174231 0.268657
v 1.463828 16.723572 463.315155 0.752941 0.752941 0.752941
vn -0.208714 -0.882548 0.421365
v 28.584524 13.244103 463.614075 0.752941 0.752941 0.752941
vn -0.164406 0.062365 0.984419
v 16.222715 18.871937 465.907471 0.752941 0.752941 0.752941
vn -0.191471 -0.846687 0.496447
v 27.772060 13.385185 463.466949 0.752941 0.752941 0.752941
vn 0.060514 0.928277 -0.366934
v 20.576523 20.851259 464.163544 0.752941 0.752941 0.752941
vn 0.349161 0.763203 -0.543699
v 29.066357 19.574894 465.931335 0.752941 0.752941 0.752941
vn 0.087241 -0.704271 0.704550
v 11.618947 15.073641 463.233398 0.752941 0.752941 0.752941
vn 0.336377 0.773827 -0.536696
v 27.621162 19.792004 465.353546 0.752941 0.752941 0.752941
vn -0.167670 0.816063 -0.553107
v 7.095490 19.728069 463.052246 0.752941 0.752941 0.752941
vn 0.139296 -0.621880 -0.770625
v 36.215355 13.861465 463.305603 0.752941 0.752941 0.752941
vn 0.202521 -0.596564 -0.776593
v 35.618935 13.355504 463.540405 0.752941 0.752941 0.752941
vn 0.462846 -0.354962 -0.812266
v 38.882412 15.451984 463.583588 0.752941 0.752941 0.752941
vn -0.001231 -0.704088 0.710111
v 15.774280 15.341846 463.073181 0.752941 0.752941 0.752941
vn -0.079661 -0.727544 0.681420
v 16.849604 15.551763 463.463318 0.752941 0.752941 0.752941
vn 0.306360 -0.948580 -0.079621
v 33.210388 12.126626 463.580444 0.752941 0.752941 0.752941
vn -0.797893 0.567073 -0.204438
v 1.665794 17.311041 463.012115 0.752941 0.752941 0.752941
vn 0.050452 0.000378 0.998726
v 11.043187 18.416008 465.801575 0.752941 0.752941 0.752941
vn -0.203228 -0.850693 0.484789
v 27.104998 13.392323 463.372955 0.752941 0.752941 0.752941
vn -0.155248 -0.718102 0.678401
v 19.440483 15.339986 463.578888 0.752941 0.752941 0.752941
vn 0.176750 -0.641562 0.746430
v 7.695899 14.343807 463.654388 0.752941 0.752941 0.752941
vn 0.251980 -0.771624 0.584040
v 3.787179 12.758745 463.645569 0.752941 0.752941 0.752941
vn 0.324528 -0.646951 0.690026
v 6.795226 14.262256 463.928040 0.752941 0.752941 0.752941
vn -0.186630 -0.777471 0.600590
v 21.544075 15.109732 463.832642 0.752941 0.752941 0.752941
vn -0.030198 -0.678857 0.733649
v 13.421065 15.719505 463.627502 0.752941 0.752941 0.752941
vn 0.302047 -0.659623 0.688233
v 8.228070 14.040051 463.337494 0.752941 0.752941 0.752941
vn -0.132872 -0.781252 0.609910
v 18.170568 15.579734 463.548431 0.752941 0.752941 0.752941
vn 0.487395 0.678370 -0.549782
v 39.009808 16.220957 463.797546 0.752941 0.752941 0.752941
vn -0.192446 -0.766724 0.612453
v 18.872042 15.316776 463.410553 0.752941 0.752941 0.752941
vn 0.312889 -0.567954 0.761268
v 6.711947 16.566788 466.298004 0.752941 0.752941 0.752941
vn 0.576326 0.117695 -0.808701
v 38.961147 15.881109 463.551117 0.752941 0.752941 0.752941
vn 0.190736 0.792855 -0.578793
v 23.214211 19.882298 463.345093 0.752941 0.752941 0.752941
vn 0.192783 0.762990 -0.616994
v 25.961586 19.141649 463.630432 0.752941 0.752941 0.752941
vn -0.303336 -0.872569 0.382898
v 31.657703 12.372478 463.729034 0.752941 0.752941 0.752941
vn 0.119711 0.837841 -0.532628
v 20.694628 20.387894 463.384552 0.752941 0.752941 0.752941
vn -0.896523 0.281630 0.341952
v 1.394702 14.769897 463.974518 0.752941 0.752941 0.752941
vn 0.202334 -0.686072 0.698833
v 6.174023 13.905420 464.023834 0.752941 0.752941 0.752941
vn -0.193403 -0.810504 0.552882
v 22.261293 14.730051 463.646423 0.752941 0.752941 0.752941
vn -0.065891 -0.752330 0.655483
v 16.704025 15.809458 463.683380 0.752941 0.752941 0.752941
vn -0.167844 -0.913675 0.370170
v 34.364735 12.327070 465.509796 0.752941 0.752941 0.752941
vn 0.043506 -0.534157 -0.844265
v 36.050388 13.035147 463.856445 0.752941 0.752941 0.752941
vn 0.037713 -0.489793 -0.871022
v 36.697453 13.618398 463.464508 0.752941 0.752941 0.752941
vn 0.254998 -0.668221 0.698897
v 8.380248 14.758632 463.982605 0.752941 0.752941 0.752941
vn 0.291967 -0.450733 -0.843561
v 37.177612 13.794364 463.452576 0.752941 0.752941 0.752941
vn -0.157704 -0.845193 0.510665
v 23.077753 14.568650 463.559814 0.752941 0.752941 0.752941
vn 0.139026 0.833764 -0.534331
v 22.053213 20.312160 463.605530 0.752941 0.752941 0.752941
vn -0.023441 -0.699453 0.714294
v 17.051683 15.962392 463.811493 0.752941 0.752941 0.752941
vn -0.175533 -0.779347 0.601504
v 18.528578 15.718575 463.781281 0.752941 0.752941 0.752941
vn -0.098396 -0.746626 0.657926
v 19.026882 15.713736 463.981750 0.752941 0.752941 0.752941
vn -0.084107 -0.951058 0.297348
v 32.342285 12.011291 463.478790 0.752941 0.752941 0.752941
vn -0.049348 0.995728 -0.078041
v 11.284584 20.525637 463.825439 0.752941 0.752941 0.752941
vn 0.165445 0.930482 -0.326851
v 27.812397 18.773560 463.390045 0.752941 0.752941 0.752941
vn -0.859118 0.278775 0.429186
v 0.884144 14.061176 463.517212 0.752941 0.752941 0.752941
vn 0.233126 0.864697 -0.444917
v 25.954882 21.003033 466.328308 0.752941 0.752941 0.752941
vn 0.351244 0.809244 -0.470905
v 38.728561 16.369541 463.760315 0.752941 0.752941 0.752941
vn -0.917492 -0.187448 0.350816
v 0.786335 12.459851 463.344025 0.752941 0.752941 0.752941
vn 0.355798 -0.668920 0.652651
v 3.662740 13.274802 464.132751 0.752941 0.752941 0.752941
vn 0.098848 0.950982 -0.293023
v 31.885773 18.888554 465.768890 0.752941 0.752941 0.752941
vn -0.204048 0.823524 -0.529314
v 4.977664 19.864212 463.962646 0.752941 0.752941 0.752941
vn -0.220325 -0.915760 0.335917
v 31.750818 13.426633 466.017822 0.752941 0.752941 0.752941
vn -0.084883 -0.950473 0.298993
v 38.219154 11.148430 465.743561 0.752941 0.752941 0.752941
vn 0.193174 -0.748095 0.634852
v 1.941555 12.103020 463.619232 0.752941 0.752941 0.752941
vn 0.244606 0.895621 -0.371525
v 35.036488 18.245592 465.778839 0.752941 0.752941 0.752941
vn -0.947566 0.135821 0.289260
v 0.811989 13.539019 463.694305 0.752941 0.752941 0.752941
vn 0.334586 -0.722169 0.605412
v 2.322185 12.202353 463.537018 0.752941 0.752941 0.752941
vn -0.288596 -0.862449 0.415805
v 30.785769 13.522049 465.711517 0.752941 0.752941 0.752941
vn 0.272208 0.868500 -0.414259
v 37.408100 16.856388 464.176056 0.752941 0.752941 0.752941
vn 0.303558 -0.700760 0.645591
v 5.174514 15.520047 465.974152 0.752941 0.752941 0.752941
vn 0.014102 0.914244 -0.404919
v 29.671360 18.597717 463.963806 0.752941 0.752941 0.752941
vn 0.291954 0.885371 -0.361775
v 27.713428 18.989422 464.264648 0.752941 0.752941 0.752941
vn -0.886381 0.442854 0.134941
v 1.845640 18.021549 464.032318 0.752941 0.752941 0.752941
vn 0.096581 -0.717112 0.690234
v 11.621970 15.550735 463.846680 0.752941 0.752941 0.752941
vn 0.943050 -0.297955 -0.147917
v 39.820274 12.583400 465.839508 0.752941 0.752941 0.752941
vn 0.458576 -0.555773 -0.693415
v 38.795109 14.989728 463.790985 0.752941 0.752941 0.752941
vn -0.220919 -0.836234 0.501904
v 26.008677 14.348279 464.371216 0.752941 0.752941 0.752941
vn -0.407217 0.675519 -0.614694
v 2.926852 18.940460 463.771759 0.752941 0.752941 0.752941
vn 0.079365 -0.703420 0.706329
v 12.972559 16.259645 464.229126 0.752941 0.752941 0.752941
vn 0.036789 -0.738535 0.673211
v 13.521868 15.965882 463.882660 0.752941 0.752941 0.752941
vn 0.063351 -0.694772 0.716435
v 14.116811 15.975482 463.856415 0.752941 0.752941 0.752941
vn 0.228693 0.790651 -0.567953
v 26.643799 19.263960 464.011566 0.752941 0.752941 0.752941
vn 0.210411 -0.964866 -0.157354
v 33.725689 12.207307 464.026001 0.752941 0.752941 0.752941
vn -0.067672 -0.748906 0.659212
v 15.817425 16.134119 463.945038 0.752941 0.752941 0.752941
vn 0.308781 0.854061 -0.418610
v 36.448437 17.117678 463.981781 0.752941 0.752941 0.752941
vn 0.160073 -0.629113 0.760653
v 11.860123 15.894031 464.088867 0.752941 0.752941 0.752941
vn 0.172202 -0.678500 0.714132
v 12.340465 15.600409 463.655457 0.752941 0.752941 0.752941
vn -0.211717 -0.827490 0.520034
v 26.836470 14.202316 464.457916 0.752941 0.752941 0.752941
vn 0.374140 -0.673506 0.637502
v 3.844847 14.754913 465.698303 0.752941 0.752941 0.752941
vn 0.194003 0.900433 -0.389336
v 34.623432 17.414080 463.662140 0.752941 0.752941 0.752941
vn -0.058328 -0.678057 0.732692
v 16.338034 16.514565 464.427673 0.752941 0.752941 0.752941
vn -0.071858 0.967600 -0.242048
v 9.461219 20.369289 463.619598 0.752941 0.752941 0.752941
vn 0.157486 0.705355 0.691139
v 8.206572 19.815746 465.775208 0.752941 0.752941 0.752941
vn 0.336276 -0.679311 0.652269
v 8.767117 14.778627 463.747284 0.752941 0.752941 0.752941
vn -0.033024 0.995717 0.086356
v 12.820789 20.581528 464.046753 0.752941 0.752941 0.752941
vn -0.038248 0.985201 -0.167078
v 16.623396 20.767303 463.779694 0.752941 0.752941 0.752941
vn -0.148757 -0.730311 0.666721
v 19.253277 15.929164 464.212463 0.752941 0.752941 0.752941
vn 0.157114 -0.708206 0.688302
v 10.396171 15.670218 464.105164 0.752941 0.752941 0.752941
vn -0.163713 -0.755459 0.634412
v 20.699537 15.511936 464.089600 0.752941 0.752941 0.752941
vn 0.042639 0.932437 -0.358807
v 19.244148 20.777433 463.803406 0.752941 0.752941 0.752941
vn 0.098697 -0.315806 0.943676
v 11.057252 17.798996 465.713867 0.752941 0.752941 0.752941
vn 0.228028 -0.630923 -0.741579
v 34.809162 12.594386 463.901520 0.752941 0.752941 0.752941
vn 0.140782 0.841792 -0.521120
v 21.901838 20.665209 464.128876 0.752941 0.752941 0.752941
vn -0.387087 -0.544678 0.743969
v 2.138261 14.473791 465.940704 0.752941 0.752941 0.752941
vn -0.141039 -0.747328 0.649314
v 19.528584 15.630465 463.855530 0.752941 0.752941 0.752941
vn 0.024240 -0.721570 0.691917
v 15.023714 15.668913 463.455536 0.752941 0.752941 0.752941
vn -0.149389 0.914704 -0.375499
v 5.452922 20.140268 464.340454 0.752941 0.752941 0.752941
vn 0.110815 -0.382951 -0.917098
v 37.273491 12.777622 463.924316 0.752941 0.752941 0.752941
vn 0.468638 -0.194113 -0.861800
v 38.127781 12.982835 463.987610 0.752941 0.752941 0.752941
vn 0.544662 -0.273942 -0.792653
v 38.490269 14.506033 463.963501 0.752941 0.752941 0.752941
vn 0.259394 0.897379 -0.356967
v 35.687622 17.335371 463.900024 0.752941 0.752941 0.752941
vn 0.197778 -0.280574 0.939235
v 9.866717 17.681675 465.911926 0.752941 0.752941 0.752941
vn 0.019684 0.902144 -0.430986
v 29.350964 18.785646 464.272766 0.752941 0.752941 0.752941
vn 0.215812 0.863868 -0.455145
v 27.123278 19.065464 463.876282 0.752941 0.752941 0.752941
vn 0.036499 0.003028 0.999329
v 12.982527 18.609209 465.626740 0.752941 0.752941 0.752941
vn -0.044619 -0.978778 0.200007
v 32.802757 12.121988 463.853882 0.752941 0.752941 0.752941
vn 0.032033 -0.694388 0.718888
v 13.874670 16.373657 464.328674 0.752941 0.752941 0.752941
vn -0.243416 -0.867129 0.434553
v 28.190798 13.532640 464.123383 0.752941 0.752941 0.752941
vn -0.701319 0.647434 -0.298297
v 2.099247 18.342758 463.744110 0.752941 0.752941 0.752941
vn -0.289499 -0.865476 0.408830
v 31.149885 12.534533 463.630035 0.752941 0.752941 0.752941
vn 0.602657 -0.415575 -0.681251
v 39.638718 15.426361 464.063538 0.752941 0.752941 0.752941
vn 0.250982 -0.668155 0.700412
v 8.593781 15.437335 464.503021 0.752941 0.752941 0.752941
vn -0.103408 0.929269 -0.354636
v 7.392868 20.172161 463.710358 0.752941 0.752941 0.752941
vn 0.206445 0.909906 -0.359795
v 32.867569 18.027824 464.037903 0.752941 0.752941 0.752941
vn -0.052469 0.302262 0.951780
v 14.625112 19.181299 465.620117 0.752941 0.752941 0.752941
vn -0.072166 -0.098796 0.992487
v 15.261236 18.551199 465.715393 0.752941 0.752941 0.752941
vn 0.183993 0.918443 -0.350155
v 30.282751 18.718386 464.084991 0.752941 0.752941 0.752941
vn -0.251219 -0.821457 0.511954
v 23.579636 14.839659 464.205658 0.752941 0.752941 0.752941
vn 0.139194 -0.192049 0.971464
v 11.801966 17.934439 465.689941 0.752941 0.752941 0.752941
vn 0.240312 -0.799080 0.551108
v 2.664300 12.640401 463.963348 0.752941 0.752941 0.752941
vn 0.273610 0.735508 -0.619811
v 25.391489 19.487680 463.766876 0.752941 0.752941 0.752941
vn -0.243893 -0.860808 0.446683
v 29.489117 13.105690 463.816742 0.752941 0.752941 0.752941
vn 0.193205 0.819394 -0.539690
v 22.990158 20.390030 464.034363 0.752941 0.752941 0.752941
vn -0.182858 -0.749242 0.636553
v 20.115494 15.532142 464.017487 0.752941 0.752941 0.752941
vn 0.219170 0.819015 -0.530262
v 23.583490 20.242596 464.102631 0.752941 0.752941 0.752941
vn 0.614097 0.398179 -0.681424
v 39.556896 15.922355 463.988647 0.752941 0.752941 0.752941
vn -0.946179 0.057227 0.318544
v 1.666632 16.395206 463.810333 0.752941 0.752941 0.752941
vn 0.328241 -0.715550 0.616641
v 3.089056 12.867344 464.127533 0.752941 0.752941 0.752941
vn -0.020952 -0.023200 0.999511
v 13.628018 18.696533 465.698700 0.752941 0.752941 0.752941
vn -0.194147 -0.478533 -0.856337
v 36.927944 11.763227 464.376373 0.752941 0.752941 0.752941
vn -0.224598 0.844229 -0.486656
v 4.341271 19.910429 464.340118 0.752941 0.752941 0.752941
vn 0.007321 0.416170 0.909258
v 12.144747 19.313351 465.544830 0.752941 0.752941 0.752941
vn -0.075167 0.971904 -0.223054
v 6.932972 20.268852 464.142212 0.752941 0.752941 0.752941
vn 0.003202 -0.744747 0.667339
v 16.559660 15.970420 463.898712 0.752941 0.752941 0.752941
vn -0.487754 0.753580 -0.440697
v 3.073365 19.756256 464.660217 0.752941 0.752941 0.752941
vn 0.346888 -0.643549 0.682285
v 6.243351 14.301424 464.327515 0.752941 0.752941 0.752941
vn 0.008951 -0.626982 -0.778982
v 35.716606 12.631074 464.094025 0.752941 0.752941 0.752941
vn 0.248685 0.764530 -0.594684
v 26.198902 19.423233 463.974396 0.752941 0.752941 0.752941
vn -0.207417 0.448950 0.869150
v 16.295925 19.914150 465.632935 0.752941 0.752941 0.752941
vn -0.019596 0.994517 0.102725
v 9.126532 20.441786 464.366272 0.752941 0.752941 0.752941
vn -0.035657 -0.714082 0.699153
v 15.547486 16.373854 464.153046 0.752941 0.752941 0.752941
vn -0.025536 0.978212 0.206034
v 10.045428 20.491413 464.378784 0.752941 0.752941 0.752941
vn -0.281040 -0.830030 0.481734
v 27.593590 13.857810 464.183990 0.752941 0.752941 0.752941
vn -0.186192 -0.870102 0.456349
v 28.673910 13.517738 464.240295 0.752941 0.752941 0.752941
vn 0.217877 -0.705931 0.673937
v 5.332712 13.841406 464.084747 0.752941 0.752941 0.752941
vn 0.259721 0.799006 -0.542342
v 25.368999 19.886055 464.308228 0.752941 0.752941 0.752941
vn -0.070521 -0.751227 0.656266
v 1.569524 12.366581 463.983002 0.752941 0.752941 0.752941
vn -0.719765 0.635440 -0.279563
v 2.685410 19.097425 464.240448 0.752941 0.752941 0.752941
vn -0.151122 -0.733506 0.662670
v 17.887571 16.068754 464.061005 0.752941 0.752941 0.752941
vn 0.699441 -0.710807 -0.074406
v 39.239326 11.468739 465.854645 0.752941 0.752941 0.752941
vn 0.230423 -0.275980 -0.933135
v 37.884285 11.786279 464.341095 0.752941 0.752941 0.752941
vn 0.333119 -0.325378 -0.884964
v 37.993755 12.469917 464.060547 0.752941 0.752941 0.752941
vn -0.101576 -0.984241 0.144747
v 33.529896 12.121026 464.589569 0.752941 0.752941 0.752941
vn 0.955301 0.056794 0.290130
v 40.014137 13.894449 465.832855 0.752941 0.752941 0.752941
vn -0.952470 0.168493 0.253792
v 1.695503 15.867255 464.171997 0.752941 0.752941 0.752941
vn 0.151356 -0.653356 0.741766
v 11.026355 15.939105 464.294464 0.752941 0.752941 0.752941
vn 0.924711 -0.160080 -0.345376
v 40.034351 13.666821 465.525452 0.752941 0.752941 0.752941
vn 0.323926 0.796572 -0.510436
v 27.019909 19.532755 464.584564 0.752941 0.752941 0.752941
vn 0.221593 -0.855039 -0.468833
v 34.113941 12.316802 463.837158 0.752941 0.752941 0.752941
vn 0.197992 0.910825 -0.362211
v 31.935520 18.245129 464.067383 0.752941 0.752941 0.752941
vn 0.763717 -0.362014 -0.534492
v 39.620728 12.534923 465.509552 0.752941 0.752941 0.752941
vn -0.311162 -0.858342 0.407954
v 30.095139 13.630004 465.380615 0.752941 0.752941 0.752941
vn 0.173984 -0.760290 0.625850
v 1.982869 12.570870 464.070374 0.752941 0.752941 0.752941
vn -0.827584 0.339238 0.447238
v 2.928207 18.358295 465.888367 0.752941 0.752941 0.752941
vn 0.175291 -0.704112 0.688113
v 5.828261 14.237427 464.335266 0.752941 0.752941 0.752941
vn 0.436350 0.758743 -0.483640
v 39.344227 16.315426 464.279602 0.752941 0.752941 0.752941
vn 0.737533 -0.151055 -0.658200
v 40.129124 15.666299 464.486359 0.752941 0.752941 0.752941
vn -0.115735 0.963999 0.239399
v 17.016541 20.754017 464.643738 0.752941 0.752941 0.752941
vn -0.148246 -0.523440 -0.839067
v 36.583118 12.153665 464.205261 0.752941 0.752941 0.752941
vn -0.261740 -0.889879 0.373640
v 35.867035 11.920896 465.912262 0.752941 0.752941 0.752941
vn 0.264175 0.888459 -0.375302
v 30.965788 18.419333 464.112213 0.752941 0.752941 0.752941
vn 0.298343 0.889257 -0.346718
v 38.541210 16.706617 464.577393 0.752941 0.752941 0.752941
vn 0.041122 -0.644443 0.763546
v 11.987757 16.345293 464.414276 0.752941 0.752941 0.752941
vn -0.227006 -0.880721 0.415690
v 32.471096 12.317443 464.185242 0.752941 0.752941 0.752941
vn -0.151097 -0.753935 0.639336
v 18.258034 16.117249 464.271790 0.752941 0.752941 0.752941
vn -0.121089 -0.803530 0.582819
v 20.458126 15.928259 464.530609 0.752941 0.752941 0.752941
vn 0.234446 0.910580 -0.340409
v 29.646585 19.207808 465.615540 0.752941 0.752941 0.752941
vn -0.008032 0.965065 -0.261886
v 18.078630 20.808733 463.841553 0.752941 0.752941 0.752941
vn 0.246821 0.902614 -0.352657
v 34.855419 17.731714 464.380371 0.752941 0.752941 0.752941
vn 0.185945 0.906995 -0.377868
v 31.551611 18.661526 464.797424 0.752941 0.752941 0.752941
vn -0.269011 -0.873313 0.406150
v 31.461786 12.753574 464.530701 0.752941 0.752941 0.752941
vn -0.144132 0.737628 0.659645
v 16.970377 20.268288 465.440338 0.752941 0.752941 0.752941
vn 0.121365 -0.985448 -0.119004
v 34.034439 12.255224 464.564026 0.752941 0.752941 0.752941
vn 0.063401 0.910274 -0.409123
v 21.401293 20.921337 464.505951 0.752941 0.752941 0.752941
vn -0.006833 -0.684167 0.729293
v 16.691107 16.646551 464.519318 0.752941 0.752941 0.752941
vn 0.258500 -0.719699 0.644369
v 2.798139 12.987132 464.430695 0.752941 0.752941 0.752941
vn 0.159730 0.875735 -0.455603
v 23.003019 20.840118 464.752167 0.752941 0.752941 0.752941
vn 0.130951 0.504385 0.853491
v 9.851601 19.514620 465.681152 0.752941 0.752941 0.752941
vn 0.570907 -0.540664 -0.617857
v 39.224388 14.944927 464.418396 0.752941 0.752941 0.752941
vn -0.292077 -0.796279 0.529746
v 23.252157 15.326742 464.727325 0.752941 0.752941 0.752941
vn 0.098172 0.929953 -0.354330
v 28.587946 18.696405 463.884430 0.752941 0.752941 0.752941
vn 0.095185 0.776476 0.622916
v 9.015678 19.855864 465.536285 0.752941 0.752941 0.752941
vn 0.027071 0.378723 0.925114
v 12.778207 19.309431 465.542328 0.752941 0.752941 0.752941
vn 0.149605 -0.825533 -0.544163
v 34.955555 12.306306 464.297333 0.752941 0.752941 0.752941
vn -0.040342 0.350049 0.935862
v 13.585609 19.409948 465.530396 0.752941 0.752941 0.752941
vn -0.153560 -0.738549 -0.656479
v 35.739990 12.281758 464.380554 0.752941 0.752941 0.752941
vn 0.327863 -0.732826 0.596214
v 3.809488 13.899103 464.765198 0.752941 0.752941 0.752941
vn -0.088495 0.995721 -0.026599
v 21.109442 21.135044 465.391632 0.752941 0.752941 0.752941
vn -0.104327 0.904979 0.412468
v 15.714541 20.606234 464.622284 0.752941 0.752941 0.752941
vn 0.000354 0.925057 0.379829
v 11.554838 20.447844 464.485657 0.752941 0.752941 0.752941
vn 0.115988 0.245913 0.962327
v 11.751094 18.867125 465.692749 0.752941 0.752941 0.752941
vn -0.204001 -0.788237 0.580575
v 21.861446 15.592945 464.581238 0.752941 0.752941 0.752941
vn 0.549796 0.548486 -0.629990
v 39.729462 16.097057 464.370575 0.752941 0.752941 0.752941
vn -0.204436 -0.778090 0.593955
v 21.035698 16.154364 465.064026 0.752941 0.752941 0.752941
vn 0.076011 0.354363 0.932014
v 10.958797 19.329279 465.645447 0.752941 0.752941 0.752941
vn 0.261475 0.804348 -0.533531
v 25.957769 19.789156 464.450500 0.752941 0.752941 0.752941
vn -0.321948 -0.732881 -0.599362
v 36.065029 11.939015 464.587952 0.752941 0.752941 0.752941
vn -0.316732 -0.865941 0.387075
v 30.516565 13.129249 464.446564 0.752941 0.752941 0.752941
vn -0.049201 -0.714816 -0.697580
v 37.648510 11.278342 464.476868 0.752941 0.752941 0.752941
vn 0.005128 -0.682312 0.731043
v 13.646686 16.667250 464.532562 0.752941 0.752941 0.752941
vn 0.018312 -0.654379 0.755945
v 13.987071 17.029474 464.937408 0.752941 0.752941 0.752941
vn -0.038147 -0.696693 0.716355
v 15.997354 16.668203 464.523926 0.752941 0.752941 0.752941
vn 0.597393 -0.136335 -0.790275
v 38.764050 13.851698 464.231293 0.752941 0.752941 0.752941
vn 0.073854 -0.673020 0.735928
v 12.216524 16.183397 464.307129 0.752941 0.752941 0.752941
vn 0.258740 -0.722182 0.641488
v 4.520123 13.745560 464.359131 0.752941 0.752941 0.752941
vn 0.182839 -0.639627 0.746624
v 11.141563 16.370729 464.598297 0.752941 0.752941 0.752941
vn -0.814726 -0.269011 0.513668
v 1.099446 13.403126 464.390167 0.752941 0.752941 0.752941
vn -0.213800 -0.838716 0.500845
v 28.867016 13.924373 465.010223 0.752941 0.752941 0.752941
vn -0.242525 -0.539681 -0.806180
v 37.206814 11.399355 464.442810 0.752941 0.752941 0.752941
vn -0.047382 0.866088 0.497642
v 13.923480 20.456833 464.636993 0.752941 0.752941 0.752941
vn -0.219999 -0.812887 0.539272
v 24.349510 15.569712 465.653992 0.752941 0.752941 0.752941
vn 0.672094 -0.326557 -0.664567
v 39.032028 12.593450 464.791443 0.752941 0.752941 0.752941
vn -0.213380 -0.764596 0.608163
v 22.619156 15.117495 464.214752 0.752941 0.752941 0.752941
vn -0.088348 0.970632 -0.223757
v 5.882535 20.305244 464.717804 0.752941 0.752941 0.752941
vn 0.438193 0.782475 -0.442403
v 39.946716 16.274448 464.720306 0.752941 0.752941 0.752941
vn 0.130196 0.933408 -0.334362
v 29.957514 18.893772 464.473480 0.752941 0.752941 0.752941
vn -0.020274 -0.765682 0.642900
v 1.705525 12.922829 464.587433 0.752941 0.752941 0.752941
vn 0.236640 -0.665383 0.708003
v 2.861533 13.578590 464.875671 0.752941 0.752941 0.752941
vn 0.230359 -0.680097 0.695990
v 7.802422 15.167644 464.488159 0.752941 0.752941 0.752941
vn -0.024055 -0.338555 0.940639
v 13.258202 18.003048 465.569061 0.752941 0.752941 0.752941
vn 0.614653 -0.243738 -0.750196
v 39.486103 14.366614 464.765930 0.752941 0.752941 0.752941
vn 0.209593 0.900155 -0.381826
v 33.817242 18.203613 464.845215 0.752941 0.752941 0.752941
vn -0.870520 0.468843 0.149608
v 2.341300 18.594019 464.408112 0.752941 0.752941 0.752941
vn 0.045248 -0.427890 0.902698
v 13.913719 17.809828 465.473785 0.752941 0.752941 0.752941
vn -0.441036 -0.603023 0.664718
v 1.456466 12.827455 464.433289 0.752941 0.752941 0.752941
vn 0.180736 0.900985 -0.394412
v 33.082287 18.250336 464.726379 0.752941 0.752941 0.752941
vn 0.856978 0.499762 0.125804
v 40.202297 16.393839 465.385986 0.752941 0.752941 0.752941
vn -0.170735 -0.813494 0.555947
v 24.887451 14.780730 464.550232 0.752941 0.752941 0.752941
vn 0.198923 0.893668 -0.402229
v 33.548153 17.931837 464.196533 0.752941 0.752941 0.752941
vn 0.287845 0.894776 -0.341353
v 34.118130 18.262310 465.364624 0.752941 0.752941 0.752941
vn -0.345500 -0.899757 -0.266585
v 37.051552 11.304075 464.731659 0.752941 0.752941 0.752941
vn 0.695412 -0.592723 -0.406303
v 38.967312 11.360633 465.594849 0.752941 0.752941 0.752941
vn 0.193389 0.884930 -0.423675
v 28.500412 19.005680 464.725708 0.752941 0.752941 0.752941
vn 0.737780 -0.170114 -0.653254
v 39.633121 13.601596 465.105377 0.752941 0.752941 0.752941
vn 0.618342 -0.467054 -0.632071
v 39.854561 15.226181 464.658417 0.752941 0.752941 0.752941
vn -0.137227 -0.563235 0.814822
v 16.690397 17.647408 465.564697 0.752941 0.752941 0.752941
vn 0.252242 -0.716702 0.650163
v 2.348816 13.045960 464.647156 0.752941 0.752941 0.752941
vn 0.602610 -0.201601 -0.772151
v 39.002026 13.186893 464.530914 0.752941 0.752941 0.752941
vn 0.358931 0.772989 -0.523122
v 27.863239 19.268267 464.841278 0.752941 0.752941 0.752941
vn 0.220941 0.885706 -0.408301
v 32.216103 18.431122 464.678436 0.752941 0.752941 0.752941
vn 0.043795 -0.698912 0.713865
v 14.537533 16.759377 464.558533 0.752941 0.752941 0.752941
vn -0.238861 -0.706079 0.666631
v 19.529255 16.315716 464.686951 0.752941 0.752941 0.752941
vn 0.128009 0.949476 -0.286547
v 29.680885 19.022484 464.735321 0.752941 0.752941 0.752941
vn -0.213285 -0.790583 0.574010
v 23.859821 15.606965 465.483490 0.752941 0.752941 0.752941
vn -0.255299 -0.859775 0.442279
v 29.195135 13.553733 464.574249 0.752941 0.752941 0.752941
vn 0.083557 -0.599986 0.795635
v 12.540586 17.123016 465.127075 0.752941 0.752941 0.752941
vn -0.932570 0.220477 0.285839
v 1.684447 14.825866 465.067017 0.752941 0.752941 0.752941
vn -0.217698 -0.751603 0.622656
v 19.901199 15.975026 464.540649 0.752941 0.752941 0.752941
vn 0.957254 0.107500 0.268532
v 40.001667 14.555076 465.609863 0.752941 0.752941 0.752941
vn -0.345092 -0.830998 0.436296
v 29.631567 13.966326 465.515717 0.752941 0.752941 0.752941
vn -0.842262 0.386216 0.376075
v 2.438310 18.296200 464.978699 0.752941 0.752941 0.752941
vn -0.029747 -0.976660 -0.212719
v 37.894711 11.102177 464.786682 0.752941 0.752941 0.752941
vn 0.002810 -0.384364 0.923177
v 13.534878 17.846844 465.545746 0.752941 0.752941 0.752941
vn 0.882784 -0.285128 -0.373355
v 40.360962 15.729481 464.747681 0.752941 0.752941 0.752941
vn 0.269269 0.911776 -0.310093
v 35.696117 17.527647 464.679352 0.752941 0.752941 0.752941
vn -0.354699 -0.849040 0.391561
v 33.223419 12.593692 465.220398 0.752941 0.752941 0.752941
vn 0.057811 0.182250 0.981551
v 12.458004 18.997145 465.679108 0.752941 0.752941 0.752941
vn 0.306133 -0.677962 -0.668319
v 38.123196 11.227060 464.578827 0.752941 0.752941 0.752941
vn 0.742664 -0.299182 -0.599116
v 39.895760 14.822536 464.817078 0.752941 0.752941 0.752941
vn 0.277473 -0.687008 0.671587
v 6.151110 14.647010 464.729889 0.752941 0.752941 0.752941
vn 0.380309 -0.660106 0.647785
v 6.460170 14.699880 464.556305 0.752941 0.752941 0.752941
vn -0.146656 -0.737397 0.659347
v 17.562885 16.677914 464.676300 0.752941 0.752941 0.752941
vn -0.145797 -0.729874 0.667853
v 18.005455 16.635712 464.777985 0.752941 0.752941 0.752941
vn 0.797915 0.376950 -0.470363
v 40.367359 16.008287 464.772888 0.752941 0.752941 0.752941
vn -0.442262 -0.501932 0.743282
v 1.580886 13.402441 465.022186 0.752941 0.752941 0.752941
vn -0.171447 0.313817 0.933876
v 15.891191 19.418367 465.652802 0.752941 0.752941 0.752941
vn 0.169255 0.910196 -0.378015
v 30.990061 18.673651 464.513824 0.752941 0.752941 0.752941
vn 0.067244 -0.680108 0.730022
v 12.584443 16.602827 464.658386 0.752941 0.752941 0.752941
vn -0.095776 0.993041 0.068525
v 18.881550 20.941708 464.760468 0.752941 0.752941 0.752941
vn 0.298281 -0.686135 0.663511
v 3.429967 14.447040 465.703217 0.752941 0.752941 0.752941
vn 0.022577 0.668901 0.743008
v 12.504010 19.972898 465.146332 0.752941 0.752941 0.752941
vn 0.222159 0.820288 -0.527042
v 24.476772 20.437273 464.679565 0.752941 0.752941 0.752941
vn 0.139670 0.955006 -0.261641
v 30.973631 18.841410 465.272186 0.752941 0.752941 0.752941
vn 0.184453 0.883956 -0.429649
v 33.014519 18.493017 465.209045 0.752941 0.752941 0.752941
vn 0.262051 0.904146 -0.337414
v 37.328197 17.126589 464.611267 0.752941 0.752941 0.752941
vn 0.583201 -0.440045 -0.682815
v 38.419304 11.355015 464.700989 0.752941 0.752941 0.752941
vn 0.182921 -0.577788 0.795425
v 10.588763 17.013723 465.353119 0.752941 0.752941 0.752941
vn 0.664041 -0.292637 -0.688050
v 38.660721 12.041756 464.739227 0.752941 0.752941 0.752941
vn -0.971266 0.132910 0.197426
v 1.640299 17.314299 463.853577 0.752941 0.752941 0.752941
vn -0.870135 -0.019254 0.492437
v 1.320846 13.778212 464.916779 0.752941 0.752941 0.752941
vn 0.051362 0.777084 0.627298
v 11.837652 20.113167 465.047089 0.752941 0.752941 0.752941
vn 0.230826 -0.681521 0.694441
v 5.507895 14.580443 464.863983 0.752941 0.752941 0.752941
vn 0.910248 0.065603 0.408834
v 39.971619 16.268707 465.900116 0.752941 0.752941 0.752941
vn 0.733380 -0.472248 -0.489015
v 38.552898 11.341966 464.884186 0.752941 0.752941 0.752941
vn 0.234019 0.933431 -0.271921
v 30.530813 18.723812 464.478577 0.752941 0.752941 0.752941
vn -0.149133 -0.825680 0.544069
v 24.318279 15.230631 465.009003 0.752941 0.752941 0.752941
vn 0.115247 -0.566544 0.815932
v 11.765783 17.334803 465.402008 0.752941 0.752941 0.752941
vn -0.334311 -0.878374 0.341607
v 30.294411 13.466571 464.975739 0.752941 0.752941 0.752941
vn 0.211129 -0.627383 0.749543
v 2.326411 13.646768 465.188263 0.752941 0.752941 0.752941
vn -0.321844 -0.899674 0.294963
v 36.666237 11.547624 465.393127 0.752941 0.752941 0.752941
vn -0.213021 -0.678073 0.703448
v 19.035999 17.386473 465.828278 0.752941 0.752941 0.752941
vn -0.866092 0.485435 0.119320
v 2.798701 19.535021 464.971130 0.752941 0.752941 0.752941
vn -0.471673 0.865696 -0.167616
v 3.266328 20.045914 465.148346 0.752941 0.752941 0.752941
vn -0.317438 -0.941951 0.109370
v 37.145378 11.248957 465.098816 0.752941 0.752941 0.752941
vn 0.199471 -0.667066 0.717798
v 10.213284 16.505552 465.017365 0.752941 0.752941 0.752941
vn -0.224679 -0.797027 0.560596
v 23.829687 15.002986 464.689331 0.752941 0.752941 0.752941
vn -0.198195 -0.758290 0.621060
v 19.059437 16.950500 465.303986 0.752941 0.752941 0.752941
vn -0.102387 -0.721365 0.684945
v 18.584930 16.526400 464.683197 0.752941 0.752941 0.752941
vn 0.020797 -0.724706 0.688744
v 2.003234 13.136372 464.907196 0.752941 0.752941 0.752941
vn -0.308044 -0.725678 0.615223
v 19.982521 16.510546 465.089661 0.752941 0.752941 0.752941
vn 0.705324 -0.215675 -0.675280
v 39.608356 14.113902 464.996399 0.752941 0.752941 0.752941
vn -0.084461 0.618583 0.781167
v 14.743687 19.994465 465.290863 0.752941 0.752941 0.752941
vn -0.199575 -0.772563 0.602758
v 20.408495 16.164433 464.913940 0.752941 0.752941 0.752941
vn -0.053647 -0.982706 0.177231
v 34.067181 12.154975 465.091553 0.752941 0.752941 0.752941
vn -0.146985 -0.974779 -0.167933
v 35.063457 12.140384 464.845917 0.752941 0.752941 0.752941
vn -0.338112 -0.936198 0.095985
v 35.696869 11.783694 465.358551 0.752941 0.752941 0.752941
vn -0.168846 -0.881616 0.440732
v 31.283390 13.287873 465.327606 0.752941 0.752941 0.752941
vn 0.162779 0.889592 -0.426766
v 23.888964 20.929724 465.280151 0.752941 0.752941 0.752941
vn 0.219959 -0.680574 0.698883
v 5.880177 15.090749 465.157013 0.752941 0.752941 0.752941
vn 0.967918 -0.137610 -0.210233
v 40.008842 14.573211 465.239807 0.752941 0.752941 0.752941
vn 0.874076 -0.404667 -0.268765
v 40.077587 15.211420 464.985840 0.752941 0.752941 0.752941
vn 0.975247 -0.188308 0.115901
v 40.412209 15.762416 465.055573 0.752941 0.752941 0.752941
vn -0.295470 -0.862688 0.410447
v 30.879478 13.156338 465.079132 0.752941 0.752941 0.752941
vn 0.008887 -0.528717 0.848751
v 14.541738 17.622429 465.380402 0.752941 0.752941 0.752941
vn -0.251754 -0.861562 0.440830
v 32.233383 12.893040 465.118439 0.752941 0.752941 0.752941
vn 0.819485 -0.182536 0.543255
v 40.272755 15.784737 465.404572 0.752941 0.752941 0.752941
vn 0.767719 -0.276299 0.578158
v 39.752541 15.623831 465.771637 0.752941 0.752941 0.752941
vn 0.300411 0.899249 -0.317968
v 38.600296 17.350361 466.445496 0.752941 0.752941 0.752941
vn -0.321261 -0.826180 0.462836
v 27.303102 14.493546 465.126648 0.752941 0.752941 0.752941
vn 0.276089 -0.686676 0.672496
v 4.918186 14.484065 464.978699 0.752941 0.752941 0.752941
vn -0.033301 0.614577 0.788153
v 13.316915 19.961714 465.183075 0.752941 0.752941 0.752941
vn -0.153826 0.613954 0.774208
v 15.541283 20.078638 465.263977 0.752941 0.752941 0.752941
vn 0.236697 0.914999 -0.326729
v 37.159142 17.317011 465.271606 0.752941 0.752941 0.752941
vn 0.347778 -0.664430 0.661500
v 7.037774 15.952039 465.543945 0.752941 0.752941 0.752941
vn -0.351663 -0.889198 0.292676
v 35.146065 12.148879 465.691284 0.752941 0.752941 0.752941
vn 0.704107 -0.323367 -0.632192
v 39.864590 14.383588 465.084229 0.752941 0.752941 0.752941
vn -0.266492 -0.772463 0.576439
v 22.089602 16.378424 465.765472 0.752941 0.752941 0.752941
vn 0.026038 -0.618113 0.785658
v 13.436199 17.175076 465.072906 0.752941 0.752941 0.752941
vn 0.287958 -0.710668 0.641896
v 3.318781 13.744289 464.960907 0.752941 0.752941 0.752941
vn -0.034199 -0.676425 0.735717
v 15.797378 17.293245 465.156677 0.752941 0.752941 0.752941
vn -0.152011 -0.980659 0.123294
v 37.857216 11.141173 465.339417 0.752941 0.752941 0.752941
vn 0.250661 -0.612873 0.749370
v 8.499771 16.779657 465.736725 0.752941 0.752941 0.752941
vn -0.752467 -0.121346 0.647355
v 1.619674 14.177916 465.358521 0.752941 0.752941 0.752941
vn -0.324863 -0.851108 0.412407
v 33.671619 12.373776 465.295898 0.752941 0.752941 0.752941
vn -0.260386 -0.843058 0.470587
v 28.022068 13.941255 464.778198 0.752941 0.752941 0.752941
vn 0.153216 0.924938 -0.347872
v 32.283073 18.731134 465.313629 0.752941 0.752941 0.752941
vn 0.305641 0.805685 -0.507401
v 26.324482 20.286350 465.311340 0.752941 0.752941 0.752941
vn 0.334536 -0.689388 0.642518
v 4.049782 14.346540 465.224030 0.752941 0.752941 0.752941
vn 0.917830 -0.176060 0.355797
v 40.037643 15.199944 465.313751 0.752941 0.752941 0.752941
vn -0.925353 0.161196 0.343129
v 2.026512 15.915049 465.604126 0.752941 0.752941 0.752941
vn -0.878730 0.267524 0.395304
v 2.650214 18.997524 465.033539 0.752941 0.752941 0.752941
vn 0.015542 0.988092 0.153075
v 7.776231 20.428955 464.897827 0.752941 0.752941 0.752941
vn -0.144816 0.947422 -0.285341
v 4.433786 20.226807 465.033295 0.752941 0.752941 0.752941
vn 0.122139 -0.566321 0.815084
v 2.063400 13.461750 465.165710 0.752941 0.752941 0.752941
vn 0.124956 0.897716 -0.422482
v 29.002689 19.289602 465.503387 0.752941 0.752941 0.752941
vn -0.194869 0.838348 0.509115
v 18.163158 20.652775 465.303253 0.752941 0.752941 0.752941
vn 0.057605 0.512704 0.856631
v 11.482515 19.786343 465.359375 0.752941 0.752941 0.752941
vn -0.172012 0.730771 0.660594
v 16.302822 20.236731 465.374878 0.752941 0.752941 0.752941
vn -0.013643 0.998165 0.058998
v 6.838133 20.363800 465.006317 0.752941 0.752941 0.752941
vn 0.559880 0.815031 -0.149195
v 39.860062 16.676016 465.611511 0.752941 0.752941 0.752941
vn -0.916444 0.183262 0.355732
v 2.105988 17.461340 465.219666 0.752941 0.752941 0.752941
vn 0.270286 0.908827 -0.317773
v 38.107986 17.052490 465.105865 0.752941 0.752941 0.752941
vn -0.050817 0.461675 0.885592
v 15.309675 19.802191 465.442505 0.752941 0.752941 0.752941
vn 0.314397 0.769291 -0.556189
v 28.333277 19.490280 465.483276 0.752941 0.752941 0.752941
vn -0.080701 -0.497578 0.863657
v 15.734437 17.724333 465.508759 0.752941 0.752941 0.752941
vn -0.053732 0.582040 0.811383
v 14.077197 19.933420 465.237701 0.752941 0.752941 0.752941
vn -0.077328 -0.712693 0.697201
v 16.726728 17.146776 465.032806 0.752941 0.752941 0.752941
vn -0.144852 -0.690043 0.709125
v 17.638948 17.348614 465.472137 0.752941 0.752941 0.752941
vn 0.223628 -0.726574 0.649678
v 2.951169 14.151738 465.459229 0.752941 0.752941 0.752941
vn 0.034316 0.727274 0.685489
v 10.700946 19.985334 465.249359 0.752941 0.752941 0.752941
vn 0.045395 0.780112 0.623991
v 9.892754 20.039635 465.220947 0.752941 0.752941 0.752941
vn -0.957566 0.099142 0.270625
v 1.943038 16.617949 464.914093 0.752941 0.752941 0.752941
vn 0.321193 0.806484 -0.496406
v 26.918034 19.950508 465.250732 0.752941 0.752941 0.752941
vn -0.210984 -0.744491 0.633418
v 20.912928 16.707582 465.639587 0.752941 0.752941 0.752941
vn 0.055964 -0.727331 0.684001
v 2.422615 14.071839 465.624695 0.752941 0.752941 0.752941
vn -0.227809 -0.831730 0.506289
v 26.077972 14.947606 465.334198 0.752941 0.752941 0.752941
vn 0.228301 0.942735 -0.243167
v 30.070396 19.008230 465.286377 0.752941 0.752941 0.752941
vn -0.269258 -0.778338 0.567178
v 23.476250 15.610026 465.312073 0.752941 0.752941 0.752941
vn -0.225007 0.849283 0.477588
v 19.560497 20.866957 465.568176 0.752941 0.752941 0.752941
vn 0.235862 -0.676480 0.697671
v 6.344723 15.487573 465.501770 0.752941 0.752941 0.752941
vn 0.111955 -0.369185 0.922588
v 12.347515 17.724373 465.534058 0.752941 0.752941 0.752941
vn 0.361313 0.735010 -0.573771
v 28.161919 19.698784 465.602539 0.752941 0.752941 0.752941
vn 0.227920 0.844575 -0.484505
v 24.922092 20.825861 465.514954 0.752941 0.752941 0.752941
vn -0.288130 -0.512592 0.808845
v 1.906413 14.025445 465.456848 0.752941 0.752941 0.752941
vn 0.367374 -0.913680 -0.173856
v 38.622257 11.151134 465.302338 0.752941 0.752941 0.752941
vn 0.281869 0.888114 -0.363048
v 36.197109 18.047970 466.221252 0.752941 0.752941 0.752941
vn 0.259843 0.894240 -0.364440
v 33.584412 18.529772 465.513428 0.752941 0.752941 0.752941
vn -0.287818 -0.742050 0.605412
v 20.126545 16.605860 465.329315 0.752941 0.752941 0.752941
# 3642 vertices, 0 vertices normals


usemtl material_0
vt 0.378678 0.982476
vt 0.378965 0.987967
vt 0.375087 0.986703
f 3/1/3 2/2/2 16/3/16
vt 0.868320 0.245505
vt 0.865803 0.247422
vt 0.865504 0.242882
f 8/4/8 4/5/4 2/6/2
vt 0.677915 0.301008
vt 0.672270 0.301959
vt 0.673136 0.298593
f 1/7/1 2/8/2 3/9/3
vt 0.869431 0.242793
f 1/10/1 8/4/8 2/6/2
vt 0.363634 0.354504
vt 0.357025 0.355336
vt 0.360252 0.350259
f 24/11/24 11/12/11 5/13/5
vt 0.319833 0.068391
vt 0.314429 0.069660
vt 0.318519 0.065338
f 1/14/1 3/15/3 6/16/6
vt 0.314683 0.067943
f 6/16/6 3/15/3 15/17/15
vt 0.353117 0.350009
f 14/18/14 5/13/5 11/12/11
vt 0.867513 0.248271
f 10/19/10 4/5/4 8/4/8
vt 0.365616 0.347755
f 24/11/24 5/13/5 7/20/7
vt 0.349929 0.355427
f 14/18/14 11/12/11 1/21/1
vt 0.376211 0.978404
f 16/3/16 15/22/15 3/1/3
vt 0.866922 0.532791
vt 0.868891 0.536904
vt 0.864314 0.539164
f 19/23/19 22/24/22 20/25/20
vt 0.015818 0.523873
vt 0.013658 0.521700
vt 0.016238 0.520342
f 4/26/4 10/27/10 27/28/27
vt 0.362391 0.343106
f 18/29/18 7/20/7 5/13/5
vt 0.364631 0.343660
f 31/30/31 7/20/7 18/29/18
vt 0.823609 0.457042
vt 0.815990 0.464694
vt 0.819625 0.458889
f 17/31/17 24/32/24 7/33/7
vt 0.081754 0.454008
vt 0.077258 0.456911
vt 0.077792 0.450035
f 17/34/17 7/35/7 31/36/31
vt 0.352251 0.357369
f 9/37/9 1/21/1 11/12/11
vt 0.863089 0.541626
vt 0.866645 0.547204
f 28/38/28 20/25/20 26/39/26
vt 0.378178 0.973529
vt 0.379099 0.964486
vt 0.379882 0.972308
f 6/40/6 25/41/25 14/42/14
vt 0.348624 0.350502
f 14/18/14 1/21/1 6/43/6
vt 0.356956 0.345358
f 5/13/5 14/18/14 13/44/13
vt 0.380734 0.965130
vt 0.380561 0.969923
f 13/45/13 14/46/14 25/41/25
vt 0.144087 0.395318
vt 0.142462 0.394460
vt 0.143781 0.391951
f 28/47/28 12/48/12 20/49/20
vt 0.073446 0.452088
vt 0.071786 0.459264
vt 0.069233 0.453999
f 18/50/18 5/51/5 13/52/13
vt 0.373220 0.963539
f 15/22/15 66/53/66 6/40/6
vt 0.815296 0.419250
vt 0.815312 0.413516
vt 0.817569 0.417085
f 12/54/12 19/55/19 20/56/20
vt 0.681162 0.302881
vt 0.673870 0.304588
f 9/57/9 8/58/8 1/7/1
vt 0.811139 0.410980
f 46/59/46 19/55/19 12/54/12
f 25/41/25 6/40/6 66/53/66
vt 0.070136 0.452136
f 25/60/25 18/50/18 13/52/13
vt 0.361816 0.359006
f 11/12/11 24/11/24 43/61/43
vt 0.379940 0.991470
vt 0.375704 0.991339
f 2/2/2 4/62/4 39/63/39
vt 0.019488 0.523050
f 39/64/39 4/26/4 27/28/27
f 2/2/2 39/63/39 16/3/16
vt 0.085444 0.450651
f 17/34/17 31/36/31 21/65/21
vt 0.013651 0.516643
f 27/28/27 10/27/10 23/66/23
vt 0.870471 0.548851
f 22/24/22 62/67/62 20/25/20
vt 0.672592 0.311186
vt 0.671881 0.307906
vt 0.677765 0.310578
f 23/68/23 10/69/10 33/70/33
vt 0.140090 0.384679
vt 0.139549 0.381041
vt 0.142268 0.385256
f 46/71/46 35/72/35 19/73/19
vt 0.141896 0.396715
f 12/48/12 28/47/28 59/74/59
vt 0.684947 0.299946
vt 0.685093 0.303720
f 9/57/9 11/75/11 41/76/41
vt 0.366381 0.980145
f 47/77/47 15/22/15 16/3/16
f 20/25/20 62/67/62 26/39/26
vt 0.873698 0.529792
f 22/24/22 19/23/19 72/78/72
vt 0.045519 0.461150
vt 0.044630 0.461908
vt 0.042163 0.458102
f 8/79/8 9/80/9 33/81/33
vt 0.356863 0.359375
f 43/61/43 41/82/41 11/12/11
vt 0.042757 0.462865
vt 0.038408 0.463356
f 33/81/33 9/83/9 41/84/41
f 10/69/10 8/58/8 33/70/33
vt 0.828479 0.466069
f 17/31/17 58/85/58 24/32/24
vt 0.146863 0.396053
vt 0.144393 0.399859
f 28/47/28 26/86/26 44/87/44
vt 0.869975 0.538547
f 22/24/22 37/88/37 62/67/62
vt 0.363373 0.972454
f 15/22/15 40/89/40 66/53/66
vt 0.827832 0.454206
f 21/90/21 58/85/58 17/31/17
vt 0.087098 0.444612
f 31/36/31 32/91/32 21/65/21
vt 0.815193 0.469595
vt 0.818389 0.471148
f 43/92/43 24/32/24 45/93/45
vt 0.832330 0.452158
vt 0.831662 0.450758
f 30/94/30 21/90/21 32/95/32
vt 0.374077 0.948589
vt 0.382851 0.947157
vt 0.382573 0.956017
f 34/96/34 32/97/32 31/98/31
vt 0.571271 0.437298
vt 0.567119 0.435692
vt 0.571774 0.430855
f 41/99/41 43/100/43 76/101/76
vt 0.381635 0.959318
f 18/102/18 25/41/25 34/96/34
f 34/96/34 31/98/31 18/102/18
vt 0.833674 0.456731
f 21/90/21 29/103/29 58/85/58
f 40/89/40 15/22/15 47/77/47
vt 0.869287 0.527956
f 19/23/19 35/104/35 72/78/72
vt 0.147945 0.402071
vt 0.147231 0.399159
vt 0.148151 0.398783
f 36/105/36 44/106/44 26/107/26
vt 0.820211 0.473868
f 24/32/24 58/85/58 45/108/45
vt 0.886019 0.894759
vt 0.887671 0.897357
vt 0.883219 0.899012
f 46/109/46 12/110/12 109/111/109
vt 0.872342 0.536816
vt 0.881148 0.540447
f 37/112/37 87/113/87 62/67/62
vt 0.557831 0.386738
vt 0.556427 0.391767
vt 0.553009 0.390157
f 30/114/30 29/115/29 21/116/21
vt 0.864686 0.551732
f 36/117/36 26/39/26 62/67/62
vt 0.094290 0.443339
vt 0.092549 0.448487
vt 0.091868 0.441180
f 49/118/49 30/119/30 38/120/38
f 30/119/30 32/91/32 38/120/38
vt 0.017649 0.512662
vt 0.019637 0.519661
f 27/28/27 63/121/63 39/122/39
vt 0.484597 0.078503
vt 0.482006 0.081546
vt 0.479721 0.079387
f 72/123/72 37/124/37 22/125/22
vt 0.014020 0.514304
f 23/126/23 63/121/63 27/28/27
vt 0.141878 0.398626
f 44/87/44 59/127/59 28/47/28
vt 0.037617 0.460915
f 33/81/33 41/84/41 76/128/76
vt 0.874093 0.522747
f 72/78/72 35/104/35 50/129/50
vt 0.845597 0.246464
vt 0.847836 0.249803
vt 0.847148 0.250278
f 50/130/50 35/131/35 46/132/46
vt 0.126882 0.621674
vt 0.124331 0.624310
vt 0.120977 0.619616
f 52/133/52 36/134/36 68/135/68
vt 0.367690 0.987044
f 39/63/39 42/136/42 16/3/16
f 47/77/47 16/3/16 42/136/42
vt 0.882515 0.549468
f 153/137/153 62/67/62 87/113/87
vt 0.384124 0.940760
vt 0.375068 0.937683
f 38/138/38 32/97/32 57/139/57
vt 0.868868 0.557181
f 62/67/62 68/140/68 36/117/36
vt 0.044084 0.449874
vt 0.050364 0.457426
f 89/141/89 23/142/23 33/81/33
vt 0.009674 0.394184
vt 0.013444 0.395661
vt 0.011441 0.398973
f 44/143/44 53/144/53 59/145/59
f 25/41/25 66/53/66 34/96/34
vt 0.565754 0.380536
vt 0.561876 0.382720
vt 0.563940 0.375585
f 51/146/51 49/147/49 55/148/55
vt 0.097724 0.437196
f 55/149/55 49/118/49 38/120/38
vt 0.565404 0.427456
f 76/101/76 43/100/43 45/150/45
vt 0.828009 0.474574
f 45/108/45 58/85/58 86/151/86
f 32/97/32 34/96/34 57/139/57
vt 0.808089 0.406360
vt 0.809210 0.405471
f 46/59/46 65/152/65 50/153/50
vt 0.562287 0.387083
vt 0.558684 0.390772
f 30/114/30 48/154/48 29/155/29
f 30/114/30 49/147/49 48/154/48
vt 0.127111 0.624431
vt 0.125154 0.624542
f 52/133/52 44/156/44 36/157/36
vt 0.590124 0.609629
vt 0.589377 0.598765
vt 0.595821 0.599380
f 39/158/39 63/159/63 64/160/64
vt 0.882093 0.523500
f 111/161/111 72/78/72 50/129/50
vt 0.362902 0.985726
f 47/77/47 42/136/42 54/162/54
vt 0.598333 0.614263
vt 0.603255 0.612272
f 42/163/42 39/158/39 69/164/69
vt 0.051300 0.453521
vt 0.049760 0.448116
f 63/165/63 23/142/23 84/166/84
vt 0.358684 0.981262
f 56/167/56 47/77/47 54/162/54
vt 0.836510 0.460771
f 29/103/29 61/168/61 58/85/58
vt 0.361049 0.964453
f 40/89/40 90/169/90 66/53/66
vt 0.382144 0.934461
f 55/170/55 38/138/38 57/139/57
f 87/113/87 37/112/37 72/78/72
vt 0.815096 0.423613
vt 0.806139 0.422508
f 59/171/59 71/172/71 12/54/12
f 64/160/64 69/164/69 39/158/39
f 84/166/84 23/142/23 89/141/89
vt 0.099303 0.433902
vt 0.099863 0.435492
f 67/173/67 60/174/60 55/149/55
vt 0.568413 0.373602
f 60/175/60 51/146/51 55/148/55
vt 0.843637 0.448918
vt 0.844545 0.451431
vt 0.840317 0.449418
f 51/176/51 48/177/48 49/178/49
vt 0.009027 0.390029
f 52/179/52 53/144/53 44/143/44
vt 0.367684 0.948462
f 34/96/34 66/53/66 113/180/113
vt 0.349365 0.020131
vt 0.346950 0.021955
vt 0.348391 0.018713
f 70/181/70 61/182/61 29/183/29
vt 0.843237 0.458352
vt 0.838979 0.457161
f 70/184/70 29/185/29 48/177/48
f 40/89/40 47/77/47 56/167/56
vt 0.804741 0.412704
vt 0.801558 0.416272
f 109/186/109 12/54/12 93/187/93
vt 0.035883 0.457463
vt 0.037402 0.450824
f 76/188/76 94/189/94 33/81/33
vt 0.602969 0.615739
f 54/190/54 42/163/42 69/164/69
vt 0.567498 0.423866
f 78/191/78 76/101/76 45/150/45
vt 0.020436 0.398501
f 53/144/53 71/192/71 59/145/59
vt 0.878673 0.894227
f 109/111/109 65/193/65 46/109/46
vt 0.025466 0.287359
vt 0.030793 0.284705
vt 0.028951 0.289653
f 51/194/51 60/195/60 73/196/73
vt 0.377097 0.928762
f 55/170/55 57/139/57 88/197/88
vt 0.381567 0.930488
f 67/198/67 55/170/55 88/197/88
vt 0.121897 0.614784
f 126/199/126 52/133/52 68/135/68
vt 0.875480 0.556914
f 96/200/96 68/140/68 62/67/62
vt 0.025506 0.294154
f 73/196/73 48/201/48 51/194/51
f 94/189/94 89/141/89 33/81/33
vt 0.358865 0.956835
f 90/169/90 75/202/75 66/53/66
vt 0.875928 0.888624
vt 0.880401 0.890559
vt 0.878266 0.894173
f 81/203/81 50/204/50 65/205/65
vt 0.028173 0.459086
vt 0.023276 0.458069
vt 0.020989 0.454618
f 45/206/45 86/207/86 79/208/79
f 75/202/75 113/180/113 66/53/66
vt 0.574118 0.424119
f 78/191/78 94/209/94 76/101/76
vt 0.103150 0.429136
vt 0.099685 0.432214
vt 0.100248 0.429578
f 83/210/83 67/211/67 88/212/88
vt 0.029670 0.454206
f 78/213/78 45/206/45 79/208/79
vt 0.568390 0.371819
vt 0.573449 0.370210
f 67/214/67 74/215/74 60/175/60
vt 0.658146 0.342783
vt 0.652648 0.343184
vt 0.655756 0.341536
f 80/216/80 60/217/60 74/218/74
vt 0.348439 0.972346
f 56/167/56 127/219/127 40/89/40
f 153/137/153 96/200/96 62/67/62
vt 0.839799 0.466266
f 58/85/58 61/168/61 77/220/77
vt 0.653276 0.346901
f 73/221/73 60/217/60 80/216/80
vt 0.846084 0.453721
f 70/184/70 48/177/48 82/222/82
vt 0.593110 0.591819
f 99/223/99 64/160/64 63/159/63
f 71/172/71 93/187/93 12/54/12
vt 0.029003 0.296218
f 48/201/48 73/196/73 82/224/82
vt 0.650335 0.339543
vt 0.653592 0.336990
vt 0.657358 0.338430
f 67/225/67 83/226/83 74/227/74
f 111/161/111 87/113/87 72/78/72
vt 0.660955 0.990510
vt 0.662227 0.988147
vt 0.667334 0.990661
f 96/228/96 118/229/118 68/230/68
vt 0.494320 0.413416
vt 0.497367 0.419322
vt 0.493017 0.417297
f 61/231/61 119/232/119 77/233/77
f 127/219/127 90/169/90 40/89/40
vt 0.845770 0.462597
f 70/184/70 119/234/119 61/168/61
vt 0.872919 0.889373
f 65/205/65 85/235/85 81/203/81
vt 0.608485 0.607167
f 152/236/152 69/164/69 64/160/64
vt 0.835468 0.473657
f 97/237/97 86/151/86 58/85/58
vt 0.017638 0.386221
f 91/238/91 53/144/53 52/179/52
vt 0.838509 0.472423
f 77/220/77 97/239/97 58/85/58
vt 0.674454 0.188647
vt 0.676051 0.188719
vt 0.672123 0.191052
f 80/240/80 107/241/107 73/242/73
vt 0.355509 0.983367
f 54/162/54 100/243/100 56/167/56
vt 0.675970 0.191765
vt 0.675813 0.195865
f 73/242/73 107/244/107 82/245/82
vt 0.666374 0.988084
f 118/229/118 126/246/126 68/230/68
vt 0.369615 0.927909
f 88/197/88 57/139/57 116/247/116
vt 0.023254 0.392961
f 71/192/71 53/144/53 191/248/191
vt 0.654973 0.333534
f 92/249/92 74/227/74 83/226/83
vt 0.247079 0.481234
vt 0.242009 0.488228
vt 0.243109 0.481837
f 95/250/95 107/251/107 80/252/80
vt 0.658280 0.342396
vt 0.660613 0.339130
f 80/253/80 74/227/74 95/254/95
vt 0.015631 0.506060
vt 0.020213 0.505938
f 63/121/63 84/255/84 99/256/99
vt 0.880287 0.518723
vt 0.875046 0.521275
f 98/257/98 50/129/50 81/258/81
vt 0.028741 0.448487
f 78/213/78 79/208/79 110/259/110
vt 0.836814 0.478893
f 114/260/114 86/151/86 97/237/97
vt 0.489654 0.422171
vt 0.491005 0.424377
f 97/261/97 77/233/77 108/262/108
f 113/180/113 57/139/57 34/96/34
vt 0.103854 0.424517
vt 0.101565 0.425509
f 92/263/92 83/210/83 88/264/88
vt 0.250772 0.478968
vt 0.246125 0.478972
f 104/265/104 95/250/95 74/266/74
vt 0.008744 0.381018
f 126/267/126 91/238/91 52/179/52
vt 0.110659 0.425513
vt 0.107667 0.429910
f 104/268/104 74/269/74 92/263/92
f 50/129/50 98/257/98 111/161/111
f 108/262/108 77/233/77 119/232/119
vt 0.849283 0.451906
vt 0.851534 0.455792
f 82/270/82 105/271/105 70/184/70
vt 0.612196 0.618513
f 100/272/100 54/190/54 69/164/69
vt 0.568012 0.415383
vt 0.567611 0.423504
f 110/273/110 94/209/94 78/274/78
vt 0.804433 0.406913
vt 0.800899 0.408491
f 65/275/65 109/186/109 112/276/112
vt 0.873156 0.886424
f 81/203/81 85/235/85 98/277/98
vt 0.832989 0.479175
f 114/260/114 79/278/79 86/151/86
vt 0.365364 0.921020
vt 0.376380 0.921042
f 88/197/88 138/279/138 92/280/92
vt 0.360879 0.934401
f 57/139/57 113/180/113 145/281/145
f 70/184/70 105/271/105 119/234/119
vt 0.018915 0.498797
f 84/255/84 106/282/106 99/256/99
vt 0.355552 0.945264
f 103/283/103 113/180/113 75/202/75
vt 0.236250 0.495391
vt 0.238113 0.489279
f 105/284/105 82/285/82 107/251/107
vt 0.048659 0.440086
f 84/166/84 89/141/89 106/286/106
vt 0.597824 0.589547
f 64/160/64 99/223/99 115/287/115
vt 0.346650 0.979159
f 56/167/56 100/243/100 120/288/120
f 127/219/127 56/167/56 120/288/120
vt 0.107735 0.421744
f 104/268/104 92/263/92 101/289/101
f 138/279/138 88/197/88 116/247/116
vt 0.875988 0.898988
vt 0.866491 0.894136
f 112/290/112 252/291/252 65/205/65
f 85/235/85 65/205/65 252/291/252
vt 0.036620 0.444388
f 125/292/125 89/141/89 94/189/94
vt 0.890799 0.537965
f 111/161/111 177/293/177 87/113/87
vt 0.656189 0.987518
f 118/229/118 96/228/96 175/294/175
vt 0.657488 0.990421
f 96/228/96 102/295/102 175/294/175
vt 0.885251 0.557093
f 96/200/96 153/137/153 102/296/102
vt 0.116953 0.611954
vt 0.118933 0.608003
f 118/297/118 133/298/133 126/199/126
vt 0.883289 0.518440
vt 0.889452 0.519267
f 111/161/111 98/299/98 124/300/124
vt 0.345351 0.962115
f 75/202/75 90/169/90 159/301/159
vt 0.247911 0.488832
f 107/251/107 95/250/95 130/302/130
vt 0.255364 0.484546
f 95/250/95 104/265/104 131/303/131
vt 0.488864 0.428067
f 114/304/114 97/261/97 108/262/108
vt 0.573706 0.415762
f 125/305/125 94/209/94 110/273/110
f 131/303/131 130/302/130 95/250/95
vt 0.893736 0.547209
f 87/113/87 202/306/202 153/137/153
vt 0.252490 0.474216
vt 0.256196 0.477733
f 104/265/104 101/307/101 123/308/123
vt 0.869277 0.901566
f 157/309/157 252/291/252 112/290/112
vt 0.371220 0.915913
f 92/280/92 138/279/138 122/310/122
vt 0.865734 0.883178
vt 0.870294 0.885992
f 156/311/156 98/312/98 85/235/85
vt 0.376278 0.916545
f 101/313/101 92/280/92 122/310/122
vt 0.023759 0.442363
f 79/208/79 117/314/117 110/259/110
f 91/238/91 191/248/191 53/144/53
f 112/276/112 109/186/109 93/187/93
f 116/247/116 57/139/57 145/281/145
f 159/301/159 90/169/90 127/219/127
vt 0.523013 0.483429
vt 0.514372 0.485692
vt 0.513635 0.483531
f 119/315/119 105/316/105 136/317/136
vt 0.239070 0.498067
f 136/318/136 105/284/105 107/251/107
vt 0.801242 0.422327
f 93/187/93 71/172/71 150/319/150
vt 0.247922 0.501344
f 136/318/136 107/251/107 186/320/186
vt 0.022602 0.498832
f 99/256/99 106/282/106 115/321/115
vt 0.913567 0.341052
vt 0.908522 0.344372
vt 0.908851 0.342278
f 124/322/124 98/323/98 156/324/156
vt 0.044425 0.434022
f 121/325/121 106/286/106 89/141/89
vt 0.799191 0.412825
f 112/276/112 93/187/93 134/326/134
vt 0.349403 0.950573
f 75/202/75 141/327/141 103/283/103
vt 0.025648 0.398832
f 191/248/191 150/328/150 71/192/71
vt 0.012796 0.453333
vt 0.014169 0.445579
f 79/208/79 114/329/114 140/330/140
f 113/180/113 103/283/103 145/281/145
vt 0.256090 0.474125
f 101/307/101 122/331/122 123/308/123
vt 0.756887 0.097636
vt 0.761664 0.096121
vt 0.759954 0.099229
f 122/332/122 132/333/132 123/334/123
f 202/306/202 87/113/87 177/293/177
vt 0.039084 0.438261
f 151/335/151 89/141/89 125/292/125
f 121/325/121 89/141/89 151/335/151
vt 0.498660 0.435900
f 108/262/108 119/232/119 144/336/144
f 107/251/107 130/302/130 186/320/186
vt 0.258403 0.491962
f 130/302/130 131/303/131 190/337/190
vt 0.028258 0.439182
vt 0.030559 0.444146
f 163/338/163 110/339/110 117/314/117
f 123/308/123 131/303/131 104/265/104
vt 0.356532 0.925374
f 129/340/129 116/247/116 145/281/145
vt 0.605832 0.593663
f 135/341/135 152/236/152 64/160/64
f 116/247/116 129/340/129 138/279/138
vt 0.873347 0.904722
f 112/290/112 134/342/134 157/309/157
vt 0.627430 0.431883
vt 0.633212 0.434842
vt 0.625731 0.436245
f 137/343/137 132/344/132 122/345/122
vt 0.129096 0.606402
vt 0.126474 0.612846
f 126/199/126 270/346/270 91/347/91
vt 0.116231 0.608547
f 175/348/175 133/298/133 118/297/118
f 140/330/140 117/314/117 79/208/79
vt 0.622114 0.622400
vt 0.615633 0.621675
f 158/349/158 120/350/120 100/272/100
f 159/301/159 141/327/141 75/202/75
vt 0.894933 0.526690
f 149/351/149 111/161/111 124/300/124
vt 0.339124 0.972112
f 155/352/155 127/219/127 120/288/120
vt 0.490871 0.433674
f 114/304/114 108/262/108 128/353/128
vt 0.011367 0.447740
f 140/330/140 114/329/114 128/354/128
vt 0.895289 0.517061
f 149/351/149 124/300/124 146/355/146
vt 0.501269 0.431445
f 144/336/144 119/232/119 185/356/185
vt 0.431986 0.293919
vt 0.429579 0.295507
vt 0.428705 0.293334
f 143/357/143 123/358/123 132/359/132
f 64/160/64 115/287/115 135/341/135
f 100/272/100 69/164/69 152/236/152
vt 0.914645 0.336140
vt 0.908832 0.340086
f 146/360/146 124/322/124 156/361/156
f 85/235/85 252/291/252 156/311/156
vt 0.262905 0.484267
f 131/303/131 123/308/123 143/362/143
vt 0.355399 0.932618
f 103/283/103 142/363/142 145/281/145
vt 0.366968 0.911492
f 122/310/122 138/279/138 137/364/137
f 202/306/202 102/296/102 153/137/153
f 144/336/144 128/353/128 108/262/108
vt 0.573068 0.409814
f 151/365/151 125/305/125 110/273/110
vt 0.031597 0.441628
f 110/366/110 163/338/163 151/335/151
vt 0.876391 0.909609
vt 0.878071 0.906144
f 139/367/139 134/342/134 93/368/93
vt 0.116390 0.387992
vt 0.121202 0.389730
vt 0.115324 0.393029
f 197/369/197 146/370/146 156/371/156
vt 0.638236 0.429838
f 132/344/132 137/343/137 160/372/160
vt 0.336549 0.967766
f 171/373/171 159/301/159 155/352/155
vt 0.432143 0.287427
f 143/357/143 132/359/132 160/374/160
f 127/219/127 155/352/155 159/301/159
vt 0.793543 0.422898
f 150/319/150 139/375/139 93/187/93
f 177/293/177 111/161/111 149/351/149
vt 0.046645 0.434660
f 121/325/121 165/376/165 106/286/106
vt 0.519343 0.472002
f 136/317/136 185/377/185 119/315/119
vt 0.601426 0.583062
f 135/341/135 115/287/115 187/378/187
vt 0.348083 0.934204
f 148/379/148 142/363/142 103/283/103
vt 0.240083 0.505488
f 179/380/179 136/318/136 186/320/186
f 131/303/131 143/362/143 190/337/190
vt 0.525970 0.250999
vt 0.528169 0.250271
vt 0.527247 0.254533
f 160/381/160 154/382/154 143/383/143
f 142/363/142 129/340/129 145/281/145
vt 0.025604 0.491348
f 106/282/106 187/384/187 115/321/115
vt 0.342610 0.979174
f 158/385/158 155/352/155 120/288/120
vt 0.900605 0.530492
f 147/386/147 149/351/149 146/355/146
vt 0.032673 0.435557
f 151/335/151 163/338/163 161/387/161
vt 0.335800 0.974427
f 158/385/158 173/388/173 155/352/155
vt 0.010003 0.444410
f 128/354/128 167/389/167 140/330/140
vt 0.335803 0.956452
f 141/327/141 159/301/159 211/390/211
vt 0.513390 0.476134
f 185/377/185 136/317/136 179/391/179
vt 0.899038 0.515006
f 147/386/147 146/355/146 164/392/164
f 161/387/161 121/325/121 151/335/151
vt 0.351991 0.923301
f 212/393/212 129/340/129 142/363/142
vt 0.862198 0.885543
f 252/291/252 263/394/263 156/311/156
vt 0.340311 0.943940
f 103/283/103 181/395/181 148/379/148
f 149/351/149 147/386/147 177/293/177
vt 0.632290 0.428576
f 160/372/160 137/343/137 169/396/169
vt 0.890296 0.557045
vt 0.893517 0.556377
f 176/397/176 102/296/102 237/398/237
vt 0.648497 0.987047
vt 0.652631 0.990144
f 176/399/176 175/294/175 102/400/102
vt 0.607269 0.588889
f 135/341/135 187/378/187 262/401/262
f 211/390/211 159/301/159 171/373/171
f 133/298/133 270/346/270 126/199/126
f 103/283/103 141/327/141 181/395/181
vt 0.909440 0.521876
f 147/386/147 164/392/164 189/402/189
vt 0.531195 0.250237
f 143/383/143 154/382/154 172/403/172
vt 0.459677 0.080251
vt 0.458057 0.082943
vt 0.455928 0.081329
f 168/404/168 154/405/154 160/406/160
vt 0.118407 0.384970
vt 0.122166 0.385597
f 170/407/170 164/408/164 146/370/146
vt 0.492743 0.438183
f 144/336/144 167/409/167 128/353/128
vt 0.020121 0.488030
f 187/384/187 106/282/106 165/410/165
vt 0.022584 0.438090
f 163/338/163 117/314/117 195/411/195
vt 0.905551 0.514842
f 189/402/189 164/392/164 208/412/208
vt 0.626593 0.617496
f 158/349/158 100/272/100 183/413/183
vt 0.637027 0.426160
f 169/396/169 188/414/188 160/372/160
vt 0.366291 0.899830
vt 0.365351 0.907158
vt 0.355300 0.901584
f 188/415/188 169/416/169 224/417/224
vt 0.011365 0.440811
f 194/418/194 117/314/117 140/330/140
vt 0.434980 0.289196
vt 0.436752 0.286217
vt 0.439327 0.287533
f 154/419/154 168/420/168 172/421/172
f 140/330/140 167/389/167 194/418/194
vt 0.457120 0.078972
f 168/404/168 160/406/160 188/422/188
vt 0.619069 0.605972
f 135/341/135 193/423/193 152/236/152
vt 0.355637 0.912167
f 137/364/137 138/279/138 162/424/162
vt 0.492662 0.484465
vt 0.498321 0.477521
vt 0.502121 0.488806
f 190/425/190 192/426/192 130/427/130
f 161/387/161 163/338/163 195/411/195
f 129/340/129 212/393/212 138/279/138
vt 0.438241 0.284101
vt 0.441369 0.284268
f 168/428/168 174/429/174 172/421/172
f 195/411/195 117/314/117 194/418/194
f 142/363/142 148/379/148 212/393/212
vt 0.246752 0.511174
f 186/320/186 240/430/240 179/380/179
vt 0.795962 0.411393
vt 0.788300 0.414952
f 134/431/134 139/375/139 352/432/352
vt 0.901455 0.512262
f 166/433/166 208/412/208 164/392/164
vt 0.009031 0.441442
f 194/418/194 167/389/167 180/434/180
vt 0.330448 0.969423
f 155/352/155 226/435/226 171/373/171
vt 0.251992 0.497106
vt 0.251960 0.498380
f 186/320/186 130/436/130 192/437/192
vt 0.644021 0.426637
vt 0.638139 0.423855
vt 0.644231 0.421582
f 168/438/168 188/439/188 215/440/215
vt 0.328768 0.961311
f 211/390/211 171/373/171 182/441/182
vt 0.046574 0.430346
vt 0.037443 0.431064
f 165/442/165 121/325/121 178/443/178
f 121/325/121 161/387/161 178/443/178
f 181/395/181 141/327/141 211/390/211
vt 0.121221 0.382171
f 166/444/166 164/408/164 170/407/170
vt 0.440049 0.283559
f 168/428/168 215/445/215 174/429/174
vt 0.859510 0.877784
f 197/446/197 156/311/156 263/394/263
f 169/416/169 137/364/137 162/424/162
f 162/424/162 224/417/224 169/416/169
vt 0.513664 0.472350
f 185/377/185 179/391/179 205/447/205
vt 0.619068 0.589703
f 193/423/193 135/341/135 268/448/268
vt 0.028015 0.435078
f 198/449/198 161/387/161 195/411/195
vt 0.312107 0.425227
vt 0.311433 0.428239
vt 0.306997 0.430759
f 180/450/180 167/451/167 144/452/144
vt 0.630228 0.626218
f 183/413/183 173/453/173 158/349/158
f 193/423/193 100/272/100 152/236/152
vt 0.324776 0.964741
f 277/454/277 171/373/171 226/435/226
f 170/407/170 146/370/146 197/369/197
vt 0.270995 0.483763
vt 0.272617 0.481663
vt 0.277612 0.483518
f 172/455/172 174/456/174 203/457/203
vt 0.512035 0.473541
f 205/447/205 179/391/179 240/458/240
f 173/388/173 226/435/226 155/352/155
vt 0.025987 0.488631
f 218/459/218 187/384/187 165/410/165
vt 0.607046 0.582971
f 262/401/262 187/378/187 233/460/233
vt 0.857930 0.891025
f 252/291/252 365/461/365 263/394/263
vt 0.269139 0.499793
f 190/337/190 143/362/143 298/462/298
f 212/393/212 162/424/162 138/279/138
vt 0.270887 0.491992
f 172/455/172 248/463/248 143/362/143
vt 0.275013 0.481258
f 196/464/196 203/457/203 174/456/174
vt 0.515649 0.467620
vt 0.519825 0.467532
f 185/377/185 220/465/220 144/466/144
f 268/448/268 135/341/135 262/401/262
f 182/441/182 171/373/171 277/454/277
vt 0.597762 0.051097
vt 0.602232 0.053943
vt 0.600214 0.054827
f 215/467/215 196/468/196 174/469/174
vt 0.020831 0.435951
vt 0.016968 0.436404
f 184/470/184 195/411/195 199/471/199
vt 0.310686 0.421761
vt 0.313768 0.421362
f 180/450/180 213/472/213 194/473/194
vt 0.357953 0.896855
f 224/417/224 200/474/200 188/415/188
vt 0.023412 0.435112
f 195/411/195 184/470/184 198/475/198
f 298/462/298 143/362/143 248/463/248
f 237/398/237 102/296/102 202/306/202
vt 0.366683 0.893574
vt 0.360986 0.891925
f 215/476/215 188/415/188 209/477/209
vt 0.305331 0.428030
f 144/452/144 214/478/214 180/450/180
vt 0.602716 0.050303
f 216/479/216 196/468/196 215/467/215
vt 0.753826 0.146716
vt 0.752769 0.146598
vt 0.755669 0.142387
f 203/480/203 196/481/196 216/482/216
f 185/377/185 205/447/205 220/465/220
vt 0.029332 0.432370
f 198/483/198 178/443/178 161/387/161
vt 0.040647 0.427782
f 206/484/206 165/442/165 178/443/178
vt 0.905194 0.545599
f 275/485/275 177/293/177 147/386/147
vt 0.024017 0.485311
f 218/459/218 165/410/165 204/486/204
vt 0.602151 0.581774
vt 0.603246 0.579324
f 187/487/187 218/488/218 233/460/233
vt 0.853350 0.877676
f 272/489/272 197/446/197 263/394/263
vt 0.015317 0.436094
vt 0.012244 0.435879
f 199/490/199 195/411/195 201/491/201
f 195/411/195 194/418/194 201/491/201
vt 0.580635 0.196910
vt 0.579487 0.200744
vt 0.578774 0.199634
f 217/492/217 166/493/166 251/494/251
vt 0.310781 0.418519
f 201/495/201 194/473/194 213/472/213
vt 0.336491 0.932140
f 148/379/148 181/395/181 222/496/222
vt 0.865501 0.908143
vt 0.869445 0.904623
f 223/497/223 157/309/157 134/498/134
vt 0.034317 0.397110
f 139/499/139 150/328/150 191/248/191
vt 0.045814 0.426238
vt 0.041928 0.427347
f 204/500/204 165/442/165 206/501/206
vt 0.036348 0.430052
vt 0.038198 0.428891
f 178/443/178 231/502/231 206/503/206
vt 0.633726 0.611363
f 183/413/183 100/272/100 283/504/283
f 213/472/213 180/450/180 214/478/214
vt 0.857675 0.873450
vt 0.855201 0.869652
vt 0.858107 0.871391
f 170/505/170 251/506/251 166/507/166
vt 0.031044 0.430160
f 198/483/198 207/508/207 178/443/178
vt 0.489191 0.474127
f 192/426/192 190/425/190 219/509/219
vt 0.639332 0.625794
f 173/453/173 183/413/183 257/510/257
vt 0.656129 0.987527
vt 0.650043 0.975378
vt 0.658171 0.980833
f 175/511/175 421/512/421 133/513/133
vt 0.332886 0.940907
f 230/514/230 222/496/222 181/395/181
vt 0.644761 0.983772
f 176/399/176 327/515/327 175/511/175
vt 0.898789 0.553886
f 237/398/237 202/306/202 221/516/221
vt 0.911040 0.515718
f 210/517/210 189/402/189 208/412/208
vt 0.346468 0.910385
f 162/424/162 212/393/212 228/518/228
f 200/474/200 209/477/209 188/415/188
f 222/496/222 212/393/212 148/379/148
vt 0.346188 0.905994
f 224/417/224 162/424/162 255/519/255
vt 0.610853 0.578192
vt 0.605116 0.576716
f 259/520/259 218/488/218 204/521/204
vt 0.345327 0.920115
f 234/522/234 228/518/228 212/393/212
vt 0.583781 0.200783
vt 0.584523 0.195407
vt 0.585759 0.197528
f 208/523/208 227/524/227 210/525/210
vt 0.325508 0.949012
f 181/395/181 211/390/211 253/526/253
f 100/272/100 193/423/193 283/504/283
f 177/293/177 275/485/275 202/306/202
vt 0.363455 0.885352
f 215/476/215 209/477/209 225/527/225
vt 0.650086 0.414173
vt 0.652202 0.419364
f 215/440/215 225/528/225 216/529/216
vt 0.904968 0.510919
f 208/412/208 166/433/166 217/530/217
vt 0.139705 0.362771
vt 0.142120 0.358692
vt 0.144690 0.359323
f 203/531/203 216/532/216 235/533/235
vt 0.263230 0.502000
f 190/337/190 298/462/298 219/534/219
f 170/505/170 272/489/272 251/506/251
vt 0.279605 0.488632
f 172/455/172 203/457/203 258/535/258
vt 0.637557 0.628296
vt 0.630611 0.626324
f 226/536/226 173/537/173 257/510/257
vt 0.032982 0.430045
f 178/443/178 207/508/207 231/538/231
vt 0.323052 0.954310
f 211/390/211 182/441/182 250/539/250
vt 0.623443 0.597873
f 193/423/193 268/448/268 294/540/294
vt 0.455941 0.582139
vt 0.459673 0.586002
vt 0.453906 0.587951
f 198/541/198 184/542/184 229/543/229
vt 0.459917 0.589081
vt 0.462818 0.588648
f 244/544/244 184/542/184 199/545/199
vt 0.792182 0.409370
f 134/431/134 352/432/352 223/546/223
vt 0.449136 0.577658
vt 0.443962 0.577596
vt 0.445076 0.573174
f 231/547/231 245/548/245 206/549/206
f 244/544/244 229/543/229 184/542/184
vt 0.301662 0.433325
f 144/452/144 220/550/220 214/478/214
vt 0.781700 0.142163
vt 0.779080 0.144136
vt 0.779153 0.141426
f 201/551/201 244/552/244 199/553/199
vt 0.441527 0.569809
vt 0.438346 0.572748
f 204/554/204 206/549/206 259/555/259
f 257/510/257 183/413/183 283/504/283
f 275/485/275 221/516/221 202/306/202
vt 0.644474 0.988596
f 237/556/237 327/515/327 176/399/176
vt 0.467891 0.596304
vt 0.464487 0.598980
vt 0.467760 0.593760
f 214/557/214 256/558/256 213/559/213
f 172/455/172 258/535/258 248/463/248
vt 0.144248 0.355802
f 216/532/216 232/560/232 235/533/235
vt 0.655815 0.415402
f 225/528/225 232/561/232 216/529/216
vt 0.324104 0.966954
f 277/454/277 226/435/226 276/562/276
vt 0.340443 0.923696
f 212/393/212 222/496/222 254/563/254
f 254/563/254 234/522/234 212/393/212
f 211/390/211 250/539/250 253/526/253
f 272/489/272 170/505/170 197/446/197
vt 0.090697 0.203273
vt 0.093409 0.202709
vt 0.095118 0.204502
f 231/564/231 207/565/207 246/566/246
vt 0.451671 0.579337
vt 0.450680 0.583194
f 207/567/207 198/541/198 246/568/246
f 268/448/268 262/401/262 233/460/233
vt 0.039861 0.316346
vt 0.035364 0.317453
vt 0.036397 0.315255
f 259/569/259 233/570/233 218/571/218
f 246/568/246 198/541/198 229/543/229
f 175/511/175 327/515/327 421/512/421
vt 0.781607 0.144430
f 244/552/244 201/551/201 256/572/256
vt 0.464018 0.591598
f 201/573/201 213/559/213 256/558/256
vt 0.911108 0.511823
vt 0.919337 0.512963
f 227/574/227 265/575/265 210/517/210
f 206/549/206 245/548/245 259/555/259
vt 0.319887 0.959160
f 277/454/277 242/576/242 182/441/182
vt 0.638677 0.628652
vt 0.640671 0.628796
f 226/577/226 257/510/257 276/578/276
vt 0.298813 0.431303
f 247/579/247 214/478/214 220/550/220
vt 0.511342 0.467292
vt 0.511852 0.463354
f 205/580/205 238/581/238 220/465/220
f 250/539/250 182/441/182 242/576/242
vt 0.252593 0.503192
vt 0.254253 0.508871
f 192/582/192 249/583/249 186/320/186
vt 0.910281 0.529533
f 189/402/189 291/584/291 147/386/147
vt 0.654314 0.411694
f 232/561/232 225/528/225 243/585/243
vt 0.095707 0.209502
f 246/566/246 241/586/241 231/564/231
vt 0.030337 0.386992
f 191/248/191 91/238/91 299/587/299
f 217/492/217 227/524/227 208/523/208
vt 0.092563 0.206188
f 245/588/245 231/564/231 241/586/241
vt 0.300017 0.432858
f 247/579/247 220/550/220 238/589/238
vt 0.243555 0.513179
vt 0.246201 0.513653
f 205/590/205 240/430/240 239/591/239
f 255/519/255 162/424/162 228/518/228
vt 0.284125 0.483545
vt 0.286303 0.480397
vt 0.289194 0.483406
f 235/592/235 232/593/232 236/594/236
vt 0.584280 0.193043
vt 0.583449 0.193818
f 284/595/284 227/524/227 217/596/217
vt 0.616989 0.584831
f 268/448/268 233/460/233 282/597/282
f 283/504/283 193/423/193 294/540/294
vt 0.350327 0.888815
f 209/477/209 200/474/200 290/598/290
vt 0.507289 0.464774
f 238/581/238 205/580/205 239/599/239
vt 0.289365 0.480208
f 232/593/232 260/600/260 236/594/236
vt 0.849450 0.869012
f 318/601/318 251/506/251 272/489/272
vt 0.282285 0.486135
f 235/602/235 258/535/258 203/457/203
vt 0.984160 0.807343
vt 0.982527 0.807963
vt 0.980165 0.805637
f 258/603/258 235/604/235 271/605/271
f 240/430/240 186/320/186 249/583/249
vt 0.450593 0.589058
f 246/568/246 229/543/229 273/606/273
vt 0.496718 0.469930
f 219/509/219 249/607/249 192/426/192
vt 0.038149 0.323324
f 233/570/233 259/569/259 282/608/282
vt 0.042788 0.322649
f 274/609/274 282/608/282 259/569/259
vt 0.848538 0.187057
vt 0.852231 0.193791
vt 0.847454 0.190565
f 234/610/234 254/611/254 269/612/269
vt 0.339557 0.918221
f 234/522/234 269/613/269 228/518/228
vt 0.777580 0.147119
vt 0.774988 0.146065
f 244/552/244 267/614/267 229/615/229
vt 0.453917 0.593044
vt 0.460279 0.591281
f 256/558/256 267/616/267 244/617/244
vt 0.286271 0.495619
f 248/463/248 258/535/258 314/618/314
vt 0.455615 0.600348
f 256/558/256 306/619/306 267/616/267
vt 0.356396 0.882952
f 225/527/225 209/477/209 286/620/286
vt 0.143189 0.350358
vt 0.147796 0.351710
vt 0.145181 0.355024
f 243/621/243 260/622/260 232/623/232
f 290/598/290 286/620/286 209/477/209
vt 0.099705 0.210850
vt 0.096763 0.206147
f 266/624/266 241/586/241 246/625/246
vt 0.099408 0.208568
f 273/626/273 266/624/266 246/625/246
f 181/395/181 253/526/253 230/514/230
vt 0.920914 0.520406
f 210/517/210 323/627/323 189/402/189
vt 0.363422 0.880350
f 286/620/286 243/628/243 225/527/225
vt 0.446563 0.584879
vt 0.434897 0.581625
f 245/548/245 241/629/241 293/630/293
vt 0.287311 0.486535
f 271/631/271 235/592/235 236/594/236
f 265/575/265 323/627/323 210/517/210
vt 0.328570 0.924456
f 254/563/254 222/496/222 310/632/310
vt 0.913721 0.509178
f 284/633/284 265/575/265 227/574/227
vt 0.303149 0.424637
vt 0.297938 0.427214
f 256/634/256 214/478/214 264/635/264
f 214/478/214 247/579/247 264/635/264
vt 0.255417 0.513925
f 249/583/249 280/636/280 240/430/240
vt 0.346193 0.891371
f 360/637/360 200/474/200 224/417/224
vt 0.326692 0.931341
f 222/496/222 230/514/230 285/638/285
f 275/485/275 147/386/147 291/584/291
vt 0.316515 0.946118
f 339/639/339 230/514/230 253/526/253
vt 0.347089 0.902333
f 261/640/261 224/417/224 255/519/255
f 365/461/365 272/489/272 263/394/263
vt 0.280208 0.498458
f 298/462/298 248/463/248 321/641/321
f 248/463/248 314/618/314 321/641/321
vt 0.037263 0.394121
f 301/642/301 139/499/139 191/248/191
vt 0.733856 0.096683
vt 0.732548 0.099275
vt 0.730310 0.098248
f 281/643/281 236/644/236 260/645/260
vt 0.152033 0.350623
vt 0.150535 0.346134
f 281/646/281 260/622/260 287/647/287
f 273/606/273 229/543/229 267/616/267
vt 0.249764 0.513919
f 239/648/239 240/430/240 280/636/280
f 287/647/287 260/622/260 243/621/243
vt 0.296694 0.434402
vt 0.293412 0.438192
vt 0.290977 0.436228
f 238/649/238 239/650/239 336/651/336
f 301/642/301 191/248/191 299/587/299
f 285/638/285 230/514/230 339/639/339
vt 0.515541 0.459968
vt 0.515111 0.461992
vt 0.514742 0.460088
f 264/652/264 247/653/247 278/654/278
vt 0.432196 0.577759
f 245/548/245 274/655/274 259/555/259
vt 0.296544 0.431101
vt 0.294615 0.430980
f 247/656/247 238/649/238 278/657/278
f 238/649/238 336/651/336 278/657/278
vt 0.018362 0.381721
vt 0.026568 0.382882
f 270/658/270 356/659/356 91/238/91
f 356/659/356 299/587/299 91/238/91
vt 0.463629 0.605172
f 256/558/256 264/660/264 306/619/306
vt 0.124628 0.600924
f 133/298/133 300/661/300 270/346/270
vt 0.290830 0.486597
f 236/594/236 330/662/330 271/631/271
vt 0.259972 0.512902
f 280/636/280 249/583/249 302/663/302
vt 0.331695 0.915691
f 255/519/255 269/613/269 295/664/295
vt 0.849398 0.861745
vt 0.852670 0.865737
f 318/601/318 284/665/284 217/666/217
f 228/518/228 269/613/269 255/519/255
vt 0.354669 0.872043
f 243/628/243 286/620/286 297/667/297
vt 0.315611 0.961853
vt 0.320108 0.965402
f 305/668/305 277/454/277 276/669/276
f 217/666/217 251/506/251 318/601/318
vt 0.633012 0.603495
f 283/504/283 294/540/294 292/670/292
vt 0.338605 0.895269
f 358/671/358 224/417/224 261/640/261
vt 0.594945 0.119273
vt 0.596373 0.117575
vt 0.597983 0.120582
f 266/672/266 273/673/273 289/674/289
vt 0.447042 0.594215
f 267/616/267 289/675/289 273/606/273
f 293/630/293 274/655/274 245/548/245
f 310/632/310 222/496/222 285/638/285
f 200/474/200 360/637/360 290/598/290
vt 0.293608 0.489660
vt 0.294912 0.485669
f 330/676/330 236/594/236 311/677/311
vt 0.360766 0.873367
f 287/678/287 243/628/243 297/667/297
vt 0.293997 0.483085
f 236/594/236 281/679/281 311/677/311
vt 0.639342 0.987923
f 327/515/327 237/556/237 221/680/221
vt 0.738190 0.097333
vt 0.735341 0.096474
vt 0.738580 0.095266
f 311/681/311 281/682/281 279/683/279
f 254/563/254 310/632/310 295/664/295
f 295/664/295 269/613/269 254/563/254
f 360/637/360 224/417/224 358/671/358
vt 0.645768 0.630288
vt 0.653182 0.629840
f 276/684/276 257/510/257 305/685/305
vt 0.506231 0.462730
vt 0.503015 0.462359
f 336/686/336 239/599/239 288/687/288
vt 0.499701 0.463964
f 239/599/239 280/688/280 288/687/288
f 267/616/267 306/619/306 289/675/289
f 250/539/250 242/576/242 339/639/339
f 253/526/253 250/539/250 339/639/339
vt 0.285348 0.489855
f 314/618/314 258/535/258 271/689/271
vt 0.435989 0.589545
f 241/629/241 312/690/312 293/630/293
vt 0.980588 0.798239
vt 0.979996 0.805392
vt 0.972797 0.803622
f 314/691/314 271/692/271 330/693/330
vt 0.916165 0.507762
f 347/694/347 265/575/265 284/633/284
vt 0.862618 0.910505
f 223/497/223 315/695/315 157/309/157
vt 0.333242 0.908608
vt 0.343443 0.903858
f 255/519/255 349/696/349 261/697/261
vt 0.857697 0.905821
f 315/695/315 329/698/329 157/309/157
vt 0.154382 0.349332
f 281/646/281 287/647/287 279/699/279
vt 0.136018 0.595640
f 300/661/300 454/700/454 270/346/270
vt 0.621476 0.587315
f 282/597/282 309/701/309 268/448/268
vt 0.625749 0.590785
f 294/540/294 268/448/268 316/702/316
vt 0.039866 0.327481
f 282/608/282 274/609/274 309/703/309
vt 0.643226 0.614646
f 372/704/372 257/510/257 283/504/283
vt 0.847966 0.883163
f 424/705/424 272/489/272 365/461/365
vt 0.906443 0.550093
f 275/485/275 348/706/348 221/516/221
f 157/309/157 329/698/329 252/291/252
vt 0.446205 0.590751
f 266/707/266 312/690/312 241/629/241
vt 0.784951 0.420498
f 139/375/139 415/708/415 352/432/352
vt 0.412491 0.237412
vt 0.406488 0.234401
vt 0.413847 0.233422
f 279/709/279 287/710/287 296/711/296
vt 0.653592 0.969062
f 300/712/300 133/513/133 421/512/421
vt 0.623540 0.588508
f 307/713/307 268/448/268 309/701/309
vt 0.595154 0.123266
f 266/672/266 289/674/289 308/714/308
f 277/454/277 305/668/305 242/576/242
vt 0.310504 0.953895
f 339/639/339 242/576/242 363/715/363
f 189/402/189 323/627/323 291/584/291
vt 0.357091 0.866919
f 297/667/297 324/716/324 287/678/287
vt 0.407152 0.232424
f 324/717/324 296/711/296 287/710/287
f 295/664/295 349/696/349 255/519/255
vt 0.296929 0.485869
vt 0.297533 0.484359
vt 0.302187 0.486602
f 311/718/311 279/719/279 334/720/334
vt 0.453922 0.608001
f 306/619/306 264/660/264 303/721/303
vt 0.266392 0.509984
vt 0.265102 0.505394
vt 0.269888 0.512592
f 249/722/249 219/723/219 333/724/333
vt 0.334703 0.902684
f 313/725/313 358/671/358 261/697/261
vt 0.465692 0.609610
f 303/721/303 264/660/264 278/726/278
vt 0.298917 0.484126
vt 0.300999 0.482065
vt 0.303877 0.483998
f 279/727/279 296/728/296 335/729/335
f 335/729/335 334/720/334 279/727/279
vt 0.275023 0.508397
f 298/462/298 331/730/331 219/723/219
vt 0.439726 0.595414
f 312/690/312 266/707/266 308/731/308
vt 0.785386 0.409000
vt 0.787792 0.408772
f 352/432/352 315/732/315 223/733/223
vt 0.286086 0.432887
f 278/657/278 336/651/336 304/734/304
vt 0.043091 0.327781
f 320/735/320 309/703/309 274/609/274
vt 0.311539 0.957490
f 305/668/305 338/736/338 242/576/242
f 257/510/257 372/704/372 305/685/305
f 316/702/316 268/448/268 307/713/307
vt 0.041402 0.330195
f 309/703/309 320/735/320 307/737/307
vt 0.846562 0.861307
f 284/665/284 318/601/318 347/738/347
vt 0.344103 0.884238
f 286/620/286 290/598/290 353/739/353
vt 0.912085 0.544238
vt 0.916069 0.543154
f 369/740/369 291/584/291 398/741/398
f 291/584/291 369/740/369 275/485/275
vt 0.490470 0.462803
vt 0.494640 0.460265
f 280/688/280 302/742/302 322/743/322
vt 0.500972 0.461299
f 288/744/288 280/688/280 322/743/322
vt 0.974585 0.795813
f 314/691/314 330/693/330 364/745/364
vt 0.359981 0.865473
vt 0.361448 0.868791
f 319/746/319 296/747/296 324/716/324
vt 0.968421 0.806718
vt 0.964057 0.795843
vt 0.969156 0.804002
f 311/748/311 437/749/437 330/750/330
f 331/730/331 333/724/333 219/723/219
f 298/462/298 321/641/321 331/730/331
vt 0.630307 0.591841
f 326/751/326 294/540/294 316/702/316
f 275/485/275 369/740/369 348/706/348
f 242/576/242 338/736/338 363/715/363
vt 0.455523 0.613455
f 278/726/278 317/752/317 303/721/303
vt 0.461671 0.616443
f 304/753/304 317/752/317 278/726/278
f 261/697/261 349/696/349 313/725/313
vt 0.483468 0.464298
f 302/742/302 249/607/249 333/754/333
f 329/698/329 365/461/365 252/291/252
vt 0.314874 0.183017
vt 0.314636 0.180243
vt 0.316818 0.180009
f 296/755/296 319/756/319 343/757/343
vt 0.627072 0.585286
vt 0.623164 0.582123
vt 0.626671 0.582617
f 320/758/320 274/759/274 332/760/332
vt 0.438154 0.602021
f 308/731/308 289/675/289 350/761/350
vt 0.041564 0.331482
vt 0.043086 0.330775
f 316/762/316 307/737/307 320/763/320
f 306/619/306 350/761/350 289/675/289
vt 0.447931 0.606516
f 350/761/350 306/619/306 342/764/342
vt 0.303096 0.481655
vt 0.304957 0.481330
vt 0.303478 0.483639
f 296/765/296 343/766/343 335/767/335
vt 0.654801 0.617172
f 372/704/372 393/768/393 305/685/305
vt 0.427744 0.582410
f 293/630/293 332/769/332 274/655/274
vt 0.282700 0.505292
vt 0.286350 0.501101
f 328/770/328 321/641/321 337/771/337
vt 0.637075 0.598394
f 292/670/292 294/540/294 325/772/325
vt 0.923553 0.532852
f 323/627/323 377/773/377 291/584/291
f 325/772/325 294/540/294 326/751/326
vt 0.327293 0.911672
f 349/696/349 295/664/295 362/774/362
vt 0.342443 0.871621
f 297/667/297 286/620/286 416/775/416
vt 0.287243 0.439643
vt 0.281192 0.437033
f 336/651/336 288/776/288 368/777/368
vt 0.628455 0.982445
vt 0.630513 0.988951
f 490/778/490 221/680/221 348/779/348
f 306/619/306 303/721/303 342/764/342
f 290/598/290 360/637/360 353/739/353
f 332/769/332 293/630/293 312/690/312
vt 0.315373 0.179279
f 343/757/343 319/756/319 324/780/324
vt 0.304827 0.485249
vt 0.306716 0.488268
f 334/720/334 335/781/335 340/782/340
vt 0.961877 0.805300
f 437/749/437 311/748/311 334/783/334
vt 0.320550 0.181735
vt 0.318139 0.183177
vt 0.317902 0.179760
f 341/784/341 335/785/335 343/786/343
vt 0.642116 0.606731
f 292/670/292 378/787/378 283/504/283
vt 0.758802 0.280945
vt 0.754548 0.280304
vt 0.759890 0.278023
f 340/788/340 335/789/335 341/790/341
vt 0.312481 0.932284
f 285/638/285 339/639/339 375/791/375
f 331/730/331 321/641/321 328/770/328
vt 0.981142 0.793006
vt 0.985538 0.796543
f 314/691/314 337/792/337 321/793/321
vt 0.316389 0.922164
f 310/632/310 285/638/285 380/794/380
f 320/758/320 326/751/326 316/702/316
vt 0.631520 0.978318
f 466/795/466 327/515/327 221/680/221
vt 0.281852 0.442602
f 368/777/368 288/776/288 322/796/322
vt 0.305569 0.955453
f 363/715/363 338/736/338 354/797/354
vt 0.935171 0.518380
vt 0.929863 0.526691
f 463/798/463 565/799/565 323/627/323
vt 0.321755 0.178739
f 341/784/341 343/786/343 370/800/370
vt 0.322112 0.914538
f 310/632/310 344/801/344 295/664/295
vt 0.665472 0.633883
vt 0.658215 0.632901
f 305/685/305 354/802/354 338/803/338
vt 0.836784 0.862946
f 318/601/318 480/804/480 347/738/347
f 344/801/344 362/774/362 295/664/295
f 265/575/265 463/798/463 323/627/323
f 368/777/368 304/734/304 336/651/336
vt 0.924185 0.507059
vt 0.918968 0.506240
f 379/805/379 265/575/265 373/806/373
f 347/694/347 373/806/373 265/575/265
vt 0.329120 0.900466
f 349/696/349 355/807/355 313/725/313
f 372/704/372 283/504/283 378/787/378
vt 0.841149 0.875181
f 476/808/476 318/601/318 272/489/272
vt 0.428609 0.592981
f 346/809/346 312/690/312 308/731/308
vt 0.277646 0.513161
f 333/724/333 331/730/331 422/810/422
vt 0.957137 0.804349
f 340/811/340 437/749/437 334/783/334
vt 0.757257 0.277814
vt 0.758327 0.277713
f 370/812/370 345/813/345 341/790/341
vt 0.424990 0.584257
vt 0.422431 0.586031
f 320/814/320 332/769/332 359/815/359
vt 0.636008 0.593270
f 326/751/326 366/816/366 325/772/325
vt 0.302609 0.948036
f 339/639/339 363/715/363 409/817/409
vt 0.324291 0.908626
f 371/818/371 349/696/349 362/774/362
f 337/792/337 314/691/314 364/745/364
vt 0.454383 0.620694
f 317/752/317 304/753/304 387/819/387
vt 0.279414 0.442723
vt 0.277000 0.440114
f 322/796/322 357/820/357 374/821/374
vt 0.928494 0.510576
f 379/805/379 361/822/361 265/575/265
vt 0.353893 0.861786
vt 0.360257 0.862648
f 324/716/324 351/823/351 343/824/343
vt 0.491566 0.457953
f 302/742/302 357/825/357 322/743/322
vt 0.358130 0.857838
f 370/826/370 343/824/343 351/823/351
f 368/777/368 322/796/322 374/821/374
vt 0.977011 0.789017
f 364/745/364 381/827/381 337/792/337
f 364/745/364 330/693/330 437/749/437
vt 0.484275 0.457225
f 302/742/302 333/754/333 395/828/395
f 332/769/332 312/690/312 346/809/346
f 353/739/353 416/775/416 286/620/286
vt 0.304284 0.943119
f 375/791/375 339/639/339 405/829/405
vt 0.289733 0.509440
f 337/771/337 404/830/404 328/770/328
f 285/638/285 375/791/375 380/794/380
vt 0.347602 0.866463
f 297/667/297 403/831/403 324/716/324
vt 0.956245 0.799352
f 340/811/340 367/832/367 437/749/437
vt 0.039658 0.396997
f 139/499/139 301/642/301 415/833/415
f 361/822/361 463/798/463 265/575/265
vt 0.447812 0.614454
f 426/834/426 342/764/342 303/721/303
f 490/778/490 466/795/466 221/680/221
f 303/721/303 317/752/317 426/834/426
f 424/705/424 476/808/476 272/489/272
vt 0.334695 0.880569
f 400/835/400 353/739/353 360/637/360
f 346/809/346 359/815/359 332/769/332
f 357/825/357 302/742/302 395/828/395
vt 0.954083 0.804254
vt 0.947005 0.803215
f 367/832/367 340/836/340 388/837/388
vt 0.463337 0.621840
f 368/838/368 387/819/387 304/753/304
vt 0.766608 0.276991
f 388/839/388 340/788/340 341/790/341
vt 0.663442 0.627914
f 354/802/354 305/685/305 384/840/384
vt 0.273642 0.453281
vt 0.267232 0.455870
vt 0.269059 0.451512
f 333/841/333 422/842/422 385/843/385
vt 0.332564 0.891738
f 414/844/414 358/671/358 313/725/313
f 325/772/325 378/787/378 292/670/292
vt 0.602485 0.343679
vt 0.601582 0.347875
vt 0.599807 0.343988
f 362/845/362 344/846/344 371/847/371
f 313/725/313 355/807/355 414/844/414
f 384/840/384 305/685/305 393/768/393
vt 0.633696 0.585436
f 326/751/326 320/758/320 359/848/359
vt 0.777527 0.416916
f 415/708/415 394/849/394 352/432/352
vt 0.272704 0.447250
f 395/850/395 333/841/333 385/843/385
f 377/773/377 323/627/323 565/799/565
vt 0.782880 0.408902
f 315/851/315 352/432/352 394/849/394
vt 0.292079 0.504554
f 404/830/404 337/771/337 381/852/381
vt 0.427791 0.597587
f 308/731/308 429/853/429 346/809/346
vt 0.767928 0.271486
f 388/839/388 341/790/341 383/854/383
f 351/823/351 324/716/324 403/831/403
vt 0.652291 0.607867
f 393/768/393 372/704/372 442/855/442
f 409/817/409 405/829/405 339/639/339
vt 0.359896 0.854922
vt 0.354363 0.851170
f 345/856/345 370/826/370 376/857/376
vt 0.462456 0.625137
f 387/819/387 368/838/368 374/858/374
vt 0.641237 0.974481
f 327/515/327 500/859/500 421/512/421
f 349/696/349 371/818/371 355/807/355
vt 0.323368 0.905032
f 355/807/355 371/818/371 399/860/399
f 422/810/422 331/730/331 328/770/328
f 400/835/400 360/637/360 358/671/358
vt 0.138092 0.602381
f 270/346/270 454/700/454 356/861/356
f 416/775/416 353/739/353 400/835/400
f 308/731/308 350/761/350 429/853/429
vt 0.945827 0.797568
f 367/832/367 388/837/388 456/862/456
f 403/831/403 297/667/297 416/775/416
vt 0.761340 0.273553
vt 0.767562 0.271577
f 345/863/345 383/864/383 341/790/341
f 351/823/351 376/857/376 370/826/370
f 377/773/377 398/741/398 291/584/291
vt 0.359896 0.850028
vt 0.359679 0.853406
f 376/857/376 383/865/383 345/866/345
f 310/632/310 380/794/380 344/801/344
vt 0.492488 0.455861
vt 0.491229 0.454236
f 374/867/374 357/825/357 390/868/390
vt 0.640140 0.588509
f 326/751/326 359/848/359 391/869/391
vt 0.300888 0.950433
f 363/715/363 408/870/408 409/817/409
vt 0.438959 0.610179
f 406/871/406 342/764/342 426/834/426
vt 0.843009 0.859111
f 347/738/347 480/804/480 373/872/373
f 426/834/426 317/752/317 387/819/387
f 350/761/350 342/764/342 406/871/406
vt 0.620495 0.982582
vt 0.623106 0.989806
f 550/873/550 348/779/348 369/874/369
vt 0.349932 0.856355
f 403/831/403 407/875/407 351/823/351
vt 0.772151 0.272462
f 396/876/396 388/839/388 383/854/383
vt 0.596872 0.350534
vt 0.602293 0.354562
f 427/877/427 344/846/344 380/878/380
f 366/816/366 326/751/326 391/869/391
vt 0.417128 0.587989
f 391/879/391 359/815/359 346/809/346
vt 0.846265 0.894810
f 365/461/365 523/880/523 424/705/424
vt 0.331858 0.884113
f 358/671/358 414/844/414 389/881/389
vt 0.935863 0.509964
f 361/822/361 510/882/510 463/798/463
f 408/870/408 363/715/363 354/797/354
f 376/857/376 351/823/351 407/875/407
vt 0.216469 0.845098
vt 0.224803 0.852494
vt 0.218588 0.854552
f 407/883/407 403/884/403 382/885/382
vt 0.303434 0.928721
f 380/794/380 375/791/375 428/886/428
vt 0.462216 0.628049
f 390/887/390 387/819/387 374/858/374
vt 0.487582 0.455231
f 357/825/357 435/888/435 390/868/390
f 435/888/435 357/825/357 395/828/395
vt 0.642788 0.594837
f 366/816/366 434/889/434 325/772/325
vt 0.646082 0.601261
f 325/772/325 386/890/386 378/787/378
vt 0.932777 0.505644
f 379/805/379 518/891/518 361/822/361
vt 0.270135 0.444489
f 385/843/385 435/892/435 395/850/395
f 442/855/442 372/704/372 378/787/378
f 428/886/428 375/791/375 405/829/405
vt 0.322842 0.902041
vt 0.324760 0.895474
f 399/893/399 471/894/471 355/807/355
f 523/880/523 365/461/365 329/698/329
vt 0.845896 0.905437
f 503/895/503 523/880/523 329/698/329
vt 0.328030 0.894081
f 471/894/471 414/896/414 355/807/355
vt 0.985755 0.789947
vt 0.981470 0.788461
vt 0.978682 0.782859
f 328/897/328 404/898/404 455/899/455
vt 0.424946 0.604515
f 401/900/401 429/853/429 350/761/350
f 400/835/400 358/671/358 389/881/389
f 344/846/344 427/877/427 371/847/371
vt 0.974221 0.789216
f 381/827/381 364/745/364 436/901/436
vt 0.454792 0.628897
f 390/887/390 402/902/402 387/819/387
vt 0.431795 0.605400
f 406/871/406 412/903/412 350/761/350
vt 0.971520 0.787861
f 436/904/436 364/745/364 437/749/437
vt 0.771752 0.268436
f 383/854/383 397/905/397 396/876/396
vt 0.359159 0.844870
f 376/857/376 397/906/397 383/865/383
vt 0.593492 0.341970
vt 0.594904 0.345276
f 399/907/399 371/847/371 432/908/432
vt 0.322814 0.355797
vt 0.323390 0.352943
vt 0.329787 0.357085
f 453/909/453 389/910/389 414/911/414
vt 0.670397 0.619297
f 384/840/384 393/768/393 519/912/519
vt 0.951703 0.788878
f 437/749/437 367/832/367 392/913/392
vt 0.989112 0.782605
f 422/914/422 328/897/328 455/899/455
vt 0.147167 0.594926
vt 0.143869 0.599961
f 356/861/356 527/915/527 299/916/299
f 442/855/442 378/787/378 386/890/386
vt 0.297203 0.505666
f 404/830/404 381/852/381 436/917/436
vt 0.221676 0.859575
f 382/885/382 403/884/403 447/918/447
vt 0.939970 0.803421
f 388/837/388 396/919/396 456/862/456
vt 0.923945 0.544186
f 377/773/377 450/920/450 398/741/398
vt 0.122022 0.207776
vt 0.118140 0.207460
vt 0.120906 0.204113
f 419/921/419 396/922/396 397/923/397
vt 0.643807 0.591859
f 366/816/366 444/924/444 434/889/434
f 480/804/480 318/601/318 476/808/476
vt 0.444796 0.621510
f 426/834/426 387/819/387 420/925/420
vt 0.923394 0.504805
vt 0.928244 0.503138
f 373/926/373 522/927/522 379/805/379
vt 0.332310 0.872548
f 416/775/416 400/835/400 418/928/418
vt 0.419485 0.594985
f 440/929/440 391/879/391 346/809/346
vt 0.465057 0.633385
f 402/902/402 390/887/390 435/930/435
vt 0.776233 0.405950
f 394/849/394 448/931/448 315/851/315
vt 0.122331 0.211367
f 396/922/396 419/921/419 425/932/425
vt 0.619496 0.989750
f 398/933/398 550/873/550 369/874/369
vt 0.214647 0.849077
f 382/885/382 417/934/417 407/883/407
vt 0.338102 0.868251
f 403/831/403 416/775/416 447/935/447
f 440/929/440 346/809/346 429/853/429
vt 0.299455 0.939477
f 428/886/428 405/829/405 413/936/413
vt 0.852911 0.913589
f 448/937/448 329/698/329 315/695/315
vt 0.677954 0.634528
f 354/802/354 384/840/384 491/938/491
vt 0.431235 0.611277
f 412/903/412 406/871/406 441/939/441
f 427/877/427 432/908/432 371/847/371
f 412/903/412 401/900/401 350/761/350
vt 0.299317 0.943007
f 465/940/465 405/829/405 409/817/409
f 444/924/444 366/816/366 391/869/391
vt 0.321674 0.898723
f 471/894/471 399/893/399 482/941/482
f 550/873/550 490/778/490 348/779/348
vt 0.326659 0.892016
vt 0.324592 0.895437
vt 0.323451 0.888512
f 414/942/414 471/943/471 481/944/481
vt 0.327482 0.885583
f 481/944/481 453/945/453 414/942/414
vt 0.307143 0.920913
f 380/794/380 428/886/428 446/946/446
vt 0.988377 0.777142
vt 0.989731 0.780238
f 422/914/422 411/947/411 385/948/385
vt 0.456985 0.632482
f 435/930/435 410/949/410 402/902/402
vt 0.775140 0.411292
f 448/931/448 394/849/394 483/950/483
vt 0.350798 0.850696
f 407/875/407 431/951/431 376/857/376
f 466/795/466 500/859/500 327/515/327
vt 0.936092 0.800359
f 456/862/456 396/919/396 425/952/425
vt 0.981211 0.777803
f 455/899/455 438/953/438 422/914/422
f 392/913/392 367/832/367 456/862/456
vt 0.045852 0.387782
vt 0.044775 0.393018
f 493/954/493 587/955/587 299/587/299
vt 0.649501 0.596616
f 325/772/325 434/889/434 486/956/486
f 402/902/402 420/925/420 387/819/387
vt 0.780409 0.423528
f 494/957/494 394/849/394 415/708/415
f 299/587/299 587/955/587 301/642/301
vt 0.298936 0.510562
f 404/830/404 436/917/436 462/958/462
vt 0.320536 0.349419
vt 0.318279 0.352180
vt 0.316280 0.345805
f 389/959/389 453/960/453 400/961/400
vt 0.298403 0.942605
f 465/962/465 413/936/413 405/829/405
vt 0.787417 0.426763
f 494/957/494 415/708/415 301/963/301
vt 0.123637 0.204328
f 397/923/397 467/964/467 419/921/419
vt 0.125635 0.205940
f 419/921/419 467/964/467 433/965/433
vt 0.262598 0.451778
f 385/843/385 411/966/411 435/892/435
vt 0.313525 0.913336
f 380/794/380 446/946/446 427/967/427
vt 0.437623 0.618788
f 458/968/458 406/871/406 426/834/426
vt 0.686699 0.097553
vt 0.681554 0.096901
vt 0.683838 0.094292
f 408/969/408 474/970/474 409/971/409
f 420/925/420 458/968/458 426/834/426
vt 0.317005 0.907266
vt 0.316274 0.902479
f 399/893/399 432/972/432 478/973/478
vt 0.644534 0.589405
f 444/924/444 391/869/391 445/974/445
vt 0.296992 0.931845
f 428/886/428 413/936/413 443/975/443
vt 0.839128 0.883922
f 506/976/506 476/808/476 424/705/424
vt 0.210545 0.845493
f 423/977/423 407/883/407 417/934/417
f 325/772/325 486/956/486 386/890/386
vt 0.211022 0.841036
f 423/977/423 431/978/431 407/883/407
f 422/914/422 438/953/438 411/947/411
f 522/927/522 518/891/518 379/805/379
vt 0.417379 0.597917
f 401/900/401 452/979/452 429/853/429
vt 0.127736 0.208174
f 425/932/425 419/921/419 457/980/457
vt 0.356767 0.841938
f 397/906/397 376/857/376 467/981/467
vt 0.967949 0.786818
vt 0.961647 0.785257
f 436/982/436 437/749/437 430/983/430
vt 0.681343 0.093591
f 465/984/465 409/971/409 474/970/474
vt 0.457340 0.639034
f 410/949/410 435/930/435 439/985/439
vt 0.686254 0.099568
vt 0.688050 0.098541
f 491/986/491 408/969/408 354/987/354
vt 0.319320 0.897883
f 482/988/482 399/893/399 478/973/478
vt 0.311725 0.345363
f 400/961/400 453/960/453 418/989/418
vt 0.356425 0.834619
vt 0.359212 0.840019
f 467/981/467 449/990/449 433/991/433
f 416/775/416 418/928/418 447/935/447
f 419/921/419 433/965/433 457/980/457
f 454/700/454 527/915/527 356/861/356
vt 0.306025 0.915211
f 427/967/427 446/946/446 514/992/514
vt 0.351456 0.179093
vt 0.346901 0.184469
vt 0.347420 0.179778
f 391/993/391 440/994/440 445/995/445
vt 0.347057 0.180504
vt 0.342922 0.184785
f 445/996/445 440/994/440 452/997/452
vt 0.433756 0.616192
f 441/939/441 406/871/406 475/998/475
vt 0.682356 0.099474
f 474/970/474 408/969/408 491/999/491
f 458/968/458 475/998/475 406/871/406
vt 0.462718 0.642263
f 451/1000/451 439/985/439 435/930/435
vt 0.409901 0.262390
vt 0.408407 0.258988
vt 0.411573 0.260716
f 486/1001/486 434/1002/434 487/1003/487
vt 0.418179 0.597323
f 440/1004/440 429/853/429 452/979/452
f 401/900/401 412/903/412 441/939/441
vt 0.614366 0.984794
vt 0.612309 0.990150
f 566/1005/566 550/873/550 450/1006/450
f 450/1006/450 550/873/550 398/933/398
vt 0.411586 0.257013
f 444/1007/444 487/1003/487 434/1002/434
vt 0.638402 0.964373
f 609/1008/609 421/512/421 500/859/500
f 609/1008/609 300/712/300 421/512/421
vt 0.667726 0.607076
f 519/912/519 393/768/393 672/1009/672
vt 0.291241 0.512293
f 455/1010/455 404/830/404 462/958/462
vt 0.311856 0.907918
f 432/972/432 427/967/427 497/1011/497
vt 0.331771 0.869489
f 477/1012/477 447/935/447 418/928/418
vt 0.219104 0.864115
f 477/1013/477 382/885/382 447/918/447
f 430/983/430 437/749/437 392/913/392
vt 0.835647 0.854947
f 480/804/480 522/1014/522 373/872/373
vt 0.259317 0.448431
f 435/892/435 411/966/411 451/1015/451
vt 0.349115 0.844282
f 376/857/376 431/951/431 504/1016/504
vt 0.276038 0.319367
vt 0.277575 0.321532
vt 0.274702 0.321114
f 449/1017/449 457/1018/457 433/1019/433
f 467/981/467 376/857/376 504/1016/504
vt 0.934852 0.793655
f 392/913/392 456/862/456 464/1020/464
vt 0.930052 0.799476
f 425/952/425 460/1021/460 464/1020/464
vt 0.431682 0.079244
vt 0.431711 0.077667
vt 0.432563 0.080937
f 444/1022/444 445/1023/445 488/1024/488
vt 0.413418 0.590581
vt 0.412188 0.594571
f 445/1025/445 452/979/452 488/1026/488
vt 0.773644 0.513336
vt 0.772469 0.519597
vt 0.772032 0.510312
f 432/1027/432 497/1028/497 478/1029/478
vt 0.299064 0.922949
f 446/946/446 428/886/428 489/1030/489
vt 0.043387 0.394826
f 301/642/301 587/955/587 494/1031/494
vt 0.306212 0.508427
f 462/958/462 436/917/436 430/1032/430
vt 0.227802 0.159845
vt 0.230869 0.158766
vt 0.231985 0.161054
f 556/1033/556 413/1034/413 465/1035/465
vt 0.228438 0.157144
f 443/1036/443 413/1034/413 556/1033/556
f 510/882/510 361/822/361 518/891/518
vt 0.930914 0.800128
vt 0.932257 0.799985
f 457/1037/457 460/1021/460 425/1038/425
vt 0.203915 0.837897
f 504/1039/504 431/978/431 423/977/423
vt 0.280920 0.320452
vt 0.278814 0.316583
f 459/1040/459 457/1018/457 449/1041/449
f 448/937/448 503/895/503 329/698/329
vt 0.656318 0.096567
vt 0.653896 0.094765
vt 0.657163 0.094680
f 460/1042/460 457/1043/457 459/1044/459
vt 0.413241 0.596597
f 488/1026/488 452/979/452 508/1045/508
vt 0.653244 0.595847
f 486/956/486 496/1046/496 386/890/386
vt 0.444067 0.628051
vt 0.444760 0.632446
f 470/1047/470 402/902/402 512/1048/512
f 491/938/491 384/840/384 519/912/519
vt 0.438862 0.627443
f 479/1049/479 420/925/420 470/1047/470
f 402/902/402 410/949/410 512/1048/512
vt 0.935638 0.534520
f 377/773/377 469/1050/469 450/920/450
f 402/902/402 470/1047/470 420/925/420
vt 0.657639 0.598838
f 442/855/442 386/890/386 484/1051/484
vt 0.684587 0.631969
f 607/1052/607 491/938/491 519/912/519
vt 0.309119 0.910661
f 514/992/514 497/1053/497 427/967/427
vt 0.305116 0.921726
vt 0.303147 0.921120
f 446/1054/446 489/1030/489 495/1055/495
vt 0.777651 0.529785
vt 0.775033 0.524589
vt 0.782672 0.527686
f 495/1056/495 514/1057/514 446/1058/446
vt 0.039845 0.383966
f 527/1059/527 493/954/493 299/587/299
vt 0.971530 0.774455
f 438/953/438 455/899/455 492/1060/492
vt 0.332300 0.860437
vt 0.341887 0.858191
vt 0.338301 0.863896
f 517/1061/517 417/1062/417 382/1063/382
f 456/862/456 425/952/425 464/1020/464
vt 0.284144 0.319077
f 449/1041/449 468/1064/468 459/1040/459
vt 0.659132 0.099353
vt 0.656996 0.098512
vt 0.662868 0.095783
f 461/1065/461 460/1066/460 499/1067/499
vt 0.657293 0.094655
f 460/1066/460 459/1068/459 499/1067/499
f 458/968/458 420/925/420 479/1049/479
f 484/1051/484 386/890/386 496/1046/496
vt 0.414975 0.259811
f 488/1069/488 487/1003/487 444/1007/444
vt 0.322143 0.893761
vt 0.316084 0.894674
vt 0.313392 0.887151
f 471/1070/471 482/1071/482 574/1072/574
vt 0.414535 0.603130
f 401/900/401 511/1073/511 452/979/452
vt 0.969378 0.783706
f 455/899/455 462/1074/462 492/1060/492
vt 0.319341 0.358335
vt 0.315312 0.355443
vt 0.318483 0.352570
f 481/1075/481 472/1076/472 453/1077/453
vt 0.328359 0.880219
vt 0.320019 0.884056
vt 0.319876 0.876947
f 453/1078/453 472/1079/472 516/1080/516
vt 0.327783 0.876320
f 516/1080/516 418/1081/418 453/1078/453
vt 0.305592 0.513541
f 462/958/462 430/1032/430 473/1082/473
f 393/768/393 442/855/442 672/1009/672
vt 0.291608 0.935718
vt 0.295175 0.946426
f 556/1083/556 465/962/465 474/1084/474
vt 0.344732 0.853311
f 423/1085/423 417/1062/417 517/1061/517
vt 0.660367 0.092875
f 459/1068/459 468/1086/468 499/1067/499
vt 0.282065 0.316382
f 468/1064/468 449/1041/449 509/1087/509
vt 0.925393 0.796009
f 464/1020/464 460/1021/460 461/1088/461
vt 0.350924 0.833301
f 449/990/449 467/981/467 502/1089/502
vt 0.651465 0.594384
f 486/956/486 487/1090/487 496/1046/496
f 574/1072/574 472/1079/472 471/1070/471
f 481/944/481 471/1070/471 472/1079/472
vt 0.438587 0.082188
vt 0.434210 0.082893
vt 0.432785 0.081102
f 508/1091/508 498/1092/498 488/1093/488
vt 0.770286 0.419133
vt 0.770411 0.408923
f 589/1094/589 554/1095/554 483/950/483
f 483/950/483 394/849/394 589/1094/589
vt 0.962486 0.781374
vt 0.964869 0.777774
f 462/1074/462 473/1096/473 505/1097/505
f 467/981/467 504/1016/504 502/1089/502
f 565/799/565 469/1050/469 377/773/377
vt 0.294790 0.949614
vt 0.290252 0.946634
f 491/1098/491 619/1099/619 474/1084/474
vt 0.286947 0.941572
f 474/1084/474 555/1100/555 556/1083/556
vt 0.826911 0.861733
f 480/804/480 722/1101/722 522/1014/522
f 443/975/443 489/1030/489 428/886/428
vt 0.325292 0.871270
f 477/1012/477 418/928/418 546/1102/546
vt 0.315997 0.894793
vt 0.312921 0.899748
vt 0.309358 0.898468
f 482/1103/482 478/1104/478 515/1105/515
vt 0.425465 0.614701
f 441/939/441 475/998/475 513/1106/513
vt 0.214054 0.861108
vt 0.212148 0.863158
f 517/1107/517 477/1013/477 507/1108/507
f 382/885/382 477/1013/477 517/1107/517
vt 0.412764 0.264718
vt 0.416871 0.261976
f 496/1109/496 487/1003/487 498/1110/498
f 488/1069/488 498/1110/498 487/1003/487
f 619/1099/619 555/1100/555 474/1084/474
vt 0.562388 0.246749
vt 0.562459 0.250175
vt 0.554995 0.250806
f 475/1111/475 458/1112/458 542/1113/542
vt 0.557295 0.253902
f 542/1113/542 458/1112/458 479/1114/479
f 441/939/441 513/1106/513 401/900/401
vt 0.412658 0.598621
f 511/1073/511 508/1115/508 452/979/452
vt 0.203159 0.843443
f 545/1116/545 504/1039/504 423/977/423
vt 0.448985 0.637910
f 439/985/439 485/1117/485 410/949/410
f 672/1009/672 442/855/442 484/1051/484
vt 0.932812 0.502073
f 522/927/522 534/1118/534 518/891/518
vt 0.938423 0.506346
f 510/882/510 518/891/518 622/1119/622
vt 0.256870 0.452635
vt 0.253140 0.452900
f 451/1015/451 411/1120/411 526/1121/526
vt 0.983361 0.773709
f 411/947/411 438/953/438 526/1122/526
vt 0.354425 0.831503
f 509/1123/509 449/990/449 502/1089/502
f 418/928/418 516/1080/516 546/1102/546
vt 0.054719 0.289468
vt 0.050451 0.287349
vt 0.052114 0.284170
f 531/1124/531 468/1125/468 509/1126/509
vt 0.049730 0.290717
f 499/1127/499 468/1125/468 531/1124/531
vt 0.852873 0.919254
vt 0.855015 0.918207
f 554/1128/554 448/937/448 483/1129/483
f 424/705/424 523/880/523 506/976/506
vt 0.216992 0.869041
f 546/1130/546 507/1108/507 477/1013/477
vt 0.414329 0.609096
f 511/1073/511 401/900/401 501/1131/501
vt 0.416800 0.265847
f 498/1110/498 528/1132/528 496/1109/496
vt 0.419888 0.261000
vt 0.419645 0.261538
f 498/1110/498 508/1133/508 524/1134/524
f 485/1117/485 512/1048/512 410/949/410
f 492/1060/492 462/1074/462 505/1097/505
vt 0.769560 0.517095
f 497/1028/497 569/1135/569 478/1029/478
vt 0.684579 0.635416
f 491/938/491 607/1052/607 619/1136/619
vt 0.766429 0.512269
f 478/1029/478 569/1135/569 515/1137/515
vt 0.337175 0.853834
f 423/1085/423 517/1061/517 536/1138/536
vt 0.345514 0.839095
f 502/1089/502 504/1016/504 525/1139/525
vt 0.955851 0.781457
f 392/913/392 535/1140/535 430/983/430
vt 0.050256 0.294354
vt 0.052819 0.294553
f 558/1141/558 499/1127/499 561/1142/561
vt 0.053451 0.292702
f 539/1143/539 561/1142/561 499/1127/499
vt 0.658797 0.595556
f 484/1051/484 496/1046/496 528/1144/528
vt 0.296003 0.924790
vt 0.293792 0.927168
f 489/1145/489 443/975/443 568/1146/568
vt 0.459492 0.646422
f 439/985/439 451/1000/451 537/1147/537
vt 0.444514 0.636452
f 485/1117/485 544/1148/544 512/1048/512
vt 0.653357 0.591258
vt 0.657387 0.590366
f 528/1144/528 498/1149/498 524/1150/524
vt 0.771296 0.528288
f 614/1151/614 514/1057/514 495/1056/495
f 589/1094/589 394/849/394 494/957/494
vt 0.206907 0.846932
vt 0.204934 0.854339
vt 0.200119 0.849389
f 423/1152/423 536/1153/536 581/1154/581
f 545/1116/545 423/1152/423 581/1154/581
vt 0.197583 0.836513
vt 0.200982 0.840692
f 525/1155/525 504/1039/504 545/1156/545
vt 0.352866 0.828272
f 502/1089/502 557/1157/557 509/1123/509
vt 0.428989 0.621402
f 530/1158/530 513/1106/513 475/998/475
vt 0.307384 0.890755
f 482/1071/482 515/1105/515 625/1159/625
vt 0.431903 0.623663
f 542/1160/542 530/1158/530 475/998/475
vt 0.440853 0.630822
f 479/1049/479 470/1047/470 532/1161/532
f 512/1048/512 532/1161/532 470/1047/470
vt 0.416944 0.612164
f 513/1106/513 551/1162/551 401/900/401
vt 0.293842 0.917842
vt 0.297510 0.913474
vt 0.301039 0.918590
f 575/1163/575 614/1164/614 495/1165/495
vt 0.664552 0.598965
f 672/1009/672 484/1051/484 543/1166/543
vt 0.411942 0.602737
f 508/1115/508 511/1073/511 520/1167/520
vt 0.623576 0.972430
f 637/1168/637 490/778/490 550/873/550
vt 0.832663 0.852680
f 722/1101/722 534/1169/534 522/1014/522
vt 0.311387 0.512282
f 473/1082/473 430/1032/430 535/1170/535
vt 0.783406 0.541054
vt 0.783250 0.543806
vt 0.778831 0.541484
f 443/1171/443 556/1172/556 568/1173/568
vt 0.649876 0.962000
f 609/1008/609 634/1174/634 300/712/300
vt 0.210423 0.870333
f 507/1108/507 546/1130/546 613/1175/613
vt 0.930643 0.786412
f 538/1176/538 464/1020/464 461/1088/461
vt 0.922960 0.799028
vt 0.920208 0.791689
f 499/1177/499 558/1178/558 461/1088/461
vt 0.289928 0.317244
vt 0.285656 0.314855
vt 0.285019 0.313487
f 531/1179/531 509/1180/509 557/1181/557
vt 0.055495 0.290576
f 531/1182/531 539/1143/539 499/1127/499
vt 0.127790 0.595075
vt 0.132814 0.588280
f 300/1183/300 634/1184/634 454/700/454
f 501/1131/501 401/900/401 551/1162/551
vt 0.409497 0.598143
vt 0.407976 0.601255
f 524/1185/524 508/1115/508 541/1186/541
vt 0.942528 0.138093
vt 0.945621 0.141519
vt 0.941812 0.141191
f 551/1187/551 513/1188/513 529/1189/529
vt 0.056763 0.291643
vt 0.055857 0.292411
f 531/1182/531 547/1190/547 539/1191/539
vt 0.410789 0.601308
f 520/1167/520 541/1192/541 508/1115/508
vt 0.950411 0.781562
vt 0.939880 0.783243
f 564/1193/564 392/913/392 615/1194/615
vt 0.450683 0.641768
f 577/1195/577 485/1117/485 439/985/439
vt 0.408227 0.078460
vt 0.411829 0.080230
vt 0.409444 0.081429
f 439/1196/439 521/1197/521 577/1198/577
f 464/1020/464 615/1194/615 392/913/392
vt 0.455938 0.643350
f 537/1147/537 521/1199/521 439/985/439
vt 0.679219 0.612096
f 519/912/519 672/1009/672 595/1200/595
vt 0.251278 0.450523
f 526/1121/526 537/1201/537 451/1015/451
vt 0.761717 0.193247
vt 0.764145 0.195035
vt 0.761886 0.196335
f 520/1202/520 511/1203/511 501/1204/501
f 500/859/500 466/795/466 609/1008/609
vt 0.289452 0.313250
f 578/1205/578 531/1179/531 557/1181/557
vt 0.296806 0.919535
f 575/1163/575 495/1165/495 489/1206/489
vt 0.768625 0.522231
f 552/1207/552 497/1028/497 514/1057/514
vt 0.766132 0.518156
f 552/1207/552 569/1208/569 497/1028/497
vt 0.310364 0.880619
f 516/1080/516 472/1079/472 533/1209/533
vt 0.941133 0.540652
f 450/920/450 469/1050/469 594/1210/594
vt 0.263707 0.185099
vt 0.261773 0.182391
vt 0.266197 0.181338
f 561/1211/561 539/1212/539 549/1213/549
vt 0.956668 0.774425
f 505/1097/505 473/1096/473 600/1214/600
vt 0.266325 0.178737
f 549/1213/549 539/1212/539 547/1215/547
vt 0.944533 0.144564
vt 0.941583 0.146035
vt 0.940867 0.145964
f 513/1216/513 530/1217/530 540/1218/540
vt 0.310909 0.516134
f 473/1082/473 535/1170/535 588/1219/588
vt 0.947685 0.527649
f 463/798/463 692/1220/692 565/799/565
f 392/913/392 564/1193/564 535/1140/535
f 538/1176/538 461/1088/461 558/1178/558
vt 0.284754 0.943185
f 555/1100/555 619/1099/619 553/1221/553
vt 0.193711 0.828816
vt 0.195113 0.834849
vt 0.193607 0.837541
f 502/1222/502 525/1223/525 572/1224/572
vt 0.981562 0.771947
vt 0.976059 0.769123
f 526/1225/526 438/953/438 580/1226/580
vt 0.432418 0.630935
f 593/1227/593 542/1160/542 479/1049/479
vt 0.775065 0.427128
f 494/957/494 664/1228/664 589/1094/589
vt 0.294809 0.317275
vt 0.293120 0.313686
f 547/1229/547 531/1179/531 548/1230/548
f 578/1205/578 548/1230/548 531/1179/531
vt 0.313813 0.883254
f 574/1072/574 533/1231/533 472/1079/472
f 574/1072/574 482/1071/482 625/1159/625
f 543/1166/543 484/1051/484 528/1144/528
vt 0.849171 0.917473
f 787/1232/787 448/937/448 554/1128/554
vt 0.437762 0.631207
f 593/1227/593 479/1049/479 532/1233/532
vt 0.051409 0.396084
vt 0.045365 0.395021
f 587/955/587 664/1234/664 494/1235/494
vt 0.299417 0.911274
vt 0.296719 0.912206
vt 0.299147 0.908191
f 514/1236/514 614/1237/614 552/1238/552
vt 0.423512 0.617204
vt 0.420252 0.618399
vt 0.421982 0.615397
f 513/1239/513 540/1240/540 529/1241/529
vt 0.829704 0.870205
f 476/808/476 675/1242/675 480/804/480
vt 0.686620 0.624226
f 607/1052/607 519/912/519 559/1243/559
vt 0.413668 0.082265
f 601/1244/601 577/1198/577 521/1197/521
vt 0.454374 0.647876
f 537/1147/537 601/1245/601 521/1199/521
vt 0.341540 0.843016
vt 0.333686 0.848547
vt 0.335420 0.843342
f 545/1246/545 581/1247/581 571/1248/571
vt 0.250022 0.452437
f 580/1249/580 537/1201/537 526/1121/526
vt 0.187338 0.825055
vt 0.186289 0.829414
f 557/1250/557 502/1222/502 624/1251/624
vt 0.340917 0.838601
f 525/1139/525 545/1246/545 572/1252/572
vt 0.779556 0.534296
vt 0.774618 0.535901
f 489/1253/489 568/1173/568 575/1254/575
vt 0.314838 0.877163
f 621/1255/621 516/1080/516 533/1209/533
f 615/1194/615 464/1020/464 538/1176/538
vt 0.310622 0.518108
f 473/1082/473 588/1219/588 600/1256/600
vt 0.317210 0.871738
f 546/1102/546 516/1080/516 605/1257/605
vt 0.212672 0.876329
f 605/1258/605 613/1175/613 546/1130/546
vt 0.638849 0.308626
vt 0.639250 0.305705
vt 0.644860 0.309304
f 549/1259/549 547/1260/547 646/1261/646
vt 0.664591 0.592145
f 543/1166/543 528/1144/528 576/1262/576
vt 0.331239 0.855515
vt 0.325004 0.853162
f 581/1247/581 536/1263/536 590/1264/590
f 576/1262/576 528/1144/528 524/1150/524
vt 0.660910 0.590417
f 541/1265/541 576/1262/576 524/1150/524
vt 0.251593 0.205475
vt 0.248879 0.205009
vt 0.253534 0.202992
f 588/1266/588 535/1267/535 564/1268/564
vt 0.837889 0.895049
f 503/895/503 685/1269/685 523/880/523
vt 0.831702 0.878762
f 506/976/506 582/1270/582 476/808/476
f 572/1224/572 624/1251/624 502/1222/502
vt 0.458043 0.649285
f 601/1245/601 537/1147/537 567/1271/567
f 637/1168/637 466/795/466 490/778/490
vt 0.781746 0.557811
vt 0.785963 0.553854
vt 0.786540 0.557114
f 598/1272/598 555/1273/555 553/1274/553
vt 0.284463 0.935310
f 556/1083/556 555/1100/555 562/1275/562
vt 0.937913 0.501399
f 534/1118/534 570/1276/570 518/891/518
vt 0.304033 0.903301
vt 0.300817 0.899164
f 569/1277/569 552/1238/552 617/1278/617
vt 0.421826 0.622273
f 585/1279/585 540/1240/540 530/1158/530
vt 0.767084 0.330715
vt 0.765964 0.333186
vt 0.763030 0.331500
f 532/1280/532 512/1281/512 560/1282/560
f 438/953/438 492/1060/492 580/1226/580
vt 0.947087 0.513900
f 463/798/463 510/882/510 616/1283/616
vt 0.827542 0.855239
f 534/1169/534 722/1101/722 669/1284/669
vt 0.199519 0.862284
vt 0.208413 0.867395
f 661/1285/661 613/1175/613 592/1286/592
f 507/1108/507 613/1175/613 661/1285/661
vt 0.328391 0.864145
f 517/1061/517 507/1287/507 590/1264/590
vt 0.781199 0.550977
f 562/1288/562 555/1273/555 598/1272/598
f 536/1263/536 517/1061/517 590/1264/590
vt 0.407991 0.601461
vt 0.411368 0.604378
vt 0.406775 0.605955
f 541/1289/541 520/1290/520 584/1291/584
f 616/1283/616 510/882/510 622/1119/622
vt 0.329252 0.019858
vt 0.323359 0.017248
vt 0.328633 0.018265
f 567/1292/567 537/1293/537 580/1294/580
vt 0.290006 0.928764
vt 0.285516 0.933508
f 568/1295/568 556/1083/556 562/1296/562
vt 0.286595 0.930924
f 666/1297/666 568/1295/568 562/1296/562
f 572/1252/572 545/1246/545 571/1248/571
vt 0.309817 0.887149
vt 0.305668 0.887165
f 574/1298/574 625/1159/625 563/1299/563
vt 0.214913 0.890036
vt 0.224674 0.887161
vt 0.220728 0.891846
f 653/1300/653 574/1301/574 563/1302/563
f 469/1050/469 565/799/565 692/1220/692
vt 0.641703 0.302469
vt 0.645772 0.304912
f 548/1303/548 579/1304/579 547/1260/547
vt 0.267754 0.182958
vt 0.269927 0.182281
f 561/1305/561 549/1213/549 603/1306/603
vt 0.761905 0.515157
vt 0.759640 0.516645
vt 0.762054 0.510922
f 569/1307/569 617/1308/617 515/1309/515
vt 0.762880 0.335852
f 512/1281/512 544/1310/544 560/1282/560
vt 0.758539 0.509340
f 625/1311/625 515/1309/515 617/1308/617
vt 0.444084 0.640172
f 544/1148/544 485/1117/485 610/1312/610
vt 0.943860 0.502987
f 518/891/518 663/1313/663 622/1119/622
vt 0.445411 0.641594
f 485/1117/485 577/1195/577 649/1314/649
vt 0.766993 0.529007
vt 0.761455 0.527495
vt 0.766980 0.524784
f 614/1315/614 654/1316/654 552/1317/552
vt 0.146066 0.587561
f 634/1184/634 800/1318/800 454/700/454
vt 0.760012 0.522653
f 552/1317/552 654/1316/654 573/1319/573
vt 0.406419 0.603348
vt 0.406371 0.604472
f 576/1320/576 541/1289/541 584/1321/584
vt 0.447929 0.647374
f 601/1245/601 641/1322/641 577/1195/577
vt 0.438713 0.633722
f 560/1323/560 593/1227/593 532/1233/532
vt 0.298117 0.904710
f 617/1278/617 552/1238/552 573/1324/573
f 585/1279/585 530/1158/530 542/1160/542
vt 0.426316 0.629542
f 542/1160/542 593/1227/593 586/1325/586
vt 0.758556 0.336454
f 560/1282/560 544/1310/544 610/1326/610
vt 0.968746 0.767497
f 580/1226/580 492/1060/492 630/1327/630
f 570/1276/570 663/1313/663 518/891/518
vt 0.959807 0.771223
f 492/1060/492 505/1097/505 620/1328/620
f 505/1097/505 600/1214/600 620/1328/620
vt 0.199564 0.858135
f 590/1329/590 507/1108/507 661/1285/661
vt 0.643517 0.312496
f 549/1259/549 646/1261/646 633/1330/633
vt 0.356090 0.819827
vt 0.353595 0.824368
vt 0.353000 0.817728
f 548/1331/548 578/1332/578 604/1333/604
vt 0.914463 0.794948
vt 0.911904 0.787357
f 561/1334/561 686/1335/686 558/1178/558
vt 0.645495 0.302103
f 579/1304/579 548/1303/548 604/1336/604
f 579/1304/579 646/1261/646 547/1260/547
vt 0.611533 0.980519
f 550/873/550 566/1005/566 611/1337/611
vt 0.756297 0.338269
vt 0.759559 0.341267
vt 0.754119 0.340609
f 649/1338/649 577/1339/577 647/1340/647
vt 0.921347 0.785606
f 645/1341/645 538/1176/538 558/1178/558
vt 0.772793 0.544351
vt 0.778728 0.545349
vt 0.777234 0.549800
f 591/1342/591 568/1343/568 666/1344/666
vt 0.941417 0.777047
f 599/1345/599 564/1193/564 615/1194/615
vt 0.325660 0.021059
vt 0.327582 0.021549
f 601/1346/601 567/1292/567 602/1347/602
vt 0.421133 0.624677
f 542/1160/542 658/1348/658 585/1279/585
vt 0.694224 0.636338
vt 0.690453 0.636587
f 598/1349/598 553/1350/553 619/1136/619
vt 0.771867 0.534504
f 575/1351/575 568/1173/568 591/1342/591
vt 0.780256 0.554269
f 652/1352/652 562/1288/562 598/1272/598
vt 0.409447 0.609818
f 584/1291/584 520/1290/520 596/1353/596
vt 0.640280 0.312745
f 633/1330/633 603/1354/603 549/1259/549
vt 0.768835 0.529336
vt 0.764241 0.535475
f 614/1355/614 575/1351/575 618/1356/618
vt 0.217319 0.885066
f 533/1357/533 574/1301/574 653/1300/653
f 520/1290/520 501/1131/501 596/1353/596
f 605/1257/605 516/1080/516 621/1255/621
vt 0.411242 0.611153
f 597/1358/597 596/1353/596 501/1131/501
f 692/1220/692 463/798/463 616/1283/616
vt 0.239822 0.388546
vt 0.242884 0.390076
vt 0.241120 0.391508
f 597/1359/597 551/1360/551 629/1361/629
vt 0.244810 0.388755
f 501/1362/501 551/1360/551 597/1359/597
vt 0.440465 0.638286
vt 0.435580 0.638512
f 610/1363/610 702/1364/702 560/1323/560
vt 0.418104 0.614406
vt 0.413886 0.615659
f 551/1162/551 529/1365/529 629/1366/629
vt 0.946343 0.537475
f 655/1367/655 594/1210/594 469/1050/469
vt 0.194277 0.843314
vt 0.188962 0.839660
f 571/1368/571 608/1369/608 572/1224/572
f 610/1312/610 485/1117/485 649/1314/649
f 529/1365/529 540/1240/540 629/1366/629
vt 0.183374 0.825544
vt 0.184714 0.824533
f 557/1250/557 639/1370/639 578/1371/578
f 624/1251/624 639/1370/639 557/1250/557
vt 0.668137 0.595548
f 583/1372/583 543/1166/543 576/1262/576
f 519/912/519 595/1200/595 559/1243/559
vt 0.446797 0.644100
f 641/1322/641 647/1373/647 577/1195/577
vt 0.672701 0.601296
f 672/1009/672 543/1166/543 689/1374/689
vt 0.434165 0.634797
f 593/1227/593 560/1323/560 623/1375/623
f 702/1364/702 623/1375/623 560/1323/560
f 542/1160/542 586/1325/586 658/1348/658
vt 0.773744 0.050192
vt 0.777158 0.049015
vt 0.776157 0.052127
f 570/1376/570 534/1377/534 669/1378/669
vt 0.389741 0.081890
vt 0.387771 0.085231
vt 0.384522 0.082625
f 671/1379/671 602/1380/602 567/1381/567
vt 0.190382 0.848764
f 608/1369/608 571/1368/571 606/1382/606
vt 0.329709 0.847788
f 581/1247/581 668/1383/668 571/1248/571
f 581/1247/581 590/1264/590 668/1383/668
f 476/808/476 582/1270/582 675/1242/675
vt 0.253370 0.212683
vt 0.253919 0.209940
vt 0.256630 0.211498
f 600/1384/600 588/1385/588 612/1386/612
f 689/1374/689 543/1166/543 583/1372/583
vt 0.753344 0.509988
vt 0.751757 0.513845
f 625/1387/625 617/1308/617 626/1388/626
vt 0.288448 0.918690
vt 0.284518 0.924562
vt 0.287094 0.920534
f 575/1389/575 591/1390/591 719/1391/719
vt 0.974842 0.765333
vt 0.969215 0.767630
f 671/1392/671 580/1226/580 630/1393/630
vt 0.978348 0.767746
f 567/1394/567 580/1226/580 671/1392/671
f 562/1288/562 652/1352/652 666/1344/666
vt 0.204691 0.877780
f 605/1258/605 688/1395/688 613/1175/613
f 800/1318/800 527/915/527 454/700/454
vt 0.237575 0.399511
vt 0.234889 0.396594
vt 0.239258 0.396393
f 585/1396/585 640/1397/640 540/1398/540
vt 0.415700 0.619807
f 629/1366/629 540/1240/540 640/1399/640
vt 0.289795 0.284357
vt 0.288831 0.293933
vt 0.285401 0.286845
f 564/1400/564 612/1401/612 588/1402/588
vt 0.647086 0.302141
f 579/1304/579 604/1336/604 650/1403/650
vt 0.963389 0.765953
f 630/1327/630 492/1060/492 690/1404/690
vt 0.053711 0.389879
f 664/1234/664 587/955/587 699/1405/699
vt 0.917225 0.786490
f 645/1406/645 558/1178/558 686/1335/686
vt 0.416473 0.622612
f 640/1407/640 585/1279/585 658/1348/658
vt 0.669022 0.593072
f 583/1372/583 576/1262/576 642/1408/642
vt 0.763827 0.412340
f 589/1094/589 704/1409/704 554/1095/554
vt 0.242886 0.381517
vt 0.240769 0.378308
vt 0.243883 0.378078
f 584/1410/584 642/1411/642 576/1412/576
vt 0.704522 0.631223
f 619/1136/619 607/1052/607 820/1413/820
vt 0.699964 0.635575
f 648/1414/648 598/1349/598 619/1136/619
vt 0.950627 0.773128
vt 0.948699 0.769700
f 620/1328/620 612/1415/612 667/1416/667
f 600/1214/600 612/1415/612 620/1328/620
vt 0.557223 0.540691
vt 0.558774 0.542643
vt 0.553874 0.544435
f 586/1417/586 593/1418/593 643/1419/643
vt 0.292426 0.294916
f 612/1401/612 564/1400/564 644/1420/644
vt 0.557073 0.545432
f 593/1418/593 623/1421/623 643/1419/643
vt 0.202034 0.869963
vt 0.205824 0.867203
f 628/1422/628 592/1423/592 613/1175/613
vt 0.827801 0.850080
vt 0.827116 0.853923
vt 0.824839 0.849970
f 570/1424/570 669/1425/669 749/1426/749
f 628/1422/628 661/1285/661 592/1423/592
vt 0.627341 0.962429
f 1050/1427/1050 466/795/466 637/1168/637
vt 0.195281 0.844967
vt 0.195286 0.853970
f 571/1428/571 668/1429/668 606/1382/606
vt 0.185582 0.835660
f 624/1251/624 572/1224/572 608/1430/608
vt 0.351590 0.812800
vt 0.346786 0.811629
f 650/1431/650 604/1333/604 712/1432/712
vt 0.291628 0.906362
vt 0.291987 0.912018
vt 0.291149 0.912673
f 654/1433/654 614/1434/614 618/1435/618
vt 0.840454 0.916187
f 815/1436/815 503/895/503 448/937/448
vt 0.311253 0.875057
vt 0.308802 0.875482
f 605/1437/605 621/1255/621 674/1438/674
vt 0.755891 0.519691
f 573/1319/573 681/1439/681 617/1308/617
vt 0.665313 0.389238
vt 0.665297 0.382973
vt 0.668143 0.387600
f 644/1440/644 599/1441/599 636/1442/636
vt 0.906768 0.792657
f 561/1334/561 603/1443/603 686/1335/686
vt 0.452548 0.652077
f 601/1245/601 656/1444/656 641/1322/641
vt 0.454621 0.651966
f 602/1445/602 656/1444/656 601/1245/601
vt 0.948334 0.505449
f 622/1119/622 774/1446/774 616/1283/616
f 607/1052/607 559/1243/559 820/1413/820
vt 0.767296 0.404677
f 787/1447/787 554/1095/554 704/1409/704
f 787/1232/787 815/1436/815 448/937/448
vt 0.271058 0.936974
vt 0.278489 0.934501
vt 0.279369 0.939684
f 799/1448/799 652/1449/652 598/1450/598
vt 0.929966 0.779820
f 615/1194/615 538/1176/538 659/1451/659
vt 0.554400 0.549150
f 623/1421/623 702/1452/702 643/1419/643
vt 0.602067 0.984990
vt 0.602541 0.988105
f 727/1453/727 450/1006/450 594/1454/594
vt 0.295574 0.287859
f 599/1455/599 644/1420/644 564/1400/564
f 659/1451/659 538/1176/538 645/1341/645
f 492/1060/492 620/1328/620 690/1404/690
vt 0.345383 0.822013
f 712/1432/712 578/1332/578 639/1456/639
f 604/1333/604 578/1332/578 712/1432/712
f 675/1242/675 722/1101/722 480/804/480
f 774/1446/774 622/1119/622 663/1313/663
vt 0.213158 0.884831
vt 0.210459 0.884532
vt 0.213220 0.883340
f 533/1457/533 674/1458/674 621/1459/621
f 523/880/523 685/1269/685 506/976/506
f 688/1395/688 605/1258/605 674/1458/674
vt 0.307179 0.890543
vt 0.298068 0.891046
f 625/1460/625 626/1461/626 563/1299/563
vt 0.604668 0.980308
f 450/1006/450 732/1462/732 566/1005/566
f 727/1453/727 732/1462/732 450/1006/450
vt 0.186880 0.841858
f 608/1369/608 606/1382/606 632/1463/632
vt 0.240820 0.385291
vt 0.233374 0.387129
f 596/1464/596 597/1359/597 660/1465/660
vt 0.956754 0.510359
f 887/1466/887 616/1283/616 774/1446/774
vt 0.160406 0.108886
vt 0.164277 0.110478
vt 0.156155 0.111161
f 706/1467/706 656/1468/656 602/1469/602
vt 0.156671 0.108604
f 706/1467/706 602/1469/602 671/1470/671
vt 0.823725 0.876464
f 675/1242/675 582/1270/582 1043/1471/1043
f 648/1414/648 619/1136/619 820/1413/820
vt 0.415663 0.628444
f 586/1325/586 627/1472/627 658/1348/658
f 655/1367/655 469/1050/469 692/1220/692
vt 0.237856 0.380014
f 642/1411/642 584/1410/584 635/1473/635
vt 0.556265 0.536448
vt 0.553450 0.539770
f 627/1474/627 586/1417/586 691/1475/691
f 635/1473/635 584/1410/584 596/1464/596
f 617/1308/617 681/1439/681 626/1388/626
vt 0.155180 0.589278
f 800/1318/800 631/1476/631 527/915/527
vt 0.206434 0.882974
f 688/1395/688 674/1458/674 687/1477/687
vt 0.441026 0.640093
vt 0.436888 0.643053
f 702/1364/702 610/1478/610 682/1479/682
vt 0.138560 0.582712
f 634/1184/634 709/1480/709 800/1318/800
vt 0.296405 0.886540
f 683/1481/683 563/1299/563 626/1461/626
vt 0.336716 0.835474
vt 0.333222 0.834295
vt 0.334291 0.830389
f 608/1482/608 632/1483/632 657/1484/657
vt 0.441922 0.642532
f 610/1478/610 649/1485/649 682/1479/682
vt 0.215042 0.896344
f 653/1300/653 563/1302/563 683/1486/683
vt 0.940908 0.499741
f 663/1313/663 570/1276/570 749/1487/749
vt 0.646829 0.955724
f 609/1008/609 709/1488/709 634/1174/634
vt 0.650773 0.311428
f 646/1261/646 579/1304/579 638/1489/638
vt 0.650672 0.306865
f 638/1489/638 579/1304/579 650/1490/650
vt 0.649201 0.315028
f 633/1330/633 646/1261/646 679/1491/679
vt 0.933528 0.774268
f 615/1194/615 742/1492/742 599/1345/599
vt 0.696530 0.618521
f 825/1493/825 559/1243/559 595/1200/595
vt 0.680853 0.375321
vt 0.678217 0.372742
vt 0.683593 0.367267
f 678/1494/678 659/1495/659 645/1496/645
f 493/954/493 699/1405/699 587/955/587
vt 0.342707 0.826580
vt 0.339345 0.824252
f 639/1456/639 624/1497/624 708/1498/708
vt 0.617053 0.976189
f 550/873/550 759/1499/759 637/1168/637
f 624/1497/624 608/1482/608 657/1484/657
vt 0.185740 0.184853
vt 0.182467 0.180343
vt 0.187987 0.183289
f 714/1500/714 671/1501/671 630/1502/630
f 596/1464/596 660/1465/660 635/1473/635
vt 0.235727 0.390348
vt 0.231179 0.392677
f 629/1503/629 640/1397/640 662/1504/662
vt 0.274749 0.935609
vt 0.277657 0.935352
f 673/1505/673 652/1506/652 799/1448/799
f 586/1417/586 643/1419/643 691/1475/691
vt 0.674767 0.597598
f 689/1374/689 583/1372/583 665/1507/665
vt 0.236833 0.388446
vt 0.235999 0.388020
f 597/1508/597 629/1503/629 660/1509/660
f 590/1329/590 661/1285/661 668/1429/668
f 583/1372/583 642/1408/642 665/1507/665
vt 0.947078 0.771733
f 612/1415/612 644/1510/644 667/1416/667
vt 0.185226 0.843856
f 632/1463/632 606/1382/606 677/1511/677
vt 0.342946 0.817668
f 712/1432/712 639/1456/639 697/1512/697
f 611/1337/611 759/1499/759 550/873/550
vt 0.579883 0.276822
vt 0.583022 0.275028
vt 0.581326 0.278626
f 650/1513/650 695/1514/695 638/1515/638
f 646/1261/646 638/1489/638 679/1491/679
vt 0.900354 0.785497
f 686/1335/686 603/1443/603 700/1516/700
vt 0.771042 0.536846
vt 0.766109 0.541394
f 575/1517/575 719/1518/719 618/1356/618
vt 0.918378 0.775099
vt 0.927326 0.777899
f 645/1341/645 760/1519/760 678/1520/678
vt 0.752140 0.345381
vt 0.750883 0.344773
f 641/1521/641 676/1522/676 647/1340/647
f 533/1457/533 653/1300/653 674/1458/674
vt 0.921995 0.458644
vt 0.916212 0.449871
vt 0.920929 0.448860
f 751/1523/751 645/1524/645 686/1525/686
vt 0.942779 0.543183
vt 0.935371 0.547270
f 790/1526/790 727/1527/727 594/1210/594
f 708/1498/708 624/1497/624 657/1484/657
vt 0.830725 0.888306
f 718/1528/718 506/976/506 685/1269/685
vt 0.848552 0.301733
vt 0.851670 0.300031
vt 0.851500 0.303701
f 665/1529/665 642/1530/642 635/1531/635
vt 0.174058 0.824122
vt 0.179513 0.825192
vt 0.177680 0.829786
f 697/1532/697 639/1533/639 708/1534/708
vt 0.956414 0.764571
f 690/1404/690 620/1328/620 703/1535/703
vt 0.236401 0.937812
vt 0.241086 0.935115
vt 0.244707 0.940690
f 741/1536/741 666/1537/666 652/1538/652
vt 0.234162 0.932504
f 737/1539/737 666/1537/666 741/1536/741
vt 0.238231 0.932553
f 591/1540/591 666/1537/666 737/1539/737
vt 0.192305 0.861394
f 668/1429/668 661/1285/661 726/1541/726
vt 0.280394 0.918469
vt 0.279360 0.922748
f 719/1542/719 591/1390/591 737/1543/737
vt 0.583302 0.278531
f 670/1544/670 638/1515/638 695/1514/695
vt 0.442509 0.644554
f 682/1479/682 649/1485/649 647/1545/647
vt 0.812255 0.094578
vt 0.807009 0.095589
vt 0.808160 0.093803
f 651/1546/651 682/1547/682 647/1548/647
vt 0.325730 0.046299
vt 0.325354 0.047040
vt 0.322979 0.045809
f 651/1549/651 647/1550/647 676/1551/676
vt 0.749575 0.346883
f 656/1552/656 676/1522/676 641/1521/641
f 615/1194/615 659/1451/659 742/1492/742
vt 0.294944 0.902100
vt 0.293437 0.898977
f 573/1553/573 654/1433/654 681/1554/681
vt 0.630228 0.193260
vt 0.625807 0.194234
vt 0.628387 0.189068
f 733/1555/733 636/1556/636 599/1557/599
vt 0.774889 0.054770
vt 0.774054 0.054376
vt 0.775605 0.054625
f 778/1558/778 749/1559/749 669/1560/669
vt 0.903327 0.790031
f 700/1516/700 603/1443/603 633/1561/633
vt 0.651576 0.313540
f 670/1562/670 679/1491/679 638/1489/638
f 688/1395/688 628/1422/628 613/1175/613
vt 0.182301 0.185604
f 714/1500/714 731/1563/731 671/1501/671
vt 0.158270 0.592883
f 527/915/527 631/1476/631 493/1564/493
vt 0.275105 0.940227
f 799/1448/799 598/1450/598 648/1565/648
vt 0.673276 0.593527
vt 0.678306 0.594782
f 665/1507/665 635/1566/635 748/1567/748
vt 0.195914 0.867116
f 661/1285/661 628/1422/628 725/1568/725
vt 0.145741 0.256817
vt 0.146741 0.254643
vt 0.151685 0.256460
f 714/1569/714 630/1570/630 690/1571/690
vt 0.292103 0.892729
f 626/1461/626 681/1554/681 821/1572/821
vt 0.949761 0.764738
f 620/1328/620 667/1416/667 750/1573/750
vt 0.631179 0.191206
f 733/1555/733 599/1557/599 698/1574/698
vt 0.667998 0.380245
vt 0.670218 0.380089
vt 0.672326 0.381115
f 599/1575/599 742/1576/742 698/1577/698
vt 0.233572 0.382281
f 696/1578/696 635/1473/635 660/1465/660
f 732/1462/732 611/1337/611 566/1005/566
vt 0.207096 0.889671
f 674/1458/674 653/1300/653 724/1579/724
vt 0.331511 0.831827
vt 0.330287 0.835159
f 707/1580/707 632/1483/632 677/1581/677
vt 0.812191 0.096913
f 705/1582/705 682/1547/682 651/1546/651
f 657/1484/657 632/1483/632 707/1580/707
vt 0.898736 0.790736
f 700/1516/700 633/1561/633 679/1583/679
vt 0.285700 0.913979
vt 0.280361 0.912335
f 654/1433/654 618/1584/618 693/1585/693
vt 0.285702 0.906610
f 654/1433/654 693/1585/693 729/1586/729
vt 0.351967 0.808606
f 712/1432/712 695/1587/695 650/1431/650
vt 0.350926 0.806576
f 694/1588/694 695/1587/695 712/1432/712
vt 0.288339 0.899777
f 713/1589/713 654/1433/654 729/1586/729
f 820/1413/820 559/1243/559 825/1493/825
vt 0.767736 0.426630
f 589/1094/589 664/1228/664 752/1590/752
f 681/1554/681 654/1433/654 713/1589/713
vt 0.554462 0.528384
vt 0.556931 0.529128
vt 0.556116 0.529152
f 734/1591/734 640/1592/640 658/1593/658
vt 0.587291 0.281125
vt 0.585154 0.283008
vt 0.585717 0.281155
f 680/1594/680 679/1595/679 670/1596/670
vt 0.587980 0.285201
f 728/1597/728 679/1595/679 680/1594/680
vt 0.681578 0.601149
f 756/1598/756 689/1374/689 665/1507/665
vt 0.177540 0.184201
vt 0.177249 0.180078
f 736/1599/736 706/1600/706 671/1501/671
vt 0.268313 0.931777
f 738/1601/738 673/1505/673 799/1448/799
f 626/1461/626 821/1572/821 683/1481/683
vt 0.641003 0.247568
vt 0.637978 0.251436
vt 0.636839 0.248185
f 662/1602/662 640/1603/640 734/1604/734
f 756/1598/756 672/1009/672 689/1374/689
vt 0.243832 0.943536
f 652/1538/652 673/1605/673 741/1536/741
vt 0.547573 0.544169
f 702/1452/702 746/1606/746 643/1419/643
vt 0.414216 0.624856
f 627/1472/627 734/1607/734 658/1348/658
f 618/1584/618 719/1542/719 693/1585/693
vt 0.211935 0.892719
f 653/1300/653 683/1486/683 684/1608/684
f 620/1328/620 750/1573/750 703/1535/703
vt 0.943706 0.770365
f 644/1510/644 636/1609/636 667/1416/667
vt 0.675769 0.379145
vt 0.677697 0.375509
f 678/1494/678 742/1610/742 659/1611/659
vt 0.586701 0.276053
vt 0.585540 0.278930
f 715/1612/715 670/1613/670 695/1514/695
vt 0.164366 0.107191
f 656/1468/656 706/1467/706 747/1614/747
vt 0.587412 0.279049
f 715/1612/715 680/1615/680 670/1613/670
vt 0.287801 0.133525
vt 0.288916 0.130911
vt 0.288877 0.134923
f 695/1616/695 694/1617/694 715/1618/715
vt 0.629343 0.195760
f 757/1619/757 636/1556/636 733/1555/733
vt 0.761363 0.420157
f 753/1620/753 704/1409/704 589/1094/589
vt 0.911720 0.779317
f 645/1341/645 751/1621/751 760/1519/760
vt 0.333035 0.826807
f 657/1484/657 773/1622/773 708/1498/708
vt 0.593027 0.279116
f 680/1594/680 745/1623/745 728/1597/728
vt 0.269401 0.938436
f 799/1448/799 648/1565/648 716/1624/716
f 726/1541/726 661/1285/661 725/1568/725
vt 0.938764 0.765888
f 636/1609/636 711/1625/711 667/1416/667
f 731/1563/731 736/1599/736 671/1501/671
vt 0.828596 0.189242
vt 0.830495 0.193110
vt 0.825209 0.190817
f 724/1626/724 653/1627/653 684/1628/684
vt 0.274287 0.928362
vt 0.274889 0.931839
f 741/1629/741 673/1630/673 738/1601/738
vt 0.289535 0.896552
f 713/1631/713 821/1572/821 681/1554/681
vt 0.188409 0.852507
f 754/1632/754 606/1382/606 668/1429/668
vt 0.748611 0.343978
vt 0.747907 0.341486
vt 0.751078 0.340987
f 676/1633/676 705/1634/705 651/1635/651
f 756/1598/756 595/1200/595 672/1009/672
vt 0.893710 0.788636
f 679/1583/679 728/1636/728 700/1516/700
vt 0.925397 0.454232
f 751/1523/751 686/1525/686 781/1637/781
f 674/1458/674 724/1579/724 687/1477/687
vt 0.907586 0.782047
f 686/1335/686 700/1516/700 781/1638/781
vt 0.552610 0.532624
vt 0.552193 0.536722
vt 0.544680 0.532328
f 627/1639/627 691/1640/691 843/1641/843
vt 0.360004 0.083565
vt 0.363089 0.086221
vt 0.361432 0.086966
f 660/1642/660 629/1643/629 662/1644/662
vt 0.479930 0.012044
vt 0.475706 0.012501
vt 0.476501 0.009414
f 691/1645/691 643/1646/643 710/1647/710
vt 0.310002 0.133697
vt 0.314329 0.133578
vt 0.311555 0.136406
f 710/1648/710 643/1649/643 746/1650/746
vt 0.550685 0.552318
vt 0.543098 0.544521
f 702/1452/702 682/1651/682 769/1652/769
vt 0.589940 0.276742
f 745/1623/745 680/1594/680 701/1653/701
f 715/1612/715 701/1653/701 680/1615/680
vt 0.329232 0.836091
vt 0.324541 0.842488
vt 0.321688 0.841902
f 677/1654/677 606/1655/606 754/1656/754
vt 0.156801 0.256152
vt 0.148328 0.259832
f 703/1657/703 731/1658/731 690/1571/690
vt 0.196339 0.871360
f 723/1659/723 725/1568/725 628/1422/628
vt 0.180411 0.836984
vt 0.181422 0.840305
vt 0.177332 0.836898
f 657/1660/657 707/1661/707 773/1662/773
vt 0.347655 0.808803
vt 0.346391 0.808862
f 694/1663/694 712/1432/712 717/1664/717
vt 0.852223 0.308001
vt 0.846435 0.304826
f 696/1665/696 748/1666/748 635/1531/635
vt 0.186899 0.854397
f 726/1541/726 754/1667/754 668/1429/668
vt 0.940813 0.769787
vt 0.943344 0.770266
f 757/1668/757 711/1625/711 636/1669/636
vt 0.174209 0.835314
f 708/1534/708 773/1662/773 792/1670/792
vt 0.292542 0.131923
f 694/1617/694 717/1671/717 715/1618/715
vt 0.674593 0.385541
vt 0.672629 0.381053
f 733/1672/733 698/1673/698 742/1610/742
vt 0.290213 0.137192
f 715/1618/715 717/1671/717 701/1674/701
vt 0.216422 0.904865
vt 0.207412 0.900593
vt 0.213255 0.897692
f 821/1675/821 767/1676/767 683/1677/683
vt 0.680230 0.381452
f 801/1678/801 742/1610/742 678/1494/678
vt 0.437795 0.647142
vt 0.435590 0.647381
f 705/1679/705 788/1680/788 682/1479/682
vt 0.812660 0.029621
vt 0.811585 0.026968
vt 0.813271 0.025817
f 705/1681/705 676/1682/676 740/1683/740
f 714/1569/714 690/1571/690 731/1658/731
f 665/1507/665 748/1567/748 756/1598/756
vt 0.168784 0.819943
vt 0.163064 0.821447
f 712/1684/712 697/1532/697 807/1685/807
vt 0.544377 0.536655
f 843/1641/843 691/1475/691 795/1686/795
vt 0.549769 0.539328
f 691/1475/691 710/1687/710 795/1686/795
vt 0.640467 0.949888
f 1243/1688/1243 709/1488/709 609/1008/609
vt 0.944680 0.763183
f 750/1573/750 667/1416/667 789/1689/789
f 789/1689/789 667/1416/667 711/1625/711
vt 0.849710 0.308963
f 696/1665/696 720/1690/720 748/1666/748
vt 0.930702 0.769621
f 801/1691/801 678/1520/678 760/1519/760
f 746/1606/746 702/1452/702 769/1652/769
vt 0.231138 0.383256
vt 0.228405 0.384876
f 720/1692/720 696/1578/696 743/1693/743
vt 0.322974 0.835393
f 677/1654/677 754/1656/754 771/1694/771
vt 0.946281 0.499868
f 749/1487/749 823/1695/823 663/1313/663
vt 0.328118 0.833258
f 707/1696/707 677/1654/677 771/1694/771
f 696/1578/696 660/1465/660 743/1693/743
vt 0.057588 0.396904
f 699/1405/699 752/1697/752 664/1234/664
vt 0.821587 0.858612
vt 0.826918 0.855460
f 722/1101/722 778/1698/778 669/1699/669
vt 0.411650 0.624289
vt 0.409301 0.627222
f 734/1700/734 627/1472/627 744/1701/744
vt 0.221314 0.911032
vt 0.225042 0.917980
vt 0.217034 0.915125
f 713/1702/713 729/1703/729 786/1704/786
vt 0.291706 0.134908
f 717/1671/717 730/1705/730 701/1674/701
vt 0.341610 0.087643
vt 0.343606 0.088936
vt 0.341657 0.091729
f 730/1706/730 721/1707/721 701/1708/701
vt 0.139450 0.135451
vt 0.135661 0.135512
vt 0.138508 0.131940
f 745/1709/745 701/1710/701 721/1711/721
vt 0.890023 0.094515
vt 0.885211 0.096684
vt 0.884250 0.094066
f 706/1712/706 736/1713/736 770/1714/770
vt 0.197508 0.873359
f 628/1422/628 688/1395/688 723/1715/723
vt 0.320503 0.046692
vt 0.317857 0.044746
vt 0.319461 0.043377
f 656/1716/656 747/1717/747 740/1718/740
vt 0.887120 0.092315
f 747/1719/747 706/1712/706 770/1714/770
f 656/1716/656 740/1718/740 676/1551/676
vt 0.251061 0.069550
vt 0.250430 0.065496
vt 0.253686 0.067320
f 736/1720/736 731/1721/731 805/1722/805
vt 0.814490 0.026510
f 705/1681/705 740/1683/740 739/1723/739
vt 0.890149 0.780507
f 700/1516/700 728/1636/728 802/1724/802
vt 0.154945 0.260426
f 703/1657/703 762/1725/762 731/1658/731
vt 0.206185 0.893226
f 684/1726/684 683/1677/683 767/1676/767
vt 0.136061 0.110823
vt 0.132159 0.111485
vt 0.135623 0.107693
f 770/1727/770 772/1728/772 747/1729/747
f 1050/1427/1050 609/1008/609 466/795/466
f 801/1678/801 733/1672/733 742/1610/742
vt 0.643771 0.245668
vt 0.644780 0.244355
f 660/1730/660 662/1602/662 743/1731/743
vt 0.451054 0.440099
vt 0.457606 0.438941
vt 0.455948 0.443344
f 764/1732/764 723/1733/723 688/1734/688
vt 0.162710 0.812017
f 712/1684/712 807/1685/807 717/1735/717
vt 0.227403 0.925950
vt 0.222107 0.926250
f 729/1703/729 693/1736/693 810/1737/810
vt 0.938009 0.548321
f 790/1526/790 782/1738/782 727/1527/727
f 752/1590/752 753/1620/753 589/1094/589
f 821/1675/821 713/1702/713 786/1704/786
vt 0.707630 0.637471
f 648/1414/648 820/1413/820 716/1739/716
vt 0.343785 0.087420
vt 0.343358 0.086164
f 721/1740/721 730/1706/730 766/1741/766
vt 0.161969 0.808065
vt 0.159887 0.808431
f 730/1742/730 717/1735/717 735/1743/735
vt 0.342101 0.086319
f 766/1741/766 730/1706/730 735/1744/735
vt 0.405534 0.625046
f 758/1745/758 734/1700/734 744/1701/744
vt 0.549018 0.527837
vt 0.551179 0.531100
f 744/1746/744 627/1747/627 843/1641/843
vt 0.185920 0.860485
f 726/1541/726 784/1748/784 754/1667/754
vt 0.834560 0.904545
f 503/895/503 819/1749/819 685/1269/685
vt 0.935752 0.767486
vt 0.935571 0.769554
f 757/1750/757 733/1751/733 801/1691/801
vt 0.850363 0.166752
vt 0.855485 0.167716
vt 0.852052 0.170165
f 739/1752/739 775/1753/775 705/1754/705
vt 0.199214 0.884105
f 687/1477/687 724/1579/724 763/1755/763
vt 0.051932 0.387267
f 493/954/493 631/1756/631 699/1405/699
vt 0.544870 0.557210
vt 0.540174 0.556743
vt 0.541563 0.552732
f 705/1757/705 775/1758/775 788/1759/788
f 688/1395/688 687/1477/687 763/1755/763
vt 0.171610 0.828462
vt 0.169362 0.832807
f 697/1532/697 708/1760/708 835/1761/835
vt 0.851597 0.312115
vt 0.848441 0.312551
f 743/1762/743 755/1763/755 720/1690/720
vt 0.198570 0.877440
f 688/1395/688 763/1755/763 764/1764/764
vt 0.132225 0.106604
f 772/1728/772 740/1765/740 747/1729/747
vt 0.479194 0.794419
vt 0.486422 0.790134
vt 0.482290 0.794037
f 611/1766/611 1089/1767/1089 759/1768/759
vt 0.689389 0.603871
f 756/1598/756 796/1769/796 595/1200/595
vt 0.318676 0.392095
vt 0.318343 0.388043
vt 0.325350 0.389542
f 792/1770/792 835/1771/835 708/1772/708
vt 0.811816 0.374131
vt 0.805456 0.373104
vt 0.809488 0.368028
f 779/1773/779 745/1774/745 721/1775/721
vt 0.150172 0.261564
f 762/1725/762 805/1776/805 731/1658/731
vt 0.162195 0.260349
f 762/1725/762 703/1657/703 780/1777/780
vt 0.815774 0.371269
vt 0.815128 0.366648
f 849/1778/849 721/1775/721 766/1779/766
vt 0.454194 0.437303
f 783/1780/783 723/1733/723 764/1732/764
vt 0.162550 0.257050
f 703/1657/703 750/1781/750 780/1777/780
vt 0.461290 0.433312
f 725/1782/725 723/1733/723 783/1780/783
vt 0.947468 0.762277
f 834/1783/834 750/1573/750 789/1689/789
vt 0.462452 0.427510
vt 0.463262 0.429820
f 725/1782/725 784/1784/784 726/1785/726
f 835/1761/835 807/1685/807 697/1532/697
vt 0.406244 0.106407
vt 0.403906 0.104445
vt 0.409096 0.103463
f 741/1786/741 803/1787/803 737/1788/737
vt 0.236309 0.945435
vt 0.231388 0.943626
f 738/1789/738 794/1790/794 741/1536/741
vt 0.221921 0.935260
vt 0.230747 0.930630
f 737/1539/737 776/1791/776 719/1792/719
f 693/1736/693 719/1792/719 776/1791/776
f 729/1703/729 810/1737/810 786/1704/786
vt 0.183485 0.856778
vt 0.180530 0.848098
f 806/1793/806 771/1794/771 754/1667/754
vt 0.471016 0.790945
vt 0.470167 0.789889
vt 0.470239 0.787427
f 727/1795/727 782/1796/782 871/1797/871
vt 0.474686 0.789301
vt 0.471958 0.791075
f 871/1797/871 732/1798/732 727/1799/727
vt 0.587957 0.170370
vt 0.582370 0.169563
vt 0.585720 0.166742
f 736/1800/736 805/1801/805 804/1802/804
vt 0.129386 0.107802
f 772/1728/772 739/1803/739 740/1765/740
vt 0.889296 0.787800
vt 0.886971 0.785503
f 728/1636/728 745/1804/745 777/1805/777
vt 0.551802 0.522953
vt 0.552366 0.525360
vt 0.551120 0.524285
f 662/1806/662 734/1807/734 758/1808/758
vt 0.550213 0.522205
f 758/1808/758 768/1809/768 662/1806/662
vt 0.958106 0.522586
f 887/1466/887 1046/1810/1046 616/1283/616
f 769/1652/769 682/1651/682 788/1759/788
vt 0.943752 0.546950
f 782/1738/782 790/1526/790 918/1811/918
vt 0.264456 0.934287
f 827/1812/827 738/1601/738 799/1448/799
vt 0.957392 0.502144
f 887/1466/887 774/1446/774 916/1813/916
vt 0.900887 0.777363
f 781/1638/781 700/1516/700 761/1814/761
vt 0.456650 0.433991
f 725/1782/725 783/1780/783 765/1815/765
vt 0.458444 0.430231
f 784/1784/784 725/1782/725 765/1816/765
vt 0.588616 0.167206
f 770/1817/770 736/1800/736 804/1802/804
vt 0.685005 0.595592
f 756/1598/756 748/1567/748 817/1818/817
f 802/1724/802 728/1636/728 777/1805/777
vt 0.184863 0.855994
f 784/1748/784 806/1819/806 754/1667/754
vt 0.821759 0.847412
f 749/1426/749 778/1698/778 823/1820/823
vt 0.224725 0.943941
f 776/1791/776 737/1539/737 803/1821/803
vt 0.557004 0.509277
vt 0.553800 0.511780
vt 0.552575 0.508133
f 748/1822/748 720/1823/720 817/1824/817
vt 0.910979 0.766308
f 751/1621/751 791/1825/791 760/1519/760
vt 0.175278 0.843988
f 707/1661/707 771/1794/771 818/1826/818
f 776/1791/776 810/1737/810 693/1736/693
f 773/1662/773 707/1661/707 818/1826/818
vt 0.941173 0.309189
vt 0.941667 0.306267
vt 0.944497 0.309706
f 663/1827/663 793/1828/793 774/1829/774
vt 0.762107 0.428138
f 913/1830/913 753/1620/753 752/1590/752
vt 0.950606 0.501362
f 793/1831/793 663/1313/663 823/1695/823
vt 0.643898 0.241159
vt 0.646927 0.241683
vt 0.640573 0.242562
f 829/1832/829 743/1833/743 768/1834/768
f 662/1602/662 768/1834/768 743/1833/743
vt 0.944499 0.540694
f 790/1835/790 594/1210/594 655/1367/655
vt 0.547637 0.540586
vt 0.541107 0.539032
f 795/1686/795 710/1836/710 785/1837/785
vt 0.545556 0.543480
f 710/1836/710 746/1838/746 769/1652/769
f 721/1775/721 849/1778/849 779/1773/779
vt 0.166369 0.257906
f 750/1781/750 834/1839/834 780/1777/780
vt 0.890975 0.773194
f 700/1516/700 830/1840/830 761/1814/761
f 802/1724/802 830/1840/830 700/1516/700
vt 0.145137 0.581343
f 709/1480/709 853/1841/853 800/1318/800
vt 0.401707 0.108573
f 794/1842/794 803/1787/803 741/1786/741
vt 0.155522 0.581863
f 800/1318/800 1125/1843/1125 631/1476/631
vt 0.200106 0.892143
f 808/1844/808 724/1579/724 684/1726/684
f 763/1755/763 724/1579/724 808/1844/808
f 818/1826/818 792/1670/792 773/1662/773
vt 0.312870 0.391447
f 835/1771/835 792/1770/792 857/1845/857
vt 0.158692 0.811540
f 735/1743/735 717/1735/717 813/1846/813
vt 0.155624 0.811338
vt 0.155344 0.806447
f 813/1847/813 766/1848/766 735/1743/735
vt 0.961159 0.116559
vt 0.963044 0.114448
vt 0.965276 0.116213
f 755/1849/755 743/1850/743 829/1851/829
vt 0.853075 0.166716
f 775/1753/775 739/1752/739 816/1852/816
vt 0.547991 0.516915
vt 0.549642 0.520313
vt 0.546426 0.520902
f 829/1853/829 768/1854/768 814/1855/814
f 769/1652/769 785/1837/785 710/1836/710
vt 0.479908 0.786410
f 732/1798/732 879/1856/879 611/1766/611
vt 0.403492 0.622845
vt 0.401253 0.624106
f 768/1857/768 758/1745/758 814/1858/814
vt 0.548123 0.524065
vt 0.538604 0.526549
f 758/1859/758 744/1746/744 861/1860/861
vt 0.924970 0.761818
f 757/1750/757 801/1691/801 837/1861/837
vt 0.881215 0.052048
vt 0.878179 0.050849
vt 0.878521 0.047998
f 797/1862/797 772/1863/772 770/1864/770
vt 0.179575 0.858931
f 839/1865/839 771/1794/771 806/1793/806
vt 0.918426 0.764504
f 760/1519/760 826/1866/826 801/1691/801
f 879/1856/879 1089/1767/1089 611/1766/611
vt 0.200390 0.895622
f 684/1726/684 767/1676/767 831/1867/831
f 1046/1810/1046 692/1220/692 616/1283/616
vt 0.713432 0.628712
f 825/1493/825 908/1868/908 820/1413/820
vt 0.448190 0.447460
vt 0.445369 0.443832
f 764/1732/764 763/1869/763 822/1870/822
vt 0.826370 0.898183
f 685/1269/685 897/1871/897 718/1528/718
vt 0.166061 0.067975
vt 0.163479 0.067937
vt 0.163468 0.066814
f 788/1872/788 775/1873/775 862/1874/862
vt 0.266066 0.937927
vt 0.263111 0.937122
f 716/1875/716 850/1876/850 799/1448/799
vt 0.158755 0.263176
f 828/1877/828 762/1725/762 780/1777/780
vt 0.805914 0.378574
f 777/1878/777 745/1774/745 779/1773/779
vt 0.944387 0.305138
f 793/1828/793 916/1879/916 774/1829/774
vt 0.923311 0.468068
vt 0.931435 0.467063
f 791/1880/791 751/1523/751 809/1881/809
f 751/1523/751 781/1637/781 809/1881/809
f 718/1528/718 582/1270/582 506/976/506
vt 0.456918 0.429055
vt 0.457602 0.426317
vt 0.460816 0.424919
f 765/1882/765 876/1883/876 784/1884/784
vt 0.126082 0.108058
f 816/1885/816 739/1803/739 772/1728/772
vt 0.183876 0.861608
f 806/1793/806 784/1886/784 839/1865/839
vt 0.546225 0.507439
f 817/1824/817 720/1823/720 798/1887/798
vt 0.536092 0.545693
f 788/1759/788 866/1888/866 769/1652/769
vt 0.537510 0.550854
f 866/1888/866 788/1759/788 811/1889/811
vt 0.811466 0.383564
f 777/1878/777 779/1773/779 867/1890/867
vt 0.303838 0.024014
vt 0.307555 0.024611
vt 0.302879 0.024594
f 805/1891/805 762/1892/762 833/1893/833
vt 0.310365 0.397628
f 857/1845/857 792/1770/792 818/1894/818
vt 0.599505 0.984279
vt 0.593537 0.983878
vt 0.593465 0.980069
f 782/1895/782 918/1896/918 1062/1897/1062
f 814/1855/814 758/1859/758 861/1860/861
vt 0.690049 0.599711
f 756/1598/756 817/1818/817 852/1898/852
vt 0.933630 0.761881
f 757/1750/757 824/1899/824 711/1625/711
f 796/1769/796 756/1598/756 852/1898/852
f 757/1750/757 837/1861/837 824/1899/824
f 861/1860/861 744/1746/744 843/1641/843
f 837/1861/837 801/1691/801 826/1866/826
vt 0.549342 0.514264
f 720/1823/720 755/1900/755 798/1887/798
vt 0.306403 0.026844
f 828/1901/828 833/1893/833 762/1892/762
vt 0.177121 0.865927
f 784/1886/784 876/1902/876 839/1865/839
vt 0.580792 0.165601
f 804/1802/804 805/1801/805 846/1903/846
vt 0.169190 0.259225
vt 0.168377 0.258002
f 873/1904/873 834/1839/834 789/1905/789
vt 0.616549 0.965655
f 759/1499/759 901/1906/901 637/1168/637
vt 0.167226 0.063829
vt 0.164480 0.064495
f 811/1907/811 788/1872/788 812/1908/812
vt 0.062635 0.397238
f 699/1405/699 913/1909/913 752/1697/752
vt 0.860704 0.168879
vt 0.857872 0.165656
vt 0.861066 0.168447
f 788/1910/788 862/1911/862 812/1912/812
vt 0.815542 0.379857
vt 0.816773 0.376316
f 931/1913/931 779/1773/779 836/1914/836
vt 0.353411 0.258694
vt 0.348958 0.257394
vt 0.353129 0.254366
f 873/1915/873 789/1916/789 855/1917/855
vt 0.172456 0.850454
f 845/1918/845 771/1794/771 839/1865/839
vt 0.939274 0.759846
f 789/1689/789 711/1625/711 855/1919/855
vt 0.307033 0.400406
vt 0.305430 0.400872
f 818/1894/818 771/1920/771 845/1921/845
vt 0.304192 0.395741
f 845/1921/845 885/1922/885 818/1894/818
vt 0.856164 0.165816
f 862/1911/862 775/1753/775 816/1923/816
vt 0.932819 0.458865
f 781/1637/781 761/1924/761 809/1881/809
f 827/1812/827 799/1448/799 850/1876/850
f 901/1906/901 1050/1427/1050 637/1168/637
vt 0.818642 0.369677
f 847/1925/847 849/1778/849 766/1779/766
vt 0.307061 0.393540
f 857/1845/857 818/1894/818 856/1926/856
vt 0.894033 0.769417
f 830/1840/830 963/1927/963 761/1814/761
vt 0.438247 0.450139
vt 0.440298 0.453043
f 859/1928/859 763/1869/763 808/1929/808
vt 0.882669 0.780055
f 802/1724/802 777/1805/777 867/1930/867
vt 0.752070 0.385589
vt 0.747451 0.383486
vt 0.751779 0.380836
f 772/1931/772 844/1932/844 816/1933/816
vt 0.215833 0.929157
f 810/1737/810 838/1934/838 786/1704/786
vt 0.777993 0.170519
vt 0.774281 0.169217
vt 0.774716 0.167860
f 797/1935/797 770/1936/770 804/1937/804
vt 0.949878 0.498569
f 823/1695/823 841/1938/841 793/1831/793
vt 0.193315 0.876842
vt 0.186756 0.873762
vt 0.192909 0.872706
f 764/1939/764 872/1940/872 783/1941/783
vt 0.814642 0.847004
vt 0.818012 0.844193
f 1116/1942/1116 841/1943/841 823/1820/823
vt 0.187542 0.867107
f 765/1944/765 783/1941/783 872/1940/872
f 876/1902/876 765/1944/765 872/1940/872
vt 0.577786 0.166902
f 833/1945/833 846/1903/846 805/1801/805
vt 0.965934 0.118987
f 832/1946/832 755/1849/755 829/1851/829
vt 0.302953 0.025976
f 828/1901/828 874/1947/874 833/1893/833
vt 0.162072 0.265087
f 828/1877/828 780/1777/780 840/1948/840
vt 0.199246 0.901145
f 880/1949/880 831/1867/831 767/1676/767
f 808/1844/808 684/1726/684 831/1867/831
vt 0.156262 0.814014
vt 0.156250 0.815430
f 813/1950/813 717/1735/717 842/1951/842
vt 0.154761 0.819758
f 842/1951/842 807/1685/807 858/1952/858
vt 0.306767 0.393513
f 885/1922/885 856/1953/856 818/1894/818
vt 0.168886 0.260753
f 780/1777/780 834/1839/834 873/1954/873
f 717/1735/717 807/1685/807 842/1951/842
f 849/1778/849 836/1914/836 779/1773/779
f 716/1739/716 820/1413/820 908/1868/908
vt 0.714292 0.638338
f 850/1955/850 716/1739/716 908/1868/908
vt 0.219563 0.929567
f 810/1737/810 776/1791/776 838/1956/838
vt 0.539149 0.535980
f 843/1641/843 795/1686/795 785/1957/785
f 760/1519/760 791/1825/791 826/1866/826
vt 0.133316 0.749028
vt 0.133135 0.754481
vt 0.128436 0.752004
f 844/1958/844 772/1959/772 797/1960/797
vt 0.690849 0.596103
f 852/1898/852 817/1818/817 798/1961/798
vt 0.541709 0.517798
vt 0.545462 0.516864
f 851/1962/851 832/1963/832 829/1853/829
f 814/1855/814 851/1962/851 829/1853/829
vt 0.234821 0.950181
vt 0.223306 0.948304
f 738/1789/738 827/1964/827 977/1965/977
vt 0.230963 0.943568
f 794/1966/794 738/1789/738 977/1965/977
vt 0.542323 0.513758
f 798/1887/798 755/1900/755 882/1967/882
vt 0.151524 0.294601
vt 0.154922 0.293293
vt 0.152546 0.296095
f 840/1968/840 874/1969/874 828/1970/828
vt 0.544371 0.516225
f 882/1967/882 755/1900/755 832/1971/832
vt 0.356431 0.261656
vt 0.350680 0.263678
f 868/1972/868 780/1973/780 873/1915/873
vt 0.204710 0.915228
f 854/1974/854 767/1676/767 821/1675/821
vt 0.616069 0.970832
f 1089/1975/1089 901/1906/901 759/1499/759
f 854/1974/854 821/1675/821 786/1704/786
vt 0.820262 0.869471
vt 0.819739 0.862499
f 865/1976/865 989/1977/989 722/1101/722
vt 0.193801 0.882890
vt 0.186582 0.882063
f 764/1939/764 822/1978/822 940/1979/940
vt 0.821379 0.377655
f 836/1914/836 849/1778/849 875/1980/875
vt 0.437317 0.454825
f 831/1981/831 859/1928/859 808/1929/808
f 778/1698/778 722/1101/722 989/1977/989
vt 0.816025 0.855319
f 823/1820/823 778/1698/778 971/1982/971
f 794/1966/794 977/1965/977 803/1821/803
vt 0.534281 0.539774
f 866/1888/866 864/1983/864 769/1652/769
vt 0.193173 0.890680
vt 0.198834 0.895556
vt 0.193843 0.899432
f 859/1984/859 831/1985/831 894/1986/894
vt 0.033962 0.132167
vt 0.034753 0.135155
vt 0.033150 0.135712
f 846/1987/846 833/1988/833 874/1989/874
f 675/1242/675 865/1976/865 722/1101/722
f 859/1928/859 822/1870/822 763/1869/763
vt 0.532808 0.549924
f 866/1888/866 811/1889/811 812/1990/812
vt 0.599858 0.981112
f 1062/1897/1062 871/1991/871 782/1895/782
vt 0.155109 0.827004
f 807/1685/807 956/1992/956 858/1952/858
vt 0.355142 0.265858
f 780/1973/780 868/1972/868 840/1993/840
vt 0.866741 0.166205
vt 0.862845 0.164401
f 812/1994/812 862/1911/862 892/1995/892
vt 0.955547 0.535734
f 692/1220/692 921/1996/921 655/1367/655
vt 0.179430 0.877560
f 764/1939/764 940/1979/940 987/1997/987
vt 0.149757 0.810316
vt 0.147801 0.803779
f 860/1998/860 847/1999/847 766/1848/766
f 872/1940/872 764/1939/764 987/1997/987
vt 0.952630 0.498239
vt 0.954459 0.499158
f 904/2000/904 848/2001/848 793/1831/793
f 841/1938/841 904/2000/904 793/1831/793
f 766/1848/766 813/1847/813 860/1998/860
vt 0.751501 0.377852
vt 0.747195 0.378399
f 862/2002/862 816/1933/816 863/2003/863
f 711/1625/711 824/1899/824 855/1919/855
vt 0.875458 0.782400
vt 0.876251 0.786388
vt 0.870488 0.784556
f 931/2004/931 836/2005/836 875/2006/875
vt 0.471408 0.229264
vt 0.463223 0.232947
vt 0.464654 0.227918
f 888/2007/888 849/2008/849 847/2009/847
vt 0.823225 0.373574
f 849/1778/849 888/2010/888 875/1980/875
f 785/1837/785 769/1652/769 864/1983/864
vt 0.842426 0.922680
vt 0.836162 0.918215
f 787/2011/787 943/2012/943 815/1436/815
vt 0.537466 0.522833
f 814/1855/814 928/2013/928 851/1962/851
vt 0.706516 0.606522
f 796/1769/796 945/2014/945 595/1200/595
f 814/1855/814 861/1860/861 928/2013/928
vt 0.748884 0.410144
f 753/1620/753 941/2015/941 704/1409/704
f 825/1493/825 595/1200/595 945/2014/945
vt 0.898461 0.771318
f 761/1814/761 963/1927/963 906/2016/906
f 815/1436/815 819/1749/819 503/895/503
vt 0.758717 0.404697
f 941/2015/941 787/2017/787 704/1409/704
vt 0.783360 0.165878
vt 0.777796 0.166339
f 930/2018/930 804/1937/804 846/2019/846
vt 0.748062 0.375069
f 892/2020/892 862/2002/862 863/2003/863
vt 0.169700 0.838635
vt 0.163328 0.840647
f 835/1761/835 857/2021/857 869/2022/869
vt 0.829623 0.169754
vt 0.824315 0.170116
vt 0.827897 0.166634
f 824/2023/824 938/2024/938 855/2025/855
f 931/1913/931 867/1890/867 779/1773/779
vt 0.152330 0.812331
f 860/1998/860 813/1847/813 842/2026/842
vt 0.100526 0.110875
vt 0.098852 0.106990
vt 0.106689 0.109574
f 655/2027/655 883/2028/883 790/2029/790
vt 0.966818 0.502030
f 887/1466/887 916/1813/916 1088/2030/1088
vt 0.532355 0.536220
f 864/1983/864 917/2031/917 785/1837/785
vt 0.693433 0.597473
f 852/1898/852 798/1961/798 877/2032/877
f 797/1935/797 804/1937/804 930/2018/930
vt 0.233628 0.259414
vt 0.234448 0.262580
vt 0.231897 0.263738
f 948/2033/948 864/2034/864 866/2035/866
vt 0.172882 0.859692
f 919/2036/919 839/1865/839 876/1902/876
vt 0.154799 0.291236
vt 0.158944 0.287786
vt 0.157986 0.291117
f 874/2037/874 930/2038/930 846/2039/846
vt 0.173039 0.859529
f 919/2040/919 845/1918/845 839/1865/839
vt 0.935607 0.465439
f 809/1881/809 761/1924/761 906/2041/906
vt 0.449199 0.251533
vt 0.446223 0.254225
vt 0.443943 0.250122
f 831/2042/831 880/2043/880 894/2044/894
vt 0.966754 0.274167
vt 0.971455 0.269827
vt 0.970958 0.274843
f 840/2045/840 946/2046/946 874/2047/874
vt 0.962933 0.269672
f 868/2048/868 946/2046/946 840/2045/840
vt 0.114090 0.237398
vt 0.111632 0.236121
vt 0.116887 0.231809
f 776/2049/776 898/2050/898 838/2051/838
vt 0.207107 0.923549
f 838/1934/838 870/2052/870 786/1704/786
f 854/1974/854 786/1704/786 870/2052/870
vt 0.357729 0.257519
f 855/1917/855 895/2053/895 873/1915/873
vt 0.305563 0.392049
f 869/2054/869 856/1953/856 885/1922/885
vt 0.535604 0.532998
f 843/1641/843 785/1957/785 886/2055/886
f 940/1979/940 822/1978/822 859/1984/859
vt 0.169312 0.841240
f 857/2021/857 856/2056/856 869/2022/869
f 863/2003/863 816/1933/816 844/1932/844
vt 0.151078 0.812085
f 896/2057/896 860/1998/860 842/2026/842
vt 0.481530 0.202994
vt 0.480948 0.200011
vt 0.485351 0.200042
f 793/2058/793 848/2059/848 916/2060/916
vt 0.124397 0.743717
f 844/1958/844 797/1960/797 899/2061/899
vt 0.721998 0.632405
f 995/2062/995 850/1955/850 908/1868/908
vt 0.721790 0.635596
f 947/2063/947 850/1955/850 995/2062/995
vt 0.234179 0.953005
vt 0.227791 0.956762
f 827/1964/827 850/2064/850 947/2065/947
vt 0.148438 0.812406
vt 0.153188 0.815534
vt 0.147446 0.816966
f 896/2066/896 842/2067/842 935/2068/935
vt 0.536970 0.530198
f 861/2069/861 843/1641/843 886/2055/886
vt 0.146916 0.808396
f 847/1999/847 860/1998/860 902/2070/902
f 868/1972/868 873/1915/873 895/2053/895
vt 0.818461 0.166871
f 895/2071/895 855/2025/855 938/2024/938
vt 0.543527 0.505637
f 882/1967/882 877/2072/877 798/1887/798
f 819/1749/819 897/1871/897 685/1269/685
f 718/1528/718 1043/1471/1043 582/1270/582
vt 0.783909 0.169149
f 930/2018/930 881/2073/881 797/1935/797
f 956/1992/956 807/1685/807 835/1761/835
vt 0.423146 0.133229
vt 0.420647 0.130466
vt 0.424048 0.133363
f 935/2074/935 842/2075/842 858/2076/858
vt 0.927454 0.758313
f 824/1899/824 837/1861/837 884/2077/884
vt 0.698565 0.600718
f 796/1769/796 852/1898/852 878/2078/878
vt 0.539334 0.516903
f 832/1971/832 851/1962/851 882/2079/882
f 877/2032/877 878/2078/878 852/1898/852
f 945/2014/945 796/1769/796 878/2078/878
vt 0.719636 0.619749
f 908/1868/908 825/1493/825 1017/2080/1017
vt 0.229408 0.259987
vt 0.225523 0.264537
f 907/2081/907 866/2035/866 812/2082/812
vt 0.951097 0.541306
f 883/2083/883 918/1811/918 790/1526/790
f 853/1841/853 1125/1843/1125 800/1318/800
vt 0.795368 0.050382
vt 0.797435 0.053679
vt 0.794544 0.054018
f 917/2084/917 886/2085/886 785/2086/785
vt 0.138979 0.746323
vt 0.133781 0.744228
f 863/2087/863 844/1958/844 912/2088/912
f 802/1724/802 867/1930/867 830/1840/830
vt 0.159851 0.834666
f 911/2089/911 835/1761/835 869/2022/869
vt 0.877841 0.779542
vt 0.878947 0.774824
f 867/2090/867 931/2004/931 920/2091/920
f 1046/1810/1046 921/1996/921 692/1220/692
vt 0.963194 0.497820
f 1088/2030/1088 916/1813/916 1022/2092/1022
vt 0.055100 0.041987
vt 0.059013 0.042417
vt 0.054633 0.044857
f 881/2093/881 899/2094/899 797/2095/797
vt 0.936854 0.093900
vt 0.941056 0.096482
vt 0.936341 0.098128
f 888/2096/888 890/2097/890 875/2098/875
vt 0.866027 0.778982
f 931/2004/931 875/2006/875 974/2099/974
vt 0.940903 0.093541
f 888/2096/888 915/2100/915 890/2097/890
vt 0.043784 0.157783
vt 0.037216 0.156729
vt 0.045520 0.154064
f 872/2101/872 987/2102/987 876/2103/876
vt 0.470114 0.225863
f 847/2009/847 900/2104/900 888/2007/888
vt 0.165717 0.582347
vt 0.165872 0.589088
f 939/2105/939 699/2106/699 631/1476/631
vt 0.257161 0.257428
vt 0.257704 0.261749
vt 0.255720 0.258028
f 884/2107/884 938/2108/938 824/2109/824
f 947/2065/947 977/1965/977 827/1964/827
vt 0.927279 0.474161
f 891/2110/891 791/1880/791 809/1881/809
f 907/2081/907 948/2033/948 866/2035/866
vt 0.167546 0.874706
f 987/1997/987 1109/2111/1109 876/1902/876
vt 0.808277 0.218737
vt 0.797831 0.222762
vt 0.802227 0.215721
f 877/2112/877 882/2113/882 893/2114/893
vt 0.264634 0.260454
f 938/2108/938 884/2107/884 990/2115/990
f 675/1242/675 1043/1471/1043 865/1976/865
vt 0.920561 0.756684
f 837/1861/837 826/1866/826 961/2116/961
vt 0.536518 0.517280
f 851/1962/851 926/2117/926 882/2079/882
vt 0.815532 0.842872
f 904/2118/904 841/1943/841 1116/1942/1116
f 928/2013/928 926/2117/926 851/1962/851
f 899/2061/899 912/2088/912 844/1958/844
f 911/2089/911 956/1992/956 835/1761/835
vt 0.141294 0.801818
vt 0.145580 0.803765
vt 0.139198 0.804879
f 900/2119/900 847/2120/847 975/2121/975
f 1017/2080/1017 825/1493/825 945/2014/945
vt 0.147341 0.821663
f 956/1992/956 937/2122/937 858/1952/858
vt 0.740771 0.190385
vt 0.741547 0.194834
vt 0.738375 0.194603
f 902/2123/902 860/2124/860 896/2125/896
f 935/2068/935 858/1952/858 937/2122/937
vt 0.475379 0.225299
f 888/2007/888 900/2104/900 889/2126/889
vt 0.199570 0.912561
f 767/1676/767 854/1974/854 944/2127/944
vt 0.475070 0.228645
f 915/2128/915 888/2007/888 889/2126/889
f 880/1949/880 767/1676/767 944/2127/944
vt 0.699938 0.598300
f 903/2129/903 878/2078/878 877/2032/877
vt 0.757498 0.428400
f 753/1620/753 913/1830/913 972/2130/972
vt 0.223713 0.261989
f 812/2082/812 909/2131/909 907/2081/907
vt 0.868577 0.163102
f 812/1994/812 892/1995/892 909/2132/909
vt 0.799060 0.051361
f 914/2133/914 886/2085/886 917/2084/917
vt 0.740788 0.374393
f 863/2003/863 968/2134/968 892/2020/892
vt 0.474578 0.784318
f 871/1797/871 932/2135/932 732/1798/732
vt 0.217368 0.936823
f 776/1791/776 803/1821/803 898/2136/898
vt 0.744269 0.377629
f 863/2003/863 912/2137/912 968/2134/968
vt 0.865641 0.783930
f 890/2138/890 974/2099/974 875/2006/875
vt 0.168300 0.846734
vt 0.156723 0.846663
vt 0.162819 0.841743
f 885/2139/885 1014/2140/1014 869/2141/869
vt 0.144055 0.808203
f 847/1999/847 902/2142/902 975/2121/975
vt 0.650709 0.948902
f 1243/1688/1243 853/2143/853 709/1488/709
vt 0.737376 0.189129
f 896/2125/896 910/2144/910 902/2123/902
vt 0.860610 0.781782
f 974/2099/974 890/2138/890 949/2145/949
vt 0.599731 0.977405
f 1062/1897/1062 932/2146/932 871/1991/871
vt 0.962286 0.266825
f 946/2046/946 868/2048/868 895/2147/895
vt 0.203758 0.930859
f 870/2052/870 838/1934/838 960/2148/960
vt 0.066505 0.394420
f 997/2149/997 913/1909/913 699/1405/699
f 1125/1843/1125 939/2105/939 631/1476/631
vt 0.951537 0.546280
f 918/1811/918 883/2083/883 1016/2150/1016
vt 0.225086 0.952652
f 977/1965/977 947/2065/947 924/2151/924
vt 0.149039 0.288018
vt 0.154405 0.285775
f 946/2152/946 934/2153/934 874/2037/874
vt 0.531955 0.518741
f 926/2117/926 928/2013/928 905/2154/905
f 932/2135/932 879/1856/879 732/1798/732
vt 0.744151 0.372869
f 909/2155/909 892/2020/892 968/2134/968
vt 0.798064 0.219540
f 882/2113/882 925/2156/925 893/2114/893
f 930/2038/930 874/2037/874 934/2153/934
vt 0.217124 0.944939
f 898/2136/898 803/1821/803 964/2157/964
f 830/1840/830 867/1930/867 920/2091/920
vt 0.312275 0.377283
vt 0.306129 0.383265
vt 0.307062 0.379352
f 956/2158/956 911/2159/911 966/2160/966
vt 0.441231 0.257948
vt 0.438941 0.256003
f 880/2043/880 944/2161/944 1012/2162/1012
f 898/2136/898 960/2148/960 838/1934/838
f 894/2044/894 880/2043/880 1012/2162/1012
f 884/2077/884 837/1861/837 961/2116/961
vt 0.829356 0.222128
vt 0.829537 0.218860
vt 0.835691 0.220209
f 886/2163/886 914/2164/914 861/2165/861
vt 0.913836 0.756948
f 961/2116/961 826/1866/826 1039/2166/1039
vt 0.906245 0.759205
f 1039/2166/1039 826/1866/826 951/2167/951
f 826/1866/826 791/1825/791 951/2167/951
vt 0.177179 0.888978
f 940/1979/940 859/1984/859 1023/2168/1023
vt 0.141479 0.809313
f 910/2169/910 896/2066/896 935/2068/935
vt 0.530135 0.540941
f 948/2170/948 917/2031/917 864/1983/864
vt 0.137617 0.798493
f 889/2171/889 900/2119/900 975/2121/975
vt 0.032789 0.228444
vt 0.036010 0.234220
vt 0.029615 0.231548
f 889/2172/889 922/2173/922 915/2174/915
vt 0.931425 0.475835
f 809/1881/809 959/2175/959 891/2110/891
vt 0.158548 0.853423
f 845/1918/845 919/2036/919 953/2176/953
vt 0.754357 0.424220
f 972/2130/972 1074/2177/1074 753/1620/753
f 885/2139/885 845/1918/845 953/2176/953
vt 0.027897 0.233601
vt 0.031297 0.235563
f 890/2178/890 915/2174/915 949/2179/949
vt 0.157934 0.837309
vt 0.160405 0.840909
f 911/2180/911 869/2181/869 1014/2140/1014
f 971/1982/971 1116/1942/1116 823/1820/823
vt 0.969284 0.511885
f 1118/2182/1118 887/1466/887 1088/2030/1088
vt 0.985479 0.274834
vt 0.987166 0.276861
vt 0.984722 0.277424
f 962/2183/962 899/2184/899 881/2185/881
f 803/1821/803 977/1965/977 964/2157/964
vt 0.841434 0.217717
vt 0.834668 0.216560
f 928/2186/928 861/2165/861 965/2187/965
vt 0.790187 0.166487
vt 0.785843 0.168247
f 962/2188/962 881/2189/881 930/2018/930
f 965/2187/965 861/2165/861 914/2164/914
vt 0.215256 0.940574
f 964/2157/964 933/2190/933 898/2136/898
vt 0.478053 0.196569
vt 0.483312 0.197425
f 929/2191/929 916/2192/916 848/2059/848
vt 0.816989 0.170475
vt 0.812582 0.168027
f 923/2193/923 970/2194/970 895/2071/895
vt 0.907771 0.763888
f 791/1825/791 891/2195/891 951/2167/951
vt 0.960483 0.498405
vt 0.961670 0.496533
f 1022/2092/1022 916/2196/916 927/2197/927
vt 0.903469 0.761737
f 951/2167/951 891/2195/891 959/2198/959
f 895/2071/895 938/2024/938 923/2193/923
vt 0.185159 0.901142
f 859/1984/859 894/1986/894 1080/2199/1080
vt 0.161637 0.862414
f 919/2036/919 876/1902/876 1102/2200/1102
vt 0.834586 0.928722
f 1135/2201/1135 943/2012/943 787/2011/787
vt 0.795488 0.219084
vt 0.792466 0.220022
f 925/2202/925 882/2113/882 926/2203/926
vt 0.938999 0.470391
f 809/1881/809 906/2041/906 936/2204/936
f 1102/2200/1102 953/2176/953 919/2036/919
vt 0.938419 0.466278
f 906/2041/906 963/2205/963 936/2204/936
vt 0.534619 0.521650
vt 0.532694 0.521694
f 928/2206/928 954/2207/954 905/2154/905
vt 0.221825 0.260373
f 907/2081/907 909/2131/909 978/2208/978
vt 0.225337 0.259902
f 955/2209/955 907/2081/907 978/2208/978
vt 0.884896 0.770195
f 830/1840/830 950/2210/950 963/1927/963
vt 0.740046 0.371211
f 909/2155/909 968/2134/968 978/2211/978
f 950/2210/950 830/1840/830 920/2091/920
vt 0.477857 0.199823
f 904/2212/904 929/2191/929 848/2059/848
vt 0.196752 0.920614
f 1011/2213/1011 944/2127/944 854/1974/854
vt 0.838306 0.215054
f 965/2187/965 954/2214/954 928/2186/928
vt 0.206536 0.158953
vt 0.203212 0.160213
vt 0.201093 0.155639
f 917/2215/917 996/2216/996 914/2217/914
vt 0.206281 0.161565
f 996/2216/996 917/2215/917 948/2218/948
vt 0.939369 0.474721
f 809/1881/809 952/2219/952 959/2175/959
f 975/2121/975 902/2142/902 910/2169/910
vt 0.037762 0.232253
f 922/2173/922 889/2172/889 942/2220/942
vt 0.033193 0.234660
f 949/2221/949 915/2174/915 922/2173/922
vt 0.968841 0.265977
vt 0.973994 0.266607
f 970/2222/970 983/2223/983 946/2046/946
f 946/2046/946 895/2147/895 970/2222/970
f 908/1868/908 1017/2080/1017 995/2062/995
vt 0.700218 0.386559
vt 0.699302 0.385603
vt 0.701792 0.385528
f 948/2224/948 907/2225/907 958/2226/958
vt 0.802351 0.215634
vt 0.806283 0.215055
f 877/2112/877 893/2227/893 903/2228/903
vt 0.227060 0.258925
vt 0.227385 0.256949
f 907/2081/907 955/2229/955 1001/2230/1001
vt 0.264281 0.263778
vt 0.264320 0.265436
f 1040/2231/1040 923/2232/923 938/2108/938
vt 0.172567 0.582243
f 699/2106/699 939/2105/939 1048/2233/1048
vt 0.718797 0.196613
vt 0.717577 0.190949
vt 0.720969 0.194499
f 1111/2234/1111 989/2235/989 865/2236/865
vt 0.263594 0.262738
f 990/2115/990 1040/2237/1040 938/2108/938
vt 0.788539 0.163962
f 934/2238/934 962/2188/962 930/2018/930
vt 0.400916 0.128183
vt 0.398503 0.127947
vt 0.400001 0.126414
f 990/2239/990 884/2240/884 967/2241/967
vt 0.875507 0.770143
f 920/2091/920 981/2242/981 950/2210/950
vt 0.150865 0.283508
f 946/2152/946 988/2243/988 934/2153/934
vt 0.208642 0.939151
f 960/2148/960 898/2136/898 1025/2244/1025
vt 0.149634 0.838673
vt 0.155705 0.835961
f 1014/2140/1014 1029/2245/1029 911/2246/911
vt 0.154264 0.833827
f 1029/2245/1029 966/2247/966 911/2246/911
f 952/2219/952 809/1881/809 936/2204/936
vt 0.749583 0.416922
f 1082/2248/1082 753/1620/753 1074/2177/1074
f 920/2091/920 931/2004/931 974/2099/974
f 1011/2213/1011 854/1974/854 870/2052/870
vt 0.133491 0.797765
f 889/2171/889 975/2121/975 957/2249/957
f 859/1984/859 1080/2199/1080 1023/2168/1023
f 1118/2182/1118 1046/1810/1046 887/1466/887
vt 0.130012 0.183580
vt 0.123484 0.186040
vt 0.126052 0.181638
f 986/2250/986 949/2251/949 922/2252/922
vt 0.038112 0.229439
f 957/2253/957 942/2220/942 889/2172/889
vt 0.943168 0.297850
vt 0.943889 0.296363
vt 0.946136 0.301349
f 929/2254/929 927/2255/927 916/2256/916
vt 0.706271 0.600697
f 945/2014/945 878/2078/878 979/2257/979
vt 0.750423 0.404800
f 1135/2258/1135 787/2017/787 941/2015/941
vt 0.229029 0.256965
f 907/2081/907 1001/2230/1001 958/2259/958
f 979/2257/979 878/2078/878 903/2129/903
vt 0.529239 0.278345
vt 0.529571 0.280969
vt 0.528733 0.280323
f 893/2260/893 925/2261/925 1041/2262/1041
f 898/2136/898 933/2190/933 1025/2244/1025
vt 0.870649 0.143103
vt 0.869690 0.138978
vt 0.874034 0.141041
f 969/2263/969 925/2264/925 926/2265/926
vt 0.792294 0.163798
f 962/2188/962 934/2238/934 988/2266/988
vt 0.810355 0.840827
f 929/2267/929 904/2118/904 1116/1942/1116
vt 0.874970 0.144004
f 926/2265/926 905/2268/905 969/2263/969
vt 0.397055 0.125392
f 961/2269/961 967/2241/967 884/2240/884
vt 0.920922 0.754490
vt 0.924183 0.755095
f 961/2116/961 1007/2270/1007 967/2271/967
vt 0.245921 0.043580
vt 0.249220 0.045855
vt 0.247598 0.047399
f 954/2272/954 965/2273/965 982/2274/982
vt 0.531492 0.530132
vt 0.529214 0.527119
vt 0.532227 0.526177
f 914/2275/914 982/2276/982 965/2277/965
vt 0.194478 0.909443
f 894/1986/894 1012/2278/1012 1080/2199/1080
vt 0.140723 0.837357
f 966/2247/966 998/2279/998 956/1992/956
vt 0.144251 0.827805
f 1042/2280/1042 937/2122/937 956/1992/956
vt 0.588982 0.982232
f 1016/2281/1016 1062/1897/1062 918/1896/918
vt 0.870845 0.773467
f 1018/2282/1018 920/2091/920 974/2099/974
vt 0.526003 0.536422
vt 0.525916 0.540770
f 996/2283/996 948/2170/948 958/2284/958
vt 0.623790 0.954456
f 1050/1427/1050 1154/2285/1154 609/1008/609
vt 0.292345 0.091647
vt 0.290325 0.086671
vt 0.293020 0.088222
f 981/2286/981 920/2287/920 1018/2288/1018
vt 0.133617 0.812952
f 992/2289/992 910/2169/910 935/2068/935
f 1082/2248/1082 941/2015/941 753/1620/753
vt 0.063612 0.389278
f 997/2149/997 699/1405/699 1048/2290/1048
vt 0.216526 0.957247
f 947/2065/947 1005/2291/1005 924/2151/924
vt 0.896512 0.764804
vt 0.894111 0.769322
vt 0.894747 0.764202
f 936/2292/936 963/2293/963 1021/2294/1021
f 1023/2168/1023 987/1997/987 940/1979/940
vt 0.211767 0.945459
f 980/2295/980 964/2157/964 977/1965/977
f 885/2139/885 953/2176/953 1014/2140/1014
vt 0.934222 0.193243
vt 0.931954 0.196486
vt 0.929779 0.192193
f 933/2296/933 964/2297/964 980/2298/980
vt 0.946929 0.375454
vt 0.940191 0.371918
vt 0.946735 0.366498
f 1033/2299/1033 963/2300/963 950/2301/950
vt 0.140175 0.737523
vt 0.135304 0.739603
vt 0.137206 0.736872
f 978/2302/978 968/2303/968 1003/2304/1003
vt 0.931842 0.189914
f 980/2298/980 1025/2305/1025 933/2296/933
vt 0.149421 0.575933
f 1092/2306/1092 1125/1843/1125 853/1841/853
vt 0.093680 0.109043
f 921/2307/921 883/2028/883 655/2027/655
vt 0.528940 0.521775
f 905/2154/905 954/2207/954 1006/2308/1006
vt 0.243138 0.044512
f 982/2274/982 1006/2309/1006 954/2272/954
vt 0.526840 0.528599
f 982/2276/982 914/2275/914 1000/2310/1000
vt 0.531271 0.530252
vt 0.526792 0.531437
f 1000/2310/1000 914/2311/914 973/2312/973
vt 0.526690 0.535440
f 914/2311/914 996/2313/996 973/2312/973
vt 0.980633 0.269137
f 988/2314/988 946/2046/946 983/2223/983
vt 0.133887 0.801936
f 957/2249/957 975/2121/975 985/2315/985
vt 0.811213 0.170948
f 923/2193/923 999/2316/999 970/2194/970
vt 0.855695 0.781032
vt 0.852020 0.778780
f 949/2145/949 986/2317/986 984/2318/984
vt 0.864712 0.072388
vt 0.862659 0.074809
vt 0.863318 0.070185
f 976/2319/976 922/2320/922 1013/2321/1013
vt 0.130960 0.179586
f 922/2252/922 976/2322/976 986/2250/986
vt 0.212845 0.950079
f 1077/2323/1077 977/1965/977 924/2151/924
f 1077/2323/1077 980/2295/980 977/1965/977
vt 0.533334 0.148263
vt 0.531077 0.150134
vt 0.531069 0.146103
f 893/2324/893 1008/2325/1008 903/2326/903
vt 0.533811 0.150364
f 1041/2327/1041 1008/2325/1008 893/2324/893
vt 0.134792 0.807351
f 910/2169/910 994/2328/994 975/2121/975
vt 0.155184 0.732651
vt 0.153656 0.734381
vt 0.151550 0.731384
f 996/2329/996 958/2330/958 1031/2331/1031
f 912/2088/912 899/2061/899 968/2303/968
vt 0.525535 0.280599
vt 0.528474 0.283954
vt 0.523817 0.286800
f 1041/2332/1041 925/2333/925 969/2334/969
f 985/2315/985 975/2121/975 994/2328/994
f 989/1977/989 971/1982/971 778/1698/778
vt 0.620064 0.247746
vt 0.616078 0.251008
vt 0.616961 0.245906
f 957/2335/957 985/2336/985 1028/2337/1028
f 974/2099/974 949/2145/949 984/2318/984
vt 0.370931 0.289165
vt 0.372553 0.286221
vt 0.375802 0.291569
f 986/2338/986 976/2339/976 1027/2340/1027
vt 0.978779 0.267088
f 1057/2341/1057 988/2314/988 983/2223/983
f 870/2052/870 960/2148/960 1011/2213/1011
vt 0.858151 0.070824
vt 0.860610 0.073416
f 957/2342/957 1013/2321/1013 942/2343/942
f 942/2343/942 1013/2321/1013 922/2320/922
vt 0.899653 0.759855
f 1002/2344/1002 951/2167/951 959/2198/959
vt 0.934930 0.478524
f 952/2219/952 1002/2345/1002 959/2175/959
f 1102/2200/1102 876/1902/876 1109/2111/1109
vt 0.478514 0.781789
f 879/1856/879 932/2135/932 1066/2346/1066
vt 0.940611 0.378877
f 963/2300/963 1033/2299/1033 1021/2347/1021
vt 0.164911 0.882400
f 987/1997/987 1023/2168/1023 1075/2348/1075
vt 0.138532 0.820675
f 937/2122/937 1067/2349/1067 935/2068/935
f 1042/2280/1042 956/1992/956 998/2279/998
vt 0.722461 0.607646
f 1017/2080/1017 945/2014/945 1015/2350/1015
vt 0.502097 0.337812
vt 0.507161 0.340383
vt 0.499188 0.344178
f 950/2351/950 991/2352/991 1033/2353/1033
vt 0.618539 0.960109
f 901/1906/901 1094/2354/1094 1050/1427/1050
vt 0.706435 0.597167
f 979/2257/979 903/2129/903 1008/2355/1008
f 1039/2166/1039 1007/2270/1007 961/2116/961
vt 0.877107 0.767370
f 981/2242/981 991/2356/991 950/2210/950
vt 0.226312 0.959727
f 1005/2291/1005 947/2065/947 995/2357/995
vt 0.167459 0.728698
vt 0.162887 0.729202
vt 0.165184 0.726439
f 1000/2358/1000 973/2359/973 1064/2360/1064
f 1067/2349/1067 992/2289/992 935/2068/935
vt 0.705234 0.382864
vt 0.701349 0.382126
f 1031/2361/1031 958/2226/958 1001/2362/1001
vt 0.470752 0.058512
vt 0.468459 0.058983
vt 0.469058 0.056417
f 970/2363/970 999/2364/999 983/2365/983
f 966/2247/966 1029/2245/1029 998/2279/998
f 992/2289/992 994/2328/994 910/2169/910
vt 0.373827 0.283092
vt 0.375812 0.287495
f 976/2339/976 1013/2366/1013 1051/2367/1051
vt 0.938908 0.380534
vt 0.938126 0.377356
f 1021/2347/1021 952/2368/952 936/2369/936
vt 0.610528 0.254439
vt 0.612047 0.250814
f 994/2370/994 1024/2371/1024 985/2336/985
vt 0.738464 0.367862
vt 0.737282 0.370340
f 955/2372/955 978/2211/978 1003/2373/1003
vt 0.462356 0.151747
vt 0.459526 0.153045
vt 0.457927 0.150269
f 999/2374/999 923/2375/923 1040/2376/1040
f 1012/2278/1012 944/2127/944 1011/2213/1011
vt 0.067595 0.399350
f 997/2149/997 972/2377/972 913/1909/913
f 1077/2323/1077 924/2151/924 1005/2291/1005
vt 0.454609 0.149077
vt 0.453390 0.146253
vt 0.455457 0.145985
f 990/2378/990 967/2379/967 1038/2380/1038
vt 0.810329 0.856330
f 1116/1942/1116 971/1982/971 1090/2381/1090
vt 0.524980 0.517140
f 905/2154/905 1006/2308/1006 1084/2382/1084
vt 0.174484 0.725840
vt 0.171821 0.728516
vt 0.173284 0.726020
f 1006/2383/1006 982/2384/982 1036/2385/1036
vt 0.170608 0.726114
f 1019/2386/1019 1036/2385/1036 982/2384/982
vt 0.121380 0.736885
f 968/2303/968 899/2061/899 1034/2387/1034
vt 0.526461 0.525955
f 982/2276/982 1000/2310/1000 1019/2388/1019
vt 0.525668 0.527781
f 1019/2388/1019 1000/2310/1000 1064/2389/1064
vt 0.917883 0.753455
f 1039/2166/1039 1032/2390/1032 1007/2270/1007
vt 0.822024 0.910038
f 1047/2391/1047 897/1871/897 819/1749/819
vt 0.793699 0.164419
f 1010/2392/1010 962/2188/962 988/2266/988
vt 0.116503 0.745261
vt 0.116874 0.740578
f 899/2061/899 962/2393/962 1004/2394/1004
f 989/1977/989 1090/2381/1090 971/1982/971
vt 0.143548 0.847784
f 1174/2395/1174 1029/2245/1029 1014/2140/1014
vt 0.614494 0.248015
f 1028/2337/1028 985/2336/985 1009/2396/1009
f 1027/2340/1027 976/2339/976 1051/2367/1051
vt 0.617161 0.245834
vt 0.619974 0.244910
f 957/2335/957 1028/2397/1028 1013/2398/1013
vt 0.349631 0.232303
vt 0.342857 0.230541
vt 0.344972 0.228792
f 1028/2399/1028 1020/2400/1020 1013/2401/1013
vt 0.157344 0.731402
vt 0.158298 0.726983
f 973/2359/973 996/2402/996 1056/2403/1056
f 1040/2376/1040 990/2378/990 1038/2380/1038
vt 0.107774 0.362405
vt 0.106922 0.360542
vt 0.108942 0.357883
f 969/2404/969 905/2405/905 1084/2406/1084
vt 0.524260 0.276622
vt 0.520325 0.280099
f 1008/2407/1008 1041/2332/1041 1078/2408/1078
vt 0.221910 0.962862
vt 0.217932 0.962939
f 1049/2409/1049 1114/2410/1114 995/2357/995
f 1005/2291/1005 995/2357/995 1114/2410/1114
vt 0.144909 0.734784
vt 0.142496 0.731156
f 955/2411/955 1003/2304/1003 1105/2412/1105
vt 0.427945 0.036089
vt 0.424619 0.038412
vt 0.423458 0.035004
f 983/2413/983 1044/2414/1044 1057/2415/1057
vt 0.907683 0.754996
f 1039/2166/1039 951/2167/951 1045/2416/1045
vt 0.426848 0.037683
f 983/2413/983 1053/2417/1053 1044/2414/1044
vt 0.808789 0.194300
vt 0.805892 0.196474
vt 0.804635 0.193046
f 1026/2418/1026 999/2419/999 1040/2420/1040
vt 0.715946 0.502780
vt 0.711937 0.503999
vt 0.713569 0.502224
f 927/2421/927 1070/2422/1070 1022/2423/1022
vt 0.219018 0.112019
vt 0.214461 0.114046
vt 0.216810 0.110370
f 983/2424/983 999/2425/999 1053/2426/1053
vt 0.175182 0.899820
f 1023/2168/1023 1080/2199/1080 1151/2427/1151
vt 0.811164 0.863486
f 1162/2428/1162 1090/2381/1090 989/1977/989
vt 0.599956 0.971496
f 1066/2429/1066 932/2146/932 1062/1897/1062
vt 0.741762 0.409382
f 1135/2258/1135 941/2015/941 1097/2430/1097
f 1109/2111/1109 987/1997/987 1075/2348/1075
vt 0.858264 0.769421
f 984/2318/984 1086/2431/1086 974/2099/974
vt 0.719005 0.505657
f 929/2432/929 1070/2422/1070 927/2421/927
f 1024/2371/1024 1009/2396/1009 985/2336/985
vt 0.849296 0.779822
vt 0.852770 0.781022
f 1027/2433/1027 984/2318/984 986/2434/986
vt 0.376777 0.284238
f 1051/2367/1051 1013/2366/1013 1020/2435/1020
vt 0.647758 0.944249
f 1092/2436/1092 853/2143/853 1243/1688/1243
vt 0.692229 0.030748
vt 0.687463 0.031237
vt 0.687880 0.028966
f 1007/2437/1007 1037/2438/1037 967/2439/967
vt 0.112059 0.360767
f 993/2440/993 969/2404/969 1084/2406/1084
vt 0.124427 0.735595
f 968/2303/968 1034/2387/1034 1120/2441/1120
vt 0.813900 0.879980
f 1043/1471/1043 1127/2442/1127 865/1976/865
vt 0.524100 0.522605
f 1006/2308/1006 1036/2443/1036 1084/2382/1084
f 1034/2387/1034 899/2061/899 1004/2394/1004
vt 0.593766 0.219400
vt 0.594071 0.225060
vt 0.590833 0.222963
f 1032/2444/1032 1037/2445/1037 1007/2446/1007
vt 0.714945 0.604999
f 945/2014/945 979/2257/979 1068/2447/1068
vt 0.202568 0.941761
vt 0.208557 0.939214
f 980/2295/980 1030/2448/1030 1025/2449/1025
vt 0.148107 0.732607
f 955/2411/955 1105/2412/1105 1001/2450/1001
vt 0.982985 0.267522
vt 0.989863 0.270574
vt 0.984905 0.271412
f 1010/2451/1010 1004/2452/1004 962/2453/962
f 815/1436/815 1047/2391/1047 819/1749/819
f 1041/2332/1041 969/2334/969 1078/2408/1078
vt 0.420259 0.033762
vt 0.422126 0.033782
f 1057/2415/1057 1010/2454/1010 988/2455/988
vt 0.864254 0.764655
f 1018/2282/1018 974/2099/974 1085/2456/1085
vt 0.135853 0.732418
f 1105/2412/1105 1003/2304/1003 1106/2457/1106
vt 0.899141 0.754022
f 1045/2416/1045 951/2167/951 1060/2458/1060
vt 0.519993 0.285385
f 1078/2408/1078 969/2334/969 993/2459/993
vt 0.210658 0.110965
f 999/2425/999 1026/2460/1026 1053/2426/1053
vt 0.162498 0.576456
f 1125/1843/1125 1271/2461/1271 939/2105/939
vt 0.144099 0.827578
f 1067/2349/1067 937/2122/937 1042/2462/1042
vt 0.609574 0.251461
f 994/2370/994 1059/2463/1059 1024/2371/1024
vt 0.847091 0.779220
vt 0.845012 0.774976
f 984/2318/984 1027/2464/1027 1115/2465/1115
vt 0.749762 0.423869
f 1222/2466/1222 1082/2248/1082 1074/2177/1074
vt 0.871349 0.770409
f 1018/2282/1018 1085/2456/1085 981/2467/981
vt 0.976266 0.518911
vt 0.968669 0.526048
f 1437/2468/1437 1140/2469/1140 1046/1810/1046
vt 0.346838 0.234522
f 1083/2470/1083 1020/2400/1020 1028/2399/1028
vt 0.989000 0.267205
f 1004/2452/1004 1010/2451/1010 1108/2471/1108
vt 0.418498 0.035069
f 1057/2415/1057 1079/2472/1079 1010/2454/1010
vt 0.381023 0.286350
f 1051/2367/1051 1020/2435/1020 1052/2473/1052
vt 0.194580 0.933344
f 1061/2474/1061 1011/2213/1011 960/2148/960
vt 0.684504 0.028700
f 1038/2475/1038 967/2439/967 1037/2438/1037
vt 0.816446 0.868166
f 1162/2428/1162 989/1977/989 1111/2476/1111
vt 0.184301 0.920491
f 1012/2278/1012 1011/2213/1011 1143/2477/1143
vt 0.966085 0.495871
f 1070/2478/1070 1088/2030/1088 1022/2092/1022
vt 0.597820 0.222898
f 1096/2479/1096 1037/2445/1037 1032/2444/1032
vt 0.939605 0.479895
f 1002/2345/1002 952/2219/952 1055/2480/1055
vt 0.520094 0.537155
vt 0.520156 0.533385
f 1031/2481/1031 1056/2482/1056 996/2283/996
vt 0.941689 0.384147
f 1021/2347/1021 1055/2483/1055 952/2368/952
vt 0.944592 0.383641
f 1104/2484/1104 1055/2483/1055 1021/2347/1021
vt 0.808626 0.192538
f 1040/2420/1040 1093/2485/1093 1026/2418/1026
vt 0.302384 0.157842
vt 0.307931 0.159669
vt 0.302794 0.161586
f 1045/2486/1045 1032/2487/1032 1039/2488/1039
vt 0.807274 0.844772
f 1116/1942/1116 1073/2489/1073 929/2267/929
f 1021/2347/1021 1033/2299/1033 1104/2484/1104
vt 0.146979 0.729798
f 1001/2450/1001 1105/2412/1105 1035/2490/1035
vt 0.161835 0.725046
f 1064/2491/1064 973/2359/973 1056/2403/1056
f 1003/2304/1003 968/2303/968 1106/2457/1106
f 951/2167/951 1002/2344/1002 1060/2458/1060
vt 0.714396 0.598805
f 979/2257/979 1008/2355/1008 1098/2492/1098
vt 0.705110 0.378984
f 1001/2362/1001 1035/2493/1035 1031/2361/1031
vt 0.783688 0.381697
vt 0.781096 0.377509
vt 0.784712 0.381358
f 1079/2494/1079 1108/2495/1108 1010/2496/1010
f 1106/2457/1106 968/2303/968 1120/2441/1120
vt 0.895328 0.757833
f 1002/2344/1002 1055/2497/1055 1060/2458/1060
vt 0.782123 0.384550
vt 0.781817 0.386025
vt 0.781228 0.385241
f 1057/2498/1057 1044/2499/1044 1099/2500/1099
vt 0.594768 0.971613
f 1062/1897/1062 1063/2501/1063 1066/2429/1066
vt 0.826379 0.928532
vt 0.825404 0.918473
f 1135/2201/1135 1278/2502/1278 1160/2503/1160
vt 0.062798 0.204334
vt 0.061728 0.202636
vt 0.064730 0.202679
f 1040/2504/1040 1038/2505/1038 1093/2506/1093
vt 0.728439 0.626299
f 995/2062/995 1017/2080/1017 1049/2507/1049
vt 0.597770 0.227253
f 1096/2479/1096 1113/2508/1113 1037/2445/1037
vt 0.130987 0.803348
vt 0.129218 0.805361
vt 0.128692 0.800748
f 1024/2509/1024 1059/2510/1059 1009/2511/1009
vt 0.817531 0.890213
f 1164/2512/1164 1043/1471/1043 718/1528/718
vt 0.840558 0.776657
f 1115/2465/1115 1027/2464/1027 1076/2513/1076
vt 0.965574 0.534733
f 1046/1810/1046 1274/2514/1274 921/1996/921
vt 0.130721 0.807356
f 1059/2515/1059 994/2328/994 992/2289/992
f 1243/1688/1243 609/1008/609 1154/2285/1154
vt 0.352782 0.233628
f 1083/2470/1083 1028/2399/1028 1009/2516/1009
vt 0.381906 0.291463
f 1117/2517/1117 1051/2367/1051 1052/2473/1052
f 1027/2340/1027 1051/2367/1051 1117/2517/1117
f 1086/2431/1086 984/2318/984 1115/2465/1115
vt 0.303765 0.155293
f 1032/2487/1032 1045/2486/1045 1054/2518/1054
vt 0.200686 0.946913
f 1030/2448/1030 980/2295/980 1071/2519/1071
vt 0.518661 0.275984
f 1008/2407/1008 1078/2408/1078 1098/2520/1098
vt 0.348412 0.108456
vt 0.348835 0.111921
vt 0.345531 0.110338
f 1060/2521/1060 1054/2522/1054 1045/2523/1045
f 1140/2469/1140 1274/2514/1274 1046/1810/1046
vt 0.710455 0.379996
f 1035/2493/1035 1065/2524/1065 1031/2361/1031
vt 0.419580 0.036451
f 1079/2472/1079 1057/2415/1057 1099/2525/1099
vt 0.120173 0.801669
f 1059/2510/1059 1112/2526/1112 1009/2511/1009
f 1437/2468/1437 1046/1810/1046 1118/2182/1118
vt 0.892921 0.754775
f 1069/2527/1069 1060/2458/1060 1055/2497/1055
vt 0.889600 0.756492
f 1104/2528/1104 1069/2527/1069 1055/2497/1055
f 974/2099/974 1086/2431/1086 1085/2456/1085
vt 0.137940 0.831546
f 1042/2280/1042 998/2279/998 1199/2529/1199
vt 0.102527 0.743243
vt 0.099458 0.742898
vt 0.104618 0.740448
f 1044/2530/1044 1053/2531/1053 1099/2532/1099
vt 0.947915 0.381112
f 1104/2484/1104 1033/2299/1033 1081/2533/1081
vt 0.128303 0.810558
f 1059/2515/1059 992/2289/992 1058/2534/1058
vt 0.682657 0.031922
f 1037/2438/1037 1113/2535/1113 1038/2475/1038
vt 0.510394 0.347191
f 1033/2353/1033 991/2352/991 1100/2536/1100
vt 0.156708 0.870008
f 1102/2200/1102 1109/2111/1109 1166/2537/1166
f 1160/2503/1160 943/2012/943 1135/2201/1135
vt 0.206502 0.949731
f 1071/2519/1071 980/2295/980 1101/2538/1101
vt 0.520972 0.519429
f 1084/2382/1084 1036/2443/1036 1121/2539/1121
vt 0.112778 0.738180
f 1108/2540/1108 1034/2387/1034 1004/2394/1004
vt 0.255186 0.159476
vt 0.253360 0.160650
vt 0.254014 0.157374
f 1121/2541/1121 1036/2542/1036 1072/2543/1072
f 1025/2244/1025 1061/2474/1061 960/2148/960
f 1080/2199/1080 1012/2278/1012 1143/2477/1143
vt 0.806354 0.848650
f 1090/2381/1090 1180/2544/1180 1116/1942/1116
vt 0.971247 0.496757
f 1070/2478/1070 1193/2545/1193 1088/2030/1088
vt 0.155432 0.727715
vt 0.151633 0.730959
vt 0.150956 0.726484
f 1056/2546/1056 1031/2547/1031 1065/2548/1065
vt 0.211999 0.108495
f 1053/2426/1053 1026/2460/1026 1128/2549/1128
vt 0.727541 0.142864
vt 0.729390 0.140842
vt 0.732443 0.145042
f 1067/2550/1067 1042/2551/1042 1199/2552/1199
vt 0.679674 0.029282
f 1113/2535/1113 1093/2553/1093 1038/2475/1038
vt 0.615487 0.313674
vt 0.611130 0.317609
vt 0.607117 0.312882
f 1078/2554/1078 993/2555/993 1091/2556/1091
vt 0.721063 0.511146
vt 0.717618 0.510790
f 1073/2557/1073 1129/2558/1129 929/2432/929
vt 0.070446 0.202404
vt 0.067834 0.206356
f 1093/2506/1093 1138/2559/1138 1026/2560/1026
vt 0.540349 0.484570
vt 0.547439 0.482915
vt 0.541696 0.487083
f 1211/2561/1211 1063/2562/1063 1062/2563/1062
f 1129/2558/1129 1070/2422/1070 929/2432/929
vt 0.816559 0.869252
f 865/1976/865 1127/2442/1127 1111/2564/1111
vt 0.131966 0.824296
f 992/2289/992 1067/2349/1067 1173/2565/1173
vt 0.121544 0.790635
vt 0.125429 0.793088
vt 0.124053 0.797452
f 1052/2566/1052 1020/2567/1020 1083/2568/1083
vt 0.868505 0.759879
f 981/2242/981 1085/2456/1085 1171/2569/1171
f 980/2295/980 1077/2323/1077 1101/2538/1101
vt 0.145504 0.853301
f 1014/2140/1014 953/2176/953 1144/2570/1144
vt 0.608167 0.316361
f 993/2555/993 1084/2571/1084 1091/2556/1091
vt 0.493004 0.779615
f 879/1856/879 1322/2572/1322 1089/1767/1089
f 1068/2447/1068 1015/2350/1015 945/2014/945
f 1154/2285/1154 1050/1427/1050 1094/2354/1094
vt 0.250734 0.158791
f 1036/2542/1036 1019/2573/1019 1072/2543/1072
vt 0.187282 0.929381
f 1201/2574/1201 1011/2213/1011 1061/2474/1061
f 1025/2244/1025 1030/2448/1030 1061/2474/1061
vt 0.519731 0.530027
vt 0.517582 0.531495
f 1064/2575/1064 1056/2482/1056 1122/2576/1122
vt 0.706459 0.377738
f 1065/2524/1065 1035/2493/1035 1168/2577/1168
vt 0.145694 0.725168
f 1168/2578/1168 1035/2490/1035 1105/2412/1105
vt 0.137694 0.831545
f 1199/2579/1199 1173/2565/1173 1067/2349/1067
vt 0.140841 0.726988
f 1105/2412/1105 1106/2457/1106 1087/2580/1087
vt 0.097215 0.740866
f 1099/2532/1099 1053/2531/1053 1119/2581/1119
vt 0.496532 0.225913
vt 0.501360 0.222640
vt 0.502100 0.225958
f 1053/2582/1053 1128/2583/1128 1119/2584/1119
vt 0.753730 0.429029
f 1074/2177/1074 972/2130/972 1195/2585/1195
vt 0.201043 0.261226
vt 0.198893 0.256982
vt 0.200331 0.255899
f 1222/2586/1222 1188/2587/1188 1082/2588/1082
f 943/2012/943 1047/2391/1047 815/1436/815
vt 0.871045 0.302113
vt 0.872318 0.298246
vt 0.875849 0.303884
f 1150/2589/1150 1059/2590/1059 1058/2591/1058
vt 0.381509 0.295601
f 1117/2517/1117 1076/2592/1076 1027/2340/1027
vt 0.124512 0.808737
f 1150/2593/1150 1112/2526/1112 1059/2510/1059
vt 0.115247 0.795076
vt 0.115716 0.790229
f 1172/2594/1172 1139/2595/1139 1052/2566/1052
vt 0.384501 0.287433
f 1117/2517/1117 1052/2473/1052 1139/2596/1139
vt 0.383812 0.289638
f 1123/2597/1123 1117/2517/1117 1139/2596/1139
f 1172/2594/1172 1052/2566/1052 1083/2568/1083
vt 0.208333 0.953172
f 1163/2598/1163 1077/2323/1077 1005/2291/1005
vt 0.500292 0.350767
f 1033/2353/1033 1100/2536/1100 1081/2599/1081
vt 0.714537 0.033156
vt 0.710366 0.031916
vt 0.715019 0.028850
f 1101/2600/1101 1077/2601/1077 1163/2602/1163
vt 0.349005 0.108351
vt 0.353944 0.110749
f 1060/2603/1060 1095/2604/1095 1054/2522/1054
f 1068/2447/1068 979/2257/979 1098/2492/1098
vt 0.781862 0.381154
vt 0.778544 0.380477
f 1108/2495/1108 1079/2605/1079 1099/2606/1099
vt 0.128606 0.816956
f 1173/2565/1173 1110/2607/1110 992/2289/992
vt 0.175412 0.922107
f 1080/2199/1080 1143/2477/1143 1210/2608/1210
vt 0.600655 0.224846
f 1113/2508/1113 1096/2479/1096 1103/2609/1103
f 897/1871/897 1164/2512/1164 718/1528/718
vt 0.510300 0.339984
f 991/2352/991 981/2610/981 1100/2536/1100
vt 0.517442 0.344591
f 981/2610/981 1171/2611/1171 1100/2536/1100
vt 0.073562 0.204604
f 1128/2612/1128 1026/2560/1026 1138/2559/1138
vt 0.350504 0.238843
f 1112/2613/1112 1083/2470/1083 1009/2516/1009
vt 0.520620 0.517081
f 1084/2382/1084 1121/2539/1121 1145/2614/1145
vt 0.578806 0.049809
vt 0.578861 0.052374
vt 0.576221 0.050293
f 1019/2615/1019 1064/2616/1064 1072/2617/1072
vt 0.517008 0.534436
f 1122/2576/1122 1056/2482/1056 1065/2618/1065
vt 0.156535 0.724117
vt 0.160100 0.718731
f 1064/2491/1064 1122/2619/1122 1182/2620/1182
vt 0.127849 0.729813
f 1106/2457/1106 1120/2441/1120 1141/2621/1141
vt 0.113436 0.353547
vt 0.113813 0.356858
f 1145/2622/1145 1091/2623/1091 1084/2406/1084
vt 0.115728 0.733782
f 1108/2540/1108 1158/2624/1158 1034/2387/1034
vt 0.193466 0.939797
f 1030/2448/1030 1209/2625/1209 1061/2474/1061
vt 0.585544 0.981561
vt 0.582594 0.976418
f 1016/2626/1016 1177/2627/1177 1062/1897/1062
vt 0.746801 0.405414
f 1097/2430/1097 1165/2628/1165 1135/2258/1135
vt 0.860828 0.093029
vt 0.866287 0.093289
vt 0.864304 0.096243
f 1032/2629/1032 1054/2630/1054 1107/2631/1107
vt 0.255625 0.155748
vt 0.258039 0.157967
f 1134/2632/1134 1121/2633/1121 1072/2543/1072
vt 0.960867 0.545545
f 1016/2150/1016 883/2083/883 1156/2634/1156
vt 0.884581 0.758622
vt 0.882150 0.755578
f 1104/2528/1104 1081/2635/1081 1204/2636/1204
vt 0.207768 0.958252
f 1005/2291/1005 1114/2410/1114 1130/2637/1130
f 1011/2213/1011 1201/2574/1201 1143/2477/1143
f 1160/2503/1160 1047/2391/1047 943/2012/943
vt 0.162178 0.721858
vt 0.160748 0.722427
f 1072/2638/1072 1064/2491/1064 1182/2639/1182
vt 0.892873 0.751526
f 1060/2458/1060 1069/2527/1069 1131/2640/1131
f 1005/2291/1005 1130/2637/1130 1163/2598/1163
vt 0.162899 0.891553
f 1075/2348/1075 1023/2168/1023 1179/2641/1179
vt 0.413115 0.013724
vt 0.415006 0.016951
vt 0.411810 0.016678
f 1058/2642/1058 992/2643/992 1110/2644/1110
f 1144/2570/1144 1174/2395/1174 1014/2140/1014
f 1102/2200/1102 1144/2570/1144 953/2176/953
vt 0.483637 0.104013
vt 0.479156 0.103810
vt 0.482679 0.101905
f 1093/2645/1093 1159/2646/1159 1138/2647/1138
vt 0.481357 0.105535
f 1113/2648/1113 1159/2646/1159 1093/2645/1093
vt 0.860008 0.096273
f 1096/2649/1096 1032/2629/1032 1107/2631/1107
vt 0.590150 0.977262
f 1177/2627/1177 1211/2650/1211 1062/1897/1062
f 1112/2526/1112 1172/2594/1172 1083/2568/1083
vt 0.259241 0.236932
vt 0.255981 0.234045
vt 0.259425 0.231620
f 1076/2651/1076 1117/2652/1117 1123/2653/1123
vt 0.872777 0.269604
vt 0.874962 0.276280
vt 0.871764 0.274988
f 1158/2654/1158 1120/2655/1120 1034/2656/1034
vt 0.502883 0.353624
f 1081/2599/1081 1100/2536/1100 1204/2657/1204
f 1029/2245/1029 1174/2395/1174 998/2279/998
vt 0.495160 0.787396
f 1089/1767/1089 1322/2572/1322 901/2658/901
vt 0.867681 0.094794
f 1054/2630/1054 1095/2659/1095 1107/2631/1107
vt 0.776380 0.377319
f 1108/2495/1108 1099/2606/1099 1133/2660/1133
vt 0.109231 0.735620
vt 0.101655 0.734527
f 1133/2661/1133 1099/2532/1099 1170/2662/1170
vt 0.072597 0.400376
f 997/2149/997 1195/2663/1195 972/2377/972
vt 0.196661 0.951606
f 1101/2538/1101 1267/2664/1267 1071/2519/1071
vt 0.744686 0.420327
f 1188/2665/1188 941/2015/941 1082/2248/1082
f 1109/2111/1109 1075/2348/1075 1166/2537/1166
vt 0.751842 0.429208
vt 0.751105 0.428204
f 1195/2666/1195 1259/2667/1259 1074/2177/1074
vt 0.607227 0.312895
vt 0.609994 0.310760
f 1091/2668/1091 1147/2669/1147 1078/2554/1078
vt 0.750958 0.425484
f 1074/2177/1074 1259/2667/1259 1222/2670/1222
vt 0.218487 0.965902
vt 0.212014 0.967276
f 1049/2671/1049 1184/2672/1184 1114/2410/1114
f 1168/2578/1168 1105/2412/1105 1087/2580/1087
vt 0.130496 0.724104
f 1169/2673/1169 1106/2457/1106 1141/2621/1141
vt 0.146165 0.863907
f 1240/2674/1240 1102/2200/1102 1166/2537/1166
vt 0.159661 0.325743
vt 0.156447 0.324677
vt 0.156873 0.322723
f 1103/2675/1103 1096/2676/1096 1107/2677/1107
vt 0.172644 0.907907
f 1250/2678/1250 1080/2199/1080 1210/2608/1210
vt 0.122418 0.732963
f 1120/2441/1120 1157/2679/1157 1141/2621/1141
vt 0.720862 0.031248
f 1101/2600/1101 1163/2602/1163 1207/2680/1207
f 1179/2641/1179 1023/2168/1023 1151/2427/1151
vt 0.263421 0.235167
vt 0.262023 0.229686
f 1167/2681/1167 1076/2651/1076 1124/2682/1124
f 1123/2653/1123 1124/2682/1124 1076/2651/1076
vt 0.835902 0.771447
f 1115/2465/1115 1076/2513/1076 1288/2683/1288
vt 0.150654 0.235322
vt 0.149448 0.235511
vt 0.151071 0.232567
f 1068/2684/1068 1098/2685/1098 1181/2686/1181
vt 0.734186 0.622592
f 1049/2507/1049 1017/2080/1017 1223/2687/1223
vt 0.738022 0.414120
f 1146/2688/1146 1097/2430/1097 941/2015/941
vt 0.174266 0.717656
vt 0.172728 0.719552
vt 0.169349 0.717936
f 1145/2689/1145 1121/2690/1121 1134/2691/1134
vt 0.689312 0.338931
vt 0.689875 0.344270
vt 0.685698 0.340596
f 1134/2692/1134 1072/2693/1072 1257/2694/1257
vt 0.685484 0.344649
f 1257/2694/1257 1072/2693/1072 1182/2695/1182
f 1119/2581/1119 1170/2662/1170 1099/2532/1099
vt 0.576373 0.979457
f 1177/2627/1177 1016/2626/1016 1156/2696/1156
vt 0.148429 0.318086
vt 0.142001 0.317865
vt 0.145011 0.313344
f 1095/2697/1095 1060/2698/1060 1136/2699/1136
vt 0.140420 0.314392
f 1060/2698/1060 1131/2700/1131 1136/2699/1136
vt 0.505544 0.224448
f 1128/2583/1128 1202/2701/1202 1119/2584/1119
vt 0.884350 0.752192
f 1069/2527/1069 1132/2702/1132 1131/2640/1131
vt 0.509639 0.353434
f 1227/2703/1227 1204/2657/1204 1100/2536/1100
vt 0.963682 0.540382
f 1323/2704/1323 921/1996/921 1274/2514/1274
f 1069/2527/1069 1104/2528/1104 1132/2702/1132
vt 0.816488 0.895142
f 1346/2705/1346 1164/2512/1164 897/1871/897
f 921/1996/921 1323/2704/1323 883/2083/883
f 1240/2674/1240 1144/2570/1144 1102/2200/1102
vt 0.852545 0.760528
f 1086/2431/1086 1115/2465/1115 1187/2706/1187
f 1106/2457/1106 1169/2673/1169 1087/2580/1087
vt 0.873319 0.305321
f 1150/2589/1150 1058/2591/1058 1149/2707/1149
f 1080/2199/1080 1250/2678/1250 1151/2427/1151
vt 0.877693 0.271147
f 1158/2654/1158 1157/2708/1157 1120/2655/1120
vt 0.627129 0.946201
f 1154/2285/1154 1372/2709/1372 1243/1688/1243
vt 0.990925 0.114418
vt 0.990131 0.117581
vt 0.987776 0.114824
f 1124/2710/1124 1123/2711/1123 1155/2712/1155
vt 0.819771 0.902415
f 1047/2391/1047 1196/2713/1196 897/1871/897
vt 0.342429 0.289390
vt 0.344000 0.283636
vt 0.347013 0.288274
f 1167/2714/1167 1124/2715/1124 1142/2716/1142
f 1066/2346/1066 1322/2572/1322 879/1856/879
vt 0.721034 0.601534
f 1015/2350/1015 1068/2447/1068 1181/2717/1181
vt 0.147459 0.231925
f 1098/2685/1098 1126/2718/1126 1181/2686/1181
vt 0.685961 0.334940
vt 0.691090 0.333607
f 1205/2719/1205 1145/2720/1145 1134/2692/1134
vt 0.776903 0.371653
f 1108/2495/1108 1133/2660/1133 1158/2721/1158
vt 0.864718 0.097181
vt 0.866418 0.096626
f 1152/2722/1152 1107/2631/1107 1095/2723/1095
vt 0.618625 0.308611
vt 0.620388 0.310767
vt 0.613719 0.308636
f 1126/2724/1126 1098/2725/1098 1147/2726/1147
vt 0.976211 0.513800
f 1437/2468/1437 1118/2182/1118 1239/2727/1239
f 1098/2725/1098 1078/2554/1078 1147/2726/1147
vt 0.152970 0.718044
f 1182/2620/1182 1122/2619/1122 1148/2728/1148
vt 0.711090 0.506431
f 1129/2558/1129 1306/2729/1306 1070/2422/1070
vt 0.507781 0.222258
f 1202/2701/1202 1128/2583/1128 1137/2730/1137
f 1204/2636/1204 1132/2702/1132 1104/2528/1104
vt 0.477238 0.101133
vt 0.481022 0.100435
f 1191/2731/1191 1138/2732/1138 1159/2646/1159
f 1148/2728/1148 1122/2619/1122 1065/2548/1065
vt 0.116010 0.805589
f 1112/2526/1112 1150/2593/1150 1251/2733/1251
vt 0.617203 0.012777
vt 0.615972 0.010590
vt 0.623055 0.011509
f 1113/2734/1113 1103/2735/1103 1159/2736/1159
vt 0.718727 0.032295
f 1267/2737/1267 1101/2600/1101 1207/2680/1207
vt 0.974820 0.501567
f 1118/2182/1118 1088/2030/1088 1229/2738/1229
f 1146/2688/1146 941/2015/941 1188/2665/1188
vt 0.405882 0.423180
vt 0.408389 0.420288
vt 0.410010 0.422009
f 1219/2739/1219 1124/2740/1124 1155/2741/1155
vt 0.347994 0.283855
f 1142/2716/1142 1124/2715/1124 1219/2742/1219
vt 0.986805 0.119482
f 1155/2712/1155 1123/2711/1123 1139/2743/1139
f 1180/2544/1180 1073/2489/1073 1116/1942/1116
vt 0.195157 0.943566
f 1071/2519/1071 1197/2744/1197 1030/2448/1030
f 1197/2744/1197 1209/2625/1209 1030/2448/1030
vt 0.775303 0.374890
f 1158/2721/1158 1133/2660/1133 1215/2745/1215
vt 0.808212 0.873707
f 1213/2746/1213 1162/2428/1162 1111/2564/1111
f 1201/2574/1201 1061/2474/1061 1209/2625/1209
vt 0.736095 0.617553
f 1183/2747/1183 1017/2080/1017 1015/2350/1015
vt 0.154066 0.880486
f 1075/2348/1075 1260/2748/1260 1166/2537/1166
vt 0.162803 0.900958
f 1179/2641/1179 1151/2427/1151 1178/2749/1178
vt 0.011403 0.266371
vt 0.014942 0.261755
vt 0.014877 0.266769
f 1175/2750/1175 1147/2751/1147 1091/2752/1091
vt 0.126036 0.813729
vt 0.122367 0.818318
f 1058/2753/1058 1110/2607/1110 1212/2754/1212
vt 0.506099 0.219634
f 1137/2730/1137 1128/2583/1128 1138/2755/1138
vt 0.828516 0.933679
f 1278/2502/1278 1135/2201/1135 1165/2756/1165
vt 0.264147 0.238792
f 1076/2651/1076 1167/2681/1167 1288/2757/1288
vt 0.214311 0.968924
f 1184/2672/1184 1049/2671/1049 1223/2758/1223
vt 0.116307 0.355333
vt 0.118407 0.353128
f 1091/2759/1091 1145/2622/1145 1175/2760/1175
f 1130/2637/1130 1114/2410/1114 1184/2672/1184
f 1085/2456/1085 1086/2431/1086 1187/2706/1187
vt 0.620284 0.009358
f 1159/2736/1159 1103/2735/1103 1161/2761/1161
vt 0.642065 0.936429
f 1243/1688/1243 1609/2762/1609 1092/2436/1092
f 1205/2719/1205 1134/2692/1134 1257/2694/1257
vt 0.604222 0.221605
vt 0.605200 0.224194
f 1103/2609/1103 1107/2763/1107 1161/2764/1161
vt 0.883599 0.275224
vt 0.882788 0.270956
f 1141/2765/1141 1157/2708/1157 1206/2766/1206
vt 0.842900 0.760491
f 1115/2465/1115 1153/2767/1153 1187/2706/1187
f 1092/2306/1092 1271/2461/1271 1125/1843/1125
vt 0.615992 0.954030
f 1281/2768/1281 1154/2285/1154 1094/2354/1094
vt 0.109720 0.731226
f 1215/2769/1215 1133/2661/1133 1170/2662/1170
vt 0.618838 0.306240
vt 0.616595 0.307506
vt 0.616657 0.306123
f 1126/2770/1126 1147/2771/1147 1217/2772/1217
f 1143/2477/1143 1201/2574/1201 1210/2608/1210
vt 0.267020 0.237398
f 1167/2681/1167 1220/2773/1220 1288/2757/1288
vt 0.088524 0.738643
vt 0.088307 0.733634
vt 0.092717 0.738457
f 1137/2774/1137 1234/2775/1234 1202/2776/1202
vt 0.095521 0.736414
f 1170/2662/1170 1119/2581/1119 1202/2777/1202
vt 0.013134 0.259763
f 1217/2778/1217 1147/2751/1147 1175/2750/1175
vt 0.878354 0.308266
vt 0.871815 0.309684
f 1212/2779/1212 1189/2780/1189 1058/2591/1058
vt 0.508053 0.219093
f 1191/2781/1191 1137/2730/1137 1138/2755/1138
vt 0.148730 0.874032
f 1166/2537/1166 1260/2748/1260 1352/2782/1352
vt 0.122417 0.811505
vt 0.118162 0.813061
vt 0.124360 0.808830
f 1149/2783/1149 1189/2784/1189 1150/2785/1150
f 1323/2704/1323 1156/2634/1156 883/2083/883
vt 0.111008 0.788167
vt 0.108525 0.792737
f 1155/2786/1155 1139/2595/1139 1233/2787/1233
f 1178/2749/1178 1151/2427/1151 1250/2678/1250
vt 0.745999 0.426278
vt 0.739402 0.422778
f 1222/2788/1222 1203/2789/1203 1188/2665/1188
vt 0.205138 0.954348
vt 0.201962 0.958110
f 1163/2790/1163 1130/2637/1130 1194/2791/1194
vt 0.148261 0.721105
f 1148/2728/1148 1065/2548/1065 1176/2792/1176
vt 0.709090 0.375895
vt 0.711712 0.371816
f 1065/2524/1065 1168/2793/1168 1176/2794/1176
vt 0.688069 0.332154
f 1205/2719/1205 1175/2795/1175 1145/2720/1145
vt 0.772712 0.370168
vt 0.775137 0.369271
f 1190/2796/1190 1157/2797/1157 1158/2721/1158
vt 0.149696 0.230203
f 1181/2686/1181 1126/2718/1126 1200/2798/1200
vt 0.125644 0.832106
f 1173/2565/1173 1199/2529/1199 1214/2799/1214
vt 0.803533 0.831054
vt 0.804713 0.832779
vt 0.802952 0.833364
f 1193/2800/1193 1070/2801/1070 1306/2802/1306
vt 0.105064 0.729277
f 1215/2769/1215 1170/2662/1170 1248/2803/1248
f 1127/2442/1127 1213/2746/1213 1111/2564/1111
vt 0.498810 0.778953
vt 0.496375 0.784355
f 1322/2572/1322 1361/2804/1361 901/2805/901
vt 0.405756 0.175025
vt 0.411444 0.177213
vt 0.403244 0.177425
f 1136/2806/1136 1131/2807/1131 1185/2808/1185
vt 0.009744 0.260072
f 1217/2778/1217 1175/2750/1175 1225/2809/1225
vt 0.609208 0.956775
f 1361/2810/1361 1094/2354/1094 901/1906/901
vt 0.826253 0.771940
vt 0.826466 0.767491
f 1288/2683/1288 1220/2811/1220 1186/2812/1186
vt 0.251917 0.315386
vt 0.256139 0.314686
vt 0.253386 0.318720
f 1294/2813/1294 1131/2814/1131 1132/2815/1132
f 1127/2442/1127 1043/1471/1043 1164/2512/1164
f 1223/2687/1223 1017/2080/1017 1183/2747/1183
f 1149/2707/1149 1058/2591/1058 1189/2780/1189
f 1233/2787/1233 1139/2595/1139 1172/2594/1172
vt 0.861568 0.754831
f 1216/2816/1216 1171/2569/1171 1085/2456/1085
vt 0.415225 0.427795
f 1219/2739/1219 1155/2741/1155 1233/2817/1233
vt 0.974127 0.498658
f 1229/2738/1229 1088/2030/1088 1192/2818/1192
vt 0.606817 0.222332
f 1161/2764/1161 1107/2763/1107 1152/2819/1152
f 1088/2030/1088 1193/2545/1193 1192/2818/1192
f 1085/2456/1085 1187/2706/1187 1216/2816/1216
vt 0.171475 0.237742
vt 0.168359 0.234849
vt 0.170841 0.232843
f 1220/2820/1220 1167/2821/1167 1142/2822/1142
f 1199/2529/1199 998/2279/998 1214/2799/1214
vt 0.351283 0.286356
f 1232/2823/1232 1142/2716/1142 1219/2742/1219
vt 0.130161 0.844567
f 1214/2799/1214 998/2279/998 1263/2824/1263
vt 0.773602 0.372160
f 1215/2825/1215 1190/2796/1190 1158/2721/1158
vt 0.152716 0.313321
f 1136/2699/1136 1254/2826/1254 1095/2697/1095
vt 0.142272 0.720883
f 1087/2580/1087 1176/2827/1176 1168/2578/1168
vt 0.158555 0.318140
f 1254/2826/1254 1152/2828/1152 1095/2697/1095
f 1075/2348/1075 1179/2641/1179 1260/2748/1260
vt 0.183944 0.584173
vt 0.183933 0.585385
vt 0.181039 0.583259
f 1256/2829/1256 1195/2830/1195 997/2831/997
vt 0.617445 0.305073
f 1126/2770/1126 1217/2772/1217 1200/2832/1200
vt 0.409340 0.180259
f 1294/2833/1294 1185/2808/1185 1131/2807/1131
f 1166/2537/1166 1352/2782/1352 1240/2674/1240
vt 0.082638 0.735824
f 1234/2775/1234 1137/2774/1137 1228/2834/1228
vt 0.891163 0.272695
f 1206/2766/1206 1169/2835/1169 1141/2765/1141
vt 0.625773 0.077541
vt 0.622170 0.076182
vt 0.625387 0.076293
f 1137/2836/1137 1191/2837/1191 1228/2838/1228
vt 0.248156 0.325567
vt 0.247706 0.321933
vt 0.253839 0.322676
f 1227/2839/1227 1235/2840/1235 1204/2841/1204
f 1115/2465/1115 1288/2683/1288 1153/2767/1153
vt 0.122027 0.728521
vt 0.120013 0.730406
vt 0.119366 0.728198
f 1206/2842/1206 1157/2843/1157 1253/2844/1253
vt 0.438226 0.356348
vt 0.429785 0.357402
vt 0.430732 0.354050
f 1159/2845/1159 1161/2846/1161 1198/2847/1198
vt 0.771351 0.365242
f 1157/2797/1157 1190/2796/1190 1253/2848/1253
f 1150/2593/1150 1189/2784/1189 1251/2733/1251
vt 0.168213 0.322267
vt 0.164394 0.323799
f 1152/2828/1152 1198/2849/1198 1161/2850/1161
f 1174/2395/1174 1263/2824/1263 998/2279/998
vt 0.722798 0.028358
f 1207/2680/1207 1163/2602/1163 1194/2851/1194
vt 0.195025 0.946107
vt 0.194208 0.947943
f 1197/2852/1197 1071/2519/1071 1208/2853/1208
vt 0.469397 0.172134
vt 0.466409 0.175169
vt 0.462546 0.171420
f 1209/2854/1209 1197/2855/1197 1238/2856/1238
vt 0.516356 0.354535
f 1227/2703/1227 1100/2536/1100 1266/2857/1266
vt 0.621648 0.073454
f 1228/2838/1228 1191/2837/1191 1252/2858/1252
vt 0.620472 0.074164
f 1191/2837/1191 1159/2859/1159 1252/2858/1252
vt 0.012692 0.255282
f 1200/2860/1200 1217/2778/1217 1225/2809/1225
f 1110/2607/1110 1173/2565/1173 1212/2754/1212
vt 0.196253 0.951640
f 1208/2853/1208 1071/2519/1071 1267/2861/1267
f 1132/2815/1132 1204/2841/1204 1235/2840/1235
vt 0.139108 0.856512
f 1144/2570/1144 1240/2674/1240 1218/2862/1218
vt 0.740278 0.427831
f 1332/2863/1332 1203/2789/1203 1222/2788/1222
f 1174/2395/1174 1144/2570/1144 1218/2862/1218
f 1203/2789/1203 1146/2688/1146 1188/2665/1188
vt 0.978062 0.501929
vt 0.979449 0.505199
f 1241/2864/1241 1336/2865/1336 1229/2738/1229
vt 0.152656 0.714460
f 1148/2728/1148 1224/2866/1224 1182/2620/1182
vt 0.145446 0.717116
f 1148/2728/1148 1176/2792/1176 1275/2867/1275
vt 0.596411 0.965613
f 1063/2501/1063 1246/2868/1246 1066/2429/1066
vt 0.522412 0.355087
f 1266/2857/1266 1100/2536/1100 1272/2869/1272
f 1100/2536/1100 1171/2611/1171 1272/2869/1272
vt 0.728581 0.602437
f 1015/2350/1015 1181/2717/1181 1249/2870/1249
vt 0.114817 0.729436
f 1248/2803/1248 1190/2871/1190 1215/2769/1215
vt 0.207062 0.970468
f 1184/2672/1184 1223/2758/1223 1244/2872/1244
vt 0.227624 0.231571
vt 0.230943 0.237375
vt 0.226172 0.233900
f 1294/2873/1294 1286/2874/1286 1185/2875/1185
vt 0.165166 0.715499
f 1182/2620/1182 1224/2866/1224 1257/2876/1257
vt 0.206629 0.963629
f 1130/2637/1130 1184/2672/1184 1226/2877/1226
vt 0.191789 0.110492
vt 0.189577 0.111331
vt 0.188260 0.108270
f 1294/2878/1294 1132/2879/1132 1287/2880/1287
vt 0.462322 0.176125
f 1208/2881/1208 1238/2856/1238 1197/2855/1197
vt 0.435571 0.352039
f 1252/2882/1252 1159/2845/1159 1198/2847/1198
vt 0.096457 0.728754
f 1237/2883/1237 1202/2777/1202 1234/2775/1234
vt 0.177002 0.706172
vt 0.183401 0.707872
vt 0.178635 0.710326
f 1245/2884/1245 1225/2885/1225 1175/2886/1175
vt 0.486905 0.776738
f 1066/2346/1066 1424/2887/1424 1322/2572/1322
vt 0.188071 0.941984
f 1238/2888/1238 1201/2574/1201 1209/2625/1209
vt 0.134230 0.719512
f 1176/2827/1176 1087/2580/1087 1258/2889/1258
f 1087/2580/1087 1169/2673/1169 1258/2889/1258
vt 0.876431 0.311898
f 1189/2780/1189 1212/2779/1212 1310/2890/1310
vt 0.887365 0.268910
f 1206/2766/1206 1236/2891/1236 1169/2835/1169
vt 0.142276 0.864802
f 1315/2892/1315 1218/2862/1218 1240/2674/1240
vt 0.176591 0.234068
vt 0.173754 0.231241
f 1264/2893/1264 1142/2822/1142 1255/2894/1255
vt 0.073179 0.398575
vt 0.075660 0.399939
vt 0.073540 0.400315
f 1256/2895/1256 1327/2896/1327 1195/2897/1195
f 1220/2820/1220 1142/2822/1142 1264/2893/1264
vt 0.352416 0.291084
f 1142/2716/1142 1232/2823/1232 1255/2898/1255
vt 0.682418 0.330890
vt 0.678913 0.332413
f 1221/2899/1221 1205/2719/1205 1290/2900/1290
vt 0.168805 0.707614
vt 0.169217 0.713777
f 1290/2901/1290 1205/2902/1205 1257/2876/1257
vt 0.199090 0.264266
vt 0.196750 0.263144
f 1259/2903/1259 1332/2904/1332 1222/2586/1222
vt 0.178555 0.936225
f 1201/2574/1201 1276/2905/1276 1210/2608/1210
vt 0.008354 0.255534
f 1200/2860/1200 1225/2809/1225 1283/2906/1283
f 1170/2662/1170 1202/2777/1202 1237/2883/1237
vt 0.167764 0.317261
f 1198/2849/1198 1152/2828/1152 1285/2907/1285
vt 0.894978 0.270116
f 1236/2891/1236 1349/2908/1349 1169/2835/1169
vt 0.248447 0.316605
f 1132/2815/1132 1235/2840/1235 1287/2909/1287
vt 0.119816 0.725182
vt 0.113493 0.722822
f 1253/2910/1253 1190/2871/1190 1304/2911/1304
f 1190/2871/1190 1248/2803/1248 1304/2911/1304
vt 0.494311 0.538424
vt 0.493160 0.549992
vt 0.487006 0.543764
f 1194/2912/1194 1226/2913/1226 1305/2914/1305
f 1130/2637/1130 1226/2877/1226 1194/2791/1194
vt 0.491168 0.530463
vt 0.493922 0.533873
vt 0.487159 0.533145
f 1267/2915/1267 1207/2916/1207 1247/2917/1247
f 1174/2395/1174 1218/2862/1218 1263/2824/1263
vt 0.686028 0.331327
f 1175/2918/1175 1205/2719/1205 1221/2899/1221
vt 0.107625 0.796561
f 1172/2594/1172 1112/2526/1112 1298/2919/1298
vt 0.110327 0.805160
f 1112/2526/1112 1251/2733/1251 1230/2920/1230
f 1172/2594/1172 1298/2919/1298 1233/2787/1233
vt 0.403409 0.428654
vt 0.402013 0.423065
f 1219/2739/1219 1231/2921/1231 1232/2922/1232
vt 0.429383 0.056025
vt 0.427811 0.059066
vt 0.424926 0.055812
f 1254/2923/1254 1185/2924/1185 1261/2925/1261
vt 0.117286 0.823854
f 1212/2754/1212 1173/2565/1173 1242/2926/1242
vt 0.867017 0.752317
f 1171/2569/1171 1216/2816/1216 1272/2927/1272
f 1276/2905/1276 1201/2574/1201 1238/2888/1238
vt 0.722804 0.598778
f 1200/2928/1200 1249/2870/1249 1181/2717/1181
vt 0.186457 0.579982
f 997/2831/997 1364/2929/1364 1256/2829/1256
vt 0.728474 0.598996
f 1249/2870/1249 1200/2928/1200 1283/2930/1283
vt 0.188871 0.949602
f 1289/2931/1289 1208/2853/1208 1267/2861/1267
vt 0.457364 0.174144
f 1238/2856/1238 1208/2881/1208 1289/2932/1289
vt 0.398948 0.175153
f 1136/2806/1136 1185/2808/1185 1254/2933/1254
vt 0.739280 0.606383
f 1308/2934/1308 1183/2747/1183 1015/2350/1015
vt 0.712115 0.369216
vt 0.716979 0.369955
f 1176/2794/1176 1262/2935/1262 1275/2936/1275
vt 0.140177 0.719165
f 1258/2889/1258 1262/2937/1262 1176/2827/1176
f 1118/2182/1118 1229/2738/1229 1336/2865/1336
vt 0.122947 0.726314
vt 0.123263 0.723464
f 1206/2938/1206 1253/2910/1253 1236/2939/1236
vt 0.157683 0.913954
f 1178/2749/1178 1250/2678/1250 1300/2940/1300
f 1281/2768/1281 1094/2354/1094 1361/2810/1361
vt 0.118142 0.347514
vt 0.122821 0.347770
f 1221/2941/1221 1245/2942/1245 1175/2760/1175
vt 0.819696 0.771093
f 1220/2811/1220 1264/2943/1264 1186/2812/1186
vt 0.109903 0.801328
f 1112/2526/1112 1230/2920/1230 1297/2944/1297
vt 0.109726 0.798294
f 1298/2945/1298 1112/2526/1112 1297/2944/1297
vt 0.813250 0.500701
vt 0.812646 0.505215
vt 0.810077 0.502276
f 1192/2946/1192 1241/2947/1241 1229/2948/1229
vt 0.396659 0.425681
f 1231/2921/1231 1311/2949/1311 1232/2922/1232
vt 0.355004 0.287674
f 1255/2898/1255 1232/2823/1232 1311/2950/1311
vt 0.811689 0.076542
vt 0.809780 0.073540
vt 0.814536 0.071499
f 1228/2951/1228 1252/2952/1252 1279/2953/1279
vt 0.430430 0.349339
vt 0.434187 0.350981
f 1198/2847/1198 1279/2954/1279 1252/2955/1252
f 1173/2565/1173 1214/2799/1214 1242/2926/1242
f 1248/2803/1248 1170/2662/1170 1237/2883/1237
vt 0.183913 0.573715
f 997/2831/997 1048/2233/1048 1700/2956/1700
vt 0.169414 0.320526
f 1285/2907/1285 1273/2957/1273 1198/2849/1198
f 1196/2713/1196 1346/2705/1346 897/1871/897
vt 0.591172 0.971110
f 1063/2958/1063 1211/2650/1211 1177/2627/1177
vt 0.242017 0.325439
vt 0.247179 0.322416
f 1227/2839/1227 1266/2959/1266 1235/2960/1235
vt 0.814254 0.502539
f 1302/2961/1302 1241/2947/1241 1192/2946/1192
vt 0.600283 0.962571
f 1246/2868/1246 1424/2962/1424 1066/2429/1066
f 1352/2782/1352 1315/2892/1315 1240/2674/1240
vt 0.154684 0.312508
vt 0.159470 0.313177
f 1261/2963/1261 1265/2964/1265 1254/2826/1254
f 1219/2739/1219 1233/2817/1233 1231/2921/1231
vt 0.409545 0.431894
f 1231/2921/1231 1233/2817/1233 1377/2965/1377
vt 0.741453 0.623135
f 1244/2966/1244 1223/2687/1223 1183/2747/1183
vt 0.272824 0.044359
vt 0.268429 0.046683
vt 0.268284 0.043061
f 1280/2967/1280 1255/2968/1255 1311/2969/1311
vt 0.272975 0.046530
f 1280/2967/1280 1264/2970/1264 1255/2968/1255
vt 0.178943 0.229457
vt 0.180382 0.230696
f 1264/2893/1264 1280/2971/1280 1269/2972/1269
vt 0.425174 0.059532
f 1261/2925/1261 1185/2924/1185 1286/2973/1286
vt 0.427514 0.349590
f 1273/2974/1273 1279/2954/1279 1198/2847/1198
vt 0.741433 0.611288
f 1183/2747/1183 1308/2934/1308 1425/2975/1425
vt 0.805183 0.514156
vt 0.805960 0.511972
vt 0.810164 0.509465
f 1239/2976/1239 1118/2977/1118 1336/2978/1336
vt 0.184690 0.111618
vt 0.183453 0.109309
f 1287/2880/1287 1235/2979/1235 1293/2980/1293
f 1265/2964/1265 1285/2907/1285 1152/2828/1152
f 1152/2828/1152 1254/2826/1254 1265/2964/1265
vt 0.153370 0.710505
f 1325/2981/1325 1257/2876/1257 1224/2866/1224
vt 0.726401 0.029035
vt 0.722988 0.030770
f 1194/2851/1194 1316/2982/1316 1207/2983/1207
vt 0.487786 0.536695
f 1316/2984/1316 1247/2917/1247 1207/2916/1207
vt 0.173763 0.571778
f 939/2105/939 1476/2985/1476 1048/2233/1048
f 1148/2728/1148 1275/2867/1275 1224/2866/1224
vt 0.818624 0.765178
f 1340/2986/1340 1186/2812/1186 1264/2943/1264
vt 0.813999 0.768952
f 1270/2987/1270 1340/2986/1340 1264/2943/1264
vt 0.110996 0.811955
f 1251/2733/1251 1189/2784/1189 1314/2988/1314
vt 0.127335 0.851294
f 1282/2989/1282 1263/2824/1263 1218/2862/1218
f 1230/2920/1230 1251/2733/1251 1314/2988/1314
vt 0.801752 0.857669
f 1162/2428/1162 1357/2990/1357 1090/2381/1090
vt 0.181457 0.233849
f 1269/2972/1269 1270/2991/1270 1264/2893/1264
vt 0.117208 0.719908
f 1236/2939/1236 1253/2910/1253 1301/2992/1301
vt 0.837091 0.752172
f 1394/2993/1394 1288/2683/1288 1186/2812/1186
vt 0.075355 0.398242
vt 0.074396 0.396546
f 1327/2994/1327 1256/2895/1256 1364/2995/1364
vt 0.498617 0.553700
vt 0.495129 0.553196
f 1184/2996/1184 1244/2997/1244 1226/2913/1226
vt 0.189050 0.703393
vt 0.184779 0.701322
f 1283/2998/1283 1225/2885/1225 1277/2999/1277
f 1277/2999/1277 1225/2885/1225 1245/2884/1245
vt 0.116287 0.818599
f 1212/2754/1212 1242/2926/1242 1310/3000/1310
f 1310/3000/1310 1314/2988/1314 1189/2784/1189
vt 0.076912 0.402898
f 1327/2896/1327 1259/3001/1259 1195/2897/1195
vt 0.133026 0.864313
f 1315/2892/1315 1375/3002/1375 1218/2862/1218
vt 0.165742 0.922430
vt 0.170856 0.928999
f 1313/3003/1313 1210/2608/1210 1335/3004/1335
vt 0.135300 0.712644
f 1262/2937/1262 1258/2889/1258 1268/3005/1268
vt 0.548480 0.073977
vt 0.549929 0.071477
vt 0.550593 0.075163
f 1284/3006/1284 1165/3007/1165 1097/3008/1097
vt 0.561257 0.098108
vt 0.556757 0.097943
vt 0.556740 0.094381
f 1306/3009/1306 1465/3010/1465 1193/3011/1193
vt 0.129441 0.717499
f 1258/2889/1258 1169/2673/1169 1349/3012/1349
vt 0.815485 0.073486
f 1228/2951/1228 1279/2953/1279 1309/3013/1309
vt 0.189304 0.957150
vt 0.193284 0.958460
f 1402/3014/1402 1267/2861/1267 1247/3015/1247
vt 0.418754 0.430983
f 1377/2965/1377 1233/2817/1233 1298/3016/1298
f 1271/2461/1271 1476/2985/1476 939/2105/939
vt 0.104279 0.717479
f 1461/3017/1461 1304/2911/1304 1248/2803/1248
vt 0.161578 0.704662
f 1290/2901/1290 1257/2876/1257 1414/3018/1414
vt 0.646838 0.930953
vt 0.648746 0.941462
f 1609/2762/1609 1450/3019/1450 1092/3020/1092
vt 0.159624 0.569731
f 1450/3021/1450 1271/2461/1271 1092/2306/1092
f 1257/2876/1257 1325/2981/1325 1414/3018/1414
vt 0.082678 0.728835
f 1345/3022/1345 1237/2883/1237 1234/2775/1234
vt 0.712694 0.367301
f 1262/2935/1262 1268/3023/1268 1275/2936/1275
f 1210/2608/1210 1276/2905/1276 1335/3004/1335
vt 0.146163 0.897674
f 1179/2641/1179 1178/2749/1178 1462/3024/1462
vt 0.124416 0.721649
vt 0.120318 0.716902
f 1236/3025/1236 1350/3026/1350 1349/3012/1349
vt 0.853330 0.751511
f 1216/2816/1216 1187/2706/1187 1330/3027/1330
vt 0.818445 0.929018
f 1278/2502/1278 1165/2756/1165 1678/3028/1678
vt 0.845346 0.750006
f 1153/2767/1153 1312/3029/1312 1187/2706/1187
vt 0.827418 0.759102
f 1394/2993/1394 1186/2812/1186 1386/3030/1386
vt 0.487584 0.583826
vt 0.488210 0.579968
vt 0.493999 0.580258
f 1270/3031/1270 1269/3032/1269 1296/3033/1296
vt 0.489105 0.575913
f 1296/3033/1296 1269/3032/1269 1280/3034/1280
vt 0.722818 0.516263
f 1180/3035/1180 1129/2558/1129 1073/2557/1073
vt 0.920015 0.590984
vt 0.927167 0.592725
vt 0.927319 0.598029
f 1297/3036/1297 1230/3037/1230 1334/3038/1334
vt 0.423826 0.058061
f 1286/2973/1286 1292/3039/1292 1261/2925/1261
vt 0.230134 0.229383
vt 0.234994 0.232261
f 1294/2873/1294 1287/3040/1287 1303/3041/1303
vt 0.243617 0.318745
vt 0.238955 0.321697
f 1293/3042/1293 1235/2960/1235 1319/3043/1319
f 1266/2959/1266 1319/3043/1319 1235/2960/1235
vt 0.457330 0.171328
f 1238/2856/1238 1289/2932/1289 1291/3044/1291
vt 0.235323 0.236167
f 1286/2874/1286 1294/2873/1294 1292/3045/1292
vt 0.862395 0.746338
f 1295/3046/1295 1272/2927/1272 1216/2816/1216
f 1249/2870/1249 1308/2934/1308 1015/2350/1015
vt 0.679468 0.328808
f 1221/2899/1221 1290/2900/1290 1245/3047/1245
vt 0.184242 0.949407
vt 0.178026 0.946584
f 1291/3048/1291 1317/3049/1317 1238/2888/1238
vt 0.574071 0.975419
f 1177/2627/1177 1156/2696/1156 1446/3050/1446
vt 0.735346 0.600766
f 1283/2930/1283 1299/3051/1299 1249/2870/1249
vt 0.174656 0.702370
f 1277/2999/1277 1245/2884/1245 1353/3052/1353
f 1350/3026/1350 1236/2939/1236 1301/2992/1301
vt 0.737261 0.406824
f 1284/3053/1284 1097/2430/1097 1146/2688/1146
f 1345/3022/1345 1234/2775/1234 1228/2834/1228
f 1186/2812/1186 1340/2986/1340 1386/3030/1386
vt 0.077473 0.733155
f 1228/2834/1228 1309/3054/1309 1345/3022/1345
vt 0.132304 0.858904
f 1355/3055/1355 1282/2989/1282 1218/2862/1218
f 1153/2767/1153 1288/2683/1288 1394/2993/1394
vt 0.186459 0.953010
f 1324/3056/1324 1289/2931/1289 1267/2861/1267
vt 0.106595 0.799655
vt 0.096702 0.800642
f 1298/2919/1298 1297/3057/1297 1399/3058/1399
vt 0.732047 0.421572
f 1146/2688/1146 1203/2789/1203 1348/3059/1348
f 1308/2934/1308 1249/2870/1249 1299/3051/1299
vt 0.187979 0.699280
f 1283/2998/1283 1277/2999/1277 1299/3060/1299
f 1303/3041/1303 1292/3045/1292 1294/2873/1294
vt 0.118092 0.830621
f 1214/2799/1214 1341/3061/1341 1242/2926/1242
vt 0.241126 0.315386
vt 0.246564 0.316356
f 1293/3042/1293 1303/3062/1303 1287/3063/1287
vt 0.843347 0.331090
vt 0.847401 0.330299
vt 0.845482 0.333036
f 1307/3064/1307 1310/3065/1310 1242/3066/1242
f 1402/3014/1402 1324/3056/1324 1267/2861/1267
vt 0.801122 0.852152
f 1398/3067/1398 1180/2544/1180 1090/2381/1090
f 1291/3048/1291 1289/2931/1289 1324/3056/1324
vt 0.136721 0.879756
f 1439/3068/1439 1315/2892/1315 1352/2782/1352
vt 0.856776 0.744204
f 1216/2816/1216 1330/3027/1330 1415/3069/1415
vt 0.774833 0.118463
vt 0.778852 0.121610
vt 0.774976 0.121747
f 1218/3070/1218 1375/3071/1375 1355/3072/1355
vt 0.141809 0.713446
vt 0.146232 0.710321
f 1326/3073/1326 1328/3074/1328 1224/2866/1224
f 1275/2867/1275 1326/3073/1326 1224/2866/1224
f 1187/2706/1187 1312/3029/1312 1330/3027/1330
vt 0.011408 0.161282
vt 0.008060 0.159763
vt 0.013789 0.158280
f 1309/3075/1309 1279/3076/1279 1318/3077/1318
vt 0.717447 0.367011
vt 0.715076 0.365243
f 1326/3078/1326 1275/2936/1275 1268/3079/1268
vt 0.120224 0.837737
f 1214/2799/1214 1263/2824/1263 1351/3080/1351
vt 0.493282 0.586447
f 1296/3033/1296 1343/3081/1343 1270/3031/1270
vt 0.807693 0.888640
f 1164/2512/1164 1438/3082/1438 1127/2442/1127
f 1194/2912/1194 1305/2914/1305 1316/2984/1316
f 1253/2910/1253 1304/2911/1304 1301/2992/1301
vt 0.631473 0.939265
f 1372/2709/1372 1666/3083/1666 1243/1688/1243
f 1276/2905/1276 1238/2888/1238 1317/3049/1317
vt 0.008651 0.157863
f 1273/3084/1273 1318/3077/1318 1279/3076/1279
f 1476/2985/1476 1700/2956/1700 1048/2233/1048
vt 0.238350 0.234581
f 1303/3041/1303 1339/3085/1339 1292/3045/1292
vt 0.162858 0.313576
vt 0.167399 0.312825
f 1285/2907/1285 1265/3086/1265 1356/3087/1356
vt 0.970191 0.222388
vt 0.969445 0.218531
vt 0.975627 0.222696
f 1265/3088/1265 1261/3089/1261 1365/3090/1365
vt 0.241399 0.320093
vt 0.237521 0.318053
f 1293/3042/1293 1319/3091/1319 1360/3092/1360
f 1250/2678/1250 1210/2608/1210 1313/3003/1313
vt 0.237596 0.326165
f 1266/2959/1266 1272/3093/1272 1319/3043/1319
vt 0.110214 0.821090
vt 0.112987 0.823378
f 1354/3094/1354 1310/3000/1310 1307/3095/1307
f 1295/3046/1295 1216/2816/1216 1415/3069/1415
vt 0.816951 0.906871
f 1404/3096/1404 1196/2713/1196 1047/2391/1047
vt 0.814596 0.504110
f 1302/2961/1302 1534/3097/1534 1241/2947/1241
vt 0.498041 0.578850
f 1280/3034/1280 1458/3098/1458 1296/3033/1296
vt 0.465382 0.123045
vt 0.466298 0.122046
vt 0.468120 0.124273
f 1192/3099/1192 1193/3100/1193 1418/3101/1418
vt 0.919536 0.594040
f 1399/3102/1399 1297/3036/1297 1334/3038/1334
vt 0.091607 0.795551
f 1399/3058/1399 1429/3103/1429 1298/2919/1298
vt 0.197254 0.266312
vt 0.192482 0.263355
f 1327/3104/1327 1332/3105/1332 1259/2903/1259
vt 0.142179 0.886543
f 1352/2782/1352 1260/2748/1260 1333/3106/1333
f 1341/3061/1341 1214/2799/1214 1351/3080/1351
vt 0.817779 0.918202
f 1618/3107/1618 1047/2391/1047 1160/2503/1160
vt 0.083739 0.725891
f 1237/2883/1237 1345/3022/1345 1416/3108/1416
f 1303/3062/1303 1293/3042/1293 1360/3092/1360
vt 0.554490 0.096932
f 1465/3010/1465 1418/3109/1418 1193/3011/1193
vt 0.482131 0.539167
vt 0.481607 0.528675
f 1247/2917/1247 1321/3110/1321 1402/3111/1402
vt 0.814332 0.762483
f 1340/2986/1340 1270/2987/1270 1344/3112/1344
vt 0.491720 0.589549
f 1343/3081/1343 1342/3113/1342 1270/3031/1270
f 1260/2748/1260 1179/2641/1179 1333/3106/1333
vt 0.325620 0.109002
vt 0.327334 0.112235
vt 0.321482 0.112773
f 1356/3114/1356 1265/3115/1265 1365/3116/1365
vt 0.798000 0.864785
f 1558/3117/1558 1357/2990/1357 1162/2428/1162
vt 0.094281 0.722213
f 1461/3017/1461 1248/2803/1248 1320/3118/1320
f 1248/2803/1248 1237/2883/1237 1320/3118/1320
vt 0.179992 0.695599
f 1353/3052/1353 1329/3119/1329 1277/2999/1277
vt 0.794662 0.245853
vt 0.797303 0.249015
vt 0.794267 0.249760
f 1328/3120/1328 1325/3121/1325 1224/3122/1224
f 1320/3118/1320 1237/2883/1237 1416/3108/1416
vt 0.839253 0.337907
f 1307/3064/1307 1242/3066/1242 1341/3123/1341
vt 0.120040 0.842519
f 1263/2824/1263 1337/3124/1337 1351/3080/1351
f 1700/2956/1700 1364/2929/1364 997/2831/997
vt 0.132579 0.869403
f 1374/3125/1374 1315/2892/1315 1439/3068/1439
f 1250/2678/1250 1313/3003/1313 1300/2940/1300
f 1315/2892/1315 1374/3125/1374 1375/3002/1375
vt 0.011291 0.155139
f 1318/3077/1318 1273/3084/1273 1368/3126/1368
vt 0.074943 0.730114
f 1345/3022/1345 1309/3054/1309 1318/3127/1318
vt 0.233454 0.324987
f 1319/3043/1319 1272/3093/1272 1347/3128/1347
vt 0.820959 0.759334
f 1386/3030/1386 1340/2986/1340 1382/3129/1382
f 1312/3029/1312 1153/2767/1153 1394/2993/1394
vt 0.171984 0.702702
vt 0.168401 0.701334
f 1353/3130/1353 1245/2884/1245 1383/3131/1383
vt 0.977562 0.219646
f 1365/3090/1365 1261/3089/1261 1359/3132/1359
f 1245/2884/1245 1290/2901/1290 1383/3131/1383
f 1316/2984/1316 1321/3110/1321 1247/2917/1247
f 1333/3106/1333 1179/2641/1179 1462/3024/1462
vt 0.554625 0.317408
vt 0.547269 0.317080
vt 0.548872 0.313376
f 1261/3133/1261 1292/3134/1292 1373/3135/1373
f 1383/3131/1383 1290/2901/1290 1414/3018/1414
vt 0.498703 0.582055
vt 0.494386 0.585888
f 1296/3033/1296 1331/3136/1331 1343/3137/1343
vt 0.185922 0.348088
vt 0.188595 0.351258
vt 0.184119 0.353073
f 1280/3138/1280 1311/3139/1311 1369/3140/1369
vt 0.176923 0.951227
f 1317/3049/1317 1291/3048/1291 1397/3141/1397
vt 0.104142 0.816312
f 1310/3000/1310 1354/3094/1354 1391/3142/1391
f 1314/2988/1314 1310/3000/1310 1391/3142/1391
vt 0.934262 0.597418
f 1230/3037/1230 1314/3143/1314 1334/3038/1334
vt 0.409587 0.439617
f 1377/2965/1377 1298/3016/1298 1429/3144/1429
vt 0.184432 0.696428
f 1299/3060/1299 1277/2999/1277 1338/3145/1338
vt 0.150388 0.906062
f 1462/3024/1462 1178/2749/1178 1434/3146/1434
vt 0.833705 0.341762
vt 0.833867 0.337427
f 1351/3147/1351 1384/3148/1384 1341/3123/1341
vt 0.817379 0.507017
f 1534/3149/1534 1336/2978/1336 1241/2947/1241
vt 0.142898 0.707907
vt 0.139360 0.708440
f 1393/3150/1393 1326/3073/1326 1362/3151/1362
f 1326/3073/1326 1268/3005/1268 1362/3151/1362
vt 0.837884 0.331544
f 1388/3152/1388 1341/3123/1341 1384/3148/1384
f 1307/3064/1307 1341/3123/1341 1388/3152/1388
f 1349/3012/1349 1268/3005/1268 1258/2889/1258
vt 0.228207 0.456460
vt 0.230810 0.450661
vt 0.232146 0.457045
f 1409/3153/1409 1268/3154/1268 1349/3155/1349
vt 0.753958 0.618928
vt 0.744712 0.623379
f 1366/3156/1366 1244/3157/1244 1183/2747/1183
vt 0.200245 0.970875
vt 0.195523 0.972599
f 1226/3158/1226 1244/2872/1244 1367/3159/1367
vt 0.980970 0.525948
f 1437/2468/1437 1706/3160/1706 1140/2469/1140
vt 0.424808 0.347214
vt 0.425577 0.344569
f 1273/2974/1273 1285/3161/1285 1368/3162/1368
vt 0.584908 0.965510
f 1177/2627/1177 1579/3163/1579 1063/2958/1063
f 1316/2984/1316 1305/2914/1305 1321/3110/1321
f 1047/2391/1047 1618/3107/1618 1404/3096/1404
vt 0.122047 0.855263
f 1282/2989/1282 1355/3055/1355 1412/3164/1412
vt 0.232898 0.327613
f 1295/3165/1295 1347/3128/1347 1272/3093/1272
vt 0.467414 0.124887
f 1418/3101/1418 1521/3166/1521 1192/3099/1192
vt 0.974095 0.217532
f 1359/3132/1359 1261/3089/1261 1373/3167/1373
vt 0.188849 0.353374
f 1369/3140/1369 1311/3139/1311 1231/3168/1231
f 1340/2986/1340 1344/3112/1344 1382/3129/1382
vt 0.490012 0.589072
vt 0.489668 0.589950
f 1270/3169/1270 1342/3113/1342 1344/3170/1344
vt 0.499726 0.584918
f 1343/3137/1343 1331/3136/1331 1358/3171/1358
vt 0.829089 0.341104
vt 0.831593 0.344119
vt 0.828362 0.344865
f 1419/3172/1419 1351/3173/1351 1337/3174/1337
vt 0.035258 0.085361
vt 0.036701 0.086597
vt 0.032148 0.087000
f 1373/3175/1373 1292/3176/1292 1410/3177/1410
vt 0.175833 0.314637
vt 0.171354 0.313510
f 1368/3178/1368 1285/2907/1285 1356/3179/1356
vt 0.540601 0.316139
vt 0.545581 0.314702
f 1339/3180/1339 1410/3181/1410 1292/3134/1292
vt 0.073596 0.158197
vt 0.071261 0.160440
vt 0.066400 0.157107
f 1360/3182/1360 1339/3183/1339 1303/3184/1303
vt 0.740408 0.221144
vt 0.736431 0.221369
vt 0.737473 0.217745
f 1365/3185/1365 1380/3186/1380 1356/3187/1356
vt 0.481604 0.522369
vt 0.474255 0.521211
f 1324/3188/1324 1402/3111/1402 1500/3189/1500
f 1277/2999/1277 1329/3119/1329 1338/3145/1338
vt 0.235207 0.321491
f 1360/3092/1360 1319/3043/1319 1390/3190/1390
vt 0.476060 0.518608
vt 0.482077 0.518815
f 1400/3191/1400 1291/3192/1291 1324/3188/1324
vt 0.235804 0.322959
f 1347/3193/1347 1390/3190/1390 1319/3043/1319
vt 0.970724 0.543568
f 1538/3194/1538 1156/2634/1156 1323/2704/1323
vt 0.566616 0.977782
f 1446/3050/1446 1156/2696/1156 1538/3195/1538
vt 0.497259 0.587703
vt 0.498733 0.588719
f 1343/3196/1343 1358/3171/1358 1376/3197/1376
f 1366/3156/1366 1183/2747/1183 1425/2975/1425
vt 0.398494 0.435381
f 1377/2965/1377 1369/3198/1369 1231/2921/1231
vt 0.753033 0.624003
f 1367/3199/1367 1244/3157/1244 1366/3156/1366
vt 0.573747 0.966602
f 1446/3050/1446 1614/3200/1614 1177/2627/1177
vt 0.482071 0.546646
f 1305/2914/1305 1226/2913/1226 1367/3201/1367
f 1331/3136/1331 1296/3033/1296 1458/3098/1458
f 1328/3074/1328 1326/3073/1326 1393/3150/1393
vt 0.798000 0.245852
f 1325/3121/1325 1328/3120/1328 1370/3202/1370
vt 0.610848 0.952313
f 1433/3203/1433 1281/2768/1281 1361/2810/1361
vt 0.620824 0.947540
f 1389/3204/1389 1372/2709/1372 1154/2285/1154
vt 0.794462 0.241925
vt 0.794543 0.245384
f 1393/3205/1393 1370/3202/1370 1328/3206/1328
vt 0.935366 0.603610
vt 0.931107 0.603612
f 1391/3207/1391 1413/3208/1413 1314/3143/1314
f 1334/3038/1334 1314/3143/1314 1413/3208/1413
f 1352/2782/1352 1333/3106/1333 1439/3068/1439
vt 0.741781 0.600574
f 1299/3051/1299 1378/3209/1378 1308/2934/1308
vt 0.110285 0.825262
f 1307/3095/1307 1388/3210/1388 1354/3094/1354
vt 0.109405 0.822900
f 1454/3211/1454 1354/3094/1354 1388/3210/1388
vt 0.119798 0.842605
f 1337/3212/1337 1263/2824/1263 1282/2989/1282
vt 0.739023 0.598376
f 1299/3051/1299 1338/3213/1338 1378/3209/1378
vt 0.014693 0.348267
vt 0.013894 0.352005
vt 0.013196 0.348055
f 1354/3214/1354 1430/3215/1430 1391/3216/1391
f 1281/2768/1281 1389/3204/1389 1154/2285/1154
vt 0.075640 0.726167
f 1385/3217/1385 1345/3022/1345 1318/3127/1318
vt 0.820445 0.500536
vt 0.816556 0.503592
vt 0.816451 0.501386
f 1521/3218/1521 1302/3219/1302 1192/3220/1192
f 1330/3027/1330 1312/3029/1312 1415/3069/1415
vt 0.127019 0.862793
f 1412/3164/1412 1355/3055/1355 1363/3221/1363
f 1419/3172/1419 1384/3148/1384 1351/3147/1351
vt 0.956016 0.406895
vt 0.956985 0.417836
vt 0.951987 0.413198
f 1342/3222/1342 1443/3223/1443 1344/3224/1344
vt 0.727816 0.414460
vt 0.733281 0.410391
f 1427/3225/1427 1284/3226/1284 1146/2688/1146
f 1438/3082/1438 1213/2746/1213 1127/2442/1127
vt 0.318099 0.319630
vt 0.319605 0.319300
vt 0.316989 0.322439
f 1343/3227/1343 1376/3228/1376 1342/3229/1342
vt 0.810992 0.899369
f 1196/2713/1196 1406/3230/1406 1346/2705/1346
f 1400/3191/1400 1324/3188/1324 1500/3189/1500
vt 0.126818 0.712856
vt 0.129133 0.717643
f 1409/3231/1409 1349/3232/1349 1350/3026/1350
vt 0.868627 0.740562
vt 0.863365 0.742276
vt 0.864864 0.739330
f 1390/3233/1390 1347/3234/1347 1459/3235/1459
vt 0.112019 0.715716
f 1301/2992/1301 1304/2911/1304 1379/3236/1379
f 1379/3236/1379 1304/2911/1304 1461/3017/1461
vt 0.503986 0.588050
f 1376/3197/1376 1358/3171/1358 1431/3237/1431
f 1346/2705/1346 1438/3082/1438 1164/2512/1164
vt 0.826805 0.939197
vt 0.820976 0.939334
f 1284/3238/1284 1432/3239/1432 1165/2756/1165
vt 0.034606 0.090035
vt 0.032563 0.090075
f 1410/3177/1410 1339/3240/1339 1381/3241/1381
vt 0.149592 0.706309
f 1414/3018/1414 1325/2981/1325 1370/3242/1370
f 1432/3239/1432 1678/3028/1678 1165/2756/1165
vt 0.018010 0.349225
vt 0.019391 0.354762
f 1430/3215/1430 1354/3243/1354 1454/3244/1454
f 1385/3217/1385 1416/3108/1416 1345/3022/1345
vt 0.035360 0.257558
vt 0.032723 0.257163
vt 0.033153 0.254869
f 1375/3245/1375 1363/3246/1363 1355/3247/1355
vt 0.017929 0.156510
f 1368/3126/1368 1385/3248/1385 1318/3077/1318
vt 0.422283 0.345194
vt 0.423106 0.343539
f 1368/3162/1368 1356/3249/1356 1371/3250/1371
vt 0.174507 0.694080
f 1468/3251/1468 1329/3119/1329 1353/3052/1353
f 1213/2746/1213 1558/3117/1558 1162/2428/1162
vt 0.226920 0.449904
f 1268/3154/1268 1409/3153/1409 1423/3252/1423
vt 0.172894 0.700706
vt 0.169571 0.697621
f 1468/3251/1468 1353/3253/1353 1395/3254/1395
vt 0.889262 0.028349
vt 0.892304 0.027103
vt 0.890993 0.030427
f 1383/3255/1383 1395/3256/1395 1353/3257/1353
f 1178/2749/1178 1300/2940/1300 1434/3146/1434
vt 0.179355 0.954070
f 1397/3141/1397 1291/3048/1291 1400/3258/1400
f 1278/2502/1278 1618/3107/1618 1160/2503/1160
vt 0.723120 0.520209
f 1398/3259/1398 1129/2558/1129 1180/3035/1180
vt 0.164594 0.570036
f 1450/3021/1450 1569/3260/1569 1271/2461/1271
vt 0.502989 0.582922
vt 0.505007 0.585138
f 1358/3171/1358 1331/3261/1331 1387/3262/1387
vt 0.183262 0.345143
vt 0.178118 0.348989
f 1458/3263/1458 1280/3138/1280 1457/3264/1457
f 1280/3138/1280 1369/3140/1369 1457/3264/1457
vt 0.104027 0.808664
vt 0.095290 0.806573
f 1399/3058/1399 1334/3265/1334 1541/3266/1541
vt 0.963908 0.408994
f 1443/3223/1443 1342/3222/1342 1407/3267/1407
vt 0.811407 0.516427
vt 0.816728 0.513037
f 1555/3268/1555 1336/2978/1336 1403/3269/1403
f 1239/2976/1239 1336/2978/1336 1555/3268/1555
vt 0.800904 0.242708
f 1441/3270/1441 1370/3202/1370 1393/3205/1393
f 1295/3046/1295 1415/3069/1415 1347/3234/1347
vt 0.229140 0.445673
f 1268/3154/1268 1423/3252/1423 1362/3271/1362
f 1090/2381/1090 1357/2990/1357 1398/3067/1398
f 1140/2469/1140 1706/3160/1706 1274/2514/1274
vt 0.011657 0.153596
f 1385/3248/1385 1368/3126/1368 1371/3272/1371
vt 0.118280 0.846424
f 1282/2989/1282 1420/3273/1420 1337/3212/1337
vt 0.322297 0.319106
vt 0.320991 0.324212
f 1376/3274/1376 1407/3275/1407 1342/3229/1342
f 1534/3149/1534 1403/3269/1403 1336/2978/1336
vt 0.729948 0.216483
f 1371/3276/1371 1356/3187/1356 1380/3186/1380
vt 0.114777 0.838850
vt 0.116925 0.841978
vt 0.114750 0.844586
f 1419/3277/1419 1337/3278/1337 1396/3279/1396
vt 0.115901 0.718947
vt 0.115286 0.715594
f 1350/3026/1350 1301/3280/1301 1379/3281/1379
vt 0.106009 0.830360
vt 0.109992 0.827765
vt 0.114341 0.833937
f 1411/3282/1411 1388/3283/1388 1384/3284/1384
vt 0.819925 0.504400
f 1516/3285/1516 1302/3219/1302 1521/3218/1521
vt 0.829386 0.751025
f 1382/3129/1382 1447/3286/1447 1386/3030/1386
vt 0.030705 0.084602
f 1410/3177/1410 1401/3287/1401 1373/3175/1373
f 1348/3059/1348 1427/3225/1427 1146/2688/1146
vt 0.329359 0.318805
vt 0.324428 0.313469
f 1445/3288/1445 1376/3274/1376 1431/3289/1431
vt 0.802862 0.843925
vt 0.793535 0.844136
vt 0.802441 0.836473
f 1129/3290/1129 1488/3291/1488 1306/3292/1306
vt 0.948264 0.417610
f 1344/3224/1344 1443/3223/1443 1382/3293/1382
f 1358/3171/1358 1387/3262/1387 1431/3237/1431
vt 0.663245 0.222376
vt 0.659327 0.220110
vt 0.664599 0.220401
f 1339/3294/1339 1360/3295/1360 1381/3296/1381
vt 0.153132 0.925392
f 1313/3003/1313 1335/3004/1335 1622/3297/1622
vt 0.226310 0.443228
vt 0.230189 0.444128
f 1451/3298/1451 1393/3299/1393 1362/3271/1362
vt 0.091913 0.800405
f 1399/3058/1399 1405/3300/1405 1429/3103/1429
vt 0.889736 0.382728
vt 0.887505 0.384344
vt 0.884219 0.381922
f 1371/3301/1371 1380/3302/1380 1435/3303/1435
vt 0.496865 0.774013
f 1780/3304/1780 1361/2804/1361 1322/2572/1322
vt 0.101606 0.813343
f 1413/3305/1413 1541/3266/1541 1334/3265/1334
vt 0.334616 0.453921
vt 0.344276 0.453309
vt 0.338501 0.455729
f 1448/3306/1448 1380/3307/1380 1365/3308/1365
vt 0.395837 0.437137
vt 0.394290 0.434559
f 1369/3198/1369 1502/3309/1502 1457/3310/1457
vt 0.980690 0.219363
f 1365/3090/1365 1359/3132/1359 1448/3311/1448
vt 0.977461 0.216320
vt 0.980959 0.216134
f 1359/3132/1359 1373/3312/1373 1401/3313/1401
vt 0.809477 0.904096
f 1404/3096/1404 1848/3314/1848 1196/2713/1196
vt 0.728697 0.425366
f 1487/3315/1487 1427/3225/1427 1348/3059/1348
f 1412/3164/1412 1420/3273/1420 1282/2989/1282
vt 0.890053 0.025708
f 1482/3316/1482 1395/3256/1395 1383/3255/1383
f 1337/3278/1337 1420/3273/1420 1396/3279/1396
vt 0.156800 0.933963
f 1276/2905/1276 1526/3317/1526 1335/3004/1335
vt 0.185667 0.260697
vt 0.191457 0.258190
f 1332/3105/1332 1348/3318/1348 1203/3319/1203
vt 0.799004 0.847433
f 1444/3320/1444 1488/3291/1488 1129/3290/1129
vt 0.186931 0.263551
f 1392/3321/1392 1348/3318/1348 1332/3105/1332
vt 0.939202 0.425323
vt 0.946838 0.420403
vt 0.948531 0.422187
f 1447/3322/1447 1382/3323/1382 1471/3324/1471
vt 0.802992 0.518900
f 1437/3325/1437 1239/2976/1239 1555/3268/1555
vt 0.845677 0.744612
f 1312/3029/1312 1452/3326/1452 1415/3069/1415
vt 0.718418 0.518922
f 1398/3259/1398 1444/3327/1444 1129/2558/1129
vt 0.898136 0.046941
vt 0.899819 0.046615
vt 0.898696 0.050080
f 1364/3328/1364 1511/3329/1511 1327/3330/1327
vt 0.126684 0.870403
f 1375/3002/1375 1374/3125/1374 1477/3331/1477
vt 0.128093 0.866591
f 1363/3332/1363 1375/3002/1375 1477/3331/1477
vt 0.797556 0.240433
f 1441/3270/1441 1393/3205/1393 1451/3333/1451
vt 0.076853 0.722360
f 1416/3108/1416 1385/3217/1385 1421/3334/1421
vt 0.017634 0.153547
f 1385/3248/1385 1371/3272/1371 1428/3335/1428
vt 0.726527 0.217473
vt 0.728914 0.220606
f 1417/3336/1417 1371/3276/1371 1435/3337/1435
vt 0.163820 0.695405
f 1482/3338/1482 1383/3131/1383 1414/3018/1414
vt 0.133453 0.708483
vt 0.128269 0.706597
f 1423/3339/1423 1409/3231/1409 1512/3340/1512
vt 0.165971 0.568348
f 1569/3341/1569 1476/2985/1476 1271/2461/1271
f 1409/3231/1409 1350/3026/1350 1512/3340/1512
vt 0.154949 0.698229
f 1473/3342/1473 1414/3018/1414 1370/3242/1370
vt 0.338522 0.449427
f 1519/3343/1519 1380/3307/1380 1448/3306/1448
f 1394/2993/1394 1386/3030/1386 1447/3286/1447
f 1448/3311/1448 1359/3132/1359 1401/3313/1401
vt 0.944955 0.426878
f 1471/3324/1471 1470/3344/1470 1447/3322/1447
vt 0.080804 0.772132
vt 0.084258 0.772675
vt 0.080192 0.773949
f 1387/3345/1387 1331/3346/1331 1469/3347/1469
f 1243/1688/1243 1666/3083/1666 1609/2762/1609
vt 0.099794 0.811940
vt 0.099409 0.811263
f 1467/3348/1467 1541/3349/1541 1413/3305/1413
vt 0.616227 0.946172
f 1281/2768/1281 1673/3350/1673 1389/3204/1389
f 1407/3275/1407 1376/3274/1376 1445/3288/1445
vt 0.657495 0.217827
f 1390/3351/1390 1381/3296/1381 1360/3295/1360
vt 0.127445 0.876779
f 1374/3125/1374 1439/3068/1439 1514/3352/1514
vt 0.330260 0.313747
f 1408/3353/1408 1445/3288/1445 1431/3289/1431
vt 0.614141 0.949751
f 1673/3350/1673 1281/2768/1281 1464/3354/1464
vt 0.977257 0.537192
f 1706/3160/1706 1506/3355/1506 1274/2514/1274
vt 0.106076 0.711801
f 1461/3017/1461 1520/3356/1520 1379/3236/1379
vt 0.919173 0.146277
vt 0.916697 0.145672
vt 0.916750 0.143048
f 1378/3357/1378 1338/3358/1338 1329/3359/1329
vt 0.072102 0.724165
f 1385/3217/1385 1428/3360/1428 1421/3334/1421
vt 0.748253 0.600779
f 1308/2934/1308 1378/3209/1378 1513/3361/1513
f 1312/3029/1312 1394/2993/1394 1452/3326/1452
vt 0.474902 0.539416
f 1305/2914/1305 1529/3362/1529 1321/3110/1321
vt 0.723184 0.215195
f 1417/3336/1417 1428/3363/1428 1371/3276/1371
vt 0.085866 0.718417
f 1320/3118/1320 1416/3108/1416 1475/3364/1475
vt 0.148257 0.702250
f 1473/3342/1473 1370/3242/1370 1441/3365/1441
vt 0.623002 0.945632
vt 0.624268 0.943586
f 1389/3366/1389 1791/3367/1791 1372/2709/1372
vt 0.060392 0.087417
vt 0.053737 0.086954
vt 0.054517 0.084597
f 1541/3368/1541 1405/3369/1405 1399/3370/1399
vt 0.191822 0.582004
vt 0.200988 0.580657
vt 0.195814 0.582080
f 1327/3371/1327 1523/3372/1523 1332/3373/1332
vt 0.493215 0.774039
f 1322/2572/1322 1509/3374/1509 1780/3304/1780
vt 0.545075 0.309944
vt 0.540929 0.311480
vt 0.542118 0.307964
f 1401/3375/1401 1410/3376/1410 1422/3377/1422
f 1424/2887/1424 1509/3374/1509 1322/2572/1322
vt 0.818171 0.504552
f 1302/3219/1302 1516/3285/1516 1534/3378/1534
vt 0.666517 0.218268
vt 0.670401 0.221719
f 1381/3296/1381 1485/3379/1485 1410/3380/1410
vt 0.223927 0.131568
vt 0.226758 0.133602
vt 0.224482 0.134787
f 1384/3381/1384 1419/3382/1419 1562/3383/1562
vt 0.901757 0.049659
f 1511/3329/1511 1549/3384/1549 1327/3330/1327
vt 0.547694 0.476201
vt 0.554679 0.480213
f 1579/3385/1579 1246/3386/1246 1063/2562/1063
vt 0.176079 0.955015
f 1400/3258/1400 1442/3387/1442 1397/3141/1397
vt 0.469201 0.530316
f 1321/3110/1321 1466/3388/1466 1402/3111/1402
f 1502/3309/1502 1369/3198/1369 1377/2965/1377
vt 0.129218 0.042429
vt 0.127670 0.045220
vt 0.126862 0.042650
f 1332/3389/1332 1523/3390/1523 1392/3391/1392
vt 0.119069 0.861326
f 1412/3164/1412 1363/3221/1363 1484/3392/1484
vt 0.923146 0.142923
f 1513/3393/1513 1378/3357/1378 1329/3359/1329
f 1423/3252/1423 1451/3298/1451 1362/3271/1362
vt 0.115713 0.851087
f 1420/3273/1420 1412/3164/1412 1478/3394/1478
vt 0.082417 0.720185
f 1503/3395/1503 1475/3364/1475 1416/3108/1416
vt 0.208073 0.496607
vt 0.214795 0.495923
vt 0.210279 0.499403
f 1573/3396/1573 1284/3397/1284 1427/3398/1427
f 1503/3395/1503 1416/3108/1416 1421/3334/1421
vt 0.023937 0.353425
vt 0.023019 0.358622
f 1454/3244/1454 1388/3399/1388 1411/3400/1411
vt 0.112964 0.712608
vt 0.114263 0.705304
f 1379/3401/1379 1671/3402/1671 1350/3026/1350
vt 0.985097 0.215293
f 1448/3311/1448 1401/3313/1401 1422/3403/1422
vt 0.933287 0.605136
vt 0.931152 0.606314
f 1413/3208/1413 1391/3404/1391 1426/3405/1426
vt 0.662235 0.216476
f 1381/3296/1381 1472/3406/1472 1485/3379/1485
f 1381/3296/1381 1390/3351/1390 1472/3406/1472
vt 0.657097 0.215055
f 1459/3407/1459 1472/3406/1472 1390/3351/1390
f 1335/3004/1335 1526/3317/1526 1622/3297/1622
f 1500/3189/1500 1402/3111/1402 1466/3388/1466
vt 0.033926 0.259120
vt 0.037715 0.260721
vt 0.035050 0.262645
f 1363/3408/1363 1477/3409/1477 1436/3410/1436
vt 0.191335 0.574968
f 1700/2956/1700 1511/3411/1511 1364/2929/1364
f 1433/3203/1433 1464/3354/1464 1281/2768/1281
vt 0.596235 0.961100
vt 0.599249 0.956277
f 1246/3412/1246 1509/3413/1509 1424/2962/1424
vt 0.084891 0.776707
f 1458/3414/1458 1469/3347/1469 1331/3346/1331
f 1506/3355/1506 1323/2704/1323 1274/2514/1274
vt 0.077398 0.778014
f 1469/3347/1469 1458/3414/1458 1535/3415/1535
vt 0.179129 0.954298
vt 0.176863 0.956019
f 1442/3387/1442 1400/3416/1400 1500/3417/1500
vt 0.508638 0.592768
vt 0.511008 0.589525
f 1408/3418/1408 1431/3237/1431 1449/3419/1449
f 1431/3237/1431 1387/3262/1387 1449/3419/1449
vt 0.326194 0.324020
vt 0.325593 0.323678
f 1490/3420/1490 1407/3421/1407 1445/3288/1445
vt 0.797429 0.854731
f 1357/2990/1357 1646/3422/1646 1398/3067/1398
vt 0.124703 0.867549
f 1484/3392/1484 1363/3221/1363 1436/3423/1436
vt 0.851298 0.739714
vt 0.855988 0.739252
f 1456/3424/1456 1440/3425/1440 1415/3069/1415
f 1415/3069/1415 1452/3326/1452 1456/3424/1456
f 1300/2940/1300 1313/3003/1313 1622/3297/1622
vt 0.114642 0.855733
f 1484/3392/1484 1515/3426/1515 1412/3164/1412
vt 0.835122 0.742413
f 1394/2993/1394 1447/3286/1447 1510/3427/1510
f 1466/3388/1466 1321/3110/1321 1529/3362/1529
vt 0.722838 0.217280
f 1428/3363/1428 1417/3336/1417 1531/3428/1531
vt 0.805775 0.896745
f 1346/2705/1346 1846/3429/1846 1438/3082/1438
vt 0.225186 0.445577
f 1423/3252/1423 1556/3430/1556 1451/3298/1451
vt 0.343039 0.446438
vt 0.345598 0.448797
f 1463/3431/1463 1435/3432/1435 1380/3307/1380
vt 0.799637 0.880089
f 1438/3082/1438 1497/3433/1497 1213/2746/1213
vt 0.753465 0.605770
f 1425/2975/1425 1308/2934/1308 1607/3434/1607
vt 0.106484 0.838388
f 1562/3435/1562 1411/3282/1411 1384/3284/1384
vt 0.956071 0.422571
f 1443/3223/1443 1486/3436/1486 1382/3293/1382
f 1350/3026/1350 1671/3402/1671 1512/3340/1512
vt 0.475377 0.513624
vt 0.469903 0.517032
vt 0.470134 0.512153
f 1397/3437/1397 1442/3438/1442 1481/3439/1481
vt 0.090151 0.719401
vt 0.093852 0.716863
f 1475/3440/1475 1460/3441/1460 1320/3118/1320
vt 0.672128 0.218932
f 1410/3380/1410 1485/3379/1485 1504/3442/1504
vt 0.017356 0.359814
vt 0.017194 0.355122
f 1454/3244/1454 1505/3443/1505 1430/3444/1430
vt 0.163100 0.945062
f 1276/2905/1276 1317/3049/1317 1498/3445/1498
f 1305/2914/1305 1367/3201/1367 1529/3362/1529
f 1791/3367/1791 1666/3083/1666 1372/2709/1372
vt 0.104181 0.820432
vt 0.097662 0.816535
f 1430/3446/1430 1426/3447/1426 1391/3142/1391
vt 0.084314 0.796855
f 1429/3103/1429 1405/3300/1405 1524/3448/1524
f 1848/3314/1848 1406/3230/1406 1196/2713/1196
vt 0.722037 0.420209
f 1586/3449/1586 1427/3225/1427 1487/3315/1487
f 1415/3069/1415 1440/3425/1440 1347/3234/1347
f 1308/2934/1308 1513/3361/1513 1607/3434/1607
f 1459/3235/1459 1347/3234/1347 1440/3425/1440
vt 0.860981 0.736475
f 1440/3425/1440 1455/3450/1455 1459/3235/1459
vt 0.919829 0.139879
f 1492/3451/1492 1513/3393/1513 1329/3359/1329
vt 0.927036 0.605657
f 1413/3208/1413 1426/3405/1426 1467/3452/1467
vt 0.202861 0.573471
vt 0.197419 0.578615
f 1511/3411/1511 1956/3453/1956 1549/3454/1549
vt 0.843696 0.739240
f 1456/3424/1456 1452/3326/1452 1508/3455/1508
vt 0.178677 0.689446
f 1492/3456/1492 1329/3119/1329 1468/3251/1468
vt 0.167983 0.950058
vt 0.171842 0.950599
f 1542/3457/1542 1317/3049/1317 1397/3458/1397
vt 0.883945 0.376249
vt 0.887169 0.378432
f 1435/3303/1435 1531/3459/1531 1417/3460/1417
f 1461/3017/1461 1320/3118/1320 1460/3441/1460
f 1394/2993/1394 1510/3427/1510 1452/3326/1452
vt 0.986654 0.516469
f 1453/3461/1453 1706/3160/1706 1437/2468/1437
vt 0.982600 0.513373
f 1437/2468/1437 1555/3462/1555 1453/3461/1453
vt 0.169221 0.691777
f 1468/3251/1468 1395/3254/1395 1474/3463/1474
vt 0.797741 0.834790
f 1488/3291/1488 1465/3464/1465 1306/3292/1306
f 1327/3371/1327 1549/3454/1549 1523/3372/1523
f 1380/3307/1380 1519/3343/1519 1463/3431/1463
vt 0.332081 0.448859
f 1519/3343/1519 1448/3306/1448 1494/3465/1494
f 1278/2502/1278 1678/3028/1678 1618/3107/1618
vt 0.987558 0.218676
f 1448/3311/1448 1422/3403/1422 1494/3466/1494
f 1474/3463/1474 1395/3254/1395 1482/3338/1482
vt 0.150024 0.700442
f 1473/3342/1473 1441/3365/1441 1528/3467/1528
vt 0.081678 0.800419
f 1524/3448/1524 1405/3300/1405 1545/3468/1545
vt 0.812793 0.751980
vt 0.818442 0.752854
vt 0.814142 0.753354
f 1486/3469/1486 1471/3470/1471 1382/3471/1382
vt 0.962817 0.421874
f 1486/3436/1486 1443/3223/1443 1479/3472/1479
vt 0.967500 0.414024
f 1479/3472/1479 1443/3223/1443 1489/3473/1489
vt 0.227419 0.437119
vt 0.224145 0.442137
f 1441/3474/1441 1451/3298/1451 1493/3475/1493
vt 0.127759 0.887905
f 1439/3068/1439 1333/3106/1333 1544/3476/1544
vt 0.108170 0.844758
vt 0.114362 0.839165
vt 0.112791 0.844624
f 1543/3477/1543 1419/3478/1419 1396/3479/1396
vt 0.657344 0.212885
f 1472/3406/1472 1459/3407/1459 1455/3480/1455
vt 0.467159 0.385125
vt 0.466953 0.379455
vt 0.469268 0.382488
f 1522/3481/1522 1420/3482/1420 1478/3483/1478
f 1477/3331/1477 1374/3125/1374 1514/3352/1514
vt 0.464128 0.379661
f 1396/3484/1396 1420/3482/1420 1522/3481/1522
f 1443/3223/1443 1407/3267/1407 1489/3473/1489
vt 0.607548 0.671737
vt 0.608825 0.674724
vt 0.599870 0.679461
f 1469/3485/1469 1535/3486/1535 1710/3487/1710
vt 0.513587 0.595331
vt 0.504619 0.596287
f 1408/3418/1408 1480/3488/1480 1445/3489/1445
vt 0.506655 0.599970
f 1480/3488/1480 1490/3490/1490 1445/3489/1445
vt 0.089498 0.821487
f 1426/3447/1426 1430/3446/1430 1782/3491/1782
f 1545/3468/1545 1405/3300/1405 1541/3266/1541
vt 0.564354 0.972253
f 2278/3492/2278 1446/3050/1446 1538/3195/1538
vt 0.131898 0.895563
f 1462/3024/1462 1554/3493/1554 1333/3106/1333
f 1506/3355/1506 1538/3194/1538 1323/2704/1323
vt 0.823837 0.748774
vt 0.827475 0.742825
f 1470/3494/1470 1499/3495/1499 1447/3286/1447
f 1366/3156/1366 1425/2975/1425 1607/3434/1607
vt 0.557507 0.472670
f 1707/3496/1707 1246/3386/1246 1579/3385/1579
f 1544/3476/1544 1514/3352/1514 1439/3068/1439
vt 0.389205 0.435240
vt 0.384794 0.437245
vt 0.385731 0.431214
f 1457/3497/1457 1535/3498/1535 1458/3499/1458
f 1478/3394/1478 1412/3164/1412 1515/3426/1515
vt 0.227094 0.138083
f 1562/3383/1562 1419/3382/1419 1543/3500/1543
vt 0.603934 0.669264
f 1469/3485/1469 1710/3487/1710 1387/3501/1387
f 1505/3443/1505 1454/3244/1454 1411/3400/1411
vt 0.098659 0.826110
f 1505/3502/1505 1782/3491/1782 1430/3446/1430
f 1542/3457/1542 1498/3445/1498 1317/3049/1317
vt 0.507589 0.777243
vt 0.503500 0.776814
vt 0.506988 0.774224
f 1464/3503/1464 1433/3504/1433 1630/3505/1630
f 1449/3419/1449 1480/3488/1480 1408/3418/1408
f 1452/3326/1452 1510/3427/1510 1508/3455/1508
vt 0.224960 0.437515
vt 0.224865 0.433264
f 1493/3506/1493 1528/3507/1528 1441/3474/1441
vt 0.593581 0.673771
f 1517/3508/1517 1387/3501/1387 1710/3487/1710
vt 0.599577 0.670837
f 1449/3509/1449 1387/3501/1387 1517/3508/1517
vt 0.401760 0.446333
f 1377/2965/1377 1429/3144/1429 1577/3510/1577
f 1502/3309/1502 1377/2965/1377 1577/3510/1577
vt 0.885301 0.370697
vt 0.886933 0.374803
vt 0.880519 0.371916
f 1421/3511/1421 1428/3512/1428 1537/3513/1537
f 1531/3459/1531 1537/3513/1537 1428/3512/1428
vt 0.811771 0.748412
f 1550/3514/1550 1470/3494/1470 1471/3470/1471
vt 0.931431 0.608076
vt 0.929709 0.611125
f 1467/3452/1467 1426/3515/1426 1581/3516/1581
vt 0.123691 0.869076
vt 0.119292 0.869859
f 1477/3517/1477 1599/3518/1599 1436/3423/1436
vt 0.824668 0.504566
f 1574/3519/1574 1516/3285/1516 1521/3218/1521
f 1599/3518/1599 1484/3392/1484 1436/3423/1436
vt 0.882690 0.379681
f 1531/3459/1531 1435/3303/1435 1483/3520/1483
vt 0.138265 0.704648
vt 0.136172 0.698970
vt 0.142851 0.700694
f 1451/3521/1451 1598/3522/1598 1493/3523/1493
vt 0.349105 0.442979
vt 0.348429 0.446416
f 1463/3431/1463 1483/3524/1483 1435/3525/1435
f 1510/3427/1510 1447/3286/1447 1499/3495/1499
vt 0.461416 0.383186
f 1522/3481/1522 1543/3526/1543 1396/3484/1396
vt 0.140081 0.908115
f 1462/3024/1462 1434/3146/1434 1627/3527/1627
vt 0.140763 0.920494
f 1585/3528/1585 1434/3146/1434 1300/2940/1300
vt 0.761258 0.624603
vt 0.766449 0.621577
f 1367/3529/1367 1366/3156/1366 1527/3530/1527
vt 0.792570 0.835212
vt 0.796677 0.831619
f 1465/3464/1465 1576/3531/1576 1418/3532/1418
vt 0.794008 0.830832
f 1576/3531/1576 1521/3533/1521 1418/3532/1418
vt 0.099731 0.833852
f 1629/3534/1629 1411/3282/1411 1562/3435/1562
vt 0.971672 0.407157
f 1490/3535/1490 1489/3473/1489 1407/3267/1407
f 1554/3493/1554 1544/3476/1544 1333/3106/1333
vt 0.538308 0.307505
f 1422/3377/1422 1410/3376/1410 1504/3536/1504
f 1526/3317/1526 1276/2905/1276 1498/3445/1498
vt 0.732568 0.428888
f 1348/3059/1348 1392/3537/1392 1487/3315/1487
vt 0.463311 0.513096
f 1442/3438/1442 1552/3538/1552 1481/3439/1481
vt 0.472343 0.508765
f 1481/3439/1481 1542/3539/1542 1397/3437/1397
vt 0.079126 0.718652
vt 0.076763 0.722218
vt 0.076004 0.717681
f 1503/3540/1503 1421/3541/1421 1588/3542/1588
vt 0.121956 0.874546
f 1491/3543/1491 1477/3331/1477 1514/3352/1514
vt 0.133589 0.702843
f 1556/3544/1556 1598/3522/1598 1451/3521/1451
f 1406/3230/1406 1846/3429/1846 1346/2705/1346
vt 0.796170 0.849895
f 1578/3545/1578 1488/3291/1488 1444/3320/1444
f 1423/3339/1423 1512/3340/1512 1556/3544/1556
vt 0.097345 0.812204
vt 0.088835 0.813876
f 1541/3266/1541 1467/3546/1467 1654/3547/1654
f 1585/3528/1585 1300/2940/1300 1622/3297/1622
vt 0.807403 0.915320
f 1894/3548/1894 1404/3096/1404 1618/3107/1618
f 1585/3528/1585 1627/3527/1627 1434/3146/1434
vt 0.719060 0.521460
f 1578/3549/1578 1444/3327/1444 1398/3259/1398
vt 0.722206 0.524409
f 1578/3549/1578 1398/3259/1398 1646/3550/1646
vt 0.855798 0.735643
f 1455/3450/1455 1440/3425/1440 1536/3551/1536
vt 0.470602 0.385433
f 1522/3481/1522 1478/3483/1478 1596/3552/1596
vt 0.171724 0.687356
f 1492/3456/1492 1468/3251/1468 1539/3553/1539
vt 0.805635 0.752064
f 1486/3469/1486 1479/3554/1479 1550/3514/1550
f 1539/3553/1539 1468/3251/1468 1474/3463/1474
vt 0.784497 0.189001
vt 0.783635 0.193874
vt 0.783121 0.190629
f 1551/3555/1551 1379/3556/1379 1520/3557/1520
vt 0.105557 0.709164
f 1551/3558/1551 1671/3402/1671 1379/3401/1379
vt 0.979116 0.408974
f 1559/3559/1559 1489/3473/1489 1490/3535/1490
f 1471/3470/1471 1486/3469/1486 1550/3514/1550
vt 0.101631 0.709645
f 1520/3356/1520 1461/3017/1461 1495/3560/1495
vt 0.540146 0.306123
f 1422/3377/1422 1504/3536/1504 1561/3561/1561
vt 0.335785 0.315148
vt 0.336766 0.318502
vt 0.332674 0.320957
f 1480/3562/1480 1496/3563/1496 1490/3564/1490
vt 0.092945 0.708456
f 1461/3017/1461 1460/3441/1460 1664/3565/1664
vt 0.449231 0.037353
vt 0.445522 0.037659
vt 0.446296 0.034557
f 1507/3566/1507 1485/3567/1485 1472/3568/1472
vt 0.760739 0.610331
f 1527/3530/1527 1366/3156/1366 1518/3569/1518
vt 0.450889 0.036204
vt 0.451446 0.035170
f 1501/3570/1501 1472/3568/1472 1455/3571/1455
vt 0.768854 0.630013
f 1529/3572/1529 1367/3529/1367 1527/3530/1527
vt 0.089820 0.716766
vt 0.085757 0.718231
vt 0.090249 0.714171
f 1460/3573/1460 1475/3574/1475 1553/3575/1553
f 1472/3568/1472 1501/3570/1501 1507/3566/1507
vt 0.150622 0.697149
vt 0.147609 0.694986
f 1528/3576/1528 1493/3523/1493 1644/3577/1644
f 1482/3338/1482 1414/3018/1414 1473/3342/1473
vt 0.489241 0.988135
vt 0.490889 0.986627
vt 0.491080 0.990838
f 1456/3578/1456 1548/3579/1548 1440/3580/1440
vt 0.492661 0.989516
f 1440/3580/1440 1548/3579/1548 1536/3581/1536
vt 0.407803 0.443101
f 1524/3582/1524 1577/3510/1577 1429/3144/1429
vt 0.755882 0.601266
f 1607/3434/1607 1513/3361/1513 1638/3583/1638
vt 0.020619 0.361558
f 1505/3443/1505 1411/3400/1411 1546/3584/1546
vt 0.074487 0.719819
f 1421/3541/1421 1537/3585/1537 1588/3542/1588
vt 0.730082 0.430334
f 1487/3315/1487 1392/3537/1392 1523/3586/1523
vt 0.651411 0.168689
vt 0.654123 0.171367
vt 0.649885 0.171349
f 1571/3587/1571 1455/3588/1455 1536/3589/1536
vt 0.879237 0.374905
f 1537/3513/1537 1531/3459/1531 1483/3590/1483
vt 0.228209 0.421398
vt 0.226921 0.423616
vt 0.225158 0.420207
f 1474/3591/1474 1482/3592/1482 1525/3593/1525
vt 0.223231 0.423818
f 1482/3592/1482 1608/3594/1608 1525/3593/1525
vt 0.849984 0.736444
vt 0.851128 0.739516
f 1548/3595/1548 1456/3596/1456 1508/3455/1508
f 1495/3560/1495 1461/3017/1461 1664/3565/1664
vt 0.090680 0.817196
f 1426/3447/1426 1782/3491/1782 1581/3597/1581
vt 0.158394 0.694997
f 1473/3342/1473 1608/3598/1608 1482/3338/1482
vt 0.924477 0.611996
f 1654/3599/1654 1467/3452/1467 1581/3516/1581
vt 0.774250 0.624731
f 1739/3600/1739 1529/3572/1529 1527/3530/1527
vt 0.334474 0.446314
f 1519/3343/1519 1494/3465/1494 1532/3601/1532
vt 0.785022 0.031687
vt 0.779094 0.030763
vt 0.784999 0.028885
f 1475/3602/1475 1503/3603/1503 1540/3604/1540
vt 0.989543 0.215619
f 1561/3605/1561 1494/3466/1494 1422/3403/1422
vt 0.465464 0.509834
f 1481/3439/1481 1552/3538/1552 1572/3606/1572
vt 0.035968 0.265657
vt 0.037518 0.264559
vt 0.037417 0.266675
f 1599/3607/1599 1477/3608/1477 1491/3609/1491
vt 0.110449 0.852886
f 1596/3610/1596 1478/3394/1478 1515/3426/1515
vt 0.431989 0.202332
vt 0.433488 0.203322
vt 0.430678 0.204870
f 1586/3611/1586 1487/3612/1487 1560/3613/1560
vt 0.516455 0.592204
f 1449/3419/1449 1517/3614/1517 1480/3488/1480
vt 0.099276 0.830081
f 1411/3282/1411 1629/3534/1629 1546/3615/1546
vt 0.081120 0.716512
f 1540/3616/1540 1503/3540/1503 1588/3542/1588
vt 0.750290 0.598229
vt 0.752807 0.598145
f 1513/3361/1513 1492/3617/1492 1547/3618/1547
vt 0.092517 0.826282
f 1668/3619/1668 1782/3491/1782 1505/3502/1505
f 1488/3291/1488 1576/3531/1576 1465/3464/1465
vt 0.121949 0.699334
f 1640/3620/1640 1512/3340/1512 1671/3402/1671
f 1614/3200/1614 1579/3163/1579 1177/2627/1177
f 1470/3494/1470 1550/3514/1550 1499/3495/1499
vt 0.099917 0.840445
f 1629/3534/1629 1562/3435/1562 1597/3621/1597
f 1553/3575/1553 1664/3565/1664 1460/3441/1460
vt 0.720424 0.168503
vt 0.717167 0.169501
vt 0.717415 0.167946
f 1504/3622/1504 1533/3623/1533 1582/3624/1582
vt 0.016937 0.177975
vt 0.021507 0.180150
vt 0.015290 0.181010
f 1504/3625/1504 1485/3626/1485 1533/3627/1533
vt 0.500889 0.771748
f 1819/3628/1819 1361/2804/1361 1780/3304/1780
f 1433/3504/1433 1361/2804/1361 1819/3628/1819
vt 0.335751 0.321245
vt 0.335588 0.325374
f 1496/3629/1496 1559/3630/1559 1490/3564/1490
vt 0.604394 0.096812
vt 0.608397 0.094954
vt 0.606958 0.098643
f 1455/3631/1455 1571/3632/1571 1501/3633/1501
vt 0.459467 0.522053
f 1442/3438/1442 1500/3189/1500 1567/3634/1567
vt 0.223351 0.426710
vt 0.226768 0.430360
vt 0.223771 0.428208
f 1608/3635/1608 1473/3636/1473 1528/3637/1528
vt 0.800536 0.746252
vt 0.798826 0.755771
f 1682/3638/1682 1479/3554/1479 1489/3639/1489
vt 0.823631 0.512793
f 1534/3149/1534 1895/3640/1895 1403/3269/1403
f 1894/3548/1894 1848/3314/1848 1404/3096/1404
vt 0.865485 0.346516
vt 0.865930 0.344843
vt 0.869138 0.346523
f 1542/3641/1542 1481/3642/1481 1633/3643/1633
vt 0.493508 0.988330
vt 0.494166 0.986000
f 1536/3644/1536 1548/3579/1548 1617/3645/1617
vt 0.175061 0.360187
vt 0.171642 0.356988
vt 0.178158 0.353336
f 1577/3646/1577 1662/3647/1662 1502/3648/1502
vt 0.824462 0.508299
f 1747/3649/1747 1516/3285/1516 1574/3519/1574
f 1466/3388/1466 1567/3634/1567 1500/3189/1500
vt 0.390369 0.445366
f 1457/3497/1457 1713/3650/1713 1535/3498/1535
vt 0.161715 0.951891
f 1498/3445/1498 1542/3457/1542 1633/3651/1633
f 1638/3583/1638 1513/3361/1513 1547/3618/1547
vt 0.165520 0.690602
f 1539/3553/1539 1474/3463/1474 1525/3652/1525
vt 0.427638 0.815452
vt 0.427326 0.814067
vt 0.430063 0.813760
f 1778/3653/1778 1574/3654/1574 1521/3655/1521
vt 0.128692 0.698075
f 1556/3544/1556 1557/3656/1557 1598/3522/1598
f 1516/3285/1516 1747/3649/1747 1534/3149/1534
vt 0.178501 0.686553
f 1547/3657/1547 1492/3456/1492 1539/3553/1539
vt 0.559148 0.975612
f 2278/3492/2278 1538/3195/1538 1878/3658/1878
vt 0.079530 0.803262
f 1541/3266/1541 1604/3659/1604 1545/3468/1545
vt 0.985648 0.521948
f 1706/3160/1706 1453/3461/1453 1636/3660/1636
vt 0.812765 0.523713
f 1403/3269/1403 1453/3661/1453 1555/3268/1555
f 1366/3156/1366 1607/3434/1607 1518/3569/1518
vt 0.719966 0.166492
f 1561/3662/1561 1504/3622/1504 1582/3624/1582
vt 0.620410 0.942697
vt 0.620598 0.947395
f 1673/3350/1673 1791/3663/1791 1389/3664/1389
f 1551/3558/1551 1520/3356/1520 1495/3560/1495
vt 0.638292 0.925897
f 1659/3665/1659 1450/3019/1450 1609/2762/1609
vt 0.020460 0.183890
f 1485/3626/1485 1507/3666/1507 1533/3627/1533
vt 0.107096 0.855479
f 1596/3610/1596 1515/3426/1515 1695/3667/1695
vt 0.837227 0.736278
f 1631/3668/1631 1508/3455/1508 1510/3427/1510
vt 0.791058 0.032807
f 1553/3669/1553 1475/3602/1475 1540/3604/1540
vt 0.511880 0.601789
vt 0.519241 0.602112
f 1496/3670/1496 1480/3488/1480 1589/3671/1589
vt 0.518877 0.595712
f 1563/3672/1563 1480/3488/1480 1517/3614/1517
vt 0.867926 0.343058
f 1633/3643/1633 1481/3642/1481 1572/3673/1572
f 1614/3200/1614 1446/3050/1446 2278/3492/2278
vt 0.019851 0.364275
f 1615/3674/1615 1505/3443/1505 1546/3584/1546
f 1556/3544/1556 1512/3340/1512 1557/3656/1557
vt 0.984363 0.533196
f 1506/3355/1506 1706/3160/1706 1891/3675/1891
f 1512/3340/1512 1640/3620/1640 1557/3656/1557
vt 0.119704 0.877972
f 1491/3543/1491 1514/3352/1514 1647/3676/1647
vt 0.888304 0.241709
vt 0.889341 0.245916
vt 0.886647 0.242767
f 1483/3677/1483 1463/3678/1463 1603/3679/1603
vt 0.788866 0.029331
f 1553/3669/1553 1540/3604/1540 1570/3680/1570
vt 0.432803 0.817552
f 1576/3681/1576 1778/3653/1778 1521/3655/1521
vt 0.342225 0.444347
vt 0.338294 0.445844
vt 0.335866 0.442068
f 1463/3682/1463 1519/3683/1519 1723/3684/1723
vt 0.880805 0.367767
vt 0.881550 0.365154
vt 0.883061 0.364739
f 1588/3685/1588 1575/3686/1575 1540/3687/1540
vt 0.183632 0.292517
vt 0.181160 0.292208
vt 0.183428 0.290137
f 1523/3688/1523 1560/3689/1560 1487/3690/1487
vt 0.979960 0.411762
f 1559/3559/1559 1685/3691/1685 1489/3473/1489
vt 0.105796 0.262260
vt 0.104155 0.258294
vt 0.110033 0.258298
f 1494/3692/1494 1561/3693/1561 1568/3694/1568
vt 0.813796 0.741212
f 1643/3695/1643 1499/3495/1499 1550/3514/1550
vt 0.490390 0.984465
vt 0.487382 0.983916
vt 0.487469 0.982430
f 1548/3696/1548 1508/3697/1508 1600/3698/1600
f 1562/3435/1562 1543/3477/1543 1597/3621/1597
vt 0.079540 0.809931
f 1541/3266/1541 1719/3699/1719 1604/3659/1604
vt 0.159191 0.692113
f 1608/3700/1608 1528/3576/1528 1644/3577/1644
vt 0.353625 0.204427
vt 0.353214 0.207464
vt 0.349602 0.205417
f 1580/3701/1580 1583/3702/1583 1564/3703/1564
vt 0.351128 0.203098
f 1592/3704/1592 1580/3701/1580 1564/3703/1564
vt 0.459917 0.516492
f 1567/3634/1567 1624/3705/1624 1442/3438/1442
vt 0.820355 0.945701
f 1284/3238/1284 1573/3706/1573 1432/3239/1432
vt 0.519073 0.595703
f 1589/3671/1589 1480/3488/1480 1563/3707/1563
f 1552/3538/1552 1442/3438/1442 1624/3705/1624
vt 0.458093 0.511001
vt 0.461140 0.511482
f 1552/3538/1552 1584/3708/1584 1565/3709/1565
vt 0.428752 0.101646
vt 0.432678 0.104042
vt 0.429243 0.104718
f 1565/3710/1565 1572/3711/1572 1552/3712/1552
vt 0.392407 0.439629
f 1502/3713/1502 1713/3650/1713 1457/3497/1457
vt 0.071349 0.779653
vt 0.069346 0.786597
f 1566/3714/1566 1535/3415/1535 1713/3715/1713
vt 0.608876 0.679311
f 1710/3487/1710 1535/3486/1535 1566/3716/1566
vt 0.355410 0.439610
vt 0.349466 0.441867
vt 0.351377 0.438027
f 1537/3717/1537 1483/3718/1483 1606/3719/1606
vt 0.105203 0.850162
vt 0.101502 0.847130
f 1543/3477/1543 1652/3720/1652 1619/3721/1619
vt 0.759552 0.598366
f 1638/3583/1638 1547/3618/1547 1731/3722/1731
vt 0.490179 0.983589
vt 0.489014 0.982364
f 1548/3723/1548 1600/3698/1600 1669/3724/1669
vt 0.344210 0.440128
f 1603/3725/1603 1463/3682/1463 1723/3684/1723
vt 0.162733 0.687823
f 1539/3553/1539 1525/3652/1525 1628/3726/1628
vt 0.335371 0.444828
f 1723/3684/1723 1519/3683/1519 1532/3727/1532
vt 0.095090 0.830942
f 1546/3615/1546 1629/3534/1629 1615/3728/1615
vt 0.112600 0.262823
vt 0.105707 0.262518
vt 0.110227 0.258323
f 1532/3729/1532 1494/3730/1494 1568/3731/1568
vt 0.722129 0.415186
f 1586/3449/1586 1530/3732/1530 1427/3225/1427
vt 0.468647 0.533752
vt 0.466172 0.531094
f 1466/3388/1466 1529/3733/1529 1593/3734/1593
vt 0.017128 0.362666
f 1505/3443/1505 1615/3674/1615 1668/3735/1668
vt 0.463704 0.386293
vt 0.464713 0.385332
f 1522/3481/1522 1652/3736/1652 1543/3737/1543
f 1608/3700/1608 1628/3726/1628 1525/3652/1525
vt 0.791845 0.029723
f 1601/3738/1601 1553/3669/1553 1570/3680/1570
vt 0.199656 0.497970
vt 0.206986 0.500645
f 1676/3739/1676 1573/3396/1573 1427/3740/1427
vt 0.148384 0.203455
vt 0.151396 0.203861
vt 0.151276 0.206688
f 1570/3741/1570 1540/3742/1540 1575/3743/1575
vt 0.018249 0.184492
f 1507/3666/1507 1612/3744/1612 1533/3627/1533
vt 0.085508 0.812375
f 1541/3266/1541 1654/3745/1654 1719/3699/1719
vt 0.508591 0.775625
f 1464/3503/1464 1630/3505/1630 1673/3746/1673
f 1644/3577/1644 1493/3523/1493 1598/3522/1598
vt 0.077659 0.797711
f 1621/3747/1621 1524/3448/1524 1545/3468/1545
vt 0.585241 0.250668
vt 0.585028 0.246198
vt 0.588782 0.250465
f 1577/3748/1577 1524/3749/1524 1621/3750/1621
f 1514/3352/1514 1544/3476/1544 1647/3676/1647
vt 0.871984 0.342126
f 1572/3673/1572 1620/3751/1620 1633/3643/1633
vt 0.591705 0.678026
f 1517/3508/1517 1710/3487/1710 1613/3752/1613
vt 0.554461 0.830440
vt 0.554842 0.826633
vt 0.557170 0.830103
f 1563/3753/1563 1517/3754/1517 1613/3755/1613
vt 0.616346 0.940164
f 1973/3756/1973 1791/3663/1791 1673/3350/1673
vt 0.115173 0.873718
f 1647/3676/1647 1651/3757/1651 1491/3543/1491
f 1619/3721/1619 1597/3621/1597 1543/3477/1543
vt 0.346547 0.438717
f 1606/3719/1606 1483/3718/1483 1603/3758/1603
f 1599/3518/1599 1491/3543/1491 1651/3757/1651
f 1627/3527/1627 1554/3493/1554 1462/3024/1462
vt 0.469158 0.388312
vt 0.464980 0.388224
f 1596/3759/1596 1652/3760/1652 1522/3481/1522
vt 0.827312 0.738650
f 1510/3427/1510 1499/3495/1499 1602/3761/1602
vt 0.108598 0.863837
f 1484/3392/1484 1599/3518/1599 1656/3762/1656
vt 0.821912 0.737706
vt 0.827124 0.739135
f 1595/3763/1595 1602/3764/1602 1499/3495/1499
vt 0.605931 0.679698
vt 0.604042 0.681852
f 1710/3487/1710 1566/3765/1566 1637/3766/1637
vt 0.120693 0.260897
f 1723/3767/1723 1532/3729/1532 1568/3731/1568
f 1534/3149/1534 1747/3649/1747 1895/3640/1895
f 1479/3554/1479 1682/3638/1682 1550/3514/1550
vt 0.979778 0.541705
f 1538/3194/1538 1506/3355/1506 1878/3768/1878
vt 0.455615 0.513063
f 1587/3769/1587 1552/3538/1552 1624/3705/1624
f 1584/3708/1584 1552/3538/1552 1587/3769/1587
vt 0.869449 0.339900
f 1565/3770/1565 1620/3751/1620 1572/3673/1572
vt 0.839927 0.736032
f 1508/3455/1508 1631/3668/1631 1600/3771/1600
vt 0.213526 0.288360
vt 0.210279 0.289534
vt 0.211603 0.286925
f 1584/3772/1584 1587/3773/1587 1583/3774/1583
vt 0.876889 0.332704
vt 0.871994 0.331740
vt 0.871591 0.328789
f 1660/3775/1660 1580/3776/1580 1592/3777/1592
vt 0.831817 0.736003
f 1631/3668/1631 1510/3427/1510 1594/3778/1594
vt 0.561325 0.477462
f 1246/3386/1246 1707/3496/1707 1509/3779/1509
vt 0.146756 0.940492
f 1526/3317/1526 1498/3445/1498 1661/3780/1661
vt 0.380148 0.211866
vt 0.376774 0.208492
vt 0.382401 0.208244
f 1507/3781/1507 1501/3782/1501 1612/3783/1612
vt 0.356035 0.208237
f 1580/3701/1580 1584/3784/1584 1583/3702/1583
vt 0.611976 0.095934
vt 0.607458 0.098492
f 1658/3785/1658 1501/3786/1501 1571/3632/1571
vt 0.510300 0.609533
vt 0.513305 0.613055
f 1559/3787/1559 1496/3670/1496 1679/3788/1679
vt 0.152418 0.687521
f 1698/3789/1698 1608/3700/1608 1644/3577/1644
vt 0.645069 0.170369
f 1536/3589/1536 1690/3790/1690 1571/3587/1571
vt 0.146299 0.203675
f 1575/3743/1575 1601/3791/1601 1570/3741/1570
vt 0.880690 0.367789
vt 0.877132 0.368673
f 1588/3792/1588 1537/3513/1537 1665/3793/1665
vt 0.877847 0.370509
f 1665/3793/1665 1537/3513/1537 1606/3794/1606
vt 0.463051 0.527508
f 1567/3634/1567 1466/3388/1466 1593/3795/1593
vt 0.449088 0.511461
vt 0.453147 0.510831
vt 0.450980 0.516133
f 1590/3796/1590 1564/3797/1564 1591/3798/1591
vt 0.398940 0.449156
f 1502/3713/1502 1662/3799/1662 1713/3650/1713
vt 0.350822 0.209712
vt 0.349450 0.209233
f 1587/3800/1587 1591/3801/1591 1583/3702/1583
vt 0.208313 0.287554
vt 0.205396 0.289610
vt 0.206917 0.286657
f 1583/3802/1583 1591/3803/1591 1564/3804/1564
vt 0.812745 0.931782
f 1678/3028/1678 1432/3239/1432 1770/3805/1770
vt 0.066457 0.781490
f 1616/3806/1616 1566/3714/1566 1713/3715/1713
vt 0.451603 0.508646
f 1564/3797/1564 1590/3796/1590 1592/3807/1592
vt 0.765045 0.604713
f 1607/3434/1607 1638/3583/1638 1626/3808/1626
f 1499/3495/1499 1643/3695/1643 1595/3763/1595
vt 0.468129 0.390433
f 1652/3760/1652 1596/3759/1596 1695/3809/1695
vt 0.173617 0.680675
f 1731/3810/1731 1547/3657/1547 1539/3553/1539
vt 0.686747 0.537432
vt 0.686934 0.535254
vt 0.689940 0.535890
f 1692/3811/1692 1667/3812/1667 1560/3813/1560
f 1643/3695/1643 1550/3514/1550 1682/3638/1682
vt 0.203085 0.578242
f 1549/3454/1549 1635/3814/1635 1523/3372/1523
vt 0.791720 0.745646
f 1489/3639/1489 1708/3815/1708 1682/3638/1682
vt 0.430235 0.200577
vt 0.429403 0.203762
f 1586/3816/1586 1560/3613/1560 1667/3817/1667
vt 0.510282 0.611960
f 1685/3818/1685 1559/3787/1559 1679/3788/1679
f 1679/3788/1679 1496/3670/1496 1589/3671/1589
vt 0.499088 0.012363
vt 0.496511 0.012055
vt 0.499552 0.009075
f 1598/3819/1598 1557/3820/1557 1736/3821/1736
vt 0.183051 0.295559
vt 0.186659 0.294211
f 1635/3822/1635 1560/3689/1560 1523/3823/1523
vt 0.137303 0.689526
f 1644/3577/1644 1598/3522/1598 1705/3824/1705
vt 0.155334 0.209710
vt 0.147348 0.207306
f 1575/3743/1575 1588/3825/1588 1634/3826/1634
vt 0.478778 0.148248
vt 0.484287 0.146831
vt 0.480335 0.150536
f 1568/3827/1568 1561/3828/1561 1610/3829/1610
vt 0.485725 0.150162
f 1582/3830/1582 1610/3829/1610 1561/3828/1561
vt 0.871530 0.336125
f 1565/3770/1565 1584/3831/1584 1620/3751/1620
f 1584/3831/1584 1580/3776/1580 1660/3775/1660
vt 0.593212 0.430836
vt 0.600376 0.427646
vt 0.595451 0.431931
f 1548/3832/1548 1669/3833/1669 1617/3834/1617
vt 0.201766 0.503369
f 1676/3739/1676 1427/3740/1427 1530/3835/1530
vt 0.646618 0.167291
f 1658/3836/1658 1571/3587/1571 1690/3790/1690
vt 0.098613 0.704297
f 1664/3565/1664 1645/3837/1645 1495/3560/1495
vt 0.375400 0.204433
vt 0.378422 0.206864
f 1658/3838/1658 1612/3839/1612 1501/3782/1501
vt 0.600045 0.436183
vt 0.592653 0.435317
f 1690/3840/1690 1536/3841/1536 1617/3834/1617
vt 0.794634 0.859765
f 1681/3842/1681 1357/2990/1357 1558/3117/1558
vt 0.603576 0.432482
f 1690/3840/1690 1617/3834/1617 1655/3843/1655
f 1656/3762/1656 1695/3667/1695 1515/3426/1515
vt 0.118801 0.883517
f 1647/3676/1647 1544/3476/1544 1704/3844/1704
vt 0.801931 0.890836
f 1846/3429/1846 1844/3845/1844 1438/3082/1438
f 1510/3427/1510 1602/3761/1602 1594/3778/1594
f 1599/3518/1599 1651/3757/1651 1656/3762/1656
vt 0.086902 0.828200
f 1781/3846/1781 1782/3491/1782 1668/3619/1668
f 1515/3426/1515 1484/3392/1484 1656/3762/1656
vt 0.129399 0.694512
f 1598/3522/1598 1736/3847/1736 1705/3824/1705
vt 0.116808 0.258086
f 1568/3731/1568 1641/3848/1641 1723/3767/1723
vt 0.480758 0.152552
f 1611/3849/1611 1610/3829/1610 1582/3830/1582
vt 0.714461 0.167410
vt 0.711661 0.167762
f 1582/3850/1582 1533/3623/1533 1611/3851/1611
vt 0.775545 0.610492
f 1527/3530/1527 1518/3569/1518 1674/3852/1674
vt 0.709143 0.169058
f 1670/3853/1670 1611/3851/1611 1533/3623/1533
vt 0.323782 0.289313
vt 0.326840 0.294667
vt 0.319179 0.289431
f 1670/3854/1670 1533/3855/1533 1733/3856/1733
vt 0.793758 0.029226
vt 0.796093 0.029609
f 1553/3669/1553 1601/3857/1601 1664/3858/1664
vt 0.153263 0.948229
f 1498/3445/1498 1633/3651/1633 1686/3859/1686
vt 0.180478 0.566134
f 1700/2956/1700 1476/2985/1476 1867/3860/1867
f 1575/3743/1575 1634/3826/1634 1601/3791/1601
f 1620/3751/1620 1584/3831/1584 1660/3775/1660
vt 0.103872 0.701796
vt 0.104610 0.707316
f 1709/3861/1709 1671/3402/1671 1551/3862/1551
vt 0.085257 0.228603
vt 0.089071 0.228737
vt 0.086288 0.233766
f 1658/3863/1658 1689/3864/1689 1612/3865/1612
vt 0.645000 0.923368
vt 0.650192 0.926835
f 1450/3019/1450 1858/3866/1858 1569/3867/1569
vt 0.070598 0.803375
f 1621/3747/1621 1545/3468/1545 1741/3868/1741
vt 0.101148 0.706468
f 1551/3869/1551 1495/3560/1495 1645/3837/1645
vt 0.586949 0.253121
f 1577/3748/1577 1621/3750/1621 1662/3870/1662
vt 0.154354 0.211212
f 1665/3871/1665 1634/3826/1634 1588/3825/1588
vt 0.595722 0.425661
vt 0.598672 0.423841
f 1669/3833/1669 1600/3872/1600 1631/3873/1631
vt 0.356078 0.436997
vt 0.350698 0.434812
f 1665/3874/1665 1606/3719/1606 1672/3875/1672
vt 0.524816 0.597946
f 1563/3707/1563 1653/3876/1653 1589/3671/1589
vt 0.629977 0.930678
f 1666/3083/1666 1965/3877/1965 1609/2762/1609
vt 0.521402 0.592731
vt 0.524563 0.593272
f 1563/3707/1563 1613/3878/1613 1754/3879/1754
vt 0.786740 0.750980
f 1489/3639/1489 1685/3880/1685 1708/3815/1708
vt 0.456158 0.523987
vt 0.454052 0.518750
f 1567/3634/1567 1623/3881/1623 1625/3882/1625
vt 0.456176 0.518371
f 1625/3882/1625 1624/3883/1624 1567/3634/1567
vt 0.788495 0.641289
vt 0.783040 0.639324
vt 0.781173 0.634974
f 1623/3884/1623 1567/3885/1567 1593/3886/1593
vt 0.206923 0.292527
f 1587/3773/1587 1625/3887/1625 1591/3803/1591
vt 0.210974 0.292837
f 1624/3888/1624 1625/3887/1625 1587/3773/1587
vt 0.447750 0.514712
f 1716/3889/1716 1590/3796/1590 1591/3798/1591
vt 0.697837 0.272144
vt 0.701447 0.272279
vt 0.700530 0.276576
f 1683/3890/1683 1590/3891/1590 1716/3892/1716
vt 0.700317 0.269012
f 1592/3893/1592 1590/3891/1590 1683/3890/1683
vt 0.641383 0.372859
vt 0.645510 0.370025
vt 0.645438 0.374353
f 1660/3894/1660 1592/3895/1592 1683/3896/1683
f 1518/3569/1518 1607/3434/1607 1626/3808/1626
vt 0.816943 0.737665
f 1639/3897/1639 1595/3763/1595 1643/3695/1643
vt 0.120914 0.890141
f 1544/3476/1544 1554/3493/1554 1703/3898/1703
vt 0.084996 0.835259
f 1615/3728/1615 1629/3534/1629 1729/3899/1729
vt 0.104031 0.285701
vt 0.108321 0.286732
vt 0.106452 0.291817
f 1668/3900/1668 1615/3901/1615 1657/3902/1657
vt 0.807476 0.925777
f 1618/3107/1618 1678/3028/1678 2393/3903/2393
f 1704/3844/1704 1544/3476/1544 1703/3898/1703
f 1698/3789/1698 1628/3726/1628 1608/3700/1608
vt 0.092399 0.705784
f 1632/3904/1632 1645/3837/1645 1664/3565/1664
vt 0.928388 0.613177
vt 0.926188 0.619082
f 1581/3905/1581 1783/3906/1783 1654/3599/1654
vt 0.317248 0.292685
f 1533/3855/1533 1612/3907/1612 1733/3856/1733
f 1593/3886/1593 1529/3572/1529 1739/3600/1739
vt 0.405109 0.153812
vt 0.405631 0.149584
vt 0.410937 0.152613
f 1637/3908/1637 1566/3909/1566 1616/3910/1616
f 1661/3780/1661 1498/3445/1498 1686/3859/1686
vt 0.525957 0.603221
f 1697/3911/1697 1589/3671/1589 1653/3876/1653
vt 0.991793 0.193164
vt 0.990346 0.196685
vt 0.990015 0.189552
f 1951/3912/1951 1453/3913/1453 1403/3914/1403
vt 0.125088 0.908389
f 1554/3493/1554 1627/3527/1627 1792/3915/1792
f 1698/3789/1698 1644/3577/1644 1705/3824/1705
vt 0.104859 0.851423
vt 0.103066 0.853476
f 1652/3916/1652 1695/3667/1695 1726/3917/1726
vt 0.332399 0.744825
vt 0.333058 0.738816
vt 0.336283 0.744469
f 1650/3918/1650 1605/3919/1605 1774/3920/1774
vt 0.163567 0.683131
f 1539/3553/1539 1628/3726/1628 1809/3921/1809
vt 0.589805 0.253361
f 1662/3870/1662 1621/3750/1621 1648/3922/1648
vt 0.565213 0.466804
vt 0.564396 0.476408
f 1707/3496/1707 2194/3923/2194 1509/3924/1509
vt 0.113041 0.257346
f 1568/3731/1568 1642/3925/1642 1641/3848/1641
vt 0.094778 0.611567
vt 0.096281 0.615914
vt 0.089387 0.611693
f 1664/3926/1664 1601/3927/1601 1725/3928/1725
vt 0.086799 0.831444
f 1729/3899/1729 1657/3929/1657 1615/3728/1615
vt 0.113775 0.880063
f 1651/3757/1651 1647/3676/1647 1743/3930/1743
f 1848/3314/1848 1846/3429/1846 1406/3230/1406
vt 0.092418 0.619249
f 1725/3928/1725 1601/3927/1601 1634/3931/1634
vt 0.244770 0.088304
vt 0.248045 0.088790
vt 0.245426 0.091754
f 1642/3932/1642 1568/3933/1568 1610/3934/1610
f 1739/3600/1739 1527/3530/1527 1674/3852/1674
vt 0.078398 0.819811
f 1581/3597/1581 1782/3491/1782 1783/3935/1783
vt 0.878517 0.342298
vt 0.876367 0.345699
f 1663/3936/1663 1711/3937/1711 1620/3751/1620
vt 0.331844 0.740382
f 1605/3919/1605 1650/3918/1650 1788/3938/1788
vt 0.281686 0.026064
vt 0.285921 0.023868
vt 0.285730 0.026602
f 1633/3939/1633 1620/3940/1620 1711/3941/1711
vt 0.610342 0.946671
vt 0.611508 0.944681
f 1630/3942/1630 2009/3943/2009 1673/3350/1673
vt 0.603474 0.424549
f 1669/3833/1669 1631/3873/1631 1702/3944/1702
vt 0.602360 0.419351
f 1693/3945/1693 1702/3944/1702 1631/3873/1631
vt 0.791359 0.629515
f 1684/3946/1684 1593/3886/1593 1739/3600/1739
vt 0.478867 0.974265
vt 0.481214 0.972683
vt 0.482954 0.977205
f 1594/3947/1594 1693/3948/1693 1631/3949/1631
vt 0.985135 0.409735
vt 0.985699 0.416287
f 1685/3691/1685 1679/3950/1679 1769/3951/1769
vt 0.687253 0.540619
vt 0.692193 0.541480
f 1728/3952/1728 1560/3813/1560 1635/3953/1635
vt 0.523017 0.608829
f 1679/3788/1679 1589/3671/1589 1712/3954/1712
f 1754/3879/1754 1653/3876/1653 1563/3707/1563
vt 0.449735 0.518488
f 1716/3889/1716 1591/3798/1591 1715/3955/1715
f 1591/3798/1591 1625/3882/1625 1715/3955/1715
f 1625/3882/1625 1623/3881/1623 1715/3955/1715
f 1646/3422/1646 1357/2990/1357 1681/3842/1681
vt 0.809131 0.739134
f 1742/3956/1742 1639/3897/1639 1643/3695/1643
vt 0.337530 0.436629
f 1603/3725/1603 1723/3684/1723 1757/3957/1757
f 1593/3886/1593 1684/3946/1684 1623/3884/1623
f 1704/3844/1704 1743/3930/1743 1647/3676/1647
f 1539/3553/1539 1809/3921/1809 1731/3810/1731
f 1659/3665/1659 1858/3866/1858 1450/3019/1450
vt 0.242922 0.089846
f 1677/3958/1677 1642/3932/1642 1610/3934/1610
vt 0.243981 0.091695
f 1611/3959/1611 1677/3958/1677 1610/3934/1610
f 1620/3751/1620 1660/3775/1660 1663/3936/1663
vt 0.118346 0.691656
f 1736/3847/1736 1557/3656/1557 1777/3960/1777
f 1640/3620/1640 1777/3960/1777 1557/3656/1557
f 1712/3954/1712 1589/3671/1589 1697/3911/1697
vt 0.407353 0.156015
f 1637/3908/1637 1616/3910/1616 1771/3961/1771
vt 0.603076 0.684984
f 1710/3487/1710 1637/3766/1637 1771/3962/1771
f 1643/3695/1643 1682/3638/1682 1742/3956/1742
vt 0.110730 0.694958
f 1640/3620/1640 1671/3402/1671 1745/3963/1745
f 1655/3843/1655 1617/3834/1617 1669/3833/1669
vt 0.080083 0.815253
f 1719/3699/1719 1654/3745/1654 1772/3964/1772
vt 0.827430 0.734480
f 1594/3778/1594 1602/3761/1602 1694/3965/1694
vt 0.642004 0.166704
f 1658/3836/1658 1690/3790/1690 1689/3966/1689
f 1819/3628/1819 1630/3505/1630 1433/3504/1433
vt 0.098680 0.856122
f 1726/3917/1726 1695/3667/1695 1732/3967/1732
vt 0.476526 0.968761
vt 0.472724 0.972398
vt 0.470224 0.968603
f 1694/3968/1694 1602/3969/1602 1595/3970/1595
vt 0.101257 0.851061
vt 0.102227 0.850367
f 1726/3971/1726 1619/3721/1619 1652/3972/1652
vt 0.159156 0.182211
vt 0.153560 0.185442
vt 0.156631 0.181978
f 1709/3973/1709 1551/3974/1551 1645/3975/1645
vt 0.074942 0.803723
f 1741/3868/1741 1545/3468/1545 1604/3976/1604
vt 0.588562 0.254234
vt 0.590168 0.256892
f 1662/3977/1662 1648/3922/1648 1721/3978/1721
f 1606/3719/1606 1603/3758/1603 1672/3875/1672
vt 0.360308 0.430626
vt 0.363486 0.433884
vt 0.358384 0.434496
f 1750/3979/1750 1634/3980/1634 1665/3981/1665
vt 0.363391 0.428552
f 1649/3982/1649 1634/3980/1634 1750/3979/1750
vt 0.099981 0.862097
f 1911/3983/1911 1695/3667/1695 1656/3762/1656
vt 0.707811 0.049665
vt 0.712339 0.050633
vt 0.709820 0.052601
f 1688/3984/1688 1677/3985/1677 1611/3986/1611
vt 0.766165 0.601059
f 1626/3808/1626 1638/3583/1638 1753/3987/1753
f 1731/3722/1731 1753/3987/1753 1638/3583/1638
vt 0.517686 0.616553
f 1712/3954/1712 1687/3988/1687 1679/3788/1679
vt 0.791425 0.849014
f 1961/3989/1961 1488/3291/1488 1578/3545/1578
vt 0.103030 0.289928
f 1668/3900/1668 1657/3902/1657 1781/3990/1781
vt 0.391968 0.450711
f 1713/3650/1713 1662/3799/1662 1820/3991/1820
vt 0.270587 0.087328
vt 0.272223 0.091558
vt 0.268257 0.091180
f 1642/3992/1642 1677/3993/1677 1762/3994/1762
vt 0.796137 0.853790
f 1646/3995/1646 1961/3989/1961 1578/3545/1578
f 1661/3780/1661 1622/3297/1622 1526/3317/1526
vt 0.107709 0.870100
f 1656/3762/1656 1651/3757/1651 1744/3996/1744
vt 0.818493 0.520736
f 1895/3640/1895 1951/3997/1951 1403/3269/1403
f 2393/3903/2393 1894/3548/1894 1618/3107/1618
f 1627/3527/1627 1585/3528/1585 1792/3915/1792
vt 0.880682 0.336528
f 1663/3936/1663 1660/3775/1660 1740/3998/1740
vt 0.157660 0.682014
f 1628/3726/1628 1698/3789/1698 1773/3999/1773
vt 0.335016 0.735978
f 1605/3919/1605 1680/4000/1680 1774/3920/1774
vt 0.477832 0.971583
vt 0.478160 0.970431
f 1693/3948/1693 1594/4001/1594 1694/4002/1694
vt 0.369981 0.040060
vt 0.375527 0.038542
vt 0.373975 0.041870
f 1711/4003/1711 1686/4004/1686 1633/4005/1633
vt 0.069697 0.799379
f 1648/4006/1648 1621/3747/1621 1741/3868/1741
vt 0.115955 0.900201
f 1703/3898/1703 1554/3493/1554 1828/4007/1828
vt 0.093744 0.608688
f 1632/4008/1632 1664/3926/1664 1725/3928/1725
vt 0.850138 0.145313
vt 0.848066 0.142159
vt 0.851460 0.142826
f 1672/4009/1672 1699/4010/1699 1665/4011/1665
vt 0.848212 0.138536
f 1750/4012/1750 1665/4011/1665 1699/4010/1699
f 1671/3402/1671 1709/3861/1709 1745/3963/1745
vt 0.087360 0.617476
f 1725/3928/1725 1634/3931/1634 1649/4013/1649
vt 0.344531 0.435059
f 1603/3758/1603 1722/4014/1722 1672/3875/1672
vt 0.794793 0.649850
vt 0.796261 0.644409
f 1715/4015/1715 1623/3884/1623 1789/4016/1789
vt 0.699166 0.468579
vt 0.700982 0.470855
vt 0.699172 0.471559
f 1788/4017/1788 1650/4018/1650 1815/4019/1815
vt 0.593002 0.684161
f 1613/3752/1613 1710/3487/1710 1720/4020/1720
vt 0.609612 0.685219
vt 0.608280 0.690503
f 1771/3962/1771 1616/4021/1616 1821/4022/1821
vt 0.204081 0.576354
f 1956/3453/1956 1766/4023/1766 1549/3454/1549
vt 0.095254 0.849026
vt 0.088139 0.843475
f 1619/3721/1619 1727/4024/1727 1799/4025/1799
f 1597/3621/1597 1619/3721/1619 1799/4025/1799
f 1549/3454/1549 1766/4023/1766 1635/3814/1635
vt 0.074578 0.110386
vt 0.075830 0.112838
vt 0.070762 0.111057
f 1769/4026/1769 1679/4027/1679 1687/4028/1687
vt 0.706167 0.052353
f 1611/3986/1611 1670/4029/1670 1688/3984/1688
f 1597/3621/1597 1729/3899/1729 1629/3534/1629
f 1732/3967/1732 1695/3667/1695 1911/3983/1911
vt 0.603939 0.434369
f 1690/3840/1690 1655/3843/1655 1737/4030/1737
vt 0.084846 0.354697
vt 0.088594 0.360615
vt 0.084208 0.357586
f 1667/4031/1667 1692/4032/1692 1749/4033/1749
f 1674/3852/1674 1518/3569/1518 1626/3808/1626
vt 0.921591 0.619095
f 1654/3599/1654 1783/3906/1783 1772/4034/1772
vt 0.792166 0.872173
f 1675/4035/1675 1558/3117/1558 1213/2746/1213
vt 0.807211 0.941356
f 1432/3239/1432 1802/4036/1802 1770/3805/1770
vt 0.402352 0.287767
vt 0.410473 0.289010
vt 0.404587 0.293344
f 1604/4037/1604 1719/4038/1719 1714/4039/1714
vt 0.266625 0.086834
f 1641/4040/1641 1642/3992/1642 1762/3994/1762
vt 0.813520 0.735516
f 1817/4041/1817 1639/3897/1639 1742/3956/1742
vt 0.097446 0.701734
f 1691/4042/1691 1645/3837/1645 1632/3904/1632
f 1792/3915/1792 1828/4007/1828 1554/3493/1554
f 1603/3725/1603 1757/3957/1757 1722/4014/1722
vt 0.119856 0.920332
f 1792/3915/1792 1585/3528/1585 1761/4043/1761
vt 0.694242 0.464352
vt 0.698321 0.465043
f 1866/4044/1866 1605/4045/1605 1788/4017/1788
vt 0.195521 0.504735
vt 0.200207 0.507704
f 1787/4046/1787 1530/3835/1530 1586/4047/1586
vt 0.802590 0.737382
vt 0.799578 0.740344
f 1696/4048/1696 1742/3956/1742 1730/4049/1730
f 1682/3638/1682 1730/4049/1730 1742/3956/1742
f 1728/3952/1728 1692/3811/1692 1560/3813/1560
f 1744/3996/1744 1651/3757/1651 1743/3930/1743
vt 0.011977 0.329280
vt 0.009075 0.330179
vt 0.009377 0.326308
f 1809/4050/1809 1628/4051/1628 1773/4052/1773
vt 0.628425 0.345418
vt 0.631099 0.346171
vt 0.632205 0.349950
f 1877/4053/1877 1680/4054/1680 1605/4055/1605
vt 0.796170 0.741052
f 1730/4049/1730 1682/3638/1682 1746/4056/1746
vt 0.813904 0.946525
f 1870/4057/1870 1432/3239/1432 1573/3706/1573
f 1682/3638/1682 1708/3815/1708 1746/4056/1746
vt 0.695723 0.462897
f 1866/4044/1866 1877/4058/1877 1605/4045/1605
vt 0.790495 0.863222
f 1943/4059/1943 1681/3842/1681 1558/3117/1558
vt 0.156920 0.178855
vt 0.156839 0.180598
f 1691/4060/1691 1709/3973/1709 1645/4061/1645
vt 0.817600 0.947466
f 1573/3706/1573 1676/4062/1676 1870/4057/1870
vt 0.092111 0.602984
vt 0.085822 0.606884
f 1691/4063/1691 1632/4008/1632 1833/4064/1833
vt 0.986754 0.422725
vt 0.982331 0.418158
f 1735/4065/1735 1685/4066/1685 1769/3951/1769
vt 0.784357 0.833523
vt 0.789309 0.830276
vt 0.788897 0.833122
f 1863/4067/1863 1778/4068/1778 1576/4069/1576
vt 0.093009 0.232945
f 1612/3865/1612 1689/3864/1689 1701/4070/1701
vt 0.091254 0.230187
f 1701/4070/1701 1689/3864/1689 1734/4071/1734
vt 0.090830 0.236721
f 1701/4070/1701 1733/4072/1733 1612/3865/1612
vt 0.099052 0.853017
f 1726/4073/1726 1727/4024/1727 1619/3721/1619
vt 0.528368 0.595179
vt 0.529222 0.598047
f 1653/3876/1653 1754/4074/1754 1755/4075/1755
vt 0.531304 0.609639
f 1718/4076/1718 1712/3954/1712 1697/3911/1697
f 1697/3911/1697 1653/3876/1653 1755/4075/1755
vt 0.639831 0.168372
f 1690/3790/1690 1737/4077/1737 1689/3966/1689
vt 0.476286 0.968487
vt 0.474072 0.964867
f 1694/4078/1694 1595/3970/1595 1760/4079/1760
vt 0.491956 0.973888
vt 0.497204 0.979081
vt 0.495166 0.978422
f 1702/4080/1702 1655/4081/1655 1669/4082/1669
vt 0.790034 0.837270
vt 0.788448 0.840925
f 1898/4083/1898 1576/3531/1576 1952/4084/1952
vt 0.531596 0.604190
f 1697/3911/1697 1717/4085/1717 1718/4076/1718
vt 0.694743 0.280787
f 1683/3890/1683 1716/3892/1716 1776/4086/1776
f 1632/4008/1632 1725/3928/1725 1833/4064/1833
f 1488/3291/1488 1952/4084/1952 1576/3531/1576
vt 0.125665 0.259975
vt 0.123579 0.256033
f 1757/4087/1757 1723/3767/1723 1759/4088/1759
f 1777/3960/1777 1640/3620/1640 1745/3963/1745
f 1723/3767/1723 1641/3848/1641 1759/4088/1759
vt 0.705229 0.164461
vt 0.707343 0.167467
vt 0.703307 0.166136
f 1688/4089/1688 1670/4090/1670 1724/4091/1724
vt 0.530755 0.601452
f 1717/4085/1717 1697/3911/1697 1755/4092/1755
vt 0.166307 0.675942
f 1731/3810/1731 1809/3921/1809 1832/4093/1832
vt 0.322802 0.284580
f 1670/3854/1670 1733/3856/1733 1724/4094/1724
f 1530/3835/1530 1787/4046/1787 1676/3739/1676
vt 0.526260 0.617301
f 1718/4076/1718 1767/4095/1767 1712/3954/1712
vt 0.334313 0.750262
f 1650/3918/1650 1774/3920/1774 1738/4096/1738
vt 0.503363 0.981872
vt 0.501578 0.977262
f 1737/4097/1737 1655/4081/1655 1811/4098/1811
vt 0.638206 0.167166
f 1748/4099/1748 1689/3966/1689 1737/4077/1737
vt 0.978329 0.421225
f 1735/4065/1735 1708/4100/1708 1685/4066/1685
f 1656/3762/1656 1744/3996/1744 1911/3983/1911
vt 0.818371 0.733775
f 1595/3763/1595 1639/3897/1639 1760/4101/1760
vt 0.483619 0.971658
vt 0.487591 0.968273
f 1702/4080/1702 1693/4102/1693 1860/4103/1860
vt 0.473822 0.964764
vt 0.468557 0.964291
vt 0.467857 0.960694
f 1760/4104/1760 1639/4105/1639 1817/4106/1817
vt 0.397377 0.452953
f 1721/4107/1721 1820/3991/1820 1662/3799/1662
vt 0.796978 0.882043
f 1438/3082/1438 2004/4108/2004 1497/3433/1497
vt 0.112333 0.890804
f 1704/3844/1704 1703/3898/1703 1756/4109/1756
vt 0.063318 0.787390
vt 0.064062 0.785553
f 1795/4110/1795 1616/4111/1616 1713/3715/1713
f 1799/4025/1799 1729/3899/1729 1597/3621/1597
vt 0.133580 0.931729
f 1622/3297/1622 1661/3780/1661 1869/4112/1869
vt 0.577734 0.029767
vt 0.572395 0.032721
vt 0.574065 0.029548
f 1613/4113/1613 1720/4114/1720 1754/4115/1754
vt 0.571733 0.030244
f 1720/4114/1720 1843/4116/1843 1754/4115/1754
f 1585/3528/1585 1622/3297/1622 1869/4112/1869
vt 0.123161 0.687985
f 1814/4117/1814 1736/3847/1736 1777/3960/1777
vt 0.822374 0.306994
vt 0.825639 0.303498
vt 0.825226 0.307605
f 1731/4118/1731 1763/4119/1763 1753/4120/1753
vt 0.153532 0.951582
vt 0.146398 0.953004
f 1686/3859/1686 1711/4121/1711 1871/4122/1871
vt 0.141691 0.948295
f 1686/3859/1686 1907/4123/1907 1661/3780/1661
vt 0.883648 0.339369
f 1812/4124/1812 1663/3936/1663 1740/3998/1740
vt 0.797764 0.635465
f 1786/4125/1786 1623/3884/1623 1684/3946/1684
vt 0.108857 0.885300
f 1743/3930/1743 1704/3844/1704 1847/4126/1847
vt 0.101005 0.697270
f 1745/3963/1745 1709/3861/1709 1801/4127/1801
vt 0.085951 0.599980
f 1691/4063/1691 1833/4064/1833 1824/4128/1824
vt 0.884744 0.344072
f 1779/4129/1779 1663/3936/1663 1812/4124/1812
vt 0.638753 0.165048
f 1689/3966/1689 1748/4099/1748 1734/4130/1734
vt 0.555174 0.196155
vt 0.559762 0.199140
vt 0.557928 0.201962
f 1749/4131/1749 1692/4132/1692 1834/4133/1834
vt 0.729401 0.117494
vt 0.731900 0.118967
vt 0.725701 0.118105
f 1759/4134/1759 1641/4135/1641 1800/4136/1800
vt 0.846381 0.137508
vt 0.845491 0.138873
f 1649/4137/1649 1750/4012/1750 1775/4138/1775
vt 0.727112 0.120359
f 1800/4136/1800 1641/4135/1641 1762/4139/1762
f 1699/4010/1699 1775/4138/1775 1750/4012/1750
vt 0.139896 0.680805
f 1705/3824/1705 1810/4140/1810 1698/3789/1698
vt 0.968236 0.431722
vt 0.970532 0.428695
vt 0.973691 0.432326
f 1696/4141/1696 1730/4142/1730 1765/4143/1765
vt 0.598039 0.947175
vt 0.604715 0.949875
vt 0.604122 0.953203
f 2376/4144/2376 1819/4145/1819 1780/4146/1780
vt 0.352326 0.432057
vt 0.345450 0.432843
f 1699/4147/1699 1672/3875/1672 1764/4148/1764
f 1672/3875/1672 1722/4014/1722 1764/4148/1764
vt 0.586892 0.686984
vt 0.582453 0.681777
vt 0.587396 0.680988
f 1843/4149/1843 1755/4150/1755 1754/4151/1754
vt 0.082188 0.631030
vt 0.084141 0.633942
vt 0.082087 0.635672
f 1764/4152/1764 1722/4153/1722 1757/4154/1757
vt 0.080682 0.348300
vt 0.085172 0.350847
f 1667/4031/1667 1787/4155/1787 1586/4156/1586
vt 0.551824 0.842472
vt 0.555831 0.838165
vt 0.557142 0.842238
f 1717/4157/1717 1755/4158/1755 1794/4159/1794
f 1771/3962/1771 1720/4020/1720 1710/3487/1710
vt 0.522355 0.620462
f 1818/4160/1818 1687/3988/1687 1767/4095/1767
f 1712/3954/1712 1767/4095/1767 1687/3988/1687
f 1609/2762/1609 1965/3877/1965 1659/3665/1659
vt 0.622894 0.941119
vt 0.624655 0.931753
f 1791/4161/1791 1784/4162/1784 1666/3083/1666
vt 0.698872 0.279510
f 1715/4163/1715 1776/4086/1776 1716/3892/1716
vt 0.690848 0.273986
vt 0.690019 0.277330
f 1752/4164/1752 1683/3890/1683 1751/4165/1751
f 1776/4086/1776 1751/4165/1751 1683/3890/1683
vt 0.879763 0.346330
f 1663/3936/1663 1779/4129/1779 1711/4166/1711
vt 0.642785 0.379508
f 1660/3894/1660 1683/3896/1683 1752/4167/1752
vt 0.638388 0.384811
vt 0.636068 0.375019
f 1941/4168/1941 1740/4169/1740 1660/3894/1660
vt 0.172839 0.678158
f 1832/4093/1832 1763/4170/1763 1731/3810/1731
vt 0.070508 0.808453
f 1741/3868/1741 1604/3976/1604 1714/4171/1714
vt 0.818432 0.050838
vt 0.816937 0.049147
vt 0.819722 0.047776
f 1762/4172/1762 1677/4173/1677 1688/4174/1688
vt 0.594904 0.690450
f 1758/4175/1758 1720/4020/1720 1771/3962/1771
vt 0.398779 0.454693
vt 0.397851 0.454402
f 1648/4176/1648 1807/4177/1807 1721/4107/1721
vt 0.974725 0.426763
f 1765/4143/1765 1730/4142/1730 1746/4178/1746
vt 0.316810 0.283506
f 1724/4094/1724 1733/3856/1733 1796/4179/1796
vt 0.065159 0.790809
f 1820/4180/1820 1795/4110/1795 1713/3715/1713
f 1735/4065/1735 1746/4178/1746 1708/4100/1708
vt 0.012385 0.323736
f 1809/4050/1809 1773/4052/1773 1808/4181/1808
vt 0.099429 0.699420
vt 0.100468 0.699670
f 1691/4182/1691 1801/4127/1801 1709/4183/1709
vt 0.168927 0.564530
f 1569/3341/1569 1858/4184/1858 1476/2985/1476
vt 0.170297 0.564198
f 1858/4184/1858 2090/4185/2090 1476/2985/1476
vt 0.174589 0.563492
f 2090/4186/2090 1867/3860/1867 1476/2985/1476
vt 0.695453 0.221218
vt 0.691336 0.218430
vt 0.693948 0.217904
f 1701/4187/1701 1734/4188/1734 1806/4189/1806
vt 0.202226 0.566924
f 1700/2956/1700 2321/4190/2321 1511/3411/1511
vt 0.886559 0.347488
f 1779/4129/1779 1871/4191/1871 1711/4166/1711
vt 0.556408 0.971541
f 1978/4192/1978 2278/3492/2278 1878/3658/1878
vt 0.483470 0.965802
f 1860/4103/1860 1693/4102/1693 1829/4193/1829
vt 0.077978 0.824714
f 1782/3491/1782 1798/4194/1798 1783/3935/1783
vt 0.607912 0.416383
vt 0.602761 0.413774
f 1829/4195/1829 1693/3945/1693 1694/4196/1694
vt 0.606255 0.410516
f 1760/4197/1760 1829/4195/1829 1694/4196/1694
f 1756/4109/1756 1703/3898/1703 1828/4007/1828
vt 0.460248 0.395363
vt 0.464595 0.393839
vt 0.460124 0.398307
f 1727/4198/1727 1726/4199/1726 1793/4200/1793
f 1756/4109/1756 1847/4126/1847 1704/3844/1704
vt 0.637929 0.168010
f 1748/4099/1748 1737/4077/1737 1811/4201/1811
f 1736/3847/1736 1814/4117/1814 1705/3824/1705
vt 0.529024 0.095410
vt 0.533004 0.098127
vt 0.528229 0.096916
f 1768/4202/1768 1762/4203/1762 1688/4204/1688
vt 0.085172 0.616991
vt 0.081829 0.614387
f 1725/3928/1725 1649/4205/1649 1845/4206/1845
vt 0.148775 0.677608
f 1773/3999/1773 1698/3789/1698 1993/4207/1993
f 1789/4016/1789 1623/3884/1623 1786/4125/1786
vt 0.700732 0.223301
vt 0.700033 0.220966
f 1733/4208/1733 1701/4187/1701 1797/4209/1797
vt 0.089004 0.598105
f 1824/4128/1824 1801/4210/1801 1691/4063/1691
vt 0.078249 0.628752
vt 0.083591 0.627618
f 1764/4152/1764 1803/4211/1803 1699/4212/1699
vt 0.462835 0.959924
vt 0.464322 0.956813
f 1742/4213/1742 1785/4214/1785 1817/4106/1817
f 1675/4035/1675 1213/2746/1213 1497/3433/1497
f 1432/3239/1432 1870/4057/1870 1802/4036/1802
vt 0.802589 0.737328
vt 0.806641 0.734199
f 1696/4215/1696 1785/4216/1785 1742/3956/1742
vt 0.343569 0.432716
vt 0.338633 0.434241
vt 0.339493 0.430402
f 1764/4217/1764 1757/4218/1757 1790/4219/1790
vt 0.831301 0.507099
vt 0.825704 0.503621
f 2049/4220/2049 1574/3519/1574 1778/4221/1778
f 1907/4123/1907 1686/3859/1686 1871/4122/1871
vt 0.631634 0.377203
vt 0.631015 0.380994
f 1812/4222/1812 1740/4169/1740 1853/4223/1853
vt 0.536883 0.606103
f 1718/4076/1718 1717/4085/1717 1955/4224/1955
vt 0.078053 0.815771
vt 0.073389 0.816572
f 1772/4225/1772 1841/4226/1841 1719/3699/1719
f 1781/3846/1781 1798/4194/1798 1782/3491/1782
vt 0.784887 0.838231
f 1898/4227/1898 1863/4067/1863 1576/4069/1576
vt 0.066852 0.106179
f 1769/4026/1769 1687/4028/1687 1850/4228/1850
f 1811/4098/1811 1655/4081/1655 1702/4080/1702
vt 0.552806 0.848091
f 1955/4229/1955 1717/4157/1717 1794/4159/1794
vt 0.613521 0.690912
f 1821/4022/1821 1616/4021/1616 1795/4230/1795
vt 0.800592 0.648275
f 1789/4016/1789 1776/4231/1776 1715/4015/1715
f 1660/3894/1660 1752/4167/1752 1941/4168/1941
vt 0.643099 0.050365
vt 0.643868 0.054444
vt 0.641961 0.054296
f 1806/4232/1806 1797/4233/1797 1701/4234/1701
vt 0.103205 0.877316
f 1744/3996/1744 1743/3930/1743 1876/4235/1876
vt 0.100807 0.870498
f 1744/3996/1744 1861/4236/1861 1911/3983/1911
vt 0.341252 0.755458
f 1738/4096/1738 1774/3920/1774 2128/4237/2128
vt 0.312793 0.285491
f 1733/3856/1733 1797/4238/1797 1796/4179/1796
vt 0.088682 0.860413
f 1911/3983/1911 1939/4239/1939 1732/3967/1732
vt 0.102318 0.295804
f 1657/3902/1657 1805/4240/1805 1781/3990/1781
vt 0.090068 0.855359
f 1732/3967/1732 1939/4239/1939 1857/4241/1857
vt 0.680838 0.538843
vt 0.684559 0.538362
f 1728/3952/1728 1834/4242/1834 1692/4243/1692
vt 0.980848 0.431961
f 1886/4244/1886 1746/4178/1746 1735/4065/1735
vt 0.496396 0.973617
f 1811/4098/1811 1702/4080/1702 1849/4245/1849
vt 0.918734 0.300434
vt 0.919401 0.298057
vt 0.921071 0.301925
f 1815/4246/1815 1650/4247/1650 1738/4248/1738
vt 0.077799 0.621868
vt 0.083197 0.620008
f 1699/4212/1699 1813/4249/1813 1775/4250/1775
vt 0.572339 0.470999
f 2194/3923/2194 2376/4251/2376 1509/3924/1509
f 1810/4140/1810 1993/4207/1993 1698/3789/1698
f 1509/3413/1509 2376/4144/2376 1780/4146/1780
vt 0.684112 0.943953
vt 0.686573 0.947470
vt 0.682975 0.947858
f 1817/4252/1817 1830/4253/1830 1760/4254/1760
vt 0.062954 0.788144
vt 0.057725 0.793768
f 1795/4255/1795 1820/4180/1820 1899/4256/1899
vt 0.079416 0.631398
f 1803/4211/1803 1764/4152/1764 1790/4257/1790
f 1438/3082/1438 1844/3845/1844 2004/4108/2004
vt 0.127307 0.256860
f 1836/4258/1836 1757/4087/1757 1759/4088/1759
vt 0.581249 0.687764
f 1755/4150/1755 1843/4149/1843 1936/4259/1936
f 1843/4149/1843 1720/4020/1720 1758/4175/1758
f 1758/4175/1758 1771/3962/1771 1821/4022/1821
vt 0.504266 0.767625
f 1868/4260/1868 1630/3505/1630 1819/3628/1819
vt 0.129020 0.682193
f 1814/4117/1814 1963/4261/1963 1705/3824/1705
vt 0.735813 0.277222
vt 0.736602 0.279612
vt 0.730909 0.277934
f 1688/4262/1688 1724/4263/1724 1768/4264/1768
f 1725/3928/1725 1845/4206/1845 1833/4064/1833
vt 0.695969 0.467290
f 1866/4044/1866 1788/4017/1788 1815/4265/1815
vt 0.509774 0.771517
f 1868/4260/1868 2009/4266/2009 1630/3505/1630
vt 0.456225 0.954572
vt 0.461183 0.951792
f 1785/4214/1785 1696/4267/1696 1927/4268/1927
vt 0.456696 0.950789
f 1831/4269/1831 1927/4268/1927 1696/4267/1696
vt 0.340715 0.734492
f 2132/4270/2132 1774/3920/1774 1680/4000/1680
vt 0.796976 0.736964
vt 0.798787 0.733292
f 1696/4215/1696 1765/4271/1765 1831/4272/1831
vt 0.106250 0.692539
f 1745/3963/1745 1801/4127/1801 1822/4273/1822
vt 0.080856 0.828686
f 1798/4194/1798 1781/3846/1781 1805/4274/1805
vt 0.614991 0.935353
vt 0.622002 0.940802
f 1973/3756/1973 1957/4275/1957 1791/4276/1791
f 1886/4244/1886 1765/4143/1765 1746/4178/1746
f 1813/4249/1813 1699/4212/1699 1803/4211/1803
f 1743/3930/1743 1847/4126/1847 1876/4235/1876
vt 0.801508 0.644037
f 1776/4231/1776 1789/4016/1789 1838/4277/1838
vt 0.923725 0.622733
vt 0.920074 0.622515
f 1772/4034/1772 1783/4278/1783 1841/4279/1841
vt 0.625971 0.341493
f 1680/4054/1680 1877/4053/1877 1890/4280/1890
f 1876/4235/1876 1861/4236/1861 1744/3996/1744
vt 0.411469 0.296006
vt 0.410019 0.292776
f 1841/4281/1841 1714/4039/1714 1719/4282/1719
f 2009/3943/2009 1973/3756/1973 1673/3350/1673
f 1957/4275/1957 1784/4162/1784 1791/4276/1791
vt 0.065944 0.805285
f 1842/4283/1842 1741/3868/1741 1714/4171/1714
vt 0.812838 0.529610
vt 0.811643 0.539384
vt 0.807303 0.532846
f 1636/4284/1636 2185/4285/2185 1706/4286/1706
f 1951/3997/1951 1636/4284/1636 1453/3661/1453
vt 0.062487 0.108417
f 1850/4228/1850 1687/4028/1687 1818/4287/1818
vt 0.493248 0.970319
f 1873/4288/1873 1702/4080/1702 1860/4103/1860
vt 0.580456 0.684001
f 1794/4289/1794 1755/4150/1755 1936/4259/1936
vt 0.091621 0.852918
vt 0.088575 0.851319
f 1727/4024/1727 1793/4290/1793 1925/4291/1925
vt 0.618315 0.697987
f 1821/4022/1821 1795/4230/1795 1899/4292/1899
vt 0.823242 0.519344
vt 0.821529 0.519939
f 1893/4293/1893 1951/4294/1951 1895/3640/1895
vt 0.786652 0.854931
vt 0.791187 0.850982
f 1901/4295/1901 1961/4296/1961 1646/3995/1646
vt 0.533656 0.094062
f 1768/4202/1768 1800/4297/1800 1762/4203/1762
vt 0.724384 0.271991
vt 0.718071 0.271887
vt 0.722518 0.268909
f 1800/4298/1800 1854/4299/1854 1759/4300/1759
vt 0.792090 0.856991
f 1646/3995/1646 1681/4301/1681 1901/4295/1901
f 1740/4169/1740 1941/4168/1941 1853/4223/1853
vt 0.066317 0.798707
vt 0.069023 0.795330
f 1807/4302/1807 1820/4180/1820 1721/4303/1721
vt 0.801404 0.903688
f 1848/3314/1848 2172/4304/2172 1846/3429/1846
vt 0.079479 0.831610
f 1729/3899/1729 1805/4305/1805 1657/3929/1657
vt 0.504046 0.100195
vt 0.507860 0.100564
vt 0.508128 0.102533
f 1806/4306/1806 1734/4307/1734 1748/4308/1748
vt 0.920754 0.625552
f 1841/4279/1841 1783/4278/1783 1862/4309/1862
vt 0.159867 0.673533
f 1832/4093/1832 1809/3921/1809 1826/4310/1826
vt 0.794729 0.733396
f 1831/4272/1831 1765/4271/1765 1823/4311/1823
vt 0.787820 0.845466
f 1961/3989/1961 2142/4312/2142 1488/3291/1488
vt 0.094102 0.854124
f 1726/4313/1726 1732/3967/1732 1857/4241/1857
vt 0.092853 0.854282
f 1793/4314/1793 1726/4313/1726 1857/4241/1857
vt 0.790982 0.735555
f 1765/4271/1765 1886/4315/1886 1823/4311/1823
vt 0.080039 0.601417
f 1833/4064/1833 1909/4316/1909 1824/4128/1824
f 1727/4024/1727 1925/4291/1925 1799/4025/1799
f 1849/4245/1849 1702/4080/1702 1873/4288/1873
vt 0.482906 0.960653
f 1829/4193/1829 1760/4079/1760 1966/4317/1966
vt 0.987220 0.429359
f 1887/4318/1887 1886/4244/1886 1735/4065/1735
vt 0.358740 0.427348
vt 0.362154 0.422986
f 1649/3982/1649 1775/4319/1775 1845/4320/1845
vt 0.537806 0.615653
f 1718/4076/1718 1916/4321/1916 1767/4095/1767
vt 0.334082 0.432320
f 1757/4218/1757 1836/4322/1836 1790/4219/1790
vt 0.193564 0.564654
f 1700/2956/1700 1867/3860/1867 2661/4323/2661
vt 0.732633 0.280233
f 1768/4264/1768 1724/4263/1724 1985/4324/1985
vt 0.800179 0.640763
f 1816/4325/1816 1789/4016/1789 1786/4125/1786
f 1585/3528/1585 1869/4112/1869 1761/4043/1761
f 1741/3868/1741 1842/4283/1842 1648/4006/1648
vt 0.800982 0.908999
f 1894/3548/1894 2135/4326/2135 1848/3314/1848
vt 0.701218 0.477873
vt 0.700039 0.472890
vt 0.703209 0.477880
f 2070/4327/2070 1815/4328/1815 1738/4329/1738
vt 0.769967 0.598226
vt 0.775325 0.597120
f 1753/3987/1753 1763/4330/1763 1875/4331/1875
vt 0.098552 0.296934
vt 0.098197 0.294535
f 1805/4240/1805 1856/4332/1856 1798/4333/1798
vt 0.503350 0.104110
f 1806/4306/1806 1748/4308/1748 1885/4334/1885
vt 0.086994 0.592084
vt 0.082812 0.595190
f 1822/4335/1822 1801/4210/1801 1918/4336/1918
vt 0.071548 0.824793
f 1798/4194/1798 1942/4337/1942 1783/3935/1783
vt 0.077562 0.624135
f 1813/4249/1813 1803/4211/1803 1825/4338/1825
vt 0.295004 0.108817
vt 0.296105 0.112523
vt 0.292232 0.110416
f 1790/4339/1790 1880/4340/1880 1803/4341/1803
vt 0.072591 0.821733
f 1902/4342/1902 1783/3935/1783 1942/4337/1942
vt 0.334396 0.754367
f 2128/4237/2128 2034/4343/2034 1738/4096/1738
f 1511/3411/1511 2321/4190/2321 1956/3453/1956
vt 0.016195 0.323614
f 1826/4344/1826 1809/4050/1809 1808/4181/1808
vt 0.349540 0.737143
f 2255/4345/2255 1774/3920/1774 2132/4270/2132
vt 0.344694 0.746820
f 2255/4345/2255 1881/4346/1881 1774/3920/1774
vt 0.641946 0.383675
f 1941/4168/1941 1752/4167/1752 1751/4347/1751
vt 0.990498 0.426412
f 1887/4318/1887 1735/4065/1735 1827/4348/1827
f 1705/3824/1705 1963/4261/1963 1810/4140/1810
f 1881/4346/1881 2128/4237/2128 1774/3920/1774
vt 0.718508 0.269374
f 1854/4299/1854 1836/4349/1836 1759/4300/1759
vt 0.512713 0.629188
vt 0.513354 0.620370
vt 0.518842 0.628624
f 1735/4350/1735 1769/4351/1769 1864/4352/1864
vt 0.079036 0.356213
f 1749/4353/1749 1787/4155/1787 1667/4031/1667
vt 0.074428 0.352001
f 1787/4155/1787 1749/4353/1749 2002/4354/2002
vt 0.654776 0.032998
vt 0.650833 0.028208
vt 0.654882 0.029787
f 1985/4355/1985 1724/4356/1724 1835/4357/1835
vt 0.602276 0.945260
f 2376/4144/2376 1868/4358/1868 1819/4145/1819
vt 0.476553 0.960168
f 1830/4359/1830 1966/4317/1966 1760/4079/1760
vt 0.318258 0.282590
f 1724/4094/1724 1796/4179/1796 1835/4360/1835
vt 0.470097 0.958369
vt 0.470968 0.954785
f 1830/4359/1830 1817/4361/1817 1837/4362/1837
vt 0.557353 0.846921
f 1955/4229/1955 1794/4159/1794 1859/4363/1859
vt 0.577770 0.952778
vt 0.588045 0.959633
f 1579/3163/1579 2604/4364/2604 1707/4365/1707
f 1614/3200/1614 2604/4364/2604 1579/3163/1579
vt 0.071522 0.814844
f 1862/4366/1862 1714/4171/1714 1841/4226/1841
f 1842/4283/1842 1807/4302/1807 1648/4006/1648
f 1820/4180/1820 1807/4302/1807 1899/4256/1899
vt 0.776040 0.601626
f 1626/3808/1626 1753/3987/1753 1865/4367/1865
vt 0.685919 0.940584
vt 0.689289 0.941448
f 1817/4252/1817 1785/4368/1785 1837/4369/1837
f 1838/4277/1838 1789/4016/1789 1816/4325/1816
f 1678/3028/1678 1770/3805/1770 2393/3903/2393
vt 0.646223 0.051510
f 1797/4233/1797 1806/4232/1806 1839/4370/1839
vt 0.076823 0.619167
vt 0.080480 0.616646
f 1775/4250/1775 1904/4371/1904 1845/4372/1845
vt 0.823931 0.300485
vt 0.827870 0.299227
f 1832/4373/1832 1875/4374/1875 1763/4119/1763
f 1775/4250/1775 1813/4249/1813 1904/4371/1904
vt 0.034542 0.978802
vt 0.036336 0.987940
vt 0.028933 0.982481
f 1910/4375/1910 1866/4376/1866 1815/4377/1815
f 1918/4336/1918 1801/4210/1801 1824/4128/1824
vt 0.512870 0.634889
vt 0.517036 0.636147
f 1827/4378/1827 1735/4350/1735 1924/4379/1924
vt 0.014672 0.319646
f 1826/4344/1826 1808/4181/1808 1851/4380/1851
vt 0.076123 0.625671
vt 0.074633 0.629812
f 1825/4381/1825 1803/4211/1803 1880/4382/1880
vt 0.520834 0.624961
f 1864/4352/1864 1769/4351/1769 1850/4383/1850
vt 0.157580 0.678954
vt 0.153044 0.676724
f 1808/4384/1808 1773/3999/1773 1851/4385/1851
vt 0.562664 0.846540
f 1859/4363/1859 1794/4159/1794 2045/4386/2045
vt 0.335828 0.731148
f 1890/4387/1890 2132/4270/2132 1680/4000/1680
vt 0.074469 0.819662
f 1783/3935/1783 1902/4342/1902 1862/4388/1862
vt 0.205907 0.575986
vt 0.211734 0.572159
vt 0.209661 0.575253
f 1766/4389/1766 1929/4390/1929 1804/4391/1804
vt 0.206311 0.577613
f 1766/4389/1766 1804/4391/1804 1635/4392/1635
vt 0.211205 0.577380
f 1635/4392/1635 1804/4391/1804 1728/4393/1728
vt 0.335754 0.428811
f 1790/4219/1790 1836/4322/1836 1913/4394/1913
vt 0.724125 0.276936
f 1854/4299/1854 1800/4298/1800 1889/4395/1889
vt 0.544689 0.616006
f 1916/4321/1916 1718/4076/1718 1872/4396/1872
vt 0.690461 0.955449
vt 0.696469 0.958633
vt 0.688574 0.959869
f 1829/4397/1829 1967/4398/1967 1860/4399/1860
vt 0.066574 0.808781
f 1842/4283/1842 1714/4171/1714 1896/4400/1896
vt 0.942951 0.114992
vt 0.944554 0.116190
vt 0.937030 0.120603
f 1896/4401/1896 1714/4402/1714 1862/4403/1862
f 2142/4312/2142 1952/4084/1952 1488/3291/1488
f 1574/3519/1574 2049/4220/2049 1747/3649/1747
f 1851/4385/1851 1773/3999/1773 1993/4207/1993
vt 0.357696 0.135319
vt 0.355680 0.137292
vt 0.353160 0.135144
f 1884/4404/1884 1814/4405/1814 1777/4406/1777
vt 0.687342 0.937825
f 1927/4407/1927 1837/4369/1837 1785/4368/1785
vt 0.703964 0.219899
vt 0.698689 0.218367
vt 0.702672 0.216882
f 1796/4408/1796 1797/4409/1797 1852/4410/1852
vt 0.697555 0.216046
f 1797/4409/1797 1839/4411/1839 1852/4410/1852
vt 0.630511 0.280925
vt 0.630509 0.282565
vt 0.627895 0.282849
f 1839/4412/1839 1806/4413/1806 1885/4414/1885
vt 0.627195 0.278358
f 1885/4414/1885 1921/4415/1921 1839/4412/1839
vt 0.794186 0.730181
f 1831/4272/1831 1823/4311/1823 1840/4416/1840
vt 0.793970 0.614680
f 1739/3600/1739 1674/3852/1674 2010/4417/2010
vt 0.783705 0.829673
vt 0.786462 0.829869
f 2049/4418/2049 1778/4419/1778 1863/4067/1863
vt 0.185839 0.504183
f 1962/4420/1962 1676/3739/1676 1787/4046/1787
vt 0.978639 0.052497
vt 0.980702 0.049516
vt 0.980804 0.052448
f 1779/4421/1779 1812/4422/1812 1853/4423/1853
f 1864/4352/1864 1924/4379/1924 1735/4350/1735
vt 0.078620 0.843551
f 1986/4424/1986 1729/3899/1729 1799/4025/1799
vt 0.078191 0.609538
f 1845/4206/1845 1930/4425/1930 1833/4064/1833
vt 0.689313 0.968387
vt 0.696719 0.970992
vt 0.688001 0.973211
f 1849/4426/1849 1888/4427/1888 1811/4428/1811
vt 0.541806 0.609495
f 1955/4224/1955 1915/4429/1915 1718/4076/1718
f 1718/4076/1718 1915/4429/1915 1872/4396/1872
vt 0.359302 0.423503
vt 0.359816 0.420151
f 1845/4320/1845 1904/4430/1904 1855/4431/1855
vt 0.075345 0.826510
vt 0.076229 0.829069
f 1942/4432/1942 1798/4194/1798 1856/4433/1856
vt 0.215570 0.576067
vt 0.213683 0.577441
f 1934/4434/1934 1834/4435/1834 1728/4393/1728
vt 0.215340 0.576041
f 1804/4391/1804 1934/4436/1934 1728/4393/1728
vt 0.457226 0.401206
vt 0.461650 0.400885
f 1925/4437/1925 1793/4200/1793 1857/4438/1857
vt 0.612411 0.701736
f 1899/4292/1899 2013/4439/2013 1821/4022/1821
vt 0.688320 0.978344
vt 0.693492 0.976258
f 1748/4440/1748 1811/4428/1811 1874/4441/1874
vt 0.512233 0.149291
vt 0.508536 0.150258
vt 0.508883 0.146740
f 1836/4442/1836 1854/4443/1854 1913/4444/1913
f 1800/4298/1800 1768/4264/1768 1889/4395/1889
vt 0.562971 0.842680
f 1794/4159/1794 1936/4445/1936 2045/4386/2045
vt 0.903343 0.619275
vt 0.896064 0.621234
vt 0.897009 0.614796
f 1842/4446/1842 1897/4447/1897 1807/4448/1807
vt 0.066184 0.798355
vt 0.054915 0.801483
f 1899/4256/1899 1807/4449/1807 1897/4450/1897
vt 0.940391 0.222631
vt 0.931970 0.222776
vt 0.932100 0.219872
f 1922/4451/1922 1776/4452/1776 1838/4453/1838
vt 0.701014 0.214899
f 1852/4410/1852 1839/4411/1839 1921/4454/1921
vt 0.073559 0.832720
f 1729/3899/1729 1920/4455/1920 1805/4305/1805
vt 0.074066 0.830372
f 1912/4456/1912 1805/4305/1805 1920/4455/1920
vt 0.101086 0.297220
vt 0.100093 0.297781
f 1856/4332/1856 1805/4457/1805 1912/4458/1912
vt 0.780909 0.603475
f 1908/4459/1908 1626/3808/1626 1865/4367/1865
f 1674/3852/1674 1626/3808/1626 1908/4459/1908
vt 0.109235 0.688421
f 1745/3963/1745 1822/4273/1822 1950/4460/1950
vt 0.965378 0.094278
vt 0.962743 0.096571
vt 0.960604 0.094604
f 1942/4461/1942 1856/4462/1856 1912/4463/1912
vt 0.457947 0.946386
f 1927/4268/1927 1831/4269/1831 1840/4464/1840
vt 0.168316 0.671346
f 1826/4310/1826 1875/4465/1875 1832/4093/1832
vt 0.069339 0.623823
f 1825/4381/1825 1880/4382/1880 1879/4466/1879
vt 0.082101 0.592045
f 1822/4335/1822 1918/4336/1918 1971/4467/1971
vt 0.626810 0.381018
vt 0.627468 0.381757
f 1779/4468/1779 1853/4223/1853 1968/4469/1968
vt 0.779490 0.737716
vt 0.777998 0.732284
vt 0.784806 0.736278
f 1827/4470/1827 1998/4471/1998 1887/4472/1887
vt 0.299526 0.109719
f 1880/4340/1880 1790/4339/1790 1913/4473/1913
vt 0.127423 0.937047
f 1917/4474/1917 1869/4112/1869 1661/3780/1661
vt 0.091649 0.871857
f 1861/4236/1861 1876/4235/1876 1883/4475/1883
f 1909/4316/1909 1833/4064/1833 1930/4425/1930
vt 0.677911 0.533853
vt 0.674345 0.536453
f 1749/4476/1749 1834/4242/1834 1989/4477/1989
f 2321/4190/2321 1700/2956/1700 2661/4323/2661
vt 0.069586 0.318772
vt 0.063194 0.322633
vt 0.065195 0.317171
f 2018/4478/2018 1864/4479/1864 1850/4480/1850
vt 0.069864 0.313396
f 1850/4480/1850 1818/4481/1818 2018/4478/2018
vt 0.691098 0.964028
f 1873/4482/1873 1860/4399/1860 1967/4398/1967
vt 0.693415 0.952830
f 1967/4398/1967 1829/4397/1829 1966/4483/1966
vt 0.538048 0.621325
vt 0.527670 0.624160
f 1767/4095/1767 1903/4484/1903 1818/4485/1818
vt 0.657320 0.028535
vt 0.662444 0.029148
f 1835/4357/1835 1796/4486/1796 1852/4487/1852
vt 0.906069 0.625833
vt 0.909968 0.622058
f 1935/4488/1935 1842/4446/1842 1896/4489/1896
f 1767/4095/1767 1916/4321/1916 1903/4484/1903
vt 0.585002 0.947813
f 2604/4364/2604 2194/4490/2194 1707/4365/1707
vt 0.064496 0.329779
vt 0.067099 0.324790
f 1924/4491/1924 1864/4479/1864 1882/4492/1882
vt 0.683602 0.281310
f 1776/4086/1776 1922/4493/1922 1751/4165/1751
vt 0.691785 0.948577
vt 0.691973 0.942735
vt 0.695843 0.948612
f 1830/4494/1830 1837/4495/1837 1932/4496/1932
vt 0.142591 0.953013
f 1906/4497/1906 1907/4123/1907 1871/4122/1871
f 1753/3987/1753 1875/4331/1875 1865/4367/1865
f 1777/3960/1777 1745/3963/1745 1950/4460/1950
vt 0.084033 0.587974
f 1822/4335/1822 1971/4467/1971 1950/4498/1950
f 1684/3946/1684 1739/3600/1739 2010/4417/2010
vt 0.102371 0.891236
f 2001/4499/2001 1756/4109/1756 1828/4007/1828
f 1891/3675/1891 1878/3768/1878 1506/3355/1506
vt 0.628582 0.384583
f 2003/4500/2003 1968/4469/1968 1853/4223/1853
vt 0.075178 0.347055
f 2002/4354/2002 1962/4501/1962 1787/4155/1787
vt 0.890021 0.344097
vt 0.890778 0.345545
f 1968/4502/1968 1892/4503/1892 1779/4129/1779
f 1779/4129/1779 1892/4503/1892 1871/4191/1871
vt 0.890935 0.346701
f 1871/4191/1871 1892/4503/1892 1906/4504/1906
f 2001/4499/2001 1847/4126/1847 1756/4109/1756
vt 0.902443 0.432179
vt 0.898715 0.430888
vt 0.897054 0.428605
f 1885/4505/1885 1748/4506/1748 1874/4507/1874
vt 0.698680 0.967197
f 1967/4398/1967 1931/4508/1931 1873/4482/1873
f 1917/4474/1917 1661/3780/1661 1907/4123/1907
vt 0.233889 0.294199
vt 0.234385 0.289976
vt 0.237733 0.292872
f 1825/4509/1825 1923/4510/1923 1813/4511/1813
f 1965/3877/1965 1666/3083/1666 1784/4162/1784
vt 0.072142 0.623315
f 1879/4466/1879 1923/4512/1923 1825/4381/1825
f 1883/4475/1883 1911/3983/1911 1861/4236/1861
vt 0.365193 0.419813
f 1930/4513/1930 1845/4320/1845 1855/4431/1855
vt 0.072793 0.628664
f 1879/4466/1879 1880/4382/1880 1974/4514/1974
f 1882/4492/1882 1864/4479/1864 2018/4478/2018
vt 0.932412 0.216560
vt 0.940445 0.217596
f 1838/4453/1838 1816/4515/1816 2123/4516/2123
vt 0.915266 0.624421
vt 0.917207 0.626485
f 1896/4489/1896 1862/4517/1862 1914/4518/1914
f 1929/4390/1929 1766/4389/1766 1956/3453/1956
vt 0.072844 0.836058
f 1729/3899/1729 1948/4519/1948 1920/4455/1920
vt 0.781125 0.598277
f 1865/4367/1865 1875/4331/1875 1905/4520/1905
vt 0.546848 0.973120
f 1878/3658/1878 2026/4521/2026 1978/4192/1978
vt 0.989507 0.541879
vt 0.988788 0.539158
f 2026/4522/2026 1878/3768/1878 2219/4523/2219
vt 0.546704 0.611717
f 1872/4396/1872 1915/4429/1915 1944/4524/1944
vt 0.163501 0.668664
f 1928/4525/1928 1875/4465/1875 1826/4310/1826
vt 0.924670 0.625867
vt 0.921225 0.631392
f 1862/4309/1862 1902/4526/1902 1994/4527/1994
vt 0.919124 0.626141
f 1914/4528/1914 1862/4309/1862 1994/4527/1994
vt 0.900526 0.429435
f 1874/4507/1874 1977/4529/1977 1885/4505/1885
vt 0.695538 0.973543
f 1811/4428/1811 1888/4427/1888 1874/4530/1874
vt 0.592622 0.697588
f 1843/4149/1843 1758/4175/1758 2044/4531/2044
vt 0.567866 0.848956
f 1936/4445/1936 1900/4532/1900 2045/4386/2045
vt 0.152715 0.676250
vt 0.150406 0.671748
f 1851/4533/1851 1993/4207/1993 1947/4534/1947
vt 0.480137 0.956532
f 1966/4317/1966 1830/4359/1830 1932/4535/1932
f 1848/3314/1848 2135/4326/2135 2172/4304/2172
vt 0.785577 0.731996
f 1886/4315/1886 1887/4472/1887 1960/4536/1960
vt 0.968927 0.465330
vt 0.961104 0.467025
vt 0.964287 0.461554
f 2512/4537/2512 1951/4538/1951 1893/4539/1893
vt 0.691319 0.940444
vt 0.688191 0.934276
vt 0.695384 0.934868
f 1837/4540/1837 1927/4541/1927 2071/4542/2071
vt 0.943143 0.275176
vt 0.934042 0.276966
vt 0.934027 0.272251
f 1854/4543/1854 1889/4544/1889 1953/4545/1953
f 1891/3675/1891 2219/4523/2219 1878/3768/1878
vt 0.783103 0.731655
f 1887/4472/1887 1998/4471/1998 1960/4546/1960
vt 0.988131 0.534788
f 2219/4523/2219 1891/3675/1891 2267/4547/2267
vt 0.106017 0.910673
f 1949/4548/1949 1792/3915/1792 1761/4043/1761
vt 0.960128 0.453666
vt 0.963067 0.455719
vt 0.957049 0.459915
f 2406/4549/2406 2192/4550/2192 1895/4551/1895
vt 0.917988 0.116329
vt 0.920382 0.119429
vt 0.913957 0.117104
f 1889/4552/1889 1768/4553/1768 1959/4554/1959
vt 0.775083 0.734168
f 1998/4471/1998 1827/4470/1827 1924/4555/1924
vt 0.917284 0.120755
f 1959/4554/1959 1768/4553/1768 1985/4556/1985
vt 0.660309 0.031401
f 1985/4355/1985 1835/4357/1835 1940/4557/1940
vt 0.832820 0.511410
f 2049/4220/2049 2406/4558/2406 1747/3649/1747
vt 0.436022 0.828373
vt 0.431540 0.824202
vt 0.435955 0.824297
f 2142/4559/2142 1898/4560/1898 1952/4561/1952
vt 0.075314 0.614609
vt 0.070904 0.616708
f 1855/4562/1855 1904/4371/1904 2041/4563/2041
f 1835/4357/1835 1852/4487/1852 1940/4557/1940
f 1747/3649/1747 2406/4558/2406 1895/3640/1895
vt 0.444520 0.829367
vt 0.439778 0.830531
vt 0.438983 0.828005
f 1961/4564/1961 1995/4565/1995 2142/4566/2142
vt 0.807402 0.636032
f 2123/4567/2123 1816/4325/1816 1786/4125/1786
vt 0.356360 0.131537
f 1884/4404/1884 1777/4406/1777 1950/4568/1950
vt 0.239196 0.290521
f 1904/4569/1904 1813/4511/1813 1923/4510/1923
vt 0.247544 0.112470
vt 0.245161 0.112655
vt 0.241915 0.109656
f 1903/4570/1903 1916/4571/1916 1964/4572/1964
vt 0.545611 0.620212
f 1916/4321/1916 1872/4396/1872 1946/4573/1946
vt 0.926475 0.629791
f 1994/4527/1994 1902/4526/1902 1942/4574/1942
vt 0.150916 0.161210
vt 0.145266 0.162193
vt 0.146208 0.159394
f 1918/4575/1918 1824/4576/1824 1909/4577/1909
vt 0.077521 0.358339
vt 0.074692 0.355209
f 1989/4578/1989 2039/4579/2039 1749/4353/1749
f 1876/4235/1876 1847/4126/1847 2001/4499/2001
vt 0.301948 0.113278
f 1913/4473/1913 1954/4580/1954 1880/4340/1880
vt 0.909790 0.629177
f 1914/4518/1914 1976/4581/1976 1896/4489/1896
f 1896/4489/1896 1976/4581/1976 1935/4488/1935
vt 0.504690 0.148759
f 1913/4444/1913 1854/4443/1854 1975/4582/1975
vt 0.942263 0.271430
f 1854/4543/1854 1953/4545/1953 1975/4583/1975
vt 0.522034 0.633786
vt 0.520743 0.636945
vt 0.519761 0.634771
f 1882/4584/1882 1919/4585/1919 1924/4586/1924
f 1849/4426/1849 1931/4508/1931 1888/4427/1888
f 2039/4579/2039 2002/4354/2002 1749/4353/1749
f 1849/4426/1849 1873/4482/1873 1931/4508/1931
vt 0.117924 0.929362
f 1761/4043/1761 1869/4112/1869 2053/4587/2053
vt 0.806424 0.626250
f 2201/4588/2201 1786/4125/1786 1684/3946/1684
vt 0.534251 0.632284
vt 0.526631 0.631359
f 1818/4485/1818 1972/4589/1972 2018/4590/2018
vt 0.601914 0.699532
f 1821/4022/1821 2013/4439/2013 1983/4591/1983
f 1792/3915/1792 1949/4548/1949 1828/4007/1828
vt 0.790160 0.878997
f 1497/3433/1497 2004/4108/2004 2249/4592/2249
vt 0.457990 0.403982
f 1984/4593/1984 1925/4437/1925 1857/4438/1857
vt 0.683351 0.278257
f 1751/4165/1751 1922/4493/1922 1941/4594/1941
vt 0.585242 0.692830
f 1936/4259/1936 1843/4149/1843 2020/4595/2020
vt 0.632030 0.388002
f 1853/4223/1853 1941/4168/1941 1987/4596/1987
f 1897/4447/1897 1842/4446/1842 1935/4488/1935
vt 0.102343 0.896222
f 2001/4499/2001 1828/4007/1828 2032/4597/2032
f 1908/4459/1908 1865/4367/1865 1905/4520/1905
vt 0.122081 0.155801
vt 0.124497 0.154678
vt 0.126215 0.156398
f 1906/4598/1906 1892/4599/1892 1968/4600/1968
vt 0.457806 0.946284
vt 0.452502 0.944492
vt 0.452127 0.939120
f 1840/4601/1840 1823/4602/1823 1958/4603/1958
vt 0.780416 0.594404
f 1905/4520/1905 1875/4331/1875 1928/4604/1928
vt 0.450242 0.943218
f 1823/4602/1823 1886/4605/1886 1958/4603/1958
vt 0.580962 0.012309
vt 0.577559 0.011829
vt 0.578020 0.008724
f 1971/4606/1971 1970/4607/1970 1950/4608/1950
vt 0.447301 0.940004
f 1886/4605/1886 1960/4609/1960 1958/4603/1958
vt 0.338979 0.758304
vt 0.334361 0.755450
f 1937/4610/1937 2034/4611/2034 2128/4237/2128
f 1869/4112/1869 1917/4474/1917 2053/4587/2053
vt 0.299994 0.114130
f 1954/4580/1954 1974/4612/1974 1880/4340/1880
vt 0.930057 0.274329
f 1889/4544/1889 1959/4613/1959 1953/4545/1953
vt 0.506138 0.147458
f 1954/4614/1954 1913/4444/1913 1975/4582/1975
vt 0.172649 0.086759
vt 0.174330 0.085615
vt 0.175599 0.089055
f 1852/4615/1852 1921/4616/1921 1940/4617/1940
vt 0.799653 0.896912
f 1844/3845/1844 1846/3429/1846 2058/4618/2058
vt 0.622970 0.281493
f 1921/4415/1921 1885/4414/1885 1977/4619/1977
f 1939/4239/1939 1911/3983/1911 1883/4475/1883
f 1919/4585/1919 1882/4584/1882 2018/4590/2018
vt 0.069995 0.609736
vt 0.077477 0.609136
f 1855/4562/1855 1938/4620/1938 1930/4621/1930
vt 0.517390 0.772969
vt 0.516721 0.768125
f 1973/4622/1973 2009/4266/2009 2200/4623/2200
vt 0.078309 0.849143
f 1945/4624/1945 1986/4424/1986 1799/4025/1799
vt 0.187286 0.498527
f 1962/4420/1962 2276/4625/2276 1676/3739/1676
vt 0.512017 0.764160
f 1969/4626/1969 2200/4623/2200 2009/4266/2009
vt 0.239637 0.286834
f 1923/4510/1923 2041/4627/2041 1904/4569/1904
f 1903/4484/1903 1972/4589/1972 1818/4485/1818
vt 0.073426 0.836411
f 1948/4628/1948 1729/3899/1729 1986/4424/1986
vt 0.557355 0.847159
vt 0.560819 0.854350
f 1955/4229/1955 1859/4629/1859 1996/4630/1996
f 2123/4516/2123 1922/4451/1922 1838/4453/1838
f 2020/4595/2020 1843/4149/1843 2044/4531/2044
vt 0.560466 0.854258
vt 0.554410 0.851314
f 1996/4631/1996 1915/4632/1915 1955/4229/1955
vt 0.803975 0.956986
vt 0.816871 0.949822
f 2293/4633/2293 1870/4057/1870 1676/4634/1676
vt 0.124278 0.678050
f 1814/4117/1814 1926/4635/1926 1963/4261/1963
vt 0.117411 0.686481
vt 0.117127 0.681714
f 1884/4636/1884 1982/4637/1982 1814/4117/1814
vt 0.923232 0.304374
vt 0.919980 0.307121
f 2034/4638/2034 1933/4639/1933 1738/4248/1738
vt 0.542182 0.619798
f 1964/4640/1964 1916/4321/1916 1946/4573/1946
vt 0.918709 0.305045
f 2070/4641/2070 1738/4248/1738 1933/4639/1933
vt 0.040001 0.982002
f 1910/4375/1910 2347/4642/2347 1866/4376/1866
vt 0.693115 0.459247
f 1877/4058/1877 1866/4044/1866 1890/4643/1890
vt 0.137201 0.956603
vt 0.139092 0.955966
vt 0.141312 0.957039
f 1988/4644/1988 1906/4645/1906 1968/4646/1968
vt 0.778734 0.729355
f 1960/4546/1960 1998/4471/1998 1997/4647/1997
f 1674/3852/1674 1908/4459/1908 2010/4417/2010
vt 0.686154 0.458320
f 2217/4648/2217 1890/4643/1890 1866/4044/1866
vt 0.152986 0.158221
f 1918/4575/1918 1909/4577/1909 1971/4649/1971
vt 0.624342 0.705790
vt 0.618902 0.709855
f 1897/4650/1897 2182/4651/2182 1899/4292/1899
vt 0.121929 0.944579
f 1917/4474/1917 1907/4123/1907 2022/4652/2022
vt 0.087210 0.882181
f 2060/4653/2060 1876/4235/1876 2001/4499/2001
vt 0.154953 0.675167
vt 0.153840 0.670757
f 1826/4310/1826 1851/4654/1851 2000/4655/2000
vt 0.526918 0.641755
f 2018/4590/2018 2076/4656/2076 1919/4585/1919
vt 0.154977 0.086663
vt 0.150608 0.088396
vt 0.151902 0.085417
f 1909/4657/1909 1930/4658/1930 2031/4659/2031
f 1758/4175/1758 1821/4022/1821 1983/4591/1983
vt 0.964996 0.472124
f 2512/4537/2512 2289/4660/2289 1951/4538/1951
vt 0.553781 0.853355
f 1944/4661/1944 1915/4632/1915 1996/4631/1996
vt 0.015718 0.315612
vt 0.018023 0.316712
f 1947/4662/1947 2000/4663/2000 1851/4380/1851
vt 0.134110 0.672007
f 1993/4207/1993 1810/4140/1810 2057/4664/2057
vt 0.761453 0.452652
vt 0.758631 0.455621
vt 0.757258 0.449592
f 1920/4665/1920 2036/4666/2036 1912/4667/1912
vt 0.892327 0.424636
vt 0.896810 0.425829
f 1874/4507/1874 1888/4668/1888 1979/4669/1979
vt 0.893923 0.421863
f 2069/4670/2069 1979/4669/1979 1888/4668/1888
vt 0.086905 0.851555
f 1799/4025/1799 1925/4671/1925 1945/4624/1945
vt 0.960212 0.069919
vt 0.963890 0.072228
vt 0.958374 0.072541
f 1925/4672/1925 1984/4673/1984 1945/4674/1945
vt 0.184416 0.561777
f 2310/4675/2310 2661/4323/2661 1867/3860/1867
f 1828/4007/1828 1949/4548/1949 2032/4597/2032
vt 0.699237 0.942174
f 1932/4496/1932 1837/4495/1837 2028/4676/2028
f 2071/4542/2071 2028/4676/2028 1837/4495/1837
vt 0.692051 0.929896
f 2071/4542/2071 1927/4541/1927 1840/4677/1840
f 1987/4596/1987 2003/4500/2003 1853/4223/1853
vt 0.915146 0.630055
f 1914/4518/1914 2037/4678/2037 1976/4581/1976
vt 0.806168 0.537782
f 1891/4679/1891 1706/4286/1706 2185/4285/2185
vt 0.755985 0.451614
f 2036/4666/2036 1991/4680/1991 1912/4667/1912
vt 0.928520 0.630772
vt 0.927575 0.634264
f 1942/4574/1942 1912/4681/1912 1991/4682/1991
f 1994/4527/1994 2037/4678/2037 1914/4518/1914
vt 0.243978 0.358196
vt 0.242137 0.353017
vt 0.245635 0.351507
f 1977/4683/1977 1874/4684/1874 1979/4685/1979
vt 0.028028 0.977201
f 1910/4375/1910 1815/4377/1815 2070/4686/2070
vt 0.082421 0.854581
f 1857/4241/1857 1939/4239/1939 1984/4687/1984
vt 0.783241 0.831165
f 1863/4067/1863 2191/4688/2191 2049/4418/2049
vt 0.550048 0.859031
vt 0.551462 0.855558
vt 0.552587 0.858400
f 2007/4689/2007 1944/4690/1944 2021/4691/2021
vt 0.549260 0.615226
f 1944/4524/1944 2007/4692/2007 1872/4396/1872
vt 0.139824 0.953701
vt 0.133197 0.952218
f 1907/4123/1907 1906/4693/1906 1992/4694/1992
f 1758/4175/1758 1983/4591/1983 2044/4531/2044
vt 0.701640 0.954859
f 1967/4398/1967 1966/4483/1966 2025/4695/2025
vt 0.069783 0.630510
vt 0.065224 0.628824
f 1879/4466/1879 1974/4696/1974 2065/4697/2065
vt 0.143363 0.671491
f 1993/4207/1993 2057/4664/2057 2055/4698/2055
vt 0.928762 0.275245
vt 0.923978 0.275789
vt 0.922751 0.274724
f 1959/4699/1959 1985/4700/1985 2024/4701/2024
vt 0.458541 0.941586
f 1958/4603/1958 2052/4702/2052 1840/4601/1840
vt 0.215753 0.565038
f 2321/4190/2321 2653/4703/2653 1956/3453/1956
vt 0.621083 0.276699
f 1921/4415/1921 1977/4619/1977 2027/4704/2027
vt 0.080077 0.589293
vt 0.077308 0.583040
vt 0.083320 0.585040
f 1970/4705/1970 2085/4706/2085 1950/4707/1950
vt 0.894765 0.118333
vt 0.897002 0.117237
vt 0.897705 0.119235
f 1954/4708/1954 1975/4709/1975 2008/4710/2008
vt 0.623223 0.031898
vt 0.621519 0.031489
vt 0.622708 0.029374
f 1926/4711/1926 1814/4712/1814 1982/4713/1982
vt 0.075283 0.602679
vt 0.070782 0.599682
f 1909/4316/1909 2031/4714/2031 2046/4715/2046
vt 0.937998 0.270043
f 1953/4545/1953 2008/4716/2008 1975/4583/1975
vt 0.113515 0.684116
f 1884/4636/1884 1950/4717/1950 1982/4637/1982
vt 0.071744 0.605338
f 1938/4620/1938 2031/4718/2031 1930/4621/1930
vt 0.792506 0.887259
f 1844/3845/1844 2011/4719/2011 2004/4108/2004
vt 0.142059 0.960986
vt 0.135142 0.958816
f 1968/4646/1968 2003/4720/2003 1981/4721/1981
vt 0.081429 0.578491
vt 0.075361 0.577072
f 1982/4722/1982 1950/4707/1950 2152/4723/2152
vt 0.136083 0.953979
f 1988/4724/1988 1992/4694/1992 1906/4693/1906
vt 0.446063 0.936189
f 1960/4609/1960 1997/4725/1997 1958/4603/1958
vt 0.096304 0.898051
f 2113/4726/2113 2001/4499/2001 2032/4597/2032
vt 0.445553 0.834723
f 1901/4727/1901 1995/4565/1995 1961/4564/1961
f 1907/4123/1907 1992/4694/1992 2022/4652/2022
f 1994/4527/1994 1942/4574/1942 1991/4682/1991
vt 0.153612 0.155337
vt 0.154610 0.156233
f 1980/4728/1980 1970/4729/1970 1971/4649/1971
f 2013/4439/2013 1899/4292/1899 2182/4651/2182
f 1969/4626/1969 2009/4266/2009 1868/4260/1868
vt 0.522507 0.646778
f 1919/4585/1919 2048/4730/2048 1924/4379/1924
f 2000/4655/2000 1928/4525/1928 1826/4310/1826
vt 0.833231 0.029220
vt 0.829700 0.026448
vt 0.832839 0.024615
f 2172/4731/2172 2058/4732/2058 1846/4733/1846
vt 0.890221 0.420775
f 2069/4670/2069 1888/4668/1888 1931/4734/1931
vt 0.716711 0.245014
vt 0.720385 0.242372
vt 0.722232 0.246585
f 1996/4735/1996 1859/4736/1859 2045/4737/2045
vt 0.640613 0.010017
vt 0.643559 0.009923
vt 0.642978 0.012690
f 1934/4738/1934 1804/4739/1804 1929/4740/1929
vt 0.081383 0.856626
f 1990/4741/1990 1984/4687/1984 1939/4239/1939
vt 0.698146 0.952262
f 2025/4695/2025 1966/4483/1966 2005/4742/2005
vt 0.582377 0.692224
vt 0.583798 0.694691
vt 0.582210 0.693973
f 1936/4743/1936 2020/4744/2020 2006/4745/2006
vt 0.567972 0.844661
vt 0.571819 0.850635
f 1900/4532/1900 1936/4746/1936 2006/4747/2006
vt 0.484598 0.955870
f 1966/4317/1966 1932/4535/1932 2005/4748/2005
vt 0.555096 0.619038
f 1872/4396/1872 2007/4692/2007 2122/4749/2122
vt 0.076665 0.845096
f 1986/4424/1986 1945/4624/1945 2035/4750/2035
vt 0.660301 0.273241
vt 0.661059 0.271242
vt 0.662831 0.272606
f 2035/4751/2035 1948/4752/1948 1986/4753/1986
vt 0.636152 0.139734
vt 0.639250 0.140955
vt 0.635341 0.140892
f 2041/4754/2041 1923/4755/1923 2040/4756/2040
f 1981/4721/1981 1988/4644/1988 1968/4646/1968
vt 0.926180 0.271281
f 1953/4545/1953 1959/4699/1959 1999/4757/1999
f 1802/4036/1802 1870/4057/1870 2293/4633/2293
vt 0.178090 0.085620
f 1940/4617/1940 1921/4616/1921 2027/4758/2027
vt 0.635773 0.391563
vt 0.637941 0.390754
f 2015/4759/2015 1941/4168/1941 1922/4760/1922
vt 0.063003 0.634645
f 2030/4761/2030 2065/4697/2065 1974/4696/1974
vt 0.891648 0.119816
vt 0.895204 0.120667
f 1974/4762/1974 1954/4708/1954 2030/4763/2030
f 1675/4035/1675 1497/3433/1497 2249/4592/2249
vt 0.213189 0.357664
vt 0.208109 0.353458
vt 0.215683 0.354958
f 1985/4764/1985 1940/4765/1940 2024/4766/2024
vt 0.058757 0.810041
vt 0.050687 0.805971
f 1897/4450/1897 1935/4767/1935 2033/4768/2033
f 2015/4759/2015 1987/4596/1987 1941/4168/1941
vt 0.336618 0.727441
vt 0.338304 0.723260
vt 0.336493 0.729643
f 2075/4769/2075 2215/4770/2215 1890/4771/1890
vt 0.810803 0.960208
f 2276/4772/2276 2293/4633/2293 1676/4634/1676
vt 0.447545 0.932739
f 1958/4603/1958 1997/4725/1997 2066/4773/2066
vt 0.801881 0.933230
f 2106/4774/2106 1770/3805/1770 1802/4036/1802
vt 0.518526 0.643307
f 1998/4775/1998 1924/4379/1924 2048/4730/2048
f 2008/4710/2008 2030/4763/2030 1954/4708/1954
vt 0.688741 0.456912
f 2217/4648/2217 2075/4776/2075 1890/4643/1890
f 2085/4706/2085 2152/4723/2152 1950/4707/1950
f 2024/4701/2024 1999/4757/1999 1959/4699/1959
vt 0.638302 0.917185
f 2502/4777/2502 1858/3866/1858 1659/3665/1659
vt 0.073996 0.588773
f 2085/4706/2085 1970/4705/1970 1980/4778/1980
vt 0.157957 0.137977
vt 0.156814 0.138467
vt 0.158685 0.135825
f 2088/4779/2088 2024/4780/2024 2014/4781/2014
vt 0.212506 0.352448
f 1940/4765/1940 2014/4782/2014 2024/4766/2024
f 2010/4417/2010 2201/4588/2201 1684/3946/1684
vt 0.071549 0.593959
vt 0.077777 0.594178
f 2104/4783/2104 1971/4784/1971 1909/4316/1909
f 1963/4261/1963 2057/4664/2057 1810/4140/1810
vt 0.348375 0.756212
f 2128/4237/2128 1881/4346/1881 2158/4785/2158
vt 0.475192 0.949530
vt 0.481889 0.951868
f 2028/4786/2028 2103/4787/2103 1932/4535/1932
vt 0.650182 0.918011
f 2502/4777/2502 2090/4788/2090 1858/3866/1858
vt 0.555939 0.623953
f 1872/4396/1872 2160/4789/2160 1946/4573/1946
f 2160/4789/2160 1872/4396/1872 2122/4749/2122
vt 0.846633 0.115707
vt 0.848156 0.120260
vt 0.845712 0.119686
f 2020/4790/2020 2044/4791/2044 2083/4792/2083
vt 0.568068 0.219314
vt 0.571824 0.221471
vt 0.566354 0.222773
f 1944/4793/1944 1996/4794/1996 2021/4795/2021
vt 0.717678 0.248977
f 2045/4737/2045 2098/4796/2098 1996/4735/1996
vt 0.117120 0.158445
vt 0.123215 0.158445
vt 0.119506 0.160905
f 1992/4797/1992 1988/4798/1988 2112/4799/2112
vt 0.149078 0.155616
vt 0.149987 0.154861
f 1971/4649/1971 2104/4800/2104 1980/4801/1980
vt 0.787140 0.594440
f 1905/4520/1905 1928/4604/1928 2139/4802/2139
vt 0.944219 0.221935
f 2015/4803/2015 1922/4451/1922 2123/4516/2123
f 2103/4787/2103 2005/4748/2005 1932/4535/1932
vt 0.807674 0.541813
f 2185/4285/2185 2267/4804/2267 1891/4679/1891
vt 0.082078 0.866313
f 1939/4239/1939 1883/4475/1883 2101/4805/2101
vt 0.143721 0.965915
vt 0.135803 0.969390
f 2003/4720/2003 1987/4806/1987 2147/4807/2147
vt 0.703518 0.965423
f 1931/4508/1931 1967/4398/1967 2051/4808/2051
vt 0.543760 0.624555
f 1964/4809/1964 1972/4589/1972 1903/4484/1903
vt 0.963916 0.074572
vt 0.964604 0.072775
vt 0.965918 0.075561
f 2056/4810/2056 1984/4811/1984 1990/4812/1990
vt 0.037492 0.201837
vt 0.044780 0.206466
vt 0.038947 0.205694
f 1928/4813/1928 2000/4814/2000 2082/4815/2082
vt 0.960667 0.073797
f 1945/4674/1945 1984/4673/1984 2056/4816/2056
vt 0.794973 0.915122
f 1894/3548/1894 2534/4817/2534 2135/4326/2135
vt 0.629396 0.030294
vt 0.625299 0.029062
f 1926/4818/1926 1982/4713/1982 2050/4819/2050
vt 0.698053 0.930314
f 1840/4677/1840 2012/4820/2012 2071/4542/2071
vt 0.073101 0.838914
vt 0.074285 0.842414
vt 0.072207 0.842548
f 1948/4821/1948 2035/4822/2035 2029/4823/2029
vt 0.636414 0.143301
vt 0.634381 0.140811
f 1923/4755/1923 1879/4824/1879 2040/4825/2040
vt 0.904281 0.427394
vt 0.900300 0.424604
vt 0.905902 0.425204
f 1977/4826/1977 1979/4827/1979 2118/4828/2118
vt 0.017652 0.314946
f 1947/4662/1947 2077/4829/2077 2000/4663/2000
vt 0.161297 0.132295
vt 0.157719 0.133654
f 2042/4830/2042 2014/4781/2014 1940/4831/1940
vt 0.206539 0.349157
vt 0.209053 0.350054
f 2027/4832/2027 2042/4833/2042 1940/4765/1940
f 1993/4207/1993 2055/4698/2055 1947/4534/1947
f 1895/4551/1895 2192/4550/2192 1893/4539/1893
vt 0.844254 0.117935
f 2019/4834/2019 2020/4790/2020 2083/4792/2083
vt 0.041624 0.986434
f 2347/4642/2347 2387/4835/2387 1866/4376/1866
vt 0.789435 0.600197
f 1908/4459/1908 1905/4520/1905 2072/4836/2072
f 1909/4316/1909 2046/4715/2046 2104/4783/2104
vt 0.144520 0.972041
f 2147/4807/2147 1987/4806/1987 2015/4837/2015
vt 0.614243 0.276826
f 2027/4704/2027 1977/4619/1977 2134/4838/2134
f 1883/4475/1883 1876/4235/1876 2060/4653/2060
f 1981/4721/1981 2003/4720/2003 2147/4807/2147
vt 0.044223 0.209689
vt 0.042072 0.208487
f 2000/4814/2000 2077/4839/2077 2023/4840/2023
vt 0.768734 0.727953
f 1997/4647/1997 1998/4471/1998 2048/4841/2048
vt 0.117201 0.160803
f 1992/4797/1992 2112/4799/2112 2038/4842/2038
vt 0.129724 0.956051
f 2112/4843/2112 1988/4644/1988 1981/4721/1981
vt 0.078504 0.872155
f 2101/4805/2101 1883/4475/1883 2131/4844/2131
f 2048/4730/2048 1919/4585/1919 2076/4656/2076
vt 0.922166 0.637024
f 1994/4527/1994 1991/4682/1991 2016/4845/2016
vt 0.078192 0.860686
f 2101/4805/2101 2119/4846/2119 1939/4239/1939
f 1990/4741/1990 1939/4239/1939 2119/4846/2119
vt 0.915866 0.637105
f 2037/4678/2037 1994/4527/1994 2168/4847/2168
vt 0.532765 0.639246
f 2018/4590/2018 2017/4848/2017 2076/4656/2076
vt 0.127764 0.673708
f 2107/4849/2107 1963/4261/1963 1926/4635/1926
vt 0.890038 0.416754
f 1931/4734/1931 2051/4850/2051 2069/4670/2069
vt 0.964440 0.075875
f 2056/4810/2056 1990/4812/1990 2121/4851/2121
f 1855/4562/1855 2041/4563/2041 1938/4620/1938
vt 0.702762 0.961983
f 2051/4808/2051 1967/4398/1967 2043/4852/2043
vt 0.068164 0.613435
f 2079/4853/2079 1938/4620/1938 2041/4563/2041
vt 0.535471 0.637769
f 1972/4589/1972 2017/4854/2017 2018/4590/2018
vt 0.344131 0.727660
f 1890/4771/1890 2446/4855/2446 2132/4270/2132
f 2057/4664/2057 1963/4261/1963 2107/4849/2107
vt 0.654600 0.272401
vt 0.657372 0.271880
vt 0.657984 0.275146
f 2141/4856/2141 2029/4857/2029 2035/4858/2035
vt 0.078806 0.573879
f 2152/4723/2152 2050/4859/2050 1982/4722/1982
vt 0.462201 0.939064
f 1840/4464/1840 2052/4702/2052 2012/4860/2012
vt 0.765022 0.454268
f 1920/4665/1920 1948/4861/1948 2036/4666/2036
vt 0.681034 0.541781
vt 0.675343 0.541225
f 1834/4242/1834 1934/4862/1934 2080/4863/2080
vt 0.822495 0.116774
vt 0.826499 0.116706
vt 0.819874 0.119827
f 1946/4864/1946 2146/4865/2146 1964/4866/1964
vt 0.609174 0.937852
f 2200/4867/2200 1957/4275/1957 1973/3756/1973
vt 0.552663 0.863603
f 2007/4689/2007 2021/4691/2021 2145/4868/2145
vt 0.573627 0.846411
vt 0.576109 0.850366
f 2006/4747/2006 2020/4869/2020 2096/4870/2096
vt 0.549816 0.864339
f 2122/4871/2122 2007/4689/2007 2145/4868/2145
vt 0.451075 0.935249
f 1958/4603/1958 2066/4773/2066 2116/4872/2116
vt 0.073939 0.855450
f 2119/4846/2119 2121/4873/2121 1990/4741/1990
vt 0.690116 0.463051
f 2217/4648/2217 1866/4044/1866 2387/4874/2387
f 2168/4847/2168 1994/4527/1994 2016/4845/2016
vt 0.773012 0.725725
vt 0.778143 0.726023
f 2061/4875/2061 2066/4876/2066 1997/4647/1997
f 1997/4647/1997 2048/4841/2048 2061/4875/2061
f 2139/4802/2139 2072/4836/2072 1905/4520/1905
vt 0.902313 0.422380
f 2118/4828/2118 1979/4827/1979 2154/4877/2154
vt 0.651889 0.275561
f 2035/4858/2035 2093/4878/2093 2141/4856/2141
vt 0.051725 0.809056
f 2059/4879/2059 2033/4768/2033 1935/4767/1935
vt 0.898361 0.421385
f 2069/4880/2069 2154/4877/2154 1979/4827/1979
f 1834/4242/1834 2080/4863/2080 1989/4477/1989
vt 0.770302 0.458973
vt 0.767682 0.460485
f 2036/4666/2036 2029/4881/2029 2068/4882/2068
f 1948/4861/1948 2029/4881/2029 2036/4666/2036
vt 0.696245 0.926677
vt 0.694427 0.921886
vt 0.701072 0.917300
f 2052/4883/2052 1958/4884/1958 2116/4885/2116
f 2082/4815/2082 2000/4814/2000 2023/4840/2023
vt 0.542347 0.637127
f 1964/4809/1964 2102/4886/2102 1972/4589/1972
vt 0.892658 0.418645
f 2051/4850/2051 2081/4887/2081 2069/4670/2069
vt 0.605448 0.705186
f 1983/4591/1983 2013/4439/2013 2115/4888/2115
vt 0.705268 0.959711
f 2043/4889/2043 1967/4398/1967 2025/4695/2025
vt 0.576788 0.847079
f 2020/4869/2020 2019/4890/2019 2096/4870/2096
vt 0.147723 0.669827
f 2077/4891/2077 1947/4534/1947 2055/4698/2055
vt 0.552289 0.626756
f 2160/4789/2160 2146/4892/2146 1946/4573/1946
vt 0.912568 0.631330
vt 0.910776 0.631540
f 1976/4581/1976 2037/4893/2037 2151/4894/2151
vt 0.625446 0.925041
f 2184/4895/2184 1965/3877/1965 1784/4162/1784
vt 0.057665 0.815034
f 1976/4896/1976 2059/4879/2059 1935/4767/1935
vt 0.721459 0.250118
vt 0.724004 0.248653
vt 0.725064 0.251081
f 2098/4897/2098 1900/4898/1900 2006/4899/2006
f 2045/4737/2045 1900/4898/1900 2098/4796/2098
vt 0.821421 0.523967
vt 0.819131 0.525633
f 2289/4900/2289 1636/4284/1636 1951/4901/1951
vt 0.919006 0.271187
f 2024/4701/2024 2088/4902/2088 1999/4757/1999
vt 0.667784 0.539913
vt 0.672783 0.532095
f 1989/4477/1989 2228/4903/2228 2039/4904/2039
vt 0.910549 0.247835
vt 0.907033 0.245502
vt 0.914663 0.243420
f 2030/4905/2030 2047/4906/2047 2197/4907/2197
vt 0.933209 0.267801
vt 0.937663 0.268793
f 2047/4908/2047 2030/4909/2030 2008/4716/2008
f 1953/4545/1953 2047/4908/2047 2008/4716/2008
vt 0.066436 0.615864
vt 0.067230 0.618128
vt 0.062937 0.614962
f 2041/4910/2041 2040/4911/2040 2079/4912/2079
vt 0.725840 0.534767
vt 0.722142 0.536066
vt 0.723823 0.528806
f 1943/4913/1943 2137/4914/2137 1681/4915/1681
f 2047/4908/2047 1953/4545/1953 1999/4757/1999
vt 0.128590 0.952978
f 2022/4652/2022 1992/4694/1992 2038/4916/2038
f 1675/4035/1675 1943/4059/1943 1558/3117/1558
vt 0.580814 0.698991
vt 0.585569 0.697283
vt 0.582995 0.701404
f 2096/4917/2096 2019/4918/2019 2144/4919/2144
vt 0.563482 0.857045
vt 0.567902 0.853915
f 2084/4920/2084 1996/4630/1996 2098/4921/2098
vt 0.823941 0.121422
f 2146/4865/2146 2062/4922/2062 1964/4866/1964
vt 0.796306 0.603779
f 2180/4923/2180 1908/4459/1908 2072/4836/2072
vt 0.555559 0.858288
vt 0.562286 0.858410
f 2021/4924/2021 1996/4630/1996 2084/4925/2084
vt 0.156617 0.666757
vt 0.159657 0.664516
vt 0.160946 0.666229
f 2082/4926/2082 2139/4927/2139 1928/4928/1928
f 1883/4475/1883 2060/4653/2060 2131/4844/2131
f 1770/3805/1770 2106/4774/2106 2393/3903/2393
vt 0.433576 0.830158
f 2142/4559/2142 2216/4929/2216 1898/4560/1898
f 2010/4417/2010 1908/4459/1908 2180/4923/2180
vt 0.787014 0.850724
vt 0.779686 0.851077
vt 0.784134 0.846244
f 1901/4930/1901 2125/4931/2125 1995/4932/1995
vt 0.547022 0.629696
f 2102/4886/2102 1964/4809/1964 2062/4933/2062
vt 0.626325 0.710919
f 2182/4651/2182 1897/4650/1897 2033/4934/2033
vt 0.070016 0.589882
f 2104/4783/2104 2120/4935/2120 1980/4778/1980
vt 0.653343 0.278452
f 1945/4936/1945 2093/4878/2093 2035/4858/2035
vt 0.589107 0.699379
f 2144/4919/2144 2019/4918/2019 2083/4937/2083
vt 0.704955 0.955474
f 2043/4889/2043 2025/4695/2025 2097/4938/2097
f 2201/4588/2201 2123/4567/2123 1786/4125/1786
vt 0.063118 0.618695
f 2054/4939/2054 2079/4912/2079 2040/4911/2040
vt 0.631406 0.143101
vt 0.632282 0.141025
f 2054/4940/2054 2040/4941/2040 1879/4824/1879
vt 0.138556 0.972876
vt 0.141492 0.973703
f 2124/4942/2124 2015/4837/2015 2123/4943/2123
vt 0.469279 0.945342
vt 0.469985 0.941588
f 2028/4786/2028 2071/4944/2071 2095/4945/2095
vt 0.221979 0.570333
f 1934/4434/1934 1929/4390/1929 2078/4946/2078
vt 0.068926 0.623685
vt 0.060824 0.623190
f 1879/4947/1879 2065/4697/2065 2108/4948/2108
vt 0.705720 0.929891
f 2071/4542/2071 2012/4820/2012 2213/4949/2213
vt 0.098488 0.906316
f 1949/4548/1949 2092/4950/2092 2032/4597/2032
vt 0.438124 0.180922
vt 0.434198 0.177767
vt 0.438647 0.176388
f 1999/4951/1999 2176/4952/2176 2047/4953/2047
vt 0.060484 0.630989
f 2030/4761/2030 2067/4954/2067 2065/4697/2065
vt 0.059960 0.632507
f 2067/4954/2067 2030/4761/2030 2174/4955/2174
vt 0.214008 0.350915
vt 0.211375 0.347869
vt 0.213225 0.347578
f 2014/4956/2014 2042/4957/2042 2110/4958/2110
vt 0.086080 0.891344
f 2113/4726/2113 2307/4959/2307 2001/4499/2001
vt 0.617474 0.274751
f 2042/4960/2042 2027/4704/2027 2134/4838/2134
vt 0.767744 0.724292
f 2061/4875/2061 2048/4841/2048 2073/4961/2073
vt 0.252130 0.355942
vt 0.250625 0.359665
f 2118/4962/2118 2134/4963/2134 1977/4683/1977
vt 0.547090 0.970158
f 2721/4964/2721 1978/4192/1978 2026/4521/2026
vt 0.531484 0.645686
f 2048/4730/2048 2076/4656/2076 2074/4965/2074
vt 0.787197 0.859430
vt 0.789433 0.858154
f 2137/4966/2137 1901/4295/1901 1681/4967/1681
vt 0.666286 0.531602
vt 0.669177 0.529728
f 2209/4968/2209 2002/4969/2002 2039/4904/2039
vt 0.770607 0.250620
vt 0.767610 0.249252
vt 0.767550 0.247982
f 2077/4970/2077 2055/4971/2055 2063/4972/2063
vt 0.142551 0.669425
vt 0.136160 0.668904
f 2063/4973/2063 2055/4698/2055 2087/4974/2087
vt 0.595006 0.703693
f 2044/4531/2044 1983/4591/1983 2094/4975/2094
vt 0.539147 0.639139
f 2161/4976/2161 2017/4854/2017 1972/4589/1972
vt 0.649399 0.279648
vt 0.648728 0.277607
f 1945/4936/1945 2056/4977/2056 2093/4978/2093
f 2087/4974/2087 2055/4698/2055 2057/4664/2057
vt 0.646792 0.280167
f 2056/4977/2056 2121/4979/2121 2093/4978/2093
f 2102/4886/2102 2161/4976/2161 1972/4589/1972
vt 0.118050 0.132058
vt 0.115364 0.136877
vt 0.113440 0.133062
f 2037/4980/2037 2168/4981/2168 2151/4982/2151
vt 0.702437 0.951885
f 2005/4983/2005 2097/4938/2097 2025/4695/2025
f 2058/4618/2058 2011/4719/2011 1844/3845/1844
vt 0.055074 0.817097
f 2151/4984/2151 2059/4879/2059 1976/4896/1976
vt 0.057543 0.603950
f 2031/4718/2031 2086/4985/2086 2046/4715/2046
f 2080/4863/2080 2228/4903/2228 1989/4477/1989
vt 0.624273 0.715527
f 2182/4651/2182 2033/4934/2033 2195/4986/2195
vt 0.814334 0.629511
f 2201/4588/2201 2064/4987/2064 2123/4567/2123
vt 0.554691 0.861138
vt 0.558407 0.862689
vt 0.554880 0.862518
f 2021/4988/2021 2099/4989/2099 2145/4990/2145
vt 0.617239 0.929359
f 1957/4275/1957 2129/4991/2129 1784/4162/1784
f 2015/4837/2015 2124/4942/2124 2147/4807/2147
vt 0.177533 0.560871
f 2090/4186/2090 2100/4992/2100 1867/3860/1867
vt 0.567358 0.224988
vt 0.568520 0.226429
vt 0.565678 0.226658
f 2021/4993/2021 2084/4994/2084 2099/4995/2099
vt 0.702974 0.933752
f 2095/4996/2095 2071/4542/2071 2213/4949/2213
vt 0.631729 0.144780
vt 0.635341 0.146473
f 2054/4997/2054 1879/4824/1879 2108/4998/2108
vt 0.458251 0.935625
f 2212/4999/2212 2012/4860/2012 2052/4702/2052
vt 0.700661 0.923427
f 2052/4883/2052 2116/4885/2116 2212/5000/2212
vt 0.110337 0.935861
f 2053/4587/2053 1917/4474/1917 2265/5001/2265
f 2060/4653/2060 2001/4499/2001 2307/4959/2307
vt 0.804353 0.543593
vt 0.809573 0.548843
f 2219/5002/2219 2267/4804/2267 2862/5003/2862
vt 0.899262 0.420397
vt 0.896664 0.417915
vt 0.901164 0.419932
f 2069/5004/2069 2081/5005/2081 2154/5006/2154
vt 0.060441 0.837342
vt 0.062717 0.829854
vt 0.066620 0.832845
f 2207/5007/2207 1991/5008/1991 2036/5009/2036
vt 0.153253 0.662255
f 2139/4927/2139 2082/4926/2082 2186/5010/2186
vt 0.819880 0.535132
f 2455/5011/2455 2185/4285/2185 1636/4284/1636
vt 0.917363 0.244961
f 2030/4905/2030 2197/4907/2197 2174/5012/2174
vt 0.767816 0.463697
f 2068/4882/2068 2029/4881/2029 2148/5013/2148
vt 0.761991 0.731200
vt 0.757189 0.733716
vt 0.754087 0.728399
f 2076/5014/2076 2017/5015/2017 2179/5016/2179
f 2228/4903/2228 2209/4968/2209 2039/4904/2039
vt 0.476908 0.945184
f 2103/4787/2103 2028/4786/2028 2114/5017/2114
f 2095/4945/2095 2114/5017/2114 2028/4786/2028
vt 0.925930 0.268170
vt 0.926957 0.267746
f 2130/5018/2130 2176/5019/2176 1999/4757/1999
vt 0.921481 0.267998
f 1999/4757/1999 2088/4902/2088 2130/5020/2130
vt 0.059569 0.610041
f 1938/4620/1938 2079/4912/2079 2261/5021/2261
vt 0.599149 0.704712
f 2115/4888/2115 2105/5022/2105 1983/4591/1983
f 2094/4975/2094 1983/4591/1983 2105/5022/2105
vt 0.254357 0.358747
f 2134/4963/2134 2118/4962/2118 2140/5023/2140
vt 0.595138 0.703385
vt 0.589098 0.699336
f 2094/5024/2094 2083/5025/2083 2044/4531/2044
vt 0.122257 0.673187
f 2107/4849/2107 1926/4635/1926 2143/5026/2143
f 2092/4950/2092 2113/4726/2113 2032/4597/2032
vt 0.120067 0.675738
vt 0.125372 0.675939
f 2050/5027/2050 2143/5026/2143 1926/5028/1926
vt 0.070936 0.573309
f 2208/5029/2208 2050/4859/2050 2152/4723/2152
vt 0.806762 0.613150
f 2089/5030/2089 2201/4588/2201 2010/4417/2010
vt 0.355795 0.741584
f 1881/4346/1881 2255/4345/2255 2431/5031/2431
vt 0.773107 0.218519
vt 0.768604 0.217005
vt 0.773168 0.216520
f 2138/5032/2138 2084/5033/2084 2098/5034/2098
vt 0.068148 0.578551
f 1980/4778/1980 2237/5035/2237 2085/4706/2085
f 2265/5001/2265 1917/4474/1917 2022/4652/2022
vt 0.799681 0.600689
f 2180/4923/2180 2072/4836/2072 2349/5036/2349
vt 0.072798 0.858461
f 2121/4873/2121 2119/4846/2119 2149/5037/2149
vt 0.530502 0.650299
f 2048/4730/2048 2074/4965/2074 2251/5038/2251
vt 0.150357 0.666703
f 2186/5010/2186 2082/4926/2082 2023/5039/2023
vt 0.900429 0.415544
f 2154/5006/2154 2081/5005/2081 2280/5040/2280
vt 0.773528 0.461224
f 2148/5013/2148 2029/4881/2029 2141/5041/2141
vt 0.760252 0.727144
f 2074/5042/2074 2076/5014/2076 2179/5016/2179
vt 0.893108 0.411804
f 2081/5005/2081 2051/4850/2051 2273/5043/2273
vt 0.376166 0.618483
vt 0.380149 0.620731
vt 0.375934 0.621282
f 2175/5044/2175 2091/5045/2091 2034/5046/2034
vt 0.335160 0.759879
f 2175/5047/2175 2034/4611/2034 1937/4610/1937
vt 0.758526 0.460747
vt 0.766666 0.460049
f 2207/5048/2207 2036/4666/2036 2068/5049/2068
vt 0.703132 0.481087
vt 0.701214 0.482194
f 1933/5050/1933 2178/5051/2178 2070/4327/2070
vt 0.885133 0.413463
vt 0.888243 0.412733
f 2051/4850/2051 2043/5052/2043 2240/5053/2240
vt 0.141380 0.974627
vt 0.142692 0.975977
vt 0.134899 0.976984
f 2123/5054/2123 2064/5055/2064 2203/5056/2203
vt 0.923394 0.309533
vt 0.920316 0.311320
f 2034/5057/2034 2091/5058/2091 1933/4639/1933
vt 0.948408 0.221401
vt 0.949523 0.218758
f 2124/5059/2124 2123/4516/2123 2203/5060/2203
vt 0.697186 0.915803
vt 0.703557 0.913612
f 2116/4885/2116 2066/5061/2066 2150/5062/2150
vt 0.076423 0.864902
f 2109/5063/2109 2119/4846/2119 2101/4805/2101
vt 0.711312 0.917472
f 2212/5000/2212 2116/4885/2116 2299/5064/2299
vt 0.126735 0.959924
f 2111/5065/2111 2112/4843/2112 1981/4721/1981
vt 0.550402 0.637153
f 2218/5066/2218 2102/4886/2102 2062/4933/2062
vt 0.175671 0.022367
vt 0.173048 0.025546
vt 0.170861 0.024153
f 2098/5067/2098 2006/5068/2006 2096/5069/2096
f 2215/4770/2215 2446/4855/2446 1890/4771/1890
f 2031/4718/2031 1938/4620/1938 2086/4985/2086
vt 0.059723 0.626580
f 2065/4697/2065 2156/5070/2156 2108/4948/2108
f 2218/5066/2218 2062/4933/2062 2146/4892/2146
vt 0.059620 0.628183
vt 0.059107 0.627114
f 2065/4697/2065 2067/5071/2067 2156/5072/2156
vt 0.685872 0.454218
f 2157/5073/2157 2075/4776/2075 2217/4648/2217
f 2152/4723/2152 2085/4706/2085 2237/5035/2237
vt 0.908796 0.638945
vt 0.909660 0.633895
f 2206/5074/2206 2151/5075/2151 2168/4847/2168
vt 0.906413 0.242874
vt 0.911319 0.241377
f 2047/5076/2047 2199/5077/2199 2197/4907/2197
vt 0.615343 0.272941
f 2110/5078/2110 2042/4960/2042 2134/4838/2134
vt 0.069529 0.589988
vt 0.063596 0.587596
f 1980/4778/1980 2120/5079/2120 2346/5080/2346
vt 0.444363 0.927708
vt 0.449672 0.927566
f 2061/5081/2061 2150/5082/2150 2066/4773/2066
vt 0.599302 0.707669
f 2105/5022/2105 2115/4888/2115 2230/5083/2230
vt 0.073650 0.571202
f 2050/4859/2050 2208/5029/2208 2143/5084/2143
vt 0.403886 0.054377
vt 0.405665 0.054092
vt 0.405604 0.057239
f 2117/5085/2117 2083/5086/2083 2094/5087/2094
vt 0.588429 0.704258
f 2144/4919/2144 2083/5025/2083 2117/5088/2117
vt 0.611440 0.935154
f 2200/4867/2200 2648/5089/2648 1957/4275/1957
vt 0.058352 0.256344
vt 0.061542 0.257580
vt 0.056362 0.260961
f 2120/5090/2120 2104/5091/2104 2163/5092/2163
vt 0.783300 0.844766
vt 0.785893 0.844031
f 1995/4932/1995 2216/5093/2216 2142/5094/2142
f 2237/5035/2237 1980/4778/1980 2346/5080/2346
vt 0.571330 0.700614
vt 0.573693 0.697301
f 2188/5095/2188 2098/5096/2098 2096/4917/2096
f 2086/4985/2086 1938/4620/1938 2261/5021/2261
vt 0.899871 0.630587
vt 0.904995 0.635817
f 2059/5097/2059 2151/5075/2151 2221/5098/2221
vt 0.779845 0.464930
vt 0.776044 0.466068
f 2141/5041/2141 2093/5099/2093 2204/5100/2204
vt 0.217150 0.348816
vt 0.218020 0.347365
vt 0.219466 0.351708
f 2014/5101/2014 2133/5102/2133 2088/5103/2088
vt 0.102414 0.084881
vt 0.103897 0.088422
vt 0.101394 0.086420
f 2223/5104/2223 2097/5105/2097 2005/5106/2005
vt 0.702321 0.947777
vt 0.709431 0.951509
f 2005/4983/2005 2103/5107/2103 2223/5108/2223
vt 0.057186 0.833886
f 1991/5008/1991 2207/5007/2207 2177/5109/2177
vt 0.705194 0.965620
vt 0.711650 0.961704
vt 0.711992 0.964013
f 2051/5110/2051 2240/5111/2240 2273/5112/2273
vt 0.919614 0.640892
f 2016/4845/2016 2166/5113/2166 2168/4847/2168
vt 0.710986 0.941633
vt 0.705575 0.941562
f 2323/5114/2323 2103/5107/2103 2114/5115/2114
vt 0.707043 0.956806
vt 0.710885 0.958916
f 2043/4889/2043 2097/5116/2097 2222/5117/2222
vt 0.475585 0.941732
f 2114/5017/2114 2095/4945/2095 2233/5118/2233
vt 0.707732 0.954356
vt 0.710534 0.955045
f 2097/5119/2097 2223/5108/2223 2258/5120/2258
vt 0.103848 0.923602
f 1761/4043/1761 2053/4587/2053 2127/5121/2127
vt 0.712555 0.946865
f 2223/5108/2223 2103/5107/2103 2275/5122/2275
f 1949/4548/1949 1761/4043/1761 2127/5121/2127
vt 0.761169 0.723870
f 2073/4961/2073 2048/4841/2048 2251/5123/2251
f 2323/5114/2323 2275/5122/2275 2103/5107/2103
vt 0.433046 0.174079
f 2199/5124/2199 2047/4953/2047 2176/4952/2176
f 2182/4651/2182 2115/4888/2115 2013/4439/2013
vt 0.415827 0.315790
vt 0.413727 0.319874
vt 0.407826 0.313941
f 2049/5125/2049 2191/5126/2191 2609/5127/2609
f 2273/5043/2273 2280/5040/2280 2081/5005/2081
vt 0.821189 0.529255
f 2289/5128/2289 2455/5011/2455 1636/4284/1636
vt 0.917343 0.267372
f 2130/5020/2130 2088/4902/2088 2171/5129/2171
vt 0.914203 0.268974
f 2171/5129/2171 2088/4902/2088 2133/5130/2133
vt 0.747259 0.732803
f 2017/5015/2017 2161/5131/2161 2179/5016/2179
vt 0.083672 0.042786
vt 0.079372 0.044813
vt 0.080583 0.040950
f 2119/5132/2119 2109/5133/2109 2149/5134/2149
vt 0.130543 0.088400
vt 0.125728 0.087638
vt 0.128716 0.086258
f 2133/5135/2133 2014/5136/2014 2110/5137/2110
f 2222/5117/2222 2097/5116/2097 2258/5120/2258
vt 0.147566 0.668798
vt 0.143734 0.665205
f 2077/5138/2077 2165/5139/2165 2023/5039/2023
vt 0.055334 0.620012
f 2079/4912/2079 2054/4939/2054 2220/5140/2220
f 2108/4948/2108 2220/5140/2220 2054/4939/2054
vt 0.771738 0.245304
vt 0.768819 0.245738
f 2165/5141/2165 2077/4970/2077 2063/5142/2063
vt 0.568086 0.857181
vt 0.572776 0.857709
f 2138/5143/2138 2098/4921/2098 2188/5144/2188
vt 0.783672 0.466524
vt 0.788207 0.470730
vt 0.783713 0.472227
f 2121/5145/2121 2149/5146/2149 2242/5147/2242
vt 0.062080 0.847929
vt 0.067832 0.846876
vt 0.067677 0.850968
f 2183/5148/2183 2141/5149/2141 2204/5150/2204
vt 0.341333 0.760628
f 2128/4237/2128 2155/5151/2155 1937/4610/1937
vt 0.056252 0.626912
f 2108/4948/2108 2156/5152/2156 2220/5140/2220
vt 0.131471 0.667738
f 2087/4974/2087 2057/4664/2057 2250/5153/2250
vt 0.127390 0.670514
f 2057/4664/2057 2107/4849/2107 2136/5154/2136
vt 0.351518 0.158601
vt 0.356605 0.157652
vt 0.355957 0.160452
f 2174/5155/2174 2156/5156/2156 2067/5157/2067
vt 0.562993 0.622253
f 2122/4749/2122 2282/5158/2282 2160/4789/2160
vt 0.075108 0.567935
vt 0.075278 0.566010
vt 0.076007 0.567216
f 2143/5159/2143 2136/5160/2136 2107/5161/2107
vt 0.125363 0.956775
f 2190/5162/2190 2112/4843/2112 2111/5065/2111
vt 0.126796 0.967363
f 1981/4721/1981 2147/4807/2147 2224/5163/2224
f 1981/4721/1981 2224/5163/2224 2111/5065/2111
vt 0.799997 0.596428
f 2349/5036/2349 2072/4836/2072 2382/5164/2382
vt 0.793695 0.593475
f 2139/4802/2139 2126/5165/2126 2072/4836/2072
vt 0.157218 0.662155
vt 0.156129 0.660208
f 2139/5166/2139 2186/5010/2186 2126/5167/2126
vt 0.919655 0.424724
vt 0.916696 0.426271
vt 0.913025 0.423724
f 2271/5168/2271 2134/5169/2134 2140/5170/2140
f 2131/4844/2131 2109/5063/2109 2101/4805/2101
f 2220/5140/2220 2261/5021/2261 2079/4912/2079
f 2089/5030/2089 2010/4417/2010 2180/4923/2180
vt 0.662173 0.537563
f 2209/4968/2209 2228/4903/2228 2660/5171/2660
f 2038/4916/2038 2112/4843/2112 2190/5162/2190
vt 0.129568 0.972434
f 2147/4807/2147 2124/4942/2124 2153/5172/2153
vt 0.604512 0.710038
f 2230/5083/2230 2115/4888/2115 2247/5173/2247
vt 0.114486 0.954664
f 2022/4652/2022 2038/4916/2038 2269/5174/2269
vt 0.065118 0.595023
vt 0.062012 0.598029
f 2163/5175/2163 2104/4783/2104 2164/5176/2164
vt 0.929591 0.026103
vt 0.928900 0.029817
vt 0.928184 0.026457
f 2063/5177/2063 2087/5178/2087 2165/5179/2165
f 2046/4715/2046 2164/5176/2164 2104/4783/2104
vt 0.495064 0.028800
vt 0.501622 0.028483
vt 0.497377 0.030386
f 2130/5180/2130 2171/5181/2171 2236/5182/2236
f 2093/5099/2093 2121/5145/2121 2242/5147/2242
vt 0.761297 0.720539
f 2073/4961/2073 2251/5123/2251 2301/5183/2301
vt 0.913785 0.268364
f 2171/5129/2171 2133/5130/2133 2189/5184/2189
vt 0.769295 0.220063
f 2084/5033/2084 2138/5032/2138 2162/5185/2162
vt 0.131381 0.087207
vt 0.131388 0.086662
f 2133/5186/2133 2110/5137/2110 2189/5187/2189
vt 0.402018 0.055033
vt 0.401894 0.058654
f 2117/5188/2117 2094/5087/2094 2226/5189/2226
vt 0.557949 0.869742
vt 0.559782 0.863706
f 2193/5190/2193 2145/4868/2145 2099/5191/2099
f 2122/4871/2122 2145/4868/2145 2193/5190/2193
vt 0.082952 0.084831
vt 0.080111 0.088015
vt 0.079625 0.084204
f 2143/5192/2143 2227/5193/2227 2136/5194/2136
f 2053/4587/2053 2265/5001/2265 2127/5121/2127
f 2222/5117/2222 2240/5111/2240 2043/4889/2043
vt 0.558779 0.632218
f 2218/5066/2218 2146/4892/2146 2210/5195/2210
vt 0.054345 0.827643
vt 0.059255 0.826697
f 1991/5008/1991 2166/5196/2166 2016/5197/2016
vt 0.702651 0.484885
f 2091/5198/2091 2178/5051/2178 1933/5050/1933
f 2210/5195/2210 2146/4892/2146 2160/4789/2160
vt 0.049049 0.814221
vt 0.047385 0.809680
f 2059/4879/2059 2221/5199/2221 2170/5200/2170
vt 0.628231 0.713440
f 2059/5201/2059 2195/4986/2195 2033/4934/2033
f 2182/4651/2182 2247/5173/2247 2115/4888/2115
vt 0.462489 0.939031
vt 0.461624 0.933369
vt 0.466413 0.933573
f 2012/5202/2012 2212/5203/2212 2169/5204/2169
vt 0.221233 0.575743
f 2080/5205/2080 1934/4434/1934 2078/4946/2078
vt 0.080323 0.886510
f 2308/5206/2308 2060/4653/2060 2307/4959/2307
vt 0.447648 0.924373
vt 0.443775 0.924294
f 2214/5207/2214 2061/5081/2061 2073/5208/2073
vt 0.750655 0.123096
vt 0.754179 0.119666
vt 0.755266 0.122237
f 2134/5209/2134 2189/5210/2189 2110/5211/2110
vt 0.096537 0.920132
vt 0.093994 0.911621
f 2187/5212/2187 2245/5213/2245 1949/4548/1949
vt 0.749504 0.119751
f 2134/5209/2134 2271/5214/2271 2189/5210/2189
f 2245/5213/2245 2092/4950/2092 1949/4548/1949
vt 0.126500 0.024298
vt 0.129075 0.021185
vt 0.131514 0.021820
f 2209/5215/2209 1962/5216/1962 2002/5217/2002
vt 0.432020 0.180109
vt 0.429873 0.178431
f 2176/4952/2176 2130/5218/2130 2272/5219/2272
vt 0.544608 0.642178
f 2161/5220/2161 2102/4886/2102 2218/5066/2218
vt 0.620772 0.335437
vt 0.620634 0.337428
vt 0.619120 0.334626
f 2215/5221/2215 2075/5222/2075 2157/5223/2157
vt 0.908235 0.418781
vt 0.907702 0.421608
f 2211/5224/2211 2140/5170/2140 2118/5225/2118
vt 0.146113 0.661457
f 2186/5010/2186 2023/5039/2023 2253/5226/2253
vt 0.072595 0.870593
vt 0.073356 0.866243
f 2109/5063/2109 2291/5227/2291 2202/5228/2202
vt 0.078542 0.043244
f 2202/5229/2202 2149/5134/2149 2109/5133/2109
f 2164/5176/2164 2046/4715/2046 2086/4985/2086
f 2206/5074/2206 2221/5098/2221 2151/5075/2151
vt 0.779011 0.469560
f 2204/5100/2204 2093/5099/2093 2266/5230/2266
vt 0.466058 0.938040
f 2213/5231/2213 2012/5202/2012 2169/5204/2169
vt 0.707405 0.937609
f 2114/5115/2114 2233/5232/2233 2323/5114/2323
vt 0.065222 0.846280
f 2148/5233/2148 2141/5149/2141 2183/5148/2183
vt 0.045342 0.813259
f 2287/5234/2287 2170/5200/2170 2221/5199/2221
vt 0.628615 0.715066
f 2170/5235/2170 2195/4986/2195 2059/5201/2059
vt 0.068088 0.841229
vt 0.065439 0.843822
vt 0.061465 0.840952
f 2068/5236/2068 2148/5237/2148 2207/5238/2207
vt 0.403312 0.059245
f 2105/5239/2105 2226/5189/2226 2094/5087/2094
f 1991/5008/1991 2177/5109/2177 2166/5196/2166
vt 0.354203 0.755101
f 2431/5031/2431 2234/5240/2234 1881/4346/1881
vt 0.905126 0.418362
f 2154/5241/2154 2211/5224/2211 2118/5225/2118
vt 0.570357 0.704915
f 2096/4917/2096 2144/4919/2144 2302/5242/2302
vt 0.136598 0.664663
f 2087/4974/2087 2250/5153/2250 2167/5243/2167
vt 0.766968 0.219709
f 2099/5244/2099 2084/5033/2084 2162/5185/2162
f 2188/5095/2188 2096/4917/2096 2302/5242/2302
vt 0.551789 0.871138
f 2122/4871/2122 2193/5190/2193 2282/5245/2282
vt 0.563482 0.628030
f 2256/5246/2256 2210/5195/2210 2160/4789/2160
f 2190/5162/2190 2269/5174/2269 2038/4916/2038
vt 0.128521 0.669138
f 2250/5153/2250 2057/4664/2057 2136/5247/2136
vt 0.064108 0.592212
f 2346/5080/2346 2120/5079/2120 2163/5248/2163
vt 0.372089 0.619524
vt 0.370542 0.615261
f 2175/5044/2175 1937/5249/1937 2155/5250/2155
f 2208/5029/2208 2152/4723/2152 2237/5035/2237
vt 0.074172 0.560775
vt 0.069494 0.565148
f 2250/5251/2250 2136/5160/2136 2268/5252/2268
vt 0.917646 0.240513
f 2238/5253/2238 2197/4907/2197 2199/5077/2199
f 2072/4836/2072 2126/5165/2126 2382/5164/2382
vt 0.077250 0.085807
f 2136/5194/2136 2227/5193/2227 2268/5254/2268
f 2187/5212/2187 1949/4548/1949 2127/5121/2127
vt 0.138952 0.666135
f 2165/5255/2165 2087/4974/2087 2167/5243/2167
vt 0.084383 0.089597
f 2208/5256/2208 2227/5193/2227 2143/5192/2143
vt 0.429726 0.175779
f 2199/5257/2199 2176/4952/2176 2272/5219/2272
vt 0.913364 0.418409
f 2140/5170/2140 2211/5224/2211 2225/5258/2225
f 2131/4844/2131 2291/5227/2291 2109/5063/2109
vt 0.818700 0.624476
f 2064/4987/2064 2201/4588/2201 2260/5259/2260
vt 0.429927 0.180580
f 2272/5219/2272 2130/5218/2130 2236/5260/2236
vt 0.802228 0.928947
f 2106/4774/2106 2482/5261/2482 2393/3903/2393
vt 0.136534 0.974157
f 2124/5262/2124 2203/5056/2203 2153/5172/2153
vt 0.796908 0.907272
f 2135/4326/2135 2173/5263/2173 2172/4304/2172
f 2242/5147/2242 2266/5230/2266 2093/5099/2093
vt 0.063600 0.595522
f 2163/5175/2163 2164/5176/2164 2181/5264/2181
vt 0.672487 0.241683
vt 0.670700 0.244765
vt 0.667640 0.242506
f 2190/5265/2190 2111/5266/2111 2264/5267/2264
vt 0.122092 0.959552
f 2269/5174/2269 2190/5162/2190 2264/5268/2264
vt 0.778434 0.836475
f 1898/4227/1898 2375/5269/2375 1863/4067/1863
f 2160/4789/2160 2282/5158/2282 2256/5246/2256
vt 0.585838 0.707863
f 2144/4919/2144 2117/5088/2117 2159/5270/2159
vt 0.914937 0.642306
f 2206/5074/2206 2168/4847/2168 2205/5271/2205
vt 0.037012 0.973298
f 2784/5272/2784 1910/4375/1910 2070/4686/2070
vt 0.565969 0.865307
f 2188/5144/2188 2162/5273/2162 2138/5143/2138
vt 0.841091 0.511402
vt 0.832329 0.507976
f 2609/5274/2609 2406/4558/2406 2049/5275/2049
vt 0.630113 0.716407
vt 0.631948 0.718703
f 2195/4986/2195 2170/5276/2170 2287/5277/2287
vt 0.619381 0.931676
vt 0.621615 0.928902
f 2129/5278/2129 2298/5279/2298 1784/4162/1784
f 2150/5082/2150 2061/5081/2061 2214/5207/2214
vt 0.707929 0.934046
f 2231/5280/2231 2095/4996/2095 2213/4949/2213
vt 0.597735 0.941017
f 2376/4144/2376 2475/5281/2475 1868/4358/1868
vt 0.154525 0.660010
f 2126/5167/2126 2186/5010/2186 2196/5282/2196
f 2446/4855/2446 2255/4345/2255 2132/4270/2132
vt 0.204587 0.133068
vt 0.201541 0.131752
vt 0.204590 0.132023
f 2230/5283/2230 2232/5284/2232 2105/5285/2105
vt 0.755007 0.725933
f 2074/5042/2074 2179/5016/2179 2284/5286/2284
f 2253/5226/2253 2023/5039/2023 2165/5139/2165
vt 0.714349 0.970489
vt 0.713262 0.964488
vt 0.720346 0.968497
f 2280/5287/2280 2273/5288/2273 2320/5289/2320
vt 0.549815 0.963196
f 2278/3492/2278 1978/4192/1978 3582/5290/3582
vt 0.569801 0.866056
f 2162/5273/2162 2188/5144/2188 2281/5291/2281
f 1881/4346/1881 2234/5240/2234 2158/4785/2158
vt 0.557069 0.954814
f 2278/3492/2278 3066/5292/3066 1614/3200/1614
vt 0.472306 0.938944
f 2233/5118/2233 2095/4945/2095 2231/5293/2231
f 2150/5062/2150 2299/5064/2299 2116/4885/2116
f 2113/4726/2113 2092/4950/2092 2245/5213/2245
vt 0.927763 0.645115
vt 0.926286 0.647152
f 2166/5113/2166 2177/5294/2177 2229/5295/2229
vt 0.341265 0.722237
f 2446/4855/2446 2215/4770/2215 2402/5296/2402
vt 0.084406 0.896663
f 2314/5297/2314 2307/4959/2307 2113/4726/2113
f 2168/4847/2168 2166/5113/2166 2205/5271/2205
vt 0.050282 0.626407
f 2220/5140/2220 2156/5152/2156 2305/5298/2305
vt 0.352294 0.155817
f 2174/5155/2174 2305/5299/2305 2156/5156/2156
f 2271/5168/2271 2140/5170/2140 2225/5258/2225
vt 0.927169 0.243620
f 2305/5300/2305 2174/5012/2174 2197/4907/2197
vt 0.785899 0.872636
f 2378/5301/2378 1675/4035/1675 2249/4592/2249
vt 0.078038 0.879311
f 2308/5206/2308 2198/5302/2198 2060/4653/2060
f 2131/4844/2131 2060/4653/2060 2198/5302/2198
vt 0.768372 0.467067
vt 0.766013 0.466879
f 2148/5013/2148 2183/5303/2183 2254/5304/2254
vt 0.901319 0.164560
vt 0.907490 0.165679
vt 0.905548 0.168379
f 2238/5305/2238 2199/5306/2199 2239/5307/2239
vt 0.339268 0.719854
f 2157/5308/2157 2402/5296/2402 2215/4770/2215
vt 0.077144 0.876537
f 2131/4844/2131 2198/5302/2198 2296/5309/2296
vt 0.539723 0.650718
f 2284/5310/2284 2251/5038/2251 2074/4965/2074
vt 0.059079 0.842510
f 2207/5007/2207 2148/5237/2148 2254/5311/2254
vt 0.046601 0.180310
vt 0.047806 0.179229
vt 0.050086 0.179509
f 2296/5312/2296 2291/5313/2291 2131/5314/2131
vt 0.088558 0.907308
f 2270/5315/2270 2113/4726/2113 2245/5213/2245
vt 0.085976 0.901150
f 2270/5315/2270 2294/5316/2294 2113/4726/2113
vt 0.246738 0.136920
vt 0.246005 0.131036
vt 0.248747 0.135581
f 2253/5317/2253 2196/5318/2196 2186/5319/2186
vt 0.791812 0.476626
vt 0.793345 0.474811
f 2343/5320/2343 2149/5146/2149 2202/5321/2202
vt 0.903094 0.414205
f 2280/5322/2280 2211/5224/2211 2154/5241/2154
vt 0.743772 0.728620
f 2179/5016/2179 2161/5131/2161 2259/5323/2259
vt 0.769178 0.242375
vt 0.772998 0.241495
f 2167/5324/2167 2292/5325/2292 2165/5141/2165
vt 0.646819 0.913874
f 2502/4777/2502 2100/5326/2100 2090/4788/2090
vt 0.782938 0.857720
f 2137/4966/2137 2634/5327/2634 1901/4295/1901
vt 0.058174 0.579364
f 2384/5328/2384 2237/5035/2237 2346/5080/2346
vt 0.820029 0.615283
f 2260/5259/2260 2201/4588/2201 2313/5329/2313
vt 0.549009 0.644693
f 2161/5220/2161 2218/5066/2218 2259/5330/2259
vt 0.555058 0.645108
f 2259/5330/2259 2218/5066/2218 2304/5331/2304
vt 0.501371 0.031774
f 2236/5182/2236 2171/5181/2171 2317/5332/2317
vt 0.503004 0.030471
f 2317/5332/2317 2171/5181/2171 2274/5333/2274
vt 0.480833 0.361752
vt 0.480035 0.359639
vt 0.481866 0.360256
f 2217/5334/2217 2463/5335/2463 2157/5336/2157
vt 0.716543 0.931563
f 2231/5280/2231 2213/4949/2213 2480/5337/2480
vt 0.450589 0.924120
f 2150/5082/2150 2214/5207/2214 2241/5338/2241
vt 0.627303 0.721957
f 2287/5277/2287 2403/5339/2403 2195/4986/2195
vt 0.619057 0.718473
f 2195/4986/2195 2246/5340/2246 2182/4651/2182
vt 0.591165 0.707581
f 2159/5270/2159 2117/5088/2117 2226/5341/2226
vt 0.205543 0.134811
vt 0.201466 0.137001
f 2247/5342/2247 2337/5343/2337 2230/5283/2230
vt 0.331541 0.478140
vt 0.331069 0.474978
vt 0.334122 0.479402
f 2226/5344/2226 2105/5345/2105 2232/5346/2232
vt 0.787808 0.867632
f 1675/4035/1675 2496/5347/2496 1943/4059/1943
vt 0.756720 0.220882
vt 0.762018 0.218142
vt 0.759860 0.222582
f 2193/5348/2193 2099/5349/2099 2162/5350/2162
vt 0.565126 0.636177
f 2210/5195/2210 2256/5246/2256 2257/5351/2257
vt 0.799237 0.593932
f 2382/5164/2382 2126/5165/2126 2196/5352/2196
f 2201/4588/2201 2089/5030/2089 2313/5329/2313
vt 0.918873 0.417084
vt 0.922682 0.420923
f 2244/5353/2244 2362/5354/2362 2271/5168/2271
vt 0.806939 0.604728
f 2089/5030/2089 2180/4923/2180 2389/5355/2389
vt 0.751345 0.722675
f 2179/5016/2179 2259/5323/2259 2284/5356/2284
f 2271/5168/2271 2225/5258/2225 2244/5353/2244
vt 0.050694 0.610705
f 2261/5021/2261 2220/5140/2220 2262/5357/2262
vt 0.136784 0.980830
vt 0.141466 0.978532
f 2260/5358/2260 2203/5056/2203 2064/5359/2064
vt 0.427573 0.175929
f 2199/5257/2199 2272/5219/2272 2239/5360/2239
vt 0.805279 0.549511
vt 0.804694 0.546692
f 2026/5361/2026 2219/5362/2219 2862/5003/2862
vt 0.056852 0.593325
f 2346/5080/2346 2163/5248/2163 2318/5363/2318
vt 0.837908 0.514147
f 2529/5364/2529 2406/4558/2406 2609/5274/2609
f 2314/5297/2314 2113/4726/2113 2294/5316/2294
vt 0.073157 0.555910
vt 0.070384 0.559150
f 2167/5365/2167 2250/5251/2250 2252/5366/2252
vt 0.070160 0.559097
f 2252/5367/2252 2250/5251/2250 2268/5252/2268
f 2242/5147/2242 2149/5146/2149 2343/5320/2343
f 1659/3665/1659 1965/3877/1965 2184/4895/2184
vt 0.068176 0.571261
vt 0.066438 0.572854
f 2227/5368/2227 2208/5029/2208 2311/5369/2311
vt 0.069632 0.569742
vt 0.067539 0.568273
f 2227/5370/2227 2331/5371/2331 2268/5252/2268
vt 0.048498 0.818923
f 2206/5372/2206 2287/5234/2287 2221/5199/2221
f 2302/5242/2302 2144/4919/2144 2159/5270/2159
vt 0.063195 0.573039
f 2208/5029/2208 2237/5035/2237 2311/5373/2311
vt 0.208735 0.397507
vt 0.206937 0.397341
vt 0.206517 0.393699
f 1784/5374/1784 2298/5375/2298 2184/5376/2184
vt 0.891095 0.407876
vt 0.887657 0.408189
vt 0.886298 0.405226
f 2240/5377/2240 2222/5378/2222 2258/5379/2258
f 2653/4703/2653 1929/4390/1929 1956/3453/1956
vt 0.607653 0.718204
f 2247/5173/2247 2182/4651/2182 2355/5380/2355
vt 0.181651 0.559796
f 2100/4992/2100 2310/5381/2310 1867/3860/1867
vt 0.059671 0.844290
vt 0.059972 0.845420
f 2243/5382/2243 2254/5311/2254 2183/5383/2183
f 2232/5284/2232 2230/5283/2230 2337/5343/2337
vt 0.560311 0.703280
f 2281/5384/2281 2188/5095/2188 2302/5242/2302
vt 0.879849 0.401905
vt 0.880160 0.403696
f 2275/5385/2275 2258/5379/2258 2223/5386/2223
vt 0.345763 0.761430
f 2386/5387/2386 2155/5151/2155 2128/4237/2128
vt 0.567384 0.950441
f 1614/3200/1614 3066/5292/3066 3640/5388/3640
vt 0.345707 0.762719
f 2158/4785/2158 2386/5389/2386 2128/4237/2128
vt 0.226867 0.572575
f 2535/5390/2535 2080/5205/2080 2078/4946/2078
vt 0.560094 0.638347
f 2218/5066/2218 2210/5195/2210 2248/5391/2248
vt 0.465011 0.929548
f 2169/5204/2169 2212/5203/2212 2326/5392/2326
f 2224/5163/2224 2147/4807/2147 2153/5172/2153
vt 0.154939 0.657357
vt 0.149624 0.660409
vt 0.147977 0.659121
f 2196/5393/2196 2253/5394/2253 2279/5395/2279
vt 0.075904 0.882223
f 2308/5206/2308 2354/5396/2354 2198/5302/2198
f 2349/5036/2349 2389/5355/2389 2180/4923/2180
vt 0.776084 0.243848
f 2292/5325/2292 2253/5397/2253 2165/5141/2165
vt 0.505760 0.761910
f 1868/4260/1868 2475/5398/2475 1969/4626/1969
vt 0.105239 0.947182
f 2022/4652/2022 2269/5174/2269 2379/5399/2379
vt 0.186169 0.063898
vt 0.186795 0.067010
vt 0.184217 0.066192
f 2331/5400/2331 2227/5401/2227 2311/5402/2311
vt 0.795684 0.476153
f 2343/5320/2343 2202/5321/2202 2291/5403/2291
vt 0.128647 0.977193
f 2329/5404/2329 2153/5172/2153 2203/5056/2203
vt 0.665686 0.250324
vt 0.664683 0.246560
f 2111/5266/2111 2224/5405/2224 2297/5406/2297
f 2111/5266/2111 2297/5406/2297 2264/5267/2264
vt 0.066225 0.855063
vt 0.067053 0.858439
vt 0.060835 0.859749
f 2266/5407/2266 2242/5408/2242 2359/5409/2359
vt 0.059825 0.595263
f 2163/5248/2163 2181/5410/2181 2318/5363/2318
f 2204/5150/2204 2266/5407/2266 2183/5148/2183
vt 0.058035 0.596631
f 2181/5410/2181 2164/5176/2164 2437/5411/2437
vt 0.118809 0.961130
f 2269/5174/2269 2264/5268/2264 2277/5412/2277
vt 0.054566 0.600362
f 2344/5413/2344 2164/5176/2164 2086/4985/2086
vt 0.096416 0.156075
vt 0.092760 0.155317
vt 0.095532 0.152485
f 2274/5414/2274 2171/5415/2171 2263/5416/2263
vt 0.754061 0.116939
vt 0.752990 0.116170
f 2171/5417/2171 2189/5210/2189 2263/5418/2263
f 2271/5214/2271 2263/5418/2263 2189/5210/2189
f 2195/4986/2195 2403/5339/2403 2246/5340/2246
vt 0.908184 0.642353
f 2205/5271/2205 2285/5419/2285 2206/5074/2206
vt 0.894107 0.409315
vt 0.893139 0.405833
f 2273/5420/2273 2240/5377/2240 2335/5421/2335
vt 0.054732 0.836775
f 2177/5109/2177 2207/5007/2207 2229/5422/2229
vt 0.715443 0.926936
vt 0.709638 0.928109
f 2397/5423/2397 2213/4949/2213 2169/5424/2169
f 2258/5379/2258 2335/5421/2335 2240/5377/2240
vt 0.709133 0.913301
f 2299/5064/2299 2150/5062/2150 2241/5425/2241
f 2480/5337/2480 2213/4949/2213 2397/5423/2397
vt 0.180615 0.512120
vt 0.177401 0.508114
f 2209/5426/2209 2537/5427/2537 1962/4420/1962
vt 0.567687 0.631382
vt 0.569177 0.629352
f 2312/5428/2312 2256/5246/2256 2367/5429/2367
f 2480/5337/2480 2233/5232/2233 2231/5280/2231
f 2480/5337/2480 2323/5114/2323 2233/5232/2233
vt 0.752327 0.716151
f 2301/5183/2301 2251/5123/2251 2501/5430/2501
vt 0.583219 0.711968
f 2302/5242/2302 2159/5270/2159 2300/5431/2300
vt 0.044206 0.184020
vt 0.041368 0.184182
f 2296/5312/2296 2198/5432/2198 2354/5433/2354
vt 0.931348 0.647414
vt 0.933994 0.649362
f 2207/5434/2207 2254/5435/2254 2229/5295/2229
vt 0.329631 0.480042
vt 0.328983 0.482678
f 2226/5436/2226 2232/5346/2232 2159/5437/2159
vt 0.042373 0.181730
f 2296/5312/2296 2354/5433/2354 2295/5438/2295
vt 0.042278 0.816043
f 2287/5234/2287 2206/5372/2206 2286/5439/2286
vt 0.721362 0.952141
vt 0.714316 0.956941
f 2415/5440/2415 2258/5441/2258 2275/5122/2275
vt 0.141688 0.659082
f 2279/5395/2279 2253/5226/2253 2288/5442/2288
vt 0.080813 0.282159
vt 0.081421 0.282635
vt 0.081421 0.286048
f 2437/5443/2437 2164/5444/2164 2344/5445/2344
f 2355/5380/2355 2182/4651/2182 2246/5340/2246
vt 0.557749 0.878447
f 2282/5245/2282 2193/5190/2193 2328/5446/2328
f 2135/4326/2135 2534/4817/2534 2173/5263/2173
vt 0.927190 0.240170
f 2238/5253/2238 2306/5447/2306 2197/4907/2197
vt 0.076201 0.178552
vt 0.075061 0.180863
vt 0.072122 0.176930
f 2167/5448/2167 2252/5449/2252 2292/5450/2292
vt 0.380731 0.613955
f 2175/5044/2175 2621/5451/2621 2091/5045/2091
vt 0.029243 0.970257
vt 0.026929 0.970845
vt 0.027564 0.967082
f 2178/5452/2178 2091/5453/2091 2621/5454/2621
vt 0.388690 0.264448
vt 0.385153 0.267198
vt 0.381584 0.264417
f 2272/5455/2272 2236/5456/2236 2317/5457/2317
f 2379/5399/2379 2265/5001/2265 2022/4652/2022
f 2248/5391/2248 2210/5195/2210 2257/5351/2257
vt 0.096386 0.153363
f 2338/5458/2338 2274/5414/2274 2263/5416/2263
vt 0.750312 0.116515
vt 0.751317 0.116090
f 2263/5418/2263 2283/5459/2283 2338/5460/2338
f 2271/5214/2271 2283/5459/2283 2263/5418/2263
vt 0.567737 0.626862
f 2367/5461/2367 2256/5246/2256 2282/5158/2282
vt 0.705921 0.909615
vt 0.713040 0.910017
f 2241/5425/2241 2214/5462/2214 2398/5463/2398
vt 0.747697 0.117702
f 2271/5214/2271 2362/5464/2362 2283/5459/2283
vt 0.763018 0.716034
f 2073/4961/2073 2301/5183/2301 2290/5465/2290
vt 0.080667 0.893713
f 2307/4959/2307 2314/5297/2314 2325/5466/2325
vt 0.446956 0.921634
vt 0.443269 0.922199
vt 0.445364 0.916485
f 2214/5467/2214 2073/5468/2073 2290/5469/2290
vt 0.754099 0.721647
f 2501/5430/2501 2251/5470/2251 2284/5356/2284
f 2178/5452/2178 2784/5272/2784 2070/4686/2070
f 2011/4719/2011 2249/4592/2249 2004/4108/2004
vt 0.726446 0.539260
f 2137/4914/2137 1943/4913/1943 2496/5471/2496
vt 0.717687 0.961539
f 2320/5289/2320 2273/5288/2273 2335/5472/2335
f 2393/3903/2393 2534/4817/2534 1894/3548/1894
vt 0.092569 0.930611
f 2187/5212/2187 2127/5121/2127 2327/5473/2327
vt 0.744570 0.722826
f 2259/5323/2259 2366/5474/2366 2284/5356/2284
vt 0.178863 0.512520
f 2235/5475/2235 2537/5427/2537 2209/5426/2209
vt 0.911402 0.643999
f 2285/5419/2285 2205/5271/2205 2416/5476/2416
vt 0.068308 0.872235
vt 0.073241 0.874786
f 2392/5477/2392 2291/5227/2291 2296/5478/2296
vt 0.144282 0.655908
f 2315/5479/2315 2279/5395/2279 2288/5442/2288
vt 0.796597 0.480646
f 2343/5320/2343 2291/5403/2291 2392/5480/2392
vt 0.140303 0.661505
f 2253/5226/2253 2292/5481/2292 2288/5442/2288
vt 0.718773 0.944175
f 2275/5122/2275 2323/5114/2323 2322/5482/2322
vt 0.122361 0.966349
f 2277/5412/2277 2264/5268/2264 2297/5483/2297
vt 0.071295 0.179893
vt 0.068361 0.176901
f 2292/5450/2292 2309/5484/2309 2288/5485/2288
vt 0.054240 0.596196
f 2437/5486/2437 2318/5363/2318 2181/5410/2181
vt 0.063100 0.863744
f 2242/5408/2242 2450/5487/2450 2359/5409/2359
f 2292/5450/2292 2252/5449/2252 2309/5484/2309
vt 0.793776 0.904642
vt 0.799991 0.903583
f 2404/5488/2404 2058/4618/2058 2172/5489/2172
vt 0.681195 0.455907
vt 0.680462 0.451658
f 2217/4648/2217 2454/5490/2454 2463/5491/2463
vt 0.060237 0.574335
f 2237/5035/2237 2384/5328/2384 2332/5492/2332
vt 0.706470 0.923934
vt 0.712298 0.924009
f 2212/5493/2212 2299/5064/2299 2326/5494/2326
f 2086/4985/2086 2261/5021/2261 2262/5357/2262
f 2248/5391/2248 2304/5331/2304 2218/5066/2218
vt 0.064588 0.561247
f 2252/5367/2252 2268/5252/2268 2342/5495/2342
vt 0.469245 0.928838
vt 0.466553 0.933505
f 2326/5392/2326 2397/5496/2397 2169/5497/2169
f 2305/5300/2305 2197/4907/2197 2306/5447/2306
vt 0.790890 0.897721
f 2404/5488/2404 2559/5498/2559 2058/4618/2058
vt 0.599526 0.714379
f 2337/5499/2337 2247/5173/2247 2355/5380/2355
vt 0.711145 0.904483
f 2398/5463/2398 2214/5462/2214 2290/5500/2290
vt 0.970367 0.453934
f 2192/4550/2192 2783/5501/2783 1893/4539/1893
vt 0.593622 0.710034
vt 0.592282 0.712018
f 2232/5502/2232 2337/5499/2337 2303/5503/2303
vt 0.901629 0.170724
f 2238/5305/2238 2239/5307/2239 2377/5504/2377
vt 0.567407 0.634824
f 2324/5505/2324 2256/5246/2256 2312/5428/2312
f 2256/5246/2256 2324/5505/2324 2257/5351/2257
vt 0.822186 0.243879
vt 0.822076 0.242413
vt 0.825212 0.243330
f 2257/5506/2257 2324/5507/2324 2401/5508/2401
vt 0.910337 0.416335
vt 0.908657 0.411599
f 2225/5258/2225 2211/5509/2211 2357/5510/2357
vt 0.778906 0.833435
vt 0.780913 0.831637
f 2375/5511/2375 2191/5512/2191 1863/4067/1863
vt 0.063709 0.555466
f 2341/5513/2341 2252/5367/2252 2342/5495/2342
vt 0.097045 0.933171
f 2265/5001/2265 2370/5514/2370 2127/5121/2127
vt 0.897314 0.168314
vt 0.891827 0.163426
f 2374/5515/2374 2306/5516/2306 2238/5305/2238
vt 0.064660 0.568732
vt 0.063152 0.564085
f 2331/5517/2331 2351/5518/2351 2268/5252/2268
f 2374/5515/2374 2238/5305/2238 2377/5504/2377
vt 0.152128 0.655468
f 2196/5393/2196 2279/5395/2279 2330/5519/2330
vt 0.121401 0.971698
f 2224/5163/2224 2153/5172/2153 2471/5520/2471
vt 0.915257 0.414073
f 2225/5258/2225 2357/5510/2357 2396/5521/2396
vt 0.381364 0.260751
f 2317/5457/2317 2336/5522/2336 2272/5455/2272
vt 0.082253 0.902272
f 2294/5316/2294 2270/5315/2270 2381/5523/2381
vt 0.786718 0.477178
f 2242/5147/2242 2343/5320/2343 2450/5524/2450
vt 0.818498 0.608593
f 2089/5030/2089 2443/5525/2443 2313/5329/2313
vt 0.354374 0.762014
f 2158/4785/2158 2234/5240/2234 2340/5526/2340
f 2359/5409/2359 2183/5148/2183 2266/5407/2266
vt 0.659127 0.532213
vt 0.662301 0.533779
f 2660/5171/2660 2235/5527/2235 2209/5528/2209
vt 0.721327 0.959282
f 2335/5472/2335 2258/5441/2258 2360/5529/2360
vt 0.939522 0.652056
vt 0.935518 0.655391
f 2243/5530/2243 2413/5531/2413 2254/5435/2254
f 2415/5440/2415 2275/5122/2275 2322/5482/2322
vt 0.044896 0.820913
vt 0.041490 0.817809
f 2206/5372/2206 2285/5532/2285 2286/5533/2286
f 2205/5271/2205 2166/5113/2166 2229/5295/2229
vt 0.634041 0.724708
f 2287/5277/2287 2286/5534/2286 2403/5339/2403
vt 0.909541 0.414480
f 2211/5509/2211 2280/5535/2280 2357/5510/2357
vt 0.276322 0.066712
vt 0.272476 0.064196
vt 0.276425 0.065181
f 2401/5536/2401 2324/5537/2324 2385/5538/2385
vt 0.721778 0.974025
vt 0.717296 0.973535
f 2357/5539/2357 2280/5540/2280 2320/5289/2320
vt 0.334339 0.483200
f 2159/5437/2159 2232/5346/2232 2303/5541/2303
vt 0.561497 0.642468
f 2304/5331/2304 2248/5391/2248 2339/5542/2339
vt 0.670223 0.543320
f 2535/5543/2535 2228/4903/2228 2080/4863/2080
vt 0.280561 0.160494
vt 0.279012 0.157527
vt 0.283587 0.156578
f 2314/5544/2314 2365/5545/2365 2325/5546/2325
f 2058/4618/2058 2559/5498/2559 2011/4719/2011
vt 0.822789 0.249159
vt 0.817680 0.249251
f 2339/5547/2339 2248/5548/2248 2257/5506/2257
vt 0.802276 0.592602
f 2196/5352/2196 2330/5549/2330 2382/5164/2382
f 2308/5206/2308 2307/4959/2307 2325/5466/2325
f 2360/5529/2360 2258/5441/2258 2415/5440/2415
vt 0.358387 0.749197
f 2678/5550/2678 2234/5240/2234 2431/5031/2431
vt 0.756959 0.224284
f 2193/5348/2193 2162/5350/2162 2319/5551/2319
vt 0.824134 0.244446
f 2339/5552/2339 2257/5506/2257 2401/5508/2401
vt 0.734847 0.728293
f 2304/5553/2304 2366/5474/2366 2259/5323/2259
vt 0.096292 0.159411
vt 0.100094 0.156932
f 2317/5554/2317 2274/5414/2274 2380/5555/2380
vt 0.465265 0.253521
vt 0.466348 0.249698
vt 0.470029 0.251632
f 2422/5556/2422 2296/5557/2296 2295/5558/2295
vt 0.066907 0.876544
f 2392/5477/2392 2296/5478/2296 2422/5559/2422
vt 0.763016 0.076776
vt 0.766956 0.074779
vt 0.765125 0.077056
f 2338/5560/2338 2380/5561/2380 2274/5562/2274
vt 0.053313 0.591673
f 2346/5080/2346 2318/5363/2318 2334/5563/2334
vt 0.130007 0.295521
vt 0.125802 0.292636
vt 0.131739 0.290817
f 2203/5564/2203 2260/5565/2260 2405/5566/2405
f 2229/5295/2229 2254/5435/2254 2413/5531/2413
vt 0.915679 0.417168
f 2225/5258/2225 2396/5521/2396 2244/5567/2244
vt 0.068995 0.178620
f 2288/5485/2288 2309/5484/2309 2316/5568/2316
vt 0.117432 0.966502
f 2297/5483/2297 2421/5569/2421 2277/5412/2277
f 2237/5035/2237 2332/5492/2332 2311/5373/2311
vt 0.549347 0.878715
f 2367/5570/2367 2282/5245/2282 2328/5446/2328
vt 0.068016 0.555082
f 2252/5367/2252 2341/5513/2341 2309/5571/2309
vt 0.046709 0.619045
vt 0.046904 0.615266
f 2220/5140/2220 2345/5572/2345 2356/5573/2356
vt 0.048542 0.622004
f 2220/5140/2220 2305/5574/2305 2345/5572/2345
f 2262/5357/2262 2220/5140/2220 2356/5573/2356
vt 0.574948 0.713462
f 2300/5431/2300 2410/5575/2410 2302/5242/2302
f 2342/5495/2342 2268/5252/2268 2351/5518/2351
vt 0.345513 0.039587
vt 0.343575 0.040364
vt 0.343297 0.039000
f 2369/5576/2369 2312/5577/2312 2367/5578/2367
f 2173/5263/2173 2404/5488/2404 2172/5489/2172
vt 0.346014 0.041933
f 2324/5579/2324 2312/5577/2312 2369/5576/2369
f 1675/4035/1675 2378/5301/2378 2496/5347/2496
vt 0.331513 0.487039
f 2300/5580/2300 2159/5437/2159 2303/5541/2303
vt 0.744743 0.713882
f 2501/5430/2501 2284/5356/2284 2350/5581/2350
f 2284/5356/2284 2366/5474/2366 2350/5581/2350
vt 0.097418 0.941229
f 2370/5514/2370 2265/5001/2265 2527/5582/2527
vt 0.725611 0.964724
f 2320/5289/2320 2335/5472/2335 2417/5583/2417
vt 0.052313 0.585245
f 2384/5328/2384 2346/5080/2346 2407/5584/2407
vt 0.805061 0.594014
f 2382/5164/2382 2330/5549/2330 2352/5585/2352
f 2370/5514/2370 2327/5473/2327 2127/5121/2127
vt 0.111265 0.961721
f 2269/5174/2269 2277/5412/2277 2388/5586/2388
vt 0.078436 0.892367
vt 0.074790 0.890800
f 2325/5587/2325 2383/5588/2383 2308/5206/2308
vt 0.088831 0.919083
f 2245/5213/2245 2187/5212/2187 2428/5589/2428
f 2471/5520/2471 2297/5483/2297 2224/5163/2224
vt 0.011345 0.062684
vt 0.012619 0.065538
vt 0.009771 0.064185
f 2391/5590/2391 2330/5591/2330 2279/5592/2279
f 2443/5525/2443 2089/5030/2089 2389/5355/2389
vt 0.074369 0.880298
vt 0.073212 0.882775
f 2295/5593/2295 2354/5396/2354 2333/5594/2333
vt 0.070287 0.550096
vt 0.065131 0.549855
vt 0.068356 0.547936
f 2288/5595/2288 2316/5596/2316 2315/5597/2315
vt 0.610125 0.721374
f 2493/5598/2493 2355/5380/2355 2246/5340/2246
f 2316/5596/2316 2309/5571/2309 2341/5513/2341
vt 0.065603 0.865758
vt 0.064109 0.868426
f 2450/5487/2450 2343/5599/2343 2429/5600/2429
vt 0.127803 0.284310
f 2313/5601/2313 2405/5566/2405 2260/5565/2260
vt 0.721165 0.936940
f 2480/5337/2480 2364/5602/2364 2323/5114/2323
vt 0.932661 0.240654
f 2306/5447/2306 2353/5603/2353 2305/5300/2305
vt 0.593588 0.716478
f 2303/5503/2303 2337/5499/2337 2361/5604/2361
vt 0.195132 0.557929
f 2661/4323/2661 2310/4675/2310 3178/5605/3178
vt 0.558458 0.707861
f 2281/5384/2281 2302/5242/2302 2423/5606/2423
vt 0.911440 0.410781
f 2396/5521/2396 2357/5510/2357 2438/5607/2438
vt 0.921346 0.649746
f 2205/5271/2205 2229/5295/2229 2399/5608/2399
vt 0.387234 0.258746
vt 0.385969 0.259105
f 2377/5609/2377 2272/5455/2272 2418/5610/2418
vt 0.390569 0.261467
f 2239/5611/2239 2272/5455/2272 2377/5609/2377
vt 0.567366 0.873411
f 2162/5273/2162 2281/5291/2281 2319/5612/2319
vt 0.082786 0.024599
vt 0.080633 0.022910
vt 0.085395 0.024132
f 2336/5613/2336 2418/5614/2418 2272/5615/2272
f 2328/5446/2328 2193/5190/2193 2319/5612/2319
vt 0.591336 0.940056
f 2442/5616/2442 2475/5281/2475 2376/4144/2376
vt 0.786235 0.073816
vt 0.789703 0.075262
vt 0.787640 0.075768
f 2380/5617/2380 2336/5618/2336 2317/5619/2317
vt 0.346418 0.038104
vt 0.349787 0.038963
f 2324/5579/2324 2369/5620/2369 2368/5621/2368
vt 0.276107 0.063786
f 2368/5622/2368 2385/5538/2385 2324/5537/2324
vt 0.549839 0.882307
f 2367/5570/2367 2328/5446/2328 2363/5623/2363
vt 0.208107 0.558378
f 2661/4323/2661 2890/5624/2890 2321/4190/2321
vt 0.790178 0.480399
f 2343/5320/2343 2392/5480/2392 2429/5625/2429
vt 0.053200 0.848941
vt 0.056598 0.846000
f 2348/5626/2348 2243/5627/2243 2183/5148/2183
vt 0.276495 0.162167
f 2365/5545/2365 2314/5544/2314 2381/5628/2381
vt 0.038393 0.821855
f 2286/5533/2286 2285/5532/2285 2453/5629/2453
f 2398/5463/2398 2299/5064/2299 2241/5425/2241
vt 0.078771 0.894502
vt 0.078090 0.897953
f 2383/5588/2383 2325/5630/2325 2365/5631/2365
vt 0.564763 0.714100
f 2423/5606/2423 2302/5242/2302 2656/5632/2656
f 2360/5529/2360 2417/5583/2417 2335/5472/2335
vt 0.073064 0.890399
f 2354/5396/2354 2308/5206/2308 2383/5633/2383
vt 0.045124 0.825617
vt 0.039356 0.825780
f 2285/5532/2285 2416/5634/2416 2451/5635/2451
f 2453/5629/2453 2285/5532/2285 2451/5635/2451
vt 0.718064 0.918663
f 2326/5494/2326 2299/5064/2299 2466/5636/2466
vt 0.731705 0.720991
f 2304/5553/2304 2528/5637/2528 2366/5474/2366
vt 0.052970 0.853703
f 2348/5626/2348 2183/5148/2183 2430/5638/2430
f 2302/5242/2302 2410/5575/2410 2656/5632/2656
vt 0.584367 0.715241
f 2400/5639/2400 2303/5503/2303 2361/5604/2361
vt 0.334696 0.485405
f 2300/5580/2300 2303/5541/2303 2400/5640/2400
vt 0.562565 0.647863
f 2339/5542/2339 2409/5641/2409 2304/5331/2304
vt 0.378986 0.129499
vt 0.375702 0.132449
vt 0.374796 0.128188
f 2371/5642/2371 2323/5643/2323 2364/5644/2364
vt 0.719602 0.940761
f 2323/5114/2323 2371/5645/2371 2322/5482/2322
vt 0.088394 0.927354
f 2592/5646/2592 2187/5212/2187 2327/5473/2327
vt 0.400591 0.485716
vt 0.395536 0.485365
vt 0.397686 0.481540
f 2424/5647/2424 2385/5648/2385 2368/5649/2368
vt 0.572044 0.632999
vt 0.572407 0.631408
f 2369/5650/2369 2367/5429/2367 2363/5651/2363
f 2421/5569/2421 2297/5483/2297 2471/5520/2471
vt 0.724877 0.730529
vt 0.717088 0.732860
vt 0.715148 0.727781
f 2339/5652/2339 2401/5653/2401 2468/5654/2468
f 2428/5589/2428 2270/5315/2270 2245/5213/2245
vt 0.510829 0.051679
vt 0.514136 0.050654
vt 0.515578 0.054133
f 2334/5655/2334 2318/5656/2318 2437/5657/2437
f 3640/5388/3640 2604/4364/2604 1614/3200/1614
vt 0.061026 0.564667
f 2331/5517/2331 2311/5373/2311 2351/5658/2351
vt 0.574659 0.351266
vt 0.573189 0.348073
vt 0.575254 0.350062
f 2374/5659/2374 2373/5660/2373 2306/5661/2306
f 2407/5584/2407 2346/5080/2346 2334/5563/2334
vt 0.763474 0.075173
f 2338/5560/2338 2358/5662/2358 2380/5561/2380
vt 0.938359 0.241278
vt 0.935319 0.244020
f 2353/5603/2353 2511/5663/2511 2345/5664/2345
vt 0.965637 0.453527
f 2529/5665/2529 2783/5501/2783 2192/4550/2192
f 2345/5664/2345 2305/5300/2305 2353/5603/2353
vt 0.799267 0.925007
f 2482/5261/2482 2647/5666/2647 2393/3903/2393
vt 0.278133 0.162215
f 2294/5667/2294 2381/5628/2381 2314/5544/2314
vt 0.810952 0.598702
f 2382/5164/2382 2425/5668/2425 2349/5036/2349
f 2389/5355/2389 2349/5036/2349 2425/5668/2425
vt 0.051992 0.598406
vt 0.047889 0.597191
f 2437/5486/2437 2344/5669/2344 2472/5670/2472
vt 0.832405 0.514262
f 2192/5671/2192 2406/4558/2406 2529/5364/2529
vt 0.014088 0.062780
f 2391/5590/2391 2390/5672/2390 2330/5591/2330
vt 0.045228 0.603711
f 2344/5413/2344 2086/4985/2086 2486/5673/2486
vt 0.147460 0.654328
f 2315/5479/2315 2391/5674/2391 2279/5395/2279
f 2388/5586/2388 2277/5412/2277 2421/5569/2421
f 2086/4985/2086 2262/5357/2262 2486/5673/2486
vt 0.475093 0.257712
vt 0.477035 0.257135
vt 0.477912 0.259587
f 2333/5675/2333 2354/5676/2354 2383/5677/2383
vt 0.057218 0.571008
f 2351/5658/2351 2311/5373/2311 2372/5678/2372
vt 0.053232 0.566019
f 2408/5679/2408 2351/5658/2351 2372/5678/2372
vt 0.964050 0.245937
vt 0.970820 0.245716
vt 0.966793 0.248661
f 2377/5680/2377 2515/5681/2515 2374/5682/2374
vt 0.469229 0.256611
f 2422/5556/2422 2295/5558/2295 2447/5683/2447
f 2372/5678/2372 2311/5373/2311 2332/5492/2332
vt 0.055352 0.575684
f 2332/5492/2332 2384/5328/2384 2448/5684/2448
vt 0.966138 0.242356
f 2515/5681/2515 2377/5680/2377 2418/5685/2418
vt 0.090896 0.319676
vt 0.093741 0.323271
vt 0.089625 0.322019
f 2283/5686/2283 2358/5687/2358 2338/5688/2338
vt 0.775670 0.842546
f 1898/4227/1898 2729/5689/2729 2375/5269/2375
vt 0.626419 0.918956
f 1659/3665/1659 2184/4895/2184 2439/5690/2439
vt 0.409475 0.319156
f 2435/5691/2435 2609/5127/2609 2191/5126/2191
f 2527/5582/2527 2265/5001/2265 2379/5399/2379
vt 0.089095 0.317342
vt 0.096161 0.315916
f 2283/5686/2283 2362/5692/2362 2395/5693/2395
vt 0.921411 0.416149
f 2362/5354/2362 2244/5353/2244 2395/5694/2395
vt 0.080139 0.907848
f 2381/5523/2381 2270/5315/2270 2449/5695/2449
vt 0.153269 0.041545
vt 0.154715 0.043779
vt 0.150124 0.043969
f 2244/5696/2244 2396/5697/2396 2487/5698/2487
vt 0.705662 0.143750
vt 0.704187 0.140745
vt 0.706172 0.141764
f 2413/5699/2413 2243/5700/2243 2348/5701/2348
vt 0.781532 0.865679
vt 0.785333 0.861490
vt 0.785985 0.864547
f 3032/5702/3032 2137/5703/2137 2496/5704/2496
vt 0.611044 0.929909
f 2648/5705/2648 2129/4991/2129 1957/4275/1957
vt 0.916565 0.649234
vt 0.913276 0.647275
f 2399/5706/2399 2416/5707/2416 2205/5271/2205
f 2340/5526/2340 2386/5389/2386 2158/4785/2158
vt 0.467894 0.923968
f 2397/5496/2397 2326/5392/2326 2440/5708/2440
vt 0.726739 0.724486
f 2409/5709/2409 2528/5637/2528 2304/5553/2304
vt 0.759105 0.714720
vt 0.757116 0.713132
f 2290/5710/2290 2301/5183/2301 2432/5711/2432
f 2301/5183/2301 2501/5430/2501 2432/5711/2432
f 2430/5638/2430 2183/5148/2183 2359/5409/2359
vt 0.646903 0.905486
vt 0.651407 0.909938
f 2100/5326/2100 3300/5712/3300 2310/5713/2310
vt 0.804996 0.594150
f 2352/5714/2352 2425/5668/2425 2382/5164/2382
vt 0.469628 0.257103
f 2447/5715/2447 2295/5558/2295 2333/5675/2333
vt 0.903858 0.408056
vt 0.907004 0.404933
f 2357/5510/2357 2320/5716/2320 2467/5717/2467
vt 0.738853 0.073135
vt 0.742022 0.072617
vt 0.742933 0.074783
f 2392/5718/2392 2394/5719/2394 2479/5720/2479
f 2428/5589/2428 2187/5212/2187 2592/5646/2592
vt 0.805893 0.591767
vt 0.804652 0.592391
f 2390/5721/2390 2352/5585/2352 2330/5722/2330
vt 0.095976 0.177519
vt 0.097649 0.177716
vt 0.100894 0.181927
f 2341/5723/2341 2342/5724/2342 2351/5725/2351
vt 0.929602 0.655499
f 2229/5295/2229 2413/5531/2413 2459/5726/2459
vt 0.143628 0.654511
vt 0.145830 0.653685
f 2434/5727/2434 2391/5728/2391 2315/5479/2315
vt 0.052906 0.861609
f 2359/5409/2359 2450/5487/2450 2411/5729/2411
vt 0.926445 0.652015
f 2459/5726/2459 2399/5730/2399 2229/5295/2229
vt 0.065258 0.545248
f 2316/5596/2316 2434/5731/2434 2315/5597/2315
vt 0.724958 0.945040
f 2521/5732/2521 2415/5440/2415 2322/5482/2322
vt 0.142966 0.063029
vt 0.144985 0.063472
vt 0.141161 0.066079
f 2332/5733/2332 2448/5734/2448 2372/5735/2372
vt 0.048983 0.591227
f 2510/5736/2510 2407/5584/2407 2334/5563/2334
vt 0.132932 0.294379
f 2405/5566/2405 2329/5737/2329 2203/5564/2203
vt 0.081311 0.286517
vt 0.080042 0.293603
vt 0.075717 0.290479
f 2344/5738/2344 2486/5739/2486 2472/5740/2472
vt 0.617432 0.726611
f 2246/5340/2246 2403/5339/2403 2585/5741/2585
vt 0.395114 0.487149
f 2424/5647/2424 2401/5742/2401 2385/5648/2385
vt 0.572424 0.463002
f 2194/3923/2194 2442/5743/2442 2376/4251/2376
vt 0.099274 0.320261
f 2507/5744/2507 2358/5687/2358 2283/5686/2283
f 2721/4964/2721 3582/5290/3582 1978/4192/1978
vt 0.885493 0.166350
vt 0.887292 0.162293
f 2420/5745/2420 2353/5746/2353 2306/5516/2306
vt 0.464915 0.921426
f 2326/5392/2326 2466/5747/2466 2440/5708/2440
vt 0.397274 0.478535
vt 0.397355 0.477194
f 2368/5649/2368 2369/5748/2369 2363/5749/2363
vt 0.150670 0.040913
f 2395/5750/2395 2244/5696/2244 2487/5698/2487
vt 0.678928 0.423727
vt 0.682756 0.425987
vt 0.679836 0.427955
f 2444/5751/2444 2356/5752/2356 2345/5753/2345
vt 0.715215 0.902261
f 2398/5463/2398 2290/5500/2290 2432/5754/2432
vt 0.074911 0.901520
f 2365/5631/2365 2381/5523/2381 2458/5755/2458
vt 0.125238 0.977995
vt 0.120085 0.978241
f 2767/5756/2767 2681/5757/2681 2329/5404/2329
vt 0.571306 0.308949
vt 0.571741 0.305541
vt 0.573981 0.307122
f 2425/5758/2425 2352/5759/2352 2433/5760/2433
vt 0.080564 0.916289
f 2270/5315/2270 2428/5589/2428 2419/5761/2419
vt 0.892104 0.167138
f 2373/5762/2373 2420/5745/2420 2306/5516/2306
vt 0.819220 0.600556
f 2572/5763/2572 2389/5355/2389 2425/5668/2425
vt 0.051320 0.594545
f 2437/5486/2437 2510/5736/2510 2334/5764/2334
vt 0.574714 0.304515
f 2433/5760/2433 2352/5759/2352 2390/5765/2390
vt 0.909585 0.406750
f 2357/5510/2357 2467/5717/2467 2554/5766/2554
vt 0.794981 0.924659
f 2646/5767/2646 2534/4817/2534 2393/3903/2393
vt 0.650854 0.481917
vt 0.655656 0.484578
vt 0.647940 0.484062
f 2498/5768/2498 2417/5769/2417 2360/5770/2360
vt 0.011960 0.109635
vt 0.008886 0.110600
vt 0.009428 0.107218
f 2356/5771/2356 2426/5772/2426 2262/5773/2262
vt 0.967607 0.242298
vt 0.970303 0.242241
f 2515/5681/2515 2418/5774/2418 2436/5775/2436
vt 0.010304 0.112955
f 2427/5776/2427 2426/5772/2426 2356/5771/2356
vt 0.738449 0.715155
f 2350/5581/2350 2366/5474/2366 2553/5777/2553
vt 0.683250 0.422291
f 2444/5751/2444 2427/5778/2427 2356/5752/2356
vt 0.789916 0.075044
vt 0.791212 0.072430
f 2336/5779/2336 2380/5617/2380 2445/5780/2445
vt 0.038245 0.829563
f 2476/5781/2476 2451/5635/2451 2416/5634/2416
vt 0.677687 0.425870
f 2444/5751/2444 2345/5753/2345 2511/5782/2511
vt 0.720328 0.923160
f 2440/5783/2440 2480/5337/2480 2397/5423/2397
vt 0.911941 0.096769
vt 0.916094 0.095499
vt 0.914134 0.097597
f 2358/5784/2358 2491/5785/2491 2380/5786/2380
f 2283/5686/2283 2395/5693/2395 2507/5744/2507
f 2419/5761/2419 2449/5695/2449 2270/5315/2270
vt 0.052792 0.557762
f 2341/5513/2341 2351/5658/2351 2441/5787/2441
vt 0.825298 0.528368
vt 0.825787 0.536299
vt 0.820692 0.535077
f 2289/5788/2289 2755/5789/2755 2455/5790/2455
vt 0.722080 0.940316
f 2521/5732/2521 2322/5482/2322 2371/5791/2371
f 2493/5598/2493 2246/5340/2246 2585/5741/2585
vt 0.582481 0.715259
f 2410/5575/2410 2300/5431/2300 2400/5792/2400
vt 0.602514 0.721905
f 2412/5793/2412 2361/5604/2361 2337/5499/2337
vt 0.605053 0.371285
vt 0.607992 0.373126
vt 0.604534 0.374523
f 2412/5794/2412 2355/5795/2355 2493/5796/2493
vt 0.607337 0.370602
f 2337/5797/2337 2355/5795/2355 2412/5794/2412
vt 0.582092 0.720397
f 2614/5798/2614 2400/5639/2400 2361/5604/2361
vt 0.399010 0.489852
f 2424/5647/2424 2460/5799/2460 2401/5742/2401
vt 0.050803 0.989485
vt 0.041874 0.989947
f 2387/4835/2387 2949/5800/2949 2217/5801/2217
f 2409/5709/2409 2339/5652/2339 2468/5654/2468
f 2393/3903/2393 2647/5666/2647 2646/5767/2646
vt 0.048105 0.991159
f 2454/5802/2454 2217/5801/2217 2949/5800/2949
vt 0.792121 0.482167
f 2392/5480/2392 2479/5803/2479 2429/5625/2429
vt 0.550519 0.707537
f 2281/5384/2281 2423/5606/2423 2319/5804/2319
vt 0.054695 0.866005
f 2429/5600/2429 2549/5805/2549 2450/5487/2450
vt 0.567625 0.879415
f 2328/5446/2328 2319/5612/2319 2522/5806/2522
vt 0.049469 0.850014
f 2465/5807/2465 2348/5626/2348 2430/5638/2430
vt 0.071466 0.896366
f 2365/5631/2365 2546/5808/2546 2383/5588/2383
vt 0.709018 0.144830
f 2413/5699/2413 2348/5701/2348 2465/5809/2465
vt 0.976072 0.457102
f 2595/5810/2595 2512/4537/2512 1893/4539/1893
vt 0.696142 0.244928
vt 0.696552 0.241055
vt 0.699445 0.242117
f 2402/5811/2402 2157/5812/2157 2536/5813/2536
vt 0.727502 0.952041
f 2360/5529/2360 2415/5440/2415 2519/5814/2519
f 2415/5440/2415 2521/5732/2521 2519/5814/2519
f 2783/5501/2783 2595/5810/2595 1893/4539/1893
vt 0.068600 0.881684
vt 0.066107 0.879969
f 2447/5815/2447 2477/5816/2477 2422/5559/2422
vt 0.713837 0.074098
vt 0.717059 0.072669
vt 0.717001 0.077360
f 2390/5817/2390 2391/5818/2391 2464/5819/2464
vt 0.920808 0.653999
vt 0.914707 0.652105
f 2414/5820/2414 2476/5821/2476 2399/5706/2399
f 2416/5707/2416 2399/5706/2399 2476/5821/2476
vt 0.296815 0.687532
vt 0.300027 0.687750
vt 0.297859 0.689854
f 2394/5822/2394 2392/5823/2392 2422/5824/2422
vt 0.632115 0.731899
f 2497/5825/2497 2403/5339/2403 2286/5534/2286
f 2554/5766/2554 2438/5607/2438 2357/5510/2357
vt 0.627075 0.731478
f 2403/5339/2403 2497/5825/2497 2561/5826/2561
f 2153/5172/2153 2329/5404/2329 2681/5757/2681
vt 0.904192 0.404388
vt 0.906836 0.404908
f 2417/5827/2417 2467/5828/2467 2320/5716/2320
vt 0.719979 0.914731
f 2466/5636/2466 2299/5064/2299 2462/5829/2462
f 2299/5064/2299 2398/5463/2398 2462/5829/2462
vt 0.103397 0.960886
f 2379/5399/2379 2269/5174/2269 2642/5830/2642
vt 0.041583 0.610220
f 2486/5673/2486 2262/5357/2262 2426/5831/2426
vt 0.176020 0.511405
vt 0.173686 0.513029
vt 0.171294 0.507732
f 2537/5832/2537 2235/5833/2235 2552/5834/2552
vt 0.383551 0.257952
vt 0.379430 0.258463
f 2418/5835/2418 2336/5522/2336 2445/5836/2445
vt 0.766669 0.071476
vt 0.763848 0.071995
f 2445/5837/2445 2380/5561/2380 2491/5838/2491
vt 0.403302 0.480537
f 2368/5649/2368 2469/5839/2469 2424/5647/2424
vt 0.711724 0.730712
f 2468/5654/2468 2401/5653/2401 2460/5840/2460
f 2365/5631/2365 2458/5755/2458 2546/5808/2546
vt 0.911258 0.092898
f 2491/5785/2491 2358/5784/2358 2507/5841/2507
vt 0.525753 0.029557
vt 0.528198 0.032471
vt 0.523998 0.029174
f 2373/5842/2373 2374/5843/2374 2490/5844/2490
vt 0.721050 0.073535
f 2434/5845/2434 2464/5819/2464 2391/5818/2391
vt 0.071280 0.885907
vt 0.065726 0.886397
f 2447/5815/2447 2333/5846/2333 2508/5847/2508
vt 0.723732 0.979487
vt 0.725261 0.975528
vt 0.731827 0.976877
f 2396/5848/2396 2438/5849/2438 2518/5850/2518
vt 0.714749 0.075859
f 2433/5851/2433 2390/5817/2390 2464/5819/2464
vt 0.525188 0.765024
f 2200/4623/2200 1969/4626/1969 2648/5852/2648
vt 0.052296 0.573781
f 2448/5684/2448 2509/5853/2509 2372/5678/2372
vt 0.293361 0.690866
f 2477/5854/2477 2394/5822/2394 2422/5824/2422
vt 0.057309 0.547408
f 2316/5596/2316 2470/5855/2470 2434/5731/2434
f 2458/5755/2458 2381/5523/2381 2449/5695/2449
vt 0.383209 0.256158
f 2445/5836/2445 2436/5856/2436 2418/5835/2418
vt 0.633039 0.728845
f 2286/5534/2286 2453/5857/2453 2497/5825/2497
vt 0.650504 0.193273
vt 0.652205 0.189709
vt 0.654430 0.189662
f 2531/5858/2531 2452/5859/2452 2394/5860/2394
f 2472/5670/2472 2510/5736/2510 2437/5486/2437
f 2366/5474/2366 2528/5637/2528 2553/5777/2553
vt 0.186094 0.554358
f 2310/4675/2310 3300/5861/3300 3178/5605/3178
vt 0.043281 0.595187
f 2472/5670/2472 2503/5862/2503 2510/5736/2510
vt 0.950826 0.167911
vt 0.948265 0.170172
vt 0.945515 0.167374
f 2395/5863/2395 2487/5864/2487 2456/5865/2456
vt 0.045184 0.577400
f 2488/5866/2488 2384/5328/2384 2407/5584/2407
f 2388/5586/2388 2642/5830/2642 2269/5174/2269
vt 0.781539 0.843535
f 2729/5689/2729 2216/5867/2216 1995/4932/1995
f 2125/4931/2125 2729/5689/2729 1995/4932/1995
vt 0.643627 0.475004
f 2360/5770/2360 2519/5868/2519 2498/5768/2498
vt 0.045139 0.842016
vt 0.043539 0.835988
vt 0.046081 0.833320
f 2459/5869/2459 2414/5870/2414 2399/5871/2399
f 2439/5690/2439 2502/4777/2502 1659/3665/1659
vt 0.424689 0.827075
vt 0.418240 0.825168
vt 0.420951 0.822186
f 2375/5872/2375 2435/5873/2435 2191/5874/2191
vt 0.123144 0.981568
vt 0.128963 0.982886
f 2767/5875/2767 2329/5404/2329 2405/5876/2405
vt 0.575315 0.341116
vt 0.570376 0.343550
vt 0.571299 0.338024
f 2353/5877/2353 2420/5878/2420 2511/5879/2511
vt 0.725460 0.936384
vt 0.728153 0.940230
f 2364/5880/2364 2571/5881/2571 2371/5791/2371
f 2363/5749/2363 2469/5839/2469 2368/5649/2368
vt 0.578859 0.717704
f 2410/5575/2410 2400/5792/2400 2606/5882/2606
vt 0.723106 0.905743
f 2398/5463/2398 2432/5754/2432 2526/5883/2526
vt 0.728936 0.929341
f 2364/5602/2364 2480/5337/2480 2523/5884/2523
f 2411/5729/2411 2450/5487/2450 2549/5805/2549
vt 0.049218 0.856268
f 2359/5409/2359 2457/5885/2457 2430/5638/2430
vt 0.397023 0.472419
vt 0.402505 0.476597
f 2363/5749/2363 2328/5886/2328 2469/5887/2469
vt 0.752996 0.709868
f 2432/5711/2432 2501/5430/2501 2500/5888/2500
vt 0.748306 0.711433
f 2501/5430/2501 2350/5581/2350 2581/5889/2581
vt 0.568189 0.346372
f 2420/5878/2420 2373/5660/2373 2533/5890/2533
vt 0.075616 0.294185
f 2486/5739/2486 2473/5891/2473 2472/5740/2472
vt 0.652666 0.481278
vt 0.660229 0.481978
f 2498/5892/2498 2541/5893/2541 2417/5769/2417
f 2441/5787/2441 2351/5658/2351 2408/5679/2408
vt 0.577215 0.309711
f 2425/5758/2425 2433/5760/2433 2494/5894/2494
f 2333/5846/2333 2383/5588/2383 2508/5847/2508
vt 0.520142 0.030524
f 2515/5895/2515 2490/5844/2490 2374/5843/2374
vt 0.578415 0.307785
f 2433/5760/2433 2464/5896/2464 2494/5894/2494
vt 0.290452 0.694265
vt 0.292370 0.694826
f 2508/5897/2508 2477/5854/2477 2447/5898/2447
vt 0.082756 0.922643
f 2428/5589/2428 2481/5899/2481 2419/5761/2419
f 2729/5689/2729 1898/4227/1898 2216/5867/2216
vt 0.060310 0.544982
f 2495/5900/2495 2434/5731/2434 2470/5855/2470
vt 0.035979 0.824076
f 2451/5635/2451 2478/5901/2478 2453/5629/2453
vt 0.941785 0.241948
vt 0.941234 0.240012
f 2444/5902/2444 2511/5663/2511 2505/5903/2505
f 2571/5881/2571 2521/5732/2521 2371/5791/2371
vt 0.744033 0.073169
f 2479/5720/2479 2394/5719/2394 2452/5904/2452
f 2316/5596/2316 2341/5513/2341 2470/5855/2470
vt 0.049821 0.576156
f 2548/5905/2548 2448/5684/2448 2384/5328/2384
vt 0.059696 0.869487
f 2479/5906/2479 2549/5805/2549 2429/5600/2429
f 2585/5741/2585 2403/5339/2403 2561/5826/2561
vt 0.784189 0.876912
f 2378/5301/2378 2249/4592/2249 2641/5907/2641
f 2443/5525/2443 2389/5355/2389 2572/5763/2572
vt 0.609204 0.725819
f 2585/5741/2585 2474/5908/2474 2493/5598/2493
vt 0.727009 0.922912
vt 0.721865 0.920016
f 2626/5909/2626 2440/5783/2440 2466/5910/2466
vt 0.706839 0.146496
f 2513/5911/2513 2413/5699/2413 2465/5809/2465
vt 0.729017 0.982237
f 2487/5912/2487 2396/5848/2396 2518/5850/2518
vt 0.096575 0.958154
f 2379/5399/2379 2642/5830/2642 2499/5913/2499
vt 0.597747 0.728009
f 2361/5604/2361 2412/5793/2412 2738/5914/2738
vt 0.050376 0.845545
vt 0.044885 0.846554
f 2459/5869/2459 2413/5915/2413 2513/5916/2513
f 2398/5463/2398 2526/5883/2526 2462/5829/2462
vt 0.720164 0.897987
f 2526/5883/2526 2432/5754/2432 2500/5917/2500
vt 0.517032 0.173998
vt 0.514095 0.172476
vt 0.516882 0.170973
f 2460/5918/2460 2424/5919/2424 2461/5920/2461
vt 0.068527 0.891238
f 2589/5921/2589 2383/5588/2383 2546/5808/2546
vt 0.815426 0.596674
vt 0.812431 0.594831
f 2556/5922/2556 2425/5668/2425 2494/5923/2494
f 2589/5921/2589 2508/5847/2508 2383/5588/2383
vt 0.796946 0.307048
vt 0.792548 0.311309
vt 0.794914 0.303064
f 2485/5924/2485 2498/5925/2498 2519/5926/2519
vt 0.374989 0.235189
vt 0.371774 0.231307
vt 0.376084 0.230693
f 2464/5927/2464 2434/5928/2434 2495/5929/2495
vt 0.654826 0.191607
vt 0.654789 0.195068
f 2394/5930/2394 2477/5931/2477 2531/5858/2531
vt 0.032543 0.828770
f 2532/5932/2532 2451/5635/2451 2476/5781/2476
vt 0.649967 0.190229
f 2452/5859/2452 2531/5858/2531 2557/5933/2557
vt 0.038431 0.838842
f 2414/5870/2414 2459/5869/2459 2562/5934/2562
vt 0.038622 0.834513
f 2540/5935/2540 2414/5870/2414 2562/5934/2562
vt 0.913951 0.656546
f 2414/5820/2414 2540/5936/2540 2476/5821/2476
vt 0.052425 0.552361
f 2441/5787/2441 2713/5937/2713 2341/5513/2341
vt 0.728634 0.970991
f 2554/5938/2554 2518/5850/2518 2438/5849/2438
vt 0.043213 0.598737
f 2472/5670/2472 2473/5939/2473 2503/5862/2503
vt 0.461656 0.918389
vt 0.463731 0.918548
f 2462/5940/2462 2695/5941/2695 2466/5747/2466
vt 0.074846 0.915048
f 2449/5695/2449 2419/5761/2419 2520/5942/2520
vt 0.649764 0.535205
f 2660/5171/2660 2628/5943/2628 2235/5527/2235
vt 0.344523 0.722247
vt 0.353248 0.723721
vt 0.344643 0.727504
f 2402/5944/2402 2530/5945/2530 2446/5946/2446
vt 0.721168 0.719082
f 2468/5654/2468 2716/5947/2716 2409/5709/2409
vt 0.826918 0.609019
f 2543/5948/2543 2313/5329/2313 2443/5525/2443
vt 0.357178 0.732988
f 2787/5949/2787 2431/5031/2431 2255/4345/2255
vt 0.407099 0.485932
vt 0.403837 0.487734
f 2424/5647/2424 2545/5950/2545 2461/5951/2461
f 2545/5950/2545 2424/5647/2424 2469/5839/2469
vt 0.119159 0.975841
f 2681/5757/2681 2471/5952/2471 2153/5172/2153
vt 0.404824 0.492964
vt 0.402391 0.491052
f 2492/5953/2492 2460/5954/2460 2461/5951/2461
f 2509/5853/2509 2408/5679/2408 2372/5678/2372
f 2509/5853/2509 2448/5684/2448 2548/5905/2548
vt 0.107948 0.966753
f 2421/5569/2421 2610/5955/2610 2388/5586/2388
vt 0.151636 0.453348
vt 0.153232 0.447437
vt 0.161721 0.452780
f 3177/5956/3177 2949/5957/2949 2387/5958/2387
vt 0.175804 0.500036
f 1962/4420/1962 2537/5427/2537 2851/5959/2851
vt 0.113020 0.973556
f 2471/5520/2471 2544/5960/2544 2421/5569/2421
f 2359/5409/2359 2411/5729/2411 2457/5885/2457
f 2610/5955/2610 2421/5569/2421 2544/5960/2544
vt 0.564345 0.886684
f 2328/5446/2328 2522/5806/2522 2664/5961/2664
vt 0.707072 0.728068
f 2460/5840/2460 2492/5962/2492 2468/5654/2468
vt 0.035429 0.825144
f 2478/5963/2478 2451/5635/2451 2532/5932/2532
vt 0.551957 0.715420
f 2319/5804/2319 2423/5606/2423 2567/5964/2567
vt 0.634556 0.098423
vt 0.633463 0.094439
vt 0.636425 0.097162
f 2497/5965/2497 2453/5966/2453 2478/5967/2478
vt 0.363834 0.758401
f 2234/5240/2234 2678/5550/2678 2683/5968/2683
vt 0.298331 0.683392
vt 0.295159 0.681716
vt 0.296166 0.680297
f 2452/5969/2452 2557/5970/2557 2484/5971/2484
vt 0.178645 0.137012
vt 0.181577 0.134793
vt 0.181403 0.138482
f 2452/5972/2452 2484/5973/2484 2479/5974/2479
vt 0.302087 0.677344
vt 0.301402 0.681612
vt 0.298595 0.679055
f 2549/5975/2549 2479/5976/2479 2484/5977/2484
f 2528/5637/2528 2409/5709/2409 2716/5947/2716
vt 0.407802 0.488871
f 2461/5951/2461 2514/5978/2514 2492/5953/2492
vt 0.046610 0.584547
f 2510/5736/2510 2489/5979/2489 2407/5584/2407
f 2545/5950/2545 2514/5978/2514 2461/5951/2461
vt 0.787618 0.900482
f 2404/5488/2404 2962/5980/2962 2559/5498/2559
f 2341/5513/2341 2713/5937/2713 2470/5855/2470
vt 0.545754 0.893316
vt 0.549863 0.887499
vt 0.556912 0.894492
f 2545/5981/2545 2469/5982/2469 2768/5983/2768
vt 0.987249 0.167938
vt 0.986295 0.164553
vt 0.990022 0.165186
f 2445/5984/2445 2568/5985/2568 2436/5986/2436
vt 0.312898 0.665794
vt 0.313285 0.666777
vt 0.309756 0.668063
f 2465/5987/2465 2430/5988/2430 2457/5989/2457
f 1929/4390/1929 2653/4703/2653 2078/4946/2078
vt 0.678240 0.453789
f 2463/5491/2463 2454/5490/2454 2673/5990/2673
vt 0.581853 0.718038
f 2606/5991/2606 2400/5639/2400 2614/5798/2614
vt 0.916385 0.093183
f 2491/5785/2491 2507/5841/2507 2608/5992/2608
f 2534/4817/2534 2404/5488/2404 2173/5263/2173
vt 0.589680 0.730784
f 2614/5798/2614 2361/5604/2361 2772/5993/2772
vt 0.338696 0.718317
vt 0.342059 0.717540
f 2463/5994/2463 2536/5995/2536 2157/5308/2157
vt 0.039621 0.605132
f 2426/5831/2426 2504/5996/2504 2486/5673/2486
vt 0.827795 0.617196
f 2405/5997/2405 2313/5329/2313 2543/5948/2543
vt 0.101031 0.315611
f 2456/5998/2456 2507/5744/2507 2395/5693/2395
vt 0.471614 0.355205
vt 0.477448 0.355550
vt 0.477075 0.358432
f 2757/5999/2757 2536/6000/2536 2463/6001/2463
vt 0.677781 0.420197
vt 0.676538 0.422194
f 2516/6002/2516 2444/5751/2444 2505/6003/2505
vt 0.731560 0.966068
vt 0.729053 0.968263
f 2417/5583/2417 2541/6004/2541 2467/6005/2467
vt 0.566107 0.342987
f 2511/5879/2511 2420/5878/2420 2506/6006/2506
f 2592/5646/2592 2481/5899/2481 2428/5589/2428
vt 0.072191 0.909896
f 2685/6007/2685 2458/5755/2458 2449/5695/2449
f 2851/5959/2851 2537/5427/2537 2552/5834/2552
vt 0.565553 0.349398
f 2373/5660/2373 2490/6008/2490 2533/5890/2533
f 2523/5884/2523 2480/5337/2480 2440/5783/2440
f 2467/6005/2467 2541/6004/2541 2554/5938/2554
f 2440/5783/2440 2626/5909/2626 2523/5884/2523
vt 0.975646 0.241917
f 2436/5775/2436 2568/6009/2568 2515/5681/2515
vt 0.737182 0.971022
f 2539/6010/2539 2518/5850/2518 2554/5938/2554
vt 0.314299 0.664564
vt 0.313534 0.662406
f 2465/6011/2465 2457/5989/2457 2551/6012/2551
f 2656/5632/2656 2567/5964/2567 2423/5606/2423
vt 0.708914 0.146668
f 2465/5809/2465 2551/6013/2551 2513/5911/2513
f 2572/5763/2572 2425/5668/2425 2556/5922/2556
vt 0.527923 0.198151
vt 0.533538 0.197506
vt 0.533946 0.202264
f 2350/6014/2350 2553/6015/2553 2538/6016/2538
vt 0.062800 0.882911
vt 0.064854 0.881013
f 2508/5847/2508 2483/6017/2483 2477/6018/2477
vt 0.382448 0.234899
f 2495/5929/2495 2590/6019/2590 2464/5927/2464
vt 0.690405 0.073433
vt 0.694865 0.072712
vt 0.693967 0.075558
f 2562/6020/2562 2459/6021/2459 2524/6022/2524
vt 0.203112 0.400051
vt 0.202709 0.397725
vt 0.204022 0.396515
f 2129/6023/2129 2652/6024/2652 2298/6025/2298
vt 0.653588 0.197377
f 2483/6026/2483 2531/5858/2531 2477/5931/2477
f 2125/4931/2125 1901/4295/1901 2634/5327/2634
vt 0.685655 0.417463
vt 0.686480 0.420116
vt 0.682833 0.419125
f 2550/6027/2550 2426/6028/2426 2579/6029/2579
f 2426/6028/2426 2427/5778/2427 2579/6029/2579
vt 0.051332 0.571312
f 2408/5679/2408 2509/5853/2509 2574/6030/2574
f 2890/5624/2890 2653/4703/2653 2321/4190/2321
vt 0.655441 0.476348
f 2541/5893/2541 2498/5892/2498 2617/6031/2617
f 2427/5778/2427 2444/5751/2444 2516/6002/2516
vt 0.601382 0.377119
vt 0.604990 0.375796
vt 0.601630 0.380087
f 2564/6032/2564 2493/6033/2493 2474/6034/2474
vt 0.043705 0.591201
f 2542/6035/2542 2510/5736/2510 2503/5862/2503
f 2384/5328/2384 2488/5866/2488 2548/5905/2548
vt 0.708802 0.722136
f 2468/5654/2468 2492/5962/2492 2725/6036/2725
f 3582/5290/3582 3066/5292/3066 2278/3492/2278
vt 0.696953 0.416146
vt 0.693805 0.416957
vt 0.690121 0.415960
f 2473/6037/2473 2486/6038/2486 2504/6039/2504
f 2533/5890/2533 2506/6006/2506 2420/5878/2420
vt 0.727710 0.912395
f 2525/6040/2525 2462/5829/2462 2526/5883/2526
vt 0.727576 0.919324
f 2695/6041/2695 2462/5829/2462 2525/6040/2525
vt 0.580527 0.719689
f 2614/5798/2614 2565/6042/2565 2606/5991/2606
vt 0.728058 0.544972
vt 0.724063 0.541612
f 2378/6043/2378 3032/6044/3032 2496/5471/2496
vt 0.990168 0.073134
vt 0.987136 0.074143
vt 0.982626 0.070229
f 2456/6045/2456 2487/6046/2487 2518/6047/2518
f 2527/5582/2527 2327/5473/2327 2370/5514/2370
f 2527/5582/2527 2379/5399/2379 2499/5913/2499
f 2449/5695/2449 2520/5942/2520 2685/6007/2685
f 2328/5446/2328 2664/5961/2664 2469/5982/2469
vt 0.544571 0.709070
f 2522/6048/2522 2319/5804/2319 2567/5964/2567
f 2516/6002/2516 2579/6029/2579 2427/5778/2427
vt 0.817216 0.545958
f 2267/4804/2267 2667/6049/2667 2862/5003/2862
vt 0.728363 0.948852
vt 0.731527 0.947398
f 2519/6050/2519 2521/5732/2521 2577/6051/2577
vt 0.739210 0.708704
f 2581/5889/2581 2350/5581/2350 2538/6052/2538
vt 0.376406 0.237060
f 2494/6053/2494 2464/5927/2464 2590/6019/2590
vt 0.446803 0.724480
vt 0.450148 0.724841
vt 0.448627 0.729511
f 2516/6054/2516 2505/6055/2505 2582/6056/2582
vt 0.453425 0.726295
f 2505/6055/2505 2511/6057/2511 2582/6056/2582
vt 0.450544 0.730055
f 2627/6058/2627 2582/6056/2582 2511/6057/2511
vt 0.452985 0.730002
f 2627/6058/2627 2511/6057/2511 2517/6059/2517
f 2185/4285/2185 2667/6049/2667 2267/4804/2267
vt 0.056423 0.544083
f 2495/5900/2495 2470/5855/2470 2569/6060/2569
vt 0.564379 0.340050
f 2517/6061/2517 2511/5879/2511 2506/6006/2506
vt 0.041891 0.599653
vt 0.039365 0.597572
f 2503/5862/2503 2473/6062/2473 2573/6063/2573
vt 0.990496 0.071491
f 2456/6045/2456 2518/6047/2518 2578/6064/2578
vt 0.612880 0.729418
f 2474/5908/2474 2585/5741/2585 2737/6065/2737
vt 0.605925 0.722573
vt 0.604891 0.729137
f 2412/5793/2412 2493/6066/2493 2564/6067/2564
vt 0.978282 0.247001
vt 0.974122 0.247637
f 2558/6068/2558 2490/6069/2490 2515/5681/2515
f 2504/6039/2504 2426/6028/2426 2550/6027/2550
vt 0.277618 0.705868
vt 0.276740 0.704426
vt 0.281194 0.703842
f 2458/6070/2458 2625/6071/2625 2546/6072/2546
vt 0.276197 0.702395
f 2546/6072/2546 2625/6071/2625 2643/6073/2643
vt 0.530561 0.219276
vt 0.531527 0.221575
vt 0.528161 0.220609
f 2552/6074/2552 2235/6075/2235 2547/6076/2547
vt 0.833923 0.627675
vt 0.839443 0.621825
vt 0.842172 0.627011
f 2471/6077/2471 2681/6078/2681 2544/6079/2544
f 1962/4420/1962 2851/5959/2851 2276/4625/2276
f 2501/5430/2501 2581/5889/2581 2500/5888/2500
f 2716/5947/2716 2468/5654/2468 2725/6036/2725
vt 0.785936 0.887936
f 2011/4719/2011 2792/6080/2792 2249/4592/2249
vt 0.410122 0.493005
f 2514/5978/2514 2566/6081/2566 2492/5953/2492
vt 0.834140 0.615068
f 2767/6082/2767 2405/5997/2405 2543/5948/2543
vt 0.577046 0.312611
vt 0.578945 0.311309
vt 0.581249 0.313641
f 2556/6083/2556 2494/6084/2494 2570/6085/2570
vt 0.830140 0.528236
f 2512/6086/2512 2755/5789/2755 2289/5788/2289
vt 0.381666 0.237370
f 2494/6053/2494 2590/6019/2590 2570/6087/2570
vt 0.514015 0.390318
vt 0.513486 0.393112
vt 0.510770 0.391447
f 2574/6088/2574 2509/6089/2509 2548/6090/2548
vt 0.979891 0.168387
vt 0.983056 0.169374
f 2675/6091/2675 2445/5984/2445 2602/6092/2602
vt 0.405635 0.688999
vt 0.409965 0.690064
vt 0.409367 0.693022
f 2574/6093/2574 2548/6094/2548 2488/6095/2488
vt 0.379529 0.231072
f 2590/6019/2590 2495/5929/2495 2569/6096/2569
vt 0.101977 0.328921
vt 0.098516 0.325680
vt 0.104479 0.323684
f 2445/6097/2445 2491/6098/2491 2608/6099/2608
vt 0.570347 0.457680
f 3100/6100/3100 2442/5743/2442 2194/3923/2194
vt 0.034865 0.831977
f 2532/5932/2532 2476/5781/2476 2540/6101/2540
vt 0.844582 0.626510
f 2544/6079/2544 2681/6078/2681 2613/6102/2613
vt 0.297679 0.181549
vt 0.294288 0.181246
vt 0.295828 0.179726
f 2497/6103/2497 2560/6104/2560 2561/6105/2561
vt 0.044730 0.583462
f 2488/5866/2488 2407/5584/2407 2489/6106/2489
vt 0.291731 0.678389
f 2557/5970/2557 2699/6107/2699 2484/5971/2484
vt 0.801381 0.929949
vt 0.796097 0.934814
f 2482/6108/2482 2106/4774/2106 3046/6109/3046
vt 0.672572 0.074546
vt 0.668568 0.075440
vt 0.667236 0.073252
f 2510/6110/2510 2580/6111/2580 2489/6112/2489
vt 0.669245 0.075916
f 2580/6111/2580 2510/6110/2510 2542/6113/2542
vt 0.297907 0.673173
f 2549/5975/2549 2484/5977/2484 2650/6114/2650
vt 0.797961 0.926581
f 2482/6108/2482 3046/6109/3046 2647/6115/2647
f 2610/5955/2610 2642/5830/2642 2388/5586/2388
vt 0.302733 0.672919
f 2411/6116/2411 2549/5975/2549 2650/6114/2650
vt 0.972667 0.193120
vt 0.972115 0.195753
vt 0.971448 0.194568
f 2550/6117/2550 2579/6118/2579 2623/6119/2623
vt 0.622837 0.921336
f 2741/6120/2741 2439/5690/2439 2184/4895/2184
vt 0.621120 0.925606
f 2741/6120/2741 2184/4895/2184 2298/6121/2298
vt 0.305340 0.664468
vt 0.309109 0.661613
f 2624/6122/2624 2644/6123/2644 2551/6012/2551
f 2551/6012/2551 2457/5989/2457 2624/6122/2624
vt 0.049638 0.562070
f 2441/5787/2441 2408/5679/2408 2587/6124/2587
f 2738/5914/2738 2772/5993/2772 2361/5604/2361
vt 0.069066 0.904086
f 2458/5755/2458 2685/6007/2685 2679/6125/2679
vt 0.312028 0.661693
f 2588/6126/2588 2551/6012/2551 2644/6123/2644
vt 0.069458 0.899919
f 2679/6125/2679 2625/6127/2625 2458/5755/2458
vt 0.711403 0.098718
vt 0.705632 0.097446
vt 0.706458 0.095016
f 2686/6128/2686 2725/6129/2725 2492/6130/2492
f 2787/5949/2787 2255/4345/2255 2446/4855/2446
vt 0.697119 0.075643
f 2513/6131/2513 2524/6022/2524 2459/6021/2459
vt 0.709584 0.095711
f 2686/6128/2686 2492/6130/2492 2563/6132/2563
vt 0.553987 0.276920
vt 0.559439 0.279508
vt 0.555407 0.282494
f 2533/6133/2533 2490/6134/2490 2603/6135/2603
vt 0.351872 0.766743
f 2386/5389/2386 2340/5526/2340 2666/6136/2666
vt 0.287875 0.694978
vt 0.282708 0.698972
vt 0.282039 0.690575
f 2508/6137/2508 2589/6138/2589 2600/6139/2600
vt 0.567789 0.720074
f 2616/6140/2616 2410/5575/2410 2606/5882/2606
f 2410/5575/2410 2616/6140/2616 2656/5632/2656
vt 0.523470 0.169806
vt 0.524837 0.174541
vt 0.520709 0.174155
f 2566/6141/2566 2563/6142/2563 2492/6143/2492
vt 0.732291 0.942884
f 2521/5732/2521 2571/5881/2571 2594/6144/2594
vt 0.737761 0.965970
f 2654/6145/2654 2554/5938/2554 2541/6004/2541
vt 0.650345 0.475649
f 2498/5892/2498 2485/6146/2485 2617/6031/2617
f 2695/6041/2695 2626/5909/2626 2466/5910/2466
vt 0.633787 0.736575
vt 0.636747 0.732311
vt 0.639627 0.734920
f 2555/6147/2555 2478/6148/2478 2532/6149/2532
vt 0.636839 0.098618
f 2478/5967/2478 2555/6150/2555 2497/5965/2497
f 2768/5983/2768 2469/5982/2469 2664/5961/2664
vt 0.822118 0.597524
f 2556/5922/2556 2680/6151/2680 2572/5763/2572
vt 0.958882 0.052251
vt 0.958665 0.048903
vt 0.961054 0.051600
f 2529/6152/2529 3028/6153/3028 2783/6154/2783
vt 0.285907 0.683592
vt 0.293682 0.685227
f 2744/6155/2744 2557/5970/2557 2531/6156/2531
vt 0.089315 0.952480
f 2499/5913/2499 2672/6157/2672 2527/5582/2527
f 2699/6107/2699 2650/6114/2650 2484/5977/2484
vt 0.082265 0.937459
f 2327/5473/2327 2527/5582/2527 2583/6158/2583
f 2327/5473/2327 2583/6158/2583 2592/5646/2592
vt 0.079124 0.927250
f 2593/6159/2593 2481/5899/2481 2592/5646/2592
vt 0.696234 0.410831
f 2504/6039/2504 2573/6160/2573 2473/6037/2473
vt 0.078616 0.922150
f 2481/5899/2481 2584/6161/2584 2419/5761/2419
vt 0.734669 0.974807
f 2539/6010/2539 2598/6162/2598 2518/5850/2518
f 2554/5938/2554 2654/6145/2654 2539/6010/2539
vt 0.668149 0.545312
f 2228/4903/2228 2535/5543/2535 2640/6163/2640
vt 0.981118 0.243551
f 2515/5681/2515 2568/6009/2568 2632/6164/2632
vt 0.384010 0.104135
vt 0.382422 0.106666
vt 0.379337 0.103349
f 2516/6165/2516 2582/6166/2582 2645/6167/2645
vt 0.981700 0.165260
f 2568/5985/2568 2445/5984/2445 2638/6168/2638
f 2638/6168/2638 2445/5984/2445 2675/6091/2675
vt 0.746365 0.706109
f 2581/5889/2581 2538/6052/2538 2607/6169/2607
vt 0.798369 0.303153
f 2485/5924/2485 2519/5926/2519 2575/6170/2575
vt 0.325068 0.256237
vt 0.322240 0.258415
vt 0.315870 0.257831
f 2608/6171/2608 2602/6172/2602 2445/6173/2445
vt 0.559446 0.279468
vt 0.560972 0.284349
f 2603/6135/2603 2490/6174/2490 2558/6175/2558
vt 0.644670 0.470341
vt 0.643055 0.470767
f 2576/6176/2576 2519/5868/2519 2577/6177/2577
vt 0.034634 0.965778
f 2621/5454/2621 2611/6178/2611 2178/5452/2178
f 2632/6164/2632 2558/6068/2558 2515/5681/2515
vt 0.107986 0.316999
f 2456/5998/2456 2693/6179/2693 2507/5744/2507
vt 0.105763 0.320085
f 2507/5744/2507 2693/6179/2693 2586/6180/2586
vt 0.941971 0.168396
vt 0.938856 0.164812
f 2578/6181/2578 2693/6182/2693 2456/5865/2456
vt 0.546826 0.714925
f 2657/6183/2657 2522/6048/2522 2567/5964/2567
vt 0.339424 0.064803
vt 0.341303 0.065063
vt 0.339381 0.067777
f 2757/6184/2757 2463/6185/2463 2673/6186/2673
vt 0.537062 0.710805
vt 0.541601 0.714983
f 2664/6187/2664 2522/6048/2522 2669/6188/2669
vt 0.737473 0.978428
vt 0.735303 0.982256
f 2518/5850/2518 2598/6189/2598 2578/6190/2578
vt 0.661403 0.545429
f 2660/5171/2660 2228/4903/2228 3031/6191/3031
vt 0.414492 0.491749
f 2566/6081/2566 2514/5978/2514 2596/6192/2596
vt 0.289143 0.689497
f 2483/6193/2483 2744/6155/2744 2531/6156/2531
vt 0.781793 0.880726
f 2641/5907/2641 2249/4592/2249 2858/6194/2858
vt 0.577988 0.315815
f 2570/6085/2570 2680/6195/2680 2556/6083/2556
f 2557/5970/2557 2744/6155/2744 2699/6107/2699
vt 0.037425 0.593660
f 2712/6196/2712 2542/6035/2542 2503/5862/2503
f 2573/6063/2573 2712/6196/2712 2503/5862/2503
f 2586/6180/2586 2608/6099/2608 2507/5744/2507
vt 0.691725 0.412295
f 2573/6160/2573 2504/6039/2504 2702/6197/2702
vt 0.083494 0.946232
f 2583/6158/2583 2527/5582/2527 2823/6198/2823
f 2650/6114/2650 2457/5989/2457 2411/6116/2411
vt 0.972382 0.190238
vt 0.971896 0.192138
vt 0.971129 0.189911
f 2504/6199/2504 2550/6200/2550 2622/6201/2622
vt 0.047292 0.564572
f 2587/6124/2587 2408/5679/2408 2615/6202/2615
vt 0.040584 0.581959
vt 0.041700 0.586081
f 2682/6203/2682 2489/6106/2489 2580/6204/2580
vt 0.441713 0.723273
vt 0.444419 0.726943
f 2579/6205/2579 2516/6054/2516 2645/6206/2645
vt 0.435181 0.717928
vt 0.438901 0.720128
vt 0.439372 0.723709
f 2622/6207/2622 2550/6208/2550 2623/6209/2623
vt 0.555835 0.342279
f 2517/6061/2517 2506/6006/2506 2597/6210/2597
vt 0.793761 0.279556
vt 0.791679 0.277774
vt 0.791366 0.275119
f 2513/6211/2513 2551/6212/2551 2588/6213/2588
vt 0.653190 0.543546
f 2628/5943/2628 2660/5171/2660 2619/6214/2619
vt 0.772802 0.838393
f 2729/5689/2729 3049/6215/3049 2375/5269/2375
vt 0.729742 0.704370
f 2553/5777/2553 2528/5637/2528 2736/6216/2736
f 2508/6137/2508 2600/6139/2600 2483/6193/2483
vt 0.801210 0.275290
vt 0.800327 0.277769
f 2513/6211/2513 2601/6217/2601 2524/6218/2524
vt 0.275393 0.700800
f 2589/6138/2589 2546/6072/2546 2643/6219/2643
vt 0.576893 0.722081
f 2618/6220/2618 2565/6042/2565 2614/5798/2614
vt 0.895770 0.453496
vt 0.896520 0.447899
vt 0.897701 0.450139
f 2770/6221/2770 2514/6222/2514 2545/6223/2545
vt 0.891837 0.450614
f 2596/6224/2596 2514/6222/2514 2770/6221/2770
vt 0.796457 0.947768
f 3050/6225/3050 1802/4036/1802 2293/4633/2293
vt 0.337299 0.493993
vt 0.337603 0.498705
vt 0.334491 0.493625
f 2565/6226/2565 2618/6227/2618 2606/6228/2606
vt 0.654224 0.529250
vt 0.656130 0.531186
f 2628/5943/2628 2547/6229/2547 2235/6230/2235
vt 0.444333 0.906448
vt 0.442496 0.902781
vt 0.443449 0.899755
f 2500/6231/2500 2581/6232/2581 2607/6233/2607
vt 0.734992 0.959414
f 2541/6004/2541 2617/6234/2617 2654/6145/2654
vt 0.725671 0.899698
f 2599/6235/2599 2526/5883/2526 2500/5917/2500
vt 0.506169 0.757252
f 2958/6236/2958 1969/4626/1969 2475/5398/2475
vt 0.800843 0.300151
f 2519/5926/2519 2576/6237/2576 2575/6170/2575
vt 0.110214 0.974696
f 2544/5960/2544 2613/6238/2613 2610/5955/2610
vt 0.291935 0.182573
vt 0.293478 0.184623
f 2560/6239/2560 2497/6103/2497 2555/6240/2555
vt 0.623732 0.738784
f 2798/6241/2798 2585/5741/2585 2561/5826/2561
vt 0.036289 0.589536
f 2580/6204/2580 2542/6035/2542 2591/6242/2591
f 2650/6114/2650 2624/6122/2624 2457/5989/2457
f 2488/5866/2488 2489/6106/2489 2682/6203/2682
f 2601/6217/2601 2513/6211/2513 2588/6213/2588
vt 0.097933 0.970024
f 2610/5955/2610 2779/6243/2779 2642/5830/2642
vt 0.690677 0.413457
f 2622/6244/2622 2702/6197/2702 2504/6039/2504
vt 0.805667 0.277947
vt 0.803425 0.277143
f 2601/6217/2601 2562/6245/2562 2524/6246/2524
vt 0.076656 0.932992
f 2592/5646/2592 2630/6247/2630 2593/6159/2593
vt 0.396609 0.034901
vt 0.394431 0.036496
vt 0.395675 0.035123
f 2645/6248/2645 2623/6249/2623 2579/6250/2579
f 2584/6161/2584 2481/5899/2481 2593/6159/2593
vt 0.709819 0.333581
vt 0.709885 0.332832
vt 0.713421 0.334294
f 2663/6251/2663 2582/6252/2582 2698/6253/2698
vt 0.709617 0.331559
f 2582/6252/2582 2627/6254/2627 2698/6253/2698
vt 0.629683 0.916911
f 2932/6255/2932 2502/4777/2502 2439/5690/2439
vt 0.516023 0.385817
vt 0.519082 0.386071
vt 0.518839 0.389109
f 2620/6256/2620 2615/6257/2615 2408/6258/2408
f 2408/6258/2408 2574/6088/2574 2620/6256/2620
vt 0.561482 0.345543
vt 0.557227 0.345775
f 2506/6006/2506 2533/6259/2533 2665/6260/2665
vt 0.712701 0.096843
f 2563/6132/2563 2636/6261/2636 2686/6128/2686
vt 0.737061 0.934443
f 2364/5880/2364 2523/5884/2523 2724/6262/2724
vt 0.980382 0.241304
f 2638/6263/2638 2632/6164/2632 2568/6009/2568
vt 0.615896 0.735759
f 2737/6065/2737 2585/5741/2585 2761/6264/2761
f 2738/5914/2738 2412/5793/2412 2564/6067/2564
vt 0.572996 0.722606
f 2616/6140/2616 2606/5882/2606 2618/6265/2618
f 2528/5637/2528 2716/5947/2716 2736/6216/2736
vt 0.733071 0.942851
f 2577/6051/2577 2521/5732/2521 2594/6266/2594
f 2669/6188/2669 2522/6048/2522 2657/6183/2657
vt 0.642447 0.468337
f 2633/6267/2633 2576/6176/2576 2577/6177/2577
vt 0.407802 0.497087
vt 0.409679 0.501061
f 2563/6268/2563 2566/6081/2566 2636/6269/2636
vt 0.445895 0.902453
f 2500/6231/2500 2607/6233/2607 2599/6270/2599
vt 0.539627 0.967786
vt 0.540966 0.971599
f 2717/6271/2717 2026/4521/2026 2862/6272/2862
vt 0.974401 0.471484
vt 0.969794 0.473699
f 2512/4537/2512 2759/6273/2759 2755/6274/2755
f 2571/5881/2571 2364/5880/2364 2724/6262/2724
vt 0.847121 0.616051
f 2849/6275/2849 2681/6078/2681 2767/6082/2767
vt 0.403794 0.692018
f 2574/6093/2574 2488/6095/2488 2649/6276/2649
f 2542/6035/2542 2712/6196/2712 2591/6242/2591
vt 0.827687 0.599165
f 2754/6277/2754 2443/5525/2443 2572/5763/2572
vt 0.796580 0.274214
f 2588/6213/2588 2697/6278/2697 2601/6217/2601
vt 0.404904 0.695725
f 2488/6095/2488 2671/6279/2671 2649/6276/2649
vt 0.049969 0.545510
f 2470/5855/2470 2713/5937/2713 2674/6280/2674
vt 0.583988 0.312712
vt 0.583718 0.314315
f 2570/6085/2570 2590/6281/2590 2658/6282/2658
f 2717/6271/2717 2721/4964/2721 2026/4521/2026
vt 0.429189 0.716222
vt 0.432620 0.720758
f 2702/6283/2702 2622/6207/2622 2612/6284/2612
vt 0.723785 0.710197
f 2736/6216/2736 2716/5947/2716 2707/6285/2707
vt 0.809246 0.273868
f 2562/6245/2562 2601/6217/2601 2676/6286/2676
vt 0.299226 0.262174
vt 0.294783 0.265705
vt 0.292082 0.262406
f 2540/6287/2540 2562/6288/2562 2676/6289/2676
vt 0.654662 0.473668
vt 0.649345 0.471315
f 2617/6290/2617 2485/6146/2485 2575/6291/2575
vt 0.292243 0.259195
f 2540/6287/2540 2676/6289/2676 2639/6292/2639
vt 0.680580 0.143572
vt 0.682669 0.140292
vt 0.685474 0.143368
f 2555/6293/2555 2532/6294/2532 2629/6295/2629
vt 0.299566 0.258831
f 2540/6287/2540 2639/6292/2639 2532/6296/2532
f 2622/6207/2622 2623/6209/2623 2612/6284/2612
vt 0.975499 0.463672
f 2512/4537/2512 2595/5810/2595 3092/6297/3092
vt 0.629744 0.736221
f 2560/6298/2560 2798/6241/2798 2561/5826/2561
vt 0.377335 0.106753
f 2645/6167/2645 2582/6166/2582 2663/6299/2663
vt 0.738276 0.928311
f 2523/5884/2523 2626/5909/2626 2760/6300/2760
vt 0.711846 0.330485
f 2698/6253/2698 2627/6254/2627 2517/6301/2517
vt 0.561216 0.340318
f 2597/6210/2597 2698/6302/2698 2517/6061/2517
f 2672/6157/2672 2823/6198/2823 2527/5582/2527
f 2506/6006/2506 2665/6260/2665 2597/6210/2597
vt 0.549850 0.282480
f 2533/6133/2533 2603/6135/2603 2665/6303/2665
vt 0.558320 0.285480
f 2603/6135/2603 2558/6175/2558 2745/6304/2745
vt 0.936414 0.167340
f 2693/6182/2693 2578/6181/2578 2605/6305/2605
vt 0.580698 0.725793
f 2618/6220/2618 2614/5798/2614 2631/6306/2631
vt 0.981826 0.246490
f 2558/6068/2558 2632/6164/2632 2745/6307/2745
vt 0.371549 0.021302
vt 0.368751 0.020853
vt 0.372895 0.018689
f 2697/6308/2697 2588/6309/2588 2756/6310/2756
vt 0.741540 0.984355
f 2605/6311/2605 2578/6190/2578 2598/6189/2598
vt 0.261602 0.721539
vt 0.261712 0.724179
vt 0.255588 0.722542
f 2655/6312/2655 2584/6313/2584 2825/6314/2825
vt 0.074256 0.919949
f 2419/5761/2419 2584/6161/2584 2655/6315/2655
vt 0.066349 0.901000
f 2643/6316/2643 2625/6127/2625 2679/6125/2679
vt 0.415070 0.498258
f 2718/6317/2718 2636/6269/2636 2566/6081/2566
vt 0.733779 0.946961
f 2577/6051/2577 2594/6266/2594 2633/6318/2633
f 2483/6193/2483 2600/6139/2600 2744/6155/2744
f 2610/5955/2610 2613/6238/2613 2779/6243/2779
vt 0.586370 0.312948
f 2590/6281/2590 2668/6319/2668 2658/6282/2658
vt 0.582433 0.317426
f 2680/6195/2680 2570/6085/2570 2711/6320/2711
vt 0.285751 0.675523
f 2744/6155/2744 2690/6321/2690 2699/6107/2699
vt 0.546456 0.425399
vt 0.548165 0.428796
vt 0.544533 0.429324
f 2620/6322/2620 2574/6323/2574 2649/6324/2649
f 2754/6277/2754 2543/5948/2543 2443/5525/2443
vt 0.112765 0.321854
vt 0.109211 0.325765
vt 0.107827 0.324811
f 2677/6325/2677 2675/6326/2675 2602/6327/2602
vt 0.108039 0.323665
f 2608/6328/2608 2677/6325/2677 2602/6327/2602
f 2553/5777/2553 2736/6216/2736 2538/6052/2538
vt 0.329453 0.257365
vt 0.328810 0.257820
f 2586/6329/2586 2677/6330/2677 2608/6171/2608
vt 0.970936 0.448583
vt 0.965531 0.452107
vt 0.967223 0.447938
f 3028/6331/3028 2529/6332/2529 2609/6333/2609
vt 0.583020 0.314955
f 2658/6282/2658 2711/6334/2711 2570/6085/2570
vt 0.372747 0.752958
f 2684/6335/2684 2683/5968/2683 2678/5550/2678
vt 0.587401 0.311254
f 2569/6336/2569 2668/6319/2668 2590/6281/2590
vt 0.229592 0.570703
f 2078/4946/2078 2640/6337/2640 2535/5390/2535
vt 0.036884 0.578621
f 2682/6203/2682 2700/6338/2700 2488/5866/2488
f 2569/6060/2569 2470/5855/2470 2674/6280/2674
vt 0.049484 0.980531
f 2347/4642/2347 3095/6339/3095 2387/4835/2387
vt 0.835345 0.608054
f 2767/6082/2767 2543/5948/2543 2651/6340/2651
vt 0.731086 0.049477
vt 0.732343 0.050517
vt 0.729102 0.050576
f 2474/6341/2474 2701/6342/2701 2564/6343/2564
vt 0.580591 0.140713
vt 0.586254 0.141997
vt 0.581787 0.145136
f 2603/6344/2603 2745/6345/2745 2730/6346/2730
vt 0.368084 0.018672
f 2588/6309/2588 2644/6347/2644 2756/6310/2756
f 2631/6306/2631 2614/5798/2614 2772/5993/2772
vt 0.366873 0.741661
f 2678/5550/2678 2431/5031/2431 3276/6348/3276
vt 0.593258 0.937315
f 2442/5616/2442 2958/6349/2958 2475/5281/2475
vt 0.044562 0.557421
f 2441/5787/2441 2587/6124/2587 2773/6350/2773
vt 0.801957 0.272065
f 2697/6278/2697 2739/6351/2739 2601/6217/2601
vt 0.414899 0.506628
vt 0.408989 0.503371
f 2636/6269/2636 2734/6352/2734 2686/6353/2686
vt 0.519452 0.382178
f 2705/6354/2705 2615/6257/2615 2620/6256/2620
f 2630/6247/2630 2592/5646/2592 2583/6158/2583
vt 0.383508 0.609429
vt 0.383424 0.613992
f 3116/6355/3116 2611/6356/2611 2621/5451/2621
vt 0.548644 0.898835
f 2770/6357/2770 2545/5981/2545 2768/5983/2768
vt 0.742197 0.958148
f 2820/6358/2820 2654/6145/2654 2617/6234/2617
vt 0.367077 0.606580
f 3008/6359/3008 2175/5044/2175 2155/5250/2155
vt 0.257381 0.727417
f 2825/6314/2825 2584/6313/2584 2593/6360/2593
vt 0.624457 0.052158
vt 0.620306 0.052873
vt 0.624328 0.049452
f 2594/6361/2594 2571/6362/2571 2662/6363/2662
vt 0.415931 0.495193
f 2718/6317/2718 2566/6081/2566 2637/6364/2637
vt 0.775838 0.856575
f 2125/4931/2125 2634/5327/2634 3019/6365/3019
vt 0.775361 0.860350
f 3032/5702/3032 3025/6366/3025 2137/5703/2137
f 2566/6081/2566 2596/6192/2596 2637/6364/2637
vt 0.736438 0.915280
f 2816/6367/2816 2695/6041/2695 2525/6040/2525
vt 0.644410 0.468231
vt 0.643371 0.467075
f 2576/6368/2576 2633/6267/2633 2659/6369/2659
vt 0.821823 0.590140
vt 0.825594 0.592088
vt 0.821532 0.592554
f 2668/6370/2668 2692/6371/2692 2658/6372/2658
f 2520/5942/2520 2419/5761/2419 2655/6315/2655
vt 0.983551 0.241483
f 2632/6164/2632 2638/6263/2638 2689/6373/2689
vt 0.979507 0.164900
vt 0.976170 0.164935
f 2638/6374/2638 2675/6091/2675 2689/6375/2689
vt 0.682240 0.146169
f 2555/6293/2555 2629/6295/2629 2740/6376/2740
vt 0.401075 0.036872
vt 0.398975 0.038591
f 2623/6249/2623 2645/6377/2645 2696/6378/2696
f 2695/6041/2695 2760/6300/2760 2626/5909/2626
vt 0.374674 0.105008
f 2645/6167/2645 2663/6299/2663 2758/6379/2758
vt 0.820248 0.587640
vt 0.823574 0.586169
f 2668/6370/2668 2569/6380/2569 2674/6381/2674
vt 0.733543 0.548943
vt 0.729811 0.551526
f 2641/6382/2641 3306/6383/3306 2378/6043/2378
vt 0.634948 0.912142
f 3131/6384/3131 2502/4777/2502 2932/6255/2932
vt 0.599906 0.385252
vt 0.596641 0.382480
f 2474/6034/2474 2737/6385/2737 2701/6386/2701
vt 0.850146 0.621617
f 2613/6102/2613 2681/6078/2681 2670/6387/2670
vt 0.288076 0.666989
f 2694/6388/2694 2650/6114/2650 2699/6107/2699
vt 0.640824 0.905144
f 3300/5712/3300 2100/5326/2100 2722/6389/2722
vt 0.730673 0.901466
f 2635/6390/2635 2526/5883/2526 2599/6235/2599
vt 0.066585 0.909737
f 2727/6391/2727 2679/6125/2679 2685/6007/2685
vt 0.738663 0.945789
f 2594/6266/2594 2659/6392/2659 2633/6318/2633
vt 0.301704 0.658176
f 2644/6123/2644 2624/6122/2624 2756/6393/2756
vt 0.271113 0.702829
vt 0.268263 0.697737
f 2643/6219/2643 2679/6394/2679 2687/6395/2687
vt 0.709819 0.710671
f 2716/5947/2716 2725/6036/2725 2853/6396/2853
vt 0.271917 0.692305
f 2706/6397/2706 2643/6219/2643 2687/6395/2687
f 2589/6138/2589 2643/6219/2643 2706/6397/2706
vt 0.524939 0.384310
vt 0.521536 0.385169
f 2705/6354/2705 2587/6398/2587 2615/6399/2615
vt 0.735964 0.940950
f 2662/6400/2662 2571/5881/2571 2724/6262/2724
f 3131/6384/3131 2100/5326/2100 2502/4777/2502
vt 0.556311 0.726563
f 2567/5964/2567 2656/5632/2656 2895/6401/2895
f 3131/6384/3131 2722/6389/2722 2100/5326/2100
vt 0.296675 0.257765
f 2629/6402/2629 2532/6296/2532 2639/6292/2639
f 3178/5605/3178 2890/5624/2890 2661/4323/2661
vt 0.543449 0.423580
f 2742/6403/2742 2620/6322/2620 2649/6324/2649
vt 0.406338 0.699306
f 2671/6279/2671 2488/6095/2488 2700/6404/2700
vt 0.733552 0.703316
vt 0.742004 0.703429
f 2538/6052/2538 2719/6405/2719 2769/6406/2769
vt 0.502073 0.250416
vt 0.495328 0.251538
vt 0.497354 0.249699
f 2689/6407/2689 2745/6408/2745 2632/6409/2632
f 2754/6277/2754 2572/5763/2572 2680/6151/2680
vt 0.288727 0.185907
f 2555/6240/2555 2740/6410/2740 2560/6239/2560
vt 0.628939 0.739734
f 2560/6298/2560 2740/6411/2740 2798/6241/2798
vt 0.824077 0.595677
f 2658/6372/2658 2692/6371/2692 2711/6412/2711
f 2677/6325/2677 2586/6180/2586 2693/6179/2693
f 2600/6139/2600 2589/6138/2589 2706/6397/2706
vt 0.366298 0.613622
f 2386/6413/2386 3008/6359/3008 2155/5250/2155
vt 0.437141 0.728164
f 2612/6284/2612 2623/6209/2623 2696/6414/2696
vt 0.732494 0.053811
f 2810/6415/2810 2564/6343/2564 2701/6342/2701
vt 0.603168 0.735205
f 2738/5914/2738 2564/6067/2564 2810/6416/2810
vt 0.309196 0.656575
vt 0.304407 0.654621
f 2697/6417/2697 2756/6393/2756 2723/6418/2723
vt 0.044645 0.549875
f 2713/5937/2713 2735/6419/2735 2674/6280/2674
vt 0.365385 0.769049
f 2234/5240/2234 2683/5968/2683 2985/6420/2985
vt 0.526276 0.379826
f 2773/6421/2773 2587/6398/2587 2705/6354/2705
vt 0.801639 0.270385
f 2601/6217/2601 2739/6422/2739 2676/6286/2676
vt 0.544283 0.420412
f 2705/6423/2705 2620/6322/2620 2742/6403/2742
vt 0.574249 0.725660
f 2732/6424/2732 2618/6220/2618 2631/6306/2631
vt 0.096503 0.966297
f 2743/6425/2743 2642/5830/2642 2779/6243/2779
vt 0.292193 0.256184
vt 0.296954 0.257304
f 2639/6292/2639 2726/6426/2726 2629/6427/2629
f 2895/6401/2895 2656/5632/2656 2616/6140/2616
f 2499/5913/2499 2642/5830/2642 2743/6425/2743
vt 0.747467 0.969810
vt 0.739338 0.970574
f 2709/6428/2709 2598/6189/2598 2539/6429/2539
f 2539/6429/2539 2654/6145/2654 2709/6428/2709
vt 0.404474 0.317190
f 2435/5691/2435 2940/6430/2940 2609/5127/2609
vt 0.747873 0.977979
f 2709/6428/2709 2912/6431/2912 2598/6189/2598
vt 0.701363 0.723580
vt 0.691823 0.720633
vt 0.697460 0.719278
f 2686/6432/2686 2734/6433/2734 2837/6434/2837
f 2725/6036/2725 2686/6432/2686 2837/6434/2837
vt 0.652121 0.469784
f 2617/6290/2617 2575/6291/2575 2710/6435/2710
vt 0.232597 0.566211
f 2078/4946/2078 2748/6436/2748 2640/6337/2640
vt 0.680376 0.121318
vt 0.682241 0.116983
vt 0.684316 0.119768
f 2599/6437/2599 2854/6438/2854 2635/6439/2635
vt 0.737707 0.943012
f 2662/6440/2662 2659/6392/2659 2594/6266/2594
f 2636/6269/2636 2718/6317/2718 2734/6352/2734
vt 0.732906 0.906623
f 2525/6040/2525 2526/5883/2526 2688/6441/2688
f 2607/6169/2607 2538/6052/2538 2769/6406/2769
vt 0.374549 0.102556
f 2758/6379/2758 2747/6442/2747 2645/6167/2645
vt 0.974298 0.168647
f 2691/6443/2691 2689/6375/2689 2675/6091/2675
vt 0.835714 0.600170
f 2543/5948/2543 2754/6277/2754 2832/6444/2832
vt 0.420192 0.711132
vt 0.422194 0.711917
vt 0.420427 0.715152
f 2791/6445/2791 2712/6446/2712 2839/6447/2839
vt 0.359813 0.605397
f 2666/6448/2666 3008/6359/3008 2386/6413/2386
vt 0.423720 0.713003
f 2573/6449/2573 2839/6447/2839 2712/6446/2712
vt 0.826497 0.590133
f 2692/6371/2692 2668/6370/2668 2762/6450/2762
vt 0.618051 0.737718
f 2798/6241/2798 2761/6451/2761 2585/5741/2585
vt 0.445794 0.733492
vt 0.448577 0.734246
vt 0.446725 0.738790
f 2663/6452/2663 2698/6453/2698 2789/6454/2789
vt 0.033456 0.584576
f 2682/6203/2682 2580/6204/2580 2815/6455/2815
vt 0.427818 0.718953
f 2702/6283/2702 2612/6284/2612 2780/6456/2780
f 2668/6370/2668 2674/6381/2674 2762/6450/2762
vt 0.113995 0.317541
vt 0.111425 0.316426
f 2703/6457/2703 2693/6179/2693 2605/6458/2605
f 2640/6163/2640 3031/6191/3031 2228/4903/2228
f 2605/6311/2605 2598/6189/2598 2912/6431/2912
vt 0.251115 0.727810
f 2630/6459/2630 2825/6314/2825 2593/6360/2593
f 2624/6122/2624 2650/6114/2650 2694/6388/2694
vt 0.295609 0.663225
f 2694/6388/2694 2796/6460/2796 2624/6122/2624
vt 0.552403 0.285701
f 2665/6303/2665 2603/6135/2603 2730/6461/2730
vt 0.263730 0.716915
vt 0.257723 0.715327
vt 0.264962 0.712857
f 2520/6462/2520 2752/6463/2752 2685/6464/2685
vt 0.267471 0.705904
f 2727/6465/2727 2685/6464/2685 2752/6463/2752
f 2756/6393/2756 2624/6122/2624 2796/6460/2796
vt 0.070595 0.919381
f 2520/5942/2520 2655/6315/2655 2752/6466/2752
vt 0.154182 0.022574
vt 0.151737 0.024533
vt 0.149554 0.021779
f 2747/6467/2747 2696/6468/2696 2645/6469/2645
vt 0.062380 0.232802
vt 0.057278 0.232700
vt 0.059898 0.228482
f 2728/6470/2728 2629/6471/2629 2726/6472/2726
f 2687/6395/2687 2679/6394/2679 2727/6465/2727
vt 0.106500 0.978861
vt 0.100483 0.982254
f 2670/6473/2670 2802/6474/2802 2613/6238/2613
vt 0.646060 0.468900
vt 0.649684 0.465532
f 2575/6291/2575 2576/6475/2576 2749/6476/2749
vt 0.738982 0.954815
f 2617/6234/2617 2710/6477/2710 2820/6358/2820
vt 0.806388 0.270659
f 2739/6422/2739 2714/6478/2714 2676/6286/2676
vt 0.788623 0.906718
f 2731/6479/2731 2962/5980/2962 2404/5488/2404
vt 0.726469 0.893200
vt 0.735539 0.898191
f 2599/6235/2599 2607/6480/2607 2854/6481/2854
vt 0.804751 0.968581
f 2851/6482/2851 2293/4633/2293 2276/4772/2276
vt 0.811856 0.271556
f 2639/6483/2639 2676/6286/2676 2714/6478/2714
vt 0.338145 0.506228
vt 0.340217 0.501901
f 2771/6484/2771 2618/6227/2618 2732/6485/2732
vt 0.567758 0.727111
f 2616/6140/2616 2618/6265/2618 2771/6486/2771
vt 0.739692 0.937884
f 2662/6400/2662 2724/6262/2724 2775/6487/2775
vt 0.546978 0.717988
f 2657/6183/2657 2567/5964/2567 2733/6488/2733
vt 0.556230 0.143746
vt 0.558532 0.140463
vt 0.562520 0.143307
f 2669/6489/2669 2657/6490/2657 2733/6491/2733
vt 0.039695 0.976529
f 2784/6492/2784 2347/4642/2347 1910/4375/1910
f 2523/5884/2523 2760/6300/2760 2724/6262/2724
vt 0.051837 0.992442
f 2454/5802/2454 2949/5800/2949 2673/6493/2673
f 2736/6216/2736 2719/6405/2719 2538/6052/2538
f 2680/6151/2680 2711/6412/2711 2754/6277/2754
vt 0.034847 0.593372
vt 0.031577 0.590408
f 2591/6242/2591 2712/6494/2712 2791/6495/2791
vt 0.834333 0.604809
f 2832/6444/2832 2651/6496/2651 2543/5948/2543
vt 0.424613 0.717934
f 2715/6497/2715 2839/6447/2839 2573/6449/2573
f 2700/6338/2700 2682/6203/2682 2815/6455/2815
vt 0.444700 0.315671
vt 0.449086 0.315508
vt 0.446044 0.318074
f 2715/6498/2715 2573/6499/2573 2702/6500/2702
vt 0.441653 0.320613
vt 0.442578 0.317525
f 2702/6500/2702 2780/6501/2780 2715/6502/2715
f 2580/6204/2580 2591/6242/2591 2815/6455/2815
f 2678/5550/2678 3276/6348/3276 2684/6335/2684
vt 0.428120 0.721740
vt 0.431790 0.724975
f 2780/6503/2780 2612/6284/2612 2786/6504/2786
f 2786/6504/2786 2612/6284/2612 2696/6414/2696
vt 0.795540 0.271768
vt 0.796162 0.269098
f 2739/6422/2739 2697/6505/2697 2723/6506/2723
vt 0.473871 0.353404
f 2757/5999/2757 3127/6507/3127 2536/6000/2536
vt 0.396800 0.688085
vt 0.401030 0.692620
vt 0.392664 0.690562
f 2742/6508/2742 2649/6509/2649 2844/6510/2844
vt 0.442400 0.733650
f 2758/6511/2758 2663/6452/2663 2789/6454/2789
vt 0.719998 0.335011
vt 0.719053 0.337668
f 2698/6253/2698 2597/6512/2597 2789/6513/2789
vt 0.059797 0.236789
f 2629/6471/2629 2728/6470/2728 2740/6514/2740
vt 0.530329 0.715864
vt 0.537648 0.720485
f 2776/6515/2776 2664/6187/2664 2788/6516/2788
f 2788/6516/2788 2664/6187/2664 2669/6188/2669
vt 0.077378 0.943706
f 2583/6158/2583 2823/6198/2823 2885/6517/2885
vt 0.320940 0.261190
vt 0.328657 0.261961
vt 0.324585 0.264308
f 2675/6518/2675 2677/6519/2677 2691/6520/2691
vt 0.422115 0.499883
vt 0.419699 0.496264
f 2790/6521/2790 2718/6317/2718 2637/6522/2637
f 2710/6435/2710 2575/6291/2575 2749/6476/2749
f 2677/6325/2677 2693/6179/2693 2703/6457/2703
vt 0.542973 0.904860
vt 0.545149 0.901203
vt 0.547315 0.904802
f 2637/6523/2637 2596/6524/2596 2708/6525/2708
vt 0.644271 0.463332
f 2659/6526/2659 2749/6476/2749 2576/6475/2576
vt 0.286484 0.183285
vt 0.285876 0.181191
f 2740/6410/2740 2774/6527/2774 2798/6528/2798
vt 0.259015 0.717661
f 2825/6314/2825 2752/6463/2752 2655/6529/2655
vt 0.272632 0.683160
f 2706/6397/2706 2889/6530/2889 2600/6139/2600
f 2760/6300/2760 2695/6041/2695 2816/6367/2816
f 2526/5883/2526 2635/6390/2635 2688/6441/2688
f 3092/6297/3092 2759/6273/2759 2512/4537/2512
vt 0.592043 0.386584
vt 0.596767 0.390169
f 2764/6531/2764 2737/6385/2737 2761/6532/2761
f 2525/6040/2525 2688/6441/2688 2816/6367/2816
vt 0.593755 0.384850
f 2764/6531/2764 2701/6533/2701 2737/6385/2737
vt 0.734741 0.053037
f 2810/6415/2810 2701/6342/2701 2764/6534/2764
vt 0.833124 0.594705
f 2711/6412/2711 2692/6371/2692 2763/6535/2763
vt 0.742009 0.950033
vt 0.746926 0.955414
f 2749/6536/2749 2824/6537/2824 2710/6477/2710
vt 0.195412 0.392684
vt 0.201646 0.392341
f 3253/6538/3253 2741/6539/2741 2298/6025/2298
vt 0.573683 0.942014
f 2194/4490/2194 2604/4364/2604 3309/6540/3309
vt 0.742643 0.941633
vt 0.739270 0.943589
f 2813/6541/2813 2659/6542/2659 2662/6440/2662
f 2792/6080/2792 2858/6194/2858 2249/4592/2249
vt 0.745807 0.308861
vt 0.745826 0.310018
vt 0.743364 0.309233
f 2739/6543/2739 2723/6544/2723 2799/6545/2799
vt 0.793735 0.952882
f 3050/6225/3050 2293/4633/2293 2818/6546/2818
vt 0.744619 0.305970
f 2739/6543/2739 2799/6545/2799 2714/6547/2714
f 2734/6352/2734 2718/6317/2718 2790/6521/2790
vt 0.044785 0.545913
f 2674/6280/2674 2735/6419/2735 2746/6548/2746
vt 0.287247 0.261804
vt 0.287571 0.258750
f 2639/6292/2639 2714/6549/2714 2842/6550/2842
vt 0.541616 0.429088
vt 0.539513 0.432279
vt 0.537122 0.430341
f 2649/6551/2649 2671/6552/2671 2720/6553/2720
vt 0.890743 0.454986
f 2708/6554/2708 2596/6224/2596 2770/6221/2770
vt 0.526672 0.759909
f 1969/4626/1969 2926/6555/2926 2648/5852/2648
vt 0.537034 0.432369
f 2700/6556/2700 2720/6553/2720 2671/6552/2671
vt 0.585823 0.146380
f 2730/6346/2730 2745/6345/2745 2797/6557/2797
f 2713/5937/2713 2441/5787/2441 2773/6350/2773
vt 0.583620 0.942660
f 3309/6540/3309 3100/6558/3100 2194/4490/2194
vt 0.177418 0.209913
vt 0.175929 0.207113
vt 0.179776 0.203847
f 3025/6559/3025 3019/6560/3019 2634/6561/2634
vt 0.181261 0.206786
f 2137/6562/2137 3025/6559/3025 2634/6561/2634
vt 0.032937 0.580698
f 2700/6338/2700 2815/6455/2815 2830/6563/2830
vt 0.499504 0.253454
vt 0.501084 0.252335
f 2750/6564/2750 2745/6408/2745 2689/6565/2689
f 3046/6109/3046 2106/4774/2106 1802/4036/1802
vt 0.613176 0.922527
f 2648/5705/2648 2803/6566/2803 2129/4991/2129
vt 0.617773 0.924580
f 2129/4991/2129 2803/6566/2803 2652/6567/2652
f 2744/6155/2744 2600/6139/2600 2889/6530/2889
f 2779/6243/2779 2613/6238/2613 2802/6474/2802
vt 0.738143 0.699121
f 2769/6406/2769 2719/6405/2719 2806/6568/2806
vt 0.566271 0.893324
f 2664/5961/2664 2776/6569/2776 2768/5983/2768
f 2694/6388/2694 2699/6107/2699 2690/6321/2690
f 2670/6387/2670 2681/6078/2681 2849/6275/2849
f 2711/6412/2711 2763/6535/2763 2754/6277/2754
vt 0.046224 0.543077
f 2746/6548/2746 2762/6570/2762 2674/6280/2674
vt 0.534679 0.375608
vt 0.531478 0.377101
vt 0.530822 0.374705
f 2735/6571/2735 2713/6572/2713 2875/6573/2875
vt 0.420958 0.831156
f 2435/5873/2435 2375/5872/2375 3049/6574/3049
vt 0.043572 0.553455
f 2773/6350/2773 2875/6575/2875 2713/5937/2713
vt 0.933103 0.163599
vt 0.928931 0.165911
f 2703/6576/2703 2605/6305/2605 2704/6577/2704
vt 0.316270 0.237457
vt 0.312339 0.234064
vt 0.321384 0.234180
f 2740/6578/2740 2728/6579/2728 2774/6580/2774
vt 0.524292 0.376868
f 2765/6581/2765 2773/6421/2773 2705/6354/2705
vt 0.392494 0.685417
f 2705/6582/2705 2742/6508/2742 2844/6510/2844
vt 0.594096 0.390456
f 2764/6531/2764 2761/6532/2761 2840/6583/2840
vt 0.259441 0.704300
f 2752/6463/2752 2927/6584/2927 2727/6465/2727
f 2927/6584/2927 2687/6395/2687 2727/6465/2727
vt 0.573409 0.729441
f 2732/6424/2732 2631/6306/2631 2822/6585/2822
f 2446/5946/2446 2530/5945/2530 2787/5949/2787
vt 0.288459 0.257231
f 2639/6292/2639 2842/6550/2842 2766/6586/2766
f 2726/6426/2726 2639/6292/2639 2766/6586/2766
f 2895/6401/2895 2616/6140/2616 2771/6486/2771
vt 0.499436 0.257665
vt 0.495406 0.258220
f 2835/6587/2835 2797/6588/2797 2745/6408/2745
vt 0.549030 0.344955
f 2665/6260/2665 2865/6589/2865 2597/6210/2597
f 2431/5031/2431 2787/5949/2787 3276/6348/3276
vt 0.551724 0.348886
f 2730/6590/2730 2865/6589/2865 2665/6260/2665
f 2835/6587/2835 2745/6408/2745 2750/6564/2750
vt 0.549114 0.722061
f 2733/6591/2733 2567/5964/2567 2895/6401/2895
f 2889/6530/2889 2690/6321/2690 2744/6155/2744
vt 0.349781 0.719899
f 2402/5944/2402 3045/6592/3045 2530/5945/2530
f 2709/6428/2709 2654/6145/2654 2820/6358/2820
vt 0.971772 0.165318
f 2691/6443/2691 2831/6593/2831 2689/6375/2689
f 2710/6477/2710 2824/6537/2824 2820/6358/2820
f 2647/6115/2647 3046/6109/3046 2646/5767/2646
vt 0.620585 0.740106
f 2798/6241/2798 2753/6594/2753 2761/6451/2761
vt 0.838143 0.047557
vt 0.841327 0.049034
vt 0.841145 0.051187
f 2775/6595/2775 2813/6596/2813 2662/6597/2662
f 2234/5240/2234 2985/6420/2985 2340/5526/2340
f 2653/4703/2653 2748/6436/2748 2078/4946/2078
f 2763/6535/2763 2692/6371/2692 2762/6450/2762
vt 0.118132 0.318418
vt 0.117469 0.324785
f 2794/6598/2794 2778/6599/2778 2677/6325/2677
vt 0.281667 0.671452
f 2694/6388/2694 2690/6321/2690 2903/6600/2903
f 2716/5947/2716 2853/6396/2853 2707/6285/2707
vt 0.422625 0.722207
f 2839/6447/2839 2715/6497/2715 2807/6601/2807
vt 0.787340 0.909074
f 2404/5488/2404 2534/4817/2534 2861/6602/2861
vt 0.724587 0.340036
f 2789/6513/2789 2597/6512/2597 2876/6603/2876
f 2731/6479/2731 2404/5488/2404 2861/6602/2861
vt 0.432738 0.729032
f 2696/6414/2696 2819/6604/2819 2786/6504/2786
vt 0.436319 0.730563
f 2696/6414/2696 2747/6605/2747 2819/6604/2819
vt 0.645846 0.461672
f 2749/6476/2749 2659/6526/2659 2795/6606/2795
vt 0.838127 0.606620
vt 0.845076 0.606792
f 2651/6607/2651 2874/6608/2874 2767/6082/2767
vt 0.072703 0.128678
vt 0.074883 0.131429
vt 0.072466 0.129502
f 2756/6609/2756 2796/6610/2796 2864/6611/2864
vt 0.237861 0.569913
f 3031/6612/3031 2640/6337/2640 2748/6436/2748
vt 0.035905 0.062134
vt 0.036328 0.066304
vt 0.032938 0.063153
f 2747/6613/2747 2758/6614/2758 2809/6615/2809
vt 0.267280 0.692181
f 2801/6616/2801 2706/6397/2706 2687/6395/2687
vt 0.739683 0.304650
f 2714/6547/2714 2799/6545/2799 2842/6617/2842
f 2849/6275/2849 2767/6082/2767 2874/6608/2874
vt 0.372597 0.760250
f 2918/6618/2918 2683/5968/2683 2684/6335/2684
f 2536/5995/2536 3045/6592/3045 2402/5944/2402
vt 0.745721 0.311480
vt 0.744319 0.311744
f 2799/6545/2799 2723/6619/2723 2782/6620/2782
vt 0.064698 0.229686
f 2728/6470/2728 2726/6472/2726 2860/6621/2860
vt 0.482517 0.312533
vt 0.477570 0.306984
vt 0.479676 0.308093
f 2784/6622/2784 2833/6623/2833 2347/6624/2347
vt 0.650078 0.526635
vt 0.645818 0.529896
f 2547/6625/2547 2628/5943/2628 2834/6626/2834
vt 0.559540 0.904071
vt 0.551285 0.900749
f 2827/6627/2827 2770/6628/2770 2768/5983/2768
vt 0.529297 0.722891
f 2776/6515/2776 2788/6516/2788 2882/6629/2882
vt 0.091578 0.969928
f 2499/5913/2499 2743/6425/2743 2850/6630/2850
vt 0.550048 0.909523
f 2637/6523/2637 2708/6525/2708 2785/6631/2785
vt 0.565672 0.899962
f 2776/6569/2776 2870/6632/2870 2768/5983/2768
vt 0.890173 0.459326
f 2708/6554/2708 2770/6221/2770 2805/6633/2805
vt 0.732059 0.892620
f 2769/6634/2769 2854/6481/2854 2607/6480/2607
vt 0.539030 0.427202
vt 0.537020 0.430226
vt 0.537882 0.426248
f 2649/6635/2649 2720/6636/2720 2844/6637/2844
f 2619/6214/2619 2660/5171/2660 3031/6191/3031
vt 0.075407 0.936505
f 2909/6638/2909 2630/6247/2630 2583/6158/2583
vt 0.603299 0.735381
f 2772/5993/2772 2738/5914/2738 2810/6639/2810
vt 0.253027 0.713403
f 2751/6640/2751 2752/6463/2752 2825/6314/2825
vt 0.934099 0.073035
vt 0.940908 0.072647
vt 0.936379 0.075086
f 2778/6641/2778 2838/6642/2838 2691/6643/2691
vt 0.156197 0.458110
f 3095/6644/3095 3177/5956/3177 2387/5958/2387
vt 0.149698 0.440516
vt 0.141735 0.435358
vt 0.148923 0.437308
f 2673/6645/2673 2976/6646/2976 2757/6647/2757
vt 0.329265 0.265094
f 2691/6520/2691 2677/6519/2677 2778/6648/2778
f 2677/6325/2677 2703/6457/2703 2794/6598/2794
vt 0.928672 0.163436
f 2704/6577/2704 2794/6649/2794 2703/6576/2703
vt 0.425195 0.720874
f 2780/6650/2780 2807/6601/2807 2715/6497/2715
f 3008/6359/3008 2621/5451/2621 2175/5044/2175
vt 0.661703 0.117878
vt 0.664039 0.122725
vt 0.660945 0.121710
f 2723/6651/2723 2756/6652/2756 2808/6653/2808
f 2850/6630/2850 2743/6425/2743 2779/6243/2779
vt 0.439811 0.324402
vt 0.437849 0.320632
f 2780/6501/2780 2786/6654/2786 2807/6655/2807
vt 0.839856 0.523364
vt 0.843023 0.525530
vt 0.836966 0.529365
f 2595/6656/2595 3142/6657/3142 3092/6658/3092
vt 0.749935 0.984285
f 2912/6431/2912 2704/6659/2704 2605/6311/2605
vt 0.562978 0.146444
f 2669/6489/2669 2733/6491/2733 2804/6660/2804
f 2672/6157/2672 2499/5913/2499 2850/6630/2850
vt 0.636652 0.219692
vt 0.637034 0.222725
vt 0.633460 0.221830
f 2840/6661/2840 2761/6662/2761 2753/6663/2753
vt 0.841306 0.518677
vt 0.845106 0.519970
f 2595/6656/2595 2783/6664/2783 3144/6665/3144
vt 0.974460 0.450590
f 3028/6331/3028 3144/6666/3144 2783/5501/2783
vt 0.231326 0.557693
f 2748/6436/2748 2653/4703/2653 3452/6667/3452
f 2927/6584/2927 2752/6463/2752 2751/6640/2751
vt 0.432965 0.732610
f 2819/6604/2819 2747/6605/2747 2809/6668/2809
vt 0.736870 0.298646
vt 0.739148 0.299045
vt 0.737893 0.300986
f 2860/6669/2860 2726/6670/2726 2766/6671/2766
vt 0.426055 0.505935
f 2734/6352/2734 2790/6521/2790 2777/6672/2777
vt 0.033287 0.065153
f 2809/6615/2809 2758/6614/2758 2800/6673/2800
vt 0.618427 0.921907
vt 0.618582 0.923213
f 2652/6567/2652 3253/6674/3253 2298/6675/2298
vt 0.886311 0.459144
f 2785/6676/2785 2708/6554/2708 2805/6633/2805
f 2885/6517/2885 2909/6638/2909 2583/6158/2583
f 2875/6573/2875 2773/6421/2773 2765/6581/2765
vt 0.238470 0.722049
f 2825/6314/2825 2630/6459/2630 2929/6677/2929
vt 0.542488 0.419033
vt 0.534542 0.418809
vt 0.541111 0.414127
f 2705/6678/2705 2781/6679/2781 2765/6680/2765
vt 0.538842 0.421608
f 2844/6681/2844 2781/6679/2781 2705/6678/2705
vt 0.101741 0.062848
vt 0.102067 0.066762
vt 0.099490 0.063571
f 2831/6682/2831 2750/6683/2750 2689/6684/2689
vt 0.275616 0.677134
f 2690/6321/2690 2889/6530/2889 2921/6685/2921
vt 0.643008 0.459882
f 2813/6686/2813 2795/6606/2795 2659/6526/2659
vt 0.966148 0.167011
f 2831/6593/2831 2691/6443/2691 2838/6687/2838
vt 0.741778 0.935007
f 2775/6487/2775 2724/6262/2724 2812/6688/2812
vt 0.397375 0.694254
vt 0.395951 0.694897
f 2844/6510/2844 2720/6689/2720 2826/6690/2826
vt 0.077229 0.068131
vt 0.076593 0.064210
vt 0.080571 0.064154
f 2591/6691/2591 2791/6692/2791 2815/6693/2815
vt 0.030884 0.586397
vt 0.027894 0.585692
f 2815/6694/2815 2791/6495/2791 2848/6695/2848
f 2688/6441/2688 2635/6390/2635 2854/6481/2854
vt 0.399673 0.697522
vt 0.399678 0.700564
f 2720/6696/2720 2700/6404/2700 2907/6697/2907
vt 0.402915 0.703753
f 2829/6698/2829 2907/6697/2907 2700/6404/2700
vt 0.838288 0.596703
f 2936/6699/2936 2754/6277/2754 2763/6535/2763
f 2832/6444/2832 2754/6277/2754 2936/6699/2936
vt 0.191916 0.320704
vt 0.197346 0.320106
vt 0.193546 0.322441
f 2860/6700/2860 2793/6701/2793 2728/6702/2728
vt 0.724584 0.699778
f 3038/6703/3038 2736/6216/2736 2707/6285/2707
vt 0.412912 0.712838
vt 0.416325 0.711118
f 2839/6447/2839 2828/6704/2828 2791/6705/2791
vt 0.406615 0.703603
f 2700/6404/2700 2830/6706/2830 2829/6698/2829
vt 0.782314 0.097684
vt 0.785910 0.095107
vt 0.789837 0.098736
f 2746/6707/2746 2857/6708/2857 2762/6709/2762
vt 0.418411 0.720094
f 2839/6447/2839 2807/6601/2807 2872/6710/2872
vt 0.028308 0.581794
f 2830/6563/2830 2815/6455/2815 2891/6711/2891
vt 0.645860 0.545818
vt 0.639469 0.544553
f 2896/6712/2896 2898/6713/2898 2628/5943/2628
vt 0.295978 0.653264
vt 0.292442 0.656585
f 2808/6714/2808 2756/6393/2756 2864/6715/2864
vt 0.437320 0.327509
vt 0.434908 0.323768
f 2786/6654/2786 2819/6716/2819 2863/6717/2863
vt 0.698580 0.708400
f 2725/6036/2725 2837/6434/2837 2836/6718/2836
vt 0.639595 0.217341
vt 0.637350 0.216902
f 2764/6719/2764 2840/6661/2840 2817/6720/2817
vt 0.438543 0.737303
f 2758/6511/2758 2789/6454/2789 2800/6721/2800
vt 0.552474 0.906686
vt 0.554508 0.903095
vt 0.554537 0.905445
f 2805/6722/2805 2770/6723/2770 2811/6724/2811
vt 0.413250 0.710422
f 2848/6725/2848 2791/6705/2791 2828/6704/2828
vt 0.583501 0.736253
f 2631/6306/2631 2772/5993/2772 2983/6726/2983
f 2822/6585/2822 2631/6306/2631 2983/6726/2983
vt 0.727175 0.338462
f 2597/6512/2597 2865/6727/2865 2876/6603/2876
vt 0.542484 0.910033
f 2790/6728/2790 2637/6523/2637 2785/6631/2785
vt 0.524901 0.717941
f 2870/6729/2870 2776/6515/2776 2882/6629/2882
vt 0.423861 0.510593
f 2734/6352/2734 2777/6672/2777 2845/6730/2845
f 2812/6688/2812 2724/6262/2724 2760/6300/2760
vt 0.489418 0.055555
vt 0.493064 0.055519
vt 0.492308 0.058531
f 2905/6731/2905 2765/6732/2765 2781/6733/2781
vt 0.545764 0.723277
f 2669/6188/2669 2804/6734/2804 2788/6516/2788
vt 0.266391 0.688230
f 2889/6530/2889 2706/6397/2706 2957/6735/2957
f 2921/6685/2921 2903/6600/2903 2690/6321/2690
vt 0.323415 0.232947
vt 0.324309 0.236772
f 2774/6580/2774 2814/6736/2814 2798/6737/2798
vt 0.536380 0.372158
vt 0.534962 0.371805
f 2746/6738/2746 2735/6571/2735 2847/6739/2847
f 2875/6573/2875 2847/6739/2847 2735/6571/2735
vt 0.405628 0.707183
f 2891/6740/2891 2829/6698/2829 2830/6706/2830
vt 0.637083 0.455443
vt 0.640653 0.457838
vt 0.636894 0.458188
f 2812/6741/2812 2813/6742/2813 2775/6743/2775
f 2891/6711/2891 2815/6455/2815 2848/6695/2848
vt 0.040033 0.551217
vt 0.040738 0.553397
vt 0.038636 0.553018
f 2875/6744/2875 2765/6745/2765 2859/6746/2859
vt 0.389135 0.349668
vt 0.388594 0.344871
vt 0.395328 0.348227
f 2878/6747/2878 2764/6748/2764 2817/6749/2817
vt 0.243173 0.729281
f 2929/6677/2929 2630/6459/2630 2909/6750/2909
vt 0.386289 0.349350
f 2810/6751/2810 2764/6748/2764 2878/6747/2878
vt 0.567966 0.728632
f 2771/6752/2771 2732/6424/2732 2822/6585/2822
vt 0.081631 0.953162
f 2823/6198/2823 2672/6157/2672 2821/6753/2821
vt 0.301262 0.649197
vt 0.301243 0.653411
f 2782/6754/2782 2723/6755/2723 2808/6714/2808
vt 0.446719 0.743018
vt 0.441887 0.743508
f 2789/6454/2789 2876/6756/2876 2886/6757/2886
vt 0.449366 0.895662
vt 0.443452 0.895565
vt 0.447626 0.892649
f 2854/6758/2854 2769/6759/2769 2871/6760/2871
vt 0.532358 0.428340
vt 0.531244 0.432033
f 2826/6761/2826 2720/6553/2720 2907/6762/2907
f 1802/4036/1802 3050/6225/3050 3046/6109/3046
vt 0.442781 0.890660
f 2806/6763/2806 2871/6760/2871 2769/6759/2769
vt 0.371413 0.766473
f 2683/5968/2683 2894/6764/2894 2985/6420/2985
vt 0.550619 0.727328
f 2733/6591/2733 2895/6401/2895 2897/6765/2897
vt 0.368120 0.477094
vt 0.361060 0.476905
vt 0.360037 0.473375
f 2897/6766/2897 2804/6767/2804 2733/6768/2733
vt 0.043387 0.978139
f 3095/6339/3095 2347/4642/2347 2833/6769/2833
vt 0.748387 0.949859
f 2843/6770/2843 2824/6537/2824 2749/6536/2749
vt 0.314011 0.641793
vt 0.311552 0.644810
vt 0.308147 0.641253
f 2766/6771/2766 2842/6772/2842 2919/6773/2919
vt 0.313589 0.640761
f 2919/6773/2919 2860/6774/2860 2766/6771/2766
vt 0.121031 0.320163
f 2887/6775/2887 2778/6599/2778 2794/6598/2794
vt 0.932075 0.070833
vt 0.935833 0.070413
f 2778/6641/2778 2887/6776/2887 2881/6777/2881
f 2784/5272/2784 2178/5452/2178 2611/6178/2611
vt 0.039881 0.970527
f 2611/6178/2611 2880/6778/2880 2784/5272/2784
vt 0.717765 0.702453
f 2707/6285/2707 2853/6396/2853 2931/6779/2931
vt 0.490044 0.175965
vt 0.485197 0.173974
vt 0.493482 0.172433
f 2753/6780/2753 2798/6781/2798 2814/6782/2814
f 2683/5968/2683 2918/6618/2918 2894/6764/2894
vt 0.925177 0.164281
f 2846/6783/2846 2794/6649/2794 2704/6577/2704
f 2801/6616/2801 2957/6735/2957 2706/6397/2706
f 2725/6036/2725 2836/6718/2836 2853/6396/2853
vt 0.256251 0.696495
f 2687/6395/2687 2927/6584/2927 2868/6784/2868
vt 0.556395 0.902967
vt 0.556859 0.905027
f 2770/6785/2770 2827/6627/2827 2811/6786/2811
vt 0.789030 0.095215
vt 0.788375 0.094043
f 2762/6787/2762 2857/6708/2857 2856/6788/2856
vt 0.025181 0.592789
vt 0.023315 0.590837
vt 0.027634 0.588987
f 2839/6789/2839 2904/6790/2904 2828/6791/2828
vt 0.406617 0.324363
f 3049/6792/3049 2940/6430/2940 2435/5691/2435
vt 0.537331 0.413322
vt 0.538869 0.411662
f 2765/6680/2765 2905/6793/2905 2859/6794/2859
vt 0.435823 0.322002
f 2807/6655/2807 2786/6654/2786 2863/6795/2863
vt 0.741965 0.908504
f 2841/6796/2841 2816/6367/2816 2688/6441/2688
vt 0.531657 0.423859
f 2781/6679/2781 2844/6681/2844 2979/6797/2979
vt 0.393655 0.695664
vt 0.391343 0.694592
vt 0.392773 0.690875
f 2826/6798/2826 2979/6799/2979 2844/6800/2844
vt 0.265825 0.692405
f 2801/6801/2801 2687/6395/2687 2868/6784/2868
vt 0.164195 0.502740
vt 0.170287 0.502398
f 2948/6802/2948 2851/6803/2851 2552/5834/2552
vt 0.840656 0.096132
vt 0.838139 0.097524
vt 0.841242 0.093798
f 2842/6804/2842 2799/6805/2799 2965/6806/2965
vt 0.432825 0.741202
f 2800/6721/2800 2920/6807/2920 2809/6668/2809
vt 0.077495 0.949450
f 2902/6808/2902 2823/6198/2823 2821/6753/2821
f 2885/6517/2885 2823/6198/2823 2902/6808/2902
f 2800/6721/2800 2789/6454/2789 2886/6757/2886
vt 0.742786 0.945609
f 2795/6809/2795 2843/6770/2843 2749/6536/2749
vt 0.747749 0.933927
f 2812/6688/2812 2760/6300/2760 2981/6810/2981
vt 0.743509 0.941628
f 2813/6811/2813 2843/6770/2843 2795/6809/2795
f 2559/5498/2559 2792/6080/2792 2011/4719/2011
vt 0.239381 0.714836
f 3059/6812/3059 2825/6314/2825 2929/6677/2929
vt 0.315710 0.230386
f 2728/6579/2728 2793/6813/2793 2774/6580/2774
vt 0.344824 0.713047
vt 0.347846 0.716356
f 3127/6814/3127 3045/6815/3045 2536/5995/2536
vt 0.967837 0.165170
f 2838/6687/2838 2855/6816/2855 2831/6593/2831
f 2838/6642/2838 2778/6641/2778 2881/6777/2881
vt 0.686814 0.710682
f 2837/6434/2837 2734/6433/2734 3135/6817/3135
vt 0.834552 0.589827
f 2856/6818/2856 2763/6535/2763 2762/6450/2762
vt 0.207756 0.321902
vt 0.204572 0.322063
vt 0.201991 0.316769
f 2814/6819/2814 2774/6820/2774 2990/6821/2990
vt 0.023934 0.594950
f 2904/6790/2904 2839/6789/2839 2872/6822/2872
vt 0.292074 0.661404
f 2694/6388/2694 2864/6715/2864 2796/6823/2796
vt 0.022943 0.598064
vt 0.022288 0.600482
vt 0.021128 0.599754
f 2872/6824/2872 2807/6825/2807 2866/6826/2866
vt 0.043130 0.365068
vt 0.044799 0.362658
vt 0.045593 0.365060
f 2891/6827/2891 2934/6828/2934 2829/6829/2829
vt 0.367287 0.671178
vt 0.371547 0.672588
vt 0.366005 0.674194
f 2856/6830/2856 2857/6831/2857 2915/6832/2915
vt 0.374181 0.677172
f 2915/6832/2915 2857/6831/2857 2847/6833/2847
vt 0.630920 0.215034
vt 0.635966 0.216287
f 2852/6834/2852 2817/6835/2817 2840/6661/2840
vt 0.548870 0.350253
vt 0.543629 0.348636
f 2730/6590/2730 2797/6836/2797 2917/6837/2917
vt 0.426636 0.728279
vt 0.422194 0.728080
f 2863/6838/2863 2866/6839/2866 2807/6601/2807
vt 0.546031 0.352128
f 2917/6837/2917 2797/6836/2797 2835/6840/2835
vt 0.296994 0.649087
f 2782/6754/2782 2808/6714/2808 3026/6841/3026
vt 0.504498 0.255239
vt 0.504266 0.259461
f 2750/6842/2750 2877/6843/2877 2835/6587/2835
vt 0.328986 0.155413
vt 0.327132 0.157969
vt 0.326109 0.156113
f 2855/6844/2855 2750/6845/2750 2831/6846/2831
vt 0.593102 0.740015
f 2772/5993/2772 2810/6639/2810 2951/6847/2951
vt 0.090620 0.980973
f 2850/6630/2850 2779/6243/2779 2942/6848/2942
vt 0.518501 0.008355
vt 0.518512 0.011011
vt 0.516132 0.009827
f 2863/6849/2863 2819/6850/2819 2809/6851/2809
f 2619/6214/2619 2896/6712/2896 2628/5943/2628
vt 0.332046 0.161208
f 2877/6852/2877 2750/6845/2750 2855/6844/2855
vt 0.301215 0.644424
f 2965/6853/2965 2919/6773/2919 2842/6772/2842
vt 0.220829 0.555897
f 2653/4703/2653 2890/5624/2890 2972/6854/2972
vt 0.567130 0.732022
f 2955/6855/2955 2771/6752/2771 2822/6585/2822
vt 0.047201 0.894507
vt 0.051937 0.897583
vt 0.047416 0.898083
f 2957/6856/2957 2801/6857/2801 2883/6858/2883
f 2751/6640/2751 2825/6314/2825 3059/6812/3059
vt 0.041875 0.881994
vt 0.039111 0.879478
vt 0.039030 0.874463
f 2921/6859/2921 2899/6860/2899 2903/6861/2903
vt 0.640869 0.457879
vt 0.639385 0.455243
f 2813/6862/2813 2812/6741/2812 2954/6863/2954
vt 0.361003 0.769691
f 2340/5526/2340 2985/6420/2985 3063/6864/3063
f 2719/6405/2719 2736/6216/2736 3038/6703/3038
vt 0.540483 0.958710
f 2717/6271/2717 3016/6865/3016 2721/4964/2721
f 2827/6627/2827 2768/5983/2768 2870/6632/2870
vt 0.735038 0.553022
f 3306/6383/3306 2641/6382/2641 2858/6866/2858
f 2931/6779/2931 3038/6703/3038 2707/6285/2707
vt 0.747131 0.923380
f 2760/6300/2760 2816/6367/2816 2873/6867/2873
vt 0.428283 0.503548
f 2790/6521/2790 2999/6868/2999 2777/6672/2777
f 3135/6817/3135 2836/6718/2836 2837/6434/2837
vt 0.684638 0.715013
f 2734/6433/2734 2911/6869/2911 3135/6817/3135
vt 0.422330 0.516054
f 2911/6870/2911 2734/6352/2734 2845/6730/2845
vt 0.787098 0.933584
f 3241/6871/3241 2646/5767/2646 3046/6109/3046
vt 0.530634 0.434381
vt 0.529452 0.433378
f 2907/6762/2907 2829/6872/2829 2934/6873/2934
vt 0.498044 0.172228
f 2814/6782/2814 3036/6874/3036 2753/6780/2753
f 2972/6854/2972 3452/6667/3452 2653/4703/2653
f 2753/6663/2753 2852/6834/2852 2840/6661/2840
vt 0.378466 0.680903
vt 0.379510 0.679238
vt 0.380986 0.682545
f 2914/6875/2914 2875/6876/2875 2859/6877/2859
vt 0.374332 0.677316
vt 0.376097 0.681440
f 2847/6878/2847 2875/6876/2875 2914/6879/2914
vt 0.409393 0.710130
vt 0.405163 0.712121
f 2891/6740/2891 2848/6880/2848 2994/6881/2994
vt 0.516680 0.754801
f 2926/6555/2926 1969/4626/1969 3304/6882/3304
vt 0.769179 0.841442
f 3424/6883/3424 3049/6215/3049 2729/5689/2729
vt 0.848520 0.600048
f 2832/6444/2832 3140/6884/3140 2651/6496/2651
vt 0.603063 0.739311
vt 0.599300 0.739432
f 2810/6639/2810 2878/6885/2878 2867/6886/2867
vt 0.746710 0.165410
vt 0.752542 0.167198
vt 0.739785 0.171060
f 2874/6887/2874 2651/6888/2651 3140/6889/3140
f 2951/6847/2951 2810/6639/2810 2867/6886/2867
vt 0.831874 0.093085
vt 0.836450 0.092241
vt 0.836153 0.097243
f 2782/6890/2782 2965/6891/2965 2799/6892/2799
vt 0.769034 0.848101
f 3589/6893/3589 2729/5689/2729 2125/4931/2125
vt 0.517303 0.007563
f 2863/6849/2863 2809/6851/2809 2893/6894/2893
vt 0.082081 0.961753
f 2821/6753/2821 2672/6157/2672 2953/6895/2953
vt 0.429412 0.737380
f 2920/6807/2920 2977/6896/2977 2809/6668/2809
vt 0.575964 0.738494
f 2822/6585/2822 2983/6726/2983 2923/6897/2923
vt 0.024979 0.587018
f 2848/6695/2848 2828/6791/2828 2869/6898/2869
f 2869/6898/2869 2828/6791/2828 2904/6790/2904
vt 0.856467 0.619108
f 2670/6387/2670 2849/6275/2849 2802/6899/2802
vt 0.735257 0.697268
f 2719/6405/2719 2900/6900/2900 2806/6568/2806
vt 0.730494 0.695512
f 2900/6900/2900 2719/6405/2719 2956/6901/2956
vt 0.543602 0.914825
f 2790/6728/2790 2785/6631/2785 2999/6902/2999
f 2865/6589/2865 2730/6590/2730 2917/6837/2917
vt 0.748052 0.939443
f 2954/6903/2954 2812/6688/2812 2981/6810/2981
vt 0.926168 0.162695
f 2846/6783/2846 2887/6904/2887 2794/6649/2794
f 2983/6726/2983 2772/5993/2772 2951/6847/2951
vt 0.198814 0.388114
f 3253/6538/3253 2439/6905/2439 2741/6539/2741
vt 0.166703 0.510793
vt 0.159158 0.513355
vt 0.157856 0.507237
f 2547/6906/2547 2834/6907/2834 3555/6908/3555
vt 0.192360 0.319161
vt 0.196494 0.317546
f 2793/6701/2793 2860/6909/2860 2975/6910/2975
f 2552/5834/2552 2547/6906/2547 3555/6908/3555
vt 0.320123 0.229931
f 2990/6911/2990 2774/6580/2774 2793/6813/2793
vt 0.042626 0.541566
vt 0.039741 0.546599
f 2857/6912/2857 2746/6548/2746 2847/6913/2847
vt 0.836497 0.593559
f 2763/6535/2763 2908/6914/2908 2936/6699/2936
vt 0.835614 0.591936
f 2908/6914/2908 2763/6535/2763 2910/6915/2910
f 2856/6818/2856 2910/6915/2910 2763/6535/2763
vt 0.241151 0.572226
vt 0.245315 0.570007
f 2619/6916/2619 3031/6612/3031 3055/6917/3055
vt 0.285316 0.656717
f 2694/6388/2694 3014/6918/3014 2864/6715/2864
f 2455/5011/2455 2667/6049/2667 2185/4285/2185
vt 0.411843 0.719126
vt 0.417556 0.720186
vt 0.415570 0.726968
f 2904/6919/2904 2872/6920/2872 2888/6921/2888
vt 0.400553 0.705407
vt 0.399138 0.709624
f 2934/6922/2934 2891/6740/2891 2996/6923/2996
vt 0.387155 0.355403
vt 0.390132 0.353229
f 2867/6924/2867 2878/6747/2878 2879/6925/2879
vt 0.408406 0.712137
f 2848/6880/2848 2869/6926/2869 2994/6881/2994
f 2866/6839/2866 2888/6921/2888 2872/6920/2872
f 2779/6243/2779 2802/6474/2802 2942/6848/2942
vt 0.532091 0.076283
vt 0.528665 0.076988
vt 0.528067 0.072234
f 2846/6927/2846 2704/6928/2704 2916/6929/2916
vt 0.382663 0.684773
vt 0.379727 0.685819
f 2859/6877/2859 2905/6930/2905 2928/6931/2928
vt 0.237403 0.025774
vt 0.238658 0.023261
vt 0.241427 0.025296
f 2755/6932/2755 3018/6933/3018 2455/6934/2455
vt 0.085164 0.969604
f 3001/6935/3001 2953/6895/2953 2850/6630/2850
f 2672/6157/2672 2850/6630/2850 2953/6895/2953
vt 0.862630 0.612289
f 2802/6899/2802 2849/6275/2849 2966/6936/2966
vt 0.411530 0.826352
vt 0.404094 0.826181
vt 0.409471 0.822811
f 2940/6937/2940 3307/6938/3307 2609/6939/2609
vt 0.534017 0.761866
f 2648/5852/2648 2926/6555/2926 2803/6940/2803
vt 0.529290 0.426438
f 2979/6797/2979 2826/6761/2826 2906/6941/2906
vt 0.342365 0.510883
vt 0.339238 0.514187
vt 0.339501 0.509312
f 2955/6942/2955 2991/6943/2991 2771/6944/2771
f 2813/6811/2813 2954/6903/2954 2843/6770/2843
vt 0.746622 0.930394
f 2981/6810/2981 2760/6300/2760 2973/6945/2973
vt 0.560907 0.731829
f 2895/6401/2895 2771/6486/2771 2991/6946/2991
vt 0.784682 0.905432
f 2925/6947/2925 2962/5980/2962 2731/6479/2731
vt 0.405281 0.822810
vt 0.407281 0.822372
f 3307/6938/3307 3028/6948/3028 2609/6949/2609
f 2800/6721/2800 2886/6757/2886 2920/6807/2920
vt 0.746710 0.928595
f 2760/6300/2760 2873/6867/2873 2973/6950/2973
vt 0.705728 0.703320
f 2931/6779/2931 2853/6396/2853 3040/6951/3040
vt 0.749091 0.914871
f 2816/6367/2816 2841/6796/2841 2974/6952/2974
vt 0.744997 0.902484
f 2688/6441/2688 2854/6481/2854 2970/6953/2970
f 2970/6953/2970 2841/6796/2841 2688/6441/2688
vt 0.507147 0.127364
vt 0.507418 0.122677
vt 0.510379 0.125706
f 2882/6954/2882 2788/6955/2788 3054/6956/3054
vt 0.365582 0.479209
f 2804/6767/2804 2897/6766/2897 2941/6957/2941
vt 0.730377 0.342684
f 2930/6958/2930 2876/6603/2876 2865/6727/2865
vt 0.756871 0.959574
f 2820/6358/2820 3023/6959/3023 2709/6428/2709
vt 0.730752 0.340486
f 2917/6960/2917 2930/6958/2930 2865/6727/2865
vt 0.755773 0.975693
f 2912/6431/2912 2709/6428/2709 2944/6961/2944
f 2975/6910/2975 2990/6821/2990 2793/6701/2793
vt 0.734573 0.887410
vt 0.744493 0.884966
vt 0.737805 0.892938
f 2806/6962/2806 3020/6963/3020 2871/6964/2871
vt 0.502594 0.076658
vt 0.508135 0.078360
vt 0.505418 0.080922
f 2871/6965/2871 2970/6966/2970 2854/6967/2854
vt 0.055393 0.991858
vt 0.053596 0.992572
f 2949/5800/2949 2952/6968/2952 2673/6969/2673
vt 0.522593 0.719749
vt 0.522365 0.724403
f 2870/6970/2870 2882/6629/2882 2968/6971/2968
f 2958/6236/2958 3304/6882/3304 1969/4626/1969
vt 0.426865 0.508982
f 2913/6972/2913 2845/6730/2845 2777/6672/2777
vt 0.741370 0.243147
vt 0.742542 0.240970
vt 0.745167 0.242661
f 2994/6973/2994 2869/6974/2869 2892/6975/2892
vt 0.023417 0.587403
f 2904/6790/2904 2892/6976/2892 2869/6898/2869
f 2559/5498/2559 2962/5980/2962 2792/6080/2792
f 2817/6749/2817 2879/6925/2879 2878/6747/2878
vt 0.548299 0.031168
vt 0.549092 0.028573
vt 0.550873 0.030812
f 2910/6977/2910 2856/6978/2856 2915/6979/2915
f 3040/6951/3040 2853/6396/2853 2836/6718/2836
vt 0.546555 0.729176
f 2788/6516/2788 2804/6734/2804 2941/6980/2941
vt 0.538809 0.729931
f 3044/6981/3044 2788/6516/2788 2941/6980/2941
vt 0.635926 0.538547
f 2628/5943/2628 2898/6713/2898 3121/6982/3121
vt 0.122650 0.481094
vt 0.118069 0.481552
vt 0.120527 0.480701
f 3010/6983/3010 2881/6984/2881 2887/6985/2887
vt 0.667641 0.049528
vt 0.667264 0.052395
vt 0.664183 0.050430
f 2846/6986/2846 3010/6987/3010 2887/6988/2887
vt 0.668769 0.051475
f 3010/6987/3010 2846/6986/2846 3071/6989/3071
vt 0.130964 0.476716
vt 0.127623 0.480363
vt 0.124528 0.478054
f 2916/6990/2916 3071/6991/3071 2846/6992/2846
f 2822/6585/2822 2923/6897/2923 2955/6855/2955
vt 0.524950 0.071792
f 2912/6993/2912 2916/6929/2916 2704/6928/2704
vt 0.425082 0.729666
vt 0.424815 0.730620
f 2866/6839/2866 2863/6994/2863 2937/6995/2937
f 2956/6901/2956 2719/6405/2719 3038/6703/3038
vt 0.756182 0.980678
f 2912/6431/2912 2944/6961/2944 2916/6996/2916
vt 0.662069 0.142797
vt 0.659438 0.145396
vt 0.657876 0.140506
f 2893/6997/2893 2937/6998/2937 2863/6999/2863
vt 0.777309 0.872747
vt 0.782983 0.871074
f 3115/7000/3115 3032/5702/3032 2378/7001/2378
vt 0.786711 0.915440
f 2646/5767/2646 3080/7002/3080 2534/4817/2534
vt 0.736712 0.885796
f 3020/6963/3020 2806/6962/2806 2900/7003/2900
vt 0.427347 0.733420
f 2977/6896/2977 2893/7004/2893 2809/6668/2809
vt 0.021388 0.850922
vt 0.019083 0.846439
vt 0.021829 0.847302
f 3026/7005/3026 2965/7006/2965 2782/7007/2782
vt 0.854042 0.607326
f 2939/7008/2939 2849/6275/2849 2874/6608/2874
vt 0.635062 0.532248
f 3198/7009/3198 2628/5943/2628 3121/6982/3121
vt 0.568218 0.904528
vt 0.562036 0.904585
f 2870/6632/2870 2968/7010/2968 2827/7011/2827
vt 0.642882 0.527736
f 3198/7009/3198 2834/7012/2834 2628/5943/2628
vt 0.758243 0.964385
f 2922/7013/2922 2709/6428/2709 3023/6959/3023
vt 0.259850 0.689955
f 2801/6801/2801 2868/6784/2868 2883/7014/2883
vt 0.559422 0.909535
f 2811/6786/2811 2827/6627/2827 2884/7015/2884
f 3023/6959/3023 2820/6358/2820 2824/6537/2824
vt 0.370875 0.677941
f 2914/6879/2914 3006/7016/3006 2847/6878/2847
vt 0.725351 0.344584
f 2886/7017/2886 2876/6603/2876 2930/6958/2930
f 2816/6367/2816 2974/6952/2974 2873/6867/2873
f 2996/6923/2996 2891/6740/2891 2994/6881/2994
vt 0.264901 0.111173
vt 0.268220 0.109404
vt 0.273786 0.112342
f 2914/7018/2914 2859/7019/2859 2928/7020/2928
vt 0.754449 0.954688
f 3005/7021/3005 2824/6537/2824 2843/6770/2843
vt 0.541333 0.352900
f 2917/6837/2917 2835/6840/2835 2877/7022/2877
vt 0.266159 0.677229
f 2957/6735/2957 3015/7023/3015 2889/6530/2889
vt 0.531947 0.414097
f 2905/6793/2905 2781/6679/2781 2928/7024/2928
vt 0.275263 0.673649
vt 0.276489 0.670283
vt 0.278964 0.670648
f 2899/7025/2899 2901/7026/2901 2903/7027/2903
vt 0.619134 0.165903
vt 0.620282 0.171064
vt 0.609275 0.169946
f 2975/7028/2975 2860/7029/2860 3004/7030/3004
vt 0.425280 0.514622
f 2911/6870/2911 2845/6730/2845 2933/7031/2933
vt 0.174451 0.157781
vt 0.175945 0.158141
vt 0.173344 0.158672
f 2913/7032/2913 2933/7033/2933 2845/7034/2845
vt 0.625949 0.217753
f 2852/6834/2852 2753/6663/2753 3036/7035/3036
vt 0.437349 0.226001
vt 0.432909 0.229348
vt 0.433325 0.226474
f 2838/7036/2838 2946/7037/2946 2855/7038/2855
vt 0.333424 0.157752
f 2946/7039/2946 2877/6852/2877 2855/6844/2855
vt 0.145548 0.439814
f 2673/6645/2673 2952/7040/2952 2976/6646/2976
vt 0.209850 0.318411
f 2814/6819/2814 2990/6821/2990 3036/7041/3036
vt 0.077807 0.955425
f 2902/6808/2902 2821/6753/2821 2969/7042/2969
vt 0.526220 0.428293
f 2906/6941/2906 2826/6761/2826 2980/7043/2980
vt 0.528765 0.430782
f 2907/7044/2907 2980/7043/2980 2826/6761/2826
vt 0.245482 0.707548
f 2927/6584/2927 2751/6640/2751 2971/7045/2971
f 2915/6832/2915 2847/6878/2847 3006/7016/3006
vt 0.753468 0.935306
f 2981/6810/2981 3074/7046/3074 2954/6903/2954
vt 0.546020 0.031037
vt 0.547030 0.033276
f 2908/7047/2908 2910/6977/2910 2936/7048/2936
vt 0.281078 0.662574
vt 0.279381 0.665196
f 2935/7049/2935 2694/6388/2694 2903/7050/2903
f 2824/6537/2824 3005/7021/3005 3023/6959/3023
vt 0.842256 0.597174
f 2832/6444/2832 2936/6699/2936 2938/7051/2938
vt 0.845363 0.523384
f 3404/7052/3404 3142/6657/3142 2595/6656/2595
f 3144/6665/3144 3404/7052/3404 2595/6656/2595
vt 0.342691 0.515716
f 2991/6943/2991 2955/6942/2955 3129/7053/3129
vt 0.737877 0.481650
vt 0.733339 0.479712
vt 0.738383 0.479013
f 2981/7054/2981 2973/7055/2973 3021/7056/3021
vt 0.746111 0.031144
vt 0.749954 0.028399
vt 0.748133 0.032166
f 2860/7057/2860 2919/7058/2919 3004/7059/3004
vt 0.552717 0.729972
vt 0.554416 0.733402
f 2897/7060/2897 2895/6401/2895 3017/7061/3017
vt 0.238651 0.735425
vt 0.236326 0.739680
vt 0.232279 0.727963
f 2885/7062/2885 2902/7063/2902 2967/7064/2967
vt 0.085637 0.974510
f 3001/6935/3001 2850/6630/2850 2986/7065/2986
f 2909/6750/2909 2885/7062/2885 2967/7064/2967
f 2751/6640/2751 3059/6812/3059 2971/7045/2971
f 2967/7064/2967 2929/6677/2929 2909/6750/2909
vt 0.355137 0.768576
vt 0.360274 0.770017
f 2666/7066/2666 2340/5526/2340 3063/7067/3063
vt 0.077910 0.956170
f 2821/6753/2821 2953/6895/2953 2969/7068/2969
vt 0.436313 0.742523
f 2920/6807/2920 2886/6757/2886 3034/7069/3034
vt 0.236055 0.739889
vt 0.230706 0.746237
vt 0.227331 0.741067
f 2902/7070/2902 2969/7071/2969 3083/7072/3083
vt 0.271825 0.113767
f 2914/7018/2914 2928/7020/2928 2992/7073/2992
vt 0.533064 0.727058
f 3054/7074/3054 2788/6516/2788 3044/6981/3044
vt 0.905932 0.071953
vt 0.911439 0.069141
vt 0.911326 0.074674
f 3038/7075/3038 2931/7076/2931 3048/7077/3048
vt 0.680027 0.709782
f 3135/6817/3135 2911/6869/2911 2964/7078/2964
vt 0.444262 0.226914
vt 0.442745 0.222892
f 2961/7079/2961 2838/7036/2838 2881/7080/2881
vt 0.117873 0.485560
f 3010/6983/3010 2961/7081/2961 2881/6984/2881
vt 0.366181 0.729979
f 2959/7082/2959 3276/6348/3276 2787/5949/2787
vt 0.713925 0.699270
f 3030/7083/3030 2931/6779/2931 3040/6951/3040
vt 0.273410 0.676991
f 2889/6530/2889 3015/7023/3015 2921/7084/2921
vt 0.445720 0.750944
vt 0.445100 0.748174
vt 0.450646 0.749142
f 2993/7085/2993 2930/7086/2930 2917/7087/2917
vt 0.174604 0.154505
vt 0.179025 0.155062
f 2933/7033/2933 2913/7088/2913 2982/7089/2982
vt 0.894420 0.460015
vt 0.892385 0.462630
f 2805/6633/2805 2811/7090/2811 2884/7091/2884
vt 0.271631 0.670908
f 2899/7025/2899 3173/7092/3173 2901/7026/2901
vt 0.430621 0.506023
f 2950/7093/2950 2777/6672/2777 2999/6868/2999
vt 0.429257 0.506605
f 2913/7094/2913 2777/6672/2777 2950/7093/2950
vt 0.036396 0.874221
vt 0.032330 0.874055
vt 0.026358 0.869915
f 2903/7095/2903 2901/7096/2901 2935/7097/2935
vt 0.409543 0.721375
f 2888/6921/2888 3061/7098/3061 2904/6919/2904
vt 0.840430 0.590696
vt 0.838191 0.592806
f 2915/7099/2915 2936/6699/2936 2910/7100/2910
f 2694/6388/2694 2935/7049/2935 3014/6918/3014
vt 0.123307 0.488492
f 3010/6983/3010 2978/7101/2978 2961/7081/2961
vt 0.368424 0.676562
f 2915/6832/2915 3006/7016/3006 3081/7102/3081
vt 0.666273 0.053585
vt 0.667408 0.053584
f 2978/7103/2978 3010/6987/3010 3091/7104/3091
f 2939/7008/2939 2966/6936/2966 2849/6275/2849
vt 0.179339 0.436164
vt 0.178869 0.434546
vt 0.186308 0.435041
f 2867/7105/2867 2879/7106/2879 3180/7107/3180
vt 0.397464 0.352450
vt 0.399745 0.349163
f 3079/7108/3079 2817/6749/2817 2852/7109/2852
f 2942/6848/2942 2986/7065/2986 2850/6630/2850
vt 0.291783 0.649665
f 3014/6918/3014 3026/7110/3026 2864/6715/2864
vt 0.759901 0.977466
f 2916/6996/2916 2944/6961/2944 2963/7111/2963
vt 0.525969 0.420990
f 3011/7112/3011 2781/6679/2781 2979/6797/2979
vt 0.268758 0.675746
f 3015/7023/3015 3173/7113/3173 2921/7084/2921
vt 0.036833 0.882326
vt 0.037848 0.883731
vt 0.030947 0.883234
f 2899/7114/2899 2921/7115/2921 3173/7116/3173
vt 0.247011 0.701841
f 2868/6784/2868 2927/6584/2927 3037/7117/3037
vt 0.475978 0.310431
f 2784/6622/2784 3418/7118/3418 2833/6623/2833
vt 0.049945 0.357805
vt 0.049145 0.362077
f 2980/7119/2980 2907/7120/2907 2934/6828/2934
vt 0.540276 0.350032
f 2917/6837/2917 2877/7022/2877 2943/7121/2943
vt 0.967855 0.366836
vt 0.969128 0.365428
vt 0.971009 0.367510
f 2993/7122/2993 2917/7123/2917 2943/7124/2943
vt 0.381699 0.749982
f 3276/6348/3276 3596/7125/3596 2684/6335/2684
f 2927/6584/2927 2971/7045/2971 3037/7117/3037
vt 0.744595 0.246455
f 2994/6973/2994 2892/6975/2892 3027/7126/3027
vt 0.436939 0.229942
f 2946/7037/2946 2838/7036/2838 3013/7127/3013
vt 0.564157 0.908270
f 2827/7011/2827 2968/7010/2968 2947/7128/2947
vt 0.755133 0.970038
vt 0.755833 0.973490
f 2945/7129/2945 2944/7130/2944 2709/6428/2709
vt 0.914074 0.072867
f 3048/7077/3048 2931/7076/2931 3030/7131/3030
vt 0.741168 0.883463
f 3020/6963/3020 2900/7003/2900 2956/7132/2956
vt 0.817762 0.553896
vt 0.811900 0.553010
f 3547/7133/3547 2717/7134/2717 2862/5003/2862
vt 0.745214 0.893994
f 3067/7135/3067 2871/6964/2871 3020/6963/3020
vt 0.886096 0.467091
f 2805/6633/2805 2884/7091/2884 3065/7136/3065
f 2805/6633/2805 3065/7136/3065 2785/6676/2785
vt 0.279173 0.356761
vt 0.278617 0.352179
vt 0.281494 0.354914
f 2911/7137/2911 2933/7138/2933 2924/7139/2924
vt 0.014039 0.592769
vt 0.020563 0.588150
f 3061/7140/3061 2892/7141/2892 2904/6790/2904
vt 0.438070 0.387748
vt 0.432832 0.387871
vt 0.437123 0.384893
f 2914/7142/2914 3007/7143/3007 3006/7144/3006
vt 0.617690 0.918358
f 2803/6566/2803 3253/7145/3253 2652/6567/2652
vt 0.842310 0.591857
f 2936/6699/2936 2915/7099/2915 3060/7146/3060
vt 0.376051 0.686740
vt 0.372255 0.683787
f 2992/7147/2992 3007/7148/3007 2914/6879/2914
vt 0.403124 0.714521
f 2996/6923/2996 2994/6881/2994 3027/7149/3027
f 2864/6715/2864 3026/7110/3026 2808/6714/2808
f 3140/6884/3140 2832/6444/2832 2938/7051/2938
vt 0.278450 0.359071
vt 0.281802 0.358178
vt 0.279007 0.359496
f 2911/7150/2911 3012/7151/3012 2964/7152/2964
vt 0.528371 0.425282
vt 0.527255 0.423954
f 2979/6797/2979 2906/7153/2906 3011/7154/3011
f 2924/7139/2924 3012/7151/3012 2911/7137/2911
vt 0.794314 0.958660
f 2851/6482/2851 3591/7155/3591 2293/4633/2293
vt 0.439409 0.746016
vt 0.438827 0.746422
f 2886/6757/2886 3136/7156/3136 3034/7157/3034
vt 0.368635 0.480859
vt 0.375386 0.478499
f 2941/7158/2941 2897/6766/2897 3017/7159/3017
vt 0.178656 0.161685
vt 0.181323 0.156742
f 2924/7160/2924 2933/7033/2933 2982/7161/2982
vt 0.398756 0.325062
f 3554/7162/3554 2940/6430/2940 3049/6792/3049
vt 0.729457 0.347431
vt 0.729405 0.345173
f 3136/7163/3136 2886/7017/2886 2930/7164/2930
f 2967/7064/2967 2902/7063/2902 3083/7072/3083
vt 0.278573 0.345009
vt 0.282955 0.345674
vt 0.279018 0.346933
f 2950/7165/2950 3000/7166/3000 2913/7167/2913
vt 0.438751 0.017682
vt 0.435332 0.016986
vt 0.438337 0.015389
f 2943/7168/2943 2877/7169/2877 2960/7170/2960
vt 0.334998 0.160195
f 3118/7171/3118 2877/6852/2877 2946/7039/2946
vt 0.200652 0.091585
vt 0.196995 0.089340
vt 0.200533 0.089007
f 2944/7172/2944 2945/7173/2945 3112/7174/3112
vt 0.146452 0.446075
f 2952/7040/2952 2949/5957/2949 3604/7175/3604
vt 0.016886 0.588420
vt 0.018807 0.587421
f 2997/7176/2997 3027/7177/3027 2892/7141/2892
f 2970/6953/2970 2871/6964/2871 3067/7135/3067
vt 0.758433 0.947791
f 2843/6770/2843 2954/6903/2954 3106/7178/3106
vt 0.479379 0.036096
vt 0.469067 0.035874
vt 0.471489 0.033805
f 3194/7179/3194 2990/7180/2990 2975/7181/2975
vt 0.501493 0.755463
vt 0.505083 0.751349
vt 0.502963 0.756004
f 3100/7182/3100 3176/7183/3176 2442/7184/2442
f 2879/6925/2879 2817/6749/2817 3079/7108/3079
f 3061/7140/3061 2997/7176/2997 2892/7141/2892
vt 0.939234 0.050691
vt 0.939633 0.048429
vt 0.941748 0.047896
f 3027/7185/3027 3155/7186/3155 2996/7187/2996
f 2936/6699/2936 3060/7146/3060 2938/7051/2938
f 2948/6802/2948 2552/5834/2552 3555/6908/3555
vt 0.078199 0.960049
vt 0.077958 0.964485
f 2969/7188/2969 2953/6895/2953 3161/7189/3161
vt 0.037807 0.023314
vt 0.033334 0.024584
vt 0.031002 0.021972
f 2906/7190/2906 3033/7191/3033 3011/7192/3011
vt 0.036292 0.025586
f 2980/7193/2980 3033/7191/3033 2906/7190/2906
f 3011/7112/3011 2928/7024/2928 2781/6679/2781
vt 0.393838 0.703917
f 2980/7194/2980 2934/6922/2934 2996/6923/2996
vt 0.091412 0.984773
f 2942/6848/2942 2802/6474/2802 3029/7195/3029
vt 0.422195 0.732951
f 2866/6839/2866 2937/7196/2937 2888/6921/2888
vt 0.012445 0.847834
f 2965/7006/2965 3026/7005/3026 3041/7197/3041
vt 0.442258 0.231337
f 2961/7079/2961 3105/7198/3105 2838/7036/2838
vt 0.393418 0.356007
f 2879/6925/2879 3079/7108/3079 3180/7199/3180
vt 0.015259 0.843180
vt 0.015770 0.844653
vt 0.012873 0.845098
f 2919/7200/2919 2965/7201/2965 3041/7202/3041
vt 0.351967 0.711781
f 3127/6814/3127 3534/7203/3534 3045/6815/3045
vt 0.402221 0.350175
f 3047/7204/3047 3079/7108/3079 2852/7109/2852
vt 0.382810 0.357784
vt 0.387956 0.358593
f 2951/7205/2951 2867/6924/2867 2987/7206/2987
vt 0.588464 0.742267
vt 0.593146 0.743234
f 2998/7207/2998 2951/6847/2951 2987/7208/2987
vt 0.182912 0.436336
f 2867/7105/2867 3180/7107/3180 2987/7209/2987
vt 0.265678 0.687055
vt 0.258144 0.684598
f 2957/7210/2957 2883/7014/2883 3093/7211/3093
vt 0.727104 0.550456
f 3306/6383/3306 3115/7212/3115 2378/6043/2378
f 2951/6847/2951 2998/7207/2998 2983/6726/2983
vt 0.379618 0.768812
f 2918/6618/2918 2988/7213/2988 2894/6764/2894
vt 0.197394 0.087334
f 3134/7214/3134 3112/7174/3112 2945/7173/2945
vt 0.049079 0.905980
vt 0.050181 0.915970
vt 0.044782 0.915320
f 2868/7215/2868 3037/7216/3037 3084/7217/3084
f 3017/7061/3017 2895/6401/2895 2991/6946/2991
vt 0.751014 0.931761
f 3021/7218/3021 3074/7046/3074 2981/6810/2981
vt 0.438191 0.748906
f 3136/7219/3136 2930/7086/2930 2993/7085/2993
vt 0.682747 0.703014
f 3135/6817/3135 2964/7078/2964 3174/7220/3174
f 2954/6903/2954 3074/7046/3074 3106/7178/3106
vt 0.752807 0.923559
f 3022/7221/3022 2973/6950/2973 2873/6867/2873
vt 0.626248 0.214354
f 2852/6834/2852 3036/7035/3036 3047/7222/3047
vt 0.435404 0.014692
f 3118/7223/3118 2960/7170/2960 2877/7169/2877
vt 0.251855 0.570478
vt 0.247217 0.572333
f 3110/7224/3110 2619/7225/2619 3055/6917/3055
vt 0.197101 0.551449
f 3300/5861/3300 3637/7226/3637 3178/5605/3178
vt 0.202931 0.204037
vt 0.201935 0.209111
vt 0.198926 0.209474
f 2827/7227/2827 2947/7228/2947 2884/7229/2884
vt 0.540590 0.920442
vt 0.549946 0.925128
f 2950/7230/2950 2999/6902/2999 3157/7231/3157
vt 0.725251 0.692046
f 2956/6901/2956 3038/6703/3038 3009/7232/3009
vt 0.648230 0.547989
f 2896/6712/2896 2619/6214/2619 3110/7233/3110
vt 0.287757 0.352384
vt 0.283264 0.354890
vt 0.286621 0.348952
f 3003/7234/3003 2924/7235/2924 2982/7236/2982
vt 0.513298 0.307514
vt 0.519544 0.307922
vt 0.517695 0.311060
f 3000/7237/3000 2950/7238/2950 3024/7239/3024
vt 0.289821 0.350634
f 3057/7240/3057 3003/7234/3003 2982/7236/2982
vt 0.610119 0.142549
vt 0.607300 0.142740
vt 0.607873 0.141372
f 3058/7241/3058 3057/7242/3057 2995/7243/2995
vt 0.288450 0.346963
f 3057/7240/3057 2982/7236/2982 2995/7244/2995
vt 0.285263 0.347718
f 2982/7245/2982 2913/7167/2913 3000/7166/3000
vt 0.440340 0.231026
f 3105/7198/3105 3013/7246/3013 2838/7036/2838
vt 0.416391 0.734226
f 3082/7247/3082 2888/6921/2888 2937/7196/2937
vt 0.749361 0.247164
vt 0.747640 0.249028
f 3027/7126/3027 2997/7248/2997 3090/7249/3090
vt 0.142598 0.432409
vt 0.146658 0.435465
f 3348/7250/3348 2757/7251/2757 2976/6646/2976
vt 0.289162 0.233962
vt 0.288702 0.230599
vt 0.295402 0.232135
f 3060/7252/3060 2915/7253/2915 3081/7254/3081
vt 0.749093 0.901679
f 2970/6953/2970 3067/7135/3067 3039/7255/3039
vt 0.420855 0.739707
f 2893/7004/2893 2977/6896/2977 3043/7256/3043
vt 0.583462 0.742134
f 2998/7207/2998 3114/7257/3114 2983/6726/2983
f 3640/5388/3640 3309/6540/3309 2604/4364/2604
vt 0.444397 0.751842
vt 0.442479 0.753045
f 2993/7085/2993 2943/7258/2943 3073/7259/3073
f 3043/7256/3043 2977/6896/2977 2920/6807/2920
vt 0.411607 0.728498
vt 0.409076 0.723965
f 2888/6921/2888 3042/7260/3042 3061/7261/3061
f 2974/6952/2974 2841/6796/2841 2970/6953/2970
vt 0.753674 0.911931
f 2974/6952/2974 2970/6953/2970 3076/7262/3076
vt 0.736552 0.474843
f 3021/7056/3021 2973/7055/2973 3002/7263/3002
vt 0.612476 0.164680
f 3004/7030/3004 3194/7264/3194 2975/7028/2975
vt 0.759855 0.029406
vt 0.755369 0.030928
f 3041/7265/3041 3004/7266/3004 2919/7058/2919
vt 0.544127 0.731078
f 2941/6980/2941 3123/7267/3123 3044/6981/3044
vt 0.038944 0.907990
f 3186/7268/3186 2868/7215/2868 3084/7217/3084
vt 0.377825 0.384411
vt 0.372995 0.381436
vt 0.377319 0.380829
f 3013/7269/3013 3118/7270/3118 2946/7271/2946
vt 0.204078 0.315249
vt 0.207907 0.313961
f 3036/7041/3036 2990/7272/2990 3068/7273/3068
vt 0.262858 0.680188
f 3015/7274/3015 2957/7210/2957 3093/7211/3093
vt 0.626807 0.538134
f 3192/7275/3192 3198/7009/3198 3121/6982/3121
f 2983/6726/2983 3114/7257/3114 2923/6897/2923
vt 0.623793 0.214496
f 3036/7035/3036 3162/7276/3162 3047/7222/3047
f 2721/4964/2721 3016/6865/3016 3582/5290/3582
vt 0.822157 0.549649
f 2667/6049/2667 3581/7277/3581 2862/5003/2862
vt 0.757323 0.975550
vt 0.759388 0.974517
f 2944/7278/2944 3112/7279/3112 2963/7111/2963
vt 0.564474 0.739295
f 2923/6897/2923 3128/7280/3128 2955/6855/2955
vt 0.560222 0.736116
f 3128/7280/3128 3129/7281/3129 2955/6855/2955
f 2945/7129/2945 2709/6428/2709 2922/7013/2922
vt 0.390720 0.704393
f 2980/7194/2980 2996/6923/2996 3078/7282/3078
vt 0.236830 0.023269
f 2755/6932/2755 3513/7283/3513 3018/6933/3018
vt 0.571134 0.910385
f 2968/7010/2968 3193/7284/3193 2947/7128/2947
vt 0.076531 0.972922
f 3001/6935/3001 2986/7065/2986 3263/7285/3263
vt 0.528440 0.730213
f 2882/6629/2882 3054/7074/3054 3108/7286/3108
f 3108/7286/3108 2968/6971/2968 2882/6629/2882
vt 0.078643 0.968331
f 3001/6935/3001 3072/7287/3072 2953/6895/2953
f 3161/7189/3161 2953/6895/2953 3072/7287/3072
f 2442/7184/2442 3176/7183/3176 2958/6236/2958
vt 0.935521 0.329901
vt 0.937524 0.327225
vt 0.938114 0.329203
f 2755/7288/2755 2759/7289/2759 3408/7290/3408
vt 0.778182 0.895286
vt 0.777370 0.884786
f 3514/7291/3514 3312/7292/3312 2792/6080/2792
vt 0.695833 0.699370
f 3040/6951/3040 2836/6718/2836 3104/7293/3104
vt 0.825055 0.545081
f 3018/7294/3018 2667/6049/2667 2455/5011/2455
vt 0.118918 0.491098
f 2961/7081/2961 2978/7101/2978 3105/7295/3105
vt 0.589791 0.744579
f 2998/7207/2998 2987/7208/2987 3096/7296/3096
vt 0.015748 0.858760
vt 0.020542 0.853942
vt 0.021144 0.863530
f 3139/7297/3139 3026/7298/3026 3014/7299/3014
f 2534/4817/2534 3080/7002/3080 2861/6602/2861
vt 0.126652 0.485367
vt 0.126149 0.481511
f 3091/7300/3091 3010/7301/3010 3071/6991/3071
vt 0.010919 0.852382
f 3041/7197/3041 3026/7005/3026 2984/7302/2984
vt 0.731977 0.472538
f 3002/7263/3002 2973/7055/2973 3022/7303/3022
f 3017/7061/3017 2991/6946/2991 3129/7281/3129
vt 0.372495 0.484392
f 2941/7158/2941 3017/7159/3017 3123/7304/3123
vt 0.383875 0.761156
f 3056/7305/3056 2918/6618/2918 2684/6335/2684
vt 0.422968 0.735007
f 2893/7004/2893 3043/7256/3043 2937/7306/2937
vt 0.288271 0.357179
vt 0.283386 0.360412
f 3051/7307/3051 2964/7308/2964 3012/7151/3012
f 2924/7235/2924 3051/7307/3051 3012/7151/3012
vt 0.542644 0.731474
f 3044/6981/3044 3123/7267/3123 3113/7309/3113
vt 0.862413 0.617568
f 2966/6936/2966 3029/7310/3029 2802/6899/2802
vt 0.222910 0.749905
f 3083/7072/3083 2969/7071/2969 3161/7311/3161
vt 0.201727 0.210599
f 2884/7229/2884 2947/7228/2947 3193/7312/3193
vt 0.760790 0.969159
f 2945/7129/2945 2922/7013/2922 3134/7313/3134
vt 0.375905 0.688605
vt 0.380823 0.690116
vt 0.378349 0.694177
f 2992/7314/2992 2928/7315/2928 3035/7316/3035
vt 0.360160 0.598272
f 3232/7317/3232 3008/6359/3008 2666/6448/2666
vt 0.525220 0.416316
f 3011/7112/3011 3035/7318/3035 2928/7024/2928
vt 0.553086 0.922024
f 2999/6902/2999 2785/6631/2785 3053/7319/3053
vt 0.542712 0.924467
f 3157/7231/3157 3024/7320/3024 2950/7230/2950
vt 0.049317 0.355599
vt 0.053748 0.354099
f 3078/7321/3078 3033/7322/3033 2980/7119/2980
vt 0.291232 0.353543
vt 0.287660 0.353524
vt 0.290114 0.353143
f 3094/7323/3094 3003/7324/3003 3057/7325/3057
vt 0.511849 0.306523
vt 0.514036 0.306853
f 2995/7326/2995 2982/7327/2982 3000/7237/3000
vt 0.593827 0.460140
vt 0.591622 0.455611
vt 0.595042 0.458124
f 3058/7328/3058 2995/7329/2995 3069/7330/3069
vt 0.593944 0.456133
f 3069/7330/3069 2995/7329/2995 3000/7331/3000
vt 0.849313 0.595821
f 3060/7146/3060 3151/7332/3151 2938/7051/2938
vt 0.758793 0.972917
vt 0.760278 0.972105
f 3112/7333/3112 3134/7313/3134 3077/7334/3077
f 3140/6884/3140 2938/7051/2938 3151/7332/3151
vt 0.211209 0.314517
f 3036/7041/3036 3068/7273/3068 3089/7335/3089
vt 0.188074 0.441785
vt 0.184620 0.439040
f 3096/7336/3096 2987/7337/2987 3180/7107/3180
f 3139/7297/3139 2984/7302/2984 3026/7298/3026
vt 0.377019 0.775166
f 3153/7338/3153 2985/6420/2985 2894/6764/2894
vt 0.263350 0.542050
vt 0.265419 0.540550
vt 0.267703 0.542266
f 3099/7339/3099 3004/7340/3004 3041/7341/3041
f 2843/6770/2843 3106/7178/3106 3005/7021/3005
f 3108/7286/3108 3054/7074/3054 3044/6981/3044
f 3003/7324/3003 3051/7307/3051 2924/7235/2924
vt 0.014772 0.588472
f 3090/7342/3090 2997/7176/2997 3061/7140/3061
vt 0.639611 0.548637
f 2898/6713/2898 2896/6712/2896 3214/7343/3214
vt 0.430419 0.392565
vt 0.425583 0.387644
f 3007/7143/3007 2992/7344/2992 3126/7345/3126
vt 0.396834 0.714691
vt 0.403155 0.714693
vt 0.402595 0.719006
f 3155/7346/3155 3027/7347/3027 3090/7348/3090
vt 0.744095 0.878926
f 3020/6963/3020 2956/7132/2956 3009/7349/3009
vt 0.799324 0.142318
vt 0.804047 0.141778
vt 0.804022 0.145860
f 2968/7350/2968 3108/7351/3108 3088/7352/3088
vt 0.521374 0.419544
vt 0.523372 0.423739
f 3158/7353/3158 3011/7112/3011 3033/7354/3033
vt 0.083886 0.979273
f 2986/7065/2986 2942/6848/2942 3062/7355/3062
f 3042/7260/3042 2888/6921/2888 3082/7247/3082
vt 0.795982 0.968995
f 3628/7356/3628 3591/7155/3591 2851/6482/2851
vt 0.375687 0.601494
f 2621/5451/2621 3008/6359/3008 3181/7357/3181
vt 0.876802 0.468119
f 2785/6676/2785 3065/7136/3065 3053/7358/3053
vt 0.670926 0.712686
vt 0.665683 0.712612
vt 0.668961 0.710548
f 3003/7359/3003 3094/7360/3094 3051/7361/3051
vt 0.391748 0.711181
f 3119/7362/3119 3078/7282/3078 2996/6923/2996
vt 0.052403 0.925120
vt 0.053673 0.921178
vt 0.054859 0.926599
f 3085/7363/3085 2971/7364/2971 3059/7365/3059
vt 0.396754 0.714678
f 2996/6923/2996 3155/7366/3155 3119/7362/3119
vt 0.046939 0.924950
f 2971/7364/2971 3085/7363/3085 3256/7367/3256
vt 0.427213 0.747343
vt 0.433794 0.746418
f 3101/7368/3101 2920/6807/2920 3034/7369/3034
vt 0.436220 0.154669
vt 0.432976 0.155770
vt 0.432113 0.151441
f 3136/7370/3136 3101/7371/3101 3034/7372/3034
vt 0.366270 0.383186
vt 0.369785 0.379014
f 3075/7373/3075 2960/7374/2960 3118/7270/3118
vt 0.049859 0.918784
f 3037/7375/3037 2971/7364/2971 3084/7217/3084
vt 0.974799 0.366362
vt 0.974602 0.369388
f 2943/7124/2943 2960/7376/2960 3075/7377/3075
vt 0.802733 0.975080
f 2948/7378/2948 3628/7356/3628 2851/6482/2851
vt 0.360515 0.726962
f 2787/5949/2787 3314/7379/3314 2959/7082/2959
vt 0.134393 0.482200
vt 0.134507 0.479621
vt 0.137365 0.479592
f 3071/7380/3071 2916/7381/2916 2963/7382/2963
f 2988/7213/2988 3153/7338/3153 2894/6764/2894
vt 0.045619 0.901325
f 3186/7268/3186 2883/7383/2883 2868/7215/2868
vt 0.012097 0.589454
f 3090/7342/3090 3061/7140/3061 3070/7384/3070
f 2942/6848/2942 3029/7195/3029 3062/7355/3062
f 3062/7355/3062 3263/7285/3263 2986/7065/2986
vt 0.864122 0.613256
f 2966/6936/2966 3188/7385/3188 3029/7310/3029
f 2530/5945/2530 3314/7379/3314 2787/5949/2787
f 3072/7287/3072 3001/6935/3001 3263/7285/3263
vt 0.434338 0.382516
vt 0.427422 0.383353
f 3081/7386/3081 3006/7144/3006 3102/7387/3102
f 3006/7144/3006 3007/7143/3007 3102/7387/3102
f 3011/7112/3011 3158/7353/3158 3035/7318/3035
vt 0.533541 0.730050
vt 0.532531 0.730403
f 3044/7388/3044 3064/7389/3064 3108/7286/3108
vt 0.289723 0.361394
f 2964/7308/2964 3051/7307/3051 3124/7390/3124
vt 0.220133 0.737305
f 3083/7072/3083 3216/7391/3216 2967/7064/2967
vt 0.577837 0.745193
f 3114/7257/3114 3227/7392/3227 2923/6897/2923
vt 0.556340 0.737227
f 3125/7393/3125 3017/7061/3017 3129/7281/3129
vt 0.045407 0.978656
vt 0.045807 0.975109
f 3095/6339/3095 2833/7394/2833 3418/7395/3418
vt 0.041753 0.973518
f 2880/6778/2880 3418/7396/3418 2784/5272/2784
vt 0.516458 0.730398
vt 0.521463 0.725842
vt 0.524007 0.733166
f 3193/7397/3193 2968/7398/2968 3088/7399/3088
vt 0.436982 0.752853
f 3136/7219/3136 2993/7085/2993 3148/7400/3148
vt 0.719085 0.696417
vt 0.714365 0.691637
f 3048/7401/3048 3030/7083/3030 3145/7402/3145
vt 0.754203 0.928394
f 3002/7403/3002 3074/7046/3074 3021/7218/3021
f 2993/7085/2993 3073/7259/3073 3148/7400/3148
vt 0.754925 0.918321
f 3022/7221/3022 2974/6952/2974 3087/7404/3087
f 2873/6867/2873 2974/6952/2974 3022/7221/3022
vt 0.969685 0.371691
vt 0.973340 0.372778
f 3073/7405/3073 2943/7124/2943 3086/7406/3086
vt 0.423883 0.836245
vt 0.419025 0.835786
f 3424/7407/3424 3122/7408/3122 3049/6574/3049
f 2943/7124/2943 3075/7377/3075 3086/7406/3086
f 2999/6902/2999 3053/7319/3053 3157/7231/3157
vt 0.344384 0.708051
vt 0.340906 0.711656
f 3231/7409/3231 3127/6814/3127 2757/7410/2757
f 2971/7364/2971 3256/7367/3256 3084/7217/3084
vt 0.374631 0.386825
vt 0.374102 0.385529
f 3132/7411/3132 3118/7412/3118 3013/7269/3013
vt 0.762647 0.939397
f 3247/7413/3247 3106/7178/3106 3074/7046/3074
vt 0.039341 0.899755
f 3093/7414/3093 2883/7383/2883 3186/7268/3186
vt 0.111613 0.491355
vt 0.120594 0.494214
f 3013/7415/3013 3105/7295/3105 3185/7416/3185
vt 0.468501 0.348937
vt 0.465472 0.350650
f 3231/7417/3231 2757/5999/2757 3348/7418/3348
vt 0.025409 0.881535
f 2901/7096/2901 3052/7419/3052 2935/7097/2935
vt 0.035717 0.888605
vt 0.031744 0.899226
f 3015/7420/3015 3093/7414/3093 3107/7421/3107
vt 0.613184 0.144435
vt 0.612470 0.147267
vt 0.610064 0.144712
f 3058/7422/3058 3094/7423/3094 3057/7424/3057
f 2901/7096/2901 3173/7116/3173 3052/7419/3052
vt 0.021160 0.869887
f 2935/7097/2935 3117/7425/3117 3014/7299/3014
vt 0.505388 0.312592
f 3024/7239/3024 3109/7426/3109 3000/7237/3000
f 3038/6703/3038 3048/7401/3048 3009/7232/3009
vt 0.506463 0.308059
f 3069/7427/3069 3000/7237/3000 3109/7426/3109
f 2962/5980/2962 3514/7291/3514 2792/6080/2792
f 3104/7293/3104 2836/6718/2836 3135/6817/3135
vt 0.763975 0.964731
f 3134/7313/3134 2922/7013/2922 3167/7428/3167
f 3424/6883/3424 2729/5689/2729 3589/6893/3589
vt 0.755778 0.883990
f 3020/6963/3020 3364/7429/3364 3067/7135/3067
vt 0.054330 0.065706
vt 0.055008 0.063374
vt 0.057826 0.063524
f 3114/7430/3114 2998/7431/2998 3096/7432/3096
vt 0.765576 0.957990
f 3005/7021/3005 3189/7433/3189 3023/6959/3023
f 2918/6618/2918 3056/7305/3056 2988/7213/2988
vt 0.758939 0.930350
f 3207/7434/3207 3074/7046/3074 3002/7403/3002
vt 0.546117 0.734772
vt 0.549269 0.737777
f 3123/7435/3123 3017/7061/3017 3097/7436/3097
vt 0.011358 0.596443
vt 0.008826 0.592764
f 3061/7140/3061 3042/7437/3042 3197/7438/3197
f 3140/6884/3140 2939/7008/2939 2874/6608/2874
vt 0.361271 0.318365
vt 0.362709 0.315370
vt 0.364640 0.320215
f 3404/7439/3404 3144/7440/3144 3496/7441/3496
f 2937/7196/2937 3043/7256/3043 3082/7247/3082
vt 0.706716 0.689262
f 3030/7083/3030 3040/6951/3040 3160/7442/3160
f 3076/7262/3076 2970/6953/2970 3039/7255/3039
vt 0.764928 0.976454
f 2963/7111/2963 3112/7279/3112 3205/7443/3205
vt 0.429621 0.381243
f 3138/7444/3138 3081/7386/3081 3102/7387/3102
vt 0.257656 0.572432
vt 0.251427 0.572781
f 3110/7224/3110 3214/7445/3214 2896/7446/2896
f 3102/7387/3102 3007/7143/3007 3126/7345/3126
vt 0.534023 0.967357
vt 0.534427 0.962683
f 3547/7447/3547 3614/7448/3614 2717/6271/2717
vt 0.244213 0.563825
f 3110/7224/3110 3055/6917/3055 3633/7449/3633
vt 0.214849 0.315994
f 3162/7450/3162 3036/7041/3036 3089/7335/3089
f 3581/7277/3581 3547/7133/3547 2862/5003/2862
vt 0.569285 0.915690
vt 0.564786 0.911067
f 3243/7451/3243 2884/7452/2884 3193/7284/3193
vt 0.209776 0.232147
vt 0.199403 0.234202
vt 0.203609 0.230650
f 2990/7453/2990 3281/7454/3281 3068/7455/3068
f 2717/6271/2717 3614/7448/3614 3016/6865/3016
vt 0.439872 0.754209
f 3148/7400/3148 3073/7259/3073 3137/7456/3137
vt 0.597307 0.469139
vt 0.593232 0.466080
f 3058/7328/3058 3130/7457/3130 3094/7458/3094
vt 0.970967 0.376691
f 3137/7459/3137 3073/7405/3073 3086/7406/3086
vt 0.132495 0.483224
vt 0.134276 0.484982
f 3091/7460/3091 3071/7380/3071 3147/7461/3147
f 3121/6982/3121 2898/6713/2898 3192/7275/3192
vt 0.583088 0.933774
vt 0.587384 0.933687
vt 0.587764 0.939508
f 3641/7462/3641 3176/7463/3176 3100/7464/3100
vt 0.376840 0.387937
f 3185/7465/3185 3132/7411/3132 3013/7269/3013
vt 0.846201 0.590741
vt 0.850808 0.590116
f 3151/7332/3151 3060/7466/3060 3138/7467/3138
f 3197/7438/3197 3070/7384/3070 3061/7140/3061
vt 0.846524 0.588154
f 3060/7466/3060 3081/7468/3081 3138/7467/3138
vt 0.264835 0.543615
vt 0.265421 0.545921
f 3099/7469/3099 3041/7341/3041 3187/7470/3187
vt 0.624237 0.914785
vt 0.623034 0.911377
vt 0.628224 0.913743
f 2439/7471/2439 3636/7472/3636 2932/7473/2932
vt 0.388596 0.708763
f 3078/7282/3078 3119/7362/3119 3146/7474/3146
vt 0.435569 0.156711
f 3103/7475/3103 3101/7371/3101 3136/7370/3136
vt 0.397383 0.719412
f 3155/7346/3155 3090/7348/3090 3120/7476/3120
vt 0.397136 0.724044
f 3120/7476/3120 3090/7348/3090 3223/7477/3223
f 3043/7256/3043 2920/6807/2920 3101/7368/3101
vt 0.596872 0.503688
vt 0.601601 0.508746
vt 0.595413 0.507186
f 3118/7478/3118 3260/7479/3260 3075/7480/3075
vt 0.029386 0.892962
f 3015/7420/3015 3107/7421/3107 3133/7481/3133
vt 0.602242 0.505121
f 3118/7478/3118 3132/7482/3132 3260/7479/3260
f 3173/7116/3173 3015/7420/3015 3133/7481/3133
vt 0.021425 0.872219
f 2935/7097/2935 3052/7419/3052 3117/7483/3117
vt 0.839901 0.533013
f 3092/6658/3092 3142/6657/3142 3319/7484/3319
vt 0.017716 0.868182
f 3117/7425/3117 3218/7485/3218 3014/7299/3014
vt 0.834712 0.073331
vt 0.833287 0.070546
vt 0.837605 0.073727
f 3205/7486/3205 3112/7487/3112 3077/7488/3077
vt 0.763958 0.982173
vt 0.767580 0.982059
f 3071/7489/3071 2963/7111/2963 3147/7490/3147
vt 0.388182 0.763289
vt 0.382777 0.770500
f 3056/7305/3056 3356/7491/3356 2989/7492/2989
vt 0.633798 0.528282
f 3201/7493/3201 2834/7012/2834 3198/7009/3198
vt 0.195774 0.211660
vt 0.198059 0.212815
f 3065/7494/3065 2884/7229/2884 3243/7495/3243
vt 0.912297 0.192318
vt 0.912465 0.186361
vt 0.914647 0.192543
f 2988/7496/2988 3056/7497/3056 2989/7498/2989
vt 0.599272 0.463329
f 3143/7499/3143 3130/7457/3130 3058/7328/3058
f 3040/6951/3040 3104/7293/3104 3160/7442/3160
vt 0.532228 0.931464
vt 0.532995 0.930418
vt 0.532243 0.935474
f 3058/7500/3058 3069/7501/3069 3143/7502/3143
f 3030/7083/3030 3160/7442/3160 3145/7402/3145
vt 0.734599 0.471561
f 3002/7263/3002 3022/7303/3022 3098/7503/3098
vt 0.756436 0.924253
f 3002/7403/3002 3098/7504/3098 3207/7434/3207
vt 0.625623 0.907183
f 3131/6384/3131 2932/7473/2932 3255/7505/3255
vt 0.010247 0.202291
vt 0.017794 0.206178
vt 0.009632 0.204386
f 3068/7506/3068 3281/7507/3281 3089/7508/3089
vt 0.732867 0.468612
vt 0.728799 0.467372
f 3098/7509/3098 3022/7303/3022 3087/7510/3087
vt 0.755522 0.879093
f 3020/6963/3020 3009/7349/3009 3280/7511/3280
f 3247/7413/3247 3074/7046/3074 3207/7434/3207
f 3005/7021/3005 3106/7178/3106 3189/7433/3189
f 3145/7402/3145 3009/7232/3009 3048/7401/3048
vt 0.352555 0.601074
f 3232/7317/3232 2666/6448/2666 3063/7512/3063
vt 0.403668 0.722867
f 3070/7513/3070 3223/7477/3223 3090/7348/3090
vt 0.013851 0.864358
f 3139/7297/3139 3014/7299/3014 3218/7514/3218
f 2978/7101/2978 3185/7416/3185 3105/7295/3105
vt 0.427632 0.750566
f 3136/7219/3136 3148/7400/3148 3103/7515/3103
vt 0.371826 0.696763
vt 0.371938 0.691432
f 3035/7316/3035 3203/7516/3203 2992/7517/2992
vt 0.858075 0.598792
f 3140/6884/3140 3302/7518/3302 2939/7008/2939
vt 0.412098 0.731467
vt 0.414552 0.739268
vt 0.405582 0.729102
f 3042/7519/3042 3202/7520/3202 3197/7521/3197
f 3042/7519/3042 3082/7247/3082 3202/7520/3202
f 2963/7111/2963 3205/7443/3205 3147/7490/3147
vt 0.532741 0.737063
vt 0.538804 0.734461
f 3236/7522/3236 3044/6981/3044 3113/7523/3113
vt 0.462478 0.279167
vt 0.469314 0.283654
vt 0.461028 0.285231
f 3194/7524/3194 3004/7525/3004 3099/7526/3099
f 3177/5956/3177 3604/7175/3604 2949/5957/2949
f 3082/7247/3082 3043/7256/3043 3202/7520/3202
vt 0.055080 0.067078
f 3096/7432/3096 3226/7527/3226 3114/7430/3114
vt 0.359265 0.383575
vt 0.361677 0.380249
f 3075/7373/3075 3152/7528/3152 3086/7529/3086
vt 0.583136 0.745911
f 3227/7392/3227 3114/7257/3114 3226/7530/3226
vt 0.056503 0.350090
vt 0.053748 0.350599
f 3158/7531/3158 3033/7322/3033 3183/7532/3183
vt 0.801951 0.332876
vt 0.803467 0.332782
vt 0.804998 0.337157
f 3159/7533/3159 3033/7534/3033 3078/7535/3078
vt 0.568385 0.746167
f 3209/7536/3209 2923/6897/2923 3227/7392/3227
vt 0.074415 0.970496
f 3263/7285/3263 3166/7537/3166 3072/7287/3072
vt 0.074858 0.968436
f 3161/7538/3161 3072/7287/3072 3166/7537/3166
f 3128/7280/3128 2923/6897/2923 3209/7536/3209
f 2925/6947/2925 3514/7291/3514 2962/5980/2962
vt 0.224284 0.042765
vt 0.224523 0.046820
vt 0.220311 0.044788
f 3129/7539/3129 3128/7540/3128 3298/7541/3298
vt 0.558278 0.737824
vt 0.558914 0.740174
f 3125/7542/3125 3129/7281/3129 3298/7543/3298
vt 0.388561 0.752547
f 2684/6335/2684 3211/7544/3211 3056/7305/3056
f 2922/7013/2922 3023/6959/3023 3167/7428/3167
f 3189/7433/3189 3167/7428/3167 3023/6959/3023
vt 0.554619 0.738812
f 3097/7436/3097 3017/7061/3017 3125/7545/3125
f 3153/7338/3153 2988/7213/2988 2989/7492/2989
f 3181/7357/3181 3008/6359/3008 3232/7317/3232
vt 0.718681 0.685856
f 3145/7402/3145 3296/7546/3296 3009/7232/3009
f 2974/6952/2974 3076/7262/3076 3087/7404/3087
vt 0.675763 0.703373
f 3175/7547/3175 3174/7220/3174 2964/7078/2964
vt 0.290382 0.356799
vt 0.294244 0.358444
f 3051/7548/3051 3141/7549/3141 3124/7390/3124
vt 0.665537 0.707915
f 3051/7361/3051 3094/7360/3094 3141/7550/3141
f 3115/7000/3115 3025/6366/3025 3032/5702/3032
vt 0.251006 0.540091
vt 0.244193 0.538719
vt 0.244594 0.538041
f 3194/7551/3194 3281/7552/3281 2990/7553/2990
vt 0.266559 0.286102
vt 0.258819 0.291493
vt 0.260252 0.284957
f 3333/7554/3333 2530/7555/2530 3045/7556/3045
f 2858/6194/2858 2792/6080/2792 3312/7292/3312
vt 0.264060 0.282452
f 3045/7556/3045 3534/7557/3534 3333/7554/3333
vt 0.391064 0.714071
vt 0.392035 0.717893
f 3154/7558/3154 3119/7362/3119 3219/7559/3219
vt 0.399628 0.726551
f 3223/7477/3223 3070/7513/3070 3272/7560/3272
f 3181/7357/3181 3116/6355/3116 2621/5451/2621
f 3119/7362/3119 3155/7346/3155 3219/7559/3219
vt 0.801164 0.329563
vt 0.801422 0.332397
f 3183/7561/3183 3033/7534/3033 3159/7562/3159
vt 0.404063 0.724872
f 3197/7563/3197 3272/7560/3272 3070/7513/3070
vt 0.192844 0.443031
f 3180/7107/3180 3168/7564/3168 3096/7336/3096
vt 0.799090 0.337942
vt 0.799013 0.336048
f 3146/7565/3146 3159/7566/3159 3078/7535/3078
vt 0.132853 0.490479
vt 0.128353 0.486274
f 3169/7567/3169 2978/7101/2978 3091/7568/3091
vt 0.914637 0.382167
vt 0.907270 0.374344
vt 0.915636 0.375650
f 3062/7569/3062 3029/7570/3029 3172/7571/3172
vt 0.368931 0.485815
vt 0.371746 0.493678
f 3113/7572/3113 3123/7304/3123 3165/7573/3165
vt 0.367901 0.494913
f 3236/7574/3236 3113/7572/3113 3165/7573/3165
vt 0.077191 0.977893
f 3263/7285/3263 3062/7355/3062 3248/7575/3248
vt 0.531509 0.733369
f 3064/7576/3064 3044/6981/3044 3236/7522/3236
vt 0.271320 0.548169
f 2984/7577/2984 3187/7470/3187 3041/7341/3041
vt 0.193521 0.447597
f 3096/7336/3096 3168/7564/3168 3226/7578/3226
vt 0.216905 0.752109
vt 0.215746 0.748292
f 3161/7311/3161 3166/7579/3166 3200/7580/3200
f 3200/7580/3200 3083/7072/3083 3161/7311/3161
vt 0.423804 0.755081
f 3103/7515/3103 3148/7400/3148 3331/7581/3331
f 3135/6817/3135 3174/7220/3174 3104/7293/3104
vt 0.222917 0.720887
f 3204/7582/3204 2929/6677/2929 2967/7064/2967
f 2748/6436/2748 3633/7449/3633 3031/6612/3031
vt 0.363177 0.386064
f 3152/7528/3152 3075/7373/3075 3350/7583/3350
f 3107/7421/3107 3093/7414/3093 3186/7268/3186
vt 0.671006 0.706322
f 2964/7078/2964 3124/7584/3124 3175/7547/3175
vt 0.421172 0.747894
f 3043/7256/3043 3101/7368/3101 3254/7585/3254
vt 0.233704 0.710962
vt 0.228399 0.713989
f 3085/7586/3085 3059/6812/3059 3150/7587/3150
vt 0.769375 0.971050
f 3156/7588/3156 3134/7313/3134 3167/7428/3167
vt 0.021328 0.876500
f 3052/7419/3052 3212/7589/3212 3117/7483/3117
vt 0.950124 0.189422
vt 0.952721 0.189041
vt 0.951209 0.192653
f 3205/7590/3205 3077/7591/3077 3222/7592/3222
vt 0.441832 0.876196
vt 0.440437 0.877649
vt 0.440288 0.873600
f 3280/7593/3280 3009/7594/3009 3296/7595/3296
vt 0.768044 0.949428
f 3291/7596/3291 3189/7433/3189 3106/7178/3106
f 3591/7155/3591 2818/6546/2818 2293/4633/2293
vt 0.657746 0.708718
f 3094/7360/3094 3130/7597/3130 3141/7550/3141
f 3589/6893/3589 2125/4931/2125 3019/6365/3019
vt 0.187272 0.421682
vt 0.182993 0.427825
vt 0.182155 0.423752
f 3162/7598/3162 3079/7599/3079 3047/7600/3047
vt 0.534667 0.934536
f 3143/7502/3143 3069/7501/3069 3109/7601/3109
vt 0.513179 0.315242
f 3109/7426/3109 3024/7239/3024 3230/7602/3230
vt 0.782904 0.925241
f 3080/7002/3080 2646/5767/2646 3630/7603/3630
vt 0.937182 0.333768
f 3408/7290/3408 3513/7604/3513 2755/7288/2755
vt 0.024096 0.887140
f 3173/7116/3173 3212/7605/3212 3052/7419/3052
vt 0.854779 0.596046
f 3140/6884/3140 3151/7332/3151 3163/7606/3163
vt 0.432358 0.755234
f 3331/7581/3331 3148/7400/3148 3271/7607/3271
vt 0.597169 0.513898
f 3350/7608/3350 3075/7480/3075 3260/7479/3260
vt 0.355740 0.379794
f 3137/7609/3137 3086/7529/3086 3152/7528/3152
vt 0.628859 0.548868
f 3220/7610/3220 3192/7275/3192 2898/6713/2898
vt 0.394936 0.718830
f 3219/7559/3219 3155/7346/3155 3120/7611/3120
vt 0.424297 0.389085
f 3126/7345/3126 2992/7344/2992 3171/7612/3171
vt 0.573017 0.746103
f 3209/7536/3209 3227/7392/3227 3208/7613/3208
vt 0.729011 0.463439
f 3265/7614/3265 3098/7509/3098 3087/7510/3087
vt 0.514042 0.749743
f 2958/6236/2958 3600/7615/3600 3304/6882/3304
vt 0.379254 0.698715
f 3158/7616/3158 3203/7516/3203 3035/7316/3035
vt 0.799432 0.342331
vt 0.794028 0.338310
f 3146/7565/3146 3119/7617/3119 3154/7618/3154
vt 0.833921 0.535643
f 3092/6658/3092 3319/7484/3319 2759/7619/2759
vt 0.756119 0.892156
f 3179/7620/3179 3039/7255/3039 3067/7135/3067
vt 0.553936 0.743631
f 3097/7436/3097 3125/7545/3125 3164/7621/3164
vt 0.606027 0.897571
vt 0.602261 0.891655
vt 0.606456 0.893194
f 3164/7622/3164 3125/7623/3125 3298/7624/3298
vt 0.367534 0.313210
vt 0.369614 0.316812
f 3144/7440/3144 3028/7625/3028 3307/7626/3307
vt 0.877161 0.473936
f 3053/7358/3053 3065/7136/3065 3334/7627/3334
vt 0.788974 0.939184
f 3050/6225/3050 3475/7628/3475 3046/6109/3046
vt 0.601807 0.469164
f 3244/7629/3244 3130/7457/3130 3143/7499/3143
vt 0.630123 0.903362
f 3255/7505/3255 3627/7630/3627 3131/6384/3131
vt 0.866041 0.603000
f 3302/7518/3302 3310/7631/3310 2939/7008/2939
f 2966/6936/2966 2939/7008/2939 3310/7631/3310
vt 0.205507 0.065173
vt 0.208681 0.064029
vt 0.211040 0.066914
f 3151/7632/3151 3138/7633/3138 3234/7634/3234
vt 0.425684 0.379961
f 3102/7387/3102 3234/7635/3234 3138/7444/3138
vt 0.288162 0.553813
vt 0.274851 0.555151
vt 0.280807 0.550036
f 3218/7636/3218 3340/7637/3340 3139/7638/3139
vt 0.358535 0.683677
vt 0.362446 0.683617
vt 0.361083 0.686602
f 3234/7639/3234 3102/7640/3102 3221/7641/3221
vt 0.385009 0.705034
vt 0.376438 0.706310
vt 0.379829 0.701151
f 3159/7642/3159 3215/7643/3215 3183/7644/3183
vt 0.208227 0.068836
f 3163/7645/3163 3151/7632/3151 3234/7634/3234
vt 0.405353 0.738239
f 3199/7646/3199 3197/7521/3197 3202/7520/3202
vt 0.908848 0.370587
f 3172/7571/3172 3029/7570/3029 3188/7647/3188
vt 0.422297 0.390826
vt 0.422072 0.392683
f 3171/7648/3171 2992/7344/2992 3203/7649/3203
vt 0.526056 0.752583
f 2926/6555/2926 3537/7650/3537 2803/6940/2803
vt 0.682655 0.699868
vt 0.686600 0.697807
f 3257/7651/3257 3258/7652/3258 3104/7293/3104
vt 0.789508 0.343409
vt 0.793216 0.346413
f 3224/7653/3224 3154/7618/3154 3219/7654/3219
f 3104/7293/3104 3174/7220/3174 3257/7651/3257
vt 0.762708 0.926525
f 3207/7434/3207 3098/7504/3098 3210/7655/3210
vt 0.767151 0.973812
f 3134/7313/3134 3156/7588/3156 3077/7656/3077
vt 0.838009 0.075827
vt 0.839264 0.075915
f 3222/7657/3222 3077/7488/3077 3156/7658/3156
f 3083/7072/3083 3200/7580/3200 3216/7391/3216
vt 0.129845 0.494003
f 3228/7659/3228 2978/7101/2978 3169/7567/3169
f 3202/7520/3202 3043/7256/3043 3254/7585/3254
vt 0.536152 0.739290
f 3165/7660/3165 3123/7435/3123 3097/7436/3097
vt 0.602598 0.192060
vt 0.604018 0.188956
vt 0.608097 0.190897
f 3254/7661/3254 3101/7662/3101 3103/7663/3103
vt 0.771942 0.988724
vt 0.768292 0.986013
vt 0.772310 0.982801
f 3169/7664/3169 3091/7665/3091 3275/7666/3275
vt 0.757906 0.915847
f 3087/7404/3087 3076/7262/3076 3265/7667/3265
vt 0.954829 0.331187
vt 0.961796 0.328890
vt 0.958970 0.333361
f 3167/7668/3167 3189/7669/3189 3225/7670/3225
vt 0.215140 0.728456
f 3216/7391/3216 3149/7671/3149 2967/7064/2967
vt 0.759357 0.911177
f 3076/7262/3076 3039/7255/3039 3251/7672/3251
f 3275/7666/3275 3147/7490/3147 3205/7443/3205
f 3091/7665/3091 3147/7490/3147 3275/7666/3275
vt 0.192995 0.429773
f 3180/7107/3180 3079/7599/3079 3278/7673/3278
vt 0.966719 0.375816
vt 0.972570 0.382929
f 3148/7674/3148 3137/7459/3137 3271/7675/3271
vt 0.364158 0.493387
vt 0.361016 0.497293
vt 0.360210 0.492856
f 3064/7676/3064 3088/7677/3088 3108/7678/3108
f 3018/7294/3018 3581/7277/3581 2667/6049/2667
f 2929/6677/2929 3204/7582/3204 3059/6812/3059
f 3291/7596/3291 3106/7178/3106 3247/7413/3247
vt 0.700040 0.691345
f 3160/7442/3160 3104/7293/3104 3229/7679/3229
vt 0.648519 0.868339
vt 0.647258 0.872687
vt 0.645817 0.869716
f 3162/7680/3162 3195/7681/3195 3079/7682/3079
vt 0.026116 0.889690
f 3133/7481/3133 3212/7683/3212 3173/7116/3173
vt 0.031840 0.908548
f 3107/7421/3107 3186/7268/3186 3336/7684/3336
f 3179/7620/3179 3067/7135/3067 3364/7429/3364
vt 0.386711 0.772615
f 3217/7685/3217 2989/7492/2989 3356/7491/3356
vt 0.374856 0.737938
f 3596/7125/3596 3276/6348/3276 3588/7686/3588
vt 0.606379 0.510250
f 3132/7482/3132 3184/7687/3184 3260/7479/3260
vt 0.236860 0.706600
vt 0.232771 0.709607
vt 0.232689 0.707316
f 3256/7688/3256 3085/7689/3085 3240/7690/3240
vt 0.046777 0.925090
vt 0.036660 0.917409
f 3256/7691/3256 3170/7692/3170 3084/7217/3084
vt 0.606518 0.504408
f 3185/7693/3185 3184/7687/3184 3132/7482/3132
vt 0.558231 0.915458
vt 0.561929 0.925020
f 3065/7694/3065 3243/7451/3243 3334/7695/3334
vt 0.401870 0.730661
f 3197/7521/3197 3182/7696/3182 3272/7560/3272
vt 0.261667 0.551991
f 3187/7470/3187 2984/7577/2984 3432/7697/3432
f 3340/7637/3340 2984/7577/2984 3139/7638/3139
vt 0.259010 0.545182
vt 0.250965 0.548654
f 3194/7551/3194 3099/7698/3099 3344/7699/3344
vt 0.383326 0.779177
f 3153/7338/3153 2989/7492/2989 3442/7700/3442
vt 0.228391 0.068563
vt 0.228899 0.067379
vt 0.231778 0.065745
f 3223/7701/3223 3196/7702/3196 3120/7703/3120
vt 0.262120 0.291912
vt 0.261279 0.293711
f 3111/7704/3111 3314/7705/3314 2530/7555/2530
vt 0.220493 0.023373
vt 0.218447 0.024435
vt 0.217966 0.021997
f 3261/7706/3261 3184/7707/3184 3185/7708/3185
f 3241/6871/3241 3630/7603/3630 2646/5767/2646
vt 0.559132 0.743899
vt 0.561076 0.742275
f 3298/7709/3298 3128/7710/3128 3209/7536/3209
vt 0.125492 0.495278
f 3261/7711/3261 3185/7416/3185 3228/7659/3228
f 3185/7416/3185 2978/7101/2978 3228/7659/3228
vt 0.773257 0.987147
f 3169/7664/3169 3275/7666/3275 3273/7712/3273
vt 0.422945 0.383464
f 3221/7713/3221 3102/7387/3102 3126/7345/3126
vt 0.768401 0.977165
f 3275/7666/3275 3205/7443/3205 3222/7714/3222
f 3265/7667/3265 3076/7262/3076 3251/7672/3251
vt 0.771286 0.967877
f 3167/7428/3167 3190/7715/3190 3156/7588/3156
vt 0.263443 0.288871
f 3333/7554/3333 3111/7716/3111 2530/7555/2530
vt 0.455954 0.100592
vt 0.457828 0.101945
vt 0.452366 0.101517
f 3162/7717/3162 3089/7718/3089 3292/7719/3292
vt 0.956375 0.337439
f 3225/7670/3225 3190/7720/3190 3167/7668/3167
vt 0.191721 0.427971
f 3195/7721/3195 3278/7673/3278 3079/7599/3079
vt 0.769885 0.937359
f 3247/7413/3247 3207/7434/3207 3191/7722/3191
vt 0.760744 0.897456
f 3039/7255/3039 3179/7620/3179 3376/7723/3376
vt 0.382141 0.710723
f 3239/7724/3239 3215/7643/3215 3159/7642/3159
vt 0.222864 0.720923
f 2967/7064/2967 3149/7671/3149 3204/7725/3204
vt 0.385279 0.709213
f 3146/7726/3146 3239/7724/3239 3159/7642/3159
f 3158/7616/3158 3183/7644/3183 3215/7643/3215
vt 0.537029 0.049860
vt 0.538795 0.052109
vt 0.534258 0.051425
f 2731/7727/2731 2861/7728/2861 2925/7729/2925
vt 0.205729 0.550131
f 3178/5605/3178 3572/7730/3572 2890/5624/2890
f 3217/7685/3217 3442/7700/3442 2989/7492/2989
vt 0.662110 0.702158
f 3130/7597/3130 3242/7731/3242 3141/7550/3141
f 3059/6812/3059 3204/7582/3204 3150/7587/3150
f 3175/7547/3175 3257/7651/3257 3174/7220/3174
vt 0.366665 0.497463
f 3088/7677/3088 3064/7676/3064 3236/7732/3236
vt 0.038704 0.924603
f 3170/7692/3170 3256/7691/3256 3367/7733/3367
vt 0.393276 0.722433
vt 0.392654 0.720603
vt 0.395473 0.720119
f 3196/7734/3196 3219/7735/3219 3120/7736/3120
vt 0.579982 0.747366
vt 0.575504 0.749117
f 3226/7737/3226 3279/7738/3279 3227/7392/3227
vt 0.759801 0.916736
f 3098/7504/3098 3265/7739/3265 3210/7655/3210
f 3140/6884/3140 3163/7606/3163 3302/7518/3302
vt 0.372462 0.774091
f 2985/6420/2985 3153/7338/3153 3337/7740/3337
f 3170/7692/3170 3186/7268/3186 3084/7217/3084
vt 0.077177 0.493215
vt 0.074996 0.499640
vt 0.071729 0.495493
f 3124/7741/3124 3290/7742/3290 3175/7743/3175
vt 0.081260 0.497632
f 3238/7744/3238 3290/7742/3290 3124/7741/3124
vt 0.263165 0.547062
f 3099/7698/3099 3187/7745/3187 3432/7697/3432
f 3182/7696/3182 3197/7521/3197 3199/7646/3199
f 3124/7584/3124 3141/7550/3141 3242/7731/3242
vt 0.760216 0.904836
f 3249/7746/3249 3251/7672/3251 3039/7255/3039
vt 0.919786 0.385285
f 3248/7747/3248 3062/7569/3062 3172/7571/3172
f 3039/7255/3039 3376/7723/3376 3249/7746/3249
vt 0.073228 0.976886
f 3263/7285/3263 3248/7575/3248 3543/7748/3543
vt 0.906587 0.366114
vt 0.908969 0.364868
f 3188/7647/3188 2966/7749/2966 3299/7750/3299
vt 0.069711 0.971379
vt 0.073227 0.971904
f 3213/7751/3213 3166/7752/3166 3263/7285/3263
vt 0.214291 0.751171
f 3166/7579/3166 3213/7753/3213 3200/7580/3200
vt 0.550510 0.746358
f 3097/7436/3097 3164/7621/3164 3445/7754/3445
vt 0.211507 0.744562
vt 0.213687 0.748205
f 3363/7755/3363 3200/7580/3200 3213/7756/3213
vt 0.241795 0.541727
f 3281/7757/3281 3194/7551/3194 3344/7699/3344
vt 0.511556 0.732217
vt 0.519917 0.740064
f 3243/7758/3243 3193/7397/3193 3414/7759/3414
vt 0.546951 0.933104
f 3024/7320/3024 3157/7231/3157 3230/7760/3230
vt 0.418993 0.391606
vt 0.420330 0.384668
f 3171/7761/3171 3311/7762/3311 3126/7345/3126
vt 0.348061 0.602434
vt 0.345024 0.596247
f 2985/7763/2985 3337/7764/3337 3063/7512/3063
vt 0.653385 0.871076
f 3195/7681/3195 3162/7680/3162 3292/7765/3292
f 3364/7429/3364 3020/6963/3020 3280/7511/3280
f 3055/6917/3055 3031/6612/3031 3633/7449/3633
vt 0.369713 0.699196
f 3203/7516/3203 3158/7616/3158 3268/7766/3268
vt 0.200644 0.438924
f 3168/7564/3168 3180/7107/3180 3233/7767/3233
vt 0.534169 0.940634
f 3143/7502/3143 3109/7601/3109 3237/7768/3237
vt 0.532677 0.966303
vt 0.529488 0.963046
f 3614/7448/3614 3547/7769/3547 3491/7770/3491
vt 0.603422 0.473545
f 3244/7629/3244 3277/7771/3277 3130/7457/3130
vt 0.613820 0.916857
f 3253/7145/3253 2803/6566/2803 3431/7772/3431
vt 0.299295 0.554028
vt 0.309765 0.561155
vt 0.293533 0.560521
f 3117/7773/3117 3212/7774/3212 3235/7775/3235
vt 0.530650 0.938839
f 3244/7776/3244 3143/7502/3143 3237/7768/3237
f 3218/7636/3218 3117/7773/3117 3235/7775/3235
vt 0.042657 0.931503
vt 0.048216 0.932065
vt 0.050037 0.936162
f 3240/7777/3240 3085/7778/3085 3150/7779/3150
vt 0.690666 0.695948
f 3229/7679/3229 3104/7293/3104 3258/7780/3258
vt 0.352384 0.383994
f 3137/7609/3137 3152/7528/3152 3246/7781/3246
vt 0.710963 0.686550
f 3262/7782/3262 3145/7402/3145 3160/7442/3160
f 3176/7183/3176 3600/7615/3600 2958/6236/2958
vt 0.789338 0.348116
f 3224/7653/3224 3219/7654/3219 3196/7783/3196
vt 0.855044 0.590020
vt 0.861416 0.594439
f 3163/7606/3163 3234/7784/3234 3245/7785/3245
f 3432/7697/3432 3344/7699/3344 3099/7698/3099
vt 0.145505 0.511785
f 3622/7786/3622 3555/6908/3555 2834/6907/2834
vt 0.323882 0.563806
vt 0.329443 0.567422
vt 0.322612 0.569591
f 3133/7787/3133 3107/7788/3107 3297/7789/3297
f 3212/7774/3212 3133/7787/3133 3297/7789/3297
vt 0.150766 0.514806
f 2834/6907/2834 3201/7790/3201 3622/7786/3622
f 3215/7643/3215 3268/7766/3268 3158/7616/3158
vt 0.363058 0.687787
vt 0.361258 0.688085
f 3126/7791/3126 3311/7792/3311 3221/7641/3221
vt 0.865889 0.606896
f 3299/7793/3299 2966/6936/2966 3310/7631/3310
vt 0.794756 0.337544
f 3154/7618/3154 3239/7794/3239 3146/7565/3146
vt 0.212073 0.735680
f 3216/7391/3216 3200/7580/3200 3322/7795/3322
vt 0.972352 0.379837
f 3271/7675/3271 3137/7459/3137 3246/7796/3246
vt 0.961976 0.332716
f 3270/7797/3270 3225/7670/3225 3189/7669/3189
vt 0.119623 0.499791
vt 0.124860 0.497292
vt 0.125358 0.500156
f 3184/7798/3184 3261/7799/3261 3285/7800/3285
vt 0.142387 0.483042
vt 0.144582 0.485845
vt 0.141223 0.485047
f 3222/7801/3222 3266/7802/3266 3275/7803/3275
vt 0.770140 0.955646
f 3284/7804/3284 3189/7433/3189 3291/7596/3291
vt 0.358158 0.323827
vt 0.357224 0.319154
f 3415/7805/3415 3142/7806/3142 3404/7439/3404
vt 0.629552 0.529949
f 3198/7009/3198 3192/7275/3192 3201/7807/3201
vt 0.084301 0.491939
f 3124/7741/3124 3242/7808/3242 3238/7744/3238
f 3191/7722/3191 3207/7434/3207 3210/7655/3210
vt 0.508449 0.315731
vt 0.503010 0.320450
f 3230/7809/3230 3313/7810/3313 3109/7426/3109
vt 0.870116 0.474707
f 3053/7358/3053 3334/7627/3334 3355/7811/3355
vt 0.543545 0.941052
f 3109/7601/3109 3313/7812/3313 3237/7768/3237
f 3233/7767/3233 3180/7107/3180 3278/7673/3278
vt 0.555863 0.931218
f 3157/7231/3157 3053/7319/3053 3355/7813/3355
vt 0.228411 0.540266
vt 0.233418 0.535975
vt 0.238251 0.541974
f 3292/7814/3292 3089/7815/3089 3281/7816/3281
f 3193/7397/3193 3088/7399/3088 3414/7759/3414
vt 0.070780 0.501096
f 3288/7817/3288 3175/7743/3175 3290/7742/3290
vt 0.768011 0.865085
f 3025/6366/3025 3115/7000/3115 3520/7818/3520
vt 0.605696 0.469056
vt 0.603654 0.466985
f 3301/7819/3301 3244/7629/3244 3237/7820/3237
vt 0.703591 0.298407
vt 0.705301 0.299767
vt 0.701440 0.300454
f 3175/7821/3175 3288/7822/3288 3257/7823/3257
vt 0.646788 0.075465
vt 0.648454 0.072464
vt 0.650722 0.074944
f 3208/7824/3208 3227/7825/3227 3279/7826/3279
vt 0.614477 0.532950
vt 0.622722 0.542983
f 3619/7827/3619 3192/7275/3192 3250/7828/3250
vt 0.200509 0.445513
f 3226/7578/3226 3168/7564/3168 3375/7829/3375
vt 0.619956 0.548346
vt 0.613013 0.542063
f 3250/7828/3250 3530/7830/3530 3370/7831/3370
f 3250/7828/3250 3370/7831/3370 3619/7827/3619
f 3245/7785/3245 3302/7518/3302 3163/7606/3163
vt 0.589822 0.512557
vt 0.592227 0.519402
f 3152/7832/3152 3350/7608/3350 3325/7833/3325
vt 0.393214 0.727150
f 3223/7477/3223 3267/7834/3267 3196/7734/3196
vt 0.774747 0.988833
vt 0.773998 0.990929
f 3273/7835/3273 3228/7836/3228 3169/7664/3169
vt 0.855852 0.588450
vt 0.857280 0.588387
f 3221/7837/3221 3308/7838/3308 3234/7784/3234
vt 0.920930 0.382662
f 3172/7571/3172 3381/7839/3381 3248/7747/3248
vt 0.145944 0.485101
vt 0.145796 0.481772
vt 0.148341 0.482965
f 3266/7840/3266 3222/7841/3222 3378/7842/3378
vt 0.769287 0.975170
vt 0.777581 0.973571
f 3222/7843/3222 3156/7588/3156 3378/7844/3378
vt 0.138009 0.490598
vt 0.137732 0.492046
vt 0.135674 0.492649
f 3275/7845/3275 3294/7846/3294 3273/7847/3273
vt 0.540873 0.744226
f 3315/7848/3315 3097/7436/3097 3445/7754/3445
vt 0.394612 0.773763
f 3264/7849/3264 3217/7685/3217 3356/7491/3356
vt 0.397211 0.768503
f 3356/7491/3356 3345/7850/3345 3264/7849/3264
f 3097/7436/3097 3315/7848/3315 3165/7660/3165
f 3322/7795/3322 3200/7580/3200 3363/7755/3363
vt 0.773569 0.962061
f 3189/7433/3189 3284/7804/3284 3270/7851/3270
vt 0.406567 0.748149
f 3202/7520/3202 3254/7585/3254 3342/7852/3342
f 3188/7647/3188 3299/7750/3299 3172/7571/3172
f 3211/7544/3211 2684/6335/2684 3596/7125/3596
f 3340/7637/3340 3432/7697/3432 2984/7577/2984
vt 0.358425 0.686920
f 3308/7853/3308 3221/7641/3221 3311/7792/3311
vt 0.659715 0.703889
f 3130/7597/3130 3259/7854/3259 3242/7731/3242
vt 0.714947 0.684903
f 3296/7546/3296 3145/7402/3145 3360/7855/3360
vt 0.238438 0.548417
f 3252/7856/3252 3281/7757/3281 3344/7699/3344
vt 0.390884 0.780623
f 3217/7685/3217 3264/7849/3264 3459/7857/3459
f 3356/7491/3356 3056/7305/3056 3211/7544/3211
f 2722/6389/2722 3131/6384/3131 3627/7630/3627
f 3240/7777/3240 3367/7733/3367 3256/7691/3256
f 3170/7692/3170 3336/7684/3336 3186/7268/3186
vt 0.280230 0.383900
vt 0.274271 0.383638
vt 0.281601 0.379888
f 3604/7858/3604 3511/7859/3511 2952/7860/2952
vt 0.199041 0.450255
f 3279/7861/3279 3226/7578/3226 3375/7829/3375
vt 0.092718 0.481971
vt 0.091799 0.485885
vt 0.087999 0.484209
f 3277/7862/3277 3259/7863/3259 3130/7864/3130
f 3360/7855/3360 3145/7402/3145 3262/7782/3262
f 3475/7628/3475 3241/6871/3241 3046/6109/3046
vt 0.384768 0.061542
vt 0.381970 0.063845
vt 0.381080 0.061221
f 3171/7865/3171 3203/7866/3203 3268/7867/3268
vt 0.862085 0.590208
f 3401/7868/3401 3234/7784/3234 3308/7838/3308
f 3245/7785/3245 3234/7784/3234 3401/7868/3401
vt 0.790485 0.944213
f 3050/6225/3050 3508/7869/3508 3475/7628/3475
vt 0.128211 0.497104
vt 0.136943 0.498453
f 3261/7870/3261 3228/7659/3228 3403/7871/3403
vt 0.267693 0.133621
vt 0.271946 0.132868
vt 0.269917 0.137688
f 3254/7872/3254 3103/7873/3103 3318/7874/3318
f 3149/7671/3149 3216/7391/3216 3322/7795/3322
vt 0.417427 0.833394
vt 0.418648 0.832610
f 3122/7408/3122 3554/7875/3554 3049/7876/3049
vt 0.141292 0.486787
vt 0.143870 0.488736
f 3275/7877/3275 3266/7802/3266 3295/7878/3295
vt 0.385747 0.723039
vt 0.387558 0.719129
f 3269/7879/3269 3224/7880/3224 3196/7734/3196
vt 0.220012 0.718495
vt 0.223368 0.717525
f 3305/7881/3305 3150/7882/3150 3204/7582/3204
f 3340/7637/3340 3218/7636/3218 3235/7775/3235
vt 0.646411 0.881110
vt 0.637441 0.883791
vt 0.643531 0.874984
f 3379/7883/3379 3233/7884/3233 3278/7885/3278
vt 0.648017 0.895666
vt 0.650299 0.901141
f 2722/6389/2722 3637/7886/3637 3300/7887/3300
f 3196/7734/3196 3267/7834/3267 3269/7879/3269
vt 0.414933 0.386771
f 3311/7762/3311 3171/7761/3171 3374/7888/3374
vt 0.702863 0.300875
vt 0.702138 0.301806
f 3257/7823/3257 3288/7889/3288 3287/7890/3287
vt 0.339185 0.572751
vt 0.332139 0.577867
f 3336/7891/3336 3396/7892/3396 3107/7788/3107
vt 0.554615 0.052081
vt 0.555635 0.049924
vt 0.560906 0.054209
f 3267/7893/3267 3223/7894/3223 3289/7895/3289
vt 0.396356 0.730851
f 3223/7477/3223 3272/7560/3272 3289/7896/3289
vt 0.587348 0.096196
vt 0.584210 0.094971
vt 0.587109 0.094400
f 3182/7897/3182 3289/7898/3289 3272/7899/3272
vt 0.583180 0.098125
f 3289/7898/3289 3182/7897/3182 3338/7900/3338
vt 0.768839 0.854737
f 3286/7901/3286 3589/6893/3589 3019/6365/3019
vt 0.399333 0.734702
f 3182/7696/3182 3199/7646/3199 3338/7902/3338
vt 0.481103 0.316439
vt 0.485519 0.322100
vt 0.477858 0.320855
f 2880/7903/2880 2611/7904/2611 3556/7905/3556
vt 0.352852 0.388358
f 3152/7528/3152 3325/7906/3325 3246/7781/3246
f 3220/7610/3220 2898/6713/2898 3214/7343/3214
vt 0.607691 0.472513
f 3244/7629/3244 3301/7819/3301 3274/7907/3274
f 3274/7907/3274 3277/7771/3277 3244/7629/3244
vt 0.772039 0.919008
f 3210/7655/3210 3265/7739/3265 3332/7908/3332
vt 0.762732 0.911363
vt 0.767942 0.913004
f 3251/7909/3251 3397/7910/3397 3265/7739/3265
vt 0.273008 0.400096
vt 0.265930 0.399624
vt 0.268231 0.395418
f 3543/7911/3543 3248/7912/3248 3381/7913/3381
vt 0.616476 0.117883
vt 0.613904 0.121080
vt 0.616071 0.117214
f 3318/7914/3318 3342/7915/3342 3254/7916/3254
vt 0.200175 0.454138
vt 0.199547 0.451845
vt 0.203726 0.450982
f 3208/7917/3208 3279/7918/3279 3392/7919/3392
vt 0.658332 0.874200
f 3195/7681/3195 3292/7765/3292 3347/7920/3347
vt 0.563126 0.748617
f 3298/7709/3298 3209/7536/3209 3358/7921/3358
vt 0.416966 0.755774
f 3103/7515/3103 3331/7581/3331 3330/7922/3330
vt 0.701815 0.686219
f 3413/7923/3413 3160/7442/3160 3229/7679/3229
f 2926/6555/2926 3304/6882/3304 3537/7650/3537
f 3168/7564/3168 3233/7767/3233 3375/7829/3375
vt 0.761713 0.907834
f 3251/7672/3251 3249/7746/3249 3362/7924/3362
vt 0.914406 0.369282
f 3172/7571/3172 3299/7750/3299 3282/7925/3282
vt 0.650901 0.876033
f 3278/7885/3278 3195/7681/3195 3377/7926/3377
vt 0.430513 0.759414
vt 0.423313 0.762729
f 3271/7927/3271 3323/7928/3323 3331/7581/3331
vt 0.543234 0.747749
f 3315/7848/3315 3445/7754/3445 3357/7929/3357
vt 0.048268 0.504838
vt 0.060009 0.502117
vt 0.052179 0.507514
f 3229/7930/3229 3258/7931/3258 3346/7932/3346
vt 0.418504 0.383207
f 3308/7933/3308 3311/7762/3311 3374/7888/3374
vt 0.191427 0.386066
f 3636/7934/3636 2439/6905/2439 3253/6538/3253
vt 0.774521 0.902036
f 3472/7935/3472 3514/7291/3514 2925/6947/2925
vt 0.089765 0.490464
f 3242/7808/3242 3259/7863/3259 3320/7936/3320
vt 0.065586 0.498615
vt 0.063895 0.505129
f 3257/7937/3257 3287/7938/3287 3258/7931/3258
vt 0.308319 0.567635
f 3212/7774/3212 3297/7789/3297 3339/7939/3339
f 3339/7939/3339 3235/7775/3235 3212/7774/3212
vt 0.527761 0.737399
vt 0.528896 0.739212
f 3088/7940/3088 3236/7941/3236 3414/7759/3414
vt 0.451994 0.198990
vt 0.454252 0.198826
vt 0.458602 0.203073
f 3239/7942/3239 3154/7943/3154 3283/7944/3283
vt 0.382937 0.712762
vt 0.383923 0.714421
vt 0.381440 0.715187
f 3154/7945/3154 3224/7946/3224 3283/7947/3283
vt 0.511615 0.738009
f 3368/7948/3368 3243/7758/3243 3414/7759/3414
f 3636/7472/3636 3255/7505/3255 2932/7473/2932
vt 0.606417 0.516524
f 3328/7949/3328 3350/7608/3350 3260/7479/3260
vt 0.201900 0.041418
vt 0.199919 0.044605
vt 0.199322 0.042771
f 3261/7950/3261 3293/7951/3293 3285/7952/3285
vt 0.129735 0.500432
f 3293/7953/3293 3261/7870/3261 3403/7871/3403
vt 0.054573 0.131289
vt 0.051987 0.133575
vt 0.052919 0.129142
f 3349/7954/3349 3295/7955/3295 3266/7956/3266
f 3260/7479/3260 3184/7687/3184 3328/7949/3328
vt 0.602607 0.476050
vt 0.606533 0.482225
f 3259/7957/3259 3277/7771/3277 3365/7958/3365
vt 0.136068 0.494781
f 3228/7659/3228 3273/7959/3273 3403/7871/3403
vt 0.119294 0.502764
vt 0.122086 0.501259
vt 0.122292 0.504046
f 3184/7960/3184 3285/7961/3285 3328/7962/3328
vt 0.705218 0.683655
f 3327/7963/3327 3262/7782/3262 3160/7442/3160
vt 0.067788 0.975630
f 3263/7285/3263 3543/7748/3543 3317/7964/3317
vt 0.064440 0.974637
f 3213/7751/3213 3263/7285/3263 3317/7965/3317
vt 0.064594 0.969720
f 3363/7966/3363 3213/7751/3213 3317/7965/3317
vt 0.041061 0.942093
vt 0.046775 0.944558
f 3351/7967/3351 3150/7779/3150 3305/7968/3305
vt 0.088078 0.493999
f 3320/7936/3320 3354/7969/3354 3242/7808/3242
vt 0.370490 0.500829
f 3236/7574/3236 3165/7573/3165 3425/7970/3425
f 3240/7777/3240 3150/7779/3150 3351/7967/3351
f 3192/7275/3192 3220/7610/3220 3250/7828/3250
vt 0.267552 0.391284
vt 0.263928 0.395733
f 3409/7971/3409 3381/7913/3381 3172/7972/3172
vt 0.893667 0.296397
vt 0.898746 0.301820
vt 0.894358 0.301991
f 3373/7973/3373 3521/7974/3521 3455/7975/3455
vt 0.404108 0.784354
vt 0.402763 0.773117
vt 0.407914 0.781754
f 3521/7976/3521 3373/7977/3373 3359/7978/3359
vt 0.417324 0.751932
f 3103/7515/3103 3330/7922/3330 3318/7979/3318
vt 0.774253 0.945430
f 3372/7980/3372 3291/7596/3291 3247/7413/3247
vt 0.528021 0.742517
f 3414/7759/3414 3236/7941/3236 3425/7981/3425
vt 0.075395 0.508003
f 3352/7982/3352 3288/7817/3288 3290/7742/3290
f 3352/7982/3352 3290/7742/3290 3238/7744/3238
vt 0.427591 0.760815
f 3324/7983/3324 3323/7928/3323 3271/7927/3271
vt 0.776088 0.935032
f 3191/7722/3191 3210/7655/3210 3492/7984/3492
vt 0.355467 0.321987
f 3415/7805/3415 3319/7985/3319 3142/7806/3142
vt 0.573483 0.924400
vt 0.569328 0.915786
vt 0.575303 0.921268
f 3493/7986/3493 3243/7987/3243 3368/7988/3368
f 3243/7987/3243 3493/7986/3493 3334/7695/3334
f 3199/7646/3199 3202/7520/3202 3342/7852/3342
vt 0.375521 0.713900
f 3215/7643/3215 3239/7724/3239 3399/7989/3399
vt 0.715666 0.682915
f 3296/7546/3296 3360/7855/3360 3428/7990/3428
f 3107/7788/3107 3396/7892/3396 3297/7789/3297
vt 0.384899 0.058679
f 3374/7991/3374 3171/7865/3171 3268/7867/3268
vt 0.365327 0.702852
f 3215/7643/3215 3303/7992/3303 3268/7766/3268
vt 0.197869 0.023350
vt 0.194564 0.021440
vt 0.197302 0.021178
f 3328/7993/3328 3285/7994/3285 3388/7995/3388
vt 0.371385 0.731427
f 2959/7082/2959 3634/7996/3634 3276/6348/3276
vt 0.550304 0.935620
f 3230/7760/3230 3157/7231/3157 3329/7997/3329
vt 0.608670 0.478188
f 3277/7771/3277 3380/7998/3380 3365/7958/3365
vt 0.046474 0.508882
f 3346/7932/3346 3413/7999/3413 3229/7930/3229
f 3277/7771/3277 3274/7907/3274 3380/7998/3380
vt 0.058682 0.505753
vt 0.061031 0.502231
f 3346/8000/3346 3258/8001/3258 3287/7938/3287
vt 0.777401 0.986033
vt 0.778490 0.982246
f 3294/8002/3294 3275/7666/3275 3295/8003/3295
f 3375/7829/3375 3392/7919/3392 3279/7861/3279
vt 0.230292 0.549205
vt 0.227242 0.541193
f 3281/7816/3281 3438/8004/3438 3292/8005/3292
vt 0.148788 0.485399
vt 0.147691 0.488308
f 3266/7840/3266 3378/8006/3378 3349/8007/3349
f 3378/7844/3378 3156/7588/3156 3190/7715/3190
vt 0.610477 0.895092
vt 0.615221 0.900724
f 3164/7622/3164 3298/8008/3298 3316/8009/3316
vt 0.586555 0.521240
vt 0.587986 0.519923
vt 0.590131 0.520014
f 3324/8010/3324 3271/8011/3271 3325/8012/3325
vt 0.375545 0.497569
f 3425/7970/3425 3165/7573/3165 3371/8013/3371
vt 0.588160 0.518675
f 3246/8014/3246 3325/8012/3325 3271/8011/3271
f 3238/7744/3238 3242/7808/3242 3354/7969/3354
vt 0.197445 0.042861
f 3388/8015/3388 3285/7952/3285 3293/7951/3293
vt 0.353458 0.687613
vt 0.355222 0.690874
f 3401/8016/3401 3308/7853/3308 3417/8017/3417
f 3291/7596/3291 3372/7980/3372 3284/7804/3284
vt 0.776232 0.953378
f 3477/8018/3477 3284/7804/3284 3372/7980/3372
vt 0.755183 0.874347
vt 0.758885 0.872065
f 3280/7511/3280 3296/8019/3296 3428/8020/3428
vt 0.870553 0.597861
f 3310/7631/3310 3302/7518/3302 3471/8021/3471
vt 0.852465 0.276901
vt 0.852749 0.280016
vt 0.844352 0.273067
f 3299/8022/3299 3310/8023/3310 3282/8024/3282
vt 0.054474 0.134621
f 3341/8025/3341 3295/7955/3295 3349/7954/3349
vt 0.772433 0.925771
f 3321/8026/3321 3210/7655/3210 3332/7908/3332
f 3157/7231/3157 3355/7813/3355 3329/7997/3329
vt 0.771887 0.858044
f 3025/8027/3025 3286/7901/3286 3019/6365/3019
f 3332/7908/3332 3265/7739/3265 3397/7910/3397
f 3313/7812/3313 3230/7760/3230 3329/7997/3329
vt 0.635849 0.900381
f 3627/7630/3627 3601/8028/3601 2722/6389/2722
vt 0.874332 0.479283
f 3334/7627/3334 3433/8029/3433 3355/7811/3355
vt 0.843787 0.369687
vt 0.849220 0.365479
vt 0.848639 0.377284
f 3287/8030/3287 3288/8031/3288 3423/8032/3423
vt 0.226848 0.211640
vt 0.224114 0.211274
vt 0.223610 0.208882
f 3352/8033/3352 3423/8034/3423 3288/8035/3288
vt 0.962669 0.337411
f 3190/7720/3190 3225/7670/3225 3270/8036/3270
vt 0.622734 0.529723
f 3201/7807/3201 3192/7275/3192 3500/8037/3500
vt 0.038394 0.931230
f 3367/7733/3367 3240/7777/3240 3387/8038/3387
vt 0.227582 0.544616
f 3347/8039/3347 3292/8005/3292 3438/8004/3438
vt 0.379679 0.714681
f 3283/8040/3283 3399/7989/3399 3239/7724/3239
f 3270/7851/3270 3284/7804/3284 3477/8018/3477
f 3347/7920/3347 3377/7926/3377 3195/7681/3195
vt 0.570098 0.748499
vt 0.568243 0.750263
f 3208/8041/3208 3326/8042/3326 3209/7536/3209
vt 0.204491 0.454669
f 3326/8043/3326 3208/7917/3208 3392/7919/3392
vt 0.507609 0.747352
f 3600/7615/3600 3176/7183/3176 3538/8044/3538
vt 0.558738 0.750294
f 3358/7921/3358 3316/8045/3316 3298/7709/3298
vt 0.566282 0.749730
f 3358/7921/3358 3209/7536/3209 3326/8046/3326
vt 0.387243 0.733987
f 3267/7834/3267 3483/8047/3483 3269/7879/3269
vt 0.537683 0.742906
f 3371/8048/3371 3165/7660/3165 3315/7848/3315
vt 0.731082 0.557596
f 3306/6383/3306 2858/6866/2858 3571/8049/3571
vt 0.710901 0.683286
f 3327/7963/3327 3360/8050/3360 3262/7782/3262
vt 0.837365 0.268282
vt 0.846267 0.267976
f 3409/8051/3409 3172/8052/3172 3282/8024/3282
vt 0.127723 0.508116
vt 0.120669 0.509756
vt 0.120855 0.506112
f 3335/8053/3335 3395/8054/3395 3328/8055/3328
vt 0.340637 0.580094
f 3394/8056/3394 3396/7892/3396 3336/7891/3336
f 3471/8021/3471 3302/7518/3302 3245/7785/3245
vt 0.397177 0.777010
vt 0.399184 0.780590
f 3206/8057/3206 3373/7977/3373 3455/8058/3455
vt 0.059097 0.962152
vt 0.055784 0.965362
f 3322/8059/3322 3363/7966/3363 3402/8060/3402
f 3247/7413/3247 3191/7722/3191 3372/7980/3372
vt 0.784702 0.342059
vt 0.786615 0.339950
f 3224/7653/3224 3390/8061/3390 3283/8062/3283
vt 0.382838 0.720611
f 3390/8063/3390 3224/7880/3224 3269/7879/3269
vt 0.597140 0.010167
vt 0.598282 0.009252
vt 0.598617 0.010831
f 3345/8064/3345 3373/8065/3373 3206/8066/3206
vt 0.960021 0.342155
f 3270/8036/3270 3343/8067/3343 3190/7720/3190
vt 0.394293 0.781855
f 3459/8068/3459 3206/8057/3206 3455/8058/3455
vt 0.605146 0.519621
f 3328/7949/3328 3395/8069/3395 3350/7608/3350
vt 0.768989 0.873557
vt 0.776068 0.876124
f 3579/8070/3579 3115/7000/3115 3306/8071/3306
vt 0.359702 0.691266
f 3374/8072/3374 3417/8017/3417 3308/7853/3308
vt 0.347524 0.575749
vt 0.352557 0.579023
vt 0.351191 0.588341
f 3170/8073/3170 3367/8074/3367 3606/8075/3606
vt 0.216400 0.722214
vt 0.214801 0.722651
f 3204/8076/3204 3149/7671/3149 3385/8077/3385
vt 0.051917 0.947915
vt 0.045955 0.951130
f 3305/7968/3305 3204/8078/3204 3385/8079/3385
vt 0.394660 0.734508
f 3267/7834/3267 3289/8080/3289 3483/8047/3483
vt 0.413590 0.391706
vt 0.412026 0.389300
f 3374/7888/3374 3268/8081/3268 3382/8082/3382
vt 0.635082 0.890270
vt 0.631923 0.887351
f 3233/7884/3233 3400/8083/3400 3375/8084/3375
vt 0.203594 0.446459
f 3392/7919/3392 3375/7829/3375 3400/8085/3400
f 3160/7442/3160 3413/7923/3413 3327/7963/3327
vt 0.094186 0.390983
vt 0.097934 0.391672
vt 0.094898 0.399487
f 3264/8086/3264 3206/8087/3206 3459/8088/3459
f 3252/7856/3252 3438/8004/3438 3281/7816/3281
vt 0.720989 0.450530
vt 0.724016 0.453508
vt 0.720634 0.454583
f 3398/8089/3398 3362/8090/3362 3249/8091/3249
vt 0.090109 0.500225
f 3238/7744/3238 3354/7969/3354 3467/8092/3467
vt 0.060905 0.508320
f 3346/8000/3346 3287/7938/3287 3391/8093/3391
vt 0.906622 0.222235
vt 0.901833 0.220933
vt 0.910743 0.220670
f 3259/8094/3259 3365/8095/3365 3320/8096/3320
vt 0.560597 0.937370
f 3329/7997/3329 3355/7813/3355 3519/8097/3519
vt 0.081637 0.512334
f 3238/7744/3238 3406/8098/3406 3352/7982/3352
vt 0.083436 0.507679
f 3353/8099/3353 3406/8098/3406 3238/7744/3238
vt 0.125977 0.502818
f 3388/8100/3388 3335/8053/3335 3328/7962/3328
vt 0.368489 0.710099
f 3215/7643/3215 3469/8101/3469 3303/7992/3303
vt 0.937555 0.337941
vt 0.934138 0.337241
f 3603/8102/3603 3018/8103/3018 3513/7604/3513
vt 0.834929 0.276286
f 3282/8024/3282 3310/8023/3310 3511/8104/3511
vt 0.378987 0.715592
vt 0.376682 0.718726
f 3399/7989/3399 3283/8105/3283 3419/8106/3419
vt 0.204947 0.729119
f 3149/7671/3149 3322/7795/3322 3389/8107/3389
vt 0.093563 0.386294
f 3264/8086/3264 3345/8108/3345 3206/8087/3206
vt 0.766901 0.907678
f 3397/7910/3397 3251/7909/3251 3362/8109/3362
vt 0.267433 0.570095
vt 0.266349 0.573572
f 3436/8110/3436 3220/8111/3220 3214/7445/3214
vt 0.777304 0.989466
vt 0.781617 0.988248
f 3273/8112/3273 3294/8002/3294 3429/8113/3429
f 3295/8003/3295 3429/8113/3429 3294/8002/3294
vt 0.392562 0.739787
f 3338/7902/3338 3199/7646/3199 3366/8114/3366
vt 0.781747 0.959822
vt 0.778572 0.967394
vt 0.776401 0.964614
f 3456/8115/3456 3343/8116/3343 3270/8117/3270
vt 0.362096 0.698166
vt 0.365077 0.702694
f 3382/8118/3382 3268/7766/3268 3303/8119/3303
vt 0.832128 0.541041
vt 0.835385 0.541255
f 3408/8120/3408 2759/7619/2759 3411/8121/3411
f 3199/7646/3199 3342/7852/3342 3366/8114/3366
f 3319/7484/3319 3411/8121/3411 2759/7619/2759
f 3456/8115/3456 3270/7851/3270 3477/8018/3477
f 3170/8073/3170 3394/8056/3394 3336/7891/3336
vt 0.912056 0.217202
vt 0.905793 0.216093
f 3354/8122/3354 3320/8096/3320 3443/8123/3443
vt 0.708600 0.313642
vt 0.708016 0.308438
vt 0.711491 0.308087
f 3384/8124/3384 3423/8125/3423 3352/8126/3352
f 3325/7833/3325 3350/7608/3350 3395/8069/3395
vt 0.599566 0.526215
f 3325/7833/3325 3395/8069/3395 3505/8127/3505
vt 0.591800 0.524319
vt 0.590063 0.520166
f 3361/8128/3361 3324/8010/3324 3325/8129/3325
vt 0.856254 0.374122
vt 0.859268 0.376208
vt 0.852109 0.380779
f 3352/8130/3352 3406/8131/3406 3384/8132/3384
f 3320/8096/3320 3365/8095/3365 3443/8123/3443
vt 0.768855 0.899268
f 3376/7723/3376 3509/8133/3509 3249/7746/3249
vt 0.792737 0.948553
vt 0.789354 0.946184
f 3050/6225/3050 2818/8134/2818 3632/8135/3632
vt 0.693965 0.684070
vt 0.695128 0.688148
f 3448/8136/3448 3413/7923/3413 3346/8137/3346
vt 0.765441 0.888553
f 3376/7723/3376 3179/7620/3179 3462/8138/3462
vt 0.650662 0.878422
f 3278/7885/3278 3377/8139/3377 3379/7883/3379
vt 0.611260 0.475330
f 3380/7998/3380 3274/7907/3274 3420/8140/3420
f 3179/7620/3179 3364/7429/3364 3462/8138/3462
f 3217/7685/3217 3459/7857/3459 3442/7700/3442
vt 0.087873 0.505928
f 3353/8099/3353 3238/7744/3238 3502/8141/3502
vt 0.531039 0.944049
vt 0.537878 0.949339
f 3301/8142/3301 3237/7768/3237 3426/8143/3426
f 3337/7764/3337 3232/7317/3232 3063/7512/3063
f 3238/7744/3238 3467/8092/3467 3502/8141/3502
vt 0.842032 0.373351
f 3423/8032/3423 3391/8144/3391 3287/8030/3287
vt 0.528771 0.946289
f 3274/8145/3274 3301/8142/3301 3426/8143/3426
vt 0.956102 0.344873
f 3378/8146/3378 3190/7720/3190 3343/8067/3343
vt 0.350886 0.707265
f 3534/7203/3534 3127/6814/3127 3623/8147/3623
vt 0.437160 0.859784
vt 0.439351 0.865293
vt 0.435514 0.863301
f 3407/8148/3407 3360/8149/3360 3327/8150/3327
vt 0.764090 0.879808
f 3280/7511/3280 3428/8020/3428 3435/8151/3435
vt 0.868158 0.592113
f 3245/7785/3245 3401/7868/3401 3489/8152/3489
vt 0.618493 0.121472
vt 0.617532 0.119557
f 3410/8153/3410 3342/7915/3342 3318/8154/3318
f 3471/8021/3471 3245/7785/3245 3489/8152/3489
vt 0.409809 0.752944
f 3318/7979/3318 3330/7922/3330 3410/8155/3410
vt 0.613401 0.515523
vt 0.616333 0.513294
vt 0.617032 0.519310
f 3388/8156/3388 3293/8157/3293 3439/8158/3439
vt 0.103995 0.022761
vt 0.107131 0.024929
vt 0.103376 0.025087
f 3231/8159/3231 3623/8160/3623 3127/8161/3127
vt 0.318348 0.575136
f 3339/7939/3339 3297/7789/3297 3454/8162/3454
f 3215/7643/3215 3399/7989/3399 3469/8101/3469
vt 0.139065 0.505576
f 3403/7871/3403 3526/8163/3526 3293/7953/3293
vt 0.057740 0.970649
f 3402/8060/3402 3363/7966/3363 3487/8164/3487
vt 0.106708 0.021715
f 3623/8160/3623 3231/8159/3231 3629/8165/3629
vt 0.842178 0.375783
f 3391/8144/3391 3423/8032/3423 3450/8166/3450
vt 0.781670 0.990881
f 3403/8167/3403 3273/8112/3273 3429/8113/3429
vt 0.141280 0.497730
vt 0.145110 0.492852
vt 0.146874 0.500302
f 3429/8168/3429 3295/8169/3295 3562/8170/3562
vt 0.190565 0.388345
f 3253/6538/3253 3618/8171/3618 3636/7934/3636
vt 0.360438 0.584209
f 3367/8074/3367 3387/8172/3387 3606/8075/3606
f 3492/7984/3492 3210/7655/3210 3321/8026/3321
vt 0.054472 0.961959
f 3389/8173/3389 3322/8059/3322 3402/8060/3402
f 3606/8075/3606 3394/8056/3394 3170/8073/3170
vt 0.296878 0.570410
f 3235/7775/3235 3339/7939/3339 3474/8174/3474
vt 0.053193 0.954250
vt 0.048477 0.961893
f 3149/8175/3149 3389/8176/3389 3385/8079/3385
f 3364/7429/3364 3280/7511/3280 3435/8151/3435
vt 0.689226 0.687723
f 3391/8177/3391 3448/8136/3448 3346/8137/3346
vt 0.624629 0.551637
f 3250/7828/3250 3220/7610/3220 3393/8178/3393
vt 0.464890 0.345956
f 3231/7417/3231 3348/7418/3348 3629/8179/3629
vt 0.281072 0.565458
f 3340/7637/3340 3235/7775/3235 3453/8180/3453
vt 0.764962 0.904158
f 3509/8133/3509 3398/8181/3398 3249/7746/3249
vt 0.337002 0.595449
vt 0.338361 0.591813
f 3153/8182/3153 3446/8183/3446 3337/7764/3337
vt 0.783058 0.975886
vt 0.781396 0.980483
vt 0.777153 0.978325
f 3512/8184/3512 3341/8185/3341 3349/8186/3349
f 3349/8186/3349 3378/7844/3378 3512/8184/3512
vt 0.396309 0.737107
f 3338/8187/3338 3366/8114/3366 3289/8080/3289
vt 0.617212 0.915759
vt 0.615152 0.914462
f 3253/8188/3253 3431/7772/3431 3609/8189/3609
vt 0.555066 0.749867
f 3445/7754/3445 3164/7621/3164 3316/8190/3316
vt 0.626016 0.891691
vt 0.631394 0.893758
f 3392/8191/3392 3400/8083/3400 3460/8192/3460
vt 0.622908 0.894486
vt 0.624036 0.899372
vt 0.617937 0.895502
f 3326/8193/3326 3412/8194/3412 3358/8195/3358
vt 0.612989 0.479500
f 3420/8140/3420 3457/8196/3457 3380/7998/3380
f 3237/7768/3237 3313/7812/3313 3426/8143/3426
vt 0.529345 0.951135
f 3274/8145/3274 3426/8143/3426 3420/8197/3420
vt 0.330244 0.202814
vt 0.332283 0.205769
vt 0.327614 0.205281
f 3371/8198/3371 3315/8199/3315 3480/8200/3480
vt 0.612174 0.484919
f 3365/7958/3365 3380/7998/3380 3421/8201/3421
f 3421/8201/3421 3380/7998/3380 3457/8196/3457
f 3326/8193/3326 3392/8191/3392 3412/8194/3412
vt 0.546686 0.953131
f 3582/5290/3582 3616/8202/3616 3066/5292/3066
f 3316/8009/3316 3358/8195/3358 3412/8194/3412
vt 0.701146 0.679597
f 3327/7963/3327 3413/7923/3413 3437/8203/3437
vt 0.567239 0.453497
vt 0.570416 0.453105
f 3309/8204/3309 3494/8205/3494 3100/6100/3100
vt 0.424648 0.853481
vt 0.420105 0.852900
vt 0.418871 0.849958
f 3448/8206/3448 3391/8207/3391 3450/8208/3450
vt 0.779094 0.942924
f 3372/7980/3372 3191/7722/3191 3560/8209/3560
vt 0.418051 0.760345
f 3330/7922/3330 3331/7581/3331 3468/8210/3468
f 3468/8210/3468 3331/7581/3331 3323/7928/3323
vt 0.653925 0.877252
vt 0.655433 0.878135
f 3377/8211/3377 3347/7920/3347 3441/8212/3441
vt 0.541104 0.747251
f 3480/8213/3480 3315/7848/3315 3357/7929/3357
vt 0.376441 0.501107
f 3425/7970/3425 3371/8013/3371 3549/8214/3549
f 3452/6667/3452 3633/7449/3633 2748/6436/2748
vt 0.582393 0.936920
vt 0.577263 0.935168
f 3100/8215/3100 3494/8216/3494 3641/7462/3641
vt 0.583863 0.525557
f 3324/8010/3324 3361/8128/3361 3323/8217/3323
vt 0.960558 0.346879
f 3343/8067/3343 3430/8218/3430 3378/8146/3378
vt 0.415149 0.383712
vt 0.412999 0.384680
f 3417/8219/3417 3374/7888/3374 3440/8220/3440
f 3496/7441/3496 3415/7805/3415 3404/7439/3404
f 3637/7226/3637 3572/7730/3572 3178/5605/3178
vt 0.170313 0.387487
vt 0.165488 0.393246
vt 0.167591 0.388194
f 3488/8221/3488 3383/8222/3383 3517/8223/3517
f 3487/8164/3487 3363/7966/3363 3317/7965/3317
vt 0.594095 0.542500
vt 0.596023 0.539958
vt 0.599259 0.547579
f 3484/8224/3484 3517/8225/3517 3383/8226/3383
vt 0.361715 0.708202
f 3303/7992/3303 3469/8101/3469 3451/8227/3451
vt 0.858158 0.380913
f 3405/8228/3405 3384/8132/3384 3406/8131/3406
vt 0.775260 0.890648
f 3514/7291/3514 3416/8229/3416 3312/7292/3312
vt 0.126519 0.511172
f 3395/8054/3395 3335/8053/3335 3466/8230/3466
vt 0.613697 0.519547
f 3388/8156/3388 3439/8158/3439 3335/8231/3335
vt 0.369485 0.321161
f 3639/8232/3639 3496/7441/3496 3144/7440/3144
vt 0.379488 0.149911
vt 0.383159 0.149118
vt 0.384077 0.153742
f 3359/8233/3359 3383/8234/3383 3449/8235/3449
vt 0.131983 0.508116
f 3526/8163/3526 3439/8236/3439 3293/7953/3293
vt 0.045937 0.109523
vt 0.040861 0.109320
vt 0.045076 0.107251
f 3269/8237/3269 3525/8238/3525 3390/8239/3390
f 3144/7440/3144 3307/7626/3307 3639/8232/3639
vt 0.534084 0.055035
f 2925/7729/2925 2861/7728/2861 3599/8240/3599
vt 0.269339 0.562111
f 3422/8241/3422 3340/7637/3340 3453/8180/3453
vt 0.489761 0.278854
vt 0.493869 0.280475
vt 0.492787 0.282736
f 3330/8242/3330 3468/8243/3468 3427/8244/3427
vt 0.853244 0.410473
vt 0.846584 0.409930
vt 0.850318 0.404482
f 3485/8245/3485 3467/8246/3467 3354/8247/3354
vt 0.399669 0.317741
vt 0.398742 0.315543
f 2940/8248/2940 3554/7162/3554 3307/8249/3307
vt 0.991064 0.332959
vt 0.983922 0.339240
vt 0.984265 0.334559
f 3502/8250/3502 3406/8251/3406 3353/8252/3353
vt 0.685839 0.052629
vt 0.685589 0.049850
vt 0.689082 0.053456
f 3489/8253/3489 3401/8254/3401 3481/8255/3481
vt 0.608664 0.549552
f 3370/7831/3370 3530/7830/3530 3369/8256/3369
vt 0.407843 0.757252
f 3470/8257/3470 3410/8155/3410 3330/7922/3330
vt 0.373279 0.734922
f 3276/6348/3276 3634/8258/3634 3588/7686/3588
vt 0.429679 0.858005
vt 0.426236 0.848684
f 3413/8259/3413 3448/8206/3448 3569/8260/3569
f 3462/8138/3462 3364/7429/3364 3435/8151/3435
vt 0.593476 0.548965
f 3383/8226/3383 3359/8261/3359 3484/8224/3484
vt 0.778486 0.915128
f 3583/8262/3583 3080/7002/3080 3630/7603/3630
vt 0.278127 0.390758
f 3543/7911/3543 3381/7913/3381 3626/8263/3626
vt 0.591283 0.528116
f 3361/8128/3361 3464/8264/3464 3323/8217/3323
vt 0.773326 0.908434
f 3599/8265/3599 3362/8109/3362 3472/7935/3472
vt 0.766856 0.905103
f 3362/8109/3362 3398/8266/3398 3472/7935/3472
vt 0.411260 0.385109
f 3382/8082/3382 3440/8267/3440 3374/7888/3374
f 3397/7910/3397 3362/8109/3362 3599/8265/3599
vt 0.379376 0.721128
vt 0.376628 0.719048
vt 0.381399 0.717854
f 3390/8268/3390 3419/8269/3419 3283/8270/3283
vt 0.380088 0.724639
f 3269/7879/3269 3483/8047/3483 3525/8271/3525
vt 0.654890 0.883086
f 3377/8139/3377 3441/8272/3441 3379/7883/3379
f 3385/8079/3385 3351/7967/3351 3305/7968/3305
vt 0.148900 0.492533
f 3341/8273/3341 3562/8170/3562 3295/8169/3295
vt 0.037930 0.940787
f 3478/8274/3478 3240/7777/3240 3351/7967/3351
f 3508/7869/3508 3050/6225/3050 3632/8135/3632
f 3579/8070/3579 3520/7818/3520 3115/7000/3115
vt 0.788178 0.967016
vt 0.783265 0.971323
f 3458/8275/3458 3430/8276/3430 3343/8116/3343
vt 0.602022 0.546943
f 3383/8277/3383 3370/7831/3370 3369/8256/3369
f 3474/8174/3474 3453/8180/3453 3235/7775/3235
vt 0.599363 0.538758
f 3488/8278/3488 3370/7831/3370 3383/8277/3383
f 3412/8194/3412 3392/8191/3392 3460/8192/3460
vt 0.372460 0.502413
f 3531/8279/3531 3425/7970/3425 3549/8214/3549
vt 0.772926 0.881135
f 3571/8280/3571 3579/8070/3579 3306/8071/3306
vt 0.377993 0.499271
f 3371/8013/3371 3480/8281/3480 3549/8214/3549
f 3422/8241/3422 3432/7697/3432 3340/7637/3340
f 3452/6667/3452 3252/7856/3252 3344/7699/3344
vt 0.350545 0.692950
f 3417/8017/3417 3481/8282/3481 3401/8016/3401
vt 0.755777 0.869555
vt 0.760848 0.862858
f 3360/8283/3360 3407/8284/3407 3520/7818/3520
f 3560/8209/3560 3191/7722/3191 3492/7984/3492
vt 0.957650 0.348734
f 3512/8285/3512 3378/8146/3378 3430/8218/3430
vt 0.414614 0.760108
vt 0.415809 0.757572
f 3427/8286/3427 3470/8257/3470 3330/8287/3330
f 3456/8115/3456 3458/8275/3458 3343/8116/3343
vt 0.432737 0.855376
f 3569/8260/3569 3437/8288/3437 3413/8259/3413
vt 0.896691 0.304224
f 3521/7974/3521 3386/8289/3386 3455/7975/3455
f 3509/8133/3509 3376/7723/3376 3462/8138/3462
vt 0.767532 0.904191
f 3472/7935/3472 3398/8290/3398 3509/8133/3509
vt 0.417611 0.764645
f 3468/8210/3468 3323/7928/3323 3532/8291/3532
vt 0.416736 0.846005
vt 0.412049 0.846643
vt 0.410013 0.843177
f 3461/8292/3461 3423/8293/3423 3384/8294/3384
vt 0.424535 0.768625
f 3532/8291/3532 3323/7928/3323 3464/8295/3464
f 3423/8293/3423 3461/8292/3461 3450/8208/3450
vt 0.645047 0.888413
f 3233/7884/3233 3379/7883/3379 3536/8296/3536
f 3233/7884/3233 3536/8296/3536 3400/8083/3400
vt 0.353723 0.696031
vt 0.356857 0.694608
f 3501/8297/3501 3417/8017/3417 3440/8298/3440
vt 0.769296 0.308869
vt 0.771690 0.302651
vt 0.773474 0.306712
f 3561/8299/3561 2948/8300/2948 3555/8301/3555
vt 0.270654 0.390191
f 3381/7913/3381 3409/8302/3409 3626/8263/3626
f 3297/7789/3297 3396/7892/3396 3454/8162/3454
vt 0.408773 0.392217
vt 0.409194 0.387398
f 3303/8303/3303 3440/8304/3440 3382/8082/3382
vt 0.854349 0.383924
vt 0.851775 0.380806
f 3405/8228/3405 3473/8305/3473 3384/8306/3384
vt 0.401700 0.395458
vt 0.401462 0.391163
f 3303/8303/3303 3451/8307/3451 3593/8308/3593
vt 0.858226 0.385297
f 3463/8309/3463 3473/8305/3473 3405/8228/3405
vt 0.508142 0.743242
f 3368/7948/3368 3414/7759/3414 3490/8310/3490
vt 0.280286 0.383931
vt 0.285095 0.385679
f 3626/8263/3626 3604/8311/3604 3177/8312/3177
vt 0.079596 0.522111
vt 0.081042 0.518393
vt 0.082592 0.523596
f 3463/8313/3463 3405/8314/3405 3522/8315/3522
vt 0.257329 0.565271
f 3633/7449/3633 3610/8316/3610 3110/7224/3110
vt 0.371076 0.507673
f 3434/8317/3434 3425/7970/3425 3531/8279/3531
vt 0.522480 0.744528
f 3414/7759/3414 3425/7981/3425 3434/8318/3434
vt 0.565409 0.931075
f 3433/8319/3433 3334/7695/3334 3493/7986/3493
f 3519/8097/3519 3355/7813/3355 3433/8319/3433
vt 0.375955 0.723985
f 3419/8269/3419 3390/8268/3390 3524/8320/3524
vt 0.252249 0.558017
f 3344/7699/3344 3432/7697/3432 3533/8321/3533
f 3110/7224/3110 3610/8316/3610 3214/7445/3214
vt 0.781248 0.948523
f 3372/7980/3372 3444/8322/3444 3477/8018/3477
vt 0.547857 0.944332
f 3313/7812/3313 3329/7997/3329 3539/8323/3539
vt 0.899070 0.215807
vt 0.895997 0.218132
f 3499/8324/3499 3365/8095/3365 3421/8325/3421
f 3289/8080/3289 3366/8114/3366 3483/8047/3483
vt 0.398750 0.754561
f 3342/7852/3342 3410/8155/3410 3559/8326/3559
vt 0.673470 0.165958
vt 0.679743 0.164141
vt 0.684543 0.167515
f 3539/8327/3539 3329/8328/3329 3519/8329/3519
f 3360/8283/3360 3520/7818/3520 3428/8020/3428
vt 0.853112 0.408692
f 3354/8247/3354 3443/8330/3443 3485/8245/3485
vt 0.626439 0.527318
f 3201/7807/3201 3500/8037/3500 3622/8331/3622
vt 0.706103 0.679090
f 3407/8332/3407 3327/7963/3327 3437/8203/3437
vt 0.497919 0.282621
f 3468/8243/3468 3532/8333/3532 3427/8244/3427
vt 0.054491 0.973932
f 3515/8334/3515 3487/8164/3487 3317/7965/3317
vt 0.784318 0.977905
f 3512/8184/3512 3506/8335/3506 3341/8185/3341
f 3365/8095/3365 3499/8324/3499 3443/8123/3443
vt 0.360626 0.511845
vt 0.364172 0.506608
vt 0.364882 0.511384
f 3490/8336/3490 3414/8337/3414 3504/8338/3504
f 3511/8104/3511 3409/8051/3409 3282/8024/3282
f 3481/8282/3481 3417/8017/3417 3501/8297/3501
vt 0.174914 0.213152
vt 0.171386 0.210822
f 3025/6559/3025 3598/8339/3598 3286/8340/3286
vt 0.576458 0.929969
f 3433/8319/3433 3493/7986/3493 3486/8341/3486
f 3440/8304/3440 3303/8303/3303 3593/8308/3593
vt 0.038845 0.952648
f 3607/8342/3607 3351/7967/3351 3385/8079/3385
f 3435/8151/3435 3428/8020/3428 3579/8070/3579
f 3500/8037/3500 3192/7275/3192 3619/7827/3619
vt 0.272604 0.573849
f 3220/8111/3220 3436/8110/3436 3393/8343/3393
vt 0.097269 0.384769
vt 0.094521 0.384784
vt 0.096058 0.380694
f 3373/8344/3373 3345/8345/3345 3551/8346/3551
vt 0.036863 0.937138
f 3478/8274/3478 3387/8347/3387 3240/7777/3240
vt 0.986602 0.343255
vt 0.982020 0.345036
f 3406/8251/3406 3542/8348/3542 3405/8349/3405
f 3474/8174/3474 3339/7939/3339 3454/8162/3454
vt 0.988731 0.339267
f 3476/8350/3476 3542/8348/3542 3406/8251/3406
vt 0.534033 0.754659
f 3537/7650/3537 3631/8351/3631 2803/6940/2803
vt 0.369970 0.717292
f 3584/8352/3584 3469/8101/3469 3399/7989/3399
vt 0.520593 0.744359
f 3504/8353/3504 3414/7759/3414 3434/8318/3434
f 3476/8350/3476 3406/8251/3406 3502/8250/3502
f 3419/8106/3419 3584/8352/3584 3399/7989/3399
vt 0.042102 0.107095
f 3525/8238/3525 3524/8354/3524 3390/8239/3390
vt 0.596479 0.530685
f 3464/8264/3464 3361/8128/3361 3465/8355/3465
vt 0.537445 0.758209
f 3631/8351/3631 3431/8356/3431 2803/6940/2803
vt 0.618513 0.905252
f 3503/8357/3503 3316/8009/3316 3412/8194/3412
vt 0.349350 0.395941
vt 0.347896 0.391005
f 3505/8358/3505 3361/8359/3361 3325/7906/3325
vt 0.344034 0.396457
f 3361/8359/3361 3505/8358/3505 3465/8360/3465
vt 0.606679 0.522302
vt 0.609598 0.523653
f 3505/8127/3505 3395/8361/3395 3466/8362/3466
vt 0.548430 0.753551
f 3445/7754/3445 3316/8190/3316 3497/8363/3497
f 3426/8143/3426 3313/7812/3313 3539/8323/3539
vt 0.153410 0.495104
f 3341/8273/3341 3506/8364/3506 3562/8170/3562
vt 0.262704 0.024914
vt 0.258316 0.024071
vt 0.258425 0.022830
f 3527/8365/3527 3403/8366/3403 3429/8367/3429
vt 0.259203 0.025369
f 3526/8368/3526 3403/8366/3403 3527/8365/3527
f 3444/8322/3444 3372/7980/3372 3560/8209/3560
f 3432/7697/3432 3422/8241/3422 3533/8321/3533
f 3559/8326/3559 3410/8155/3410 3470/8257/3470
f 3250/7828/3250 3393/8178/3393 3530/7830/3530
vt 0.330443 0.590518
f 3153/8182/3153 3442/8369/3442 3446/8183/3446
vt 0.875482 0.592446
f 3471/8021/3471 3489/8152/3489 3529/8370/3529
f 3579/8070/3579 3428/8020/3428 3520/7818/3520
vt 0.876186 0.596866
f 3310/7631/3310 3471/8021/3471 3544/8371/3544
vt 0.841556 0.281379
f 3544/8372/3544 3511/8104/3511 3310/8023/3310
vt 0.409011 0.839439
f 3495/8373/3495 3461/8292/3461 3384/8294/3384
vt 0.505070 0.738271
f 3493/8374/3493 3368/7948/3368 3490/8310/3490
vt 0.358282 0.697516
vt 0.354583 0.702230
f 3440/8375/3440 3482/8376/3482 3501/8297/3501
f 3569/8260/3569 3448/8206/3448 3450/8208/3450
vt 0.460280 0.346998
f 3348/7418/3348 3638/8377/3638 3629/8179/3629
vt 0.142939 0.503630
f 3527/8378/3527 3429/8168/3429 3562/8170/3562
vt 0.276033 0.379581
vt 0.280555 0.377732
f 3511/7859/3511 2976/8379/2976 2952/8380/2952
vt 0.398228 0.760551
f 3345/7850/3345 3356/7491/3356 3541/8381/3541
vt 0.368630 0.591822
vt 0.359655 0.591970
f 3478/8382/3478 3613/8383/3613 3387/8172/3387
f 3533/8321/3533 3452/6667/3452 3344/7699/3344
vt 0.406557 0.841287
f 3473/8384/3473 3495/8373/3495 3384/8294/3384
f 3356/7491/3356 3211/7544/3211 3541/8381/3541
vt 0.870498 0.029496
vt 0.870539 0.031405
vt 0.868917 0.030782
f 3584/8385/3584 3419/8386/3419 3546/8387/3546
f 3606/8075/3606 3232/7317/3232 3337/7764/3337
vt 0.616996 0.485079
f 3421/8201/3421 3457/8196/3457 3528/8388/3528
vt 0.370855 0.720585
f 3524/8320/3524 3546/8389/3546 3419/8106/3419
vt 0.527765 0.954434
vt 0.527572 0.957026
f 3457/8390/3457 3420/8197/3420 3479/8391/3479
vt 0.985375 0.347120
vt 0.983386 0.348245
f 3540/8392/3540 3522/8393/3522 3405/8349/3405
f 3540/8392/3540 3405/8349/3405 3542/8348/3542
vt 0.409156 0.777938
vt 0.408083 0.772928
f 3484/8394/3484 3359/7978/3359 3635/8395/3635
vt 0.771182 0.890035
f 3509/8133/3509 3462/8138/3462 3552/8396/3552
f 3635/8395/3635 3359/7978/3359 3373/7977/3373
vt 0.094590 0.380869
f 3551/8346/3551 3345/8345/3345 3541/8397/3541
vt 0.935215 0.347479
vt 0.933243 0.342710
vt 0.937239 0.344849
f 3547/8398/3547 3581/8399/3581 3580/8400/3580
vt 0.612747 0.521441
f 3439/8158/3439 3466/8401/3466 3335/8231/3335
vt 0.853060 0.419508
vt 0.845883 0.416675
f 3498/8402/3498 3502/8403/3502 3467/8246/3467
f 3485/8245/3485 3498/8402/3498 3467/8246/3467
vt 0.613097 0.907509
f 3316/8009/3316 3503/8357/3503 3497/8404/3497
vt 0.405891 0.767336
f 3635/8395/3635 3373/7977/3373 3551/8405/3551
f 3379/7883/3379 3441/8272/3441 3536/8296/3536
vt 0.329408 0.210594
vt 0.325467 0.209298
f 3480/8200/3480 3357/8406/3357 3507/8407/3507
vt 0.820290 0.556603
vt 0.823802 0.555385
f 3491/8408/3491 3547/7133/3547 3580/8409/3580
vt 0.047175 0.966751
f 3556/8410/3556 3402/8060/3402 3487/8164/3487
vt 0.543467 0.758271
f 3445/7754/3445 3609/8411/3609 3357/7929/3357
f 3511/7859/3511 3626/8263/3626 3409/8302/3409
f 3397/7910/3397 3599/8265/3599 3583/8262/3583
vt 0.356850 0.705371
f 3593/8412/3593 3482/8376/3482 3440/8375/3440
f 3450/8208/3450 3461/8292/3461 3569/8260/3569
f 3601/8028/3601 3637/7886/3637 2722/6389/2722
f 3332/7908/3332 3397/7910/3397 3583/8262/3583
f 3606/8075/3606 3387/8172/3387 3613/8383/3613
vt 0.402917 0.838953
f 3473/8384/3473 3463/8413/3463 3495/8373/3495
vt 0.401893 0.835030
f 3495/8373/3495 3463/8413/3463 3516/8414/3516
vt 0.593986 0.554835
vt 0.595980 0.553992
f 3447/8415/3447 3359/8261/3359 3449/8416/3449
vt 0.400711 0.836191
f 3463/8413/3463 3522/8417/3522 3516/8414/3516
vt 0.277894 0.209938
vt 0.275530 0.206572
vt 0.280318 0.203452
f 3485/8418/3485 3443/8419/3443 3499/8420/3499
f 3366/8114/3366 3342/7852/3342 3211/7544/3211
vt 0.834358 0.426645
vt 0.838972 0.423563
vt 0.835985 0.428297
f 3540/8421/3540 3542/8422/3542 3548/8423/3548
vt 0.472264 0.316160
f 2880/7903/2880 3556/7905/3556 3605/8424/3605
vt 0.405910 0.788362
vt 0.402277 0.787688
f 3521/7976/3521 3447/8425/3447 3386/8426/3386
f 3605/8424/3605 3418/7118/3418 2880/7903/2880
vt 0.215583 0.547527
vt 0.226286 0.545104
f 3441/8427/3441 3347/8428/3347 3438/8004/3438
vt 0.615226 0.487033
vt 0.612283 0.485008
f 3528/8388/3528 3518/8429/3518 3421/8430/3421
f 3426/8143/3426 3479/8391/3479 3420/8197/3420
vt 0.870272 0.590201
f 3481/8431/3481 3529/8370/3529 3489/8152/3489
vt 0.703249 0.676864
vt 0.700767 0.676863
f 3407/8432/3407 3437/8203/3437 3568/8433/3568
vt 0.872649 0.589061
f 3481/8431/3481 3563/8434/3563 3529/8370/3529
vt 0.553777 0.123018
vt 0.550130 0.118809
vt 0.553348 0.121001
f 3509/8435/3509 3552/8436/3552 3416/8437/3416
f 3438/8004/3438 3252/7856/3252 3452/6667/3452
f 3321/8026/3321 3332/7908/3332 3630/7603/3630
vt 0.500633 0.288571
f 3532/8333/3532 3510/8438/3510 3427/8244/3427
vt 0.785009 0.974099
vt 0.787507 0.971586
f 3512/8439/3512 3430/8276/3430 3567/8440/3567
vt 0.164504 0.399618
vt 0.169646 0.399822
f 3449/8441/3449 3383/8222/3383 3369/8442/3369
f 3430/8276/3430 3458/8275/3458 3567/8440/3567
vt 0.349731 0.695526
f 3501/8297/3501 3563/8443/3563 3481/8282/3481
vt 0.050313 0.970119
f 3515/8334/3515 3605/8444/3605 3487/8164/3487
vt 0.154104 0.502518
f 3562/8170/3562 3506/8364/3506 3561/8445/3561
vt 0.157558 0.494404
vt 0.154938 0.490838
f 3564/8446/3564 3506/8364/3506 3512/8447/3512
vt 0.323890 0.584809
f 3454/8162/3454 3396/7892/3396 3624/8448/3624
vt 0.373044 0.592431
f 3478/8382/3478 3351/8449/3351 3181/7357/3181
f 3521/7976/3521 3359/7978/3359 3447/8425/3447
vt 0.015176 0.130238
vt 0.015262 0.134658
vt 0.010958 0.133898
f 3492/8450/3492 3550/8451/3550 3560/8452/3560
vt 0.764841 0.844085
f 3589/6893/3589 3570/8453/3570 3424/6883/3424
vt 0.370414 0.726081
f 3546/8389/3546 3524/8320/3524 3573/8454/3573
vt 0.148684 0.458651
f 3095/6644/3095 3615/8455/3615 3177/5956/3177
vt 0.281278 0.206681
f 3499/8420/3499 3523/8456/3523 3485/8418/3485
vt 0.855512 0.415333
f 3498/8402/3498 3485/8245/3485 3565/8457/3565
vt 0.859566 0.411163
vt 0.860395 0.408250
vt 0.862923 0.410176
f 3523/8458/3523 3499/8459/3499 3575/8460/3575
vt 0.522326 0.747028
vt 0.527592 0.745977
f 3434/8461/3434 3531/8462/3531 3537/7650/3537
f 3433/8319/3433 3486/8341/3486 3494/8216/3494
f 3519/8097/3519 3433/8319/3433 3494/8216/3494
vt 0.547941 0.946453
vt 0.544836 0.950994
f 3539/8463/3539 3616/8464/3616 3426/8143/3426
vt 0.895837 0.213846
f 3499/8324/3499 3421/8325/3421 3575/8465/3575
vt 0.363016 0.512947
f 3490/8336/3490 3504/8338/3504 3538/8466/3538
vt 0.502287 0.743481
f 3486/8467/3486 3493/8374/3493 3490/8310/3490
f 3601/8028/3601 3412/8194/3412 3460/8192/3460
f 3479/8391/3479 3426/8143/3426 3614/7448/3614
vt 0.893450 0.216587
f 3575/8465/3575 3421/8325/3421 3518/8468/3518
vt 0.617029 0.481640
f 3528/8388/3528 3457/8196/3457 3479/8469/3479
vt 0.678412 0.168317
f 3539/8327/3539 3519/8329/3519 3587/8470/3587
f 3556/8410/3556 3487/8164/3487 3605/8444/3605
f 3402/8060/3402 3556/8410/3556 3389/8176/3389
f 3609/8411/3609 3445/7754/3445 3497/8363/3497
vt 0.538287 0.753378
f 3507/8471/3507 3357/7929/3357 3609/8411/3609
vt 0.611157 0.528072
f 3505/8127/3505 3466/8362/3466 3594/8472/3594
vt 0.894342 0.311162
vt 0.895457 0.306189
vt 0.896782 0.306496
f 3611/8473/3611 3455/8474/3455 3386/8475/3386
vt 0.619661 0.524550
f 3621/8476/3621 3466/8401/3466 3439/8158/3439
f 3471/8021/3471 3529/8370/3529 3544/8371/3544
f 3551/8405/3551 3470/8257/3470 3427/8286/3427
vt 0.287734 0.574785
f 3453/8180/3453 3474/8174/3474 3566/8477/3566
vt 0.314319 0.579899
vt 0.307926 0.579405
f 3454/8162/3454 3545/8478/3545 3535/8479/3535
vt 0.283269 0.393157
f 3615/8480/3615 3543/7911/3543 3626/8263/3626
vt 0.413053 0.764466
f 3427/8286/3427 3510/8481/3510 3551/8405/3551
vt 0.062275 0.979891
vt 0.057021 0.980722
f 3317/7965/3317 3543/8482/3543 3615/8483/3615
vt 0.395824 0.787271
f 3611/8484/3611 3459/8068/3459 3455/8058/3455
f 3474/8174/3474 3454/8162/3454 3535/8479/3535
f 3630/7603/3630 3492/7984/3492 3321/8026/3321
f 3422/8241/3422 3610/8316/3610 3533/8321/3533
vt 0.349190 0.700924
f 3501/8297/3501 3482/8376/3482 3553/8485/3553
vt 0.363257 0.713618
f 3602/8486/3602 3451/8227/3451 3469/8101/3469
vt 0.042773 0.962299
f 3385/8079/3385 3389/8176/3389 3557/8487/3557
f 3557/8487/3557 3607/8342/3607 3385/8079/3385
vt 0.366192 0.717462
f 3602/8486/3602 3469/8101/3469 3584/8488/3584
f 3581/8399/3581 3018/8103/3018 3603/8102/3603
f 3573/8454/3573 2959/7082/2959 3314/7379/3314
vt 0.770629 0.883983
f 3552/8396/3552 3462/8138/3462 3577/8489/3577
vt 0.374802 0.594322
vt 0.375933 0.595559
f 3181/7357/3181 3351/8490/3351 3607/8491/3607
f 3462/8138/3462 3435/8151/3435 3577/8489/3577
f 3509/8133/3509 3416/8229/3416 3514/7291/3514
f 3444/8322/3444 3456/8115/3456 3477/8018/3477
vt 0.374969 0.326636
vt 0.371656 0.326477
f 3522/8492/3522 3540/8493/3540 3639/8232/3639
vt 0.160890 0.491100
f 3564/8446/3564 3512/8447/3512 3567/8494/3567
vt 0.281065 0.208315
f 3590/8495/3590 3485/8418/3485 3523/8456/3523
vt 0.358032 0.719616
f 3573/8454/3573 3314/7379/3314 3111/8496/3111
f 3441/8427/3441 3438/8004/3438 2972/6854/2972
vt 0.833507 0.543785
vt 0.829905 0.545596
f 3408/8120/3408 3411/8497/3411 3513/8498/3513
vt 0.366527 0.509116
vt 0.369282 0.514395
f 3504/8499/3504 3434/8317/3434 3600/8500/3600
vt 0.653625 0.889735
f 3536/8296/3536 3441/8272/3441 3572/8501/3572
vt 0.735797 0.558067
f 3312/8502/3312 3571/8049/3571 2858/6866/2858
vt 0.893178 0.215664
f 3575/8465/3575 3518/8468/3518 3576/8503/3576
f 3601/8028/3601 3627/7630/3627 3412/8194/3412
vt 0.617674 0.487120
f 3518/8429/3518 3528/8388/3528 3576/8504/3576
vt 0.483612 0.125238
vt 0.484131 0.122403
vt 0.486125 0.127258
f 3549/8505/3549 3480/8506/3480 3631/8507/3631
vt 0.849878 0.428037
vt 0.857759 0.422599
vt 0.853011 0.429747
f 3415/8508/3415 3411/8509/3411 3319/8510/3319
vt 0.531797 0.746971
f 3531/8462/3531 3549/8511/3549 3537/7650/3537
vt 0.835699 0.280087
f 3544/8372/3544 3597/8512/3597 3511/8104/3511
f 3515/8334/3515 3317/7965/3317 3095/6339/3095
vt 0.603953 0.535191
f 3578/8513/3578 3619/7827/3619 3370/7831/3370
f 3583/8262/3583 3630/7603/3630 3332/7908/3332
vt 0.767423 0.860393
f 3520/7818/3520 3407/8284/3407 3598/8514/3598
f 3492/7984/3492 3630/7603/3630 3241/6871/3241
vt 0.416832 0.771118
f 3464/8295/3464 3592/8515/3592 3532/8291/3532
vt 0.377998 0.728193
f 3525/8516/3525 3483/8047/3483 3588/7686/3588
vt 0.375824 0.324106
f 3516/8517/3516 3522/8492/3522 3639/8232/3639
f 3626/8263/3626 3511/7859/3511 3604/7858/3604
vt 0.331425 0.586423
f 3624/8448/3624 3396/7892/3396 3625/8518/3625
f 3505/8127/3505 3594/8472/3594 3619/7827/3619
vt 0.368830 0.323491
f 3639/8232/3639 3540/8493/3540 3548/8519/3548
vt 0.348088 0.698417
f 3553/8485/3553 3608/8520/3608 3501/8297/3501
vt 0.191684 0.391516
f 3618/8171/3618 3253/6538/3253 3609/8521/3609
vt 0.841797 0.429381
f 3496/8522/3496 3548/8423/3548 3542/8422/3542
f 3583/8262/3583 2861/6602/2861 3080/7002/3080
f 3509/8133/3509 3514/7291/3514 3472/7935/3472
f 3446/8183/3446 3442/8369/3442 3625/8518/3625
vt 0.843677 0.421896
f 3476/8523/3476 3502/8403/3502 3498/8402/3498
vt 0.592350 0.534014
f 3464/8264/3464 3465/8355/3465 3592/8524/3592
vt 0.135756 0.512861
f 3526/8163/3526 3621/8525/3621 3439/8236/3439
vt 0.601276 0.532243
f 3578/8526/3578 3505/8127/3505 3619/7827/3619
vt 0.525529 0.962721
vt 0.524053 0.960170
f 3491/7770/3491 3576/8527/3576 3528/8528/3528
vt 0.280525 0.572377
f 3566/8477/3566 3586/8529/3586 3453/8180/3453
f 3528/8528/3528 3479/8391/3479 3491/7770/3491
f 3211/7544/3211 3342/7852/3342 3559/8326/3559
f 3460/8192/3460 3400/8083/3400 3601/8028/3601
vt 0.434988 0.850780
f 3437/8288/3437 3569/8260/3569 3568/8530/3568
f 3396/7892/3396 3394/8056/3394 3446/8183/3446
f 3488/8278/3488 3578/8513/3578 3370/7831/3370
vt 0.404900 0.831029
vt 0.409780 0.835935
f 3595/8531/3595 3558/8532/3558 3495/8373/3495
f 3516/8414/3516 3595/8531/3595 3495/8373/3495
f 3394/8056/3394 3606/8075/3606 3446/8183/3446
vt 0.487317 0.124357
f 3507/8533/3507 3631/8507/3631 3480/8506/3480
f 3631/8351/3631 3537/7650/3537 3549/8511/3549
vt 0.781979 0.939540
f 3550/8534/3550 3492/7984/3492 3241/6871/3241
vt 0.412463 0.769123
f 3510/8535/3510 3532/8291/3532 3592/8515/3592
vt 0.437187 0.855692
vt 0.435089 0.850806
vt 0.437406 0.852012
f 3407/8536/3407 3568/8537/3568 3598/8538/3598
f 3501/8297/3501 3608/8520/3608 3563/8443/3563
vt 0.763672 0.301133
vt 0.763988 0.306974
vt 0.760576 0.303222
f 3564/8539/3564 3561/8540/3561 3506/8541/3506
vt 0.615216 0.552964
f 3617/8542/3617 3369/8256/3369 3530/7830/3530
f 3458/8275/3458 3456/8115/3456 3591/7155/3591
f 3572/7730/3572 3441/8427/3441 2890/5624/2890
f 3637/7886/3637 3400/8083/3400 3536/8296/3536
vt 0.422624 0.841032
f 3569/8260/3569 3461/8292/3461 3570/8543/3570
vt 0.136862 0.429426
f 2976/6646/2976 3638/8544/3638 3348/7250/3348
f 3577/8489/3577 3435/8151/3435 3571/8280/3571
f 3571/8280/3571 3435/8151/3435 3579/8070/3579
f 3584/8488/3584 3546/8389/3546 3573/8454/3573
vt 0.036558 0.108167
vt 0.032578 0.111996
f 3524/8545/3524 3525/8238/3525 3588/8546/3588
f 3545/8478/3545 3454/8162/3454 3624/8448/3624
vt 0.414582 0.838034
f 3554/8547/3554 3495/8373/3495 3558/8532/3558
f 3366/8114/3366 3211/7544/3211 3596/7125/3596
f 3436/8110/3436 3422/8241/3422 3453/8180/3453
vt 0.300749 0.577846
f 3474/8174/3474 3535/8479/3535 3585/8548/3585
vt 0.131092 0.514097
vt 0.129244 0.517487
f 3466/8230/3466 3621/8549/3621 3594/8550/3594
f 3610/8316/3610 3422/8241/3422 3436/8110/3436
vt 0.344670 0.399929
f 3465/8360/3465 3505/8358/3505 3578/8551/3578
f 3542/8422/3542 3476/8523/3476 3496/8522/3496
vt 0.611251 0.554956
f 3617/8542/3617 3566/8552/3566 3369/8256/3369
vt 0.280292 0.211271
vt 0.278659 0.211339
f 3485/8418/3485 3590/8553/3590 3565/8554/3565
f 3637/7886/3637 3536/8296/3536 3572/8501/3572
f 3600/7615/3600 3434/8461/3434 3537/7650/3537
vt 0.858540 0.415138
vt 0.861236 0.415059
f 3590/8555/3590 3523/8458/3523 3574/8556/3574
f 3479/8391/3479 3614/7448/3614 3491/7770/3491
vt 0.884726 0.071956
vt 0.890045 0.070925
vt 0.887800 0.073711
f 3616/8557/3616 3539/8558/3539 3587/8559/3587
f 3574/8556/3574 3523/8458/3523 3575/8460/3575
vt 0.380836 0.155313
vt 0.378745 0.154918
f 3449/8235/3449 3585/8560/3585 3447/8561/3447
f 3559/8326/3559 3470/8257/3470 3541/8381/3541
vt 0.293653 0.576271
f 3566/8477/3566 3474/8174/3474 3620/8562/3620
vt 0.134686 0.423405
vt 0.131357 0.424210
vt 0.133054 0.420319
f 3608/8563/3608 3529/8564/3529 3563/8565/3563
vt 0.782347 0.939904
vt 0.786421 0.944003
f 3560/8209/3560 3550/8566/3550 3508/8567/3508
vt 0.273653 0.571268
f 3453/8180/3453 3586/8529/3586 3612/8568/3612
vt 0.403872 0.790851
f 3386/8426/3386 3447/8425/3447 3535/8569/3535
vt 0.401257 0.788849
f 3535/8569/3535 3611/8570/3611 3386/8426/3386
f 3599/8265/3599 3472/7935/3472 2925/6947/2925
f 3482/8376/3482 3593/8412/3593 3623/8147/3623
f 3585/8548/3585 3620/8562/3620 3474/8174/3474
f 3633/7449/3633 3533/8321/3533 3610/8316/3610
f 3526/8163/3526 3527/8378/3527 3622/7786/3622
f 2890/5624/2890 3441/8427/3441 2972/6854/2972
vt 0.399701 0.828370
f 3595/8531/3595 3639/8571/3639 3307/6938/3307
vt 0.774676 0.884830
f 3577/8489/3577 3312/8572/3312 3552/8396/3552
f 3452/6667/3452 3533/8321/3533 3633/7449/3633
f 3456/8115/3456 3444/8322/3444 3591/7155/3591
f 3452/6667/3452 2972/6854/2972 3438/8004/3438
vt 0.396170 0.318359
f 3554/7162/3554 3595/8573/3595 3307/8249/3307
vt 0.766109 0.300357
vt 0.761782 0.297439
f 3642/8574/3642 3564/8539/3564 3567/8575/3567
f 3255/7505/3255 3412/8194/3412 3627/7630/3627
vt 0.208437 0.183980
vt 0.206781 0.179361
vt 0.213054 0.180811
f 3503/8576/3503 3412/8577/3412 3255/8578/3255
vt 0.165810 0.494108
vt 0.164318 0.489902
vt 0.167618 0.490096
f 3628/8579/3628 3567/8580/3567 3458/8581/3458
f 3613/8383/3613 3478/8382/3478 3181/7357/3181
vt 0.553131 0.948140
f 3587/8582/3587 3066/5292/3066 3616/8202/3616
vt 0.363714 0.517214
f 3538/8583/3538 3504/8338/3504 3600/8500/3600
vt 0.771398 0.311093
vt 0.768422 0.312751
f 3561/8299/3561 3555/8584/3555 3562/8585/3562
f 3483/8047/3483 3596/7125/3596 3588/7686/3588
f 3366/8114/3366 3596/7125/3596 3483/8047/3483
vt 0.054231 0.974080
f 3418/7395/3418 3515/8586/3515 3095/6339/3095
f 3640/5388/3640 3519/8097/3519 3309/6540/3309
f 3498/8402/3498 3415/8508/3415 3476/8523/3476
vt 0.830269 0.553278
vt 0.826252 0.557902
vt 0.828093 0.551093
f 3575/8587/3575 3576/8588/3576 3603/8589/3603
f 3426/8143/3426 3616/8464/3616 3016/6865/3016
f 3556/8410/3556 3557/8487/3557 3389/8176/3389
f 3495/8373/3495 3570/8543/3570 3461/8292/3461
vt 0.374189 0.322085
f 3639/8232/3639 3595/8590/3595 3516/8517/3516
f 3396/7892/3396 3446/8183/3446 3625/8518/3625
vt 0.619867 0.911465
f 3609/8189/3609 3497/8404/3497 3618/8591/3618
f 3503/8357/3503 3618/8591/3618 3497/8404/3497
f 3025/6366/3025 3520/7818/3520 3598/8514/3598
f 3551/8405/3551 3541/8381/3541 3470/8257/3470
vt 0.135181 0.431239
vt 0.130489 0.428200
f 3597/8592/3597 3544/8593/3544 3529/8564/3529
vt 0.147891 0.503381
f 3555/6908/3555 3622/7786/3622 3562/8594/3562
f 3475/7628/3475 3508/8567/3508 3550/8566/3550
f 3475/7628/3475 3550/8534/3550 3241/6871/3241
vt 0.614497 0.527582
f 3621/8476/3621 3619/7827/3619 3594/8595/3594
f 3573/8454/3573 3524/8320/3524 3634/7996/3634
vt 0.433953 0.846463
f 3568/8530/3568 3569/8260/3569 3286/8596/3286
f 3500/8037/3500 3619/7827/3619 3621/8476/3621
vt 0.030177 0.108800
f 3524/8545/3524 3588/8546/3588 3634/8597/3634
f 3411/8509/3411 3565/8457/3565 3590/8555/3590
f 3495/8373/3495 3554/8547/3554 3570/8543/3570
vt 0.503012 0.748311
vt 0.504218 0.749181
f 3641/8598/3641 3538/8044/3538 3176/8599/3176
f 3621/8525/3621 3526/8163/3526 3622/7786/3622
vt 0.832216 0.548120
f 3574/8600/3574 3575/8587/3575 3603/8589/3603
f 3562/8594/3562 3622/7786/3622 3527/8378/3527
f 3095/6339/3095 3317/7965/3317 3615/8483/3615
f 2861/6602/2861 3583/8262/3583 3599/8265/3599
vt 0.732560 0.559197
f 3577/8601/3577 3571/8049/3571 3312/8502/3312
f 3309/6540/3309 3519/8097/3519 3494/8216/3494
f 3436/8110/3436 3453/8180/3453 3612/8568/3612
f 3634/7996/3634 2959/7082/2959 3573/8454/3573
f 3486/8467/3486 3490/8310/3490 3538/8044/3538
vt 0.316288 0.584119
f 3624/8448/3624 3611/8602/3611 3545/8478/3545
f 3614/7448/3614 3426/8143/3426 3016/6865/3016
f 3416/8229/3416 3552/8396/3552 3312/8572/3312
vt 0.362467 0.327224
f 3496/7441/3496 3476/8603/3476 3415/7805/3415
f 3465/8355/3465 3488/8278/3488 3592/8524/3592
vt 0.787033 0.946627
f 3444/8322/3444 3560/8209/3560 3632/8604/3632
f 3632/8604/3632 3560/8209/3560 3508/8567/3508
f 3400/8083/3400 3637/7886/3637 3601/8028/3601
f 3498/8402/3498 3565/8457/3565 3411/8509/3411
vt 0.134619 0.425390
f 3638/8544/3638 3529/8564/3529 3608/8605/3608
f 3600/7615/3600 3537/7650/3537 3304/6882/3304
f 3597/8592/3597 3529/8564/3529 3638/8544/3638
vt 0.213137 0.186195
vt 0.214546 0.184988
f 3618/8606/3618 3503/8576/3503 3636/8607/3636
f 3510/8535/3510 3635/8395/3635 3551/8405/3551
f 3122/7408/3122 3424/7407/3424 3570/8543/3570
vt 0.470312 0.311754
f 3605/8424/3605 3515/8608/3515 3418/7118/3418
vt 0.801795 0.120881
vt 0.799488 0.124003
vt 0.798411 0.120474
f 3553/8609/3553 3638/8610/3638 3608/8611/3608
vt 0.412903 0.776332
f 3592/8515/3592 3484/8612/3484 3510/8535/3510
f 3503/8576/3503 3255/8578/3255 3636/8607/3636
vt 0.429071 0.841926
f 3589/8613/3589 3286/8596/3286 3569/8260/3569
vt 0.346638 0.704717
f 3482/8376/3482 3629/8614/3629 3553/8485/3553
f 3564/8539/3564 3642/8574/3642 2948/8300/2948
f 3625/8518/3625 3442/8369/3442 3624/8448/3624
f 3569/8260/3569 3570/8543/3570 3589/8613/3589
vt 0.162043 0.496313
f 3567/8494/3567 3628/8579/3628 3642/8615/3642
f 3629/8614/3629 3482/8376/3482 3623/8147/3623
f 3611/8602/3611 3535/8479/3535 3545/8478/3545
vt 0.395785 0.397140
f 3593/8308/3593 3451/8307/3451 3602/8616/3602
f 3411/8509/3411 3590/8555/3590 3574/8556/3574
f 3603/8589/3603 3513/8498/3513 3574/8600/3574
vt 0.364299 0.718048
vt 0.359278 0.713216
f 3584/8617/3584 3111/8496/3111 3602/8618/3602
vt 0.582299 0.931573
f 3538/8619/3538 3641/7462/3641 3486/8341/3486
f 3578/8513/3578 3488/8278/3488 3465/8355/3465
f 3573/8454/3573 3111/8496/3111 3584/8617/3584
vt 0.387191 0.782691
f 3459/7857/3459 3624/8620/3624 3442/7700/3442
f 3587/8582/3587 3519/8097/3519 3640/5388/3640
f 3603/8589/3603 3576/8588/3576 3580/8409/3580
f 3177/8312/3177 3615/8480/3615 3626/8263/3626
vt 0.354425 0.715714
f 3534/7203/3534 3602/8618/3602 3333/8621/3333
vt 0.136851 0.516749
f 3622/7786/3622 3500/8622/3500 3621/8525/3621
vt 0.825607 0.551715
f 3581/8623/3581 3603/8589/3603 3580/8409/3580
f 3640/5388/3640 3066/5292/3066 3587/8582/3587
f 3602/8618/3602 3534/7203/3534 3593/8412/3593
vt 0.281689 0.574234
f 3566/8477/3566 3617/8624/3617 3586/8529/3586
vt 0.604372 0.557294
vt 0.603254 0.553920
f 3369/8256/3369 3620/8625/3620 3449/8626/3449
vt 0.296320 0.577942
f 3449/8627/3449 3620/8562/3620 3585/8548/3585
f 3639/8232/3639 3548/8519/3548 3496/7441/3496
f 3623/8147/3623 3593/8412/3593 3534/7203/3534
f 3507/8471/3507 3609/8411/3609 3431/8356/3431
f 3610/8316/3610 3436/8110/3436 3214/7445/3214
f 3415/8508/3415 3498/8402/3498 3411/8509/3411
f 3446/8183/3446 3606/8075/3606 3337/7764/3337
vt 0.618546 0.554316
f 3393/8178/3393 3586/8628/3586 3530/7830/3530
vt 0.621292 0.553826
f 3612/8629/3612 3586/8628/3586 3393/8178/3393
f 2611/6178/2611 3557/8487/3557 3556/8410/3556
vt 0.380535 0.598622
f 3116/6355/3116 3181/7357/3181 3607/8630/3607
vt 0.462558 0.344307
f 3629/8179/3629 3638/8377/3638 3553/8631/3553
vt 0.538930 0.751044
f 3631/8351/3631 3507/8632/3507 3431/8356/3431
vt 0.788383 0.966938
f 3458/8633/3458 3591/7155/3591 3628/7356/3628
f 3613/8383/3613 3181/7357/3181 3232/7317/3232
f 3566/8552/3566 3620/8625/3620 3369/8256/3369
vt 0.032212 0.962260
f 3607/8342/3607 3557/8487/3557 3116/8634/3116
f 3613/8383/3613 3232/7317/3232 3606/8075/3606
vt 0.765900 0.856762
vt 0.767889 0.855093
f 3598/8514/3598 3568/8635/3568 3286/8636/3286
f 3116/8634/3116 3557/8487/3557 2611/6178/2611
f 3333/8621/3333 3602/8618/3602 3111/8496/3111
f 3393/8343/3393 3436/8110/3436 3612/8568/3612
vt 0.238075 0.184558
vt 0.232098 0.185077
vt 0.233651 0.181115
f 3585/8637/3585 3535/8638/3535 3447/8639/3447
vt 0.096472 0.402400
vt 0.095104 0.403978
f 3459/8088/3459 3611/8640/3611 3624/8641/3624
vt 0.861197 0.419170
f 3411/8509/3411 3574/8556/3574 3513/8642/3513
vt 0.171246 0.384533
vt 0.168080 0.385096
vt 0.172306 0.380138
f 3488/8643/3488 3517/8644/3517 3592/8645/3592
vt 0.396075 0.322650
f 3558/8646/3558 3595/8573/3595 3554/7162/3554
f 3559/8326/3559 3541/8381/3541 3211/7544/3211
vt 0.767680 0.305642
f 3561/8299/3561 3564/8647/3564 2948/8300/2948
f 3554/8547/3554 3122/7408/3122 3570/8543/3570
f 3591/7155/3591 3444/8322/3444 2818/6546/2818
f 2818/6546/2818 3444/8322/3444 3632/8604/3632
f 3628/8579/3628 2948/6802/2948 3642/8615/3642
vt 0.137240 0.434839
f 3597/8592/3597 2976/6646/2976 3511/8648/3511
f 2976/6646/2976 3597/8592/3597 3638/8544/3638
f 3016/6865/3016 3616/8464/3616 3582/5290/3582
f 3530/7830/3530 3586/8628/3586 3617/8542/3617
f 3484/8612/3484 3635/8395/3635 3510/8535/3510
f 3486/8341/3486 3641/7462/3641 3494/8216/3494
f 3491/8408/3491 3580/8409/3580 3576/8588/3576
f 3592/8524/3592 3517/8225/3517 3484/8224/3484
# 7280 faces, 8648 coords texture

# End of File
