ply
format ascii 1.0
comment PCL generated
element vertex 1517
property float x
property float y
property float z
property float nx
property float ny
property float nz
property float curvature
element camera 1
property float view_px
property float view_py
property float view_pz
property float x_axisx
property float x_axisy
property float x_axisz
property float y_axisx
property float y_axisy
property float y_axisz
property float z_axisx
property float z_axisy
property float z_axisz
property float focal
property float scalex
property float scaley
property float centerx
property float centery
property int viewportx
property int viewporty
property float k1
property float k2
end_header
15.6057 63.7178 370.16299 0.93266553 0.34806183 -0.094805114 0.07441707
-36.2859 63.648701 371.74899 0.19528225 -0.47034517 -0.86060458 0.088208325
-42.904099 14.3022 388.85001 -0.94163436 0.21135931 -0.26201531 0.019335674
7.8116598 83.118301 355.939 0.59722549 -0.14390588 -0.78905815 0.078955837
-36.3517 66.311096 370.48401 0.23318675 -0.41749275 -0.87825042 0.080439374
-36.125099 66.336601 370.58301 0.27129588 -0.4114444 -0.87012184 0.05657281
-28.534201 96.057602 351.08499 -0.91011506 0.20220284 -0.36166915 0.086524904
7.89327 84.655899 357.58099 0.67265701 0.67403382 0.30530462 0.060202684
-35.229 47.005402 384.90701 -0.97580522 0.19516033 -0.098572917 0.085482866
-35.088799 47.9067 384.63501 -0.79618615 0.46572408 0.38624957 0.098294899
-36.408401 36.909199 386.543 -0.98366159 0.11378767 -0.13950725 0.079088174
-36.174301 36.547501 386.19199 -0.90085804 0.075302333 -0.42753291 0.060208213
11.752 74.1548 365.397 0.48315054 0.57607847 0.6593172 0.04580326
-10.2108 92.329697 351.07901 -0.42494947 -0.33479768 -0.84102821 0.071632713
14.2695 23.257799 386.15701 0.73537338 0.046341915 0.6760757 0.083174482
-35.1264 37.665699 383.698 -0.70491278 -0.2854999 -0.64929795 0.063096017
-16.872299 96.253502 351.03601 0.15845819 0.76207799 -0.62779629 0.12134301
-35.104801 40.288399 387.28699 -0.43745944 0.34855741 0.82893723 0.05183477
-34.640202 36.572701 383.60999 -0.32009533 -0.28069869 -0.90484655 0.061727941
3.9702001 91.105202 352.40399 0.5126282 0.81772393 0.26180139 0.082615398
-33.972198 40.306702 382.116 0.073707044 -0.25442696 -0.96427912 0.044497915
-36.409801 84.536201 364.13101 -0.91976714 0.18849784 0.34423381 0.087779984
-35.749298 45.6814 384.897 -0.97484279 0.20692237 -0.082853317 0.075360864
14.2793 67.598297 368.94 0.61327606 0.46404594 0.63918215 0.062846735
-2.54423 89.732201 351.15302 -0.18475866 -0.53687888 -0.82318002 0.058693048
15.6902 54.6492 375.80399 0.50966412 0.42939281 0.74556309 0.042628855
-37.6716 23.274401 385.87201 0.16714072 -0.17623065 -0.97005504 0.074464507
-35.109402 47.530998 383.45901 -0.97827798 0.005061205 -0.20723568 0.080669403
-42.918098 15.6099 390.43201 -0.89268404 0.31979758 0.31756055 0.059205085
-41.533199 16.878401 391.38101 -0.52871209 0.29088247 0.79740262 0.055136856
-41.601601 18.194201 391.02399 -0.62476516 0.35416412 0.69587088 0.045315355
-35.107899 46.326302 383.569 -0.98492587 -0.016794821 -0.17215957 0.06427139
15.7033 56.002602 371.888 0.49146369 -0.51978248 -0.69877726 0.064318977
5.2101998 88.681099 352.36099 0.94395202 0.068000421 -0.32300231 0.096724644
-35.1194 46.038601 383.62 -0.94779003 0.032135032 -0.3172718 0.059963394
-35.092098 45.703701 383.603 -0.91908759 -0.025725642 -0.39321265 0.050835483
9.2667904 16.875299 388.79501 0.14864473 -0.66909343 0.72816116 0.11492543
9.53193 17.1089 388.79401 0.20108524 -0.69059795 0.69472241 0.097793922
-36.424198 33.846298 388.84799 -0.54093236 0.36489674 0.75778794 0.091518804
2.5985 16.8148 387.46701 -0.067272253 -0.93324989 -0.35287267 0.10854013
-35.613899 29.859699 384.883 -0.66224593 0.18046582 -0.7272293 0.09479849
-37.713699 63.578999 374.08301 -0.94607407 -0.28502911 -0.15395536 0.029406203
-40.312901 19.505899 387.245 -0.70269704 0.38421255 -0.59883016 0.038336314
-35.125099 83.1511 361.16 0.021081351 -0.41399279 -0.91003603 0.065195963
-1.21658 91.044098 350.759 0.29384136 0.29757521 -0.90835357 0.059710454
-39.049301 20.8985 386.08801 0.095459156 -0.11378854 -0.98890835 0.06703867
-34.525002 50.9175 383.58701 -0.79114121 0.56559432 0.23280615 0.085857823
-33.887798 54.615398 382.28601 -0.49075145 0.41539946 0.76590228 0.057931017
-37.623402 67.532501 375.039 -0.45785108 0.38883027 0.7994895 0.067329399
-38.943501 20.6507 386.06699 0.15318118 -0.11792096 -0.98113716 0.088347785
-35.493 39.152901 387.49399 -0.69689697 0.45826927 0.55165559 0.070097916
-29.936001 13.0404 392.548 0.14179493 -0.92779654 0.3450909 0.079070359
-37.888199 27.4643 390.095 -0.55652952 0.33219635 0.76152509 0.079037577
-39.019001 20.6882 386.061 0.15318118 -0.11792096 -0.98113716 0.094715409
-30.6527 12.9993 392.70499 0.14049323 -0.89493251 0.42350611 0.061495308
-39.1819 19.6436 386.194 0.15318118 -0.11792096 -0.98113716 0.068628356
15.5401 32.532299 381 0.53919542 -0.47899315 -0.69270039 0.13573116
12.9737 63.660801 367.741 -0.08685185 -0.42220986 -0.9023279 0.016549278
-9.1118898 94.905701 353.58499 0.14770277 0.94387347 0.29544336 0.085510053
-36.3993 31.598801 386.19601 -0.89151287 0.060016148 -0.44900209 0.035756588
-36.366199 35.073502 388.48001 -0.63133585 0.28393936 0.72166026 0.083229035
15.6094 32.4575 381.08701 0.6282903 -0.36270702 -0.68825501 0.13492511
-34.359798 48.529499 381.005 -0.96956545 -0.023124462 -0.2437378 0.041536126
-41.592701 16.679701 387.487 -0.77777654 0.36893761 -0.50886995 0.099731863
-37.684799 66.258301 375.677 -0.68762994 0.32704598 0.64823294 0.063266687
-15.5217 15.5715 392.71301 0.12483683 -0.98686856 0.10249952 0.10355947
-33.8246 88.508499 358.785 -0.91033554 0.13000576 -0.39292207 0.091301754
-37.663101 68.902702 374.27899 -0.405312 0.50534534 0.76180589 0.04769709
-42.931099 14.342 388.979 -0.95846891 0.18394211 -0.21795109 0.019489946
-39.379501 12.1349 392.689 -0.084430173 -0.49632016 0.86402422 0.055947103
-34.8465 53.366001 382.34 -0.77619767 -0.049467538 0.62854606 0.07424479
-33.845001 49.285099 379.564 -0.040976092 -0.17814386 -0.9831509 0.12831444
-8.6646204 17.095699 390.09 -0.43010542 -0.52998459 -0.73083901 0.074818872
7.4918799 81.976601 356.28299 0.11556017 -0.349168 -0.92990726 0.032589898
-8.0051298 16.813101 390.05099 -0.099271536 -0.82977211 -0.5492025 0.10149655
-8.20014 16.454599 391.392 -0.10213134 -0.98380363 -0.14730795 0.072819702
-7.99791 16.6964 390.08701 -0.099271536 -0.82977211 -0.5492025 0.11156264
10.4125 76.644501 360.16599 0.18386209 -0.38929981 -0.9025743 0.036770966
17.124701 45.855701 378.397 0.9989472 0.040321685 0.021876795 0.097627051
-37.9547 70.439301 369.29501 -0.91870439 -0.10588669 -0.38048685 0.077508487
-35.1712 84.519501 360.87601 -0.66743702 -0.055052049 -0.74262851 0.070807822
-33.873199 39.6959 382.31699 -0.25869876 -0.18558024 -0.9479636 0.073035583
16.878099 39.083302 379.767 0.91635656 -0.18833569 -0.35329923 0.10927033
17.0249 39.3395 381.00601 0.99758148 0.066849962 0.019031916 0.094921403
-24.7474 14.3192 393.87601 0.12495517 -0.95241404 0.27801755 0.10106915
-34.9091 11.6999 391.40601 0.080788516 -0.93804753 0.33695707 0.011520639
16.9568 37.893501 381.01501 0.96875846 -0.084335998 0.23322625 0.10828948
16.939899 37.703201 381.013 0.96875846 -0.084335998 0.23322625 0.10662161
-14.3696 93.558998 350.61099 -0.14212048 -0.43120947 -0.89098829 0.052246816
-15.6727 93.5802 350.90302 -0.20498876 -0.50127113 -0.84065861 0.079105832
16.8533 40.084999 381.00201 0.87620962 -0.057967983 0.47843125 0.075052343
14.4324 65.035896 370.58401 0.54781491 0.47202384 0.69071871 0.046831064
-37.166901 71.505302 367.711 -0.21089238 -0.46048427 -0.86225206 0.064698793
-37.7164 75.314903 367.35101 -0.94437551 -0.060610741 -0.32323551 0.038737494
-39.159199 11.6323 391.388 0.034097005 -0.93780088 0.34549519 0.10683161
16.6735 40.573799 380.987 0.79477257 0.31076333 0.52130872 0.083419211
15.5919 29.8057 384.41 0.59914333 0.057546612 0.79857099 0.052627534
-20.844299 94.857597 349.543 -0.032145306 0.20979455 -0.9772169 0.09671437
-37.6712 73.0009 371.89899 -0.49535403 0.49536499 0.7136091 0.057672787
6.44309 16.9279 390.03 0.24427268 -0.60297495 0.75944191 0.081657819
15.9033 28.734501 383.61301 0.99569225 -0.088160574 0.028715912 0.11532131
-3.94537 93.5532 353.332 0.21845011 0.9206686 0.32349482 0.096886151
-37.190399 32.761902 388.798 -0.89061004 0.45443761 0.017325455 0.10222752
16.9251 49.3237 375.77802 0.99798357 -0.054475956 -0.0325762 0.073831469
-35.652199 33.135601 384.88599 -0.86665159 0.026362825 -0.49821687 0.077872396
-9.5993204 94.921402 353.68701 0.21095753 0.86071104 0.46332866 0.089638636
-38.963699 18.162201 386.70099 0.29251063 -0.31546646 -0.90272832 0.046700284
-15.5464 15.5771 391.36301 0.098732099 -0.97385859 -0.20457613 0.11477149
-15.3136 15.594 391.397 0.20000678 -0.94134623 -0.27178028 0.10933655
-3.71105 16.410801 391.392 0.070712395 -0.99534696 0.065454051 0.14866199
-3.22964 16.2871 390.09299 -0.092354476 -0.88916832 -0.44816333 0.13770069
-37.7752 72.857002 371.94501 -0.50722122 0.49241793 0.70728439 0.059924819
-5.24756 16.881001 389.73401 -0.039579343 -0.86988068 -0.49167177 0.1072123
-39.826302 18.132601 386.37601 -0.48748833 0.22939542 -0.84245646 0.091502041
-36.235199 34.257702 388.79501 -0.5512687 0.38402164 0.74069577 0.096844777
-37.532501 65.074501 371.883 -0.73773903 -0.34112266 -0.58256024 0.060979981
-35.607601 63.8503 371.89899 0.214206 -0.3090702 -0.92660207 0.057969198
8.1618996 83.359001 358.91299 0.55989605 0.62040633 0.54919255 0.084642395
-25.7787 14.2864 394.00601 0.15543787 -0.78566945 0.59880096 0.11471799
-31.4034 93.728401 356.29001 -0.78101951 0.60419571 -0.15797481 0.11680825
-37.188202 70.9748 367.983 -0.14648853 -0.29882404 -0.94299805 0.065676913
13.0965 18.0369 384.802 0.64319795 -0.26062503 -0.71997982 0.096656114
-36.595501 11.6624 391.40799 -0.0023412989 -0.93303668 0.35977361 0.036944509
-35.295601 11.686 391.40201 0.048863843 -0.92352337 0.38041672 0.010673411
-35.034302 32.382999 384.29401 -0.28087008 -0.25828585 -0.9243378 0.080475785
-37.7108 71.075302 368.349 -0.86147201 -0.17105842 -0.47812653 0.11160783
-35.144798 54.529202 380.582 -0.97708553 -0.18496139 -0.10532416 0.065126471
14.7854 49.7453 374.48499 -0.10511751 -0.38486761 -0.91696632 0.04456557
-28.338699 12.9879 391.388 0.30672574 -0.94306648 -0.12862723 0.12887537
-36.1441 35.168999 386.20001 -0.86920899 0.0033242255 -0.49443376 0.061505724
10.513 76.729698 360.18301 0.28470135 -0.30048686 -0.91030365 0.044746242
-34.980301 42.697201 386.52802 -0.48130438 0.32352403 0.81466454 0.082135394
14.3528 61.076801 369.07999 -0.012102892 -0.39770171 -0.91743493 0.043576226
-37.7145 72.991302 367.62601 -0.66379815 -0.14333189 -0.73404908 0.085517399
-2.6494601 89.801903 351.11301 -0.18475866 -0.53687888 -0.82318002 0.06016849
15.579 33.7384 383.51901 0.56551182 0.27669567 0.77694005 0.08582449
-34.0354 36.392101 383.39401 0.0014839672 -0.34487817 -0.93864626 0.047961395
15.1014 28.637199 384.888 0.60421377 0.15756603 0.78108811 0.084617749
-37.719601 66.2966 371.50299 -0.83941978 -0.28501725 -0.46275213 0.051295247
-39.414398 13.4782 392.69 -0.25096846 -0.15205027 0.95597887 0.038864344
15.4917 57.177502 374.62601 0.50065684 0.42667261 0.75318873 0.066299371
-8.1276999 16.5923 392.689 -0.11958077 -0.88642526 0.44715852 0.12848067
3.83323 91.010498 351.09299 0.54030913 0.6836254 -0.49063468 0.12503234
15.5869 27.423201 384.57999 0.86323792 -0.080143213 0.49839473 0.13686027
-42.193901 17.6691 390.09601 -0.98684353 0.10694495 0.12125438 0.056941602
-34.851101 43.785198 386.18701 -0.56196427 0.38401532 0.7326175 0.082669526
-36.477001 23.855 386.189 0.21929675 -0.068272442 -0.97326654 0.049324185
-35.579102 42.942699 386.19299 -0.87726945 0.19241352 0.43974459 0.088349871
-37.6646 74.054199 371.336 -0.47582358 0.42219785 0.77158338 0.073380455
-38.0952 11.6546 391.39001 0.016380221 -0.94871384 0.31571153 0.090323016
15.523 58.6353 370.61899 0.55781668 -0.44396383 -0.70123941 0.096926346
-33.752102 11.6992 389.983 0.31576809 -0.94881302 -0.0066601965 0.14730513
-39.704899 11.171 390.13599 0.076267458 -0.96690309 0.2434784 0.065176301
-33.877399 11.591 390.10599 0.33490661 -0.94072318 0.053642176 0.15800253
7.7782798 79.959999 357.57901 0.14531691 -0.48006171 -0.86511487 0.021456813
10.4272 77.892601 359.75299 0.61097205 -0.16017017 -0.77527976 0.056107305
-35.074699 44.133202 385.99799 -0.61586237 0.3124207 0.72326124 0.088081129
9.0618095 76.690002 359.87601 -0.049166996 -0.60023504 -0.798311 0.0311908
-39.084599 11.7168 391.64099 0.03736455 -0.93573707 0.35071355 0.088741824
16.468399 56.139599 374.49701 0.8671416 0.19300865 0.45914394 0.10202737
15.6503 46.797401 375.664 -0.075200617 -0.36314401 -0.92869329 0.04015705
-35.156502 32.380901 384.31299 -0.28087008 -0.25828585 -0.9243378 0.080475785
16.807699 54.812401 374.50101 0.86406189 0.25933412 0.43144277 0.094615832
15.2476 46.810001 375.65302 -0.070189923 -0.41723403 -0.90608448 0.058899771
16.6189 56.062801 373.19299 0.92017728 -0.12929611 -0.36953521 0.098617725
-35.151299 55.259602 378.40201 -0.9449845 -0.31383041 -0.092275277 0.03630577
-38.077202 65.1063 374.483 -0.98492283 -0.15419364 -0.078430429 0.045709625
-36.362301 72.799301 367.32599 0.050413713 -0.55104959 -0.83294827 0.079762094
-41.574001 15.5145 391.63901 -0.44194692 0.21097557 0.87187856 0.042981423
-36.568001 79.557404 364.11401 -0.68800759 -0.2609061 -0.67718059 0.088338733
16.917801 39.373199 379.73001 0.91635656 -0.18833569 -0.35329923 0.10925331
-35.097801 84.465599 365.147 -0.31403929 0.61754334 0.72112381 0.055374224
16.9198 40.114601 379.379 0.80140507 -0.19141148 -0.56666708 0.10462985
-36.3811 71.536598 367.98901 0.10964531 -0.46036547 -0.88093221 0.054872032
14.9832 35.096001 379.89401 0.0088618072 -0.30407473 -0.95260698 0.051639639
16.9 42.756199 380.069 0.5931738 0.19694358 0.7806139 0.087676995
15.3599 27.4631 384.89999 0.82142437 0.025640972 0.56974083 0.10918505
-42.900799 15.5529 390.26401 -0.95290929 0.28794667 0.095134325 0.05219977
16.8727 42.206902 378.41199 0.91137075 -0.26874372 -0.3117373 0.071879126
-28.846399 12.8596 391.39401 0.22411191 -0.96813339 0.11176575 0.10762496
15.6424 27.409201 383.621 0.90149552 -0.32514891 -0.28562921 0.087591968
-35.063599 85.819 364.05399 -0.41741017 0.62820065 0.65660691 0.058827214
-20.6441 97.527397 351.56 0.2512984 0.87333953 -0.4172855 0.070103526
8.9619999 80.655197 357.62 0.3593761 -0.14857323 -0.92128974 0.086920016
15.6161 27.100599 383.82599 0.90149552 -0.32514891 -0.28562921 0.1066547
-36.670399 11.7065 391.48099 -0.0023412989 -0.93303668 0.35977361 0.066413872
-14.4498 15.7056 391.39999 0.12313166 -0.94879943 -0.29089215 0.10668793
10.0449 75.389397 360.72198 0.01070575 -0.52837688 -0.84894246 0.041973814
-10.7704 92.4748 351.09799 -0.093631744 -0.61442977 -0.78339595 0.082609586
-37.653702 31.191 388.92099 -0.86763072 0.32338342 0.37767723 0.12076068
-35.232201 11.2966 390.10501 0.066884287 -0.99579936 0.062530793 0.069101088
-37.729 11.7218 391.49701 0.016380221 -0.94871384 0.31571153 0.085340045
-37.7887 23.4023 385.87399 -0.015425101 -0.079083137 -0.99674869 0.064303681
-37.9608 12.1991 392.71899 -0.081840821 -0.76260948 0.64166099 0.055938881
-37.702599 31.2822 388.83401 -0.86763072 0.32338342 0.37767723 0.10334469
-35.113499 41.673401 383.245 -0.91742444 0.034873802 -0.39637882 0.053385306
-41.571701 11.6892 387.15302 0.21144991 -0.24753413 -0.9455241 0.11326607
-14.699 96.4095 352.38101 0.15678801 0.95885456 0.23667586 0.084026106
9.0699902 81.875198 359.853 0.59945577 0.60088915 0.52875799 0.054225482
3.94521 89.880203 350.74701 0.57730371 0.094449438 -0.81104851 0.066788957
14.1921 65.202499 370.59399 0.47933921 0.53695881 0.69419682 0.043074574
14.2496 66.291397 369.86099 0.54702592 0.4572382 0.70121032 0.063654214
13.639 22.3536 383.591 0.40210307 -0.26605889 -0.87608552 0.093832999
-38.349201 67.8703 374.52499 -0.81969845 0.24109864 0.51958245 0.0783922
-35.323799 40.463299 383.60501 -0.91586387 0.037774704 -0.39970788 0.041981943
5.2911 85.777 353.315 0.29306838 -0.50987244 -0.80878985 0.066370077
-32.644199 88.413597 357.228 -0.26410738 -0.56937933 -0.77849501 0.070916079
13.2504 23.374901 383.211 0.28750449 -0.23588407 -0.92827791 0.05162115
-34.894798 85.762901 364.13199 -0.41741017 0.62820065 0.65660691 0.064913549
2.61306 88.4086 351.03799 0.031662099 -0.86769521 -0.49608722 0.040539067
-23.6313 97.519897 352.21201 0.13607882 0.9665314 0.21748468 0.073635221
13.0098 21.9911 383.521 -0.099037431 -0.18035413 -0.97860307 0.04476345
12.9135 22.0667 383.505 -0.099037431 -0.18035413 -0.97860307 0.049239982
-40.295101 15.5254 386.819 0.3112376 -0.27376884 -0.91004491 0.071107894
13.0577 72.946602 365.40701 0.76930577 0.56914449 0.29024678 0.089940637
-37.709099 72.741302 367.69699 -0.55791253 -0.090565227 -0.82494336 0.059558254
-37.764999 12.4315 388.79401 0.02752077 -0.56955427 -0.82149291 0.09897387
-9.1798496 92.303101 350.73599 -0.11732371 -0.010951206 -0.99303335 0.048968185
-35.064098 79.298103 363.83899 0.13252057 -0.3800129 -0.91543895 0.035143837
-35.141899 35.144798 383.97299 -0.51389283 0.046298135 -0.8566041 0.081698179
-36.412998 81.699303 363.29901 -0.77981073 -0.19044587 -0.59634358 0.071429126
-38.537899 72.904099 370.617 -0.9553563 0.063821517 0.28848079 0.068649806
-36.408401 82.068398 363.26001 -0.87552172 -0.0009887768 -0.48317781 0.050839886
-37.718899 72.150803 368.01599 -0.73484868 -0.26179081 -0.62567002 0.074213281
-37.638302 71.702599 367.99701 -0.11437725 -0.18008378 -0.97697884 0.11255611
-37.727299 31.238899 388.60599 -0.94508439 0.15424199 -0.28814048 0.10722931
14.197 54.591702 372.34601 -0.11830924 -0.48350826 -0.86730772 0.027285464
14.2882 53.2481 373.00601 -0.17740642 -0.35367939 -0.91838872 0.030587526
-33.7808 36.196701 383.51901 0.23976009 -0.30562606 -0.92147046 0.063398503
-37.4188 74.260902 366.69501 -0.60590094 -0.25503072 -0.75355381 0.066274904
14.3208 22.167299 386.21399 0.83773452 -0.099040434 0.53702128 0.12436939
4.2715001 89.881897 351.134 0.80946773 -0.005070691 -0.58714247 0.099441856
1.28868 89.629303 350.095 -0.10248239 -0.6819976 -0.72413856 0.050964415
16.179501 57.375599 371.89801 0.86302245 -0.14398371 -0.48421171 0.077249818
2.51334 88.408203 351.05099 0.031662099 -0.86769521 -0.49608722 0.033694021
1.78483 89.699501 349.98599 -0.41544941 0.056815032 -0.90784019 0.074248776
15.611 44.074001 376.72699 0.01819407 -0.22404429 -0.9744091 0.037778828
15.6518 55.877899 371.909 0.25579888 -0.3265129 -0.90992099 0.057902217
16.454399 54.678799 373.18301 0.89368385 -0.081077255 -0.44131133 0.10248198
-6.5163999 91.009598 351.345 -0.32290921 -0.63649356 -0.70043248 0.078853689
-36.209099 82.053703 362.793 -0.7926383 -0.094988644 -0.60224718 0.068888403
-4.9611602 93.621101 353.70499 0.13645105 0.90672284 0.39904237 0.084391877
-43.123001 14.5137 390.095 -0.99161202 0.1195636 -0.04909277 0.032673478
11.7453 76.766403 362.81601 0.98058605 0.19606172 0.0032807752 0.11212101
12.9625 24.566401 382.991 -0.01322655 -0.26993784 -0.96278691 0.029963659
15.6357 33.803101 380.51501 0.24364816 -0.34796047 -0.90529501 0.040190514
-36.7565 12.2948 392.69601 0.022076236 -0.90468383 0.42551118 0.045577269
-36.353901 71.387604 368.077 0.14396051 -0.31161898 -0.93923849 0.060227357
15.6226 57.1632 371.34201 0.37958068 -0.37316164 -0.84656298 0.10390674
-3.5743301 16.7132 392.689 0.19904152 -0.49597311 0.84521782 0.14620045
-41.574799 18.079901 388.80301 -0.8701967 0.36452875 -0.33147618 0.049428627
15.6127 60.9538 369.88101 0.635418 -0.21122095 -0.7427178 0.079481192
6.3990002 81.912903 356.22299 -0.08515542 -0.81594592 -0.57182235 0.021511886
-29.9368 94.9524 353.62 -0.87245864 0.30232161 -0.38395 0.099909678
-37.674099 71.473198 372.78 -0.35374489 0.47926316 0.80322564 0.038960759
6.5183501 85.727303 354.08899 0.63658416 -0.099385694 -0.76477647 0.064983271
-9.302 92.042198 351.086 -0.18848488 -0.68872833 -0.70009053 0.050001848
10.4114 79.402199 359.681 0.92834425 0.16468279 -0.33325142 0.07767427
7.89463 16.728201 388.79099 0.17945923 -0.90199304 0.39268681 0.10837641
14.2969 66.392899 366.741 0.62588859 -0.31890753 -0.71173131 0.10606733
11.8657 16.838499 387.49799 0.26044476 -0.80134267 0.53853357 0.10657501
6.28618 17.113199 386.198 -0.45342746 -0.55116719 -0.70044148 0.082967177
-36.421299 83.224701 363.522 -0.9397732 0.10018297 -0.32678697 0.058333986
4.8594198 87.137901 352.39401 0.35522172 -0.33480778 -0.87276644 0.057320729
-4.22261 16.613501 392.69 0.21664225 -0.51252294 0.83089495 0.14181787
-34.994301 39.739399 387.491 -0.46575275 0.31222641 0.82800305 0.065296799
14.2703 55.871201 371.681 -0.044930089 -0.3365593 -0.94058979 0.04559502
3.90185 91.063698 351.202 0.54030913 0.6836254 -0.49063468 0.11899906
2.6377101 91.033302 350.849 0.11513649 0.52814394 -0.841313 0.10152324
6.5075302 84.472298 354.54199 0.34206682 -0.38774043 -0.85594839 0.057484102
-28.606701 96.260902 351.40302 -0.88251573 0.30683622 -0.35639513 0.067505032
-28.9734 12.9372 390.69 0.29002216 -0.9495675 -0.11920051 0.13820048
6.7709398 81.918098 356.15701 0.08726155 -0.59859961 -0.79628128 0.037793867
13.5193 17.182501 386.19699 0.81200993 -0.5460251 -0.20614678 0.12785181
14.5506 55.896702 371.61801 0.063541502 -0.4949621 -0.86658812 0.049121235
14.2941 57.165001 370.991 -0.028511904 -0.47210246 -0.88108248 0.03968427
-28.544399 12.9963 390.979 0.30672574 -0.94306648 -0.12862723 0.12802614
-36.417301 79.7229 363.68201 -0.46432081 -0.29477388 -0.83517337 0.085612446
14.2534 29.728001 381.50201 0.21799371 -0.29683474 -0.92971385 0.051652584
14.2901 55.437 371.901 -0.095313706 -0.36031336 -0.92794913 0.03797004
-34.1516 35.750099 383.58499 -0.0069819759 -0.2402595 -0.97068357 0.077141233
13.0858 16.713301 386.19101 0.24713118 -0.96098912 -0.12420186 0.14679667
-38.309299 70.274803 373.21301 -0.866624 0.19557673 0.45903444 0.057770524
-36.408001 11.7715 389.185 0.25960609 -0.40869966 -0.87496817 0.12884392
-35.117599 43.195202 383.44601 -0.93791366 0.040877588 -0.34445176 0.023999995
-35.1217 84.0755 360.767 -0.5945071 -0.22823532 -0.77101874 0.086921722
-35.127899 40.332298 383.065 -0.78213203 0.030805072 -0.62235081 0.042126775
-11.9774 92.739899 351.082 -0.16610377 -0.70059854 -0.69395334 0.076191396
-22.1479 16.76 394.798 -0.023003774 -0.19659692 0.98021448 0.1401227
14.915 61.114399 369.28299 0.46323091 -0.31898189 -0.82684201 0.086540267
2.5110099 16.948099 391.38 0.43436813 -0.38570586 0.81397504 0.10634644
-37.834702 11.293 390.091 -0.1620601 -0.97873211 -0.1257773 0.064141959
-35.212002 41.747299 383.59 -0.93607974 0.04841679 -0.34844008 0.025740812
-37.9203 77.2565 369.28201 -0.62881601 0.51969647 0.57836491 0.07467252
-33.958599 13.0408 393.444 -0.080363527 -0.5159145 0.85286218 0.04709468
14.273 68.913803 367.77802 0.81284326 0.4586114 0.35911199 0.087577887
-36.4286 79.281502 363.85901 -0.1594896 -0.3511813 -0.92262387 0.066227175
9.0168104 76.291801 360.189 -0.04481956 -0.54113322 -0.83974165 0.024988279
15.5794 35.042702 383.18799 0.56304049 0.20507602 0.80058056 0.076028414
15.6548 28.543301 382.923 0.67917085 -0.3673369 -0.63544518 0.12155812
-37.013699 74.056602 366.414 -0.098590225 -0.30893475 -0.94595945 0.096394785
-7.8414302 94.8927 353.26599 0.22706796 0.89901686 0.37444475 0.087914877
-35.930099 79.278999 363.57999 -0.035215572 -0.34129131 -0.93929768 0.064794794
15.6398 29.825701 382.27301 0.77002698 -0.267912 -0.5790351 0.067798771
-6.73383 94.237198 353.69199 0.24989249 0.82608485 0.50511146 0.036622714
-33.766899 40.197102 382.17401 0.078235738 -0.23862915 -0.96795416 0.072398014
-39.956001 20.519899 387.49399 -0.80849129 0.41650018 -0.41577575 0.058209896
-37.049198 31.856701 387.48801 -0.90191203 0.17598283 -0.39444226 0.059567332
-35.1199 39.393398 383.10199 -0.63984579 -0.15330891 -0.75305623 0.057161197
-38.981701 23.470301 387.51099 -0.85667592 0.25051448 -0.45094222 0.033521835
12.4291 18.460899 387.495 0.53845149 -0.033495635 0.84199053 0.086829849
12.9034 16.9454 387.10999 0.69983679 -0.45807639 0.54808253 0.13894787
-17.588301 15.5988 394.008 0.17008445 -0.94742745 0.27102122 0.1324885
-25.9245 97.524803 350.26801 0.14660439 0.64471447 -0.75023353 0.090322368
0.56664699 16.218599 388.80899 -0.066074386 -0.9936679 -0.090874888 0.049660798
-37.304199 70.948799 373.198 -0.48008886 0.48131955 0.73337996 0.042952251
-37.6479 70.162697 373.54999 -0.44230628 0.3991482 0.80314749 0.063871108
-10.5812 16.862 390.483 -0.044211984 -0.49985239 -0.86498141 0.081670232
-4.13521 16.2957 390.08701 -0.049753118 -0.86392683 -0.50115377 0.10714192
-7.8000498 94.9599 352.24799 0.39199907 0.8398661 -0.37544855 0.11047658
16.740999 48.3652 375.819 0.68257856 -0.29919353 -0.66676062 0.071221299
-4.7095499 16.469601 391.392 -0.086507171 -0.99467194 0.056073491 0.1546625
-6.0170398 16.4461 390.091 0.070229158 -0.77233231 -0.63132453 0.10045304
5.2190399 87.095901 352.604 0.47848579 -0.39996931 -0.78171343 0.064178281
6.71804 87.149597 355.039 0.97135121 0.22036968 -0.088960595 0.10171048
-6.8619699 16.6059 390.09399 0.014061811 -0.82622933 -0.56315833 0.11600569
15.6221 31.1064 381.64899 0.44229865 -0.34182203 -0.82917404 0.093691044
3.9667599 88.244499 351.39999 0.21231046 -0.48491403 -0.84840006 0.043853175
-7.97048 95.247002 352.39401 0.19345348 0.94245702 0.27267289 0.10791644
-33.7966 51.516102 383.58899 -0.51443428 0.45554864 0.72652102 0.086544715
-36.6483 81.946297 366.69199 -0.47605565 0.53081626 0.70114553 0.062308859
-33.5205 36.209 383.612 0.23976009 -0.30562606 -0.92147046 0.055891901
-36.330002 14.2453 393.33499 -0.19320796 -0.12220509 0.97351766 0.023088001
15.3285 26.329901 383.58499 0.93738616 -0.24420726 -0.24833453 0.10732303
-2.6122701 16.8538 389.11499 -0.23703472 -0.51003855 -0.82684654 0.070478268
-8.9318895 94.930099 352.01199 0.17471139 0.77758962 -0.60401183 0.085132666
15.702 48.110401 375.17001 0.22233351 -0.36063725 -0.9058193 0.033860661
-15.611 16.3874 390.98001 -0.037615601 -0.22047788 -0.97466642 0.092514768
14.5496 46.811401 375.79401 -0.06613452 -0.32777488 -0.94243824 0.042953711
15.0014 46.547699 375.79001 -0.070958994 -0.29335091 -0.95336777 0.051926672
15.1874 48.0914 375.12 -0.12797989 -0.37471086 -0.91826624 0.047164608
-33.688999 39.8722 382.29999 0.21394132 -0.20238695 -0.95565087 0.082191154
11.5637 75.421303 361.48801 0.65760005 -0.15073869 -0.73813283 0.075730167
-3.9242699 16.8645 389.436 -0.22361654 -0.65379715 -0.72287267 0.090874091
-37.710899 75.762703 367.233 -0.93139762 -0.053735022 -0.36001536 0.033963911
-31.2787 89.698196 356.08499 -0.22963163 -0.50519156 -0.83189589 0.067642555
-6.6561599 91.239502 351.10199 -0.27328432 -0.56000626 -0.78211802 0.077311851
14.8734 62.6091 371.91599 0.56102097 0.52578241 0.63938123 0.052740797
-37.107201 11.2992 390.10599 0.092017144 -0.99551749 0.02185729 0.092285872
12.1773 16.9498 387.48901 0.53814429 -0.48445606 0.68971229 0.10607132
-23.419399 14.3345 393.00601 0.19414188 -0.96964943 0.14862351 0.067233644
-37.7341 67.590202 370.48901 -0.82411164 -0.25236657 -0.50710076 0.098280698
-16.473301 15.599 391.09201 0.11967531 -0.66723061 -0.73517424 0.12974583
-29.7876 93.671898 352.392 -0.79557067 0.0038643745 -0.60584849 0.084879436
15.0052 53.268501 372.87299 0.070394143 -0.35422435 -0.93250728 0.055756532
13.1356 17.917299 384.89001 0.69474083 -0.17691459 -0.69716311 0.10441274
-33.763199 35.029499 383.95801 0.22482778 -0.35225624 -0.90849769 0.052123144
-40.331699 22.183001 389.685 -0.92224413 0.26300114 -0.28336573 0.095389239
-36.402802 24.5746 386.00101 0.0097028324 -0.21794596 -0.97591263 0.099514656
-26.142599 95.278801 349.77802 -0.0039852397 -0.65283489 -0.75748974 0.075041227
-34.677299 44.3512 382.29599 -0.89104933 -0.030289648 -0.45289475 0.043638591
15.6772 50.677299 374.12201 0.10539812 -0.34767523 -0.93167228 0.074020118
-40.300098 19.406799 391.26501 -0.49206895 0.28925443 0.82109684 0.054758281
-37.630798 77.956703 368.94199 -0.57852733 0.45759591 0.67521262 0.073390707
14.6082 57.209999 370.94699 0.20234787 -0.4399533 -0.87492651 0.032977726
-22.107401 14.8026 393.992 0.16263132 -0.74110901 0.65138966 0.12103893
-40.403099 22.441299 390.09201 -0.95570731 0.12442815 0.2667231 0.10416681
-0.0293677 16.681999 388.50201 -0.24154577 -0.8215273 -0.51647699 0.079401493
-36.180698 66.262901 370.59 0.22878453 -0.41753119 -0.87938917 0.085863672
-12.1695 16.203501 391.405 0.15295205 -0.97684562 -0.14959362 0.11364233
16.6318 53.391998 375.84698 0.79234332 0.4217408 0.44082505 0.095135555
6.2438798 83.161598 355.24899 -0.031213123 -0.57833147 -0.81520456 0.035000004
5.8646302 83.507004 354.98401 0.0094873998 -0.6114434 -0.79123127 0.022712661
1.74503 16.679001 391.40201 0.050278068 -0.66464323 0.74546731 0.094058014
-37.7719 63.560299 374.48801 -0.96002376 -0.25725552 -0.11033557 0.030729501
-37.020802 78.25 365.396 -0.87015027 0.0027104202 -0.49277899 0.081562281
15.2494 49.3591 374.582 -0.11116865 -0.39251503 -0.91300243 0.044708692
-9.1684599 18.201599 393.65701 0.018321512 -0.26052931 0.9652921 0.14259098
-38.233601 66.5718 374.50299 -0.92645937 -0.021090122 0.37580344 0.069282889
10.1772 16.934299 388.397 0.0038835492 -0.74943841 0.6620627 0.10686085
7.6904302 16.8696 385.79199 -0.15023199 -0.30897617 -0.93912941 0.074429557
-9.8085403 16.5718 392.69601 0.1407977 -0.81811208 0.55755597 0.12769373
11.4997 16.909 387.814 0.33952153 -0.82704407 0.44802153 0.10020748
-35.415199 36.479301 384.91901 -0.89371163 -0.074488021 -0.44241506 0.031594325
-37.870602 66.3918 371.97198 -0.94887781 -0.1982688 -0.24560206 0.031376529
-23.4293 16.8927 394.82001 -0.0001995854 -0.16580537 0.98615849 0.0651206
-35.762699 44.2416 384.89899 -0.99579495 0.072920315 0.055453479 0.082793213
13.0125 71.063202 364 0.41522378 -0.31516832 -0.85338044 0.062421992
-42.924198 11.7023 389.15201 -0.82245314 -0.54361749 -0.16748379 0.079332687
-6.5893302 16.877399 389.892 -0.18634869 -0.50900596 -0.84034938 0.081174895
-23.421499 97.359703 352.38599 0.17609498 0.89458722 0.41073629 0.07300432
13.0215 65.353897 366.711 0.012994186 -0.49046937 -0.87136155 0.036645424
13.1448 66.284203 366.20099 0.37931043 -0.43486616 -0.81670988 0.043887142
12.9102 66.310204 366.155 0.10032242 -0.50129777 -0.85943931 0.047511958
12.9039 65.420097 366.681 0.012994186 -0.49046937 -0.87136155 0.039437562
-35.706902 43.245499 384.92599 -0.98169553 0.1884726 -0.02742121 0.067468427
16.93 37.681301 380.73801 0.97959089 -0.093880638 -0.17773056 0.086884424
11.7136 75.433899 361.65799 0.65760005 -0.15073869 -0.73813283 0.085509844
16.912201 38.8442 379.957 0.97725582 -0.13648048 -0.16230877 0.10949786
9.42665 82.020302 358.95901 0.92484057 0.36511332 0.10659329 0.11142872
-33.828701 11.7085 391.07599 0.19504736 -0.97604769 0.096370973 0.1250446
-6.4786501 92.358299 350.83099 0.23091748 -0.15664473 -0.96028095 0.080222979
16.897301 41.4725 380.513 0.67150599 0.26171285 0.69324315 0.081771985
-0.40283999 91.356796 351.078 0.018723523 0.50509089 -0.86286306 0.063588098
13.0214 16.8757 385.298 0.60056818 -0.63999474 -0.479296 0.1296045
3.86023 18.178101 390.901 0.41980374 -0.10426347 0.90160632 0.053390652
2.6010699 17.090401 391.40601 0.43436813 -0.38570586 0.81397504 0.10422961
8.72855 16.742901 387.487 0.13284755 -0.99065256 0.030968204 0.086341076
17.157101 41.6651 379.71399 0.99864006 0.0036994389 0.052003294 0.095685996
-13.0114 16.8293 390.64401 -0.068783037 -0.29936001 -0.95165777 0.11134424
-36.424099 35.181599 386.66599 -0.95251215 0.063347593 -0.29783842 0.060420867
-31.157101 12.8258 390.521 0.24335966 -0.40576765 -0.88098168 0.12470736
16.509001 37.842499 379.69299 0.76995653 -0.31197965 -0.55662876 0.071355484
-33.960701 12.5771 392.69101 0.13254689 -0.85792476 0.4963834 0.039105263
-37.776798 67.735397 370.599 -0.82411164 -0.25236657 -0.50710076 0.095760457
14.3466 68.936096 366.70401 0.99598134 0.028259572 0.084985748 0.11469411
14.3313 68.9254 366.60599 0.98216963 0.15402618 -0.10779032 0.10649129
-42.0578 11.687 386.957 -0.27494326 -0.14151576 -0.95098871 0.10075133
-23.204399 96.224503 349.65799 0.26059821 0.062655009 -0.96341211 0.080265909
-2.3094101 91.028999 350.534 0.054183442 -0.049576614 -0.99729949 0.07535179
-36.363701 58.631302 379.68701 -0.71329606 0.44706306 0.53976232 0.082127117
-28.625999 13.0444 391.99399 0.11781278 -0.98475266 0.12799338 0.056494661
16.9142 42.882702 378.21301 0.87141621 -0.1312366 -0.47266343 0.063485235
-25.893999 15.6175 394.77301 0.10853739 -0.1654596 0.98022586 0.11200373
-36.360001 73.937103 366.703 0.2160386 -0.36425352 -0.90589553 0.079115398
-15.7337 15.6122 393.052 0.10617886 -0.98885828 0.10433293 0.09405005
-16.995001 15.611 393.83701 0.16625412 -0.94654977 0.27641118 0.10404766
-28.68 95.435097 354.99301 -0.14192553 0.81838608 0.55686748 0.052052561
16.973301 42.712299 378.388 0.99737334 -0.071924791 -0.0085579334 0.092057064
-30.053101 13.1021 392.71799 0.14159437 -0.90661037 0.39750299 0.053914934
-29.9849 92.313904 353.37701 -0.23731761 -0.57213283 -0.78507602 0.08006382
-22.197201 94.986504 349.82901 0.053417686 0.055807624 -0.99701154 0.075345665
-24.959101 14.3429 394.00101 0.16434471 -0.77348298 0.61213964 0.11867014
-33.823299 50.986198 378.39401 -0.41412029 -0.60771787 -0.67763072 0.09427014
14.6828 67.876999 367.987 0.97245705 0.22524424 0.059936304 0.086745963
-9.1457005 16.475901 391.39301 -0.005675653 -0.98952603 -0.14424279 0.11896116
16.3974 40.631901 378.40799 0.64658689 -0.32457909 -0.69034326 0.072982907
16.917299 41.598598 378.75 0.78355551 -0.29334599 -0.54771245 0.080624856
-37.747898 67.516502 370.612 -0.8906641 -0.26728547 -0.36779881 0.098936319
-27.366501 96.252098 349.07101 -0.24777134 0.40244025 -0.88127816 0.084285989
-37.931 78.144798 368.02802 -0.99180627 0.12748192 -0.0082865693 0.063154377
14.3026 64.860802 370.767 0.48901856 0.49509475 0.71815181 0.027389308
-37.103699 62.419701 373.26099 -0.84971392 -0.38410878 -0.36117399 0.06399025
-0.919734 16.5604 388.78799 -0.24908285 -0.74483973 -0.61900854 0.083138533
-32.717602 13.4842 393.991 0.013759933 -0.61971647 0.78470516 0.048838526
7.9211702 79.933403 357.599 0.35936964 -0.49925807 -0.78841287 0.021504713
15.3031 64.1045 370.58401 0.73074812 0.47631308 0.48901233 0.090757854
-35.005901 41.5732 386.89999 -0.41828483 0.2596992 0.87039882 0.028600521
-30.0028 12.5849 391.42999 0.17247653 -0.97632891 0.13051325 0.076780476
-34.012699 89.851402 360.18799 -0.83726603 0.54587537 0.031711698 0.093165614
12.9271 23.3314 383.25201 -0.14722903 -0.21332465 -0.96582413 0.051803499
-6.6867399 16.6126 392.698 0.020751821 -0.9786793 0.20434342 0.10644858
-41.551998 16.803499 391.39001 -0.52871209 0.29088247 0.79740262 0.055136856
-41.873501 16.259399 391.38901 -0.65884024 0.40907753 0.63133597 0.058202505
-13.0435 16.1616 392.71701 0.23018819 -0.96211612 0.1461025 0.084253639
11.7446 16.903 384.569 0.14578804 -0.402394 -0.90378368 0.10413036
-37.635601 63.848598 373.19699 -0.90603906 -0.31761238 -0.27967051 0.041954879
15.9542 32.546799 383.62201 0.92292655 0.15020108 0.35446614 0.083571449
-36.289299 83.185097 365.88699 -0.44380924 0.57176143 0.69001609 0.094552875
15.6291 45.438801 376.21701 -0.13368574 -0.36312816 -0.92209876 0.042635828
16.4737 44.257401 377.10901 0.65330875 -0.30077276 -0.69478303 0.082794048
-36.444901 57.757801 379.68799 -0.89341861 -0.16007943 0.41973537 0.095550098
1.33816 92.342201 352.11899 0.18179826 0.82834059 -0.52990681 0.052941937
12.3661 22.158001 383.59201 -0.1272622 -0.16527201 -0.97800279 0.036325391
15.6084 36.365299 379.564 0.036594018 -0.33442363 -0.94171214 0.074792065
15.604 36.0051 379.69199 0.052035395 -0.28431225 -0.9573186 0.089062944
17.1031 40.697102 379.69 0.99478137 -0.082473435 -0.060067732 0.11639307
15.7382 43.174198 377.08899 -0.016645113 -0.281216 -0.95950013 0.070069268
16.9186 43.9636 377.76401 0.68957907 -0.25843674 -0.67652875 0.087908961
-40.331799 18.3815 386.703 -0.47056624 0.3069551 -0.82725209 0.10615756
14.6809 66.615196 369.28299 0.84544945 0.38694826 0.36808467 0.062576525
-39.221298 25.236 390.08701 -0.97727525 0.21118952 -0.018222343 0.093719944
-33.818802 86.937302 358.48099 -0.051281765 -0.53187788 -0.84526688 0.060909975
15.6423 29.7052 382.332 0.70324361 -0.27059555 -0.65743935 0.1061997
-22.725401 14.4457 392.70801 0.15786344 -0.97832489 0.1340133 0.11340545
-28.7269 13.2967 392.716 0.17026563 -0.93615574 0.307607 0.055639666
-7.2606101 94.951302 352.383 0.62362933 0.75781983 -0.19182168 0.088485524
6.0669298 16.7869 390.09299 0.32921699 -0.59541827 0.73286647 0.084977947
-23.7148 14.2144 392.70999 0.16128293 -0.9806543 0.11092772 0.097208507
-36.838001 36.733299 387.49399 -0.97670287 0.11442075 -0.18154736 0.083352767
1.08793 91.038101 350.77499 -0.013786389 0.4904168 -0.87137896 0.05284334
-35.103401 38.990002 387.69 -0.43761295 0.30384886 0.84626877 0.063265249
-36.879002 83.2621 365.38901 -0.985479 0.16962026 0.0077558374 0.095649399
9.9293003 79.401604 358.897 0.77983767 -0.10557691 -0.61701435 0.10805254
-33.7173 37.624802 383.04001 0.018074317 -0.3043268 -0.95239621 0.069939435
-1.32963 16.8169 388.82901 -0.26621056 -0.70349348 -0.65896046 0.090500377
14.3228 20.7342 385.16101 0.97146368 -0.22765942 -0.066554539 0.10464113
14.058 68.970901 368.01099 0.68818635 0.60625929 0.398559 0.061679732
3.77988 16.870701 387.02399 -0.24240488 -0.55469489 -0.79596072 0.094308376
16.4363 50.9622 374.51001 0.69051969 -0.29732049 -0.65938085 0.062789306
14.3057 67.693802 366.431 0.76328731 -0.010877687 -0.64596766 0.067682266
14.0145 61.0956 369.02399 -0.082622536 -0.40436649 -0.91085744 0.048749097
7.5415301 80.6017 357.129 0.030280881 -0.58364701 -0.81144267 0.031505458
14.2758 20.9174 384.89301 0.86794668 -0.37897804 -0.32100502 0.10254637
14.3603 22.065701 384.30099 0.59512764 -0.37643713 -0.71001279 0.080441445
9.0103798 82.678703 358.89001 0.79050916 0.56182611 0.24381685 0.10226355
-26.146099 96.933197 349.79099 0.1235717 0.58364433 -0.80255181 0.12424043
-2.8703401 93.599899 352.40601 0.49154404 0.86541563 0.097160749 0.087123848
11.7338 76.725899 361.86301 0.9855231 0.11672091 -0.12296516 0.09857329
-35.543201 12.348 392.69699 0.068778381 -0.86455047 0.49781728 0.055929821
-33.935299 87.529297 362.79401 -0.38349527 0.59100878 0.70967597 0.061874773
-37.649101 25.007401 386.20001 -0.54231811 0.22028233 -0.81078154 0.082821503
-36.328499 70.195099 368.67999 0.24331501 -0.45391399 -0.85718137 0.072028853
-36.1782 69.108597 369.289 0.21905684 -0.38424927 -0.89686489 0.063297436
16.9093 45.499699 377.22101 0.81346112 -0.20808052 -0.54312378 0.10090905
15.4833 62.697399 369.29901 0.8786248 -0.054766431 -0.47436181 0.093912825
-5.6373601 16.614799 392.69 -0.0086787809 -0.9799372 0.19911738 0.17335334
15.6804 49.682899 374.52899 0.028599715 -0.30857781 -0.95076907 0.065192126
-36.975601 73.562103 366.69101 -0.064221889 -0.46876574 -0.88098478 0.064610191
-29.990101 94.438797 356.30801 -0.29354182 0.8366338 0.46246845 0.059498984
-33.8451 50.6091 378.737 -0.41059163 -0.51204139 -0.75447208 0.10131328
-33.8251 48.118 379.785 -0.4751735 -0.10611848 -0.87346953 0.10259509
13.1013 72.887001 364.112 0.96432883 0.13536631 -0.22747718 0.10972667
-23.471399 97.891296 351.09399 0.15622596 0.98172837 0.10864072 0.077260233
16.9177 50.592701 375.37299 0.98936337 0.023254683 -0.14359443 0.072357774
13.8936 19.7861 384.89099 0.85036159 -0.28625548 -0.44152343 0.079099596
15.6292 49.3255 374.65399 -0.077482626 -0.38358128 -0.92025095 0.058086459
16.928101 49.322201 375.785 0.99798357 -0.054475956 -0.0325762 0.073831469
11.893 70.184601 363.92599 0.11106556 -0.19342858 -0.97480756 0.040064864
-26.0058 14.3092 394.069 0.12181503 -0.73867482 0.66296351 0.09437567
15.6279 59.471298 370.39999 0.43322131 -0.28705031 -0.85435438 0.058290143
-37.952801 65.046303 373.22699 -0.95976347 -0.19728708 -0.19982967 0.038793284
14.3001 22.7616 386.194 0.69642746 0.064630091 0.71471095 0.14608097
14.4424 55.402 371.88501 0.045502786 -0.36040875 -0.93168396 0.03133193
-22.6092 14.2792 391.45401 0.31672224 -0.90492249 -0.28425756 0.093492292
10.9536 16.744301 387.49301 0.023042254 -0.98490733 0.17154202 0.080362298
14.3091 67.553001 366.46201 0.7607373 -0.046649408 -0.64738131 0.062872209
-37.976799 29.951099 388.815 -0.94804537 0.12415964 -0.2929067 0.077464394
-31.2272 92.375801 354.797 -0.83283108 0.034272656 -0.5524652 0.12611894
9.3117199 16.7672 387.487 0.012650631 -0.99379134 0.11053846 0.10082614
-35.591599 33.840698 384.927 -0.88590628 0.0069163046 -0.46381277 0.065947659
-36.226299 33.814499 386.20801 -0.88805872 0.05299877 -0.45666489 0.019779462
15.8353 62.5648 370.60999 0.99522012 0.096887209 0.012239426 0.1151811
-37.768002 24.7064 386.224 -0.57241696 0.38194108 -0.72557551 0.080442704
-33.008499 14.9384 393.98999 -0.25345105 -0.094130509 0.96275753 0.026769808
-31.372101 89.478798 356.30301 -0.11478916 -0.66304994 -0.73972178 0.050502617
-35.2122 11.7032 391.43399 0.048863843 -0.92352337 0.38041672 0.010464094
-11.695 93.652 350.487 0.19481473 0.15914729 -0.96784264 0.06667871
-5.3786201 91.018799 350.81201 -0.37441102 0.26115826 -0.88972622 0.043343421
16.592199 50.819 377.08701 0.64482903 0.38432187 0.66067559 0.049231954
-20.4195 15.1277 391.27701 -0.04072671 -0.68088013 -0.73126167 0.12543125
15.7031 32.8438 381.00299 0.49830246 -0.45518988 -0.73790026 0.14081319
-38.124001 67.737602 371.931 -0.96316016 -0.17686829 -0.20258354 0.043272618
-24.945499 97.536301 352.388 0.091933273 0.91683483 0.38853845 0.057895124
-33.396301 36.414501 383.591 0.23976009 -0.30562606 -0.92147046 0.047725085
-6.8077598 94.806503 352.388 0.39183876 0.90580612 0.16117589 0.10750217
15.5743 31.1661 384.138 0.49531066 0.13695188 0.85785288 0.058680739
-11.7365 16.952499 394.064 0.047985777 -0.33082229 0.94247228 0.12418951
-41.291199 17.4718 387.495 -0.79488081 0.3070896 -0.5233168 0.10809145
-18.2304 15.6272 394.367 0.13072513 -0.94376373 0.30367905 0.11062128
-33.935902 53.306 377.56299 -0.28018728 -0.45982689 -0.84264719 0.10210938
10.4834 74.194199 361.48999 0.026843127 -0.61240458 -0.79008865 0.027757592
10.4722 75.307503 360.86301 0.21615 -0.4497627 -0.86659837 0.06921614
-26.1689 14.2456 393.98801 0.12181503 -0.73867482 0.66296351 0.10013621
-36.932098 34.212502 387.48999 -0.98509926 -0.17127664 0.015614363 0.07154163
-37.607201 78.177696 366.68399 -0.95961607 0.024214368 -0.28026888 0.041875403
-34.713001 43.140099 382.29099 -0.83094573 -0.037786074 -0.55506879 0.060137324
4.1798801 87.113098 352.16199 0.14025934 -0.58963978 -0.79539436 0.031647369
-41.618801 16.9335 387.75699 -0.86269242 0.33743483 -0.37669548 0.035995279
16.959999 52.183498 375.81299 0.99508727 0.097129427 -0.019163258 0.086749442
15.2881 28.770201 382.29199 0.58058089 -0.41439694 -0.70085734 0.073291369
10.0185 80.627296 360.26099 0.7831977 0.57473361 0.23723963 0.082604505
15.548 33.496899 383.59601 0.7031551 0.17331439 0.68959045 0.078623354
0.31297201 16.5317 391.38901 0.16834009 -0.71822214 0.67514336 0.12265106
13.0173 21.585899 383.599 -0.089708135 -0.16718535 -0.98183578 0.06498751
-30.4541 95.137802 354.98199 -0.46099469 0.84236407 0.27911761 0.087894358
3.93799 89.530403 350.819 0.46955597 -0.33770883 -0.81576341 0.062955268
16.8986 43.806 379.70801 0.84211653 0.15638039 0.5161249 0.092362635
-11.2526 17.0275 393.987 0.44625694 -0.45390412 0.77124953 0.090799212
-15.8186 15.53 392.689 0.10617886 -0.98885828 0.10433293 0.060273267
16.7707 52.2383 374.521 0.88874918 -0.1565645 -0.43082768 0.10217872
-33.814301 51.862301 378.082 0.053145185 -0.26735136 -0.96213245 0.10421053
4.0219798 16.5131 388.806 0.071068883 -0.99314636 -0.092787221 0.064499177
-36.108501 83.532204 362.81799 -0.92783755 0.10682746 -0.35735881 0.080235563
-36.964298 61.138802 378.38501 -0.67635864 0.039732147 0.7355001 0.071371123
12.7216 21.721901 383.58499 -0.089708135 -0.16718535 -0.98183578 0.041509777
-22.250299 14.3924 391.41699 0.25657067 -0.89667517 -0.36075631 0.085704029
0.293201 16.4298 390.09299 0.0063354108 -0.99969339 0.023936437 0.10524971
-34.845699 83.1922 361.14099 0.080998607 -0.38026997 -0.92132187 0.063643552
-27.6768 94.183403 351.099 -0.14867947 -0.67092806 -0.72646403 0.06937889
-35.4394 35.389599 384.89999 -0.83552444 0.1280369 -0.53432715 0.03691176
-42.899601 14.2593 391.39899 -0.81987095 0.21181644 0.5319261 0.065845601
15.5697 60.976398 372.52399 0.52812266 0.41883376 0.73869121 0.078529336
-37.1105 76.8013 365.41699 -0.81541169 -0.101935 -0.56983602 0.07527408
12.7625 17.1717 384.89499 0.40106079 -0.35557085 -0.84422725 0.11746849
5.2384901 16.6359 388.79401 0.1306679 -0.98988998 0.055169657 0.076619536
-6.5240402 16.9182 393.22699 0.00076339877 -0.97779965 0.20954065 0.11430968
14.7099 54.559299 372.26099 0.052714251 -0.43921265 -0.89683527 0.037834484
-24.571899 15.6022 391.056 0.34863105 -0.15291184 -0.92470229 0.10317089
-24.7201 94.912201 349.983 -0.029119382 -0.6304425 -0.77568954 0.064926252
16.904699 53.481499 374.67599 0.98197174 0.033965793 -0.18595125 0.087308012
13.0086 20.573999 383.88101 -0.067539051 -0.23982838 -0.96846312 0.076976173
14.2563 67.1092 369.30899 0.61510187 0.56897384 0.54581904 0.072762296
-23.601299 14.2425 391.38901 -0.019848347 -0.98069865 -0.19451532 0.10188687
-24.8957 13.9379 392.69101 0.18395607 -0.96745628 0.17374855 0.055085286
-34.793301 35.057899 383.70001 -0.51389283 0.046298135 -0.8566041 0.086143546
4.0521302 16.3505 387.49701 -0.088812083 -0.95464224 -0.28420165 0.084736682
-24.216801 14.1343 391.18399 0.09749186 -0.87232745 -0.47910351 0.11623202
-26.005301 13.8852 391.10501 0.25708368 -0.60552782 -0.75315607 0.1138545
-24.772699 13.832 391.397 0.3297267 -0.8702547 -0.36597419 0.13337409
-12.0035 16.697399 393.98999 -0.34907588 -0.42672756 0.83429587 0.12581162
-33.053902 12.0192 390.10199 0.31576809 -0.94881302 -0.0066601965 0.15029396
3.8157001 17.1005 387.02499 -0.24240488 -0.55469489 -0.79596072 0.085507773
-29.919399 13.7296 393.99701 0.13208495 -0.88135016 0.45362484 0.064899929
13.0564 19.501801 384.20599 0.35480189 -0.26564044 -0.89640993 0.03860737
-31.201599 15.5751 394.26001 -0.1427485 0.01414925 0.98965788 0.039455228
-36.639702 64.099701 377.086 -0.38981515 0.3860122 0.83608538 0.036530305
-33.828098 87.128304 358.405 -0.10987126 0.028471187 -0.99353796 0.066499852
-26.1427 13.4428 391.41199 0.16513526 -0.98617482 0.013766439 0.06479767
-26.101101 13.6962 392.68799 0.17277716 -0.9616614 0.21296805 0.084382929
15.3623 26.3631 384.927 0.84519988 0.010310854 0.53435081 0.13330081
-34.041 54.596001 376.698 0.01013936 -0.46479639 -0.88535953 0.072180204
2.04175 16.4888 390.11301 0.095981389 -0.96889412 0.22810479 0.11620309
3.29074 16.5149 390.08701 0.012471876 -0.97225052 0.23360942 0.084976844
15.7416 37.581902 379.168 0.2073388 -0.28948739 -0.93445581 0.044194534
-21.9608 97.521698 351.466 0.14380819 0.98397434 0.10542169 0.12568301
-40.2901 20.745899 390.89801 -0.54193729 0.23940051 0.80560005 0.054736335
14.3158 28.5951 381.85599 0.075726718 -0.29249424 -0.95326418 0.045993138
-31.2707 93.642097 355.633 -0.7957601 0.56199116 -0.22568075 0.081310861
-33.790798 89.083397 358.89001 -0.91208577 0.18369386 -0.36654621 0.095052771
15.9731 36.452999 379.73401 0.6564073 -0.3354252 -0.67573619 0.083767086
-34.476101 88.738503 361.48499 -0.58160293 0.61329627 0.53442091 0.074650325
11.4554 71.4991 363.14001 0.024839368 -0.44578499 -0.89479536 0.05106426
-15.7091 15.5087 391.39401 0.16842468 -0.93620759 -0.30846137 0.11492083
-27.544701 94.9086 350.216 -0.24908945 -0.60776359 -0.75404102 0.07038299
9.0969296 18.1042 385.15302 -0.35773551 -0.28079009 -0.89060777 0.056006432
-12.9224 96.296799 351.94501 0.033089492 0.7165001 -0.69680172 0.0853073
13.8827 18.4851 386.194 0.97089624 -0.23947877 -0.0032272607 0.091907881
12.9878 19.2386 387.198 0.53492594 0.067544408 0.84219474 0.054184068
-3.95468 90.436203 351.09601 -0.19907987 -0.67755139 -0.70801932 0.075026654
-12.4126 96.336601 352.38 0.065723091 0.90200222 0.42669949 0.07589227
1.15939 89.782303 350.061 -0.25477874 0.1380837 -0.95708972 0.058241226
1.76013 89.734497 349.979 -0.41544941 0.056815032 -0.90784019 0.074248776
1.33998 91.051102 350.78201 0.013119415 0.52263206 -0.8524574 0.086992376
15.2446 36.334202 379.48401 0.0094306981 -0.27218789 -0.9621979 0.060708191
-31.171301 93.593903 357.04199 -0.49846035 0.81076622 0.30691269 0.10487776
-29.9261 93.269997 357.60599 -0.096609838 0.75057733 0.65368205 0.050325286
13.2048 65.004799 366.89899 -0.032176007 -0.5305596 -0.84703672 0.035964206
-35.349602 39.139801 383.63199 -0.86393851 -0.097159952 -0.49413577 0.04269781
-33.68 88.417702 362.01001 -0.2897076 0.62996417 0.7205655 0.067714602
14.9192 52.613201 373.18399 -0.024693426 -0.4066349 -0.91325694 0.056040395
15.5448 62.344501 371.62799 0.68730628 0.42859474 0.58644402 0.066389762
4.27736 16.547001 390.10199 0.17350757 -0.83476073 0.52256066 0.092166498
11.6967 18.1488 384.375 0.051022399 -0.21284299 -0.97575337 0.053132568
-35.021099 87.112602 362.83099 -0.60895681 0.68947488 0.39216834 0.069313101
-9.1665802 94.808601 353.715 0.14770277 0.94387347 0.29544336 0.085497275
-7.8860998 94.5317 353.70401 0.24940293 0.84222788 0.47796488 0.062415052
14.5524 31.7041 380.992 0.23860952 -0.33043176 -0.91317052 0.037414558
15.5392 61.9119 371.923 0.68899614 0.54492605 0.47784925 0.076225974
-27.3127 97.613297 352.38599 -0.38394344 0.78210407 0.49081627 0.064741492
-3.9249201 90.835701 350.634 -0.088066965 0.038163837 -0.9953832 0.085566595
-36.341702 25.9107 385.63501 0.17265487 -0.29293132 -0.94041562 0.089824177
-32.644798 13.0202 393.07101 0.090814196 -0.87255388 0.48000264 0.11643552
-34.431599 88.4692 360.198 -0.94153422 0.27392942 -0.19615288 0.083813488
-31.527201 91.238899 354.98499 -0.59286135 -0.28524089 -0.75309563 0.08655069
12.4033 74.120796 362.78201 0.8565678 -0.060667973 -0.51245588 0.084624924
2.8617699 16.437099 388.84299 -0.041650914 -0.99250019 -0.11492842 0.075773761
-30.681601 92.367798 353.69601 -0.85176051 0.089692779 -0.51619697 0.091363072
3.0843799 88.3339 351.09299 0.11910836 -0.3654604 -0.92317492 0.028400986
9.4340296 76.164597 360.203 0.12524652 -0.53463501 -0.8357504 0.031852663
-33.317299 88.486298 357.60901 -0.78358233 -0.012025904 -0.62117159 0.061244823
14.2788 68.610001 368.05499 0.62713301 0.65420556 0.42275205 0.08460585
16.316 58.7131 371.927 0.97968304 0.034371827 -0.19758469 0.10115703
17.0466 49.566002 377.086 0.98759186 0.15670931 -0.01022246 0.09227211
-37.7509 69.0896 369.298 -0.69479799 -0.4395071 -0.56928837 0.10009379
15.9059 60.086601 370.59799 0.77313846 -0.14103252 -0.61835814 0.066831887
-20.8188 95.019897 349.496 -0.032145306 0.20979455 -0.9772169 0.097181879
-41.914398 17.258301 388.79501 -0.86708522 0.36811802 -0.33563715 0.038933534
-33.679901 89.685501 360.823 -0.47273201 0.74324393 0.4734056 0.09977442
5.3050799 85.188103 353.69299 0.38603848 -0.49916703 -0.7757619 0.035937518
-24.6115 97.548798 350.52802 0.1379257 0.64550304 -0.75120062 0.094577983
-32.302898 91.007698 359.741 -0.49825141 0.68771213 0.52801281 0.057237595
-32.616402 90.500504 360.18201 -0.45952356 0.76569581 0.45005339 0.061878286
-7.8614402 16.918699 393.45901 -0.099852122 -0.8771525 0.46971586 0.12580486
-2.6744399 90.6343 350.341 -0.12359767 -0.31296811 -0.94168711 0.081397682
-34.857601 53.5005 381.01801 -0.96481961 -0.18461789 0.1871879 0.065039501
-20.782301 96.227997 350.302 0.10693026 0.55337441 -0.82604039 0.065893568
-37.523499 75.456902 366.70901 -0.85099256 -0.073426381 -0.52001947 0.069905303
-37.5896 76.769203 366.70001 -0.94221747 -0.040803913 -0.33250755 0.053697743
11.9305 75.516502 364.10999 0.62538588 0.52082354 0.58106405 0.052802794
-36.344898 37.992802 387.49701 -0.81145978 0.27465615 0.51584589 0.071073025
-29.9272 95.121101 353.70401 -0.86770964 0.47523022 -0.14572668 0.10055433
-32.159801 92.551201 357.591 -0.89693588 0.44085789 0.03391682 0.067044899
7.7431002 18.052299 389.40601 0.40294254 -0.069390468 0.91259098 0.071177937
-35.144199 53.976299 381.03201 -0.97332519 -0.12726508 0.19089711 0.080228843
-33.1101 89.747002 357.65399 -0.8920306 0.067589909 -0.44689265 0.092296332
-32.518101 91.187798 356.992 -0.89825612 0.24638188 -0.36391202 0.056241419
-32.518002 90.112297 356.43701 -0.67961746 0.026492843 -0.73308814 0.079078995
-34.550999 40.508598 382.29001 -0.52195764 -0.2275213 -0.82206708 0.077060543
-5.30757 92.423103 351.09201 0.1585892 0.45775488 -0.87481993 0.02547236
-35.1106 55.9286 377.18799 -0.85026157 -0.37229958 -0.37208641 0.086885564
-35.111 85.8769 360.978 -0.87780273 0.061349317 -0.47507754 0.086884871
14.3098 21.232901 386.20599 0.90156162 -0.054644205 0.42918605 0.14167613
-35.127201 55.848 377.33099 -0.85252166 -0.37226799 -0.36691061 0.074507803
-34.677898 54.7048 377.14099 -0.76447368 -0.50359142 -0.40246201 0.08226724
-4.2792602 93.415497 353.69101 0.40121397 0.77921844 0.4815039 0.082069069
-33.503799 45.4916 380.48499 0.022234308 -0.40098974 -0.91581267 0.085455783
-36.422798 33.842899 386.612 -0.88222277 0.050128397 -0.46815607 0.047922343
-37.7276 23.618999 385.80301 0.095976941 -0.048817042 -0.99418575 0.069388084
7.7762599 18.0695 385.58099 -0.28322968 -0.2175284 -0.93405694 0.047561668
11.8553 72.370499 362.80099 0.38707551 -0.32834864 -0.86160302 0.030496906
-18.4128 15.3964 394.00699 0.13072513 -0.94376373 0.30367905 0.10925094
-7.81884 91.675903 351.09399 -0.44475782 -0.55848682 -0.70020205 0.079634309
-3.7637401 93.631302 352.202 0.34022173 0.86517471 -0.36840451 0.09288086
-35.372501 56.0233 378.392 -0.95078254 -0.29641846 -0.090269662 0.02665153
1.95837 16.337 388.79199 0.13873595 -0.97076631 -0.19587006 0.058296703
-35.152802 56.971802 375.84201 -0.51589012 -0.68679816 -0.51202118 0.073965155
10.2585 16.813299 384.92401 -0.27752566 -0.6987595 -0.659329 0.084225558
-10.8681 95.905098 352.38699 0.33275065 0.93398821 0.13016519 0.06705448
16.1082 31.274401 382.298 0.93623483 -0.18441577 -0.29909047 0.065003157
-13.767 96.315498 352.39499 0.046553444 0.9195835 0.39012679 0.081908621
-35.0895 57.202801 380.79901 -0.40894088 0.45551431 0.7907427 0.059286594
12.4826 20.7988 383.80899 -0.13592671 -0.19579935 -0.97117794 0.036576919
-35.098701 44.574699 383.621 -0.92320436 0.023183651 -0.38360941 0.049156543
16.1646 31.325001 383.59399 0.9767825 -0.06911777 0.20277743 0.058822148
-9.3259401 95.6231 352.38 0.1685814 0.96767324 0.1875869 0.088095784
-35.648998 57.4272 377.142 -0.9126206 -0.35046056 -0.21047808 0.035446763
12.2534 75.4319 362.78601 0.9564265 0.27342096 -0.10241763 0.14868736
-36.463299 59.798 375.85001 -0.89460135 -0.40781128 -0.18269747 0.033275474
-36.415199 59.731499 375.76401 -0.89460135 -0.40781128 -0.18269747 0.053086229
-38.3447 67.789299 373.20801 -0.99892759 -0.045977566 0.0054572197 0.061662808
7.6714101 85.454002 356.311 0.75244683 0.65742099 0.040266231 0.10178988
-34.621101 45.634899 382.29901 -0.92428339 -0.012557926 -0.38150036 0.047879819
-4.0468502 92.002502 351.08401 0.19220908 0.28060573 -0.94038081 0.052178349
-35.070499 60.919201 373.50201 0.25337189 -0.38661504 -0.88675332 0.041860357
-35.544998 61.160702 373.19299 0.079522781 -0.36597303 -0.9272216 0.064871751
-35.992401 61.0658 373.13199 0.015947303 -0.70471179 -0.70931441 0.065427169
-36.6409 60.220299 375.79599 -0.89460135 -0.40781128 -0.18269747 0.020813236
-9.1670504 16.8661 390.224 -0.1913676 -0.57757193 -0.79359257 0.099128552
2.5157299 91.318604 351.08701 0.089895703 0.91611683 -0.39070278 0.083265334
-36.843399 61.287201 374.483 -0.85334933 -0.41907665 -0.3101123 0.038274657
-36.5466 61.451199 373.18399 -0.6535176 -0.56715029 -0.50125372 0.066876508
13.8566 70.2183 365.42801 0.87619579 -0.018427532 -0.48160297 0.085633531
16.902 38.290401 381.35699 0.7610389 0.1775493 0.62393594 0.10557815
9.8645697 80.7136 358.905 0.89535791 0.21651542 -0.38917258 0.11690393
-36.226799 59.957001 374.51599 -0.65391779 -0.65568131 -0.37745664 0.096242055
-36.444801 61.0079 373.50699 -0.42468974 -0.70930868 -0.56260091 0.081425726
3.8873301 85.775497 353.31601 -0.13154359 -0.69019181 -0.71156979 0.012693552
-10.3043 94.931396 351.76099 0.18320511 0.57260269 -0.79910076 0.090950795
-22.024599 96.2295 349.89401 0.31708822 0.2589775 -0.91235173 0.067239374
-20.374001 14.8199 392.694 0.035418268 -0.99790615 -0.054119524 0.12485847
14.1041 23.444099 386.21399 0.59511036 0.16900131 0.78567308 0.07007923
-36.511002 60.591099 374.48499 -0.74916655 -0.54773873 -0.37246716 0.054716829
-36.324299 62.358601 372.38 -0.059111461 -0.60051918 -0.79742241 0.083860807
-36.4426 62.409901 372.35101 -0.059111461 -0.60051918 -0.79742241 0.078487664
14.3123 25.789499 382.755 0.41852546 -0.290279 -0.86056644 0.048642311
13.7866 25.950899 382.577 0.037755005 -0.27754694 -0.95996994 0.055448156
-36.495098 63.708099 371.69101 0.080325507 -0.43634567 -0.89618653 0.074957795
-36.252399 64.885399 371.20401 0.073780157 -0.4249796 -0.9021911 0.087819166
-36.978001 63.7579 371.89099 -0.53734547 -0.52337146 -0.66131848 0.068177506
-37.728199 65.8116 371.93399 -0.85557973 -0.37132454 -0.36069569 0.029411899
-33.875599 11.7032 389.38501 0.29291141 -0.95582771 -0.024419544 0.13194326
-33.800098 11.7323 389.978 0.31576809 -0.94881302 -0.0066601965 0.14708525
-36.592899 63.391499 371.88901 0.2018628 -0.37761524 -0.90369141 0.051139411
-21.820299 94.979103 349.77899 -0.23320411 0.0060333884 -0.97240907 0.11694781
12.978 64.976402 366.935 -0.0067385151 -0.5425238 -0.84001338 0.039420094
-11.8733 94.606201 351.08099 0.20406222 0.50556117 -0.83831167 0.09385971
-36.780399 75.778801 370.58301 -0.35588863 0.47579217 0.80434138 0.026060965
-34.997101 33.696301 383.94601 -0.29785833 -0.21708222 -0.92959976 0.096022941
-34.675098 41.684799 382.33801 -0.75293052 -0.062417015 -0.65513343 0.070559531
11.5325 16.894699 384.577 -0.012376625 -0.31999567 -0.94733816 0.089636825
-37.826801 72.861702 368.008 -0.90643728 -0.15282609 -0.39372024 0.069805294
-34.458401 84.513702 360.19901 -0.57310998 -0.25375953 -0.779199 0.063710183
10.4157 76.484596 360.246 0.16257156 -0.44706482 -0.87960422 0.036246605
-39.066502 20.9424 386.20099 -0.58322597 0.26519281 -0.76780224 0.090995535
-39.020401 22.105301 386.974 -0.80625701 0.28932998 -0.51598233 0.065100178
-32.487701 12.0891 390.258 0.3934243 -0.90059513 -0.18478574 0.13192816
-35.323799 57.370399 375.83801 -0.65586996 -0.58903152 -0.47209796 0.068272352
-35.124901 57.208698 375.483 -0.064167336 -0.60206616 -0.79586363 0.098377936
-40.319901 17.2917 386.39499 -0.24357983 0.14099053 -0.95957834 0.097225651
10.8219 72.152702 362.78201 -0.020888468 -0.511406 -0.85908532 0.033605613
7.7922602 84.490196 357.91101 0.50717914 0.7313242 0.45599806 0.070542589
-6.0908899 91.043098 351.09399 -0.31653479 -0.51638699 -0.79570735 0.063862346
9.3352203 16.7906 386.19101 0.015096036 -0.99617535 -0.086062603 0.072468713
-43.180599 13.4142 391.396 -0.89525062 0.17689542 0.408943 0.083847784
-15.478 96.242798 351.384 0.20562044 0.82587087 -0.52503103 0.079096921
-31.272499 12.9189 392.71201 0.097712725 -0.88730615 0.45071059 0.10163385
-34.9813 59.771599 374.064 0.16508815 -0.39181954 -0.90510958 0.094466619
15.5788 32.2794 383.89499 0.68019503 0.1900083 0.70797706 0.073497444
15.604 53.303902 372.96799 0.071337514 -0.36752155 -0.92727494 0.0482691
12.916 72.808899 365.76599 0.58374685 0.64823139 0.48891282 0.076214582
-35.3549 58.703201 374.50201 -0.41517302 -0.68167996 -0.60244817 0.06622766
-33.930599 41.415798 381.836 0.050487716 -0.24539953 -0.96810645 0.074291527
-35.4398 59.808201 373.88901 -0.47283781 -0.4774887 -0.74055988 0.092125744
-40.096199 23.226801 390.12799 -0.82278484 0.56414855 0.069003783 0.099181309
-37.7346 68.915001 369.354 -0.70601964 -0.35794666 -0.6110732 0.11924946
-6.54705 92.720703 351.09299 0.16855784 0.35220823 -0.92061806 0.070628099
-19.5844 96.946098 351.082 0.12018204 0.89060718 -0.43860587 0.073053829
-35.106701 58.4548 374.616 -0.37003618 -0.49252373 -0.78771418 0.074809738
-0.34957799 16.390301 390.08899 -0.13369031 -0.99006635 -0.04353755 0.099917375
6.5967302 16.749599 387.495 0.00044862615 -0.99686521 -0.079117522 0.10324793
-37.193501 24.6724 385.70099 0.046774462 -0.13124627 -0.9902457 0.08771918
-33.843399 46.761101 380.17099 -0.21383704 -0.34326172 -0.91457373 0.079779223
-37.514099 75.414101 370.603 -0.61806679 0.46896175 0.63092661 0.052259278
-33.382999 87.094498 358.30899 -0.31539962 -0.25521186 -0.9139967 0.083049238
8.1536798 16.608299 386.18701 0.040634781 -0.93343294 -0.3564432 0.08877027
-33.388901 91.023003 358.965 -0.7076264 0.70653498 -0.0085561182 0.093718365
-37.124199 72.775101 366.992 -0.28660887 -0.55430841 -0.78140742 0.077262394
-40.445499 19.563299 387.51599 -0.78775978 0.33840552 -0.51470017 0.040533926
2.1306701 88.451103 351.09201 -0.10806962 -0.64130872 -0.7596342 0.024780724
-19.7892 95.466202 349.784 0.18663692 0.44516155 -0.87578416 0.12749204
16.826599 36.5051 381.00101 0.96576279 -0.1845732 -0.18230443 0.11246473
12.9651 63.2006 368.00601 -0.12716754 -0.43295169 -0.89240193 0.0038273942
12.2132 72.863503 362.784 0.54804593 -0.34864882 -0.76032209 0.049926318
-36.3535 67.606697 369.896 0.16279075 -0.43601212 -0.8850947 0.086283058
-33.904301 44.775299 380.98801 0.037811864 -0.20074287 -0.97891396 0.12331702
-33.8424 45.495399 380.67001 -0.12695983 -0.23253611 -0.96426558 0.07707984
-22.5114 96.258499 349.82101 0.34222254 0.16985418 -0.9241392 0.027360665
-37.483601 66.329399 370.58701 -0.42372078 -0.43623275 -0.79382724 0.091226079
-28.6147 94.804604 350.64001 -0.62518412 -0.078921705 -0.77647674 0.077281483
-36.913502 66.306 370.29099 -0.39954659 -0.39002025 -0.82960635 0.067847051
-27.4676 96.486504 353.702 -0.17494614 0.79003143 0.58757484 0.036755718
-24.4328 96.230698 349.43201 0.01453393 0.30260763 -0.95300442 0.076457657
-24.9792 96.222397 349.397 -0.11361392 -0.18729766 -0.97571075 0.079818673
-23.452101 96.476898 349.82599 0.11246891 0.30600616 -0.94536287 0.10524299
-24.858 96.661797 349.78299 0.093860455 0.44747502 -0.88935727 0.04697613
-33.854301 44.2075 381.104 0.048576977 -0.21213983 -0.97603124 0.10069956
-23.296101 97.561897 350.80399 0.03478431 0.96150273 -0.27258492 0.063628204
-31.2918 92.4459 354.991 -0.89829856 0.15574409 -0.41085705 0.053735938
-35.062901 45.4632 385.55399 -0.51751763 0.23510452 0.82274014 0.066438369
-35.008999 46.775501 385.082 -0.84758413 0.31360102 0.42808363 0.086608402
-11.4534 16.8319 393.99799 0.44625694 -0.45390412 0.77124953 0.090130143
-31.209499 91.526497 354.5 -0.79700792 -0.071613118 -0.59970826 0.073399186
2.5764501 88.370697 351.07901 0.031662099 -0.86769521 -0.49608722 0.034282181
-35.108501 34.701801 383.81299 -0.65072751 0.14394237 -0.745543 0.10460827
-34.469898 52.061401 382.29001 -0.97670263 0.020777116 0.21358897 0.093313396
-27.108 95.991203 349.04999 0.15780976 -0.43699706 -0.88551092 0.084837496
-39.0303 24.7682 388.418 -0.86309397 0.28644401 -0.4159551 0.046961352
-15.8338 96.8293 352.38599 0.12512131 0.98734987 -0.097390391 0.066861242
-35.7108 40.909302 384.89099 -0.94652349 0.043676417 -0.3196649 0.056936365
15.8601 37.723999 382.30899 0.65430081 0.24545725 0.71529102 0.049839485
-34.466099 49.4529 382.31 -0.93377006 0.076475643 -0.34960681 0.05308336
10.4279 78.186798 359.69501 0.68986309 -0.10550541 -0.71621054 0.055027548
12.2722 16.6166 386.194 0.23306395 -0.97179031 0.036121719 0.12299241
14.4237 62.394402 368.496 0.43490788 -0.39488915 -0.80926985 0.050465941
-34.445301 52.1241 380.987 -0.98276752 -0.18013331 -0.041472871 0.036247808
-37.669601 62.702099 377.103 -0.83714992 -0.019907968 0.54661113 0.077691458
-27.251499 97.550598 350.03101 -0.19204676 0.71065354 -0.67682314 0.11438008
-41.913898 18.3475 390.095 -0.93898386 0.31156433 -0.14572911 0.056878749
-41.232601 18.8528 388.79999 -0.87719661 0.34607044 -0.33280829 0.05018533
-41.626801 18.2125 389.20001 -0.8819496 0.3587693 -0.30569503 0.04740008
-38.2799 21.9676 385.98499 -0.34857604 0.27028653 -0.89746302 0.076775715
9.1075001 80.896599 357.681 0.57388192 -0.31040657 -0.75783062 0.11577877
-8.9006205 93.6269 351.17401 0.21204662 0.44333029 -0.87091589 0.039845996
-35.1007 81.866997 362.021 -0.17174163 -0.58520371 -0.7924906 0.062937826
-35.319901 81.913902 361.95499 -0.47649702 -0.4248834 -0.76969129 0.077151358
-34.2491 50.807098 379.69501 -0.92430961 -0.14108847 -0.35460651 0.082054995
-34.346901 50.875999 380.99701 -0.99474007 -0.072949819 -0.071906067 0.045257233
-34.293201 49.808399 380.992 -0.98750061 -0.0048074494 -0.15754178 0.063032687
-34.048801 49.596401 379.70001 -0.80198526 -0.31076682 -0.51014078 0.077749103
3.8580799 86.780098 352.39499 0.042591359 -0.61350161 -0.78854412 0.032884803
3.7231901 87.112297 352.09399 0.071699433 -0.5876525 -0.80593038 0.034266252
-39.304401 22.2286 387.491 -0.86066532 0.27450901 -0.4288356 0.031246327
-14.3656 18.1511 394.314 0.11100353 -0.047989592 0.9926607 0.028491391
-7.8041701 93.039703 351.09201 0.041532878 0.3155449 -0.94800127 0.068426855
-35.085602 47.230202 384.888 -0.67856252 0.46103206 0.57184118 0.0847378
-35.079399 49.4034 384.04999 -0.68811929 0.23072273 0.68793809 0.099548981
-33.803299 49.382 384.47601 -0.37920818 0.34812978 0.85732538 0.05732964
3.7695401 91.061096 351.10501 0.54030913 0.6836254 -0.49063468 0.13865037
-31.0756 93.2285 354.98199 -0.88279825 0.25502193 -0.394501 0.079084724
-30.8866 93.953598 355.021 -0.87691671 0.43235773 -0.20996159 0.083399415
-10.3253 93.632797 350.80899 0.18291219 -0.10675861 -0.97731555 0.06647899
14.2897 24.6971 385.944 0.59165359 0.12557542 0.79635221 0.091967158
3.3413899 16.457399 387.48801 -0.23953122 -0.88463223 -0.40006328 0.096145339
-35.086601 50.0938 383.63199 -0.75528824 0.57809085 0.30878907 0.088219345
15.6286 58.4772 370.784 0.52156878 -0.36674839 -0.77036458 0.11483919
-35.339298 49.428902 383.61401 -0.91901743 0.24077526 0.31214461 0.05595208
-35.1245 49.460602 383.28601 -0.87880081 0.16913526 -0.44620889 0.082182623
-35.112598 48.2929 383.42499 -0.97181624 -0.033663515 -0.23332372 0.077244066
-34.5425 48.181499 382.285 -0.93864471 0.018651325 -0.344381 0.034099415
16.912001 51.840599 374.987 0.98584366 -0.019386796 -0.16654257 0.10047518
13.9972 60.582298 369.29199 -0.051365443 -0.36010575 -0.93149632 0.038886663
-35.153301 46.811699 383.59399 -0.98717839 -0.022703512 -0.15799813 0.048670843
-35.248402 48.115601 383.612 -0.97181624 -0.033663515 -0.23332372 0.0845474
-33.514702 11.6993 390.08899 0.31576809 -0.94881302 -0.0066601965 0.16041885
-18.8039 15.3328 391.28101 0.11957012 -0.79117292 -0.59979028 0.10863043
12.6531 70.248398 364.09799 0.22655185 -0.27281079 -0.93501258 0.042742833
-38.3964 75.546997 369.32001 -0.99157572 0.12946358 -0.0040999856 0.07198365
-32.4986 48.983601 379.595 0.20442817 -0.21935533 -0.9539876 0.073004946
-32.5462 12.8113 392.716 0.10375847 -0.87265289 0.47719082 0.12460068
-34.120998 37.702801 382.897 -0.45998743 -0.27600518 -0.84393883 0.056723647
-18.2892 94.826698 349.79901 0.067927144 0.038555101 -0.99694502 0.089782611
-35.117298 33.737202 383.95999 -0.82383913 -0.067084357 -0.56283993 0.096677966
-34.0555 87.122299 358.88901 -0.89005935 -0.049998879 -0.4530943 0.066879243
-37.8601 74.131302 368.01901 -0.91053778 -0.062637351 -0.40865335 0.029620465
-37.986301 75.4375 368.03799 -0.94473082 -0.052968215 -0.32353994 0.060351707
-28.986799 13.0261 390.70499 0.29002216 -0.9495675 -0.11920051 0.13819802
-35.763 56.183102 381.004 -0.95921528 -0.057810456 0.2767019 0.084885813
-32.438702 89.815102 356.28299 -0.63439566 -0.10531412 -0.76580095 0.079692818
-32.200401 91.146599 356.29599 -0.84212238 0.020988123 -0.53887796 0.085146189
-33.2859 46.787701 380.07401 -0.25500628 -0.39227852 -0.88379258 0.064250909
-34.7323 86.097801 360.19 -0.8098951 -0.16395448 -0.56319523 0.079168923
-35.169201 58.469002 374.612 -0.37003618 -0.49252373 -0.78771418 0.074809738
-34.9175 54.656898 379.70999 -0.94551033 -0.27730691 -0.17061964 0.04782835
-35.5886 80.595802 362.793 -0.51792538 -0.31829372 -0.79400402 0.049202632
-35.119099 80.787102 362.78699 -0.22786555 -0.62202507 -0.74910754 0.041133866
15.657 54.409901 372.55499 0.31358889 -0.33635521 -0.88799053 0.074297659
-36.010899 84.571602 362.79901 -0.94642675 0.13392088 -0.29383934 0.067969173
-35.435299 84.847702 361.52399 -0.8839975 0.071763784 -0.46195063 0.074636944
15.609 58.773102 370.633 0.55781668 -0.44396383 -0.70123941 0.11597358
14.2043 58.472198 370.336 -0.062147919 -0.29522479 -0.95340443 0.038275473
6.13836 85.9291 353.70001 0.44209269 -0.090315521 -0.89241087 0.063003302
-34.6628 53.469101 379.72299 -0.9608137 -0.25753346 -0.10253578 0.043417048
-37.694698 64.937103 376.33899 -0.71472496 0.21659681 0.6650219 0.088389382
-34.446098 52.096802 379.70999 -0.96345836 -0.19050501 -0.18829706 0.053482741
-34.203602 52.0214 378.40399 -0.84268266 -0.29170084 -0.45254448 0.062120244
-41.476501 19.460501 390.12701 -0.80896497 0.532552 0.24892583 0.063235082
2.7632699 89.7798 350.10001 0.24659002 0.38082701 -0.89115888 0.047983263
16.863701 53.382801 374.49701 0.98197174 0.033965793 -0.18595125 0.087161042
-34.970901 54.661999 378.392 -0.95694143 -0.27643579 -0.088579461 0.060991738
-37.081699 81.954903 365.39001 -0.89975357 0.38234779 0.21036552 0.062928773
-37.214802 80.647598 365.396 -0.96343839 0.11643208 -0.24130891 0.035634577
16.9993 46.9823 378.401 0.89934373 0.1687346 0.40337262 0.082624599
-42.546902 15.0705 391.388 -0.72961104 0.24815564 0.63724917 0.053941071
-34.6203 53.521599 378.40601 -0.8240152 -0.36914799 -0.42980081 0.06664864
-33.9268 53.877899 377.11099 -0.33140531 -0.55536401 -0.76271975 0.083669826
-35.257599 55.6987 379.702 -0.98327518 -0.17997704 -0.027895477 0.080446199
7.7839799 84.731796 357.61099 0.57419318 0.67733908 0.45990649 0.071168646
5.2769098 84.505203 354.19299 -0.037855506 -0.63818651 -0.76895058 0.052608244
16.871401 51.837299 376.28299 0.99372256 0.028327564 0.10822701 0.12580003
13.0353 71.5382 363.931 0.58408344 -0.10458898 -0.80492711 0.091389686
13.0059 72.994202 363.866 0.96432883 0.13536631 -0.22747718 0.09191256
-29.907801 93.044601 352.45499 -0.6063025 -0.23895611 -0.75848353 0.072954193
-18.287701 96.657501 351.08099 0.13215743 0.91115868 -0.39028746 0.070545964
-11.7454 16.5485 390.564 -0.027775554 -0.39313054 -0.91906303 0.12315945
-35.090199 56.7827 380.995 -0.62979996 0.74489671 -0.22018385 0.078464314
-35.036598 58.443501 380.228 -0.34205753 0.37095883 0.86335748 0.04630217
-38.556702 22.336399 386.22101 -0.45655227 -0.0060214875 -0.88967621 0.057292838
-42.811699 14.464 388.79401 -0.94163436 0.21135931 -0.26201531 0.019219002
-42.183201 16.603399 388.79199 -0.89803433 0.31530529 -0.30678475 0.036163446
-42.814098 15.6851 390.095 -0.92922574 0.36791861 0.03428467 0.032619346
-37.533298 79.466698 367.995 -0.78748602 0.49978781 0.36066321 0.075305015
-36.3764 37.481899 387.66901 -0.93314368 0.2539818 0.25443295 0.09543895
15.5778 57.357498 374.492 0.51308793 0.43786433 0.73825169 0.063499525
-24.938299 95.724098 349.16501 -0.1553254 -0.26001957 -0.9530288 0.064662687
-23.3295 95.435402 349.21399 0.29641724 0.10777123 -0.94895846 0.075724721
-37.717899 29.920601 388.28601 -0.93773735 0.12424985 -0.32436183 0.078931585
-33.699799 41.591999 381.79401 0.12657942 -0.30959949 -0.94240427 0.089403622
-40.9589 19.6633 388.80301 -0.86751831 0.36189139 -0.34124273 0.049885228
14.3561 64.811096 367.384 0.4200131 -0.29818141 -0.85713291 0.087991171
-37.082699 79.428497 365.41901 -0.91790724 -0.098319359 -0.38442108 0.060896847
-21.166901 97.002502 351.08499 0.19863608 0.8127529 -0.54770106 0.074122541
-35.169399 43.061901 383.60101 -0.92441988 0.037426233 -0.37953541 0.028882379
-36.034 61.763802 378.39899 -0.47954774 0.51277095 0.71210951 0.061329152
7.2154198 84.913498 354.98401 0.79414207 -0.16074914 -0.58608705 0.091014475
-33.429798 51.974499 378.009 0.093854137 -0.18643741 -0.97797364 0.079069033
-11.4844 94.922897 351.401 0.22425742 0.59294695 -0.7733838 0.098360822
17.1481 48.3358 377.11801 0.99309176 0.010817445 0.11684075 0.097236812
-33.3643 50.9753 378.39301 0.22518398 -0.3878926 -0.89377373 0.062067728
-11.8334 96.198898 352.39001 0.25281131 0.95486569 -0.15594213 0.071462855
16.896601 44.079498 379.633 0.84211653 0.15638039 0.5161249 0.048007026
15.8051 61.555599 371.88599 0.74022925 0.45654899 0.49358255 0.059676435
16.229401 60.184101 371.88901 0.98810792 0.086338893 0.12723351 0.10496576
-17.2778 96.932098 352.39999 0.071840741 0.99717951 -0.021725217 0.07120055
15.2773 25.2194 384.91501 0.93030334 -0.25636578 0.26232091 0.12680516
-33.790901 54.6022 376.73999 0.15193711 -0.39622077 -0.90549666 0.084991142
11.6047 76.789398 361.55701 0.9855231 0.11672091 -0.12296516 0.091740862
-18.312099 97.046898 352.40701 0.2069333 0.97003347 0.127333 0.055207413
-27.3531 13.559 392.707 0.19385546 -0.95565957 0.22166373 0.042538509
-33.568501 53.970402 377.09799 0.14097846 -0.36550203 -0.9200725 0.076495856
-33.490101 53.308498 377.452 -0.20810628 -0.48216319 -0.85100555 0.10407581
10.6324 16.687401 386.21399 -0.13595508 -0.99002421 -0.036990799 0.076000288
-28.5292 97.156898 352.397 -0.66231859 0.74887556 0.022792984 0.093572527
-16.9433 18.033501 394.54901 0.059931763 -0.12777221 0.98999113 0.10861106
-15.6615 18.153601 394.439 0.085297078 -0.078172699 0.99328417 0.067263909
-31.846701 92.557098 356.28699 -0.88730228 0.35396665 -0.29563883 0.09936776
-14.3615 96.195503 352.84299 0.11328676 0.90823168 0.40284154 0.095150977
6.7225499 16.7185 388.802 0.29290706 -0.94116908 0.16854133 0.086029127
-39.5107 23.562401 388.78699 -0.89817387 0.25893262 -0.35529926 0.031445026
-19.5473 97.121696 352.397 0.21323544 0.91368318 0.34599671 0.052626818
-36.280899 81.889503 366.83099 -0.47912517 0.54131901 0.69095063 0.061330762
-5.22542 16.9046 393.03299 0.19454178 -0.86260629 0.46697307 0.14598522
-38.513599 68.920799 373.19601 -0.96461016 0.096602201 0.2453472 0.070180841
-20.847799 97.128197 352.38101 0.12981588 0.90504384 0.40502283 0.048991784
-35.5784 54.670799 381.082 -0.97122067 -0.20772386 -0.11653833 0.064634554
1.2571599 16.673201 387.97699 -0.3382701 -0.46790716 -0.81647795 0.080293924
-28.6556 93.589104 351.86801 -0.1618399 -0.7529915 -0.63781786 0.089560553
-2.0216801 91.683998 351.08899 0.081747614 0.57681197 -0.81277627 0.087484688
-33.837502 89.745796 359.258 -0.95884144 0.23536856 -0.15882307 0.072805464
-19.531601 94.796204 349.806 0.14151256 0.12994613 -0.98137057 0.11328886
-33.622002 84.516899 360.40201 0.010380192 -0.6429584 -0.76583076 0.048044257
-36.6366 80.674202 364.09799 -0.89301813 -0.1116207 -0.43595803 0.041707348
-36.374298 36.219501 388.09399 -0.80310076 0.10693903 0.58616823 0.082923844
-22.246201 97.415497 351.103 0.22291712 0.85710078 -0.46442029 0.1252898
-6.9540601 91.818604 350.50201 0.18129209 -0.22698833 -0.95687485 0.083936743
-7.5602298 92.335297 350.68301 0.094417751 0.061665442 -0.99362099 0.064152397
-22.5541 97.531799 351.08801 0.23868403 0.95187306 0.1922695 0.11957921
-36.413502 38.345699 386.64099 -0.86945647 0.27444917 0.41075912 0.08319632
-36.411598 39.063499 386.586 -0.9463352 0.21756008 0.23899226 0.097621769
15.7331 35.060799 380.125 0.41130674 -0.36385491 -0.83572507 0.061658166
-36.178299 58.628101 377.155 -0.89980465 -0.40051532 -0.17302902 0.014117235
-22.468399 97.247498 352.38199 0.12017006 0.88089728 0.45779812 0.07890483
-35.971001 63.5606 371.884 0.2018628 -0.37761524 -0.90369141 0.061091799
-37.612999 27.247499 390.272 -0.5272755 0.36022976 0.76955509 0.079072885
-27.188499 96.3032 349.077 -0.24777134 0.40244025 -0.88127816 0.091141827
-35.527 83.226997 361.48199 -0.78679138 -0.25589219 -0.56167471 0.06353572
14.9823 35.7048 379.68799 -0.013087659 -0.33375618 -0.9425686 0.061992951
-38.878201 25.827801 390.103 -0.84132874 0.47790247 0.25253737 0.08767955
-7.31109 16.4804 391.39801 -0.0085947523 -0.99698049 -0.077175647 0.071780838
-39.818001 22.504601 388.80099 -0.87915736 0.28999656 -0.3781327 0.058402844
14.989 65.275101 367.98499 0.89970678 -0.11657895 -0.42063886 0.082968421
-34.119099 45.6087 381.03201 -0.80548948 -0.28139162 -0.52154142 0.060481064
-2.5608301 92.328598 351.52802 0.092034884 0.60112518 -0.79383755 0.091857888
-10.6015 92.294296 351.284 -0.19367306 -0.59988064 -0.77629507 0.081932895
11.756 72.772797 362.577 0.36291951 -0.33594209 -0.86915612 0.039076254
-37.652901 72.756104 372.04599 -0.50722122 0.49241793 0.70728439 0.064690337
-34.589401 82.8013 361.483 0.08329685 -0.48360839 -0.87131196 0.070116132
-38.994701 24.625799 390.405 -0.7618348 0.35578889 0.54131508 0.07435067
15.7263 52.840698 373.21899 0.079575859 -0.32291082 -0.9430781 0.091866367
17.031601 42.980598 378.42999 0.99854803 -0.053446908 0.0067234575 0.095221303
-21.000999 14.7155 392.70001 0.20958729 -0.97684091 -0.043069221 0.12261302
-28.0063 96.399597 349.815 -0.83753693 0.1785109 -0.51639688 0.096327655
-28.4834 96.269302 351.103 -0.89912087 0.25930953 -0.35261914 0.095679104
-31.2425 91.012299 354.77802 -0.47197032 -0.29833791 -0.82960141 0.068061948
-8.0099897 92.334396 350.672 -0.084764794 0.16034409 -0.98341483 0.070054561
-17.09 94.5299 349.89899 0.09727826 -0.67613763 -0.73032516 0.078277551
16.534201 33.827099 382.30301 0.92809349 -0.18973771 0.32037804 0.11664832
16.656601 35.210098 382.29501 0.91451043 -0.043746021 0.40219027 0.10274509
-14.4587 95.5149 351.08801 0.21687688 0.70567614 -0.67452615 0.099237137
-38.867298 23.386 390.811 -0.39273441 0.22786461 0.89097553 0.044733442
-27.363501 13.582 390.84299 0.26095816 -0.86398202 -0.43062276 0.12746806
7.8477502 80.591202 357.16699 0.19597127 -0.54449826 -0.81554699 0.052708153
17.0478 50.819599 375.798 0.99926633 -0.010668037 -0.036783937 0.10820974
-13.5207 15.8914 391.392 0.25594765 -0.93891358 -0.23006968 0.076723397
14.8494 33.802898 380.306 0.23052448 -0.31345755 -0.9211964 0.034425467
14.7664 32.4818 380.728 0.17514637 -0.30394617 -0.93645102 0.048004124
-3.1145899 93.673302 352.41501 0.43506151 0.88647866 0.15772466 0.10624897
-37.291698 26.2449 386.20999 -0.79067421 0.21809059 -0.57207584 0.087927237
-37.710201 26.1415 386.95801 -0.80277801 0.26443076 -0.53443789 0.052016754
1.28356 92.246201 352.41599 0.27883136 0.82119656 0.49788478 0.049218927
9.1109896 76.698997 359.858 -0.0097484617 -0.38564897 -0.92259407 0.025503101
14.2756 20.8811 386.18701 0.84362352 -0.029661091 0.53611523 0.14714272
15.0125 23.6541 384.923 0.973194 -0.20236577 0.10927718 0.11099322
-20.881399 94.7938 349.80801 -0.032145306 0.20979455 -0.9772169 0.096129648
-14.5315 93.9562 350.15399 -0.21079041 -0.3237215 -0.92237294 0.079854012
14.3388 23.552601 383.59201 0.60164171 -0.34518373 -0.72033006 0.097711377
14.33 24.653 383.173 0.33822852 -0.3035216 -0.89077276 0.10266354
-5.2214098 94.383797 352.39801 0.23654523 0.96098429 0.14337203 0.091691218
-38.730301 26.1105 390.099 -0.84120452 0.44007346 0.31418192 0.087442957
-19.6488 15.2076 391.39099 0.060171761 -0.95707393 -0.28352928 0.12588967
-10.5987 16.4872 391.39001 0.13865983 -0.92821109 -0.3452501 0.091861494
-16.970699 96.358597 351.09799 0.15435226 0.87558359 -0.45774317 0.12741426
6.2299299 87.297997 353.70099 0.85678101 0.15715837 -0.49114919 0.090937398
8.7384901 83.426102 357.57999 0.89230448 0.45085093 -0.02293836 0.10845042
16.6863 44.347801 379.69501 0.63389236 0.36114413 0.68392646 0.063205816
14.3066 31.1754 381.13901 0.044201761 -0.3140595 -0.94837379 0.03657259
-0.022708301 92.294197 353.069 0.29115206 0.83653229 0.46415961 0.081780121
16.9088 52.474602 374.88199 0.997051 0.067899816 0.035761427 0.11478301
-34.774899 57.2015 375.315 -0.064167336 -0.60206616 -0.79586363 0.088245466
-34.275002 56.444099 375.784 0.14209092 -0.35384753 -0.92444694 0.067405656
-2.7028799 91.765404 351.095 0.088945806 0.58089781 -0.80910218 0.055562872
-35.907501 60.954601 373.18301 -0.10256732 -0.54189938 -0.83416122 0.096674621
-22.4972 94.901299 349.98199 0.37244251 -0.45389199 -0.80948663 0.04787223
-24.3582 94.8666 349.966 -0.20391065 -0.67183048 -0.71208441 0.067663379
-31.432301 12.2627 391.41599 0.17515525 -0.95455641 0.24112809 0.09946318
15.259 37.704399 379.02701 0.15030463 -0.28952599 -0.94529533 0.06627778
11.6335 75.798798 364.08401 0.58579695 0.60885882 0.5349139 0.059018638
-35.964199 58.8354 375.802 -0.81607455 -0.50727546 -0.27693668 0.08440537
-37.364601 66.2369 375.79099 -0.45895436 0.46371603 0.75784451 0.062308569
-14.2238 16.1022 393.995 0.22152898 -0.67337281 0.70533252 0.090188056
3.53865 88.487503 351.09601 0.11910836 -0.3654604 -0.92317492 0.03915352
2.6417899 89.607597 350.116 0.22704621 -0.50486678 -0.83280224 0.048023112
-17.808201 15.1896 392.69299 0.11378846 -0.98891556 0.095384397 0.039319191
-16.946501 15.2556 391.39899 -0.084876582 -0.63287222 -0.76958996 0.13325453
-40.3204 21.015699 388.81299 -0.84925419 0.34210661 -0.40215719 0.0678588
-23.539101 95.121597 349.80099 -0.021893879 -0.46517077 -0.88495016 0.10048745
-37.6646 27.811701 390.08801 -0.58889794 0.33433783 0.7358107 0.089519039
-18.5683 94.934998 349.81201 0.12655674 0.46996838 -0.87356347 0.111586
10.339 80.140602 360.18399 0.8218565 0.56548005 0.069167942 0.1088163
-15.8881 96.003098 351.07901 0.2229313 0.6988982 -0.67959028 0.12126622
-16.405199 96.232002 351.12299 0.19047746 0.79366094 -0.57777214 0.1130649
11.7842 71.515404 363.18301 0.19007768 -0.47210681 -0.86080521 0.027891513
15.262 65.303299 369.28799 0.874699 0.37597129 0.30585489 0.082027934
16.0749 30.0644 383.60199 0.9980464 -0.054632608 -0.030309936 0.11536568
-23.8344 14.5079 393.991 0.16025969 -0.9530285 0.25700867 0.06324859
-37.7658 64.307602 373.18399 -0.96260589 -0.1976608 -0.18525681 0.02910617
-37.7155 65.013298 372.42999 -0.88684839 -0.2853547 -0.36341804 0.050731156
-33.824402 86.2771 358.883 -0.38826972 -0.57668865 -0.71880233 0.066509686
-35.3442 86.004997 361.522 -0.94417238 0.16809875 -0.28333953 0.077521041
-35.845901 85.917702 362.785 -0.91480464 0.40067217 0.050933614 0.07048437
-16.7672 94.929497 349.97699 0.33752152 0.17787494 -0.92435908 0.065544404
-36.500301 78.012497 364.457 -0.29076317 -0.41822848 -0.86054736 0.093804181
-36.375702 33.798401 388.88699 -0.54093236 0.36489674 0.75778794 0.089053988
-38.058102 68.957703 370.58499 -0.93447661 -0.21107262 -0.28670859 0.039221413
15.0396 51.9706 373.45901 -0.02873393 -0.3866396 -0.92178315 0.046883516
15.3132 50.6716 374.02499 0.060342696 -0.36343464 -0.92966336 0.04542549
-32.806702 91.099602 357.582 -0.87958407 0.2629846 -0.39644787 0.077249452
-36.4067 84.436501 364.65399 -0.70310003 0.61198562 0.36211044 0.075189143
10.4769 74.1036 361.54501 0.026843127 -0.61240458 -0.79008865 0.032209694
16.4396 36.719601 382.298 0.81675029 0.16741037 0.55217087 0.11735476
-37.697601 29.8244 389.43701 -0.67787075 0.20666586 0.70553559 0.074152485
-36.380001 27.125999 385.30099 -0.29484025 -0.12153003 -0.94778675 0.098311163
11.2641 78.029701 361.49701 0.83514619 0.51845372 0.1836751 0.11054727
-36.6959 82.057602 364.08701 -0.95783055 0.04512826 -0.28376758 0.057155978
-37.357101 70.184196 368.34 -0.39225128 -0.41842818 -0.81918055 0.095086329
-37.726799 70.149696 368.685 -0.36987987 -0.3786245 -0.84842938 0.097337216
-7.8165998 92.002403 350.65302 0.030745091 -0.024334775 -0.99923098 0.079476364
-37.705601 28.540001 389.85199 -0.65324634 0.28708979 0.70060593 0.076074935
6.48244 16.834 386.26401 -0.45342746 -0.55116719 -0.70044148 0.079287231
-19.678301 15.6078 394.633 -0.01987721 -0.81486142 0.57931489 0.096184716
13.1511 71.698898 364.099 0.89944279 -0.091093667 -0.42743954 0.079561241
10.935 72.815498 362.354 0.13860843 -0.49447489 -0.85806894 0.048268076
-6.4071398 93.631203 351.77499 0.15343705 0.53564548 -0.83038604 0.087583698
-34.362 55.888901 376.06601 -0.48293951 -0.41552863 -0.77078235 0.084110364
-40.1436 21.3848 388.79001 -0.87024242 0.30161011 -0.38949892 0.065065034
-28.617001 93.171097 352.38199 -0.16795628 -0.74440742 -0.64625716 0.086047992
-36.374199 75.3685 365.89401 -0.041426074 -0.59421676 -0.80323738 0.098885313
17.1614 44.332001 378.397 0.99500376 0.078543015 -0.061632194 0.12083769
-12.0941 16.3375 392.69199 0.16405027 -0.95602828 0.2430997 0.13445263
2.5813701 16.763201 387.51501 -0.067272253 -0.93324989 -0.35287267 0.10853282
-37.974899 26.191799 387.487 -0.85873961 0.24609658 -0.44944718 0.022765847
-20.6392 94.876801 349.46701 0.057436753 -0.018852651 -0.99817115 0.13176751
-19.4179 94.845001 349.759 0.1326039 0.1499196 -0.97976542 0.12635194
14.4065 63.684898 367.87 0.13624461 -0.41771707 -0.89830387 0.04470567
-37.273499 29.9582 387.52399 -0.86291564 0.12113165 -0.49061564 0.066187523
-20.8361 15.0258 393.98999 -0.069679894 -0.70880491 0.7019546 0.089694463
-33.868099 42.902901 381.453 -0.284116 -0.2555384 -0.9241094 0.059958305
10.3807 79.307198 361.55899 0.59699553 0.62902188 0.49792355 0.083525687
10.3124 79.428902 361.49799 0.66631037 0.60873777 0.4306609 0.075799748
-37.502899 80.723297 366.72699 -0.83865702 0.44956058 0.30748934 0.083691694
-12.7036 94.945396 351.08401 0.20466161 0.50168324 -0.84049243 0.037960481
-13.0022 94.945297 351.00601 0.19157015 0.48285881 -0.85448712 0.048803069
-36.385601 84.616798 364.09201 -0.85814619 0.51251054 0.030299764 0.087836593
13.0016 73.486099 364.12799 0.97962028 0.0039510569 -0.2008197 0.11237554
12.8986 73.159698 365.43399 0.74805731 0.63566464 0.19063255 0.082488395
-32.526199 89.437202 356.5 -0.56559294 -0.20780806 -0.79807299 0.059551291
-5.3492899 93.584099 353.854 0.25736797 0.80253571 0.53823614 0.050096575
-5.2491498 93.707802 353.69299 0.25761533 0.85189825 0.45596457 0.049556192
-37.3899 29.167101 387.505 -0.88377547 0.15377645 -0.44192043 0.062192027
-3.7695301 92.330399 351.375 0.15555322 0.51410252 -0.84350568 0.053358704
-36.283401 32.9795 386.18701 -0.89255899 0.070855804 -0.44532898 0.04962777
-36.432499 32.694901 386.44699 -0.89112282 0.072115377 -0.44799501 0.039327629
-36.450802 29.997499 386.07999 -0.73395145 0.17695235 -0.65574622 0.05063951
14.2714 31.1775 381.142 0.044201761 -0.3140595 -0.94837379 0.041753087
-36.412899 31.359301 386.19601 -0.89151287 0.060016148 -0.44900209 0.033555176
-36.457802 30.3295 386.19601 -0.79639596 0.10683412 -0.59526461 0.049585797
1.07293 92.335602 352.397 0.29033318 0.95692533 -0.00075042411 0.065299094
-2.68504 91.025398 350.522 0.16750322 -0.058141168 -0.9841556 0.074766591
6.5199499 87.229599 354.34299 0.96091509 0.15951347 -0.22626899 0.10902362
6.5068598 85.864197 354.05301 0.64498669 -0.13386062 -0.75237858 0.087103337
14.0207 28.5588 381.87 0.024027772 -0.28076628 -0.95947534 0.054763261
-36.417099 27.247 385.26801 -0.069370888 -0.097060569 -0.99285793 0.094593145
6.5451498 83.585098 355.02399 0.26087296 -0.48047379 -0.83731133 0.031230683
-38.594799 74.261803 370.59201 -0.94323581 0.132982 0.30433857 0.085948475
-19.4125 95.085999 349.69 0.1326039 0.1499196 -0.97976542 0.11359336
15.5765 59.762699 373.224 0.66259408 0.40803605 0.62807298 0.078909904
-37.014 28.0408 386.20001 -0.85911059 0.01217122 -0.51164526 0.087051339
-36.895699 28.629999 386.19699 -0.86233318 0.16727667 -0.4779121 0.025789838
-0.240997 92.824501 352.39401 0.2000865 0.94591665 0.25535676 0.078010209
-35.0961 87.445297 361.509 -0.89451617 0.43853009 0.086788356 0.076985523
-34.573898 87.238899 360.18201 -0.88535714 0.034745418 -0.46361139 0.070370302
-9.5586395 92.688202 350.52701 -0.10547669 0.013914512 -0.99432445 0.10225956
-39.055801 23.456699 387.673 -0.86417556 0.24690641 -0.43844938 0.010873516
-36.452999 28.7533 385.30099 -0.63350111 0.16007192 -0.75700283 0.10597547
-29.2677 95.404404 352.41501 -0.879103 0.32190949 -0.35149992 0.13802265
-29.018999 96.237 352.41901 -0.8761518 0.34380248 -0.33787251 0.090914942
-36.423401 58.500301 378.741 -0.91127688 -0.37645543 -0.16690037 0.077773102
14.3228 23.2834 383.70099 0.62699109 -0.31232885 -0.71367556 0.10664061
-13.1174 95.086197 351.08099 0.18518138 0.51417947 -0.83745289 0.055413511
-35.786598 31.519501 384.91101 -0.68203467 -0.23192292 -0.69357085 0.087578535
-1.20768 92.351601 351.63101 0.089746296 0.61769223 -0.78128225 0.059999194
13.0047 70.467102 364.19501 0.22050062 -0.20694157 -0.95318133 0.092735037
13.7761 68.968102 365.405 0.79111981 -0.17456457 -0.58622235 0.063678741
-27.3365 95.238403 349.819 -0.31042612 -0.66229469 -0.6819101 0.087583318
-33.636101 89.930397 358.89401 -0.91343015 0.3810856 -0.14289533 0.071181543
-38.030998 76.873901 367.99899 -0.993469 0.040075883 -0.10683306 0.068659402
-37.729698 76.7397 367.142 -0.94353032 -0.039934088 -0.32887042 0.034618985
9.3551502 78.279602 358.89801 0.27693725 -0.49564058 -0.82319266 0.044704087
-5.2901802 91.249199 350.47 -0.19248715 0.18618637 -0.96347463 0.07779748
-10.6105 16.5653 392.689 0.10924049 -0.96524644 0.23741481 0.11411261
9.2426996 77.915604 359.07101 0.25079381 -0.48995602 -0.83489251 0.05850428
-28.611601 95.030098 350.67999 -0.48572376 0.053473901 -0.87247521 0.077951625
-35.410801 55.916698 379.745 -0.94690531 -0.32105958 0.017062081 0.085389599
-33.813599 47.831299 379.81 0.056309298 -0.23080608 -0.97136903 0.087363273
-33.919998 11.6552 389.37601 0.2942321 -0.95573294 0.0014075378 0.13194495
-15.5482 94.977402 350.32599 0.25020924 0.37275738 -0.89355874 0.064306393
-14.254 94.934097 350.685 0.2338032 0.32654369 -0.91580856 0.066559158
13.6305 71.741997 365.405 0.96000546 0.27624634 0.045579728 0.11136034
13.0161 71.668503 366.68301 0.52909231 0.55362201 0.64308941 0.071306549
7.8120999 84.643204 355.88101 0.90569633 0.17742306 -0.38501331 0.074133292
-35.325001 29.982201 384.888 -0.15900141 -0.23175453 -0.95969182 0.095430583
-14.5528 15.7637 392.69199 0.21994841 -0.9688288 0.11398876 0.10213251
-35.059101 31.2027 384.61499 0.084633954 -0.21768513 -0.97234267 0.087762453
-28.7479 95.2145 351.09 -0.85951728 -0.071140334 -0.50613153 0.072259538
-35.0756 30.3111 384.89099 0.064015217 -0.1147346 -0.99133146 0.098687984
-33.713501 51.905701 383.45099 -0.6189512 0.38168597 0.6864512 0.061154772
-35.252201 31.1168 384.60901 0.084633954 -0.21768513 -0.97234267 0.078570068
12.8023 71.812202 366.69101 0.51060998 0.56198657 0.65072924 0.066911571
12.8782 71.494698 366.90201 0.5260331 0.57066518 0.63057947 0.075100429
-36.190201 57.263699 379.689 -0.92575938 -0.094343454 0.36615416 0.095497556
16.9021 47.884602 378.125 0.78985125 0.2584804 0.55616802 0.064975373
-37.696602 79.312698 367.98499 -0.91247094 0.32634151 0.2467752 0.075118013
-30.330099 92.023102 353.70001 -0.4352645 -0.61721694 -0.65542966 0.10105091
-35.0989 28.510401 385.44501 0.31754285 -0.28998092 -0.90281647 0.041898679
8.8996897 16.8864 385.51801 -0.36951405 -0.45126602 -0.81229204 0.079009332
-27.190201 13.5366 390.83301 0.26095816 -0.86398202 -0.43062276 0.12742251
2.2834401 91.871399 352.40302 0.45347923 0.81420767 0.36252239 0.059875809
3.64482 91.344299 352.38 0.28087986 0.95862907 0.046225518 0.064819373
3.87321 90.9664 352.741 0.5126282 0.81772393 0.26180139 0.067249611
-36.108299 28.508499 385.073 -0.48830202 0.041072492 -0.87170762 0.086417079
-35.510399 29.8815 384.89099 -0.70212382 0.10033287 -0.70495069 0.088994876
0.35356599 92.3284 351.72101 0.11271608 0.81875443 -0.56297088 0.087636188
8.0310602 84.541801 356.30301 0.97795302 0.1828685 -0.10083162 0.1104229
-31.3239 90.786102 355.00201 -0.5498122 -0.45801559 -0.69851863 0.085527472
-41.750099 10.7405 388.798 -0.45845473 -0.86631191 -0.19830014 0.085454673
-36.0732 41.960602 386.19901 -0.93103296 0.24731356 0.26835352 0.067570232
-40.966301 18.239 387.495 -0.82215577 0.3034088 -0.48166692 0.034551479
-0.0096186297 89.885498 350.33099 -0.2020265 -0.2089771 -0.9568249 0.08169812
-36.431702 59.233601 377.09 -0.8841728 -0.4307102 -0.18090668 0.042209111
-36.3815 58.580399 378.43201 -0.90553188 -0.39621776 -0.15173501 0.070976429
-36.265701 61.1106 378.65701 -0.51611787 0.41458991 0.74949151 0.06865564
13.0477 68.842201 364.88699 0.23169841 -0.40346614 -0.88517284 0.056371223
-36.733002 59.922901 377.108 -0.93980515 -0.32283649 -0.11199502 0.056232616
-37.037498 75.406601 365.69199 -0.5890159 -0.31828517 -0.74280202 0.083223902
-13.9942 96.236198 351.72601 0.15097181 0.86824518 -0.4726074 0.076549776
3.9381599 86.7686 352.39301 0.069070503 -0.58504832 -0.80805182 0.037592568
4.5959702 85.810402 353.15201 0.040370192 -0.59232587 -0.80468649 0.033727489
-1.76528 93.2621 352.38 0.32883629 0.9361673 0.12432823 0.091699265
-38.947899 22.101601 391.11099 -0.39387518 0.23847474 0.88768923 0.044548534
5.8842902 16.6945 387.50101 -0.3658675 -0.90924972 -0.19850928 0.10499256
-36.424301 28.1574 385.121 -0.24058561 -0.022544945 -0.97036606 0.10574088
-35.684601 41.857601 384.92401 -0.97576272 0.15900272 -0.15035051 0.056354217
-38.144402 28.9673 388.79099 -0.99619031 0.084368587 -0.022064837 0.089596123
-33.657001 53.290699 382.89499 -0.39348024 0.28924525 0.87264568 0.032672696
-4.9165702 92.351601 351.10501 0.15092908 0.45873615 -0.87566066 0.03142352
-35.1259 44.384602 383.686 -0.92495251 0.025345393 -0.37923667 0.051457215
-36.900398 35.592999 387.496 -0.98612636 0.042396788 -0.16049071 0.077749372
11.8803 69.849503 364.10999 0.085801616 -0.4452509 -0.89128542 0.018456001
-37.881302 63.890099 374.5 -0.96002376 -0.25725552 -0.11033557 0.049558628
-5.1145601 91.243202 350.49301 -0.1125911 0.23763078 -0.96480817 0.049153045
-34.268799 46.8176 380.98599 -0.8833611 -0.13659225 -0.44834772 0.060615271
-34.626598 46.837898 382.302 -0.94351965 0.0097602168 -0.33117273 0.0093405601
-11.6258 93.056602 350.453 0.071694814 -0.60416716 -0.79362583 0.094863087
15.4765 63.934399 369.31699 0.92734957 0.097136594 -0.36136866 0.091777429
-32.794601 48.367901 379.69299 0.21340895 -0.39480346 -0.89363688 0.073168404
-32.440399 48.804901 379.69601 0.20442817 -0.21935533 -0.9539876 0.068156742
-35.967999 78.502502 364.08401 0.03632725 -0.41611558 -0.90858579 0.056098849
-36.423 78.6884 364.10199 -0.73349422 -0.30396196 -0.60794193 0.065623507
-36.5681 83.4683 364.108 -0.95724863 0.1252289 -0.26075438 0.095378414
5.2330599 88.648003 352.392 0.94395202 0.068000421 -0.32300231 0.10076769
5.8060498 88.603104 353.73001 0.8572973 0.51432401 0.022630531 0.11635242
-5.7513299 16.487499 391.38699 0.002385868 -0.99820739 -0.059802234 0.080133349
-38.185101 72.8629 369.35699 -0.95566899 -0.10879204 -0.27360755 0.05136117
-38.051498 71.639 369.29999 -0.93424976 -0.10736968 -0.34007224 0.048610907
15.5853 58.386902 373.94901 0.52207023 0.37637433 0.76536596 0.075042471
16.898001 45.3269 379.17499 0.63944799 0.26151857 0.72298986 0.058203015
-16.922199 15.5901 391.13101 0.016192805 -0.22693542 -0.97377521 0.13253488
-37.275398 61.2076 377.09 -0.98265964 -0.16044144 0.092943639 0.073246971
-28.703199 94.260002 351.11401 -0.25743568 -0.65962929 -0.70612752 0.086862877
-33.743099 85.781799 359.33401 -0.18789676 -0.5983156 -0.77891803 0.083787747
-34.359001 50.9035 382.28799 -0.95582026 0.28553846 -0.069823839 0.10081913
-38.3624 68.925003 371.91101 -0.98412359 -0.11578719 -0.13451438 0.028378168
-38.546001 70.262604 371.88699 -0.99543405 0.050000291 0.081308469 0.061968837
10.2774 78.042999 362.841 0.4822838 0.61413217 0.62469518 0.064986758
10.3853 78.013397 362.815 0.47352168 0.61818457 0.62739545 0.065037563
13.2584 67.957001 365.41299 0.40738505 -0.45655417 -0.79094607 0.053633511
9.1498604 81.946198 357.78201 0.92108154 0.1601574 -0.35490614 0.10340855
-37.0182 32.5173 387.51901 -0.91074926 0.093189321 -0.40230778 0.075658076
-35.057899 55.909698 381.39301 -0.83261943 0.032530937 0.55288935 0.079199128
-11.7403 93.320198 350.41501 0.22720988 0.0040716901 -0.97383732 0.080298342
-36.7183 25.947701 385.495 -0.047247104 -0.26007673 -0.96443135 0.08426553
-43.389099 11.8522 391.39401 -0.82979584 -0.47937375 0.28572655 0.11780266
-9.6132002 93.782501 351.08401 0.13992231 0.38477811 -0.91234177 0.042813603
11.7218 16.557301 384.89099 0.090059608 -0.96847731 -0.23225184 0.089123994
13.6045 24.7034 382.888 0.27304855 -0.26587749 -0.9245289 0.046483289
14.4452 58.4958 370.29199 0.27524593 -0.43600172 -0.85682094 0.018106317
14.4029 57.8876 370.59299 0.26556921 -0.40037897 -0.87702316 0.028292969
4.7487001 89.730797 353.73199 0.67329133 0.67070282 0.31118563 0.092505366
-33.9631 11.8086 391.39301 0.12486797 -0.98238569 0.13901936 0.12373786
-40.294201 21.9657 390.55301 -0.89608669 0.14579649 0.41925174 0.049339525
-43.239101 13.1157 390.10001 -0.99992889 0.0026941765 -0.011616707 0.046081405
-29.092501 13.8379 394.017 0.12240686 -0.88333368 0.45248002 0.066370822
-28.689899 14.3055 394.53699 0.1284657 -0.89011121 0.43726268 0.055787504
-18.5562 15.0499 392.70499 0.082577251 -0.9939425 0.072520763 0.052549269
-27.341999 14.3518 394.439 0.15967578 -0.76498449 0.623941 0.079664223
-43.146198 11.7305 390.10199 -0.83765149 -0.51230067 -0.18944134 0.11732498
-29.868799 95.296898 353.68799 -0.81937605 0.57294935 -0.018760061 0.10020065
-36.3493 68.861198 369.328 0.19018345 -0.39301118 -0.89965129 0.063259892
14.2942 69.221001 366.69299 0.98299336 0.16542853 -0.079733439 0.09450645
-19.4009 96.247398 350.51401 0.16529468 0.53747529 -0.82692075 0.10621476
-17.989401 96.226097 350.80701 0.1572317 0.57258284 -0.80462849 0.1218743
-40.370399 11.5983 391.40302 0.047740713 -0.94237113 0.33114573 0.063193999
-42.8381 12.9383 391.72601 -0.65123737 -0.044502061 0.75756812 0.11550684
-10.4202 94.036499 351.082 0.15491644 0.31225312 -0.93728274 0.060814463
-34.241001 39.003399 382.48599 -0.45737976 -0.20191206 -0.86604577 0.071674667
-35.122398 38.887699 383.194 -0.57957828 -0.19081427 -0.7922619 0.07527782
-18.341299 15.224 391.38901 -0.039184779 -0.7951107 -0.60519713 0.091194682
10.9511 16.6693 384.89401 -0.39608884 -0.71576506 -0.57514691 0.10542765
15.6081 62.5149 369.59 0.97753614 0.063618295 -0.20093732 0.10479394
16.296801 58.553799 373.19501 0.92066699 0.19431587 0.33854631 0.10551777
-21.0455 14.6675 391.42099 0.23073308 -0.82377982 -0.51783109 0.11034938
-40.703701 21.534401 390.09399 -0.95589453 0.26490816 -0.12684362 0.092946887
-38.184101 66.4552 373.21201 -0.97260582 -0.16146243 -0.16723578 0.022418981
-33.372501 48.0924 379.59601 0.071068347 -0.16472678 -0.98377556 0.10640454
14.8639 24.9086 383.58701 0.75300497 -0.21333744 -0.62247139 0.069671057
-40.017899 23.4659 390.10001 -0.85491526 0.51735204 0.038298346 0.089126326
15.3718 59.9865 373.203 0.52525616 0.46814665 0.71059459 0.078289285
-7.7873201 93.621597 351.49301 0.17641434 0.51468468 -0.83903378 0.066107526
14.4159 63.435398 367.98801 0.1371697 -0.40923718 -0.90205842 0.065752216
13.5805 63.712502 367.603 0.13329856 -0.40291807 -0.90547699 0.044766873
-40.387299 11.1139 390.10999 0.055952463 -0.95802277 0.28117916 0.042838879
-32.435001 92.266701 357.655 -0.84174156 0.5285024 -0.11025597 0.083308227
-37.7509 63.098701 375.80399 -0.98966771 -0.14318275 -0.0075193886 0.05160547
-37.037701 61.160301 375.832 -0.91182417 -0.37474957 -0.16774805 0.033090826
-37.362099 62.4692 374.51401 -0.90845937 -0.38580605 -0.16079575 0.02254881
-37.533298 62.473301 375.79401 -0.93771797 -0.3280119 -0.11442561 0.039682794
-41.666302 11.4734 391.42599 -0.11143852 -0.84609854 0.52124733 0.099744402
-43.1422 11.2586 391.39301 -0.82979584 -0.47937375 0.28572655 0.15158637
-12.5375 93.646301 350.33801 -0.1489222 0.1289742 -0.98040187 0.080489911
-38.437901 71.679298 370.591 -0.9947871 0.038777731 -0.094312944 0.044242449
-38.586399 71.610298 371.923 -0.87689435 0.30787751 0.36914456 0.074552827
16.861 52.8167 375.832 0.997051 0.067899816 0.035761427 0.11182425
8.7846403 78.109299 358.88699 -0.028398084 -0.57814401 -0.81544036 0.043240514
8.9422998 78.008904 358.95801 -0.060514919 -0.52014345 -0.85193235 0.044126853
-43.101299 11.4387 390.108 -0.83765149 -0.51230067 -0.18944134 0.11223626
3.951 88.710297 351.13101 0.20427047 -0.28833586 -0.93548703 0.036198482
-41.840302 11.1113 390.103 -0.2261617 -0.97399551 0.013551138 0.082857296
15.7573 39.7356 378.384 0.013539413 -0.22816798 -0.97352761 0.070651822
-37.197498 68.104599 369.28601 -0.070298083 -0.49702492 -0.86488402 0.085119285
14.9334 66.518097 367.99899 0.97088313 0.21277273 -0.11006238 0.11405445
6.42098 87.119102 355.802 0.45439121 0.7908538 0.40997425 0.055489287
7.1521001 85.846497 355.02802 0.87429851 0.13072956 -0.4674525 0.13827629
-20.5889 95.059799 349.46799 0.15061925 -0.11573814 -0.98179352 0.12200855
-37.2659 68.889801 368.96301 0.062785372 -0.38124871 -0.92233801 0.065952852
-0.00155149 18.2019 392.035 0.13025202 -0.2158453 0.96770102 0.036234684
-36.184399 78.0065 364.367 -0.34619293 -0.50983346 -0.78754067 0.092087932
-2.0581801 16.264601 390.08801 0.052009948 -0.98352122 -0.17315021 0.11770753
-40.419498 11.7236 391.858 0.10673021 -0.8223269 0.55891603 0.058630936
-38.1604 23.657 386.19101 -0.36545554 0.04030351 -0.92995584 0.057580579
-1.35116 89.711502 350.86801 -0.23586322 -0.26242608 -0.93568218 0.077498265
5.2027702 87.512001 352.46399 0.18999568 -0.099951707 -0.97668386 0.069856748
14.1346 19.709499 386.224 0.89401287 -0.12117884 0.43134293 0.11654383
-41.579899 14.2757 386.70801 -0.035740688 -0.10396942 -0.99393809 0.094373688
-18.023899 94.953102 349.814 0.062339965 -0.013063622 -0.99796945 0.094835557
-20.886999 16.8015 394.76801 0.016263682 -0.19869411 0.97992659 0.13451189
13.3843 63.0522 367.991 0.05932254 -0.47642192 -0.87721318 0.028550062
-37.695 76.631401 369.797 -0.6238957 0.44040745 0.64559698 0.088063598
16.879801 46.778198 378.63199 0.7742964 0.26043239 0.57674956 0.061850604
-1.24491 16.5009 391.38901 0.2556473 -0.76644373 0.58924401 0.11456062
15.9651 61.393002 370.60501 0.99555296 0.094203278 0.0002234671 0.087668248
15.6202 61.997101 369.67801 0.75554729 -0.18108165 -0.62956947 0.056029703
-33.814701 85.810501 359.29099 -0.41230744 -0.52472121 -0.74476188 0.083787747
17.0114 43.4058 379.68399 0.99562496 -4.580343e-05 0.093439721 0.075577758
6.44069 17.3281 390.09601 0.32989839 -0.411493 0.849612 0.05849012
-33.546799 42.859402 381.41501 -0.14852199 -0.21972279 -0.96419036 0.079131618
-38.291302 27.740801 388.802 -0.97835773 0.20590939 -0.020431299 0.071491323
-38.272099 70.230003 370.63 -0.96824896 -0.1187665 -0.21997379 0.05347383
4.9011402 85.172096 353.686 0.083179846 -0.52103996 -0.84946954 0.021633299
-26.262899 98.455498 351.10901 -0.1935378 0.97944945 0.056761824 0.064385936
12.7816 74.151901 364.08301 0.86493403 0.47404978 0.16482092 0.084998973
-36.619099 65.896599 370.58899 -0.38353124 -0.45612559 -0.80302757 0.055330221
2.5544 17.0728 391.41699 0.43436813 -0.38570586 0.81397504 0.10635033
12.1687 18.188299 384.319 0.31680736 -0.20090021 -0.92696935 0.046934158
-33.877701 84.725403 360.186 0.029819336 -0.693973 -0.71938324 0.055004478
16.149099 33.823799 381.047 0.79321694 -0.2311381 -0.56336671 0.087586537
0.32369101 91.407303 351.07999 0.052977528 0.631078 -0.7739082 0.076011747
5.1504002 84.510002 354.21899 -0.037855506 -0.63818651 -0.76895058 0.036446765
-38.533501 24.7785 387.51999 -0.83176154 0.30962321 -0.46076697 0.027553435
14.4523 67.701599 366.72101 0.96913075 -0.0068518505 -0.24645206 0.064782552
-36.193298 37.7309 386.23599 -0.96866226 -0.033306986 -0.24613842 0.066554636
-0.033608999 89.691101 350.427 -0.2020265 -0.2089771 -0.9568249 0.049932364
-2.34794 90.621696 350.30801 0.054183442 -0.049576614 -0.99729949 0.072503664
-40.535301 10.8249 388.819 0.15209956 -0.97692168 -0.14996581 0.062259533
-27.437599 13.2326 391.414 0.26765615 -0.96292907 0.033583436 0.097101852
-35.7785 57.259102 378.40201 -0.91106951 -0.34606299 -0.22403727 0.050590284
6.9201198 16.712 386.198 -0.43681276 -0.5451569 -0.71554077 0.085844859
-37.9431 11.5536 388.79199 0.62843055 -0.47598076 -0.61523759 0.11436236
-29.945801 93.682503 352.733 -0.71256703 0.16032444 -0.6830405 0.06745059
-30.3384 93.7005 353.69299 -0.90176821 0.15905663 -0.40188944 0.097394623
11.705 75.354103 361.65302 0.65760005 -0.15073869 -0.73813283 0.081270814
11.8091 74.1138 362.04501 0.46197242 -0.30096143 -0.83426833 0.075694613
-1.30729 18.099501 392.30701 0.28937346 -0.1802498 0.94009203 0.093545556
-39.6717 21.079901 387.49399 -0.85245168 0.30631992 -0.42366755 0.056544028
-1.30247 16.498199 391.38699 0.2556473 -0.76644373 0.58924401 0.11449688
-38.9688 11.0822 388.46301 0.27862036 -0.70242995 -0.65495259 0.10618926
9.9467201 17.187201 384.89999 -0.47832793 -0.33953601 -0.80988747 0.084120475
10.3783 16.883101 384.86899 -0.39608884 -0.71576506 -0.57514691 0.08631932
-32.630901 12.0445 391.392 0.21358672 -0.95197064 0.21939154 0.10021678
-39.159801 10.9028 388.81 0.13437892 -0.98124999 -0.13816947 0.062913485
8.2207403 83.425797 356.33499 0.84205425 -0.13312599 -0.52270657 0.096903279
15.7007 41.443501 377.755 0.35321185 -0.29495144 -0.88783163 0.031015387
-35.127399 37.766399 383.61801 -0.70780843 -0.29547101 -0.64164174 0.062333994
-39.0145 26.065599 389.26099 -0.97727525 0.21118952 -0.018222343 0.06885276
7.35357 85.927902 356.32901 0.7576496 0.53830469 0.3690463 0.092916019
3.79053 90.228401 353.69601 0.41858494 0.74739671 0.51593101 0.029038666
16.5319 57.4538 373.237 0.90929562 0.27408442 0.31314403 0.12794316
10.778 78.1017 360.19299 0.89292365 -0.0697769 -0.44476798 0.077828124
3.5954101 85.484001 353.68201 -0.14727817 -0.65393955 -0.74207294 0.0076781902
-14.304 16.416901 390.79199 -0.043463033 -0.30093104 -0.95265496 0.107963
-14.2513 96.2164 352.63101 0.14210463 0.91502953 0.37752786 0.094025828
-35.141701 84.148804 365.388 -0.26306531 0.70600921 0.65753144 0.058472086
-37.719898 78.230202 366.93799 -0.99560559 0.030671487 -0.088480212 0.076349944
-37.717098 79.394997 367.05399 -0.97775334 0.089263611 -0.18981665 0.071591251
-17.186501 15.6565 394.00699 0.16625412 -0.94654977 0.27641118 0.10386022
11.702 75.403702 364.405 0.62118649 0.54135871 0.56661987 0.051295951
16.290899 48.269001 378.384 0.58266312 0.3947849 0.71038622 0.050652936
16.896601 47.174599 378.44699 0.71263933 0.26474804 0.64965653 0.066911258
-40.286499 11.7007 387.763 0.4025526 -0.41011289 -0.81838793 0.092337489
13.2809 18.2379 384.888 0.74118364 -0.29194674 -0.60449475 0.091173805
14.6774 22.242701 384.90201 0.99045444 -0.13739413 0.011083576 0.11793679
-19.5739 15.2321 394.00101 0.13645294 -0.94586647 0.29447782 0.13778237
-35.659401 37.941502 384.939 -0.92376375 -0.12259951 -0.36280841 0.040457498
-35.75 39.133999 384.90201 -0.93987709 -0.017246345 -0.34107712 0.048934706
9.1437101 80.606598 357.79401 0.59234738 -0.22261448 -0.77431738 0.094549492
9.1641598 79.222298 358.35699 0.30192178 -0.38707945 -0.87121338 0.064156197
-4.9626598 93.622902 352.01999 0.28235623 0.75516152 -0.59161305 0.08197137
-35.1474 82.495796 361.586 -0.14339834 -0.57912034 -0.80253136 0.064890437
16.134701 53.5387 373.18399 0.6608516 -0.43367061 -0.61253983 0.086318336
5.19875 88.886803 352.39401 0.82137132 0.31523535 -0.47536919 0.096611254
16.3549 32.5424 382.302 0.95259655 -0.17875959 -0.24618037 0.081465691
6.8795199 81.7771 356.28 0.087570727 -0.49155888 -0.86643016 0.035404738
11.6926 19.362499 384.207 -0.14181238 -0.15759255 -0.97726858 0.016883908
12.3186 19.461901 384.08701 0.13159846 -0.24627629 -0.96022385 0.028941164
-38.346802 74.1408 369.29901 -0.98730952 0.080017969 -0.13717532 0.04543791
-37.989601 64.046997 375.797 -0.9870342 -0.1550705 0.04143244 0.056707263
-38.0938 65.089401 375.80701 -0.94608206 0.13473837 0.29457483 0.072894037
-33.371601 47.849098 379.685 0.13198303 -0.28910175 -0.94815648 0.10029359
-24.721901 95.255302 349.82001 -0.22143291 -0.33577478 -0.91554505 0.072073437
16.8978 50.655998 376.853 0.99296474 0.078794181 0.08838819 0.091082305
16.8799 50.1353 377.112 0.90364182 0.21927489 0.36789942 0.10829941
16.953501 49.5186 375.784 0.99798357 -0.054475956 -0.0325762 0.10366778
6.3915 87.567703 355.01199 0.71062624 0.69645202 0.099824317 0.10779995
16.931999 45.766701 377.12299 0.94274682 -0.16517931 -0.28973129 0.10353994
14.6661 63.785 367.99899 0.62935925 -0.33819622 -0.69966435 0.080267943
-42.6973 13.7041 387.48801 -0.76794171 -0.027422516 -0.63993245 0.075119384
-36.416302 58.655201 378.42999 -0.90553188 -0.39621776 -0.15173501 0.074006021
-43.0741 13.4233 388.80399 -0.98402661 0.056476209 -0.16882542 0.020978315
-42.9207 12.0579 388.814 -0.97177589 -0.1304909 -0.19652933 0.064705148
-42.920898 13.2709 388.01999 -0.93944103 0.13933511 -0.31310752 0.073131286
15.3009 45.412998 376.198 -0.13368574 -0.36312816 -0.92209876 0.035664119
15.321 44.2066 376.66901 0.014751959 -0.37985963 -0.92492652 0.033038907
-36.247002 39.024799 386.20999 -0.99062318 0.015459776 -0.13574497 0.085490644
-36.221199 40.477299 386.216 -0.93389422 0.14590478 0.32642522 0.072817579
-41.3372 19.836901 390.099 -0.92622685 0.31335089 0.20955913 0.078828678
-39.1497 24.8689 388.79999 -0.95861924 0.230491 -0.16710185 0.048792206
5.158 16.888599 386.67401 -0.088264354 -0.72860122 -0.67922723 0.065807149
-42.8475 11.7385 388.81699 -0.85523611 -0.41402274 -0.31169915 0.092481777
-16.614799 94.5121 349.892 0.083908126 -0.65197587 -0.75358272 0.073890649
-42.924999 12.8 388.207 -0.98552108 -0.040833548 -0.1645624 0.076138824
4.83884 90.014099 352.396 0.86065942 0.49127352 -0.13384946 0.10395857
13.0606 70.208603 364.345 0.53174448 -0.34192258 -0.77481401 0.097197868
-4.49652 94.083199 352.38199 0.22253035 0.9434818 0.24560605 0.10423435
-42.658199 12.1293 387.487 -0.79703605 -0.1789609 -0.5768072 0.087454475
-41.707401 10.6413 387.49899 -0.21021046 -0.89086157 -0.40271232 0.1106831
-27.362 96.033401 349.005 0.15780976 -0.43699706 -0.88551092 0.086407587
-25.063299 98.232803 351.078 0.1143473 0.98538232 0.12627894 0.0640141
6.6140399 83.196899 355.29001 0.21216401 -0.54326749 -0.81230956 0.049313907
-35.1362 87.175598 361.48999 -0.95516145 0.29542586 -0.019752681 0.089083426
-40.2705 16.861099 386.457 -0.061713722 0.010684897 -0.99803668 0.089126281
-41.9776 15.6977 387.49899 -0.83586645 0.24964175 -0.48888269 0.053558543
13.6538 62.3978 368.323 0.030211056 -0.45794499 -0.88846701 0.040077452
-29.398399 96.253197 353.71799 -0.57749242 0.75151002 0.31895956 0.10018951
13.0356 67.602798 365.496 0.15220372 -0.3921811 -0.90720892 0.053183351
14.3567 60.566799 369.29401 0.21782057 -0.3109265 -0.92513722 0.032687936
7.8126402 83.282898 355.89401 0.60887098 -0.13138384 -0.78231347 0.079117082
-41.609501 15.6563 386.737 -0.36769 0.34134233 -0.86503726 0.098926522
-37.739399 27.3773 387.548 -0.8886956 0.1653181 -0.42765653 0.029167054
-37.707901 27.414499 387.48901 -0.8886956 0.1653181 -0.42765653 0.028415632
-36.743099 77.892403 369.28299 -0.38057384 0.55665338 0.73844469 0.058603883
9.0435801 81.976799 357.59601 0.86075741 0.15059724 -0.48622745 0.096942581
5.0891299 89.432899 353.741 0.68656963 0.72520059 0.052021511 0.089557312
-33.8703 88.550201 358.90701 -0.91033554 0.13000576 -0.39292207 0.073043451
-2.9548099 16.909401 392.69101 0.23274276 -0.35772726 0.90435725 0.10211155
-14.2714 93.903801 350.17401 -0.12164244 -0.3876816 -0.91373193 0.098847322
-33.3936 50.693699 378.51801 -0.41766453 -0.49681923 -0.76074111 0.09184397
15.6087 51.9687 373.55301 0.37046593 -0.36957362 -0.85215628 0.070347778
-31.2341 13.5979 394.009 0.11917244 -0.59142423 0.79750568 0.072003223
-31.4438 13.0088 392.939 0.097712725 -0.88730615 0.45071059 0.1219105
-33.354198 49.3274 379.13199 -0.032756206 -0.34189469 -0.9391672 0.10658855
-38.966301 25.251301 388.82501 -0.91881877 0.32321048 -0.2265106 0.048176028
-38.6455 26.104401 388.79099 -0.87351763 0.42780355 -0.23227362 0.047543395
13.9907 70.333702 366.689 0.8419562 0.47467712 0.25649834 0.077488326
16.644199 35.571899 380.99899 0.92862636 -0.077294573 -0.36287549 0.1055893
-23.546499 95.449402 349.22101 0.00094926986 -0.18298468 -0.98311532 0.11087543
-36.5196 64.866402 371.14499 -0.29116029 -0.43926039 -0.84986824 0.087641194
-37.040401 75.916702 365.397 -0.76200879 -0.21719095 -0.61005795 0.078146629
7.8444099 81.798401 356.50101 0.20928931 -0.44285491 -0.87182426 0.035135716
7.8626399 82.213203 356.336 0.23039055 -0.29139882 -0.92844325 0.021359341
-31.686399 91.8815 358.89301 -0.32285976 0.80044478 0.50502449 0.062819265
-30.781 91.018204 354.73001 -0.47197032 -0.29833791 -0.82960141 0.070747793
-42.3727 14.4036 387.49799 -0.83488715 0.25649887 -0.48700288 0.084857956
-41.556499 12.993 386.89499 0.15572995 -0.10136101 -0.98258543 0.074621208
14.4208 29.8906 381.448 0.28048012 -0.29067168 -0.91479009 0.040867545
-40.969898 11.6406 387.48801 0.52591193 -0.38492891 -0.75844997 0.11400426
-37.231098 67.612198 369.58499 -0.59618503 -0.49766657 -0.62999314 0.077564016
-16.0208 15.8847 393.99701 0.14625663 -0.95597535 0.25440142 0.1161896
-14.3248 16.0835 394.00201 0.22152898 -0.67337281 0.70533252 0.096558712
10.6157 79.436401 360.245 0.96948445 0.22118428 -0.10572351 0.082168326
16.903601 49.237202 377.50299 0.63674605 0.27662769 0.71974409 0.069891594
16.914499 46.807899 376.69 0.71783924 -0.1663451 -0.67604446 0.078703448
16.9174 48.103298 376.23499 0.8531099 -0.21104532 -0.47714078 0.051031303
15.6095 46.542999 375.785 -0.048259523 -0.3208541 -0.94589835 0.076595567
16.119499 46.9384 375.784 0.52051288 -0.36185801 -0.77338552 0.058714561
-37.716599 28.942101 388.056 -0.91719282 0.18725276 -0.35170126 0.076254085
-27.584999 14.0636 394 0.10853143 -0.89288247 0.4370147 0.06807562
-27.940001 97.661697 351.108 -0.78105223 0.59303123 -0.19563074 0.095940404
-27.3438 97.558403 350.043 -0.19204676 0.71065354 -0.67682314 0.11478575
-41.685001 14.1715 386.724 -0.61121809 0.0071970597 -0.79142952 0.089176893
-37.642799 79.367699 366.689 -0.97040087 0.036294546 -0.23875685 0.047636133
-36.344002 11.5429 389.147 0.052361805 -0.72224319 -0.68965429 0.12155483
17.106899 46.827702 377.10001 0.99572396 -0.0609378 0.069429204 0.0921937
15.5858 63.467201 370.63199 0.90742534 0.32999638 0.26015699 0.099591225
11.6472 76.664299 363.168 0.60981077 0.64907753 0.45478478 0.088956833
11.6856 76.8246 362.862 0.71594536 0.60319704 0.35153311 0.11208861
-40.4561 16.8857 386.431 -0.60990733 0.1208814 -0.78319901 0.088595971
14.3544 66.113602 366.89099 0.60654628 -0.30219057 -0.7353791 0.078294031
14.3144 66.459801 366.73999 0.62588859 -0.31890753 -0.71173131 0.083740607
14.3193 21.018801 384.90799 0.86794668 -0.37897804 -0.32100502 0.11023338
-37.0494 59.903099 378.38599 -0.97393739 -0.16275652 0.15797552 0.072186552
-32.529301 87.965797 357.64301 -0.27805063 -0.41706753 -0.86529911 0.084347904
15.713 29.968599 382.31 0.77002698 -0.267912 -0.5790351 0.064096145
-41.610401 14.9292 386.65399 -0.17720978 -0.088383332 -0.98019648 0.096963651
-41.899502 13.001 386.80899 -0.61377096 -0.046137538 -0.78813481 0.08681678
-37.6189 11.6482 388.89899 -0.085351989 -0.64241588 -0.76158839 0.12310383
-13.0473 93.588997 350.35599 -0.008884199 0.10551907 -0.99437761 0.076942921
-1.30953 89.478203 351.10599 -0.23586322 -0.26242608 -0.93568218 0.058158878
-41.2047 15.5261 386.508 -0.50263888 0.22504194 -0.83469176 0.10971024
0 0 0 1 0 0 0 1 0 0 0 1 0 0 0 0 0 1517 1 0 0
