INFO:    User not listed in /etc/subuid, trying root-mapped namespace
INFO:    The %post section will be run under fakeroot
INFO:    Starting build...
Copying blob sha256:a3be5d4ce40198dc77f17780f02720f55b1898a2368f701dd1619fc9f84aac86
Copying config sha256:8a4eacce82dfd41dd9dfb4473188b4a728a35a75c121e4c5387dda2930ea0063
Writing manifest to image destination
2025/08/17 21:46:40  info unpack layer: sha256:a3be5d4ce40198dc77f17780f02720f55b1898a2368f701dd1619fc9f84aac86
INFO:    Running post scriptlet
+ echo [STAGE 1] Installing system packages...
[STAGE 1] Installing system packages...
+ export DEBIAN_FRONTEND=noninteractive
+ export TZ=UTC
+ apt-get update -qq
+ apt-get install -y --no-install-recommends build-essential cmake git wget unzip curl pkg-config software-properties-common libeigen3-dev libboost-all-dev libopenblas-dev liblapack-dev gfortran libgoogle-glog-dev libgflags-dev libglew-dev freeglut3-dev libusb-1.0-0-dev python3-dev python3-pip
Reading package lists...
Building dependency tree...
Reading state information...
The following additional packages will be installed:
  autoconf automake autotools-dev binutils binutils-common
  binutils-x86-64-linux-gnu bzip2 ca-certificates cmake-data cpp cpp-11 dbus
  dh-elpa-helper distro-info-data dpkg-dev emacsen-common freeglut3 g++ g++-11
  gcc gcc-11 gcc-11-base gfortran-11 gir1.2-glib-2.0 gir1.2-packagekitglib-1.0
  git-man gpg gpgconf ibverbs-providers icu-devtools iso-codes libapparmor1
  libappstream4 libarchive13 libargon2-1 libasan6 libassuan0 libatomic1
  libbinutils libblas-dev libblas3 libboost-atomic-dev libboost-atomic1.74-dev
  libboost-atomic1.74.0 libboost-chrono-dev libboost-chrono1.74-dev
  libboost-chrono1.74.0 libboost-container-dev libboost-container1.74-dev
  libboost-container1.74.0 libboost-context-dev libboost-context1.74-dev
  libboost-context1.74.0 libboost-coroutine-dev libboost-coroutine1.74-dev
  libboost-coroutine1.74.0 libboost-date-time-dev libboost-date-time1.74-dev
  libboost-date-time1.74.0 libboost-dev libboost-exception-dev
  libboost-exception1.74-dev libboost-fiber-dev libboost-fiber1.74-dev
  libboost-fiber1.74.0 libboost-filesystem-dev libboost-filesystem1.74-dev
  libboost-filesystem1.74.0 libboost-graph-dev libboost-graph-parallel-dev
  libboost-graph-parallel1.74-dev libboost-graph-parallel1.74.0
  libboost-graph1.74-dev libboost-graph1.74.0 libboost-iostreams-dev
  libboost-iostreams1.74-dev libboost-iostreams1.74.0 libboost-locale-dev
  libboost-locale1.74-dev libboost-locale1.74.0 libboost-log-dev
  libboost-log1.74-dev libboost-log1.74.0 libboost-math-dev
  libboost-math1.74-dev libboost-math1.74.0 libboost-mpi-dev
  libboost-mpi-python-dev libboost-mpi-python1.74-dev
  libboost-mpi-python1.74.0 libboost-mpi1.74-dev libboost-mpi1.74.0
  libboost-nowide-dev libboost-nowide1.74-dev libboost-nowide1.74.0
  libboost-numpy-dev libboost-numpy1.74-dev libboost-numpy1.74.0
  libboost-program-options-dev libboost-program-options1.74-dev
  libboost-program-options1.74.0 libboost-python-dev libboost-python1.74-dev
  libboost-python1.74.0 libboost-random-dev libboost-random1.74-dev
  libboost-random1.74.0 libboost-regex-dev libboost-regex1.74-dev
  libboost-regex1.74.0 libboost-serialization-dev
  libboost-serialization1.74-dev libboost-serialization1.74.0
  libboost-stacktrace-dev libboost-stacktrace1.74-dev
  libboost-stacktrace1.74.0 libboost-system-dev libboost-system1.74-dev
  libboost-system1.74.0 libboost-test-dev libboost-test1.74-dev
  libboost-test1.74.0 libboost-thread-dev libboost-thread1.74-dev
  libboost-thread1.74.0 libboost-timer-dev libboost-timer1.74-dev
  libboost-timer1.74.0 libboost-tools-dev libboost-type-erasure-dev
  libboost-type-erasure1.74-dev libboost-type-erasure1.74.0 libboost-wave-dev
  libboost-wave1.74-dev libboost-wave1.74.0 libboost1.74-dev
  libboost1.74-tools-dev libbrotli1 libbsd0 libc-dev-bin libc6-dev libcap2-bin
  libcbor0.8 libcc1-0 libcrypt-dev libcryptsetup12 libctf-nobfd0 libctf0
  libcurl3-gnutls libcurl4 libdbus-1-3 libdevmapper1.02.1 libdpkg-perl
  libdrm-amdgpu1 libdrm-common libdrm-intel1 libdrm-nouveau2 libdrm-radeon1
  libdrm2 libdw1 libedit2 libegl-dev libegl-mesa0 libegl1 libelf1
  liberror-perl libevent-2.1-7 libevent-core-2.1-7 libevent-dev
  libevent-extra-2.1-7 libevent-openssl-2.1-7 libevent-pthreads-2.1-7
  libexpat1 libexpat1-dev libfabric1 libfido2-1 libgbm1 libgcc-11-dev
  libgdbm-compat4 libgdbm6 libgflags2.2 libgfortran-11-dev libgfortran5
  libgirepository-1.0-1 libgl-dev libgl1 libgl1-mesa-dev libgl1-mesa-dri
  libglapi-mesa libgles-dev libgles1 libgles2 libglew2.2 libglib2.0-0
  libglib2.0-bin libglib2.0-data libglu1-mesa libglu1-mesa-dev
  libglvnd-core-dev libglvnd-dev libglvnd0 libglx-dev libglx-mesa0 libglx0
  libgomp1 libgoogle-glog0v5 libgstreamer1.0-0 libhwloc-dev libhwloc-plugins
  libhwloc15 libibverbs-dev libibverbs1 libice-dev libice6 libicu-dev libicu70
  libip4tc2 libisl23 libitm1 libjs-jquery libjs-jquery-ui libjs-sphinxdoc
  libjs-underscore libjson-c5 libjsoncpp25 libkmod2 liblapack3 libldap-2.5-0
  libllvm15 liblsan0 libltdl-dev libltdl7 liblzma-dev libmd0 libmpc3 libmpdec3
  libmpfr6 libnghttp2-14 libnl-3-200 libnl-3-dev libnl-route-3-200
  libnl-route-3-dev libnsl-dev libnuma-dev libnuma1 libopenblas-pthread-dev
  libopenblas0 libopenblas0-pthread libopengl-dev libopengl0 libopenmpi-dev
  libopenmpi3 libpackagekit-glib2-18 libpam-systemd libpciaccess0 libperl5.34
  libpmix-dev libpmix2 libpolkit-agent-1-0 libpolkit-gobject-1-0 libpsl5
  libpsm-infinipath1 libpsm2-2 libpthread-stubs0-dev libpython3-dev
  libpython3-stdlib libpython3.10 libpython3.10-dev libpython3.10-minimal
  libpython3.10-stdlib libquadmath0 librdmacm1 libreadline8 librhash0 librtmp1
  libsasl2-2 libsasl2-modules-db libsensors-config libsensors5 libsigsegv2
  libsm-dev libsm6 libsqlite3-0 libssh-4 libstdc++-11-dev libstemmer0d
  libtirpc-dev libtsan0 libubsan1 libucx0 libunwind-dev libunwind8
  libusb-1.0-0 libuv1 libwayland-client0 libwayland-server0 libx11-6
  libx11-data libx11-dev libx11-xcb1 libxau-dev libxau6 libxcb-dri2-0
  libxcb-dri3-0 libxcb-glx0 libxcb-present0 libxcb-randr0 libxcb-shm0
  libxcb-sync1 libxcb-xfixes0 libxcb1 libxcb1-dev libxdmcp-dev libxdmcp6
  libxext-dev libxext6 libxfixes3 libxi6 libxml2 libxmlb2 libxnvctrl0
  libxshmfence1 libxt-dev libxt6 libxxf86vm1 libyaml-0-2 linux-libc-dev
  lsb-release lto-disabled-list m4 make media-types mpi-default-bin
  mpi-default-dev ocl-icd-libopencl1 openmpi-bin openmpi-common openssh-client
  openssl packagekit patch perl perl-modules-5.34 pkexec policykit-1 polkitd
  python-apt-common python3 python3-apt python3-blinker python3-cffi-backend
  python3-cryptography python3-dbus python3-distro python3-distutils
  python3-gi python3-httplib2 python3-importlib-metadata python3-jeepney
  python3-jwt python3-keyring python3-launchpadlib python3-lazr.restfulclient
  python3-lazr.uri python3-lib2to3 python3-minimal python3-more-itertools
  python3-oauthlib python3-pkg-resources python3-pyparsing
  python3-secretstorage python3-setuptools python3-six
  python3-software-properties python3-wadllib python3-wheel python3-zipp
  python3.10 python3.10-dev python3.10-minimal readline-common rpcsvc-proto
  systemd systemd-sysv x11-common x11proto-dev xorg-sgml-doctools xtrans-dev
  xz-utils zlib1g-dev
Suggested packages:
  autoconf-archive gnu-standards autoconf-doc libtool gettext binutils-doc
  bzip2-doc cmake-doc ninja-build cmake-format cpp-doc gcc-11-locales
  default-dbus-session-bus | dbus-session-bus debian-keyring g++-multilib
  g++-11-multilib gcc-11-doc gcc-multilib manpages-dev flex bison gdb gcc-doc
  gcc-11-multilib gfortran-multilib gfortran-doc gfortran-11-multilib
  gfortran-11-doc libcoarrays-dev gettext-base git-daemon-run
  | git-daemon-sysvinit git-doc git-email git-gui gitk gitweb git-cvs
  git-mediawiki git-svn isoquery lrzip liblapack-doc libboost-doc graphviz
  libboost1.74-doc gccxml libboost-contract1.74-dev libmpfrc++-dev libntl-dev
  xsltproc doxygen docbook-xml docbook-xsl default-jdk fop glibc-doc gnupg bzr
  libeigen3-doc gdbm-l10n glew-utils gstreamer1.0-tools
  libhwloc-contrib-plugins libice-doc icu-doc libjs-jquery-ui-docs libtool-doc
  liblzma-doc openmpi-doc pciutils lm-sensors libsm-doc libstdc++-11-doc
  libx11-doc libxcb-doc libxext-doc libxt-doc m4-doc make-doc opencl-icd
  keychain libpam-ssh monkeysphere ssh-askpass appstream ed diffutils-doc
  perl-doc libterm-readline-gnu-perl | libterm-readline-perl-perl
  libtap-harness-archive-perl python3-doc python3-tk python3-venv
  python3-apt-dbg python-apt-doc python-blinker-doc python-cryptography-doc
  python3-cryptography-vectors python-dbus-doc python3-crypto gir1.2-secret-1
  gnome-keyring libkf5wallet-bin python3-keyrings.alt python3-testresources
  python-pyparsing-doc python-secretstorage-doc python-setuptools-doc
  python3.10-venv python3.10-doc binfmt-support readline-doc systemd-container
  libtss2-esys-3.0.2-0 libtss2-mu0 libtss2-rc0 zip
Recommended packages:
  fakeroot gnupg libalgorithm-merge-perl less manpages manpages-dev
  libc-devtools libpam-cap dmsetup libfile-fcntllock-perl
  liblocale-gettext-perl libgl1-amber-dri shared-mime-info xdg-user-dirs
  javascript-common libldap-common libtool libcoarrays-openmpi-dev
  publicsuffix libsasl2-modules libusb-1.0-doc xauth packagekit-tools netbase
  unattended-upgrades networkd-dispatcher systemd-timesyncd | time-daemon
  libnss-systemd
The following NEW packages will be installed:
  autoconf automake autotools-dev binutils binutils-common
  binutils-x86-64-linux-gnu build-essential bzip2 ca-certificates cmake
  cmake-data cpp cpp-11 curl dbus dh-elpa-helper distro-info-data dpkg-dev
  emacsen-common freeglut3 freeglut3-dev g++ g++-11 gcc gcc-11 gcc-11-base
  gfortran gfortran-11 gir1.2-glib-2.0 gir1.2-packagekitglib-1.0 git git-man
  gpg gpgconf ibverbs-providers icu-devtools iso-codes libapparmor1
  libappstream4 libarchive13 libargon2-1 libasan6 libassuan0 libatomic1
  libbinutils libblas-dev libblas3 libboost-all-dev libboost-atomic-dev
  libboost-atomic1.74-dev libboost-atomic1.74.0 libboost-chrono-dev
  libboost-chrono1.74-dev libboost-chrono1.74.0 libboost-container-dev
  libboost-container1.74-dev libboost-container1.74.0 libboost-context-dev
  libboost-context1.74-dev libboost-context1.74.0 libboost-coroutine-dev
  libboost-coroutine1.74-dev libboost-coroutine1.74.0 libboost-date-time-dev
  libboost-date-time1.74-dev libboost-date-time1.74.0 libboost-dev
  libboost-exception-dev libboost-exception1.74-dev libboost-fiber-dev
  libboost-fiber1.74-dev libboost-fiber1.74.0 libboost-filesystem-dev
  libboost-filesystem1.74-dev libboost-filesystem1.74.0 libboost-graph-dev
  libboost-graph-parallel-dev libboost-graph-parallel1.74-dev
  libboost-graph-parallel1.74.0 libboost-graph1.74-dev libboost-graph1.74.0
  libboost-iostreams-dev libboost-iostreams1.74-dev libboost-iostreams1.74.0
  libboost-locale-dev libboost-locale1.74-dev libboost-locale1.74.0
  libboost-log-dev libboost-log1.74-dev libboost-log1.74.0 libboost-math-dev
  libboost-math1.74-dev libboost-math1.74.0 libboost-mpi-dev
  libboost-mpi-python-dev libboost-mpi-python1.74-dev
  libboost-mpi-python1.74.0 libboost-mpi1.74-dev libboost-mpi1.74.0
  libboost-nowide-dev libboost-nowide1.74-dev libboost-nowide1.74.0
  libboost-numpy-dev libboost-numpy1.74-dev libboost-numpy1.74.0
  libboost-program-options-dev libboost-program-options1.74-dev
  libboost-program-options1.74.0 libboost-python-dev libboost-python1.74-dev
  libboost-python1.74.0 libboost-random-dev libboost-random1.74-dev
  libboost-random1.74.0 libboost-regex-dev libboost-regex1.74-dev
  libboost-regex1.74.0 libboost-serialization-dev
  libboost-serialization1.74-dev libboost-serialization1.74.0
  libboost-stacktrace-dev libboost-stacktrace1.74-dev
  libboost-stacktrace1.74.0 libboost-system-dev libboost-system1.74-dev
  libboost-system1.74.0 libboost-test-dev libboost-test1.74-dev
  libboost-test1.74.0 libboost-thread-dev libboost-thread1.74-dev
  libboost-thread1.74.0 libboost-timer-dev libboost-timer1.74-dev
  libboost-timer1.74.0 libboost-tools-dev libboost-type-erasure-dev
  libboost-type-erasure1.74-dev libboost-type-erasure1.74.0 libboost-wave-dev
  libboost-wave1.74-dev libboost-wave1.74.0 libboost1.74-dev
  libboost1.74-tools-dev libbrotli1 libbsd0 libc-dev-bin libc6-dev libcap2-bin
  libcbor0.8 libcc1-0 libcrypt-dev libcryptsetup12 libctf-nobfd0 libctf0
  libcurl3-gnutls libcurl4 libdbus-1-3 libdevmapper1.02.1 libdpkg-perl
  libdrm-amdgpu1 libdrm-common libdrm-intel1 libdrm-nouveau2 libdrm-radeon1
  libdrm2 libdw1 libedit2 libegl-dev libegl-mesa0 libegl1 libeigen3-dev
  libelf1 liberror-perl libevent-2.1-7 libevent-core-2.1-7 libevent-dev
  libevent-extra-2.1-7 libevent-openssl-2.1-7 libevent-pthreads-2.1-7
  libexpat1 libexpat1-dev libfabric1 libfido2-1 libgbm1 libgcc-11-dev
  libgdbm-compat4 libgdbm6 libgflags-dev libgflags2.2 libgfortran-11-dev
  libgfortran5 libgirepository-1.0-1 libgl-dev libgl1 libgl1-mesa-dev
  libgl1-mesa-dri libglapi-mesa libgles-dev libgles1 libgles2 libglew-dev
  libglew2.2 libglib2.0-0 libglib2.0-bin libglib2.0-data libglu1-mesa
  libglu1-mesa-dev libglvnd-core-dev libglvnd-dev libglvnd0 libglx-dev
  libglx-mesa0 libglx0 libgomp1 libgoogle-glog-dev libgoogle-glog0v5
  libgstreamer1.0-0 libhwloc-dev libhwloc-plugins libhwloc15 libibverbs-dev
  libibverbs1 libice-dev libice6 libicu-dev libicu70 libip4tc2 libisl23
  libitm1 libjs-jquery libjs-jquery-ui libjs-sphinxdoc libjs-underscore
  libjson-c5 libjsoncpp25 libkmod2 liblapack-dev liblapack3 libldap-2.5-0
  libllvm15 liblsan0 libltdl-dev libltdl7 liblzma-dev libmd0 libmpc3 libmpdec3
  libmpfr6 libnghttp2-14 libnl-3-200 libnl-3-dev libnl-route-3-200
  libnl-route-3-dev libnsl-dev libnuma-dev libnuma1 libopenblas-dev
  libopenblas-pthread-dev libopenblas0 libopenblas0-pthread libopengl-dev
  libopengl0 libopenmpi-dev libopenmpi3 libpackagekit-glib2-18 libpam-systemd
  libpciaccess0 libperl5.34 libpmix-dev libpmix2 libpolkit-agent-1-0
  libpolkit-gobject-1-0 libpsl5 libpsm-infinipath1 libpsm2-2
  libpthread-stubs0-dev libpython3-dev libpython3-stdlib libpython3.10
  libpython3.10-dev libpython3.10-minimal libpython3.10-stdlib libquadmath0
  librdmacm1 libreadline8 librhash0 librtmp1 libsasl2-2 libsasl2-modules-db
  libsensors-config libsensors5 libsigsegv2 libsm-dev libsm6 libsqlite3-0
  libssh-4 libstdc++-11-dev libstemmer0d libtirpc-dev libtsan0 libubsan1
  libucx0 libunwind-dev libunwind8 libusb-1.0-0 libusb-1.0-0-dev libuv1
  libwayland-client0 libwayland-server0 libx11-6 libx11-data libx11-dev
  libx11-xcb1 libxau-dev libxau6 libxcb-dri2-0 libxcb-dri3-0 libxcb-glx0
  libxcb-present0 libxcb-randr0 libxcb-shm0 libxcb-sync1 libxcb-xfixes0
  libxcb1 libxcb1-dev libxdmcp-dev libxdmcp6 libxext-dev libxext6 libxfixes3
  libxi6 libxml2 libxmlb2 libxnvctrl0 libxshmfence1 libxt-dev libxt6
  libxxf86vm1 libyaml-0-2 linux-libc-dev lsb-release lto-disabled-list m4 make
  media-types mpi-default-bin mpi-default-dev ocl-icd-libopencl1 openmpi-bin
  openmpi-common openssh-client openssl packagekit patch perl
  perl-modules-5.34 pkexec pkg-config policykit-1 polkitd python-apt-common
  python3 python3-apt python3-blinker python3-cffi-backend
  python3-cryptography python3-dbus python3-dev python3-distro
  python3-distutils python3-gi python3-httplib2 python3-importlib-metadata
  python3-jeepney python3-jwt python3-keyring python3-launchpadlib
  python3-lazr.restfulclient python3-lazr.uri python3-lib2to3 python3-minimal
  python3-more-itertools python3-oauthlib python3-pip python3-pkg-resources
  python3-pyparsing python3-secretstorage python3-setuptools python3-six
  python3-software-properties python3-wadllib python3-wheel python3-zipp
  python3.10 python3.10-dev python3.10-minimal readline-common rpcsvc-proto
  software-properties-common systemd systemd-sysv unzip wget x11-common
  x11proto-dev xorg-sgml-doctools xtrans-dev xz-utils zlib1g-dev
0 upgraded, 410 newly installed, 0 to remove and 0 not upgraded.
Need to get 261 MB of archives.
After this operation, 1289 MB of additional disk space will be used.
Get:1 http://archive.ubuntu.com/ubuntu jammy-updates/main amd64 libpython3.10-minimal amd64 3.10.12-1~22.04.10 [815 kB]
Get:2 http://archive.ubuntu.com/ubuntu jammy-updates/main amd64 libexpat1 amd64 2.4.7-1ubuntu0.6 [92.1 kB]
Get:3 http://archive.ubuntu.com/ubuntu jammy-updates/main amd64 python3.10-minimal amd64 3.10.12-1~22.04.10 [2277 kB]
Get:4 http://archive.ubuntu.com/ubuntu jammy-updates/main amd64 python3-minimal amd64 3.10.6-1~22.04.1 [24.3 kB]
Get:5 http://archive.ubuntu.com/ubuntu jammy/main amd64 media-types all 7.0.0 [25.5 kB]
Get:6 http://archive.ubuntu.com/ubuntu jammy/main amd64 libmpdec3 amd64 2.5.1-2build2 [86.8 kB]
Get:7 http://archive.ubuntu.com/ubuntu jammy/main amd64 readline-common all 8.1.2-1 [53.5 kB]
Get:8 http://archive.ubuntu.com/ubuntu jammy/main amd64 libreadline8 amd64 8.1.2-1 [153 kB]
Get:9 http://archive.ubuntu.com/ubuntu jammy-updates/main amd64 libsqlite3-0 amd64 3.37.2-2ubuntu0.5 [643 kB]
Get:10 http://archive.ubuntu.com/ubuntu jammy-updates/main amd64 libpython3.10-stdlib amd64 3.10.12-1~22.04.10 [1850 kB]
Get:11 http://archive.ubuntu.com/ubuntu jammy-updates/main amd64 python3.10 amd64 3.10.12-1~22.04.10 [508 kB]
Get:12 http://archive.ubuntu.com/ubuntu jammy-updates/main amd64 libpython3-stdlib amd64 3.10.6-1~22.04.1 [6812 B]
Get:13 http://archive.ubuntu.com/ubuntu jammy-updates/main amd64 python3 amd64 3.10.6-1~22.04.1 [22.8 kB]
Get:14 http://archive.ubuntu.com/ubuntu jammy-updates/main amd64 libapparmor1 amd64 3.0.4-2ubuntu2.4 [39.7 kB]
Get:15 http://archive.ubuntu.com/ubuntu jammy/main amd64 libargon2-1 amd64 0~20171227-0.3 [19.5 kB]
Get:16 http://archive.ubuntu.com/ubuntu jammy-updates/main amd64 libdevmapper1.02.1 amd64 2:1.02.175-2.1ubuntu5 [139 kB]
Get:17 http://archive.ubuntu.com/ubuntu jammy-updates/main amd64 libjson-c5 amd64 0.15-3~ubuntu1.22.04.2 [33.5 kB]
Get:18 http://archive.ubuntu.com/ubuntu jammy-updates/main amd64 libcryptsetup12 amd64 2:2.4.3-1ubuntu1.3 [211 kB]
Get:19 http://archive.ubuntu.com/ubuntu jammy-updates/main amd64 libip4tc2 amd64 1.8.7-1ubuntu5.2 [19.9 kB]
Get:20 http://archive.ubuntu.com/ubuntu jammy/main amd64 libkmod2 amd64 29-1ubuntu1 [48.0 kB]
Get:21 http://archive.ubuntu.com/ubuntu jammy-updates/main amd64 systemd amd64 249.11-0ubuntu3.16 [4581 kB]
Get:22 http://archive.ubuntu.com/ubuntu jammy-updates/main amd64 systemd-sysv amd64 249.11-0ubuntu3.16 [10.5 kB]
Get:23 http://archive.ubuntu.com/ubuntu jammy-updates/main amd64 perl-modules-5.34 all 5.34.0-3ubuntu1.5 [2977 kB]
Get:24 http://archive.ubuntu.com/ubuntu jammy/main amd64 libgdbm6 amd64 1.23-1 [33.9 kB]
Get:25 http://archive.ubuntu.com/ubuntu jammy/main amd64 libgdbm-compat4 amd64 1.23-1 [6606 B]
Get:26 http://archive.ubuntu.com/ubuntu jammy-updates/main amd64 libperl5.34 amd64 5.34.0-3ubuntu1.5 [4797 kB]
Get:27 http://archive.ubuntu.com/ubuntu jammy-updates/main amd64 perl amd64 5.34.0-3ubuntu1.5 [232 kB]
Get:28 http://archive.ubuntu.com/ubuntu jammy-updates/main amd64 openssl amd64 3.0.2-0ubuntu1.19 [1186 kB]
Get:29 http://archive.ubuntu.com/ubuntu jammy-updates/main amd64 ca-certificates all 20240203~22.04.1 [162 kB]
Get:30 http://archive.ubuntu.com/ubuntu jammy-updates/main amd64 libdbus-1-3 amd64 1.12.20-2ubuntu4.1 [189 kB]
Get:31 http://archive.ubuntu.com/ubuntu jammy-updates/main amd64 dbus amd64 1.12.20-2ubuntu4.1 [158 kB]
Get:32 http://archive.ubuntu.com/ubuntu jammy-updates/main amd64 distro-info-data all 0.52ubuntu0.9 [5336 B]
Get:33 http://archive.ubuntu.com/ubuntu jammy-updates/main amd64 libglib2.0-0 amd64 2.72.4-0ubuntu2.5 [1466 kB]
Get:34 http://archive.ubuntu.com/ubuntu jammy/main amd64 libgirepository-1.0-1 amd64 1.72.0-1 [55.6 kB]
Get:35 http://archive.ubuntu.com/ubuntu jammy/main amd64 gir1.2-glib-2.0 amd64 1.72.0-1 [164 kB]
Get:36 http://archive.ubuntu.com/ubuntu jammy/main amd64 iso-codes all 4.9.0-1 [3459 kB]
Get:37 http://archive.ubuntu.com/ubuntu jammy/main amd64 libmd0 amd64 1.0.4-1build1 [23.0 kB]
Get:38 http://archive.ubuntu.com/ubuntu jammy/main amd64 libbsd0 amd64 0.11.5-1 [44.8 kB]
Get:39 http://archive.ubuntu.com/ubuntu jammy-updates/main amd64 libcap2-bin amd64 1:2.44-1ubuntu0.22.04.2 [26.0 kB]
Get:40 http://archive.ubuntu.com/ubuntu jammy-updates/main amd64 libelf1 amd64 0.186-1ubuntu0.1 [51.1 kB]
Get:41 http://archive.ubuntu.com/ubuntu jammy-updates/main amd64 libglib2.0-data all 2.72.4-0ubuntu2.5 [4656 B]
Get:42 http://archive.ubuntu.com/ubuntu jammy/main amd64 libicu70 amd64 70.1-2 [10.6 MB]
Get:43 http://archive.ubuntu.com/ubuntu jammy-updates/main amd64 libpam-systemd amd64 249.11-0ubuntu3.16 [203 kB]
Get:44 http://archive.ubuntu.com/ubuntu jammy-updates/main amd64 libxml2 amd64 2.9.13+dfsg-1ubuntu0.7 [763 kB]
Get:45 http://archive.ubuntu.com/ubuntu jammy/main amd64 libyaml-0-2 amd64 0.2.2-1build2 [51.6 kB]
Get:46 http://archive.ubuntu.com/ubuntu jammy/main amd64 lsb-release all 11.1.0ubuntu4 [10.8 kB]
Get:47 http://archive.ubuntu.com/ubuntu jammy-updates/main amd64 python-apt-common all 2.4.0ubuntu4 [14.6 kB]
Get:48 http://archive.ubuntu.com/ubuntu jammy-updates/main amd64 python3-apt amd64 2.4.0ubuntu4 [164 kB]
Get:49 http://archive.ubuntu.com/ubuntu jammy/main amd64 python3-dbus amd64 1.2.18-3build1 [99.5 kB]
Get:50 http://archive.ubuntu.com/ubuntu jammy-updates/main amd64 python3-gi amd64 3.42.1-0ubuntu1 [229 kB]
Get:51 http://archive.ubuntu.com/ubuntu jammy-updates/main amd64 python3-pkg-resources all 59.6.0-1.2ubuntu0.22.04.3 [133 kB]
Get:52 http://archive.ubuntu.com/ubuntu jammy/main amd64 libcbor0.8 amd64 0.8.0-2ubuntu1 [24.6 kB]
Get:53 http://archive.ubuntu.com/ubuntu jammy-updates/main amd64 libdrm-common all 2.4.113-2~ubuntu0.22.04.1 [5450 B]
Get:54 http://archive.ubuntu.com/ubuntu jammy-updates/main amd64 libdrm2 amd64 2.4.113-2~ubuntu0.22.04.1 [38.1 kB]
Get:55 http://archive.ubuntu.com/ubuntu jammy/main amd64 libedit2 amd64 3.1-20210910-1build1 [96.8 kB]
Get:56 http://archive.ubuntu.com/ubuntu jammy/main amd64 libfido2-1 amd64 1.10.0-1 [82.8 kB]
Get:57 http://archive.ubuntu.com/ubuntu jammy-updates/main amd64 libnghttp2-14 amd64 1.43.0-1ubuntu0.2 [76.9 kB]
Get:58 http://archive.ubuntu.com/ubuntu jammy/main amd64 libnuma1 amd64 2.0.14-3ubuntu2 [22.5 kB]
Get:59 http://archive.ubuntu.com/ubuntu jammy/main amd64 libpsl5 amd64 0.21.0-1.2build2 [58.4 kB]
Get:60 http://archive.ubuntu.com/ubuntu jammy-updates/main amd64 libusb-1.0-0 amd64 2:1.0.25-1ubuntu2 [52.7 kB]
Get:61 http://archive.ubuntu.com/ubuntu jammy-updates/main amd64 libuv1 amd64 1.43.0-1ubuntu0.1 [92.7 kB]
Get:62 http://archive.ubuntu.com/ubuntu jammy/main amd64 libxau6 amd64 1:1.0.9-1build5 [7634 B]
Get:63 http://archive.ubuntu.com/ubuntu jammy/main amd64 libxdmcp6 amd64 1:1.1.3-0ubuntu5 [10.9 kB]
Get:64 http://archive.ubuntu.com/ubuntu jammy/main amd64 libxcb1 amd64 1.14-3ubuntu3 [49.0 kB]
Get:65 http://archive.ubuntu.com/ubuntu jammy-updates/main amd64 libx11-data all 2:1.7.5-1ubuntu0.3 [120 kB]
Get:66 http://archive.ubuntu.com/ubuntu jammy-updates/main amd64 libx11-6 amd64 2:1.7.5-1ubuntu0.3 [667 kB]
Get:67 http://archive.ubuntu.com/ubuntu jammy/main amd64 libxext6 amd64 2:1.3.4-1build1 [31.8 kB]
Get:68 http://archive.ubuntu.com/ubuntu jammy-updates/main amd64 openssh-client amd64 1:8.9p1-3ubuntu0.13 [903 kB]
Get:69 http://archive.ubuntu.com/ubuntu jammy-updates/main amd64 wget amd64 1.21.2-2ubuntu1.1 [339 kB]
Get:70 http://archive.ubuntu.com/ubuntu jammy/main amd64 xz-utils amd64 5.2.5-2ubuntu1 [84.8 kB]
Get:71 http://archive.ubuntu.com/ubuntu jammy/main amd64 libsigsegv2 amd64 2.13-1ubuntu3 [14.6 kB]
Get:72 http://archive.ubuntu.com/ubuntu jammy/main amd64 m4 amd64 1.4.18-5ubuntu2 [199 kB]
Get:73 http://archive.ubuntu.com/ubuntu jammy/main amd64 autoconf all 2.71-2 [338 kB]
Get:74 http://archive.ubuntu.com/ubuntu jammy/main amd64 autotools-dev all 20220109.1 [44.9 kB]
Get:75 http://archive.ubuntu.com/ubuntu jammy/main amd64 automake all 1:1.16.5-1.3 [558 kB]
Get:76 http://archive.ubuntu.com/ubuntu jammy-updates/main amd64 binutils-common amd64 2.38-4ubuntu2.8 [223 kB]
Get:77 http://archive.ubuntu.com/ubuntu jammy-updates/main amd64 libbinutils amd64 2.38-4ubuntu2.8 [661 kB]
Get:78 http://archive.ubuntu.com/ubuntu jammy-updates/main amd64 libctf-nobfd0 amd64 2.38-4ubuntu2.8 [108 kB]
Get:79 http://archive.ubuntu.com/ubuntu jammy-updates/main amd64 libctf0 amd64 2.38-4ubuntu2.8 [103 kB]
Get:80 http://archive.ubuntu.com/ubuntu jammy-updates/main amd64 binutils-x86-64-linux-gnu amd64 2.38-4ubuntu2.8 [2324 kB]
Get:81 http://archive.ubuntu.com/ubuntu jammy-updates/main amd64 binutils amd64 2.38-4ubuntu2.8 [3196 B]
Get:82 http://archive.ubuntu.com/ubuntu jammy-updates/main amd64 libc-dev-bin amd64 2.35-0ubuntu3.10 [20.3 kB]
Get:83 http://archive.ubuntu.com/ubuntu jammy-updates/main amd64 linux-libc-dev amd64 5.15.0-151.161 [1318 kB]
Get:84 http://archive.ubuntu.com/ubuntu jammy/main amd64 libcrypt-dev amd64 1:4.4.27-1 [112 kB]
Get:85 http://archive.ubuntu.com/ubuntu jammy/main amd64 rpcsvc-proto amd64 1.4.2-0ubuntu6 [68.5 kB]
Get:86 http://archive.ubuntu.com/ubuntu jammy-updates/main amd64 libtirpc-dev amd64 1.3.2-2ubuntu0.1 [192 kB]
Get:87 http://archive.ubuntu.com/ubuntu jammy/main amd64 libnsl-dev amd64 1.3.0-2build2 [71.3 kB]
Get:88 http://archive.ubuntu.com/ubuntu jammy-updates/main amd64 libc6-dev amd64 2.35-0ubuntu3.10 [2100 kB]
Get:89 http://archive.ubuntu.com/ubuntu jammy-updates/main amd64 gcc-11-base amd64 11.4.0-1ubuntu1~22.04 [20.2 kB]
Get:90 http://archive.ubuntu.com/ubuntu jammy/main amd64 libisl23 amd64 0.24-2build1 [727 kB]
Get:91 http://archive.ubuntu.com/ubuntu jammy/main amd64 libmpfr6 amd64 4.1.0-3build3 [1425 kB]
Get:92 http://archive.ubuntu.com/ubuntu jammy/main amd64 libmpc3 amd64 1.2.1-2build1 [46.9 kB]
Get:93 http://archive.ubuntu.com/ubuntu jammy-updates/main amd64 cpp-11 amd64 11.4.0-1ubuntu1~22.04 [10.0 MB]
Get:94 http://archive.ubuntu.com/ubuntu jammy/main amd64 cpp amd64 4:11.2.0-1ubuntu1 [27.7 kB]
Get:95 http://archive.ubuntu.com/ubuntu jammy-updates/main amd64 libcc1-0 amd64 12.3.0-1ubuntu1~22.04 [48.3 kB]
Get:96 http://archive.ubuntu.com/ubuntu jammy-updates/main amd64 libgomp1 amd64 12.3.0-1ubuntu1~22.04 [126 kB]
Get:97 http://archive.ubuntu.com/ubuntu jammy-updates/main amd64 libitm1 amd64 12.3.0-1ubuntu1~22.04 [30.2 kB]
Get:98 http://archive.ubuntu.com/ubuntu jammy-updates/main amd64 libatomic1 amd64 12.3.0-1ubuntu1~22.04 [10.4 kB]
Get:99 http://archive.ubuntu.com/ubuntu jammy-updates/main amd64 libasan6 amd64 11.4.0-1ubuntu1~22.04 [2282 kB]
Get:100 http://archive.ubuntu.com/ubuntu jammy-updates/main amd64 liblsan0 amd64 12.3.0-1ubuntu1~22.04 [1069 kB]
Get:101 http://archive.ubuntu.com/ubuntu jammy-updates/main amd64 libtsan0 amd64 11.4.0-1ubuntu1~22.04 [2260 kB]
Get:102 http://archive.ubuntu.com/ubuntu jammy-updates/main amd64 libubsan1 amd64 12.3.0-1ubuntu1~22.04 [976 kB]
Get:103 http://archive.ubuntu.com/ubuntu jammy-updates/main amd64 libquadmath0 amd64 12.3.0-1ubuntu1~22.04 [154 kB]
Get:104 http://archive.ubuntu.com/ubuntu jammy-updates/main amd64 libgcc-11-dev amd64 11.4.0-1ubuntu1~22.04 [2517 kB]
Get:105 http://archive.ubuntu.com/ubuntu jammy-updates/main amd64 gcc-11 amd64 11.4.0-1ubuntu1~22.04 [20.1 MB]
Get:106 http://archive.ubuntu.com/ubuntu jammy/main amd64 gcc amd64 4:11.2.0-1ubuntu1 [5112 B]
Get:107 http://archive.ubuntu.com/ubuntu jammy-updates/main amd64 libstdc++-11-dev amd64 11.4.0-1ubuntu1~22.04 [2101 kB]
Get:108 http://archive.ubuntu.com/ubuntu jammy-updates/main amd64 g++-11 amd64 11.4.0-1ubuntu1~22.04 [11.4 MB]
Get:109 http://archive.ubuntu.com/ubuntu jammy/main amd64 g++ amd64 4:11.2.0-1ubuntu1 [1412 B]
Get:110 http://archive.ubuntu.com/ubuntu jammy/main amd64 make amd64 4.3-4.1build1 [180 kB]
Get:111 http://archive.ubuntu.com/ubuntu jammy-updates/main amd64 libdpkg-perl all 1.21.1ubuntu2.3 [237 kB]
Get:112 http://archive.ubuntu.com/ubuntu jammy/main amd64 bzip2 amd64 1.0.8-5build1 [34.8 kB]
Get:113 http://archive.ubuntu.com/ubuntu jammy/main amd64 patch amd64 2.7.6-7build2 [109 kB]
Get:114 http://archive.ubuntu.com/ubuntu jammy/main amd64 lto-disabled-list all 24 [12.5 kB]
Get:115 http://archive.ubuntu.com/ubuntu jammy-updates/main amd64 dpkg-dev all 1.21.1ubuntu2.3 [922 kB]
Get:116 http://archive.ubuntu.com/ubuntu jammy/main amd64 build-essential amd64 12.9ubuntu3 [4744 B]
Get:117 http://archive.ubuntu.com/ubuntu jammy-updates/main amd64 libarchive13 amd64 3.6.0-1ubuntu1.5 [368 kB]
Get:118 http://archive.ubuntu.com/ubuntu jammy/main amd64 libbrotli1 amd64 1.0.9-2build6 [315 kB]
Get:119 http://archive.ubuntu.com/ubuntu jammy-updates/main amd64 libsasl2-modules-db amd64 2.1.27+dfsg2-3ubuntu1.2 [20.5 kB]
Get:120 http://archive.ubuntu.com/ubuntu jammy-updates/main amd64 libsasl2-2 amd64 2.1.27+dfsg2-3ubuntu1.2 [53.8 kB]
Get:121 http://archive.ubuntu.com/ubuntu jammy-updates/main amd64 libldap-2.5-0 amd64 2.5.19+dfsg-0ubuntu0.22.04.1 [184 kB]
Get:122 http://archive.ubuntu.com/ubuntu jammy/main amd64 librtmp1 amd64 2.4+20151223.gitfa8646d.1-2build4 [58.2 kB]
Get:123 http://archive.ubuntu.com/ubuntu jammy-updates/main amd64 libssh-4 amd64 0.9.6-2ubuntu0.22.04.4 [187 kB]
Get:124 http://archive.ubuntu.com/ubuntu jammy-updates/main amd64 libcurl4 amd64 7.81.0-1ubuntu1.20 [289 kB]
Get:125 http://archive.ubuntu.com/ubuntu jammy/main amd64 libjsoncpp25 amd64 1.9.5-3 [80.0 kB]
Get:126 http://archive.ubuntu.com/ubuntu jammy/main amd64 librhash0 amd64 1.4.2-1ubuntu1 [125 kB]
Get:127 http://archive.ubuntu.com/ubuntu jammy/main amd64 dh-elpa-helper all 2.0.9ubuntu1 [7610 B]
Get:128 http://archive.ubuntu.com/ubuntu jammy/main amd64 emacsen-common all 3.0.4 [14.9 kB]
Get:129 http://archive.ubuntu.com/ubuntu jammy-updates/main amd64 cmake-data all 3.22.1-1ubuntu1.22.04.2 [1913 kB]
Get:130 http://archive.ubuntu.com/ubuntu jammy-updates/main amd64 cmake amd64 3.22.1-1ubuntu1.22.04.2 [5010 kB]
Get:131 http://archive.ubuntu.com/ubuntu jammy-updates/main amd64 curl amd64 7.81.0-1ubuntu1.20 [194 kB]
Get:132 http://archive.ubuntu.com/ubuntu jammy/main amd64 libglvnd0 amd64 1.4.0-1 [73.6 kB]
Get:133 http://archive.ubuntu.com/ubuntu jammy-updates/main amd64 libglapi-mesa amd64 23.2.1-1ubuntu3.1~22.04.3 [35.4 kB]
Get:134 http://archive.ubuntu.com/ubuntu jammy-updates/main amd64 libx11-xcb1 amd64 2:1.7.5-1ubuntu0.3 [7802 B]
Get:135 http://archive.ubuntu.com/ubuntu jammy/main amd64 libxcb-dri2-0 amd64 1.14-3ubuntu3 [7206 B]
Get:136 http://archive.ubuntu.com/ubuntu jammy/main amd64 libxcb-dri3-0 amd64 1.14-3ubuntu3 [6968 B]
Get:137 http://archive.ubuntu.com/ubuntu jammy/main amd64 libxcb-glx0 amd64 1.14-3ubuntu3 [25.9 kB]
Get:138 http://archive.ubuntu.com/ubuntu jammy/main amd64 libxcb-present0 amd64 1.14-3ubuntu3 [5734 B]
Get:139 http://archive.ubuntu.com/ubuntu jammy/main amd64 libxcb-randr0 amd64 1.14-3ubuntu3 [18.3 kB]
Get:140 http://archive.ubuntu.com/ubuntu jammy/main amd64 libxcb-shm0 amd64 1.14-3ubuntu3 [5780 B]
Get:141 http://archive.ubuntu.com/ubuntu jammy/main amd64 libxcb-sync1 amd64 1.14-3ubuntu3 [9416 B]
Get:142 http://archive.ubuntu.com/ubuntu jammy/main amd64 libxcb-xfixes0 amd64 1.14-3ubuntu3 [9996 B]
Get:143 http://archive.ubuntu.com/ubuntu jammy/main amd64 libxfixes3 amd64 1:6.0.0-1 [11.7 kB]
Get:144 http://archive.ubuntu.com/ubuntu jammy/main amd64 libxshmfence1 amd64 1.3-1build4 [5394 B]
Get:145 http://archive.ubuntu.com/ubuntu jammy/main amd64 libxxf86vm1 amd64 1:1.1.4-1build3 [10.4 kB]
Get:146 http://archive.ubuntu.com/ubuntu jammy-updates/main amd64 libdrm-amdgpu1 amd64 2.4.113-2~ubuntu0.22.04.1 [19.9 kB]
Get:147 http://archive.ubuntu.com/ubuntu jammy/main amd64 libpciaccess0 amd64 0.16-3 [19.1 kB]
Get:148 http://archive.ubuntu.com/ubuntu jammy-updates/main amd64 libdrm-intel1 amd64 2.4.113-2~ubuntu0.22.04.1 [66.7 kB]
Get:149 http://archive.ubuntu.com/ubuntu jammy-updates/main amd64 libdrm-nouveau2 amd64 2.4.113-2~ubuntu0.22.04.1 [17.5 kB]
Get:150 http://archive.ubuntu.com/ubuntu jammy-updates/main amd64 libdrm-radeon1 amd64 2.4.113-2~ubuntu0.22.04.1 [21.6 kB]
Get:151 http://archive.ubuntu.com/ubuntu jammy-updates/main amd64 libllvm15 amd64 1:15.0.7-0ubuntu0.22.04.3 [25.4 MB]
Get:152 http://archive.ubuntu.com/ubuntu jammy/main amd64 libsensors-config all 1:3.6.0-7ubuntu1 [5274 B]
Get:153 http://archive.ubuntu.com/ubuntu jammy/main amd64 libsensors5 amd64 1:3.6.0-7ubuntu1 [26.3 kB]
Get:154 http://archive.ubuntu.com/ubuntu jammy-updates/main amd64 libgl1-mesa-dri amd64 23.2.1-1ubuntu3.1~22.04.3 [8860 kB]
Get:155 http://archive.ubuntu.com/ubuntu jammy-updates/main amd64 libglx-mesa0 amd64 23.2.1-1ubuntu3.1~22.04.3 [158 kB]
Get:156 http://archive.ubuntu.com/ubuntu jammy/main amd64 libglx0 amd64 1.4.0-1 [41.0 kB]
Get:157 http://archive.ubuntu.com/ubuntu jammy/main amd64 libgl1 amd64 1.4.0-1 [110 kB]
Get:158 http://archive.ubuntu.com/ubuntu jammy/main amd64 libxi6 amd64 2:1.8-1build1 [32.6 kB]
Get:159 http://archive.ubuntu.com/ubuntu jammy/universe amd64 freeglut3 amd64 2.8.1-6 [74.0 kB]
Get:160 http://archive.ubuntu.com/ubuntu jammy/main amd64 xorg-sgml-doctools all 1:1.11-1.1 [10.9 kB]
Get:161 http://archive.ubuntu.com/ubuntu jammy/main amd64 x11proto-dev all 2021.5-1 [604 kB]
Get:162 http://archive.ubuntu.com/ubuntu jammy/main amd64 libxau-dev amd64 1:1.0.9-1build5 [9724 B]
Get:163 http://archive.ubuntu.com/ubuntu jammy/main amd64 libxdmcp-dev amd64 1:1.1.3-0ubuntu5 [26.5 kB]
Get:164 http://archive.ubuntu.com/ubuntu jammy/main amd64 xtrans-dev all 1.4.0-1 [68.9 kB]
Get:165 http://archive.ubuntu.com/ubuntu jammy/main amd64 libpthread-stubs0-dev amd64 0.4-1build2 [5516 B]
Get:166 http://archive.ubuntu.com/ubuntu jammy/main amd64 libxcb1-dev amd64 1.14-3ubuntu3 [86.5 kB]
Get:167 http://archive.ubuntu.com/ubuntu jammy-updates/main amd64 libx11-dev amd64 2:1.7.5-1ubuntu0.3 [744 kB]
Get:168 http://archive.ubuntu.com/ubuntu jammy/main amd64 libglx-dev amd64 1.4.0-1 [14.1 kB]
Get:169 http://archive.ubuntu.com/ubuntu jammy/main amd64 libgl-dev amd64 1.4.0-1 [101 kB]
Get:170 http://archive.ubuntu.com/ubuntu jammy/main amd64 libglvnd-core-dev amd64 1.4.0-1 [12.7 kB]
Get:171 http://archive.ubuntu.com/ubuntu jammy-updates/main amd64 libwayland-server0 amd64 1.20.0-1ubuntu0.1 [34.3 kB]
Get:172 http://archive.ubuntu.com/ubuntu jammy-updates/main amd64 libgbm1 amd64 23.2.1-1ubuntu3.1~22.04.3 [33.5 kB]
Get:173 http://archive.ubuntu.com/ubuntu jammy-updates/main amd64 libwayland-client0 amd64 1.20.0-1ubuntu0.1 [25.9 kB]
Get:174 http://archive.ubuntu.com/ubuntu jammy-updates/main amd64 libegl-mesa0 amd64 23.2.1-1ubuntu3.1~22.04.3 [118 kB]
Get:175 http://archive.ubuntu.com/ubuntu jammy/main amd64 libegl1 amd64 1.4.0-1 [28.6 kB]
Get:176 http://archive.ubuntu.com/ubuntu jammy/main amd64 libegl-dev amd64 1.4.0-1 [18.0 kB]
Get:177 http://archive.ubuntu.com/ubuntu jammy/main amd64 libgles1 amd64 1.4.0-1 [11.5 kB]
Get:178 http://archive.ubuntu.com/ubuntu jammy/main amd64 libgles2 amd64 1.4.0-1 [18.0 kB]
Get:179 http://archive.ubuntu.com/ubuntu jammy/main amd64 libgles-dev amd64 1.4.0-1 [49.4 kB]
Get:180 http://archive.ubuntu.com/ubuntu jammy/main amd64 libopengl0 amd64 1.4.0-1 [36.5 kB]
Get:181 http://archive.ubuntu.com/ubuntu jammy/main amd64 libopengl-dev amd64 1.4.0-1 [3400 B]
Get:182 http://archive.ubuntu.com/ubuntu jammy/main amd64 libglvnd-dev amd64 1.4.0-1 [3162 B]
Get:183 http://archive.ubuntu.com/ubuntu jammy-updates/main amd64 libgl1-mesa-dev amd64 23.2.1-1ubuntu3.1~22.04.3 [6848 B]
Get:184 http://archive.ubuntu.com/ubuntu jammy/main amd64 libglu1-mesa amd64 9.0.2-1 [145 kB]
Get:185 http://archive.ubuntu.com/ubuntu jammy/main amd64 libglu1-mesa-dev amd64 9.0.2-1 [231 kB]
Get:186 http://archive.ubuntu.com/ubuntu jammy/main amd64 libxext-dev amd64 2:1.3.4-1build1 [84.7 kB]
Get:187 http://archive.ubuntu.com/ubuntu jammy/main amd64 x11-common all 1:7.7+23ubuntu2 [23.4 kB]
Get:188 http://archive.ubuntu.com/ubuntu jammy/main amd64 libice6 amd64 2:1.0.10-1build2 [42.6 kB]
Get:189 http://archive.ubuntu.com/ubuntu jammy/main amd64 libsm6 amd64 2:1.2.3-1build2 [16.7 kB]
Get:190 http://archive.ubuntu.com/ubuntu jammy/main amd64 libxt6 amd64 1:1.2.1-1 [177 kB]
Get:191 http://archive.ubuntu.com/ubuntu jammy/main amd64 libice-dev amd64 2:1.0.10-1build2 [51.4 kB]
Get:192 http://archive.ubuntu.com/ubuntu jammy/main amd64 libsm-dev amd64 2:1.2.3-1build2 [18.1 kB]
Get:193 http://archive.ubuntu.com/ubuntu jammy/main amd64 libxt-dev amd64 1:1.2.1-1 [396 kB]
Get:194 http://archive.ubuntu.com/ubuntu jammy/universe amd64 freeglut3-dev amd64 2.8.1-6 [126 kB]
Get:195 http://archive.ubuntu.com/ubuntu jammy-updates/main amd64 libgfortran5 amd64 12.3.0-1ubuntu1~22.04 [879 kB]
Get:196 http://archive.ubuntu.com/ubuntu jammy-updates/main amd64 libgfortran-11-dev amd64 11.4.0-1ubuntu1~22.04 [842 kB]
Get:197 http://archive.ubuntu.com/ubuntu jammy-updates/main amd64 gfortran-11 amd64 11.4.0-1ubuntu1~22.04 [11.2 MB]
Get:198 http://archive.ubuntu.com/ubuntu jammy/main amd64 gfortran amd64 4:11.2.0-1ubuntu1 [1182 B]
Get:199 http://archive.ubuntu.com/ubuntu jammy-updates/main amd64 libpackagekit-glib2-18 amd64 1.2.5-2ubuntu3 [124 kB]
Get:200 http://archive.ubuntu.com/ubuntu jammy-updates/main amd64 gir1.2-packagekitglib-1.0 amd64 1.2.5-2ubuntu3 [25.3 kB]
Get:201 http://archive.ubuntu.com/ubuntu jammy-updates/main amd64 libcurl3-gnutls amd64 7.81.0-1ubuntu1.20 [284 kB]
Get:202 http://archive.ubuntu.com/ubuntu jammy/main amd64 liberror-perl all 0.17029-1 [26.5 kB]
Get:203 http://archive.ubuntu.com/ubuntu jammy-updates/main amd64 git-man all 1:2.34.1-1ubuntu1.15 [955 kB]
Get:204 http://archive.ubuntu.com/ubuntu jammy-updates/main amd64 git amd64 1:2.34.1-1ubuntu1.15 [3166 kB]
Get:205 http://archive.ubuntu.com/ubuntu jammy/main amd64 libassuan0 amd64 2.5.5-1build1 [38.2 kB]
Get:206 http://archive.ubuntu.com/ubuntu jammy-updates/main amd64 gpgconf amd64 2.2.27-3ubuntu2.4 [94.5 kB]
Get:207 http://archive.ubuntu.com/ubuntu jammy-updates/main amd64 gpg amd64 2.2.27-3ubuntu2.4 [518 kB]
Get:208 http://archive.ubuntu.com/ubuntu jammy/main amd64 libnl-3-200 amd64 3.5.0-0.1 [59.1 kB]
Get:209 http://archive.ubuntu.com/ubuntu jammy/main amd64 libnl-route-3-200 amd64 3.5.0-0.1 [180 kB]
Get:210 http://archive.ubuntu.com/ubuntu jammy/main amd64 libibverbs1 amd64 39.0-1 [69.3 kB]
Get:211 http://archive.ubuntu.com/ubuntu jammy/main amd64 ibverbs-providers amd64 39.0-1 [341 kB]
Get:212 http://archive.ubuntu.com/ubuntu jammy/main amd64 icu-devtools amd64 70.1-2 [197 kB]
Get:213 http://archive.ubuntu.com/ubuntu jammy/main amd64 libstemmer0d amd64 2.2.0-1build1 [165 kB]
Get:214 http://archive.ubuntu.com/ubuntu jammy/main amd64 libxmlb2 amd64 0.3.6-2build1 [67.8 kB]
Get:215 http://archive.ubuntu.com/ubuntu jammy/main amd64 libappstream4 amd64 0.15.2-2 [192 kB]
Get:216 http://archive.ubuntu.com/ubuntu jammy/main amd64 libblas3 amd64 3.10.0-2ubuntu1 [228 kB]
Get:217 http://archive.ubuntu.com/ubuntu jammy/main amd64 libblas-dev amd64 3.10.0-2ubuntu1 [164 kB]
Get:218 http://archive.ubuntu.com/ubuntu jammy/main amd64 libboost1.74-dev amd64 1.74.0-14ubuntu3 [9609 kB]
Get:219 http://archive.ubuntu.com/ubuntu jammy/main amd64 libboost-dev amd64 1.74.0.3ubuntu7 [3490 B]
Get:220 http://archive.ubuntu.com/ubuntu jammy/main amd64 libboost1.74-tools-dev amd64 1.74.0-14ubuntu3 [1351 kB]
Get:221 http://archive.ubuntu.com/ubuntu jammy/universe amd64 libboost-tools-dev amd64 1.74.0.3ubuntu7 [3428 B]
Get:222 http://archive.ubuntu.com/ubuntu jammy/main amd64 libboost-atomic1.74.0 amd64 1.74.0-14ubuntu3 [224 kB]
Get:223 http://archive.ubuntu.com/ubuntu jammy/main amd64 libboost-atomic1.74-dev amd64 1.74.0-14ubuntu3 [221 kB]
Get:224 http://archive.ubuntu.com/ubuntu jammy/universe amd64 libboost-atomic-dev amd64 1.74.0.3ubuntu7 [3544 B]
Get:225 http://archive.ubuntu.com/ubuntu jammy/main amd64 libboost-chrono1.74.0 amd64 1.74.0-14ubuntu3 [232 kB]
Get:226 http://archive.ubuntu.com/ubuntu jammy/main amd64 libboost-chrono1.74-dev amd64 1.74.0-14ubuntu3 [239 kB]
Get:227 http://archive.ubuntu.com/ubuntu jammy/universe amd64 libboost-chrono-dev amd64 1.74.0.3ubuntu7 [3854 B]
Get:228 http://archive.ubuntu.com/ubuntu jammy/universe amd64 libboost-container1.74.0 amd64 1.74.0-14ubuntu3 [246 kB]
Get:229 http://archive.ubuntu.com/ubuntu jammy/universe amd64 libboost-container1.74-dev amd64 1.74.0-14ubuntu3 [254 kB]
Get:230 http://archive.ubuntu.com/ubuntu jammy/universe amd64 libboost-container-dev amd64 1.74.0.3ubuntu7 [3712 B]
Get:231 http://archive.ubuntu.com/ubuntu jammy/main amd64 libboost-date-time1.74.0 amd64 1.74.0-14ubuntu3 [221 kB]
Get:232 http://archive.ubuntu.com/ubuntu jammy/main amd64 libboost-serialization1.74.0 amd64 1.74.0-14ubuntu3 [327 kB]
Get:233 http://archive.ubuntu.com/ubuntu jammy/main amd64 libboost-serialization1.74-dev amd64 1.74.0-14ubuntu3 [375 kB]
Get:234 http://archive.ubuntu.com/ubuntu jammy/main amd64 libboost-date-time1.74-dev amd64 1.74.0-14ubuntu3 [226 kB]
Get:235 http://archive.ubuntu.com/ubuntu jammy/main amd64 libboost-system1.74.0 amd64 1.74.0-14ubuntu3 [221 kB]
Get:236 http://archive.ubuntu.com/ubuntu jammy/main amd64 libboost-system1.74-dev amd64 1.74.0-14ubuntu3 [218 kB]
Get:237 http://archive.ubuntu.com/ubuntu jammy/main amd64 libboost-thread1.74.0 amd64 1.74.0-14ubuntu3 [262 kB]
Get:238 http://archive.ubuntu.com/ubuntu jammy/main amd64 libboost-thread1.74-dev amd64 1.74.0-14ubuntu3 [272 kB]
Get:239 http://archive.ubuntu.com/ubuntu jammy/main amd64 libboost-context1.74.0 amd64 1.74.0-14ubuntu3 [223 kB]
Get:240 http://archive.ubuntu.com/ubuntu jammy/universe amd64 libboost-context1.74-dev amd64 1.74.0-14ubuntu3 [220 kB]
Get:241 http://archive.ubuntu.com/ubuntu jammy/universe amd64 libboost-context-dev amd64 1.74.0.3ubuntu7 [3456 B]
Get:242 http://archive.ubuntu.com/ubuntu jammy/universe amd64 libboost-coroutine1.74.0 amd64 1.74.0-14ubuntu3 [235 kB]
Get:243 http://archive.ubuntu.com/ubuntu jammy/universe amd64 libboost-coroutine1.74-dev amd64 1.74.0-14ubuntu3 [244 kB]
Get:244 http://archive.ubuntu.com/ubuntu jammy/universe amd64 libboost-coroutine-dev amd64 1.74.0.3ubuntu7 [3520 B]
Get:245 http://archive.ubuntu.com/ubuntu jammy/universe amd64 libboost-date-time-dev amd64 1.74.0.3ubuntu7 [3248 B]
Get:246 http://archive.ubuntu.com/ubuntu jammy/universe amd64 libboost-exception1.74-dev amd64 1.74.0-14ubuntu3 [217 kB]
Get:247 http://archive.ubuntu.com/ubuntu jammy/universe amd64 libboost-exception-dev amd64 1.74.0.3ubuntu7 [3250 B]
Get:248 http://archive.ubuntu.com/ubuntu jammy/main amd64 libboost-filesystem1.74.0 amd64 1.74.0-14ubuntu3 [264 kB]
Get:249 http://archive.ubuntu.com/ubuntu jammy/main amd64 libboost-filesystem1.74-dev amd64 1.74.0-14ubuntu3 [287 kB]
Get:250 http://archive.ubuntu.com/ubuntu jammy/universe amd64 libboost-fiber1.74.0 amd64 1.74.0-14ubuntu3 [242 kB]
Get:251 http://archive.ubuntu.com/ubuntu jammy/universe amd64 libboost-fiber1.74-dev amd64 1.74.0-14ubuntu3 [254 kB]
Get:252 http://archive.ubuntu.com/ubuntu jammy/universe amd64 libboost-fiber-dev amd64 1.74.0.3ubuntu7 [3674 B]
Get:253 http://archive.ubuntu.com/ubuntu jammy/main amd64 libboost-filesystem-dev amd64 1.74.0.3ubuntu7 [3280 B]
Get:254 http://archive.ubuntu.com/ubuntu jammy/main amd64 libboost-regex1.74.0 amd64 1.74.0-14ubuntu3 [511 kB]
Get:255 http://archive.ubuntu.com/ubuntu jammy/universe amd64 libboost-graph1.74.0 amd64 1.74.0-14ubuntu3 [304 kB]
Get:256 http://archive.ubuntu.com/ubuntu jammy/main amd64 libicu-dev amd64 70.1-2 [11.6 MB]
Get:257 http://archive.ubuntu.com/ubuntu jammy/main amd64 libboost-regex1.74-dev amd64 1.74.0-14ubuntu3 [596 kB]
Get:258 http://archive.ubuntu.com/ubuntu jammy/universe amd64 libboost-test1.74.0 amd64 1.74.0-14ubuntu3 [446 kB]
Get:259 http://archive.ubuntu.com/ubuntu jammy/universe amd64 libboost-test1.74-dev amd64 1.74.0-14ubuntu3 [564 kB]
Get:260 http://archive.ubuntu.com/ubuntu jammy/universe amd64 libboost-graph1.74-dev amd64 1.74.0-14ubuntu3 [335 kB]
Get:261 http://archive.ubuntu.com/ubuntu jammy/universe amd64 libboost-graph-dev amd64 1.74.0.3ubuntu7 [3348 B]
Get:262 http://archive.ubuntu.com/ubuntu jammy/main amd64 libevent-core-2.1-7 amd64 2.1.12-stable-1build3 [93.9 kB]
Get:263 http://archive.ubuntu.com/ubuntu jammy/main amd64 libevent-pthreads-2.1-7 amd64 2.1.12-stable-1build3 [7642 B]
Get:264 http://archive.ubuntu.com/ubuntu jammy/universe amd64 libpsm-infinipath1 amd64 3.3+20.604758e7-6.1 [170 kB]
Get:265 http://archive.ubuntu.com/ubuntu jammy/universe amd64 libpsm2-2 amd64 11.2.185-1 [182 kB]
Get:266 http://archive.ubuntu.com/ubuntu jammy/main amd64 librdmacm1 amd64 39.0-1 [71.2 kB]
Get:267 http://archive.ubuntu.com/ubuntu jammy/universe amd64 libfabric1 amd64 1.11.0-3 [558 kB]
Get:268 http://archive.ubuntu.com/ubuntu jammy-updates/universe amd64 libhwloc15 amd64 2.7.0-2ubuntu1 [159 kB]
Get:269 http://archive.ubuntu.com/ubuntu jammy/main amd64 libxnvctrl0 amd64 510.47.03-0ubuntu1 [11.5 kB]
Get:270 http://archive.ubuntu.com/ubuntu jammy/universe amd64 ocl-icd-libopencl1 amd64 2.2.14-3 [39.1 kB]
Get:271 http://archive.ubuntu.com/ubuntu jammy-updates/universe amd64 libhwloc-plugins amd64 2.7.0-2ubuntu1 [15.6 kB]
Get:272 http://archive.ubuntu.com/ubuntu jammy/universe amd64 libpmix2 amd64 4.1.2-2ubuntu1 [604 kB]
Get:273 http://archive.ubuntu.com/ubuntu jammy/universe amd64 libucx0 amd64 1.12.1~rc2-1 [891 kB]
Get:274 http://archive.ubuntu.com/ubuntu jammy/universe amd64 libopenmpi3 amd64 4.1.2-2ubuntu1 [2594 kB]
Get:275 http://archive.ubuntu.com/ubuntu jammy/universe amd64 libboost-mpi1.74.0 amd64 1.74.0-14ubuntu3 [259 kB]
Get:276 http://archive.ubuntu.com/ubuntu jammy/universe amd64 libboost-graph-parallel1.74.0 amd64 1.74.0-14ubuntu3 [266 kB]
Get:277 http://archive.ubuntu.com/ubuntu jammy/universe amd64 libboost-graph-parallel1.74-dev amd64 1.74.0-14ubuntu3 [277 kB]
Get:278 http://archive.ubuntu.com/ubuntu jammy/universe amd64 libboost-graph-parallel-dev amd64 1.74.0.3ubuntu7 [3384 B]
Get:279 http://archive.ubuntu.com/ubuntu jammy/main amd64 libboost-iostreams1.74.0 amd64 1.74.0-14ubuntu3 [245 kB]
Get:280 http://archive.ubuntu.com/ubuntu jammy/universe amd64 libboost-iostreams1.74-dev amd64 1.74.0-14ubuntu3 [252 kB]
Get:281 http://archive.ubuntu.com/ubuntu jammy/universe amd64 libboost-iostreams-dev amd64 1.74.0.3ubuntu7 [3238 B]
Get:282 http://archive.ubuntu.com/ubuntu jammy/main amd64 libboost-locale1.74.0 amd64 1.74.0-14ubuntu3 [413 kB]
Get:283 http://archive.ubuntu.com/ubuntu jammy/universe amd64 libboost-locale1.74-dev amd64 1.74.0-14ubuntu3 [594 kB]
Get:284 http://archive.ubuntu.com/ubuntu jammy/universe amd64 libboost-locale-dev amd64 1.74.0.3ubuntu7 [3572 B]
Get:285 http://archive.ubuntu.com/ubuntu jammy/universe amd64 libboost-log1.74.0 amd64 1.74.0-14ubuntu3 [592 kB]
Get:286 http://archive.ubuntu.com/ubuntu jammy/universe amd64 libboost-log1.74-dev amd64 1.74.0-14ubuntu3 [853 kB]
Get:287 http://archive.ubuntu.com/ubuntu jammy/universe amd64 libboost-log-dev amd64 1.74.0.3ubuntu7 [3446 B]
Get:288 http://archive.ubuntu.com/ubuntu jammy/universe amd64 libboost-math1.74.0 amd64 1.74.0-14ubuntu3 [423 kB]
Get:289 http://archive.ubuntu.com/ubuntu jammy/universe amd64 libboost-math1.74-dev amd64 1.74.0-14ubuntu3 [620 kB]
Get:290 http://archive.ubuntu.com/ubuntu jammy/universe amd64 libboost-math-dev amd64 1.74.0.3ubuntu7 [3454 B]
Get:291 http://archive.ubuntu.com/ubuntu jammy/universe amd64 openmpi-common all 4.1.2-2ubuntu1 [162 kB]
Get:292 http://archive.ubuntu.com/ubuntu jammy/main amd64 libnl-3-dev amd64 3.5.0-0.1 [101 kB]
Get:293 http://archive.ubuntu.com/ubuntu jammy/main amd64 libnl-route-3-dev amd64 3.5.0-0.1 [202 kB]
Get:294 http://archive.ubuntu.com/ubuntu jammy/main amd64 libibverbs-dev amd64 39.0-1 [628 kB]
Get:295 http://archive.ubuntu.com/ubuntu jammy/main amd64 libnuma-dev amd64 2.0.14-3ubuntu2 [35.9 kB]
Get:296 http://archive.ubuntu.com/ubuntu jammy/main amd64 libltdl7 amd64 2.4.6-15build2 [39.6 kB]
Get:297 http://archive.ubuntu.com/ubuntu jammy/main amd64 libltdl-dev amd64 2.4.6-15build2 [169 kB]
Get:298 http://archive.ubuntu.com/ubuntu jammy-updates/universe amd64 libhwloc-dev amd64 2.7.0-2ubuntu1 [256 kB]
Get:299 http://archive.ubuntu.com/ubuntu jammy/main amd64 libevent-2.1-7 amd64 2.1.12-stable-1build3 [148 kB]
Get:300 http://archive.ubuntu.com/ubuntu jammy/main amd64 libevent-extra-2.1-7 amd64 2.1.12-stable-1build3 [65.4 kB]
Get:301 http://archive.ubuntu.com/ubuntu jammy/main amd64 libevent-openssl-2.1-7 amd64 2.1.12-stable-1build3 [15.8 kB]
Get:302 http://archive.ubuntu.com/ubuntu jammy/main amd64 libevent-dev amd64 2.1.12-stable-1build3 [278 kB]
Get:303 http://archive.ubuntu.com/ubuntu jammy-updates/main amd64 zlib1g-dev amd64 1:1.2.11.dfsg-2ubuntu9.2 [164 kB]
Get:304 http://archive.ubuntu.com/ubuntu jammy/universe amd64 libpmix-dev amd64 4.1.2-2ubuntu1 [805 kB]
Get:305 http://archive.ubuntu.com/ubuntu jammy/main amd64 libjs-jquery all 3.6.0+dfsg+~3.5.13-1 [321 kB]
Get:306 http://archive.ubuntu.com/ubuntu jammy/universe amd64 libjs-jquery-ui all 1.13.1+dfsg-1 [253 kB]
Get:307 http://archive.ubuntu.com/ubuntu jammy/universe amd64 openmpi-bin amd64 4.1.2-2ubuntu1 [116 kB]
Get:308 http://archive.ubuntu.com/ubuntu jammy/universe amd64 libopenmpi-dev amd64 4.1.2-2ubuntu1 [867 kB]
Get:309 http://archive.ubuntu.com/ubuntu jammy/universe amd64 mpi-default-dev amd64 1.14 [3698 B]
Get:310 http://archive.ubuntu.com/ubuntu jammy/universe amd64 libboost-mpi1.74-dev amd64 1.74.0-14ubuntu3 [285 kB]
Get:311 http://archive.ubuntu.com/ubuntu jammy/universe amd64 libboost-mpi-dev amd64 1.74.0.3ubuntu7 [3328 B]
Get:312 http://archive.ubuntu.com/ubuntu jammy/main amd64 libboost-python1.74.0 amd64 1.74.0-14ubuntu3 [299 kB]
Get:313 http://archive.ubuntu.com/ubuntu jammy/universe amd64 mpi-default-bin amd64 1.14 [2898 B]
Get:314 http://archive.ubuntu.com/ubuntu jammy/universe amd64 libboost-mpi-python1.74.0 amd64 1.74.0-14ubuntu3 [351 kB]
Get:315 http://archive.ubuntu.com/ubuntu jammy/universe amd64 libboost-mpi-python1.74-dev amd64 1.74.0-14ubuntu3 [225 kB]
Get:316 http://archive.ubuntu.com/ubuntu jammy/universe amd64 libboost-mpi-python-dev amd64 1.74.0.3ubuntu7 [3382 B]
Get:317 http://archive.ubuntu.com/ubuntu jammy/universe amd64 libboost-numpy1.74.0 amd64 1.74.0-14ubuntu3 [229 kB]
Get:318 http://archive.ubuntu.com/ubuntu jammy/universe amd64 libboost-numpy1.74-dev amd64 1.74.0-14ubuntu3 [233 kB]
Get:319 http://archive.ubuntu.com/ubuntu jammy/universe amd64 libboost-numpy-dev amd64 1.74.0.3ubuntu7 [3286 B]
Get:320 http://archive.ubuntu.com/ubuntu jammy/main amd64 libboost-program-options1.74.0 amd64 1.74.0-14ubuntu3 [311 kB]
Get:321 http://archive.ubuntu.com/ubuntu jammy/main amd64 libboost-program-options1.74-dev amd64 1.74.0-14ubuntu3 [380 kB]
Get:322 http://archive.ubuntu.com/ubuntu jammy/main amd64 libboost-program-options-dev amd64 1.74.0.3ubuntu7 [3266 B]
Get:323 http://archive.ubuntu.com/ubuntu jammy-updates/main amd64 libpython3.10 amd64 3.10.12-1~22.04.10 [1950 kB]
Get:324 http://archive.ubuntu.com/ubuntu jammy-updates/main amd64 libexpat1-dev amd64 2.4.7-1ubuntu0.6 [148 kB]
Get:325 http://archive.ubuntu.com/ubuntu jammy-updates/main amd64 libpython3.10-dev amd64 3.10.12-1~22.04.10 [4763 kB]
Get:326 http://archive.ubuntu.com/ubuntu jammy-updates/main amd64 libpython3-dev amd64 3.10.6-1~22.04.1 [7064 B]
Get:327 http://archive.ubuntu.com/ubuntu jammy-updates/main amd64 python3.10-dev amd64 3.10.12-1~22.04.10 [508 kB]
Get:328 http://archive.ubuntu.com/ubuntu jammy-updates/main amd64 python3-lib2to3 all 3.10.8-1~22.04 [77.6 kB]
Get:329 http://archive.ubuntu.com/ubuntu jammy-updates/main amd64 python3-distutils all 3.10.8-1~22.04 [139 kB]
Get:330 http://archive.ubuntu.com/ubuntu jammy/main amd64 libjs-underscore all 1.13.2~dfsg-2 [118 kB]
Get:331 http://archive.ubuntu.com/ubuntu jammy/main amd64 libjs-sphinxdoc all 4.3.2-1 [139 kB]
Get:332 http://archive.ubuntu.com/ubuntu jammy-updates/main amd64 python3-dev amd64 3.10.6-1~22.04.1 [26.0 kB]
Get:333 http://archive.ubuntu.com/ubuntu jammy/universe amd64 libboost-python1.74-dev amd64 1.74.0-14ubuntu3 [323 kB]
Get:334 http://archive.ubuntu.com/ubuntu jammy/universe amd64 libboost-python-dev amd64 1.74.0.3ubuntu7 [3538 B]
Get:335 http://archive.ubuntu.com/ubuntu jammy/universe amd64 libboost-random1.74.0 amd64 1.74.0-14ubuntu3 [231 kB]
Get:336 http://archive.ubuntu.com/ubuntu jammy/universe amd64 libboost-random1.74-dev amd64 1.74.0-14ubuntu3 [231 kB]
Get:337 http://archive.ubuntu.com/ubuntu jammy/universe amd64 libboost-random-dev amd64 1.74.0.3ubuntu7 [3258 B]
Get:338 http://archive.ubuntu.com/ubuntu jammy/main amd64 libboost-regex-dev amd64 1.74.0.3ubuntu7 [3510 B]
Get:339 http://archive.ubuntu.com/ubuntu jammy/universe amd64 libboost-serialization-dev amd64 1.74.0.3ubuntu7 [3468 B]
Get:340 http://archive.ubuntu.com/ubuntu jammy/universe amd64 libboost-stacktrace1.74.0 amd64 1.74.0-14ubuntu3 [267 kB]
Get:341 http://archive.ubuntu.com/ubuntu jammy/universe amd64 libboost-stacktrace1.74-dev amd64 1.74.0-14ubuntu3 [232 kB]
Get:342 http://archive.ubuntu.com/ubuntu jammy/universe amd64 libboost-stacktrace-dev amd64 1.74.0.3ubuntu7 [3260 B]
Get:343 http://archive.ubuntu.com/ubuntu jammy/main amd64 libboost-system-dev amd64 1.74.0.3ubuntu7 [3390 B]
Get:344 http://archive.ubuntu.com/ubuntu jammy/universe amd64 libboost-test-dev amd64 1.74.0.3ubuntu7 [3274 B]
Get:345 http://archive.ubuntu.com/ubuntu jammy/main amd64 libboost-thread-dev amd64 1.74.0.3ubuntu7 [3266 B]
Get:346 http://archive.ubuntu.com/ubuntu jammy/universe amd64 libboost-timer1.74.0 amd64 1.74.0-14ubuntu3 [228 kB]
Get:347 http://archive.ubuntu.com/ubuntu jammy/universe amd64 libboost-timer1.74-dev amd64 1.74.0-14ubuntu3 [231 kB]
Get:348 http://archive.ubuntu.com/ubuntu jammy/universe amd64 libboost-timer-dev amd64 1.74.0.3ubuntu7 [3380 B]
Get:349 http://archive.ubuntu.com/ubuntu jammy/universe amd64 libboost-type-erasure1.74.0 amd64 1.74.0-14ubuntu3 [234 kB]
Get:350 http://archive.ubuntu.com/ubuntu jammy/universe amd64 libboost-type-erasure1.74-dev amd64 1.74.0-14ubuntu3 [239 kB]
Get:351 http://archive.ubuntu.com/ubuntu jammy/universe amd64 libboost-type-erasure-dev amd64 1.74.0.3ubuntu7 [3344 B]
Get:352 http://archive.ubuntu.com/ubuntu jammy/universe amd64 libboost-wave1.74.0 amd64 1.74.0-14ubuntu3 [449 kB]
Get:353 http://archive.ubuntu.com/ubuntu jammy/universe amd64 libboost-wave1.74-dev amd64 1.74.0-14ubuntu3 [496 kB]
Get:354 http://archive.ubuntu.com/ubuntu jammy/universe amd64 libboost-wave-dev amd64 1.74.0.3ubuntu7 [3292 B]
Get:355 http://archive.ubuntu.com/ubuntu jammy/universe amd64 libboost-nowide1.74.0 amd64 1.74.0-14ubuntu3 [223 kB]
Get:356 http://archive.ubuntu.com/ubuntu jammy/universe amd64 libboost-nowide1.74-dev amd64 1.74.0-14ubuntu3 [220 kB]
Get:357 http://archive.ubuntu.com/ubuntu jammy/universe amd64 libboost-nowide-dev amd64 1.74.0.3ubuntu7 [3322 B]
Get:358 http://archive.ubuntu.com/ubuntu jammy/universe amd64 libboost-all-dev amd64 1.74.0.3ubuntu7 [2268 B]
Get:359 http://archive.ubuntu.com/ubuntu jammy-updates/main amd64 libdw1 amd64 0.186-1ubuntu0.1 [251 kB]
Get:360 http://archive.ubuntu.com/ubuntu jammy/universe amd64 libgflags2.2 amd64 2.2.2-2 [78.1 kB]
Get:361 http://archive.ubuntu.com/ubuntu jammy/universe amd64 libgflags-dev amd64 2.2.2-2 [93.7 kB]
Get:362 http://archive.ubuntu.com/ubuntu jammy/universe amd64 libglew2.2 amd64 2.2.0-4 [196 kB]
Get:363 http://archive.ubuntu.com/ubuntu jammy/universe amd64 libglew-dev amd64 2.2.0-4 [287 kB]
Get:364 http://archive.ubuntu.com/ubuntu jammy-updates/main amd64 libglib2.0-bin amd64 2.72.4-0ubuntu2.5 [81.2 kB]
Get:365 http://archive.ubuntu.com/ubuntu jammy-updates/main amd64 libunwind8 amd64 1.3.2-2build2.1 [54.5 kB]
Get:366 http://archive.ubuntu.com/ubuntu jammy/universe amd64 libgoogle-glog0v5 amd64 0.5.0+really0.4.0-2 [60.3 kB]
Get:367 http://archive.ubuntu.com/ubuntu jammy/main amd64 liblzma-dev amd64 5.2.5-2ubuntu1 [159 kB]
Get:368 http://archive.ubuntu.com/ubuntu jammy-updates/main amd64 libunwind-dev amd64 1.3.2-2build2.1 [1883 kB]
Get:369 http://archive.ubuntu.com/ubuntu jammy/universe amd64 libgoogle-glog-dev amd64 0.5.0+really0.4.0-2 [91.9 kB]
Get:370 http://archive.ubuntu.com/ubuntu jammy-updates/main amd64 libgstreamer1.0-0 amd64 1.20.3-0ubuntu1.1 [984 kB]
Get:371 http://archive.ubuntu.com/ubuntu jammy/universe amd64 libopenblas0-pthread amd64 0.3.20+ds-1 [6803 kB]
Get:372 http://archive.ubuntu.com/ubuntu jammy/main amd64 liblapack3 amd64 3.10.0-2ubuntu1 [2504 kB]
Get:373 http://archive.ubuntu.com/ubuntu jammy/universe amd64 libopenblas-pthread-dev amd64 0.3.20+ds-1 [4634 kB]
Get:374 http://archive.ubuntu.com/ubuntu jammy/main amd64 liblapack-dev amd64 3.10.0-2ubuntu1 [4774 kB]
Get:375 http://archive.ubuntu.com/ubuntu jammy/universe amd64 libopenblas0 amd64 0.3.20+ds-1 [6098 B]
Get:376 http://archive.ubuntu.com/ubuntu jammy/universe amd64 libopenblas-dev amd64 0.3.20+ds-1 [18.6 kB]
Get:377 http://archive.ubuntu.com/ubuntu jammy/main amd64 libpolkit-gobject-1-0 amd64 0.105-33 [43.2 kB]
Get:378 http://archive.ubuntu.com/ubuntu jammy/main amd64 libpolkit-agent-1-0 amd64 0.105-33 [16.8 kB]
Get:379 http://archive.ubuntu.com/ubuntu jammy-updates/main amd64 libusb-1.0-0-dev amd64 2:1.0.25-1ubuntu2 [76.3 kB]
Get:380 http://archive.ubuntu.com/ubuntu jammy/main amd64 polkitd amd64 0.105-33 [80.0 kB]
Get:381 http://archive.ubuntu.com/ubuntu jammy/main amd64 pkexec amd64 0.105-33 [15.2 kB]
Get:382 http://archive.ubuntu.com/ubuntu jammy/main amd64 pkg-config amd64 0.29.2-1ubuntu3 [48.2 kB]
Get:383 http://archive.ubuntu.com/ubuntu jammy/main amd64 policykit-1 amd64 0.105-33 [2426 B]
Get:384 http://archive.ubuntu.com/ubuntu jammy/main amd64 python3-blinker all 1.4+dfsg1-0.4 [14.0 kB]
Get:385 http://archive.ubuntu.com/ubuntu jammy/main amd64 python3-cffi-backend amd64 1.15.0-1build2 [77.4 kB]
Get:386 http://archive.ubuntu.com/ubuntu jammy-updates/main amd64 python3-cryptography amd64 3.4.8-1ubuntu2.2 [236 kB]
Get:387 http://archive.ubuntu.com/ubuntu jammy/main amd64 python3-pyparsing all 2.4.7-1 [61.4 kB]
Get:388 http://archive.ubuntu.com/ubuntu jammy/main amd64 python3-httplib2 all 0.20.2-2 [30.4 kB]
Get:389 http://archive.ubuntu.com/ubuntu jammy/main amd64 python3-more-itertools all 8.10.0-2 [47.9 kB]
Get:390 http://archive.ubuntu.com/ubuntu jammy-updates/main amd64 python3-zipp all 1.0.0-3ubuntu0.1 [6288 B]
Get:391 http://archive.ubuntu.com/ubuntu jammy/main amd64 python3-importlib-metadata all 4.6.4-1 [16.2 kB]
Get:392 http://archive.ubuntu.com/ubuntu jammy/main amd64 python3-jeepney all 0.7.1-3 [36.8 kB]
Get:393 http://archive.ubuntu.com/ubuntu jammy-updates/main amd64 python3-jwt all 2.3.0-1ubuntu0.2 [17.1 kB]
Get:394 http://archive.ubuntu.com/ubuntu jammy/main amd64 python3-secretstorage all 3.3.1-1 [13.2 kB]
Get:395 http://archive.ubuntu.com/ubuntu jammy/main amd64 python3-keyring all 23.5.0-1 [35.7 kB]
Get:396 http://archive.ubuntu.com/ubuntu jammy/main amd64 python3-lazr.uri all 1.0.6-2 [14.4 kB]
Get:397 http://archive.ubuntu.com/ubuntu jammy/main amd64 python3-wadllib all 1.3.6-1 [36.4 kB]
Get:398 http://archive.ubuntu.com/ubuntu jammy/main amd64 python3-distro all 1.7.0-1 [17.0 kB]
Get:399 http://archive.ubuntu.com/ubuntu jammy-updates/main amd64 python3-oauthlib all 3.2.0-1ubuntu0.1 [89.9 kB]
Get:400 http://archive.ubuntu.com/ubuntu jammy/main amd64 python3-six all 1.16.0-3ubuntu1 [12.6 kB]
Get:401 http://archive.ubuntu.com/ubuntu jammy/main amd64 python3-lazr.restfulclient all 0.14.4-1 [51.2 kB]
Get:402 http://archive.ubuntu.com/ubuntu jammy/main amd64 python3-launchpadlib all 1.10.16-1 [125 kB]
Get:403 http://archive.ubuntu.com/ubuntu jammy-updates/main amd64 python3-setuptools all 59.6.0-1.2ubuntu0.22.04.3 [340 kB]
Get:404 http://archive.ubuntu.com/ubuntu jammy-updates/universe amd64 python3-wheel all 0.37.1-2ubuntu0.22.04.1 [32.0 kB]
Get:405 http://archive.ubuntu.com/ubuntu jammy-updates/universe amd64 python3-pip all 22.0.2+dfsg-1ubuntu0.6 [1306 kB]
Get:406 http://archive.ubuntu.com/ubuntu jammy-updates/main amd64 python3-software-properties all 0.99.22.9 [28.8 kB]
Get:407 http://archive.ubuntu.com/ubuntu jammy-updates/main amd64 packagekit amd64 1.2.5-2ubuntu3 [442 kB]
Get:408 http://archive.ubuntu.com/ubuntu jammy-updates/main amd64 software-properties-common all 0.99.22.9 [14.1 kB]
Get:409 http://archive.ubuntu.com/ubuntu jammy-updates/main amd64 unzip amd64 6.0-26ubuntu3.2 [175 kB]
Get:410 http://archive.ubuntu.com/ubuntu jammy/universe amd64 libeigen3-dev all 3.4.0-2ubuntu2 [1056 kB]
debconf: delaying package configuration, since apt-utils is not installed
Fetched 261 MB in 42s (6249 kB/s)
Selecting previously unselected package libpython3.10-minimal:amd64.
(Reading database ... (Reading database ... 5%(Reading database ... 10%(Reading database ... 15%(Reading database ... 20%(Reading database ... 25%(Reading database ... 30%(Reading database ... 35%(Reading database ... 40%(Reading database ... 45%(Reading database ... 50%(Reading database ... 55%(Reading database ... 60%(Reading database ... 65%(Reading database ... 70%(Reading database ... 75%(Reading database ... 80%(Reading database ... 85%(Reading database ... 90%(Reading database ... 95%(Reading database ... 100%(Reading database ... 4393 files and directories currently installed.)
Preparing to unpack .../libpython3.10-minimal_3.10.12-1~22.04.10_amd64.deb ...
Unpacking libpython3.10-minimal:amd64 (3.10.12-1~22.04.10) ...
Selecting previously unselected package libexpat1:amd64.
Preparing to unpack .../libexpat1_2.4.7-1ubuntu0.6_amd64.deb ...
Unpacking libexpat1:amd64 (2.4.7-1ubuntu0.6) ...
Selecting previously unselected package python3.10-minimal.
Preparing to unpack .../python3.10-minimal_3.10.12-1~22.04.10_amd64.deb ...
Unpacking python3.10-minimal (3.10.12-1~22.04.10) ...
Setting up libpython3.10-minimal:amd64 (3.10.12-1~22.04.10) ...
Setting up libexpat1:amd64 (2.4.7-1ubuntu0.6) ...
Setting up python3.10-minimal (3.10.12-1~22.04.10) ...
Selecting previously unselected package python3-minimal.
(Reading database ... (Reading database ... 5%(Reading database ... 10%(Reading database ... 15%(Reading database ... 20%(Reading database ... 25%(Reading database ... 30%(Reading database ... 35%(Reading database ... 40%(Reading database ... 45%(Reading database ... 50%(Reading database ... 55%(Reading database ... 60%(Reading database ... 65%(Reading database ... 70%(Reading database ... 75%(Reading database ... 80%(Reading database ... 85%(Reading database ... 90%(Reading database ... 95%(Reading database ... 100%(Reading database ... 4697 files and directories currently installed.)
Preparing to unpack .../0-python3-minimal_3.10.6-1~22.04.1_amd64.deb ...
Unpacking python3-minimal (3.10.6-1~22.04.1) ...
Selecting previously unselected package media-types.
Preparing to unpack .../1-media-types_7.0.0_all.deb ...
Unpacking media-types (7.0.0) ...
Selecting previously unselected package libmpdec3:amd64.
Preparing to unpack .../2-libmpdec3_2.5.1-2build2_amd64.deb ...
Unpacking libmpdec3:amd64 (2.5.1-2build2) ...
Selecting previously unselected package readline-common.
Preparing to unpack .../3-readline-common_8.1.2-1_all.deb ...
Unpacking readline-common (8.1.2-1) ...
Selecting previously unselected package libreadline8:amd64.
Preparing to unpack .../4-libreadline8_8.1.2-1_amd64.deb ...
Unpacking libreadline8:amd64 (8.1.2-1) ...
Selecting previously unselected package libsqlite3-0:amd64.
Preparing to unpack .../5-libsqlite3-0_3.37.2-2ubuntu0.5_amd64.deb ...
Unpacking libsqlite3-0:amd64 (3.37.2-2ubuntu0.5) ...
Selecting previously unselected package libpython3.10-stdlib:amd64.
Preparing to unpack .../6-libpython3.10-stdlib_3.10.12-1~22.04.10_amd64.deb ...
Unpacking libpython3.10-stdlib:amd64 (3.10.12-1~22.04.10) ...
Selecting previously unselected package python3.10.
Preparing to unpack .../7-python3.10_3.10.12-1~22.04.10_amd64.deb ...
Unpacking python3.10 (3.10.12-1~22.04.10) ...
Selecting previously unselected package libpython3-stdlib:amd64.
Preparing to unpack .../8-libpython3-stdlib_3.10.6-1~22.04.1_amd64.deb ...
Unpacking libpython3-stdlib:amd64 (3.10.6-1~22.04.1) ...
Setting up python3-minimal (3.10.6-1~22.04.1) ...
Selecting previously unselected package python3.
(Reading database ... (Reading database ... 5%(Reading database ... 10%(Reading database ... 15%(Reading database ... 20%(Reading database ... 25%(Reading database ... 30%(Reading database ... 35%(Reading database ... 40%(Reading database ... 45%(Reading database ... 50%(Reading database ... 55%(Reading database ... 60%(Reading database ... 65%(Reading database ... 70%(Reading database ... 75%(Reading database ... 80%(Reading database ... 85%(Reading database ... 90%(Reading database ... 95%(Reading database ... 100%(Reading database ... 5127 files and directories currently installed.)
Preparing to unpack .../0-python3_3.10.6-1~22.04.1_amd64.deb ...
Unpacking python3 (3.10.6-1~22.04.1) ...
Selecting previously unselected package libapparmor1:amd64.
Preparing to unpack .../1-libapparmor1_3.0.4-2ubuntu2.4_amd64.deb ...
Unpacking libapparmor1:amd64 (3.0.4-2ubuntu2.4) ...
Selecting previously unselected package libargon2-1:amd64.
Preparing to unpack .../2-libargon2-1_0~20171227-0.3_amd64.deb ...
Unpacking libargon2-1:amd64 (0~20171227-0.3) ...
Selecting previously unselected package libdevmapper1.02.1:amd64.
Preparing to unpack .../3-libdevmapper1.02.1_2%3a1.02.175-2.1ubuntu5_amd64.deb ...
Unpacking libdevmapper1.02.1:amd64 (2:1.02.175-2.1ubuntu5) ...
Selecting previously unselected package libjson-c5:amd64.
Preparing to unpack .../4-libjson-c5_0.15-3~ubuntu1.22.04.2_amd64.deb ...
Unpacking libjson-c5:amd64 (0.15-3~ubuntu1.22.04.2) ...
Selecting previously unselected package libcryptsetup12:amd64.
Preparing to unpack .../5-libcryptsetup12_2%3a2.4.3-1ubuntu1.3_amd64.deb ...
Unpacking libcryptsetup12:amd64 (2:2.4.3-1ubuntu1.3) ...
Selecting previously unselected package libip4tc2:amd64.
Preparing to unpack .../6-libip4tc2_1.8.7-1ubuntu5.2_amd64.deb ...
Unpacking libip4tc2:amd64 (1.8.7-1ubuntu5.2) ...
Selecting previously unselected package libkmod2:amd64.
Preparing to unpack .../7-libkmod2_29-1ubuntu1_amd64.deb ...
Unpacking libkmod2:amd64 (29-1ubuntu1) ...
Selecting previously unselected package systemd.
Preparing to unpack .../8-systemd_249.11-0ubuntu3.16_amd64.deb ...
Unpacking systemd (249.11-0ubuntu3.16) ...
Setting up libapparmor1:amd64 (3.0.4-2ubuntu2.4) ...
Setting up libargon2-1:amd64 (0~20171227-0.3) ...
Setting up libdevmapper1.02.1:amd64 (2:1.02.175-2.1ubuntu5) ...
Setting up libjson-c5:amd64 (0.15-3~ubuntu1.22.04.2) ...
Setting up libcryptsetup12:amd64 (2:2.4.3-1ubuntu1.3) ...
Setting up libip4tc2:amd64 (1.8.7-1ubuntu5.2) ...
Setting up libkmod2:amd64 (29-1ubuntu1) ...
Setting up systemd (249.11-0ubuntu3.16) ...
Created symlink /etc/systemd/system/getty.target.wants/getty@tty1.service -> /lib/systemd/system/getty@.service.
Created symlink /etc/systemd/system/multi-user.target.wants/remote-fs.target -> /lib/systemd/system/remote-fs.target.
Created symlink /etc/systemd/system/dbus-org.freedesktop.resolve1.service -> /lib/systemd/system/systemd-resolved.service.
Created symlink /etc/systemd/system/multi-user.target.wants/systemd-resolved.service -> /lib/systemd/system/systemd-resolved.service.
ln: failed to create symbolic link '/etc/resolv.conf': Device or resource busy
Created symlink /etc/systemd/system/sysinit.target.wants/systemd-pstore.service -> /lib/systemd/system/systemd-pstore.service.
Initializing machine ID from random generator.
Selecting previously unselected package systemd-sysv.
(Reading database ... (Reading database ... 5%(Reading database ... 10%(Reading database ... 15%(Reading database ... 20%(Reading database ... 25%(Reading database ... 30%(Reading database ... 35%(Reading database ... 40%(Reading database ... 45%(Reading database ... 50%(Reading database ... 55%(Reading database ... 60%(Reading database ... 65%(Reading database ... 70%(Reading database ... 75%(Reading database ... 80%(Reading database ... 85%(Reading database ... 90%(Reading database ... 95%(Reading database ... 100%(Reading database ... 5966 files and directories currently installed.)
Preparing to unpack .../000-systemd-sysv_249.11-0ubuntu3.16_amd64.deb ...
Unpacking systemd-sysv (249.11-0ubuntu3.16) ...
Selecting previously unselected package perl-modules-5.34.
Preparing to unpack .../001-perl-modules-5.34_5.34.0-3ubuntu1.5_all.deb ...
Unpacking perl-modules-5.34 (5.34.0-3ubuntu1.5) ...
Selecting previously unselected package libgdbm6:amd64.
Preparing to unpack .../002-libgdbm6_1.23-1_amd64.deb ...
Unpacking libgdbm6:amd64 (1.23-1) ...
Selecting previously unselected package libgdbm-compat4:amd64.
Preparing to unpack .../003-libgdbm-compat4_1.23-1_amd64.deb ...
Unpacking libgdbm-compat4:amd64 (1.23-1) ...
Selecting previously unselected package libperl5.34:amd64.
Preparing to unpack .../004-libperl5.34_5.34.0-3ubuntu1.5_amd64.deb ...
Unpacking libperl5.34:amd64 (5.34.0-3ubuntu1.5) ...
Selecting previously unselected package perl.
Preparing to unpack .../005-perl_5.34.0-3ubuntu1.5_amd64.deb ...
Unpacking perl (5.34.0-3ubuntu1.5) ...
Selecting previously unselected package openssl.
Preparing to unpack .../006-openssl_3.0.2-0ubuntu1.19_amd64.deb ...
Unpacking openssl (3.0.2-0ubuntu1.19) ...
Selecting previously unselected package ca-certificates.
Preparing to unpack .../007-ca-certificates_20240203~22.04.1_all.deb ...
Unpacking ca-certificates (20240203~22.04.1) ...
Selecting previously unselected package libdbus-1-3:amd64.
Preparing to unpack .../008-libdbus-1-3_1.12.20-2ubuntu4.1_amd64.deb ...
Unpacking libdbus-1-3:amd64 (1.12.20-2ubuntu4.1) ...
Selecting previously unselected package dbus.
Preparing to unpack .../009-dbus_1.12.20-2ubuntu4.1_amd64.deb ...
Unpacking dbus (1.12.20-2ubuntu4.1) ...
Selecting previously unselected package distro-info-data.
Preparing to unpack .../010-distro-info-data_0.52ubuntu0.9_all.deb ...
Unpacking distro-info-data (0.52ubuntu0.9) ...
Selecting previously unselected package libglib2.0-0:amd64.
Preparing to unpack .../011-libglib2.0-0_2.72.4-0ubuntu2.5_amd64.deb ...
Unpacking libglib2.0-0:amd64 (2.72.4-0ubuntu2.5) ...
Selecting previously unselected package libgirepository-1.0-1:amd64.
Preparing to unpack .../012-libgirepository-1.0-1_1.72.0-1_amd64.deb ...
Unpacking libgirepository-1.0-1:amd64 (1.72.0-1) ...
Selecting previously unselected package gir1.2-glib-2.0:amd64.
Preparing to unpack .../013-gir1.2-glib-2.0_1.72.0-1_amd64.deb ...
Unpacking gir1.2-glib-2.0:amd64 (1.72.0-1) ...
Selecting previously unselected package iso-codes.
Preparing to unpack .../014-iso-codes_4.9.0-1_all.deb ...
Unpacking iso-codes (4.9.0-1) ...
Selecting previously unselected package libmd0:amd64.
Preparing to unpack .../015-libmd0_1.0.4-1build1_amd64.deb ...
Unpacking libmd0:amd64 (1.0.4-1build1) ...
Selecting previously unselected package libbsd0:amd64.
Preparing to unpack .../016-libbsd0_0.11.5-1_amd64.deb ...
Unpacking libbsd0:amd64 (0.11.5-1) ...
Selecting previously unselected package libcap2-bin.
Preparing to unpack .../017-libcap2-bin_1%3a2.44-1ubuntu0.22.04.2_amd64.deb ...
Unpacking libcap2-bin (1:2.44-1ubuntu0.22.04.2) ...
Selecting previously unselected package libelf1:amd64.
Preparing to unpack .../018-libelf1_0.186-1ubuntu0.1_amd64.deb ...
Unpacking libelf1:amd64 (0.186-1ubuntu0.1) ...
Selecting previously unselected package libglib2.0-data.
Preparing to unpack .../019-libglib2.0-data_2.72.4-0ubuntu2.5_all.deb ...
Unpacking libglib2.0-data (2.72.4-0ubuntu2.5) ...
Selecting previously unselected package libicu70:amd64.
Preparing to unpack .../020-libicu70_70.1-2_amd64.deb ...
Unpacking libicu70:amd64 (70.1-2) ...
Selecting previously unselected package libpam-systemd:amd64.
Preparing to unpack .../021-libpam-systemd_249.11-0ubuntu3.16_amd64.deb ...
Unpacking libpam-systemd:amd64 (249.11-0ubuntu3.16) ...
Selecting previously unselected package libxml2:amd64.
Preparing to unpack .../022-libxml2_2.9.13+dfsg-1ubuntu0.7_amd64.deb ...
Unpacking libxml2:amd64 (2.9.13+dfsg-1ubuntu0.7) ...
Selecting previously unselected package libyaml-0-2:amd64.
Preparing to unpack .../023-libyaml-0-2_0.2.2-1build2_amd64.deb ...
Unpacking libyaml-0-2:amd64 (0.2.2-1build2) ...
Selecting previously unselected package lsb-release.
Preparing to unpack .../024-lsb-release_11.1.0ubuntu4_all.deb ...
Unpacking lsb-release (11.1.0ubuntu4) ...
Selecting previously unselected package python-apt-common.
Preparing to unpack .../025-python-apt-common_2.4.0ubuntu4_all.deb ...
Unpacking python-apt-common (2.4.0ubuntu4) ...
Selecting previously unselected package python3-apt.
Preparing to unpack .../026-python3-apt_2.4.0ubuntu4_amd64.deb ...
Unpacking python3-apt (2.4.0ubuntu4) ...
Selecting previously unselected package python3-dbus.
Preparing to unpack .../027-python3-dbus_1.2.18-3build1_amd64.deb ...
Unpacking python3-dbus (1.2.18-3build1) ...
Selecting previously unselected package python3-gi.
Preparing to unpack .../028-python3-gi_3.42.1-0ubuntu1_amd64.deb ...
Unpacking python3-gi (3.42.1-0ubuntu1) ...
Selecting previously unselected package python3-pkg-resources.
Preparing to unpack .../029-python3-pkg-resources_59.6.0-1.2ubuntu0.22.04.3_all.deb ...
Unpacking python3-pkg-resources (59.6.0-1.2ubuntu0.22.04.3) ...
Selecting previously unselected package libcbor0.8:amd64.
Preparing to unpack .../030-libcbor0.8_0.8.0-2ubuntu1_amd64.deb ...
Unpacking libcbor0.8:amd64 (0.8.0-2ubuntu1) ...
Selecting previously unselected package libdrm-common.
Preparing to unpack .../031-libdrm-common_2.4.113-2~ubuntu0.22.04.1_all.deb ...
Unpacking libdrm-common (2.4.113-2~ubuntu0.22.04.1) ...
Selecting previously unselected package libdrm2:amd64.
Preparing to unpack .../032-libdrm2_2.4.113-2~ubuntu0.22.04.1_amd64.deb ...
Unpacking libdrm2:amd64 (2.4.113-2~ubuntu0.22.04.1) ...
Selecting previously unselected package libedit2:amd64.
Preparing to unpack .../033-libedit2_3.1-20210910-1build1_amd64.deb ...
Unpacking libedit2:amd64 (3.1-20210910-1build1) ...
Selecting previously unselected package libfido2-1:amd64.
Preparing to unpack .../034-libfido2-1_1.10.0-1_amd64.deb ...
Unpacking libfido2-1:amd64 (1.10.0-1) ...
Selecting previously unselected package libnghttp2-14:amd64.
Preparing to unpack .../035-libnghttp2-14_1.43.0-1ubuntu0.2_amd64.deb ...
Unpacking libnghttp2-14:amd64 (1.43.0-1ubuntu0.2) ...
Selecting previously unselected package libnuma1:amd64.
Preparing to unpack .../036-libnuma1_2.0.14-3ubuntu2_amd64.deb ...
Unpacking libnuma1:amd64 (2.0.14-3ubuntu2) ...
Selecting previously unselected package libpsl5:amd64.
Preparing to unpack .../037-libpsl5_0.21.0-1.2build2_amd64.deb ...
Unpacking libpsl5:amd64 (0.21.0-1.2build2) ...
Selecting previously unselected package libusb-1.0-0:amd64.
Preparing to unpack .../038-libusb-1.0-0_2%3a1.0.25-1ubuntu2_amd64.deb ...
Unpacking libusb-1.0-0:amd64 (2:1.0.25-1ubuntu2) ...
Selecting previously unselected package libuv1:amd64.
Preparing to unpack .../039-libuv1_1.43.0-1ubuntu0.1_amd64.deb ...
Unpacking libuv1:amd64 (1.43.0-1ubuntu0.1) ...
Selecting previously unselected package libxau6:amd64.
Preparing to unpack .../040-libxau6_1%3a1.0.9-1build5_amd64.deb ...
Unpacking libxau6:amd64 (1:1.0.9-1build5) ...
Selecting previously unselected package libxdmcp6:amd64.
Preparing to unpack .../041-libxdmcp6_1%3a1.1.3-0ubuntu5_amd64.deb ...
Unpacking libxdmcp6:amd64 (1:1.1.3-0ubuntu5) ...
Selecting previously unselected package libxcb1:amd64.
Preparing to unpack .../042-libxcb1_1.14-3ubuntu3_amd64.deb ...
Unpacking libxcb1:amd64 (1.14-3ubuntu3) ...
Selecting previously unselected package libx11-data.
Preparing to unpack .../043-libx11-data_2%3a1.7.5-1ubuntu0.3_all.deb ...
Unpacking libx11-data (2:1.7.5-1ubuntu0.3) ...
Selecting previously unselected package libx11-6:amd64.
Preparing to unpack .../044-libx11-6_2%3a1.7.5-1ubuntu0.3_amd64.deb ...
Unpacking libx11-6:amd64 (2:1.7.5-1ubuntu0.3) ...
Selecting previously unselected package libxext6:amd64.
Preparing to unpack .../045-libxext6_2%3a1.3.4-1build1_amd64.deb ...
Unpacking libxext6:amd64 (2:1.3.4-1build1) ...
Selecting previously unselected package openssh-client.
Preparing to unpack .../046-openssh-client_1%3a8.9p1-3ubuntu0.13_amd64.deb ...
Unpacking openssh-client (1:8.9p1-3ubuntu0.13) ...
Selecting previously unselected package wget.
Preparing to unpack .../047-wget_1.21.2-2ubuntu1.1_amd64.deb ...
Unpacking wget (1.21.2-2ubuntu1.1) ...
Selecting previously unselected package xz-utils.
Preparing to unpack .../048-xz-utils_5.2.5-2ubuntu1_amd64.deb ...
Unpacking xz-utils (5.2.5-2ubuntu1) ...
Selecting previously unselected package libsigsegv2:amd64.
Preparing to unpack .../049-libsigsegv2_2.13-1ubuntu3_amd64.deb ...
Unpacking libsigsegv2:amd64 (2.13-1ubuntu3) ...
Selecting previously unselected package m4.
Preparing to unpack .../050-m4_1.4.18-5ubuntu2_amd64.deb ...
Unpacking m4 (1.4.18-5ubuntu2) ...
Selecting previously unselected package autoconf.
Preparing to unpack .../051-autoconf_2.71-2_all.deb ...
Unpacking autoconf (2.71-2) ...
Selecting previously unselected package autotools-dev.
Preparing to unpack .../052-autotools-dev_20220109.1_all.deb ...
Unpacking autotools-dev (20220109.1) ...
Selecting previously unselected package automake.
Preparing to unpack .../053-automake_1%3a1.16.5-1.3_all.deb ...
Unpacking automake (1:1.16.5-1.3) ...
Selecting previously unselected package binutils-common:amd64.
Preparing to unpack .../054-binutils-common_2.38-4ubuntu2.8_amd64.deb ...
Unpacking binutils-common:amd64 (2.38-4ubuntu2.8) ...
Selecting previously unselected package libbinutils:amd64.
Preparing to unpack .../055-libbinutils_2.38-4ubuntu2.8_amd64.deb ...
Unpacking libbinutils:amd64 (2.38-4ubuntu2.8) ...
Selecting previously unselected package libctf-nobfd0:amd64.
Preparing to unpack .../056-libctf-nobfd0_2.38-4ubuntu2.8_amd64.deb ...
Unpacking libctf-nobfd0:amd64 (2.38-4ubuntu2.8) ...
Selecting previously unselected package libctf0:amd64.
Preparing to unpack .../057-libctf0_2.38-4ubuntu2.8_amd64.deb ...
Unpacking libctf0:amd64 (2.38-4ubuntu2.8) ...
Selecting previously unselected package binutils-x86-64-linux-gnu.
Preparing to unpack .../058-binutils-x86-64-linux-gnu_2.38-4ubuntu2.8_amd64.deb ...
Unpacking binutils-x86-64-linux-gnu (2.38-4ubuntu2.8) ...
Selecting previously unselected package binutils.
Preparing to unpack .../059-binutils_2.38-4ubuntu2.8_amd64.deb ...
Unpacking binutils (2.38-4ubuntu2.8) ...
Selecting previously unselected package libc-dev-bin.
Preparing to unpack .../060-libc-dev-bin_2.35-0ubuntu3.10_amd64.deb ...
Unpacking libc-dev-bin (2.35-0ubuntu3.10) ...
Selecting previously unselected package linux-libc-dev:amd64.
Preparing to unpack .../061-linux-libc-dev_5.15.0-151.161_amd64.deb ...
Unpacking linux-libc-dev:amd64 (5.15.0-151.161) ...
Selecting previously unselected package libcrypt-dev:amd64.
Preparing to unpack .../062-libcrypt-dev_1%3a4.4.27-1_amd64.deb ...
Unpacking libcrypt-dev:amd64 (1:4.4.27-1) ...
Selecting previously unselected package rpcsvc-proto.
Preparing to unpack .../063-rpcsvc-proto_1.4.2-0ubuntu6_amd64.deb ...
Unpacking rpcsvc-proto (1.4.2-0ubuntu6) ...
Selecting previously unselected package libtirpc-dev:amd64.
Preparing to unpack .../064-libtirpc-dev_1.3.2-2ubuntu0.1_amd64.deb ...
Unpacking libtirpc-dev:amd64 (1.3.2-2ubuntu0.1) ...
Selecting previously unselected package libnsl-dev:amd64.
Preparing to unpack .../065-libnsl-dev_1.3.0-2build2_amd64.deb ...
Unpacking libnsl-dev:amd64 (1.3.0-2build2) ...
Selecting previously unselected package libc6-dev:amd64.
Preparing to unpack .../066-libc6-dev_2.35-0ubuntu3.10_amd64.deb ...
Unpacking libc6-dev:amd64 (2.35-0ubuntu3.10) ...
Selecting previously unselected package gcc-11-base:amd64.
Preparing to unpack .../067-gcc-11-base_11.4.0-1ubuntu1~22.04_amd64.deb ...
Unpacking gcc-11-base:amd64 (11.4.0-1ubuntu1~22.04) ...
Selecting previously unselected package libisl23:amd64.
Preparing to unpack .../068-libisl23_0.24-2build1_amd64.deb ...
Unpacking libisl23:amd64 (0.24-2build1) ...
Selecting previously unselected package libmpfr6:amd64.
Preparing to unpack .../069-libmpfr6_4.1.0-3build3_amd64.deb ...
Unpacking libmpfr6:amd64 (4.1.0-3build3) ...
Selecting previously unselected package libmpc3:amd64.
Preparing to unpack .../070-libmpc3_1.2.1-2build1_amd64.deb ...
Unpacking libmpc3:amd64 (1.2.1-2build1) ...
Selecting previously unselected package cpp-11.
Preparing to unpack .../071-cpp-11_11.4.0-1ubuntu1~22.04_amd64.deb ...
Unpacking cpp-11 (11.4.0-1ubuntu1~22.04) ...
Selecting previously unselected package cpp.
Preparing to unpack .../072-cpp_4%3a11.2.0-1ubuntu1_amd64.deb ...
Unpacking cpp (4:11.2.0-1ubuntu1) ...
Selecting previously unselected package libcc1-0:amd64.
Preparing to unpack .../073-libcc1-0_12.3.0-1ubuntu1~22.04_amd64.deb ...
Unpacking libcc1-0:amd64 (12.3.0-1ubuntu1~22.04) ...
Selecting previously unselected package libgomp1:amd64.
Preparing to unpack .../074-libgomp1_12.3.0-1ubuntu1~22.04_amd64.deb ...
Unpacking libgomp1:amd64 (12.3.0-1ubuntu1~22.04) ...
Selecting previously unselected package libitm1:amd64.
Preparing to unpack .../075-libitm1_12.3.0-1ubuntu1~22.04_amd64.deb ...
Unpacking libitm1:amd64 (12.3.0-1ubuntu1~22.04) ...
Selecting previously unselected package libatomic1:amd64.
Preparing to unpack .../076-libatomic1_12.3.0-1ubuntu1~22.04_amd64.deb ...
Unpacking libatomic1:amd64 (12.3.0-1ubuntu1~22.04) ...
Selecting previously unselected package libasan6:amd64.
Preparing to unpack .../077-libasan6_11.4.0-1ubuntu1~22.04_amd64.deb ...
Unpacking libasan6:amd64 (11.4.0-1ubuntu1~22.04) ...
Selecting previously unselected package liblsan0:amd64.
Preparing to unpack .../078-liblsan0_12.3.0-1ubuntu1~22.04_amd64.deb ...
Unpacking liblsan0:amd64 (12.3.0-1ubuntu1~22.04) ...
Selecting previously unselected package libtsan0:amd64.
Preparing to unpack .../079-libtsan0_11.4.0-1ubuntu1~22.04_amd64.deb ...
Unpacking libtsan0:amd64 (11.4.0-1ubuntu1~22.04) ...
Selecting previously unselected package libubsan1:amd64.
Preparing to unpack .../080-libubsan1_12.3.0-1ubuntu1~22.04_amd64.deb ...
Unpacking libubsan1:amd64 (12.3.0-1ubuntu1~22.04) ...
Selecting previously unselected package libquadmath0:amd64.
Preparing to unpack .../081-libquadmath0_12.3.0-1ubuntu1~22.04_amd64.deb ...
Unpacking libquadmath0:amd64 (12.3.0-1ubuntu1~22.04) ...
Selecting previously unselected package libgcc-11-dev:amd64.
Preparing to unpack .../082-libgcc-11-dev_11.4.0-1ubuntu1~22.04_amd64.deb ...
Unpacking libgcc-11-dev:amd64 (11.4.0-1ubuntu1~22.04) ...
Selecting previously unselected package gcc-11.
Preparing to unpack .../083-gcc-11_11.4.0-1ubuntu1~22.04_amd64.deb ...
Unpacking gcc-11 (11.4.0-1ubuntu1~22.04) ...
Selecting previously unselected package gcc.
Preparing to unpack .../084-gcc_4%3a11.2.0-1ubuntu1_amd64.deb ...
Unpacking gcc (4:11.2.0-1ubuntu1) ...
Selecting previously unselected package libstdc++-11-dev:amd64.
Preparing to unpack .../085-libstdc++-11-dev_11.4.0-1ubuntu1~22.04_amd64.deb ...
Unpacking libstdc++-11-dev:amd64 (11.4.0-1ubuntu1~22.04) ...
Selecting previously unselected package g++-11.
Preparing to unpack .../086-g++-11_11.4.0-1ubuntu1~22.04_amd64.deb ...
Unpacking g++-11 (11.4.0-1ubuntu1~22.04) ...
Selecting previously unselected package g++.
Preparing to unpack .../087-g++_4%3a11.2.0-1ubuntu1_amd64.deb ...
Unpacking g++ (4:11.2.0-1ubuntu1) ...
Selecting previously unselected package make.
Preparing to unpack .../088-make_4.3-4.1build1_amd64.deb ...
Unpacking make (4.3-4.1build1) ...
Selecting previously unselected package libdpkg-perl.
Preparing to unpack .../089-libdpkg-perl_1.21.1ubuntu2.3_all.deb ...
Unpacking libdpkg-perl (1.21.1ubuntu2.3) ...
Selecting previously unselected package bzip2.
Preparing to unpack .../090-bzip2_1.0.8-5build1_amd64.deb ...
Unpacking bzip2 (1.0.8-5build1) ...
Selecting previously unselected package patch.
Preparing to unpack .../091-patch_2.7.6-7build2_amd64.deb ...
Unpacking patch (2.7.6-7build2) ...
Selecting previously unselected package lto-disabled-list.
Preparing to unpack .../092-lto-disabled-list_24_all.deb ...
Unpacking lto-disabled-list (24) ...
Selecting previously unselected package dpkg-dev.
Preparing to unpack .../093-dpkg-dev_1.21.1ubuntu2.3_all.deb ...
Unpacking dpkg-dev (1.21.1ubuntu2.3) ...
Selecting previously unselected package build-essential.
Preparing to unpack .../094-build-essential_12.9ubuntu3_amd64.deb ...
Unpacking build-essential (12.9ubuntu3) ...
Selecting previously unselected package libarchive13:amd64.
Preparing to unpack .../095-libarchive13_3.6.0-1ubuntu1.5_amd64.deb ...
Unpacking libarchive13:amd64 (3.6.0-1ubuntu1.5) ...
Selecting previously unselected package libbrotli1:amd64.
Preparing to unpack .../096-libbrotli1_1.0.9-2build6_amd64.deb ...
Unpacking libbrotli1:amd64 (1.0.9-2build6) ...
Selecting previously unselected package libsasl2-modules-db:amd64.
Preparing to unpack .../097-libsasl2-modules-db_2.1.27+dfsg2-3ubuntu1.2_amd64.deb ...
Unpacking libsasl2-modules-db:amd64 (2.1.27+dfsg2-3ubuntu1.2) ...
Selecting previously unselected package libsasl2-2:amd64.
Preparing to unpack .../098-libsasl2-2_2.1.27+dfsg2-3ubuntu1.2_amd64.deb ...
Unpacking libsasl2-2:amd64 (2.1.27+dfsg2-3ubuntu1.2) ...
Selecting previously unselected package libldap-2.5-0:amd64.
Preparing to unpack .../099-libldap-2.5-0_2.5.19+dfsg-0ubuntu0.22.04.1_amd64.deb ...
Unpacking libldap-2.5-0:amd64 (2.5.19+dfsg-0ubuntu0.22.04.1) ...
Selecting previously unselected package librtmp1:amd64.
Preparing to unpack .../100-librtmp1_2.4+20151223.gitfa8646d.1-2build4_amd64.deb ...
Unpacking librtmp1:amd64 (2.4+20151223.gitfa8646d.1-2build4) ...
Selecting previously unselected package libssh-4:amd64.
Preparing to unpack .../101-libssh-4_0.9.6-2ubuntu0.22.04.4_amd64.deb ...
Unpacking libssh-4:amd64 (0.9.6-2ubuntu0.22.04.4) ...
Selecting previously unselected package libcurl4:amd64.
Preparing to unpack .../102-libcurl4_7.81.0-1ubuntu1.20_amd64.deb ...
Unpacking libcurl4:amd64 (7.81.0-1ubuntu1.20) ...
Selecting previously unselected package libjsoncpp25:amd64.
Preparing to unpack .../103-libjsoncpp25_1.9.5-3_amd64.deb ...
Unpacking libjsoncpp25:amd64 (1.9.5-3) ...
Selecting previously unselected package librhash0:amd64.
Preparing to unpack .../104-librhash0_1.4.2-1ubuntu1_amd64.deb ...
Unpacking librhash0:amd64 (1.4.2-1ubuntu1) ...
Selecting previously unselected package dh-elpa-helper.
Preparing to unpack .../105-dh-elpa-helper_2.0.9ubuntu1_all.deb ...
Unpacking dh-elpa-helper (2.0.9ubuntu1) ...
Selecting previously unselected package emacsen-common.
Preparing to unpack .../106-emacsen-common_3.0.4_all.deb ...
Unpacking emacsen-common (3.0.4) ...
Selecting previously unselected package cmake-data.
Preparing to unpack .../107-cmake-data_3.22.1-1ubuntu1.22.04.2_all.deb ...
Unpacking cmake-data (3.22.1-1ubuntu1.22.04.2) ...
Selecting previously unselected package cmake.
Preparing to unpack .../108-cmake_3.22.1-1ubuntu1.22.04.2_amd64.deb ...
Unpacking cmake (3.22.1-1ubuntu1.22.04.2) ...
Selecting previously unselected package curl.
Preparing to unpack .../109-curl_7.81.0-1ubuntu1.20_amd64.deb ...
Unpacking curl (7.81.0-1ubuntu1.20) ...
Selecting previously unselected package libglvnd0:amd64.
Preparing to unpack .../110-libglvnd0_1.4.0-1_amd64.deb ...
Unpacking libglvnd0:amd64 (1.4.0-1) ...
Selecting previously unselected package libglapi-mesa:amd64.
Preparing to unpack .../111-libglapi-mesa_23.2.1-1ubuntu3.1~22.04.3_amd64.deb ...
Unpacking libglapi-mesa:amd64 (23.2.1-1ubuntu3.1~22.04.3) ...
Selecting previously unselected package libx11-xcb1:amd64.
Preparing to unpack .../112-libx11-xcb1_2%3a1.7.5-1ubuntu0.3_amd64.deb ...
Unpacking libx11-xcb1:amd64 (2:1.7.5-1ubuntu0.3) ...
Selecting previously unselected package libxcb-dri2-0:amd64.
Preparing to unpack .../113-libxcb-dri2-0_1.14-3ubuntu3_amd64.deb ...
Unpacking libxcb-dri2-0:amd64 (1.14-3ubuntu3) ...
Selecting previously unselected package libxcb-dri3-0:amd64.
Preparing to unpack .../114-libxcb-dri3-0_1.14-3ubuntu3_amd64.deb ...
Unpacking libxcb-dri3-0:amd64 (1.14-3ubuntu3) ...
Selecting previously unselected package libxcb-glx0:amd64.
Preparing to unpack .../115-libxcb-glx0_1.14-3ubuntu3_amd64.deb ...
Unpacking libxcb-glx0:amd64 (1.14-3ubuntu3) ...
Selecting previously unselected package libxcb-present0:amd64.
Preparing to unpack .../116-libxcb-present0_1.14-3ubuntu3_amd64.deb ...
Unpacking libxcb-present0:amd64 (1.14-3ubuntu3) ...
Selecting previously unselected package libxcb-randr0:amd64.
Preparing to unpack .../117-libxcb-randr0_1.14-3ubuntu3_amd64.deb ...
Unpacking libxcb-randr0:amd64 (1.14-3ubuntu3) ...
Selecting previously unselected package libxcb-shm0:amd64.
Preparing to unpack .../118-libxcb-shm0_1.14-3ubuntu3_amd64.deb ...
Unpacking libxcb-shm0:amd64 (1.14-3ubuntu3) ...
Selecting previously unselected package libxcb-sync1:amd64.
Preparing to unpack .../119-libxcb-sync1_1.14-3ubuntu3_amd64.deb ...
Unpacking libxcb-sync1:amd64 (1.14-3ubuntu3) ...
Selecting previously unselected package libxcb-xfixes0:amd64.
Preparing to unpack .../120-libxcb-xfixes0_1.14-3ubuntu3_amd64.deb ...
Unpacking libxcb-xfixes0:amd64 (1.14-3ubuntu3) ...
Selecting previously unselected package libxfixes3:amd64.
Preparing to unpack .../121-libxfixes3_1%3a6.0.0-1_amd64.deb ...
Unpacking libxfixes3:amd64 (1:6.0.0-1) ...
Selecting previously unselected package libxshmfence1:amd64.
Preparing to unpack .../122-libxshmfence1_1.3-1build4_amd64.deb ...
Unpacking libxshmfence1:amd64 (1.3-1build4) ...
Selecting previously unselected package libxxf86vm1:amd64.
Preparing to unpack .../123-libxxf86vm1_1%3a1.1.4-1build3_amd64.deb ...
Unpacking libxxf86vm1:amd64 (1:1.1.4-1build3) ...
Selecting previously unselected package libdrm-amdgpu1:amd64.
Preparing to unpack .../124-libdrm-amdgpu1_2.4.113-2~ubuntu0.22.04.1_amd64.deb ...
Unpacking libdrm-amdgpu1:amd64 (2.4.113-2~ubuntu0.22.04.1) ...
Selecting previously unselected package libpciaccess0:amd64.
Preparing to unpack .../125-libpciaccess0_0.16-3_amd64.deb ...
Unpacking libpciaccess0:amd64 (0.16-3) ...
Selecting previously unselected package libdrm-intel1:amd64.
Preparing to unpack .../126-libdrm-intel1_2.4.113-2~ubuntu0.22.04.1_amd64.deb ...
Unpacking libdrm-intel1:amd64 (2.4.113-2~ubuntu0.22.04.1) ...
Selecting previously unselected package libdrm-nouveau2:amd64.
Preparing to unpack .../127-libdrm-nouveau2_2.4.113-2~ubuntu0.22.04.1_amd64.deb ...
Unpacking libdrm-nouveau2:amd64 (2.4.113-2~ubuntu0.22.04.1) ...
Selecting previously unselected package libdrm-radeon1:amd64.
Preparing to unpack .../128-libdrm-radeon1_2.4.113-2~ubuntu0.22.04.1_amd64.deb ...
Unpacking libdrm-radeon1:amd64 (2.4.113-2~ubuntu0.22.04.1) ...
Selecting previously unselected package libllvm15:amd64.
Preparing to unpack .../129-libllvm15_1%3a15.0.7-0ubuntu0.22.04.3_amd64.deb ...
Unpacking libllvm15:amd64 (1:15.0.7-0ubuntu0.22.04.3) ...
Selecting previously unselected package libsensors-config.
Preparing to unpack .../130-libsensors-config_1%3a3.6.0-7ubuntu1_all.deb ...
Unpacking libsensors-config (1:3.6.0-7ubuntu1) ...
Selecting previously unselected package libsensors5:amd64.
Preparing to unpack .../131-libsensors5_1%3a3.6.0-7ubuntu1_amd64.deb ...
Unpacking libsensors5:amd64 (1:3.6.0-7ubuntu1) ...
Selecting previously unselected package libgl1-mesa-dri:amd64.
Preparing to unpack .../132-libgl1-mesa-dri_23.2.1-1ubuntu3.1~22.04.3_amd64.deb ...
Unpacking libgl1-mesa-dri:amd64 (23.2.1-1ubuntu3.1~22.04.3) ...
Selecting previously unselected package libglx-mesa0:amd64.
Preparing to unpack .../133-libglx-mesa0_23.2.1-1ubuntu3.1~22.04.3_amd64.deb ...
Unpacking libglx-mesa0:amd64 (23.2.1-1ubuntu3.1~22.04.3) ...
Selecting previously unselected package libglx0:amd64.
Preparing to unpack .../134-libglx0_1.4.0-1_amd64.deb ...
Unpacking libglx0:amd64 (1.4.0-1) ...
Selecting previously unselected package libgl1:amd64.
Preparing to unpack .../135-libgl1_1.4.0-1_amd64.deb ...
Unpacking libgl1:amd64 (1.4.0-1) ...
Selecting previously unselected package libxi6:amd64.
Preparing to unpack .../136-libxi6_2%3a1.8-1build1_amd64.deb ...
Unpacking libxi6:amd64 (2:1.8-1build1) ...
Selecting previously unselected package freeglut3:amd64.
Preparing to unpack .../137-freeglut3_2.8.1-6_amd64.deb ...
Unpacking freeglut3:amd64 (2.8.1-6) ...
Selecting previously unselected package xorg-sgml-doctools.
Preparing to unpack .../138-xorg-sgml-doctools_1%3a1.11-1.1_all.deb ...
Unpacking xorg-sgml-doctools (1:1.11-1.1) ...
Selecting previously unselected package x11proto-dev.
Preparing to unpack .../139-x11proto-dev_2021.5-1_all.deb ...
Unpacking x11proto-dev (2021.5-1) ...
Selecting previously unselected package libxau-dev:amd64.
Preparing to unpack .../140-libxau-dev_1%3a1.0.9-1build5_amd64.deb ...
Unpacking libxau-dev:amd64 (1:1.0.9-1build5) ...
Selecting previously unselected package libxdmcp-dev:amd64.
Preparing to unpack .../141-libxdmcp-dev_1%3a1.1.3-0ubuntu5_amd64.deb ...
Unpacking libxdmcp-dev:amd64 (1:1.1.3-0ubuntu5) ...
Selecting previously unselected package xtrans-dev.
Preparing to unpack .../142-xtrans-dev_1.4.0-1_all.deb ...
Unpacking xtrans-dev (1.4.0-1) ...
Selecting previously unselected package libpthread-stubs0-dev:amd64.
Preparing to unpack .../143-libpthread-stubs0-dev_0.4-1build2_amd64.deb ...
Unpacking libpthread-stubs0-dev:amd64 (0.4-1build2) ...
Selecting previously unselected package libxcb1-dev:amd64.
Preparing to unpack .../144-libxcb1-dev_1.14-3ubuntu3_amd64.deb ...
Unpacking libxcb1-dev:amd64 (1.14-3ubuntu3) ...
Selecting previously unselected package libx11-dev:amd64.
Preparing to unpack .../145-libx11-dev_2%3a1.7.5-1ubuntu0.3_amd64.deb ...
Unpacking libx11-dev:amd64 (2:1.7.5-1ubuntu0.3) ...
Selecting previously unselected package libglx-dev:amd64.
Preparing to unpack .../146-libglx-dev_1.4.0-1_amd64.deb ...
Unpacking libglx-dev:amd64 (1.4.0-1) ...
Selecting previously unselected package libgl-dev:amd64.
Preparing to unpack .../147-libgl-dev_1.4.0-1_amd64.deb ...
Unpacking libgl-dev:amd64 (1.4.0-1) ...
Selecting previously unselected package libglvnd-core-dev:amd64.
Preparing to unpack .../148-libglvnd-core-dev_1.4.0-1_amd64.deb ...
Unpacking libglvnd-core-dev:amd64 (1.4.0-1) ...
Selecting previously unselected package libwayland-server0:amd64.
Preparing to unpack .../149-libwayland-server0_1.20.0-1ubuntu0.1_amd64.deb ...
Unpacking libwayland-server0:amd64 (1.20.0-1ubuntu0.1) ...
Selecting previously unselected package libgbm1:amd64.
Preparing to unpack .../150-libgbm1_23.2.1-1ubuntu3.1~22.04.3_amd64.deb ...
Unpacking libgbm1:amd64 (23.2.1-1ubuntu3.1~22.04.3) ...
Selecting previously unselected package libwayland-client0:amd64.
Preparing to unpack .../151-libwayland-client0_1.20.0-1ubuntu0.1_amd64.deb ...
Unpacking libwayland-client0:amd64 (1.20.0-1ubuntu0.1) ...
Selecting previously unselected package libegl-mesa0:amd64.
Preparing to unpack .../152-libegl-mesa0_23.2.1-1ubuntu3.1~22.04.3_amd64.deb ...
Unpacking libegl-mesa0:amd64 (23.2.1-1ubuntu3.1~22.04.3) ...
Selecting previously unselected package libegl1:amd64.
Preparing to unpack .../153-libegl1_1.4.0-1_amd64.deb ...
Unpacking libegl1:amd64 (1.4.0-1) ...
Selecting previously unselected package libegl-dev:amd64.
Preparing to unpack .../154-libegl-dev_1.4.0-1_amd64.deb ...
Unpacking libegl-dev:amd64 (1.4.0-1) ...
Selecting previously unselected package libgles1:amd64.
Preparing to unpack .../155-libgles1_1.4.0-1_amd64.deb ...
Unpacking libgles1:amd64 (1.4.0-1) ...
Selecting previously unselected package libgles2:amd64.
Preparing to unpack .../156-libgles2_1.4.0-1_amd64.deb ...
Unpacking libgles2:amd64 (1.4.0-1) ...
Selecting previously unselected package libgles-dev:amd64.
Preparing to unpack .../157-libgles-dev_1.4.0-1_amd64.deb ...
Unpacking libgles-dev:amd64 (1.4.0-1) ...
Selecting previously unselected package libopengl0:amd64.
Preparing to unpack .../158-libopengl0_1.4.0-1_amd64.deb ...
Unpacking libopengl0:amd64 (1.4.0-1) ...
Selecting previously unselected package libopengl-dev:amd64.
Preparing to unpack .../159-libopengl-dev_1.4.0-1_amd64.deb ...
Unpacking libopengl-dev:amd64 (1.4.0-1) ...
Selecting previously unselected package libglvnd-dev:amd64.
Preparing to unpack .../160-libglvnd-dev_1.4.0-1_amd64.deb ...
Unpacking libglvnd-dev:amd64 (1.4.0-1) ...
Selecting previously unselected package libgl1-mesa-dev:amd64.
Preparing to unpack .../161-libgl1-mesa-dev_23.2.1-1ubuntu3.1~22.04.3_amd64.deb ...
Unpacking libgl1-mesa-dev:amd64 (23.2.1-1ubuntu3.1~22.04.3) ...
Selecting previously unselected package libglu1-mesa:amd64.
Preparing to unpack .../162-libglu1-mesa_9.0.2-1_amd64.deb ...
Unpacking libglu1-mesa:amd64 (9.0.2-1) ...
Selecting previously unselected package libglu1-mesa-dev:amd64.
Preparing to unpack .../163-libglu1-mesa-dev_9.0.2-1_amd64.deb ...
Unpacking libglu1-mesa-dev:amd64 (9.0.2-1) ...
Selecting previously unselected package libxext-dev:amd64.
Preparing to unpack .../164-libxext-dev_2%3a1.3.4-1build1_amd64.deb ...
Unpacking libxext-dev:amd64 (2:1.3.4-1build1) ...
Selecting previously unselected package x11-common.
Preparing to unpack .../165-x11-common_1%3a7.7+23ubuntu2_all.deb ...
Unpacking x11-common (1:7.7+23ubuntu2) ...
Selecting previously unselected package libice6:amd64.
Preparing to unpack .../166-libice6_2%3a1.0.10-1build2_amd64.deb ...
Unpacking libice6:amd64 (2:1.0.10-1build2) ...
Selecting previously unselected package libsm6:amd64.
Preparing to unpack .../167-libsm6_2%3a1.2.3-1build2_amd64.deb ...
Unpacking libsm6:amd64 (2:1.2.3-1build2) ...
Selecting previously unselected package libxt6:amd64.
Preparing to unpack .../168-libxt6_1%3a1.2.1-1_amd64.deb ...
Unpacking libxt6:amd64 (1:1.2.1-1) ...
Selecting previously unselected package libice-dev:amd64.
Preparing to unpack .../169-libice-dev_2%3a1.0.10-1build2_amd64.deb ...
Unpacking libice-dev:amd64 (2:1.0.10-1build2) ...
Selecting previously unselected package libsm-dev:amd64.
Preparing to unpack .../170-libsm-dev_2%3a1.2.3-1build2_amd64.deb ...
Unpacking libsm-dev:amd64 (2:1.2.3-1build2) ...
Selecting previously unselected package libxt-dev:amd64.
Preparing to unpack .../171-libxt-dev_1%3a1.2.1-1_amd64.deb ...
Unpacking libxt-dev:amd64 (1:1.2.1-1) ...
Selecting previously unselected package freeglut3-dev:amd64.
Preparing to unpack .../172-freeglut3-dev_2.8.1-6_amd64.deb ...
Unpacking freeglut3-dev:amd64 (2.8.1-6) ...
Selecting previously unselected package libgfortran5:amd64.
Preparing to unpack .../173-libgfortran5_12.3.0-1ubuntu1~22.04_amd64.deb ...
Unpacking libgfortran5:amd64 (12.3.0-1ubuntu1~22.04) ...
Selecting previously unselected package libgfortran-11-dev:amd64.
Preparing to unpack .../174-libgfortran-11-dev_11.4.0-1ubuntu1~22.04_amd64.deb ...
Unpacking libgfortran-11-dev:amd64 (11.4.0-1ubuntu1~22.04) ...
Selecting previously unselected package gfortran-11.
Preparing to unpack .../175-gfortran-11_11.4.0-1ubuntu1~22.04_amd64.deb ...
Unpacking gfortran-11 (11.4.0-1ubuntu1~22.04) ...
Selecting previously unselected package gfortran.
Preparing to unpack .../176-gfortran_4%3a11.2.0-1ubuntu1_amd64.deb ...
Unpacking gfortran (4:11.2.0-1ubuntu1) ...
Selecting previously unselected package libpackagekit-glib2-18:amd64.
Preparing to unpack .../177-libpackagekit-glib2-18_1.2.5-2ubuntu3_amd64.deb ...
Unpacking libpackagekit-glib2-18:amd64 (1.2.5-2ubuntu3) ...
Selecting previously unselected package gir1.2-packagekitglib-1.0.
Preparing to unpack .../178-gir1.2-packagekitglib-1.0_1.2.5-2ubuntu3_amd64.deb ...
Unpacking gir1.2-packagekitglib-1.0 (1.2.5-2ubuntu3) ...
Selecting previously unselected package libcurl3-gnutls:amd64.
Preparing to unpack .../179-libcurl3-gnutls_7.81.0-1ubuntu1.20_amd64.deb ...
Unpacking libcurl3-gnutls:amd64 (7.81.0-1ubuntu1.20) ...
Selecting previously unselected package liberror-perl.
Preparing to unpack .../180-liberror-perl_0.17029-1_all.deb ...
Unpacking liberror-perl (0.17029-1) ...
Selecting previously unselected package git-man.
Preparing to unpack .../181-git-man_1%3a2.34.1-1ubuntu1.15_all.deb ...
Unpacking git-man (1:2.34.1-1ubuntu1.15) ...
Selecting previously unselected package git.
Preparing to unpack .../182-git_1%3a2.34.1-1ubuntu1.15_amd64.deb ...
Unpacking git (1:2.34.1-1ubuntu1.15) ...
Selecting previously unselected package libassuan0:amd64.
Preparing to unpack .../183-libassuan0_2.5.5-1build1_amd64.deb ...
Unpacking libassuan0:amd64 (2.5.5-1build1) ...
Selecting previously unselected package gpgconf.
Preparing to unpack .../184-gpgconf_2.2.27-3ubuntu2.4_amd64.deb ...
Unpacking gpgconf (2.2.27-3ubuntu2.4) ...
Selecting previously unselected package gpg.
Preparing to unpack .../185-gpg_2.2.27-3ubuntu2.4_amd64.deb ...
Unpacking gpg (2.2.27-3ubuntu2.4) ...
Selecting previously unselected package libnl-3-200:amd64.
Preparing to unpack .../186-libnl-3-200_3.5.0-0.1_amd64.deb ...
Unpacking libnl-3-200:amd64 (3.5.0-0.1) ...
Selecting previously unselected package libnl-route-3-200:amd64.
Preparing to unpack .../187-libnl-route-3-200_3.5.0-0.1_amd64.deb ...
Unpacking libnl-route-3-200:amd64 (3.5.0-0.1) ...
Selecting previously unselected package libibverbs1:amd64.
Preparing to unpack .../188-libibverbs1_39.0-1_amd64.deb ...
Unpacking libibverbs1:amd64 (39.0-1) ...
Selecting previously unselected package ibverbs-providers:amd64.
Preparing to unpack .../189-ibverbs-providers_39.0-1_amd64.deb ...
Unpacking ibverbs-providers:amd64 (39.0-1) ...
Selecting previously unselected package icu-devtools.
Preparing to unpack .../190-icu-devtools_70.1-2_amd64.deb ...
Unpacking icu-devtools (70.1-2) ...
Selecting previously unselected package libstemmer0d:amd64.
Preparing to unpack .../191-libstemmer0d_2.2.0-1build1_amd64.deb ...
Unpacking libstemmer0d:amd64 (2.2.0-1build1) ...
Selecting previously unselected package libxmlb2:amd64.
Preparing to unpack .../192-libxmlb2_0.3.6-2build1_amd64.deb ...
Unpacking libxmlb2:amd64 (0.3.6-2build1) ...
Selecting previously unselected package libappstream4:amd64.
Preparing to unpack .../193-libappstream4_0.15.2-2_amd64.deb ...
Unpacking libappstream4:amd64 (0.15.2-2) ...
Selecting previously unselected package libblas3:amd64.
Preparing to unpack .../194-libblas3_3.10.0-2ubuntu1_amd64.deb ...
Unpacking libblas3:amd64 (3.10.0-2ubuntu1) ...
Selecting previously unselected package libblas-dev:amd64.
Preparing to unpack .../195-libblas-dev_3.10.0-2ubuntu1_amd64.deb ...
Unpacking libblas-dev:amd64 (3.10.0-2ubuntu1) ...
Selecting previously unselected package libboost1.74-dev:amd64.
Preparing to unpack .../196-libboost1.74-dev_1.74.0-14ubuntu3_amd64.deb ...
Unpacking libboost1.74-dev:amd64 (1.74.0-14ubuntu3) ...
Selecting previously unselected package libboost-dev:amd64.
Preparing to unpack .../197-libboost-dev_1.74.0.3ubuntu7_amd64.deb ...
Unpacking libboost-dev:amd64 (1.74.0.3ubuntu7) ...
Selecting previously unselected package libboost1.74-tools-dev.
Preparing to unpack .../198-libboost1.74-tools-dev_1.74.0-14ubuntu3_amd64.deb ...
Unpacking libboost1.74-tools-dev (1.74.0-14ubuntu3) ...
Selecting previously unselected package libboost-tools-dev.
Preparing to unpack .../199-libboost-tools-dev_1.74.0.3ubuntu7_amd64.deb ...
Unpacking libboost-tools-dev (1.74.0.3ubuntu7) ...
Selecting previously unselected package libboost-atomic1.74.0:amd64.
Preparing to unpack .../200-libboost-atomic1.74.0_1.74.0-14ubuntu3_amd64.deb ...
Unpacking libboost-atomic1.74.0:amd64 (1.74.0-14ubuntu3) ...
Selecting previously unselected package libboost-atomic1.74-dev:amd64.
Preparing to unpack .../201-libboost-atomic1.74-dev_1.74.0-14ubuntu3_amd64.deb ...
Unpacking libboost-atomic1.74-dev:amd64 (1.74.0-14ubuntu3) ...
Selecting previously unselected package libboost-atomic-dev:amd64.
Preparing to unpack .../202-libboost-atomic-dev_1.74.0.3ubuntu7_amd64.deb ...
Unpacking libboost-atomic-dev:amd64 (1.74.0.3ubuntu7) ...
Selecting previously unselected package libboost-chrono1.74.0:amd64.
Preparing to unpack .../203-libboost-chrono1.74.0_1.74.0-14ubuntu3_amd64.deb ...
Unpacking libboost-chrono1.74.0:amd64 (1.74.0-14ubuntu3) ...
Selecting previously unselected package libboost-chrono1.74-dev:amd64.
Preparing to unpack .../204-libboost-chrono1.74-dev_1.74.0-14ubuntu3_amd64.deb ...
Unpacking libboost-chrono1.74-dev:amd64 (1.74.0-14ubuntu3) ...
Selecting previously unselected package libboost-chrono-dev:amd64.
Preparing to unpack .../205-libboost-chrono-dev_1.74.0.3ubuntu7_amd64.deb ...
Unpacking libboost-chrono-dev:amd64 (1.74.0.3ubuntu7) ...
Selecting previously unselected package libboost-container1.74.0:amd64.
Preparing to unpack .../206-libboost-container1.74.0_1.74.0-14ubuntu3_amd64.deb ...
Unpacking libboost-container1.74.0:amd64 (1.74.0-14ubuntu3) ...
Selecting previously unselected package libboost-container1.74-dev:amd64.
Preparing to unpack .../207-libboost-container1.74-dev_1.74.0-14ubuntu3_amd64.deb ...
Unpacking libboost-container1.74-dev:amd64 (1.74.0-14ubuntu3) ...
Selecting previously unselected package libboost-container-dev:amd64.
Preparing to unpack .../208-libboost-container-dev_1.74.0.3ubuntu7_amd64.deb ...
Unpacking libboost-container-dev:amd64 (1.74.0.3ubuntu7) ...
Selecting previously unselected package libboost-date-time1.74.0:amd64.
Preparing to unpack .../209-libboost-date-time1.74.0_1.74.0-14ubuntu3_amd64.deb ...
Unpacking libboost-date-time1.74.0:amd64 (1.74.0-14ubuntu3) ...
Selecting previously unselected package libboost-serialization1.74.0:amd64.
Preparing to unpack .../210-libboost-serialization1.74.0_1.74.0-14ubuntu3_amd64.deb ...
Unpacking libboost-serialization1.74.0:amd64 (1.74.0-14ubuntu3) ...
Selecting previously unselected package libboost-serialization1.74-dev:amd64.
Preparing to unpack .../211-libboost-serialization1.74-dev_1.74.0-14ubuntu3_amd64.deb ...
Unpacking libboost-serialization1.74-dev:amd64 (1.74.0-14ubuntu3) ...
Selecting previously unselected package libboost-date-time1.74-dev:amd64.
Preparing to unpack .../212-libboost-date-time1.74-dev_1.74.0-14ubuntu3_amd64.deb ...
Unpacking libboost-date-time1.74-dev:amd64 (1.74.0-14ubuntu3) ...
Selecting previously unselected package libboost-system1.74.0:amd64.
Preparing to unpack .../213-libboost-system1.74.0_1.74.0-14ubuntu3_amd64.deb ...
Unpacking libboost-system1.74.0:amd64 (1.74.0-14ubuntu3) ...
Selecting previously unselected package libboost-system1.74-dev:amd64.
Preparing to unpack .../214-libboost-system1.74-dev_1.74.0-14ubuntu3_amd64.deb ...
Unpacking libboost-system1.74-dev:amd64 (1.74.0-14ubuntu3) ...
Selecting previously unselected package libboost-thread1.74.0:amd64.
Preparing to unpack .../215-libboost-thread1.74.0_1.74.0-14ubuntu3_amd64.deb ...
Unpacking libboost-thread1.74.0:amd64 (1.74.0-14ubuntu3) ...
Selecting previously unselected package libboost-thread1.74-dev:amd64.
Preparing to unpack .../216-libboost-thread1.74-dev_1.74.0-14ubuntu3_amd64.deb ...
Unpacking libboost-thread1.74-dev:amd64 (1.74.0-14ubuntu3) ...
Selecting previously unselected package libboost-context1.74.0:amd64.
Preparing to unpack .../217-libboost-context1.74.0_1.74.0-14ubuntu3_amd64.deb ...
Unpacking libboost-context1.74.0:amd64 (1.74.0-14ubuntu3) ...
Selecting previously unselected package libboost-context1.74-dev:amd64.
Preparing to unpack .../218-libboost-context1.74-dev_1.74.0-14ubuntu3_amd64.deb ...
Unpacking libboost-context1.74-dev:amd64 (1.74.0-14ubuntu3) ...
Selecting previously unselected package libboost-context-dev:amd64.
Preparing to unpack .../219-libboost-context-dev_1.74.0.3ubuntu7_amd64.deb ...
Unpacking libboost-context-dev:amd64 (1.74.0.3ubuntu7) ...
Selecting previously unselected package libboost-coroutine1.74.0:amd64.
Preparing to unpack .../220-libboost-coroutine1.74.0_1.74.0-14ubuntu3_amd64.deb ...
Unpacking libboost-coroutine1.74.0:amd64 (1.74.0-14ubuntu3) ...
Selecting previously unselected package libboost-coroutine1.74-dev:amd64.
Preparing to unpack .../221-libboost-coroutine1.74-dev_1.74.0-14ubuntu3_amd64.deb ...
Unpacking libboost-coroutine1.74-dev:amd64 (1.74.0-14ubuntu3) ...
Selecting previously unselected package libboost-coroutine-dev:amd64.
Preparing to unpack .../222-libboost-coroutine-dev_1.74.0.3ubuntu7_amd64.deb ...
Unpacking libboost-coroutine-dev:amd64 (1.74.0.3ubuntu7) ...
Selecting previously unselected package libboost-date-time-dev:amd64.
Preparing to unpack .../223-libboost-date-time-dev_1.74.0.3ubuntu7_amd64.deb ...
Unpacking libboost-date-time-dev:amd64 (1.74.0.3ubuntu7) ...
Selecting previously unselected package libboost-exception1.74-dev:amd64.
Preparing to unpack .../224-libboost-exception1.74-dev_1.74.0-14ubuntu3_amd64.deb ...
Unpacking libboost-exception1.74-dev:amd64 (1.74.0-14ubuntu3) ...
Selecting previously unselected package libboost-exception-dev:amd64.
Preparing to unpack .../225-libboost-exception-dev_1.74.0.3ubuntu7_amd64.deb ...
Unpacking libboost-exception-dev:amd64 (1.74.0.3ubuntu7) ...
Selecting previously unselected package libboost-filesystem1.74.0:amd64.
Preparing to unpack .../226-libboost-filesystem1.74.0_1.74.0-14ubuntu3_amd64.deb ...
Unpacking libboost-filesystem1.74.0:amd64 (1.74.0-14ubuntu3) ...
Selecting previously unselected package libboost-filesystem1.74-dev:amd64.
Preparing to unpack .../227-libboost-filesystem1.74-dev_1.74.0-14ubuntu3_amd64.deb ...
Unpacking libboost-filesystem1.74-dev:amd64 (1.74.0-14ubuntu3) ...
Selecting previously unselected package libboost-fiber1.74.0:amd64.
Preparing to unpack .../228-libboost-fiber1.74.0_1.74.0-14ubuntu3_amd64.deb ...
Unpacking libboost-fiber1.74.0:amd64 (1.74.0-14ubuntu3) ...
Selecting previously unselected package libboost-fiber1.74-dev:amd64.
Preparing to unpack .../229-libboost-fiber1.74-dev_1.74.0-14ubuntu3_amd64.deb ...
Unpacking libboost-fiber1.74-dev:amd64 (1.74.0-14ubuntu3) ...
Selecting previously unselected package libboost-fiber-dev:amd64.
Preparing to unpack .../230-libboost-fiber-dev_1.74.0.3ubuntu7_amd64.deb ...
Unpacking libboost-fiber-dev:amd64 (1.74.0.3ubuntu7) ...
Selecting previously unselected package libboost-filesystem-dev:amd64.
Preparing to unpack .../231-libboost-filesystem-dev_1.74.0.3ubuntu7_amd64.deb ...
Unpacking libboost-filesystem-dev:amd64 (1.74.0.3ubuntu7) ...
Selecting previously unselected package libboost-regex1.74.0:amd64.
Preparing to unpack .../232-libboost-regex1.74.0_1.74.0-14ubuntu3_amd64.deb ...
Unpacking libboost-regex1.74.0:amd64 (1.74.0-14ubuntu3) ...
Selecting previously unselected package libboost-graph1.74.0:amd64.
Preparing to unpack .../233-libboost-graph1.74.0_1.74.0-14ubuntu3_amd64.deb ...
Unpacking libboost-graph1.74.0:amd64 (1.74.0-14ubuntu3) ...
Selecting previously unselected package libicu-dev:amd64.
Preparing to unpack .../234-libicu-dev_70.1-2_amd64.deb ...
Unpacking libicu-dev:amd64 (70.1-2) ...
Selecting previously unselected package libboost-regex1.74-dev:amd64.
Preparing to unpack .../235-libboost-regex1.74-dev_1.74.0-14ubuntu3_amd64.deb ...
Unpacking libboost-regex1.74-dev:amd64 (1.74.0-14ubuntu3) ...
Selecting previously unselected package libboost-test1.74.0:amd64.
Preparing to unpack .../236-libboost-test1.74.0_1.74.0-14ubuntu3_amd64.deb ...
Unpacking libboost-test1.74.0:amd64 (1.74.0-14ubuntu3) ...
Selecting previously unselected package libboost-test1.74-dev:amd64.
Preparing to unpack .../237-libboost-test1.74-dev_1.74.0-14ubuntu3_amd64.deb ...
Unpacking libboost-test1.74-dev:amd64 (1.74.0-14ubuntu3) ...
Selecting previously unselected package libboost-graph1.74-dev:amd64.
Preparing to unpack .../238-libboost-graph1.74-dev_1.74.0-14ubuntu3_amd64.deb ...
Unpacking libboost-graph1.74-dev:amd64 (1.74.0-14ubuntu3) ...
Selecting previously unselected package libboost-graph-dev:amd64.
Preparing to unpack .../239-libboost-graph-dev_1.74.0.3ubuntu7_amd64.deb ...
Unpacking libboost-graph-dev:amd64 (1.74.0.3ubuntu7) ...
Selecting previously unselected package libevent-core-2.1-7:amd64.
Preparing to unpack .../240-libevent-core-2.1-7_2.1.12-stable-1build3_amd64.deb ...
Unpacking libevent-core-2.1-7:amd64 (2.1.12-stable-1build3) ...
Selecting previously unselected package libevent-pthreads-2.1-7:amd64.
Preparing to unpack .../241-libevent-pthreads-2.1-7_2.1.12-stable-1build3_amd64.deb ...
Unpacking libevent-pthreads-2.1-7:amd64 (2.1.12-stable-1build3) ...
Selecting previously unselected package libpsm-infinipath1.
Preparing to unpack .../242-libpsm-infinipath1_3.3+20.604758e7-6.1_amd64.deb ...
Unpacking libpsm-infinipath1 (3.3+20.604758e7-6.1) ...
Selecting previously unselected package libpsm2-2.
Preparing to unpack .../243-libpsm2-2_11.2.185-1_amd64.deb ...
Unpacking libpsm2-2 (11.2.185-1) ...
Selecting previously unselected package librdmacm1:amd64.
Preparing to unpack .../244-librdmacm1_39.0-1_amd64.deb ...
Unpacking librdmacm1:amd64 (39.0-1) ...
Selecting previously unselected package libfabric1:amd64.
Preparing to unpack .../245-libfabric1_1.11.0-3_amd64.deb ...
Unpacking libfabric1:amd64 (1.11.0-3) ...
Selecting previously unselected package libhwloc15:amd64.
Preparing to unpack .../246-libhwloc15_2.7.0-2ubuntu1_amd64.deb ...
Unpacking libhwloc15:amd64 (2.7.0-2ubuntu1) ...
Selecting previously unselected package libxnvctrl0:amd64.
Preparing to unpack .../247-libxnvctrl0_510.47.03-0ubuntu1_amd64.deb ...
Unpacking libxnvctrl0:amd64 (510.47.03-0ubuntu1) ...
Selecting previously unselected package ocl-icd-libopencl1:amd64.
Preparing to unpack .../248-ocl-icd-libopencl1_2.2.14-3_amd64.deb ...
Unpacking ocl-icd-libopencl1:amd64 (2.2.14-3) ...
Selecting previously unselected package libhwloc-plugins:amd64.
Preparing to unpack .../249-libhwloc-plugins_2.7.0-2ubuntu1_amd64.deb ...
Unpacking libhwloc-plugins:amd64 (2.7.0-2ubuntu1) ...
Selecting previously unselected package libpmix2:amd64.
Preparing to unpack .../250-libpmix2_4.1.2-2ubuntu1_amd64.deb ...
Unpacking libpmix2:amd64 (4.1.2-2ubuntu1) ...
Selecting previously unselected package libucx0:amd64.
Preparing to unpack .../251-libucx0_1.12.1~rc2-1_amd64.deb ...
Unpacking libucx0:amd64 (1.12.1~rc2-1) ...
Selecting previously unselected package libopenmpi3:amd64.
Preparing to unpack .../252-libopenmpi3_4.1.2-2ubuntu1_amd64.deb ...
Unpacking libopenmpi3:amd64 (4.1.2-2ubuntu1) ...
Selecting previously unselected package libboost-mpi1.74.0.
Preparing to unpack .../253-libboost-mpi1.74.0_1.74.0-14ubuntu3_amd64.deb ...
Unpacking libboost-mpi1.74.0 (1.74.0-14ubuntu3) ...
Selecting previously unselected package libboost-graph-parallel1.74.0.
Preparing to unpack .../254-libboost-graph-parallel1.74.0_1.74.0-14ubuntu3_amd64.deb ...
Unpacking libboost-graph-parallel1.74.0 (1.74.0-14ubuntu3) ...
Selecting previously unselected package libboost-graph-parallel1.74-dev.
Preparing to unpack .../255-libboost-graph-parallel1.74-dev_1.74.0-14ubuntu3_amd64.deb ...
Unpacking libboost-graph-parallel1.74-dev (1.74.0-14ubuntu3) ...
Selecting previously unselected package libboost-graph-parallel-dev.
Preparing to unpack .../256-libboost-graph-parallel-dev_1.74.0.3ubuntu7_amd64.deb ...
Unpacking libboost-graph-parallel-dev (1.74.0.3ubuntu7) ...
Selecting previously unselected package libboost-iostreams1.74.0:amd64.
Preparing to unpack .../257-libboost-iostreams1.74.0_1.74.0-14ubuntu3_amd64.deb ...
Unpacking libboost-iostreams1.74.0:amd64 (1.74.0-14ubuntu3) ...
Selecting previously unselected package libboost-iostreams1.74-dev:amd64.
Preparing to unpack .../258-libboost-iostreams1.74-dev_1.74.0-14ubuntu3_amd64.deb ...
Unpacking libboost-iostreams1.74-dev:amd64 (1.74.0-14ubuntu3) ...
Selecting previously unselected package libboost-iostreams-dev:amd64.
Preparing to unpack .../259-libboost-iostreams-dev_1.74.0.3ubuntu7_amd64.deb ...
Unpacking libboost-iostreams-dev:amd64 (1.74.0.3ubuntu7) ...
Selecting previously unselected package libboost-locale1.74.0:amd64.
Preparing to unpack .../260-libboost-locale1.74.0_1.74.0-14ubuntu3_amd64.deb ...
Unpacking libboost-locale1.74.0:amd64 (1.74.0-14ubuntu3) ...
Selecting previously unselected package libboost-locale1.74-dev:amd64.
Preparing to unpack .../261-libboost-locale1.74-dev_1.74.0-14ubuntu3_amd64.deb ...
Unpacking libboost-locale1.74-dev:amd64 (1.74.0-14ubuntu3) ...
Selecting previously unselected package libboost-locale-dev:amd64.
Preparing to unpack .../262-libboost-locale-dev_1.74.0.3ubuntu7_amd64.deb ...
Unpacking libboost-locale-dev:amd64 (1.74.0.3ubuntu7) ...
Selecting previously unselected package libboost-log1.74.0.
Preparing to unpack .../263-libboost-log1.74.0_1.74.0-14ubuntu3_amd64.deb ...
Unpacking libboost-log1.74.0 (1.74.0-14ubuntu3) ...
Selecting previously unselected package libboost-log1.74-dev.
Preparing to unpack .../264-libboost-log1.74-dev_1.74.0-14ubuntu3_amd64.deb ...
Unpacking libboost-log1.74-dev (1.74.0-14ubuntu3) ...
Selecting previously unselected package libboost-log-dev.
Preparing to unpack .../265-libboost-log-dev_1.74.0.3ubuntu7_amd64.deb ...
Unpacking libboost-log-dev (1.74.0.3ubuntu7) ...
Selecting previously unselected package libboost-math1.74.0:amd64.
Preparing to unpack .../266-libboost-math1.74.0_1.74.0-14ubuntu3_amd64.deb ...
Unpacking libboost-math1.74.0:amd64 (1.74.0-14ubuntu3) ...
Selecting previously unselected package libboost-math1.74-dev:amd64.
Preparing to unpack .../267-libboost-math1.74-dev_1.74.0-14ubuntu3_amd64.deb ...
Unpacking libboost-math1.74-dev:amd64 (1.74.0-14ubuntu3) ...
Selecting previously unselected package libboost-math-dev:amd64.
Preparing to unpack .../268-libboost-math-dev_1.74.0.3ubuntu7_amd64.deb ...
Unpacking libboost-math-dev:amd64 (1.74.0.3ubuntu7) ...
Selecting previously unselected package openmpi-common.
Preparing to unpack .../269-openmpi-common_4.1.2-2ubuntu1_all.deb ...
Unpacking openmpi-common (4.1.2-2ubuntu1) ...
Selecting previously unselected package libnl-3-dev:amd64.
Preparing to unpack .../270-libnl-3-dev_3.5.0-0.1_amd64.deb ...
Unpacking libnl-3-dev:amd64 (3.5.0-0.1) ...
Selecting previously unselected package libnl-route-3-dev:amd64.
Preparing to unpack .../271-libnl-route-3-dev_3.5.0-0.1_amd64.deb ...
Unpacking libnl-route-3-dev:amd64 (3.5.0-0.1) ...
Selecting previously unselected package libibverbs-dev:amd64.
Preparing to unpack .../272-libibverbs-dev_39.0-1_amd64.deb ...
Unpacking libibverbs-dev:amd64 (39.0-1) ...
Selecting previously unselected package libnuma-dev:amd64.
Preparing to unpack .../273-libnuma-dev_2.0.14-3ubuntu2_amd64.deb ...
Unpacking libnuma-dev:amd64 (2.0.14-3ubuntu2) ...
Selecting previously unselected package libltdl7:amd64.
Preparing to unpack .../274-libltdl7_2.4.6-15build2_amd64.deb ...
Unpacking libltdl7:amd64 (2.4.6-15build2) ...
Selecting previously unselected package libltdl-dev:amd64.
Preparing to unpack .../275-libltdl-dev_2.4.6-15build2_amd64.deb ...
Unpacking libltdl-dev:amd64 (2.4.6-15build2) ...
Selecting previously unselected package libhwloc-dev:amd64.
Preparing to unpack .../276-libhwloc-dev_2.7.0-2ubuntu1_amd64.deb ...
Unpacking libhwloc-dev:amd64 (2.7.0-2ubuntu1) ...
Selecting previously unselected package libevent-2.1-7:amd64.
Preparing to unpack .../277-libevent-2.1-7_2.1.12-stable-1build3_amd64.deb ...
Unpacking libevent-2.1-7:amd64 (2.1.12-stable-1build3) ...
Selecting previously unselected package libevent-extra-2.1-7:amd64.
Preparing to unpack .../278-libevent-extra-2.1-7_2.1.12-stable-1build3_amd64.deb ...
Unpacking libevent-extra-2.1-7:amd64 (2.1.12-stable-1build3) ...
Selecting previously unselected package libevent-openssl-2.1-7:amd64.
Preparing to unpack .../279-libevent-openssl-2.1-7_2.1.12-stable-1build3_amd64.deb ...
Unpacking libevent-openssl-2.1-7:amd64 (2.1.12-stable-1build3) ...
Selecting previously unselected package libevent-dev.
Preparing to unpack .../280-libevent-dev_2.1.12-stable-1build3_amd64.deb ...
Unpacking libevent-dev (2.1.12-stable-1build3) ...
Selecting previously unselected package zlib1g-dev:amd64.
Preparing to unpack .../281-zlib1g-dev_1%3a1.2.11.dfsg-2ubuntu9.2_amd64.deb ...
Unpacking zlib1g-dev:amd64 (1:1.2.11.dfsg-2ubuntu9.2) ...
Selecting previously unselected package libpmix-dev:amd64.
Preparing to unpack .../282-libpmix-dev_4.1.2-2ubuntu1_amd64.deb ...
Unpacking libpmix-dev:amd64 (4.1.2-2ubuntu1) ...
Selecting previously unselected package libjs-jquery.
Preparing to unpack .../283-libjs-jquery_3.6.0+dfsg+~3.5.13-1_all.deb ...
Unpacking libjs-jquery (3.6.0+dfsg+~3.5.13-1) ...
Selecting previously unselected package libjs-jquery-ui.
Preparing to unpack .../284-libjs-jquery-ui_1.13.1+dfsg-1_all.deb ...
Unpacking libjs-jquery-ui (1.13.1+dfsg-1) ...
Selecting previously unselected package openmpi-bin.
Preparing to unpack .../285-openmpi-bin_4.1.2-2ubuntu1_amd64.deb ...
Unpacking openmpi-bin (4.1.2-2ubuntu1) ...
Selecting previously unselected package libopenmpi-dev:amd64.
Preparing to unpack .../286-libopenmpi-dev_4.1.2-2ubuntu1_amd64.deb ...
Unpacking libopenmpi-dev:amd64 (4.1.2-2ubuntu1) ...
Selecting previously unselected package mpi-default-dev.
Preparing to unpack .../287-mpi-default-dev_1.14_amd64.deb ...
Unpacking mpi-default-dev (1.14) ...
Selecting previously unselected package libboost-mpi1.74-dev.
Preparing to unpack .../288-libboost-mpi1.74-dev_1.74.0-14ubuntu3_amd64.deb ...
Unpacking libboost-mpi1.74-dev (1.74.0-14ubuntu3) ...
Selecting previously unselected package libboost-mpi-dev.
Preparing to unpack .../289-libboost-mpi-dev_1.74.0.3ubuntu7_amd64.deb ...
Unpacking libboost-mpi-dev (1.74.0.3ubuntu7) ...
Selecting previously unselected package libboost-python1.74.0.
Preparing to unpack .../290-libboost-python1.74.0_1.74.0-14ubuntu3_amd64.deb ...
Unpacking libboost-python1.74.0 (1.74.0-14ubuntu3) ...
Selecting previously unselected package mpi-default-bin.
Preparing to unpack .../291-mpi-default-bin_1.14_amd64.deb ...
Unpacking mpi-default-bin (1.14) ...
Selecting previously unselected package libboost-mpi-python1.74.0.
Preparing to unpack .../292-libboost-mpi-python1.74.0_1.74.0-14ubuntu3_amd64.deb ...
Unpacking libboost-mpi-python1.74.0 (1.74.0-14ubuntu3) ...
Selecting previously unselected package libboost-mpi-python1.74-dev.
Preparing to unpack .../293-libboost-mpi-python1.74-dev_1.74.0-14ubuntu3_amd64.deb ...
Unpacking libboost-mpi-python1.74-dev (1.74.0-14ubuntu3) ...
Selecting previously unselected package libboost-mpi-python-dev.
Preparing to unpack .../294-libboost-mpi-python-dev_1.74.0.3ubuntu7_amd64.deb ...
Unpacking libboost-mpi-python-dev (1.74.0.3ubuntu7) ...
Selecting previously unselected package libboost-numpy1.74.0.
Preparing to unpack .../295-libboost-numpy1.74.0_1.74.0-14ubuntu3_amd64.deb ...
Unpacking libboost-numpy1.74.0 (1.74.0-14ubuntu3) ...
Selecting previously unselected package libboost-numpy1.74-dev.
Preparing to unpack .../296-libboost-numpy1.74-dev_1.74.0-14ubuntu3_amd64.deb ...
Unpacking libboost-numpy1.74-dev (1.74.0-14ubuntu3) ...
Selecting previously unselected package libboost-numpy-dev.
Preparing to unpack .../297-libboost-numpy-dev_1.74.0.3ubuntu7_amd64.deb ...
Unpacking libboost-numpy-dev (1.74.0.3ubuntu7) ...
Selecting previously unselected package libboost-program-options1.74.0:amd64.
Preparing to unpack .../298-libboost-program-options1.74.0_1.74.0-14ubuntu3_amd64.deb ...
Unpacking libboost-program-options1.74.0:amd64 (1.74.0-14ubuntu3) ...
Selecting previously unselected package libboost-program-options1.74-dev:amd64.
Preparing to unpack .../299-libboost-program-options1.74-dev_1.74.0-14ubuntu3_amd64.deb ...
Unpacking libboost-program-options1.74-dev:amd64 (1.74.0-14ubuntu3) ...
Selecting previously unselected package libboost-program-options-dev:amd64.
Preparing to unpack .../300-libboost-program-options-dev_1.74.0.3ubuntu7_amd64.deb ...
Unpacking libboost-program-options-dev:amd64 (1.74.0.3ubuntu7) ...
Selecting previously unselected package libpython3.10:amd64.
Preparing to unpack .../301-libpython3.10_3.10.12-1~22.04.10_amd64.deb ...
Unpacking libpython3.10:amd64 (3.10.12-1~22.04.10) ...
Selecting previously unselected package libexpat1-dev:amd64.
Preparing to unpack .../302-libexpat1-dev_2.4.7-1ubuntu0.6_amd64.deb ...
Unpacking libexpat1-dev:amd64 (2.4.7-1ubuntu0.6) ...
Selecting previously unselected package libpython3.10-dev:amd64.
Preparing to unpack .../303-libpython3.10-dev_3.10.12-1~22.04.10_amd64.deb ...
Unpacking libpython3.10-dev:amd64 (3.10.12-1~22.04.10) ...
Selecting previously unselected package libpython3-dev:amd64.
Preparing to unpack .../304-libpython3-dev_3.10.6-1~22.04.1_amd64.deb ...
Unpacking libpython3-dev:amd64 (3.10.6-1~22.04.1) ...
Selecting previously unselected package python3.10-dev.
Preparing to unpack .../305-python3.10-dev_3.10.12-1~22.04.10_amd64.deb ...
Unpacking python3.10-dev (3.10.12-1~22.04.10) ...
Selecting previously unselected package python3-lib2to3.
Preparing to unpack .../306-python3-lib2to3_3.10.8-1~22.04_all.deb ...
Unpacking python3-lib2to3 (3.10.8-1~22.04) ...
Selecting previously unselected package python3-distutils.
Preparing to unpack .../307-python3-distutils_3.10.8-1~22.04_all.deb ...
Unpacking python3-distutils (3.10.8-1~22.04) ...
Selecting previously unselected package libjs-underscore.
Preparing to unpack .../308-libjs-underscore_1.13.2~dfsg-2_all.deb ...
Unpacking libjs-underscore (1.13.2~dfsg-2) ...
Selecting previously unselected package libjs-sphinxdoc.
Preparing to unpack .../309-libjs-sphinxdoc_4.3.2-1_all.deb ...
Unpacking libjs-sphinxdoc (4.3.2-1) ...
Selecting previously unselected package python3-dev.
Preparing to unpack .../310-python3-dev_3.10.6-1~22.04.1_amd64.deb ...
Unpacking python3-dev (3.10.6-1~22.04.1) ...
Selecting previously unselected package libboost-python1.74-dev.
Preparing to unpack .../311-libboost-python1.74-dev_1.74.0-14ubuntu3_amd64.deb ...
Unpacking libboost-python1.74-dev (1.74.0-14ubuntu3) ...
Selecting previously unselected package libboost-python-dev.
Preparing to unpack .../312-libboost-python-dev_1.74.0.3ubuntu7_amd64.deb ...
Unpacking libboost-python-dev (1.74.0.3ubuntu7) ...
Selecting previously unselected package libboost-random1.74.0:amd64.
Preparing to unpack .../313-libboost-random1.74.0_1.74.0-14ubuntu3_amd64.deb ...
Unpacking libboost-random1.74.0:amd64 (1.74.0-14ubuntu3) ...
Selecting previously unselected package libboost-random1.74-dev:amd64.
Preparing to unpack .../314-libboost-random1.74-dev_1.74.0-14ubuntu3_amd64.deb ...
Unpacking libboost-random1.74-dev:amd64 (1.74.0-14ubuntu3) ...
Selecting previously unselected package libboost-random-dev:amd64.
Preparing to unpack .../315-libboost-random-dev_1.74.0.3ubuntu7_amd64.deb ...
Unpacking libboost-random-dev:amd64 (1.74.0.3ubuntu7) ...
Selecting previously unselected package libboost-regex-dev:amd64.
Preparing to unpack .../316-libboost-regex-dev_1.74.0.3ubuntu7_amd64.deb ...
Unpacking libboost-regex-dev:amd64 (1.74.0.3ubuntu7) ...
Selecting previously unselected package libboost-serialization-dev:amd64.
Preparing to unpack .../317-libboost-serialization-dev_1.74.0.3ubuntu7_amd64.deb ...
Unpacking libboost-serialization-dev:amd64 (1.74.0.3ubuntu7) ...
Selecting previously unselected package libboost-stacktrace1.74.0:amd64.
Preparing to unpack .../318-libboost-stacktrace1.74.0_1.74.0-14ubuntu3_amd64.deb ...
Unpacking libboost-stacktrace1.74.0:amd64 (1.74.0-14ubuntu3) ...
Selecting previously unselected package libboost-stacktrace1.74-dev:amd64.
Preparing to unpack .../319-libboost-stacktrace1.74-dev_1.74.0-14ubuntu3_amd64.deb ...
Unpacking libboost-stacktrace1.74-dev:amd64 (1.74.0-14ubuntu3) ...
Selecting previously unselected package libboost-stacktrace-dev:amd64.
Preparing to unpack .../320-libboost-stacktrace-dev_1.74.0.3ubuntu7_amd64.deb ...
Unpacking libboost-stacktrace-dev:amd64 (1.74.0.3ubuntu7) ...
Selecting previously unselected package libboost-system-dev:amd64.
Preparing to unpack .../321-libboost-system-dev_1.74.0.3ubuntu7_amd64.deb ...
Unpacking libboost-system-dev:amd64 (1.74.0.3ubuntu7) ...
Selecting previously unselected package libboost-test-dev:amd64.
Preparing to unpack .../322-libboost-test-dev_1.74.0.3ubuntu7_amd64.deb ...
Unpacking libboost-test-dev:amd64 (1.74.0.3ubuntu7) ...
Selecting previously unselected package libboost-thread-dev:amd64.
Preparing to unpack .../323-libboost-thread-dev_1.74.0.3ubuntu7_amd64.deb ...
Unpacking libboost-thread-dev:amd64 (1.74.0.3ubuntu7) ...
Selecting previously unselected package libboost-timer1.74.0:amd64.
Preparing to unpack .../324-libboost-timer1.74.0_1.74.0-14ubuntu3_amd64.deb ...
Unpacking libboost-timer1.74.0:amd64 (1.74.0-14ubuntu3) ...
Selecting previously unselected package libboost-timer1.74-dev:amd64.
Preparing to unpack .../325-libboost-timer1.74-dev_1.74.0-14ubuntu3_amd64.deb ...
Unpacking libboost-timer1.74-dev:amd64 (1.74.0-14ubuntu3) ...
Selecting previously unselected package libboost-timer-dev:amd64.
Preparing to unpack .../326-libboost-timer-dev_1.74.0.3ubuntu7_amd64.deb ...
Unpacking libboost-timer-dev:amd64 (1.74.0.3ubuntu7) ...
Selecting previously unselected package libboost-type-erasure1.74.0:amd64.
Preparing to unpack .../327-libboost-type-erasure1.74.0_1.74.0-14ubuntu3_amd64.deb ...
Unpacking libboost-type-erasure1.74.0:amd64 (1.74.0-14ubuntu3) ...
Selecting previously unselected package libboost-type-erasure1.74-dev:amd64.
Preparing to unpack .../328-libboost-type-erasure1.74-dev_1.74.0-14ubuntu3_amd64.deb ...
Unpacking libboost-type-erasure1.74-dev:amd64 (1.74.0-14ubuntu3) ...
Selecting previously unselected package libboost-type-erasure-dev:amd64.
Preparing to unpack .../329-libboost-type-erasure-dev_1.74.0.3ubuntu7_amd64.deb ...
Unpacking libboost-type-erasure-dev:amd64 (1.74.0.3ubuntu7) ...
Selecting previously unselected package libboost-wave1.74.0:amd64.
Preparing to unpack .../330-libboost-wave1.74.0_1.74.0-14ubuntu3_amd64.deb ...
Unpacking libboost-wave1.74.0:amd64 (1.74.0-14ubuntu3) ...
Selecting previously unselected package libboost-wave1.74-dev:amd64.
Preparing to unpack .../331-libboost-wave1.74-dev_1.74.0-14ubuntu3_amd64.deb ...
Unpacking libboost-wave1.74-dev:amd64 (1.74.0-14ubuntu3) ...
Selecting previously unselected package libboost-wave-dev:amd64.
Preparing to unpack .../332-libboost-wave-dev_1.74.0.3ubuntu7_amd64.deb ...
Unpacking libboost-wave-dev:amd64 (1.74.0.3ubuntu7) ...
Selecting previously unselected package libboost-nowide1.74.0.
Preparing to unpack .../333-libboost-nowide1.74.0_1.74.0-14ubuntu3_amd64.deb ...
Unpacking libboost-nowide1.74.0 (1.74.0-14ubuntu3) ...
Selecting previously unselected package libboost-nowide1.74-dev.
Preparing to unpack .../334-libboost-nowide1.74-dev_1.74.0-14ubuntu3_amd64.deb ...
Unpacking libboost-nowide1.74-dev (1.74.0-14ubuntu3) ...
Selecting previously unselected package libboost-nowide-dev.
Preparing to unpack .../335-libboost-nowide-dev_1.74.0.3ubuntu7_amd64.deb ...
Unpacking libboost-nowide-dev (1.74.0.3ubuntu7) ...
Selecting previously unselected package libboost-all-dev.
Preparing to unpack .../336-libboost-all-dev_1.74.0.3ubuntu7_amd64.deb ...
Unpacking libboost-all-dev (1.74.0.3ubuntu7) ...
Selecting previously unselected package libdw1:amd64.
Preparing to unpack .../337-libdw1_0.186-1ubuntu0.1_amd64.deb ...
Unpacking libdw1:amd64 (0.186-1ubuntu0.1) ...
Selecting previously unselected package libgflags2.2.
Preparing to unpack .../338-libgflags2.2_2.2.2-2_amd64.deb ...
Unpacking libgflags2.2 (2.2.2-2) ...
Selecting previously unselected package libgflags-dev.
Preparing to unpack .../339-libgflags-dev_2.2.2-2_amd64.deb ...
Unpacking libgflags-dev (2.2.2-2) ...
Selecting previously unselected package libglew2.2:amd64.
Preparing to unpack .../340-libglew2.2_2.2.0-4_amd64.deb ...
Unpacking libglew2.2:amd64 (2.2.0-4) ...
Selecting previously unselected package libglew-dev:amd64.
Preparing to unpack .../341-libglew-dev_2.2.0-4_amd64.deb ...
Unpacking libglew-dev:amd64 (2.2.0-4) ...
Selecting previously unselected package libglib2.0-bin.
Preparing to unpack .../342-libglib2.0-bin_2.72.4-0ubuntu2.5_amd64.deb ...
Unpacking libglib2.0-bin (2.72.4-0ubuntu2.5) ...
Selecting previously unselected package libunwind8:amd64.
Preparing to unpack .../343-libunwind8_1.3.2-2build2.1_amd64.deb ...
Unpacking libunwind8:amd64 (1.3.2-2build2.1) ...
Selecting previously unselected package libgoogle-glog0v5.
Preparing to unpack .../344-libgoogle-glog0v5_0.5.0+really0.4.0-2_amd64.deb ...
Unpacking libgoogle-glog0v5 (0.5.0+really0.4.0-2) ...
Selecting previously unselected package liblzma-dev:amd64.
Preparing to unpack .../345-liblzma-dev_5.2.5-2ubuntu1_amd64.deb ...
Unpacking liblzma-dev:amd64 (5.2.5-2ubuntu1) ...
Selecting previously unselected package libunwind-dev:amd64.
Preparing to unpack .../346-libunwind-dev_1.3.2-2build2.1_amd64.deb ...
Unpacking libunwind-dev:amd64 (1.3.2-2build2.1) ...
Selecting previously unselected package libgoogle-glog-dev.
Preparing to unpack .../347-libgoogle-glog-dev_0.5.0+really0.4.0-2_amd64.deb ...
Unpacking libgoogle-glog-dev (0.5.0+really0.4.0-2) ...
Selecting previously unselected package libgstreamer1.0-0:amd64.
Preparing to unpack .../348-libgstreamer1.0-0_1.20.3-0ubuntu1.1_amd64.deb ...
Unpacking libgstreamer1.0-0:amd64 (1.20.3-0ubuntu1.1) ...
Selecting previously unselected package libopenblas0-pthread:amd64.
Preparing to unpack .../349-libopenblas0-pthread_0.3.20+ds-1_amd64.deb ...
Unpacking libopenblas0-pthread:amd64 (0.3.20+ds-1) ...
Selecting previously unselected package liblapack3:amd64.
Preparing to unpack .../350-liblapack3_3.10.0-2ubuntu1_amd64.deb ...
Unpacking liblapack3:amd64 (3.10.0-2ubuntu1) ...
Selecting previously unselected package libopenblas-pthread-dev:amd64.
Preparing to unpack .../351-libopenblas-pthread-dev_0.3.20+ds-1_amd64.deb ...
Unpacking libopenblas-pthread-dev:amd64 (0.3.20+ds-1) ...
Selecting previously unselected package liblapack-dev:amd64.
Preparing to unpack .../352-liblapack-dev_3.10.0-2ubuntu1_amd64.deb ...
Unpacking liblapack-dev:amd64 (3.10.0-2ubuntu1) ...
Selecting previously unselected package libopenblas0:amd64.
Preparing to unpack .../353-libopenblas0_0.3.20+ds-1_amd64.deb ...
Unpacking libopenblas0:amd64 (0.3.20+ds-1) ...
Selecting previously unselected package libopenblas-dev:amd64.
Preparing to unpack .../354-libopenblas-dev_0.3.20+ds-1_amd64.deb ...
Unpacking libopenblas-dev:amd64 (0.3.20+ds-1) ...
Selecting previously unselected package libpolkit-gobject-1-0:amd64.
Preparing to unpack .../355-libpolkit-gobject-1-0_0.105-33_amd64.deb ...
Unpacking libpolkit-gobject-1-0:amd64 (0.105-33) ...
Selecting previously unselected package libpolkit-agent-1-0:amd64.
Preparing to unpack .../356-libpolkit-agent-1-0_0.105-33_amd64.deb ...
Unpacking libpolkit-agent-1-0:amd64 (0.105-33) ...
Selecting previously unselected package libusb-1.0-0-dev:amd64.
Preparing to unpack .../357-libusb-1.0-0-dev_2%3a1.0.25-1ubuntu2_amd64.deb ...
Unpacking libusb-1.0-0-dev:amd64 (2:1.0.25-1ubuntu2) ...
Selecting previously unselected package polkitd.
Preparing to unpack .../358-polkitd_0.105-33_amd64.deb ...
Unpacking polkitd (0.105-33) ...
Selecting previously unselected package pkexec.
Preparing to unpack .../359-pkexec_0.105-33_amd64.deb ...
Unpacking pkexec (0.105-33) ...
Selecting previously unselected package pkg-config.
Preparing to unpack .../360-pkg-config_0.29.2-1ubuntu3_amd64.deb ...
Unpacking pkg-config (0.29.2-1ubuntu3) ...
Selecting previously unselected package policykit-1.
Preparing to unpack .../361-policykit-1_0.105-33_amd64.deb ...
Unpacking policykit-1 (0.105-33) ...
Selecting previously unselected package python3-blinker.
Preparing to unpack .../362-python3-blinker_1.4+dfsg1-0.4_all.deb ...
Unpacking python3-blinker (1.4+dfsg1-0.4) ...
Selecting previously unselected package python3-cffi-backend:amd64.
Preparing to unpack .../363-python3-cffi-backend_1.15.0-1build2_amd64.deb ...
Unpacking python3-cffi-backend:amd64 (1.15.0-1build2) ...
Selecting previously unselected package python3-cryptography.
Preparing to unpack .../364-python3-cryptography_3.4.8-1ubuntu2.2_amd64.deb ...
Unpacking python3-cryptography (3.4.8-1ubuntu2.2) ...
Selecting previously unselected package python3-pyparsing.
Preparing to unpack .../365-python3-pyparsing_2.4.7-1_all.deb ...
Unpacking python3-pyparsing (2.4.7-1) ...
Selecting previously unselected package python3-httplib2.
Preparing to unpack .../366-python3-httplib2_0.20.2-2_all.deb ...
Unpacking python3-httplib2 (0.20.2-2) ...
Selecting previously unselected package python3-more-itertools.
Preparing to unpack .../367-python3-more-itertools_8.10.0-2_all.deb ...
Unpacking python3-more-itertools (8.10.0-2) ...
Selecting previously unselected package python3-zipp.
Preparing to unpack .../368-python3-zipp_1.0.0-3ubuntu0.1_all.deb ...
Unpacking python3-zipp (1.0.0-3ubuntu0.1) ...
Selecting previously unselected package python3-importlib-metadata.
Preparing to unpack .../369-python3-importlib-metadata_4.6.4-1_all.deb ...
Unpacking python3-importlib-metadata (4.6.4-1) ...
Selecting previously unselected package python3-jeepney.
Preparing to unpack .../370-python3-jeepney_0.7.1-3_all.deb ...
Unpacking python3-jeepney (0.7.1-3) ...
Selecting previously unselected package python3-jwt.
Preparing to unpack .../371-python3-jwt_2.3.0-1ubuntu0.2_all.deb ...
Unpacking python3-jwt (2.3.0-1ubuntu0.2) ...
Selecting previously unselected package python3-secretstorage.
Preparing to unpack .../372-python3-secretstorage_3.3.1-1_all.deb ...
Unpacking python3-secretstorage (3.3.1-1) ...
Selecting previously unselected package python3-keyring.
Preparing to unpack .../373-python3-keyring_23.5.0-1_all.deb ...
Unpacking python3-keyring (23.5.0-1) ...
Selecting previously unselected package python3-lazr.uri.
Preparing to unpack .../374-python3-lazr.uri_1.0.6-2_all.deb ...
Unpacking python3-lazr.uri (1.0.6-2) ...
Selecting previously unselected package python3-wadllib.
Preparing to unpack .../375-python3-wadllib_1.3.6-1_all.deb ...
Unpacking python3-wadllib (1.3.6-1) ...
Selecting previously unselected package python3-distro.
Preparing to unpack .../376-python3-distro_1.7.0-1_all.deb ...
Unpacking python3-distro (1.7.0-1) ...
Selecting previously unselected package python3-oauthlib.
Preparing to unpack .../377-python3-oauthlib_3.2.0-1ubuntu0.1_all.deb ...
Unpacking python3-oauthlib (3.2.0-1ubuntu0.1) ...
Selecting previously unselected package python3-six.
Preparing to unpack .../378-python3-six_1.16.0-3ubuntu1_all.deb ...
Unpacking python3-six (1.16.0-3ubuntu1) ...
Selecting previously unselected package python3-lazr.restfulclient.
Preparing to unpack .../379-python3-lazr.restfulclient_0.14.4-1_all.deb ...
Unpacking python3-lazr.restfulclient (0.14.4-1) ...
Selecting previously unselected package python3-launchpadlib.
Preparing to unpack .../380-python3-launchpadlib_1.10.16-1_all.deb ...
Unpacking python3-launchpadlib (1.10.16-1) ...
Selecting previously unselected package python3-setuptools.
Preparing to unpack .../381-python3-setuptools_59.6.0-1.2ubuntu0.22.04.3_all.deb ...
Unpacking python3-setuptools (59.6.0-1.2ubuntu0.22.04.3) ...
Selecting previously unselected package python3-wheel.
Preparing to unpack .../382-python3-wheel_0.37.1-2ubuntu0.22.04.1_all.deb ...
Unpacking python3-wheel (0.37.1-2ubuntu0.22.04.1) ...
Selecting previously unselected package python3-pip.
Preparing to unpack .../383-python3-pip_22.0.2+dfsg-1ubuntu0.6_all.deb ...
Unpacking python3-pip (22.0.2+dfsg-1ubuntu0.6) ...
Selecting previously unselected package python3-software-properties.
Preparing to unpack .../384-python3-software-properties_0.99.22.9_all.deb ...
Unpacking python3-software-properties (0.99.22.9) ...
Selecting previously unselected package packagekit.
Preparing to unpack .../385-packagekit_1.2.5-2ubuntu3_amd64.deb ...
Unpacking packagekit (1.2.5-2ubuntu3) ...
Selecting previously unselected package software-properties-common.
Preparing to unpack .../386-software-properties-common_0.99.22.9_all.deb ...
Unpacking software-properties-common (0.99.22.9) ...
Selecting previously unselected package unzip.
Preparing to unpack .../387-unzip_6.0-26ubuntu3.2_amd64.deb ...
Unpacking unzip (6.0-26ubuntu3.2) ...
Selecting previously unselected package libeigen3-dev.
Preparing to unpack .../388-libeigen3-dev_3.4.0-2ubuntu2_all.deb ...
Unpacking libeigen3-dev (3.4.0-2ubuntu2) ...
Setting up libboost-chrono1.74.0:amd64 (1.74.0-14ubuntu3) ...
Setting up media-types (7.0.0) ...
Setting up libboost-system1.74.0:amd64 (1.74.0-14ubuntu3) ...
Setting up gcc-11-base:amd64 (11.4.0-1ubuntu1~22.04) ...
Setting up libwayland-server0:amd64 (1.20.0-1ubuntu0.1) ...
Setting up libpciaccess0:amd64 (0.16-3) ...
Setting up systemd-sysv (249.11-0ubuntu3.16) ...
Setting up libxau6:amd64 (1:1.0.9-1build5) ...
Setting up lto-disabled-list (24) ...
Setting up libpsl5:amd64 (0.21.0-1.2build2) ...
Setting up libboost-atomic1.74.0:amd64 (1.74.0-14ubuntu3) ...
Setting up libglvnd-core-dev:amd64 (1.4.0-1) ...
Setting up wget (1.21.2-2ubuntu1.1) ...
Setting up libyaml-0-2:amd64 (0.2.2-1build2) ...
Setting up libglib2.0-0:amd64 (2.72.4-0ubuntu2.5) ...
No schema files found: doing nothing.
Setting up distro-info-data (0.52ubuntu0.9) ...
Setting up libboost-iostreams1.74.0:amd64 (1.74.0-14ubuntu3) ...
Setting up libglvnd0:amd64 (1.4.0-1) ...
Setting up libboost-program-options1.74.0:amd64 (1.74.0-14ubuntu3) ...
Setting up libxmlb2:amd64 (0.3.6-2build1) ...
Setting up unzip (6.0-26ubuntu3.2) ...
Setting up libcbor0.8:amd64 (0.8.0-2ubuntu1) ...
Setting up libbrotli1:amd64 (1.0.9-2build6) ...
Setting up libsqlite3-0:amd64 (3.37.2-2ubuntu0.5) ...
Setting up binutils-common:amd64 (2.38-4ubuntu2.8) ...
Setting up x11-common (1:7.7+23ubuntu2) ...
invoke-rc.d: could not determine current runlevel
invoke-rc.d: policy-rc.d denied execution of start.
Setting up libsensors-config (1:3.6.0-7ubuntu1) ...
Setting up libboost-stacktrace1.74.0:amd64 (1.74.0-14ubuntu3) ...
Setting up libnghttp2-14:amd64 (1.43.0-1ubuntu0.2) ...
Setting up linux-libc-dev:amd64 (5.15.0-151.161) ...
Setting up libctf-nobfd0:amd64 (2.38-4ubuntu2.8) ...
Setting up libpackagekit-glib2-18:amd64 (1.2.5-2ubuntu3) ...
Setting up libboost-nowide1.74.0 (1.74.0-14ubuntu3) ...
Setting up libboost-filesystem1.74.0:amd64 (1.74.0-14ubuntu3) ...
Setting up libassuan0:amd64 (2.5.5-1build1) ...
Setting up libgomp1:amd64 (12.3.0-1ubuntu1~22.04) ...
Setting up perl-modules-5.34 (5.34.0-3ubuntu1.5) ...
Setting up bzip2 (1.0.8-5build1) ...
Setting up libunwind8:amd64 (1.3.2-2build2.1) ...
Setting up libpthread-stubs0-dev:amd64 (0.4-1build2) ...
Setting up libopengl0:amd64 (1.4.0-1) ...
Setting up libasan6:amd64 (11.4.0-1ubuntu1~22.04) ...
Setting up libsasl2-modules-db:amd64 (2.1.27+dfsg2-3ubuntu1.2) ...
Setting up libcap2-bin (1:2.44-1ubuntu0.22.04.2) ...
Setting up xtrans-dev (1.4.0-1) ...
Setting up autotools-dev (20220109.1) ...
Setting up libblas3:amd64 (3.10.0-2ubuntu1) ...
update-alternatives: using /usr/lib/x86_64-linux-gnu/blas/libblas.so.3 to provide /usr/lib/x86_64-linux-gnu/libblas.so.3 (libblas.so.3-x86_64-linux-gnu) in auto mode
Setting up libglib2.0-data (2.72.4-0ubuntu2.5) ...
Setting up libtirpc-dev:amd64 (1.3.2-2ubuntu0.1) ...
Setting up libuv1:amd64 (1.43.0-1ubuntu0.1) ...
Setting up rpcsvc-proto (1.4.2-0ubuntu6) ...
Setting up libgles2:amd64 (1.4.0-1) ...
Setting up libboost-test1.74.0:amd64 (1.74.0-14ubuntu3) ...
Setting up emacsen-common (3.0.4) ...
Setting up libx11-data (2:1.7.5-1ubuntu0.3) ...
Setting up make (4.3-4.1build1) ...
Setting up libmpfr6:amd64 (4.1.0-3build3) ...
Setting up librtmp1:amd64 (2.4+20151223.gitfa8646d.1-2build4) ...
Setting up dh-elpa-helper (2.0.9ubuntu1) ...
Setting up libgles1:amd64 (1.4.0-1) ...
Setting up libdbus-1-3:amd64 (1.12.20-2ubuntu4.1) ...
Setting up dbus (1.12.20-2ubuntu4.1) ...
Setting up libsigsegv2:amd64 (2.13-1ubuntu3) ...
Setting up xz-utils (5.2.5-2ubuntu1) ...
update-alternatives: using /usr/bin/xz to provide /usr/bin/lzma (lzma) in auto mode
update-alternatives: warning: skip creation of /usr/share/man/man1/lzma.1.gz because associated file /usr/share/man/man1/xz.1.gz (of link group lzma) doesn't exist
update-alternatives: warning: skip creation of /usr/share/man/man1/unlzma.1.gz because associated file /usr/share/man/man1/unxz.1.gz (of link group lzma) doesn't exist
update-alternatives: warning: skip creation of /usr/share/man/man1/lzcat.1.gz because associated file /usr/share/man/man1/xzcat.1.gz (of link group lzma) doesn't exist
update-alternatives: warning: skip creation of /usr/share/man/man1/lzmore.1.gz because associated file /usr/share/man/man1/xzmore.1.gz (of link group lzma) doesn't exist
update-alternatives: warning: skip creation of /usr/share/man/man1/lzless.1.gz because associated file /usr/share/man/man1/xzless.1.gz (of link group lzma) doesn't exist
update-alternatives: warning: skip creation of /usr/share/man/man1/lzdiff.1.gz because associated file /usr/share/man/man1/xzdiff.1.gz (of link group lzma) doesn't exist
update-alternatives: warning: skip creation of /usr/share/man/man1/lzcmp.1.gz because associated file /usr/share/man/man1/xzcmp.1.gz (of link group lzma) doesn't exist
update-alternatives: warning: skip creation of /usr/share/man/man1/lzgrep.1.gz because associated file /usr/share/man/man1/xzgrep.1.gz (of link group lzma) doesn't exist
update-alternatives: warning: skip creation of /usr/share/man/man1/lzegrep.1.gz because associated file /usr/share/man/man1/xzegrep.1.gz (of link group lzma) doesn't exist
update-alternatives: warning: skip creation of /usr/share/man/man1/lzfgrep.1.gz because associated file /usr/share/man/man1/xzfgrep.1.gz (of link group lzma) doesn't exist
Setting up libboost-nowide1.74-dev (1.74.0-14ubuntu3) ...
Setting up libquadmath0:amd64 (12.3.0-1ubuntu1~22.04) ...
Setting up libhwloc15:amd64 (2.7.0-2ubuntu1) ...
Setting up libmpc3:amd64 (1.2.1-2build1) ...
Setting up libevent-core-2.1-7:amd64 (2.1.12-stable-1build3) ...
Setting up libatomic1:amd64 (12.3.0-1ubuntu1~22.04) ...
Setting up libboost-context1.74.0:amd64 (1.74.0-14ubuntu3) ...
Setting up libevent-2.1-7:amd64 (2.1.12-stable-1build3) ...
Setting up patch (2.7.6-7build2) ...
Setting up libboost-random1.74.0:amd64 (1.74.0-14ubuntu3) ...
Setting up libjsoncpp25:amd64 (1.9.5-3) ...
Setting up libboost1.74-tools-dev (1.74.0-14ubuntu3) ...
Setting up libsensors5:amd64 (1:3.6.0-7ubuntu1) ...
Setting up libltdl7:amd64 (2.4.6-15build2) ...
Setting up libglapi-mesa:amd64 (23.2.1-1ubuntu3.1~22.04.3) ...
Setting up libsasl2-2:amd64 (2.1.27+dfsg2-3ubuntu1.2) ...
Setting up libssh-4:amd64 (0.9.6-2ubuntu0.22.04.4) ...
Setting up libgfortran5:amd64 (12.3.0-1ubuntu1~22.04) ...
Setting up libboost-math1.74.0:amd64 (1.74.0-14ubuntu3) ...
Setting up liblzma-dev:amd64 (5.2.5-2ubuntu1) ...
Setting up libubsan1:amd64 (12.3.0-1ubuntu1~22.04) ...
Setting up libboost-serialization1.74.0:amd64 (1.74.0-14ubuntu3) ...
Setting up libnuma1:amd64 (2.0.14-3ubuntu2) ...
Setting up libmd0:amd64 (1.0.4-1build1) ...
Setting up python-apt-common (2.4.0ubuntu4) ...
Setting up libboost-container1.74.0:amd64 (1.74.0-14ubuntu3) ...
Setting up libnsl-dev:amd64 (1.3.0-2build2) ...
Setting up ocl-icd-libopencl1:amd64 (2.2.14-3) ...
Setting up libxshmfence1:amd64 (1.3-1build4) ...
Setting up librhash0:amd64 (1.4.2-1ubuntu1) ...
Setting up libcrypt-dev:amd64 (1:4.4.27-1) ...
Setting up libnl-3-200:amd64 (3.5.0-0.1) ...
Setting up libmpdec3:amd64 (2.5.1-2build2) ...
Setting up libpsm2-2 (11.2.185-1) ...
Setting up openmpi-common (4.1.2-2ubuntu1) ...
Setting up libpam-systemd:amd64 (249.11-0ubuntu3.16) ...
Setting up git-man (1:2.34.1-1ubuntu1.15) ...
Setting up libgirepository-1.0-1:amd64 (1.72.0-1) ...
Setting up xorg-sgml-doctools (1:1.11-1.1) ...
Setting up cmake-data (3.22.1-1ubuntu1.22.04.2) ...
Setting up libglu1-mesa:amd64 (9.0.2-1) ...
Setting up libusb-1.0-0:amd64 (2:1.0.25-1ubuntu2) ...
Setting up libstemmer0d:amd64 (2.2.0-1build1) ...
Setting up libpsm-infinipath1 (3.3+20.604758e7-6.1) ...
update-alternatives: using /usr/lib/libpsm1/libpsm_infinipath.so.1.16 to provide /usr/lib/x86_64-linux-gnu/libpsm_infinipath.so.1 (libpsm_infinipath.so.1) in auto mode
Setting up libopengl-dev:amd64 (1.4.0-1) ...
Setting up libjs-jquery (3.6.0+dfsg+~3.5.13-1) ...
Setting up libboost-date-time1.74.0:amd64 (1.74.0-14ubuntu3) ...
Setting up libbinutils:amd64 (2.38-4ubuntu2.8) ...
Setting up libfido2-1:amd64 (1.10.0-1) ...
Setting up libboost-python1.74.0 (1.74.0-14ubuntu3) ...
Setting up libisl23:amd64 (0.24-2build1) ...
Setting up libboost-fiber1.74.0:amd64 (1.74.0-14ubuntu3) ...
Setting up libc-dev-bin (2.35-0ubuntu3.10) ...
Setting up openssl (3.0.2-0ubuntu1.19) ...
Setting up libbsd0:amd64 (0.11.5-1) ...
Setting up libdrm-common (2.4.113-2~ubuntu0.22.04.1) ...
Setting up libelf1:amd64 (0.186-1ubuntu0.1) ...
Setting up readline-common (8.1.2-1) ...
Setting up libboost-timer1.74.0:amd64 (1.74.0-14ubuntu3) ...
Setting up libcc1-0:amd64 (12.3.0-1ubuntu1~22.04) ...
Setting up iso-codes (4.9.0-1) ...
Setting up libpolkit-gobject-1-0:amd64 (0.105-33) ...
Setting up liblsan0:amd64 (12.3.0-1ubuntu1~22.04) ...
Setting up libblas-dev:amd64 (3.10.0-2ubuntu1) ...
update-alternatives: using /usr/lib/x86_64-linux-gnu/blas/libblas.so to provide /usr/lib/x86_64-linux-gnu/libblas.so (libblas.so-x86_64-linux-gnu) in auto mode
Setting up libitm1:amd64 (12.3.0-1ubuntu1~22.04) ...
Setting up libgdbm6:amd64 (1.23-1) ...
Setting up libjs-underscore (1.13.2~dfsg-2) ...
Setting up libboost-thread1.74.0:amd64 (1.74.0-14ubuntu3) ...
Setting up libicu70:amd64 (70.1-2) ...
Setting up libboost-numpy1.74.0 (1.74.0-14ubuntu3) ...
Setting up libevent-pthreads-2.1-7:amd64 (2.1.12-stable-1build3) ...
Setting up libgflags2.2 (2.2.2-2) ...
Setting up libtsan0:amd64 (11.4.0-1ubuntu1~22.04) ...
Setting up libwayland-client0:amd64 (1.20.0-1ubuntu0.1) ...
Setting up libctf0:amd64 (2.38-4ubuntu2.8) ...
Setting up x11proto-dev (2021.5-1) ...
Setting up cpp-11 (11.4.0-1ubuntu1~22.04) ...
Setting up libice6:amd64 (2:1.0.10-1build2) ...
Setting up libdw1:amd64 (0.186-1ubuntu0.1) ...
Setting up libxdmcp6:amd64 (1:1.1.3-0ubuntu5) ...
Setting up libevent-extra-2.1-7:amd64 (2.1.12-stable-1build3) ...
Setting up liblapack3:amd64 (3.10.0-2ubuntu1) ...
update-alternatives: using /usr/lib/x86_64-linux-gnu/lapack/liblapack.so.3 to provide /usr/lib/x86_64-linux-gnu/liblapack.so.3 (liblapack.so.3-x86_64-linux-gnu) in auto mode
Setting up libxcb1:amd64 (1.14-3ubuntu3) ...
Setting up libopenblas0-pthread:amd64 (0.3.20+ds-1) ...
update-alternatives: using /usr/lib/x86_64-linux-gnu/openblas-pthread/libblas.so.3 to provide /usr/lib/x86_64-linux-gnu/libblas.so.3 (libblas.so.3-x86_64-linux-gnu) in auto mode
update-alternatives: using /usr/lib/x86_64-linux-gnu/openblas-pthread/liblapack.so.3 to provide /usr/lib/x86_64-linux-gnu/liblapack.so.3 (liblapack.so.3-x86_64-linux-gnu) in auto mode
update-alternatives: using /usr/lib/x86_64-linux-gnu/openblas-pthread/libopenblas.so.0 to provide /usr/lib/x86_64-linux-gnu/libopenblas.so.0 (libopenblas.so.0-x86_64-linux-gnu) in auto mode
Setting up libxcb-xfixes0:amd64 (1.14-3ubuntu3) ...
Setting up libxau-dev:amd64 (1:1.0.9-1build5) ...
Setting up libunwind-dev:amd64 (1.3.2-2build2.1) ...
Setting up libice-dev:amd64 (2:1.0.10-1build2) ...
Setting up libxcb-glx0:amd64 (1.14-3ubuntu3) ...
Setting up libboost-coroutine1.74.0:amd64 (1.74.0-14ubuntu3) ...
Setting up libedit2:amd64 (3.1-20210910-1build1) ...
Setting up libreadline8:amd64 (8.1.2-1) ...
Setting up libevent-openssl-2.1-7:amd64 (2.1.12-stable-1build3) ...
Setting up libglib2.0-bin (2.72.4-0ubuntu2.5) ...
Setting up libusb-1.0-0-dev:amd64 (2:1.0.25-1ubuntu2) ...
Setting up m4 (1.4.18-5ubuntu2) ...
Setting up libboost-tools-dev (1.74.0.3ubuntu7) ...
Setting up libxcb-shm0:amd64 (1.14-3ubuntu3) ...
Setting up libboost-nowide-dev (1.74.0.3ubuntu7) ...
Setting up libldap-2.5-0:amd64 (2.5.19+dfsg-0ubuntu0.22.04.1) ...
Setting up libnl-route-3-200:amd64 (3.5.0-0.1) ...
Setting up libxcb-present0:amd64 (1.14-3ubuntu3) ...
Setting up libpython3.10-stdlib:amd64 (3.10.12-1~22.04.10) ...
Setting up ca-certificates (20240203~22.04.1) ...
Updating certificates in /etc/ssl/certs...
146 added, 0 removed; done.
Setting up libxdmcp-dev:amd64 (1:1.1.3-0ubuntu5) ...
Setting up libjs-jquery-ui (1.13.1+dfsg-1) ...
Setting up libxcb-sync1:amd64 (1.14-3ubuntu3) ...
Setting up libboost-regex1.74.0:amd64 (1.74.0-14ubuntu3) ...
Setting up libevent-dev (2.1.12-stable-1build3) ...
Setting up liblapack-dev:amd64 (3.10.0-2ubuntu1) ...
update-alternatives: using /usr/lib/x86_64-linux-gnu/lapack/liblapack.so to provide /usr/lib/x86_64-linux-gnu/liblapack.so (liblapack.so-x86_64-linux-gnu) in auto mode
Setting up libgflags-dev (2.2.2-2) ...
Setting up libboost-numpy1.74-dev (1.74.0-14ubuntu3) ...
Setting up libboost-graph1.74.0:amd64 (1.74.0-14ubuntu3) ...
Setting up icu-devtools (70.1-2) ...
Setting up libgdbm-compat4:amd64 (1.23-1) ...
Setting up gir1.2-glib-2.0:amd64 (1.72.0-1) ...
Setting up libjs-sphinxdoc (4.3.2-1) ...
Setting up libxcb-dri2-0:amd64 (1.14-3ubuntu3) ...
Setting up libboost-wave1.74.0:amd64 (1.74.0-14ubuntu3) ...
Setting up libgcc-11-dev:amd64 (11.4.0-1ubuntu1~22.04) ...
Setting up libdrm2:amd64 (2.4.113-2~ubuntu0.22.04.1) ...
Setting up libnl-3-dev:amd64 (3.5.0-0.1) ...
Setting up libopenblas0:amd64 (0.3.20+ds-1) ...
Setting up libxcb-randr0:amd64 (1.14-3ubuntu3) ...
Setting up cpp (4:11.2.0-1ubuntu1) ...
Setting up gpgconf (2.2.27-3ubuntu2.4) ...
Setting up libcurl4:amd64 (7.81.0-1ubuntu1.20) ...
Setting up libpolkit-agent-1-0:amd64 (0.105-33) ...
Setting up libc6-dev:amd64 (2.35-0ubuntu3.10) ...
Setting up libx11-6:amd64 (2:1.7.5-1ubuntu0.3) ...
Setting up curl (7.81.0-1ubuntu1.20) ...
Setting up libboost-locale1.74.0:amd64 (1.74.0-14ubuntu3) ...
Setting up libsm6:amd64 (2:1.2.3-1build2) ...
Setting up libicu-dev:amd64 (70.1-2) ...
Setting up libgoogle-glog0v5 (0.5.0+really0.4.0-2) ...
Setting up libxml2:amd64 (2.9.13+dfsg-1ubuntu0.7) ...
Setting up polkitd (0.105-33) ...
Setting up gpg (2.2.27-3ubuntu2.4) ...
Setting up libgstreamer1.0-0:amd64 (1.20.3-0ubuntu1.1) ...
Setcap worked! gst-ptp-helper is not suid!
Setting up libboost-type-erasure1.74.0:amd64 (1.74.0-14ubuntu3) ...
Setting up libpython3-stdlib:amd64 (3.10.6-1~22.04.1) ...
Setting up binutils-x86-64-linux-gnu (2.38-4ubuntu2.8) ...
Setting up libdrm-amdgpu1:amd64 (2.4.113-2~ubuntu0.22.04.1) ...
Setting up libopenblas-pthread-dev:amd64 (0.3.20+ds-1) ...
update-alternatives: using /usr/lib/x86_64-linux-gnu/openblas-pthread/libblas.so to provide /usr/lib/x86_64-linux-gnu/libblas.so (libblas.so-x86_64-linux-gnu) in auto mode
update-alternatives: using /usr/lib/x86_64-linux-gnu/openblas-pthread/liblapack.so to provide /usr/lib/x86_64-linux-gnu/liblapack.so (liblapack.so-x86_64-linux-gnu) in auto mode
update-alternatives: using /usr/lib/x86_64-linux-gnu/openblas-pthread/libopenblas.so to provide /usr/lib/x86_64-linux-gnu/libopenblas.so (libopenblas.so-x86_64-linux-gnu) in auto mode
Setting up libxcb-dri3-0:amd64 (1.14-3ubuntu3) ...
Setting up libx11-xcb1:amd64 (2:1.7.5-1ubuntu0.3) ...
Setting up libboost-log1.74.0 (1.74.0-14ubuntu3) ...
Setting up libpython3.10:amd64 (3.10.12-1~22.04.10) ...
Setting up libibverbs1:amd64 (39.0-1) ...
Setting up libperl5.34:amd64 (5.34.0-3ubuntu1.5) ...
Setting up libdrm-nouveau2:amd64 (2.4.113-2~ubuntu0.22.04.1) ...
Setting up libxcb1-dev:amd64 (1.14-3ubuntu3) ...
Setting up python3.10 (3.10.12-1~22.04.10) ...
Setting up libgbm1:amd64 (23.2.1-1ubuntu3.1~22.04.3) ...
Setting up ibverbs-providers:amd64 (39.0-1) ...
Setting up libarchive13:amd64 (3.6.0-1ubuntu1.5) ...
Setting up libsm-dev:amd64 (2:1.2.3-1build2) ...
Setting up libgfortran-11-dev:amd64 (11.4.0-1ubuntu1~22.04) ...
Setting up libdrm-radeon1:amd64 (2.4.113-2~ubuntu0.22.04.1) ...
Setting up openssh-client (1:8.9p1-3ubuntu0.13) ...
update-alternatives: using /usr/bin/ssh to provide /usr/bin/rsh (rsh) in auto mode
update-alternatives: warning: skip creation of /usr/share/man/man1/rsh.1.gz because associated file /usr/share/man/man1/ssh.1.gz (of link group rsh) doesn't exist
update-alternatives: using /usr/bin/slogin to provide /usr/bin/rlogin (rlogin) in auto mode
update-alternatives: warning: skip creation of /usr/share/man/man1/rlogin.1.gz because associated file /usr/share/man/man1/slogin.1.gz (of link group rlogin) doesn't exist
update-alternatives: using /usr/bin/scp to provide /usr/bin/rcp (rcp) in auto mode
update-alternatives: warning: skip creation of /usr/share/man/man1/rcp.1.gz because associated file /usr/share/man/man1/scp.1.gz (of link group rcp) doesn't exist
Setting up libdrm-intel1:amd64 (2.4.113-2~ubuntu0.22.04.1) ...
Setting up libx11-dev:amd64 (2:1.7.5-1ubuntu0.3) ...
Setting up libxext6:amd64 (2:1.3.4-1build1) ...
Setting up pkexec (0.105-33) ...
Setting up libcurl3-gnutls:amd64 (7.81.0-1ubuntu1.20) ...
Setting up python3 (3.10.6-1~22.04.1) ...
Setting up binutils (2.38-4ubuntu2.8) ...
Setting up libappstream4:amd64 (0.15.2-2) ...
Setting up libxxf86vm1:amd64 (1:1.1.4-1build3) ...
Setting up libnuma-dev:amd64 (2.0.14-3ubuntu2) ...
Setting up libxnvctrl0:amd64 (510.47.03-0ubuntu1) ...
Setting up python3-six (1.16.0-3ubuntu1) ...
Setting up libnl-route-3-dev:amd64 (3.5.0-0.1) ...
Setting up gir1.2-packagekitglib-1.0 (1.2.5-2ubuntu3) ...
Setting up libopenblas-dev:amd64 (0.3.20+ds-1) ...
Setting up perl (5.34.0-3ubuntu1.5) ...
Setting up libegl-mesa0:amd64 (23.2.1-1ubuntu3.1~22.04.3) ...
Setting up libexpat1-dev:amd64 (2.4.7-1ubuntu0.6) ...
Setting up python3-pyparsing (2.4.7-1) ...
Setting up libxfixes3:amd64 (1:6.0.0-1) ...
Setting up python3-gi (3.42.1-0ubuntu1) ...
Setting up libboost-numpy-dev (1.74.0.3ubuntu7) ...
Setting up libxt6:amd64 (1:1.2.1-1) ...
Setting up libdpkg-perl (1.21.1ubuntu2.3) ...
Setting up python3-jeepney (0.7.1-3) ...
Setting up autoconf (2.71-2) ...
Setting up libxext-dev:amd64 (2:1.3.4-1build1) ...
Setting up libstdc++-11-dev:amd64 (11.4.0-1ubuntu1~22.04) ...
Setting up zlib1g-dev:amd64 (1:1.2.11.dfsg-2ubuntu9.2) ...
Setting up gcc-11 (11.4.0-1ubuntu1~22.04) ...
Setting up libllvm15:amd64 (1:15.0.7-0ubuntu0.22.04.3) ...
Setting up libegl1:amd64 (1.4.0-1) ...
Setting up python3-httplib2 (0.20.2-2) ...
Setting up cmake (3.22.1-1ubuntu1.22.04.2) ...
Setting up libgoogle-glog-dev (0.5.0+really0.4.0-2) ...
Setting up lsb-release (11.1.0ubuntu4) ...
Setting up python3-lib2to3 (3.10.8-1~22.04) ...
Setting up policykit-1 (0.105-33) ...
Setting up python3-cffi-backend:amd64 (1.15.0-1build2) ...
Setting up python3-blinker (1.4+dfsg1-0.4) ...
Setting up python3-pkg-resources (59.6.0-1.2ubuntu0.22.04.3) ...
Setting up automake (1:1.16.5-1.3) ...
update-alternatives: using /usr/bin/automake-1.16 to provide /usr/bin/automake (automake) in auto mode
update-alternatives: warning: skip creation of /usr/share/man/man1/automake.1.gz because associated file /usr/share/man/man1/automake-1.16.1.gz (of link group automake) doesn't exist
update-alternatives: warning: skip creation of /usr/share/man/man1/aclocal.1.gz because associated file /usr/share/man/man1/aclocal-1.16.1.gz (of link group automake) doesn't exist
Setting up python3-distutils (3.10.8-1~22.04) ...
Setting up python3-more-itertools (8.10.0-2) ...
Setting up librdmacm1:amd64 (39.0-1) ...
Setting up python3-dbus (1.2.18-3build1) ...
Setting up libucx0:amd64 (1.12.1~rc2-1) ...
Setting up libboost1.74-dev:amd64 (1.74.0-14ubuntu3) ...
Setting up python3-setuptools (59.6.0-1.2ubuntu0.22.04.3) ...
Setting up python3-distro (1.7.0-1) ...
Setting up libxi6:amd64 (2:1.8-1build1) ...
Setting up python3-jwt (2.3.0-1ubuntu0.2) ...
Setting up libboost-container1.74-dev:amd64 (1.74.0-14ubuntu3) ...
Setting up g++-11 (11.4.0-1ubuntu1~22.04) ...
Setting up python3-apt (2.4.0ubuntu4) ...
Setting up libboost-chrono1.74-dev:amd64 (1.74.0-14ubuntu3) ...
Setting up libgl1-mesa-dri:amd64 (23.2.1-1ubuntu3.1~22.04.3) ...
Setting up python3-lazr.uri (1.0.6-2) ...
Setting up libboost-exception1.74-dev:amd64 (1.74.0-14ubuntu3) ...
Setting up libboost-exception-dev:amd64 (1.74.0.3ubuntu7) ...
Setting up python3-zipp (1.0.0-3ubuntu0.1) ...
Setting up libibverbs-dev:amd64 (39.0-1) ...
Setting up libhwloc-plugins:amd64 (2.7.0-2ubuntu1) ...
Setting up python3-wheel (0.37.1-2ubuntu0.22.04.1) ...
Setting up libboost-container-dev:amd64 (1.74.0.3ubuntu7) ...
Setting up gcc (4:11.2.0-1ubuntu1) ...
Setting up dpkg-dev (1.21.1ubuntu2.3) ...
Setting up libboost-program-options1.74-dev:amd64 (1.74.0-14ubuntu3) ...
Setting up liberror-perl (0.17029-1) ...
Setting up libltdl-dev:amd64 (2.4.6-15build2) ...
Setting up libboost-program-options-dev:amd64 (1.74.0.3ubuntu7) ...
Setting up libxt-dev:amd64 (1:1.2.1-1) ...
Setting up python3-cryptography (3.4.8-1ubuntu2.2) ...
Setting up libboost-system1.74-dev:amd64 (1.74.0-14ubuntu3) ...
Setting up python3-wadllib (1.3.6-1) ...
Setting up libboost-random1.74-dev:amd64 (1.74.0-14ubuntu3) ...
Setting up libboost-timer1.74-dev:amd64 (1.74.0-14ubuntu3) ...
Setting up pkg-config (0.29.2-1ubuntu3) ...
Setting up libpython3.10-dev:amd64 (3.10.12-1~22.04.10) ...
Setting up git (1:2.34.1-1ubuntu1.15) ...
Setting up python3-pip (22.0.2+dfsg-1ubuntu0.6) ...
Setting up gfortran-11 (11.4.0-1ubuntu1~22.04) ...
Setting up libboost-serialization1.74-dev:amd64 (1.74.0-14ubuntu3) ...
Setting up libboost-atomic1.74-dev:amd64 (1.74.0-14ubuntu3) ...
Setting up libboost-atomic-dev:amd64 (1.74.0.3ubuntu7) ...
Setting up python3.10-dev (3.10.12-1~22.04.10) ...
Setting up g++ (4:11.2.0-1ubuntu1) ...
update-alternatives: using /usr/bin/g++ to provide /usr/bin/c++ (c++) in auto mode
update-alternatives: warning: skip creation of /usr/share/man/man1/c++.1.gz because associated file /usr/share/man/man1/g++.1.gz (of link group c++) doesn't exist
Setting up libboost-regex1.74-dev:amd64 (1.74.0-14ubuntu3) ...
Setting up build-essential (12.9ubuntu3) ...
Setting up packagekit (1.2.5-2ubuntu3) ...
invoke-rc.d: could not determine current runlevel
invoke-rc.d: policy-rc.d denied execution of force-reload.
Failed to open connection to "system" message bus: Failed to connect to socket /run/dbus/system_bus_socket: No such file or directory
Created symlink /etc/systemd/user/sockets.target.wants/pk-debconf-helper.socket -> /usr/lib/systemd/user/pk-debconf-helper.socket.
Setting up libhwloc-dev:amd64 (2.7.0-2ubuntu1) ...
Setting up libboost-dev:amd64 (1.74.0.3ubuntu7) ...
Setting up libboost-math1.74-dev:amd64 (1.74.0-14ubuntu3) ...
Setting up libboost-filesystem1.74-dev:amd64 (1.74.0-14ubuntu3) ...
Setting up libboost-stacktrace1.74-dev:amd64 (1.74.0-14ubuntu3) ...
Setting up libboost-test1.74-dev:amd64 (1.74.0-14ubuntu3) ...
Setting up libboost-regex-dev:amd64 (1.74.0.3ubuntu7) ...
Setting up libboost-timer-dev:amd64 (1.74.0.3ubuntu7) ...
Setting up libboost-filesystem-dev:amd64 (1.74.0.3ubuntu7) ...
Setting up libfabric1:amd64 (1.11.0-3) ...
Setting up libglx-mesa0:amd64 (23.2.1-1ubuntu3.1~22.04.3) ...
Setting up libpython3-dev:amd64 (3.10.6-1~22.04.1) ...
Setting up python3-importlib-metadata (4.6.4-1) ...
Setting up libboost-wave1.74-dev:amd64 (1.74.0-14ubuntu3) ...
Setting up libglx0:amd64 (1.4.0-1) ...
Setting up libpmix2:amd64 (4.1.2-2ubuntu1) ...
Setting up libboost-chrono-dev:amd64 (1.74.0.3ubuntu7) ...
Setting up libboost-math-dev:amd64 (1.74.0.3ubuntu7) ...
Setting up libopenmpi3:amd64 (4.1.2-2ubuntu1) ...
Setting up libboost-system-dev:amd64 (1.74.0.3ubuntu7) ...
Setting up libboost-mpi1.74.0 (1.74.0-14ubuntu3) ...
Setting up libboost-random-dev:amd64 (1.74.0.3ubuntu7) ...
Setting up libboost-wave-dev:amd64 (1.74.0.3ubuntu7) ...
Setting up gfortran (4:11.2.0-1ubuntu1) ...
update-alternatives: using /usr/bin/gfortran to provide /usr/bin/f95 (f95) in auto mode
update-alternatives: warning: skip creation of /usr/share/man/man1/f95.1.gz because associated file /usr/share/man/man1/gfortran.1.gz (of link group f95) doesn't exist
update-alternatives: using /usr/bin/gfortran to provide /usr/bin/f77 (f77) in auto mode
update-alternatives: warning: skip creation of /usr/share/man/man1/f77.1.gz because associated file /usr/share/man/man1/gfortran.1.gz (of link group f77) doesn't exist
Setting up libboost-test-dev:amd64 (1.74.0.3ubuntu7) ...
Setting up libboost-iostreams1.74-dev:amd64 (1.74.0-14ubuntu3) ...
Setting up libboost-date-time1.74-dev:amd64 (1.74.0-14ubuntu3) ...
Setting up python3-oauthlib (3.2.0-1ubuntu0.1) ...
Setting up libgl1:amd64 (1.4.0-1) ...
Setting up python3-secretstorage (3.3.1-1) ...
Setting up libboost-graph1.74-dev:amd64 (1.74.0-14ubuntu3) ...
Setting up python3-dev (3.10.6-1~22.04.1) ...
Setting up libeigen3-dev (3.4.0-2ubuntu2) ...
Setting up libboost-serialization-dev:amd64 (1.74.0.3ubuntu7) ...
Setting up libboost-date-time-dev:amd64 (1.74.0.3ubuntu7) ...
Setting up libglew2.2:amd64 (2.2.0-4) ...
Setting up libboost-stacktrace-dev:amd64 (1.74.0.3ubuntu7) ...
Setting up python3-keyring (23.5.0-1) ...
Setting up libboost-thread1.74-dev:amd64 (1.74.0-14ubuntu3) ...
Setting up libglx-dev:amd64 (1.4.0-1) ...
Setting up libboost-graph-parallel1.74.0 (1.74.0-14ubuntu3) ...
Setting up python3-lazr.restfulclient (0.14.4-1) ...
Setting up libgl-dev:amd64 (1.4.0-1) ...
Setting up libpmix-dev:amd64 (4.1.2-2ubuntu1) ...
Setting up openmpi-bin (4.1.2-2ubuntu1) ...
update-alternatives: using /usr/bin/mpirun.openmpi to provide /usr/bin/mpirun (mpirun) in auto mode
update-alternatives: warning: skip creation of /usr/share/man/man1/mpirun.1.gz because associated file /usr/share/man/man1/mpirun.openmpi.1.gz (of link group mpirun) doesn't exist
update-alternatives: warning: skip creation of /usr/share/man/man1/mpiexec.1.gz because associated file /usr/share/man/man1/mpiexec.openmpi.1.gz (of link group mpirun) doesn't exist
update-alternatives: using /usr/bin/mpicc.openmpi to provide /usr/bin/mpicc (mpi) in auto mode
update-alternatives: warning: skip creation of /usr/share/man/man1/mpicc.1.gz because associated file /usr/share/man/man1/mpicc.openmpi.1.gz (of link group mpi) doesn't exist
update-alternatives: warning: skip creation of /usr/share/man/man1/mpic++.1.gz because associated file /usr/share/man/man1/mpic++.openmpi.1.gz (of link group mpi) doesn't exist
update-alternatives: warning: skip creation of /usr/share/man/man1/mpicxx.1.gz because associated file /usr/share/man/man1/mpicxx.openmpi.1.gz (of link group mpi) doesn't exist
update-alternatives: warning: skip creation of /usr/share/man/man1/mpiCC.1.gz because associated file /usr/share/man/man1/mpiCC.openmpi.1.gz (of link group mpi) doesn't exist
update-alternatives: warning: skip creation of /usr/share/man/man1/mpif77.1.gz because associated file /usr/share/man/man1/mpif77.openmpi.1.gz (of link group mpi) doesn't exist
update-alternatives: warning: skip creation of /usr/share/man/man1/mpif90.1.gz because associated file /usr/share/man/man1/mpif90.openmpi.1.gz (of link group mpi) doesn't exist
update-alternatives: warning: skip creation of /usr/share/man/man1/mpifort.1.gz because associated file /usr/share/man/man1/mpifort.openmpi.1.gz (of link group mpi) doesn't exist
Setting up libboost-thread-dev:amd64 (1.74.0.3ubuntu7) ...
Setting up libboost-graph-dev:amd64 (1.74.0.3ubuntu7) ...
Setting up libboost-log1.74-dev (1.74.0-14ubuntu3) ...
Setting up freeglut3:amd64 (2.8.1-6) ...
Setting up libegl-dev:amd64 (1.4.0-1) ...
Setting up python3-launchpadlib (1.10.16-1) ...
Setting up mpi-default-bin (1.14) ...
Setting up libboost-iostreams-dev:amd64 (1.74.0.3ubuntu7) ...
Setting up libboost-context1.74-dev:amd64 (1.74.0-14ubuntu3) ...
Setting up libboost-python1.74-dev (1.74.0-14ubuntu3) ...
Setting up libboost-python-dev (1.74.0.3ubuntu7) ...
Setting up libboost-fiber1.74-dev:amd64 (1.74.0-14ubuntu3) ...
Setting up libboost-type-erasure1.74-dev:amd64 (1.74.0-14ubuntu3) ...
Setting up python3-software-properties (0.99.22.9) ...
Setting up libglu1-mesa-dev:amd64 (9.0.2-1) ...
Setting up libboost-locale1.74-dev:amd64 (1.74.0-14ubuntu3) ...
Setting up libboost-graph-parallel1.74-dev (1.74.0-14ubuntu3) ...
Setting up libboost-coroutine1.74-dev:amd64 (1.74.0-14ubuntu3) ...
Setting up libboost-coroutine-dev:amd64 (1.74.0.3ubuntu7) ...
Setting up libopenmpi-dev:amd64 (4.1.2-2ubuntu1) ...
update-alternatives: using /usr/lib/x86_64-linux-gnu/openmpi/include to provide /usr/include/x86_64-linux-gnu/mpi (mpi-x86_64-linux-gnu) in auto mode
Setting up libgles-dev:amd64 (1.4.0-1) ...
Setting up libboost-log-dev (1.74.0.3ubuntu7) ...
Setting up libboost-fiber-dev:amd64 (1.74.0.3ubuntu7) ...
Setting up libboost-mpi-python1.74.0 (1.74.0-14ubuntu3) ...
Setting up libglvnd-dev:amd64 (1.4.0-1) ...
Setting up libboost-locale-dev:amd64 (1.74.0.3ubuntu7) ...
Setting up libboost-context-dev:amd64 (1.74.0.3ubuntu7) ...
Setting up software-properties-common (0.99.22.9) ...
Setting up libboost-type-erasure-dev:amd64 (1.74.0.3ubuntu7) ...
Setting up libglew-dev:amd64 (2.2.0-4) ...
Setting up libboost-graph-parallel-dev (1.74.0.3ubuntu7) ...
Setting up mpi-default-dev (1.14) ...
Setting up libgl1-mesa-dev:amd64 (23.2.1-1ubuntu3.1~22.04.3) ...
Setting up libboost-mpi1.74-dev (1.74.0-14ubuntu3) ...
Setting up libboost-mpi-python1.74-dev (1.74.0-14ubuntu3) ...
Setting up freeglut3-dev:amd64 (2.8.1-6) ...
Setting up libboost-mpi-python-dev (1.74.0.3ubuntu7) ...
Setting up libboost-mpi-dev (1.74.0.3ubuntu7) ...
Setting up libboost-all-dev (1.74.0.3ubuntu7) ...
Processing triggers for libc-bin (2.35-0ubuntu3.10) ...
Processing triggers for ca-certificates (20240203~22.04.1) ...
Updating certificates in /etc/ssl/certs...
0 added, 0 removed; done.
Running hooks in /etc/ca-certificates/update.d...
done.
Processing triggers for dbus (1.12.20-2ubuntu4.1) ...
+ rm -rf /var/lib/apt/lists/archive.ubuntu.com_ubuntu_dists_jammy-backports_InRelease /var/lib/apt/lists/archive.ubuntu.com_ubuntu_dists_jammy-backports_main_binary-amd64_Packages.lz4 /var/lib/apt/lists/archive.ubuntu.com_ubuntu_dists_jammy-backports_universe_binary-amd64_Packages.lz4 /var/lib/apt/lists/archive.ubuntu.com_ubuntu_dists_jammy-updates_InRelease /var/lib/apt/lists/archive.ubuntu.com_ubuntu_dists_jammy-updates_main_binary-amd64_Packages.lz4 /var/lib/apt/lists/archive.ubuntu.com_ubuntu_dists_jammy-updates_multiverse_binary-amd64_Packages.lz4 /var/lib/apt/lists/archive.ubuntu.com_ubuntu_dists_jammy-updates_restricted_binary-amd64_Packages.lz4 /var/lib/apt/lists/archive.ubuntu.com_ubuntu_dists_jammy-updates_universe_binary-amd64_Packages.lz4 /var/lib/apt/lists/archive.ubuntu.com_ubuntu_dists_jammy_InRelease /var/lib/apt/lists/archive.ubuntu.com_ubuntu_dists_jammy_main_binary-amd64_Packages.lz4 /var/lib/apt/lists/archive.ubuntu.com_ubuntu_dists_jammy_multiverse_binary-amd64_Packages.lz4 /var/lib/apt/lists/archive.ubuntu.com_ubuntu_dists_jammy_restricted_binary-amd64_Packages.lz4 /var/lib/apt/lists/archive.ubuntu.com_ubuntu_dists_jammy_universe_binary-amd64_Packages.lz4 /var/lib/apt/lists/auxfiles /var/lib/apt/lists/lock /var/lib/apt/lists/partial /var/lib/apt/lists/security.ubuntu.com_ubuntu_dists_jammy-security_InRelease /var/lib/apt/lists/security.ubuntu.com_ubuntu_dists_jammy-security_main_binary-amd64_Packages.lz4 /var/lib/apt/lists/security.ubuntu.com_ubuntu_dists_jammy-security_multiverse_binary-amd64_Packages.lz4 /var/lib/apt/lists/security.ubuntu.com_ubuntu_dists_jammy-security_restricted_binary-amd64_Packages.lz4 /var/lib/apt/lists/security.ubuntu.com_ubuntu_dists_jammy-security_universe_binary-amd64_Packages.lz4
+ echo [STAGE 2] Installing pre-built scientific libraries...
[STAGE 2] Installing pre-built scientific libraries...
+ apt-get update -qq
+ apt-get install -y --no-install-recommends libvtk9-dev libpcl-dev libcgal-dev libflann-dev libqhull-dev libsuitesparse-dev
Reading package lists...
Building dependency tree...
Reading state information...
The following additional packages will be installed:
  ca-certificates-java default-jdk default-jdk-headless default-jre
  default-jre-headless default-libmysqlclient-dev fontconfig fontconfig-config
  fonts-dejavu-core gdal-data hdf5-helpers java-common libaec-dev libaec0
  libamd2 libaom-dev libaom3 libarmadillo-dev libarmadillo10 libarpack2
  libarpack2-dev libasound2 libasound2-data libavahi-client3
  libavahi-common-data libavahi-common3 libavcodec-dev libavcodec58
  libavformat-dev libavformat58 libavutil-dev libavutil56 libblosc-dev
  libblosc1 libbluray2 libbrotli-dev libbtf1 libcairo-gobject2 libcairo2
  libcamd2 libccolamd2 libcfitsio-dev libcfitsio9 libcharls-dev libcharls2
  libcholmod3 libchromaprint1 libclang1-14 libcodec2-1.0 libcolamd2 libcups2
  libcurl4-openssl-dev libcxsparse3 libdatrie1 libdav1d-dev libdav1d5
  libde265-0 libde265-dev libdeflate-dev libdeflate0 libdouble-conversion-dev
  libdouble-conversion3 libevdev2 libflann1.9 libfontconfig-dev libfontconfig1
  libfontconfig1-dev libfreetype-dev libfreetype6 libfreetype6-dev
  libfreexl-dev libfreexl1 libfribidi0 libfyba-dev libfyba0 libgdal-dev
  libgdal30 libgdk-pixbuf-2.0-0 libgdk-pixbuf2.0-common libgeos-c1v5
  libgeos-dev libgeos3.10.2 libgeotiff-dev libgeotiff5 libgif-dev libgif7
  libgl2ps-dev libgl2ps1.4 libgme0 libgmp-dev libgmpxx4ldbl libgraphite2-3
  libgsm1 libgstreamer-plugins-base1.0-0 libgudev-1.0-0 libharfbuzz0b
  libhdf4-0-alt libhdf4-alt-dev libhdf5-103-1 libhdf5-cpp-103-1 libhdf5-dev
  libhdf5-fortran-102 libhdf5-hl-100 libhdf5-hl-cpp-100 libhdf5-hl-fortran-100
  libhdf5-mpi-dev libhdf5-openmpi-103-1 libhdf5-openmpi-cpp-103-1
  libhdf5-openmpi-dev libhdf5-openmpi-fortran-102 libhdf5-openmpi-hl-100
  libhdf5-openmpi-hl-cpp-100 libhdf5-openmpi-hl-fortran-100 libheif-dev
  libheif1 libhyphen0 libinput-bin libinput10 libjbig-dev libjbig0 libjpeg-dev
  libjpeg-turbo8 libjpeg-turbo8-dev libjpeg8 libjpeg8-dev libjson-c-dev
  libjsoncpp-dev libklu1 libkml-dev libkmlbase1 libkmlconvenience1 libkmldom1
  libkmlengine1 libkmlregionator1 libkmlxsd1 liblcms2-2 libldl2 libllvm14
  liblz4-dev libmd4c0 libmetis5 libmfx1 libminizip-dev libminizip1
  libmongoose2 libmp3lame0 libmpfr-dev libmpg123-0 libmtdev1
  libmysqlclient-dev libmysqlclient21 libnetcdf-c++4 libnetcdf-cxx-legacy-dev
  libnetcdf-dev libnetcdf19 libnorm1 libnspr4 libnss3 libodbc2 libodbccr2
  libodbcinst2 libogdi-dev libogdi4.1 libogg-dev libogg0 libopenjp2-7
  libopenjp2-7-dev libopenmpt0 libopenni-dev libopenni0 libopenni2-0
  libopenni2-dev libopus0 liborc-0.4-0 libpango-1.0-0 libpangocairo-1.0-0
  libpangoft2-1.0-0 libpcap0.8 libpcl-apps1.12 libpcl-common1.12
  libpcl-features1.12 libpcl-filters1.12 libpcl-io1.12 libpcl-kdtree1.12
  libpcl-keypoints1.12 libpcl-ml1.12 libpcl-octree1.12 libpcl-outofcore1.12
  libpcl-people1.12 libpcl-recognition1.12 libpcl-registration1.12
  libpcl-sample-consensus1.12 libpcl-search1.12 libpcl-segmentation1.12
  libpcl-stereo1.12 libpcl-surface1.12 libpcl-tracking1.12
  libpcl-visualization1.12 libpcre2-16-0 libpcre2-32-0 libpcre2-dev
  libpcre2-posix3 libpcsclite1 libpgm-5.3-0 libpixman-1-0 libpng-dev
  libpng16-16 libpoppler-dev libpoppler-private-dev libpoppler118 libpq-dev
  libpq5 libproj-dev libproj22 libqhull-r8.0 libqhull8.0 libqhullcpp8.0
  libqt5concurrent5 libqt5core5a libqt5dbus5 libqt5designer5
  libqt5designercomponents5 libqt5gui5 libqt5help5 libqt5network5
  libqt5opengl5 libqt5opengl5-dev libqt5positioning5 libqt5printsupport5
  libqt5qml5 libqt5qmlmodels5 libqt5qmlworkerscript5 libqt5quick5
  libqt5quickparticles5 libqt5quickshapes5 libqt5quicktest5
  libqt5quickwidgets5 libqt5sensors5 libqt5sql5 libqt5sql5-sqlite libqt5test5
  libqt5webchannel5 libqt5webkit5 libqt5webkit5-dev libqt5widgets5 libqt5xml5
  librabbitmq4 librbio2 librsvg2-2 librttopo-dev librttopo1 libshine3
  libsliplu1 libsnappy1v5 libsodium23 libsoxr0 libspatialite-dev
  libspatialite7 libspeex1 libspqr2 libsqlite3-dev libsrt1.4-gnutls
  libssh-gcrypt-4 libssl-dev libsuitesparseconfig5 libsuperlu-dev libsuperlu5
  libswresample-dev libswresample3 libswscale-dev libswscale5 libsz2
  libtbb-dev libtbb12 libtbbmalloc2 libtcl8.6 libthai-data libthai0
  libtheora-dev libtheora0 libtiff-dev libtiff5 libtiffxx5 libtinyxml2.6.2v5
  libtk8.6 libtwolame0 libudfread0 libumfpack5 liburiparser-dev liburiparser1
  libutfcpp-dev libva-drm2 libva-x11-2 libva2 libvdpau1 libvorbis0a
  libvorbisenc2 libvorbisfile3 libvpx7 libvtk9-java libvtk9-qt-dev libvtk9.1
  libvtk9.1-qt libvulkan-dev libvulkan1 libwacom-common libwacom9 libwebp-dev
  libwebp7 libwebpdemux2 libwebpmux3 libwoff1 libx264-163 libx265-199
  libx265-dev libxcb-icccm4 libxcb-image0 libxcb-keysyms1 libxcb-render-util0
  libxcb-render0 libxcb-shape0 libxcb-util1 libxcb-xinerama0 libxcb-xinput0
  libxcb-xkb1 libxerces-c-dev libxerces-c3.2 libxft-dev libxft2
  libxkbcommon-x11-0 libxkbcommon0 libxml2-dev libxrender-dev libxrender1
  libxslt1.1 libxss-dev libxss1 libxtst6 libxvidcore4 libzmq5 libzstd-dev
  libzvbi-common libzvbi0 mysql-common openjdk-11-jdk openjdk-11-jdk-headless
  openjdk-11-jre openjdk-11-jre-headless proj-data python3-mpi4py python3-vtk9
  qdoc-qt5 qhelpgenerator-qt5 qt5-assistant qt5-qmake qt5-qmake-bin
  qt5-qmltooling-plugins qtattributionsscanner-qt5 qtbase5-dev
  qtbase5-dev-tools qtchooser qtdeclarative5-dev qtdeclarative5-dev-tools
  qttools5-dev qttools5-dev-tools qttools5-private-dev shared-mime-info tcl
  tcl-dev tcl8.6 tcl8.6-dev tk tk-dev tk8.6 tk8.6-dev tzdata ucf
  unixodbc-common unixodbc-dev uuid-dev vtk9 xkb-data
Suggested packages:
  libitpp-dev libasound2-plugins alsa-utils libcuda1 libnvcuvid1
  libnvidia-encode1 libbluray-bdj libmpfi-dev libntl-dev cups-common
  libcurl4-doc libidn11-dev libkrb5-dev libldap2-dev librtmp-dev libssh2-1-dev
  freetype2-doc libgdal-doc libgeotiff-epsg geotiff-bin gdal-bin gmp-doc
  libgmp10-doc libvisual-0.4-plugins libhdf4-doc hdf4-tools libhdf5-doc
  liblcms2-utils libmpfr-doc netcdf-bin netcdf-doc odbc-postgresql tdsodbc
  ogdi-bin openni-doc openni2-doc opus-tools libpcl-doc pcscd
  postgresql-doc-14 proj-bin qt5-image-formats-plugins qtwayland5 librsvg2-bin
  speex sqlite3-doc libssl-doc libsuperlu-doc libtbb-doc vtk9-doc
  vtk9-examples java-virtual-machine libx265-doc libxerces-c-doc
  openjdk-11-demo openjdk-11-source visualvm libnss-mdns fonts-dejavu-extra
  fonts-ipafont-gothic fonts-ipafont-mincho fonts-wqy-microhei
  | fonts-wqy-zenhei fonts-indic python3-numpy mayavi2 qt5-doc firebird-dev
  tcl-doc tcl-tclreadline tcl8.6-doc tk-doc tk8.6-doc
Recommended packages:
  alsa-ucm-conf alsa-topology-conf libaacs0 libcfitsio-doc proj-bin
  libgdk-pixbuf2.0-bin gstreamer1.0-plugins-base libopenni-sensor-pointclouds0
  | libopenni-sensor-primesense0 libpng-tools poppler-data
  qttranslations5-l10n libqt5svg5 qt5-gtk-platformtheme geoclue-2.0
  librsvg2-common libgraphblas-dev va-driver-all | va-driver vdpau-driver-all
  | vdpau-driver mesa-vulkan-drivers | vulkan-icd libwacom-bin
  libatk-wrapper-java-jni fonts-dejavu-extra xterm | x-terminal-emulator
The following NEW packages will be installed:
  ca-certificates-java default-jdk default-jdk-headless default-jre
  default-jre-headless default-libmysqlclient-dev fontconfig fontconfig-config
  fonts-dejavu-core gdal-data hdf5-helpers java-common libaec-dev libaec0
  libamd2 libaom-dev libaom3 libarmadillo-dev libarmadillo10 libarpack2
  libarpack2-dev libasound2 libasound2-data libavahi-client3
  libavahi-common-data libavahi-common3 libavcodec-dev libavcodec58
  libavformat-dev libavformat58 libavutil-dev libavutil56 libblosc-dev
  libblosc1 libbluray2 libbrotli-dev libbtf1 libcairo-gobject2 libcairo2
  libcamd2 libccolamd2 libcfitsio-dev libcfitsio9 libcgal-dev libcharls-dev
  libcharls2 libcholmod3 libchromaprint1 libclang1-14 libcodec2-1.0 libcolamd2
  libcups2 libcurl4-openssl-dev libcxsparse3 libdatrie1 libdav1d-dev libdav1d5
  libde265-0 libde265-dev libdeflate-dev libdeflate0 libdouble-conversion-dev
  libdouble-conversion3 libevdev2 libflann-dev libflann1.9 libfontconfig-dev
  libfontconfig1 libfontconfig1-dev libfreetype-dev libfreetype6
  libfreetype6-dev libfreexl-dev libfreexl1 libfribidi0 libfyba-dev libfyba0
  libgdal-dev libgdal30 libgdk-pixbuf-2.0-0 libgdk-pixbuf2.0-common
  libgeos-c1v5 libgeos-dev libgeos3.10.2 libgeotiff-dev libgeotiff5 libgif-dev
  libgif7 libgl2ps-dev libgl2ps1.4 libgme0 libgmp-dev libgmpxx4ldbl
  libgraphite2-3 libgsm1 libgstreamer-plugins-base1.0-0 libgudev-1.0-0
  libharfbuzz0b libhdf4-0-alt libhdf4-alt-dev libhdf5-103-1 libhdf5-cpp-103-1
  libhdf5-dev libhdf5-fortran-102 libhdf5-hl-100 libhdf5-hl-cpp-100
  libhdf5-hl-fortran-100 libhdf5-mpi-dev libhdf5-openmpi-103-1
  libhdf5-openmpi-cpp-103-1 libhdf5-openmpi-dev libhdf5-openmpi-fortran-102
  libhdf5-openmpi-hl-100 libhdf5-openmpi-hl-cpp-100
  libhdf5-openmpi-hl-fortran-100 libheif-dev libheif1 libhyphen0 libinput-bin
  libinput10 libjbig-dev libjbig0 libjpeg-dev libjpeg-turbo8
  libjpeg-turbo8-dev libjpeg8 libjpeg8-dev libjson-c-dev libjsoncpp-dev
  libklu1 libkml-dev libkmlbase1 libkmlconvenience1 libkmldom1 libkmlengine1
  libkmlregionator1 libkmlxsd1 liblcms2-2 libldl2 libllvm14 liblz4-dev
  libmd4c0 libmetis5 libmfx1 libminizip-dev libminizip1 libmongoose2
  libmp3lame0 libmpfr-dev libmpg123-0 libmtdev1 libmysqlclient-dev
  libmysqlclient21 libnetcdf-c++4 libnetcdf-cxx-legacy-dev libnetcdf-dev
  libnetcdf19 libnorm1 libnspr4 libnss3 libodbc2 libodbccr2 libodbcinst2
  libogdi-dev libogdi4.1 libogg-dev libogg0 libopenjp2-7 libopenjp2-7-dev
  libopenmpt0 libopenni-dev libopenni0 libopenni2-0 libopenni2-dev libopus0
  liborc-0.4-0 libpango-1.0-0 libpangocairo-1.0-0 libpangoft2-1.0-0 libpcap0.8
  libpcl-apps1.12 libpcl-common1.12 libpcl-dev libpcl-features1.12
  libpcl-filters1.12 libpcl-io1.12 libpcl-kdtree1.12 libpcl-keypoints1.12
  libpcl-ml1.12 libpcl-octree1.12 libpcl-outofcore1.12 libpcl-people1.12
  libpcl-recognition1.12 libpcl-registration1.12 libpcl-sample-consensus1.12
  libpcl-search1.12 libpcl-segmentation1.12 libpcl-stereo1.12
  libpcl-surface1.12 libpcl-tracking1.12 libpcl-visualization1.12
  libpcre2-16-0 libpcre2-32-0 libpcre2-dev libpcre2-posix3 libpcsclite1
  libpgm-5.3-0 libpixman-1-0 libpng-dev libpng16-16 libpoppler-dev
  libpoppler-private-dev libpoppler118 libpq-dev libpq5 libproj-dev libproj22
  libqhull-dev libqhull-r8.0 libqhull8.0 libqhullcpp8.0 libqt5concurrent5
  libqt5core5a libqt5dbus5 libqt5designer5 libqt5designercomponents5
  libqt5gui5 libqt5help5 libqt5network5 libqt5opengl5 libqt5opengl5-dev
  libqt5positioning5 libqt5printsupport5 libqt5qml5 libqt5qmlmodels5
  libqt5qmlworkerscript5 libqt5quick5 libqt5quickparticles5 libqt5quickshapes5
  libqt5quicktest5 libqt5quickwidgets5 libqt5sensors5 libqt5sql5
  libqt5sql5-sqlite libqt5test5 libqt5webchannel5 libqt5webkit5
  libqt5webkit5-dev libqt5widgets5 libqt5xml5 librabbitmq4 librbio2 librsvg2-2
  librttopo-dev librttopo1 libshine3 libsliplu1 libsnappy1v5 libsodium23
  libsoxr0 libspatialite-dev libspatialite7 libspeex1 libspqr2 libsqlite3-dev
  libsrt1.4-gnutls libssh-gcrypt-4 libssl-dev libsuitesparse-dev
  libsuitesparseconfig5 libsuperlu-dev libsuperlu5 libswresample-dev
  libswresample3 libswscale-dev libswscale5 libsz2 libtbb-dev libtbb12
  libtbbmalloc2 libtcl8.6 libthai-data libthai0 libtheora-dev libtheora0
  libtiff-dev libtiff5 libtiffxx5 libtinyxml2.6.2v5 libtk8.6 libtwolame0
  libudfread0 libumfpack5 liburiparser-dev liburiparser1 libutfcpp-dev
  libva-drm2 libva-x11-2 libva2 libvdpau1 libvorbis0a libvorbisenc2
  libvorbisfile3 libvpx7 libvtk9-dev libvtk9-java libvtk9-qt-dev libvtk9.1
  libvtk9.1-qt libvulkan-dev libvulkan1 libwacom-common libwacom9 libwebp-dev
  libwebp7 libwebpdemux2 libwebpmux3 libwoff1 libx264-163 libx265-199
  libx265-dev libxcb-icccm4 libxcb-image0 libxcb-keysyms1 libxcb-render-util0
  libxcb-render0 libxcb-shape0 libxcb-util1 libxcb-xinerama0 libxcb-xinput0
  libxcb-xkb1 libxerces-c-dev libxerces-c3.2 libxft-dev libxft2
  libxkbcommon-x11-0 libxkbcommon0 libxml2-dev libxrender-dev libxrender1
  libxslt1.1 libxss-dev libxss1 libxtst6 libxvidcore4 libzmq5 libzstd-dev
  libzvbi-common libzvbi0 mysql-common openjdk-11-jdk openjdk-11-jdk-headless
  openjdk-11-jre openjdk-11-jre-headless proj-data python3-mpi4py python3-vtk9
  qdoc-qt5 qhelpgenerator-qt5 qt5-assistant qt5-qmake qt5-qmake-bin
  qt5-qmltooling-plugins qtattributionsscanner-qt5 qtbase5-dev
  qtbase5-dev-tools qtchooser qtdeclarative5-dev qtdeclarative5-dev-tools
  qttools5-dev qttools5-dev-tools qttools5-private-dev shared-mime-info tcl
  tcl-dev tcl8.6 tcl8.6-dev tk tk-dev tk8.6 tk8.6-dev tzdata ucf
  unixodbc-common unixodbc-dev uuid-dev vtk9 xkb-data
0 upgraded, 388 newly installed, 0 to remove and 0 not upgraded.
Need to get 378 MB of archives.
After this operation, 1503 MB of additional disk space will be used.
Get:1 http://archive.ubuntu.com/ubuntu jammy-updates/main amd64 liborc-0.4-0 amd64 1:0.4.32-2ubuntu0.1 [228 kB]
Get:2 http://archive.ubuntu.com/ubuntu jammy-updates/main amd64 libgstreamer-plugins-base1.0-0 amd64 1.20.1-1ubuntu0.4 [848 kB]
Get:3 http://archive.ubuntu.com/ubuntu jammy/main amd64 libhyphen0 amd64 2.8.8-7build2 [28.2 kB]
Get:4 http://archive.ubuntu.com/ubuntu jammy/main amd64 libjpeg-turbo8 amd64 2.1.2-0ubuntu1 [134 kB]
Get:5 http://archive.ubuntu.com/ubuntu jammy/main amd64 libjpeg8 amd64 8c-2ubuntu10 [2264 B]
Get:6 http://archive.ubuntu.com/ubuntu jammy/main amd64 libpng16-16 amd64 1.6.37-3build5 [191 kB]
Get:7 http://archive.ubuntu.com/ubuntu jammy/main amd64 shared-mime-info amd64 2.1-2 [454 kB]
Get:8 http://archive.ubuntu.com/ubuntu jammy/universe amd64 libdouble-conversion3 amd64 3.1.7-4 [39.0 kB]
Get:9 http://archive.ubuntu.com/ubuntu jammy-updates/main amd64 libpcre2-16-0 amd64 10.39-3ubuntu0.1 [203 kB]
Get:10 http://archive.ubuntu.com/ubuntu jammy-updates/universe amd64 libqt5core5a amd64 5.15.3+dfsg-2ubuntu0.2 [2006 kB]
Get:11 http://archive.ubuntu.com/ubuntu jammy-updates/main amd64 libfreetype6 amd64 2.11.1+dfsg-1ubuntu0.3 [388 kB]
Get:12 http://archive.ubuntu.com/ubuntu jammy/main amd64 ucf all 3.0043 [56.1 kB]
Get:13 http://archive.ubuntu.com/ubuntu jammy/main amd64 fonts-dejavu-core all 2.37-2build1 [1041 kB]
Get:14 http://archive.ubuntu.com/ubuntu jammy/main amd64 fontconfig-config all 2.13.1-4.2ubuntu5 [29.1 kB]
Get:15 http://archive.ubuntu.com/ubuntu jammy/main amd64 libfontconfig1 amd64 2.13.1-4.2ubuntu5 [131 kB]
Get:16 http://archive.ubuntu.com/ubuntu jammy/main amd64 fontconfig amd64 2.13.1-4.2ubuntu5 [177 kB]
Get:17 http://archive.ubuntu.com/ubuntu jammy/main amd64 libgraphite2-3 amd64 1.3.14-1build2 [71.3 kB]
Get:18 http://archive.ubuntu.com/ubuntu jammy-updates/main amd64 libharfbuzz0b amd64 2.7.4-1ubuntu3.2 [353 kB]
Get:19 http://archive.ubuntu.com/ubuntu jammy/main amd64 libevdev2 amd64 1.12.1+dfsg-1 [39.5 kB]
Get:20 http://archive.ubuntu.com/ubuntu jammy/main amd64 libmtdev1 amd64 1.1.6-1build4 [14.5 kB]
Get:21 http://archive.ubuntu.com/ubuntu jammy/main amd64 libgudev-1.0-0 amd64 1:237-2build1 [16.3 kB]
Get:22 http://archive.ubuntu.com/ubuntu jammy/main amd64 libwacom-common all 2.2.0-1 [54.3 kB]
Get:23 http://archive.ubuntu.com/ubuntu jammy/main amd64 libwacom9 amd64 2.2.0-1 [22.0 kB]
Get:24 http://archive.ubuntu.com/ubuntu jammy-updates/main amd64 libinput-bin amd64 1.20.0-1ubuntu0.3 [19.9 kB]
Get:25 http://archive.ubuntu.com/ubuntu jammy-updates/main amd64 libinput10 amd64 1.20.0-1ubuntu0.3 [131 kB]
Get:26 http://archive.ubuntu.com/ubuntu jammy/universe amd64 libmd4c0 amd64 0.4.8-1 [42.0 kB]
Get:27 http://archive.ubuntu.com/ubuntu jammy-updates/universe amd64 libqt5dbus5 amd64 5.15.3+dfsg-2ubuntu0.2 [222 kB]
Get:28 http://archive.ubuntu.com/ubuntu jammy-updates/universe amd64 libqt5network5 amd64 5.15.3+dfsg-2ubuntu0.2 [731 kB]
Get:29 http://archive.ubuntu.com/ubuntu jammy/main amd64 libxcb-icccm4 amd64 0.4.1-1.1build2 [11.5 kB]
Get:30 http://archive.ubuntu.com/ubuntu jammy/main amd64 libxcb-util1 amd64 0.4.0-1build2 [11.4 kB]
Get:31 http://archive.ubuntu.com/ubuntu jammy/main amd64 libxcb-image0 amd64 0.4.0-2 [11.5 kB]
Get:32 http://archive.ubuntu.com/ubuntu jammy/main amd64 libxcb-keysyms1 amd64 0.4.0-1build3 [8746 B]
Get:33 http://archive.ubuntu.com/ubuntu jammy/main amd64 libxcb-render0 amd64 1.14-3ubuntu3 [16.4 kB]
Get:34 http://archive.ubuntu.com/ubuntu jammy/main amd64 libxcb-render-util0 amd64 0.3.9-1build3 [10.3 kB]
Get:35 http://archive.ubuntu.com/ubuntu jammy/main amd64 libxcb-shape0 amd64 1.14-3ubuntu3 [6158 B]
Get:36 http://archive.ubuntu.com/ubuntu jammy/main amd64 libxcb-xinerama0 amd64 1.14-3ubuntu3 [5414 B]
Get:37 http://archive.ubuntu.com/ubuntu jammy/main amd64 libxcb-xinput0 amd64 1.14-3ubuntu3 [34.3 kB]
Get:38 http://archive.ubuntu.com/ubuntu jammy/main amd64 libxcb-xkb1 amd64 1.14-3ubuntu3 [32.8 kB]
Get:39 http://archive.ubuntu.com/ubuntu jammy/main amd64 xkb-data all 2.33-1 [394 kB]
Get:40 http://archive.ubuntu.com/ubuntu jammy/main amd64 libxkbcommon0 amd64 1.4.0-1 [125 kB]
Get:41 http://archive.ubuntu.com/ubuntu jammy/main amd64 libxkbcommon-x11-0 amd64 1.4.0-1 [14.4 kB]
Get:42 http://archive.ubuntu.com/ubuntu jammy/main amd64 libxrender1 amd64 1:0.9.10-1build4 [19.7 kB]
Get:43 http://archive.ubuntu.com/ubuntu jammy-updates/universe amd64 libqt5gui5 amd64 5.15.3+dfsg-2ubuntu0.2 [3722 kB]
Get:44 http://archive.ubuntu.com/ubuntu jammy/universe amd64 libqt5positioning5 amd64 5.15.3+dfsg-3 [223 kB]
Get:45 http://archive.ubuntu.com/ubuntu jammy-updates/main amd64 libavahi-common-data amd64 0.8-5ubuntu5.2 [23.8 kB]
Get:46 http://archive.ubuntu.com/ubuntu jammy-updates/main amd64 libavahi-common3 amd64 0.8-5ubuntu5.2 [23.9 kB]
Get:47 http://archive.ubuntu.com/ubuntu jammy-updates/main amd64 libavahi-client3 amd64 0.8-5ubuntu5.2 [28.0 kB]
Get:48 http://archive.ubuntu.com/ubuntu jammy-updates/main amd64 libcups2 amd64 2.4.1op1-1ubuntu4.11 [263 kB]
Get:49 http://archive.ubuntu.com/ubuntu jammy-updates/universe amd64 libqt5widgets5 amd64 5.15.3+dfsg-2ubuntu0.2 [2561 kB]
Get:50 http://archive.ubuntu.com/ubuntu jammy-updates/universe amd64 libqt5printsupport5 amd64 5.15.3+dfsg-2ubuntu0.2 [214 kB]
Get:51 http://archive.ubuntu.com/ubuntu jammy/universe amd64 libqt5qml5 amd64 5.15.3+dfsg-1 [1472 kB]
Get:52 http://archive.ubuntu.com/ubuntu jammy/universe amd64 libqt5qmlmodels5 amd64 5.15.3+dfsg-1 [205 kB]
Get:53 http://archive.ubuntu.com/ubuntu jammy/universe amd64 libqt5quick5 amd64 5.15.3+dfsg-1 [1748 kB]
Get:54 http://archive.ubuntu.com/ubuntu jammy/universe amd64 libqt5sensors5 amd64 5.15.3-1 [123 kB]
Get:55 http://archive.ubuntu.com/ubuntu jammy/universe amd64 libqt5webchannel5 amd64 5.15.3-1 [62.9 kB]
Get:56 http://archive.ubuntu.com/ubuntu jammy-updates/main amd64 libwebp7 amd64 1.2.2-2ubuntu0.22.04.2 [206 kB]
Get:57 http://archive.ubuntu.com/ubuntu jammy/main amd64 libwoff1 amd64 1.0.2-1build4 [45.2 kB]
Get:58 http://archive.ubuntu.com/ubuntu jammy-updates/main amd64 libxslt1.1 amd64 1.1.34-4ubuntu0.22.04.4 [165 kB]
Get:59 http://archive.ubuntu.com/ubuntu jammy/universe amd64 libqt5webkit5 amd64 5.212.0~alpha4-15ubuntu1 [12.8 MB]
Get:60 http://archive.ubuntu.com/ubuntu jammy-updates/universe amd64 libqt5concurrent5 amd64 5.15.3+dfsg-2ubuntu0.2 [36.3 kB]
Get:61 http://archive.ubuntu.com/ubuntu jammy-updates/universe amd64 libqt5sql5 amd64 5.15.3+dfsg-2ubuntu0.2 [123 kB]
Get:62 http://archive.ubuntu.com/ubuntu jammy-updates/universe amd64 libqt5test5 amd64 5.15.3+dfsg-2ubuntu0.2 [152 kB]
Get:63 http://archive.ubuntu.com/ubuntu jammy-updates/universe amd64 libqt5xml5 amd64 5.15.3+dfsg-2ubuntu0.2 [124 kB]
Get:64 http://archive.ubuntu.com/ubuntu jammy/main amd64 libvulkan1 amd64 1.3.204.1-2 [128 kB]
Get:65 http://archive.ubuntu.com/ubuntu jammy/main amd64 libvulkan-dev amd64 1.3.204.1-2 [892 kB]
Get:66 http://archive.ubuntu.com/ubuntu jammy-updates/universe amd64 qt5-qmake-bin amd64 5.15.3+dfsg-2ubuntu0.2 [1126 kB]
Get:67 http://archive.ubuntu.com/ubuntu jammy/universe amd64 qtchooser amd64 66-2build1 [24.7 kB]
Get:68 http://archive.ubuntu.com/ubuntu jammy-updates/universe amd64 qt5-qmake amd64 5.15.3+dfsg-2ubuntu0.2 [208 kB]
Get:69 http://archive.ubuntu.com/ubuntu jammy-updates/universe amd64 qtbase5-dev-tools amd64 5.15.3+dfsg-2ubuntu0.2 [819 kB]
Get:70 http://archive.ubuntu.com/ubuntu jammy-updates/universe amd64 qtbase5-dev amd64 5.15.3+dfsg-2ubuntu0.2 [1135 kB]
Get:71 http://archive.ubuntu.com/ubuntu jammy/universe amd64 libqt5qmlworkerscript5 amd64 5.15.3+dfsg-1 [34.4 kB]
Get:72 http://archive.ubuntu.com/ubuntu jammy/universe amd64 libqt5quickparticles5 amd64 5.15.3+dfsg-1 [218 kB]
Get:73 http://archive.ubuntu.com/ubuntu jammy/universe amd64 libqt5quickshapes5 amd64 5.15.3+dfsg-1 [104 kB]
Get:74 http://archive.ubuntu.com/ubuntu jammy/universe amd64 libqt5quicktest5 amd64 5.15.3+dfsg-1 [58.2 kB]
Get:75 http://archive.ubuntu.com/ubuntu jammy/universe amd64 libqt5quickwidgets5 amd64 5.15.3+dfsg-1 [39.9 kB]
Get:76 http://archive.ubuntu.com/ubuntu jammy/universe amd64 qt5-qmltooling-plugins amd64 5.15.3+dfsg-1 [193 kB]
Get:77 http://archive.ubuntu.com/ubuntu jammy/universe amd64 qtdeclarative5-dev-tools amd64 5.15.3+dfsg-1 [688 kB]
Get:78 http://archive.ubuntu.com/ubuntu jammy/universe amd64 qtdeclarative5-dev amd64 5.15.3+dfsg-1 [494 kB]
Get:79 http://archive.ubuntu.com/ubuntu jammy/universe amd64 libqt5webkit5-dev amd64 5.212.0~alpha4-15ubuntu1 [54.7 kB]
Get:80 http://archive.ubuntu.com/ubuntu jammy-updates/main amd64 libfribidi0 amd64 1.0.8-2ubuntu3.1 [26.1 kB]
Get:81 http://archive.ubuntu.com/ubuntu jammy-updates/main amd64 tzdata all 2025b-0ubuntu0.22.04.1 [347 kB]
Get:82 http://archive.ubuntu.com/ubuntu jammy-updates/main amd64 libpcap0.8 amd64 1.10.1-4ubuntu1.22.04.1 [145 kB]
Get:83 http://archive.ubuntu.com/ubuntu jammy/main amd64 java-common all 0.72build2 [6782 B]
Get:84 http://archive.ubuntu.com/ubuntu jammy/main amd64 liblcms2-2 amd64 2.12~rc1-2build2 [159 kB]
Get:85 http://archive.ubuntu.com/ubuntu jammy-updates/main amd64 libnspr4 amd64 2:4.35-0ubuntu0.22.04.1 [119 kB]
Get:86 http://archive.ubuntu.com/ubuntu jammy-updates/main amd64 libnss3 amd64 2:3.98-0ubuntu0.22.04.2 [1347 kB]
Get:87 http://archive.ubuntu.com/ubuntu jammy/main amd64 libasound2-data all 1.2.6.1-1ubuntu1 [19.1 kB]
Get:88 http://archive.ubuntu.com/ubuntu jammy/main amd64 libasound2 amd64 1.2.6.1-1ubuntu1 [390 kB]
Get:89 http://archive.ubuntu.com/ubuntu jammy-updates/main amd64 libpcsclite1 amd64 1.9.5-3ubuntu1 [19.8 kB]
Get:90 http://archive.ubuntu.com/ubuntu jammy-updates/main amd64 openjdk-11-jre-headless amd64 11.0.28+6-1ubuntu1~22.04.1 [42.6 MB]
Get:91 http://archive.ubuntu.com/ubuntu jammy/main amd64 default-jre-headless amd64 2:1.11-72build2 [3042 B]
Get:92 http://archive.ubuntu.com/ubuntu jammy-updates/main amd64 ca-certificates-java all 20190909ubuntu1.2 [12.1 kB]
Get:93 http://archive.ubuntu.com/ubuntu jammy-updates/main amd64 libgif7 amd64 5.1.9-2ubuntu0.1 [33.9 kB]
Get:94 http://archive.ubuntu.com/ubuntu jammy/main amd64 libxtst6 amd64 2:1.2.3-1build4 [13.4 kB]
Get:95 http://archive.ubuntu.com/ubuntu jammy-updates/main amd64 openjdk-11-jre amd64 11.0.28+6-1ubuntu1~22.04.1 [214 kB]
Get:96 http://archive.ubuntu.com/ubuntu jammy/main amd64 default-jre amd64 2:1.11-72build2 [896 B]
Get:97 http://archive.ubuntu.com/ubuntu jammy-updates/main amd64 openjdk-11-jdk-headless amd64 11.0.28+6-1ubuntu1~22.04.1 [73.6 MB]
Get:98 http://archive.ubuntu.com/ubuntu jammy/main amd64 default-jdk-headless amd64 2:1.11-72build2 [942 B]
Get:99 http://archive.ubuntu.com/ubuntu jammy-updates/main amd64 openjdk-11-jdk amd64 11.0.28+6-1ubuntu1~22.04.1 [1342 kB]
Get:100 http://archive.ubuntu.com/ubuntu jammy/main amd64 default-jdk amd64 2:1.11-72build2 [908 B]
Get:101 http://archive.ubuntu.com/ubuntu jammy/main amd64 mysql-common all 5.8+1.0.8 [7212 B]
Get:102 http://archive.ubuntu.com/ubuntu jammy-updates/main amd64 libmysqlclient21 amd64 8.0.43-0ubuntu0.22.04.1 [1308 kB]
Get:103 http://archive.ubuntu.com/ubuntu jammy-updates/main amd64 libssl-dev amd64 3.0.2-0ubuntu1.19 [2376 kB]
Get:104 http://archive.ubuntu.com/ubuntu jammy/main amd64 libzstd-dev amd64 1.4.8+dfsg-3build1 [401 kB]
Get:105 http://archive.ubuntu.com/ubuntu jammy-updates/main amd64 libmysqlclient-dev amd64 8.0.43-0ubuntu0.22.04.1 [1702 kB]
Get:106 http://archive.ubuntu.com/ubuntu jammy/main amd64 default-libmysqlclient-dev amd64 1.0.8 [3586 B]
Get:107 http://archive.ubuntu.com/ubuntu jammy/universe amd64 gdal-data all 3.4.1+dfsg-1build4 [216 kB]
Get:108 http://archive.ubuntu.com/ubuntu jammy/universe amd64 hdf5-helpers amd64 1.10.7+repack-4ubuntu2 [14.2 kB]
Get:109 http://archive.ubuntu.com/ubuntu jammy/universe amd64 libaec0 amd64 1.0.6-1 [20.1 kB]
Get:110 http://archive.ubuntu.com/ubuntu jammy/main amd64 libsuitesparseconfig5 amd64 1:5.10.1+dfsg-4build1 [10.4 kB]
Get:111 http://archive.ubuntu.com/ubuntu jammy/universe amd64 libamd2 amd64 1:5.10.1+dfsg-4build1 [21.6 kB]
Get:112 http://archive.ubuntu.com/ubuntu jammy-updates/universe amd64 libaom3 amd64 3.3.0-1ubuntu0.1 [1748 kB]
Get:113 http://archive.ubuntu.com/ubuntu jammy-updates/universe amd64 libaom-dev amd64 3.3.0-1ubuntu0.1 [2093 kB]
Get:114 http://archive.ubuntu.com/ubuntu jammy/universe amd64 libarpack2 amd64 3.8.0-1 [92.4 kB]
Get:115 http://archive.ubuntu.com/ubuntu jammy/universe amd64 libsuperlu5 amd64 5.3.0+dfsg1-2 [183 kB]
Get:116 http://archive.ubuntu.com/ubuntu jammy/universe amd64 libarmadillo10 amd64 1:10.8.2+dfsg-1 [105 kB]
Get:117 http://archive.ubuntu.com/ubuntu jammy/universe amd64 libarpack2-dev amd64 3.8.0-1 [105 kB]
Get:118 http://archive.ubuntu.com/ubuntu jammy/universe amd64 libsz2 amd64 1.0.6-1 [5354 B]
Get:119 http://archive.ubuntu.com/ubuntu jammy/universe amd64 libhdf5-103-1 amd64 1.10.7+repack-4ubuntu2 [1295 kB]
Get:120 http://archive.ubuntu.com/ubuntu jammy/universe amd64 libhdf5-fortran-102 amd64 1.10.7+repack-4ubuntu2 [90.9 kB]
Get:121 http://archive.ubuntu.com/ubuntu jammy/universe amd64 libhdf5-hl-100 amd64 1.10.7+repack-4ubuntu2 [59.1 kB]
Get:122 http://archive.ubuntu.com/ubuntu jammy/universe amd64 libhdf5-hl-fortran-100 amd64 1.10.7+repack-4ubuntu2 [33.8 kB]
Get:123 http://archive.ubuntu.com/ubuntu jammy/universe amd64 libhdf5-cpp-103-1 amd64 1.10.7+repack-4ubuntu2 [129 kB]
Get:124 http://archive.ubuntu.com/ubuntu jammy/universe amd64 libhdf5-hl-cpp-100 amd64 1.10.7+repack-4ubuntu2 [10.6 kB]
Get:125 http://archive.ubuntu.com/ubuntu jammy/main amd64 libjpeg-turbo8-dev amd64 2.1.2-0ubuntu1 [257 kB]
Get:126 http://archive.ubuntu.com/ubuntu jammy/main amd64 libjpeg8-dev amd64 8c-2ubuntu10 [1476 B]
Get:127 http://archive.ubuntu.com/ubuntu jammy/main amd64 libjpeg-dev amd64 8c-2ubuntu10 [1472 B]
Get:128 http://archive.ubuntu.com/ubuntu jammy/universe amd64 libaec-dev amd64 1.0.6-1 [17.9 kB]
Get:129 http://archive.ubuntu.com/ubuntu jammy-updates/main amd64 libcurl4-openssl-dev amd64 7.81.0-1ubuntu1.20 [386 kB]
Get:130 http://archive.ubuntu.com/ubuntu jammy/universe amd64 libhdf5-dev amd64 1.10.7+repack-4ubuntu2 [2684 kB]
Get:131 http://archive.ubuntu.com/ubuntu jammy/universe amd64 libsuperlu-dev amd64 5.3.0+dfsg1-2 [20.0 kB]
Get:132 http://archive.ubuntu.com/ubuntu jammy/universe amd64 libarmadillo-dev amd64 1:10.8.2+dfsg-1 [399 kB]
Get:133 http://archive.ubuntu.com/ubuntu jammy/universe amd64 libva2 amd64 2.14.0-1 [65.0 kB]
Get:134 http://archive.ubuntu.com/ubuntu jammy/universe amd64 libmfx1 amd64 22.3.0-1 [3105 kB]
Get:135 http://archive.ubuntu.com/ubuntu jammy/universe amd64 libva-drm2 amd64 2.14.0-1 [7502 B]
Get:136 http://archive.ubuntu.com/ubuntu jammy/universe amd64 libva-x11-2 amd64 2.14.0-1 [12.6 kB]
Get:137 http://archive.ubuntu.com/ubuntu jammy/main amd64 libvdpau1 amd64 1.4-3build2 [27.0 kB]
Get:138 http://archive.ubuntu.com/ubuntu jammy-updates/universe amd64 libavutil56 amd64 7:4.4.2-0ubuntu0.22.04.1 [290 kB]
Get:139 http://archive.ubuntu.com/ubuntu jammy-updates/main amd64 libpixman-1-0 amd64 0.40.0-1ubuntu0.22.04.1 [264 kB]
Get:140 http://archive.ubuntu.com/ubuntu jammy/main amd64 libcairo2 amd64 1.16.0-5ubuntu2 [628 kB]
Get:141 http://archive.ubuntu.com/ubuntu jammy/universe amd64 libcodec2-1.0 amd64 1.0.1-3 [8435 kB]
Get:142 http://archive.ubuntu.com/ubuntu jammy/universe amd64 libdav1d5 amd64 0.9.2-1 [463 kB]
Get:143 http://archive.ubuntu.com/ubuntu jammy/universe amd64 libgsm1 amd64 1.0.19-1 [27.7 kB]
Get:144 http://archive.ubuntu.com/ubuntu jammy/main amd64 libmp3lame0 amd64 3.100-3build2 [141 kB]
Get:145 http://archive.ubuntu.com/ubuntu jammy-updates/main amd64 libopenjp2-7 amd64 2.4.0-6ubuntu0.3 [158 kB]
Get:146 http://archive.ubuntu.com/ubuntu jammy/main amd64 libopus0 amd64 1.3.1-0.1build2 [203 kB]
Get:147 http://archive.ubuntu.com/ubuntu jammy/main amd64 libcairo-gobject2 amd64 1.16.0-5ubuntu2 [19.4 kB]
Get:148 http://archive.ubuntu.com/ubuntu jammy-updates/main amd64 libgdk-pixbuf2.0-common all 2.42.8+dfsg-1ubuntu0.4 [5546 B]
Get:149 http://archive.ubuntu.com/ubuntu jammy/main amd64 libdeflate0 amd64 1.10-2 [70.9 kB]
Get:150 http://archive.ubuntu.com/ubuntu jammy-updates/main amd64 libjbig0 amd64 2.1-3.1ubuntu0.22.04.1 [29.2 kB]
Get:151 http://archive.ubuntu.com/ubuntu jammy-updates/main amd64 libtiff5 amd64 4.3.0-6ubuntu0.10 [185 kB]
Get:152 http://archive.ubuntu.com/ubuntu jammy-updates/main amd64 libgdk-pixbuf-2.0-0 amd64 2.42.8+dfsg-1ubuntu0.4 [148 kB]
Get:153 http://archive.ubuntu.com/ubuntu jammy/main amd64 libthai-data all 0.1.29-1build1 [162 kB]
Get:154 http://archive.ubuntu.com/ubuntu jammy/main amd64 libdatrie1 amd64 0.2.13-2 [19.9 kB]
Get:155 http://archive.ubuntu.com/ubuntu jammy/main amd64 libthai0 amd64 0.1.29-1build1 [19.2 kB]
Get:156 http://archive.ubuntu.com/ubuntu jammy-updates/main amd64 libpango-1.0-0 amd64 1.50.6+ds-2ubuntu1 [230 kB]
Get:157 http://archive.ubuntu.com/ubuntu jammy-updates/main amd64 libpangoft2-1.0-0 amd64 1.50.6+ds-2ubuntu1 [54.0 kB]
Get:158 http://archive.ubuntu.com/ubuntu jammy-updates/main amd64 libpangocairo-1.0-0 amd64 1.50.6+ds-2ubuntu1 [39.8 kB]
Get:159 http://archive.ubuntu.com/ubuntu jammy-updates/main amd64 librsvg2-2 amd64 2.52.5+dfsg-3ubuntu0.2 [2974 kB]
Get:160 http://archive.ubuntu.com/ubuntu jammy/universe amd64 libshine3 amd64 3.1.1-2 [23.2 kB]
Get:161 http://archive.ubuntu.com/ubuntu jammy/main amd64 libsnappy1v5 amd64 1.1.8-1build3 [17.5 kB]
Get:162 http://archive.ubuntu.com/ubuntu jammy/main amd64 libspeex1 amd64 1.2~rc1.2-1.1ubuntu3 [57.9 kB]
Get:163 http://archive.ubuntu.com/ubuntu jammy/main amd64 libsoxr0 amd64 0.1.3-4build2 [79.8 kB]
Get:164 http://archive.ubuntu.com/ubuntu jammy-updates/universe amd64 libswresample3 amd64 7:4.4.2-0ubuntu0.22.04.1 [62.2 kB]
Get:165 http://archive.ubuntu.com/ubuntu jammy/main amd64 libogg0 amd64 1.3.5-0ubuntu3 [22.9 kB]
Get:166 http://archive.ubuntu.com/ubuntu jammy/main amd64 libtheora0 amd64 1.1.1+dfsg.1-15ubuntu4 [209 kB]
Get:167 http://archive.ubuntu.com/ubuntu jammy/main amd64 libtwolame0 amd64 0.4.0-2build2 [52.5 kB]
Get:168 http://archive.ubuntu.com/ubuntu jammy/main amd64 libvorbis0a amd64 1.3.7-1build2 [99.2 kB]
Get:169 http://archive.ubuntu.com/ubuntu jammy/main amd64 libvorbisenc2 amd64 1.3.7-1build2 [82.6 kB]
Get:170 http://archive.ubuntu.com/ubuntu jammy-updates/main amd64 libvpx7 amd64 1.11.0-2ubuntu2.4 [1078 kB]
Get:171 http://archive.ubuntu.com/ubuntu jammy-updates/main amd64 libwebpmux3 amd64 1.2.2-2ubuntu0.22.04.2 [20.5 kB]
Get:172 http://archive.ubuntu.com/ubuntu jammy/universe amd64 libx264-163 amd64 2:0.163.3060+git5db6aa6-2build1 [591 kB]
Get:173 http://archive.ubuntu.com/ubuntu jammy/universe amd64 libx265-199 amd64 3.5-2 [1170 kB]
Get:174 http://archive.ubuntu.com/ubuntu jammy/universe amd64 libxvidcore4 amd64 2:1.3.7-1 [201 kB]
Get:175 http://archive.ubuntu.com/ubuntu jammy/universe amd64 libzvbi-common all 0.2.35-19 [35.5 kB]
Get:176 http://archive.ubuntu.com/ubuntu jammy/universe amd64 libzvbi0 amd64 0.2.35-19 [262 kB]
Get:177 http://archive.ubuntu.com/ubuntu jammy-updates/universe amd64 libavcodec58 amd64 7:4.4.2-0ubuntu0.22.04.1 [5567 kB]
Get:178 http://archive.ubuntu.com/ubuntu jammy-updates/universe amd64 libavutil-dev amd64 7:4.4.2-0ubuntu0.22.04.1 [427 kB]
Get:179 http://archive.ubuntu.com/ubuntu jammy-updates/universe amd64 libswresample-dev amd64 7:4.4.2-0ubuntu0.22.04.1 [78.0 kB]
Get:180 http://archive.ubuntu.com/ubuntu jammy-updates/universe amd64 libavcodec-dev amd64 7:4.4.2-0ubuntu0.22.04.1 [6221 kB]
Get:181 http://archive.ubuntu.com/ubuntu jammy/universe amd64 libudfread0 amd64 1.1.2-1 [16.2 kB]
Get:182 http://archive.ubuntu.com/ubuntu jammy/universe amd64 libbluray2 amd64 1:1.3.1-1 [159 kB]
Get:183 http://archive.ubuntu.com/ubuntu jammy/universe amd64 libchromaprint1 amd64 1.5.1-2 [28.4 kB]
Get:184 http://archive.ubuntu.com/ubuntu jammy/universe amd64 libgme0 amd64 0.6.3-2 [127 kB]
Get:185 http://archive.ubuntu.com/ubuntu jammy-updates/main amd64 libmpg123-0 amd64 1.29.3-1ubuntu0.1 [172 kB]
Get:186 http://archive.ubuntu.com/ubuntu jammy/main amd64 libvorbisfile3 amd64 1.3.7-1build2 [17.1 kB]
Get:187 http://archive.ubuntu.com/ubuntu jammy/universe amd64 libopenmpt0 amd64 0.6.1-1 [592 kB]
Get:188 http://archive.ubuntu.com/ubuntu jammy/main amd64 librabbitmq4 amd64 0.10.0-1ubuntu2 [39.3 kB]
Get:189 http://archive.ubuntu.com/ubuntu jammy/universe amd64 libsrt1.4-gnutls amd64 1.4.4-4 [309 kB]
Get:190 http://archive.ubuntu.com/ubuntu jammy-updates/main amd64 libssh-gcrypt-4 amd64 0.9.6-2ubuntu0.22.04.4 [224 kB]
Get:191 http://archive.ubuntu.com/ubuntu jammy/universe amd64 libnorm1 amd64 1.5.9+dfsg-2 [221 kB]
Get:192 http://archive.ubuntu.com/ubuntu jammy/universe amd64 libpgm-5.3-0 amd64 5.3.128~dfsg-2 [161 kB]
Get:193 http://archive.ubuntu.com/ubuntu jammy/main amd64 libsodium23 amd64 1.0.18-1build2 [164 kB]
Get:194 http://archive.ubuntu.com/ubuntu jammy/universe amd64 libzmq5 amd64 4.3.4-2 [256 kB]
Get:195 http://archive.ubuntu.com/ubuntu jammy-updates/universe amd64 libavformat58 amd64 7:4.4.2-0ubuntu0.22.04.1 [1103 kB]
Get:196 http://archive.ubuntu.com/ubuntu jammy-updates/universe amd64 libavformat-dev amd64 7:4.4.2-0ubuntu0.22.04.1 [1347 kB]
Get:197 http://archive.ubuntu.com/ubuntu jammy/universe amd64 libblosc1 amd64 1.21.1+ds2-2 [35.8 kB]
Get:198 http://archive.ubuntu.com/ubuntu jammy/universe amd64 libblosc-dev amd64 1.21.1+ds2-2 [44.1 kB]
Get:199 http://archive.ubuntu.com/ubuntu jammy/main amd64 libbrotli-dev amd64 1.0.9-2build6 [337 kB]
Get:200 http://archive.ubuntu.com/ubuntu jammy/universe amd64 libbtf1 amd64 1:5.10.1+dfsg-4build1 [12.1 kB]
Get:201 http://archive.ubuntu.com/ubuntu jammy/universe amd64 libcamd2 amd64 1:5.10.1+dfsg-4build1 [23.3 kB]
Get:202 http://archive.ubuntu.com/ubuntu jammy/universe amd64 libccolamd2 amd64 1:5.10.1+dfsg-4build1 [25.2 kB]
Get:203 http://archive.ubuntu.com/ubuntu jammy/universe amd64 libcfitsio9 amd64 4.0.0-1 [519 kB]
Get:204 http://archive.ubuntu.com/ubuntu jammy/universe amd64 libcfitsio-dev amd64 4.0.0-1 [591 kB]
Get:205 http://archive.ubuntu.com/ubuntu jammy/main amd64 libgmpxx4ldbl amd64 2:6.2.1+dfsg-3ubuntu1 [9580 B]
Get:206 http://archive.ubuntu.com/ubuntu jammy/main amd64 libgmp-dev amd64 2:6.2.1+dfsg-3ubuntu1 [337 kB]
Get:207 http://archive.ubuntu.com/ubuntu jammy/main amd64 libmpfr-dev amd64 4.1.0-3build3 [271 kB]
Get:208 http://archive.ubuntu.com/ubuntu jammy/universe amd64 libcgal-dev amd64 5.4-1 [4784 kB]
Get:209 http://archive.ubuntu.com/ubuntu jammy/universe amd64 libcharls2 amd64 2.3.4-1 [87.0 kB]
Get:210 http://archive.ubuntu.com/ubuntu jammy/universe amd64 libcharls-dev amd64 2.3.4-1 [22.4 kB]
Get:211 http://archive.ubuntu.com/ubuntu jammy/main amd64 libcolamd2 amd64 1:5.10.1+dfsg-4build1 [18.0 kB]
Get:212 http://archive.ubuntu.com/ubuntu jammy/universe amd64 libmetis5 amd64 5.1.0.dfsg-7build2 [181 kB]
Get:213 http://archive.ubuntu.com/ubuntu jammy/universe amd64 libcholmod3 amd64 1:5.10.1+dfsg-4build1 [346 kB]
Get:214 http://archive.ubuntu.com/ubuntu jammy-updates/main amd64 libllvm14 amd64 1:14.0.0-1ubuntu1.1 [24.0 MB]
Get:215 http://archive.ubuntu.com/ubuntu jammy-updates/universe amd64 libclang1-14 amd64 1:14.0.0-1ubuntu1.1 [6792 kB]
Get:216 http://archive.ubuntu.com/ubuntu jammy/universe amd64 libcxsparse3 amd64 1:5.10.1+dfsg-4build1 [70.8 kB]
Get:217 http://archive.ubuntu.com/ubuntu jammy/universe amd64 libdav1d-dev amd64 0.9.2-1 [24.1 kB]
Get:218 http://archive.ubuntu.com/ubuntu jammy-updates/universe amd64 libde265-0 amd64 1.0.8-1ubuntu0.3 [290 kB]
Get:219 http://archive.ubuntu.com/ubuntu jammy-updates/universe amd64 libde265-dev amd64 1.0.8-1ubuntu0.3 [12.3 kB]
Get:220 http://archive.ubuntu.com/ubuntu jammy/main amd64 libdeflate-dev amd64 1.10-2 [59.2 kB]
Get:221 http://archive.ubuntu.com/ubuntu jammy/universe amd64 libflann1.9 amd64 1.9.1+dfsg-11 [742 kB]
Get:222 http://archive.ubuntu.com/ubuntu jammy/universe amd64 libhdf5-openmpi-103-1 amd64 1.10.7+repack-4ubuntu2 [1344 kB]
Get:223 http://archive.ubuntu.com/ubuntu jammy/universe amd64 libhdf5-openmpi-fortran-102 amd64 1.10.7+repack-4ubuntu2 [90.6 kB]
Get:224 http://archive.ubuntu.com/ubuntu jammy/universe amd64 libhdf5-openmpi-hl-100 amd64 1.10.7+repack-4ubuntu2 [59.2 kB]
Get:225 http://archive.ubuntu.com/ubuntu jammy/universe amd64 libhdf5-openmpi-hl-fortran-100 amd64 1.10.7+repack-4ubuntu2 [33.5 kB]
Get:226 http://archive.ubuntu.com/ubuntu jammy/universe amd64 libhdf5-openmpi-cpp-103-1 amd64 1.10.7+repack-4ubuntu2 [129 kB]
Get:227 http://archive.ubuntu.com/ubuntu jammy/universe amd64 libhdf5-openmpi-hl-cpp-100 amd64 1.10.7+repack-4ubuntu2 [10.7 kB]
Get:228 http://archive.ubuntu.com/ubuntu jammy/universe amd64 libhdf5-openmpi-dev amd64 1.10.7+repack-4ubuntu2 [2750 kB]
Get:229 http://archive.ubuntu.com/ubuntu jammy/universe amd64 libhdf5-mpi-dev amd64 1.10.7+repack-4ubuntu2 [4610 B]
Get:230 http://archive.ubuntu.com/ubuntu jammy/main amd64 liblz4-dev amd64 1.9.3-2build2 [80.7 kB]
Get:231 http://archive.ubuntu.com/ubuntu jammy/universe amd64 libflann-dev amd64 1.9.1+dfsg-11 [798 kB]
Get:232 http://archive.ubuntu.com/ubuntu jammy/main amd64 libpng-dev amd64 1.6.37-3build5 [192 kB]
Get:233 http://archive.ubuntu.com/ubuntu jammy-updates/main amd64 libfreetype-dev amd64 2.11.1+dfsg-1ubuntu0.3 [555 kB]
Get:234 http://archive.ubuntu.com/ubuntu jammy-updates/main amd64 libfreetype6-dev amd64 2.11.1+dfsg-1ubuntu0.3 [8298 B]
Get:235 http://archive.ubuntu.com/ubuntu jammy-updates/main amd64 uuid-dev amd64 2.37.2-4ubuntu3.4 [33.1 kB]
Get:236 http://archive.ubuntu.com/ubuntu jammy/main amd64 libfontconfig-dev amd64 2.13.1-4.2ubuntu5 [151 kB]
Get:237 http://archive.ubuntu.com/ubuntu jammy/main amd64 libfontconfig1-dev amd64 2.13.1-4.2ubuntu5 [1836 B]
Get:238 http://archive.ubuntu.com/ubuntu jammy/universe amd64 libfyba0 amd64 4.1.1-7 [113 kB]
Get:239 http://archive.ubuntu.com/ubuntu jammy/universe amd64 libfyba-dev amd64 4.1.1-7 [166 kB]
Get:240 http://archive.ubuntu.com/ubuntu jammy/universe amd64 libfreexl1 amd64 1.0.6-1 [33.5 kB]
Get:241 http://archive.ubuntu.com/ubuntu jammy/universe amd64 libgeos3.10.2 amd64 3.10.2-1 [713 kB]
Get:242 http://archive.ubuntu.com/ubuntu jammy/universe amd64 libgeos-c1v5 amd64 3.10.2-1 [82.5 kB]
Get:243 http://archive.ubuntu.com/ubuntu jammy/universe amd64 proj-data all 8.2.1-1 [10.0 MB]
Get:244 http://archive.ubuntu.com/ubuntu jammy/universe amd64 libproj22 amd64 8.2.1-1 [1257 kB]
Get:245 http://archive.ubuntu.com/ubuntu jammy/universe amd64 libgeotiff5 amd64 1.7.0-2build1 [67.1 kB]
Get:246 http://archive.ubuntu.com/ubuntu jammy/universe amd64 libhdf4-0-alt amd64 4.2.15-4 [290 kB]
Get:247 http://archive.ubuntu.com/ubuntu jammy/universe amd64 libheif1 amd64 1.12.0-2build1 [196 kB]
Get:248 http://archive.ubuntu.com/ubuntu jammy/universe amd64 libminizip1 amd64 1.1-8build1 [20.2 kB]
Get:249 http://archive.ubuntu.com/ubuntu jammy/universe amd64 liburiparser1 amd64 0.9.6+dfsg-1 [36.4 kB]
Get:250 http://archive.ubuntu.com/ubuntu jammy/universe amd64 libkmlbase1 amd64 1.3.0-9 [45.0 kB]
Get:251 http://archive.ubuntu.com/ubuntu jammy/universe amd64 libkmldom1 amd64 1.3.0-9 [150 kB]
Get:252 http://archive.ubuntu.com/ubuntu jammy/universe amd64 libkmlengine1 amd64 1.3.0-9 [71.7 kB]
Get:253 http://archive.ubuntu.com/ubuntu jammy/universe amd64 libnetcdf19 amd64 1:4.8.1-1 [456 kB]
Get:254 http://archive.ubuntu.com/ubuntu jammy-updates/main amd64 libodbc2 amd64 2.3.9-5ubuntu0.1 [159 kB]
Get:255 http://archive.ubuntu.com/ubuntu jammy-updates/main amd64 unixodbc-common all 2.3.9-5ubuntu0.1 [9256 B]
Get:256 http://archive.ubuntu.com/ubuntu jammy-updates/main amd64 libodbcinst2 amd64 2.3.9-5ubuntu0.1 [31.9 kB]
Get:257 http://archive.ubuntu.com/ubuntu jammy/universe amd64 libogdi4.1 amd64 4.1.0+ds-5 [197 kB]
Get:258 http://archive.ubuntu.com/ubuntu jammy-updates/main amd64 libpoppler118 amd64 22.02.0-2ubuntu0.9 [1079 kB]
Get:259 http://archive.ubuntu.com/ubuntu jammy-updates/main amd64 libpq5 amd64 14.18-0ubuntu0.22.04.1 [152 kB]
Get:260 http://archive.ubuntu.com/ubuntu jammy/universe amd64 libqhull-r8.0 amd64 2020.2-4 [196 kB]
Get:261 http://archive.ubuntu.com/ubuntu jammy/universe amd64 librttopo1 amd64 1.1.0-2 [178 kB]
Get:262 http://archive.ubuntu.com/ubuntu jammy/universe amd64 libspatialite7 amd64 5.0.1-2build2 [2092 kB]
Get:263 http://archive.ubuntu.com/ubuntu jammy-updates/universe amd64 libxerces-c3.2 amd64 3.2.3+debian-3ubuntu0.1 [929 kB]
Get:264 http://archive.ubuntu.com/ubuntu jammy/universe amd64 libgdal30 amd64 3.4.1+dfsg-1build4 [7642 kB]
Get:265 http://archive.ubuntu.com/ubuntu jammy/universe amd64 libgeos-dev amd64 3.10.2-1 [46.6 kB]
Get:266 http://archive.ubuntu.com/ubuntu jammy-updates/main amd64 libgif-dev amd64 5.1.9-2ubuntu0.1 [22.4 kB]
Get:267 http://archive.ubuntu.com/ubuntu jammy/universe amd64 libgl2ps1.4 amd64 1.4.2+dfsg1-2 [43.5 kB]
Get:268 http://archive.ubuntu.com/ubuntu jammy/universe amd64 libgl2ps-dev amd64 1.4.2+dfsg1-2 [248 kB]
Get:269 http://archive.ubuntu.com/ubuntu jammy/universe amd64 libx265-dev amd64 3.5-2 [1374 kB]
Get:270 http://archive.ubuntu.com/ubuntu jammy/universe amd64 libheif-dev amd64 1.12.0-2build1 [26.4 kB]
Get:271 http://archive.ubuntu.com/ubuntu jammy/universe amd64 libklu1 amd64 1:5.10.1+dfsg-4build1 [77.6 kB]
Get:272 http://archive.ubuntu.com/ubuntu jammy/universe amd64 libkmlconvenience1 amd64 1.3.0-9 [45.1 kB]
Get:273 http://archive.ubuntu.com/ubuntu jammy/universe amd64 libkmlregionator1 amd64 1.3.0-9 [19.9 kB]
Get:274 http://archive.ubuntu.com/ubuntu jammy/universe amd64 libkmlxsd1 amd64 1.3.0-9 [27.3 kB]
Get:275 http://archive.ubuntu.com/ubuntu jammy/universe amd64 libldl2 amd64 1:5.10.1+dfsg-4build1 [11.7 kB]
Get:276 http://archive.ubuntu.com/ubuntu jammy/universe amd64 libminizip-dev amd64 1.1-8build1 [26.7 kB]
Get:277 http://archive.ubuntu.com/ubuntu jammy/universe amd64 libmongoose2 amd64 1:5.10.1+dfsg-4build1 [33.5 kB]
Get:278 http://archive.ubuntu.com/ubuntu jammy/universe amd64 libnetcdf-c++4 amd64 4.2-12build1 [38.4 kB]
Get:279 http://archive.ubuntu.com/ubuntu jammy/universe amd64 libnetcdf-dev amd64 1:4.8.1-1 [50.3 kB]
Get:280 http://archive.ubuntu.com/ubuntu jammy/universe amd64 libnetcdf-cxx-legacy-dev amd64 4.2-12build1 [61.6 kB]
Get:281 http://archive.ubuntu.com/ubuntu jammy-updates/main amd64 libodbccr2 amd64 2.3.9-5ubuntu0.1 [16.7 kB]
Get:282 http://archive.ubuntu.com/ubuntu jammy/universe amd64 libogdi-dev amd64 4.1.0+ds-5 [22.1 kB]
Get:283 http://archive.ubuntu.com/ubuntu jammy/main amd64 libogg-dev amd64 1.3.5-0ubuntu3 [161 kB]
Get:284 http://archive.ubuntu.com/ubuntu jammy-updates/universe amd64 libtinyxml2.6.2v5 amd64 2.6.2-6ubuntu0.22.04.1 [33.2 kB]
Get:285 http://archive.ubuntu.com/ubuntu jammy/universe amd64 libopenni0 amd64 1.5.4.0+dfsg-5 [306 kB]
Get:286 http://archive.ubuntu.com/ubuntu jammy/universe amd64 libopenni-dev amd64 1.5.4.0+dfsg-5 [139 kB]
Get:287 http://archive.ubuntu.com/ubuntu jammy/universe amd64 libopenni2-0 amd64 2.2.0.33+dfsg-15 [389 kB]
Get:288 http://archive.ubuntu.com/ubuntu jammy/universe amd64 libopenni2-dev amd64 2.2.0.33+dfsg-15 [53.8 kB]
Get:289 http://archive.ubuntu.com/ubuntu jammy/universe amd64 libpcl-common1.12 amd64 1.12.1+dfsg-3build1 [181 kB]
Get:290 http://archive.ubuntu.com/ubuntu jammy/universe amd64 libpcl-kdtree1.12 amd64 1.12.1+dfsg-3build1 [229 kB]
Get:291 http://archive.ubuntu.com/ubuntu jammy/universe amd64 libpcl-octree1.12 amd64 1.12.1+dfsg-3build1 [236 kB]
Get:292 http://archive.ubuntu.com/ubuntu jammy/universe amd64 libpcl-sample-consensus1.12 amd64 1.12.1+dfsg-3build1 [1406 kB]
Get:293 http://archive.ubuntu.com/ubuntu jammy/universe amd64 libpcl-search1.12 amd64 1.12.1+dfsg-3build1 [253 kB]
Get:294 http://archive.ubuntu.com/ubuntu jammy/universe amd64 libpcl-filters1.12 amd64 1.12.1+dfsg-3build1 [1002 kB]
Get:295 http://archive.ubuntu.com/ubuntu jammy/universe amd64 libpcl-features1.12 amd64 1.12.1+dfsg-3build1 [4308 kB]
Get:296 http://archive.ubuntu.com/ubuntu jammy/universe amd64 libpcl-ml1.12 amd64 1.12.1+dfsg-3build1 [70.0 kB]
Get:297 http://archive.ubuntu.com/ubuntu jammy/universe amd64 libpcl-segmentation1.12 amd64 1.12.1+dfsg-3build1 [1444 kB]
Get:298 http://archive.ubuntu.com/ubuntu jammy/universe amd64 libtbbmalloc2 amd64 2021.5.0-7ubuntu2 [49.6 kB]
Get:299 http://archive.ubuntu.com/ubuntu jammy/universe amd64 libtbb12 amd64 2021.5.0-7ubuntu2 [84.8 kB]
Get:300 http://archive.ubuntu.com/ubuntu jammy/main amd64 libtcl8.6 amd64 8.6.12+dfsg-1build1 [990 kB]
Get:301 http://archive.ubuntu.com/ubuntu jammy/main amd64 libxft2 amd64 2.3.4-1 [41.8 kB]
Get:302 http://archive.ubuntu.com/ubuntu jammy/main amd64 libxss1 amd64 1:1.2.3-1build2 [8476 B]
Get:303 http://archive.ubuntu.com/ubuntu jammy/main amd64 libtk8.6 amd64 8.6.12-1build1 [784 kB]
Get:304 http://archive.ubuntu.com/ubuntu jammy/universe amd64 libvtk9.1 amd64 9.1.0+really9.1.0+dfsg2-3build1 [20.2 MB]
Get:305 http://archive.ubuntu.com/ubuntu jammy/universe amd64 libpcl-surface1.12 amd64 1.12.1+dfsg-3build1 [1664 kB]
Get:306 http://archive.ubuntu.com/ubuntu jammy/universe amd64 libpcl-apps1.12 amd64 1.12.1+dfsg-3build1 [222 kB]
Get:307 http://archive.ubuntu.com/ubuntu jammy/universe amd64 libpcl-io1.12 amd64 1.12.1+dfsg-3build1 [560 kB]
Get:308 http://archive.ubuntu.com/ubuntu jammy/universe amd64 libpcl-keypoints1.12 amd64 1.12.1+dfsg-3build1 [260 kB]
Get:309 http://archive.ubuntu.com/ubuntu jammy/universe amd64 libpcl-outofcore1.12 amd64 1.12.1+dfsg-3build1 [39.2 kB]
Get:310 http://archive.ubuntu.com/ubuntu jammy/universe amd64 libpcl-people1.12 amd64 1.12.1+dfsg-3build1 [20.5 kB]
Get:311 http://archive.ubuntu.com/ubuntu jammy/universe amd64 libpcl-recognition1.12 amd64 1.12.1+dfsg-3build1 [704 kB]
Get:312 http://archive.ubuntu.com/ubuntu jammy/universe amd64 libpcl-registration1.12 amd64 1.12.1+dfsg-3build1 [350 kB]
Get:313 http://archive.ubuntu.com/ubuntu jammy/universe amd64 libpcl-stereo1.12 amd64 1.12.1+dfsg-3build1 [61.2 kB]
Get:314 http://archive.ubuntu.com/ubuntu jammy/universe amd64 libpcl-tracking1.12 amd64 1.12.1+dfsg-3build1 [402 kB]
Get:315 http://archive.ubuntu.com/ubuntu jammy/universe amd64 libpcl-visualization1.12 amd64 1.12.1+dfsg-3build1 [282 kB]
Get:316 http://archive.ubuntu.com/ubuntu jammy-updates/main amd64 libpcre2-32-0 amd64 10.39-3ubuntu0.1 [194 kB]
Get:317 http://archive.ubuntu.com/ubuntu jammy-updates/main amd64 libpcre2-posix3 amd64 10.39-3ubuntu0.1 [6130 B]
Get:318 http://archive.ubuntu.com/ubuntu jammy-updates/main amd64 libpcre2-dev amd64 10.39-3ubuntu0.1 [730 kB]
Get:319 http://archive.ubuntu.com/ubuntu jammy-updates/main amd64 libpoppler-dev amd64 22.02.0-2ubuntu0.9 [5186 B]
Get:320 http://archive.ubuntu.com/ubuntu jammy-updates/main amd64 libpoppler-private-dev amd64 22.02.0-2ubuntu0.9 [199 kB]
Get:321 http://archive.ubuntu.com/ubuntu jammy-updates/main amd64 libpq-dev amd64 14.18-0ubuntu0.22.04.1 [148 kB]
Get:322 http://archive.ubuntu.com/ubuntu jammy/universe amd64 libqhull8.0 amd64 2020.2-4 [193 kB]
Get:323 http://archive.ubuntu.com/ubuntu jammy/universe amd64 libqhullcpp8.0 amd64 2020.2-4 [53.0 kB]
Get:324 http://archive.ubuntu.com/ubuntu jammy/universe amd64 libqhull-dev amd64 2020.2-4 [502 kB]
Get:325 http://archive.ubuntu.com/ubuntu jammy/universe amd64 libqt5designer5 amd64 5.15.3-1 [2832 kB]
Get:326 http://archive.ubuntu.com/ubuntu jammy/universe amd64 libqt5designercomponents5 amd64 5.15.3-1 [796 kB]
Get:327 http://archive.ubuntu.com/ubuntu jammy/universe amd64 libqt5help5 amd64 5.15.3-1 [162 kB]
Get:328 http://archive.ubuntu.com/ubuntu jammy-updates/universe amd64 libqt5opengl5 amd64 5.15.3+dfsg-2ubuntu0.2 [153 kB]
Get:329 http://archive.ubuntu.com/ubuntu jammy-updates/universe amd64 libqt5opengl5-dev amd64 5.15.3+dfsg-2ubuntu0.2 [42.3 kB]
Get:330 http://archive.ubuntu.com/ubuntu jammy-updates/universe amd64 libqt5sql5-sqlite amd64 5.15.3+dfsg-2ubuntu0.2 [53.0 kB]
Get:331 http://archive.ubuntu.com/ubuntu jammy/universe amd64 librbio2 amd64 1:5.10.1+dfsg-4build1 [26.6 kB]
Get:332 http://archive.ubuntu.com/ubuntu jammy/universe amd64 librttopo-dev amd64 1.1.0-2 [220 kB]
Get:333 http://archive.ubuntu.com/ubuntu jammy/universe amd64 libsliplu1 amd64 1:5.10.1+dfsg-4build1 [37.1 kB]
Get:334 http://archive.ubuntu.com/ubuntu jammy/universe amd64 libspqr2 amd64 1:5.10.1+dfsg-4build1 [71.6 kB]
Get:335 http://archive.ubuntu.com/ubuntu jammy-updates/main amd64 libsqlite3-dev amd64 3.37.2-2ubuntu0.5 [847 kB]
Get:336 http://archive.ubuntu.com/ubuntu jammy/universe amd64 libumfpack5 amd64 1:5.10.1+dfsg-4build1 [250 kB]
Get:337 http://archive.ubuntu.com/ubuntu jammy/universe amd64 libsuitesparse-dev amd64 1:5.10.1+dfsg-4build1 [1058 kB]
Get:338 http://archive.ubuntu.com/ubuntu jammy-updates/universe amd64 libswscale5 amd64 7:4.4.2-0ubuntu0.22.04.1 [180 kB]
Get:339 http://archive.ubuntu.com/ubuntu jammy-updates/universe amd64 libswscale-dev amd64 7:4.4.2-0ubuntu0.22.04.1 [206 kB]
Get:340 http://archive.ubuntu.com/ubuntu jammy/main amd64 libtheora-dev amd64 1.1.1+dfsg.1-15ubuntu4 [187 kB]
Get:341 http://archive.ubuntu.com/ubuntu jammy-updates/main amd64 libjbig-dev amd64 2.1-3.1ubuntu0.22.04.1 [27.4 kB]
Get:342 http://archive.ubuntu.com/ubuntu jammy-updates/main amd64 libtiffxx5 amd64 4.3.0-6ubuntu0.10 [5732 B]
Get:343 http://archive.ubuntu.com/ubuntu jammy-updates/main amd64 libtiff-dev amd64 4.3.0-6ubuntu0.10 [316 kB]
Get:344 http://archive.ubuntu.com/ubuntu jammy/universe amd64 liburiparser-dev amd64 0.9.6+dfsg-1 [12.2 kB]
Get:345 http://archive.ubuntu.com/ubuntu jammy/universe amd64 libutfcpp-dev amd64 3.2.1-2 [10.2 kB]
Get:346 http://archive.ubuntu.com/ubuntu jammy/universe amd64 libdouble-conversion-dev amd64 3.1.7-4 [59.8 kB]
Get:347 http://archive.ubuntu.com/ubuntu jammy/universe amd64 libfreexl-dev amd64 1.0.6-1 [31.4 kB]
Get:348 http://archive.ubuntu.com/ubuntu jammy/universe amd64 libproj-dev amd64 8.2.1-1 [1594 kB]
Get:349 http://archive.ubuntu.com/ubuntu jammy/universe amd64 libgeotiff-dev amd64 1.7.0-2build1 [92.4 kB]
Get:350 http://archive.ubuntu.com/ubuntu jammy/universe amd64 libhdf4-alt-dev amd64 4.2.15-4 [406 kB]
Get:351 http://archive.ubuntu.com/ubuntu jammy-updates/main amd64 libjson-c-dev amd64 0.15-3~ubuntu1.22.04.2 [60.5 kB]
Get:352 http://archive.ubuntu.com/ubuntu jammy/universe amd64 libkml-dev amd64 1.3.0-9 [933 kB]
Get:353 http://archive.ubuntu.com/ubuntu jammy-updates/main amd64 libopenjp2-7-dev amd64 2.4.0-6ubuntu0.3 [245 kB]
Get:354 http://archive.ubuntu.com/ubuntu jammy-updates/main amd64 libxml2-dev amd64 2.9.13+dfsg-1ubuntu0.7 [804 kB]
Get:355 http://archive.ubuntu.com/ubuntu jammy/universe amd64 libspatialite-dev amd64 5.0.1-2build2 [2397 kB]
Get:356 http://archive.ubuntu.com/ubuntu jammy-updates/main amd64 libwebpdemux2 amd64 1.2.2-2ubuntu0.22.04.2 [9964 B]
Get:357 http://archive.ubuntu.com/ubuntu jammy-updates/main amd64 libwebp-dev amd64 1.2.2-2ubuntu0.22.04.2 [298 kB]
Get:358 http://archive.ubuntu.com/ubuntu jammy-updates/universe amd64 libxerces-c-dev amd64 3.2.3+debian-3ubuntu0.1 [1820 kB]
Get:359 http://archive.ubuntu.com/ubuntu jammy-updates/main amd64 unixodbc-dev amd64 2.3.9-5ubuntu0.1 [248 kB]
Get:360 http://archive.ubuntu.com/ubuntu jammy/universe amd64 libgdal-dev amd64 3.4.1+dfsg-1build4 [10.6 MB]
Get:361 http://archive.ubuntu.com/ubuntu jammy/main amd64 libjsoncpp-dev amd64 1.9.5-3 [22.9 kB]
Get:362 http://archive.ubuntu.com/ubuntu jammy/universe amd64 libtbb-dev amd64 2021.5.0-7ubuntu2 [191 kB]
Get:363 http://archive.ubuntu.com/ubuntu jammy/universe amd64 libvtk9.1-qt amd64 9.1.0+really9.1.0+dfsg2-3build1 [181 kB]
Get:364 http://archive.ubuntu.com/ubuntu jammy/universe amd64 libvtk9-java amd64 9.1.0+really9.1.0+dfsg2-3build1 [6407 kB]
Get:365 http://archive.ubuntu.com/ubuntu jammy/main amd64 libxrender-dev amd64 1:0.9.10-1build4 [26.7 kB]
Get:366 http://archive.ubuntu.com/ubuntu jammy/main amd64 libxft-dev amd64 2.3.4-1 [52.4 kB]
Get:367 http://archive.ubuntu.com/ubuntu jammy/main amd64 libxss-dev amd64 1:1.2.3-1build2 [12.3 kB]
Get:368 http://archive.ubuntu.com/ubuntu jammy/universe amd64 python3-mpi4py amd64 3.1.3-1build2 [465 kB]
Get:369 http://archive.ubuntu.com/ubuntu jammy/universe amd64 python3-vtk9 amd64 9.1.0+really9.1.0+dfsg2-3build1 [7524 kB]
Get:370 http://archive.ubuntu.com/ubuntu jammy/main amd64 tcl8.6 amd64 8.6.12+dfsg-1build1 [15.0 kB]
Get:371 http://archive.ubuntu.com/ubuntu jammy/main amd64 tcl8.6-dev amd64 8.6.12+dfsg-1build1 [1002 kB]
Get:372 http://archive.ubuntu.com/ubuntu jammy/main amd64 tcl amd64 8.6.11+1build2 [4678 B]
Get:373 http://archive.ubuntu.com/ubuntu jammy/main amd64 tcl-dev amd64 8.6.11+1build2 [5768 B]
Get:374 http://archive.ubuntu.com/ubuntu jammy/main amd64 tk8.6 amd64 8.6.12-1build1 [12.8 kB]
Get:375 http://archive.ubuntu.com/ubuntu jammy/main amd64 tk8.6-dev amd64 8.6.12-1build1 [785 kB]
Get:376 http://archive.ubuntu.com/ubuntu jammy/main amd64 tk amd64 8.6.11+1build2 [3058 B]
Get:377 http://archive.ubuntu.com/ubuntu jammy/main amd64 tk-dev amd64 8.6.11+1build2 [2904 B]
Get:378 http://archive.ubuntu.com/ubuntu jammy/universe amd64 vtk9 amd64 9.1.0+really9.1.0+dfsg2-3build1 [16.3 kB]
Get:379 http://archive.ubuntu.com/ubuntu jammy/universe amd64 libvtk9-dev amd64 9.1.0+really9.1.0+dfsg2-3build1 [2768 kB]
Get:380 http://archive.ubuntu.com/ubuntu jammy/universe amd64 qdoc-qt5 amd64 5.15.3-1 [632 kB]
Get:381 http://archive.ubuntu.com/ubuntu jammy/universe amd64 qhelpgenerator-qt5 amd64 5.15.3-1 [60.7 kB]
Get:382 http://archive.ubuntu.com/ubuntu jammy/universe amd64 qt5-assistant amd64 5.15.3-1 [373 kB]
Get:383 http://archive.ubuntu.com/ubuntu jammy/universe amd64 qtattributionsscanner-qt5 amd64 5.15.3-1 [32.5 kB]
Get:384 http://archive.ubuntu.com/ubuntu jammy/universe amd64 qttools5-dev-tools amd64 5.15.3-1 [1129 kB]
Get:385 http://archive.ubuntu.com/ubuntu jammy/universe amd64 qttools5-dev amd64 5.15.3-1 [203 kB]
Get:386 http://archive.ubuntu.com/ubuntu jammy/universe amd64 qttools5-private-dev amd64 5.15.3-1 [71.6 kB]
Get:387 http://archive.ubuntu.com/ubuntu jammy/universe amd64 libvtk9-qt-dev amd64 9.1.0+really9.1.0+dfsg2-3build1 [28.6 kB]
Get:388 http://archive.ubuntu.com/ubuntu jammy/universe amd64 libpcl-dev amd64 1.12.1+dfsg-3build1 [1125 kB]
debconf: delaying package configuration, since apt-utils is not installed
Fetched 378 MB in 38s (9991 kB/s)
Selecting previously unselected package liborc-0.4-0:amd64.
(Reading database ... (Reading database ... 5%(Reading database ... 10%(Reading database ... 15%(Reading database ... 20%(Reading database ... 25%(Reading database ... 30%(Reading database ... 35%(Reading database ... 40%(Reading database ... 45%(Reading database ... 50%(Reading database ... 55%(Reading database ... 60%(Reading database ... 65%(Reading database ... 70%(Reading database ... 75%(Reading database ... 80%(Reading database ... 85%(Reading database ... 90%(Reading database ... 95%(Reading database ... 100%(Reading database ... 42943 files and directories currently installed.)
Preparing to unpack .../000-liborc-0.4-0_1%3a0.4.32-2ubuntu0.1_amd64.deb ...
Unpacking liborc-0.4-0:amd64 (1:0.4.32-2ubuntu0.1) ...
Selecting previously unselected package libgstreamer-plugins-base1.0-0:amd64.
Preparing to unpack .../001-libgstreamer-plugins-base1.0-0_1.20.1-1ubuntu0.4_amd64.deb ...
Unpacking libgstreamer-plugins-base1.0-0:amd64 (1.20.1-1ubuntu0.4) ...
Selecting previously unselected package libhyphen0:amd64.
Preparing to unpack .../002-libhyphen0_2.8.8-7build2_amd64.deb ...
Unpacking libhyphen0:amd64 (2.8.8-7build2) ...
Selecting previously unselected package libjpeg-turbo8:amd64.
Preparing to unpack .../003-libjpeg-turbo8_2.1.2-0ubuntu1_amd64.deb ...
Unpacking libjpeg-turbo8:amd64 (2.1.2-0ubuntu1) ...
Selecting previously unselected package libjpeg8:amd64.
Preparing to unpack .../004-libjpeg8_8c-2ubuntu10_amd64.deb ...
Unpacking libjpeg8:amd64 (8c-2ubuntu10) ...
Selecting previously unselected package libpng16-16:amd64.
Preparing to unpack .../005-libpng16-16_1.6.37-3build5_amd64.deb ...
Unpacking libpng16-16:amd64 (1.6.37-3build5) ...
Selecting previously unselected package shared-mime-info.
Preparing to unpack .../006-shared-mime-info_2.1-2_amd64.deb ...
Unpacking shared-mime-info (2.1-2) ...
Selecting previously unselected package libdouble-conversion3:amd64.
Preparing to unpack .../007-libdouble-conversion3_3.1.7-4_amd64.deb ...
Unpacking libdouble-conversion3:amd64 (3.1.7-4) ...
Selecting previously unselected package libpcre2-16-0:amd64.
Preparing to unpack .../008-libpcre2-16-0_10.39-3ubuntu0.1_amd64.deb ...
Unpacking libpcre2-16-0:amd64 (10.39-3ubuntu0.1) ...
Selecting previously unselected package libqt5core5a:amd64.
Preparing to unpack .../009-libqt5core5a_5.15.3+dfsg-2ubuntu0.2_amd64.deb ...
Unpacking libqt5core5a:amd64 (5.15.3+dfsg-2ubuntu0.2) ...
Selecting previously unselected package libfreetype6:amd64.
Preparing to unpack .../010-libfreetype6_2.11.1+dfsg-1ubuntu0.3_amd64.deb ...
Unpacking libfreetype6:amd64 (2.11.1+dfsg-1ubuntu0.3) ...
Selecting previously unselected package ucf.
Preparing to unpack .../011-ucf_3.0043_all.deb ...
Moving old data out of the way
Unpacking ucf (3.0043) ...
Selecting previously unselected package fonts-dejavu-core.
Preparing to unpack .../012-fonts-dejavu-core_2.37-2build1_all.deb ...
Unpacking fonts-dejavu-core (2.37-2build1) ...
Selecting previously unselected package fontconfig-config.
Preparing to unpack .../013-fontconfig-config_2.13.1-4.2ubuntu5_all.deb ...
Unpacking fontconfig-config (2.13.1-4.2ubuntu5) ...
Selecting previously unselected package libfontconfig1:amd64.
Preparing to unpack .../014-libfontconfig1_2.13.1-4.2ubuntu5_amd64.deb ...
Unpacking libfontconfig1:amd64 (2.13.1-4.2ubuntu5) ...
Selecting previously unselected package fontconfig.
Preparing to unpack .../015-fontconfig_2.13.1-4.2ubuntu5_amd64.deb ...
Unpacking fontconfig (2.13.1-4.2ubuntu5) ...
Selecting previously unselected package libgraphite2-3:amd64.
Preparing to unpack .../016-libgraphite2-3_1.3.14-1build2_amd64.deb ...
Unpacking libgraphite2-3:amd64 (1.3.14-1build2) ...
Selecting previously unselected package libharfbuzz0b:amd64.
Preparing to unpack .../017-libharfbuzz0b_2.7.4-1ubuntu3.2_amd64.deb ...
Unpacking libharfbuzz0b:amd64 (2.7.4-1ubuntu3.2) ...
Selecting previously unselected package libevdev2:amd64.
Preparing to unpack .../018-libevdev2_1.12.1+dfsg-1_amd64.deb ...
Unpacking libevdev2:amd64 (1.12.1+dfsg-1) ...
Selecting previously unselected package libmtdev1:amd64.
Preparing to unpack .../019-libmtdev1_1.1.6-1build4_amd64.deb ...
Unpacking libmtdev1:amd64 (1.1.6-1build4) ...
Selecting previously unselected package libgudev-1.0-0:amd64.
Preparing to unpack .../020-libgudev-1.0-0_1%3a237-2build1_amd64.deb ...
Unpacking libgudev-1.0-0:amd64 (1:237-2build1) ...
Selecting previously unselected package libwacom-common.
Preparing to unpack .../021-libwacom-common_2.2.0-1_all.deb ...
Unpacking libwacom-common (2.2.0-1) ...
Selecting previously unselected package libwacom9:amd64.
Preparing to unpack .../022-libwacom9_2.2.0-1_amd64.deb ...
Unpacking libwacom9:amd64 (2.2.0-1) ...
Selecting previously unselected package libinput-bin.
Preparing to unpack .../023-libinput-bin_1.20.0-1ubuntu0.3_amd64.deb ...
Unpacking libinput-bin (1.20.0-1ubuntu0.3) ...
Selecting previously unselected package libinput10:amd64.
Preparing to unpack .../024-libinput10_1.20.0-1ubuntu0.3_amd64.deb ...
Unpacking libinput10:amd64 (1.20.0-1ubuntu0.3) ...
Selecting previously unselected package libmd4c0:amd64.
Preparing to unpack .../025-libmd4c0_0.4.8-1_amd64.deb ...
Unpacking libmd4c0:amd64 (0.4.8-1) ...
Selecting previously unselected package libqt5dbus5:amd64.
Preparing to unpack .../026-libqt5dbus5_5.15.3+dfsg-2ubuntu0.2_amd64.deb ...
Unpacking libqt5dbus5:amd64 (5.15.3+dfsg-2ubuntu0.2) ...
Selecting previously unselected package libqt5network5:amd64.
Preparing to unpack .../027-libqt5network5_5.15.3+dfsg-2ubuntu0.2_amd64.deb ...
Unpacking libqt5network5:amd64 (5.15.3+dfsg-2ubuntu0.2) ...
Selecting previously unselected package libxcb-icccm4:amd64.
Preparing to unpack .../028-libxcb-icccm4_0.4.1-1.1build2_amd64.deb ...
Unpacking libxcb-icccm4:amd64 (0.4.1-1.1build2) ...
Selecting previously unselected package libxcb-util1:amd64.
Preparing to unpack .../029-libxcb-util1_0.4.0-1build2_amd64.deb ...
Unpacking libxcb-util1:amd64 (0.4.0-1build2) ...
Selecting previously unselected package libxcb-image0:amd64.
Preparing to unpack .../030-libxcb-image0_0.4.0-2_amd64.deb ...
Unpacking libxcb-image0:amd64 (0.4.0-2) ...
Selecting previously unselected package libxcb-keysyms1:amd64.
Preparing to unpack .../031-libxcb-keysyms1_0.4.0-1build3_amd64.deb ...
Unpacking libxcb-keysyms1:amd64 (0.4.0-1build3) ...
Selecting previously unselected package libxcb-render0:amd64.
Preparing to unpack .../032-libxcb-render0_1.14-3ubuntu3_amd64.deb ...
Unpacking libxcb-render0:amd64 (1.14-3ubuntu3) ...
Selecting previously unselected package libxcb-render-util0:amd64.
Preparing to unpack .../033-libxcb-render-util0_0.3.9-1build3_amd64.deb ...
Unpacking libxcb-render-util0:amd64 (0.3.9-1build3) ...
Selecting previously unselected package libxcb-shape0:amd64.
Preparing to unpack .../034-libxcb-shape0_1.14-3ubuntu3_amd64.deb ...
Unpacking libxcb-shape0:amd64 (1.14-3ubuntu3) ...
Selecting previously unselected package libxcb-xinerama0:amd64.
Preparing to unpack .../035-libxcb-xinerama0_1.14-3ubuntu3_amd64.deb ...
Unpacking libxcb-xinerama0:amd64 (1.14-3ubuntu3) ...
Selecting previously unselected package libxcb-xinput0:amd64.
Preparing to unpack .../036-libxcb-xinput0_1.14-3ubuntu3_amd64.deb ...
Unpacking libxcb-xinput0:amd64 (1.14-3ubuntu3) ...
Selecting previously unselected package libxcb-xkb1:amd64.
Preparing to unpack .../037-libxcb-xkb1_1.14-3ubuntu3_amd64.deb ...
Unpacking libxcb-xkb1:amd64 (1.14-3ubuntu3) ...
Selecting previously unselected package xkb-data.
Preparing to unpack .../038-xkb-data_2.33-1_all.deb ...
Unpacking xkb-data (2.33-1) ...
Selecting previously unselected package libxkbcommon0:amd64.
Preparing to unpack .../039-libxkbcommon0_1.4.0-1_amd64.deb ...
Unpacking libxkbcommon0:amd64 (1.4.0-1) ...
Selecting previously unselected package libxkbcommon-x11-0:amd64.
Preparing to unpack .../040-libxkbcommon-x11-0_1.4.0-1_amd64.deb ...
Unpacking libxkbcommon-x11-0:amd64 (1.4.0-1) ...
Selecting previously unselected package libxrender1:amd64.
Preparing to unpack .../041-libxrender1_1%3a0.9.10-1build4_amd64.deb ...
Unpacking libxrender1:amd64 (1:0.9.10-1build4) ...
Selecting previously unselected package libqt5gui5:amd64.
Preparing to unpack .../042-libqt5gui5_5.15.3+dfsg-2ubuntu0.2_amd64.deb ...
Unpacking libqt5gui5:amd64 (5.15.3+dfsg-2ubuntu0.2) ...
Selecting previously unselected package libqt5positioning5:amd64.
Preparing to unpack .../043-libqt5positioning5_5.15.3+dfsg-3_amd64.deb ...
Unpacking libqt5positioning5:amd64 (5.15.3+dfsg-3) ...
Selecting previously unselected package libavahi-common-data:amd64.
Preparing to unpack .../044-libavahi-common-data_0.8-5ubuntu5.2_amd64.deb ...
Unpacking libavahi-common-data:amd64 (0.8-5ubuntu5.2) ...
Selecting previously unselected package libavahi-common3:amd64.
Preparing to unpack .../045-libavahi-common3_0.8-5ubuntu5.2_amd64.deb ...
Unpacking libavahi-common3:amd64 (0.8-5ubuntu5.2) ...
Selecting previously unselected package libavahi-client3:amd64.
Preparing to unpack .../046-libavahi-client3_0.8-5ubuntu5.2_amd64.deb ...
Unpacking libavahi-client3:amd64 (0.8-5ubuntu5.2) ...
Selecting previously unselected package libcups2:amd64.
Preparing to unpack .../047-libcups2_2.4.1op1-1ubuntu4.11_amd64.deb ...
Unpacking libcups2:amd64 (2.4.1op1-1ubuntu4.11) ...
Selecting previously unselected package libqt5widgets5:amd64.
Preparing to unpack .../048-libqt5widgets5_5.15.3+dfsg-2ubuntu0.2_amd64.deb ...
Unpacking libqt5widgets5:amd64 (5.15.3+dfsg-2ubuntu0.2) ...
Selecting previously unselected package libqt5printsupport5:amd64.
Preparing to unpack .../049-libqt5printsupport5_5.15.3+dfsg-2ubuntu0.2_amd64.deb ...
Unpacking libqt5printsupport5:amd64 (5.15.3+dfsg-2ubuntu0.2) ...
Selecting previously unselected package libqt5qml5:amd64.
Preparing to unpack .../050-libqt5qml5_5.15.3+dfsg-1_amd64.deb ...
Unpacking libqt5qml5:amd64 (5.15.3+dfsg-1) ...
Selecting previously unselected package libqt5qmlmodels5:amd64.
Preparing to unpack .../051-libqt5qmlmodels5_5.15.3+dfsg-1_amd64.deb ...
Unpacking libqt5qmlmodels5:amd64 (5.15.3+dfsg-1) ...
Selecting previously unselected package libqt5quick5:amd64.
Preparing to unpack .../052-libqt5quick5_5.15.3+dfsg-1_amd64.deb ...
Unpacking libqt5quick5:amd64 (5.15.3+dfsg-1) ...
Selecting previously unselected package libqt5sensors5:amd64.
Preparing to unpack .../053-libqt5sensors5_5.15.3-1_amd64.deb ...
Unpacking libqt5sensors5:amd64 (5.15.3-1) ...
Selecting previously unselected package libqt5webchannel5:amd64.
Preparing to unpack .../054-libqt5webchannel5_5.15.3-1_amd64.deb ...
Unpacking libqt5webchannel5:amd64 (5.15.3-1) ...
Selecting previously unselected package libwebp7:amd64.
Preparing to unpack .../055-libwebp7_1.2.2-2ubuntu0.22.04.2_amd64.deb ...
Unpacking libwebp7:amd64 (1.2.2-2ubuntu0.22.04.2) ...
Selecting previously unselected package libwoff1:amd64.
Preparing to unpack .../056-libwoff1_1.0.2-1build4_amd64.deb ...
Unpacking libwoff1:amd64 (1.0.2-1build4) ...
Selecting previously unselected package libxslt1.1:amd64.
Preparing to unpack .../057-libxslt1.1_1.1.34-4ubuntu0.22.04.4_amd64.deb ...
Unpacking libxslt1.1:amd64 (1.1.34-4ubuntu0.22.04.4) ...
Selecting previously unselected package libqt5webkit5:amd64.
Preparing to unpack .../058-libqt5webkit5_5.212.0~alpha4-15ubuntu1_amd64.deb ...
Unpacking libqt5webkit5:amd64 (5.212.0~alpha4-15ubuntu1) ...
Selecting previously unselected package libqt5concurrent5:amd64.
Preparing to unpack .../059-libqt5concurrent5_5.15.3+dfsg-2ubuntu0.2_amd64.deb ...
Unpacking libqt5concurrent5:amd64 (5.15.3+dfsg-2ubuntu0.2) ...
Selecting previously unselected package libqt5sql5:amd64.
Preparing to unpack .../060-libqt5sql5_5.15.3+dfsg-2ubuntu0.2_amd64.deb ...
Unpacking libqt5sql5:amd64 (5.15.3+dfsg-2ubuntu0.2) ...
Selecting previously unselected package libqt5test5:amd64.
Preparing to unpack .../061-libqt5test5_5.15.3+dfsg-2ubuntu0.2_amd64.deb ...
Unpacking libqt5test5:amd64 (5.15.3+dfsg-2ubuntu0.2) ...
Selecting previously unselected package libqt5xml5:amd64.
Preparing to unpack .../062-libqt5xml5_5.15.3+dfsg-2ubuntu0.2_amd64.deb ...
Unpacking libqt5xml5:amd64 (5.15.3+dfsg-2ubuntu0.2) ...
Selecting previously unselected package libvulkan1:amd64.
Preparing to unpack .../063-libvulkan1_1.3.204.1-2_amd64.deb ...
Unpacking libvulkan1:amd64 (1.3.204.1-2) ...
Selecting previously unselected package libvulkan-dev:amd64.
Preparing to unpack .../064-libvulkan-dev_1.3.204.1-2_amd64.deb ...
Unpacking libvulkan-dev:amd64 (1.3.204.1-2) ...
Selecting previously unselected package qt5-qmake-bin.
Preparing to unpack .../065-qt5-qmake-bin_5.15.3+dfsg-2ubuntu0.2_amd64.deb ...
Unpacking qt5-qmake-bin (5.15.3+dfsg-2ubuntu0.2) ...
Selecting previously unselected package qtchooser.
Preparing to unpack .../066-qtchooser_66-2build1_amd64.deb ...
Unpacking qtchooser (66-2build1) ...
Selecting previously unselected package qt5-qmake:amd64.
Preparing to unpack .../067-qt5-qmake_5.15.3+dfsg-2ubuntu0.2_amd64.deb ...
Unpacking qt5-qmake:amd64 (5.15.3+dfsg-2ubuntu0.2) ...
Selecting previously unselected package qtbase5-dev-tools.
Preparing to unpack .../068-qtbase5-dev-tools_5.15.3+dfsg-2ubuntu0.2_amd64.deb ...
Unpacking qtbase5-dev-tools (5.15.3+dfsg-2ubuntu0.2) ...
Selecting previously unselected package qtbase5-dev:amd64.
Preparing to unpack .../069-qtbase5-dev_5.15.3+dfsg-2ubuntu0.2_amd64.deb ...
Unpacking qtbase5-dev:amd64 (5.15.3+dfsg-2ubuntu0.2) ...
Selecting previously unselected package libqt5qmlworkerscript5:amd64.
Preparing to unpack .../070-libqt5qmlworkerscript5_5.15.3+dfsg-1_amd64.deb ...
Unpacking libqt5qmlworkerscript5:amd64 (5.15.3+dfsg-1) ...
Selecting previously unselected package libqt5quickparticles5:amd64.
Preparing to unpack .../071-libqt5quickparticles5_5.15.3+dfsg-1_amd64.deb ...
Unpacking libqt5quickparticles5:amd64 (5.15.3+dfsg-1) ...
Selecting previously unselected package libqt5quickshapes5:amd64.
Preparing to unpack .../072-libqt5quickshapes5_5.15.3+dfsg-1_amd64.deb ...
Unpacking libqt5quickshapes5:amd64 (5.15.3+dfsg-1) ...
Selecting previously unselected package libqt5quicktest5:amd64.
Preparing to unpack .../073-libqt5quicktest5_5.15.3+dfsg-1_amd64.deb ...
Unpacking libqt5quicktest5:amd64 (5.15.3+dfsg-1) ...
Selecting previously unselected package libqt5quickwidgets5:amd64.
Preparing to unpack .../074-libqt5quickwidgets5_5.15.3+dfsg-1_amd64.deb ...
Unpacking libqt5quickwidgets5:amd64 (5.15.3+dfsg-1) ...
Selecting previously unselected package qt5-qmltooling-plugins:amd64.
Preparing to unpack .../075-qt5-qmltooling-plugins_5.15.3+dfsg-1_amd64.deb ...
Unpacking qt5-qmltooling-plugins:amd64 (5.15.3+dfsg-1) ...
Selecting previously unselected package qtdeclarative5-dev-tools.
Preparing to unpack .../076-qtdeclarative5-dev-tools_5.15.3+dfsg-1_amd64.deb ...
Unpacking qtdeclarative5-dev-tools (5.15.3+dfsg-1) ...
Selecting previously unselected package qtdeclarative5-dev:amd64.
Preparing to unpack .../077-qtdeclarative5-dev_5.15.3+dfsg-1_amd64.deb ...
Unpacking qtdeclarative5-dev:amd64 (5.15.3+dfsg-1) ...
Selecting previously unselected package libqt5webkit5-dev:amd64.
Preparing to unpack .../078-libqt5webkit5-dev_5.212.0~alpha4-15ubuntu1_amd64.deb ...
Unpacking libqt5webkit5-dev:amd64 (5.212.0~alpha4-15ubuntu1) ...
Selecting previously unselected package libfribidi0:amd64.
Preparing to unpack .../079-libfribidi0_1.0.8-2ubuntu3.1_amd64.deb ...
Unpacking libfribidi0:amd64 (1.0.8-2ubuntu3.1) ...
Selecting previously unselected package tzdata.
Preparing to unpack .../080-tzdata_2025b-0ubuntu0.22.04.1_all.deb ...
Unpacking tzdata (2025b-0ubuntu0.22.04.1) ...
Selecting previously unselected package libpcap0.8:amd64.
Preparing to unpack .../081-libpcap0.8_1.10.1-4ubuntu1.22.04.1_amd64.deb ...
Unpacking libpcap0.8:amd64 (1.10.1-4ubuntu1.22.04.1) ...
Selecting previously unselected package java-common.
Preparing to unpack .../082-java-common_0.72build2_all.deb ...
Unpacking java-common (0.72build2) ...
Selecting previously unselected package liblcms2-2:amd64.
Preparing to unpack .../083-liblcms2-2_2.12~rc1-2build2_amd64.deb ...
Unpacking liblcms2-2:amd64 (2.12~rc1-2build2) ...
Selecting previously unselected package libnspr4:amd64.
Preparing to unpack .../084-libnspr4_2%3a4.35-0ubuntu0.22.04.1_amd64.deb ...
Unpacking libnspr4:amd64 (2:4.35-0ubuntu0.22.04.1) ...
Selecting previously unselected package libnss3:amd64.
Preparing to unpack .../085-libnss3_2%3a3.98-0ubuntu0.22.04.2_amd64.deb ...
Unpacking libnss3:amd64 (2:3.98-0ubuntu0.22.04.2) ...
Selecting previously unselected package libasound2-data.
Preparing to unpack .../086-libasound2-data_1.2.6.1-1ubuntu1_all.deb ...
Unpacking libasound2-data (1.2.6.1-1ubuntu1) ...
Selecting previously unselected package libasound2:amd64.
Preparing to unpack .../087-libasound2_1.2.6.1-1ubuntu1_amd64.deb ...
Unpacking libasound2:amd64 (1.2.6.1-1ubuntu1) ...
Selecting previously unselected package libpcsclite1:amd64.
Preparing to unpack .../088-libpcsclite1_1.9.5-3ubuntu1_amd64.deb ...
Unpacking libpcsclite1:amd64 (1.9.5-3ubuntu1) ...
Selecting previously unselected package openjdk-11-jre-headless:amd64.
Preparing to unpack .../089-openjdk-11-jre-headless_11.0.28+6-1ubuntu1~22.04.1_amd64.deb ...
Unpacking openjdk-11-jre-headless:amd64 (11.0.28+6-1ubuntu1~22.04.1) ...
Selecting previously unselected package default-jre-headless.
Preparing to unpack .../090-default-jre-headless_2%3a1.11-72build2_amd64.deb ...
Unpacking default-jre-headless (2:1.11-72build2) ...
Selecting previously unselected package ca-certificates-java.
Preparing to unpack .../091-ca-certificates-java_20190909ubuntu1.2_all.deb ...
Unpacking ca-certificates-java (20190909ubuntu1.2) ...
Selecting previously unselected package libgif7:amd64.
Preparing to unpack .../092-libgif7_5.1.9-2ubuntu0.1_amd64.deb ...
Unpacking libgif7:amd64 (5.1.9-2ubuntu0.1) ...
Selecting previously unselected package libxtst6:amd64.
Preparing to unpack .../093-libxtst6_2%3a1.2.3-1build4_amd64.deb ...
Unpacking libxtst6:amd64 (2:1.2.3-1build4) ...
Selecting previously unselected package openjdk-11-jre:amd64.
Preparing to unpack .../094-openjdk-11-jre_11.0.28+6-1ubuntu1~22.04.1_amd64.deb ...
Unpacking openjdk-11-jre:amd64 (11.0.28+6-1ubuntu1~22.04.1) ...
Selecting previously unselected package default-jre.
Preparing to unpack .../095-default-jre_2%3a1.11-72build2_amd64.deb ...
Unpacking default-jre (2:1.11-72build2) ...
Selecting previously unselected package openjdk-11-jdk-headless:amd64.
Preparing to unpack .../096-openjdk-11-jdk-headless_11.0.28+6-1ubuntu1~22.04.1_amd64.deb ...
Unpacking openjdk-11-jdk-headless:amd64 (11.0.28+6-1ubuntu1~22.04.1) ...
Selecting previously unselected package default-jdk-headless.
Preparing to unpack .../097-default-jdk-headless_2%3a1.11-72build2_amd64.deb ...
Unpacking default-jdk-headless (2:1.11-72build2) ...
Selecting previously unselected package openjdk-11-jdk:amd64.
Preparing to unpack .../098-openjdk-11-jdk_11.0.28+6-1ubuntu1~22.04.1_amd64.deb ...
Unpacking openjdk-11-jdk:amd64 (11.0.28+6-1ubuntu1~22.04.1) ...
Selecting previously unselected package default-jdk.
Preparing to unpack .../099-default-jdk_2%3a1.11-72build2_amd64.deb ...
Unpacking default-jdk (2:1.11-72build2) ...
Selecting previously unselected package mysql-common.
Preparing to unpack .../100-mysql-common_5.8+1.0.8_all.deb ...
Unpacking mysql-common (5.8+1.0.8) ...
Selecting previously unselected package libmysqlclient21:amd64.
Preparing to unpack .../101-libmysqlclient21_8.0.43-0ubuntu0.22.04.1_amd64.deb ...
Unpacking libmysqlclient21:amd64 (8.0.43-0ubuntu0.22.04.1) ...
Selecting previously unselected package libssl-dev:amd64.
Preparing to unpack .../102-libssl-dev_3.0.2-0ubuntu1.19_amd64.deb ...
Unpacking libssl-dev:amd64 (3.0.2-0ubuntu1.19) ...
Selecting previously unselected package libzstd-dev:amd64.
Preparing to unpack .../103-libzstd-dev_1.4.8+dfsg-3build1_amd64.deb ...
Unpacking libzstd-dev:amd64 (1.4.8+dfsg-3build1) ...
Selecting previously unselected package libmysqlclient-dev.
Preparing to unpack .../104-libmysqlclient-dev_8.0.43-0ubuntu0.22.04.1_amd64.deb ...
Unpacking libmysqlclient-dev (8.0.43-0ubuntu0.22.04.1) ...
Selecting previously unselected package default-libmysqlclient-dev:amd64.
Preparing to unpack .../105-default-libmysqlclient-dev_1.0.8_amd64.deb ...
Unpacking default-libmysqlclient-dev:amd64 (1.0.8) ...
Selecting previously unselected package gdal-data.
Preparing to unpack .../106-gdal-data_3.4.1+dfsg-1build4_all.deb ...
Unpacking gdal-data (3.4.1+dfsg-1build4) ...
Selecting previously unselected package hdf5-helpers.
Preparing to unpack .../107-hdf5-helpers_1.10.7+repack-4ubuntu2_amd64.deb ...
Unpacking hdf5-helpers (1.10.7+repack-4ubuntu2) ...
Selecting previously unselected package libaec0:amd64.
Preparing to unpack .../108-libaec0_1.0.6-1_amd64.deb ...
Unpacking libaec0:amd64 (1.0.6-1) ...
Selecting previously unselected package libsuitesparseconfig5:amd64.
Preparing to unpack .../109-libsuitesparseconfig5_1%3a5.10.1+dfsg-4build1_amd64.deb ...
Unpacking libsuitesparseconfig5:amd64 (1:5.10.1+dfsg-4build1) ...
Selecting previously unselected package libamd2:amd64.
Preparing to unpack .../110-libamd2_1%3a5.10.1+dfsg-4build1_amd64.deb ...
Unpacking libamd2:amd64 (1:5.10.1+dfsg-4build1) ...
Selecting previously unselected package libaom3:amd64.
Preparing to unpack .../111-libaom3_3.3.0-1ubuntu0.1_amd64.deb ...
Unpacking libaom3:amd64 (3.3.0-1ubuntu0.1) ...
Selecting previously unselected package libaom-dev:amd64.
Preparing to unpack .../112-libaom-dev_3.3.0-1ubuntu0.1_amd64.deb ...
Unpacking libaom-dev:amd64 (3.3.0-1ubuntu0.1) ...
Selecting previously unselected package libarpack2:amd64.
Preparing to unpack .../113-libarpack2_3.8.0-1_amd64.deb ...
Unpacking libarpack2:amd64 (3.8.0-1) ...
Selecting previously unselected package libsuperlu5:amd64.
Preparing to unpack .../114-libsuperlu5_5.3.0+dfsg1-2_amd64.deb ...
Unpacking libsuperlu5:amd64 (5.3.0+dfsg1-2) ...
Selecting previously unselected package libarmadillo10.
Preparing to unpack .../115-libarmadillo10_1%3a10.8.2+dfsg-1_amd64.deb ...
Unpacking libarmadillo10 (1:10.8.2+dfsg-1) ...
Selecting previously unselected package libarpack2-dev:amd64.
Preparing to unpack .../116-libarpack2-dev_3.8.0-1_amd64.deb ...
Unpacking libarpack2-dev:amd64 (3.8.0-1) ...
Selecting previously unselected package libsz2:amd64.
Preparing to unpack .../117-libsz2_1.0.6-1_amd64.deb ...
Unpacking libsz2:amd64 (1.0.6-1) ...
Selecting previously unselected package libhdf5-103-1:amd64.
Preparing to unpack .../118-libhdf5-103-1_1.10.7+repack-4ubuntu2_amd64.deb ...
Unpacking libhdf5-103-1:amd64 (1.10.7+repack-4ubuntu2) ...
Selecting previously unselected package libhdf5-fortran-102:amd64.
Preparing to unpack .../119-libhdf5-fortran-102_1.10.7+repack-4ubuntu2_amd64.deb ...
Unpacking libhdf5-fortran-102:amd64 (1.10.7+repack-4ubuntu2) ...
Selecting previously unselected package libhdf5-hl-100:amd64.
Preparing to unpack .../120-libhdf5-hl-100_1.10.7+repack-4ubuntu2_amd64.deb ...
Unpacking libhdf5-hl-100:amd64 (1.10.7+repack-4ubuntu2) ...
Selecting previously unselected package libhdf5-hl-fortran-100:amd64.
Preparing to unpack .../121-libhdf5-hl-fortran-100_1.10.7+repack-4ubuntu2_amd64.deb ...
Unpacking libhdf5-hl-fortran-100:amd64 (1.10.7+repack-4ubuntu2) ...
Selecting previously unselected package libhdf5-cpp-103-1:amd64.
Preparing to unpack .../122-libhdf5-cpp-103-1_1.10.7+repack-4ubuntu2_amd64.deb ...
Unpacking libhdf5-cpp-103-1:amd64 (1.10.7+repack-4ubuntu2) ...
Selecting previously unselected package libhdf5-hl-cpp-100:amd64.
Preparing to unpack .../123-libhdf5-hl-cpp-100_1.10.7+repack-4ubuntu2_amd64.deb ...
Unpacking libhdf5-hl-cpp-100:amd64 (1.10.7+repack-4ubuntu2) ...
Selecting previously unselected package libjpeg-turbo8-dev:amd64.
Preparing to unpack .../124-libjpeg-turbo8-dev_2.1.2-0ubuntu1_amd64.deb ...
Unpacking libjpeg-turbo8-dev:amd64 (2.1.2-0ubuntu1) ...
Selecting previously unselected package libjpeg8-dev:amd64.
Preparing to unpack .../125-libjpeg8-dev_8c-2ubuntu10_amd64.deb ...
Unpacking libjpeg8-dev:amd64 (8c-2ubuntu10) ...
Selecting previously unselected package libjpeg-dev:amd64.
Preparing to unpack .../126-libjpeg-dev_8c-2ubuntu10_amd64.deb ...
Unpacking libjpeg-dev:amd64 (8c-2ubuntu10) ...
Selecting previously unselected package libaec-dev:amd64.
Preparing to unpack .../127-libaec-dev_1.0.6-1_amd64.deb ...
Unpacking libaec-dev:amd64 (1.0.6-1) ...
Selecting previously unselected package libcurl4-openssl-dev:amd64.
Preparing to unpack .../128-libcurl4-openssl-dev_7.81.0-1ubuntu1.20_amd64.deb ...
Unpacking libcurl4-openssl-dev:amd64 (7.81.0-1ubuntu1.20) ...
Selecting previously unselected package libhdf5-dev.
Preparing to unpack .../129-libhdf5-dev_1.10.7+repack-4ubuntu2_amd64.deb ...
Unpacking libhdf5-dev (1.10.7+repack-4ubuntu2) ...
Selecting previously unselected package libsuperlu-dev:amd64.
Preparing to unpack .../130-libsuperlu-dev_5.3.0+dfsg1-2_amd64.deb ...
Unpacking libsuperlu-dev:amd64 (5.3.0+dfsg1-2) ...
Selecting previously unselected package libarmadillo-dev.
Preparing to unpack .../131-libarmadillo-dev_1%3a10.8.2+dfsg-1_amd64.deb ...
Unpacking libarmadillo-dev (1:10.8.2+dfsg-1) ...
Selecting previously unselected package libva2:amd64.
Preparing to unpack .../132-libva2_2.14.0-1_amd64.deb ...
Unpacking libva2:amd64 (2.14.0-1) ...
Selecting previously unselected package libmfx1:amd64.
Preparing to unpack .../133-libmfx1_22.3.0-1_amd64.deb ...
Unpacking libmfx1:amd64 (22.3.0-1) ...
Selecting previously unselected package libva-drm2:amd64.
Preparing to unpack .../134-libva-drm2_2.14.0-1_amd64.deb ...
Unpacking libva-drm2:amd64 (2.14.0-1) ...
Selecting previously unselected package libva-x11-2:amd64.
Preparing to unpack .../135-libva-x11-2_2.14.0-1_amd64.deb ...
Unpacking libva-x11-2:amd64 (2.14.0-1) ...
Selecting previously unselected package libvdpau1:amd64.
Preparing to unpack .../136-libvdpau1_1.4-3build2_amd64.deb ...
Unpacking libvdpau1:amd64 (1.4-3build2) ...
Selecting previously unselected package libavutil56:amd64.
Preparing to unpack .../137-libavutil56_7%3a4.4.2-0ubuntu0.22.04.1_amd64.deb ...
Unpacking libavutil56:amd64 (7:4.4.2-0ubuntu0.22.04.1) ...
Selecting previously unselected package libpixman-1-0:amd64.
Preparing to unpack .../138-libpixman-1-0_0.40.0-1ubuntu0.22.04.1_amd64.deb ...
Unpacking libpixman-1-0:amd64 (0.40.0-1ubuntu0.22.04.1) ...
Selecting previously unselected package libcairo2:amd64.
Preparing to unpack .../139-libcairo2_1.16.0-5ubuntu2_amd64.deb ...
Unpacking libcairo2:amd64 (1.16.0-5ubuntu2) ...
Selecting previously unselected package libcodec2-1.0:amd64.
Preparing to unpack .../140-libcodec2-1.0_1.0.1-3_amd64.deb ...
Unpacking libcodec2-1.0:amd64 (1.0.1-3) ...
Selecting previously unselected package libdav1d5:amd64.
Preparing to unpack .../141-libdav1d5_0.9.2-1_amd64.deb ...
Unpacking libdav1d5:amd64 (0.9.2-1) ...
Selecting previously unselected package libgsm1:amd64.
Preparing to unpack .../142-libgsm1_1.0.19-1_amd64.deb ...
Unpacking libgsm1:amd64 (1.0.19-1) ...
Selecting previously unselected package libmp3lame0:amd64.
Preparing to unpack .../143-libmp3lame0_3.100-3build2_amd64.deb ...
Unpacking libmp3lame0:amd64 (3.100-3build2) ...
Selecting previously unselected package libopenjp2-7:amd64.
Preparing to unpack .../144-libopenjp2-7_2.4.0-6ubuntu0.3_amd64.deb ...
Unpacking libopenjp2-7:amd64 (2.4.0-6ubuntu0.3) ...
Selecting previously unselected package libopus0:amd64.
Preparing to unpack .../145-libopus0_1.3.1-0.1build2_amd64.deb ...
Unpacking libopus0:amd64 (1.3.1-0.1build2) ...
Selecting previously unselected package libcairo-gobject2:amd64.
Preparing to unpack .../146-libcairo-gobject2_1.16.0-5ubuntu2_amd64.deb ...
Unpacking libcairo-gobject2:amd64 (1.16.0-5ubuntu2) ...
Selecting previously unselected package libgdk-pixbuf2.0-common.
Preparing to unpack .../147-libgdk-pixbuf2.0-common_2.42.8+dfsg-1ubuntu0.4_all.deb ...
Unpacking libgdk-pixbuf2.0-common (2.42.8+dfsg-1ubuntu0.4) ...
Selecting previously unselected package libdeflate0:amd64.
Preparing to unpack .../148-libdeflate0_1.10-2_amd64.deb ...
Unpacking libdeflate0:amd64 (1.10-2) ...
Selecting previously unselected package libjbig0:amd64.
Preparing to unpack .../149-libjbig0_2.1-3.1ubuntu0.22.04.1_amd64.deb ...
Unpacking libjbig0:amd64 (2.1-3.1ubuntu0.22.04.1) ...
Selecting previously unselected package libtiff5:amd64.
Preparing to unpack .../150-libtiff5_4.3.0-6ubuntu0.10_amd64.deb ...
Unpacking libtiff5:amd64 (4.3.0-6ubuntu0.10) ...
Selecting previously unselected package libgdk-pixbuf-2.0-0:amd64.
Preparing to unpack .../151-libgdk-pixbuf-2.0-0_2.42.8+dfsg-1ubuntu0.4_amd64.deb ...
Unpacking libgdk-pixbuf-2.0-0:amd64 (2.42.8+dfsg-1ubuntu0.4) ...
Selecting previously unselected package libthai-data.
Preparing to unpack .../152-libthai-data_0.1.29-1build1_all.deb ...
Unpacking libthai-data (0.1.29-1build1) ...
Selecting previously unselected package libdatrie1:amd64.
Preparing to unpack .../153-libdatrie1_0.2.13-2_amd64.deb ...
Unpacking libdatrie1:amd64 (0.2.13-2) ...
Selecting previously unselected package libthai0:amd64.
Preparing to unpack .../154-libthai0_0.1.29-1build1_amd64.deb ...
Unpacking libthai0:amd64 (0.1.29-1build1) ...
Selecting previously unselected package libpango-1.0-0:amd64.
Preparing to unpack .../155-libpango-1.0-0_1.50.6+ds-2ubuntu1_amd64.deb ...
Unpacking libpango-1.0-0:amd64 (1.50.6+ds-2ubuntu1) ...
Selecting previously unselected package libpangoft2-1.0-0:amd64.
Preparing to unpack .../156-libpangoft2-1.0-0_1.50.6+ds-2ubuntu1_amd64.deb ...
Unpacking libpangoft2-1.0-0:amd64 (1.50.6+ds-2ubuntu1) ...
Selecting previously unselected package libpangocairo-1.0-0:amd64.
Preparing to unpack .../157-libpangocairo-1.0-0_1.50.6+ds-2ubuntu1_amd64.deb ...
Unpacking libpangocairo-1.0-0:amd64 (1.50.6+ds-2ubuntu1) ...
Selecting previously unselected package librsvg2-2:amd64.
Preparing to unpack .../158-librsvg2-2_2.52.5+dfsg-3ubuntu0.2_amd64.deb ...
Unpacking librsvg2-2:amd64 (2.52.5+dfsg-3ubuntu0.2) ...
Selecting previously unselected package libshine3:amd64.
Preparing to unpack .../159-libshine3_3.1.1-2_amd64.deb ...
Unpacking libshine3:amd64 (3.1.1-2) ...
Selecting previously unselected package libsnappy1v5:amd64.
Preparing to unpack .../160-libsnappy1v5_1.1.8-1build3_amd64.deb ...
Unpacking libsnappy1v5:amd64 (1.1.8-1build3) ...
Selecting previously unselected package libspeex1:amd64.
Preparing to unpack .../161-libspeex1_1.2~rc1.2-1.1ubuntu3_amd64.deb ...
Unpacking libspeex1:amd64 (1.2~rc1.2-1.1ubuntu3) ...
Selecting previously unselected package libsoxr0:amd64.
Preparing to unpack .../162-libsoxr0_0.1.3-4build2_amd64.deb ...
Unpacking libsoxr0:amd64 (0.1.3-4build2) ...
Selecting previously unselected package libswresample3:amd64.
Preparing to unpack .../163-libswresample3_7%3a4.4.2-0ubuntu0.22.04.1_amd64.deb ...
Unpacking libswresample3:amd64 (7:4.4.2-0ubuntu0.22.04.1) ...
Selecting previously unselected package libogg0:amd64.
Preparing to unpack .../164-libogg0_1.3.5-0ubuntu3_amd64.deb ...
Unpacking libogg0:amd64 (1.3.5-0ubuntu3) ...
Selecting previously unselected package libtheora0:amd64.
Preparing to unpack .../165-libtheora0_1.1.1+dfsg.1-15ubuntu4_amd64.deb ...
Unpacking libtheora0:amd64 (1.1.1+dfsg.1-15ubuntu4) ...
Selecting previously unselected package libtwolame0:amd64.
Preparing to unpack .../166-libtwolame0_0.4.0-2build2_amd64.deb ...
Unpacking libtwolame0:amd64 (0.4.0-2build2) ...
Selecting previously unselected package libvorbis0a:amd64.
Preparing to unpack .../167-libvorbis0a_1.3.7-1build2_amd64.deb ...
Unpacking libvorbis0a:amd64 (1.3.7-1build2) ...
Selecting previously unselected package libvorbisenc2:amd64.
Preparing to unpack .../168-libvorbisenc2_1.3.7-1build2_amd64.deb ...
Unpacking libvorbisenc2:amd64 (1.3.7-1build2) ...
Selecting previously unselected package libvpx7:amd64.
Preparing to unpack .../169-libvpx7_1.11.0-2ubuntu2.4_amd64.deb ...
Unpacking libvpx7:amd64 (1.11.0-2ubuntu2.4) ...
Selecting previously unselected package libwebpmux3:amd64.
Preparing to unpack .../170-libwebpmux3_1.2.2-2ubuntu0.22.04.2_amd64.deb ...
Unpacking libwebpmux3:amd64 (1.2.2-2ubuntu0.22.04.2) ...
Selecting previously unselected package libx264-163:amd64.
Preparing to unpack .../171-libx264-163_2%3a0.163.3060+git5db6aa6-2build1_amd64.deb ...
Unpacking libx264-163:amd64 (2:0.163.3060+git5db6aa6-2build1) ...
Selecting previously unselected package libx265-199:amd64.
Preparing to unpack .../172-libx265-199_3.5-2_amd64.deb ...
Unpacking libx265-199:amd64 (3.5-2) ...
Selecting previously unselected package libxvidcore4:amd64.
Preparing to unpack .../173-libxvidcore4_2%3a1.3.7-1_amd64.deb ...
Unpacking libxvidcore4:amd64 (2:1.3.7-1) ...
Selecting previously unselected package libzvbi-common.
Preparing to unpack .../174-libzvbi-common_0.2.35-19_all.deb ...
Unpacking libzvbi-common (0.2.35-19) ...
Selecting previously unselected package libzvbi0:amd64.
Preparing to unpack .../175-libzvbi0_0.2.35-19_amd64.deb ...
Unpacking libzvbi0:amd64 (0.2.35-19) ...
Selecting previously unselected package libavcodec58:amd64.
Preparing to unpack .../176-libavcodec58_7%3a4.4.2-0ubuntu0.22.04.1_amd64.deb ...
Unpacking libavcodec58:amd64 (7:4.4.2-0ubuntu0.22.04.1) ...
Selecting previously unselected package libavutil-dev:amd64.
Preparing to unpack .../177-libavutil-dev_7%3a4.4.2-0ubuntu0.22.04.1_amd64.deb ...
Unpacking libavutil-dev:amd64 (7:4.4.2-0ubuntu0.22.04.1) ...
Selecting previously unselected package libswresample-dev:amd64.
Preparing to unpack .../178-libswresample-dev_7%3a4.4.2-0ubuntu0.22.04.1_amd64.deb ...
Unpacking libswresample-dev:amd64 (7:4.4.2-0ubuntu0.22.04.1) ...
Selecting previously unselected package libavcodec-dev:amd64.
Preparing to unpack .../179-libavcodec-dev_7%3a4.4.2-0ubuntu0.22.04.1_amd64.deb ...
Unpacking libavcodec-dev:amd64 (7:4.4.2-0ubuntu0.22.04.1) ...
Selecting previously unselected package libudfread0:amd64.
Preparing to unpack .../180-libudfread0_1.1.2-1_amd64.deb ...
Unpacking libudfread0:amd64 (1.1.2-1) ...
Selecting previously unselected package libbluray2:amd64.
Preparing to unpack .../181-libbluray2_1%3a1.3.1-1_amd64.deb ...
Unpacking libbluray2:amd64 (1:1.3.1-1) ...
Selecting previously unselected package libchromaprint1:amd64.
Preparing to unpack .../182-libchromaprint1_1.5.1-2_amd64.deb ...
Unpacking libchromaprint1:amd64 (1.5.1-2) ...
Selecting previously unselected package libgme0:amd64.
Preparing to unpack .../183-libgme0_0.6.3-2_amd64.deb ...
Unpacking libgme0:amd64 (0.6.3-2) ...
Selecting previously unselected package libmpg123-0:amd64.
Preparing to unpack .../184-libmpg123-0_1.29.3-1ubuntu0.1_amd64.deb ...
Unpacking libmpg123-0:amd64 (1.29.3-1ubuntu0.1) ...
Selecting previously unselected package libvorbisfile3:amd64.
Preparing to unpack .../185-libvorbisfile3_1.3.7-1build2_amd64.deb ...
Unpacking libvorbisfile3:amd64 (1.3.7-1build2) ...
Selecting previously unselected package libopenmpt0:amd64.
Preparing to unpack .../186-libopenmpt0_0.6.1-1_amd64.deb ...
Unpacking libopenmpt0:amd64 (0.6.1-1) ...
Selecting previously unselected package librabbitmq4:amd64.
Preparing to unpack .../187-librabbitmq4_0.10.0-1ubuntu2_amd64.deb ...
Unpacking librabbitmq4:amd64 (0.10.0-1ubuntu2) ...
Selecting previously unselected package libsrt1.4-gnutls:amd64.
Preparing to unpack .../188-libsrt1.4-gnutls_1.4.4-4_amd64.deb ...
Unpacking libsrt1.4-gnutls:amd64 (1.4.4-4) ...
Selecting previously unselected package libssh-gcrypt-4:amd64.
Preparing to unpack .../189-libssh-gcrypt-4_0.9.6-2ubuntu0.22.04.4_amd64.deb ...
Unpacking libssh-gcrypt-4:amd64 (0.9.6-2ubuntu0.22.04.4) ...
Selecting previously unselected package libnorm1:amd64.
Preparing to unpack .../190-libnorm1_1.5.9+dfsg-2_amd64.deb ...
Unpacking libnorm1:amd64 (1.5.9+dfsg-2) ...
Selecting previously unselected package libpgm-5.3-0:amd64.
Preparing to unpack .../191-libpgm-5.3-0_5.3.128~dfsg-2_amd64.deb ...
Unpacking libpgm-5.3-0:amd64 (5.3.128~dfsg-2) ...
Selecting previously unselected package libsodium23:amd64.
Preparing to unpack .../192-libsodium23_1.0.18-1build2_amd64.deb ...
Unpacking libsodium23:amd64 (1.0.18-1build2) ...
Selecting previously unselected package libzmq5:amd64.
Preparing to unpack .../193-libzmq5_4.3.4-2_amd64.deb ...
Unpacking libzmq5:amd64 (4.3.4-2) ...
Selecting previously unselected package libavformat58:amd64.
Preparing to unpack .../194-libavformat58_7%3a4.4.2-0ubuntu0.22.04.1_amd64.deb ...
Unpacking libavformat58:amd64 (7:4.4.2-0ubuntu0.22.04.1) ...
Selecting previously unselected package libavformat-dev:amd64.
Preparing to unpack .../195-libavformat-dev_7%3a4.4.2-0ubuntu0.22.04.1_amd64.deb ...
Unpacking libavformat-dev:amd64 (7:4.4.2-0ubuntu0.22.04.1) ...
Selecting previously unselected package libblosc1:amd64.
Preparing to unpack .../196-libblosc1_1.21.1+ds2-2_amd64.deb ...
Unpacking libblosc1:amd64 (1.21.1+ds2-2) ...
Selecting previously unselected package libblosc-dev.
Preparing to unpack .../197-libblosc-dev_1.21.1+ds2-2_amd64.deb ...
Unpacking libblosc-dev (1.21.1+ds2-2) ...
Selecting previously unselected package libbrotli-dev:amd64.
Preparing to unpack .../198-libbrotli-dev_1.0.9-2build6_amd64.deb ...
Unpacking libbrotli-dev:amd64 (1.0.9-2build6) ...
Selecting previously unselected package libbtf1:amd64.
Preparing to unpack .../199-libbtf1_1%3a5.10.1+dfsg-4build1_amd64.deb ...
Unpacking libbtf1:amd64 (1:5.10.1+dfsg-4build1) ...
Selecting previously unselected package libcamd2:amd64.
Preparing to unpack .../200-libcamd2_1%3a5.10.1+dfsg-4build1_amd64.deb ...
Unpacking libcamd2:amd64 (1:5.10.1+dfsg-4build1) ...
Selecting previously unselected package libccolamd2:amd64.
Preparing to unpack .../201-libccolamd2_1%3a5.10.1+dfsg-4build1_amd64.deb ...
Unpacking libccolamd2:amd64 (1:5.10.1+dfsg-4build1) ...
Selecting previously unselected package libcfitsio9:amd64.
Preparing to unpack .../202-libcfitsio9_4.0.0-1_amd64.deb ...
Unpacking libcfitsio9:amd64 (4.0.0-1) ...
Selecting previously unselected package libcfitsio-dev:amd64.
Preparing to unpack .../203-libcfitsio-dev_4.0.0-1_amd64.deb ...
Unpacking libcfitsio-dev:amd64 (4.0.0-1) ...
Selecting previously unselected package libgmpxx4ldbl:amd64.
Preparing to unpack .../204-libgmpxx4ldbl_2%3a6.2.1+dfsg-3ubuntu1_amd64.deb ...
Unpacking libgmpxx4ldbl:amd64 (2:6.2.1+dfsg-3ubuntu1) ...
Selecting previously unselected package libgmp-dev:amd64.
Preparing to unpack .../205-libgmp-dev_2%3a6.2.1+dfsg-3ubuntu1_amd64.deb ...
Unpacking libgmp-dev:amd64 (2:6.2.1+dfsg-3ubuntu1) ...
Selecting previously unselected package libmpfr-dev:amd64.
Preparing to unpack .../206-libmpfr-dev_4.1.0-3build3_amd64.deb ...
Unpacking libmpfr-dev:amd64 (4.1.0-3build3) ...
Selecting previously unselected package libcgal-dev:amd64.
Preparing to unpack .../207-libcgal-dev_5.4-1_amd64.deb ...
Unpacking libcgal-dev:amd64 (5.4-1) ...
Selecting previously unselected package libcharls2:amd64.
Preparing to unpack .../208-libcharls2_2.3.4-1_amd64.deb ...
Unpacking libcharls2:amd64 (2.3.4-1) ...
Selecting previously unselected package libcharls-dev:amd64.
Preparing to unpack .../209-libcharls-dev_2.3.4-1_amd64.deb ...
Unpacking libcharls-dev:amd64 (2.3.4-1) ...
Selecting previously unselected package libcolamd2:amd64.
Preparing to unpack .../210-libcolamd2_1%3a5.10.1+dfsg-4build1_amd64.deb ...
Unpacking libcolamd2:amd64 (1:5.10.1+dfsg-4build1) ...
Selecting previously unselected package libmetis5:amd64.
Preparing to unpack .../211-libmetis5_5.1.0.dfsg-7build2_amd64.deb ...
Unpacking libmetis5:amd64 (5.1.0.dfsg-7build2) ...
Selecting previously unselected package libcholmod3:amd64.
Preparing to unpack .../212-libcholmod3_1%3a5.10.1+dfsg-4build1_amd64.deb ...
Unpacking libcholmod3:amd64 (1:5.10.1+dfsg-4build1) ...
Selecting previously unselected package libllvm14:amd64.
Preparing to unpack .../213-libllvm14_1%3a14.0.0-1ubuntu1.1_amd64.deb ...
Unpacking libllvm14:amd64 (1:14.0.0-1ubuntu1.1) ...
Selecting previously unselected package libclang1-14.
Preparing to unpack .../214-libclang1-14_1%3a14.0.0-1ubuntu1.1_amd64.deb ...
Unpacking libclang1-14 (1:14.0.0-1ubuntu1.1) ...
Selecting previously unselected package libcxsparse3:amd64.
Preparing to unpack .../215-libcxsparse3_1%3a5.10.1+dfsg-4build1_amd64.deb ...
Unpacking libcxsparse3:amd64 (1:5.10.1+dfsg-4build1) ...
Selecting previously unselected package libdav1d-dev:amd64.
Preparing to unpack .../216-libdav1d-dev_0.9.2-1_amd64.deb ...
Unpacking libdav1d-dev:amd64 (0.9.2-1) ...
Selecting previously unselected package libde265-0:amd64.
Preparing to unpack .../217-libde265-0_1.0.8-1ubuntu0.3_amd64.deb ...
Unpacking libde265-0:amd64 (1.0.8-1ubuntu0.3) ...
Selecting previously unselected package libde265-dev:amd64.
Preparing to unpack .../218-libde265-dev_1.0.8-1ubuntu0.3_amd64.deb ...
Unpacking libde265-dev:amd64 (1.0.8-1ubuntu0.3) ...
Selecting previously unselected package libdeflate-dev:amd64.
Preparing to unpack .../219-libdeflate-dev_1.10-2_amd64.deb ...
Unpacking libdeflate-dev:amd64 (1.10-2) ...
Selecting previously unselected package libflann1.9:amd64.
Preparing to unpack .../220-libflann1.9_1.9.1+dfsg-11_amd64.deb ...
Unpacking libflann1.9:amd64 (1.9.1+dfsg-11) ...
Selecting previously unselected package libhdf5-openmpi-103-1:amd64.
Preparing to unpack .../221-libhdf5-openmpi-103-1_1.10.7+repack-4ubuntu2_amd64.deb ...
Unpacking libhdf5-openmpi-103-1:amd64 (1.10.7+repack-4ubuntu2) ...
Selecting previously unselected package libhdf5-openmpi-fortran-102:amd64.
Preparing to unpack .../222-libhdf5-openmpi-fortran-102_1.10.7+repack-4ubuntu2_amd64.deb ...
Unpacking libhdf5-openmpi-fortran-102:amd64 (1.10.7+repack-4ubuntu2) ...
Selecting previously unselected package libhdf5-openmpi-hl-100:amd64.
Preparing to unpack .../223-libhdf5-openmpi-hl-100_1.10.7+repack-4ubuntu2_amd64.deb ...
Unpacking libhdf5-openmpi-hl-100:amd64 (1.10.7+repack-4ubuntu2) ...
Selecting previously unselected package libhdf5-openmpi-hl-fortran-100:amd64.
Preparing to unpack .../224-libhdf5-openmpi-hl-fortran-100_1.10.7+repack-4ubuntu2_amd64.deb ...
Unpacking libhdf5-openmpi-hl-fortran-100:amd64 (1.10.7+repack-4ubuntu2) ...
Selecting previously unselected package libhdf5-openmpi-cpp-103-1:amd64.
Preparing to unpack .../225-libhdf5-openmpi-cpp-103-1_1.10.7+repack-4ubuntu2_amd64.deb ...
Unpacking libhdf5-openmpi-cpp-103-1:amd64 (1.10.7+repack-4ubuntu2) ...
Selecting previously unselected package libhdf5-openmpi-hl-cpp-100:amd64.
Preparing to unpack .../226-libhdf5-openmpi-hl-cpp-100_1.10.7+repack-4ubuntu2_amd64.deb ...
Unpacking libhdf5-openmpi-hl-cpp-100:amd64 (1.10.7+repack-4ubuntu2) ...
Selecting previously unselected package libhdf5-openmpi-dev.
Preparing to unpack .../227-libhdf5-openmpi-dev_1.10.7+repack-4ubuntu2_amd64.deb ...
Unpacking libhdf5-openmpi-dev (1.10.7+repack-4ubuntu2) ...
Selecting previously unselected package libhdf5-mpi-dev.
Preparing to unpack .../228-libhdf5-mpi-dev_1.10.7+repack-4ubuntu2_amd64.deb ...
Unpacking libhdf5-mpi-dev (1.10.7+repack-4ubuntu2) ...
Selecting previously unselected package liblz4-dev:amd64.
Preparing to unpack .../229-liblz4-dev_1.9.3-2build2_amd64.deb ...
Unpacking liblz4-dev:amd64 (1.9.3-2build2) ...
Selecting previously unselected package libflann-dev:amd64.
Preparing to unpack .../230-libflann-dev_1.9.1+dfsg-11_amd64.deb ...
Unpacking libflann-dev:amd64 (1.9.1+dfsg-11) ...
Selecting previously unselected package libpng-dev:amd64.
Preparing to unpack .../231-libpng-dev_1.6.37-3build5_amd64.deb ...
Unpacking libpng-dev:amd64 (1.6.37-3build5) ...
Selecting previously unselected package libfreetype-dev:amd64.
Preparing to unpack .../232-libfreetype-dev_2.11.1+dfsg-1ubuntu0.3_amd64.deb ...
Unpacking libfreetype-dev:amd64 (2.11.1+dfsg-1ubuntu0.3) ...
Selecting previously unselected package libfreetype6-dev:amd64.
Preparing to unpack .../233-libfreetype6-dev_2.11.1+dfsg-1ubuntu0.3_amd64.deb ...
Unpacking libfreetype6-dev:amd64 (2.11.1+dfsg-1ubuntu0.3) ...
Selecting previously unselected package uuid-dev:amd64.
Preparing to unpack .../234-uuid-dev_2.37.2-4ubuntu3.4_amd64.deb ...
Unpacking uuid-dev:amd64 (2.37.2-4ubuntu3.4) ...
Selecting previously unselected package libfontconfig-dev:amd64.
Preparing to unpack .../235-libfontconfig-dev_2.13.1-4.2ubuntu5_amd64.deb ...
Unpacking libfontconfig-dev:amd64 (2.13.1-4.2ubuntu5) ...
Selecting previously unselected package libfontconfig1-dev:amd64.
Preparing to unpack .../236-libfontconfig1-dev_2.13.1-4.2ubuntu5_amd64.deb ...
Unpacking libfontconfig1-dev:amd64 (2.13.1-4.2ubuntu5) ...
Selecting previously unselected package libfyba0:amd64.
Preparing to unpack .../237-libfyba0_4.1.1-7_amd64.deb ...
Unpacking libfyba0:amd64 (4.1.1-7) ...
Selecting previously unselected package libfyba-dev:amd64.
Preparing to unpack .../238-libfyba-dev_4.1.1-7_amd64.deb ...
Unpacking libfyba-dev:amd64 (4.1.1-7) ...
Selecting previously unselected package libfreexl1:amd64.
Preparing to unpack .../239-libfreexl1_1.0.6-1_amd64.deb ...
Unpacking libfreexl1:amd64 (1.0.6-1) ...
Selecting previously unselected package libgeos3.10.2:amd64.
Preparing to unpack .../240-libgeos3.10.2_3.10.2-1_amd64.deb ...
Unpacking libgeos3.10.2:amd64 (3.10.2-1) ...
Selecting previously unselected package libgeos-c1v5:amd64.
Preparing to unpack .../241-libgeos-c1v5_3.10.2-1_amd64.deb ...
Unpacking libgeos-c1v5:amd64 (3.10.2-1) ...
Selecting previously unselected package proj-data.
Preparing to unpack .../242-proj-data_8.2.1-1_all.deb ...
Unpacking proj-data (8.2.1-1) ...
Selecting previously unselected package libproj22:amd64.
Preparing to unpack .../243-libproj22_8.2.1-1_amd64.deb ...
Unpacking libproj22:amd64 (8.2.1-1) ...
Selecting previously unselected package libgeotiff5:amd64.
Preparing to unpack .../244-libgeotiff5_1.7.0-2build1_amd64.deb ...
Unpacking libgeotiff5:amd64 (1.7.0-2build1) ...
Selecting previously unselected package libhdf4-0-alt.
Preparing to unpack .../245-libhdf4-0-alt_4.2.15-4_amd64.deb ...
Unpacking libhdf4-0-alt (4.2.15-4) ...
Selecting previously unselected package libheif1:amd64.
Preparing to unpack .../246-libheif1_1.12.0-2build1_amd64.deb ...
Unpacking libheif1:amd64 (1.12.0-2build1) ...
Selecting previously unselected package libminizip1:amd64.
Preparing to unpack .../247-libminizip1_1.1-8build1_amd64.deb ...
Unpacking libminizip1:amd64 (1.1-8build1) ...
Selecting previously unselected package liburiparser1:amd64.
Preparing to unpack .../248-liburiparser1_0.9.6+dfsg-1_amd64.deb ...
Unpacking liburiparser1:amd64 (0.9.6+dfsg-1) ...
Selecting previously unselected package libkmlbase1:amd64.
Preparing to unpack .../249-libkmlbase1_1.3.0-9_amd64.deb ...
Unpacking libkmlbase1:amd64 (1.3.0-9) ...
Selecting previously unselected package libkmldom1:amd64.
Preparing to unpack .../250-libkmldom1_1.3.0-9_amd64.deb ...
Unpacking libkmldom1:amd64 (1.3.0-9) ...
Selecting previously unselected package libkmlengine1:amd64.
Preparing to unpack .../251-libkmlengine1_1.3.0-9_amd64.deb ...
Unpacking libkmlengine1:amd64 (1.3.0-9) ...
Selecting previously unselected package libnetcdf19:amd64.
Preparing to unpack .../252-libnetcdf19_1%3a4.8.1-1_amd64.deb ...
Unpacking libnetcdf19:amd64 (1:4.8.1-1) ...
Selecting previously unselected package libodbc2:amd64.
Preparing to unpack .../253-libodbc2_2.3.9-5ubuntu0.1_amd64.deb ...
Unpacking libodbc2:amd64 (2.3.9-5ubuntu0.1) ...
Selecting previously unselected package unixodbc-common.
Preparing to unpack .../254-unixodbc-common_2.3.9-5ubuntu0.1_all.deb ...
Unpacking unixodbc-common (2.3.9-5ubuntu0.1) ...
Selecting previously unselected package libodbcinst2:amd64.
Preparing to unpack .../255-libodbcinst2_2.3.9-5ubuntu0.1_amd64.deb ...
Unpacking libodbcinst2:amd64 (2.3.9-5ubuntu0.1) ...
Selecting previously unselected package libogdi4.1.
Preparing to unpack .../256-libogdi4.1_4.1.0+ds-5_amd64.deb ...
Unpacking libogdi4.1 (4.1.0+ds-5) ...
Selecting previously unselected package libpoppler118:amd64.
Preparing to unpack .../257-libpoppler118_22.02.0-2ubuntu0.9_amd64.deb ...
Unpacking libpoppler118:amd64 (22.02.0-2ubuntu0.9) ...
Selecting previously unselected package libpq5:amd64.
Preparing to unpack .../258-libpq5_14.18-0ubuntu0.22.04.1_amd64.deb ...
Unpacking libpq5:amd64 (14.18-0ubuntu0.22.04.1) ...
Selecting previously unselected package libqhull-r8.0:amd64.
Preparing to unpack .../259-libqhull-r8.0_2020.2-4_amd64.deb ...
Unpacking libqhull-r8.0:amd64 (2020.2-4) ...
Selecting previously unselected package librttopo1:amd64.
Preparing to unpack .../260-librttopo1_1.1.0-2_amd64.deb ...
Unpacking librttopo1:amd64 (1.1.0-2) ...
Selecting previously unselected package libspatialite7:amd64.
Preparing to unpack .../261-libspatialite7_5.0.1-2build2_amd64.deb ...
Unpacking libspatialite7:amd64 (5.0.1-2build2) ...
Selecting previously unselected package libxerces-c3.2:amd64.
Preparing to unpack .../262-libxerces-c3.2_3.2.3+debian-3ubuntu0.1_amd64.deb ...
Unpacking libxerces-c3.2:amd64 (3.2.3+debian-3ubuntu0.1) ...
Selecting previously unselected package libgdal30.
Preparing to unpack .../263-libgdal30_3.4.1+dfsg-1build4_amd64.deb ...
Unpacking libgdal30 (3.4.1+dfsg-1build4) ...
Selecting previously unselected package libgeos-dev.
Preparing to unpack .../264-libgeos-dev_3.10.2-1_amd64.deb ...
Unpacking libgeos-dev (3.10.2-1) ...
Selecting previously unselected package libgif-dev.
Preparing to unpack .../265-libgif-dev_5.1.9-2ubuntu0.1_amd64.deb ...
Unpacking libgif-dev (5.1.9-2ubuntu0.1) ...
Selecting previously unselected package libgl2ps1.4.
Preparing to unpack .../266-libgl2ps1.4_1.4.2+dfsg1-2_amd64.deb ...
Unpacking libgl2ps1.4 (1.4.2+dfsg1-2) ...
Selecting previously unselected package libgl2ps-dev.
Preparing to unpack .../267-libgl2ps-dev_1.4.2+dfsg1-2_amd64.deb ...
Unpacking libgl2ps-dev (1.4.2+dfsg1-2) ...
Selecting previously unselected package libx265-dev:amd64.
Preparing to unpack .../268-libx265-dev_3.5-2_amd64.deb ...
Unpacking libx265-dev:amd64 (3.5-2) ...
Selecting previously unselected package libheif-dev:amd64.
Preparing to unpack .../269-libheif-dev_1.12.0-2build1_amd64.deb ...
Unpacking libheif-dev:amd64 (1.12.0-2build1) ...
Selecting previously unselected package libklu1:amd64.
Preparing to unpack .../270-libklu1_1%3a5.10.1+dfsg-4build1_amd64.deb ...
Unpacking libklu1:amd64 (1:5.10.1+dfsg-4build1) ...
Selecting previously unselected package libkmlconvenience1:amd64.
Preparing to unpack .../271-libkmlconvenience1_1.3.0-9_amd64.deb ...
Unpacking libkmlconvenience1:amd64 (1.3.0-9) ...
Selecting previously unselected package libkmlregionator1:amd64.
Preparing to unpack .../272-libkmlregionator1_1.3.0-9_amd64.deb ...
Unpacking libkmlregionator1:amd64 (1.3.0-9) ...
Selecting previously unselected package libkmlxsd1:amd64.
Preparing to unpack .../273-libkmlxsd1_1.3.0-9_amd64.deb ...
Unpacking libkmlxsd1:amd64 (1.3.0-9) ...
Selecting previously unselected package libldl2:amd64.
Preparing to unpack .../274-libldl2_1%3a5.10.1+dfsg-4build1_amd64.deb ...
Unpacking libldl2:amd64 (1:5.10.1+dfsg-4build1) ...
Selecting previously unselected package libminizip-dev:amd64.
Preparing to unpack .../275-libminizip-dev_1.1-8build1_amd64.deb ...
Unpacking libminizip-dev:amd64 (1.1-8build1) ...
Selecting previously unselected package libmongoose2:amd64.
Preparing to unpack .../276-libmongoose2_1%3a5.10.1+dfsg-4build1_amd64.deb ...
Unpacking libmongoose2:amd64 (1:5.10.1+dfsg-4build1) ...
Selecting previously unselected package libnetcdf-c++4.
Preparing to unpack .../277-libnetcdf-c++4_4.2-12build1_amd64.deb ...
Unpacking libnetcdf-c++4 (4.2-12build1) ...
Selecting previously unselected package libnetcdf-dev.
Preparing to unpack .../278-libnetcdf-dev_1%3a4.8.1-1_amd64.deb ...
Unpacking libnetcdf-dev (1:4.8.1-1) ...
Selecting previously unselected package libnetcdf-cxx-legacy-dev.
Preparing to unpack .../279-libnetcdf-cxx-legacy-dev_4.2-12build1_amd64.deb ...
Unpacking libnetcdf-cxx-legacy-dev (4.2-12build1) ...
Selecting previously unselected package libodbccr2:amd64.
Preparing to unpack .../280-libodbccr2_2.3.9-5ubuntu0.1_amd64.deb ...
Unpacking libodbccr2:amd64 (2.3.9-5ubuntu0.1) ...
Selecting previously unselected package libogdi-dev.
Preparing to unpack .../281-libogdi-dev_4.1.0+ds-5_amd64.deb ...
Unpacking libogdi-dev (4.1.0+ds-5) ...
Selecting previously unselected package libogg-dev:amd64.
Preparing to unpack .../282-libogg-dev_1.3.5-0ubuntu3_amd64.deb ...
Unpacking libogg-dev:amd64 (1.3.5-0ubuntu3) ...
Selecting previously unselected package libtinyxml2.6.2v5:amd64.
Preparing to unpack .../283-libtinyxml2.6.2v5_2.6.2-6ubuntu0.22.04.1_amd64.deb ...
Unpacking libtinyxml2.6.2v5:amd64 (2.6.2-6ubuntu0.22.04.1) ...
Selecting previously unselected package libopenni0.
Preparing to unpack .../284-libopenni0_1.5.4.0+dfsg-5_amd64.deb ...
Unpacking libopenni0 (1.5.4.0+dfsg-5) ...
Selecting previously unselected package libopenni-dev:amd64.
Preparing to unpack .../285-libopenni-dev_1.5.4.0+dfsg-5_amd64.deb ...
Unpacking libopenni-dev:amd64 (1.5.4.0+dfsg-5) ...
Selecting previously unselected package libopenni2-0:amd64.
Preparing to unpack .../286-libopenni2-0_2.2.0.33+dfsg-15_amd64.deb ...
Unpacking libopenni2-0:amd64 (2.2.0.33+dfsg-15) ...
Selecting previously unselected package libopenni2-dev:amd64.
Preparing to unpack .../287-libopenni2-dev_2.2.0.33+dfsg-15_amd64.deb ...
Unpacking libopenni2-dev:amd64 (2.2.0.33+dfsg-15) ...
Selecting previously unselected package libpcl-common1.12:amd64.
Preparing to unpack .../288-libpcl-common1.12_1.12.1+dfsg-3build1_amd64.deb ...
Unpacking libpcl-common1.12:amd64 (1.12.1+dfsg-3build1) ...
Selecting previously unselected package libpcl-kdtree1.12:amd64.
Preparing to unpack .../289-libpcl-kdtree1.12_1.12.1+dfsg-3build1_amd64.deb ...
Unpacking libpcl-kdtree1.12:amd64 (1.12.1+dfsg-3build1) ...
Selecting previously unselected package libpcl-octree1.12:amd64.
Preparing to unpack .../290-libpcl-octree1.12_1.12.1+dfsg-3build1_amd64.deb ...
Unpacking libpcl-octree1.12:amd64 (1.12.1+dfsg-3build1) ...
Selecting previously unselected package libpcl-sample-consensus1.12:amd64.
Preparing to unpack .../291-libpcl-sample-consensus1.12_1.12.1+dfsg-3build1_amd64.deb ...
Unpacking libpcl-sample-consensus1.12:amd64 (1.12.1+dfsg-3build1) ...
Selecting previously unselected package libpcl-search1.12:amd64.
Preparing to unpack .../292-libpcl-search1.12_1.12.1+dfsg-3build1_amd64.deb ...
Unpacking libpcl-search1.12:amd64 (1.12.1+dfsg-3build1) ...
Selecting previously unselected package libpcl-filters1.12:amd64.
Preparing to unpack .../293-libpcl-filters1.12_1.12.1+dfsg-3build1_amd64.deb ...
Unpacking libpcl-filters1.12:amd64 (1.12.1+dfsg-3build1) ...
Selecting previously unselected package libpcl-features1.12:amd64.
Preparing to unpack .../294-libpcl-features1.12_1.12.1+dfsg-3build1_amd64.deb ...
Unpacking libpcl-features1.12:amd64 (1.12.1+dfsg-3build1) ...
Selecting previously unselected package libpcl-ml1.12:amd64.
Preparing to unpack .../295-libpcl-ml1.12_1.12.1+dfsg-3build1_amd64.deb ...
Unpacking libpcl-ml1.12:amd64 (1.12.1+dfsg-3build1) ...
Selecting previously unselected package libpcl-segmentation1.12:amd64.
Preparing to unpack .../296-libpcl-segmentation1.12_1.12.1+dfsg-3build1_amd64.deb ...
Unpacking libpcl-segmentation1.12:amd64 (1.12.1+dfsg-3build1) ...
Selecting previously unselected package libtbbmalloc2:amd64.
Preparing to unpack .../297-libtbbmalloc2_2021.5.0-7ubuntu2_amd64.deb ...
Unpacking libtbbmalloc2:amd64 (2021.5.0-7ubuntu2) ...
Selecting previously unselected package libtbb12:amd64.
Preparing to unpack .../298-libtbb12_2021.5.0-7ubuntu2_amd64.deb ...
Unpacking libtbb12:amd64 (2021.5.0-7ubuntu2) ...
Selecting previously unselected package libtcl8.6:amd64.
Preparing to unpack .../299-libtcl8.6_8.6.12+dfsg-1build1_amd64.deb ...
Unpacking libtcl8.6:amd64 (8.6.12+dfsg-1build1) ...
Selecting previously unselected package libxft2:amd64.
Preparing to unpack .../300-libxft2_2.3.4-1_amd64.deb ...
Unpacking libxft2:amd64 (2.3.4-1) ...
Selecting previously unselected package libxss1:amd64.
Preparing to unpack .../301-libxss1_1%3a1.2.3-1build2_amd64.deb ...
Unpacking libxss1:amd64 (1:1.2.3-1build2) ...
Selecting previously unselected package libtk8.6:amd64.
Preparing to unpack .../302-libtk8.6_8.6.12-1build1_amd64.deb ...
Unpacking libtk8.6:amd64 (8.6.12-1build1) ...
Selecting previously unselected package libvtk9.1:amd64.
Preparing to unpack .../303-libvtk9.1_9.1.0+really9.1.0+dfsg2-3build1_amd64.deb ...
Unpacking libvtk9.1:amd64 (9.1.0+really9.1.0+dfsg2-3build1) ...
Selecting previously unselected package libpcl-surface1.12:amd64.
Preparing to unpack .../304-libpcl-surface1.12_1.12.1+dfsg-3build1_amd64.deb ...
Unpacking libpcl-surface1.12:amd64 (1.12.1+dfsg-3build1) ...
Selecting previously unselected package libpcl-apps1.12:amd64.
Preparing to unpack .../305-libpcl-apps1.12_1.12.1+dfsg-3build1_amd64.deb ...
Unpacking libpcl-apps1.12:amd64 (1.12.1+dfsg-3build1) ...
Selecting previously unselected package libpcl-io1.12:amd64.
Preparing to unpack .../306-libpcl-io1.12_1.12.1+dfsg-3build1_amd64.deb ...
Unpacking libpcl-io1.12:amd64 (1.12.1+dfsg-3build1) ...
Selecting previously unselected package libpcl-keypoints1.12:amd64.
Preparing to unpack .../307-libpcl-keypoints1.12_1.12.1+dfsg-3build1_amd64.deb ...
Unpacking libpcl-keypoints1.12:amd64 (1.12.1+dfsg-3build1) ...
Selecting previously unselected package libpcl-outofcore1.12:amd64.
Preparing to unpack .../308-libpcl-outofcore1.12_1.12.1+dfsg-3build1_amd64.deb ...
Unpacking libpcl-outofcore1.12:amd64 (1.12.1+dfsg-3build1) ...
Selecting previously unselected package libpcl-people1.12:amd64.
Preparing to unpack .../309-libpcl-people1.12_1.12.1+dfsg-3build1_amd64.deb ...
Unpacking libpcl-people1.12:amd64 (1.12.1+dfsg-3build1) ...
Selecting previously unselected package libpcl-recognition1.12:amd64.
Preparing to unpack .../310-libpcl-recognition1.12_1.12.1+dfsg-3build1_amd64.deb ...
Unpacking libpcl-recognition1.12:amd64 (1.12.1+dfsg-3build1) ...
Selecting previously unselected package libpcl-registration1.12:amd64.
Preparing to unpack .../311-libpcl-registration1.12_1.12.1+dfsg-3build1_amd64.deb ...
Unpacking libpcl-registration1.12:amd64 (1.12.1+dfsg-3build1) ...
Selecting previously unselected package libpcl-stereo1.12:amd64.
Preparing to unpack .../312-libpcl-stereo1.12_1.12.1+dfsg-3build1_amd64.deb ...
Unpacking libpcl-stereo1.12:amd64 (1.12.1+dfsg-3build1) ...
Selecting previously unselected package libpcl-tracking1.12:amd64.
Preparing to unpack .../313-libpcl-tracking1.12_1.12.1+dfsg-3build1_amd64.deb ...
Unpacking libpcl-tracking1.12:amd64 (1.12.1+dfsg-3build1) ...
Selecting previously unselected package libpcl-visualization1.12:amd64.
Preparing to unpack .../314-libpcl-visualization1.12_1.12.1+dfsg-3build1_amd64.deb ...
Unpacking libpcl-visualization1.12:amd64 (1.12.1+dfsg-3build1) ...
Selecting previously unselected package libpcre2-32-0:amd64.
Preparing to unpack .../315-libpcre2-32-0_10.39-3ubuntu0.1_amd64.deb ...
Unpacking libpcre2-32-0:amd64 (10.39-3ubuntu0.1) ...
Selecting previously unselected package libpcre2-posix3:amd64.
Preparing to unpack .../316-libpcre2-posix3_10.39-3ubuntu0.1_amd64.deb ...
Unpacking libpcre2-posix3:amd64 (10.39-3ubuntu0.1) ...
Selecting previously unselected package libpcre2-dev:amd64.
Preparing to unpack .../317-libpcre2-dev_10.39-3ubuntu0.1_amd64.deb ...
Unpacking libpcre2-dev:amd64 (10.39-3ubuntu0.1) ...
Selecting previously unselected package libpoppler-dev:amd64.
Preparing to unpack .../318-libpoppler-dev_22.02.0-2ubuntu0.9_amd64.deb ...
Unpacking libpoppler-dev:amd64 (22.02.0-2ubuntu0.9) ...
Selecting previously unselected package libpoppler-private-dev:amd64.
Preparing to unpack .../319-libpoppler-private-dev_22.02.0-2ubuntu0.9_amd64.deb ...
Unpacking libpoppler-private-dev:amd64 (22.02.0-2ubuntu0.9) ...
Selecting previously unselected package libpq-dev.
Preparing to unpack .../320-libpq-dev_14.18-0ubuntu0.22.04.1_amd64.deb ...
Unpacking libpq-dev (14.18-0ubuntu0.22.04.1) ...
Selecting previously unselected package libqhull8.0:amd64.
Preparing to unpack .../321-libqhull8.0_2020.2-4_amd64.deb ...
Unpacking libqhull8.0:amd64 (2020.2-4) ...
Selecting previously unselected package libqhullcpp8.0:amd64.
Preparing to unpack .../322-libqhullcpp8.0_2020.2-4_amd64.deb ...
Unpacking libqhullcpp8.0:amd64 (2020.2-4) ...
Selecting previously unselected package libqhull-dev:amd64.
Preparing to unpack .../323-libqhull-dev_2020.2-4_amd64.deb ...
Unpacking libqhull-dev:amd64 (2020.2-4) ...
Selecting previously unselected package libqt5designer5:amd64.
Preparing to unpack .../324-libqt5designer5_5.15.3-1_amd64.deb ...
Unpacking libqt5designer5:amd64 (5.15.3-1) ...
Selecting previously unselected package libqt5designercomponents5:amd64.
Preparing to unpack .../325-libqt5designercomponents5_5.15.3-1_amd64.deb ...
Unpacking libqt5designercomponents5:amd64 (5.15.3-1) ...
Selecting previously unselected package libqt5help5:amd64.
Preparing to unpack .../326-libqt5help5_5.15.3-1_amd64.deb ...
Unpacking libqt5help5:amd64 (5.15.3-1) ...
Selecting previously unselected package libqt5opengl5:amd64.
Preparing to unpack .../327-libqt5opengl5_5.15.3+dfsg-2ubuntu0.2_amd64.deb ...
Unpacking libqt5opengl5:amd64 (5.15.3+dfsg-2ubuntu0.2) ...
Selecting previously unselected package libqt5opengl5-dev:amd64.
Preparing to unpack .../328-libqt5opengl5-dev_5.15.3+dfsg-2ubuntu0.2_amd64.deb ...
Unpacking libqt5opengl5-dev:amd64 (5.15.3+dfsg-2ubuntu0.2) ...
Selecting previously unselected package libqt5sql5-sqlite:amd64.
Preparing to unpack .../329-libqt5sql5-sqlite_5.15.3+dfsg-2ubuntu0.2_amd64.deb ...
Unpacking libqt5sql5-sqlite:amd64 (5.15.3+dfsg-2ubuntu0.2) ...
Selecting previously unselected package librbio2:amd64.
Preparing to unpack .../330-librbio2_1%3a5.10.1+dfsg-4build1_amd64.deb ...
Unpacking librbio2:amd64 (1:5.10.1+dfsg-4build1) ...
Selecting previously unselected package librttopo-dev:amd64.
Preparing to unpack .../331-librttopo-dev_1.1.0-2_amd64.deb ...
Unpacking librttopo-dev:amd64 (1.1.0-2) ...
Selecting previously unselected package libsliplu1:amd64.
Preparing to unpack .../332-libsliplu1_1%3a5.10.1+dfsg-4build1_amd64.deb ...
Unpacking libsliplu1:amd64 (1:5.10.1+dfsg-4build1) ...
Selecting previously unselected package libspqr2:amd64.
Preparing to unpack .../333-libspqr2_1%3a5.10.1+dfsg-4build1_amd64.deb ...
Unpacking libspqr2:amd64 (1:5.10.1+dfsg-4build1) ...
Selecting previously unselected package libsqlite3-dev:amd64.
Preparing to unpack .../334-libsqlite3-dev_3.37.2-2ubuntu0.5_amd64.deb ...
Unpacking libsqlite3-dev:amd64 (3.37.2-2ubuntu0.5) ...
Selecting previously unselected package libumfpack5:amd64.
Preparing to unpack .../335-libumfpack5_1%3a5.10.1+dfsg-4build1_amd64.deb ...
Unpacking libumfpack5:amd64 (1:5.10.1+dfsg-4build1) ...
Selecting previously unselected package libsuitesparse-dev:amd64.
Preparing to unpack .../336-libsuitesparse-dev_1%3a5.10.1+dfsg-4build1_amd64.deb ...
Unpacking libsuitesparse-dev:amd64 (1:5.10.1+dfsg-4build1) ...
Selecting previously unselected package libswscale5:amd64.
Preparing to unpack .../337-libswscale5_7%3a4.4.2-0ubuntu0.22.04.1_amd64.deb ...
Unpacking libswscale5:amd64 (7:4.4.2-0ubuntu0.22.04.1) ...
Selecting previously unselected package libswscale-dev:amd64.
Preparing to unpack .../338-libswscale-dev_7%3a4.4.2-0ubuntu0.22.04.1_amd64.deb ...
Unpacking libswscale-dev:amd64 (7:4.4.2-0ubuntu0.22.04.1) ...
Selecting previously unselected package libtheora-dev:amd64.
Preparing to unpack .../339-libtheora-dev_1.1.1+dfsg.1-15ubuntu4_amd64.deb ...
Unpacking libtheora-dev:amd64 (1.1.1+dfsg.1-15ubuntu4) ...
Selecting previously unselected package libjbig-dev:amd64.
Preparing to unpack .../340-libjbig-dev_2.1-3.1ubuntu0.22.04.1_amd64.deb ...
Unpacking libjbig-dev:amd64 (2.1-3.1ubuntu0.22.04.1) ...
Selecting previously unselected package libtiffxx5:amd64.
Preparing to unpack .../341-libtiffxx5_4.3.0-6ubuntu0.10_amd64.deb ...
Unpacking libtiffxx5:amd64 (4.3.0-6ubuntu0.10) ...
Selecting previously unselected package libtiff-dev:amd64.
Preparing to unpack .../342-libtiff-dev_4.3.0-6ubuntu0.10_amd64.deb ...
Unpacking libtiff-dev:amd64 (4.3.0-6ubuntu0.10) ...
Selecting previously unselected package liburiparser-dev.
Preparing to unpack .../343-liburiparser-dev_0.9.6+dfsg-1_amd64.deb ...
Unpacking liburiparser-dev (0.9.6+dfsg-1) ...
Selecting previously unselected package libutfcpp-dev:amd64.
Preparing to unpack .../344-libutfcpp-dev_3.2.1-2_amd64.deb ...
Unpacking libutfcpp-dev:amd64 (3.2.1-2) ...
Selecting previously unselected package libdouble-conversion-dev:amd64.
Preparing to unpack .../345-libdouble-conversion-dev_3.1.7-4_amd64.deb ...
Unpacking libdouble-conversion-dev:amd64 (3.1.7-4) ...
Selecting previously unselected package libfreexl-dev:amd64.
Preparing to unpack .../346-libfreexl-dev_1.0.6-1_amd64.deb ...
Unpacking libfreexl-dev:amd64 (1.0.6-1) ...
Selecting previously unselected package libproj-dev:amd64.
Preparing to unpack .../347-libproj-dev_8.2.1-1_amd64.deb ...
Unpacking libproj-dev:amd64 (8.2.1-1) ...
Selecting previously unselected package libgeotiff-dev:amd64.
Preparing to unpack .../348-libgeotiff-dev_1.7.0-2build1_amd64.deb ...
Unpacking libgeotiff-dev:amd64 (1.7.0-2build1) ...
Selecting previously unselected package libhdf4-alt-dev.
Preparing to unpack .../349-libhdf4-alt-dev_4.2.15-4_amd64.deb ...
Unpacking libhdf4-alt-dev (4.2.15-4) ...
Selecting previously unselected package libjson-c-dev:amd64.
Preparing to unpack .../350-libjson-c-dev_0.15-3~ubuntu1.22.04.2_amd64.deb ...
Unpacking libjson-c-dev:amd64 (0.15-3~ubuntu1.22.04.2) ...
Selecting previously unselected package libkml-dev:amd64.
Preparing to unpack .../351-libkml-dev_1.3.0-9_amd64.deb ...
Unpacking libkml-dev:amd64 (1.3.0-9) ...
Selecting previously unselected package libopenjp2-7-dev:amd64.
Preparing to unpack .../352-libopenjp2-7-dev_2.4.0-6ubuntu0.3_amd64.deb ...
Unpacking libopenjp2-7-dev:amd64 (2.4.0-6ubuntu0.3) ...
Selecting previously unselected package libxml2-dev:amd64.
Preparing to unpack .../353-libxml2-dev_2.9.13+dfsg-1ubuntu0.7_amd64.deb ...
Unpacking libxml2-dev:amd64 (2.9.13+dfsg-1ubuntu0.7) ...
Selecting previously unselected package libspatialite-dev:amd64.
Preparing to unpack .../354-libspatialite-dev_5.0.1-2build2_amd64.deb ...
Unpacking libspatialite-dev:amd64 (5.0.1-2build2) ...
Selecting previously unselected package libwebpdemux2:amd64.
Preparing to unpack .../355-libwebpdemux2_1.2.2-2ubuntu0.22.04.2_amd64.deb ...
Unpacking libwebpdemux2:amd64 (1.2.2-2ubuntu0.22.04.2) ...
Selecting previously unselected package libwebp-dev:amd64.
Preparing to unpack .../356-libwebp-dev_1.2.2-2ubuntu0.22.04.2_amd64.deb ...
Unpacking libwebp-dev:amd64 (1.2.2-2ubuntu0.22.04.2) ...
Selecting previously unselected package libxerces-c-dev:amd64.
Preparing to unpack .../357-libxerces-c-dev_3.2.3+debian-3ubuntu0.1_amd64.deb ...
Unpacking libxerces-c-dev:amd64 (3.2.3+debian-3ubuntu0.1) ...
Selecting previously unselected package unixodbc-dev:amd64.
Preparing to unpack .../358-unixodbc-dev_2.3.9-5ubuntu0.1_amd64.deb ...
Unpacking unixodbc-dev:amd64 (2.3.9-5ubuntu0.1) ...
Selecting previously unselected package libgdal-dev.
Preparing to unpack .../359-libgdal-dev_3.4.1+dfsg-1build4_amd64.deb ...
Unpacking libgdal-dev (3.4.1+dfsg-1build4) ...
Selecting previously unselected package libjsoncpp-dev:amd64.
Preparing to unpack .../360-libjsoncpp-dev_1.9.5-3_amd64.deb ...
Unpacking libjsoncpp-dev:amd64 (1.9.5-3) ...
Selecting previously unselected package libtbb-dev:amd64.
Preparing to unpack .../361-libtbb-dev_2021.5.0-7ubuntu2_amd64.deb ...
Unpacking libtbb-dev:amd64 (2021.5.0-7ubuntu2) ...
Selecting previously unselected package libvtk9.1-qt:amd64.
Preparing to unpack .../362-libvtk9.1-qt_9.1.0+really9.1.0+dfsg2-3build1_amd64.deb ...
Unpacking libvtk9.1-qt:amd64 (9.1.0+really9.1.0+dfsg2-3build1) ...
Selecting previously unselected package libvtk9-java.
Preparing to unpack .../363-libvtk9-java_9.1.0+really9.1.0+dfsg2-3build1_amd64.deb ...
Unpacking libvtk9-java (9.1.0+really9.1.0+dfsg2-3build1) ...
Selecting previously unselected package libxrender-dev:amd64.
Preparing to unpack .../364-libxrender-dev_1%3a0.9.10-1build4_amd64.deb ...
Unpacking libxrender-dev:amd64 (1:0.9.10-1build4) ...
Selecting previously unselected package libxft-dev:amd64.
Preparing to unpack .../365-libxft-dev_2.3.4-1_amd64.deb ...
Unpacking libxft-dev:amd64 (2.3.4-1) ...
Selecting previously unselected package libxss-dev:amd64.
Preparing to unpack .../366-libxss-dev_1%3a1.2.3-1build2_amd64.deb ...
Unpacking libxss-dev:amd64 (1:1.2.3-1build2) ...
Selecting previously unselected package python3-mpi4py.
Preparing to unpack .../367-python3-mpi4py_3.1.3-1build2_amd64.deb ...
Unpacking python3-mpi4py (3.1.3-1build2) ...
Selecting previously unselected package python3-vtk9.
Preparing to unpack .../368-python3-vtk9_9.1.0+really9.1.0+dfsg2-3build1_amd64.deb ...
Unpacking python3-vtk9 (9.1.0+really9.1.0+dfsg2-3build1) ...
Selecting previously unselected package tcl8.6.
Preparing to unpack .../369-tcl8.6_8.6.12+dfsg-1build1_amd64.deb ...
Unpacking tcl8.6 (8.6.12+dfsg-1build1) ...
Selecting previously unselected package tcl8.6-dev:amd64.
Preparing to unpack .../370-tcl8.6-dev_8.6.12+dfsg-1build1_amd64.deb ...
Unpacking tcl8.6-dev:amd64 (8.6.12+dfsg-1build1) ...
Selecting previously unselected package tcl.
Preparing to unpack .../371-tcl_8.6.11+1build2_amd64.deb ...
Unpacking tcl (8.6.11+1build2) ...
Selecting previously unselected package tcl-dev:amd64.
Preparing to unpack .../372-tcl-dev_8.6.11+1build2_amd64.deb ...
Unpacking tcl-dev:amd64 (8.6.11+1build2) ...
Selecting previously unselected package tk8.6.
Preparing to unpack .../373-tk8.6_8.6.12-1build1_amd64.deb ...
Unpacking tk8.6 (8.6.12-1build1) ...
Selecting previously unselected package tk8.6-dev:amd64.
Preparing to unpack .../374-tk8.6-dev_8.6.12-1build1_amd64.deb ...
Unpacking tk8.6-dev:amd64 (8.6.12-1build1) ...
Selecting previously unselected package tk.
Preparing to unpack .../375-tk_8.6.11+1build2_amd64.deb ...
Unpacking tk (8.6.11+1build2) ...
Selecting previously unselected package tk-dev:amd64.
Preparing to unpack .../376-tk-dev_8.6.11+1build2_amd64.deb ...
Unpacking tk-dev:amd64 (8.6.11+1build2) ...
Selecting previously unselected package vtk9.
Preparing to unpack .../377-vtk9_9.1.0+really9.1.0+dfsg2-3build1_amd64.deb ...
Unpacking vtk9 (9.1.0+really9.1.0+dfsg2-3build1) ...
Selecting previously unselected package libvtk9-dev.
Preparing to unpack .../378-libvtk9-dev_9.1.0+really9.1.0+dfsg2-3build1_amd64.deb ...
Unpacking libvtk9-dev (9.1.0+really9.1.0+dfsg2-3build1) ...
Selecting previously unselected package qdoc-qt5.
Preparing to unpack .../379-qdoc-qt5_5.15.3-1_amd64.deb ...
Unpacking qdoc-qt5 (5.15.3-1) ...
Selecting previously unselected package qhelpgenerator-qt5.
Preparing to unpack .../380-qhelpgenerator-qt5_5.15.3-1_amd64.deb ...
Unpacking qhelpgenerator-qt5 (5.15.3-1) ...
Selecting previously unselected package qt5-assistant.
Preparing to unpack .../381-qt5-assistant_5.15.3-1_amd64.deb ...
Unpacking qt5-assistant (5.15.3-1) ...
Selecting previously unselected package qtattributionsscanner-qt5.
Preparing to unpack .../382-qtattributionsscanner-qt5_5.15.3-1_amd64.deb ...
Unpacking qtattributionsscanner-qt5 (5.15.3-1) ...
Selecting previously unselected package qttools5-dev-tools.
Preparing to unpack .../383-qttools5-dev-tools_5.15.3-1_amd64.deb ...
Unpacking qttools5-dev-tools (5.15.3-1) ...
Selecting previously unselected package qttools5-dev:amd64.
Preparing to unpack .../384-qttools5-dev_5.15.3-1_amd64.deb ...
Unpacking qttools5-dev:amd64 (5.15.3-1) ...
Selecting previously unselected package qttools5-private-dev:amd64.
Preparing to unpack .../385-qttools5-private-dev_5.15.3-1_amd64.deb ...
Unpacking qttools5-private-dev:amd64 (5.15.3-1) ...
Selecting previously unselected package libvtk9-qt-dev:amd64.
Preparing to unpack .../386-libvtk9-qt-dev_9.1.0+really9.1.0+dfsg2-3build1_amd64.deb ...
Unpacking libvtk9-qt-dev:amd64 (9.1.0+really9.1.0+dfsg2-3build1) ...
Selecting previously unselected package libpcl-dev.
Preparing to unpack .../387-libpcl-dev_1.12.1+dfsg-3build1_amd64.deb ...
Unpacking libpcl-dev (1.12.1+dfsg-3build1) ...
Setting up libgme0:amd64 (0.6.3-2) ...
Setting up libssh-gcrypt-4:amd64 (0.9.6-2ubuntu0.22.04.4) ...
Setting up libgraphite2-3:amd64 (1.3.14-1build2) ...
Setting up libsrt1.4-gnutls:amd64 (1.4.4-4) ...
Setting up liblcms2-2:amd64 (2.12~rc1-2build2) ...
Setting up libtbbmalloc2:amd64 (2021.5.0-7ubuntu2) ...
Setting up libpixman-1-0:amd64 (0.40.0-1ubuntu0.22.04.1) ...
Setting up libudfread0:amd64 (1.1.2-1) ...
Setting up libgeos3.10.2:amd64 (3.10.2-1) ...
Setting up libaom3:amd64 (3.3.0-1ubuntu0.1) ...
Setting up libjsoncpp-dev:amd64 (1.9.5-3) ...
Setting up mysql-common (5.8+1.0.8) ...
update-alternatives: using /etc/mysql/my.cnf.fallback to provide /etc/mysql/my.cnf (my.cnf) in auto mode
Setting up librabbitmq4:amd64 (0.10.0-1ubuntu2) ...
Setting up libmysqlclient21:amd64 (8.0.43-0ubuntu0.22.04.1) ...
Setting up libdouble-conversion3:amd64 (3.1.7-4) ...
Setting up libcodec2-1.0:amd64 (1.0.1-3) ...
Setting up libsodium23:amd64 (1.0.18-1build2) ...
Setting up libmpg123-0:amd64 (1.29.3-1ubuntu0.1) ...
Setting up libogg0:amd64 (1.3.5-0ubuntu3) ...
Setting up libzstd-dev:amd64 (1.4.8+dfsg-3build1) ...
Setting up libxerces-c3.2:amd64 (3.2.3+debian-3ubuntu0.1) ...
Setting up libspeex1:amd64 (1.2~rc1.2-1.1ubuntu3) ...
Setting up proj-data (8.2.1-1) ...
Setting up libshine3:amd64 (3.1.1-2) ...
Setting up hdf5-helpers (1.10.7+repack-4ubuntu2) ...
Setting up libtwolame0:amd64 (0.4.0-2build2) ...
Setting up java-common (0.72build2) ...
Setting up libxcb-xinput0:amd64 (1.14-3ubuntu3) ...
Setting up libwoff1:amd64 (1.0.2-1build4) ...
Setting up libxrender1:amd64 (1:0.9.10-1build4) ...
Setting up libhyphen0:amd64 (2.8.8-7build2) ...
Setting up libdatrie1:amd64 (0.2.13-2) ...
Setting up libpcl-common1.12:amd64 (1.12.1+dfsg-3build1) ...
Setting up libogdi4.1 (4.1.0+ds-5) ...
Setting up libqhull8.0:amd64 (2020.2-4) ...
Setting up libgsm1:amd64 (1.0.19-1) ...
Setting up libcharls2:amd64 (2.3.4-1) ...
Setting up libminizip1:amd64 (1.1-8build1) ...
Setting up libxcb-render0:amd64 (1.14-3ubuntu3) ...
Setting up libsoxr0:amd64 (0.1.3-4build2) ...
Setting up libpcl-outofcore1.12:amd64 (1.12.1+dfsg-3build1) ...
Setting up libjson-c-dev:amd64 (0.15-3~ubuntu1.22.04.2) ...
Setting up libpgm-5.3-0:amd64 (5.3.128~dfsg-2) ...
Setting up libxtst6:amd64 (2:1.2.3-1build4) ...
Setting up libgdk-pixbuf2.0-common (2.42.8+dfsg-1ubuntu0.4) ...
Setting up libpcl-kdtree1.12:amd64 (1.12.1+dfsg-3build1) ...
Setting up libnorm1:amd64 (1.5.9+dfsg-2) ...
Setting up libxcb-keysyms1:amd64 (0.4.0-1build3) ...
Setting up libarpack2:amd64 (3.8.0-1) ...
Setting up libxcb-shape0:amd64 (1.14-3ubuntu3) ...
Setting up libldl2:amd64 (1:5.10.1+dfsg-4build1) ...
Setting up libpq5:amd64 (14.18-0ubuntu0.22.04.1) ...
Setting up libdeflate0:amd64 (1.10-2) ...
Setting up libpcl-ml1.12:amd64 (1.12.1+dfsg-3build1) ...
Setting up libsuperlu5:amd64 (5.3.0+dfsg1-2) ...
Setting up libqhull-r8.0:amd64 (2020.2-4) ...
Setting up libxcb-render-util0:amd64 (0.3.9-1build3) ...
Setting up xkb-data (2.33-1) ...
Setting up libpcl-stereo1.12:amd64 (1.12.1+dfsg-3build1) ...
Setting up libtbb12:amd64 (2021.5.0-7ubuntu2) ...
Setting up libmetis5:amd64 (5.1.0.dfsg-7build2) ...
Setting up libxcb-icccm4:amd64 (0.4.1-1.1build2) ...
Setting up libogg-dev:amd64 (1.3.5-0ubuntu3) ...
Setting up python3-mpi4py (3.1.3-1build2) ...
Setting up libxvidcore4:amd64 (2:1.3.7-1) ...
Setting up libjbig0:amd64 (2.1-3.1ubuntu0.22.04.1) ...
Setting up libpcre2-16-0:amd64 (10.39-3ubuntu0.1) ...
Setting up libbtf1:amd64 (1:5.10.1+dfsg-4build1) ...
Setting up libaec0:amd64 (1.0.6-1) ...
Setting up gdal-data (3.4.1+dfsg-1build4) ...
Setting up libpcl-people1.12:amd64 (1.12.1+dfsg-3build1) ...
Setting up libgl2ps1.4 (1.4.2+dfsg1-2) ...
Setting up libxcb-util1:amd64 (0.4.0-1build2) ...
Setting up libsnappy1v5:amd64 (1.1.8-1build3) ...
Setting up libxcb-xkb1:amd64 (1.14-3ubuntu3) ...
Setting up libxcb-image0:amd64 (0.4.0-2) ...
Setting up libcfitsio9:amd64 (4.0.0-1) ...
Setting up libaom-dev:amd64 (3.3.0-1ubuntu0.1) ...
Setting up tzdata (2025b-0ubuntu0.22.04.1) ...

Current default time zone: 'Etc/UTC'
Local time is now:      Sun Aug 17 11:48:57 UTC 2025.
Universal Time is now:  Sun Aug 17 11:48:57 UTC 2025.
Run 'dpkg-reconfigure tzdata' if you wish to change it.

Setting up libasound2-data (1.2.6.1-1ubuntu1) ...
Setting up libminizip-dev:amd64 (1.1-8build1) ...
Setting up libxml2-dev:amd64 (2.9.13+dfsg-1ubuntu0.7) ...
Setting up libpcre2-32-0:amd64 (10.39-3ubuntu0.1) ...
Setting up libxcb-xinerama0:amd64 (1.14-3ubuntu3) ...
Setting up libutfcpp-dev:amd64 (3.2.1-2) ...
Setting up libgmpxx4ldbl:amd64 (2:6.2.1+dfsg-3ubuntu1) ...
Setting up qt5-qmake-bin (5.15.3+dfsg-2ubuntu0.2) ...
Setting up libva2:amd64 (2.14.0-1) ...
Setting up libsqlite3-dev:amd64 (3.37.2-2ubuntu0.5) ...
Setting up libpcap0.8:amd64 (1.10.1-4ubuntu1.22.04.1) ...
Setting up libnspr4:amd64 (2:4.35-0ubuntu0.22.04.1) ...
Setting up libcurl4-openssl-dev:amd64 (7.81.0-1ubuntu1.20) ...
Setting up libxerces-c-dev:amd64 (3.2.3+debian-3ubuntu0.1) ...
Setting up uuid-dev:amd64 (2.37.2-4ubuntu3.4) ...
Setting up libavahi-common-data:amd64 (0.8-5ubuntu5.2) ...
Setting up libx264-163:amd64 (2:0.163.3060+git5db6aa6-2build1) ...
Setting up libfribidi0:amd64 (1.0.8-2ubuntu3.1) ...
Setting up libopus0:amd64 (1.3.1-0.1build2) ...
Setting up shared-mime-info (2.1-2) ...
Setting up libpcl-octree1.12:amd64 (1.12.1+dfsg-3build1) ...
Setting up libssl-dev:amd64 (3.0.2-0ubuntu1.19) ...
Setting up libpng16-16:amd64 (1.6.37-3build5) ...
Setting up libvorbis0a:amd64 (1.3.7-1build2) ...
Setting up libflann1.9:amd64 (1.9.1+dfsg-11) ...
Setting up liborc-0.4-0:amd64 (1:0.4.32-2ubuntu0.1) ...
Setting up libtcl8.6:amd64 (8.6.12+dfsg-1build1) ...
Setting up liblz4-dev:amd64 (1.9.3-2build2) ...
Setting up libgeos-c1v5:amd64 (3.10.2-1) ...
Setting up fonts-dejavu-core (2.37-2build1) ...
Setting up unixodbc-common (2.3.9-5ubuntu0.1) ...
Setting up libqhullcpp8.0:amd64 (2020.2-4) ...
Setting up libpcsclite1:amd64 (1.9.5-3ubuntu1) ...
Setting up ucf (3.0043) ...
Setting up libtinyxml2.6.2v5:amd64 (2.6.2-6ubuntu0.22.04.1) ...
Setting up libjpeg-turbo8:amd64 (2.1.2-0ubuntu1) ...
Setting up libqt5core5a:amd64 (5.15.3+dfsg-2ubuntu0.2) ...
Setting up libqhull-dev:amd64 (2020.2-4) ...
Setting up libdouble-conversion-dev:amd64 (3.1.7-4) ...
Setting up libmtdev1:amd64 (1.1.6-1build4) ...
Setting up libvulkan1:amd64 (1.3.204.1-2) ...
Setting up libx265-199:amd64 (3.5-2) ...
Setting up libwebp7:amd64 (1.2.2-2ubuntu0.22.04.2) ...
Setting up libgif7:amd64 (5.1.9-2ubuntu0.1) ...
Setting up libllvm14:amd64 (1:14.0.0-1ubuntu1.1) ...
Setting up libodbc2:amd64 (2.3.9-5ubuntu0.1) ...
Setting up liburiparser1:amd64 (0.9.6+dfsg-1) ...
Setting up libpcre2-posix3:amd64 (10.39-3ubuntu0.1) ...
Setting up librttopo1:amd64 (1.1.0-2) ...
Setting up libfreexl1:amd64 (1.0.6-1) ...
Setting up libva-drm2:amd64 (2.14.0-1) ...
Setting up libgif-dev (5.1.9-2ubuntu0.1) ...
Setting up libvdpau1:amd64 (1.4-3build2) ...
Setting up libqt5dbus5:amd64 (5.15.3+dfsg-2ubuntu0.2) ...
Setting up libfyba0:amd64 (4.1.1-7) ...
Setting up libasound2:amd64 (1.2.6.1-1ubuntu1) ...
Setting up libkmlbase1:amd64 (1.3.0-9) ...
Setting up libxslt1.1:amd64 (1.1.34-4ubuntu0.22.04.4) ...
Setting up libblosc1:amd64 (1.21.1+ds2-2) ...
Setting up libmd4c0:amd64 (0.4.8-1) ...
Setting up libpcl-sample-consensus1.12:amd64 (1.12.1+dfsg-3build1) ...
Setting up libopenjp2-7:amd64 (2.4.0-6ubuntu0.3) ...
Setting up libthai-data (0.1.29-1build1) ...
Setting up libvpx7:amd64 (1.11.0-2ubuntu2.4) ...
Setting up libcxsparse3:amd64 (1:5.10.1+dfsg-4build1) ...
Setting up libxss1:amd64 (1:1.2.3-1build2) ...
Setting up libtbb-dev:amd64 (2021.5.0-7ubuntu2) ...
Setting up libqt5sensors5:amd64 (5.15.3-1) ...
Setting up libdav1d5:amd64 (0.9.2-1) ...
Setting up libmfx1:amd64 (22.3.0-1) ...
Setting up libde265-0:amd64 (1.0.8-1ubuntu0.3) ...
Setting up libsuperlu-dev:amd64 (5.3.0+dfsg1-2) ...
Setting up libqt5test5:amd64 (5.15.3+dfsg-2ubuntu0.2) ...
Setting up libva-x11-2:amd64 (2.14.0-1) ...
Setting up libwebpmux3:amd64 (1.2.2-2ubuntu0.22.04.2) ...
Setting up libdeflate-dev:amd64 (1.10-2) ...
Setting up libxrender-dev:amd64 (1:0.9.10-1build4) ...
Setting up libevdev2:amd64 (1.12.1+dfsg-1) ...
Setting up libogdi-dev (4.1.0+ds-5) ...
Setting up libqt5concurrent5:amd64 (5.15.3+dfsg-2ubuntu0.2) ...
Setting up libsuitesparseconfig5:amd64 (1:5.10.1+dfsg-4build1) ...
Setting up libbrotli-dev:amd64 (1.0.9-2build6) ...
Setting up libgudev-1.0-0:amd64 (1:237-2build1) ...
Setting up libzvbi-common (0.2.35-19) ...
Setting up qtchooser (66-2build1) ...
Setting up libmp3lame0:amd64 (3.100-3build2) ...
Setting up libsz2:amd64 (1.0.6-1) ...
Setting up libmysqlclient-dev (8.0.43-0ubuntu0.22.04.1) ...
Setting up librbio2:amd64 (1:5.10.1+dfsg-4build1) ...
Setting up libvorbisenc2:amd64 (1.3.7-1build2) ...
Setting up libkmlxsd1:amd64 (1.3.0-9) ...
Setting up libhdf5-openmpi-103-1:amd64 (1.10.7+repack-4ubuntu2) ...
Setting up libodbccr2:amd64 (2.3.9-5ubuntu0.1) ...
Setting up libwacom-common (2.2.0-1) ...
Setting up libxkbcommon0:amd64 (1.4.0-1) ...
Setting up libkmldom1:amd64 (1.3.0-9) ...
Setting up libjpeg8:amd64 (8c-2ubuntu10) ...
Setting up default-libmysqlclient-dev:amd64 (1.0.8) ...
Setting up libzvbi0:amd64 (0.2.35-19) ...
Setting up libamd2:amd64 (1:5.10.1+dfsg-4build1) ...
Setting up librttopo-dev:amd64 (1.1.0-2) ...
Setting up libcharls-dev:amd64 (2.3.4-1) ...
Setting up libodbcinst2:amd64 (2.3.9-5ubuntu0.1) ...
Setting up libjpeg-turbo8-dev:amd64 (2.1.2-0ubuntu1) ...
Setting up tcl8.6 (8.6.12+dfsg-1build1) ...
Setting up libarmadillo10 (1:10.8.2+dfsg-1) ...
Setting up libvulkan-dev:amd64 (1.3.204.1-2) ...
Setting up libarpack2-dev:amd64 (3.8.0-1) ...
Setting up libcfitsio-dev:amd64 (4.0.0-1) ...
Setting up libopenni2-0:amd64 (2.2.0.33+dfsg-15) ...
Setting up libgmp-dev:amd64 (2:6.2.1+dfsg-3ubuntu1) ...
Setting up libzmq5:amd64 (4.3.4-2) ...
Setting up libkmlengine1:amd64 (1.3.0-9) ...
Setting up libcolamd2:amd64 (1:5.10.1+dfsg-4build1) ...
Setting up qt5-qmake:amd64 (5.15.3+dfsg-2ubuntu0.2) ...
Setting up libpcre2-dev:amd64 (10.39-3ubuntu0.1) ...
Setting up libkmlconvenience1:amd64 (1.3.0-9) ...
Setting up libblosc-dev (1.21.1+ds2-2) ...
Setting up libwacom9:amd64 (2.2.0-1) ...
Setting up fontconfig-config (2.13.1-4.2ubuntu5) ...
Setting up libfreexl-dev:amd64 (1.0.6-1) ...
Setting up libfyba-dev:amd64 (4.1.1-7) ...
Setting up libwebpdemux2:amd64 (1.2.2-2ubuntu0.22.04.2) ...
Setting up tcl8.6-dev:amd64 (8.6.12+dfsg-1build1) ...
Setting up libqt5positioning5:amd64 (5.15.3+dfsg-3) ...
Setting up libheif1:amd64 (1.12.0-2build1) ...
Setting up libpng-dev:amd64 (1.6.37-3build5) ...
Setting up libaec-dev:amd64 (1.0.6-1) ...
Setting up libavahi-common3:amd64 (0.8-5ubuntu5.2) ...
Setting up libpcl-search1.12:amd64 (1.12.1+dfsg-3build1) ...
Setting up libjbig-dev:amd64 (2.1-3.1ubuntu0.22.04.1) ...
Setting up libclang1-14 (1:14.0.0-1ubuntu1.1) ...
Setting up libgstreamer-plugins-base1.0-0:amd64 (1.20.1-1ubuntu0.4) ...
Setting up libpq-dev (14.18-0ubuntu0.22.04.1) ...
Setting up libnss3:amd64 (2:3.98-0ubuntu0.22.04.2) ...
Setting up libopenni0 (1.5.4.0+dfsg-5) ...
Setting up libgl2ps-dev (1.4.2+dfsg1-2) ...
Setting up libxss-dev:amd64 (1:1.2.3-1build2) ...
Setting up libmpfr-dev:amd64 (4.1.0-3build3) ...
Setting up libqt5network5:amd64 (5.15.3+dfsg-2ubuntu0.2) ...
Setting up libavutil56:amd64 (7:4.4.2-0ubuntu0.22.04.1) ...
Setting up libinput-bin (1.20.0-1ubuntu0.3) ...
Setting up libcgal-dev:amd64 (5.4-1) ...
Setting up liburiparser-dev (0.9.6+dfsg-1) ...
Setting up libsliplu1:amd64 (1:5.10.1+dfsg-4build1) ...
Setting up libqt5sql5:amd64 (5.15.3+dfsg-2ubuntu0.2) ...
Setting up libthai0:amd64 (0.1.29-1build1) ...
Setting up qtbase5-dev-tools (5.15.3+dfsg-2ubuntu0.2) ...
Setting up libcamd2:amd64 (1:5.10.1+dfsg-4build1) ...
Setting up libvorbisfile3:amd64 (1.3.7-1build2) ...
Setting up libmongoose2:amd64 (1:5.10.1+dfsg-4build1) ...
Setting up libqt5xml5:amd64 (5.15.3+dfsg-2ubuntu0.2) ...
Setting up libwebp-dev:amd64 (1.2.2-2ubuntu0.22.04.2) ...
Setting up libfreetype6:amd64 (2.11.1+dfsg-1ubuntu0.3) ...
Setting up libhdf5-openmpi-fortran-102:amd64 (1.10.7+repack-4ubuntu2) ...
Setting up libde265-dev:amd64 (1.0.8-1ubuntu0.3) ...
Setting up libopenjp2-7-dev:amd64 (2.4.0-6ubuntu0.3) ...
Setting up libqt5qml5:amd64 (5.15.3+dfsg-1) ...
Setting up libkmlregionator1:amd64 (1.3.0-9) ...
Setting up libgeos-dev (3.10.2-1) ...
Setting up libdav1d-dev:amd64 (0.9.2-1) ...
Setting up libx265-dev:amd64 (3.5-2) ...
Setting up libxkbcommon-x11-0:amd64 (1.4.0-1) ...
Setting up qtattributionsscanner-qt5 (5.15.3-1) ...
Setting up libqt5webchannel5:amd64 (5.15.3-1) ...
Setting up libhdf4-0-alt (4.2.15-4) ...
Setting up libhdf5-103-1:amd64 (1.10.7+repack-4ubuntu2) ...
Setting up libklu1:amd64 (1:5.10.1+dfsg-4build1) ...
Setting up libccolamd2:amd64 (1:5.10.1+dfsg-4build1) ...
Setting up libhdf5-openmpi-hl-100:amd64 (1.10.7+repack-4ubuntu2) ...
Setting up tcl (8.6.11+1build2) ...
Setting up libopenni2-dev:amd64 (2.2.0.33+dfsg-15) ...
Setting up libhdf5-cpp-103-1:amd64 (1.10.7+repack-4ubuntu2) ...
Setting up libharfbuzz0b:amd64 (2.7.4-1ubuntu3.2) ...
Setting up libswscale5:amd64 (7:4.4.2-0ubuntu0.22.04.1) ...
Setting up libtiff5:amd64 (4.3.0-6ubuntu0.10) ...
Setting up libfontconfig1:amd64 (2.13.1-4.2ubuntu5) ...
Setting up libhdf5-openmpi-cpp-103-1:amd64 (1.10.7+repack-4ubuntu2) ...
Setting up libjpeg8-dev:amd64 (8c-2ubuntu10) ...
Setting up libpcl-filters1.12:amd64 (1.12.1+dfsg-3build1) ...
Setting up libbluray2:amd64 (1:1.3.1-1) ...
Setting up libopenmpt0:amd64 (0.6.1-1) ...
Setting up unixodbc-dev:amd64 (2.3.9-5ubuntu0.1) ...
Setting up libavahi-client3:amd64 (0.8-5ubuntu5.2) ...
Setting up libcholmod3:amd64 (1:5.10.1+dfsg-4build1) ...
Setting up libhdf5-openmpi-hl-cpp-100:amd64 (1.10.7+repack-4ubuntu2) ...
Setting up libtiffxx5:amd64 (4.3.0-6ubuntu0.10) ...
Setting up libhdf5-hl-100:amd64 (1.10.7+repack-4ubuntu2) ...
Setting up libavutil-dev:amd64 (7:4.4.2-0ubuntu0.22.04.1) ...
Setting up libkml-dev:amd64 (1.3.0-9) ...
Setting up libinput10:amd64 (1.20.0-1ubuntu0.3) ...
Setting up libhdf5-openmpi-hl-fortran-100:amd64 (1.10.7+repack-4ubuntu2) ...
Setting up libspqr2:amd64 (1:5.10.1+dfsg-4build1) ...
Setting up fontconfig (2.13.1-4.2ubuntu5) ...
Regenerating fonts cache... done.
Setting up libxft2:amd64 (2.3.4-1) ...
Setting up libqt5qmlmodels5:amd64 (5.15.3+dfsg-1) ...
Setting up libqt5sql5-sqlite:amd64 (5.15.3+dfsg-2ubuntu0.2) ...
Setting up libpcl-registration1.12:amd64 (1.12.1+dfsg-3build1) ...
Setting up qdoc-qt5 (5.15.3-1) ...
Setting up libtk8.6:amd64 (8.6.12-1build1) ...
Setting up libpango-1.0-0:amd64 (1.50.6+ds-2ubuntu1) ...
Setting up libopenni-dev:amd64 (1.5.4.0+dfsg-5) ...
Setting up libqt5gui5:amd64 (5.15.3+dfsg-2ubuntu0.2) ...
Setting up libjpeg-dev:amd64 (8c-2ubuntu10) ...
Setting up libpcl-tracking1.12:amd64 (1.12.1+dfsg-3build1) ...
Setting up libheif-dev:amd64 (1.12.0-2build1) ...
Setting up libqt5widgets5:amd64 (5.15.3+dfsg-2ubuntu0.2) ...
Setting up libproj22:amd64 (8.2.1-1) ...
Setting up libswresample3:amd64 (7:4.4.2-0ubuntu0.22.04.1) ...
Setting up libqt5help5:amd64 (5.15.3-1) ...
Setting up libcairo2:amd64 (1.16.0-5ubuntu2) ...
Setting up libgeotiff5:amd64 (1.7.0-2build1) ...
Setting up libfreetype-dev:amd64 (2.11.1+dfsg-1ubuntu0.3) ...
Setting up libqt5qmlworkerscript5:amd64 (5.15.3+dfsg-1) ...
Setting up libpoppler118:amd64 (22.02.0-2ubuntu0.9) ...
Setting up libhdf5-hl-cpp-100:amd64 (1.10.7+repack-4ubuntu2) ...
Setting up libumfpack5:amd64 (1:5.10.1+dfsg-4build1) ...
Setting up libtiff-dev:amd64 (4.3.0-6ubuntu0.10) ...
Setting up libswscale-dev:amd64 (7:4.4.2-0ubuntu0.22.04.1) ...
Setting up libproj-dev:amd64 (8.2.1-1) ...
Setting up libhdf5-fortran-102:amd64 (1.10.7+repack-4ubuntu2) ...
Setting up tcl-dev:amd64 (8.6.11+1build2) ...
Setting up libcups2:amd64 (2.4.1op1-1ubuntu4.11) ...
Setting up libnetcdf19:amd64 (1:4.8.1-1) ...
Setting up libpcl-features1.12:amd64 (1.12.1+dfsg-3build1) ...
Setting up libqt5opengl5:amd64 (5.15.3+dfsg-2ubuntu0.2) ...
Setting up libtheora0:amd64 (1.1.1+dfsg.1-15ubuntu4) ...
Setting up libhdf5-hl-fortran-100:amd64 (1.10.7+repack-4ubuntu2) ...
Setting up libgdk-pixbuf-2.0-0:amd64 (2.42.8+dfsg-1ubuntu0.4) ...
Setting up libcairo-gobject2:amd64 (1.16.0-5ubuntu2) ...
Setting up libpangoft2-1.0-0:amd64 (1.50.6+ds-2ubuntu1) ...
Setting up libhdf5-openmpi-dev (1.10.7+repack-4ubuntu2) ...
update-alternatives: using /usr/bin/h5pcc.openmpi to provide /usr/bin/h5pcc (h5pcc) in auto mode
update-alternatives: warning: skip creation of /usr/share/man/man1/h5pcc.1.gz because associated file /usr/share/man/man1/h5pcc.openmpi.1.gz (of link group h5pcc) doesn't exist
update-alternatives: warning: skip creation of /usr/share/man/man1/h5pfc.1.gz because associated file /usr/share/man/man1/h5pfc.openmpi.1.gz (of link group h5pcc) doesn't exist
update-alternatives: using /usr/lib/x86_64-linux-gnu/pkgconfig/hdf5-openmpi.pc to provide /usr/lib/x86_64-linux-gnu/pkgconfig/hdf5.pc (hdf5.pc) in auto mode
update-alternatives: updating alternative /usr/bin/mpicc.openmpi because link group mpi has changed slave links
update-alternatives: warning: skip creation of /usr/share/man/man1/mpiCC.1.gz because associated file /usr/share/man/man1/mpiCC.openmpi.1.gz (of link group mpi) doesn't exist
update-alternatives: warning: skip creation of /usr/share/man/man1/mpic++.1.gz because associated file /usr/share/man/man1/mpic++.openmpi.1.gz (of link group mpi) doesn't exist
update-alternatives: warning: skip creation of /usr/share/man/man1/mpicc.1.gz because associated file /usr/share/man/man1/mpicc.openmpi.1.gz (of link group mpi) doesn't exist
update-alternatives: warning: skip creation of /usr/share/man/man1/mpicxx.1.gz because associated file /usr/share/man/man1/mpicxx.openmpi.1.gz (of link group mpi) doesn't exist
update-alternatives: warning: skip creation of /usr/share/man/man1/mpif77.1.gz because associated file /usr/share/man/man1/mpif77.openmpi.1.gz (of link group mpi) doesn't exist
update-alternatives: warning: skip creation of /usr/share/man/man1/mpif90.1.gz because associated file /usr/share/man/man1/mpif90.openmpi.1.gz (of link group mpi) doesn't exist
update-alternatives: warning: skip creation of /usr/share/man/man1/mpifort.1.gz because associated file /usr/share/man/man1/mpifort.openmpi.1.gz (of link group mpi) doesn't exist
update-alternatives: using /usr/lib/x86_64-linux-gnu/pkgconfig/hdf5-mpi.pc to provide /usr/lib/x86_64-linux-gnu/pkgconfig/hdf5.pc (hdf5.pc) in auto mode
Setting up libqt5quick5:amd64 (5.15.3+dfsg-1) ...
Setting up libpangocairo-1.0-0:amd64 (1.50.6+ds-2ubuntu1) ...
Setting up libpoppler-dev:amd64 (22.02.0-2ubuntu0.9) ...
Setting up libspatialite7:amd64 (5.0.1-2build2) ...
Setting up libqt5quickshapes5:amd64 (5.15.3+dfsg-1) ...
Setting up tk8.6 (8.6.12-1build1) ...
Setting up libqt5quicktest5:amd64 (5.15.3+dfsg-1) ...
Setting up libqt5designer5:amd64 (5.15.3-1) ...
Setting up libpcl-keypoints1.12:amd64 (1.12.1+dfsg-3build1) ...
Setting up libsuitesparse-dev:amd64 (1:5.10.1+dfsg-4build1) ...
Setting up libgeotiff-dev:amd64 (1.7.0-2build1) ...
Setting up libswresample-dev:amd64 (7:4.4.2-0ubuntu0.22.04.1) ...
Setting up libfontconfig-dev:amd64 (2.13.1-4.2ubuntu5) ...
Setting up qtdeclarative5-dev-tools (5.15.3+dfsg-1) ...
Setting up libpoppler-private-dev:amd64 (22.02.0-2ubuntu0.9) ...
Setting up qhelpgenerator-qt5 (5.15.3-1) ...
Setting up libqt5designercomponents5:amd64 (5.15.3-1) ...
Setting up libnetcdf-c++4 (4.2-12build1) ...
Setting up libfreetype6-dev:amd64 (2.11.1+dfsg-1ubuntu0.3) ...
Setting up qt5-qmltooling-plugins:amd64 (5.15.3+dfsg-1) ...
Setting up libqt5quickwidgets5:amd64 (5.15.3+dfsg-1) ...
Setting up librsvg2-2:amd64 (2.52.5+dfsg-3ubuntu0.2) ...
Setting up libvtk9.1:amd64 (9.1.0+really9.1.0+dfsg2-3build1) ...
Setting up libqt5printsupport5:amd64 (5.15.3+dfsg-2ubuntu0.2) ...
Setting up libtheora-dev:amd64 (1.1.1+dfsg.1-15ubuntu4) ...
Setting up libgdal30 (3.4.1+dfsg-1build4) ...
Setting up libpcl-segmentation1.12:amd64 (1.12.1+dfsg-3build1) ...
Setting up libhdf5-mpi-dev (1.10.7+repack-4ubuntu2) ...
Setting up libhdf5-dev (1.10.7+repack-4ubuntu2) ...
Setting up libnetcdf-dev (1:4.8.1-1) ...
Setting up libspatialite-dev:amd64 (5.0.1-2build2) ...
Setting up vtk9 (9.1.0+really9.1.0+dfsg2-3build1) ...
Setting up libvtk9.1-qt:amd64 (9.1.0+really9.1.0+dfsg2-3build1) ...
Setting up qtbase5-dev:amd64 (5.15.3+dfsg-2ubuntu0.2) ...
Setting up libavcodec58:amd64 (7:4.4.2-0ubuntu0.22.04.1) ...
Setting up libqt5quickparticles5:amd64 (5.15.3+dfsg-1) ...
Setting up libpcl-io1.12:amd64 (1.12.1+dfsg-3build1) ...
Setting up tk (8.6.11+1build2) ...
Setting up libpcl-recognition1.12:amd64 (1.12.1+dfsg-3build1) ...
Setting up libxft-dev:amd64 (2.3.4-1) ...
Setting up libpcl-visualization1.12:amd64 (1.12.1+dfsg-3build1) ...
Setting up libchromaprint1:amd64 (1.5.1-2) ...
Setting up libfontconfig1-dev:amd64 (2.13.1-4.2ubuntu5) ...
Setting up python3-vtk9 (9.1.0+really9.1.0+dfsg2-3build1) ...
Setting up libqt5opengl5-dev:amd64 (5.15.3+dfsg-2ubuntu0.2) ...
Setting up libavformat58:amd64 (7:4.4.2-0ubuntu0.22.04.1) ...
Setting up libavcodec-dev:amd64 (7:4.4.2-0ubuntu0.22.04.1) ...
Setting up libflann-dev:amd64 (1.9.1+dfsg-11) ...
Setting up libpcl-surface1.12:amd64 (1.12.1+dfsg-3build1) ...
Setting up libavformat-dev:amd64 (7:4.4.2-0ubuntu0.22.04.1) ...
Setting up libqt5webkit5:amd64 (5.212.0~alpha4-15ubuntu1) ...
Setting up libnetcdf-cxx-legacy-dev (4.2-12build1) ...
Setting up libarmadillo-dev (1:10.8.2+dfsg-1) ...
Setting up libpcl-apps1.12:amd64 (1.12.1+dfsg-3build1) ...
Setting up libhdf4-alt-dev (4.2.15-4) ...
Setting up libgdal-dev (3.4.1+dfsg-1build4) ...
Setting up libvtk9-java (9.1.0+really9.1.0+dfsg2-3build1) ...
Setting up tk8.6-dev:amd64 (8.6.12-1build1) ...
Setting up qt5-assistant (5.15.3-1) ...
Setting up qttools5-dev-tools (5.15.3-1) ...
Setting up qtdeclarative5-dev:amd64 (5.15.3+dfsg-1) ...
Setting up libqt5webkit5-dev:amd64 (5.212.0~alpha4-15ubuntu1) ...
Setting up tk-dev:amd64 (8.6.11+1build2) ...
Setting up qttools5-dev:amd64 (5.15.3-1) ...
Setting up qttools5-private-dev:amd64 (5.15.3-1) ...
Setting up default-jre-headless (2:1.11-72build2) ...
Setting up openjdk-11-jre-headless:amd64 (11.0.28+6-1ubuntu1~22.04.1) ...
update-alternatives: using /usr/lib/jvm/java-11-openjdk-amd64/bin/java to provide /usr/bin/java (java) in auto mode
update-alternatives: using /usr/lib/jvm/java-11-openjdk-amd64/bin/jjs to provide /usr/bin/jjs (jjs) in auto mode
update-alternatives: using /usr/lib/jvm/java-11-openjdk-amd64/bin/keytool to provide /usr/bin/keytool (keytool) in auto mode
update-alternatives: using /usr/lib/jvm/java-11-openjdk-amd64/bin/rmid to provide /usr/bin/rmid (rmid) in auto mode
update-alternatives: using /usr/lib/jvm/java-11-openjdk-amd64/bin/rmiregistry to provide /usr/bin/rmiregistry (rmiregistry) in auto mode
update-alternatives: using /usr/lib/jvm/java-11-openjdk-amd64/bin/pack200 to provide /usr/bin/pack200 (pack200) in auto mode
update-alternatives: using /usr/lib/jvm/java-11-openjdk-amd64/bin/unpack200 to provide /usr/bin/unpack200 (unpack200) in auto mode
update-alternatives: using /usr/lib/jvm/java-11-openjdk-amd64/lib/jexec to provide /usr/bin/jexec (jexec) in auto mode
Setting up openjdk-11-jre:amd64 (11.0.28+6-1ubuntu1~22.04.1) ...
Setting up openjdk-11-jdk-headless:amd64 (11.0.28+6-1ubuntu1~22.04.1) ...
update-alternatives: using /usr/lib/jvm/java-11-openjdk-amd64/bin/jar to provide /usr/bin/jar (jar) in auto mode
update-alternatives: using /usr/lib/jvm/java-11-openjdk-amd64/bin/jarsigner to provide /usr/bin/jarsigner (jarsigner) in auto mode
update-alternatives: using /usr/lib/jvm/java-11-openjdk-amd64/bin/javac to provide /usr/bin/javac (javac) in auto mode
update-alternatives: using /usr/lib/jvm/java-11-openjdk-amd64/bin/javadoc to provide /usr/bin/javadoc (javadoc) in auto mode
update-alternatives: using /usr/lib/jvm/java-11-openjdk-amd64/bin/javap to provide /usr/bin/javap (javap) in auto mode
update-alternatives: using /usr/lib/jvm/java-11-openjdk-amd64/bin/jcmd to provide /usr/bin/jcmd (jcmd) in auto mode
update-alternatives: using /usr/lib/jvm/java-11-openjdk-amd64/bin/jdb to provide /usr/bin/jdb (jdb) in auto mode
update-alternatives: using /usr/lib/jvm/java-11-openjdk-amd64/bin/jdeprscan to provide /usr/bin/jdeprscan (jdeprscan) in auto mode
update-alternatives: using /usr/lib/jvm/java-11-openjdk-amd64/bin/jdeps to provide /usr/bin/jdeps (jdeps) in auto mode
update-alternatives: using /usr/lib/jvm/java-11-openjdk-amd64/bin/jfr to provide /usr/bin/jfr (jfr) in auto mode
update-alternatives: using /usr/lib/jvm/java-11-openjdk-amd64/bin/jimage to provide /usr/bin/jimage (jimage) in auto mode
update-alternatives: using /usr/lib/jvm/java-11-openjdk-amd64/bin/jinfo to provide /usr/bin/jinfo (jinfo) in auto mode
update-alternatives: using /usr/lib/jvm/java-11-openjdk-amd64/bin/jlink to provide /usr/bin/jlink (jlink) in auto mode
update-alternatives: using /usr/lib/jvm/java-11-openjdk-amd64/bin/jmap to provide /usr/bin/jmap (jmap) in auto mode
update-alternatives: using /usr/lib/jvm/java-11-openjdk-amd64/bin/jmod to provide /usr/bin/jmod (jmod) in auto mode
update-alternatives: using /usr/lib/jvm/java-11-openjdk-amd64/bin/jps to provide /usr/bin/jps (jps) in auto mode
update-alternatives: using /usr/lib/jvm/java-11-openjdk-amd64/bin/jrunscript to provide /usr/bin/jrunscript (jrunscript) in auto mode
update-alternatives: using /usr/lib/jvm/java-11-openjdk-amd64/bin/jshell to provide /usr/bin/jshell (jshell) in auto mode
update-alternatives: using /usr/lib/jvm/java-11-openjdk-amd64/bin/jstack to provide /usr/bin/jstack (jstack) in auto mode
update-alternatives: using /usr/lib/jvm/java-11-openjdk-amd64/bin/jstat to provide /usr/bin/jstat (jstat) in auto mode
update-alternatives: using /usr/lib/jvm/java-11-openjdk-amd64/bin/jstatd to provide /usr/bin/jstatd (jstatd) in auto mode
update-alternatives: using /usr/lib/jvm/java-11-openjdk-amd64/bin/rmic to provide /usr/bin/rmic (rmic) in auto mode
update-alternatives: using /usr/lib/jvm/java-11-openjdk-amd64/bin/serialver to provide /usr/bin/serialver (serialver) in auto mode
update-alternatives: using /usr/lib/jvm/java-11-openjdk-amd64/bin/jaotc to provide /usr/bin/jaotc (jaotc) in auto mode
update-alternatives: using /usr/lib/jvm/java-11-openjdk-amd64/bin/jhsdb to provide /usr/bin/jhsdb (jhsdb) in auto mode
Setting up default-jre (2:1.11-72build2) ...
Setting up default-jdk-headless (2:1.11-72build2) ...
Setting up openjdk-11-jdk:amd64 (11.0.28+6-1ubuntu1~22.04.1) ...
update-alternatives: using /usr/lib/jvm/java-11-openjdk-amd64/bin/jconsole to provide /usr/bin/jconsole (jconsole) in auto mode
Setting up ca-certificates-java (20190909ubuntu1.2) ...
head: cannot open '/etc/ssl/certs/java/cacerts' for reading: No such file or directory
Adding debian:ACCVRAIZ1.pem
Adding debian:AC_RAIZ_FNMT-RCM.pem
Adding debian:AC_RAIZ_FNMT-RCM_SERVIDORES_SEGUROS.pem
Adding debian:ANF_Secure_Server_Root_CA.pem
Adding debian:Actalis_Authentication_Root_CA.pem
Adding debian:AffirmTrust_Commercial.pem
Adding debian:AffirmTrust_Networking.pem
Adding debian:AffirmTrust_Premium.pem
Adding debian:AffirmTrust_Premium_ECC.pem
Adding debian:Amazon_Root_CA_1.pem
Adding debian:Amazon_Root_CA_2.pem
Adding debian:Amazon_Root_CA_3.pem
Adding debian:Amazon_Root_CA_4.pem
Adding debian:Atos_TrustedRoot_2011.pem
Adding debian:Atos_TrustedRoot_Root_CA_ECC_TLS_2021.pem
Adding debian:Atos_TrustedRoot_Root_CA_RSA_TLS_2021.pem
Adding debian:Autoridad_de_Certificacion_Firmaprofesional_CIF_A62634068.pem
Adding debian:BJCA_Global_Root_CA1.pem
Adding debian:BJCA_Global_Root_CA2.pem
Adding debian:Baltimore_CyberTrust_Root.pem
Adding debian:Buypass_Class_2_Root_CA.pem
Adding debian:Buypass_Class_3_Root_CA.pem
Adding debian:CA_Disig_Root_R2.pem
Adding debian:CFCA_EV_ROOT.pem
Adding debian:COMODO_Certification_Authority.pem
Adding debian:COMODO_ECC_Certification_Authority.pem
Adding debian:COMODO_RSA_Certification_Authority.pem
Adding debian:Certainly_Root_E1.pem
Adding debian:Certainly_Root_R1.pem
Adding debian:Certigna.pem
Adding debian:Certigna_Root_CA.pem
Adding debian:Certum_EC-384_CA.pem
Adding debian:Certum_Trusted_Network_CA.pem
Adding debian:Certum_Trusted_Network_CA_2.pem
Adding debian:Certum_Trusted_Root_CA.pem
Adding debian:CommScope_Public_Trust_ECC_Root-01.pem
Adding debian:CommScope_Public_Trust_ECC_Root-02.pem
Adding debian:CommScope_Public_Trust_RSA_Root-01.pem
Adding debian:CommScope_Public_Trust_RSA_Root-02.pem
Adding debian:Comodo_AAA_Services_root.pem
Adding debian:D-TRUST_BR_Root_CA_1_2020.pem
Adding debian:D-TRUST_EV_Root_CA_1_2020.pem
Adding debian:D-TRUST_Root_Class_3_CA_2_2009.pem
Adding debian:D-TRUST_Root_Class_3_CA_2_EV_2009.pem
Adding debian:DigiCert_Assured_ID_Root_CA.pem
Adding debian:DigiCert_Assured_ID_Root_G2.pem
Adding debian:DigiCert_Assured_ID_Root_G3.pem
Adding debian:DigiCert_Global_Root_CA.pem
Adding debian:DigiCert_Global_Root_G2.pem
Adding debian:DigiCert_Global_Root_G3.pem
Adding debian:DigiCert_High_Assurance_EV_Root_CA.pem
Adding debian:DigiCert_TLS_ECC_P384_Root_G5.pem
Adding debian:DigiCert_TLS_RSA4096_Root_G5.pem
Adding debian:DigiCert_Trusted_Root_G4.pem
Adding debian:Entrust.net_Premium_2048_Secure_Server_CA.pem
Adding debian:Entrust_Root_Certification_Authority.pem
Adding debian:Entrust_Root_Certification_Authority_-_EC1.pem
Adding debian:Entrust_Root_Certification_Authority_-_G2.pem
Adding debian:Entrust_Root_Certification_Authority_-_G4.pem
Adding debian:GDCA_TrustAUTH_R5_ROOT.pem
Adding debian:GLOBALTRUST_2020.pem
Adding debian:GTS_Root_R1.pem
Adding debian:GTS_Root_R2.pem
Adding debian:GTS_Root_R3.pem
Adding debian:GTS_Root_R4.pem
Adding debian:GlobalSign_ECC_Root_CA_-_R4.pem
Adding debian:GlobalSign_ECC_Root_CA_-_R5.pem
Adding debian:GlobalSign_Root_CA.pem
Adding debian:GlobalSign_Root_CA_-_R3.pem
Adding debian:GlobalSign_Root_CA_-_R6.pem
Adding debian:GlobalSign_Root_E46.pem
Adding debian:GlobalSign_Root_R46.pem
Adding debian:Go_Daddy_Class_2_CA.pem
Adding debian:Go_Daddy_Root_Certificate_Authority_-_G2.pem
Adding debian:HARICA_TLS_ECC_Root_CA_2021.pem
Adding debian:HARICA_TLS_RSA_Root_CA_2021.pem
Adding debian:Hellenic_Academic_and_Research_Institutions_ECC_RootCA_2015.pem
Adding debian:Hellenic_Academic_and_Research_Institutions_RootCA_2015.pem
Adding debian:HiPKI_Root_CA_-_G1.pem
Adding debian:Hongkong_Post_Root_CA_3.pem
Adding debian:ISRG_Root_X1.pem
Adding debian:ISRG_Root_X2.pem
Adding debian:IdenTrust_Commercial_Root_CA_1.pem
Adding debian:IdenTrust_Public_Sector_Root_CA_1.pem
Adding debian:Izenpe.com.pem
Adding debian:Microsec_e-Szigno_Root_CA_2009.pem
Adding debian:Microsoft_ECC_Root_Certificate_Authority_2017.pem
Adding debian:Microsoft_RSA_Root_Certificate_Authority_2017.pem
Adding debian:NAVER_Global_Root_Certification_Authority.pem
Adding debian:NetLock_Arany_=Class_Gold=_Főtanúsítvány.pem
Adding debian:OISTE_WISeKey_Global_Root_GB_CA.pem
Adding debian:OISTE_WISeKey_Global_Root_GC_CA.pem
Adding debian:QuoVadis_Root_CA_1_G3.pem
Adding debian:QuoVadis_Root_CA_2.pem
Adding debian:QuoVadis_Root_CA_2_G3.pem
Adding debian:QuoVadis_Root_CA_3.pem
Adding debian:QuoVadis_Root_CA_3_G3.pem
Adding debian:SSL.com_EV_Root_Certification_Authority_ECC.pem
Adding debian:SSL.com_EV_Root_Certification_Authority_RSA_R2.pem
Adding debian:SSL.com_Root_Certification_Authority_ECC.pem
Adding debian:SSL.com_Root_Certification_Authority_RSA.pem
Adding debian:SSL.com_TLS_ECC_Root_CA_2022.pem
Adding debian:SSL.com_TLS_RSA_Root_CA_2022.pem
Adding debian:SZAFIR_ROOT_CA2.pem
Adding debian:Sectigo_Public_Server_Authentication_Root_E46.pem
Adding debian:Sectigo_Public_Server_Authentication_Root_R46.pem
Adding debian:SecureSign_RootCA11.pem
Adding debian:SecureTrust_CA.pem
Adding debian:Secure_Global_CA.pem
Adding debian:Security_Communication_ECC_RootCA1.pem
Adding debian:Security_Communication_RootCA2.pem
Adding debian:Security_Communication_RootCA3.pem
Adding debian:Security_Communication_Root_CA.pem
Adding debian:Starfield_Class_2_CA.pem
Adding debian:Starfield_Root_Certificate_Authority_-_G2.pem
Adding debian:Starfield_Services_Root_Certificate_Authority_-_G2.pem
Adding debian:SwissSign_Gold_CA_-_G2.pem
Adding debian:SwissSign_Silver_CA_-_G2.pem
Adding debian:T-TeleSec_GlobalRoot_Class_2.pem
Adding debian:T-TeleSec_GlobalRoot_Class_3.pem
Adding debian:TUBITAK_Kamu_SM_SSL_Kok_Sertifikasi_-_Surum_1.pem
Adding debian:TWCA_Global_Root_CA.pem
Adding debian:TWCA_Root_Certification_Authority.pem
Adding debian:TeliaSonera_Root_CA_v1.pem
Adding debian:Telia_Root_CA_v2.pem
Adding debian:TrustAsia_Global_Root_CA_G3.pem
Adding debian:TrustAsia_Global_Root_CA_G4.pem
Adding debian:Trustwave_Global_Certification_Authority.pem
Adding debian:Trustwave_Global_ECC_P256_Certification_Authority.pem
Adding debian:Trustwave_Global_ECC_P384_Certification_Authority.pem
Adding debian:TunTrust_Root_CA.pem
Adding debian:UCA_Extended_Validation_Root.pem
Adding debian:UCA_Global_G2_Root.pem
Adding debian:USERTrust_ECC_Certification_Authority.pem
Adding debian:USERTrust_RSA_Certification_Authority.pem
Adding debian:XRamp_Global_CA_Root.pem
Adding debian:certSIGN_ROOT_CA.pem
Adding debian:certSIGN_Root_CA_G2.pem
Adding debian:e-Szigno_Root_CA_2017.pem
Adding debian:ePKI_Root_Certification_Authority.pem
Adding debian:emSign_ECC_Root_CA_-_C3.pem
Adding debian:emSign_ECC_Root_CA_-_G3.pem
Adding debian:emSign_Root_CA_-_C1.pem
Adding debian:emSign_Root_CA_-_G1.pem
Adding debian:vTrus_ECC_Root_CA.pem
Adding debian:vTrus_Root_CA.pem
done.
Setting up default-jdk (2:1.11-72build2) ...
Setting up libvtk9-dev (9.1.0+really9.1.0+dfsg2-3build1) ...
Setting up libvtk9-qt-dev:amd64 (9.1.0+really9.1.0+dfsg2-3build1) ...
Setting up libpcl-dev (1.12.1+dfsg-3build1) ...
Processing triggers for libc-bin (2.35-0ubuntu3.10) ...
Processing triggers for ca-certificates (20240203~22.04.1) ...
Updating certificates in /etc/ssl/certs...
0 added, 0 removed; done.
Running hooks in /etc/ca-certificates/update.d...

done.
done.
+ rm -rf /var/lib/apt/lists/archive.ubuntu.com_ubuntu_dists_jammy-backports_InRelease /var/lib/apt/lists/archive.ubuntu.com_ubuntu_dists_jammy-backports_main_binary-amd64_Packages.lz4 /var/lib/apt/lists/archive.ubuntu.com_ubuntu_dists_jammy-backports_universe_binary-amd64_Packages.lz4 /var/lib/apt/lists/archive.ubuntu.com_ubuntu_dists_jammy-updates_InRelease /var/lib/apt/lists/archive.ubuntu.com_ubuntu_dists_jammy-updates_main_binary-amd64_Packages.lz4 /var/lib/apt/lists/archive.ubuntu.com_ubuntu_dists_jammy-updates_multiverse_binary-amd64_Packages.lz4 /var/lib/apt/lists/archive.ubuntu.com_ubuntu_dists_jammy-updates_restricted_binary-amd64_Packages.lz4 /var/lib/apt/lists/archive.ubuntu.com_ubuntu_dists_jammy-updates_universe_binary-amd64_Packages.lz4 /var/lib/apt/lists/archive.ubuntu.com_ubuntu_dists_jammy_InRelease /var/lib/apt/lists/archive.ubuntu.com_ubuntu_dists_jammy_main_binary-amd64_Packages.lz4 /var/lib/apt/lists/archive.ubuntu.com_ubuntu_dists_jammy_multiverse_binary-amd64_Packages.lz4 /var/lib/apt/lists/archive.ubuntu.com_ubuntu_dists_jammy_restricted_binary-amd64_Packages.lz4 /var/lib/apt/lists/archive.ubuntu.com_ubuntu_dists_jammy_universe_binary-amd64_Packages.lz4 /var/lib/apt/lists/auxfiles /var/lib/apt/lists/lock /var/lib/apt/lists/partial /var/lib/apt/lists/security.ubuntu.com_ubuntu_dists_jammy-security_InRelease /var/lib/apt/lists/security.ubuntu.com_ubuntu_dists_jammy-security_main_binary-amd64_Packages.lz4 /var/lib/apt/lists/security.ubuntu.com_ubuntu_dists_jammy-security_multiverse_binary-amd64_Packages.lz4 /var/lib/apt/lists/security.ubuntu.com_ubuntu_dists_jammy-security_restricted_binary-amd64_Packages.lz4 /var/lib/apt/lists/security.ubuntu.com_ubuntu_dists_jammy-security_universe_binary-amd64_Packages.lz4
+ echo [STAGE 3] Setting up build environment...
[STAGE 3] Setting up build environment...
+ mkdir -p /opt/sfs_prep/bin /opt/sfs_prep/lib /opt/sfs_prep/include /opt/sfs_prep/share
+ cat
INFO:    Adding help info
INFO:    Adding labels
INFO:    Adding environment to container
INFO:    Adding testscript
INFO:    Running testscript
Testing dependency availability...
✓ Eigen3 found
✓ PCL libraries found
✓ VTK libraries found
Base dependency container ready ✓
INFO:    Creating SIF file...
INFO:    Build complete: /data/gpfs/projects/punim2657/sfs_preprocessing/cache/sfs_prep_base.sif
