INFO:    User not listed in /etc/subuid, trying root-mapped namespace
INFO:    The %post section will be run under fakeroot
INFO:    Starting build...
Copying blob sha256:a3be5d4ce40198dc77f17780f02720f55b1898a2368f701dd1619fc9f84aac86
Copying config sha256:8a4eacce82dfd41dd9dfb4473188b4a728a35a75c121e4c5387dda2930ea0063
Writing manifest to image destination
2025/08/18 21:37:50  info unpack layer: sha256:a3be5d4ce40198dc77f17780f02720f55b1898a2368f701dd1619fc9f84aac86
INFO:    Copying mesh_processing.cpp to /opt/sfs_prep/src/
INFO:    Copying edgeline_extraction.cpp to /opt/sfs_prep/src/
INFO:    Copying CMakeLists.txt to /opt/sfs_prep/src/
INFO:    Copying alglib/ to /opt/sfs_prep/src/alglib/
INFO:    Copying data_path.h to /opt/sfs_prep/src/
INFO:    Running post scriptlet
+ echo [STAGE 1] Installing system packages...
[STAGE 1] Installing system packages...
+ export DEBIAN_FRONTEND=noninteractive
+ export TZ=UTC
+ apt-get update -qq
+ apt-get install -y --no-install-recommends build-essential cmake git wget unzip curl pkg-config software-properties-common libeigen3-dev libboost-all-dev libopenblas-dev liblapack-dev gfortran libgoogle-glog-dev libgflags-dev libglew-dev freeglut3-dev libusb-1.0-0-dev python3-dev python3-pip
Reading package lists...
Building dependency tree...
Reading state information...
The following additional packages will be installed:
  autoconf automake autotools-dev binutils binutils-common
  binutils-x86-64-linux-gnu bzip2 ca-certificates cmake-data cpp cpp-11 dbus
  dh-elpa-helper distro-info-data dpkg-dev emacsen-common freeglut3 g++ g++-11
  gcc gcc-11 gcc-11-base gfortran-11 gir1.2-glib-2.0 gir1.2-packagekitglib-1.0
  git-man gpg gpgconf ibverbs-providers icu-devtools iso-codes libapparmor1
  libappstream4 libarchive13 libargon2-1 libasan6 libassuan0 libatomic1
  libbinutils libblas-dev libblas3 libboost-atomic-dev libboost-atomic1.74-dev
  libboost-atomic1.74.0 libboost-chrono-dev libboost-chrono1.74-dev
  libboost-chrono1.74.0 libboost-container-dev libboost-container1.74-dev
  libboost-container1.74.0 libboost-context-dev libboost-context1.74-dev
  libboost-context1.74.0 libboost-coroutine-dev libboost-coroutine1.74-dev
  libboost-coroutine1.74.0 libboost-date-time-dev libboost-date-time1.74-dev
  libboost-date-time1.74.0 libboost-dev libboost-exception-dev
  libboost-exception1.74-dev libboost-fiber-dev libboost-fiber1.74-dev
  libboost-fiber1.74.0 libboost-filesystem-dev libboost-filesystem1.74-dev
  libboost-filesystem1.74.0 libboost-graph-dev libboost-graph-parallel-dev
  libboost-graph-parallel1.74-dev libboost-graph-parallel1.74.0
  libboost-graph1.74-dev libboost-graph1.74.0 libboost-iostreams-dev
  libboost-iostreams1.74-dev libboost-iostreams1.74.0 libboost-locale-dev
  libboost-locale1.74-dev libboost-locale1.74.0 libboost-log-dev
  libboost-log1.74-dev libboost-log1.74.0 libboost-math-dev
  libboost-math1.74-dev libboost-math1.74.0 libboost-mpi-dev
  libboost-mpi-python-dev libboost-mpi-python1.74-dev
  libboost-mpi-python1.74.0 libboost-mpi1.74-dev libboost-mpi1.74.0
  libboost-nowide-dev libboost-nowide1.74-dev libboost-nowide1.74.0
  libboost-numpy-dev libboost-numpy1.74-dev libboost-numpy1.74.0
  libboost-program-options-dev libboost-program-options1.74-dev
  libboost-program-options1.74.0 libboost-python-dev libboost-python1.74-dev
  libboost-python1.74.0 libboost-random-dev libboost-random1.74-dev
  libboost-random1.74.0 libboost-regex-dev libboost-regex1.74-dev
  libboost-regex1.74.0 libboost-serialization-dev
  libboost-serialization1.74-dev libboost-serialization1.74.0
  libboost-stacktrace-dev libboost-stacktrace1.74-dev
  libboost-stacktrace1.74.0 libboost-system-dev libboost-system1.74-dev
  libboost-system1.74.0 libboost-test-dev libboost-test1.74-dev
  libboost-test1.74.0 libboost-thread-dev libboost-thread1.74-dev
  libboost-thread1.74.0 libboost-timer-dev libboost-timer1.74-dev
  libboost-timer1.74.0 libboost-tools-dev libboost-type-erasure-dev
  libboost-type-erasure1.74-dev libboost-type-erasure1.74.0 libboost-wave-dev
  libboost-wave1.74-dev libboost-wave1.74.0 libboost1.74-dev
  libboost1.74-tools-dev libbrotli1 libbsd0 libc-dev-bin libc6-dev libcap2-bin
  libcbor0.8 libcc1-0 libcrypt-dev libcryptsetup12 libctf-nobfd0 libctf0
  libcurl3-gnutls libcurl4 libdbus-1-3 libdevmapper1.02.1 libdpkg-perl
  libdrm-amdgpu1 libdrm-common libdrm-intel1 libdrm-nouveau2 libdrm-radeon1
  libdrm2 libdw1 libedit2 libegl-dev libegl-mesa0 libegl1 libelf1
  liberror-perl libevent-2.1-7 libevent-core-2.1-7 libevent-dev
  libevent-extra-2.1-7 libevent-openssl-2.1-7 libevent-pthreads-2.1-7
  libexpat1 libexpat1-dev libfabric1 libfido2-1 libgbm1 libgcc-11-dev
  libgdbm-compat4 libgdbm6 libgflags2.2 libgfortran-11-dev libgfortran5
  libgirepository-1.0-1 libgl-dev libgl1 libgl1-mesa-dev libgl1-mesa-dri
  libglapi-mesa libgles-dev libgles1 libgles2 libglew2.2 libglib2.0-0
  libglib2.0-bin libglib2.0-data libglu1-mesa libglu1-mesa-dev
  libglvnd-core-dev libglvnd-dev libglvnd0 libglx-dev libglx-mesa0 libglx0
  libgomp1 libgoogle-glog0v5 libgstreamer1.0-0 libhwloc-dev libhwloc-plugins
  libhwloc15 libibverbs-dev libibverbs1 libice-dev libice6 libicu-dev libicu70
  libip4tc2 libisl23 libitm1 libjs-jquery libjs-jquery-ui libjs-sphinxdoc
  libjs-underscore libjson-c5 libjsoncpp25 libkmod2 liblapack3 libldap-2.5-0
  libllvm15 liblsan0 libltdl-dev libltdl7 liblzma-dev libmd0 libmpc3 libmpdec3
  libmpfr6 libnghttp2-14 libnl-3-200 libnl-3-dev libnl-route-3-200
  libnl-route-3-dev libnsl-dev libnuma-dev libnuma1 libopenblas-pthread-dev
  libopenblas0 libopenblas0-pthread libopengl-dev libopengl0 libopenmpi-dev
  libopenmpi3 libpackagekit-glib2-18 libpam-systemd libpciaccess0 libperl5.34
  libpmix-dev libpmix2 libpolkit-agent-1-0 libpolkit-gobject-1-0 libpsl5
  libpsm-infinipath1 libpsm2-2 libpthread-stubs0-dev libpython3-dev
  libpython3-stdlib libpython3.10 libpython3.10-dev libpython3.10-minimal
  libpython3.10-stdlib libquadmath0 librdmacm1 libreadline8 librhash0 librtmp1
  libsasl2-2 libsasl2-modules-db libsensors-config libsensors5 libsigsegv2
  libsm-dev libsm6 libsqlite3-0 libssh-4 libstdc++-11-dev libstemmer0d
  libtirpc-dev libtsan0 libubsan1 libucx0 libunwind-dev libunwind8
  libusb-1.0-0 libuv1 libwayland-client0 libwayland-server0 libx11-6
  libx11-data libx11-dev libx11-xcb1 libxau-dev libxau6 libxcb-dri2-0
  libxcb-dri3-0 libxcb-glx0 libxcb-present0 libxcb-randr0 libxcb-shm0
  libxcb-sync1 libxcb-xfixes0 libxcb1 libxcb1-dev libxdmcp-dev libxdmcp6
  libxext-dev libxext6 libxfixes3 libxi6 libxml2 libxmlb2 libxnvctrl0
  libxshmfence1 libxt-dev libxt6 libxxf86vm1 libyaml-0-2 linux-libc-dev
  lsb-release lto-disabled-list m4 make media-types mpi-default-bin
  mpi-default-dev ocl-icd-libopencl1 openmpi-bin openmpi-common openssh-client
  openssl packagekit patch perl perl-modules-5.34 pkexec policykit-1 polkitd
  python-apt-common python3 python3-apt python3-blinker python3-cffi-backend
  python3-cryptography python3-dbus python3-distro python3-distutils
  python3-gi python3-httplib2 python3-importlib-metadata python3-jeepney
  python3-jwt python3-keyring python3-launchpadlib python3-lazr.restfulclient
  python3-lazr.uri python3-lib2to3 python3-minimal python3-more-itertools
  python3-oauthlib python3-pkg-resources python3-pyparsing
  python3-secretstorage python3-setuptools python3-six
  python3-software-properties python3-wadllib python3-wheel python3-zipp
  python3.10 python3.10-dev python3.10-minimal readline-common rpcsvc-proto
  systemd systemd-sysv x11-common x11proto-dev xorg-sgml-doctools xtrans-dev
  xz-utils zlib1g-dev
Suggested packages:
  autoconf-archive gnu-standards autoconf-doc libtool gettext binutils-doc
  bzip2-doc cmake-doc ninja-build cmake-format cpp-doc gcc-11-locales
  default-dbus-session-bus | dbus-session-bus debian-keyring g++-multilib
  g++-11-multilib gcc-11-doc gcc-multilib manpages-dev flex bison gdb gcc-doc
  gcc-11-multilib gfortran-multilib gfortran-doc gfortran-11-multilib
  gfortran-11-doc libcoarrays-dev gettext-base git-daemon-run
  | git-daemon-sysvinit git-doc git-email git-gui gitk gitweb git-cvs
  git-mediawiki git-svn isoquery lrzip liblapack-doc libboost-doc graphviz
  libboost1.74-doc gccxml libboost-contract1.74-dev libmpfrc++-dev libntl-dev
  xsltproc doxygen docbook-xml docbook-xsl default-jdk fop glibc-doc gnupg bzr
  libeigen3-doc gdbm-l10n glew-utils gstreamer1.0-tools
  libhwloc-contrib-plugins libice-doc icu-doc libjs-jquery-ui-docs libtool-doc
  liblzma-doc openmpi-doc pciutils lm-sensors libsm-doc libstdc++-11-doc
  libx11-doc libxcb-doc libxext-doc libxt-doc m4-doc make-doc opencl-icd
  keychain libpam-ssh monkeysphere ssh-askpass appstream ed diffutils-doc
  perl-doc libterm-readline-gnu-perl | libterm-readline-perl-perl
  libtap-harness-archive-perl python3-doc python3-tk python3-venv
  python3-apt-dbg python-apt-doc python-blinker-doc python-cryptography-doc
  python3-cryptography-vectors python-dbus-doc python3-crypto gir1.2-secret-1
  gnome-keyring libkf5wallet-bin python3-keyrings.alt python3-testresources
  python-pyparsing-doc python-secretstorage-doc python-setuptools-doc
  python3.10-venv python3.10-doc binfmt-support readline-doc systemd-container
  libtss2-esys-3.0.2-0 libtss2-mu0 libtss2-rc0 zip
Recommended packages:
  fakeroot gnupg libalgorithm-merge-perl less manpages manpages-dev
  libc-devtools libpam-cap dmsetup libfile-fcntllock-perl
  liblocale-gettext-perl libgl1-amber-dri shared-mime-info xdg-user-dirs
  javascript-common libldap-common libtool libcoarrays-openmpi-dev
  publicsuffix libsasl2-modules libusb-1.0-doc xauth packagekit-tools netbase
  unattended-upgrades networkd-dispatcher systemd-timesyncd | time-daemon
  libnss-systemd
The following NEW packages will be installed:
  autoconf automake autotools-dev binutils binutils-common
  binutils-x86-64-linux-gnu build-essential bzip2 ca-certificates cmake
  cmake-data cpp cpp-11 curl dbus dh-elpa-helper distro-info-data dpkg-dev
  emacsen-common freeglut3 freeglut3-dev g++ g++-11 gcc gcc-11 gcc-11-base
  gfortran gfortran-11 gir1.2-glib-2.0 gir1.2-packagekitglib-1.0 git git-man
  gpg gpgconf ibverbs-providers icu-devtools iso-codes libapparmor1
  libappstream4 libarchive13 libargon2-1 libasan6 libassuan0 libatomic1
  libbinutils libblas-dev libblas3 libboost-all-dev libboost-atomic-dev
  libboost-atomic1.74-dev libboost-atomic1.74.0 libboost-chrono-dev
  libboost-chrono1.74-dev libboost-chrono1.74.0 libboost-container-dev
  libboost-container1.74-dev libboost-container1.74.0 libboost-context-dev
  libboost-context1.74-dev libboost-context1.74.0 libboost-coroutine-dev
  libboost-coroutine1.74-dev libboost-coroutine1.74.0 libboost-date-time-dev
  libboost-date-time1.74-dev libboost-date-time1.74.0 libboost-dev
  libboost-exception-dev libboost-exception1.74-dev libboost-fiber-dev
  libboost-fiber1.74-dev libboost-fiber1.74.0 libboost-filesystem-dev
  libboost-filesystem1.74-dev libboost-filesystem1.74.0 libboost-graph-dev
  libboost-graph-parallel-dev libboost-graph-parallel1.74-dev
  libboost-graph-parallel1.74.0 libboost-graph1.74-dev libboost-graph1.74.0
  libboost-iostreams-dev libboost-iostreams1.74-dev libboost-iostreams1.74.0
  libboost-locale-dev libboost-locale1.74-dev libboost-locale1.74.0
  libboost-log-dev libboost-log1.74-dev libboost-log1.74.0 libboost-math-dev
  libboost-math1.74-dev libboost-math1.74.0 libboost-mpi-dev
  libboost-mpi-python-dev libboost-mpi-python1.74-dev
  libboost-mpi-python1.74.0 libboost-mpi1.74-dev libboost-mpi1.74.0
  libboost-nowide-dev libboost-nowide1.74-dev libboost-nowide1.74.0
  libboost-numpy-dev libboost-numpy1.74-dev libboost-numpy1.74.0
  libboost-program-options-dev libboost-program-options1.74-dev
  libboost-program-options1.74.0 libboost-python-dev libboost-python1.74-dev
  libboost-python1.74.0 libboost-random-dev libboost-random1.74-dev
  libboost-random1.74.0 libboost-regex-dev libboost-regex1.74-dev
  libboost-regex1.74.0 libboost-serialization-dev
  libboost-serialization1.74-dev libboost-serialization1.74.0
  libboost-stacktrace-dev libboost-stacktrace1.74-dev
  libboost-stacktrace1.74.0 libboost-system-dev libboost-system1.74-dev
  libboost-system1.74.0 libboost-test-dev libboost-test1.74-dev
  libboost-test1.74.0 libboost-thread-dev libboost-thread1.74-dev
  libboost-thread1.74.0 libboost-timer-dev libboost-timer1.74-dev
  libboost-timer1.74.0 libboost-tools-dev libboost-type-erasure-dev
  libboost-type-erasure1.74-dev libboost-type-erasure1.74.0 libboost-wave-dev
  libboost-wave1.74-dev libboost-wave1.74.0 libboost1.74-dev
  libboost1.74-tools-dev libbrotli1 libbsd0 libc-dev-bin libc6-dev libcap2-bin
  libcbor0.8 libcc1-0 libcrypt-dev libcryptsetup12 libctf-nobfd0 libctf0
  libcurl3-gnutls libcurl4 libdbus-1-3 libdevmapper1.02.1 libdpkg-perl
  libdrm-amdgpu1 libdrm-common libdrm-intel1 libdrm-nouveau2 libdrm-radeon1
  libdrm2 libdw1 libedit2 libegl-dev libegl-mesa0 libegl1 libeigen3-dev
  libelf1 liberror-perl libevent-2.1-7 libevent-core-2.1-7 libevent-dev
  libevent-extra-2.1-7 libevent-openssl-2.1-7 libevent-pthreads-2.1-7
  libexpat1 libexpat1-dev libfabric1 libfido2-1 libgbm1 libgcc-11-dev
  libgdbm-compat4 libgdbm6 libgflags-dev libgflags2.2 libgfortran-11-dev
  libgfortran5 libgirepository-1.0-1 libgl-dev libgl1 libgl1-mesa-dev
  libgl1-mesa-dri libglapi-mesa libgles-dev libgles1 libgles2 libglew-dev
  libglew2.2 libglib2.0-0 libglib2.0-bin libglib2.0-data libglu1-mesa
  libglu1-mesa-dev libglvnd-core-dev libglvnd-dev libglvnd0 libglx-dev
  libglx-mesa0 libglx0 libgomp1 libgoogle-glog-dev libgoogle-glog0v5
  libgstreamer1.0-0 libhwloc-dev libhwloc-plugins libhwloc15 libibverbs-dev
  libibverbs1 libice-dev libice6 libicu-dev libicu70 libip4tc2 libisl23
  libitm1 libjs-jquery libjs-jquery-ui libjs-sphinxdoc libjs-underscore
  libjson-c5 libjsoncpp25 libkmod2 liblapack-dev liblapack3 libldap-2.5-0
  libllvm15 liblsan0 libltdl-dev libltdl7 liblzma-dev libmd0 libmpc3 libmpdec3
  libmpfr6 libnghttp2-14 libnl-3-200 libnl-3-dev libnl-route-3-200
  libnl-route-3-dev libnsl-dev libnuma-dev libnuma1 libopenblas-dev
  libopenblas-pthread-dev libopenblas0 libopenblas0-pthread libopengl-dev
  libopengl0 libopenmpi-dev libopenmpi3 libpackagekit-glib2-18 libpam-systemd
  libpciaccess0 libperl5.34 libpmix-dev libpmix2 libpolkit-agent-1-0
  libpolkit-gobject-1-0 libpsl5 libpsm-infinipath1 libpsm2-2
  libpthread-stubs0-dev libpython3-dev libpython3-stdlib libpython3.10
  libpython3.10-dev libpython3.10-minimal libpython3.10-stdlib libquadmath0
  librdmacm1 libreadline8 librhash0 librtmp1 libsasl2-2 libsasl2-modules-db
  libsensors-config libsensors5 libsigsegv2 libsm-dev libsm6 libsqlite3-0
  libssh-4 libstdc++-11-dev libstemmer0d libtirpc-dev libtsan0 libubsan1
  libucx0 libunwind-dev libunwind8 libusb-1.0-0 libusb-1.0-0-dev libuv1
  libwayland-client0 libwayland-server0 libx11-6 libx11-data libx11-dev
  libx11-xcb1 libxau-dev libxau6 libxcb-dri2-0 libxcb-dri3-0 libxcb-glx0
  libxcb-present0 libxcb-randr0 libxcb-shm0 libxcb-sync1 libxcb-xfixes0
  libxcb1 libxcb1-dev libxdmcp-dev libxdmcp6 libxext-dev libxext6 libxfixes3
  libxi6 libxml2 libxmlb2 libxnvctrl0 libxshmfence1 libxt-dev libxt6
  libxxf86vm1 libyaml-0-2 linux-libc-dev lsb-release lto-disabled-list m4 make
  media-types mpi-default-bin mpi-default-dev ocl-icd-libopencl1 openmpi-bin
  openmpi-common openssh-client openssl packagekit patch perl
  perl-modules-5.34 pkexec pkg-config policykit-1 polkitd python-apt-common
  python3 python3-apt python3-blinker python3-cffi-backend
  python3-cryptography python3-dbus python3-dev python3-distro
  python3-distutils python3-gi python3-httplib2 python3-importlib-metadata
  python3-jeepney python3-jwt python3-keyring python3-launchpadlib
  python3-lazr.restfulclient python3-lazr.uri python3-lib2to3 python3-minimal
  python3-more-itertools python3-oauthlib python3-pip python3-pkg-resources
  python3-pyparsing python3-secretstorage python3-setuptools python3-six
  python3-software-properties python3-wadllib python3-wheel python3-zipp
  python3.10 python3.10-dev python3.10-minimal readline-common rpcsvc-proto
  software-properties-common systemd systemd-sysv unzip wget x11-common
  x11proto-dev xorg-sgml-doctools xtrans-dev xz-utils zlib1g-dev
0 upgraded, 410 newly installed, 0 to remove and 0 not upgraded.
Need to get 261 MB of archives.
After this operation, 1289 MB of additional disk space will be used.
Get:1 http://archive.ubuntu.com/ubuntu jammy-updates/main amd64 libpython3.10-minimal amd64 3.10.12-1~22.04.10 [815 kB]
Get:2 http://archive.ubuntu.com/ubuntu jammy-updates/main amd64 libexpat1 amd64 2.4.7-1ubuntu0.6 [92.1 kB]
Get:3 http://archive.ubuntu.com/ubuntu jammy-updates/main amd64 python3.10-minimal amd64 3.10.12-1~22.04.10 [2277 kB]
Get:4 http://archive.ubuntu.com/ubuntu jammy-updates/main amd64 python3-minimal amd64 3.10.6-1~22.04.1 [24.3 kB]
Get:5 http://archive.ubuntu.com/ubuntu jammy/main amd64 media-types all 7.0.0 [25.5 kB]
Get:6 http://archive.ubuntu.com/ubuntu jammy/main amd64 libmpdec3 amd64 2.5.1-2build2 [86.8 kB]
Get:7 http://archive.ubuntu.com/ubuntu jammy/main amd64 readline-common all 8.1.2-1 [53.5 kB]
Get:8 http://archive.ubuntu.com/ubuntu jammy/main amd64 libreadline8 amd64 8.1.2-1 [153 kB]
Get:9 http://archive.ubuntu.com/ubuntu jammy-updates/main amd64 libsqlite3-0 amd64 3.37.2-2ubuntu0.5 [643 kB]
Get:10 http://archive.ubuntu.com/ubuntu jammy-updates/main amd64 libpython3.10-stdlib amd64 3.10.12-1~22.04.10 [1850 kB]
Get:11 http://archive.ubuntu.com/ubuntu jammy-updates/main amd64 python3.10 amd64 3.10.12-1~22.04.10 [508 kB]
Get:12 http://archive.ubuntu.com/ubuntu jammy-updates/main amd64 libpython3-stdlib amd64 3.10.6-1~22.04.1 [6812 B]
Get:13 http://archive.ubuntu.com/ubuntu jammy-updates/main amd64 python3 amd64 3.10.6-1~22.04.1 [22.8 kB]
Get:14 http://archive.ubuntu.com/ubuntu jammy-updates/main amd64 libapparmor1 amd64 3.0.4-2ubuntu2.4 [39.7 kB]
Get:15 http://archive.ubuntu.com/ubuntu jammy/main amd64 libargon2-1 amd64 0~20171227-0.3 [19.5 kB]
Get:16 http://archive.ubuntu.com/ubuntu jammy-updates/main amd64 libdevmapper1.02.1 amd64 2:1.02.175-2.1ubuntu5 [139 kB]
Get:17 http://archive.ubuntu.com/ubuntu jammy-updates/main amd64 libjson-c5 amd64 0.15-3~ubuntu1.22.04.2 [33.5 kB]
Get:18 http://archive.ubuntu.com/ubuntu jammy-updates/main amd64 libcryptsetup12 amd64 2:2.4.3-1ubuntu1.3 [211 kB]
Get:19 http://archive.ubuntu.com/ubuntu jammy-updates/main amd64 libip4tc2 amd64 1.8.7-1ubuntu5.2 [19.9 kB]
Get:20 http://archive.ubuntu.com/ubuntu jammy/main amd64 libkmod2 amd64 29-1ubuntu1 [48.0 kB]
Get:21 http://archive.ubuntu.com/ubuntu jammy-updates/main amd64 systemd amd64 249.11-0ubuntu3.16 [4581 kB]
Get:22 http://archive.ubuntu.com/ubuntu jammy-updates/main amd64 systemd-sysv amd64 249.11-0ubuntu3.16 [10.5 kB]
Get:23 http://archive.ubuntu.com/ubuntu jammy-updates/main amd64 perl-modules-5.34 all 5.34.0-3ubuntu1.5 [2977 kB]
Get:24 http://archive.ubuntu.com/ubuntu jammy/main amd64 libgdbm6 amd64 1.23-1 [33.9 kB]
Get:25 http://archive.ubuntu.com/ubuntu jammy/main amd64 libgdbm-compat4 amd64 1.23-1 [6606 B]
Get:26 http://archive.ubuntu.com/ubuntu jammy-updates/main amd64 libperl5.34 amd64 5.34.0-3ubuntu1.5 [4797 kB]
Get:27 http://archive.ubuntu.com/ubuntu jammy-updates/main amd64 perl amd64 5.34.0-3ubuntu1.5 [232 kB]
Get:28 http://archive.ubuntu.com/ubuntu jammy-updates/main amd64 openssl amd64 3.0.2-0ubuntu1.19 [1186 kB]
Get:29 http://archive.ubuntu.com/ubuntu jammy-updates/main amd64 ca-certificates all 20240203~22.04.1 [162 kB]
Get:30 http://archive.ubuntu.com/ubuntu jammy-updates/main amd64 libdbus-1-3 amd64 1.12.20-2ubuntu4.1 [189 kB]
Get:31 http://archive.ubuntu.com/ubuntu jammy-updates/main amd64 dbus amd64 1.12.20-2ubuntu4.1 [158 kB]
Get:32 http://archive.ubuntu.com/ubuntu jammy-updates/main amd64 distro-info-data all 0.52ubuntu0.9 [5336 B]
Get:33 http://archive.ubuntu.com/ubuntu jammy-updates/main amd64 libglib2.0-0 amd64 2.72.4-0ubuntu2.5 [1466 kB]
Get:34 http://archive.ubuntu.com/ubuntu jammy/main amd64 libgirepository-1.0-1 amd64 1.72.0-1 [55.6 kB]
Get:35 http://archive.ubuntu.com/ubuntu jammy/main amd64 gir1.2-glib-2.0 amd64 1.72.0-1 [164 kB]
Get:36 http://archive.ubuntu.com/ubuntu jammy/main amd64 iso-codes all 4.9.0-1 [3459 kB]
Get:37 http://archive.ubuntu.com/ubuntu jammy/main amd64 libmd0 amd64 1.0.4-1build1 [23.0 kB]
Get:38 http://archive.ubuntu.com/ubuntu jammy/main amd64 libbsd0 amd64 0.11.5-1 [44.8 kB]
Get:39 http://archive.ubuntu.com/ubuntu jammy-updates/main amd64 libcap2-bin amd64 1:2.44-1ubuntu0.22.04.2 [26.0 kB]
Get:40 http://archive.ubuntu.com/ubuntu jammy-updates/main amd64 libelf1 amd64 0.186-1ubuntu0.1 [51.1 kB]
Get:41 http://archive.ubuntu.com/ubuntu jammy-updates/main amd64 libglib2.0-data all 2.72.4-0ubuntu2.5 [4656 B]
Get:42 http://archive.ubuntu.com/ubuntu jammy/main amd64 libicu70 amd64 70.1-2 [10.6 MB]
Get:43 http://archive.ubuntu.com/ubuntu jammy-updates/main amd64 libpam-systemd amd64 249.11-0ubuntu3.16 [203 kB]
Get:44 http://archive.ubuntu.com/ubuntu jammy-updates/main amd64 libxml2 amd64 2.9.13+dfsg-1ubuntu0.7 [763 kB]
Get:45 http://archive.ubuntu.com/ubuntu jammy/main amd64 libyaml-0-2 amd64 0.2.2-1build2 [51.6 kB]
Get:46 http://archive.ubuntu.com/ubuntu jammy/main amd64 lsb-release all 11.1.0ubuntu4 [10.8 kB]
Get:47 http://archive.ubuntu.com/ubuntu jammy-updates/main amd64 python-apt-common all 2.4.0ubuntu4 [14.6 kB]
Get:48 http://archive.ubuntu.com/ubuntu jammy-updates/main amd64 python3-apt amd64 2.4.0ubuntu4 [164 kB]
Get:49 http://archive.ubuntu.com/ubuntu jammy/main amd64 python3-dbus amd64 1.2.18-3build1 [99.5 kB]
Get:50 http://archive.ubuntu.com/ubuntu jammy-updates/main amd64 python3-gi amd64 3.42.1-0ubuntu1 [229 kB]
Get:51 http://archive.ubuntu.com/ubuntu jammy-updates/main amd64 python3-pkg-resources all 59.6.0-1.2ubuntu0.22.04.3 [133 kB]
Get:52 http://archive.ubuntu.com/ubuntu jammy/main amd64 libcbor0.8 amd64 0.8.0-2ubuntu1 [24.6 kB]
Get:53 http://archive.ubuntu.com/ubuntu jammy-updates/main amd64 libdrm-common all 2.4.113-2~ubuntu0.22.04.1 [5450 B]
Get:54 http://archive.ubuntu.com/ubuntu jammy-updates/main amd64 libdrm2 amd64 2.4.113-2~ubuntu0.22.04.1 [38.1 kB]
Get:55 http://archive.ubuntu.com/ubuntu jammy/main amd64 libedit2 amd64 3.1-20210910-1build1 [96.8 kB]
Get:56 http://archive.ubuntu.com/ubuntu jammy/main amd64 libfido2-1 amd64 1.10.0-1 [82.8 kB]
Get:57 http://archive.ubuntu.com/ubuntu jammy-updates/main amd64 libnghttp2-14 amd64 1.43.0-1ubuntu0.2 [76.9 kB]
Get:58 http://archive.ubuntu.com/ubuntu jammy/main amd64 libnuma1 amd64 2.0.14-3ubuntu2 [22.5 kB]
Get:59 http://archive.ubuntu.com/ubuntu jammy/main amd64 libpsl5 amd64 0.21.0-1.2build2 [58.4 kB]
Get:60 http://archive.ubuntu.com/ubuntu jammy-updates/main amd64 libusb-1.0-0 amd64 2:1.0.25-1ubuntu2 [52.7 kB]
Get:61 http://archive.ubuntu.com/ubuntu jammy-updates/main amd64 libuv1 amd64 1.43.0-1ubuntu0.1 [92.7 kB]
Get:62 http://archive.ubuntu.com/ubuntu jammy/main amd64 libxau6 amd64 1:1.0.9-1build5 [7634 B]
Get:63 http://archive.ubuntu.com/ubuntu jammy/main amd64 libxdmcp6 amd64 1:1.1.3-0ubuntu5 [10.9 kB]
Get:64 http://archive.ubuntu.com/ubuntu jammy/main amd64 libxcb1 amd64 1.14-3ubuntu3 [49.0 kB]
Get:65 http://archive.ubuntu.com/ubuntu jammy-updates/main amd64 libx11-data all 2:1.7.5-1ubuntu0.3 [120 kB]
Get:66 http://archive.ubuntu.com/ubuntu jammy-updates/main amd64 libx11-6 amd64 2:1.7.5-1ubuntu0.3 [667 kB]
Get:67 http://archive.ubuntu.com/ubuntu jammy/main amd64 libxext6 amd64 2:1.3.4-1build1 [31.8 kB]
Get:68 http://archive.ubuntu.com/ubuntu jammy-updates/main amd64 openssh-client amd64 1:8.9p1-3ubuntu0.13 [903 kB]
Get:69 http://archive.ubuntu.com/ubuntu jammy-updates/main amd64 wget amd64 1.21.2-2ubuntu1.1 [339 kB]
Get:70 http://archive.ubuntu.com/ubuntu jammy/main amd64 xz-utils amd64 5.2.5-2ubuntu1 [84.8 kB]
Get:71 http://archive.ubuntu.com/ubuntu jammy/main amd64 libsigsegv2 amd64 2.13-1ubuntu3 [14.6 kB]
Get:72 http://archive.ubuntu.com/ubuntu jammy/main amd64 m4 amd64 1.4.18-5ubuntu2 [199 kB]
Get:73 http://archive.ubuntu.com/ubuntu jammy/main amd64 autoconf all 2.71-2 [338 kB]
Get:74 http://archive.ubuntu.com/ubuntu jammy/main amd64 autotools-dev all 20220109.1 [44.9 kB]
Get:75 http://archive.ubuntu.com/ubuntu jammy/main amd64 automake all 1:1.16.5-1.3 [558 kB]
Get:76 http://archive.ubuntu.com/ubuntu jammy-updates/main amd64 binutils-common amd64 2.38-4ubuntu2.8 [223 kB]
Get:77 http://archive.ubuntu.com/ubuntu jammy-updates/main amd64 libbinutils amd64 2.38-4ubuntu2.8 [661 kB]
Get:78 http://archive.ubuntu.com/ubuntu jammy-updates/main amd64 libctf-nobfd0 amd64 2.38-4ubuntu2.8 [108 kB]
Get:79 http://archive.ubuntu.com/ubuntu jammy-updates/main amd64 libctf0 amd64 2.38-4ubuntu2.8 [103 kB]
Get:80 http://archive.ubuntu.com/ubuntu jammy-updates/main amd64 binutils-x86-64-linux-gnu amd64 2.38-4ubuntu2.8 [2324 kB]
Get:81 http://archive.ubuntu.com/ubuntu jammy-updates/main amd64 binutils amd64 2.38-4ubuntu2.8 [3196 B]
Get:82 http://archive.ubuntu.com/ubuntu jammy-updates/main amd64 libc-dev-bin amd64 2.35-0ubuntu3.10 [20.3 kB]
Get:83 http://archive.ubuntu.com/ubuntu jammy-updates/main amd64 linux-libc-dev amd64 5.15.0-151.161 [1318 kB]
Get:84 http://archive.ubuntu.com/ubuntu jammy/main amd64 libcrypt-dev amd64 1:4.4.27-1 [112 kB]
Get:85 http://archive.ubuntu.com/ubuntu jammy/main amd64 rpcsvc-proto amd64 1.4.2-0ubuntu6 [68.5 kB]
Get:86 http://archive.ubuntu.com/ubuntu jammy-updates/main amd64 libtirpc-dev amd64 1.3.2-2ubuntu0.1 [192 kB]
Get:87 http://archive.ubuntu.com/ubuntu jammy/main amd64 libnsl-dev amd64 1.3.0-2build2 [71.3 kB]
Get:88 http://archive.ubuntu.com/ubuntu jammy-updates/main amd64 libc6-dev amd64 2.35-0ubuntu3.10 [2100 kB]
Get:89 http://archive.ubuntu.com/ubuntu jammy-updates/main amd64 gcc-11-base amd64 11.4.0-1ubuntu1~22.04 [20.2 kB]
Get:90 http://archive.ubuntu.com/ubuntu jammy/main amd64 libisl23 amd64 0.24-2build1 [727 kB]
Get:91 http://archive.ubuntu.com/ubuntu jammy/main amd64 libmpfr6 amd64 4.1.0-3build3 [1425 kB]
Get:92 http://archive.ubuntu.com/ubuntu jammy/main amd64 libmpc3 amd64 1.2.1-2build1 [46.9 kB]
Get:93 http://archive.ubuntu.com/ubuntu jammy-updates/main amd64 cpp-11 amd64 11.4.0-1ubuntu1~22.04 [10.0 MB]
Get:94 http://archive.ubuntu.com/ubuntu jammy/main amd64 cpp amd64 4:11.2.0-1ubuntu1 [27.7 kB]
Get:95 http://archive.ubuntu.com/ubuntu jammy-updates/main amd64 libcc1-0 amd64 12.3.0-1ubuntu1~22.04 [48.3 kB]
Get:96 http://archive.ubuntu.com/ubuntu jammy-updates/main amd64 libgomp1 amd64 12.3.0-1ubuntu1~22.04 [126 kB]
Get:97 http://archive.ubuntu.com/ubuntu jammy-updates/main amd64 libitm1 amd64 12.3.0-1ubuntu1~22.04 [30.2 kB]
Get:98 http://archive.ubuntu.com/ubuntu jammy-updates/main amd64 libatomic1 amd64 12.3.0-1ubuntu1~22.04 [10.4 kB]
Get:99 http://archive.ubuntu.com/ubuntu jammy-updates/main amd64 libasan6 amd64 11.4.0-1ubuntu1~22.04 [2282 kB]
Get:100 http://archive.ubuntu.com/ubuntu jammy-updates/main amd64 liblsan0 amd64 12.3.0-1ubuntu1~22.04 [1069 kB]
Get:101 http://archive.ubuntu.com/ubuntu jammy-updates/main amd64 libtsan0 amd64 11.4.0-1ubuntu1~22.04 [2260 kB]
Get:102 http://archive.ubuntu.com/ubuntu jammy-updates/main amd64 libubsan1 amd64 12.3.0-1ubuntu1~22.04 [976 kB]
Get:103 http://archive.ubuntu.com/ubuntu jammy-updates/main amd64 libquadmath0 amd64 12.3.0-1ubuntu1~22.04 [154 kB]
Get:104 http://archive.ubuntu.com/ubuntu jammy-updates/main amd64 libgcc-11-dev amd64 11.4.0-1ubuntu1~22.04 [2517 kB]
Get:105 http://archive.ubuntu.com/ubuntu jammy-updates/main amd64 gcc-11 amd64 11.4.0-1ubuntu1~22.04 [20.1 MB]
Get:106 http://archive.ubuntu.com/ubuntu jammy/main amd64 gcc amd64 4:11.2.0-1ubuntu1 [5112 B]
Get:107 http://archive.ubuntu.com/ubuntu jammy-updates/main amd64 libstdc++-11-dev amd64 11.4.0-1ubuntu1~22.04 [2101 kB]
Get:108 http://archive.ubuntu.com/ubuntu jammy-updates/main amd64 g++-11 amd64 11.4.0-1ubuntu1~22.04 [11.4 MB]
Get:109 http://archive.ubuntu.com/ubuntu jammy/main amd64 g++ amd64 4:11.2.0-1ubuntu1 [1412 B]
Get:110 http://archive.ubuntu.com/ubuntu jammy/main amd64 make amd64 4.3-4.1build1 [180 kB]
Get:111 http://archive.ubuntu.com/ubuntu jammy-updates/main amd64 libdpkg-perl all 1.21.1ubuntu2.3 [237 kB]
Get:112 http://archive.ubuntu.com/ubuntu jammy/main amd64 bzip2 amd64 1.0.8-5build1 [34.8 kB]
Get:113 http://archive.ubuntu.com/ubuntu jammy/main amd64 patch amd64 2.7.6-7build2 [109 kB]
Get:114 http://archive.ubuntu.com/ubuntu jammy/main amd64 lto-disabled-list all 24 [12.5 kB]
Get:115 http://archive.ubuntu.com/ubuntu jammy-updates/main amd64 dpkg-dev all 1.21.1ubuntu2.3 [922 kB]
Get:116 http://archive.ubuntu.com/ubuntu jammy/main amd64 build-essential amd64 12.9ubuntu3 [4744 B]
Get:117 http://archive.ubuntu.com/ubuntu jammy-updates/main amd64 libarchive13 amd64 3.6.0-1ubuntu1.5 [368 kB]
Get:118 http://archive.ubuntu.com/ubuntu jammy/main amd64 libbrotli1 amd64 1.0.9-2build6 [315 kB]
Get:119 http://archive.ubuntu.com/ubuntu jammy-updates/main amd64 libsasl2-modules-db amd64 2.1.27+dfsg2-3ubuntu1.2 [20.5 kB]
Get:120 http://archive.ubuntu.com/ubuntu jammy-updates/main amd64 libsasl2-2 amd64 2.1.27+dfsg2-3ubuntu1.2 [53.8 kB]
Get:121 http://archive.ubuntu.com/ubuntu jammy-updates/main amd64 libldap-2.5-0 amd64 2.5.19+dfsg-0ubuntu0.22.04.1 [184 kB]
Get:122 http://archive.ubuntu.com/ubuntu jammy/main amd64 librtmp1 amd64 2.4+20151223.gitfa8646d.1-2build4 [58.2 kB]
Get:123 http://archive.ubuntu.com/ubuntu jammy-updates/main amd64 libssh-4 amd64 0.9.6-2ubuntu0.22.04.4 [187 kB]
Get:124 http://archive.ubuntu.com/ubuntu jammy-updates/main amd64 libcurl4 amd64 7.81.0-1ubuntu1.20 [289 kB]
Get:125 http://archive.ubuntu.com/ubuntu jammy/main amd64 libjsoncpp25 amd64 1.9.5-3 [80.0 kB]
Get:126 http://archive.ubuntu.com/ubuntu jammy/main amd64 librhash0 amd64 1.4.2-1ubuntu1 [125 kB]
Get:127 http://archive.ubuntu.com/ubuntu jammy/main amd64 dh-elpa-helper all 2.0.9ubuntu1 [7610 B]
Get:128 http://archive.ubuntu.com/ubuntu jammy/main amd64 emacsen-common all 3.0.4 [14.9 kB]
Get:129 http://archive.ubuntu.com/ubuntu jammy-updates/main amd64 cmake-data all 3.22.1-1ubuntu1.22.04.2 [1913 kB]
Get:130 http://archive.ubuntu.com/ubuntu jammy-updates/main amd64 cmake amd64 3.22.1-1ubuntu1.22.04.2 [5010 kB]
Get:131 http://archive.ubuntu.com/ubuntu jammy-updates/main amd64 curl amd64 7.81.0-1ubuntu1.20 [194 kB]
Get:132 http://archive.ubuntu.com/ubuntu jammy/main amd64 libglvnd0 amd64 1.4.0-1 [73.6 kB]
Get:133 http://archive.ubuntu.com/ubuntu jammy-updates/main amd64 libglapi-mesa amd64 23.2.1-1ubuntu3.1~22.04.3 [35.4 kB]
Get:134 http://archive.ubuntu.com/ubuntu jammy-updates/main amd64 libx11-xcb1 amd64 2:1.7.5-1ubuntu0.3 [7802 B]
Get:135 http://archive.ubuntu.com/ubuntu jammy/main amd64 libxcb-dri2-0 amd64 1.14-3ubuntu3 [7206 B]
Get:136 http://archive.ubuntu.com/ubuntu jammy/main amd64 libxcb-dri3-0 amd64 1.14-3ubuntu3 [6968 B]
Get:137 http://archive.ubuntu.com/ubuntu jammy/main amd64 libxcb-glx0 amd64 1.14-3ubuntu3 [25.9 kB]
Get:138 http://archive.ubuntu.com/ubuntu jammy/main amd64 libxcb-present0 amd64 1.14-3ubuntu3 [5734 B]
Get:139 http://archive.ubuntu.com/ubuntu jammy/main amd64 libxcb-randr0 amd64 1.14-3ubuntu3 [18.3 kB]
Get:140 http://archive.ubuntu.com/ubuntu jammy/main amd64 libxcb-shm0 amd64 1.14-3ubuntu3 [5780 B]
Get:141 http://archive.ubuntu.com/ubuntu jammy/main amd64 libxcb-sync1 amd64 1.14-3ubuntu3 [9416 B]
Get:142 http://archive.ubuntu.com/ubuntu jammy/main amd64 libxcb-xfixes0 amd64 1.14-3ubuntu3 [9996 B]
Get:143 http://archive.ubuntu.com/ubuntu jammy/main amd64 libxfixes3 amd64 1:6.0.0-1 [11.7 kB]
Get:144 http://archive.ubuntu.com/ubuntu jammy/main amd64 libxshmfence1 amd64 1.3-1build4 [5394 B]
Get:145 http://archive.ubuntu.com/ubuntu jammy/main amd64 libxxf86vm1 amd64 1:1.1.4-1build3 [10.4 kB]
Get:146 http://archive.ubuntu.com/ubuntu jammy-updates/main amd64 libdrm-amdgpu1 amd64 2.4.113-2~ubuntu0.22.04.1 [19.9 kB]
Get:147 http://archive.ubuntu.com/ubuntu jammy/main amd64 libpciaccess0 amd64 0.16-3 [19.1 kB]
Get:148 http://archive.ubuntu.com/ubuntu jammy-updates/main amd64 libdrm-intel1 amd64 2.4.113-2~ubuntu0.22.04.1 [66.7 kB]
Get:149 http://archive.ubuntu.com/ubuntu jammy-updates/main amd64 libdrm-nouveau2 amd64 2.4.113-2~ubuntu0.22.04.1 [17.5 kB]
Get:150 http://archive.ubuntu.com/ubuntu jammy-updates/main amd64 libdrm-radeon1 amd64 2.4.113-2~ubuntu0.22.04.1 [21.6 kB]
Get:151 http://archive.ubuntu.com/ubuntu jammy-updates/main amd64 libllvm15 amd64 1:15.0.7-0ubuntu0.22.04.3 [25.4 MB]
Get:152 http://archive.ubuntu.com/ubuntu jammy/main amd64 libsensors-config all 1:3.6.0-7ubuntu1 [5274 B]
Get:153 http://archive.ubuntu.com/ubuntu jammy/main amd64 libsensors5 amd64 1:3.6.0-7ubuntu1 [26.3 kB]
Get:154 http://archive.ubuntu.com/ubuntu jammy-updates/main amd64 libgl1-mesa-dri amd64 23.2.1-1ubuntu3.1~22.04.3 [8860 kB]
Get:155 http://archive.ubuntu.com/ubuntu jammy-updates/main amd64 libglx-mesa0 amd64 23.2.1-1ubuntu3.1~22.04.3 [158 kB]
Get:156 http://archive.ubuntu.com/ubuntu jammy/main amd64 libglx0 amd64 1.4.0-1 [41.0 kB]
Get:157 http://archive.ubuntu.com/ubuntu jammy/main amd64 libgl1 amd64 1.4.0-1 [110 kB]
Get:158 http://archive.ubuntu.com/ubuntu jammy/main amd64 libxi6 amd64 2:1.8-1build1 [32.6 kB]
Get:159 http://archive.ubuntu.com/ubuntu jammy/universe amd64 freeglut3 amd64 2.8.1-6 [74.0 kB]
Get:160 http://archive.ubuntu.com/ubuntu jammy/main amd64 xorg-sgml-doctools all 1:1.11-1.1 [10.9 kB]
Get:161 http://archive.ubuntu.com/ubuntu jammy/main amd64 x11proto-dev all 2021.5-1 [604 kB]
Get:162 http://archive.ubuntu.com/ubuntu jammy/main amd64 libxau-dev amd64 1:1.0.9-1build5 [9724 B]
Get:163 http://archive.ubuntu.com/ubuntu jammy/main amd64 libxdmcp-dev amd64 1:1.1.3-0ubuntu5 [26.5 kB]
Get:164 http://archive.ubuntu.com/ubuntu jammy/main amd64 xtrans-dev all 1.4.0-1 [68.9 kB]
Get:165 http://archive.ubuntu.com/ubuntu jammy/main amd64 libpthread-stubs0-dev amd64 0.4-1build2 [5516 B]
Get:166 http://archive.ubuntu.com/ubuntu jammy/main amd64 libxcb1-dev amd64 1.14-3ubuntu3 [86.5 kB]
Get:167 http://archive.ubuntu.com/ubuntu jammy-updates/main amd64 libx11-dev amd64 2:1.7.5-1ubuntu0.3 [744 kB]
Get:168 http://archive.ubuntu.com/ubuntu jammy/main amd64 libglx-dev amd64 1.4.0-1 [14.1 kB]
Get:169 http://archive.ubuntu.com/ubuntu jammy/main amd64 libgl-dev amd64 1.4.0-1 [101 kB]
Get:170 http://archive.ubuntu.com/ubuntu jammy/main amd64 libglvnd-core-dev amd64 1.4.0-1 [12.7 kB]
Get:171 http://archive.ubuntu.com/ubuntu jammy-updates/main amd64 libwayland-server0 amd64 1.20.0-1ubuntu0.1 [34.3 kB]
Get:172 http://archive.ubuntu.com/ubuntu jammy-updates/main amd64 libgbm1 amd64 23.2.1-1ubuntu3.1~22.04.3 [33.5 kB]
Get:173 http://archive.ubuntu.com/ubuntu jammy-updates/main amd64 libwayland-client0 amd64 1.20.0-1ubuntu0.1 [25.9 kB]
Get:174 http://archive.ubuntu.com/ubuntu jammy-updates/main amd64 libegl-mesa0 amd64 23.2.1-1ubuntu3.1~22.04.3 [118 kB]
Get:175 http://archive.ubuntu.com/ubuntu jammy/main amd64 libegl1 amd64 1.4.0-1 [28.6 kB]
Get:176 http://archive.ubuntu.com/ubuntu jammy/main amd64 libegl-dev amd64 1.4.0-1 [18.0 kB]
Get:177 http://archive.ubuntu.com/ubuntu jammy/main amd64 libgles1 amd64 1.4.0-1 [11.5 kB]
Get:178 http://archive.ubuntu.com/ubuntu jammy/main amd64 libgles2 amd64 1.4.0-1 [18.0 kB]
Get:179 http://archive.ubuntu.com/ubuntu jammy/main amd64 libgles-dev amd64 1.4.0-1 [49.4 kB]
Get:180 http://archive.ubuntu.com/ubuntu jammy/main amd64 libopengl0 amd64 1.4.0-1 [36.5 kB]
Get:181 http://archive.ubuntu.com/ubuntu jammy/main amd64 libopengl-dev amd64 1.4.0-1 [3400 B]
Get:182 http://archive.ubuntu.com/ubuntu jammy/main amd64 libglvnd-dev amd64 1.4.0-1 [3162 B]
Get:183 http://archive.ubuntu.com/ubuntu jammy-updates/main amd64 libgl1-mesa-dev amd64 23.2.1-1ubuntu3.1~22.04.3 [6848 B]
Get:184 http://archive.ubuntu.com/ubuntu jammy/main amd64 libglu1-mesa amd64 9.0.2-1 [145 kB]
Get:185 http://archive.ubuntu.com/ubuntu jammy/main amd64 libglu1-mesa-dev amd64 9.0.2-1 [231 kB]
Get:186 http://archive.ubuntu.com/ubuntu jammy/main amd64 libxext-dev amd64 2:1.3.4-1build1 [84.7 kB]
Get:187 http://archive.ubuntu.com/ubuntu jammy/main amd64 x11-common all 1:7.7+23ubuntu2 [23.4 kB]
Get:188 http://archive.ubuntu.com/ubuntu jammy/main amd64 libice6 amd64 2:1.0.10-1build2 [42.6 kB]
Get:189 http://archive.ubuntu.com/ubuntu jammy/main amd64 libsm6 amd64 2:1.2.3-1build2 [16.7 kB]
Get:190 http://archive.ubuntu.com/ubuntu jammy/main amd64 libxt6 amd64 1:1.2.1-1 [177 kB]
Get:191 http://archive.ubuntu.com/ubuntu jammy/main amd64 libice-dev amd64 2:1.0.10-1build2 [51.4 kB]
Get:192 http://archive.ubuntu.com/ubuntu jammy/main amd64 libsm-dev amd64 2:1.2.3-1build2 [18.1 kB]
Get:193 http://archive.ubuntu.com/ubuntu jammy/main amd64 libxt-dev amd64 1:1.2.1-1 [396 kB]
Get:194 http://archive.ubuntu.com/ubuntu jammy/universe amd64 freeglut3-dev amd64 2.8.1-6 [126 kB]
Get:195 http://archive.ubuntu.com/ubuntu jammy-updates/main amd64 libgfortran5 amd64 12.3.0-1ubuntu1~22.04 [879 kB]
Get:196 http://archive.ubuntu.com/ubuntu jammy-updates/main amd64 libgfortran-11-dev amd64 11.4.0-1ubuntu1~22.04 [842 kB]
Get:197 http://archive.ubuntu.com/ubuntu jammy-updates/main amd64 gfortran-11 amd64 11.4.0-1ubuntu1~22.04 [11.2 MB]
Get:198 http://archive.ubuntu.com/ubuntu jammy/main amd64 gfortran amd64 4:11.2.0-1ubuntu1 [1182 B]
Get:199 http://archive.ubuntu.com/ubuntu jammy-updates/main amd64 libpackagekit-glib2-18 amd64 1.2.5-2ubuntu3 [124 kB]
Get:200 http://archive.ubuntu.com/ubuntu jammy-updates/main amd64 gir1.2-packagekitglib-1.0 amd64 1.2.5-2ubuntu3 [25.3 kB]
Get:201 http://archive.ubuntu.com/ubuntu jammy-updates/main amd64 libcurl3-gnutls amd64 7.81.0-1ubuntu1.20 [284 kB]
Get:202 http://archive.ubuntu.com/ubuntu jammy/main amd64 liberror-perl all 0.17029-1 [26.5 kB]
Get:203 http://archive.ubuntu.com/ubuntu jammy-updates/main amd64 git-man all 1:2.34.1-1ubuntu1.15 [955 kB]
Get:204 http://archive.ubuntu.com/ubuntu jammy-updates/main amd64 git amd64 1:2.34.1-1ubuntu1.15 [3166 kB]
Get:205 http://archive.ubuntu.com/ubuntu jammy/main amd64 libassuan0 amd64 2.5.5-1build1 [38.2 kB]
Get:206 http://archive.ubuntu.com/ubuntu jammy-updates/main amd64 gpgconf amd64 2.2.27-3ubuntu2.4 [94.5 kB]
Get:207 http://archive.ubuntu.com/ubuntu jammy-updates/main amd64 gpg amd64 2.2.27-3ubuntu2.4 [518 kB]
Get:208 http://archive.ubuntu.com/ubuntu jammy/main amd64 libnl-3-200 amd64 3.5.0-0.1 [59.1 kB]
Get:209 http://archive.ubuntu.com/ubuntu jammy/main amd64 libnl-route-3-200 amd64 3.5.0-0.1 [180 kB]
Get:210 http://archive.ubuntu.com/ubuntu jammy/main amd64 libibverbs1 amd64 39.0-1 [69.3 kB]
Get:211 http://archive.ubuntu.com/ubuntu jammy/main amd64 ibverbs-providers amd64 39.0-1 [341 kB]
Get:212 http://archive.ubuntu.com/ubuntu jammy/main amd64 icu-devtools amd64 70.1-2 [197 kB]
Get:213 http://archive.ubuntu.com/ubuntu jammy/main amd64 libstemmer0d amd64 2.2.0-1build1 [165 kB]
Get:214 http://archive.ubuntu.com/ubuntu jammy/main amd64 libxmlb2 amd64 0.3.6-2build1 [67.8 kB]
Get:215 http://archive.ubuntu.com/ubuntu jammy/main amd64 libappstream4 amd64 0.15.2-2 [192 kB]
Get:216 http://archive.ubuntu.com/ubuntu jammy/main amd64 libblas3 amd64 3.10.0-2ubuntu1 [228 kB]
Get:217 http://archive.ubuntu.com/ubuntu jammy/main amd64 libblas-dev amd64 3.10.0-2ubuntu1 [164 kB]
Get:218 http://archive.ubuntu.com/ubuntu jammy/main amd64 libboost1.74-dev amd64 1.74.0-14ubuntu3 [9609 kB]
Get:219 http://archive.ubuntu.com/ubuntu jammy/main amd64 libboost-dev amd64 1.74.0.3ubuntu7 [3490 B]
Get:220 http://archive.ubuntu.com/ubuntu jammy/main amd64 libboost1.74-tools-dev amd64 1.74.0-14ubuntu3 [1351 kB]
Get:221 http://archive.ubuntu.com/ubuntu jammy/universe amd64 libboost-tools-dev amd64 1.74.0.3ubuntu7 [3428 B]
Get:222 http://archive.ubuntu.com/ubuntu jammy/main amd64 libboost-atomic1.74.0 amd64 1.74.0-14ubuntu3 [224 kB]
Get:223 http://archive.ubuntu.com/ubuntu jammy/main amd64 libboost-atomic1.74-dev amd64 1.74.0-14ubuntu3 [221 kB]
Get:224 http://archive.ubuntu.com/ubuntu jammy/universe amd64 libboost-atomic-dev amd64 1.74.0.3ubuntu7 [3544 B]
Get:225 http://archive.ubuntu.com/ubuntu jammy/main amd64 libboost-chrono1.74.0 amd64 1.74.0-14ubuntu3 [232 kB]
Get:226 http://archive.ubuntu.com/ubuntu jammy/main amd64 libboost-chrono1.74-dev amd64 1.74.0-14ubuntu3 [239 kB]
Get:227 http://archive.ubuntu.com/ubuntu jammy/universe amd64 libboost-chrono-dev amd64 1.74.0.3ubuntu7 [3854 B]
Get:228 http://archive.ubuntu.com/ubuntu jammy/universe amd64 libboost-container1.74.0 amd64 1.74.0-14ubuntu3 [246 kB]
Get:229 http://archive.ubuntu.com/ubuntu jammy/universe amd64 libboost-container1.74-dev amd64 1.74.0-14ubuntu3 [254 kB]
Get:230 http://archive.ubuntu.com/ubuntu jammy/universe amd64 libboost-container-dev amd64 1.74.0.3ubuntu7 [3712 B]
Get:231 http://archive.ubuntu.com/ubuntu jammy/main amd64 libboost-date-time1.74.0 amd64 1.74.0-14ubuntu3 [221 kB]
Get:232 http://archive.ubuntu.com/ubuntu jammy/main amd64 libboost-serialization1.74.0 amd64 1.74.0-14ubuntu3 [327 kB]
Get:233 http://archive.ubuntu.com/ubuntu jammy/main amd64 libboost-serialization1.74-dev amd64 1.74.0-14ubuntu3 [375 kB]
Get:234 http://archive.ubuntu.com/ubuntu jammy/main amd64 libboost-date-time1.74-dev amd64 1.74.0-14ubuntu3 [226 kB]
Get:235 http://archive.ubuntu.com/ubuntu jammy/main amd64 libboost-system1.74.0 amd64 1.74.0-14ubuntu3 [221 kB]
Get:236 http://archive.ubuntu.com/ubuntu jammy/main amd64 libboost-system1.74-dev amd64 1.74.0-14ubuntu3 [218 kB]
Get:237 http://archive.ubuntu.com/ubuntu jammy/main amd64 libboost-thread1.74.0 amd64 1.74.0-14ubuntu3 [262 kB]
Get:238 http://archive.ubuntu.com/ubuntu jammy/main amd64 libboost-thread1.74-dev amd64 1.74.0-14ubuntu3 [272 kB]
Get:239 http://archive.ubuntu.com/ubuntu jammy/main amd64 libboost-context1.74.0 amd64 1.74.0-14ubuntu3 [223 kB]
Get:240 http://archive.ubuntu.com/ubuntu jammy/universe amd64 libboost-context1.74-dev amd64 1.74.0-14ubuntu3 [220 kB]
Get:241 http://archive.ubuntu.com/ubuntu jammy/universe amd64 libboost-context-dev amd64 1.74.0.3ubuntu7 [3456 B]
Get:242 http://archive.ubuntu.com/ubuntu jammy/universe amd64 libboost-coroutine1.74.0 amd64 1.74.0-14ubuntu3 [235 kB]
Get:243 http://archive.ubuntu.com/ubuntu jammy/universe amd64 libboost-coroutine1.74-dev amd64 1.74.0-14ubuntu3 [244 kB]
Get:244 http://archive.ubuntu.com/ubuntu jammy/universe amd64 libboost-coroutine-dev amd64 1.74.0.3ubuntu7 [3520 B]
Get:245 http://archive.ubuntu.com/ubuntu jammy/universe amd64 libboost-date-time-dev amd64 1.74.0.3ubuntu7 [3248 B]
Get:246 http://archive.ubuntu.com/ubuntu jammy/universe amd64 libboost-exception1.74-dev amd64 1.74.0-14ubuntu3 [217 kB]
Get:247 http://archive.ubuntu.com/ubuntu jammy/universe amd64 libboost-exception-dev amd64 1.74.0.3ubuntu7 [3250 B]
Get:248 http://archive.ubuntu.com/ubuntu jammy/main amd64 libboost-filesystem1.74.0 amd64 1.74.0-14ubuntu3 [264 kB]
Get:249 http://archive.ubuntu.com/ubuntu jammy/main amd64 libboost-filesystem1.74-dev amd64 1.74.0-14ubuntu3 [287 kB]
Get:250 http://archive.ubuntu.com/ubuntu jammy/universe amd64 libboost-fiber1.74.0 amd64 1.74.0-14ubuntu3 [242 kB]
Get:251 http://archive.ubuntu.com/ubuntu jammy/universe amd64 libboost-fiber1.74-dev amd64 1.74.0-14ubuntu3 [254 kB]
Get:252 http://archive.ubuntu.com/ubuntu jammy/universe amd64 libboost-fiber-dev amd64 1.74.0.3ubuntu7 [3674 B]
Get:253 http://archive.ubuntu.com/ubuntu jammy/main amd64 libboost-filesystem-dev amd64 1.74.0.3ubuntu7 [3280 B]
Get:254 http://archive.ubuntu.com/ubuntu jammy/main amd64 libboost-regex1.74.0 amd64 1.74.0-14ubuntu3 [511 kB]
Get:255 http://archive.ubuntu.com/ubuntu jammy/universe amd64 libboost-graph1.74.0 amd64 1.74.0-14ubuntu3 [304 kB]
Get:256 http://archive.ubuntu.com/ubuntu jammy/main amd64 libicu-dev amd64 70.1-2 [11.6 MB]
Get:257 http://archive.ubuntu.com/ubuntu jammy/main amd64 libboost-regex1.74-dev amd64 1.74.0-14ubuntu3 [596 kB]
Get:258 http://archive.ubuntu.com/ubuntu jammy/universe amd64 libboost-test1.74.0 amd64 1.74.0-14ubuntu3 [446 kB]
Get:259 http://archive.ubuntu.com/ubuntu jammy/universe amd64 libboost-test1.74-dev amd64 1.74.0-14ubuntu3 [564 kB]
Get:260 http://archive.ubuntu.com/ubuntu jammy/universe amd64 libboost-graph1.74-dev amd64 1.74.0-14ubuntu3 [335 kB]
Get:261 http://archive.ubuntu.com/ubuntu jammy/universe amd64 libboost-graph-dev amd64 1.74.0.3ubuntu7 [3348 B]
Get:262 http://archive.ubuntu.com/ubuntu jammy/main amd64 libevent-core-2.1-7 amd64 2.1.12-stable-1build3 [93.9 kB]
Get:263 http://archive.ubuntu.com/ubuntu jammy/main amd64 libevent-pthreads-2.1-7 amd64 2.1.12-stable-1build3 [7642 B]
Get:264 http://archive.ubuntu.com/ubuntu jammy/universe amd64 libpsm-infinipath1 amd64 3.3+20.604758e7-6.1 [170 kB]
Get:265 http://archive.ubuntu.com/ubuntu jammy/universe amd64 libpsm2-2 amd64 11.2.185-1 [182 kB]
Get:266 http://archive.ubuntu.com/ubuntu jammy/main amd64 librdmacm1 amd64 39.0-1 [71.2 kB]
Get:267 http://archive.ubuntu.com/ubuntu jammy/universe amd64 libfabric1 amd64 1.11.0-3 [558 kB]
Get:268 http://archive.ubuntu.com/ubuntu jammy-updates/universe amd64 libhwloc15 amd64 2.7.0-2ubuntu1 [159 kB]
Get:269 http://archive.ubuntu.com/ubuntu jammy/main amd64 libxnvctrl0 amd64 510.47.03-0ubuntu1 [11.5 kB]
Get:270 http://archive.ubuntu.com/ubuntu jammy/universe amd64 ocl-icd-libopencl1 amd64 2.2.14-3 [39.1 kB]
Get:271 http://archive.ubuntu.com/ubuntu jammy-updates/universe amd64 libhwloc-plugins amd64 2.7.0-2ubuntu1 [15.6 kB]
Get:272 http://archive.ubuntu.com/ubuntu jammy/universe amd64 libpmix2 amd64 4.1.2-2ubuntu1 [604 kB]
Get:273 http://archive.ubuntu.com/ubuntu jammy/universe amd64 libucx0 amd64 1.12.1~rc2-1 [891 kB]
Get:274 http://archive.ubuntu.com/ubuntu jammy/universe amd64 libopenmpi3 amd64 4.1.2-2ubuntu1 [2594 kB]
Get:275 http://archive.ubuntu.com/ubuntu jammy/universe amd64 libboost-mpi1.74.0 amd64 1.74.0-14ubuntu3 [259 kB]
Get:276 http://archive.ubuntu.com/ubuntu jammy/universe amd64 libboost-graph-parallel1.74.0 amd64 1.74.0-14ubuntu3 [266 kB]
Get:277 http://archive.ubuntu.com/ubuntu jammy/universe amd64 libboost-graph-parallel1.74-dev amd64 1.74.0-14ubuntu3 [277 kB]
Get:278 http://archive.ubuntu.com/ubuntu jammy/universe amd64 libboost-graph-parallel-dev amd64 1.74.0.3ubuntu7 [3384 B]
Get:279 http://archive.ubuntu.com/ubuntu jammy/main amd64 libboost-iostreams1.74.0 amd64 1.74.0-14ubuntu3 [245 kB]
Get:280 http://archive.ubuntu.com/ubuntu jammy/universe amd64 libboost-iostreams1.74-dev amd64 1.74.0-14ubuntu3 [252 kB]
Get:281 http://archive.ubuntu.com/ubuntu jammy/universe amd64 libboost-iostreams-dev amd64 1.74.0.3ubuntu7 [3238 B]
Get:282 http://archive.ubuntu.com/ubuntu jammy/main amd64 libboost-locale1.74.0 amd64 1.74.0-14ubuntu3 [413 kB]
Get:283 http://archive.ubuntu.com/ubuntu jammy/universe amd64 libboost-locale1.74-dev amd64 1.74.0-14ubuntu3 [594 kB]
Get:284 http://archive.ubuntu.com/ubuntu jammy/universe amd64 libboost-locale-dev amd64 1.74.0.3ubuntu7 [3572 B]
Get:285 http://archive.ubuntu.com/ubuntu jammy/universe amd64 libboost-log1.74.0 amd64 1.74.0-14ubuntu3 [592 kB]
Get:286 http://archive.ubuntu.com/ubuntu jammy/universe amd64 libboost-log1.74-dev amd64 1.74.0-14ubuntu3 [853 kB]
Get:287 http://archive.ubuntu.com/ubuntu jammy/universe amd64 libboost-log-dev amd64 1.74.0.3ubuntu7 [3446 B]
Get:288 http://archive.ubuntu.com/ubuntu jammy/universe amd64 libboost-math1.74.0 amd64 1.74.0-14ubuntu3 [423 kB]
Get:289 http://archive.ubuntu.com/ubuntu jammy/universe amd64 libboost-math1.74-dev amd64 1.74.0-14ubuntu3 [620 kB]
Get:290 http://archive.ubuntu.com/ubuntu jammy/universe amd64 libboost-math-dev amd64 1.74.0.3ubuntu7 [3454 B]
Get:291 http://archive.ubuntu.com/ubuntu jammy/universe amd64 openmpi-common all 4.1.2-2ubuntu1 [162 kB]
Get:292 http://archive.ubuntu.com/ubuntu jammy/main amd64 libnl-3-dev amd64 3.5.0-0.1 [101 kB]
Get:293 http://archive.ubuntu.com/ubuntu jammy/main amd64 libnl-route-3-dev amd64 3.5.0-0.1 [202 kB]
Get:294 http://archive.ubuntu.com/ubuntu jammy/main amd64 libibverbs-dev amd64 39.0-1 [628 kB]
Get:295 http://archive.ubuntu.com/ubuntu jammy/main amd64 libnuma-dev amd64 2.0.14-3ubuntu2 [35.9 kB]
Get:296 http://archive.ubuntu.com/ubuntu jammy/main amd64 libltdl7 amd64 2.4.6-15build2 [39.6 kB]
Get:297 http://archive.ubuntu.com/ubuntu jammy/main amd64 libltdl-dev amd64 2.4.6-15build2 [169 kB]
Get:298 http://archive.ubuntu.com/ubuntu jammy-updates/universe amd64 libhwloc-dev amd64 2.7.0-2ubuntu1 [256 kB]
Get:299 http://archive.ubuntu.com/ubuntu jammy/main amd64 libevent-2.1-7 amd64 2.1.12-stable-1build3 [148 kB]
Get:300 http://archive.ubuntu.com/ubuntu jammy/main amd64 libevent-extra-2.1-7 amd64 2.1.12-stable-1build3 [65.4 kB]
Get:301 http://archive.ubuntu.com/ubuntu jammy/main amd64 libevent-openssl-2.1-7 amd64 2.1.12-stable-1build3 [15.8 kB]
Get:302 http://archive.ubuntu.com/ubuntu jammy/main amd64 libevent-dev amd64 2.1.12-stable-1build3 [278 kB]
Get:303 http://archive.ubuntu.com/ubuntu jammy-updates/main amd64 zlib1g-dev amd64 1:1.2.11.dfsg-2ubuntu9.2 [164 kB]
Get:304 http://archive.ubuntu.com/ubuntu jammy/universe amd64 libpmix-dev amd64 4.1.2-2ubuntu1 [805 kB]
Get:305 http://archive.ubuntu.com/ubuntu jammy/main amd64 libjs-jquery all 3.6.0+dfsg+~3.5.13-1 [321 kB]
Get:306 http://archive.ubuntu.com/ubuntu jammy/universe amd64 libjs-jquery-ui all 1.13.1+dfsg-1 [253 kB]
Get:307 http://archive.ubuntu.com/ubuntu jammy/universe amd64 openmpi-bin amd64 4.1.2-2ubuntu1 [116 kB]
Get:308 http://archive.ubuntu.com/ubuntu jammy/universe amd64 libopenmpi-dev amd64 4.1.2-2ubuntu1 [867 kB]
Get:309 http://archive.ubuntu.com/ubuntu jammy/universe amd64 mpi-default-dev amd64 1.14 [3698 B]
Get:310 http://archive.ubuntu.com/ubuntu jammy/universe amd64 libboost-mpi1.74-dev amd64 1.74.0-14ubuntu3 [285 kB]
Get:311 http://archive.ubuntu.com/ubuntu jammy/universe amd64 libboost-mpi-dev amd64 1.74.0.3ubuntu7 [3328 B]
Get:312 http://archive.ubuntu.com/ubuntu jammy/main amd64 libboost-python1.74.0 amd64 1.74.0-14ubuntu3 [299 kB]
Get:313 http://archive.ubuntu.com/ubuntu jammy/universe amd64 mpi-default-bin amd64 1.14 [2898 B]
Get:314 http://archive.ubuntu.com/ubuntu jammy/universe amd64 libboost-mpi-python1.74.0 amd64 1.74.0-14ubuntu3 [351 kB]
Get:315 http://archive.ubuntu.com/ubuntu jammy/universe amd64 libboost-mpi-python1.74-dev amd64 1.74.0-14ubuntu3 [225 kB]
Get:316 http://archive.ubuntu.com/ubuntu jammy/universe amd64 libboost-mpi-python-dev amd64 1.74.0.3ubuntu7 [3382 B]
Get:317 http://archive.ubuntu.com/ubuntu jammy/universe amd64 libboost-numpy1.74.0 amd64 1.74.0-14ubuntu3 [229 kB]
Get:318 http://archive.ubuntu.com/ubuntu jammy/universe amd64 libboost-numpy1.74-dev amd64 1.74.0-14ubuntu3 [233 kB]
Get:319 http://archive.ubuntu.com/ubuntu jammy/universe amd64 libboost-numpy-dev amd64 1.74.0.3ubuntu7 [3286 B]
Get:320 http://archive.ubuntu.com/ubuntu jammy/main amd64 libboost-program-options1.74.0 amd64 1.74.0-14ubuntu3 [311 kB]
Get:321 http://archive.ubuntu.com/ubuntu jammy/main amd64 libboost-program-options1.74-dev amd64 1.74.0-14ubuntu3 [380 kB]
Get:322 http://archive.ubuntu.com/ubuntu jammy/main amd64 libboost-program-options-dev amd64 1.74.0.3ubuntu7 [3266 B]
Get:323 http://archive.ubuntu.com/ubuntu jammy-updates/main amd64 libpython3.10 amd64 3.10.12-1~22.04.10 [1950 kB]
Get:324 http://archive.ubuntu.com/ubuntu jammy-updates/main amd64 libexpat1-dev amd64 2.4.7-1ubuntu0.6 [148 kB]
Get:325 http://archive.ubuntu.com/ubuntu jammy-updates/main amd64 libpython3.10-dev amd64 3.10.12-1~22.04.10 [4763 kB]
Get:326 http://archive.ubuntu.com/ubuntu jammy-updates/main amd64 libpython3-dev amd64 3.10.6-1~22.04.1 [7064 B]
Get:327 http://archive.ubuntu.com/ubuntu jammy-updates/main amd64 python3.10-dev amd64 3.10.12-1~22.04.10 [508 kB]
Get:328 http://archive.ubuntu.com/ubuntu jammy-updates/main amd64 python3-lib2to3 all 3.10.8-1~22.04 [77.6 kB]
Get:329 http://archive.ubuntu.com/ubuntu jammy-updates/main amd64 python3-distutils all 3.10.8-1~22.04 [139 kB]
Get:330 http://archive.ubuntu.com/ubuntu jammy/main amd64 libjs-underscore all 1.13.2~dfsg-2 [118 kB]
Get:331 http://archive.ubuntu.com/ubuntu jammy/main amd64 libjs-sphinxdoc all 4.3.2-1 [139 kB]
Get:332 http://archive.ubuntu.com/ubuntu jammy-updates/main amd64 python3-dev amd64 3.10.6-1~22.04.1 [26.0 kB]
Get:333 http://archive.ubuntu.com/ubuntu jammy/universe amd64 libboost-python1.74-dev amd64 1.74.0-14ubuntu3 [323 kB]
Get:334 http://archive.ubuntu.com/ubuntu jammy/universe amd64 libboost-python-dev amd64 1.74.0.3ubuntu7 [3538 B]
Get:335 http://archive.ubuntu.com/ubuntu jammy/universe amd64 libboost-random1.74.0 amd64 1.74.0-14ubuntu3 [231 kB]
Get:336 http://archive.ubuntu.com/ubuntu jammy/universe amd64 libboost-random1.74-dev amd64 1.74.0-14ubuntu3 [231 kB]
Get:337 http://archive.ubuntu.com/ubuntu jammy/universe amd64 libboost-random-dev amd64 1.74.0.3ubuntu7 [3258 B]
Get:338 http://archive.ubuntu.com/ubuntu jammy/main amd64 libboost-regex-dev amd64 1.74.0.3ubuntu7 [3510 B]
Get:339 http://archive.ubuntu.com/ubuntu jammy/universe amd64 libboost-serialization-dev amd64 1.74.0.3ubuntu7 [3468 B]
Get:340 http://archive.ubuntu.com/ubuntu jammy/universe amd64 libboost-stacktrace1.74.0 amd64 1.74.0-14ubuntu3 [267 kB]
Get:341 http://archive.ubuntu.com/ubuntu jammy/universe amd64 libboost-stacktrace1.74-dev amd64 1.74.0-14ubuntu3 [232 kB]
Get:342 http://archive.ubuntu.com/ubuntu jammy/universe amd64 libboost-stacktrace-dev amd64 1.74.0.3ubuntu7 [3260 B]
Get:343 http://archive.ubuntu.com/ubuntu jammy/main amd64 libboost-system-dev amd64 1.74.0.3ubuntu7 [3390 B]
Get:344 http://archive.ubuntu.com/ubuntu jammy/universe amd64 libboost-test-dev amd64 1.74.0.3ubuntu7 [3274 B]
Get:345 http://archive.ubuntu.com/ubuntu jammy/main amd64 libboost-thread-dev amd64 1.74.0.3ubuntu7 [3266 B]
Get:346 http://archive.ubuntu.com/ubuntu jammy/universe amd64 libboost-timer1.74.0 amd64 1.74.0-14ubuntu3 [228 kB]
Get:347 http://archive.ubuntu.com/ubuntu jammy/universe amd64 libboost-timer1.74-dev amd64 1.74.0-14ubuntu3 [231 kB]
Get:348 http://archive.ubuntu.com/ubuntu jammy/universe amd64 libboost-timer-dev amd64 1.74.0.3ubuntu7 [3380 B]
Get:349 http://archive.ubuntu.com/ubuntu jammy/universe amd64 libboost-type-erasure1.74.0 amd64 1.74.0-14ubuntu3 [234 kB]
Get:350 http://archive.ubuntu.com/ubuntu jammy/universe amd64 libboost-type-erasure1.74-dev amd64 1.74.0-14ubuntu3 [239 kB]
Get:351 http://archive.ubuntu.com/ubuntu jammy/universe amd64 libboost-type-erasure-dev amd64 1.74.0.3ubuntu7 [3344 B]
Get:352 http://archive.ubuntu.com/ubuntu jammy/universe amd64 libboost-wave1.74.0 amd64 1.74.0-14ubuntu3 [449 kB]
Get:353 http://archive.ubuntu.com/ubuntu jammy/universe amd64 libboost-wave1.74-dev amd64 1.74.0-14ubuntu3 [496 kB]
Get:354 http://archive.ubuntu.com/ubuntu jammy/universe amd64 libboost-wave-dev amd64 1.74.0.3ubuntu7 [3292 B]
Get:355 http://archive.ubuntu.com/ubuntu jammy/universe amd64 libboost-nowide1.74.0 amd64 1.74.0-14ubuntu3 [223 kB]
Get:356 http://archive.ubuntu.com/ubuntu jammy/universe amd64 libboost-nowide1.74-dev amd64 1.74.0-14ubuntu3 [220 kB]
Get:357 http://archive.ubuntu.com/ubuntu jammy/universe amd64 libboost-nowide-dev amd64 1.74.0.3ubuntu7 [3322 B]
Get:358 http://archive.ubuntu.com/ubuntu jammy/universe amd64 libboost-all-dev amd64 1.74.0.3ubuntu7 [2268 B]
Get:359 http://archive.ubuntu.com/ubuntu jammy-updates/main amd64 libdw1 amd64 0.186-1ubuntu0.1 [251 kB]
Get:360 http://archive.ubuntu.com/ubuntu jammy/universe amd64 libgflags2.2 amd64 2.2.2-2 [78.1 kB]
Get:361 http://archive.ubuntu.com/ubuntu jammy/universe amd64 libgflags-dev amd64 2.2.2-2 [93.7 kB]
Get:362 http://archive.ubuntu.com/ubuntu jammy/universe amd64 libglew2.2 amd64 2.2.0-4 [196 kB]
Get:363 http://archive.ubuntu.com/ubuntu jammy/universe amd64 libglew-dev amd64 2.2.0-4 [287 kB]
Get:364 http://archive.ubuntu.com/ubuntu jammy-updates/main amd64 libglib2.0-bin amd64 2.72.4-0ubuntu2.5 [81.2 kB]
Get:365 http://archive.ubuntu.com/ubuntu jammy-updates/main amd64 libunwind8 amd64 1.3.2-2build2.1 [54.5 kB]
Get:366 http://archive.ubuntu.com/ubuntu jammy/universe amd64 libgoogle-glog0v5 amd64 0.5.0+really0.4.0-2 [60.3 kB]
Get:367 http://archive.ubuntu.com/ubuntu jammy/main amd64 liblzma-dev amd64 5.2.5-2ubuntu1 [159 kB]
Get:368 http://archive.ubuntu.com/ubuntu jammy-updates/main amd64 libunwind-dev amd64 1.3.2-2build2.1 [1883 kB]
Get:369 http://archive.ubuntu.com/ubuntu jammy/universe amd64 libgoogle-glog-dev amd64 0.5.0+really0.4.0-2 [91.9 kB]
Get:370 http://archive.ubuntu.com/ubuntu jammy-updates/main amd64 libgstreamer1.0-0 amd64 1.20.3-0ubuntu1.1 [984 kB]
Get:371 http://archive.ubuntu.com/ubuntu jammy/universe amd64 libopenblas0-pthread amd64 0.3.20+ds-1 [6803 kB]
Get:372 http://archive.ubuntu.com/ubuntu jammy/main amd64 liblapack3 amd64 3.10.0-2ubuntu1 [2504 kB]
Get:373 http://archive.ubuntu.com/ubuntu jammy/universe amd64 libopenblas-pthread-dev amd64 0.3.20+ds-1 [4634 kB]
Get:374 http://archive.ubuntu.com/ubuntu jammy/main amd64 liblapack-dev amd64 3.10.0-2ubuntu1 [4774 kB]
Get:375 http://archive.ubuntu.com/ubuntu jammy/universe amd64 libopenblas0 amd64 0.3.20+ds-1 [6098 B]
Get:376 http://archive.ubuntu.com/ubuntu jammy/universe amd64 libopenblas-dev amd64 0.3.20+ds-1 [18.6 kB]
Get:377 http://archive.ubuntu.com/ubuntu jammy/main amd64 libpolkit-gobject-1-0 amd64 0.105-33 [43.2 kB]
Get:378 http://archive.ubuntu.com/ubuntu jammy/main amd64 libpolkit-agent-1-0 amd64 0.105-33 [16.8 kB]
Get:379 http://archive.ubuntu.com/ubuntu jammy-updates/main amd64 libusb-1.0-0-dev amd64 2:1.0.25-1ubuntu2 [76.3 kB]
Get:380 http://archive.ubuntu.com/ubuntu jammy/main amd64 polkitd amd64 0.105-33 [80.0 kB]
Get:381 http://archive.ubuntu.com/ubuntu jammy/main amd64 pkexec amd64 0.105-33 [15.2 kB]
Get:382 http://archive.ubuntu.com/ubuntu jammy/main amd64 pkg-config amd64 0.29.2-1ubuntu3 [48.2 kB]
Get:383 http://archive.ubuntu.com/ubuntu jammy/main amd64 policykit-1 amd64 0.105-33 [2426 B]
Get:384 http://archive.ubuntu.com/ubuntu jammy/main amd64 python3-blinker all 1.4+dfsg1-0.4 [14.0 kB]
Get:385 http://archive.ubuntu.com/ubuntu jammy/main amd64 python3-cffi-backend amd64 1.15.0-1build2 [77.4 kB]
Get:386 http://archive.ubuntu.com/ubuntu jammy-updates/main amd64 python3-cryptography amd64 3.4.8-1ubuntu2.2 [236 kB]
Get:387 http://archive.ubuntu.com/ubuntu jammy/main amd64 python3-pyparsing all 2.4.7-1 [61.4 kB]
Get:388 http://archive.ubuntu.com/ubuntu jammy/main amd64 python3-httplib2 all 0.20.2-2 [30.4 kB]
Get:389 http://archive.ubuntu.com/ubuntu jammy/main amd64 python3-more-itertools all 8.10.0-2 [47.9 kB]
Get:390 http://archive.ubuntu.com/ubuntu jammy-updates/main amd64 python3-zipp all 1.0.0-3ubuntu0.1 [6288 B]
Get:391 http://archive.ubuntu.com/ubuntu jammy/main amd64 python3-importlib-metadata all 4.6.4-1 [16.2 kB]
Get:392 http://archive.ubuntu.com/ubuntu jammy/main amd64 python3-jeepney all 0.7.1-3 [36.8 kB]
Get:393 http://archive.ubuntu.com/ubuntu jammy-updates/main amd64 python3-jwt all 2.3.0-1ubuntu0.2 [17.1 kB]
Get:394 http://archive.ubuntu.com/ubuntu jammy/main amd64 python3-secretstorage all 3.3.1-1 [13.2 kB]
Get:395 http://archive.ubuntu.com/ubuntu jammy/main amd64 python3-keyring all 23.5.0-1 [35.7 kB]
Get:396 http://archive.ubuntu.com/ubuntu jammy/main amd64 python3-lazr.uri all 1.0.6-2 [14.4 kB]
Get:397 http://archive.ubuntu.com/ubuntu jammy/main amd64 python3-wadllib all 1.3.6-1 [36.4 kB]
Get:398 http://archive.ubuntu.com/ubuntu jammy/main amd64 python3-distro all 1.7.0-1 [17.0 kB]
Get:399 http://archive.ubuntu.com/ubuntu jammy-updates/main amd64 python3-oauthlib all 3.2.0-1ubuntu0.1 [89.9 kB]
Get:400 http://archive.ubuntu.com/ubuntu jammy/main amd64 python3-six all 1.16.0-3ubuntu1 [12.6 kB]
Get:401 http://archive.ubuntu.com/ubuntu jammy/main amd64 python3-lazr.restfulclient all 0.14.4-1 [51.2 kB]
Get:402 http://archive.ubuntu.com/ubuntu jammy/main amd64 python3-launchpadlib all 1.10.16-1 [125 kB]
Get:403 http://archive.ubuntu.com/ubuntu jammy-updates/main amd64 python3-setuptools all 59.6.0-1.2ubuntu0.22.04.3 [340 kB]
Get:404 http://archive.ubuntu.com/ubuntu jammy-updates/universe amd64 python3-wheel all 0.37.1-2ubuntu0.22.04.1 [32.0 kB]
Get:405 http://archive.ubuntu.com/ubuntu jammy-updates/universe amd64 python3-pip all 22.0.2+dfsg-1ubuntu0.6 [1306 kB]
Get:406 http://archive.ubuntu.com/ubuntu jammy-updates/main amd64 python3-software-properties all 0.99.22.9 [28.8 kB]
Get:407 http://archive.ubuntu.com/ubuntu jammy-updates/main amd64 packagekit amd64 1.2.5-2ubuntu3 [442 kB]
Get:408 http://archive.ubuntu.com/ubuntu jammy-updates/main amd64 software-properties-common all 0.99.22.9 [14.1 kB]
Get:409 http://archive.ubuntu.com/ubuntu jammy-updates/main amd64 unzip amd64 6.0-26ubuntu3.2 [175 kB]
Get:410 http://archive.ubuntu.com/ubuntu jammy/universe amd64 libeigen3-dev all 3.4.0-2ubuntu2 [1056 kB]
debconf: delaying package configuration, since apt-utils is not installed
Fetched 261 MB in 1min 41s (2582 kB/s)
Selecting previously unselected package libpython3.10-minimal:amd64.
(Reading database ... (Reading database ... 5%(Reading database ... 10%(Reading database ... 15%(Reading database ... 20%(Reading database ... 25%(Reading database ... 30%(Reading database ... 35%(Reading database ... 40%(Reading database ... 45%(Reading database ... 50%(Reading database ... 55%(Reading database ... 60%(Reading database ... 65%(Reading database ... 70%(Reading database ... 75%(Reading database ... 80%(Reading database ... 85%(Reading database ... 90%(Reading database ... 95%(Reading database ... 100%(Reading database ... 4393 files and directories currently installed.)
Preparing to unpack .../libpython3.10-minimal_3.10.12-1~22.04.10_amd64.deb ...
Unpacking libpython3.10-minimal:amd64 (3.10.12-1~22.04.10) ...
Selecting previously unselected package libexpat1:amd64.
Preparing to unpack .../libexpat1_2.4.7-1ubuntu0.6_amd64.deb ...
Unpacking libexpat1:amd64 (2.4.7-1ubuntu0.6) ...
Selecting previously unselected package python3.10-minimal.
Preparing to unpack .../python3.10-minimal_3.10.12-1~22.04.10_amd64.deb ...
Unpacking python3.10-minimal (3.10.12-1~22.04.10) ...
Setting up libpython3.10-minimal:amd64 (3.10.12-1~22.04.10) ...
Setting up libexpat1:amd64 (2.4.7-1ubuntu0.6) ...
Setting up python3.10-minimal (3.10.12-1~22.04.10) ...
Selecting previously unselected package python3-minimal.
(Reading database ... (Reading database ... 5%(Reading database ... 10%(Reading database ... 15%(Reading database ... 20%(Reading database ... 25%(Reading database ... 30%(Reading database ... 35%(Reading database ... 40%(Reading database ... 45%(Reading database ... 50%(Reading database ... 55%(Reading database ... 60%(Reading database ... 65%(Reading database ... 70%(Reading database ... 75%(Reading database ... 80%(Reading database ... 85%(Reading database ... 90%(Reading database ... 95%(Reading database ... 100%(Reading database ... 4697 files and directories currently installed.)
Preparing to unpack .../0-python3-minimal_3.10.6-1~22.04.1_amd64.deb ...
Unpacking python3-minimal (3.10.6-1~22.04.1) ...
Selecting previously unselected package media-types.
Preparing to unpack .../1-media-types_7.0.0_all.deb ...
Unpacking media-types (7.0.0) ...
Selecting previously unselected package libmpdec3:amd64.
Preparing to unpack .../2-libmpdec3_2.5.1-2build2_amd64.deb ...
Unpacking libmpdec3:amd64 (2.5.1-2build2) ...
Selecting previously unselected package readline-common.
Preparing to unpack .../3-readline-common_8.1.2-1_all.deb ...
Unpacking readline-common (8.1.2-1) ...
Selecting previously unselected package libreadline8:amd64.
Preparing to unpack .../4-libreadline8_8.1.2-1_amd64.deb ...
Unpacking libreadline8:amd64 (8.1.2-1) ...
Selecting previously unselected package libsqlite3-0:amd64.
Preparing to unpack .../5-libsqlite3-0_3.37.2-2ubuntu0.5_amd64.deb ...
Unpacking libsqlite3-0:amd64 (3.37.2-2ubuntu0.5) ...
Selecting previously unselected package libpython3.10-stdlib:amd64.
Preparing to unpack .../6-libpython3.10-stdlib_3.10.12-1~22.04.10_amd64.deb ...
Unpacking libpython3.10-stdlib:amd64 (3.10.12-1~22.04.10) ...
Selecting previously unselected package python3.10.
Preparing to unpack .../7-python3.10_3.10.12-1~22.04.10_amd64.deb ...
Unpacking python3.10 (3.10.12-1~22.04.10) ...
Selecting previously unselected package libpython3-stdlib:amd64.
Preparing to unpack .../8-libpython3-stdlib_3.10.6-1~22.04.1_amd64.deb ...
Unpacking libpython3-stdlib:amd64 (3.10.6-1~22.04.1) ...
Setting up python3-minimal (3.10.6-1~22.04.1) ...
Selecting previously unselected package python3.
(Reading database ... (Reading database ... 5%(Reading database ... 10%(Reading database ... 15%(Reading database ... 20%(Reading database ... 25%(Reading database ... 30%(Reading database ... 35%(Reading database ... 40%(Reading database ... 45%(Reading database ... 50%(Reading database ... 55%(Reading database ... 60%(Reading database ... 65%(Reading database ... 70%(Reading database ... 75%(Reading database ... 80%(Reading database ... 85%(Reading database ... 90%(Reading database ... 95%(Reading database ... 100%(Reading database ... 5127 files and directories currently installed.)
Preparing to unpack .../0-python3_3.10.6-1~22.04.1_amd64.deb ...
Unpacking python3 (3.10.6-1~22.04.1) ...
Selecting previously unselected package libapparmor1:amd64.
Preparing to unpack .../1-libapparmor1_3.0.4-2ubuntu2.4_amd64.deb ...
Unpacking libapparmor1:amd64 (3.0.4-2ubuntu2.4) ...
Selecting previously unselected package libargon2-1:amd64.
Preparing to unpack .../2-libargon2-1_0~20171227-0.3_amd64.deb ...
Unpacking libargon2-1:amd64 (0~20171227-0.3) ...
Selecting previously unselected package libdevmapper1.02.1:amd64.
Preparing to unpack .../3-libdevmapper1.02.1_2%3a1.02.175-2.1ubuntu5_amd64.deb ...
Unpacking libdevmapper1.02.1:amd64 (2:1.02.175-2.1ubuntu5) ...
Selecting previously unselected package libjson-c5:amd64.
Preparing to unpack .../4-libjson-c5_0.15-3~ubuntu1.22.04.2_amd64.deb ...
Unpacking libjson-c5:amd64 (0.15-3~ubuntu1.22.04.2) ...
Selecting previously unselected package libcryptsetup12:amd64.
Preparing to unpack .../5-libcryptsetup12_2%3a2.4.3-1ubuntu1.3_amd64.deb ...
Unpacking libcryptsetup12:amd64 (2:2.4.3-1ubuntu1.3) ...
Selecting previously unselected package libip4tc2:amd64.
Preparing to unpack .../6-libip4tc2_1.8.7-1ubuntu5.2_amd64.deb ...
Unpacking libip4tc2:amd64 (1.8.7-1ubuntu5.2) ...
Selecting previously unselected package libkmod2:amd64.
Preparing to unpack .../7-libkmod2_29-1ubuntu1_amd64.deb ...
Unpacking libkmod2:amd64 (29-1ubuntu1) ...
Selecting previously unselected package systemd.
Preparing to unpack .../8-systemd_249.11-0ubuntu3.16_amd64.deb ...
Unpacking systemd (249.11-0ubuntu3.16) ...
Setting up libapparmor1:amd64 (3.0.4-2ubuntu2.4) ...
Setting up libargon2-1:amd64 (0~20171227-0.3) ...
Setting up libdevmapper1.02.1:amd64 (2:1.02.175-2.1ubuntu5) ...
Setting up libjson-c5:amd64 (0.15-3~ubuntu1.22.04.2) ...
Setting up libcryptsetup12:amd64 (2:2.4.3-1ubuntu1.3) ...
Setting up libip4tc2:amd64 (1.8.7-1ubuntu5.2) ...
Setting up libkmod2:amd64 (29-1ubuntu1) ...
Setting up systemd (249.11-0ubuntu3.16) ...
Created symlink /etc/systemd/system/getty.target.wants/getty@tty1.service -> /lib/systemd/system/getty@.service.
Created symlink /etc/systemd/system/multi-user.target.wants/remote-fs.target -> /lib/systemd/system/remote-fs.target.
Created symlink /etc/systemd/system/dbus-org.freedesktop.resolve1.service -> /lib/systemd/system/systemd-resolved.service.
Created symlink /etc/systemd/system/multi-user.target.wants/systemd-resolved.service -> /lib/systemd/system/systemd-resolved.service.
ln: failed to create symbolic link '/etc/resolv.conf': Device or resource busy
Created symlink /etc/systemd/system/sysinit.target.wants/systemd-pstore.service -> /lib/systemd/system/systemd-pstore.service.
Initializing machine ID from random generator.
Selecting previously unselected package systemd-sysv.
(Reading database ... (Reading database ... 5%(Reading database ... 10%(Reading database ... 15%(Reading database ... 20%(Reading database ... 25%(Reading database ... 30%(Reading database ... 35%(Reading database ... 40%(Reading database ... 45%(Reading database ... 50%(Reading database ... 55%(Reading database ... 60%(Reading database ... 65%(Reading database ... 70%(Reading database ... 75%(Reading database ... 80%(Reading database ... 85%(Reading database ... 90%(Reading database ... 95%(Reading database ... 100%(Reading database ... 5966 files and directories currently installed.)
Preparing to unpack .../000-systemd-sysv_249.11-0ubuntu3.16_amd64.deb ...
Unpacking systemd-sysv (249.11-0ubuntu3.16) ...
Selecting previously unselected package perl-modules-5.34.
Preparing to unpack .../001-perl-modules-5.34_5.34.0-3ubuntu1.5_all.deb ...
Unpacking perl-modules-5.34 (5.34.0-3ubuntu1.5) ...
Selecting previously unselected package libgdbm6:amd64.
Preparing to unpack .../002-libgdbm6_1.23-1_amd64.deb ...
Unpacking libgdbm6:amd64 (1.23-1) ...
Selecting previously unselected package libgdbm-compat4:amd64.
Preparing to unpack .../003-libgdbm-compat4_1.23-1_amd64.deb ...
Unpacking libgdbm-compat4:amd64 (1.23-1) ...
Selecting previously unselected package libperl5.34:amd64.
Preparing to unpack .../004-libperl5.34_5.34.0-3ubuntu1.5_amd64.deb ...
Unpacking libperl5.34:amd64 (5.34.0-3ubuntu1.5) ...
Selecting previously unselected package perl.
Preparing to unpack .../005-perl_5.34.0-3ubuntu1.5_amd64.deb ...
Unpacking perl (5.34.0-3ubuntu1.5) ...
Selecting previously unselected package openssl.
Preparing to unpack .../006-openssl_3.0.2-0ubuntu1.19_amd64.deb ...
Unpacking openssl (3.0.2-0ubuntu1.19) ...
Selecting previously unselected package ca-certificates.
Preparing to unpack .../007-ca-certificates_20240203~22.04.1_all.deb ...
Unpacking ca-certificates (20240203~22.04.1) ...
Selecting previously unselected package libdbus-1-3:amd64.
Preparing to unpack .../008-libdbus-1-3_1.12.20-2ubuntu4.1_amd64.deb ...
Unpacking libdbus-1-3:amd64 (1.12.20-2ubuntu4.1) ...
Selecting previously unselected package dbus.
Preparing to unpack .../009-dbus_1.12.20-2ubuntu4.1_amd64.deb ...
Unpacking dbus (1.12.20-2ubuntu4.1) ...
Selecting previously unselected package distro-info-data.
Preparing to unpack .../010-distro-info-data_0.52ubuntu0.9_all.deb ...
Unpacking distro-info-data (0.52ubuntu0.9) ...
Selecting previously unselected package libglib2.0-0:amd64.
Preparing to unpack .../011-libglib2.0-0_2.72.4-0ubuntu2.5_amd64.deb ...
Unpacking libglib2.0-0:amd64 (2.72.4-0ubuntu2.5) ...
Selecting previously unselected package libgirepository-1.0-1:amd64.
Preparing to unpack .../012-libgirepository-1.0-1_1.72.0-1_amd64.deb ...
Unpacking libgirepository-1.0-1:amd64 (1.72.0-1) ...
Selecting previously unselected package gir1.2-glib-2.0:amd64.
Preparing to unpack .../013-gir1.2-glib-2.0_1.72.0-1_amd64.deb ...
Unpacking gir1.2-glib-2.0:amd64 (1.72.0-1) ...
Selecting previously unselected package iso-codes.
Preparing to unpack .../014-iso-codes_4.9.0-1_all.deb ...
Unpacking iso-codes (4.9.0-1) ...
Selecting previously unselected package libmd0:amd64.
Preparing to unpack .../015-libmd0_1.0.4-1build1_amd64.deb ...
Unpacking libmd0:amd64 (1.0.4-1build1) ...
Selecting previously unselected package libbsd0:amd64.
Preparing to unpack .../016-libbsd0_0.11.5-1_amd64.deb ...
Unpacking libbsd0:amd64 (0.11.5-1) ...
Selecting previously unselected package libcap2-bin.
Preparing to unpack .../017-libcap2-bin_1%3a2.44-1ubuntu0.22.04.2_amd64.deb ...
Unpacking libcap2-bin (1:2.44-1ubuntu0.22.04.2) ...
Selecting previously unselected package libelf1:amd64.
Preparing to unpack .../018-libelf1_0.186-1ubuntu0.1_amd64.deb ...
Unpacking libelf1:amd64 (0.186-1ubuntu0.1) ...
Selecting previously unselected package libglib2.0-data.
Preparing to unpack .../019-libglib2.0-data_2.72.4-0ubuntu2.5_all.deb ...
Unpacking libglib2.0-data (2.72.4-0ubuntu2.5) ...
Selecting previously unselected package libicu70:amd64.
Preparing to unpack .../020-libicu70_70.1-2_amd64.deb ...
Unpacking libicu70:amd64 (70.1-2) ...
Selecting previously unselected package libpam-systemd:amd64.
Preparing to unpack .../021-libpam-systemd_249.11-0ubuntu3.16_amd64.deb ...
Unpacking libpam-systemd:amd64 (249.11-0ubuntu3.16) ...
Selecting previously unselected package libxml2:amd64.
Preparing to unpack .../022-libxml2_2.9.13+dfsg-1ubuntu0.7_amd64.deb ...
Unpacking libxml2:amd64 (2.9.13+dfsg-1ubuntu0.7) ...
Selecting previously unselected package libyaml-0-2:amd64.
Preparing to unpack .../023-libyaml-0-2_0.2.2-1build2_amd64.deb ...
Unpacking libyaml-0-2:amd64 (0.2.2-1build2) ...
Selecting previously unselected package lsb-release.
Preparing to unpack .../024-lsb-release_11.1.0ubuntu4_all.deb ...
Unpacking lsb-release (11.1.0ubuntu4) ...
Selecting previously unselected package python-apt-common.
Preparing to unpack .../025-python-apt-common_2.4.0ubuntu4_all.deb ...
Unpacking python-apt-common (2.4.0ubuntu4) ...
Selecting previously unselected package python3-apt.
Preparing to unpack .../026-python3-apt_2.4.0ubuntu4_amd64.deb ...
Unpacking python3-apt (2.4.0ubuntu4) ...
Selecting previously unselected package python3-dbus.
Preparing to unpack .../027-python3-dbus_1.2.18-3build1_amd64.deb ...
Unpacking python3-dbus (1.2.18-3build1) ...
Selecting previously unselected package python3-gi.
Preparing to unpack .../028-python3-gi_3.42.1-0ubuntu1_amd64.deb ...
Unpacking python3-gi (3.42.1-0ubuntu1) ...
Selecting previously unselected package python3-pkg-resources.
Preparing to unpack .../029-python3-pkg-resources_59.6.0-1.2ubuntu0.22.04.3_all.deb ...
Unpacking python3-pkg-resources (59.6.0-1.2ubuntu0.22.04.3) ...
Selecting previously unselected package libcbor0.8:amd64.
Preparing to unpack .../030-libcbor0.8_0.8.0-2ubuntu1_amd64.deb ...
Unpacking libcbor0.8:amd64 (0.8.0-2ubuntu1) ...
Selecting previously unselected package libdrm-common.
Preparing to unpack .../031-libdrm-common_2.4.113-2~ubuntu0.22.04.1_all.deb ...
Unpacking libdrm-common (2.4.113-2~ubuntu0.22.04.1) ...
Selecting previously unselected package libdrm2:amd64.
Preparing to unpack .../032-libdrm2_2.4.113-2~ubuntu0.22.04.1_amd64.deb ...
Unpacking libdrm2:amd64 (2.4.113-2~ubuntu0.22.04.1) ...
Selecting previously unselected package libedit2:amd64.
Preparing to unpack .../033-libedit2_3.1-20210910-1build1_amd64.deb ...
Unpacking libedit2:amd64 (3.1-20210910-1build1) ...
Selecting previously unselected package libfido2-1:amd64.
Preparing to unpack .../034-libfido2-1_1.10.0-1_amd64.deb ...
Unpacking libfido2-1:amd64 (1.10.0-1) ...
Selecting previously unselected package libnghttp2-14:amd64.
Preparing to unpack .../035-libnghttp2-14_1.43.0-1ubuntu0.2_amd64.deb ...
Unpacking libnghttp2-14:amd64 (1.43.0-1ubuntu0.2) ...
Selecting previously unselected package libnuma1:amd64.
Preparing to unpack .../036-libnuma1_2.0.14-3ubuntu2_amd64.deb ...
Unpacking libnuma1:amd64 (2.0.14-3ubuntu2) ...
Selecting previously unselected package libpsl5:amd64.
Preparing to unpack .../037-libpsl5_0.21.0-1.2build2_amd64.deb ...
Unpacking libpsl5:amd64 (0.21.0-1.2build2) ...
Selecting previously unselected package libusb-1.0-0:amd64.
Preparing to unpack .../038-libusb-1.0-0_2%3a1.0.25-1ubuntu2_amd64.deb ...
Unpacking libusb-1.0-0:amd64 (2:1.0.25-1ubuntu2) ...
Selecting previously unselected package libuv1:amd64.
Preparing to unpack .../039-libuv1_1.43.0-1ubuntu0.1_amd64.deb ...
Unpacking libuv1:amd64 (1.43.0-1ubuntu0.1) ...
Selecting previously unselected package libxau6:amd64.
Preparing to unpack .../040-libxau6_1%3a1.0.9-1build5_amd64.deb ...
Unpacking libxau6:amd64 (1:1.0.9-1build5) ...
Selecting previously unselected package libxdmcp6:amd64.
Preparing to unpack .../041-libxdmcp6_1%3a1.1.3-0ubuntu5_amd64.deb ...
Unpacking libxdmcp6:amd64 (1:1.1.3-0ubuntu5) ...
Selecting previously unselected package libxcb1:amd64.
Preparing to unpack .../042-libxcb1_1.14-3ubuntu3_amd64.deb ...
Unpacking libxcb1:amd64 (1.14-3ubuntu3) ...
Selecting previously unselected package libx11-data.
Preparing to unpack .../043-libx11-data_2%3a1.7.5-1ubuntu0.3_all.deb ...
Unpacking libx11-data (2:1.7.5-1ubuntu0.3) ...
Selecting previously unselected package libx11-6:amd64.
Preparing to unpack .../044-libx11-6_2%3a1.7.5-1ubuntu0.3_amd64.deb ...
Unpacking libx11-6:amd64 (2:1.7.5-1ubuntu0.3) ...
Selecting previously unselected package libxext6:amd64.
Preparing to unpack .../045-libxext6_2%3a1.3.4-1build1_amd64.deb ...
Unpacking libxext6:amd64 (2:1.3.4-1build1) ...
Selecting previously unselected package openssh-client.
Preparing to unpack .../046-openssh-client_1%3a8.9p1-3ubuntu0.13_amd64.deb ...
Unpacking openssh-client (1:8.9p1-3ubuntu0.13) ...
Selecting previously unselected package wget.
Preparing to unpack .../047-wget_1.21.2-2ubuntu1.1_amd64.deb ...
Unpacking wget (1.21.2-2ubuntu1.1) ...
Selecting previously unselected package xz-utils.
Preparing to unpack .../048-xz-utils_5.2.5-2ubuntu1_amd64.deb ...
Unpacking xz-utils (5.2.5-2ubuntu1) ...
Selecting previously unselected package libsigsegv2:amd64.
Preparing to unpack .../049-libsigsegv2_2.13-1ubuntu3_amd64.deb ...
Unpacking libsigsegv2:amd64 (2.13-1ubuntu3) ...
Selecting previously unselected package m4.
Preparing to unpack .../050-m4_1.4.18-5ubuntu2_amd64.deb ...
Unpacking m4 (1.4.18-5ubuntu2) ...
Selecting previously unselected package autoconf.
Preparing to unpack .../051-autoconf_2.71-2_all.deb ...
Unpacking autoconf (2.71-2) ...
Selecting previously unselected package autotools-dev.
Preparing to unpack .../052-autotools-dev_20220109.1_all.deb ...
Unpacking autotools-dev (20220109.1) ...
Selecting previously unselected package automake.
Preparing to unpack .../053-automake_1%3a1.16.5-1.3_all.deb ...
Unpacking automake (1:1.16.5-1.3) ...
Selecting previously unselected package binutils-common:amd64.
Preparing to unpack .../054-binutils-common_2.38-4ubuntu2.8_amd64.deb ...
Unpacking binutils-common:amd64 (2.38-4ubuntu2.8) ...
Selecting previously unselected package libbinutils:amd64.
Preparing to unpack .../055-libbinutils_2.38-4ubuntu2.8_amd64.deb ...
Unpacking libbinutils:amd64 (2.38-4ubuntu2.8) ...
Selecting previously unselected package libctf-nobfd0:amd64.
Preparing to unpack .../056-libctf-nobfd0_2.38-4ubuntu2.8_amd64.deb ...
Unpacking libctf-nobfd0:amd64 (2.38-4ubuntu2.8) ...
Selecting previously unselected package libctf0:amd64.
Preparing to unpack .../057-libctf0_2.38-4ubuntu2.8_amd64.deb ...
Unpacking libctf0:amd64 (2.38-4ubuntu2.8) ...
Selecting previously unselected package binutils-x86-64-linux-gnu.
Preparing to unpack .../058-binutils-x86-64-linux-gnu_2.38-4ubuntu2.8_amd64.deb ...
Unpacking binutils-x86-64-linux-gnu (2.38-4ubuntu2.8) ...
Selecting previously unselected package binutils.
Preparing to unpack .../059-binutils_2.38-4ubuntu2.8_amd64.deb ...
Unpacking binutils (2.38-4ubuntu2.8) ...
Selecting previously unselected package libc-dev-bin.
Preparing to unpack .../060-libc-dev-bin_2.35-0ubuntu3.10_amd64.deb ...
Unpacking libc-dev-bin (2.35-0ubuntu3.10) ...
Selecting previously unselected package linux-libc-dev:amd64.
Preparing to unpack .../061-linux-libc-dev_5.15.0-151.161_amd64.deb ...
Unpacking linux-libc-dev:amd64 (5.15.0-151.161) ...
Selecting previously unselected package libcrypt-dev:amd64.
Preparing to unpack .../062-libcrypt-dev_1%3a4.4.27-1_amd64.deb ...
Unpacking libcrypt-dev:amd64 (1:4.4.27-1) ...
Selecting previously unselected package rpcsvc-proto.
Preparing to unpack .../063-rpcsvc-proto_1.4.2-0ubuntu6_amd64.deb ...
Unpacking rpcsvc-proto (1.4.2-0ubuntu6) ...
Selecting previously unselected package libtirpc-dev:amd64.
Preparing to unpack .../064-libtirpc-dev_1.3.2-2ubuntu0.1_amd64.deb ...
Unpacking libtirpc-dev:amd64 (1.3.2-2ubuntu0.1) ...
Selecting previously unselected package libnsl-dev:amd64.
Preparing to unpack .../065-libnsl-dev_1.3.0-2build2_amd64.deb ...
Unpacking libnsl-dev:amd64 (1.3.0-2build2) ...
Selecting previously unselected package libc6-dev:amd64.
Preparing to unpack .../066-libc6-dev_2.35-0ubuntu3.10_amd64.deb ...
Unpacking libc6-dev:amd64 (2.35-0ubuntu3.10) ...
Selecting previously unselected package gcc-11-base:amd64.
Preparing to unpack .../067-gcc-11-base_11.4.0-1ubuntu1~22.04_amd64.deb ...
Unpacking gcc-11-base:amd64 (11.4.0-1ubuntu1~22.04) ...
Selecting previously unselected package libisl23:amd64.
Preparing to unpack .../068-libisl23_0.24-2build1_amd64.deb ...
Unpacking libisl23:amd64 (0.24-2build1) ...
Selecting previously unselected package libmpfr6:amd64.
Preparing to unpack .../069-libmpfr6_4.1.0-3build3_amd64.deb ...
Unpacking libmpfr6:amd64 (4.1.0-3build3) ...
Selecting previously unselected package libmpc3:amd64.
Preparing to unpack .../070-libmpc3_1.2.1-2build1_amd64.deb ...
Unpacking libmpc3:amd64 (1.2.1-2build1) ...
Selecting previously unselected package cpp-11.
Preparing to unpack .../071-cpp-11_11.4.0-1ubuntu1~22.04_amd64.deb ...
Unpacking cpp-11 (11.4.0-1ubuntu1~22.04) ...
Selecting previously unselected package cpp.
Preparing to unpack .../072-cpp_4%3a11.2.0-1ubuntu1_amd64.deb ...
Unpacking cpp (4:11.2.0-1ubuntu1) ...
Selecting previously unselected package libcc1-0:amd64.
Preparing to unpack .../073-libcc1-0_12.3.0-1ubuntu1~22.04_amd64.deb ...
Unpacking libcc1-0:amd64 (12.3.0-1ubuntu1~22.04) ...
Selecting previously unselected package libgomp1:amd64.
Preparing to unpack .../074-libgomp1_12.3.0-1ubuntu1~22.04_amd64.deb ...
Unpacking libgomp1:amd64 (12.3.0-1ubuntu1~22.04) ...
Selecting previously unselected package libitm1:amd64.
Preparing to unpack .../075-libitm1_12.3.0-1ubuntu1~22.04_amd64.deb ...
Unpacking libitm1:amd64 (12.3.0-1ubuntu1~22.04) ...
Selecting previously unselected package libatomic1:amd64.
Preparing to unpack .../076-libatomic1_12.3.0-1ubuntu1~22.04_amd64.deb ...
Unpacking libatomic1:amd64 (12.3.0-1ubuntu1~22.04) ...
Selecting previously unselected package libasan6:amd64.
Preparing to unpack .../077-libasan6_11.4.0-1ubuntu1~22.04_amd64.deb ...
Unpacking libasan6:amd64 (11.4.0-1ubuntu1~22.04) ...
Selecting previously unselected package liblsan0:amd64.
Preparing to unpack .../078-liblsan0_12.3.0-1ubuntu1~22.04_amd64.deb ...
Unpacking liblsan0:amd64 (12.3.0-1ubuntu1~22.04) ...
Selecting previously unselected package libtsan0:amd64.
Preparing to unpack .../079-libtsan0_11.4.0-1ubuntu1~22.04_amd64.deb ...
Unpacking libtsan0:amd64 (11.4.0-1ubuntu1~22.04) ...
Selecting previously unselected package libubsan1:amd64.
Preparing to unpack .../080-libubsan1_12.3.0-1ubuntu1~22.04_amd64.deb ...
Unpacking libubsan1:amd64 (12.3.0-1ubuntu1~22.04) ...
Selecting previously unselected package libquadmath0:amd64.
Preparing to unpack .../081-libquadmath0_12.3.0-1ubuntu1~22.04_amd64.deb ...
Unpacking libquadmath0:amd64 (12.3.0-1ubuntu1~22.04) ...
Selecting previously unselected package libgcc-11-dev:amd64.
Preparing to unpack .../082-libgcc-11-dev_11.4.0-1ubuntu1~22.04_amd64.deb ...
Unpacking libgcc-11-dev:amd64 (11.4.0-1ubuntu1~22.04) ...
Selecting previously unselected package gcc-11.
Preparing to unpack .../083-gcc-11_11.4.0-1ubuntu1~22.04_amd64.deb ...
Unpacking gcc-11 (11.4.0-1ubuntu1~22.04) ...
Selecting previously unselected package gcc.
Preparing to unpack .../084-gcc_4%3a11.2.0-1ubuntu1_amd64.deb ...
Unpacking gcc (4:11.2.0-1ubuntu1) ...
Selecting previously unselected package libstdc++-11-dev:amd64.
Preparing to unpack .../085-libstdc++-11-dev_11.4.0-1ubuntu1~22.04_amd64.deb ...
Unpacking libstdc++-11-dev:amd64 (11.4.0-1ubuntu1~22.04) ...
Selecting previously unselected package g++-11.
Preparing to unpack .../086-g++-11_11.4.0-1ubuntu1~22.04_amd64.deb ...
Unpacking g++-11 (11.4.0-1ubuntu1~22.04) ...
Selecting previously unselected package g++.
Preparing to unpack .../087-g++_4%3a11.2.0-1ubuntu1_amd64.deb ...
Unpacking g++ (4:11.2.0-1ubuntu1) ...
Selecting previously unselected package make.
Preparing to unpack .../088-make_4.3-4.1build1_amd64.deb ...
Unpacking make (4.3-4.1build1) ...
Selecting previously unselected package libdpkg-perl.
Preparing to unpack .../089-libdpkg-perl_1.21.1ubuntu2.3_all.deb ...
Unpacking libdpkg-perl (1.21.1ubuntu2.3) ...
Selecting previously unselected package bzip2.
Preparing to unpack .../090-bzip2_1.0.8-5build1_amd64.deb ...
Unpacking bzip2 (1.0.8-5build1) ...
Selecting previously unselected package patch.
Preparing to unpack .../091-patch_2.7.6-7build2_amd64.deb ...
Unpacking patch (2.7.6-7build2) ...
Selecting previously unselected package lto-disabled-list.
Preparing to unpack .../092-lto-disabled-list_24_all.deb ...
Unpacking lto-disabled-list (24) ...
Selecting previously unselected package dpkg-dev.
Preparing to unpack .../093-dpkg-dev_1.21.1ubuntu2.3_all.deb ...
Unpacking dpkg-dev (1.21.1ubuntu2.3) ...
Selecting previously unselected package build-essential.
Preparing to unpack .../094-build-essential_12.9ubuntu3_amd64.deb ...
Unpacking build-essential (12.9ubuntu3) ...
Selecting previously unselected package libarchive13:amd64.
Preparing to unpack .../095-libarchive13_3.6.0-1ubuntu1.5_amd64.deb ...
Unpacking libarchive13:amd64 (3.6.0-1ubuntu1.5) ...
Selecting previously unselected package libbrotli1:amd64.
Preparing to unpack .../096-libbrotli1_1.0.9-2build6_amd64.deb ...
Unpacking libbrotli1:amd64 (1.0.9-2build6) ...
Selecting previously unselected package libsasl2-modules-db:amd64.
Preparing to unpack .../097-libsasl2-modules-db_2.1.27+dfsg2-3ubuntu1.2_amd64.deb ...
Unpacking libsasl2-modules-db:amd64 (2.1.27+dfsg2-3ubuntu1.2) ...
Selecting previously unselected package libsasl2-2:amd64.
Preparing to unpack .../098-libsasl2-2_2.1.27+dfsg2-3ubuntu1.2_amd64.deb ...
Unpacking libsasl2-2:amd64 (2.1.27+dfsg2-3ubuntu1.2) ...
Selecting previously unselected package libldap-2.5-0:amd64.
Preparing to unpack .../099-libldap-2.5-0_2.5.19+dfsg-0ubuntu0.22.04.1_amd64.deb ...
Unpacking libldap-2.5-0:amd64 (2.5.19+dfsg-0ubuntu0.22.04.1) ...
Selecting previously unselected package librtmp1:amd64.
Preparing to unpack .../100-librtmp1_2.4+20151223.gitfa8646d.1-2build4_amd64.deb ...
Unpacking librtmp1:amd64 (2.4+20151223.gitfa8646d.1-2build4) ...
Selecting previously unselected package libssh-4:amd64.
Preparing to unpack .../101-libssh-4_0.9.6-2ubuntu0.22.04.4_amd64.deb ...
Unpacking libssh-4:amd64 (0.9.6-2ubuntu0.22.04.4) ...
Selecting previously unselected package libcurl4:amd64.
Preparing to unpack .../102-libcurl4_7.81.0-1ubuntu1.20_amd64.deb ...
Unpacking libcurl4:amd64 (7.81.0-1ubuntu1.20) ...
Selecting previously unselected package libjsoncpp25:amd64.
Preparing to unpack .../103-libjsoncpp25_1.9.5-3_amd64.deb ...
Unpacking libjsoncpp25:amd64 (1.9.5-3) ...
Selecting previously unselected package librhash0:amd64.
Preparing to unpack .../104-librhash0_1.4.2-1ubuntu1_amd64.deb ...
Unpacking librhash0:amd64 (1.4.2-1ubuntu1) ...
Selecting previously unselected package dh-elpa-helper.
Preparing to unpack .../105-dh-elpa-helper_2.0.9ubuntu1_all.deb ...
Unpacking dh-elpa-helper (2.0.9ubuntu1) ...
Selecting previously unselected package emacsen-common.
Preparing to unpack .../106-emacsen-common_3.0.4_all.deb ...
Unpacking emacsen-common (3.0.4) ...
Selecting previously unselected package cmake-data.
Preparing to unpack .../107-cmake-data_3.22.1-1ubuntu1.22.04.2_all.deb ...
Unpacking cmake-data (3.22.1-1ubuntu1.22.04.2) ...
Selecting previously unselected package cmake.
Preparing to unpack .../108-cmake_3.22.1-1ubuntu1.22.04.2_amd64.deb ...
Unpacking cmake (3.22.1-1ubuntu1.22.04.2) ...
Selecting previously unselected package curl.
Preparing to unpack .../109-curl_7.81.0-1ubuntu1.20_amd64.deb ...
Unpacking curl (7.81.0-1ubuntu1.20) ...
Selecting previously unselected package libglvnd0:amd64.
Preparing to unpack .../110-libglvnd0_1.4.0-1_amd64.deb ...
Unpacking libglvnd0:amd64 (1.4.0-1) ...
Selecting previously unselected package libglapi-mesa:amd64.
Preparing to unpack .../111-libglapi-mesa_23.2.1-1ubuntu3.1~22.04.3_amd64.deb ...
Unpacking libglapi-mesa:amd64 (23.2.1-1ubuntu3.1~22.04.3) ...
Selecting previously unselected package libx11-xcb1:amd64.
Preparing to unpack .../112-libx11-xcb1_2%3a1.7.5-1ubuntu0.3_amd64.deb ...
Unpacking libx11-xcb1:amd64 (2:1.7.5-1ubuntu0.3) ...
Selecting previously unselected package libxcb-dri2-0:amd64.
Preparing to unpack .../113-libxcb-dri2-0_1.14-3ubuntu3_amd64.deb ...
Unpacking libxcb-dri2-0:amd64 (1.14-3ubuntu3) ...
Selecting previously unselected package libxcb-dri3-0:amd64.
Preparing to unpack .../114-libxcb-dri3-0_1.14-3ubuntu3_amd64.deb ...
Unpacking libxcb-dri3-0:amd64 (1.14-3ubuntu3) ...
Selecting previously unselected package libxcb-glx0:amd64.
Preparing to unpack .../115-libxcb-glx0_1.14-3ubuntu3_amd64.deb ...
Unpacking libxcb-glx0:amd64 (1.14-3ubuntu3) ...
Selecting previously unselected package libxcb-present0:amd64.
Preparing to unpack .../116-libxcb-present0_1.14-3ubuntu3_amd64.deb ...
Unpacking libxcb-present0:amd64 (1.14-3ubuntu3) ...
Selecting previously unselected package libxcb-randr0:amd64.
Preparing to unpack .../117-libxcb-randr0_1.14-3ubuntu3_amd64.deb ...
Unpacking libxcb-randr0:amd64 (1.14-3ubuntu3) ...
Selecting previously unselected package libxcb-shm0:amd64.
Preparing to unpack .../118-libxcb-shm0_1.14-3ubuntu3_amd64.deb ...
Unpacking libxcb-shm0:amd64 (1.14-3ubuntu3) ...
Selecting previously unselected package libxcb-sync1:amd64.
Preparing to unpack .../119-libxcb-sync1_1.14-3ubuntu3_amd64.deb ...
Unpacking libxcb-sync1:amd64 (1.14-3ubuntu3) ...
Selecting previously unselected package libxcb-xfixes0:amd64.
Preparing to unpack .../120-libxcb-xfixes0_1.14-3ubuntu3_amd64.deb ...
Unpacking libxcb-xfixes0:amd64 (1.14-3ubuntu3) ...
Selecting previously unselected package libxfixes3:amd64.
Preparing to unpack .../121-libxfixes3_1%3a6.0.0-1_amd64.deb ...
Unpacking libxfixes3:amd64 (1:6.0.0-1) ...
Selecting previously unselected package libxshmfence1:amd64.
Preparing to unpack .../122-libxshmfence1_1.3-1build4_amd64.deb ...
Unpacking libxshmfence1:amd64 (1.3-1build4) ...
Selecting previously unselected package libxxf86vm1:amd64.
Preparing to unpack .../123-libxxf86vm1_1%3a1.1.4-1build3_amd64.deb ...
Unpacking libxxf86vm1:amd64 (1:1.1.4-1build3) ...
Selecting previously unselected package libdrm-amdgpu1:amd64.
Preparing to unpack .../124-libdrm-amdgpu1_2.4.113-2~ubuntu0.22.04.1_amd64.deb ...
Unpacking libdrm-amdgpu1:amd64 (2.4.113-2~ubuntu0.22.04.1) ...
Selecting previously unselected package libpciaccess0:amd64.
Preparing to unpack .../125-libpciaccess0_0.16-3_amd64.deb ...
Unpacking libpciaccess0:amd64 (0.16-3) ...
Selecting previously unselected package libdrm-intel1:amd64.
Preparing to unpack .../126-libdrm-intel1_2.4.113-2~ubuntu0.22.04.1_amd64.deb ...
Unpacking libdrm-intel1:amd64 (2.4.113-2~ubuntu0.22.04.1) ...
Selecting previously unselected package libdrm-nouveau2:amd64.
Preparing to unpack .../127-libdrm-nouveau2_2.4.113-2~ubuntu0.22.04.1_amd64.deb ...
Unpacking libdrm-nouveau2:amd64 (2.4.113-2~ubuntu0.22.04.1) ...
Selecting previously unselected package libdrm-radeon1:amd64.
Preparing to unpack .../128-libdrm-radeon1_2.4.113-2~ubuntu0.22.04.1_amd64.deb ...
Unpacking libdrm-radeon1:amd64 (2.4.113-2~ubuntu0.22.04.1) ...
Selecting previously unselected package libllvm15:amd64.
Preparing to unpack .../129-libllvm15_1%3a15.0.7-0ubuntu0.22.04.3_amd64.deb ...
Unpacking libllvm15:amd64 (1:15.0.7-0ubuntu0.22.04.3) ...
Selecting previously unselected package libsensors-config.
Preparing to unpack .../130-libsensors-config_1%3a3.6.0-7ubuntu1_all.deb ...
Unpacking libsensors-config (1:3.6.0-7ubuntu1) ...
Selecting previously unselected package libsensors5:amd64.
Preparing to unpack .../131-libsensors5_1%3a3.6.0-7ubuntu1_amd64.deb ...
Unpacking libsensors5:amd64 (1:3.6.0-7ubuntu1) ...
Selecting previously unselected package libgl1-mesa-dri:amd64.
Preparing to unpack .../132-libgl1-mesa-dri_23.2.1-1ubuntu3.1~22.04.3_amd64.deb ...
Unpacking libgl1-mesa-dri:amd64 (23.2.1-1ubuntu3.1~22.04.3) ...
Selecting previously unselected package libglx-mesa0:amd64.
Preparing to unpack .../133-libglx-mesa0_23.2.1-1ubuntu3.1~22.04.3_amd64.deb ...
Unpacking libglx-mesa0:amd64 (23.2.1-1ubuntu3.1~22.04.3) ...
Selecting previously unselected package libglx0:amd64.
Preparing to unpack .../134-libglx0_1.4.0-1_amd64.deb ...
Unpacking libglx0:amd64 (1.4.0-1) ...
Selecting previously unselected package libgl1:amd64.
Preparing to unpack .../135-libgl1_1.4.0-1_amd64.deb ...
Unpacking libgl1:amd64 (1.4.0-1) ...
Selecting previously unselected package libxi6:amd64.
Preparing to unpack .../136-libxi6_2%3a1.8-1build1_amd64.deb ...
Unpacking libxi6:amd64 (2:1.8-1build1) ...
Selecting previously unselected package freeglut3:amd64.
Preparing to unpack .../137-freeglut3_2.8.1-6_amd64.deb ...
Unpacking freeglut3:amd64 (2.8.1-6) ...
Selecting previously unselected package xorg-sgml-doctools.
Preparing to unpack .../138-xorg-sgml-doctools_1%3a1.11-1.1_all.deb ...
Unpacking xorg-sgml-doctools (1:1.11-1.1) ...
Selecting previously unselected package x11proto-dev.
Preparing to unpack .../139-x11proto-dev_2021.5-1_all.deb ...
Unpacking x11proto-dev (2021.5-1) ...
Selecting previously unselected package libxau-dev:amd64.
Preparing to unpack .../140-libxau-dev_1%3a1.0.9-1build5_amd64.deb ...
Unpacking libxau-dev:amd64 (1:1.0.9-1build5) ...
Selecting previously unselected package libxdmcp-dev:amd64.
Preparing to unpack .../141-libxdmcp-dev_1%3a1.1.3-0ubuntu5_amd64.deb ...
Unpacking libxdmcp-dev:amd64 (1:1.1.3-0ubuntu5) ...
Selecting previously unselected package xtrans-dev.
Preparing to unpack .../142-xtrans-dev_1.4.0-1_all.deb ...
Unpacking xtrans-dev (1.4.0-1) ...
Selecting previously unselected package libpthread-stubs0-dev:amd64.
Preparing to unpack .../143-libpthread-stubs0-dev_0.4-1build2_amd64.deb ...
Unpacking libpthread-stubs0-dev:amd64 (0.4-1build2) ...
Selecting previously unselected package libxcb1-dev:amd64.
Preparing to unpack .../144-libxcb1-dev_1.14-3ubuntu3_amd64.deb ...
Unpacking libxcb1-dev:amd64 (1.14-3ubuntu3) ...
Selecting previously unselected package libx11-dev:amd64.
Preparing to unpack .../145-libx11-dev_2%3a1.7.5-1ubuntu0.3_amd64.deb ...
Unpacking libx11-dev:amd64 (2:1.7.5-1ubuntu0.3) ...
Selecting previously unselected package libglx-dev:amd64.
Preparing to unpack .../146-libglx-dev_1.4.0-1_amd64.deb ...
Unpacking libglx-dev:amd64 (1.4.0-1) ...
Selecting previously unselected package libgl-dev:amd64.
Preparing to unpack .../147-libgl-dev_1.4.0-1_amd64.deb ...
Unpacking libgl-dev:amd64 (1.4.0-1) ...
Selecting previously unselected package libglvnd-core-dev:amd64.
Preparing to unpack .../148-libglvnd-core-dev_1.4.0-1_amd64.deb ...
Unpacking libglvnd-core-dev:amd64 (1.4.0-1) ...
Selecting previously unselected package libwayland-server0:amd64.
Preparing to unpack .../149-libwayland-server0_1.20.0-1ubuntu0.1_amd64.deb ...
Unpacking libwayland-server0:amd64 (1.20.0-1ubuntu0.1) ...
Selecting previously unselected package libgbm1:amd64.
Preparing to unpack .../150-libgbm1_23.2.1-1ubuntu3.1~22.04.3_amd64.deb ...
Unpacking libgbm1:amd64 (23.2.1-1ubuntu3.1~22.04.3) ...
Selecting previously unselected package libwayland-client0:amd64.
Preparing to unpack .../151-libwayland-client0_1.20.0-1ubuntu0.1_amd64.deb ...
Unpacking libwayland-client0:amd64 (1.20.0-1ubuntu0.1) ...
Selecting previously unselected package libegl-mesa0:amd64.
Preparing to unpack .../152-libegl-mesa0_23.2.1-1ubuntu3.1~22.04.3_amd64.deb ...
Unpacking libegl-mesa0:amd64 (23.2.1-1ubuntu3.1~22.04.3) ...
Selecting previously unselected package libegl1:amd64.
Preparing to unpack .../153-libegl1_1.4.0-1_amd64.deb ...
Unpacking libegl1:amd64 (1.4.0-1) ...
Selecting previously unselected package libegl-dev:amd64.
Preparing to unpack .../154-libegl-dev_1.4.0-1_amd64.deb ...
Unpacking libegl-dev:amd64 (1.4.0-1) ...
Selecting previously unselected package libgles1:amd64.
Preparing to unpack .../155-libgles1_1.4.0-1_amd64.deb ...
Unpacking libgles1:amd64 (1.4.0-1) ...
Selecting previously unselected package libgles2:amd64.
Preparing to unpack .../156-libgles2_1.4.0-1_amd64.deb ...
Unpacking libgles2:amd64 (1.4.0-1) ...
Selecting previously unselected package libgles-dev:amd64.
Preparing to unpack .../157-libgles-dev_1.4.0-1_amd64.deb ...
Unpacking libgles-dev:amd64 (1.4.0-1) ...
Selecting previously unselected package libopengl0:amd64.
Preparing to unpack .../158-libopengl0_1.4.0-1_amd64.deb ...
Unpacking libopengl0:amd64 (1.4.0-1) ...
Selecting previously unselected package libopengl-dev:amd64.
Preparing to unpack .../159-libopengl-dev_1.4.0-1_amd64.deb ...
Unpacking libopengl-dev:amd64 (1.4.0-1) ...
Selecting previously unselected package libglvnd-dev:amd64.
Preparing to unpack .../160-libglvnd-dev_1.4.0-1_amd64.deb ...
Unpacking libglvnd-dev:amd64 (1.4.0-1) ...
Selecting previously unselected package libgl1-mesa-dev:amd64.
Preparing to unpack .../161-libgl1-mesa-dev_23.2.1-1ubuntu3.1~22.04.3_amd64.deb ...
Unpacking libgl1-mesa-dev:amd64 (23.2.1-1ubuntu3.1~22.04.3) ...
Selecting previously unselected package libglu1-mesa:amd64.
Preparing to unpack .../162-libglu1-mesa_9.0.2-1_amd64.deb ...
Unpacking libglu1-mesa:amd64 (9.0.2-1) ...
Selecting previously unselected package libglu1-mesa-dev:amd64.
Preparing to unpack .../163-libglu1-mesa-dev_9.0.2-1_amd64.deb ...
Unpacking libglu1-mesa-dev:amd64 (9.0.2-1) ...
Selecting previously unselected package libxext-dev:amd64.
Preparing to unpack .../164-libxext-dev_2%3a1.3.4-1build1_amd64.deb ...
Unpacking libxext-dev:amd64 (2:1.3.4-1build1) ...
Selecting previously unselected package x11-common.
Preparing to unpack .../165-x11-common_1%3a7.7+23ubuntu2_all.deb ...
Unpacking x11-common (1:7.7+23ubuntu2) ...
Selecting previously unselected package libice6:amd64.
Preparing to unpack .../166-libice6_2%3a1.0.10-1build2_amd64.deb ...
Unpacking libice6:amd64 (2:1.0.10-1build2) ...
Selecting previously unselected package libsm6:amd64.
Preparing to unpack .../167-libsm6_2%3a1.2.3-1build2_amd64.deb ...
Unpacking libsm6:amd64 (2:1.2.3-1build2) ...
Selecting previously unselected package libxt6:amd64.
Preparing to unpack .../168-libxt6_1%3a1.2.1-1_amd64.deb ...
Unpacking libxt6:amd64 (1:1.2.1-1) ...
Selecting previously unselected package libice-dev:amd64.
Preparing to unpack .../169-libice-dev_2%3a1.0.10-1build2_amd64.deb ...
Unpacking libice-dev:amd64 (2:1.0.10-1build2) ...
Selecting previously unselected package libsm-dev:amd64.
Preparing to unpack .../170-libsm-dev_2%3a1.2.3-1build2_amd64.deb ...
Unpacking libsm-dev:amd64 (2:1.2.3-1build2) ...
Selecting previously unselected package libxt-dev:amd64.
Preparing to unpack .../171-libxt-dev_1%3a1.2.1-1_amd64.deb ...
Unpacking libxt-dev:amd64 (1:1.2.1-1) ...
Selecting previously unselected package freeglut3-dev:amd64.
Preparing to unpack .../172-freeglut3-dev_2.8.1-6_amd64.deb ...
Unpacking freeglut3-dev:amd64 (2.8.1-6) ...
Selecting previously unselected package libgfortran5:amd64.
Preparing to unpack .../173-libgfortran5_12.3.0-1ubuntu1~22.04_amd64.deb ...
Unpacking libgfortran5:amd64 (12.3.0-1ubuntu1~22.04) ...
Selecting previously unselected package libgfortran-11-dev:amd64.
Preparing to unpack .../174-libgfortran-11-dev_11.4.0-1ubuntu1~22.04_amd64.deb ...
Unpacking libgfortran-11-dev:amd64 (11.4.0-1ubuntu1~22.04) ...
Selecting previously unselected package gfortran-11.
Preparing to unpack .../175-gfortran-11_11.4.0-1ubuntu1~22.04_amd64.deb ...
Unpacking gfortran-11 (11.4.0-1ubuntu1~22.04) ...
Selecting previously unselected package gfortran.
Preparing to unpack .../176-gfortran_4%3a11.2.0-1ubuntu1_amd64.deb ...
Unpacking gfortran (4:11.2.0-1ubuntu1) ...
Selecting previously unselected package libpackagekit-glib2-18:amd64.
Preparing to unpack .../177-libpackagekit-glib2-18_1.2.5-2ubuntu3_amd64.deb ...
Unpacking libpackagekit-glib2-18:amd64 (1.2.5-2ubuntu3) ...
Selecting previously unselected package gir1.2-packagekitglib-1.0.
Preparing to unpack .../178-gir1.2-packagekitglib-1.0_1.2.5-2ubuntu3_amd64.deb ...
Unpacking gir1.2-packagekitglib-1.0 (1.2.5-2ubuntu3) ...
Selecting previously unselected package libcurl3-gnutls:amd64.
Preparing to unpack .../179-libcurl3-gnutls_7.81.0-1ubuntu1.20_amd64.deb ...
Unpacking libcurl3-gnutls:amd64 (7.81.0-1ubuntu1.20) ...
Selecting previously unselected package liberror-perl.
Preparing to unpack .../180-liberror-perl_0.17029-1_all.deb ...
Unpacking liberror-perl (0.17029-1) ...
Selecting previously unselected package git-man.
Preparing to unpack .../181-git-man_1%3a2.34.1-1ubuntu1.15_all.deb ...
Unpacking git-man (1:2.34.1-1ubuntu1.15) ...
Selecting previously unselected package git.
Preparing to unpack .../182-git_1%3a2.34.1-1ubuntu1.15_amd64.deb ...
Unpacking git (1:2.34.1-1ubuntu1.15) ...
Selecting previously unselected package libassuan0:amd64.
Preparing to unpack .../183-libassuan0_2.5.5-1build1_amd64.deb ...
Unpacking libassuan0:amd64 (2.5.5-1build1) ...
Selecting previously unselected package gpgconf.
Preparing to unpack .../184-gpgconf_2.2.27-3ubuntu2.4_amd64.deb ...
Unpacking gpgconf (2.2.27-3ubuntu2.4) ...
Selecting previously unselected package gpg.
Preparing to unpack .../185-gpg_2.2.27-3ubuntu2.4_amd64.deb ...
Unpacking gpg (2.2.27-3ubuntu2.4) ...
Selecting previously unselected package libnl-3-200:amd64.
Preparing to unpack .../186-libnl-3-200_3.5.0-0.1_amd64.deb ...
Unpacking libnl-3-200:amd64 (3.5.0-0.1) ...
Selecting previously unselected package libnl-route-3-200:amd64.
Preparing to unpack .../187-libnl-route-3-200_3.5.0-0.1_amd64.deb ...
Unpacking libnl-route-3-200:amd64 (3.5.0-0.1) ...
Selecting previously unselected package libibverbs1:amd64.
Preparing to unpack .../188-libibverbs1_39.0-1_amd64.deb ...
Unpacking libibverbs1:amd64 (39.0-1) ...
Selecting previously unselected package ibverbs-providers:amd64.
Preparing to unpack .../189-ibverbs-providers_39.0-1_amd64.deb ...
Unpacking ibverbs-providers:amd64 (39.0-1) ...
Selecting previously unselected package icu-devtools.
Preparing to unpack .../190-icu-devtools_70.1-2_amd64.deb ...
Unpacking icu-devtools (70.1-2) ...
Selecting previously unselected package libstemmer0d:amd64.
Preparing to unpack .../191-libstemmer0d_2.2.0-1build1_amd64.deb ...
Unpacking libstemmer0d:amd64 (2.2.0-1build1) ...
Selecting previously unselected package libxmlb2:amd64.
Preparing to unpack .../192-libxmlb2_0.3.6-2build1_amd64.deb ...
Unpacking libxmlb2:amd64 (0.3.6-2build1) ...
Selecting previously unselected package libappstream4:amd64.
Preparing to unpack .../193-libappstream4_0.15.2-2_amd64.deb ...
Unpacking libappstream4:amd64 (0.15.2-2) ...
Selecting previously unselected package libblas3:amd64.
Preparing to unpack .../194-libblas3_3.10.0-2ubuntu1_amd64.deb ...
Unpacking libblas3:amd64 (3.10.0-2ubuntu1) ...
Selecting previously unselected package libblas-dev:amd64.
Preparing to unpack .../195-libblas-dev_3.10.0-2ubuntu1_amd64.deb ...
Unpacking libblas-dev:amd64 (3.10.0-2ubuntu1) ...
Selecting previously unselected package libboost1.74-dev:amd64.
Preparing to unpack .../196-libboost1.74-dev_1.74.0-14ubuntu3_amd64.deb ...
Unpacking libboost1.74-dev:amd64 (1.74.0-14ubuntu3) ...
Selecting previously unselected package libboost-dev:amd64.
Preparing to unpack .../197-libboost-dev_1.74.0.3ubuntu7_amd64.deb ...
Unpacking libboost-dev:amd64 (1.74.0.3ubuntu7) ...
Selecting previously unselected package libboost1.74-tools-dev.
Preparing to unpack .../198-libboost1.74-tools-dev_1.74.0-14ubuntu3_amd64.deb ...
Unpacking libboost1.74-tools-dev (1.74.0-14ubuntu3) ...
Selecting previously unselected package libboost-tools-dev.
Preparing to unpack .../199-libboost-tools-dev_1.74.0.3ubuntu7_amd64.deb ...
Unpacking libboost-tools-dev (1.74.0.3ubuntu7) ...
Selecting previously unselected package libboost-atomic1.74.0:amd64.
Preparing to unpack .../200-libboost-atomic1.74.0_1.74.0-14ubuntu3_amd64.deb ...
Unpacking libboost-atomic1.74.0:amd64 (1.74.0-14ubuntu3) ...
Selecting previously unselected package libboost-atomic1.74-dev:amd64.
Preparing to unpack .../201-libboost-atomic1.74-dev_1.74.0-14ubuntu3_amd64.deb ...
Unpacking libboost-atomic1.74-dev:amd64 (1.74.0-14ubuntu3) ...
Selecting previously unselected package libboost-atomic-dev:amd64.
Preparing to unpack .../202-libboost-atomic-dev_1.74.0.3ubuntu7_amd64.deb ...
Unpacking libboost-atomic-dev:amd64 (1.74.0.3ubuntu7) ...
Selecting previously unselected package libboost-chrono1.74.0:amd64.
Preparing to unpack .../203-libboost-chrono1.74.0_1.74.0-14ubuntu3_amd64.deb ...
Unpacking libboost-chrono1.74.0:amd64 (1.74.0-14ubuntu3) ...
Selecting previously unselected package libboost-chrono1.74-dev:amd64.
Preparing to unpack .../204-libboost-chrono1.74-dev_1.74.0-14ubuntu3_amd64.deb ...
Unpacking libboost-chrono1.74-dev:amd64 (1.74.0-14ubuntu3) ...
Selecting previously unselected package libboost-chrono-dev:amd64.
Preparing to unpack .../205-libboost-chrono-dev_1.74.0.3ubuntu7_amd64.deb ...
Unpacking libboost-chrono-dev:amd64 (1.74.0.3ubuntu7) ...
Selecting previously unselected package libboost-container1.74.0:amd64.
Preparing to unpack .../206-libboost-container1.74.0_1.74.0-14ubuntu3_amd64.deb ...
Unpacking libboost-container1.74.0:amd64 (1.74.0-14ubuntu3) ...
Selecting previously unselected package libboost-container1.74-dev:amd64.
Preparing to unpack .../207-libboost-container1.74-dev_1.74.0-14ubuntu3_amd64.deb ...
Unpacking libboost-container1.74-dev:amd64 (1.74.0-14ubuntu3) ...
Selecting previously unselected package libboost-container-dev:amd64.
Preparing to unpack .../208-libboost-container-dev_1.74.0.3ubuntu7_amd64.deb ...
Unpacking libboost-container-dev:amd64 (1.74.0.3ubuntu7) ...
Selecting previously unselected package libboost-date-time1.74.0:amd64.
Preparing to unpack .../209-libboost-date-time1.74.0_1.74.0-14ubuntu3_amd64.deb ...
Unpacking libboost-date-time1.74.0:amd64 (1.74.0-14ubuntu3) ...
Selecting previously unselected package libboost-serialization1.74.0:amd64.
Preparing to unpack .../210-libboost-serialization1.74.0_1.74.0-14ubuntu3_amd64.deb ...
Unpacking libboost-serialization1.74.0:amd64 (1.74.0-14ubuntu3) ...
Selecting previously unselected package libboost-serialization1.74-dev:amd64.
Preparing to unpack .../211-libboost-serialization1.74-dev_1.74.0-14ubuntu3_amd64.deb ...
Unpacking libboost-serialization1.74-dev:amd64 (1.74.0-14ubuntu3) ...
Selecting previously unselected package libboost-date-time1.74-dev:amd64.
Preparing to unpack .../212-libboost-date-time1.74-dev_1.74.0-14ubuntu3_amd64.deb ...
Unpacking libboost-date-time1.74-dev:amd64 (1.74.0-14ubuntu3) ...
Selecting previously unselected package libboost-system1.74.0:amd64.
Preparing to unpack .../213-libboost-system1.74.0_1.74.0-14ubuntu3_amd64.deb ...
Unpacking libboost-system1.74.0:amd64 (1.74.0-14ubuntu3) ...
Selecting previously unselected package libboost-system1.74-dev:amd64.
Preparing to unpack .../214-libboost-system1.74-dev_1.74.0-14ubuntu3_amd64.deb ...
Unpacking libboost-system1.74-dev:amd64 (1.74.0-14ubuntu3) ...
Selecting previously unselected package libboost-thread1.74.0:amd64.
Preparing to unpack .../215-libboost-thread1.74.0_1.74.0-14ubuntu3_amd64.deb ...
Unpacking libboost-thread1.74.0:amd64 (1.74.0-14ubuntu3) ...
Selecting previously unselected package libboost-thread1.74-dev:amd64.
Preparing to unpack .../216-libboost-thread1.74-dev_1.74.0-14ubuntu3_amd64.deb ...
Unpacking libboost-thread1.74-dev:amd64 (1.74.0-14ubuntu3) ...
Selecting previously unselected package libboost-context1.74.0:amd64.
Preparing to unpack .../217-libboost-context1.74.0_1.74.0-14ubuntu3_amd64.deb ...
Unpacking libboost-context1.74.0:amd64 (1.74.0-14ubuntu3) ...
Selecting previously unselected package libboost-context1.74-dev:amd64.
Preparing to unpack .../218-libboost-context1.74-dev_1.74.0-14ubuntu3_amd64.deb ...
Unpacking libboost-context1.74-dev:amd64 (1.74.0-14ubuntu3) ...
Selecting previously unselected package libboost-context-dev:amd64.
Preparing to unpack .../219-libboost-context-dev_1.74.0.3ubuntu7_amd64.deb ...
Unpacking libboost-context-dev:amd64 (1.74.0.3ubuntu7) ...
Selecting previously unselected package libboost-coroutine1.74.0:amd64.
Preparing to unpack .../220-libboost-coroutine1.74.0_1.74.0-14ubuntu3_amd64.deb ...
Unpacking libboost-coroutine1.74.0:amd64 (1.74.0-14ubuntu3) ...
Selecting previously unselected package libboost-coroutine1.74-dev:amd64.
Preparing to unpack .../221-libboost-coroutine1.74-dev_1.74.0-14ubuntu3_amd64.deb ...
Unpacking libboost-coroutine1.74-dev:amd64 (1.74.0-14ubuntu3) ...
Selecting previously unselected package libboost-coroutine-dev:amd64.
Preparing to unpack .../222-libboost-coroutine-dev_1.74.0.3ubuntu7_amd64.deb ...
Unpacking libboost-coroutine-dev:amd64 (1.74.0.3ubuntu7) ...
Selecting previously unselected package libboost-date-time-dev:amd64.
Preparing to unpack .../223-libboost-date-time-dev_1.74.0.3ubuntu7_amd64.deb ...
Unpacking libboost-date-time-dev:amd64 (1.74.0.3ubuntu7) ...
Selecting previously unselected package libboost-exception1.74-dev:amd64.
Preparing to unpack .../224-libboost-exception1.74-dev_1.74.0-14ubuntu3_amd64.deb ...
Unpacking libboost-exception1.74-dev:amd64 (1.74.0-14ubuntu3) ...
Selecting previously unselected package libboost-exception-dev:amd64.
Preparing to unpack .../225-libboost-exception-dev_1.74.0.3ubuntu7_amd64.deb ...
Unpacking libboost-exception-dev:amd64 (1.74.0.3ubuntu7) ...
Selecting previously unselected package libboost-filesystem1.74.0:amd64.
Preparing to unpack .../226-libboost-filesystem1.74.0_1.74.0-14ubuntu3_amd64.deb ...
Unpacking libboost-filesystem1.74.0:amd64 (1.74.0-14ubuntu3) ...
Selecting previously unselected package libboost-filesystem1.74-dev:amd64.
Preparing to unpack .../227-libboost-filesystem1.74-dev_1.74.0-14ubuntu3_amd64.deb ...
Unpacking libboost-filesystem1.74-dev:amd64 (1.74.0-14ubuntu3) ...
Selecting previously unselected package libboost-fiber1.74.0:amd64.
Preparing to unpack .../228-libboost-fiber1.74.0_1.74.0-14ubuntu3_amd64.deb ...
Unpacking libboost-fiber1.74.0:amd64 (1.74.0-14ubuntu3) ...
Selecting previously unselected package libboost-fiber1.74-dev:amd64.
Preparing to unpack .../229-libboost-fiber1.74-dev_1.74.0-14ubuntu3_amd64.deb ...
Unpacking libboost-fiber1.74-dev:amd64 (1.74.0-14ubuntu3) ...
Selecting previously unselected package libboost-fiber-dev:amd64.
Preparing to unpack .../230-libboost-fiber-dev_1.74.0.3ubuntu7_amd64.deb ...
Unpacking libboost-fiber-dev:amd64 (1.74.0.3ubuntu7) ...
Selecting previously unselected package libboost-filesystem-dev:amd64.
Preparing to unpack .../231-libboost-filesystem-dev_1.74.0.3ubuntu7_amd64.deb ...
Unpacking libboost-filesystem-dev:amd64 (1.74.0.3ubuntu7) ...
Selecting previously unselected package libboost-regex1.74.0:amd64.
Preparing to unpack .../232-libboost-regex1.74.0_1.74.0-14ubuntu3_amd64.deb ...
Unpacking libboost-regex1.74.0:amd64 (1.74.0-14ubuntu3) ...
Selecting previously unselected package libboost-graph1.74.0:amd64.
Preparing to unpack .../233-libboost-graph1.74.0_1.74.0-14ubuntu3_amd64.deb ...
Unpacking libboost-graph1.74.0:amd64 (1.74.0-14ubuntu3) ...
Selecting previously unselected package libicu-dev:amd64.
Preparing to unpack .../234-libicu-dev_70.1-2_amd64.deb ...
Unpacking libicu-dev:amd64 (70.1-2) ...
Selecting previously unselected package libboost-regex1.74-dev:amd64.
Preparing to unpack .../235-libboost-regex1.74-dev_1.74.0-14ubuntu3_amd64.deb ...
Unpacking libboost-regex1.74-dev:amd64 (1.74.0-14ubuntu3) ...
Selecting previously unselected package libboost-test1.74.0:amd64.
Preparing to unpack .../236-libboost-test1.74.0_1.74.0-14ubuntu3_amd64.deb ...
Unpacking libboost-test1.74.0:amd64 (1.74.0-14ubuntu3) ...
Selecting previously unselected package libboost-test1.74-dev:amd64.
Preparing to unpack .../237-libboost-test1.74-dev_1.74.0-14ubuntu3_amd64.deb ...
Unpacking libboost-test1.74-dev:amd64 (1.74.0-14ubuntu3) ...
Selecting previously unselected package libboost-graph1.74-dev:amd64.
Preparing to unpack .../238-libboost-graph1.74-dev_1.74.0-14ubuntu3_amd64.deb ...
Unpacking libboost-graph1.74-dev:amd64 (1.74.0-14ubuntu3) ...
Selecting previously unselected package libboost-graph-dev:amd64.
Preparing to unpack .../239-libboost-graph-dev_1.74.0.3ubuntu7_amd64.deb ...
Unpacking libboost-graph-dev:amd64 (1.74.0.3ubuntu7) ...
Selecting previously unselected package libevent-core-2.1-7:amd64.
Preparing to unpack .../240-libevent-core-2.1-7_2.1.12-stable-1build3_amd64.deb ...
Unpacking libevent-core-2.1-7:amd64 (2.1.12-stable-1build3) ...
Selecting previously unselected package libevent-pthreads-2.1-7:amd64.
Preparing to unpack .../241-libevent-pthreads-2.1-7_2.1.12-stable-1build3_amd64.deb ...
Unpacking libevent-pthreads-2.1-7:amd64 (2.1.12-stable-1build3) ...
Selecting previously unselected package libpsm-infinipath1.
Preparing to unpack .../242-libpsm-infinipath1_3.3+20.604758e7-6.1_amd64.deb ...
Unpacking libpsm-infinipath1 (3.3+20.604758e7-6.1) ...
Selecting previously unselected package libpsm2-2.
Preparing to unpack .../243-libpsm2-2_11.2.185-1_amd64.deb ...
Unpacking libpsm2-2 (11.2.185-1) ...
Selecting previously unselected package librdmacm1:amd64.
Preparing to unpack .../244-librdmacm1_39.0-1_amd64.deb ...
Unpacking librdmacm1:amd64 (39.0-1) ...
Selecting previously unselected package libfabric1:amd64.
Preparing to unpack .../245-libfabric1_1.11.0-3_amd64.deb ...
Unpacking libfabric1:amd64 (1.11.0-3) ...
Selecting previously unselected package libhwloc15:amd64.
Preparing to unpack .../246-libhwloc15_2.7.0-2ubuntu1_amd64.deb ...
Unpacking libhwloc15:amd64 (2.7.0-2ubuntu1) ...
Selecting previously unselected package libxnvctrl0:amd64.
Preparing to unpack .../247-libxnvctrl0_510.47.03-0ubuntu1_amd64.deb ...
Unpacking libxnvctrl0:amd64 (510.47.03-0ubuntu1) ...
Selecting previously unselected package ocl-icd-libopencl1:amd64.
Preparing to unpack .../248-ocl-icd-libopencl1_2.2.14-3_amd64.deb ...
Unpacking ocl-icd-libopencl1:amd64 (2.2.14-3) ...
Selecting previously unselected package libhwloc-plugins:amd64.
Preparing to unpack .../249-libhwloc-plugins_2.7.0-2ubuntu1_amd64.deb ...
Unpacking libhwloc-plugins:amd64 (2.7.0-2ubuntu1) ...
Selecting previously unselected package libpmix2:amd64.
Preparing to unpack .../250-libpmix2_4.1.2-2ubuntu1_amd64.deb ...
Unpacking libpmix2:amd64 (4.1.2-2ubuntu1) ...
Selecting previously unselected package libucx0:amd64.
Preparing to unpack .../251-libucx0_1.12.1~rc2-1_amd64.deb ...
Unpacking libucx0:amd64 (1.12.1~rc2-1) ...
Selecting previously unselected package libopenmpi3:amd64.
Preparing to unpack .../252-libopenmpi3_4.1.2-2ubuntu1_amd64.deb ...
Unpacking libopenmpi3:amd64 (4.1.2-2ubuntu1) ...
Selecting previously unselected package libboost-mpi1.74.0.
Preparing to unpack .../253-libboost-mpi1.74.0_1.74.0-14ubuntu3_amd64.deb ...
Unpacking libboost-mpi1.74.0 (1.74.0-14ubuntu3) ...
Selecting previously unselected package libboost-graph-parallel1.74.0.
Preparing to unpack .../254-libboost-graph-parallel1.74.0_1.74.0-14ubuntu3_amd64.deb ...
Unpacking libboost-graph-parallel1.74.0 (1.74.0-14ubuntu3) ...
Selecting previously unselected package libboost-graph-parallel1.74-dev.
Preparing to unpack .../255-libboost-graph-parallel1.74-dev_1.74.0-14ubuntu3_amd64.deb ...
Unpacking libboost-graph-parallel1.74-dev (1.74.0-14ubuntu3) ...
Selecting previously unselected package libboost-graph-parallel-dev.
Preparing to unpack .../256-libboost-graph-parallel-dev_1.74.0.3ubuntu7_amd64.deb ...
Unpacking libboost-graph-parallel-dev (1.74.0.3ubuntu7) ...
Selecting previously unselected package libboost-iostreams1.74.0:amd64.
Preparing to unpack .../257-libboost-iostreams1.74.0_1.74.0-14ubuntu3_amd64.deb ...
Unpacking libboost-iostreams1.74.0:amd64 (1.74.0-14ubuntu3) ...
Selecting previously unselected package libboost-iostreams1.74-dev:amd64.
Preparing to unpack .../258-libboost-iostreams1.74-dev_1.74.0-14ubuntu3_amd64.deb ...
Unpacking libboost-iostreams1.74-dev:amd64 (1.74.0-14ubuntu3) ...
Selecting previously unselected package libboost-iostreams-dev:amd64.
Preparing to unpack .../259-libboost-iostreams-dev_1.74.0.3ubuntu7_amd64.deb ...
Unpacking libboost-iostreams-dev:amd64 (1.74.0.3ubuntu7) ...
Selecting previously unselected package libboost-locale1.74.0:amd64.
Preparing to unpack .../260-libboost-locale1.74.0_1.74.0-14ubuntu3_amd64.deb ...
Unpacking libboost-locale1.74.0:amd64 (1.74.0-14ubuntu3) ...
Selecting previously unselected package libboost-locale1.74-dev:amd64.
Preparing to unpack .../261-libboost-locale1.74-dev_1.74.0-14ubuntu3_amd64.deb ...
Unpacking libboost-locale1.74-dev:amd64 (1.74.0-14ubuntu3) ...
Selecting previously unselected package libboost-locale-dev:amd64.
Preparing to unpack .../262-libboost-locale-dev_1.74.0.3ubuntu7_amd64.deb ...
Unpacking libboost-locale-dev:amd64 (1.74.0.3ubuntu7) ...
Selecting previously unselected package libboost-log1.74.0.
Preparing to unpack .../263-libboost-log1.74.0_1.74.0-14ubuntu3_amd64.deb ...
Unpacking libboost-log1.74.0 (1.74.0-14ubuntu3) ...
Selecting previously unselected package libboost-log1.74-dev.
Preparing to unpack .../264-libboost-log1.74-dev_1.74.0-14ubuntu3_amd64.deb ...
Unpacking libboost-log1.74-dev (1.74.0-14ubuntu3) ...
Selecting previously unselected package libboost-log-dev.
Preparing to unpack .../265-libboost-log-dev_1.74.0.3ubuntu7_amd64.deb ...
Unpacking libboost-log-dev (1.74.0.3ubuntu7) ...
Selecting previously unselected package libboost-math1.74.0:amd64.
Preparing to unpack .../266-libboost-math1.74.0_1.74.0-14ubuntu3_amd64.deb ...
Unpacking libboost-math1.74.0:amd64 (1.74.0-14ubuntu3) ...
Selecting previously unselected package libboost-math1.74-dev:amd64.
Preparing to unpack .../267-libboost-math1.74-dev_1.74.0-14ubuntu3_amd64.deb ...
Unpacking libboost-math1.74-dev:amd64 (1.74.0-14ubuntu3) ...
Selecting previously unselected package libboost-math-dev:amd64.
Preparing to unpack .../268-libboost-math-dev_1.74.0.3ubuntu7_amd64.deb ...
Unpacking libboost-math-dev:amd64 (1.74.0.3ubuntu7) ...
Selecting previously unselected package openmpi-common.
Preparing to unpack .../269-openmpi-common_4.1.2-2ubuntu1_all.deb ...
Unpacking openmpi-common (4.1.2-2ubuntu1) ...
Selecting previously unselected package libnl-3-dev:amd64.
Preparing to unpack .../270-libnl-3-dev_3.5.0-0.1_amd64.deb ...
Unpacking libnl-3-dev:amd64 (3.5.0-0.1) ...
Selecting previously unselected package libnl-route-3-dev:amd64.
Preparing to unpack .../271-libnl-route-3-dev_3.5.0-0.1_amd64.deb ...
Unpacking libnl-route-3-dev:amd64 (3.5.0-0.1) ...
Selecting previously unselected package libibverbs-dev:amd64.
Preparing to unpack .../272-libibverbs-dev_39.0-1_amd64.deb ...
Unpacking libibverbs-dev:amd64 (39.0-1) ...
Selecting previously unselected package libnuma-dev:amd64.
Preparing to unpack .../273-libnuma-dev_2.0.14-3ubuntu2_amd64.deb ...
Unpacking libnuma-dev:amd64 (2.0.14-3ubuntu2) ...
Selecting previously unselected package libltdl7:amd64.
Preparing to unpack .../274-libltdl7_2.4.6-15build2_amd64.deb ...
Unpacking libltdl7:amd64 (2.4.6-15build2) ...
Selecting previously unselected package libltdl-dev:amd64.
Preparing to unpack .../275-libltdl-dev_2.4.6-15build2_amd64.deb ...
Unpacking libltdl-dev:amd64 (2.4.6-15build2) ...
Selecting previously unselected package libhwloc-dev:amd64.
Preparing to unpack .../276-libhwloc-dev_2.7.0-2ubuntu1_amd64.deb ...
Unpacking libhwloc-dev:amd64 (2.7.0-2ubuntu1) ...
Selecting previously unselected package libevent-2.1-7:amd64.
Preparing to unpack .../277-libevent-2.1-7_2.1.12-stable-1build3_amd64.deb ...
Unpacking libevent-2.1-7:amd64 (2.1.12-stable-1build3) ...
Selecting previously unselected package libevent-extra-2.1-7:amd64.
Preparing to unpack .../278-libevent-extra-2.1-7_2.1.12-stable-1build3_amd64.deb ...
Unpacking libevent-extra-2.1-7:amd64 (2.1.12-stable-1build3) ...
Selecting previously unselected package libevent-openssl-2.1-7:amd64.
Preparing to unpack .../279-libevent-openssl-2.1-7_2.1.12-stable-1build3_amd64.deb ...
Unpacking libevent-openssl-2.1-7:amd64 (2.1.12-stable-1build3) ...
Selecting previously unselected package libevent-dev.
Preparing to unpack .../280-libevent-dev_2.1.12-stable-1build3_amd64.deb ...
Unpacking libevent-dev (2.1.12-stable-1build3) ...
Selecting previously unselected package zlib1g-dev:amd64.
Preparing to unpack .../281-zlib1g-dev_1%3a1.2.11.dfsg-2ubuntu9.2_amd64.deb ...
Unpacking zlib1g-dev:amd64 (1:1.2.11.dfsg-2ubuntu9.2) ...
Selecting previously unselected package libpmix-dev:amd64.
Preparing to unpack .../282-libpmix-dev_4.1.2-2ubuntu1_amd64.deb ...
Unpacking libpmix-dev:amd64 (4.1.2-2ubuntu1) ...
Selecting previously unselected package libjs-jquery.
Preparing to unpack .../283-libjs-jquery_3.6.0+dfsg+~3.5.13-1_all.deb ...
Unpacking libjs-jquery (3.6.0+dfsg+~3.5.13-1) ...
Selecting previously unselected package libjs-jquery-ui.
Preparing to unpack .../284-libjs-jquery-ui_1.13.1+dfsg-1_all.deb ...
Unpacking libjs-jquery-ui (1.13.1+dfsg-1) ...
Selecting previously unselected package openmpi-bin.
Preparing to unpack .../285-openmpi-bin_4.1.2-2ubuntu1_amd64.deb ...
Unpacking openmpi-bin (4.1.2-2ubuntu1) ...
Selecting previously unselected package libopenmpi-dev:amd64.
Preparing to unpack .../286-libopenmpi-dev_4.1.2-2ubuntu1_amd64.deb ...
Unpacking libopenmpi-dev:amd64 (4.1.2-2ubuntu1) ...
Selecting previously unselected package mpi-default-dev.
Preparing to unpack .../287-mpi-default-dev_1.14_amd64.deb ...
Unpacking mpi-default-dev (1.14) ...
Selecting previously unselected package libboost-mpi1.74-dev.
Preparing to unpack .../288-libboost-mpi1.74-dev_1.74.0-14ubuntu3_amd64.deb ...
Unpacking libboost-mpi1.74-dev (1.74.0-14ubuntu3) ...
Selecting previously unselected package libboost-mpi-dev.
Preparing to unpack .../289-libboost-mpi-dev_1.74.0.3ubuntu7_amd64.deb ...
Unpacking libboost-mpi-dev (1.74.0.3ubuntu7) ...
Selecting previously unselected package libboost-python1.74.0.
Preparing to unpack .../290-libboost-python1.74.0_1.74.0-14ubuntu3_amd64.deb ...
Unpacking libboost-python1.74.0 (1.74.0-14ubuntu3) ...
Selecting previously unselected package mpi-default-bin.
Preparing to unpack .../291-mpi-default-bin_1.14_amd64.deb ...
Unpacking mpi-default-bin (1.14) ...
Selecting previously unselected package libboost-mpi-python1.74.0.
Preparing to unpack .../292-libboost-mpi-python1.74.0_1.74.0-14ubuntu3_amd64.deb ...
Unpacking libboost-mpi-python1.74.0 (1.74.0-14ubuntu3) ...
Selecting previously unselected package libboost-mpi-python1.74-dev.
Preparing to unpack .../293-libboost-mpi-python1.74-dev_1.74.0-14ubuntu3_amd64.deb ...
Unpacking libboost-mpi-python1.74-dev (1.74.0-14ubuntu3) ...
Selecting previously unselected package libboost-mpi-python-dev.
Preparing to unpack .../294-libboost-mpi-python-dev_1.74.0.3ubuntu7_amd64.deb ...
Unpacking libboost-mpi-python-dev (1.74.0.3ubuntu7) ...
Selecting previously unselected package libboost-numpy1.74.0.
Preparing to unpack .../295-libboost-numpy1.74.0_1.74.0-14ubuntu3_amd64.deb ...
Unpacking libboost-numpy1.74.0 (1.74.0-14ubuntu3) ...
Selecting previously unselected package libboost-numpy1.74-dev.
Preparing to unpack .../296-libboost-numpy1.74-dev_1.74.0-14ubuntu3_amd64.deb ...
Unpacking libboost-numpy1.74-dev (1.74.0-14ubuntu3) ...
Selecting previously unselected package libboost-numpy-dev.
Preparing to unpack .../297-libboost-numpy-dev_1.74.0.3ubuntu7_amd64.deb ...
Unpacking libboost-numpy-dev (1.74.0.3ubuntu7) ...
Selecting previously unselected package libboost-program-options1.74.0:amd64.
Preparing to unpack .../298-libboost-program-options1.74.0_1.74.0-14ubuntu3_amd64.deb ...
Unpacking libboost-program-options1.74.0:amd64 (1.74.0-14ubuntu3) ...
Selecting previously unselected package libboost-program-options1.74-dev:amd64.
Preparing to unpack .../299-libboost-program-options1.74-dev_1.74.0-14ubuntu3_amd64.deb ...
Unpacking libboost-program-options1.74-dev:amd64 (1.74.0-14ubuntu3) ...
Selecting previously unselected package libboost-program-options-dev:amd64.
Preparing to unpack .../300-libboost-program-options-dev_1.74.0.3ubuntu7_amd64.deb ...
Unpacking libboost-program-options-dev:amd64 (1.74.0.3ubuntu7) ...
Selecting previously unselected package libpython3.10:amd64.
Preparing to unpack .../301-libpython3.10_3.10.12-1~22.04.10_amd64.deb ...
Unpacking libpython3.10:amd64 (3.10.12-1~22.04.10) ...
Selecting previously unselected package libexpat1-dev:amd64.
Preparing to unpack .../302-libexpat1-dev_2.4.7-1ubuntu0.6_amd64.deb ...
Unpacking libexpat1-dev:amd64 (2.4.7-1ubuntu0.6) ...
Selecting previously unselected package libpython3.10-dev:amd64.
Preparing to unpack .../303-libpython3.10-dev_3.10.12-1~22.04.10_amd64.deb ...
Unpacking libpython3.10-dev:amd64 (3.10.12-1~22.04.10) ...
Selecting previously unselected package libpython3-dev:amd64.
Preparing to unpack .../304-libpython3-dev_3.10.6-1~22.04.1_amd64.deb ...
Unpacking libpython3-dev:amd64 (3.10.6-1~22.04.1) ...
Selecting previously unselected package python3.10-dev.
Preparing to unpack .../305-python3.10-dev_3.10.12-1~22.04.10_amd64.deb ...
Unpacking python3.10-dev (3.10.12-1~22.04.10) ...
Selecting previously unselected package python3-lib2to3.
Preparing to unpack .../306-python3-lib2to3_3.10.8-1~22.04_all.deb ...
Unpacking python3-lib2to3 (3.10.8-1~22.04) ...
Selecting previously unselected package python3-distutils.
Preparing to unpack .../307-python3-distutils_3.10.8-1~22.04_all.deb ...
Unpacking python3-distutils (3.10.8-1~22.04) ...
Selecting previously unselected package libjs-underscore.
Preparing to unpack .../308-libjs-underscore_1.13.2~dfsg-2_all.deb ...
Unpacking libjs-underscore (1.13.2~dfsg-2) ...
Selecting previously unselected package libjs-sphinxdoc.
Preparing to unpack .../309-libjs-sphinxdoc_4.3.2-1_all.deb ...
Unpacking libjs-sphinxdoc (4.3.2-1) ...
Selecting previously unselected package python3-dev.
Preparing to unpack .../310-python3-dev_3.10.6-1~22.04.1_amd64.deb ...
Unpacking python3-dev (3.10.6-1~22.04.1) ...
Selecting previously unselected package libboost-python1.74-dev.
Preparing to unpack .../311-libboost-python1.74-dev_1.74.0-14ubuntu3_amd64.deb ...
Unpacking libboost-python1.74-dev (1.74.0-14ubuntu3) ...
Selecting previously unselected package libboost-python-dev.
Preparing to unpack .../312-libboost-python-dev_1.74.0.3ubuntu7_amd64.deb ...
Unpacking libboost-python-dev (1.74.0.3ubuntu7) ...
Selecting previously unselected package libboost-random1.74.0:amd64.
Preparing to unpack .../313-libboost-random1.74.0_1.74.0-14ubuntu3_amd64.deb ...
Unpacking libboost-random1.74.0:amd64 (1.74.0-14ubuntu3) ...
Selecting previously unselected package libboost-random1.74-dev:amd64.
Preparing to unpack .../314-libboost-random1.74-dev_1.74.0-14ubuntu3_amd64.deb ...
Unpacking libboost-random1.74-dev:amd64 (1.74.0-14ubuntu3) ...
Selecting previously unselected package libboost-random-dev:amd64.
Preparing to unpack .../315-libboost-random-dev_1.74.0.3ubuntu7_amd64.deb ...
Unpacking libboost-random-dev:amd64 (1.74.0.3ubuntu7) ...
Selecting previously unselected package libboost-regex-dev:amd64.
Preparing to unpack .../316-libboost-regex-dev_1.74.0.3ubuntu7_amd64.deb ...
Unpacking libboost-regex-dev:amd64 (1.74.0.3ubuntu7) ...
Selecting previously unselected package libboost-serialization-dev:amd64.
Preparing to unpack .../317-libboost-serialization-dev_1.74.0.3ubuntu7_amd64.deb ...
Unpacking libboost-serialization-dev:amd64 (1.74.0.3ubuntu7) ...
Selecting previously unselected package libboost-stacktrace1.74.0:amd64.
Preparing to unpack .../318-libboost-stacktrace1.74.0_1.74.0-14ubuntu3_amd64.deb ...
Unpacking libboost-stacktrace1.74.0:amd64 (1.74.0-14ubuntu3) ...
Selecting previously unselected package libboost-stacktrace1.74-dev:amd64.
Preparing to unpack .../319-libboost-stacktrace1.74-dev_1.74.0-14ubuntu3_amd64.deb ...
Unpacking libboost-stacktrace1.74-dev:amd64 (1.74.0-14ubuntu3) ...
Selecting previously unselected package libboost-stacktrace-dev:amd64.
Preparing to unpack .../320-libboost-stacktrace-dev_1.74.0.3ubuntu7_amd64.deb ...
Unpacking libboost-stacktrace-dev:amd64 (1.74.0.3ubuntu7) ...
Selecting previously unselected package libboost-system-dev:amd64.
Preparing to unpack .../321-libboost-system-dev_1.74.0.3ubuntu7_amd64.deb ...
Unpacking libboost-system-dev:amd64 (1.74.0.3ubuntu7) ...
Selecting previously unselected package libboost-test-dev:amd64.
Preparing to unpack .../322-libboost-test-dev_1.74.0.3ubuntu7_amd64.deb ...
Unpacking libboost-test-dev:amd64 (1.74.0.3ubuntu7) ...
Selecting previously unselected package libboost-thread-dev:amd64.
Preparing to unpack .../323-libboost-thread-dev_1.74.0.3ubuntu7_amd64.deb ...
Unpacking libboost-thread-dev:amd64 (1.74.0.3ubuntu7) ...
Selecting previously unselected package libboost-timer1.74.0:amd64.
Preparing to unpack .../324-libboost-timer1.74.0_1.74.0-14ubuntu3_amd64.deb ...
Unpacking libboost-timer1.74.0:amd64 (1.74.0-14ubuntu3) ...
Selecting previously unselected package libboost-timer1.74-dev:amd64.
Preparing to unpack .../325-libboost-timer1.74-dev_1.74.0-14ubuntu3_amd64.deb ...
Unpacking libboost-timer1.74-dev:amd64 (1.74.0-14ubuntu3) ...
Selecting previously unselected package libboost-timer-dev:amd64.
Preparing to unpack .../326-libboost-timer-dev_1.74.0.3ubuntu7_amd64.deb ...
Unpacking libboost-timer-dev:amd64 (1.74.0.3ubuntu7) ...
Selecting previously unselected package libboost-type-erasure1.74.0:amd64.
Preparing to unpack .../327-libboost-type-erasure1.74.0_1.74.0-14ubuntu3_amd64.deb ...
Unpacking libboost-type-erasure1.74.0:amd64 (1.74.0-14ubuntu3) ...
Selecting previously unselected package libboost-type-erasure1.74-dev:amd64.
Preparing to unpack .../328-libboost-type-erasure1.74-dev_1.74.0-14ubuntu3_amd64.deb ...
Unpacking libboost-type-erasure1.74-dev:amd64 (1.74.0-14ubuntu3) ...
Selecting previously unselected package libboost-type-erasure-dev:amd64.
Preparing to unpack .../329-libboost-type-erasure-dev_1.74.0.3ubuntu7_amd64.deb ...
Unpacking libboost-type-erasure-dev:amd64 (1.74.0.3ubuntu7) ...
Selecting previously unselected package libboost-wave1.74.0:amd64.
Preparing to unpack .../330-libboost-wave1.74.0_1.74.0-14ubuntu3_amd64.deb ...
Unpacking libboost-wave1.74.0:amd64 (1.74.0-14ubuntu3) ...
Selecting previously unselected package libboost-wave1.74-dev:amd64.
Preparing to unpack .../331-libboost-wave1.74-dev_1.74.0-14ubuntu3_amd64.deb ...
Unpacking libboost-wave1.74-dev:amd64 (1.74.0-14ubuntu3) ...
Selecting previously unselected package libboost-wave-dev:amd64.
Preparing to unpack .../332-libboost-wave-dev_1.74.0.3ubuntu7_amd64.deb ...
Unpacking libboost-wave-dev:amd64 (1.74.0.3ubuntu7) ...
Selecting previously unselected package libboost-nowide1.74.0.
Preparing to unpack .../333-libboost-nowide1.74.0_1.74.0-14ubuntu3_amd64.deb ...
Unpacking libboost-nowide1.74.0 (1.74.0-14ubuntu3) ...
Selecting previously unselected package libboost-nowide1.74-dev.
Preparing to unpack .../334-libboost-nowide1.74-dev_1.74.0-14ubuntu3_amd64.deb ...
Unpacking libboost-nowide1.74-dev (1.74.0-14ubuntu3) ...
Selecting previously unselected package libboost-nowide-dev.
Preparing to unpack .../335-libboost-nowide-dev_1.74.0.3ubuntu7_amd64.deb ...
Unpacking libboost-nowide-dev (1.74.0.3ubuntu7) ...
Selecting previously unselected package libboost-all-dev.
Preparing to unpack .../336-libboost-all-dev_1.74.0.3ubuntu7_amd64.deb ...
Unpacking libboost-all-dev (1.74.0.3ubuntu7) ...
Selecting previously unselected package libdw1:amd64.
Preparing to unpack .../337-libdw1_0.186-1ubuntu0.1_amd64.deb ...
Unpacking libdw1:amd64 (0.186-1ubuntu0.1) ...
Selecting previously unselected package libgflags2.2.
Preparing to unpack .../338-libgflags2.2_2.2.2-2_amd64.deb ...
Unpacking libgflags2.2 (2.2.2-2) ...
Selecting previously unselected package libgflags-dev.
Preparing to unpack .../339-libgflags-dev_2.2.2-2_amd64.deb ...
Unpacking libgflags-dev (2.2.2-2) ...
Selecting previously unselected package libglew2.2:amd64.
Preparing to unpack .../340-libglew2.2_2.2.0-4_amd64.deb ...
Unpacking libglew2.2:amd64 (2.2.0-4) ...
Selecting previously unselected package libglew-dev:amd64.
Preparing to unpack .../341-libglew-dev_2.2.0-4_amd64.deb ...
Unpacking libglew-dev:amd64 (2.2.0-4) ...
Selecting previously unselected package libglib2.0-bin.
Preparing to unpack .../342-libglib2.0-bin_2.72.4-0ubuntu2.5_amd64.deb ...
Unpacking libglib2.0-bin (2.72.4-0ubuntu2.5) ...
Selecting previously unselected package libunwind8:amd64.
Preparing to unpack .../343-libunwind8_1.3.2-2build2.1_amd64.deb ...
Unpacking libunwind8:amd64 (1.3.2-2build2.1) ...
Selecting previously unselected package libgoogle-glog0v5.
Preparing to unpack .../344-libgoogle-glog0v5_0.5.0+really0.4.0-2_amd64.deb ...
Unpacking libgoogle-glog0v5 (0.5.0+really0.4.0-2) ...
Selecting previously unselected package liblzma-dev:amd64.
Preparing to unpack .../345-liblzma-dev_5.2.5-2ubuntu1_amd64.deb ...
Unpacking liblzma-dev:amd64 (5.2.5-2ubuntu1) ...
Selecting previously unselected package libunwind-dev:amd64.
Preparing to unpack .../346-libunwind-dev_1.3.2-2build2.1_amd64.deb ...
Unpacking libunwind-dev:amd64 (1.3.2-2build2.1) ...
Selecting previously unselected package libgoogle-glog-dev.
Preparing to unpack .../347-libgoogle-glog-dev_0.5.0+really0.4.0-2_amd64.deb ...
Unpacking libgoogle-glog-dev (0.5.0+really0.4.0-2) ...
Selecting previously unselected package libgstreamer1.0-0:amd64.
Preparing to unpack .../348-libgstreamer1.0-0_1.20.3-0ubuntu1.1_amd64.deb ...
Unpacking libgstreamer1.0-0:amd64 (1.20.3-0ubuntu1.1) ...
Selecting previously unselected package libopenblas0-pthread:amd64.
Preparing to unpack .../349-libopenblas0-pthread_0.3.20+ds-1_amd64.deb ...
Unpacking libopenblas0-pthread:amd64 (0.3.20+ds-1) ...
Selecting previously unselected package liblapack3:amd64.
Preparing to unpack .../350-liblapack3_3.10.0-2ubuntu1_amd64.deb ...
Unpacking liblapack3:amd64 (3.10.0-2ubuntu1) ...
Selecting previously unselected package libopenblas-pthread-dev:amd64.
Preparing to unpack .../351-libopenblas-pthread-dev_0.3.20+ds-1_amd64.deb ...
Unpacking libopenblas-pthread-dev:amd64 (0.3.20+ds-1) ...
Selecting previously unselected package liblapack-dev:amd64.
Preparing to unpack .../352-liblapack-dev_3.10.0-2ubuntu1_amd64.deb ...
Unpacking liblapack-dev:amd64 (3.10.0-2ubuntu1) ...
Selecting previously unselected package libopenblas0:amd64.
Preparing to unpack .../353-libopenblas0_0.3.20+ds-1_amd64.deb ...
Unpacking libopenblas0:amd64 (0.3.20+ds-1) ...
Selecting previously unselected package libopenblas-dev:amd64.
Preparing to unpack .../354-libopenblas-dev_0.3.20+ds-1_amd64.deb ...
Unpacking libopenblas-dev:amd64 (0.3.20+ds-1) ...
Selecting previously unselected package libpolkit-gobject-1-0:amd64.
Preparing to unpack .../355-libpolkit-gobject-1-0_0.105-33_amd64.deb ...
Unpacking libpolkit-gobject-1-0:amd64 (0.105-33) ...
Selecting previously unselected package libpolkit-agent-1-0:amd64.
Preparing to unpack .../356-libpolkit-agent-1-0_0.105-33_amd64.deb ...
Unpacking libpolkit-agent-1-0:amd64 (0.105-33) ...
Selecting previously unselected package libusb-1.0-0-dev:amd64.
Preparing to unpack .../357-libusb-1.0-0-dev_2%3a1.0.25-1ubuntu2_amd64.deb ...
Unpacking libusb-1.0-0-dev:amd64 (2:1.0.25-1ubuntu2) ...
Selecting previously unselected package polkitd.
Preparing to unpack .../358-polkitd_0.105-33_amd64.deb ...
Unpacking polkitd (0.105-33) ...
Selecting previously unselected package pkexec.
Preparing to unpack .../359-pkexec_0.105-33_amd64.deb ...
Unpacking pkexec (0.105-33) ...
Selecting previously unselected package pkg-config.
Preparing to unpack .../360-pkg-config_0.29.2-1ubuntu3_amd64.deb ...
Unpacking pkg-config (0.29.2-1ubuntu3) ...
Selecting previously unselected package policykit-1.
Preparing to unpack .../361-policykit-1_0.105-33_amd64.deb ...
Unpacking policykit-1 (0.105-33) ...
Selecting previously unselected package python3-blinker.
Preparing to unpack .../362-python3-blinker_1.4+dfsg1-0.4_all.deb ...
Unpacking python3-blinker (1.4+dfsg1-0.4) ...
Selecting previously unselected package python3-cffi-backend:amd64.
Preparing to unpack .../363-python3-cffi-backend_1.15.0-1build2_amd64.deb ...
Unpacking python3-cffi-backend:amd64 (1.15.0-1build2) ...
Selecting previously unselected package python3-cryptography.
Preparing to unpack .../364-python3-cryptography_3.4.8-1ubuntu2.2_amd64.deb ...
Unpacking python3-cryptography (3.4.8-1ubuntu2.2) ...
Selecting previously unselected package python3-pyparsing.
Preparing to unpack .../365-python3-pyparsing_2.4.7-1_all.deb ...
Unpacking python3-pyparsing (2.4.7-1) ...
Selecting previously unselected package python3-httplib2.
Preparing to unpack .../366-python3-httplib2_0.20.2-2_all.deb ...
Unpacking python3-httplib2 (0.20.2-2) ...
Selecting previously unselected package python3-more-itertools.
Preparing to unpack .../367-python3-more-itertools_8.10.0-2_all.deb ...
Unpacking python3-more-itertools (8.10.0-2) ...
Selecting previously unselected package python3-zipp.
Preparing to unpack .../368-python3-zipp_1.0.0-3ubuntu0.1_all.deb ...
Unpacking python3-zipp (1.0.0-3ubuntu0.1) ...
Selecting previously unselected package python3-importlib-metadata.
Preparing to unpack .../369-python3-importlib-metadata_4.6.4-1_all.deb ...
Unpacking python3-importlib-metadata (4.6.4-1) ...
Selecting previously unselected package python3-jeepney.
Preparing to unpack .../370-python3-jeepney_0.7.1-3_all.deb ...
Unpacking python3-jeepney (0.7.1-3) ...
Selecting previously unselected package python3-jwt.
Preparing to unpack .../371-python3-jwt_2.3.0-1ubuntu0.2_all.deb ...
Unpacking python3-jwt (2.3.0-1ubuntu0.2) ...
Selecting previously unselected package python3-secretstorage.
Preparing to unpack .../372-python3-secretstorage_3.3.1-1_all.deb ...
Unpacking python3-secretstorage (3.3.1-1) ...
Selecting previously unselected package python3-keyring.
Preparing to unpack .../373-python3-keyring_23.5.0-1_all.deb ...
Unpacking python3-keyring (23.5.0-1) ...
Selecting previously unselected package python3-lazr.uri.
Preparing to unpack .../374-python3-lazr.uri_1.0.6-2_all.deb ...
Unpacking python3-lazr.uri (1.0.6-2) ...
Selecting previously unselected package python3-wadllib.
Preparing to unpack .../375-python3-wadllib_1.3.6-1_all.deb ...
Unpacking python3-wadllib (1.3.6-1) ...
Selecting previously unselected package python3-distro.
Preparing to unpack .../376-python3-distro_1.7.0-1_all.deb ...
Unpacking python3-distro (1.7.0-1) ...
Selecting previously unselected package python3-oauthlib.
Preparing to unpack .../377-python3-oauthlib_3.2.0-1ubuntu0.1_all.deb ...
Unpacking python3-oauthlib (3.2.0-1ubuntu0.1) ...
Selecting previously unselected package python3-six.
Preparing to unpack .../378-python3-six_1.16.0-3ubuntu1_all.deb ...
Unpacking python3-six (1.16.0-3ubuntu1) ...
Selecting previously unselected package python3-lazr.restfulclient.
Preparing to unpack .../379-python3-lazr.restfulclient_0.14.4-1_all.deb ...
Unpacking python3-lazr.restfulclient (0.14.4-1) ...
Selecting previously unselected package python3-launchpadlib.
Preparing to unpack .../380-python3-launchpadlib_1.10.16-1_all.deb ...
Unpacking python3-launchpadlib (1.10.16-1) ...
Selecting previously unselected package python3-setuptools.
Preparing to unpack .../381-python3-setuptools_59.6.0-1.2ubuntu0.22.04.3_all.deb ...
Unpacking python3-setuptools (59.6.0-1.2ubuntu0.22.04.3) ...
Selecting previously unselected package python3-wheel.
Preparing to unpack .../382-python3-wheel_0.37.1-2ubuntu0.22.04.1_all.deb ...
Unpacking python3-wheel (0.37.1-2ubuntu0.22.04.1) ...
Selecting previously unselected package python3-pip.
Preparing to unpack .../383-python3-pip_22.0.2+dfsg-1ubuntu0.6_all.deb ...
Unpacking python3-pip (22.0.2+dfsg-1ubuntu0.6) ...
Selecting previously unselected package python3-software-properties.
Preparing to unpack .../384-python3-software-properties_0.99.22.9_all.deb ...
Unpacking python3-software-properties (0.99.22.9) ...
Selecting previously unselected package packagekit.
Preparing to unpack .../385-packagekit_1.2.5-2ubuntu3_amd64.deb ...
Unpacking packagekit (1.2.5-2ubuntu3) ...
Selecting previously unselected package software-properties-common.
Preparing to unpack .../386-software-properties-common_0.99.22.9_all.deb ...
Unpacking software-properties-common (0.99.22.9) ...
Selecting previously unselected package unzip.
Preparing to unpack .../387-unzip_6.0-26ubuntu3.2_amd64.deb ...
Unpacking unzip (6.0-26ubuntu3.2) ...
Selecting previously unselected package libeigen3-dev.
Preparing to unpack .../388-libeigen3-dev_3.4.0-2ubuntu2_all.deb ...
Unpacking libeigen3-dev (3.4.0-2ubuntu2) ...
Setting up libboost-chrono1.74.0:amd64 (1.74.0-14ubuntu3) ...
Setting up media-types (7.0.0) ...
Setting up libboost-system1.74.0:amd64 (1.74.0-14ubuntu3) ...
Setting up gcc-11-base:amd64 (11.4.0-1ubuntu1~22.04) ...
Setting up libwayland-server0:amd64 (1.20.0-1ubuntu0.1) ...
Setting up libpciaccess0:amd64 (0.16-3) ...
Setting up systemd-sysv (249.11-0ubuntu3.16) ...
Setting up libxau6:amd64 (1:1.0.9-1build5) ...
Setting up lto-disabled-list (24) ...
Setting up libpsl5:amd64 (0.21.0-1.2build2) ...
Setting up libboost-atomic1.74.0:amd64 (1.74.0-14ubuntu3) ...
Setting up libglvnd-core-dev:amd64 (1.4.0-1) ...
Setting up wget (1.21.2-2ubuntu1.1) ...
Setting up libyaml-0-2:amd64 (0.2.2-1build2) ...
Setting up libglib2.0-0:amd64 (2.72.4-0ubuntu2.5) ...
No schema files found: doing nothing.
Setting up distro-info-data (0.52ubuntu0.9) ...
Setting up libboost-iostreams1.74.0:amd64 (1.74.0-14ubuntu3) ...
Setting up libglvnd0:amd64 (1.4.0-1) ...
Setting up libboost-program-options1.74.0:amd64 (1.74.0-14ubuntu3) ...
Setting up libxmlb2:amd64 (0.3.6-2build1) ...
Setting up unzip (6.0-26ubuntu3.2) ...
Setting up libcbor0.8:amd64 (0.8.0-2ubuntu1) ...
Setting up libbrotli1:amd64 (1.0.9-2build6) ...
Setting up libsqlite3-0:amd64 (3.37.2-2ubuntu0.5) ...
Setting up binutils-common:amd64 (2.38-4ubuntu2.8) ...
Setting up x11-common (1:7.7+23ubuntu2) ...
invoke-rc.d: could not determine current runlevel
invoke-rc.d: policy-rc.d denied execution of start.
Setting up libsensors-config (1:3.6.0-7ubuntu1) ...
Setting up libboost-stacktrace1.74.0:amd64 (1.74.0-14ubuntu3) ...
Setting up libnghttp2-14:amd64 (1.43.0-1ubuntu0.2) ...
Setting up linux-libc-dev:amd64 (5.15.0-151.161) ...
Setting up libctf-nobfd0:amd64 (2.38-4ubuntu2.8) ...
Setting up libpackagekit-glib2-18:amd64 (1.2.5-2ubuntu3) ...
Setting up libboost-nowide1.74.0 (1.74.0-14ubuntu3) ...
Setting up libboost-filesystem1.74.0:amd64 (1.74.0-14ubuntu3) ...
Setting up libassuan0:amd64 (2.5.5-1build1) ...
Setting up libgomp1:amd64 (12.3.0-1ubuntu1~22.04) ...
Setting up perl-modules-5.34 (5.34.0-3ubuntu1.5) ...
Setting up bzip2 (1.0.8-5build1) ...
Setting up libunwind8:amd64 (1.3.2-2build2.1) ...
Setting up libpthread-stubs0-dev:amd64 (0.4-1build2) ...
Setting up libopengl0:amd64 (1.4.0-1) ...
Setting up libasan6:amd64 (11.4.0-1ubuntu1~22.04) ...
Setting up libsasl2-modules-db:amd64 (2.1.27+dfsg2-3ubuntu1.2) ...
Setting up libcap2-bin (1:2.44-1ubuntu0.22.04.2) ...
Setting up xtrans-dev (1.4.0-1) ...
Setting up autotools-dev (20220109.1) ...
Setting up libblas3:amd64 (3.10.0-2ubuntu1) ...
update-alternatives: using /usr/lib/x86_64-linux-gnu/blas/libblas.so.3 to provide /usr/lib/x86_64-linux-gnu/libblas.so.3 (libblas.so.3-x86_64-linux-gnu) in auto mode
Setting up libglib2.0-data (2.72.4-0ubuntu2.5) ...
Setting up libtirpc-dev:amd64 (1.3.2-2ubuntu0.1) ...
Setting up libuv1:amd64 (1.43.0-1ubuntu0.1) ...
Setting up rpcsvc-proto (1.4.2-0ubuntu6) ...
Setting up libgles2:amd64 (1.4.0-1) ...
Setting up libboost-test1.74.0:amd64 (1.74.0-14ubuntu3) ...
Setting up emacsen-common (3.0.4) ...
Setting up libx11-data (2:1.7.5-1ubuntu0.3) ...
Setting up make (4.3-4.1build1) ...
Setting up libmpfr6:amd64 (4.1.0-3build3) ...
Setting up librtmp1:amd64 (2.4+20151223.gitfa8646d.1-2build4) ...
Setting up dh-elpa-helper (2.0.9ubuntu1) ...
Setting up libgles1:amd64 (1.4.0-1) ...
Setting up libdbus-1-3:amd64 (1.12.20-2ubuntu4.1) ...
Setting up dbus (1.12.20-2ubuntu4.1) ...
Setting up libsigsegv2:amd64 (2.13-1ubuntu3) ...
Setting up xz-utils (5.2.5-2ubuntu1) ...
update-alternatives: using /usr/bin/xz to provide /usr/bin/lzma (lzma) in auto mode
update-alternatives: warning: skip creation of /usr/share/man/man1/lzma.1.gz because associated file /usr/share/man/man1/xz.1.gz (of link group lzma) doesn't exist
update-alternatives: warning: skip creation of /usr/share/man/man1/unlzma.1.gz because associated file /usr/share/man/man1/unxz.1.gz (of link group lzma) doesn't exist
update-alternatives: warning: skip creation of /usr/share/man/man1/lzcat.1.gz because associated file /usr/share/man/man1/xzcat.1.gz (of link group lzma) doesn't exist
update-alternatives: warning: skip creation of /usr/share/man/man1/lzmore.1.gz because associated file /usr/share/man/man1/xzmore.1.gz (of link group lzma) doesn't exist
update-alternatives: warning: skip creation of /usr/share/man/man1/lzless.1.gz because associated file /usr/share/man/man1/xzless.1.gz (of link group lzma) doesn't exist
update-alternatives: warning: skip creation of /usr/share/man/man1/lzdiff.1.gz because associated file /usr/share/man/man1/xzdiff.1.gz (of link group lzma) doesn't exist
update-alternatives: warning: skip creation of /usr/share/man/man1/lzcmp.1.gz because associated file /usr/share/man/man1/xzcmp.1.gz (of link group lzma) doesn't exist
update-alternatives: warning: skip creation of /usr/share/man/man1/lzgrep.1.gz because associated file /usr/share/man/man1/xzgrep.1.gz (of link group lzma) doesn't exist
update-alternatives: warning: skip creation of /usr/share/man/man1/lzegrep.1.gz because associated file /usr/share/man/man1/xzegrep.1.gz (of link group lzma) doesn't exist
update-alternatives: warning: skip creation of /usr/share/man/man1/lzfgrep.1.gz because associated file /usr/share/man/man1/xzfgrep.1.gz (of link group lzma) doesn't exist
Setting up libboost-nowide1.74-dev (1.74.0-14ubuntu3) ...
Setting up libquadmath0:amd64 (12.3.0-1ubuntu1~22.04) ...
Setting up libhwloc15:amd64 (2.7.0-2ubuntu1) ...
Setting up libmpc3:amd64 (1.2.1-2build1) ...
Setting up libevent-core-2.1-7:amd64 (2.1.12-stable-1build3) ...
Setting up libatomic1:amd64 (12.3.0-1ubuntu1~22.04) ...
Setting up libboost-context1.74.0:amd64 (1.74.0-14ubuntu3) ...
Setting up libevent-2.1-7:amd64 (2.1.12-stable-1build3) ...
Setting up patch (2.7.6-7build2) ...
Setting up libboost-random1.74.0:amd64 (1.74.0-14ubuntu3) ...
Setting up libjsoncpp25:amd64 (1.9.5-3) ...
Setting up libboost1.74-tools-dev (1.74.0-14ubuntu3) ...
Setting up libsensors5:amd64 (1:3.6.0-7ubuntu1) ...
Setting up libltdl7:amd64 (2.4.6-15build2) ...
Setting up libglapi-mesa:amd64 (23.2.1-1ubuntu3.1~22.04.3) ...
Setting up libsasl2-2:amd64 (2.1.27+dfsg2-3ubuntu1.2) ...
Setting up libssh-4:amd64 (0.9.6-2ubuntu0.22.04.4) ...
Setting up libgfortran5:amd64 (12.3.0-1ubuntu1~22.04) ...
Setting up libboost-math1.74.0:amd64 (1.74.0-14ubuntu3) ...
Setting up liblzma-dev:amd64 (5.2.5-2ubuntu1) ...
Setting up libubsan1:amd64 (12.3.0-1ubuntu1~22.04) ...
Setting up libboost-serialization1.74.0:amd64 (1.74.0-14ubuntu3) ...
Setting up libnuma1:amd64 (2.0.14-3ubuntu2) ...
Setting up libmd0:amd64 (1.0.4-1build1) ...
Setting up python-apt-common (2.4.0ubuntu4) ...
Setting up libboost-container1.74.0:amd64 (1.74.0-14ubuntu3) ...
Setting up libnsl-dev:amd64 (1.3.0-2build2) ...
Setting up ocl-icd-libopencl1:amd64 (2.2.14-3) ...
Setting up libxshmfence1:amd64 (1.3-1build4) ...
Setting up librhash0:amd64 (1.4.2-1ubuntu1) ...
Setting up libcrypt-dev:amd64 (1:4.4.27-1) ...
Setting up libnl-3-200:amd64 (3.5.0-0.1) ...
Setting up libmpdec3:amd64 (2.5.1-2build2) ...
Setting up libpsm2-2 (11.2.185-1) ...
Setting up openmpi-common (4.1.2-2ubuntu1) ...
Setting up libpam-systemd:amd64 (249.11-0ubuntu3.16) ...
Setting up git-man (1:2.34.1-1ubuntu1.15) ...
Setting up libgirepository-1.0-1:amd64 (1.72.0-1) ...
Setting up xorg-sgml-doctools (1:1.11-1.1) ...
Setting up cmake-data (3.22.1-1ubuntu1.22.04.2) ...
Setting up libglu1-mesa:amd64 (9.0.2-1) ...
Setting up libusb-1.0-0:amd64 (2:1.0.25-1ubuntu2) ...
Setting up libstemmer0d:amd64 (2.2.0-1build1) ...
Setting up libpsm-infinipath1 (3.3+20.604758e7-6.1) ...
update-alternatives: using /usr/lib/libpsm1/libpsm_infinipath.so.1.16 to provide /usr/lib/x86_64-linux-gnu/libpsm_infinipath.so.1 (libpsm_infinipath.so.1) in auto mode
Setting up libopengl-dev:amd64 (1.4.0-1) ...
Setting up libjs-jquery (3.6.0+dfsg+~3.5.13-1) ...
Setting up libboost-date-time1.74.0:amd64 (1.74.0-14ubuntu3) ...
Setting up libbinutils:amd64 (2.38-4ubuntu2.8) ...
Setting up libfido2-1:amd64 (1.10.0-1) ...
Setting up libboost-python1.74.0 (1.74.0-14ubuntu3) ...
Setting up libisl23:amd64 (0.24-2build1) ...
Setting up libboost-fiber1.74.0:amd64 (1.74.0-14ubuntu3) ...
Setting up libc-dev-bin (2.35-0ubuntu3.10) ...
Setting up openssl (3.0.2-0ubuntu1.19) ...
Setting up libbsd0:amd64 (0.11.5-1) ...
Setting up libdrm-common (2.4.113-2~ubuntu0.22.04.1) ...
Setting up libelf1:amd64 (0.186-1ubuntu0.1) ...
Setting up readline-common (8.1.2-1) ...
Setting up libboost-timer1.74.0:amd64 (1.74.0-14ubuntu3) ...
Setting up libcc1-0:amd64 (12.3.0-1ubuntu1~22.04) ...
Setting up iso-codes (4.9.0-1) ...
Setting up libpolkit-gobject-1-0:amd64 (0.105-33) ...
Setting up liblsan0:amd64 (12.3.0-1ubuntu1~22.04) ...
Setting up libblas-dev:amd64 (3.10.0-2ubuntu1) ...
update-alternatives: using /usr/lib/x86_64-linux-gnu/blas/libblas.so to provide /usr/lib/x86_64-linux-gnu/libblas.so (libblas.so-x86_64-linux-gnu) in auto mode
Setting up libitm1:amd64 (12.3.0-1ubuntu1~22.04) ...
Setting up libgdbm6:amd64 (1.23-1) ...
Setting up libjs-underscore (1.13.2~dfsg-2) ...
Setting up libboost-thread1.74.0:amd64 (1.74.0-14ubuntu3) ...
Setting up libicu70:amd64 (70.1-2) ...
Setting up libboost-numpy1.74.0 (1.74.0-14ubuntu3) ...
Setting up libevent-pthreads-2.1-7:amd64 (2.1.12-stable-1build3) ...
Setting up libgflags2.2 (2.2.2-2) ...
Setting up libtsan0:amd64 (11.4.0-1ubuntu1~22.04) ...
Setting up libwayland-client0:amd64 (1.20.0-1ubuntu0.1) ...
Setting up libctf0:amd64 (2.38-4ubuntu2.8) ...
Setting up x11proto-dev (2021.5-1) ...
Setting up cpp-11 (11.4.0-1ubuntu1~22.04) ...
Setting up libice6:amd64 (2:1.0.10-1build2) ...
Setting up libdw1:amd64 (0.186-1ubuntu0.1) ...
Setting up libxdmcp6:amd64 (1:1.1.3-0ubuntu5) ...
Setting up libevent-extra-2.1-7:amd64 (2.1.12-stable-1build3) ...
Setting up liblapack3:amd64 (3.10.0-2ubuntu1) ...
update-alternatives: using /usr/lib/x86_64-linux-gnu/lapack/liblapack.so.3 to provide /usr/lib/x86_64-linux-gnu/liblapack.so.3 (liblapack.so.3-x86_64-linux-gnu) in auto mode
Setting up libxcb1:amd64 (1.14-3ubuntu3) ...
Setting up libopenblas0-pthread:amd64 (0.3.20+ds-1) ...
update-alternatives: using /usr/lib/x86_64-linux-gnu/openblas-pthread/libblas.so.3 to provide /usr/lib/x86_64-linux-gnu/libblas.so.3 (libblas.so.3-x86_64-linux-gnu) in auto mode
update-alternatives: using /usr/lib/x86_64-linux-gnu/openblas-pthread/liblapack.so.3 to provide /usr/lib/x86_64-linux-gnu/liblapack.so.3 (liblapack.so.3-x86_64-linux-gnu) in auto mode
update-alternatives: using /usr/lib/x86_64-linux-gnu/openblas-pthread/libopenblas.so.0 to provide /usr/lib/x86_64-linux-gnu/libopenblas.so.0 (libopenblas.so.0-x86_64-linux-gnu) in auto mode
Setting up libxcb-xfixes0:amd64 (1.14-3ubuntu3) ...
Setting up libxau-dev:amd64 (1:1.0.9-1build5) ...
Setting up libunwind-dev:amd64 (1.3.2-2build2.1) ...
Setting up libice-dev:amd64 (2:1.0.10-1build2) ...
Setting up libxcb-glx0:amd64 (1.14-3ubuntu3) ...
Setting up libboost-coroutine1.74.0:amd64 (1.74.0-14ubuntu3) ...
Setting up libedit2:amd64 (3.1-20210910-1build1) ...
Setting up libreadline8:amd64 (8.1.2-1) ...
Setting up libevent-openssl-2.1-7:amd64 (2.1.12-stable-1build3) ...
Setting up libglib2.0-bin (2.72.4-0ubuntu2.5) ...
Setting up libusb-1.0-0-dev:amd64 (2:1.0.25-1ubuntu2) ...
Setting up m4 (1.4.18-5ubuntu2) ...
Setting up libboost-tools-dev (1.74.0.3ubuntu7) ...
Setting up libxcb-shm0:amd64 (1.14-3ubuntu3) ...
Setting up libboost-nowide-dev (1.74.0.3ubuntu7) ...
Setting up libldap-2.5-0:amd64 (2.5.19+dfsg-0ubuntu0.22.04.1) ...
Setting up libnl-route-3-200:amd64 (3.5.0-0.1) ...
Setting up libxcb-present0:amd64 (1.14-3ubuntu3) ...
Setting up libpython3.10-stdlib:amd64 (3.10.12-1~22.04.10) ...
Setting up ca-certificates (20240203~22.04.1) ...
Updating certificates in /etc/ssl/certs...
146 added, 0 removed; done.
Setting up libxdmcp-dev:amd64 (1:1.1.3-0ubuntu5) ...
Setting up libjs-jquery-ui (1.13.1+dfsg-1) ...
Setting up libxcb-sync1:amd64 (1.14-3ubuntu3) ...
Setting up libboost-regex1.74.0:amd64 (1.74.0-14ubuntu3) ...
Setting up libevent-dev (2.1.12-stable-1build3) ...
Setting up liblapack-dev:amd64 (3.10.0-2ubuntu1) ...
update-alternatives: using /usr/lib/x86_64-linux-gnu/lapack/liblapack.so to provide /usr/lib/x86_64-linux-gnu/liblapack.so (liblapack.so-x86_64-linux-gnu) in auto mode
Setting up libgflags-dev (2.2.2-2) ...
Setting up libboost-numpy1.74-dev (1.74.0-14ubuntu3) ...
Setting up libboost-graph1.74.0:amd64 (1.74.0-14ubuntu3) ...
Setting up icu-devtools (70.1-2) ...
Setting up libgdbm-compat4:amd64 (1.23-1) ...
Setting up gir1.2-glib-2.0:amd64 (1.72.0-1) ...
Setting up libjs-sphinxdoc (4.3.2-1) ...
Setting up libxcb-dri2-0:amd64 (1.14-3ubuntu3) ...
Setting up libboost-wave1.74.0:amd64 (1.74.0-14ubuntu3) ...
Setting up libgcc-11-dev:amd64 (11.4.0-1ubuntu1~22.04) ...
Setting up libdrm2:amd64 (2.4.113-2~ubuntu0.22.04.1) ...
Setting up libnl-3-dev:amd64 (3.5.0-0.1) ...
Setting up libopenblas0:amd64 (0.3.20+ds-1) ...
Setting up libxcb-randr0:amd64 (1.14-3ubuntu3) ...
Setting up cpp (4:11.2.0-1ubuntu1) ...
Setting up gpgconf (2.2.27-3ubuntu2.4) ...
Setting up libcurl4:amd64 (7.81.0-1ubuntu1.20) ...
Setting up libpolkit-agent-1-0:amd64 (0.105-33) ...
Setting up libc6-dev:amd64 (2.35-0ubuntu3.10) ...
Setting up libx11-6:amd64 (2:1.7.5-1ubuntu0.3) ...
Setting up curl (7.81.0-1ubuntu1.20) ...
Setting up libboost-locale1.74.0:amd64 (1.74.0-14ubuntu3) ...
Setting up libsm6:amd64 (2:1.2.3-1build2) ...
Setting up libicu-dev:amd64 (70.1-2) ...
Setting up libgoogle-glog0v5 (0.5.0+really0.4.0-2) ...
Setting up libxml2:amd64 (2.9.13+dfsg-1ubuntu0.7) ...
Setting up polkitd (0.105-33) ...
Setting up gpg (2.2.27-3ubuntu2.4) ...
Setting up libgstreamer1.0-0:amd64 (1.20.3-0ubuntu1.1) ...
Setcap worked! gst-ptp-helper is not suid!
Setting up libboost-type-erasure1.74.0:amd64 (1.74.0-14ubuntu3) ...
Setting up libpython3-stdlib:amd64 (3.10.6-1~22.04.1) ...
Setting up binutils-x86-64-linux-gnu (2.38-4ubuntu2.8) ...
Setting up libdrm-amdgpu1:amd64 (2.4.113-2~ubuntu0.22.04.1) ...
Setting up libopenblas-pthread-dev:amd64 (0.3.20+ds-1) ...
update-alternatives: using /usr/lib/x86_64-linux-gnu/openblas-pthread/libblas.so to provide /usr/lib/x86_64-linux-gnu/libblas.so (libblas.so-x86_64-linux-gnu) in auto mode
update-alternatives: using /usr/lib/x86_64-linux-gnu/openblas-pthread/liblapack.so to provide /usr/lib/x86_64-linux-gnu/liblapack.so (liblapack.so-x86_64-linux-gnu) in auto mode
update-alternatives: using /usr/lib/x86_64-linux-gnu/openblas-pthread/libopenblas.so to provide /usr/lib/x86_64-linux-gnu/libopenblas.so (libopenblas.so-x86_64-linux-gnu) in auto mode
Setting up libxcb-dri3-0:amd64 (1.14-3ubuntu3) ...
Setting up libx11-xcb1:amd64 (2:1.7.5-1ubuntu0.3) ...
Setting up libboost-log1.74.0 (1.74.0-14ubuntu3) ...
Setting up libpython3.10:amd64 (3.10.12-1~22.04.10) ...
Setting up libibverbs1:amd64 (39.0-1) ...
Setting up libperl5.34:amd64 (5.34.0-3ubuntu1.5) ...
Setting up libdrm-nouveau2:amd64 (2.4.113-2~ubuntu0.22.04.1) ...
Setting up libxcb1-dev:amd64 (1.14-3ubuntu3) ...
Setting up python3.10 (3.10.12-1~22.04.10) ...
Setting up libgbm1:amd64 (23.2.1-1ubuntu3.1~22.04.3) ...
Setting up ibverbs-providers:amd64 (39.0-1) ...
Setting up libarchive13:amd64 (3.6.0-1ubuntu1.5) ...
Setting up libsm-dev:amd64 (2:1.2.3-1build2) ...
Setting up libgfortran-11-dev:amd64 (11.4.0-1ubuntu1~22.04) ...
Setting up libdrm-radeon1:amd64 (2.4.113-2~ubuntu0.22.04.1) ...
Setting up openssh-client (1:8.9p1-3ubuntu0.13) ...
update-alternatives: using /usr/bin/ssh to provide /usr/bin/rsh (rsh) in auto mode
update-alternatives: warning: skip creation of /usr/share/man/man1/rsh.1.gz because associated file /usr/share/man/man1/ssh.1.gz (of link group rsh) doesn't exist
update-alternatives: using /usr/bin/slogin to provide /usr/bin/rlogin (rlogin) in auto mode
update-alternatives: warning: skip creation of /usr/share/man/man1/rlogin.1.gz because associated file /usr/share/man/man1/slogin.1.gz (of link group rlogin) doesn't exist
update-alternatives: using /usr/bin/scp to provide /usr/bin/rcp (rcp) in auto mode
update-alternatives: warning: skip creation of /usr/share/man/man1/rcp.1.gz because associated file /usr/share/man/man1/scp.1.gz (of link group rcp) doesn't exist
Setting up libdrm-intel1:amd64 (2.4.113-2~ubuntu0.22.04.1) ...
Setting up libx11-dev:amd64 (2:1.7.5-1ubuntu0.3) ...
Setting up libxext6:amd64 (2:1.3.4-1build1) ...
Setting up pkexec (0.105-33) ...
Setting up libcurl3-gnutls:amd64 (7.81.0-1ubuntu1.20) ...
Setting up python3 (3.10.6-1~22.04.1) ...
Setting up binutils (2.38-4ubuntu2.8) ...
Setting up libappstream4:amd64 (0.15.2-2) ...
Setting up libxxf86vm1:amd64 (1:1.1.4-1build3) ...
Setting up libnuma-dev:amd64 (2.0.14-3ubuntu2) ...
Setting up libxnvctrl0:amd64 (510.47.03-0ubuntu1) ...
Setting up python3-six (1.16.0-3ubuntu1) ...
Setting up libnl-route-3-dev:amd64 (3.5.0-0.1) ...
Setting up gir1.2-packagekitglib-1.0 (1.2.5-2ubuntu3) ...
Setting up libopenblas-dev:amd64 (0.3.20+ds-1) ...
Setting up perl (5.34.0-3ubuntu1.5) ...
Setting up libegl-mesa0:amd64 (23.2.1-1ubuntu3.1~22.04.3) ...
Setting up libexpat1-dev:amd64 (2.4.7-1ubuntu0.6) ...
Setting up python3-pyparsing (2.4.7-1) ...
Setting up libxfixes3:amd64 (1:6.0.0-1) ...
Setting up python3-gi (3.42.1-0ubuntu1) ...
Setting up libboost-numpy-dev (1.74.0.3ubuntu7) ...
Setting up libxt6:amd64 (1:1.2.1-1) ...
Setting up libdpkg-perl (1.21.1ubuntu2.3) ...
Setting up python3-jeepney (0.7.1-3) ...
Setting up autoconf (2.71-2) ...
Setting up libxext-dev:amd64 (2:1.3.4-1build1) ...
Setting up libstdc++-11-dev:amd64 (11.4.0-1ubuntu1~22.04) ...
Setting up zlib1g-dev:amd64 (1:1.2.11.dfsg-2ubuntu9.2) ...
Setting up gcc-11 (11.4.0-1ubuntu1~22.04) ...
Setting up libllvm15:amd64 (1:15.0.7-0ubuntu0.22.04.3) ...
Setting up libegl1:amd64 (1.4.0-1) ...
Setting up python3-httplib2 (0.20.2-2) ...
Setting up cmake (3.22.1-1ubuntu1.22.04.2) ...
Setting up libgoogle-glog-dev (0.5.0+really0.4.0-2) ...
Setting up lsb-release (11.1.0ubuntu4) ...
Setting up python3-lib2to3 (3.10.8-1~22.04) ...
Setting up policykit-1 (0.105-33) ...
Setting up python3-cffi-backend:amd64 (1.15.0-1build2) ...
Setting up python3-blinker (1.4+dfsg1-0.4) ...
Setting up python3-pkg-resources (59.6.0-1.2ubuntu0.22.04.3) ...
Setting up automake (1:1.16.5-1.3) ...
update-alternatives: using /usr/bin/automake-1.16 to provide /usr/bin/automake (automake) in auto mode
update-alternatives: warning: skip creation of /usr/share/man/man1/automake.1.gz because associated file /usr/share/man/man1/automake-1.16.1.gz (of link group automake) doesn't exist
update-alternatives: warning: skip creation of /usr/share/man/man1/aclocal.1.gz because associated file /usr/share/man/man1/aclocal-1.16.1.gz (of link group automake) doesn't exist
Setting up python3-distutils (3.10.8-1~22.04) ...
Setting up python3-more-itertools (8.10.0-2) ...
Setting up librdmacm1:amd64 (39.0-1) ...
Setting up python3-dbus (1.2.18-3build1) ...
Setting up libucx0:amd64 (1.12.1~rc2-1) ...
Setting up libboost1.74-dev:amd64 (1.74.0-14ubuntu3) ...
Setting up python3-setuptools (59.6.0-1.2ubuntu0.22.04.3) ...
Setting up python3-distro (1.7.0-1) ...
Setting up libxi6:amd64 (2:1.8-1build1) ...
Setting up python3-jwt (2.3.0-1ubuntu0.2) ...
Setting up libboost-container1.74-dev:amd64 (1.74.0-14ubuntu3) ...
Setting up g++-11 (11.4.0-1ubuntu1~22.04) ...
Setting up python3-apt (2.4.0ubuntu4) ...
Setting up libboost-chrono1.74-dev:amd64 (1.74.0-14ubuntu3) ...
Setting up libgl1-mesa-dri:amd64 (23.2.1-1ubuntu3.1~22.04.3) ...
Setting up python3-lazr.uri (1.0.6-2) ...
Setting up libboost-exception1.74-dev:amd64 (1.74.0-14ubuntu3) ...
Setting up libboost-exception-dev:amd64 (1.74.0.3ubuntu7) ...
Setting up python3-zipp (1.0.0-3ubuntu0.1) ...
Setting up libibverbs-dev:amd64 (39.0-1) ...
Setting up libhwloc-plugins:amd64 (2.7.0-2ubuntu1) ...
Setting up python3-wheel (0.37.1-2ubuntu0.22.04.1) ...
Setting up libboost-container-dev:amd64 (1.74.0.3ubuntu7) ...
Setting up gcc (4:11.2.0-1ubuntu1) ...
Setting up dpkg-dev (1.21.1ubuntu2.3) ...
Setting up libboost-program-options1.74-dev:amd64 (1.74.0-14ubuntu3) ...
Setting up liberror-perl (0.17029-1) ...
Setting up libltdl-dev:amd64 (2.4.6-15build2) ...
Setting up libboost-program-options-dev:amd64 (1.74.0.3ubuntu7) ...
Setting up libxt-dev:amd64 (1:1.2.1-1) ...
Setting up python3-cryptography (3.4.8-1ubuntu2.2) ...
Setting up libboost-system1.74-dev:amd64 (1.74.0-14ubuntu3) ...
Setting up python3-wadllib (1.3.6-1) ...
Setting up libboost-random1.74-dev:amd64 (1.74.0-14ubuntu3) ...
Setting up libboost-timer1.74-dev:amd64 (1.74.0-14ubuntu3) ...
Setting up pkg-config (0.29.2-1ubuntu3) ...
Setting up libpython3.10-dev:amd64 (3.10.12-1~22.04.10) ...
Setting up git (1:2.34.1-1ubuntu1.15) ...
Setting up python3-pip (22.0.2+dfsg-1ubuntu0.6) ...
Setting up gfortran-11 (11.4.0-1ubuntu1~22.04) ...
Setting up libboost-serialization1.74-dev:amd64 (1.74.0-14ubuntu3) ...
Setting up libboost-atomic1.74-dev:amd64 (1.74.0-14ubuntu3) ...
Setting up libboost-atomic-dev:amd64 (1.74.0.3ubuntu7) ...
Setting up python3.10-dev (3.10.12-1~22.04.10) ...
Setting up g++ (4:11.2.0-1ubuntu1) ...
update-alternatives: using /usr/bin/g++ to provide /usr/bin/c++ (c++) in auto mode
update-alternatives: warning: skip creation of /usr/share/man/man1/c++.1.gz because associated file /usr/share/man/man1/g++.1.gz (of link group c++) doesn't exist
Setting up libboost-regex1.74-dev:amd64 (1.74.0-14ubuntu3) ...
Setting up build-essential (12.9ubuntu3) ...
Setting up packagekit (1.2.5-2ubuntu3) ...
invoke-rc.d: could not determine current runlevel
invoke-rc.d: policy-rc.d denied execution of force-reload.
Failed to open connection to "system" message bus: Failed to connect to socket /run/dbus/system_bus_socket: No such file or directory
Created symlink /etc/systemd/user/sockets.target.wants/pk-debconf-helper.socket -> /usr/lib/systemd/user/pk-debconf-helper.socket.
Setting up libhwloc-dev:amd64 (2.7.0-2ubuntu1) ...
Setting up libboost-dev:amd64 (1.74.0.3ubuntu7) ...
Setting up libboost-math1.74-dev:amd64 (1.74.0-14ubuntu3) ...
Setting up libboost-filesystem1.74-dev:amd64 (1.74.0-14ubuntu3) ...
Setting up libboost-stacktrace1.74-dev:amd64 (1.74.0-14ubuntu3) ...
Setting up libboost-test1.74-dev:amd64 (1.74.0-14ubuntu3) ...
Setting up libboost-regex-dev:amd64 (1.74.0.3ubuntu7) ...
Setting up libboost-timer-dev:amd64 (1.74.0.3ubuntu7) ...
Setting up libboost-filesystem-dev:amd64 (1.74.0.3ubuntu7) ...
Setting up libfabric1:amd64 (1.11.0-3) ...
Setting up libglx-mesa0:amd64 (23.2.1-1ubuntu3.1~22.04.3) ...
Setting up libpython3-dev:amd64 (3.10.6-1~22.04.1) ...
Setting up python3-importlib-metadata (4.6.4-1) ...
Setting up libboost-wave1.74-dev:amd64 (1.74.0-14ubuntu3) ...
Setting up libglx0:amd64 (1.4.0-1) ...
Setting up libpmix2:amd64 (4.1.2-2ubuntu1) ...
Setting up libboost-chrono-dev:amd64 (1.74.0.3ubuntu7) ...
Setting up libboost-math-dev:amd64 (1.74.0.3ubuntu7) ...
Setting up libopenmpi3:amd64 (4.1.2-2ubuntu1) ...
Setting up libboost-system-dev:amd64 (1.74.0.3ubuntu7) ...
Setting up libboost-mpi1.74.0 (1.74.0-14ubuntu3) ...
Setting up libboost-random-dev:amd64 (1.74.0.3ubuntu7) ...
Setting up libboost-wave-dev:amd64 (1.74.0.3ubuntu7) ...
Setting up gfortran (4:11.2.0-1ubuntu1) ...
update-alternatives: using /usr/bin/gfortran to provide /usr/bin/f95 (f95) in auto mode
update-alternatives: warning: skip creation of /usr/share/man/man1/f95.1.gz because associated file /usr/share/man/man1/gfortran.1.gz (of link group f95) doesn't exist
update-alternatives: using /usr/bin/gfortran to provide /usr/bin/f77 (f77) in auto mode
update-alternatives: warning: skip creation of /usr/share/man/man1/f77.1.gz because associated file /usr/share/man/man1/gfortran.1.gz (of link group f77) doesn't exist
Setting up libboost-test-dev:amd64 (1.74.0.3ubuntu7) ...
Setting up libboost-iostreams1.74-dev:amd64 (1.74.0-14ubuntu3) ...
Setting up libboost-date-time1.74-dev:amd64 (1.74.0-14ubuntu3) ...
Setting up python3-oauthlib (3.2.0-1ubuntu0.1) ...
Setting up libgl1:amd64 (1.4.0-1) ...
Setting up python3-secretstorage (3.3.1-1) ...
Setting up libboost-graph1.74-dev:amd64 (1.74.0-14ubuntu3) ...
Setting up python3-dev (3.10.6-1~22.04.1) ...
Setting up libeigen3-dev (3.4.0-2ubuntu2) ...
Setting up libboost-serialization-dev:amd64 (1.74.0.3ubuntu7) ...
Setting up libboost-date-time-dev:amd64 (1.74.0.3ubuntu7) ...
Setting up libglew2.2:amd64 (2.2.0-4) ...
Setting up libboost-stacktrace-dev:amd64 (1.74.0.3ubuntu7) ...
Setting up python3-keyring (23.5.0-1) ...
Setting up libboost-thread1.74-dev:amd64 (1.74.0-14ubuntu3) ...
Setting up libglx-dev:amd64 (1.4.0-1) ...
Setting up libboost-graph-parallel1.74.0 (1.74.0-14ubuntu3) ...
Setting up python3-lazr.restfulclient (0.14.4-1) ...
Setting up libgl-dev:amd64 (1.4.0-1) ...
Setting up libpmix-dev:amd64 (4.1.2-2ubuntu1) ...
Setting up openmpi-bin (4.1.2-2ubuntu1) ...
update-alternatives: using /usr/bin/mpirun.openmpi to provide /usr/bin/mpirun (mpirun) in auto mode
update-alternatives: warning: skip creation of /usr/share/man/man1/mpirun.1.gz because associated file /usr/share/man/man1/mpirun.openmpi.1.gz (of link group mpirun) doesn't exist
update-alternatives: warning: skip creation of /usr/share/man/man1/mpiexec.1.gz because associated file /usr/share/man/man1/mpiexec.openmpi.1.gz (of link group mpirun) doesn't exist
update-alternatives: using /usr/bin/mpicc.openmpi to provide /usr/bin/mpicc (mpi) in auto mode
update-alternatives: warning: skip creation of /usr/share/man/man1/mpicc.1.gz because associated file /usr/share/man/man1/mpicc.openmpi.1.gz (of link group mpi) doesn't exist
update-alternatives: warning: skip creation of /usr/share/man/man1/mpic++.1.gz because associated file /usr/share/man/man1/mpic++.openmpi.1.gz (of link group mpi) doesn't exist
update-alternatives: warning: skip creation of /usr/share/man/man1/mpicxx.1.gz because associated file /usr/share/man/man1/mpicxx.openmpi.1.gz (of link group mpi) doesn't exist
update-alternatives: warning: skip creation of /usr/share/man/man1/mpiCC.1.gz because associated file /usr/share/man/man1/mpiCC.openmpi.1.gz (of link group mpi) doesn't exist
update-alternatives: warning: skip creation of /usr/share/man/man1/mpif77.1.gz because associated file /usr/share/man/man1/mpif77.openmpi.1.gz (of link group mpi) doesn't exist
update-alternatives: warning: skip creation of /usr/share/man/man1/mpif90.1.gz because associated file /usr/share/man/man1/mpif90.openmpi.1.gz (of link group mpi) doesn't exist
update-alternatives: warning: skip creation of /usr/share/man/man1/mpifort.1.gz because associated file /usr/share/man/man1/mpifort.openmpi.1.gz (of link group mpi) doesn't exist
Setting up libboost-thread-dev:amd64 (1.74.0.3ubuntu7) ...
Setting up libboost-graph-dev:amd64 (1.74.0.3ubuntu7) ...
Setting up libboost-log1.74-dev (1.74.0-14ubuntu3) ...
Setting up freeglut3:amd64 (2.8.1-6) ...
Setting up libegl-dev:amd64 (1.4.0-1) ...
Setting up python3-launchpadlib (1.10.16-1) ...
Setting up mpi-default-bin (1.14) ...
Setting up libboost-iostreams-dev:amd64 (1.74.0.3ubuntu7) ...
Setting up libboost-context1.74-dev:amd64 (1.74.0-14ubuntu3) ...
Setting up libboost-python1.74-dev (1.74.0-14ubuntu3) ...
Setting up libboost-python-dev (1.74.0.3ubuntu7) ...
Setting up libboost-fiber1.74-dev:amd64 (1.74.0-14ubuntu3) ...
Setting up libboost-type-erasure1.74-dev:amd64 (1.74.0-14ubuntu3) ...
Setting up python3-software-properties (0.99.22.9) ...
Setting up libglu1-mesa-dev:amd64 (9.0.2-1) ...
Setting up libboost-locale1.74-dev:amd64 (1.74.0-14ubuntu3) ...
Setting up libboost-graph-parallel1.74-dev (1.74.0-14ubuntu3) ...
Setting up libboost-coroutine1.74-dev:amd64 (1.74.0-14ubuntu3) ...
Setting up libboost-coroutine-dev:amd64 (1.74.0.3ubuntu7) ...
Setting up libopenmpi-dev:amd64 (4.1.2-2ubuntu1) ...
update-alternatives: using /usr/lib/x86_64-linux-gnu/openmpi/include to provide /usr/include/x86_64-linux-gnu/mpi (mpi-x86_64-linux-gnu) in auto mode
Setting up libgles-dev:amd64 (1.4.0-1) ...
Setting up libboost-log-dev (1.74.0.3ubuntu7) ...
Setting up libboost-fiber-dev:amd64 (1.74.0.3ubuntu7) ...
Setting up libboost-mpi-python1.74.0 (1.74.0-14ubuntu3) ...
Setting up libglvnd-dev:amd64 (1.4.0-1) ...
Setting up libboost-locale-dev:amd64 (1.74.0.3ubuntu7) ...
Setting up libboost-context-dev:amd64 (1.74.0.3ubuntu7) ...
Setting up software-properties-common (0.99.22.9) ...
Setting up libboost-type-erasure-dev:amd64 (1.74.0.3ubuntu7) ...
Setting up libglew-dev:amd64 (2.2.0-4) ...
Setting up libboost-graph-parallel-dev (1.74.0.3ubuntu7) ...
Setting up mpi-default-dev (1.14) ...
Setting up libgl1-mesa-dev:amd64 (23.2.1-1ubuntu3.1~22.04.3) ...
Setting up libboost-mpi1.74-dev (1.74.0-14ubuntu3) ...
Setting up libboost-mpi-python1.74-dev (1.74.0-14ubuntu3) ...
Setting up freeglut3-dev:amd64 (2.8.1-6) ...
Setting up libboost-mpi-python-dev (1.74.0.3ubuntu7) ...
Setting up libboost-mpi-dev (1.74.0.3ubuntu7) ...
Setting up libboost-all-dev (1.74.0.3ubuntu7) ...
Processing triggers for libc-bin (2.35-0ubuntu3.10) ...
Processing triggers for ca-certificates (20240203~22.04.1) ...
Updating certificates in /etc/ssl/certs...
0 added, 0 removed; done.
Running hooks in /etc/ca-certificates/update.d...
done.
Processing triggers for dbus (1.12.20-2ubuntu4.1) ...
+ rm -rf /var/lib/apt/lists/archive.ubuntu.com_ubuntu_dists_jammy-backports_InRelease /var/lib/apt/lists/archive.ubuntu.com_ubuntu_dists_jammy-backports_main_binary-amd64_Packages.lz4 /var/lib/apt/lists/archive.ubuntu.com_ubuntu_dists_jammy-backports_universe_binary-amd64_Packages.lz4 /var/lib/apt/lists/archive.ubuntu.com_ubuntu_dists_jammy-updates_InRelease /var/lib/apt/lists/archive.ubuntu.com_ubuntu_dists_jammy-updates_main_binary-amd64_Packages.lz4 /var/lib/apt/lists/archive.ubuntu.com_ubuntu_dists_jammy-updates_multiverse_binary-amd64_Packages.lz4 /var/lib/apt/lists/archive.ubuntu.com_ubuntu_dists_jammy-updates_restricted_binary-amd64_Packages.lz4 /var/lib/apt/lists/archive.ubuntu.com_ubuntu_dists_jammy-updates_universe_binary-amd64_Packages.lz4 /var/lib/apt/lists/archive.ubuntu.com_ubuntu_dists_jammy_InRelease /var/lib/apt/lists/archive.ubuntu.com_ubuntu_dists_jammy_main_binary-amd64_Packages.lz4 /var/lib/apt/lists/archive.ubuntu.com_ubuntu_dists_jammy_multiverse_binary-amd64_Packages.lz4 /var/lib/apt/lists/archive.ubuntu.com_ubuntu_dists_jammy_restricted_binary-amd64_Packages.lz4 /var/lib/apt/lists/archive.ubuntu.com_ubuntu_dists_jammy_universe_binary-amd64_Packages.lz4 /var/lib/apt/lists/auxfiles /var/lib/apt/lists/lock /var/lib/apt/lists/partial /var/lib/apt/lists/security.ubuntu.com_ubuntu_dists_jammy-security_InRelease /var/lib/apt/lists/security.ubuntu.com_ubuntu_dists_jammy-security_main_binary-amd64_Packages.lz4 /var/lib/apt/lists/security.ubuntu.com_ubuntu_dists_jammy-security_multiverse_binary-amd64_Packages.lz4 /var/lib/apt/lists/security.ubuntu.com_ubuntu_dists_jammy-security_restricted_binary-amd64_Packages.lz4 /var/lib/apt/lists/security.ubuntu.com_ubuntu_dists_jammy-security_universe_binary-amd64_Packages.lz4
+ echo [STAGE 2] Installing scientific libraries...
[STAGE 2] Installing scientific libraries...
+ apt-get update -qq
+ apt-get install -y --no-install-recommends libcgal-dev libcgal-qt5-dev libflann-dev libqhull-dev libsuitesparse-dev
Reading package lists...
Building dependency tree...
Reading state information...
The following additional packages will be installed:
  fontconfig fontconfig-config fonts-dejavu-core libaec-dev libaec0 libamd2
  libavahi-client3 libavahi-common-data libavahi-common3 libbtf1 libcamd2
  libccolamd2 libcholmod3 libcolamd2 libcups2 libcurl4-openssl-dev
  libcxsparse3 libdouble-conversion3 libevdev2 libflann1.9 libfontconfig1
  libfreetype6 libgmp-dev libgmpxx4ldbl libgraphite2-3 libgudev-1.0-0
  libharfbuzz0b libhdf5-mpi-dev libhdf5-openmpi-103-1
  libhdf5-openmpi-cpp-103-1 libhdf5-openmpi-dev libhdf5-openmpi-fortran-102
  libhdf5-openmpi-hl-100 libhdf5-openmpi-hl-cpp-100
  libhdf5-openmpi-hl-fortran-100 libinput-bin libinput10 libjpeg-dev
  libjpeg-turbo8 libjpeg-turbo8-dev libjpeg8 libjpeg8-dev libklu1 libldl2
  liblz4-dev libmd4c0 libmetis5 libmongoose2 libmpfr-dev libmtdev1
  libpcre2-16-0 libpng16-16 libqhull-r8.0 libqhull8.0 libqhullcpp8.0
  libqt5concurrent5 libqt5core5a libqt5dbus5 libqt5gui5 libqt5network5
  libqt5opengl5 libqt5opengl5-dev libqt5printsupport5 libqt5sql5 libqt5svg5
  libqt5svg5-dev libqt5test5 libqt5widgets5 libqt5xml5 librbio2 libsliplu1
  libspqr2 libssl-dev libsuitesparseconfig5 libsz2 libumfpack5 libvulkan-dev
  libvulkan1 libwacom-common libwacom9 libxcb-icccm4 libxcb-image0
  libxcb-keysyms1 libxcb-render-util0 libxcb-render0 libxcb-shape0
  libxcb-util1 libxcb-xinerama0 libxcb-xinput0 libxcb-xkb1 libxkbcommon-x11-0
  libxkbcommon0 libxrender1 qt5-qmake qt5-qmake-bin qtbase5-dev
  qtbase5-dev-tools qtchooser shared-mime-info ucf xkb-data
Suggested packages:
  libmpfi-dev libntl-dev libtbb-dev cups-common libcurl4-doc libidn11-dev
  libkrb5-dev libldap2-dev librtmp-dev libssh2-1-dev gmp-doc libgmp10-doc
  libhdf5-doc libmpfr-doc libthai0 qt5-image-formats-plugins qtwayland5
  libssl-doc default-libmysqlclient-dev firebird-dev libpq-dev libsqlite3-dev
  unixodbc-dev
Recommended packages:
  qttranslations5-l10n qt5-gtk-platformtheme libqt5sql5-sqlite
  | libqt5sql5-mysql | libqt5sql5-odbc | libqt5sql5-psql | libqt5sql5-tds
  | libqt5sql5-ibase libgraphblas-dev mesa-vulkan-drivers | vulkan-icd
  libwacom-bin
The following NEW packages will be installed:
  fontconfig fontconfig-config fonts-dejavu-core libaec-dev libaec0 libamd2
  libavahi-client3 libavahi-common-data libavahi-common3 libbtf1 libcamd2
  libccolamd2 libcgal-dev libcgal-qt5-dev libcholmod3 libcolamd2 libcups2
  libcurl4-openssl-dev libcxsparse3 libdouble-conversion3 libevdev2
  libflann-dev libflann1.9 libfontconfig1 libfreetype6 libgmp-dev
  libgmpxx4ldbl libgraphite2-3 libgudev-1.0-0 libharfbuzz0b libhdf5-mpi-dev
  libhdf5-openmpi-103-1 libhdf5-openmpi-cpp-103-1 libhdf5-openmpi-dev
  libhdf5-openmpi-fortran-102 libhdf5-openmpi-hl-100
  libhdf5-openmpi-hl-cpp-100 libhdf5-openmpi-hl-fortran-100 libinput-bin
  libinput10 libjpeg-dev libjpeg-turbo8 libjpeg-turbo8-dev libjpeg8
  libjpeg8-dev libklu1 libldl2 liblz4-dev libmd4c0 libmetis5 libmongoose2
  libmpfr-dev libmtdev1 libpcre2-16-0 libpng16-16 libqhull-dev libqhull-r8.0
  libqhull8.0 libqhullcpp8.0 libqt5concurrent5 libqt5core5a libqt5dbus5
  libqt5gui5 libqt5network5 libqt5opengl5 libqt5opengl5-dev
  libqt5printsupport5 libqt5sql5 libqt5svg5 libqt5svg5-dev libqt5test5
  libqt5widgets5 libqt5xml5 librbio2 libsliplu1 libspqr2 libssl-dev
  libsuitesparse-dev libsuitesparseconfig5 libsz2 libumfpack5 libvulkan-dev
  libvulkan1 libwacom-common libwacom9 libxcb-icccm4 libxcb-image0
  libxcb-keysyms1 libxcb-render-util0 libxcb-render0 libxcb-shape0
  libxcb-util1 libxcb-xinerama0 libxcb-xinput0 libxcb-xkb1 libxkbcommon-x11-0
  libxkbcommon0 libxrender1 qt5-qmake qt5-qmake-bin qtbase5-dev
  qtbase5-dev-tools qtchooser shared-mime-info ucf xkb-data
0 upgraded, 106 newly installed, 0 to remove and 0 not upgraded.
Need to get 37.1 MB of archives.
After this operation, 203 MB of additional disk space will be used.
Get:1 http://archive.ubuntu.com/ubuntu jammy/main amd64 shared-mime-info amd64 2.1-2 [454 kB]
Get:2 http://archive.ubuntu.com/ubuntu jammy/universe amd64 libdouble-conversion3 amd64 3.1.7-4 [39.0 kB]
Get:3 http://archive.ubuntu.com/ubuntu jammy-updates/main amd64 libpcre2-16-0 amd64 10.39-3ubuntu0.1 [203 kB]
Get:4 http://archive.ubuntu.com/ubuntu jammy-updates/universe amd64 libqt5core5a amd64 5.15.3+dfsg-2ubuntu0.2 [2006 kB]
Get:5 http://archive.ubuntu.com/ubuntu jammy/main amd64 libpng16-16 amd64 1.6.37-3build5 [191 kB]
Get:6 http://archive.ubuntu.com/ubuntu jammy-updates/main amd64 libfreetype6 amd64 2.11.1+dfsg-1ubuntu0.3 [388 kB]
Get:7 http://archive.ubuntu.com/ubuntu jammy/main amd64 ucf all 3.0043 [56.1 kB]
Get:8 http://archive.ubuntu.com/ubuntu jammy/main amd64 fonts-dejavu-core all 2.37-2build1 [1041 kB]
Get:9 http://archive.ubuntu.com/ubuntu jammy/main amd64 fontconfig-config all 2.13.1-4.2ubuntu5 [29.1 kB]
Get:10 http://archive.ubuntu.com/ubuntu jammy/main amd64 libfontconfig1 amd64 2.13.1-4.2ubuntu5 [131 kB]
Get:11 http://archive.ubuntu.com/ubuntu jammy/main amd64 fontconfig amd64 2.13.1-4.2ubuntu5 [177 kB]
Get:12 http://archive.ubuntu.com/ubuntu jammy/main amd64 libgraphite2-3 amd64 1.3.14-1build2 [71.3 kB]
Get:13 http://archive.ubuntu.com/ubuntu jammy-updates/main amd64 libharfbuzz0b amd64 2.7.4-1ubuntu3.2 [353 kB]
Get:14 http://archive.ubuntu.com/ubuntu jammy/main amd64 libevdev2 amd64 1.12.1+dfsg-1 [39.5 kB]
Get:15 http://archive.ubuntu.com/ubuntu jammy/main amd64 libmtdev1 amd64 1.1.6-1build4 [14.5 kB]
Get:16 http://archive.ubuntu.com/ubuntu jammy/main amd64 libgudev-1.0-0 amd64 1:237-2build1 [16.3 kB]
Get:17 http://archive.ubuntu.com/ubuntu jammy/main amd64 libwacom-common all 2.2.0-1 [54.3 kB]
Get:18 http://archive.ubuntu.com/ubuntu jammy/main amd64 libwacom9 amd64 2.2.0-1 [22.0 kB]
Get:19 http://archive.ubuntu.com/ubuntu jammy-updates/main amd64 libinput-bin amd64 1.20.0-1ubuntu0.3 [19.9 kB]
Get:20 http://archive.ubuntu.com/ubuntu jammy-updates/main amd64 libinput10 amd64 1.20.0-1ubuntu0.3 [131 kB]
Get:21 http://archive.ubuntu.com/ubuntu jammy/main amd64 libjpeg-turbo8 amd64 2.1.2-0ubuntu1 [134 kB]
Get:22 http://archive.ubuntu.com/ubuntu jammy/main amd64 libjpeg8 amd64 8c-2ubuntu10 [2264 B]
Get:23 http://archive.ubuntu.com/ubuntu jammy/universe amd64 libmd4c0 amd64 0.4.8-1 [42.0 kB]
Get:24 http://archive.ubuntu.com/ubuntu jammy-updates/universe amd64 libqt5dbus5 amd64 5.15.3+dfsg-2ubuntu0.2 [222 kB]
Get:25 http://archive.ubuntu.com/ubuntu jammy-updates/universe amd64 libqt5network5 amd64 5.15.3+dfsg-2ubuntu0.2 [731 kB]
Get:26 http://archive.ubuntu.com/ubuntu jammy/main amd64 libxcb-icccm4 amd64 0.4.1-1.1build2 [11.5 kB]
Get:27 http://archive.ubuntu.com/ubuntu jammy/main amd64 libxcb-util1 amd64 0.4.0-1build2 [11.4 kB]
Get:28 http://archive.ubuntu.com/ubuntu jammy/main amd64 libxcb-image0 amd64 0.4.0-2 [11.5 kB]
Get:29 http://archive.ubuntu.com/ubuntu jammy/main amd64 libxcb-keysyms1 amd64 0.4.0-1build3 [8746 B]
Get:30 http://archive.ubuntu.com/ubuntu jammy/main amd64 libxcb-render0 amd64 1.14-3ubuntu3 [16.4 kB]
Get:31 http://archive.ubuntu.com/ubuntu jammy/main amd64 libxcb-render-util0 amd64 0.3.9-1build3 [10.3 kB]
Get:32 http://archive.ubuntu.com/ubuntu jammy/main amd64 libxcb-shape0 amd64 1.14-3ubuntu3 [6158 B]
Get:33 http://archive.ubuntu.com/ubuntu jammy/main amd64 libxcb-xinerama0 amd64 1.14-3ubuntu3 [5414 B]
Get:34 http://archive.ubuntu.com/ubuntu jammy/main amd64 libxcb-xinput0 amd64 1.14-3ubuntu3 [34.3 kB]
Get:35 http://archive.ubuntu.com/ubuntu jammy/main amd64 libxcb-xkb1 amd64 1.14-3ubuntu3 [32.8 kB]
Get:36 http://archive.ubuntu.com/ubuntu jammy/main amd64 xkb-data all 2.33-1 [394 kB]
Get:37 http://archive.ubuntu.com/ubuntu jammy/main amd64 libxkbcommon0 amd64 1.4.0-1 [125 kB]
Get:38 http://archive.ubuntu.com/ubuntu jammy/main amd64 libxkbcommon-x11-0 amd64 1.4.0-1 [14.4 kB]
Get:39 http://archive.ubuntu.com/ubuntu jammy/main amd64 libxrender1 amd64 1:0.9.10-1build4 [19.7 kB]
Get:40 http://archive.ubuntu.com/ubuntu jammy-updates/universe amd64 libqt5gui5 amd64 5.15.3+dfsg-2ubuntu0.2 [3722 kB]
Get:41 http://archive.ubuntu.com/ubuntu jammy-updates/universe amd64 libqt5widgets5 amd64 5.15.3+dfsg-2ubuntu0.2 [2561 kB]
Get:42 http://archive.ubuntu.com/ubuntu jammy/universe amd64 libqt5svg5 amd64 5.15.3-1 [149 kB]
Get:43 http://archive.ubuntu.com/ubuntu jammy/universe amd64 libqt5svg5-dev amd64 5.15.3-1 [11.1 kB]
Get:44 http://archive.ubuntu.com/ubuntu jammy/universe amd64 libaec0 amd64 1.0.6-1 [20.1 kB]
Get:45 http://archive.ubuntu.com/ubuntu jammy/main amd64 libsuitesparseconfig5 amd64 1:5.10.1+dfsg-4build1 [10.4 kB]
Get:46 http://archive.ubuntu.com/ubuntu jammy/universe amd64 libamd2 amd64 1:5.10.1+dfsg-4build1 [21.6 kB]
Get:47 http://archive.ubuntu.com/ubuntu jammy-updates/main amd64 libavahi-common-data amd64 0.8-5ubuntu5.2 [23.8 kB]
Get:48 http://archive.ubuntu.com/ubuntu jammy-updates/main amd64 libavahi-common3 amd64 0.8-5ubuntu5.2 [23.9 kB]
Get:49 http://archive.ubuntu.com/ubuntu jammy-updates/main amd64 libavahi-client3 amd64 0.8-5ubuntu5.2 [28.0 kB]
Get:50 http://archive.ubuntu.com/ubuntu jammy/universe amd64 libbtf1 amd64 1:5.10.1+dfsg-4build1 [12.1 kB]
Get:51 http://archive.ubuntu.com/ubuntu jammy/universe amd64 libcamd2 amd64 1:5.10.1+dfsg-4build1 [23.3 kB]
Get:52 http://archive.ubuntu.com/ubuntu jammy/universe amd64 libccolamd2 amd64 1:5.10.1+dfsg-4build1 [25.2 kB]
Get:53 http://archive.ubuntu.com/ubuntu jammy/main amd64 libgmpxx4ldbl amd64 2:6.2.1+dfsg-3ubuntu1 [9580 B]
Get:54 http://archive.ubuntu.com/ubuntu jammy/main amd64 libgmp-dev amd64 2:6.2.1+dfsg-3ubuntu1 [337 kB]
Get:55 http://archive.ubuntu.com/ubuntu jammy/main amd64 libmpfr-dev amd64 4.1.0-3build3 [271 kB]
Get:56 http://archive.ubuntu.com/ubuntu jammy/universe amd64 libcgal-dev amd64 5.4-1 [4784 kB]
Get:57 http://archive.ubuntu.com/ubuntu jammy-updates/universe amd64 libqt5opengl5 amd64 5.15.3+dfsg-2ubuntu0.2 [153 kB]
Get:58 http://archive.ubuntu.com/ubuntu jammy-updates/universe amd64 libqt5concurrent5 amd64 5.15.3+dfsg-2ubuntu0.2 [36.3 kB]
Get:59 http://archive.ubuntu.com/ubuntu jammy-updates/main amd64 libcups2 amd64 2.4.1op1-1ubuntu4.11 [263 kB]
Get:60 http://archive.ubuntu.com/ubuntu jammy-updates/universe amd64 libqt5printsupport5 amd64 5.15.3+dfsg-2ubuntu0.2 [214 kB]
Get:61 http://archive.ubuntu.com/ubuntu jammy-updates/universe amd64 libqt5sql5 amd64 5.15.3+dfsg-2ubuntu0.2 [123 kB]
Get:62 http://archive.ubuntu.com/ubuntu jammy-updates/universe amd64 libqt5test5 amd64 5.15.3+dfsg-2ubuntu0.2 [152 kB]
Get:63 http://archive.ubuntu.com/ubuntu jammy-updates/universe amd64 libqt5xml5 amd64 5.15.3+dfsg-2ubuntu0.2 [124 kB]
Get:64 http://archive.ubuntu.com/ubuntu jammy/main amd64 libvulkan1 amd64 1.3.204.1-2 [128 kB]
Get:65 http://archive.ubuntu.com/ubuntu jammy/main amd64 libvulkan-dev amd64 1.3.204.1-2 [892 kB]
Get:66 http://archive.ubuntu.com/ubuntu jammy-updates/universe amd64 qt5-qmake-bin amd64 5.15.3+dfsg-2ubuntu0.2 [1126 kB]
Get:67 http://archive.ubuntu.com/ubuntu jammy/universe amd64 qtchooser amd64 66-2build1 [24.7 kB]
Get:68 http://archive.ubuntu.com/ubuntu jammy-updates/universe amd64 qt5-qmake amd64 5.15.3+dfsg-2ubuntu0.2 [208 kB]
Get:69 http://archive.ubuntu.com/ubuntu jammy-updates/universe amd64 qtbase5-dev-tools amd64 5.15.3+dfsg-2ubuntu0.2 [819 kB]
Get:70 http://archive.ubuntu.com/ubuntu jammy-updates/universe amd64 qtbase5-dev amd64 5.15.3+dfsg-2ubuntu0.2 [1135 kB]
Get:71 http://archive.ubuntu.com/ubuntu jammy-updates/universe amd64 libqt5opengl5-dev amd64 5.15.3+dfsg-2ubuntu0.2 [42.3 kB]
Get:72 http://archive.ubuntu.com/ubuntu jammy/universe amd64 libcgal-qt5-dev amd64 5.4-1 [138 kB]
Get:73 http://archive.ubuntu.com/ubuntu jammy/main amd64 libcolamd2 amd64 1:5.10.1+dfsg-4build1 [18.0 kB]
Get:74 http://archive.ubuntu.com/ubuntu jammy/universe amd64 libmetis5 amd64 5.1.0.dfsg-7build2 [181 kB]
Get:75 http://archive.ubuntu.com/ubuntu jammy/universe amd64 libcholmod3 amd64 1:5.10.1+dfsg-4build1 [346 kB]
Get:76 http://archive.ubuntu.com/ubuntu jammy-updates/main amd64 libcurl4-openssl-dev amd64 7.81.0-1ubuntu1.20 [386 kB]
Get:77 http://archive.ubuntu.com/ubuntu jammy/universe amd64 libcxsparse3 amd64 1:5.10.1+dfsg-4build1 [70.8 kB]
Get:78 http://archive.ubuntu.com/ubuntu jammy/universe amd64 libflann1.9 amd64 1.9.1+dfsg-11 [742 kB]
Get:79 http://archive.ubuntu.com/ubuntu jammy/universe amd64 libsz2 amd64 1.0.6-1 [5354 B]
Get:80 http://archive.ubuntu.com/ubuntu jammy/universe amd64 libhdf5-openmpi-103-1 amd64 1.10.7+repack-4ubuntu2 [1344 kB]
Get:81 http://archive.ubuntu.com/ubuntu jammy/universe amd64 libhdf5-openmpi-fortran-102 amd64 1.10.7+repack-4ubuntu2 [90.6 kB]
Get:82 http://archive.ubuntu.com/ubuntu jammy/universe amd64 libhdf5-openmpi-hl-100 amd64 1.10.7+repack-4ubuntu2 [59.2 kB]
Get:83 http://archive.ubuntu.com/ubuntu jammy/universe amd64 libhdf5-openmpi-hl-fortran-100 amd64 1.10.7+repack-4ubuntu2 [33.5 kB]
Get:84 http://archive.ubuntu.com/ubuntu jammy/universe amd64 libhdf5-openmpi-cpp-103-1 amd64 1.10.7+repack-4ubuntu2 [129 kB]
Get:85 http://archive.ubuntu.com/ubuntu jammy/universe amd64 libhdf5-openmpi-hl-cpp-100 amd64 1.10.7+repack-4ubuntu2 [10.7 kB]
Get:86 http://archive.ubuntu.com/ubuntu jammy/universe amd64 libaec-dev amd64 1.0.6-1 [17.9 kB]
Get:87 http://archive.ubuntu.com/ubuntu jammy/main amd64 libjpeg-turbo8-dev amd64 2.1.2-0ubuntu1 [257 kB]
Get:88 http://archive.ubuntu.com/ubuntu jammy/main amd64 libjpeg8-dev amd64 8c-2ubuntu10 [1476 B]
Get:89 http://archive.ubuntu.com/ubuntu jammy/main amd64 libjpeg-dev amd64 8c-2ubuntu10 [1472 B]
Get:90 http://archive.ubuntu.com/ubuntu jammy-updates/main amd64 libssl-dev amd64 3.0.2-0ubuntu1.19 [2376 kB]
Get:91 http://archive.ubuntu.com/ubuntu jammy/universe amd64 libhdf5-openmpi-dev amd64 1.10.7+repack-4ubuntu2 [2750 kB]
Get:92 http://archive.ubuntu.com/ubuntu jammy/universe amd64 libhdf5-mpi-dev amd64 1.10.7+repack-4ubuntu2 [4610 B]
Get:93 http://archive.ubuntu.com/ubuntu jammy/main amd64 liblz4-dev amd64 1.9.3-2build2 [80.7 kB]
Get:94 http://archive.ubuntu.com/ubuntu jammy/universe amd64 libflann-dev amd64 1.9.1+dfsg-11 [798 kB]
Get:95 http://archive.ubuntu.com/ubuntu jammy/universe amd64 libklu1 amd64 1:5.10.1+dfsg-4build1 [77.6 kB]
Get:96 http://archive.ubuntu.com/ubuntu jammy/universe amd64 libldl2 amd64 1:5.10.1+dfsg-4build1 [11.7 kB]
Get:97 http://archive.ubuntu.com/ubuntu jammy/universe amd64 libmongoose2 amd64 1:5.10.1+dfsg-4build1 [33.5 kB]
Get:98 http://archive.ubuntu.com/ubuntu jammy/universe amd64 libqhull8.0 amd64 2020.2-4 [193 kB]
Get:99 http://archive.ubuntu.com/ubuntu jammy/universe amd64 libqhull-r8.0 amd64 2020.2-4 [196 kB]
Get:100 http://archive.ubuntu.com/ubuntu jammy/universe amd64 libqhullcpp8.0 amd64 2020.2-4 [53.0 kB]
Get:101 http://archive.ubuntu.com/ubuntu jammy/universe amd64 libqhull-dev amd64 2020.2-4 [502 kB]
Get:102 http://archive.ubuntu.com/ubuntu jammy/universe amd64 librbio2 amd64 1:5.10.1+dfsg-4build1 [26.6 kB]
Get:103 http://archive.ubuntu.com/ubuntu jammy/universe amd64 libsliplu1 amd64 1:5.10.1+dfsg-4build1 [37.1 kB]
Get:104 http://archive.ubuntu.com/ubuntu jammy/universe amd64 libspqr2 amd64 1:5.10.1+dfsg-4build1 [71.6 kB]
Get:105 http://archive.ubuntu.com/ubuntu jammy/universe amd64 libumfpack5 amd64 1:5.10.1+dfsg-4build1 [250 kB]
Get:106 http://archive.ubuntu.com/ubuntu jammy/universe amd64 libsuitesparse-dev amd64 1:5.10.1+dfsg-4build1 [1058 kB]
debconf: delaying package configuration, since apt-utils is not installed
Fetched 37.1 MB in 12s (3213 kB/s)
Selecting previously unselected package shared-mime-info.
(Reading database ... (Reading database ... 5%(Reading database ... 10%(Reading database ... 15%(Reading database ... 20%(Reading database ... 25%(Reading database ... 30%(Reading database ... 35%(Reading database ... 40%(Reading database ... 45%(Reading database ... 50%(Reading database ... 55%(Reading database ... 60%(Reading database ... 65%(Reading database ... 70%(Reading database ... 75%(Reading database ... 80%(Reading database ... 85%(Reading database ... 90%(Reading database ... 95%(Reading database ... 100%(Reading database ... 42943 files and directories currently installed.)
Preparing to unpack .../000-shared-mime-info_2.1-2_amd64.deb ...
Unpacking shared-mime-info (2.1-2) ...
Selecting previously unselected package libdouble-conversion3:amd64.
Preparing to unpack .../001-libdouble-conversion3_3.1.7-4_amd64.deb ...
Unpacking libdouble-conversion3:amd64 (3.1.7-4) ...
Selecting previously unselected package libpcre2-16-0:amd64.
Preparing to unpack .../002-libpcre2-16-0_10.39-3ubuntu0.1_amd64.deb ...
Unpacking libpcre2-16-0:amd64 (10.39-3ubuntu0.1) ...
Selecting previously unselected package libqt5core5a:amd64.
Preparing to unpack .../003-libqt5core5a_5.15.3+dfsg-2ubuntu0.2_amd64.deb ...
Unpacking libqt5core5a:amd64 (5.15.3+dfsg-2ubuntu0.2) ...
Selecting previously unselected package libpng16-16:amd64.
Preparing to unpack .../004-libpng16-16_1.6.37-3build5_amd64.deb ...
Unpacking libpng16-16:amd64 (1.6.37-3build5) ...
Selecting previously unselected package libfreetype6:amd64.
Preparing to unpack .../005-libfreetype6_2.11.1+dfsg-1ubuntu0.3_amd64.deb ...
Unpacking libfreetype6:amd64 (2.11.1+dfsg-1ubuntu0.3) ...
Selecting previously unselected package ucf.
Preparing to unpack .../006-ucf_3.0043_all.deb ...
Moving old data out of the way
Unpacking ucf (3.0043) ...
Selecting previously unselected package fonts-dejavu-core.
Preparing to unpack .../007-fonts-dejavu-core_2.37-2build1_all.deb ...
Unpacking fonts-dejavu-core (2.37-2build1) ...
Selecting previously unselected package fontconfig-config.
Preparing to unpack .../008-fontconfig-config_2.13.1-4.2ubuntu5_all.deb ...
Unpacking fontconfig-config (2.13.1-4.2ubuntu5) ...
Selecting previously unselected package libfontconfig1:amd64.
Preparing to unpack .../009-libfontconfig1_2.13.1-4.2ubuntu5_amd64.deb ...
Unpacking libfontconfig1:amd64 (2.13.1-4.2ubuntu5) ...
Selecting previously unselected package fontconfig.
Preparing to unpack .../010-fontconfig_2.13.1-4.2ubuntu5_amd64.deb ...
Unpacking fontconfig (2.13.1-4.2ubuntu5) ...
Selecting previously unselected package libgraphite2-3:amd64.
Preparing to unpack .../011-libgraphite2-3_1.3.14-1build2_amd64.deb ...
Unpacking libgraphite2-3:amd64 (1.3.14-1build2) ...
Selecting previously unselected package libharfbuzz0b:amd64.
Preparing to unpack .../012-libharfbuzz0b_2.7.4-1ubuntu3.2_amd64.deb ...
Unpacking libharfbuzz0b:amd64 (2.7.4-1ubuntu3.2) ...
Selecting previously unselected package libevdev2:amd64.
Preparing to unpack .../013-libevdev2_1.12.1+dfsg-1_amd64.deb ...
Unpacking libevdev2:amd64 (1.12.1+dfsg-1) ...
Selecting previously unselected package libmtdev1:amd64.
Preparing to unpack .../014-libmtdev1_1.1.6-1build4_amd64.deb ...
Unpacking libmtdev1:amd64 (1.1.6-1build4) ...
Selecting previously unselected package libgudev-1.0-0:amd64.
Preparing to unpack .../015-libgudev-1.0-0_1%3a237-2build1_amd64.deb ...
Unpacking libgudev-1.0-0:amd64 (1:237-2build1) ...
Selecting previously unselected package libwacom-common.
Preparing to unpack .../016-libwacom-common_2.2.0-1_all.deb ...
Unpacking libwacom-common (2.2.0-1) ...
Selecting previously unselected package libwacom9:amd64.
Preparing to unpack .../017-libwacom9_2.2.0-1_amd64.deb ...
Unpacking libwacom9:amd64 (2.2.0-1) ...
Selecting previously unselected package libinput-bin.
Preparing to unpack .../018-libinput-bin_1.20.0-1ubuntu0.3_amd64.deb ...
Unpacking libinput-bin (1.20.0-1ubuntu0.3) ...
Selecting previously unselected package libinput10:amd64.
Preparing to unpack .../019-libinput10_1.20.0-1ubuntu0.3_amd64.deb ...
Unpacking libinput10:amd64 (1.20.0-1ubuntu0.3) ...
Selecting previously unselected package libjpeg-turbo8:amd64.
Preparing to unpack .../020-libjpeg-turbo8_2.1.2-0ubuntu1_amd64.deb ...
Unpacking libjpeg-turbo8:amd64 (2.1.2-0ubuntu1) ...
Selecting previously unselected package libjpeg8:amd64.
Preparing to unpack .../021-libjpeg8_8c-2ubuntu10_amd64.deb ...
Unpacking libjpeg8:amd64 (8c-2ubuntu10) ...
Selecting previously unselected package libmd4c0:amd64.
Preparing to unpack .../022-libmd4c0_0.4.8-1_amd64.deb ...
Unpacking libmd4c0:amd64 (0.4.8-1) ...
Selecting previously unselected package libqt5dbus5:amd64.
Preparing to unpack .../023-libqt5dbus5_5.15.3+dfsg-2ubuntu0.2_amd64.deb ...
Unpacking libqt5dbus5:amd64 (5.15.3+dfsg-2ubuntu0.2) ...
Selecting previously unselected package libqt5network5:amd64.
Preparing to unpack .../024-libqt5network5_5.15.3+dfsg-2ubuntu0.2_amd64.deb ...
Unpacking libqt5network5:amd64 (5.15.3+dfsg-2ubuntu0.2) ...
Selecting previously unselected package libxcb-icccm4:amd64.
Preparing to unpack .../025-libxcb-icccm4_0.4.1-1.1build2_amd64.deb ...
Unpacking libxcb-icccm4:amd64 (0.4.1-1.1build2) ...
Selecting previously unselected package libxcb-util1:amd64.
Preparing to unpack .../026-libxcb-util1_0.4.0-1build2_amd64.deb ...
Unpacking libxcb-util1:amd64 (0.4.0-1build2) ...
Selecting previously unselected package libxcb-image0:amd64.
Preparing to unpack .../027-libxcb-image0_0.4.0-2_amd64.deb ...
Unpacking libxcb-image0:amd64 (0.4.0-2) ...
Selecting previously unselected package libxcb-keysyms1:amd64.
Preparing to unpack .../028-libxcb-keysyms1_0.4.0-1build3_amd64.deb ...
Unpacking libxcb-keysyms1:amd64 (0.4.0-1build3) ...
Selecting previously unselected package libxcb-render0:amd64.
Preparing to unpack .../029-libxcb-render0_1.14-3ubuntu3_amd64.deb ...
Unpacking libxcb-render0:amd64 (1.14-3ubuntu3) ...
Selecting previously unselected package libxcb-render-util0:amd64.
Preparing to unpack .../030-libxcb-render-util0_0.3.9-1build3_amd64.deb ...
Unpacking libxcb-render-util0:amd64 (0.3.9-1build3) ...
Selecting previously unselected package libxcb-shape0:amd64.
Preparing to unpack .../031-libxcb-shape0_1.14-3ubuntu3_amd64.deb ...
Unpacking libxcb-shape0:amd64 (1.14-3ubuntu3) ...
Selecting previously unselected package libxcb-xinerama0:amd64.
Preparing to unpack .../032-libxcb-xinerama0_1.14-3ubuntu3_amd64.deb ...
Unpacking libxcb-xinerama0:amd64 (1.14-3ubuntu3) ...
Selecting previously unselected package libxcb-xinput0:amd64.
Preparing to unpack .../033-libxcb-xinput0_1.14-3ubuntu3_amd64.deb ...
Unpacking libxcb-xinput0:amd64 (1.14-3ubuntu3) ...
Selecting previously unselected package libxcb-xkb1:amd64.
Preparing to unpack .../034-libxcb-xkb1_1.14-3ubuntu3_amd64.deb ...
Unpacking libxcb-xkb1:amd64 (1.14-3ubuntu3) ...
Selecting previously unselected package xkb-data.
Preparing to unpack .../035-xkb-data_2.33-1_all.deb ...
Unpacking xkb-data (2.33-1) ...
Selecting previously unselected package libxkbcommon0:amd64.
Preparing to unpack .../036-libxkbcommon0_1.4.0-1_amd64.deb ...
Unpacking libxkbcommon0:amd64 (1.4.0-1) ...
Selecting previously unselected package libxkbcommon-x11-0:amd64.
Preparing to unpack .../037-libxkbcommon-x11-0_1.4.0-1_amd64.deb ...
Unpacking libxkbcommon-x11-0:amd64 (1.4.0-1) ...
Selecting previously unselected package libxrender1:amd64.
Preparing to unpack .../038-libxrender1_1%3a0.9.10-1build4_amd64.deb ...
Unpacking libxrender1:amd64 (1:0.9.10-1build4) ...
Selecting previously unselected package libqt5gui5:amd64.
Preparing to unpack .../039-libqt5gui5_5.15.3+dfsg-2ubuntu0.2_amd64.deb ...
Unpacking libqt5gui5:amd64 (5.15.3+dfsg-2ubuntu0.2) ...
Selecting previously unselected package libqt5widgets5:amd64.
Preparing to unpack .../040-libqt5widgets5_5.15.3+dfsg-2ubuntu0.2_amd64.deb ...
Unpacking libqt5widgets5:amd64 (5.15.3+dfsg-2ubuntu0.2) ...
Selecting previously unselected package libqt5svg5:amd64.
Preparing to unpack .../041-libqt5svg5_5.15.3-1_amd64.deb ...
Unpacking libqt5svg5:amd64 (5.15.3-1) ...
Selecting previously unselected package libqt5svg5-dev:amd64.
Preparing to unpack .../042-libqt5svg5-dev_5.15.3-1_amd64.deb ...
Unpacking libqt5svg5-dev:amd64 (5.15.3-1) ...
Selecting previously unselected package libaec0:amd64.
Preparing to unpack .../043-libaec0_1.0.6-1_amd64.deb ...
Unpacking libaec0:amd64 (1.0.6-1) ...
Selecting previously unselected package libsuitesparseconfig5:amd64.
Preparing to unpack .../044-libsuitesparseconfig5_1%3a5.10.1+dfsg-4build1_amd64.deb ...
Unpacking libsuitesparseconfig5:amd64 (1:5.10.1+dfsg-4build1) ...
Selecting previously unselected package libamd2:amd64.
Preparing to unpack .../045-libamd2_1%3a5.10.1+dfsg-4build1_amd64.deb ...
Unpacking libamd2:amd64 (1:5.10.1+dfsg-4build1) ...
Selecting previously unselected package libavahi-common-data:amd64.
Preparing to unpack .../046-libavahi-common-data_0.8-5ubuntu5.2_amd64.deb ...
Unpacking libavahi-common-data:amd64 (0.8-5ubuntu5.2) ...
Selecting previously unselected package libavahi-common3:amd64.
Preparing to unpack .../047-libavahi-common3_0.8-5ubuntu5.2_amd64.deb ...
Unpacking libavahi-common3:amd64 (0.8-5ubuntu5.2) ...
Selecting previously unselected package libavahi-client3:amd64.
Preparing to unpack .../048-libavahi-client3_0.8-5ubuntu5.2_amd64.deb ...
Unpacking libavahi-client3:amd64 (0.8-5ubuntu5.2) ...
Selecting previously unselected package libbtf1:amd64.
Preparing to unpack .../049-libbtf1_1%3a5.10.1+dfsg-4build1_amd64.deb ...
Unpacking libbtf1:amd64 (1:5.10.1+dfsg-4build1) ...
Selecting previously unselected package libcamd2:amd64.
Preparing to unpack .../050-libcamd2_1%3a5.10.1+dfsg-4build1_amd64.deb ...
Unpacking libcamd2:amd64 (1:5.10.1+dfsg-4build1) ...
Selecting previously unselected package libccolamd2:amd64.
Preparing to unpack .../051-libccolamd2_1%3a5.10.1+dfsg-4build1_amd64.deb ...
Unpacking libccolamd2:amd64 (1:5.10.1+dfsg-4build1) ...
Selecting previously unselected package libgmpxx4ldbl:amd64.
Preparing to unpack .../052-libgmpxx4ldbl_2%3a6.2.1+dfsg-3ubuntu1_amd64.deb ...
Unpacking libgmpxx4ldbl:amd64 (2:6.2.1+dfsg-3ubuntu1) ...
Selecting previously unselected package libgmp-dev:amd64.
Preparing to unpack .../053-libgmp-dev_2%3a6.2.1+dfsg-3ubuntu1_amd64.deb ...
Unpacking libgmp-dev:amd64 (2:6.2.1+dfsg-3ubuntu1) ...
Selecting previously unselected package libmpfr-dev:amd64.
Preparing to unpack .../054-libmpfr-dev_4.1.0-3build3_amd64.deb ...
Unpacking libmpfr-dev:amd64 (4.1.0-3build3) ...
Selecting previously unselected package libcgal-dev:amd64.
Preparing to unpack .../055-libcgal-dev_5.4-1_amd64.deb ...
Unpacking libcgal-dev:amd64 (5.4-1) ...
Selecting previously unselected package libqt5opengl5:amd64.
Preparing to unpack .../056-libqt5opengl5_5.15.3+dfsg-2ubuntu0.2_amd64.deb ...
Unpacking libqt5opengl5:amd64 (5.15.3+dfsg-2ubuntu0.2) ...
Selecting previously unselected package libqt5concurrent5:amd64.
Preparing to unpack .../057-libqt5concurrent5_5.15.3+dfsg-2ubuntu0.2_amd64.deb ...
Unpacking libqt5concurrent5:amd64 (5.15.3+dfsg-2ubuntu0.2) ...
Selecting previously unselected package libcups2:amd64.
Preparing to unpack .../058-libcups2_2.4.1op1-1ubuntu4.11_amd64.deb ...
Unpacking libcups2:amd64 (2.4.1op1-1ubuntu4.11) ...
Selecting previously unselected package libqt5printsupport5:amd64.
Preparing to unpack .../059-libqt5printsupport5_5.15.3+dfsg-2ubuntu0.2_amd64.deb ...
Unpacking libqt5printsupport5:amd64 (5.15.3+dfsg-2ubuntu0.2) ...
Selecting previously unselected package libqt5sql5:amd64.
Preparing to unpack .../060-libqt5sql5_5.15.3+dfsg-2ubuntu0.2_amd64.deb ...
Unpacking libqt5sql5:amd64 (5.15.3+dfsg-2ubuntu0.2) ...
Selecting previously unselected package libqt5test5:amd64.
Preparing to unpack .../061-libqt5test5_5.15.3+dfsg-2ubuntu0.2_amd64.deb ...
Unpacking libqt5test5:amd64 (5.15.3+dfsg-2ubuntu0.2) ...
Selecting previously unselected package libqt5xml5:amd64.
Preparing to unpack .../062-libqt5xml5_5.15.3+dfsg-2ubuntu0.2_amd64.deb ...
Unpacking libqt5xml5:amd64 (5.15.3+dfsg-2ubuntu0.2) ...
Selecting previously unselected package libvulkan1:amd64.
Preparing to unpack .../063-libvulkan1_1.3.204.1-2_amd64.deb ...
Unpacking libvulkan1:amd64 (1.3.204.1-2) ...
Selecting previously unselected package libvulkan-dev:amd64.
Preparing to unpack .../064-libvulkan-dev_1.3.204.1-2_amd64.deb ...
Unpacking libvulkan-dev:amd64 (1.3.204.1-2) ...
Selecting previously unselected package qt5-qmake-bin.
Preparing to unpack .../065-qt5-qmake-bin_5.15.3+dfsg-2ubuntu0.2_amd64.deb ...
Unpacking qt5-qmake-bin (5.15.3+dfsg-2ubuntu0.2) ...
Selecting previously unselected package qtchooser.
Preparing to unpack .../066-qtchooser_66-2build1_amd64.deb ...
Unpacking qtchooser (66-2build1) ...
Selecting previously unselected package qt5-qmake:amd64.
Preparing to unpack .../067-qt5-qmake_5.15.3+dfsg-2ubuntu0.2_amd64.deb ...
Unpacking qt5-qmake:amd64 (5.15.3+dfsg-2ubuntu0.2) ...
Selecting previously unselected package qtbase5-dev-tools.
Preparing to unpack .../068-qtbase5-dev-tools_5.15.3+dfsg-2ubuntu0.2_amd64.deb ...
Unpacking qtbase5-dev-tools (5.15.3+dfsg-2ubuntu0.2) ...
Selecting previously unselected package qtbase5-dev:amd64.
Preparing to unpack .../069-qtbase5-dev_5.15.3+dfsg-2ubuntu0.2_amd64.deb ...
Unpacking qtbase5-dev:amd64 (5.15.3+dfsg-2ubuntu0.2) ...
Selecting previously unselected package libqt5opengl5-dev:amd64.
Preparing to unpack .../070-libqt5opengl5-dev_5.15.3+dfsg-2ubuntu0.2_amd64.deb ...
Unpacking libqt5opengl5-dev:amd64 (5.15.3+dfsg-2ubuntu0.2) ...
Selecting previously unselected package libcgal-qt5-dev:amd64.
Preparing to unpack .../071-libcgal-qt5-dev_5.4-1_amd64.deb ...
Unpacking libcgal-qt5-dev:amd64 (5.4-1) ...
Selecting previously unselected package libcolamd2:amd64.
Preparing to unpack .../072-libcolamd2_1%3a5.10.1+dfsg-4build1_amd64.deb ...
Unpacking libcolamd2:amd64 (1:5.10.1+dfsg-4build1) ...
Selecting previously unselected package libmetis5:amd64.
Preparing to unpack .../073-libmetis5_5.1.0.dfsg-7build2_amd64.deb ...
Unpacking libmetis5:amd64 (5.1.0.dfsg-7build2) ...
Selecting previously unselected package libcholmod3:amd64.
Preparing to unpack .../074-libcholmod3_1%3a5.10.1+dfsg-4build1_amd64.deb ...
Unpacking libcholmod3:amd64 (1:5.10.1+dfsg-4build1) ...
Selecting previously unselected package libcurl4-openssl-dev:amd64.
Preparing to unpack .../075-libcurl4-openssl-dev_7.81.0-1ubuntu1.20_amd64.deb ...
Unpacking libcurl4-openssl-dev:amd64 (7.81.0-1ubuntu1.20) ...
Selecting previously unselected package libcxsparse3:amd64.
Preparing to unpack .../076-libcxsparse3_1%3a5.10.1+dfsg-4build1_amd64.deb ...
Unpacking libcxsparse3:amd64 (1:5.10.1+dfsg-4build1) ...
Selecting previously unselected package libflann1.9:amd64.
Preparing to unpack .../077-libflann1.9_1.9.1+dfsg-11_amd64.deb ...
Unpacking libflann1.9:amd64 (1.9.1+dfsg-11) ...
Selecting previously unselected package libsz2:amd64.
Preparing to unpack .../078-libsz2_1.0.6-1_amd64.deb ...
Unpacking libsz2:amd64 (1.0.6-1) ...
Selecting previously unselected package libhdf5-openmpi-103-1:amd64.
Preparing to unpack .../079-libhdf5-openmpi-103-1_1.10.7+repack-4ubuntu2_amd64.deb ...
Unpacking libhdf5-openmpi-103-1:amd64 (1.10.7+repack-4ubuntu2) ...
Selecting previously unselected package libhdf5-openmpi-fortran-102:amd64.
Preparing to unpack .../080-libhdf5-openmpi-fortran-102_1.10.7+repack-4ubuntu2_amd64.deb ...
Unpacking libhdf5-openmpi-fortran-102:amd64 (1.10.7+repack-4ubuntu2) ...
Selecting previously unselected package libhdf5-openmpi-hl-100:amd64.
Preparing to unpack .../081-libhdf5-openmpi-hl-100_1.10.7+repack-4ubuntu2_amd64.deb ...
Unpacking libhdf5-openmpi-hl-100:amd64 (1.10.7+repack-4ubuntu2) ...
Selecting previously unselected package libhdf5-openmpi-hl-fortran-100:amd64.
Preparing to unpack .../082-libhdf5-openmpi-hl-fortran-100_1.10.7+repack-4ubuntu2_amd64.deb ...
Unpacking libhdf5-openmpi-hl-fortran-100:amd64 (1.10.7+repack-4ubuntu2) ...
Selecting previously unselected package libhdf5-openmpi-cpp-103-1:amd64.
Preparing to unpack .../083-libhdf5-openmpi-cpp-103-1_1.10.7+repack-4ubuntu2_amd64.deb ...
Unpacking libhdf5-openmpi-cpp-103-1:amd64 (1.10.7+repack-4ubuntu2) ...
Selecting previously unselected package libhdf5-openmpi-hl-cpp-100:amd64.
Preparing to unpack .../084-libhdf5-openmpi-hl-cpp-100_1.10.7+repack-4ubuntu2_amd64.deb ...
Unpacking libhdf5-openmpi-hl-cpp-100:amd64 (1.10.7+repack-4ubuntu2) ...
Selecting previously unselected package libaec-dev:amd64.
Preparing to unpack .../085-libaec-dev_1.0.6-1_amd64.deb ...
Unpacking libaec-dev:amd64 (1.0.6-1) ...
Selecting previously unselected package libjpeg-turbo8-dev:amd64.
Preparing to unpack .../086-libjpeg-turbo8-dev_2.1.2-0ubuntu1_amd64.deb ...
Unpacking libjpeg-turbo8-dev:amd64 (2.1.2-0ubuntu1) ...
Selecting previously unselected package libjpeg8-dev:amd64.
Preparing to unpack .../087-libjpeg8-dev_8c-2ubuntu10_amd64.deb ...
Unpacking libjpeg8-dev:amd64 (8c-2ubuntu10) ...
Selecting previously unselected package libjpeg-dev:amd64.
Preparing to unpack .../088-libjpeg-dev_8c-2ubuntu10_amd64.deb ...
Unpacking libjpeg-dev:amd64 (8c-2ubuntu10) ...
Selecting previously unselected package libssl-dev:amd64.
Preparing to unpack .../089-libssl-dev_3.0.2-0ubuntu1.19_amd64.deb ...
Unpacking libssl-dev:amd64 (3.0.2-0ubuntu1.19) ...
Selecting previously unselected package libhdf5-openmpi-dev.
Preparing to unpack .../090-libhdf5-openmpi-dev_1.10.7+repack-4ubuntu2_amd64.deb ...
Unpacking libhdf5-openmpi-dev (1.10.7+repack-4ubuntu2) ...
Selecting previously unselected package libhdf5-mpi-dev.
Preparing to unpack .../091-libhdf5-mpi-dev_1.10.7+repack-4ubuntu2_amd64.deb ...
Unpacking libhdf5-mpi-dev (1.10.7+repack-4ubuntu2) ...
Selecting previously unselected package liblz4-dev:amd64.
Preparing to unpack .../092-liblz4-dev_1.9.3-2build2_amd64.deb ...
Unpacking liblz4-dev:amd64 (1.9.3-2build2) ...
Selecting previously unselected package libflann-dev:amd64.
Preparing to unpack .../093-libflann-dev_1.9.1+dfsg-11_amd64.deb ...
Unpacking libflann-dev:amd64 (1.9.1+dfsg-11) ...
Selecting previously unselected package libklu1:amd64.
Preparing to unpack .../094-libklu1_1%3a5.10.1+dfsg-4build1_amd64.deb ...
Unpacking libklu1:amd64 (1:5.10.1+dfsg-4build1) ...
Selecting previously unselected package libldl2:amd64.
Preparing to unpack .../095-libldl2_1%3a5.10.1+dfsg-4build1_amd64.deb ...
Unpacking libldl2:amd64 (1:5.10.1+dfsg-4build1) ...
Selecting previously unselected package libmongoose2:amd64.
Preparing to unpack .../096-libmongoose2_1%3a5.10.1+dfsg-4build1_amd64.deb ...
Unpacking libmongoose2:amd64 (1:5.10.1+dfsg-4build1) ...
Selecting previously unselected package libqhull8.0:amd64.
Preparing to unpack .../097-libqhull8.0_2020.2-4_amd64.deb ...
Unpacking libqhull8.0:amd64 (2020.2-4) ...
Selecting previously unselected package libqhull-r8.0:amd64.
Preparing to unpack .../098-libqhull-r8.0_2020.2-4_amd64.deb ...
Unpacking libqhull-r8.0:amd64 (2020.2-4) ...
Selecting previously unselected package libqhullcpp8.0:amd64.
Preparing to unpack .../099-libqhullcpp8.0_2020.2-4_amd64.deb ...
Unpacking libqhullcpp8.0:amd64 (2020.2-4) ...
Selecting previously unselected package libqhull-dev:amd64.
Preparing to unpack .../100-libqhull-dev_2020.2-4_amd64.deb ...
Unpacking libqhull-dev:amd64 (2020.2-4) ...
Selecting previously unselected package librbio2:amd64.
Preparing to unpack .../101-librbio2_1%3a5.10.1+dfsg-4build1_amd64.deb ...
Unpacking librbio2:amd64 (1:5.10.1+dfsg-4build1) ...
Selecting previously unselected package libsliplu1:amd64.
Preparing to unpack .../102-libsliplu1_1%3a5.10.1+dfsg-4build1_amd64.deb ...
Unpacking libsliplu1:amd64 (1:5.10.1+dfsg-4build1) ...
Selecting previously unselected package libspqr2:amd64.
Preparing to unpack .../103-libspqr2_1%3a5.10.1+dfsg-4build1_amd64.deb ...
Unpacking libspqr2:amd64 (1:5.10.1+dfsg-4build1) ...
Selecting previously unselected package libumfpack5:amd64.
Preparing to unpack .../104-libumfpack5_1%3a5.10.1+dfsg-4build1_amd64.deb ...
Unpacking libumfpack5:amd64 (1:5.10.1+dfsg-4build1) ...
Selecting previously unselected package libsuitesparse-dev:amd64.
Preparing to unpack .../105-libsuitesparse-dev_1%3a5.10.1+dfsg-4build1_amd64.deb ...
Unpacking libsuitesparse-dev:amd64 (1:5.10.1+dfsg-4build1) ...
Setting up libgraphite2-3:amd64 (1.3.14-1build2) ...
Setting up libdouble-conversion3:amd64 (3.1.7-4) ...
Setting up libxcb-xinput0:amd64 (1.14-3ubuntu3) ...
Setting up libxrender1:amd64 (1:0.9.10-1build4) ...
Setting up libqhull8.0:amd64 (2020.2-4) ...
Setting up libxcb-render0:amd64 (1.14-3ubuntu3) ...
Setting up libxcb-keysyms1:amd64 (0.4.0-1build3) ...
Setting up libxcb-shape0:amd64 (1.14-3ubuntu3) ...
Setting up libldl2:amd64 (1:5.10.1+dfsg-4build1) ...
Setting up libqhull-r8.0:amd64 (2020.2-4) ...
Setting up libxcb-render-util0:amd64 (0.3.9-1build3) ...
Setting up xkb-data (2.33-1) ...
Setting up libmetis5:amd64 (5.1.0.dfsg-7build2) ...
Setting up libxcb-icccm4:amd64 (0.4.1-1.1build2) ...
Setting up libpcre2-16-0:amd64 (10.39-3ubuntu0.1) ...
Setting up libbtf1:amd64 (1:5.10.1+dfsg-4build1) ...
Setting up libaec0:amd64 (1.0.6-1) ...
Setting up libxcb-util1:amd64 (0.4.0-1build2) ...
Setting up libxcb-xkb1:amd64 (1.14-3ubuntu3) ...
Setting up libxcb-image0:amd64 (0.4.0-2) ...
Setting up libxcb-xinerama0:amd64 (1.14-3ubuntu3) ...
Setting up libgmpxx4ldbl:amd64 (2:6.2.1+dfsg-3ubuntu1) ...
Setting up qt5-qmake-bin (5.15.3+dfsg-2ubuntu0.2) ...
Setting up libcurl4-openssl-dev:amd64 (7.81.0-1ubuntu1.20) ...
Setting up libavahi-common-data:amd64 (0.8-5ubuntu5.2) ...
Setting up shared-mime-info (2.1-2) ...
Setting up libssl-dev:amd64 (3.0.2-0ubuntu1.19) ...
Setting up libpng16-16:amd64 (1.6.37-3build5) ...
Setting up libflann1.9:amd64 (1.9.1+dfsg-11) ...
Setting up liblz4-dev:amd64 (1.9.3-2build2) ...
Setting up fonts-dejavu-core (2.37-2build1) ...
Setting up libqhullcpp8.0:amd64 (2020.2-4) ...
Setting up ucf (3.0043) ...
Setting up libjpeg-turbo8:amd64 (2.1.2-0ubuntu1) ...
Setting up libqt5core5a:amd64 (5.15.3+dfsg-2ubuntu0.2) ...
Setting up libqhull-dev:amd64 (2020.2-4) ...
Setting up libmtdev1:amd64 (1.1.6-1build4) ...
Setting up libvulkan1:amd64 (1.3.204.1-2) ...
Setting up libqt5dbus5:amd64 (5.15.3+dfsg-2ubuntu0.2) ...
Setting up libmd4c0:amd64 (0.4.8-1) ...
Setting up libcxsparse3:amd64 (1:5.10.1+dfsg-4build1) ...
Setting up libqt5test5:amd64 (5.15.3+dfsg-2ubuntu0.2) ...
Setting up libevdev2:amd64 (1.12.1+dfsg-1) ...
Setting up libqt5concurrent5:amd64 (5.15.3+dfsg-2ubuntu0.2) ...
Setting up libsuitesparseconfig5:amd64 (1:5.10.1+dfsg-4build1) ...
Setting up libgudev-1.0-0:amd64 (1:237-2build1) ...
Setting up qtchooser (66-2build1) ...
Setting up libsz2:amd64 (1.0.6-1) ...
Setting up librbio2:amd64 (1:5.10.1+dfsg-4build1) ...
Setting up libhdf5-openmpi-103-1:amd64 (1.10.7+repack-4ubuntu2) ...
Setting up libwacom-common (2.2.0-1) ...
Setting up libxkbcommon0:amd64 (1.4.0-1) ...
Setting up libjpeg8:amd64 (8c-2ubuntu10) ...
Setting up libamd2:amd64 (1:5.10.1+dfsg-4build1) ...
Setting up libjpeg-turbo8-dev:amd64 (2.1.2-0ubuntu1) ...
Setting up libvulkan-dev:amd64 (1.3.204.1-2) ...
Setting up libgmp-dev:amd64 (2:6.2.1+dfsg-3ubuntu1) ...
Setting up libcolamd2:amd64 (1:5.10.1+dfsg-4build1) ...
Setting up qt5-qmake:amd64 (5.15.3+dfsg-2ubuntu0.2) ...
Setting up libwacom9:amd64 (2.2.0-1) ...
Setting up fontconfig-config (2.13.1-4.2ubuntu5) ...
Setting up libaec-dev:amd64 (1.0.6-1) ...
Setting up libavahi-common3:amd64 (0.8-5ubuntu5.2) ...
Setting up libmpfr-dev:amd64 (4.1.0-3build3) ...
Setting up libqt5network5:amd64 (5.15.3+dfsg-2ubuntu0.2) ...
Setting up libinput-bin (1.20.0-1ubuntu0.3) ...
Setting up libcgal-dev:amd64 (5.4-1) ...
Setting up libsliplu1:amd64 (1:5.10.1+dfsg-4build1) ...
Setting up libqt5sql5:amd64 (5.15.3+dfsg-2ubuntu0.2) ...
Setting up qtbase5-dev-tools (5.15.3+dfsg-2ubuntu0.2) ...
Setting up libcamd2:amd64 (1:5.10.1+dfsg-4build1) ...
Setting up libmongoose2:amd64 (1:5.10.1+dfsg-4build1) ...
Setting up libqt5xml5:amd64 (5.15.3+dfsg-2ubuntu0.2) ...
Setting up libfreetype6:amd64 (2.11.1+dfsg-1ubuntu0.3) ...
Setting up libhdf5-openmpi-fortran-102:amd64 (1.10.7+repack-4ubuntu2) ...
Setting up libxkbcommon-x11-0:amd64 (1.4.0-1) ...
Setting up libklu1:amd64 (1:5.10.1+dfsg-4build1) ...
Setting up libccolamd2:amd64 (1:5.10.1+dfsg-4build1) ...
Setting up libhdf5-openmpi-hl-100:amd64 (1.10.7+repack-4ubuntu2) ...
Setting up libharfbuzz0b:amd64 (2.7.4-1ubuntu3.2) ...
Setting up libfontconfig1:amd64 (2.13.1-4.2ubuntu5) ...
Setting up libhdf5-openmpi-cpp-103-1:amd64 (1.10.7+repack-4ubuntu2) ...
Setting up libjpeg8-dev:amd64 (8c-2ubuntu10) ...
Setting up libavahi-client3:amd64 (0.8-5ubuntu5.2) ...
Setting up libcholmod3:amd64 (1:5.10.1+dfsg-4build1) ...
Setting up libhdf5-openmpi-hl-cpp-100:amd64 (1.10.7+repack-4ubuntu2) ...
Setting up libinput10:amd64 (1.20.0-1ubuntu0.3) ...
Setting up libhdf5-openmpi-hl-fortran-100:amd64 (1.10.7+repack-4ubuntu2) ...
Setting up libspqr2:amd64 (1:5.10.1+dfsg-4build1) ...
Setting up fontconfig (2.13.1-4.2ubuntu5) ...
Regenerating fonts cache... done.
Setting up libqt5gui5:amd64 (5.15.3+dfsg-2ubuntu0.2) ...
Setting up libjpeg-dev:amd64 (8c-2ubuntu10) ...
Setting up libqt5widgets5:amd64 (5.15.3+dfsg-2ubuntu0.2) ...
Setting up libumfpack5:amd64 (1:5.10.1+dfsg-4build1) ...
Setting up libcups2:amd64 (2.4.1op1-1ubuntu4.11) ...
Setting up libqt5opengl5:amd64 (5.15.3+dfsg-2ubuntu0.2) ...
Setting up libhdf5-openmpi-dev (1.10.7+repack-4ubuntu2) ...
update-alternatives: using /usr/bin/h5pcc.openmpi to provide /usr/bin/h5pcc (h5pcc) in auto mode
update-alternatives: warning: skip creation of /usr/share/man/man1/h5pcc.1.gz because associated file /usr/share/man/man1/h5pcc.openmpi.1.gz (of link group h5pcc) doesn't exist
update-alternatives: warning: skip creation of /usr/share/man/man1/h5pfc.1.gz because associated file /usr/share/man/man1/h5pfc.openmpi.1.gz (of link group h5pcc) doesn't exist
update-alternatives: using /usr/lib/x86_64-linux-gnu/pkgconfig/hdf5-openmpi.pc to provide /usr/lib/x86_64-linux-gnu/pkgconfig/hdf5.pc (hdf5.pc) in auto mode
update-alternatives: updating alternative /usr/bin/mpicc.openmpi because link group mpi has changed slave links
update-alternatives: warning: skip creation of /usr/share/man/man1/mpiCC.1.gz because associated file /usr/share/man/man1/mpiCC.openmpi.1.gz (of link group mpi) doesn't exist
update-alternatives: warning: skip creation of /usr/share/man/man1/mpic++.1.gz because associated file /usr/share/man/man1/mpic++.openmpi.1.gz (of link group mpi) doesn't exist
update-alternatives: warning: skip creation of /usr/share/man/man1/mpicc.1.gz because associated file /usr/share/man/man1/mpicc.openmpi.1.gz (of link group mpi) doesn't exist
update-alternatives: warning: skip creation of /usr/share/man/man1/mpicxx.1.gz because associated file /usr/share/man/man1/mpicxx.openmpi.1.gz (of link group mpi) doesn't exist
update-alternatives: warning: skip creation of /usr/share/man/man1/mpif77.1.gz because associated file /usr/share/man/man1/mpif77.openmpi.1.gz (of link group mpi) doesn't exist
update-alternatives: warning: skip creation of /usr/share/man/man1/mpif90.1.gz because associated file /usr/share/man/man1/mpif90.openmpi.1.gz (of link group mpi) doesn't exist
update-alternatives: warning: skip creation of /usr/share/man/man1/mpifort.1.gz because associated file /usr/share/man/man1/mpifort.openmpi.1.gz (of link group mpi) doesn't exist
update-alternatives: using /usr/lib/x86_64-linux-gnu/pkgconfig/hdf5-mpi.pc to provide /usr/lib/x86_64-linux-gnu/pkgconfig/hdf5.pc (hdf5.pc) in auto mode
Setting up libsuitesparse-dev:amd64 (1:5.10.1+dfsg-4build1) ...
Setting up libqt5svg5:amd64 (5.15.3-1) ...
Setting up libqt5printsupport5:amd64 (5.15.3+dfsg-2ubuntu0.2) ...
Setting up libqt5svg5-dev:amd64 (5.15.3-1) ...
Setting up libhdf5-mpi-dev (1.10.7+repack-4ubuntu2) ...
Setting up qtbase5-dev:amd64 (5.15.3+dfsg-2ubuntu0.2) ...
Setting up libqt5opengl5-dev:amd64 (5.15.3+dfsg-2ubuntu0.2) ...
Setting up libcgal-qt5-dev:amd64 (5.4-1) ...
Setting up libflann-dev:amd64 (1.9.1+dfsg-11) ...
Processing triggers for libc-bin (2.35-0ubuntu3.10) ...
+ rm -rf /var/lib/apt/lists/archive.ubuntu.com_ubuntu_dists_jammy-backports_InRelease /var/lib/apt/lists/archive.ubuntu.com_ubuntu_dists_jammy-backports_main_binary-amd64_Packages.lz4 /var/lib/apt/lists/archive.ubuntu.com_ubuntu_dists_jammy-backports_universe_binary-amd64_Packages.lz4 /var/lib/apt/lists/archive.ubuntu.com_ubuntu_dists_jammy-updates_InRelease /var/lib/apt/lists/archive.ubuntu.com_ubuntu_dists_jammy-updates_main_binary-amd64_Packages.lz4 /var/lib/apt/lists/archive.ubuntu.com_ubuntu_dists_jammy-updates_multiverse_binary-amd64_Packages.lz4 /var/lib/apt/lists/archive.ubuntu.com_ubuntu_dists_jammy-updates_restricted_binary-amd64_Packages.lz4 /var/lib/apt/lists/archive.ubuntu.com_ubuntu_dists_jammy-updates_universe_binary-amd64_Packages.lz4 /var/lib/apt/lists/archive.ubuntu.com_ubuntu_dists_jammy_InRelease /var/lib/apt/lists/archive.ubuntu.com_ubuntu_dists_jammy_main_binary-amd64_Packages.lz4 /var/lib/apt/lists/archive.ubuntu.com_ubuntu_dists_jammy_multiverse_binary-amd64_Packages.lz4 /var/lib/apt/lists/archive.ubuntu.com_ubuntu_dists_jammy_restricted_binary-amd64_Packages.lz4 /var/lib/apt/lists/archive.ubuntu.com_ubuntu_dists_jammy_universe_binary-amd64_Packages.lz4 /var/lib/apt/lists/auxfiles /var/lib/apt/lists/lock /var/lib/apt/lists/partial /var/lib/apt/lists/security.ubuntu.com_ubuntu_dists_jammy-security_InRelease /var/lib/apt/lists/security.ubuntu.com_ubuntu_dists_jammy-security_main_binary-amd64_Packages.lz4 /var/lib/apt/lists/security.ubuntu.com_ubuntu_dists_jammy-security_multiverse_binary-amd64_Packages.lz4 /var/lib/apt/lists/security.ubuntu.com_ubuntu_dists_jammy-security_restricted_binary-amd64_Packages.lz4 /var/lib/apt/lists/security.ubuntu.com_ubuntu_dists_jammy-security_universe_binary-amd64_Packages.lz4
+ echo [STAGE 2b] Building VTK 8.2 from source...
[STAGE 2b] Building VTK 8.2 from source...
+ cd /tmp
+ wget -q https://www.vtk.org/files/release/8.2/VTK-8.2.0.tar.gz
+ tar -xf VTK-8.2.0.tar.gz
+ mkdir -p VTK-8.2.0/build
+ cd VTK-8.2.0/build
+ cmake .. -DCMAKE_BUILD_TYPE=Release -DCMAKE_INSTALL_PREFIX=/usr/local -DVTK_MODULE_ENABLE_VTK_RenderingContextOpenGL2=YES -DVTK_USE_SYSTEM_GLEW=ON
-- The C compiler identification is GNU 11.4.0
-- The CXX compiler identification is GNU 11.4.0
-- Detecting C compiler ABI info
-- Detecting C compiler ABI info - done
-- Check for working C compiler: /usr/bin/cc - skipped
-- Detecting C compile features
-- Detecting C compile features - done
-- Detecting CXX compiler ABI info
-- Detecting CXX compiler ABI info - done
-- Check for working CXX compiler: /usr/bin/c++ - skipped
-- Detecting CXX compile features
-- Detecting CXX compile features - done
-- Performing Test HAVE_GCC_ERROR_RETURN_TYPE
-- Performing Test HAVE_GCC_ERROR_RETURN_TYPE - Success
-- Looking for pthread.h
-- Looking for pthread.h - found
-- Performing Test CMAKE_HAVE_LIBC_PTHREAD
-- Performing Test CMAKE_HAVE_LIBC_PTHREAD - Success
-- Found Threads: TRUE  
-- Performing Test VTK_UNDEFINED_SYMBOLS_ALLOWED - Success
-- Performing Test Support for 64 bit file systems
-- Performing Test Support for 64 bit file systems - Success
-- Group StandAlone modules: vtkChartsCore;vtkCommonComputationalGeometry;vtkCommonCore;vtkCommonDataModel;vtkCommonExecutionModel;vtkCommonMisc;vtkCommonSystem;vtkCommonTransforms;vtkDomainsChemistry;vtkFiltersAMR;vtkFiltersCore;vtkFiltersExtraction;vtkFiltersFlowPaths;vtkFiltersGeneral;vtkFiltersGeneric;vtkFiltersGeometry;vtkFiltersHybrid;vtkFiltersHyperTree;vtkFiltersImaging;vtkFiltersModeling;vtkFiltersParallel;vtkFiltersParallelImaging;vtkFiltersPoints;vtkFiltersProgrammable;vtkFiltersSMP;vtkFiltersSelection;vtkFiltersSources;vtkFiltersStatistics;vtkFiltersTexture;vtkFiltersTopology;vtkFiltersVerdict;vtkIOAMR;vtkIOAsynchronous;vtkIOCityGML;vtkIOCore;vtkIOEnSight;vtkIOExodus;vtkIOGeometry;vtkIOImage;vtkIOImport;vtkIOInfovis;vtkIOLSDyna;vtkIOLegacy;vtkIOMINC;vtkIOMovie;vtkIONetCDF;vtkIOPLY;vtkIOParallel;vtkIOParallelXML;vtkIOSQL;vtkIOSegY;vtkIOTecplotTable;vtkIOVeraOut;vtkIOVideo;vtkIOXML;vtkIOXMLParser;vtkImagingColor;vtkImagingCore;vtkImagingFourier;vtkImagingGeneral;vtkImagingHybrid;vtkImagingMath;vtkImagingMorphological;vtkImagingSources;vtkImagingStatistics;vtkImagingStencil;vtkInfovisCore;vtkInfovisLayout;vtkParallelCore
-- Group MPI modules: vtkDomainsParallelChemistry;vtkFiltersParallelDIY2;vtkFiltersParallelGeometry;vtkFiltersParallelMPI;vtkFiltersParallelVerdict;vtkIOMPIImage;vtkIOMPIParallel;vtkIOParallelNetCDF;vtkParallelMPI;vtkdiy2
-- Group Imaging modules: vtkFiltersImaging;vtkImagingColor;vtkImagingFourier;vtkImagingGeneral;vtkImagingHybrid;vtkImagingMath;vtkImagingMorphological;vtkImagingSources;vtkImagingStatistics;vtkImagingStencil;vtkInteractionImage;vtkRenderingImage
-- Group Qt modules: vtkGUISupportQt;vtkGUISupportQtSQL;vtkRenderingQt;vtkViewsQt
-- Group Rendering modules: vtkGeovisCore;vtkIOExport;vtkIOExportPDF;vtkInteractionImage;vtkInteractionStyle;vtkInteractionWidgets;vtkRenderingAnnotation;vtkRenderingContext2D;vtkRenderingCore;vtkRenderingFreeType;vtkRenderingImage;vtkRenderingLOD;vtkRenderingLabel;vtkRenderingVolume;vtkViewsContext2D;vtkViewsCore;vtkViewsInfovis
-- Group Tk modules: vtkRenderingTk
-- Group Views modules: vtkViewsContext2D;vtkViewsGeovis
-- Group Web modules: vtkWebCore;vtkWebPython;vtkWebGLExporter
-- Setting rendering backend to 'OpenGL2' as none was specified.
-- Backend OpenGL2 modules: vtkDomainsChemistryOpenGL2;vtkIOExportOpenGL2;vtkImagingOpenGL2;vtkRenderingContextOpenGL2;vtkRenderingGL2PSOpenGL2;vtkRenderingLICOpenGL2;vtkRenderingOpenGL2;vtkRenderingOpenVR;vtkRenderingVolumeOpenGL2
-- Enabling modules for OpenGL2.
CMake Deprecation Warning at Utilities/KWIML/vtkkwiml/CMakeLists.txt:20 (cmake_minimum_required):
  Compatibility with CMake < 2.8.12 will be removed from a future version of
  CMake.

  Update the VERSION argument <min> value or use a ...<max> suffix to tell
  CMake that the project does not need compatibility with older versions.


CMake Deprecation Warning at Utilities/KWSys/vtksys/CMakeLists.txt:84 (CMAKE_MINIMUM_REQUIRED):
  Compatibility with CMake < 2.8.12 will be removed from a future version of
  CMake.

  Update the VERSION argument <min> value or use a ...<max> suffix to tell
  CMake that the project does not need compatibility with older versions.


-- Checking whether header cstdio is available
-- Checking whether header cstdio is available - yes
-- Checking for Large File Support
-- Checking for Large File Support - yes
-- Checking whether C++ compiler has 'long long'
-- Checking whether C++ compiler has 'long long' - yes
-- Checking whether C++ compiler has '__int64'
-- Checking whether C++ compiler has '__int64' - no
-- Checking whether wstring is available
-- Checking whether wstring is available - yes
-- Checking whether C compiler has ptrdiff_t in stddef.h
-- Checking whether C compiler has ptrdiff_t in stddef.h - yes
-- Checking whether C compiler has ssize_t in unistd.h
-- Checking whether C compiler has ssize_t in unistd.h - yes
-- Checking whether C compiler has clock_gettime
-- Checking whether C compiler has clock_gettime - yes
-- Checking whether CXX compiler has setenv
-- Checking whether CXX compiler has setenv - yes
-- Checking whether CXX compiler has unsetenv
-- Checking whether CXX compiler has unsetenv - yes
-- Checking whether CXX compiler has environ in stdlib.h
-- Checking whether CXX compiler has environ in stdlib.h - no
-- Checking whether CXX compiler has utimes
-- Checking whether CXX compiler has utimes - yes
-- Checking whether CXX compiler has utimensat
-- Checking whether CXX compiler has utimensat - yes
-- Checking whether CXX compiler struct stat has st_mtim member
-- Checking whether CXX compiler struct stat has st_mtim member - yes
-- Checking whether CXX compiler struct stat has st_mtimespec member
-- Checking whether CXX compiler struct stat has st_mtimespec member - no
-- Looking for include files sys/types.h, ifaddrs.h
-- Looking for include files sys/types.h, ifaddrs.h - found
-- Checking whether CXX compiler has rlimit64
-- Checking whether CXX compiler has rlimit64 - yes
-- Checking whether CXX compiler has atol
-- Checking whether CXX compiler has atol - yes
-- Checking whether CXX compiler has atoll
-- Checking whether CXX compiler has atoll - yes
-- Checking whether CXX compiler has _atoi64
-- Checking whether CXX compiler has _atoi64 - no
-- Looking for C++ include execinfo.h
-- Looking for C++ include execinfo.h - found
-- Checking whether backtrace works with this C++ compiler
-- Checking whether backtrace works with this C++ compiler - yes
-- Looking for C++ include dlfcn.h
-- Looking for C++ include dlfcn.h - found
-- Checking whether dladdr works with this C++ compiler
-- Checking whether dladdr works with this C++ compiler - yes
-- Looking for C++ include cxxabi.h
-- Looking for C++ include cxxabi.h - found
-- Checking whether cxxabi works with this C++ compiler
-- Checking whether cxxabi works with this C++ compiler - yes
-- Checking whether CXX compiler has getloadavg
-- Checking whether CXX compiler has getloadavg - yes
-- Checking whether <ext/stdio_filebuf.h> is available
-- Checking whether <ext/stdio_filebuf.h> is available - yes
-- Checking for builtin __sync_add_and_fetch
-- Checking for builtin __sync_add_and_fetch -- success
-- Performing Test VTK_HAS_STD_ISNAN
-- Performing Test VTK_HAS_STD_ISNAN - Success
-- Performing Test VTK_HAS_STD_ISINF
-- Performing Test VTK_HAS_STD_ISINF - Success
-- Performing Test VTK_HAS_STD_ISFINITE
-- Performing Test VTK_HAS_STD_ISFINITE - Success
-- Looking for isnan
-- Looking for isnan - found
-- Looking for isinf
-- Looking for isinf - found
-- Looking for isfinite
-- Looking for isfinite - found
-- Looking for finite
-- Looking for finite - found
-- Looking for fenv.h
-- Looking for fenv.h - found
-- Looking for feenableexcept
-- Looking for feenableexcept - found
-- Looking for getsockname in socket
-- Looking for getsockname in socket - not found
-- Checking for getsockname with socklen_t
-- Checking for getsockname with socklen_t -- 1
-- Looking for SO_REUSEADDR
-- Looking for SO_REUSEADDR - found
-- Performing Test standard_math_library_linked_to_automatically
-- Performing Test standard_math_library_linked_to_automatically - Success
-- Performing Test COMPILER_SUPPORT_WERROR
-- Performing Test COMPILER_SUPPORT_WERROR - Success
-- Performing Test COMPILER_SUPPORT_pedantic
-- Performing Test COMPILER_SUPPORT_pedantic - Success
-- Performing Test COMPILER_SUPPORT_Wall
-- Performing Test COMPILER_SUPPORT_Wall - Success
-- Performing Test COMPILER_SUPPORT_Wextra
-- Performing Test COMPILER_SUPPORT_Wextra - Success
-- Performing Test COMPILER_SUPPORT_Wundef
-- Performing Test COMPILER_SUPPORT_Wundef - Success
-- Performing Test COMPILER_SUPPORT_Wcastalign
-- Performing Test COMPILER_SUPPORT_Wcastalign - Success
-- Performing Test COMPILER_SUPPORT_Wcharsubscripts
-- Performing Test COMPILER_SUPPORT_Wcharsubscripts - Success
-- Performing Test COMPILER_SUPPORT_Wnonvirtualdtor
-- Performing Test COMPILER_SUPPORT_Wnonvirtualdtor - Success
-- Performing Test COMPILER_SUPPORT_Wunusedlocaltypedefs
-- Performing Test COMPILER_SUPPORT_Wunusedlocaltypedefs - Success
-- Performing Test COMPILER_SUPPORT_Wpointerarith
-- Performing Test COMPILER_SUPPORT_Wpointerarith - Success
-- Performing Test COMPILER_SUPPORT_Wwritestrings
-- Performing Test COMPILER_SUPPORT_Wwritestrings - Success
-- Performing Test COMPILER_SUPPORT_Wformatsecurity
-- Performing Test COMPILER_SUPPORT_Wformatsecurity - Success
-- Performing Test COMPILER_SUPPORT_Wshorten64to32
-- Performing Test COMPILER_SUPPORT_Wshorten64to32 - Failed
-- Performing Test COMPILER_SUPPORT_Wlogicalop
-- Performing Test COMPILER_SUPPORT_Wlogicalop - Success
-- Performing Test COMPILER_SUPPORT_Wenumconversion
-- Performing Test COMPILER_SUPPORT_Wenumconversion - Success
-- Performing Test COMPILER_SUPPORT_Wcpp11extensions
-- Performing Test COMPILER_SUPPORT_Wcpp11extensions - Failed
-- Performing Test COMPILER_SUPPORT_Wdoublepromotion
-- Performing Test COMPILER_SUPPORT_Wdoublepromotion - Success
-- Performing Test COMPILER_SUPPORT_Wnopsabi
-- Performing Test COMPILER_SUPPORT_Wnopsabi - Success
-- Performing Test COMPILER_SUPPORT_Wnovariadicmacros
-- Performing Test COMPILER_SUPPORT_Wnovariadicmacros - Success
-- Performing Test COMPILER_SUPPORT_Wnolonglong
-- Performing Test COMPILER_SUPPORT_Wnolonglong - Success
-- Performing Test COMPILER_SUPPORT_fnochecknew
-- Performing Test COMPILER_SUPPORT_fnochecknew - Success
-- Performing Test COMPILER_SUPPORT_fnocommon
-- Performing Test COMPILER_SUPPORT_fnocommon - Success
-- Performing Test COMPILER_SUPPORT_fstrictaliasing
-- Performing Test COMPILER_SUPPORT_fstrictaliasing - Success
-- Performing Test COMPILER_SUPPORT_wd981
-- Performing Test COMPILER_SUPPORT_wd981 - Failed
-- Performing Test COMPILER_SUPPORT_wd2304
-- Performing Test COMPILER_SUPPORT_wd2304 - Failed
-- Performing Test COMPILER_SUPPORT_STRICTANSI
-- Performing Test COMPILER_SUPPORT_STRICTANSI - Failed
-- Performing Test COMPILER_SUPPORT_Qunusedarguments
-- Performing Test COMPILER_SUPPORT_Qunusedarguments - Failed
-- Performing Test COMPILER_SUPPORT_ansi
-- Performing Test COMPILER_SUPPORT_ansi - Success
-- Performing Test COMPILER_SUPPORT_OPENMP
-- Performing Test COMPILER_SUPPORT_OPENMP - Success
-- Looking for sys/types.h
-- Looking for sys/types.h - found
-- Looking for stdint.h
-- Looking for stdint.h - found
-- Looking for stddef.h
-- Looking for stddef.h - found
-- Check size of off64_t
-- Check size of off64_t - done
-- Looking for unistd.h
-- Looking for unistd.h - found
-- Looking for C++ include fcntl.h
-- Looking for C++ include fcntl.h - found
-- Looking for C++ include unistd.h
-- Looking for C++ include unistd.h - found
-- Performing Test COMPILER_HAS_HIDDEN_VISIBILITY
-- Performing Test COMPILER_HAS_HIDDEN_VISIBILITY - Success
-- Performing Test COMPILER_HAS_HIDDEN_INLINE_VISIBILITY
-- Performing Test COMPILER_HAS_HIDDEN_INLINE_VISIBILITY - Success
-- Performing Test COMPILER_HAS_DEPRECATED_ATTR
-- Performing Test COMPILER_HAS_DEPRECATED_ATTR - Success
-- Looking for strings.h
-- Looking for strings.h - found
-- Looking for byteswap.h
-- Looking for byteswap.h - found
-- Looking for sys/endian.h
-- Looking for sys/endian.h - not found
-- Looking for HAVE_BSWAP_16
-- Looking for HAVE_BSWAP_16 - not found
-- Looking for HAVE_BSWAP_32
-- Looking for HAVE_BSWAP_32 - not found
-- Looking for HAVE_BSWAP_64
-- Looking for HAVE_BSWAP_64 - not found
-- Looking for inttypes.h
-- Looking for inttypes.h - found
-- Looking for limits.h
-- Looking for limits.h - found
-- Looking for stdbool.h
-- Looking for stdbool.h - found
-- Looking for string.h
-- Looking for string.h - found
-- Looking for memory.h
-- Looking for memory.h - found
-- Check size of int16_t
-- Check size of int16_t - done
-- Check size of int32_t
-- Check size of int32_t - done
-- Check size of int64_t
-- Check size of int64_t - done
-- Check size of intmax_t
-- Check size of intmax_t - done
-- Check size of uint8_t
-- Check size of uint8_t - done
-- Check size of uint16_t
-- Check size of uint16_t - done
-- Check size of uint32_t
-- Check size of uint32_t - done
-- Check size of uint64_t
-- Check size of uint64_t - done
-- Check size of uintmax_t
-- Check size of uintmax_t - done
-- Check size of short
-- Check size of short - done
-- Check size of int
-- Check size of int - done
-- Check size of long
-- Check size of long - done
-- Check size of long long
-- Check size of long long - done
-- Check size of unsigned short
-- Check size of unsigned short - done
-- Check size of unsigned
-- Check size of unsigned - done
-- Check size of unsigned long
-- Check size of unsigned long - done
-- Check size of unsigned long long
-- Check size of unsigned long long - done
-- Check size of size_t
-- Check size of size_t - done
-- Check size of __int64
-- Check size of __int64 - failed
-- Check size of unsigned __int64
-- Check size of unsigned __int64 - failed
-- Check size of uintptr_t
-- Check size of uintptr_t - done
-- Looking for dlfcn.h
-- Looking for dlfcn.h - found
-- Looking for stdlib.h
-- Looking for stdlib.h - found
-- Looking for sys/stat.h
-- Looking for sys/stat.h - found
-- Looking for getpagesize
-- Looking for getpagesize - found
-- Looking for getrandom
-- Looking for getrandom - found
-- Looking for bcopy
-- Looking for bcopy - found
-- Looking for memmove
-- Looking for memmove - found
-- Looking for mmap
-- Looking for mmap - found
-- Looking for arc4random_buf
-- Looking for arc4random_buf - not found
-- Looking for arc4random
-- Looking for arc4random - not found
-- Looking for 4 include files stdlib.h, ..., float.h
-- Looking for 4 include files stdlib.h, ..., float.h - found
-- Looking for off_t
-- Looking for off_t - not found
-- Looking for size_t
-- Looking for size_t - not found
-- Performing Test HAVE_SYSCALL_GETRANDOM
-- Performing Test HAVE_SYSCALL_GETRANDOM - Success
-- Performing Test FLAG_NO_STRICT_ALIASING
-- Performing Test FLAG_NO_STRICT_ALIASING - Success
-- Found GLEW: /usr/include  
-- Found OpenGL: /usr/lib/x86_64-linux-gnu/libOpenGL.so   
-- Found X11: /usr/include   
-- Looking for XOpenDisplay in /usr/lib/x86_64-linux-gnu/libX11.so;/usr/lib/x86_64-linux-gnu/libXext.so
-- Looking for XOpenDisplay in /usr/lib/x86_64-linux-gnu/libX11.so;/usr/lib/x86_64-linux-gnu/libXext.so - found
-- Looking for gethostbyname
-- Looking for gethostbyname - found
-- Looking for connect
-- Looking for connect - found
-- Looking for remove
-- Looking for remove - found
-- Looking for shmat
-- Looking for shmat - found
-- Looking for IceConnectionNumber in ICE
-- Looking for IceConnectionNumber in ICE - found
CMake Deprecation Warning at ThirdParty/verdict/vtkverdict/CMakeLists.txt:2 (cmake_minimum_required):
  Compatibility with CMake < 2.8.12 will be removed from a future version of
  CMake.

  Update the VERSION argument <min> value or use a ...<max> suffix to tell
  CMake that the project does not need compatibility with older versions.


-- Looking for memset
-- Looking for memset - found
-- Looking for memcpy
-- Looking for memcpy - found
-- Check size of size_t
-- Check size of size_t - done
-- Performing Test C_FLAG_Wall
-- Performing Test C_FLAG_Wall - Success
-- Performing Test C_FLAG_Winline
-- Performing Test C_FLAG_Winline - Success
-- Performing Test C_FLAG_W
-- Performing Test C_FLAG_W - Success
-- Performing Test C_FLAG_Wformat_security
-- Performing Test C_FLAG_Wformat_security - Success
-- Performing Test C_FLAG_Wpointer_arith
-- Performing Test C_FLAG_Wpointer_arith - Success
-- Performing Test C_FLAG_Wdisabled_optimization
-- Performing Test C_FLAG_Wdisabled_optimization - Success
-- Performing Test C_FLAG_Wno_unknown_pragmas
-- Performing Test C_FLAG_Wno_unknown_pragmas - Success
-- Performing Test C_FLAG_Wdeclaration_after_statement
-- Performing Test C_FLAG_Wdeclaration_after_statement - Success
-- Performing Test C_FLAG_fstrict_aliasing
-- Performing Test C_FLAG_fstrict_aliasing - Success
-- Performing Test HAVE_LD_VERSION_SCRIPT
-- Performing Test HAVE_LD_VERSION_SCRIPT - Success
-- Looking for assert.h
-- Looking for assert.h - found
-- Looking for io.h
-- Looking for io.h - not found
-- Looking for search.h
-- Looking for search.h - found
-- Performing Test C_HAS_inline
-- Performing Test C_HAS_inline - Success
-- Performing Test TIME_WITH_SYS_TIME
-- Performing Test TIME_WITH_SYS_TIME - Success
-- Performing Test TM_IN_SYS_TIME
-- Performing Test TM_IN_SYS_TIME - Success
-- Check size of signed int
-- Check size of signed int - done
-- Check size of unsigned int
-- Check size of unsigned int - done
-- Check size of signed long
-- Check size of signed long - done
-- Check size of unsigned long
-- Check size of unsigned long - done
-- Check size of signed long long
-- Check size of signed long long - done
-- Check size of unsigned long long
-- Check size of unsigned long long - done
-- Check size of unsigned char *
-- Check size of unsigned char * - done
-- Check size of ptrdiff_t
-- Check size of ptrdiff_t - done
-- Looking for snprintf
-- Looking for snprintf - found
-- Looking for strcasecmp
-- Looking for strcasecmp - found
-- Looking for localeconv
-- Looking for localeconv - found
-- Looking for PTHREAD_MUTEX_RECURSIVE
-- Looking for PTHREAD_MUTEX_RECURSIVE - not found
-- Check for STD namespace
-- Check for STD namespace - found
-- Looking for include file sys/file.h
-- Looking for include file sys/file.h - found
-- Looking for include files sys/file.h, sys/ioctl.h
-- Looking for include files sys/file.h, sys/ioctl.h - found
-- Looking for 3 include files sys/file.h, ..., sys/resource.h
-- Looking for 3 include files sys/file.h, ..., sys/resource.h - found
-- Looking for 4 include files sys/file.h, ..., sys/stat.h
-- Looking for 4 include files sys/file.h, ..., sys/stat.h - found
-- Looking for 5 include files sys/file.h, ..., sys/time.h
-- Looking for 5 include files sys/file.h, ..., sys/time.h - found
-- Looking for 6 include files sys/file.h, ..., sys/types.h
-- Looking for 6 include files sys/file.h, ..., sys/types.h - found
-- Looking for 7 include files sys/file.h, ..., features.h
-- Looking for 7 include files sys/file.h, ..., features.h - found
-- Looking for 8 include files sys/file.h, ..., dirent.h
-- Looking for 8 include files sys/file.h, ..., dirent.h - found
-- Looking for 9 include files sys/file.h, ..., setjmp.h
-- Looking for 9 include files sys/file.h, ..., setjmp.h - found
-- Looking for 10 include files sys/file.h, ..., stddef.h
-- Looking for 10 include files sys/file.h, ..., stddef.h - found
-- Looking for 11 include files sys/file.h, ..., stdint.h
-- Looking for 11 include files sys/file.h, ..., stdint.h - found
-- Looking for 12 include files sys/file.h, ..., unistd.h
-- Looking for 12 include files sys/file.h, ..., unistd.h - found
-- Looking for C++ include stdint.h
-- Looking for C++ include stdint.h - found
-- Looking for 13 include files sys/file.h, ..., io.h
-- Looking for 13 include files sys/file.h, ..., io.h - not found
-- Looking for 13 include files sys/file.h, ..., winsock2.h
-- Looking for 13 include files sys/file.h, ..., winsock2.h - not found
-- Looking for 13 include files sys/file.h, ..., pthread.h
-- Looking for 13 include files sys/file.h, ..., pthread.h - found
-- Looking for 14 include files sys/file.h, ..., dlfcn.h
-- Looking for 14 include files sys/file.h, ..., dlfcn.h - found
-- Looking for 15 include files sys/file.h, ..., inttypes.h
-- Looking for 15 include files sys/file.h, ..., inttypes.h - found
-- Performing TEST_LFS_WORKS... yes
-- Looking for fseeko
-- Looking for fseeko - found
-- Performing Other Test HAVE_STAT64_STRUCT - Success
-- Looking for fstat64
-- Looking for fstat64 - found
-- Looking for stat64
-- Looking for stat64 - found
-- Check size of char
-- Check size of char - done
-- Check size of short
-- Check size of short - done
-- Check size of int
-- Check size of int - done
-- Check size of unsigned
-- Check size of unsigned - done
-- Check size of long
-- Check size of long - done
-- Check size of long long
-- Check size of long long - done
-- Check size of __int64
-- Check size of __int64 - failed
-- Check size of float
-- Check size of float - done
-- Check size of double
-- Check size of double - done
-- Check size of long double
-- Check size of long double - done
-- Check size of int8_t
-- Check size of int8_t - done
-- Check size of uint8_t
-- Check size of uint8_t - done
-- Check size of int_least8_t
-- Check size of int_least8_t - done
-- Check size of uint_least8_t
-- Check size of uint_least8_t - done
-- Check size of int_fast8_t
-- Check size of int_fast8_t - done
-- Check size of uint_fast8_t
-- Check size of uint_fast8_t - done
-- Check size of int16_t
-- Check size of int16_t - done
-- Check size of uint16_t
-- Check size of uint16_t - done
-- Check size of int_least16_t
-- Check size of int_least16_t - done
-- Check size of uint_least16_t
-- Check size of uint_least16_t - done
-- Check size of int_fast16_t
-- Check size of int_fast16_t - done
-- Check size of uint_fast16_t
-- Check size of uint_fast16_t - done
-- Check size of int32_t
-- Check size of int32_t - done
-- Check size of uint32_t
-- Check size of uint32_t - done
-- Check size of int_least32_t
-- Check size of int_least32_t - done
-- Check size of uint_least32_t
-- Check size of uint_least32_t - done
-- Check size of int_fast32_t
-- Check size of int_fast32_t - done
-- Check size of uint_fast32_t
-- Check size of uint_fast32_t - done
-- Check size of int64_t
-- Check size of int64_t - done
-- Check size of uint64_t
-- Check size of uint64_t - done
-- Check size of int_least64_t
-- Check size of int_least64_t - done
-- Check size of uint_least64_t
-- Check size of uint_least64_t - done
-- Check size of int_fast64_t
-- Check size of int_fast64_t - done
-- Check size of uint_fast64_t
-- Check size of uint_fast64_t - done
-- Check size of size_t
-- Check size of size_t - done
-- Check size of ssize_t
-- Check size of ssize_t - done
-- Check size of ptrdiff_t
-- Check size of ptrdiff_t - done
-- Check size of off_t
-- Check size of off_t - done
-- Check size of off64_t
-- Check size of off64_t - done
-- Looking for 16 include files sys/file.h, ..., stdbool.h
-- Looking for 16 include files sys/file.h, ..., stdbool.h - found
-- Check size of bool
-- Check size of bool - done
-- Performing Other Test DEV_T_IS_SCALAR - Success
-- Looking for gettimeofday
-- Looking for gettimeofday - found
-- Performing Other Test HAVE_TM_GMTOFF - Success
-- Performing Other Test HAVE___TM_GMTOFF - Failed
-- Performing Other Test HAVE_STRUCT_TIMEZONE - Success
-- Performing Other Test GETTIMEOFDAY_GIVES_TZ - Success
-- Performing Other Test HAVE_TM_ZONE - Failed
-- Performing Other Test HAVE_STRUCT_TM_TM_ZONE - Failed
-- Performing Other Test HAVE_TIMEZONE - Success
-- Performing Other Test HAVE_STAT_ST_BLOCKS - Success
-- Looking for ioctl
-- Looking for ioctl - found
-- Performing Other Test HAVE_STRUCT_VIDEOCONFIG - Failed
-- Performing Other Test HAVE_STRUCT_TEXT_INFO - Failed
-- Looking for _getvideoconfig
-- Looking for _getvideoconfig - not found
-- Looking for gettextinfo
-- Looking for gettextinfo - not found
-- Looking for _scrsize
-- Looking for _scrsize - not found
-- Looking for GetConsoleScreenBufferInfo
-- Looking for GetConsoleScreenBufferInfo - not found
-- Looking for TIOCGWINSZ
-- Looking for TIOCGWINSZ - found
-- Looking for TIOCGETD
-- Looking for TIOCGETD - found
-- Looking for getpwuid
-- Looking for getpwuid - found
-- Looking for alarm
-- Looking for alarm - found
-- Looking for fcntl
-- Looking for fcntl - found
-- Looking for flock
-- Looking for flock - found
-- Looking for fork
-- Looking for fork - found
-- Looking for frexpf
-- Looking for frexpf - found
-- Looking for frexpl
-- Looking for frexpl - found
-- Looking for gethostname
-- Looking for gethostname - found
-- Looking for getrusage
-- Looking for getrusage - found
-- Looking for rand_r
-- Looking for rand_r - found
-- Looking for random
-- Looking for random - found
-- Looking for setsysinfo
-- Looking for setsysinfo - not found
-- Looking for signal
-- Looking for signal - found
-- Looking for longjmp
-- Looking for longjmp - found
-- Looking for setjmp
-- Looking for setjmp - found
-- Looking for siglongjmp
-- Looking for siglongjmp - found
-- Looking for sigsetjmp
-- Looking for sigsetjmp - not found
-- Looking for sigprocmask
-- Looking for sigprocmask - found
-- Looking for strdup
-- Looking for strdup - found
-- Looking for strtoll
-- Looking for strtoll - found
-- Looking for strtoull
-- Looking for strtoull - found
-- Looking for symlink
-- Looking for symlink - found
-- Looking for system
-- Looking for system - found
-- Looking for tmpfile
-- Looking for tmpfile - found
-- Looking for asprintf
-- Looking for asprintf - found
-- Looking for vasprintf
-- Looking for vasprintf - found
-- Looking for waitpid
-- Looking for waitpid - found
-- Looking for sigsetjmp
-- Looking for sigsetjmp - found
-- Performing Other Test HAVE_ATTRIBUTE - Success
-- Performing Other Test HAVE_C99_FUNC - Success
-- Performing Other Test HAVE_FUNCTION - Success
-- Performing Other Test HAVE_C99_DESIGNATED_INITIALIZER - Success
-- Performing Other Test SYSTEM_SCOPE_THREADS - Success
-- Performing Other Test HAVE_SOCKLEN_T - Success
-- Performing Other Test HAVE_INLINE - Success
-- Performing Other Test HAVE___INLINE__ - Success
-- Performing Other Test HAVE___INLINE - Success
-- Checking for appropriate format for 64 bit long:
-- Checking for appropriate format for 64 bit long: found "l"
-- Looking for difftime
-- Looking for difftime - found
-- Check size of __float128
-- Check size of __float128 - done
-- Checking IF your system converts long double to (unsigned) long values with special algorithm... no
-- Checking IF your system can convert (unsigned) long to long double values with special algorithm... no
-- Checking IF correctly converting long double to (unsigned) long long values... no
-- Checking IF correctly converting (unsigned) long long to long double values... no
-- Checking IF alignment restrictions are strictly enforced... no
-- Looking for alloca
-- Looking for alloca - found
-- Looking for isfinite
-- Looking for isfinite - found
-- Looking for isinf
-- Looking for isinf - found
-- Looking for isnan
-- Looking for isnan - found
-- Looking for fsync
-- Looking for fsync - found
-- Looking for getrlimit
-- Looking for getrlimit - found
-- Looking for random
-- Looking for random - found
-- Looking for strdup
-- Looking for strdup - found
-- Looking for strlcat
-- Looking for strlcat - not found
-- Looking for st_blocksize
-- Looking for st_blocksize - not found
-- Looking for sysconf
-- Looking for sysconf - found
-- Looking for H5free_memory
-- Looking for H5free_memory - not found
-- Looking for H5Pset_all_coll_metadata_ops
-- Looking for H5Pset_all_coll_metadata_ops - not found
-- Looking for H5Pset_libver_bounds
-- Looking for H5Pset_libver_bounds - not found
-- Looking for HDF5_PARALLEL
-- Looking for HDF5_PARALLEL - not found
-- Looking for alloca.h
-- Looking for alloca.h - found
-- Looking for malloc.h
-- Looking for malloc.h - found
-- Looking for stdarg.h
-- Looking for stdarg.h - found
-- Looking for sys/param.h
-- Looking for sys/param.h - found
-- Looking for sys/resource.h
-- Looking for sys/resource.h - found
-- Check size of longlong
-- Check size of longlong - failed
-- Check size of long long int
-- Check size of long long int - done
-- Check size of ssize_t
-- Check size of ssize_t - done
-- Check size of uchar
-- Check size of uchar - failed
-- Check size of uint
-- Check size of uint - done
-- Check size of ushort
-- Check size of ushort - done
-- Check size of double
-- Check size of double - done
-- Check size of float
-- Check size of float - done
-- Check size of int
-- Check size of int - done
-- Check size of long
-- Check size of long - done
-- Check size of long long
-- Check size of long long - done
-- Check size of off_t
-- Check size of off_t - done
-- Check size of short
-- Check size of short - done
-- Check size of unsigned char
-- Check size of unsigned char - done
-- Check size of unsigned short int
-- Check size of unsigned short int - done
-- Looking for dlopen in dl;
-- Looking for dlopen in dl; - found
-- Looking for shl_load in dld;dl
-- Looking for shl_load in dld;dl - not found
-- Looking for dlopen in dl;dl;m
-- Looking for dlopen in dl;dl;m - found
-- Looking for include file stdio.h
-- Looking for include file stdio.h - found
-- Looking for 9 include files stdio.h, ..., netdb.h
-- Looking for 9 include files stdio.h, ..., netdb.h - found
-- Looking for 11 include files stdio.h, ..., sys/socket.h
-- Looking for 11 include files stdio.h, ..., sys/socket.h - found
-- Looking for 12 include files stdio.h, ..., netinet/in.h
-- Looking for 12 include files stdio.h, ..., netinet/in.h - found
-- Looking for 13 include files stdio.h, ..., sys/select.h
-- Looking for 13 include files stdio.h, ..., sys/select.h - found
-- Looking for 19 include files stdio.h, ..., sys/time.h
-- Looking for 19 include files stdio.h, ..., sys/time.h - found
-- Looking for 20 include files stdio.h, ..., time.h
-- Looking for 20 include files stdio.h, ..., time.h - found
-- Looking for 22 include files stdio.h, ..., signal.h
-- Looking for 22 include files stdio.h, ..., signal.h - found
-- Looking for 23 include files stdio.h, ..., errno.h
-- Looking for 23 include files stdio.h, ..., errno.h - found
-- Looking for 24 include files stdio.h, ..., ansidecl.h
-- Looking for 24 include files stdio.h, ..., ansidecl.h - not found
-- Looking for 24 include files stdio.h, ..., arpa/inet.h
-- Looking for 24 include files stdio.h, ..., arpa/inet.h - found
-- Looking for 25 include files stdio.h, ..., arpa/nameser.h
-- Looking for 25 include files stdio.h, ..., arpa/nameser.h - found
-- Looking for 26 include files stdio.h, ..., ctype.h
-- Looking for 26 include files stdio.h, ..., ctype.h - found
-- Looking for 27 include files stdio.h, ..., dirent.h
-- Looking for 27 include files stdio.h, ..., dirent.h - found
-- Looking for 28 include files stdio.h, ..., dl.h
-- Looking for 28 include files stdio.h, ..., dl.h - not found
-- Looking for 28 include files stdio.h, ..., float.h
-- Looking for 28 include files stdio.h, ..., float.h - found
-- Looking for 29 include files stdio.h, ..., fp_class.h
-- Looking for 29 include files stdio.h, ..., fp_class.h - not found
-- Looking for 29 include files stdio.h, ..., ieeefp.h
-- Looking for 29 include files stdio.h, ..., ieeefp.h - not found
-- Looking for 29 include files stdio.h, ..., math.h
-- Looking for 29 include files stdio.h, ..., math.h - found
-- Looking for 30 include files stdio.h, ..., nan.h
-- Looking for 30 include files stdio.h, ..., nan.h - not found
-- Looking for 30 include files stdio.h, ..., ndir.h
-- Looking for 30 include files stdio.h, ..., ndir.h - not found
-- Looking for 30 include files stdio.h, ..., pthread.h
-- Looking for 30 include files stdio.h, ..., pthread.h - found
-- Looking for 31 include files stdio.h, ..., resolv.h
-- Looking for 31 include files stdio.h, ..., resolv.h - found
-- Looking for 33 include files stdio.h, ..., sys/mman.h
-- Looking for 33 include files stdio.h, ..., sys/mman.h - found
-- Looking for 34 include files stdio.h, ..., sys/timeb.h
-- Looking for 34 include files stdio.h, ..., sys/timeb.h - found
-- Looking for finite
-- Looking for finite - found
-- Looking for fpclass
-- Looking for fpclass - not found
-- Looking for fp_class
-- Looking for fp_class - not found
-- Looking for fprintf
-- Looking for fprintf - found
-- Looking for ftime
-- Looking for ftime - found
-- Looking for gettimeofday
-- Looking for gettimeofday - found
-- Looking for localtime
-- Looking for localtime - found
-- Looking for printf
-- Looking for printf - found
-- Looking for sscanf
-- Looking for sscanf - found
-- Looking for sprintf
-- Looking for sprintf - found
-- Looking for signal
-- Looking for signal - found
-- Looking for strndup
-- Looking for strndup - found
-- Looking for strerror
-- Looking for strerror - found
-- Looking for strftime
-- Looking for strftime - found
-- Looking for stat
-- Looking for stat - found
-- Looking for _stat
-- Looking for _stat - not found
-- Looking for vfprintf
-- Looking for vfprintf - found
-- Looking for vsnprintf
-- Looking for vsnprintf - found
-- Looking for vsprintf
-- Looking for vsprintf - found
-- Checking for getaddrinfo.
-- Checking for getaddrinfo. - yes
-- Checking for socklen_t
-- Checking for socklen_t - yes
-- Checking for DIR in sys/dir.h
-- Checking for DIR in sys/dir.h - yes
-- Checking for DIR in sys/ndir.h
-- Checking for DIR in sys/ndir.h - no
-- Checking for va_copy
-- Checking for va_copy - yes
-- Checking for __va_copy
-- Checking for __va_copy - yes
-- Checking for ipv6 support.
-- Checking for ipv6 support. - yes
-- Looking for include file inttypes.h
-- Looking for include file inttypes.h - found
-- Looking for include file stdint.h
-- Looking for include file stdint.h - found
-- Looking for include file sys/types.h
-- Looking for include file sys/types.h - found
-- Performing Test have_flag_logical-op-parentheses
-- Performing Test have_flag_logical-op-parentheses - Success
-- Performing Test have_flag_parentheses
-- Performing Test have_flag_parentheses - Success
-- Performing Test have_flag_shift-op-parentheses
-- Performing Test have_flag_shift-op-parentheses - Success
-- Performing Test have_flag_tautological-compare
-- Performing Test have_flag_tautological-compare - Success
-- Configuring done
-- Generating done
CMake Warning:
  Manually-specified variables were not used by the project:

    VTK_MODULE_ENABLE_VTK_RenderingContextOpenGL2


-- Build files have been written to: /tmp/VTK-8.2.0/build
+ make -j
[  0%] Building C object Utilities/KWSys/vtksys/CMakeFiles/vtksys.dir/Base64.c.o
[  0%] Building C object Utilities/KWSys/vtksys/CMakeFiles/vtksys.dir/ProcessUNIX.c.o
[  0%] Building C object ThirdParty/zlib/vtkzlib/CMakeFiles/vtkzlib.dir/adler32.c.o
[  0%] Building C object Utilities/KWSys/vtksys/CMakeFiles/vtksys.dir/EncodingC.c.o
[  0%] Building CXX object Utilities/DICOMParser/CMakeFiles/vtkDICOMParser.dir/DICOMFile.cxx.o
[  0%] Building C object ThirdParty/zlib/vtkzlib/CMakeFiles/vtkzlib.dir/compress.c.o
[  0%] Building CXX object ThirdParty/doubleconversion/vtkdoubleconversion/CMakeFiles/vtkdoubleconversion.dir/double-conversion/bignum.cc.o
[  0%] Building C object ThirdParty/zlib/vtkzlib/CMakeFiles/vtkzlib.dir/crc32.c.o
[  0%] Building CXX object ThirdParty/verdict/vtkverdict/CMakeFiles/verdict.dir/V_EdgeMetric.cpp.o
[  0%] Building C object Utilities/KWSys/vtksys/CMakeFiles/vtksys.dir/MD5.c.o
[  0%] Building CXX object Utilities/DICOMParser/CMakeFiles/vtkDICOMParser.dir/DICOMParser.cxx.o
[  0%] Building CXX object ThirdParty/doubleconversion/vtkdoubleconversion/CMakeFiles/vtkdoubleconversion.dir/double-conversion/bignum-dtoa.cc.o
[  0%] Building C object Utilities/KWSys/vtksys/CMakeFiles/vtksys.dir/System.c.o
[  0%] Building CXX object ThirdParty/verdict/vtkverdict/CMakeFiles/verdict.dir/V_GaussIntegration.cpp.o
[  0%] Built target VTKData
[  0%] Building C object ThirdParty/zlib/vtkzlib/CMakeFiles/vtkzlib.dir/deflate.c.o
[  0%] Building CXX object Utilities/KWSys/vtksys/CMakeFiles/vtksys.dir/Directory.cxx.o
[  0%] Building CXX object ThirdParty/doubleconversion/vtkdoubleconversion/CMakeFiles/vtkdoubleconversion.dir/double-conversion/cached-powers.cc.o
[  1%] Building CXX object Utilities/DICOMParser/CMakeFiles/vtkDICOMParser.dir/DICOMAppHelper.cxx.o
[  1%] Building C object ThirdParty/libproj/vtklibproj/src/CMakeFiles/vtklibproj.dir/nad_init.c.o
[  1%] Building C object ThirdParty/zlib/vtkzlib/CMakeFiles/vtkzlib.dir/gzclose.c.o
[  1%] Building CXX object Utilities/KWSys/vtksys/CMakeFiles/vtksys.dir/EncodingCXX.cxx.o
[  1%] Building CXX object Utilities/KWSys/vtksys/CMakeFiles/vtksys.dir/DynamicLoader.cxx.o
[  1%] Building CXX object ThirdParty/doubleconversion/vtkdoubleconversion/CMakeFiles/vtkdoubleconversion.dir/double-conversion/diy-fp.cc.o
[  1%] Building CXX object ThirdParty/verdict/vtkverdict/CMakeFiles/verdict.dir/V_HexMetric.cpp.o
[  1%] Building CXX object ThirdParty/verdict/vtkverdict/CMakeFiles/verdict.dir/V_KnifeMetric.cpp.o
[  1%] Building C object ThirdParty/zlib/vtkzlib/CMakeFiles/vtkzlib.dir/gzlib.c.o
[  1%] Building C object ThirdParty/libproj/vtklibproj/src/CMakeFiles/vtklibproj.dir/PJ_aea.c.o
[  1%] Building CXX object ThirdParty/verdict/vtkverdict/CMakeFiles/verdict.dir/V_PyramidMetric.cpp.o
[  1%] Building CXX object ThirdParty/doubleconversion/vtkdoubleconversion/CMakeFiles/vtkdoubleconversion.dir/double-conversion/double-conversion.cc.o
[  1%] Building CXX object Utilities/KWSys/vtksys/CMakeFiles/vtksys.dir/Glob.cxx.o
[  1%] Building CXX object ThirdParty/verdict/vtkverdict/CMakeFiles/verdict.dir/V_QuadMetric.cpp.o
[  1%] Building C object ThirdParty/libproj/vtklibproj/src/CMakeFiles/vtklibproj.dir/PJ_aeqd.c.o
[  1%] Building C object ThirdParty/zlib/vtkzlib/CMakeFiles/vtkzlib.dir/gzread.c.o
[  1%] Building CXX object ThirdParty/doubleconversion/vtkdoubleconversion/CMakeFiles/vtkdoubleconversion.dir/double-conversion/fast-dtoa.cc.o
[  1%] Building CXX object ThirdParty/verdict/vtkverdict/CMakeFiles/verdict.dir/V_TetMetric.cpp.o
[  1%] Building C object ThirdParty/libproj/vtklibproj/src/CMakeFiles/vtklibproj.dir/PJ_airy.c.o
[  1%] Building CXX object Utilities/KWSys/vtksys/CMakeFiles/vtksys.dir/RegularExpression.cxx.o
[  1%] Building CXX object ThirdParty/doubleconversion/vtkdoubleconversion/CMakeFiles/vtkdoubleconversion.dir/double-conversion/fixed-dtoa.cc.o
[  1%] Building C object ThirdParty/expat/vtkexpat/CMakeFiles/vtkexpat.dir/lib/loadlibrary.c.o
[  1%] Building CXX object ThirdParty/pugixml/vtkpugixml/CMakeFiles/vtkpugixml.dir/src/pugixml.cpp.o
[  1%] Building CXX object ThirdParty/verdict/vtkverdict/CMakeFiles/verdict.dir/V_TriMetric.cpp.o
[  1%] Building CXX object Utilities/KWSys/vtksys/CMakeFiles/vtksys.dir/SystemTools.cxx.o
[  1%] Building C object ThirdParty/libproj/vtklibproj/src/CMakeFiles/vtklibproj.dir/PJ_aitoff.c.o
[  1%] Building C object ThirdParty/zlib/vtkzlib/CMakeFiles/vtkzlib.dir/gzwrite.c.o
[  1%] Building CXX object ThirdParty/verdict/vtkverdict/CMakeFiles/verdict.dir/VerdictVector.cpp.o
[  1%] Building C object ThirdParty/expat/vtkexpat/CMakeFiles/vtkexpat.dir/lib/xmlparse.c.o
[  1%] Building C object ThirdParty/zlib/vtkzlib/CMakeFiles/vtkzlib.dir/inflate.c.o
[  1%] Building C object ThirdParty/lzma/vtklzma/CMakeFiles/vtklzma.dir/src/common/tuklib_cpucores.c.o
[  1%] Building C object ThirdParty/zlib/vtkzlib/CMakeFiles/vtkzlib.dir/infback.c.o
[  1%] Building CXX object Utilities/KWSys/vtksys/CMakeFiles/vtksys.dir/CommandLineArguments.cxx.o
[  1%] Building C object ThirdParty/libproj/vtklibproj/src/CMakeFiles/vtklibproj.dir/PJ_august.c.o
[  1%] Building CXX object ThirdParty/doubleconversion/vtkdoubleconversion/CMakeFiles/vtkdoubleconversion.dir/double-conversion/strtod.cc.o
[  1%] Building CXX object ThirdParty/verdict/vtkverdict/CMakeFiles/verdict.dir/V_WedgeMetric.cpp.o
[  1%] Building C object ThirdParty/hdf5/vtkhdf5/src/CMakeFiles/H5detect.dir/H5detect.c.o
[  1%] Building C object ThirdParty/expat/vtkexpat/CMakeFiles/vtkexpat.dir/lib/xmlrole.c.o
[  1%] Building C object ThirdParty/lzma/vtklzma/CMakeFiles/vtklzma.dir/src/common/tuklib_physmem.c.o
[  1%] Building CXX object ThirdParty/jsoncpp/vtkjsoncpp/CMakeFiles/vtkjsoncpp.dir/jsoncpp.cpp.o
[  1%] Building CXX object Utilities/KWSys/vtksys/CMakeFiles/vtksys.dir/FStream.cxx.o
[  1%] Building C object ThirdParty/sqlite/vtksqlite/CMakeFiles/vtksqlite.dir/sqlite3.c.o
[  1%] Building C object ThirdParty/ogg/vtkogg/CMakeFiles/vtkogg.dir/src/bitwise.c.o
[  1%] Building C object ThirdParty/zlib/vtkzlib/CMakeFiles/vtkzlib.dir/inftrees.c.o
[  1%] Building C object ThirdParty/lz4/vtklz4/CMakeFiles/vtklz4.dir/lib/lz4.c.o
[  1%] Building CXX object Utilities/KWSys/vtksys/CMakeFiles/vtksys.dir/SystemInformation.cxx.o
[  1%] Building C object ThirdParty/expat/vtkexpat/CMakeFiles/vtkexpat.dir/lib/xmltok.c.o
[  1%] Building C object ThirdParty/expat/vtkexpat/CMakeFiles/vtkexpat.dir/lib/xmltok_impl.c.o
[  1%] Building C object ThirdParty/libproj/vtklibproj/src/CMakeFiles/vtklibproj.dir/PJ_bacon.c.o
[  1%] Building C object ThirdParty/zlib/vtkzlib/CMakeFiles/vtkzlib.dir/inffast.c.o
[  1%] Building C object ThirdParty/hdf5/vtkhdf5/src/CMakeFiles/H5make_libsettings.dir/H5make_libsettings.c.o
[  1%] Building C object ThirdParty/ogg/vtkogg/CMakeFiles/vtkogg.dir/src/framing.c.o
[  1%] Building C object ThirdParty/jpeg/vtkjpeg/CMakeFiles/vtkjpeg.dir/jcapimin.c.o
[  1%] Building C object ThirdParty/expat/vtkexpat/CMakeFiles/vtkexpat.dir/lib/xmltok_ns.c.o
[  1%] Building C object ThirdParty/lzma/vtklzma/CMakeFiles/vtklzma.dir/src/liblzma/check/check.c.o
[  1%] Building C object ThirdParty/jpeg/vtkjpeg/CMakeFiles/vtkjpeg.dir/jcapistd.c.o
[  1%] Building C object ThirdParty/zlib/vtkzlib/CMakeFiles/vtkzlib.dir/trees.c.o
[  2%] Building C object ThirdParty/lz4/vtklz4/CMakeFiles/vtklz4.dir/lib/lz4hc.c.o
[  2%] Building C object ThirdParty/lz4/vtklz4/CMakeFiles/vtklz4.dir/lib/lz4frame.c.o
[  2%] Building C object ThirdParty/lzma/vtklzma/CMakeFiles/vtklzma.dir/src/liblzma/check/crc32_fast.c.o
[  2%] Building C object ThirdParty/libproj/vtklibproj/src/CMakeFiles/vtklibproj.dir/PJ_bipc.c.o
[  2%] Building C object ThirdParty/jpeg/vtkjpeg/CMakeFiles/vtkjpeg.dir/jccoefct.c.o
[  2%] Building C object ThirdParty/lz4/vtklz4/CMakeFiles/vtklz4.dir/lib/xxhash.c.o
[  2%] Building C object ThirdParty/zlib/vtkzlib/CMakeFiles/vtkzlib.dir/uncompr.c.o
[  2%] Building C object ThirdParty/libproj/vtklibproj/src/CMakeFiles/vtklibproj.dir/PJ_boggs.c.o
[  2%] Building C object ThirdParty/lzma/vtklzma/CMakeFiles/vtklzma.dir/src/liblzma/check/crc32_table.c.o
[  2%] Building C object ThirdParty/jpeg/vtkjpeg/CMakeFiles/vtkjpeg.dir/jccolor.c.o
[  2%] Building C object ThirdParty/zlib/vtkzlib/CMakeFiles/vtkzlib.dir/zutil.c.o
[  2%] Building C object ThirdParty/libproj/vtklibproj/src/CMakeFiles/vtklibproj.dir/PJ_bonne.c.o
[  2%] Building C object ThirdParty/jpeg/vtkjpeg/CMakeFiles/vtkjpeg.dir/jcdctmgr.c.o
[  2%] Building C object ThirdParty/lzma/vtklzma/CMakeFiles/vtklzma.dir/src/liblzma/check/crc64_fast.c.o
[  2%] Building C object ThirdParty/libproj/vtklibproj/src/CMakeFiles/vtklibproj.dir/PJ_calcofi.c.o
[  2%] Building C object ThirdParty/lzma/vtklzma/CMakeFiles/vtklzma.dir/src/liblzma/check/crc64_table.c.o
[  2%] Building C object ThirdParty/jpeg/vtkjpeg/CMakeFiles/vtkjpeg.dir/jchuff.c.o
[  2%] Building C object ThirdParty/jpeg/vtkjpeg/CMakeFiles/vtkjpeg.dir/jcinit.c.o
[  2%] Building C object ThirdParty/libproj/vtklibproj/src/CMakeFiles/vtklibproj.dir/PJ_cass.c.o
[  2%] Building C object ThirdParty/lzma/vtklzma/CMakeFiles/vtklzma.dir/src/liblzma/check/sha256.c.o
[  2%] Building C object ThirdParty/libproj/vtklibproj/src/CMakeFiles/vtklibproj.dir/PJ_cc.c.o
[  2%] Building C object ThirdParty/jpeg/vtkjpeg/CMakeFiles/vtkjpeg.dir/jcmainct.c.o
[  2%] Building C object ThirdParty/libproj/vtklibproj/src/CMakeFiles/vtklibproj.dir/PJ_cea.c.o
[  2%] Building C object ThirdParty/jpeg/vtkjpeg/CMakeFiles/vtkjpeg.dir/jcmarker.c.o
[  2%] Building C object ThirdParty/lzma/vtklzma/CMakeFiles/vtklzma.dir/src/liblzma/common/alone_decoder.c.o
[  2%] Building C object ThirdParty/libproj/vtklibproj/src/CMakeFiles/vtklibproj.dir/PJ_chamb.c.o
[  2%] Building C object ThirdParty/lzma/vtklzma/CMakeFiles/vtklzma.dir/src/liblzma/common/alone_encoder.c.o
[  2%] Building C object ThirdParty/libproj/vtklibproj/src/CMakeFiles/vtklibproj.dir/PJ_collg.c.o
[  2%] Building C object ThirdParty/jpeg/vtkjpeg/CMakeFiles/vtkjpeg.dir/jcmaster.c.o
[  2%] Building C object ThirdParty/jpeg/vtkjpeg/CMakeFiles/vtkjpeg.dir/jcomapi.c.o
[  2%] Building C object ThirdParty/lzma/vtklzma/CMakeFiles/vtklzma.dir/src/liblzma/common/auto_decoder.c.o
[  2%] Building C object ThirdParty/libproj/vtklibproj/src/CMakeFiles/vtklibproj.dir/PJ_comill.c.o
[  2%] Building C object ThirdParty/jpeg/vtkjpeg/CMakeFiles/vtkjpeg.dir/jcparam.c.o
[  2%] Building C object ThirdParty/lzma/vtklzma/CMakeFiles/vtklzma.dir/src/liblzma/common/block_buffer_decoder.c.o
[  2%] Building C object ThirdParty/libproj/vtklibproj/src/CMakeFiles/vtklibproj.dir/PJ_crast.c.o
[  2%] Building C object ThirdParty/lzma/vtklzma/CMakeFiles/vtklzma.dir/src/liblzma/common/block_buffer_encoder.c.o
[  2%] Building C object ThirdParty/jpeg/vtkjpeg/CMakeFiles/vtkjpeg.dir/jcphuff.c.o
[  2%] Building C object ThirdParty/libproj/vtklibproj/src/CMakeFiles/vtklibproj.dir/PJ_denoy.c.o
[  2%] Building C object ThirdParty/jpeg/vtkjpeg/CMakeFiles/vtkjpeg.dir/jcprepct.c.o
[  2%] Building C object ThirdParty/lzma/vtklzma/CMakeFiles/vtklzma.dir/src/liblzma/common/block_decoder.c.o
[  2%] Building C object ThirdParty/libproj/vtklibproj/src/CMakeFiles/vtklibproj.dir/PJ_eck1.c.o
[  2%] Building C object ThirdParty/lzma/vtklzma/CMakeFiles/vtklzma.dir/src/liblzma/common/block_encoder.c.o
[  2%] Building C object ThirdParty/jpeg/vtkjpeg/CMakeFiles/vtkjpeg.dir/jcsample.c.o
[  2%] Building C object ThirdParty/lzma/vtklzma/CMakeFiles/vtklzma.dir/src/liblzma/common/block_header_decoder.c.o
[  2%] Building C object ThirdParty/libproj/vtklibproj/src/CMakeFiles/vtklibproj.dir/PJ_eck2.c.o
[  2%] Building C object ThirdParty/lzma/vtklzma/CMakeFiles/vtklzma.dir/src/liblzma/common/block_header_encoder.c.o
[  2%] Building C object ThirdParty/jpeg/vtkjpeg/CMakeFiles/vtkjpeg.dir/jctrans.c.o
[  2%] Building C object ThirdParty/libproj/vtklibproj/src/CMakeFiles/vtklibproj.dir/PJ_eck3.c.o
[  2%] Building C object ThirdParty/jpeg/vtkjpeg/CMakeFiles/vtkjpeg.dir/jdapimin.c.o
[  2%] Building C object ThirdParty/lzma/vtklzma/CMakeFiles/vtklzma.dir/src/liblzma/common/block_util.c.o
[  2%] Building C object ThirdParty/libproj/vtklibproj/src/CMakeFiles/vtklibproj.dir/PJ_eck4.c.o
[  2%] Building C object ThirdParty/lzma/vtklzma/CMakeFiles/vtklzma.dir/src/liblzma/common/common.c.o
[  2%] Building C object ThirdParty/libproj/vtklibproj/src/CMakeFiles/vtklibproj.dir/PJ_eck5.c.o
[  2%] Building C object ThirdParty/jpeg/vtkjpeg/CMakeFiles/vtkjpeg.dir/jdapistd.c.o
[  2%] Building C object ThirdParty/lzma/vtklzma/CMakeFiles/vtklzma.dir/src/liblzma/common/easy_buffer_encoder.c.o
[  2%] Building C object ThirdParty/jpeg/vtkjpeg/CMakeFiles/vtkjpeg.dir/jdatadst.c.o
[  2%] Building C object ThirdParty/libproj/vtklibproj/src/CMakeFiles/vtklibproj.dir/PJ_eqc.c.o
[  2%] Building C object ThirdParty/jpeg/vtkjpeg/CMakeFiles/vtkjpeg.dir/jdatasrc.c.o
[  2%] Building C object ThirdParty/lzma/vtklzma/CMakeFiles/vtklzma.dir/src/liblzma/common/easy_decoder_memusage.c.o
[  2%] Building C object ThirdParty/libproj/vtklibproj/src/CMakeFiles/vtklibproj.dir/PJ_eqdc.c.o
[  2%] Building C object ThirdParty/lzma/vtklzma/CMakeFiles/vtklzma.dir/src/liblzma/common/easy_encoder.c.o
[  2%] Building C object ThirdParty/jpeg/vtkjpeg/CMakeFiles/vtkjpeg.dir/jdcoefct.c.o
[  2%] Building C object ThirdParty/libproj/vtklibproj/src/CMakeFiles/vtklibproj.dir/PJ_fahey.c.o
[  2%] Building C object ThirdParty/jpeg/vtkjpeg/CMakeFiles/vtkjpeg.dir/jdcolor.c.o
[  2%] Building C object ThirdParty/lzma/vtklzma/CMakeFiles/vtklzma.dir/src/liblzma/common/easy_encoder_memusage.c.o
[  2%] Building C object ThirdParty/libproj/vtklibproj/src/CMakeFiles/vtklibproj.dir/PJ_fouc_s.c.o
[  2%] Building C object ThirdParty/lzma/vtklzma/CMakeFiles/vtklzma.dir/src/liblzma/common/easy_preset.c.o
[  2%] Building C object ThirdParty/jpeg/vtkjpeg/CMakeFiles/vtkjpeg.dir/jddctmgr.c.o
[  2%] Building C object ThirdParty/libproj/vtklibproj/src/CMakeFiles/vtklibproj.dir/PJ_gall.c.o
[  2%] Building C object ThirdParty/jpeg/vtkjpeg/CMakeFiles/vtkjpeg.dir/jdhuff.c.o
[  2%] Building C object ThirdParty/lzma/vtklzma/CMakeFiles/vtklzma.dir/src/liblzma/common/filter_buffer_decoder.c.o
[  3%] Building C object ThirdParty/libproj/vtklibproj/src/CMakeFiles/vtklibproj.dir/PJ_gins8.c.o
[  3%] Building C object ThirdParty/lzma/vtklzma/CMakeFiles/vtklzma.dir/src/liblzma/common/filter_buffer_encoder.c.o
[  3%] Building C object ThirdParty/jpeg/vtkjpeg/CMakeFiles/vtkjpeg.dir/jdinput.c.o
[  3%] Building C object ThirdParty/libproj/vtklibproj/src/CMakeFiles/vtklibproj.dir/PJ_gnom.c.o
[  3%] Building C object ThirdParty/lzma/vtklzma/CMakeFiles/vtklzma.dir/src/liblzma/common/filter_common.c.o
[  3%] Building C object ThirdParty/jpeg/vtkjpeg/CMakeFiles/vtkjpeg.dir/jdmainct.c.o
[  3%] Building C object ThirdParty/libproj/vtklibproj/src/CMakeFiles/vtklibproj.dir/PJ_geos.c.o
[  3%] Building C object ThirdParty/libproj/vtklibproj/src/CMakeFiles/vtklibproj.dir/PJ_gn_sinu.c.o
[  3%] Building C object ThirdParty/jpeg/vtkjpeg/CMakeFiles/vtkjpeg.dir/jdmarker.c.o
[  3%] Building C object ThirdParty/lzma/vtklzma/CMakeFiles/vtklzma.dir/src/liblzma/common/filter_encoder.c.o
[  3%] Building C object ThirdParty/lzma/vtklzma/CMakeFiles/vtklzma.dir/src/liblzma/common/filter_decoder.c.o
[  3%] Building C object ThirdParty/libproj/vtklibproj/src/CMakeFiles/vtklibproj.dir/PJ_goode.c.o
[  3%] Building C object ThirdParty/lzma/vtklzma/CMakeFiles/vtklzma.dir/src/liblzma/common/filter_flags_decoder.c.o
[  3%] Building C object ThirdParty/jpeg/vtkjpeg/CMakeFiles/vtkjpeg.dir/jdmaster.c.o
[  3%] Building C object ThirdParty/libproj/vtklibproj/src/CMakeFiles/vtklibproj.dir/PJ_gstmerc.c.o
[  3%] Building C object ThirdParty/jpeg/vtkjpeg/CMakeFiles/vtkjpeg.dir/jdmerge.c.o
[  3%] Building C object ThirdParty/libproj/vtklibproj/src/CMakeFiles/vtklibproj.dir/PJ_hammer.c.o
[  3%] Building C object ThirdParty/lzma/vtklzma/CMakeFiles/vtklzma.dir/src/liblzma/common/filter_flags_encoder.c.o
[  3%] Building C object ThirdParty/jpeg/vtkjpeg/CMakeFiles/vtkjpeg.dir/jdphuff.c.o
[  3%] Building C object ThirdParty/lzma/vtklzma/CMakeFiles/vtklzma.dir/src/liblzma/common/hardware_cputhreads.c.o
[  3%] Building C object ThirdParty/libproj/vtklibproj/src/CMakeFiles/vtklibproj.dir/PJ_hatano.c.o
[  3%] Building C object ThirdParty/jpeg/vtkjpeg/CMakeFiles/vtkjpeg.dir/jdpostct.c.o
[  3%] Building C object ThirdParty/libproj/vtklibproj/src/CMakeFiles/vtklibproj.dir/PJ_igh.c.o
[  4%] Building C object ThirdParty/lzma/vtklzma/CMakeFiles/vtklzma.dir/src/liblzma/common/hardware_physmem.c.o
[  4%] Building C object ThirdParty/libproj/vtklibproj/src/CMakeFiles/vtklibproj.dir/PJ_isea.c.o
[  4%] Building C object ThirdParty/jpeg/vtkjpeg/CMakeFiles/vtkjpeg.dir/jdsample.c.o
[  4%] Building C object ThirdParty/lzma/vtklzma/CMakeFiles/vtklzma.dir/src/liblzma/common/index.c.o
[  4%] Building C object ThirdParty/jpeg/vtkjpeg/CMakeFiles/vtkjpeg.dir/jdtrans.c.o
[  4%] Building C object ThirdParty/lzma/vtklzma/CMakeFiles/vtklzma.dir/src/liblzma/common/index_decoder.c.o
[  4%] Building C object ThirdParty/libproj/vtklibproj/src/CMakeFiles/vtklibproj.dir/PJ_imw_p.c.o
[  4%] Building C object ThirdParty/jpeg/vtkjpeg/CMakeFiles/vtkjpeg.dir/jerror.c.o
[  4%] Building C object ThirdParty/lzma/vtklzma/CMakeFiles/vtklzma.dir/src/liblzma/common/index_encoder.c.o
[  4%] Building C object ThirdParty/libproj/vtklibproj/src/CMakeFiles/vtklibproj.dir/PJ_krovak.c.o
[  5%] Building C object ThirdParty/jpeg/vtkjpeg/CMakeFiles/vtkjpeg.dir/jfdctflt.c.o
[  5%] Building C object ThirdParty/lzma/vtklzma/CMakeFiles/vtklzma.dir/src/liblzma/common/index_hash.c.o
[  5%] Building C object ThirdParty/libproj/vtklibproj/src/CMakeFiles/vtklibproj.dir/PJ_labrd.c.o
[  5%] Building C object ThirdParty/jpeg/vtkjpeg/CMakeFiles/vtkjpeg.dir/jfdctfst.c.o
[  5%] Building C object ThirdParty/libproj/vtklibproj/src/CMakeFiles/vtklibproj.dir/PJ_laea.c.o
[  5%] Building C object ThirdParty/lzma/vtklzma/CMakeFiles/vtklzma.dir/src/liblzma/common/outqueue.c.o
[  5%] Building C object ThirdParty/jpeg/vtkjpeg/CMakeFiles/vtkjpeg.dir/jfdctint.c.o
[  5%] Building C object ThirdParty/lzma/vtklzma/CMakeFiles/vtklzma.dir/src/liblzma/common/stream_buffer_decoder.c.o
[  5%] Building C object ThirdParty/libproj/vtklibproj/src/CMakeFiles/vtklibproj.dir/PJ_lagrng.c.o
[  5%] Building C object ThirdParty/jpeg/vtkjpeg/CMakeFiles/vtkjpeg.dir/jidctflt.c.o
[  5%] Building C object ThirdParty/libproj/vtklibproj/src/CMakeFiles/vtklibproj.dir/PJ_larr.c.o
[  5%] Building C object ThirdParty/lzma/vtklzma/CMakeFiles/vtklzma.dir/src/liblzma/common/stream_buffer_encoder.c.o
[  5%] Building C object ThirdParty/jpeg/vtkjpeg/CMakeFiles/vtkjpeg.dir/jidctfst.c.o
[  5%] Building C object ThirdParty/libproj/vtklibproj/src/CMakeFiles/vtklibproj.dir/PJ_lask.c.o
[  5%] Building C object ThirdParty/lzma/vtklzma/CMakeFiles/vtklzma.dir/src/liblzma/common/stream_decoder.c.o
[  5%] Building C object ThirdParty/jpeg/vtkjpeg/CMakeFiles/vtkjpeg.dir/jidctint.c.o
[  5%] Building C object ThirdParty/lzma/vtklzma/CMakeFiles/vtklzma.dir/src/liblzma/common/stream_encoder.c.o
[  5%] Building C object ThirdParty/libproj/vtklibproj/src/CMakeFiles/vtklibproj.dir/PJ_lcca.c.o
[  5%] Building C object ThirdParty/jpeg/vtkjpeg/CMakeFiles/vtkjpeg.dir/jidctred.c.o
[  5%] Building C object ThirdParty/lzma/vtklzma/CMakeFiles/vtklzma.dir/src/liblzma/common/stream_encoder_mt.c.o
[  5%] Building C object ThirdParty/jpeg/vtkjpeg/CMakeFiles/vtkjpeg.dir/jmemmgr.c.o
[  5%] Building C object ThirdParty/libproj/vtklibproj/src/CMakeFiles/vtklibproj.dir/PJ_lcc.c.o
[  5%] Building C object ThirdParty/lzma/vtklzma/CMakeFiles/vtklzma.dir/src/liblzma/common/stream_flags_common.c.o
[  5%] Building C object ThirdParty/libproj/vtklibproj/src/CMakeFiles/vtklibproj.dir/PJ_loxim.c.o
[  5%] Building C object ThirdParty/jpeg/vtkjpeg/CMakeFiles/vtkjpeg.dir/jmemnobs.c.o
[  5%] Building C object ThirdParty/lzma/vtklzma/CMakeFiles/vtklzma.dir/src/liblzma/common/stream_flags_decoder.c.o
[  5%] Building C object ThirdParty/libproj/vtklibproj/src/CMakeFiles/vtklibproj.dir/PJ_lsat.c.o
[  5%] Building C object ThirdParty/jpeg/vtkjpeg/CMakeFiles/vtkjpeg.dir/jquant1.c.o
[  5%] Building C object ThirdParty/lzma/vtklzma/CMakeFiles/vtklzma.dir/src/liblzma/common/stream_flags_encoder.c.o
[  5%] Building C object ThirdParty/libproj/vtklibproj/src/CMakeFiles/vtklibproj.dir/PJ_misrsom.c.o
[  5%] Building C object ThirdParty/jpeg/vtkjpeg/CMakeFiles/vtkjpeg.dir/jquant2.c.o
[  5%] Building C object ThirdParty/lzma/vtklzma/CMakeFiles/vtklzma.dir/src/liblzma/common/vli_decoder.c.o
[  5%] Building C object ThirdParty/libproj/vtklibproj/src/CMakeFiles/vtklibproj.dir/PJ_mbt_fps.c.o
[  5%] Building C object ThirdParty/jpeg/vtkjpeg/CMakeFiles/vtkjpeg.dir/jutils.c.o
[  5%] Building C object ThirdParty/lzma/vtklzma/CMakeFiles/vtklzma.dir/src/liblzma/common/vli_encoder.c.o
[  5%] Building C object ThirdParty/libproj/vtklibproj/src/CMakeFiles/vtklibproj.dir/PJ_mbtfpp.c.o
[  5%] Building C object ThirdParty/jpeg/vtkjpeg/CMakeFiles/vtkjpeg.dir/jaricom.c.o
[  5%] Building C object ThirdParty/lzma/vtklzma/CMakeFiles/vtklzma.dir/src/liblzma/common/vli_size.c.o
[  5%] Building C object ThirdParty/libproj/vtklibproj/src/CMakeFiles/vtklibproj.dir/PJ_mbtfpq.c.o
[  5%] Building C object ThirdParty/jpeg/vtkjpeg/CMakeFiles/vtkjpeg.dir/jcarith.c.o
[  5%] Building C object ThirdParty/libproj/vtklibproj/src/CMakeFiles/vtklibproj.dir/PJ_merc.c.o
[  5%] Building C object ThirdParty/jpeg/vtkjpeg/CMakeFiles/vtkjpeg.dir/jdarith.c.o
[  5%] Building C object ThirdParty/lzma/vtklzma/CMakeFiles/vtklzma.dir/src/liblzma/delta/delta_common.c.o
[  5%] Building C object ThirdParty/libproj/vtklibproj/src/CMakeFiles/vtklibproj.dir/PJ_mill.c.o
[  5%] Building C object ThirdParty/jpeg/vtkjpeg/CMakeFiles/vtkjpeg.dir/jsimd_none.c.o
[  5%] Building C object ThirdParty/lzma/vtklzma/CMakeFiles/vtklzma.dir/src/liblzma/delta/delta_decoder.c.o
[  5%] Building C object ThirdParty/libproj/vtklibproj/src/CMakeFiles/vtklibproj.dir/PJ_mod_ster.c.o
[  5%] Building C object ThirdParty/libproj/vtklibproj/src/CMakeFiles/vtklibproj.dir/PJ_moll.c.o
[  5%] Building C object ThirdParty/lzma/vtklzma/CMakeFiles/vtklzma.dir/src/liblzma/delta/delta_encoder.c.o
[  5%] Building C object ThirdParty/libproj/vtklibproj/src/CMakeFiles/vtklibproj.dir/PJ_natearth.c.o
[  5%] Building C object ThirdParty/lzma/vtklzma/CMakeFiles/vtklzma.dir/src/liblzma/lzma/fastpos_table.c.o
[  5%] Building C object ThirdParty/libproj/vtklibproj/src/CMakeFiles/vtklibproj.dir/PJ_natearth2.c.o
[  5%] Building C object ThirdParty/lzma/vtklzma/CMakeFiles/vtklzma.dir/src/liblzma/lzma/lzma2_decoder.c.o
[  5%] Building C object ThirdParty/libproj/vtklibproj/src/CMakeFiles/vtklibproj.dir/PJ_nell.c.o
[  5%] Building C object ThirdParty/libproj/vtklibproj/src/CMakeFiles/vtklibproj.dir/PJ_nell_h.c.o
[  5%] Building C object ThirdParty/lzma/vtklzma/CMakeFiles/vtklzma.dir/src/liblzma/lzma/lzma2_encoder.c.o
[  5%] Building C object ThirdParty/libproj/vtklibproj/src/CMakeFiles/vtklibproj.dir/PJ_nocol.c.o
[  5%] Building C object ThirdParty/lzma/vtklzma/CMakeFiles/vtklzma.dir/src/liblzma/lzma/lzma_decoder.c.o
[  5%] Building C object ThirdParty/libproj/vtklibproj/src/CMakeFiles/vtklibproj.dir/PJ_nsper.c.o
[  5%] Building C object ThirdParty/lzma/vtklzma/CMakeFiles/vtklzma.dir/src/liblzma/lzma/lzma_encoder.c.o
[  5%] Building C object ThirdParty/libproj/vtklibproj/src/CMakeFiles/vtklibproj.dir/PJ_nzmg.c.o
[  5%] Building C object ThirdParty/lzma/vtklzma/CMakeFiles/vtklzma.dir/src/liblzma/lzma/lzma_encoder_optimum_fast.c.o
[  5%] Building C object ThirdParty/libproj/vtklibproj/src/CMakeFiles/vtklibproj.dir/PJ_ob_tran.c.o
[  5%] Building C object ThirdParty/lzma/vtklzma/CMakeFiles/vtklzma.dir/src/liblzma/lzma/lzma_encoder_optimum_normal.c.o
[  6%] Building C object ThirdParty/libproj/vtklibproj/src/CMakeFiles/vtklibproj.dir/PJ_ocea.c.o
[  6%] Building C object ThirdParty/lzma/vtklzma/CMakeFiles/vtklzma.dir/src/liblzma/lzma/lzma_encoder_presets.c.o
[  6%] Building C object ThirdParty/libproj/vtklibproj/src/CMakeFiles/vtklibproj.dir/PJ_oea.c.o
[  6%] Building C object ThirdParty/libproj/vtklibproj/src/CMakeFiles/vtklibproj.dir/PJ_omerc.c.o
[  6%] Building C object ThirdParty/lzma/vtklzma/CMakeFiles/vtklzma.dir/src/liblzma/lz/lz_decoder.c.o
[  6%] Building C object ThirdParty/libproj/vtklibproj/src/CMakeFiles/vtklibproj.dir/PJ_ortho.c.o
[  6%] Building C object ThirdParty/lzma/vtklzma/CMakeFiles/vtklzma.dir/src/liblzma/lz/lz_encoder.c.o
[  6%] Building C object ThirdParty/libproj/vtklibproj/src/CMakeFiles/vtklibproj.dir/PJ_patterson.c.o
[  6%] Building C object ThirdParty/lzma/vtklzma/CMakeFiles/vtklzma.dir/src/liblzma/lz/lz_encoder_mf.c.o
[  6%] Building C object ThirdParty/libproj/vtklibproj/src/CMakeFiles/vtklibproj.dir/PJ_poly.c.o
[  6%] Building C object ThirdParty/libproj/vtklibproj/src/CMakeFiles/vtklibproj.dir/PJ_putp2.c.o
[  6%] Building C object ThirdParty/lzma/vtklzma/CMakeFiles/vtklzma.dir/src/liblzma/rangecoder/price_table.c.o
[  6%] Building C object ThirdParty/libproj/vtklibproj/src/CMakeFiles/vtklibproj.dir/PJ_putp3.c.o
[  6%] Building C object ThirdParty/libproj/vtklibproj/src/CMakeFiles/vtklibproj.dir/PJ_putp4p.c.o
[  6%] Building C object ThirdParty/lzma/vtklzma/CMakeFiles/vtklzma.dir/src/liblzma/simple/arm.c.o
[  6%] Building C object ThirdParty/libproj/vtklibproj/src/CMakeFiles/vtklibproj.dir/PJ_putp5.c.o
[  6%] Building C object ThirdParty/lzma/vtklzma/CMakeFiles/vtklzma.dir/src/liblzma/simple/armthumb.c.o
[  6%] Building C object ThirdParty/libproj/vtklibproj/src/CMakeFiles/vtklibproj.dir/PJ_putp6.c.o
[  6%] Building C object ThirdParty/libproj/vtklibproj/src/CMakeFiles/vtklibproj.dir/PJ_qsc.c.o
[  6%] Building C object ThirdParty/libproj/vtklibproj/src/CMakeFiles/vtklibproj.dir/PJ_robin.c.o
[  6%] Building C object ThirdParty/lzma/vtklzma/CMakeFiles/vtklzma.dir/src/liblzma/simple/ia64.c.o
[  6%] Building C object ThirdParty/lzma/vtklzma/CMakeFiles/vtklzma.dir/src/liblzma/simple/powerpc.c.o
[  6%] Building C object ThirdParty/libproj/vtklibproj/src/CMakeFiles/vtklibproj.dir/PJ_rpoly.c.o
[  7%] Building C object ThirdParty/lzma/vtklzma/CMakeFiles/vtklzma.dir/src/liblzma/simple/simple_coder.c.o
[  7%] Building C object ThirdParty/libproj/vtklibproj/src/CMakeFiles/vtklibproj.dir/PJ_sch.c.o
[  7%] Building C object ThirdParty/lzma/vtklzma/CMakeFiles/vtklzma.dir/src/liblzma/simple/simple_decoder.c.o
[  7%] Building C object ThirdParty/libproj/vtklibproj/src/CMakeFiles/vtklibproj.dir/PJ_sconics.c.o
[  7%] Building C object ThirdParty/libproj/vtklibproj/src/CMakeFiles/vtklibproj.dir/PJ_somerc.c.o
[  7%] Building C object ThirdParty/lzma/vtklzma/CMakeFiles/vtklzma.dir/src/liblzma/simple/simple_encoder.c.o
[  7%] Building C object ThirdParty/lzma/vtklzma/CMakeFiles/vtklzma.dir/src/liblzma/simple/sparc.c.o
[  7%] Building C object ThirdParty/libproj/vtklibproj/src/CMakeFiles/vtklibproj.dir/PJ_sterea.c.o
[  7%] Building C object ThirdParty/libproj/vtklibproj/src/CMakeFiles/vtklibproj.dir/PJ_stere.c.o
[  7%] Building C object ThirdParty/lzma/vtklzma/CMakeFiles/vtklzma.dir/src/liblzma/simple/x86.c.o
[  7%] Building C object ThirdParty/libproj/vtklibproj/src/CMakeFiles/vtklibproj.dir/PJ_sts.c.o
[  7%] Building C object ThirdParty/libproj/vtklibproj/src/CMakeFiles/vtklibproj.dir/PJ_tcc.c.o
[  7%] Building C object ThirdParty/libproj/vtklibproj/src/CMakeFiles/vtklibproj.dir/PJ_tcea.c.o
[  7%] Building C object ThirdParty/libproj/vtklibproj/src/CMakeFiles/vtklibproj.dir/PJ_tmerc.c.o
[  7%] Building C object ThirdParty/libproj/vtklibproj/src/CMakeFiles/vtklibproj.dir/PJ_times.c.o
[  7%] Building C object ThirdParty/libproj/vtklibproj/src/CMakeFiles/vtklibproj.dir/PJ_tpeqd.c.o
[  7%] Building C object ThirdParty/libproj/vtklibproj/src/CMakeFiles/vtklibproj.dir/PJ_urm5.c.o
[  7%] Building C object ThirdParty/libproj/vtklibproj/src/CMakeFiles/vtklibproj.dir/PJ_urmfps.c.o
[  7%] Building C object ThirdParty/libproj/vtklibproj/src/CMakeFiles/vtklibproj.dir/PJ_vandg.c.o
[  7%] Building C object ThirdParty/libproj/vtklibproj/src/CMakeFiles/vtklibproj.dir/PJ_vandg2.c.o
[  7%] Building C object ThirdParty/libproj/vtklibproj/src/CMakeFiles/vtklibproj.dir/PJ_vandg4.c.o
[  7%] Building C object ThirdParty/libproj/vtklibproj/src/CMakeFiles/vtklibproj.dir/PJ_wag2.c.o
[  7%] Building C object ThirdParty/libproj/vtklibproj/src/CMakeFiles/vtklibproj.dir/PJ_wag3.c.o
[  7%] Building C object ThirdParty/libproj/vtklibproj/src/CMakeFiles/vtklibproj.dir/PJ_wag7.c.o
[  7%] Building C object ThirdParty/libproj/vtklibproj/src/CMakeFiles/vtklibproj.dir/PJ_wink1.c.o
[  7%] Building C object ThirdParty/libproj/vtklibproj/src/CMakeFiles/vtklibproj.dir/PJ_wink2.c.o
[  7%] Building C object ThirdParty/libproj/vtklibproj/src/CMakeFiles/vtklibproj.dir/proj_etmerc.c.o
[  8%] Building C object ThirdParty/libproj/vtklibproj/src/CMakeFiles/vtklibproj.dir/aasincos.c.o
[  8%] Building C object ThirdParty/libproj/vtklibproj/src/CMakeFiles/vtklibproj.dir/adjlon.c.o
[  8%] Building C object ThirdParty/libproj/vtklibproj/src/CMakeFiles/vtklibproj.dir/bch2bps.c.o
[  8%] Building C object ThirdParty/libproj/vtklibproj/src/CMakeFiles/vtklibproj.dir/bchgen.c.o
[  8%] Building C object ThirdParty/libproj/vtklibproj/src/CMakeFiles/vtklibproj.dir/biveval.c.o
[  8%] Building C object ThirdParty/libproj/vtklibproj/src/CMakeFiles/vtklibproj.dir/dmstor.c.o
[  8%] Building C object ThirdParty/libproj/vtklibproj/src/CMakeFiles/vtklibproj.dir/emess.c.o
[  8%] Building C object ThirdParty/libproj/vtklibproj/src/CMakeFiles/vtklibproj.dir/geocent.c.o
[  8%] Building C object ThirdParty/libproj/vtklibproj/src/CMakeFiles/vtklibproj.dir/geodesic.c.o
[  8%] Building C object ThirdParty/libproj/vtklibproj/src/CMakeFiles/vtklibproj.dir/mk_cheby.c.o
[  8%] Building C object ThirdParty/libproj/vtklibproj/src/CMakeFiles/vtklibproj.dir/nad_cvt.c.o
[  8%] Building C object ThirdParty/libproj/vtklibproj/src/CMakeFiles/vtklibproj.dir/nad_intr.c.o
[  8%] Building C object ThirdParty/libproj/vtklibproj/src/CMakeFiles/vtklibproj.dir/pj_apply_gridshift.c.o
[  8%] Building C object ThirdParty/libproj/vtklibproj/src/CMakeFiles/vtklibproj.dir/pj_apply_vgridshift.c.o
[  8%] Building C object ThirdParty/libproj/vtklibproj/src/CMakeFiles/vtklibproj.dir/pj_auth.c.o
[  8%] Building C object ThirdParty/libproj/vtklibproj/src/CMakeFiles/vtklibproj.dir/pj_ctx.c.o
[  8%] Building C object ThirdParty/libproj/vtklibproj/src/CMakeFiles/vtklibproj.dir/pj_fileapi.c.o
[  8%] Building C object ThirdParty/libproj/vtklibproj/src/CMakeFiles/vtklibproj.dir/pj_datum_set.c.o
[  8%] Building C object ThirdParty/libproj/vtklibproj/src/CMakeFiles/vtklibproj.dir/pj_datums.c.o
[  8%] Building C object ThirdParty/libproj/vtklibproj/src/CMakeFiles/vtklibproj.dir/pj_deriv.c.o
[  8%] Building C object ThirdParty/libproj/vtklibproj/src/CMakeFiles/vtklibproj.dir/pj_ell_set.c.o
[  8%] Building C object ThirdParty/libproj/vtklibproj/src/CMakeFiles/vtklibproj.dir/pj_ellps.c.o
[  8%] Building C object ThirdParty/libproj/vtklibproj/src/CMakeFiles/vtklibproj.dir/pj_errno.c.o
[  8%] Linking C shared library ../../../lib/libvtkogg-8.2.so
[  8%] Building C object ThirdParty/libproj/vtklibproj/src/CMakeFiles/vtklibproj.dir/pj_factors.c.o
[  8%] Building C object ThirdParty/libproj/vtklibproj/src/CMakeFiles/vtklibproj.dir/pj_fwd.c.o
[  8%] Building C object ThirdParty/libproj/vtklibproj/src/CMakeFiles/vtklibproj.dir/pj_fwd3d.c.o
[  8%] Building C object ThirdParty/libproj/vtklibproj/src/CMakeFiles/vtklibproj.dir/pj_gauss.c.o
[  8%] Building C object ThirdParty/libproj/vtklibproj/src/CMakeFiles/vtklibproj.dir/pj_gc_reader.c.o
[  8%] Building C object ThirdParty/libproj/vtklibproj/src/CMakeFiles/vtklibproj.dir/pj_generic_selftest.c.o
[  8%] Building C object ThirdParty/libproj/vtklibproj/src/CMakeFiles/vtklibproj.dir/pj_geocent.c.o
[  8%] Building C object ThirdParty/libproj/vtklibproj/src/CMakeFiles/vtklibproj.dir/pj_gridcatalog.c.o
[  8%] Building C object ThirdParty/libproj/vtklibproj/src/CMakeFiles/vtklibproj.dir/pj_gridinfo.c.o
[  8%] Building C object ThirdParty/libproj/vtklibproj/src/CMakeFiles/vtklibproj.dir/pj_gridlist.c.o
[  8%] Building C object ThirdParty/libproj/vtklibproj/src/CMakeFiles/vtklibproj.dir/PJ_healpix.c.o
[  8%] Linking C shared library ../../../lib/libvtklz4-8.2.so
[  8%] Building C object ThirdParty/libproj/vtklibproj/src/CMakeFiles/vtklibproj.dir/pj_init.c.o
[  8%] Building C object ThirdParty/libproj/vtklibproj/src/CMakeFiles/vtklibproj.dir/pj_initcache.c.o
[  9%] Building C object ThirdParty/libproj/vtklibproj/src/CMakeFiles/vtklibproj.dir/pj_inv.c.o
[  9%] Building C object ThirdParty/libproj/vtklibproj/src/CMakeFiles/vtklibproj.dir/pj_inv3d.c.o
[  9%] Building C object ThirdParty/libproj/vtklibproj/src/CMakeFiles/vtklibproj.dir/pj_latlong.c.o
[  9%] Building C object ThirdParty/libproj/vtklibproj/src/CMakeFiles/vtklibproj.dir/pj_list.c.o
[  9%] Building C object ThirdParty/libproj/vtklibproj/src/CMakeFiles/vtklibproj.dir/pj_log.c.o
[  9%] Building C object ThirdParty/libproj/vtklibproj/src/CMakeFiles/vtklibproj.dir/pj_malloc.c.o
[  9%] Building C object ThirdParty/libproj/vtklibproj/src/CMakeFiles/vtklibproj.dir/pj_mlfn.c.o
[  9%] Building C object ThirdParty/libproj/vtklibproj/src/CMakeFiles/vtklibproj.dir/pj_msfn.c.o
[  9%] Building C object ThirdParty/libproj/vtklibproj/src/CMakeFiles/vtklibproj.dir/pj_mutex.c.o
[  9%] Building C object ThirdParty/libproj/vtklibproj/src/CMakeFiles/vtklibproj.dir/pj_open_lib.c.o
[ 10%] Linking C shared library ../../../lib/libvtkzlib-8.2.so
[ 10%] Building C object ThirdParty/libproj/vtklibproj/src/CMakeFiles/vtklibproj.dir/pj_param.c.o
[ 10%] Building C object ThirdParty/libproj/vtklibproj/src/CMakeFiles/vtklibproj.dir/pj_phi2.c.o
[ 10%] Linking CXX shared library ../../../lib/libvtkverdict-8.2.so
[ 10%] Building C object ThirdParty/libproj/vtklibproj/src/CMakeFiles/vtklibproj.dir/pj_pr_list.c.o
[ 10%] Building C object ThirdParty/libproj/vtklibproj/src/CMakeFiles/vtklibproj.dir/pj_qsfn.c.o
[ 10%] Building C object ThirdParty/libproj/vtklibproj/src/CMakeFiles/vtklibproj.dir/pj_release.c.o
[ 10%] Building C object ThirdParty/libproj/vtklibproj/src/CMakeFiles/vtklibproj.dir/pj_run_selftests.c.o
[ 10%] Building C object ThirdParty/libproj/vtklibproj/src/CMakeFiles/vtklibproj.dir/pj_strerrno.c.o
[ 10%] Building C object ThirdParty/libproj/vtklibproj/src/CMakeFiles/vtklibproj.dir/pj_transform.c.o
[ 10%] Building C object ThirdParty/libproj/vtklibproj/src/CMakeFiles/vtklibproj.dir/pj_tsfn.c.o
[ 10%] Building C object ThirdParty/libproj/vtklibproj/src/CMakeFiles/vtklibproj.dir/pj_units.c.o
[ 10%] Building C object ThirdParty/libproj/vtklibproj/src/CMakeFiles/vtklibproj.dir/pj_utils.c.o
[ 10%] Building C object ThirdParty/libproj/vtklibproj/src/CMakeFiles/vtklibproj.dir/pj_zpoly1.c.o
[ 10%] Building C object ThirdParty/libproj/vtklibproj/src/CMakeFiles/vtklibproj.dir/proj_mdist.c.o
[ 10%] Building C object ThirdParty/libproj/vtklibproj/src/CMakeFiles/vtklibproj.dir/proj_rouss.c.o
[ 10%] Building C object ThirdParty/libproj/vtklibproj/src/CMakeFiles/vtklibproj.dir/rtodms.c.o
[ 10%] Building C object ThirdParty/libproj/vtklibproj/src/CMakeFiles/vtklibproj.dir/vector1.c.o
[ 11%] Linking CXX shared library ../../../lib/libvtkdoubleconversion-8.2.so
[ 11%] Building C object ThirdParty/libproj/vtklibproj/src/CMakeFiles/vtklibproj.dir/pj_strtod.c.o
[ 11%] Linking C shared library ../../../lib/libvtkjpeg-8.2.so
[ 11%] Linking C shared library ../../../lib/libvtkexpat-8.2.so
[ 11%] Built target vtkogg
[ 11%] Built target vtklz4
[ 11%] Linking C executable ../../../../bin/vtkH5make_libsettings
[ 11%] Linking C shared library ../../../lib/libvtklzma-8.2.so
[ 11%] Building C object ThirdParty/theora/vtktheora/CMakeFiles/vtktheora.dir/lib/analyze.c.o
[ 11%] Building C object ThirdParty/theora/vtktheora/CMakeFiles/vtktheora.dir/lib/encinfo.c.o
[ 11%] Building C object ThirdParty/theora/vtktheora/CMakeFiles/vtktheora.dir/lib/enquant.c.o
[ 11%] Building C object ThirdParty/theora/vtktheora/CMakeFiles/vtktheora.dir/lib/encapiwrapper.c.o
[ 11%] Building C object ThirdParty/theora/vtktheora/CMakeFiles/vtktheora.dir/lib/encfrag.c.o
[ 11%] Building C object ThirdParty/theora/vtktheora/CMakeFiles/vtktheora.dir/lib/encode.c.o
[ 11%] Building C object ThirdParty/theora/vtktheora/CMakeFiles/vtktheora.dir/lib/huffenc.c.o
[ 11%] Building C object ThirdParty/theora/vtktheora/CMakeFiles/vtktheora.dir/lib/fdct.c.o
[ 11%] Building C object ThirdParty/theora/vtktheora/CMakeFiles/vtktheora.dir/lib/mathops.c.o
[ 11%] Building C object ThirdParty/theora/vtktheora/CMakeFiles/vtktheora.dir/lib/mcenc.c.o
[ 12%] Building C object ThirdParty/theora/vtktheora/CMakeFiles/vtktheora.dir/lib/rate.c.o
[ 12%] Built target verdict
[ 12%] Built target vtkzlib
[ 12%] Building C object ThirdParty/theora/vtktheora/CMakeFiles/vtktheora.dir/lib/tokenize.c.o
[ 12%] Building C object ThirdParty/theora/vtktheora/CMakeFiles/vtktheora.dir/lib/decapiwrapper.c.o
[ 12%] Linking C shared library ../../../../lib/libvtkproj-8.2.so
[ 12%] Building C object ThirdParty/theora/vtktheora/CMakeFiles/vtktheora.dir/lib/bitpack.c.o
[ 12%] Built target vtkdoubleconversion
[ 12%] Built target vtkexpat
[ 12%] Building C object ThirdParty/theora/vtktheora/CMakeFiles/vtktheora.dir/lib/decinfo.c.o
[ 12%] Building C object ThirdParty/theora/vtktheora/CMakeFiles/vtktheora.dir/lib/decode.c.o
[ 12%] Building C object ThirdParty/theora/vtktheora/CMakeFiles/vtktheora.dir/lib/dequant.c.o
[ 12%] Building C object ThirdParty/theora/vtktheora/CMakeFiles/vtktheora.dir/lib/huffdec.c.o
[ 12%] Building C object ThirdParty/theora/vtktheora/CMakeFiles/vtktheora.dir/lib/apiwrapper.c.o
[ 12%] Building C object ThirdParty/theora/vtktheora/CMakeFiles/vtktheora.dir/lib/info.c.o
[ 12%] Building C object ThirdParty/theora/vtktheora/CMakeFiles/vtktheora.dir/lib/fragment.c.o
[ 12%] Building C object ThirdParty/theora/vtktheora/CMakeFiles/vtktheora.dir/lib/idct.c.o
[ 12%] Building C object ThirdParty/theora/vtktheora/CMakeFiles/vtktheora.dir/lib/internal.c.o
[ 12%] Building C object ThirdParty/freetype/vtkfreetype/CMakeFiles/vtkfreetype.dir/src/base/ftbase.c.o
[ 12%] Building C object ThirdParty/png/vtkpng/CMakeFiles/vtkpng.dir/png.c.o
[ 12%] Building C object ThirdParty/freetype/vtkfreetype/CMakeFiles/vtkfreetype.dir/src/base/ftbbox.c.o
[ 12%] Building CXX object Utilities/MetaIO/vtkmetaio/CMakeFiles/vtkmetaio.dir/metaArrow.cxx.o
[ 12%] Building C object ThirdParty/freetype/vtkfreetype/CMakeFiles/vtkfreetype.dir/src/base/ftbitmap.c.o
[ 12%] Building CXX object Utilities/MetaIO/vtkmetaio/CMakeFiles/vtkmetaio.dir/metaUtils.cxx.o
[ 12%] Building C object ThirdParty/libxml2/vtklibxml2/CMakeFiles/vtklibxml2.dir/HTMLparser.c.o
[ 12%] Building C object ThirdParty/theora/vtktheora/CMakeFiles/vtktheora.dir/lib/state.c.o
[ 12%] Building C object ThirdParty/freetype/vtkfreetype/CMakeFiles/vtkfreetype.dir/src/base/ftglyph.c.o
[ 12%] Building C object ThirdParty/freetype/vtkfreetype/CMakeFiles/vtkfreetype.dir/src/base/ftinit.c.o
[ 12%] Building C object ThirdParty/png/vtkpng/CMakeFiles/vtkpng.dir/pngerror.c.o
[ 12%] Building CXX object Utilities/MetaIO/vtkmetaio/CMakeFiles/vtkmetaio.dir/metaBlob.cxx.o
[ 12%] Building C object ThirdParty/png/vtkpng/CMakeFiles/vtkpng.dir/pngget.c.o
[ 12%] Building C object ThirdParty/theora/vtktheora/CMakeFiles/vtktheora.dir/lib/quant.c.o
[ 12%] Building C object ThirdParty/libxml2/vtklibxml2/CMakeFiles/vtklibxml2.dir/HTMLtree.c.o
[ 12%] Building C object ThirdParty/libxml2/vtklibxml2/CMakeFiles/vtklibxml2.dir/DOCBparser.c.o
[ 12%] Building C object ThirdParty/libxml2/vtklibxml2/CMakeFiles/vtklibxml2.dir/SAX.c.o
[ 12%] Building CXX object Utilities/MetaIO/vtkmetaio/CMakeFiles/vtkmetaio.dir/metaContour.cxx.o
[ 12%] Building CXX object Utilities/MetaIO/vtkmetaio/CMakeFiles/vtkmetaio.dir/metaCommand.cxx.o
[ 12%] Building C object ThirdParty/png/vtkpng/CMakeFiles/vtkpng.dir/pngmem.c.o
[ 12%] Building C object ThirdParty/freetype/vtkfreetype/CMakeFiles/vtkfreetype.dir/src/base/ftmm.c.o
[ 12%] Building C object ThirdParty/libxml2/vtklibxml2/CMakeFiles/vtklibxml2.dir/SAX2.c.o
[ 12%] Building C object ThirdParty/libxml2/vtklibxml2/CMakeFiles/vtklibxml2.dir/c14n.c.o
[ 12%] Building C object ThirdParty/png/vtkpng/CMakeFiles/vtkpng.dir/pngpread.c.o
[ 12%] Building CXX object Utilities/MetaIO/vtkmetaio/CMakeFiles/vtkmetaio.dir/metaDTITube.cxx.o
[ 12%] Building C object ThirdParty/png/vtkpng/CMakeFiles/vtkpng.dir/pngread.c.o
[ 12%] Building C object ThirdParty/png/vtkpng/CMakeFiles/vtkpng.dir/pngrio.c.o
[ 12%] Building C object ThirdParty/freetype/vtkfreetype/CMakeFiles/vtkfreetype.dir/src/bdf/bdf.c.o
[ 12%] Building CXX object Utilities/MetaIO/vtkmetaio/CMakeFiles/vtkmetaio.dir/metaEllipse.cxx.o
[ 12%] Building C object ThirdParty/freetype/vtkfreetype/CMakeFiles/vtkfreetype.dir/src/cache/ftcache.c.o
[ 12%] Building CXX object Utilities/MetaIO/vtkmetaio/CMakeFiles/vtkmetaio.dir/metaGroup.cxx.o
[ 12%] Building CXX object Utilities/MetaIO/vtkmetaio/CMakeFiles/vtkmetaio.dir/metaGaussian.cxx.o
[ 12%] Building C object ThirdParty/png/vtkpng/CMakeFiles/vtkpng.dir/pngrtran.c.o
[ 12%] Building C object ThirdParty/libxml2/vtklibxml2/CMakeFiles/vtklibxml2.dir/catalog.c.o
[ 12%] Building C object ThirdParty/libxml2/vtklibxml2/CMakeFiles/vtklibxml2.dir/chvalid.c.o
[ 12%] Building C object ThirdParty/png/vtkpng/CMakeFiles/vtkpng.dir/pngrutil.c.o
[ 13%] Building C object ThirdParty/freetype/vtkfreetype/CMakeFiles/vtkfreetype.dir/src/cff/cff.c.o
[ 14%] Building C object ThirdParty/png/vtkpng/CMakeFiles/vtkpng.dir/pngset.c.o
[ 14%] Building CXX object Utilities/MetaIO/vtkmetaio/CMakeFiles/vtkmetaio.dir/metaImageUtils.cxx.o
[ 14%] Building CXX object Utilities/MetaIO/vtkmetaio/CMakeFiles/vtkmetaio.dir/metaImage.cxx.o
[ 14%] Linking C executable ../../../../bin/vtkH5detect
[ 15%] Building C object ThirdParty/libxml2/vtklibxml2/CMakeFiles/vtklibxml2.dir/dict.c.o
[ 15%] Building C object ThirdParty/libxml2/vtklibxml2/CMakeFiles/vtklibxml2.dir/debugXML.c.o
[ 15%] Building C object ThirdParty/libxml2/vtklibxml2/CMakeFiles/vtklibxml2.dir/encoding.c.o
[ 15%] Building C object ThirdParty/png/vtkpng/CMakeFiles/vtkpng.dir/pngtrans.c.o
[ 15%] Building C object ThirdParty/freetype/vtkfreetype/CMakeFiles/vtkfreetype.dir/src/cid/type1cid.c.o
[ 15%] Building CXX object Utilities/MetaIO/vtkmetaio/CMakeFiles/vtkmetaio.dir/metaLandmark.cxx.o
[ 15%] Building C object ThirdParty/png/vtkpng/CMakeFiles/vtkpng.dir/pngwrite.c.o
[ 15%] Building C object ThirdParty/png/vtkpng/CMakeFiles/vtkpng.dir/pngwio.c.o
[ 15%] Building CXX object Utilities/MetaIO/vtkmetaio/CMakeFiles/vtkmetaio.dir/metaLine.cxx.o
[ 15%] Building C object ThirdParty/libxml2/vtklibxml2/CMakeFiles/vtklibxml2.dir/entities.c.o
[ 15%] Building C object ThirdParty/freetype/vtkfreetype/CMakeFiles/vtkfreetype.dir/src/gzip/ftgzip.c.o
[ 15%] Building C object ThirdParty/png/vtkpng/CMakeFiles/vtkpng.dir/pngwtran.c.o
[ 15%] Building C object ThirdParty/png/vtkpng/CMakeFiles/vtkpng.dir/pngwutil.c.o
[ 15%] Building CXX object Utilities/MetaIO/vtkmetaio/CMakeFiles/vtkmetaio.dir/metaMesh.cxx.o
[ 15%] Building C object ThirdParty/libxml2/vtklibxml2/CMakeFiles/vtklibxml2.dir/error.c.o
[ 15%] Building C object ThirdParty/freetype/vtkfreetype/CMakeFiles/vtkfreetype.dir/src/lzw/ftlzw.c.o
[ 15%] Building CXX object Utilities/MetaIO/vtkmetaio/CMakeFiles/vtkmetaio.dir/metaObject.cxx.o
[ 15%] Building CXX object Utilities/MetaIO/vtkmetaio/CMakeFiles/vtkmetaio.dir/metaOutput.cxx.o
[ 15%] Building C object ThirdParty/libxml2/vtklibxml2/CMakeFiles/vtklibxml2.dir/globals.c.o
[ 15%] Building C object ThirdParty/libxml2/vtklibxml2/CMakeFiles/vtklibxml2.dir/hash.c.o
[ 15%] Building C object ThirdParty/freetype/vtkfreetype/CMakeFiles/vtkfreetype.dir/src/pcf/pcf.c.o
[ 15%] Building C object ThirdParty/libxml2/vtklibxml2/CMakeFiles/vtklibxml2.dir/legacy.c.o
[ 15%] Building C object ThirdParty/libxml2/vtklibxml2/CMakeFiles/vtklibxml2.dir/list.c.o
[ 15%] Building CXX object Utilities/MetaIO/vtkmetaio/CMakeFiles/vtkmetaio.dir/metaScene.cxx.o
[ 15%] Building C object ThirdParty/freetype/vtkfreetype/CMakeFiles/vtkfreetype.dir/src/pfr/pfr.c.o
[ 15%] Building C object ThirdParty/libxml2/vtklibxml2/CMakeFiles/vtklibxml2.dir/nanoftp.c.o
[ 15%] Building CXX object Utilities/MetaIO/vtkmetaio/CMakeFiles/vtkmetaio.dir/metaSurface.cxx.o
[ 15%] Building C object ThirdParty/libxml2/vtklibxml2/CMakeFiles/vtklibxml2.dir/nanohttp.c.o
[ 15%] Building C object ThirdParty/freetype/vtkfreetype/CMakeFiles/vtkfreetype.dir/src/psaux/psaux.c.o
[ 15%] Building CXX object Utilities/MetaIO/vtkmetaio/CMakeFiles/vtkmetaio.dir/metaTube.cxx.o
[ 15%] Built target H5make_libsettings
[ 15%] Building C object ThirdParty/libxml2/vtklibxml2/CMakeFiles/vtklibxml2.dir/parser.c.o
[ 15%] Building CXX object Utilities/MetaIO/vtkmetaio/CMakeFiles/vtkmetaio.dir/metaVesselTube.cxx.o
[ 15%] Building CXX object Utilities/MetaIO/vtkmetaio/CMakeFiles/vtkmetaio.dir/metaTransform.cxx.o
[ 15%] Building C object ThirdParty/freetype/vtkfreetype/CMakeFiles/vtkfreetype.dir/src/pshinter/pshinter.c.o
[ 15%] Building C object ThirdParty/libxml2/vtklibxml2/CMakeFiles/vtklibxml2.dir/parserInternals.c.o
[ 15%] Building CXX object Utilities/MetaIO/vtkmetaio/CMakeFiles/vtkmetaio.dir/metaTubeGraph.cxx.o
[ 15%] Building C object ThirdParty/freetype/vtkfreetype/CMakeFiles/vtkfreetype.dir/src/psnames/psmodule.c.o
[ 15%] Building C object ThirdParty/libxml2/vtklibxml2/CMakeFiles/vtklibxml2.dir/pattern.c.o
[ 15%] Building CXX object Utilities/MetaIO/vtkmetaio/CMakeFiles/vtkmetaio.dir/metaForm.cxx.o
[ 15%] Building C object ThirdParty/freetype/vtkfreetype/CMakeFiles/vtkfreetype.dir/src/raster/raster.c.o
[ 15%] Building C object ThirdParty/libxml2/vtklibxml2/CMakeFiles/vtklibxml2.dir/relaxng.c.o
[ 15%] Building CXX object Utilities/MetaIO/vtkmetaio/CMakeFiles/vtkmetaio.dir/metaArray.cxx.o
[ 15%] Building C object ThirdParty/libxml2/vtklibxml2/CMakeFiles/vtklibxml2.dir/schematron.c.o
[ 15%] Building C object ThirdParty/libxml2/vtklibxml2/CMakeFiles/vtklibxml2.dir/threads.c.o
[ 15%] Building C object ThirdParty/freetype/vtkfreetype/CMakeFiles/vtkfreetype.dir/src/sfnt/sfnt.c.o
[ 15%] Building C object ThirdParty/libxml2/vtklibxml2/CMakeFiles/vtklibxml2.dir/tree.c.o
[ 15%] Building CXX object Utilities/MetaIO/vtkmetaio/CMakeFiles/vtkmetaio.dir/metaFEMObject.cxx.o
[ 15%] Built target vtkjpeg
[ 15%] Building C object ThirdParty/libxml2/vtklibxml2/CMakeFiles/vtklibxml2.dir/uri.c.o
[ 15%] Building C object ThirdParty/freetype/vtkfreetype/CMakeFiles/vtkfreetype.dir/src/smooth/smooth.c.o
[ 15%] Building C object ThirdParty/freetype/vtkfreetype/CMakeFiles/vtkfreetype.dir/src/truetype/truetype.c.o
[ 15%] Building C object ThirdParty/libxml2/vtklibxml2/CMakeFiles/vtklibxml2.dir/valid.c.o
[ 15%] Building C object ThirdParty/libxml2/vtklibxml2/CMakeFiles/vtklibxml2.dir/xinclude.c.o
[ 15%] Building C object ThirdParty/libxml2/vtklibxml2/CMakeFiles/vtklibxml2.dir/xlink.c.o
[ 15%] Building C object ThirdParty/freetype/vtkfreetype/CMakeFiles/vtkfreetype.dir/src/type1/type1.c.o
[ 15%] Building C object ThirdParty/freetype/vtkfreetype/CMakeFiles/vtkfreetype.dir/src/type42/type42.c.o
[ 15%] Building C object ThirdParty/libxml2/vtklibxml2/CMakeFiles/vtklibxml2.dir/xmlIO.c.o
[ 15%] Building C object ThirdParty/libxml2/vtklibxml2/CMakeFiles/vtklibxml2.dir/xmlmemory.c.o
[ 15%] Building C object ThirdParty/freetype/vtkfreetype/CMakeFiles/vtkfreetype.dir/src/winfonts/winfnt.c.o
[ 15%] Building C object ThirdParty/libxml2/vtklibxml2/CMakeFiles/vtklibxml2.dir/xmlmodule.c.o
[ 15%] Building C object ThirdParty/freetype/vtkfreetype/CMakeFiles/vtkfreetype.dir/src/base/ftdebug.c.o
[ 15%] Building C object ThirdParty/libxml2/vtklibxml2/CMakeFiles/vtklibxml2.dir/xmlreader.c.o
[ 15%] Building C object ThirdParty/libxml2/vtklibxml2/CMakeFiles/vtklibxml2.dir/xmlregexp.c.o
[ 15%] Building C object ThirdParty/freetype/vtkfreetype/CMakeFiles/vtkfreetype.dir/builds/unix/ftsystem.c.o
[ 15%] Building C object ThirdParty/libxml2/vtklibxml2/CMakeFiles/vtklibxml2.dir/xmlsave.c.o
[ 15%] Building C object ThirdParty/libxml2/vtklibxml2/CMakeFiles/vtklibxml2.dir/xmlschemas.c.o
[ 15%] Building C object ThirdParty/libxml2/vtklibxml2/CMakeFiles/vtklibxml2.dir/xmlschemastypes.c.o
[ 15%] Building C object ThirdParty/libxml2/vtklibxml2/CMakeFiles/vtklibxml2.dir/xmlstring.c.o
[ 15%] Building C object ThirdParty/libxml2/vtklibxml2/CMakeFiles/vtklibxml2.dir/xmlunicode.c.o
[ 15%] Building C object ThirdParty/libxml2/vtklibxml2/CMakeFiles/vtklibxml2.dir/xmlwriter.c.o
[ 15%] Building C object ThirdParty/libxml2/vtklibxml2/CMakeFiles/vtklibxml2.dir/xpath.c.o
[ 15%] Building C object ThirdParty/libxml2/vtklibxml2/CMakeFiles/vtklibxml2.dir/xpointer.c.o
[ 15%] Building C object ThirdParty/tiff/vtktiff/libtiff/CMakeFiles/vtktiff.dir/tif_aux.c.o
[ 15%] Building C object ThirdParty/tiff/vtktiff/libtiff/CMakeFiles/vtktiff.dir/tif_close.c.o
[ 15%] Linking CXX shared library ../../lib/libvtkDICOMParser-8.2.so
[ 15%] Building C object ThirdParty/tiff/vtktiff/libtiff/CMakeFiles/vtktiff.dir/tif_codec.c.o
[ 15%] Building C object ThirdParty/tiff/vtktiff/libtiff/CMakeFiles/vtktiff.dir/tif_color.c.o
[ 15%] Building C object ThirdParty/tiff/vtktiff/libtiff/CMakeFiles/vtktiff.dir/tif_compress.c.o
[ 15%] Building C object ThirdParty/tiff/vtktiff/libtiff/CMakeFiles/vtktiff.dir/tif_dir.c.o
[ 15%] Building C object ThirdParty/tiff/vtktiff/libtiff/CMakeFiles/vtktiff.dir/tif_dirinfo.c.o
[ 15%] Building C object ThirdParty/tiff/vtktiff/libtiff/CMakeFiles/vtktiff.dir/tif_dirread.c.o
[ 15%] Building C object ThirdParty/tiff/vtktiff/libtiff/CMakeFiles/vtktiff.dir/tif_dirwrite.c.o
[ 15%] Building C object ThirdParty/tiff/vtktiff/libtiff/CMakeFiles/vtktiff.dir/tif_dumpmode.c.o
[ 15%] Building C object ThirdParty/tiff/vtktiff/libtiff/CMakeFiles/vtktiff.dir/tif_error.c.o
[ 15%] Building C object ThirdParty/tiff/vtktiff/libtiff/CMakeFiles/vtktiff.dir/tif_extension.c.o
[ 15%] Building C object ThirdParty/tiff/vtktiff/libtiff/CMakeFiles/vtktiff.dir/tif_fax3.c.o
[ 15%] Building C object ThirdParty/tiff/vtktiff/libtiff/CMakeFiles/vtktiff.dir/tif_fax3sm.c.o
[ 15%] Building C object ThirdParty/tiff/vtktiff/libtiff/CMakeFiles/vtktiff.dir/tif_flush.c.o
[ 15%] Building C object ThirdParty/tiff/vtktiff/libtiff/CMakeFiles/vtktiff.dir/tif_getimage.c.o
[ 15%] Building C object ThirdParty/tiff/vtktiff/libtiff/CMakeFiles/vtktiff.dir/tif_jbig.c.o
[ 15%] Building C object ThirdParty/tiff/vtktiff/libtiff/CMakeFiles/vtktiff.dir/tif_jpeg.c.o
[ 15%] Building C object ThirdParty/tiff/vtktiff/libtiff/CMakeFiles/vtktiff.dir/tif_jpeg_12.c.o
[ 15%] Building C object ThirdParty/tiff/vtktiff/libtiff/CMakeFiles/vtktiff.dir/tif_luv.c.o
[ 16%] Building C object ThirdParty/tiff/vtktiff/libtiff/CMakeFiles/vtktiff.dir/tif_lzma.c.o
[ 16%] Building C object ThirdParty/tiff/vtktiff/libtiff/CMakeFiles/vtktiff.dir/tif_lzw.c.o
[ 16%] Building C object ThirdParty/tiff/vtktiff/libtiff/CMakeFiles/vtktiff.dir/tif_next.c.o
[ 16%] Building C object ThirdParty/tiff/vtktiff/libtiff/CMakeFiles/vtktiff.dir/tif_ojpeg.c.o
[ 16%] Building C object ThirdParty/tiff/vtktiff/libtiff/CMakeFiles/vtktiff.dir/tif_open.c.o
[ 16%] Building C object ThirdParty/tiff/vtktiff/libtiff/CMakeFiles/vtktiff.dir/tif_packbits.c.o
[ 16%] Building C object ThirdParty/tiff/vtktiff/libtiff/CMakeFiles/vtktiff.dir/tif_pixarlog.c.o
[ 16%] Building C object ThirdParty/tiff/vtktiff/libtiff/CMakeFiles/vtktiff.dir/tif_predict.c.o
[ 16%] Building C object ThirdParty/tiff/vtktiff/libtiff/CMakeFiles/vtktiff.dir/tif_print.c.o
[ 16%] Building C object ThirdParty/tiff/vtktiff/libtiff/CMakeFiles/vtktiff.dir/tif_read.c.o
[ 16%] Linking CXX shared library ../../../lib/libvtksys-8.2.so
[ 16%] Building C object ThirdParty/tiff/vtktiff/libtiff/CMakeFiles/vtktiff.dir/tif_strip.c.o
[ 16%] Building C object ThirdParty/tiff/vtktiff/libtiff/CMakeFiles/vtktiff.dir/tif_swab.c.o
[ 16%] Building C object ThirdParty/tiff/vtktiff/libtiff/CMakeFiles/vtktiff.dir/tif_thunder.c.o
[ 16%] Building C object ThirdParty/tiff/vtktiff/libtiff/CMakeFiles/vtktiff.dir/tif_tile.c.o
[ 16%] Building C object ThirdParty/tiff/vtktiff/libtiff/CMakeFiles/vtktiff.dir/tif_version.c.o
[ 16%] Building C object ThirdParty/tiff/vtktiff/libtiff/CMakeFiles/vtktiff.dir/tif_warning.c.o
[ 16%] Building C object ThirdParty/tiff/vtktiff/libtiff/CMakeFiles/vtktiff.dir/tif_write.c.o
[ 16%] Building C object ThirdParty/tiff/vtktiff/libtiff/CMakeFiles/vtktiff.dir/tif_zip.c.o
[ 16%] Building C object ThirdParty/tiff/vtktiff/libtiff/CMakeFiles/vtktiff.dir/tif_unix.c.o
[ 16%] Building C object ThirdParty/tiff/vtktiff/libtiff/CMakeFiles/vtktiff.dir/__/port/dummy.c.o
[ 16%] Linking CXX shared library ../../../lib/libvtkjsoncpp-8.2.so
[ 16%] Linking CXX shared library ../../../lib/libvtkpugixml-8.2.so
[ 16%] Linking C shared library ../../../lib/libvtktheora-8.2.so
[ 16%] Built target H5detect
[ 16%] Linking C shared library ../../../lib/libvtkpng-8.2.so
[ 16%] Generating ../H5lib_settings.c
[ 16%] Generating ../H5Tinit.c
[ 16%] Building C object ThirdParty/hdf5/vtkhdf5/src/CMakeFiles/vtkhdf5_src.dir/H5.c.o
[ 16%] Building C object ThirdParty/hdf5/vtkhdf5/src/CMakeFiles/vtkhdf5_src.dir/H5checksum.c.o
[ 16%] Building C object ThirdParty/hdf5/vtkhdf5/src/CMakeFiles/vtkhdf5_src.dir/H5dbg.c.o
[ 17%] Building C object ThirdParty/hdf5/vtkhdf5/src/CMakeFiles/vtkhdf5_src.dir/H5system.c.o
[ 17%] Building C object ThirdParty/hdf5/vtkhdf5/src/CMakeFiles/vtkhdf5_src.dir/H5timer.c.o
[ 17%] Built target vtklzma
[ 17%] Building C object ThirdParty/hdf5/vtkhdf5/src/CMakeFiles/vtkhdf5_src.dir/H5trace.c.o
[ 17%] Building C object ThirdParty/hdf5/vtkhdf5/src/CMakeFiles/vtkhdf5_src.dir/H5A.c.o
[ 17%] Building C object ThirdParty/hdf5/vtkhdf5/src/CMakeFiles/vtkhdf5_src.dir/H5Abtree2.c.o
[ 17%] Built target vtkDICOMParser
[ 17%] Building C object ThirdParty/hdf5/vtkhdf5/src/CMakeFiles/vtkhdf5_src.dir/H5Adense.c.o
[ 17%] Building C object ThirdParty/hdf5/vtkhdf5/src/CMakeFiles/vtkhdf5_src.dir/H5Adeprec.c.o
[ 17%] Building C object ThirdParty/hdf5/vtkhdf5/src/CMakeFiles/vtkhdf5_src.dir/H5Aint.c.o
[ 17%] Building C object ThirdParty/hdf5/vtkhdf5/src/CMakeFiles/vtkhdf5_src.dir/H5Atest.c.o
[ 17%] Building C object ThirdParty/hdf5/vtkhdf5/src/CMakeFiles/vtkhdf5_src.dir/H5AC.c.o
[ 17%] Building C object ThirdParty/hdf5/vtkhdf5/src/CMakeFiles/vtkhdf5_src.dir/H5ACdbg.c.o
[ 17%] Building C object ThirdParty/hdf5/vtkhdf5/src/CMakeFiles/vtkhdf5_src.dir/H5AClog.c.o
[ 17%] Building C object ThirdParty/hdf5/vtkhdf5/src/CMakeFiles/vtkhdf5_src.dir/H5ACmpio.c.o
[ 17%] Building C object ThirdParty/hdf5/vtkhdf5/src/CMakeFiles/vtkhdf5_src.dir/H5ACproxy_entry.c.o
[ 17%] Building C object ThirdParty/hdf5/vtkhdf5/src/CMakeFiles/vtkhdf5_src.dir/H5B.c.o
[ 17%] Building C object ThirdParty/hdf5/vtkhdf5/src/CMakeFiles/vtkhdf5_src.dir/H5Bcache.c.o
[ 17%] Building C object ThirdParty/hdf5/vtkhdf5/src/CMakeFiles/vtkhdf5_src.dir/H5Bdbg.c.o
[ 17%] Building C object ThirdParty/hdf5/vtkhdf5/src/CMakeFiles/vtkhdf5_src.dir/H5B2.c.o
[ 17%] Building C object ThirdParty/hdf5/vtkhdf5/src/CMakeFiles/vtkhdf5_src.dir/H5B2cache.c.o
[ 17%] Building C object ThirdParty/hdf5/vtkhdf5/src/CMakeFiles/vtkhdf5_src.dir/H5B2dbg.c.o
[ 17%] Building C object ThirdParty/hdf5/vtkhdf5/src/CMakeFiles/vtkhdf5_src.dir/H5B2hdr.c.o
[ 17%] Building C object ThirdParty/hdf5/vtkhdf5/src/CMakeFiles/vtkhdf5_src.dir/H5B2int.c.o
[ 17%] Building C object ThirdParty/hdf5/vtkhdf5/src/CMakeFiles/vtkhdf5_src.dir/H5B2internal.c.o
[ 17%] Building C object ThirdParty/hdf5/vtkhdf5/src/CMakeFiles/vtkhdf5_src.dir/H5B2leaf.c.o
[ 17%] Building C object ThirdParty/hdf5/vtkhdf5/src/CMakeFiles/vtkhdf5_src.dir/H5B2stat.c.o
[ 17%] Built target vtksys
[ 17%] Building C object ThirdParty/hdf5/vtkhdf5/src/CMakeFiles/vtkhdf5_src.dir/H5B2test.c.o
[ 17%] Building C object ThirdParty/hdf5/vtkhdf5/src/CMakeFiles/vtkhdf5_src.dir/H5C.c.o
[ 17%] Built target vtkjsoncpp
[ 17%] Building C object ThirdParty/hdf5/vtkhdf5/src/CMakeFiles/vtkhdf5_src.dir/H5Cdbg.c.o
[ 17%] Built target vtkpugixml
[ 17%] Building C object ThirdParty/hdf5/vtkhdf5/src/CMakeFiles/vtkhdf5_src.dir/H5Cepoch.c.o
[ 17%] Building C object ThirdParty/hdf5/vtkhdf5/src/CMakeFiles/vtkhdf5_src.dir/H5Cimage.c.o
[ 17%] Generating vtkUnicodeCaseFoldData.h
[ 17%] Building C object ThirdParty/hdf5/vtkhdf5/src/CMakeFiles/vtkhdf5_src.dir/H5Clog.c.o
[ 17%] Building C object ThirdParty/hdf5/vtkhdf5/src/CMakeFiles/vtkhdf5_src.dir/H5Cmpio.c.o
[ 17%] Building C object ThirdParty/hdf5/vtkhdf5/src/CMakeFiles/vtkhdf5_src.dir/H5Cprefetched.c.o
[ 17%] Building C object ThirdParty/hdf5/vtkhdf5/src/CMakeFiles/vtkhdf5_src.dir/H5Cquery.c.o
[ 17%] Building C object ThirdParty/hdf5/vtkhdf5/src/CMakeFiles/vtkhdf5_src.dir/H5Ctag.c.o
[ 17%] Building C object ThirdParty/hdf5/vtkhdf5/src/CMakeFiles/vtkhdf5_src.dir/H5Ctest.c.o
[ 18%] Building C object ThirdParty/hdf5/vtkhdf5/src/CMakeFiles/vtkhdf5_src.dir/H5CS.c.o
[ 18%] Building C object ThirdParty/hdf5/vtkhdf5/src/CMakeFiles/vtkhdf5_src.dir/H5D.c.o
[ 18%] Building C object ThirdParty/hdf5/vtkhdf5/src/CMakeFiles/vtkhdf5_src.dir/H5Dbtree.c.o
[ 18%] Building C object ThirdParty/hdf5/vtkhdf5/src/CMakeFiles/vtkhdf5_src.dir/H5Dbtree2.c.o
[ 18%] Building C object ThirdParty/hdf5/vtkhdf5/src/CMakeFiles/vtkhdf5_src.dir/H5Dchunk.c.o
[ 18%] Building C object ThirdParty/hdf5/vtkhdf5/src/CMakeFiles/vtkhdf5_src.dir/H5Dcompact.c.o
[ 18%] Building C object ThirdParty/hdf5/vtkhdf5/src/CMakeFiles/vtkhdf5_src.dir/H5Dcontig.c.o
[ 18%] Building C object ThirdParty/hdf5/vtkhdf5/src/CMakeFiles/vtkhdf5_src.dir/H5Ddbg.c.o
[ 18%] Building C object ThirdParty/hdf5/vtkhdf5/src/CMakeFiles/vtkhdf5_src.dir/H5Ddeprec.c.o
[ 18%] Building C object ThirdParty/hdf5/vtkhdf5/src/CMakeFiles/vtkhdf5_src.dir/H5Dearray.c.o
[ 18%] Built target vtkpng
[ 18%] Built target vtktheora
[ 18%] Building C object ThirdParty/hdf5/vtkhdf5/src/CMakeFiles/vtkhdf5_src.dir/H5Defl.c.o
[ 18%] Building C object ThirdParty/hdf5/vtkhdf5/src/CMakeFiles/vtkhdf5_src.dir/H5Dfarray.c.o
[ 18%] Building C object ThirdParty/hdf5/vtkhdf5/src/CMakeFiles/vtkhdf5_src.dir/H5Dfill.c.o
[ 18%] Building C object ThirdParty/hdf5/vtkhdf5/src/CMakeFiles/vtkhdf5_src.dir/H5Dint.c.o
[ 18%] Building C object ThirdParty/hdf5/vtkhdf5/src/CMakeFiles/vtkhdf5_src.dir/H5Dio.c.o
[ 18%] Building C object ThirdParty/hdf5/vtkhdf5/src/CMakeFiles/vtkhdf5_src.dir/H5Dlayout.c.o
[ 18%] Building C object ThirdParty/hdf5/vtkhdf5/src/CMakeFiles/vtkhdf5_src.dir/H5Dmpio.c.o
[ 18%] Building C object ThirdParty/hdf5/vtkhdf5/src/CMakeFiles/vtkhdf5_src.dir/H5Dnone.c.o
[ 18%] Building C object ThirdParty/hdf5/vtkhdf5/src/CMakeFiles/vtkhdf5_src.dir/H5Dscatgath.c.o
[ 18%] Linking C shared library ../../../../lib/libvtktiff-8.2.so
[ 18%] Building C object ThirdParty/hdf5/vtkhdf5/src/CMakeFiles/vtkhdf5_src.dir/H5Doh.c.o
[ 18%] Building C object ThirdParty/hdf5/vtkhdf5/src/CMakeFiles/vtkhdf5_src.dir/H5Dselect.c.o
[ 18%] Building C object ThirdParty/hdf5/vtkhdf5/src/CMakeFiles/vtkhdf5_src.dir/H5Dsingle.c.o
[ 18%] Building C object ThirdParty/hdf5/vtkhdf5/src/CMakeFiles/vtkhdf5_src.dir/H5Dtest.c.o
[ 18%] Building C object ThirdParty/gl2ps/vtkgl2ps/CMakeFiles/vtkgl2ps.dir/gl2ps.c.o
[ 18%] Building C object ThirdParty/libharu/vtklibharu/src/CMakeFiles/vtklibharu.dir/hpdf_annotation.c.o
[ 18%] Building C object ThirdParty/hdf5/vtkhdf5/src/CMakeFiles/vtkhdf5_src.dir/H5Dvirtual.c.o
[ 18%] Building C object ThirdParty/libharu/vtklibharu/src/CMakeFiles/vtklibharu.dir/hpdf_array.c.o
[ 18%] Building C object ThirdParty/hdf5/vtkhdf5/src/CMakeFiles/vtkhdf5_src.dir/H5E.c.o
[ 18%] Building C object ThirdParty/libharu/vtklibharu/src/CMakeFiles/vtklibharu.dir/hpdf_binary.c.o
/tmp/VTK-8.2.0/Utilities/MetaIO/vtkmetaio/metaArray.cxx: In member function 'bool vtkmetaio::MetaArray::M_WriteElements(std::ofstream*, const void*, std::streamoff)':
/tmp/VTK-8.2.0/Utilities/MetaIO/vtkmetaio/metaArray.cxx:1215:32: warning: '%s' directive writing up to 254 bytes into a region of size between 1 and 255 [-Wformat-overflow=]
 1215 |       sprintf(dataFileName, "%s%s", pathName, m_ElementDataFileName);
      |                                ^~
In file included from /usr/include/stdio.h:894,
                 from /usr/include/c++/11/cstdio:42,
                 from /usr/include/c++/11/ext/string_conversions.h:43,
                 from /usr/include/c++/11/bits/basic_string.h:6608,
                 from /usr/include/c++/11/string:55,
                 from /usr/include/c++/11/bits/locale_classes.h:40,
                 from /usr/include/c++/11/bits/ios_base.h:41,
                 from /usr/include/c++/11/ios:42,
                 from /usr/include/c++/11/ostream:38,
                 from /usr/include/c++/11/iostream:39,
                 from /tmp/VTK-8.2.0/Utilities/MetaIO/vtkmetaio/localMetaConfiguration.h:55,
                 from /tmp/VTK-8.2.0/Utilities/MetaIO/vtkmetaio/metaTypes.h:12,
                 from /tmp/VTK-8.2.0/Utilities/MetaIO/vtkmetaio/metaArray.h:12,
                 from /tmp/VTK-8.2.0/Utilities/MetaIO/vtkmetaio/metaArray.cxx:12:
/usr/include/x86_64-linux-gnu/bits/stdio2.h:38:34: note: '__builtin___sprintf_chk' output between 1 and 509 bytes into a destination of size 255
   38 |   return __builtin___sprintf_chk (__s, __USE_FORTIFY_LEVEL - 1,
      |          ~~~~~~~~~~~~~~~~~~~~~~~~^~~~~~~~~~~~~~~~~~~~~~~~~~~~~~
   39 |                                   __glibc_objsize (__s), __fmt,
      |                                   ~~~~~~~~~~~~~~~~~~~~~~~~~~~~~
   40 |                                   __va_arg_pack ());
      |                                   ~~~~~~~~~~~~~~~~~
[ 18%] Building C object ThirdParty/hdf5/vtkhdf5/src/CMakeFiles/vtkhdf5_src.dir/H5Edeprec.c.o
[ 18%] Building C object ThirdParty/libharu/vtklibharu/src/CMakeFiles/vtklibharu.dir/hpdf_boolean.c.o
[ 18%] Building C object ThirdParty/libharu/vtklibharu/src/CMakeFiles/vtklibharu.dir/hpdf_catalog.c.o
[ 18%] Building C object ThirdParty/libharu/vtklibharu/src/CMakeFiles/vtklibharu.dir/hpdf_destination.c.o
[ 18%] Building C object ThirdParty/hdf5/vtkhdf5/src/CMakeFiles/vtkhdf5_src.dir/H5Eint.c.o
[ 18%] Building C object ThirdParty/libharu/vtklibharu/src/CMakeFiles/vtklibharu.dir/hpdf_dict.c.o
[ 18%] Building C object ThirdParty/hdf5/vtkhdf5/src/CMakeFiles/vtkhdf5_src.dir/H5EA.c.o
[ 18%] Building C object ThirdParty/hdf5/vtkhdf5/src/CMakeFiles/vtkhdf5_src.dir/H5EAcache.c.o
[ 18%] Building C object ThirdParty/libharu/vtklibharu/src/CMakeFiles/vtklibharu.dir/hpdf_doc_png.c.o
[ 18%] Building C object ThirdParty/libharu/vtklibharu/src/CMakeFiles/vtklibharu.dir/hpdf_doc.c.o
[ 18%] Building C object ThirdParty/libharu/vtklibharu/src/CMakeFiles/vtklibharu.dir/hpdf_encoder_cns.c.o
[ 18%] Building C object ThirdParty/hdf5/vtkhdf5/src/CMakeFiles/vtkhdf5_src.dir/H5EAdbg.c.o
[ 18%] Building C object ThirdParty/hdf5/vtkhdf5/src/CMakeFiles/vtkhdf5_src.dir/H5EAdblkpage.c.o
[ 18%] Building C object ThirdParty/libharu/vtklibharu/src/CMakeFiles/vtklibharu.dir/hpdf_encoder_cnt.c.o
[ 18%] Building C object ThirdParty/hdf5/vtkhdf5/src/CMakeFiles/vtkhdf5_src.dir/H5EAdblock.c.o
[ 18%] Building C object ThirdParty/libharu/vtklibharu/src/CMakeFiles/vtklibharu.dir/hpdf_encoder_jp.c.o
/tmp/VTK-8.2.0/Utilities/MetaIO/vtkmetaio/metaArray.cxx: In member function 'virtual bool vtkmetaio::MetaArray::ReadStream(std::ifstream*, bool, void*, bool)':
/tmp/VTK-8.2.0/Utilities/MetaIO/vtkmetaio/metaArray.cxx:754:27: warning: '%s' directive writing up to 254 bytes into a region of size between 1 and 255 [-Wformat-overflow=]
  754 |         sprintf(fName, "%s%s", pathName, m_ElementDataFileName);
      |                           ^~
In file included from /usr/include/stdio.h:894,
                 from /usr/include/c++/11/cstdio:42,
                 from /usr/include/c++/11/ext/string_conversions.h:43,
                 from /usr/include/c++/11/bits/basic_string.h:6608,
                 from /usr/include/c++/11/string:55,
                 from /usr/include/c++/11/bits/locale_classes.h:40,
                 from /usr/include/c++/11/bits/ios_base.h:41,
                 from /usr/include/c++/11/ios:42,
                 from /usr/include/c++/11/ostream:38,
                 from /usr/include/c++/11/iostream:39,
                 from /tmp/VTK-8.2.0/Utilities/MetaIO/vtkmetaio/localMetaConfiguration.h:55,
                 from /tmp/VTK-8.2.0/Utilities/MetaIO/vtkmetaio/metaTypes.h:12,
                 from /tmp/VTK-8.2.0/Utilities/MetaIO/vtkmetaio/metaArray.h:12,
                 from /tmp/VTK-8.2.0/Utilities/MetaIO/vtkmetaio/metaArray.cxx:12:
/usr/include/x86_64-linux-gnu/bits/stdio2.h:38:34: note: '__builtin___sprintf_chk' output between 1 and 509 bytes into a destination of size 255
   38 |   return __builtin___sprintf_chk (__s, __USE_FORTIFY_LEVEL - 1,
      |          ~~~~~~~~~~~~~~~~~~~~~~~~^~~~~~~~~~~~~~~~~~~~~~~~~~~~~~
   39 |                                   __glibc_objsize (__s), __fmt,
      |                                   ~~~~~~~~~~~~~~~~~~~~~~~~~~~~~
   40 |                                   __va_arg_pack ());
      |                                   ~~~~~~~~~~~~~~~~~
[ 18%] Building C object ThirdParty/hdf5/vtkhdf5/src/CMakeFiles/vtkhdf5_src.dir/H5EAhdr.c.o
[ 18%] Building C object ThirdParty/libharu/vtklibharu/src/CMakeFiles/vtklibharu.dir/hpdf_encoder_kr.c.o
[ 18%] Building C object ThirdParty/hdf5/vtkhdf5/src/CMakeFiles/vtkhdf5_src.dir/H5EAiblock.c.o
[ 18%] Building C object ThirdParty/libharu/vtklibharu/src/CMakeFiles/vtklibharu.dir/hpdf_encoder.c.o
[ 18%] Building C object ThirdParty/hdf5/vtkhdf5/src/CMakeFiles/vtkhdf5_src.dir/H5EAint.c.o
[ 18%] Building C object ThirdParty/libharu/vtklibharu/src/CMakeFiles/vtklibharu.dir/hpdf_encrypt.c.o
[ 18%] Building C object ThirdParty/libharu/vtklibharu/src/CMakeFiles/vtklibharu.dir/hpdf_encryptdict.c.o
[ 18%] Building C object ThirdParty/libharu/vtklibharu/src/CMakeFiles/vtklibharu.dir/hpdf_error.c.o
[ 18%] Building C object ThirdParty/hdf5/vtkhdf5/src/CMakeFiles/vtkhdf5_src.dir/H5EAsblock.c.o
[ 19%] Building C object ThirdParty/hdf5/vtkhdf5/src/CMakeFiles/vtkhdf5_src.dir/H5EAstat.c.o
[ 20%] Building C object ThirdParty/libharu/vtklibharu/src/CMakeFiles/vtklibharu.dir/hpdf_ext_gstate.c.o
[ 20%] Building C object ThirdParty/hdf5/vtkhdf5/src/CMakeFiles/vtkhdf5_src.dir/H5EAtest.c.o
/tmp/VTK-8.2.0/Utilities/MetaIO/vtkmetaio/metaImage.cxx: In member function 'bool vtkmetaio::MetaImage::M_WriteElements(std::ofstream*, const void*, std::streamoff)':
/tmp/VTK-8.2.0/Utilities/MetaIO/vtkmetaio/metaImage.cxx:2580:32: warning: '%s' directive writing up to 254 bytes into a region of size between 1 and 2048 [-Wformat-overflow=]
 2580 |       sprintf(dataFileName, "%s%s", pathName, m_ElementDataFileName);
      |                                ^~
In file included from /usr/include/stdio.h:894,
                 from /usr/include/c++/11/cstdio:42,
                 from /usr/include/c++/11/ext/string_conversions.h:43,
                 from /usr/include/c++/11/bits/basic_string.h:6608,
                 from /usr/include/c++/11/string:55,
                 from /usr/include/c++/11/bits/locale_classes.h:40,
                 from /usr/include/c++/11/bits/ios_base.h:41,
                 from /usr/include/c++/11/ios:42,
                 from /usr/include/c++/11/ostream:38,
                 from /usr/include/c++/11/iostream:39,
                 from /tmp/VTK-8.2.0/Utilities/MetaIO/vtkmetaio/localMetaConfiguration.h:55,
                 from /tmp/VTK-8.2.0/Utilities/MetaIO/vtkmetaio/metaTypes.h:12,
                 from /tmp/VTK-8.2.0/Utilities/MetaIO/vtkmetaio/metaImage.h:12,
                 from /tmp/VTK-8.2.0/Utilities/MetaIO/vtkmetaio/metaImage.cxx:12:
/usr/include/x86_64-linux-gnu/bits/stdio2.h:38:34: note: '__builtin___sprintf_chk' output between 1 and 2302 bytes into a destination of size 2048
   38 |   return __builtin___sprintf_chk (__s, __USE_FORTIFY_LEVEL - 1,
      |          ~~~~~~~~~~~~~~~~~~~~~~~~^~~~~~~~~~~~~~~~~~~~~~~~~~~~~~
   39 |                                   __glibc_objsize (__s), __fmt,
      |                                   ~~~~~~~~~~~~~~~~~~~~~~~~~~~~~
   40 |                                   __va_arg_pack ());
      |                                   ~~~~~~~~~~~~~~~~~
[ 20%] Building C object ThirdParty/hdf5/vtkhdf5/src/CMakeFiles/vtkhdf5_src.dir/H5F.c.o
[ 20%] Building C object ThirdParty/libharu/vtklibharu/src/CMakeFiles/vtklibharu.dir/hpdf_font_cid.c.o
[ 20%] Building C object ThirdParty/libharu/vtklibharu/src/CMakeFiles/vtklibharu.dir/hpdf_font_tt.c.o
[ 20%] Building C object ThirdParty/hdf5/vtkhdf5/src/CMakeFiles/vtkhdf5_src.dir/H5Faccum.c.o
[ 20%] Building C object ThirdParty/hdf5/vtkhdf5/src/CMakeFiles/vtkhdf5_src.dir/H5Fcwfs.c.o
[ 20%] Building C object ThirdParty/libharu/vtklibharu/src/CMakeFiles/vtklibharu.dir/hpdf_font_type1.c.o
[ 20%] Building C object ThirdParty/hdf5/vtkhdf5/src/CMakeFiles/vtkhdf5_src.dir/H5Fdbg.c.o
[ 20%] Building C object ThirdParty/libharu/vtklibharu/src/CMakeFiles/vtklibharu.dir/hpdf_font.c.o
/tmp/VTK-8.2.0/Utilities/MetaIO/vtkmetaio/metaImage.cxx: In member function 'bool vtkmetaio::MetaImage::ReadStream(int, std::ifstream*, bool, void*)':
/tmp/VTK-8.2.0/Utilities/MetaIO/vtkmetaio/metaImage.cxx:1496:27: warning: '%s' directive writing up to 254 bytes into a region of size between 1 and 2048 [-Wformat-overflow=]
 1496 |         sprintf(fName, "%s%s", pathName, m_ElementDataFileName);
      |                           ^~
In file included from /usr/include/stdio.h:894,
                 from /usr/include/c++/11/cstdio:42,
                 from /usr/include/c++/11/ext/string_conversions.h:43,
                 from /usr/include/c++/11/bits/basic_string.h:6608,
                 from /usr/include/c++/11/string:55,
                 from /usr/include/c++/11/bits/locale_classes.h:40,
                 from /usr/include/c++/11/bits/ios_base.h:41,
                 from /usr/include/c++/11/ios:42,
                 from /usr/include/c++/11/ostream:38,
                 from /usr/include/c++/11/iostream:39,
                 from /tmp/VTK-8.2.0/Utilities/MetaIO/vtkmetaio/localMetaConfiguration.h:55,
                 from /tmp/VTK-8.2.0/Utilities/MetaIO/vtkmetaio/metaTypes.h:12,
                 from /tmp/VTK-8.2.0/Utilities/MetaIO/vtkmetaio/metaImage.h:12,
                 from /tmp/VTK-8.2.0/Utilities/MetaIO/vtkmetaio/metaImage.cxx:12:
/usr/include/x86_64-linux-gnu/bits/stdio2.h:38:34: note: '__builtin___sprintf_chk' output between 1 and 2302 bytes into a destination of size 2048
   38 |   return __builtin___sprintf_chk (__s, __USE_FORTIFY_LEVEL - 1,
      |          ~~~~~~~~~~~~~~~~~~~~~~~~^~~~~~~~~~~~~~~~~~~~~~~~~~~~~~
   39 |                                   __glibc_objsize (__s), __fmt,
      |                                   ~~~~~~~~~~~~~~~~~~~~~~~~~~~~~
   40 |                                   __va_arg_pack ());
      |                                   ~~~~~~~~~~~~~~~~~
/tmp/VTK-8.2.0/Utilities/MetaIO/vtkmetaio/metaImage.cxx:1463:29: warning: '%s' directive writing up to 2047 bytes into a region of size between 1 and 2048 [-Wformat-overflow=]
 1463 |           sprintf(fName, "%s%s", pathName, s);
      |                             ^~             ~
In file included from /usr/include/stdio.h:894,
                 from /usr/include/c++/11/cstdio:42,
                 from /usr/include/c++/11/ext/string_conversions.h:43,
                 from /usr/include/c++/11/bits/basic_string.h:6608,
                 from /usr/include/c++/11/string:55,
                 from /usr/include/c++/11/bits/locale_classes.h:40,
                 from /usr/include/c++/11/bits/ios_base.h:41,
                 from /usr/include/c++/11/ios:42,
                 from /usr/include/c++/11/ostream:38,
                 from /usr/include/c++/11/iostream:39,
                 from /tmp/VTK-8.2.0/Utilities/MetaIO/vtkmetaio/localMetaConfiguration.h:55,
                 from /tmp/VTK-8.2.0/Utilities/MetaIO/vtkmetaio/metaTypes.h:12,
                 from /tmp/VTK-8.2.0/Utilities/MetaIO/vtkmetaio/metaImage.h:12,
                 from /tmp/VTK-8.2.0/Utilities/MetaIO/vtkmetaio/metaImage.cxx:12:
/usr/include/x86_64-linux-gnu/bits/stdio2.h:38:34: note: '__builtin___sprintf_chk' output between 1 and 4095 bytes into a destination of size 2048
   38 |   return __builtin___sprintf_chk (__s, __USE_FORTIFY_LEVEL - 1,
      |          ~~~~~~~~~~~~~~~~~~~~~~~~^~~~~~~~~~~~~~~~~~~~~~~~~~~~~~
   39 |                                   __glibc_objsize (__s), __fmt,
      |                                   ~~~~~~~~~~~~~~~~~~~~~~~~~~~~~
   40 |                                   __va_arg_pack ());
      |                                   ~~~~~~~~~~~~~~~~~
[ 20%] Building C object ThirdParty/libharu/vtklibharu/src/CMakeFiles/vtklibharu.dir/hpdf_fontdef_base14.c.o
[ 20%] Building C object ThirdParty/hdf5/vtkhdf5/src/CMakeFiles/vtkhdf5_src.dir/H5Fdeprec.c.o
[ 20%] Building C object ThirdParty/libharu/vtklibharu/src/CMakeFiles/vtklibharu.dir/hpdf_fontdef_cid.c.o
[ 20%] Building C object ThirdParty/libharu/vtklibharu/src/CMakeFiles/vtklibharu.dir/hpdf_fontdef_cns.c.o
[ 20%] Building C object ThirdParty/hdf5/vtkhdf5/src/CMakeFiles/vtkhdf5_src.dir/H5Fefc.c.o
[ 20%] Building C object ThirdParty/libharu/vtklibharu/src/CMakeFiles/vtklibharu.dir/hpdf_fontdef_cnt.c.o
[ 20%] Building C object ThirdParty/hdf5/vtkhdf5/src/CMakeFiles/vtkhdf5_src.dir/H5Ffake.c.o
[ 20%] Building C object ThirdParty/libharu/vtklibharu/src/CMakeFiles/vtklibharu.dir/hpdf_fontdef_jp.c.o
[ 20%] Building C object ThirdParty/hdf5/vtkhdf5/src/CMakeFiles/vtkhdf5_src.dir/H5Fint.c.o
/tmp/VTK-8.2.0/Utilities/MetaIO/vtkmetaio/metaImage.cxx: In member function 'bool vtkmetaio::MetaImage::ReadROIStream(int*, int*, int, std::ifstream*, bool, void*, unsigned int)':
/tmp/VTK-8.2.0/Utilities/MetaIO/vtkmetaio/metaImage.cxx:3046:27: warning: '%s' directive writing up to 254 bytes into a region of size between 1 and 2048 [-Wformat-overflow=]
 3046 |         sprintf(fName, "%s%s", pathName, m_ElementDataFileName);
      |                           ^~
In file included from /usr/include/stdio.h:894,
                 from /usr/include/c++/11/cstdio:42,
                 from /usr/include/c++/11/ext/string_conversions.h:43,
                 from /usr/include/c++/11/bits/basic_string.h:6608,
                 from /usr/include/c++/11/string:55,
                 from /usr/include/c++/11/bits/locale_classes.h:40,
                 from /usr/include/c++/11/bits/ios_base.h:41,
                 from /usr/include/c++/11/ios:42,
                 from /usr/include/c++/11/ostream:38,
                 from /usr/include/c++/11/iostream:39,
                 from /tmp/VTK-8.2.0/Utilities/MetaIO/vtkmetaio/localMetaConfiguration.h:55,
                 from /tmp/VTK-8.2.0/Utilities/MetaIO/vtkmetaio/metaTypes.h:12,
                 from /tmp/VTK-8.2.0/Utilities/MetaIO/vtkmetaio/metaImage.h:12,
                 from /tmp/VTK-8.2.0/Utilities/MetaIO/vtkmetaio/metaImage.cxx:12:
/usr/include/x86_64-linux-gnu/bits/stdio2.h:38:34: note: '__builtin___sprintf_chk' output between 1 and 2302 bytes into a destination of size 2048
   38 |   return __builtin___sprintf_chk (__s, __USE_FORTIFY_LEVEL - 1,
      |          ~~~~~~~~~~~~~~~~~~~~~~~~^~~~~~~~~~~~~~~~~~~~~~~~~~~~~~
   39 |                                   __glibc_objsize (__s), __fmt,
      |                                   ~~~~~~~~~~~~~~~~~~~~~~~~~~~~~
   40 |                                   __va_arg_pack ());
      |                                   ~~~~~~~~~~~~~~~~~
/tmp/VTK-8.2.0/Utilities/MetaIO/vtkmetaio/metaImage.cxx:2990:29: warning: '%s' directive writing up to 2047 bytes into a region of size between 1 and 2048 [-Wformat-overflow=]
 2990 |           sprintf(fName, "%s%s", pathName, s);
      |                             ^~             ~
In file included from /usr/include/stdio.h:894,
                 from /usr/include/c++/11/cstdio:42,
                 from /usr/include/c++/11/ext/string_conversions.h:43,
                 from /usr/include/c++/11/bits/basic_string.h:6608,
                 from /usr/include/c++/11/string:55,
                 from /usr/include/c++/11/bits/locale_classes.h:40,
                 from /usr/include/c++/11/bits/ios_base.h:41,
                 from /usr/include/c++/11/ios:42,
                 from /usr/include/c++/11/ostream:38,
                 from /usr/include/c++/11/iostream:39,
                 from /tmp/VTK-8.2.0/Utilities/MetaIO/vtkmetaio/localMetaConfiguration.h:55,
                 from /tmp/VTK-8.2.0/Utilities/MetaIO/vtkmetaio/metaTypes.h:12,
                 from /tmp/VTK-8.2.0/Utilities/MetaIO/vtkmetaio/metaImage.h:12,
                 from /tmp/VTK-8.2.0/Utilities/MetaIO/vtkmetaio/metaImage.cxx:12:
/usr/include/x86_64-linux-gnu/bits/stdio2.h:38:34: note: '__builtin___sprintf_chk' output between 1 and 4095 bytes into a destination of size 2048
   38 |   return __builtin___sprintf_chk (__s, __USE_FORTIFY_LEVEL - 1,
      |          ~~~~~~~~~~~~~~~~~~~~~~~~^~~~~~~~~~~~~~~~~~~~~~~~~~~~~~
   39 |                                   __glibc_objsize (__s), __fmt,
      |                                   ~~~~~~~~~~~~~~~~~~~~~~~~~~~~~
   40 |                                   __va_arg_pack ());
      |                                   ~~~~~~~~~~~~~~~~~
[ 20%] Building C object ThirdParty/hdf5/vtkhdf5/src/CMakeFiles/vtkhdf5_src.dir/H5Fio.c.o
[ 20%] Linking C shared library ../../../lib/libvtkfreetype-8.2.so
[ 20%] Building C object ThirdParty/libharu/vtklibharu/src/CMakeFiles/vtklibharu.dir/hpdf_fontdef_kr.c.o
[ 20%] Building C object ThirdParty/hdf5/vtkhdf5/src/CMakeFiles/vtkhdf5_src.dir/H5Fmount.c.o
[ 20%] Building C object ThirdParty/libharu/vtklibharu/src/CMakeFiles/vtklibharu.dir/hpdf_fontdef_tt.c.o
[ 20%] Building C object ThirdParty/hdf5/vtkhdf5/src/CMakeFiles/vtkhdf5_src.dir/H5Fmpi.c.o
[ 20%] Building C object ThirdParty/libharu/vtklibharu/src/CMakeFiles/vtklibharu.dir/hpdf_fontdef_type1.c.o
[ 20%] Building C object ThirdParty/hdf5/vtkhdf5/src/CMakeFiles/vtkhdf5_src.dir/H5Fquery.c.o
[ 20%] Building C object ThirdParty/libharu/vtklibharu/src/CMakeFiles/vtklibharu.dir/hpdf_fontdef.c.o
[ 20%] Building C object ThirdParty/hdf5/vtkhdf5/src/CMakeFiles/vtkhdf5_src.dir/H5Fsfile.c.o
[ 20%] Building C object ThirdParty/libharu/vtklibharu/src/CMakeFiles/vtklibharu.dir/hpdf_gstate.c.o
[ 20%] Building C object ThirdParty/hdf5/vtkhdf5/src/CMakeFiles/vtkhdf5_src.dir/H5Fspace.c.o
[ 20%] Building C object ThirdParty/hdf5/vtkhdf5/src/CMakeFiles/vtkhdf5_src.dir/H5Fsuper.c.o
[ 20%] Building C object ThirdParty/libharu/vtklibharu/src/CMakeFiles/vtklibharu.dir/hpdf_image_ccitt.c.o
[ 20%] Building C object ThirdParty/libharu/vtklibharu/src/CMakeFiles/vtklibharu.dir/hpdf_image_png.c.o
[ 20%] Building C object ThirdParty/hdf5/vtkhdf5/src/CMakeFiles/vtkhdf5_src.dir/H5Fsuper_cache.c.o
[ 20%] Building C object ThirdParty/libharu/vtklibharu/src/CMakeFiles/vtklibharu.dir/hpdf_image.c.o
[ 20%] Building C object ThirdParty/hdf5/vtkhdf5/src/CMakeFiles/vtkhdf5_src.dir/H5Ftest.c.o
[ 20%] Building C object ThirdParty/libharu/vtklibharu/src/CMakeFiles/vtklibharu.dir/hpdf_info.c.o
[ 20%] Building C object ThirdParty/hdf5/vtkhdf5/src/CMakeFiles/vtkhdf5_src.dir/H5FA.c.o
[ 20%] Building C object ThirdParty/hdf5/vtkhdf5/src/CMakeFiles/vtkhdf5_src.dir/H5FAcache.c.o
[ 20%] Building C object ThirdParty/libharu/vtklibharu/src/CMakeFiles/vtklibharu.dir/hpdf_list.c.o
[ 20%] Building C object ThirdParty/libharu/vtklibharu/src/CMakeFiles/vtklibharu.dir/hpdf_mmgr.c.o
[ 20%] Building C object ThirdParty/hdf5/vtkhdf5/src/CMakeFiles/vtkhdf5_src.dir/H5FAdbg.c.o
[ 20%] Building C object ThirdParty/libharu/vtklibharu/src/CMakeFiles/vtklibharu.dir/hpdf_name.c.o
[ 20%] Building C object ThirdParty/hdf5/vtkhdf5/src/CMakeFiles/vtkhdf5_src.dir/H5FAdblkpage.c.o
[ 20%] Building C object ThirdParty/hdf5/vtkhdf5/src/CMakeFiles/vtkhdf5_src.dir/H5FAdblock.c.o
[ 20%] Building C object ThirdParty/libharu/vtklibharu/src/CMakeFiles/vtklibharu.dir/hpdf_namedict.c.o
[ 20%] Building C object ThirdParty/hdf5/vtkhdf5/src/CMakeFiles/vtkhdf5_src.dir/H5FAhdr.c.o
[ 20%] Building C object ThirdParty/libharu/vtklibharu/src/CMakeFiles/vtklibharu.dir/hpdf_null.c.o
[ 20%] Building C object ThirdParty/hdf5/vtkhdf5/src/CMakeFiles/vtkhdf5_src.dir/H5FAint.c.o
[ 20%] Building C object ThirdParty/libharu/vtklibharu/src/CMakeFiles/vtklibharu.dir/hpdf_number.c.o
[ 20%] Building C object ThirdParty/hdf5/vtkhdf5/src/CMakeFiles/vtkhdf5_src.dir/H5FAstat.c.o
[ 20%] Building C object ThirdParty/libharu/vtklibharu/src/CMakeFiles/vtklibharu.dir/hpdf_objects.c.o
[ 20%] Building C object ThirdParty/hdf5/vtkhdf5/src/CMakeFiles/vtkhdf5_src.dir/H5FAtest.c.o
[ 20%] Building C object ThirdParty/libharu/vtklibharu/src/CMakeFiles/vtklibharu.dir/hpdf_outline.c.o
[ 20%] Building C object ThirdParty/hdf5/vtkhdf5/src/CMakeFiles/vtkhdf5_src.dir/H5FD.c.o
[ 20%] Building C object ThirdParty/libharu/vtklibharu/src/CMakeFiles/vtklibharu.dir/hpdf_page_label.c.o
[ 20%] Building C object ThirdParty/hdf5/vtkhdf5/src/CMakeFiles/vtkhdf5_src.dir/H5FDcore.c.o
[ 20%] Building C object ThirdParty/libharu/vtklibharu/src/CMakeFiles/vtklibharu.dir/hpdf_page_operator.c.o
[ 20%] Building C object ThirdParty/hdf5/vtkhdf5/src/CMakeFiles/vtkhdf5_src.dir/H5FDdirect.c.o
[ 20%] Building C object ThirdParty/libharu/vtklibharu/src/CMakeFiles/vtklibharu.dir/hpdf_pages.c.o
[ 20%] Building C object ThirdParty/hdf5/vtkhdf5/src/CMakeFiles/vtkhdf5_src.dir/H5FDfamily.c.o
[ 20%] Building C object ThirdParty/libharu/vtklibharu/src/CMakeFiles/vtklibharu.dir/hpdf_real.c.o
[ 20%] Building C object ThirdParty/hdf5/vtkhdf5/src/CMakeFiles/vtkhdf5_src.dir/H5FDint.c.o
[ 20%] Building C object ThirdParty/libharu/vtklibharu/src/CMakeFiles/vtklibharu.dir/hpdf_shading.c.o
[ 20%] Building C object ThirdParty/hdf5/vtkhdf5/src/CMakeFiles/vtkhdf5_src.dir/H5FDlog.c.o
[ 20%] Building C object ThirdParty/libharu/vtklibharu/src/CMakeFiles/vtklibharu.dir/hpdf_streams.c.o
[ 20%] Building C object ThirdParty/hdf5/vtkhdf5/src/CMakeFiles/vtkhdf5_src.dir/H5FDmpi.c.o
[ 20%] Building C object ThirdParty/libharu/vtklibharu/src/CMakeFiles/vtklibharu.dir/hpdf_string.c.o
[ 20%] Building C object ThirdParty/hdf5/vtkhdf5/src/CMakeFiles/vtkhdf5_src.dir/H5FDmpio.c.o
[ 20%] Building C object ThirdParty/libharu/vtklibharu/src/CMakeFiles/vtklibharu.dir/hpdf_u3d.c.o
[ 20%] Building C object ThirdParty/libharu/vtklibharu/src/CMakeFiles/vtklibharu.dir/hpdf_utils.c.o
[ 21%] Building C object ThirdParty/hdf5/vtkhdf5/src/CMakeFiles/vtkhdf5_src.dir/H5FDmulti.c.o
[ 21%] Building C object ThirdParty/hdf5/vtkhdf5/src/CMakeFiles/vtkhdf5_src.dir/H5FDsec2.c.o
[ 22%] Building C object ThirdParty/libharu/vtklibharu/src/CMakeFiles/vtklibharu.dir/hpdf_xref.c.o
[ 22%] Building C object ThirdParty/hdf5/vtkhdf5/src/CMakeFiles/vtkhdf5_src.dir/H5FDspace.c.o
[ 22%] Building C object ThirdParty/libharu/vtklibharu/src/CMakeFiles/vtklibharu.dir/hpdf_3dmeasure.c.o
[ 22%] Building C object ThirdParty/libharu/vtklibharu/src/CMakeFiles/vtklibharu.dir/hpdf_pdfa.c.o
[ 22%] Building C object ThirdParty/hdf5/vtkhdf5/src/CMakeFiles/vtkhdf5_src.dir/H5FDstdio.c.o
[ 22%] Building C object ThirdParty/libharu/vtklibharu/src/CMakeFiles/vtklibharu.dir/hpdf_exdata.c.o
[ 22%] Building C object ThirdParty/hdf5/vtkhdf5/src/CMakeFiles/vtkhdf5_src.dir/H5FDtest.c.o
[ 22%] Building C object ThirdParty/libharu/vtklibharu/src/CMakeFiles/vtklibharu.dir/hpdf_encoder_utf.c.o
[ 22%] Building C object ThirdParty/hdf5/vtkhdf5/src/CMakeFiles/vtkhdf5_src.dir/H5FDwindows.c.o
[ 22%] Building C object ThirdParty/hdf5/vtkhdf5/src/CMakeFiles/vtkhdf5_src.dir/H5FL.c.o
[ 22%] Building C object ThirdParty/hdf5/vtkhdf5/src/CMakeFiles/vtkhdf5_src.dir/H5FO.c.o
[ 22%] Building C object ThirdParty/hdf5/vtkhdf5/src/CMakeFiles/vtkhdf5_src.dir/H5FS.c.o
[ 22%] Building C object ThirdParty/hdf5/vtkhdf5/src/CMakeFiles/vtkhdf5_src.dir/H5FScache.c.o
[ 22%] Building C object ThirdParty/hdf5/vtkhdf5/src/CMakeFiles/vtkhdf5_src.dir/H5FSdbg.c.o
[ 22%] Building C object ThirdParty/hdf5/vtkhdf5/src/CMakeFiles/vtkhdf5_src.dir/H5FSint.c.o
[ 22%] Building C object ThirdParty/hdf5/vtkhdf5/src/CMakeFiles/vtkhdf5_src.dir/H5FSsection.c.o
[ 22%] Building C object ThirdParty/hdf5/vtkhdf5/src/CMakeFiles/vtkhdf5_src.dir/H5FSstat.c.o
[ 22%] Building C object ThirdParty/hdf5/vtkhdf5/src/CMakeFiles/vtkhdf5_src.dir/H5FStest.c.o
[ 22%] Building C object ThirdParty/hdf5/vtkhdf5/src/CMakeFiles/vtkhdf5_src.dir/H5G.c.o
[ 22%] Building C object ThirdParty/hdf5/vtkhdf5/src/CMakeFiles/vtkhdf5_src.dir/H5Gbtree2.c.o
[ 22%] Building C object ThirdParty/hdf5/vtkhdf5/src/CMakeFiles/vtkhdf5_src.dir/H5Gcache.c.o
[ 22%] Building C object ThirdParty/hdf5/vtkhdf5/src/CMakeFiles/vtkhdf5_src.dir/H5Gcompact.c.o
[ 22%] Building C object ThirdParty/hdf5/vtkhdf5/src/CMakeFiles/vtkhdf5_src.dir/H5Gdense.c.o
[ 22%] Building C object ThirdParty/hdf5/vtkhdf5/src/CMakeFiles/vtkhdf5_src.dir/H5Gdeprec.c.o
[ 22%] Building C object ThirdParty/hdf5/vtkhdf5/src/CMakeFiles/vtkhdf5_src.dir/H5Gent.c.o
[ 22%] Building C object ThirdParty/hdf5/vtkhdf5/src/CMakeFiles/vtkhdf5_src.dir/H5Gint.c.o
[ 22%] Building C object ThirdParty/hdf5/vtkhdf5/src/CMakeFiles/vtkhdf5_src.dir/H5Glink.c.o
[ 22%] Building C object ThirdParty/hdf5/vtkhdf5/src/CMakeFiles/vtkhdf5_src.dir/H5Gloc.c.o
[ 22%] Building C object ThirdParty/hdf5/vtkhdf5/src/CMakeFiles/vtkhdf5_src.dir/H5Gname.c.o
[ 22%] Building C object ThirdParty/hdf5/vtkhdf5/src/CMakeFiles/vtkhdf5_src.dir/H5Gnode.c.o
[ 22%] Building C object ThirdParty/hdf5/vtkhdf5/src/CMakeFiles/vtkhdf5_src.dir/H5Gobj.c.o
[ 22%] Building C object ThirdParty/hdf5/vtkhdf5/src/CMakeFiles/vtkhdf5_src.dir/H5Goh.c.o
[ 22%] Building C object ThirdParty/hdf5/vtkhdf5/src/CMakeFiles/vtkhdf5_src.dir/H5Groot.c.o
[ 22%] Building C object ThirdParty/hdf5/vtkhdf5/src/CMakeFiles/vtkhdf5_src.dir/H5Gstab.c.o
[ 22%] Building C object ThirdParty/hdf5/vtkhdf5/src/CMakeFiles/vtkhdf5_src.dir/H5Gtest.c.o
[ 22%] Building C object ThirdParty/hdf5/vtkhdf5/src/CMakeFiles/vtkhdf5_src.dir/H5Gtraverse.c.o
[ 22%] Building C object ThirdParty/hdf5/vtkhdf5/src/CMakeFiles/vtkhdf5_src.dir/H5HF.c.o
[ 22%] Building C object ThirdParty/hdf5/vtkhdf5/src/CMakeFiles/vtkhdf5_src.dir/H5HFbtree2.c.o
[ 22%] Building C object ThirdParty/hdf5/vtkhdf5/src/CMakeFiles/vtkhdf5_src.dir/H5HFcache.c.o
[ 23%] Building C object ThirdParty/hdf5/vtkhdf5/src/CMakeFiles/vtkhdf5_src.dir/H5HFdbg.c.o
[ 23%] Building C object ThirdParty/hdf5/vtkhdf5/src/CMakeFiles/vtkhdf5_src.dir/H5HFdblock.c.o
[ 23%] Building C object ThirdParty/hdf5/vtkhdf5/src/CMakeFiles/vtkhdf5_src.dir/H5HFdtable.c.o
[ 23%] Building C object ThirdParty/hdf5/vtkhdf5/src/CMakeFiles/vtkhdf5_src.dir/H5HFhdr.c.o
[ 23%] Building C object ThirdParty/hdf5/vtkhdf5/src/CMakeFiles/vtkhdf5_src.dir/H5HFhuge.c.o
[ 23%] Linking C shared library ../../../lib/libvtklibxml2-8.2.so
[ 23%] Building C object ThirdParty/hdf5/vtkhdf5/src/CMakeFiles/vtkhdf5_src.dir/H5HFiblock.c.o
[ 23%] Building C object ThirdParty/hdf5/vtkhdf5/src/CMakeFiles/vtkhdf5_src.dir/H5HFiter.c.o
[ 23%] Building C object ThirdParty/hdf5/vtkhdf5/src/CMakeFiles/vtkhdf5_src.dir/H5HFman.c.o
[ 23%] Building C object ThirdParty/hdf5/vtkhdf5/src/CMakeFiles/vtkhdf5_src.dir/H5HFsection.c.o
[ 23%] Building C object ThirdParty/hdf5/vtkhdf5/src/CMakeFiles/vtkhdf5_src.dir/H5HFspace.c.o
[ 23%] Building C object ThirdParty/hdf5/vtkhdf5/src/CMakeFiles/vtkhdf5_src.dir/H5HFstat.c.o
[ 23%] Building C object ThirdParty/hdf5/vtkhdf5/src/CMakeFiles/vtkhdf5_src.dir/H5HFtest.c.o
[ 23%] Built target vtklibproj
[ 23%] Building C object ThirdParty/hdf5/vtkhdf5/src/CMakeFiles/vtkhdf5_src.dir/H5HFtiny.c.o
[ 23%] Linking CXX shared library ../../../lib/libvtkmetaio-8.2.so
[ 23%] Building C object ThirdParty/hdf5/vtkhdf5/src/CMakeFiles/vtkhdf5_src.dir/H5HG.c.o
[ 23%] Building C object ThirdParty/hdf5/vtkhdf5/src/CMakeFiles/vtkhdf5_src.dir/H5HGdbg.c.o
[ 23%] Building C object ThirdParty/hdf5/vtkhdf5/src/CMakeFiles/vtkhdf5_src.dir/H5HGcache.c.o
[ 23%] Building C object ThirdParty/hdf5/vtkhdf5/src/CMakeFiles/vtkhdf5_src.dir/H5HGquery.c.o
[ 23%] Building C object ThirdParty/hdf5/vtkhdf5/src/CMakeFiles/vtkhdf5_src.dir/H5HL.c.o
[ 23%] Building C object ThirdParty/hdf5/vtkhdf5/src/CMakeFiles/vtkhdf5_src.dir/H5HLcache.c.o
[ 23%] Building C object ThirdParty/hdf5/vtkhdf5/src/CMakeFiles/vtkhdf5_src.dir/H5HLdbg.c.o
[ 23%] Building C object ThirdParty/hdf5/vtkhdf5/src/CMakeFiles/vtkhdf5_src.dir/H5HLdblk.c.o
[ 23%] Building C object ThirdParty/hdf5/vtkhdf5/src/CMakeFiles/vtkhdf5_src.dir/H5HLint.c.o
[ 23%] Building C object ThirdParty/hdf5/vtkhdf5/src/CMakeFiles/vtkhdf5_src.dir/H5HLprfx.c.o
[ 23%] Building C object ThirdParty/hdf5/vtkhdf5/src/CMakeFiles/vtkhdf5_src.dir/H5HP.c.o
[ 23%] Building C object ThirdParty/hdf5/vtkhdf5/src/CMakeFiles/vtkhdf5_src.dir/H5I.c.o
[ 23%] Building C object ThirdParty/hdf5/vtkhdf5/src/CMakeFiles/vtkhdf5_src.dir/H5Itest.c.o
[ 23%] Building C object ThirdParty/hdf5/vtkhdf5/src/CMakeFiles/vtkhdf5_src.dir/H5L.c.o
[ 23%] Building C object ThirdParty/hdf5/vtkhdf5/src/CMakeFiles/vtkhdf5_src.dir/H5Lexternal.c.o
[ 23%] Building C object ThirdParty/hdf5/vtkhdf5/src/CMakeFiles/vtkhdf5_src.dir/H5MF.c.o
[ 23%] Building C object ThirdParty/hdf5/vtkhdf5/src/CMakeFiles/vtkhdf5_src.dir/H5MFaggr.c.o
[ 23%] Building C object ThirdParty/hdf5/vtkhdf5/src/CMakeFiles/vtkhdf5_src.dir/H5MFdbg.c.o
[ 23%] Building C object ThirdParty/hdf5/vtkhdf5/src/CMakeFiles/vtkhdf5_src.dir/H5MFsection.c.o
[ 23%] Building C object ThirdParty/hdf5/vtkhdf5/src/CMakeFiles/vtkhdf5_src.dir/H5MM.c.o
[ 23%] Building C object ThirdParty/hdf5/vtkhdf5/src/CMakeFiles/vtkhdf5_src.dir/H5MP.c.o
[ 23%] Building C object ThirdParty/hdf5/vtkhdf5/src/CMakeFiles/vtkhdf5_src.dir/H5MPtest.c.o
[ 23%] Building C object ThirdParty/hdf5/vtkhdf5/src/CMakeFiles/vtkhdf5_src.dir/H5O.c.o
[ 24%] Building C object ThirdParty/hdf5/vtkhdf5/src/CMakeFiles/vtkhdf5_src.dir/H5Oainfo.c.o
[ 24%] Building C object ThirdParty/hdf5/vtkhdf5/src/CMakeFiles/vtkhdf5_src.dir/H5Oalloc.c.o
[ 24%] Building C object ThirdParty/hdf5/vtkhdf5/src/CMakeFiles/vtkhdf5_src.dir/H5Oattr.c.o
[ 24%] Building C object ThirdParty/hdf5/vtkhdf5/src/CMakeFiles/vtkhdf5_src.dir/H5Oattribute.c.o
[ 24%] Building C object ThirdParty/hdf5/vtkhdf5/src/CMakeFiles/vtkhdf5_src.dir/H5Obogus.c.o
[ 24%] Building C object ThirdParty/hdf5/vtkhdf5/src/CMakeFiles/vtkhdf5_src.dir/H5Obtreek.c.o
[ 24%] Building C object ThirdParty/hdf5/vtkhdf5/src/CMakeFiles/vtkhdf5_src.dir/H5Ocache.c.o
[ 24%] Building C object ThirdParty/hdf5/vtkhdf5/src/CMakeFiles/vtkhdf5_src.dir/H5Ocache_image.c.o
[ 24%] Building C object ThirdParty/hdf5/vtkhdf5/src/CMakeFiles/vtkhdf5_src.dir/H5Ochunk.c.o
[ 24%] Building C object ThirdParty/hdf5/vtkhdf5/src/CMakeFiles/vtkhdf5_src.dir/H5Ocont.c.o
[ 24%] Building C object ThirdParty/hdf5/vtkhdf5/src/CMakeFiles/vtkhdf5_src.dir/H5Ocopy.c.o
[ 24%] Building C object ThirdParty/hdf5/vtkhdf5/src/CMakeFiles/vtkhdf5_src.dir/H5Odbg.c.o
[ 24%] Building C object ThirdParty/hdf5/vtkhdf5/src/CMakeFiles/vtkhdf5_src.dir/H5Odrvinfo.c.o
[ 24%] Building C object ThirdParty/hdf5/vtkhdf5/src/CMakeFiles/vtkhdf5_src.dir/H5Odtype.c.o
[ 24%] Building C object ThirdParty/hdf5/vtkhdf5/src/CMakeFiles/vtkhdf5_src.dir/H5Oefl.c.o
[ 24%] Building C object ThirdParty/hdf5/vtkhdf5/src/CMakeFiles/vtkhdf5_src.dir/H5Ofill.c.o
[ 24%] Building C object ThirdParty/hdf5/vtkhdf5/src/CMakeFiles/vtkhdf5_src.dir/H5Oflush.c.o
[ 24%] Building C object ThirdParty/hdf5/vtkhdf5/src/CMakeFiles/vtkhdf5_src.dir/H5Ofsinfo.c.o
[ 24%] Building C object ThirdParty/hdf5/vtkhdf5/src/CMakeFiles/vtkhdf5_src.dir/H5Oginfo.c.o
[ 24%] Building C object ThirdParty/hdf5/vtkhdf5/src/CMakeFiles/vtkhdf5_src.dir/H5Olayout.c.o
[ 24%] Building C object ThirdParty/hdf5/vtkhdf5/src/CMakeFiles/vtkhdf5_src.dir/H5Olinfo.c.o
[ 24%] Building C object ThirdParty/hdf5/vtkhdf5/src/CMakeFiles/vtkhdf5_src.dir/H5Olink.c.o
[ 24%] Building C object ThirdParty/hdf5/vtkhdf5/src/CMakeFiles/vtkhdf5_src.dir/H5Omessage.c.o
[ 24%] Building C object ThirdParty/hdf5/vtkhdf5/src/CMakeFiles/vtkhdf5_src.dir/H5Omtime.c.o
[ 24%] Building C object ThirdParty/hdf5/vtkhdf5/src/CMakeFiles/vtkhdf5_src.dir/H5Oname.c.o
[ 24%] Building C object ThirdParty/hdf5/vtkhdf5/src/CMakeFiles/vtkhdf5_src.dir/H5Onull.c.o
[ 24%] Building C object ThirdParty/hdf5/vtkhdf5/src/CMakeFiles/vtkhdf5_src.dir/H5Opline.c.o
[ 24%] Building C object ThirdParty/hdf5/vtkhdf5/src/CMakeFiles/vtkhdf5_src.dir/H5Orefcount.c.o
[ 24%] Building C object ThirdParty/hdf5/vtkhdf5/src/CMakeFiles/vtkhdf5_src.dir/H5Osdspace.c.o
[ 24%] Building C object ThirdParty/hdf5/vtkhdf5/src/CMakeFiles/vtkhdf5_src.dir/H5Oshared.c.o
[ 24%] Building C object ThirdParty/hdf5/vtkhdf5/src/CMakeFiles/vtkhdf5_src.dir/H5Oshmesg.c.o
[ 24%] Building C object ThirdParty/hdf5/vtkhdf5/src/CMakeFiles/vtkhdf5_src.dir/H5Ostab.c.o
[ 24%] Building C object ThirdParty/hdf5/vtkhdf5/src/CMakeFiles/vtkhdf5_src.dir/H5Otest.c.o
[ 24%] Building C object ThirdParty/hdf5/vtkhdf5/src/CMakeFiles/vtkhdf5_src.dir/H5Ounknown.c.o
[ 24%] Building C object ThirdParty/hdf5/vtkhdf5/src/CMakeFiles/vtkhdf5_src.dir/H5P.c.o
[ 24%] Building C object ThirdParty/hdf5/vtkhdf5/src/CMakeFiles/vtkhdf5_src.dir/H5Pacpl.c.o
[ 24%] Building C object ThirdParty/hdf5/vtkhdf5/src/CMakeFiles/vtkhdf5_src.dir/H5Pdapl.c.o
[ 25%] Building C object ThirdParty/hdf5/vtkhdf5/src/CMakeFiles/vtkhdf5_src.dir/H5Pdcpl.c.o
[ 25%] Building C object ThirdParty/hdf5/vtkhdf5/src/CMakeFiles/vtkhdf5_src.dir/H5Pdeprec.c.o
[ 25%] Building C object ThirdParty/hdf5/vtkhdf5/src/CMakeFiles/vtkhdf5_src.dir/H5Pdxpl.c.o
[ 25%] Building C object ThirdParty/hdf5/vtkhdf5/src/CMakeFiles/vtkhdf5_src.dir/H5Pencdec.c.o
[ 25%] Building C object ThirdParty/hdf5/vtkhdf5/src/CMakeFiles/vtkhdf5_src.dir/H5Pfapl.c.o
[ 25%] Building C object ThirdParty/hdf5/vtkhdf5/src/CMakeFiles/vtkhdf5_src.dir/H5Pfcpl.c.o
[ 25%] Building C object ThirdParty/hdf5/vtkhdf5/src/CMakeFiles/vtkhdf5_src.dir/H5Pfmpl.c.o
[ 25%] Building C object ThirdParty/hdf5/vtkhdf5/src/CMakeFiles/vtkhdf5_src.dir/H5Pgcpl.c.o
[ 25%] Building C object ThirdParty/hdf5/vtkhdf5/src/CMakeFiles/vtkhdf5_src.dir/H5Pint.c.o
[ 25%] Building C object ThirdParty/hdf5/vtkhdf5/src/CMakeFiles/vtkhdf5_src.dir/H5Plapl.c.o
[ 25%] Building C object ThirdParty/hdf5/vtkhdf5/src/CMakeFiles/vtkhdf5_src.dir/H5Plcpl.c.o
[ 25%] Building C object ThirdParty/hdf5/vtkhdf5/src/CMakeFiles/vtkhdf5_src.dir/H5Pocpl.c.o
[ 25%] Building C object ThirdParty/hdf5/vtkhdf5/src/CMakeFiles/vtkhdf5_src.dir/H5Pocpypl.c.o
[ 25%] Building C object ThirdParty/hdf5/vtkhdf5/src/CMakeFiles/vtkhdf5_src.dir/H5Pstrcpl.c.o
[ 25%] Building C object ThirdParty/hdf5/vtkhdf5/src/CMakeFiles/vtkhdf5_src.dir/H5Ptest.c.o
[ 25%] Building C object ThirdParty/hdf5/vtkhdf5/src/CMakeFiles/vtkhdf5_src.dir/H5PB.c.o
[ 25%] Building C object ThirdParty/hdf5/vtkhdf5/src/CMakeFiles/vtkhdf5_src.dir/H5PL.c.o
[ 25%] Building C object ThirdParty/hdf5/vtkhdf5/src/CMakeFiles/vtkhdf5_src.dir/H5R.c.o
[ 25%] Linking C shared library ../../../lib/libvtkgl2ps-8.2.so
[ 25%] Building C object ThirdParty/hdf5/vtkhdf5/src/CMakeFiles/vtkhdf5_src.dir/H5Rdeprec.c.o
[ 25%] Building C object ThirdParty/hdf5/vtkhdf5/src/CMakeFiles/vtkhdf5_src.dir/H5UC.c.o
[ 25%] Building C object ThirdParty/hdf5/vtkhdf5/src/CMakeFiles/vtkhdf5_src.dir/H5RS.c.o
[ 25%] Building C object ThirdParty/hdf5/vtkhdf5/src/CMakeFiles/vtkhdf5_src.dir/H5S.c.o
[ 25%] Building C object ThirdParty/hdf5/vtkhdf5/src/CMakeFiles/vtkhdf5_src.dir/H5Sall.c.o
[ 25%] Building C object ThirdParty/hdf5/vtkhdf5/src/CMakeFiles/vtkhdf5_src.dir/H5Sdbg.c.o
[ 25%] Building C object ThirdParty/hdf5/vtkhdf5/src/CMakeFiles/vtkhdf5_src.dir/H5Shyper.c.o
[ 25%] Building C object ThirdParty/hdf5/vtkhdf5/src/CMakeFiles/vtkhdf5_src.dir/H5Smpio.c.o
[ 25%] Building C object ThirdParty/hdf5/vtkhdf5/src/CMakeFiles/vtkhdf5_src.dir/H5Snone.c.o
[ 25%] Building C object ThirdParty/hdf5/vtkhdf5/src/CMakeFiles/vtkhdf5_src.dir/H5Spoint.c.o
[ 25%] Building C object ThirdParty/hdf5/vtkhdf5/src/CMakeFiles/vtkhdf5_src.dir/H5Sselect.c.o
[ 25%] Building C object ThirdParty/hdf5/vtkhdf5/src/CMakeFiles/vtkhdf5_src.dir/H5Stest.c.o
[ 25%] Building C object ThirdParty/hdf5/vtkhdf5/src/CMakeFiles/vtkhdf5_src.dir/H5SL.c.o
[ 25%] Building C object ThirdParty/hdf5/vtkhdf5/src/CMakeFiles/vtkhdf5_src.dir/H5SM.c.o
[ 25%] Building C object ThirdParty/hdf5/vtkhdf5/src/CMakeFiles/vtkhdf5_src.dir/H5SMbtree2.c.o
[ 25%] Built target vtktiff
[ 25%] Building C object ThirdParty/hdf5/vtkhdf5/src/CMakeFiles/vtkhdf5_src.dir/H5SMcache.c.o
[ 25%] Building C object ThirdParty/hdf5/vtkhdf5/src/CMakeFiles/vtkhdf5_src.dir/H5SMmessage.c.o
[ 25%] Building C object ThirdParty/hdf5/vtkhdf5/src/CMakeFiles/vtkhdf5_src.dir/H5SMtest.c.o
[ 26%] Building C object ThirdParty/hdf5/vtkhdf5/src/CMakeFiles/vtkhdf5_src.dir/H5ST.c.o
[ 26%] Building C object ThirdParty/hdf5/vtkhdf5/src/CMakeFiles/vtkhdf5_src.dir/H5T.c.o
[ 26%] Building C object ThirdParty/hdf5/vtkhdf5/src/CMakeFiles/vtkhdf5_src.dir/H5Tarray.c.o
[ 26%] Building C object ThirdParty/hdf5/vtkhdf5/src/CMakeFiles/vtkhdf5_src.dir/H5Tbit.c.o
[ 26%] Building C object ThirdParty/hdf5/vtkhdf5/src/CMakeFiles/vtkhdf5_src.dir/H5Tcommit.c.o
[ 26%] Building C object ThirdParty/hdf5/vtkhdf5/src/CMakeFiles/vtkhdf5_src.dir/H5Tcompound.c.o
[ 26%] Building C object ThirdParty/hdf5/vtkhdf5/src/CMakeFiles/vtkhdf5_src.dir/H5Tconv.c.o
[ 26%] Building C object ThirdParty/hdf5/vtkhdf5/src/CMakeFiles/vtkhdf5_src.dir/H5Tcset.c.o
[ 26%] Building C object ThirdParty/hdf5/vtkhdf5/src/CMakeFiles/vtkhdf5_src.dir/H5Tdbg.c.o
[ 26%] Building C object ThirdParty/hdf5/vtkhdf5/src/CMakeFiles/vtkhdf5_src.dir/H5Tdeprec.c.o
[ 26%] Building C object ThirdParty/hdf5/vtkhdf5/src/CMakeFiles/vtkhdf5_src.dir/H5Tenum.c.o
[ 26%] Building C object ThirdParty/hdf5/vtkhdf5/src/CMakeFiles/vtkhdf5_src.dir/H5Tfields.c.o
[ 26%] Building C object ThirdParty/hdf5/vtkhdf5/src/CMakeFiles/vtkhdf5_src.dir/H5Tfixed.c.o
[ 26%] Building C object ThirdParty/hdf5/vtkhdf5/src/CMakeFiles/vtkhdf5_src.dir/H5Tfloat.c.o
[ 26%] Building C object ThirdParty/hdf5/vtkhdf5/src/CMakeFiles/vtkhdf5_src.dir/H5Tnative.c.o
[ 26%] Building C object ThirdParty/hdf5/vtkhdf5/src/CMakeFiles/vtkhdf5_src.dir/H5Toffset.c.o
[ 26%] Linking C shared library ../../../../lib/libvtklibharu-8.2.so
[ 26%] Building C object ThirdParty/hdf5/vtkhdf5/src/CMakeFiles/vtkhdf5_src.dir/H5Toh.c.o
[ 26%] Building C object ThirdParty/hdf5/vtkhdf5/src/CMakeFiles/vtkhdf5_src.dir/H5Topaque.c.o
[ 26%] Building C object ThirdParty/hdf5/vtkhdf5/src/CMakeFiles/vtkhdf5_src.dir/H5Torder.c.o
[ 26%] Building C object ThirdParty/hdf5/vtkhdf5/src/CMakeFiles/vtkhdf5_src.dir/H5Tpad.c.o
[ 26%] Building C object ThirdParty/hdf5/vtkhdf5/src/CMakeFiles/vtkhdf5_src.dir/H5Tprecis.c.o
[ 26%] Building C object ThirdParty/hdf5/vtkhdf5/src/CMakeFiles/vtkhdf5_src.dir/H5Tstrpad.c.o
[ 26%] Built target vtkfreetype
[ 26%] Building C object ThirdParty/hdf5/vtkhdf5/src/CMakeFiles/vtkhdf5_src.dir/H5Tvlen.c.o
[ 26%] Building C object ThirdParty/hdf5/vtkhdf5/src/CMakeFiles/vtkhdf5_src.dir/H5Tvisit.c.o
[ 26%] Building C object ThirdParty/hdf5/vtkhdf5/src/CMakeFiles/vtkhdf5_src.dir/H5TS.c.o
[ 26%] Building C object ThirdParty/hdf5/vtkhdf5/src/CMakeFiles/vtkhdf5_src.dir/H5VM.c.o
[ 26%] Building C object ThirdParty/hdf5/vtkhdf5/src/CMakeFiles/vtkhdf5_src.dir/H5WB.c.o
[ 26%] Building C object ThirdParty/hdf5/vtkhdf5/src/CMakeFiles/vtkhdf5_src.dir/H5Z.c.o
[ 26%] Building C object ThirdParty/hdf5/vtkhdf5/src/CMakeFiles/vtkhdf5_src.dir/H5Zdeflate.c.o
[ 26%] Building C object ThirdParty/hdf5/vtkhdf5/src/CMakeFiles/vtkhdf5_src.dir/H5Zfletcher32.c.o
[ 26%] Building C object ThirdParty/hdf5/vtkhdf5/src/CMakeFiles/vtkhdf5_src.dir/H5Znbit.c.o
[ 26%] Building C object ThirdParty/hdf5/vtkhdf5/src/CMakeFiles/vtkhdf5_src.dir/H5Zscaleoffset.c.o
[ 26%] Building C object ThirdParty/hdf5/vtkhdf5/src/CMakeFiles/vtkhdf5_src.dir/H5Zshuffle.c.o
[ 26%] Building C object ThirdParty/hdf5/vtkhdf5/src/CMakeFiles/vtkhdf5_src.dir/H5Zszip.c.o
[ 26%] Building C object ThirdParty/hdf5/vtkhdf5/src/CMakeFiles/vtkhdf5_src.dir/H5Ztrans.c.o
[ 26%] Building C object ThirdParty/hdf5/vtkhdf5/src/CMakeFiles/vtkhdf5_src.dir/__/H5Tinit.c.o
[ 27%] Building C object ThirdParty/hdf5/vtkhdf5/src/CMakeFiles/vtkhdf5_src.dir/__/H5lib_settings.c.o
[ 27%] Built target vtkmetaio
[ 27%] Built target vtkgl2ps
[ 27%] Built target vtklibxml2
[ 27%] Linking C shared library ../../../lib/libvtksqlite-8.2.so
[ 27%] Built target vtklibharu
[ 27%] Built target vtksqlite
[ 27%] Building CXX object Common/Core/CMakeFiles/vtkCommonCore.dir/vtkAbstractArray.cxx.o
[ 27%] Building CXX object Common/Core/CMakeFiles/vtkCommonCore.dir/vtkAnimationCue.cxx.o
[ 27%] Building CXX object Common/Core/CMakeFiles/vtkCommonCore.dir/vtkArray.cxx.o
[ 27%] Building CXX object Common/Core/CMakeFiles/vtkCommonCore.dir/vtkArrayCoordinates.cxx.o
[ 27%] Building CXX object Common/Core/CMakeFiles/vtkCommonCore.dir/vtkArrayExtentsList.cxx.o
[ 27%] Building CXX object Common/Core/CMakeFiles/vtkCommonCore.dir/vtkArrayExtents.cxx.o
[ 27%] Building CXX object Common/Core/CMakeFiles/vtkCommonCore.dir/vtkArrayIterator.cxx.o
[ 27%] Building CXX object Common/Core/CMakeFiles/vtkCommonCore.dir/vtkArrayIteratorTemplateInstantiate.cxx.o
[ 27%] Building CXX object Common/Core/CMakeFiles/vtkCommonCore.dir/vtkArrayRange.cxx.o
[ 27%] Building CXX object Common/Core/CMakeFiles/vtkCommonCore.dir/vtkArrayWeights.cxx.o
[ 27%] Building CXX object Common/Core/CMakeFiles/vtkCommonCore.dir/vtkArraySort.cxx.o
[ 27%] Building CXX object Common/Core/CMakeFiles/vtkCommonCore.dir/vtkBitArray.cxx.o
[ 27%] Building CXX object Common/Core/CMakeFiles/vtkCommonCore.dir/vtkBitArrayIterator.cxx.o
[ 27%] Building CXX object Common/Core/CMakeFiles/vtkCommonCore.dir/vtkBoxMuellerRandomSequence.cxx.o
[ 27%] Building CXX object Common/Core/CMakeFiles/vtkCommonCore.dir/vtkByteSwap.cxx.o
[ 27%] Building CXX object Common/Core/CMakeFiles/vtkCommonCore.dir/vtkBreakPoint.cxx.o
[ 27%] Building CXX object Common/Core/CMakeFiles/vtkCommonCore.dir/vtkCallbackCommand.cxx.o
[ 27%] Building CXX object Common/Core/CMakeFiles/vtkCommonCore.dir/vtkCharArray.cxx.o
[ 28%] Building CXX object Common/Core/CMakeFiles/vtkCommonCore.dir/vtkCollection.cxx.o
[ 28%] Building CXX object Common/Core/CMakeFiles/vtkCommonCore.dir/vtkCollectionIterator.cxx.o
[ 28%] Building CXX object Common/Core/CMakeFiles/vtkCommonCore.dir/vtkConditionVariable.cxx.o
[ 28%] Building CXX object Common/Core/CMakeFiles/vtkCommonCore.dir/vtkCommonInformationKeyManager.cxx.o
[ 28%] Building CXX object Common/Core/CMakeFiles/vtkCommonCore.dir/vtkCriticalSection.cxx.o
[ 28%] Building CXX object Common/Core/CMakeFiles/vtkCommonCore.dir/vtkCommand.cxx.o
[ 28%] Building CXX object Common/Core/CMakeFiles/vtkCommonCore.dir/vtkDataArray.cxx.o
[ 28%] Building CXX object Common/Core/CMakeFiles/vtkCommonCore.dir/vtkDataArraySelection.cxx.o
[ 28%] Building CXX object Common/Core/CMakeFiles/vtkCommonCore.dir/vtkDataArrayCollection.cxx.o
[ 28%] Building CXX object Common/Core/CMakeFiles/vtkCommonCore.dir/vtkDebugLeaks.cxx.o
[ 28%] Building CXX object Common/Core/CMakeFiles/vtkCommonCore.dir/vtkDebugLeaksManager.cxx.o
[ 28%] Building CXX object Common/Core/CMakeFiles/vtkCommonCore.dir/vtkDataArrayCollectionIterator.cxx.o
[ 28%] Building CXX object Common/Core/CMakeFiles/vtkCommonCore.dir/vtkDoubleArray.cxx.o
[ 28%] Building CXX object Common/Core/CMakeFiles/vtkCommonCore.dir/vtkDynamicLoader.cxx.o
[ 28%] Building CXX object Common/Core/CMakeFiles/vtkCommonCore.dir/vtkEventForwarderCommand.cxx.o
[ 28%] Building CXX object Common/Core/CMakeFiles/vtkCommonCore.dir/vtkFileOutputWindow.cxx.o
[ 28%] Building CXX object Common/Core/CMakeFiles/vtkCommonCore.dir/vtkFloatArray.cxx.o
[ 28%] Building CXX object Common/Core/CMakeFiles/vtkCommonCore.dir/vtkFloatingPointExceptions.cxx.o
[ 28%] Building CXX object Common/Core/CMakeFiles/vtkCommonCore.dir/vtkGarbageCollector.cxx.o
[ 28%] Building CXX object Common/Core/CMakeFiles/vtkCommonCore.dir/vtkGaussianRandomSequence.cxx.o
[ 28%] Building CXX object Common/Core/CMakeFiles/vtkCommonCore.dir/vtkGarbageCollectorManager.cxx.o
[ 28%] Building CXX object Common/Core/CMakeFiles/vtkCommonCore.dir/vtkIdList.cxx.o
[ 28%] Building CXX object Common/Core/CMakeFiles/vtkCommonCore.dir/vtkIdListCollection.cxx.o
[ 28%] Building CXX object Common/Core/CMakeFiles/vtkCommonCore.dir/vtkIdTypeArray.cxx.o
[ 28%] Building CXX object Common/Core/CMakeFiles/vtkCommonCore.dir/vtkIndent.cxx.o
[ 28%] Building CXX object Common/Core/CMakeFiles/vtkCommonCore.dir/vtkInformation.cxx.o
[ 28%] Building CXX object Common/Core/CMakeFiles/vtkCommonCore.dir/vtkInformationDataObjectKey.cxx.o
[ 28%] Building CXX object Common/Core/CMakeFiles/vtkCommonCore.dir/vtkInformationDoubleKey.cxx.o
[ 28%] Building CXX object Common/Core/CMakeFiles/vtkCommonCore.dir/vtkInformationIdTypeKey.cxx.o
[ 28%] Building CXX object Common/Core/CMakeFiles/vtkCommonCore.dir/vtkInformationDoubleVectorKey.cxx.o
[ 28%] Building CXX object Common/Core/CMakeFiles/vtkCommonCore.dir/vtkInformationInformationKey.cxx.o
[ 28%] Building CXX object Common/Core/CMakeFiles/vtkCommonCore.dir/vtkInformationInformationVectorKey.cxx.o
[ 28%] Building CXX object Common/Core/CMakeFiles/vtkCommonCore.dir/vtkInformationIntegerKey.cxx.o
[ 28%] Building CXX object Common/Core/CMakeFiles/vtkCommonCore.dir/vtkInformationIntegerPointerKey.cxx.o
[ 28%] Building CXX object Common/Core/CMakeFiles/vtkCommonCore.dir/vtkInformationIterator.cxx.o
[ 28%] Building CXX object Common/Core/CMakeFiles/vtkCommonCore.dir/vtkInformationIntegerVectorKey.cxx.o
[ 29%] Building CXX object Common/Core/CMakeFiles/vtkCommonCore.dir/vtkInformationKey.cxx.o
[ 29%] Building CXX object Common/Core/CMakeFiles/vtkCommonCore.dir/vtkInformationKeyLookup.cxx.o
[ 29%] Building CXX object Common/Core/CMakeFiles/vtkCommonCore.dir/vtkInformationKeyVectorKey.cxx.o
[ 29%] Building CXX object Common/Core/CMakeFiles/vtkCommonCore.dir/vtkInformationObjectBaseKey.cxx.o
[ 29%] Building CXX object Common/Core/CMakeFiles/vtkCommonCore.dir/vtkInformationObjectBaseVectorKey.cxx.o
[ 29%] Building CXX object Common/Core/CMakeFiles/vtkCommonCore.dir/vtkInformationRequestKey.cxx.o
[ 29%] Building CXX object Common/Core/CMakeFiles/vtkCommonCore.dir/vtkInformationStringKey.cxx.o
[ 29%] Building CXX object Common/Core/CMakeFiles/vtkCommonCore.dir/vtkInformationStringVectorKey.cxx.o
[ 29%] Building CXX object Common/Core/CMakeFiles/vtkCommonCore.dir/vtkInformationUnsignedLongKey.cxx.o
[ 29%] Building CXX object Common/Core/CMakeFiles/vtkCommonCore.dir/vtkInformationVariantKey.cxx.o
[ 29%] Building CXX object Common/Core/CMakeFiles/vtkCommonCore.dir/vtkInformationVariantVectorKey.cxx.o
[ 29%] Building CXX object Common/Core/CMakeFiles/vtkCommonCore.dir/vtkInformationVector.cxx.o
[ 29%] Building CXX object Common/Core/CMakeFiles/vtkCommonCore.dir/vtkIntArray.cxx.o
[ 29%] Building CXX object Common/Core/CMakeFiles/vtkCommonCore.dir/vtkLongArray.cxx.o
[ 29%] Building CXX object Common/Core/CMakeFiles/vtkCommonCore.dir/vtkLargeInteger.cxx.o
[ 29%] Building CXX object Common/Core/CMakeFiles/vtkCommonCore.dir/vtkLongLongArray.cxx.o
[ 29%] Building CXX object Common/Core/CMakeFiles/vtkCommonCore.dir/vtkLookupTable.cxx.o
[ 29%] Building CXX object Common/Core/CMakeFiles/vtkCommonCore.dir/vtkMath.cxx.o
[ 29%] Building CXX object Common/Core/CMakeFiles/vtkCommonCore.dir/vtkMersenneTwister.cxx.o
[ 29%] Building CXX object Common/Core/CMakeFiles/vtkCommonCore.dir/vtkMinimalStandardRandomSequence.cxx.o
[ 29%] Building CXX object Common/Core/CMakeFiles/vtkCommonCore.dir/vtkMultiThreader.cxx.o
[ 29%] Building CXX object Common/Core/CMakeFiles/vtkCommonCore.dir/vtkMutexLock.cxx.o
[ 29%] Building CXX object Common/Core/CMakeFiles/vtkCommonCore.dir/vtkOStrStreamWrapper.cxx.o
[ 29%] Building CXX object Common/Core/CMakeFiles/vtkCommonCore.dir/vtkOStreamWrapper.cxx.o
[ 29%] Building CXX object Common/Core/CMakeFiles/vtkCommonCore.dir/vtkObject.cxx.o
[ 29%] Building CXX object Common/Core/CMakeFiles/vtkCommonCore.dir/vtkObjectBase.cxx.o
[ 29%] Building CXX object Common/Core/CMakeFiles/vtkCommonCore.dir/vtkObjectFactoryCollection.cxx.o
[ 29%] Building CXX object Common/Core/CMakeFiles/vtkCommonCore.dir/vtkObjectFactory.cxx.o
[ 29%] Building CXX object Common/Core/CMakeFiles/vtkCommonCore.dir/vtkOldStyleCallbackCommand.cxx.o
[ 29%] Building CXX object Common/Core/CMakeFiles/vtkCommonCore.dir/vtkOutputWindow.cxx.o
[ 29%] Building CXX object Common/Core/CMakeFiles/vtkCommonCore.dir/vtkOverrideInformation.cxx.o
[ 29%] Building CXX object Common/Core/CMakeFiles/vtkCommonCore.dir/vtkOverrideInformationCollection.cxx.o
[ 29%] Building CXX object Common/Core/CMakeFiles/vtkCommonCore.dir/vtkPoints.cxx.o
[ 29%] Building CXX object Common/Core/CMakeFiles/vtkCommonCore.dir/vtkPoints2D.cxx.o
[ 29%] Building CXX object Common/Core/CMakeFiles/vtkCommonCore.dir/vtkPriorityQueue.cxx.o
[ 29%] Building CXX object Common/Core/CMakeFiles/vtkCommonCore.dir/vtkRandomPool.cxx.o
[ 30%] Building CXX object Common/Core/CMakeFiles/vtkCommonCore.dir/vtkRandomSequence.cxx.o
[ 30%] Building CXX object Common/Core/CMakeFiles/vtkCommonCore.dir/vtkSOADataArrayTemplateInstantiate.cxx.o
[ 30%] Building CXX object Common/Core/CMakeFiles/vtkCommonCore.dir/vtkReferenceCount.cxx.o
[ 30%] Building CXX object Common/Core/CMakeFiles/vtkCommonCore.dir/vtkShortArray.cxx.o
[ 30%] Building CXX object Common/Core/CMakeFiles/vtkCommonCore.dir/vtkScalarsToColors.cxx.o
[ 30%] Building CXX object Common/Core/CMakeFiles/vtkCommonCore.dir/vtkSignedCharArray.cxx.o
[ 30%] Building CXX object Common/Core/CMakeFiles/vtkCommonCore.dir/vtkSimpleCriticalSection.cxx.o
[ 30%] Building CXX object Common/Core/CMakeFiles/vtkCommonCore.dir/vtkSmartPointerBase.cxx.o
[ 30%] Building CXX object Common/Core/CMakeFiles/vtkCommonCore.dir/vtkSortDataArray.cxx.o
[ 30%] Building CXX object Common/Core/CMakeFiles/vtkCommonCore.dir/vtkStdString.cxx.o
[ 30%] Building CXX object Common/Core/CMakeFiles/vtkCommonCore.dir/vtkStringArray.cxx.o
[ 30%] Building CXX object Common/Core/CMakeFiles/vtkCommonCore.dir/vtkStringOutputWindow.cxx.o
[ 30%] Building CXX object Common/Core/CMakeFiles/vtkCommonCore.dir/vtkTimePointUtility.cxx.o
[ 30%] Building CXX object Common/Core/CMakeFiles/vtkCommonCore.dir/vtkTimeStamp.cxx.o
[ 30%] Building CXX object Common/Core/CMakeFiles/vtkCommonCore.dir/vtkUnicodeString.cxx.o
[ 30%] Building CXX object Common/Core/CMakeFiles/vtkCommonCore.dir/vtkUnicodeStringArray.cxx.o
[ 30%] Building CXX object Common/Core/CMakeFiles/vtkCommonCore.dir/vtkUnsignedIntArray.cxx.o
[ 30%] Building CXX object Common/Core/CMakeFiles/vtkCommonCore.dir/vtkUnsignedLongArray.cxx.o
[ 30%] Building CXX object Common/Core/CMakeFiles/vtkCommonCore.dir/vtkUnsignedCharArray.cxx.o
[ 30%] Building CXX object Common/Core/CMakeFiles/vtkCommonCore.dir/vtkUnsignedLongLongArray.cxx.o
[ 30%] Building CXX object Common/Core/CMakeFiles/vtkCommonCore.dir/vtkUnsignedShortArray.cxx.o
[ 30%] Building CXX object Common/Core/CMakeFiles/vtkCommonCore.dir/vtkVariant.cxx.o
[ 30%] Building CXX object Common/Core/CMakeFiles/vtkCommonCore.dir/vtkVariantArray.cxx.o
[ 30%] Building CXX object Common/Core/CMakeFiles/vtkCommonCore.dir/vtkVersion.cxx.o
[ 30%] Building CXX object Common/Core/CMakeFiles/vtkCommonCore.dir/vtkVoidArray.cxx.o
[ 30%] Building CXX object Common/Core/CMakeFiles/vtkCommonCore.dir/vtkWeakPointerBase.cxx.o
[ 30%] Building CXX object Common/Core/CMakeFiles/vtkCommonCore.dir/vtkWeakReference.cxx.o
[ 30%] Building CXX object Common/Core/CMakeFiles/vtkCommonCore.dir/vtkWindow.cxx.o
[ 30%] Building CXX object Common/Core/CMakeFiles/vtkCommonCore.dir/vtkXMLFileOutputWindow.cxx.o
[ 30%] Building CXX object Common/Core/CMakeFiles/vtkCommonCore.dir/SMP/Sequential/vtkSMPTools.cxx.o
[ 30%] Building CXX object Common/Core/CMakeFiles/vtkCommonCore.dir/SMP/Sequential/vtkAtomic.cxx.o
[ 30%] Building CXX object Common/Core/CMakeFiles/vtkCommonCore.dir/vtkTypeInt8Array.cxx.o
[ 30%] Building CXX object Common/Core/CMakeFiles/vtkCommonCore.dir/vtkTypeInt16Array.cxx.o
[ 30%] Building CXX object Common/Core/CMakeFiles/vtkCommonCore.dir/vtkTypeInt32Array.cxx.o
[ 30%] Building CXX object Common/Core/CMakeFiles/vtkCommonCore.dir/vtkTypeInt64Array.cxx.o
[ 30%] Building CXX object Common/Core/CMakeFiles/vtkCommonCore.dir/vtkTypeUInt8Array.cxx.o
[ 31%] Building CXX object Common/Core/CMakeFiles/vtkCommonCore.dir/vtkTypeUInt16Array.cxx.o
[ 31%] Building CXX object Common/Core/CMakeFiles/vtkCommonCore.dir/vtkTypeUInt32Array.cxx.o
[ 31%] Building CXX object Common/Core/CMakeFiles/vtkCommonCore.dir/vtkTypeUInt64Array.cxx.o
[ 31%] Building CXX object Common/Core/CMakeFiles/vtkCommonCore.dir/vtkTypeFloat32Array.cxx.o
[ 31%] Building CXX object Common/Core/CMakeFiles/vtkCommonCore.dir/vtkTypeFloat64Array.cxx.o
/tmp/VTK-8.2.0/Common/Core/vtkMath.cxx: In static member function 'static double* vtkMath::RGBToHSV(const double*)':
/tmp/VTK-8.2.0/Common/Core/vtkMath.cxx:2538:27: warning: 'static double* vtkMath::RGBToHSV(double, double, double)' is deprecated [-Wdeprecated-declarations]
 2538 |   return vtkMath::RGBToHSV(rgb[0], rgb[1], rgb[2]);
      |          ~~~~~~~~~~~~~~~~~^~~~~~~~~~~~~~~~~~~~~~~~
In file included from /tmp/VTK-8.2.0/Common/Core/vtkObject.h:46,
                 from /tmp/VTK-8.2.0/Common/Core/vtkMath.h:43,
                 from /tmp/VTK-8.2.0/Common/Core/vtkMath.cxx:25:
/tmp/VTK-8.2.0/Common/Core/vtkMath.h:1009:29: note: declared here
 1009 |   VTK_LEGACY(static double* RGBToHSV(double r, double g, double b) VTK_SIZEHINT(3));
      |                             ^~~~~~~~
/tmp/VTK-8.2.0/Common/Core/vtkSetGet.h:880:30: note: in definition of macro 'VTK_LEGACY'
  880 | #  define VTK_LEGACY(method) method __attribute__((deprecated))
      |                              ^~~~~~
/tmp/VTK-8.2.0/Common/Core/vtkMath.cxx: In static member function 'static double* vtkMath::HSVToRGB(const double*)':
/tmp/VTK-8.2.0/Common/Core/vtkMath.cxx:2628:27: warning: 'static double* vtkMath::HSVToRGB(double, double, double)' is deprecated [-Wdeprecated-declarations]
 2628 |   return vtkMath::HSVToRGB(hsv[0], hsv[1], hsv[2]);
      |          ~~~~~~~~~~~~~~~~~^~~~~~~~~~~~~~~~~~~~~~~~
In file included from /tmp/VTK-8.2.0/Common/Core/vtkObject.h:46,
                 from /tmp/VTK-8.2.0/Common/Core/vtkMath.h:43,
                 from /tmp/VTK-8.2.0/Common/Core/vtkMath.cxx:25:
/tmp/VTK-8.2.0/Common/Core/vtkMath.h:1029:29: note: declared here
 1029 |   VTK_LEGACY(static double* HSVToRGB(double h, double s, double v) VTK_SIZEHINT(3));
      |                             ^~~~~~~~
/tmp/VTK-8.2.0/Common/Core/vtkSetGet.h:880:30: note: in definition of macro 'VTK_LEGACY'
  880 | #  define VTK_LEGACY(method) method __attribute__((deprecated))
      |                              ^~~~~~
[ 31%] Linking C shared library ../../../../lib/libvtkhdf5-8.2.so
[ 31%] Built target vtkhdf5_src
[ 31%] Building C object ThirdParty/hdf5/vtkhdf5/hl/src/CMakeFiles/vtkhdf5_hl_src.dir/H5DO.c.o
[ 31%] Building C object ThirdParty/hdf5/vtkhdf5/hl/src/CMakeFiles/vtkhdf5_hl_src.dir/H5DS.c.o
[ 31%] Building C object ThirdParty/hdf5/vtkhdf5/hl/src/CMakeFiles/vtkhdf5_hl_src.dir/H5IM.c.o
[ 31%] Building C object ThirdParty/hdf5/vtkhdf5/hl/src/CMakeFiles/vtkhdf5_hl_src.dir/H5LT.c.o
[ 31%] Building C object ThirdParty/hdf5/vtkhdf5/hl/src/CMakeFiles/vtkhdf5_hl_src.dir/H5LTanalyze.c.o
[ 31%] Building C object ThirdParty/hdf5/vtkhdf5/hl/src/CMakeFiles/vtkhdf5_hl_src.dir/H5LTparse.c.o
[ 31%] Building C object ThirdParty/hdf5/vtkhdf5/hl/src/CMakeFiles/vtkhdf5_hl_src.dir/H5TB.c.o
[ 31%] Building C object ThirdParty/hdf5/vtkhdf5/hl/src/CMakeFiles/vtkhdf5_hl_src.dir/H5PT.c.o
[ 31%] Building C object ThirdParty/hdf5/vtkhdf5/hl/src/CMakeFiles/vtkhdf5_hl_src.dir/H5LD.c.o
[ 31%] Linking C shared library ../../../../../lib/libvtkhdf5_hl-8.2.so
[ 31%] Built target vtkhdf5_hl_src
[ 31%] Building C object ThirdParty/netcdf/vtknetcdf/CMakeFiles/vtknetcdf.dir/libdispatch/datt.c.o
[ 31%] Building C object ThirdParty/netcdf/vtknetcdf/CMakeFiles/vtknetcdf.dir/libdispatch/dattget.c.o
[ 31%] Building C object ThirdParty/netcdf/vtknetcdf/CMakeFiles/vtknetcdf.dir/libdispatch/dattput.c.o
[ 31%] Building C object ThirdParty/netcdf/vtknetcdf/CMakeFiles/vtknetcdf.dir/libdispatch/dcopy.c.o
[ 32%] Building C object ThirdParty/netcdf/vtknetcdf/CMakeFiles/vtknetcdf.dir/libdispatch/dcompound.c.o
[ 32%] Building C object ThirdParty/netcdf/vtknetcdf/CMakeFiles/vtknetcdf.dir/libdispatch/dattinq.c.o
[ 32%] Building C object ThirdParty/netcdf/vtknetcdf/CMakeFiles/vtknetcdf.dir/libdispatch/ddim.c.o
[ 32%] Building C object ThirdParty/netcdf/vtknetcdf/CMakeFiles/vtknetcdf.dir/libdispatch/ddispatch.c.o
[ 32%] Building C object ThirdParty/netcdf/vtknetcdf/CMakeFiles/vtknetcdf.dir/libdispatch/denum.c.o
[ 32%] Building C object ThirdParty/netcdf/vtknetcdf/CMakeFiles/vtknetcdf.dir/libdispatch/derror.c.o
[ 32%] Building C object ThirdParty/netcdf/vtknetcdf/CMakeFiles/vtknetcdf.dir/libdispatch/dgroup.c.o
[ 32%] Building C object ThirdParty/netcdf/vtknetcdf/CMakeFiles/vtknetcdf.dir/libdispatch/dfile.c.o
[ 32%] Building C object ThirdParty/netcdf/vtknetcdf/CMakeFiles/vtknetcdf.dir/libdispatch/doffsets.c.o
[ 32%] Building C object ThirdParty/netcdf/vtknetcdf/CMakeFiles/vtknetcdf.dir/libdispatch/dinternal.c.o
[ 32%] Building C object ThirdParty/netcdf/vtknetcdf/CMakeFiles/vtknetcdf.dir/libdispatch/dopaque.c.o
[ 32%] Building C object ThirdParty/netcdf/vtknetcdf/CMakeFiles/vtknetcdf.dir/libdispatch/dparallel.c.o
[ 32%] Building C object ThirdParty/netcdf/vtknetcdf/CMakeFiles/vtknetcdf.dir/libdispatch/drc.c.o
[ 32%] Building C object ThirdParty/netcdf/vtknetcdf/CMakeFiles/vtknetcdf.dir/libdispatch/dtype.c.o
[ 32%] Building C object ThirdParty/netcdf/vtknetcdf/CMakeFiles/vtknetcdf.dir/libdispatch/dstring.c.o
[ 32%] Building C object ThirdParty/netcdf/vtknetcdf/CMakeFiles/vtknetcdf.dir/libdispatch/dutf8.c.o
[ 32%] Building C object ThirdParty/netcdf/vtknetcdf/CMakeFiles/vtknetcdf.dir/libdispatch/dvar.c.o
[ 32%] Building C object ThirdParty/netcdf/vtknetcdf/CMakeFiles/vtknetcdf.dir/libdispatch/dvarget.c.o
[ 32%] Building C object ThirdParty/netcdf/vtknetcdf/CMakeFiles/vtknetcdf.dir/libdispatch/dvarinq.c.o
[ 32%] Building C object ThirdParty/netcdf/vtknetcdf/CMakeFiles/vtknetcdf.dir/libdispatch/dvarput.c.o
[ 32%] Building C object ThirdParty/netcdf/vtknetcdf/CMakeFiles/vtknetcdf.dir/libdispatch/dvlen.c.o
[ 32%] Building C object ThirdParty/netcdf/vtknetcdf/CMakeFiles/vtknetcdf.dir/libdispatch/nc.c.o
[ 32%] Building C object ThirdParty/netcdf/vtknetcdf/CMakeFiles/vtknetcdf.dir/libdispatch/dwinpath.c.o
[ 32%] Building C object ThirdParty/netcdf/vtknetcdf/CMakeFiles/vtknetcdf.dir/libdispatch/ncaux.c.o
[ 32%] Building C object ThirdParty/netcdf/vtknetcdf/CMakeFiles/vtknetcdf.dir/libdispatch/ncbytes.c.o
[ 32%] Building C object ThirdParty/netcdf/vtknetcdf/CMakeFiles/vtknetcdf.dir/libdispatch/nchashmap.c.o
[ 32%] Building C object ThirdParty/netcdf/vtknetcdf/CMakeFiles/vtknetcdf.dir/libdispatch/nclist.c.o
[ 32%] Building C object ThirdParty/netcdf/vtknetcdf/CMakeFiles/vtknetcdf.dir/libdispatch/nclistmgr.c.o
[ 32%] Building C object ThirdParty/netcdf/vtknetcdf/CMakeFiles/vtknetcdf.dir/libdispatch/nctime.c.o
[ 32%] Building C object ThirdParty/netcdf/vtknetcdf/CMakeFiles/vtknetcdf.dir/libdispatch/nclog.c.o
[ 32%] Building C object ThirdParty/netcdf/vtknetcdf/CMakeFiles/vtknetcdf.dir/libdispatch/ncuri.c.o
[ 32%] Building C object ThirdParty/netcdf/vtknetcdf/CMakeFiles/vtknetcdf.dir/libdispatch/utf8proc.c.o
[ 32%] Building C object ThirdParty/netcdf/vtknetcdf/CMakeFiles/vtknetcdf.dir/libsrc/attr.c.o
[ 32%] Building C object ThirdParty/netcdf/vtknetcdf/CMakeFiles/vtknetcdf.dir/liblib/nc_initialize.c.o
[ 32%] Building C object ThirdParty/netcdf/vtknetcdf/CMakeFiles/vtknetcdf.dir/libsrc/dim.c.o
[ 32%] Building C object ThirdParty/netcdf/vtknetcdf/CMakeFiles/vtknetcdf.dir/libsrc/lookup3.c.o
[ 33%] Building C object ThirdParty/netcdf/vtknetcdf/CMakeFiles/vtknetcdf.dir/libsrc/memio.c.o
[ 33%] Building C object ThirdParty/netcdf/vtknetcdf/CMakeFiles/vtknetcdf.dir/libsrc/nc3dispatch.c.o
[ 33%] Building C object ThirdParty/netcdf/vtknetcdf/CMakeFiles/vtknetcdf.dir/libsrc/nc3internal.c.o
[ 33%] Building C object ThirdParty/netcdf/vtknetcdf/CMakeFiles/vtknetcdf.dir/libsrc/nc_hashmap.c.o
[ 33%] Building C object ThirdParty/netcdf/vtknetcdf/CMakeFiles/vtknetcdf.dir/libsrc/ncio.c.o
[ 33%] Building C object ThirdParty/netcdf/vtknetcdf/CMakeFiles/vtknetcdf.dir/libsrc/ncx.c.o
[ 33%] Building C object ThirdParty/netcdf/vtknetcdf/CMakeFiles/vtknetcdf.dir/libsrc/posixio.c.o
[ 33%] Building C object ThirdParty/netcdf/vtknetcdf/CMakeFiles/vtknetcdf.dir/libsrc/putget.c.o
[ 33%] Building C object ThirdParty/netcdf/vtknetcdf/CMakeFiles/vtknetcdf.dir/libsrc/v1hpg.c.o
[ 33%] Building C object ThirdParty/netcdf/vtknetcdf/CMakeFiles/vtknetcdf.dir/libsrc/var.c.o
[ 33%] Building C object ThirdParty/netcdf/vtknetcdf/CMakeFiles/vtknetcdf.dir/libsrc4/error4.c.o
[ 33%] Building C object ThirdParty/netcdf/vtknetcdf/CMakeFiles/vtknetcdf.dir/libsrc4/nc4attr.c.o
[ 33%] Building C object ThirdParty/netcdf/vtknetcdf/CMakeFiles/vtknetcdf.dir/libsrc4/nc4dim.c.o
[ 33%] Building C object ThirdParty/netcdf/vtknetcdf/CMakeFiles/vtknetcdf.dir/libsrc4/nc4dispatch.c.o
[ 33%] Building C object ThirdParty/netcdf/vtknetcdf/CMakeFiles/vtknetcdf.dir/libsrc4/nc4file.c.o
[ 33%] Building C object ThirdParty/netcdf/vtknetcdf/CMakeFiles/vtknetcdf.dir/libsrc4/nc4grp.c.o
[ 33%] Building C object ThirdParty/netcdf/vtknetcdf/CMakeFiles/vtknetcdf.dir/libsrc4/nc4hdf.c.o
[ 33%] Building C object ThirdParty/netcdf/vtknetcdf/CMakeFiles/vtknetcdf.dir/libsrc4/nc4info.c.o
[ 33%] Building C object ThirdParty/netcdf/vtknetcdf/CMakeFiles/vtknetcdf.dir/libsrc4/nc4internal.c.o
[ 33%] Building C object ThirdParty/netcdf/vtknetcdf/CMakeFiles/vtknetcdf.dir/libsrc4/nc4printer.c.o
[ 33%] Building C object ThirdParty/netcdf/vtknetcdf/CMakeFiles/vtknetcdf.dir/libsrc4/nc4type.c.o
[ 33%] Building C object ThirdParty/netcdf/vtknetcdf/CMakeFiles/vtknetcdf.dir/libsrc4/nc4var.c.o
[ 33%] Building C object ThirdParty/netcdf/vtknetcdf/CMakeFiles/vtknetcdf.dir/libsrc4/ncfunc.c.o
[ 33%] Linking C shared library ../../../lib/libvtkNetCDF-8.2.so
[ 33%] Built target vtknetcdf
[ 33%] Building C object ThirdParty/exodusII/vtkexodusII/CMakeFiles/vtkexodusII.dir/src/deprecated/ex_get_concat_node_sets.c.o
[ 33%] Building C object ThirdParty/exodusII/vtkexodusII/CMakeFiles/vtkexodusII.dir/src/deprecated/ex_get_elem_attr.c.o
[ 33%] Building C object ThirdParty/exodusII/vtkexodusII/CMakeFiles/vtkexodusII.dir/src/deprecated/ex_get_concat_side_sets.c.o
[ 33%] Building C object ThirdParty/exodusII/vtkexodusII/CMakeFiles/vtkexodusII.dir/src/deprecated/ex_get_elem_attr_names.c.o
[ 33%] Building C object ThirdParty/exodusII/vtkexodusII/CMakeFiles/vtkexodusII.dir/src/deprecated/ex_get_elem_block.c.o
[ 33%] Building C object ThirdParty/exodusII/vtkexodusII/CMakeFiles/vtkexodusII.dir/src/deprecated/ex_get_elem_blk_ids.c.o
[ 33%] Building C object ThirdParty/exodusII/vtkexodusII/CMakeFiles/vtkexodusII.dir/src/deprecated/ex_get_elem_conn.c.o
[ 33%] Building C object ThirdParty/exodusII/vtkexodusII/CMakeFiles/vtkexodusII.dir/src/deprecated/ex_get_elem_map.c.o
[ 33%] Building C object ThirdParty/exodusII/vtkexodusII/CMakeFiles/vtkexodusII.dir/src/deprecated/ex_get_elem_var_tab.c.o
[ 33%] Building C object ThirdParty/exodusII/vtkexodusII/CMakeFiles/vtkexodusII.dir/src/deprecated/ex_get_elem_num_map.c.o
[ 33%] Building C object ThirdParty/exodusII/vtkexodusII/CMakeFiles/vtkexodusII.dir/src/deprecated/ex_get_elem_var.c.o
[ 33%] Building C object ThirdParty/exodusII/vtkexodusII/CMakeFiles/vtkexodusII.dir/src/deprecated/ex_get_elem_var_time.c.o
[ 33%] Building C object ThirdParty/exodusII/vtkexodusII/CMakeFiles/vtkexodusII.dir/src/deprecated/ex_get_glob_var_time.c.o
[ 33%] Building C object ThirdParty/exodusII/vtkexodusII/CMakeFiles/vtkexodusII.dir/src/deprecated/ex_get_n_attr.c.o
[ 33%] Building C object ThirdParty/exodusII/vtkexodusII/CMakeFiles/vtkexodusII.dir/src/deprecated/ex_get_glob_vars.c.o
[ 33%] Building C object ThirdParty/exodusII/vtkexodusII/CMakeFiles/vtkexodusII.dir/src/deprecated/ex_get_n_conn.c.o
[ 33%] Building C object ThirdParty/exodusII/vtkexodusII/CMakeFiles/vtkexodusII.dir/src/deprecated/ex_get_n_coord.c.o
[ 33%] Building C object ThirdParty/exodusII/vtkexodusII/CMakeFiles/vtkexodusII.dir/src/deprecated/ex_get_n_elem_attr.c.o
[ 33%] Building C object ThirdParty/exodusII/vtkexodusII/CMakeFiles/vtkexodusII.dir/src/deprecated/ex_get_n_elem_conn.c.o
[ 33%] Building C object ThirdParty/exodusII/vtkexodusII/CMakeFiles/vtkexodusII.dir/src/deprecated/ex_get_n_elem_num_map.c.o
[ 33%] Building C object ThirdParty/exodusII/vtkexodusII/CMakeFiles/vtkexodusII.dir/src/deprecated/ex_get_n_elem_var.c.o
[ 33%] Building C object ThirdParty/exodusII/vtkexodusII/CMakeFiles/vtkexodusII.dir/src/deprecated/ex_get_n_nodal_var.c.o
[ 33%] Building C object ThirdParty/exodusII/vtkexodusII/CMakeFiles/vtkexodusII.dir/src/deprecated/ex_get_n_node_num_map.c.o
[ 33%] Building C object ThirdParty/exodusII/vtkexodusII/CMakeFiles/vtkexodusII.dir/src/deprecated/ex_get_n_node_set.c.o
[ 33%] Building C object ThirdParty/exodusII/vtkexodusII/CMakeFiles/vtkexodusII.dir/src/deprecated/ex_get_n_node_set_df.c.o
[ 33%] Building C object ThirdParty/exodusII/vtkexodusII/CMakeFiles/vtkexodusII.dir/src/deprecated/ex_get_n_one_attr.c.o
[ 33%] Building C object ThirdParty/exodusII/vtkexodusII/CMakeFiles/vtkexodusII.dir/src/deprecated/ex_get_n_side_set.c.o
[ 33%] Building C object ThirdParty/exodusII/vtkexodusII/CMakeFiles/vtkexodusII.dir/src/deprecated/ex_get_n_side_set_df.c.o
[ 33%] Building C object ThirdParty/exodusII/vtkexodusII/CMakeFiles/vtkexodusII.dir/src/deprecated/ex_get_n_var.c.o
[ 33%] Building C object ThirdParty/exodusII/vtkexodusII/CMakeFiles/vtkexodusII.dir/src/deprecated/ex_get_nodal_var.c.o
[ 33%] Building C object ThirdParty/exodusII/vtkexodusII/CMakeFiles/vtkexodusII.dir/src/deprecated/ex_get_nodal_var_time.c.o
[ 33%] Building C object ThirdParty/exodusII/vtkexodusII/CMakeFiles/vtkexodusII.dir/src/deprecated/ex_get_node_map.c.o
[ 33%] Building C object ThirdParty/exodusII/vtkexodusII/CMakeFiles/vtkexodusII.dir/src/deprecated/ex_get_node_num_map.c.o
[ 33%] Building C object ThirdParty/exodusII/vtkexodusII/CMakeFiles/vtkexodusII.dir/src/deprecated/ex_get_node_set.c.o
[ 33%] Building C object ThirdParty/exodusII/vtkexodusII/CMakeFiles/vtkexodusII.dir/src/deprecated/ex_get_node_set_dist_fact.c.o
[ 34%] Building C object ThirdParty/exodusII/vtkexodusII/CMakeFiles/vtkexodusII.dir/src/deprecated/ex_get_node_set_ids.c.o
[ 34%] Building C object ThirdParty/exodusII/vtkexodusII/CMakeFiles/vtkexodusII.dir/src/deprecated/ex_get_node_set_param.c.o
[ 34%] Building C object ThirdParty/exodusII/vtkexodusII/CMakeFiles/vtkexodusII.dir/src/deprecated/ex_get_nset_var_tab.c.o
[ 34%] Building C object ThirdParty/exodusII/vtkexodusII/CMakeFiles/vtkexodusII.dir/src/deprecated/ex_get_one_elem_attr.c.o
[ 34%] Building C object ThirdParty/exodusII/vtkexodusII/CMakeFiles/vtkexodusII.dir/src/deprecated/ex_get_partial_elem_attr.c.o
[ 34%] Building C object ThirdParty/exodusII/vtkexodusII/CMakeFiles/vtkexodusII.dir/src/deprecated/ex_get_partial_elem_map.c.o
[ 34%] Building C object ThirdParty/exodusII/vtkexodusII/CMakeFiles/vtkexodusII.dir/src/deprecated/ex_get_partial_elem_conn.c.o
[ 34%] Building C object ThirdParty/exodusII/vtkexodusII/CMakeFiles/vtkexodusII.dir/src/deprecated/ex_get_nset_var.c.o
[ 34%] Building C object ThirdParty/exodusII/vtkexodusII/CMakeFiles/vtkexodusII.dir/src/deprecated/ex_get_partial_elem_num_map.c.o
[ 34%] Building C object ThirdParty/exodusII/vtkexodusII/CMakeFiles/vtkexodusII.dir/src/deprecated/ex_get_partial_elem_var.c.o
[ 34%] Building C object ThirdParty/exodusII/vtkexodusII/CMakeFiles/vtkexodusII.dir/src/deprecated/ex_get_partial_nodal_var.c.o
[ 34%] Building C object ThirdParty/exodusII/vtkexodusII/CMakeFiles/vtkexodusII.dir/src/deprecated/ex_get_partial_node_num_map.c.o
[ 34%] Building C object ThirdParty/exodusII/vtkexodusII/CMakeFiles/vtkexodusII.dir/src/deprecated/ex_get_partial_node_set.c.o
[ 34%] Building C object ThirdParty/exodusII/vtkexodusII/CMakeFiles/vtkexodusII.dir/src/deprecated/ex_get_partial_node_set_df.c.o
[ 34%] Building C object ThirdParty/exodusII/vtkexodusII/CMakeFiles/vtkexodusII.dir/src/deprecated/ex_get_partial_side_set.c.o
[ 34%] Building C object ThirdParty/exodusII/vtkexodusII/CMakeFiles/vtkexodusII.dir/src/deprecated/ex_get_partial_side_set_df.c.o
[ 34%] Building C object ThirdParty/exodusII/vtkexodusII/CMakeFiles/vtkexodusII.dir/src/deprecated/ex_get_side_set.c.o
[ 34%] Building C object ThirdParty/exodusII/vtkexodusII/CMakeFiles/vtkexodusII.dir/src/deprecated/ex_get_side_set_dist_fact.c.o
[ 34%] Building C object ThirdParty/exodusII/vtkexodusII/CMakeFiles/vtkexodusII.dir/src/deprecated/ex_get_side_set_ids.c.o
[ 34%] Building C object ThirdParty/exodusII/vtkexodusII/CMakeFiles/vtkexodusII.dir/src/deprecated/ex_get_side_set_param.c.o
[ 34%] Building C object ThirdParty/exodusII/vtkexodusII/CMakeFiles/vtkexodusII.dir/src/deprecated/ex_get_sset_var.c.o
[ 34%] Building C object ThirdParty/exodusII/vtkexodusII/CMakeFiles/vtkexodusII.dir/src/deprecated/ex_get_var_name.c.o
[ 34%] Building C object ThirdParty/exodusII/vtkexodusII/CMakeFiles/vtkexodusII.dir/src/deprecated/ex_get_var_names.c.o
[ 34%] Building C object ThirdParty/exodusII/vtkexodusII/CMakeFiles/vtkexodusII.dir/src/deprecated/ex_get_var_param.c.o
[ 34%] Building C object ThirdParty/exodusII/vtkexodusII/CMakeFiles/vtkexodusII.dir/src/deprecated/ex_get_sset_var_tab.c.o
[ 34%] Building C object ThirdParty/exodusII/vtkexodusII/CMakeFiles/vtkexodusII.dir/src/deprecated/ex_get_var_tab.c.o
[ 34%] Building C object ThirdParty/exodusII/vtkexodusII/CMakeFiles/vtkexodusII.dir/src/deprecated/ex_put_concat_node_sets.c.o
[ 34%] Building C object ThirdParty/exodusII/vtkexodusII/CMakeFiles/vtkexodusII.dir/src/deprecated/ex_put_concat_side_sets.c.o
[ 34%] Building C object ThirdParty/exodusII/vtkexodusII/CMakeFiles/vtkexodusII.dir/src/deprecated/ex_put_concat_var_param.c.o
[ 34%] Building C object ThirdParty/exodusII/vtkexodusII/CMakeFiles/vtkexodusII.dir/src/deprecated/ex_put_elem_attr.c.o
[ 34%] Building C object ThirdParty/exodusII/vtkexodusII/CMakeFiles/vtkexodusII.dir/src/deprecated/ex_put_elem_attr_names.c.o
[ 34%] Building C object ThirdParty/exodusII/vtkexodusII/CMakeFiles/vtkexodusII.dir/src/deprecated/ex_put_elem_block.c.o
[ 34%] Building C object ThirdParty/exodusII/vtkexodusII/CMakeFiles/vtkexodusII.dir/src/deprecated/ex_put_elem_conn.c.o
[ 34%] Building C object ThirdParty/exodusII/vtkexodusII/CMakeFiles/vtkexodusII.dir/src/deprecated/ex_put_elem_map.c.o
[ 34%] Building C object ThirdParty/exodusII/vtkexodusII/CMakeFiles/vtkexodusII.dir/src/deprecated/ex_put_elem_num_map.c.o
[ 34%] Building C object ThirdParty/exodusII/vtkexodusII/CMakeFiles/vtkexodusII.dir/src/deprecated/ex_put_elem_var.c.o
[ 35%] Building C object ThirdParty/exodusII/vtkexodusII/CMakeFiles/vtkexodusII.dir/src/deprecated/ex_put_elem_var_slab.c.o
[ 35%] Building C object ThirdParty/exodusII/vtkexodusII/CMakeFiles/vtkexodusII.dir/src/deprecated/ex_put_elem_var_tab.c.o
[ 35%] Building C object ThirdParty/exodusII/vtkexodusII/CMakeFiles/vtkexodusII.dir/src/deprecated/ex_put_glob_vars.c.o
[ 35%] Building C object ThirdParty/exodusII/vtkexodusII/CMakeFiles/vtkexodusII.dir/src/deprecated/ex_put_n_attr.c.o
[ 35%] Building C object ThirdParty/exodusII/vtkexodusII/CMakeFiles/vtkexodusII.dir/src/deprecated/ex_put_n_coord.c.o
[ 35%] Building C object ThirdParty/exodusII/vtkexodusII/CMakeFiles/vtkexodusII.dir/src/deprecated/ex_put_n_elem_attr.c.o
[ 35%] Building C object ThirdParty/exodusII/vtkexodusII/CMakeFiles/vtkexodusII.dir/src/deprecated/ex_put_n_elem_conn.c.o
[ 35%] Building C object ThirdParty/exodusII/vtkexodusII/CMakeFiles/vtkexodusII.dir/src/deprecated/ex_put_n_elem_num_map.c.o
[ 35%] Building C object ThirdParty/exodusII/vtkexodusII/CMakeFiles/vtkexodusII.dir/src/deprecated/ex_put_n_nodal_var.c.o
[ 35%] Building C object ThirdParty/exodusII/vtkexodusII/CMakeFiles/vtkexodusII.dir/src/deprecated/ex_put_n_node_num_map.c.o
[ 35%] Building C object ThirdParty/exodusII/vtkexodusII/CMakeFiles/vtkexodusII.dir/src/deprecated/ex_put_n_node_set.c.o
[ 35%] Building C object ThirdParty/exodusII/vtkexodusII/CMakeFiles/vtkexodusII.dir/src/deprecated/ex_put_n_node_set_df.c.o
[ 35%] Building C object ThirdParty/exodusII/vtkexodusII/CMakeFiles/vtkexodusII.dir/src/deprecated/ex_put_n_one_attr.c.o
[ 35%] Building C object ThirdParty/exodusII/vtkexodusII/CMakeFiles/vtkexodusII.dir/src/deprecated/ex_put_n_side_set.c.o
[ 35%] Building C object ThirdParty/exodusII/vtkexodusII/CMakeFiles/vtkexodusII.dir/src/deprecated/ex_put_n_side_set_df.c.o
[ 35%] Building C object ThirdParty/exodusII/vtkexodusII/CMakeFiles/vtkexodusII.dir/src/deprecated/ex_put_n_var.c.o
[ 35%] Building C object ThirdParty/exodusII/vtkexodusII/CMakeFiles/vtkexodusII.dir/src/deprecated/ex_put_nodal_var_slab.c.o
[ 35%] Building C object ThirdParty/exodusII/vtkexodusII/CMakeFiles/vtkexodusII.dir/src/deprecated/ex_put_node_map.c.o
[ 35%] Building C object ThirdParty/exodusII/vtkexodusII/CMakeFiles/vtkexodusII.dir/src/deprecated/ex_put_node_num_map.c.o
[ 35%] Building C object ThirdParty/exodusII/vtkexodusII/CMakeFiles/vtkexodusII.dir/src/deprecated/ex_put_node_set.c.o
[ 35%] Building C object ThirdParty/exodusII/vtkexodusII/CMakeFiles/vtkexodusII.dir/src/deprecated/ex_put_node_set_dist_fact.c.o
[ 35%] Building C object ThirdParty/exodusII/vtkexodusII/CMakeFiles/vtkexodusII.dir/src/deprecated/ex_put_node_set_param.c.o
[ 35%] Building C object ThirdParty/exodusII/vtkexodusII/CMakeFiles/vtkexodusII.dir/src/deprecated/ex_put_nset_var.c.o
[ 35%] Building C object ThirdParty/exodusII/vtkexodusII/CMakeFiles/vtkexodusII.dir/src/deprecated/ex_put_nset_var_tab.c.o
[ 35%] Building C object ThirdParty/exodusII/vtkexodusII/CMakeFiles/vtkexodusII.dir/src/deprecated/ex_put_one_elem_attr.c.o
[ 35%] Building C object ThirdParty/exodusII/vtkexodusII/CMakeFiles/vtkexodusII.dir/src/deprecated/ex_put_partial_elem_attr.c.o
[ 35%] Building C object ThirdParty/exodusII/vtkexodusII/CMakeFiles/vtkexodusII.dir/src/deprecated/ex_put_partial_elem_conn.c.o
[ 35%] Building C object ThirdParty/exodusII/vtkexodusII/CMakeFiles/vtkexodusII.dir/src/deprecated/ex_put_partial_elem_map.c.o
[ 35%] Building C object ThirdParty/exodusII/vtkexodusII/CMakeFiles/vtkexodusII.dir/src/deprecated/ex_put_partial_elem_num_map.c.o
[ 35%] Building C object ThirdParty/exodusII/vtkexodusII/CMakeFiles/vtkexodusII.dir/src/deprecated/ex_put_partial_nodal_var.c.o
[ 35%] Building C object ThirdParty/exodusII/vtkexodusII/CMakeFiles/vtkexodusII.dir/src/deprecated/ex_put_partial_node_num_map.c.o
[ 35%] Building C object ThirdParty/exodusII/vtkexodusII/CMakeFiles/vtkexodusII.dir/src/deprecated/ex_put_partial_node_set.c.o
[ 35%] Building C object ThirdParty/exodusII/vtkexodusII/CMakeFiles/vtkexodusII.dir/src/deprecated/ex_put_partial_node_set_df.c.o
[ 35%] Building C object ThirdParty/exodusII/vtkexodusII/CMakeFiles/vtkexodusII.dir/src/deprecated/ex_put_partial_side_set.c.o
[ 35%] Building C object ThirdParty/exodusII/vtkexodusII/CMakeFiles/vtkexodusII.dir/src/deprecated/ex_put_partial_side_set_df.c.o
[ 35%] Building C object ThirdParty/exodusII/vtkexodusII/CMakeFiles/vtkexodusII.dir/src/deprecated/ex_put_side_set.c.o
[ 36%] Building C object ThirdParty/exodusII/vtkexodusII/CMakeFiles/vtkexodusII.dir/src/deprecated/ex_put_side_set_dist_fact.c.o
[ 36%] Building C object ThirdParty/exodusII/vtkexodusII/CMakeFiles/vtkexodusII.dir/src/deprecated/ex_put_side_set_param.c.o
[ 36%] Building C object ThirdParty/exodusII/vtkexodusII/CMakeFiles/vtkexodusII.dir/src/deprecated/ex_put_sset_var.c.o
[ 36%] Building C object ThirdParty/exodusII/vtkexodusII/CMakeFiles/vtkexodusII.dir/src/deprecated/ex_put_sset_var_tab.c.o
[ 36%] Building C object ThirdParty/exodusII/vtkexodusII/CMakeFiles/vtkexodusII.dir/src/deprecated/ex_put_var_name.c.o
[ 36%] Building C object ThirdParty/exodusII/vtkexodusII/CMakeFiles/vtkexodusII.dir/src/deprecated/ex_put_var_names.c.o
[ 36%] Building C object ThirdParty/exodusII/vtkexodusII/CMakeFiles/vtkexodusII.dir/src/deprecated/ex_put_var_param.c.o
[ 36%] Building C object ThirdParty/exodusII/vtkexodusII/CMakeFiles/vtkexodusII.dir/src/deprecated/ex_put_var_tab.c.o
[ 36%] Building C object ThirdParty/exodusII/vtkexodusII/CMakeFiles/vtkexodusII.dir/src/ex_add_attr.c.o
[ 36%] Building C object ThirdParty/exodusII/vtkexodusII/CMakeFiles/vtkexodusII.dir/src/ex_close.c.o
[ 36%] Building C object ThirdParty/exodusII/vtkexodusII/CMakeFiles/vtkexodusII.dir/src/ex_conv.c.o
[ 36%] Building C object ThirdParty/exodusII/vtkexodusII/CMakeFiles/vtkexodusII.dir/src/ex_copy.c.o
[ 36%] Building C object ThirdParty/exodusII/vtkexodusII/CMakeFiles/vtkexodusII.dir/src/ex_create.c.o
[ 36%] Building C object ThirdParty/exodusII/vtkexodusII/CMakeFiles/vtkexodusII.dir/src/ex_create_group.c.o
[ 36%] Building C object ThirdParty/exodusII/vtkexodusII/CMakeFiles/vtkexodusII.dir/src/ex_create_par.c.o
[ 36%] Building C object ThirdParty/exodusII/vtkexodusII/CMakeFiles/vtkexodusII.dir/src/ex_cvt_nodes_to_sides.c.o
[ 36%] Building C object ThirdParty/exodusII/vtkexodusII/CMakeFiles/vtkexodusII.dir/src/ex_err.c.o
[ 36%] Building C object ThirdParty/exodusII/vtkexodusII/CMakeFiles/vtkexodusII.dir/src/ex_get_all_times.c.o
[ 36%] Building C object ThirdParty/exodusII/vtkexodusII/CMakeFiles/vtkexodusII.dir/src/ex_get_attr.c.o
[ 36%] Building C object ThirdParty/exodusII/vtkexodusII/CMakeFiles/vtkexodusII.dir/src/ex_get_attr_names.c.o
[ 36%] Building C object ThirdParty/exodusII/vtkexodusII/CMakeFiles/vtkexodusII.dir/src/ex_get_attr_param.c.o
[ 36%] Building C object ThirdParty/exodusII/vtkexodusII/CMakeFiles/vtkexodusII.dir/src/ex_get_block.c.o
[ 36%] Building C object ThirdParty/exodusII/vtkexodusII/CMakeFiles/vtkexodusII.dir/src/ex_get_block_param.c.o
[ 36%] Building C object ThirdParty/exodusII/vtkexodusII/CMakeFiles/vtkexodusII.dir/src/ex_get_block_params.c.o
[ 36%] Building C object ThirdParty/exodusII/vtkexodusII/CMakeFiles/vtkexodusII.dir/src/ex_get_cmap_params.c.o
[ 36%] Building C object ThirdParty/exodusII/vtkexodusII/CMakeFiles/vtkexodusII.dir/src/ex_get_concat_sets.c.o
[ 36%] Building C object ThirdParty/exodusII/vtkexodusII/CMakeFiles/vtkexodusII.dir/src/ex_get_concat_side_set_node_count.c.o
[ 36%] Building C object ThirdParty/exodusII/vtkexodusII/CMakeFiles/vtkexodusII.dir/src/ex_get_conn.c.o
[ 36%] Building C object ThirdParty/exodusII/vtkexodusII/CMakeFiles/vtkexodusII.dir/src/ex_get_coord.c.o
[ 36%] Building C object ThirdParty/exodusII/vtkexodusII/CMakeFiles/vtkexodusII.dir/src/ex_get_coord_names.c.o
[ 36%] Building C object ThirdParty/exodusII/vtkexodusII/CMakeFiles/vtkexodusII.dir/src/ex_get_coordinate_frames.c.o
[ 36%] Building C object ThirdParty/exodusII/vtkexodusII/CMakeFiles/vtkexodusII.dir/src/ex_get_eb_info_global.c.o
[ 36%] Building C object ThirdParty/exodusII/vtkexodusII/CMakeFiles/vtkexodusII.dir/src/ex_get_elem_cmap.c.o
[ 36%] Building C object ThirdParty/exodusII/vtkexodusII/CMakeFiles/vtkexodusII.dir/src/ex_get_elem_type.c.o
[ 36%] Building C object ThirdParty/exodusII/vtkexodusII/CMakeFiles/vtkexodusII.dir/src/ex_get_entity_count_per_polyhedra.c.o
[ 36%] Building C object ThirdParty/exodusII/vtkexodusII/CMakeFiles/vtkexodusII.dir/src/ex_get_glob_var_time_int.c.o
[ 37%] Building C object ThirdParty/exodusII/vtkexodusII/CMakeFiles/vtkexodusII.dir/src/ex_get_glob_vars_int.c.o
[ 37%] Building C object ThirdParty/exodusII/vtkexodusII/CMakeFiles/vtkexodusII.dir/src/ex_get_group_id.c.o
[ 37%] Building C object ThirdParty/exodusII/vtkexodusII/CMakeFiles/vtkexodusII.dir/src/ex_get_group_ids.c.o
[ 37%] Building C object ThirdParty/exodusII/vtkexodusII/CMakeFiles/vtkexodusII.dir/src/ex_get_id_map.c.o
[ 37%] Building C object ThirdParty/exodusII/vtkexodusII/CMakeFiles/vtkexodusII.dir/src/ex_get_ids.c.o
[ 37%] Building C object ThirdParty/exodusII/vtkexodusII/CMakeFiles/vtkexodusII.dir/src/ex_get_info.c.o
[ 37%] Building C object ThirdParty/exodusII/vtkexodusII/CMakeFiles/vtkexodusII.dir/src/ex_get_init.c.o
[ 37%] Building C object ThirdParty/exodusII/vtkexodusII/CMakeFiles/vtkexodusII.dir/src/ex_get_init_ext.c.o
[ 37%] Building C object ThirdParty/exodusII/vtkexodusII/CMakeFiles/vtkexodusII.dir/src/ex_get_init_global.c.o
[ 37%] Building C object ThirdParty/exodusII/vtkexodusII/CMakeFiles/vtkexodusII.dir/src/ex_get_init_info.c.o
[ 37%] Building C object ThirdParty/exodusII/vtkexodusII/CMakeFiles/vtkexodusII.dir/src/ex_get_loadbal_param.c.o
[ 37%] Building C object ThirdParty/exodusII/vtkexodusII/CMakeFiles/vtkexodusII.dir/src/ex_get_map.c.o
[ 37%] Building C object ThirdParty/exodusII/vtkexodusII/CMakeFiles/vtkexodusII.dir/src/ex_get_map_param.c.o
[ 37%] Building C object ThirdParty/exodusII/vtkexodusII/CMakeFiles/vtkexodusII.dir/src/ex_get_name.c.o
[ 37%] Building C object ThirdParty/exodusII/vtkexodusII/CMakeFiles/vtkexodusII.dir/src/ex_get_names.c.o
[ 37%] Building C object ThirdParty/exodusII/vtkexodusII/CMakeFiles/vtkexodusII.dir/src/ex_get_nodal_var_int.c.o
[ 37%] Building C object ThirdParty/exodusII/vtkexodusII/CMakeFiles/vtkexodusII.dir/src/ex_get_nodal_var_time_int.c.o
[ 37%] Building C object ThirdParty/exodusII/vtkexodusII/CMakeFiles/vtkexodusII.dir/src/ex_get_node_cmap.c.o
[ 37%] Building C object ThirdParty/exodusII/vtkexodusII/CMakeFiles/vtkexodusII.dir/src/ex_get_ns_param_global.c.o
[ 37%] Building C object ThirdParty/exodusII/vtkexodusII/CMakeFiles/vtkexodusII.dir/src/ex_get_num_map.c.o
[ 37%] Building C object ThirdParty/exodusII/vtkexodusII/CMakeFiles/vtkexodusII.dir/src/ex_get_object_truth_vector.c.o
[ 37%] Building C object ThirdParty/exodusII/vtkexodusII/CMakeFiles/vtkexodusII.dir/src/ex_get_one_attr.c.o
[ 37%] Building C object ThirdParty/exodusII/vtkexodusII/CMakeFiles/vtkexodusII.dir/src/ex_get_partial_attr.c.o
[ 37%] Building C object ThirdParty/exodusII/vtkexodusII/CMakeFiles/vtkexodusII.dir/src/ex_get_partial_conn.c.o
[ 37%] Building C object ThirdParty/exodusII/vtkexodusII/CMakeFiles/vtkexodusII.dir/src/ex_get_partial_coord.c.o
[ 37%] Building C object ThirdParty/exodusII/vtkexodusII/CMakeFiles/vtkexodusII.dir/src/ex_get_partial_coord_component.c.o
[ 37%] Building C object ThirdParty/exodusII/vtkexodusII/CMakeFiles/vtkexodusII.dir/src/ex_get_partial_id_map.c.o
[ 37%] Building C object ThirdParty/exodusII/vtkexodusII/CMakeFiles/vtkexodusII.dir/src/ex_get_partial_nodal_var_int.c.o
[ 37%] Building C object ThirdParty/exodusII/vtkexodusII/CMakeFiles/vtkexodusII.dir/src/ex_get_partial_num_map.c.o
[ 37%] Building C object ThirdParty/exodusII/vtkexodusII/CMakeFiles/vtkexodusII.dir/src/ex_get_partial_one_attr.c.o
[ 37%] Building C object ThirdParty/exodusII/vtkexodusII/CMakeFiles/vtkexodusII.dir/src/ex_get_partial_set.c.o
[ 37%] Building C object ThirdParty/exodusII/vtkexodusII/CMakeFiles/vtkexodusII.dir/src/ex_get_partial_set_dist_fact.c.o
[ 37%] Building C object ThirdParty/exodusII/vtkexodusII/CMakeFiles/vtkexodusII.dir/src/ex_get_partial_var.c.o
[ 37%] Building C object ThirdParty/exodusII/vtkexodusII/CMakeFiles/vtkexodusII.dir/src/ex_get_processor_elem_maps.c.o
[ 37%] Building C object ThirdParty/exodusII/vtkexodusII/CMakeFiles/vtkexodusII.dir/src/ex_get_processor_node_maps.c.o
[ 37%] Building C object ThirdParty/exodusII/vtkexodusII/CMakeFiles/vtkexodusII.dir/src/ex_get_prop.c.o
[ 37%] Building C object ThirdParty/exodusII/vtkexodusII/CMakeFiles/vtkexodusII.dir/src/ex_get_prop_array.c.o
[ 38%] Building C object ThirdParty/exodusII/vtkexodusII/CMakeFiles/vtkexodusII.dir/src/ex_get_prop_names.c.o
[ 38%] Building C object ThirdParty/exodusII/vtkexodusII/CMakeFiles/vtkexodusII.dir/src/ex_get_qa.c.o
[ 38%] Building C object ThirdParty/exodusII/vtkexodusII/CMakeFiles/vtkexodusII.dir/src/ex_get_set.c.o
[ 38%] Building C object ThirdParty/exodusII/vtkexodusII/CMakeFiles/vtkexodusII.dir/src/ex_get_set_dist_fact.c.o
[ 38%] Building C object ThirdParty/exodusII/vtkexodusII/CMakeFiles/vtkexodusII.dir/src/ex_get_set_param.c.o
[ 38%] Building C object ThirdParty/exodusII/vtkexodusII/CMakeFiles/vtkexodusII.dir/src/ex_get_sets.c.o
[ 38%] Building C object ThirdParty/exodusII/vtkexodusII/CMakeFiles/vtkexodusII.dir/src/ex_get_side_set_node_count.c.o
[ 38%] Building C object ThirdParty/exodusII/vtkexodusII/CMakeFiles/vtkexodusII.dir/src/ex_get_side_set_node_list.c.o
[ 38%] Building C object ThirdParty/exodusII/vtkexodusII/CMakeFiles/vtkexodusII.dir/src/ex_get_side_set_node_list_len.c.o
[ 38%] Building C object ThirdParty/exodusII/vtkexodusII/CMakeFiles/vtkexodusII.dir/src/ex_get_ss_param_global.c.o
[ 38%] Building C object ThirdParty/exodusII/vtkexodusII/CMakeFiles/vtkexodusII.dir/src/ex_get_time.c.o
[ 38%] Building C object ThirdParty/exodusII/vtkexodusII/CMakeFiles/vtkexodusII.dir/src/ex_get_truth_table.c.o
[ 38%] Building C object ThirdParty/exodusII/vtkexodusII/CMakeFiles/vtkexodusII.dir/src/ex_get_var.c.o
[ 38%] Building C object ThirdParty/exodusII/vtkexodusII/CMakeFiles/vtkexodusII.dir/src/ex_get_var_time.c.o
[ 38%] Building C object ThirdParty/exodusII/vtkexodusII/CMakeFiles/vtkexodusII.dir/src/ex_get_variable_name.c.o
[ 38%] Building C object ThirdParty/exodusII/vtkexodusII/CMakeFiles/vtkexodusII.dir/src/ex_get_variable_names.c.o
[ 38%] Building C object ThirdParty/exodusII/vtkexodusII/CMakeFiles/vtkexodusII.dir/src/ex_get_variable_param.c.o
[ 38%] Building C object ThirdParty/exodusII/vtkexodusII/CMakeFiles/vtkexodusII.dir/src/ex_inquire.c.o
[ 38%] Building C object ThirdParty/exodusII/vtkexodusII/CMakeFiles/vtkexodusII.dir/src/ex_int_get_block_param.c.o
[ 38%] Building C object ThirdParty/exodusII/vtkexodusII/CMakeFiles/vtkexodusII.dir/src/ex_ne_util.c.o
[ 38%] Building C object ThirdParty/exodusII/vtkexodusII/CMakeFiles/vtkexodusII.dir/src/ex_open.c.o
[ 38%] Building C object ThirdParty/exodusII/vtkexodusII/CMakeFiles/vtkexodusII.dir/src/ex_open_par.c.o
[ 38%] Building C object ThirdParty/exodusII/vtkexodusII/CMakeFiles/vtkexodusII.dir/src/ex_opts.c.o
[ 38%] Building C object ThirdParty/exodusII/vtkexodusII/CMakeFiles/vtkexodusII.dir/src/ex_put_all_var_param.c.o
[ 38%] Building C object ThirdParty/exodusII/vtkexodusII/CMakeFiles/vtkexodusII.dir/src/ex_put_all_var_param_ext.c.o
[ 38%] Building C object ThirdParty/exodusII/vtkexodusII/CMakeFiles/vtkexodusII.dir/src/ex_put_attr.c.o
[ 38%] Building C object ThirdParty/exodusII/vtkexodusII/CMakeFiles/vtkexodusII.dir/src/ex_put_attr_names.c.o
[ 38%] Building C object ThirdParty/exodusII/vtkexodusII/CMakeFiles/vtkexodusII.dir/src/ex_put_attr_param.c.o
[ 38%] Building C object ThirdParty/exodusII/vtkexodusII/CMakeFiles/vtkexodusII.dir/src/ex_put_block.c.o
[ 38%] Building C object ThirdParty/exodusII/vtkexodusII/CMakeFiles/vtkexodusII.dir/src/ex_put_block_param.c.o
[ 38%] Building C object ThirdParty/exodusII/vtkexodusII/CMakeFiles/vtkexodusII.dir/src/ex_put_block_params.c.o
[ 38%] Building C object ThirdParty/exodusII/vtkexodusII/CMakeFiles/vtkexodusII.dir/src/ex_put_cmap_params.c.o
[ 38%] Building C object ThirdParty/exodusII/vtkexodusII/CMakeFiles/vtkexodusII.dir/src/ex_put_cmap_params_cc.c.o
[ 38%] Building C object ThirdParty/exodusII/vtkexodusII/CMakeFiles/vtkexodusII.dir/src/ex_put_concat_all_blocks.c.o
[ 38%] Building C object ThirdParty/exodusII/vtkexodusII/CMakeFiles/vtkexodusII.dir/src/ex_put_concat_elem_block.c.o
[ 38%] Building C object ThirdParty/exodusII/vtkexodusII/CMakeFiles/vtkexodusII.dir/src/ex_put_concat_sets.c.o
[ 39%] Building C object ThirdParty/exodusII/vtkexodusII/CMakeFiles/vtkexodusII.dir/src/ex_put_conn.c.o
[ 39%] Building C object ThirdParty/exodusII/vtkexodusII/CMakeFiles/vtkexodusII.dir/src/ex_put_coord.c.o
[ 39%] Building C object ThirdParty/exodusII/vtkexodusII/CMakeFiles/vtkexodusII.dir/src/ex_put_coord_names.c.o
[ 39%] Building C object ThirdParty/exodusII/vtkexodusII/CMakeFiles/vtkexodusII.dir/src/ex_put_coordinate_frames.c.o
[ 39%] Building C object ThirdParty/exodusII/vtkexodusII/CMakeFiles/vtkexodusII.dir/src/ex_put_eb_info_global.c.o
[ 39%] Building C object ThirdParty/exodusII/vtkexodusII/CMakeFiles/vtkexodusII.dir/src/ex_put_elem_cmap.c.o
[ 39%] Building C object ThirdParty/exodusII/vtkexodusII/CMakeFiles/vtkexodusII.dir/src/ex_put_entity_count_per_polyhedra.c.o
[ 39%] Building C object ThirdParty/exodusII/vtkexodusII/CMakeFiles/vtkexodusII.dir/src/ex_put_id_map.c.o
[ 39%] Building C object ThirdParty/exodusII/vtkexodusII/CMakeFiles/vtkexodusII.dir/src/ex_put_info.c.o
[ 39%] Building C object ThirdParty/exodusII/vtkexodusII/CMakeFiles/vtkexodusII.dir/src/ex_put_init.c.o
[ 39%] Building C object ThirdParty/exodusII/vtkexodusII/CMakeFiles/vtkexodusII.dir/src/ex_put_init_ext.c.o
[ 39%] Building C object ThirdParty/exodusII/vtkexodusII/CMakeFiles/vtkexodusII.dir/src/ex_put_init_global.c.o
[ 39%] Building C object ThirdParty/exodusII/vtkexodusII/CMakeFiles/vtkexodusII.dir/src/ex_put_init_info.c.o
[ 39%] Building C object ThirdParty/exodusII/vtkexodusII/CMakeFiles/vtkexodusII.dir/src/ex_put_loadbal_param.c.o
[ 39%] Building C object ThirdParty/exodusII/vtkexodusII/CMakeFiles/vtkexodusII.dir/src/ex_put_loadbal_param_cc.c.o
[ 39%] Building C object ThirdParty/exodusII/vtkexodusII/CMakeFiles/vtkexodusII.dir/src/ex_put_map.c.o
[ 39%] Building C object ThirdParty/exodusII/vtkexodusII/CMakeFiles/vtkexodusII.dir/src/ex_put_map_param.c.o
[ 39%] Building C object ThirdParty/exodusII/vtkexodusII/CMakeFiles/vtkexodusII.dir/src/ex_put_name.c.o
[ 39%] Building C object ThirdParty/exodusII/vtkexodusII/CMakeFiles/vtkexodusII.dir/src/ex_put_names.c.o
[ 39%] Building C object ThirdParty/exodusII/vtkexodusII/CMakeFiles/vtkexodusII.dir/src/ex_put_nodal_var.c.o
[ 39%] Building C object ThirdParty/exodusII/vtkexodusII/CMakeFiles/vtkexodusII.dir/src/ex_put_nodal_var_int.c.o
[ 39%] Building C object ThirdParty/exodusII/vtkexodusII/CMakeFiles/vtkexodusII.dir/src/ex_put_node_cmap.c.o
[ 39%] Building C object ThirdParty/exodusII/vtkexodusII/CMakeFiles/vtkexodusII.dir/src/ex_put_ns_param_global.c.o
[ 39%] Building C object ThirdParty/exodusII/vtkexodusII/CMakeFiles/vtkexodusII.dir/src/ex_put_num_map.c.o
[ 39%] Building C object ThirdParty/exodusII/vtkexodusII/CMakeFiles/vtkexodusII.dir/src/ex_put_one_attr.c.o
[ 39%] Building C object ThirdParty/exodusII/vtkexodusII/CMakeFiles/vtkexodusII.dir/src/ex_put_partial_attr.c.o
[ 39%] Building C object ThirdParty/exodusII/vtkexodusII/CMakeFiles/vtkexodusII.dir/src/ex_put_partial_conn.c.o
[ 39%] Building C object ThirdParty/exodusII/vtkexodusII/CMakeFiles/vtkexodusII.dir/src/ex_put_partial_coord.c.o
[ 39%] Building C object ThirdParty/exodusII/vtkexodusII/CMakeFiles/vtkexodusII.dir/src/ex_put_partial_coord_component.c.o
[ 39%] Building C object ThirdParty/exodusII/vtkexodusII/CMakeFiles/vtkexodusII.dir/src/ex_put_partial_id_map.c.o
[ 39%] Building C object ThirdParty/exodusII/vtkexodusII/CMakeFiles/vtkexodusII.dir/src/ex_put_partial_nodal_var_int.c.o
[ 39%] Building C object ThirdParty/exodusII/vtkexodusII/CMakeFiles/vtkexodusII.dir/src/ex_put_partial_num_map.c.o
[ 39%] Building C object ThirdParty/exodusII/vtkexodusII/CMakeFiles/vtkexodusII.dir/src/ex_put_partial_one_attr.c.o
[ 39%] Building C object ThirdParty/exodusII/vtkexodusII/CMakeFiles/vtkexodusII.dir/src/ex_put_partial_set.c.o
[ 39%] Building C object ThirdParty/exodusII/vtkexodusII/CMakeFiles/vtkexodusII.dir/src/ex_put_partial_var.c.o
[ 39%] Building C object ThirdParty/exodusII/vtkexodusII/CMakeFiles/vtkexodusII.dir/src/ex_put_partial_set_dist_fact.c.o
[ 40%] Building C object ThirdParty/exodusII/vtkexodusII/CMakeFiles/vtkexodusII.dir/src/ex_put_processor_elem_maps.c.o
[ 40%] Building C object ThirdParty/exodusII/vtkexodusII/CMakeFiles/vtkexodusII.dir/src/ex_put_processor_node_maps.c.o
[ 40%] Building C object ThirdParty/exodusII/vtkexodusII/CMakeFiles/vtkexodusII.dir/src/ex_put_prop.c.o
[ 40%] Building C object ThirdParty/exodusII/vtkexodusII/CMakeFiles/vtkexodusII.dir/src/ex_put_prop_array.c.o
[ 40%] Building C object ThirdParty/exodusII/vtkexodusII/CMakeFiles/vtkexodusII.dir/src/ex_put_prop_names.c.o
[ 40%] Building C object ThirdParty/exodusII/vtkexodusII/CMakeFiles/vtkexodusII.dir/src/ex_put_qa.c.o
[ 40%] Building C object ThirdParty/exodusII/vtkexodusII/CMakeFiles/vtkexodusII.dir/src/ex_put_set.c.o
[ 40%] Building C object ThirdParty/exodusII/vtkexodusII/CMakeFiles/vtkexodusII.dir/src/ex_put_set_dist_fact.c.o
[ 40%] Building C object ThirdParty/exodusII/vtkexodusII/CMakeFiles/vtkexodusII.dir/src/ex_put_set_param.c.o
[ 40%] Building C object ThirdParty/exodusII/vtkexodusII/CMakeFiles/vtkexodusII.dir/src/ex_put_sets.c.o
[ 40%] Building C object ThirdParty/exodusII/vtkexodusII/CMakeFiles/vtkexodusII.dir/src/ex_put_ss_param_global.c.o
[ 40%] Building C object ThirdParty/exodusII/vtkexodusII/CMakeFiles/vtkexodusII.dir/src/ex_put_time.c.o
[ 40%] Building C object ThirdParty/exodusII/vtkexodusII/CMakeFiles/vtkexodusII.dir/src/ex_put_truth_table.c.o
[ 40%] Building C object ThirdParty/exodusII/vtkexodusII/CMakeFiles/vtkexodusII.dir/src/ex_put_var.c.o
[ 40%] Building C object ThirdParty/exodusII/vtkexodusII/CMakeFiles/vtkexodusII.dir/src/ex_put_variable_name.c.o
[ 40%] Building C object ThirdParty/exodusII/vtkexodusII/CMakeFiles/vtkexodusII.dir/src/ex_put_variable_names.c.o
[ 40%] Building C object ThirdParty/exodusII/vtkexodusII/CMakeFiles/vtkexodusII.dir/src/ex_put_variable_param.c.o
[ 40%] Building C object ThirdParty/exodusII/vtkexodusII/CMakeFiles/vtkexodusII.dir/src/ex_threadsafe.c.o
[ 40%] Building C object ThirdParty/exodusII/vtkexodusII/CMakeFiles/vtkexodusII.dir/src/ex_update.c.o
[ 40%] Building C object ThirdParty/exodusII/vtkexodusII/CMakeFiles/vtkexodusII.dir/src/ex_utils.c.o
[ 40%] Linking C shared library ../../../lib/libvtkexodusII-8.2.so
/usr/bin/ld: CMakeFiles/vtkexodusII.dir/src/ex_open_par.c.o:(.rodata+0x0): multiple definition of `exodus_unused_symbol_dummy_1'; CMakeFiles/vtkexodusII.dir/src/ex_create_par.c.o:(.rodata+0x0): first defined here
collect2: error: ld returned 1 exit status
make[2]: *** [ThirdParty/exodusII/vtkexodusII/CMakeFiles/vtkexodusII.dir/build.make:4436: lib/libvtkexodusII-8.2.so.1] Error 1
make[1]: *** [CMakeFiles/Makefile2:5564: ThirdParty/exodusII/vtkexodusII/CMakeFiles/vtkexodusII.dir/all] Error 2
make[1]: *** Waiting for unfinished jobs....
[ 40%] Linking CXX shared library ../../lib/libvtkCommonCore-8.2.so
[ 40%] Built target vtkCommonCore
make: *** [Makefile:136: all] Error 2
FATAL:   While performing build: while running engine: exit status 2
